1791414614.439 604 8.373
1791414614.493 612 7.985
1791414614.548 620 8.013
1791414614.603 628 7.999
1791414614.657 636 8.056
1791414614.712 644 8.118
1791414614.767 652 8.012
1791414614.822 660 7.981
1791414614.876 668 8.155
1791414614.931 676 7.947
1791414614.986 684 7.974
1791414615.040 692 8.046
1791414615.095 700 8.122
1791414615.150 708 8.084
1791414615.204 716 7.973
1791414615.259 724 7.959
1791414615.314 732 7.988
1791414615.369 740 8.029
1791414615.423 748 8.170
1791414615.478 756 8.108
1791414615.533 764 8.066
1791414615.587 772 8.047
1791414615.642 780 8.139
1791414615.697 788 8.121
1791414615.752 796 8.129
1791414615.806 804 8.120
1791414615.861 812 8.035
1791414615.916 820 8.107
1791414615.971 828 8.218
1791414616.025 836 8.071
1791414616.080 844 8.155
1791414616.134 852 8.016
1791414616.189 860 8.006
1791414616.244 868 8.114
1791414616.299 876 8.059
1791414616.353 884 7.987
1791414616.408 892 8.042
1791414616.463 900 8.017
1791414616.517 908 8.052
1791414616.572 916 7.991
1791414616.627 924 8.106
1791414616.681 932 7.985
1791414616.736 940 8.110
1791414616.791 948 8.073
1791414616.846 956 8.070
1791414616.900 964 8.098
1791414616.955 972 8.192
1791414617.010 980 7.907
1791414617.064 988 8.082
1791414617.119 996 8.074
1791414617.174 1004 8.161
1791414617.229 1012 8.087
1791414617.283 1020 8.054
1791414617.338 1028 8.207
1791414617.393 1036 7.984
1791414617.448 1044 8.695
1791414617.502 1052 8.105
1791414617.557 1060 8.073
1791414617.611 1068 8.043
1791414617.666 1076 7.969
1791414617.721 1084 7.920
1791414617.776 1092 8.065
1791414617.830 1100 8.043
1791414617.885 1108 8.099
1791414617.940 1116 7.930
1791414617.994 1124 8.098
1791414618.049 1132 8.137
1791414618.104 1140 8.151
1791414618.158 1148 7.991
1791414618.213 1156 8.122
1791414618.268 1164 8.077
1791414618.323 1172 8.101
1791414618.377 1180 8.081
1791414618.432 1188 8.037
1791414618.487 1196 7.979
1791414618.541 1204 8.056
1791414618.596 1212 8.106
1791414618.651 1220 8.138
1791414618.706 1228 8.157
1791414618.760 1236 8.139
1791414618.815 1244 8.025
1791414618.870 1252 8.038
1791414618.924 1260 8.088
1791414618.979 1268 8.066
1791414619.034 1276 8.212
1791414619.089 1284 8.206
1791414619.143 1292 8.063
1791414619.198 1300 8.139
1791414619.253 1308 8.048
1791414619.307 1316 8.113
1791414619.362 1324 8.030
1791414619.417 1332 8.004
1791414619.471 1340 8.059
1791414619.526 1348 8.098
1791414619.581 1356 8.032
1791414619.636 1364 8.136
1791414619.690 1372 8.023
1791414619.745 1380 8.098
1791414619.800 1388 8.157
1791414619.854 1396 7.997
1791414619.909 1404 8.062
1791414619.964 1412 7.984
1791414620.018 1420 8.021
1791414620.073 1428 8.095
1791414620.128 1436 8.027
1791414620.182 1444 8.060
1791414620.237 1452 8.023
1791414620.292 1460 8.045
1791414620.347 1468 8.025
1791414620.401 1476 8.085
1791414620.456 1484 8.193
1791414620.511 1492 8.013
1791414620.565 1500 8.031
1791414620.620 1508 8.157
1791414620.675 1516 8.129
1791414620.730 1524 8.210
1791414620.784 1532 8.086
1791414620.839 1540 8.155
1791414620.894 1548 8.031
1791414620.948 1556 8.133
1791414621.003 1564 8.188
1791414621.058 1572 8.161
1791414621.112 1580 8.113
1791414621.167 1588 8.026
1791414621.222 1596 8.087
1791414621.277 1604 8.051
1791414621.331 1612 8.116
1791414621.386 1620 7.966
1791414621.441 1628 8.131
1791414621.495 1636 8.031
1791414621.550 1644 8.157
1791414621.605 1652 8.143
1791414621.659 1660 8.082
1791414621.714 1668 8.012
1791414621.769 1676 8.097
1791414621.824 1684 8.066
1791414621.878 1692 8.033
1791414621.933 1700 8.068
1791414621.988 1708 8.063
1791414622.042 1716 8.090
1791414622.097 1724 8.016
1791414622.152 1732 8.138
1791414622.207 1740 8.169
1791414622.261 1748 8.090
1791414622.316 1756 8.205
1791414622.371 1764 8.132
1791414622.425 1772 8.126
1791414622.480 1780 8.129
1791414622.535 1788 8.021
1791414622.589 1796 8.084
1791414622.644 1804 8.035
1791414622.699 1812 8.040
1791414622.754 1820 8.099
1791414622.808 1828 8.052
1791414622.863 1836 8.031
1791414622.918 1844 8.116
1791414622.972 1852 8.003
1791414623.027 1860 8.002
1791414623.082 1868 7.997
1791414623.136 1876 8.043
1791414623.191 1884 8.006
1791414623.246 1892 8.010
1791414623.301 1900 8.043
1791414623.355 1908 8.018
1791414623.410 1916 8.085
1791414623.465 1924 8.159
1791414623.519 1932 8.029
1791414623.574 1940 8.040
1791414623.629 1948 8.003
1791414623.684 1956 8.136
1791414623.738 1964 8.013
1791414623.793 1972 8.119
1791414623.848 1980 8.070
1791414623.902 1988 8.011
1791414623.957 1996 8.034
1791414624.012 2004 8.216
1791414624.066 2012 8.128
1791414624.121 2020 8.087
1791414624.176 2028 8.101
1791414624.231 2036 8.130
1791414624.285 2044 8.013
1791414624.340 2052 7.996
1791414624.394 2060 7.906
1791414624.449 2068 8.041
1791414624.504 2076 8.065
1791414624.559 2084 8.067
1791414624.613 2092 8.001
1791414624.668 2100 8.007
1791414624.723 2108 7.951
1791414624.778 2116 8.139
1791414624.832 2124 7.937
1791414624.887 2132 8.005
1791414624.942 2140 7.966
1791414624.996 2148 8.036
1791414625.051 2156 7.996
1791414625.106 2164 8.020
1791414625.160 2172 7.989
1791414625.215 2180 7.998
1791414625.270 2188 8.016
1791414625.325 2196 8.047
1791414625.379 2204 8.046
1791414625.434 2212 8.012
1791414625.489 2220 8.040
1791414625.543 2228 8.101
1791414625.598 2236 7.993
1791414625.653 2244 7.979
1791414625.708 2252 8.107
1791414625.762 2260 8.110
1791414625.817 2268 8.138
1791414625.872 2276 8.105
1791414625.926 2284 8.087
1791414625.981 2292 8.102
1791414626.036 2300 7.995
1791414626.091 2308 8.170
1791414626.145 2316 8.136
1791414626.200 2324 8.156
1791414626.255 2332 8.143
1791414626.309 2340 8.137
1791414626.364 2348 7.993
1791414626.419 2356 8.046
1791414626.473 2364 8.050
1791414626.528 2372 8.172
1791414626.583 2380 8.054
1791414626.637 2388 8.073
1791414626.692 2396 8.060
1791414626.747 2404 7.997
1791414626.802 2412 8.070
1791414626.856 2420 7.999
1791414626.911 2428 7.968
1791414626.966 2436 7.993
1791414627.020 2444 8.051
1791414627.075 2452 8.126
1791414627.130 2460 8.103
1791414627.185 2468 8.080
1791414627.239 2476 8.053
1791414627.294 2484 8.080
1791414627.349 2492 8.087
1791414627.403 2500 8.047
1791414627.458 2508 8.041
1791414627.513 2516 8.245
1791414627.567 2524 8.084
1791414627.622 2532 8.017
1791414627.677 2540 8.089
1791414627.731 2548 8.009
1791414627.786 2556 8.135
1791414627.841 2564 8.068
1791414627.896 2572 8.048
1791414627.950 2580 8.051
1791414628.005 2588 7.992
1791414628.060 2596 7.959
1791414628.114 2604 8.089
1791414628.169 2612 8.078
1791414628.224 2620 8.088
1791414628.279 2628 8.075
1791414628.333 2636 8.097
1791414628.388 2644 8.020
1791414628.443 2652 8.042
1791414628.497 2660 8.079
1791414628.552 2668 8.057
1791414628.607 2676 8.099
1791414628.662 2684 8.148
1791414628.716 2692 7.967
1791414628.771 2700 8.100
1791414628.826 2708 8.148
1791414628.881 2716 8.446
1791414628.935 2724 8.127
1791414628.990 2732 8.181
1791414629.044 2740 8.159
1791414629.099 2748 8.116
1791414629.154 2756 8.135
1791414629.209 2764 8.172
1791414629.263 2772 7.995
1791414629.318 2780 8.189
1791414629.373 2788 8.115
1791414629.427 2796 8.144
1791414629.482 2804 8.201
1791414629.537 2812 8.146
1791414629.592 2820 8.145
1791414629.646 2828 8.036
1791414629.701 2836 8.105
1791414629.756 2844 8.090
1791414629.810 2852 8.043
1791414629.865 2860 8.187
1791414629.920 2868 8.030
1791414629.974 2876 8.039
1791414630.029 2884 8.106
1791414630.084 2892 8.029
1791414630.138 2900 8.060
1791414630.193 2908 8.035
1791414630.248 2916 8.024
1791414630.303 2924 8.041
1791414630.330 2932 5.157
1791414630.358 2940 5.230
1791414630.385 2948 5.081
1791414630.412 2956 5.266
1791414630.440 2964 5.498
1791414630.467 2972 5.086
1791414630.494 2980 5.188
1791414630.522 2988 5.320
1791414630.549 2996 5.202
1791414630.576 3004 5.084
1791414630.604 3012 5.183
1791414630.631 3020 5.106
1791414630.659 3028 5.112
1791414630.686 3036 5.176
1791414630.713 3044 5.305
1791414630.741 3052 5.538
1791414630.768 3060 5.344
1791414630.795 3068 5.076
1791414630.823 3076 5.265
1791414630.850 3084 5.078
1791414630.877 3092 5.067
1791414630.905 3100 5.127
1791414630.932 3108 5.183
1791414630.959 3116 5.067
1791414630.987 3124 5.145
1791414631.014 3132 5.134
1791414631.042 3140 5.291
1791414631.069 3148 5.502
1791414631.096 3156 5.164
1791414631.124 3164 5.253
1791414631.151 3172 5.153
1791414631.178 3180 5.088
1791414631.206 3188 5.182
1791414631.233 3196 5.158
1791414631.260 3204 5.126
1791414631.288 3212 5.211
1791414631.315 3220 5.137
1791414631.342 3228 5.057
1791414631.370 3236 5.306
1791414631.397 3244 5.242
1791414631.424 3252 5.218
1791414631.452 3260 5.238
1791414631.479 3268 5.172
1791414631.506 3276 5.147
1791414631.534 3284 5.209
1791414631.561 3292 5.200
1791414631.589 3300 5.216
1791414631.616 3308 5.154
1791414631.643 3316 5.109
1791414631.671 3324 5.234
1791414631.698 3332 5.219
1791414631.725 3340 5.295
1791414631.753 3348 5.194
1791414631.780 3356 5.296
1791414631.807 3364 5.115
1791414631.835 3372 5.128
1791414631.862 3380 5.131
1791414631.889 3388 5.111
1791414631.917 3396 5.143
1791414631.944 3404 5.131
1791414631.971 3412 5.208
1791414631.999 3420 5.061
1791414632.026 3428 5.069
1791414632.053 3436 5.106
1791414632.081 3444 5.118
1791414632.108 3452 5.265
1791414632.136 3460 5.660
1791414632.163 3468 5.375
1791414632.190 3476 5.172
1791414632.218 3484 5.297
1791414632.245 3492 5.225
1791414632.272 3500 5.240
1791414632.300 3508 5.264
1791414632.327 3516 5.387
1791414632.354 3524 5.147
1791414632.382 3532 5.063
1791414632.409 3540 5.102
1791414632.436 3548 5.117
1791414632.464 3556 5.195
1791414632.491 3564 5.301
1791414632.520 3572 6.285
1791414632.546 3580 5.064
1791414632.573 3588 5.083
1791414632.601 3596 5.172
1791414632.628 3604 5.242
1791414632.655 3612 5.289
1791414632.683 3620 5.220
1791414632.710 3628 5.191
1791414632.737 3636 5.182
1791414632.765 3644 5.133
1791414632.792 3652 5.104
1791414632.819 3660 5.076
1791414632.847 3668 5.201
1791414632.874 3676 5.238
1791414632.901 3684 5.089
1791414632.929 3692 5.214
1791414632.956 3700 5.207
1791414632.983 3708 5.139
1791414633.011 3716 5.049
1791414633.038 3724 5.160
1791414633.065 3732 5.143
1791414633.093 3740 5.161
1791414633.120 3748 5.156
1791414633.148 3756 5.776
1791414633.175 3764 5.186
1791414633.202 3772 5.197
1791414633.230 3780 5.193
1791414633.257 3788 5.131
1791414633.284 3796 5.115
1791414633.312 3804 5.151
1791414633.339 3812 5.146
1791414633.366 3820 5.074
1791414633.394 3828 5.186
1791414633.421 3836 5.112
1791414633.448 3844 5.135
1791414633.476 3852 5.163
1791414633.503 3860 5.215
1791414633.530 3868 5.150
1791414633.558 3876 5.172
1791414633.585 3884 5.296
1791414633.613 3892 5.170
1791414633.640 3900 5.105
1791414633.667 3908 5.176
1791414633.695 3916 5.147
1791414633.722 3924 5.115
1791414633.749 3932 5.054
1791414633.777 3940 5.165
1791414633.804 3948 5.091
1791414633.831 3956 5.106
1791414633.859 3964 5.203
1791414633.886 3972 5.192
1791414633.913 3980 5.105
1791414633.941 3988 5.125
1791414633.968 3996 5.068
1791414633.996 4004 5.485
1791414634.023 4012 5.247
1791414634.050 4020 5.133
1791414634.078 4028 5.235
1791414634.105 4036 5.005
1791414634.132 4044 5.212
1791414634.160 4052 5.178
1791414634.187 4060 5.220
1791414634.214 4068 5.374
1791414634.242 4076 5.603
1791414634.269 4084 5.113
1791414634.296 4092 5.098
1791414634.324 4100 5.592
1791414634.351 4108 5.212
1791414634.379 4116 5.822
1791414634.406 4124 5.282
1791414634.434 4132 5.690
1791414634.460 4140 5.150
1791414634.488 4148 5.080
1791414634.515 4156 5.159
1791414634.543 4164 5.413
1791414634.570 4172 5.161
1791414634.597 4180 5.157
1791414634.624 4188 5.150
1791414634.652 4196 5.095
1791414634.680 4204 5.646
1791414634.706 4212 5.017
1791414634.734 4220 5.078
1791414634.761 4228 5.259
1791414634.790 4236 6.620
1791414634.819 4244 8.533
1791414634.847 4252 8.629
1791414634.874 4260 8.552
1791414634.901 4268 8.398
1791414634.929 4276 8.549
1791414634.956 4284 8.675
1791414634.984 4292 8.863
1791414635.011 4300 8.615
1791414635.038 4308 8.647
1791414635.066 4316 8.666
1791414635.093 4324 8.647
1791414635.120 4332 8.695
1791414635.148 4340 8.583
1791414635.175 4348 8.573
1791414635.202 4356 8.662
1791414635.230 4364 9.059
1791414635.257 4372 8.597
1791414635.284 4380 8.486
1791414635.312 4388 8.501
1791414635.339 4396 8.618
1791414635.367 4404 8.822
1791414635.394 4412 8.636
1791414635.421 4420 8.580
1791414635.449 4428 8.576
1791414635.476 4436 8.717
1791414635.503 4444 8.718
1791414635.531 4452 8.645
1791414635.558 4460 8.381
1791414635.585 4468 8.478
1791414635.613 4476 8.584
1791414635.640 4484 8.456
1791414635.667 4492 8.444
1791414635.695 4500 8.551
1791414635.722 4508 8.502
1791414635.749 4516 8.478
1791414635.777 4524 8.496
1791414635.804 4532 8.515
1791414635.831 4540 8.513
1791414635.859 4548 8.850
1791414635.886 4556 8.562
1791414635.913 4564 8.590
1791414635.941 4572 8.563
1791414635.968 4580 8.562
1791414635.996 4588 8.642
1791414636.023 4596 8.526
1791414636.050 4604 8.656
1791414636.078 4612 9.142
1791414636.105 4620 8.658
1791414636.132 4628 8.502
1791414636.160 4636 8.591
1791414636.187 4644 8.553
1791414636.214 4652 8.607
1791414636.242 4660 8.532
1791414636.269 4668 8.704
1791414636.296 4676 8.423
1791414636.324 4684 8.395
1791414636.351 4692 8.469
1791414636.378 4700 8.448
1791414636.406 4708 8.429
1791414636.433 4716 8.614
1791414636.460 4724 8.564
1791414636.488 4732 8.521
1791414636.515 4740 8.770
1791414636.543 4748 8.796
1791414636.570 4756 8.813
1791414636.597 4764 8.663
1791414636.625 4772 8.555
1791414636.652 4780 8.627
1791414636.679 4788 8.615
1791414636.707 4796 8.805
1791414636.730 4804 5.076
1791414636.758 4812 5.191
1791414636.785 4820 5.043
1791414636.813 4828 5.127
1791414636.840 4836 5.336
1791414636.874 4844 8.821
1791414636.895 4852 5.135
1791414636.922 4860 5.138
1791414636.950 4868 5.239
1791414636.977 4876 5.160
1791414637.004 4884 5.324
1791414637.031 4892 5.094
1791414637.059 4900 5.082
1791414637.086 4908 5.051
1791414637.114 4916 5.433
1791414637.141 4924 5.233
1791414637.168 4932 5.140
1791414637.196 4940 5.180
1791414637.223 4948 5.203
1791414637.250 4956 5.122
1791414637.280 4964 7.525
1791414637.305 4972 5.219
1791414637.332 4980 5.204
1791414637.360 4988 5.141
1791414637.387 4996 5.178
1791414637.414 5004 5.115
1791414637.442 5012 5.102
1791414637.469 5020 5.190
1791414637.496 5028 5.169
1791414637.524 5036 5.109
1791414637.551 5044 5.076
1791414637.578 5052 5.160
1791414637.606 5060 5.114
1791414637.634 5068 5.984
1791414637.661 5076 5.110
1791414637.688 5084 5.183
1791414637.715 5092 5.294
1791414637.743 5100 5.473
1791414637.770 5108 5.173
1791414637.797 5116 5.147
1791414637.825 5124 5.838
1791414637.852 5132 5.195
1791414637.879 5140 5.244
1791414637.907 5148 5.304
1791414637.934 5156 5.165
1791414637.961 5164 5.088
1791414637.989 5172 5.077
1791414638.016 5180 5.082
1791414638.043 5188 5.228
1791414638.071 5196 5.220
1791414638.098 5204 5.202
1791414638.126 5212 5.128
1791414638.153 5220 5.312
1791414638.180 5228 5.185
1791414638.208 5236 5.199
1791414638.235 5244 5.146
1791414638.262 5252 5.308
1791414638.290 5260 5.273
1791414638.317 5268 5.243
1791414638.344 5276 5.184
1791414638.372 5284 5.257
1791414638.399 5292 5.110
1791414638.426 5300 5.202
1791414638.454 5308 5.220
1791414638.481 5316 5.343
1791414638.508 5324 5.183
1791414638.536 5332 5.296
1791414638.567 5340 8.730
1791414638.589 5348 3.136
1791414638.618 5356 5.230
1791414638.645 5364 5.072
1791414638.673 5372 5.170
1791414638.700 5380 5.191
1791414638.728 5388 6.015
1791414638.755 5396 5.283
1791414638.782 5404 5.424
1791414638.809 5412 5.236
1791414638.837 5420 5.199
1791414638.864 5428 5.209
1791414638.891 5436 5.216
1791414638.919 5444 5.123
1791414638.946 5452 5.440
1791414638.974 5460 5.326
1791414639.001 5468 5.154
1791414639.028 5476 5.254
1791414639.056 5484 5.296
1791414639.083 5492 5.184
1791414639.110 5500 5.241
1791414639.138 5508 5.301
1791414639.165 5516 5.198
1791414639.192 5524 5.101
1791414639.220 5532 5.208
1791414639.247 5540 5.353
1791414639.275 5548 5.954
1791414639.302 5556 5.231
1791414639.329 5564 5.179
1791414639.356 5572 5.331
1791414639.384 5580 5.166
1791414639.411 5588 5.055
1791414639.438 5596 5.188
1791414639.466 5604 5.151
1791414639.493 5612 5.209
1791414639.520 5620 5.042
1791414639.548 5628 5.101
1791414639.575 5636 5.072
1791414639.602 5644 5.128
1791414639.630 5652 5.096
1791414639.657 5660 5.296
1791414639.685 5668 5.217
1791414639.712 5676 5.163
1791414639.739 5684 5.211
1791414639.767 5692 5.065
1791414639.794 5700 5.183
1791414639.821 5708 5.211
1791414639.849 5716 5.235
1791414639.876 5724 5.133
1791414639.903 5732 5.185
1791414639.931 5740 5.100
1791414639.958 5748 5.333
1791414639.985 5756 5.148
1791414640.013 5764 5.046
1791414640.040 5772 5.098
1791414640.068 5780 5.818
1791414640.095 5788 5.042
1791414640.123 5796 6.032
1791414640.149 5804 5.096
1791414640.177 5812 5.313
1791414640.204 5820 5.185
1791414640.232 5828 5.111
1791414640.259 5836 5.179
1791414640.286 5844 5.023
1791414640.314 5852 5.279
1791414640.341 5860 5.202
1791414640.368 5868 5.214
1791414640.396 5876 5.463
1791414640.423 5884 5.122
1791414640.450 5892 5.164
1791414640.478 5900 5.244
1791414640.505 5908 5.218
1791414640.532 5916 5.136
1791414640.560 5924 5.058
1791414640.587 5932 5.068
1791414640.614 5940 5.077
1791414640.642 5948 5.168
1791414640.669 5956 5.162
1791414640.697 5964 5.305
1791414640.724 5972 5.229
1791414640.751 5980 5.271
1791414640.779 5988 5.263
1791414640.806 5996 5.112
1791414640.833 6004 5.211
1791414640.861 6012 5.187
1791414640.888 6020 5.254
1791414640.915 6028 5.240
1791414640.943 6036 5.105
1791414640.970 6044 5.138
1791414640.997 6052 5.143
1791414641.025 6060 5.196
1791414641.052 6068 5.072
1791414641.079 6076 5.178
1791414641.107 6084 5.176
1791414641.134 6092 5.201
1791414641.162 6100 5.212
1791414641.189 6108 5.038
1791414641.216 6116 5.333
1791414641.244 6124 5.248
1791414641.271 6132 5.216
1791414641.298 6140 5.306
1791414641.326 6148 5.114
1791414641.353 6156 5.100
1791414641.380 6164 5.155
1791414641.408 6172 5.138
1791414641.435 6180 5.245
1791414641.463 6188 5.270
1791414641.490 6196 5.271
1791414641.520 6204 7.888
1791414641.548 6212 8.767
1791414641.575 6220 8.581
1791414641.603 6228 8.460
1791414641.630 6236 8.575
1791414641.657 6244 8.639
1791414641.685 6252 8.540
1791414641.712 6260 8.395
1791414641.739 6268 8.594
1791414641.767 6276 8.987
1791414641.794 6284 8.548
1791414641.821 6292 8.714
1791414641.849 6300 8.682
1791414641.876 6308 8.458
1791414641.904 6316 8.673
1791414641.931 6324 8.460
1791414641.958 6332 8.536
1791414641.986 6340 8.640
1791414642.013 6348 8.584
1791414642.040 6356 8.605
1791414642.068 6364 8.634
1791414642.095 6372 8.775
1791414642.122 6380 8.662
1791414642.150 6388 8.734
1791414642.177 6396 8.655
1791414642.204 6404 8.694
1791414642.232 6412 8.579
1791414642.259 6420 8.602
1791414642.286 6428 8.652
1791414642.314 6436 8.653
1791414642.341 6444 8.614
1791414642.368 6452 8.635
1791414642.396 6460 8.502
1791414642.423 6468 8.700
1791414642.451 6476 8.688
1791414642.478 6484 8.646
1791414642.505 6492 8.636
1791414642.532 6500 8.448
1791414642.560 6508 8.580
1791414642.587 6516 8.679
1791414642.615 6524 8.627
1791414642.642 6532 8.595
1791414642.669 6540 8.531
1791414642.697 6548 8.544
1791414642.724 6556 8.401
1791414642.751 6564 8.555
1791414642.779 6572 8.556
1791414642.806 6580 8.640
1791414642.834 6588 8.822
1791414642.861 6596 8.534
1791414642.888 6604 8.519
1791414642.915 6612 8.505
1791414642.943 6620 8.629
1791414642.970 6628 8.702
1791414642.997 6636 8.513
1791414643.025 6644 8.597
1791414643.052 6652 8.624
1791414643.080 6660 8.655
1791414643.107 6668 8.660
1791414643.134 6676 8.573
1791414643.162 6684 8.559
1791414643.189 6692 8.707
1791414643.217 6700 8.790
1791414643.244 6708 8.713
1791414643.271 6716 8.767
1791414643.298 6724 8.704
1791414643.326 6732 8.435
1791414643.353 6740 8.382
1791414643.380 6748 8.647
1791414643.408 6756 8.521
1791414643.435 6764 8.656
1791414643.462 6772 8.522
1791414643.490 6780 8.437
1791414643.517 6788 8.579
1791414643.545 6796 8.593
1791414643.572 6804 8.533
1791414643.599 6812 8.671
1791414643.627 6820 8.616
1791414643.654 6828 8.691
1791414643.681 6836 8.625
1791414643.709 6844 8.545
1791414643.736 6852 8.591
1791414643.764 6860 8.814
1791414643.791 6868 8.913
1791414643.818 6876 8.609
1791414643.845 6884 8.614
1791414643.873 6892 8.685
1791414643.900 6900 8.624
1791414643.928 6908 9.252
1791414643.955 6916 8.577
1791414643.982 6924 8.606
1791414644.010 6932 8.610
1791414644.037 6940 8.434
1791414644.064 6948 8.703
1791414644.092 6956 8.678
1791414644.119 6964 8.650
1791414644.146 6972 8.605
1791414644.174 6980 8.688
1791414644.201 6988 8.560
1791414644.228 6996 8.505
1791414644.256 7004 8.517
1791414644.283 7012 8.600
1791414644.310 7020 8.459
1791414644.338 7028 8.689
1791414644.365 7036 8.593
1791414644.392 7044 8.532
1791414644.420 7052 8.594
1791414644.447 7060 8.863
1791414644.475 7068 9.124
1791414644.502 7076 8.619
1791414644.529 7084 8.724
1791414644.557 7092 8.747
1791414644.584 7100 8.480
1791414644.611 7108 8.406
1791414644.639 7116 8.544
1791414644.666 7124 8.482
1791414644.694 7132 9.247
1791414644.721 7140 8.684
1791414644.748 7148 8.562
1791414644.775 7156 8.369
1791414644.803 7164 8.613
1791414644.830 7172 8.489
1791414644.857 7180 8.561
1791414644.885 7188 8.473
1791414644.912 7196 8.435
1791414644.940 7204 8.600
1791414644.967 7212 8.533
1791414644.994 7220 8.620
1791414645.022 7228 8.586
1791414645.049 7236 8.502
1791414645.077 7244 9.379
1791414645.104 7252 9.138
1791414645.131 7260 8.596
1791414645.158 7268 8.657
1791414645.186 7276 8.430
1791414645.213 7284 8.453
1791414645.240 7292 8.559
1791414645.268 7300 8.568
1791414645.295 7308 8.801
1791414645.322 7316 8.536
1791414645.350 7324 8.642
1791414645.377 7332 8.293
1791414645.404 7340 8.542
1791414645.432 7348 8.414
1791414645.459 7356 8.507
1791414645.487 7364 8.901
1791414645.514 7372 8.596
1791414645.541 7380 8.512
1791414645.569 7388 8.521
1791414645.596 7396 8.568
1791414645.623 7404 8.781
1791414645.651 7412 8.470
1791414645.678 7420 8.608
1791414645.706 7428 9.337
1791414645.733 7436 8.555
1791414645.760 7444 8.594
1791414645.787 7452 8.410
1791414645.815 7460 8.974
1791414645.842 7468 8.541
1791414645.870 7476 8.866
1791414645.897 7484 8.663
1791414645.924 7492 8.925
1791414645.952 7500 8.801
1791414645.979 7508 8.783
1791414646.006 7516 8.842
1791414646.034 7524 8.661
1791414646.061 7532 8.683
1791414646.089 7540 9.471
1791414646.116 7548 8.923
1791414646.143 7556 8.823
1791414646.170 7564 8.667
1791414646.198 7572 8.538
1791414646.225 7580 8.627
1791414646.253 7588 8.711
1791414646.280 7596 8.625
1791414646.307 7604 8.564
1791414646.334 7612 8.478
1791414646.362 7620 8.602
1791414646.389 7628 8.588
1791414646.416 7636 8.488
1791414646.444 7644 8.550
1791414646.471 7652 8.544
1791414646.499 7660 8.571
1791414646.526 7668 8.462
1791414646.553 7676 8.492
1791414646.581 7684 8.529
1791414646.608 7692 8.560
1791414646.635 7700 8.689
1791414646.663 7708 8.557
1791414646.690 7716 8.553
1791414646.717 7724 8.434
1791414646.745 7732 8.791
1791414646.772 7740 8.511
1791414646.799 7748 8.492
1791414646.827 7756 8.467
1791414646.854 7764 8.541
1791414646.881 7772 8.559
1791414646.909 7780 8.361
1791414646.936 7788 8.647
1791414646.963 7796 8.530
1791414646.991 7804 8.650
1791414647.018 7812 8.520
1791414647.046 7820 8.641
1791414647.073 7828 8.616
1791414647.100 7836 8.679
1791414647.128 7844 8.529
1791414647.155 7852 8.493
1791414647.182 7860 8.595
1791414647.210 7868 8.576
1791414647.237 7876 8.612
1791414647.264 7884 8.484
1791414647.294 7892 10.877
1791414647.319 7900 8.621
1791414647.347 7908 8.750
1791414647.374 7916 8.543
1791414647.401 7924 8.609
1791414647.429 7932 8.604
1791414647.456 7940 8.615
1791414647.483 7948 8.543
1791414647.511 7956 8.807
1791414647.538 7964 8.394
1791414647.565 7972 8.551
1791414647.593 7980 8.633
1791414647.620 7988 8.473
1791414647.647 7996 8.636
1791414647.675 8004 8.547
1791414647.702 8012 8.399
1791414647.729 8020 8.462
1791414647.757 8028 8.477
1791414647.784 8036 8.613
1791414647.811 8044 8.514
1791414647.839 8052 8.642
1791414647.866 8060 8.535
1791414647.894 8068 9.180
1791414647.921 8076 8.564
1791414647.948 8084 8.608
1791414647.975 8092 8.503
1791414648.003 8100 8.626
1791414648.030 8108 8.765
1791414648.058 8116 8.608
1791414648.085 8124 8.722
1791414648.112 8132 8.584
1791414648.140 8140 8.604
1791414648.167 8148 8.756
1791414648.194 8156 8.551
1791414648.222 8164 8.568
1791414648.249 8172 8.715
1791414648.276 8180 8.728
1791414648.304 8188 8.604
1791414648.331 8196 8.545
1791414648.358 8204 8.516
1791414648.386 8212 8.646
1791414648.413 8220 8.585
1791414648.440 8228 8.416
1791414648.468 8236 8.484
1791414648.496 8244 9.219
1791414648.523 8252 8.556
1791414648.550 8260 8.592
1791414648.577 8268 8.539
1791414648.605 8276 8.696
1791414648.632 8284 8.774
1791414648.659 8292 8.633
1791414648.687 8300 8.542
1791414648.714 8308 8.619
1791414648.741 8316 8.434
1791414648.769 8324 8.514
1791414648.796 8332 8.492
1791414648.823 8340 8.511
1791414648.851 8348 8.683
1791414648.878 8356 8.514
1791414648.905 8364 8.436
1791414648.933 8372 8.439
1791414648.960 8380 8.569
1791414648.988 8388 8.593
1791414649.015 8396 8.533
1791414649.042 8404 8.563
1791414649.070 8412 8.705
1791414649.097 8420 8.358
1791414649.126 8428 10.370
1791414649.152 8436 8.620
1791414649.179 8444 8.398
1791414649.206 8452 8.666
1791414649.234 8460 8.682
1791414649.261 8468 8.652
1791414649.288 8476 8.487
1791414649.316 8484 8.745
1791414649.343 8492 8.475
1791414649.370 8500 8.633
1791414649.398 8508 8.573
1791414649.425 8516 8.498
1791414649.452 8524 8.466
1791414649.480 8532 8.356
1791414649.507 8540 8.559
1791414649.534 8548 8.534
1791414649.562 8556 8.619
1791414649.589 8564 8.406
1791414649.617 8572 8.594
1791414649.644 8580 8.592
1791414649.671 8588 8.383
1791414649.699 8596 8.541
1791414649.726 8604 8.669
1791414649.753 8612 8.631
1791414649.781 8620 8.457
1791414649.809 8628 9.525
1791414649.835 8636 8.573
1791414649.863 8644 8.613
1791414649.890 8652 8.487
1791414649.918 8660 8.576
1791414649.945 8668 8.442
1791414649.972 8676 8.522
1791414650.000 8684 8.556
1791414650.027 8692 8.670
1791414650.054 8700 8.555
1791414650.082 8708 8.647
1791414650.109 8716 8.627
1791414650.136 8724 8.568
1791414650.164 8732 8.619
1791414650.191 8740 8.531
1791414650.218 8748 8.553
1791414650.246 8756 8.460
1791414650.273 8764 8.584
1791414650.300 8772 8.521
1791414650.320 8780 6.606
1791414650.340 8788 8.565
1791414650.354 8796 4.210
1791414650.375 8804 6.445
1791414650.395 8812 8.464
1791414650.409 8820 4.682
1791414650.429 8828 6.444
1791414650.450 8836 8.485
1791414650.464 8844 4.263
1791414650.486 8852 8.586
1791414650.504 8860 8.387
1791414650.519 8868 4.560
1791414650.541 8876 8.212
1791414650.555 8884 4.143
1791414650.575 8892 6.534
1791414650.595 8900 8.527
1791414650.609 8908 4.191
1791414650.630 8916 6.394
1791414650.650 8924 8.465
1791414650.664 8932 4.244
1791414650.685 8940 6.487
1791414650.705 8948 8.445
1791414650.719 8956 4.166
1791414650.739 8964 6.469
1791414650.760 8972 8.340
1791414650.773 8980 4.229
1791414650.794 8988 6.568
1791414650.814 8996 8.491
1791414650.828 9004 4.266
1791414650.849 9012 6.553
1791414650.869 9020 8.402
1791414650.883 9028 4.320
1791414650.904 9036 6.622
1791414650.924 9044 9.026
1791414650.938 9052 4.260
1791414650.960 9060 8.462
1791414650.978 9068 8.424
1791414650.992 9076 4.265
1791414651.015 9084 8.398
1791414651.029 9092 4.177
1791414651.049 9100 6.416
1791414651.070 9108 8.451
1791414651.083 9116 4.123
1791414651.104 9124 6.386
1791414651.124 9132 8.354
1791414651.138 9140 4.379
1791414651.159 9148 6.401
1791414651.179 9156 8.612
1791414651.193 9164 4.115
1791414651.213 9172 6.372
1791414651.234 9180 8.460
1791414651.248 9188 4.253
1791414651.268 9196 6.506
1791414651.288 9204 8.342
1791414651.302 9212 4.122
1791414651.323 9220 6.453
1791414651.343 9228 8.374
1791414651.357 9236 4.174
1791414651.377 9244 6.337
1791414651.398 9252 8.423
1791414651.412 9260 4.299
1791414651.433 9268 6.843
1791414651.453 9276 8.629
1791414651.466 9284 4.238
1791414651.487 9292 6.647
1791414651.507 9300 8.447
1791414651.521 9308 4.172
1791414651.542 9316 6.577
1791414651.562 9324 8.555
1791414651.576 9332 4.103
1791414651.596 9340 6.521
1791414651.617 9348 9.074
1791414651.631 9356 4.471
1791414651.651 9364 6.632
1791414651.671 9372 8.521
1791414651.685 9380 4.085
1791414651.706 9388 6.563
1791414651.726 9396 8.505
1791414651.740 9404 4.313
1791414651.760 9412 6.529
1791414651.781 9420 8.422
1791414651.795 9428 4.167
1791414651.815 9436 6.348
1791414651.835 9444 8.506
1791414651.849 9452 4.372
1791414651.872 9460 8.771
1791414651.890 9468 8.602
1791414651.904 9476 4.164
1791414651.925 9484 6.709
1791414651.945 9492 8.450
1791414651.959 9500 4.168
1791414651.979 9508 6.610
1791414651.999 9516 8.283
1791414652.013 9524 4.193
1791414652.034 9532 6.516
1791414652.054 9540 8.391
1791414652.071 9548 6.641
1791414652.091 9556 8.653
1791414652.106 9564 5.462
1791414652.125 9572 6.444
1791414652.145 9580 8.437
1791414652.159 9588 4.223
1791414652.180 9596 6.453
1791414652.200 9604 8.560
1791414652.214 9612 4.232
1791414652.235 9620 7.014
1791414652.255 9628 8.630
1791414652.269 9636 4.099
1791414652.289 9644 6.353
1791414652.309 9652 8.404
1791414652.323 9660 4.085
1791414652.344 9668 6.533
1791414652.364 9676 8.536
1791414652.378 9684 4.151
1791414652.399 9692 6.360
1791414652.419 9700 8.323
1791414652.433 9708 4.176
1791414652.454 9716 7.299
1791414652.473 9724 8.329
1791414652.487 9732 4.156
1791414652.508 9740 6.514
1791414652.528 9748 8.322
1791414652.542 9756 4.098
1791414652.565 9764 8.681
1791414652.579 9772 4.133
1791414652.599 9780 6.423
1791414652.619 9788 8.460
1791414652.633 9796 4.136
1791414652.654 9804 6.537
1791414652.674 9812 8.340
1791414652.688 9820 4.118
1791414652.709 9828 6.617
1791414652.729 9836 8.494
1791414652.743 9844 4.098
1791414652.765 9852 8.377
1791414652.779 9860 4.067
1791414652.800 9868 6.340
1791414652.820 9876 8.409
1791414652.834 9884 4.245
1791414652.855 9892 6.615
1791414652.875 9900 8.402
1791414652.889 9908 4.120
1791414652.910 9916 7.084
1791414652.929 9924 8.493
1791414652.943 9932 4.136
1791414652.964 9940 6.341
1791414652.984 9948 8.440
1791414652.998 9956 4.244
1791414653.019 9964 6.494
1791414653.039 9972 8.345
1791414653.053 9980 4.153
1791414653.073 9988 6.569
1791414653.094 9996 8.541
1791414653.107 10004 4.187
1791414653.128 10012 6.500
1791414653.148 10020 8.386
1791414653.162 10028 4.214
1791414653.183 10036 6.416
1791414653.203 10044 8.479
1791414653.217 10052 4.222
1791414653.237 10060 6.546
1791414653.258 10068 8.517
1791414653.273 10076 5.314
1791414653.292 10084 6.557
1791414653.312 10092 8.402
1791414653.326 10100 4.091
1791414653.347 10108 6.592
1791414653.367 10116 8.680
1791414653.381 10124 4.304
1791414653.402 10132 6.469
1791414653.422 10140 8.320
1791414653.436 10148 4.079
1791414653.456 10156 6.433
1791414653.476 10164 8.510
1791414653.495 10172 8.637
1791414653.511 10180 6.152
1791414653.531 10188 8.538
1791414653.545 10196 4.524
1791414653.566 10204 6.635
1791414653.586 10212 8.760
1791414653.604 10220 8.494
1791414653.618 10228 4.283
1791414653.639 10236 6.706
1791414653.659 10244 8.498
1791414653.673 10252 4.174
1791414653.693 10260 6.419
1791414653.714 10268 8.621
1791414653.728 10276 4.266
1791414653.748 10284 6.584
1791414653.765 10292 5.513
1791414653.784 10300 6.463
1791414653.805 10308 8.383
1791414653.819 10316 4.173
1791414653.839 10324 6.531
1791414653.859 10332 8.342
1791414653.873 10340 4.249
1791414653.894 10348 6.565
1791414653.914 10356 8.552
1791414653.928 10364 4.263
1791414653.949 10372 6.514
1791414653.969 10380 8.356
1791414653.983 10388 4.205
1791414654.003 10396 6.486
1791414654.024 10404 8.573
1791414654.038 10412 4.336
1791414654.058 10420 6.368
1791414654.078 10428 8.736
1791414654.092 10436 4.180
1791414654.113 10444 6.470
1791414654.133 10452 8.498
1791414654.147 10460 4.548
1791414654.168 10468 6.949
1791414654.188 10476 8.537
1791414654.202 10484 4.318
1791414654.224 10492 8.391
1791414654.238 10500 4.279
1791414654.259 10508 6.403
1791414654.279 10516 8.632
1791414654.293 10524 4.201
1791414654.313 10532 6.507
1791414654.333 10540 8.507
1791414654.348 10548 4.269
1791414654.368 10556 6.690
1791414654.388 10564 8.412
1791414654.402 10572 4.238
1791414654.423 10580 6.437
1791414654.443 10588 8.430
1791414654.457 10596 4.065
1791414654.477 10604 6.305
1791414654.498 10612 8.893
1791414654.511 10620 4.128
1791414654.532 10628 6.582
1791414654.552 10636 8.529
1791414654.566 10644 4.121
1791414654.587 10652 6.505
1791414654.607 10660 8.478
1791414654.621 10668 4.134
1791414654.644 10676 8.956
1791414654.662 10684 8.862
1791414654.677 10692 5.278
1791414654.696 10700 6.534
1791414654.717 10708 8.750
1791414654.730 10716 4.115
1791414654.751 10724 6.389
1791414654.771 10732 8.503
1791414654.785 10740 4.300
1791414654.805 10748 6.362
1791414654.826 10756 8.398
1791414654.840 10764 4.176
1791414654.860 10772 6.361
1791414654.880 10780 8.475
1791414654.894 10788 4.240
1791414654.917 10796 8.541
1791414654.933 10804 5.344
1791414654.953 10812 8.419
1791414654.967 10820 4.156
1791414654.988 10828 6.599
1791414655.008 10836 8.620
1791414655.022 10844 4.210
1791414655.045 10852 8.959
1791414655.063 10860 8.383
1791414655.077 10868 4.122
1791414655.097 10876 6.399
1791414655.118 10884 8.423
1791414655.131 10892 4.108
1791414655.152 10900 6.411
1791414655.172 10908 8.509
1791414655.186 10916 4.333
1791414655.207 10924 6.470
1791414655.227 10932 8.451
1791414655.241 10940 4.171
1791414655.261 10948 6.414
1791414655.282 10956 8.624
1791414655.296 10964 4.393
1791414655.316 10972 6.752
1791414655.336 10980 8.332
1791414655.350 10988 4.130
1791414655.371 10996 6.578
1791414655.391 11004 8.485
1791414655.405 11012 4.282
1791414655.426 11020 6.474
1791414655.446 11028 8.706
1791414655.460 11036 4.427
1791414655.480 11044 6.438
1791414655.500 11052 8.392
1791414655.515 11060 4.911
1791414655.535 11068 6.573
1791414655.555 11076 8.442
1791414655.569 11084 4.288
1791414655.590 11092 6.441
1791414655.610 11100 8.424
1791414655.624 11108 4.381
1791414655.644 11116 6.320
1791414655.665 11124 8.548
1791414655.678 11132 4.146
1791414655.699 11140 6.753
1791414655.719 11148 8.562
1791414655.733 11156 4.366
1791414655.754 11164 6.537
1791414655.774 11172 8.386
1791414655.788 11180 4.353
1791414655.809 11188 6.689
1791414655.825 11196 4.360
1791414655.845 11204 6.469
1791414655.865 11212 8.493
1791414655.879 11220 4.122
1791414655.900 11228 6.424
1791414655.920 11236 8.518
1791414655.934 11244 4.281
1791414655.954 11252 6.437
1791414655.975 11260 8.625
1791414655.989 11268 4.511
1791414656.009 11276 6.522
1791414656.027 11284 6.482
1791414656.047 11292 8.391
1791414656.061 11300 4.120
1791414656.082 11308 6.523
1791414656.102 11316 8.403
1791414656.116 11324 4.103
1791414656.139 11332 8.514
1791414656.152 11340 4.084
1791414656.173 11348 6.576
1791414656.193 11356 8.478
1791414656.207 11364 4.170
1791414656.228 11372 6.756
1791414656.246 11380 6.478
1791414656.266 11388 8.423
1791414656.280 11396 4.197
1791414656.301 11404 6.558
1791414656.321 11412 8.471
1791414656.335 11420 4.334
1791414656.355 11428 6.314
1791414656.376 11436 8.400
1791414656.390 11444 4.286
1791414656.410 11452 6.402
1791414656.430 11460 8.390
1791414656.444 11468 4.270
1791414656.465 11476 6.345
1791414656.486 11484 8.964
1791414656.499 11492 4.318
1791414656.522 11500 8.474
1791414656.536 11508 4.285
1791414656.556 11516 5.779
1791414656.577 11524 9.499
1791414656.590 11532 4.186
1791414656.613 11540 8.459
1791414656.627 11548 4.123
1791414656.647 11556 6.525
1791414656.667 11564 8.490
1791414656.681 11572 4.188
1791414656.702 11580 6.566
1791414656.722 11588 8.452
1791414656.736 11596 4.204
1791414656.757 11604 6.868
1791414656.777 11612 8.485
1791414656.792 11620 5.569
1791414656.811 11628 6.468
1791414656.832 11636 8.723
1791414656.848 11644 6.707
1791414656.866 11652 6.574
1791414656.887 11660 9.277
1791414656.900 11668 4.122
1791414656.921 11676 6.823
1791414656.937 11684 4.148
1791414656.957 11692 6.504
1791414656.977 11700 8.391
1791414656.991 11708 4.118
1791414657.012 11716 6.626
1791414657.032 11724 8.533
1791414657.046 11732 4.151
1791414657.068 11740 7.731
1791414657.083 11748 4.177
1791414657.103 11756 6.500
1791414657.123 11764 8.356
1791414657.137 11772 4.139
1791414657.158 11780 6.638
1791414657.178 11788 8.452
1791414657.192 11796 4.176
1791414657.212 11804 6.443
1791414657.233 11812 8.323
1791414657.247 11820 4.103
1791414657.268 11828 7.415
1791414657.287 11836 8.422
1791414657.301 11844 4.119
1791414657.324 11852 8.691
1791414657.342 11860 8.437
1791414657.356 11868 4.303
1791414657.379 11876 8.872
1791414657.397 11884 8.464
1791414657.411 11892 4.139
1791414657.431 11900 6.437
1791414657.452 11908 8.426
1791414657.465 11916 4.124
1791414657.486 11924 6.444
1791414657.506 11932 8.385
1791414657.520 11940 4.272
1791414657.541 11948 6.357
1791414657.561 11956 8.654
1791414657.575 11964 4.120
1791414657.595 11972 6.350
1791414657.616 11980 8.404
1791414657.630 11988 4.423
1791414657.650 11996 6.398
1791414657.670 12004 8.399
1791414657.684 12012 4.161
1791414657.705 12020 6.631
1791414657.725 12028 8.508
1791414657.739 12036 4.258
1791414657.760 12044 6.466
1791414657.780 12052 8.345
1791414657.794 12060 4.132
1791414657.815 12068 7.385
1791414657.835 12076 8.557
1791414657.848 12084 4.223
1791414657.870 12092 7.968
1791414657.889 12100 8.472
1791414657.903 12108 4.123
1791414657.924 12116 6.350
1791414657.944 12124 8.345
1791414657.958 12132 4.118
1791414657.978 12140 6.415
1791414657.999 12148 8.446
1791414658.013 12156 4.296
1791414658.033 12164 6.613
1791414658.053 12172 8.460
1791414658.067 12180 4.433
1791414658.088 12188 6.560
1791414658.108 12196 8.428
1791414658.123 12204 5.175
1791414658.142 12212 6.250
1791414658.163 12220 8.355
1791414658.177 12228 4.179
1791414658.197 12236 6.615
1791414658.217 12244 8.499
1791414658.231 12252 4.169
1791414658.252 12260 6.716
1791414658.268 12268 4.131
1791414658.291 12276 8.714
1791414658.309 12284 8.470
1791414658.322 12292 4.115
1791414658.343 12300 6.569
1791414658.363 12308 8.381
1791414658.377 12316 4.231
1791414658.398 12324 6.323
1791414658.418 12332 8.373
1791414658.432 12340 4.112
1791414658.453 12348 6.646
1791414658.473 12356 8.459
1791414658.487 12364 4.156
1791414658.508 12372 7.480
1791414658.527 12380 8.355
1791414658.541 12388 4.143
1791414658.562 12396 6.671
1791414658.582 12404 8.482
1791414658.596 12412 4.188
1791414658.617 12420 6.528
1791414658.637 12428 8.537
1791414658.651 12436 4.180
1791414658.671 12444 6.586
1791414658.691 12452 8.385
1791414658.705 12460 4.214
1791414658.728 12468 8.660
1791414658.742 12476 4.234
1791414658.763 12484 6.776
1791414658.783 12492 8.372
1791414658.797 12500 4.155
1791414658.817 12508 6.446
1791414658.833 12516 4.311
1791414658.855 12524 7.559
1791414658.874 12532 8.494
1791414658.888 12540 4.573
1791414658.909 12548 7.280
1791414658.929 12556 8.452
1791414658.942 12564 4.181
1791414658.963 12572 6.608
1791414658.983 12580 8.467
1791414658.997 12588 4.151
1791414659.018 12596 6.677
1791414659.038 12604 8.463
1791414659.052 12612 4.070
1791414659.072 12620 6.423
1791414659.093 12628 8.530
1791414659.106 12636 4.169
1791414659.127 12644 6.386
1791414659.147 12652 8.566
1791414659.161 12660 4.091
1791414659.182 12668 6.357
1791414659.202 12676 8.457
1791414659.216 12684 4.124
1791414659.236 12692 6.341
1791414659.257 12700 8.401
1791414659.271 12708 4.207
1791414659.294 12716 8.835
1791414659.312 12724 9.149
1791414659.326 12732 4.268
1791414659.346 12740 6.426
1791414659.362 12748 4.225
1791414659.382 12756 6.367
1791414659.403 12764 8.591
1791414659.417 12772 4.123
1791414659.437 12780 6.790
1791414659.457 12788 8.341
1791414659.471 12796 4.112
1791414659.494 12804 8.858
1791414659.511 12812 7.571
1791414659.531 12820 9.264
1791414659.544 12828 4.154
1791414659.565 12836 7.035
1791414659.585 12844 8.449
1791414659.601 12852 6.375
1791414659.620 12860 6.905
1791414659.640 12868 8.498
1791414659.654 12876 4.165
1791414659.675 12884 6.873
1791414659.694 12892 8.452
1791414659.708 12900 4.214
1791414659.729 12908 6.428
1791414659.749 12916 8.605
1791414659.763 12924 4.335
1791414659.785 12932 7.860
1791414659.799 12940 4.186
1791414659.820 12948 6.420
1791414659.840 12956 8.469
1791414659.854 12964 4.119
1791414659.875 12972 6.444
1791414659.895 12980 8.514
1791414659.909 12988 4.261
1791414659.930 12996 7.130
1791414659.950 13004 8.394
1791414659.966 13012 6.562
1791414659.986 13020 8.404
1791414660.000 13028 4.109
1791414660.021 13036 6.701
1791414660.041 13044 8.476
1791414660.055 13052 4.192
1791414660.075 13060 6.502
1791414660.096 13068 8.525
1791414660.109 13076 4.158
1791414660.133 13084 8.980
1791414660.150 13092 8.434
1791414660.164 13100 4.222
1791414660.185 13108 6.765
1791414660.205 13116 8.643
1791414660.219 13124 4.148
1791414660.239 13132 6.597
1791414660.260 13140 8.500
1791414660.274 13148 4.194
1791414660.294 13156 6.540
1791414660.315 13164 8.606
1791414660.329 13172 5.025
1791414660.349 13180 6.428
1791414660.369 13188 8.451
1791414660.383 13196 4.322
1791414660.403 13204 6.441
1791414660.424 13212 8.281
1791414660.439 13220 5.228
1791414660.458 13228 6.459
1791414660.478 13236 8.468
1791414660.492 13244 4.135
1791414660.513 13252 6.567
1791414660.533 13260 8.524
1791414660.547 13268 4.303
1791414660.568 13276 6.993
1791414660.588 13284 8.421
1791414660.602 13292 4.117
1791414660.622 13300 6.327
1791414660.643 13308 8.473
1791414660.657 13316 4.208
1791414660.677 13324 6.525
1791414660.697 13332 8.354
1791414660.711 13340 4.180
1791414660.732 13348 6.849
1791414660.752 13356 8.458
1791414660.766 13364 4.178
1791414660.786 13372 6.449
1791414660.807 13380 8.909
1791414660.821 13388 4.327
1791414660.842 13396 7.446
1791414660.861 13404 8.381
1791414660.875 13412 4.301
1791414660.896 13420 6.607
1791414660.916 13428 8.502
1791414660.930 13436 4.583
1791414660.950 13444 6.468
1791414660.971 13452 8.357
1791414660.985 13460 4.128
1791414661.005 13468 6.397
1791414661.026 13476 8.541
1791414661.040 13484 4.670
1791414661.060 13492 6.506
1791414661.080 13500 8.554
1791414661.095 13508 4.552
1791414661.115 13516 6.988
1791414661.135 13524 8.406
1791414661.149 13532 4.232
1791414661.169 13540 6.517
1791414661.190 13548 8.394
1791414661.204 13556 4.220
1791414661.224 13564 6.466
1791414661.244 13572 8.450
1791414661.258 13580 4.200
1791414661.279 13588 6.532
1791414661.299 13596 8.457
1791414661.313 13604 4.297
1791414661.333 13612 6.520
1791414661.354 13620 8.420
1791414661.368 13628 4.253
1791414661.388 13636 6.456
1791414661.409 13644 8.566
1791414661.422 13652 4.148
1791414661.443 13660 6.483
1791414661.463 13668 8.587
1791414661.477 13676 4.375
1791414661.498 13684 6.781
1791414661.518 13692 8.345
1791414661.532 13700 4.259
1791414661.552 13708 6.408
1791414661.572 13716 8.371
1791414661.587 13724 4.424
1791414661.607 13732 6.671
1791414661.627 13740 8.566
1791414661.641 13748 4.424
1791414661.662 13756 6.482
1791414661.682 13764 8.492
1791414661.698 13772 6.598
1791414661.718 13780 8.358
1791414661.732 13788 4.140
1791414661.753 13796 6.486
1791414661.773 13804 8.654
1791414661.787 13812 4.298
1791414661.808 13820 6.080
1791414661.828 13828 8.372
1791414661.842 13836 4.120
1791414661.862 13844 6.733
1791414661.883 13852 8.561
1791414661.897 13860 4.657
1791414661.917 13868 6.825
1791414661.937 13876 8.474
1791414661.951 13884 4.235
1791414661.972 13892 6.389
1791414661.992 13900 8.418
1791414662.006 13908 4.451
1791414662.026 13916 6.459
1791414662.047 13924 8.600
1791414662.061 13932 4.173
1791414662.083 13940 8.529
1791414662.101 13948 8.511
1791414662.115 13956 4.243
1791414662.136 13964 6.362
1791414662.156 13972 8.466
1791414662.170 13980 4.166
1791414662.191 13988 7.115
1791414662.211 13996 8.578
1791414662.224 14004 4.063
1791414662.245 14012 6.653
1791414662.265 14020 8.424
1791414662.279 14028 4.276
1791414662.300 14036 6.327
1791414662.320 14044 8.369
1791414662.334 14052 4.118
1791414662.355 14060 6.429
1791414662.375 14068 8.354
1791414662.389 14076 4.203
1791414662.409 14084 6.310
1791414662.430 14092 9.027
1791414662.443 14100 4.224
1791414662.464 14108 6.611
1791414662.484 14116 8.364
1791414662.501 14124 6.988
1791414662.521 14132 8.446
1791414662.535 14140 4.302
1791414662.555 14148 6.468
1791414662.578 14156 9.613
1791414662.594 14164 8.581
1791414662.609 14172 5.907
1791414662.628 14180 6.528
1791414662.648 14188 8.424
1791414662.662 14196 4.264
1791414662.684 14204 8.091
1791414662.703 14212 8.405
1791414662.717 14220 4.190
1791414662.738 14228 6.537
1791414662.758 14236 8.375
1791414662.772 14244 4.133
1791414662.793 14252 7.410
1791414662.813 14260 9.109
1791414662.826 14268 4.311
1791414662.847 14276 6.353
1791414662.867 14284 8.400
1791414662.881 14292 4.301
1791414662.904 14300 8.929
1791414662.922 14308 8.481
1791414662.936 14316 4.206
1791414662.956 14324 6.497
1791414662.976 14332 8.406
1791414662.991 14340 4.224
1791414663.011 14348 6.358
1791414663.031 14356 8.381
1791414663.045 14364 4.151
1791414663.066 14372 6.419
1791414663.086 14380 8.445
1791414663.100 14388 4.211
1791414663.120 14396 6.378
1791414663.141 14404 9.212
1791414663.154 14412 4.081
1791414663.175 14420 6.630
1791414663.195 14428 8.423
1791414663.209 14436 4.344
1791414663.230 14444 6.521
1791414663.250 14452 8.443
1791414663.264 14460 4.134
1791414663.284 14468 6.438
1791414663.305 14476 8.505
1791414663.319 14484 4.141
1791414663.339 14492 6.413
1791414663.359 14500 8.360
1791414663.373 14508 4.089
1791414663.394 14516 6.587
1791414663.414 14524 8.606
1791414663.428 14532 4.185
1791414663.449 14540 6.404
1791414663.469 14548 8.535
1791414663.484 14556 5.531
1791414663.504 14564 6.605
1791414663.523 14572 8.378
1791414663.537 14580 4.092
1791414663.558 14588 6.609
1791414663.578 14596 8.382
1791414663.592 14604 4.185
1791414663.615 14612 8.615
1791414663.629 14620 4.178
1791414663.649 14628 6.412
1791414663.670 14636 8.512
1791414663.683 14644 4.264
1791414663.704 14652 6.762
1791414663.721 14660 5.305
1791414663.740 14668 6.500
1791414663.761 14676 8.483
1791414663.775 14684 4.403
1791414663.795 14692 6.599
1791414663.815 14700 8.373
1791414663.829 14708 4.173
1791414663.850 14716 6.502
1791414663.870 14724 8.455
1791414663.884 14732 4.143
1791414663.904 14740 6.403
1791414663.925 14748 8.479
1791414663.939 14756 4.086
1791414663.960 14764 7.452
1791414663.980 14772 8.536
1791414663.994 14780 4.301
1791414664.014 14788 6.375
1791414664.034 14796 8.421
1791414664.048 14804 4.118
1791414664.069 14812 6.450
1791414664.089 14820 8.569
1791414664.103 14828 4.312
1791414664.123 14836 6.586
1791414664.144 14844 8.432
1791414664.159 14852 5.646
1791414664.180 14860 8.472
1791414664.194 14868 4.314
1791414664.215 14876 6.491
1791414664.235 14884 8.598
1791414664.253 14892 8.739
1791414664.271 14900 8.448
1791414664.285 14908 4.374
1791414664.306 14916 6.572
1791414664.326 14924 8.411
1791414664.340 14932 4.244
1791414664.360 14940 6.642
1791414664.381 14948 8.414
1791414664.395 14956 4.109
1791414664.415 14964 6.544
1791414664.436 14972 9.280
1791414664.449 14980 4.297
1791414664.470 14988 6.804
1791414664.490 14996 8.428
1791414664.504 15004 4.231
1791414664.524 15012 6.488
1791414664.545 15020 8.226
1791414664.559 15028 4.253
1791414664.579 15036 6.409
1791414664.599 15044 8.398
1791414664.613 15052 4.126
1791414664.634 15060 6.556
1791414664.654 15068 8.644
1791414664.668 15076 4.129
1791414664.689 15084 6.483
1791414664.709 15092 8.386
1791414664.723 15100 4.283
1791414664.743 15108 6.512
1791414664.762 15116 6.670
1791414664.782 15124 8.368
1791414664.796 15132 4.050
1791414664.816 15140 6.485
1791414664.837 15148 9.089
1791414664.850 15156 4.204
1791414664.873 15164 8.561
1791414664.887 15172 4.229
1791414664.907 15180 6.393
1791414664.928 15188 8.482
1791414664.942 15196 4.218
1791414664.962 15204 6.547
1791414664.982 15212 8.436
1791414664.997 15220 4.600
1791414665.019 15228 8.848
1791414665.037 15236 8.439
1791414665.051 15244 4.281
1791414665.071 15252 6.442
1791414665.092 15260 8.459
1791414665.106 15268 4.245
1791414665.126 15276 6.657
1791414665.146 15284 8.484
1791414665.160 15292 4.080
1791414665.181 15300 6.581
1791414665.201 15308 8.449
1791414665.216 15316 5.220
1791414665.236 15324 6.565
1791414665.256 15332 8.510
1791414665.271 15340 5.522
1791414665.290 15348 6.581
1791414665.311 15356 8.619
1791414665.324 15364 4.172
1791414665.345 15372 6.613
1791414665.365 15380 8.437
1791414665.379 15388 4.160
1791414665.400 15396 6.926
1791414665.420 15404 8.457
1791414665.434 15412 4.199
1791414665.454 15420 6.542
1791414665.475 15428 8.486
1791414665.489 15436 4.208
1791414665.509 15444 6.608
1791414665.526 15452 4.933
1791414665.546 15460 7.009
1791414665.566 15468 8.504
1791414665.580 15476 4.122
1791414665.603 15484 8.611
1791414665.617 15492 4.849
1791414665.638 15500 7.810
1791414665.657 15508 8.554
1791414665.673 15516 6.585
1791414665.693 15524 8.391
1791414665.707 15532 4.180
1791414665.728 15540 6.667
1791414665.748 15548 8.611
1791414665.762 15556 4.236
1791414665.783 15564 6.374
1791414665.803 15572 8.412
1791414665.819 15580 6.751
1791414665.837 15588 6.545
1791414665.858 15596 8.427
1791414665.872 15604 4.239
1791414665.892 15612 6.476
1791414665.912 15620 8.526
1791414665.927 15628 5.065
1791414665.947 15636 6.403
1791414665.969 15644 10.323
1791414665.981 15652 4.147
1791414666.002 15660 6.601
1791414666.022 15668 8.503
1791414666.036 15676 4.466
1791414666.056 15684 6.414
1791414666.076 15692 8.386
1791414666.090 15700 4.153
1791414666.111 15708 6.558
1791414666.131 15716 8.538
1791414666.145 15724 4.223
1791414666.166 15732 6.495
1791414666.186 15740 8.410
1791414666.200 15748 4.120
1791414666.221 15756 7.345
1791414666.241 15764 8.536
1791414666.254 15772 4.194
1791414666.275 15780 6.565
1791414666.295 15788 8.492
1791414666.309 15796 4.099
1791414666.330 15804 6.404
1791414666.350 15812 8.382
1791414666.364 15820 4.349
1791414666.385 15828 6.649
1791414666.405 15836 8.548
1791414666.418 15844 4.092
1791414666.439 15852 6.655
1791414666.459 15860 8.565
1791414666.473 15868 4.238
1791414666.494 15876 6.660
1791414666.514 15884 8.426
1791414666.528 15892 4.128
1791414666.549 15900 6.574
1791414666.569 15908 8.493
1791414666.583 15916 4.125
1791414666.603 15924 6.468
1791414666.623 15932 8.376
1791414666.638 15940 4.283
1791414666.658 15948 6.444
1791414666.678 15956 8.441
1791414666.692 15964 4.178
1791414666.713 15972 6.497
1791414666.734 15980 9.275
1791414666.747 15988 4.463
1791414666.767 15996 6.464
1791414666.783 16004 4.165
1791414666.804 16012 6.389
1791414666.824 16020 8.432
1791414666.838 16028 4.208
1791414666.858 16036 6.346
1791414666.879 16044 8.389
1791414666.893 16052 4.118
1791414666.913 16060 6.577
1791414666.933 16068 8.490
1791414666.947 16076 4.196
1791414666.968 16084 6.415
1791414666.988 16092 8.468
1791414667.002 16100 4.238
1791414667.023 16108 6.507
1791414667.043 16116 8.490
1791414667.057 16124 4.098
1791414667.077 16132 6.406
1791414667.097 16140 8.428
1791414667.111 16148 4.127
1791414667.132 16156 6.993
1791414667.152 16164 8.468
1791414667.166 16172 4.159
1791414667.187 16180 6.549
1791414667.207 16188 8.456
1791414667.221 16196 4.152
1791414667.241 16204 6.549
1791414667.262 16212 8.623
1791414667.276 16220 4.247
1791414667.297 16228 6.986
1791414667.316 16236 8.452
1791414667.330 16244 4.072
1791414667.351 16252 6.382
1791414667.371 16260 8.410
1791414667.385 16268 4.110
1791414667.405 16276 6.360
1791414667.426 16284 8.437
1791414667.440 16292 4.146
1791414667.460 16300 6.507
1791414667.480 16308 8.464
1791414667.495 16316 4.862
1791414667.515 16324 6.664
1791414667.535 16332 8.504
1791414667.549 16340 4.250
1791414667.570 16348 6.573
1791414667.590 16356 8.510
1791414667.604 16364 4.134
1791414667.626 16372 8.544
1791414667.640 16380 4.172
1791414667.661 16388 6.436
1791414667.681 16396 8.553
1791414667.695 16404 4.127
1791414667.715 16412 6.399
1791414667.736 16420 8.451
1791414667.750 16428 4.094
1791414667.770 16436 6.451
1791414667.790 16444 8.485
1791414667.804 16452 4.230
1791414667.825 16460 6.380
1791414667.845 16468 8.552
1791414667.859 16476 4.140
1791414667.880 16484 6.724
1791414667.900 16492 8.474
1791414667.914 16500 4.125
1791414667.934 16508 6.587
1791414667.955 16516 8.451
1791414667.968 16524 4.095
1791414667.989 16532 6.439
1791414668.009 16540 8.366
1791414668.023 16548 4.249
1791414668.044 16556 6.477
1791414668.064 16564 8.551
1791414668.078 16572 4.215
1791414668.098 16580 6.389
1791414668.119 16588 8.498
1791414668.133 16596 4.161
1791414668.153 16604 6.616
1791414668.173 16612 8.381
1791414668.187 16620 4.176
1791414668.210 16628 8.805
1791414668.228 16636 8.541
1791414668.242 16644 4.120
1791414668.263 16652 6.489
1791414668.283 16660 8.380
1791414668.298 16668 5.740
1791414668.319 16676 8.392
1791414668.333 16684 4.247
1791414668.354 16692 6.391
1791414668.374 16700 8.496
1791414668.388 16708 4.382
1791414668.408 16716 6.575
1791414668.429 16724 8.424
1791414668.443 16732 4.333
1791414668.463 16740 6.425
1791414668.483 16748 8.389
1791414668.497 16756 4.186
1791414668.519 16764 8.025
1791414668.538 16772 8.575
1791414668.552 16780 4.313
1791414668.573 16788 7.107
1791414668.593 16796 8.373
1791414668.607 16804 4.466
1791414668.630 16812 9.229
1791414668.646 16820 6.689
1791414668.661 16828 4.230
1791414668.682 16836 6.541
1791414668.699 16844 5.395
1791414668.719 16852 7.230
1791414668.739 16860 8.448
1791414668.753 16868 4.159
1791414668.773 16876 6.607
1791414668.793 16884 8.275
1791414668.807 16892 4.133
1791414668.828 16900 6.617
1791414668.849 16908 9.494
1791414668.862 16916 4.236
1791414668.883 16924 7.120
1791414668.903 16932 8.533
1791414668.917 16940 4.261
1791414668.937 16948 6.566
1791414668.957 16956 8.454
1791414668.971 16964 4.241
1791414668.992 16972 6.472
1791414669.014 16980 10.438
1791414669.026 16988 4.197
1791414669.047 16996 6.462
1791414669.067 17004 8.506
1791414669.081 17012 4.434
1791414669.101 17020 6.482
1791414669.121 17028 8.379
1791414669.135 17036 4.223
1791414669.156 17044 6.577
1791414669.176 17052 8.549
1791414669.191 17060 4.732
1791414669.211 17068 6.390
1791414669.231 17076 8.445
1791414669.245 17084 4.168
1791414669.265 17092 6.495
1791414669.286 17100 8.525
1791414669.300 17108 4.279
1791414669.320 17116 6.416
1791414669.340 17124 8.397
1791414669.354 17132 4.240
1791414669.375 17140 6.290
1791414669.395 17148 8.631
1791414669.409 17156 4.202
1791414669.430 17164 6.595
1791414669.450 17172 8.391
1791414669.464 17180 4.189
1791414669.484 17188 6.532
1791414669.505 17196 8.521
1791414669.518 17204 4.179
1791414669.539 17212 6.643
1791414669.559 17220 8.424
1791414669.573 17228 4.137
1791414669.594 17236 6.514
1791414669.614 17244 8.414
1791414669.628 17252 4.124
1791414669.648 17260 6.383
1791414669.669 17268 8.542
1791414669.682 17276 4.173
1791414669.703 17284 6.541
1791414669.721 17292 6.649
1791414669.742 17300 8.786
1791414669.760 17308 9.137
1791414669.779 17316 9.177
1791414669.793 17324 5.453
1791414669.813 17332 6.789
1791414669.831 17340 6.893
1791414669.847 17348 4.418
1791414669.868 17356 5.817
1791414669.883 17364 4.486
1791414669.902 17372 4.509
1791414670.024 17380 108.930
1791414670.027 17388 93.719
1791414670.029 17396 77.416
1791414670.031 17404 61.233
1791414670.033 17412 44.988
1791414670.035 17420 28.683
1791414670.038 17428 13.140
1791414670.047 17436 4.154
1791414670.068 17444 6.423
1791414670.088 17452 8.615
1791414670.102 17460 4.207
1791414670.122 17468 6.521
1791414670.143 17476 8.472
1791414670.157 17484 4.669
1791414670.177 17492 6.652
1791414670.197 17500 8.555
1791414670.211 17508 4.212
1791414670.235 17516 9.755
1791414670.248 17524 4.179
1791414670.268 17532 6.473
1791414670.289 17540 8.444
1791414670.303 17548 4.223
1791414670.329 17556 5.169
1791414670.356 17564 5.104
1791414670.383 17572 5.172
1791414670.411 17580 5.275
1791414670.438 17588 5.122
1791414670.465 17596 5.215
1791414670.493 17604 5.180
1791414670.520 17612 5.213
1791414670.547 17620 5.204
1791414670.575 17628 5.177
1791414670.602 17636 5.120
1791414670.630 17644 5.184
1791414670.657 17652 5.448
1791414670.684 17660 5.254
1791414670.712 17668 5.323
1791414670.739 17676 5.199
1791414670.766 17684 5.217
1791414670.794 17692 5.183
1791414670.821 17700 5.140
1791414670.848 17708 5.081
1791414670.876 17716 5.130
1791414670.903 17724 5.198
1791414670.930 17732 5.143
1791414670.958 17740 5.028
1791414670.985 17748 5.092
1791414671.012 17756 5.197
1791414671.040 17764 5.075
1791414671.067 17772 5.120
1791414671.095 17780 5.227
1791414671.122 17788 5.221
1791414671.149 17796 5.127
1791414671.177 17804 5.273
1791414671.204 17812 5.124
1791414671.231 17820 5.008
1791414671.259 17828 5.180
1791414671.286 17836 5.076
1791414671.313 17844 5.145
1791414671.341 17852 5.265
1791414671.368 17860 5.346
1791414671.395 17868 5.346
1791414671.427 17876 9.518
1791414671.450 17884 5.116
1791414671.477 17892 5.066
1791414671.505 17900 5.194
1791414671.532 17908 5.174
1791414671.560 17916 5.188
1791414671.587 17924 5.023
1791414671.614 17932 5.401
1791414671.642 17940 5.445
1791414671.669 17948 5.189
1791414671.696 17956 5.130
1791414671.724 17964 5.211
1791414671.751 17972 5.538
1791414671.778 17980 5.125
1791414671.806 17988 5.231
1791414671.833 17996 5.240
1791414671.860 18004 5.148
1791414671.888 18012 5.128
1791414671.915 18020 5.257
1791414671.942 18028 5.100
1791414671.970 18036 5.269
1791414671.997 18044 5.194
1791414672.024 18052 5.100
1791414672.052 18060 5.187
1791414672.079 18068 5.385
1791414672.107 18076 5.328
1791414672.134 18084 5.353
1791414672.161 18092 5.217
1791414672.188 18100 5.109
1791414672.216 18108 5.065
1791414672.244 18116 5.633
1791414672.271 18124 5.160
1791414672.298 18132 5.149
1791414672.325 18140 5.037
1791414672.352 18148 5.041
1791414672.380 18156 5.163
1791414672.407 18164 5.172
1791414672.435 18172 5.088
1791414672.462 18180 5.150
1791414672.489 18188 5.167
1791414672.517 18196 5.093
1791414672.544 18204 5.099
1791414672.572 18212 5.365
1791414672.599 18220 5.442
1791414672.626 18228 5.099
1791414672.653 18236 5.080
1791414672.681 18244 5.173
1791414672.708 18252 5.412
1791414672.736 18260 5.538
1791414672.763 18268 5.345
1791414672.790 18276 5.025
1791414672.818 18284 5.106
1791414672.845 18292 5.198
1791414672.872 18300 5.104
1791414672.900 18308 5.154
1791414672.927 18316 5.075
1791414672.954 18324 5.081
1791414672.982 18332 5.329
1791414673.009 18340 5.300
1791414673.037 18348 5.326
1791414673.064 18356 5.117
1791414673.091 18364 5.206
1791414673.118 18372 5.209
1791414673.146 18380 5.194
1791414673.173 18388 5.208
1791414673.200 18396 5.179
1791414673.228 18404 5.400
1791414673.255 18412 5.137
1791414673.283 18420 5.200
1791414673.310 18428 5.242
1791414673.337 18436 5.078
1791414673.365 18444 5.266
1791414673.392 18452 5.150
1791414673.419 18460 5.311
1791414673.447 18468 5.269
1791414673.474 18476 5.272
1791414673.501 18484 5.127
1791414673.529 18492 5.047
1791414673.556 18500 5.164
1791414673.583 18508 5.089
1791414673.611 18516 5.195
1791414673.638 18524 5.127
1791414673.666 18532 5.122
1791414673.693 18540 5.085
1791414673.720 18548 5.012
1791414673.748 18556 5.140
1791414673.776 18564 5.807
1791414673.802 18572 5.155
1791414673.830 18580 5.167
1791414673.857 18588 5.230
1791414673.884 18596 5.152
1791414673.912 18604 5.197
1791414673.939 18612 5.092
1791414673.966 18620 5.143
1791414673.994 18628 5.081
1791414674.021 18636 5.065
1791414674.049 18644 5.228
1791414674.076 18652 5.080
1791414674.103 18660 5.144
1791414674.131 18668 5.206
1791414674.158 18676 5.263
1791414674.185 18684 5.473
1791414674.213 18692 5.139
1791414674.240 18700 5.153
1791414674.267 18708 5.218
1791414674.294 18716 5.086
1791414674.322 18724 5.159
1791414674.349 18732 5.169
1791414674.377 18740 5.179
1791414674.404 18748 5.186
1791414674.431 18756 5.141
1791414674.459 18764 5.224
1791414674.486 18772 5.298
1791414674.513 18780 5.111
1791414674.541 18788 5.189
1791414674.568 18796 5.184
1791414674.595 18804 5.134
1791414674.623 18812 5.141
1791414674.650 18820 5.184
1791414674.678 18828 5.182
1791414674.705 18836 5.013
1791414674.732 18844 5.135
1791414674.760 18852 5.168
1791414674.787 18860 5.132
1791414674.814 18868 5.082
1791414674.842 18876 5.146
1791414674.869 18884 5.251
1791414674.896 18892 5.115
1791414674.924 18900 5.140
1791414674.951 18908 5.104
1791414674.978 18916 5.173
1791414675.006 18924 5.102
1791414675.033 18932 5.064
1791414675.060 18940 5.128
1791414675.088 18948 5.208
1791414675.115 18956 5.060
1791414675.142 18964 5.116
1791414675.170 18972 5.291
1791414675.197 18980 5.162
1791414675.225 18988 5.133
1791414675.252 18996 5.475
1791414675.279 19004 5.202
1791414675.307 19012 5.256
1791414675.334 19020 5.150
1791414675.361 19028 5.097
1791414675.389 19036 5.152
1791414675.416 19044 5.158
1791414675.443 19052 5.153
1791414675.471 19060 5.077
1791414675.498 19068 5.158
1791414675.525 19076 5.262
1791414675.553 19084 5.251
1791414675.580 19092 5.197
1791414675.607 19100 5.138
1791414675.635 19108 5.120
1791414675.662 19116 5.205
1791414675.690 19124 5.238
1791414675.717 19132 5.199
1791414675.745 19140 5.965
1791414675.772 19148 5.089
1791414675.799 19156 5.237
1791414675.826 19164 5.099
1791414675.854 19172 5.119
1791414675.881 19180 5.070
1791414675.908 19188 5.314
1791414675.936 19196 5.059
1791414675.963 19204 5.158
1791414675.990 19212 5.196
1791414676.018 19220 5.089
1791414676.045 19228 5.166
1791414676.072 19236 5.161
1791414676.100 19244 5.421
1791414676.127 19252 5.192
1791414676.155 19260 5.198
1791414676.182 19268 5.220
1791414676.209 19276 5.098
1791414676.237 19284 5.159
1791414676.264 19292 5.139
1791414676.291 19300 5.144
1791414676.319 19308 5.140
1791414676.346 19316 5.184
1791414676.373 19324 5.183
1791414676.401 19332 5.153
1791414676.428 19340 5.225
1791414676.455 19348 5.191
1791414676.483 19356 5.234
1791414676.510 19364 5.131
1791414676.538 19372 5.445
1791414676.565 19380 5.082
1791414676.592 19388 5.124
1791414676.620 19396 5.193
1791414676.647 19404 5.196
1791414676.674 19412 5.233
1791414676.702 19420 5.189
1791414676.729 19428 5.160
1791414676.756 19436 5.187
1791414676.784 19444 5.252
1791414676.811 19452 5.203
1791414676.838 19460 5.136
1791414676.866 19468 5.127
1791414676.893 19476 5.139
1791414676.920 19484 5.227
1791414676.948 19492 5.094
1791414676.975 19500 5.090
1791414677.002 19508 5.015
1791414677.030 19516 5.195
1791414677.057 19524 5.396
1791414677.085 19532 5.215
1791414677.112 19540 5.231
1791414677.139 19548 5.141
1791414677.167 19556 5.356
1791414677.194 19564 5.210
1791414677.221 19572 5.179
1791414677.249 19580 5.496
1791414677.276 19588 5.064
1791414677.303 19596 5.121
1791414677.331 19604 5.078
1791414677.358 19612 5.113
1791414677.385 19620 5.255
1791414677.413 19628 5.109
1791414677.440 19636 5.168
1791414677.468 19644 5.282
1791414677.496 19652 6.523
1791414677.522 19660 5.387
1791414677.551 19668 6.771
1791414677.577 19676 5.404
1791414677.604 19684 5.116
1791414677.632 19692 5.322
1791414677.659 19700 5.141
1791414677.686 19708 5.160
1791414677.713 19716 5.071
1791414677.741 19724 5.191
1791414677.769 19732 6.011
1791414677.796 19740 5.706
1791414677.823 19748 5.191
1791414677.850 19756 5.240
1791414677.878 19764 5.431
1791414677.905 19772 5.286
1791414677.932 19780 5.054
1791414677.960 19788 5.116
1791414677.987 19796 5.100
1791414678.014 19804 5.180
1791414678.042 19812 5.082
1791414678.069 19820 5.072
1791414678.096 19828 5.111
1791414678.124 19836 5.173
1791414678.151 19844 5.026
1791414678.179 19852 5.140
1791414678.206 19860 5.148
1791414678.233 19868 5.064
1791414678.261 19876 5.123
1791414678.288 19884 5.335
1791414678.315 19892 5.260
1791414678.343 19900 5.188
1791414678.370 19908 5.071
1791414678.397 19916 5.126
1791414678.425 19924 5.303
1791414678.452 19932 5.126
1791414678.479 19940 5.060
1791414678.507 19948 5.076
1791414678.534 19956 5.188
1791414678.562 19964 5.238
1791414678.589 19972 5.071
1791414678.616 19980 5.135
1791414678.644 19988 5.173
1791414678.671 19996 5.213
1791414678.698 20004 5.035
1791414678.726 20012 5.273
1791414678.754 20020 6.343
1791414678.780 20028 5.213
1791414678.808 20036 5.151
1791414678.835 20044 5.095
1791414678.862 20052 5.131
1791414678.890 20060 5.227
1791414678.917 20068 5.149
1791414678.944 20076 5.213
1791414678.972 20084 5.149
1791414678.999 20092 5.205
1791414679.026 20100 5.168
1791414679.054 20108 5.303
1791414679.081 20116 5.098
1791414679.108 20124 5.084
1791414679.136 20132 5.140
1791414679.163 20140 5.225
1791414679.190 20148 5.109
1791414679.218 20156 5.128
1791414679.245 20164 5.154
1791414679.273 20172 5.046
1791414679.300 20180 5.131
1791414679.327 20188 5.108
1791414679.355 20196 5.319
1791414679.382 20204 5.144
1791414679.409 20212 5.177
1791414679.437 20220 5.120
1791414679.464 20228 5.103
1791414679.491 20236 5.193
1791414679.519 20244 5.199
1791414679.546 20252 5.055
1791414679.573 20260 5.034
1791414679.601 20268 5.552
1791414679.628 20276 5.310
1791414679.656 20284 5.178
1791414679.683 20292 5.366
1791414679.710 20300 5.190
1791414679.738 20308 5.169
1791414679.765 20316 5.164
1791414679.792 20324 5.271
1791414679.820 20332 5.026
1791414679.847 20340 5.227
1791414679.874 20348 5.258
1791414679.902 20356 5.198
1791414679.929 20364 5.238
1791414679.956 20372 5.055
1791414679.984 20380 5.181
1791414680.011 20388 5.182
1791414680.038 20396 5.151
1791414680.066 20404 5.270
1791414680.093 20412 5.158
1791414680.121 20420 5.183
1791414680.148 20428 5.231
1791414680.175 20436 5.275
1791414680.203 20444 5.729
1791414680.230 20452 5.087
1791414680.257 20460 5.174
1791414680.284 20468 5.115
1791414680.312 20476 5.329
1791414680.339 20484 5.156
1791414680.367 20492 5.295
1791414680.394 20500 5.099
1791414680.421 20508 5.065
1791414680.449 20516 4.986
1791414680.576 20524 105.530
1791414680.579 20532 81.111
1791414680.581 20540 55.725
1791414680.583 20548 30.481
1791414680.586 20556 5.754
1791414680.613 20564 5.117
1791414680.640 20572 5.291
1791414680.668 20580 5.171
1791414680.695 20588 5.380
1791414680.722 20596 5.182
1791414680.750 20604 5.243
1791414680.777 20612 5.115
1791414680.804 20620 5.164
1791414680.832 20628 5.146
1791414680.859 20636 5.164
1791414680.886 20644 5.143
1791414680.914 20652 5.224
1791414680.941 20660 5.432
1791414680.968 20668 5.124
1791414680.996 20676 5.225
1791414681.023 20684 5.199
1791414681.050 20692 5.143
1791414681.078 20700 5.258
1791414681.105 20708 5.215
1791414681.133 20716 5.192
1791414681.160 20724 5.116
1791414681.187 20732 5.116
1791414681.215 20740 5.150
1791414681.242 20748 5.202
1791414681.269 20756 5.139
1791414681.297 20764 5.150
1791414681.324 20772 5.179
1791414681.351 20780 5.098
1791414681.379 20788 5.187
1791414681.406 20796 5.070
1791414681.433 20804 5.191
1791414681.461 20812 5.147
1791414681.488 20820 5.122
1791414681.516 20828 5.818
1791414681.543 20836 5.108
1791414681.570 20844 5.294
1791414681.597 20852 5.166
1791414681.625 20860 5.141
1791414681.652 20868 5.117
1791414681.680 20876 5.186
1791414681.707 20884 5.159
1791414681.735 20892 5.921
1791414681.762 20900 5.264
1791414681.789 20908 5.128
1791414681.816 20916 5.162
1791414681.844 20924 5.191
1791414681.871 20932 5.083
1791414681.898 20940 5.157
1791414681.926 20948 5.407
1791414681.953 20956 5.262
1791414681.980 20964 5.159
1791414682.008 20972 5.233
1791414682.035 20980 5.166
1791414682.063 20988 5.162
1791414682.090 20996 5.165
1791414682.117 21004 5.211
1791414682.144 21012 5.113
1791414682.172 21020 5.130
1791414682.199 21028 5.303
1791414682.226 21036 5.072
1791414682.256 21044 7.275
1791414682.281 21052 5.173
1791414682.309 21060 5.058
1791414682.336 21068 5.094
1791414682.363 21076 5.154
1791414682.391 21084 5.151
1791414682.418 21092 5.117
1791414682.445 21100 5.187
1791414682.473 21108 5.086
1791414682.501 21116 5.947
1791414682.527 21124 5.158
1791414682.555 21132 5.065
1791414682.582 21140 5.239
1791414682.610 21148 5.271
1791414682.637 21156 5.005
1791414682.665 21164 5.615
1791414682.691 21172 5.137
1791414682.719 21180 5.135
1791414682.746 21188 5.236
1791414682.774 21196 5.240
1791414682.801 21204 5.164
1791414682.828 21212 5.249
1791414682.856 21220 5.146
1791414682.883 21228 5.093
1791414682.911 21236 5.903
1791414682.938 21244 5.530
1791414682.965 21252 5.070
1791414682.993 21260 5.771
1791414683.020 21268 5.077
1791414683.047 21276 5.155
1791414683.074 21284 5.055
1791414683.102 21292 5.066
1791414683.129 21300 5.076
1791414683.157 21308 5.153
1791414683.184 21316 5.154
1791414683.211 21324 5.208
1791414683.238 21332 5.141
1791414683.266 21340 5.136
1791414683.293 21348 5.181
1791414683.321 21356 5.156
1791414683.348 21364 5.162
1791414683.375 21372 5.214
1791414683.403 21380 5.253
1791414683.430 21388 5.326
1791414683.458 21396 5.318
1791414683.485 21404 5.183
1791414683.512 21412 5.071
1791414683.539 21420 5.176
1791414683.567 21428 5.183
1791414683.594 21436 5.166
1791414683.621 21444 5.123
1791414683.649 21452 5.094
1791414683.676 21460 5.063
1791414683.704 21468 5.217
1791414683.731 21476 5.145
1791414683.758 21484 5.116
1791414683.785 21492 5.051
1791414683.813 21500 5.061
1791414683.840 21508 5.135
1791414683.868 21516 5.152
1791414683.895 21524 5.173
1791414683.922 21532 5.167
1791414683.950 21540 5.172
1791414683.977 21548 5.246
1791414684.004 21556 5.210
1791414684.032 21564 5.175
1791414684.059 21572 5.055
1791414684.087 21580 5.304
1791414684.114 21588 5.161
1791414684.141 21596 5.353
1791414684.169 21604 5.194
1791414684.196 21612 5.427
1791414684.223 21620 5.215
1791414684.251 21628 5.234
1791414684.278 21636 5.157
1791414684.305 21644 5.130
1791414684.333 21652 5.148
1791414684.360 21660 5.155
1791414684.387 21668 5.165
1791414684.415 21676 5.062
1791414684.442 21684 5.544
1791414684.473 21692 8.776
1791414684.500 21700 8.670
1791414684.527 21708 8.551
1791414684.555 21716 8.803
1791414684.582 21724 8.456
1791414684.610 21732 8.679
1791414684.637 21740 8.634
1791414684.664 21748 8.525
1791414684.692 21756 8.575
1791414684.719 21764 8.578
1791414684.746 21772 8.550
1791414684.774 21780 8.397
1791414684.801 21788 8.566
1791414684.828 21796 8.409
1791414684.856 21804 8.465
1791414684.883 21812 8.658
1791414684.910 21820 8.654
1791414684.938 21828 8.393
1791414684.965 21836 8.694
1791414684.992 21844 8.449
1791414685.020 21852 8.657
1791414685.047 21860 8.468
1791414685.075 21868 8.649
1791414685.102 21876 8.630
1791414685.129 21884 8.451
1791414685.157 21892 8.565
1791414685.184 21900 8.634
1791414685.211 21908 8.638
1791414685.239 21916 8.664
1791414685.266 21924 8.612
1791414685.293 21932 8.673
1791414685.321 21940 8.856
1791414685.348 21948 8.523
1791414685.375 21956 8.464
1791414685.403 21964 8.655
1791414685.431 21972 9.190
1791414685.457 21980 8.430
1791414685.485 21988 8.416
1791414685.512 21996 8.412
1791414685.539 22004 8.494
1791414685.567 22012 8.603
1791414685.594 22020 8.548
1791414685.622 22028 8.512
1791414685.649 22036 8.576
1791414685.676 22044 8.661
1791414685.704 22052 8.610
1791414685.731 22060 8.641
1791414685.759 22068 9.374
1791414685.786 22076 8.564
1791414685.813 22084 8.567
1791414685.840 22092 8.515
1791414685.868 22100 8.599
1791414685.895 22108 8.582
1791414685.922 22116 8.534
1791414685.950 22124 8.834
1791414685.977 22132 8.507
1791414686.005 22140 8.624
1791414686.032 22148 8.572
1791414686.059 22156 8.567
1791414686.087 22164 8.541
1791414686.114 22172 8.511
1791414686.141 22180 8.525
1791414686.169 22188 8.535
1791414686.196 22196 8.612
1791414686.223 22204 8.626
1791414686.251 22212 8.710
1791414686.278 22220 8.482
1791414686.307 22228 10.254
1791414686.333 22236 8.617
1791414686.360 22244 8.410
1791414686.387 22252 8.507
1791414686.415 22260 8.661
1791414686.442 22268 8.620
1791414686.469 22276 8.409
1791414686.497 22284 8.663
1791414686.524 22292 8.451
1791414686.552 22300 8.609
1791414686.579 22308 8.407
1791414686.606 22316 8.857
1791414686.634 22324 8.727
1791414686.661 22332 8.666
1791414686.688 22340 8.416
1791414686.716 22348 8.529
1791414686.743 22356 8.712
1791414686.770 22364 8.453
1791414686.798 22372 8.452
1791414686.825 22380 8.395
1791414686.852 22388 8.438
1791414686.880 22396 8.444
1791414686.907 22404 8.547
1791414686.934 22412 8.569
1791414686.962 22420 8.665
1791414686.989 22428 8.504
1791414687.016 22436 8.418
1791414687.044 22444 8.514
1791414687.071 22452 8.631
1791414687.099 22460 8.557
1791414687.126 22468 8.640
1791414687.153 22476 8.727
1791414687.180 22484 8.383
1791414687.208 22492 8.692
1791414687.235 22500 8.710
1791414687.263 22508 8.659
1791414687.290 22516 8.576
1791414687.317 22524 8.499
1791414687.345 22532 8.603
1791414687.372 22540 8.542
1791414687.400 22548 8.831
1791414687.427 22556 8.558
1791414687.454 22564 8.520
1791414687.481 22572 8.468
1791414687.509 22580 8.347
1791414687.536 22588 8.857
1791414687.564 22596 9.139
1791414687.591 22604 8.478
1791414687.618 22612 8.480
1791414687.646 22620 8.523
1791414687.673 22628 8.640
1791414687.700 22636 8.526
1791414687.728 22644 8.520
1791414687.755 22652 8.640
1791414687.782 22660 8.380
1791414687.810 22668 8.811
1791414687.837 22676 8.496
1791414687.865 22684 8.696
1791414687.892 22692 8.375
1791414687.919 22700 8.585
1791414687.947 22708 8.641
1791414687.974 22716 8.570
1791414688.001 22724 8.359
1791414688.028 22732 8.365
1791414688.056 22740 8.472
1791414688.083 22748 8.509
1791414688.111 22756 8.575
1791414688.138 22764 8.505
1791414688.165 22772 8.562
1791414688.193 22780 8.566
1791414688.220 22788 8.457
1791414688.247 22796 8.670
1791414688.275 22804 8.481
1791414688.302 22812 8.698
1791414688.329 22820 8.417
1791414688.357 22828 8.554
1791414688.384 22836 8.574
1791414688.411 22844 8.530
1791414688.439 22852 8.596
1791414688.467 22860 9.522
1791414688.494 22868 8.620
1791414688.521 22876 8.786
1791414688.548 22884 8.605
1791414688.576 22892 8.908
1791414688.600 22900 5.359
1791414688.627 22908 5.125
1791414688.655 22916 6.064
1791414688.681 22924 5.020
1791414688.709 22932 5.035
1791414688.736 22940 5.148
1791414688.764 22948 5.170
1791414688.791 22956 5.149
1791414688.818 22964 5.229
1791414688.846 22972 5.196
1791414688.873 22980 5.173
1791414688.901 22988 5.476
1791414688.928 22996 5.459
1791414688.955 23004 5.227
1791414688.983 23012 5.299
1791414689.010 23020 5.236
1791414689.037 23028 5.240
1791414689.064 23036 5.075
1791414689.092 23044 5.340
1791414689.119 23052 5.366
1791414689.147 23060 5.220
1791414689.174 23068 5.178
1791414689.201 23076 5.140
1791414689.229 23084 5.124
1791414689.256 23092 5.140
1791414689.283 23100 5.257
1791414689.311 23108 5.186
1791414689.338 23116 5.288
1791414689.365 23124 5.083
1791414689.393 23132 5.098
1791414689.420 23140 5.050
1791414689.447 23148 5.112
1791414689.475 23156 5.068
1791414689.502 23164 5.109
1791414689.530 23172 5.373
1791414689.557 23180 5.264
1791414689.587 23188 7.606
1791414689.615 23196 8.958
1791414689.642 23204 8.637
1791414689.670 23212 8.719
1791414689.697 23220 8.627
1791414689.725 23228 8.839
1791414689.752 23236 8.579
1791414689.779 23244 8.507
1791414689.806 23252 8.597
1791414689.834 23260 8.806
1791414689.861 23268 8.518
1791414689.888 23276 8.659
1791414689.916 23284 8.438
1791414689.943 23292 8.497
1791414689.970 23300 8.568
1791414689.998 23308 8.583
1791414690.025 23316 8.559
1791414690.052 23324 8.384
1791414690.080 23332 8.630
1791414690.107 23340 8.619
1791414690.134 23348 8.442
1791414690.162 23356 8.551
1791414690.189 23364 8.519
1791414690.217 23372 8.618
1791414690.244 23380 8.668
1791414690.271 23388 8.427
1791414690.299 23396 8.737
1791414690.320 23404 6.701
1791414690.340 23412 8.468
1791414690.354 23420 4.263
1791414690.374 23428 6.712
1791414690.394 23436 8.579
1791414690.408 23444 4.175
1791414690.429 23452 6.543
1791414690.449 23460 8.483
1791414690.465 23468 6.591
1791414690.485 23476 8.437
1791414690.500 23484 4.479
1791414690.520 23492 6.714
1791414690.540 23500 8.597
1791414690.554 23508 4.145
1791414690.575 23516 6.461
1791414690.595 23524 8.379
1791414690.609 23532 4.114
1791414690.629 23540 6.445
1791414690.650 23548 8.518
1791414690.664 23556 4.222
1791414690.684 23564 6.406
1791414690.699 23572 3.244
1791414690.721 23580 6.775
1791414690.741 23588 8.482
1791414690.755 23596 4.200
1791414690.775 23604 6.451
1791414690.796 23612 8.626
1791414690.809 23620 4.183
1791414690.830 23628 6.452
1791414690.850 23636 8.548
1791414690.864 23644 4.172
1791414690.884 23652 6.324
1791414690.905 23660 8.378
1791414690.919 23668 4.116
1791414690.939 23676 6.452
1791414690.960 23684 8.441
1791414690.973 23692 4.117
1791414690.994 23700 6.457
1791414691.014 23708 8.403
1791414691.028 23716 4.251
1791414691.049 23724 6.758
1791414691.069 23732 8.636
1791414691.083 23740 4.522
1791414691.104 23748 6.555
1791414691.124 23756 8.480
1791414691.138 23764 4.168
1791414691.158 23772 6.503
1791414691.178 23780 8.363
1791414691.192 23788 4.112
1791414691.213 23796 6.551
1791414691.233 23804 8.471
1791414691.247 23812 4.222
1791414691.267 23820 6.376
1791414691.288 23828 8.400
1791414691.302 23836 4.494
1791414691.322 23844 6.499
1791414691.342 23852 8.454
1791414691.356 23860 4.224
1791414691.377 23868 6.471
1791414691.397 23876 8.470
1791414691.411 23884 4.255
1791414691.434 23892 8.771
1791414691.448 23900 4.290
1791414691.468 23908 6.377
1791414691.488 23916 8.417
1791414691.505 23924 6.579
1791414691.525 23932 8.470
1791414691.539 23940 4.078
1791414691.559 23948 6.400
1791414691.580 23956 8.625
1791414691.594 23964 4.712
1791414691.614 23972 6.627
1791414691.634 23980 8.500
1791414691.648 23988 4.425
1791414691.669 23996 6.780
1791414691.689 24004 8.440
1791414691.703 24012 4.124
1791414691.723 24020 6.517
1791414691.744 24028 8.918
1791414691.758 24036 4.149
1791414691.778 24044 6.510
1791414691.798 24052 8.588
1791414691.813 24060 4.468
1791414691.833 24068 6.619
1791414691.853 24076 8.692
1791414691.867 24084 4.387
1791414691.888 24092 7.062
1791414691.908 24100 8.336
1791414691.922 24108 4.196
1791414691.942 24116 6.506
1791414691.963 24124 8.838
1791414691.976 24132 4.214
1791414691.997 24140 6.483
1791414692.017 24148 8.699
1791414692.031 24156 4.225
1791414692.054 24164 9.003
1791414692.072 24172 8.448
1791414692.086 24180 4.098
1791414692.107 24188 7.219
1791414692.127 24196 8.466
1791414692.140 24204 4.127
1791414692.161 24212 6.399
1791414692.176 24220 3.159
1791414692.198 24228 6.546
1791414692.218 24236 8.670
1791414692.232 24244 4.221
1791414692.252 24252 6.482
1791414692.272 24260 8.459
1791414692.286 24268 4.254
1791414692.307 24276 6.719
1791414692.327 24284 8.449
1791414692.341 24292 4.415
1791414692.362 24300 6.462
1791414692.382 24308 8.671
1791414692.396 24316 4.495
1791414692.416 24324 6.309
1791414692.437 24332 8.420
1791414692.450 24340 4.106
1791414692.471 24348 6.380
1791414692.492 24356 8.740
1791414692.508 24364 6.725
1791414692.526 24372 6.357
1791414692.546 24380 8.380
1791414692.560 24388 4.187
1791414692.581 24396 7.412
1791414692.601 24404 8.594
1791414692.615 24412 4.188
1791414692.635 24420 6.648
1791414692.655 24428 8.521
1791414692.670 24436 4.455
1791414692.692 24444 8.476
1791414692.706 24452 4.265
1791414692.727 24460 7.225
1791414692.747 24468 8.734
1791414692.761 24476 4.278
1791414692.781 24484 6.335
1791414692.801 24492 8.428
1791414692.815 24500 4.394
1791414692.836 24508 6.590
1791414692.856 24516 8.699
1791414692.870 24524 4.251
1791414692.891 24532 6.656
1791414692.911 24540 8.404
1791414692.926 24548 4.371
1791414692.945 24556 6.606
1791414692.965 24564 8.525
1791414692.979 24572 4.123
1791414693.000 24580 6.596
1791414693.020 24588 8.401
1791414693.035 24596 5.243
1791414693.055 24604 6.603
1791414693.075 24612 8.437
1791414693.089 24620 4.223
1791414693.109 24628 6.462
1791414693.130 24636 8.906
1791414693.144 24644 4.493
1791414693.164 24652 6.692
1791414693.185 24660 9.151
1791414693.198 24668 4.147
1791414693.219 24676 6.605
1791414693.239 24684 8.569
1791414693.253 24692 4.306
1791414693.274 24700 6.676
1791414693.293 24708 8.353
1791414693.307 24716 4.085
1791414693.328 24724 6.531
1791414693.348 24732 8.364
1791414693.362 24740 4.411
1791414693.383 24748 6.547
1791414693.403 24756 8.379
1791414693.417 24764 4.160
1791414693.437 24772 6.405
1791414693.458 24780 8.405
1791414693.472 24788 4.120
1791414693.492 24796 6.498
1791414693.512 24804 8.387
1791414693.526 24812 4.131
1791414693.547 24820 6.758
1791414693.567 24828 8.510
1791414693.581 24836 4.561
1791414693.602 24844 6.492
1791414693.622 24852 8.361
1791414693.636 24860 4.497
1791414693.657 24868 6.721
1791414693.677 24876 8.669
1791414693.690 24884 4.155
1791414693.711 24892 6.573
1791414693.731 24900 8.396
1791414693.745 24908 4.142
1791414693.767 24916 8.043
1791414693.786 24924 8.596
1791414693.800 24932 4.110
1791414693.820 24940 6.378
1791414693.841 24948 8.478
1791414693.855 24956 4.810
1791414693.875 24964 6.417
1791414693.895 24972 8.353
1791414693.910 24980 4.720
1791414693.930 24988 6.678
1791414693.950 24996 8.515
1791414693.964 25004 4.189
1791414693.985 25012 6.495
1791414694.005 25020 8.383
1791414694.019 25028 4.277
1791414694.040 25036 7.519
1791414694.059 25044 8.426
1791414694.074 25052 4.460
1791414694.094 25060 6.431
1791414694.114 25068 8.372
1791414694.128 25076 4.431
1791414694.151 25084 9.049
1791414694.165 25092 4.297
1791414694.185 25100 6.519
1791414694.205 25108 8.434
1791414694.219 25116 4.180
1791414694.240 25124 6.322
1791414694.260 25132 8.574
1791414694.274 25140 4.166
1791414694.294 25148 6.464
1791414694.315 25156 8.424
1791414694.329 25164 4.663
1791414694.349 25172 6.448
1791414694.369 25180 8.459
1791414694.383 25188 4.250
1791414694.405 25196 8.022
1791414694.424 25204 8.391
1791414694.438 25212 4.420
1791414694.459 25220 6.561
1791414694.479 25228 8.314
1791414694.493 25236 4.141
1791414694.513 25244 6.598
1791414694.534 25252 8.520
1791414694.547 25260 4.135
1791414694.568 25268 6.465
1791414694.590 25276 10.287
1791414694.603 25284 4.511
1791414694.625 25292 8.384
1791414694.639 25300 4.254
1791414694.659 25308 6.581
1791414694.679 25316 8.444
1791414694.693 25324 4.086
1791414694.714 25332 6.573
1791414694.735 25340 9.414
1791414694.748 25348 4.115
1791414694.770 25356 7.490
1791414694.789 25364 8.364
1791414694.803 25372 4.438
1791414694.824 25380 6.781
1791414694.843 25388 8.359
1791414694.857 25396 4.251
1791414694.878 25404 6.477
1791414694.898 25412 8.629
1791414694.912 25420 4.155
1791414694.933 25428 6.460
1791414694.953 25436 8.445
1791414694.967 25444 4.182
1791414694.987 25452 6.524
1791414695.008 25460 8.369
1791414695.021 25468 4.138
1791414695.042 25476 6.466
1791414695.062 25484 8.502
1791414695.076 25492 4.192
1791414695.097 25500 6.618
1791414695.117 25508 8.408
1791414695.131 25516 4.282
1791414695.152 25524 6.504
1791414695.172 25532 8.372
1791414695.186 25540 4.123
1791414695.206 25548 6.694
1791414695.227 25556 8.553
1791414695.240 25564 4.209
1791414695.261 25572 6.789
1791414695.281 25580 8.346
1791414695.295 25588 4.258
1791414695.317 25596 7.560
1791414695.336 25604 8.541
1791414695.350 25612 4.133
1791414695.370 25620 6.605
1791414695.391 25628 8.442
1791414695.405 25636 4.291
1791414695.425 25644 6.683
1791414695.445 25652 8.572
1791414695.459 25660 4.271
1791414695.480 25668 6.910
1791414695.500 25676 8.421
1791414695.514 25684 4.200
1791414695.534 25692 6.471
1791414695.555 25700 8.338
1791414695.569 25708 4.103
1791414695.589 25716 6.014
1791414695.609 25724 8.424
1791414695.623 25732 4.252
1791414695.644 25740 6.442
1791414695.664 25748 8.492
1791414695.678 25756 4.539
1791414695.699 25764 7.174
1791414695.719 25772 8.360
1791414695.733 25780 4.087
1791414695.753 25788 6.253
1791414695.773 25796 8.376
1791414695.787 25804 4.163
1791414695.808 25812 6.586
1791414695.828 25820 8.421
1791414695.842 25828 4.168
1791414695.863 25836 6.615
1791414695.883 25844 8.550
1791414695.897 25852 4.167
1791414695.917 25860 6.424
1791414695.938 25868 8.477
1791414695.951 25876 4.175
1791414695.972 25884 6.444
1791414695.992 25892 8.473
1791414696.006 25900 4.267
1791414696.027 25908 6.463
1791414696.047 25916 8.451
1791414696.061 25924 4.349
1791414696.082 25932 6.590
1791414696.102 25940 8.398
1791414696.116 25948 4.171
1791414696.136 25956 6.438
1791414696.156 25964 8.550
1791414696.170 25972 4.275
1791414696.191 25980 6.433
1791414696.207 25988 4.200
1791414696.227 25996 6.564
1791414696.248 26004 8.489
1791414696.262 26012 4.197
1791414696.282 26020 6.791
1791414696.302 26028 8.374
1791414696.317 26036 4.607
1791414696.337 26044 6.648
1791414696.357 26052 8.449
1791414696.371 26060 4.226
1791414696.391 26068 6.520
1791414696.408 26076 4.416
1791414696.430 26084 8.432
1791414696.444 26092 4.100
1791414696.464 26100 6.476
1791414696.485 26108 8.423
1791414696.499 26116 4.309
1791414696.519 26124 6.348
1791414696.539 26132 8.281
1791414696.553 26140 4.118
1791414696.574 26148 6.416
1791414696.594 26156 8.590
1791414696.608 26164 4.130
1791414696.629 26172 6.489
1791414696.649 26180 8.470
1791414696.663 26188 4.354
1791414696.683 26196 6.458
1791414696.703 26204 8.430
1791414696.717 26212 4.129
1791414696.738 26220 6.407
1791414696.758 26228 8.409
1791414696.772 26236 4.176
1791414696.793 26244 6.518
1791414696.813 26252 8.401
1791414696.827 26260 4.294
1791414696.847 26268 6.521
1791414696.867 26276 8.388
1791414696.881 26284 4.129
1791414696.902 26292 6.424
1791414696.923 26300 9.353
1791414696.936 26308 4.131
1791414696.957 26316 6.493
1791414696.977 26324 8.421
1791414696.991 26332 4.248
1791414697.011 26340 6.608
1791414697.032 26348 8.391
1791414697.046 26356 4.207
1791414697.066 26364 6.517
1791414697.087 26372 8.674
1791414697.103 26380 6.552
1791414697.121 26388 6.672
1791414697.141 26396 8.381
1791414697.155 26404 4.260
1791414697.175 26412 6.398
1791414697.196 26420 8.397
1791414697.210 26428 4.441
1791414697.230 26436 6.538
1791414697.250 26444 8.472
1791414697.264 26452 4.178
1791414697.285 26460 6.553
1791414697.305 26468 8.436
1791414697.319 26476 4.249
1791414697.342 26484 8.981
1791414697.360 26492 8.423
1791414697.374 26500 4.614
1791414697.394 26508 6.396
1791414697.415 26516 8.417
1791414697.429 26524 4.831
1791414697.449 26532 6.561
1791414697.469 26540 8.510
1791414697.483 26548 4.111
1791414697.504 26556 6.555
1791414697.524 26564 8.440
1791414697.538 26572 4.124
1791414697.558 26580 6.497
1791414697.579 26588 8.397
1791414697.593 26596 4.288
1791414697.613 26604 6.352
1791414697.633 26612 8.459
1791414697.647 26620 4.154
1791414697.668 26628 6.393
1791414697.688 26636 8.632
1791414697.702 26644 4.203
1791414697.723 26652 6.481
1791414697.743 26660 8.650
1791414697.757 26668 4.170
1791414697.777 26676 6.702
1791414697.797 26684 8.353
1791414697.811 26692 4.140
1791414697.832 26700 6.637
1791414697.852 26708 8.377
1791414697.866 26716 4.271
1791414697.887 26724 6.391
1791414697.907 26732 8.455
1791414697.921 26740 4.363
1791414697.941 26748 6.408
1791414697.962 26756 8.499
1791414697.975 26764 4.168
1791414697.996 26772 6.425
1791414698.016 26780 8.444
1791414698.031 26788 4.973
1791414698.051 26796 6.500
1791414698.071 26804 8.367
1791414698.085 26812 4.297
1791414698.105 26820 6.359
1791414698.126 26828 8.406
1791414698.140 26836 4.222
1791414698.161 26844 7.162
1791414698.180 26852 8.532
1791414698.194 26860 4.245
1791414698.215 26868 6.415
1791414698.235 26876 8.587
1791414698.249 26884 4.170
1791414698.269 26892 6.380
1791414698.290 26900 8.483
1791414698.304 26908 4.281
1791414698.327 26916 8.956
1791414698.344 26924 8.336
1791414698.358 26932 4.130
1791414698.380 26940 7.591
1791414698.399 26948 8.516
1791414698.413 26956 4.225
1791414698.434 26964 6.929
1791414698.454 26972 8.377
1791414698.468 26980 4.177
1791414698.490 26988 7.948
1791414698.509 26996 8.441
1791414698.523 27004 4.666
1791414698.543 27012 6.590
1791414698.563 27020 8.411
1791414698.577 27028 4.213
1791414698.598 27036 5.138
1791414698.618 27044 8.452
1791414698.632 27052 4.108
1791414698.652 27060 6.488
1791414698.673 27068 8.479
1791414698.687 27076 4.630
1791414698.707 27084 6.422
1791414698.727 27092 8.426
1791414698.741 27100 4.194
1791414698.762 27108 6.295
1791414698.782 27116 8.778
1791414698.796 27124 4.352
1791414698.817 27132 6.522
1791414698.837 27140 8.513
1791414698.851 27148 4.273
1791414698.871 27156 6.431
1791414698.892 27164 8.435
1791414698.905 27172 4.208
1791414698.926 27180 6.542
1791414698.946 27188 8.540
1791414698.960 27196 4.211
1791414698.981 27204 6.606
1791414699.001 27212 8.447
1791414699.016 27220 5.430
1791414699.036 27228 6.761
1791414699.056 27236 8.449
1791414699.070 27244 4.693
1791414699.090 27252 6.646
1791414699.111 27260 8.645
1791414699.125 27268 5.062
1791414699.145 27276 6.712
1791414699.165 27284 8.465
1791414699.179 27292 4.187
1791414699.200 27300 6.507
1791414699.220 27308 8.728
1791414699.234 27316 4.303
1791414699.256 27324 8.436
1791414699.275 27332 8.610
1791414699.288 27340 4.114
1791414699.309 27348 6.405
1791414699.329 27356 8.429
1791414699.343 27364 4.275
1791414699.364 27372 6.386
1791414699.384 27380 8.454
1791414699.398 27388 4.376
1791414699.418 27396 6.343
1791414699.438 27404 8.401
1791414699.453 27412 4.264
1791414699.473 27420 6.508
1791414699.493 27428 8.470
1791414699.507 27436 4.166
1791414699.528 27444 6.518
1791414699.548 27452 8.438
1791414699.662 27460 104.551
1791414699.666 27468 89.830
1791414699.668 27476 73.582
1791414699.670 27484 57.387
1791414699.673 27492 42.118
1791414699.675 27500 25.874
1791414699.677 27508 9.557
1791414699.694 27516 8.338
1791414699.708 27524 4.201
1791414699.728 27532 6.416
1791414699.749 27540 8.479
1791414699.762 27548 4.128
1791414699.783 27556 6.519
1791414699.803 27564 8.464
1791414699.817 27572 4.141
1791414699.838 27580 6.624
1791414699.858 27588 8.653
1791414699.872 27596 4.159
1791414699.893 27604 7.087
1791414699.913 27612 8.399
1791414699.927 27620 4.199
1791414699.949 27628 8.720
1791414699.967 27636 8.454
1791414699.981 27644 4.213
1791414700.002 27652 7.001
1791414700.022 27660 8.563
1791414700.036 27668 4.066
1791414700.057 27676 6.493
1791414700.077 27684 8.391
1791414700.092 27692 5.521
1791414700.113 27700 8.360
1791414700.127 27708 4.370
1791414700.148 27716 6.726
1791414700.168 27724 8.414
1791414700.182 27732 4.224
1791414700.202 27740 6.493
1791414700.223 27748 8.395
1791414700.237 27756 4.274
1791414700.258 27764 7.029
1791414700.277 27772 8.413
1791414700.291 27780 4.098
1791414700.312 27788 6.407
1791414700.332 27796 8.455
1791414700.346 27804 4.113
1791414700.367 27812 6.502
1791414700.387 27820 8.364
1791414700.401 27828 4.112
1791414700.421 27836 6.433
1791414700.442 27844 8.523
1791414700.455 27852 4.051
1791414700.476 27860 6.701
1791414700.496 27868 8.395
1791414700.510 27876 4.201
1791414700.531 27884 6.463
1791414700.547 27892 4.351
1791414700.567 27900 6.613
1791414700.587 27908 8.403
1791414700.602 27916 5.026
1791414700.622 27924 6.502
1791414700.642 27932 8.462
1791414700.656 27940 4.320
1791414700.676 27948 6.392
1791414700.697 27956 8.540
1791414700.711 27964 4.171
1791414700.731 27972 6.475
1791414700.751 27980 8.428
1791414700.765 27988 4.156
1791414700.786 27996 6.558
1791414700.806 28004 8.414
1791414700.820 28012 4.130
1791414700.841 28020 6.561
1791414700.861 28028 8.447
1791414700.875 28036 4.195
1791414700.895 28044 6.610
1791414700.915 28052 8.404
1791414700.929 28060 4.093
1791414700.950 28068 6.567
1791414700.970 28076 8.406
1791414700.984 28084 4.267
1791414701.007 28092 8.426
1791414701.021 28100 4.143
1791414701.041 28108 6.551
1791414701.061 28116 8.488
1791414701.075 28124 4.164
1791414701.096 28132 6.532
1791414701.116 28140 8.474
1791414701.130 28148 4.129
1791414701.152 28156 6.989
1791414701.171 28164 8.495
1791414701.185 28172 4.345
1791414701.207 28180 8.426
1791414701.221 28188 4.138
1791414701.242 28196 6.390
1791414701.262 28204 8.495
1791414701.276 28212 4.200
1791414701.300 28220 10.075
1791414701.312 28228 4.094
1791414701.333 28236 6.517
1791414701.354 28244 9.266
1791414701.367 28252 4.170
1791414701.388 28260 6.350
1791414701.408 28268 8.573
1791414701.422 28276 4.220
1791414701.443 28284 7.224
1791414701.463 28292 8.401
1791414701.476 28300 4.172
1791414701.497 28308 6.614
1791414701.517 28316 8.517
1791414701.532 28324 5.121
1791414701.552 28332 6.484
1791414701.572 28340 8.372
1791414701.586 28348 4.148
1791414701.606 28356 6.493
1791414701.628 28364 9.873
1791414701.641 28372 4.231
1791414701.661 28380 6.648
1791414701.681 28388 8.442
1791414701.696 28396 4.545
1791414701.716 28404 6.426
1791414701.736 28412 8.479
1791414701.751 28420 5.254
1791414701.771 28428 6.927
1791414701.791 28436 8.437
1791414701.805 28444 4.387
1791414701.825 28452 6.408
1791414701.846 28460 8.558
1791414701.859 28468 4.205
1791414701.880 28476 6.636
1791414701.900 28484 8.560
1791414701.914 28492 4.170
1791414701.935 28500 6.626
1791414701.955 28508 8.468
1791414701.969 28516 4.239
1791414701.989 28524 6.392
1791414702.010 28532 8.495
1791414702.023 28540 4.145
1791414702.044 28548 6.631
1791414702.064 28556 8.438
1791414702.078 28564 4.160
1791414702.099 28572 6.904
1791414702.117 28580 6.514
1791414702.135 28588 6.616
1791414702.151 28596 4.179
1791414702.172 28604 6.979
1791414702.192 28612 8.450
1791414702.206 28620 4.161
1791414702.227 28628 7.135
1791414702.247 28636 8.500
1791414702.261 28644 4.137
1791414702.281 28652 6.548
1791414702.301 28660 8.404
1791414702.315 28668 4.093
1791414702.336 28676 6.369
1791414702.356 28684 8.506
1791414702.370 28692 4.170
1791414702.390 28700 6.423
1791414702.411 28708 8.385
1791414702.425 28716 4.135
1791414702.445 28724 6.523
1791414702.465 28732 8.454
1791414702.479 28740 4.131
1791414702.500 28748 6.542
1791414702.520 28756 8.457
1791414702.534 28764 4.248
1791414702.555 28772 6.941
1791414702.575 28780 8.426
1791414702.589 28788 4.186
1791414702.610 28796 7.218
1791414702.630 28804 8.523
1791414702.643 28812 4.184
1791414702.664 28820 6.711
1791414702.684 28828 8.484
1791414702.698 28836 4.188
1791414702.719 28844 6.380
1791414702.739 28852 8.440
1791414702.753 28860 4.196
1791414702.774 28868 7.035
1791414702.794 28876 8.905
1791414702.808 28884 4.560
1791414702.828 28892 6.463
1791414702.848 28900 8.424
1791414702.862 28908 4.222
1791414702.883 28916 6.514
1791414702.903 28924 8.364
1791414702.917 28932 4.115
1791414702.938 28940 6.618
1791414702.958 28948 8.476
1791414702.972 28956 4.615
1791414702.993 28964 7.421
1791414703.012 28972 8.436
1791414703.026 28980 4.197
1791414703.047 28988 6.547
1791414703.067 28996 8.560
1791414703.081 29004 4.190
1791414703.102 29012 6.403
1791414703.122 29020 8.359
1791414703.136 29028 4.109
1791414703.156 29036 6.426
1791414703.177 29044 8.378
1791414703.190 29052 4.133
1791414703.211 29060 6.438
1791414703.231 29068 8.525
1791414703.245 29076 4.228
1791414703.266 29084 6.529
1791414703.286 29092 8.426
1791414703.300 29100 4.304
1791414703.320 29108 6.471
1791414703.341 29116 8.623
1791414703.355 29124 4.172
1791414703.375 29132 6.590
1791414703.395 29140 8.432
1791414703.412 29148 6.635
1791414703.432 29156 8.480
1791414703.446 29164 4.222
1791414703.466 29172 6.410
1791414703.487 29180 8.417
1791414703.500 29188 4.178
1791414703.523 29196 8.470
1791414703.541 29204 8.374
1791414703.555 29212 4.204
1791414703.576 29220 6.578
1791414703.592 29228 4.274
1791414703.612 29236 6.527
1791414703.632 29244 8.438
1791414703.646 29252 4.156
1791414703.667 29260 6.584
1791414703.687 29268 8.411
1791414703.701 29276 4.214
1791414703.722 29284 6.514
1791414703.742 29292 8.432
1791414703.756 29300 4.281
1791414703.776 29308 6.530
1791414703.797 29316 8.573
1791414703.811 29324 4.239
1791414703.831 29332 6.677
1791414703.851 29340 8.600
1791414703.865 29348 4.075
1791414703.886 29356 6.443
1791414703.906 29364 8.478
1791414703.922 29372 6.545
1791414703.943 29380 9.089
1791414703.956 29388 4.241
1791414703.977 29396 6.566
1791414703.997 29404 8.580
1791414704.011 29412 4.194
1791414704.032 29420 6.368
1791414704.052 29428 8.498
1791414704.066 29436 4.347
1791414704.086 29444 6.369
1791414704.107 29452 8.518
1791414704.121 29460 4.252
1791414704.141 29468 6.460
1791414704.157 29476 4.271
1791414704.177 29484 6.480
1791414704.198 29492 8.363
1791414704.212 29500 4.174
1791414704.232 29508 6.427
1791414704.252 29516 8.516
1791414704.266 29524 4.162
1791414704.287 29532 6.543
1791414704.307 29540 8.409
1791414704.321 29548 4.220
1791414704.342 29556 6.431
1791414704.362 29564 8.431
1791414704.376 29572 4.100
1791414704.396 29580 6.503
1791414704.417 29588 8.444
1791414704.435 29596 8.627
1791414704.449 29604 4.158
1791414704.469 29612 6.423
1791414704.489 29620 8.424
1791414704.503 29628 4.084
1791414704.524 29636 6.498
1791414704.544 29644 8.488
1791414704.558 29652 4.158
1791414704.579 29660 6.360
1791414704.599 29668 8.712
1791414704.615 29676 6.537
1791414704.631 29684 4.301
1791414704.652 29692 6.563
1791414704.672 29700 8.358
1791414704.686 29708 4.184
1791414704.706 29716 6.427
1791414704.727 29724 8.443
1791414704.740 29732 4.189
1791414704.761 29740 6.731
1791414704.782 29748 9.304
1791414704.799 29756 8.403
1791414704.813 29764 4.152
1791414704.836 29772 9.040
1791414704.854 29780 8.559
1791414704.868 29788 4.184
1791414704.889 29796 6.338
1791414704.905 29804 4.265
1791414704.925 29812 6.646
1791414704.945 29820 8.353
1791414704.961 29828 5.549
1791414704.982 29836 8.565
1791414704.996 29844 4.154
1791414705.016 29852 6.631
1791414705.037 29860 8.490
1791414705.050 29868 4.151
1791414705.071 29876 6.558
1791414705.091 29884 8.365
1791414705.105 29892 4.258
1791414705.126 29900 6.519
1791414705.146 29908 8.417
1791414705.160 29916 4.409
1791414705.180 29924 6.618
1791414705.201 29932 8.349
1791414705.215 29940 4.097
1791414705.235 29948 6.644
1791414705.255 29956 8.426
1791414705.270 29964 5.047
1791414705.290 29972 6.599
1791414705.310 29980 8.448
1791414705.324 29988 4.146
1791414705.344 29996 6.367
1791414705.365 30004 8.474
1791414705.379 30012 4.107
1791414705.399 30020 6.430
1791414705.419 30028 8.405
1791414705.433 30036 4.209
1791414705.454 30044 6.398
1791414705.474 30052 8.464
1791414705.488 30060 4.178
1791414705.509 30068 6.418
1791414705.529 30076 8.485
1791414705.543 30084 4.157
1791414705.563 30092 6.405
1791414705.583 30100 8.411
1791414705.598 30108 4.427
1791414705.620 30116 8.574
1791414705.638 30124 8.457
1791414705.652 30132 4.115
1791414705.673 30140 6.329
1791414705.693 30148 8.460
1791414705.707 30156 4.159
1791414705.729 30164 7.733
1791414705.743 30172 4.108
1791414705.764 30180 6.377
1791414705.784 30188 8.420
1791414705.798 30196 4.170
1791414705.819 30204 6.426
1791414705.839 30212 8.363
1791414705.853 30220 4.576
1791414705.873 30228 6.547
1791414705.894 30236 8.600
1791414705.908 30244 4.558
1791414705.929 30252 7.641
1791414705.948 30260 8.441
1791414705.962 30268 4.136
1791414705.983 30276 6.436
1791414706.003 30284 8.404
1791414706.018 30292 5.624
1791414706.040 30300 8.572
1791414706.054 30308 4.927
1791414706.074 30316 6.526
1791414706.094 30324 8.507
1791414706.108 30332 4.433
1791414706.129 30340 6.556
1791414706.150 30348 9.738
1791414706.163 30356 4.114
1791414706.183 30364 6.329
1791414706.204 30372 8.643
1791414706.217 30380 4.225
1791414706.238 30388 6.586
1791414706.258 30396 8.539
1791414706.272 30404 4.100
1791414706.295 30412 8.761
1791414706.313 30420 8.385
1791414706.327 30428 4.071
1791414706.347 30436 6.517
1791414706.368 30444 8.384
1791414706.382 30452 4.222
1791414706.402 30460 6.474
1791414706.422 30468 8.305
1791414706.436 30476 4.239
1791414706.457 30484 6.520
1791414706.477 30492 8.449
1791414706.491 30500 4.211
1791414706.511 30508 6.395
1791414706.532 30516 8.463
1791414706.546 30524 4.439
1791414706.566 30532 6.397
1791414706.586 30540 8.420
1791414706.601 30548 4.914
1791414706.621 30556 6.697
1791414706.641 30564 8.505
1791414706.655 30572 4.301
1791414706.676 30580 6.459
1791414706.696 30588 8.476
1791414706.710 30596 4.356
1791414706.730 30604 6.582
1791414706.751 30612 8.466
1791414706.764 30620 4.141
1791414706.785 30628 6.485
1791414706.805 30636 8.421
1791414706.819 30644 4.186
1791414706.840 30652 6.924
1791414706.860 30660 8.402
1791414706.874 30668 4.359
1791414706.894 30676 6.520
1791414706.915 30684 8.337
1791414706.929 30692 4.163
1791414706.949 30700 6.350
1791414706.969 30708 8.446
1791414706.983 30716 4.092
1791414707.007 30724 9.283
1791414707.020 30732 4.103
1791414707.040 30740 6.372
1791414707.060 30748 8.370
1791414707.074 30756 4.093
1791414707.095 30764 6.379
1791414707.115 30772 8.449
1791414707.129 30780 4.138
1791414707.150 30788 6.980
1791414707.170 30796 8.589
1791414707.184 30804 4.084
1791414707.204 30812 6.481
1791414707.225 30820 8.498
1791414707.239 30828 4.167
1791414707.259 30836 6.516
1791414707.279 30844 8.430
1791414707.293 30852 4.174
1791414707.314 30860 6.369
1791414707.334 30868 8.467
1791414707.348 30876 4.241
1791414707.369 30884 6.626
1791414707.389 30892 8.433
1791414707.403 30900 4.720
1791414707.423 30908 6.473
1791414707.443 30916 8.417
1791414707.457 30924 4.310
1791414707.478 30932 6.480
1791414707.498 30940 8.372
1791414707.512 30948 4.122
1791414707.533 30956 6.961
1791414707.553 30964 8.465
1791414707.567 30972 4.315
1791414707.587 30980 6.433
1791414707.608 30988 8.503
1791414707.625 30996 7.504
1791414707.640 31004 4.674
1791414707.662 31012 8.324
1791414707.681 31020 8.566
1791414707.695 31028 4.846
1791414707.717 31036 8.470
1791414707.731 31044 4.183
1791414707.752 31052 6.753
1791414707.772 31060 8.498
1791414707.786 31068 4.585
1791414707.808 31076 8.341
1791414707.822 31084 4.133
1791414707.843 31092 6.688
1791414707.863 31100 8.507
1791414707.879 31108 6.270
1791414707.897 31116 6.320
1791414707.917 31124 8.400
1791414707.931 31132 4.148
1791414707.952 31140 6.523
1791414707.972 31148 8.410
1791414707.986 31156 4.282
1791414708.007 31164 6.515
1791414708.027 31172 8.416
1791414708.041 31180 4.298
1791414708.063 31188 7.563
1791414708.082 31196 8.560
1791414708.096 31204 4.181
1791414708.118 31212 8.794
1791414708.136 31220 8.402
1791414708.150 31228 4.260
1791414708.171 31236 6.560
1791414708.191 31244 8.450
1791414708.205 31252 4.072
1791414708.226 31260 6.459
1791414708.246 31268 8.397
1791414708.260 31276 4.416
1791414708.282 31284 8.446
1791414708.296 31292 4.136
1791414708.317 31300 6.972
1791414708.337 31308 8.482
1791414708.351 31316 4.194
1791414708.371 31324 6.544
1791414708.392 31332 8.350
1791414708.405 31340 4.107
1791414708.426 31348 6.546
1791414708.446 31356 8.449
1791414708.460 31364 4.195
1791414708.481 31372 6.509
1791414708.501 31380 8.438
1791414708.515 31388 4.212
1791414708.536 31396 6.970
1791414708.556 31404 8.366
1791414708.570 31412 4.185
1791414708.590 31420 6.542
1791414708.611 31428 8.567
1791414708.624 31436 4.173
1791414708.645 31444 6.350
1791414708.665 31452 8.391
1791414708.679 31460 4.167
1791414708.702 31468 8.540
1791414708.716 31476 4.127
1791414708.736 31484 6.473
1791414708.756 31492 8.537
1791414708.770 31500 4.189
1791414708.791 31508 6.493
1791414708.811 31516 8.495
1791414708.827 31524 6.680
1791414708.847 31532 8.403
1791414708.861 31540 4.085
1791414708.882 31548 6.619
1791414708.902 31556 8.409
1791414708.916 31564 4.310
1791414708.937 31572 6.695
1791414708.957 31580 8.456
1791414708.971 31588 4.111
1791414708.991 31596 6.349
1791414709.012 31604 8.487
1791414709.025 31612 4.135
1791414709.046 31620 6.532
1791414709.066 31628 8.436
1791414709.080 31636 4.254
1791414709.101 31644 6.350
1791414709.121 31652 8.695
1791414709.135 31660 4.182
1791414709.155 31668 6.429
1791414709.176 31676 8.789
1791414709.190 31684 4.110
1791414709.210 31692 6.330
1791414709.230 31700 8.352
1791414709.244 31708 4.139
1791414709.265 31716 6.799
1791414709.281 31724 4.128
1791414709.302 31732 7.229
1791414709.322 31740 8.602
1791414709.335 31748 4.099
1791414709.356 31756 6.350
1791414709.376 31764 8.426
1791414709.390 31772 4.160
1791414709.411 31780 6.461
1791414709.431 31788 8.619
1791414709.445 31796 4.548
1791414709.463 31804 4.043
1791414709.484 31812 6.360
1791414709.504 31820 8.395
1791414709.518 31828 4.237
1791414709.538 31836 6.548
1791414709.559 31844 8.394
1791414709.573 31852 4.254
1791414709.593 31860 6.436
1791414709.613 31868 8.556
1791414709.627 31876 4.130
1791414709.648 31884 6.579
1791414709.668 31892 8.407
1791414709.682 31900 4.205
1791414709.703 31908 6.555
1791414709.723 31916 8.474
1791414709.738 31924 5.532
1791414709.760 31932 8.861
1791414709.773 31940 4.147
1791414709.794 31948 6.461
1791414709.814 31956 8.590
1791414709.828 31964 4.262
1791414709.848 31972 6.486
1791414709.869 31980 8.538
1791414709.882 31988 4.132
1791414709.903 31996 6.411
1791414709.923 32004 8.511
1791414709.937 32012 4.112
1791414709.958 32020 6.587
1791414709.978 32028 8.433
1791414709.992 32036 4.344
1791414710.012 32044 6.426
1791414710.033 32052 8.332
1791414710.047 32060 4.187
1791414710.067 32068 6.552
1791414710.083 32076 4.144
1791414710.104 32084 6.692
1791414710.124 32092 8.479
1791414710.138 32100 4.215
1791414710.158 32108 6.279
1791414710.179 32116 8.504
1791414710.193 32124 4.397
1791414710.213 32132 6.528
1791414710.233 32140 8.393
1791414710.247 32148 4.131
1791414710.268 32156 6.465
1791414710.284 32164 4.171
1791414710.304 32172 6.335
1791414710.316 32180 3.070
1791414710.330 32188 3.231
1791414710.344 32196 3.214
1791414710.357 32204 3.042
1791414710.371 32212 3.116
1791414710.387 32220 5.520
1791414710.398 32228 3.036
1791414710.412 32236 3.049
1791414710.428 32244 5.073
1791414710.445 32252 8.099
1791414710.458 32260 8.147
1791414710.472 32268 8.157
1791414710.486 32276 8.265
1791414710.499 32284 8.228
1791414710.513 32292 8.152
1791414710.527 32300 8.286
1791414710.541 32308 8.475
1791414710.554 32316 8.354
1791414710.568 32324 8.181
1791414710.581 32332 8.110
1791414710.595 32340 8.211
1791414710.604 32348 3.309
1791414710.617 32356 3.194
1791414710.633 32364 4.868
1791414710.648 32372 6.997
1791414710.662 32380 6.348
1791414710.677 32388 8.154
1791414710.691 32396 8.182
1791414710.704 32404 8.210
1791414710.718 32412 8.342
1791414710.732 32420 8.194
1791414710.745 32428 8.173
1791414710.759 32436 8.105
1791414710.773 32444 8.295
1791414710.789 32452 10.895
1791414710.800 32460 8.338
1791414710.814 32468 8.240
1791414710.828 32476 8.339
1791414710.841 32484 8.109
1791414710.855 32492 8.132
1791414710.868 32500 8.206
1791414710.882 32508 8.167
1791414710.896 32516 8.101
1791414710.910 32524 8.519
1791414710.923 32532 8.232
1791414710.937 32540 8.253
1791414710.952 32548 9.470
1791414710.964 32556 8.210
1791414710.978 32564 8.274
1791414710.992 32572 8.204
1791414711.005 32580 8.223
1791414711.019 32588 8.228
1791414711.033 32596 8.173
1791414711.046 32604 8.170
1791414711.060 32612 8.329
1791414711.077 32620 8.832
1791414711.082 32628 3.393
1791414711.099 32636 6.558
1791414711.116 32644 9.283
1791414711.128 32652 8.095
1791414711.141 32660 6.233
1791414711.154 32668 6.837
1791414711.169 32676 8.068
1791414711.182 32684 6.007
1791414711.195 32692 6.918
1791414711.210 32700 7.902
1791414711.223 32708 6.943
1791414711.237 32716 7.285
1791414711.251 32724 7.991
1791414711.264 32732 6.100
1791414711.278 32740 5.826
1791414711.293 32748 8.434
1791414711.301 32756 3.394
1791414711.319 32764 7.071
1791414711.334 32772 8.232
1791414711.349 32780 8.317
1791414711.358 32788 4.928
1791414711.375 32796 8.439
1791414711.388 32804 8.466
1791414711.403 32812 8.220
1791414711.415 32820 8.143
1791414711.429 32828 8.114
1791414711.443 32836 8.201
1791414711.457 32844 8.786
1791414711.471 32852 9.150
1791414711.484 32860 8.335
1791414711.497 32868 8.067
1791414711.511 32876 8.284
1791414711.525 32884 8.285
1791414711.534 32892 3.358
1791414711.551 32900 7.440
1791414711.567 32908 9.017
1791414711.580 32916 8.297
1791414711.593 32924 8.285
1791414711.607 32932 8.219
1791414711.621 32940 8.166
1791414711.634 32948 8.123
1791414711.648 32956 8.129
1791414711.662 32964 8.123
1791414711.678 32972 8.440
1791414711.684 32980 3.212
1791414711.698 32988 3.229
1791414711.712 32996 3.413
1791414711.725 33004 3.067
1791414711.739 33012 3.136
1791414711.752 33020 3.180
1791414711.766 33028 3.263
1791414711.780 33036 3.052
1791414711.795 33044 4.969
1791414711.811 33052 7.120
1791414711.826 33060 8.114
1791414711.841 33068 8.958
1791414711.853 33076 8.123
1791414711.862 33084 3.388
1791414711.879 33092 7.125
1791414711.897 33100 8.785
1791414711.903 33108 3.014
1791414711.916 33116 3.214
1791414711.930 33124 3.156
1791414711.946 33132 4.952
1791414711.963 33140 8.210
1791414711.976 33148 8.141
1791414711.990 33156 8.153
1791414712.005 33164 9.170
1791414712.017 33172 8.219
1791414712.031 33180 8.149
1791414712.045 33188 8.079
1791414712.058 33196 8.343
1791414712.072 33204 8.117
1791414712.086 33212 8.336
1791414712.099 33220 8.258
1791414712.113 33228 8.201
1791414712.127 33236 8.196
1791414712.140 33244 8.210
1791414712.155 33252 8.311
1791414712.168 33260 8.239
1791414712.181 33268 8.131
1791414712.195 33276 8.191
1791414712.209 33284 8.161
1791414712.222 33292 8.180
1791414712.236 33300 8.275
1791414712.250 33308 8.267
1791414712.266 33316 8.948
1791414712.272 33324 3.084
1791414712.286 33332 3.266
1791414712.301 33340 4.848
1791414712.317 33348 7.087
1791414712.334 33356 9.741
1791414712.346 33364 8.312
1791414712.359 33372 8.145
1791414712.373 33380 8.105
1791414712.387 33388 9.144
1791414712.400 33396 8.134
1791414712.417 33404 8.949
1791414712.422 33412 3.050
1791414712.436 33420 3.027
1791414712.450 33428 3.265
1791414712.465 33436 5.047
1791414712.481 33444 7.155
1791414712.497 33452 9.074
1791414712.512 33460 9.132
1791414712.518 33468 3.164
1791414712.534 33476 5.118
1791414712.551 33484 8.560
1791414712.561 33492 4.535
1791414712.573 33500 3.125
1791414712.587 33508 3.108
1791414712.600 33516 3.202
1791414712.614 33524 3.170
1791414712.628 33532 3.121
1791414712.641 33540 3.150
1791414712.655 33548 3.102
1791414712.668 33556 3.015
1791414712.682 33564 3.025
1791414712.696 33572 3.055
1791414712.709 33580 3.008
1791414712.724 33588 4.327
1791414712.737 33596 3.158
1791414712.751 33604 3.071
1791414712.765 33612 3.435
1791414712.778 33620 3.217
1791414712.792 33628 3.123
1791414712.805 33636 3.205
1791414712.819 33644 3.236
1791414712.833 33652 3.506
1791414712.846 33660 3.064
1791414712.860 33668 3.092
1791414712.874 33676 3.074
1791414712.888 33684 3.831
1791414712.901 33692 3.107
1791414712.915 33700 3.046
1791414712.928 33708 3.084
1791414712.942 33716 3.210
1791414712.958 33724 5.011
1791414712.973 33732 6.923
1791414712.987 33740 6.330
1791414713.002 33748 8.357
1791414713.012 33756 4.384
1791414713.024 33764 3.067
1791414713.038 33772 3.030
1791414713.051 33780 3.040
1791414713.065 33788 3.019
1791414713.079 33796 2.996
1791414713.092 33804 3.038
1791414713.106 33812 3.038
1791414713.120 33820 3.395
1791414713.136 33828 5.083
1791414713.153 33836 7.280
1791414713.167 33844 9.312
1791414713.180 33852 8.168
1791414713.198 33860 10.666
1791414713.202 33868 3.200
1791414713.216 33876 3.060
1791414713.229 33884 3.210
1791414713.243 33892 3.079
1791414713.257 33900 3.205
1791414713.270 33908 3.087
1791414713.288 33916 7.157
1791414713.301 33924 6.940
1791414713.315 33932 6.417
1791414713.330 33940 8.432
1791414713.344 33948 8.103
1791414713.357 33956 8.145
1791414713.371 33964 8.157
1791414713.381 33972 4.696
1791414713.394 33980 3.327
1791414713.412 33988 8.153
1791414713.426 33996 8.360
1791414713.441 34004 9.317
1791414713.453 34012 8.188
1791414713.467 34020 8.539
1791414713.481 34028 8.316
1791414713.494 34036 8.199
1791414713.508 34044 8.188
1791414713.522 34052 8.156
1791414713.535 34060 8.182
1791414713.549 34068 8.153
1791414713.563 34076 8.324
1791414713.576 34084 8.203
1791414713.591 34092 8.237
1791414713.604 34100 8.166
1791414713.617 34108 8.146
1791414713.631 34116 8.264
1791414713.645 34124 8.309
1791414713.658 34132 8.230
1791414713.672 34140 8.212
1791414713.686 34148 8.216
1791414713.699 34156 8.217
1791414713.714 34164 9.230
1791414713.723 34172 4.640
1791414713.735 34180 3.120
1791414713.749 34188 3.096
1791414713.763 34196 3.166
1791414713.776 34204 3.032
1791414713.791 34212 4.255
1791414713.804 34220 3.051
1791414713.817 34228 3.100
1791414713.831 34236 3.064
1791414713.847 34244 4.937
1791414713.862 34252 7.010
1791414713.878 34260 8.973
1791414713.891 34268 8.167
1791414713.904 34276 8.169
1791414713.918 34284 8.130
1791414713.932 34292 8.101
1791414713.945 34300 8.130
1791414713.961 34308 8.187
1791414713.972 34316 7.367
1791414713.985 34324 7.109
1791414713.999 34332 6.099
1791414714.016 34340 10.447
1791414714.029 34348 9.035
1791414714.042 34356 9.009
1791414714.058 34364 9.128
1791414714.064 34372 3.128
1791414714.077 34380 3.261
1791414714.091 34388 3.336
1791414714.105 34396 3.151
1791414714.119 34404 3.597
1791414714.138 34412 8.201
1791414714.154 34420 8.843
1791414714.159 34428 3.245
1791414714.173 34436 3.231
1791414714.187 34444 3.147
1791414714.205 34452 8.042
1791414714.218 34460 7.241
1791414714.233 34468 8.544
1791414714.246 34476 8.142
1791414714.261 34484 9.330
1791414714.274 34492 8.347
1791414714.287 34500 8.117
1791414714.301 34508 8.122
1791414714.316 34516 8.872
1791414714.329 34524 8.303
1791414714.342 34532 8.182
1791414714.356 34540 8.145
1791414714.370 34548 8.423
1791414714.383 34556 8.142
1791414714.397 34564 8.144
1791414714.410 34572 8.123
1791414714.424 34580 8.366
1791414714.438 34588 8.192
1791414714.453 34596 9.276
1791414714.466 34604 8.486
1791414714.479 34612 8.168
1791414714.493 34620 8.150
1791414714.506 34628 8.098
1791414714.520 34636 8.216
1791414714.535 34644 9.038
1791414714.547 34652 8.217
1791414714.561 34660 8.132
1791414714.575 34668 8.147
1791414714.583 34676 3.414
1791414714.599 34684 4.860
1791414714.612 34692 5.028
1791414714.632 34700 9.267
1791414714.639 34708 4.253
1791414714.652 34716 3.105
1791414714.665 34724 3.037
1791414714.679 34732 3.096
1791414714.693 34740 3.115
1791414714.706 34748 3.094
1791414714.720 34756 3.118
1791414714.734 34764 3.052
1791414714.747 34772 3.001
1791414714.765 34780 7.151
1791414714.779 34788 5.745
1791414714.795 34796 9.250
1791414714.807 34804 8.451
1791414714.821 34812 8.266
1791414714.834 34820 8.213
1791414714.848 34828 8.234
1791414714.862 34836 8.117
1791414714.875 34844 8.144
1791414714.889 34852 8.177
1791414714.903 34860 8.089
1791414714.916 34868 8.179
1791414714.930 34876 8.189
1791414714.944 34884 8.338
1791414714.958 34892 8.178
1791414714.971 34900 8.161
1791414714.985 34908 8.371
1791414714.999 34916 8.251
1791414715.013 34924 8.671
1791414715.026 34932 8.249
1791414715.040 34940 8.100
1791414715.053 34948 8.145
1791414715.067 34956 8.209
1791414715.081 34964 8.175
1791414715.094 34972 8.138
1791414715.108 34980 8.222
1791414715.122 34988 8.477
1791414715.136 34996 8.570
1791414715.144 35004 3.268
1791414715.163 35012 8.190
1791414715.175 35020 6.969
1791414715.189 35028 7.097
1791414715.202 35036 6.889
1791414715.216 35044 6.992
1791414715.231 35052 8.392
1791414715.245 35060 8.215
1791414715.258 35068 8.102
1791414715.272 35076 8.129
1791414715.286 35084 8.310
1791414715.299 35092 8.190
1791414715.313 35100 8.148
1791414715.327 35108 8.174
1791414715.340 35116 8.188
1791414715.354 35124 8.421
1791414715.368 35132 8.261
1791414715.385 35140 9.039
1791414715.390 35148 3.366
1791414715.404 35156 3.241
1791414715.417 35164 3.099
1791414715.431 35172 3.184
1791414715.445 35180 3.086
1791414715.458 35188 3.040
1791414715.472 35196 3.150
1791414715.486 35204 3.096
1791414715.500 35212 3.181
1791414715.513 35220 3.044
1791414715.527 35228 3.159
1791414715.540 35236 3.099
1791414715.554 35244 3.192
1791414715.568 35252 3.138
1791414715.582 35260 3.164
1791414715.595 35268 3.063
1791414715.609 35276 3.215
1791414715.623 35284 3.161
1791414715.637 35292 3.390
1791414715.650 35300 3.153
1791414715.664 35308 3.168
1791414715.677 35316 3.027
1791414715.695 35324 7.039
1791414715.709 35332 7.246
1791414715.718 35340 3.051
1791414715.734 35348 4.918
1791414715.747 35356 4.907
1791414715.764 35364 8.078
1791414715.777 35372 6.991
1791414715.791 35380 7.012
1791414715.806 35388 8.582
1791414715.819 35396 8.172
1791414715.835 35404 8.524
1791414715.843 35412 4.971
1791414715.857 35420 4.745
1791414715.874 35428 8.249
1791414715.888 35436 8.304
1791414715.901 35444 8.153
1791414715.915 35452 8.077
1791414715.928 35460 8.128
1791414715.942 35468 8.215
1791414715.956 35476 8.223
1791414715.970 35484 8.221
1791414715.983 35492 8.144
1791414715.999 35500 8.382
1791414716.008 35508 6.000
1791414716.023 35516 7.099
1791414716.038 35524 8.397
1791414716.047 35532 3.313
1791414716.061 35540 4.010
1791414716.076 35548 4.971
1791414716.094 35556 9.271
1791414716.108 35564 8.432
1791414716.115 35572 3.266
1791414716.129 35580 3.117
1791414716.142 35588 3.253
1791414716.156 35596 3.050
1791414716.171 35604 4.220
1791414716.183 35612 3.121
1791414716.197 35620 3.081
1791414716.211 35628 3.166
1791414716.224 35636 3.228
1791414716.238 35644 3.032
1791414716.252 35652 3.240
1791414716.265 35660 3.133
1791414716.279 35668 3.120
1791414716.295 35676 5.620
1791414716.310 35684 6.246
1791414716.324 35692 6.067
1791414716.340 35700 8.757
1791414716.352 35708 8.235
1791414716.366 35716 8.308
1791414716.380 35724 8.265
1791414716.395 35732 9.072
1791414716.407 35740 8.427
1791414716.421 35748 8.084
1791414716.434 35756 8.159
1791414716.449 35764 8.340
1791414716.462 35772 8.143
1791414716.476 35780 8.175
1791414716.489 35788 8.201
1791414716.506 35796 9.101
1791414716.511 35804 3.001
1791414716.525 35812 3.102
1791414716.539 35820 3.059
1791414716.553 35828 3.229
1791414716.566 35836 3.079
1791414716.580 35844 3.254
1791414716.593 35852 3.051
1791414716.607 35860 3.066
1791414716.621 35868 3.233
1791414716.638 35876 6.767
1791414716.653 35884 7.590
1791414716.669 35892 9.507
1791414716.681 35900 8.189
1791414716.694 35908 8.205
1791414716.709 35916 9.003
1791414716.722 35924 8.320
1791414716.735 35932 8.211
1791414716.749 35940 8.260
1791414716.763 35948 8.233
1791414716.776 35956 8.189
1791414716.793 35964 9.166
1791414716.800 35972 4.060
1791414716.815 35980 6.105
1791414716.830 35988 7.107
1791414716.846 35996 8.939
1791414716.858 36004 8.159
1791414716.872 36012 8.160
1791414716.886 36020 8.183
1791414716.899 36028 8.134
1791414716.913 36036 8.155
1791414716.927 36044 8.456
1791414716.941 36052 8.366
1791414716.949 36060 3.238
1791414716.963 36068 3.077
1791414716.977 36076 3.194
1791414716.992 36084 4.835
1791414717.008 36092 7.080
1791414717.023 36100 8.390
1791414717.032 36108 3.508
1791414717.045 36116 3.064
1791414717.059 36124 3.186
1791414717.072 36132 3.065
1791414717.086 36140 3.111
1791414717.104 36148 7.178
1791414717.118 36156 8.105
1791414717.131 36164 5.833
1791414717.145 36172 6.742
1791414717.160 36180 8.972
1791414717.173 36188 8.194
1791414717.187 36196 8.094
1791414717.200 36204 8.146
1791414717.217 36212 9.475
1791414717.223 36220 3.292
1791414717.236 36228 3.174
1791414717.250 36236 3.072
1791414717.264 36244 3.357
1791414717.282 36252 7.918
1791414717.295 36260 7.108
1791414717.310 36268 8.199
1791414717.325 36276 9.303
1791414717.338 36284 8.424
1791414717.351 36292 8.126
1791414717.364 36300 8.165
1791414717.378 36308 8.196
1791414717.392 36316 8.246
1791414717.406 36324 8.211
1791414717.419 36332 8.186
1791414717.433 36340 8.253
1791414717.448 36348 9.107
1791414717.460 36356 8.364
1791414717.474 36364 8.319
1791414717.489 36372 8.866
1791414717.501 36380 8.224
1791414717.515 36388 8.193
1791414717.529 36396 8.454
1791414717.542 36404 8.226
1791414717.556 36412 8.134
1791414717.570 36420 8.097
1791414717.583 36428 8.186
1791414717.598 36436 8.303
1791414717.611 36444 8.176
1791414717.624 36452 8.195
1791414717.638 36460 8.171
1791414717.653 36468 9.595
1791414717.665 36476 8.075
1791414717.679 36484 8.222
1791414717.693 36492 8.108
1791414717.708 36500 8.817
1791414717.720 36508 8.239
1791414717.734 36516 8.127
1791414717.750 36524 8.972
1791414717.756 36532 3.194
1791414717.770 36540 3.146
1791414717.787 36548 6.399
1791414717.801 36556 7.044
1791414717.815 36564 7.741
1791414717.828 36572 7.050
1791414717.845 36580 10.042
1791414717.858 36588 9.509
1791414717.871 36596 8.279
1791414717.884 36604 8.235
1791414717.898 36612 8.167
1791414717.912 36620 8.290
1791414717.925 36628 8.190
1791414717.939 36636 8.219
1791414717.952 36644 8.143
1791414717.966 36652 8.112
1791414717.980 36660 8.164
1791414717.994 36668 8.229
1791414718.007 36676 8.113
1791414718.021 36684 8.280
1791414718.035 36692 8.192
1791414718.048 36700 8.278
1791414718.062 36708 8.213
1791414718.078 36716 8.709
1791414718.084 36724 3.201
1791414718.098 36732 3.065
1791414718.111 36740 3.018
1791414718.125 36748 3.100
1791414718.139 36756 3.183
1791414718.153 36764 3.183
1791414718.166 36772 3.024
1791414718.180 36780 3.118
1791414718.194 36788 3.046
1791414718.207 36796 3.114
1791414718.221 36804 3.119
1791414718.235 36812 3.068
1791414718.248 36820 3.063
1791414718.264 36828 5.281
1791414718.277 36836 4.861
1791414718.294 36844 5.469
1791414718.310 36852 9.382
1791414718.322 36860 8.244
1791414718.335 36868 8.241
1791414718.349 36876 8.164
1791414718.363 36884 8.216
1791414718.376 36892 8.227
1791414718.390 36900 8.119
1791414718.404 36908 8.198
1791414718.419 36916 8.806
1791414718.431 36924 8.432
1791414718.445 36932 8.271
1791414718.459 36940 8.205
1791414718.473 36948 9.077
1791414718.486 36956 8.193
1791414718.499 36964 8.106
1791414718.513 36972 8.177
1791414718.527 36980 8.161
1791414718.545 36988 11.275
1791414718.551 36996 4.924
1791414718.568 37004 8.400
1791414718.578 37012 4.339
1791414718.590 37020 3.130
1791414718.604 37028 3.193
1791414718.617 37036 3.065
1791414718.631 37044 3.039
1791414718.646 37052 4.317
1791414718.659 37060 3.129
1791414718.672 37068 3.037
1791414718.686 37076 3.102
1791414718.700 37084 3.257
1791414718.713 37092 3.275
1791414718.727 37100 3.115
1791414718.741 37108 3.015
1791414718.755 37116 3.339
1791414718.768 37124 3.104
1791414718.782 37132 3.075
1791414718.795 37140 3.051
1791414718.809 37148 3.157
1791414718.823 37156 3.095
1791414718.836 37164 3.136
1791414718.850 37172 3.155
1791414718.864 37180 3.332
1791414718.877 37188 3.121
1791414718.891 37196 3.149
1791414718.906 37204 4.836
1791414718.925 37212 9.259
1791414718.937 37220 8.195
1791414718.951 37228 8.390
1791414718.966 37236 8.883
1791414718.978 37244 8.219
1791414718.992 37252 8.215
1791414719.006 37260 8.220
1791414719.021 37268 8.688
1791414719.030 37276 4.928
1791414719.045 37284 7.089
1791414719.059 37292 6.290
1791414719.074 37300 8.455
1791414719.083 37308 3.219
1791414719.098 37316 5.055
1791414719.114 37324 7.053
1791414719.130 37332 9.099
1791414719.142 37340 8.105
1791414719.158 37348 9.928
1791414719.170 37356 8.249
1791414719.184 37364 8.662
1791414719.197 37372 8.197
1791414719.211 37380 8.195
1791414719.226 37388 9.015
1791414719.238 37396 8.248
1791414719.255 37404 8.884
1791414719.260 37412 3.181
1791414719.278 37420 6.149
1791414719.291 37428 6.905
1791414719.306 37436 7.993
1791414719.319 37444 6.047
1791414719.334 37452 8.010
1791414719.346 37460 5.713
1791414719.362 37468 8.913
1791414719.376 37476 9.111
1791414719.390 37484 9.892
1791414719.402 37492 8.183
1791414719.416 37500 8.199
1791414719.430 37508 8.278
1791414719.438 37516 3.467
1791414719.452 37524 3.329
1791414719.467 37532 4.998
1791414719.485 37540 8.835
1791414719.494 37548 4.442
1791414719.506 37556 3.127
1791414719.520 37564 3.079
1791414719.534 37572 3.186
1791414719.547 37580 3.025
1791414719.561 37588 3.322
1791414719.575 37596 3.190
1791414719.588 37604 3.035
1791414719.602 37612 3.163
1791414719.617 37620 4.256
1791414719.630 37628 3.464
1791414719.643 37636 3.022
1791414719.657 37644 3.462
1791414719.671 37652 3.082
1791414719.686 37660 4.847
1791414719.702 37668 7.214
1791414719.717 37676 8.216
1791414719.731 37684 8.682
1791414719.744 37692 8.183
1791414719.758 37700 8.188
1791414719.771 37708 8.277
1791414719.785 37716 8.324
1791414719.799 37724 8.936
1791414719.813 37732 8.442
1791414719.826 37740 8.205
1791414719.840 37748 8.408
1791414719.853 37756 8.145
1791414719.867 37764 8.301
1791414719.881 37772 8.199
1791414719.896 37780 8.329
1791414719.908 37788 8.163
1791414719.922 37796 8.096
1791414719.936 37804 8.194
1791414719.949 37812 8.165
1791414719.963 37820 8.305
1791414719.977 37828 8.228
1791414719.990 37836 8.187
1791414720.004 37844 8.161
1791414720.018 37852 8.736
1791414720.031 37860 8.334
1791414720.045 37868 8.358
1791414720.059 37876 8.189
1791414720.075 37884 8.929
1791414720.081 37892 3.351
1791414720.094 37900 3.042
1791414720.108 37908 3.074
1791414720.122 37916 3.106
1791414720.136 37924 3.090
1791414720.151 37932 4.830
1791414720.165 37940 4.782
1791414720.183 37948 9.185
1791414720.195 37956 8.245
1791414720.210 37964 9.154
1791414720.223 37972 8.128
1791414720.236 37980 8.140
1791414720.250 37988 8.260
1791414720.264 37996 8.416
1791414720.277 38004 8.160
1791414720.291 38012 8.163
1791414720.305 38020 8.368
1791414720.318 38028 8.259
1791414720.332 38036 8.438
1791414720.346 38044 8.405
1791414720.355 38052 3.415
1791414720.370 38060 5.305
1791414720.386 38068 6.032
1791414720.401 38076 8.539
1791414720.409 38084 3.180
1791414720.423 38092 3.173
1791414720.436 38100 3.157
1791414720.450 38108 3.033
1791414720.464 38116 3.410
1791414720.477 38124 3.079
1791414720.491 38132 3.055
1791414720.507 38140 5.215
1791414720.519 38148 3.203
1791414720.532 38156 3.118
1791414720.546 38164 3.328
1791414720.559 38172 3.087
1791414720.573 38180 3.163
1791414720.589 38188 4.909
1791414720.607 38196 9.186
1791414720.619 38204 8.143
1791414720.633 38212 8.206
1791414720.647 38220 8.177
1791414720.660 38228 8.168
1791414720.674 38236 8.169
1791414720.688 38244 8.173
1791414720.706 38252 10.891
1791414720.710 38260 3.141
1791414720.728 38268 7.110
1791414720.741 38276 5.597
1791414720.757 38284 9.209
1791414720.770 38292 8.400
1791414720.784 38300 8.410
1791414720.797 38308 8.101
1791414720.812 38316 9.270
1791414720.826 38324 8.572
1791414720.835 38332 4.855
1791414720.851 38340 7.125
1791414720.865 38348 8.157
1791414720.879 38356 8.243
1791414720.893 38364 8.212
1791414720.906 38372 8.099
1791414720.920 38380 8.273
1791414720.934 38388 8.188
1791414720.947 38396 8.181
1791414720.961 38404 8.137
1791414720.975 38412 8.194
1791414720.989 38420 8.344
1791414721.002 38428 8.213
1791414721.016 38436 8.140
1791414721.029 38444 8.100
1791414721.039 38452 3.478
1791414721.056 38460 7.055
1791414721.069 38468 6.948
1791414721.083 38476 5.860
1791414721.099 38484 9.015
1791414721.113 38492 9.409
1791414721.127 38500 9.333
1791414721.139 38508 8.144
1791414721.153 38516 8.388
1791414721.166 38524 8.311
1791414721.180 38532 8.198
1791414721.194 38540 8.574
1791414721.208 38548 8.371
1791414721.221 38556 8.155
1791414721.235 38564 8.173
1791414721.248 38572 8.150
1791414721.262 38580 8.253
1791414721.276 38588 8.213
1791414721.290 38596 8.964
1791414721.303 38604 8.428
1791414721.314 38612 5.268
1791414721.325 38620 3.166
1791414721.339 38628 3.141
1791414721.353 38636 3.385
1791414721.366 38644 3.195
1791414721.380 38652 3.146
1791414721.394 38660 3.160
1791414721.407 38668 3.213
1791414721.421 38676 3.129
1791414721.435 38684 3.130
1791414721.449 38692 3.306
1791414721.462 38700 3.072
1791414721.476 38708 3.091
1791414721.489 38716 3.163
1791414721.503 38724 3.377
1791414721.517 38732 3.325
1791414721.530 38740 3.103
1791414721.544 38748 3.211
1791414721.558 38756 3.217
1791414721.571 38764 3.098
1791414721.585 38772 3.094
1791414721.599 38780 3.363
1791414721.613 38788 3.118
1791414721.626 38796 3.182
1791414721.640 38804 3.299
1791414721.657 38812 6.819
1791414721.669 38820 4.991
1791414721.684 38828 6.232
1791414721.699 38836 7.284
1791414721.714 38844 8.583
1791414721.727 38852 8.428
1791414721.741 38860 8.318
1791414721.756 38868 8.857
1791414721.768 38876 8.327
1791414721.782 38884 8.302
1791414721.796 38892 8.491
1791414721.813 38900 10.370
1791414721.818 38908 3.107
1791414721.832 38916 3.380
1791414721.847 38924 5.202
1791414721.863 38932 7.112
1791414721.876 38940 5.903
1791414721.890 38948 6.351
1791414721.904 38956 7.084
1791414721.919 38964 8.462
1791414721.932 38972 8.264
1791414721.946 38980 8.268
1791414721.960 38988 8.523
1791414721.973 38996 8.217
1791414721.987 39004 8.241
1791414722.001 39012 8.210
1791414722.015 39020 8.488
1791414722.028 39028 8.338
1791414722.042 39036 8.252
1791414722.055 39044 8.207
1791414722.069 39052 8.537
1791414722.083 39060 8.302
1791414722.101 39068 11.501
1791414722.105 39076 3.099
1791414722.119 39084 3.763
1791414722.132 39092 3.081
1791414722.146 39100 3.264
1791414722.166 39108 9.655
1791414722.182 39116 9.363
1791414722.187 39124 3.314
1791414722.203 39132 5.717
1791414722.216 39140 4.824
1791414722.233 39148 7.715
1791414722.246 39156 5.468
1791414722.259 39164 5.731
1791414722.275 39172 9.129
1791414722.291 39180 9.492
1791414722.296 39188 3.175
1791414722.310 39196 3.181
1791414722.324 39204 3.129
1791414722.337 39212 3.042
1791414722.351 39220 3.086
1791414722.369 39228 7.480
1791414722.383 39236 8.124
1791414722.393 39244 4.324
1791414722.406 39252 3.059
1791414722.421 39260 5.094
1791414722.440 39268 9.689
1791414722.451 39276 6.932
1791414722.464 39284 6.909
1791414722.479 39292 8.260
1791414722.493 39300 8.272
1791414722.507 39308 8.448
1791414722.520 39316 8.208
1791414722.534 39324 8.135
1791414722.549 39332 8.919
1791414722.561 39340 8.378
1791414722.575 39348 8.197
1791414722.589 39356 8.159
1791414722.597 39364 3.345
1791414722.613 39372 5.332
1791414722.631 39380 9.480
1791414722.646 39388 10.453
1791414722.658 39396 8.546
1791414722.673 39404 9.293
1791414722.681 39412 5.188
1791414722.699 39420 8.995
1791414722.712 39428 8.178
1791414722.725 39436 8.181
1791414722.739 39444 8.092
1791414722.753 39452 8.142
1791414722.766 39460 8.198
1791414722.780 39468 8.141
1791414722.794 39476 8.189
1791414722.809 39484 9.596
1791414722.821 39492 8.164
1791414722.835 39500 8.304
1791414722.848 39508 8.184
1791414722.862 39516 8.183
1791414722.876 39524 8.140
1791414722.890 39532 8.327
1791414722.903 39540 8.036
1791414722.917 39548 8.128
1791414722.930 39556 8.155
1791414722.947 39564 9.233
1791414722.953 39572 3.008
1791414722.971 39580 7.414
1791414722.986 39588 8.973
1791414722.999 39596 8.152
1791414723.013 39604 8.289
1791414723.021 39612 3.219
1791414723.035 39620 3.024
1791414723.049 39628 3.352
1791414723.062 39636 3.105
1791414723.076 39644 3.106
1791414723.091 39652 5.025
1791414723.105 39660 4.964
1791414723.121 39668 7.380
1791414723.136 39676 8.402
1791414723.152 39684 9.149
1791414723.158 39692 3.078
1791414723.172 39700 3.067
1791414723.185 39708 3.066
1791414723.199 39716 3.114
1791414723.214 39724 4.464
1791414723.226 39732 3.191
1791414723.240 39740 3.214
1791414723.255 39748 4.973
1791414723.271 39756 7.017
1791414723.285 39764 7.250
1791414723.301 39772 8.433
1791414723.313 39780 8.190
1791414723.327 39788 8.129
1791414723.341 39796 8.131
1791414723.355 39804 8.275
1791414723.368 39812 8.140
1791414723.382 39820 8.396
1791414723.396 39828 8.405
1791414723.409 39836 8.420
1791414723.423 39844 8.223
1791414723.437 39852 8.238
1791414723.452 39860 8.241
1791414723.459 39868 3.476
1791414723.473 39876 3.333
1791414723.488 39884 4.902
1791414723.505 39892 8.499
1791414723.514 39900 3.880
1791414723.529 39908 4.853
1791414723.545 39916 7.049
1791414723.558 39924 7.048
1791414723.572 39932 6.966
1791414723.588 39940 8.758
1791414723.601 39948 8.145
1791414723.614 39956 8.200
1791414723.628 39964 8.076
1791414723.642 39972 8.531
1791414723.655 39980 8.344
1791414723.669 39988 8.176
1791414723.683 39996 8.158
1791414723.697 40004 8.428
1791414723.710 40012 8.177
1791414723.724 40020 8.162
1791414723.737 40028 8.284
1791414723.751 40036 8.197
1791414723.768 40044 9.434
1791414723.773 40052 3.054
1791414723.787 40060 3.226
1791414723.805 40068 7.206
1791414723.819 40076 8.171
1791414723.833 40084 8.374
1791414723.848 40092 9.286
1791414723.860 40100 8.193
1791414723.874 40108 8.177
1791414723.888 40116 8.080
1791414723.902 40124 8.323
1791414723.915 40132 8.145
1791414723.929 40140 8.085
1791414723.937 40148 3.201
1791414723.952 40156 4.144
1791414723.967 40164 4.975
1791414723.982 40172 7.102
1791414723.997 40180 8.291
1791414724.008 40188 5.519
1791414724.019 40196 3.105
1791414724.033 40204 3.096
1791414724.047 40212 3.129
1791414724.061 40220 3.160
1791414724.074 40228 3.261
1791414724.088 40236 3.064
1791414724.103 40244 4.822
1791414724.119 40252 5.390
1791414724.134 40260 8.284
1791414724.143 40268 3.382
1791414724.157 40276 3.577
1791414724.170 40284 3.067
1791414724.184 40292 3.250
1791414724.197 40300 3.046
1791414724.211 40308 3.206
1791414724.225 40316 3.075
1791414724.238 40324 3.081
1791414724.252 40332 3.052
1791414724.266 40340 3.425
1791414724.279 40348 3.073
1791414724.293 40356 3.056
1791414724.307 40364 3.051
1791414724.320 40372 3.251
1791414724.334 40380 3.463
1791414724.348 40388 3.083
1791414724.361 40396 3.023
1791414724.375 40404 3.055
1791414724.389 40412 3.079
1791414724.402 40420 3.116
1791414724.416 40428 3.119
1791414724.430 40436 3.111
1791414724.444 40444 3.229
1791414724.457 40452 3.202
1791414724.471 40460 3.483
1791414724.484 40468 3.133
1791414724.498 40476 3.434
1791414724.512 40484 3.328
1791414724.526 40492 3.154
1791414724.541 40500 4.818
1791414724.557 40508 6.973
1791414724.570 40516 6.606
1791414724.584 40524 6.936
1791414724.599 40532 8.407
1791414724.614 40540 9.679
1791414724.626 40548 8.140
1791414724.640 40556 8.150
1791414724.654 40564 8.157
1791414724.667 40572 8.233
1791414724.681 40580 8.432
1791414724.696 40588 8.975
1791414724.708 40596 8.172
1791414724.722 40604 8.194
1791414724.736 40612 8.182
1791414724.749 40620 8.220
1791414724.763 40628 8.176
1791414724.777 40636 8.145
1791414724.790 40644 8.194
1791414724.804 40652 8.113
1791414724.818 40660 8.175
1791414724.831 40668 8.180
1791414724.845 40676 8.377
1791414724.859 40684 8.318
1791414724.872 40692 8.171
1791414724.886 40700 8.196
1791414724.900 40708 8.366
1791414724.915 40716 8.782
1791414724.927 40724 8.290
1791414724.941 40732 8.114
1791414724.955 40740 8.203
1791414724.968 40748 8.198
1791414724.982 40756 8.200
1791414724.996 40764 8.198
1791414725.009 40772 8.085
1791414725.023 40780 8.048
1791414725.037 40788 8.328
1791414725.051 40796 9.003
1791414725.064 40804 8.166
1791414725.078 40812 8.161
1791414725.091 40820 8.182
1791414725.105 40828 8.206
1791414725.119 40836 8.221
1791414725.132 40844 8.205
1791414725.149 40852 9.060
1791414725.155 40860 3.055
1791414725.170 40868 4.946
1791414725.188 40876 8.704
1791414725.201 40884 8.180
1791414725.214 40892 8.109
1791414725.228 40900 8.187
1791414725.242 40908 8.094
1791414725.255 40916 8.174
1791414725.270 40924 9.050
1791414725.283 40932 8.219
1791414725.296 40940 8.236
1791414725.310 40948 8.497
1791414725.324 40956 8.181
1791414725.338 40964 8.259
1791414725.351 40972 8.172
1791414725.365 40980 8.379
1791414725.379 40988 8.245
1791414725.392 40996 8.179
1791414725.409 41004 9.016
1791414725.414 41012 3.021
1791414725.428 41020 3.237
1791414725.442 41028 3.135
1791414725.455 41036 3.066
1791414725.469 41044 3.076
1791414725.483 41052 3.203
1791414725.496 41060 3.123
1791414725.510 41068 3.055
1791414725.524 41076 3.390
1791414725.538 41084 3.184
1791414725.553 41092 4.875
1791414725.569 41100 7.039
1791414725.582 41108 6.992
1791414725.600 41116 9.091
1791414725.606 41124 3.118
1791414725.620 41132 3.310
1791414725.633 41140 2.984
1791414725.651 41148 7.483
1791414725.662 41156 4.345
1791414725.678 41164 6.932
1791414725.692 41172 7.344
1791414725.705 41180 5.651
1791414725.719 41188 6.970
1791414725.735 41196 8.776
1791414725.744 41204 4.500
1791414725.756 41212 3.096
1791414725.770 41220 3.030
1791414725.789 41228 8.368
1791414725.801 41236 5.714
1791414725.817 41244 9.193
1791414725.827 41252 5.291
1791414725.838 41260 3.224
1791414725.852 41268 3.083
1791414725.866 41276 3.198
1791414725.879 41284 3.040
1791414725.893 41292 3.351
1791414725.907 41300 3.047
1791414725.920 41308 3.131
1791414725.936 41316 5.074
1791414725.950 41324 5.658
1791414725.965 41332 5.763
1791414725.980 41340 8.358
1791414725.990 41348 4.401
1791414726.007 41356 7.214
1791414726.020 41364 6.172
1791414726.035 41372 8.227
1791414726.052 41380 9.423
1791414726.057 41388 3.123
1791414726.074 41396 6.240
1791414726.089 41404 7.254
1791414726.106 41412 10.719
1791414726.117 41420 8.225
1791414726.132 41428 8.947
1791414726.144 41436 8.242
1791414726.158 41444 8.267
1791414726.172 41452 8.207
1791414726.187 41460 8.273
1791414726.196 41468 5.178
1791414726.214 41476 9.529
1791414726.227 41484 9.103
1791414726.240 41492 8.178
1791414726.254 41500 8.201
1791414726.267 41508 8.264
1791414726.281 41516 8.133
1791414726.295 41524 8.160
1791414726.311 41532 9.144
1791414726.317 41540 3.141
1791414726.331 41548 3.241
1791414726.344 41556 3.074
1791414726.358 41564 3.108
1791414726.372 41572 3.036
1791414726.389 41580 6.500
1791414726.402 41588 6.213
1791414726.414 41596 4.818
1791414726.431 41604 7.394
1791414726.444 41612 7.403
1791414726.458 41620 7.073
1791414726.473 41628 8.201
1791414726.486 41636 8.341
1791414726.500 41644 8.242
1791414726.514 41652 8.257
1791414726.522 41660 3.179
1791414726.538 41668 5.180
1791414726.556 41676 9.119
1791414726.568 41684 8.299
1791414726.582 41692 8.282
1791414726.596 41700 8.210
1791414726.609 41708 8.216
1791414726.623 41716 8.143
1791414726.637 41724 8.149
1791414726.650 41732 8.212
1791414726.664 41740 8.302
1791414726.678 41748 8.176
1791414726.691 41756 8.186
1791414726.707 41764 9.354
1791414726.721 41772 8.349
1791414726.729 41780 4.988
1791414726.745 41788 6.875
1791414726.762 41796 10.815
1791414726.777 41804 9.824
1791414726.782 41812 3.089
1791414726.796 41820 3.066
1791414726.809 41828 3.039
1791414726.823 41836 3.263
1791414726.837 41844 3.127
1791414726.850 41852 3.056
1791414726.864 41860 3.161
1791414726.878 41868 3.394
1791414726.895 41876 7.226
1791414726.910 41884 8.221
1791414726.919 41892 3.264
1791414726.937 41900 8.189
1791414726.950 41908 7.007
1791414726.966 41916 8.662
1791414726.978 41924 8.116
1791414726.992 41932 8.144
1791414727.007 41940 8.196
1791414727.020 41948 8.282
1791414727.033 41956 8.435
1791414727.047 41964 8.216
1791414727.061 41972 8.162
1791414727.074 41980 8.142
1791414727.088 41988 8.312
1791414727.102 41996 8.147
1791414727.115 42004 8.179
1791414727.129 42012 8.195
1791414727.143 42020 8.136
1791414727.156 42028 8.062
1791414727.170 42036 8.204
1791414727.184 42044 8.052
1791414727.197 42052 8.158
1791414727.211 42060 8.288
1791414727.225 42068 8.174
1791414727.238 42076 8.186
1791414727.252 42084 8.248
1791414727.266 42092 8.376
1791414727.279 42100 8.264
1791414727.293 42108 8.109
1791414727.307 42116 8.178
1791414727.320 42124 8.108
1791414727.334 42132 8.143
1791414727.348 42140 8.169
1791414727.361 42148 8.221
1791414727.375 42156 8.194
1791414727.389 42164 8.330
1791414727.402 42172 8.207
1791414727.418 42180 8.498
1791414727.427 42188 4.936
1791414727.443 42196 7.420
1791414727.458 42204 8.495
1791414727.471 42212 8.329
1791414727.484 42220 8.142
1791414727.498 42228 8.142
1791414727.512 42236 8.154
1791414727.526 42244 8.314
1791414727.535 42252 4.182
1791414727.548 42260 3.248
1791414727.562 42268 3.171
1791414727.575 42276 3.310
1791414727.589 42284 3.127
1791414727.602 42292 3.089
1791414727.616 42300 3.167
1791414727.630 42308 3.107
1791414727.643 42316 3.049
1791414727.657 42324 3.055
1791414727.674 42332 6.287
1791414727.689 42340 7.111
1791414727.703 42348 8.087
1791414727.716 42356 6.272
1791414727.729 42364 7.002
1791414727.743 42372 6.001
1791414727.758 42380 8.278
1791414727.767 42388 3.178
1791414727.784 42396 7.303
1791414727.799 42404 8.438
1791414727.814 42412 9.056
1791414727.826 42420 8.172
1791414727.840 42428 8.101
1791414727.854 42436 8.228
1791414727.868 42444 8.325
1791414727.881 42452 8.234
1791414727.895 42460 8.234
1791414727.909 42468 8.365
1791414727.922 42476 8.217
1791414727.936 42484 8.482
1791414727.950 42492 8.333
1791414727.965 42500 8.691
1791414727.977 42508 8.167
1791414727.991 42516 8.394
1791414728.004 42524 8.305
1791414728.018 42532 8.235
1791414728.032 42540 8.300
1791414728.045 42548 8.392
1791414728.059 42556 8.185
1791414728.073 42564 8.197
1791414728.087 42572 8.610
1791414728.100 42580 8.328
1791414728.110 42588 4.608
1791414728.123 42596 4.080
1791414728.136 42604 3.139
1791414728.151 42612 4.883
1791414728.169 42620 8.896
1791414728.178 42628 4.343
1791414728.191 42636 3.065
1791414728.204 42644 3.197
1791414728.222 42652 7.334
1791414728.238 42660 9.649
1791414728.249 42668 5.830
1791414728.264 42676 8.396
1791414728.279 42684 9.100
1791414728.291 42692 8.255
1791414728.305 42700 8.187
1791414728.319 42708 8.291
1791414728.334 42716 8.811
1791414728.346 42724 8.328
1791414728.360 42732 8.370
1791414728.374 42740 8.451
1791414728.387 42748 8.475
1791414728.403 42756 10.444
1791414728.415 42764 8.303
1791414728.428 42772 8.416
1791414728.442 42780 8.386
1791414728.456 42788 8.310
1791414728.469 42796 8.308
1791414728.483 42804 8.292
1791414728.497 42812 8.210
1791414728.510 42820 8.232
1791414728.524 42828 8.228
1791414728.538 42836 8.290
1791414728.555 42844 8.769
1791414728.560 42852 3.272
1791414728.574 42860 3.164
1791414728.587 42868 3.318
1791414728.601 42876 3.285
1791414728.615 42884 3.834
1791414728.630 42892 5.136
1791414728.642 42900 3.230
1791414728.656 42908 3.440
1791414728.671 42916 5.134
1791414728.688 42924 8.350
1791414728.702 42932 8.193
1791414728.715 42940 8.141
1791414728.730 42948 8.425
1791414728.745 42956 8.642
1791414728.755 42964 6.568
1791414728.767 42972 5.121
1791414728.783 42980 7.285
1791414728.796 42988 6.427
1791414728.811 42996 8.161
1791414728.821 43004 4.041
1791414728.835 43012 4.963
1791414728.851 43020 4.760
1791414728.867 43028 9.262
1791414728.880 43036 8.322
1791414728.893 43044 8.340
1791414728.910 43052 9.252
1791414728.916 43060 3.229
1791414728.929 43068 3.146
1791414728.943 43076 3.218
1791414728.958 43084 5.081
1791414728.974 43092 5.735
1791414728.989 43100 8.350
1791414729.003 43108 8.171
1791414729.018 43116 8.417
1791414729.027 43124 4.987
1791414729.045 43132 9.307
1791414729.057 43140 8.180
1791414729.071 43148 8.639
1791414729.085 43156 8.315
1791414729.099 43164 8.398
1791414729.112 43172 8.245
1791414729.126 43180 8.319
1791414729.139 43188 8.335
1791414729.153 43196 8.278
1791414729.170 43204 9.271
1791414729.175 43212 3.221
1791414729.193 43220 7.310
1791414729.208 43228 8.413
1791414729.221 43236 8.254
1791414729.235 43244 8.340
1791414729.249 43252 8.270
1791414729.262 43260 8.245
1791414729.271 43268 3.557
1791414729.288 43276 6.704
1791414729.300 43284 4.918
1791414729.316 43292 7.192
1791414729.332 43300 9.364
1791414729.344 43308 8.253
1791414729.358 43316 8.283
1791414729.372 43324 8.343
1791414729.389 43332 9.093
1791414729.394 43340 3.166
1791414729.408 43348 3.318
1791414729.422 43356 3.366
1791414729.435 43364 3.244
1791414729.449 43372 3.436
1791414729.463 43380 3.765
1791414729.476 43388 3.131
1791414729.490 43396 3.295
1791414729.505 43404 4.616
1791414729.519 43412 5.093
1791414729.536 43420 8.787
1791414729.549 43428 7.138
1791414729.562 43436 6.278
1791414729.578 43444 9.214
1791414729.591 43452 8.169
1791414729.604 43460 8.362
1791414729.618 43468 8.229
1791414729.632 43476 8.255
1791414729.645 43484 8.218
1791414729.659 43492 8.235
1791414729.673 43500 8.473
1791414729.686 43508 8.263
1791414729.700 43516 8.218
1791414729.714 43524 8.268
1791414729.727 43532 8.256
1791414729.744 43540 9.428
1791414729.750 43548 3.478
1791414729.763 43556 3.325
1791414729.777 43564 3.248
1791414729.791 43572 3.121
1791414729.804 43580 3.202
1791414729.818 43588 3.130
1791414729.832 43596 3.317
1791414729.845 43604 3.094
1791414729.859 43612 3.285
1791414729.873 43620 3.279
1791414729.887 43628 3.316
1791414729.900 43636 3.206
1791414729.914 43644 3.150
1791414729.928 43652 3.236
1791414729.945 43660 7.295
1791414729.960 43668 8.233
1791414729.974 43676 8.278
1791414729.987 43684 8.196
1791414730.001 43692 8.465
1791414730.015 43700 8.309
1791414730.028 43708 8.148
1791414730.042 43716 8.213
1791414730.057 43724 9.377
1791414730.069 43732 8.288
1791414730.083 43740 8.317
1791414730.097 43748 8.238
1791414730.110 43756 8.306
1791414730.124 43764 8.517
1791414730.134 43772 4.554
1791414730.149 43780 5.599
1791414730.162 43788 5.218
1791414730.182 43796 11.568
1791414730.193 43804 8.410
1791414730.206 43812 8.286
1791414730.223 43820 9.124
1791414730.228 43828 3.148
1791414730.242 43836 3.236
1791414730.256 43844 3.240
1791414730.269 43852 3.221
1791414730.283 43860 3.274
1791414730.297 43868 3.105
1791414730.311 43876 4.689
1791414730.326 43884 8.752
1791414730.332 43892 3.319
1791414730.344 43900 4.845
1791414730.357 43908 6.360
1791414730.368 43916 7.348
1791414730.375 43924 3.339
1791414730.391 43932 6.397
1791414730.403 43940 8.406
1791414730.412 43948 7.388
1791414730.423 43956 4.847
1791414730.430 43964 3.351
1791414730.445 43972 7.436
1791414730.453 43980 4.510
1791414730.469 43988 9.083
1791414730.474 43996 3.744
1791414730.489 44004 5.810
1791414730.497 44012 4.830
1791414730.512 44020 8.346
1791414730.518 44028 3.253
1791414730.533 44036 7.592
1791414730.541 44044 4.375
1791414730.556 44052 8.802
1791414730.563 44060 4.751
1791414730.578 44068 8.657
1791414730.584 44076 3.896
1791414730.600 44084 8.639
1791414730.605 44092 3.306
1791414730.621 44100 6.237
1791414730.627 44108 3.340
1791414730.642 44116 6.640
1791414730.653 44124 7.424
1791414730.660 44132 3.504
1791414730.675 44140 5.732
1791414730.684 44148 5.968
1791414730.702 44156 11.387
1791414730.705 44164 4.670
1791414730.720 44172 8.647
1791414730.727 44180 4.402
1791414730.739 44188 5.021
1791414730.751 44196 7.379
1791414730.764 44204 8.321
1791414730.770 44212 4.338
1791414730.786 44220 9.316
1791414730.791 44228 3.241
1791414730.803 44236 4.565
1791414730.816 44244 6.551
1791414730.828 44252 5.255
1791414730.835 44260 3.489
1791414730.847 44268 4.555
1791414730.860 44276 6.514
1791414730.872 44284 6.151
1791414730.880 44292 4.630
1791414730.895 44300 8.669
1791414730.901 44308 3.494
1791414730.913 44316 4.637
1791414730.926 44324 6.857
1791414730.937 44332 5.528
1791414730.944 44340 3.202
1791414730.957 44348 4.671
1791414730.970 44356 6.269
1791414730.981 44364 7.224
1791414730.988 44372 3.227
1791414731.006 44380 9.201
1791414731.011 44388 4.817
1791414731.026 44396 8.338
1791414731.032 44404 3.620
1791414731.044 44412 4.617
1791414731.059 44420 8.356
1791414731.065 44428 3.347
1791414731.080 44436 6.045
1791414731.092 44444 8.384
1791414731.100 44452 5.953
1791414731.114 44460 8.360
1791414731.123 44468 6.962
1791414731.134 44476 7.344
1791414731.144 44484 5.967
1791414731.156 44492 7.330
1791414731.163 44500 3.489
1791414731.178 44508 5.839
1791414731.185 44516 3.196
1791414731.198 44524 5.753
1791414731.213 44532 8.992
1791414731.219 44540 4.806
1791414731.232 44548 6.263
1791414731.244 44556 7.920
1791414731.251 44564 3.201
1791414731.263 44572 4.697
1791414731.278 44580 9.094
1791414731.285 44588 5.022
1791414731.297 44596 5.681
1791414731.312 44604 9.176
1791414731.320 44612 6.849
1791414731.332 44620 8.317
1791414731.338 44628 3.289
1791414731.352 44636 6.313
1791414731.367 44644 9.667
1791414731.372 44652 4.762
1791414731.387 44660 7.259
1791414731.393 44668 3.290
1791414731.408 44676 4.983
1791414731.415 44684 3.868
1791414731.432 44692 9.160
1791414731.440 44700 6.491
1791414731.453 44708 8.311
1791414731.458 44716 3.182
1791414731.471 44724 4.560
1791414731.484 44732 7.188
1791414731.498 44740 8.300
1791414731.508 44748 8.593
1791414731.513 44756 3.462
1791414731.525 44764 4.599
1791414731.540 44772 8.269
1791414731.546 44780 3.151
1791414731.558 44788 4.562
1791414731.571 44796 6.440
1791414731.584 44804 8.526
1791414731.591 44812 4.634
1791414731.602 44820 4.658
1791414731.618 44828 9.323
1791414731.629 44836 9.235
1791414731.633 44844 3.257
1791414731.646 44852 4.494
1791414731.659 44860 6.241
1791414731.670 44868 5.825
1791414731.677 44876 3.486
1791414731.692 44884 5.275
1791414731.705 44892 8.764
1791414731.714 44900 6.836
1791414731.725 44908 5.459
1791414731.732 44916 3.236
1791414731.747 44924 6.959
1791414731.759 44932 6.222
1791414731.765 44940 3.108
1791414731.777 44948 4.583
1791414731.790 44956 6.221
1791414731.802 44964 5.875
1791414731.812 44972 6.788
1791414731.829 44980 11.713
1791414731.833 44988 5.574
1791414731.847 44996 7.984
1791414731.856 45004 7.333
1791414731.863 45012 3.300
1791414731.881 45020 7.839
1791414731.885 45028 3.137
1791414731.900 45036 6.191
1791414731.911 45044 7.330
1791414731.919 45052 4.120
1791414731.933 45060 5.444
1791414731.943 45068 6.066
1791414731.956 45076 7.123
1791414731.962 45084 3.218
1791414731.976 45092 6.678
1791414731.987 45100 6.308
1791414731.999 45108 5.737
1791414732.005 45116 3.233
1791414732.018 45124 4.632
1791414732.032 45132 7.109
1791414732.042 45140 5.644
1791414732.052 45148 5.747
1791414732.067 45156 9.458
1791414732.073 45164 4.738
1791414732.086 45172 6.381
1791414732.097 45180 7.282
1791414732.104 45188 3.216
1791414732.116 45196 4.508
1791414732.130 45204 6.935
1791414732.141 45212 7.344
1791414732.148 45220 3.576
1791414732.163 45228 4.962
1791414732.175 45236 8.326
1791414732.187 45244 9.015
1791414732.193 45252 4.763
1791414732.208 45260 8.336
1791414732.213 45268 3.138
1791414732.228 45276 5.512
1791414732.239 45284 6.843
1791414732.253 45292 9.149
1791414732.259 45300 4.884
1791414732.273 45308 8.383
1791414732.280 45316 4.075
1791414732.291 45324 4.605
1791414732.304 45332 6.751
1791414732.316 45340 5.412
1791414732.323 45348 3.393
1791414732.337 45356 6.404
1791414732.349 45364 7.293
1791414732.358 45372 5.858
1791414732.371 45380 6.023
1791414732.380 45388 5.766
1791414732.393 45396 7.449
1791414732.403 45404 6.681
1791414732.417 45412 9.011
1791414732.422 45420 4.455
1791414732.436 45428 7.277
1791414732.448 45436 8.521
1791414732.454 45444 3.579
1791414732.467 45452 5.540
1791414732.483 45460 9.113
1791414732.488 45468 4.582
1791414732.501 45476 6.428
1791414732.513 45484 7.389
1791414732.524 45492 7.282
1791414732.536 45500 8.748
1791414732.545 45508 6.930
1791414732.558 45516 8.348
1791414732.564 45524 3.352
1791414732.578 45532 4.595
1791414732.587 45540 5.205
1791414732.602 45548 8.645
1791414732.607 45556 3.478
1791414732.625 45564 9.938
1791414732.629 45572 3.469
1791414732.641 45580 4.654
1791414732.656 45588 8.655
1791414732.663 45596 4.442
1791414732.678 45604 8.627
1791414732.684 45612 3.541
1791414732.699 45620 7.295
1791414732.706 45628 3.331
1791414732.718 45636 4.943
1791414732.733 45644 8.202
1791414732.739 45652 3.283
1791414732.751 45660 4.716
1791414732.766 45668 8.301
1791414732.771 45676 3.223
1791414732.784 45684 4.616
1791414732.797 45692 6.261
1791414732.808 45700 5.432
1791414732.815 45708 3.259
1791414732.827 45716 4.631
1791414732.841 45724 6.294
1791414732.852 45732 7.250
1791414732.859 45740 3.483
1791414732.874 45748 7.322
1791414732.881 45756 3.222
1791414732.897 45764 7.970
1791414732.907 45772 7.326
1791414732.916 45780 6.046
1791414732.931 45788 8.807
1791414732.937 45796 4.681
1791414732.952 45804 8.495
1791414732.962 45812 7.548
1791414732.968 45820 3.207
1791414732.980 45828 4.550
1791414732.994 45836 6.019
1791414733.005 45844 7.232
1791414733.015 45852 6.731
1791414733.027 45860 7.797
1791414733.036 45868 5.457
1791414733.046 45876 4.633
1791414733.059 45884 6.404
1791414733.072 45892 8.389
1791414733.078 45900 3.400
1791414733.090 45908 4.624
1791414733.105 45916 8.245
1791414733.110 45924 3.270
1791414733.126 45932 5.732
1791414733.138 45940 8.299
1791414733.145 45948 4.583
1791414733.158 45956 6.164
1791414733.169 45964 5.455
1791414733.179 45972 6.082
1791414733.194 45980 9.374
1791414733.200 45988 5.156
1791414733.213 45996 6.079
1791414733.225 46004 6.581
1791414733.231 46012 3.445
1791414733.248 46020 9.110
1791414733.255 46028 5.675
1791414733.267 46036 6.328
1791414733.281 46044 7.807
1791414733.287 46052 4.497
1791414733.303 46060 10.132
1791414733.308 46068 4.085
1791414733.322 46076 6.906
1791414733.337 46084 9.885
1791414733.343 46092 6.265
1791414733.355 46100 7.309
1791414733.362 46108 3.256
1791414733.375 46116 4.827
1791414733.390 46124 8.583
1791414733.396 46132 4.389
1791414733.410 46140 7.495
1791414733.422 46148 8.370
1791414733.428 46156 3.190
1791414733.443 46164 5.196
1791414733.453 46172 6.303
1791414733.466 46180 8.779
1791414733.472 46188 3.371
1791414733.487 46196 7.641
1791414733.493 46204 3.105
1791414733.506 46212 4.512
1791414733.521 46220 8.493
1791414733.527 46228 4.314
1791414733.545 46236 11.333
1791414733.549 46244 4.462
1791414733.565 46252 9.443
1791414733.571 46260 4.091
1791414733.582 46268 4.772
1791414733.598 46276 8.898
1791414733.604 46284 4.592
1791414733.619 46292 8.561
1791414733.625 46300 3.442
1791414733.640 46308 5.841
1791414733.647 46316 3.837
1791414733.659 46324 4.553
1791414733.672 46332 5.528
1791414733.683 46340 4.854
1791414733.690 46348 3.114
1791414733.703 46356 4.595
1791414733.716 46364 7.027
1791414733.727 46372 5.596
1791414733.737 46380 5.937
1791414733.749 46388 6.887
1791414733.759 46396 5.815
1791414733.774 46404 9.224
1791414733.779 46412 4.326
1791414733.792 46420 6.482
1791414733.804 46428 5.504
1791414733.813 46436 5.976
1791414733.826 46444 7.325
1791414733.835 46452 5.876
1791414733.850 46460 9.371
1791414733.856 46468 4.885
1791414733.866 46476 3.429
1791414733.880 46484 5.574
1791414733.887 46492 3.196
1791414733.902 46500 5.291
1791414733.913 46508 6.739
1791414733.927 46516 10.247
1791414733.936 46524 8.311
1791414733.949 46532 8.835
1791414733.955 46540 4.995
1791414733.967 46548 6.444
1791414733.979 46556 7.251
1791414733.986 46564 3.159
1791414734.001 46572 5.284
1791414734.009 46580 4.463
1791414734.024 46588 8.727
1791414734.029 46596 3.236
1791414734.045 46604 5.723
1791414734.051 46612 3.300
1791414734.064 46620 4.636
1791414734.077 46628 5.941
1791414734.088 46636 3.430
1791414734.095 46644 3.258
1791414734.110 46652 6.119
1791414734.119 46660 4.798
1791414734.134 46668 8.727
1791414734.140 46676 4.621
1791414734.152 46684 5.680
1791414734.166 46692 8.378
1791414734.173 46700 4.384
1791414734.185 46708 5.842
1791414734.200 46716 9.042
1791414734.206 46724 4.700
1791414734.221 46732 8.469
1791414734.227 46740 3.752
1791414734.239 46748 4.969
1791414734.254 46756 8.484
1791414734.263 46764 7.059
1791414734.276 46772 7.386
1791414734.281 46780 3.309
1791414734.298 46788 8.998
1791414734.303 46796 3.241
1791414734.321 46804 8.999
1791414734.326 46812 4.458
1791414734.339 46820 5.522
1791414734.351 46828 5.515
1791414734.358 46836 3.161
1791414734.370 46844 4.789
1791414734.385 46852 8.362
1791414734.390 46860 3.159
1791414734.405 46868 4.639
1791414734.412 46876 3.193
1791414734.425 46884 4.851
1791414734.440 46892 8.614
1791414734.446 46900 4.447
1791414734.460 46908 7.420
1791414734.473 46916 8.968
1791414734.479 46924 4.297
1791414734.493 46932 7.244
1791414734.505 46940 8.231
1791414734.514 46948 6.755
1791414734.526 46956 7.458
1791414734.538 46964 8.458
1791414734.548 46972 7.742
1791414734.556 46980 4.667
1791414734.569 46988 6.481
1791414734.581 46996 7.447
1791414734.588 47004 3.345
1791414734.600 47012 4.701
1791414734.613 47020 5.772
1791414734.626 47028 8.697
1791414734.632 47036 4.283
1791414734.648 47044 8.607
1791414734.655 47052 5.224
1791414734.666 47060 4.764
1791414734.679 47068 6.493
1791414734.686 47076 3.308
1791414734.703 47084 8.226
1791414734.708 47092 3.547
1791414734.723 47100 4.789
1791414734.735 47108 8.336
1791414734.742 47116 4.319
1791414734.758 47124 9.275
1791414734.769 47132 8.947
1791414734.775 47140 4.925
1791414734.790 47148 8.306
1791414734.795 47156 3.265
1791414734.810 47164 6.546
1791414734.821 47172 5.460
1791414734.828 47180 3.129
1791414734.845 47188 9.305
1791414734.851 47196 4.250
1791414734.865 47204 5.467
1791414734.875 47212 5.951
1791414734.890 47220 9.097
1791414734.895 47228 4.606
1791414734.908 47236 6.511
1791414734.920 47244 5.665
1791414734.927 47252 3.545
1791414734.939 47260 4.698
1791414734.954 47268 8.303
1791414734.959 47276 3.129
1791414734.972 47284 4.521
1791414734.986 47292 8.359
1791414734.992 47300 3.317
1791414735.007 47308 6.416
1791414735.019 47316 8.159
1791414735.030 47324 8.465
1791414735.036 47332 3.235
1791414735.054 47340 9.289
1791414735.059 47348 4.780
1791414735.072 47356 6.232
1791414735.084 47364 7.295
1791414735.091 47372 3.211
1791414735.106 47380 7.536
1791414735.118 47388 8.531
1791414735.130 47396 9.058
1791414735.136 47404 4.993
1791414735.151 47412 8.304
1791414735.159 47420 5.804
1791414735.169 47428 4.613
1791414735.182 47436 6.736
1791414735.193 47444 7.287
1791414735.200 47452 3.257
1791414735.215 47460 6.575
1791414735.226 47468 7.224
1791414735.233 47476 3.326
1791414735.248 47484 7.354
1791414735.258 47492 5.963
1791414735.275 47500 11.833
1791414735.278 47508 4.674
1791414735.293 47516 8.575
1791414735.302 47524 6.842
1791414735.314 47532 7.294
1791414735.322 47540 4.327
1791414735.334 47548 5.916
1791414735.349 47556 9.165
1791414735.355 47564 4.779
1791414735.369 47572 8.289
1791414735.375 47580 3.369
1791414735.388 47588 5.330
1791414735.401 47596 6.915
1791414735.412 47604 7.488
1791414735.421 47612 5.773
1791414735.434 47620 6.100
1791414735.441 47628 3.128
1791414735.453 47636 4.596
1791414735.466 47644 6.432
1791414735.478 47652 5.852
1791414735.490 47660 8.376
1791414735.499 47668 6.982
1791414735.510 47676 5.687
1791414735.518 47684 3.502
1791414735.533 47692 7.825
1791414735.542 47700 5.808
1791414735.554 47708 5.833
1791414735.561 47716 3.183
1791414735.576 47724 5.287
1791414735.584 47732 3.730
1791414735.597 47740 6.489
1791414735.609 47748 7.408
1791414735.616 47756 3.142
1791414735.628 47764 4.589
1791414735.643 47772 8.618
1791414735.650 47780 4.565
1791414735.663 47788 6.259
1791414735.675 47796 5.623
1791414735.687 47804 8.406
1791414735.694 47812 4.321
1791414735.707 47820 6.864
1791414735.718 47828 5.682
1791414735.725 47836 3.228
1791414735.739 47844 5.691
1791414735.751 47852 6.401
1791414735.762 47860 5.578
1791414735.769 47868 3.334
1791414735.784 47876 7.596
1791414735.794 47884 5.900
1791414735.806 47892 7.439
1791414735.817 47900 7.157
1791414735.829 47908 8.427
1791414735.836 47916 4.321
1791414735.851 47924 6.640
1791414735.858 47932 4.836
1791414735.869 47940 4.603
1791414735.884 47948 8.888
1791414735.891 47956 4.370
1791414735.906 47964 8.559
1791414735.912 47972 3.524
1791414735.924 47980 4.932
1791414735.937 47988 6.391
1791414735.951 47996 7.915
1791414735.955 48004 3.652
1791414735.969 48012 6.417
1791414735.982 48020 8.275
1791414735.988 48028 3.150
1791414736.000 48036 4.751
1791414736.015 48044 8.446
1791414736.021 48052 3.173
1791414736.033 48060 4.498
1791414736.050 48068 9.816
1791414736.056 48076 5.617
1791414736.071 48084 9.007
1791414736.077 48092 4.486
1791414736.090 48100 6.827
1791414736.101 48108 7.386
1791414736.108 48116 3.213
1791414736.120 48124 4.560
1791414736.134 48132 6.553
1791414736.146 48140 8.269
1791414736.152 48148 3.247
1791414736.164 48156 4.707
1791414736.177 48164 6.577
1791414736.190 48172 6.305
1791414736.196 48180 3.327
1791414736.211 48188 7.711
1791414736.220 48196 6.002
1791414736.233 48204 7.422
1791414736.239 48212 3.273
1791414736.256 48220 8.110
1791414736.262 48228 3.411
1791414736.277 48236 7.484
1791414736.286 48244 5.886
1791414736.299 48252 7.197
1791414736.305 48260 3.161
1791414736.320 48268 5.755
1791414736.330 48276 5.959
1791414736.345 48284 9.535
1791414736.350 48292 4.550
1791414736.363 48300 6.794
1791414736.375 48308 7.677
1791414736.384 48316 5.904
1791414736.399 48324 8.923
1791414736.405 48332 4.820
1791414736.418 48340 6.131
1791414736.430 48348 7.434
1791414736.438 48356 4.903
1791414736.452 48364 8.195
1791414736.458 48372 3.245
1791414736.471 48380 4.586
1791414736.484 48388 6.203
1791414736.495 48396 5.429
1791414736.502 48404 3.174
1791414736.515 48412 4.857
1791414736.529 48420 8.534
1791414736.536 48428 4.426
1791414736.551 48436 8.608
1791414736.558 48444 4.576
1791414736.569 48452 4.761
1791414736.584 48460 8.592
1791414736.593 48468 6.852
1791414736.605 48476 5.873
1791414736.611 48484 3.173
1791414736.627 48492 7.488
1791414736.634 48500 3.475
1791414736.649 48508 6.075
1791414736.658 48516 5.883
1791414736.674 48524 10.639
1791414736.678 48532 4.531
1791414736.694 48540 8.572
1791414736.700 48548 4.257
1791414736.715 48556 8.518
1791414736.721 48564 3.393
1791414736.736 48572 6.881
1791414736.747 48580 5.734
1791414736.757 48588 6.114
1791414736.771 48596 9.134
1791414736.777 48604 4.991
1791414736.792 48612 8.284
1791414736.797 48620 3.126
1791414736.810 48628 4.768
1791414736.823 48636 6.394
1791414736.835 48644 5.749
1791414736.841 48652 3.299
1791414736.856 48660 4.555
1791414736.863 48668 3.306
1791414736.875 48676 4.551
1791414736.889 48684 6.718
1791414736.900 48692 7.332
1791414736.909 48700 5.888
1791414736.924 48708 8.557
1791414736.931 48716 5.762
1791414736.943 48724 6.901
1791414736.956 48732 8.288
1791414736.962 48740 3.229
1791414736.974 48748 4.774
1791414736.989 48756 8.720
1791414736.998 48764 6.947
1791414737.011 48772 7.369
1791414737.017 48780 4.156
1791414737.028 48788 4.514
1791414737.042 48796 6.749
1791414737.054 48804 8.376
1791414737.060 48812 3.225
1791414737.075 48820 7.319
1791414737.083 48828 4.412
1791414737.098 48836 8.582
1791414737.104 48844 3.523
1791414737.116 48852 4.680
1791414737.129 48860 6.400
1791414737.142 48868 6.430
1791414737.148 48876 3.238
1791414737.163 48884 5.247
1791414737.172 48892 5.894
1791414737.190 48900 11.292
1791414737.193 48908 4.599
1791414737.207 48916 6.189
1791414737.217 48924 7.341
1791414737.224 48932 3.219
1791414737.239 48940 7.651
1791414737.249 48948 5.834
1791414737.266 48956 11.478
1791414737.269 48964 4.593
1791414737.283 48972 6.643
1791414737.295 48980 6.535
1791414737.301 48988 3.173
1791414737.313 48996 4.529
1791414737.326 49004 6.439
1791414737.337 49012 7.195
1791414737.344 49020 3.204
1791414737.358 49028 5.965
1791414737.370 49036 6.582
1791414737.383 49044 8.644
1791414737.393 49052 7.901
1791414737.403 49060 5.437
1791414737.415 49068 8.219
1791414737.428 49076 9.226
1791414737.436 49084 7.173
1791414737.450 49092 9.090
1791414737.455 49100 4.315
1791414737.468 49108 6.300
1791414737.481 49116 8.264
1791414737.487 49124 3.373
1791414737.502 49132 6.837
1791414737.511 49140 6.016
1791414737.526 49148 9.517
1791414737.533 49156 5.823
1791414737.549 49164 10.279
1791414737.554 49172 4.523
1791414737.566 49180 4.645
1791414737.580 49188 8.575
1791414737.585 49196 3.307
1791414737.600 49204 5.700
1791414737.607 49212 3.249
1791414737.625 49220 9.286
1791414737.630 49228 4.607
1791414737.645 49236 8.253
1791414737.651 49244 3.841
1791414737.663 49252 4.551
1791414737.676 49260 6.427
1791414737.689 49268 8.577
1791414737.695 49276 3.251
1791414737.707 49284 4.570
1791414737.721 49292 6.842
1791414737.733 49300 7.340
1791414737.741 49308 5.917
1791414737.753 49316 6.704
1791414737.760 49324 3.302
1791414737.775 49332 7.383
1791414737.783 49340 3.861
1791414737.794 49348 4.494
1791414737.808 49356 6.555
1791414737.821 49364 7.450
1791414737.827 49372 4.853
1791414737.840 49380 6.756
1791414737.852 49388 6.022
1791414737.859 49396 3.151
1791414737.871 49404 4.554
1791414737.884 49412 6.319
1791414737.896 49420 7.857
1791414737.908 49428 8.313
1791414737.917 49436 6.870
1791414737.928 49444 5.576
1791414737.939 49452 7.152
1791414737.955 49460 11.145
1791414737.959 49468 3.296
1791414737.972 49476 6.450
1791414737.987 49484 9.085
1791414737.994 49492 6.721
1791414738.005 49500 7.240
1791414738.012 49508 3.148
1791414738.027 49516 7.361
1791414738.034 49524 3.484
1791414738.050 49532 8.601
1791414738.055 49540 3.096
1791414738.068 49548 4.565
1791414738.081 49556 6.347
1791414738.093 49564 5.146
1791414738.099 49572 3.317
1791414738.112 49580 5.154
1791414738.125 49588 6.825
1791414738.136 49596 5.387
1791414738.146 49604 6.282
1791414738.162 49612 9.691
1791414738.166 49620 4.608
1791414738.182 49628 8.765
1791414738.188 49636 4.409
1791414738.200 49644 5.662
1791414738.217 49652 11.113
1791414738.221 49660 4.426
1791414738.233 49668 5.914
1791414738.246 49676 6.435
1791414738.253 49684 3.327
1791414738.267 49692 6.814
1791414738.278 49700 7.294
1791414738.288 49708 5.899
1791414738.303 49716 9.322
1791414738.310 49724 5.856
1791414738.322 49732 6.617
1791414738.333 49740 7.227
1791414738.340 49748 3.173
1791414738.352 49756 4.539
1791414738.366 49764 6.269
1791414738.377 49772 5.646
1791414738.387 49780 6.079
1791414738.397 49788 5.458
1791414738.410 49796 6.649
1791414738.417 49804 3.193
1791414738.429 49812 4.612
1791414738.442 49820 6.399
1791414738.453 49828 5.701
1791414738.464 49836 7.036
1791414738.475 49844 7.290
1791414738.485 49852 5.823
1791414738.500 49860 9.472
1791414738.506 49868 4.578
1791414738.519 49876 6.640
1791414738.530 49884 5.420
1791414738.537 49892 3.535
1791414738.549 49900 4.796
1791414738.562 49908 6.781
1791414738.574 49916 7.289
1791414738.581 49924 3.564
1791414738.594 49932 5.764
1791414738.608 49940 8.273
1791414738.619 49948 8.794
1791414738.633 49956 8.724
1791414738.639 49964 6.307
1791414738.650 49972 7.272
1791414738.658 49980 3.580
1791414738.670 49988 4.594
1791414738.683 49996 6.828
1791414738.697 50004 8.989
1791414738.702 50012 4.400
1791414738.720 50020 11.247
1791414738.725 50028 4.862
1791414738.735 50036 4.605
1791414738.749 50044 6.337
1791414738.761 50052 8.421
1791414738.767 50060 3.922
1791414738.779 50068 4.611
1791414738.794 50076 8.366
1791414738.800 50084 3.516
1791414738.815 50092 5.510
1791414738.824 50100 6.168
1791414738.838 50108 8.496
1791414738.844 50116 4.337
1791414738.858 50124 7.084
1791414738.869 50132 5.834
1791414738.876 50140 3.226
1791414738.891 50148 4.790
1791414738.899 50156 4.436
1791414738.915 50164 9.413
1791414738.920 50172 3.583
1791414738.939 50180 10.289
1791414738.946 50188 6.812
1791414738.956 50196 6.113
1791414738.972 50204 9.288
1791414738.978 50212 6.328
1791414738.990 50220 5.932
1791414738.997 50228 3.289
1791414739.009 50236 4.654
1791414739.022 50244 6.113
1791414739.033 50252 7.294
1791414739.043 50260 6.064
1791414739.061 50268 11.750
1791414739.065 50276 6.147
1791414739.077 50284 6.221
1791414739.088 50292 7.528
1791414739.098 50300 5.862
1791414739.113 50308 9.229
1791414739.119 50316 4.997
1791414739.133 50324 8.351
1791414739.139 50332 3.141
1791414739.151 50340 4.592
1791414739.166 50348 8.469
1791414739.173 50356 4.412
1791414739.188 50364 8.720
1791414739.196 50372 5.845
1791414739.207 50380 5.858
1791414739.219 50388 5.412
1791414739.231 50396 8.234
1791414739.237 50404 3.230
1791414739.249 50412 4.554
1791414739.263 50420 6.146
1791414739.274 50428 7.343
1791414739.281 50436 3.428
1791414739.299 50444 8.706
1791414739.304 50452 4.574
1791414739.317 50460 6.387
1791414739.330 50468 8.387
1791414739.336 50476 3.239
1791414739.348 50484 4.793
1791414739.363 50492 8.560
1791414739.369 50500 3.346
1791414739.381 50508 5.020
1791414739.394 50516 6.175
1791414739.405 50524 5.611
1791414739.412 50532 3.309
1791414739.425 50540 4.572
1791414739.439 50548 8.089
1791414739.452 50556 9.805
1791414739.457 50564 3.825
1791414739.468 50572 4.510
1791414739.484 50580 9.231
1791414739.494 50588 8.539
1791414739.500 50596 3.235
1791414739.512 50604 4.752
1791414739.526 50612 7.705
1791414739.538 50620 8.599
1791414739.548 50628 7.289
1791414739.557 50636 5.765
1791414739.572 50644 8.829
1791414739.578 50652 4.823
1791414739.591 50660 6.049
1791414739.599 50668 4.479
1791414739.615 50676 8.982
1791414739.620 50684 3.424
1791414739.637 50692 9.235
1791414739.642 50700 3.259
1791414739.657 50708 6.204
1791414739.664 50716 3.261
1791414739.676 50724 4.712
1791414739.691 50732 8.550
1791414739.698 50740 4.683
1791414739.713 50748 8.841
1791414739.719 50756 3.319
1791414739.731 50764 4.615
1791414739.744 50772 6.234
1791414739.755 50780 7.289
1791414739.763 50788 3.853
1791414739.775 50796 4.575
1791414739.790 50804 8.693
1791414739.796 50812 4.415
1791414739.811 50820 8.074
1791414739.819 50828 5.241
1791414739.829 50836 4.717
1791414739.844 50844 8.385
1791414739.850 50852 3.124
1791414739.865 50860 7.613
1791414739.877 50868 8.482
1791414739.892 50876 11.171
1791414739.895 50884 4.765
1791414739.910 50892 8.236
1791414739.916 50900 3.243
1791414739.928 50908 4.790
1791414739.943 50916 9.130
1791414739.948 50924 3.177
1791414739.961 50932 4.550
1791414739.974 50940 6.268
1791414739.985 50948 7.386
1791414739.995 50956 6.308
1791414740.007 50964 6.052
1791414740.018 50972 5.477
1791414740.030 50980 8.333
1791414740.037 50988 4.845
1791414740.048 50996 4.731
1791414740.063 51004 8.606
1791414740.073 51012 7.615
1791414740.085 51020 8.861
1791414740.092 51028 4.561
1791414740.107 51036 8.852
1791414740.112 51044 3.232
1791414740.127 51052 5.666
1791414740.137 51060 5.968
1791414740.152 51068 9.564
1791414740.158 51076 4.712
1791414740.171 51084 5.473
1791414740.183 51092 7.955
1791414740.199 51100 11.686
1791414740.204 51108 6.925
1791414740.216 51116 8.401
1791414740.222 51124 3.166
1791414740.235 51132 5.502
1791414740.247 51140 6.503
1791414740.259 51148 7.597
1791414740.269 51156 6.169
1791414740.281 51164 4.898
1791414740.288 51172 3.302
1791414740.300 51180 4.744
1791414740.314 51188 8.220
1791414740.320 51196 3.160
1791414740.333 51204 4.562
1791414740.348 51212 8.409
1791414740.355 51220 4.918
1791414740.368 51228 6.584
1791414740.379 51236 7.310
1791414740.389 51244 5.788
1791414740.404 51252 9.036
1791414740.409 51260 4.580
1791414740.423 51268 5.092
1791414740.430 51276 3.153
1791414740.442 51284 4.527
1791414740.457 51292 8.375
1791414740.462 51300 3.157
1791414740.475 51308 4.430
1791414740.488 51316 6.872
1791414740.500 51324 5.804
1791414740.506 51332 3.251
1791414740.522 51340 6.731
1791414740.529 51348 4.101
1791414740.543 51356 5.521
1791414740.550 51364 3.206
1791414740.562 51372 4.542
1791414740.577 51380 8.358
1791414740.585 51388 4.894
1791414740.595 51396 4.536
1791414740.608 51404 6.834
1791414740.620 51412 7.201
1791414740.627 51420 3.111
1791414740.640 51428 5.582
1791414740.653 51436 7.678
1791414740.664 51444 7.276
1791414740.672 51452 4.705
1791414740.687 51460 8.614
1791414740.693 51468 3.828
1791414740.705 51476 4.513
1791414740.718 51484 6.497
1791414740.730 51492 8.399
1791414740.736 51500 3.552
1791414740.754 51508 10.429
1791414740.758 51516 3.396
1791414740.776 51524 8.874
1791414740.781 51532 4.625
1791414740.794 51540 6.367
1791414740.806 51548 5.152
1791414740.813 51556 3.180
1791414740.826 51564 5.700
1791414740.840 51572 7.942
1791414740.851 51580 8.533
1791414740.857 51588 3.338
1791414740.872 51596 5.482
1791414740.879 51604 4.340
1791414740.892 51612 5.765
1791414740.907 51620 9.142
1791414740.913 51628 4.604
1791414740.928 51636 7.187
1791414740.933 51644 3.152
1791414740.953 51652 10.668
1791414740.959 51660 7.102
1791414740.971 51668 8.363
1791414740.977 51676 3.334
1791414740.992 51684 5.688
1791414741.000 51692 4.698
1791414741.017 51700 10.203
1791414741.020 51708 3.207
1791414741.033 51716 4.611
1791414741.046 51724 6.589
1791414741.057 51732 5.571
1791414741.068 51740 7.125
1791414741.083 51748 9.913
1791414741.087 51756 4.523
1791414741.101 51764 5.451
1791414741.108 51772 3.286
1791414741.123 51780 5.762
1791414741.130 51788 3.363
1791414741.142 51796 4.538
1791414741.158 51804 8.750
1791414741.168 51812 8.410
1791414741.174 51820 3.631
1791414741.189 51828 7.378
1791414741.196 51836 3.304
1791414741.210 51844 6.198
1791414741.221 51852 7.246
1791414741.228 51860 3.097
1791414741.241 51868 4.730
1791414741.255 51876 8.259
1791414741.261 51884 3.194
1791414741.278 51892 6.370
1791414741.284 51900 4.490
1791414741.299 51908 8.576
1791414741.305 51916 3.222
1791414741.320 51924 5.206
1791414741.327 51932 3.284
1791414741.347 51940 11.514
1791414741.350 51948 4.678
1791414741.365 51956 8.576
1791414741.372 51964 4.413
1791414741.389 51972 11.167
1791414741.394 51980 4.763
1791414741.408 51988 5.268
1791414741.417 51996 5.872
1791414741.432 52004 9.022
1791414741.438 52012 4.919
1791414741.452 52020 7.223
1791414741.463 52028 6.699
1791414741.469 52036 3.344
1791414741.481 52044 4.574
1791414741.495 52052 6.225
1791414741.506 52060 7.352
1791414741.514 52068 4.841
1791414741.527 52076 6.552
1791414741.538 52084 6.516
1791414741.550 52092 5.514
1791414741.557 52100 3.253
1791414741.569 52108 4.518
1791414741.582 52116 6.198
1791414741.594 52124 7.426
1791414741.600 52132 3.296
1791414741.616 52140 6.656
1791414741.622 52148 3.224
1791414741.635 52156 4.619
1791414741.650 52164 9.144
1791414741.655 52172 3.241
1791414741.670 52180 5.752
1791414741.677 52188 3.156
1791414741.691 52196 6.422
1791414741.703 52204 5.633
1791414741.710 52212 3.408
1791414741.725 52220 7.090
1791414741.736 52228 7.090
1791414741.748 52236 8.208
1791414741.753 52244 3.188
1791414741.771 52252 9.407
1791414741.779 52260 6.495
1791414741.790 52268 6.668
1791414741.801 52276 5.503
1791414741.811 52284 6.115
1791414741.830 52292 12.005
1791414741.833 52300 5.656
1791414741.848 52308 8.854
1791414741.854 52316 5.017
1791414741.868 52324 8.293
1791414741.874 52332 3.219
1791414741.886 52340 4.639
1791414741.901 52348 8.260
1791414741.907 52356 3.161
1791414741.919 52364 4.606
1791414741.932 52372 6.741
1791414741.944 52380 5.857
1791414741.953 52388 5.868
1791414741.968 52396 8.900
1791414741.974 52404 4.705
1791414741.987 52412 6.234
1791414741.998 52420 5.488
1791414742.005 52428 3.138
1791414742.022 52436 8.688
1791414742.030 52444 5.713
1791414742.041 52452 5.760
1791414742.059 52460 11.715
1791414742.062 52468 4.995
1791414742.076 52476 8.384
1791414742.082 52484 3.288
1791414742.097 52492 5.061
1791414742.107 52500 6.551
1791414742.118 52508 7.060
1791414742.130 52516 7.360
1791414742.137 52524 3.328
1791414742.149 52532 4.539
1791414742.162 52540 6.362
1791414742.174 52548 6.396
1791414742.183 52556 5.993
1791414742.198 52564 8.966
1791414742.204 52572 4.714
1791414742.218 52580 8.315
1791414742.224 52588 3.199
1791414742.240 52596 6.892
1791414742.249 52604 6.044
1791414742.262 52612 8.334
1791414742.269 52620 4.671
1791414742.284 52628 8.207
1791414742.290 52636 3.236
1791414742.302 52644 4.604
1791414742.315 52652 6.541
1791414742.327 52660 5.735
1791414742.333 52668 3.178
1791414742.351 52676 8.740
1791414742.357 52684 4.137
1791414742.371 52692 8.199
1791414742.377 52700 3.192
1791414742.392 52708 5.473
1791414742.399 52716 3.287
1791414742.414 52724 5.658
1791414742.424 52732 5.839
1791414742.439 52740 9.161
1791414742.445 52748 4.677
1791414742.459 52756 7.921
1791414742.469 52764 5.305
1791414742.476 52772 3.306
1791414742.488 52780 4.641
1791414742.503 52788 8.226
1791414742.509 52796 3.366
1791414742.521 52804 4.497
1791414742.534 52812 6.227
1791414742.545 52820 5.577
1791414742.552 52828 3.176
1791414742.567 52836 4.400
1791414742.577 52844 5.997
1791414742.592 52852 9.675
1791414742.597 52860 4.702
1791414742.612 52868 8.258
1791414742.618 52876 3.387
1791414742.633 52884 5.658
1791414742.642 52892 5.952
1791414742.658 52900 9.270
1791414742.663 52908 4.784
1791414742.676 52916 6.134
1791414742.688 52924 5.748
1791414742.694 52932 3.174
1791414742.707 52940 4.760
1791414742.720 52948 6.182
1791414742.731 52956 5.427
1791414742.738 52964 3.240
1791414742.753 52972 6.745
1791414742.764 52980 5.501
1791414742.771 52988 3.522
1791414742.787 52996 8.436
1791414742.794 53004 4.768
1791414742.813 53012 12.012
1791414742.816 53020 4.716
1791414742.831 53028 8.606
1791414742.838 53036 4.318
1791414742.853 53044 8.669
1791414742.859 53052 3.191
1791414742.871 53060 4.995
1791414742.884 53068 6.106
1791414742.895 53076 5.606
1791414742.902 53084 3.244
1791414742.916 53092 5.790
1791414742.934 53100 11.825
1791414742.937 53108 4.760
1791414742.951 53116 8.169
1791414742.957 53124 3.385
1791414742.976 53132 8.959
1791414742.982 53140 5.757
1791414742.994 53148 7.436
1791414743.002 53156 4.635
1791414743.015 53164 6.454
1791414743.027 53172 5.899
1791414743.035 53180 4.316
1791414743.050 53188 8.628
1791414743.056 53196 3.656
1791414743.068 53204 4.788
1791414743.083 53212 8.377
1791414743.088 53220 3.120
1791414743.105 53228 7.008
1791414743.110 53236 3.199
1791414743.126 53244 8.526
1791414743.132 53252 3.572
1791414743.147 53260 7.062
1791414743.163 53268 11.496
1791414743.166 53276 4.596
1791414743.179 53284 6.539
1791414743.191 53292 7.337
1791414743.198 53300 3.240
1791414743.214 53308 8.511
1791414743.219 53316 3.146
1791414743.236 53324 6.911
1791414743.241 53332 3.196
1791414743.256 53340 4.886
1791414743.263 53348 3.299
1791414743.276 53356 4.629
1791414743.289 53364 6.137
1791414743.300 53372 7.199
1791414743.307 53380 3.218
1791414743.328 53388 12.322
1791414743.331 53396 4.024
1791414743.343 53404 6.266
1791414743.355 53412 5.467
1791414743.363 53420 4.738
1791414743.377 53428 5.970
1791414743.385 53436 4.593
1791414743.396 53444 4.537
1791414743.409 53452 5.879
1791414743.421 53460 7.280
1791414743.430 53468 5.850
1791414743.442 53476 7.047
1791414743.454 53484 8.225
1791414743.460 53492 3.119
1791414743.473 53500 5.183
1791414743.486 53508 6.499
1791414743.497 53516 6.395
1791414743.504 53524 3.286
1791414743.517 53532 5.414
1791414743.531 53540 7.806
1791414743.541 53548 7.199
1791414743.548 53556 3.090
1791414743.560 53564 4.545
1791414743.575 53572 8.295
1791414743.581 53580 3.476
1791414743.596 53588 7.669
1791414743.607 53596 8.225
1791414743.620 53604 9.208
1791414743.626 53612 4.656
1791414743.639 53620 6.465
1791414743.650 53628 5.242
1791414743.660 53636 5.861
1791414743.670 53644 4.608
1791414743.683 53652 6.554
1791414743.694 53660 5.738
1791414743.705 53668 6.941
1791414743.717 53676 6.567
1791414743.723 53684 3.802
1791414743.739 53692 8.604
1791414743.745 53700 3.246
1791414743.760 53708 5.866
1791414743.767 53716 3.767
1791414743.785 53724 10.966
1791414743.789 53732 3.405
1791414743.804 53740 5.955
1791414743.810 53748 3.347
1791414743.826 53756 5.890
1791414743.832 53764 3.263
1791414743.850 53772 9.814
1791414743.858 53780 6.821
1791414743.868 53788 6.229
1791414743.880 53796 7.393
1791414743.887 53804 3.289
1791414743.899 53812 4.554
1791414743.915 53820 8.717
1791414743.923 53828 6.782
1791414743.935 53836 7.356
1791414743.942 53844 3.449
1791414743.957 53852 5.614
1791414743.967 53860 6.815
1791414743.981 53868 8.865
1791414743.987 53876 4.743
1791414744.002 53884 8.228
1791414744.007 53892 3.214
1791414744.022 53900 5.499
1791414744.029 53908 3.405
1791414744.044 53916 5.191
1791414744.051 53924 3.186
1791414744.065 53932 6.414
1791414744.077 53940 6.811
1791414744.088 53948 7.483
1791414744.100 53956 8.465
1791414744.107 53964 4.524
1791414744.122 53972 8.501
1791414744.129 53980 4.619
1791414744.141 53988 5.855
1791414744.154 53996 7.287
1791414744.166 54004 8.431
1791414744.173 54012 4.516
1791414744.188 54020 8.539
1791414744.193 54028 3.348
1791414744.208 54036 5.233
1791414744.215 54044 3.535
1791414744.230 54052 5.410
1791414744.237 54060 3.280
1791414744.252 54068 5.558
1791414744.262 54076 5.881
1791414744.277 54084 9.145
1791414744.283 54092 5.305
1791414744.295 54100 6.376
1791414744.313 54108 11.530
1791414744.317 54116 6.536
1791414744.329 54124 5.833
1791414744.335 54132 3.207
1791414744.348 54140 4.574
1791414744.361 54148 6.393
1791414744.373 54156 5.326
1791414744.384 54164 7.974
1791414744.395 54172 7.680
1791414744.406 54180 8.127
1791414744.419 54188 9.093
1791414744.424 54196 4.530
1791414744.438 54204 7.543
1791414744.445 54212 3.144
1791414744.461 54220 5.893
1791414744.467 54228 3.160
1791414744.484 54236 9.078
1791414744.492 54244 6.620
1791414744.503 54252 6.707
1791414744.516 54260 8.557
1791414744.521 54268 3.198
1791414744.534 54276 4.627
1791414744.547 54284 6.315
1791414744.558 54292 5.676
1791414744.565 54300 3.453
1791414744.578 54308 4.591
1791414744.593 54316 8.498
1791414744.599 54324 4.285
1791414744.612 54332 5.851
1791414744.626 54340 8.770
1791414744.632 54348 4.450
1791414744.649 54356 10.086
1791414744.656 54364 6.180
1791414744.672 54372 10.726
1791414744.676 54380 4.533
1791414744.691 54388 8.485
1791414744.697 54396 3.283
1791414744.712 54404 5.285
1791414744.718 54412 3.204
1791414744.733 54420 6.694
1791414744.743 54428 5.951
1791414744.758 54436 9.111
1791414744.764 54444 4.735
1791414744.777 54452 6.572
1791414744.789 54460 8.495
1791414744.795 54468 3.238
1791414744.810 54476 6.055
1791414744.821 54484 7.299
1791414744.829 54492 4.713
1791414744.841 54500 5.828
1791414744.858 54508 11.035
1791414744.864 54516 6.250
1791414744.875 54524 5.540
1791414744.887 54532 6.181
1791414744.896 54540 6.198
1791414744.909 54548 7.920
1791414744.915 54556 3.228
1791414744.936 54564 11.814
1791414744.939 54572 4.579
1791414744.954 54580 8.514
1791414744.959 54588 3.479
1791414744.971 54596 4.561
1791414744.985 54604 6.272
1791414744.996 54612 7.338
1791414745.006 54620 5.891
1791414745.021 54628 9.070
1791414745.027 54636 5.170
1791414745.040 54644 7.588
1791414745.051 54652 7.279
1791414745.060 54660 6.016
1791414745.075 54668 8.860
1791414745.081 54676 4.860
1791414745.100 54684 11.609
1791414745.103 54692 4.599
1791414745.117 54700 8.190
1791414745.126 54708 5.636
1791414745.136 54716 4.610
1791414745.149 54724 6.819
1791414745.160 54732 5.255
1791414745.168 54740 4.026
1791414745.185 54748 9.262
1791414745.190 54756 4.706
1791414745.204 54764 5.308
1791414745.211 54772 3.807
1791414745.224 54780 5.643
1791414745.239 54788 9.009
1791414745.246 54796 5.701
1791414745.258 54804 6.307
1791414745.271 54812 8.515
1791414745.280 54820 7.132
1791414745.294 54828 8.681
1791414745.300 54836 4.982
1791414745.313 54844 6.675
1791414745.324 54852 7.280
1791414745.334 54860 5.970
1791414745.346 54868 7.304
1791414745.353 54876 3.220
1791414745.368 54884 5.103
1791414745.376 54892 4.658
1791414745.391 54900 8.421
1791414745.397 54908 3.379
1791414745.413 54916 6.246
1791414745.419 54924 3.512
1791414745.434 54932 5.334
1791414745.443 54940 5.801
1791414745.456 54948 7.924
1791414745.462 54956 3.260
1791414745.475 54964 5.039
1791414745.488 54972 6.374
1791414745.499 54980 7.437
1791414745.509 54988 5.974
1791414745.524 54996 9.398
1791414745.529 55004 4.625
1791414745.543 55012 6.927
1791414745.555 55020 8.369
1791414745.561 55028 3.423
1791414745.580 55036 10.762
1791414745.584 55044 3.706
1791414745.597 55052 6.461
1791414745.609 55060 7.244
1791414745.618 55068 5.964
1791414745.631 55076 7.433
1791414745.641 55084 6.582
1791414745.655 55092 9.321
1791414745.661 55100 4.853
1791414745.676 55108 8.476
1791414745.682 55116 4.412
1791414745.698 55124 8.683
1791414745.705 55132 5.099
1791414745.716 55140 5.085
1791414745.730 55148 8.250
1791414745.736 55156 3.440
1791414745.748 55164 4.581
1791414745.763 55172 8.276
1791414745.769 55180 3.198
1791414745.781 55188 4.505
1791414745.797 55196 8.767
1791414745.806 55204 7.322
1791414745.818 55212 8.528
1791414745.827 55220 6.965
1791414745.842 55228 9.061
1791414745.849 55236 6.099
1791414745.860 55244 5.609
1791414745.872 55252 7.626
1791414745.883 55260 7.733
1791414745.890 55268 4.396
1791414745.904 55276 7.473
1791414745.911 55284 3.262
1791414745.926 55292 7.020
1791414745.937 55300 7.293
1791414745.947 55308 5.973
1791414745.962 55316 8.963
1791414745.967 55324 4.762
1791414745.982 55332 8.326
1791414745.987 55340 3.155
1791414746.004 55348 6.544
1791414746.009 55356 3.293
1791414746.022 55364 4.987
1791414746.037 55372 8.967
1791414746.042 55380 3.330
1791414746.057 55388 5.478
1791414746.064 55396 3.227
1791414746.077 55404 4.701
1791414746.091 55412 8.387
1791414746.097 55420 3.215
1791414746.112 55428 6.797
1791414746.124 55436 8.645
1791414746.130 55444 3.132
1791414746.145 55452 5.645
1791414746.152 55460 3.155
1791414746.167 55468 5.814
1791414746.176 55476 5.796
1791414746.189 55484 7.379
1791414746.197 55492 4.612
1791414746.214 55500 11.278
1791414746.221 55508 7.024
1791414746.233 55516 8.250
1791414746.239 55524 3.229
1791414746.251 55532 4.531
1791414746.267 55540 8.839
1791414746.273 55548 4.351
1791414746.287 55556 7.391
1791414746.300 55564 8.942
1791414746.306 55572 4.246
1791414746.321 55580 8.565
1791414746.327 55588 3.390
1791414746.341 55596 6.322
1791414746.357 55604 8.939
1791414746.363 55612 6.193
1791414746.376 55620 6.114
1791414746.381 55628 3.208
1791414746.394 55636 5.212
1791414746.407 55644 6.463
1791414746.418 55652 5.406
1791414746.428 55660 5.887
1791414746.440 55668 6.369
1791414746.447 55676 3.454
1791414746.462 55684 5.461
1791414746.474 55692 8.303
1791414746.487 55700 8.822
1791414746.492 55708 4.203
1791414746.506 55716 5.569
1791414746.514 55724 4.899
1791414746.529 55732 8.280
1791414746.535 55740 3.499
1791414746.547 55748 4.940
1791414746.562 55756 8.503
1791414746.568 55764 4.285
1791414746.581 55772 5.870
1791414746.596 55780 9.210
1791414746.602 55788 4.854
1791414746.616 55796 8.234
1791414746.622 55804 3.214
1791414746.634 55812 4.651
1791414746.649 55820 8.372
1791414746.657 55828 5.638
1791414746.667 55836 4.741
1791414746.681 55844 7.509
1791414746.692 55852 5.951
1791414746.701 55860 5.803
1791414746.715 55868 8.356
1791414746.725 55876 7.686
1791414746.732 55884 3.900
1791414746.746 55892 5.245
1791414746.755 55900 4.403
1791414746.767 55908 5.875
1791414746.781 55916 8.543
1791414746.786 55924 3.324
1791414746.799 55932 5.228
1791414746.812 55940 5.395
1791414746.823 55948 7.224
1791414746.830 55956 3.406
1791414746.842 55964 4.561
1791414746.857 55972 8.198
1791414746.864 55980 4.667
1791414746.880 55988 9.365
1791414746.887 55996 5.698
1791414746.899 56004 6.253
1791414746.914 56012 8.937
1791414746.923 56020 8.436
1791414746.929 56028 3.833
1791414746.941 56036 4.666
1791414746.954 56044 6.505
1791414746.965 56052 7.264
1791414746.975 56060 6.163
1791414746.990 56068 9.278
1791414746.995 56076 4.554
1791414747.009 56084 6.750
1791414747.021 56092 6.160
1791414747.027 56100 3.241
1791414747.039 56108 4.531
1791414747.052 56116 6.483
1791414747.064 56124 5.496
1791414747.075 56132 7.283
1791414747.087 56140 8.807
1791414747.094 56148 4.391
1791414747.106 56156 5.749
1791414747.125 56164 11.931
1791414747.128 56172 3.555
1791414747.140 56180 6.132
1791414747.147 56188 3.308
1791414747.163 56196 8.471
1791414747.170 56204 4.181
1791414747.181 56212 4.510
1791414747.196 56220 8.434
1791414747.206 56228 6.873
1791414747.218 56236 8.334
1791414747.224 56244 3.173
1791414747.236 56252 4.619
1791414747.251 56260 8.297
1791414747.257 56268 3.255
1791414747.269 56276 4.667
1791414747.284 56284 8.453
1791414747.290 56292 3.806
1791414747.302 56300 4.842
1791414747.317 56308 9.269
1791414747.322 56316 3.171
1791414747.339 56324 7.305
1791414747.344 56332 3.184
1791414747.359 56340 6.702
1791414747.370 56348 6.547
1791414747.381 56356 5.496
1791414747.388 56364 3.274
1791414747.401 56372 4.937
1791414747.413 56380 5.842
1791414747.425 56388 5.705
1791414747.434 56396 5.946
1791414747.447 56404 7.794
1791414747.454 56412 3.654
1791414747.466 56420 5.143
1791414747.488 56428 10.707
1791414747.490 56436 6.934
1791414747.500 56444 5.882
1791414747.512 56452 5.964
1791414747.524 56460 8.156
1791414747.538 56468 9.798
1791414747.542 56476 4.573
1791414747.557 56484 8.198
1791414747.563 56492 3.224
1791414747.575 56500 4.712
1791414747.590 56508 8.560
1791414747.596 56516 3.300
1791414747.614 56524 8.979
1791414747.619 56532 4.303
1791414747.632 56540 6.550
1791414747.644 56548 7.725
1791414747.653 56556 5.825
1791414747.668 56564 9.296
1791414747.674 56572 4.504
1791414747.687 56580 6.312
1791414747.698 56588 5.443
1791414747.705 56596 3.402
1791414747.721 56604 7.106
1791414747.731 56612 5.446
1791414747.738 56620 3.613
1791414747.756 56628 9.535
1791414747.762 56636 4.838
1791414747.776 56644 8.216
1791414747.782 56652 3.632
1791414747.797 56660 5.550
1791414747.804 56668 3.275
1791414747.819 56676 5.633
1791414747.828 56684 5.819
1791414747.843 56692 9.256
1791414747.849 56700 4.379
1791414747.862 56708 6.888
1791414747.873 56716 5.675
1791414747.880 56724 3.388
1791414747.896 56732 6.340
1791414747.902 56740 3.185
1791414747.917 56748 5.545
1791414747.925 56756 4.524
1791414747.939 56764 7.411
1791414747.946 56772 3.265
1791414747.959 56780 4.958
1791414747.973 56788 8.303
1791414747.979 56796 3.142
1791414747.991 56804 4.603
1791414748.006 56812 8.384
1791414748.012 56820 3.189
1791414748.027 56828 5.463
1791414748.036 56836 6.020
1791414748.052 56844 10.427
1791414748.057 56852 4.572
1791414748.071 56860 8.219
1791414748.078 56868 4.325
1791414748.090 56876 4.609
1791414748.104 56884 8.324
1791414748.110 56892 3.252
1791414748.122 56900 4.499
1791414748.135 56908 5.697
1791414748.148 56916 8.589
1791414748.154 56924 3.451
1791414748.169 56932 5.358
1791414748.176 56940 3.424
1791414748.191 56948 5.666
1791414748.198 56956 3.229
1791414748.213 56964 7.737
1791414748.220 56972 3.827
1791414748.232 56980 5.009
1791414748.247 56988 8.398
1791414748.252 56996 3.347
1791414748.265 57004 4.765
1791414748.278 57012 5.541
1791414748.288 57020 5.788
1791414748.303 57028 9.033
1791414748.316 57036 12.396
1791414748.326 57044 10.763
1791414748.331 57052 3.775
1791414748.344 57060 7.587
1791414748.355 57068 7.461
1791414748.369 57076 10.272
1791414748.375 57084 5.861
1791414748.384 57092 3.820
1791414748.397 57100 5.752
1791414748.412 57108 9.261
1791414748.418 57116 4.706
1791414748.432 57124 8.286
1791414748.438 57132 3.173
1791414748.453 57140 5.544
1791414748.465 57148 8.243
1791414748.478 57156 8.808
1791414748.483 57164 4.527
1791414748.497 57172 6.736
1791414748.508 57180 5.661
1791414748.517 57188 5.895
1791414748.533 57196 9.233
1791414748.538 57204 4.784
1791414748.553 57212 8.303
1791414748.559 57220 3.325
1791414748.574 57228 6.111
1791414748.583 57236 6.028
1791414748.598 57244 9.266
1791414748.604 57252 4.763
1791414748.617 57260 5.471
1791414748.624 57268 3.274
1791414748.641 57276 8.124
1791414748.652 57284 8.507
1791414748.661 57292 6.799
1791414748.673 57300 8.581
1791414748.679 57308 3.312
1791414748.697 57316 9.410
1791414748.702 57324 4.859
1791414748.715 57332 6.531
1791414748.727 57340 7.455
1791414748.734 57348 3.395
1791414748.749 57356 7.301
1791414748.758 57364 5.992
1791414748.771 57372 5.808
1791414748.777 57380 3.295
1791414748.794 57388 6.961
1791414748.805 57396 8.273
1791414748.814 57404 6.925
1791414748.825 57412 5.477
1791414748.835 57420 5.976
1791414748.848 57428 6.727
1791414748.854 57436 3.337
1791414748.866 57444 4.617
1791414748.880 57452 6.697
1791414748.892 57460 8.414
1791414748.898 57468 3.140
1791414748.914 57476 8.638
1791414748.920 57484 3.627
1791414748.935 57492 7.586
1791414748.942 57500 3.388
1791414748.957 57508 5.291
1791414748.963 57516 3.241
1791414748.981 57524 8.058
1791414748.985 57532 3.388
1791414749.001 57540 7.725
1791414749.007 57548 3.267
1791414749.023 57556 7.828
1791414749.033 57564 7.524
1791414749.040 57572 3.118
1791414749.054 57580 6.055
1791414749.066 57588 5.543
1791414749.073 57596 3.229
1791414749.085 57604 4.539
1791414749.100 57612 8.265
1791414749.106 57620 3.324
1791414749.118 57628 4.885
1791414749.133 57636 8.306
1791414749.138 57644 3.224
1791414749.151 57652 4.551
1791414749.168 57660 10.238
1791414749.173 57668 5.083
1791414749.186 57676 6.412
1791414749.198 57684 5.679
1791414749.204 57692 3.146
1791414749.219 57700 4.954
1791414749.229 57708 5.936
1791414749.241 57716 5.581
1791414749.251 57724 6.251
1791414749.267 57732 10.728
1791414749.271 57740 4.840
1791414749.281 57748 3.653
1791414749.294 57756 5.847
1791414749.306 57764 5.636
1791414749.318 57772 7.308
1791414749.324 57780 3.219
1791414749.339 57788 5.153
1791414749.346 57796 3.162
1791414749.363 57804 6.900
1791414749.368 57812 3.135
1791414749.384 57820 5.566
1791414749.391 57828 4.164
1791414749.405 57836 5.289
1791414749.415 57844 5.784
1791414749.427 57852 7.326
1791414749.438 57860 7.195
1791414749.450 57868 8.485
1791414749.460 57876 7.088
1791414749.471 57884 5.544
1791414749.478 57892 3.357
1791414749.490 57900 4.669
1791414749.505 57908 8.331
1791414749.510 57916 3.116
1791414749.525 57924 5.633
1791414749.533 57932 4.358
1791414749.546 57940 5.724
1791414749.563 57948 11.264
1791414749.567 57956 4.189
1791414749.580 57964 6.052
1791414749.591 57972 7.377
1791414749.598 57980 3.231
1791414749.610 57988 4.494
1791414749.627 57996 9.149
1791414749.632 58004 4.607
1791414749.645 58012 6.416
1791414749.657 58020 7.233
1791414749.669 58028 8.452
1791414749.678 58036 6.830
1791414749.690 58044 7.227
1791414749.702 58052 8.535
1791414749.708 58060 4.324
1791414749.722 58068 6.735
1791414749.734 58076 7.159
1791414749.740 58084 3.364
1791414749.753 58092 4.911
1791414749.767 58100 7.791
1791414749.777 58108 6.755
1791414749.788 58116 6.830
1791414749.799 58124 7.394
1791414749.807 58132 4.498
1791414749.819 58140 5.896
1791414749.833 58148 8.534
1791414749.839 58156 3.195
1791414749.854 58164 5.870
1791414749.862 58172 4.806
1791414749.875 58180 6.235
1791414749.887 58188 7.368
1791414749.896 58196 5.877
1791414749.911 58204 9.255
1791414749.917 58212 4.559
1791414749.932 58220 8.962
1791414749.937 58228 3.217
1791414749.949 58236 4.621
1791414749.962 58244 6.044
1791414749.975 58252 8.393
1791414749.981 58260 3.304
1791414749.999 58268 8.986
1791414750.004 58276 4.226
1791414750.017 58284 5.987
1791414750.030 58292 8.484
1791414750.038 58300 5.272
1791414750.053 58308 9.275
1791414750.060 58316 5.829
1791414750.072 58324 6.444
1791414750.085 58332 8.904
1791414750.093 58340 5.640
1791414750.103 58348 4.894
1791414750.118 58356 8.732
1791414750.127 58364 6.848
1791414750.139 58372 8.406
1791414750.145 58380 3.301
1791414750.163 58388 9.072
1791414750.168 58396 4.128
1791414750.181 58404 6.738
1791414750.193 58412 7.321
1791414750.201 58420 4.688
1791414750.216 58428 8.447
1791414750.222 58436 3.296
1791414750.234 58444 4.665
1791414750.249 58452 8.312
1791414750.254 58460 3.260
1791414750.267 58468 4.584
1791414750.280 58476 6.249
1791414750.293 58484 8.717
1791414750.298 58492 3.202
1791414750.311 58500 5.471
1791414750.321 58508 5.907
1791414750.330 58516 6.002
1791414750.342 58524 8.786
1791414750.348 58532 4.586
1791414750.355 58540 3.830
1791414750.368 58548 6.492
1791414750.377 58556 7.954
1791414750.384 58564 5.801
1791414750.397 58572 8.557
1791414750.406 58580 9.006
1791414750.415 58588 8.420
1791414750.424 58596 8.830
1791414750.433 58604 8.829
1791414750.444 58612 10.720
1791414750.449 58620 4.678
1791414750.456 58628 4.408
1791414750.470 58636 9.023
1791414750.477 58644 6.632
1791414750.484 58652 4.687
1791414750.493 58660 4.979
1791414750.509 58668 9.714
1791414750.518 58676 11.564
1791414750.523 58684 7.097
1791414750.529 58692 4.440
1791414750.538 58700 4.677
1791414750.554 58708 10.607
1791414750.559 58716 6.350
1791414750.567 58724 5.952
1791414750.576 58732 5.969
1791414750.589 58740 8.842
1791414750.595 58748 7.070
1791414750.605 58756 6.248
1791414750.622 58764 12.784
1791414750.632 58772 13.651
1791414750.639 58780 11.850
1791414750.648 58788 11.592
1791414750.654 58796 8.740
1791414750.661 58804 8.888
1791414750.670 58812 8.709
1791414750.679 58820 8.444
1791414750.692 58828 9.452
1791414750.698 58836 8.935
1791414750.706 58844 8.090
1791414750.713 58852 6.286
1791414750.727 58860 10.993
1791414750.732 58868 6.627
1791414750.738 58876 3.443
1791414750.756 58884 11.652
1791414750.760 58892 7.759
1791414750.766 58900 4.836
1791414750.782 58908 9.536
1791414750.792 58916 9.421
1791414750.798 58924 8.617
1791414750.805 58932 6.462
1791414750.813 58940 5.943
1791414750.823 58948 5.267
1791414750.832 58956 6.909
1791414750.839 58964 4.608
1791414750.858 58972 13.251
1791414750.862 58980 9.441
1791414750.866 58988 4.068
1791414750.878 58996 5.872
1791414750.885 59004 4.589
1791414750.894 59012 4.798
1791414750.908 59020 9.295
1791414750.914 59028 3.348
1791414750.920 59036 3.205
1791414750.938 59044 11.279
1791414750.942 59052 5.805
1791414750.948 59060 4.518
1791414750.958 59068 4.689
1791414750.967 59076 5.192
1791414750.976 59084 4.689
1791414750.985 59092 4.627
1791414750.996 59100 6.523
1791414751.008 59108 9.034
1791414751.014 59116 6.031
1791414751.020 59124 3.323
1791414751.036 59132 10.348
1791414751.042 59140 6.495
1791414751.048 59148 3.427
1791414751.066 59156 10.011
1791414751.074 59164 9.240
1791414751.085 59172 8.800
1791414751.087 59180 6.522
1791414751.099 59188 6.314
1791414751.111 59196 9.644
1791414751.117 59204 5.413
1791414751.123 59212 5.189
1791414751.135 59220 8.765
1791414751.142 59228 6.433
1791414751.148 59236 3.480
1791414751.165 59244 10.391
1791414751.171 59252 7.978
1791414751.179 59260 6.768
1791414751.188 59268 6.916
1791414751.197 59276 6.292
1791414751.207 59284 8.037
1791414751.216 59292 6.984
1791414751.223 59300 5.525
1791414751.231 59308 4.550
1791414751.240 59316 4.724
1791414751.250 59324 4.725
1791414751.263 59332 8.903
1791414751.272 59340 9.207
1791414751.283 59348 10.494
1791414751.288 59356 4.839
1791414751.294 59364 3.719
1791414751.307 59372 7.919
1791414751.319 59380 10.445
1791414751.323 59388 5.586
1791414751.336 59396 9.326
1791414751.345 59404 9.013
1791414751.349 59412 3.565
1791414751.361 59420 6.984
1791414751.367 59428 3.423
1791414751.379 59436 6.146
1791414751.392 59444 8.962
1791414751.397 59452 6.756
1791414751.404 59460 4.544
1791414751.414 59468 4.643
1791414751.425 59476 7.032
1791414751.432 59484 4.571
1791414751.442 59492 5.562
1791414751.455 59500 9.161
1791414751.464 59508 8.710
1791414751.475 59516 9.817
1791414751.481 59524 7.426
1791414751.489 59532 7.147
1791414751.502 59540 9.063
1791414751.512 59548 9.154
1791414751.523 59556 11.121
1791414751.528 59564 9.042
1791414751.534 59572 6.631
1791414751.541 59580 4.504
1791414751.553 59588 7.429
1791414751.564 59596 7.807
1791414751.572 59604 8.131
1791414751.581 59612 8.200
1791414751.591 59620 8.423
1791414751.597 59628 5.719
1791414751.604 59636 3.657
1791414751.619 59644 8.480
1791414751.626 59652 7.138
1791414751.632 59660 4.652
1791414751.648 59668 8.651
1791414751.657 59676 9.023
1791414751.667 59684 8.783
1791414751.673 59692 8.314
1791414751.681 59700 6.662
1791414751.693 59708 8.577
1791414751.698 59716 5.550
1791414751.705 59724 3.432
1791414751.722 59732 11.353
1791414751.726 59740 5.848
1791414751.737 59748 9.181
1791414751.741 59756 3.412
1791414751.755 59764 7.283
1791414751.764 59772 8.206
1791414751.770 59780 5.773
1791414751.777 59788 3.544
1791414751.794 59796 10.999
1791414751.801 59804 9.045
1791414751.810 59812 8.589
1791414751.817 59820 4.830
1791414751.827 59828 8.088
1791414751.837 59836 8.459
1791414751.843 59844 5.636
1791414751.856 59852 8.437
1791414751.869 59860 12.845
1791414751.877 59868 12.071
1791414751.884 59876 10.479
1791414751.890 59884 4.950
1791414751.897 59892 4.534
1791414751.906 59900 4.714
1791414751.922 59908 9.338
1791414751.932 59916 10.190
1791414751.942 59924 11.454
1791414751.949 59932 11.129
1791414751.956 59940 8.985
1791414751.967 59948 8.730
1791414751.974 59956 5.758
1791414751.988 59964 11.462
1791414751.995 59972 9.398
1791414752.005 59980 9.683
1791414752.011 59988 8.760
1791414752.020 59996 9.456
1791414752.030 60004 10.424
1791414752.037 60012 8.175
1791414752.044 60020 5.369
1791414752.050 60028 3.376
1791414752.067 60036 8.640
1791414752.080 60044 10.184
1791414752.082 60052 7.149
1791414752.092 60060 8.106
1791414752.099 60068 6.214
1791414752.111 60076 8.614
1791414752.120 60084 8.619
1791414752.127 60092 6.570
1791414752.133 60100 3.273
1791414752.148 60108 8.825
1791414752.154 60116 6.422
1791414752.166 60124 9.073
1791414752.174 60132 8.355
1791414752.181 60140 6.241
1791414752.195 60148 10.545
1791414752.202 60156 8.797
1791414752.214 60164 11.025
1791414752.222 60172 10.495
1791414752.231 60180 10.767
1791414752.240 60188 10.212
1791414752.247 60196 7.959
1791414752.258 60204 9.459
1791414752.265 60212 6.844
1791414752.274 60220 8.122
1791414752.283 60228 6.707
1791414752.292 60236 7.140
1791414752.298 60244 4.788
1791414752.307 60252 4.703
1791414752.319 60260 7.010
1791414752.330 60268 9.339
1791414752.339 60276 9.350
1791414752.345 60284 5.719
1791414752.357 60292 8.517
1791414752.366 60300 9.031
1791414752.375 60308 8.829
1791414752.384 60316 8.820
1791414752.394 60324 9.012
1791414752.403 60332 8.787
1791414752.409 60340 4.975
1791414752.419 60348 7.450
1791414752.425 60356 4.092
1791414752.442 60364 11.153
1791414752.449 60372 9.690
1791414752.460 60380 11.283
1791414752.464 60388 6.833
1791414752.473 60396 6.855
1791414752.479 60404 3.388
1791414752.494 60412 8.769
1791414752.502 60420 6.989
1791414752.507 60428 4.476
1791414752.517 60436 4.855
1791414752.526 60444 4.627
1791414752.535 60452 4.711
1791414752.546 60460 6.707
1791414752.559 60468 8.983
1791414752.566 60476 5.801
1791414752.571 60484 4.400
1791414752.581 60492 4.989
1791414752.594 60500 8.958
1791414752.606 60508 11.492
1791414752.612 60516 8.407
1791414752.622 60524 8.108
1791414752.626 60532 4.547
1791414752.635 60540 4.476
1791414752.647 60548 7.286
1791414752.658 60556 8.981
1791414752.667 60564 9.343
1791414752.675 60572 8.245
1791414752.681 60580 4.412
1791414752.690 60588 4.647
1791414752.700 60596 5.668
1791414752.713 60604 8.604
1791414752.720 60612 6.872
1791414752.727 60620 4.796
1791414752.743 60628 11.470
1791414752.750 60636 9.780
1791414752.756 60644 6.951
1791414752.763 60652 4.757
1791414752.772 60660 4.689
1791414752.781 60668 4.583
1791414752.795 60676 8.494
1791414752.805 60684 9.991
1791414752.813 60692 9.033
1791414752.822 60700 9.063
1791414752.831 60708 8.559
1791414752.840 60716 8.768
1791414752.849 60724 8.358
1791414752.858 60732 9.049
1791414752.863 60740 4.484
1791414752.873 60748 5.103
1791414752.886 60756 9.177
1791414752.893 60764 6.790
1791414752.900 60772 4.794
1791414752.917 60780 11.431
1791414752.923 60788 8.442
1791414752.929 60796 4.973
1791414752.938 60804 6.759
1791414752.946 60812 4.949
1791414752.960 60820 10.281
1791414752.970 60828 10.814
1791414752.974 60836 6.438
1791414752.980 60844 3.278
1791414752.995 60852 8.640
1791414753.003 60860 7.283
1791414753.011 60868 6.829
1791414753.017 60876 3.855
1791414753.033 60884 9.260
1791414753.038 60892 5.566
1791414753.044 60900 3.398
1791414753.054 60908 3.850
1791414753.069 60916 8.682
1791414753.080 60924 11.061
1791414753.089 60932 10.764
1791414753.098 60940 11.026
1791414753.102 60948 6.387
1791414753.111 60956 6.653
1791414753.117 60964 3.227
1791414753.126 60972 3.527
1791414753.142 60980 8.898
1791414753.148 60988 5.507
1791414753.157 60996 6.929
1791414753.163 61004 3.712
1791414753.179 61012 8.806
1791414753.184 61020 5.469
1791414753.191 61028 4.605
1791414753.207 61036 8.854
1791414753.217 61044 9.425
1791414753.228 61052 11.709
1791414753.233 61060 8.787
1791414753.239 61068 6.059
1791414753.245 61076 3.227
1791414753.260 61084 8.903
1791414753.266 61092 6.192
1791414753.272 61100 3.393
1791414753.287 61108 8.972
1791414753.294 61116 5.672
1791414753.300 61124 3.530
1791414753.313 61132 5.443
1791414753.323 61140 8.313
1791414753.329 61148 5.512
1791414753.343 61156 10.196
1791414753.352 61164 9.257
1791414753.359 61172 7.986
1791414753.365 61180 4.577
1791414753.374 61188 4.544
1791414753.384 61196 6.264
1791414753.393 61204 5.914
1791414753.402 61212 5.896
1791414753.410 61220 4.582
1791414753.423 61228 5.856
1791414753.429 61236 5.474
1791414753.444 61244 10.961
1791414753.450 61252 7.989
1791414753.460 61260 8.455
1791414753.470 61268 8.834
1791414753.476 61276 6.373
1791414753.485 61284 5.969
1791414753.503 61292 12.251
1791414753.507 61300 9.669
1791414753.513 61308 6.208
1791414753.520 61316 5.047
1791414753.534 61324 8.362
1791414753.541 61332 8.109
1791414753.550 61340 6.222
1791414753.556 61348 4.355
1791414753.565 61356 4.611
1791414753.574 61364 4.518
1791414753.586 61372 7.013
1791414753.591 61380 3.562
1791414753.606 61388 8.223
1791414753.615 61396 9.193
1791414753.627 61404 11.166
1791414753.636 61412 8.986
1791414753.640 61420 6.486
1791414753.651 61428 8.860
1791414753.655 61436 3.409
1791414753.670 61444 8.502
1791414753.677 61452 6.482
1791414753.685 61460 5.945
1791414753.700 61468 11.124
1791414753.707 61476 8.976
1791414753.716 61484 8.656
1791414753.725 61492 8.718
1791414753.734 61500 8.828
1791414753.745 61508 11.077
1791414753.752 61516 9.355
1791414753.759 61524 6.150
1791414753.766 61532 4.392
1791414753.777 61540 6.399
1791414753.787 61548 5.877
1791414753.796 61556 7.933
1791414753.806 61564 6.187
1791414753.812 61572 5.673
1791414753.821 61580 5.646
1791414753.831 61588 5.790
1791414753.840 61596 6.014
1791414753.847 61604 3.403
1791414753.863 61612 9.648
1791414753.871 61620 7.784
1791414753.879 61628 8.006
1791414753.888 61636 7.911
1791414753.894 61644 5.333
1791414753.909 61652 10.749
1791414753.915 61660 7.786
1791414753.921 61668 4.769
1791414753.932 61676 6.955
1791414753.939 61684 4.869
1791414753.953 61692 9.711
1791414753.964 61700 10.966
1791414753.969 61708 7.005
1791414753.978 61716 6.817
1791414753.989 61724 8.842
1791414754.003 61732 13.866
1791414754.009 61740 10.381
1791414754.013 61748 5.269
1791414754.020 61756 3.302
1791414754.029 61764 3.720
1791414754.044 61772 8.663
1791414754.054 61780 9.155
1791414754.062 61788 6.826
1791414754.067 61796 4.525
1791414754.078 61804 7.200
1791414754.085 61812 4.803
1791414754.094 61820 4.687
1791414754.105 61828 6.618
1791414754.112 61836 4.753
1791414754.124 61844 6.910
1791414754.138 61852 9.637
1791414754.146 61860 10.411
1791414754.151 61868 6.378
1791414754.158 61876 4.834
1791414754.166 61884 3.778
1791414754.183 61892 11.074
1791414754.187 61900 6.201
1791414754.193 61908 3.340
1791414754.205 61916 6.355
1791414754.212 61924 3.791
1791414754.225 61932 8.104
1791414754.232 61940 5.422
1791414754.246 61948 10.443
1791414754.253 61956 8.914
1791414754.265 61964 11.381
1791414754.274 61972 11.318
1791414754.281 61980 9.276
1791414754.292 61988 11.486
1791414754.299 61996 9.191
1791414754.306 62004 6.699
1791414754.317 62012 9.060
1791414754.321 62020 3.335
1791414754.337 62028 8.745
1791414754.342 62036 5.448
1791414754.354 62044 9.343
1791414754.357 62052 3.405
1791414754.372 62060 8.619
1791414754.380 62068 8.081
1791414754.392 62076 10.503
1791414754.401 62084 10.774
1791414754.405 62092 5.602
1791414754.412 62100 3.446
1791414754.429 62108 10.829
1791414754.434 62116 6.826
1791414754.443 62124 6.789
1791414754.448 62132 3.309
1791414754.462 62140 8.382
1791414754.469 62148 5.946
1791414754.481 62156 8.948
1791414754.491 62164 8.910
1791414754.497 62172 4.232
1791414754.504 62180 4.384
1791414754.516 62188 7.236
1791414754.522 62196 4.550
1791414754.534 62204 6.620
1791414754.540 62212 3.953
1791414754.556 62220 8.562
1791414754.563 62228 6.509
1791414754.572 62236 8.119
1791414754.580 62244 6.697
1791414754.585 62252 3.812
1791414754.599 62260 8.058
1791414754.609 62268 8.603
1791414754.615 62276 6.017
1791414754.627 62284 8.445
1791414754.634 62292 5.751
1791414754.640 62300 3.241
1791414754.654 62308 8.444
1791414754.662 62316 6.970
1791414754.668 62324 4.441
1791414754.684 62332 9.558
1791414754.693 62340 8.903
1791414754.703 62348 8.999
1791414754.712 62356 9.007
1791414754.721 62364 8.662
1791414754.728 62372 8.718
1791414754.737 62380 9.165
1791414754.744 62388 7.000
1791414754.750 62396 4.676
1791414754.759 62404 4.489
1791414754.769 62412 4.500
1791414754.783 62420 8.581
1791414754.792 62428 8.430
1791414754.798 62436 3.435
1791414754.804 62444 3.511
1791414754.821 62452 10.156
1791414754.826 62460 6.900
1791414754.835 62468 5.925
1791414754.840 62476 3.481
1791414754.857 62484 9.216
1791414754.863 62492 6.557
1791414754.870 62500 5.730
1791414754.879 62508 5.567
1791414754.892 62516 9.637
1791414754.897 62524 5.033
1791414754.912 62532 10.883
1791414754.917 62540 6.819
1791414754.922 62548 3.350
1791414754.940 62556 9.560
1791414754.949 62564 10.982
1791414754.958 62572 11.211
1791414754.962 62580 5.775
1791414754.971 62588 6.004
1791414754.984 62596 9.754
1791414754.994 62604 11.185
1791414755.003 62612 8.811
1791414755.007 62620 5.536
1791414755.015 62628 4.905
1791414755.027 62636 7.829
1791414755.037 62644 8.485
1791414755.043 62652 5.556
1791414755.058 62660 10.959
1791414755.064 62668 8.143
1791414755.073 62676 8.544
1791414755.082 62684 8.156
1791414755.091 62692 8.054
1791414755.100 62700 7.970
1791414755.109 62708 8.098
1791414755.119 62716 8.163
1791414755.125 62724 5.621
1791414755.132 62732 3.548
1791414755.151 62740 9.267
1791414755.158 62748 10.382
1791414755.164 62756 6.955
1791414755.173 62764 8.120
1791414755.182 62772 7.966
1791414755.191 62780 7.912
1791414755.199 62788 6.433
1791414755.208 62796 6.419
1791414755.219 62804 8.448
1791414755.229 62812 8.747
1791414755.238 62820 8.894
1791414755.247 62828 6.765
1791414755.256 62836 8.783
1791414755.265 62844 8.551
1791414755.272 62852 6.222
1791414755.284 62860 9.078
1791414755.287 62868 3.285
1791414755.304 62876 10.942
1791414755.309 62884 6.678
1791414755.316 62892 4.541
1791414755.325 62900 4.631
1791414755.334 62908 5.102
1791414755.348 62916 9.633
1791414755.354 62924 5.797
1791414755.366 62932 8.730
1791414755.377 62940 11.134
1791414755.382 62948 5.860
1791414755.389 62956 5.167
1791414755.400 62964 6.510
1791414755.411 62972 8.922
1791414755.418 62980 6.636
1791414755.425 62988 4.601
1791414755.437 62996 7.471
1791414755.444 63004 4.798
1791414755.457 63012 9.030
1791414755.466 63020 9.146
1791414755.473 63028 5.420
1791414755.480 63036 4.560
1791414755.489 63044 4.761
1791414755.498 63052 4.760
1791414755.508 63060 5.553
1791414755.523 63068 10.350
1791414755.531 63076 9.182
1791414755.537 63084 6.809
1791414755.546 63092 6.949
1791414755.560 63100 9.176
1791414755.566 63108 8.582
1791414755.573 63116 5.656
1791414755.579 63124 3.570
1791414755.596 63132 10.743
1791414755.603 63140 8.958
1791414755.612 63148 8.322
1791414755.616 63156 4.067
1791414755.630 63164 8.834
1791414755.639 63172 8.835
1791414755.648 63180 8.767
1791414755.658 63188 8.839
1791414755.664 63196 6.182
1791414755.676 63204 8.414
1791414755.683 63212 7.485
1791414755.689 63220 4.353
1791414755.698 63228 4.588
1791414755.708 63236 4.517
1791414755.717 63244 4.821
1791414755.731 63252 9.157
1791414755.737 63260 6.573
1791414755.743 63268 3.346
1791414755.759 63276 8.576
1791414755.765 63284 5.630
1791414755.774 63292 6.662
1791414755.780 63300 3.978
1791414755.793 63308 6.251
1791414755.802 63316 8.035
1791414755.811 63324 8.029
1791414755.821 63332 8.074
1791414755.827 63340 5.537
1791414755.839 63348 8.397
1791414755.849 63356 8.491
1791414755.855 63364 6.108
1791414755.861 63372 3.227
1791414755.876 63380 8.421
1791414755.885 63388 8.715
1791414755.897 63396 11.073
1791414755.901 63404 5.609
1791414755.910 63412 6.764
1791414755.916 63420 3.321
1791414755.935 63428 12.163
1791414755.941 63436 8.707
1791414755.948 63444 8.310
1791414755.955 63452 5.813
1791414755.964 63460 5.898
1791414755.973 63468 5.787
1791414755.982 63476 5.853
1791414755.992 63484 5.978
1791414756.001 63492 5.773
1791414756.010 63500 6.447
1791414756.018 63508 4.443
1791414756.033 63516 9.904
1791414756.040 63524 7.555
1791414756.047 63532 6.698
1791414756.053 63540 3.546
1791414756.068 63548 8.462
1791414756.077 63556 9.270
1791414756.083 63564 6.535
1791414756.089 63572 3.328
1791414756.107 63580 11.691
1791414756.111 63588 6.799
1791414756.118 63596 4.516
1791414756.132 63604 9.295
1791414756.137 63612 5.714
1791414756.144 63620 3.312
1791414756.160 63628 9.439
1791414756.165 63636 6.504
1791414756.171 63644 3.221
1791414756.189 63652 8.823
1791414756.200 63660 11.081
1791414756.205 63668 9.270
1791414756.211 63676 6.253
1791414756.221 63684 6.882
1791414756.227 63692 4.062
1791414756.242 63700 8.986
1791414756.248 63708 7.314
1791414756.257 63716 7.030
1791414756.274 63724 12.368
1791414756.282 63732 9.091
1791414756.284 63740 6.561
1791414756.295 63748 6.157
1791414756.302 63756 5.357
1791414756.308 63764 3.613
1791414756.326 63772 11.489
1791414756.331 63780 8.061
1791414756.340 63788 8.033
1791414756.350 63796 8.286
1791414756.361 63804 10.388
1791414756.368 63812 8.761
1791414756.377 63820 8.146
1791414756.386 63828 7.806
1791414756.391 63836 4.420
1791414756.400 63844 4.486
1791414756.410 63852 4.510
1791414756.419 63860 4.792
1791414756.429 63868 5.170
1791414756.438 63876 6.000
1791414756.446 63884 4.711
1791414756.461 63892 8.761
1791414756.466 63900 5.642
1791414756.478 63908 8.270
1791414756.486 63916 7.960
1791414756.492 63924 4.585
1791414756.502 63932 5.737
1791414756.517 63940 8.889
1791414756.526 63948 11.385
1791414756.533 63956 8.739
1791414756.544 63964 8.885
1791414756.553 63972 10.236
1791414756.557 63980 5.729
1791414756.569 63988 8.921
1791414756.579 63996 9.804
1791414756.585 64004 6.918
1791414756.594 64012 6.779
1791414756.603 64020 6.855
1791414756.613 64028 7.451
1791414756.618 64036 3.659
1791414756.632 64044 6.907
1791414756.643 64052 9.476
1791414756.649 64060 6.116
1791414756.655 64068 3.300
1791414756.670 64076 8.430
1791414756.679 64084 9.237
1791414756.690 64092 11.392
1791414756.697 64100 8.532
1791414756.707 64108 9.718
1791414756.715 64116 9.045
1791414756.723 64124 8.017
1791414756.732 64132 8.012
1791414756.742 64140 8.325
1791414756.751 64148 8.409
1791414756.761 64156 8.949
1791414756.771 64164 10.627
1791414756.783 64172 11.351
1791414756.786 64180 5.064
1791414756.794 64188 6.101
1791414756.804 64196 6.925
1791414756.811 64204 4.948
1791414756.827 64212 8.829
1791414756.835 64220 8.482
1791414756.842 64228 7.925
1791414756.851 64236 8.226
1791414756.860 64244 7.822
1791414756.869 64252 8.085
1791414756.878 64260 6.499
1791414756.887 64268 8.180
1791414756.900 64276 11.184
1791414756.903 64284 3.488
1791414756.916 64292 9.574
1791414756.922 64300 6.475
1791414756.928 64308 3.487
1791414756.937 64316 3.483
1791414756.952 64324 8.524
1791414756.961 64332 8.878
1791414756.969 64340 6.713
1791414756.975 64348 5.079
1791414756.991 64356 11.203
1791414756.999 64364 9.302
1791414757.005 64372 4.748
1791414757.011 64380 3.236
1791414757.026 64388 8.959
1791414757.032 64396 6.257
1791414757.038 64404 4.208
1791414757.054 64412 8.842
1791414757.059 64420 6.835
1791414757.068 64428 6.512
1791414757.078 64436 7.425
1791414757.091 64444 11.161
1791414757.101 64452 12.085
1791414757.108 64460 9.559
1791414757.114 64468 6.952
1791414757.122 64476 5.338
1791414757.134 64484 8.926
1791414757.144 64492 9.239
1791414757.150 64500 5.854
1791414757.158 64508 5.288
1791414757.171 64516 8.521
1791414757.180 64524 9.172
1791414757.188 64532 7.443
1791414757.197 64540 7.848
1791414757.202 64548 3.761
1791414757.218 64556 9.101
1791414757.223 64564 4.846
1791414757.231 64572 4.891
1791414757.249 64580 11.863
1791414757.255 64588 8.944
1791414757.265 64596 9.777
1791414757.272 64604 9.473
1791414757.281 64612 8.702
1791414757.287 64620 6.886
1791414757.296 64628 6.951
1791414757.306 64636 7.304
1791414757.315 64644 7.305
1791414757.324 64652 7.079
1791414757.330 64660 3.558
1791414757.345 64668 8.950
1791414757.352 64676 6.273
1791414757.360 64684 6.836
1791414757.366 64692 3.319
1791414757.385 64700 11.160
1791414757.391 64708 9.379
1791414757.399 64716 8.952
1791414757.408 64724 9.220
1791414757.414 64732 6.218
1791414757.423 64740 5.920
1791414757.430 64748 3.485
1791414757.444 64756 8.376
1791414757.455 64764 10.155
1791414757.461 64772 5.627
1791414757.467 64780 4.326
1791414757.484 64788 9.616
1791414757.490 64796 8.682
1791414757.499 64804 8.763
1791414757.508 64812 8.548
1791414757.517 64820 8.660
1791414757.525 64828 8.010
1791414757.535 64836 8.459
1791414757.542 64844 5.904
1791414757.554 64852 9.136
1791414757.561 64860 6.671
1791414757.567 64868 4.418
1791414757.577 64876 4.492
1791414757.586 64884 4.482
1791414757.595 64892 4.525
1791414757.604 64900 4.524
1791414757.613 64908 4.512
1791414757.625 64916 7.369
1791414757.635 64924 5.863
1791414757.646 64932 10.456
1791414757.650 64940 4.716
1791414757.670 64948 13.540
1791414757.677 64956 11.347
1791414757.684 64964 8.924
1791414757.695 64972 11.506
1791414757.700 64980 8.779
1791414757.709 64988 8.787
1791414757.718 64996 8.811
1791414757.727 65004 8.588
1791414757.737 65012 9.264
1791414757.743 65020 5.417
1791414757.750 65028 4.533
1791414757.766 65036 9.181
1791414757.773 65044 8.716
1791414757.782 65052 9.095
1791414757.788 65060 6.518
1791414757.794 65068 3.528
1791414757.809 65076 8.882
1791414757.818 65084 9.015
1791414757.826 65092 7.913
1791414757.835 65100 7.943
1791414757.845 65108 7.998
1791414757.853 65116 7.162
1791414757.858 65124 3.707
1791414757.873 65132 8.538
1791414757.882 65140 9.178
1791414757.889 65148 6.990
1791414757.898 65156 6.538
1791414757.912 65164 11.544
1791414757.916 65172 6.807
1791414757.923 65180 4.491
1791414757.935 65188 6.973
1791414757.948 65196 9.119
1791414757.957 65204 8.913
1791414757.966 65212 9.045
1791414757.976 65220 8.750
1791414757.987 65228 11.267
1791414757.994 65236 8.906
1791414758.003 65244 9.186
1791414758.010 65252 9.103
1791414758.016 65260 6.141
1791414758.022 65268 3.498
1791414758.041 65276 11.158
1791414758.044 65284 6.613
1791414758.053 65292 6.879
1791414758.060 65300 4.700
1791414758.075 65308 9.254
1791414758.080 65316 4.782
1791414758.090 65324 7.189
1791414758.098 65332 5.672
1791414758.112 65340 8.738
1791414758.119 65348 9.125
1791414758.126 65356 7.031
1791414758.132 65364 3.634
1791414758.147 65372 9.095
1791414758.153 65380 5.705
1791414758.159 65388 3.331
1791414758.177 65396 11.395
1791414758.180 65404 6.580
1791414758.186 65412 3.345
1791414758.201 65420 8.616
1791414758.208 65428 6.513
1791414758.214 65436 3.240
1791414758.229 65444 8.502
1791414758.235 65452 6.733
1791414758.243 65460 5.452
1791414758.259 65468 9.521
1791414758.266 65476 10.098
1791414758.274 65484 8.977
1791414758.279 65492 3.459
1791414758.297 65500 11.007
1791414758.306 65508 11.503
1791414758.313 65516 9.269
1791414758.324 65524 11.595
1791414758.330 65532 9.165
1791414758.339 65540 9.194
1791414758.345 65548 5.463
1791414758.352 65556 4.805
1791414758.365 65564 9.010
1791414758.377 65572 11.480
1791414758.381 65580 6.469
1791414758.389 65588 5.663
1791414758.402 65596 8.634
1791414758.411 65604 8.952
1791414758.420 65612 8.975
1791414758.427 65620 6.607
1791414758.435 65628 5.924
1791414758.449 65636 8.823
1791414758.455 65644 8.021
1791414758.467 65652 9.018
1791414758.473 65660 7.018
1791414758.478 65668 3.671
1791414758.496 65676 11.166
1791414758.500 65684 6.719
1791414758.509 65692 6.610
1791414758.515 65700 3.710
1791414758.528 65708 8.000
1791414758.538 65716 8.322
1791414758.544 65724 5.584
1791414758.553 65732 5.741
1791414758.563 65740 5.749
1791414758.574 65748 8.251
1791414758.581 65756 5.751
1791414758.593 65764 8.528
1791414758.602 65772 8.526
1791414758.614 65780 9.181
1791414758.626 65788 9.551
1791414758.628 65796 7.550
1791414758.641 65804 8.773
1791414758.648 65812 8.954
1791414758.655 65820 6.567
1791414758.660 65828 3.291
1791414758.676 65836 9.065
1791414758.682 65844 5.023
1791414758.690 65852 5.949
1791414758.703 65860 9.687
1791414758.712 65868 9.476
1791414758.720 65876 7.990
1791414758.727 65884 6.400
1791414758.734 65892 3.509
1791414758.748 65900 8.722
1791414758.755 65908 6.460
1791414758.766 65916 8.800
1791414758.773 65924 6.415
1791414758.779 65932 3.718
1791414758.798 65940 12.171
1791414758.806 65948 9.581
1791414758.812 65956 9.188
1791414758.821 65964 9.039
1791414758.833 65972 11.258
1791414758.842 65980 9.396
1791414758.849 65988 9.192
1791414758.854 65996 5.231
1791414758.862 66004 4.497
1791414758.874 66012 7.166
1791414758.885 66020 9.052
1791414758.892 66028 6.352
1791414758.899 66036 4.530
1791414758.908 66044 4.802
1791414758.921 66052 8.771
1791414758.931 66060 8.634
1791414758.940 66068 8.747
1791414758.949 66076 8.799
1791414758.958 66084 9.165
1791414758.967 66092 8.727
1791414758.976 66100 9.076
1791414758.988 66108 11.119
1791414758.996 66116 9.140
1791414759.002 66124 4.995
1791414759.008 66132 4.933
1791414759.022 66140 8.880
1791414759.029 66148 6.807
1791414759.038 66156 6.952
1791414759.045 66164 4.659
1791414759.058 66172 8.769
1791414759.068 66180 8.979
1791414759.077 66188 8.378
1791414759.084 66196 5.875
1791414759.090 66204 4.660
1791414759.099 66212 4.754
1791414759.109 66220 5.386
1791414759.125 66228 11.308
1791414759.134 66236 11.286
1791414759.142 66244 8.898
1791414759.148 66252 4.463
1791414759.155 66260 5.715
1791414759.168 66268 8.484
1791414759.179 66276 11.496
1791414759.184 66284 4.766
1791414759.190 66292 4.440
1791414759.200 66300 4.996
1791414759.209 66308 4.471
1791414759.222 66316 8.510
1791414759.229 66324 6.621
1791414759.235 66332 3.261
1791414759.245 66340 4.596
1791414759.258 66348 8.453
1791414759.270 66356 11.235
1791414759.277 66364 8.970
1791414759.287 66372 10.010
1791414759.293 66380 6.735
1791414759.303 66388 7.524
1791414759.313 66396 8.935
1791414759.323 66404 8.350
1791414759.332 66412 8.942
1791414759.343 66420 11.231
1791414759.348 66428 4.126
1791414759.357 66436 6.686
1791414759.363 66444 3.457
1791414759.379 66452 9.046
1791414759.384 66460 6.741
1791414759.391 66468 4.355
1791414759.406 66476 8.970
1791414759.412 66484 6.416
1791414759.421 66492 7.457
1791414759.426 66500 3.567
1791414759.442 66508 8.901
1791414759.448 66516 6.293
1791414759.456 66524 5.330
1791414759.469 66532 9.784
1791414759.475 66540 6.675
1791414759.485 66548 7.226
1791414759.501 66556 11.847
1791414759.507 66564 9.068
1791414759.519 66572 8.818
1791414759.521 66580 6.578
1791414759.531 66588 6.307
1791414759.543 66596 10.711
1791414759.548 66604 6.913
1791414759.556 66612 5.615
1791414759.565 66620 5.655
1791414759.572 66628 3.265
1791414759.582 66636 4.368
1791414759.597 66644 8.956
1791414759.603 66652 5.586
1791414759.610 66660 4.502
1791414759.621 66668 6.927
1791414759.628 66676 4.653
1791414759.636 66684 3.455
1791414759.651 66692 8.276
1791414759.663 66700 11.739
1791414759.669 66708 8.766
1791414759.679 66716 9.350
1791414759.691 66724 11.236
1791414759.699 66732 10.540
1791414759.703 66740 6.856
1791414759.712 66748 6.737
1791414759.718 66756 3.283
1791414759.733 66764 8.576
1791414759.742 66772 9.064
1791414759.754 66780 11.762
1791414759.760 66788 8.865
1791414759.771 66796 8.906
1791414759.777 66804 6.006
1791414759.789 66812 9.189
1791414759.793 66820 5.575
1791414759.802 66828 5.712
1791414759.809 66836 3.393
1791414759.818 66844 3.559
1791414759.832 66852 8.093
1791414759.838 66860 3.516
1791414759.852 66868 10.150
1791414759.860 66876 8.519
1791414759.873 66884 10.004
1791414759.878 66892 6.288
1791414759.884 66900 5.652
1791414759.894 66908 5.731
1791414759.904 66916 7.038
1791414759.910 66924 3.509
1791414759.925 66932 9.249
1791414759.939 66940 13.643
1791414759.942 66948 8.240
1791414759.949 66956 5.672
1791414759.958 66964 5.619
1791414759.964 66972 3.608
1791414759.980 66980 9.183
1791414759.988 66988 7.711
1791414759.996 66996 7.974
1791414760.006 67004 8.866
1791414760.012 67012 5.717
1791414760.019 67020 3.305
1791414760.037 67028 11.170
1791414760.041 67036 5.652
1791414760.047 67044 4.500
1791414760.066 67052 11.694
1791414760.073 67060 11.375
1791414760.078 67068 7.821
1791414760.090 67076 10.791
1791414760.094 67084 5.733
1791414760.107 67092 8.407
1791414760.117 67100 9.019
1791414760.123 67108 6.901
1791414760.130 67116 5.547
1791414760.139 67124 4.570
1791414760.148 67132 4.573
1791414760.160 67140 8.090
1791414760.173 67148 11.279
1791414760.177 67156 4.474
1791414760.183 67164 3.426
1791414760.193 67172 4.722
1791414760.203 67180 4.670
1791414760.212 67188 4.742
1791414760.227 67196 8.576
1791414760.238 67204 10.365
1791414760.243 67212 8.505
1791414760.252 67220 8.043
1791414760.261 67228 8.168
1791414760.270 67236 8.238
1791414760.277 67244 5.786
1791414760.284 67252 4.114
1791414760.298 67260 7.748
1791414760.303 67268 4.523
1791414760.314 67276 6.777
1791414760.321 67284 4.665
1791414760.333 67292 7.927
1791414760.340 67300 5.028
1791414760.355 67308 11.346
1791414760.362 67316 8.923
1791414760.373 67324 10.914
1791414760.378 67332 5.655
1791414760.384 67340 3.287
1791414760.401 67348 8.946
1791414760.410 67356 9.379
1791414760.419 67364 9.161
1791414760.428 67372 10.212
1791414760.436 67380 9.072
1791414760.443 67388 6.915
1791414760.449 67396 5.128
1791414760.458 67404 5.268
1791414760.471 67412 8.895
1791414760.485 67420 13.260
1791414760.488 67428 4.819
1791414760.494 67436 4.824
1791414760.508 67444 8.817
1791414760.515 67452 6.246
1791414760.523 67460 5.997
1791414760.538 67468 9.214
1791414760.549 67476 11.347
1791414760.556 67484 8.924
1791414760.565 67492 9.143
1791414760.573 67500 10.019
1791414760.580 67508 8.055
1791414760.588 67516 6.914
1791414760.593 67524 3.463
1791414760.608 67532 8.765
1791414760.616 67540 7.899
1791414760.625 67548 7.927
1791414760.635 67556 8.343
1791414760.643 67564 7.866
1791414760.657 67572 10.898
1791414760.662 67580 4.237
1791414760.667 67588 4.429
1791414760.677 67596 5.049
1791414760.690 67604 9.014
1791414760.699 67612 8.363
1791414760.709 67620 10.151
1791414760.714 67628 5.606
1791414760.721 67636 3.366
1791414760.737 67644 9.372
1791414760.747 67652 11.270
1791414760.755 67660 10.103
1791414760.764 67668 10.369
1791414760.774 67676 10.729
1791414760.780 67684 8.005
1791414760.789 67692 6.646
1791414760.796 67700 5.606
1791414760.809 67708 8.380
1791414760.818 67716 8.852
1791414760.824 67724 6.031
1791414760.837 67732 9.189
1791414760.843 67740 5.130
1791414760.852 67748 7.078
1791414760.858 67756 3.912
1791414760.871 67764 6.617
1791414760.879 67772 6.943
1791414760.889 67780 6.875
1791414760.894 67788 3.237
1791414760.908 67796 6.171
1791414760.914 67804 5.450
1791414760.930 67812 11.040
1791414760.936 67820 8.540
1791414760.945 67828 8.990
1791414760.952 67836 5.620
1791414760.958 67844 3.562
1791414760.968 67852 4.643
1791414760.977 67860 4.490
1791414760.986 67868 4.536
1791414760.997 67876 5.918
1791414761.008 67884 6.199
1791414761.017 67892 8.002
1791414761.024 67900 4.567
1791414761.038 67908 9.947
1791414761.044 67916 6.319
1791414761.050 67924 4.084
1791414761.066 67932 9.846
1791414761.073 67940 6.680
1791414761.079 67948 6.023
1791414761.088 67956 5.812
1791414761.101 67964 9.454
1791414761.104 67972 3.967
1791414761.122 67980 11.178
1791414761.125 67988 6.762
1791414761.133 67996 4.875
1791414761.148 68004 11.325
1791414761.160 68012 12.093
1791414761.167 68020 11.744
1791414761.170 68028 5.879
1791414761.177 68036 3.260
1791414761.192 68044 8.597
1791414761.201 68052 8.813
1791414761.211 68060 10.187
1791414761.220 68068 8.511
1791414761.227 68076 7.977
1791414761.234 68084 5.545
1791414761.241 68092 3.457
1791414761.258 68100 8.829
1791414761.265 68108 9.077
1791414761.271 68116 6.430
1791414761.277 68124 3.494
1791414761.293 68132 9.355
1791414761.299 68140 6.948
1791414761.306 68148 4.641
1791414761.315 68156 4.732
1791414761.333 68164 11.541
1791414761.340 68172 9.197
1791414761.347 68180 9.212
1791414761.357 68188 9.823
1791414761.365 68196 9.051
1791414761.374 68204 8.770
1791414761.383 68212 6.227
1791414761.390 68220 7.183
1791414761.397 68228 4.462
1791414761.408 68236 6.894
1791414761.415 68244 4.591
1791414761.424 68252 4.561
1791414761.434 68260 5.477
1791414761.446 68268 8.005
1791414761.455 68276 8.146
1791414761.464 68284 8.022
1791414761.473 68292 7.998
1791414761.485 68300 10.512
1791414761.489 68308 6.041
1791414761.502 68316 8.880
1791414761.509 68324 7.174
1791414761.517 68332 6.396
1791414761.527 68340 6.861
1791414761.536 68348 7.081
1791414761.543 68356 4.611
1791414761.554 68364 7.050
1791414761.561 68372 4.747
1791414761.574 68380 8.464
1791414761.584 68388 6.810
1791414761.593 68396 8.790
1791414761.604 68404 11.322
1791414761.614 68412 11.833
1791414761.620 68420 6.679
1791414761.633 68428 9.535
1791414761.640 68436 9.872
1791414761.645 68444 7.006
1791414761.651 68452 3.253
1791414761.665 68460 8.217
1791414761.672 68468 6.290
1791414761.678 68476 3.344
1791414761.694 68484 9.466
1791414761.700 68492 6.228
1791414761.707 68500 3.518
1791414761.721 68508 8.738
1791414761.727 68516 5.861
1791414761.737 68524 7.542
1791414761.750 68532 9.577
1791414761.759 68540 8.712
1791414761.768 68548 8.783
1791414761.777 68556 8.617
1791414761.785 68564 9.899
1791414761.791 68572 6.394
1791414761.799 68580 5.211
1791414761.810 68588 7.910
1791414761.826 68596 12.283
1791414761.836 68604 12.145
1791414761.839 68612 8.898
1791414761.846 68620 6.284
1791414761.853 68628 4.713
1791414761.867 68636 8.791
1791414761.873 68644 5.548
1791414761.880 68652 4.437
1791414761.897 68660 10.030
1791414761.903 68668 8.639
1791414761.915 68676 11.442
1791414761.923 68684 10.100
1791414761.930 68692 8.752
1791414761.936 68700 4.457
1791414761.945 68708 5.895
1791414761.955 68716 6.096
1791414761.964 68724 6.837
1791414761.971 68732 4.500
1791414761.986 68740 9.062
1791414761.992 68748 5.788
1791414762.001 68756 6.957
1791414762.007 68764 3.837
1791414762.021 68772 8.370
1791414762.028 68780 6.969
1791414762.035 68788 4.721
1791414762.043 68796 3.684
1791414762.062 68804 11.242
1791414762.071 68812 11.095
1791414762.075 68820 6.343
1791414762.087 68828 10.857
1791414762.093 68836 8.163
1791414762.100 68844 6.224
1791414762.112 68852 8.456
1791414762.122 68860 8.765
1791414762.133 68868 8.983
1791414762.139 68876 5.933
1791414762.145 68884 5.561
1791414762.155 68892 5.721
1791414762.162 68900 3.498
1791414762.181 68908 9.387
1791414762.183 68916 6.893
1791414762.196 68924 10.620
1791414762.201 68932 5.981
1791414762.214 68940 9.882
1791414762.219 68948 6.354
1791414762.228 68956 5.630
1791414762.241 68964 8.823
1791414762.247 68972 5.420
1791414762.256 68980 6.915
1791414762.264 68988 5.959
1791414762.276 68996 7.351
1791414762.285 69004 7.912
1791414762.294 69012 8.089
1791414762.306 69020 9.975
1791414762.312 69028 6.888
1791414762.319 69036 5.468
1791414762.332 69044 9.416
1791414762.342 69052 9.338
1791414762.348 69060 7.979
1791414762.361 69068 10.003
1791414762.366 69076 5.812
1791414762.378 69084 10.263
1791414762.383 69092 5.542
1791414762.389 69100 3.287
1791414762.405 69108 8.441
1791414762.415 69116 7.887
1791414762.424 69124 9.259
1791414762.431 69132 6.638
1791414762.439 69140 6.933
1791414762.445 69148 4.629
1791414762.454 69156 4.669
1791414762.468 69164 8.591
1791414762.477 69172 9.405
1791414762.486 69180 9.119
1791414762.498 69188 11.060
1791414762.502 69196 5.355
1791414762.511 69204 6.833
1791414762.519 69212 5.666
1791414762.533 69220 9.855
1791414762.539 69228 5.733
1791414762.547 69236 6.242
1791414762.558 69244 6.836
1791414762.569 69252 10.183
1791414762.579 69260 8.904
1791414762.585 69268 5.381
1791414762.592 69276 5.187
1791414762.605 69284 8.836
1791414762.610 69292 5.312
1791414762.617 69300 3.219
1791414762.635 69308 11.195
1791414762.639 69316 6.275
1791414762.645 69324 3.496
1791414762.656 69332 5.998
1791414762.669 69340 8.922
1791414762.679 69348 9.795
1791414762.684 69356 5.267
1791414762.691 69364 4.609
1791414762.705 69372 8.966
1791414762.714 69380 8.805
1791414762.721 69388 5.030
1791414762.728 69396 4.866
1791414762.740 69404 6.544
1791414762.750 69412 7.955
1791414762.761 69420 10.348
1791414762.766 69428 5.756
1791414762.774 69436 4.657
1791414762.781 69444 3.448
1791414762.796 69452 8.597
1791414762.806 69460 8.976
1791414762.817 69468 10.737
1791414762.821 69476 4.842
1791414762.835 69484 10.881
1791414762.843 69492 10.039
1791414762.851 69500 8.861
1791414762.860 69508 9.222
1791414762.868 69516 7.020
1791414762.875 69524 5.589
1791414762.887 69532 8.871
1791414762.897 69540 9.004
1791414762.908 69548 11.129
1791414762.919 69556 12.766
1791414762.922 69564 5.700
1791414762.928 69572 4.512
1791414762.938 69580 4.562
1791414762.949 69588 7.272
1791414762.963 69596 11.022
1791414762.968 69604 8.104
1791414762.974 69612 4.479
1791414762.983 69620 4.735
1791414762.995 69628 6.814
1791414763.006 69636 9.041
1791414763.016 69644 8.358
1791414763.021 69652 4.525
1791414763.028 69660 3.478
1791414763.044 69668 9.482
1791414763.052 69676 6.875
1791414763.058 69684 6.856
1791414763.064 69692 3.708
1791414763.080 69700 9.222
1791414763.087 69708 7.013
1791414763.093 69716 4.563
1791414763.102 69724 4.872
1791414763.115 69732 9.048
1791414763.124 69740 8.923
1791414763.134 69748 8.746
1791414763.143 69756 9.048
1791414763.149 69764 6.693
1791414763.162 69772 9.731
1791414763.170 69780 8.280
1791414763.173 69788 3.302
1791414763.190 69796 9.191
1791414763.196 69804 6.013
1791414763.209 69812 11.573
1791414763.214 69820 6.845
1791414763.224 69828 8.140
1791414763.230 69836 5.390
1791414763.243 69844 9.189
1791414763.252 69852 9.096
1791414763.261 69860 8.720
1791414763.273 69868 11.097
1791414763.277 69876 6.675
1791414763.285 69884 5.381
1791414763.302 69892 11.671
1791414763.314 69900 11.829
1791414763.316 69908 9.314
1791414763.324 69916 7.750
1791414763.331 69924 5.638
1791414763.344 69932 9.470
1791414763.353 69940 9.318
1791414763.365 69948 12.356
1791414763.374 69956 11.086
1791414763.378 69964 5.761
1791414763.385 69972 4.930
1791414763.400 69980 11.381
1791414763.408 69988 10.218
1791414763.415 69996 7.448
1791414763.429 70004 11.284
1791414763.432 70012 5.926
1791414763.442 70020 7.136
1791414763.453 70028 8.985
1791414763.464 70036 11.137
1791414763.469 70044 6.618
1791414763.475 70052 4.471
1791414763.485 70060 4.638
1791414763.494 70068 4.868
1791414763.510 70076 11.565
1791414763.519 70084 11.597
1791414763.524 70092 6.881
1791414763.530 70100 4.625
1791414763.544 70108 8.741
1791414763.553 70116 9.024
1791414763.562 70124 9.124
1791414763.574 70132 11.082
1791414763.578 70140 6.497
1791414763.589 70148 8.374
1791414763.599 70156 8.815
1791414763.610 70164 11.078
1791414763.617 70172 9.071
1791414763.627 70180 10.121
1791414763.638 70188 11.773
1791414763.645 70196 9.438
1791414763.651 70204 4.325
1791414763.659 70212 5.471
1791414763.667 70220 4.570
1791414763.676 70228 4.589
1791414763.692 70236 10.921
1791414763.696 70244 5.567
1791414763.706 70252 6.644
1791414763.712 70260 3.652
1791414763.726 70268 8.556
1791414763.735 70276 8.878
1791414763.742 70284 5.653
1791414763.754 70292 9.269
1791414763.757 70300 3.399
1791414763.770 70308 7.382
1791414763.776 70316 4.560
1791414763.786 70324 4.767
1791414763.795 70332 5.226
1791414763.804 70340 4.493
1791414763.813 70348 4.431
1791414763.826 70356 8.196
1791414763.836 70364 9.087
1791414763.843 70372 6.960
1791414763.855 70380 10.261
1791414763.864 70388 10.151
1791414763.873 70396 9.627
1791414763.877 70404 3.697
1791414763.895 70412 11.601
1791414763.902 70420 9.228
1791414763.911 70428 8.986
1791414763.922 70436 10.738
1791414763.929 70444 9.573
1791414763.940 70452 9.448
1791414763.942 70460 5.819
1791414763.952 70468 5.715
1791414763.958 70476 3.875
1791414763.973 70484 8.666
1791414763.981 70492 7.202
1791414763.988 70500 6.607
1791414764.000 70508 9.215
1791414764.004 70516 4.351
1791414764.022 70524 11.850
1791414764.027 70532 9.377
1791414764.033 70540 5.964
1791414764.040 70548 3.465
1791414764.055 70556 8.668
1791414764.064 70564 8.968
1791414764.070 70572 6.784
1791414764.079 70580 6.640
1791414764.086 70588 3.762
1791414764.101 70596 8.999
1791414764.107 70604 6.782
1791414764.115 70612 5.976
1791414764.127 70620 8.396
1791414764.134 70628 6.708
1791414764.143 70636 6.904
1791414764.152 70644 6.823
1791414764.159 70652 4.718
1791414764.171 70660 5.541
1791414764.177 70668 4.380
1791414764.191 70676 8.913
1791414764.201 70684 9.639
1791414764.209 70692 8.551
1791414764.219 70700 9.356
1791414764.230 70708 11.165
1791414764.237 70716 9.156
1791414764.243 70724 6.282
1791414764.250 70732 4.403
1791414764.260 70740 5.110
1791414764.269 70748 4.537
1791414764.281 70756 7.826
1791414764.292 70764 9.228
1791414764.300 70772 9.003
1791414764.310 70780 8.784
1791414764.320 70788 8.814
1791414764.331 70796 8.670
1791414764.338 70804 9.701
1791414764.345 70812 7.896
1791414764.352 70820 5.923
1791414764.361 70828 6.024
1791414764.376 70836 10.953
1791414764.383 70844 9.358
1791414764.389 70852 6.299
1791414764.399 70860 6.793
1791414764.404 70868 3.385
1791414764.420 70876 9.626
1791414764.428 70884 7.953
1791414764.434 70892 5.858
1791414764.449 70900 9.143
1791414764.458 70908 9.231
1791414764.465 70916 9.445
1791414764.471 70924 6.254
1791414764.481 70932 6.857
1791414764.487 70940 3.632
1791414764.504 70948 8.813
1791414764.513 70956 8.816
1791414764.522 70964 9.091
1791414764.531 70972 9.576
1791414764.539 70980 10.507
1791414764.544 70988 5.399
1791414764.553 70996 6.716
1791414764.559 71004 3.435
1791414764.576 71012 10.528
1791414764.583 71020 8.867
1791414764.592 71028 8.440
1791414764.604 71036 8.453
1791414764.609 71044 5.638
1791414764.618 71052 7.027
1791414764.625 71060 5.591
1791414764.634 71068 5.675
1791414764.644 71076 5.751
1791414764.653 71084 5.963
1791414764.660 71092 3.438
1791414764.674 71100 8.244
1791414764.680 71108 5.557
1791414764.689 71116 5.918
1791414764.699 71124 6.652
1791414764.705 71132 3.445
1791414764.722 71140 9.150
1791414764.734 71148 11.327
1791414764.738 71156 8.370
1791414764.744 71164 6.049
1791414764.759 71172 11.100
1791414764.766 71180 8.820
1791414764.773 71188 6.778
1791414764.779 71196 4.741
1791414764.790 71204 6.349
1791414764.802 71212 9.335
1791414764.809 71220 6.718
1791414764.814 71228 3.285
1791414764.830 71236 8.860
1791414764.838 71244 7.150
1791414764.846 71252 7.495
1791414764.857 71260 9.370
1791414764.864 71268 6.850
1791414764.873 71276 7.025
1791414764.879 71284 3.563
1791414764.895 71292 9.932
1791414764.900 71300 5.968
1791414764.909 71308 6.637
1791414764.916 71316 4.751
1791414764.932 71324 9.421
1791414764.941 71332 10.641
1791414764.944 71340 5.524
1791414764.951 71348 3.283
1791414764.966 71356 8.524
1791414764.976 71364 9.129
1791414764.982 71372 6.431
1791414764.988 71380 3.351
1791414764.997 71388 3.553
1791414765.006 71396 3.621
1791414765.022 71404 9.139
1791414765.029 71412 7.199
1791414765.035 71420 5.026
1791414765.044 71428 4.965
1791414765.053 71436 4.788
1791414765.065 71444 7.242
1791414765.074 71452 7.276
1791414765.083 71460 7.150
1791414765.092 71468 7.478
1791414765.105 71476 11.211
1791414765.115 71484 11.917
1791414765.121 71492 8.684
1791414765.128 71500 6.467
1791414765.134 71508 3.349
1791414765.148 71516 8.491
1791414765.155 71524 6.714
1791414765.162 71532 4.443
1791414765.181 71540 11.749
1791414765.185 71548 9.002
1791414765.194 71556 9.091
1791414765.203 71564 7.036
1791414765.209 71572 5.877
1791414765.226 71580 11.536
1791414765.231 71588 9.428
1791414765.238 71596 6.201
1791414765.245 71604 5.485
1791414765.260 71612 9.517
1791414765.269 71620 8.924
1791414765.281 71628 11.863
1791414765.291 71636 11.771
1791414765.298 71644 10.052
1791414765.306 71652 9.377
1791414765.316 71660 9.370
1791414765.322 71668 8.898
1791414765.328 71676 5.882
1791414765.338 71684 6.774
1791414765.343 71692 3.365
1791414765.358 71700 8.533
1791414765.365 71708 6.359
1791414765.374 71716 6.933
1791414765.384 71724 7.383
1791414765.395 71732 9.078
1791414765.406 71740 11.261
1791414765.412 71748 8.347
1791414765.419 71756 4.518
1791414765.425 71764 3.253
1791414765.441 71772 8.899
1791414765.447 71780 6.165
1791414765.453 71788 3.893
1791414765.469 71796 10.443
1791414765.473 71804 4.672
1791414765.480 71812 3.338
1791414765.495 71820 8.681
1791414765.502 71828 6.569
1791414765.510 71836 5.851
1791414765.525 71844 11.836
1791414765.533 71852 9.974
1791414765.543 71860 8.977
1791414765.552 71868 9.251
1791414765.564 71876 11.576
1791414765.570 71884 8.869
1791414765.579 71892 11.308
1791414765.584 71900 6.226
1791414765.589 71908 3.358
1791414765.606 71916 10.172
1791414765.612 71924 4.979
1791414765.621 71932 6.550
1791414765.633 71940 8.995
1791414765.645 71948 12.124
1791414765.651 71956 8.709
1791414765.658 71964 8.015
1791414765.667 71972 6.831
1791414765.674 71980 6.095
1791414765.689 71988 10.856
1791414765.698 71996 10.932
1791414765.707 72004 11.356
1791414765.715 72012 9.276
1791414765.719 72020 5.441
1791414765.727 72028 4.455
1791414765.737 72036 5.182
1791414765.755 72044 11.499
1791414765.760 72052 9.218
1791414765.766 72060 5.873
1791414765.775 72068 7.022
1791414765.787 72076 9.676
1791414765.796 72084 9.388
1791414765.799 72092 3.591
1791414765.815 72100 8.894
1791414765.824 72108 8.018
1791414765.830 72116 6.880
1791414765.844 72124 9.389
1791414765.856 72132 11.737
1791414765.862 72140 9.629
1791414765.869 72148 9.057
1791414765.877 72156 7.948
1791414765.888 72164 9.848
1791414765.895 72172 6.420
1791414765.904 72180 8.067
1791414765.916 72188 10.523
1791414765.920 72196 5.758
1791414765.929 72204 5.698
1791414765.938 72212 5.710
1791414765.951 72220 8.811
1791414765.959 72228 7.926
1791414765.967 72236 6.886
1791414765.983 72244 10.903
1791414765.992 72252 11.315
1791414766.001 72260 11.249
1791414766.006 72268 8.807
1791414766.015 72276 8.483
1791414766.026 72284 11.062
1791414766.038 72292 11.654
1791414766.041 72300 5.582
1791414766.048 72308 5.544
1791414766.060 72316 8.565
1791414766.070 72324 8.440
1791414766.076 72332 6.042
1791414766.083 72340 4.625
1791414766.092 72348 4.692
1791414766.101 72356 4.484
1791414766.110 72364 4.576
1791414766.120 72372 4.637
1791414766.136 72380 8.856
1791414766.144 72388 8.651
1791414766.157 72396 12.209
1791414766.165 72404 11.380
1791414766.175 72412 12.341
1791414766.182 72420 9.354
1791414766.189 72428 9.384
1791414766.195 72436 6.686
1791414766.204 72444 6.765
1791414766.210 72452 3.836
1791414766.222 72460 5.871
1791414766.230 72468 5.607
1791414766.239 72476 5.603
1791414766.248 72484 5.646
1791414766.258 72492 5.970
1791414766.269 72500 8.362
1791414766.278 72508 6.108
1791414766.291 72516 9.035
1791414766.297 72524 8.837
1791414766.304 72532 6.748
1791414766.312 72540 5.723
1791414766.322 72548 6.555
1791414766.334 72556 8.946
1791414766.343 72564 8.863
1791414766.350 72572 6.946
1791414766.358 72580 6.115
1791414766.371 72588 9.224
1791414766.382 72596 11.520
1791414766.389 72604 9.186
1791414766.398 72612 8.790
1791414766.404 72620 6.686
1791414766.410 72628 3.354
1791414766.427 72636 10.819
1791414766.432 72644 6.625
1791414766.437 72652 3.337
1791414766.452 72660 9.132
1791414766.464 72668 11.209
1791414766.468 72676 4.212
1791414766.477 72684 6.742
1791414766.483 72692 3.703
1791414766.499 72700 10.291
1791414766.503 72708 5.586
1791414766.510 72716 3.372
1791414766.524 72724 6.886
1791414766.535 72732 9.972
1791414766.543 72740 8.695
1791414766.553 72748 9.090
1791414766.562 72756 8.931
1791414766.568 72764 6.660
1791414766.582 72772 10.879
1791414766.589 72780 9.134
1791414766.599 72788 9.209
1791414766.609 72796 9.282
1791414766.615 72804 8.221
1791414766.623 72812 6.363
1791414766.635 72820 8.450
1791414766.644 72828 8.765
1791414766.653 72836 8.791
1791414766.662 72844 8.985
1791414766.671 72852 6.563
1791414766.683 72860 9.024
1791414766.689 72868 8.459
1791414766.699 72876 9.013
1791414766.708 72884 9.105
1791414766.726 72892 18.170
1791414766.729 72900 8.948
1791414766.732 72908 6.503
1791414766.744 72916 8.988
1791414766.753 72924 8.490
1791414766.762 72932 8.711
1791414766.773 72940 9.440
1791414766.779 72948 6.560
1791414766.786 72956 5.582
1791414766.798 72964 8.652
1791414766.805 72972 5.818
1791414766.815 72980 6.977
1791414766.820 72988 3.334
1791414766.830 72996 3.927
1791414766.843 73004 7.729
1791414766.852 73012 8.053
1791414766.863 73020 9.326
1791414766.870 73028 7.408
1791414766.878 73036 6.452
1791414766.892 73044 8.904
1791414766.898 73052 8.281
1791414766.905 73060 5.521
1791414766.917 73068 8.914
1791414766.927 73076 9.352
1791414766.933 73084 6.413
1791414766.943 73092 7.072
1791414766.948 73100 3.558
1791414766.963 73108 8.761
1791414766.969 73116 5.943
1791414766.975 73124 3.326
1791414766.990 73132 8.750
1791414766.999 73140 8.708
1791414767.008 73148 6.747
1791414767.022 73156 10.061
1791414767.028 73164 10.003
1791414767.033 73172 6.836
1791414767.040 73180 4.380
1791414767.055 73188 9.380
1791414767.061 73196 7.216
1791414767.068 73204 4.414
1791414767.079 73212 6.311
1791414767.085 73220 3.523
1791414767.105 73228 11.853
1791414767.109 73236 9.462
1791414767.119 73244 9.770
1791414767.124 73252 5.670
1791414767.130 73260 3.270
1791414767.145 73268 8.238
1791414767.151 73276 5.231
1791414767.158 73284 3.296
1791414767.173 73292 9.022
1791414767.179 73300 6.079
1791414767.185 73308 3.499
1791414767.194 73316 3.508
1791414767.214 73324 11.328
1791414767.218 73332 9.008
1791414767.230 73340 11.804
1791414767.236 73348 9.035
1791414767.244 73356 6.566
1791414767.252 73364 6.635
1791414767.258 73372 3.199
1791414767.274 73380 8.631
1791414767.283 73388 9.407
1791414767.289 73396 5.537
1791414767.300 73404 9.049
1791414767.308 73412 7.509
1791414767.318 73420 8.671
1791414767.325 73428 6.384
1791414767.333 73436 5.641
1791414767.346 73444 8.788
1791414767.352 73452 6.690
1791414767.360 73460 5.246
1791414767.375 73468 8.784
1791414767.384 73476 9.029
1791414767.394 73484 9.651
1791414767.403 73492 9.186
1791414767.412 73500 11.366
1791414767.416 73508 6.467
1791414767.425 73516 6.776
1791414767.431 73524 3.268
1791414767.443 73532 6.000
1791414767.459 73540 11.433
1791414767.462 73548 5.479
1791414767.471 73556 6.811
1791414767.477 73564 3.323
1791414767.496 73572 11.421
1791414767.501 73580 9.309
1791414767.506 73588 5.498
1791414767.518 73596 8.143
1791414767.524 73604 4.610
1791414767.535 73612 7.169
1791414767.542 73620 4.727
1791414767.551 73628 4.607
1791414767.560 73636 4.547
1791414767.572 73644 7.151
1791414767.583 73652 8.616
1791414767.595 73660 11.603
1791414767.602 73668 9.931
1791414767.608 73676 5.754
1791414767.615 73684 4.457
1791414767.624 73692 4.823
1791414767.637 73700 8.960
1791414767.646 73708 8.380
1791414767.652 73716 5.200
1791414767.661 73724 5.725
1791414767.668 73732 3.270
1791414767.684 73740 9.484
1791414767.694 73748 9.637
1791414767.699 73756 5.393
1791414767.706 73764 4.369
1791414767.721 73772 10.445
1791414767.726 73780 4.650
1791414767.732 73788 3.575
1791414767.747 73796 8.093
1791414767.752 73804 5.512
1791414767.765 73812 9.189
1791414767.771 73820 5.552
1791414767.781 73828 6.792
1791414767.788 73836 4.789
1791414767.800 73844 7.844
1791414767.807 73852 5.814
1791414767.821 73860 9.151
1791414767.826 73868 5.022
1791414767.833 73876 4.445
1791414767.845 73884 7.297
1791414767.853 73892 6.037
1791414767.868 73900 11.659
1791414767.872 73908 5.502
1791414767.878 73916 3.664
1791414767.894 73924 8.751
1791414767.903 73932 8.660
1791414767.909 73940 5.520
1791414767.918 73948 6.719
1791414767.924 73956 3.454
1791414767.938 73964 8.470
1791414767.947 73972 8.619
1791414767.957 73980 6.977
1791414767.966 73988 8.756
1791414767.975 73996 9.020
1791414767.985 74004 9.056
1791414767.991 74012 6.184
1791414767.997 74020 4.047
1791414768.013 74028 9.012
1791414768.019 74036 5.800
1791414768.025 74044 4.617
1791414768.034 74052 4.512
1791414768.043 74060 4.649
1791414768.052 74068 4.577
1791414768.061 74076 4.513
1791414768.071 74084 4.519
1791414768.087 74092 9.423
1791414768.093 74100 8.827
1791414768.100 74108 6.730
1791414768.107 74116 4.632
1791414768.124 74124 10.533
1791414768.131 74132 9.169
1791414768.140 74140 9.085
1791414768.146 74148 4.859
1791414768.153 74156 4.475
1791414768.171 74164 11.722
1791414768.178 74172 9.431
1791414768.187 74180 9.678
1791414768.198 74188 11.358
1791414768.205 74196 9.217
1791414768.214 74204 11.256
1791414768.220 74212 8.411
1791414768.226 74220 4.520
1791414768.236 74228 6.077
1791414768.247 74236 7.929
1791414768.256 74244 8.149
1791414768.264 74252 4.484
1791414768.270 74260 3.761
1791414768.286 74268 8.906
1791414768.292 74276 5.216
1791414768.298 74284 4.364
1791414768.308 74292 4.573
1791414768.324 74300 8.882
1791414768.331 74308 8.662
1791414768.337 74316 6.690
1791414768.344 74324 4.664
1791414768.352 74332 3.385
1791414768.367 74340 8.463
1791414768.376 74348 9.279
1791414768.385 74356 9.037
1791414768.394 74364 9.203
1791414768.403 74372 8.107
1791414768.413 74380 8.632
1791414768.422 74388 8.775
1791414768.431 74396 8.741
1791414768.440 74404 9.053
1791414768.451 74412 11.270
1791414768.457 74420 5.742
1791414768.464 74428 6.041
1791414768.479 74436 11.634
1791414768.484 74444 8.002
1791414768.495 74452 9.436
1791414768.501 74460 5.457
1791414768.513 74468 8.532
1791414768.522 74476 9.418
1791414768.530 74484 5.798
1791414768.535 74492 4.407
1791414768.549 74500 8.911
1791414768.556 74508 7.053
1791414768.566 74516 7.358
1791414768.573 74524 5.832
1791414768.587 74532 9.723
1791414768.592 74540 6.522
1791414768.598 74548 3.346
1791414768.608 74556 3.628
1791414768.623 74564 9.057
1791414768.630 74572 6.899
1791414768.636 74580 4.408
1791414768.652 74588 9.319
1791414768.661 74596 9.046
1791414768.670 74604 8.912
1791414768.680 74612 9.782
1791414768.686 74620 9.114
1791414768.697 74628 11.208
1791414768.704 74636 8.689
1791414768.713 74644 8.830
1791414768.722 74652 8.723
1791414768.729 74660 6.529
1791414768.735 74668 3.410
1791414768.751 74676 8.996
1791414768.757 74684 4.852
1791414768.764 74692 5.175
1791414768.782 74700 11.541
1791414768.786 74708 8.823
1791414768.797 74716 10.347
1791414768.801 74724 5.949
1791414768.814 74732 9.216
1791414768.820 74740 4.149
1791414768.829 74748 6.715
1791414768.836 74756 4.563
1791414768.854 74764 11.592
1791414768.863 74772 11.118
1791414768.870 74780 9.042
1791414768.879 74788 8.418
1791414768.886 74796 6.376
1791414768.893 74804 6.648
1791414768.899 74812 3.367
1791414768.917 74820 11.856
1791414768.923 74828 9.064
1791414768.933 74836 9.144
1791414768.940 74844 4.235
1791414768.946 74852 4.925
1791414768.963 74860 10.415
1791414768.971 74868 9.467
1791414768.984 74876 12.210
1791414768.988 74884 9.670
1791414768.995 74892 6.539
1791414769.000 74900 4.512
1791414769.010 74908 4.575
1791414769.023 74916 8.965
1791414769.033 74924 8.790
1791414769.041 74932 8.577
1791414769.051 74940 9.106
1791414769.057 74948 6.092
1791414769.063 74956 3.351
1791414769.078 74964 8.635
1791414769.085 74972 7.316
1791414769.096 74980 9.057
1791414769.100 74988 3.423
1791414769.114 74996 8.405
1791414769.123 75004 8.641
1791414769.129 75012 5.580
1791414769.136 75020 3.297
1791414769.151 75028 8.620
1791414769.160 75036 8.740
1791414769.169 75044 8.913
1791414769.177 75052 7.362
1791414769.185 75060 7.128
1791414769.191 75068 3.765
1791414769.209 75076 11.240
1791414769.213 75084 6.936
1791414769.219 75092 4.635
1791414769.231 75100 7.227
1791414769.244 75108 10.822
1791414769.251 75116 9.037
1791414769.263 75124 10.866
1791414769.267 75132 4.724
1791414769.273 75140 3.470
1791414769.288 75148 8.412
1791414769.297 75156 9.274
1791414769.306 75164 9.249
1791414769.315 75172 9.108
1791414769.319 75180 3.538
1791414769.336 75188 9.906
1791414769.343 75196 8.814
1791414769.349 75204 6.164
1791414769.355 75212 3.515
1791414769.364 75220 3.491
1791414769.381 75228 10.696
1791414769.386 75236 4.817
1791414769.392 75244 4.462
1791414769.409 75252 9.038
1791414769.415 75260 8.791
1791414769.422 75268 5.375
1791414769.431 75276 6.992
1791414769.440 75284 6.871
1791414769.450 75292 7.768
1791414769.455 75300 3.284
1791414769.471 75308 8.962
1791414769.477 75316 6.899
1791414769.487 75324 7.631
1791414769.492 75332 3.748
1791414769.508 75340 9.328
1791414769.513 75348 5.582
1791414769.520 75356 4.421
1791414769.529 75364 4.674
1791414769.541 75372 7.248
1791414769.549 75380 5.847
1791414769.563 75388 9.074
1791414769.570 75396 8.758
1791414769.580 75404 9.144
1791414769.589 75412 8.946
1791414769.600 75420 10.632
1791414769.607 75428 8.917
1791414769.619 75436 10.463
1791414769.625 75444 8.336
1791414769.634 75452 8.663
1791414769.646 75460 11.727
1791414769.652 75468 8.851
1791414769.657 75476 4.501
1791414769.666 75484 4.519
1791414769.675 75492 4.466
1791414769.686 75500 6.644
1791414769.693 75508 3.692
1791414769.706 75516 8.093
1791414769.715 75524 7.879
1791414769.724 75532 8.062
1791414769.733 75540 8.057
1791414769.742 75548 7.908
1791414769.749 75556 5.738
1791414769.762 75564 8.856
1791414769.769 75572 6.797
1791414769.778 75580 6.779
1791414769.783 75588 3.435
1791414769.799 75596 7.631
1791414769.806 75604 7.959
1791414769.815 75612 7.565
1791414769.824 75620 7.908
1791414769.836 75628 10.716
1791414769.843 75636 8.051
1791414769.852 75644 8.509
1791414769.859 75652 5.582
1791414769.866 75660 3.570
1791414769.884 75668 11.131
1791414769.894 75676 9.653
1791414769.896 75684 6.653
1791414769.907 75692 8.257
1791414769.916 75700 8.034
1791414769.925 75708 8.696
1791414769.934 75716 7.997
1791414769.941 75724 6.000
1791414769.950 75732 5.971
1791414769.965 75740 11.037
1791414769.972 75748 9.158
1791414769.981 75756 8.773
1791414769.987 75764 5.813
1791414769.996 75772 6.374
1791414770.005 75780 6.327
1791414770.017 75788 8.833
1791414770.024 75796 6.525
1791414770.032 75804 5.878
1791414770.045 75812 9.176
1791414770.051 75820 6.327
1791414770.058 75828 4.206
1791414770.070 75836 6.929
1791414770.083 75844 11.153
1791414770.090 75852 9.078
1791414770.096 75860 6.162
1791414770.102 75868 3.328
1791414770.118 75876 9.229
1791414770.127 75884 8.979
1791414770.136 75892 8.781
1791414770.142 75900 6.260
1791414770.151 75908 6.678
1791414770.159 75916 5.271
1791414770.170 75924 6.953
1791414770.179 75932 7.367
1791414770.189 75940 7.206
1791414770.198 75948 7.894
1791414770.210 75956 10.528
1791414770.219 75964 10.504
1791414770.226 75972 8.092
1791414770.235 75980 8.528
1791414770.246 75988 10.448
1791414770.256 75996 9.318
1791414770.262 76004 6.657
1791414770.271 76012 7.951
1791414770.283 76020 10.356
1791414770.287 76028 5.527
1791414770.294 76036 3.462
1791414770.309 76044 8.393
1791414770.316 76052 6.008
1791414770.330 76060 8.990
1791414770.337 76068 5.233
1791414770.349 76076 6.261
1791414770.361 76084 5.823
1791414770.369 76092 4.857
1791414770.382 76100 6.515
1791414770.394 76108 5.896
1791414770.400 76116 3.200
1791414770.414 76124 6.018
1791414770.426 76132 6.980
1791414770.437 76140 5.565
1791414770.444 76148 3.334
1791414770.456 76156 4.558
1791414770.470 76164 6.384
1791414770.481 76172 7.318
1791414770.491 76180 6.039
1791414770.503 76188 6.730
1791414770.510 76196 3.301
1791414770.524 76204 6.284
1791414770.536 76212 7.328
1791414770.543 76220 3.804
1791414770.558 76228 6.146
1791414770.567 76236 5.897
1791414770.581 76244 8.542
1791414770.587 76252 3.574
1791414770.602 76260 4.026
1791414770.609 76268 3.733
1791414770.623 76276 5.548
1791414770.630 76284 3.261
1791414770.645 76292 7.392
1791414770.653 76300 4.410
1791414770.667 76308 7.709
1791414770.677 76316 6.044
1791414770.689 76324 5.799
1791414770.698 76332 5.878
1791414770.714 76340 9.328
1791414770.721 76348 6.267
1791414770.734 76356 8.549
1791414770.740 76364 3.851
1791414770.755 76372 6.170
1791414770.761 76380 3.338
1791414770.777 76388 6.111
1791414770.783 76396 3.359
1791414770.798 76404 7.331
1791414770.806 76412 3.679
1791414770.818 76420 4.641
1791414770.831 76428 6.455
1791414770.843 76436 6.688
1791414770.850 76444 4.450
1791414770.868 76452 11.022
1791414770.871 76460 3.675
1791414770.886 76468 5.579
1791414770.893 76476 3.615
1791414770.908 76484 6.089
1791414770.915 76492 3.289
1791414770.927 76500 4.709
1791414770.942 76508 8.281
1791414770.947 76516 3.065
1791414770.962 76524 5.616
1791414770.972 76532 5.856
1791414770.984 76540 7.295
1791414770.991 76548 3.554
1791414771.004 76556 5.002
1791414771.017 76564 6.833
1791414771.028 76572 5.407
1791414771.038 76580 5.949
1791414771.053 76588 9.110
1791414771.058 76596 4.635
1791414771.073 76604 8.832
1791414771.080 76612 4.429
1791414771.092 76620 5.781
1791414771.108 76628 9.767
1791414771.113 76636 3.957
1791414771.128 76644 8.845
1791414771.136 76652 5.932
1791414771.148 76660 5.285
1791414771.155 76668 3.357
1791414771.168 76676 5.092
1791414771.182 76684 8.451
1791414771.188 76692 3.233
1791414771.201 76700 4.894
1791414771.214 76708 6.877
1791414771.225 76716 7.286
1791414771.232 76724 3.389
1791414771.250 76732 9.216
1791414771.255 76740 4.623
1791414771.270 76748 8.256
1791414771.276 76756 3.232
1791414771.291 76764 7.212
1791414771.298 76772 3.346
1791414771.310 76780 4.593
1791414771.325 76788 9.038
1791414771.334 76796 7.307
1791414771.344 76804 5.875
1791414771.359 76812 9.294
1791414771.365 76820 4.653
1791414771.378 76828 6.179
1791414771.389 76836 4.032
1791414771.399 76844 5.896
1791414771.414 76852 9.033
1791414771.419 76860 4.417
1791414771.433 76868 5.239
1791414771.441 76876 4.492
1791414771.452 76884 4.831
1791414771.467 76892 8.399
1791414771.474 76900 4.379
1791414771.489 76908 8.716
1791414771.495 76916 3.554
1791414771.509 76924 6.374
1791414771.520 76932 7.246
1791414771.527 76940 3.318
1791414771.540 76948 4.870
1791414771.553 76956 6.165
1791414771.564 76964 5.927
1791414771.572 76972 3.876
1791414771.584 76980 4.867
1791414771.596 76988 6.493
1791414771.608 76996 5.720
1791414771.617 77004 5.758
1791414771.632 77012 9.150
1791414771.638 77020 4.830
1791414771.653 77028 8.587
1791414771.660 77036 4.571
1791414771.675 77044 8.777
1791414771.680 77052 3.215
1791414771.698 77060 9.425
1791414771.704 77068 4.451
1791414771.717 77076 5.064
1791414771.724 77084 3.384
1791414771.742 77092 8.879
1791414771.746 77100 3.241
1791414771.758 77108 4.555
1791414771.773 77116 8.314
1791414771.779 77124 3.310
1791414771.797 77132 9.457
1791414771.802 77140 4.713
1791414771.818 77148 9.378
1791414771.824 77156 4.255
1791414771.836 77164 5.881
1791414771.850 77172 8.219
1791414771.859 77180 6.952
1791414771.871 77188 5.874
1791414771.881 77196 6.721
1791414771.895 77204 9.159
1791414771.901 77212 4.600
1791414771.914 77220 6.606
1791414771.925 77228 5.607
1791414771.935 77236 5.973
1791414771.952 77244 11.194
1791414771.955 77252 4.763
1791414771.972 77260 9.802
1791414771.977 77268 4.486
1791414771.992 77276 8.842
1791414771.998 77284 3.500
1791414772.013 77292 7.814
1791414772.022 77300 5.835
1791414772.035 77308 5.168
1791414772.042 77316 3.453
1791414772.057 77324 4.716
1791414772.066 77332 5.977
1791414772.078 77340 5.309
1791414772.090 77348 8.531
1791414772.099 77356 5.839
1791414772.111 77364 5.177
1791414772.120 77372 5.112
1791414772.130 77380 4.600
1791414772.145 77388 8.275
1791414772.151 77396 3.307
1791414772.163 77404 4.809
1791414772.178 77412 8.398
1791414772.185 77420 4.691
1791414772.197 77428 5.776
1791414772.212 77436 9.048
1791414772.218 77444 4.064
1791414772.231 77452 7.288
1791414772.244 77460 8.332
1791414772.251 77468 4.448
1791414772.266 77476 8.587
1791414772.272 77484 3.812
1791414772.284 77492 5.255
1791414772.297 77500 6.176
1791414772.308 77508 7.048
1791414772.320 77516 8.330
1791414772.326 77524 3.451
1791414772.341 77532 7.605
1791414772.349 77540 4.468
1791414772.361 77548 5.701
1791414772.374 77556 6.348
1791414772.381 77564 3.523
1791414772.396 77572 5.417
1791414772.403 77580 3.523
1791414772.418 77588 7.368
1791414772.427 77596 5.949
1791414772.439 77604 6.017
1791414772.447 77612 3.691
1791414772.458 77620 4.501
1791414772.472 77628 6.004
1791414772.484 77636 8.408
1791414772.490 77644 3.336
1791414772.508 77652 9.010
1791414772.514 77660 3.448
1791414772.528 77668 8.401
1791414772.534 77676 3.318
1791414772.549 77684 7.506
1791414772.557 77692 4.698
1791414772.572 77700 8.530
1791414772.579 77708 4.283
1791414772.594 77716 8.685
1791414772.599 77724 3.249
1791414772.612 77732 4.626
1791414772.626 77740 8.091
1791414772.632 77748 3.287
1791414772.648 77756 7.952
1791414772.657 77764 5.834
1791414772.672 77772 9.193
1791414772.677 77780 4.566
1791414772.691 77788 7.189
1791414772.702 77796 7.343
1791414772.709 77804 3.284
1791414772.724 77812 7.575
1791414772.732 77820 4.836
1791414772.745 77828 6.718
1791414772.756 77836 6.152
1791414772.769 77844 8.782
1791414772.774 77852 3.252
1791414772.787 77860 4.473
1791414772.800 77868 6.518
1791414772.811 77876 5.549
1791414772.818 77884 3.386
1791414772.833 77892 5.655
1791414772.840 77900 3.171
1791414772.852 77908 4.547
1791414772.866 77916 6.650
1791414772.878 77924 6.591
1791414772.884 77932 3.666
1791414772.896 77940 4.614
1791414772.909 77948 6.225
1791414772.921 77956 5.162
1791414772.929 77964 4.678
1791414772.941 77972 5.875
1791414772.956 77980 9.452
1791414772.962 77988 4.643
1791414772.975 77996 6.514
1791414772.988 78004 7.305
1791414772.993 78012 3.155
1791414773.005 78020 4.516
1791414773.019 78028 6.733
1791414773.030 78036 5.587
1791414773.037 78044 3.499
1791414773.053 78052 6.002
1791414773.059 78060 3.363
1791414773.071 78068 4.585
1791414773.085 78076 6.250
1791414773.097 78084 6.706
1791414773.103 78092 3.714
1791414773.118 78100 7.592
1791414773.127 78108 6.124
1791414773.141 78116 8.891
1791414773.146 78124 3.294
1791414773.161 78132 7.336
1791414773.169 78140 3.549
1791414773.181 78148 4.581
1791414773.197 78156 10.144
1791414773.202 78164 4.264
1791414773.220 78172 10.946
1791414773.223 78180 3.406
1791414773.235 78188 4.551
1791414773.248 78196 6.775
1791414773.260 78204 7.354
1791414773.268 78212 4.810
1791414773.283 78220 8.507
1791414773.290 78228 4.920
1791414773.305 78236 8.843
1791414773.313 78244 5.678
1791414773.323 78252 4.959
1791414773.338 78260 8.405
1791414773.343 78268 3.324
1791414773.356 78276 4.652
1791414773.369 78284 6.521
1791414773.380 78292 5.691
1791414773.389 78300 5.202
1791414773.402 78308 4.467
1791414773.409 78316 3.426
1791414773.421 78324 4.685
1791414773.438 78332 10.414
1791414773.443 78340 4.433
1791414773.458 78348 8.624
1791414773.464 78356 3.539
1791414773.476 78364 4.674
1791414773.491 78372 8.502
1791414773.498 78380 4.438
1791414773.513 78388 8.962
1791414773.519 78396 3.471
1791414773.533 78404 5.661
1791414773.540 78412 3.139
1791414773.553 78420 4.634
1791414773.566 78428 6.263
1791414773.578 78436 5.775
1791414773.587 78444 5.783
1791414773.600 78452 8.617
1791414773.606 78460 3.358
1791414773.624 78468 9.263
1791414773.630 78476 5.903
1791414773.642 78484 6.511
1791414773.654 78492 7.233
1791414773.663 78500 5.786
1791414773.678 78508 8.683
1791414773.684 78516 4.633
1791414773.697 78524 6.079
1791414773.711 78532 9.784
1791414773.716 78540 3.953
1791414773.732 78548 8.659
1791414773.737 78556 3.420
1791414773.753 78564 6.070
1791414773.762 78572 5.688
1791414773.774 78580 5.848
1791414773.791 78588 11.560
1791414773.795 78596 6.148
1791414773.808 78604 8.522
1791414773.814 78612 3.474
1791414773.826 78620 4.715
1791414773.839 78628 6.538
1791414773.851 78636 5.112
1791414773.860 78644 5.899
1791414773.875 78652 8.893
1791414773.881 78660 4.806
1791414773.896 78668 8.277
1791414773.901 78676 3.398
1791414773.916 78684 5.109
1791414773.926 78692 5.980
1791414773.938 78700 7.262
1791414773.948 78708 5.782
1791414773.963 78716 9.500
1791414773.969 78724 5.349
1791414773.982 78732 6.678
1791414773.992 78740 5.951
1791414774.005 78748 8.331
1791414774.014 78756 6.799
1791414774.027 78764 8.369
1791414774.034 78772 4.346
1791414774.046 78780 5.772
1791414774.064 78788 11.810
1791414774.069 78796 6.775
1791414774.080 78804 7.298
1791414774.088 78812 4.099
1791414774.100 78820 4.524
1791414774.113 78828 6.791
1791414774.124 78836 6.373
1791414774.131 78844 3.355
1791414774.146 78852 5.538
1791414774.153 78860 3.158
1791414774.172 78868 10.443
1791414774.178 78876 6.032
1791414774.190 78884 5.494
1791414774.198 78892 4.928
1791414774.212 78900 7.423
1791414774.223 78908 4.367
1791414774.229 78916 3.132
1791414774.244 78924 6.537
1791414774.257 78932 8.231
1791414774.263 78940 3.561
1791414774.277 78948 4.987
1791414774.285 78956 3.719
1791414774.299 78964 5.560
1791414774.311 78972 8.172
1791414774.324 78980 9.250
1791414774.330 78988 4.830
1791414774.344 78996 8.335
1791414774.350 79004 3.282
1791414774.370 79012 11.437
1791414774.373 79020 3.605
1791414774.388 79028 8.479
1791414774.394 79036 3.232
1791414774.409 79044 7.731
1791414774.418 79052 5.958
1791414774.434 79060 8.920
1791414774.439 79068 4.910
1791414774.453 79076 8.289
1791414774.459 79084 3.226
1791414774.474 79092 5.662
1791414774.486 79100 7.862
1791414774.499 79108 8.839
1791414774.505 79116 3.773
1791414774.522 79124 10.297
1791414774.526 79132 4.552
1791414774.539 79140 6.584
1791414774.551 79148 7.278
1791414774.558 79156 3.527
1791414774.573 79164 5.809
1791414774.580 79172 3.257
1791414774.592 79180 4.581
1791414774.605 79188 6.381
1791414774.616 79196 7.232
1791414774.623 79204 3.116
1791414774.636 79212 4.497
1791414774.650 79220 8.226
1791414774.656 79228 3.251
1791414774.672 79236 5.833
1791414774.678 79244 3.296
1791414774.693 79252 7.367
1791414774.703 79260 5.802
1791414774.718 79268 9.159
1791414774.723 79276 4.821
1791414774.737 79284 6.633
1791414774.748 79292 7.368
1791414774.756 79300 4.701
1791414774.770 79308 5.412
1791414774.779 79316 5.926
1791414774.794 79324 9.160
1791414774.801 79332 5.799
1791414774.819 79340 11.432
1791414774.822 79348 4.948
1791414774.838 79356 9.017
1791414774.844 79364 4.645
1791414774.857 79372 5.513
1791414774.867 79380 5.805
1791414774.879 79388 7.300
1791414774.886 79396 3.185
1791414774.900 79404 5.976
1791414774.912 79412 7.234
1791414774.919 79420 3.495
1791414774.936 79428 8.952
1791414774.942 79436 4.482
1791414774.957 79444 8.671
1791414774.963 79452 3.210
1791414774.979 79460 8.676
1791414774.984 79468 3.238
1791414775.000 79476 5.772
1791414775.010 79484 6.951
1791414775.022 79492 8.425
1791414775.028 79500 3.505
1791414775.041 79508 4.632
1791414775.054 79516 6.442
1791414775.067 79524 9.372
1791414775.072 79532 3.306
1791414775.087 79540 7.391
1791414775.094 79548 3.676
1791414775.115 79556 11.752
1791414775.119 79564 6.621
1791414775.131 79572 5.546
1791414775.138 79580 3.351
1791414775.150 79588 4.670
1791414775.166 79596 9.821
1791414775.172 79604 4.324
1791414775.187 79612 8.538
1791414775.193 79620 3.405
1791414775.207 79628 5.598
1791414775.214 79636 3.417
1791414775.229 79644 5.344
1791414775.236 79652 3.212
1791414775.251 79660 7.424
1791414775.258 79668 3.334
1791414775.275 79676 7.307
1791414775.280 79684 3.268
1791414775.292 79692 4.740
1791414775.307 79700 8.357
1791414775.321 79708 9.337
1791414775.327 79716 6.379
1791414775.339 79724 7.264
1791414775.348 79732 5.851
1791414775.360 79740 5.689
1791414775.373 79748 8.375
1791414775.378 79756 3.352
1791414775.391 79764 4.537
1791414775.404 79772 6.405
1791414775.415 79780 5.398
1791414775.422 79788 3.129
1791414775.437 79796 6.355
1791414775.448 79804 7.288
1791414775.458 79812 5.921
1791414775.469 79820 6.771
1791414775.482 79828 8.243
1791414775.488 79836 3.267
1791414775.504 79844 8.689
1791414775.512 79852 5.587
1791414775.522 79860 4.909
1791414775.535 79868 6.227
1791414775.547 79876 7.318
1791414775.553 79884 3.229
1791414775.571 79892 7.895
1791414775.579 79900 7.115
1791414775.592 79908 6.414
1791414775.597 79916 3.218
1791414775.612 79924 4.913
1791414775.624 79932 8.671
1791414775.637 79940 8.938
1791414775.642 79948 4.541
1791414775.658 79956 9.241
1791414775.667 79964 7.420
1791414775.675 79972 4.742
1791414775.690 79980 8.341
1791414775.696 79988 3.223
1791414775.710 79996 6.382
1791414775.722 80004 7.376
1791414775.730 80012 4.346
1791414775.744 80020 7.814
1791414775.750 80028 3.252
1791414775.765 80036 4.799
1791414775.772 80044 3.522
1791414775.784 80052 4.588
1791414775.798 80060 6.171
1791414775.809 80068 5.668
1791414775.817 80076 4.402
1791414775.831 80084 7.408
1791414775.838 80092 3.153
1791414775.856 80100 9.262
1791414775.861 80108 4.599
1791414775.876 80116 8.515
1791414775.885 80124 6.782
1791414775.897 80132 7.334
1791414775.905 80140 4.990
1791414775.916 80148 4.666
1791414775.931 80156 8.262
1791414775.936 80164 3.216
1791414775.951 80172 5.603
1791414775.958 80180 3.323
1791414775.975 80188 9.222
1791414775.980 80196 3.597
1791414775.992 80204 4.519
1791414776.005 80212 6.171
1791414776.017 80220 7.339
1791414776.027 80228 5.980
1791414776.042 80236 8.935
1791414776.047 80244 4.582
1791414776.061 80252 7.798
1791414776.072 80260 5.408
1791414776.079 80268 3.229
1791414776.091 80276 4.632
1791414776.106 80284 8.231
1791414776.113 80292 4.909
1791414776.124 80300 4.633
1791414776.139 80308 8.585
1791414776.148 80316 7.286
1791414776.159 80324 5.574
1791414776.168 80332 5.153
1791414776.181 80340 5.775
1791414776.192 80348 5.535
1791414776.200 80356 4.404
1791414776.215 80364 8.531
1791414776.221 80372 3.293
1791414776.238 80380 7.073
1791414776.243 80388 3.302
1791414776.257 80396 6.269
1791414776.270 80404 8.421
1791414776.276 80412 3.437
1791414776.291 80420 5.813
1791414776.298 80428 3.966
1791414776.310 80436 4.634
1791414776.323 80444 6.796
1791414776.334 80452 5.586
1791414776.344 80460 6.103
1791414776.359 80468 9.463
1791414776.365 80476 4.776
1791414776.380 80484 9.221
1791414776.393 80492 9.250
1791414776.399 80500 5.536
1791414776.411 80508 7.291
1791414776.419 80516 4.813
1791414776.434 80524 8.619
1791414776.443 80532 6.777
1791414776.455 80540 7.282
1791414776.463 80548 5.072
1791414776.474 80556 5.164
1791414776.487 80564 6.477
1791414776.498 80572 5.555
1791414776.505 80580 3.326
1791414776.518 80588 5.206
1791414776.531 80596 6.884
1791414776.542 80604 7.412
1791414776.549 80612 3.385
1791414776.565 80620 8.435
1791414776.571 80628 3.221
1791414776.586 80636 7.197
1791414776.597 80644 7.034
1791414776.608 80652 7.315
1791414776.616 80660 4.709
1791414776.629 80668 6.234
1791414776.641 80676 6.796
1791414776.652 80684 7.841
1791414776.662 80692 5.460
1791414776.675 80700 8.357
1791414776.680 80708 3.186
1791414776.693 80716 4.925
1791414776.706 80724 5.913
1791414776.713 80732 3.495
1791414776.729 80740 5.766
1791414776.737 80748 5.022
1791414776.749 80756 6.077
1791414776.761 80764 5.819
1791414776.773 80772 8.486
1791414776.785 80780 9.118
1791414776.791 80788 4.990
1791414776.804 80796 6.361
1791414776.816 80804 6.017
1791414776.823 80812 3.312
1791414776.838 80820 7.696
1791414776.846 80828 4.517
1791414776.859 80836 7.061
1791414776.870 80844 7.353
1791414776.881 80852 6.625
1791414776.893 80860 8.281
1791414776.899 80868 3.206
1791414776.912 80876 5.384
1791414776.925 80884 5.736
1791414776.936 80892 7.305
1791414776.943 80900 3.347
1791414776.961 80908 9.188
1791414776.966 80916 4.685
1791414776.980 80924 5.453
1791414776.987 80932 3.464
1791414776.999 80940 4.888
1791414777.014 80948 8.152
1791414777.019 80956 3.213
1791414777.035 80964 5.439
1791414777.041 80972 3.407
1791414777.056 80980 5.629
1791414777.066 80988 5.897
1791414777.081 80996 9.217
1791414777.086 81004 4.663
1791414777.101 81012 8.282
1791414777.107 81020 3.220
1791414777.127 81028 11.447
1791414777.130 81036 4.759
1791414777.145 81044 8.790
1791414777.155 81052 7.059
1791414777.167 81060 8.578
1791414777.174 81068 4.466
1791414777.189 81076 8.547
1791414777.195 81084 3.374
1791414777.208 81092 4.696
1791414777.218 81100 4.735
1791414777.233 81108 8.696
1791414777.238 81116 3.336
1791414777.253 81124 5.451
1791414777.260 81132 3.366
1791414777.272 81140 4.626
1791414777.288 81148 8.581
1791414777.297 81156 6.900
1791414777.309 81164 8.669
1791414777.315 81172 3.271
1791414777.327 81180 4.571
1791414777.340 81188 6.289
1791414777.352 81196 5.700
1791414777.361 81204 5.898
1791414777.376 81212 9.084
1791414777.382 81220 4.505
1791414777.397 81228 8.796
1791414777.402 81236 3.176
1791414777.415 81244 4.858
1791414777.429 81252 8.334
1791414777.435 81260 3.325
1791414777.450 81268 5.610
1791414777.462 81276 8.394
1791414777.472 81284 6.396
1791414777.479 81292 3.203
1791414777.497 81300 9.302
1791414777.502 81308 4.928
1791414777.517 81316 8.654
1791414777.523 81324 3.219
1791414777.535 81332 4.585
1791414777.548 81340 6.369
1791414777.560 81348 6.026
1791414777.569 81356 6.031
1791414777.585 81364 9.432
1791414777.593 81372 7.575
1791414777.606 81380 9.203
1791414777.612 81388 5.213
1791414777.625 81396 6.581
1791414777.636 81404 5.486
1791414777.643 81412 3.217
1791414777.661 81420 9.163
1791414777.666 81428 4.772
1791414777.682 81436 9.635
1791414777.687 81444 3.159
1791414777.699 81452 4.593
1791414777.714 81460 8.324
1791414777.720 81468 3.448
1791414777.735 81476 5.272
1791414777.741 81484 3.215
1791414777.754 81492 4.558
1791414777.767 81500 6.455
1791414777.779 81508 5.788
1791414777.788 81516 5.857
1791414777.804 81524 9.149
1791414777.810 81532 5.526
1791414777.822 81540 5.426
1791414777.832 81548 5.973
1791414777.847 81556 9.029
1791414777.852 81564 4.758
1791414777.867 81572 8.281
1791414777.873 81580 3.319
1791414777.888 81588 7.574
1791414777.897 81596 5.530
1791414777.912 81604 9.652
1791414777.922 81612 8.295
1791414777.927 81620 3.209
1791414777.940 81628 4.563
1791414777.952 81636 5.960
1791414777.964 81644 5.450
1791414777.971 81652 3.153
1791414777.984 81660 4.693
1791414777.998 81668 8.242
1791414778.004 81676 3.132
1791414778.018 81684 6.294
1791414778.031 81692 7.818
1791414778.041 81700 5.484
1791414778.051 81708 5.920
1791414778.066 81716 9.114
1791414778.072 81724 5.028
1791414778.086 81732 8.415
1791414778.092 81740 3.255
1791414778.104 81748 4.628
1791414778.119 81756 8.420
1791414778.124 81764 3.305
1791414778.137 81772 4.572
1791414778.150 81780 6.291
1791414778.161 81788 5.445
1791414778.171 81796 5.782
1791414778.183 81804 5.858
1791414778.195 81812 8.407
1791414778.202 81820 4.342
1791414778.216 81828 6.998
1791414778.227 81836 5.497
1791414778.234 81844 3.522
1791414778.246 81852 4.933
1791414778.263 81860 10.520
1791414778.267 81868 3.262
1791414778.279 81876 4.547
1791414778.292 81884 6.194
1791414778.303 81892 5.671
1791414778.310 81900 3.226
1791414778.325 81908 5.257
1791414778.335 81916 6.048
1791414778.347 81924 6.095
1791414778.360 81932 8.257
1791414778.366 81940 4.300
1791414778.380 81948 7.510
1791414778.390 81956 6.438
1791414778.402 81964 7.279
1791414778.409 81972 3.242
1791414778.422 81980 5.483
1791414778.434 81988 6.059
1791414778.446 81996 5.862
1791414778.453 82004 3.233
1791414778.465 82012 4.775
1791414778.480 82020 8.372
1791414778.485 82028 3.177
1791414778.500 82036 5.673
1791414778.509 82044 4.542
1791414778.521 82052 5.653
1791414778.533 82060 5.907
1791414778.540 82068 3.415
1791414778.552 82076 4.625
1791414778.566 82084 6.199
1791414778.577 82092 5.569
1791414778.584 82100 3.195
1791414778.596 82108 4.537
1791414778.609 82116 6.445
1791414778.621 82124 5.864
1791414778.628 82132 3.198
1791414778.643 82140 6.335
1791414778.650 82148 3.661
1791414778.664 82156 6.179
1791414778.675 82164 5.697
1791414778.685 82172 5.881
1791414778.700 82180 8.782
1791414778.706 82188 4.840
1791414778.719 82196 6.535
1791414778.730 82204 7.313
1791414778.738 82212 4.359
1791414778.752 82220 7.676
1791414778.762 82228 5.993
1791414778.777 82236 9.448
1791414778.782 82244 4.675
1791414778.795 82252 5.655
1791414778.811 82260 9.650
1791414778.817 82268 6.413
1791414778.831 82276 9.633
1791414778.836 82284 3.323
1791414778.849 82292 5.894
1791414778.865 82300 9.505
1791414778.873 82308 7.291
1791414778.884 82316 7.504
1791414778.893 82324 5.961
1791414778.905 82332 7.347
1791414778.915 82340 5.863
1791414778.927 82348 7.294
1791414778.934 82356 3.256
1791414778.949 82364 5.455
1791414778.957 82372 4.644
1791414778.972 82380 8.330
1791414778.978 82388 3.309
1791414778.993 82396 7.424
1791414779.000 82404 3.304
1791414779.015 82412 5.617
1791414779.022 82420 3.339
1791414779.037 82428 7.278
1791414779.043 82436 3.165
1791414779.056 82444 4.455
1791414779.069 82452 6.239
1791414779.080 82460 5.634
1791414779.090 82468 5.893
1791414779.107 82476 11.017
1791414779.110 82484 4.619
1791414779.125 82492 8.294
1791414779.131 82500 3.226
1791414779.150 82508 10.707
1791414779.157 82516 7.447
1791414779.170 82524 9.498
1791414779.175 82532 3.264
1791414779.187 82540 4.617
1791414779.203 82548 9.244
1791414779.209 82556 4.612
1791414779.222 82564 6.047
1791414779.233 82572 7.260
1791414779.241 82580 3.586
1791414779.253 82588 4.635
1791414779.267 82596 8.189
1791414779.273 82604 3.201
1791414779.285 82612 4.603
1791414779.299 82620 6.747
1791414779.310 82628 7.345
1791414779.317 82636 3.202
1791414779.329 82644 4.507
1791414779.343 82652 6.644
1791414779.354 82660 5.599
1791414779.362 82668 4.794
1791414779.377 82676 8.530
1791414779.384 82684 4.268
1791414779.399 82692 8.524
1791414779.404 82700 3.246
1791414779.420 82708 5.924
1791414779.430 82716 6.941
1791414779.444 82724 9.090
1791414779.452 82732 6.953
1791414779.463 82740 5.811
1791414779.476 82748 8.498
1791414779.482 82756 4.243
1791414779.498 82764 8.758
1791414779.503 82772 3.518
1791414779.523 82780 11.439
1791414779.526 82788 4.513
1791414779.539 82796 5.485
1791414779.551 82804 7.615
1791414779.559 82812 4.645
1791414779.574 82820 8.273
1791414779.579 82828 3.200
1791414779.596 82836 8.736
1791414779.601 82844 3.293
1791414779.614 82852 4.665
1791414779.629 82860 8.671
1791414779.638 82868 6.967
1791414779.650 82876 8.341
1791414779.656 82884 3.493
1791414779.671 82892 5.559
1791414779.678 82900 3.173
1791414779.695 82908 7.462
1791414779.700 82916 3.239
1791414779.712 82924 4.607
1791414779.725 82932 6.522
1791414779.738 82940 8.544
1791414779.744 82948 3.295
1791414779.759 82956 5.390
1791414779.767 82964 5.084
1791414779.782 82972 8.074
1791414779.788 82980 3.375
1791414779.800 82988 4.561
1791414779.813 82996 6.719
1791414779.827 83004 9.526
1791414779.831 83012 3.190
1791414779.849 83020 8.150
1791414779.859 83028 9.205
1791414779.868 83036 6.360
1791414779.876 83044 4.118
1791414779.891 83052 6.782
1791414779.899 83060 5.850
1791414779.915 83068 9.215
1791414779.922 83076 6.630
1791414779.934 83084 7.222
1791414779.946 83092 8.185
1791414779.955 83100 6.882
1791414779.967 83108 7.371
1791414779.976 83116 5.919
1791414779.988 83124 6.390
1791414780.000 83132 8.272
1791414780.006 83140 3.140
1791414780.021 83148 5.683
1791414780.031 83156 5.802
1791414780.046 83164 9.399
1791414780.051 83172 4.737
1791414780.065 83180 5.513
1791414780.073 83188 4.737
1791414780.087 83196 7.440
1791414780.097 83204 6.022
1791414780.111 83212 9.092
1791414780.117 83220 4.535
1791414780.130 83228 6.376
1791414780.141 83236 5.679
1791414780.151 83244 5.376
1791414780.164 83252 7.544
1791414780.171 83260 3.639
1791414780.185 83268 5.660
1791414780.193 83276 4.314
1791414780.206 83284 5.644
1791414780.221 83292 9.163
1791414780.226 83300 4.615
1791414780.239 83308 6.343
1791414780.251 83316 7.341
1791414780.258 83324 3.232
1791414780.270 83332 4.619
1791414780.283 83340 6.478
1791414780.295 83348 7.234
1791414780.307 83356 8.231
1791414780.315 83364 5.876
1791414780.330 83372 9.305
1791414780.336 83380 4.549
1791414780.350 83388 8.212
1791414780.356 83396 3.169
1791414780.373 83404 8.544
1791414780.378 83412 3.254
1791414780.396 83420 9.236
1791414780.401 83428 4.664
1791414780.418 83436 10.198
1791414780.423 83444 4.260
1791414780.438 83452 8.487
1791414780.444 83460 3.169
1791414780.456 83468 4.554
1791414780.471 83476 8.349
1791414780.478 83484 4.286
1791414780.489 83492 4.580
1791414780.502 83500 6.434
1791414780.516 83508 9.768
1791414780.526 83516 8.330
1791414780.535 83524 6.946
1791414780.546 83532 7.397
1791414780.556 83540 6.133
1791414780.572 83548 10.331
1791414780.577 83556 4.266
1791414780.593 83564 9.964
1791414780.598 83572 4.379
1791414780.611 83580 5.614
1791414780.626 83588 9.127
1791414780.631 83596 4.574
1791414780.644 83604 6.500
1791414780.657 83612 8.370
1791414780.663 83620 3.202
1791414780.675 83628 4.626
1791414780.688 83636 6.644
1791414780.701 83644 8.411
1791414780.706 83652 3.202
1791414780.719 83660 4.838
1791414780.735 83668 9.449
1791414780.743 83676 7.209
1791414780.754 83684 5.682
1791414780.761 83692 3.200
1791414780.773 83700 4.548
1791414780.788 83708 8.395
1791414780.795 83716 4.467
1791414780.810 83724 8.434
1791414780.818 83732 5.855
1791414780.833 83740 9.005
1791414780.840 83748 5.088
1791414780.853 83756 5.728
1791414780.860 83764 3.351
1791414780.872 83772 4.571
1791414780.885 83780 6.440
1791414780.898 83788 8.419
1791414780.903 83796 3.236
1791414780.916 83804 4.572
1791414780.933 83812 10.021
1791414780.938 83820 4.860
1791414780.952 83828 8.372
1791414780.959 83836 4.039
1791414780.970 83844 4.573
1791414780.983 83852 6.322
1791414780.995 83860 7.406
1791414781.002 83868 3.378
1791414781.020 83876 10.158
1791414781.027 83884 6.943
1791414781.038 83892 6.275
1791414781.050 83900 7.380
1791414781.057 83908 3.281
1791414781.069 83916 4.522
1791414781.084 83924 8.277
1791414781.089 83932 3.216
1791414781.102 83940 5.153
1791414781.115 83948 6.634
1791414781.129 83956 8.524
1791414781.139 83964 8.337
1791414781.145 83972 4.354
1791414781.157 83980 5.725
1791414781.173 83988 9.178
1791414781.178 83996 4.700
1791414781.192 84004 7.287
1791414781.199 84012 3.161
1791414781.212 84020 5.647
1791414781.225 84028 7.283
1791414781.234 84036 5.997
1791414781.250 84044 9.804
1791414781.255 84052 4.877
1791414781.270 84060 8.443
1791414781.275 84068 3.367
1791414781.288 84076 4.575
1791414781.302 84084 7.225
1791414781.313 84092 5.768
1791414781.322 84100 6.085
1791414781.339 84108 11.635
1791414781.343 84116 3.490
1791414781.355 84124 6.575
1791414781.368 84132 8.432
1791414781.374 84140 3.217
1791414781.387 84148 5.375
1791414781.402 84156 9.141
1791414781.408 84164 4.543
1791414781.422 84172 6.062
1791414781.431 84180 5.896
1791414781.445 84188 6.411
1791414781.452 84196 4.920
1791414781.466 84204 7.482
1791414781.476 84212 7.049
1791414781.490 84220 9.137
1791414781.496 84228 4.612
1791414781.510 84236 8.371
1791414781.520 84244 6.934
1791414781.531 84252 5.358
1791414781.543 84260 8.442
1791414781.558 84268 11.419
1791414781.561 84276 4.691
1791414781.574 84284 6.514
1791414781.586 84292 7.316
1791414781.593 84300 3.559
1791414781.605 84308 5.156
1791414781.618 84316 6.309
1791414781.630 84324 6.792
1791414781.637 84332 3.518
1791414781.655 84340 11.033
1791414781.658 84348 3.222
1791414781.670 84356 4.533
1791414781.684 84364 6.287
1791414781.695 84372 7.331
1791414781.707 84380 7.949
1791414781.720 84388 8.855
1791414781.726 84396 5.788
1791414781.744 84404 10.994
1791414781.747 84412 4.896
1791414781.757 84420 3.793
1791414781.770 84428 5.414
1791414781.780 84436 4.652
1791414781.793 84444 7.051
1791414781.805 84452 7.269
1791414781.817 84460 8.330
1791414781.826 84468 7.179
1791414781.839 84476 8.528
1791414781.844 84484 3.268
1791414781.856 84492 4.558
1791414781.870 84500 4.439
1791414781.877 84508 3.237
1791414781.890 84516 5.071
1791414781.905 84524 9.175
1791414781.910 84532 3.477
1791414781.928 84540 9.060
1791414781.933 84548 4.665
1791414781.946 84556 6.289
1791414781.959 84564 8.506
1791414781.965 84572 3.158
1791414781.980 84580 7.420
1791414781.990 84588 6.967
1791414782.004 84596 8.706
1791414782.010 84604 4.591
1791414782.025 84612 8.990
1791414782.031 84620 4.320
1791414782.047 84628 8.770
1791414782.052 84636 3.340
1791414782.067 84644 7.539
1791414782.074 84652 3.266
1791414782.090 84660 7.834
1791414782.100 84668 7.261
1791414782.108 84676 4.306
1791414782.119 84684 4.656
1791414782.132 84692 6.527
1791414782.144 84700 6.096
1791414782.150 84708 3.151
1791414782.166 84716 5.314
1791414782.174 84724 5.006
1791414782.187 84732 6.905
1791414782.200 84740 8.421
1791414782.205 84748 3.244
1791414782.220 84756 6.896
1791414782.231 84764 5.428
1791414782.238 84772 3.363
1791414782.250 84780 4.518
1791414782.264 84788 5.731
1791414782.275 84796 5.538
1791414782.282 84804 3.124
1791414782.294 84812 4.588
1791414782.307 84820 6.732
1791414782.319 84828 7.432
1791414782.328 84836 6.011
1791414782.345 84844 10.936
1791414782.349 84852 5.087
1791414782.359 84860 3.372
1791414782.374 84868 7.903
1791414782.380 84876 3.286
1791414782.395 84884 7.334
1791414782.402 84892 3.210
1791414782.414 84900 4.598
1791414782.429 84908 8.286
1791414782.437 84916 5.252
1791414782.449 84924 6.621
1791414782.461 84932 7.470
1791414782.468 84940 3.308
1791414782.480 84948 4.716
1791414782.495 84956 8.352
1791414782.501 84964 3.376
1791414782.513 84972 4.593
1791414782.528 84980 8.296
1791414782.533 84988 3.199
1791414782.547 84996 5.750
1791414782.563 85004 9.504
1791414782.569 85012 5.613
1791414782.581 85020 5.536
1791414782.588 85028 3.548
1791414782.603 85036 5.302
1791414782.610 85044 3.476
1791414782.622 85052 4.535
1791414782.635 85060 5.603
1791414782.647 85068 5.771
1791414782.657 85076 5.939
1791414782.671 85084 8.534
1791414782.677 85092 5.005
1791414782.690 85100 6.224
1791414782.702 85108 6.046
1791414782.711 85116 5.904
1791414782.726 85124 8.987
1791414782.732 85132 4.720
1791414782.747 85140 8.460
1791414782.753 85148 4.194
1791414782.766 85156 5.892
1791414782.785 85164 12.388
1791414782.789 85172 6.103
1791414782.802 85180 9.394
1791414782.809 85188 5.275
1791414782.822 85196 7.667
1791414782.829 85204 3.314
1791414782.849 85212 11.575
1791414782.852 85220 3.703
1791414782.867 85228 8.505
1791414782.873 85236 3.259
1791414782.885 85244 4.702
1791414782.898 85252 6.298
1791414782.910 85260 7.330
1791414782.916 85268 3.277
1791414782.930 85276 5.735
1791414782.945 85284 8.980
1791414782.951 85292 5.210
1791414782.963 85300 4.635
1791414782.976 85308 8.356
1791414782.982 85316 3.335
1791414782.997 85324 5.701
1791414783.009 85332 8.388
1791414783.019 85340 7.159
1791414783.030 85348 5.589
1791414783.039 85356 5.878
1791414783.057 85364 11.648
1791414783.060 85372 4.642
1791414783.073 85380 6.109
1791414783.085 85388 7.338
1791414783.092 85396 3.746
1791414783.107 85404 7.864
1791414783.113 85412 3.272
1791414783.126 85420 4.607
1791414783.139 85428 6.182
1791414783.150 85436 5.606
1791414783.163 85444 8.966
1791414783.171 85452 6.239
1791414783.180 85460 4.487
1791414783.194 85468 7.350
1791414783.203 85476 5.796
1791414783.218 85484 8.947
1791414783.225 85492 4.671
1791414783.238 85500 5.977
1791414783.250 85508 8.267
1791414783.256 85516 3.243
1791414783.270 85524 6.858
1791414783.282 85532 7.327
1791414783.292 85540 7.298
1791414783.299 85548 3.262
1791414783.314 85556 5.698
1791414783.327 85564 8.581
1791414783.336 85572 6.821
1791414783.347 85580 5.518
1791414783.359 85588 8.273
1791414783.365 85596 3.153
1791414783.377 85604 4.633
1791414783.392 85612 8.323
1791414783.398 85620 3.271
1791414783.410 85628 4.876
1791414783.425 85636 8.604
1791414783.435 85644 7.844
1791414783.447 85652 8.352
1791414783.453 85660 3.539
1791414783.468 85668 5.911
1791414783.474 85676 3.224
1791414783.487 85684 4.442
1791414783.501 85692 8.222
1791414783.507 85700 3.190
1791414783.519 85708 4.477
1791414783.533 85716 6.311
1791414783.544 85724 7.552
1791414783.554 85732 6.004
1791414783.566 85740 6.190
1791414783.574 85748 4.701
1791414783.589 85756 8.811
1791414783.596 85764 4.719
1791414783.611 85772 8.864
1791414783.617 85780 3.301
1791414783.629 85788 4.764
1791414783.642 85796 6.378
1791414783.657 85804 9.126
1791414783.664 85812 6.135
1791414783.675 85820 7.165
1791414783.682 85828 3.404
1791414783.697 85836 6.993
1791414783.708 85844 7.320
1791414783.718 85852 5.930
1791414783.732 85860 7.888
1791414783.737 85868 3.162
1791414783.749 85876 4.588
1791414783.761 85884 5.599
1791414783.774 85892 7.412
1791414783.782 85900 4.761
1791414783.797 85908 8.277
1791414783.803 85916 3.274
1791414783.819 85924 7.974
1791414783.835 85932 11.497
1791414783.838 85940 4.601
1791414783.848 85948 4.677
1791414783.860 85956 5.969
1791414783.873 85964 6.072
1791414783.879 85972 3.305
1791414783.891 85980 4.552
1791414783.905 85988 6.354
1791414783.916 85996 5.568
1791414783.926 86004 5.993
1791414783.938 86012 6.536
1791414783.945 86020 3.405
1791414783.957 86028 4.546
1791414783.970 86036 6.293
1791414783.982 86044 5.547
1791414783.991 86052 6.041
1791414784.006 86060 9.132
1791414784.012 86068 4.184
1791414784.027 86076 8.594
1791414784.034 86084 4.487
1791414784.047 86092 7.067
1791414784.059 86100 3.318
1791414784.065 86108 3.519
1791414784.080 86116 5.390
1791414784.087 86124 3.224
1791414784.103 86132 8.488
1791414784.109 86140 3.222
1791414784.121 86148 4.546
1791414784.136 86156 8.230
1791414784.142 86164 3.424
1791414784.162 86172 11.469
1791414784.166 86180 5.809
1791414784.182 86188 9.566
1791414784.188 86196 5.745
1791414784.203 86204 9.478
1791414784.209 86212 4.843
1791414784.223 86220 7.035
1791414784.234 86228 5.817
1791414784.240 86236 3.286
1791414784.255 86244 7.347
1791414784.265 86252 5.838
1791414784.282 86260 10.715
1791414784.285 86268 4.596
1791414784.299 86276 6.702
1791414784.310 86284 5.801
1791414784.317 86292 3.328
1791414784.329 86300 4.725
1791414784.342 86308 6.099
1791414784.354 86316 7.570
1791414784.364 86324 6.662
1791414784.377 86332 8.167
1791414784.384 86340 4.288
1791414784.399 86348 8.695
1791414784.404 86356 3.278
1791414784.417 86364 4.702
1791414784.430 86372 6.257
1791414784.441 86380 7.292
1791414784.451 86388 6.019
1791414784.463 86396 4.973
1791414784.475 86404 8.386
1791414784.485 86412 5.597
1791414784.494 86420 4.971
1791414784.504 86428 4.626
1791414784.517 86436 6.730
1791414784.530 86444 6.593
1791414784.536 86452 3.374
1791414784.551 86460 5.716
1791414784.557 86468 3.138
1791414784.570 86476 4.757
1791414784.585 86484 8.307
1791414784.590 86492 3.301
1791414784.603 86500 4.558
1791414784.616 86508 6.717
1791414784.627 86516 5.524
1791414784.634 86524 3.162
1791414784.647 86532 5.316
1791414784.660 86540 6.378
1791414784.671 86548 5.576
1791414784.681 86556 6.368
1791414784.696 86564 8.940
1791414784.701 86572 4.624
1791414784.714 86580 6.753
1791414784.726 86588 7.178
1791414784.738 86596 8.216
1791414784.744 86604 3.435
1791414784.756 86612 4.533
1791414784.769 86620 6.239
1791414784.780 86628 7.365
1791414784.790 86636 6.013
1791414784.807 86644 11.408
1791414784.813 86652 7.113
1791414784.824 86660 6.178
1791414784.835 86668 7.309
1791414784.847 86676 8.315
1791414784.860 86684 9.088
1791414784.865 86692 4.665
1791414784.880 86700 8.801
1791414784.890 86708 8.017
1791414784.901 86716 5.504
1791414784.910 86724 6.081
1791414784.924 86732 8.215
1791414784.933 86740 6.973
1791414784.946 86748 6.528
1791414784.951 86756 3.207
1791414784.964 86764 4.753
1791414784.979 86772 8.544
1791414784.984 86780 3.284
1791414784.996 86788 4.562
1791414785.010 86796 6.666
1791414785.023 86804 9.529
1791414785.030 86812 4.796
1791414785.044 86820 8.427
1791414785.053 86828 6.749
1791414785.065 86836 5.459
1791414785.072 86844 3.404
1791414785.087 86852 7.395
1791414785.099 86860 8.372
1791414785.110 86868 8.581
1791414785.115 86876 3.204
1791414785.130 86884 6.392
1791414785.141 86892 7.012
1791414785.154 86900 9.187
1791414785.161 86908 4.525
1791414785.176 86916 8.569
1791414785.181 86924 3.218
1791414785.193 86932 4.515
1791414785.207 86940 6.993
1791414785.218 86948 5.449
1791414785.225 86956 3.287
1791414785.240 86964 5.512
1791414785.250 86972 6.584
1791414785.264 86980 8.866
1791414785.270 86988 4.871
1791414785.283 86996 6.820
1791414785.295 87004 7.251
1791414785.302 87012 3.817
1791414785.314 87020 4.795
1791414785.329 87028 8.563
1791414785.338 87036 7.042
1791414785.352 87044 10.335
1791414785.357 87052 4.444
1791414785.372 87060 8.480
1791414785.378 87068 3.216
1791414785.390 87076 4.566
1791414785.404 87084 6.828
1791414785.415 87092 7.367
1791414785.425 87100 6.042
1791414785.437 87108 7.006
1791414785.449 87116 8.337
1791414785.455 87124 3.336
1791414785.467 87132 4.846
1791414785.480 87140 6.381
1791414785.492 87148 7.373
1791414785.504 87156 8.134
1791414785.511 87164 4.443
1791414785.526 87172 8.673
1791414785.531 87180 3.420
1791414785.547 87188 7.585
1791414785.556 87196 5.961
1791414785.571 87204 9.157
1791414785.578 87212 6.281
1791414785.590 87220 7.496
1791414785.601 87228 6.371
1791414785.611 87236 6.698
1791414785.622 87244 6.727
1791414785.634 87252 7.333
1791414785.641 87260 3.232
1791414785.656 87268 5.824
1791414785.663 87276 3.317
1791414785.679 87284 8.538
1791414785.687 87292 5.864
1791414785.700 87300 6.231
1791414785.709 87308 6.122
1791414785.724 87316 9.239
1791414785.730 87324 4.387
1791414785.743 87332 6.483
1791414785.754 87340 7.249
1791414785.767 87348 8.515
1791414785.775 87356 6.817
1791414785.787 87364 5.833
1791414785.799 87372 8.509
1791414785.812 87380 9.327
1791414785.818 87388 5.288
1791414785.830 87396 6.347
1791414785.843 87404 8.381
1791414785.849 87412 3.974
1791414785.861 87420 4.661
1791414785.876 87428 8.584
1791414785.883 87436 4.561
1791414785.896 87444 6.454
1791414785.907 87452 5.596
1791414785.914 87460 3.220
1791414785.927 87468 4.798
1791414785.943 87476 9.429
1791414785.950 87484 6.401
1791414785.962 87492 5.798
1791414785.969 87500 3.139
1791414785.984 87508 5.331
1791414785.991 87516 3.486
1791414786.006 87524 5.094
1791414786.014 87532 4.458
1791414786.027 87540 6.498
1791414786.039 87548 7.393
1791414786.049 87556 6.557
1791414786.061 87564 7.087
1791414786.067 87572 3.269
1791414786.084 87580 8.678
1791414786.089 87588 3.408
1791414786.103 87596 6.219
1791414786.116 87604 8.191
1791414786.122 87612 3.150
1791414786.135 87620 4.840
1791414786.147 87628 6.613
1791414786.159 87636 7.455
1791414786.171 87644 8.183
1791414786.181 87652 7.373
1791414786.189 87660 4.746
1791414786.203 87668 5.761
1791414786.210 87676 3.243
1791414786.225 87684 7.438
1791414786.232 87692 3.400
1791414786.246 87700 5.712
1791414786.253 87708 3.272
1791414786.267 87716 6.072
1791414786.279 87724 6.587
1791414786.290 87732 5.642
1791414786.297 87740 3.317
1791414786.309 87748 4.531
1791414786.322 87756 6.493
1791414786.334 87764 7.439
1791414786.342 87772 4.830
1791414786.357 87780 8.813
1791414786.366 87788 6.791
1791414786.378 87796 7.405
1791414786.387 87804 5.931
1791414786.400 87812 7.762
1791414786.412 87820 8.328
1791414786.417 87828 3.251
1791414786.430 87836 4.644
1791414786.445 87844 8.509
1791414786.450 87852 3.235
1791414786.465 87860 5.040
1791414786.472 87868 3.280
1791414786.484 87876 4.490
1791414786.498 87884 6.634
1791414786.509 87892 7.425
1791414786.516 87900 3.188
1791414786.528 87908 4.601
1791414786.542 87916 6.801
1791414786.553 87924 5.759
1791414786.560 87932 3.222
1791414786.576 87940 8.797
1791414786.581 87948 3.157
1791414786.596 87956 5.211
1791414786.605 87964 4.349
1791414786.620 87972 8.582
1791414786.625 87980 3.300
1791414786.638 87988 4.585
1791414786.653 87996 8.874
1791414786.660 88004 5.206
1791414786.675 88012 9.396
1791414786.680 88020 3.298
1791414786.698 88028 9.651
1791414786.703 88036 4.781
1791414786.718 88044 8.259
1791414786.724 88052 3.165
1791414786.739 88060 7.292
1791414786.747 88068 4.794
1791414786.762 88076 8.318
1791414786.767 88084 3.210
1791414786.784 88092 7.351
1791414786.789 88100 3.316
1791414786.804 88108 5.635
1791414786.811 88116 3.285
1791414786.826 88124 5.540
1791414786.836 88132 5.942
1791414786.851 88140 9.155
1791414786.856 88148 4.574
1791414786.873 88156 9.002
1791414786.879 88164 4.860
1791414786.891 88172 6.863
1791414786.903 88180 7.319
1791414786.912 88188 5.836
1791414786.928 88196 10.346
1791414786.934 88204 5.169
1791414786.949 88212 8.852
1791414786.955 88220 5.079
1791414786.968 88228 6.441
1791414786.979 88236 7.269
1791414786.986 88244 3.336
1791414787.003 88252 8.488
1791414787.010 88260 4.842
1791414787.024 88268 8.283
1791414787.030 88276 3.135
1791414787.046 88284 8.093
1791414787.052 88292 3.191
1791414787.066 88300 5.844
1791414787.082 88308 8.779
1791414787.088 88316 6.465
1791414787.100 88324 7.255
1791414787.110 88332 6.588
1791414787.124 88340 8.681
1791414787.130 88348 4.313
1791414787.142 88356 5.807
1791414787.155 88364 7.357
1791414787.161 88372 3.217
1791414787.174 88380 4.571
1791414787.187 88388 6.157
1791414787.198 88396 7.315
1791414787.208 88404 5.832
1791414787.225 88412 11.449
1791414787.229 88420 4.804
1791414787.243 88428 8.331
1791414787.249 88436 3.195
1791414787.261 88444 4.615
1791414787.274 88452 6.388
1791414787.286 88460 7.336
1791414787.293 88468 3.289
1791414787.308 88476 5.452
1791414787.316 88484 4.750
1791414787.328 88492 5.676
1791414787.343 88500 9.349
1791414787.349 88508 4.954
1791414787.364 88516 8.563
1791414787.373 88524 6.673
1791414787.384 88532 5.534
1791414787.391 88540 3.179
1791414787.406 88548 5.095
1791414787.413 88556 3.233
1791414787.431 88564 9.231
1791414787.437 88572 5.809
1791414787.453 88580 9.241
1791414787.458 88588 4.550
1791414787.471 88596 6.330
1791414787.483 88604 7.304
1791414787.495 88612 8.288
1791414787.502 88620 5.148
1791414787.515 88628 6.772
1791414787.526 88636 6.208
1791414787.537 88644 7.360
1791414787.547 88652 6.159
1791414787.564 88660 11.256
1791414787.567 88668 4.531
1791414787.581 88676 6.409
1791414787.592 88684 5.656
1791414787.602 88692 5.794
1791414787.614 88700 7.416
1791414787.621 88708 3.276
1791414787.639 88716 9.189
1791414787.644 88724 4.794
1791414787.654 88732 3.549
1791414787.669 88740 7.331
1791414787.676 88748 3.641
1791414787.691 88756 5.516
1791414787.698 88764 3.325
1791414787.710 88772 4.911
1791414787.724 88780 8.269
1791414787.730 88788 3.188
1791414787.745 88796 6.804
1791414787.756 88804 4.938
1791414787.763 88812 3.544
1791414787.778 88820 7.541
1791414787.788 88828 5.821
1791414787.803 88836 8.933
1791414787.808 88844 4.822
1791414787.822 88852 7.243
1791414787.832 88860 6.119
1791414787.847 88868 10.051
1791414787.852 88876 4.579
1791414787.867 88884 8.535
1791414787.872 88892 3.214
1791414787.885 88900 4.904
1791414787.898 88908 6.463
1791414787.910 88916 5.889
1791414787.919 88924 5.960
1791414787.934 88932 9.373
1791414787.940 88940 4.601
1791414787.954 88948 8.180
1791414787.960 88956 3.288
1791414787.972 88964 4.529
1791414787.985 88972 6.049
1791414787.997 88980 5.340
1791414788.004 88988 3.432
1791414788.016 88996 4.586
1791414788.030 89004 7.293
1791414788.039 89012 5.985
1791414788.054 89020 8.631
1791414788.060 89028 4.591
1791414788.073 89036 5.956
1791414788.084 89044 5.043
1791414788.092 89052 3.588
1791414788.104 89060 4.655
1791414788.119 89068 8.430
1791414788.125 89076 4.312
1791414788.139 89084 7.429
1791414788.146 89092 3.291
1791414788.161 89100 7.729
1791414788.168 89108 3.304
1791414788.182 89116 6.700
1791414788.193 89124 6.382
1791414788.205 89132 5.647
1791414788.213 89140 4.542
1791414788.225 89148 5.868
1791414788.242 89156 10.967
1791414788.248 89164 6.916
1791414788.261 89172 9.171
1791414788.266 89180 3.148
1791414788.282 89188 5.313
1791414788.288 89196 3.133
1791414788.304 89204 5.750
1791414788.311 89212 3.992
1791414788.325 89220 7.358
1791414788.336 89228 7.438
1791414788.348 89236 8.389
1791414788.359 89244 8.313
1791414788.368 89252 6.876
1791414788.380 89260 7.346
1791414788.387 89268 3.236
1791414788.401 89276 6.395
1791414788.413 89284 5.822
1791414788.422 89292 5.929
1791414788.437 89300 9.109
1791414788.443 89308 4.925
1791414788.458 89316 8.240
1791414788.463 89324 3.160
1791414788.476 89332 4.724
1791414788.491 89340 8.642
1791414788.497 89348 4.332
1791414788.513 89356 8.747
1791414788.518 89364 3.679
1791414788.530 89372 4.558
1791414788.544 89380 6.266
1791414788.555 89388 5.672
1791414788.563 89396 4.699
1791414788.578 89404 8.320
1791414788.584 89412 3.546
1791414788.599 89420 4.878
1791414788.607 89428 4.388
1791414788.622 89436 8.676
1791414788.628 89444 3.867
1791414788.640 89452 4.914
1791414788.655 89460 8.893
1791414788.664 89468 7.161
1791414788.676 89476 8.284
1791414788.682 89484 3.250
1791414788.695 89492 5.285
1791414788.708 89500 6.699
1791414788.720 89508 8.323
1791414788.726 89516 3.164
1791414788.745 89524 10.254
1791414788.750 89532 5.485
1791414788.762 89540 6.489
1791414788.775 89548 8.806
1791414788.784 89556 6.860
1791414788.797 89564 8.392
1791414788.803 89572 3.344
1791414788.818 89580 5.830
1791414788.827 89588 6.033
1791414788.842 89596 9.410
1791414788.849 89604 6.046
1791414788.861 89612 4.306
1791414788.869 89620 4.573
1791414788.881 89628 5.258
1791414788.894 89636 6.379
1791414788.903 89644 5.808
1791414788.919 89652 8.753
1791414788.924 89660 4.827
1791414788.938 89668 7.269
1791414788.949 89676 5.642
1791414788.956 89684 3.294
1791414788.973 89692 9.338
1791414788.979 89700 4.393
1791414788.994 89708 8.843
1791414788.999 89716 3.238
1791414789.012 89724 4.561
1791414789.025 89732 6.215
1791414789.036 89740 7.206
1791414789.050 89748 9.362
1791414789.056 89756 4.837
1791414789.070 89764 8.293
1791414789.077 89772 4.460
1791414789.091 89780 7.383
1791414789.105 89788 9.066
1791414789.110 89796 4.573
1791414789.126 89804 9.024
1791414789.132 89812 4.372
1791414789.144 89820 5.846
1791414789.157 89828 6.443
1791414789.166 89836 6.192
1791414789.179 89844 5.998
1791414789.185 89852 3.239
1791414789.198 89860 4.508
1791414789.211 89868 6.460
1791414789.222 89876 5.590
1791414789.229 89884 3.179
1791414789.244 89892 5.442
1791414789.255 89900 6.951
1791414789.266 89908 6.160
1791414789.273 89916 3.269
1791414789.285 89924 4.539
1791414789.300 89932 8.373
1791414789.306 89940 3.152
1791414789.318 89948 4.559
1791414789.331 89956 6.478
1791414789.343 89964 7.237
1791414789.349 89972 3.214
1791414789.362 89980 4.697
1791414789.377 89988 8.393
1791414789.382 89996 3.105
1791414789.394 90004 4.453
1791414789.408 90012 6.256
1791414789.419 90020 5.402
1791414789.427 90028 4.439
1791414789.442 90036 8.576
1791414789.449 90044 3.946
1791414789.461 90052 5.739
1791414789.473 90060 5.961
1791414789.486 90068 8.506
1791414789.494 90076 5.596
1791414789.505 90084 5.094
1791414789.518 90092 7.615
1791414789.529 90100 5.820
1791414789.535 90108 3.180
1791414789.551 90116 5.723
1791414789.561 90124 7.051
1791414789.575 90132 9.122
1791414789.581 90140 3.862
1791414789.594 90148 6.475
1791414789.605 90156 5.371
1791414789.612 90164 3.206
1791414789.627 90172 5.760
1791414789.639 90180 8.487
1791414789.645 90188 3.362
1791414789.660 90196 7.596
1791414789.671 90204 7.294
1791414789.683 90212 8.642
1791414789.689 90220 3.334
1791414789.701 90228 4.647
1791414789.716 90236 8.466
1791414789.722 90244 3.526
1791414789.737 90252 5.696
1791414789.744 90260 3.517
1791414789.759 90268 5.678
1791414789.765 90276 3.271
1791414789.783 90284 7.946
1791414789.790 90292 6.178
1791414789.802 90300 5.756
1791414789.814 90308 8.087
1791414789.828 90316 10.138
1791414789.833 90324 4.855
1791414789.847 90332 8.663
1791414789.854 90340 4.402
1791414789.867 90348 7.013
1791414789.880 90356 8.543
1791414789.886 90364 3.393
1791414789.901 90372 5.688
1791414789.907 90380 3.143
1791414789.922 90388 7.283
1791414789.930 90396 4.047
1791414789.942 90404 4.595
1791414789.956 90412 8.281
1791414789.963 90420 3.578
1791414789.977 90428 5.528
1791414789.984 90436 3.213
1791414790.000 90444 5.998
1791414790.006 90452 3.311
1791414790.018 90460 4.608
1791414790.030 90468 5.253
1791414790.043 90476 7.445
1791414790.054 90484 7.216
1791414790.066 90492 8.383
1791414790.073 90500 4.806
1791414790.084 90508 4.807
1791414790.099 90516 8.244
1791414790.105 90524 3.520
1791414790.120 90532 6.422
1791414790.127 90540 4.155
1791414790.139 90548 5.187
1791414790.152 90556 5.904
1791414790.163 90564 5.711
1791414790.176 90572 8.391
1791414790.182 90580 4.561
1791414790.197 90588 8.334
1791414790.203 90596 3.299
1791414790.215 90604 4.761
1791414790.231 90612 8.527
1791414790.239 90620 6.868
1791414790.251 90628 7.462
1791414790.257 90636 3.156
1791414790.270 90644 4.692
1791414790.285 90652 8.203
1791414790.290 90660 3.218
1791414790.305 90668 5.700
1791414790.312 90676 3.143
1791414790.328 90684 4.040
1791414790.344 90692 7.242
1791414790.359 90700 8.433
1791414790.374 90708 10.106
1791414790.386 90716 8.072
1791414790.400 90724 8.233
1791414790.413 90732 8.166
1791414790.427 90740 8.167
1791414790.441 90748 8.198
1791414790.454 90756 8.129
1791414790.468 90764 8.220
1791414790.482 90772 8.515
1791414790.495 90780 8.220
1791414790.509 90788 8.168
1791414790.523 90796 8.313
1791414790.539 90804 9.165
1791414790.545 90812 3.088
1791414790.559 90820 3.318
1791414790.572 90828 3.112
1791414790.586 90836 3.144
1791414790.600 90844 3.137
1791414790.613 90852 3.193
1791414790.629 90860 5.294
1791414790.646 90868 8.111
1791414790.659 90876 8.176
1791414790.673 90884 8.142
1791414790.687 90892 8.298
1791414790.700 90900 8.253
1791414790.714 90908 8.163
1791414790.728 90916 8.459
1791414790.741 90924 8.224
1791414790.755 90932 8.211
1791414790.770 90940 9.116
1791414790.782 90948 8.149
1791414790.796 90956 8.118
1791414790.810 90964 8.396
1791414790.823 90972 8.184
1791414790.838 90980 8.534
1791414790.851 90988 8.216
1791414790.865 90996 8.189
1791414790.878 91004 8.181
1791414790.892 91012 8.143
1791414790.909 91020 8.740
1791414790.914 91028 3.177
1791414790.928 91036 3.165
1791414790.941 91044 3.013
1791414790.955 91052 3.051
1791414790.969 91060 3.183
1791414790.984 91068 4.205
1791414790.996 91076 3.052
1791414791.010 91084 3.055
1791414791.025 91092 4.988
1791414791.041 91100 5.460
1791414791.056 91108 8.150
1791414791.065 91116 3.297
1791414791.080 91124 4.930
1791414791.094 91132 4.797
1791414791.110 91140 7.123
1791414791.123 91148 7.151
1791414791.139 91156 8.910
1791414791.152 91164 8.231
1791414791.165 91172 8.167
1791414791.181 91180 8.710
1791414791.189 91188 4.196
1791414791.201 91196 3.145
1791414791.215 91204 3.111
1791414791.229 91212 3.057
1791414791.242 91220 3.003
1791414791.256 91228 3.020
1791414791.270 91236 3.043
1791414791.283 91244 3.126
1791414791.297 91252 3.159
1791414791.311 91260 3.041
1791414791.326 91268 4.416
1791414791.338 91276 3.076
1791414791.352 91284 3.361
1791414791.366 91292 3.291
1791414791.379 91300 3.083
1791414791.393 91308 3.253
1791414791.406 91316 3.136
1791414791.420 91324 3.096
1791414791.434 91332 3.193
1791414791.447 91340 3.104
1791414791.461 91348 3.165
1791414791.475 91356 3.116
1791414791.488 91364 3.095
1791414791.502 91372 3.190
1791414791.516 91380 3.139
1791414791.530 91388 3.745
1791414791.543 91396 3.076
1791414791.557 91404 3.058
1791414791.571 91412 3.208
1791414791.584 91420 3.029
1791414791.598 91428 3.153
1791414791.612 91436 3.060
1791414791.625 91444 3.217
1791414791.639 91452 3.397
1791414791.653 91460 3.075
1791414791.667 91468 3.338
1791414791.680 91476 3.323
1791414791.694 91484 3.063
1791414791.707 91492 3.089
1791414791.721 91500 3.270
1791414791.735 91508 3.023
1791414791.748 91516 2.998
1791414791.762 91524 3.198
1791414791.776 91532 3.623
1791414791.789 91540 3.206
1791414791.805 91548 4.916
1791414791.819 91556 5.392
1791414791.834 91564 5.431
1791414791.848 91572 6.957
1791414791.864 91580 8.970
1791414791.880 91588 9.205
1791414791.885 91596 3.463
1791414791.901 91604 5.428
1791414791.917 91612 5.650
1791414791.930 91620 7.053
1791414791.945 91628 8.416
1791414791.962 91636 9.109
1791414791.967 91644 3.235
1791414791.981 91652 3.026
1791414791.998 91660 7.086
1791414792.013 91668 8.105
1791414792.026 91676 5.722
1791414792.044 91684 9.111
1791414792.049 91692 3.050
1791414792.063 91700 3.090
1791414792.077 91708 3.108
1791414792.090 91716 3.206
1791414792.104 91724 3.361
1791414792.122 91732 7.727
1791414792.136 91740 8.152
1791414792.149 91748 5.701
1791414792.164 91756 8.342
1791414792.177 91764 8.229
1791414792.192 91772 8.390
1791414792.205 91780 8.192
1791414792.218 91788 8.214
1791414792.232 91796 8.227
1791414792.246 91804 8.160
1791414792.261 91812 8.765
1791414792.273 91820 8.508
1791414792.287 91828 8.200
1791414792.301 91836 8.253
1791414792.315 91844 8.941
1791414792.328 91852 8.132
1791414792.343 91860 8.858
1791414792.355 91868 8.180
1791414792.372 91876 9.050
1791414792.377 91884 3.066
1791414792.391 91892 3.140
1791414792.405 91900 3.085
1791414792.418 91908 3.044
1791414792.432 91916 3.094
1791414792.446 91924 3.034
1791414792.459 91932 3.113
1791414792.473 91940 3.059
1791414792.487 91948 3.199
1791414792.501 91956 3.145
1791414792.518 91964 6.961
1791414792.533 91972 8.330
1791414792.547 91980 8.189
1791414792.560 91988 8.351
1791414792.574 91996 8.289
1791414792.588 92004 8.308
1791414792.602 92012 8.381
1791414792.615 92020 8.193
1791414792.629 92028 8.177
1791414792.642 92036 8.163
1791414792.656 92044 8.194
1791414792.673 92052 8.928
1791414792.678 92060 3.045
1791414792.692 92068 3.195
1791414792.710 92076 7.363
1791414792.726 92084 9.387
1791414792.738 92092 8.341
1791414792.752 92100 8.222
1791414792.765 92108 8.157
1791414792.780 92116 8.889
1791414792.793 92124 8.190
1791414792.806 92132 8.139
1791414792.821 92140 9.106
1791414792.834 92148 8.165
1791414792.848 92156 8.778
1791414792.861 92164 8.363
1791414792.875 92172 8.506
1791414792.890 92180 9.122
1791414792.902 92188 8.259
1791414792.916 92196 8.196
1791414792.930 92204 8.741
1791414792.938 92212 3.334
1791414792.952 92220 3.124
1791414792.965 92228 3.067
1791414792.984 92236 8.229
1791414792.997 92244 7.374
1791414793.012 92252 8.492
1791414793.025 92260 8.227
1791414793.039 92268 8.207
1791414793.054 92276 8.982
1791414793.067 92284 8.367
1791414793.080 92292 8.154
1791414793.094 92300 8.147
1791414793.108 92308 8.970
1791414793.121 92316 8.139
1791414793.135 92324 8.212
1791414793.149 92332 8.022
1791414793.162 92340 8.241
1791414793.179 92348 9.181
1791414793.184 92356 3.013
1791414793.198 92364 3.329
1791414793.212 92372 3.129
1791414793.227 92380 4.310
1791414793.240 92388 4.355
1791414793.254 92396 4.540
1791414793.266 92404 3.113
1791414793.280 92412 3.068
1791414793.294 92420 3.292
1791414793.308 92428 3.461
1791414793.321 92436 3.060
1791414793.335 92444 3.335
1791414793.348 92452 3.048
1791414793.363 92460 4.152
1791414793.378 92468 5.153
1791414793.394 92476 5.919
1791414793.409 92484 8.993
1791414793.418 92492 4.295
1791414793.430 92500 3.014
1791414793.446 92508 4.957
1791414793.462 92516 5.864
1791414793.477 92524 8.242
1791414793.485 92532 3.252
1791414793.503 92540 7.290
1791414793.521 92548 8.785
1791414793.526 92556 3.160
1791414793.544 92564 7.194
1791414793.559 92572 8.393
1791414793.574 92580 9.274
1791414793.586 92588 8.210
1791414793.601 92596 9.044
1791414793.613 92604 8.196
1791414793.627 92612 8.306
1791414793.641 92620 8.148
1791414793.654 92628 8.180
1791414793.668 92636 8.102
1791414793.682 92644 8.154
1791414793.696 92652 8.900
1791414793.704 92660 3.302
1791414793.723 92668 8.104
1791414793.735 92676 5.936
1791414793.749 92684 5.625
1791414793.765 92692 9.199
1791414793.780 92700 8.768
1791414793.786 92708 3.232
1791414793.800 92716 3.449
1791414793.813 92724 3.060
1791414793.827 92732 3.522
1791414793.841 92740 3.071
1791414793.854 92748 3.196
1791414793.868 92756 3.149
1791414793.882 92764 3.242
1791414793.900 92772 7.490
1791414793.916 92780 8.689
1791414793.925 92788 4.987
1791414793.942 92796 8.564
1791414793.952 92804 4.672
1791414793.964 92812 3.053
1791414793.978 92820 3.211
1791414793.993 92828 5.025
1791414794.009 92836 7.343
1791414794.025 92844 9.727
1791414794.038 92852 9.092
1791414794.051 92860 8.208
1791414794.065 92868 8.187
1791414794.078 92876 8.142
1791414794.092 92884 8.212
1791414794.107 92892 8.988
1791414794.119 92900 8.233
1791414794.133 92908 8.530
1791414794.147 92916 8.418
1791414794.160 92924 8.181
1791414794.174 92932 8.463
1791414794.188 92940 8.470
1791414794.202 92948 8.895
1791414794.216 92956 9.194
1791414794.230 92964 9.111
1791414794.244 92972 8.730
1791414794.256 92980 8.124
1791414794.270 92988 8.108
1791414794.286 92996 9.166
1791414794.292 93004 3.192
1791414794.306 93012 3.162
1791414794.319 93020 3.072
1791414794.333 93028 3.212
1791414794.347 93036 3.385
1791414794.360 93044 3.123
1791414794.374 93052 3.086
1791414794.388 93060 3.041
1791414794.402 93068 3.790
1791414794.417 93076 4.933
1791414794.437 93084 10.561
1791414794.449 93092 8.841
1791414794.461 93100 8.313
1791414794.476 93108 9.321
1791414794.489 93116 8.232
1791414794.502 93124 8.152
1791414794.516 93132 8.160
1791414794.530 93140 8.252
1791414794.543 93148 8.146
1791414794.557 93156 8.376
1791414794.571 93164 8.158
1791414794.584 93172 8.204
1791414794.598 93180 8.117
1791414794.612 93188 8.161
1791414794.625 93196 8.159
1791414794.639 93204 8.200
1791414794.654 93212 9.277
1791414794.666 93220 8.186
1791414794.680 93228 8.209
1791414794.694 93236 8.138
1791414794.707 93244 8.104
1791414794.721 93252 8.181
1791414794.735 93260 8.257
1791414794.748 93268 8.243
1791414794.762 93276 8.179
1791414794.776 93284 8.141
1791414794.790 93292 8.291
1791414794.803 93300 8.172
1791414794.817 93308 8.092
1791414794.830 93316 8.174
1791414794.844 93324 8.186
1791414794.858 93332 8.201
1791414794.872 93340 8.180
1791414794.885 93348 8.428
1791414794.899 93356 8.177
1791414794.915 93364 8.786
1791414794.921 93372 3.090
1791414794.936 93380 4.216
1791414794.951 93388 5.386
1791414794.967 93396 5.974
1791414794.980 93404 7.355
1791414794.993 93412 5.910
1791414795.008 93420 8.128
1791414795.021 93428 6.176
1791414795.035 93436 7.664
1791414795.049 93444 7.963
1791414795.062 93452 6.899
1791414795.077 93460 8.553
1791414795.085 93468 3.261
1791414795.101 93476 4.883
1791414795.114 93484 4.866
1791414795.130 93492 7.112
1791414795.144 93500 6.988
1791414795.158 93508 6.993
1791414795.172 93516 7.952
1791414795.186 93524 8.307
1791414795.200 93532 8.164
1791414795.213 93540 8.197
1791414795.227 93548 8.184
1791414795.241 93556 8.216
1791414795.254 93564 8.206
1791414795.268 93572 8.215
1791414795.282 93580 8.120
1791414795.295 93588 8.129
1791414795.305 93596 4.407
1791414795.318 93604 3.116
1791414795.331 93612 3.051
1791414795.345 93620 3.105
1791414795.359 93628 3.302
1791414795.372 93636 3.116
1791414795.389 93644 5.604
1791414795.400 93652 3.063
1791414795.413 93660 3.025
1791414795.427 93668 3.290
1791414795.441 93676 3.247
1791414795.454 93684 3.137
1791414795.468 93692 3.173
1791414795.482 93700 3.420
1791414795.499 93708 6.991
1791414795.516 93716 8.716
1791414795.528 93724 8.406
1791414795.543 93732 9.044
1791414795.557 93740 8.537
1791414795.568 93748 7.283
1791414795.581 93756 7.009
1791414795.596 93764 8.182
1791414795.610 93772 8.164
1791414795.624 93780 8.150
1791414795.638 93788 8.344
1791414795.654 93796 8.670
1791414795.660 93804 3.183
1791414795.673 93812 3.102
1791414795.687 93820 3.152
1791414795.702 93828 4.958
1791414795.721 93836 9.875
1791414795.732 93844 6.224
1791414795.746 93852 7.018
1791414795.760 93860 7.252
1791414795.773 93868 6.828
1791414795.788 93876 8.463
1791414795.802 93884 8.287
1791414795.818 93892 9.287
1791414795.824 93900 3.061
1791414795.837 93908 2.998
1791414795.851 93916 3.057
1791414795.865 93924 3.473
1791414795.885 93932 9.734
1791414795.898 93940 8.589
1791414795.911 93948 8.211
1791414795.925 93956 8.193
1791414795.940 93964 8.303
1791414795.947 93972 3.106
1791414795.963 93980 5.200
1791414795.981 93988 8.657
1791414795.993 93996 8.218
1791414796.007 94004 8.093
1791414796.020 94012 8.147
1791414796.038 94020 10.006
1791414796.042 94028 3.067
1791414796.061 94036 7.500
1791414796.076 94044 9.321
1791414796.089 94052 8.253
1791414796.102 94060 8.268
1791414796.116 94068 8.274
1791414796.130 94076 8.164
1791414796.144 94084 8.690
1791414796.157 94092 8.180
1791414796.171 94100 8.235
1791414796.184 94108 8.263
1791414796.198 94116 8.154
1791414796.212 94124 8.253
1791414796.227 94132 8.703
1791414796.239 94140 8.155
1791414796.256 94148 9.041
1791414796.262 94156 3.338
1791414796.282 94164 10.183
1791414796.293 94172 7.528
1791414796.307 94180 5.369
1791414796.322 94188 9.451
1791414796.336 94196 8.694
1791414796.350 94204 9.038
1791414796.362 94212 8.201
1791414796.373 94220 5.413
1791414796.384 94228 3.073
1791414796.398 94236 3.458
1791414796.412 94244 3.214
1791414796.426 94252 3.174
1791414796.439 94260 3.026
1791414796.453 94268 3.170
1791414796.466 94276 3.063
1791414796.480 94284 3.130
1791414796.494 94292 3.098
1791414796.507 94300 3.056
1791414796.521 94308 3.040
1791414796.536 94316 4.204
1791414796.550 94324 4.970
1791414796.566 94332 5.357
1791414796.581 94340 8.365
1791414796.595 94348 8.116
1791414796.608 94356 8.224
1791414796.622 94364 8.209
1791414796.636 94372 8.318
1791414796.651 94380 8.686
1791414796.663 94388 8.249
1791414796.677 94396 8.193
1791414796.690 94404 8.223
1791414796.704 94412 8.113
1791414796.721 94420 9.125
1791414796.726 94428 3.111
1791414796.740 94436 3.120
1791414796.754 94444 3.043
1791414796.767 94452 3.216
1791414796.781 94460 3.111
1791414796.796 94468 4.234
1791414796.811 94476 5.952
1791414796.824 94484 4.976
1791414796.841 94492 8.132
1791414796.855 94500 8.224
1791414796.870 94508 8.239
1791414796.877 94516 3.194
1791414796.890 94524 3.022
1791414796.904 94532 3.048
1791414796.918 94540 3.263
1791414796.931 94548 3.093
1791414796.945 94556 3.074
1791414796.959 94564 3.101
1791414796.972 94572 3.089
1791414796.988 94580 4.976
1791414797.005 94588 8.195
1791414797.019 94596 8.147
1791414797.032 94604 8.180
1791414797.046 94612 8.324
1791414797.060 94620 8.194
1791414797.073 94628 8.282
1791414797.087 94636 8.323
1791414797.101 94644 8.205
1791414797.114 94652 8.178
1791414797.128 94660 8.290
1791414797.143 94668 8.939
1791414797.155 94676 8.208
1791414797.172 94684 9.678
1791414797.179 94692 4.493
1791414797.191 94700 3.241
1791414797.205 94708 3.160
1791414797.219 94716 3.220
1791414797.232 94724 3.215
1791414797.246 94732 3.131
1791414797.260 94740 3.226
1791414797.273 94748 3.163
1791414797.287 94756 3.030
1791414797.301 94764 3.143
1791414797.314 94772 3.119
1791414797.330 94780 5.032
1791414797.346 94788 5.361
1791414797.359 94796 5.550
1791414797.374 94804 8.168
1791414797.387 94812 6.184
1791414797.403 94820 9.336
1791414797.417 94828 10.116
1791414797.429 94836 8.235
1791414797.443 94844 8.025
1791414797.456 94852 8.219
1791414797.470 94860 8.173
1791414797.484 94868 8.176
1791414797.497 94876 8.151
1791414797.511 94884 8.182
1791414797.525 94892 8.326
1791414797.538 94900 8.171
1791414797.552 94908 8.167
1791414797.567 94916 8.845
1791414797.580 94924 8.400
1791414797.593 94932 8.159
1791414797.607 94940 8.138
1791414797.620 94948 8.280
1791414797.635 94956 9.228
1791414797.648 94964 8.554
1791414797.662 94972 8.959
1791414797.676 94980 8.968
1791414797.691 94988 8.837
1791414797.700 94996 6.274
1791414797.715 95004 7.099
1791414797.730 95012 8.255
1791414797.744 95020 8.275
1791414797.757 95028 8.160
1791414797.771 95036 8.248
1791414797.785 95044 8.867
1791414797.798 95052 8.173
1791414797.812 95060 8.177
1791414797.826 95068 8.215
1791414797.839 95076 8.268
1791414797.853 95084 8.227
1791414797.866 95092 8.125
1791414797.880 95100 8.114
1791414797.894 95108 8.139
1791414797.908 95116 8.172
1791414797.921 95124 8.231
1791414797.935 95132 8.198
1791414797.950 95140 8.877
1791414797.962 95148 8.309
1791414797.976 95156 8.166
1791414797.990 95164 8.562
1791414797.998 95172 3.346
1791414798.012 95180 3.020
1791414798.025 95188 3.010
1791414798.039 95196 3.181
1791414798.053 95204 3.085
1791414798.067 95212 3.171
1791414798.080 95220 3.007
1791414798.096 95228 4.889
1791414798.115 95236 8.829
1791414798.121 95244 3.075
1791414798.135 95252 3.280
1791414798.149 95260 3.008
1791414798.162 95268 3.173
1791414798.176 95276 3.053
1791414798.190 95284 3.171
1791414798.204 95292 3.502
1791414798.217 95300 3.108
1791414798.231 95308 3.053
1791414798.244 95316 3.043
1791414798.262 95324 7.206
1791414798.278 95332 8.954
1791414798.290 95340 8.191
1791414798.304 95348 8.186
1791414798.321 95356 9.254
1791414798.326 95364 3.199
1791414798.340 95372 3.050
1791414798.354 95380 3.206
1791414798.367 95388 3.073
1791414798.381 95396 3.057
1791414798.395 95404 3.192
1791414798.409 95412 3.334
1791414798.422 95420 3.081
1791414798.436 95428 3.006
1791414798.454 95436 7.474
1791414798.469 95444 9.019
1791414798.482 95452 8.141
1791414798.496 95460 8.258
1791414798.509 95468 8.354
1791414798.523 95476 8.170
1791414798.538 95484 8.899
1791414798.550 95492 8.134
1791414798.564 95500 8.183
1791414798.578 95508 8.101
1791414798.593 95516 8.957
1791414798.605 95524 8.163
1791414798.619 95532 8.269
1791414798.632 95540 8.181
1791414798.646 95548 8.123
1791414798.660 95556 8.161
1791414798.673 95564 8.151
1791414798.687 95572 8.163
1791414798.701 95580 8.275
1791414798.714 95588 8.223
1791414798.728 95596 8.283
1791414798.742 95604 8.157
1791414798.755 95612 8.186
1791414798.769 95620 8.292
1791414798.783 95628 8.496
1791414798.797 95636 8.276
1791414798.810 95644 8.482
1791414798.824 95652 8.177
1791414798.839 95660 9.077
1791414798.851 95668 8.093
1791414798.866 95676 8.165
1791414798.879 95684 8.206
1791414798.893 95692 8.476
1791414798.906 95700 8.200
1791414798.920 95708 8.159
1791414798.933 95716 8.083
1791414798.947 95724 8.156
1791414798.961 95732 8.144
1791414798.975 95740 9.066
1791414798.991 95748 9.364
1791414798.997 95756 3.135
1791414799.010 95764 3.082
1791414799.024 95772 3.204
1791414799.037 95780 3.007
1791414799.051 95788 3.149
1791414799.065 95796 3.220
1791414799.079 95804 3.122
1791414799.092 95812 3.212
1791414799.106 95820 3.105
1791414799.120 95828 3.067
1791414799.133 95836 3.229
1791414799.149 95844 5.314
1791414799.166 95852 8.305
1791414799.180 95860 8.424
1791414799.193 95868 8.281
1791414799.207 95876 8.105
1791414799.220 95884 8.181
1791414799.234 95892 8.156
1791414799.248 95900 8.298
1791414799.264 95908 9.153
1791414799.270 95916 3.127
1791414799.284 95924 3.046
1791414799.297 95932 3.103
1791414799.311 95940 3.098
1791414799.325 95948 3.058
1791414799.338 95956 3.190
1791414799.352 95964 3.104
1791414799.366 95972 3.047
1791414799.380 95980 3.365
1791414799.393 95988 3.232
1791414799.411 95996 7.152
1791414799.422 96004 4.933
1791414799.438 96012 6.590
1791414799.452 96020 7.103
1791414799.465 96028 6.657
1791414799.479 96036 6.790
1791414799.494 96044 8.387
1791414799.503 96052 3.213
1791414799.518 96060 5.112
1791414799.533 96068 5.219
1791414799.548 96076 7.423
1791414799.564 96084 9.073
1791414799.576 96092 8.218
1791414799.590 96100 8.272
1791414799.605 96108 8.347
1791414799.612 96116 3.057
1791414799.626 96124 3.099
1791414799.639 96132 3.173
1791414799.653 96140 3.159
1791414799.667 96148 3.158
1791414799.680 96156 3.226
1791414799.694 96164 3.344
1791414799.708 96172 3.218
1791414799.722 96180 3.298
1791414799.735 96188 3.089
1791414799.749 96196 3.103
1791414799.763 96204 3.567
1791414799.778 96212 4.984
1791414799.791 96220 4.821
1791414799.809 96228 8.280
1791414799.822 96236 8.309
1791414799.836 96244 8.389
1791414799.853 96252 9.335
1791414799.858 96260 3.174
1791414799.872 96268 3.257
1791414799.886 96276 3.449
1791414799.904 96284 8.103
1791414799.915 96292 4.956
1791414799.930 96300 7.015
1791414799.945 96308 8.126
1791414799.958 96316 6.993
1791414799.971 96324 7.024
1791414799.986 96332 8.226
1791414799.995 96340 3.215
1791414800.009 96348 3.113
1791414800.022 96356 3.117
1791414800.036 96364 3.352
1791414800.050 96372 3.106
1791414800.064 96380 4.229
1791414800.077 96388 3.157
1791414800.091 96396 3.057
1791414800.105 96404 3.951
1791414800.118 96412 3.178
1791414800.132 96420 3.079
1791414800.147 96428 4.842
1791414800.166 96436 9.577
1791414800.178 96444 8.145
1791414800.191 96452 8.191
1791414800.208 96460 9.311
1791414800.214 96468 3.375
1791414800.233 96476 8.669
1791414800.248 96484 10.227
1791414800.255 96492 3.395
1791414800.268 96500 3.113
1791414800.282 96508 3.035
1791414800.296 96516 3.481
1791414800.309 96524 3.119
1791414800.323 96532 3.191
1791414800.337 96540 3.487
1791414800.350 96548 3.081
1791414800.364 96556 3.122
1791414800.378 96564 3.107
1791414800.395 96572 7.128
1791414800.411 96580 9.040
1791414800.424 96588 8.179
1791414800.438 96596 8.174
1791414800.453 96604 8.397
1791414800.460 96612 3.328
1791414800.475 96620 4.308
1791414800.487 96628 3.204
1791414800.501 96636 3.151
1791414800.514 96644 3.055
1791414800.528 96652 3.074
1791414800.542 96660 2.981
1791414800.556 96668 3.201
1791414800.569 96676 3.101
1791414800.583 96684 3.213
1791414800.601 96692 7.164
1791414800.618 96700 8.807
1791414800.624 96708 3.175
1791414800.638 96716 3.089
1791414800.651 96724 3.036
1791414800.667 96732 5.227
1791414800.686 96740 10.190
1791414800.697 96748 8.179
1791414800.711 96756 8.102
1791414800.725 96764 8.308
1791414800.738 96772 8.255
1791414800.752 96780 8.178
1791414800.766 96788 8.165
1791414800.781 96796 9.834
1791414800.793 96804 8.376
1791414800.807 96812 8.440
1791414800.820 96820 8.145
1791414800.836 96828 8.237
1791414800.843 96836 3.494
1791414800.856 96844 3.106
1791414800.870 96852 3.091
1791414800.884 96860 3.176
1791414800.898 96868 3.201
1791414800.911 96876 3.110
1791414800.925 96884 3.048
1791414800.939 96892 3.372
1791414800.952 96900 3.210
1791414800.966 96908 3.199
1791414800.984 96916 7.722
1791414800.998 96924 8.292
1791414801.012 96932 8.257
1791414801.026 96940 8.160
1791414801.039 96948 8.228
1791414801.053 96956 8.328
1791414801.067 96964 8.287
1791414801.083 96972 8.823
1791414801.089 96980 3.152
1791414801.104 96988 4.362
1791414801.116 96996 3.067
1791414801.130 97004 3.182
1791414801.145 97012 4.816
1791414801.161 97020 7.253
1791414801.176 97028 8.387
1791414801.193 97036 8.853
1791414801.198 97044 3.145
1791414801.212 97052 3.090
1791414801.226 97060 3.026
1791414801.239 97068 3.102
1791414801.255 97076 5.014
1791414801.273 97084 9.086
1791414801.287 97092 8.739
1791414801.299 97100 8.167
1791414801.313 97108 8.262
1791414801.326 97116 8.162
1791414801.340 97124 8.374
1791414801.354 97132 8.183
1791414801.369 97140 9.078
1791414801.381 97148 8.198
1791414801.395 97156 8.221
1791414801.409 97164 8.279
1791414801.422 97172 8.371
1791414801.436 97180 8.341
1791414801.451 97188 8.905
1791414801.463 97196 8.232
1791414801.477 97204 8.350
1791414801.491 97212 8.451
1791414801.504 97220 8.167
1791414801.518 97228 8.283
1791414801.532 97236 8.174
1791414801.545 97244 8.161
1791414801.559 97252 8.163
1791414801.568 97260 3.327
1791414801.585 97268 7.030
1791414801.601 97276 8.842
1791414801.614 97284 8.461
1791414801.625 97292 5.996
1791414801.638 97300 4.881
1791414801.653 97308 3.390
1791414801.667 97316 7.096
1791414801.681 97324 7.136
1791414801.694 97332 5.759
1791414801.709 97340 8.086
1791414801.722 97348 6.884
1791414801.737 97356 8.368
1791414801.752 97364 9.214
1791414801.764 97372 8.298
1791414801.778 97380 8.221
1791414801.791 97388 8.181
1791414801.810 97396 11.272
1791414801.814 97404 3.066
1791414801.827 97412 3.131
1791414801.841 97420 3.053
1791414801.855 97428 3.042
1791414801.870 97436 4.826
1791414801.886 97444 7.078
1791414801.901 97452 8.186
1791414801.915 97460 8.163
1791414801.928 97468 8.188
1791414801.942 97476 8.191
1791414801.956 97484 8.207
1791414801.969 97492 8.225
1791414801.983 97500 8.242
1791414801.997 97508 8.168
1791414802.005 97516 3.261
1791414802.019 97524 3.106
1791414802.033 97532 3.082
1791414802.046 97540 3.157
1791414802.060 97548 3.273
1791414802.078 97556 7.568
1791414802.092 97564 8.075
1791414802.105 97572 6.226
1791414802.119 97580 5.713
1791414802.135 97588 9.208
1791414802.147 97596 8.222
1791414802.161 97604 8.290
1791414802.175 97612 8.360
1791414802.188 97620 8.247
1791414802.205 97628 9.075
1791414802.210 97636 3.082
1791414802.224 97644 3.090
1791414802.238 97652 3.584
1791414802.252 97660 3.911
1791414802.265 97668 3.058
1791414802.279 97676 3.067
1791414802.292 97684 3.064
1791414802.306 97692 3.197
1791414802.320 97700 3.214
1791414802.333 97708 3.088
1791414802.351 97716 7.134
1791414802.366 97724 8.485
1791414802.375 97732 3.335
1791414802.390 97740 4.921
1791414802.404 97748 4.936
1791414802.419 97756 6.898
1791414802.436 97764 9.182
1791414802.448 97772 8.240
1791414802.462 97780 8.156
1791414802.475 97788 8.312
1791414802.489 97796 8.152
1791414802.506 97804 9.741
1791414802.511 97812 3.349
1791414802.525 97820 3.306
1791414802.539 97828 3.248
1791414802.552 97836 3.060
1791414802.566 97844 3.088
1791414802.580 97852 3.075
1791414802.593 97860 3.059
1791414802.607 97868 3.239
1791414802.621 97876 3.493
1791414802.635 97884 3.429
1791414802.648 97892 3.385
1791414802.662 97900 3.251
1791414802.675 97908 3.157
1791414802.689 97916 3.413
1791414802.703 97924 3.287
1791414802.716 97932 3.147
1791414802.730 97940 3.576
1791414802.744 97948 3.240
1791414802.757 97956 3.115
1791414802.771 97964 3.118
1791414802.786 97972 4.897
1791414802.802 97980 7.153
1791414802.817 97988 8.433
1791414802.831 97996 8.189
1791414802.844 98004 8.130
1791414802.858 98012 8.139
1791414802.872 98020 8.142
1791414802.886 98028 8.177
1791414802.899 98036 8.258
1791414802.914 98044 9.101
1791414802.927 98052 8.700
1791414802.940 98060 8.304
1791414802.954 98068 8.178
1791414802.969 98076 9.401
1791414802.981 98084 8.281
1791414802.995 98092 8.158
1791414803.009 98100 8.288
1791414803.022 98108 8.327
1791414803.036 98116 8.166
1791414803.050 98124 8.203
1791414803.063 98132 8.078
1791414803.080 98140 9.129
1791414803.085 98148 3.022
1791414803.099 98156 3.131
1791414803.113 98164 3.148
1791414803.126 98172 3.013
1791414803.140 98180 3.041
1791414803.154 98188 3.302
1791414803.168 98196 3.619
1791414803.181 98204 3.049
1791414803.195 98212 3.129
1791414803.211 98220 5.015
1791414803.228 98228 8.127
1791414803.241 98236 8.169
1791414803.256 98244 9.383
1791414803.270 98252 8.764
1791414803.283 98260 8.576
1791414803.296 98268 8.196
1791414803.310 98276 8.463
1791414803.324 98284 8.519
1791414803.337 98292 8.080
1791414803.351 98300 8.496
1791414803.364 98308 8.446
1791414803.378 98316 8.166
1791414803.392 98324 8.772
1791414803.406 98332 8.579
1791414803.422 98340 9.506
1791414803.429 98348 4.178
1791414803.442 98356 4.201
1791414803.455 98364 3.257
1791414803.469 98372 3.164
1791414803.482 98380 3.106
1791414803.496 98388 3.074
1791414803.510 98396 3.202
1791414803.524 98404 4.194
1791414803.537 98412 3.152
1791414803.551 98420 3.127
1791414803.566 98428 4.597
1791414803.578 98436 3.093
1791414803.592 98444 3.054
1791414803.605 98452 3.024
1791414803.619 98460 3.073
1791414803.633 98468 3.234
1791414803.646 98476 3.076
1791414803.660 98484 3.249
1791414803.674 98492 3.185
1791414803.688 98500 3.343
1791414803.701 98508 3.107
1791414803.715 98516 3.199
1791414803.728 98524 3.088
1791414803.744 98532 5.071
1791414803.760 98540 7.275
1791414803.775 98548 8.240
1791414803.790 98556 8.538
1791414803.800 98564 6.685
1791414803.813 98572 5.997
1791414803.828 98580 7.204
1791414803.842 98588 7.234
1791414803.857 98596 8.381
1791414803.867 98604 5.118
1791414803.881 98612 5.031
1791414803.896 98620 5.515
1791414803.912 98628 8.464
1791414803.925 98636 8.362
1791414803.942 98644 8.888
1791414803.947 98652 3.204
1791414803.961 98660 3.035
1791414803.974 98668 3.120
1791414803.988 98676 3.168
1791414804.002 98684 3.072
1791414804.015 98692 3.071
1791414804.029 98700 3.096
1791414804.043 98708 3.064
1791414804.056 98716 3.069
1791414804.070 98724 3.129
1791414804.086 98732 5.380
1791414804.102 98740 5.600
1791414804.115 98748 5.632
1791414804.129 98756 7.036
1791414804.144 98764 8.357
1791414804.152 98772 3.306
1791414804.168 98780 4.445
1791414804.184 98788 7.189
1791414804.199 98796 8.504
1791414804.211 98804 5.337
1791414804.226 98812 8.286
1791414804.241 98820 9.028
1791414804.253 98828 8.204
1791414804.267 98836 8.322
1791414804.281 98844 8.310
1791414804.294 98852 8.201
1791414804.309 98860 9.137
1791414804.321 98868 8.143
1791414804.335 98876 8.253
1791414804.349 98884 8.224
1791414804.363 98892 8.260
1791414804.376 98900 8.237
1791414804.390 98908 8.211
1791414804.404 98916 8.173
1791414804.417 98924 8.127
1791414804.431 98932 8.356
1791414804.445 98940 8.439
1791414804.460 98948 8.314
1791414804.470 98956 6.303
1791414804.482 98964 4.954
1791414804.500 98972 8.685
1791414804.513 98980 8.231
1791414804.527 98988 8.377
1791414804.540 98996 8.127
1791414804.554 99004 8.189
1791414804.569 99012 9.267
1791414804.581 99020 8.180
1791414804.595 99028 8.152
1791414804.609 99036 8.196
1791414804.623 99044 8.597
1791414804.636 99052 8.237
1791414804.651 99060 8.990
1791414804.665 99068 8.717
1791414804.677 99076 8.264
1791414804.691 99084 8.196
1791414804.704 99092 8.193
1791414804.718 99100 8.172
1791414804.732 99108 8.372
1791414804.745 99116 8.261
1791414804.759 99124 8.198
1791414804.773 99132 8.106
1791414804.787 99140 8.828
1791414804.800 99148 8.207
1791414804.815 99156 9.112
1791414804.828 99164 8.763
1791414804.843 99172 8.214
1791414804.852 99180 4.932
1791414804.867 99188 5.609
1791414804.882 99196 8.300
1791414804.896 99204 8.200
1791414804.910 99212 8.363
1791414804.923 99220 8.199
1791414804.937 99228 8.185
1791414804.951 99236 8.487
1791414804.964 99244 8.220
1791414804.978 99252 8.240
1791414804.995 99260 9.551
1791414805.001 99268 4.049
1791414805.014 99276 3.222
1791414805.028 99284 3.134
1791414805.041 99292 3.262
1791414805.055 99300 3.126
1791414805.069 99308 3.706
1791414805.082 99316 3.247
1791414805.096 99324 3.244
1791414805.110 99332 3.122
1791414805.123 99340 3.266
1791414805.137 99348 3.406
1791414805.151 99356 3.204
1791414805.164 99364 3.165
1791414805.180 99372 5.134
1791414805.196 99380 7.635
1791414805.210 99388 7.949
1791414805.223 99396 6.219
1791414805.241 99404 8.941
1791414805.247 99412 3.384
1791414805.260 99420 3.107
1791414805.274 99428 3.384
1791414805.288 99436 3.371
1791414805.301 99444 3.329
1791414805.315 99452 3.337
1791414805.328 99460 3.168
1791414805.342 99468 3.193
1791414805.358 99476 4.942
1791414805.373 99484 7.023
1791414805.389 99492 8.542
1791414805.398 99500 4.829
1791414805.411 99508 3.255
1791414805.424 99516 3.157
1791414805.438 99524 3.148
1791414805.452 99532 3.190
1791414805.465 99540 3.133
1791414805.480 99548 4.240
1791414805.492 99556 3.091
1791414805.506 99564 3.244
1791414805.520 99572 3.103
1791414805.533 99580 3.080
1791414805.547 99588 3.263
1791414805.561 99596 3.155
1791414805.575 99604 3.216
1791414805.588 99612 3.186
1791414805.602 99620 3.110
1791414805.616 99628 3.084
1791414805.630 99636 3.381
1791414805.645 99644 5.042
1791414805.661 99652 5.899
1791414805.676 99660 8.464
1791414805.684 99668 3.386
1791414805.698 99676 3.190
1791414805.711 99684 3.239
1791414805.725 99692 3.119
1791414805.739 99700 3.382
1791414805.753 99708 3.874
1791414805.769 99716 6.270
1791414805.781 99724 4.898
1791414805.795 99732 4.991
1791414805.811 99740 7.372
1791414805.826 99748 8.257
1791414805.840 99756 8.296
1791414805.853 99764 8.308
1791414805.867 99772 8.322
1791414805.881 99780 8.314
1791414805.894 99788 8.294
1791414805.908 99796 8.378
1791414805.922 99804 8.194
1791414805.938 99812 8.999
1791414805.946 99820 4.949
1791414805.963 99828 8.390
1791414805.978 99836 9.125
1791414805.990 99844 8.181
1791414806.004 99852 8.723
1791414806.018 99860 9.003
1791414806.027 99868 4.295
1791414806.039 99876 3.060
1791414806.053 99884 3.240
1791414806.067 99892 3.213
1791414806.081 99900 3.263
1791414806.096 99908 4.935
1791414806.110 99916 4.796
1791414806.123 99924 4.703
1791414806.137 99932 4.833
1791414806.151 99940 4.833
1791414806.165 99948 5.131
1791414806.178 99956 4.896
1791414806.192 99964 5.181
1791414806.208 99972 5.473
1791414806.221 99980 6.969
1791414806.235 99988 6.887
1791414806.248 99996 5.835
1791414806.262 100004 6.507
1791414806.276 100012 6.715
1791414806.289 100020 5.821
1791414806.303 100028 6.438
1791414806.318 100036 8.531
1791414806.327 100044 3.281
1791414806.340 100052 3.204
1791414806.354 100060 3.352
1791414806.370 100068 4.936
1791414806.385 100076 5.719
1791414806.402 100084 8.286
1791414806.412 100092 6.362
1791414806.427 100100 7.647
1791414806.441 100108 8.086
1791414806.454 100116 7.019
1791414806.467 100124 6.978
1791414806.481 100132 6.514
1791414806.497 100140 9.160
1791414806.510 100148 8.151
1791414806.523 100156 8.177
1791414806.537 100164 8.239
1791414806.551 100172 8.199
1791414806.564 100180 8.161
1791414806.578 100188 8.196
1791414806.595 100196 9.608
1791414806.600 100204 3.131
1791414806.614 100212 3.188
1791414806.628 100220 3.038
1791414806.641 100228 3.327
1791414806.655 100236 3.357
1791414806.669 100244 3.089
1791414806.683 100252 3.375
1791414806.698 100260 5.083
1791414806.714 100268 7.169
1791414806.729 100276 8.773
1791414806.738 100284 3.727
1791414806.755 100292 7.398
1791414806.768 100300 6.831
1791414806.780 100308 4.997
1791414806.796 100316 6.938
1791414806.811 100324 8.748
1791414806.831 100332 9.199
1791414806.837 100340 5.836
1791414806.852 100348 8.285
1791414806.864 100356 6.109
1791414806.879 100364 7.954
1791414806.894 100372 9.047
1791414806.906 100380 8.329
1791414806.920 100388 8.776
1791414806.934 100396 8.254
1791414806.947 100404 8.156
1791414806.962 100412 8.902
1791414806.975 100420 8.314
1791414806.988 100428 8.351
1791414807.002 100436 8.207
1791414807.019 100444 9.744
1791414807.025 100452 4.244
1791414807.038 100460 3.076
1791414807.056 100468 7.184
1791414807.069 100476 6.970
1791414807.084 100484 8.310
1791414807.098 100492 8.110
1791414807.111 100500 8.157
1791414807.127 100508 10.158
1791414807.139 100516 8.177
1791414807.152 100524 8.206
1791414807.166 100532 8.395
1791414807.181 100540 8.725
1791414807.193 100548 8.190
1791414807.207 100556 8.101
1791414807.221 100564 8.393
1791414807.234 100572 8.203
1791414807.251 100580 9.285
1791414807.257 100588 3.041
1791414807.270 100596 2.982
1791414807.284 100604 3.053
1791414807.298 100612 3.077
1791414807.312 100620 3.324
1791414807.325 100628 3.272
1791414807.339 100636 3.068
1791414807.353 100644 3.371
1791414807.368 100652 5.120
1791414807.380 100660 3.463
1791414807.394 100668 3.235
1791414807.407 100676 3.334
1791414807.423 100684 4.724
1791414807.438 100692 6.991
1791414807.452 100700 7.224
1791414807.466 100708 6.502
1791414807.482 100716 9.328
1791414807.494 100724 8.318
1791414807.508 100732 8.354
1791414807.522 100740 8.268
1791414807.535 100748 8.208
1791414807.549 100756 8.235
1791414807.563 100764 8.291
1791414807.576 100772 8.384
1791414807.590 100780 8.291
1791414807.604 100788 8.421
1791414807.619 100796 9.243
1791414807.631 100804 8.293
1791414807.645 100812 8.428
1791414807.658 100820 8.263
1791414807.672 100828 8.273
1791414807.686 100836 8.393
1791414807.700 100844 8.213
1791414807.713 100852 8.291
1791414807.730 100860 9.121
1791414807.736 100868 3.298
1791414807.749 100876 3.245
1791414807.763 100884 3.364
1791414807.777 100892 3.479
1791414807.790 100900 3.254
1791414807.804 100908 3.416
1791414807.818 100916 3.340
1791414807.831 100924 3.351
1791414807.845 100932 3.489
1791414807.859 100940 3.450
1791414807.875 100948 6.323
1791414807.888 100956 5.191
1791414807.906 100964 9.519
1791414807.918 100972 8.295
1791414807.932 100980 8.350
1791414807.949 100988 9.038
1791414807.954 100996 3.210
1791414807.973 101004 8.265
1791414807.988 101012 9.229
1791414808.000 101020 8.355
1791414808.014 101028 8.348
1791414808.028 101036 8.187
1791414808.041 101044 8.219
1791414808.055 101052 8.183
1791414808.069 101060 8.198
1791414808.082 101068 8.178
1791414808.096 101076 8.236
1791414808.111 101084 8.979
1791414808.126 101092 9.078
1791414808.133 101100 4.170
1791414808.146 101108 3.101
1791414808.159 101116 3.116
1791414808.173 101124 3.135
1791414808.187 101132 3.402
1791414808.200 101140 3.122
1791414808.214 101148 3.075
1791414808.230 101156 5.608
1791414808.245 101164 6.941
1791414808.260 101172 8.502
1791414808.269 101180 3.484
1791414808.284 101188 5.028
1791414808.303 101196 9.384
1791414808.315 101204 8.401
1791414808.329 101212 8.277
1791414808.342 101220 8.323
1791414808.356 101228 8.221
1791414808.370 101236 8.243
1791414808.383 101244 8.156
1791414808.397 101252 8.094
1791414808.411 101260 8.324
1791414808.424 101268 8.182
1791414808.439 101276 8.212
1791414808.452 101284 8.149
1791414808.467 101292 8.780
1791414808.479 101300 8.273
1791414808.493 101308 8.201
1791414808.506 101316 8.141
1791414808.523 101324 9.021
1791414808.529 101332 3.350
1791414808.542 101340 3.169
1791414808.556 101348 3.115
1791414808.570 101356 3.145
1791414808.583 101364 3.161
1791414808.597 101372 3.400
1791414808.611 101380 3.114
1791414808.624 101388 3.098
1791414808.638 101396 3.111
1791414808.652 101404 3.100
1791414808.665 101412 3.169
1791414808.679 101420 3.220
1791414808.693 101428 3.116
1791414808.706 101436 3.022
1791414808.722 101444 4.908
1791414808.740 101452 9.179
1791414808.752 101460 8.213
1791414808.766 101468 8.228
1791414808.780 101476 8.251
1791414808.793 101484 8.186
1791414808.807 101492 8.218
1791414808.821 101500 8.203
1791414808.834 101508 8.201
1791414808.850 101516 8.271
1791414808.857 101524 3.178
1791414808.871 101532 3.271
1791414808.886 101540 5.244
1791414808.898 101548 3.290
1791414808.912 101556 3.182
1791414808.927 101564 5.003
1791414808.941 101572 5.064
1791414808.957 101580 7.634
1791414808.970 101588 7.168
1791414808.984 101596 7.114
1791414808.997 101604 5.586
1791414809.012 101612 8.231
1791414809.025 101620 6.929
1791414809.040 101628 8.530
1791414809.050 101636 5.010
1791414809.062 101644 3.255
1791414809.076 101652 3.376
1791414809.094 101660 7.597
1791414809.107 101668 7.460
1791414809.125 101676 9.357
1791414809.130 101684 3.077
1791414809.144 101692 3.303
1791414809.159 101700 4.177
1791414809.171 101708 3.233
1791414809.191 101716 8.362
1791414809.207 101724 9.075
1791414809.212 101732 3.293
1791414809.226 101740 3.239
1791414809.240 101748 3.142
1791414809.253 101756 3.007
1791414809.267 101764 3.098
1791414809.281 101772 3.097
1791414809.295 101780 3.286
1791414809.308 101788 3.126
1791414809.322 101796 3.039
1791414809.336 101804 3.296
1791414809.349 101812 3.190
1791414809.363 101820 3.190
1791414809.376 101828 3.194
1791414809.393 101836 6.033
1791414809.408 101844 7.237
1791414809.421 101852 6.647
1791414809.437 101860 8.491
1791414809.450 101868 8.184
1791414809.464 101876 8.206
1791414809.478 101884 8.575
1791414809.491 101892 8.191
1791414809.505 101900 8.265
1791414809.518 101908 8.162
1791414809.532 101916 8.307
1791414809.549 101924 9.363
1791414809.554 101932 3.181
1791414809.568 101940 3.171
1791414809.582 101948 3.367
1791414809.595 101956 3.083
1791414809.609 101964 3.151
1791414809.623 101972 3.067
1791414809.636 101980 3.043
1791414809.650 101988 3.247
1791414809.666 101996 5.669
1791414809.681 102004 7.291
1791414809.697 102012 9.050
1791414809.710 102020 8.180
1791414809.724 102028 8.314
1791414809.737 102036 8.118
1791414809.751 102044 8.249
1791414809.764 102052 8.167
1791414809.778 102060 8.216
1791414809.793 102068 9.299
1791414809.806 102076 8.271
1791414809.819 102084 8.083
1791414809.835 102092 10.614
1791414809.847 102100 8.133
1791414809.860 102108 8.244
1791414809.874 102116 8.269
1791414809.888 102124 8.203
1791414809.901 102132 8.208
1791414809.915 102140 8.203
1791414809.930 102148 9.034
1791414809.944 102156 9.415
1791414809.956 102164 8.158
1791414809.970 102172 8.183
1791414809.983 102180 8.221
1791414809.998 102188 9.092
1791414810.011 102196 8.236
1791414810.025 102204 8.707
1791414810.036 102212 6.370
1791414810.048 102220 4.976
1791414810.064 102228 7.155
1791414810.080 102236 9.331
1791414810.092 102244 7.157
1791414810.107 102252 8.271
1791414810.120 102260 8.280
1791414810.134 102268 8.199
1791414810.151 102276 9.933
1791414810.156 102284 3.116
1791414810.170 102292 3.145
1791414810.183 102300 3.316
1791414810.199 102308 5.053
1791414810.216 102316 8.338
1791414810.231 102324 9.125
1791414810.243 102332 8.268
1791414810.257 102340 8.173
1791414810.270 102348 8.182
1791414810.286 102356 8.279
1791414810.293 102364 3.072
1791414810.306 102372 2.991
1791414810.328 102380 8.406
1791414810.342 102388 4.128
1791414810.362 102396 6.448
1791414810.382 102404 8.464
1791414810.396 102412 4.157
1791414810.417 102420 6.348
1791414810.437 102428 8.562
1791414810.451 102436 4.323
1791414810.472 102444 6.579
1791414810.492 102452 8.406
1791414810.506 102460 4.466
1791414810.526 102468 6.558
1791414810.547 102476 8.577
1791414810.560 102484 4.112
1791414810.581 102492 6.532
1791414810.597 102500 4.144
1791414810.617 102508 6.461
1791414810.638 102516 8.593
1791414810.652 102524 4.264
1791414810.672 102532 6.557
1791414810.692 102540 8.537
1791414810.706 102548 4.177
1791414810.727 102556 6.484
1791414810.747 102564 8.651
1791414810.761 102572 4.356
1791414810.782 102580 6.670
1791414810.802 102588 8.636
1791414810.816 102596 4.175
1791414810.836 102604 6.628
1791414810.857 102612 8.532
1791414810.871 102620 4.459
1791414810.891 102628 6.578
1791414810.911 102636 8.354
1791414810.926 102644 4.554
1791414810.946 102652 6.429
1791414810.966 102660 8.446
1791414810.980 102668 4.222
1791414811.000 102676 6.558
1791414811.021 102684 8.417
1791414811.037 102692 6.503
1791414811.055 102700 6.804
1791414811.075 102708 8.510
1791414811.089 102716 4.365
1791414811.110 102724 6.787
1791414811.130 102732 8.376
1791414811.144 102740 4.669
1791414811.165 102748 6.458
1791414811.185 102756 8.590
1791414811.199 102764 4.338
1791414811.219 102772 6.533
1791414811.240 102780 8.545
1791414811.253 102788 4.214
1791414811.274 102796 6.544
1791414811.294 102804 8.547
1791414811.308 102812 4.187
1791414811.329 102820 6.457
1791414811.349 102828 8.519
1791414811.363 102836 4.454
1791414811.385 102844 8.415
1791414811.399 102852 4.211
1791414811.420 102860 6.477
1791414811.440 102868 8.583
1791414811.454 102876 4.325
1791414811.477 102884 8.496
1791414811.491 102892 4.240
1791414811.511 102900 6.670
1791414811.531 102908 8.485
1791414811.545 102916 4.287
1791414811.566 102924 6.509
1791414811.586 102932 8.551
1791414811.600 102940 4.181
1791414811.620 102948 6.521
1791414811.641 102956 8.487
1791414811.655 102964 4.350
1791414811.675 102972 6.666
1791414811.695 102980 8.393
1791414811.709 102988 4.261
1791414811.730 102996 6.659
1791414811.750 103004 8.475
1791414811.764 103012 4.406
1791414811.785 103020 7.176
1791414811.805 103028 8.783
1791414811.820 103036 5.735
1791414811.839 103044 6.685
1791414811.859 103052 8.495
1791414811.873 103060 4.319
1791414811.894 103068 6.377
1791414811.914 103076 8.412
1791414811.928 103084 4.433
1791414811.949 103092 6.426
1791414811.969 103100 8.448
1791414811.983 103108 4.326
1791414812.003 103116 6.382
1791414812.024 103124 8.456
1791414812.038 103132 4.247
1791414812.058 103140 6.589
1791414812.079 103148 9.312
1791414812.092 103156 4.159
1791414812.113 103164 6.745
1791414812.133 103172 8.416
1791414812.149 103180 6.583
1791414812.169 103188 8.428
1791414812.183 103196 4.140
1791414812.204 103204 6.281
1791414812.224 103212 8.386
1791414812.238 103220 4.129
1791414812.259 103228 6.546
1791414812.279 103236 8.722
1791414812.293 103244 4.200
1791414812.313 103252 6.495
1791414812.333 103260 8.363
1791414812.347 103268 4.172
1791414812.368 103276 6.325
1791414812.388 103284 8.380
1791414812.402 103292 4.078
1791414812.423 103300 6.534
1791414812.443 103308 8.550
1791414812.457 103316 4.376
1791414812.477 103324 6.588
1791414812.498 103332 8.658
1791414812.512 103340 4.230
1791414812.532 103348 6.518
1791414812.552 103356 8.176
1791414812.566 103364 4.141
1791414812.587 103372 6.513
1791414812.607 103380 8.477
1791414812.621 103388 4.275
1791414812.642 103396 6.853
1791414812.662 103404 8.604
1791414812.676 103412 4.423
1791414812.696 103420 6.380
1791414812.716 103428 8.457
1791414812.730 103436 4.209
1791414812.751 103444 6.530
1791414812.771 103452 8.500
1791414812.785 103460 4.366
1791414812.806 103468 6.717
1791414812.826 103476 8.484
1791414812.840 103484 4.468
1791414812.860 103492 6.454
1791414812.881 103500 9.104
1791414812.895 103508 4.279
1791414812.915 103516 6.544
1791414812.936 103524 8.738
1791414812.949 103532 4.154
1791414812.972 103540 8.862
1791414812.990 103548 8.587
1791414813.004 103556 4.277
1791414813.025 103564 6.604
1791414813.045 103572 9.163
1791414813.062 103580 7.786
1791414813.081 103588 8.686
1791414813.095 103596 4.304
1791414813.116 103604 6.594
1791414813.136 103612 8.515
1791414813.151 103620 5.552
1791414813.172 103628 8.474
1791414813.186 103636 4.334
1791414813.207 103644 6.609
1791414813.227 103652 8.464
1791414813.241 103660 4.248
1791414813.262 103668 6.658
1791414813.282 103676 8.645
1791414813.296 103684 4.438
1791414813.317 103692 7.029
1791414813.337 103700 8.635
1791414813.351 103708 4.362
1791414813.371 103716 6.525
1791414813.391 103724 8.355
1791414813.405 103732 4.260
1791414813.426 103740 6.942
1791414813.446 103748 8.542
1791414813.460 103756 4.317
1791414813.480 103764 6.584
1791414813.501 103772 8.476
1791414813.514 103780 4.162
1791414813.535 103788 6.821
1791414813.555 103796 8.500
1791414813.569 103804 4.253
1791414813.590 103812 6.821
1791414813.610 103820 8.597
1791414813.624 103828 4.368
1791414813.645 103836 6.788
1791414813.665 103844 8.412
1791414813.679 103852 4.289
1791414813.700 103860 6.902
1791414813.719 103868 8.577
1791414813.733 103876 4.422
1791414813.755 103884 7.772
1791414813.774 103892 8.684
1791414813.788 103900 4.472
1791414813.809 103908 6.634
1791414813.825 103916 4.596
1791414813.845 103924 6.768
1791414813.866 103932 9.404
1791414813.879 103940 4.218
1791414813.900 103948 6.818
1791414813.920 103956 8.493
1791414813.934 103964 4.246
1791414813.957 103972 8.709
1791414813.970 103980 4.344
1791414813.991 103988 6.743
1791414814.007 103996 4.503
1791414814.030 104004 8.638
1791414814.044 104012 4.521
1791414814.064 104020 6.741
1791414814.084 104028 8.649
1791414814.098 104036 4.397
1791414814.119 104044 6.494
1791414814.139 104052 8.565
1791414814.153 104060 4.375
1791414814.174 104068 6.796
1791414814.191 104076 6.266
1791414814.213 104084 9.411
1791414814.226 104092 4.276
1791414814.246 104100 6.707
1791414814.266 104108 8.583
1791414814.281 104116 4.425
1791414814.301 104124 6.712
1791414814.321 104132 8.483
1791414814.335 104140 4.252
1791414814.356 104148 6.605
1791414814.376 104156 8.518
1791414814.390 104164 4.188
1791414814.411 104172 7.085
1791414814.431 104180 8.937
1791414814.447 104188 6.818
1791414814.463 104196 4.700
1791414814.483 104204 6.563
1791414814.503 104212 8.345
1791414814.517 104220 4.190
1791414814.538 104228 6.560
1791414814.558 104236 8.711
1791414814.572 104244 4.488
1791414814.593 104252 6.946
1791414814.609 104260 4.303
1791414814.629 104268 6.607
1791414814.649 104276 8.440
1791414814.663 104284 4.246
1791414814.686 104292 8.280
1791414814.700 104300 4.317
1791414814.721 104308 6.758
1791414814.741 104316 8.532
1791414814.754 104324 4.191
1791414814.775 104332 6.558
1791414814.795 104340 8.558
1791414814.809 104348 4.236
1791414814.830 104356 6.640
1791414814.850 104364 8.654
1791414814.865 104372 5.675
1791414814.887 104380 8.756
1791414814.900 104388 4.192
1791414814.921 104396 6.594
1791414814.941 104404 8.523
1791414814.955 104412 4.333
1791414814.976 104420 6.552
1791414814.996 104428 8.566
1791414815.010 104436 4.296
1791414815.030 104444 6.619
1791414815.051 104452 8.659
1791414815.067 104460 6.862
1791414815.084 104468 5.718
1791414815.105 104476 8.538
1791414815.119 104484 4.154
1791414815.142 104492 8.844
1791414815.160 104500 8.518
1791414815.174 104508 4.426
1791414815.196 104516 8.519
1791414815.210 104524 4.177
1791414815.231 104532 6.868
1791414815.247 104540 4.334
1791414815.267 104548 6.635
1791414815.288 104556 8.479
1791414815.302 104564 4.319
1791414815.322 104572 6.776
1791414815.342 104580 8.625
1791414815.356 104588 4.261
1791414815.377 104596 6.419
1791414815.397 104604 8.567
1791414815.411 104612 4.208
1791414815.431 104620 6.470
1791414815.452 104628 8.526
1791414815.466 104636 4.236
1791414815.486 104644 6.485
1791414815.506 104652 8.400
1791414815.520 104660 4.230
1791414815.541 104668 6.954
1791414815.562 104676 9.233
1791414815.575 104684 4.248
1791414815.596 104692 6.633
1791414815.616 104700 8.562
1791414815.630 104708 4.272
1791414815.650 104716 6.468
1791414815.670 104724 8.520
1791414815.684 104732 4.162
1791414815.705 104740 6.516
1791414815.725 104748 8.524
1791414815.739 104756 4.208
1791414815.760 104764 6.796
1791414815.780 104772 8.457
1791414815.794 104780 4.211
1791414815.814 104788 6.461
1791414815.835 104796 8.492
1791414815.849 104804 4.884
1791414815.869 104812 6.583
1791414815.889 104820 8.499
1791414815.903 104828 4.244
1791414815.924 104836 6.502
1791414815.944 104844 8.578
1791414815.959 104852 5.559
1791414815.980 104860 8.416
1791414815.994 104868 4.164
1791414816.015 104876 6.462
1791414816.035 104884 8.413
1791414816.049 104892 4.230
1791414816.070 104900 7.025
1791414816.090 104908 8.536
1791414816.104 104916 4.263
1791414816.124 104924 6.702
1791414816.145 104932 8.542
1791414816.159 104940 4.362
1791414816.179 104948 5.419
1791414816.199 104956 8.641
1791414816.213 104964 4.269
1791414816.234 104972 6.565
1791414816.254 104980 8.534
1791414816.268 104988 4.266
1791414816.291 104996 8.602
1791414816.304 105004 4.325
1791414816.325 105012 6.348
1791414816.346 105020 9.265
1791414816.359 105028 4.302
1791414816.380 105036 6.830
1791414816.400 105044 8.717
1791414816.414 105052 4.457
1791414816.434 105060 6.620
1791414816.455 105068 8.545
1791414816.469 105076 4.365
1791414816.489 105084 6.776
1791414816.509 105092 8.581
1791414816.523 105100 4.345
1791414816.545 105108 7.693
1791414816.564 105116 8.511
1791414816.578 105124 4.235
1791414816.598 105132 6.437
1791414816.619 105140 8.434
1791414816.633 105148 4.179
1791414816.653 105156 6.824
1791414816.673 105164 8.443
1791414816.687 105172 4.078
1791414816.708 105180 6.555
1791414816.728 105188 8.536
1791414816.742 105196 4.284
1791414816.765 105204 8.490
1791414816.778 105212 4.104
1791414816.799 105220 6.707
1791414816.819 105228 8.481
1791414816.833 105236 4.165
1791414816.854 105244 6.564
1791414816.874 105252 8.720
1791414816.888 105260 4.398
1791414816.909 105268 6.738
1791414816.929 105276 8.445
1791414816.942 105284 4.109
1791414816.965 105292 8.624
1791414816.979 105300 4.180
1791414817.000 105308 6.496
1791414817.020 105316 8.675
1791414817.034 105324 4.149
1791414817.057 105332 8.950
1791414817.074 105340 8.490
1791414817.088 105348 4.130
1791414817.109 105356 6.648
1791414817.129 105364 8.464
1791414817.143 105372 4.246
1791414817.164 105380 6.743
1791414817.184 105388 8.675
1791414817.198 105396 4.161
1791414817.218 105404 6.502
1791414817.234 105412 4.132
1791414817.255 105420 6.499
1791414817.275 105428 8.484
1791414817.289 105436 4.231
1791414817.309 105444 6.442
1791414817.330 105452 8.583
1791414817.344 105460 4.237
1791414817.364 105468 6.509
1791414817.384 105476 8.447
1791414817.398 105484 4.215
1791414817.421 105492 8.556
1791414817.435 105500 4.292
1791414817.456 105508 6.774
1791414817.476 105516 8.525
1791414817.490 105524 4.159
1791414817.510 105532 6.566
1791414817.530 105540 8.531
1791414817.544 105548 4.266
1791414817.565 105556 6.844
1791414817.585 105564 8.423
1791414817.599 105572 4.125
1791414817.619 105580 6.338
1791414817.640 105588 8.558
1791414817.654 105596 4.496
1791414817.674 105604 6.425
1791414817.694 105612 8.503
1791414817.708 105620 4.112
1791414817.729 105628 6.760
1791414817.749 105636 8.546
1791414817.763 105644 4.156
1791414817.784 105652 6.546
1791414817.804 105660 8.498
1791414817.818 105668 4.113
1791414817.838 105676 6.418
1791414817.858 105684 8.404
1791414817.872 105692 4.112
1791414817.893 105700 6.758
1791414817.913 105708 8.557
1791414817.927 105716 4.190
1791414817.948 105724 7.013
1791414817.968 105732 8.478
1791414817.982 105740 4.180
1791414818.003 105748 6.740
1791414818.023 105756 8.469
1791414818.037 105764 4.208
1791414818.057 105772 6.390
1791414818.077 105780 8.430
1791414818.091 105788 4.197
1791414818.112 105796 6.495
1791414818.132 105804 8.380
1791414818.146 105812 4.187
1791414818.167 105820 6.553
1791414818.187 105828 8.491
1791414818.201 105836 4.200
1791414818.221 105844 6.503
1791414818.242 105852 8.552
1791414818.255 105860 4.282
1791414818.276 105868 6.740
1791414818.296 105876 8.426
1791414818.310 105884 4.210
1791414818.331 105892 6.557
1791414818.351 105900 8.476
1791414818.365 105908 4.108
1791414818.385 105916 6.534
1791414818.406 105924 8.346
1791414818.419 105932 4.181
1791414818.440 105940 6.522
1791414818.460 105948 8.504
1791414818.474 105956 4.153
1791414818.495 105964 6.372
1791414818.515 105972 8.373
1791414818.529 105980 4.126
1791414818.549 105988 6.436
1791414818.570 105996 8.574
1791414818.584 106004 4.190
1791414818.604 106012 6.605
1791414818.620 106020 4.206
1791414818.641 106028 6.514
1791414818.661 106036 8.422
1791414818.676 106044 5.608
1791414818.697 106052 8.436
1791414818.712 106060 4.647
1791414818.732 106068 6.256
1791414818.752 106076 8.527
1791414818.766 106084 4.120
1791414818.790 106092 8.568
1791414818.802 106100 4.133
1791414818.823 106108 6.600
1791414818.843 106116 8.621
1791414818.858 106124 4.579
1791414818.879 106132 7.334
1791414818.898 106140 8.613
1791414818.912 106148 4.290
1791414818.932 106156 6.373
1791414818.953 106164 8.328
1791414818.966 106172 4.067
1791414818.987 106180 6.386
1791414819.008 106188 9.180
1791414819.021 106196 4.120
1791414819.042 106204 6.762
1791414819.062 106212 8.770
1791414819.076 106220 4.158
1791414819.097 106228 6.568
1791414819.117 106236 8.486
1791414819.131 106244 4.094
1791414819.151 106252 6.493
1791414819.171 106260 8.446
1791414819.186 106268 4.517
1791414819.207 106276 7.836
1791414819.226 106284 8.472
1791414819.240 106292 4.481
1791414819.261 106300 6.432
1791414819.281 106308 8.469
1791414819.295 106316 4.092
1791414819.316 106324 7.304
1791414819.336 106332 8.467
1791414819.350 106340 4.318
1791414819.372 106348 8.592
1791414819.386 106356 4.445
1791414819.406 106364 6.440
1791414819.427 106372 8.487
1791414819.441 106380 4.471
1791414819.462 106388 7.538
1791414819.481 106396 8.427
1791414819.495 106404 4.227
1791414819.516 106412 6.520
1791414819.536 106420 8.465
1791414819.550 106428 4.192
1791414819.571 106436 6.482
1791414819.591 106444 8.646
1791414819.605 106452 4.284
1791414819.625 106460 6.498
1791414819.646 106468 8.477
1791414819.660 106476 4.732
1791414819.680 106484 6.563
1791414819.700 106492 8.506
1791414819.714 106500 4.187
1791414819.735 106508 6.499
1791414819.755 106516 8.433
1791414819.769 106524 4.096
1791414819.790 106532 6.552
1791414819.810 106540 8.540
1791414819.824 106548 4.880
1791414819.844 106556 6.610
1791414819.864 106564 8.452
1791414819.879 106572 4.634
1791414819.899 106580 6.638
1791414819.916 106588 5.535
1791414819.935 106596 6.465
1791414819.956 106604 8.487
1791414819.969 106612 4.233
1791414819.990 106620 6.408
1791414820.010 106628 8.539
1791414820.025 106636 4.730
1791414820.045 106644 6.429
1791414820.065 106652 8.548
1791414820.079 106660 4.257
1791414820.099 106668 6.375
1791414820.120 106676 8.451
1791414820.133 106684 4.174
1791414820.155 106692 7.005
1791414820.175 106700 9.035
1791414820.188 106708 4.223
1791414820.209 106716 6.508
1791414820.229 106724 8.429
1791414820.243 106732 4.135
1791414820.264 106740 6.532
1791414820.284 106748 8.593
1791414820.298 106756 4.233
1791414820.319 106764 6.930
1791414820.338 106772 8.438
1791414820.352 106780 4.189
1791414820.373 106788 6.422
1791414820.393 106796 8.478
1791414820.407 106804 4.249
1791414820.429 106812 8.350
1791414820.444 106820 4.311
1791414820.464 106828 6.550
1791414820.484 106836 8.444
1791414820.498 106844 4.251
1791414820.519 106852 6.420
1791414820.535 106860 4.211
1791414820.555 106868 6.393
1791414820.575 106876 8.487
1791414820.589 106884 4.179
1791414820.610 106892 6.425
1791414820.630 106900 8.500
1791414820.644 106908 4.164
1791414820.665 106916 7.034
1791414820.685 106924 8.504
1791414820.699 106932 4.263
1791414820.719 106940 6.542
1791414820.735 106948 4.265
1791414820.756 106956 6.501
1791414820.776 106964 8.409
1791414820.790 106972 4.192
1791414820.811 106980 6.606
1791414820.831 106988 8.567
1791414820.845 106996 4.309
1791414820.865 107004 6.441
1791414820.885 107012 8.441
1791414820.899 107020 4.176
1791414820.920 107028 6.637
1791414820.940 107036 8.733
1791414820.954 107044 4.254
1791414820.975 107052 6.487
1791414820.995 107060 8.501
1791414821.009 107068 4.114
1791414821.029 107076 6.403
1791414821.050 107084 8.561
1791414821.063 107092 4.175
1791414821.084 107100 6.663
1791414821.104 107108 8.576
1791414821.118 107116 4.302
1791414821.139 107124 6.650
1791414821.159 107132 8.662
1791414821.173 107140 4.497
1791414821.193 107148 6.446
1791414821.214 107156 8.879
1791414821.228 107164 4.302
1791414821.249 107172 7.070
1791414821.269 107180 8.610
1791414821.283 107188 4.409
1791414821.303 107196 6.466
1791414821.323 107204 8.472
1791414821.337 107212 4.121
1791414821.358 107220 6.554
1791414821.378 107228 8.564
1791414821.392 107236 4.148
1791414821.412 107244 6.457
1791414821.432 107252 8.400
1791414821.446 107260 4.224
1791414821.467 107268 6.503
1791414821.484 107276 5.422
1791414821.503 107284 6.593
1791414821.524 107292 8.327
1791414821.537 107300 4.095
1791414821.558 107308 6.385
1791414821.578 107316 8.364
1791414821.592 107324 4.158
1791414821.615 107332 8.699
1791414821.629 107340 4.173
1791414821.652 107348 8.886
1791414821.670 107356 8.473
1791414821.683 107364 4.208
1791414821.706 107372 8.787
1791414821.720 107380 4.290
1791414821.741 107388 6.613
1791414821.761 107396 8.411
1791414821.775 107404 4.221
1791414821.795 107412 6.580
1791414821.815 107420 8.546
1791414821.829 107428 4.220
1791414821.852 107436 8.702
1791414821.866 107444 4.578
1791414821.883 107452 3.236
1791414821.905 107460 7.020
1791414821.921 107468 4.385
1791414821.941 107476 6.673
1791414821.961 107484 8.357
1791414821.975 107492 4.150
1791414821.996 107500 6.632
1791414822.016 107508 8.453
1791414822.030 107516 4.411
1791414822.050 107524 6.465
1791414822.071 107532 8.407
1791414822.085 107540 4.467
1791414822.105 107548 6.703
1791414822.125 107556 8.351
1791414822.139 107564 4.116
1791414822.162 107572 8.766
1791414822.180 107580 8.507
1791414822.194 107588 4.327
1791414822.217 107596 8.376
1791414822.231 107604 4.818
1791414822.251 107612 6.646
1791414822.271 107620 8.482
1791414822.285 107628 4.193
1791414822.306 107636 6.417
1791414822.326 107644 8.589
1791414822.340 107652 4.128
1791414822.361 107660 6.756
1791414822.381 107668 8.406
1791414822.395 107676 4.331
1791414822.415 107684 6.455
1791414822.435 107692 8.305
1791414822.449 107700 4.272
1791414822.470 107708 6.588
1791414822.490 107716 8.395
1791414822.504 107724 4.284
1791414822.525 107732 6.858
1791414822.545 107740 8.353
1791414822.559 107748 4.195
1791414822.579 107756 6.608
1791414822.599 107764 8.419
1791414822.613 107772 4.132
1791414822.634 107780 6.464
1791414822.654 107788 8.402
1791414822.668 107796 4.258
1791414822.690 107804 7.950
1791414822.709 107812 8.574
1791414822.723 107820 4.193
1791414822.744 107828 6.742
1791414822.764 107836 8.533
1791414822.778 107844 4.640
1791414822.798 107852 6.461
1791414822.818 107860 8.449
1791414822.832 107868 4.176
1791414822.854 107876 7.548
1791414822.873 107884 8.500
1791414822.887 107892 4.196
1791414822.908 107900 6.678
1791414822.928 107908 8.624
1791414822.942 107916 4.498
1791414822.962 107924 6.796
1791414822.982 107932 8.474
1791414822.996 107940 4.142
1791414823.017 107948 6.573
1791414823.037 107956 8.409
1791414823.051 107964 4.151
1791414823.072 107972 6.956
1791414823.088 107980 4.706
1791414823.108 107988 6.686
1791414823.128 107996 8.527
1791414823.142 108004 4.144
1791414823.163 108012 6.968
1791414823.183 108020 8.493
1791414823.197 108028 4.153
1791414823.218 108036 6.681
1791414823.238 108044 8.513
1791414823.252 108052 4.827
1791414823.272 108060 6.610
1791414823.292 108068 8.551
1791414823.306 108076 4.256
1791414823.327 108084 6.632
1791414823.347 108092 8.447
1791414823.361 108100 4.174
1791414823.382 108108 6.527
1791414823.402 108116 8.402
1791414823.416 108124 4.190
1791414823.436 108132 6.481
1791414823.457 108140 8.699
1791414823.471 108148 4.268
1791414823.492 108156 7.182
1791414823.511 108164 8.528
1791414823.525 108172 4.262
1791414823.546 108180 6.555
1791414823.566 108188 8.391
1791414823.580 108196 4.259
1791414823.600 108204 6.388
1791414823.621 108212 8.398
1791414823.635 108220 4.206
1791414823.655 108228 6.399
1791414823.675 108236 8.391
1791414823.689 108244 4.154
1791414823.710 108252 5.270
1791414823.730 108260 8.436
1791414823.744 108268 4.263
1791414823.765 108276 7.333
1791414823.785 108284 8.424
1791414823.799 108292 4.202
1791414823.819 108300 6.738
1791414823.840 108308 8.651
1791414823.853 108316 4.166
1791414823.874 108324 6.481
1791414823.894 108332 8.462
1791414823.908 108340 4.268
1791414823.929 108348 6.918
1791414823.950 108356 9.124
1791414823.963 108364 4.137
1791414823.983 108372 6.357
1791414824.004 108380 8.963
1791414824.018 108388 4.897
1791414824.038 108396 6.664
1791414824.058 108404 8.442
1791414824.072 108412 4.137
1791414824.093 108420 6.397
1791414824.113 108428 8.543
1791414824.127 108436 4.228
1791414824.149 108444 8.449
1791414824.164 108452 5.200
1791414824.184 108460 6.481
1791414824.205 108468 9.122
1791414824.219 108476 4.934
1791414824.239 108484 6.437
1791414824.259 108492 8.725
1791414824.273 108500 4.108
1791414824.293 108508 6.470
1791414824.314 108516 8.617
1791414824.327 108524 4.223
1791414824.348 108532 6.554
1791414824.368 108540 8.459
1791414824.382 108548 4.161
1791414824.403 108556 7.141
1791414824.423 108564 8.446
1791414824.437 108572 4.120
1791414824.457 108580 6.406
1791414824.478 108588 8.413
1791414824.492 108596 4.168
1791414824.512 108604 6.753
1791414824.532 108612 8.476
1791414824.546 108620 4.160
1791414824.569 108628 8.674
1791414824.583 108636 4.218
1791414824.603 108644 6.497
1791414824.623 108652 8.461
1791414824.637 108660 4.146
1791414824.658 108668 6.759
1791414824.678 108676 8.349
1791414824.692 108684 4.125
1791414824.713 108692 6.448
1791414824.733 108700 8.721
1791414824.747 108708 4.309
1791414824.768 108716 6.628
1791414824.788 108724 8.452
1791414824.802 108732 4.916
1791414824.822 108740 6.512
1791414824.842 108748 8.451
1791414824.857 108756 4.617
1791414824.877 108764 6.637
1791414824.897 108772 8.635
1791414824.911 108780 4.262
1791414824.931 108788 6.469
1791414824.952 108796 8.723
1791414824.966 108804 4.170
1791414824.986 108812 6.499
1791414825.007 108820 8.561
1791414825.021 108828 4.503
1791414825.041 108836 6.482
1791414825.061 108844 8.511
1791414825.075 108852 4.293
1791414825.097 108860 7.705
1791414825.116 108868 8.388
1791414825.130 108876 4.190
1791414825.151 108884 7.237
1791414825.170 108892 8.411
1791414825.184 108900 4.170
1791414825.205 108908 6.435
1791414825.225 108916 8.407
1791414825.239 108924 4.092
1791414825.260 108932 6.546
1791414825.280 108940 8.570
1791414825.294 108948 4.125
1791414825.314 108956 6.538
1791414825.335 108964 8.442
1791414825.349 108972 4.722
1791414825.371 108980 8.153
1791414825.389 108988 8.430
1791414825.403 108996 4.202
1791414825.424 109004 6.801
1791414825.444 109012 8.426
1791414825.458 109020 4.259
1791414825.479 109028 6.555
1791414825.499 109036 8.544
1791414825.515 109044 6.592
1791414825.535 109052 8.436
1791414825.552 109060 6.557
1791414825.567 109068 4.198
1791414825.588 109076 7.034
1791414825.608 109084 8.419
1791414825.622 109092 4.329
1791414825.643 109100 6.475
1791414825.663 109108 8.625
1791414825.677 109116 4.446
1791414825.697 109124 6.539
1791414825.712 109132 3.180
1791414825.734 109140 6.961
1791414825.754 109148 8.410
1791414825.768 109156 4.160
1791414825.788 109164 6.426
1791414825.809 109172 8.472
1791414825.823 109180 4.255
1791414825.843 109188 6.430
1791414825.863 109196 8.503
1791414825.877 109204 4.216
1791414825.898 109212 6.528
1791414825.914 109220 4.282
1791414825.934 109228 6.503
1791414825.955 109236 8.451
1791414825.968 109244 4.149
1791414825.989 109252 6.429
1791414826.009 109260 8.536
1791414826.023 109268 4.203
1791414826.044 109276 6.874
1791414826.061 109284 5.475
1791414826.082 109292 8.334
1791414826.096 109300 4.193
1791414826.119 109308 8.775
1791414826.137 109316 8.549
1791414826.151 109324 4.376
1791414826.171 109332 6.402
1791414826.192 109340 8.565
1791414826.206 109348 4.198
1791414826.226 109356 6.445
1791414826.246 109364 8.394
1791414826.260 109372 4.161
1791414826.281 109380 6.551
1791414826.301 109388 8.492
1791414826.315 109396 4.383
1791414826.335 109404 6.453
1791414826.356 109412 8.324
1791414826.370 109420 4.551
1791414826.390 109428 6.415
1791414826.410 109436 8.406
1791414826.424 109444 4.244
1791414826.445 109452 6.543
1791414826.465 109460 8.405
1791414826.479 109468 4.227
1791414826.500 109476 6.414
1791414826.520 109484 8.427
1791414826.534 109492 4.356
1791414826.554 109500 6.434
1791414826.575 109508 8.989
1791414826.589 109516 4.875
1791414826.609 109524 6.404
1791414826.629 109532 8.479
1791414826.643 109540 4.158
1791414826.666 109548 8.711
1791414826.684 109556 8.429
1791414826.698 109564 4.189
1791414826.719 109572 6.528
1791414826.739 109580 8.464
1791414826.753 109588 4.225
1791414826.773 109596 6.653
1791414826.793 109604 8.361
1791414826.807 109612 4.348
1791414826.828 109620 6.678
1791414826.848 109628 8.531
1791414826.862 109636 4.385
1791414826.883 109644 6.431
1791414826.903 109652 8.657
1791414826.917 109660 4.190
1791414826.937 109668 6.584
1791414826.958 109676 8.519
1791414826.971 109684 4.276
1791414826.992 109692 6.419
1791414827.012 109700 8.467
1791414827.026 109708 4.249
1791414827.047 109716 6.993
1791414827.067 109724 8.402
1791414827.081 109732 4.264
1791414827.101 109740 6.440
1791414827.122 109748 8.565
1791414827.136 109756 4.256
1791414827.156 109764 6.371
1791414827.176 109772 8.424
1791414827.190 109780 4.114
1791414827.211 109788 6.672
1791414827.231 109796 8.577
1791414827.245 109804 4.341
1791414827.266 109812 7.162
1791414827.286 109820 8.394
1791414827.300 109828 4.218
1791414827.320 109836 6.663
1791414827.336 109844 4.119
1791414827.357 109852 6.846
1791414827.375 109860 6.608
1791414827.393 109868 6.529
1791414827.413 109876 8.474
1791414827.427 109884 4.375
1791414827.450 109892 8.661
1791414827.464 109900 4.264
1791414827.484 109908 6.593
1791414827.505 109916 8.466
1791414827.518 109924 4.163
1791414827.539 109932 6.338
1791414827.559 109940 8.379
1791414827.573 109948 4.273
1791414827.594 109956 6.934
1791414827.614 109964 8.581
1791414827.628 109972 4.378
1791414827.649 109980 6.686
1791414827.669 109988 8.965
1791414827.685 109996 6.842
1791414827.702 110004 5.578
1791414827.723 110012 8.400
1791414827.737 110020 4.346
1791414827.760 110028 8.401
1791414827.774 110036 4.109
1791414827.794 110044 6.399
1791414827.815 110052 8.663
1791414827.833 110060 8.677
1791414827.847 110068 4.427
1791414827.868 110076 7.275
1791414827.883 110084 4.430
1791414827.904 110092 7.068
1791414827.924 110100 8.429
1791414827.938 110108 4.293
1791414827.958 110116 6.457
1791414827.979 110124 8.595
1791414827.993 110132 4.246
1791414828.013 110140 6.393
1791414828.034 110148 9.182
1791414828.047 110156 4.146
1791414828.070 110164 8.728
1791414828.084 110172 4.204
1791414828.105 110180 7.467
1791414828.125 110188 8.703
1791414828.138 110196 4.101
1791414828.161 110204 8.607
1791414828.179 110212 8.251
1791414828.193 110220 4.114
1791414828.214 110228 6.392
1791414828.234 110236 8.478
1791414828.248 110244 4.301
1791414828.269 110252 6.622
1791414828.289 110260 8.494
1791414828.303 110268 4.397
1791414828.323 110276 6.568
1791414828.343 110284 8.318
1791414828.357 110292 4.241
1791414828.378 110300 6.509
1791414828.398 110308 8.511
1791414828.414 110316 6.436
1791414828.434 110324 8.393
1791414828.448 110332 4.191
1791414828.469 110340 6.759
1791414828.489 110348 8.432
1791414828.503 110356 4.248
1791414828.524 110364 6.368
1791414828.544 110372 8.700
1791414828.558 110380 4.106
1791414828.578 110388 6.532
1791414828.599 110396 8.556
1791414828.613 110404 4.270
1791414828.633 110412 6.651
1791414828.653 110420 8.495
1791414828.667 110428 4.183
1791414828.688 110436 6.361
1791414828.708 110444 8.431
1791414828.722 110452 4.129
1791414828.742 110460 6.478
1791414828.763 110468 8.567
1791414828.777 110476 4.111
1791414828.797 110484 6.485
1791414828.817 110492 8.445
1791414828.831 110500 4.186
1791414828.852 110508 6.620
1791414828.872 110516 8.393
1791414828.886 110524 4.144
1791414828.907 110532 6.721
1791414828.927 110540 8.557
1791414828.941 110548 4.288
1791414828.961 110556 6.618
1791414828.982 110564 8.521
1791414828.995 110572 4.132
1791414829.016 110580 6.538
1791414829.036 110588 8.488
1791414829.050 110596 4.204
1791414829.071 110604 6.510
1791414829.091 110612 8.458
1791414829.106 110620 4.959
1791414829.125 110628 6.580
1791414829.146 110636 8.360
1791414829.160 110644 4.223
1791414829.180 110652 6.663
1791414829.200 110660 8.506
1791414829.214 110668 4.161
1791414829.235 110676 6.376
1791414829.255 110684 8.408
1791414829.269 110692 4.323
1791414829.289 110700 6.452
1791414829.310 110708 8.545
1791414829.324 110716 4.193
1791414829.344 110724 6.463
1791414829.364 110732 8.487
1791414829.378 110740 4.133
1791414829.399 110748 6.707
1791414829.419 110756 8.598
1791414829.433 110764 4.152
1791414829.456 110772 8.961
1791414829.474 110780 8.668
1791414829.488 110788 4.160
1791414829.508 110796 6.359
1791414829.528 110804 8.380
1791414829.543 110812 4.284
1791414829.563 110820 6.765
1791414829.583 110828 8.505
1791414829.597 110836 4.161
1791414829.618 110844 6.432
1791414829.638 110852 8.515
1791414829.652 110860 4.307
1791414829.672 110868 6.531
1791414829.693 110876 8.489
1791414829.707 110884 4.214
1791414829.728 110892 6.915
1791414829.748 110900 8.643
1791414829.761 110908 4.256
1791414829.782 110916 6.371
1791414829.802 110924 8.511
1791414829.816 110932 4.342
1791414829.837 110940 6.520
1791414829.857 110948 8.409
1791414829.871 110956 4.247
1791414829.891 110964 6.553
1791414829.912 110972 8.580
1791414829.926 110980 4.350
1791414829.946 110988 6.597
1791414829.962 110996 4.343
1791414829.982 111004 6.512
1791414830.003 111012 8.501
1791414830.017 111020 4.248
1791414830.037 111028 6.547
1791414830.058 111036 8.700
1791414830.072 111044 4.909
1791414830.092 111052 6.548
1791414830.112 111060 8.594
1791414830.126 111068 4.187
1791414830.147 111076 6.527
1791414830.167 111084 8.431
1791414830.182 111092 5.621
1791414830.203 111100 8.495
1791414830.217 111108 4.173
1791414830.238 111116 6.369
1791414830.258 111124 8.468
1791414830.272 111132 4.336
1791414830.295 111140 8.775
1791414830.313 111148 8.386
1791414830.334 111156 5.184
1791414830.362 111164 5.048
1791414830.389 111172 5.077
1791414830.416 111180 5.163
1791414830.444 111188 5.187
1791414830.471 111196 5.214
1791414830.498 111204 5.091
1791414830.526 111212 5.199
1791414830.553 111220 5.240
1791414830.580 111228 5.070
1791414830.608 111236 5.091
1791414830.636 111244 5.356
1791414830.663 111252 5.154
1791414830.690 111260 5.199
1791414830.717 111268 5.066
1791414830.745 111276 5.182
1791414830.772 111284 5.055
1791414830.799 111292 5.128
1791414830.827 111300 5.280
1791414830.854 111308 5.207
1791414830.882 111316 5.329
1791414830.909 111324 5.080
1791414830.936 111332 5.201
1791414830.964 111340 5.395
1791414830.991 111348 5.135
1791414831.018 111356 5.216
1791414831.045 111364 5.101
1791414831.074 111372 6.605
1791414831.100 111380 5.220
1791414831.127 111388 5.086
1791414831.155 111396 5.203
1791414831.183 111404 5.968
1791414831.210 111412 5.153
1791414831.237 111420 5.188
1791414831.264 111428 5.239
1791414831.292 111436 5.138
1791414831.319 111444 5.211
1791414831.347 111452 5.232
1791414831.374 111460 5.206
1791414831.401 111468 5.169
1791414831.429 111476 5.339
1791414831.456 111484 5.328
1791414831.483 111492 5.162
1791414831.511 111500 5.860
1791414831.538 111508 5.285
1791414831.565 111516 5.238
1791414831.593 111524 5.193
1791414831.620 111532 5.224
1791414831.648 111540 6.073
1791414831.675 111548 5.207
1791414831.702 111556 5.092
1791414831.729 111564 5.160
1791414831.757 111572 5.203
1791414831.784 111580 5.219
1791414831.811 111588 5.238
1791414831.839 111596 5.261
1791414831.867 111604 6.170
1791414831.893 111612 5.122
1791414831.921 111620 5.279
1791414831.948 111628 5.161
1791414831.976 111636 5.239
1791414832.003 111644 5.324
1791414832.030 111652 5.115
1791414832.057 111660 5.083
1791414832.085 111668 5.279
1791414832.112 111676 5.130
1791414832.140 111684 5.443
1791414832.167 111692 5.236
1791414832.194 111700 5.270
1791414832.222 111708 5.101
1791414832.249 111716 5.145
1791414832.276 111724 5.239
1791414832.304 111732 5.228
1791414832.331 111740 5.122
1791414832.358 111748 5.199
1791414832.386 111756 5.335
1791414832.413 111764 5.235
1791414832.440 111772 5.155
1791414832.468 111780 5.171
1791414832.495 111788 5.180
1791414832.522 111796 5.203
1791414832.550 111804 5.202
1791414832.577 111812 5.218
1791414832.605 111820 5.303
1791414832.632 111828 5.295
1791414832.659 111836 5.148
1791414832.687 111844 5.199
1791414832.714 111852 5.351
1791414832.741 111860 5.198
1791414832.769 111868 5.239
1791414832.796 111876 5.311
1791414832.823 111884 5.098
1791414832.851 111892 5.179
1791414832.878 111900 5.196
1791414832.906 111908 5.220
1791414832.933 111916 5.250
1791414832.960 111924 5.318
1791414832.987 111932 5.080
1791414833.015 111940 5.294
1791414833.042 111948 5.135
1791414833.070 111956 5.173
1791414833.097 111964 5.245
1791414833.124 111972 5.256
1791414833.152 111980 5.447
1791414833.179 111988 5.145
1791414833.206 111996 5.219
1791414833.234 112004 5.055
1791414833.261 112012 5.060
1791414833.288 112020 5.145
1791414833.316 112028 5.200
1791414833.343 112036 5.330
1791414833.370 112044 5.232
1791414833.398 112052 5.458
1791414833.425 112060 5.220
1791414833.453 112068 5.232
1791414833.480 112076 5.341
1791414833.507 112084 5.245
1791414833.535 112092 5.301
1791414833.563 112100 6.485
1791414833.589 112108 5.384
1791414833.617 112116 5.292
1791414833.644 112124 5.237
1791414833.671 112132 5.143
1791414833.699 112140 5.171
1791414833.726 112148 5.197
1791414833.753 112156 5.180
1791414833.781 112164 5.168
1791414833.808 112172 5.313
1791414833.835 112180 5.290
1791414833.863 112188 5.747
1791414833.890 112196 5.351
1791414833.918 112204 5.290
1791414833.945 112212 5.238
1791414833.972 112220 5.264
1791414834.000 112228 5.170
1791414834.027 112236 5.400
1791414834.054 112244 5.201
1791414834.082 112252 5.730
1791414834.109 112260 5.180
1791414834.136 112268 5.187
1791414834.164 112276 5.210
1791414834.191 112284 5.128
1791414834.220 112292 6.894
1791414834.246 112300 5.669
1791414834.273 112308 5.263
1791414834.300 112316 5.260
1791414834.328 112324 5.024
1791414834.355 112332 5.069
1791414834.382 112340 5.061
1791414834.410 112348 5.241
1791414834.437 112356 5.295
1791414834.465 112364 5.538
1791414834.492 112372 5.206
1791414834.519 112380 5.242
1791414834.546 112388 5.081
1791414834.574 112396 5.198
1791414834.601 112404 5.262
1791414834.629 112412 5.304
1791414834.656 112420 5.352
1791414834.683 112428 5.097
1791414834.711 112436 5.632
1791414834.738 112444 5.136
1791414834.765 112452 5.023
1791414834.793 112460 5.196
1791414834.820 112468 5.075
1791414834.847 112476 5.096
1791414834.875 112484 5.281
1791414834.902 112492 5.223
1791414834.930 112500 5.798
1791414834.957 112508 5.205
1791414834.984 112516 5.235
1791414835.011 112524 5.059
1791414835.039 112532 5.195
1791414835.066 112540 5.264
1791414835.094 112548 5.158
1791414835.121 112556 5.250
1791414835.148 112564 5.070
1791414835.176 112572 5.256
1791414835.203 112580 5.146
1791414835.230 112588 5.230
1791414835.258 112596 5.241
1791414835.285 112604 5.431
1791414835.312 112612 5.283
1791414835.340 112620 5.213
1791414835.367 112628 5.212
1791414835.394 112636 5.234
1791414835.422 112644 5.239
1791414835.449 112652 5.238
1791414835.476 112660 5.094
1791414835.504 112668 5.201
1791414835.531 112676 5.044
1791414835.559 112684 5.121
1791414835.586 112692 5.181
1791414835.613 112700 5.182
1791414835.641 112708 5.221
1791414835.668 112716 5.162
1791414835.695 112724 5.292
1791414835.723 112732 5.270
1791414835.750 112740 5.154
1791414835.777 112748 5.049
1791414835.805 112756 5.302
1791414835.832 112764 5.159
1791414835.859 112772 5.222
1791414835.887 112780 5.309
1791414835.915 112788 6.200
1791414835.942 112796 5.271
1791414835.969 112804 5.195
1791414835.996 112812 5.249
1791414836.024 112820 5.206
1791414836.051 112828 5.076
1791414836.078 112836 5.170
1791414836.106 112844 5.167
1791414836.133 112852 5.115
1791414836.160 112860 5.122
1791414836.188 112868 5.317
1791414836.215 112876 5.168
1791414836.242 112884 5.204
1791414836.270 112892 5.138
1791414836.297 112900 5.145
1791414836.324 112908 5.083
1791414836.352 112916 5.102
1791414836.379 112924 5.267
1791414836.406 112932 5.133
1791414836.434 112940 5.143
1791414836.461 112948 5.179
1791414836.489 112956 5.235
1791414836.516 112964 5.119
1791414836.543 112972 5.359
1791414836.571 112980 5.134
1791414836.598 112988 5.350
1791414836.625 112996 5.240
1791414836.653 113004 5.264
1791414836.680 113012 5.193
1791414836.707 113020 5.200
1791414836.735 113028 5.209
1791414836.762 113036 5.151
1791414836.791 113044 6.962
1791414836.817 113052 5.275
1791414836.844 113060 5.181
1791414836.872 113068 5.196
1791414836.899 113076 5.105
1791414836.926 113084 5.223
1791414836.954 113092 5.200
1791414836.981 113100 5.428
1791414837.008 113108 5.272
1791414837.036 113116 5.294
1791414837.063 113124 5.435
1791414837.090 113132 5.189
1791414837.118 113140 5.757
1791414837.145 113148 5.170
1791414837.172 113156 5.325
1791414837.200 113164 5.064
1791414837.227 113172 5.182
1791414837.254 113180 5.121
1791414837.282 113188 5.088
1791414837.309 113196 5.063
1791414837.336 113204 5.132
1791414837.364 113212 5.208
1791414837.391 113220 5.186
1791414837.419 113228 5.266
1791414837.446 113236 5.167
1791414837.473 113244 5.095
1791414837.501 113252 5.134
1791414837.528 113260 5.122
1791414837.555 113268 5.208
1791414837.582 113276 5.147
1791414837.610 113284 5.000
1791414837.637 113292 5.123
1791414837.665 113300 5.122
1791414837.692 113308 5.180
1791414837.719 113316 5.186
1791414837.747 113324 5.144
1791414837.774 113332 5.196
1791414837.801 113340 5.280
1791414837.829 113348 5.173
1791414837.856 113356 5.170
1791414837.883 113364 5.142
1791414837.911 113372 5.183
1791414837.938 113380 5.148
1791414837.966 113388 5.241
1791414837.993 113396 5.243
1791414838.022 113404 7.436
1791414838.051 113412 8.631
1791414838.078 113420 8.675
1791414838.106 113428 8.472
1791414838.133 113436 8.470
1791414838.160 113444 8.490
1791414838.188 113452 8.742
1791414838.215 113460 8.514
1791414838.243 113468 8.662
1791414838.270 113476 8.433
1791414838.297 113484 8.659
1791414838.324 113492 8.495
1791414838.352 113500 8.758
1791414838.379 113508 8.323
1791414838.407 113516 8.581
1791414838.434 113524 8.597
1791414838.461 113532 8.705
1791414838.489 113540 8.464
1791414838.516 113548 8.625
1791414838.543 113556 8.563
1791414838.571 113564 8.692
1791414838.598 113572 8.441
1791414838.625 113580 8.440
1791414838.653 113588 8.688
1791414838.680 113596 8.392
1791414838.707 113604 8.446
1791414838.735 113612 8.610
1791414838.762 113620 8.521
1791414838.789 113628 8.538
1791414838.817 113636 8.582
1791414838.844 113644 8.613
1791414838.872 113652 8.871
1791414838.899 113660 8.591
1791414838.926 113668 8.647
1791414838.954 113676 8.636
1791414838.981 113684 8.544
1791414839.008 113692 8.546
1791414839.036 113700 8.609
1791414839.063 113708 8.713
1791414839.090 113716 8.626
1791414839.118 113724 8.978
1791414839.145 113732 8.520
1791414839.172 113740 8.667
1791414839.200 113748 8.536
1791414839.227 113756 8.632
1791414839.255 113764 8.791
1791414839.282 113772 8.666
1791414839.309 113780 8.695
1791414839.336 113788 8.535
1791414839.364 113796 8.633
1791414839.391 113804 8.552
1791414839.418 113812 8.510
1791414839.446 113820 8.583
1791414839.473 113828 8.801
1791414839.501 113836 8.653
1791414839.528 113844 8.643
1791414839.555 113852 8.604
1791414839.583 113860 8.603
1791414839.610 113868 8.697
1791414839.637 113876 8.441
1791414839.665 113884 9.028
1791414839.692 113892 8.590
1791414839.719 113900 8.620
1791414839.747 113908 8.695
1791414839.774 113916 8.628
1791414839.802 113924 8.696
1791414839.829 113932 8.660
1791414839.856 113940 8.613
1791414839.884 113948 8.959
1791414839.911 113956 8.576
1791414839.938 113964 8.488
1791414839.966 113972 8.647
1791414839.993 113980 8.796
1791414840.020 113988 8.565
1791414840.048 113996 8.568
1791414840.075 114004 8.680
1791414840.102 114012 8.526
1791414840.130 114020 8.558
1791414840.157 114028 8.494
1791414840.184 114036 8.633
1791414840.212 114044 8.468
1791414840.239 114052 8.811
1791414840.267 114060 8.650
1791414840.294 114068 8.650
1791414840.321 114076 8.475
1791414840.349 114084 8.581
1791414840.376 114092 8.738
1791414840.403 114100 8.866
1791414840.431 114108 8.601
1791414840.458 114116 8.718
1791414840.485 114124 8.586
1791414840.513 114132 8.488
1791414840.540 114140 8.588
1791414840.567 114148 8.638
1791414840.595 114156 9.041
1791414840.622 114164 8.573
1791414840.649 114172 8.533
1791414840.677 114180 8.538
1791414840.704 114188 8.592
1791414840.731 114196 8.613
1791414840.759 114204 8.542
1791414840.786 114212 8.613
1791414840.814 114220 9.263
1791414840.841 114228 8.550
1791414840.868 114236 8.671
1791414840.896 114244 8.604
1791414840.923 114252 8.393
1791414840.950 114260 8.700
1791414840.978 114268 8.639
1791414841.005 114276 8.741
1791414841.032 114284 8.583
1791414841.060 114292 8.582
1791414841.087 114300 8.703
1791414841.114 114308 8.504
1791414841.142 114316 8.581
1791414841.169 114324 8.692
1791414841.196 114332 8.574
1791414841.224 114340 8.555
1791414841.251 114348 8.416
1791414841.278 114356 8.559
1791414841.306 114364 8.482
1791414841.333 114372 8.478
1791414841.361 114380 8.713
1791414841.388 114388 8.742
1791414841.415 114396 8.784
1791414841.443 114404 8.502
1791414841.470 114412 8.522
1791414841.498 114420 9.472
1791414841.525 114428 8.720
1791414841.552 114436 8.689
1791414841.579 114444 8.470
1791414841.607 114452 8.560
1791414841.634 114460 8.794
1791414841.661 114468 8.635
1791414841.689 114476 8.691
1791414841.716 114484 8.677
1791414841.743 114492 8.540
1791414841.771 114500 8.916
1791414841.798 114508 8.679
1791414841.826 114516 8.752
1791414841.853 114524 8.939
1791414841.880 114532 8.842
1791414841.908 114540 8.702
1791414841.935 114548 8.741
1791414841.963 114556 9.064
1791414841.990 114564 8.839
1791414842.017 114572 8.729
1791414842.044 114580 8.664
1791414842.072 114588 8.717
1791414842.099 114596 8.930
1791414842.126 114604 8.603
1791414842.154 114612 8.790
1791414842.182 114620 9.131
1791414842.209 114628 8.686
1791414842.236 114636 8.893
1791414842.264 114644 9.128
1791414842.290 114652 8.578
1791414842.318 114660 8.781
1791414842.345 114668 8.593
1791414842.372 114676 8.510
1791414842.400 114684 8.535
1791414842.427 114692 8.529
1791414842.455 114700 9.195
1791414842.482 114708 8.739
1791414842.509 114716 8.475
1791414842.537 114724 8.601
1791414842.565 114732 9.676
1791414842.591 114740 8.433
1791414842.619 114748 8.617
1791414842.646 114756 8.585
1791414842.673 114764 8.547
1791414842.701 114772 8.484
1791414842.728 114780 8.671
1791414842.756 114788 8.791
1791414842.783 114796 8.427
1791414842.810 114804 8.538
1791414842.838 114812 8.699
1791414842.865 114820 8.710
1791414842.894 114828 10.413
1791414842.920 114836 8.630
1791414842.947 114844 8.571
1791414842.974 114852 8.562
1791414843.002 114860 8.663
1791414843.029 114868 8.622
1791414843.056 114876 8.576
1791414843.084 114884 8.581
1791414843.111 114892 8.589
1791414843.139 114900 8.778
1791414843.166 114908 8.550
1791414843.193 114916 8.481
1791414843.220 114924 8.608
1791414843.248 114932 8.568
1791414843.275 114940 8.485
1791414843.303 114948 8.647
1791414843.330 114956 8.435
1791414843.357 114964 8.602
1791414843.385 114972 8.689
1791414843.412 114980 8.801
1791414843.439 114988 8.805
1791414843.467 114996 8.803
1791414843.494 115004 8.687
1791414843.522 115012 8.806
1791414843.549 115020 8.601
1791414843.576 115028 8.692
1791414843.603 115036 8.674
1791414843.631 115044 8.721
1791414843.658 115052 8.698
1791414843.685 115060 8.505
1791414843.713 115068 8.596
1791414843.740 115076 8.577
1791414843.767 115084 8.583
1791414843.795 115092 8.807
1791414843.822 115100 8.563
1791414843.850 115108 8.674
1791414843.877 115116 8.733
1791414843.904 115124 8.696
1791414843.931 115132 8.494
1791414843.959 115140 8.558
1791414843.986 115148 8.571
1791414844.014 115156 8.540
1791414844.041 115164 8.533
1791414844.068 115172 8.582
1791414844.096 115180 8.623
1791414844.123 115188 8.706
1791414844.151 115196 8.763
1791414844.178 115204 9.060
1791414844.205 115212 8.737
1791414844.232 115220 8.500
1791414844.260 115228 8.736
1791414844.287 115236 8.645
1791414844.315 115244 8.681
1791414844.342 115252 8.423
1791414844.369 115260 8.524
1791414844.396 115268 8.420
1791414844.424 115276 8.449
1791414844.451 115284 8.804
1791414844.479 115292 8.625
1791414844.506 115300 8.893
1791414844.533 115308 8.435
1791414844.561 115316 8.549
1791414844.588 115324 8.379
1791414844.616 115332 8.790
1791414844.643 115340 8.813
1791414844.670 115348 8.544
1791414844.697 115356 8.608
1791414844.725 115364 8.506
1791414844.752 115372 8.508
1791414844.779 115380 8.500
1791414844.807 115388 8.577
1791414844.834 115396 8.590
1791414844.862 115404 8.619
1791414844.889 115412 8.612
1791414844.916 115420 8.615
1791414844.944 115428 8.775
1791414844.971 115436 8.496
1791414844.998 115444 8.517
1791414845.025 115452 8.409
1791414845.053 115460 8.659
1791414845.080 115468 8.728
1791414845.108 115476 8.604
1791414845.135 115484 8.625
1791414845.162 115492 8.657
1791414845.190 115500 8.555
1791414845.217 115508 8.545
1791414845.244 115516 8.461
1791414845.272 115524 8.398
1791414845.299 115532 8.451
1791414845.326 115540 8.455
1791414845.354 115548 8.748
1791414845.381 115556 8.782
1791414845.409 115564 8.678
1791414845.436 115572 8.557
1791414845.463 115580 8.646
1791414845.491 115588 8.645
1791414845.518 115596 8.670
1791414845.545 115604 8.773
1791414845.573 115612 8.586
1791414845.600 115620 8.585
1791414845.627 115628 8.518
1791414845.655 115636 8.469
1791414845.682 115644 8.600
1791414845.709 115652 8.589
1791414845.737 115660 8.498
1791414845.765 115668 9.530
1791414845.791 115676 8.618
1791414845.819 115684 8.439
1791414845.846 115692 8.542
1791414845.873 115700 8.538
1791414845.902 115708 9.059
1791414845.928 115716 8.496
1791414845.956 115724 8.563
1791414845.983 115732 8.601
1791414846.010 115740 8.775
1791414846.038 115748 8.528
1791414846.065 115756 8.591
1791414846.092 115764 8.605
1791414846.120 115772 8.431
1791414846.147 115780 8.463
1791414846.174 115788 8.634
1791414846.203 115796 9.009
1791414846.229 115804 8.583
1791414846.257 115812 8.795
1791414846.284 115820 8.412
1791414846.311 115828 8.791
1791414846.338 115836 8.557
1791414846.366 115844 8.530
1791414846.393 115852 8.752
1791414846.421 115860 8.701
1791414846.448 115868 8.614
1791414846.475 115876 8.632
1791414846.503 115884 8.876
1791414846.530 115892 8.830
1791414846.557 115900 8.611
1791414846.585 115908 8.428
1791414846.612 115916 8.594
1791414846.639 115924 8.683
1791414846.667 115932 8.557
1791414846.694 115940 8.559
1791414846.721 115948 8.627
1791414846.751 115956 8.927
1791414846.773 115964 5.192
1791414846.800 115972 5.082
1791414846.827 115980 5.190
1791414846.855 115988 5.102
1791414846.882 115996 5.198
1791414846.909 116004 5.171
1791414846.937 116012 5.198
1791414846.964 116020 5.181
1791414846.992 116028 5.426
1791414847.019 116036 5.171
1791414847.046 116044 5.186
1791414847.074 116052 5.169
1791414847.101 116060 5.226
1791414847.128 116068 5.164
1791414847.156 116076 5.157
1791414847.183 116084 5.091
1791414847.210 116092 5.141
1791414847.238 116100 5.228
1791414847.265 116108 5.125
1791414847.292 116116 5.170
1791414847.320 116124 5.263
1791414847.347 116132 5.131
1791414847.374 116140 5.020
1791414847.402 116148 5.106
1791414847.429 116156 5.211
1791414847.457 116164 5.254
1791414847.484 116172 5.156
1791414847.511 116180 5.305
1791414847.539 116188 5.185
1791414847.566 116196 5.099
1791414847.593 116204 5.215
1791414847.621 116212 5.117
1791414847.648 116220 5.218
1791414847.675 116228 5.104
1791414847.703 116236 5.151
1791414847.730 116244 5.062
1791414847.757 116252 5.099
1791414847.785 116260 5.037
1791414847.812 116268 5.037
1791414847.839 116276 5.192
1791414847.867 116284 5.130
1791414847.894 116292 5.159
1791414847.921 116300 5.150
1791414847.949 116308 5.470
1791414847.976 116316 5.152
1791414848.003 116324 5.067
1791414848.031 116332 5.014
1791414848.058 116340 5.211
1791414848.085 116348 5.104
1791414848.113 116356 5.130
1791414848.141 116364 5.918
1791414848.167 116372 5.082
1791414848.195 116380 5.215
1791414848.222 116388 5.196
1791414848.250 116396 5.106
1791414848.277 116404 5.228
1791414848.304 116412 5.198
1791414848.332 116420 5.123
1791414848.359 116428 5.122
1791414848.386 116436 5.033
1791414848.414 116444 5.217
1791414848.441 116452 5.253
1791414848.469 116460 5.162
1791414848.496 116468 5.057
1791414848.523 116476 5.195
1791414848.550 116484 5.053
1791414848.578 116492 5.178
1791414848.605 116500 5.091
1791414848.633 116508 5.225
1791414848.660 116516 5.248
1791414848.687 116524 5.213
1791414848.715 116532 5.122
1791414848.742 116540 5.213
1791414848.770 116548 5.431
1791414848.797 116556 5.234
1791414848.824 116564 5.248
1791414848.852 116572 5.272
1791414848.879 116580 5.469
1791414848.906 116588 5.164
1791414848.934 116596 5.397
1791414848.961 116604 5.198
1791414848.988 116612 5.085
1791414849.017 116620 6.274
1791414849.043 116628 5.164
1791414849.070 116636 5.312
1791414849.098 116644 5.358
1791414849.125 116652 5.102
1791414849.152 116660 5.162
1791414849.180 116668 5.257
1791414849.207 116676 5.106
1791414849.234 116684 5.091
1791414849.262 116692 5.246
1791414849.290 116700 6.143
1791414849.316 116708 5.161
1791414849.344 116716 5.079
1791414849.371 116724 5.082
1791414849.399 116732 5.390
1791414849.426 116740 5.207
1791414849.454 116748 6.061
1791414849.481 116756 5.374
1791414849.508 116764 5.056
1791414849.535 116772 5.088
1791414849.562 116780 5.145
1791414849.591 116788 6.396
1791414849.618 116796 5.839
1791414849.645 116804 5.739
1791414849.672 116812 5.207
1791414849.699 116820 5.160
1791414849.727 116828 5.154
1791414849.754 116836 5.112
1791414849.781 116844 5.201
1791414849.809 116852 5.138
1791414849.836 116860 5.140
1791414849.863 116868 5.150
1791414849.891 116876 5.164
1791414849.918 116884 5.138
1791414849.946 116892 5.214
1791414849.973 116900 5.464
1791414850.000 116908 5.148
1791414850.028 116916 5.340
1791414850.055 116924 5.096
1791414850.082 116932 5.088
1791414850.110 116940 5.169
1791414850.137 116948 5.208
1791414850.164 116956 5.231
1791414850.192 116964 5.396
1791414850.219 116972 5.227
1791414850.246 116980 5.197
1791414850.274 116988 5.176
1791414850.301 116996 5.138
1791414850.345 117004 8.080
1791414850.400 117012 8.031
1791414850.454 117020 7.999
1791414850.509 117028 8.041
1791414850.564 117036 8.164
1791414850.618 117044 8.056
1791414850.673 117052 8.007
1791414850.728 117060 8.039
1791414850.783 117068 8.052
1791414850.837 117076 8.152
1791414850.892 117084 8.106
1791414850.947 117092 8.085
1791414851.001 117100 8.108
1791414851.056 117108 8.051
1791414851.111 117116 8.134
1791414851.165 117124 8.041
1791414851.220 117132 8.107
1791414851.275 117140 8.136
1791414851.330 117148 8.140
1791414851.384 117156 8.061
1791414851.439 117164 8.091
1791414851.494 117172 7.967
1791414851.548 117180 8.048
1791414851.603 117188 8.055
1791414851.658 117196 8.170
1791414851.712 117204 8.023
1791414851.767 117212 8.099
1791414851.822 117220 8.079
1791414851.877 117228 8.110
1791414851.932 117236 8.619
1791414851.986 117244 8.045
1791414852.041 117252 8.203
1791414852.095 117260 8.107
1791414852.150 117268 8.181
1791414852.205 117276 8.067
1791414852.260 117284 8.098
1791414852.314 117292 8.159
1791414852.369 117300 8.162
1791414852.424 117308 8.048
1791414852.478 117316 8.081
1791414852.533 117324 8.098
1791414852.588 117332 8.206
1791414852.643 117340 8.206
1791414852.697 117348 8.094
1791414852.752 117356 8.071
1791414852.807 117364 8.187
1791414852.861 117372 8.128
1791414852.916 117380 8.072
1791414852.971 117388 8.038
1791414853.025 117396 8.072
1791414853.080 117404 7.968
1791414853.135 117412 7.994
1791414853.189 117420 7.989
1791414853.244 117428 8.041
1791414853.299 117436 7.906
1791414853.354 117444 8.077
1791414853.408 117452 8.121
1791414853.463 117460 8.174
1791414853.518 117468 8.105
1791414853.573 117476 8.146
1791414853.627 117484 8.030
1791414853.682 117492 8.162
1791414853.736 117500 8.017
1791414853.791 117508 8.026
1791414853.846 117516 8.065
1791414853.901 117524 7.969
1791414853.955 117532 8.181
1791414854.010 117540 8.132
1791414854.065 117548 8.212
1791414854.119 117556 8.092
1791414854.174 117564 8.214
1791414854.229 117572 8.210
1791414854.284 117580 8.053
1791414854.338 117588 8.036
1791414854.393 117596 7.995
1791414854.448 117604 8.047
1791414854.502 117612 8.011
1791414854.557 117620 8.091
1791414854.612 117628 8.085
1791414854.667 117636 8.134
1791414854.721 117644 8.113
1791414854.776 117652 8.005
1791414854.831 117660 8.073
1791414854.885 117668 8.102
1791414854.940 117676 8.072
1791414854.995 117684 8.014
1791414855.050 117692 8.226
1791414855.104 117700 8.011
1791414855.159 117708 8.106
1791414855.213 117716 7.963
1791414855.268 117724 8.086
1791414855.323 117732 8.037
1791414855.378 117740 8.040
1791414855.432 117748 8.031
1791414855.487 117756 8.107
1791414855.542 117764 7.999
1791414855.596 117772 8.011
1791414855.651 117780 8.103
1791414855.706 117788 8.076
1791414855.761 117796 8.086
1791414855.815 117804 8.235
1791414855.870 117812 8.105
1791414855.925 117820 8.118
1791414855.979 117828 8.023
1791414856.034 117836 8.109
1791414856.089 117844 7.995
1791414856.143 117852 8.096
1791414856.198 117860 8.004
1791414856.253 117868 8.100
1791414856.308 117876 8.037
1791414856.362 117884 8.076
1791414856.417 117892 8.090
1791414856.472 117900 8.073
1791414856.526 117908 8.052
1791414856.581 117916 8.069
1791414856.636 117924 8.124
1791414856.691 117932 8.104
1791414856.745 117940 8.068
1791414856.800 117948 8.190
1791414856.855 117956 8.116
1791414856.909 117964 7.993
1791414856.964 117972 8.052
1791414857.019 117980 7.969
1791414857.073 117988 8.113
1791414857.128 117996 8.116
1791414857.183 118004 8.176
1791414857.238 118012 8.155
1791414857.292 118020 8.049
1791414857.347 118028 8.138
1791414857.402 118036 7.947
1791414857.456 118044 8.006
1791414857.511 118052 8.072
1791414857.566 118060 8.158
1791414857.620 118068 8.017
1791414857.675 118076 8.066
1791414857.730 118084 8.103
1791414857.785 118092 8.117
1791414857.839 118100 8.035
1791414857.894 118108 8.174
1791414857.949 118116 8.066
1791414858.003 118124 8.077
1791414858.058 118132 8.294
1791414858.113 118140 8.040
1791414858.167 118148 8.031
1791414858.222 118156 7.998
1791414858.277 118164 8.070
1791414858.332 118172 8.070
1791414858.386 118180 8.046
1791414858.441 118188 8.078
1791414858.496 118196 8.030
1791414858.550 118204 8.125
1791414858.605 118212 8.028
1791414858.660 118220 8.079
1791414858.714 118228 8.018
1791414858.769 118236 8.062
1791414858.824 118244 8.127
1791414858.879 118252 8.051
1791414858.933 118260 8.173
1791414858.988 118268 8.061
1791414859.043 118276 8.209
1791414859.097 118284 8.035
1791414859.152 118292 8.034
1791414859.207 118300 8.015
1791414859.262 118308 8.103
1791414859.316 118316 8.166
1791414859.371 118324 8.085
1791414859.426 118332 8.079
1791414859.480 118340 8.083
1791414859.535 118348 7.992
1791414859.590 118356 8.127
1791414859.645 118364 8.107
1791414859.699 118372 8.023
1791414859.754 118380 8.162
1791414859.809 118388 8.069
1791414859.863 118396 8.076
1791414859.918 118404 8.073
1791414859.973 118412 8.036
1791414860.027 118420 8.087
1791414860.082 118428 8.068
1791414860.137 118436 8.108
1791414860.191 118444 8.046
1791414860.246 118452 8.036
1791414860.301 118460 8.088
1791414860.356 118468 8.045
1791414860.410 118476 8.023
1791414860.465 118484 8.042
1791414860.520 118492 7.997
1791414860.574 118500 8.061
1791414860.629 118508 8.018
1791414860.684 118516 8.099
1791414860.738 118524 7.997
1791414860.793 118532 8.026
1791414860.848 118540 8.046
1791414860.903 118548 8.046
1791414860.957 118556 8.011
1791414861.012 118564 8.144
1791414861.067 118572 8.223
1791414861.121 118580 8.046
1791414861.176 118588 8.073
1791414861.231 118596 8.010
1791414861.286 118604 8.547
1791414861.340 118612 7.957
1791414861.395 118620 7.965
1791414861.450 118628 8.089
1791414861.504 118636 8.104
1791414861.559 118644 8.052
1791414861.614 118652 8.078
1791414861.668 118660 8.059
1791414861.723 118668 8.035
1791414861.778 118676 8.114
1791414861.833 118684 8.128
1791414861.887 118692 8.067
1791414861.942 118700 8.098
1791414861.997 118708 8.284
1791414862.051 118716 8.084
1791414862.106 118724 8.034
1791414862.161 118732 8.002
1791414862.215 118740 7.994
1791414862.270 118748 8.105
1791414862.325 118756 8.073
1791414862.380 118764 8.045
1791414862.434 118772 8.175
1791414862.489 118780 8.102
1791414862.544 118788 8.217
1791414862.598 118796 8.079
1791414862.653 118804 7.983
1791414862.708 118812 8.170
1791414862.763 118820 8.094
1791414862.817 118828 8.110
1791414862.872 118836 8.023
1791414862.927 118844 8.067
1791414862.981 118852 8.099
1791414863.036 118860 8.104
1791414863.091 118868 8.022
1791414863.145 118876 8.036
1791414863.200 118884 8.040
1791414863.255 118892 8.104
1791414863.310 118900 8.064
1791414863.364 118908 8.116
1791414863.419 118916 8.051
1791414863.474 118924 8.090
1791414863.528 118932 8.054
1791414863.583 118940 8.172
1791414863.638 118948 8.028
1791414863.692 118956 8.058
1791414863.747 118964 8.031
1791414863.802 118972 8.114
1791414863.857 118980 8.009
1791414863.911 118988 8.115
1791414863.966 118996 8.386
1791414864.021 119004 8.159
1791414864.075 119012 8.041
1791414864.130 119020 8.035
1791414864.185 119028 8.251
1791414864.240 119036 8.207
1791414864.294 119044 8.007
1791414864.349 119052 8.076
1791414864.404 119060 7.962
1791414864.458 119068 7.991
1791414864.513 119076 8.004
1791414864.568 119084 8.038
1791414864.623 119092 8.169
1791414864.677 119100 8.056
1791414864.732 119108 8.202
1791414864.787 119116 8.068
1791414864.841 119124 8.016
1791414864.896 119132 8.152
1791414864.951 119140 8.113
1791414865.005 119148 8.190
1791414865.060 119156 8.067
1791414865.115 119164 8.146
1791414865.170 119172 8.128
1791414865.224 119180 7.874
1791414865.279 119188 8.037
1791414865.334 119196 8.050
1791414865.388 119204 7.979
1791414865.443 119212 8.005
1791414865.498 119220 8.036
1791414865.552 119228 8.096
1791414865.607 119236 8.017
1791414865.662 119244 7.981
1791414865.717 119252 8.183
1791414865.771 119260 7.984
1791414865.826 119268 8.031
1791414865.881 119276 8.183
1791414865.935 119284 8.137
1791414865.990 119292 8.071
1791414866.045 119300 8.090
1791414866.100 119308 8.216
1791414866.154 119316 8.026
1791414866.209 119324 8.180
1791414866.264 119332 8.135
1791414866.318 119340 8.079
1791414866.373 119348 8.218
1791414866.428 119356 7.950
1791414866.482 119364 8.167
1791414866.537 119372 8.040
1791414866.592 119380 8.054
1791414866.647 119388 8.184
1791414866.701 119396 8.132
1791414866.756 119404 7.949
1791414866.811 119412 8.166
1791414866.865 119420 7.969
1791414866.920 119428 8.052
1791414866.975 119436 8.049
1791414867.029 119444 7.990
1791414867.084 119452 8.241
1791414867.139 119460 8.003
1791414867.193 119468 8.048
1791414867.248 119476 7.961
1791414867.303 119484 8.170
1791414867.358 119492 8.054
1791414867.412 119500 8.088
1791414867.467 119508 8.079
1791414867.522 119516 8.009
1791414867.576 119524 8.121
1791414867.631 119532 8.022
1791414867.686 119540 8.061
1791414867.741 119548 8.061
1791414867.795 119556 8.050
1791414867.850 119564 8.075
1791414867.905 119572 8.006
1791414867.959 119580 8.104
1791414868.014 119588 8.042
1791414868.069 119596 8.149
1791414868.124 119604 8.151
1791414868.178 119612 8.159
1791414868.233 119620 8.080
1791414868.288 119628 8.138
1791414868.342 119636 8.048
1791414868.397 119644 7.967
1791414868.452 119652 7.990
1791414868.506 119660 8.012
1791414868.561 119668 8.041
1791414868.616 119676 8.088
1791414868.670 119684 8.026
1791414868.725 119692 7.978
1791414868.780 119700 8.002
1791414868.835 119708 8.051
1791414868.889 119716 8.065
1791414868.944 119724 8.132
1791414868.999 119732 8.030
1791414869.053 119740 8.076
1791414869.108 119748 8.097
1791414869.163 119756 8.134
1791414869.218 119764 8.085
1791414869.272 119772 8.116
1791414869.327 119780 8.040
1791414869.381 119788 7.945
1791414869.436 119796 8.009
1791414869.491 119804 8.019
1791414869.546 119812 8.037
1791414869.601 119820 8.331
1791414869.655 119828 8.049
1791414869.710 119836 7.931
1791414869.764 119844 8.014
1791414869.819 119852 8.041
1791414869.874 119860 8.061
1791414869.929 119868 8.060
1791414869.984 119876 8.728
1791414870.038 119884 8.020
1791414870.093 119892 8.083
1791414870.147 119900 8.087
1791414870.202 119908 8.034
1791414870.257 119916 8.059
1791414870.312 119924 8.064
1791414870.339 119932 5.169
1791414870.366 119940 5.053
1791414870.394 119948 5.234
1791414870.421 119956 5.096
1791414870.449 119964 5.107
1791414870.476 119972 5.359
1791414870.503 119980 5.131
1791414870.531 119988 5.201
1791414870.558 119996 5.247
1791414870.586 120004 5.251
1791414870.613 120012 5.191
1791414870.640 120020 5.116
1791414870.667 120028 5.080
1791414870.695 120036 5.286
1791414870.723 120044 5.416
1791414870.750 120052 5.201
1791414870.777 120060 5.335
1791414870.804 120068 5.059
1791414870.832 120076 5.213
1791414870.859 120084 5.211
1791414870.886 120092 5.182
1791414870.914 120100 5.117
1791414870.941 120108 5.156
1791414870.968 120116 5.214
1791414870.996 120124 5.111
1791414871.023 120132 5.190
1791414871.051 120140 5.231
1791414871.078 120148 5.206
1791414871.105 120156 5.255
1791414871.132 120164 5.164
1791414871.160 120172 5.111
1791414871.187 120180 5.152
1791414871.215 120188 5.117
1791414871.242 120196 5.184
1791414871.270 120204 5.981
1791414871.297 120212 5.178
1791414871.324 120220 5.167
1791414871.351 120228 5.211
1791414871.379 120236 5.171
1791414871.406 120244 5.198
1791414871.433 120252 5.130
1791414871.461 120260 5.295
1791414871.488 120268 5.201
1791414871.515 120276 5.099
1791414871.543 120284 5.168
1791414871.570 120292 5.172
1791414871.597 120300 5.181
1791414871.625 120308 5.209
1791414871.652 120316 5.167
1791414871.680 120324 5.164
1791414871.707 120332 5.183
1791414871.734 120340 5.074
1791414871.761 120348 5.042
1791414871.789 120356 5.174
1791414871.816 120364 5.314
1791414871.844 120372 5.263
1791414871.871 120380 5.300
1791414871.898 120388 5.098
1791414871.926 120396 5.167
1791414871.953 120404 5.126
1791414871.980 120412 5.154
1791414872.008 120420 5.208
1791414872.035 120428 5.294
1791414872.063 120436 5.196
1791414872.090 120444 5.220
1791414872.118 120452 6.047
1791414872.145 120460 5.190
1791414872.172 120468 5.189
1791414872.200 120476 6.044
1791414872.227 120484 5.189
1791414872.254 120492 5.154
1791414872.281 120500 5.293
1791414872.309 120508 5.251
1791414872.336 120516 5.094
1791414872.364 120524 5.350
1791414872.391 120532 5.199
1791414872.418 120540 5.218
1791414872.445 120548 5.127
1791414872.473 120556 5.079
1791414872.500 120564 5.188
1791414872.527 120572 5.098
1791414872.555 120580 5.397
1791414872.582 120588 5.199
1791414872.610 120596 5.322
1791414872.637 120604 5.236
1791414872.664 120612 5.306
1791414872.691 120620 5.072
1791414872.719 120628 5.209
1791414872.747 120636 6.041
1791414872.773 120644 5.113
1791414872.801 120652 5.172
1791414872.828 120660 5.229
1791414872.856 120668 5.096
1791414872.883 120676 5.170
1791414872.910 120684 5.176
1791414872.938 120692 5.125
1791414872.966 120700 6.180
1791414872.992 120708 5.166
1791414873.020 120716 5.180
1791414873.047 120724 5.156
1791414873.074 120732 5.075
1791414873.102 120740 5.204
1791414873.129 120748 5.142
1791414873.156 120756 5.162
1791414873.184 120764 5.215
1791414873.211 120772 5.112
1791414873.239 120780 5.628
1791414873.269 120788 8.508
1791414873.297 120796 8.574
1791414873.324 120804 8.457
1791414873.351 120812 8.556
1791414873.379 120820 8.450
1791414873.406 120828 8.414
1791414873.433 120836 8.532
1791414873.461 120844 8.456
1791414873.488 120852 8.553
1791414873.516 120860 8.659
1791414873.543 120868 8.607
1791414873.570 120876 8.490
1791414873.598 120884 8.504
1791414873.625 120892 8.579
1791414873.652 120900 8.545
1791414873.680 120908 8.751
1791414873.707 120916 8.603
1791414873.734 120924 8.652
1791414873.762 120932 8.645
1791414873.789 120940 8.600
1791414873.816 120948 8.665
1791414873.844 120956 8.611
1791414873.871 120964 8.568
1791414873.898 120972 8.590
1791414873.926 120980 8.716
1791414873.953 120988 8.440
1791414873.981 120996 8.641
1791414874.008 121004 8.470
1791414874.035 121012 8.537
1791414874.063 121020 8.546
1791414874.090 121028 8.481
1791414874.117 121036 8.757
1791414874.145 121044 8.638
1791414874.172 121052 8.578
1791414874.199 121060 8.464
1791414874.227 121068 8.552
1791414874.254 121076 8.427
1791414874.281 121084 8.408
1791414874.309 121092 8.591
1791414874.336 121100 8.637
1791414874.363 121108 8.430
1791414874.391 121116 8.505
1791414874.418 121124 8.576
1791414874.445 121132 8.513
1791414874.473 121140 8.697
1791414874.500 121148 8.572
1791414874.528 121156 8.611
1791414874.555 121164 8.655
1791414874.582 121172 8.520
1791414874.610 121180 8.725
1791414874.637 121188 8.669
1791414874.664 121196 8.450
1791414874.692 121204 8.582
1791414874.719 121212 8.748
1791414874.747 121220 8.759
1791414874.774 121228 8.768
1791414874.801 121236 8.437
1791414874.828 121244 8.509
1791414874.856 121252 8.838
1791414874.883 121260 8.558
1791414874.911 121268 8.759
1791414874.938 121276 8.599
1791414874.967 121284 10.238
1791414874.992 121292 8.497
1791414875.020 121300 8.580
1791414875.047 121308 8.415
1791414875.075 121316 9.213
1791414875.102 121324 8.586
1791414875.129 121332 8.761
1791414875.157 121340 8.698
1791414875.184 121348 8.716
1791414875.211 121356 8.722
1791414875.239 121364 8.778
1791414875.266 121372 8.501
1791414875.293 121380 8.564
1791414875.321 121388 8.449
1791414875.348 121396 8.507
1791414875.375 121404 8.588
1791414875.403 121412 8.647
1791414875.430 121420 8.623
1791414875.457 121428 8.514
1791414875.485 121436 8.564
1791414875.512 121444 8.570
1791414875.539 121452 8.494
1791414875.567 121460 8.718
1791414875.594 121468 8.730
1791414875.622 121476 8.625
1791414875.649 121484 8.573
1791414875.676 121492 8.479
1791414875.704 121500 8.608
1791414875.731 121508 8.685
1791414875.758 121516 8.609
1791414875.786 121524 8.498
1791414875.813 121532 8.600
1791414875.841 121540 8.711
1791414875.868 121548 8.445
1791414875.895 121556 8.546
1791414875.922 121564 8.577
1791414875.950 121572 8.509
1791414875.977 121580 8.652
1791414876.005 121588 8.581
1791414876.032 121596 8.523
1791414876.059 121604 8.479
1791414876.087 121612 8.895
1791414876.114 121620 8.749
1791414876.141 121628 8.609
1791414876.169 121636 8.561
1791414876.196 121644 8.414
1791414876.224 121652 8.823
1791414876.251 121660 8.676
1791414876.278 121668 8.857
1791414876.306 121676 8.693
1791414876.333 121684 8.660
1791414876.360 121692 8.569
1791414876.387 121700 8.671
1791414876.415 121708 8.456
1791414876.442 121716 8.529
1791414876.469 121724 8.557
1791414876.497 121732 8.678
1791414876.524 121740 8.497
1791414876.552 121748 8.580
1791414876.579 121756 8.407
1791414876.606 121764 8.447
1791414876.634 121772 8.636
1791414876.661 121780 8.757
1791414876.689 121788 9.314
1791414876.717 121796 10.017
1791414876.743 121804 8.454
1791414876.770 121812 8.578
1791414876.798 121820 8.620
1791414876.825 121828 8.622
1791414876.852 121836 8.478
1791414876.880 121844 8.403
1791414876.907 121852 8.551
1791414876.935 121860 8.634
1791414876.962 121868 8.715
1791414876.989 121876 8.484
1791414877.016 121884 8.530
1791414877.044 121892 8.861
1791414877.071 121900 8.643
1791414877.099 121908 8.658
1791414877.126 121916 8.376
1791414877.153 121924 8.567
1791414877.181 121932 8.604
1791414877.208 121940 8.498
1791414877.235 121948 8.473
1791414877.263 121956 8.554
1791414877.290 121964 8.637
1791414877.317 121972 8.660
1791414877.345 121980 8.436
1791414877.372 121988 8.502
1791414877.399 121996 8.461
1791414877.427 122004 8.448
1791414877.454 122012 8.574
1791414877.482 122020 8.706
1791414877.509 122028 8.413
1791414877.536 122036 8.548
1791414877.564 122044 8.610
1791414877.591 122052 8.479
1791414877.618 122060 8.587
1791414877.646 122068 8.422
1791414877.673 122076 8.663
1791414877.700 122084 8.550
1791414877.728 122092 8.593
1791414877.755 122100 8.455
1791414877.782 122108 8.377
1791414877.810 122116 8.578
1791414877.837 122124 8.514
1791414877.864 122132 8.541
1791414877.892 122140 8.583
1791414877.919 122148 8.645
1791414877.946 122156 8.530
1791414877.974 122164 8.428
1791414878.001 122172 8.591
1791414878.029 122180 8.772
1791414878.056 122188 8.667
1791414878.085 122196 10.496
1791414878.111 122204 8.680
1791414878.138 122212 8.524
1791414878.166 122220 9.377
1791414878.193 122228 8.695
1791414878.220 122236 8.592
1791414878.248 122244 9.286
1791414878.275 122252 9.034
1791414878.302 122260 8.547
1791414878.330 122268 8.714
1791414878.357 122276 8.485
1791414878.384 122284 8.488
1791414878.411 122292 8.545
1791414878.439 122300 8.592
1791414878.467 122308 9.512
1791414878.493 122316 8.540
1791414878.521 122324 8.535
1791414878.548 122332 8.534
1791414878.575 122340 8.429
1791414878.603 122348 8.637
1791414878.630 122356 8.467
1791414878.658 122364 8.559
1791414878.685 122372 8.548
1791414878.712 122380 8.573
1791414878.740 122388 8.599
1791414878.767 122396 8.568
1791414878.794 122404 8.623
1791414878.822 122412 8.666
1791414878.849 122420 8.765
1791414878.876 122428 8.555
1791414878.904 122436 8.658
1791414878.931 122444 8.581
1791414878.959 122452 8.606
1791414878.986 122460 8.499
1791414879.013 122468 8.737
1791414879.041 122476 8.557
1791414879.068 122484 8.708
1791414879.095 122492 8.540
1791414879.123 122500 9.059
1791414879.150 122508 8.687
1791414879.178 122516 8.833
1791414879.205 122524 8.468
1791414879.232 122532 8.577
1791414879.259 122540 8.466
1791414879.286 122548 8.375
1791414879.314 122556 8.621
1791414879.342 122564 8.687
1791414879.369 122572 8.783
1791414879.396 122580 8.627
1791414879.424 122588 8.638
1791414879.451 122596 8.455
1791414879.478 122604 8.729
1791414879.506 122612 8.635
1791414879.533 122620 8.636
1791414879.560 122628 8.541
1791414879.587 122636 8.411
1791414879.615 122644 8.660
1791414879.642 122652 8.576
1791414879.670 122660 8.559
1791414879.697 122668 8.706
1791414879.724 122676 8.569
1791414879.752 122684 8.486
1791414879.779 122692 8.672
1791414879.807 122700 8.699
1791414879.834 122708 8.989
1791414879.861 122716 8.604
1791414879.888 122724 8.528
1791414879.916 122732 8.579
1791414879.943 122740 8.601
1791414879.971 122748 8.748
1791414879.998 122756 8.719
1791414880.025 122764 8.638
1791414880.053 122772 8.649
1791414880.080 122780 8.721
1791414880.107 122788 8.765
1791414880.135 122796 8.932
1791414880.162 122804 8.616
1791414880.189 122812 8.430
1791414880.217 122820 8.739
1791414880.244 122828 8.540
1791414880.271 122836 8.539
1791414880.299 122844 8.414
1791414880.326 122852 8.668
1791414880.354 122860 8.754
1791414880.381 122868 8.481
1791414880.408 122876 8.717
1791414880.436 122884 8.716
1791414880.463 122892 8.500
1791414880.490 122900 8.757
1791414880.517 122908 8.438
1791414880.545 122916 8.680
1791414880.572 122924 8.689
1791414880.600 122932 8.539
1791414880.627 122940 8.525
1791414880.654 122948 8.586
1791414880.681 122956 8.376
1791414880.709 122964 8.696
1791414880.736 122972 8.641
1791414880.764 122980 8.589
1791414880.791 122988 8.514
1791414880.818 122996 8.453
1791414880.846 123004 8.491
1791414880.873 123012 8.578
1791414880.900 123020 8.559
1791414880.928 123028 8.709
1791414880.955 123036 8.657
1791414880.982 123044 8.566
1791414881.010 123052 8.644
1791414881.037 123060 8.517
1791414881.065 123068 8.575
1791414881.092 123076 8.686
1791414881.119 123084 8.584
1791414881.147 123092 8.674
1791414881.174 123100 8.544
1791414881.202 123108 9.374
1791414881.229 123116 8.487
1791414881.256 123124 8.783
1791414881.283 123132 8.712
1791414881.311 123140 8.769
1791414881.338 123148 8.657
1791414881.365 123156 8.653
1791414881.393 123164 8.594
1791414881.420 123172 8.541
1791414881.447 123180 8.447
1791414881.475 123188 8.614
1791414881.502 123196 8.601
1791414881.530 123204 8.874
1791414881.557 123212 8.828
1791414881.584 123220 8.568
1791414881.612 123228 8.568
1791414881.639 123236 8.756
1791414881.666 123244 8.588
1791414881.694 123252 8.513
1791414881.721 123260 8.609
1791414881.752 123268 12.479
1791414881.772 123276 5.248
1791414881.800 123284 5.191
1791414881.827 123292 5.456
1791414881.854 123300 5.201
1791414881.882 123308 5.270
1791414881.909 123316 5.217
1791414881.936 123324 5.224
1791414881.964 123332 5.173
1791414881.991 123340 5.240
1791414882.019 123348 5.417
1791414882.046 123356 5.096
1791414882.073 123364 5.196
1791414882.101 123372 5.222
1791414882.128 123380 5.536
1791414882.155 123388 5.301
1791414882.183 123396 5.557
1791414882.210 123404 5.229
1791414882.237 123412 5.220
1791414882.265 123420 5.235
1791414882.292 123428 5.607
1791414882.319 123436 5.192
1791414882.347 123444 5.213
1791414882.374 123452 5.144
1791414882.401 123460 5.133
1791414882.429 123468 5.226
1791414882.456 123476 5.315
1791414882.483 123484 5.157
1791414882.511 123492 5.331
1791414882.538 123500 5.516
1791414882.566 123508 5.345
1791414882.593 123516 5.249
1791414882.620 123524 5.198
1791414882.648 123532 5.271
1791414882.675 123540 5.208
1791414882.702 123548 5.116
1791414882.730 123556 5.272
1791414882.757 123564 5.238
1791414882.784 123572 5.352
1791414882.812 123580 5.532
1791414882.839 123588 5.169
1791414882.866 123596 5.318
1791414882.894 123604 5.430
1791414882.921 123612 5.225
1791414882.948 123620 5.162
1791414882.976 123628 5.084
1791414883.003 123636 5.327
1791414883.030 123644 5.168
1791414883.058 123652 5.214
1791414883.085 123660 5.158
1791414883.112 123668 5.231
1791414883.140 123676 5.266
1791414883.168 123684 6.016
1791414883.194 123692 5.151
1791414883.222 123700 5.170
1791414883.249 123708 5.085
1791414883.277 123716 5.213
1791414883.304 123724 5.086
1791414883.331 123732 5.218
1791414883.359 123740 5.103
1791414883.386 123748 5.337
1791414883.413 123756 5.061
1791414883.441 123764 5.194
1791414883.468 123772 5.500
1791414883.496 123780 5.251
1791414883.523 123788 5.365
1791414883.550 123796 5.264
1791414883.579 123804 6.866
1791414883.608 123812 8.706
1791414883.636 123820 8.692
1791414883.663 123828 8.796
1791414883.690 123836 8.619
1791414883.718 123844 8.532
1791414883.745 123852 8.577
1791414883.773 123860 8.794
1791414883.800 123868 8.473
1791414883.827 123876 8.485
1791414883.854 123884 8.536
1791414883.882 123892 8.833
1791414883.909 123900 8.697
1791414883.936 123908 8.661
1791414883.964 123916 8.696
1791414883.991 123924 8.907
1791414884.019 123932 8.806
1791414884.046 123940 8.722
1791414884.073 123948 8.849
1791414884.101 123956 8.737
1791414884.128 123964 8.740
1791414884.155 123972 8.608
1791414884.183 123980 8.543
1791414884.210 123988 8.602
1791414884.237 123996 8.704
1791414884.265 124004 8.590
1791414884.292 124012 8.591
1791414884.319 124020 8.613
1791414884.347 124028 8.562
1791414884.374 124036 8.601
1791414884.404 124044 11.189
1791414884.429 124052 8.569
1791414884.457 124060 9.245
1791414884.484 124068 9.262
1791414884.511 124076 8.698
1791414884.538 124084 8.601
1791414884.565 124092 8.443
1791414884.593 124100 8.577
1791414884.620 124108 8.616
1791414884.648 124116 8.546
1791414884.675 124124 8.710
1791414884.702 124132 8.707
1791414884.730 124140 8.467
1791414884.757 124148 8.616
1791414884.784 124156 8.396
1791414884.812 124164 8.682
1791414884.839 124172 8.693
1791414884.866 124180 8.651
1791414884.894 124188 8.799
1791414884.921 124196 8.622
1791414884.948 124204 8.498
1791414884.976 124212 8.978
1791414885.003 124220 8.850
1791414885.031 124228 8.588
1791414885.058 124236 8.747
1791414885.080 124244 3.805
1791414885.109 124252 5.056
1791414885.137 124260 5.444
1791414885.164 124268 5.293
1791414885.191 124276 5.352
1791414885.219 124284 5.185
1791414885.246 124292 5.159
1791414885.273 124300 5.039
1791414885.301 124308 5.171
1791414885.328 124316 5.185
1791414885.355 124324 5.087
1791414885.383 124332 5.165
1791414885.410 124340 5.180
1791414885.437 124348 5.151
1791414885.465 124356 5.106
1791414885.492 124364 5.143
1791414885.519 124372 5.190
1791414885.547 124380 5.298
1791414885.574 124388 5.226
1791414885.601 124396 5.230
1791414885.629 124404 5.197
1791414885.656 124412 5.478
1791414885.684 124420 5.232
1791414885.711 124428 5.251
1791414885.738 124436 5.156
1791414885.766 124444 5.131
1791414885.793 124452 5.250
1791414885.820 124460 5.294
1791414885.848 124468 5.677
1791414885.875 124476 5.346
1791414885.902 124484 5.221
1791414885.930 124492 5.309
1791414885.957 124500 5.326
1791414885.985 124508 5.298
1791414886.012 124516 5.457
1791414886.039 124524 5.276
1791414886.070 124532 8.585
1791414886.097 124540 8.512
1791414886.125 124548 8.806
1791414886.152 124556 8.670
1791414886.179 124564 8.646
1791414886.207 124572 9.125
1791414886.234 124580 8.600
1791414886.261 124588 8.569
1791414886.289 124596 8.613
1791414886.316 124604 8.653
1791414886.343 124612 8.488
1791414886.371 124620 8.608
1791414886.398 124628 8.687
1791414886.426 124636 8.739
1791414886.453 124644 8.594
1791414886.480 124652 8.659
1791414886.508 124660 8.705
1791414886.535 124668 8.816
1791414886.564 124676 10.440
1791414886.590 124684 8.611
1791414886.617 124692 8.620
1791414886.644 124700 8.708
1791414886.672 124708 8.586
1791414886.699 124716 8.584
1791414886.726 124724 8.588
1791414886.754 124732 8.719
1791414886.781 124740 8.583
1791414886.809 124748 8.816
1791414886.836 124756 8.523
1791414886.863 124764 8.576
1791414886.891 124772 8.772
1791414886.918 124780 8.610
1791414886.945 124788 8.615
1791414886.972 124796 8.477
1791414887.000 124804 8.723
1791414887.027 124812 8.521
1791414887.054 124820 8.428
1791414887.082 124828 8.588
1791414887.109 124836 8.756
1791414887.137 124844 8.522
1791414887.164 124852 8.926
1791414887.191 124860 8.710
1791414887.219 124868 8.592
1791414887.246 124876 8.465
1791414887.273 124884 8.509
1791414887.301 124892 8.560
1791414887.328 124900 8.649
1791414887.355 124908 8.665
1791414887.383 124916 8.542
1791414887.410 124924 8.587
1791414887.437 124932 8.482
1791414887.465 124940 8.620
1791414887.492 124948 8.542
1791414887.520 124956 8.715
1791414887.547 124964 8.671
1791414887.574 124972 8.661
1791414887.602 124980 8.661
1791414887.629 124988 8.555
1791414887.656 124996 8.718
1791414887.684 125004 8.608
1791414887.711 125012 8.689
1791414887.738 125020 8.493
1791414887.766 125028 8.470
1791414887.793 125036 8.653
1791414887.820 125044 8.635
1791414887.848 125052 8.607
1791414887.875 125060 8.698
1791414887.902 125068 8.594
1791414887.930 125076 8.546
1791414887.957 125084 8.752
1791414887.984 125092 8.540
1791414888.012 125100 8.811
1791414888.039 125108 8.645
1791414888.066 125116 8.471
1791414888.094 125124 8.611
1791414888.121 125132 8.608
1791414888.149 125140 8.554
1791414888.176 125148 8.577
1791414888.203 125156 8.679
1791414888.231 125164 8.566
1791414888.258 125172 8.603
1791414888.286 125180 9.424
1791414888.313 125188 8.958
1791414888.337 125196 5.394
1791414888.364 125204 5.152
1791414888.392 125212 5.393
1791414888.418 125220 4.993
1791414888.446 125228 5.083
1791414888.473 125236 5.209
1791414888.501 125244 5.124
1791414888.528 125252 5.148
1791414888.555 125260 5.124
1791414888.583 125268 5.036
1791414888.610 125276 5.301
1791414888.638 125284 5.343
1791414888.665 125292 5.196
1791414888.692 125300 5.157
1791414888.719 125308 5.125
1791414888.747 125316 5.265
1791414888.774 125324 5.069
1791414888.801 125332 5.070
1791414888.829 125340 5.135
1791414888.856 125348 5.178
1791414888.884 125356 5.195
1791414888.911 125364 5.238
1791414888.939 125372 5.295
1791414888.966 125380 5.095
1791414888.993 125388 5.238
1791414889.020 125396 5.186
1791414889.048 125404 5.483
1791414889.075 125412 5.245
1791414889.102 125420 5.149
1791414889.130 125428 5.267
1791414889.157 125436 5.251
1791414889.185 125444 5.233
1791414889.212 125452 5.206
1791414889.239 125460 5.312
1791414889.267 125468 5.240
1791414889.294 125476 5.303
1791414889.321 125484 5.258
1791414889.349 125492 5.261
1791414889.376 125500 5.359
1791414889.403 125508 5.270
1791414889.432 125516 6.645
1791414889.458 125524 5.269
1791414889.486 125532 5.437
1791414889.513 125540 5.202
1791414889.540 125548 5.361
1791414889.568 125556 5.319
1791414889.595 125564 5.467
1791414889.622 125572 5.195
1791414889.650 125580 5.219
1791414889.677 125588 5.304
1791414889.704 125596 5.164
1791414889.732 125604 5.093
1791414889.759 125612 5.087
1791414889.786 125620 5.198
1791414889.814 125628 5.080
1791414889.841 125636 5.568
1791414889.869 125644 5.418
1791414889.896 125652 5.151
1791414889.923 125660 5.312
1791414889.951 125668 5.454
1791414889.978 125676 5.293
1791414890.005 125684 5.340
1791414890.033 125692 5.312
1791414890.060 125700 5.131
1791414890.087 125708 5.166
1791414890.115 125716 5.215
1791414890.142 125724 5.213
1791414890.169 125732 5.147
1791414890.197 125740 5.207
1791414890.224 125748 5.440
1791414890.252 125756 5.401
1791414890.278 125764 5.093
1791414890.306 125772 5.179
1791414890.353 125780 8.034
1791414890.408 125788 8.024
1791414890.463 125796 8.028
1791414890.517 125804 8.028
1791414890.572 125812 8.009
1791414890.627 125820 8.001
1791414890.682 125828 8.119
1791414890.736 125836 8.021
1791414890.791 125844 8.066
1791414890.846 125852 7.995
1791414890.900 125860 8.104
1791414890.955 125868 8.128
1791414891.010 125876 8.174
1791414891.065 125884 8.276
1791414891.119 125892 8.127
1791414891.174 125900 8.172
1791414891.229 125908 8.153
1791414891.283 125916 8.228
1791414891.338 125924 8.312
1791414891.393 125932 8.233
1791414891.448 125940 8.240
1791414891.502 125948 8.152
1791414891.557 125956 8.123
1791414891.612 125964 8.103
1791414891.666 125972 8.009
1791414891.721 125980 8.326
1791414891.776 125988 8.024
1791414891.830 125996 8.117
1791414891.885 126004 8.026
1791414891.940 126012 8.063
1791414891.995 126020 8.163
1791414892.049 126028 8.094
1791414892.104 126036 8.156
1791414892.159 126044 8.085
1791414892.213 126052 8.030
1791414892.268 126060 8.070
1791414892.323 126068 8.010
1791414892.377 126076 8.074
1791414892.432 126084 8.038
1791414892.487 126092 8.054
1791414892.541 126100 8.077
1791414892.596 126108 8.077
1791414892.651 126116 8.042
1791414892.706 126124 8.027
1791414892.760 126132 8.011
1791414892.815 126140 8.114
1791414892.870 126148 8.033
1791414892.924 126156 8.157
1791414892.979 126164 8.074
1791414893.034 126172 8.118
1791414893.089 126180 8.111
1791414893.143 126188 8.159
1791414893.198 126196 8.196
1791414893.253 126204 8.160
1791414893.307 126212 8.071
1791414893.362 126220 8.020
1791414893.417 126228 8.019
1791414893.471 126236 8.048
1791414893.526 126244 8.013
1791414893.581 126252 8.095
1791414893.636 126260 8.101
1791414893.690 126268 8.086
1791414893.745 126276 8.085
1791414893.800 126284 8.090
1791414893.854 126292 8.049
1791414893.909 126300 8.033
1791414893.964 126308 8.097
1791414894.019 126316 8.152
1791414894.074 126324 8.507
1791414894.128 126332 8.137
1791414894.183 126340 8.043
1791414894.237 126348 8.011
1791414894.292 126356 8.108
1791414894.347 126364 8.030
1791414894.401 126372 8.033
1791414894.456 126380 8.003
1791414894.511 126388 8.052
1791414894.565 126396 8.033
1791414894.620 126404 8.155
1791414894.675 126412 8.105
1791414894.730 126420 8.341
1791414894.784 126428 8.066
1791414894.839 126436 8.025
1791414894.894 126444 8.094
1791414894.948 126452 8.149
1791414895.003 126460 8.070
1791414895.058 126468 8.141
1791414895.113 126476 8.164
1791414895.167 126484 8.021
1791414895.222 126492 8.177
1791414895.277 126500 8.061
1791414895.331 126508 8.049
1791414895.386 126516 8.102
1791414895.441 126524 8.094
1791414895.496 126532 8.216
1791414895.550 126540 8.072
1791414895.605 126548 8.150
1791414895.660 126556 8.163
1791414895.714 126564 8.055
1791414895.769 126572 8.008
1791414895.824 126580 8.003
1791414895.878 126588 8.121
1791414895.933 126596 8.018
1791414895.988 126604 8.116
1791414896.042 126612 8.021
1791414896.097 126620 8.121
1791414896.152 126628 8.209
1791414896.207 126636 8.161
1791414896.261 126644 8.097
1791414896.316 126652 8.107
1791414896.371 126660 8.196
1791414896.425 126668 8.082
1791414896.480 126676 8.077
1791414896.535 126684 8.049
1791414896.590 126692 8.104
1791414896.644 126700 8.085
1791414896.699 126708 8.056
1791414896.754 126716 8.092
1791414896.808 126724 8.110
1791414896.863 126732 8.083
1791414896.918 126740 8.022
1791414896.973 126748 8.214
1791414897.028 126756 8.513
1791414897.082 126764 8.283
1791414897.137 126772 8.245
1791414897.191 126780 8.125
1791414897.246 126788 8.174
1791414897.301 126796 8.155
1791414897.355 126804 8.113
1791414897.410 126812 8.148
1791414897.465 126820 8.192
1791414897.520 126828 8.207
1791414897.574 126836 8.203
1791414897.629 126844 8.153
1791414897.684 126852 8.085
1791414897.738 126860 8.068
1791414897.793 126868 8.077
1791414897.848 126876 8.067
1791414897.902 126884 8.146
1791414897.957 126892 8.072
1791414898.012 126900 8.110
1791414898.067 126908 8.143
1791414898.121 126916 8.043
1791414898.176 126924 8.090
1791414898.231 126932 8.135
1791414898.285 126940 8.085
1791414898.340 126948 8.053
1791414898.395 126956 8.226
1791414898.450 126964 8.181
1791414898.504 126972 8.075
1791414898.559 126980 8.190
1791414898.614 126988 8.177
1791414898.668 126996 8.084
1791414898.723 127004 8.118
1791414898.778 127012 8.038
1791414898.832 127020 8.047
1791414898.887 127028 8.189
1791414898.942 127036 8.269
1791414898.997 127044 8.162
1791414899.051 127052 8.100
1791414899.106 127060 8.075
1791414899.161 127068 8.102
1791414899.215 127076 8.042
1791414899.270 127084 7.988
1791414899.325 127092 8.046
1791414899.379 127100 8.032
1791414899.434 127108 8.034
1791414899.489 127116 8.256
1791414899.543 127124 8.091
1791414899.598 127132 8.025
1791414899.653 127140 8.016
1791414899.708 127148 8.032
1791414899.762 127156 8.016
1791414899.817 127164 8.194
1791414899.872 127172 8.003
1791414899.927 127180 8.806
1791414899.981 127188 8.069
1791414900.036 127196 8.335
1791414900.091 127204 8.702
1791414900.145 127212 8.188
1791414900.200 127220 8.084
1791414900.255 127228 8.031
1791414900.309 127236 8.070
1791414900.364 127244 8.032
1791414900.419 127252 8.173
1791414900.474 127260 8.167
1791414900.528 127268 8.137
1791414900.583 127276 7.944
1791414900.637 127284 8.018
1791414900.692 127292 8.139
1791414900.747 127300 8.155
1791414900.802 127308 8.120
1791414900.856 127316 8.173
1791414900.911 127324 8.102
1791414900.966 127332 8.047
1791414901.020 127340 8.065
1791414901.075 127348 8.003
1791414901.130 127356 8.096
1791414901.185 127364 8.111
1791414901.239 127372 8.007
1791414901.294 127380 8.020
1791414901.349 127388 8.057
1791414901.403 127396 8.082
1791414901.458 127404 8.100
1791414901.513 127412 8.232
1791414901.568 127420 8.143
1791414901.622 127428 8.233
1791414901.677 127436 8.235
1791414901.732 127444 8.202
1791414901.786 127452 8.061
1791414901.841 127460 8.111
1791414901.896 127468 8.055
1791414901.950 127476 8.087
1791414902.005 127484 8.101
1791414902.060 127492 8.109
1791414902.115 127500 8.107
1791414902.169 127508 8.123
1791414902.224 127516 8.085
1791414902.279 127524 8.113
1791414902.333 127532 8.204
1791414902.388 127540 8.139
1791414902.443 127548 8.110
1791414902.498 127556 8.200
1791414902.552 127564 8.149
1791414902.607 127572 8.085
1791414902.662 127580 8.023
1791414902.716 127588 8.027
1791414902.771 127596 7.996
1791414902.826 127604 8.060
1791414902.880 127612 8.025
1791414902.935 127620 8.120
1791414902.990 127628 8.048
1791414903.044 127636 8.078
1791414903.100 127644 8.253
1791414903.154 127652 8.061
1791414903.209 127660 8.120
1791414903.263 127668 8.114
1791414903.318 127676 8.062
1791414903.373 127684 7.989
1791414903.428 127692 8.232
1791414903.482 127700 7.992
1791414903.537 127708 8.123
1791414903.592 127716 8.154
1791414903.646 127724 8.038
1791414903.701 127732 8.079
1791414903.756 127740 8.021
1791414903.810 127748 8.096
1791414903.865 127756 8.075
1791414903.920 127764 8.005
1791414903.975 127772 8.173
1791414904.029 127780 8.077
1791414904.084 127788 8.124
1791414904.139 127796 8.080
1791414904.193 127804 8.172
1791414904.248 127812 8.051
1791414904.303 127820 7.962
1791414904.357 127828 8.039
1791414904.412 127836 8.121
1791414904.467 127844 8.038
1791414904.521 127852 7.997
1791414904.576 127860 8.026
1791414904.632 127868 8.760
1791414904.686 127876 8.055
1791414904.740 127884 8.213
1791414904.795 127892 8.096
1791414904.850 127900 8.061
1791414904.904 127908 8.000
1791414904.959 127916 8.026
1791414905.014 127924 8.013
1791414905.068 127932 8.027
1791414905.123 127940 8.059
1791414905.178 127948 8.090
1791414905.233 127956 8.054
1791414905.287 127964 8.160
1791414905.342 127972 8.011
1791414905.397 127980 8.007
1791414905.451 127988 8.066
1791414905.506 127996 8.052
1791414905.561 128004 8.122
1791414905.616 128012 8.150
1791414905.670 128020 7.968
1791414905.725 128028 8.113
1791414905.780 128036 8.106
1791414905.834 128044 8.099
1791414905.889 128052 8.044
1791414905.944 128060 8.046
1791414905.998 128068 8.066
1791414906.053 128076 8.152
1791414906.108 128084 8.048
1791414906.163 128092 8.119
1791414906.217 128100 8.102
1791414906.272 128108 8.052
1791414906.327 128116 8.122
1791414906.382 128124 8.314
1791414906.436 128132 7.967
1791414906.491 128140 8.025
1791414906.546 128148 8.149
1791414906.600 128156 8.083
1791414906.655 128164 8.285
1791414906.710 128172 8.216
1791414906.764 128180 8.122
1791414906.819 128188 8.055
1791414906.874 128196 8.107
1791414906.928 128204 8.131
1791414906.983 128212 8.130
1791414907.038 128220 8.319
1791414907.093 128228 8.102
1791414907.148 128236 8.460
1791414907.202 128244 8.178
1791414907.257 128252 8.074
1791414907.311 128260 8.159
1791414907.366 128268 8.384
1791414907.421 128276 8.261
1791414907.475 128284 8.090
1791414907.530 128292 7.981
1791414907.585 128300 8.117
1791414907.639 128308 7.974
1791414907.694 128316 8.144
1791414907.749 128324 8.094
1791414907.804 128332 8.106
1791414907.858 128340 8.117
1791414907.913 128348 8.087
1791414907.968 128356 8.066
1791414908.022 128364 7.972
1791414908.077 128372 7.993
1791414908.132 128380 7.938
1791414908.187 128388 8.009
1791414908.241 128396 8.164
1791414908.296 128404 8.115
1791414908.351 128412 7.982
1791414908.405 128420 8.051
1791414908.460 128428 8.050
1791414908.515 128436 8.117
1791414908.570 128444 8.091
1791414908.624 128452 8.103
1791414908.679 128460 8.107
1791414908.734 128468 8.117
1791414908.788 128476 8.104
1791414908.843 128484 8.149
1791414908.898 128492 8.072
1791414908.952 128500 8.076
1791414909.007 128508 8.080
1791414909.062 128516 8.137
1791414909.117 128524 8.148
1791414909.171 128532 8.178
1791414909.226 128540 8.202
1791414909.281 128548 8.180
1791414909.335 128556 8.238
1791414909.390 128564 8.146
1791414909.445 128572 8.050
1791414909.499 128580 8.088
1791414909.554 128588 8.086
1791414909.609 128596 8.056
1791414909.664 128604 8.114
1791414909.718 128612 8.033
1791414909.773 128620 8.125
1791414909.828 128628 8.118
1791414909.882 128636 8.154
1791414909.937 128644 8.130
1791414909.992 128652 8.233
1791414910.046 128660 8.090
1791414910.101 128668 8.118
1791414910.156 128676 8.133
1791414910.211 128684 8.105
1791414910.265 128692 8.161
