elapsed_seconds,latency_ms,ok
0.2,237.5,1
0.4,150.1,1
0.5,141.6,1
0.7,170.6,1
1.0,257.4,1
6.0,71.9,1
6.1,70.6,1
6.2,71.5,1
6.2,72.8,1
6.3,89.4,1
11.4,72.6,1
11.5,71.6,1
11.6,70.8,1
11.6,72.7,1
11.7,89.4,1
16.8,74.8,1
16.9,79.6,1
17.0,76.9,1
17.1,101.8,1
17.1,72.4,1
22.2,71.4,1
22.3,72.9,1
22.4,71.0,1
22.4,74.6,1
22.5,70.2,1
27.6,75.7,1
27.7,128.9,1
27.8,71.8,1
27.8,71.9,1
27.9,73.8,1
33.0,73.2,1
33.1,79.7,1
33.1,69.9,1
33.2,69.8,1
33.3,72.8,1
38.4,70.6,1
38.4,72.4,1
38.5,70.4,1
38.6,71.9,1
38.7,70.3,1
43.7,72.4,1
43.8,70.9,1
43.9,72.7,1
43.9,70.1,1
44.0,69.5,1
49.1,93.8,1
49.2,110.0,1
49.3,71.8,1
49.4,84.4,1
49.4,72.0,1
54.5,70.9,1
54.6,98.4,1
54.7,72.3,1
54.8,123.0,1
54.9,76.0,1
60.0,71.0,1
60.1,86.1,1
60.1,69.4,1
60.2,72.1,1
60.3,71.7,1
65.3,71.1,1
65.4,86.0,1
65.5,73.7,1
65.6,71.7,1
65.6,71.4,1
70.8,102.4,1
70.8,73.8,1
70.9,85.8,1
71.0,70.9,1
71.1,72.3,1
76.1,81.6,1
76.3,110.8,1
76.3,84.5,1
76.4,85.2,1
76.5,104.9,1
81.6,72.1,1
81.7,69.2,1
81.8,117.6,1
81.9,85.5,1
82.0,78.8,1
87.0,84.0,1
87.1,70.9,1
87.2,83.7,1
87.3,83.9,1
87.4,72.1,1
92.4,83.2,1
92.5,86.1,1
92.6,91.0,1
92.7,96.6,1
92.8,79.0,1
97.9,93.5,1
98.0,105.0,1
98.1,73.4,1
98.2,88.0,1
98.2,69.9,1
103.3,93.3,1
103.4,81.2,1
103.5,83.7,1
103.6,75.1,1
103.7,91.0,1
108.7,82.7,1
108.8,84.1,1
108.9,80.0,1
109.0,91.6,1
109.1,73.1,1
114.1,73.0,1
114.2,71.9,1
114.3,70.9,1
114.4,71.4,1
114.4,73.5,1
119.5,71.1,1
119.6,81.5,1
119.7,85.6,1
119.8,72.3,1
119.8,72.5,1
124.9,86.4,1
125.0,71.6,1
125.1,72.3,1
125.1,70.4,1
125.2,91.4,1
130.3,85.1,1
130.4,85.0,1
130.5,71.9,1
130.5,69.2,1
130.6,72.5,1
135.7,109.3,1
135.8,83.6,1
135.9,122.7,1
136.0,83.4,1
136.1,97.3,1
141.2,109.9,1
141.3,99.8,1
141.4,84.9,1
141.5,105.9,1
141.6,126.2,1
146.7,96.5,1
146.9,134.4,1
147.0,79.2,1
147.0,74.7,1
147.1,73.4,1
152.2,74.6,1
152.3,71.4,1
152.3,74.7,1
152.4,118.5,1
152.5,82.5,1
157.6,77.3,1
157.7,74.9,1
157.8,96.6,1
157.9,96.5,1
158.0,95.4,1
163.1,116.6,1
163.2,80.8,1
163.2,71.7,1
163.4,112.8,1
163.5,97.4,1
168.5,85.4,1
168.6,90.1,1
168.7,74.0,1
168.8,73.8,1
168.9,117.1,1
174.0,72.4,1
174.1,77.1,1
174.1,91.0,1
174.2,68.9,1
174.3,69.9,1
179.4,99.3,1
179.5,71.4,1
179.6,114.8,1
179.7,79.8,1
179.8,92.8,1
184.8,72.3,1
184.9,87.5,1
185.0,72.5,1
185.1,85.4,1
185.1,71.0,1
190.2,70.4,1
190.3,86.4,1
190.4,85.8,1
190.5,106.8,1
190.6,82.3,1
195.7,91.9,1
195.8,87.4,1
195.8,78.6,1
195.9,75.7,1
196.0,126.4,1
201.1,87.1,1
201.2,91.6,1
201.3,72.9,1
201.4,81.6,1
201.5,96.4,1
206.6,91.5,1
206.6,74.0,1
206.7,86.2,1
206.8,73.1,1
206.9,104.9,1
212.0,69.4,1
212.1,73.1,1
212.1,86.9,1
212.2,70.8,1
212.3,95.0,1
217.4,81.6,1
217.5,72.1,1
217.5,72.6,1
217.6,74.5,1
217.7,74.8,1
222.8,72.4,1
222.9,86.3,1
222.9,86.5,1
223.0,89.3,1
223.1,106.3,1
228.2,91.4,1
228.3,71.2,1
228.4,73.5,1
228.5,82.1,1
228.5,70.8,1
233.6,106.5,1
233.7,73.0,1
233.8,75.9,1
233.9,69.9,1
233.9,75.2,1
239.0,109.7,1
239.2,120.2,1
239.3,90.4,1
239.4,123.3,1
239.5,103.0,1
244.6,102.3,1
244.7,78.0,1
244.8,96.2,1
244.9,120.7,1
245.0,84.4,1
250.1,102.5,1
250.2,95.1,1
250.2,72.5,1
250.3,72.3,1
250.4,70.7,1
255.5,77.2,1
255.5,72.7,1
255.6,99.1,1
255.7,83.8,1
255.9,138.0,1
260.9,76.4,1
261.0,70.3,1
261.1,70.5,1
261.2,82.5,1
261.2,71.2,1
266.3,71.8,1
266.4,70.3,1
266.5,85.0,1
266.6,92.4,1
266.7,110.1,1
271.8,136.1,1
271.9,113.8,1
272.0,73.8,1
272.1,134.3,1
272.2,92.9,1
277.3,73.1,1
277.4,102.4,1
277.5,126.0,1
277.6,85.8,1
277.7,110.9,1
282.8,95.3,1
282.9,104.5,1
283.0,75.3,1
283.1,101.9,1
283.3,139.2,1
288.3,90.1,1
288.4,71.1,1
288.5,96.1,1
288.6,99.0,1
288.7,72.5,1
293.8,129.8,1
293.9,77.4,1
294.0,70.9,1
294.0,70.8,1
294.1,98.7,1
299.3,138.2,1
299.4,80.7,1
299.5,107.3,1
299.5,74.2,1
299.7,137.2,1
304.8,73.2,1
304.8,81.9,1
304.9,79.3,1
305.0,97.1,1
305.1,100.5,1
310.2,103.4,1
310.3,80.6,1
310.4,71.6,1
310.5,119.9,1
310.6,83.0,1
315.7,73.5,1
315.7,73.5,1
315.8,74.6,1
315.9,119.4,1
316.0,74.2,1
321.1,139.0,1
321.2,72.7,1
321.3,83.8,1
321.4,95.4,1
321.5,73.9,1
326.6,101.6,1
326.7,122.0,1
326.8,99.1,1
326.9,95.4,1
327.0,100.1,1
332.1,113.5,1
332.2,105.5,1
332.3,89.5,1
332.4,101.2,1
332.6,146.8,1
337.6,79.1,1
337.8,146.6,1
337.9,84.7,1
338.0,117.3,1
338.1,86.4,1
343.2,89.1,1
343.3,84.4,1
343.4,100.9,1
343.5,102.0,1
343.5,70.5,1
348.6,84.4,1
348.7,69.9,1
348.8,74.0,1
348.8,71.3,1
348.9,107.3,1
354.0,72.3,1
354.1,72.2,1
354.2,83.2,1
354.2,71.4,1
354.3,72.6,1
359.4,77.5,1
359.5,91.3,1
359.6,85.2,1
359.6,71.2,1
359.7,88.5,1
364.8,75.8,1
364.9,98.3,1
365.0,75.5,1
365.1,71.7,1
365.1,73.2,1
370.2,72.5,1
370.3,85.4,1
370.4,71.0,1
370.4,70.1,1
370.5,73.8,1
375.6,80.9,1
375.7,98.0,1
375.8,82.3,1
375.9,141.3,1
376.0,86.9,1
381.1,71.8,1
381.2,89.4,1
381.2,71.5,1
381.3,100.1,1
381.4,71.2,1
386.5,115.5,1
386.6,123.5,1
386.7,81.1,1
386.9,139.1,1
387.0,87.7,1
392.0,80.6,1
392.1,90.5,1
392.2,74.3,1
392.3,75.4,1
392.4,70.5,1
397.4,71.8,1
397.5,70.3,1
397.6,71.5,1
397.7,86.9,1
397.7,74.9,1
402.9,115.1,1
403.0,141.6,1
403.1,95.2,1
403.2,87.0,1
403.3,95.2,1
408.3,71.6,1
408.5,127.9,1
408.6,140.2,1
408.7,87.6,1
408.8,80.3,1
413.9,85.7,1
414.0,85.7,1
414.0,84.1,1
414.2,139.8,1
414.3,90.2,1
419.4,143.4,1
419.5,97.8,1
419.6,79.6,1
419.7,112.7,1
419.8,72.0,1
424.9,88.6,1
425.0,96.9,1
425.1,128.4,1
425.2,75.5,1
425.2,73.9,1
430.3,78.0,1
430.4,89.8,1
430.6,131.5,1
430.7,154.2,1
430.8,77.1,1
435.9,134.1,1
436.0,73.7,1
436.1,91.5,1
436.2,99.1,1
436.3,91.6,1
441.4,71.1,1
441.4,71.0,1
441.5,72.0,1
441.6,70.2,1
441.7,83.3,1
446.7,74.0,1
446.9,137.7,1
446.9,81.8,1
447.1,135.1,1
447.2,85.1,1
452.3,127.4,1
452.4,127.3,1
452.6,144.1,1
452.7,108.9,1
452.8,82.8,1
457.9,97.9,1
458.0,102.7,1
458.1,122.4,1
458.2,123.7,1
458.3,84.2,1
463.4,140.3,1
463.6,123.0,1
463.7,139.1,1
463.8,134.9,1
464.0,114.3,1
469.1,146.6,1
469.2,69.9,1
469.3,127.9,1
469.4,76.9,1
469.5,72.2,1
474.6,118.9,1
474.7,133.6,1
474.8,85.0,1
474.9,133.0,1
475.0,93.6,1
480.2,132.8,1
480.3,113.4,1
480.4,133.4,1
480.6,148.5,1
480.7,129.0,1
485.8,79.3,1
485.9,139.5,1
486.1,148.4,1
486.1,70.0,1
486.2,121.8,1
491.3,71.7,1
491.4,72.5,1
491.5,72.4,1
491.5,72.0,1
491.6,73.8,1
496.7,125.2,1
496.9,120.5,1
497.0,87.7,1
497.1,115.1,1
497.2,116.6,1
502.3,88.0,1
502.4,116.3,1
502.5,71.8,1
502.5,76.6,1
502.6,99.4,1
507.8,126.4,1
507.9,136.7,1
508.0,89.0,1
508.1,103.9,1
508.2,135.6,1
513.3,98.5,1
513.4,81.8,1
513.5,84.9,1
513.6,122.5,1
513.7,109.0,1
518.8,75.5,1
518.9,89.4,1
519.0,75.0,1
519.1,92.4,1
519.2,88.8,1
524.2,72.3,1
524.3,94.5,1
524.4,85.8,1
524.5,72.1,1
524.6,72.3,1
529.6,75.5,1
529.7,83.8,1
529.8,91.3,1
529.9,120.0,1
530.0,103.6,1
535.1,72.5,1
535.2,109.6,1
535.3,92.3,1
535.4,103.6,1
535.5,72.0,1
540.6,72.2,1
540.7,144.7,1
540.8,121.2,1
541.0,115.0,1
541.1,137.3,1
546.2,96.3,1
546.3,141.3,1
546.4,99.3,1
546.5,106.6,1
546.6,73.2,1
551.8,147.6,1
551.8,72.3,1
552.0,143.3,1
552.1,126.4,1
552.3,143.6,1
557.3,76.4,1
557.4,77.6,1
557.5,91.7,1
557.6,143.5,1
557.8,112.5,1
562.9,100.2,1
563.0,131.2,1
563.1,85.0,1
563.2,75.1,1
563.3,114.1,1
568.4,104.8,1
568.5,116.4,1
568.6,93.0,1
568.7,133.7,1
568.8,77.9,1
573.9,83.9,1
574.0,79.6,1
574.1,108.2,1
574.2,85.2,1
574.3,109.2,1
579.4,76.7,1
579.4,87.1,1
579.5,83.3,1
579.6,83.2,1
579.7,73.1,1
584.8,83.7,1
584.9,128.0,1
585.0,84.0,1
585.1,73.5,1
585.1,75.0,1
590.3,132.5,1
590.4,133.7,1
590.5,147.2,1
590.6,102.4,1
590.8,142.4,1
595.9,141.2,1
596.1,121.7,1
596.1,89.7,1
596.3,115.0,1
596.4,152.0,1
601.5,112.3,1
601.6,111.2,1
601.8,137.4,1
601.9,117.4,1
602.0,141.3,1
607.1,93.2,1
607.2,77.0,1
607.3,74.9,1
607.4,102.4,1
607.5,97.9,1
612.6,135.4,1
612.8,128.9,1
612.9,123.4,1
613.0,99.8,1
613.1,142.4,1
618.2,80.1,1
618.3,97.4,1
618.4,93.2,1
618.5,115.7,1
618.7,154.0,1
623.7,73.1,1
623.8,77.6,1
623.9,76.5,1
624.0,71.3,1
624.1,132.4,1
629.2,104.7,1
629.3,129.1,1
629.4,76.5,1
629.5,73.4,1
629.6,73.5,1
634.7,84.3,1
634.8,97.7,1
634.9,143.3,1
635.0,102.8,1
635.1,106.4,1
640.2,133.2,1
640.4,125.8,1
640.5,141.1,1
640.6,121.3,1
640.8,121.0,1
645.9,93.5,1
646.0,129.8,1
646.1,131.3,1
646.3,137.2,1
646.4,134.6,1
651.5,96.8,1
651.6,123.2,1
651.7,89.8,1
651.8,121.7,1
652.0,133.9,1
657.1,139.0,1
657.2,145.3,1
657.4,156.1,1
657.6,152.8,1
657.7,150.3,1
662.8,135.7,1
662.9,84.4,1
663.0,86.1,1
663.1,83.7,1
663.2,110.8,1
668.3,71.2,1
668.4,93.9,1
668.5,74.9,1
668.5,72.5,1
668.6,99.2,1
673.7,88.7,1
673.8,93.0,1
673.9,112.4,1
674.1,124.9,1
674.2,158.8,1
679.3,104.5,1
679.4,107.9,1
679.6,146.4,1
679.7,137.1,1
679.8,126.8,1
685.0,145.7,1
685.1,134.7,1
685.2,120.9,1
685.4,140.2,1
685.5,152.8,1
690.7,147.5,1
690.8,125.1,1
690.9,134.4,1
691.1,123.9,1
691.2,117.6,1
696.3,122.8,1
696.4,126.4,1
696.6,157.8,1
696.7,143.4,1
696.9,128.7,1
702.0,143.9,1
702.2,133.5,1
702.3,122.8,1
702.4,124.4,1
702.5,132.8,1
707.6,82.7,1
707.7,95.8,1
707.9,137.9,1
708.0,99.7,1
708.1,125.1,1
713.2,76.2,1
713.2,72.6,1
713.3,74.7,1
713.4,99.1,1
713.5,119.2,1
718.6,73.7,1
718.7,120.9,1
718.9,125.5,1
719.0,106.0,1
719.0,73.2,1
724.1,74.7,1
724.3,151.1,1
724.4,121.1,1
724.5,134.1,1
724.6,127.6,1
729.8,144.3,1
729.9,136.3,1
730.0,100.9,1
730.2,142.4,1
730.3,111.9,1
735.4,122.0,1
735.5,114.4,1
735.6,88.8,1
735.8,151.2,1
735.9,133.4,1
741.0,101.1,1
741.1,126.8,1
741.3,121.0,1
741.3,82.8,1
741.5,146.6,1
746.6,95.2,1
746.7,101.7,1
746.8,127.8,1
746.9,134.0,1
747.1,127.1,1
752.2,120.8,1
752.3,95.7,1
752.4,150.0,1
752.6,128.9,1
752.7,128.5,1
757.8,86.8,1
757.9,112.9,1
758.0,99.2,1
758.1,75.3,1
758.2,97.9,1
763.3,73.8,1
763.3,73.8,1
763.5,123.1,1
763.5,93.7,1
763.7,140.8,1
768.8,125.2,1
769.0,132.7,1
769.0,88.3,1
769.2,143.5,1
769.3,132.9,1
774.5,143.0,1
774.6,119.2,1
774.7,125.2,1
774.8,142.3,1
775.0,135.1,1
780.1,113.8,1
780.2,100.8,1
780.3,128.3,1
780.4,73.3,1
780.5,130.2,1
785.7,121.2,1
785.8,129.3,1
785.9,91.8,1
786.0,139.2,1
786.1,102.0,1
791.3,137.2,1
791.4,117.0,1
791.5,141.0,1
791.6,124.5,1
791.8,106.1,1
796.9,141.3,1
797.0,95.7,1
797.1,124.9,1
797.2,115.7,1
797.3,96.9,1
802.4,84.2,1
802.5,93.3,1
802.6,73.9,1
802.7,132.4,1
802.8,120.0,1
807.9,83.0,1
808.0,74.2,1
808.1,123.6,1
808.2,96.2,1
808.3,72.3,1
813.4,118.7,1
813.6,142.1,1
813.7,178.4,1
813.9,151.9,1
814.0,133.2,1
819.2,129.2,1
819.3,143.8,1
819.4,123.5,1
819.6,140.2,1
819.7,156.6,1
824.9,137.1,1
825.0,113.3,1
825.1,122.2,1
825.2,121.0,1
825.3,97.7,1
830.4,120.9,1
830.6,138.3,1
830.7,117.9,1
830.8,123.9,1
831.0,136.0,1
836.1,130.4,1
836.2,145.5,1
836.4,146.6,1
836.5,150.2,1
836.7,161.0,1
841.8,82.6,1
841.9,137.1,1
842.1,133.7,1
842.2,92.1,1
842.2,73.6,1
847.4,139.6,1
847.5,111.7,1
847.6,114.1,1
847.7,104.6,1
847.8,93.0,1
852.9,110.8,1
853.1,144.0,1
853.2,98.0,1
853.2,95.2,1
853.4,125.1,1
858.5,109.8,1
858.6,128.6,1
858.7,108.5,1
858.9,151.4,1
859.0,128.1,1
864.1,134.9,1
864.3,143.8,1
864.4,104.3,1
864.5,100.5,1
864.6,138.1,1
869.8,123.9,1
869.9,119.0,1
870.0,122.5,1
870.1,93.0,1
870.2,123.9,1
875.3,93.5,1
875.4,129.7,1
875.6,125.4,1
875.7,160.2,1
875.8,113.7,1
880.9,93.3,1
881.1,124.1,1
881.2,126.7,1
881.3,139.2,1
881.5,150.7,1
886.6,110.9,1
886.7,120.5,1
886.8,126.7,1
887.0,140.0,1
887.1,129.4,1
892.3,136.7,1
892.3,87.4,1
892.4,86.4,1
892.5,96.5,1
892.6,85.0,1
897.7,73.6,1
897.8,99.5,1
897.9,125.5,1
898.0,78.6,1
898.1,146.9,1
903.3,134.6,1
903.4,116.8,1
903.5,111.1,1
903.6,137.6,1
903.8,140.8,1
908.9,90.3,1
909.0,140.4,1
909.1,95.1,1
909.3,135.7,1
909.3,92.3,1
914.4,100.0,1
914.6,118.8,1
914.7,136.3,1
914.8,123.6,1
914.9,109.5,1
920.0,77.7,1
920.1,123.5,1
920.3,129.0,1
920.4,157.0,1
920.6,123.7,1
925.7,147.6,1
925.8,110.0,1
925.9,135.7,1
926.1,126.5,1
926.2,117.0,1
931.3,95.4,1
931.4,89.3,1
931.5,117.5,1
931.6,108.4,1
931.7,88.6,1
936.8,103.1,1
937.0,148.8,1
937.1,131.5,1
937.2,86.4,1
937.3,120.2,1
942.4,108.0,1
942.6,145.6,1
942.7,108.9,1
942.8,120.0,1
942.9,121.2,1
948.0,91.0,1
948.1,86.8,1
948.2,105.7,1
948.3,130.3,1
948.4,95.0,1
953.6,140.2,1
953.7,102.1,1
953.8,121.0,1
953.9,147.5,1
954.0,104.6,1
959.1,81.6,1
959.2,91.0,1
959.3,129.6,1
959.5,132.2,1
959.6,130.9,1
964.7,81.0,1
964.8,118.1,1
964.9,114.6,1
965.1,143.6,1
965.2,104.7,1
970.3,103.1,1
970.4,90.8,1
970.5,113.2,1
970.6,122.4,1
970.7,121.4,1
975.9,124.1,1
976.0,153.1,1
976.1,72.7,1
976.2,96.8,1
976.3,82.2,1
981.3,86.1,1
981.5,140.1,1
981.6,143.4,1
981.7,72.9,1
981.8,110.2,1
986.9,99.1,1
987.0,104.5,1
987.1,89.4,1
987.2,97.6,1
987.3,95.6,1
992.4,87.0,1
992.5,134.7,1
992.7,119.7,1
992.8,113.0,1
992.9,138.9,1
998.0,81.2,1
998.1,133.2,1
998.3,139.5,1
998.4,140.4,1
998.6,195.7,1
1003.7,141.2,1
1003.9,137.1,1
1004.0,94.0,1
1004.1,107.0,1
1004.2,116.2,1
1009.3,128.2,1
1009.5,128.0,1
1009.6,131.9,1
1009.7,93.1,1
1009.8,141.6,1
1015.0,140.4,1
1015.1,154.2,1
1015.3,144.0,1
1015.4,129.2,1
1015.5,149.9,1
1020.6,90.8,1
1020.8,109.6,1
1020.9,148.9,1
1021.0,143.6,1
1021.2,140.8,1
1026.3,99.6,1
1026.4,82.6,1
1026.4,72.8,1
1026.6,108.5,1
1026.6,74.3,1
1031.8,138.3,1
1031.9,108.6,1
1032.0,154.3,1
1032.2,134.6,1
1032.3,101.8,1
1037.4,130.5,1
1037.5,84.0,1
1037.6,106.1,1
1037.7,135.0,1
1037.8,110.6,1
1042.9,100.9,1
1043.0,80.4,1
1043.2,145.7,1
1043.3,132.4,1
1043.4,124.0,1
1048.6,120.8,1
1048.7,120.3,1
1048.8,120.7,1
1048.9,131.0,1
1049.1,138.5,1
1054.2,114.7,1
1054.3,77.5,1
1054.4,153.0,1
1054.5,120.0,1
1054.6,114.1,1
1059.7,83.9,1
1059.9,145.8,1
1060.0,135.6,1
1060.2,147.0,1
1060.3,148.3,1
1065.5,140.2,1
1065.6,124.3,1
1065.7,89.3,1
1065.8,130.5,1
1065.9,124.4,1
1071.0,106.8,1
1071.2,123.0,1
1071.3,95.4,1
1071.4,99.8,1
1071.4,72.9,1
1076.5,73.0,1
1076.6,119.6,1
1076.7,88.7,1
1076.8,86.1,1
1076.9,103.9,1
1082.0,125.9,1
1082.1,92.6,1
1082.2,75.2,1
1082.3,144.6,1
1082.5,114.1,1
1087.6,123.5,1
1087.7,126.2,1
1087.8,101.3,1
1087.9,117.3,1
1088.0,72.7,1
1093.1,137.0,1
1093.3,127.0,1
1093.4,127.1,1
1093.5,113.7,1
1093.6,119.7,1
1098.8,153.4,1
1098.9,137.1,1
1099.1,131.2,1
1099.2,133.6,1
1099.3,153.3,1
1104.5,110.1,1
1104.6,96.8,1
1104.6,91.8,1
1104.8,111.4,1
1104.9,145.7,1
1110.0,83.3,1
1110.1,140.2,1
1110.3,120.8,1
1110.4,127.3,1
1110.5,93.9,1
1115.6,70.5,1
1115.7,122.3,1
1115.7,71.5,1
1115.9,139.6,1
1116.0,131.0,1
1121.2,143.9,1
1121.3,110.3,1
1121.3,72.1,1
1121.4,101.5,1
1121.5,84.7,1
1126.6,113.7,1
1126.8,132.1,1
1126.9,128.3,1
1127.0,126.8,1
1127.1,107.6,1
1132.3,103.5,1
1132.4,144.3,1
1132.5,123.4,1
1132.6,127.3,1
1132.8,140.8,1
1137.9,134.8,1
1138.1,134.6,1
1138.1,78.5,1
1138.2,101.0,1
1138.3,82.2,1
1143.5,129.7,1
1143.6,130.9,1
1143.7,127.4,1
1143.8,81.7,1
1143.9,145.2,1
1149.0,82.5,1
1149.1,104.8,1
1149.3,122.3,1
1149.4,128.6,1
1149.5,109.1,1
1154.6,115.6,1
1154.7,108.0,1
1154.9,125.8,1
1155.0,134.4,1
1155.1,97.6,1
1160.2,72.5,1
1160.2,72.1,1
1160.3,103.5,1
1160.4,84.1,1
1160.5,110.4,1
1165.6,108.0,1
1165.7,100.4,1
1165.8,93.2,1
1166.0,133.6,1
1166.1,104.4,1
1171.2,90.8,1
1171.3,81.0,1
1171.4,127.8,1
1171.5,107.3,1
1171.6,141.4,1
1176.8,131.7,1
1176.9,110.1,1
1177.0,140.9,1
1177.2,189.3,1
1177.4,159.4,1
1182.5,84.3,1
1182.6,133.0,1
1182.7,142.3,1
1182.8,96.1,1
1182.9,115.9,1
1188.0,76.4,1
1188.1,125.1,1
1188.3,119.5,1
1188.3,74.1,1
1188.4,102.5,1
1193.6,149.3,1
1193.7,149.9,1
1193.9,194.0,1
1194.1,141.3,1
1194.3,175.0,1
1199.4,103.3,1
1199.5,121.6,1
1199.6,141.8,1
1199.8,131.7,1
1199.9,116.9,1
1205.0,100.5,1
1205.1,87.0,1
1205.2,88.3,1
1205.3,145.3,1
1205.4,109.5,1
1210.5,135.8,1
1210.7,112.0,1
1210.8,99.0,1
1210.8,72.0,1
1211.0,144.2,1
1216.1,103.5,1
1216.2,76.6,1
1216.3,146.7,1
1216.4,105.7,1
1216.5,128.5,1
1221.7,119.7,1
1221.8,128.2,1
1221.9,132.5,1
1222.1,132.3,1
1222.2,173.1,1
1227.3,73.2,1
1227.4,109.4,1
1227.6,136.3,1
1227.6,88.6,1
1227.8,148.9,1
1232.9,84.0,1
1233.0,91.8,1
1233.1,139.3,1
1233.2,119.2,1
1233.4,147.1,1
1238.5,97.2,1
1238.6,133.0,1
1238.7,90.0,1
1238.8,115.0,1
1238.9,138.3,1
1244.1,121.4,1
1244.2,91.0,1
1244.3,125.5,1
1244.4,102.3,1
1244.5,127.9,1
1249.6,117.0,1
1249.7,72.8,1
1249.8,73.7,1
1249.9,98.0,1
1250.0,96.7,1
1255.1,117.3,1
1255.2,125.1,1
1255.3,70.7,1
1255.4,71.9,1
1255.5,87.7,1
1260.5,74.3,1
1260.6,95.6,1
1260.8,131.6,1
1260.9,138.2,1
1261.0,99.0,1
1266.1,101.9,1
1266.2,107.6,1
1266.4,131.1,1
1266.5,127.5,1
1266.6,77.8,1
1271.7,141.4,1
1271.8,130.1,1
1272.0,148.1,1
1272.1,143.2,1
1272.3,125.8,1
1277.4,114.1,1
1277.4,74.1,1
1277.6,128.5,1
1277.7,134.0,1
1277.8,137.6,1
1283.0,148.0,1
1283.1,144.6,1
1283.3,123.4,1
1283.4,158.5,1
1283.6,166.4,1
1288.8,156.3,1
1288.9,127.1,1
1289.0,119.1,1
1289.1,149.3,1
1289.3,121.1,1
1294.4,96.0,1
1294.5,89.0,1
1294.6,136.7,1
1294.7,96.8,1
1294.8,98.7,1
1299.9,91.6,1
1300.0,134.3,1
1300.1,73.8,1
1300.2,136.9,1
1300.3,73.1,1
1305.4,112.6,1
1305.6,138.1,1
1305.7,126.1,1
1305.8,96.6,1
1305.9,132.5,1
1311.0,112.6,1
1311.1,72.0,1
1311.3,149.3,1
1311.4,148.0,1
1311.5,104.5,1
1316.6,120.5,1
1316.8,131.4,1
1316.9,139.7,1
1317.0,117.0,1
1317.1,124.5,1
1322.3,121.4,1
1322.4,128.5,1
1322.5,74.4,1
1322.6,89.4,1
1322.7,135.5,1
1327.8,119.2,1
1328.0,150.2,1
1328.1,113.9,1
1328.2,77.0,1
1328.3,112.4,1
1333.4,146.0,1
1333.5,90.4,1
1333.6,91.7,1
1333.7,128.1,1
1333.9,155.3,1
1339.0,140.5,1
1339.1,113.5,1
1339.3,110.4,1
1339.3,71.7,1
1339.5,132.0,1
1344.6,138.4,1
1344.7,94.6,1
1344.8,73.8,1
1344.9,118.0,1
1345.0,77.2,1
1350.0,72.9,1
1350.1,80.6,1
1350.2,112.9,1
1350.3,101.4,1
1350.4,92.9,1
1355.6,144.4,1
1355.7,123.3,1
1355.8,144.1,1
1356.0,189.8,1
1356.2,184.9,1
1361.4,153.5,1
1361.5,118.0,1
1361.6,124.2,1
1361.7,113.6,1
1361.9,127.5,1
1367.0,128.8,1
1367.1,76.6,1
1367.2,135.9,1
1367.3,138.2,1
1367.5,103.9,1
1372.6,116.0,1
1372.7,156.0,1
1372.9,128.8,1
1373.0,182.6,1
1373.2,204.2,1
1378.4,100.8,1
1378.5,130.4,1
1378.6,115.6,1
1378.7,146.0,1
1378.8,103.8,1
1384.0,112.6,1
1384.1,105.3,1
1384.2,107.2,1
1384.3,87.3,1
1384.4,122.7,1
1389.5,137.3,1
1389.6,101.7,1
1389.7,73.8,1
1389.8,110.6,1
1389.9,125.6,1
1395.0,76.1,1
1395.1,115.5,1
1395.2,110.8,1
1395.4,128.7,1
1395.5,138.1,1
1400.6,107.8,1
1400.7,105.3,1
1400.8,96.0,1
1401.0,129.4,1
1401.0,73.6,1
1406.1,94.3,1
1406.3,151.2,1
1406.4,118.9,1
1406.5,119.7,1
1406.6,76.6,1
1411.7,98.2,1
1411.8,87.6,1
1411.9,124.0,1
1412.0,117.8,1
1412.1,95.9,1
1417.2,98.2,1
1417.4,147.5,1
1417.5,115.2,1
1417.6,97.5,1
1417.7,113.7,1
1422.8,122.3,1
1423.0,149.5,1
1423.1,141.9,1
1423.3,164.0,1
1423.4,133.9,1
1428.5,73.6,1
1428.6,79.8,1
1428.7,119.2,1
1428.8,75.7,1
1428.9,151.1,1
1434.0,73.9,1
1434.1,103.5,1
1434.2,71.0,1
1434.2,71.8,1
1434.4,116.7,1
1439.5,144.8,1
1439.6,75.2,1
1439.7,128.1,1
1439.8,81.0,1
1439.9,136.8,1
1445.0,74.8,1
1445.1,75.7,1
1445.2,123.6,1
1445.3,113.8,1
1445.5,146.1,1
1450.6,119.2,1
1450.7,132.4,1
1450.8,90.4,1
1450.9,128.3,1
1451.1,115.7,1
1456.2,97.7,1
1456.3,105.5,1
1456.4,127.6,1
1456.5,109.0,1
1456.6,113.1,1
1461.7,97.8,1
1461.8,112.7,1
1462.0,130.6,1
1462.1,111.8,1
1462.2,121.7,1
1467.3,101.1,1
1467.4,123.5,1
1467.6,144.5,1
1467.7,123.0,1
1467.9,153.5,1
1472.9,90.0,1
1473.1,110.1,1
1473.2,98.5,1
1473.2,85.9,1
1473.3,75.1,1
1478.4,73.6,1
1478.5,77.0,1
1478.6,94.7,1
1478.7,104.5,1
1478.8,114.7,1
1483.9,105.2,1
1484.0,141.8,1
1484.2,114.8,1
1484.2,97.0,1
1484.4,118.9,1
1489.5,111.2,1
1489.6,94.8,1
1489.7,122.0,1
1489.8,106.4,1
1489.9,123.4,1
1495.1,121.6,1
1495.1,94.6,1
1495.3,133.6,1
1495.4,101.5,1
1495.5,131.8,1
1500.7,144.6,1
1500.8,128.4,1
1500.9,149.4,1
1501.1,143.3,1
1501.2,139.5,1
1506.4,126.9,1
1506.5,128.9,1
1506.6,133.3,1
1506.7,124.9,1
1506.9,112.5,1
1512.0,118.6,1
1512.1,119.4,1
1512.2,108.5,1
1512.3,98.1,1
1512.4,136.0,1
1517.5,87.7,1
1517.6,111.8,1
1517.7,101.2,1
1517.8,93.6,1
1517.9,87.3,1
1523.0,74.0,1
1523.1,137.0,1
1523.2,89.8,1
1523.3,71.0,1
1523.4,115.7,1
1528.5,77.4,1
1528.6,82.3,1
1528.7,136.2,1
1528.8,110.9,1
1528.9,109.8,1
1534.1,148.3,1
1534.2,108.5,1
1534.3,74.9,1
1534.4,127.0,1
1534.6,163.5,1
1539.7,104.8,1
1539.8,112.5,1
1539.9,125.1,1
1540.0,111.4,1
1540.2,147.4,1
1545.3,130.9,1
1545.5,151.9,1
1545.6,123.9,1
1545.7,111.2,1
1545.8,93.7,1
1550.9,142.5,1
1551.1,149.8,1
1551.2,150.5,1
1551.4,147.6,1
1551.5,148.6,1
1556.7,125.5,1
1556.8,132.1,1
1556.9,103.6,1
1557.0,125.8,1
1557.2,121.8,1
1562.3,154.1,1
1562.4,130.6,1
1562.5,102.7,1
1562.7,117.2,1
1562.8,146.7,1
1567.9,134.4,1
1568.1,122.4,1
1568.2,148.0,1
1568.3,96.4,1
1568.4,71.3,1
1573.5,91.3,1
1573.6,130.3,1
1573.7,115.4,1
1573.8,90.3,1
1573.9,90.7,1
1579.0,81.3,1
1579.1,149.7,1
1579.3,118.8,1
1579.4,116.8,1
1579.5,118.6,1
1584.6,120.5,1
1584.8,131.7,1
1584.8,96.1,1
1585.0,138.2,1
1585.1,142.9,1
1590.2,101.5,1
1590.4,140.0,1
1590.5,132.0,1
1590.6,115.7,1
1590.7,85.8,1
1595.8,119.5,1
1596.0,149.2,1
1596.1,159.1,1
1596.3,142.7,1
1596.4,86.3,1
1601.5,82.2,1
1601.6,149.1,1
1601.7,123.8,1
1601.8,90.0,1
1601.9,89.4,1
1607.0,86.2,1
1607.1,95.5,1
1607.2,106.3,1
1607.3,115.0,1
1607.4,122.0,1
1612.5,76.2,1
1612.6,98.1,1
1612.7,122.7,1
1612.9,135.3,1
1613.0,103.4,1
1618.1,145.6,1
1618.3,119.1,1
1618.4,102.1,1
1618.4,72.5,1
1618.6,132.8,1
1623.7,125.3,1
1623.8,145.9,1
1624.0,133.0,1
1624.1,112.2,1
1624.2,133.6,1
1629.3,122.8,1
1629.5,120.5,1
1629.6,126.3,1
1629.7,149.3,1
1629.9,164.3,1
1635.0,74.8,1
1635.1,136.5,1
1635.3,152.1,1
1635.4,138.7,1
1635.5,120.9,1
1640.6,105.8,1
1640.7,105.7,1
1640.9,141.2,1
1641.0,135.6,1
1641.1,101.3,1
1646.2,79.6,1
1646.3,134.1,1
1646.5,150.3,1
1646.6,117.7,1
1646.7,118.9,1
1651.8,79.8,1
1651.9,92.1,1
1652.0,105.6,1
1652.1,94.8,1
1652.2,120.3,1
1657.3,73.9,1
1657.4,103.6,1
1657.5,91.9,1
1657.6,141.4,1
1657.7,95.1,1
1662.8,74.3,1
1662.9,80.1,1
1663.0,136.7,1
1663.2,125.6,1
1663.2,73.8,1
1668.3,80.6,1
1668.4,121.6,1
1668.6,125.5,1
1668.7,111.0,1
1668.8,132.8,1
1673.9,103.1,1
1674.1,145.7,1
1674.2,108.7,1
1674.3,117.3,1
1674.4,114.6,1
1679.5,90.9,1
1679.6,117.4,1
1679.7,121.6,1
1679.9,147.4,1
1680.0,124.6,1
1685.1,82.1,1
1685.2,108.9,1
1685.3,121.4,1
1685.4,125.7,1
1685.6,148.1,1
1690.7,118.4,1
1690.9,140.1,1
1691.0,100.8,1
1691.1,125.5,1
1691.2,120.3,1
1696.3,105.6,1
1696.4,130.2,1
1696.5,74.5,1
1696.6,112.7,1
1696.7,106.3,1
1701.9,138.8,1
1702.0,83.8,1
1702.1,94.7,1
1702.2,135.9,1
1702.3,72.8,1
1707.4,94.0,1
1707.5,136.5,1
1707.6,70.9,1
1707.7,142.4,1
1707.8,84.6,1
1712.9,134.7,1
1713.1,141.5,1
1713.2,149.7,1
1713.4,123.0,1
1713.5,144.1,1
1718.6,142.4,1
1718.8,140.6,1
1718.9,127.3,1
1719.0,78.4,1
1719.1,128.5,1
1724.3,148.7,1
1724.4,108.8,1
1724.5,92.2,1
1724.6,117.6,1
1724.7,153.1,1
1729.9,123.4,1
1730.0,161.6,1
1730.2,132.4,1
1730.3,153.8,1
1730.4,125.2,1
1735.5,72.9,1
1735.7,137.9,1
1735.8,133.7,1
1735.9,93.2,1
1736.0,141.3,1
1741.2,143.9,1
1741.3,136.5,1
1741.4,122.3,1
1741.5,86.4,1
1741.6,123.6,1
1746.8,145.7,1
1746.9,76.4,1
1747.0,114.8,1
1747.1,145.6,1
1747.2,79.2,1
1752.3,73.4,1
1752.4,92.7,1
1752.5,116.3,1
1752.6,123.4,1
1752.7,116.4,1
1757.8,99.3,1
1758.0,111.0,1
1758.1,110.5,1
1758.2,136.1,1
1758.3,74.2,1
1763.4,74.3,1
1763.5,127.7,1
1763.6,143.2,1
1763.7,123.0,1
1763.9,120.7,1
1769.0,140.4,1
1769.1,126.8,1
1769.3,121.0,1
1769.4,149.6,1
1769.5,105.0,1
1774.6,106.8,1
1774.8,146.1,1
1774.9,128.4,1
1775.0,131.2,1
1775.2,133.6,1
1780.3,120.7,1
1780.4,76.9,1
1780.5,154.4,1
1780.6,100.7,1
1780.8,140.2,1
1785.9,84.6,1
1786.0,138.8,1
1786.1,136.9,1
1786.2,121.0,1
1786.4,121.0,1
1791.5,95.6,1
1791.6,116.1,1
1791.7,89.7,1
1791.8,146.6,1
1791.9,108.2,1
1797.0,94.3,1
1797.1,73.6,1
1797.2,126.6,1
1797.3,91.8,1
1797.4,120.0,1
1802.6,123.5,1
1802.7,133.0,1
1802.8,136.1,1
1803.0,137.9,1
1803.1,84.5,1
1808.2,122.1,1
1808.3,128.7,1
1808.4,123.5,1
1808.6,145.6,1
1808.7,128.7,1
1813.8,122.3,1
1814.0,125.4,1
1814.1,137.5,1
1814.2,135.9,1
1814.3,74.6,1
1819.4,93.7,1
1819.5,79.3,1
1819.6,105.2,1
1819.7,134.3,1
1819.8,103.9,1
1825.0,129.3,1
1825.1,123.0,1
1825.2,147.5,1
1825.3,83.6,1
1825.5,138.1,1
1830.6,123.4,1
1830.7,137.3,1
1830.8,79.1,1
1830.9,113.1,1
1831.0,128.8,1
1836.1,80.1,1
1836.3,121.6,1
1836.3,84.9,1
1836.4,109.5,1
1836.6,129.4,1
1841.7,111.0,1
1841.8,71.3,1
1841.9,109.7,1
1842.0,77.7,1
1842.0,94.1,1
1847.2,142.7,1
1847.3,114.8,1
1847.5,147.6,1
1847.6,105.5,1
1847.7,129.5,1
1852.8,99.4,1
1852.9,131.4,1
1853.1,138.6,1
1853.2,143.9,1
1853.3,115.1,1
1858.4,110.6,1
1858.6,118.7,1
1858.7,137.5,1
1858.8,114.4,1
1858.9,134.4,1
1864.1,127.1,1
1864.2,126.0,1
1864.3,99.2,1
1864.4,115.9,1
1864.5,100.0,1
1869.6,121.7,1
1869.8,109.3,1
1869.9,142.0,1
1870.0,147.5,1
1870.2,147.4,1
1875.3,118.7,1
1875.5,153.8,1
1875.6,153.4,1
1875.8,147.1,1
1876.0,187.7,1
1881.1,109.8,1
1881.1,70.6,1
1881.3,115.6,1
1881.3,86.9,1
1881.4,104.0,1
1886.5,73.2,1
1886.6,83.1,1
1886.7,109.1,1
1886.8,130.0,1
1887.0,113.8,1
1892.1,151.9,1
1892.3,137.3,1
1892.4,145.1,1
1892.5,137.8,1
1892.7,167.5,1
1897.8,119.4,1
1898.0,125.6,1
1898.1,128.9,1
1898.2,125.9,1
1898.3,75.9,1
1903.4,126.5,1
1903.6,148.9,1
1903.7,93.0,1
1903.8,133.8,1
1903.9,115.4,1
1909.1,144.3,1
1909.2,151.4,1
1909.3,138.4,1
1909.5,122.7,1
1909.6,95.4,1
1914.7,110.2,1
1914.8,130.4,1
1914.9,91.3,1
1915.0,89.3,1
1915.1,132.0,1
1920.2,93.7,1
1920.3,126.8,1
1920.4,94.4,1
1920.6,132.3,1
1920.7,143.9,1
1925.8,74.3,1
1925.9,140.3,1
1926.0,78.6,1
1926.2,137.6,1
1926.2,85.3,1
1931.3,88.1,1
1931.5,119.8,1
1931.5,73.3,1
1931.7,143.3,1
1931.8,121.4,1
1936.9,84.0,1
1937.0,135.4,1
1937.1,130.5,1
1937.3,111.1,1
1937.4,149.0,1
1942.5,94.1,1
1942.7,150.2,1
1942.8,127.0,1
1942.9,122.8,1
1943.0,125.1,1
1948.1,82.5,1
1948.3,139.8,1
1948.4,153.5,1
1948.5,100.5,1
1948.6,80.4,1
1953.7,137.3,1
1953.9,127.0,1
1954.0,132.1,1
1954.1,80.9,1
1954.2,123.3,1
1959.3,80.6,1
1959.4,84.7,1
1959.5,141.8,1
1959.6,114.1,1
1959.8,156.6,1
1964.9,107.5,1
1965.0,146.6,1
1965.2,130.6,1
1965.3,125.0,1
1965.4,128.9,1
1970.5,107.2,1
1970.6,104.0,1
1970.7,108.9,1
1970.9,118.6,1
1971.0,116.6,1
1976.1,75.6,1
1976.2,102.1,1
1976.3,113.7,1
1976.3,70.7,1
1976.5,111.2,1
1981.6,114.7,1
1981.7,143.0,1
1981.9,141.6,1
1982.0,89.9,1
1982.1,123.5,1
1987.2,88.5,1
1987.3,143.8,1
1987.4,106.0,1
1987.6,133.4,1
1987.7,114.0,1
1992.8,121.4,1
1992.9,101.0,1
1993.0,115.6,1
1993.1,110.3,1
1993.3,145.3,1
1998.3,74.2,1
1998.5,119.4,1
1998.6,111.6,1
1998.7,135.8,1
1998.8,118.0,1
2004.0,146.6,1
2004.1,99.0,1
2004.2,110.6,1
2004.3,72.8,1
2004.4,111.9,1
2009.5,89.8,1
2009.6,114.4,1
2009.7,135.5,1
2009.8,114.1,1
2010.0,150.2,1
2015.1,144.3,1
2015.2,72.3,1
2015.3,92.5,1
2015.4,115.5,1
2015.5,72.0,1
2020.6,89.8,1
2020.6,72.3,1
2020.8,154.0,1
2020.9,98.5,1
2021.0,74.9,1
2026.1,112.2,1
2026.2,84.5,1
2026.3,142.4,1
2026.5,134.4,1
2026.6,146.1,1
2031.7,107.3,1
2031.8,128.6,1
2032.0,131.0,1
2032.1,132.4,1
2032.2,72.9,1
2037.3,96.7,1
2037.4,112.5,1
2037.5,147.3,1
2037.6,102.7,1
2037.7,108.1,1
2042.8,81.7,1
2043.0,118.8,1
2043.1,123.7,1
2043.2,109.6,1
2043.3,129.2,1
2048.4,128.3,1
2048.6,146.5,1
2048.7,123.9,1
2048.8,118.0,1
2049.0,132.2,1
2054.1,126.0,1
2054.2,132.5,1
2054.4,153.2,1
2054.5,153.6,1
2054.7,153.1,1
2059.8,107.8,1
2059.9,129.5,1
2060.0,110.9,1
2060.1,77.9,1
2060.2,119.2,1
2065.4,126.7,1
2065.5,127.2,1
2065.6,97.4,1
2065.7,120.8,1
2065.8,86.4,1
2071.0,137.8,1
2071.1,167.5,1
2071.2,122.1,1
2071.4,112.2,1
2071.5,135.2,1
2076.6,128.5,1
2076.7,118.3,1
2076.9,126.6,1
2077.0,121.1,1
2077.1,122.7,1
2082.2,127.5,1
2082.4,116.5,1
2082.5,144.9,1
2082.6,138.8,1
2082.8,112.6,1
2087.9,145.5,1
2088.0,125.1,1
2088.2,124.2,1
2088.3,128.1,1
2088.4,120.9,1
2093.5,136.2,1
2093.7,119.1,1
2093.8,112.4,1
2093.9,123.4,1
2094.0,129.1,1
2099.2,122.5,1
2099.3,129.9,1
2099.4,122.9,1
2099.5,122.4,1
2099.7,135.1,1
2104.8,104.2,1
2104.9,108.4,1
2105.0,124.7,1
2105.1,87.1,1
2105.2,123.2,1
2110.3,71.7,1
2110.4,71.1,1
2110.5,115.2,1
2110.6,91.5,1
2110.7,91.2,1
2115.8,94.4,1
2115.9,146.9,1
2116.1,150.7,1
2116.1,76.1,1
2116.3,120.5,1
2121.4,132.2,1
2121.6,160.1,1
2121.6,97.7,1
2121.8,112.5,1
2121.9,131.2,1
2127.0,127.5,1
2127.1,121.7,1
2127.3,146.1,1
2127.4,108.6,1
2127.5,120.1,1
2132.7,129.5,1
2132.8,144.9,1
2133.0,159.9,1
2133.1,149.2,1
2133.2,127.0,1
2138.4,139.3,1
2138.5,138.5,1
2138.7,129.6,1
2138.8,146.7,1
2138.9,145.4,1
2144.1,108.0,1
2144.2,104.4,1
2144.3,143.2,1
2144.4,74.2,1
2144.5,150.4,1
2149.7,124.8,1
2149.7,70.9,1
2149.9,146.5,1
2150.0,124.3,1
2150.1,82.7,1
2155.2,105.5,1
2155.3,140.0,1
2155.4,84.2,1
2155.5,108.7,1
2155.6,121.1,1
2160.8,112.1,1
2160.9,120.8,1
2161.0,113.2,1
2161.1,111.2,1
2161.2,113.1,1
2166.3,82.0,1
2166.5,146.4,1
2166.5,72.2,1
2166.6,108.7,1
2166.7,115.3,1
2171.9,144.4,1
2172.0,145.4,1
2172.2,137.3,1
2172.3,114.0,1
2172.4,150.4,1
2177.6,145.6,1
2177.7,94.6,1
2177.8,106.7,1
2178.0,161.5,1
2178.1,141.3,1
2183.2,88.2,1
2183.3,123.0,1
2183.4,96.2,1
2183.5,76.6,1
2183.6,87.3,1
2188.7,86.8,1
2188.8,151.0,1
2188.9,111.4,1
2189.0,72.4,1
2189.1,114.4,1
2194.2,76.4,1
2194.3,142.6,1
2194.4,94.1,1
2194.6,134.9,1
2194.7,125.2,1
2199.8,147.2,1
2200.0,105.3,1
2200.1,99.2,1
2200.1,74.4,1
2200.3,144.0,1
2205.4,113.3,1
2205.5,138.2,1
2205.7,132.1,1
2205.8,111.6,1
2205.9,111.0,1
2211.0,97.6,1
2211.1,121.9,1
2211.2,118.5,1
2211.4,143.6,1
2211.4,77.9,1
2216.6,128.3,1
2216.7,129.4,1
2216.9,161.6,1
2217.1,180.8,1
2217.2,151.4,1
2222.3,73.8,1
2222.4,81.5,1
2222.5,122.6,1
2222.6,128.6,1
2222.8,148.8,1
2227.9,121.3,1
2228.0,117.5,1
2228.1,89.8,1
2228.2,128.0,1
2228.3,81.8,1
2233.4,112.5,1
2233.5,119.6,1
2233.7,136.7,1
2233.8,139.3,1
2234.0,135.3,1
2239.1,91.5,1
2239.2,100.5,1
2239.3,102.4,1
2239.3,88.1,1
2239.5,127.3,1
2244.6,95.0,1
2244.7,109.4,1
2244.8,82.2,1
2244.9,89.2,1
2245.0,132.0,1
2250.1,108.2,1
2250.3,155.8,1
2250.4,155.4,1
2250.5,103.7,1
2250.7,153.4,1
2255.8,86.1,1
2255.9,122.8,1
2256.0,121.1,1
2256.1,141.5,1
2256.3,121.8,1
2261.3,74.4,1
2261.4,87.9,1
2261.6,117.7,1
2261.7,145.9,1
2261.8,125.4,1
2266.9,101.1,1
2267.0,81.9,1
2267.2,141.9,1
2267.3,147.2,1
2267.4,107.0,1
2272.5,101.7,1
2272.7,152.2,1
2272.8,135.4,1
2272.9,139.1,1
2273.1,140.5,1
2278.2,124.5,1
2278.3,121.1,1
2278.4,96.1,1
2278.6,153.2,1
2278.7,83.9,1
2283.8,118.4,1
2283.9,146.4,1
2284.0,104.7,1
2284.1,96.7,1
2284.3,142.0,1
2289.4,71.5,1
2289.5,104.8,1
2289.5,75.8,1
2289.6,92.9,1
2289.7,100.9,1
2294.8,104.8,1
2294.9,86.8,1
2295.1,126.8,1
2295.1,74.0,1
2295.2,113.4,1
2300.4,129.1,1
2300.5,138.7,1
2300.6,106.5,1
2300.7,95.9,1
2300.8,119.8,1
2306.0,128.8,1
2306.1,101.7,1
2306.2,99.0,1
2306.3,80.7,1
2306.3,91.1,1
2311.5,143.1,1
2311.6,110.3,1
2311.7,139.1,1
2311.8,86.5,1
2312.0,137.4,1
2317.1,102.4,1
2317.2,118.6,1
2317.3,95.6,1
2317.4,94.4,1
2317.5,144.4,1
2322.7,122.1,1
2322.8,106.2,1
2322.9,124.2,1
2323.0,144.3,1
2323.1,123.3,1
2328.2,72.4,1
2328.3,74.7,1
2328.4,73.3,1
2328.5,112.3,1
2328.6,100.6,1
2333.7,90.6,1
2333.8,149.3,1
2334.0,126.9,1
2334.0,74.9,1
2334.2,133.1,1
2339.3,101.6,1
2339.4,111.7,1
2339.5,119.1,1
2339.6,73.3,1
2339.7,128.4,1
2344.9,140.9,1
2345.0,144.7,1
2345.1,134.8,1
2345.3,132.2,1
2345.4,120.8,1
2350.5,117.9,1
2350.6,134.9,1
2350.8,136.6,1
2350.9,133.0,1
2351.1,145.2,1
2356.2,128.0,1
2356.3,139.9,1
2356.4,97.5,1
2356.6,124.3,1
2356.7,127.4,1
2361.8,106.4,1
2361.9,137.4,1
2362.1,128.4,1
2362.2,140.5,1
2362.3,147.9,1
2367.5,121.4,1
2367.6,120.6,1
2367.7,121.0,1
2367.8,125.7,1
2368.0,130.6,1
2373.1,99.9,1
2373.1,74.8,1
2373.2,76.1,1
2373.3,93.5,1
2373.4,89.9,1
2378.5,75.2,1
2378.6,116.4,1
2378.7,129.9,1
2378.8,79.1,1
2378.9,83.8,1
2384.0,127.8,1
2384.1,82.4,1
2384.2,82.0,1
2384.3,103.7,1
2384.4,87.0,1
2389.5,114.2,1
2389.6,132.8,1
2389.7,103.1,1
2389.9,121.2,1
2390.0,140.9,1
2395.1,139.3,1
2395.3,139.0,1
2395.4,137.8,1
2395.6,146.7,1
2395.7,160.1,1
2400.9,148.6,1
2401.0,98.7,1
2401.1,145.6,1
2401.3,140.9,1
2401.4,98.7,1
2406.5,126.1,1
2406.6,131.9,1
2406.7,114.8,1
2406.9,116.4,1
2407.0,119.2,1
2412.1,143.4,1
2412.3,131.9,1
2412.4,151.1,1
2412.5,132.0,1
2412.7,141.0,1
2417.8,75.4,1
2417.9,127.3,1
2418.0,133.0,1
2418.1,72.9,1
2418.2,71.4,1
2423.2,69.9,1
2423.3,110.4,1
2423.5,131.3,1
2423.6,72.0,1
2423.6,82.1,1
2428.8,149.0,1
2428.9,118.7,1
2429.0,127.3,1
2429.1,116.5,1
2429.2,100.8,1
2434.4,134.4,1
2434.5,109.0,1
2434.6,121.8,1
2434.8,144.1,1
2434.9,123.8,1
2440.0,136.1,1
2440.1,120.6,1
2440.3,106.4,1
2440.4,114.5,1
2440.5,148.3,1
2445.6,124.0,1
2445.8,144.2,1
2445.9,145.1,1
2446.0,107.1,1
2446.2,148.7,1
2451.3,137.5,1
2451.4,101.3,1
2451.5,82.7,1
2451.6,122.0,1
2451.8,121.3,1
2456.9,133.4,1
2457.0,136.8,1
2457.2,138.2,1
2457.3,88.0,1
2457.4,131.9,1
2462.5,112.2,1
2462.7,145.2,1
2462.8,128.2,1
2462.9,90.6,1
2463.0,138.5,1
2468.1,98.7,1
2468.2,71.3,1
2468.3,82.3,1
2468.3,71.4,1
2468.5,117.8,1
2473.6,97.8,1
2473.7,124.9,1
2473.8,98.9,1
2473.9,123.0,1
2474.0,119.4,1
2479.2,131.5,1
2479.3,130.3,1
2479.4,103.9,1
2479.5,121.9,1
2479.6,98.9,1
2484.7,117.7,1
2484.9,112.0,1
2485.0,134.4,1
2485.1,96.5,1
2485.2,99.0,1
2490.3,138.8,1
2490.4,71.4,1
2490.5,132.4,1
2490.6,95.4,1
2490.7,98.7,1
2495.9,129.5,1
2496.0,134.2,1
2496.1,134.9,1
2496.3,148.4,1
2496.4,142.6,1
2501.6,134.1,1
2501.7,127.8,1
2501.8,106.8,1
2501.9,142.7,1
2502.1,142.3,1
2507.2,112.8,1
2507.3,74.6,1
2507.3,73.9,1
2507.4,104.8,1
2507.5,70.9,1
2512.6,103.4,1
2512.7,73.6,1
2512.8,103.9,1
2512.9,132.5,1
2513.0,90.1,1
2518.2,122.2,1
2518.2,82.6,1
2518.3,98.4,1
2518.4,84.8,1
2518.5,108.5,1
2523.7,133.0,1
2523.8,93.3,1
2523.9,109.5,1
2524.0,135.6,1
2524.2,145.2,1
2529.2,80.3,1
2529.4,151.6,1
2529.5,102.8,1
2529.6,119.1,1
2529.8,141.0,1
2534.8,94.3,1
2535.0,148.0,1
2535.1,105.8,1
2535.2,127.7,1
2535.3,86.0,1
2540.5,147.2,1
2540.6,102.5,1
2540.7,134.1,1
2540.8,123.8,1
2541.0,127.7,1
2546.1,143.7,1
2546.2,103.2,1
2546.3,73.4,1
2546.4,138.7,1
2546.6,145.2,1
2551.7,155.5,1
2551.8,73.6,1
2551.9,131.1,1
2552.1,132.4,1
2552.2,124.3,1
2557.3,73.6,1
2557.4,119.3,1
2557.5,133.1,1
2557.6,132.3,1
2557.7,73.3,1
2562.8,74.4,1
2562.9,76.7,1
2563.0,79.1,1
2563.0,83.5,1
2563.2,137.0,1
2568.3,79.4,1
2568.4,137.9,1
2568.5,115.5,1
2568.7,150.1,1
2568.8,135.9,1
2573.9,141.0,1
2574.1,130.7,1
2574.2,146.1,1
2574.4,177.7,1
2574.6,156.4,1
2579.7,133.5,1
2579.8,116.1,1
2579.9,127.9,1
2580.1,149.6,1
2580.2,148.7,1
2585.4,121.8,1
2585.5,152.7,1
2585.6,109.3,1
2585.7,113.2,1
2585.9,149.9,1
2591.0,133.1,1
2591.2,136.3,1
2591.3,150.7,1
2591.5,166.3,1
2591.7,180.5,1
2596.7,78.9,1
2596.8,106.1,1
2597.0,115.5,1
2597.0,75.5,1
2597.2,131.4,1
2602.3,86.1,1
2602.3,85.0,1
2602.5,102.9,1
2602.5,95.2,1
2602.6,92.4,1
2607.8,150.9,1
2607.9,102.0,1
2608.1,154.7,1
2608.1,75.7,1
2608.3,136.1,1
2613.4,149.4,1
2613.5,98.6,1
2613.6,112.0,1
2613.7,88.0,1
2613.8,108.1,1
2618.9,95.7,1
2619.0,104.0,1
2619.1,74.9,1
2619.2,111.5,1
2619.3,135.8,1
2624.4,86.5,1
2624.6,113.4,1
2624.7,123.9,1
2624.8,123.9,1
2624.9,131.8,1
2630.0,98.6,1
2630.2,157.2,1
2630.3,94.6,1
2630.4,104.4,1
2630.5,117.6,1
2635.6,101.6,1
2635.8,145.6,1
2635.9,136.8,1
2636.0,128.3,1
2636.2,146.5,1
2641.3,110.3,1
2641.4,122.0,1
2641.5,106.7,1
2641.6,125.8,1
2641.8,110.5,1
2646.8,76.9,1
2646.9,79.3,1
2647.1,139.3,1
2647.2,99.9,1
2647.3,135.1,1
2652.4,143.6,1
2652.6,123.2,1
2652.7,108.5,1
2652.8,94.0,1
2652.8,75.2,1
2658.0,139.1,1
2658.1,95.7,1
2658.2,125.1,1
2658.3,93.9,1
2658.4,143.3,1
2663.5,81.8,1
2663.7,138.1,1
2663.8,170.9,1
2664.0,147.3,1
2664.1,100.4,1
2669.2,142.8,1
2669.4,124.8,1
2669.5,126.8,1
2669.6,117.1,1
2669.7,109.8,1
2674.8,105.1,1
2674.9,96.8,1
2675.0,122.3,1
2675.2,121.6,1
2675.3,97.7,1
2680.3,76.3,1
2680.4,73.2,1
2680.5,111.0,1
2680.7,142.9,1
2680.8,98.7,1
2685.9,109.6,1
2686.0,116.8,1
2686.1,109.7,1
2686.2,78.2,1
2686.3,82.6,1
2691.4,139.8,1
2691.5,78.5,1
2691.6,71.6,1
2691.7,92.7,1
2691.8,102.8,1
2696.9,94.8,1
2697.0,100.7,1
2697.0,78.9,1
2697.1,73.8,1
2697.2,80.3,1
2702.3,117.8,1
2702.4,118.5,1
2702.6,144.7,1
2702.7,130.8,1
2702.8,106.8,1
2707.9,128.3,1
2708.1,120.1,1
2708.2,141.6,1
2708.4,148.1,1
2708.5,127.2,1
2713.6,141.2,1
2713.8,137.8,1
2713.9,138.7,1
2714.0,125.3,1
2714.1,106.6,1
2719.3,121.6,1
2719.4,142.8,1
2719.5,106.3,1
2719.6,134.4,1
2719.8,114.3,1
2724.9,98.3,1
2725.0,141.3,1
2725.1,122.6,1
2725.2,117.6,1
2725.4,121.0,1
2730.5,146.2,1
2730.6,74.6,1
2730.7,81.9,1
2730.8,135.0,1
2730.9,97.2,1
2736.0,132.0,1
2736.2,114.3,1
2736.3,97.7,1
2736.4,125.6,1
2736.5,132.6,1
2741.6,122.7,1
2741.8,132.4,1
2741.8,72.0,1
2741.9,85.7,1
2742.0,72.6,1
2747.1,120.8,1
2747.3,123.5,1
2747.4,108.3,1
2747.5,90.8,1
2747.6,155.7,1
2752.7,98.8,1
2752.8,117.6,1
2753.0,145.8,1
2753.1,140.6,1
2753.2,125.9,1
2758.4,120.6,1
2758.5,105.1,1
2758.6,127.5,1
2758.7,146.8,1
2758.8,92.1,1
2764.0,138.1,1
2764.1,129.3,1
2764.3,141.5,1
2764.4,146.2,1
2764.5,131.0,1
2769.7,129.8,1
2769.8,126.1,1
2769.9,142.2,1
2770.1,195.5,1
2770.3,136.5,1
2775.4,107.6,1
2775.5,117.4,1
2775.6,72.6,1
2775.7,89.3,1
2775.8,122.6,1
2780.9,77.1,1
2781.0,100.0,1
2781.1,91.3,1
2781.2,120.5,1
2781.2,71.9,1
2786.4,122.6,1
2786.5,115.2,1
2786.6,123.2,1
2786.7,103.5,1
2786.8,128.1,1
2792.0,122.4,1
2792.1,118.4,1
2792.2,134.8,1
2792.3,117.2,1
2792.4,89.5,1
2797.5,75.4,1
2797.7,145.7,1
2797.8,127.6,1
2797.9,132.3,1
2798.0,129.2,1
2803.2,134.6,1
2803.3,134.1,1
2803.5,138.4,1
2803.6,121.0,1
2803.7,75.4,1
2808.8,117.0,1
2808.9,145.2,1
2809.1,141.5,1
2809.2,136.8,1
2809.3,121.9,1
2814.5,134.7,1
2814.6,122.5,1
2814.7,103.9,1
2814.8,95.4,1
2814.9,148.5,1
2820.0,109.5,1
2820.2,146.9,1
2820.3,73.2,1
2820.4,148.0,1
2820.5,123.7,1
2825.6,75.3,1
2825.7,118.1,1
2825.8,83.1,1
2825.9,108.7,1
2826.0,75.4,1
2831.1,108.7,1
2831.2,70.9,1
2831.3,111.5,1
2831.4,140.6,1
2831.5,85.8,1
2836.6,97.3,1
2836.7,104.5,1
2836.8,120.6,1
2837.0,157.4,1
2837.1,96.0,1
2842.2,122.6,1
2842.4,130.4,1
2842.5,113.7,1
2842.6,118.8,1
2842.7,113.2,1
2847.8,120.3,1
2847.9,119.8,1
2848.1,115.3,1
2848.2,116.1,1
2848.3,74.1,1
2853.4,101.4,1
2853.4,90.1,1
2853.6,126.7,1
2853.7,92.2,1
2853.8,145.6,1
2858.9,114.6,1
2859.1,132.2,1
2859.2,89.1,1
2859.3,113.6,1
2859.4,121.9,1
2864.5,141.8,1
2864.7,119.0,1
2864.8,101.3,1
2864.9,144.9,1
2865.0,123.6,1
2870.1,76.1,1
2870.2,83.2,1
2870.3,72.9,1
2870.3,81.7,1
2870.4,97.3,1
2875.5,84.1,1
2875.6,82.2,1
2875.7,74.6,1
2875.8,79.4,1
2875.9,96.7,1
2881.0,105.5,1
2881.1,122.6,1
2881.2,119.2,1
2881.4,140.1,1
2881.5,122.9,1
2886.6,83.0,1
2886.7,150.1,1
2886.8,122.6,1
2887.0,123.5,1
2887.1,148.9,1
2892.2,103.4,1
2892.3,103.3,1
2892.4,95.1,1
2892.6,145.5,1
2892.7,148.6,1
2897.8,117.2,1
2898.0,164.0,1
2898.1,125.8,1
2898.3,144.9,1
2898.4,140.8,1
2903.5,82.0,1
2903.6,127.4,1
2903.8,152.0,1
2903.9,129.9,1
2904.0,119.7,1
2909.2,137.9,1
2909.3,123.7,1
2909.4,140.1,1
2909.6,136.3,1
2909.7,134.7,1
2914.8,95.1,1
2914.9,125.6,1
2915.1,130.1,1
2915.2,124.9,1
2915.3,118.3,1
2920.4,115.5,1
2920.5,102.6,1
2920.6,90.1,1
2920.7,128.3,1
2920.8,108.2,1
2926.0,125.7,1
2926.1,111.4,1
2926.2,118.1,1
2926.3,108.8,1
2926.5,145.8,1
2931.6,119.1,1
2931.7,142.7,1
2931.9,153.4,1
2932.0,168.0,1
2932.2,150.8,1
2937.3,148.3,1
2937.5,133.7,1
2937.6,132.7,1
2937.7,112.3,1
2937.8,118.9,1
2943.0,130.2,1
2943.1,89.2,1
2943.2,137.8,1
2943.3,133.8,1
2943.5,126.9,1
2948.6,133.2,1
2948.7,140.3,1
2948.9,140.9,1
2949.1,177.4,1
2949.2,141.9,1
2954.3,113.1,1
2954.4,119.2,1
2954.6,141.5,1
2954.7,114.7,1
2954.8,83.9,1
2959.9,75.3,1
2959.9,78.1,1
2960.0,72.8,1
2960.1,72.1,1
2960.2,97.8,1
2965.3,95.2,1
2965.4,164.6,1
2965.5,91.4,1
2965.7,130.4,1
2965.8,110.3,1
2970.9,119.3,1
2971.0,114.4,1
2971.1,123.8,1
2971.3,128.7,1
2971.4,151.8,1
2976.6,135.0,1
2976.7,87.3,1
2976.7,96.0,1
2976.9,141.8,1
2977.0,123.0,1
2982.1,104.8,1
2982.3,141.0,1
2982.4,103.7,1
2982.5,109.8,1
2982.6,72.7,1
2987.6,89.9,1
2987.8,131.0,1
2987.9,140.4,1
2988.0,103.4,1
2988.1,127.6,1
2993.3,117.0,1
2993.4,132.6,1
2993.5,143.6,1
2993.7,109.6,1
2993.7,98.1,1
2998.9,101.4,1
2999.0,130.3,1
2999.1,92.6,1
2999.2,132.9,1
2999.3,104.8,1
3004.4,75.1,1
3004.5,101.4,1
3004.6,127.3,1
3004.7,113.5,1
3004.9,139.9,1
3010.0,114.5,1
3010.1,73.7,1
3010.2,118.4,1
3010.3,103.8,1
3010.4,71.5,1
3015.5,114.1,1
3015.6,105.5,1
3015.7,134.6,1
3015.9,140.9,1
3016.0,139.2,1
3021.2,150.9,1
3021.3,107.1,1
3021.4,110.5,1
3021.5,103.6,1
3021.6,128.1,1
3026.7,129.6,1
3026.8,105.1,1
3027.0,129.0,1
3027.1,103.9,1
3027.2,133.3,1
3032.3,72.1,1
3032.4,126.3,1
3032.5,128.0,1
3032.7,145.6,1
3032.8,114.5,1
3037.9,120.8,1
3038.1,146.5,1
3038.2,124.0,1
3038.3,137.6,1
3038.5,126.1,1
3043.6,107.7,1
3043.7,144.5,1
3043.8,109.7,1
3044.0,151.1,1
3044.1,122.8,1
3049.2,89.3,1
3049.3,73.1,1
3049.4,108.2,1
3049.5,85.5,1
3049.6,132.1,1
3054.7,129.8,1
3054.9,132.8,1
3055.0,125.2,1
3055.1,148.5,1
3055.3,116.0,1
3060.4,101.8,1
3060.5,135.2,1
3060.6,139.3,1
3060.8,123.1,1
3060.9,117.4,1
3066.0,132.4,1
3066.1,131.6,1
3066.3,144.8,1
3066.4,113.4,1
3066.5,112.4,1
3071.7,155.3,1
3071.8,122.6,1
3071.9,87.2,1
3072.0,145.2,1
3072.1,115.9,1
3077.3,121.8,1
3077.4,85.9,1
3077.5,97.6,1
3077.6,120.8,1
3077.7,112.3,1
3082.8,145.0,1
3083.0,131.3,1
3083.1,135.2,1
3083.2,75.0,1
3083.3,128.2,1
3088.5,135.9,1
3088.6,132.4,1
3088.7,101.0,1
3088.8,160.9,1
3089.0,132.4,1
3094.1,105.1,1
3094.2,103.3,1
3094.3,145.1,1
3094.5,138.8,1
3094.6,157.0,1
3099.7,85.4,1
3099.8,73.7,1
3099.9,82.1,1
3100.0,135.4,1
3100.1,121.6,1
3105.2,94.7,1
3105.4,120.9,1
3105.5,119.7,1
3105.6,124.3,1
3105.7,88.8,1
3110.9,159.9,1
3111.0,139.9,1
3111.1,155.2,1
3111.3,132.5,1
3111.4,138.4,1
3116.5,120.6,1
3116.7,120.8,1
3116.8,120.3,1
3116.9,129.4,1
3117.0,121.7,1
3122.1,81.9,1
3122.3,147.0,1
3122.4,145.0,1
3122.6,138.3,1
3122.7,146.6,1
3127.8,142.0,1
3128.0,160.2,1
3128.1,135.6,1
3128.3,124.1,1
3128.4,93.4,1
3133.5,138.1,1
3133.6,125.3,1
3133.8,150.4,1
3133.9,133.7,1
3134.1,146.1,1
3139.2,119.8,1
3139.3,114.2,1
3139.4,94.2,1
3139.5,71.9,1
3139.6,126.1,1
3144.7,75.6,1
3144.7,82.9,1
3144.8,75.7,1
3144.9,88.8,1
3145.0,98.7,1
3150.1,91.2,1
3150.3,143.1,1
3150.4,119.0,1
3150.5,113.8,1
3150.6,155.4,1
3155.8,150.3,1
3155.9,122.4,1
3156.0,125.8,1
3156.2,131.0,1
3156.3,114.6,1
3161.4,85.2,1
3161.5,77.2,1
3161.6,142.0,1
3161.7,144.2,1
3161.9,141.0,1
3167.0,131.3,1
3167.1,126.1,1
3167.3,123.8,1
3167.4,131.3,1
3167.5,123.7,1
3172.7,138.6,1
3172.8,97.0,1
3172.9,121.9,1
3173.0,157.8,1
3173.1,100.6,1
3178.3,112.0,1
3178.4,101.1,1
3178.5,130.2,1
3178.6,115.1,1
3178.7,100.5,1
3183.8,89.0,1
3183.9,100.8,1
3184.0,117.8,1
3184.1,123.4,1
3184.3,111.0,1
3189.4,137.2,1
3189.5,83.1,1
3189.6,86.7,1
3189.6,77.6,1
3189.7,103.1,1
3194.8,72.9,1
3194.9,120.7,1
3195.1,125.1,1
3195.2,82.0,1
3195.3,97.6,1
3200.4,110.3,1
3200.5,131.5,1
3200.6,106.6,1
3200.7,140.3,1
3200.9,124.9,1
3206.0,122.3,1
3206.1,121.0,1
3206.2,88.9,1
3206.3,124.7,1
3206.5,135.1,1
3211.6,118.6,1
3211.7,132.0,1
3211.8,111.6,1
3212.0,130.5,1
3212.1,149.1,1
3217.2,75.2,1
3217.3,126.4,1
3217.4,129.8,1
3217.6,146.3,1
3217.7,83.7,1
3222.8,147.4,1
3223.0,126.5,1
3223.1,106.8,1
3223.2,109.1,1
3223.3,150.4,1
3228.4,72.2,1
3228.5,124.1,1
3228.6,102.5,1
3228.7,78.9,1
3228.8,144.7,1
3233.9,96.8,1
3234.0,91.0,1
3234.2,149.5,1
3234.3,83.8,1
3234.4,96.9,1
3239.5,129.7,1
3239.6,91.0,1
3239.7,114.7,1
3239.8,122.3,1
3240.0,126.2,1
3245.1,120.0,1
3245.2,121.6,1
3245.3,125.8,1
3245.5,131.5,1
3245.5,72.8,1
3250.7,127.5,1
3250.8,138.4,1
3250.9,138.9,1
3251.1,146.3,1
3251.2,138.5,1
3256.3,91.6,1
3256.5,132.0,1
3256.6,93.2,1
3256.7,120.8,1
3256.8,97.4,1
3261.9,87.9,1
3262.0,126.8,1
3262.1,120.9,1
3262.2,121.2,1
3262.4,131.6,1
3267.5,121.8,1
3267.6,146.9,1
3267.8,115.6,1
3267.9,130.4,1
3268.0,93.3,1
3273.1,98.5,1
3273.2,149.9,1
3273.3,100.0,1
3273.5,121.6,1
3273.6,131.0,1
3278.7,76.8,1
3278.8,92.7,1
3278.9,124.0,1
3279.0,77.1,1
3279.0,87.0,1
3284.2,106.7,1
3284.3,104.2,1
3284.3,79.2,1
3284.4,73.0,1
3284.5,129.6,1
3289.7,145.1,1
3289.8,124.4,1
3290.0,182.1,1
3290.1,133.4,1
3290.3,138.5,1
3295.4,121.5,1
3295.5,128.2,1
3295.6,120.6,1
3295.8,120.9,1
3295.9,128.2,1
3301.1,157.2,1
3301.2,142.4,1
3301.4,151.2,1
3301.5,144.5,1
3301.6,74.7,1
3306.7,158.8,1
3306.9,139.4,1
3307.0,140.0,1
3307.1,87.5,1
3307.2,83.0,1
3312.3,97.5,1
3312.4,145.2,1
3312.6,140.1,1
3312.7,130.7,1
3312.8,126.3,1
3317.9,111.7,1
3318.1,144.2,1
3318.2,120.3,1
3318.3,128.1,1
3318.4,103.3,1
3323.5,105.3,1
3323.6,89.9,1
3323.7,73.6,1
3323.8,94.6,1
3323.9,110.4,1
3329.0,100.9,1
3329.1,85.5,1
3329.2,99.1,1
3329.3,114.4,1
3329.5,139.0,1
3334.6,130.0,1
3334.7,135.0,1
3334.9,148.8,1
3335.0,139.2,1
3335.2,138.0,1
3340.3,142.9,1
3340.4,124.2,1
3340.6,146.4,1
3340.7,133.8,1
3340.8,132.5,1
3346.0,114.1,1
3346.1,134.3,1
3346.2,130.1,1
3346.3,104.7,1
3346.5,145.7,1
3351.6,121.1,1
3351.7,150.2,1
3351.9,107.2,1
3352.0,122.2,1
3352.1,121.2,1
3357.2,135.4,1
3357.4,119.6,1
3357.5,119.4,1
3357.6,134.5,1
3357.7,131.0,1
3362.8,76.1,1
3363.0,133.2,1
3363.0,75.2,1
3363.1,88.1,1
3363.2,77.5,1
3368.3,72.3,1
3368.4,81.3,1
3368.5,102.9,1
3368.5,83.8,1
3368.6,89.5,1
3373.7,86.9,1
3373.8,88.3,1
3373.9,101.1,1
3374.1,146.5,1
3374.2,92.6,1
3379.3,110.4,1
3379.4,149.7,1
3379.5,110.5,1
3379.6,81.3,1
3379.8,142.6,1
3384.9,95.9,1
3385.0,153.3,1
3385.2,147.1,1
3385.3,135.4,1
3385.4,131.0,1
3390.5,105.4,1
3390.7,137.3,1
3390.8,143.0,1
3391.0,147.0,1
3391.1,94.4,1
3396.2,111.4,1
3396.3,122.1,1
3396.4,122.4,1
3396.5,120.3,1
3396.6,105.4,1
3401.8,112.4,1
3401.9,150.1,1
3402.0,135.2,1
3402.1,93.0,1
3402.2,92.0,1
3407.3,105.8,1
3407.4,101.8,1
3407.6,118.2,1
3407.7,148.3,1
3407.8,88.7,1
3412.9,141.9,1
3413.0,91.2,1
3413.1,106.6,1
3413.2,76.3,1
3413.3,98.5,1
3418.4,80.4,1
3418.5,87.9,1
3418.6,91.2,1
3418.7,103.1,1
3418.8,140.7,1
3424.0,144.3,1
3424.1,107.6,1
3424.2,132.6,1
3424.3,124.1,1
3424.4,98.4,1
3429.6,113.1,1
3429.7,123.1,1
3429.8,107.5,1
3429.9,85.3,1
3430.0,140.1,1
3435.1,117.9,1
3435.3,134.4,1
3435.4,146.9,1
3435.6,151.6,1
3435.7,156.7,1
3440.8,113.0,1
3441.0,119.1,1
3441.1,121.7,1
3441.2,116.0,1
3441.3,89.2,1
3446.4,98.3,1
3446.5,98.5,1
3446.6,124.5,1
3446.7,127.8,1
3446.9,137.4,1
3452.0,156.9,1
3452.2,130.5,1
3452.3,123.3,1
3452.4,114.0,1
3452.5,99.7,1
3457.6,107.5,1
3457.7,70.7,1
3457.8,135.5,1
3457.9,123.1,1
3458.0,74.4,1
3463.1,90.2,1
3463.2,71.7,1
3463.3,72.0,1
3463.3,74.6,1
3463.4,74.0,1
3468.6,152.3,1
3468.7,155.3,1
3468.9,156.5,1
3469.0,164.2,1
3469.2,152.1,1
3474.3,79.9,1
3474.4,144.7,1
3474.5,95.1,1
3474.6,73.8,1
3474.7,72.5,1
3479.8,131.3,1
3479.9,134.6,1
3480.0,100.3,1
3480.2,139.3,1
3480.3,139.4,1
3485.5,147.5,1
3485.6,125.8,1
3485.7,144.4,1
3485.9,144.2,1
3486.0,148.4,1
3491.2,122.8,1
3491.3,96.2,1
3491.4,123.8,1
3491.5,104.4,1
3491.6,141.4,1
3496.7,120.4,1
3496.9,145.6,1
3497.0,137.9,1
3497.2,121.2,1
3497.3,105.6,1
3502.4,117.3,1
3502.5,83.9,1
3502.5,72.9,1
3502.6,88.1,1
3502.7,73.7,1
3507.8,83.8,1
3507.9,81.9,1
3508.0,138.9,1
3508.1,98.8,1
3508.2,119.5,1
3513.4,122.4,1
3513.5,151.0,1
3513.7,164.3,1
3513.8,125.9,1
3513.9,119.9,1
3519.0,93.7,1
3519.1,108.8,1
3519.3,158.2,1
3519.4,72.9,1
3519.5,124.6,1
3524.6,123.6,1
3524.7,138.0,1
3524.9,145.4,1
3525.0,117.9,1
3525.1,121.4,1
3530.2,91.5,1
3530.4,144.1,1
3530.5,127.7,1
3530.6,147.4,1
3530.8,123.5,1
3535.9,152.4,1
3536.1,139.9,1
3536.2,145.3,1
3536.3,100.5,1
3536.4,131.4,1
3541.6,135.9,1
3541.7,142.2,1
3541.9,150.7,1
3542.0,135.5,1
3542.1,111.7,1
3547.2,72.1,1
3547.3,82.8,1
3547.4,106.9,1
3547.5,100.2,1
3547.6,89.1,1
3552.7,128.4,1
3552.9,141.1,1
3553.0,102.2,1
3553.0,80.9,1
3553.1,114.4,1
3558.2,73.8,1
3558.3,104.6,1
3558.5,129.4,1
3558.5,74.2,1
3558.7,120.4,1
3563.8,147.3,1
3564.0,151.6,1
3564.1,99.8,1
3564.2,127.9,1
3564.3,124.9,1
3569.4,97.1,1
3569.6,142.4,1
3569.7,121.7,1
3569.8,117.7,1
3569.9,149.5,1
3575.0,82.4,1
3575.1,78.5,1
3575.2,98.1,1
3575.4,143.8,1
3575.5,129.9,1
3580.6,123.9,1
3580.7,89.8,1
3580.8,133.4,1
3581.0,139.7,1
3581.1,142.3,1
3586.2,123.6,1
3586.4,139.8,1
3586.5,121.2,1
3586.6,129.0,1
3586.8,118.9,1
3591.9,109.4,1
3591.9,78.2,1
3592.0,85.0,1
3592.1,71.7,1
3592.2,90.9,1
3597.3,94.8,1
3597.4,107.4,1
3597.5,97.9,1
3597.6,143.9,1
3597.7,70.6,1
3602.8,117.3,1
3603.0,117.2,1
3603.1,117.0,1
3603.1,76.2,1
3603.3,141.4,1
3608.4,102.1,1
3608.5,138.2,1
3608.6,76.5,1
3608.7,122.4,1
3608.8,109.9,1
3614.0,111.8,1
3614.1,120.9,1
3614.2,94.8,1
3614.3,155.7,1
3614.5,140.4,1
3619.6,149.1,1
3619.7,82.4,1
3619.8,81.9,1
3619.9,125.4,1
3620.1,141.1,1
3625.2,116.3,1
3625.3,141.9,1
3625.5,141.1,1
3625.6,118.9,1
3625.7,120.0,1
3630.8,119.2,1
3631.0,133.8,1
3631.1,146.8,1
3631.2,139.9,1
3631.4,159.2,1
3636.5,75.0,1
3636.6,133.3,1
3636.7,99.3,1
3636.8,106.3,1
3636.9,96.5,1
3642.0,113.7,1
3642.2,118.2,1
3642.2,70.9,1
3642.3,81.6,1
3642.4,71.7,1
3647.5,154.2,1
3647.7,161.2,1
3647.9,160.8,1
3648.1,199.1,1
3648.2,151.6,1
3653.3,71.3,1
3653.4,108.0,1
3653.5,138.7,1
3653.7,129.4,1
3653.7,74.4,1
3658.9,117.8,1
3659.0,124.9,1
3659.1,97.5,1
3659.2,143.1,1
3659.3,99.0,1
3664.5,126.4,1
3664.6,148.0,1
3664.8,157.8,1
3664.9,95.6,1
3665.0,157.5,1
3670.1,123.9,1
3670.3,120.3,1
3670.3,83.7,1
3670.5,110.6,1
3670.6,116.4,1
3675.7,73.2,1
3675.8,127.2,1
3675.9,121.8,1
3676.0,134.3,1
3676.2,129.0,1
3681.3,84.5,1
3681.3,71.1,1
3681.5,145.1,1
3681.6,131.1,1
3681.7,83.1,1
3686.8,139.1,1
3687.0,134.1,1
3687.1,99.5,1
3687.1,71.4,1
3687.2,74.6,1
3692.3,113.8,1
3692.4,94.4,1
3692.5,84.6,1
3692.6,126.8,1
3692.8,123.1,1
3697.8,78.0,1
3698.0,118.7,1
3698.1,104.5,1
3698.2,135.3,1
3698.3,145.3,1
3703.4,87.3,1
3703.6,119.8,1
3703.7,132.9,1
3703.8,126.1,1
3703.9,108.8,1
3709.1,129.8,1
3709.2,128.8,1
3709.3,127.0,1
3709.4,135.5,1
3709.6,147.7,1
3714.7,82.3,1
3714.8,81.3,1
3714.9,125.9,1
3715.0,107.7,1
3715.1,101.4,1
3720.2,73.9,1
3720.3,98.3,1
3720.3,75.6,1
3720.4,89.4,1
3720.6,122.1,1
3725.7,99.2,1
3725.7,78.5,1
3725.8,103.6,1
3726.0,117.5,1
3726.1,123.6,1
3731.2,71.7,1
3731.2,76.7,1
3731.3,101.4,1
3731.4,98.1,1
3731.5,79.4,1
3736.6,117.6,1
3736.7,103.9,1
3736.9,133.6,1
3737.0,147.9,1
3737.1,78.1,1
3742.2,72.7,1
3742.3,133.6,1
3742.5,145.5,1
3742.6,135.1,1
3742.7,118.8,1
3747.8,111.0,1
3747.9,111.5,1
3748.0,102.4,1
3748.2,153.7,1
3748.3,132.1,1
3753.4,82.5,1
3753.6,146.2,1
3753.7,147.3,1
3753.8,131.4,1
3754.0,111.8,1
3759.0,74.4,1
3759.2,146.4,1
3759.3,112.6,1
3759.4,123.4,1
3759.5,131.1,1
3764.6,90.7,1
3764.7,78.1,1
3764.8,125.4,1
3765.0,135.7,1
3765.1,112.1,1
3770.2,109.3,1
3770.3,88.6,1
3770.4,95.0,1
3770.5,97.3,1
3770.6,90.6,1
3775.7,71.4,1
3775.7,72.9,1
3775.9,130.8,1
3776.0,96.0,1
3776.1,108.1,1
3781.2,128.4,1
3781.3,130.4,1
3781.4,84.6,1
3781.6,144.0,1
3781.7,118.1,1
3786.8,119.5,1
3786.9,116.1,1
3787.1,145.8,1
3787.2,123.6,1
3787.3,132.4,1
3792.4,121.6,1
3792.5,104.0,1
3792.7,127.7,1
3792.8,96.2,1
3792.9,123.1,1
3798.0,142.8,1
3798.2,120.7,1
3798.3,117.3,1
3798.4,121.2,1
3798.5,120.4,1
3803.6,86.0,1
3803.7,138.5,1
3803.9,137.5,1
3804.0,128.4,1
3804.1,116.0,1
3809.3,134.0,1
3809.4,147.9,1
3809.6,160.8,1
3809.7,158.0,1
3809.9,163.3,1
3815.0,77.9,1
3815.1,147.0,1
3815.2,121.4,1
3815.4,102.7,1
3815.4,85.2,1
3820.6,146.4,1
3820.7,139.8,1
3820.9,123.6,1
3821.0,97.8,1
3821.1,105.8,1
3826.2,151.5,1
3826.3,129.8,1
3826.5,138.0,1
3826.6,132.4,1
3826.8,146.9,1
3831.9,117.0,1
3832.0,122.4,1
3832.1,139.5,1
3832.3,109.1,1
3832.4,119.5,1
3837.5,131.1,1
3837.6,137.3,1
3837.8,149.8,1
3837.9,149.7,1
3838.1,134.6,1
3843.2,138.3,1
3843.4,138.9,1
3843.5,126.5,1
3843.6,140.1,1
3843.7,99.5,1
3848.8,114.2,1
3848.9,96.1,1
3849.1,115.5,1
3849.2,145.2,1
3849.3,113.2,1
3854.4,101.0,1
3854.6,129.9,1
3854.7,129.2,1
3854.8,146.0,1
3854.9,122.2,1
3860.1,112.1,1
3860.2,126.6,1
3860.3,71.7,1
3860.4,97.0,1
3860.5,101.1,1
3865.6,144.6,1
3865.7,121.2,1
3865.9,123.3,1
3865.9,81.8,1
3866.1,141.1,1
3871.2,96.6,1
3871.3,110.4,1
3871.4,119.7,1
3871.5,122.0,1
3871.7,131.2,1
3876.8,101.7,1
3876.9,148.6,1
3877.0,100.2,1
3877.2,160.2,1
3877.3,116.3,1
3882.4,134.2,1
3882.6,115.3,1
3882.6,91.7,1
3882.8,116.7,1
3882.9,156.8,1
3888.0,123.4,1
3888.2,148.9,1
3888.3,128.7,1
3888.5,133.9,1
3888.6,149.2,1
3893.7,73.0,1
3893.8,121.8,1
3893.9,111.9,1
3894.0,121.0,1
3894.2,120.0,1
3899.3,122.0,1
3899.4,126.1,1
3899.5,93.5,1
3899.6,123.0,1
3899.7,100.4,1
3904.9,145.8,1
3905.0,103.9,1
3905.1,133.9,1
3905.2,113.6,1
3905.4,146.4,1
3910.5,105.2,1
3910.6,152.3,1
3910.8,130.0,1
3910.9,100.9,1
3911.0,83.1,1
3916.1,135.6,1
3916.2,82.2,1
3916.3,110.3,1
3916.4,108.2,1
3916.5,127.0,1
3921.7,139.6,1
3921.8,131.5,1
3921.9,92.3,1
3922.0,131.8,1
3922.2,138.0,1
3927.3,130.7,1
3927.4,120.5,1
3927.6,148.9,1
3927.6,76.4,1
3927.8,135.5,1
3932.9,102.1,1
3933.0,122.0,1
3933.1,146.0,1
3933.3,110.0,1
3933.4,109.3,1
3938.5,86.5,1
3938.6,120.2,1
3938.7,137.9,1
3938.8,128.4,1
3939.0,124.7,1
3944.1,121.3,1
3944.2,120.2,1
3944.3,120.3,1
3944.5,119.4,1
3944.6,131.5,1
3949.7,72.6,1
3949.8,96.2,1
3949.9,122.7,1
3950.0,106.8,1
3950.1,97.9,1
3955.2,114.8,1
3955.3,85.5,1
3955.4,76.3,1
3955.5,84.6,1
3955.6,136.5,1
3960.7,107.8,1
3960.8,121.0,1
3960.9,113.7,1
3961.1,122.7,1
3961.1,79.2,1
3966.2,72.9,1
3966.3,118.1,1
3966.5,138.2,1
3966.5,76.6,1
3966.7,119.4,1
3971.8,166.1,1
3972.0,153.0,1
3972.2,233.8,1
3972.4,155.3,1
3972.5,149.5,1
3977.7,120.3,1
3977.8,138.2,1
3977.9,122.9,1
3978.0,113.5,1
3978.1,114.5,1
3983.2,72.6,1
3983.4,131.8,1
3983.5,128.7,1
3983.6,110.5,1
3983.7,124.7,1
3988.9,149.8,1
3989.0,141.8,1
3989.2,160.4,1
3989.3,128.9,1
3989.5,158.3,1
3994.6,136.1,1
3994.7,100.4,1
3994.8,97.0,1
3994.9,85.4,1
3995.0,151.3,1
4000.2,129.8,1
4000.3,85.4,1
4000.3,90.8,1
4000.4,74.0,1
4000.5,92.6,1
4005.7,155.6,1
4005.8,133.8,1
4006.0,145.7,1
4006.0,85.8,1
4006.2,143.0,1
4011.3,143.9,1
4011.5,120.9,1
4011.6,104.8,1
4011.7,138.1,1
4011.8,137.1,1
4017.0,120.2,1
4017.1,108.2,1
4017.2,143.2,1
4017.3,91.6,1
4017.4,135.5,1
4022.5,74.6,1
4022.6,119.7,1
4022.8,136.3,1
4022.8,77.8,1
4023.0,140.6,1
4028.1,117.6,1
4028.2,102.6,1
4028.3,134.5,1
4028.4,93.6,1
4028.6,129.5,1
4033.7,148.3,1
4033.9,151.1,1
4034.0,117.4,1
4034.1,116.0,1
4034.2,79.2,1
4039.3,73.6,1
4039.3,72.5,1
4039.4,73.2,1
4039.5,74.2,1
4039.6,88.1,1
4044.7,87.2,1
4044.8,104.2,1
4044.8,77.6,1
4044.9,84.7,1
4045.0,98.8,1
4050.2,128.8,1
4050.2,83.5,1
4050.3,77.9,1
4050.4,101.6,1
4050.6,153.5,1
4055.7,120.4,1
4055.8,140.9,1
4056.0,128.6,1
4056.1,104.6,1
4056.2,119.9,1
4061.3,109.5,1
4061.4,123.2,1
4061.6,122.6,1
4061.7,151.0,1
4061.8,119.8,1
4066.9,115.7,1
4067.1,116.7,1
4067.1,77.0,1
4067.3,143.7,1
4067.4,83.0,1
4072.5,148.5,1
4072.6,99.7,1
4072.8,150.7,1
4072.9,102.6,1
4073.0,140.9,1
4078.2,145.2,1
4078.3,148.7,1
4078.4,124.8,1
4078.6,125.6,1
4078.7,117.4,1
4083.8,102.9,1
4083.9,105.4,1
4084.0,120.4,1
4084.1,73.1,1
4084.2,111.2,1
4089.3,135.5,1
4089.5,119.8,1
4089.5,75.0,1
4089.6,98.9,1
4089.7,99.8,1
4094.9,138.3,1
4095.0,148.6,1
4095.2,138.2,1
4095.2,78.0,1
4095.4,142.0,1
4100.5,77.9,1
4100.6,145.9,1
4100.8,136.7,1
4100.9,159.7,1
4101.0,137.0,1
4106.2,121.4,1
4106.3,149.3,1
4106.4,120.4,1
4106.6,129.0,1
4106.7,98.0,1
4111.8,114.6,1
4111.9,147.3,1
4112.1,115.8,1
4112.2,132.6,1
4112.3,104.8,1
4117.4,146.5,1
4117.6,146.5,1
4117.7,140.7,1
4117.8,117.5,1
4118.0,134.0,1
4123.1,132.5,1
4123.2,82.7,1
4123.3,140.8,1
4123.4,103.4,1
4123.6,149.0,1
4128.7,138.6,1
4128.9,146.3,1
4129.0,113.8,1
4129.1,91.4,1
4129.2,132.9,1
4134.3,86.9,1
4134.5,144.9,1
4134.6,141.0,1
4134.7,136.7,1
4134.9,166.4,1
4140.0,81.0,1
4140.1,119.7,1
4140.2,142.1,1
4140.4,101.3,1
4140.5,123.9,1
4145.6,146.4,1
4145.8,141.7,1
4145.9,124.2,1
4146.0,118.6,1
4146.1,118.6,1
4151.3,140.8,1
4151.4,143.5,1
4151.6,135.2,1
4151.7,179.3,1
4151.9,157.2,1
4157.0,119.7,1
4157.1,122.3,1
4157.2,94.1,1
4157.3,79.8,1
4157.4,123.1,1
4162.6,121.4,1
4162.7,127.7,1
4162.8,99.4,1
4162.9,126.1,1
4163.0,130.8,1
4168.1,98.9,1
4168.3,126.4,1
4168.4,138.2,1
4168.5,100.1,1
4168.6,133.6,1
4173.8,135.2,1
4173.9,114.9,1
4174.0,140.5,1
4174.2,139.7,1
4174.3,117.5,1
4179.4,73.8,1
4179.5,74.0,1
4179.5,73.9,1
4179.6,89.9,1
4179.7,72.1,1
4184.8,71.2,1
4184.8,88.0,1
4185.0,112.7,1
4185.1,103.8,1
4185.2,106.6,1
4190.3,121.8,1
4190.4,101.6,1
4190.5,112.2,1
4190.6,127.5,1
4190.8,109.3,1
4195.8,74.7,1
4195.9,117.8,1
4196.1,105.2,1
4196.2,115.9,1
4196.3,121.3,1
4201.4,83.3,1
4201.5,100.8,1
4201.6,74.5,1
4201.7,130.5,1
4201.8,108.4,1
4206.9,135.3,1
4207.1,145.8,1
4207.2,109.1,1
4207.3,147.6,1
4207.4,94.4,1
4212.5,102.0,1
4212.6,97.6,1
4212.7,107.6,1
4212.8,104.3,1
4213.0,124.0,1
4218.1,81.9,1
4218.1,75.4,1
4218.2,87.1,1
4218.3,113.5,1
4218.4,74.7,1
4223.5,136.7,1
4223.7,146.4,1
4223.8,98.6,1
4223.9,129.9,1
4224.0,108.1,1
4229.1,76.7,1
4229.2,126.9,1
4229.3,89.2,1
4229.4,93.4,1
4229.5,99.6,1
4234.6,99.8,1
4234.7,119.7,1
4234.9,112.3,1
4235.0,107.7,1
4235.1,130.9,1
4240.2,75.4,1
4240.3,151.3,1
4240.4,91.4,1
4240.6,140.3,1
4240.7,123.3,1
4245.8,125.7,1
4245.9,107.7,1
4246.1,155.3,1
4246.2,124.3,1
4246.3,124.1,1
4251.4,75.2,1
4251.5,106.2,1
4251.6,82.6,1
4251.7,120.5,1
4251.8,123.9,1
4257.0,132.7,1
4257.1,86.7,1
4257.2,87.0,1
4257.3,148.2,1
4257.4,144.1,1
4262.6,136.7,1
4262.7,110.6,1
4262.8,96.8,1
4262.9,76.0,1
4263.0,92.0,1
4268.0,72.4,1
4268.2,120.7,1
4268.3,111.2,1
4268.3,80.0,1
4268.4,101.9,1
4273.6,105.3,1
4273.7,96.1,1
4273.8,133.1,1
4273.9,73.8,1
4274.0,100.4,1
4279.1,110.1,1
4279.2,120.2,1
4279.3,122.7,1
4279.4,110.9,1
4279.6,125.7,1
4284.7,117.7,1
4284.8,121.3,1
4285.0,155.5,1
4285.1,145.7,1
4285.2,110.8,1
4290.3,124.7,1
4290.5,115.7,1
4290.6,148.2,1
4290.7,95.8,1
4290.8,131.0,1
4295.9,89.9,1
4296.1,142.7,1
4296.2,110.9,1
4296.3,112.1,1
4296.4,126.3,1
4301.5,119.3,1
4301.7,134.1,1
4301.8,112.9,1
4301.9,118.9,1
4302.0,120.7,1
4307.2,117.5,1
4307.3,110.2,1
4307.3,75.0,1
4307.5,133.2,1
4307.6,98.5,1
4312.7,85.5,1
4312.8,130.8,1
4313.0,162.2,1
4313.1,130.1,1
4313.2,99.5,1
4318.3,85.6,1
4318.4,109.5,1
4318.5,94.7,1
4318.6,80.0,1
4318.6,89.4,1
4323.7,85.7,1
4323.8,97.6,1
4323.9,100.9,1
4324.1,153.2,1
4324.2,133.8,1
4329.4,125.9,1
4329.5,137.1,1
4329.6,151.4,1
4329.8,149.5,1
4330.0,185.9,1
4335.1,141.6,1
4335.2,80.2,1
4335.4,145.2,1
4335.5,118.0,1
4335.6,149.7,1
4340.8,148.7,1
4340.9,147.7,1
4341.1,126.1,1
4341.2,130.8,1
4341.3,99.6,1
4346.4,126.8,1
4346.6,147.2,1
4346.6,84.9,1
4346.8,124.3,1
4346.9,106.9,1
4352.0,144.7,1
4352.1,109.5,1
4352.2,98.0,1
4352.3,89.5,1
4352.4,114.7,1
4357.6,120.9,1
4357.7,103.4,1
4357.8,90.7,1
4357.8,76.5,1
4357.9,109.5,1
4363.1,133.7,1
4363.2,118.3,1
4363.3,71.6,1
4363.4,82.5,1
4363.4,83.1,1
4368.6,139.3,1
4368.7,159.5,1
4368.9,136.6,1
4369.0,125.3,1
4369.1,136.1,1
4374.3,109.5,1
4374.4,143.0,1
4374.5,132.2,1
4374.7,131.8,1
4374.8,118.9,1
4379.9,105.3,1
4380.0,118.5,1
4380.2,157.0,1
4380.3,107.7,1
4380.4,139.9,1
4385.5,88.2,1
4385.6,121.8,1
4385.8,138.2,1
4385.9,130.5,1
4386.0,127.8,1
4391.1,74.6,1
4391.2,133.7,1
4391.4,132.3,1
4391.5,120.3,1
4391.6,125.9,1
4396.7,116.0,1
4396.8,73.0,1
4396.9,115.9,1
4397.1,143.7,1
4397.2,91.1,1
4402.2,71.6,1
4402.3,81.6,1
4402.4,99.2,1
4402.5,131.1,1
4402.6,88.1,1
4407.7,102.4,1
4407.8,84.7,1
4407.9,87.9,1
4408.0,78.6,1
4408.1,90.9,1
4413.2,132.3,1
4413.4,147.8,1
4413.5,109.4,1
4413.6,108.3,1
4413.7,142.0,1
4418.8,83.4,1
4418.9,110.8,1
4419.1,127.5,1
4419.2,119.2,1
4419.3,119.6,1
4424.4,120.2,1
4424.5,113.9,1
4424.7,145.4,1
4424.8,132.2,1
4424.9,131.2,1
4430.1,117.5,1
4430.2,145.4,1
4430.4,147.5,1
4430.5,115.4,1
4430.6,76.7,1
4435.7,139.9,1
4435.8,114.2,1
4435.9,129.2,1
4436.0,93.3,1
4436.1,90.8,1
4441.3,120.3,1
4441.4,119.1,1
4441.5,134.5,1
4441.6,132.5,1
4441.8,132.9,1
4446.9,122.8,1
4447.0,124.8,1
4447.2,134.4,1
4447.2,90.7,1
4447.4,137.0,1
4452.5,92.9,1
4452.6,111.7,1
4452.7,142.9,1
4452.8,75.1,1
4452.9,114.7,1
4458.0,84.1,1
4458.1,120.5,1
4458.2,99.1,1
4458.4,154.5,1
4458.5,131.2,1
4463.7,128.6,1
4463.7,82.3,1
4463.9,141.4,1
4464.0,143.4,1
4464.1,97.0,1
4469.2,101.9,1
4469.3,90.0,1
4469.5,136.1,1
4469.6,128.2,1
4469.7,118.1,1
4474.8,122.7,1
4475.0,130.1,1
4475.1,149.8,1
4475.3,148.0,1
4475.4,157.4,1
4480.5,121.0,1
4480.7,137.5,1
4480.8,100.4,1
4480.9,98.5,1
4481.0,136.8,1
4486.1,121.0,1
4486.2,92.4,1
4486.3,112.0,1
4486.4,96.2,1
4486.5,80.5,1
4491.6,112.0,1
4491.7,109.3,1
4491.9,126.1,1
4492.0,112.9,1
4492.1,101.3,1
4497.2,129.4,1
4497.3,102.6,1
4497.4,100.8,1
4497.5,101.3,1
4497.6,97.0,1
4502.7,93.2,1
4502.9,134.7,1
4503.0,120.5,1
4503.1,108.8,1
4503.2,147.1,1
4508.3,114.8,1
4508.5,147.7,1
4508.6,151.1,1
4508.8,141.3,1
4508.9,145.5,1
4514.0,104.5,1
4514.2,134.9,1
4514.3,119.2,1
4514.4,114.0,1
4514.5,132.6,1
4519.7,111.7,1
4519.8,125.9,1
4519.9,120.7,1
4520.0,125.1,1
4520.2,122.4,1
4525.2,86.8,1
4525.4,141.2,1
4525.5,85.8,1
4525.5,74.1,1
4525.6,76.0,1
4530.7,104.2,1
4530.8,118.5,1
4531.0,127.6,1
4531.1,154.2,1
4531.3,142.6,1
4536.4,142.3,1
4536.5,104.8,1
4536.6,72.4,1
4536.7,70.9,1
4536.7,74.3,1
4541.8,74.7,1
4541.9,106.9,1
4542.0,98.3,1
4542.1,72.8,1
4542.2,113.7,1
4547.3,106.2,1
4547.4,130.5,1
4547.5,84.1,1
4547.7,144.0,1
4547.8,136.8,1
4552.9,122.5,1
4553.1,154.3,1
4553.2,150.0,1
4553.4,132.1,1
4553.5,132.1,1
4558.6,98.5,1
4558.8,143.8,1
4558.9,119.4,1
4559.0,147.4,1
4559.1,106.0,1
4564.3,133.6,1
4564.4,136.9,1
4564.5,112.1,1
4564.6,112.7,1
4564.7,75.7,1
4569.8,132.7,1
4570.0,111.8,1
4570.1,106.5,1
4570.2,125.7,1
4570.3,87.4,1
4575.4,133.2,1
4575.5,129.2,1
4575.6,89.7,1
4575.8,129.4,1
4575.9,133.1,1
4581.0,106.1,1
4581.1,74.0,1
4581.2,129.5,1
4581.3,120.2,1
4581.4,109.2,1
4586.5,82.0,1
4586.6,71.8,1
4586.7,97.6,1
4586.8,132.8,1
4586.9,90.4,1
4592.0,102.6,1
4592.2,146.8,1
4592.3,124.9,1
4592.4,139.2,1
4592.5,98.2,1
4597.6,113.0,1
4597.8,121.2,1
4597.9,119.8,1
4598.0,100.1,1
4598.1,126.3,1
4603.3,133.6,1
4603.4,119.6,1
4603.5,91.0,1
4603.6,135.7,1
4603.7,110.8,1
4608.8,128.5,1
4609.0,141.1,1
4609.1,145.1,1
4609.2,117.8,1
4609.3,93.8,1
4614.5,134.3,1
4614.6,122.7,1
4614.7,121.4,1
4614.9,131.9,1
4615.0,127.9,1
4620.1,142.1,1
4620.3,131.2,1
4620.4,119.5,1
4620.5,143.5,1
4620.7,133.7,1
4625.8,108.6,1
4625.9,128.2,1
4626.0,113.6,1
4626.1,73.0,1
4626.2,111.6,1
4631.3,76.7,1
4631.4,145.2,1
4631.5,99.4,1
4631.7,138.7,1
4631.8,107.7,1
4636.9,115.7,1
4637.0,132.0,1
4637.1,105.7,1
4637.3,149.5,1
4637.4,107.1,1
4642.5,96.9,1
4642.6,123.5,1
4642.7,83.8,1
4642.8,147.0,1
4643.0,132.9,1
4648.1,84.0,1
4648.1,82.4,1
4648.2,97.4,1
4648.4,118.5,1
4648.5,130.4,1
4653.7,171.2,1
4653.8,154.9,1
4654.0,158.1,1
4654.1,154.4,1
4654.3,143.3,1
4659.4,83.4,1
4659.4,78.4,1
4659.5,96.1,1
4659.7,120.2,1
4659.8,120.7,1
4664.9,134.6,1
4665.1,131.9,1
4665.2,102.0,1
4665.3,99.1,1
4665.4,95.5,1
4670.5,94.7,1
4670.6,135.2,1
4670.7,142.5,1
4670.9,123.2,1
4671.0,148.7,1
4676.1,75.6,1
4676.2,90.3,1
4676.3,86.2,1
4676.4,95.6,1
4676.5,133.6,1
4681.6,73.3,1
4681.7,147.1,1
4681.8,131.3,1
4682.0,134.2,1
4682.1,147.0,1
4687.3,126.1,1
4687.4,159.3,1
4687.5,130.8,1
4687.7,133.7,1
4687.8,142.8,1
4693.0,136.5,1
4693.1,110.1,1
4693.2,151.8,1
4693.3,117.3,1
4693.5,130.3,1
4698.6,131.5,1
4698.8,151.9,1
4698.8,78.7,1
4699.0,156.3,1
4699.1,146.9,1
4704.3,133.5,1
4704.4,124.3,1
4704.6,144.4,1
4704.7,138.5,1
4704.8,91.2,1
4709.9,138.3,1
4710.1,128.1,1
4710.2,108.8,1
4710.3,100.1,1
4710.4,102.8,1
4715.4,72.5,1
4715.5,90.3,1
4715.6,75.5,1
4715.7,139.2,1
4715.9,125.4,1
4721.0,115.2,1
4721.1,81.1,1
4721.1,73.7,1
4721.2,73.0,1
4721.3,84.6,1
4726.4,105.1,1
4726.5,122.9,1
4726.6,102.4,1
4726.8,135.8,1
4726.9,97.5,1
4732.0,124.9,1
4732.1,147.3,1
4732.3,133.8,1
4732.4,85.2,1
4732.5,97.7,1
4737.6,136.2,1
4737.7,127.9,1
4737.9,146.7,1
4738.0,117.0,1
4738.1,74.9,1
4743.2,106.0,1
4743.3,77.7,1
4743.4,120.7,1
4743.5,90.8,1
4743.6,101.3,1
4748.7,146.8,1
4748.8,75.3,1
4748.9,92.2,1
4749.0,115.2,1
4749.2,146.8,1
4754.3,127.7,1
4754.4,119.4,1
4754.5,116.8,1
4754.6,120.2,1
4754.8,137.5,1
4759.9,74.0,1
4760.0,128.2,1
4760.1,128.0,1
4760.2,82.2,1
4760.3,100.1,1
4765.4,72.4,1
4765.5,102.8,1
4765.6,71.4,1
4765.7,107.8,1
4765.7,73.1,1
4770.9,124.4,1
4771.0,131.9,1
4771.1,72.2,1
4771.2,114.8,1
4771.3,142.3,1
4776.4,94.6,1
4776.6,149.1,1
4776.6,73.0,1
4776.8,142.1,1
4776.9,147.1,1
4782.1,143.9,1
4782.2,112.6,1
4782.3,132.5,1
4782.4,87.7,1
4782.6,149.0,1
4787.7,148.2,1
4787.8,120.3,1
4787.9,114.8,1
4788.0,97.0,1
4788.1,96.2,1
4793.3,137.6,1
4793.4,131.2,1
4793.6,136.8,1
4793.7,98.6,1
4793.8,120.1,1
4798.9,129.5,1
4799.0,84.9,1
4799.1,145.0,1
4799.3,138.5,1
4799.4,123.7,1
4804.5,103.5,1
4804.6,139.3,1
4804.8,130.9,1
4804.8,73.8,1
4804.9,96.8,1
4810.1,119.4,1
4810.2,136.6,1
4810.3,74.0,1
4810.4,102.6,1
4810.5,74.2,1
4815.5,72.6,1
4815.7,146.5,1
4815.8,129.1,1
4815.9,123.0,1
4816.1,146.1,1
4821.2,132.8,1
4821.4,139.4,1
4821.5,120.3,1
4821.6,116.9,1
4821.7,128.4,1
4826.9,126.2,1
4827.0,126.2,1
4827.1,121.1,1
4827.2,133.6,1
4827.4,153.0,1
4832.5,142.3,1
4832.7,141.0,1
4832.8,164.1,1
4833.0,148.9,1
4833.1,157.7,1
4838.2,74.1,1
4838.3,127.7,1
4838.5,121.8,1
4838.6,150.1,1
4838.7,84.3,1
4843.8,140.2,1
4844.0,140.1,1
4844.1,149.8,1
4844.3,143.1,1
4844.4,117.8,1
4849.6,144.9,1
4849.7,131.6,1
4849.8,151.6,1
4850.0,148.4,1
4850.2,182.5,1
4855.2,78.3,1
4855.3,76.1,1
4855.4,120.6,1
4855.5,73.8,1
4855.6,76.3,1
4860.7,76.6,1
4860.8,77.0,1
4860.9,120.6,1
4861.0,128.1,1
4861.1,100.9,1
4866.3,148.9,1
4866.4,152.3,1
4866.6,142.7,1
4866.7,98.7,1
4866.7,76.3,1
4871.9,140.5,1
4872.0,140.9,1
4872.1,132.2,1
4872.3,107.0,1
4872.4,106.1,1
4877.5,103.5,1
4877.6,133.0,1
4877.7,82.7,1
4877.8,96.4,1
4877.9,122.1,1
4883.0,122.5,1
4883.2,146.4,1
4883.3,153.2,1
4883.5,135.2,1
4883.6,118.8,1
4888.7,138.6,1
4888.8,96.3,1
4889.0,155.3,1
4889.1,103.4,1
4889.2,135.4,1
4894.3,72.1,1
4894.4,138.3,1
4894.5,109.0,1
4894.6,74.7,1
4894.7,74.7,1
4899.8,100.9,1
4899.9,74.6,1
4900.0,86.7,1
4900.1,107.6,1
4900.2,116.1,1
4905.3,74.5,1
4905.4,145.4,1
4905.5,112.7,1
4905.7,136.6,1
4905.7,91.6,1
4910.8,93.4,1
4910.9,104.6,1
4911.1,112.4,1
4911.2,146.3,1
4911.3,126.5,1
4916.4,76.2,1
4916.5,79.4,1
4916.6,146.0,1
4916.7,87.9,1
4916.9,132.6,1
4921.9,82.5,1
4922.1,138.8,1
4922.2,140.8,1
4922.3,78.1,1
4922.5,149.1,1
4927.6,125.7,1
4927.7,147.2,1
4927.9,129.8,1
4928.0,115.4,1
4928.1,121.4,1
4933.2,103.0,1
4933.3,119.3,1
4933.5,129.3,1
4933.6,113.9,1
4933.7,111.0,1
4938.8,113.5,1
4938.9,106.3,1
4939.0,81.8,1
4939.1,95.1,1
4939.2,77.4,1
4944.3,91.8,1
4944.3,71.4,1
4944.5,140.7,1
4944.5,75.7,1
4944.7,149.3,1
4949.8,74.2,1
4949.9,106.0,1
4950.0,116.8,1
4950.1,117.4,1
4950.2,93.6,1
4955.3,115.5,1
4955.5,133.5,1
4955.6,124.4,1
4955.7,120.4,1
4955.8,121.7,1
4961.0,132.8,1
4961.1,99.9,1
4961.2,106.8,1
4961.3,102.7,1
4961.4,144.6,1
4966.5,111.4,1
4966.6,91.9,1
4966.7,78.5,1
4966.8,127.8,1
4966.9,111.0,1
4972.1,135.1,1
4972.2,125.6,1
4972.3,106.3,1
4972.4,109.7,1
4972.5,88.5,1
4977.6,111.5,1
4977.8,151.1,1
4977.9,119.5,1
4978.0,131.5,1
4978.2,154.0,1
4983.3,72.8,1
4983.3,83.5,1
4983.5,137.0,1
4983.6,89.6,1
4983.7,86.5,1
4988.7,79.1,1
4988.8,74.8,1
4988.9,91.0,1
4989.0,75.0,1
4989.1,110.6,1
4994.2,91.2,1
4994.3,71.3,1
4994.4,95.0,1
4994.4,74.0,1
4994.5,73.8,1
4999.6,81.3,1
4999.7,118.7,1
4999.8,117.3,1
4999.9,117.6,1
5000.1,118.4,1
5005.1,73.4,1
5005.3,149.9,1
5005.4,79.6,1
5005.5,112.7,1
5005.6,101.6,1
5010.7,119.5,1
5010.8,115.1,1
5011.0,153.0,1
5011.1,122.5,1
5011.2,131.6,1
5016.4,141.2,1
5016.5,103.6,1
5016.6,129.4,1
5016.7,93.0,1
5016.8,140.8,1
5022.0,153.3,1
5022.1,121.2,1
5022.2,121.0,1
5022.4,131.2,1
5022.5,126.4,1
5027.6,74.9,1
5027.7,143.1,1
5027.9,132.2,1
5028.0,120.4,1
5028.1,115.4,1
5033.2,89.6,1
5033.3,99.5,1
5033.4,126.5,1
5033.5,113.4,1
5033.6,76.4,1
5038.7,72.6,1
5038.8,76.1,1
5038.9,93.9,1
5039.0,148.6,1
5039.1,124.3,1
5044.3,167.3,1
5044.4,119.2,1
5044.6,186.2,1
5044.7,138.1,1
5044.9,168.4,1
5050.0,136.1,1
5050.2,153.4,1
5050.3,104.3,1
5050.4,129.0,1
5050.6,120.3,1
5055.6,76.9,1
5055.7,104.4,1
5055.9,132.1,1
5056.0,124.5,1
5056.1,121.8,1
5061.3,143.0,1
5061.4,142.1,1
5061.6,139.9,1
5061.6,93.7,1
5061.8,125.9,1
5066.9,82.3,1
5067.0,113.4,1
5067.1,105.7,1
5067.2,142.4,1
5067.4,155.0,1
5072.5,101.9,1
5072.6,119.4,1
5072.7,130.4,1
5072.8,105.8,1
5072.9,98.7,1
5078.1,142.1,1
5078.2,70.2,1
5078.3,130.6,1
5078.4,114.2,1
5078.5,110.7,1
5083.6,79.1,1
5083.7,82.7,1
5083.7,73.9,1
5083.9,117.2,1
5084.0,103.3,1
5089.1,150.3,1
5089.2,120.3,1
5089.4,127.5,1
5089.5,122.2,1
5089.6,92.7,1
5094.7,133.5,1
5094.9,137.9,1
5095.0,116.0,1
5095.1,138.2,1
5095.3,143.0,1
5100.4,92.5,1
5100.5,147.4,1
5100.6,100.7,1
5100.7,89.5,1
5100.8,117.8,1
5105.9,100.3,1
5106.1,138.0,1
5106.2,106.3,1
5106.3,116.4,1
5106.4,119.7,1
5111.5,94.2,1
5111.6,108.5,1
5111.7,88.5,1
5111.8,135.8,1
5112.0,130.5,1
5117.1,111.6,1
5117.2,138.7,1
5117.3,71.6,1
5117.4,92.7,1
5117.5,142.5,1
5122.6,74.4,1
5122.7,72.7,1
5122.8,137.9,1
5122.9,133.4,1
5123.0,94.9,1
5128.2,143.1,1
5128.3,73.2,1
5128.4,128.7,1
5128.5,129.5,1
5128.7,135.0,1
5133.8,138.3,1
5133.9,133.4,1
5134.1,119.4,1
5134.2,146.4,1
5134.3,120.0,1
5139.4,123.5,1
5139.6,133.4,1
5139.7,111.8,1
5139.8,143.1,1
5140.0,117.7,1
5145.1,130.1,1
5145.2,145.7,1
5145.3,108.9,1
5145.5,130.5,1
5145.6,114.2,1
5150.7,115.7,1
5150.8,101.5,1
5151.0,147.9,1
5151.1,145.6,1
5151.2,119.3,1
5156.3,120.3,1
5156.5,120.1,1
5156.6,85.5,1
5156.7,134.2,1
5156.8,147.3,1
5162.0,113.4,1
5162.1,123.3,1
5162.2,119.2,1
5162.3,134.2,1
5162.4,120.8,1
5167.6,122.2,1
5167.7,107.0,1
5167.8,79.1,1
5167.9,107.5,1
5167.9,76.6,1
5173.1,132.5,1
5173.2,73.8,1
5173.2,80.9,1
5173.3,72.7,1
5173.4,84.7,1
5178.5,132.6,1
5178.7,119.9,1
5178.8,127.9,1
5178.9,137.1,1
5179.1,147.2,1
5184.2,100.2,1
5184.3,139.8,1
5184.4,113.9,1
5184.6,138.2,1
5184.7,105.2,1
5189.8,146.8,1
5189.9,114.5,1
5190.1,135.3,1
5190.2,127.6,1
5190.4,176.0,1
5195.5,148.3,1
5195.7,144.6,1
5195.8,153.0,1
5196.0,141.2,1
5196.1,152.5,1
5201.3,130.2,1
5201.4,125.0,1
5201.5,106.0,1
5201.6,107.1,1
5201.7,144.8,1
5206.9,158.7,1
5207.0,141.6,1
5207.2,131.0,1
5207.3,119.0,1
5207.4,105.7,1
5212.5,146.9,1
5212.6,91.5,1
5212.7,72.8,1
5212.8,111.5,1
5212.9,122.0,1
5218.1,147.5,1
5218.2,87.9,1
5218.3,71.5,1
5218.3,70.5,1
5218.5,146.1,1
5223.6,148.6,1
5223.8,166.5,1
5223.9,126.0,1
5224.0,108.0,1
5224.1,119.4,1
5229.3,129.6,1
5229.4,133.8,1
5229.5,119.9,1
5229.7,126.4,1
5229.8,127.4,1
5234.9,135.9,1
5235.0,116.3,1
5235.2,130.1,1
5235.2,72.8,1
5235.4,105.4,1
5240.5,124.8,1
5240.6,125.5,1
5240.7,103.0,1
5240.9,146.2,1
5241.0,132.9,1
5246.1,76.6,1
5246.2,134.2,1
5246.3,143.6,1
5246.5,142.2,1
5246.6,119.8,1
5251.7,128.7,1
5251.9,131.9,1
5252.0,108.9,1
5252.1,135.4,1
5252.2,103.7,1
5257.4,147.5,1
5257.5,82.2,1
5257.5,82.3,1
5257.6,76.4,1
5257.7,97.1,1
5262.8,89.8,1
5263.0,145.4,1
5263.1,107.4,1
5263.2,127.4,1
5263.3,108.9,1
5268.4,85.3,1
5268.5,127.1,1
5268.6,131.7,1
5268.8,133.3,1
5268.9,126.7,1
5274.0,114.1,1
5274.1,110.6,1
5274.3,118.2,1
5274.4,120.4,1
5274.5,120.2,1
5279.6,135.3,1
5279.7,96.7,1
5279.9,142.9,1
5280.0,140.1,1
5280.1,85.4,1
5285.2,96.9,1
5285.3,103.6,1
5285.4,100.8,1
5285.5,96.1,1
5285.6,128.3,1
5290.8,129.0,1
5290.9,87.0,1
5291.0,146.6,1
5291.1,84.5,1
5291.2,117.0,1
5296.4,151.2,1
5296.5,121.0,1
5296.6,140.3,1
5296.7,103.9,1
5296.8,103.7,1
5301.9,91.3,1
5302.0,105.9,1
5302.2,127.6,1
5302.3,112.0,1
5302.3,72.1,1
5307.4,76.8,1
5307.6,147.0,1
5307.6,76.2,1
5307.7,74.5,1
5307.8,122.0,1
5313.0,137.2,1
5313.1,100.4,1
5313.2,109.2,1
5313.3,73.8,1
5313.4,130.8,1
5318.5,122.1,1
5318.6,84.3,1
5318.7,140.1,1
5318.9,113.2,1
5319.0,159.6,1
5324.1,79.8,1
5324.2,124.7,1
5324.4,120.5,1
5324.4,72.9,1
5324.6,133.9,1
5329.7,132.1,1
5329.8,97.1,1
5329.9,146.9,1
5330.1,133.6,1
5330.2,128.9,1
5335.3,98.6,1
5335.4,106.5,1
5335.5,80.9,1
5335.6,112.7,1
5335.7,93.9,1
5340.8,124.3,1
5340.9,92.5,1
5341.0,134.7,1
5341.2,127.8,1
5341.3,130.5,1
5346.4,98.5,1
5346.6,139.2,1
5346.7,124.8,1
5346.8,92.3,1
5346.8,77.4,1
5352.0,134.0,1
5352.1,73.2,1
5352.1,73.9,1
5352.3,134.3,1
5352.4,121.3,1
5357.5,92.7,1
5357.6,119.6,1
5357.7,120.4,1
5357.8,96.8,1
5357.9,127.9,1
5363.1,100.5,1
5363.2,137.9,1
5363.3,141.6,1
5363.5,132.4,1
5363.6,98.8,1
5368.7,107.8,1
5368.8,130.4,1
5369.0,182.6,1
5369.1,126.3,1
5369.3,204.8,1
5374.5,154.8,1
5374.6,143.5,1
5374.8,131.8,1
5374.8,87.5,1
5375.0,111.6,1
5380.1,95.5,1
5380.2,112.1,1
5380.3,149.9,1
5380.5,138.3,1
5380.6,116.1,1
5385.7,162.0,1
5385.9,151.8,1
5386.0,133.5,1
5386.2,170.9,1
5386.3,143.8,1
5391.5,135.2,1
5391.6,98.8,1
5391.7,128.3,1
5391.8,113.0,1
5392.0,134.4,1
5397.0,72.9,1
5397.1,103.0,1
5397.2,89.6,1
5397.3,115.3,1
5397.5,130.3,1
5402.6,159.1,1
5402.8,167.9,1
5402.9,116.4,1
5403.1,135.2,1
5403.2,125.6,1
5408.3,85.0,1
5408.4,89.9,1
5408.5,99.0,1
5408.6,133.5,1
5408.7,133.6,1
5413.9,127.4,1
5414.0,95.5,1
5414.0,76.5,1
5414.2,133.3,1
5414.3,161.9,1
5419.5,129.1,1
5419.6,120.1,1
5419.7,120.2,1
5419.8,126.7,1
5420.0,128.4,1
5425.1,162.3,1
5425.2,125.5,1
5425.4,140.2,1
5425.5,137.2,1
5425.7,131.8,1
5430.7,77.1,1
5430.9,145.1,1
5431.0,111.3,1
5431.1,137.6,1
5431.3,128.0,1
5436.4,96.8,1
5436.5,128.5,1
5436.6,141.9,1
5436.7,82.1,1
5436.8,100.8,1
5441.9,107.4,1
5442.0,121.3,1
5442.1,73.5,1
5442.2,71.8,1
5442.3,127.0,1
5447.4,82.4,1
5447.5,92.3,1
5447.6,135.6,1
5447.8,132.8,1
5447.9,117.9,1
5453.0,125.0,1
5453.1,99.0,1
5453.2,125.2,1
5453.3,90.4,1
5453.4,82.7,1
5458.5,92.5,1
5458.7,148.0,1
5458.8,124.7,1
5458.9,124.0,1
5459.0,75.8,1
5464.1,110.0,1
5464.2,146.3,1
5464.3,79.9,1
5464.5,133.8,1
5464.6,129.5,1
5469.7,142.5,1
5469.9,136.8,1
5470.0,128.2,1
5470.1,116.4,1
5470.2,128.3,1
5475.4,119.6,1
5475.5,110.6,1
5475.6,141.2,1
5475.8,147.2,1
5475.9,121.1,1
5481.0,75.3,1
5481.0,79.4,1
5481.1,74.7,1
5481.2,81.0,1
5481.3,76.1,1
5486.4,87.5,1
5486.5,117.9,1
5486.6,142.6,1
5486.7,115.4,1
5486.9,108.3,1
5492.0,120.5,1
5492.1,140.1,1
5492.2,126.8,1
5492.4,147.4,1
5492.5,97.8,1
5497.6,121.3,1
5497.7,121.8,1
5497.9,120.4,1
5498.0,107.0,1
5498.1,130.8,1
5503.2,145.9,1
5503.3,107.5,1
5503.5,134.4,1
5503.6,112.4,1
5503.7,116.4,1
5508.9,135.6,1
5508.9,87.8,1
5509.1,117.7,1
5509.2,119.8,1
5509.3,101.5,1
5514.4,118.1,1
5514.5,130.5,1
5514.7,144.9,1
5514.8,123.9,1
5514.9,128.3,1
5520.0,96.4,1
5520.2,131.8,1
5520.3,129.3,1
5520.4,116.0,1
5520.5,108.2,1
5525.6,100.6,1
5525.8,143.4,1
5525.9,115.8,1
5526.0,83.1,1
5526.1,112.5,1
5531.2,76.9,1
5531.2,73.2,1
5531.4,149.7,1
5531.5,136.2,1
5531.6,85.5,1
5536.7,123.3,1
5536.8,110.6,1
5537.0,138.9,1
5537.1,148.5,1
5537.3,137.4,1
5542.4,119.3,1
5542.5,134.5,1
5542.6,118.3,1
5542.8,131.4,1
5542.9,104.2,1
5548.0,135.6,1
5548.2,150.9,1
5548.3,168.3,1
5548.5,150.8,1
5548.7,162.0,1
5553.8,138.5,1
5553.9,149.4,1
5554.1,133.0,1
5554.2,79.7,1
5554.2,91.2,1
5559.4,124.1,1
5559.5,133.9,1
5559.7,153.6,1
5559.7,85.1,1
5559.9,110.3,1
5565.0,156.2,1
5565.1,112.1,1
5565.3,141.3,1
5565.4,133.1,1
5565.5,79.9,1
5570.6,88.1,1
5570.7,70.8,1
5570.8,134.8,1
5570.9,107.9,1
5571.0,115.8,1
5576.1,76.5,1
5576.2,82.8,1
5576.3,140.2,1
5576.4,97.0,1
5576.5,107.9,1
5581.6,88.8,1
5581.8,139.4,1
5581.9,140.5,1
5582.0,103.5,1
5582.1,145.9,1
5587.3,146.2,1
5587.4,122.0,1
5587.6,142.6,1
5587.7,145.2,1
5587.9,151.6,1
5593.0,127.0,1
5593.1,130.8,1
5593.3,141.4,1
5593.4,145.2,1
5593.5,80.9,1
5598.6,129.1,1
5598.8,158.4,1
5598.9,150.0,1
5599.1,139.3,1
5599.2,142.2,1
5604.3,76.8,1
5604.4,131.6,1
5604.6,143.2,1
5604.7,130.9,1
5604.8,106.9,1
5609.9,133.5,1
5610.1,130.9,1
5610.2,117.0,1
5610.3,107.3,1
5610.4,143.5,1
5615.5,89.3,1
5615.7,136.6,1
5615.7,77.4,1
5615.8,78.2,1
5615.9,90.4,1
5621.0,114.2,1
5621.1,71.7,1
5621.2,98.0,1
5621.3,87.0,1
5621.4,80.2,1
5626.5,120.2,1
5626.6,140.6,1
5626.8,134.8,1
5626.9,135.3,1
5627.0,119.1,1
5632.2,116.1,1
5632.2,87.7,1
5632.4,128.4,1
5632.5,128.0,1
5632.6,147.1,1
5637.7,73.8,1
5637.8,105.3,1
5638.0,151.7,1
5638.1,126.6,1
5638.2,105.6,1
5643.3,120.2,1
5643.5,117.2,1
5643.5,92.8,1
5643.7,125.6,1
5643.8,120.5,1
5648.9,83.9,1
5649.0,143.9,1
5649.1,114.9,1
5649.2,78.3,1
5649.3,127.4,1
5654.4,100.4,1
5654.6,121.0,1
5654.7,121.1,1
5654.8,108.0,1
5654.9,126.2,1
5660.1,153.4,1
5660.2,145.2,1
5660.3,114.7,1
5660.5,132.2,1
5660.6,121.4,1
5665.7,74.3,1
5665.7,72.9,1
5665.9,109.6,1
5665.9,81.4,1
5666.0,97.2,1
5671.2,127.3,1
5671.3,125.8,1
5671.4,151.1,1
5671.5,93.2,1
5671.7,138.3,1
5676.8,125.5,1
5676.9,94.5,1
5677.0,112.9,1
5677.1,135.0,1
5677.3,106.9,1
5682.4,109.6,1
5682.5,97.8,1
5682.6,145.5,1
5682.7,112.4,1
5682.9,149.8,1
5688.0,114.6,1
5688.1,147.2,1
5688.2,96.7,1
5688.4,129.0,1
5688.5,109.7,1
5693.6,147.8,1
5693.7,121.4,1
5693.9,154.6,1
5694.1,153.7,1
5694.2,142.3,1
5699.3,118.8,1
5699.5,133.0,1
5699.6,136.9,1
5699.7,112.7,1
5699.8,116.4,1
5704.9,119.3,1
5705.0,74.3,1
5705.1,129.5,1
5705.2,86.5,1
5705.3,73.5,1
5710.4,123.2,1
5710.6,164.3,1
5710.7,121.5,1
5710.8,120.2,1
5711.0,157.3,1
5716.1,90.0,1
5716.2,144.1,1
5716.4,143.3,1
5716.5,91.3,1
5716.6,108.6,1
5721.7,131.1,1
5721.8,95.0,1
5722.0,157.2,1
5722.1,128.9,1
5722.2,118.0,1
5727.3,121.6,1
5727.5,137.5,1
5727.6,153.7,1
5727.7,97.9,1
5727.8,108.2,1
5733.0,122.6,1
5733.1,98.4,1
5733.2,103.9,1
5733.3,120.0,1
5733.4,133.4,1
5738.6,123.0,1
5738.7,140.3,1
5738.8,131.3,1
5739.0,137.7,1
5739.1,145.4,1
5744.2,109.3,1
5744.4,130.1,1
5744.4,73.2,1
5744.5,105.6,1
5744.7,122.0,1
5749.7,73.0,1
5749.9,142.7,1
5750.0,123.1,1
5750.1,112.0,1
5750.3,146.8,1
5755.3,90.6,1
5755.5,141.4,1
5755.6,128.9,1
5755.7,91.1,1
5755.8,71.9,1
5760.9,80.6,1
5761.0,98.2,1
5761.1,145.0,1
5761.2,105.3,1
5761.3,88.5,1
5766.4,119.8,1
5766.5,118.4,1
5766.7,145.2,1
5766.8,139.2,1
5767.0,120.4,1
5772.1,145.5,1
5772.2,134.7,1
5772.4,149.3,1
5772.5,79.7,1
5772.6,130.1,1
5777.7,102.9,1
5777.8,106.9,1
5777.9,124.1,1
5778.1,121.8,1
5778.2,119.9,1
5783.3,131.2,1
5783.4,130.0,1
5783.6,122.8,1
5783.7,132.8,1
5783.8,86.6,1
5788.9,111.4,1
5789.0,140.7,1
5789.2,125.4,1
5789.3,130.7,1
5789.4,99.6,1
5794.5,122.7,1
5794.6,95.7,1
5794.7,76.7,1
5794.8,74.5,1
5794.9,124.8,1
5800.0,73.9,1
5800.1,135.1,1
5800.2,78.4,1
5800.3,115.7,1
5800.4,133.1,1
5805.6,132.6,1
5805.7,124.9,1
5805.8,128.8,1
5805.9,117.9,1
5806.1,139.2,1
5811.2,92.3,1
5811.3,95.3,1
5811.4,126.3,1
5811.5,142.0,1
5811.7,159.0,1
5816.8,101.1,1
5817.0,149.3,1
5817.1,128.5,1
5817.2,139.1,1
5817.4,148.2,1
5822.5,137.4,1
5822.7,141.4,1
5822.8,122.4,1
5822.9,134.2,1
5823.0,107.0,1
5828.2,146.0,1
5828.3,99.6,1
5828.4,138.2,1
5828.6,146.5,1
5828.7,129.0,1
5833.8,133.0,1
5833.9,108.2,1
5834.1,127.4,1
5834.2,131.2,1
5834.3,119.1,1
5839.4,76.5,1
5839.5,73.7,1
5839.6,137.5,1
5839.7,103.6,1
5839.8,119.8,1
5844.9,83.2,1
5845.0,97.9,1
5845.1,74.0,1
5845.2,100.3,1
5845.3,120.1,1
5850.4,111.5,1
5850.5,105.7,1
5850.7,133.7,1
5850.8,154.4,1
5851.0,162.1,1
5856.1,135.9,1
5856.2,90.5,1
5856.4,199.8,1
5856.6,149.6,1
5856.7,138.6,1
5861.8,100.9,1
5861.9,105.5,1
5862.0,138.2,1
5862.2,113.2,1
5862.3,139.9,1
5867.4,79.8,1
5867.5,97.3,1
5867.6,79.4,1
5867.7,96.0,1
5867.8,92.7,1
5872.9,161.7,1
5873.1,160.3,1
5873.2,163.0,1
5873.4,139.1,1
5873.5,128.3,1
5878.7,148.6,1
5878.8,141.5,1
5878.9,111.1,1
5879.0,99.3,1
5879.1,126.0,1
5884.3,109.8,1
5884.4,130.7,1
5884.5,90.5,1
5884.5,70.8,1
5884.6,100.7,1
5889.8,99.5,1
5889.9,123.8,1
5890.0,129.5,1
5890.1,141.4,1
5890.2,90.9,1
5895.4,113.5,1
5895.4,73.9,1
5895.5,79.9,1
5895.6,128.9,1
5895.8,119.7,1
5900.9,118.7,1
5901.0,107.2,1
5901.1,109.3,1
5901.2,139.5,1
5901.4,129.7,1
5906.5,119.8,1
5906.6,120.2,1
5906.7,119.9,1
5906.9,120.7,1
5907.0,117.8,1
5912.0,75.8,1
5912.2,121.7,1
5912.3,123.7,1
5912.4,148.8,1
5912.5,104.1,1
5917.7,99.6,1
5917.8,126.4,1
5917.9,134.3,1
5918.1,157.1,1
5918.2,118.6,1
5923.3,136.0,1
5923.5,122.7,1
5923.6,150.4,1
5923.7,116.9,1
5923.8,76.8,1
5928.9,125.8,1
5929.0,76.6,1
5929.1,91.6,1
5929.2,84.0,1
5929.2,70.2,1
5934.3,73.8,1
5934.5,130.1,1
5934.5,84.3,1
5934.6,74.8,1
5934.7,73.2,1
5939.8,74.3,1
5939.8,78.1,1
5940.0,118.1,1
5940.0,79.7,1
5940.2,147.5,1
5945.3,142.5,1
5945.4,71.8,1
5945.6,146.0,1
5945.7,102.2,1
5945.7,87.1,1
5950.9,111.9,1
5951.0,128.3,1
5951.1,123.1,1
5951.2,124.8,1
5951.4,118.1,1
5956.5,146.6,1
5956.6,136.9,1
5956.8,118.6,1
5956.9,141.3,1
5957.0,78.6,1
5962.1,108.2,1
5962.2,121.1,1
5962.3,110.3,1
5962.4,120.3,1
5962.6,127.3,1
5967.7,127.0,1
5967.8,119.3,1
5968.0,128.2,1
5968.1,103.9,1
5968.2,131.8,1
5973.3,110.5,1
5973.4,91.7,1
5973.5,95.5,1
5973.6,139.6,1
5973.7,105.6,1
5978.9,123.8,1
5978.9,81.2,1
5979.1,118.3,1
5979.1,75.6,1
5979.2,87.0,1
5984.3,115.4,1
5984.4,74.5,1
5984.5,83.8,1
5984.6,99.8,1
5984.8,151.0,1
5989.9,133.7,1
5990.0,122.2,1
5990.1,107.2,1
5990.3,126.0,1
5990.3,96.5,1
5995.4,77.8,1
5995.6,143.4,1
5995.7,145.5,1
5995.8,130.1,1
5996.0,137.4,1
6001.1,105.1,1
6001.2,89.4,1
6001.3,144.8,1
6001.4,82.7,1
6001.5,106.2,1
6006.6,120.1,1
6006.8,120.7,1
6006.9,145.6,1
6007.0,129.8,1
6007.2,120.0,1
6012.2,74.4,1
6012.4,129.2,1
6012.5,132.8,1
6012.6,126.8,1
6012.7,110.2,1
6017.9,149.8,1
6018.0,102.9,1
6018.1,141.5,1
6018.3,116.8,1
6018.4,145.0,1
6023.5,73.9,1
6023.5,70.3,1
6023.7,137.9,1
6023.8,111.1,1
6023.9,110.0,1
6029.0,112.4,1
6029.1,115.4,1
6029.2,78.5,1
6029.3,123.0,1
6029.4,84.1,1
6034.5,119.0,1
6034.7,144.8,1
6034.8,132.7,1
6034.9,93.2,1
6035.1,133.1,1
6040.2,146.4,1
6040.3,145.4,1
6040.5,135.3,1
6040.6,95.9,1
6040.7,103.6,1
6045.8,87.5,1
6045.9,139.0,1
6046.1,140.6,1
6046.1,93.1,1
6046.3,121.7,1
6051.4,139.7,1
6051.6,136.0,1
6051.7,142.5,1
6051.9,246.4,1
6052.1,173.8,1
6057.3,130.6,1
6057.4,132.8,1
6057.5,122.0,1
6057.6,98.2,1
6057.7,73.9,1
6062.8,104.8,1
6062.9,102.3,1
6063.0,139.5,1
6063.1,116.0,1
6063.3,111.4,1
6068.4,97.4,1
6068.5,148.0,1
6068.6,128.4,1
6068.8,121.6,1
6068.9,145.8,1
6074.0,86.3,1
6074.1,76.0,1
6074.2,118.6,1
6074.3,87.7,1
6074.3,71.5,1
6079.5,120.1,1
6079.6,121.8,1
6079.7,116.1,1
6079.9,146.2,1
6080.0,145.0,1
6085.2,162.9,1
6085.3,103.4,1
6085.4,119.3,1
6085.5,147.3,1
6085.6,73.1,1
6090.7,77.1,1
6090.8,90.6,1
6090.9,129.4,1
6091.0,94.4,1
6091.1,73.1,1
6096.2,136.4,1
6096.3,83.9,1
6096.4,138.0,1
6096.6,139.8,1
6096.7,136.7,1
6101.9,128.9,1
6102.0,124.4,1
6102.1,157.2,1
6102.3,142.1,1
6102.4,83.5,1
6107.5,91.8,1
6107.5,75.8,1
6107.6,76.5,1
6107.7,106.2,1
6107.8,119.5,1
6113.0,146.3,1
6113.1,109.9,1
6113.2,84.8,1
6113.3,81.5,1
6113.3,70.3,1
6118.4,89.0,1
6118.5,74.4,1
6118.6,83.3,1
6118.7,78.0,1
6118.8,116.1,1
6123.9,97.0,1
6124.0,141.3,1
6124.1,116.2,1
6124.2,103.3,1
6124.3,89.3,1
6129.4,73.0,1
6129.5,136.2,1
6129.6,99.2,1
6129.8,119.9,1
6129.9,151.0,1
6135.0,129.3,1
6135.2,113.2,1
6135.3,93.0,1
6135.4,127.0,1
6135.5,83.0,1
6140.6,119.8,1
6140.7,141.5,1
6140.9,120.5,1
6141.0,127.7,1
6141.1,128.6,1
6146.3,143.2,1
6146.4,133.1,1
6146.5,128.7,1
6146.7,137.4,1
6146.8,143.3,1
6151.9,147.0,1
6152.1,116.7,1
6152.2,122.0,1
6152.3,100.5,1
6152.4,111.8,1
6157.5,90.8,1
6157.6,71.5,1
6157.7,113.5,1
6157.8,90.9,1
6157.9,98.4,1
6163.0,96.6,1
6163.1,127.3,1
6163.2,85.3,1
6163.3,88.6,1
6163.4,122.2,1
6168.5,118.6,1
6168.6,117.6,1
6168.8,128.2,1
6168.9,157.8,1
6169.1,130.3,1
6174.2,106.8,1
6174.2,82.9,1
6174.4,139.3,1
6174.5,146.3,1
6174.7,160.5,1
6179.8,96.9,1
6179.9,132.5,1
6180.1,143.7,1
6180.2,127.6,1
6180.3,130.0,1
6185.4,93.6,1
6185.5,112.2,1
6185.6,104.0,1
6185.8,110.2,1
6185.9,138.0,1
6191.0,103.3,1
6191.1,135.8,1
6191.3,124.6,1
6191.4,121.4,1
6191.5,129.8,1
6196.7,139.2,1
6196.8,127.0,1
6196.9,147.2,1
6197.0,88.9,1
6197.1,108.2,1
6202.2,91.5,1
6202.3,75.6,1
6202.4,136.4,1
6202.5,84.6,1
6202.6,93.2,1
6207.7,93.4,1
6207.8,110.6,1
6207.9,120.7,1
6208.1,145.9,1
6208.2,124.0,1
6213.3,108.2,1
6213.5,142.0,1
6213.6,133.6,1
6213.7,132.8,1
6213.9,146.6,1
6219.0,120.4,1
6219.1,135.9,1
6219.2,112.7,1
6219.4,118.5,1
6219.5,120.5,1
6224.6,150.0,1
6224.8,149.5,1
6224.9,128.8,1
6225.0,111.9,1
6225.2,125.1,1
6230.3,138.7,1
6230.4,147.0,1
6230.6,130.6,1
6230.7,166.5,1
6231.0,211.3,1
6236.1,131.2,1
6236.2,133.8,1
6236.4,159.9,1
6236.5,158.2,1
6236.7,156.1,1
6241.9,149.9,1
6242.0,136.6,1
6242.1,94.4,1
6242.2,125.2,1
6242.3,91.7,1
6247.4,110.1,1
6247.5,94.4,1
6247.6,102.5,1
6247.7,125.8,1
6247.9,147.8,1
6253.0,88.7,1
6253.1,74.8,1
6253.1,72.6,1
6253.2,112.5,1
6253.3,74.8,1
6258.5,148.3,1
6258.6,131.1,1
6258.7,132.3,1
6258.9,132.8,1
6259.0,120.1,1
6264.1,83.9,1
6264.2,117.7,1
6264.3,133.0,1
6264.5,140.7,1
6264.6,119.1,1
6269.7,94.1,1
6269.8,91.2,1
6269.9,106.1,1
6270.0,115.9,1
6270.1,90.8,1
6275.2,133.7,1
6275.4,146.1,1
6275.5,120.4,1
6275.6,119.9,1
6275.7,131.8,1
6280.8,91.3,1
6281.0,120.6,1
6281.1,139.1,1
6281.2,149.0,1
6281.4,126.7,1
6286.5,121.2,1
6286.6,133.9,1
6286.8,117.2,1
6286.9,145.4,1
6287.0,129.5,1
6292.1,91.6,1
6292.2,80.9,1
6292.3,84.9,1
6292.4,149.1,1
6292.5,83.2,1
6297.6,83.6,1
6297.7,86.0,1
6297.8,97.4,1
6297.9,80.8,1
6298.0,82.8,1
6303.0,78.3,1
6303.2,145.3,1
6303.3,116.1,1
6303.4,125.8,1
6303.6,126.6,1
6308.7,125.4,1
6308.8,93.5,1
6308.9,121.6,1
6309.0,126.1,1
6309.2,127.6,1
6314.3,149.6,1
6314.4,82.1,1
6314.5,122.8,1
6314.6,118.3,1
6314.7,103.8,1
6319.8,86.5,1
6320.0,127.2,1
6320.0,91.0,1
6320.2,144.8,1
6320.3,145.8,1
6325.5,139.9,1
6325.6,96.9,1
6325.7,113.0,1
6325.8,116.4,1
6325.9,134.8,1
6331.1,107.4,1
6331.2,107.5,1
6331.3,143.7,1
6331.4,145.0,1
6331.5,76.2,1
6336.6,77.8,1
6336.7,88.6,1
6336.8,74.2,1
6336.8,73.6,1
6336.9,92.6,1
6342.0,75.9,1
6342.1,72.4,1
6342.2,72.0,1
6342.3,92.6,1
6342.4,142.3,1
6347.5,118.4,1
6347.6,116.7,1
6347.7,97.9,1
6347.8,122.5,1
6348.0,107.7,1
6353.1,123.5,1
6353.2,130.1,1
6353.4,140.1,1
6353.5,107.9,1
6353.5,71.6,1
6358.7,138.8,1
6358.8,164.3,1
6359.0,158.8,1
6359.1,138.1,1
6359.3,121.8,1
6364.3,76.4,1
6364.5,139.6,1
6364.6,126.2,1
6364.7,122.4,1
6364.9,120.7,1
6370.0,138.7,1
6370.1,123.4,1
6370.2,107.8,1
6370.4,140.8,1
6370.5,116.6,1
6375.6,98.8,1
6375.7,148.8,1
6375.9,148.4,1
6376.0,129.9,1
6376.2,145.2,1
6381.3,105.6,1
6381.4,113.0,1
6381.5,72.5,1
6381.5,71.7,1
6381.7,131.6,1
6386.8,110.1,1
6386.9,116.0,1
6387.0,127.1,1
6387.1,85.8,1
6387.2,74.2,1
6392.3,126.4,1
6392.5,151.1,1
6392.6,138.7,1
6392.7,143.7,1
6392.9,133.5,1
6398.0,123.9,1
6398.2,153.6,1
6398.3,119.4,1
6398.4,143.9,1
6398.5,125.7,1
6403.7,102.9,1
6403.7,74.1,1
6403.9,125.7,1
6404.0,148.5,1
6404.2,148.7,1
6409.3,130.8,1
6409.4,151.0,1
6409.6,131.1,1
6409.7,174.5,1
6409.9,144.9,1
6415.0,148.2,1
6415.2,111.1,1
6415.3,117.9,1
6415.4,129.4,1
6415.5,109.0,1
6420.7,135.8,1
6420.8,146.3,1
6420.9,127.8,1
6421.1,133.5,1
6421.2,104.7,1
6426.2,72.2,1
6426.4,122.2,1
6426.4,73.2,1
6426.6,122.1,1
6426.7,129.2,1
6431.8,130.0,1
6431.9,79.3,1
6432.0,135.8,1
6432.2,144.2,1
6432.3,79.0,1
6437.4,87.8,1
6437.5,140.6,1
6437.6,119.0,1
6437.7,82.0,1
6437.8,129.1,1
6443.0,122.0,1
6443.1,103.5,1
6443.2,121.9,1
6443.3,75.4,1
6443.4,145.6,1
6448.5,129.6,1
6448.6,76.7,1
6448.8,146.7,1
6448.9,130.6,1
6449.0,122.8,1
6454.1,120.5,1
6454.3,144.8,1
6454.4,143.3,1
6454.6,141.5,1
6454.7,151.2,1
6459.8,78.1,1
6459.9,84.4,1
6460.0,133.3,1
6460.1,116.1,1
6460.2,114.3,1
6465.4,106.2,1
6465.5,143.6,1
6465.6,77.8,1
6465.7,138.5,1
6465.8,121.9,1
6471.0,118.8,1
6471.1,91.9,1
6471.2,124.7,1
6471.3,116.7,1
6471.4,73.4,1
6476.5,107.2,1
6476.6,117.9,1
6476.7,74.5,1
6476.7,74.1,1
6476.8,96.0,1
6482.0,130.3,1
6482.1,148.0,1
6482.2,83.4,1
6482.3,103.2,1
6482.4,118.9,1
6487.5,102.8,1
6487.7,125.2,1
6487.8,131.1,1
6487.9,77.9,1
6488.0,130.0,1
6493.1,101.9,1
6493.2,112.4,1
6493.4,140.2,1
6493.5,117.0,1
6493.6,129.8,1
6498.7,121.2,1
6498.9,149.5,1
6499.0,138.9,1
6499.1,80.3,1
6499.2,145.2,1
6504.3,75.1,1
6504.5,135.1,1
6504.6,103.4,1
6504.7,97.8,1
6504.8,131.8,1
6509.9,116.8,1
6510.1,148.5,1
6510.2,99.5,1
6510.3,114.1,1
6510.4,125.4,1
6515.5,73.4,1
6515.6,72.6,1
6515.6,73.4,1
6515.8,126.1,1
6515.9,94.6,1
6520.9,82.5,1
6521.0,81.7,1
6521.1,113.8,1
6521.2,109.2,1
6521.3,69.4,1
6526.4,74.1,1
6526.5,113.0,1
6526.6,125.1,1
6526.7,106.6,1
6526.8,107.5,1
6531.9,91.8,1
6532.1,117.8,1
6532.2,149.0,1
6532.4,142.0,1
6532.4,91.5,1
6537.6,137.6,1
6537.7,116.6,1
6537.8,128.8,1
6537.9,102.8,1
6538.1,137.2,1
6543.2,128.8,1
6543.3,132.2,1
6543.5,132.3,1
6543.6,130.2,1
6543.7,147.7,1
6548.9,121.7,1
6549.0,100.3,1
6549.1,95.2,1
6549.2,140.8,1
6549.4,142.1,1
6554.5,119.7,1
6554.6,117.4,1
6554.7,93.6,1
6554.8,137.6,1
6555.0,132.3,1
6560.1,96.8,1
6560.2,138.9,1
6560.3,130.4,1
6560.5,126.4,1
6560.5,72.5,1
6565.7,128.3,1
6565.8,102.1,1
6565.9,94.5,1
6566.0,132.9,1
6566.1,81.5,1
6571.2,158.1,1
6571.4,146.3,1
6571.5,138.6,1
6571.7,168.2,1
6571.8,127.1,1
6577.0,152.3,1
6577.1,111.7,1
6577.2,124.9,1
6577.3,101.2,1
6577.5,142.9,1
6582.6,115.1,1
6582.7,138.0,1
6582.8,114.6,1
6582.9,121.1,1
6583.1,122.9,1
6588.2,123.7,1
6588.4,195.2,1
6588.6,182.4,1
6588.7,155.3,1
6588.9,152.1,1
6594.0,118.4,1
6594.1,124.8,1
6594.3,134.8,1
6594.4,147.3,1
6594.5,115.4,1
6599.7,125.2,1
6599.8,135.7,1
6599.9,144.2,1
6600.0,91.4,1
6600.1,119.6,1
6605.3,106.6,1
6605.4,99.6,1
6605.5,129.6,1
6605.6,98.8,1
6605.7,120.0,1
6610.8,92.6,1
6610.9,93.6,1
6611.0,119.0,1
6611.1,98.1,1
6611.2,76.7,1
6616.3,121.4,1
6616.4,122.2,1
6616.6,117.6,1
6616.7,149.5,1
6616.8,128.1,1
6622.0,128.6,1
6622.1,107.0,1
6622.2,144.7,1
6622.3,127.6,1
6622.4,84.3,1
6627.5,96.3,1
6627.6,85.2,1
6627.7,116.5,1
6627.9,150.5,1
6628.0,121.1,1
6633.2,147.4,1
6633.3,103.6,1
6633.3,80.1,1
6633.4,99.3,1
6633.5,87.1,1
6638.7,143.0,1
6638.8,148.0,1
6639.0,127.4,1
6639.1,137.2,1
6639.2,138.7,1
6644.4,129.8,1
6644.5,98.5,1
6644.6,119.2,1
6644.7,103.9,1
6644.8,105.1,1
6649.9,75.1,1
6650.0,87.1,1
6650.1,105.5,1
6650.1,74.8,1
6650.2,71.8,1
6655.3,87.2,1
6655.4,71.9,1
6655.5,106.3,1
6655.6,112.8,1
6655.7,94.8,1
6660.8,126.0,1
6660.9,117.4,1
6661.1,131.6,1
6661.2,91.4,1
6661.3,136.0,1
6666.4,110.2,1
6666.5,119.4,1
6666.7,133.8,1
6666.8,122.6,1
6666.9,116.6,1
6672.0,109.6,1
6672.1,92.9,1
6672.2,107.0,1
6672.3,130.6,1
6672.5,119.0,1
6677.5,82.1,1
6677.7,121.8,1
6677.8,85.5,1
6677.8,78.7,1
6678.0,118.7,1
6683.0,90.5,1
6683.2,153.1,1
6683.3,73.1,1
6683.4,110.5,1
6683.5,76.1,1
6688.6,115.5,1
6688.7,126.8,1
6688.9,146.7,1
6689.0,137.3,1
6689.1,122.6,1
6694.2,92.2,1
6694.3,98.3,1
6694.4,97.4,1
6694.5,72.9,1
6694.6,106.3,1
6699.7,81.4,1
6699.8,102.8,1
6699.9,126.4,1
6700.1,157.7,1
6700.2,123.4,1
6705.3,113.2,1
6705.4,113.3,1
6705.5,94.1,1
6705.6,104.8,1
6705.8,149.4,1
6710.9,148.8,1
6711.1,146.0,1
6711.2,133.3,1
6711.3,91.5,1
6711.4,125.7,1
6716.6,140.3,1
6716.7,121.1,1
6716.8,150.9,1
6716.9,93.8,1
6717.0,113.8,1
6722.2,109.7,1
6722.3,116.6,1
6722.4,128.2,1
6722.5,96.7,1
6722.6,135.2,1
6727.8,147.9,1
6727.9,137.4,1
6728.0,98.7,1
6728.1,92.0,1
6728.2,117.7,1
6733.4,141.3,1
6733.5,123.1,1
6733.6,116.0,1
6733.7,102.1,1
6733.8,124.7,1
6739.0,113.1,1
6739.1,119.5,1
6739.2,142.9,1
6739.3,109.8,1
6739.4,92.4,1
6744.5,89.5,1
6744.6,108.7,1
6744.7,108.2,1
6744.9,118.5,1
6745.0,105.2,1
6750.1,113.8,1
6750.2,146.8,1
6750.3,94.4,1
6750.5,138.8,1
6750.6,179.4,1
6755.8,119.7,1
6755.9,97.4,1
6756.0,131.3,1
6756.1,129.4,1
6756.3,142.4,1
6761.4,109.2,1
6761.5,150.1,1
6761.6,110.1,1
6761.7,105.8,1
6761.9,128.2,1
6767.0,136.3,1
6767.2,149.0,1
6767.3,163.9,1
6767.5,154.0,1
6767.6,139.2,1
6772.8,144.4,1
6772.9,129.1,1
6773.0,121.6,1
6773.2,133.3,1
6773.3,128.7,1
6778.4,130.8,1
6778.6,143.7,1
6778.7,112.7,1
6778.8,108.3,1
6778.9,142.6,1
6784.0,119.6,1
6784.2,127.8,1
6784.3,87.3,1
6784.4,103.1,1
6784.4,73.5,1
6789.6,120.8,1
6789.6,88.7,1
6789.7,74.1,1
6789.8,112.9,1
6789.9,89.1,1
6795.0,70.5,1
6795.1,102.9,1
6795.2,112.4,1
6795.3,106.7,1
6795.4,129.7,1
6800.6,117.6,1
6800.7,117.9,1
6800.8,130.9,1
6800.9,127.3,1
6801.1,150.0,1
6806.2,103.4,1
6806.4,146.9,1
6806.5,100.5,1
6806.6,123.1,1
6806.7,133.3,1
6811.8,91.6,1
6812.0,152.0,1
6812.1,121.4,1
6812.2,96.0,1
6812.3,109.5,1
6817.4,138.8,1
6817.6,127.0,1
6817.7,129.8,1
6817.8,116.0,1
6817.9,117.9,1
6823.0,84.3,1
6823.1,90.5,1
6823.2,118.9,1
6823.4,138.4,1
6823.5,99.6,1
6828.6,141.6,1
6828.7,146.2,1
6828.8,76.0,1
6828.9,107.3,1
6829.0,74.7,1
6834.1,83.7,1
6834.2,100.3,1
6834.3,126.0,1
6834.4,117.9,1
6834.6,116.7,1
6839.6,72.4,1
6839.7,97.2,1
6839.8,100.2,1
6839.9,83.8,1
6840.0,115.7,1
6845.2,139.7,1
6845.2,73.1,1
6845.3,94.4,1
6845.4,96.3,1
6845.6,119.3,1
6850.7,149.3,1
6850.8,79.0,1
6850.9,93.7,1
6851.0,119.4,1
6851.1,127.1,1
6856.3,147.0,1
6856.4,126.2,1
6856.5,95.4,1
6856.6,131.3,1
6856.8,115.6,1
6861.9,143.7,1
6862.0,129.7,1
6862.2,138.5,1
6862.3,123.1,1
6862.4,88.2,1
6867.5,110.8,1
6867.6,122.5,1
6867.7,125.8,1
6867.9,124.9,1
6868.0,140.2,1
6873.1,114.7,1
6873.3,147.0,1
6873.4,129.3,1
6873.5,106.8,1
6873.6,101.8,1
6878.7,134.9,1
6878.8,78.9,1
6878.9,112.2,1
6879.0,70.8,1
6879.1,132.2,1
6884.3,123.9,1
6884.4,129.3,1
6884.5,93.8,1
6884.6,77.5,1
6884.7,129.9,1
6889.8,91.1,1
6889.9,120.5,1
6890.1,143.8,1
6890.2,100.4,1
6890.3,132.6,1
6895.4,121.1,1
6895.5,127.3,1
6895.7,132.0,1
6895.8,152.6,1
6895.9,95.3,1
6901.0,105.5,1
6901.2,138.2,1
6901.2,74.5,1
6901.4,124.3,1
6901.5,114.5,1
6906.6,116.5,1
6906.7,118.1,1
6906.9,150.4,1
6907.0,146.3,1
6907.2,137.3,1
6912.3,146.2,1
6912.4,91.0,1
6912.5,117.8,1
6912.6,127.6,1
6912.8,153.5,1
6917.9,136.6,1
6918.1,133.0,1
6918.2,145.7,1
6918.4,137.7,1
6918.5,110.4,1
6923.6,147.9,1
6923.7,122.5,1
6923.8,75.6,1
6924.0,144.0,1
6924.0,74.2,1
6929.2,115.4,1
6929.3,122.0,1
6929.4,117.1,1
6929.5,127.8,1
6929.6,105.9,1
6934.8,120.2,1
6934.9,119.1,1
6935.0,124.3,1
6935.1,146.6,1
6935.3,124.6,1
6940.4,98.7,1
6940.5,135.0,1
6940.6,85.8,1
6940.7,101.5,1
6940.8,107.9,1
6945.9,127.6,1
6946.1,202.8,1
6946.3,148.0,1
6946.4,104.9,1
6946.5,141.1,1
6951.7,124.8,1
6951.8,138.9,1
6951.9,139.8,1
6952.1,131.5,1
6952.2,88.5,1
6957.3,162.4,1
6957.5,133.8,1
6957.6,120.8,1
6957.7,121.2,1
6957.8,120.0,1
6962.9,90.9,1
6963.1,139.9,1
6963.2,103.7,1
6963.3,107.0,1
6963.4,85.0,1
6968.5,115.4,1
6968.6,141.9,1
6968.7,86.1,1
6968.8,95.3,1
6968.9,148.8,1
6974.0,75.3,1
6974.1,125.5,1
6974.2,94.4,1
6974.3,90.0,1
6974.5,137.9,1
6979.6,98.3,1
6979.7,100.5,1
6979.8,113.8,1
6979.9,92.0,1
6980.0,127.2,1
6985.2,147.8,1
6985.3,100.5,1
6985.4,150.0,1
6985.5,98.9,1
6985.7,142.4,1
6990.8,105.1,1
6990.8,74.5,1
6991.0,133.9,1
6991.1,128.2,1
6991.2,122.8,1
6996.3,96.7,1
6996.4,82.2,1
6996.5,125.1,1
6996.7,120.7,1
6996.8,116.7,1
7001.9,123.9,1
7002.0,125.3,1
7002.1,121.9,1
7002.3,120.6,1
7002.4,119.0,1
7007.5,142.9,1
7007.7,122.1,1
7007.8,125.2,1
7007.9,123.7,1
7008.0,145.5,1
7013.2,121.6,1
7013.3,133.8,1
7013.4,73.4,1
7013.5,136.3,1
7013.6,104.0,1
7018.7,82.9,1
7018.8,79.5,1
7018.9,95.8,1
7019.0,114.7,1
7019.1,138.3,1
7024.3,144.3,1
7024.4,128.5,1
7024.6,145.6,1
7024.6,89.2,1
7024.8,117.5,1
7029.8,75.7,1
7030.0,126.5,1
7030.1,137.3,1
7030.2,137.7,1
7030.4,122.5,1
7035.5,120.2,1
7035.6,107.6,1
7035.7,141.5,1
7035.9,144.4,1
7036.0,91.0,1
7041.1,126.9,1
7041.3,140.5,1
7041.3,94.0,1
7041.5,110.2,1
7041.6,136.3,1
7046.7,121.1,1
7046.9,135.8,1
7047.0,139.1,1
7047.1,141.8,1
7047.2,112.1,1
7052.4,107.3,1
7052.5,96.3,1
7052.6,141.5,1
7052.7,129.6,1
7052.8,104.7,1
7057.9,84.0,1
7058.0,73.7,1
7058.1,91.1,1
7058.2,96.4,1
7058.3,97.7,1
7063.4,84.6,1
7063.5,104.8,1
7063.6,140.0,1
7063.7,85.9,1
7063.8,112.7,1
7068.9,109.5,1
7069.1,145.3,1
7069.2,124.2,1
7069.3,139.8,1
7069.5,137.1,1
7074.6,126.9,1
7074.7,83.7,1
7074.8,106.1,1
7074.9,133.2,1
7075.1,166.8,1
7080.2,147.5,1
7080.4,125.6,1
7080.5,141.1,1
7080.6,120.8,1
7080.8,143.4,1
7085.9,138.0,1
7086.0,130.4,1
7086.1,92.1,1
7086.2,110.0,1
7086.4,121.3,1
7091.5,120.6,1
7091.6,140.6,1
7091.8,158.3,1
7092.0,166.2,1
7092.1,170.1,1
7097.2,74.0,1
7097.3,83.0,1
7097.4,108.5,1
7097.5,125.2,1
7097.6,100.2,1
7102.7,111.5,1
7102.9,120.2,1
7103.0,117.1,1
7103.1,147.6,1
7103.2,89.6,1
7108.4,142.4,1
7108.5,122.9,1
7108.6,106.2,1
7108.7,78.6,1
7108.8,133.2,1
7114.0,144.6,1
7114.1,145.5,1
7114.2,124.8,1
7114.3,117.0,1
7114.5,135.1,1
7119.6,96.5,1
7119.7,147.8,1
7119.9,127.5,1
7120.0,116.2,1
7120.1,85.0,1
7125.1,82.9,1
7125.3,116.0,1
7125.4,145.2,1
7125.5,88.0,1
7125.6,153.7,1
7130.8,118.0,1
7130.9,120.5,1
7131.0,94.2,1
7131.1,141.9,1
7131.3,127.4,1
7136.4,139.9,1
7136.5,96.8,1
7136.6,98.4,1
7136.7,130.9,1
7136.9,130.9,1
7142.0,132.0,1
7142.1,150.7,1
7142.3,139.5,1
7142.4,139.1,1
7142.6,148.5,1
7147.7,121.1,1
7147.8,84.1,1
7147.9,131.5,1
7148.0,118.8,1
7148.1,75.1,1
7153.2,71.2,1
7153.3,75.4,1
7153.4,93.0,1
7153.5,127.8,1
7153.6,76.7,1
7158.7,125.1,1
7158.8,108.0,1
7158.9,130.2,1
7159.0,99.0,1
7159.1,116.9,1
7164.3,119.7,1
7164.3,75.7,1
7164.4,91.8,1
7164.5,105.8,1
7164.7,142.1,1
7169.8,78.3,1
7169.9,118.8,1
7170.0,139.7,1
7170.1,100.6,1
7170.3,152.9,1
7175.4,107.8,1
7175.5,83.0,1
7175.6,116.0,1
7175.7,114.4,1
7175.8,119.4,1
7181.0,127.0,1
7181.1,121.3,1
7181.2,114.2,1
7181.3,123.2,1
7181.4,124.9,1
7186.6,110.2,1
7186.7,105.4,1
7186.8,128.5,1
7186.9,105.4,1
7187.0,131.5,1
7192.2,141.6,1
7192.2,70.5,1
7192.3,70.2,1
7192.4,94.1,1
7192.5,123.6,1
7197.6,75.1,1
7197.7,73.0,1
7197.8,144.4,1
7197.9,91.1,1
7198.0,73.5,1
7203.1,119.5,1
7203.2,121.0,1
7203.3,83.4,1
7203.4,84.0,1
7203.5,106.7,1
7208.6,119.3,1
7208.8,145.7,1
7208.9,129.6,1
7209.0,84.0,1
7209.1,150.1,1
7214.3,110.6,1
7214.4,147.4,1
7214.5,149.0,1
7214.7,120.9,1
7214.8,145.7,1
7219.9,123.2,1
7220.1,119.4,1
7220.2,116.1,1
7220.3,127.8,1
7220.4,132.6,1
7225.5,100.0,1
7225.6,93.0,1
7225.7,84.6,1
7225.9,151.6,1
7226.0,143.5,1
7231.1,104.6,1
7231.2,100.9,1
7231.3,119.8,1
7231.5,121.8,1
7231.6,137.1,1
7236.7,137.9,1
7236.8,76.5,1
7236.9,86.6,1
7237.0,84.6,1
7237.1,110.0,1
7242.2,72.3,1
7242.3,98.2,1
7242.4,87.9,1
7242.5,119.4,1
7242.6,70.3,1
7247.7,118.8,1
7247.8,72.5,1
7247.9,104.6,1
7248.0,145.3,1
7248.1,125.9,1
7253.3,132.8,1
7253.4,109.3,1
7253.5,150.6,1
7253.7,157.7,1
7253.8,140.6,1
7259.0,132.8,1
7259.1,121.2,1
7259.2,80.8,1
7259.3,83.3,1
7259.3,81.5,1
7264.4,73.9,1
7264.5,111.4,1
7264.6,121.0,1
7264.8,149.6,1
7264.9,130.3,1
7270.1,127.1,1
7270.2,156.7,1
7270.4,140.2,1
7270.5,137.3,1
7270.6,140.8,1
7275.7,102.5,1
7275.8,77.0,1
7276.0,153.1,1
7276.1,135.7,1
7276.3,151.3,1
7281.3,73.8,1
7281.4,73.0,1
7281.5,85.6,1
7281.6,94.2,1
7281.7,90.0,1
7286.8,120.1,1
7286.9,126.3,1
7287.1,142.6,1
7287.2,131.3,1
7287.3,111.0,1
7292.5,137.5,1
7292.6,119.7,1
7292.7,135.5,1
7292.9,143.4,1
7293.0,130.3,1
7298.1,80.3,1
7298.2,149.1,1
7298.3,103.7,1
7298.5,135.8,1
7298.6,139.8,1
7303.8,148.8,1
7303.9,97.9,1
7303.9,95.8,1
7304.1,154.5,1
7304.2,135.4,1
7309.4,126.6,1
7309.5,123.6,1
7309.6,135.1,1
7309.7,85.2,1
7309.9,140.3,1
7315.0,125.5,1
7315.1,101.6,1
7315.2,123.9,1
7315.3,130.7,1
7315.5,144.9,1
7320.6,138.2,1
7320.7,87.8,1
7320.8,126.4,1
7321.0,125.1,1
7321.1,132.0,1
7326.2,77.2,1
7326.3,101.0,1
7326.4,71.3,1
7326.5,127.0,1
7326.6,109.0,1
7331.7,73.4,1
7331.8,107.2,1
7331.9,85.9,1
7332.0,124.7,1
7332.1,119.8,1
7337.2,103.3,1
7337.3,127.5,1
7337.4,103.3,1
7337.6,151.3,1
7337.7,118.9,1
7342.8,96.9,1
7343.0,140.0,1
7343.1,109.5,1
7343.2,122.7,1
7343.3,133.4,1
7348.4,73.4,1
7348.5,147.7,1
7348.7,119.1,1
7348.8,119.9,1
7348.9,128.1,1
7354.0,132.5,1
7354.2,137.2,1
7354.3,122.0,1
7354.4,118.2,1
7354.6,146.6,1
7359.7,119.4,1
7359.8,106.5,1
7359.9,136.8,1
7360.0,75.4,1
7360.1,116.5,1
7365.3,126.7,1
7365.4,90.5,1
7365.5,120.6,1
7365.6,120.9,1
7365.7,121.0,1
7370.8,102.9,1
7371.0,131.5,1
7371.0,83.0,1
7371.1,104.5,1
7371.3,133.5,1
7376.4,73.8,1
7376.4,88.1,1
7376.6,114.0,1
7376.6,83.5,1
7376.7,74.3,1
7381.9,141.8,1
7382.0,113.1,1
7382.1,81.2,1
7382.1,92.0,1
7382.3,125.4,1
7387.4,112.5,1
7387.5,142.8,1
7387.6,80.1,1
7387.7,130.5,1
7387.8,82.5,1
7392.9,99.7,1
7393.0,102.6,1
7393.1,109.3,1
7393.2,100.1,1
7393.4,120.0,1
7398.5,91.9,1
7398.6,148.3,1
7398.7,132.4,1
7398.9,145.8,1
7399.0,83.7,1
7404.0,76.3,1
7404.2,115.4,1
7404.3,99.7,1
7404.3,83.2,1
7404.5,118.5,1
7409.6,138.9,1
7409.8,146.1,1
7409.9,103.8,1
7410.0,139.6,1
7410.1,118.2,1
7415.3,145.3,1
7415.4,111.4,1
7415.5,104.2,1
7415.6,146.8,1
7415.8,145.9,1
7420.9,115.7,1
7421.0,102.8,1
7421.1,134.7,1
7421.2,102.9,1
7421.3,96.0,1
7426.4,109.2,1
7426.6,130.9,1
7426.7,104.4,1
7426.8,110.7,1
7426.9,143.2,1
7432.1,141.6,1
7432.2,140.5,1
7432.4,148.0,1
7432.5,138.2,1
7432.6,139.8,1
7437.8,126.8,1
7437.9,101.7,1
7438.0,106.8,1
7438.1,124.7,1
7438.3,145.7,1
7443.4,138.0,1
7443.5,103.2,1
7443.6,126.8,1
7443.8,141.6,1
7443.9,94.0,1
7449.0,144.7,1
7449.1,141.3,1
7449.3,137.5,1
7449.4,134.4,1
7449.6,167.5,1
7454.7,119.8,1
7454.8,119.7,1
7455.0,140.5,1
7455.1,100.1,1
7455.2,120.1,1
7460.3,139.3,1
7460.4,89.4,1
7460.6,141.5,1
7460.7,85.5,1
7460.8,129.9,1
7465.9,86.9,1
7466.0,108.1,1
7466.1,100.2,1
7466.2,142.3,1
7466.3,116.0,1
7471.5,119.0,1
7471.6,88.2,1
7471.7,123.6,1
7471.8,103.2,1
7471.9,145.8,1
7477.1,153.3,1
7477.2,116.3,1
7477.3,123.9,1
7477.4,109.5,1
7477.5,108.7,1
7482.7,134.6,1
7482.8,77.1,1
7482.9,90.4,1
7483.0,142.5,1
7483.1,114.3,1
7488.2,107.5,1
7488.3,113.1,1
7488.5,158.0,1
7488.7,162.4,1
7488.8,140.3,1
7493.9,142.9,1
7494.1,140.7,1
7494.2,122.1,1
7494.4,148.3,1
7494.5,126.3,1
7499.6,94.2,1
7499.7,134.2,1
7499.8,96.8,1
7499.9,119.9,1
7500.1,146.6,1
7505.2,93.6,1
7505.3,76.1,1
7505.3,96.7,1
7505.5,115.5,1
7505.5,83.8,1
7510.6,76.2,1
7510.7,87.5,1
7510.9,135.8,1
7511.0,121.1,1
7511.1,90.7,1
7516.2,127.3,1
7516.3,124.5,1
7516.4,97.8,1
7516.5,107.0,1
7516.6,89.7,1
7521.7,115.8,1
7521.8,93.8,1
7521.9,118.9,1
7522.1,148.0,1
7522.3,165.3,1
7527.3,76.5,1
7527.4,96.6,1
7527.5,110.2,1
7527.6,98.0,1
7527.7,95.6,1
7532.9,126.1,1
7533.0,131.2,1
7533.1,120.8,1
7533.3,156.3,1
7533.4,107.1,1
7538.5,120.4,1
7538.6,100.8,1
7538.7,101.1,1
7538.8,104.7,1
7538.9,108.4,1
7544.0,87.0,1
7544.2,150.5,1
7544.3,126.5,1
7544.4,147.4,1
7544.6,151.1,1
7549.7,111.6,1
7549.8,110.3,1
7549.9,104.2,1
7550.1,151.3,1
7550.2,138.0,1
7555.3,95.5,1
7555.5,138.9,1
7555.5,80.1,1
7555.7,117.5,1
7555.8,137.7,1
7560.9,111.4,1
7561.0,84.7,1
7561.1,123.7,1
7561.3,139.8,1
7561.4,120.3,1
7566.5,129.5,1
7566.6,125.9,1
7566.8,146.5,1
7566.9,136.7,1
7567.0,117.2,1
7572.2,150.3,1
7572.3,125.7,1
7572.5,152.0,1
7572.6,123.7,1
7572.7,149.6,1
7577.9,139.9,1
7578.0,128.6,1
7578.2,150.7,1
7578.3,87.2,1
7578.4,121.8,1
7583.5,142.5,1
7583.6,126.6,1
7583.8,146.2,1
7583.9,151.9,1
7584.1,153.8,1
7589.2,116.0,1
7589.4,140.8,1
7589.5,100.7,1
7589.6,152.4,1
7589.7,92.0,1
7594.8,109.6,1
7594.9,127.2,1
7595.1,146.9,1
7595.2,129.0,1
7595.4,139.3,1
7600.4,74.5,1
7600.6,122.6,1
7600.7,145.7,1
7600.8,103.7,1
7600.9,77.0,1
7606.0,101.5,1
7606.1,115.9,1
7606.2,93.2,1
7606.3,133.9,1
7606.5,119.6,1
7611.6,120.2,1
7611.7,122.3,1
7611.8,128.7,1
7612.0,113.6,1
7612.1,121.7,1
7617.2,131.1,1
7617.3,79.6,1
7617.4,85.4,1
7617.5,95.1,1
7617.6,135.7,1
7622.8,145.9,1
7622.8,74.4,1
7622.9,107.8,1
7623.1,118.7,1
7623.1,76.3,1
7628.3,136.3,1
7628.4,118.8,1
7628.5,131.1,1
7628.7,155.2,1
7628.8,150.3,1
7634.0,118.5,1
7634.1,132.8,1
7634.2,74.7,1
7634.3,109.4,1
7634.4,122.4,1
7639.5,124.6,1
7639.6,85.1,1
7639.7,128.0,1
7639.8,99.5,1
7639.9,85.4,1
7645.1,129.4,1
7645.2,140.0,1
7645.3,132.9,1
7645.5,146.1,1
7645.6,122.7,1
7650.7,138.9,1
7650.9,130.4,1
7651.0,115.9,1
7651.1,140.4,1
7651.3,146.8,1
7656.4,103.5,1
7656.5,155.7,1
7656.7,138.4,1
7656.8,112.9,1
7656.9,123.6,1
7662.0,78.8,1
7662.1,126.3,1
7662.3,130.1,1
7662.4,121.2,1
7662.5,106.8,1
7667.6,88.2,1
7667.7,122.8,1
7667.8,82.2,1
7667.9,120.1,1
7668.0,133.7,1
7673.1,110.9,1
7673.3,146.9,1
7673.5,159.9,1
7673.6,134.1,1
7673.7,79.5,1
7678.8,131.3,1
7678.9,119.1,1
7679.1,131.4,1
7679.2,131.5,1
7679.3,102.2,1
7684.4,97.5,1
7684.5,75.1,1
7684.6,121.7,1
7684.7,73.9,1
7684.8,129.1,1
7689.9,92.3,1
7690.0,127.1,1
7690.1,74.0,1
7690.2,128.0,1
7690.3,86.4,1
7695.4,112.8,1
7695.5,111.9,1
7695.7,140.0,1
7695.8,115.9,1
7695.9,133.8,1
7701.1,143.4,1
7701.2,132.1,1
7701.3,126.1,1
7701.5,135.0,1
7701.5,76.9,1
7706.7,142.3,1
7706.8,125.4,1
7707.0,150.4,1
7707.1,128.7,1
7707.2,111.2,1
7712.3,133.0,1
7712.5,120.0,1
7712.6,119.2,1
7712.7,84.0,1
7712.8,140.2,1
7717.9,140.2,1
7718.1,105.7,1
7718.2,121.6,1
7718.3,125.0,1
7718.4,138.4,1
7723.6,144.9,1
7723.7,127.4,1
7723.9,148.1,1
7724.0,126.6,1
7724.1,135.3,1
7729.2,101.5,1
7729.4,121.6,1
7729.4,85.5,1
7729.5,94.2,1
7729.6,82.8,1
7734.7,81.5,1
7734.8,111.6,1
7734.9,103.3,1
7735.1,141.4,1
7735.2,135.4,1
7740.3,102.3,1
7740.4,139.2,1
7740.6,122.1,1
7740.7,143.7,1
7740.8,117.4,1
7746.0,145.7,1
7746.1,132.3,1
7746.2,145.0,1
7746.4,134.7,1
7746.5,121.7,1
7751.6,104.0,1
7751.7,88.7,1
7751.8,103.5,1
7751.9,128.6,1
7752.0,75.0,1
7757.1,130.1,1
7757.3,138.6,1
7757.4,154.3,1
7757.6,144.6,1
7757.7,154.2,1
7762.9,130.5,1
7763.0,129.2,1
7763.1,120.8,1
7763.2,120.7,1
7763.3,85.6,1
7768.4,106.3,1
7768.6,137.7,1
7768.7,138.5,1
7768.8,110.8,1
7768.9,104.8,1
7774.1,149.2,1
7774.2,152.8,1
7774.4,131.5,1
7774.5,142.1,1
7774.6,126.5,1
7779.8,142.9,1
7779.9,89.9,1
7780.0,82.8,1
7780.0,84.1,1
7780.2,114.3,1
7785.3,140.6,1
7785.4,107.2,1
7785.5,102.4,1
7785.6,90.1,1
7785.7,117.0,1
7790.9,129.8,1
7791.0,126.8,1
7791.2,177.1,1
7791.3,139.2,1
7791.5,160.3,1
7796.6,130.7,1
7796.7,128.5,1
7796.8,94.7,1
7796.9,122.5,1
7797.0,97.9,1
7802.2,135.5,1
7802.3,123.6,1
7802.4,120.9,1
7802.5,115.0,1
7802.6,82.3,1
7807.8,142.8,1
7807.9,122.5,1
7808.0,118.7,1
7808.1,123.0,1
7808.3,128.5,1
7813.4,101.3,1
7813.5,117.7,1
7813.6,125.1,1
7813.8,147.1,1
7813.9,125.4,1
7819.0,106.6,1
7819.1,106.0,1
7819.2,124.5,1
7819.3,75.8,1
7819.4,75.1,1
7824.5,91.0,1
7824.6,108.3,1
7824.7,105.0,1
7824.8,72.5,1
7824.9,140.9,1
7830.0,110.7,1
7830.1,86.5,1
7830.2,117.8,1
7830.3,106.1,1
7830.4,108.2,1
7835.6,143.1,1
7835.7,115.9,1
7835.8,124.2,1
7835.9,120.3,1
7836.0,95.6,1
7841.1,105.4,1
7841.3,130.7,1
7841.4,111.8,1
7841.5,142.1,1
7841.7,138.0,1
7846.8,107.3,1
7846.9,122.1,1
7847.0,121.5,1
7847.1,110.6,1
7847.2,107.3,1
7852.4,145.4,1
7852.5,136.9,1
7852.7,125.2,1
7852.8,133.4,1
7852.9,112.7,1
7858.0,98.3,1
7858.1,129.2,1
7858.2,84.9,1
7858.3,130.9,1
7858.5,111.2,1
7863.6,120.5,1
7863.7,115.6,1
7863.8,72.8,1
7863.9,78.6,1
7864.0,98.5,1
7869.0,76.8,1
7869.1,82.9,1
7869.2,76.0,1
7869.3,75.9,1
7869.4,144.6,1
7874.5,72.8,1
7874.6,90.5,1
7874.7,77.1,1
7874.7,84.3,1
7874.8,77.6,1
7879.9,102.0,1
7880.1,128.5,1
7880.1,93.2,1
7880.3,152.4,1
7880.4,129.5,1
7885.6,148.7,1
7885.7,117.3,1
7885.8,109.1,1
7885.9,123.8,1
7886.1,153.5,1
7891.2,136.7,1
7891.4,176.6,1
7891.6,151.2,1
7891.7,144.1,1
7891.8,138.3,1
7897.0,133.7,1
7897.1,94.8,1
7897.2,104.0,1
7897.3,134.5,1
7897.4,77.4,1
7902.5,116.4,1
7902.6,119.3,1
7902.8,129.0,1
7902.9,156.9,1
7903.0,113.0,1
7908.2,130.9,1
7908.3,121.0,1
7908.4,136.9,1
7908.5,124.3,1
7908.7,156.2,1
7913.8,87.5,1
7913.9,75.0,1
7913.9,78.1,1
7914.0,80.7,1
7914.1,104.7,1
7919.3,140.5,1
7919.4,102.5,1
7919.5,142.7,1
7919.6,74.9,1
7919.7,74.3,1
7924.8,138.7,1
7925.0,135.4,1
7925.1,119.4,1
7925.2,116.9,1
7925.3,113.9,1
7930.4,84.7,1
7930.5,128.1,1
7930.6,88.2,1
7930.7,132.4,1
7930.9,149.6,1
7936.0,122.7,1
7936.2,137.6,1
7936.3,129.7,1
7936.4,124.3,1
7936.6,145.4,1
7941.7,121.6,1
7941.8,125.0,1
7942.0,150.1,1
7942.1,111.6,1
7942.2,122.2,1
7947.3,145.3,1
7947.4,108.2,1
7947.6,122.9,1
7947.7,143.0,1
7947.8,137.8,1
7953.0,121.7,1
7953.1,141.4,1
7953.3,151.9,1
7953.4,121.0,1
7953.5,107.2,1
7958.6,74.4,1
7958.7,98.0,1
7958.8,113.6,1
7958.9,74.1,1
7958.9,85.1,1
7964.1,108.5,1
7964.2,107.1,1
7964.2,71.4,1
7964.4,135.5,1
7964.5,106.8,1
7969.6,122.8,1
7969.8,146.3,1
7969.9,160.3,1
7970.1,143.9,1
7970.2,144.8,1
7975.3,121.6,1
7975.5,122.8,1
7975.6,123.7,1
7975.7,93.1,1
7975.8,94.9,1
7980.9,96.2,1
7981.0,123.1,1
7981.1,99.4,1
7981.2,116.0,1
7981.3,111.0,1
7986.5,147.4,1
7986.6,137.6,1
7986.8,143.1,1
7986.9,126.2,1
7987.0,106.0,1
7992.1,142.9,1
7992.3,145.7,1
7992.4,97.1,1
7992.5,106.5,1
7992.6,121.7,1
7997.7,105.6,1
7997.8,107.0,1
7997.9,92.8,1
7998.0,119.4,1
7998.1,77.0,1
8003.2,79.3,1
8003.3,72.3,1
8003.4,111.9,1
8003.5,117.3,1
8003.6,74.8,1
8008.7,116.4,1
8008.8,118.4,1
8008.9,94.6,1
8009.0,119.1,1
8009.1,121.5,1
8014.2,80.7,1
8014.3,100.5,1
8014.5,136.8,1
8014.6,131.3,1
8014.7,123.8,1
8019.9,144.1,1
8020.0,127.7,1
8020.1,120.0,1
8020.2,121.2,1
8020.4,121.6,1
8025.5,141.5,1
8025.6,107.8,1
8025.8,144.2,1
8025.9,149.0,1
8026.1,147.0,1
8031.2,90.7,1
8031.3,139.6,1
8031.4,125.5,1
8031.5,126.0,1
8031.7,121.5,1
8036.7,80.4,1
8036.9,151.9,1
8037.0,117.0,1
8037.2,150.1,1
8037.3,85.4,1
8042.4,102.6,1
8042.5,139.6,1
8042.6,145.3,1
8042.8,131.6,1
8042.9,142.4,1
8048.0,119.2,1
8048.1,88.5,1
8048.3,135.3,1
8048.4,90.2,1
8048.4,83.4,1
8053.6,148.1,1
8053.7,106.9,1
8053.8,77.5,1
8053.9,79.6,1
8054.0,147.5,1
8059.1,118.0,1
8059.2,117.4,1
8059.4,113.0,1
8059.4,85.1,1
8059.6,120.8,1
8064.7,131.7,1
8064.9,149.0,1
8065.0,118.8,1
8065.1,141.7,1
8065.2,114.1,1
8070.4,133.9,1
8070.5,120.3,1
8070.6,120.6,1
8070.7,81.8,1
8070.8,141.8,1
8075.9,104.8,1
8076.1,123.1,1
8076.2,139.4,1
8076.3,88.8,1
8076.4,107.7,1
8081.5,77.7,1
8081.6,147.1,1
8081.7,82.7,1
8081.8,103.2,1
8081.9,123.8,1
8087.1,133.5,1
8087.2,90.8,1
8087.2,74.8,1
8087.3,89.1,1
8087.4,100.1,1
8092.5,78.6,1
8092.6,101.0,1
8092.7,121.5,1
8092.9,139.5,1
8093.0,143.7,1
8098.1,115.5,1
8098.2,112.2,1
8098.4,109.9,1
8098.5,105.9,1
8098.5,71.2,1
8103.7,120.3,1
8103.8,112.5,1
8103.9,141.5,1
8104.1,150.3,1
8104.2,126.0,1
8109.3,74.3,1
8109.4,146.7,1
8109.5,76.0,1
8109.6,73.5,1
8109.7,136.7,1
8114.8,129.5,1
8115.0,132.2,1
8115.1,162.9,1
8115.3,140.4,1
8115.4,143.5,1
8120.5,109.8,1
8120.7,120.5,1
8120.8,135.2,1
8120.9,126.9,1
8121.1,143.7,1
8126.2,142.5,1
8126.3,91.1,1
8126.4,129.8,1
8126.6,142.4,1
8126.7,123.6,1
8131.8,148.9,1
8132.0,161.4,1
8132.1,120.3,1
8132.3,153.1,1
8132.5,198.2,1
8137.6,119.5,1
8137.7,109.2,1
8137.8,125.0,1
8138.0,127.1,1
8138.1,104.3,1
8143.2,121.8,1
8143.3,79.6,1
8143.4,122.2,1
8143.5,109.0,1
8143.6,127.5,1
8148.8,191.9,1
8149.0,162.7,1
8149.1,138.5,1
8149.3,135.3,1
8149.4,114.0,1
8154.5,76.6,1
8154.6,114.1,1
8154.7,133.4,1
8154.8,100.9,1
8154.9,116.4,1
8160.1,136.7,1
8160.2,100.5,1
8160.3,137.7,1
8160.4,123.5,1
8160.6,143.0,1
8165.7,141.6,1
8165.8,122.9,1
8166.0,122.4,1
8166.1,106.2,1
8166.2,123.6,1
8171.3,120.3,1
8171.5,135.3,1
8171.6,113.3,1
8171.7,123.2,1
8171.8,143.4,1
8177.0,121.0,1
8177.1,91.9,1
8177.1,95.3,1
8177.2,96.6,1
8177.4,117.3,1
8182.5,112.1,1
8182.6,79.0,1
8182.7,117.7,1
8182.8,73.4,1
8182.8,86.6,1
8187.9,80.6,1
8188.0,73.1,1
8188.1,99.8,1
8188.2,93.8,1
8188.3,78.7,1
8193.4,118.6,1
8193.5,136.2,1
8193.7,168.9,1
8193.8,137.1,1
8194.0,118.9,1
8199.1,101.4,1
8199.2,141.2,1
8199.3,114.4,1
8199.4,115.9,1
8199.6,141.8,1
8204.7,119.7,1
8204.8,114.9,1
8204.9,120.3,1
8205.1,122.6,1
8205.1,96.6,1
8210.3,106.2,1
8210.3,83.1,1
8210.5,119.1,1
8210.6,142.9,1
8210.7,87.9,1
8215.8,112.2,1
8215.9,120.6,1
8216.1,145.5,1
8216.2,141.9,1
8216.3,91.0,1
8221.4,91.7,1
8221.5,115.0,1
8221.6,83.2,1
8221.7,137.7,1
8221.9,139.5,1
8227.0,80.6,1
8227.1,123.4,1
8227.2,83.1,1
8227.3,118.1,1
8227.4,99.2,1
8232.5,82.6,1
8232.6,76.3,1
8232.6,93.7,1
8232.8,103.0,1
8232.9,119.4,1
8238.0,97.2,1
8238.1,130.9,1
8238.2,123.3,1
8238.3,93.9,1
8238.4,123.6,1
8243.5,93.0,1
8243.7,116.7,1
8243.8,119.9,1
8243.9,143.0,1
8244.0,122.1,1
8249.2,130.3,1
8249.3,129.2,1
8249.4,123.9,1
8249.6,119.4,1
8249.6,76.5,1
8254.7,88.9,1
8254.8,91.8,1
8254.9,126.0,1
8255.1,147.0,1
8255.2,94.8,1
8260.3,119.7,1
8260.4,101.3,1
8260.6,149.0,1
8260.7,122.1,1
8260.8,118.0,1
8265.9,90.6,1
8266.0,128.7,1
8266.1,119.5,1
8266.3,119.5,1
8266.3,75.9,1
8271.5,135.5,1
8271.6,124.5,1
8271.7,144.4,1
8271.9,143.2,1
8272.0,99.5,1
8277.1,91.3,1
8277.2,85.8,1
8277.3,87.1,1
8277.3,74.2,1
8277.4,88.0,1
8282.5,121.8,1
8282.7,129.6,1
8282.8,116.9,1
8282.9,134.4,1
8283.0,112.8,1
8288.2,127.7,1
8288.3,153.9,1
8288.4,123.9,1
8288.5,73.8,1
8288.7,131.1,1
8293.8,147.9,1
8294.0,168.2,1
8294.1,158.5,1
8294.3,151.7,1
8294.4,166.8,1
8299.6,146.6,1
8299.7,140.5,1
8299.9,144.8,1
8300.0,124.2,1
8300.1,131.0,1
8305.3,144.9,1
8305.4,125.2,1
8305.5,98.2,1
8305.7,157.5,1
8305.8,150.1,1
8311.0,148.8,1
8311.1,153.8,1
8311.3,144.1,1
8311.4,145.8,1
8311.6,158.3,1
8316.7,72.4,1
8316.7,84.4,1
8316.8,86.3,1
8316.9,85.2,1
8317.0,85.0,1
8322.1,79.5,1
8322.2,82.4,1
8322.3,124.7,1
8322.4,117.0,1
8322.5,128.2,1
8327.7,161.3,1
8327.9,153.7,1
8328.0,151.4,1
8328.1,123.7,1
8328.3,140.4,1
8333.4,119.4,1
8333.5,119.4,1
8333.6,118.6,1
8333.8,130.0,1
8333.9,117.9,1
8339.0,126.7,1
8339.1,75.3,1
8339.2,104.6,1
8339.3,127.0,1
8339.4,133.0,1
8344.5,92.7,1
8344.7,126.4,1
8344.8,115.5,1
8344.9,128.5,1
8345.1,152.3,1
8350.2,122.8,1
8350.3,120.2,1
8350.4,73.0,1
8350.5,107.8,1
8350.6,105.0,1
8355.7,75.6,1
8355.8,113.1,1
8355.9,95.5,1
8356.0,116.0,1
8356.1,140.6,1
8361.2,84.0,1
8361.4,139.5,1
8361.5,82.1,1
8361.6,110.4,1
8361.7,111.6,1
8366.8,75.6,1
8366.9,96.6,1
8367.0,103.4,1
8367.0,73.6,1
8367.1,75.1,1
8372.2,122.0,1
8372.3,114.7,1
8372.5,129.9,1
8372.6,109.3,1
8372.7,137.5,1
8377.8,90.5,1
8377.9,119.6,1
8378.1,118.3,1
8378.2,127.3,1
8378.3,74.5,1
8383.4,105.2,1
8383.5,123.2,1
8383.6,136.6,1
8383.8,121.8,1
8383.9,158.0,1
8389.0,122.5,1
8389.2,130.7,1
8389.3,143.1,1
8389.4,71.1,1
8389.5,75.0,1
8394.6,141.1,1
8394.7,111.9,1
8394.8,132.3,1
8395.0,146.8,1
8395.1,121.3,1
8400.2,99.3,1
8400.3,88.8,1
8400.4,129.3,1
8400.5,101.2,1
8400.7,129.9,1
8405.8,125.5,1
8405.9,116.4,1
8406.0,98.5,1
8406.1,98.1,1
8406.2,103.8,1
8411.3,117.0,1
8411.4,75.6,1
8411.5,81.4,1
8411.6,136.3,1
8411.7,87.6,1
8416.8,118.7,1
8416.9,91.4,1
8417.0,109.0,1
8417.1,101.1,1
8417.3,128.0,1
8422.4,142.6,1
8422.5,90.7,1
8422.6,133.9,1
8422.8,149.2,1
8422.9,105.3,1
8428.0,145.9,1
8428.2,120.6,1
8428.3,127.5,1
8428.4,124.4,1
8428.5,128.1,1
8433.7,157.8,1
8433.8,120.3,1
8433.9,113.5,1
8434.1,131.1,1
8434.2,104.9,1
8439.3,136.7,1
8439.4,73.9,1
8439.5,104.6,1
8439.6,140.9,1
8439.7,85.4,1
8444.8,78.7,1
8445.0,139.8,1
8445.1,136.0,1
8445.2,131.9,1
8445.4,134.2,1
8450.5,94.8,1
8450.5,89.6,1
8450.6,105.6,1
8450.7,95.1,1
8450.8,82.8,1
8455.9,86.6,1
8456.0,94.1,1
8456.1,83.4,1
8456.2,84.9,1
8456.3,84.6,1
8461.4,118.8,1
8461.5,137.4,1
8461.7,126.5,1
8461.8,118.4,1
8461.9,142.8,1
8467.0,74.5,1
8467.1,87.0,1
8467.2,119.0,1
8467.3,72.2,1
8467.3,72.8,1
8472.5,136.1,1
8472.6,166.0,1
8472.8,138.7,1
8473.0,166.4,1
8473.1,178.7,1
8478.2,77.9,1
8478.3,90.3,1
8478.5,162.5,1
8478.6,162.1,1
8478.7,117.6,1
8483.8,78.3,1
8484.0,133.7,1
8484.1,106.3,1
8484.2,93.2,1
8484.3,131.8,1
8489.4,136.8,1
8489.6,124.2,1
8489.7,174.0,1
8489.9,141.3,1
8490.0,144.0,1
8495.2,136.2,1
8495.3,102.3,1
8495.3,72.6,1
8495.4,96.8,1
8495.5,103.8,1
8500.6,86.9,1
8500.7,73.2,1
8500.8,130.5,1
8500.9,113.8,1
8501.0,75.4,1
8506.2,159.9,1
8506.3,132.9,1
8506.5,161.6,1
8506.6,154.1,1
8506.8,154.1,1
8511.9,123.5,1
8512.0,119.7,1
8512.2,143.9,1
8512.3,143.8,1
8512.4,119.2,1
8517.6,106.4,1
8517.7,116.4,1
8517.8,139.2,1
8518.0,146.1,1
8518.1,121.3,1
8523.2,105.7,1
8523.3,119.9,1
8523.4,119.9,1
8523.5,111.5,1
8523.7,144.9,1
8528.8,103.6,1
8528.9,127.0,1
8529.0,117.8,1
8529.2,114.0,1
8529.3,138.7,1
8534.4,135.6,1
8534.5,99.9,1
8534.6,97.4,1
8534.8,130.8,1
8534.9,103.5,1
8540.0,84.6,1
8540.1,100.5,1
8540.2,122.7,1
8540.2,73.9,1
8540.4,115.2,1
8545.4,74.6,1
8545.5,85.8,1
8545.7,123.6,1
8545.7,97.7,1
8545.9,113.2,1
8551.0,118.2,1
8551.1,120.1,1
8551.2,75.3,1
8551.3,123.7,1
8551.4,103.2,1
8556.6,145.6,1
8556.6,88.2,1
8556.7,93.5,1
8556.9,136.4,1
8557.0,148.0,1
8562.1,75.2,1
8562.2,121.1,1
8562.4,127.6,1
8562.5,120.7,1
8562.6,110.8,1
8567.7,144.5,1
8567.8,109.2,1
8568.0,132.1,1
8568.1,144.7,1
8568.3,134.8,1
8573.4,115.7,1
8573.5,116.7,1
8573.6,131.5,1
8573.8,133.8,1
8573.9,100.5,1
8579.0,164.7,1
8579.1,95.2,1
8579.3,133.8,1
8579.4,100.5,1
8579.5,125.6,1
8584.6,100.4,1
8584.7,118.3,1
8584.9,145.8,1
8585.0,105.9,1
8585.0,85.9,1
8590.1,82.2,1
8590.2,100.2,1
8590.3,84.0,1
8590.4,70.4,1
8590.5,76.2,1
8595.6,142.9,1
8595.7,115.3,1
8595.9,144.4,1
8596.0,150.7,1
8596.1,125.0,1
8601.3,143.7,1
8601.4,129.2,1
8601.5,118.7,1
8601.7,138.6,1
8601.8,123.6,1
8606.9,114.6,1
8607.0,105.2,1
8607.1,120.0,1
8607.2,80.2,1
8607.4,140.4,1
8612.5,147.2,1
8612.6,90.6,1
8612.8,143.4,1
8612.9,133.7,1
8613.0,117.5,1
8618.1,113.5,1
8618.3,145.0,1
8618.4,108.0,1
8618.5,91.5,1
8618.6,115.2,1
8623.7,81.7,1
8623.8,149.8,1
8624.0,143.7,1
8624.1,104.7,1
8624.2,139.1,1
8629.3,83.6,1
8629.4,122.6,1
8629.5,131.0,1
8629.7,110.2,1
8629.8,150.4,1
8634.9,129.9,1
8635.0,94.3,1
8635.1,94.2,1
8635.2,95.8,1
8635.4,145.0,1
8640.5,113.4,1
8640.6,112.1,1
8640.7,112.0,1
8640.8,110.1,1
8640.9,108.8,1
8646.1,140.6,1
8646.2,81.2,1
8646.3,110.8,1
8646.4,146.2,1
8646.6,145.0,1
8651.7,129.4,1
8651.8,144.2,1
8652.0,162.0,1
8652.2,173.6,1
8652.3,160.9,1
8657.5,108.3,1
8657.6,129.7,1
8657.7,148.7,1
8657.8,104.5,1
8658.0,133.0,1
8663.1,114.4,1
8663.2,79.6,1
8663.3,141.3,1
8663.4,110.2,1
8663.5,93.9,1
8668.7,156.2,1
8668.8,144.2,1
8669.0,173.2,1
8669.1,146.7,1
8669.2,100.6,1
8674.4,119.1,1
8674.5,114.4,1
8674.6,76.6,1
8674.6,94.5,1
8674.8,104.6,1
8679.9,135.7,1
8680.0,76.7,1
8680.1,120.9,1
8680.2,130.8,1
8680.3,93.3,1
8685.5,134.4,1
8685.6,104.9,1
8685.7,153.3,1
8685.8,128.5,1
8686.0,128.7,1
8691.1,135.7,1
8691.2,102.8,1
8691.3,126.0,1
8691.5,128.8,1
8691.6,146.1,1
8696.8,142.2,1
8696.9,113.4,1
8697.0,133.5,1
8697.2,145.4,1
8697.3,146.9,1
8702.4,116.4,1
8702.6,142.0,1
8702.7,142.1,1
8702.8,105.9,1
8702.9,129.0,1
8708.1,136.6,1
8708.2,117.1,1
8708.3,114.6,1
8708.4,127.7,1
8708.6,126.5,1
8713.7,129.8,1
8713.8,141.3,1
8714.0,141.4,1
8714.1,140.1,1
8714.3,127.6,1
8719.3,74.8,1
8719.4,107.4,1
8719.5,71.1,1
8719.6,106.4,1
8719.7,70.4,1
8724.8,100.9,1
8724.9,145.5,1
8725.1,122.6,1
8725.1,77.3,1
8725.2,72.6,1
8730.3,72.8,1
8730.4,100.9,1
8730.5,98.1,1
8730.6,147.1,1
8730.8,118.1,1
8735.9,139.5,1
8736.0,127.1,1
8736.2,125.5,1
8736.3,118.2,1
8736.4,117.8,1
8741.5,84.6,1
8741.6,118.5,1
8741.7,113.8,1
8741.8,137.8,1
8742.0,114.5,1
8747.1,98.8,1
8747.2,86.1,1
8747.3,133.2,1
8747.4,119.8,1
8747.5,120.2,1
8752.7,139.3,1
8752.8,153.0,1
8753.0,164.0,1
8753.1,126.1,1
8753.2,131.0,1
8758.4,134.2,1
8758.5,135.0,1
8758.6,126.6,1
8758.8,107.6,1
8758.8,85.3,1
8763.9,97.5,1
8764.0,86.8,1
8764.2,135.2,1
8764.3,132.5,1
8764.4,114.4,1
8769.5,73.4,1
8769.6,139.1,1
8769.7,76.7,1
8769.8,76.3,1
8769.9,137.2,1
8775.0,101.7,1
8775.1,88.0,1
8775.2,76.9,1
8775.3,142.3,1
8775.5,135.2,1
8780.6,132.4,1
8780.7,75.7,1
8780.8,137.7,1
8780.9,121.3,1
8781.1,117.6,1
8786.2,99.6,1
8786.3,121.5,1
8786.4,123.3,1
8786.5,120.2,1
8786.6,122.0,1
8791.8,137.5,1
8791.9,127.2,1
8792.0,110.0,1
8792.1,119.8,1
8792.2,73.8,1
8797.3,93.5,1
8797.5,141.9,1
8797.6,122.8,1
8797.7,77.6,1
8797.7,84.7,1
8802.9,139.1,1
8803.0,103.7,1
8803.1,92.6,1
8803.2,121.1,1
8803.3,120.5,1
8808.4,82.5,1
8808.5,107.2,1
8808.6,128.5,1
8808.8,132.7,1
8808.9,121.5,1
8814.0,123.5,1
8814.2,124.5,1
8814.2,92.2,1
8814.4,115.9,1
8814.5,111.9,1
8819.6,81.8,1
8819.6,89.8,1
8819.7,75.2,1
8819.8,85.7,1
8819.9,139.2,1
8825.0,93.5,1
8825.2,128.6,1
8825.3,118.4,1
8825.4,114.9,1
8825.5,101.3,1
8830.6,126.4,1
8830.8,160.2,1
8831.0,173.6,1
8831.1,128.1,1
8831.2,148.4,1
8836.3,92.1,1
8836.5,121.0,1
8836.6,106.7,1
8836.7,83.5,1
8836.8,151.0,1
8842.0,145.5,1
8842.1,128.7,1
8842.2,139.0,1
8842.3,102.4,1
8842.5,129.3,1
8847.6,149.6,1
8847.8,163.9,1
8848.0,193.7,1
8848.1,148.1,1
8848.2,116.4,1
8853.3,73.1,1
8853.4,112.5,1
8853.5,75.2,1
8853.6,122.2,1
8853.8,128.9,1
8858.8,76.2,1
8858.9,103.0,1
8859.1,139.3,1
8859.2,77.6,1
8859.2,73.7,1
8864.3,92.2,1
8864.4,86.2,1
8864.5,81.1,1
8864.6,71.6,1
8864.6,74.1,1
8869.8,138.3,1
8869.9,117.4,1
8870.0,119.7,1
8870.1,112.1,1
8870.2,121.2,1
8875.4,123.8,1
8875.5,158.8,1
8875.6,94.0,1
8875.8,122.7,1
8875.9,147.8,1
8881.0,94.2,1
8881.1,148.1,1
8881.3,105.7,1
8881.4,116.1,1
8881.5,105.5,1
8886.6,140.0,1
8886.7,118.1,1
8886.9,137.0,1
8887.0,120.3,1
8887.1,119.9,1
8892.3,134.7,1
8892.4,144.7,1
8892.6,155.8,1
8892.7,146.4,1
8892.8,108.8,1
8898.0,143.2,1
8898.1,143.2,1
8898.2,109.8,1
8898.3,104.0,1
8898.4,103.7,1
8903.5,79.9,1
8903.6,103.7,1
8903.7,89.0,1
8903.8,131.0,1
8903.9,96.5,1
8909.0,74.1,1
8909.1,138.4,1
8909.2,103.1,1
8909.3,72.7,1
8909.4,99.4,1
8914.6,151.6,1
8914.7,132.3,1
8914.8,134.0,1
8915.0,122.9,1
8915.1,118.9,1
8920.2,119.7,1
8920.3,84.4,1
8920.4,154.8,1
8920.6,139.8,1
8920.7,104.9,1
8925.8,121.0,1
8925.9,137.5,1
8926.1,136.4,1
8926.2,102.4,1
8926.3,140.0,1
8931.5,140.8,1
8931.6,143.2,1
8931.7,109.8,1
8931.8,97.9,1
8931.9,126.6,1
8937.1,96.0,1
8937.2,114.8,1
8937.3,99.3,1
8937.4,144.4,1
8937.5,105.5,1
8942.7,140.4,1
8942.8,153.5,1
8942.9,104.0,1
8943.1,140.5,1
8943.2,124.2,1
8948.3,73.5,1
8948.4,92.7,1
8948.4,73.7,1
8948.5,104.9,1
8948.7,138.2,1
8953.8,106.2,1
8953.9,101.9,1
8954.0,111.2,1
8954.1,87.2,1
8954.2,134.7,1
8959.3,79.6,1
8959.4,121.8,1
8959.6,129.4,1
8959.7,120.2,1
8959.8,110.2,1
8964.9,116.3,1
8965.0,126.1,1
8965.2,127.6,1
8965.3,122.1,1
8965.4,148.2,1
8970.6,146.5,1
8970.7,129.6,1
8970.8,113.5,1
8970.9,102.1,1
8971.1,137.6,1
8976.2,124.3,1
8976.3,130.4,1
8976.5,135.7,1
8976.6,141.2,1
8976.7,72.0,1
8981.8,109.7,1
8981.9,88.7,1
8982.0,117.3,1
8982.1,146.9,1
8982.2,83.7,1
8987.3,126.9,1
8987.5,103.3,1
8987.6,137.8,1
8987.7,108.7,1
8987.8,119.8,1
8992.9,89.5,1
8993.0,99.8,1
8993.1,84.0,1
8993.2,142.7,1
8993.3,110.6,1
8998.4,94.5,1
8998.5,89.8,1
8998.7,139.6,1
8998.8,117.5,1
8998.9,145.4,1
9004.1,143.2,1
9004.2,145.5,1
9004.3,74.4,1
9004.4,104.4,1
9004.5,137.1,1
9009.7,161.4,1
9009.9,139.1,1
9010.0,161.8,1
9010.2,175.5,1
9010.3,121.7,1
9015.4,78.9,1
9015.5,120.4,1
9015.6,125.0,1
9015.8,147.9,1
9015.9,128.2,1
9021.1,146.6,1
9021.2,129.2,1
9021.3,87.3,1
9021.4,139.6,1
9021.5,104.6,1
9026.7,150.3,1
9026.8,153.3,1
9027.0,141.3,1
9027.1,146.0,1
9027.2,123.3,1
9032.3,92.3,1
9032.5,125.3,1
9032.6,86.8,1
9032.7,122.8,1
9032.8,106.8,1
9037.9,86.0,1
9038.0,129.4,1
9038.1,121.0,1
9038.2,116.5,1
9038.3,100.0,1
9043.4,82.6,1
9043.6,118.2,1
9043.6,74.1,1
9043.7,84.2,1
9043.8,73.0,1
9048.9,107.1,1
9049.0,136.0,1
9049.2,141.9,1
9049.3,118.5,1
9049.4,99.2,1
9054.5,105.7,1
9054.6,101.9,1
9054.7,130.0,1
9054.8,112.2,1
9055.0,120.4,1
9060.1,105.6,1
9060.2,133.4,1
9060.4,140.7,1
9060.5,121.9,1
9060.6,147.2,1
9065.7,119.0,1
9065.9,110.9,1
9066.0,140.9,1
9066.1,133.7,1
9066.2,101.6,1
9071.3,100.5,1
9071.5,123.2,1
9071.5,70.7,1
9071.6,113.6,1
9071.8,112.3,1
9076.9,143.7,1
9077.0,125.4,1
9077.1,73.6,1
9077.2,107.1,1
9077.3,104.1,1
9082.4,102.4,1
9082.5,72.2,1
9082.6,73.1,1
9082.7,108.7,1
9082.8,94.9,1
9087.9,112.2,1
9088.0,108.3,1
9088.1,77.0,1
9088.1,72.5,1
9088.2,74.6,1
9093.4,158.5,1
9093.5,145.3,1
9093.7,160.2,1
9093.8,109.9,1
9093.9,105.3,1
9099.0,104.0,1
9099.2,155.2,1
9099.3,122.6,1
9099.4,76.2,1
9099.5,127.7,1
9104.6,76.7,1
9104.7,152.9,1
9104.8,82.0,1
9104.9,125.5,1
9105.0,110.0,1
9110.2,123.9,1
9110.3,145.0,1
9110.4,132.0,1
9110.6,122.4,1
9110.7,116.9,1
9115.8,128.4,1
9116.0,140.2,1
9116.1,121.3,1
9116.2,122.7,1
9116.3,100.9,1
9121.4,114.1,1
9121.5,104.1,1
9121.6,94.5,1
9121.8,132.4,1
9121.8,89.7,1
9127.0,122.2,1
9127.0,77.7,1
9127.1,90.4,1
9127.2,84.7,1
9127.3,100.3,1
9132.4,73.7,1
9132.5,113.9,1
9132.6,84.9,1
9132.7,106.9,1
9132.8,110.5,1
9138.0,127.8,1
9138.1,111.2,1
9138.2,124.4,1
9138.3,140.1,1
9138.4,118.9,1
9143.6,153.4,1
9143.8,158.6,1
9143.9,136.4,1
9144.0,124.4,1
9144.2,142.1,1
9149.3,123.4,1
9149.4,131.2,1
9149.6,127.0,1
9149.6,81.5,1
9149.7,78.5,1
9154.8,120.4,1
9155.0,138.2,1
9155.1,145.3,1
9155.2,103.5,1
9155.3,99.0,1
9160.5,146.7,1
9160.6,100.0,1
9160.7,134.6,1
9160.8,117.1,1
9161.0,157.2,1
9166.1,128.6,1
9166.2,105.8,1
9166.4,157.2,1
9166.5,77.9,1
9166.5,85.4,1
9171.7,114.3,1
9171.8,133.2,1
9171.9,142.6,1
9172.1,141.5,1
9172.2,81.3,1
9177.3,100.1,1
9177.3,73.1,1
9177.4,74.1,1
9177.6,141.0,1
9177.7,146.3,1
9182.8,135.8,1
9183.0,144.2,1
9183.1,83.9,1
9183.2,118.7,1
9183.3,123.2,1
9188.5,145.3,1
9188.6,146.1,1
9188.7,136.8,1
9188.9,148.4,1
9189.1,203.9,1
9194.2,144.6,1
9194.4,149.1,1
9194.5,121.8,1
9194.7,140.8,1
9194.8,90.6,1
9199.8,77.0,1
9199.9,104.8,1
9200.1,146.3,1
9200.2,118.5,1
9200.3,100.4,1
9205.4,130.7,1
9205.6,169.6,1
9205.7,112.2,1
9205.9,137.6,1
9206.0,128.3,1
9211.1,154.4,1
9211.2,96.9,1
9211.4,146.7,1
9211.5,95.1,1
9211.6,143.6,1
9216.7,84.7,1
9216.9,141.9,1
9217.0,147.6,1
9217.1,118.7,1
9217.3,132.4,1
9222.4,97.0,1
9222.5,108.2,1
9222.5,74.1,1
9222.6,73.3,1
9222.7,93.8,1
9227.8,114.5,1
9227.9,106.0,1
9228.0,120.1,1
9228.1,82.1,1
9228.3,142.2,1
9233.4,105.9,1
9233.5,96.0,1
9233.6,137.9,1
9233.7,87.8,1
9233.8,82.2,1
9238.9,131.5,1
9239.1,142.9,1
9239.2,126.7,1
9239.3,103.9,1
9239.4,119.7,1
9244.5,119.9,1
9244.7,120.0,1
9244.8,110.2,1
9244.9,94.2,1
9245.0,123.0,1
9250.1,100.3,1
9250.2,121.9,1
9250.3,120.8,1
9250.5,126.5,1
9250.6,129.4,1
9255.7,111.6,1
9255.8,118.2,1
9256.0,133.1,1
9256.1,101.9,1
9256.2,136.4,1
9261.3,73.4,1
9261.4,75.3,1
9261.5,122.1,1
9261.6,133.0,1
9261.7,95.5,1
9266.8,81.8,1
9266.9,114.5,1
9267.0,99.2,1
9267.1,72.1,1
9267.1,71.6,1
9272.3,106.6,1
9272.4,101.1,1
9272.4,81.5,1
9272.6,140.6,1
9272.7,116.0,1
9277.8,105.8,1
9277.9,99.4,1
9278.0,104.4,1
9278.1,86.6,1
9278.2,90.2,1
9283.3,73.9,1
9283.4,149.2,1
9283.5,131.6,1
9283.7,129.0,1
9283.8,129.4,1
9289.0,151.6,1
9289.1,103.3,1
9289.2,110.1,1
9289.3,96.0,1
9289.4,136.5,1
9294.5,133.1,1
9294.7,119.8,1
9294.8,145.7,1
9294.9,79.2,1
9295.0,127.3,1
9300.1,107.7,1
9300.3,126.5,1
9300.4,125.4,1
9300.5,127.5,1
9300.6,121.8,1
9305.7,86.3,1
9305.8,122.3,1
9306.0,127.6,1
9306.1,140.1,1
9306.2,86.9,1
9311.3,104.9,1
9311.4,75.6,1
9311.5,76.4,1
9311.6,99.9,1
9311.7,102.1,1
9316.8,121.1,1
9316.9,94.1,1
9317.0,126.0,1
9317.2,142.3,1
9317.2,93.3,1
9322.4,122.8,1
9322.5,118.8,1
9322.6,124.8,1
9322.7,109.5,1
9322.9,128.9,1
9328.0,114.9,1
9328.1,153.2,1
9328.2,107.6,1
9328.3,81.7,1
9328.5,135.4,1
9333.5,78.6,1
9333.7,143.2,1
9333.8,125.3,1
9334.0,155.2,1
9334.1,94.6,1
9339.1,83.1,1
9339.3,140.5,1
9339.4,120.8,1
9339.5,97.6,1
9339.6,137.7,1
9344.8,131.4,1
9344.9,120.9,1
9345.0,149.4,1
9345.2,132.5,1
9345.3,110.9,1
9350.4,83.5,1
9350.5,104.2,1
9350.6,126.4,1
9350.8,154.5,1
9350.9,157.9,1
9356.0,88.2,1
9356.1,72.1,1
9356.2,127.8,1
9356.3,110.1,1
9356.5,140.4,1
9361.6,118.1,1
9361.7,118.8,1
9361.8,123.4,1
9361.9,105.1,1
9362.1,129.2,1
9367.2,147.1,1
9367.3,115.3,1
9367.5,143.2,1
9367.6,135.6,1
9367.8,152.0,1
9372.8,80.3,1
9373.0,117.8,1
9373.1,105.5,1
9373.2,149.1,1
9373.3,130.7,1
9378.5,142.0,1
9378.6,132.4,1
9378.8,134.0,1
9378.8,83.9,1
9379.0,138.5,1
9384.1,123.6,1
9384.3,150.8,1
9384.4,149.5,1
9384.6,137.9,1
9384.7,141.9,1
9389.8,123.9,1
9390.0,140.3,1
9390.1,120.2,1
9390.2,107.8,1
9390.3,110.2,1
9395.4,140.6,1
9395.6,137.0,1
9395.7,118.4,1
9395.8,112.6,1
9395.9,85.4,1
9401.0,72.6,1
9401.1,107.3,1
9401.2,73.3,1
9401.3,98.1,1
9401.4,112.5,1
9406.5,116.3,1
9406.6,142.2,1
9406.7,110.6,1
9406.9,133.8,1
9407.0,111.4,1
9412.1,117.6,1
9412.2,117.1,1
9412.3,126.7,1
9412.5,101.5,1
9412.5,79.9,1
9417.6,106.9,1
9417.8,116.9,1
9417.9,91.7,1
9418.0,122.9,1
9418.1,163.3,1
9423.3,115.3,1
9423.4,136.0,1
9423.5,117.9,1
9423.7,155.7,1
9423.8,132.9,1
9428.9,94.2,1
9429.0,91.4,1
9429.1,136.9,1
9429.2,119.6,1
9429.4,105.3,1
9434.5,109.9,1
9434.5,72.6,1
9434.7,133.4,1
9434.8,109.3,1
9434.9,122.4,1
9440.0,130.2,1
9440.1,82.4,1
9440.2,71.5,1
9440.3,73.0,1
9440.4,137.7,1
9445.5,74.0,1
9445.6,83.8,1
9445.7,105.1,1
9445.7,72.8,1
9445.8,104.7,1
9451.0,122.9,1
9451.1,135.2,1
9451.2,100.0,1
9451.3,133.2,1
9451.4,89.7,1
9456.6,124.8,1
9456.7,91.3,1
9456.8,103.6,1
9456.9,128.3,1
9457.0,78.7,1
9462.1,139.1,1
9462.2,87.2,1
9462.3,129.4,1
9462.5,143.8,1
9462.6,112.4,1
9467.7,102.1,1
9467.8,118.1,1
9467.9,131.8,1
9468.0,112.1,1
9468.2,137.7,1
9473.3,83.1,1
9473.4,128.3,1
9473.5,126.5,1
9473.6,94.3,1
9473.8,138.4,1
9478.9,155.6,1
9479.0,127.0,1
9479.2,109.7,1
9479.3,146.0,1
9479.4,141.4,1
9484.6,122.7,1
9484.7,133.5,1
9484.8,105.1,1
9485.0,143.5,1
9485.1,133.3,1
9490.2,102.0,1
9490.3,75.6,1
9490.4,108.2,1
9490.5,76.6,1
9490.6,117.4,1
9495.7,113.3,1
9495.8,87.7,1
9495.9,77.4,1
9496.0,149.0,1
9496.1,135.7,1
9501.3,118.9,1
9501.4,118.0,1
9501.5,119.2,1
9501.6,139.8,1
9501.7,73.6,1
9506.8,85.5,1
9506.9,142.5,1
9507.1,130.2,1
9507.2,141.8,1
9507.3,98.8,1
9512.4,103.9,1
9512.6,149.5,1
9512.7,121.3,1
9512.8,113.0,1
9513.0,151.5,1
9518.1,88.4,1
9518.2,120.9,1
9518.3,131.5,1
9518.4,132.5,1
9518.5,98.3,1
9523.7,117.6,1
9523.8,94.2,1
9523.8,88.3,1
9524.0,129.1,1
9524.1,130.8,1
9529.2,72.6,1
9529.3,71.5,1
9529.4,112.7,1
9529.5,136.5,1
9529.6,132.7,1
9534.8,145.7,1
9534.9,101.8,1
9535.0,119.0,1
9535.1,78.5,1
9535.2,71.1,1
9540.3,113.3,1
9540.4,111.9,1
9540.5,112.5,1
9540.6,145.1,1
9540.8,125.9,1
9545.9,152.5,1
9546.1,130.8,1
9546.2,148.5,1
9546.4,168.9,1
9546.5,132.6,1
9551.6,86.3,1
9551.7,107.7,1
9551.8,82.1,1
9551.9,127.0,1
9552.0,118.1,1
9557.2,119.4,1
9557.3,124.8,1
9557.4,123.2,1
9557.5,134.2,1
9557.7,121.7,1
9562.8,146.2,1
9562.9,127.2,1
9563.1,175.2,1
9563.3,153.9,1
9563.4,136.2,1
9568.5,122.0,1
9568.7,119.7,1
9568.8,121.5,1
9568.9,114.5,1
9569.0,139.9,1
9574.2,123.9,1
9574.3,111.4,1
9574.4,87.0,1
9574.5,114.0,1
9574.6,125.1,1
9579.7,112.6,1
9579.8,122.8,1
9579.9,89.1,1
9580.0,116.8,1
9580.1,72.2,1
9585.2,73.9,1
9585.3,96.8,1
9585.4,136.1,1
9585.5,117.8,1
9585.7,127.4,1
9590.8,117.9,1
9590.9,125.7,1
9591.0,84.9,1
9591.1,94.7,1
9591.2,142.9,1
9596.3,78.3,1
9596.5,134.3,1
9596.6,147.9,1
9596.7,127.9,1
9596.9,111.2,1
9601.9,90.5,1
9602.1,146.6,1
9602.2,92.2,1
9602.3,120.6,1
9602.4,86.8,1
9607.5,109.5,1
9607.6,139.6,1
9607.8,106.3,1
9607.9,131.9,1
9608.0,101.8,1
9613.1,98.1,1
9613.2,128.5,1
9613.3,80.4,1
9613.4,125.9,1
9613.5,119.9,1
9618.7,119.7,1
9618.8,121.6,1
9618.9,119.7,1
9619.0,120.2,1
9619.1,107.8,1
9624.2,72.8,1
9624.3,90.4,1
9624.4,100.6,1
9624.5,81.9,1
9624.6,70.4,1
9629.7,115.5,1
9629.8,92.0,1
9629.9,94.5,1
9630.0,102.7,1
9630.0,71.6,1
9635.2,119.7,1
9635.3,135.3,1
9635.4,106.3,1
9635.5,95.8,1
9635.6,75.3,1
9640.7,112.0,1
9640.8,92.7,1
9640.9,139.8,1
9641.1,137.0,1
9641.2,130.0,1
9646.3,124.2,1
9646.5,133.7,1
9646.6,128.5,1
9646.7,125.4,1
9646.8,117.4,1
9651.9,86.8,1
9652.0,126.4,1
9652.2,144.9,1
9652.3,126.5,1
9652.4,113.0,1
9657.5,107.6,1
9657.7,130.9,1
9657.8,153.1,1
9658.0,135.9,1
9658.1,133.7,1
9663.2,135.2,1
9663.4,145.4,1
9663.5,98.6,1
9663.6,125.7,1
9663.7,109.5,1
9668.8,88.6,1
9668.9,102.8,1
9669.1,146.3,1
9669.2,140.8,1
9669.3,71.5,1
9674.3,74.3,1
9674.4,82.1,1
9674.5,92.2,1
9674.6,116.1,1
9674.7,98.7,1
9679.8,108.7,1
9679.9,94.5,1
9680.1,132.3,1
9680.2,138.0,1
9680.3,105.6,1
9685.5,126.7,1
9685.5,93.5,1
9685.6,87.2,1
9685.7,110.0,1
9685.9,149.1,1
9691.0,129.2,1
9691.1,88.2,1
9691.2,123.6,1
9691.4,140.5,1
9691.5,129.0,1
9696.6,99.1,1
9696.7,126.3,1
9696.8,102.5,1
9697.0,116.6,1
9697.1,142.1,1
9702.2,79.8,1
9702.3,143.8,1
9702.4,119.5,1
9702.6,133.0,1
9702.7,88.1,1
9707.7,76.1,1
9707.9,143.2,1
9708.0,115.6,1
9708.1,113.7,1
9708.3,136.2,1
9713.3,75.7,1
9713.4,101.9,1
9713.5,88.1,1
9713.7,133.0,1
9713.8,122.9,1
9718.9,73.9,1
9718.9,80.2,1
9719.1,138.1,1
9719.2,108.5,1
9719.3,74.7,1
9724.4,106.6,1
9724.5,120.2,1
9724.6,134.1,1
9724.8,136.2,1
9724.9,182.8,1
9730.1,118.7,1
9730.2,110.6,1
9730.3,151.4,1
9730.5,139.9,1
9730.6,98.6,1
9735.7,121.7,1
9735.8,100.1,1
9735.9,148.3,1
9736.1,126.4,1
9736.2,132.9,1
9741.3,108.2,1
9741.5,140.2,1
9741.6,153.0,1
9741.8,158.5,1
9741.9,154.0,1
9747.1,127.5,1
9747.2,130.5,1
9747.3,131.0,1
9747.4,126.0,1
9747.6,127.1,1
9752.7,100.6,1
9752.8,103.9,1
9752.9,122.5,1
9753.0,108.7,1
9753.1,104.5,1
9758.2,121.4,1
9758.4,151.0,1
9758.5,150.7,1
9758.7,120.2,1
9758.8,119.7,1
9763.9,111.1,1
9764.0,113.0,1
9764.1,99.0,1
9764.2,75.2,1
9764.3,97.9,1
9769.4,105.9,1
9769.5,121.8,1
9769.7,144.3,1
9769.8,134.6,1
9769.9,142.9,1
9775.1,122.2,1
9775.2,121.8,1
9775.3,120.5,1
9775.4,136.8,1
9775.6,120.7,1
9780.7,122.7,1
9780.8,104.9,1
9780.9,122.7,1
9781.1,137.1,1
9781.2,113.1,1
9786.3,128.9,1
9786.4,133.9,1
9786.6,125.9,1
9786.7,96.0,1
9786.7,86.3,1
9791.9,104.7,1
9792.0,96.9,1
9792.1,142.7,1
9792.2,137.2,1
9792.3,77.5,1
9797.4,86.7,1
9797.5,73.9,1
9797.6,107.8,1
9797.7,83.6,1
9797.8,96.8,1
9802.9,117.3,1
9803.0,82.2,1
9803.1,99.8,1
9803.1,70.7,1
9803.2,71.2,1
9808.3,121.8,1
9808.5,136.7,1
9808.5,74.8,1
9808.6,97.5,1
9808.7,90.1,1
9813.9,151.8,1
9814.0,117.2,1
9814.1,118.4,1
9814.3,137.4,1
9814.4,114.1,1
9819.5,125.6,1
9819.6,127.0,1
9819.7,90.9,1
9819.9,146.8,1
9820.0,154.0,1
9825.1,78.4,1
9825.2,119.5,1
9825.3,116.1,1
9825.4,82.3,1
9825.5,90.7,1
9830.6,106.2,1
9830.7,117.4,1
9830.9,143.0,1
9831.0,146.7,1
9831.2,134.7,1
9836.3,146.2,1
9836.4,77.6,1
9836.5,133.3,1
9836.7,131.9,1
9836.7,86.9,1
9841.8,73.0,1
9841.9,120.5,1
9842.0,73.5,1
9842.2,129.7,1
9842.3,121.3,1
9847.4,96.7,1
9847.5,103.5,1
9847.6,108.5,1
9847.7,126.2,1
9847.8,101.0,1
9852.9,98.8,1
9853.0,93.2,1
9853.1,71.3,1
9853.2,89.6,1
9853.2,76.4,1
9858.4,121.9,1
9858.5,120.5,1
9858.6,131.9,1
9858.8,127.1,1
9858.9,145.7,1
9864.0,84.1,1
9864.1,105.4,1
9864.2,104.7,1
9864.3,111.0,1
9864.4,125.6,1
9869.6,132.8,1
9869.7,151.6,1
9869.8,75.7,1
9869.9,80.3,1
9870.0,109.1,1
9875.1,124.4,1
9875.2,122.6,1
9875.4,127.3,1
9875.5,147.4,1
9875.6,131.5,1
9880.8,128.8,1
9880.9,142.2,1
9881.1,136.5,1
9881.2,128.8,1
9881.3,158.8,1
9886.4,72.1,1
9886.5,78.8,1
9886.6,137.9,1
9886.7,81.9,1
9886.8,73.8,1
9891.9,75.0,1
9892.0,119.4,1
9892.1,93.3,1
9892.2,126.6,1
9892.3,91.7,1
9897.4,89.7,1
9897.5,80.8,1
9897.6,133.8,1
9897.7,94.4,1
9897.8,125.8,1
9903.0,148.1,1
9903.1,122.3,1
9903.2,111.9,1
9903.4,163.8,1
9903.5,122.5,1
9908.6,74.4,1
9908.7,105.5,1
9908.8,116.2,1
9908.9,121.1,1
9909.1,142.1,1
9914.2,100.5,1
9914.3,128.6,1
9914.5,146.3,1
9914.5,98.8,1
9914.7,122.3,1
9919.8,168.1,1
9920.0,155.5,1
9920.2,152.8,1
9920.3,164.6,1
9920.5,175.8,1
9925.6,123.8,1
9925.7,107.6,1
9925.9,128.1,1
9926.0,106.7,1
9926.1,146.4,1
9931.2,72.8,1
9931.3,114.1,1
9931.4,94.4,1
9931.5,119.4,1
9931.6,73.6,1
9936.7,136.1,1
9936.9,143.3,1
9937.0,134.6,1
9937.1,113.8,1
9937.2,104.4,1
9942.3,73.6,1
9942.4,90.8,1
9942.5,76.6,1
9942.6,94.3,1
9942.6,73.3,1
9947.8,131.4,1
9947.9,138.0,1
9948.0,125.0,1
9948.2,141.5,1
9948.3,149.5,1
9953.5,125.3,1
9953.6,117.6,1
9953.7,92.4,1
9953.8,113.2,1
9953.9,146.9,1
9959.0,113.2,1
9959.2,126.8,1
9959.3,120.8,1
9959.4,103.6,1
9959.5,109.1,1
9964.6,130.2,1
9964.8,122.9,1
9964.9,110.8,1
9965.0,147.1,1
9965.2,144.3,1
9970.2,71.0,1
9970.3,92.9,1
9970.5,130.8,1
9970.6,119.8,1
9970.7,145.8,1
9975.9,144.7,1
9976.0,144.0,1
9976.1,103.9,1
9976.2,99.3,1
9976.3,71.9,1
9981.5,145.1,1
9981.6,108.6,1
9981.7,101.6,1
9981.7,70.9,1
9981.8,73.5,1
9987.0,144.8,1
9987.1,130.2,1
9987.2,141.6,1
9987.3,113.2,1
9987.5,122.2,1
9992.6,85.0,1
9992.6,76.1,1
9992.7,78.2,1
9992.8,107.9,1
9993.0,136.2,1
9998.1,120.7,1
9998.2,132.4,1
9998.3,103.1,1
9998.4,112.2,1
9998.5,120.6,1
10003.7,112.1,1
10003.7,84.2,1
10003.9,150.0,1
10004.0,99.9,1
10004.1,94.8,1
10009.2,101.3,1
10009.3,107.3,1
10009.4,98.8,1
10009.6,145.6,1
10009.7,130.4,1
10014.8,117.3,1
10014.9,135.8,1
10015.1,129.8,1
10015.2,129.6,1
10015.3,147.9,1
10020.5,133.5,1
10020.6,123.7,1
10020.7,111.6,1
10020.8,133.7,1
10020.9,81.5,1
10026.0,106.2,1
10026.1,86.8,1
10026.2,88.4,1
10026.3,90.5,1
10026.4,75.5,1
10031.5,112.8,1
10031.6,76.8,1
10031.6,71.9,1
10031.7,71.8,1
10031.8,75.4,1
10036.9,145.0,1
10037.0,96.5,1
10037.1,80.0,1
10037.2,122.3,1
10037.4,145.3,1
10042.5,76.8,1
10042.5,72.6,1
10042.7,140.8,1
10042.8,98.3,1
10042.9,115.5,1
10048.0,123.3,1
10048.2,148.5,1
10048.3,163.0,1
10048.5,158.8,1
10048.6,133.1,1
10053.7,112.7,1
10053.9,118.8,1
10054.0,128.3,1
10054.2,160.4,1
10054.3,133.8,1
10059.4,75.8,1
10059.5,124.9,1
10059.6,144.3,1
10059.8,151.0,1
10059.9,134.6,1
10065.0,79.3,1
10065.1,95.2,1
10065.2,137.3,1
10065.3,106.6,1
10065.4,71.5,1
10070.5,96.1,1
10070.6,121.0,1
10070.7,89.8,1
10070.8,92.0,1
10070.9,101.4,1
10076.0,91.2,1
10076.1,74.6,1
10076.2,74.0,1
10076.3,145.5,1
10076.4,93.1,1
10081.5,76.5,1
10081.6,74.6,1
10081.7,102.8,1
10081.8,166.5,1
10082.0,162.1,1
10087.1,74.4,1
10087.2,141.3,1
10087.3,121.0,1
10087.5,134.7,1
10087.6,126.2,1
10092.7,119.8,1
10092.8,80.1,1
10092.9,106.1,1
10093.0,145.8,1
10093.2,147.7,1
10098.3,125.7,1
10098.5,145.5,1
10098.6,146.0,1
10098.8,151.6,1
10098.9,153.8,1
10104.0,114.7,1
10104.2,116.0,1
10104.3,150.6,1
10104.4,103.1,1
10104.5,117.8,1
10109.7,150.5,1
10109.8,96.9,1
10109.9,132.7,1
10110.0,133.6,1
10110.1,73.4,1
10115.2,123.1,1
10115.4,156.7,1
10115.6,150.6,1
10115.7,112.6,1
10115.8,82.9,1
10120.8,73.3,1
10120.9,93.6,1
10121.1,137.3,1
10121.2,116.8,1
10121.3,74.6,1
10126.4,118.0,1
10126.5,101.6,1
10126.6,142.3,1
10126.7,99.1,1
10126.9,138.4,1
10132.0,130.1,1
10132.1,132.4,1
10132.2,107.7,1
10132.3,102.8,1
10132.4,71.3,1
10137.6,142.9,1
10137.7,98.8,1
10137.8,137.2,1
10137.9,131.0,1
10138.0,94.5,1
10143.2,132.6,1
10143.3,126.5,1
10143.4,126.1,1
10143.5,117.0,1
10143.6,118.8,1
10148.8,122.2,1
10148.9,120.7,1
10149.0,122.2,1
10149.1,96.2,1
10149.2,138.5,1
10154.4,115.5,1
10154.5,130.2,1
10154.6,105.1,1
10154.7,103.2,1
10154.8,135.1,1
10159.9,86.7,1
10160.0,117.0,1
10160.2,103.1,1
10160.2,84.4,1
10160.3,99.7,1
10165.4,80.1,1
10165.5,74.1,1
10165.6,82.3,1
10165.7,126.3,1
10165.8,138.5,1
10171.0,148.4,1
10171.1,149.3,1
10171.3,131.8,1
10171.4,135.8,1
10171.5,115.9,1
10176.6,99.8,1
10176.7,111.5,1
10176.9,128.1,1
10177.0,120.6,1
10177.1,143.2,1
10182.3,123.9,1
10182.4,123.6,1
10182.5,120.8,1
10182.6,126.0,1
10182.8,120.9,1
10187.9,123.2,1
10188.0,116.4,1
10188.1,129.3,1
10188.2,111.0,1
10188.4,128.9,1
10193.4,74.6,1
10193.6,129.0,1
10193.7,97.8,1
10193.8,137.1,1
10193.9,127.5,1
10199.1,127.9,1
10199.2,137.0,1
10199.3,83.0,1
10199.4,125.7,1
10199.5,76.6,1
10204.6,89.3,1
10204.7,114.4,1
10204.8,106.4,1
10204.9,82.3,1
10205.0,75.1,1
10210.1,96.7,1
10210.2,109.5,1
10210.3,103.0,1
10210.4,141.6,1
10210.5,91.2,1
10215.6,79.5,1
10215.7,81.7,1
10215.8,113.0,1
10215.9,133.4,1
10216.0,124.4,1
10221.1,94.2,1
10221.3,134.4,1
10221.4,131.2,1
10221.5,128.4,1
10221.7,146.5,1
10226.8,111.1,1
10226.9,116.1,1
10227.1,132.1,1
10227.2,106.5,1
10227.3,107.0,1
10232.4,128.5,1
10232.5,137.4,1
10232.7,152.9,1
10232.8,139.3,1
10233.0,136.1,1
10238.1,125.1,1
10238.2,138.5,1
10238.4,127.5,1
10238.5,134.9,1
10238.6,109.4,1
10243.7,114.7,1
10243.9,133.8,1
10244.0,123.7,1
10244.1,84.2,1
10244.1,71.6,1
10249.2,74.9,1
10249.4,139.7,1
10249.5,137.5,1
10249.6,74.1,1
10249.7,92.3,1
10254.7,74.6,1
10254.8,87.8,1
10255.0,148.3,1
10255.1,109.8,1
10255.2,87.0,1
10260.3,113.0,1
10260.4,142.6,1
10260.6,154.1,1
10260.7,140.7,1
10260.9,138.4,1
10266.0,109.6,1
10266.1,126.7,1
10266.2,133.9,1
10266.3,71.6,1
10266.4,106.7,1
10271.6,136.8,1
10271.7,130.4,1
10271.8,143.1,1
10271.9,105.4,1
10272.0,80.7,1
10277.1,103.3,1
10277.3,155.5,1
10277.5,174.8,1
10277.6,166.8,1
10277.8,138.7,1
10282.9,125.5,1
10283.0,126.8,1
10283.1,90.4,1
10283.2,110.0,1
10283.3,96.9,1
10288.4,74.2,1
10288.5,74.7,1
10288.6,109.4,1
10288.7,115.5,1
10288.8,119.1,1
10294.0,137.9,1
10294.1,138.0,1
10294.2,145.4,1
10294.4,122.4,1
10294.5,127.6,1
10299.6,83.9,1
10299.7,115.0,1
10299.8,75.6,1
10299.9,139.3,1
10300.0,116.1,1
10305.1,85.4,1
10305.3,136.4,1
10305.3,85.4,1
10305.4,76.7,1
10305.5,102.9,1
10310.7,145.6,1
10310.8,99.6,1
10310.9,111.1,1
10311.0,83.8,1
10311.1,137.6,1
10316.2,102.7,1
10316.3,127.2,1
10316.5,126.0,1
10316.6,121.1,1
10316.7,124.9,1
10321.8,106.7,1
10322.0,141.1,1
10322.1,105.3,1
10322.1,84.0,1
10322.2,97.3,1
10327.4,100.9,1
10327.5,125.1,1
10327.6,128.2,1
10327.7,121.2,1
10327.9,124.2,1
10333.0,97.8,1
10333.1,135.6,1
10333.2,72.4,1
10333.3,121.4,1
10333.4,114.3,1
10338.5,103.4,1
10338.6,125.3,1
10338.7,78.5,1
10338.8,117.9,1
10338.9,107.9,1
10344.0,86.8,1
10344.1,75.1,1
10344.2,131.9,1
10344.3,75.0,1
10344.4,113.0,1
10349.5,76.6,1
10349.6,111.5,1
10349.7,71.0,1
10349.8,87.1,1
10349.9,83.4,1
10355.0,117.3,1
10355.1,82.6,1
10355.2,99.2,1
10355.3,146.6,1
10355.4,125.4,1
10360.6,148.5,1
10360.7,109.5,1
10360.8,125.4,1
10361.0,153.6,1
10361.1,121.1,1
10366.2,123.8,1
10366.3,126.4,1
10366.5,120.1,1
10366.6,155.2,1
10366.7,83.5,1
10371.8,109.6,1
10372.0,142.8,1
10372.0,84.0,1
10372.1,100.5,1
10372.2,87.1,1
10377.3,74.6,1
10377.4,100.7,1
10377.5,102.1,1
10377.7,135.3,1
10377.7,75.9,1
10382.8,97.6,1
10382.9,94.2,1
10383.0,118.6,1
10383.1,78.2,1
10383.2,125.6,1
10388.3,82.7,1
10388.4,73.1,1
10388.5,94.3,1
10388.6,91.6,1
10388.7,107.0,1
10393.8,90.8,1
10393.9,118.0,1
10394.0,118.8,1
10394.1,100.7,1
10394.3,147.3,1
10399.4,142.7,1
10399.6,133.8,1
10399.7,142.6,1
10399.8,119.3,1
10399.9,114.6,1
10405.0,91.5,1
10405.2,136.3,1
10405.3,137.2,1
10405.4,76.3,1
10405.5,120.6,1
10410.6,114.3,1
10410.7,111.4,1
10410.9,150.6,1
10411.0,138.0,1
10411.1,97.8,1
10416.2,107.0,1
10416.4,125.8,1
10416.5,150.2,1
10416.6,112.3,1
10416.8,130.4,1
10421.9,102.9,1
10422.0,100.0,1
10422.1,117.7,1
10422.2,133.5,1
10422.3,124.0,1
10427.5,109.7,1
10427.6,108.5,1
10427.7,128.3,1
10427.8,88.2,1
10427.9,105.2,1
10433.0,95.5,1
10433.1,121.3,1
10433.2,146.4,1
10433.3,73.8,1
10433.4,74.6,1
10438.5,78.7,1
10438.6,132.7,1
10438.7,102.2,1
10438.8,80.7,1
10438.9,131.6,1
10444.0,75.7,1
10444.1,141.0,1
10444.2,73.3,1
10444.3,112.5,1
10444.4,84.0,1
10449.5,76.3,1
10449.6,82.8,1
10449.7,134.4,1
10449.8,109.8,1
10449.9,89.5,1
10455.0,115.3,1
10455.2,120.8,1
10455.2,90.6,1
10455.4,152.2,1
10455.5,120.7,1
10460.6,90.6,1
10460.8,152.4,1
10460.9,91.0,1
10461.0,96.6,1
10461.1,97.6,1
10466.2,139.0,1
10466.3,142.5,1
10466.5,139.4,1
10466.6,133.2,1
10466.7,121.4,1
10471.9,144.5,1
10472.0,105.7,1
10472.1,133.1,1
10472.2,101.8,1
10472.4,155.7,1
10477.5,93.9,1
10477.5,77.2,1
10477.6,74.5,1
10477.7,82.1,1
10477.8,127.6,1
10482.9,93.6,1
10483.0,75.3,1
10483.1,71.1,1
10483.1,72.3,1
10483.2,92.5,1
10488.4,144.2,1
10488.5,147.7,1
10488.7,188.3,1
10488.9,146.3,1
10489.1,178.2,1
10494.2,136.1,1
10494.3,123.9,1
10494.4,132.1,1
10494.5,88.4,1
10494.7,139.1,1
10499.8,120.7,1
10499.9,94.6,1
10500.0,143.2,1
10500.2,121.1,1
10500.3,128.3,1
10505.4,122.6,1
10505.6,140.8,1
10505.7,114.6,1
10505.8,132.1,1
10505.9,130.7,1
10511.0,77.1,1
10511.1,120.2,1
10511.3,136.0,1
10511.4,128.4,1
10511.5,78.3,1
10516.6,116.8,1
10516.7,97.2,1
10516.8,76.8,1
10516.9,105.1,1
10517.0,84.2,1
10522.0,74.5,1
10522.2,125.9,1
10522.3,130.7,1
10522.4,75.0,1
10522.5,111.8,1
10527.6,73.8,1
10527.7,121.5,1
10527.8,125.9,1
10527.9,101.2,1
10528.0,118.6,1
10533.1,96.6,1
10533.3,121.6,1
10533.4,120.2,1
10533.5,114.9,1
10533.7,161.5,1
10538.7,75.6,1
10538.8,112.2,1
10539.0,114.4,1
10539.1,102.4,1
10539.2,143.5,1
10544.3,87.6,1
10544.4,135.1,1
10544.6,129.0,1
10544.7,120.7,1
10544.8,104.1,1
10549.9,111.1,1
10550.0,124.6,1
10550.2,139.6,1
10550.3,93.8,1
10550.4,101.0,1
10555.5,130.6,1
10555.6,111.4,1
10555.7,94.8,1
10555.8,89.8,1
10555.9,84.1,1
10561.0,77.9,1
10561.0,75.9,1
10561.1,115.0,1
10561.3,120.7,1
10561.4,104.4,1
10566.5,111.4,1
10566.6,81.5,1
10566.6,73.2,1
10566.8,115.5,1
10566.9,122.6,1
10572.0,139.3,1
10572.1,104.2,1
10572.3,130.1,1
10572.4,129.9,1
10572.5,85.6,1
10577.6,120.4,1
10577.7,116.1,1
10577.8,100.3,1
10577.9,125.7,1
10578.1,147.9,1
10583.2,110.1,1
10583.3,116.3,1
10583.4,99.3,1
10583.5,128.6,1
10583.6,98.0,1
10588.7,80.2,1
10588.8,110.5,1
10589.0,129.6,1
10589.1,125.4,1
10589.2,148.6,1
10594.4,137.9,1
10594.5,115.9,1
10594.6,111.1,1
10594.7,123.3,1
10594.9,156.6,1
10600.0,116.0,1
10600.1,88.2,1
10600.2,94.3,1
10600.3,119.5,1
10600.5,147.4,1
10605.6,144.1,1
10605.7,99.8,1
10605.8,129.5,1
10606.0,125.8,1
10606.1,106.1,1
10611.2,111.1,1
10611.3,85.9,1
10611.4,93.5,1
10611.5,106.8,1
10611.5,72.6,1
10616.6,74.6,1
10616.7,73.9,1
10616.8,114.3,1
10616.9,81.7,1
10617.0,134.2,1
10622.2,139.0,1
10622.3,107.3,1
10622.4,91.4,1
10622.5,111.0,1
10622.6,115.4,1
10627.7,76.8,1
10627.8,134.2,1
10628.0,144.6,1
10628.1,132.8,1
10628.2,113.9,1
10633.3,70.8,1
10633.4,109.2,1
10633.5,138.3,1
10633.7,124.2,1
10633.8,124.0,1
10638.9,86.2,1
10639.0,105.5,1
10639.1,129.3,1
10639.2,110.0,1
10639.3,95.1,1
10644.4,76.3,1
10644.5,87.7,1
10644.6,126.3,1
10644.7,130.6,1
10644.8,98.3,1
10650.0,133.3,1
10650.1,136.6,1
10650.2,87.8,1
10650.3,77.9,1
10650.4,138.7,1
10655.5,115.0,1
10655.6,71.8,1
10655.7,111.0,1
10655.9,140.3,1
10656.0,131.0,1
10661.1,129.1,1
10661.2,121.4,1
10661.3,80.7,1
10661.4,73.6,1
10661.5,74.5,1
10666.6,147.0,1
10666.7,123.5,1
10666.9,170.9,1
10667.1,140.0,1
10667.2,149.3,1
10672.3,110.3,1
10672.4,107.3,1
10672.6,137.6,1
10672.7,117.4,1
10672.8,136.2,1
10677.9,116.8,1
10678.1,134.3,1
10678.2,148.2,1
10678.4,141.4,1
10678.5,136.6,1
10683.7,163.3,1
10683.8,145.1,1
10684.0,152.9,1
10684.1,143.0,1
10684.2,140.6,1
10689.3,74.1,1
10689.4,84.6,1
10689.5,130.5,1
10689.7,144.6,1
10689.8,118.5,1
10694.9,104.6,1
10695.0,112.5,1
10695.1,106.1,1
10695.2,91.2,1
10695.3,108.6,1
10700.5,141.7,1
10700.6,123.7,1
10700.7,140.1,1
10700.8,84.6,1
10700.9,113.4,1
10706.0,73.0,1
10706.1,99.3,1
10706.2,70.8,1
10706.3,99.8,1
10706.4,141.8,1
10711.6,126.1,1
10711.7,110.8,1
10711.8,113.0,1
10711.9,128.5,1
10712.0,133.8,1
10717.1,73.3,1
10717.2,87.9,1
10717.3,107.8,1
10717.5,136.3,1
10717.6,127.9,1
10722.7,118.2,1
10722.8,77.9,1
10722.9,104.7,1
10723.0,153.9,1
10723.2,126.6,1
10728.3,90.4,1
10728.4,123.7,1
10728.5,108.5,1
10728.6,132.5,1
10728.8,147.2,1
10733.9,113.8,1
10734.0,84.4,1
10734.0,74.1,1
10734.1,75.0,1
10734.2,125.8,1
10739.4,114.6,1
10739.5,132.4,1
10739.6,96.0,1
10739.7,130.0,1
10739.8,120.7,1
10745.0,118.1,1
10745.1,127.9,1
10745.2,141.9,1
10745.3,108.8,1
10745.5,107.8,1
10750.6,100.9,1
10750.6,85.1,1
10750.7,82.0,1
10750.9,141.6,1
10750.9,78.2,1
10756.1,122.9,1
10756.2,113.5,1
10756.3,119.4,1
10756.4,122.4,1
10756.6,127.4,1
10761.7,128.2,1
10761.8,96.8,1
10761.9,87.6,1
10762.0,118.7,1
10762.1,103.6,1
10767.2,111.9,1
10767.3,130.3,1
10767.5,145.1,1
10767.6,98.6,1
10767.7,141.8,1
10772.8,110.0,1
10772.9,102.9,1
10773.1,135.7,1
10773.2,107.2,1
10773.3,99.9,1
10778.4,105.2,1
10778.5,102.0,1
10778.6,136.0,1
10778.8,128.5,1
10778.9,138.6,1
10784.0,73.9,1
10784.1,148.0,1
10784.2,102.7,1
10784.4,149.7,1
10784.5,116.3,1
10789.6,86.2,1
10789.7,143.4,1
10789.8,75.7,1
10789.9,97.0,1
10790.0,79.9,1
10795.1,101.3,1
10795.2,91.5,1
10795.3,85.4,1
10795.4,100.5,1
10795.5,96.4,1
