timestamp,elapsed_seconds,nodes_ready,nodes_total,alloc_cpu_m,req_cpu_m,used_cpu_m,pods_pending,hpa_count,hpa_current_replicas,hpa_desired_replicas,power_w
2026-10-08T10:25:49Z,0,6,6,48000,2250,283,0,1,3,3,603.0
2026-10-08T10:26:05Z,16,6,6,48000,2250,312,0,1,3,3,603.0
2026-10-08T10:26:20Z,32,6,6,48000,2250,326,0,1,3,3,604.5
2026-10-08T10:26:36Z,47,6,6,48000,2250,355,0,1,3,3,604.5
2026-10-08T10:26:51Z,63,6,6,48000,2250,562,0,1,3,3,609.0
2026-10-08T10:27:07Z,78,6,6,48000,2650,768,0,1,3,5,612.0
2026-10-08T10:27:23Z,94,6,6,48000,2650,1659,0,1,5,6,627.0
2026-10-08T10:27:38Z,110,6,6,48000,2850,1048,0,1,6,6,616.5
2026-10-08T10:27:54Z,125,6,6,48000,2850,1117,4,1,6,10,618.0
2026-10-08T10:28:10Z,141,6,6,48000,3650,938,0,1,10,10,612.0
2026-10-08T10:28:25Z,157,6,6,48000,3650,883,0,1,10,10,612.0
2026-10-08T10:28:41Z,172,6,6,48000,3650,738,0,1,10,10,607.5
2026-10-08T10:28:56Z,188,6,6,48000,3650,796,0,1,10,10,610.5
2026-10-08T10:29:12Z,203,6,6,48000,3650,940,0,1,10,10,613.5
2026-10-08T10:29:28Z,219,6,6,48000,3650,1076,0,1,10,10,615.0
2026-10-08T10:29:43Z,235,6,6,48000,3650,1130,0,1,10,10,615.0
2026-10-08T10:29:59Z,250,6,6,48000,3650,1375,0,1,10,10,621.0
2026-10-08T10:30:14Z,266,6,6,48000,3650,1376,0,1,10,10,621.0
2026-10-08T10:30:30Z,281,6,6,48000,3650,1549,0,1,10,10,624.0
2026-10-08T10:30:46Z,297,6,6,48000,3650,1647,0,1,10,10,625.5
2026-10-08T10:31:01Z,313,6,6,48000,3650,1674,0,1,10,10,628.5
2026-10-08T10:31:17Z,328,6,6,48000,3650,1606,0,1,10,10,625.5
2026-10-08T10:31:32Z,344,6,6,48000,3650,1369,0,1,10,10,619.5
2026-10-08T10:31:48Z,359,6,6,48000,3650,1372,0,1,10,10,624.0
2026-10-08T10:32:04Z,375,6,6,48000,3650,1304,0,1,10,10,621.0
2026-10-08T10:32:19Z,391,6,6,48000,3650,1422,0,1,10,10,622.5
2026-10-08T10:32:35Z,406,6,6,48000,3650,1417,0,1,10,10,621.0
2026-10-08T10:32:51Z,422,6,6,48000,3650,1641,0,1,10,10,628.5
2026-10-08T10:33:06Z,438,6,6,48000,3650,1619,0,1,10,10,625.5
2026-10-08T10:33:22Z,453,6,6,48000,3650,1766,0,1,10,10,630.0
2026-10-08T10:33:37Z,469,6,6,48000,3650,1887,0,1,10,10,631.5
2026-10-08T10:33:53Z,484,6,6,48000,3650,1873,0,1,10,10,631.5
2026-10-08T10:34:09Z,500,6,6,48000,3650,2278,0,1,10,10,639.0
2026-10-08T10:34:24Z,516,6,6,48000,3650,2223,0,1,10,10,637.5
2026-10-08T10:34:40Z,531,6,6,48000,3650,2210,0,1,10,10,636.0
2026-10-08T10:34:56Z,547,6,6,48000,3650,2199,0,1,10,10,636.0
2026-10-08T10:35:11Z,563,6,6,48000,3650,2002,0,1,10,10,633.0
2026-10-08T10:35:27Z,578,6,6,48000,3650,1860,0,1,10,10,631.5
2026-10-08T10:35:43Z,594,6,6,48000,3650,1776,0,1,10,10,631.5
2026-10-08T10:35:58Z,610,6,6,48000,3650,1626,0,1,10,10,627.0
2026-10-08T10:36:14Z,625,6,6,48000,3650,1635,0,1,10,10,625.5
2026-10-08T10:36:30Z,641,6,6,48000,3650,1362,0,1,10,10,621.0
2026-10-08T10:36:45Z,657,6,6,48000,3650,1376,0,1,10,10,621.0
2026-10-08T10:37:01Z,672,6,6,48000,3650,1187,0,1,10,10,618.0
2026-10-08T10:37:16Z,688,6,6,48000,3650,1084,0,1,10,10,615.0
2026-10-08T10:37:32Z,703,6,6,48000,3650,981,0,1,10,10,615.0
2026-10-08T10:37:48Z,719,6,6,48000,3650,1099,0,1,10,10,618.0
2026-10-08T10:38:03Z,735,6,6,48000,3650,1084,0,1,10,10,616.5
2026-10-08T10:38:19Z,750,6,6,48000,3650,1096,0,1,10,10,616.5
2026-10-08T10:38:34Z,766,6,6,48000,3650,977,0,1,10,10,615.0
2026-10-08T10:38:50Z,781,6,6,48000,3650,847,0,1,10,10,612.0
2026-10-08T10:39:06Z,797,6,6,48000,3650,824,0,1,10,10,613.5
2026-10-08T10:39:21Z,813,6,6,48000,3650,587,0,1,10,10,606.0
2026-10-08T10:39:37Z,828,6,6,48000,3650,561,0,1,10,10,606.0
2026-10-08T10:39:52Z,844,6,6,48000,3650,429,0,1,10,10,604.5
2026-10-08T10:40:08Z,859,6,6,48000,3650,559,0,1,10,10,606.0
2026-10-08T10:40:23Z,875,6,6,48000,3650,557,0,1,10,10,606.0
2026-10-08T10:40:39Z,890,6,6,48000,3650,559,0,1,10,10,606.0
2026-10-08T10:40:55Z,906,6,6,48000,3650,550,0,1,10,10,607.5
2026-10-08T10:41:10Z,922,6,6,48000,3650,406,0,1,10,10,604.5
2026-10-08T10:41:26Z,937,6,6,48000,3650,338,0,1,10,10,600.0
2026-10-08T10:41:41Z,953,6,6,48000,3650,350,0,1,10,10,601.5
2026-10-08T10:41:57Z,968,6,6,48000,3650,562,0,1,10,10,606.0
2026-10-08T10:42:13Z,984,6,6,48000,3650,565,0,1,10,10,606.0
2026-10-08T10:42:28Z,1000,6,6,48000,3650,698,0,1,10,10,609.0
2026-10-08T10:42:44Z,1015,6,6,48000,3650,784,0,1,10,10,610.5
2026-10-08T10:42:59Z,1031,6,6,48000,3650,770,0,1,10,10,609.0
2026-10-08T10:43:15Z,1046,6,6,48000,3650,792,1,1,10,10,609.0
2026-10-08T10:43:30Z,1062,6,6,48000,3650,792,0,1,10,10,610.5
2026-10-08T10:43:46Z,1077,6,6,48000,3250,731,0,1,10,8,609.0
2026-10-08T10:44:02Z,1093,6,6,48000,3250,936,0,1,8,8,612.0
2026-10-08T10:44:17Z,1109,6,6,48000,3250,1065,0,1,8,8,613.5
2026-10-08T10:44:33Z,1124,6,6,48000,3650,1120,0,1,8,10,616.5
2026-10-08T10:44:48Z,1140,6,6,48000,3650,1319,0,1,10,10,619.5
2026-10-08T10:45:04Z,1155,6,6,48000,3650,1297,0,1,10,10,619.5
2026-10-08T10:45:20Z,1171,6,6,48000,3650,1434,0,1,10,10,621.0
2026-10-08T10:45:35Z,1187,6,6,48000,3650,1559,0,1,10,10,624.0
2026-10-08T10:45:51Z,1202,6,6,48000,3650,1610,0,1,10,10,625.5
2026-10-08T10:46:07Z,1218,6,6,48000,3650,1609,0,1,10,10,624.0
2026-10-08T10:46:22Z,1234,6,6,48000,3650,1603,0,1,10,10,624.0
2026-10-08T10:46:38Z,1249,6,6,48000,3650,1364,0,1,10,10,621.0
2026-10-08T10:46:53Z,1265,6,6,48000,3650,1333,0,1,10,10,621.0
2026-10-08T10:47:09Z,1280,6,6,48000,3650,1297,0,1,10,10,619.5
2026-10-08T10:47:25Z,1296,6,6,48000,3650,1340,0,1,10,10,619.5
2026-10-08T10:47:40Z,1312,6,6,48000,3650,1352,0,1,10,10,621.0
2026-10-08T10:47:56Z,1327,6,6,48000,3650,1598,0,1,10,10,624.0
2026-10-08T10:48:11Z,1343,6,6,48000,3650,1596,0,1,10,10,627.0
2026-10-08T10:48:27Z,1358,6,6,48000,3650,1778,0,1,10,10,627.0
2026-10-08T10:48:43Z,1374,6,6,48000,3650,1914,0,1,10,10,631.5
2026-10-08T10:48:58Z,1390,6,6,48000,3650,1940,0,1,10,10,633.0
2026-10-08T10:49:14Z,1405,6,6,48000,3650,2269,0,1,10,10,637.5
2026-10-08T10:49:30Z,1421,6,6,48000,3650,2273,0,1,10,10,637.5
2026-10-08T10:49:45Z,1437,6,6,48000,3650,2290,0,1,10,10,637.5
2026-10-08T10:50:01Z,1452,6,6,48000,3650,2234,0,1,10,10,637.5
2026-10-08T10:50:17Z,1468,6,6,48000,3650,1972,0,1,10,10,633.0
2026-10-08T10:50:32Z,1484,6,6,48000,3650,1772,0,1,10,10,631.5
2026-10-08T10:50:48Z,1499,6,6,48000,3650,1648,0,1,10,10,625.5
2026-10-08T10:51:04Z,1515,6,6,48000,3650,1627,0,1,10,10,628.5
2026-10-08T10:51:19Z,1531,6,6,48000,3650,1401,0,1,10,10,621.0
2026-10-08T10:51:35Z,1546,6,6,48000,3650,1347,0,1,10,10,621.0
2026-10-08T10:51:50Z,1562,6,6,48000,3650,1200,0,1,10,10,618.0
2026-10-08T10:52:06Z,1577,6,6,48000,3650,1098,0,1,10,10,616.5
2026-10-08T10:52:22Z,1593,6,6,48000,3650,1111,0,1,10,10,616.5
2026-10-08T10:52:37Z,1609,6,6,48000,3650,1001,0,1,10,10,615.0
2026-10-08T10:52:53Z,1624,6,6,48000,3650,1067,0,1,10,10,616.5
2026-10-08T10:53:08Z,1640,6,6,48000,3650,1091,0,1,10,10,615.0
2026-10-08T10:53:24Z,1655,6,6,48000,3650,1053,0,1,10,10,615.0
2026-10-08T10:53:40Z,1671,6,6,48000,3650,989,0,1,10,10,615.0
2026-10-08T10:53:55Z,1687,6,6,48000,3650,836,0,1,10,10,612.0
2026-10-08T10:54:11Z,1702,6,6,48000,3650,837,0,1,10,10,610.5
2026-10-08T10:54:26Z,1718,6,6,48000,3650,604,0,1,10,10,606.0
2026-10-08T10:54:42Z,1733,6,6,48000,3650,603,0,1,10,10,606.0
2026-10-08T10:54:58Z,1749,6,6,48000,3650,451,0,1,10,10,603.0
2026-10-08T10:55:13Z,1765,6,6,48000,3650,563,0,1,10,10,606.0
2026-10-08T10:55:29Z,1780,6,6,48000,3650,558,0,1,10,10,606.0
2026-10-08T10:55:44Z,1796,6,6,48000,3650,577,0,1,10,10,606.0
2026-10-08T10:56:00Z,1811,6,6,48000,3650,577,0,1,10,10,607.5
2026-10-08T10:56:15Z,1827,6,6,48000,3650,422,0,1,10,10,603.0
2026-10-08T10:56:31Z,1842,6,6,48000,3650,344,0,1,10,10,600.0
2026-10-08T10:56:47Z,1858,6,6,48000,3650,567,0,1,10,10,607.5
2026-10-08T10:57:02Z,1874,6,6,48000,3650,568,0,1,10,10,606.0
2026-10-08T10:57:18Z,1889,6,6,48000,3650,697,0,1,10,10,607.5
2026-10-08T10:57:33Z,1905,6,6,48000,3650,825,0,1,10,10,612.0
2026-10-08T10:57:49Z,1920,6,6,48000,3650,846,0,1,10,10,613.5
2026-10-08T10:58:05Z,1936,6,6,48000,3650,855,0,1,10,10,615.0
2026-10-08T10:58:20Z,1952,6,6,48000,3650,872,0,1,10,10,613.5
2026-10-08T10:58:36Z,1967,6,6,48000,3650,742,0,1,10,10,606.0
2026-10-08T10:58:51Z,1983,6,6,48000,3250,827,0,1,10,8,610.5
2026-10-08T10:59:07Z,1998,6,6,48000,3250,921,0,1,8,8,612.0
2026-10-08T10:59:23Z,2014,6,6,48000,3250,1055,0,1,8,8,615.0
2026-10-08T10:59:38Z,2030,6,6,48000,3450,1108,0,1,8,9,615.0
2026-10-08T10:59:54Z,2045,6,6,48000,3650,1355,0,1,9,10,621.0
2026-10-08T11:00:09Z,2061,6,6,48000,3650,1395,0,1,10,10,622.5
2026-10-08T11:00:25Z,2076,6,6,48000,3650,1487,0,1,10,10,624.0
2026-10-08T11:00:41Z,2092,6,6,48000,3650,1638,0,1,10,10,625.5
2026-10-08T11:00:56Z,2108,6,6,48000,3650,1604,0,1,10,10,624.0
2026-10-08T11:01:12Z,2123,6,6,48000,3650,1596,0,1,10,10,627.0
2026-10-08T11:01:28Z,2139,6,6,48000,3650,1624,0,1,10,10,625.5
2026-10-08T11:01:43Z,2155,6,6,48000,3650,1348,0,1,10,10,621.0
2026-10-08T11:01:59Z,2170,6,6,48000,3650,1370,0,1,10,10,621.0
2026-10-08T11:02:14Z,2186,6,6,48000,3650,1324,0,1,10,10,621.0
2026-10-08T11:02:30Z,2201,6,6,48000,3650,1360,0,1,10,10,619.5
2026-10-08T11:02:46Z,2217,6,6,48000,3650,1391,0,1,10,10,621.0
2026-10-08T11:03:01Z,2233,6,6,48000,3650,1587,0,1,10,10,627.0
2026-10-08T11:03:17Z,2248,6,6,48000,3650,1869,0,1,10,10,633.0
2026-10-08T11:03:33Z,2264,6,6,48000,3650,1966,0,1,10,10,630.0
2026-10-08T11:03:48Z,2280,6,6,48000,3650,1978,0,1,10,10,633.0
2026-10-08T11:04:04Z,2295,6,6,48000,3650,2283,0,1,10,10,639.0
2026-10-08T11:04:20Z,2311,6,6,48000,3650,2296,0,1,10,10,636.0
2026-10-08T11:04:35Z,2327,6,6,48000,3650,2281,0,1,10,10,637.5
2026-10-08T11:04:51Z,2342,6,6,48000,3650,2272,0,1,10,10,639.0
2026-10-08T11:05:07Z,2358,6,6,48000,3650,2081,0,1,10,10,634.5
2026-10-08T11:05:22Z,2374,6,6,48000,3650,1995,0,1,10,10,633.0
2026-10-08T11:05:38Z,2389,6,6,48000,3650,1852,0,1,10,10,630.0
2026-10-08T11:05:54Z,2405,6,6,48000,3650,1634,0,1,10,10,627.0
2026-10-08T11:06:09Z,2421,6,6,48000,3650,1646,0,1,10,10,627.0
2026-10-08T11:06:25Z,2436,6,6,48000,3650,1381,0,1,10,10,622.5
2026-10-08T11:06:41Z,2452,6,6,48000,3650,1365,0,1,10,10,621.0
2026-10-08T11:06:56Z,2468,6,6,48000,3650,1233,0,1,10,10,618.0
2026-10-08T11:07:12Z,2483,6,6,48000,3650,1085,0,1,10,10,615.0
2026-10-08T11:07:27Z,2499,6,6,48000,3650,1084,0,1,10,10,615.0
2026-10-08T11:07:43Z,2514,6,6,48000,3650,983,0,1,10,10,615.0
2026-10-08T11:07:59Z,2530,6,6,48000,3650,1073,0,1,10,10,615.0
2026-10-08T11:08:14Z,2546,6,6,48000,3650,1146,0,1,10,10,618.0
2026-10-08T11:08:30Z,2561,6,6,48000,3650,1162,0,1,10,10,616.5
2026-10-08T11:08:45Z,2577,6,6,48000,3650,993,0,1,10,10,615.0
2026-10-08T11:09:01Z,2592,6,6,48000,3650,865,0,1,10,10,612.0
2026-10-08T11:09:17Z,2608,6,6,48000,3650,615,0,1,10,10,606.0
2026-10-08T11:09:32Z,2624,6,6,48000,3650,608,0,1,10,10,606.0
2026-10-08T11:09:48Z,2639,6,6,48000,3650,465,0,1,10,10,604.5
2026-10-08T11:10:03Z,2655,6,6,48000,3650,576,0,1,10,10,606.0
2026-10-08T11:10:19Z,2670,6,6,48000,3650,584,0,1,10,10,604.5
2026-10-08T11:10:35Z,2686,6,6,48000,3650,592,0,1,10,10,606.0
2026-10-08T11:10:50Z,2702,6,6,48000,3650,626,0,1,10,10,606.0
2026-10-08T11:11:06Z,2717,6,6,48000,3650,435,0,1,10,10,603.0
2026-10-08T11:11:21Z,2733,6,6,48000,3650,342,0,1,10,10,603.0
2026-10-08T11:11:37Z,2748,6,6,48000,3650,343,0,1,10,10,600.0
2026-10-08T11:11:53Z,2764,6,6,48000,3650,566,0,1,10,10,606.0
2026-10-08T11:12:08Z,2780,6,6,48000,3650,579,0,1,10,10,606.0
2026-10-08T11:12:24Z,2795,6,6,48000,3650,646,0,1,10,10,607.5
2026-10-08T11:12:39Z,2811,6,6,48000,3650,793,0,1,10,10,609.0
2026-10-08T11:12:55Z,2826,6,6,48000,3650,809,0,1,10,10,612.0
2026-10-08T11:13:11Z,2842,6,6,48000,3650,798,0,1,10,10,609.0
2026-10-08T11:13:26Z,2858,6,6,48000,3650,798,0,1,10,10,610.5
2026-10-08T11:13:42Z,2873,6,6,48000,3650,748,0,1,10,8,609.0
2026-10-08T11:13:57Z,2889,6,6,48000,3250,845,0,1,8,8,612.0
2026-10-08T11:14:13Z,2904,6,6,48000,3250,954,0,1,8,8,613.5
2026-10-08T11:14:29Z,2920,6,6,48000,3650,1113,0,1,8,10,615.0
2026-10-08T11:14:44Z,2936,6,6,48000,3650,1146,0,1,10,10,618.0
2026-10-08T11:15:00Z,2951,6,6,48000,3650,1371,0,1,10,10,621.0
2026-10-08T11:15:16Z,2967,6,6,48000,3650,1380,0,1,10,10,621.0
2026-10-08T11:15:31Z,2983,6,6,48000,3650,1479,0,1,10,10,627.0
2026-10-08T11:15:47Z,2998,6,6,48000,3650,1674,0,1,10,10,627.0
2026-10-08T11:16:02Z,3014,6,6,48000,3650,1643,0,1,10,10,627.0
2026-10-08T11:16:18Z,3029,6,6,48000,3650,1627,0,1,10,10,625.5
2026-10-08T11:16:34Z,3045,6,6,48000,3650,1327,0,1,10,10,621.0
2026-10-08T11:16:49Z,3061,6,6,48000,3650,1349,0,1,10,10,621.0
2026-10-08T11:17:05Z,3076,6,6,48000,3650,1261,0,1,10,10,619.5
2026-10-08T11:17:21Z,3092,6,6,48000,3650,1387,0,1,10,10,622.5
2026-10-08T11:17:36Z,3108,6,6,48000,3650,1344,0,1,10,10,619.5
2026-10-08T11:17:52Z,3123,6,6,48000,3650,1637,0,1,10,10,627.0
2026-10-08T11:18:08Z,3139,6,6,48000,3650,1660,0,1,10,10,628.5
2026-10-08T11:18:23Z,3155,6,6,48000,3650,1861,0,1,10,10,631.5
2026-10-08T11:18:39Z,3170,6,6,48000,3650,1978,0,1,10,10,633.0
2026-10-08T11:18:55Z,3186,6,6,48000,3650,1964,0,1,10,10,633.0
2026-10-08T11:19:10Z,3202,6,6,48000,3650,2265,0,1,10,10,640.5
2026-10-08T11:19:26Z,3217,6,6,48000,3650,2339,0,1,10,10,637.5
2026-10-08T11:19:42Z,3233,6,6,48000,3650,2210,0,1,10,10,636.0
2026-10-08T11:19:57Z,3249,6,6,48000,3650,2319,0,1,10,10,640.5
2026-10-08T11:20:13Z,3264,6,6,48000,3650,2122,0,1,10,10,636.0
2026-10-08T11:20:28Z,3280,6,6,48000,3650,1945,0,1,10,10,631.5
2026-10-08T11:20:44Z,3295,6,6,48000,3650,1853,0,1,10,10,631.5
2026-10-08T11:21:00Z,3311,6,6,48000,3650,1661,0,1,10,10,625.5
2026-10-08T11:21:15Z,3327,6,6,48000,3650,1602,0,1,10,10,625.5
2026-10-08T11:21:31Z,3342,6,6,48000,3650,1386,0,1,10,10,621.0
2026-10-08T11:21:47Z,3358,6,6,48000,3650,1221,0,1,10,10,618.0
2026-10-08T11:22:02Z,3374,6,6,48000,3650,1112,0,1,10,10,616.5
2026-10-08T11:22:18Z,3389,6,6,48000,3650,1094,0,1,10,10,616.5
2026-10-08T11:22:33Z,3405,6,6,48000,3650,1021,0,1,10,10,615.0
2026-10-08T11:22:49Z,3420,6,6,48000,3650,1129,0,1,10,10,615.0
2026-10-08T11:23:05Z,3436,6,6,48000,3650,1122,0,1,10,10,615.0
2026-10-08T11:23:20Z,3452,6,6,48000,3650,1155,0,1,10,10,616.5
2026-10-08T11:23:36Z,3467,6,6,48000,3650,1025,0,1,10,10,615.0
2026-10-08T11:23:52Z,3483,6,6,48000,3650,851,0,1,10,10,610.5
2026-10-08T11:24:07Z,3499,6,6,48000,3650,821,0,1,10,10,612.0
2026-10-08T11:24:23Z,3514,6,6,48000,3650,570,0,1,10,10,606.0
2026-10-08T11:24:38Z,3530,6,6,48000,3650,568,0,1,10,10,606.0
2026-10-08T11:24:54Z,3545,6,6,48000,3650,454,0,1,10,10,604.5
2026-10-08T11:25:10Z,3561,6,6,48000,3650,553,0,1,10,10,606.0
2026-10-08T11:25:25Z,3577,6,6,48000,3650,578,0,1,10,10,606.0
2026-10-08T11:25:41Z,3592,6,6,48000,3650,574,0,1,10,10,606.0
2026-10-08T11:25:56Z,3608,6,6,48000,3650,564,0,1,10,10,606.0
2026-10-08T11:26:12Z,3623,6,6,48000,3650,436,0,1,10,10,604.5
2026-10-08T11:26:28Z,3639,6,6,48000,3650,351,0,1,10,10,600.0
2026-10-08T11:26:43Z,3655,6,6,48000,3650,335,0,1,10,10,600.0
2026-10-08T11:26:59Z,3670,6,6,48000,3650,575,0,1,10,10,607.5
2026-10-08T11:27:14Z,3686,6,6,48000,3650,568,0,1,10,10,606.0
2026-10-08T11:27:30Z,3701,6,6,48000,3650,675,0,1,10,10,607.5
2026-10-08T11:27:46Z,3717,6,6,48000,3650,837,0,1,10,10,610.5
2026-10-08T11:28:01Z,3733,6,6,48000,3650,858,0,1,10,10,612.0
2026-10-08T11:28:17Z,3748,6,6,48000,3650,873,0,1,10,10,613.5
2026-10-08T11:28:32Z,3764,6,6,48000,3650,764,0,1,10,10,609.0
2026-10-08T11:28:48Z,3779,6,6,48000,3250,852,0,1,10,8,610.5
2026-10-08T11:29:04Z,3795,6,6,48000,3250,941,0,1,8,8,613.5
2026-10-08T11:29:19Z,3811,6,6,48000,3250,1163,0,1,8,8,615.0
2026-10-08T11:29:35Z,3826,6,6,48000,3650,1166,0,1,8,10,618.0
2026-10-08T11:29:51Z,3842,6,6,48000,3650,1330,0,1,10,10,619.5
2026-10-08T11:30:06Z,3858,6,6,48000,3650,1333,0,1,10,10,622.5
2026-10-08T11:30:22Z,3873,6,6,48000,3650,1475,0,1,10,10,624.0
2026-10-08T11:30:37Z,3889,6,6,48000,3650,1613,0,1,10,10,625.5
2026-10-08T11:30:53Z,3904,6,6,48000,3650,1616,0,1,10,10,624.0
2026-10-08T11:31:09Z,3920,6,6,48000,3650,1632,0,1,10,10,628.5
2026-10-08T11:31:24Z,3936,6,6,48000,3650,1714,0,1,10,10,627.0
2026-10-08T11:31:40Z,3951,6,6,48000,3650,1382,0,1,10,10,621.0
2026-10-08T11:31:56Z,3967,6,6,48000,3650,1430,0,1,10,10,622.5
2026-10-08T11:32:11Z,3983,6,6,48000,3650,1294,0,1,10,10,621.0
2026-10-08T11:32:27Z,3998,6,6,48000,3650,1332,0,1,10,10,619.5
2026-10-08T11:32:42Z,4014,6,6,48000,3650,1364,0,1,10,10,621.0
2026-10-08T11:32:58Z,4029,6,6,48000,3650,1625,0,1,10,10,625.5
2026-10-08T11:33:14Z,4045,6,6,48000,3650,1639,0,1,10,10,627.0
2026-10-08T11:33:29Z,4061,6,6,48000,3650,1742,0,1,10,10,628.5
2026-10-08T11:33:45Z,4076,6,6,48000,3650,1950,0,1,10,10,631.5
2026-10-08T11:34:01Z,4092,6,6,48000,3650,1955,0,1,10,10,631.5
2026-10-08T11:34:16Z,4108,6,6,48000,3650,2251,0,1,10,10,637.5
2026-10-08T11:34:32Z,4123,6,6,48000,3650,2263,0,1,10,10,637.5
2026-10-08T11:34:48Z,4139,6,6,48000,3650,2304,0,1,10,10,639.0
2026-10-08T11:35:03Z,4155,6,6,48000,3650,2022,0,1,10,10,634.5
2026-10-08T11:35:19Z,4170,6,6,48000,3650,1936,0,1,10,10,631.5
2026-10-08T11:35:35Z,4186,6,6,48000,3650,1846,0,1,10,10,631.5
2026-10-08T11:35:50Z,4202,6,6,48000,3650,1605,0,1,10,10,624.0
2026-10-08T11:36:06Z,4217,6,6,48000,3650,1622,0,1,10,10,624.0
2026-10-08T11:36:22Z,4233,6,6,48000,3650,1382,0,1,10,10,621.0
2026-10-08T11:36:37Z,4249,6,6,48000,3650,1344,0,1,10,10,621.0
2026-10-08T11:36:53Z,4264,6,6,48000,3650,1244,0,1,10,10,619.5
2026-10-08T11:37:08Z,4280,6,6,48000,3650,1111,0,1,10,10,616.5
2026-10-08T11:37:24Z,4295,6,6,48000,3650,1145,0,1,10,10,618.0
2026-10-08T11:37:40Z,4311,6,6,48000,3650,1019,0,1,10,10,615.0
2026-10-08T11:37:55Z,4327,6,6,48000,3650,1090,0,1,10,10,616.5
2026-10-08T11:38:11Z,4342,6,6,48000,3650,1106,0,1,10,10,615.0
2026-10-08T11:38:26Z,4358,6,6,48000,3650,1110,0,1,10,10,616.5
2026-10-08T11:38:42Z,4373,6,6,48000,3650,1019,0,1,10,10,615.0
2026-10-08T11:38:58Z,4389,6,6,48000,3650,867,0,1,10,10,613.5
2026-10-08T11:39:13Z,4405,6,6,48000,3650,857,0,1,10,10,613.5
2026-10-08T11:39:29Z,4420,6,6,48000,3650,586,0,1,10,10,606.0
2026-10-08T11:39:44Z,4436,6,6,48000,3650,586,0,1,10,10,606.0
2026-10-08T11:40:00Z,4451,6,6,48000,3650,490,0,1,10,10,603.0
2026-10-08T11:40:16Z,4467,6,6,48000,3650,552,0,1,10,10,606.0
2026-10-08T11:40:31Z,4483,6,6,48000,3650,589,0,1,10,10,606.0
2026-10-08T11:40:47Z,4498,6,6,48000,3650,600,0,1,10,10,606.0
2026-10-08T11:41:02Z,4514,6,6,48000,3650,451,0,1,10,10,604.5
2026-10-08T11:41:18Z,4529,6,6,48000,3650,341,0,1,10,10,601.5
2026-10-08T11:41:33Z,4545,6,6,48000,3650,342,0,1,10,10,600.0
2026-10-08T11:41:49Z,4560,6,6,48000,3650,562,0,1,10,10,606.0
2026-10-08T11:42:05Z,4576,6,6,48000,3650,598,0,1,10,10,606.0
2026-10-08T11:42:20Z,4592,6,6,48000,3650,678,0,1,10,10,607.5
2026-10-08T11:42:36Z,4607,6,6,48000,3650,815,0,1,10,10,610.5
2026-10-08T11:42:51Z,4623,6,6,48000,3650,824,0,1,10,10,609.0
2026-10-08T11:43:07Z,4638,6,6,48000,3650,820,0,1,10,10,612.0
2026-10-08T11:43:23Z,4654,6,6,48000,3650,815,0,1,10,10,610.5
2026-10-08T11:43:38Z,4670,6,6,48000,3650,769,0,1,10,10,609.0
2026-10-08T11:43:54Z,4685,6,6,48000,3450,850,0,1,10,9,612.0
2026-10-08T11:44:10Z,4701,6,6,48000,3250,957,0,1,9,8,613.5
2026-10-08T11:44:25Z,4717,6,6,48000,3250,1190,0,1,8,8,618.0
2026-10-08T11:44:41Z,4732,6,6,48000,3650,1197,0,1,8,10,618.0
2026-10-08T11:44:56Z,4748,6,6,48000,3650,1359,0,1,10,10,621.0
2026-10-08T11:45:12Z,4763,6,6,48000,3650,1333,0,1,10,10,619.5
2026-10-08T11:45:28Z,4779,6,6,48000,3650,1465,0,1,10,10,622.5
2026-10-08T11:45:43Z,4795,6,6,48000,3650,1641,0,1,10,10,627.0
2026-10-08T11:45:59Z,4810,6,6,48000,3650,1645,0,1,10,10,625.5
2026-10-08T11:46:14Z,4826,6,6,48000,3650,1630,0,1,10,10,627.0
2026-10-08T11:46:30Z,4841,6,6,48000,3650,1613,0,1,10,10,627.0
2026-10-08T11:46:46Z,4857,6,6,48000,3650,1458,0,1,10,10,622.5
2026-10-08T11:47:01Z,4873,6,6,48000,3650,1415,0,1,10,10,618.0
2026-10-08T11:47:17Z,4888,6,6,48000,3650,1377,0,1,10,10,622.5
2026-10-08T11:47:33Z,4904,6,6,48000,3650,1356,1,1,10,10,621.0
2026-10-08T11:47:48Z,4920,6,6,48000,3650,1614,0,1,10,10,625.5
2026-10-08T11:48:04Z,4935,6,6,48000,3650,1598,0,1,10,10,625.5
2026-10-08T11:48:19Z,4951,6,6,48000,3650,1749,0,1,10,10,627.0
2026-10-08T11:48:35Z,4966,6,6,48000,3650,1991,0,1,10,10,631.5
2026-10-08T11:48:51Z,4982,6,6,48000,3650,1981,0,1,10,10,631.5
2026-10-08T11:49:06Z,4998,6,6,48000,3650,2261,0,1,10,10,637.5
2026-10-08T11:49:22Z,5013,6,6,48000,3650,2291,0,1,10,10,637.5
2026-10-08T11:49:38Z,5029,6,6,48000,3650,2323,0,1,10,10,639.0
2026-10-08T11:49:53Z,5045,6,6,48000,3650,2297,0,1,10,10,637.5
2026-10-08T11:50:09Z,5060,6,6,48000,3650,2197,0,1,10,10,636.0
2026-10-08T11:50:25Z,5076,6,6,48000,3650,1977,0,1,10,10,631.5
2026-10-08T11:50:40Z,5092,6,6,48000,3650,1914,0,1,10,10,631.5
2026-10-08T11:50:56Z,5107,6,6,48000,3650,1702,0,1,10,10,627.0
2026-10-08T11:51:12Z,5123,6,6,48000,3650,1692,0,1,10,10,628.5
2026-10-08T11:51:27Z,5139,6,6,48000,3650,1427,0,1,10,10,622.5
2026-10-08T11:51:43Z,5154,6,6,48000,3650,1332,0,1,10,10,618.0
2026-10-08T11:51:59Z,5170,6,6,48000,3650,1342,0,1,10,10,621.0
2026-10-08T11:52:14Z,5186,6,6,48000,3650,1084,0,1,10,10,615.0
2026-10-08T11:52:30Z,5201,6,6,48000,3650,1122,0,1,10,10,616.5
2026-10-08T11:52:45Z,5217,6,6,48000,3650,918,0,1,10,10,613.5
2026-10-08T11:53:01Z,5232,6,6,48000,3650,1070,0,1,10,10,615.0
2026-10-08T11:53:17Z,5248,6,6,48000,3650,1121,0,1,10,10,616.5
2026-10-08T11:53:32Z,5264,6,6,48000,3650,1110,0,1,10,10,615.0
2026-10-08T11:53:48Z,5279,6,6,48000,3650,939,0,1,10,10,613.5
2026-10-08T11:54:04Z,5295,6,6,48000,3650,871,0,1,10,10,613.5
2026-10-08T11:54:19Z,5311,6,6,48000,3650,707,0,1,10,10,609.0
2026-10-08T11:54:35Z,5326,6,6,48000,3650,584,0,1,10,10,606.0
2026-10-08T11:54:50Z,5342,6,6,48000,3650,541,0,1,10,10,606.0
2026-10-08T11:55:06Z,5357,6,6,48000,3650,524,0,1,10,10,606.0
2026-10-08T11:55:21Z,5373,6,6,48000,3650,596,0,1,10,10,606.0
2026-10-08T11:55:37Z,5388,6,6,48000,3650,581,0,1,10,10,607.5
2026-10-08T11:55:53Z,5404,6,6,48000,3650,621,0,1,10,10,607.5
2026-10-08T11:56:08Z,5420,6,6,48000,3650,539,0,1,10,10,606.0
2026-10-08T11:56:24Z,5435,6,6,48000,3650,341,0,1,10,10,601.5
2026-10-08T11:56:39Z,5451,6,6,48000,3650,333,0,1,10,10,600.0
2026-10-08T11:56:55Z,5466,6,6,48000,3650,463,0,1,10,10,604.5
2026-10-08T11:57:11Z,5482,6,6,48000,3650,620,0,1,10,10,606.0
2026-10-08T11:57:26Z,5498,6,6,48000,3650,609,0,1,10,10,606.0
2026-10-08T11:57:42Z,5513,6,6,48000,3650,805,0,1,10,10,610.5
2026-10-08T11:57:57Z,5529,6,6,48000,3650,823,0,1,10,10,610.5
2026-10-08T11:58:13Z,5544,6,6,48000,3650,822,0,1,10,10,612.0
2026-10-08T11:58:29Z,5560,6,6,48000,3650,805,0,1,10,10,610.5
2026-10-08T11:58:44Z,5576,6,6,48000,3650,718,0,1,10,9,607.5
2026-10-08T11:59:00Z,5591,6,6,48000,3450,841,0,1,9,8,613.5
2026-10-08T11:59:15Z,5607,6,6,48000,3250,910,0,1,8,8,613.5
2026-10-08T11:59:31Z,5622,6,6,48000,3650,1081,0,1,8,10,615.0
2026-10-08T11:59:47Z,5638,6,6,48000,3650,1238,0,1,10,10,618.0
2026-10-08T12:00:02Z,5654,6,6,48000,3650,1341,0,1,10,10,619.5
2026-10-08T12:00:18Z,5669,6,6,48000,3650,1384,0,1,10,10,622.5
2026-10-08T12:00:33Z,5685,6,6,48000,3650,1580,0,1,10,10,625.5
2026-10-08T12:00:49Z,5700,6,6,48000,3650,1621,0,1,10,10,625.5
2026-10-08T12:01:05Z,5716,6,6,48000,3650,1600,0,1,10,10,627.0
2026-10-08T12:01:20Z,5732,6,6,48000,3650,1641,0,1,10,10,627.0
2026-10-08T12:01:36Z,5747,6,6,48000,3650,1447,0,1,10,10,621.0
2026-10-08T12:01:52Z,5763,6,6,48000,3650,1331,0,1,10,10,621.0
2026-10-08T12:02:07Z,5779,6,6,48000,3650,1324,0,1,10,10,621.0
2026-10-08T12:02:23Z,5794,6,6,48000,3650,1286,0,1,10,10,618.0
2026-10-08T12:02:39Z,5810,6,6,48000,3650,1351,0,1,10,10,619.5
2026-10-08T12:02:54Z,5826,6,6,48000,3650,1435,0,1,10,10,622.5
2026-10-08T12:03:10Z,5841,6,6,48000,3650,1627,1,1,10,10,625.5
2026-10-08T12:03:25Z,5857,6,6,48000,3650,1665,0,1,10,10,627.0
2026-10-08T12:03:41Z,5872,6,6,48000,3650,1869,0,1,10,10,630.0
2026-10-08T12:03:57Z,5888,6,6,48000,3650,1930,0,1,10,10,631.5
2026-10-08T12:04:12Z,5904,6,6,48000,3650,2167,0,1,10,10,634.5
2026-10-08T12:04:28Z,5919,6,6,48000,3650,2265,0,1,10,10,637.5
2026-10-08T12:04:44Z,5935,6,6,48000,3650,2250,0,1,10,10,636.0
2026-10-08T12:05:00Z,5951,6,6,48000,3650,2244,0,1,10,10,639.0
2026-10-08T12:05:15Z,5967,6,6,48000,3650,2298,0,1,10,10,639.0
2026-10-08T12:05:31Z,5982,6,6,48000,3650,1920,0,1,10,10,631.5
2026-10-08T12:05:46Z,5998,6,6,48000,3650,1676,0,1,10,10,628.5
2026-10-08T12:06:02Z,6013,6,6,48000,3650,1579,0,1,10,10,625.5
2026-10-08T12:06:18Z,6029,6,6,48000,3650,1490,0,1,10,10,622.5
2026-10-08T12:06:33Z,6045,6,6,48000,3650,1317,0,1,10,10,621.0
2026-10-08T12:06:49Z,6060,6,6,48000,3650,1323,0,1,10,10,619.5
2026-10-08T12:07:05Z,6076,6,6,48000,3650,1093,0,1,10,10,616.5
2026-10-08T12:07:20Z,6092,6,6,48000,3650,1098,0,1,10,10,615.0
2026-10-08T12:07:36Z,6107,6,6,48000,3650,924,0,1,10,10,612.0
2026-10-08T12:07:51Z,6123,6,6,48000,3650,1078,0,1,10,10,615.0
2026-10-08T12:08:07Z,6138,6,6,48000,3650,1102,0,1,10,10,616.5
2026-10-08T12:08:23Z,6154,6,6,48000,3650,1105,0,1,10,10,616.5
2026-10-08T12:08:38Z,6170,6,6,48000,3650,1102,0,1,10,10,616.5
2026-10-08T12:08:54Z,6185,6,6,48000,3650,898,0,1,10,10,613.5
2026-10-08T12:09:09Z,6201,6,6,48000,3650,817,0,1,10,10,609.0
2026-10-08T12:09:25Z,6216,6,6,48000,3650,721,0,1,10,10,609.0
2026-10-08T12:09:41Z,6232,6,6,48000,3650,586,0,1,10,10,606.0
2026-10-08T12:09:56Z,6248,6,6,48000,3650,562,0,1,10,10,606.0
2026-10-08T12:10:12Z,6263,6,6,48000,3650,508,0,1,10,10,606.0
2026-10-08T12:10:27Z,6279,6,6,48000,3650,586,0,1,10,10,606.0
2026-10-08T12:10:43Z,6294,6,6,48000,3650,589,0,1,10,10,606.0
2026-10-08T12:10:59Z,6310,6,6,48000,3650,595,0,1,10,10,606.0
2026-10-08T12:11:14Z,6326,6,6,48000,3650,587,0,1,10,10,607.5
2026-10-08T12:11:30Z,6341,6,6,48000,3650,340,0,1,10,10,600.0
2026-10-08T12:11:45Z,6357,6,6,48000,3650,342,0,1,10,10,603.0
2026-10-08T12:12:01Z,6372,6,6,48000,3650,444,0,1,10,10,603.0
2026-10-08T12:12:17Z,6388,6,6,48000,3650,608,0,1,10,10,606.0
2026-10-08T12:12:32Z,6404,6,6,48000,3650,822,0,1,10,10,612.0
2026-10-08T12:12:48Z,6419,6,6,48000,3650,809,0,1,10,10,612.0
2026-10-08T12:13:03Z,6435,6,6,48000,3650,832,0,1,10,10,610.5
2026-10-08T12:13:19Z,6450,6,6,48000,3650,841,0,1,10,10,612.0
2026-10-08T12:13:34Z,6466,6,6,48000,3650,704,0,1,10,10,609.0
2026-10-08T12:13:50Z,6481,6,6,48000,3450,797,0,1,10,9,610.5
2026-10-08T12:14:06Z,6497,6,6,48000,3250,867,0,1,9,8,612.0
2026-10-08T12:14:21Z,6513,6,6,48000,3250,1042,0,1,8,8,615.0
2026-10-08T12:14:37Z,6528,6,6,48000,3650,1117,0,1,8,10,616.5
2026-10-08T12:14:52Z,6544,6,6,48000,3650,1234,0,1,10,10,619.5
2026-10-08T12:15:08Z,6559,6,6,48000,3650,1332,0,1,10,10,621.0
2026-10-08T12:15:24Z,6575,6,6,48000,3650,1379,0,1,10,10,621.0
2026-10-08T12:15:39Z,6591,6,6,48000,3650,1624,0,1,10,10,628.5
2026-10-08T12:15:55Z,6606,6,6,48000,3650,1623,0,1,10,10,625.5
2026-10-08T12:16:11Z,6622,6,6,48000,3650,1615,0,1,10,10,627.0
2026-10-08T12:16:26Z,6638,6,6,48000,3650,1625,0,1,10,10,627.0
2026-10-08T12:16:42Z,6653,6,6,48000,3650,1446,0,1,10,10,622.5
2026-10-08T12:16:57Z,6669,6,6,48000,3650,1358,0,1,10,10,621.0
2026-10-08T12:17:13Z,6684,6,6,48000,3650,1360,0,1,10,10,622.5
2026-10-08T12:17:29Z,6700,6,6,48000,3650,1274,0,1,10,10,619.5
2026-10-08T12:17:44Z,6716,6,6,48000,3650,1365,0,1,10,10,622.5
2026-10-08T12:18:00Z,6731,6,6,48000,3650,1431,0,1,10,10,622.5
2026-10-08T12:18:16Z,6747,6,6,48000,3650,1600,0,1,10,10,624.0
2026-10-08T12:18:31Z,6763,6,6,48000,3650,1621,0,1,10,10,631.5
2026-10-08T12:18:47Z,6778,6,6,48000,3650,1866,1,1,10,10,630.0
2026-10-08T12:19:03Z,6794,6,6,48000,3650,2090,0,1,10,10,634.5
2026-10-08T12:19:18Z,6810,6,6,48000,3650,2241,0,1,10,10,636.0
2026-10-08T12:19:34Z,6825,6,6,48000,3650,2242,0,1,10,10,637.5
2026-10-08T12:19:50Z,6841,6,6,48000,3650,2270,0,1,10,10,637.5
2026-10-08T12:20:05Z,6857,6,6,48000,3650,2186,0,1,10,10,637.5
2026-10-08T12:20:21Z,6872,6,6,48000,3650,1959,0,1,10,10,631.5
2026-10-08T12:20:37Z,6888,6,6,48000,3650,1936,0,1,10,10,633.0
2026-10-08T12:20:52Z,6904,6,6,48000,3650,1657,0,1,10,10,625.5
2026-10-08T12:21:08Z,6919,6,6,48000,3650,1562,0,1,10,10,624.0
2026-10-08T12:21:23Z,6935,6,6,48000,3650,1473,0,1,10,10,624.0
2026-10-08T12:21:39Z,6950,6,6,48000,3650,1318,0,1,10,10,619.5
2026-10-08T12:21:55Z,6966,6,6,48000,3650,1312,0,1,10,10,621.0
2026-10-08T12:22:10Z,6982,6,6,48000,3650,1083,0,1,10,10,615.0
2026-10-08T12:22:26Z,6997,6,6,48000,3650,1061,0,1,10,10,615.0
2026-10-08T12:22:41Z,7013,6,6,48000,3650,945,0,1,10,10,613.5
2026-10-08T12:22:57Z,7028,6,6,48000,3650,1024,0,1,10,10,615.0
2026-10-08T12:23:13Z,7044,6,6,48000,3650,1080,0,1,10,10,615.0
2026-10-08T12:23:28Z,7060,6,6,48000,3650,1077,0,1,10,10,615.0
2026-10-08T12:23:44Z,7075,6,6,48000,3650,1057,0,1,10,10,616.5
2026-10-08T12:23:59Z,7091,6,6,48000,3650,861,0,1,10,10,613.5
2026-10-08T12:24:15Z,7106,6,6,48000,3650,841,0,1,10,10,610.5
2026-10-08T12:24:31Z,7122,6,6,48000,3650,737,0,1,10,10,609.0
2026-10-08T12:24:46Z,7138,6,6,48000,3650,585,0,1,10,10,606.0
2026-10-08T12:25:02Z,7153,6,6,48000,3650,490,0,1,10,10,603.0
2026-10-08T12:25:17Z,7169,6,6,48000,3650,589,0,1,10,10,606.0
2026-10-08T12:25:33Z,7184,6,6,48000,3650,580,0,1,10,10,604.5
2026-10-08T12:25:49Z,7200,6,6,48000,3650,584,0,1,10,10,606.0
2026-10-08T12:26:04Z,7216,6,6,48000,3650,594,0,1,10,10,606.0
2026-10-08T12:26:20Z,7231,6,6,48000,3650,342,0,1,10,10,600.0
2026-10-08T12:26:35Z,7247,6,6,48000,3650,338,1,1,10,10,601.5
2026-10-08T12:26:51Z,7262,6,6,48000,3650,429,0,1,10,10,604.5
2026-10-08T12:27:07Z,7278,6,6,48000,3650,588,0,1,10,10,606.0
2026-10-08T12:27:22Z,7294,6,6,48000,3650,609,0,1,10,10,606.0
2026-10-08T12:27:38Z,7309,6,6,48000,3650,804,0,1,10,10,610.5
2026-10-08T12:27:53Z,7325,6,6,48000,3650,823,0,1,10,10,610.5
2026-10-08T12:28:09Z,7340,6,6,48000,3650,835,0,1,10,10,609.0
2026-10-08T12:28:25Z,7356,6,6,48000,3650,801,0,1,10,10,612.0
2026-10-08T12:28:40Z,7372,6,6,48000,3650,683,0,1,10,10,607.5
2026-10-08T12:28:56Z,7387,6,6,48000,3450,817,0,1,10,9,612.0
2026-10-08T12:29:11Z,7403,6,6,48000,3250,910,0,1,9,8,612.0
2026-10-08T12:29:27Z,7418,6,6,48000,3250,1023,0,1,8,8,616.5
2026-10-08T12:29:43Z,7434,6,6,48000,3450,1092,0,1,8,9,615.0
2026-10-08T12:29:58Z,7450,6,6,48000,3450,1219,0,1,9,9,618.0
2026-10-08T12:30:14Z,7465,6,6,48000,3650,1385,0,1,9,10,621.0
2026-10-08T12:30:29Z,7481,6,6,48000,3650,1388,0,1,10,10,624.0
2026-10-08T12:30:45Z,7496,6,6,48000,3650,1601,0,1,10,10,622.5
2026-10-08T12:31:01Z,7512,6,6,48000,3650,1602,0,1,10,10,628.5
2026-10-08T12:31:16Z,7528,6,6,48000,3650,1642,0,1,10,10,625.5
2026-10-08T12:31:32Z,7543,6,6,48000,3650,1461,0,1,10,10,621.0
2026-10-08T12:31:48Z,7559,6,6,48000,3650,1310,0,1,10,10,619.5
2026-10-08T12:32:03Z,7575,6,6,48000,3650,1350,0,1,10,10,619.5
2026-10-08T12:32:19Z,7590,6,6,48000,3650,1279,0,1,10,10,619.5
2026-10-08T12:32:34Z,7606,6,6,48000,3650,1344,0,1,10,10,619.5
2026-10-08T12:32:50Z,7621,6,6,48000,3650,1431,0,1,10,10,622.5
2026-10-08T12:33:06Z,7637,6,6,48000,3650,1621,0,1,10,10,627.0
2026-10-08T12:33:21Z,7653,6,6,48000,3650,1610,0,1,10,10,627.0
2026-10-08T12:33:37Z,7668,6,6,48000,3650,1955,0,1,10,10,633.0
2026-10-08T12:33:53Z,7684,6,6,48000,3650,1916,0,1,10,10,631.5
2026-10-08T12:34:08Z,7700,6,6,48000,3650,2079,0,1,10,10,634.5
2026-10-08T12:34:24Z,7715,6,6,48000,3650,2220,0,1,10,10,636.0
2026-10-08T12:34:40Z,7731,6,6,48000,3650,2193,0,1,10,10,637.5
2026-10-08T12:34:55Z,7747,6,6,48000,3650,2207,0,1,10,10,636.0
2026-10-08T12:35:11Z,7762,6,6,48000,3650,2189,0,1,10,10,637.5
2026-10-08T12:35:27Z,7778,6,6,48000,3650,1929,0,1,10,10,633.0
2026-10-08T12:35:42Z,7794,6,6,48000,3650,1919,0,1,10,10,631.5
2026-10-08T12:35:58Z,7809,6,6,48000,3650,1726,0,1,10,10,630.0
2026-10-08T12:36:13Z,7825,6,6,48000,3650,1598,0,1,10,10,625.5
2026-10-08T12:36:29Z,7840,6,6,48000,3650,1480,0,1,10,10,622.5
2026-10-08T12:36:45Z,7856,6,6,48000,3650,1316,0,1,10,10,621.0
2026-10-08T12:37:00Z,7872,6,6,48000,3650,1279,0,1,10,10,619.5
2026-10-08T12:37:16Z,7887,6,6,48000,3650,1060,0,1,10,10,615.0
2026-10-08T12:37:32Z,7903,6,6,48000,3650,938,0,1,10,10,613.5
2026-10-08T12:37:47Z,7919,6,6,48000,3650,1066,0,1,10,10,616.5
2026-10-08T12:38:03Z,7934,6,6,48000,3650,1144,0,1,10,10,618.0
2026-10-08T12:38:18Z,7950,6,6,48000,3650,1096,0,1,10,10,615.0
2026-10-08T12:38:34Z,7965,6,6,48000,3650,1097,0,1,10,10,616.5
2026-10-08T12:38:50Z,7981,6,6,48000,3650,899,0,1,10,10,613.5
2026-10-08T12:39:05Z,7997,6,6,48000,3650,848,0,1,10,10,612.0
2026-10-08T12:39:21Z,8012,6,6,48000,3650,719,0,1,10,10,606.0
2026-10-08T12:39:36Z,8028,6,6,48000,3650,602,0,1,10,10,607.5
2026-10-08T12:39:52Z,8043,6,6,48000,3650,570,0,1,10,10,606.0
2026-10-08T12:40:08Z,8059,6,6,48000,3650,455,0,1,10,10,604.5
2026-10-08T12:40:23Z,8075,6,6,48000,3650,558,0,1,10,10,606.0
2026-10-08T12:40:39Z,8090,6,6,48000,3650,560,0,1,10,10,606.0
2026-10-08T12:40:54Z,8106,6,6,48000,3650,565,0,1,10,10,606.0
2026-10-08T12:41:10Z,8121,6,6,48000,3650,579,0,1,10,10,606.0
2026-10-08T12:41:25Z,8137,6,6,48000,3650,343,0,1,10,10,600.0
2026-10-08T12:41:41Z,8152,6,6,48000,3650,357,0,1,10,10,600.0
2026-10-08T12:41:57Z,8168,6,6,48000,3650,408,0,1,10,10,601.5
2026-10-08T12:42:12Z,8184,6,6,48000,3650,579,0,1,10,10,606.0
2026-10-08T12:42:28Z,8199,6,6,48000,3650,576,0,1,10,10,606.0
2026-10-08T12:42:43Z,8215,6,6,48000,3650,787,0,1,10,10,610.5
2026-10-08T12:42:59Z,8230,6,6,48000,3650,788,0,1,10,10,610.5
2026-10-08T12:43:15Z,8246,6,6,48000,3650,793,0,1,10,10,610.5
2026-10-08T12:43:30Z,8262,6,6,48000,3650,789,0,1,10,10,609.0
2026-10-08T12:43:46Z,8277,6,6,48000,3650,685,0,1,10,10,609.0
2026-10-08T12:44:01Z,8293,6,6,48000,3650,836,0,1,10,8,610.5
2026-10-08T12:44:17Z,8308,6,6,48000,3250,1019,0,1,8,8,613.5
2026-10-08T12:44:33Z,8324,6,6,48000,3250,1040,0,1,8,8,616.5
2026-10-08T12:44:48Z,8340,6,6,48000,3650,1146,0,1,8,10,616.5
2026-10-08T12:45:04Z,8355,6,6,48000,3650,1412,0,1,10,10,619.5
2026-10-08T12:45:20Z,8371,6,6,48000,3650,1335,0,1,10,10,619.5
2026-10-08T12:45:35Z,8387,6,6,48000,3650,1587,0,1,10,10,624.0
2026-10-08T12:45:51Z,8402,6,6,48000,3650,1581,0,1,10,10,624.0
2026-10-08T12:46:06Z,8418,6,6,48000,3650,1631,0,1,10,10,625.5
2026-10-08T12:46:22Z,8433,6,6,48000,3650,1600,0,1,10,10,627.0
2026-10-08T12:46:38Z,8449,6,6,48000,3650,1449,0,1,10,10,624.0
2026-10-08T12:46:53Z,8465,6,6,48000,3650,1333,0,1,10,10,621.0
2026-10-08T12:47:09Z,8480,6,6,48000,3650,1298,0,1,10,10,619.5
2026-10-08T12:47:25Z,8496,6,6,48000,3650,1303,0,1,10,10,619.5
2026-10-08T12:47:40Z,8512,6,6,48000,3650,1369,0,1,10,10,621.0
2026-10-08T12:47:56Z,8527,6,6,48000,3650,1442,0,1,10,10,622.5
2026-10-08T12:48:11Z,8543,6,6,48000,3650,1654,0,1,10,10,625.5
2026-10-08T12:48:27Z,8558,6,6,48000,3650,1625,0,1,10,10,625.5
2026-10-08T12:48:43Z,8574,6,6,48000,3650,1891,0,1,10,10,630.0
2026-10-08T12:48:58Z,8590,6,6,48000,3650,1933,0,1,10,10,631.5
2026-10-08T12:49:14Z,8605,6,6,48000,3650,2025,0,1,10,10,633.0
2026-10-08T12:49:30Z,8621,6,6,48000,3650,2236,0,1,10,10,637.5
2026-10-08T12:49:45Z,8637,6,6,48000,3650,2253,0,1,10,10,636.0
2026-10-08T12:50:01Z,8652,6,6,48000,3650,2211,0,1,10,10,637.5
2026-10-08T12:50:17Z,8668,6,6,48000,3650,1895,0,1,10,10,631.5
2026-10-08T12:50:32Z,8684,6,6,48000,3650,1895,0,1,10,10,631.5
2026-10-08T12:50:48Z,8699,6,6,48000,3650,1681,0,1,10,10,628.5
2026-10-08T12:51:04Z,8715,6,6,48000,3650,1614,0,1,10,10,624.0
2026-10-08T12:51:19Z,8731,6,6,48000,3650,1518,0,1,10,10,624.0
2026-10-08T12:51:35Z,8746,6,6,48000,3650,1351,0,1,10,10,621.0
2026-10-08T12:51:51Z,8762,6,6,48000,3650,1423,0,1,10,10,621.0
2026-10-08T12:52:06Z,8778,6,6,48000,3650,1163,0,1,10,10,616.5
2026-10-08T12:52:22Z,8793,6,6,48000,3650,1162,0,1,10,10,618.0
2026-10-08T12:52:37Z,8809,6,6,48000,3650,1032,0,1,10,10,615.0
2026-10-08T12:52:53Z,8824,6,6,48000,3650,1108,0,1,10,10,616.5
2026-10-08T12:53:09Z,8840,6,6,48000,3650,1121,0,1,10,10,616.5
2026-10-08T12:53:24Z,8856,6,6,48000,3650,1130,0,1,10,10,615.0
2026-10-08T12:53:40Z,8871,6,6,48000,3650,1112,0,1,10,10,615.0
2026-10-08T12:53:56Z,8887,6,6,48000,3650,954,0,1,10,10,615.0
2026-10-08T12:54:11Z,8903,6,6,48000,3650,882,0,1,10,10,613.5
2026-10-08T12:54:27Z,8918,6,6,48000,3650,769,0,1,10,10,607.5
2026-10-08T12:54:42Z,8934,6,6,48000,3650,621,0,1,10,10,607.5
2026-10-08T12:54:58Z,8949,6,6,48000,3650,613,0,1,10,10,606.0
2026-10-08T12:55:14Z,8965,6,6,48000,3650,497,0,1,10,10,606.0
2026-10-08T12:55:29Z,8981,6,6,48000,3650,619,0,1,10,10,607.5
2026-10-08T12:55:45Z,8996,6,6,48000,3650,631,0,1,10,10,606.0
2026-10-08T12:56:01Z,9012,6,6,48000,3650,625,0,1,10,10,606.0
2026-10-08T12:56:16Z,9028,6,6,48000,3650,649,0,1,10,10,603.0
2026-10-08T12:56:32Z,9043,6,6,48000,3650,366,0,1,10,10,601.5
2026-10-08T12:56:47Z,9059,6,6,48000,3650,444,0,1,10,10,606.0
2026-10-08T12:57:03Z,9074,6,6,48000,3650,633,0,1,10,10,607.5
2026-10-08T12:57:19Z,9090,6,6,48000,3650,607,0,1,10,10,606.0
2026-10-08T12:57:34Z,9106,6,6,48000,3650,870,0,1,10,10,612.0
2026-10-08T12:57:50Z,9121,6,6,48000,3650,855,0,1,10,10,613.5
2026-10-08T12:58:06Z,9137,6,6,48000,3650,892,0,1,10,10,613.5
2026-10-08T12:58:21Z,9153,6,6,48000,3650,887,0,1,10,10,615.0
2026-10-08T12:58:37Z,9168,6,6,48000,3650,748,0,1,10,10,609.0
2026-10-08T12:58:53Z,9184,6,6,48000,3650,820,0,1,10,10,610.5
2026-10-08T12:59:08Z,9200,6,6,48000,3250,884,0,1,10,8,610.5
2026-10-08T12:59:24Z,9215,6,6,48000,3250,1042,0,1,8,8,615.0
2026-10-08T12:59:40Z,9231,6,6,48000,3250,1106,0,1,8,8,616.5
2026-10-08T12:59:55Z,9247,6,6,48000,3650,1194,0,1,8,10,618.0
2026-10-08T13:00:11Z,9262,6,6,48000,3650,1447,0,1,10,10,621.0
2026-10-08T13:00:27Z,9278,6,6,48000,3650,1419,0,1,10,10,622.5
2026-10-08T13:00:42Z,9294,6,6,48000,3650,1699,0,1,10,10,628.5
2026-10-08T13:00:58Z,9309,6,6,48000,3650,1751,0,1,10,10,628.5
2026-10-08T13:01:14Z,9325,6,6,48000,3650,1747,0,1,10,10,627.0
2026-10-08T13:01:29Z,9341,6,6,48000,3650,1746,0,1,10,10,630.0
2026-10-08T13:01:45Z,9356,6,6,48000,3650,1556,0,1,10,10,625.5
2026-10-08T13:02:01Z,9372,6,6,48000,3650,1386,0,1,10,10,622.5
2026-10-08T13:02:16Z,9388,6,6,48000,3650,1378,0,1,10,10,619.5
2026-10-08T13:02:32Z,9403,6,6,48000,3650,1463,0,1,10,10,624.0
2026-10-08T13:02:48Z,9419,6,6,48000,3650,1478,0,1,10,10,622.5
2026-10-08T13:03:03Z,9435,6,6,48000,3650,1754,0,1,10,10,627.0
2026-10-08T13:03:19Z,9450,6,6,48000,3650,1724,0,1,10,10,630.0
2026-10-08T13:03:35Z,9466,6,6,48000,3650,2012,0,1,10,10,633.0
2026-10-08T13:03:50Z,9482,6,6,48000,3650,2065,0,1,10,10,633.0
2026-10-08T13:04:06Z,9497,6,6,48000,3650,2255,0,1,10,10,637.5
2026-10-08T13:04:22Z,9513,6,6,48000,3650,2419,0,1,10,10,640.5
2026-10-08T13:04:38Z,9529,6,6,48000,3650,2357,0,1,10,10,640.5
2026-10-08T13:04:53Z,9545,6,6,48000,3650,2421,0,1,10,10,640.5
2026-10-08T13:05:09Z,9560,6,6,48000,3650,2502,0,1,10,10,642.0
2026-10-08T13:05:25Z,9576,6,6,48000,3650,2061,0,1,10,10,634.5
2026-10-08T13:05:40Z,9592,6,6,48000,3650,2004,0,1,10,10,634.5
2026-10-08T13:05:56Z,9607,6,6,48000,3650,1755,0,1,10,10,627.0
2026-10-08T13:06:12Z,9623,6,6,48000,3650,1625,0,1,10,10,625.5
2026-10-08T13:06:27Z,9639,6,6,48000,3650,1542,0,1,10,10,622.5
2026-10-08T13:06:43Z,9654,6,6,48000,3650,1332,0,1,10,10,621.0
2026-10-08T13:06:58Z,9670,6,6,48000,3650,1322,0,1,10,10,619.5
2026-10-08T13:07:14Z,9685,6,6,48000,3650,1085,0,1,10,10,615.0
2026-10-08T13:07:30Z,9701,6,6,48000,3650,1096,0,1,10,10,615.0
2026-10-08T13:07:45Z,9717,6,6,48000,3650,969,0,1,10,10,615.0
2026-10-08T13:08:01Z,9732,6,6,48000,3650,1117,0,1,10,10,615.0
2026-10-08T13:08:17Z,9748,6,6,48000,3650,1153,0,1,10,10,618.0
2026-10-08T13:08:32Z,9764,6,6,48000,3650,1181,0,1,10,10,618.0
2026-10-08T13:08:48Z,9779,6,6,48000,3650,1006,0,1,10,10,615.0
2026-10-08T13:09:04Z,9795,6,6,48000,3650,903,0,1,10,10,613.5
2026-10-08T13:09:19Z,9811,6,6,48000,3650,808,0,1,10,10,610.5
2026-10-08T13:09:35Z,9826,6,6,48000,3650,611,0,1,10,10,609.0
2026-10-08T13:09:50Z,9842,6,6,48000,3650,575,0,1,10,10,606.0
2026-10-08T13:10:06Z,9857,6,6,48000,3650,438,0,1,10,10,603.0
2026-10-08T13:10:22Z,9873,6,6,48000,3650,569,0,1,10,10,606.0
2026-10-08T13:10:37Z,9889,6,6,48000,3650,566,0,1,10,10,606.0
2026-10-08T13:10:53Z,9904,6,6,48000,3650,565,0,1,10,10,606.0
2026-10-08T13:11:08Z,9920,6,6,48000,3650,586,0,1,10,10,606.0
2026-10-08T13:11:24Z,9935,6,6,48000,3650,371,0,1,10,10,601.5
2026-10-08T13:11:40Z,9951,6,6,48000,3650,346,1,1,10,10,600.0
2026-10-08T13:11:55Z,9967,6,6,48000,3650,397,0,1,10,10,603.0
2026-10-08T13:12:11Z,9982,6,6,48000,3650,578,0,1,10,10,606.0
2026-10-08T13:12:26Z,9998,6,6,48000,3650,572,0,1,10,10,606.0
2026-10-08T13:12:42Z,10013,6,6,48000,3650,795,0,1,10,10,609.0
2026-10-08T13:12:58Z,10029,6,6,48000,3650,823,0,1,10,10,612.0
2026-10-08T13:13:13Z,10045,6,6,48000,3650,845,0,1,10,10,610.5
2026-10-08T13:13:29Z,10060,6,6,48000,3650,833,0,1,10,10,615.0
2026-10-08T13:13:44Z,10076,6,6,48000,3650,729,0,1,10,10,610.5
2026-10-08T13:14:00Z,10091,6,6,48000,3650,756,0,1,10,10,607.5
2026-10-08T13:14:16Z,10107,6,6,48000,3250,796,0,1,10,8,610.5
2026-10-08T13:14:31Z,10123,6,6,48000,3250,957,0,1,8,8,615.0
2026-10-08T13:14:47Z,10138,6,6,48000,3450,1135,0,1,9,9,615.0
2026-10-08T13:15:02Z,10154,6,6,48000,3450,1328,1,1,9,10,619.5
2026-10-08T13:15:18Z,10169,6,6,48000,3650,1333,0,1,10,10,621.0
2026-10-08T13:15:34Z,10185,6,6,48000,3650,1553,0,1,10,10,624.0
2026-10-08T13:15:49Z,10201,6,6,48000,3650,1656,0,1,10,10,628.5
2026-10-08T13:16:05Z,10216,6,6,48000,3650,1605,0,1,10,10,625.5
2026-10-08T13:16:21Z,10232,6,6,48000,3650,1581,0,1,10,10,622.5
2026-10-08T13:16:36Z,10248,6,6,48000,3650,1487,0,1,10,10,624.0
2026-10-08T13:16:52Z,10263,6,6,48000,3650,1297,0,1,10,10,621.0
2026-10-08T13:17:08Z,10279,6,6,48000,3650,1344,0,1,10,10,619.5
2026-10-08T13:17:23Z,10295,6,6,48000,3650,1230,0,1,10,10,618.0
2026-10-08T13:17:39Z,10310,6,6,48000,3650,1300,0,1,10,10,619.5
2026-10-08T13:17:54Z,10326,6,6,48000,3650,1398,0,1,10,10,622.5
2026-10-08T13:18:10Z,10341,6,6,48000,3650,1594,0,1,10,10,624.0
2026-10-08T13:18:26Z,10357,6,6,48000,3650,1617,0,1,10,10,628.5
2026-10-08T13:18:41Z,10373,6,6,48000,3650,1851,0,1,10,10,630.0
2026-10-08T13:18:57Z,10388,6,6,48000,3650,1871,0,1,10,10,631.5
2026-10-08T13:19:13Z,10404,6,6,48000,3650,1995,0,1,10,10,633.0
2026-10-08T13:19:28Z,10420,6,6,48000,3650,2267,0,1,10,10,637.5
2026-10-08T13:19:44Z,10435,6,6,48000,3650,2241,0,1,10,10,636.0
2026-10-08T13:20:00Z,10451,6,6,48000,3650,2223,0,1,10,10,637.5
2026-10-08T13:20:15Z,10467,6,6,48000,3650,2305,0,1,10,10,639.0
2026-10-08T13:20:31Z,10482,6,6,48000,3650,1938,0,1,10,10,633.0
2026-10-08T13:20:47Z,10498,6,6,48000,3650,1741,0,1,10,10,630.0
2026-10-08T13:21:02Z,10514,6,6,48000,3650,1635,0,1,10,10,625.5
2026-10-08T13:21:18Z,10529,6,6,48000,3650,1521,0,1,10,10,622.5
2026-10-08T13:21:33Z,10545,6,6,48000,3650,1313,0,1,10,10,621.0
2026-10-08T13:21:49Z,10560,6,6,48000,3650,1341,0,1,10,10,621.0
2026-10-08T13:22:05Z,10576,6,6,48000,3650,1117,0,1,10,10,615.0
2026-10-08T13:22:20Z,10592,6,6,48000,3650,1166,0,1,10,10,616.5
2026-10-08T13:22:36Z,10607,6,6,48000,3650,1044,0,1,10,10,616.5
2026-10-08T13:22:52Z,10623,6,6,48000,3650,1066,0,1,10,10,616.5
2026-10-08T13:23:07Z,10639,6,6,48000,3650,1161,0,1,10,10,616.5
2026-10-08T13:23:23Z,10654,6,6,48000,3650,1119,0,1,10,10,615.0
2026-10-08T13:23:39Z,10670,6,6,48000,3650,1122,0,1,10,10,616.5
2026-10-08T13:23:54Z,10686,6,6,48000,3650,967,0,1,10,10,615.0
2026-10-08T13:24:10Z,10701,6,6,48000,3650,853,0,1,10,10,610.5
2026-10-08T13:24:25Z,10717,6,6,48000,3650,782,0,1,10,10,609.0
2026-10-08T13:24:41Z,10732,6,6,48000,3650,624,0,1,10,10,607.5
2026-10-08T13:24:57Z,10748,6,6,48000,3650,611,0,1,10,10,606.0
2026-10-08T13:25:12Z,10764,6,6,48000,3650,473,0,1,10,10,604.5
2026-10-08T13:25:28Z,10779,6,6,48000,3650,606,0,1,10,10,606.0
2026-10-08T13:25:44Z,10795,6,6,48000,3650,608,0,1,10,10,607.5
2026-10-08T13:25:59Z,10811,6,6,48000,3650,619,0,1,10,10,606.0
2026-10-08T13:26:15Z,10826,6,6,48000,3650,646,0,1,10,10,607.5
2026-10-08T13:26:31Z,10842,6,6,48000,3650,405,0,1,10,10,603.0
2026-10-08T13:26:46Z,10858,6,6,48000,3650,371,0,1,10,10,604.5
2026-10-08T13:27:02Z,10873,6,6,48000,3650,653,0,1,10,10,606.0
2026-10-08T13:27:17Z,10889,6,6,48000,3650,614,0,1,10,10,607.5
2026-10-08T13:27:33Z,10904,6,6,48000,3650,861,0,1,10,10,610.5
2026-10-08T13:27:49Z,10920,6,6,48000,3650,907,0,1,10,10,613.5
2026-10-08T13:28:04Z,10936,6,6,48000,3650,902,0,1,10,10,613.5
2026-10-08T13:28:20Z,10951,6,6,48000,3650,885,0,1,10,10,613.5
2026-10-08T13:28:36Z,10967,6,6,48000,3650,845,0,1,10,10,610.5
2026-10-08T13:28:51Z,10983,6,6,48000,3650,854,0,1,10,9,610.5
2026-10-08T13:29:07Z,10998,6,6,48000,3450,1022,0,1,9,9,615.0
2026-10-08T13:29:23Z,11014,6,6,48000,3450,1069,0,1,9,9,615.0
2026-10-08T13:29:38Z,11030,6,6,48000,3650,1167,0,1,9,10,619.5
2026-10-08T13:29:54Z,11045,6,6,48000,3650,1286,0,1,10,10,619.5
2026-10-08T13:30:10Z,11061,6,6,48000,3650,1519,0,1,10,10,622.5
2026-10-08T13:30:25Z,11077,6,6,48000,3650,1481,0,1,10,10,624.0
2026-10-08T13:30:41Z,11092,6,6,48000,3650,1740,0,1,10,10,628.5
2026-10-08T13:30:57Z,11108,6,6,48000,3650,1775,0,1,10,10,628.5
2026-10-08T13:31:12Z,11124,6,6,48000,3650,1797,0,1,10,10,628.5
2026-10-08T13:31:28Z,11139,6,6,48000,3650,1772,0,1,10,10,628.5
2026-10-08T13:31:44Z,11155,6,6,48000,3650,1678,0,1,10,10,628.5
2026-10-08T13:31:59Z,11171,6,6,48000,3650,1464,0,1,10,10,622.5
2026-10-08T13:32:15Z,11186,6,6,48000,3650,1457,0,1,10,10,622.5
2026-10-08T13:32:31Z,11202,6,6,48000,3650,1368,0,1,10,10,621.0
2026-10-08T13:32:46Z,11218,6,6,48000,3650,1425,0,1,10,10,622.5
2026-10-08T13:33:02Z,11233,6,6,48000,3650,1747,0,1,10,10,628.5
2026-10-08T13:33:18Z,11249,6,6,48000,3650,1733,0,1,10,10,628.5
2026-10-08T13:33:33Z,11265,6,6,48000,3650,2025,0,1,10,10,633.0
2026-10-08T13:33:49Z,11280,6,6,48000,3650,2057,0,1,10,10,634.5
2026-10-08T13:34:05Z,11296,6,6,48000,3650,2182,0,1,10,10,637.5
2026-10-08T13:34:21Z,11312,6,6,48000,3650,2436,0,1,10,10,640.5
2026-10-08T13:34:36Z,11328,6,6,48000,3650,2420,0,1,10,10,640.5
2026-10-08T13:34:52Z,11343,6,6,48000,3650,2463,0,1,10,10,639.0
2026-10-08T13:35:08Z,11359,6,6,48000,3650,2491,0,1,10,10,642.0
2026-10-08T13:35:23Z,11375,6,6,48000,3650,2142,0,1,10,10,636.0
2026-10-08T13:35:39Z,11390,6,6,48000,3650,2070,0,1,10,10,636.0
2026-10-08T13:35:55Z,11406,6,6,48000,3650,1898,0,1,10,10,633.0
2026-10-08T13:36:10Z,11422,6,6,48000,3650,1740,0,1,10,10,628.5
2026-10-08T13:36:26Z,11437,6,6,48000,3650,1622,0,1,10,10,625.5
2026-10-08T13:36:42Z,11453,6,6,48000,3650,1374,0,1,10,10,621.0
2026-10-08T13:36:57Z,11469,6,6,48000,3650,1403,0,1,10,10,621.0
2026-10-08T13:37:13Z,11484,6,6,48000,3650,1187,0,1,10,10,618.0
2026-10-08T13:37:29Z,11500,6,6,48000,3650,1132,0,1,10,10,616.5
2026-10-08T13:37:44Z,11516,6,6,48000,3650,1066,0,1,10,10,615.0
2026-10-08T13:38:00Z,11531,6,6,48000,3650,1124,0,1,10,10,615.0
2026-10-08T13:38:16Z,11547,6,6,48000,3650,1210,0,1,10,10,618.0
2026-10-08T13:38:31Z,11563,6,6,48000,3650,1183,0,1,10,10,618.0
2026-10-08T13:38:47Z,11578,6,6,48000,3650,1008,0,1,10,10,615.0
2026-10-08T13:39:03Z,11594,6,6,48000,3650,915,0,1,10,10,613.5
2026-10-08T13:39:18Z,11610,6,6,48000,3650,857,0,1,10,10,612.0
2026-10-08T13:39:34Z,11625,6,6,48000,3650,630,0,1,10,10,607.5
2026-10-08T13:39:49Z,11641,6,6,48000,3650,638,0,1,10,10,607.5
2026-10-08T13:40:05Z,11656,6,6,48000,3650,446,0,1,10,10,604.5
2026-10-08T13:40:21Z,11672,6,6,48000,3650,595,0,1,10,10,606.0
2026-10-08T13:40:36Z,11688,6,6,48000,3650,615,0,1,10,10,606.0
2026-10-08T13:40:52Z,11703,6,6,48000,3650,597,0,1,10,10,607.5
2026-10-08T13:41:08Z,11719,6,6,48000,3650,632,0,1,10,10,606.0
2026-10-08T13:41:23Z,11735,6,6,48000,3650,402,0,1,10,10,601.5
2026-10-08T13:41:39Z,11750,6,6,48000,3650,370,0,1,10,10,600.0
2026-10-08T13:41:55Z,11766,6,6,48000,3650,413,0,1,10,10,603.0
2026-10-08T13:42:10Z,11782,6,6,48000,3650,631,0,1,10,10,607.5
2026-10-08T13:42:26Z,11797,6,6,48000,3650,632,0,1,10,10,607.5
2026-10-08T13:42:41Z,11813,6,6,48000,3650,797,0,1,10,10,610.5
2026-10-08T13:42:57Z,11828,6,6,48000,3650,863,0,1,10,10,612.0
2026-10-08T13:43:13Z,11844,6,6,48000,3650,868,0,1,10,10,613.5
2026-10-08T13:43:28Z,11860,6,6,48000,3650,860,0,1,10,10,613.5
2026-10-08T13:43:44Z,11875,6,6,48000,3650,795,0,1,10,10,609.0
2026-10-08T13:44:00Z,11891,6,6,48000,3450,851,0,1,10,9,613.5
2026-10-08T13:44:15Z,11907,6,6,48000,3250,985,0,1,9,8,615.0
2026-10-08T13:44:31Z,11922,6,6,48000,3450,1096,0,1,8,9,615.0
2026-10-08T13:44:47Z,11938,6,6,48000,3450,1185,0,1,9,9,618.0
2026-10-08T13:45:02Z,11954,6,6,48000,3650,1530,0,1,9,10,625.5
2026-10-08T13:45:18Z,11969,6,6,48000,3650,1437,1,1,10,10,622.5
2026-10-08T13:45:34Z,11985,6,6,48000,3650,1686,0,1,10,10,628.5
2026-10-08T13:45:49Z,12001,6,6,48000,3650,1742,0,1,10,10,630.0
2026-10-08T13:46:05Z,12016,6,6,48000,3650,1776,0,1,10,10,630.0
2026-10-08T13:46:21Z,12032,6,6,48000,3650,1779,0,1,10,10,628.5
2026-10-08T13:46:36Z,12048,6,6,48000,3650,1711,0,1,10,10,627.0
2026-10-08T13:46:52Z,12063,6,6,48000,3650,1403,0,1,10,10,621.0
2026-10-08T13:47:08Z,12079,6,6,48000,3650,1405,0,1,10,10,619.5
2026-10-08T13:47:23Z,12095,6,6,48000,3650,1305,0,1,10,10,619.5
2026-10-08T13:47:39Z,12110,6,6,48000,3650,1428,0,1,10,10,622.5
2026-10-08T13:47:55Z,12126,6,6,48000,3650,1513,0,1,10,10,622.5
2026-10-08T13:48:10Z,12142,6,6,48000,3650,1800,0,1,10,10,630.0
2026-10-08T13:48:26Z,12157,6,6,48000,3650,1819,0,1,10,10,630.0
2026-10-08T13:48:42Z,12173,6,6,48000,3650,2076,0,1,10,10,636.0
2026-10-08T13:48:58Z,12189,6,6,48000,3650,2135,0,1,10,10,634.5
2026-10-08T13:49:13Z,12205,6,6,48000,3650,2181,0,1,10,10,634.5
2026-10-08T13:49:29Z,12220,6,6,48000,3650,2435,0,1,10,10,640.5
2026-10-08T13:49:45Z,12236,6,6,48000,3650,2553,0,1,10,10,642.0
2026-10-08T13:50:01Z,12252,6,6,48000,3650,2437,0,1,10,10,642.0
2026-10-08T13:50:16Z,12268,6,6,48000,3650,2550,0,1,10,10,636.0
2026-10-08T13:50:32Z,12283,6,6,48000,3650,2123,0,1,10,10,634.5
2026-10-08T13:50:48Z,12299,6,6,48000,3650,1955,0,1,10,10,634.5
2026-10-08T13:51:03Z,12315,6,6,48000,3650,1779,0,1,10,10,628.5
2026-10-08T13:51:19Z,12330,6,6,48000,3650,1790,0,1,10,10,630.0
2026-10-08T13:51:35Z,12346,6,6,48000,3650,1482,0,1,10,10,622.5
2026-10-08T13:51:50Z,12362,6,6,48000,3650,1376,0,1,10,10,621.0
2026-10-08T13:52:06Z,12377,6,6,48000,3650,1277,0,1,10,10,619.5
2026-10-08T13:52:22Z,12393,6,6,48000,3650,1158,0,1,10,10,618.0
2026-10-08T13:52:37Z,12409,6,6,48000,3650,1162,0,1,10,10,618.0
2026-10-08T13:52:53Z,12424,6,6,48000,3650,1061,0,1,10,10,616.5
2026-10-08T13:53:09Z,12440,6,6,48000,3650,1160,0,1,10,10,616.5
2026-10-08T13:53:24Z,12456,6,6,48000,3650,1163,0,1,10,10,618.0
2026-10-08T13:53:40Z,12471,6,6,48000,3650,1170,0,1,10,10,616.5
2026-10-08T13:53:56Z,12487,6,6,48000,3650,1117,0,1,10,10,616.5
2026-10-08T13:54:11Z,12503,6,6,48000,3650,886,0,1,10,10,613.5
2026-10-08T13:54:27Z,12518,6,6,48000,3650,866,0,1,10,10,613.5
2026-10-08T13:54:43Z,12534,6,6,48000,3650,708,0,1,10,10,606.0
2026-10-08T13:54:58Z,12550,6,6,48000,3650,628,0,1,10,10,607.5
2026-10-08T13:55:14Z,12565,6,6,48000,3650,554,0,1,10,10,606.0
2026-10-08T13:55:29Z,12581,6,6,48000,3650,647,0,1,10,10,607.5
2026-10-08T13:55:45Z,12596,6,6,48000,3650,637,0,1,10,10,607.5
2026-10-08T13:56:01Z,12612,6,6,48000,3650,638,0,1,10,10,607.5
2026-10-08T13:56:16Z,12628,6,6,48000,3650,616,0,1,10,10,604.5
2026-10-08T13:56:32Z,12643,6,6,48000,3650,370,0,1,10,10,601.5
2026-10-08T13:56:48Z,12659,6,6,48000,3650,364,0,1,10,10,603.0
2026-10-08T13:57:03Z,12675,6,6,48000,3650,554,0,1,10,10,606.0
2026-10-08T13:57:19Z,12690,6,6,48000,3650,597,0,1,10,10,606.0
2026-10-08T13:57:35Z,12706,6,6,48000,3650,734,0,1,10,10,607.5
2026-10-08T13:57:50Z,12722,6,6,48000,3650,926,0,1,10,10,613.5
2026-10-08T13:58:06Z,12737,6,6,48000,3650,913,0,1,10,10,613.5
2026-10-08T13:58:22Z,12753,6,6,48000,3650,906,0,1,10,10,612.0
2026-10-08T13:58:37Z,12769,6,6,48000,3650,881,0,1,10,10,615.0
2026-10-08T13:58:53Z,12784,6,6,48000,3650,799,0,1,10,9,610.5
2026-10-08T13:59:09Z,12800,6,6,48000,3450,948,0,1,9,9,613.5
2026-10-08T13:59:24Z,12816,6,6,48000,3450,996,0,1,9,9,615.0
2026-10-08T13:59:40Z,12831,6,6,48000,3650,1190,0,1,9,10,619.5
2026-10-08T13:59:56Z,12847,6,6,48000,3650,1246,0,1,10,10,618.0
2026-10-08T14:00:11Z,12863,6,6,48000,3650,1433,0,1,10,10,622.5
2026-10-08T14:00:27Z,12878,6,6,48000,3650,1487,0,1,10,10,624.0
2026-10-08T14:00:43Z,12894,6,6,48000,3650,1638,0,1,10,10,625.5
2026-10-08T14:00:59Z,12910,6,6,48000,3650,1979,0,1,10,10,633.0
2026-10-08T14:01:14Z,12926,6,6,48000,3650,1894,0,1,10,10,630.0
2026-10-08T14:01:30Z,12941,6,6,48000,3650,1871,0,1,10,10,631.5
2026-10-08T14:01:46Z,12957,6,6,48000,3650,1824,0,1,10,10,630.0
2026-10-08T14:02:01Z,12973,6,6,48000,3650,1508,0,1,10,10,624.0
2026-10-08T14:02:17Z,12988,6,6,48000,3650,1365,0,1,10,10,619.5
2026-10-08T14:02:33Z,13004,6,6,48000,3650,1503,0,1,10,10,622.5
2026-10-08T14:02:48Z,13020,6,6,48000,3650,1526,0,1,10,10,622.5
2026-10-08T14:03:04Z,13035,6,6,48000,3650,1771,0,1,10,10,630.0
2026-10-08T14:03:20Z,13051,6,6,48000,3650,1820,1,1,10,10,628.5
2026-10-08T14:03:36Z,13067,6,6,48000,3650,1975,0,1,10,10,631.5
2026-10-08T14:03:51Z,13083,6,6,48000,3650,2141,0,1,10,10,636.0
2026-10-08T14:04:07Z,13098,6,6,48000,3650,2190,0,1,10,10,636.0
2026-10-08T14:04:23Z,13114,6,6,48000,3650,2487,0,1,10,10,640.5
2026-10-08T14:04:39Z,13130,6,6,48000,3650,2502,0,1,10,10,642.0
2026-10-08T14:04:54Z,13146,6,6,48000,3650,2557,0,1,10,10,645.0
2026-10-08T14:05:10Z,13161,6,6,48000,3650,2491,0,1,10,10,643.5
2026-10-08T14:05:26Z,13177,6,6,48000,3650,2237,0,1,10,10,636.0
2026-10-08T14:05:41Z,13193,6,6,48000,3650,2183,0,1,10,10,637.5
2026-10-08T14:05:57Z,13208,6,6,48000,3650,2132,0,1,10,10,636.0
2026-10-08T14:06:13Z,13224,6,6,48000,3650,1796,0,1,10,10,628.5
2026-10-08T14:06:29Z,13240,6,6,48000,3650,1707,0,1,10,10,628.5
2026-10-08T14:06:44Z,13256,6,6,48000,3650,1621,0,1,10,10,625.5
2026-10-08T14:07:00Z,13271,6,6,48000,3650,1498,0,1,10,10,624.0
2026-10-08T14:07:16Z,13287,6,6,48000,3650,1425,0,1,10,10,622.5
2026-10-08T14:07:31Z,13303,6,6,48000,3650,1194,0,1,10,10,616.5
2026-10-08T14:07:47Z,13318,6,6,48000,3650,1061,0,1,10,10,616.5
2026-10-08T14:08:03Z,13334,6,6,48000,3650,1159,0,1,10,10,618.0
2026-10-08T14:08:18Z,13350,6,6,48000,3650,1174,0,1,10,10,618.0
2026-10-08T14:08:34Z,13365,6,6,48000,3650,1104,0,1,10,10,618.0
2026-10-08T14:08:50Z,13381,6,6,48000,3650,1105,0,1,10,10,615.0
2026-10-08T14:09:05Z,13397,6,6,48000,3650,897,0,1,10,10,613.5
2026-10-08T14:09:21Z,13412,6,6,48000,3650,897,0,1,10,10,612.0
2026-10-08T14:09:36Z,13428,6,6,48000,3650,695,0,1,10,10,607.5
2026-10-08T14:09:52Z,13443,6,6,48000,3650,646,0,1,10,10,606.0
2026-10-08T14:10:08Z,13459,6,6,48000,3650,503,0,1,10,10,606.0
2026-10-08T14:10:23Z,13475,6,6,48000,3650,592,0,1,10,10,606.0
2026-10-08T14:10:39Z,13490,6,6,48000,3650,595,0,1,10,10,606.0
2026-10-08T14:10:55Z,13506,6,6,48000,3650,619,0,1,10,10,606.0
2026-10-08T14:11:10Z,13522,6,6,48000,3650,639,0,1,10,10,607.5
2026-10-08T14:11:26Z,13537,6,6,48000,3650,465,0,1,10,10,606.0
2026-10-08T14:11:41Z,13553,6,6,48000,3650,367,0,1,10,10,601.5
2026-10-08T14:11:57Z,13568,6,6,48000,3650,377,0,1,10,10,601.5
2026-10-08T14:12:13Z,13584,6,6,48000,3650,534,0,1,10,10,606.0
2026-10-08T14:12:28Z,13600,6,6,48000,3650,611,0,1,10,10,607.5
2026-10-08T14:12:44Z,13615,6,6,48000,3650,680,0,1,10,10,607.5
2026-10-08T14:13:00Z,13631,6,6,48000,3650,857,0,1,10,10,613.5
2026-10-08T14:13:15Z,13647,6,6,48000,3650,837,0,1,10,10,612.0
2026-10-08T14:13:31Z,13662,6,6,48000,3650,842,0,1,10,10,612.0
2026-10-08T14:13:46Z,13678,6,6,48000,3650,734,0,1,10,10,607.5
2026-10-08T14:14:02Z,13693,6,6,48000,3450,895,0,1,10,9,612.0
2026-10-08T14:14:18Z,13709,6,6,48000,3250,905,0,1,9,8,613.5
2026-10-08T14:14:33Z,13725,6,6,48000,3250,1146,0,1,8,8,615.0
2026-10-08T14:14:49Z,13740,6,6,48000,3650,1281,0,1,8,10,618.0
2026-10-08T14:15:05Z,13756,6,6,48000,3650,1341,0,1,10,10,621.0
2026-10-08T14:15:20Z,13772,6,6,48000,3650,1439,0,1,10,10,622.5
2026-10-08T14:15:36Z,13787,6,6,48000,3650,1512,0,1,10,10,622.5
2026-10-08T14:15:52Z,13803,6,6,48000,3650,1701,0,1,10,10,627.0
2026-10-08T14:16:07Z,13819,6,6,48000,3650,1707,0,1,10,10,627.0
2026-10-08T14:16:23Z,13834,6,6,48000,3650,1728,0,1,10,10,628.5
2026-10-08T14:16:39Z,13850,6,6,48000,3650,1715,0,1,10,10,627.0
2026-10-08T14:16:54Z,13866,6,6,48000,3650,1441,0,1,10,10,622.5
2026-10-08T14:17:10Z,13881,6,6,48000,3650,1451,0,1,10,10,624.0
2026-10-08T14:17:26Z,13897,6,6,48000,3650,1274,0,1,10,10,618.0
2026-10-08T14:17:41Z,13913,6,6,48000,3650,1397,0,1,10,10,624.0
2026-10-08T14:17:57Z,13928,6,6,48000,3650,1434,0,1,10,10,622.5
2026-10-08T14:18:13Z,13944,6,6,48000,3650,1645,0,1,10,10,627.0
2026-10-08T14:18:28Z,13960,6,6,48000,3650,1744,0,1,10,10,628.5
2026-10-08T14:18:44Z,13975,6,6,48000,3650,1817,0,1,10,10,631.5
2026-10-08T14:19:00Z,13991,6,6,48000,3650,2041,0,1,10,10,634.5
2026-10-08T14:19:16Z,14007,6,6,48000,3650,2075,0,1,10,10,634.5
2026-10-08T14:19:31Z,14023,6,6,48000,3650,2338,0,1,10,10,640.5
2026-10-08T14:19:47Z,14038,6,6,48000,3650,2402,0,1,10,10,640.5
2026-10-08T14:20:03Z,14054,6,6,48000,3650,2385,0,1,10,10,639.0
2026-10-08T14:20:18Z,14070,6,6,48000,3650,2247,0,1,10,10,639.0
2026-10-08T14:20:34Z,14085,6,6,48000,3650,2087,0,1,10,10,634.5
2026-10-08T14:20:50Z,14101,6,6,48000,3650,2075,0,1,10,10,634.5
2026-10-08T14:21:05Z,14117,6,6,48000,3650,1728,0,1,10,10,630.0
2026-10-08T14:21:21Z,14132,6,6,48000,3650,1738,0,1,10,10,630.0
2026-10-08T14:21:37Z,14148,6,6,48000,3650,1560,0,1,10,10,625.5
2026-10-08T14:21:52Z,14164,6,6,48000,3650,1384,0,1,10,10,621.0
2026-10-08T14:22:08Z,14179,6,6,48000,3650,1342,0,1,10,10,621.0
2026-10-08T14:22:24Z,14195,6,6,48000,3650,1123,0,1,10,10,618.0
2026-10-08T14:22:39Z,14211,6,6,48000,3650,1147,0,1,10,10,616.5
2026-10-08T14:22:55Z,14226,6,6,48000,3650,1003,0,1,10,10,613.5
2026-10-08T14:23:11Z,14242,6,6,48000,3650,1174,0,1,10,10,618.0
2026-10-08T14:23:26Z,14258,6,6,48000,3650,1160,0,1,10,10,616.5
2026-10-08T14:23:42Z,14273,6,6,48000,3650,1151,0,1,10,10,616.5
2026-10-08T14:23:58Z,14289,6,6,48000,3650,1170,0,1,10,10,616.5
2026-10-08T14:24:13Z,14305,6,6,48000,3650,909,0,1,10,10,613.5
2026-10-08T14:24:29Z,14320,6,6,48000,3650,866,0,1,10,10,613.5
2026-10-08T14:24:44Z,14336,6,6,48000,3650,712,0,1,10,10,607.5
2026-10-08T14:25:00Z,14351,6,6,48000,3650,601,0,1,10,10,607.5
2026-10-08T14:25:16Z,14367,6,6,48000,3650,543,0,1,10,10,606.0
2026-10-08T14:25:31Z,14383,6,6,48000,3650,627,0,1,10,10,607.5
2026-10-08T14:25:47Z,14398,6,6,48000,3650,642,0,1,10,10,607.5
2026-10-08T14:26:03Z,14414,6,6,48000,3650,626,0,1,10,10,607.5
2026-10-08T14:26:18Z,14430,6,6,48000,3650,515,0,1,10,10,604.5
2026-10-08T14:26:34Z,14445,6,6,48000,3650,358,0,1,10,10,600.0
2026-10-08T14:26:49Z,14461,6,6,48000,3650,366,0,1,10,10,601.5
2026-10-08T14:27:05Z,14476,6,6,48000,3650,529,0,1,10,10,606.0
2026-10-08T14:27:21Z,14492,6,6,48000,3650,621,0,1,10,10,606.0
2026-10-08T14:27:36Z,14508,6,6,48000,3650,714,0,1,10,10,609.0
2026-10-08T14:27:52Z,14523,6,6,48000,3650,895,0,1,10,10,615.0
2026-10-08T14:28:08Z,14539,6,6,48000,3650,873,0,1,10,10,615.0
2026-10-08T14:28:23Z,14555,6,6,48000,3650,870,0,1,10,10,612.0
2026-10-08T14:28:39Z,14570,6,6,48000,3650,864,0,1,10,10,615.0
2026-10-08T14:28:55Z,14586,6,6,48000,3650,773,0,1,10,9,610.5
2026-10-08T14:29:10Z,14602,6,6,48000,3450,906,1,1,9,8,613.5
2026-10-08T14:29:26Z,14617,6,6,48000,3250,889,0,1,8,8,613.5
2026-10-08T14:29:42Z,14633,6,6,48000,3650,1105,0,1,8,10,616.5
2026-10-08T14:29:57Z,14649,6,6,48000,3650,1215,0,1,10,10,618.0
2026-10-08T14:30:13Z,14664,6,6,48000,3650,1288,0,1,10,10,619.5
2026-10-08T14:30:28Z,14680,6,6,48000,3650,1462,0,1,10,10,624.0
2026-10-08T14:30:44Z,14695,6,6,48000,3650,1485,0,1,10,10,622.5
2026-10-08T14:31:00Z,14711,6,6,48000,3650,1723,0,1,10,10,627.0
2026-10-08T14:31:16Z,14727,6,6,48000,3650,1667,0,1,10,10,628.5
2026-10-08T14:31:31Z,14743,6,6,48000,3650,1725,0,1,10,10,630.0
2026-10-08T14:31:47Z,14758,6,6,48000,3650,1453,0,1,10,10,624.0
2026-10-08T14:32:03Z,14774,6,6,48000,3650,1446,0,1,10,10,622.5
2026-10-08T14:32:18Z,14790,6,6,48000,3650,1341,0,1,10,10,621.0
2026-10-08T14:32:34Z,14805,6,6,48000,3650,1441,0,1,10,10,621.0
2026-10-08T14:32:50Z,14821,6,6,48000,3650,1516,0,1,10,10,624.0
2026-10-08T14:33:05Z,14837,6,6,48000,3650,1705,0,1,10,10,627.0
2026-10-08T14:33:21Z,14852,6,6,48000,3650,1801,0,1,10,10,628.5
2026-10-08T14:33:37Z,14868,6,6,48000,3650,1935,0,1,10,10,631.5
2026-10-08T14:33:53Z,14884,6,6,48000,3650,2153,0,1,10,10,636.0
2026-10-08T14:34:08Z,14900,6,6,48000,3650,2146,0,1,10,10,636.0
2026-10-08T14:34:24Z,14915,6,6,48000,3650,2520,0,1,10,10,642.0
2026-10-08T14:34:40Z,14931,6,6,48000,3650,2510,0,1,10,10,642.0
2026-10-08T14:34:56Z,14947,6,6,48000,3650,2520,0,1,10,10,642.0
2026-10-08T14:35:11Z,14963,6,6,48000,3650,2591,0,1,10,10,643.5
2026-10-08T14:35:27Z,14978,6,6,48000,3650,2381,0,1,10,10,642.0
2026-10-08T14:35:43Z,14994,6,6,48000,3650,2115,0,1,10,10,634.5
2026-10-08T14:35:58Z,15010,6,6,48000,3650,2168,0,1,10,10,636.0
2026-10-08T14:36:14Z,15025,6,6,48000,3650,1824,0,1,10,10,630.0
2026-10-08T14:36:30Z,15041,6,6,48000,3650,1749,0,1,10,10,627.0
2026-10-08T14:36:46Z,15057,6,6,48000,3650,1582,0,1,10,10,624.0
2026-10-08T14:37:01Z,15073,6,6,48000,3650,1500,0,1,10,10,621.0
2026-10-08T14:37:17Z,15088,6,6,48000,3650,1122,0,1,10,10,615.0
2026-10-08T14:37:32Z,15104,6,6,48000,3650,1147,0,1,10,10,616.5
2026-10-08T14:37:48Z,15119,6,6,48000,3650,999,0,1,10,10,615.0
2026-10-08T14:38:04Z,15135,6,6,48000,3650,1141,0,1,10,10,616.5
2026-10-08T14:38:19Z,15151,6,6,48000,3650,1151,0,1,10,10,616.5
2026-10-08T14:38:35Z,15166,6,6,48000,3650,1189,0,1,10,10,618.0
2026-10-08T14:38:51Z,15182,6,6,48000,3650,1165,0,1,10,10,618.0
2026-10-08T14:39:06Z,15198,6,6,48000,3650,936,0,1,10,10,615.0
2026-10-08T14:39:22Z,15213,6,6,48000,3650,894,0,1,10,10,610.5
2026-10-08T14:39:38Z,15229,6,6,48000,3650,739,0,1,10,10,609.0
2026-10-08T14:39:53Z,15245,6,6,48000,3650,619,0,1,10,10,607.5
2026-10-08T14:40:09Z,15260,6,6,48000,3650,554,0,1,10,10,607.5
2026-10-08T14:40:25Z,15276,6,6,48000,3650,595,0,1,10,10,604.5
2026-10-08T14:40:40Z,15292,6,6,48000,3650,618,0,1,10,10,606.0
2026-10-08T14:40:56Z,15307,6,6,48000,3650,616,0,1,10,10,609.0
2026-10-08T14:41:12Z,15323,6,6,48000,3650,630,0,1,10,10,606.0
2026-10-08T14:41:27Z,15339,6,6,48000,3650,517,0,1,10,10,606.0
2026-10-08T14:41:43Z,15354,6,6,48000,3650,377,0,1,10,10,603.0
2026-10-08T14:41:59Z,15370,6,6,48000,3650,378,0,1,10,10,601.5
2026-10-08T14:42:14Z,15386,6,6,48000,3650,523,0,1,10,10,606.0
2026-10-08T14:42:30Z,15401,6,6,48000,3650,647,0,1,10,10,606.0
2026-10-08T14:42:45Z,15417,6,6,48000,3650,713,0,1,10,10,607.5
2026-10-08T14:43:01Z,15432,6,6,48000,3650,888,0,1,10,10,613.5
2026-10-08T14:43:17Z,15448,6,6,48000,3650,910,0,1,10,10,612.0
2026-10-08T14:43:32Z,15464,6,6,48000,3650,879,0,1,10,10,613.5
2026-10-08T14:43:48Z,15479,6,6,48000,3650,751,0,1,10,10,610.5
2026-10-08T14:44:04Z,15495,6,6,48000,3650,954,0,1,10,10,615.0
2026-10-08T14:44:19Z,15511,6,6,48000,3450,951,0,1,10,9,613.5
2026-10-08T14:44:35Z,15526,6,6,48000,3450,1175,0,1,9,9,618.0
2026-10-08T14:44:51Z,15542,6,6,48000,3650,1259,0,1,9,10,619.5
2026-10-08T14:45:06Z,15558,6,6,48000,3650,1395,0,1,10,10,621.0
2026-10-08T14:45:22Z,15573,6,6,48000,3650,1474,0,1,10,10,621.0
2026-10-08T14:45:38Z,15589,6,6,48000,3650,1600,0,1,10,10,624.0
2026-10-08T14:45:54Z,15605,6,6,48000,3650,1838,0,1,10,10,630.0
2026-10-08T14:46:09Z,15621,6,6,48000,3650,1851,0,1,10,10,628.5
2026-10-08T14:46:25Z,15636,6,6,48000,3650,1852,0,1,10,10,628.5
2026-10-08T14:46:41Z,15652,6,6,48000,3650,1867,0,1,10,10,628.5
2026-10-08T14:46:56Z,15668,6,6,48000,3650,1591,0,1,10,10,624.0
2026-10-08T14:47:12Z,15683,6,6,48000,3650,1519,0,1,10,10,622.5
2026-10-08T14:47:28Z,15699,6,6,48000,3650,1429,0,1,10,10,622.5
2026-10-08T14:47:43Z,15715,6,6,48000,3650,1452,0,1,10,10,622.5
2026-10-08T14:47:59Z,15730,6,6,48000,3650,1469,0,1,10,10,624.0
2026-10-08T14:48:15Z,15746,6,6,48000,3650,1692,0,1,10,10,630.0
2026-10-08T14:48:31Z,15762,6,6,48000,3650,1801,0,1,10,10,628.5
2026-10-08T14:48:46Z,15778,6,6,48000,3650,1867,0,1,10,10,636.0
2026-10-08T14:49:02Z,15793,6,6,48000,3650,2127,0,1,10,10,636.0
2026-10-08T14:49:18Z,15809,6,6,48000,3650,2404,0,1,10,10,639.0
2026-10-08T14:49:33Z,15825,6,6,48000,3650,2523,0,1,10,10,642.0
2026-10-08T14:49:49Z,15840,6,6,48000,3650,2464,0,1,10,10,639.0
2026-10-08T14:50:05Z,15856,6,6,48000,3650,2494,0,1,10,10,642.0
2026-10-08T14:50:21Z,15872,6,6,48000,3650,2427,0,1,10,10,642.0
2026-10-08T14:50:36Z,15888,6,6,48000,3650,2149,0,1,10,10,636.0
2026-10-08T14:50:52Z,15903,6,6,48000,3650,2127,0,1,10,10,634.5
2026-10-08T14:51:08Z,15919,6,6,48000,3650,1801,0,1,10,10,630.0
2026-10-08T14:51:24Z,15935,6,6,48000,3650,1781,0,1,10,10,630.0
2026-10-08T14:51:39Z,15951,6,6,48000,3650,1555,0,1,10,10,622.5
2026-10-08T14:51:55Z,15966,6,6,48000,3650,1390,0,1,10,10,622.5
2026-10-08T14:52:10Z,15982,6,6,48000,3650,1357,0,1,10,10,621.0
2026-10-08T14:52:26Z,15997,6,6,48000,3650,1194,0,1,10,10,618.0
2026-10-08T14:52:42Z,16013,6,6,48000,3650,1155,0,1,10,10,618.0
2026-10-08T14:52:57Z,16029,6,6,48000,3650,1017,0,1,10,10,616.5
2026-10-08T14:53:13Z,16044,6,6,48000,3650,1170,0,1,10,10,618.0
2026-10-08T14:53:29Z,16060,6,6,48000,3650,1164,0,1,10,10,618.0
2026-10-08T14:53:44Z,16076,6,6,48000,3650,1163,0,1,10,10,618.0
2026-10-08T14:54:00Z,16091,6,6,48000,3650,1170,0,1,10,10,618.0
2026-10-08T14:54:16Z,16107,6,6,48000,3650,932,0,1,10,10,615.0
2026-10-08T14:54:31Z,16123,6,6,48000,3650,881,0,1,10,10,606.0
2026-10-08T14:54:47Z,16138,6,6,48000,3650,618,0,1,10,10,607.5
2026-10-08T14:55:03Z,16154,6,6,48000,3650,556,0,1,10,10,607.5
2026-10-08T14:55:18Z,16170,6,6,48000,3650,616,0,1,10,10,607.5
2026-10-08T14:55:34Z,16185,6,6,48000,3650,632,0,1,10,10,606.0
2026-10-08T14:55:50Z,16201,6,6,48000,3650,634,0,1,10,10,607.5
2026-10-08T14:56:05Z,16217,6,6,48000,3650,657,0,1,10,10,606.0
2026-10-08T14:56:21Z,16232,6,6,48000,3650,544,0,1,10,10,607.5
2026-10-08T14:56:36Z,16248,6,6,48000,3650,369,0,1,10,10,600.0
2026-10-08T14:56:52Z,16263,6,6,48000,3650,366,0,1,10,10,601.5
2026-10-08T14:57:08Z,16279,6,6,48000,3650,531,0,1,10,10,606.0
2026-10-08T14:57:23Z,16295,6,6,48000,3650,608,0,1,10,10,606.0
2026-10-08T14:57:39Z,16310,6,6,48000,3650,710,0,1,10,10,607.5
2026-10-08T14:57:55Z,16326,6,6,48000,3650,897,0,1,10,10,613.5
2026-10-08T14:58:10Z,16342,6,6,48000,3650,908,0,1,10,10,613.5
2026-10-08T14:58:26Z,16357,6,6,48000,3650,907,0,1,10,10,610.5
2026-10-08T14:58:42Z,16373,6,6,48000,3650,904,0,1,10,10,613.5
2026-10-08T14:58:57Z,16389,6,6,48000,3650,754,0,1,10,9,607.5
2026-10-08T14:59:13Z,16404,6,6,48000,3450,941,0,1,9,9,613.5
2026-10-08T14:59:29Z,16420,6,6,48000,3450,938,0,1,9,9,613.5
2026-10-08T14:59:44Z,16436,6,6,48000,3650,1151,0,1,9,10,616.5
2026-10-08T15:00:00Z,16451,6,6,48000,3650,1223,0,1,10,10,619.5
2026-10-08T15:00:16Z,16467,6,6,48000,3650,1430,0,1,10,10,621.0
2026-10-08T15:00:32Z,16483,6,6,48000,3650,1603,0,1,10,10,624.0
2026-10-08T15:00:47Z,16499,6,6,48000,3650,1878,0,1,10,10,628.5
2026-10-08T15:01:03Z,16514,6,6,48000,3650,1851,0,1,10,10,630.0
2026-10-08T15:01:19Z,16530,6,6,48000,3650,1840,0,1,10,10,630.0
2026-10-08T15:01:34Z,16546,6,6,48000,3650,1835,0,1,10,10,630.0
2026-10-08T15:01:50Z,16561,6,6,48000,3650,1568,0,1,10,10,624.0
2026-10-08T15:02:06Z,16577,6,6,48000,3650,1526,0,1,10,10,624.0
2026-10-08T15:02:21Z,16593,6,6,48000,3650,1421,0,1,10,10,621.0
2026-10-08T15:02:37Z,16608,6,6,48000,3650,1441,0,1,10,10,624.0
2026-10-08T15:02:53Z,16624,6,6,48000,3650,1524,0,1,10,10,624.0
2026-10-08T15:03:09Z,16640,6,6,48000,3650,1686,0,1,10,10,627.0
2026-10-08T15:03:24Z,16656,6,6,48000,3650,1829,0,1,10,10,630.0
2026-10-08T15:03:40Z,16671,6,6,48000,3650,1899,0,1,10,10,630.0
2026-10-08T15:03:56Z,16687,6,6,48000,3650,2225,0,1,10,10,637.5
2026-10-08T15:04:11Z,16703,6,6,48000,3650,2190,0,1,10,10,637.5
2026-10-08T15:04:27Z,16718,6,6,48000,3650,2445,0,1,10,10,640.5
2026-10-08T15:04:43Z,16734,6,6,48000,3650,2544,0,1,10,10,643.5
2026-10-08T15:04:59Z,16750,6,6,48000,3650,2539,0,1,10,10,645.0
2026-10-08T15:05:14Z,16766,6,6,48000,3650,2498,0,1,10,10,643.5
2026-10-08T15:05:30Z,16781,6,6,48000,3650,2416,0,1,10,10,640.5
2026-10-08T15:05:46Z,16797,6,6,48000,3650,2117,0,1,10,10,636.0
2026-10-08T15:06:01Z,16813,6,6,48000,3650,1844,0,1,10,10,630.0
2026-10-08T15:06:17Z,16828,6,6,48000,3650,1800,0,1,10,10,628.5
2026-10-08T15:06:33Z,16844,6,6,48000,3650,1672,0,1,10,10,628.5
2026-10-08T15:06:49Z,16860,6,6,48000,3650,1444,0,1,10,10,622.5
2026-10-08T15:07:04Z,16876,6,6,48000,3650,1424,0,1,10,10,621.0
2026-10-08T15:07:20Z,16891,6,6,48000,3650,1213,0,1,10,10,616.5
2026-10-08T15:07:36Z,16907,6,6,48000,3650,1177,0,1,10,10,618.0
2026-10-08T15:07:51Z,16923,6,6,48000,3650,1002,0,1,10,10,613.5
2026-10-08T15:08:07Z,16938,6,6,48000,3650,1204,0,1,10,10,618.0
2026-10-08T15:08:23Z,16954,6,6,48000,3650,1257,0,1,10,10,619.5
2026-10-08T15:08:38Z,16970,6,6,48000,3650,1219,0,1,10,10,618.0
2026-10-08T15:08:54Z,16985,6,6,48000,3650,1227,0,1,10,10,619.5
2026-10-08T15:09:10Z,17001,6,6,48000,3650,972,0,1,10,10,615.0
2026-10-08T15:09:25Z,17017,6,6,48000,3650,922,0,1,10,10,613.5
2026-10-08T15:09:41Z,17032,6,6,48000,3650,775,0,1,10,10,609.0
2026-10-08T15:09:57Z,17048,6,6,48000,3650,619,0,1,10,10,606.0
2026-10-08T15:10:12Z,17064,6,6,48000,3650,599,0,1,10,10,606.0
2026-10-08T15:10:28Z,17079,6,6,48000,3650,557,0,1,10,10,607.5
2026-10-08T15:10:44Z,17095,6,6,48000,3650,619,0,1,10,10,606.0
2026-10-08T15:10:59Z,17111,6,6,48000,3650,594,0,1,10,10,607.5
2026-10-08T15:11:15Z,17126,6,6,48000,3650,637,0,1,10,10,607.5
2026-10-08T15:11:30Z,17142,6,6,48000,3650,547,0,1,10,10,604.5
2026-10-08T15:11:46Z,17157,6,6,48000,3650,372,0,1,10,10,601.5
2026-10-08T15:12:02Z,17173,6,6,48000,3650,515,0,1,10,10,606.0
2026-10-08T15:12:17Z,17189,6,6,48000,3650,664,0,1,10,10,607.5
2026-10-08T15:12:33Z,17204,6,6,48000,3650,685,0,1,10,10,606.0
2026-10-08T15:12:49Z,17220,6,6,48000,3650,902,0,1,10,10,613.5
2026-10-08T15:13:04Z,17236,6,6,48000,3650,887,0,1,10,10,612.0
2026-10-08T15:13:20Z,17251,6,6,48000,3650,883,0,1,10,10,612.0
2026-10-08T15:13:36Z,17267,6,6,48000,3650,905,0,1,10,10,615.0
2026-10-08T15:13:51Z,17283,6,6,48000,3650,745,0,1,10,10,610.5
2026-10-08T15:14:07Z,17298,6,6,48000,3650,885,0,1,10,10,613.5
2026-10-08T15:14:23Z,17314,6,6,48000,3450,897,0,1,10,9,613.5
2026-10-08T15:14:38Z,17330,6,6,48000,3450,1135,0,1,9,9,616.5
2026-10-08T15:14:54Z,17345,6,6,48000,3450,1167,1,1,9,10,616.5
2026-10-08T15:15:10Z,17361,6,6,48000,3650,1368,0,1,10,10,622.5
2026-10-08T15:15:25Z,17377,6,6,48000,3650,1519,0,1,10,10,625.5
2026-10-08T15:15:41Z,17392,6,6,48000,3650,1526,0,1,10,10,624.0
2026-10-08T15:15:57Z,17408,6,6,48000,3650,1779,0,1,10,10,630.0
2026-10-08T15:16:12Z,17424,6,6,48000,3650,1801,0,1,10,10,630.0
2026-10-08T15:16:28Z,17439,6,6,48000,3650,1790,0,1,10,10,627.0
2026-10-08T15:16:44Z,17455,6,6,48000,3650,1777,0,1,10,10,630.0
2026-10-08T15:17:00Z,17471,6,6,48000,3650,1536,0,1,10,10,622.5
2026-10-08T15:17:15Z,17487,6,6,48000,3650,1477,0,1,10,10,622.5
2026-10-08T15:17:31Z,17502,6,6,48000,3650,1431,0,1,10,10,622.5
2026-10-08T15:17:47Z,17518,6,6,48000,3650,1520,0,1,10,10,624.0
2026-10-08T15:18:02Z,17534,6,6,48000,3650,1677,0,1,10,10,630.0
2026-10-08T15:18:18Z,17549,6,6,48000,3650,1897,0,1,10,10,631.5
2026-10-08T15:18:34Z,17565,6,6,48000,3650,1922,0,1,10,10,630.0
2026-10-08T15:18:49Z,17581,6,6,48000,3650,2195,0,1,10,10,637.5
2026-10-08T15:19:05Z,17596,6,6,48000,3650,2129,0,1,10,10,634.5
2026-10-08T15:19:21Z,17612,6,6,48000,3650,2417,0,1,10,10,640.5
2026-10-08T15:19:37Z,17628,6,6,48000,3650,2466,0,1,10,10,645.0
2026-10-08T15:19:52Z,17644,6,6,48000,3650,2493,0,1,10,10,643.5
2026-10-08T15:20:08Z,17659,6,6,48000,3650,2526,0,1,10,10,642.0
2026-10-08T15:20:24Z,17675,6,6,48000,3650,2414,0,1,10,10,640.5
2026-10-08T15:20:40Z,17691,6,6,48000,3650,2103,0,1,10,10,637.5
2026-10-08T15:20:55Z,17707,6,6,48000,3650,2149,0,1,10,10,636.0
2026-10-08T15:21:11Z,17722,6,6,48000,3650,1874,0,1,10,10,628.5
2026-10-08T15:21:27Z,17738,6,6,48000,3650,1793,0,1,10,10,630.0
2026-10-08T15:21:42Z,17754,6,6,48000,3650,1627,0,1,10,10,628.5
2026-10-08T15:21:58Z,17769,6,6,48000,3650,1508,0,1,10,10,622.5
2026-10-08T15:22:13Z,17785,6,6,48000,3650,1447,0,1,10,10,621.0
2026-10-08T15:22:29Z,17800,6,6,48000,3650,1240,0,1,10,10,619.5
2026-10-08T15:22:45Z,17816,6,6,48000,3650,1219,0,1,10,10,618.0
2026-10-08T15:23:00Z,17832,6,6,48000,3650,1024,0,1,10,10,616.5
2026-10-08T15:23:16Z,17847,6,6,48000,3650,1243,0,1,10,10,618.0
2026-10-08T15:23:32Z,17863,6,6,48000,3650,1208,0,1,10,10,618.0
2026-10-08T15:23:47Z,17879,6,6,48000,3650,1185,0,1,10,10,616.5
2026-10-08T15:24:03Z,17894,6,6,48000,3650,1007,0,1,10,10,615.0
2026-10-08T15:24:19Z,17910,6,6,48000,3650,944,0,1,10,10,613.5
2026-10-08T15:24:34Z,17926,6,6,48000,3650,794,0,1,10,10,612.0
2026-10-08T15:24:50Z,17941,6,6,48000,3650,627,0,1,10,10,606.0
2026-10-08T15:25:06Z,17957,6,6,48000,3650,589,0,1,10,10,606.0
2026-10-08T15:25:21Z,17973,6,6,48000,3650,547,0,1,10,10,606.0
2026-10-08T15:25:37Z,17988,6,6,48000,3650,607,0,1,10,10,606.0
2026-10-08T15:25:53Z,18004,6,6,48000,3650,631,0,1,10,10,606.0
2026-10-08T15:26:08Z,18020,6,6,48000,3650,608,0,1,10,10,606.0
2026-10-08T15:26:24Z,18035,6,6,48000,3650,581,0,1,10,10,604.5
2026-10-08T15:26:40Z,18051,6,6,48000,3650,365,0,1,10,10,600.0
2026-10-08T15:26:55Z,18067,6,6,48000,3650,371,0,1,10,10,601.5
2026-10-08T15:27:11Z,18082,6,6,48000,3650,484,0,1,10,10,606.0
2026-10-08T15:27:26Z,18098,6,6,48000,3650,599,0,1,10,10,607.5
2026-10-08T15:27:42Z,18113,6,6,48000,3650,665,0,1,10,10,606.0
2026-10-08T15:27:58Z,18129,6,6,48000,3650,900,0,1,10,10,612.0
2026-10-08T15:28:13Z,18145,6,6,48000,3650,911,0,1,10,10,613.5
2026-10-08T15:28:29Z,18160,6,6,48000,3650,885,0,1,10,10,612.0
2026-10-08T15:28:45Z,18176,6,6,48000,3650,881,0,1,10,10,613.5
2026-10-08T15:29:00Z,18192,6,6,48000,3650,716,0,1,10,10,609.0
2026-10-08T15:29:16Z,18207,6,6,48000,3450,887,0,1,10,9,613.5
2026-10-08T15:29:32Z,18223,6,6,48000,3450,1123,0,1,9,9,616.5
2026-10-08T15:29:47Z,18239,6,6,48000,3450,1125,0,1,9,9,616.5
2026-10-08T15:30:03Z,18254,6,6,48000,3650,1342,0,1,9,10,619.5
2026-10-08T15:30:19Z,18270,6,6,48000,3650,1468,0,1,10,10,624.0
2026-10-08T15:30:34Z,18286,6,6,48000,3650,1541,0,1,10,10,622.5
2026-10-08T15:30:50Z,18301,6,6,48000,3650,1895,0,1,10,10,630.0
2026-10-08T15:31:06Z,18317,6,6,48000,3650,1795,0,1,10,10,628.5
2026-10-08T15:31:21Z,18333,6,6,48000,3650,1807,0,1,10,10,630.0
2026-10-08T15:31:37Z,18348,6,6,48000,3650,1788,0,1,10,10,630.0
2026-10-08T15:31:53Z,18364,6,6,48000,3650,1581,0,1,10,10,625.5
2026-10-08T15:32:08Z,18380,6,6,48000,3650,1458,0,1,10,10,621.0
2026-10-08T15:32:24Z,18395,6,6,48000,3650,1439,0,1,10,10,622.5
2026-10-08T15:32:40Z,18411,6,6,48000,3650,1421,0,1,10,10,621.0
2026-10-08T15:32:55Z,18427,6,6,48000,3650,1467,0,1,10,10,621.0
2026-10-08T15:33:11Z,18442,6,6,48000,3650,1619,0,1,10,10,625.5
2026-10-08T15:33:27Z,18458,6,6,48000,3650,1798,0,1,10,10,630.0
2026-10-08T15:33:43Z,18474,6,6,48000,3650,1833,0,1,10,10,630.0
2026-10-08T15:33:58Z,18490,6,6,48000,3650,2184,0,1,10,10,636.0
2026-10-08T15:34:14Z,18505,6,6,48000,3650,2130,0,1,10,10,636.0
2026-10-08T15:34:30Z,18521,6,6,48000,3650,2407,0,1,10,10,640.5
2026-10-08T15:34:45Z,18537,6,6,48000,3650,2520,0,1,10,10,642.0
2026-10-08T15:35:01Z,18552,6,6,48000,3650,2458,0,1,10,10,643.5
2026-10-08T15:35:17Z,18568,6,6,48000,3650,2437,0,1,10,10,642.0
2026-10-08T15:35:33Z,18584,6,6,48000,3650,2127,0,1,10,10,636.0
2026-10-08T15:35:48Z,18600,6,6,48000,3650,2162,0,1,10,10,637.5
2026-10-08T15:36:04Z,18615,6,6,48000,3650,1823,0,1,10,10,630.0
2026-10-08T15:36:20Z,18631,6,6,48000,3650,1765,0,1,10,10,627.0
2026-10-08T15:36:35Z,18647,6,6,48000,3650,1612,0,1,10,10,624.0
2026-10-08T15:36:51Z,18662,6,6,48000,3650,1499,0,1,10,10,624.0
2026-10-08T15:37:07Z,18678,6,6,48000,3650,1371,0,1,10,10,621.0
2026-10-08T15:37:22Z,18694,6,6,48000,3650,1138,0,1,10,10,616.5
2026-10-08T15:37:38Z,18709,6,6,48000,3650,1135,0,1,10,10,616.5
2026-10-08T15:37:54Z,18725,6,6,48000,3650,1011,0,1,10,10,615.0
2026-10-08T15:38:09Z,18741,6,6,48000,3650,1179,0,1,10,10,618.0
2026-10-08T15:38:25Z,18756,6,6,48000,3650,1211,0,1,10,10,616.5
2026-10-08T15:38:41Z,18772,6,6,48000,3650,1188,0,1,10,10,616.5
2026-10-08T15:38:56Z,18788,6,6,48000,3650,1195,0,1,10,10,618.0
2026-10-08T15:39:12Z,18803,6,6,48000,3650,972,0,1,10,10,615.0
2026-10-08T15:39:28Z,18819,6,6,48000,3650,897,0,1,10,10,613.5
2026-10-08T15:39:43Z,18835,6,6,48000,3650,763,0,1,10,10,609.0
2026-10-08T15:39:59Z,18850,6,6,48000,3650,588,0,1,10,10,606.0
2026-10-08T15:40:15Z,18866,6,6,48000,3650,583,0,1,10,10,606.0
2026-10-08T15:40:30Z,18882,6,6,48000,3650,550,0,1,10,10,606.0
2026-10-08T15:40:46Z,18897,6,6,48000,3650,612,0,1,10,10,606.0
2026-10-08T15:41:01Z,18913,6,6,48000,3650,619,0,1,10,10,607.5
2026-10-08T15:41:17Z,18928,6,6,48000,3650,586,0,1,10,10,606.0
2026-10-08T15:41:33Z,18944,6,6,48000,3650,357,0,1,10,10,600.0
2026-10-08T15:41:48Z,18960,6,6,48000,3650,372,0,1,10,10,601.5
2026-10-08T15:42:04Z,18975,6,6,48000,3650,484,0,1,10,10,604.5
2026-10-08T15:42:20Z,18991,6,6,48000,3650,615,0,1,10,10,607.5
2026-10-08T15:42:35Z,19007,6,6,48000,3650,654,0,1,10,10,607.5
2026-10-08T15:42:51Z,19022,6,6,48000,3650,904,0,1,10,10,613.5
2026-10-08T15:43:07Z,19038,6,6,48000,3650,906,0,1,10,10,615.0
2026-10-08T15:43:22Z,19054,6,6,48000,3650,892,0,1,10,10,613.5
2026-10-08T15:43:38Z,19069,6,6,48000,3650,871,0,1,10,10,613.5
2026-10-08T15:43:54Z,19085,6,6,48000,3650,758,0,1,10,10,609.0
2026-10-08T15:44:09Z,19101,6,6,48000,3650,921,0,1,10,10,612.0
2026-10-08T15:44:25Z,19116,6,6,48000,3450,952,0,1,9,9,615.0
2026-10-08T15:44:41Z,19132,6,6,48000,3450,1148,0,1,9,9,616.5
2026-10-08T15:44:56Z,19148,6,6,48000,3650,1143,0,1,9,10,616.5
2026-10-08T15:45:12Z,19163,6,6,48000,3650,1209,0,1,10,10,618.0
2026-10-08T15:45:28Z,19179,6,6,48000,3650,1547,0,1,10,10,625.5
2026-10-08T15:45:43Z,19195,6,6,48000,3650,1439,0,1,10,10,622.5
2026-10-08T15:45:59Z,19210,6,6,48000,3650,1782,0,1,10,10,630.0
2026-10-08T15:46:15Z,19226,6,6,48000,3650,1905,0,1,10,10,630.0
2026-10-08T15:46:30Z,19242,6,6,48000,3650,1896,0,1,10,10,631.5
2026-10-08T15:46:46Z,19257,6,6,48000,3650,1850,0,1,10,10,628.5
2026-10-08T15:47:02Z,19273,6,6,48000,3650,1443,0,1,10,10,622.5
2026-10-08T15:47:17Z,19289,6,6,48000,3650,1425,0,1,10,10,622.5
2026-10-08T15:47:33Z,19304,6,6,48000,3650,1335,0,1,10,10,619.5
2026-10-08T15:47:49Z,19320,6,6,48000,3650,1557,0,1,10,10,624.0
2026-10-08T15:48:04Z,19336,6,6,48000,3650,1537,0,1,10,10,627.0
2026-10-08T15:48:20Z,19351,6,6,48000,3650,1805,0,1,10,10,628.5
2026-10-08T15:48:36Z,19367,6,6,48000,3650,1818,0,1,10,10,630.0
2026-10-08T15:48:52Z,19383,6,6,48000,3650,1999,0,1,10,10,633.0
2026-10-08T15:49:07Z,19399,6,6,48000,3650,2170,0,1,10,10,637.5
2026-10-08T15:49:23Z,19414,6,6,48000,3650,2328,0,1,10,10,639.0
2026-10-08T15:49:39Z,19430,6,6,48000,3650,2542,0,1,10,10,643.5
2026-10-08T15:49:54Z,19446,6,6,48000,3650,2496,0,1,10,10,643.5
2026-10-08T15:50:10Z,19461,6,6,48000,3650,2526,0,1,10,10,645.0
2026-10-08T15:50:26Z,19477,6,6,48000,3650,2473,0,1,10,10,642.0
2026-10-08T15:50:42Z,19493,6,6,48000,3650,2116,0,1,10,10,634.5
2026-10-08T15:50:57Z,19509,6,6,48000,3650,2082,0,1,10,10,636.0
2026-10-08T15:51:13Z,19524,6,6,48000,3650,1923,0,1,10,10,631.5
2026-10-08T15:51:29Z,19540,6,6,48000,3650,1774,0,1,10,10,630.0
2026-10-08T15:51:44Z,19556,6,6,48000,3650,1778,0,1,10,10,628.5
2026-10-08T15:52:00Z,19571,6,6,48000,3650,1485,0,1,10,10,622.5
2026-10-08T15:52:16Z,19587,6,6,48000,3650,1538,0,1,10,10,627.0
2026-10-08T15:52:31Z,19603,6,6,48000,3650,1267,0,1,10,10,618.0
2026-10-08T15:52:47Z,19618,6,6,48000,3650,1064,0,1,10,10,616.5
2026-10-08T15:53:03Z,19634,6,6,48000,3650,1233,0,1,10,10,619.5
2026-10-08T15:53:18Z,19650,6,6,48000,3650,1194,0,1,10,10,618.0
2026-10-08T15:53:34Z,19665,6,6,48000,3650,1246,0,1,10,10,616.5
2026-10-08T15:53:50Z,19681,6,6,48000,3650,1193,0,1,10,10,618.0
2026-10-08T15:54:05Z,19697,6,6,48000,3650,1073,0,1,10,10,616.5
2026-10-08T15:54:21Z,19712,6,6,48000,3650,894,0,1,10,10,615.0
2026-10-08T15:54:37Z,19728,6,6,48000,3650,858,0,1,10,10,612.0
2026-10-08T15:54:52Z,19744,6,6,48000,3650,677,0,1,10,10,607.5
2026-10-08T15:55:08Z,19759,6,6,48000,3650,588,0,1,10,10,606.0
2026-10-08T15:55:24Z,19775,6,6,48000,3650,543,0,1,10,10,606.0
2026-10-08T15:55:39Z,19791,6,6,48000,3650,631,0,1,10,10,607.5
2026-10-08T15:55:55Z,19806,6,6,48000,3650,641,0,1,10,10,606.0
2026-10-08T15:56:10Z,19822,6,6,48000,3650,648,0,1,10,10,606.0
2026-10-08T15:56:26Z,19837,6,6,48000,3650,623,0,1,10,10,606.0
2026-10-08T15:56:42Z,19853,6,6,48000,3650,370,0,1,10,10,603.0
2026-10-08T15:56:57Z,19869,6,6,48000,3650,372,0,1,10,10,601.5
2026-10-08T15:57:13Z,19884,6,6,48000,3650,400,0,1,10,10,601.5
2026-10-08T15:57:29Z,19900,6,6,48000,3650,593,0,1,10,10,606.0
2026-10-08T15:57:44Z,19916,6,6,48000,3650,626,0,1,10,10,606.0
2026-10-08T15:58:00Z,19931,6,6,48000,3650,788,0,1,10,10,610.5
2026-10-08T15:58:16Z,19947,6,6,48000,3650,883,0,1,10,10,613.5
2026-10-08T15:58:31Z,19963,6,6,48000,3650,867,0,1,10,10,612.0
2026-10-08T15:58:47Z,19978,6,6,48000,3650,784,0,1,10,10,610.5
2026-10-08T15:59:03Z,19994,6,6,48000,3650,851,0,1,10,10,612.0
2026-10-08T15:59:18Z,20010,6,6,48000,3450,877,0,1,10,9,612.0
2026-10-08T15:59:34Z,20025,6,6,48000,3250,1034,0,1,9,8,615.0
2026-10-08T15:59:50Z,20041,6,6,48000,3250,1140,0,1,8,8,618.0
2026-10-08T16:00:05Z,20057,6,6,48000,3650,1185,0,1,8,10,616.5
2026-10-08T16:00:21Z,20072,6,6,48000,3650,1441,0,1,10,10,624.0
2026-10-08T16:00:37Z,20088,6,6,48000,3650,1457,0,1,10,10,622.5
2026-10-08T16:00:52Z,20104,6,6,48000,3650,1617,0,1,10,10,625.5
2026-10-08T16:01:08Z,20119,6,6,48000,3650,1815,0,1,10,10,630.0
2026-10-08T16:01:24Z,20135,6,6,48000,3650,1697,0,1,10,10,628.5
2026-10-08T16:01:39Z,20151,6,6,48000,3650,1722,0,1,10,10,628.5
2026-10-08T16:01:55Z,20166,6,6,48000,3650,1601,0,1,10,10,625.5
2026-10-08T16:02:11Z,20182,6,6,48000,3650,1465,0,1,10,10,624.0
2026-10-08T16:02:26Z,20198,6,6,48000,3650,1392,0,1,10,10,621.0
2026-10-08T16:02:42Z,20213,6,6,48000,3650,1238,0,1,10,10,618.0
2026-10-08T16:02:58Z,20229,6,6,48000,3650,1457,0,1,10,10,622.5
2026-10-08T16:03:14Z,20245,6,6,48000,3650,1464,0,1,10,10,621.0
2026-10-08T16:03:29Z,20261,6,6,48000,3650,1784,0,1,10,10,631.5
2026-10-08T16:03:45Z,20276,6,6,48000,3650,1884,0,1,10,10,631.5
2026-10-08T16:04:01Z,20292,6,6,48000,3650,2004,0,1,10,10,633.0
2026-10-08T16:04:16Z,20308,6,6,48000,3650,2087,0,1,10,10,639.0
2026-10-08T16:04:32Z,20323,6,6,48000,3650,2556,0,1,10,10,643.5
2026-10-08T16:04:48Z,20339,6,6,48000,3650,2476,0,1,10,10,642.0
2026-10-08T16:05:04Z,20355,6,6,48000,3650,2472,0,1,10,10,642.0
2026-10-08T16:05:19Z,20371,6,6,48000,3650,2496,0,1,10,10,643.5
2026-10-08T16:05:35Z,20386,6,6,48000,3650,2017,0,1,10,10,633.0
2026-10-08T16:05:51Z,20402,6,6,48000,3650,2137,0,1,10,10,636.0
2026-10-08T16:06:06Z,20418,6,6,48000,3650,1976,0,1,10,10,633.0
2026-10-08T16:06:22Z,20433,6,6,48000,3650,1807,0,1,10,10,628.5
2026-10-08T16:06:38Z,20449,6,6,48000,3650,1760,0,1,10,10,630.0
2026-10-08T16:06:53Z,20465,6,6,48000,3650,1496,0,1,10,10,621.0
2026-10-08T16:07:09Z,20480,6,6,48000,3650,1504,0,1,10,10,622.5
2026-10-08T16:07:25Z,20496,6,6,48000,3650,1274,0,1,10,10,621.0
2026-10-08T16:07:40Z,20512,6,6,48000,3650,1137,0,1,10,10,616.5
2026-10-08T16:07:56Z,20527,6,6,48000,3650,1091,0,1,10,10,616.5
2026-10-08T16:08:12Z,20543,6,6,48000,3650,1209,0,1,10,10,618.0
2026-10-08T16:08:27Z,20559,6,6,48000,3650,1180,0,1,10,10,616.5
2026-10-08T16:08:43Z,20574,6,6,48000,3650,1206,0,1,10,10,619.5
2026-10-08T16:08:59Z,20590,6,6,48000,3650,1179,0,1,10,10,616.5
2026-10-08T16:09:14Z,20606,6,6,48000,3650,1032,0,1,10,10,615.0
2026-10-08T16:09:30Z,20621,6,6,48000,3650,909,0,1,10,10,613.5
2026-10-08T16:09:46Z,20637,6,6,48000,3650,850,0,1,10,10,612.0
2026-10-08T16:10:01Z,20653,6,6,48000,3650,686,0,1,10,10,606.0
2026-10-08T16:10:17Z,20668,6,6,48000,3650,550,0,1,10,10,606.0
2026-10-08T16:10:33Z,20684,6,6,48000,3650,645,0,1,10,10,606.0
2026-10-08T16:10:48Z,20700,6,6,48000,3650,638,0,1,10,10,606.0
2026-10-08T16:11:04Z,20715,6,6,48000,3650,637,0,1,10,10,606.0
2026-10-08T16:11:19Z,20731,6,6,48000,3650,651,0,1,10,10,607.5
2026-10-08T16:11:35Z,20746,6,6,48000,3650,365,0,1,10,10,603.0
2026-10-08T16:11:51Z,20762,6,6,48000,3650,366,0,1,10,10,601.5
2026-10-08T16:12:06Z,20778,6,6,48000,3650,380,0,1,10,10,601.5
2026-10-08T16:12:22Z,20793,6,6,48000,3650,602,0,1,10,10,606.0
2026-10-08T16:12:38Z,20809,6,6,48000,3650,636,0,1,10,10,606.0
2026-10-08T16:12:53Z,20825,6,6,48000,3650,786,0,1,10,10,609.0
2026-10-08T16:13:09Z,20840,6,6,48000,3650,885,0,1,10,10,613.5
2026-10-08T16:13:25Z,20856,6,6,48000,3650,868,0,1,10,10,613.5
2026-10-08T16:13:40Z,20872,6,6,48000,3650,891,0,1,10,10,613.5
2026-10-08T16:13:56Z,20887,6,6,48000,3650,750,0,1,10,10,609.0
2026-10-08T16:14:12Z,20903,6,6,48000,3650,864,0,1,10,10,613.5
2026-10-08T16:14:27Z,20919,6,6,48000,3450,869,0,1,9,8,613.5
2026-10-08T16:14:43Z,20934,6,6,48000,3250,1014,0,1,8,8,615.0
2026-10-08T16:14:59Z,20950,6,6,48000,3650,1139,0,1,8,10,618.0
2026-10-08T16:15:14Z,20966,6,6,48000,3650,1237,0,1,10,10,619.5
2026-10-08T16:15:30Z,20981,6,6,48000,3650,1436,0,1,10,10,622.5
2026-10-08T16:15:46Z,20997,6,6,48000,3650,1455,0,1,10,10,624.0
2026-10-08T16:16:01Z,21013,6,6,48000,3650,1707,0,1,10,10,627.0
2026-10-08T16:16:17Z,21028,6,6,48000,3650,1833,0,1,10,10,630.0
2026-10-08T16:16:33Z,21044,6,6,48000,3650,1809,0,1,10,10,628.5
2026-10-08T16:16:48Z,21060,6,6,48000,3650,1645,0,1,10,10,625.5
2026-10-08T16:17:04Z,21075,6,6,48000,3650,1398,0,1,10,10,621.0
2026-10-08T16:17:20Z,21091,6,6,48000,3650,1466,0,1,10,10,621.0
2026-10-08T16:17:35Z,21107,6,6,48000,3650,1296,0,1,10,10,619.5
2026-10-08T16:17:51Z,21122,6,6,48000,3650,1403,0,1,10,10,621.0
2026-10-08T16:18:07Z,21138,6,6,48000,3650,1500,0,1,10,10,622.5
2026-10-08T16:18:22Z,21154,6,6,48000,3650,1704,0,1,10,10,630.0
2026-10-08T16:18:38Z,21169,6,6,48000,3650,1778,0,1,10,10,630.0
2026-10-08T16:18:54Z,21185,6,6,48000,3650,2013,0,1,10,10,634.5
2026-10-08T16:19:10Z,21201,6,6,48000,3650,1982,0,1,10,10,633.0
2026-10-08T16:19:25Z,21217,6,6,48000,3650,2188,0,1,10,10,637.5
2026-10-08T16:19:41Z,21232,6,6,48000,3650,2509,0,1,10,10,642.0
2026-10-08T16:19:57Z,21248,6,6,48000,3650,2519,0,1,10,10,643.5
2026-10-08T16:20:13Z,21264,6,6,48000,3650,2486,0,1,10,10,642.0
2026-10-08T16:20:28Z,21280,6,6,48000,3650,2513,0,1,10,10,643.5
2026-10-08T16:20:44Z,21295,6,6,48000,3650,2101,0,1,10,10,634.5
2026-10-08T16:21:00Z,21311,6,6,48000,3650,2115,0,1,10,10,636.0
2026-10-08T16:21:15Z,21327,6,6,48000,3650,2005,0,1,10,10,633.0
2026-10-08T16:21:31Z,21342,6,6,48000,3650,1755,0,1,10,10,628.5
2026-10-08T16:21:47Z,21358,6,6,48000,3650,1458,0,1,10,10,624.0
2026-10-08T16:22:02Z,21374,6,6,48000,3650,1430,0,1,10,10,622.5
2026-10-08T16:22:18Z,21389,6,6,48000,3650,1264,0,1,10,10,621.0
2026-10-08T16:22:34Z,21405,6,6,48000,3650,1180,0,1,10,10,618.0
2026-10-08T16:22:49Z,21421,6,6,48000,3650,1086,0,1,10,10,615.0
2026-10-08T16:23:05Z,21436,6,6,48000,3650,1136,0,1,10,10,616.5
2026-10-08T16:23:21Z,21452,6,6,48000,3650,1185,0,1,10,10,616.5
2026-10-08T16:23:36Z,21468,6,6,48000,3650,1196,0,1,10,10,616.5
2026-10-08T16:23:52Z,21483,6,6,48000,3650,1148,0,1,10,10,616.5
2026-10-08T16:24:08Z,21499,6,6,48000,3650,1093,0,1,10,10,616.5
2026-10-08T16:24:23Z,21515,6,6,48000,3650,883,0,1,10,10,613.5
2026-10-08T16:24:39Z,21530,6,6,48000,3650,904,0,1,10,10,613.5
2026-10-08T16:24:55Z,21546,6,6,48000,3650,648,0,1,10,10,606.0
2026-10-08T16:25:10Z,21562,6,6,48000,3650,629,0,1,10,10,607.5
2026-10-08T16:25:26Z,21577,6,6,48000,3650,533,0,1,10,10,606.0
2026-10-08T16:25:41Z,21593,6,6,48000,3650,614,0,1,10,10,606.0
2026-10-08T16:25:57Z,21608,6,6,48000,3650,606,0,1,10,10,607.5
2026-10-08T16:26:13Z,21624,6,6,48000,3650,644,0,1,10,10,606.0
2026-10-08T16:26:28Z,21640,6,6,48000,3650,620,0,1,10,10,606.0
2026-10-08T16:26:44Z,21655,6,6,48000,3650,394,0,1,10,10,604.5
2026-10-08T16:27:00Z,21671,6,6,48000,3650,365,0,1,10,10,601.5
2026-10-08T16:27:15Z,21687,6,6,48000,3650,385,0,1,10,10,601.5
2026-10-08T16:27:31Z,21702,6,6,48000,3650,564,0,1,10,10,606.0
2026-10-08T16:27:47Z,21718,6,6,48000,3650,772,0,1,10,10,610.5
2026-10-08T16:28:02Z,21734,6,6,48000,3650,915,0,1,10,10,613.5
2026-10-08T16:28:18Z,21749,6,6,48000,3650,896,0,1,10,10,615.0
2026-10-08T16:28:34Z,21765,6,6,48000,3650,936,0,1,10,10,613.5
2026-10-08T16:28:49Z,21781,6,6,48000,3650,835,0,1,10,10,613.5
2026-10-08T16:29:05Z,21796,6,6,48000,3650,839,0,1,10,10,610.5
2026-10-08T16:29:21Z,21812,6,6,48000,3450,935,1,1,10,9,615.0
2026-10-08T16:29:36Z,21828,6,6,48000,3450,1004,0,1,9,9,615.0
2026-10-08T16:29:52Z,21843,6,6,48000,3450,1150,0,1,9,9,616.5
2026-10-08T16:30:07Z,21859,6,6,48000,3650,1117,0,1,9,10,616.5
2026-10-08T16:30:23Z,21874,6,6,48000,3650,1405,0,1,10,10,622.5
2026-10-08T16:30:39Z,21890,6,6,48000,3650,1318,0,1,10,10,621.0
2026-10-08T16:30:54Z,21906,6,6,48000,3650,1553,0,1,10,10,624.0
2026-10-08T16:31:10Z,21921,6,6,48000,3650,1685,0,1,10,10,628.5
2026-10-08T16:31:26Z,21937,6,6,48000,3650,1702,0,1,10,10,628.5
2026-10-08T16:31:41Z,21953,6,6,48000,3650,1604,0,1,10,10,625.5
2026-10-08T16:31:57Z,21968,6,6,48000,3650,1647,0,1,10,10,627.0
2026-10-08T16:32:13Z,21984,6,6,48000,3650,1388,0,1,10,10,621.0
2026-10-08T16:32:28Z,22000,6,6,48000,3650,1383,0,1,10,10,619.5
2026-10-08T16:32:44Z,22015,6,6,48000,3650,1215,0,1,10,10,616.5
2026-10-08T16:33:00Z,22031,6,6,48000,3650,1366,0,1,10,10,621.0
2026-10-08T16:33:15Z,22047,6,6,48000,3650,1382,0,1,10,10,621.0
2026-10-08T16:33:31Z,22062,6,6,48000,3650,1637,0,1,10,10,627.0
2026-10-08T16:33:47Z,22078,6,6,48000,3650,1877,0,1,10,10,633.0
2026-10-08T16:34:02Z,22094,6,6,48000,3650,2041,0,1,10,10,633.0
2026-10-08T16:34:18Z,22109,6,6,48000,3650,2068,0,1,10,10,634.5
2026-10-08T16:34:34Z,22125,6,6,48000,3650,2444,0,1,10,10,642.0
2026-10-08T16:34:49Z,22141,6,6,48000,3650,2324,0,1,10,10,639.0
2026-10-08T16:35:05Z,22156,6,6,48000,3650,2363,0,1,10,10,639.0
2026-10-08T16:35:21Z,22172,6,6,48000,3650,2333,0,1,10,10,640.5
2026-10-08T16:35:37Z,22188,6,6,48000,3650,2023,0,1,10,10,633.0
2026-10-08T16:35:52Z,22204,6,6,48000,3650,2010,0,1,10,10,630.0
2026-10-08T16:36:08Z,22219,6,6,48000,3650,1909,0,1,10,10,631.5
2026-10-08T16:36:24Z,22235,6,6,48000,3650,1684,0,1,10,10,628.5
2026-10-08T16:36:39Z,22251,6,6,48000,3650,1703,0,1,10,10,627.0
2026-10-08T16:36:55Z,22266,6,6,48000,3650,1418,0,1,10,10,621.0
2026-10-08T16:37:10Z,22282,6,6,48000,3650,1386,0,1,10,10,622.5
2026-10-08T16:37:26Z,22297,6,6,48000,3650,1252,0,1,10,10,618.0
2026-10-08T16:37:42Z,22313,6,6,48000,3650,1068,0,1,10,10,616.5
2026-10-08T16:37:57Z,22329,6,6,48000,3650,1037,0,1,10,10,615.0
2026-10-08T16:38:13Z,22344,6,6,48000,3650,1053,0,1,10,10,615.0
2026-10-08T16:38:29Z,22360,6,6,48000,3650,1097,0,1,10,10,615.0
2026-10-08T16:38:44Z,22376,6,6,48000,3650,1145,0,1,10,10,616.5
2026-10-08T16:39:00Z,22391,6,6,48000,3650,1084,0,1,10,10,615.0
2026-10-08T16:39:16Z,22407,6,6,48000,3650,1070,0,1,10,10,615.0
2026-10-08T16:39:31Z,22423,6,6,48000,3650,821,0,1,10,10,610.5
2026-10-08T16:39:47Z,22438,6,6,48000,3650,620,0,1,10,10,606.0
2026-10-08T16:40:02Z,22454,6,6,48000,3650,621,0,1,10,10,609.0
2026-10-08T16:40:18Z,22469,6,6,48000,3650,536,0,1,10,10,604.5
2026-10-08T16:40:34Z,22485,6,6,48000,3650,605,0,1,10,10,606.0
2026-10-08T16:40:49Z,22501,6,6,48000,3650,615,0,1,10,10,606.0
2026-10-08T16:41:05Z,22516,6,6,48000,3650,615,0,1,10,10,606.0
2026-10-08T16:41:20Z,22532,6,6,48000,3650,617,0,1,10,10,606.0
2026-10-08T16:41:36Z,22547,6,6,48000,3650,405,0,1,10,10,603.0
2026-10-08T16:41:52Z,22563,6,6,48000,3650,347,0,1,10,10,600.0
2026-10-08T16:42:07Z,22579,6,6,48000,3650,376,0,1,10,10,600.0
2026-10-08T16:42:23Z,22594,6,6,48000,3650,545,0,1,10,10,607.5
2026-10-08T16:42:39Z,22610,6,6,48000,3650,592,0,1,10,10,606.0
2026-10-08T16:42:54Z,22626,6,6,48000,3650,715,0,1,10,10,606.0
2026-10-08T16:43:10Z,22641,6,6,48000,3650,834,0,1,10,10,610.5
2026-10-08T16:43:25Z,22657,6,6,48000,3650,824,0,1,10,10,613.5
2026-10-08T16:43:41Z,22672,6,6,48000,3650,843,0,1,10,10,613.5
2026-10-08T16:43:57Z,22688,6,6,48000,3650,765,0,1,10,10,609.0
2026-10-08T16:44:12Z,22704,6,6,48000,3650,848,0,1,10,10,613.5
2026-10-08T16:44:28Z,22719,6,6,48000,3450,895,0,1,10,9,615.0
2026-10-08T16:44:44Z,22735,6,6,48000,3250,964,0,1,8,8,613.5
2026-10-08T16:44:59Z,22751,6,6,48000,3250,1123,2,1,8,10,616.5
2026-10-08T16:45:15Z,22766,6,6,48000,3650,1130,0,1,10,10,616.5
2026-10-08T16:45:31Z,22782,6,6,48000,3650,1393,0,1,10,10,621.0
2026-10-08T16:45:46Z,22798,6,6,48000,3650,1343,0,1,10,10,622.5
2026-10-08T16:46:02Z,22813,6,6,48000,3650,1731,0,1,10,10,628.5
2026-10-08T16:46:18Z,22829,6,6,48000,3650,1704,0,1,10,10,630.0
2026-10-08T16:46:33Z,22845,6,6,48000,3650,1741,0,1,10,10,627.0
2026-10-08T16:46:49Z,22860,6,6,48000,3650,1660,0,1,10,10,628.5
2026-10-08T16:47:05Z,22876,6,6,48000,3650,1411,0,1,10,10,622.5
2026-10-08T16:47:20Z,22892,6,6,48000,3650,1419,0,1,10,10,621.0
2026-10-08T16:47:36Z,22907,6,6,48000,3650,1193,0,1,10,10,616.5
2026-10-08T16:47:51Z,22923,6,6,48000,3650,1416,0,1,10,10,622.5
2026-10-08T16:48:07Z,22938,6,6,48000,3650,1463,0,1,10,10,621.0
2026-10-08T16:48:23Z,22954,6,6,48000,3650,1695,0,1,10,10,627.0
2026-10-08T16:48:38Z,22970,6,6,48000,3650,1745,0,1,10,10,628.5
2026-10-08T16:48:54Z,22985,6,6,48000,3650,1910,0,1,10,10,631.5
2026-10-08T16:49:10Z,23001,6,6,48000,3650,2032,1,1,10,10,634.5
2026-10-08T16:49:26Z,23017,6,6,48000,3650,2097,0,1,10,10,637.5
2026-10-08T16:49:41Z,23033,6,6,48000,3650,2379,0,1,10,10,640.5
2026-10-08T16:49:57Z,23048,6,6,48000,3650,2356,0,1,10,10,639.0
2026-10-08T16:50:13Z,23064,6,6,48000,3650,2380,0,1,10,10,640.5
2026-10-08T16:50:28Z,23080,6,6,48000,3650,2377,0,1,10,10,640.5
2026-10-08T16:50:44Z,23095,6,6,48000,3650,2071,0,1,10,10,633.0
2026-10-08T16:51:00Z,23111,6,6,48000,3650,1985,0,1,10,10,634.5
2026-10-08T16:51:15Z,23127,6,6,48000,3650,1986,0,1,10,10,633.0
2026-10-08T16:51:31Z,23142,6,6,48000,3650,1732,0,1,10,10,628.5
2026-10-08T16:51:47Z,23158,6,6,48000,3650,1457,0,1,10,10,619.5
2026-10-08T16:52:02Z,23174,6,6,48000,3650,1386,0,1,10,10,621.0
2026-10-08T16:52:18Z,23189,6,6,48000,3650,1280,0,1,10,10,618.0
2026-10-08T16:52:34Z,23205,6,6,48000,3650,1135,0,1,10,10,615.0
2026-10-08T16:52:49Z,23221,6,6,48000,3650,1077,0,1,10,10,615.0
2026-10-08T16:53:05Z,23236,6,6,48000,3650,1100,0,1,10,10,616.5
2026-10-08T16:53:21Z,23252,6,6,48000,3650,1121,0,1,10,10,616.5
2026-10-08T16:53:36Z,23268,6,6,48000,3650,1140,0,1,10,10,616.5
2026-10-08T16:53:52Z,23283,6,6,48000,3650,1143,0,1,10,10,618.0
2026-10-08T16:54:08Z,23299,6,6,48000,3650,1101,0,1,10,10,616.5
2026-10-08T16:54:23Z,23315,6,6,48000,3650,861,0,1,10,10,613.5
2026-10-08T16:54:39Z,23330,6,6,48000,3650,822,0,1,10,10,610.5
2026-10-08T16:54:54Z,23346,6,6,48000,3650,647,0,1,10,10,607.5
2026-10-08T16:55:10Z,23361,6,6,48000,3650,626,0,1,10,10,606.0
2026-10-08T16:55:26Z,23377,6,6,48000,3650,524,0,1,10,10,606.0
2026-10-08T16:55:41Z,23393,6,6,48000,3650,591,0,1,10,10,606.0
2026-10-08T16:55:58Z,23408,6,6,48000,3650,605,0,1,10,10,606.0
2026-10-08T16:56:13Z,23425,6,6,48000,3650,597,0,1,10,10,607.5
2026-10-08T16:56:29Z,23440,6,6,48000,3650,604,0,1,10,10,606.0
2026-10-08T16:56:44Z,23456,6,6,48000,3650,408,0,1,10,10,600.0
2026-10-08T16:57:00Z,23471,6,6,48000,3650,347,0,1,10,10,601.5
2026-10-08T16:57:16Z,23487,6,6,48000,3650,353,0,1,10,10,600.0
2026-10-08T16:57:31Z,23503,6,6,48000,3650,558,0,1,10,10,606.0
2026-10-08T16:57:47Z,23518,6,6,48000,3650,717,0,1,10,10,607.5
2026-10-08T16:58:03Z,23534,6,6,48000,3650,857,0,1,10,10,610.5
2026-10-08T16:58:18Z,23550,6,6,48000,3650,862,0,1,10,10,612.0
2026-10-08T16:58:34Z,23565,6,6,48000,3650,887,0,1,10,10,613.5
2026-10-08T16:58:49Z,23581,6,6,48000,3650,806,0,1,10,10,612.0
2026-10-08T16:59:05Z,23596,6,6,48000,3650,857,0,1,10,10,612.0
2026-10-08T16:59:21Z,23612,6,6,48000,3450,920,0,1,10,9,613.5
2026-10-08T16:59:36Z,23628,6,6,48000,3250,1003,0,1,9,8,615.0
2026-10-08T16:59:52Z,23643,6,6,48000,3250,1173,0,1,8,8,616.5
2026-10-08T17:00:08Z,23659,6,6,48000,3650,1167,0,1,8,10,616.5
2026-10-08T17:00:23Z,23675,6,6,48000,3650,1418,0,1,10,10,622.5
2026-10-08T17:00:39Z,23690,6,6,48000,3650,1467,0,1,10,10,624.0
2026-10-08T17:00:55Z,23706,6,6,48000,3650,1576,0,1,10,10,624.0
2026-10-08T17:01:10Z,23722,6,6,48000,3650,1776,0,1,10,10,630.0
2026-10-08T17:01:26Z,23737,6,6,48000,3650,1793,0,1,10,10,630.0
2026-10-08T17:01:42Z,23753,6,6,48000,3650,1751,0,1,10,10,628.5
2026-10-08T17:01:57Z,23769,6,6,48000,3650,1726,0,1,10,10,628.5
2026-10-08T17:02:13Z,23784,6,6,48000,3650,1381,0,1,10,10,621.0
2026-10-08T17:02:29Z,23800,6,6,48000,3650,1431,0,1,10,10,621.0
2026-10-08T17:02:44Z,23816,6,6,48000,3650,1292,0,1,10,10,619.5
2026-10-08T17:03:00Z,23831,6,6,48000,3650,1548,0,1,10,10,625.5
2026-10-08T17:03:16Z,23847,6,6,48000,3650,1497,0,1,10,10,624.0
2026-10-08T17:03:31Z,23863,6,6,48000,3650,1730,0,1,10,10,627.0
2026-10-08T17:03:47Z,23878,6,6,48000,3650,1865,0,1,10,10,630.0
2026-10-08T17:04:03Z,23894,6,6,48000,3650,2134,0,1,10,10,636.0
2026-10-08T17:04:18Z,23910,6,6,48000,3650,2110,0,1,10,10,636.0
2026-10-08T17:04:34Z,23925,6,6,48000,3650,2436,0,1,10,10,642.0
2026-10-08T17:04:50Z,23941,6,6,48000,3650,2380,0,1,10,10,640.5
2026-10-08T17:05:05Z,23957,6,6,48000,3650,2364,0,1,10,10,642.0
2026-10-08T17:05:21Z,23972,6,6,48000,3650,2377,0,1,10,10,639.0
2026-10-08T17:05:37Z,23988,6,6,48000,3650,2069,0,1,10,10,634.5
2026-10-08T17:05:53Z,24004,6,6,48000,3650,2002,0,1,10,10,631.5
2026-10-08T17:06:08Z,24020,6,6,48000,3650,1948,0,1,10,10,631.5
2026-10-08T17:06:24Z,24035,6,6,48000,3650,1717,0,1,10,10,630.0
2026-10-08T17:06:40Z,24051,6,6,48000,3650,1702,0,1,10,10,630.0
2026-10-08T17:06:55Z,24067,6,6,48000,3650,1437,0,1,10,10,624.0
2026-10-08T17:07:11Z,24082,6,6,48000,3650,1391,0,1,10,10,622.5
2026-10-08T17:07:26Z,24098,6,6,48000,3650,1281,0,1,10,10,621.0
2026-10-08T17:07:42Z,24113,6,6,48000,3650,1179,0,1,10,10,618.0
2026-10-08T17:07:58Z,24129,6,6,48000,3650,1093,0,1,10,10,616.5
2026-10-08T17:08:13Z,24145,6,6,48000,3650,1082,0,1,10,10,615.0
2026-10-08T17:08:29Z,24160,6,6,48000,3650,1171,0,1,10,10,616.5
2026-10-08T17:08:45Z,24176,6,6,48000,3650,1211,0,1,10,10,618.0
2026-10-08T17:09:00Z,24192,6,6,48000,3650,1195,0,1,10,10,618.0
2026-10-08T17:09:16Z,24207,6,6,48000,3650,1173,0,1,10,10,616.5
2026-10-08T17:09:32Z,24223,6,6,48000,3650,908,0,1,10,10,612.0
2026-10-08T17:09:47Z,24239,6,6,48000,3650,676,0,1,10,10,607.5
2026-10-08T17:10:03Z,24254,6,6,48000,3650,633,0,1,10,10,607.5
2026-10-08T17:10:18Z,24270,6,6,48000,3650,542,0,1,10,10,607.5
2026-10-08T17:10:34Z,24285,6,6,48000,3650,596,0,1,10,10,606.0
2026-10-08T17:10:50Z,24301,6,6,48000,3650,597,0,1,10,10,606.0
2026-10-08T17:11:05Z,24317,6,6,48000,3650,605,0,1,10,10,607.5
2026-10-08T17:11:21Z,24332,6,6,48000,3650,582,0,1,10,10,606.0
2026-10-08T17:11:37Z,24348,6,6,48000,3650,438,0,1,10,10,603.0
2026-10-08T17:11:52Z,24364,6,6,48000,3650,359,0,1,10,10,603.0
2026-10-08T17:12:08Z,24379,6,6,48000,3650,365,0,1,10,10,601.5
2026-10-08T17:12:23Z,24395,6,6,48000,3650,531,0,1,10,10,606.0
2026-10-08T17:12:39Z,24410,6,6,48000,3650,617,0,1,10,10,607.5
2026-10-08T17:12:55Z,24426,6,6,48000,3650,698,0,1,10,10,606.0
2026-10-08T17:13:10Z,24442,6,6,48000,3650,859,0,1,10,10,613.5
2026-10-08T17:13:26Z,24457,6,6,48000,3650,859,0,1,10,10,610.5
2026-10-08T17:13:42Z,24473,6,6,48000,3650,854,0,1,10,10,613.5
2026-10-08T17:13:57Z,24489,6,6,48000,3650,816,0,1,10,10,610.5
2026-10-08T17:14:13Z,24504,6,6,48000,3650,800,0,1,10,10,609.0
2026-10-08T17:14:29Z,24520,6,6,48000,3650,925,0,1,10,10,613.5
2026-10-08T17:14:44Z,24536,6,6,48000,3450,912,0,1,10,9,613.5
2026-10-08T17:15:00Z,24551,6,6,48000,3450,1126,0,1,9,9,616.5
2026-10-08T17:15:15Z,24567,6,6,48000,3450,1144,0,1,9,10,616.5
2026-10-08T17:15:31Z,24582,6,6,48000,3650,1337,0,1,10,10,624.0
2026-10-08T17:15:47Z,24598,6,6,48000,3650,1546,0,1,10,10,624.0
2026-10-08T17:16:03Z,24614,6,6,48000,3650,1708,0,1,10,10,627.0
2026-10-08T17:16:18Z,24630,6,6,48000,3650,1714,0,1,10,10,628.5
2026-10-08T17:16:34Z,24645,6,6,48000,3650,1721,0,1,10,10,627.0
2026-10-08T17:16:49Z,24661,6,6,48000,3650,1668,0,1,10,10,628.5
2026-10-08T17:17:05Z,24676,6,6,48000,3650,1483,0,1,10,10,622.5
2026-10-08T17:17:21Z,24692,6,6,48000,3650,1448,0,1,10,10,622.5
2026-10-08T17:17:36Z,24708,6,6,48000,3650,1277,0,1,10,10,618.0
2026-10-08T17:17:52Z,24723,6,6,48000,3650,1479,0,1,10,10,622.5
2026-10-08T17:18:08Z,24739,6,6,48000,3650,1528,0,1,10,10,622.5
2026-10-08T17:18:23Z,24755,6,6,48000,3650,1642,0,1,10,10,627.0
2026-10-08T17:18:39Z,24770,6,6,48000,3650,1770,0,1,10,10,630.0
2026-10-08T17:18:55Z,24786,6,6,48000,3650,1851,0,1,10,10,631.5
2026-10-08T17:19:10Z,24802,6,6,48000,3650,2037,0,1,10,10,631.5
2026-10-08T17:19:26Z,24817,6,6,48000,3650,2074,0,1,10,10,634.5
2026-10-08T17:19:42Z,24833,6,6,48000,3650,2367,0,1,10,10,640.5
2026-10-08T17:19:58Z,24849,6,6,48000,3650,2394,0,1,10,10,640.5
2026-10-08T17:20:13Z,24865,6,6,48000,3650,2404,0,1,10,10,640.5
2026-10-08T17:20:29Z,24880,6,6,48000,3650,2348,0,1,10,10,639.0
2026-10-08T17:20:45Z,24896,6,6,48000,3650,2139,0,1,10,10,636.0
2026-10-08T17:21:00Z,24912,6,6,48000,3650,2011,0,1,10,10,631.5
2026-10-08T17:21:16Z,24927,6,6,48000,3650,1944,0,1,10,10,633.0
2026-10-08T17:21:32Z,24943,6,6,48000,3650,1667,0,1,10,10,627.0
2026-10-08T17:21:47Z,24959,6,6,48000,3650,1461,0,1,10,10,622.5
2026-10-08T17:22:03Z,24974,6,6,48000,3650,1382,0,1,10,10,621.0
2026-10-08T17:22:19Z,24990,6,6,48000,3650,1267,0,1,10,10,621.0
2026-10-08T17:22:34Z,25006,6,6,48000,3650,1075,0,1,10,10,615.0
2026-10-08T17:22:50Z,25021,6,6,48000,3650,1061,0,1,10,10,615.0
2026-10-08T17:23:05Z,25037,6,6,48000,3650,1053,0,1,10,10,615.0
2026-10-08T17:23:21Z,25052,6,6,48000,3650,1154,0,1,10,10,615.0
2026-10-08T17:23:37Z,25068,6,6,48000,3650,1167,0,1,10,10,618.0
2026-10-08T17:23:52Z,25084,6,6,48000,3650,1129,0,1,10,10,618.0
2026-10-08T17:24:08Z,25099,6,6,48000,3650,1164,0,1,10,10,616.5
2026-10-08T17:24:24Z,25115,6,6,48000,3650,871,0,1,10,10,613.5
2026-10-08T17:24:39Z,25131,6,6,48000,3650,883,0,1,10,10,612.0
2026-10-08T17:24:55Z,25146,6,6,48000,3650,667,0,1,10,10,606.0
2026-10-08T17:25:10Z,25162,6,6,48000,3650,597,0,1,10,10,606.0
2026-10-08T17:25:26Z,25177,6,6,48000,3650,545,0,1,10,10,606.0
2026-10-08T17:25:42Z,25193,6,6,48000,3650,597,0,1,10,10,606.0
2026-10-08T17:25:57Z,25209,6,6,48000,3650,591,0,1,10,10,606.0
2026-10-08T17:26:13Z,25224,6,6,48000,3650,612,0,1,10,10,607.5
2026-10-08T17:26:29Z,25240,6,6,48000,3650,580,0,1,10,10,606.0
2026-10-08T17:26:44Z,25256,6,6,48000,3650,459,0,1,10,10,604.5
2026-10-08T17:27:00Z,25271,6,6,48000,3650,351,0,1,10,10,601.5
2026-10-08T17:27:15Z,25287,6,6,48000,3650,362,0,1,10,10,600.0
2026-10-08T17:27:31Z,25302,6,6,48000,3650,515,0,1,10,10,606.0
2026-10-08T17:27:47Z,25318,6,6,48000,3650,697,0,1,10,10,607.5
2026-10-08T17:28:02Z,25334,6,6,48000,3650,879,0,1,10,10,612.0
2026-10-08T17:28:18Z,25349,6,6,48000,3650,877,0,1,10,10,612.0
2026-10-08T17:28:34Z,25365,6,6,48000,3650,919,0,1,10,10,613.5
2026-10-08T17:28:49Z,25381,6,6,48000,3650,854,1,1,10,10,613.5
2026-10-08T17:29:05Z,25396,6,6,48000,3650,803,0,1,10,10,612.0
2026-10-08T17:29:21Z,25412,6,6,48000,3650,884,0,1,10,9,613.5
2026-10-08T17:29:36Z,25428,6,6,48000,3450,989,0,1,9,8,615.0
2026-10-08T17:29:52Z,25443,6,6,48000,3250,1156,0,1,8,8,618.0
2026-10-08T17:30:07Z,25459,6,6,48000,3650,1138,0,1,8,10,616.5
2026-10-08T17:30:23Z,25474,6,6,48000,3650,1408,0,1,10,10,621.0
2026-10-08T17:30:39Z,25490,6,6,48000,3650,1474,0,1,10,10,622.5
2026-10-08T17:30:55Z,25506,6,6,48000,3650,1614,0,1,10,10,627.0
2026-10-08T17:31:10Z,25522,6,6,48000,3650,1769,0,1,10,10,628.5
2026-10-08T17:31:26Z,25537,6,6,48000,3650,1761,0,1,10,10,630.0
2026-10-08T17:31:42Z,25553,6,6,48000,3650,1757,0,1,10,10,627.0
2026-10-08T17:31:57Z,25569,6,6,48000,3650,1716,0,1,10,10,628.5
2026-10-08T17:32:13Z,25584,6,6,48000,3650,1482,0,1,10,10,622.5
2026-10-08T17:32:29Z,25600,6,6,48000,3650,1506,0,1,10,10,622.5
2026-10-08T17:32:44Z,25616,6,6,48000,3650,1235,0,1,10,10,619.5
2026-10-08T17:33:00Z,25631,6,6,48000,3650,1383,0,1,10,10,621.0
2026-10-08T17:33:16Z,25647,6,6,48000,3650,1457,0,1,10,10,624.0
2026-10-08T17:33:31Z,25663,6,6,48000,3650,1634,0,1,10,10,627.0
2026-10-08T17:33:47Z,25678,6,6,48000,3650,1850,0,1,10,10,631.5
2026-10-08T17:34:03Z,25694,6,6,48000,3650,2102,0,1,10,10,634.5
2026-10-08T17:34:18Z,25710,6,6,48000,3650,2038,0,1,10,10,633.0
2026-10-08T17:34:34Z,25725,6,6,48000,3650,2350,0,1,10,10,640.5
2026-10-08T17:34:50Z,25741,6,6,48000,3650,2306,0,1,10,10,637.5
2026-10-08T17:35:05Z,25757,6,6,48000,3650,2364,0,1,10,10,640.5
2026-10-08T17:35:21Z,25772,6,6,48000,3650,2336,0,1,10,10,639.0
2026-10-08T17:35:37Z,25788,6,6,48000,3650,2271,0,1,10,10,637.5
2026-10-08T17:35:52Z,25804,6,6,48000,3650,1995,0,1,10,10,633.0
2026-10-08T17:36:08Z,25819,6,6,48000,3650,1949,0,1,10,10,631.5
2026-10-08T17:36:24Z,25835,6,6,48000,3650,1688,0,1,10,10,627.0
2026-10-08T17:36:39Z,25851,6,6,48000,3650,1682,0,1,10,10,627.0
2026-10-08T17:36:55Z,25866,6,6,48000,3650,1486,0,1,10,10,621.0
2026-10-08T17:37:11Z,25882,6,6,48000,3650,1401,0,1,10,10,622.5
2026-10-08T17:37:26Z,25898,6,6,48000,3650,1285,0,1,10,10,619.5
2026-10-08T17:37:42Z,25913,6,6,48000,3650,1146,0,1,10,10,616.5
2026-10-08T17:37:58Z,25929,6,6,48000,3650,1128,0,1,10,10,615.0
2026-10-08T17:38:13Z,25945,6,6,48000,3650,1123,0,1,10,10,616.5
2026-10-08T17:38:29Z,25960,6,6,48000,3650,1220,0,1,10,10,618.0
2026-10-08T17:38:45Z,25976,6,6,48000,3650,1256,0,1,10,10,616.5
2026-10-08T17:39:00Z,25992,6,6,48000,3650,1221,0,1,10,10,619.5
2026-10-08T17:39:16Z,26007,6,6,48000,3650,1187,0,1,10,10,618.0
2026-10-08T17:39:32Z,26023,6,6,48000,3650,917,0,1,10,10,613.5
2026-10-08T17:39:47Z,26039,6,6,48000,3650,688,0,1,10,10,607.5
2026-10-08T17:40:03Z,26054,6,6,48000,3650,638,0,1,10,10,606.0
2026-10-08T17:40:18Z,26070,6,6,48000,3650,554,0,1,10,10,606.0
2026-10-08T17:40:34Z,26085,6,6,48000,3650,574,0,1,10,10,607.5
2026-10-08T17:40:50Z,26101,6,6,48000,3650,594,0,1,10,10,606.0
2026-10-08T17:41:05Z,26117,6,6,48000,3650,606,0,1,10,10,606.0
2026-10-08T17:41:21Z,26132,6,6,48000,3650,590,0,1,10,10,606.0
2026-10-08T17:41:36Z,26148,6,6,48000,3650,504,0,1,10,10,606.0
2026-10-08T17:41:52Z,26163,6,6,48000,3650,355,0,1,10,10,601.5
2026-10-08T17:42:08Z,26179,6,6,48000,3650,367,0,1,10,10,600.0
2026-10-08T17:42:23Z,26195,6,6,48000,3650,487,0,1,10,10,606.0
2026-10-08T17:42:39Z,26210,6,6,48000,3650,642,0,1,10,10,607.5
2026-10-08T17:42:55Z,26226,6,6,48000,3650,621,0,1,10,10,606.0
2026-10-08T17:43:10Z,26242,6,6,48000,3650,900,0,1,10,10,612.0
2026-10-08T17:43:26Z,26257,6,6,48000,3650,845,0,1,10,10,613.5
2026-10-08T17:43:42Z,26273,6,6,48000,3650,889,0,1,10,10,613.5
2026-10-08T17:43:57Z,26289,6,6,48000,3650,885,0,1,10,10,613.5
2026-10-08T17:44:13Z,26304,6,6,48000,3650,770,0,1,10,10,607.5
2026-10-08T17:44:28Z,26320,6,6,48000,3250,908,0,1,10,8,615.0
2026-10-08T17:44:44Z,26335,6,6,48000,3250,965,0,1,8,8,613.5
2026-10-08T17:45:00Z,26351,6,6,48000,3650,1152,0,1,8,10,616.5
2026-10-08T17:45:15Z,26367,6,6,48000,3650,1208,0,1,10,10,619.5
2026-10-08T17:45:31Z,26382,6,6,48000,3650,1314,0,1,10,10,619.5
2026-10-08T17:45:47Z,26398,6,6,48000,3650,1448,0,1,10,10,621.0
2026-10-08T17:46:02Z,26414,6,6,48000,3650,1720,0,1,10,10,627.0
2026-10-08T17:46:18Z,26429,6,6,48000,3650,1697,0,1,10,10,627.0
2026-10-08T17:46:34Z,26445,6,6,48000,3650,1702,0,1,10,10,628.5
2026-10-08T17:46:49Z,26461,6,6,48000,3650,1748,0,1,10,10,630.0
2026-10-08T17:47:05Z,26476,6,6,48000,3650,1552,0,1,10,10,625.5
2026-10-08T17:47:21Z,26492,6,6,48000,3650,1468,0,1,10,10,621.0
2026-10-08T17:47:36Z,26508,6,6,48000,3650,1342,0,1,10,10,622.5
2026-10-08T17:47:52Z,26523,6,6,48000,3650,1517,0,1,10,10,624.0
2026-10-08T17:48:08Z,26539,6,6,48000,3650,1560,0,1,10,10,624.0
2026-10-08T17:48:23Z,26555,6,6,48000,3650,1565,0,1,10,10,625.5
2026-10-08T17:48:39Z,26570,6,6,48000,3650,1831,1,1,10,10,630.0
2026-10-08T17:48:55Z,26586,6,6,48000,3650,1817,0,1,10,10,628.5
2026-10-08T17:49:11Z,26602,6,6,48000,3650,2047,0,1,10,10,636.0
2026-10-08T17:49:26Z,26618,6,6,48000,3650,2060,0,1,10,10,634.5
2026-10-08T17:49:42Z,26633,6,6,48000,3650,2309,0,1,10,10,637.5
2026-10-08T17:49:58Z,26649,6,6,48000,3650,2446,0,1,10,10,642.0
2026-10-08T17:50:13Z,26665,6,6,48000,3650,2390,0,1,10,10,640.5
2026-10-08T17:50:29Z,26680,6,6,48000,3650,2365,0,1,10,10,642.0
2026-10-08T17:50:45Z,26696,6,6,48000,3650,2273,0,1,10,10,639.0
2026-10-08T17:51:00Z,26712,6,6,48000,3650,2083,0,1,10,10,634.5
2026-10-08T17:51:16Z,26727,6,6,48000,3650,1994,0,1,10,10,633.0
2026-10-08T17:51:32Z,26743,6,6,48000,3650,1679,0,1,10,10,627.0
2026-10-08T17:51:47Z,26759,6,6,48000,3650,1524,0,1,10,10,622.5
2026-10-08T17:52:03Z,26774,6,6,48000,3650,1428,0,1,10,10,622.5
2026-10-08T17:52:19Z,26790,6,6,48000,3650,1409,0,1,10,10,622.5
2026-10-08T17:52:34Z,26806,6,6,48000,3650,1240,0,1,10,10,618.0
2026-10-08T17:52:50Z,26821,6,6,48000,3650,1227,0,1,10,10,616.5
2026-10-08T17:53:06Z,26837,6,6,48000,3650,1084,0,1,10,10,615.0
2026-10-08T17:53:21Z,26853,6,6,48000,3650,1210,0,1,10,10,616.5
2026-10-08T17:53:37Z,26868,6,6,48000,3650,1137,0,1,10,10,616.5
2026-10-08T17:53:53Z,26884,6,6,48000,3650,1184,0,1,10,10,618.0
2026-10-08T17:54:08Z,26900,6,6,48000,3650,1150,0,1,10,10,618.0
2026-10-08T17:54:24Z,26915,6,6,48000,3650,907,0,1,10,10,613.5
2026-10-08T17:54:40Z,26931,6,6,48000,3650,895,0,1,10,10,612.0
2026-10-08T17:54:55Z,26947,6,6,48000,3650,802,0,1,10,10,610.5
2026-10-08T17:55:11Z,26962,6,6,48000,3650,611,0,1,10,10,606.0
2026-10-08T17:55:26Z,26978,6,6,48000,3650,613,0,1,10,10,607.5
2026-10-08T17:55:42Z,26993,6,6,48000,3650,555,0,1,10,10,606.0
2026-10-08T17:55:58Z,27009,6,6,48000,3650,607,0,1,10,10,607.5
2026-10-08T17:56:13Z,27025,6,6,48000,3650,620,0,1,10,10,606.0
2026-10-08T17:56:29Z,27040,6,6,48000,3650,590,0,1,10,10,606.0
2026-10-08T17:56:45Z,27056,6,6,48000,3650,529,0,1,10,10,606.0
2026-10-08T17:57:00Z,27072,6,6,48000,3650,340,0,1,10,10,600.0
2026-10-08T17:57:16Z,27087,6,6,48000,3650,367,0,1,10,10,603.0
2026-10-08T17:57:31Z,27103,6,6,48000,3650,587,0,1,10,10,606.0
2026-10-08T17:57:47Z,27118,6,6,48000,3650,600,0,1,10,10,606.0
2026-10-08T17:58:03Z,27134,6,6,48000,3650,804,0,1,10,10,610.5
2026-10-08T17:58:18Z,27150,6,6,48000,3650,831,0,1,10,10,612.0
2026-10-08T17:58:34Z,27165,6,6,48000,3650,837,0,1,10,10,610.5
2026-10-08T17:58:50Z,27181,6,6,48000,3650,853,0,1,10,10,610.5
2026-10-08T17:59:05Z,27197,6,6,48000,3650,767,0,1,10,9,607.5
2026-10-08T17:59:21Z,27212,6,6,48000,3450,870,0,1,9,8,613.5
2026-10-08T17:59:36Z,27228,6,6,48000,3250,885,0,1,8,8,612.0
2026-10-08T17:59:52Z,27244,6,6,48000,3450,1065,0,1,8,9,613.5
2026-10-08T18:00:08Z,27259,6,6,48000,3450,1116,0,1,9,9,615.0
2026-10-08T18:00:23Z,27275,6,6,48000,3650,1219,0,1,9,10,618.0
2026-10-08T18:00:39Z,27290,6,6,48000,3650,1416,0,1,10,10,619.5
2026-10-08T18:00:55Z,27306,6,6,48000,3650,1382,0,1,10,10,622.5
2026-10-08T18:01:11Z,27322,6,6,48000,3650,1730,0,1,10,10,628.5
2026-10-08T18:01:26Z,27338,6,6,48000,3650,1664,0,1,10,10,627.0
2026-10-08T18:01:42Z,27353,6,6,48000,3650,1720,0,1,10,10,630.0
2026-10-08T18:01:58Z,27369,6,6,48000,3650,1663,0,1,10,10,627.0
2026-10-08T18:02:13Z,27385,6,6,48000,3650,1536,0,1,10,10,624.0
2026-10-08T18:02:29Z,27400,6,6,48000,3650,1369,0,1,10,10,621.0
2026-10-08T18:02:44Z,27416,6,6,48000,3650,1307,0,1,10,10,621.0
2026-10-08T18:03:00Z,27431,6,6,48000,3650,1382,0,1,10,10,621.0
2026-10-08T18:03:16Z,27447,6,6,48000,3650,1439,0,1,10,10,622.5
2026-10-08T18:03:32Z,27463,6,6,48000,3650,1685,0,1,10,10,628.5
2026-10-08T18:03:47Z,27479,6,6,48000,3650,1859,0,1,10,10,630.0
2026-10-08T18:04:03Z,27494,6,6,48000,3650,1994,0,1,10,10,633.0
2026-10-08T18:04:19Z,27510,6,6,48000,3650,2044,0,1,10,10,633.0
2026-10-08T18:04:34Z,27526,6,6,48000,3650,2277,0,1,10,10,639.0
2026-10-08T18:04:50Z,27541,6,6,48000,3650,2371,0,1,10,10,639.0
2026-10-08T18:05:06Z,27557,6,6,48000,3650,2405,0,1,10,10,640.5
2026-10-08T18:05:21Z,27573,6,6,48000,3650,2446,0,1,10,10,640.5
2026-10-08T18:05:37Z,27588,6,6,48000,3650,2324,0,1,10,10,639.0
2026-10-08T18:05:53Z,27604,6,6,48000,3650,2009,0,1,10,10,634.5
2026-10-08T18:06:08Z,27620,6,6,48000,3650,1972,0,1,10,10,633.0
2026-10-08T18:06:24Z,27635,6,6,48000,3650,1673,0,1,10,10,628.5
2026-10-08T18:06:40Z,27651,6,6,48000,3650,1683,0,1,10,10,627.0
2026-10-08T18:06:55Z,27667,6,6,48000,3650,1537,0,1,10,10,622.5
2026-10-08T18:07:11Z,27682,6,6,48000,3650,1376,0,1,10,10,621.0
2026-10-08T18:07:27Z,27698,6,6,48000,3650,1372,0,1,10,10,621.0
2026-10-08T18:07:42Z,27714,6,6,48000,3650,1118,0,1,10,10,616.5
2026-10-08T18:07:58Z,27729,6,6,48000,3650,1165,0,1,10,10,618.0
2026-10-08T18:08:14Z,27745,6,6,48000,3650,977,0,1,10,10,615.0
2026-10-08T18:08:29Z,27761,6,6,48000,3650,1102,0,1,10,10,616.5
2026-10-08T18:08:45Z,27776,6,6,48000,3650,1106,0,1,10,10,615.0
2026-10-08T18:09:00Z,27792,6,6,48000,3650,1119,0,1,10,10,615.0
2026-10-08T18:09:16Z,27807,6,6,48000,3650,1081,0,1,10,10,615.0
2026-10-08T18:09:32Z,27823,6,6,48000,3650,848,0,1,10,10,612.0
2026-10-08T18:09:47Z,27839,6,6,48000,3650,737,0,1,10,10,609.0
2026-10-08T18:10:03Z,27854,6,6,48000,3650,609,0,1,10,10,606.0
2026-10-08T18:10:19Z,27870,6,6,48000,3650,596,0,1,10,10,606.0
2026-10-08T18:10:34Z,27886,6,6,48000,3650,518,0,1,10,10,604.5
2026-10-08T18:10:50Z,27901,6,6,48000,3650,570,0,1,10,10,606.0
2026-10-08T18:11:06Z,27917,6,6,48000,3650,598,0,1,10,10,606.0
2026-10-08T18:11:21Z,27933,6,6,48000,3650,595,0,1,10,10,606.0
2026-10-08T18:11:37Z,27948,6,6,48000,3650,521,0,1,10,10,606.0
2026-10-08T18:11:53Z,27964,6,6,48000,3650,362,0,1,10,10,600.0
2026-10-08T18:12:08Z,27980,6,6,48000,3650,342,0,1,10,10,600.0
2026-10-08T18:12:24Z,27995,6,6,48000,3650,415,0,1,10,10,603.0
2026-10-08T18:12:39Z,28011,6,6,48000,3650,607,0,1,10,10,606.0
2026-10-08T18:12:55Z,28026,6,6,48000,3650,585,0,1,10,10,606.0
2026-10-08T18:13:11Z,28042,6,6,48000,3650,800,0,1,10,10,610.5
2026-10-08T18:13:26Z,28058,6,6,48000,3650,820,0,1,10,10,610.5
2026-10-08T18:13:42Z,28073,6,6,48000,3650,865,0,1,10,10,612.0
2026-10-08T18:13:57Z,28089,6,6,48000,3650,827,0,1,10,10,612.0
2026-10-08T18:14:13Z,28104,6,6,48000,3450,747,0,1,10,9,607.5
2026-10-08T18:14:29Z,28120,6,6,48000,3250,882,0,1,9,8,613.5
2026-10-08T18:14:44Z,28136,6,6,48000,3250,921,0,1,8,8,613.5
2026-10-08T18:15:00Z,28151,6,6,48000,3450,1074,0,1,8,9,615.0
2026-10-08T18:15:16Z,28167,6,6,48000,3650,1139,0,1,9,10,616.5
2026-10-08T18:15:32Z,28183,6,6,48000,3650,1429,0,1,10,10,621.0
2026-10-08T18:15:47Z,28199,6,6,48000,3650,1373,0,1,10,10,621.0
2026-10-08T18:16:03Z,28214,6,6,48000,3650,1595,0,1,10,10,627.0
2026-10-08T18:16:19Z,28230,6,6,48000,3650,1664,0,1,10,10,627.0
2026-10-08T18:16:34Z,28246,6,6,48000,3650,1695,0,1,10,10,628.5
2026-10-08T18:16:50Z,28261,6,6,48000,3650,1679,0,1,10,10,627.0
2026-10-08T18:17:06Z,28277,6,6,48000,3650,1517,0,1,10,10,625.5
2026-10-08T18:17:21Z,28293,6,6,48000,3650,1421,0,1,10,10,622.5
2026-10-08T18:17:37Z,28308,6,6,48000,3650,1303,0,1,10,10,621.0
2026-10-08T18:17:52Z,28324,6,6,48000,3650,1321,0,1,10,10,621.0
2026-10-08T18:18:08Z,28339,6,6,48000,3650,1404,0,1,10,10,621.0
2026-10-08T18:18:24Z,28355,6,6,48000,3650,1444,0,1,10,10,621.0
2026-10-08T18:18:39Z,28371,6,6,48000,3650,1706,0,1,10,10,628.5
2026-10-08T18:18:55Z,28387,6,6,48000,3650,1691,0,1,10,10,628.5
2026-10-08T18:19:11Z,28402,6,6,48000,3650,2046,0,1,10,10,634.5
2026-10-08T18:19:27Z,28418,6,6,48000,3650,2070,0,1,10,10,634.5
2026-10-08T18:19:43Z,28434,6,6,48000,3650,2280,0,1,10,10,636.0
2026-10-08T18:19:58Z,28450,6,6,48000,3650,2435,0,1,10,10,640.5
2026-10-08T18:20:14Z,28465,6,6,48000,3650,2385,0,1,10,10,640.5
2026-10-08T18:20:30Z,28481,6,6,48000,3650,2323,0,1,10,10,640.5
2026-10-08T18:20:46Z,28497,6,6,48000,3650,2323,0,1,10,10,639.0
2026-10-08T18:21:01Z,28513,6,6,48000,3650,1992,0,1,10,10,633.0
2026-10-08T18:21:17Z,28528,6,6,48000,3650,1735,0,1,10,10,627.0
2026-10-08T18:21:33Z,28544,6,6,48000,3650,1722,0,1,10,10,628.5
2026-10-08T18:21:48Z,28560,6,6,48000,3650,1606,0,1,10,10,625.5
2026-10-08T18:22:04Z,28575,6,6,48000,3650,1412,0,1,10,10,619.5
2026-10-08T18:22:20Z,28591,6,6,48000,3650,1407,0,1,10,10,621.0
2026-10-08T18:22:35Z,28607,6,6,48000,3650,1202,0,1,10,10,618.0
2026-10-08T18:22:51Z,28622,6,6,48000,3650,1120,0,1,10,10,615.0
2026-10-08T18:23:06Z,28638,6,6,48000,3650,1080,0,1,10,10,615.0
2026-10-08T18:23:22Z,28653,6,6,48000,3650,1206,0,1,10,10,619.5
2026-10-08T18:23:38Z,28669,6,6,48000,3650,1216,0,1,10,10,618.0
2026-10-08T18:23:53Z,28685,6,6,48000,3650,1239,0,1,10,10,619.5
2026-10-08T18:24:09Z,28700,6,6,48000,3650,1197,0,1,10,10,619.5
2026-10-08T18:24:25Z,28716,6,6,48000,3650,962,0,1,10,10,613.5
2026-10-08T18:24:40Z,28732,6,6,48000,3650,872,0,1,10,10,615.0
2026-10-08T18:24:56Z,28747,6,6,48000,3650,855,0,1,10,10,612.0
2026-10-08T18:25:12Z,28763,6,6,48000,3650,650,0,1,10,10,607.5
2026-10-08T18:25:27Z,28779,6,6,48000,3650,608,0,1,10,10,606.0
2026-10-08T18:25:43Z,28794,6,6,48000,3650,537,0,1,10,10,606.0
2026-10-08T18:25:58Z,28810,6,6,48000,3650,571,0,1,10,10,606.0
2026-10-08T18:26:14Z,28825,6,6,48000,3650,595,0,1,10,10,606.0
2026-10-08T18:26:30Z,28841,6,6,48000,3650,628,0,1,10,10,606.0
2026-10-08T18:26:45Z,28857,6,6,48000,3650,544,0,1,10,10,606.0
2026-10-08T18:27:01Z,28872,6,6,48000,3650,352,0,1,10,10,601.5
2026-10-08T18:27:17Z,28888,6,6,48000,3650,435,0,1,10,10,603.0
2026-10-08T18:27:32Z,28904,6,6,48000,3650,581,0,1,10,10,606.0
2026-10-08T18:27:48Z,28919,6,6,48000,3650,639,0,1,10,10,606.0
2026-10-08T18:28:03Z,28935,6,6,48000,3650,827,0,1,10,10,612.0
2026-10-08T18:28:19Z,28950,6,6,48000,3650,862,0,1,10,10,613.5
2026-10-08T18:28:35Z,28966,6,6,48000,3650,856,0,1,10,10,613.5
2026-10-08T18:28:50Z,28982,6,6,48000,3650,884,0,1,10,10,613.5
2026-10-08T18:29:06Z,28997,6,6,48000,3650,778,0,1,10,10,612.0
2026-10-08T18:29:22Z,29013,6,6,48000,3650,893,0,1,10,8,615.0
2026-10-08T18:29:37Z,29029,6,6,48000,3250,965,0,1,8,8,615.0
2026-10-08T18:29:53Z,29044,6,6,48000,3650,1133,0,1,8,10,616.5
2026-10-08T18:30:08Z,29060,6,6,48000,3650,1198,0,1,10,10,619.5
2026-10-08T18:30:24Z,29075,6,6,48000,3650,1199,0,1,10,10,618.0
2026-10-08T18:30:40Z,29091,6,6,48000,3650,1443,0,1,10,10,622.5
2026-10-08T18:30:55Z,29107,6,6,48000,3650,1478,0,1,10,10,622.5
2026-10-08T18:31:11Z,29122,6,6,48000,3650,1730,0,1,10,10,628.5
2026-10-08T18:31:27Z,29138,6,6,48000,3650,1782,0,1,10,10,628.5
2026-10-08T18:31:42Z,29154,6,6,48000,3650,1756,0,1,10,10,628.5
2026-10-08T18:31:58Z,29169,6,6,48000,3650,1693,0,1,10,10,627.0
2026-10-08T18:32:14Z,29185,6,6,48000,3650,1623,0,1,10,10,625.5
2026-10-08T18:32:29Z,29201,6,6,48000,3650,1374,0,1,10,10,622.5
2026-10-08T18:32:45Z,29216,6,6,48000,3650,1358,0,1,10,10,621.0
2026-10-08T18:33:01Z,29232,6,6,48000,3650,1340,0,1,10,10,619.5
2026-10-08T18:33:16Z,29248,6,6,48000,3650,1442,0,1,10,10,625.5
2026-10-08T18:33:32Z,29263,6,6,48000,3650,1697,0,1,10,10,627.0
2026-10-08T18:33:48Z,29279,6,6,48000,3650,1733,0,1,10,10,628.5
2026-10-08T18:34:03Z,29295,6,6,48000,3650,1965,0,1,10,10,633.0
2026-10-08T18:34:19Z,29310,6,6,48000,3650,2041,0,1,10,10,634.5
2026-10-08T18:34:35Z,29326,6,6,48000,3650,2180,0,1,10,10,637.5
2026-10-08T18:34:51Z,29342,6,6,48000,3650,2437,0,1,10,10,642.0
2026-10-08T18:35:06Z,29358,6,6,48000,3650,2401,0,1,10,10,640.5
2026-10-08T18:35:22Z,29373,6,6,48000,3650,2390,0,1,10,10,640.5
2026-10-08T18:35:38Z,29389,6,6,48000,3650,2333,0,1,10,10,639.0
2026-10-08T18:35:53Z,29405,6,6,48000,3650,2044,0,1,10,10,633.0
2026-10-08T18:36:09Z,29420,6,6,48000,3650,2071,0,1,10,10,634.5
2026-10-08T18:36:25Z,29436,6,6,48000,3650,1803,0,1,10,10,630.0
2026-10-08T18:36:40Z,29452,6,6,48000,3650,1714,0,1,10,10,630.0
2026-10-08T18:36:56Z,29467,6,6,48000,3650,1622,0,1,10,10,625.5
2026-10-08T18:37:12Z,29483,6,6,48000,3650,1440,0,1,10,10,622.5
2026-10-08T18:37:27Z,29499,6,6,48000,3650,1403,0,1,10,10,622.5
2026-10-08T18:37:43Z,29514,6,6,48000,3650,1171,0,1,10,10,615.0
2026-10-08T18:37:59Z,29530,6,6,48000,3650,1161,0,1,10,10,619.5
2026-10-08T18:38:14Z,29546,6,6,48000,3650,1053,0,1,10,10,615.0
2026-10-08T18:38:30Z,29561,6,6,48000,3650,1109,0,1,10,10,616.5
2026-10-08T18:38:45Z,29577,6,6,48000,3650,1114,0,1,10,10,616.5
2026-10-08T18:39:01Z,29592,6,6,48000,3650,1074,0,1,10,10,615.0
2026-10-08T18:39:17Z,29608,6,6,48000,3650,994,0,1,10,10,613.5
2026-10-08T18:39:32Z,29624,6,6,48000,3650,889,0,1,10,10,612.0
2026-10-08T18:39:48Z,29639,6,6,48000,3650,891,0,1,10,10,613.5
2026-10-08T18:40:04Z,29655,6,6,48000,3650,609,0,1,10,10,606.0
2026-10-08T18:40:19Z,29671,6,6,48000,3650,596,0,1,10,10,606.0
2026-10-08T18:40:35Z,29686,6,6,48000,3650,538,0,1,10,10,606.0
2026-10-08T18:40:51Z,29702,6,6,48000,3650,619,0,1,10,10,606.0
2026-10-08T18:41:06Z,29718,6,6,48000,3650,625,0,1,10,10,606.0
2026-10-08T18:41:22Z,29733,6,6,48000,3650,592,0,1,10,10,606.0
2026-10-08T18:41:37Z,29749,6,6,48000,3650,594,0,1,10,10,606.0
2026-10-08T18:41:53Z,29764,6,6,48000,3650,356,0,1,10,10,601.5
2026-10-08T18:42:09Z,29780,6,6,48000,3650,359,0,1,10,10,600.0
2026-10-08T18:42:24Z,29796,6,6,48000,3650,378,0,1,10,10,601.5
2026-10-08T18:42:40Z,29811,6,6,48000,3650,597,0,1,10,10,606.0
2026-10-08T18:42:56Z,29827,6,6,48000,3650,621,0,1,10,10,607.5
2026-10-08T18:43:11Z,29843,6,6,48000,3650,809,0,1,10,10,610.5
2026-10-08T18:43:27Z,29858,6,6,48000,3650,895,0,1,10,10,613.5
2026-10-08T18:43:42Z,29874,6,6,48000,3650,871,0,1,10,10,615.0
2026-10-08T18:43:58Z,29889,6,6,48000,3650,864,0,1,10,10,612.0
2026-10-08T18:44:14Z,29905,6,6,48000,3650,800,0,1,10,10,610.5
2026-10-08T18:44:29Z,29921,6,6,48000,3450,892,0,1,10,9,613.5
2026-10-08T18:44:45Z,29936,6,6,48000,3250,868,0,1,9,8,613.5
2026-10-08T18:45:01Z,29952,6,6,48000,3250,1116,0,1,8,8,615.0
2026-10-08T18:45:16Z,29968,6,6,48000,3650,1172,0,1,8,10,619.5
2026-10-08T18:45:32Z,29983,6,6,48000,3650,1454,0,1,10,10,622.5
2026-10-08T18:45:48Z,29999,6,6,48000,3650,1489,0,1,10,10,624.0
2026-10-08T18:46:03Z,30015,6,6,48000,3650,1651,0,1,10,10,627.0
2026-10-08T18:46:19Z,30030,6,6,48000,3650,1793,0,1,10,10,630.0
2026-10-08T18:46:35Z,30046,6,6,48000,3650,1772,0,1,10,10,628.5
2026-10-08T18:46:50Z,30062,6,6,48000,3650,1753,0,1,10,10,630.0
2026-10-08T18:47:06Z,30077,6,6,48000,3650,1643,0,1,10,10,628.5
2026-10-08T18:47:22Z,30093,6,6,48000,3650,1476,0,1,10,10,624.0
2026-10-08T18:47:37Z,30109,6,6,48000,3650,1425,0,1,10,10,622.5
2026-10-08T18:47:53Z,30124,6,6,48000,3650,1310,0,1,10,10,621.0
2026-10-08T18:48:09Z,30140,6,6,48000,3650,1458,1,1,10,10,622.5
2026-10-08T18:48:24Z,30156,6,6,48000,3650,1454,0,1,10,10,622.5
2026-10-08T18:48:40Z,30171,6,6,48000,3650,1746,0,1,10,10,628.5
2026-10-08T18:48:56Z,30187,6,6,48000,3650,1742,0,1,10,10,628.5
2026-10-08T18:49:11Z,30203,6,6,48000,3650,2034,0,1,10,10,634.5
2026-10-08T18:49:27Z,30218,6,6,48000,3650,1977,0,1,10,10,631.5
2026-10-08T18:49:43Z,30234,6,6,48000,3650,2177,0,1,10,10,637.5
2026-10-08T18:49:59Z,30250,6,6,48000,3650,2454,0,1,10,10,642.0
2026-10-08T18:50:14Z,30266,6,6,48000,3650,2394,0,1,10,10,639.0
2026-10-08T18:50:30Z,30281,6,6,48000,3650,2371,0,1,10,10,640.5
2026-10-08T18:50:46Z,30297,6,6,48000,3650,2342,0,1,10,10,639.0
2026-10-08T18:51:01Z,30313,6,6,48000,3650,1985,0,1,10,10,631.5
2026-10-08T18:51:17Z,30328,6,6,48000,3650,1815,0,1,10,10,630.0
2026-10-08T18:51:33Z,30344,6,6,48000,3650,1735,0,1,10,10,628.5
2026-10-08T18:51:48Z,30360,6,6,48000,3650,1650,0,1,10,10,625.5
2026-10-08T18:52:04Z,30375,6,6,48000,3650,1449,0,1,10,10,622.5
2026-10-08T18:52:20Z,30391,6,6,48000,3650,1374,0,1,10,10,621.0
2026-10-08T18:52:35Z,30407,6,6,48000,3650,1229,0,1,10,10,619.5
2026-10-08T18:52:51Z,30422,6,6,48000,3650,1179,0,1,10,10,618.0
2026-10-08T18:53:07Z,30438,6,6,48000,3650,1058,0,1,10,10,615.0
2026-10-08T18:53:22Z,30454,6,6,48000,3650,1177,0,1,10,10,615.0
2026-10-08T18:53:38Z,30469,6,6,48000,3650,1190,0,1,10,10,616.5
2026-10-08T18:53:54Z,30485,6,6,48000,3650,1212,0,1,10,10,618.0
2026-10-08T18:54:09Z,30501,6,6,48000,3650,1199,0,1,10,10,618.0
2026-10-08T18:54:25Z,30516,6,6,48000,3650,990,0,1,10,10,615.0
2026-10-08T18:54:40Z,30532,6,6,48000,3650,931,0,1,10,10,613.5
2026-10-08T18:54:56Z,30547,6,6,48000,3650,925,0,1,10,10,613.5
2026-10-08T18:55:12Z,30563,6,6,48000,3650,625,0,1,10,10,606.0
2026-10-08T18:55:27Z,30579,6,6,48000,3650,617,0,1,10,10,607.5
2026-10-08T18:55:43Z,30594,6,6,48000,3650,535,0,1,10,10,606.0
2026-10-08T18:55:59Z,30610,6,6,48000,3650,578,0,1,10,10,606.0
2026-10-08T18:56:14Z,30626,6,6,48000,3650,609,0,1,10,10,606.0
2026-10-08T18:56:30Z,30641,6,6,48000,3650,560,0,1,10,10,606.0
2026-10-08T18:56:45Z,30657,6,6,48000,3650,566,0,1,10,10,606.0
2026-10-08T18:57:01Z,30672,6,6,48000,3650,357,0,1,10,10,603.0
2026-10-08T18:57:17Z,30688,6,6,48000,3650,371,0,1,10,10,601.5
2026-10-08T18:57:32Z,30704,6,6,48000,3650,590,0,1,10,10,606.0
2026-10-08T18:57:48Z,30719,6,6,48000,3650,613,0,1,10,10,607.5
2026-10-08T18:58:04Z,30735,6,6,48000,3650,787,0,1,10,10,610.5
2026-10-08T18:58:19Z,30751,6,6,48000,3650,841,0,1,10,10,612.0
2026-10-08T18:58:35Z,30766,6,6,48000,3650,873,0,1,10,10,613.5
2026-10-08T18:58:50Z,30782,6,6,48000,3650,849,0,1,10,10,610.5
2026-10-08T18:59:06Z,30797,6,6,48000,3650,792,0,1,10,10,610.5
2026-10-08T18:59:22Z,30813,6,6,48000,3650,883,0,1,10,8,615.0
2026-10-08T18:59:37Z,30829,6,6,48000,3250,883,0,1,8,8,613.5
2026-10-08T18:59:53Z,30844,6,6,48000,3250,1017,0,1,8,8,615.0
2026-10-08T19:00:09Z,30860,6,6,48000,3650,1115,0,1,8,10,616.5
2026-10-08T19:00:24Z,30876,6,6,48000,3650,1229,0,1,10,10,619.5
2026-10-08T19:00:40Z,30891,6,6,48000,3650,1433,0,1,10,10,622.5
2026-10-08T19:00:56Z,30907,6,6,48000,3650,1460,0,1,10,10,622.5
2026-10-08T19:01:11Z,30923,6,6,48000,3650,1600,0,1,10,10,625.5
2026-10-08T19:01:27Z,30938,6,6,48000,3650,1742,0,1,10,10,628.5
2026-10-08T19:01:43Z,30954,6,6,48000,3650,1716,0,1,10,10,628.5
2026-10-08T19:01:58Z,30970,6,6,48000,3650,1709,0,1,10,10,628.5
2026-10-08T19:02:14Z,30985,6,6,48000,3650,1639,0,1,10,10,625.5
2026-10-08T19:02:30Z,31001,6,6,48000,3650,1509,0,1,10,10,622.5
2026-10-08T19:02:45Z,31017,6,6,48000,3650,1467,0,1,10,10,622.5
2026-10-08T19:03:01Z,31032,6,6,48000,3650,1322,0,1,10,10,619.5
2026-10-08T19:03:17Z,31048,6,6,48000,3650,1459,0,1,10,10,624.0
2026-10-08T19:03:32Z,31064,6,6,48000,3650,1725,0,1,10,10,630.0
2026-10-08T19:03:48Z,31079,6,6,48000,3650,1667,0,1,10,10,627.0
2026-10-08T19:04:04Z,31095,6,6,48000,3650,1972,0,1,10,10,633.0
2026-10-08T19:04:20Z,31111,6,6,48000,3650,2121,0,1,10,10,636.0
2026-10-08T19:04:35Z,31127,6,6,48000,3650,2172,0,1,10,10,637.5
2026-10-08T19:04:51Z,31142,6,6,48000,3650,2437,0,1,10,10,642.0
2026-10-08T19:05:07Z,31158,6,6,48000,3650,2373,0,1,10,10,639.0
2026-10-08T19:05:22Z,31174,6,6,48000,3650,2436,0,1,10,10,642.0
2026-10-08T19:05:38Z,31189,6,6,48000,3650,2318,0,1,10,10,639.0
2026-10-08T19:05:54Z,31205,6,6,48000,3650,2000,0,1,10,10,634.5
2026-10-08T19:06:09Z,31221,6,6,48000,3650,2027,0,1,10,10,633.0
2026-10-08T19:06:25Z,31236,6,6,48000,3650,1869,0,1,10,10,631.5
2026-10-08T19:06:41Z,31252,6,6,48000,3650,1663,0,1,10,10,625.5
2026-10-08T19:06:56Z,31268,6,6,48000,3650,1668,0,1,10,10,627.0
2026-10-08T19:07:12Z,31283,6,6,48000,3650,1442,0,1,10,10,621.0
2026-10-08T19:07:28Z,31299,6,6,48000,3650,1382,0,1,10,10,622.5
2026-10-08T19:07:43Z,31315,6,6,48000,3650,1228,0,1,10,10,619.5
2026-10-08T19:07:59Z,31330,6,6,48000,3650,1130,0,1,10,10,615.0
2026-10-08T19:08:15Z,31346,6,6,48000,3650,1058,0,1,10,10,615.0
2026-10-08T19:08:30Z,31362,6,6,48000,3650,1133,0,1,10,10,618.0
2026-10-08T19:08:46Z,31377,6,6,48000,3650,1122,0,1,10,10,615.0
2026-10-08T19:09:02Z,31393,6,6,48000,3650,1119,0,1,10,10,616.5
2026-10-08T19:09:17Z,31409,6,6,48000,3650,926,0,1,10,10,615.0
2026-10-08T19:09:33Z,31424,6,6,48000,3650,845,0,1,10,10,612.0
2026-10-08T19:09:49Z,31440,6,6,48000,3650,854,0,1,10,10,612.0
2026-10-08T19:10:04Z,31456,6,6,48000,3650,602,0,1,10,10,606.0
2026-10-08T19:10:20Z,31471,6,6,48000,3650,584,0,1,10,10,606.0
2026-10-08T19:10:35Z,31487,6,6,48000,3650,525,0,1,10,10,604.5
2026-10-08T19:10:51Z,31502,6,6,48000,3650,651,0,1,10,10,607.5
2026-10-08T19:11:07Z,31518,6,6,48000,3650,612,0,1,10,10,606.0
2026-10-08T19:11:22Z,31534,6,6,48000,3650,635,0,1,10,10,606.0
2026-10-08T19:11:38Z,31549,6,6,48000,3650,589,0,1,10,10,606.0
2026-10-08T19:11:53Z,31565,6,6,48000,3650,374,0,1,10,10,601.5
2026-10-08T19:12:09Z,31580,6,6,48000,3650,365,0,1,10,10,601.5
2026-10-08T19:12:25Z,31596,6,6,48000,3650,370,0,1,10,10,601.5
2026-10-08T19:12:40Z,31612,6,6,48000,3650,594,0,1,10,10,606.0
2026-10-08T19:12:56Z,31627,6,6,48000,3650,607,0,1,10,10,606.0
2026-10-08T19:13:12Z,31643,6,6,48000,3650,784,0,1,10,10,610.5
2026-10-08T19:13:27Z,31659,6,6,48000,3650,878,0,1,10,10,613.5
2026-10-08T19:13:43Z,31674,6,6,48000,3650,886,0,1,10,10,615.0
2026-10-08T19:13:58Z,31690,6,6,48000,3650,854,0,1,10,10,610.5
2026-10-08T19:14:14Z,31705,6,6,48000,3650,797,0,1,10,10,609.0
2026-10-08T19:14:30Z,31721,6,6,48000,3450,858,0,1,10,9,613.5
2026-10-08T19:14:45Z,31737,6,6,48000,3250,882,0,1,9,8,613.5
2026-10-08T19:15:01Z,31752,6,6,48000,3250,970,0,1,8,8,613.5
2026-10-08T19:15:17Z,31768,6,6,48000,3650,1177,0,1,8,10,618.0
2026-10-08T19:15:32Z,31784,6,6,48000,3650,1398,0,1,10,10,621.0
2026-10-08T19:15:48Z,31799,6,6,48000,3650,1432,0,1,10,10,622.5
2026-10-08T19:16:04Z,31815,6,6,48000,3650,1620,0,1,10,10,627.0
2026-10-08T19:16:19Z,31831,6,6,48000,3650,1805,0,1,10,10,630.0
2026-10-08T19:16:35Z,31846,6,6,48000,3650,1713,0,1,10,10,630.0
2026-10-08T19:16:51Z,31862,6,6,48000,3650,1713,0,1,10,10,627.0
2026-10-08T19:17:06Z,31878,6,6,48000,3650,1602,0,1,10,10,625.5
2026-10-08T19:17:22Z,31893,6,6,48000,3650,1453,0,1,10,10,621.0
2026-10-08T19:17:38Z,31909,6,6,48000,3650,1399,0,1,10,10,621.0
2026-10-08T19:17:53Z,31925,6,6,48000,3650,1247,0,1,10,10,616.5
2026-10-08T19:18:09Z,31940,6,6,48000,3650,1446,0,1,10,10,622.5
2026-10-08T19:18:25Z,31956,6,6,48000,3650,1458,0,1,10,10,621.0
2026-10-08T19:18:40Z,31972,6,6,48000,3650,1672,0,1,10,10,627.0
2026-10-08T19:18:56Z,31987,6,6,48000,3650,1719,0,1,10,10,628.5
2026-10-08T19:19:12Z,32003,6,6,48000,3650,1892,0,1,10,10,630.0
2026-10-08T19:19:27Z,32019,6,6,48000,3650,2057,0,1,10,10,634.5
2026-10-08T19:19:43Z,32034,6,6,48000,3650,2181,0,1,10,10,636.0
2026-10-08T19:19:59Z,32050,6,6,48000,3650,2329,0,1,10,10,639.0
2026-10-08T19:20:15Z,32066,6,6,48000,3650,2408,0,1,10,10,642.0
2026-10-08T19:20:30Z,32082,6,6,48000,3650,2356,0,1,10,10,640.5
2026-10-08T19:20:46Z,32097,6,6,48000,3650,2485,0,1,10,10,643.5
2026-10-08T19:21:02Z,32113,6,6,48000,3650,2087,0,1,10,10,636.0
2026-10-08T19:21:17Z,32129,6,6,48000,3650,1830,0,1,10,10,631.5
2026-10-08T19:21:33Z,32144,6,6,48000,3650,1704,0,1,10,10,628.5
2026-10-08T19:21:49Z,32160,6,6,48000,3650,1658,0,1,10,10,627.0
2026-10-08T19:22:04Z,32176,6,6,48000,3650,1414,0,1,10,10,624.0
2026-10-08T19:22:20Z,32191,6,6,48000,3650,1373,0,1,10,10,622.5
2026-10-08T19:22:36Z,32207,6,6,48000,3650,1204,0,1,10,10,618.0
2026-10-08T19:22:51Z,32223,6,6,48000,3650,1121,0,1,10,10,616.5
2026-10-08T19:23:07Z,32238,6,6,48000,3650,1042,0,1,10,10,615.0
2026-10-08T19:23:23Z,32254,6,6,48000,3650,1132,0,1,10,10,615.0
2026-10-08T19:23:38Z,32270,6,6,48000,3650,1143,0,1,10,10,618.0
2026-10-08T19:23:54Z,32285,6,6,48000,3650,1130,0,1,10,10,616.5
2026-10-08T19:24:09Z,32301,6,6,48000,3650,1159,0,1,10,10,616.5
2026-10-08T19:24:25Z,32316,6,6,48000,3650,1026,0,1,10,10,615.0
2026-10-08T19:24:41Z,32332,6,6,48000,3650,875,0,1,10,10,613.5
2026-10-08T19:24:56Z,32348,6,6,48000,3650,903,0,1,10,10,613.5
2026-10-08T19:25:12Z,32363,6,6,48000,3650,644,0,1,10,10,606.0
2026-10-08T19:25:28Z,32379,6,6,48000,3650,595,0,1,10,10,606.0
2026-10-08T19:25:43Z,32395,6,6,48000,3650,539,0,1,10,10,606.0
2026-10-08T19:25:59Z,32410,6,6,48000,3650,630,0,1,10,10,607.5
2026-10-08T19:26:15Z,32426,6,6,48000,3650,623,0,1,10,10,606.0
2026-10-08T19:26:30Z,32442,6,6,48000,3650,571,0,1,10,10,606.0
2026-10-08T19:26:46Z,32457,6,6,48000,3650,620,0,1,10,10,606.0
2026-10-08T19:27:01Z,32473,6,6,48000,3650,349,0,1,10,10,600.0
2026-10-08T19:27:17Z,32488,6,6,48000,3650,358,0,1,10,10,601.5
2026-10-08T19:27:33Z,32504,6,6,48000,3650,592,0,1,10,10,606.0
2026-10-08T19:27:49Z,32520,6,6,48000,3650,585,1,1,10,10,607.5
2026-10-08T19:28:04Z,32536,6,6,48000,3650,772,0,1,10,10,610.5
2026-10-08T19:28:20Z,32551,6,6,48000,3650,843,0,1,10,10,610.5
2026-10-08T19:28:36Z,32567,6,6,48000,3650,886,0,1,10,10,613.5
2026-10-08T19:28:51Z,32583,6,6,48000,3650,839,0,1,10,10,612.0
2026-10-08T19:29:07Z,32598,6,6,48000,3650,785,0,1,10,10,609.0
2026-10-08T19:29:22Z,32614,6,6,48000,3650,847,0,1,10,10,610.5
2026-10-08T19:29:38Z,32629,6,6,48000,3250,933,0,1,10,8,613.5
2026-10-08T19:29:54Z,32645,6,6,48000,3250,1009,0,1,8,8,615.0
2026-10-08T19:30:10Z,32661,6,6,48000,3250,1163,2,1,8,10,618.0
2026-10-08T19:30:25Z,32677,6,6,48000,3650,1211,0,1,10,10,616.5
2026-10-08T19:30:41Z,32692,6,6,48000,3650,1387,0,1,10,10,621.0
2026-10-08T19:30:57Z,32708,6,6,48000,3650,1462,0,1,10,10,624.0
2026-10-08T19:31:12Z,32724,6,6,48000,3650,1626,0,1,10,10,628.5
2026-10-08T19:31:28Z,32739,6,6,48000,3650,1763,0,1,10,10,628.5
2026-10-08T19:31:44Z,32755,6,6,48000,3650,1767,0,1,10,10,628.5
2026-10-08T19:31:59Z,32771,6,6,48000,3650,1732,0,1,10,10,627.0
2026-10-08T19:32:15Z,32786,6,6,48000,3650,1649,0,1,10,10,625.5
2026-10-08T19:32:31Z,32802,6,6,48000,3650,1462,0,1,10,10,624.0
2026-10-08T19:32:46Z,32818,6,6,48000,3650,1381,0,1,10,10,621.0
2026-10-08T19:33:02Z,32833,6,6,48000,3650,1442,0,1,10,10,622.5
2026-10-08T19:33:17Z,32849,6,6,48000,3650,1547,0,1,10,10,624.0
2026-10-08T19:33:33Z,32864,6,6,48000,3650,1645,0,1,10,10,627.0
2026-10-08T19:33:49Z,32880,6,6,48000,3650,1785,1,1,10,10,628.5
2026-10-08T19:34:04Z,32896,6,6,48000,3650,1927,0,1,10,10,631.5
2026-10-08T19:34:20Z,32911,6,6,48000,3650,2073,0,1,10,10,633.0
2026-10-08T19:34:36Z,32927,6,6,48000,3650,2016,0,1,10,10,633.0
2026-10-08T19:34:52Z,32943,6,6,48000,3650,2358,0,1,10,10,639.0
2026-10-08T19:35:07Z,32959,6,6,48000,3650,2401,0,1,10,10,642.0
2026-10-08T19:35:23Z,32974,6,6,48000,3650,2371,0,1,10,10,640.5
2026-10-08T19:35:39Z,32990,6,6,48000,3650,2386,0,1,10,10,640.5
2026-10-08T19:35:55Z,33006,6,6,48000,3650,2110,0,1,10,10,636.0
2026-10-08T19:36:10Z,33022,6,6,48000,3650,2000,0,1,10,10,631.5
2026-10-08T19:36:26Z,33037,6,6,48000,3650,1893,0,1,10,10,631.5
2026-10-08T19:36:42Z,33053,6,6,48000,3650,1708,0,1,10,10,628.5
2026-10-08T19:36:57Z,33069,6,6,48000,3650,1620,0,1,10,10,625.5
2026-10-08T19:37:13Z,33084,6,6,48000,3650,1447,0,1,10,10,621.0
2026-10-08T19:37:28Z,33100,6,6,48000,3650,1376,0,1,10,10,622.5
2026-10-08T19:37:44Z,33115,6,6,48000,3650,1308,0,1,10,10,619.5
2026-10-08T19:38:00Z,33131,6,6,48000,3650,1127,0,1,10,10,615.0
2026-10-08T19:38:15Z,33147,6,6,48000,3650,1108,0,1,10,10,615.0
2026-10-08T19:38:31Z,33162,6,6,48000,3650,1066,0,1,10,10,615.0
2026-10-08T19:38:47Z,33178,6,6,48000,3650,1118,0,1,10,10,615.0
2026-10-08T19:39:02Z,33194,6,6,48000,3650,1198,0,1,10,10,616.5
2026-10-08T19:39:18Z,33209,6,6,48000,3650,1030,0,1,10,10,615.0
2026-10-08T19:39:34Z,33225,6,6,48000,3650,869,0,1,10,10,613.5
2026-10-08T19:39:49Z,33241,6,6,48000,3650,833,0,1,10,10,612.0
2026-10-08T19:40:05Z,33256,6,6,48000,3650,693,0,1,10,10,606.0
2026-10-08T19:40:20Z,33272,6,6,48000,3650,589,0,1,10,10,606.0
2026-10-08T19:40:36Z,33287,6,6,48000,3650,534,0,1,10,10,606.0
2026-10-08T19:40:52Z,33303,6,6,48000,3650,575,0,1,10,10,606.0
2026-10-08T19:41:07Z,33319,6,6,48000,3650,587,0,1,10,10,606.0
2026-10-08T19:41:23Z,33334,6,6,48000,3650,582,0,1,10,10,606.0
2026-10-08T19:41:38Z,33350,6,6,48000,3650,584,0,1,10,10,606.0
2026-10-08T19:41:54Z,33365,6,6,48000,3650,427,0,1,10,10,603.0
2026-10-08T19:42:10Z,33381,6,6,48000,3650,377,0,1,10,10,601.5
2026-10-08T19:42:25Z,33397,6,6,48000,3650,356,0,1,10,10,601.5
2026-10-08T19:42:41Z,33412,6,6,48000,3650,579,0,1,10,10,606.0
2026-10-08T19:42:57Z,33428,6,6,48000,3650,580,0,1,10,10,606.0
2026-10-08T19:43:12Z,33444,6,6,48000,3650,691,0,1,10,10,609.0
2026-10-08T19:43:28Z,33459,6,6,48000,3650,898,0,1,10,10,613.5
2026-10-08T19:43:43Z,33475,6,6,48000,3650,865,0,1,10,10,612.0
2026-10-08T19:43:59Z,33490,6,6,48000,3650,856,0,1,10,10,613.5
2026-10-08T19:44:15Z,33506,6,6,48000,3650,843,0,1,10,10,612.0
2026-10-08T19:44:30Z,33522,6,6,48000,3450,816,0,1,10,9,613.5
2026-10-08T19:44:46Z,33537,6,6,48000,3450,830,0,1,9,9,610.5
2026-10-08T19:45:02Z,33553,6,6,48000,3450,1230,0,1,9,9,618.0
2026-10-08T19:45:17Z,33569,6,6,48000,3650,1170,0,1,9,10,616.5
2026-10-08T19:45:33Z,33584,6,6,48000,3650,1482,0,1,10,10,622.5
2026-10-08T19:45:49Z,33600,6,6,48000,3650,1432,0,1,10,10,621.0
2026-10-08T19:46:04Z,33616,6,6,48000,3650,1588,0,1,10,10,625.5
2026-10-08T19:46:20Z,33631,6,6,48000,3650,1760,0,1,10,10,630.0
2026-10-08T19:46:36Z,33647,6,6,48000,3650,1813,0,1,10,10,628.5
2026-10-08T19:46:51Z,33663,6,6,48000,3650,1723,0,1,10,10,630.0
2026-10-08T19:47:07Z,33678,6,6,48000,3650,1815,0,1,10,10,631.5
2026-10-08T19:47:23Z,33694,6,6,48000,3650,1539,0,1,10,10,625.5
2026-10-08T19:47:38Z,33710,6,6,48000,3650,1498,0,1,10,10,622.5
2026-10-08T19:47:54Z,33725,6,6,48000,3650,1433,0,1,10,10,621.0
2026-10-08T19:48:10Z,33741,6,6,48000,3650,1595,0,1,10,10,625.5
2026-10-08T19:48:25Z,33757,6,6,48000,3650,1603,0,1,10,10,625.5
2026-10-08T19:48:41Z,33772,6,6,48000,3650,1755,0,1,10,10,630.0
2026-10-08T19:48:57Z,33788,6,6,48000,3650,1795,0,1,10,10,628.5
2026-10-08T19:49:12Z,33804,6,6,48000,3650,1825,0,1,10,10,631.5
2026-10-08T19:49:28Z,33819,6,6,48000,3650,2096,0,1,10,10,636.0
2026-10-08T19:49:44Z,33835,6,6,48000,3650,2041,0,1,10,10,634.5
2026-10-08T19:50:00Z,33851,6,6,48000,3650,2391,0,1,10,10,642.0
2026-10-08T19:50:15Z,33867,6,6,48000,3650,2480,0,1,10,10,642.0
2026-10-08T19:50:31Z,33882,6,6,48000,3650,2410,0,1,10,10,640.5
2026-10-08T19:50:47Z,33898,6,6,48000,3650,2151,0,1,10,10,636.0
2026-10-08T19:51:02Z,33914,6,6,48000,3650,2053,0,1,10,10,633.0
2026-10-08T19:51:18Z,33929,6,6,48000,3650,1967,0,1,10,10,631.5
2026-10-08T19:51:34Z,33945,6,6,48000,3650,1660,0,1,10,10,627.0
2026-10-08T19:51:49Z,33961,6,6,48000,3650,1625,0,1,10,10,625.5
2026-10-08T19:52:05Z,33976,6,6,48000,3650,1448,0,1,10,10,624.0
2026-10-08T19:52:21Z,33992,6,6,48000,3650,1400,0,1,10,10,621.0
2026-10-08T19:52:36Z,34008,6,6,48000,3650,1326,0,1,10,10,619.5
2026-10-08T19:52:52Z,34023,6,6,48000,3650,1109,0,1,10,10,616.5
2026-10-08T19:53:07Z,34039,6,6,48000,3650,1070,0,1,10,10,615.0
2026-10-08T19:53:23Z,34054,6,6,48000,3650,1033,0,1,10,10,616.5
2026-10-08T19:53:39Z,34070,6,6,48000,3650,1094,0,1,10,10,615.0
2026-10-08T19:53:54Z,34086,6,6,48000,3650,1112,0,1,10,10,618.0
2026-10-08T19:54:10Z,34101,6,6,48000,3650,1107,0,1,10,10,615.0
2026-10-08T19:54:26Z,34117,6,6,48000,3650,1012,0,1,10,10,613.5
2026-10-08T19:54:41Z,34133,6,6,48000,3650,849,0,1,10,10,612.0
2026-10-08T19:54:57Z,34148,6,6,48000,3650,857,0,1,10,10,613.5
2026-10-08T19:55:13Z,34164,6,6,48000,3650,618,0,1,10,10,607.5
2026-10-08T19:55:28Z,34180,6,6,48000,3650,603,0,1,10,10,606.0
2026-10-08T19:55:44Z,34195,6,6,48000,3650,540,0,1,10,10,606.0
2026-10-08T19:55:59Z,34211,6,6,48000,3650,562,0,1,10,10,606.0
2026-10-08T19:56:15Z,34226,6,6,48000,3650,590,0,1,10,10,607.5
2026-10-08T19:56:31Z,34242,6,6,48000,3650,630,0,1,10,10,607.5
2026-10-08T19:56:46Z,34258,6,6,48000,3650,622,0,1,10,10,606.0
2026-10-08T19:57:02Z,34273,6,6,48000,3650,362,0,1,10,10,601.5
2026-10-08T19:57:18Z,34289,6,6,48000,3650,356,0,1,10,10,601.5
2026-10-08T19:57:33Z,34305,6,6,48000,3650,563,0,1,10,10,606.0
2026-10-08T19:57:49Z,34320,6,6,48000,3650,584,0,1,10,10,607.5
2026-10-08T19:58:04Z,34336,6,6,48000,3650,641,0,1,10,10,607.5
2026-10-08T19:58:20Z,34351,6,6,48000,3650,850,0,1,10,10,613.5
2026-10-08T19:58:36Z,34367,6,6,48000,3650,821,0,1,10,10,610.5
2026-10-08T19:58:51Z,34383,6,6,48000,3650,861,0,1,10,10,615.0
2026-10-08T19:59:07Z,34398,6,6,48000,3650,828,0,1,10,10,612.0
2026-10-08T19:59:23Z,34414,6,6,48000,3650,753,0,1,10,10,609.0
2026-10-08T19:59:38Z,34430,6,6,48000,3250,896,0,1,10,8,615.0
2026-10-08T19:59:54Z,34445,6,6,48000,3250,937,0,1,8,8,612.0
2026-10-08T20:00:10Z,34461,6,6,48000,3250,1119,0,1,8,8,616.5
2026-10-08T20:00:25Z,34477,6,6,48000,3650,1172,0,1,8,10,616.5
2026-10-08T20:00:41Z,34492,6,6,48000,3650,1361,0,1,10,10,621.0
2026-10-08T20:00:57Z,34508,6,6,48000,3650,1396,0,1,10,10,622.5
2026-10-08T20:01:12Z,34524,6,6,48000,3650,1468,0,1,10,10,624.0
2026-10-08T20:01:28Z,34539,6,6,48000,3650,1692,0,1,10,10,628.5
2026-10-08T20:01:43Z,34555,6,6,48000,3650,1661,0,1,10,10,627.0
2026-10-08T20:01:59Z,34571,6,6,48000,3650,1656,0,1,10,10,627.0
2026-10-08T20:02:15Z,34586,6,6,48000,3650,1706,0,1,10,10,628.5
2026-10-08T20:02:30Z,34602,6,6,48000,3650,1445,0,1,10,10,622.5
2026-10-08T20:02:46Z,34617,6,6,48000,3650,1384,0,1,10,10,621.0
2026-10-08T20:03:02Z,34633,6,6,48000,3650,1420,0,1,10,10,624.0
2026-10-08T20:03:17Z,34649,6,6,48000,3650,1387,0,1,10,10,621.0
2026-10-08T20:03:33Z,34664,6,6,48000,3650,1567,0,1,10,10,625.5
2026-10-08T20:03:49Z,34680,6,6,48000,3650,1693,0,1,10,10,628.5
2026-10-08T20:04:04Z,34696,6,6,48000,3650,1746,0,1,10,10,630.0
2026-10-08T20:04:20Z,34711,6,6,48000,3650,2059,0,1,10,10,636.0
2026-10-08T20:04:36Z,34727,6,6,48000,3650,2026,0,1,10,10,633.0
2026-10-08T20:04:52Z,34743,6,6,48000,3650,2313,0,1,10,10,639.0
2026-10-08T20:05:07Z,34759,6,6,48000,3650,2460,0,1,10,10,642.0
2026-10-08T20:05:23Z,34774,6,6,48000,3650,2472,0,1,10,10,642.0
2026-10-08T20:05:39Z,34790,6,6,48000,3650,2348,0,1,10,10,637.5
2026-10-08T20:05:54Z,34806,6,6,48000,3650,2252,0,1,10,10,637.5
2026-10-08T20:06:10Z,34821,6,6,48000,3650,1968,0,1,10,10,633.0
2026-10-08T20:06:26Z,34837,6,6,48000,3650,1990,0,1,10,10,631.5
2026-10-08T20:06:41Z,34853,6,6,48000,3650,1724,0,1,10,10,628.5
2026-10-08T20:06:57Z,34868,6,6,48000,3650,1755,0,1,10,10,630.0
2026-10-08T20:07:13Z,34884,6,6,48000,3650,1475,0,1,10,10,622.5
2026-10-08T20:07:28Z,34900,6,6,48000,3650,1473,0,1,10,10,622.5
2026-10-08T20:07:44Z,34915,6,6,48000,3650,1389,0,1,10,10,622.5
2026-10-08T20:08:00Z,34931,6,6,48000,3650,1094,0,1,10,10,616.5
2026-10-08T20:08:15Z,34947,6,6,48000,3650,1168,0,1,10,10,616.5
2026-10-08T20:08:31Z,34962,6,6,48000,3650,1073,0,1,10,10,615.0
2026-10-08T20:08:47Z,34978,6,6,48000,3650,1164,0,1,10,10,618.0
2026-10-08T20:09:02Z,34994,6,6,48000,3650,1197,0,1,10,10,618.0
2026-10-08T20:09:18Z,35009,6,6,48000,3650,1126,0,1,10,10,616.5
2026-10-08T20:09:34Z,35025,6,6,48000,3650,907,0,1,10,10,613.5
2026-10-08T20:09:49Z,35041,6,6,48000,3650,912,0,1,10,10,612.0
2026-10-08T20:10:05Z,35056,6,6,48000,3650,703,0,1,10,10,609.0
2026-10-08T20:10:20Z,35072,6,6,48000,3650,608,0,1,10,10,607.5
2026-10-08T20:10:36Z,35087,6,6,48000,3650,579,0,1,10,10,606.0
2026-10-08T20:10:52Z,35103,6,6,48000,3650,547,0,1,10,10,606.0
2026-10-08T20:11:07Z,35119,6,6,48000,3650,582,0,1,10,10,606.0
2026-10-08T20:11:23Z,35134,6,6,48000,3650,602,0,1,10,10,607.5
2026-10-08T20:11:39Z,35150,6,6,48000,3650,609,0,1,10,10,606.0
2026-10-08T20:11:54Z,35166,6,6,48000,3650,488,0,1,10,10,606.0
2026-10-08T20:12:10Z,35181,6,6,48000,3650,373,0,1,10,10,601.5
2026-10-08T20:12:25Z,35197,6,6,48000,3650,352,0,1,10,10,601.5
2026-10-08T20:12:41Z,35212,6,6,48000,3650,547,0,1,10,10,606.0
2026-10-08T20:12:57Z,35228,6,6,48000,3650,625,0,1,10,10,606.0
2026-10-08T20:13:12Z,35244,6,6,48000,3650,669,0,1,10,10,606.0
2026-10-08T20:13:28Z,35259,6,6,48000,3650,868,0,1,10,10,612.0
2026-10-08T20:13:44Z,35275,6,6,48000,3650,867,0,1,10,10,612.0
2026-10-08T20:13:59Z,35291,6,6,48000,3650,830,0,1,10,10,612.0
2026-10-08T20:14:15Z,35306,6,6,48000,3650,872,0,1,10,10,612.0
2026-10-08T20:14:30Z,35322,6,6,48000,3650,803,0,1,10,9,612.0
2026-10-08T20:14:46Z,35337,6,6,48000,3450,914,0,1,9,8,613.5
2026-10-08T20:15:02Z,35353,6,6,48000,3250,1199,0,1,8,8,616.5
2026-10-08T20:15:17Z,35369,6,6,48000,3650,1185,0,1,8,10,618.0
2026-10-08T20:15:33Z,35384,6,6,48000,3650,1480,0,1,10,10,624.0
2026-10-08T20:15:49Z,35400,6,6,48000,3650,1489,0,1,10,10,622.5
2026-10-08T20:16:04Z,35416,6,6,48000,3650,1522,0,1,10,10,625.5
2026-10-08T20:16:20Z,35431,6,6,48000,3650,1784,0,1,10,10,630.0
2026-10-08T20:16:36Z,35447,6,6,48000,3650,1778,0,1,10,10,628.5
2026-10-08T20:16:51Z,35463,6,6,48000,3650,1725,0,1,10,10,628.5
2026-10-08T20:17:07Z,35478,6,6,48000,3650,1820,0,1,10,10,630.0
2026-10-08T20:17:23Z,35494,6,6,48000,3650,1462,0,1,10,10,621.0
2026-10-08T20:17:38Z,35510,6,6,48000,3650,1415,0,1,10,10,622.5
2026-10-08T20:17:54Z,35525,6,6,48000,3650,1350,0,1,10,10,621.0
2026-10-08T20:18:10Z,35541,6,6,48000,3650,1514,0,1,10,10,624.0
2026-10-08T20:18:25Z,35557,6,6,48000,3650,1490,0,1,10,10,621.0
2026-10-08T20:18:41Z,35572,6,6,48000,3650,1670,0,1,10,10,630.0
2026-10-08T20:18:57Z,35588,6,6,48000,3650,1749,0,1,10,10,630.0
2026-10-08T20:19:12Z,35604,6,6,48000,3650,1868,0,1,10,10,631.5
2026-10-08T20:19:28Z,35619,6,6,48000,3650,2157,0,1,10,10,636.0
2026-10-08T20:19:44Z,35635,6,6,48000,3650,2044,0,1,10,10,633.0
2026-10-08T20:20:00Z,35651,6,6,48000,3650,2405,0,1,10,10,640.5
2026-10-08T20:20:15Z,35667,6,6,48000,3650,2434,0,1,10,10,642.0
2026-10-08T20:20:31Z,35682,6,6,48000,3650,2467,0,1,10,10,642.0
2026-10-08T20:20:47Z,35698,6,6,48000,3650,2163,0,1,10,10,636.0
2026-10-08T20:21:02Z,35714,6,6,48000,3650,2031,0,1,10,10,631.5
2026-10-08T20:21:18Z,35729,6,6,48000,3650,2015,0,1,10,10,631.5
2026-10-08T20:21:34Z,35745,6,6,48000,3650,1803,0,1,10,10,628.5
2026-10-08T20:21:49Z,35761,6,6,48000,3650,1632,0,1,10,10,625.5
2026-10-08T20:22:05Z,35776,6,6,48000,3650,1524,0,1,10,10,625.5
2026-10-08T20:22:21Z,35792,6,6,48000,3650,1403,0,1,10,10,622.5
2026-10-08T20:22:36Z,35808,6,6,48000,3650,1421,0,1,10,10,622.5
2026-10-08T20:22:52Z,35823,6,6,48000,3650,1157,0,1,10,10,616.5
2026-10-08T20:23:08Z,35839,6,6,48000,3650,1156,0,1,10,10,618.0
2026-10-08T20:23:23Z,35855,6,6,48000,3650,1082,0,1,10,10,615.0
2026-10-08T20:23:39Z,35870,6,6,48000,3650,1272,0,1,10,10,618.0
2026-10-08T20:23:55Z,35886,6,6,48000,3650,1199,0,1,10,10,618.0
2026-10-08T20:24:10Z,35902,6,6,48000,3650,1284,0,1,10,10,619.5
2026-10-08T20:24:26Z,35917,6,6,48000,3650,1175,0,1,10,10,616.5
2026-10-08T20:24:42Z,35933,6,6,48000,3650,885,0,1,10,10,613.5
2026-10-08T20:24:57Z,35949,6,6,48000,3650,877,0,1,10,10,613.5
2026-10-08T20:25:13Z,35964,6,6,48000,3650,746,0,1,10,10,610.5
2026-10-08T20:25:28Z,35980,6,6,48000,3650,629,0,1,10,10,607.5
2026-10-08T20:25:44Z,35995,6,6,48000,3650,614,0,1,10,10,606.0
2026-10-08T20:26:00Z,36011,6,6,48000,3650,557,0,1,10,10,607.5
2026-10-08T20:26:15Z,36027,6,6,48000,3650,656,0,1,10,10,607.5
2026-10-08T20:26:31Z,36042,6,6,48000,3650,583,0,1,10,10,606.0
2026-10-08T20:26:47Z,36058,6,6,48000,3650,506,0,1,10,10,606.0
2026-10-08T20:27:02Z,36074,6,6,48000,3650,365,0,1,10,10,601.5
2026-10-08T20:27:18Z,36089,6,6,48000,3650,352,1,1,10,10,600.0
2026-10-08T20:27:33Z,36105,6,6,48000,3650,528,0,1,10,10,603.0
2026-10-08T20:27:49Z,36120,6,6,48000,3650,637,0,1,10,10,607.5
2026-10-08T20:28:05Z,36136,6,6,48000,3650,653,0,1,10,10,607.5
2026-10-08T20:28:20Z,36152,6,6,48000,3650,860,0,1,10,10,615.0
2026-10-08T20:28:36Z,36167,6,6,48000,3650,862,0,1,10,10,615.0
2026-10-08T20:28:51Z,36183,6,6,48000,3650,850,0,1,10,10,612.0
2026-10-08T20:29:07Z,36198,6,6,48000,3650,903,0,1,10,10,612.0
2026-10-08T20:29:23Z,36214,6,6,48000,3650,773,0,1,10,10,609.0
2026-10-08T20:29:38Z,36230,6,6,48000,3450,896,0,1,10,9,615.0
2026-10-08T20:29:54Z,36245,6,6,48000,3250,929,0,1,9,8,613.5
2026-10-08T20:30:10Z,36261,6,6,48000,3250,1185,0,1,8,8,616.5
2026-10-08T20:30:25Z,36277,6,6,48000,3650,1176,0,1,8,10,616.5
2026-10-08T20:30:41Z,36292,6,6,48000,3650,1410,0,1,10,10,621.0
2026-10-08T20:30:57Z,36308,6,6,48000,3650,1522,0,1,10,10,624.0
2026-10-08T20:31:12Z,36324,6,6,48000,3650,1460,0,1,10,10,621.0
2026-10-08T20:31:28Z,36339,6,6,48000,3650,1735,0,1,10,10,627.0
2026-10-08T20:31:44Z,36355,6,6,48000,3650,1741,0,1,10,10,627.0
2026-10-08T20:31:59Z,36371,6,6,48000,3650,1763,0,1,10,10,628.5
2026-10-08T20:32:15Z,36386,6,6,48000,3650,1786,0,1,10,10,630.0
2026-10-08T20:32:31Z,36402,6,6,48000,3650,1543,0,1,10,10,624.0
2026-10-08T20:32:46Z,36418,6,6,48000,3650,1457,0,1,10,10,619.5
2026-10-08T20:33:02Z,36433,6,6,48000,3650,1473,0,1,10,10,621.0
2026-10-08T20:33:18Z,36449,6,6,48000,3650,1447,0,1,10,10,622.5
2026-10-08T20:33:33Z,36465,6,6,48000,3650,1588,0,1,10,10,627.0
2026-10-08T20:33:49Z,36480,6,6,48000,3650,1819,0,1,10,10,630.0
2026-10-08T20:34:05Z,36496,6,6,48000,3650,1826,0,1,10,10,628.5
2026-10-08T20:34:20Z,36512,6,6,48000,3650,2070,0,1,10,10,633.0
2026-10-08T20:34:36Z,36527,6,6,48000,3650,2100,0,1,10,10,634.5
2026-10-08T20:34:52Z,36543,6,6,48000,3650,2229,0,1,10,10,639.0
2026-10-08T20:35:07Z,36559,6,6,48000,3650,2357,0,1,10,10,640.5
2026-10-08T20:35:23Z,36574,6,6,48000,3650,2413,0,1,10,10,639.0
2026-10-08T20:35:39Z,36590,6,6,48000,3650,2422,0,1,10,10,640.5
2026-10-08T20:35:54Z,36606,6,6,48000,3650,2358,0,1,10,10,642.0
2026-10-08T20:36:10Z,36621,6,6,48000,3650,2039,0,1,10,10,633.0
2026-10-08T20:36:26Z,36637,6,6,48000,3650,2077,0,1,10,10,634.5
2026-10-08T20:36:42Z,36653,6,6,48000,3650,1675,0,1,10,10,627.0
2026-10-08T20:36:57Z,36669,6,6,48000,3650,1754,0,1,10,10,630.0
2026-10-08T20:37:13Z,36684,6,6,48000,3650,1536,0,1,10,10,622.5
2026-10-08T20:37:28Z,36700,6,6,48000,3650,1464,0,1,10,10,622.5
2026-10-08T20:37:44Z,36715,6,6,48000,3650,1368,0,1,10,10,622.5
2026-10-08T20:38:00Z,36731,6,6,48000,3650,1188,0,1,10,10,616.5
2026-10-08T20:38:15Z,36747,6,6,48000,3650,1185,0,1,10,10,619.5
2026-10-08T20:38:31Z,36762,6,6,48000,3650,1093,0,1,10,10,619.5
2026-10-08T20:38:47Z,36778,6,6,48000,3650,1296,0,1,10,10,621.0
2026-10-08T20:39:02Z,36794,6,6,48000,3650,1279,0,1,10,10,619.5
2026-10-08T20:39:18Z,36809,6,6,48000,3650,1193,0,1,10,10,618.0
2026-10-08T20:39:34Z,36825,6,6,48000,3650,918,0,1,10,10,613.5
2026-10-08T20:39:49Z,36841,6,6,48000,3650,924,0,1,10,10,612.0
2026-10-08T20:40:05Z,36856,6,6,48000,3650,771,0,1,10,10,609.0
2026-10-08T20:40:21Z,36872,6,6,48000,3650,597,0,1,10,10,606.0
2026-10-08T20:40:36Z,36888,6,6,48000,3650,628,0,1,10,10,607.5
2026-10-08T20:40:52Z,36903,6,6,48000,3650,515,0,1,10,10,606.0
2026-10-08T20:41:07Z,36919,6,6,48000,3650,608,0,1,10,10,606.0
2026-10-08T20:41:23Z,36934,6,6,48000,3650,593,0,1,10,10,606.0
2026-10-08T20:41:39Z,36950,6,6,48000,3650,589,0,1,10,10,607.5
2026-10-08T20:41:54Z,36966,6,6,48000,3650,491,0,1,10,10,606.0
2026-10-08T20:42:10Z,36981,6,6,48000,3650,376,0,1,10,10,603.0
2026-10-08T20:42:25Z,36997,6,6,48000,3650,348,0,1,10,10,600.0
2026-10-08T20:42:41Z,37012,6,6,48000,3650,465,0,1,10,10,603.0
2026-10-08T20:42:57Z,37028,6,6,48000,3650,580,0,1,10,10,606.0
2026-10-08T20:43:12Z,37044,6,6,48000,3650,638,0,1,10,10,606.0
2026-10-08T20:43:28Z,37059,6,6,48000,3650,809,0,1,10,10,612.0
2026-10-08T20:43:44Z,37075,6,6,48000,3650,849,0,1,10,10,612.0
2026-10-08T20:43:59Z,37091,6,6,48000,3650,827,0,1,10,10,610.5
2026-10-08T20:44:15Z,37106,6,6,48000,3650,833,0,1,10,10,613.5
2026-10-08T20:44:31Z,37122,6,6,48000,3650,751,0,1,10,9,609.0
2026-10-08T20:44:46Z,37138,6,6,48000,3450,886,0,1,9,9,613.5
2026-10-08T20:45:02Z,37153,6,6,48000,3450,1126,0,1,9,8,618.0
2026-10-08T20:45:18Z,37169,6,6,48000,3250,1178,0,1,8,8,616.5
2026-10-08T20:45:33Z,37185,6,6,48000,3650,1281,0,1,8,10,621.0
2026-10-08T20:45:49Z,37200,6,6,48000,3650,1361,0,1,10,10,621.0
2026-10-08T20:46:05Z,37216,6,6,48000,3650,1402,0,1,10,10,622.5
2026-10-08T20:46:20Z,37232,6,6,48000,3650,1766,0,1,10,10,628.5
2026-10-08T20:46:36Z,37247,6,6,48000,3650,1680,0,1,10,10,625.5
2026-10-08T20:46:52Z,37263,6,6,48000,3650,1683,0,1,10,10,628.5
2026-10-08T20:47:07Z,37279,6,6,48000,3650,1757,0,1,10,10,630.0
2026-10-08T20:47:23Z,37294,6,6,48000,3650,1524,0,1,10,10,621.0
2026-10-08T20:47:39Z,37310,6,6,48000,3650,1438,0,1,10,10,624.0
2026-10-08T20:47:54Z,37326,6,6,48000,3650,1319,0,1,10,10,619.5
2026-10-08T20:48:10Z,37341,6,6,48000,3650,1436,0,1,10,10,622.5
2026-10-08T20:48:26Z,37357,6,6,48000,3650,1449,0,1,10,10,622.5
2026-10-08T20:48:42Z,37373,6,6,48000,3650,1607,0,1,10,10,625.5
2026-10-08T20:48:57Z,37389,6,6,48000,3650,1778,0,1,10,10,628.5
2026-10-08T20:49:13Z,37404,6,6,48000,3650,1762,0,1,10,10,628.5
2026-10-08T20:49:29Z,37420,6,6,48000,3650,2055,0,1,10,10,633.0
2026-10-08T20:49:44Z,37436,6,6,48000,3650,1999,0,1,10,10,633.0
2026-10-08T20:50:00Z,37451,6,6,48000,3650,2278,0,1,10,10,640.5
2026-10-08T20:50:16Z,37467,6,6,48000,3650,2395,0,1,10,10,642.0
2026-10-08T20:50:32Z,37483,6,6,48000,3650,2347,0,1,10,10,640.5
2026-10-08T20:50:47Z,37499,6,6,48000,3650,2250,0,1,10,10,637.5
2026-10-08T20:51:03Z,37514,6,6,48000,3650,2029,0,1,10,10,633.0
2026-10-08T20:51:19Z,37530,6,6,48000,3650,1998,0,1,10,10,633.0
2026-10-08T20:51:34Z,37546,6,6,48000,3650,1709,0,1,10,10,627.0
2026-10-08T20:51:50Z,37561,6,6,48000,3650,1702,0,1,10,10,627.0
2026-10-08T20:52:06Z,37577,6,6,48000,3650,1511,0,1,10,10,621.0
2026-10-08T20:52:21Z,37593,6,6,48000,3650,1422,0,1,10,10,624.0
2026-10-08T20:52:37Z,37608,6,6,48000,3650,1364,0,1,10,10,622.5
2026-10-08T20:52:53Z,37624,6,6,48000,3650,1144,0,1,10,10,615.0
2026-10-08T20:53:08Z,37640,6,6,48000,3650,1135,1,1,10,10,616.5
2026-10-08T20:53:24Z,37655,6,6,48000,3650,1066,0,1,10,10,615.0
2026-10-08T20:53:40Z,37671,6,6,48000,3650,1172,0,1,10,10,618.0
2026-10-08T20:53:55Z,37687,6,6,48000,3650,1134,0,1,10,10,616.5
2026-10-08T20:54:11Z,37702,6,6,48000,3650,1178,0,1,10,10,619.5
2026-10-08T20:54:27Z,37718,6,6,48000,3650,1139,0,1,10,10,615.0
2026-10-08T20:54:42Z,37734,6,6,48000,3650,872,0,1,10,10,613.5
2026-10-08T20:54:58Z,37749,6,6,48000,3650,835,0,1,10,10,612.0
2026-10-08T20:55:13Z,37765,6,6,48000,3650,750,0,1,10,10,607.5
2026-10-08T20:55:29Z,37780,6,6,48000,3650,617,0,1,10,10,606.0
2026-10-08T20:55:45Z,37796,6,6,48000,3650,599,0,1,10,10,606.0
2026-10-08T20:56:00Z,37812,6,6,48000,3650,530,0,1,10,10,606.0
2026-10-08T20:56:16Z,37827,6,6,48000,3650,599,0,1,10,10,606.0
2026-10-08T20:56:31Z,37843,6,6,48000,3650,598,0,1,10,10,606.0
2026-10-08T20:56:47Z,37858,6,6,48000,3650,520,0,1,10,10,606.0
2026-10-08T20:57:03Z,37874,6,6,48000,3650,355,0,1,10,10,600.0
2026-10-08T20:57:18Z,37890,6,6,48000,3650,343,0,1,10,10,600.0
2026-10-08T20:57:34Z,37905,6,6,48000,3650,471,0,1,10,10,604.5
2026-10-08T20:57:50Z,37921,6,6,48000,3650,587,0,1,10,10,606.0
2026-10-08T20:58:05Z,37937,6,6,48000,3650,614,0,1,10,10,606.0
2026-10-08T20:58:21Z,37952,6,6,48000,3650,835,0,1,10,10,612.0
2026-10-08T20:58:36Z,37968,6,6,48000,3650,848,0,1,10,10,612.0
2026-10-08T20:58:52Z,37983,6,6,48000,3650,876,0,1,10,10,613.5
2026-10-08T20:59:08Z,37999,6,6,48000,3650,915,0,1,10,10,613.5
2026-10-08T20:59:23Z,38015,6,6,48000,3650,814,0,1,10,10,612.0
2026-10-08T20:59:39Z,38030,6,6,48000,3650,940,0,1,10,10,615.0
2026-10-08T20:59:55Z,38046,6,6,48000,3450,907,0,1,10,9,613.5
2026-10-08T21:00:10Z,38062,6,6,48000,3450,1073,0,1,9,9,613.5
2026-10-08T21:00:26Z,38077,6,6,48000,3450,1176,0,1,9,9,618.0
2026-10-08T21:00:41Z,38093,6,6,48000,3650,1254,0,1,9,10,619.5
2026-10-08T21:00:57Z,38108,6,6,48000,3650,1403,0,1,10,10,621.0
2026-10-08T21:01:13Z,38124,6,6,48000,3650,1454,0,1,10,10,622.5
2026-10-08T21:01:28Z,38140,6,6,48000,3650,1716,0,1,10,10,628.5
2026-10-08T21:01:44Z,38156,6,6,48000,3650,1741,0,1,10,10,628.5
2026-10-08T21:02:00Z,38171,6,6,48000,3650,1764,0,1,10,10,630.0
2026-10-08T21:02:15Z,38187,6,6,48000,3650,1758,0,1,10,10,627.0
2026-10-08T21:02:31Z,38202,6,6,48000,3650,1535,0,1,10,10,624.0
2026-10-08T21:02:47Z,38218,6,6,48000,3650,1339,0,1,10,10,621.0
2026-10-08T21:03:02Z,38234,6,6,48000,3650,1405,0,1,10,10,624.0
2026-10-08T21:03:18Z,38249,6,6,48000,3650,1460,0,1,10,10,622.5
2026-10-08T21:03:34Z,38265,6,6,48000,3650,1630,0,1,10,10,627.0
2026-10-08T21:03:49Z,38281,6,6,48000,3650,1774,0,1,10,10,630.0
2026-10-08T21:04:05Z,38296,6,6,48000,3650,1764,0,1,10,10,627.0
2026-10-08T21:04:21Z,38312,6,6,48000,3650,2040,0,1,10,10,634.5
2026-10-08T21:04:37Z,38328,6,6,48000,3650,2070,0,1,10,10,634.5
2026-10-08T21:04:52Z,38344,6,6,48000,3650,2238,0,1,10,10,639.0
2026-10-08T21:05:08Z,38359,6,6,48000,3650,2402,0,1,10,10,642.0
2026-10-08T21:05:24Z,38375,6,6,48000,3650,2350,0,1,10,10,637.5
2026-10-08T21:05:39Z,38391,6,6,48000,3650,2355,0,1,10,10,640.5
2026-10-08T21:05:55Z,38406,6,6,48000,3650,2233,0,1,10,10,637.5
2026-10-08T21:06:11Z,38422,6,6,48000,3650,2002,0,1,10,10,634.5
2026-10-08T21:06:26Z,38438,6,6,48000,3650,2010,0,1,10,10,633.0
2026-10-08T21:06:42Z,38453,6,6,48000,3650,1693,0,1,10,10,625.5
2026-10-08T21:06:58Z,38469,6,6,48000,3650,1683,0,1,10,10,628.5
2026-10-08T21:07:13Z,38485,6,6,48000,3650,1568,0,1,10,10,625.5
2026-10-08T21:07:29Z,38500,6,6,48000,3650,1364,0,1,10,10,621.0
2026-10-08T21:07:45Z,38516,6,6,48000,3650,1405,0,1,10,10,621.0
2026-10-08T21:08:00Z,38532,6,6,48000,3650,1157,0,1,10,10,616.5
2026-10-08T21:08:16Z,38547,6,6,48000,3650,1168,0,1,10,10,616.5
2026-10-08T21:08:32Z,38563,6,6,48000,3650,1122,0,1,10,10,615.0
2026-10-08T21:08:47Z,38579,6,6,48000,3650,1112,0,1,10,10,616.5
2026-10-08T21:09:03Z,38594,6,6,48000,3650,1088,0,1,10,10,616.5
2026-10-08T21:09:18Z,38610,6,6,48000,3650,1113,0,1,10,10,616.5
2026-10-08T21:09:34Z,38625,6,6,48000,3650,840,0,1,10,10,612.0
2026-10-08T21:09:50Z,38641,6,6,48000,3650,839,0,1,10,10,612.0
2026-10-08T21:10:05Z,38657,6,6,48000,3650,762,0,1,10,10,607.5
2026-10-08T21:10:21Z,38672,6,6,48000,3650,598,0,1,10,10,606.0
2026-10-08T21:10:37Z,38688,6,6,48000,3650,599,0,1,10,10,607.5
2026-10-08T21:10:52Z,38704,6,6,48000,3650,529,0,1,10,10,606.0
2026-10-08T21:11:08Z,38719,6,6,48000,3650,615,0,1,10,10,606.0
2026-10-08T21:11:23Z,38735,6,6,48000,3650,606,0,1,10,10,606.0
2026-10-08T21:11:39Z,38750,6,6,48000,3650,645,0,1,10,10,607.5
2026-10-08T21:11:55Z,38766,6,6,48000,3650,537,0,1,10,10,606.0
2026-10-08T21:12:10Z,38782,6,6,48000,3650,376,0,1,10,10,601.5
2026-10-08T21:12:26Z,38797,6,6,48000,3650,353,0,1,10,10,601.5
2026-10-08T21:12:42Z,38813,6,6,48000,3650,435,0,1,10,10,603.0
2026-10-08T21:12:57Z,38829,6,6,48000,3650,590,0,1,10,10,606.0
2026-10-08T21:13:13Z,38844,6,6,48000,3650,592,0,1,10,10,606.0
2026-10-08T21:13:28Z,38860,6,6,48000,3650,810,0,1,10,10,612.0
2026-10-08T21:13:44Z,38875,6,6,48000,3650,881,0,1,10,10,613.5
2026-10-08T21:14:00Z,38891,6,6,48000,3650,868,0,1,10,10,613.5
2026-10-08T21:14:15Z,38907,6,6,48000,3650,887,0,1,10,10,610.5
2026-10-08T21:14:31Z,38922,6,6,48000,3650,777,0,1,10,10,607.5
2026-10-08T21:14:47Z,38938,6,6,48000,3650,852,0,1,10,9,615.0
2026-10-08T21:15:02Z,38954,6,6,48000,3450,1124,0,1,9,9,616.5
2026-10-08T21:15:18Z,38969,6,6,48000,3450,1115,0,1,9,9,616.5
2026-10-08T21:15:33Z,38985,6,6,48000,3650,1241,0,1,9,10,618.0
2026-10-08T21:15:49Z,39000,6,6,48000,3650,1447,0,1,10,10,624.0
2026-10-08T21:16:05Z,39016,6,6,48000,3650,1490,0,1,10,10,624.0
2026-10-08T21:16:20Z,39032,6,6,48000,3650,1664,0,1,10,10,627.0
2026-10-08T21:16:36Z,39047,6,6,48000,3650,1663,0,1,10,10,627.0
2026-10-08T21:16:52Z,39063,6,6,48000,3650,1693,0,1,10,10,628.5
2026-10-08T21:17:07Z,39079,6,6,48000,3650,1685,0,1,10,10,627.0
2026-10-08T21:17:23Z,39094,6,6,48000,3650,1511,0,1,10,10,624.0
2026-10-08T21:17:39Z,39110,6,6,48000,3650,1443,0,1,10,10,622.5
2026-10-08T21:17:54Z,39126,6,6,48000,3650,1342,0,1,10,10,619.5
2026-10-08T21:18:10Z,39141,6,6,48000,3650,1380,0,1,10,10,622.5
2026-10-08T21:18:26Z,39157,6,6,48000,3650,1436,0,1,10,10,621.0
2026-10-08T21:18:41Z,39173,6,6,48000,3650,1452,0,1,10,10,622.5
2026-10-08T21:18:57Z,39188,6,6,48000,3650,1683,0,1,10,10,627.0
2026-10-08T21:19:13Z,39204,6,6,48000,3650,1605,0,1,10,10,627.0
2026-10-08T21:19:28Z,39220,6,6,48000,3650,1963,0,1,10,10,630.0
2026-10-08T21:19:44Z,39235,6,6,48000,3650,1970,0,1,10,10,633.0
2026-10-08T21:20:00Z,39251,6,6,48000,3650,2174,0,1,10,10,634.5
2026-10-08T21:20:16Z,39267,6,6,48000,3650,2420,0,1,10,10,639.0
2026-10-08T21:20:31Z,39283,6,6,48000,3650,2360,0,1,10,10,639.0
2026-10-08T21:20:47Z,39298,6,6,48000,3650,2213,0,1,10,10,637.5
2026-10-08T21:21:03Z,39314,6,6,48000,3650,1983,0,1,10,10,631.5
2026-10-08T21:21:18Z,39330,6,6,48000,3650,1998,0,1,10,10,633.0
2026-10-08T21:21:34Z,39345,6,6,48000,3650,1745,0,1,10,10,630.0
2026-10-08T21:21:50Z,39361,6,6,48000,3650,1637,0,1,10,10,625.5
2026-10-08T21:22:05Z,39377,6,6,48000,3650,1617,0,1,10,10,625.5
2026-10-08T21:22:21Z,39392,6,6,48000,3650,1387,0,1,10,10,621.0
2026-10-08T21:22:37Z,39408,6,6,48000,3650,1341,0,1,10,10,622.5
2026-10-08T21:22:52Z,39424,6,6,48000,3650,1142,0,1,10,10,616.5
2026-10-08T21:23:08Z,39439,6,6,48000,3650,1159,0,1,10,10,616.5
2026-10-08T21:23:23Z,39455,6,6,48000,3650,1064,0,1,10,10,615.0
2026-10-08T21:23:39Z,39470,6,6,48000,3650,1190,0,1,10,10,618.0
2026-10-08T21:23:55Z,39486,6,6,48000,3650,1190,0,1,10,10,616.5
2026-10-08T21:24:10Z,39502,6,6,48000,3650,1224,0,1,10,10,618.0
2026-10-08T21:24:26Z,39517,6,6,48000,3650,1226,0,1,10,10,618.0
2026-10-08T21:24:42Z,39533,6,6,48000,3650,997,0,1,10,10,615.0
2026-10-08T21:24:58Z,39549,6,6,48000,3650,925,0,1,10,10,612.0
2026-10-08T21:25:13Z,39565,6,6,48000,3650,842,0,1,10,10,612.0
2026-10-08T21:25:29Z,39580,6,6,48000,3650,651,0,1,10,10,607.5
2026-10-08T21:25:44Z,39596,6,6,48000,3650,628,0,1,10,10,606.0
2026-10-08T21:26:00Z,39611,6,6,48000,3650,523,0,1,10,10,606.0
2026-10-08T21:26:16Z,39627,6,6,48000,3650,649,0,1,10,10,606.0
2026-10-08T21:26:31Z,39643,6,6,48000,3650,607,0,1,10,10,607.5
2026-10-08T21:26:47Z,39658,6,6,48000,3650,589,0,1,10,10,606.0
2026-10-08T21:27:03Z,39674,6,6,48000,3650,372,0,1,10,10,601.5
2026-10-08T21:27:18Z,39690,6,6,48000,3650,339,0,1,10,10,600.0
2026-10-08T21:27:34Z,39705,6,6,48000,3650,409,0,1,10,10,603.0
2026-10-08T21:27:49Z,39721,6,6,48000,3650,636,0,1,10,10,607.5
2026-10-08T21:28:05Z,39736,6,6,48000,3650,650,0,1,10,10,607.5
2026-10-08T21:28:21Z,39752,6,6,48000,3650,839,0,1,10,10,612.0
2026-10-08T21:28:36Z,39768,6,6,48000,3650,906,0,1,10,10,615.0
2026-10-08T21:28:52Z,39783,6,6,48000,3650,881,0,1,10,10,613.5
2026-10-08T21:29:08Z,39799,6,6,48000,3650,922,0,1,10,10,613.5
2026-10-08T21:29:23Z,39815,6,6,48000,3650,821,0,1,10,10,612.0
2026-10-08T21:29:39Z,39830,6,6,48000,3650,870,0,1,10,10,612.0
2026-10-08T21:29:55Z,39846,6,6,48000,3450,959,0,1,10,9,615.0
2026-10-08T21:30:10Z,39862,6,6,48000,3450,1156,0,1,9,9,618.0
2026-10-08T21:30:26Z,39877,6,6,48000,3450,1160,0,1,9,9,616.5
2026-10-08T21:30:42Z,39893,6,6,48000,3650,1233,0,1,9,10,618.0
2026-10-08T21:30:57Z,39909,6,6,48000,3650,1591,0,1,10,10,625.5
2026-10-08T21:31:13Z,39924,6,6,48000,3650,1446,0,1,10,10,621.0
2026-10-08T21:31:29Z,39940,6,6,48000,3650,1828,0,1,10,10,628.5
2026-10-08T21:31:44Z,39956,6,6,48000,3650,1837,0,1,10,10,631.5
2026-10-08T21:32:00Z,39971,6,6,48000,3650,1903,0,1,10,10,630.0
2026-10-08T21:32:16Z,39987,6,6,48000,3650,1826,0,1,10,10,630.0
2026-10-08T21:32:32Z,40003,6,6,48000,3650,1453,0,1,10,10,622.5
2026-10-08T21:32:47Z,40019,6,6,48000,3650,1447,1,1,10,10,625.5
2026-10-08T21:33:03Z,40034,6,6,48000,3650,1431,0,1,10,10,621.0
2026-10-08T21:33:19Z,40050,6,6,48000,3650,1624,0,1,10,10,625.5
2026-10-08T21:33:34Z,40066,6,6,48000,3650,1588,0,1,10,10,625.5
2026-10-08T21:33:50Z,40081,6,6,48000,3650,1836,0,1,10,10,630.0
2026-10-08T21:34:06Z,40097,6,6,48000,3650,1778,0,1,10,10,628.5
2026-10-08T21:34:21Z,40113,6,6,48000,3650,2123,0,1,10,10,634.5
2026-10-08T21:34:37Z,40128,6,6,48000,3650,2087,0,1,10,10,634.5
2026-10-08T21:34:53Z,40144,6,6,48000,3650,2209,0,1,10,10,637.5
2026-10-08T21:35:09Z,40160,6,6,48000,3650,2584,0,1,10,10,643.5
2026-10-08T21:35:24Z,40176,6,6,48000,3650,2434,0,1,10,10,640.5
2026-10-08T21:35:40Z,40191,6,6,48000,3650,2556,0,1,10,10,643.5
2026-10-08T21:35:56Z,40207,6,6,48000,3650,2382,0,1,10,10,639.0
2026-10-08T21:36:12Z,40223,6,6,48000,3650,2230,0,1,10,10,637.5
2026-10-08T21:36:27Z,40239,6,6,48000,3650,2090,0,1,10,10,633.0
2026-10-08T21:36:43Z,40254,6,6,48000,3650,1805,0,1,10,10,628.5
2026-10-08T21:36:59Z,40270,6,6,48000,3650,1743,0,1,10,10,628.5
2026-10-08T21:37:14Z,40286,6,6,48000,3650,1719,0,1,10,10,628.5
2026-10-08T21:37:30Z,40301,6,6,48000,3650,1446,0,1,10,10,622.5
2026-10-08T21:37:46Z,40317,6,6,48000,3650,1396,0,1,10,10,622.5
2026-10-08T21:38:01Z,40333,6,6,48000,3650,1234,0,1,10,10,616.5
2026-10-08T21:38:17Z,40348,6,6,48000,3650,1097,0,1,10,10,616.5
2026-10-08T21:38:33Z,40364,6,6,48000,3650,1090,0,1,10,10,616.5
2026-10-08T21:38:48Z,40380,6,6,48000,3650,1185,0,1,10,10,618.0
2026-10-08T21:39:04Z,40395,6,6,48000,3650,1181,0,1,10,10,618.0
2026-10-08T21:39:20Z,40411,6,6,48000,3650,1216,0,1,10,10,618.0
2026-10-08T21:39:35Z,40427,6,6,48000,3650,1037,0,1,10,10,615.0
2026-10-08T21:39:51Z,40442,6,6,48000,3650,892,0,1,10,10,613.5
2026-10-08T21:40:07Z,40458,6,6,48000,3650,870,0,1,10,10,612.0
2026-10-08T21:40:22Z,40474,6,6,48000,3650,619,0,1,10,10,607.5
2026-10-08T21:40:38Z,40489,6,6,48000,3650,636,0,1,10,10,606.0
2026-10-08T21:40:53Z,40505,6,6,48000,3650,487,0,1,10,10,604.5
2026-10-08T21:41:09Z,40520,6,6,48000,3650,604,0,1,10,10,607.5
2026-10-08T21:41:25Z,40536,6,6,48000,3650,656,0,1,10,10,606.0
2026-10-08T21:41:40Z,40552,6,6,48000,3650,598,0,1,10,10,606.0
2026-10-08T21:41:56Z,40567,6,6,48000,3650,580,0,1,10,10,606.0
2026-10-08T21:42:12Z,40583,6,6,48000,3650,411,0,1,10,10,601.5
2026-10-08T21:42:27Z,40599,6,6,48000,3650,376,0,1,10,10,601.5
2026-10-08T21:42:43Z,40614,6,6,48000,3650,408,0,1,10,10,603.0
2026-10-08T21:42:59Z,40630,6,6,48000,3650,590,0,1,10,10,606.0
2026-10-08T21:43:14Z,40646,6,6,48000,3650,638,0,1,10,10,607.5
2026-10-08T21:43:30Z,40661,6,6,48000,3650,844,0,1,10,10,609.0
2026-10-08T21:43:45Z,40677,6,6,48000,3650,889,0,1,10,10,613.5
2026-10-08T21:44:01Z,40692,6,6,48000,3650,901,0,1,10,10,615.0
2026-10-08T21:44:17Z,40708,6,6,48000,3650,888,0,1,10,10,613.5
2026-10-08T21:44:33Z,40724,6,6,48000,3650,860,0,1,10,9,610.5
2026-10-08T21:44:48Z,40740,6,6,48000,3450,932,0,1,9,9,613.5
2026-10-08T21:45:04Z,40755,6,6,48000,3450,1088,0,1,9,9,615.0
2026-10-08T21:45:20Z,40771,6,6,48000,3650,1259,0,1,9,10,619.5
2026-10-08T21:45:35Z,40787,6,6,48000,3650,1253,0,1,10,10,618.0
2026-10-08T21:45:51Z,40802,6,6,48000,3650,1503,0,1,10,10,622.5
2026-10-08T21:46:07Z,40818,6,6,48000,3650,1481,0,1,10,10,622.5
2026-10-08T21:46:22Z,40834,6,6,48000,3650,1699,0,1,10,10,628.5
2026-10-08T21:46:38Z,40849,6,6,48000,3650,1865,0,1,10,10,631.5
2026-10-08T21:46:54Z,40865,6,6,48000,3650,1819,0,1,10,10,630.0
2026-10-08T21:47:09Z,40881,6,6,48000,3650,1832,0,1,10,10,630.0
2026-10-08T21:47:25Z,40896,6,6,48000,3650,1729,0,1,10,10,628.5
2026-10-08T21:47:41Z,40912,6,6,48000,3650,1492,0,1,10,10,622.5
2026-10-08T21:47:56Z,40928,6,6,48000,3650,1500,0,1,10,10,624.0
2026-10-08T21:48:12Z,40943,6,6,48000,3650,1328,0,1,10,10,621.0
2026-10-08T21:48:28Z,40959,6,6,48000,3650,1506,0,1,10,10,622.5
2026-10-08T21:48:43Z,40975,6,6,48000,3650,1564,0,1,10,10,624.0
2026-10-08T21:48:59Z,40990,6,6,48000,3650,1768,0,1,10,10,628.5
2026-10-08T21:49:15Z,41006,6,6,48000,3650,1821,0,1,10,10,630.0
2026-10-08T21:49:31Z,41022,6,6,48000,3650,1971,0,1,10,10,633.0
2026-10-08T21:49:46Z,41038,6,6,48000,3650,2124,0,1,10,10,636.0
2026-10-08T21:50:02Z,41053,6,6,48000,3650,2550,0,1,10,10,643.5
2026-10-08T21:50:18Z,41069,6,6,48000,3650,2476,0,1,10,10,642.0
2026-10-08T21:50:34Z,41085,6,6,48000,3650,2449,0,1,10,10,640.5
2026-10-08T21:50:49Z,41101,6,6,48000,3650,2412,0,1,10,10,642.0
2026-10-08T21:51:05Z,41116,6,6,48000,3650,2214,0,1,10,10,636.0
2026-10-08T21:51:21Z,41132,6,6,48000,3650,1988,0,1,10,10,631.5
2026-10-08T21:51:36Z,41148,6,6,48000,3650,1845,0,1,10,10,628.5
2026-10-08T21:51:52Z,41163,6,6,48000,3650,1760,0,1,10,10,628.5
2026-10-08T21:52:08Z,41179,6,6,48000,3650,1671,0,1,10,10,628.5
2026-10-08T21:52:23Z,41195,6,6,48000,3650,1379,0,1,10,10,621.0
2026-10-08T21:52:39Z,41210,6,6,48000,3650,1389,0,1,10,10,621.0
2026-10-08T21:52:55Z,41226,6,6,48000,3650,1225,0,1,10,10,619.5
2026-10-08T21:53:10Z,41242,6,6,48000,3650,1122,0,1,10,10,616.5
2026-10-08T21:53:26Z,41257,6,6,48000,3650,1083,0,1,10,10,615.0
2026-10-08T21:53:41Z,41273,6,6,48000,3650,1050,0,1,10,10,615.0
2026-10-08T21:53:57Z,41288,6,6,48000,3650,1135,0,1,10,10,616.5
2026-10-08T21:54:13Z,41304,6,6,48000,3650,1120,0,1,10,10,616.5
2026-10-08T21:54:28Z,41320,6,6,48000,3650,1113,0,1,10,10,615.0
2026-10-08T21:54:44Z,41335,6,6,48000,3650,1018,0,1,10,10,615.0
2026-10-08T21:55:00Z,41351,6,6,48000,3650,842,0,1,10,10,612.0
2026-10-08T21:55:15Z,41367,6,6,48000,3650,836,0,1,10,10,609.0
2026-10-08T21:55:31Z,41382,6,6,48000,3650,601,0,1,10,10,606.0
2026-10-08T21:55:46Z,41398,6,6,48000,3650,574,0,1,10,10,604.5
2026-10-08T21:56:02Z,41413,6,6,48000,3650,626,0,1,10,10,606.0
2026-10-08T21:56:18Z,41429,6,6,48000,3650,633,0,1,10,10,607.5
2026-10-08T21:56:33Z,41445,6,6,48000,3650,624,0,1,10,10,606.0
2026-10-08T21:56:49Z,41460,6,6,48000,3650,618,0,1,10,10,606.0
2026-10-08T21:57:04Z,41476,6,6,48000,3650,407,0,1,10,10,604.5
2026-10-08T21:57:20Z,41491,6,6,48000,3650,352,0,1,10,10,601.5
2026-10-08T21:57:36Z,41507,6,6,48000,3650,384,0,1,10,10,603.0
2026-10-08T21:57:51Z,41523,6,6,48000,3650,603,0,1,10,10,606.0
2026-10-08T21:58:07Z,41538,6,6,48000,3650,586,0,1,10,10,606.0
2026-10-08T21:58:23Z,41554,6,6,48000,3650,753,0,1,10,10,609.0
2026-10-08T21:58:38Z,41570,6,6,48000,3650,831,0,1,10,10,612.0
2026-10-08T21:58:54Z,41585,6,6,48000,3650,839,0,1,10,10,612.0
2026-10-08T21:59:09Z,41601,6,6,48000,3650,831,0,1,10,10,612.0
2026-10-08T21:59:25Z,41616,6,6,48000,3650,816,0,1,10,10,612.0
2026-10-08T21:59:41Z,41632,6,6,48000,3450,786,0,1,10,9,607.5
2026-10-08T21:59:56Z,41648,6,6,48000,3250,883,0,1,9,8,612.0
2026-10-08T22:00:12Z,41663,6,6,48000,3250,989,0,1,8,8,613.5
2026-10-08T22:00:28Z,41679,6,6,48000,3650,1074,0,1,8,10,615.0
2026-10-08T22:00:43Z,41695,6,6,48000,3650,1173,0,1,10,10,618.0
2026-10-08T22:00:59Z,41710,6,6,48000,3650,1402,0,1,10,10,622.5
2026-10-08T22:01:15Z,41726,6,6,48000,3650,1436,0,1,10,10,622.5
2026-10-08T22:01:30Z,41742,6,6,48000,3650,1630,0,1,10,10,627.0
2026-10-08T22:01:46Z,41757,6,6,48000,3650,1726,0,1,10,10,630.0
2026-10-08T22:02:02Z,41773,6,6,48000,3650,1702,0,1,10,10,630.0
2026-10-08T22:02:17Z,41789,6,6,48000,3650,1679,0,1,10,10,628.5
2026-10-08T22:02:33Z,41804,6,6,48000,3650,1386,0,1,10,10,621.0
2026-10-08T22:02:49Z,41820,6,6,48000,3650,1409,0,1,10,10,621.0
2026-10-08T22:03:04Z,41836,6,6,48000,3650,1314,0,1,10,10,621.0
2026-10-08T22:03:20Z,41851,6,6,48000,3650,1399,0,1,10,10,622.5
2026-10-08T22:03:36Z,41867,6,6,48000,3650,1466,0,1,10,10,622.5
2026-10-08T22:03:51Z,41883,6,6,48000,3650,1680,0,1,10,10,627.0
2026-10-08T22:04:07Z,41898,6,6,48000,3650,1683,0,1,10,10,627.0
2026-10-08T22:04:23Z,41914,6,6,48000,3650,1867,0,1,10,10,631.5
2026-10-08T22:04:38Z,41930,6,6,48000,3650,1993,1,1,10,10,633.0
2026-10-08T22:04:54Z,41945,6,6,48000,3650,2009,0,1,10,10,631.5
2026-10-08T22:05:10Z,41961,6,6,48000,3650,2282,0,1,10,10,639.0
2026-10-08T22:05:25Z,41977,6,6,48000,3650,2372,0,1,10,10,637.5
2026-10-08T22:05:41Z,41992,6,6,48000,3650,2373,0,1,10,10,639.0
2026-10-08T22:05:57Z,42008,6,6,48000,3650,2221,0,1,10,10,637.5
2026-10-08T22:06:12Z,42024,6,6,48000,3650,2175,0,1,10,10,636.0
2026-10-08T22:06:28Z,42039,6,6,48000,3650,1986,0,1,10,10,631.5
2026-10-08T22:06:44Z,42055,6,6,48000,3650,1872,0,1,10,10,630.0
2026-10-08T22:06:59Z,42071,6,6,48000,3650,1703,0,1,10,10,625.5
2026-10-08T22:07:15Z,42086,6,6,48000,3650,1676,0,1,10,10,628.5
2026-10-08T22:07:31Z,42102,6,6,48000,3650,1419,0,1,10,10,622.5
2026-10-08T22:07:46Z,42118,6,6,48000,3650,1453,0,1,10,10,621.0
2026-10-08T22:08:02Z,42133,6,6,48000,3650,1145,0,1,10,10,618.0
2026-10-08T22:08:18Z,42149,6,6,48000,3650,1083,0,1,10,10,615.0
2026-10-08T22:08:33Z,42165,6,6,48000,3650,1064,0,1,10,10,615.0
2026-10-08T22:08:49Z,42180,6,6,48000,3650,1158,0,1,10,10,618.0
2026-10-08T22:09:05Z,42196,6,6,48000,3650,1126,0,1,10,10,616.5
2026-10-08T22:09:20Z,42212,6,6,48000,3650,1177,0,1,10,10,618.0
2026-10-08T22:09:36Z,42227,6,6,48000,3650,1057,0,1,10,10,615.0
2026-10-08T22:09:51Z,42243,6,6,48000,3650,837,0,1,10,10,610.5
2026-10-08T22:10:07Z,42258,6,6,48000,3650,809,0,1,10,10,612.0
2026-10-08T22:10:23Z,42274,6,6,48000,3650,580,0,1,10,10,606.0
2026-10-08T22:10:38Z,42290,6,6,48000,3650,618,0,1,10,10,606.0
2026-10-08T22:10:54Z,42305,6,6,48000,3650,478,0,1,10,10,604.5
2026-10-08T22:11:10Z,42321,6,6,48000,3650,600,0,1,10,10,606.0
2026-10-08T22:11:25Z,42337,6,6,48000,3650,598,0,1,10,10,606.0
2026-10-08T22:11:41Z,42352,6,6,48000,3650,603,0,1,10,10,607.5
2026-10-08T22:11:56Z,42368,6,6,48000,3650,590,0,1,10,10,606.0
2026-10-08T22:12:12Z,42383,6,6,48000,3650,442,0,1,10,10,606.0
2026-10-08T22:12:28Z,42399,6,6,48000,3650,364,0,1,10,10,601.5
2026-10-08T22:12:43Z,42415,6,6,48000,3650,371,0,1,10,10,601.5
2026-10-08T22:12:59Z,42430,6,6,48000,3650,576,0,1,10,10,606.0
2026-10-08T22:13:15Z,42446,6,6,48000,3650,581,0,1,10,10,606.0
2026-10-08T22:13:30Z,42462,6,6,48000,3650,724,0,1,10,10,610.5
2026-10-08T22:13:46Z,42477,6,6,48000,3650,815,0,1,10,10,609.0
2026-10-08T22:14:01Z,42493,6,6,48000,3650,887,0,1,10,10,613.5
2026-10-08T22:14:17Z,42508,6,6,48000,3650,819,0,1,10,10,613.5
2026-10-08T22:14:33Z,42524,6,6,48000,3650,791,0,1,10,10,610.5
2026-10-08T22:14:48Z,42540,6,6,48000,3250,897,0,1,10,8,613.5
2026-10-08T22:15:04Z,42555,6,6,48000,3250,996,0,1,8,8,613.5
2026-10-08T22:15:20Z,42571,6,6,48000,3250,1140,2,1,8,10,615.0
2026-10-08T22:15:35Z,42587,6,6,48000,3650,1157,0,1,10,10,619.5
2026-10-08T22:15:51Z,42602,6,6,48000,3650,1366,0,1,10,10,621.0
2026-10-08T22:16:07Z,42618,6,6,48000,3650,1431,0,1,10,10,622.5
2026-10-08T22:16:22Z,42634,6,6,48000,3650,1498,0,1,10,10,622.5
2026-10-08T22:16:38Z,42649,6,6,48000,3650,1697,0,1,10,10,625.5
2026-10-08T22:16:54Z,42665,6,6,48000,3650,1700,0,1,10,10,628.5
2026-10-08T22:17:09Z,42681,6,6,48000,3650,1714,0,1,10,10,627.0
2026-10-08T22:17:25Z,42696,6,6,48000,3650,1616,0,1,10,10,627.0
2026-10-08T22:17:40Z,42712,6,6,48000,3650,1379,0,1,10,10,622.5
2026-10-08T22:17:56Z,42727,6,6,48000,3650,1392,0,1,10,10,622.5
2026-10-08T22:18:12Z,42743,6,6,48000,3650,1280,0,1,10,10,619.5
2026-10-08T22:18:27Z,42759,6,6,48000,3650,1425,1,1,10,10,621.0
2026-10-08T22:18:43Z,42774,6,6,48000,3650,1416,0,1,10,10,622.5
2026-10-08T22:18:59Z,42790,6,6,48000,3650,1683,0,1,10,10,628.5
2026-10-08T22:19:14Z,42806,6,6,48000,3650,1664,0,1,10,10,627.0
2026-10-08T22:19:30Z,42821,6,6,48000,3650,1796,0,1,10,10,630.0
2026-10-08T22:19:46Z,42837,6,6,48000,3650,2090,0,1,10,10,633.0
2026-10-08T22:20:02Z,42853,6,6,48000,3650,2318,0,1,10,10,637.5
2026-10-08T22:20:17Z,42869,6,6,48000,3650,2352,0,1,10,10,640.5
2026-10-08T22:20:33Z,42884,6,6,48000,3650,2436,0,1,10,10,642.0
2026-10-08T22:20:49Z,42900,6,6,48000,3650,2459,0,1,10,10,640.5
2026-10-08T22:21:04Z,42916,6,6,48000,3650,2139,0,1,10,10,636.0
2026-10-08T22:21:20Z,42931,6,6,48000,3650,2043,0,1,10,10,633.0
2026-10-08T22:21:36Z,42947,6,6,48000,3650,1922,0,1,10,10,631.5
2026-10-08T22:21:52Z,42963,6,6,48000,3650,1752,0,1,10,10,630.0
2026-10-08T22:22:07Z,42979,6,6,48000,3650,1695,0,1,10,10,627.0
2026-10-08T22:22:23Z,42994,6,6,48000,3650,1494,0,1,10,10,622.5
2026-10-08T22:22:39Z,43010,6,6,48000,3650,1501,0,1,10,10,624.0
2026-10-08T22:22:54Z,43026,6,6,48000,3650,1245,0,1,10,10,618.0
2026-10-08T22:23:10Z,43041,6,6,48000,3650,1181,0,1,10,10,618.0
2026-10-08T22:23:25Z,43057,6,6,48000,3650,1183,0,1,10,10,618.0
2026-10-08T22:23:41Z,43072,6,6,48000,3650,1084,0,1,10,10,615.0
2026-10-08T22:23:57Z,43088,6,6,48000,3650,1119,0,1,10,10,616.5
2026-10-08T22:24:12Z,43104,6,6,48000,3650,1149,0,1,10,10,619.5
2026-10-08T22:24:28Z,43119,6,6,48000,3650,1140,0,1,10,10,616.5
2026-10-08T22:24:44Z,43135,6,6,48000,3650,1050,0,1,10,10,615.0
2026-10-08T22:24:59Z,43151,6,6,48000,3650,875,0,1,10,10,612.0
2026-10-08T22:25:15Z,43166,6,6,48000,3650,872,0,1,10,10,610.5
2026-10-08T22:25:31Z,43182,6,6,48000,3650,606,0,1,10,10,606.0
2026-10-08T22:25:46Z,43198,6,6,48000,3650,604,0,1,10,10,604.5
2026-10-08T22:26:02Z,43213,6,6,48000,3650,613,0,1,10,10,607.5
2026-10-08T22:26:17Z,43229,6,6,48000,3650,596,0,1,10,10,604.5
2026-10-08T22:26:33Z,43244,6,6,48000,3650,650,0,1,10,10,607.5
2026-10-08T22:26:49Z,43260,6,6,48000,3650,611,0,1,10,10,606.0
2026-10-08T22:27:04Z,43276,6,6,48000,3650,433,0,1,10,10,604.5
2026-10-08T22:27:20Z,43291,6,6,48000,3650,385,0,1,10,10,601.5
2026-10-08T22:27:36Z,43307,6,6,48000,3650,338,0,1,10,10,601.5
2026-10-08T22:27:51Z,43323,6,6,48000,3650,570,0,1,10,10,606.0
2026-10-08T22:28:07Z,43338,6,6,48000,3650,610,0,1,10,10,606.0
2026-10-08T22:28:22Z,43354,6,6,48000,3650,716,0,1,10,10,607.5
2026-10-08T22:28:38Z,43369,6,6,48000,3650,824,0,1,10,10,609.0
2026-10-08T22:28:54Z,43385,6,6,48000,3650,840,0,1,10,10,612.0
2026-10-08T22:29:09Z,43401,6,6,48000,3650,800,0,1,10,10,610.5
2026-10-08T22:29:25Z,43416,6,6,48000,3650,872,0,1,10,10,612.0
2026-10-08T22:29:41Z,43432,6,6,48000,3650,770,0,1,10,8,610.5
2026-10-08T22:29:56Z,43448,6,6,48000,3250,880,0,1,8,8,613.5
2026-10-08T22:30:12Z,43463,6,6,48000,3250,1011,0,1,8,8,615.0
2026-10-08T22:30:27Z,43479,6,6,48000,3650,1150,0,1,8,10,616.5
2026-10-08T22:30:43Z,43494,6,6,48000,3650,1192,0,1,10,10,618.0
2026-10-08T22:30:59Z,43510,6,6,48000,3650,1397,0,1,10,10,619.5
2026-10-08T22:31:14Z,43526,6,6,48000,3650,1387,0,1,10,10,621.0
2026-10-08T22:31:30Z,43541,6,6,48000,3650,1598,0,1,10,10,625.5
2026-10-08T22:31:46Z,43557,6,6,48000,3650,1708,0,1,10,10,628.5
2026-10-08T22:32:02Z,43573,6,6,48000,3650,1786,0,1,10,10,628.5
2026-10-08T22:32:17Z,43589,6,6,48000,3650,1840,0,1,10,10,630.0
2026-10-08T22:32:33Z,43604,6,6,48000,3650,1466,0,1,10,10,622.5
2026-10-08T22:32:48Z,43620,6,6,48000,3650,1440,0,1,10,10,622.5
2026-10-08T22:33:04Z,43635,6,6,48000,3650,1418,0,1,10,10,621.0
2026-10-08T22:33:20Z,43651,6,6,48000,3650,1479,0,1,10,10,622.5
2026-10-08T22:33:35Z,43667,6,6,48000,3650,1491,0,1,10,10,622.5
2026-10-08T22:33:51Z,43682,6,6,48000,3650,1744,0,1,10,10,628.5
2026-10-08T22:34:07Z,43698,6,6,48000,3650,1754,0,1,10,10,628.5
2026-10-08T22:34:23Z,43714,6,6,48000,3650,1884,0,1,10,10,630.0
2026-10-08T22:34:38Z,43730,6,6,48000,3650,2029,0,1,10,10,633.0
2026-10-08T22:34:54Z,43745,6,6,48000,3650,2035,0,1,10,10,634.5
2026-10-08T22:35:10Z,43761,6,6,48000,3650,2392,0,1,10,10,639.0
2026-10-08T22:35:25Z,43777,6,6,48000,3650,2278,0,1,10,10,637.5
2026-10-08T22:35:41Z,43792,6,6,48000,3650,2429,0,1,10,10,642.0
2026-10-08T22:35:57Z,43808,6,6,48000,3650,2392,0,1,10,10,642.0
2026-10-08T22:36:13Z,43824,6,6,48000,3650,2061,0,1,10,10,634.5
2026-10-08T22:36:28Z,43840,6,6,48000,3650,1963,0,1,10,10,633.0
2026-10-08T22:36:44Z,43855,6,6,48000,3650,1920,0,1,10,10,633.0
2026-10-08T22:37:00Z,43871,6,6,48000,3650,1680,0,1,10,10,627.0
2026-10-08T22:37:15Z,43887,6,6,48000,3650,1681,0,1,10,10,627.0
2026-10-08T22:37:31Z,43902,6,6,48000,3650,1440,0,1,10,10,622.5
2026-10-08T22:37:46Z,43918,6,6,48000,3650,1305,0,1,10,10,619.5
2026-10-08T22:38:02Z,43933,6,6,48000,3650,1105,0,1,10,10,615.0
2026-10-08T22:38:18Z,43949,6,6,48000,3650,1110,1,1,10,10,616.5
2026-10-08T22:38:33Z,43965,6,6,48000,3650,1072,0,1,10,10,616.5
2026-10-08T22:38:49Z,43980,6,6,48000,3650,1094,0,1,10,10,616.5
2026-10-08T22:39:05Z,43996,6,6,48000,3650,1088,0,1,10,10,615.0
2026-10-08T22:39:20Z,44012,6,6,48000,3650,1060,0,1,10,10,616.5
2026-10-08T22:39:36Z,44027,6,6,48000,3650,1033,0,1,10,10,615.0
2026-10-08T22:39:52Z,44043,6,6,48000,3650,792,0,1,10,10,610.5
2026-10-08T22:40:07Z,44059,6,6,48000,3650,837,0,1,10,10,610.5
2026-10-08T22:40:23Z,44074,6,6,48000,3650,621,0,1,10,10,606.0
2026-10-08T22:40:39Z,44090,6,6,48000,3650,582,0,1,10,10,607.5
2026-10-08T22:40:54Z,44106,6,6,48000,3650,525,0,1,10,10,606.0
2026-10-08T22:41:10Z,44121,6,6,48000,3650,576,0,1,10,10,606.0
2026-10-08T22:41:26Z,44137,6,6,48000,3650,582,0,1,10,10,606.0
2026-10-08T22:41:41Z,44153,6,6,48000,3650,604,0,1,10,10,607.5
2026-10-08T22:41:57Z,44168,6,6,48000,3650,584,0,1,10,10,606.0
2026-10-08T22:42:13Z,44184,6,6,48000,3650,438,0,1,10,10,604.5
2026-10-08T22:42:28Z,44200,6,6,48000,3650,355,0,1,10,10,601.5
2026-10-08T22:42:44Z,44215,6,6,48000,3650,365,0,1,10,10,600.0
2026-10-08T22:43:00Z,44231,6,6,48000,3650,558,0,1,10,10,604.5
2026-10-08T22:43:15Z,44247,6,6,48000,3650,601,0,1,10,10,607.5
2026-10-08T22:43:31Z,44262,6,6,48000,3650,688,0,1,10,10,607.5
2026-10-08T22:43:46Z,44278,6,6,48000,3650,814,0,1,10,10,610.5
2026-10-08T22:44:02Z,44293,6,6,48000,3650,829,0,1,10,10,612.0
2026-10-08T22:44:18Z,44309,6,6,48000,3650,805,1,1,10,10,612.0
2026-10-08T22:44:33Z,44325,6,6,48000,3650,799,0,1,10,10,610.5
2026-10-08T22:44:49Z,44340,6,6,48000,3450,878,0,1,10,9,613.5
2026-10-08T22:45:04Z,44356,6,6,48000,3250,1000,0,1,9,8,615.0
2026-10-08T22:45:20Z,44371,6,6,48000,3250,1197,0,1,8,8,616.5
2026-10-08T22:45:36Z,44387,6,6,48000,3650,1194,0,1,8,10,619.5
2026-10-08T22:45:51Z,44403,6,6,48000,3650,1387,0,1,10,10,621.0
2026-10-08T22:46:07Z,44418,6,6,48000,3650,1387,0,1,10,10,621.0
2026-10-08T22:46:23Z,44434,6,6,48000,3650,1610,0,1,10,10,625.5
2026-10-08T22:46:39Z,44450,6,6,48000,3650,1734,0,1,10,10,627.0
2026-10-08T22:46:54Z,44466,6,6,48000,3650,1750,0,1,10,10,630.0
2026-10-08T22:47:10Z,44481,6,6,48000,3650,1760,0,1,10,10,628.5
2026-10-08T22:47:26Z,44497,6,6,48000,3650,1710,0,1,10,10,628.5
2026-10-08T22:47:41Z,44513,6,6,48000,3650,1410,0,1,10,10,621.0
2026-10-08T22:47:57Z,44528,6,6,48000,3650,1440,0,1,10,10,622.5
2026-10-08T22:48:13Z,44544,6,6,48000,3650,1251,0,1,10,10,619.5
2026-10-08T22:48:28Z,44560,6,6,48000,3650,1398,0,1,10,10,624.0
2026-10-08T22:48:44Z,44575,6,6,48000,3650,1442,0,1,10,10,622.5
2026-10-08T22:49:00Z,44591,6,6,48000,3650,1739,0,1,10,10,628.5
2026-10-08T22:49:15Z,44607,6,6,48000,3650,1693,0,1,10,10,628.5
2026-10-08T22:49:31Z,44622,6,6,48000,3650,1786,0,1,10,10,634.5
2026-10-08T22:49:47Z,44638,6,6,48000,3650,2034,0,1,10,10,636.0
2026-10-08T22:50:03Z,44654,6,6,48000,3650,2347,0,1,10,10,637.5
2026-10-08T22:50:18Z,44670,6,6,48000,3650,2395,0,1,10,10,640.5
2026-10-08T22:50:34Z,44685,6,6,48000,3650,2343,0,1,10,10,639.0
2026-10-08T22:50:50Z,44701,6,6,48000,3650,2370,0,1,10,10,639.0
2026-10-08T22:51:05Z,44717,6,6,48000,3650,2138,0,1,10,10,636.0
2026-10-08T22:51:21Z,44732,6,6,48000,3650,2027,0,1,10,10,633.0
2026-10-08T22:51:37Z,44748,6,6,48000,3650,1919,0,1,10,10,631.5
2026-10-08T22:51:52Z,44764,6,6,48000,3650,1699,0,1,10,10,628.5
2026-10-08T22:52:08Z,44779,6,6,48000,3650,1702,0,1,10,10,628.5
2026-10-08T22:52:24Z,44795,6,6,48000,3650,1416,0,1,10,10,622.5
2026-10-08T22:52:40Z,44811,6,6,48000,3650,1398,0,1,10,10,622.5
2026-10-08T22:52:55Z,44827,6,6,48000,3650,1317,0,1,10,10,619.5
2026-10-08T22:53:11Z,44842,6,6,48000,3650,1145,0,1,10,10,615.0
2026-10-08T22:53:27Z,44858,6,6,48000,3650,1124,0,1,10,10,615.0
2026-10-08T22:53:42Z,44874,6,6,48000,3650,1009,0,1,10,10,615.0
2026-10-08T22:53:58Z,44889,6,6,48000,3650,1071,0,1,10,10,616.5
2026-10-08T22:54:13Z,44905,6,6,48000,3650,1122,0,1,10,10,616.5
2026-10-08T22:54:29Z,44920,6,6,48000,3650,1126,0,1,10,10,616.5
2026-10-08T22:54:45Z,44936,6,6,48000,3650,1009,0,1,10,10,613.5
2026-10-08T22:55:00Z,44952,6,6,48000,3650,858,0,1,10,10,613.5
2026-10-08T22:55:16Z,44967,6,6,48000,3650,871,0,1,10,10,615.0
2026-10-08T22:55:32Z,44983,6,6,48000,3650,626,0,1,10,10,607.5
2026-10-08T22:55:47Z,44999,6,6,48000,3650,522,0,1,10,10,603.0
2026-10-08T22:56:03Z,45014,6,6,48000,3650,599,0,1,10,10,607.5
2026-10-08T22:56:18Z,45030,6,6,48000,3650,659,0,1,10,10,607.5
2026-10-08T22:56:34Z,45045,6,6,48000,3650,573,0,1,10,10,606.0
2026-10-08T22:56:50Z,45061,6,6,48000,3650,638,0,1,10,10,606.0
2026-10-08T22:57:05Z,45077,6,6,48000,3650,465,0,1,10,10,606.0
2026-10-08T22:57:21Z,45092,6,6,48000,3650,336,0,1,10,10,600.0
2026-10-08T22:57:37Z,45108,6,6,48000,3650,379,0,1,10,10,604.5
2026-10-08T22:57:52Z,45124,6,6,48000,3650,568,0,1,10,10,606.0
2026-10-08T22:58:08Z,45139,6,6,48000,3650,600,0,1,10,10,606.0
2026-10-08T22:58:23Z,45155,6,6,48000,3650,651,0,1,10,10,607.5
2026-10-08T22:58:39Z,45170,6,6,48000,3650,824,0,1,10,10,609.0
2026-10-08T22:58:55Z,45186,6,6,48000,3650,860,0,1,10,10,612.0
2026-10-08T22:59:10Z,45202,6,6,48000,3650,824,0,1,10,10,612.0
2026-10-08T22:59:26Z,45217,6,6,48000,3650,832,0,1,10,10,612.0
2026-10-08T22:59:42Z,45233,6,6,48000,3650,781,0,1,10,9,609.0
2026-10-08T22:59:57Z,45249,6,6,48000,3450,897,0,1,9,8,615.0
2026-10-08T23:00:13Z,45264,6,6,48000,3250,954,0,1,8,8,615.0
2026-10-08T23:00:29Z,45280,6,6,48000,3650,1136,0,1,8,10,616.5
2026-10-08T23:00:44Z,45296,6,6,48000,3650,1172,0,1,10,10,618.0
2026-10-08T23:01:00Z,45311,6,6,48000,3650,1271,0,1,10,10,619.5
2026-10-08T23:01:15Z,45327,6,6,48000,3650,1382,0,1,10,10,621.0
2026-10-08T23:01:31Z,45342,6,6,48000,3650,1419,0,1,10,10,624.0
2026-10-08T23:01:47Z,45358,6,6,48000,3650,1658,0,1,10,10,627.0
2026-10-08T23:02:02Z,45374,6,6,48000,3650,1718,0,1,10,10,628.5
2026-10-08T23:02:18Z,45389,6,6,48000,3650,1638,0,1,10,10,625.5
2026-10-08T23:02:34Z,45405,6,6,48000,3650,1427,0,1,10,10,622.5
2026-10-08T23:02:49Z,45421,6,6,48000,3650,1360,0,1,10,10,619.5
2026-10-08T23:03:05Z,45436,6,6,48000,3650,1333,0,1,10,10,621.0
2026-10-08T23:03:21Z,45452,6,6,48000,3650,1351,0,1,10,10,621.0
2026-10-08T23:03:36Z,45468,6,6,48000,3650,1412,0,1,10,10,621.0
2026-10-08T23:03:52Z,45483,6,6,48000,3650,1591,0,1,10,10,624.0
2026-10-08T23:04:08Z,45499,6,6,48000,3650,1759,1,1,10,10,630.0
2026-10-08T23:04:23Z,45515,6,6,48000,3650,1725,0,1,10,10,627.0
2026-10-08T23:04:39Z,45530,6,6,48000,3650,2041,0,1,10,10,631.5
2026-10-08T23:04:55Z,45546,6,6,48000,3650,1969,0,1,10,10,633.0
2026-10-08T23:05:10Z,45562,6,6,48000,3650,2306,0,1,10,10,639.0
2026-10-08T23:05:26Z,45577,6,6,48000,3650,2317,0,1,10,10,637.5
2026-10-08T23:05:42Z,45593,6,6,48000,3650,2284,0,1,10,10,639.0
2026-10-08T23:05:58Z,45609,6,6,48000,3650,2427,0,1,10,10,640.5
2026-10-08T23:06:13Z,45625,6,6,48000,3650,2123,0,1,10,10,636.0
2026-10-08T23:06:29Z,45640,6,6,48000,3650,1899,0,1,10,10,630.0
2026-10-08T23:06:45Z,45656,6,6,48000,3650,1925,0,1,10,10,631.5
2026-10-08T23:07:00Z,45672,6,6,48000,3650,1629,0,1,10,10,627.0
2026-10-08T23:07:16Z,45687,6,6,48000,3650,1705,0,1,10,10,627.0
2026-10-08T23:07:32Z,45703,6,6,48000,3650,1369,0,1,10,10,621.0
2026-10-08T23:07:47Z,45719,6,6,48000,3650,1346,0,1,10,10,621.0
2026-10-08T23:08:03Z,45734,6,6,48000,3650,1131,0,1,10,10,616.5
2026-10-08T23:08:18Z,45750,6,6,48000,3650,1147,0,1,10,10,618.0
2026-10-08T23:08:34Z,45765,6,6,48000,3650,1013,0,1,10,10,615.0
2026-10-08T23:08:50Z,45781,6,6,48000,3650,1110,0,1,10,10,615.0
2026-10-08T23:09:05Z,45797,6,6,48000,3650,1095,0,1,10,10,615.0
2026-10-08T23:09:21Z,45812,6,6,48000,3650,1104,0,1,10,10,618.0
2026-10-08T23:09:37Z,45828,6,6,48000,3650,1064,0,1,10,10,615.0
2026-10-08T23:09:52Z,45844,6,6,48000,3650,820,0,1,10,10,612.0
2026-10-08T23:10:08Z,45859,6,6,48000,3650,850,0,1,10,10,613.5
2026-10-08T23:10:23Z,45875,6,6,48000,3650,640,0,1,10,10,609.0
2026-10-08T23:10:39Z,45890,6,6,48000,3650,607,0,1,10,10,607.5
2026-10-08T23:10:55Z,45906,6,6,48000,3650,593,0,1,10,10,606.0
2026-10-08T23:11:10Z,45922,6,6,48000,3650,558,0,1,10,10,606.0
2026-10-08T23:11:26Z,45937,6,6,48000,3650,622,0,1,10,10,606.0
2026-10-08T23:11:41Z,45953,6,6,48000,3650,611,0,1,10,10,606.0
2026-10-08T23:11:57Z,45968,6,6,48000,3650,608,0,1,10,10,606.0
2026-10-08T23:12:13Z,45984,6,6,48000,3650,479,0,1,10,10,604.5
2026-10-08T23:12:28Z,46000,6,6,48000,3650,360,0,1,10,10,601.5
2026-10-08T23:12:44Z,46015,6,6,48000,3650,355,0,1,10,10,603.0
2026-10-08T23:13:00Z,46031,6,6,48000,3650,568,0,1,10,10,606.0
2026-10-08T23:13:15Z,46047,6,6,48000,3650,622,0,1,10,10,606.0
2026-10-08T23:13:31Z,46062,6,6,48000,3650,649,0,1,10,10,607.5
2026-10-08T23:13:46Z,46078,6,6,48000,3650,819,0,1,10,10,612.0
2026-10-08T23:14:02Z,46093,6,6,48000,3650,864,0,1,10,10,613.5
2026-10-08T23:14:18Z,46109,6,6,48000,3650,876,0,1,10,10,612.0
2026-10-08T23:14:33Z,46125,6,6,48000,3650,792,0,1,10,10,610.5
2026-10-08T23:14:49Z,46140,6,6,48000,3250,854,0,1,10,8,615.0
2026-10-08T23:15:05Z,46156,6,6,48000,3250,947,0,1,8,8,613.5
2026-10-08T23:15:20Z,46172,6,6,48000,3250,1155,0,1,8,8,616.5
2026-10-08T23:15:36Z,46187,6,6,48000,3650,1168,0,1,8,10,618.0
2026-10-08T23:15:51Z,46203,6,6,48000,3650,1370,0,1,10,10,622.5
2026-10-08T23:16:07Z,46218,6,6,48000,3650,1417,0,1,10,10,621.0
2026-10-08T23:16:23Z,46234,6,6,48000,3650,1494,0,1,10,10,624.0
2026-10-08T23:16:38Z,46250,6,6,48000,3650,1738,0,1,10,10,630.0
2026-10-08T23:16:54Z,46265,6,6,48000,3650,1756,0,1,10,10,630.0
2026-10-08T23:17:10Z,46281,6,6,48000,3650,1698,0,1,10,10,627.0
2026-10-08T23:17:25Z,46297,6,6,48000,3650,1789,0,1,10,10,628.5
2026-10-08T23:17:41Z,46312,6,6,48000,3650,1475,0,1,10,10,622.5
2026-10-08T23:17:57Z,46328,6,6,48000,3650,1421,1,1,10,10,622.5
2026-10-08T23:18:12Z,46344,6,6,48000,3650,1324,0,1,10,10,619.5
2026-10-08T23:18:28Z,46359,6,6,48000,3650,1373,0,1,10,10,619.5
2026-10-08T23:18:44Z,46375,6,6,48000,3650,1386,0,1,10,10,622.5
2026-10-08T23:18:59Z,46391,6,6,48000,3650,1666,0,1,10,10,628.5
2026-10-08T23:19:15Z,46406,6,6,48000,3650,1739,0,1,10,10,630.0
2026-10-08T23:19:31Z,46422,6,6,48000,3650,1740,0,1,10,10,627.0
2026-10-08T23:19:46Z,46438,6,6,48000,3650,2004,0,1,10,10,631.5
2026-10-08T23:20:02Z,46453,6,6,48000,3650,2355,0,1,10,10,640.5
2026-10-08T23:20:18Z,46469,6,6,48000,3650,2360,0,1,10,10,640.5
2026-10-08T23:20:34Z,46485,6,6,48000,3650,2417,0,1,10,10,640.5
2026-10-08T23:20:49Z,46501,6,6,48000,3650,2294,0,1,10,10,639.0
2026-10-08T23:21:05Z,46516,6,6,48000,3650,2305,0,1,10,10,639.0
2026-10-08T23:21:21Z,46532,6,6,48000,3650,1925,0,1,10,10,633.0
2026-10-08T23:21:36Z,46548,6,6,48000,3650,2006,0,1,10,10,633.0
2026-10-08T23:21:52Z,46563,6,6,48000,3650,1630,0,1,10,10,627.0
2026-10-08T23:22:08Z,46579,6,6,48000,3650,1609,0,1,10,10,625.5
2026-10-08T23:22:23Z,46595,6,6,48000,3650,1517,0,1,10,10,624.0
2026-10-08T23:22:39Z,46610,6,6,48000,3650,1383,0,1,10,10,621.0
2026-10-08T23:22:54Z,46626,6,6,48000,3650,1362,0,1,10,10,621.0
2026-10-08T23:23:10Z,46641,6,6,48000,3650,1125,0,1,10,10,615.0
2026-10-08T23:23:26Z,46657,6,6,48000,3650,1097,0,1,10,10,616.5
2026-10-08T23:23:41Z,46673,6,6,48000,3650,1059,0,1,10,10,615.0
2026-10-08T23:23:57Z,46688,6,6,48000,3650,1098,0,1,10,10,615.0
2026-10-08T23:24:13Z,46704,6,6,48000,3650,1123,0,1,10,10,616.5
2026-10-08T23:24:28Z,46720,6,6,48000,3650,1176,0,1,10,10,618.0
2026-10-08T23:24:44Z,46735,6,6,48000,3650,1094,0,1,10,10,615.0
2026-10-08T23:25:00Z,46751,6,6,48000,3650,882,0,1,10,10,615.0
2026-10-08T23:25:15Z,46767,6,6,48000,3650,818,0,1,10,10,613.5
2026-10-08T23:25:31Z,46782,6,6,48000,3650,737,0,1,10,10,609.0
2026-10-08T23:25:47Z,46798,6,6,48000,3650,569,0,1,10,10,606.0
2026-10-08T23:26:02Z,46814,6,6,48000,3650,544,0,1,10,10,606.0
2026-10-08T23:26:18Z,46829,6,6,48000,3650,614,0,1,10,10,607.5
2026-10-08T23:26:34Z,46845,6,6,48000,3650,603,0,1,10,10,606.0
2026-10-08T23:26:49Z,46861,6,6,48000,3650,658,0,1,10,10,607.5
2026-10-08T23:27:05Z,46876,6,6,48000,3650,534,0,1,10,10,606.0
2026-10-08T23:27:20Z,46892,6,6,48000,3650,362,0,1,10,10,603.0
2026-10-08T23:27:36Z,46907,6,6,48000,3650,353,0,1,10,10,601.5
2026-10-08T23:27:52Z,46923,6,6,48000,3650,461,0,1,10,10,604.5
2026-10-08T23:28:07Z,46939,6,6,48000,3650,581,0,1,10,10,606.0
2026-10-08T23:28:23Z,46954,6,6,48000,3650,677,0,1,10,10,607.5
2026-10-08T23:28:38Z,46970,6,6,48000,3650,790,0,1,10,10,609.0
2026-10-08T23:28:54Z,46985,6,6,48000,3650,822,0,1,10,10,612.0
2026-10-08T23:29:10Z,47001,6,6,48000,3650,819,0,1,10,10,612.0
2026-10-08T23:29:25Z,47017,6,6,48000,3650,810,0,1,10,10,613.5
2026-10-08T23:29:41Z,47032,6,6,48000,3650,698,0,1,10,9,609.0
2026-10-08T23:29:57Z,47048,6,6,48000,3450,865,0,1,9,8,612.0
2026-10-08T23:30:12Z,47064,6,6,48000,3250,814,0,1,8,8,613.5
2026-10-08T23:30:28Z,47079,6,6,48000,3650,1099,0,1,8,10,615.0
2026-10-08T23:30:43Z,47095,6,6,48000,3650,1163,0,1,10,10,616.5
2026-10-08T23:30:59Z,47110,6,6,48000,3650,1379,0,1,10,10,622.5
2026-10-08T23:31:15Z,47126,6,6,48000,3650,1363,0,1,10,10,621.0
2026-10-08T23:31:30Z,47142,6,6,48000,3650,1435,0,1,10,10,621.0
2026-10-08T23:31:46Z,47157,6,6,48000,3650,1696,0,1,10,10,627.0
2026-10-08T23:32:02Z,47173,6,6,48000,3650,1697,0,1,10,10,627.0
2026-10-08T23:32:17Z,47189,6,6,48000,3650,1725,0,1,10,10,628.5
2026-10-08T23:32:33Z,47204,6,6,48000,3650,1598,0,1,10,10,627.0
2026-10-08T23:32:49Z,47220,6,6,48000,3650,1390,0,1,10,10,621.0
2026-10-08T23:33:04Z,47236,6,6,48000,3650,1411,0,1,10,10,619.5
2026-10-08T23:33:20Z,47251,6,6,48000,3650,1390,0,1,10,10,619.5
2026-10-08T23:33:36Z,47267,6,6,48000,3650,1425,0,1,10,10,622.5
2026-10-08T23:33:51Z,47283,6,6,48000,3650,1580,0,1,10,10,625.5
2026-10-08T23:34:07Z,47298,6,6,48000,3650,1726,0,1,10,10,630.0
2026-10-08T23:34:23Z,47314,6,6,48000,3650,1710,0,1,10,10,628.5
2026-10-08T23:34:38Z,47330,6,6,48000,3650,2046,0,1,10,10,634.5
2026-10-08T23:34:54Z,47345,6,6,48000,3650,1986,0,1,10,10,633.0
2026-10-08T23:35:10Z,47361,6,6,48000,3650,2242,0,1,10,10,636.0
2026-10-08T23:35:26Z,47377,6,6,48000,3650,2343,0,1,10,10,639.0
2026-10-08T23:35:41Z,47393,6,6,48000,3650,2392,0,1,10,10,642.0
2026-10-08T23:35:57Z,47408,6,6,48000,3650,2364,0,1,10,10,640.5
2026-10-08T23:36:13Z,47424,6,6,48000,3650,2301,0,1,10,10,639.0
2026-10-08T23:36:29Z,47440,6,6,48000,3650,1956,0,1,10,10,633.0
2026-10-08T23:36:44Z,47456,6,6,48000,3650,2037,0,1,10,10,634.5
2026-10-08T23:37:00Z,47471,6,6,48000,3650,1671,0,1,10,10,627.0
2026-10-08T23:37:16Z,47487,6,6,48000,3650,1643,0,1,10,10,625.5
2026-10-08T23:37:31Z,47503,6,6,48000,3650,1561,0,1,10,10,621.0
2026-10-08T23:37:47Z,47518,6,6,48000,3650,1361,0,1,10,10,619.5
2026-10-08T23:38:02Z,47534,6,6,48000,3650,1147,0,1,10,10,616.5
2026-10-08T23:38:18Z,47549,6,6,48000,3650,1168,0,1,10,10,619.5
2026-10-08T23:38:34Z,47565,6,6,48000,3650,1012,0,1,10,10,615.0
2026-10-08T23:38:49Z,47581,6,6,48000,3650,1104,0,1,10,10,616.5
2026-10-08T23:39:05Z,47596,6,6,48000,3650,1171,0,1,10,10,616.5
2026-10-08T23:39:21Z,47612,6,6,48000,3650,1183,0,1,10,10,618.0
2026-10-08T23:39:36Z,47628,6,6,48000,3650,1174,0,1,10,10,618.0
2026-10-08T23:39:52Z,47643,6,6,48000,3650,963,0,1,10,10,613.5
2026-10-08T23:40:08Z,47659,6,6,48000,3650,942,0,1,10,10,613.5
2026-10-08T23:40:23Z,47675,6,6,48000,3650,774,0,1,10,10,610.5
2026-10-08T23:40:39Z,47690,6,6,48000,3650,626,0,1,10,10,606.0
2026-10-08T23:40:54Z,47706,6,6,48000,3650,563,0,1,10,10,606.0
2026-10-08T23:41:10Z,47721,6,6,48000,3650,482,0,1,10,10,606.0
2026-10-08T23:41:26Z,47737,6,6,48000,3650,603,0,1,10,10,606.0
2026-10-08T23:41:41Z,47753,6,6,48000,3650,585,0,1,10,10,606.0
2026-10-08T23:41:57Z,47768,6,6,48000,3650,597,0,1,10,10,606.0
2026-10-08T23:42:12Z,47784,6,6,48000,3650,577,0,1,10,10,606.0
2026-10-08T23:42:28Z,47799,6,6,48000,3650,354,0,1,10,10,601.5
2026-10-08T23:42:44Z,47815,6,6,48000,3650,366,0,1,10,10,601.5
2026-10-08T23:42:59Z,47831,6,6,48000,3650,464,0,1,10,10,603.0
2026-10-08T23:43:15Z,47846,6,6,48000,3650,622,0,1,10,10,606.0
2026-10-08T23:43:31Z,47862,6,6,48000,3650,631,0,1,10,10,607.5
2026-10-08T23:43:46Z,47878,6,6,48000,3650,822,0,1,10,10,610.5
2026-10-08T23:44:02Z,47893,6,6,48000,3650,848,0,1,10,10,613.5
2026-10-08T23:44:18Z,47909,6,6,48000,3650,864,0,1,10,10,613.5
2026-10-08T23:44:33Z,47925,6,6,48000,3650,710,0,1,10,10,607.5
2026-10-08T23:44:49Z,47940,6,6,48000,3650,898,0,1,10,10,613.5
2026-10-08T23:45:05Z,47956,6,6,48000,3450,871,0,1,10,9,613.5
2026-10-08T23:45:20Z,47972,6,6,48000,3450,1200,0,1,9,9,618.0
2026-10-08T23:45:36Z,47987,6,6,48000,3450,1135,0,1,9,9,615.0
2026-10-08T23:45:51Z,48003,6,6,48000,3650,1217,0,1,9,10,618.0
2026-10-08T23:46:07Z,48018,6,6,48000,3650,1437,0,1,10,10,622.5
2026-10-08T23:46:23Z,48034,6,6,48000,3650,1444,0,1,10,10,624.0
2026-10-08T23:46:38Z,48050,6,6,48000,3650,1702,0,1,10,10,627.0
2026-10-08T23:46:54Z,48065,6,6,48000,3650,1728,0,1,10,10,627.0
2026-10-08T23:47:10Z,48081,6,6,48000,3650,1752,0,1,10,10,628.5
2026-10-08T23:47:26Z,48097,6,6,48000,3650,1757,0,1,10,10,628.5
2026-10-08T23:47:41Z,48113,6,6,48000,3650,1637,0,1,10,10,625.5
2026-10-08T23:47:57Z,48128,6,6,48000,3650,1478,0,1,10,10,621.0
2026-10-08T23:48:13Z,48144,6,6,48000,3650,1443,0,1,10,10,624.0
2026-10-08T23:48:28Z,48160,6,6,48000,3650,1442,0,1,10,10,621.0
2026-10-08T23:48:44Z,48175,6,6,48000,3650,1559,0,1,10,10,622.5
2026-10-08T23:49:00Z,48191,6,6,48000,3650,1609,0,1,10,10,627.0
2026-10-08T23:49:15Z,48207,6,6,48000,3650,1795,0,1,10,10,630.0
2026-10-08T23:49:31Z,48222,6,6,48000,3650,1696,0,1,10,10,627.0
2026-10-08T23:49:47Z,48238,6,6,48000,3650,2029,0,1,10,10,633.0
2026-10-08T23:50:02Z,48254,6,6,48000,3650,2261,0,1,10,10,639.0
2026-10-08T23:50:18Z,48269,6,6,48000,3650,2447,0,1,10,10,642.0
2026-10-08T23:50:34Z,48285,6,6,48000,3650,2394,0,1,10,10,640.5
2026-10-08T23:50:50Z,48301,6,6,48000,3650,2355,0,1,10,10,639.0
2026-10-08T23:51:05Z,48317,6,6,48000,3650,2323,0,1,10,10,639.0
2026-10-08T23:51:21Z,48332,6,6,48000,3650,1997,0,1,10,10,633.0
2026-10-08T23:51:37Z,48348,6,6,48000,3650,1995,0,1,10,10,631.5
2026-10-08T23:51:52Z,48364,6,6,48000,3650,1727,0,1,10,10,627.0
2026-10-08T23:52:08Z,48379,6,6,48000,3650,1659,0,1,10,10,627.0
2026-10-08T23:52:23Z,48395,6,6,48000,3650,1603,0,1,10,10,625.5
2026-10-08T23:52:39Z,48410,6,6,48000,3650,1378,0,1,10,10,621.0
2026-10-08T23:52:55Z,48426,6,6,48000,3650,1352,0,1,10,10,621.0
2026-10-08T23:53:10Z,48442,6,6,48000,3650,1145,0,1,10,10,618.0
2026-10-08T23:53:26Z,48457,6,6,48000,3650,1126,0,1,10,10,615.0
2026-10-08T23:53:42Z,48473,6,6,48000,3650,969,0,1,10,10,615.0
2026-10-08T23:53:57Z,48489,6,6,48000,3650,1081,0,1,10,10,615.0
2026-10-08T23:54:13Z,48504,6,6,48000,3650,1084,0,1,10,10,615.0
2026-10-08T23:54:29Z,48520,6,6,48000,3650,1104,0,1,10,10,615.0
2026-10-08T23:54:45Z,48536,6,6,48000,3650,1116,0,1,10,10,616.5
2026-10-08T23:55:00Z,48552,6,6,48000,3650,884,0,1,10,10,610.5
2026-10-08T23:55:16Z,48567,6,6,48000,3650,856,0,1,10,10,612.0
2026-10-08T23:55:31Z,48583,6,6,48000,3650,738,0,1,10,10,607.5
2026-10-08T23:55:47Z,48598,6,6,48000,3650,551,0,1,10,10,606.0
2026-10-08T23:56:03Z,48614,6,6,48000,3650,484,0,1,10,10,604.5
2026-10-08T23:56:18Z,48630,6,6,48000,3650,607,0,1,10,10,606.0
2026-10-08T23:56:34Z,48645,6,6,48000,3650,590,0,1,10,10,606.0
2026-10-08T23:56:49Z,48661,6,6,48000,3650,582,0,1,10,10,606.0
2026-10-08T23:57:05Z,48676,6,6,48000,3650,580,0,1,10,10,606.0
2026-10-08T23:57:21Z,48692,6,6,48000,3650,356,0,1,10,10,601.5
2026-10-08T23:57:36Z,48708,6,6,48000,3650,359,1,1,10,10,600.0
2026-10-08T23:57:52Z,48723,6,6,48000,3650,433,0,1,10,10,604.5
2026-10-08T23:58:08Z,48739,6,6,48000,3650,614,0,1,10,10,606.0
2026-10-08T23:58:23Z,48755,6,6,48000,3650,627,0,1,10,10,607.5
2026-10-08T23:58:39Z,48770,6,6,48000,3650,823,0,1,10,10,612.0
2026-10-08T23:58:54Z,48786,6,6,48000,3650,855,0,1,10,10,612.0
2026-10-08T23:59:10Z,48801,6,6,48000,3650,860,0,1,10,10,612.0
2026-10-08T23:59:26Z,48817,6,6,48000,3650,857,0,1,10,10,610.5
2026-10-08T23:59:41Z,48833,6,6,48000,3650,790,0,1,10,9,610.5
2026-10-08T23:59:57Z,48848,6,6,48000,3450,819,0,1,9,8,612.0
2026-10-09T00:00:13Z,48864,6,6,48000,3250,935,0,1,8,8,613.5
2026-10-09T00:00:28Z,48880,6,6,48000,3650,1093,0,1,8,10,616.5
2026-10-09T00:00:44Z,48895,6,6,48000,3650,1105,0,1,10,10,616.5
2026-10-09T00:01:00Z,48911,6,6,48000,3650,1218,0,1,10,10,618.0
2026-10-09T00:01:15Z,48927,6,6,48000,3650,1452,0,1,10,10,622.5
2026-10-09T00:01:31Z,48942,6,6,48000,3650,1443,0,1,10,10,622.5
2026-10-09T00:01:47Z,48958,6,6,48000,3650,1641,0,1,10,10,627.0
2026-10-09T00:02:02Z,48974,6,6,48000,3650,1736,0,1,10,10,628.5
2026-10-09T00:02:18Z,48989,6,6,48000,3650,1670,0,1,10,10,627.0
2026-10-09T00:02:34Z,49005,6,6,48000,3650,1680,0,1,10,10,627.0
2026-10-09T00:02:49Z,49021,6,6,48000,3650,1433,0,1,10,10,622.5
2026-10-09T00:03:05Z,49036,6,6,48000,3650,1478,0,1,10,10,621.0
2026-10-09T00:03:20Z,49052,6,6,48000,3650,1262,0,1,10,10,619.5
2026-10-09T00:03:36Z,49067,6,6,48000,3650,1425,0,1,10,10,621.0
2026-10-09T00:03:52Z,49083,6,6,48000,3650,1440,0,1,10,10,624.0
2026-10-09T00:04:07Z,49099,6,6,48000,3650,1733,0,1,10,10,628.5
2026-10-09T00:04:23Z,49114,6,6,48000,3650,1689,0,1,10,10,625.5
2026-10-09T00:04:39Z,49130,6,6,48000,3650,2084,0,1,10,10,634.5
2026-10-09T00:04:55Z,49146,6,6,48000,3650,2022,0,1,10,10,634.5
2026-10-09T00:05:10Z,49162,6,6,48000,3650,2206,0,1,10,10,636.0
2026-10-09T00:05:26Z,49177,6,6,48000,3650,2321,0,1,10,10,639.0
2026-10-09T00:05:42Z,49193,6,6,48000,3650,2278,0,1,10,10,639.0
2026-10-09T00:05:57Z,49209,6,6,48000,3650,2382,0,1,10,10,639.0
2026-10-09T00:06:13Z,49224,6,6,48000,3650,2249,0,1,10,10,637.5
2026-10-09T00:06:29Z,49240,6,6,48000,3650,2068,0,1,10,10,636.0
2026-10-09T00:06:44Z,49256,6,6,48000,3650,1977,0,1,10,10,633.0
2026-10-09T00:07:00Z,49271,6,6,48000,3650,1807,0,1,10,10,628.5
2026-10-09T00:07:16Z,49287,6,6,48000,3650,1729,0,1,10,10,628.5
2026-10-09T00:07:31Z,49303,6,6,48000,3650,1671,0,1,10,10,621.0
2026-10-09T00:07:47Z,49318,6,6,48000,3650,1360,0,1,10,10,622.5
2026-10-09T00:08:03Z,49334,6,6,48000,3650,1185,0,1,10,10,616.5
2026-10-09T00:08:18Z,49350,6,6,48000,3650,1155,0,1,10,10,618.0
2026-10-09T00:08:34Z,49365,6,6,48000,3650,1027,0,1,10,10,616.5
2026-10-09T00:08:50Z,49381,6,6,48000,3650,1105,0,1,10,10,615.0
2026-10-09T00:09:05Z,49397,6,6,48000,3650,1130,0,1,10,10,616.5
2026-10-09T00:09:21Z,49412,6,6,48000,3650,1107,0,1,10,10,616.5
2026-10-09T00:09:36Z,49428,6,6,48000,3650,1147,0,1,10,10,616.5
2026-10-09T00:09:52Z,49443,6,6,48000,3650,973,0,1,10,10,615.0
2026-10-09T00:10:08Z,49459,6,6,48000,3650,937,0,1,10,10,612.0
2026-10-09T00:10:23Z,49475,6,6,48000,3650,828,0,1,10,10,612.0
2026-10-09T00:10:39Z,49490,6,6,48000,3650,618,0,1,10,10,606.0
2026-10-09T00:10:55Z,49506,6,6,48000,3650,637,0,1,10,10,606.0
2026-10-09T00:11:10Z,49522,6,6,48000,3650,459,0,1,10,10,606.0
2026-10-09T00:11:26Z,49537,6,6,48000,3650,583,0,1,10,10,606.0
2026-10-09T00:11:41Z,49553,6,6,48000,3650,633,0,1,10,10,606.0
2026-10-09T00:11:57Z,49568,6,6,48000,3650,620,0,1,10,10,606.0
2026-10-09T00:12:13Z,49584,6,6,48000,3650,606,0,1,10,10,606.0
2026-10-09T00:12:28Z,49600,6,6,48000,3650,364,0,1,10,10,601.5
2026-10-09T00:12:44Z,49615,6,6,48000,3650,381,0,1,10,10,601.5
2026-10-09T00:13:00Z,49631,6,6,48000,3650,409,0,1,10,10,603.0
2026-10-09T00:13:15Z,49647,6,6,48000,3650,626,0,1,10,10,606.0
2026-10-09T00:13:31Z,49662,6,6,48000,3650,624,0,1,10,10,607.5
2026-10-09T00:13:46Z,49678,6,6,48000,3650,846,0,1,10,10,612.0
2026-10-09T00:14:02Z,49693,6,6,48000,3650,838,0,1,10,10,613.5
2026-10-09T00:14:18Z,49709,6,6,48000,3650,838,0,1,10,10,612.0
2026-10-09T00:14:33Z,49725,6,6,48000,3650,766,0,1,10,10,609.0
2026-10-09T00:14:49Z,49740,6,6,48000,3650,879,0,1,10,10,613.5
2026-10-09T00:15:05Z,49756,6,6,48000,3250,935,0,1,10,8,613.5
2026-10-09T00:15:20Z,49772,6,6,48000,3250,1093,0,1,8,8,618.0
2026-10-09T00:15:36Z,49787,6,6,48000,3250,1143,0,1,8,8,616.5
2026-10-09T00:15:51Z,49803,6,6,48000,3650,1187,0,1,8,10,618.0
2026-10-09T00:16:07Z,49818,6,6,48000,3650,1495,0,1,10,10,624.0
2026-10-09T00:16:23Z,49834,6,6,48000,3650,1441,0,1,10,10,622.5
2026-10-09T00:16:38Z,49850,6,6,48000,3650,1765,0,1,10,10,627.0
2026-10-09T00:16:54Z,49865,6,6,48000,3650,1716,0,1,10,10,625.5
2026-10-09T00:17:10Z,49881,6,6,48000,3650,1690,0,1,10,10,627.0
2026-10-09T00:17:25Z,49897,6,6,48000,3650,1767,0,1,10,10,628.5
2026-10-09T00:17:41Z,49912,6,6,48000,3650,1663,0,1,10,10,627.0
2026-10-09T00:17:57Z,49928,6,6,48000,3650,1404,0,1,10,10,622.5
2026-10-09T00:18:12Z,49944,6,6,48000,3650,1439,0,1,10,10,622.5
2026-10-09T00:18:28Z,49959,6,6,48000,3650,1373,0,1,10,10,622.5
2026-10-09T00:18:44Z,49975,6,6,48000,3650,1473,0,1,10,10,622.5
2026-10-09T00:18:59Z,49991,6,6,48000,3650,1555,0,1,10,10,622.5
2026-10-09T00:19:15Z,50006,6,6,48000,3650,1814,0,1,10,10,631.5
2026-10-09T00:19:31Z,50022,6,6,48000,3650,1702,0,1,10,10,627.0
2026-10-09T00:19:46Z,50038,6,6,48000,3650,2086,0,1,10,10,633.0
2026-10-09T00:20:02Z,50053,6,6,48000,3650,2191,0,1,10,10,637.5
2026-10-09T00:20:18Z,50069,6,6,48000,3650,2450,0,1,10,10,642.0
2026-10-09T00:20:34Z,50085,6,6,48000,3650,2379,0,1,10,10,640.5
2026-10-09T00:20:49Z,50101,6,6,48000,3650,2345,0,1,10,10,640.5
2026-10-09T00:21:05Z,50116,6,6,48000,3650,2390,0,1,10,10,640.5
2026-10-09T00:21:21Z,50132,6,6,48000,3650,2051,0,1,10,10,636.0
2026-10-09T00:21:36Z,50148,6,6,48000,3650,2017,0,1,10,10,633.0
2026-10-09T00:21:52Z,50163,6,6,48000,3650,1800,0,1,10,10,628.5
2026-10-09T00:22:08Z,50179,6,6,48000,3650,1662,0,1,10,10,627.0
2026-10-09T00:22:23Z,50195,6,6,48000,3650,1668,0,1,10,10,628.5
2026-10-09T00:22:39Z,50210,6,6,48000,3650,1390,0,1,10,10,619.5
2026-10-09T00:22:55Z,50226,6,6,48000,3650,1452,0,1,10,10,622.5
2026-10-09T00:23:10Z,50242,6,6,48000,3650,1216,0,1,10,10,618.0
2026-10-09T00:23:26Z,50257,6,6,48000,3650,1178,0,1,10,10,618.0
2026-10-09T00:23:41Z,50273,6,6,48000,3650,1075,0,1,10,10,618.0
2026-10-09T00:23:57Z,50288,6,6,48000,3650,1051,0,1,10,10,615.0
2026-10-09T00:24:13Z,50304,6,6,48000,3650,1193,0,1,10,10,618.0
2026-10-09T00:24:28Z,50320,6,6,48000,3650,1131,0,1,10,10,615.0
2026-10-09T00:24:44Z,50335,6,6,48000,3650,1153,0,1,10,10,618.0
2026-10-09T00:25:00Z,50351,6,6,48000,3650,998,0,1,10,10,615.0
2026-10-09T00:25:15Z,50367,6,6,48000,3650,875,0,1,10,10,613.5
2026-10-09T00:25:31Z,50382,6,6,48000,3650,812,0,1,10,10,610.5
2026-10-09T00:25:47Z,50398,6,6,48000,3650,622,0,1,10,10,606.0
2026-10-09T00:26:03Z,50414,6,6,48000,3650,459,0,1,10,10,603.0
2026-10-09T00:26:18Z,50430,6,6,48000,3650,624,0,1,10,10,606.0
2026-10-09T00:26:34Z,50445,6,6,48000,3650,608,0,1,10,10,606.0
2026-10-09T00:26:49Z,50461,6,6,48000,3650,608,0,1,10,10,606.0
2026-10-09T00:27:05Z,50476,6,6,48000,3650,625,0,1,10,10,606.0
2026-10-09T00:27:21Z,50492,6,6,48000,3650,372,0,1,10,10,601.5
2026-10-09T00:27:36Z,50508,6,6,48000,3650,352,0,1,10,10,600.0
2026-10-09T00:27:52Z,50523,6,6,48000,3650,424,0,1,10,10,603.0
2026-10-09T00:28:08Z,50539,6,6,48000,3650,621,0,1,10,10,607.5
2026-10-09T00:28:23Z,50555,6,6,48000,3650,621,0,1,10,10,606.0
2026-10-09T00:28:39Z,50570,6,6,48000,3650,843,0,1,10,10,612.0
2026-10-09T00:28:55Z,50586,6,6,48000,3650,862,0,1,10,10,612.0
2026-10-09T00:29:10Z,50602,6,6,48000,3650,855,0,1,10,10,613.5
2026-10-09T00:29:26Z,50617,6,6,48000,3650,874,0,1,10,10,612.0
2026-10-09T00:29:42Z,50633,6,6,48000,3650,760,0,1,10,10,609.0
2026-10-09T00:29:57Z,50649,6,6,48000,3650,872,0,1,10,10,610.5
2026-10-09T00:30:13Z,50664,6,6,48000,3450,838,0,1,10,9,612.0
2026-10-09T00:30:28Z,50680,6,6,48000,3450,1059,0,1,9,9,616.5
2026-10-09T00:30:44Z,50695,6,6,48000,3450,1034,1,1,9,10,615.0
2026-10-09T00:31:00Z,50711,6,6,48000,3650,1198,0,1,10,10,618.0
2026-10-09T00:31:15Z,50727,6,6,48000,3650,1471,1,1,10,10,622.5
2026-10-09T00:31:31Z,50742,6,6,48000,3650,1364,0,1,10,10,625.5
2026-10-09T00:31:47Z,50758,6,6,48000,3650,1700,0,1,10,10,627.0
2026-10-09T00:32:02Z,50774,6,6,48000,3650,1674,0,1,10,10,627.0
2026-10-09T00:32:18Z,50789,6,6,48000,3650,1752,0,1,10,10,628.5
2026-10-09T00:32:34Z,50805,6,6,48000,3650,1601,0,1,10,10,625.5
2026-10-09T00:32:49Z,50821,6,6,48000,3650,1391,0,1,10,10,621.0
2026-10-09T00:33:05Z,50836,6,6,48000,3650,1438,0,1,10,10,622.5
2026-10-09T00:33:21Z,50852,6,6,48000,3650,1272,0,1,10,10,619.5
2026-10-09T00:33:36Z,50868,6,6,48000,3650,1421,0,1,10,10,622.5
2026-10-09T00:33:52Z,50883,6,6,48000,3650,1432,0,1,10,10,621.0
2026-10-09T00:34:08Z,50899,6,6,48000,3650,1704,0,1,10,10,627.0
2026-10-09T00:34:23Z,50915,6,6,48000,3650,1670,0,1,10,10,628.5
2026-10-09T00:34:39Z,50930,6,6,48000,3650,1927,0,1,10,10,633.0
2026-10-09T00:34:55Z,50946,6,6,48000,3650,2042,0,1,10,10,633.0
2026-10-09T00:35:11Z,50962,6,6,48000,3650,2126,0,1,10,10,636.0
2026-10-09T00:35:26Z,50978,6,6,48000,3650,2334,0,1,10,10,640.5
2026-10-09T00:35:42Z,50993,6,6,48000,3650,2361,0,1,10,10,639.0
2026-10-09T00:35:58Z,51009,6,6,48000,3650,2316,0,1,10,10,639.0
2026-10-09T00:36:13Z,51025,6,6,48000,3650,2224,0,1,10,10,637.5
2026-10-09T00:36:29Z,51040,6,6,48000,3650,2092,0,1,10,10,634.5
2026-10-09T00:36:45Z,51056,6,6,48000,3650,2091,0,1,10,10,634.5
2026-10-09T00:37:00Z,51072,6,6,48000,3650,1823,0,1,10,10,628.5
2026-10-09T00:37:16Z,51087,6,6,48000,3650,1669,0,1,10,10,627.0
2026-10-09T00:37:32Z,51103,6,6,48000,3650,1388,0,1,10,10,621.0
2026-10-09T00:37:47Z,51119,6,6,48000,3650,1398,0,1,10,10,622.5
2026-10-09T00:38:03Z,51134,6,6,48000,3650,1214,0,1,10,10,619.5
2026-10-09T00:38:19Z,51150,6,6,48000,3650,1200,0,1,10,10,616.5
2026-10-09T00:38:35Z,51166,6,6,48000,3650,1079,0,1,10,10,615.0
2026-10-09T00:38:50Z,51182,6,6,48000,3650,1158,0,1,10,10,619.5
2026-10-09T00:39:06Z,51197,6,6,48000,3650,1158,0,1,10,10,616.5
2026-10-09T00:39:21Z,51213,6,6,48000,3650,1171,0,1,10,10,616.5
2026-10-09T00:39:37Z,51228,6,6,48000,3650,1173,0,1,10,10,616.5
2026-10-09T00:39:53Z,51244,6,6,48000,3650,949,0,1,10,10,615.0
2026-10-09T00:40:08Z,51260,6,6,48000,3650,877,0,1,10,10,612.0
2026-10-09T00:40:24Z,51275,6,6,48000,3650,802,0,1,10,10,610.5
2026-10-09T00:40:40Z,51291,6,6,48000,3650,619,0,1,10,10,606.0
2026-10-09T00:40:55Z,51307,6,6,48000,3650,629,0,1,10,10,606.0
2026-10-09T00:41:11Z,51322,6,6,48000,3650,473,0,1,10,10,604.5
2026-10-09T00:41:27Z,51338,6,6,48000,3650,602,0,1,10,10,607.5
2026-10-09T00:41:42Z,51354,6,6,48000,3650,617,0,1,10,10,606.0
2026-10-09T00:41:58Z,51369,6,6,48000,3650,636,0,1,10,10,607.5
2026-10-09T00:42:13Z,51385,6,6,48000,3650,651,0,1,10,10,606.0
2026-10-09T00:42:29Z,51400,6,6,48000,3650,411,0,1,10,10,601.5
2026-10-09T00:42:45Z,51416,6,6,48000,3650,382,0,1,10,10,601.5
2026-10-09T00:43:00Z,51432,6,6,48000,3650,419,0,1,10,10,603.0
2026-10-09T00:43:16Z,51447,6,6,48000,3650,635,0,1,10,10,606.0
2026-10-09T00:43:32Z,51463,6,6,48000,3650,770,0,1,10,10,609.0
2026-10-09T00:43:47Z,51479,6,6,48000,3650,903,0,1,10,10,613.5
2026-10-09T00:44:03Z,51494,6,6,48000,3650,886,0,1,10,10,612.0
2026-10-09T00:44:19Z,51510,6,6,48000,3650,905,0,1,10,10,613.5
2026-10-09T00:44:34Z,51526,6,6,48000,3650,831,0,1,10,10,610.5
2026-10-09T00:44:50Z,51541,6,6,48000,3650,869,0,1,10,10,613.5
2026-10-09T00:45:06Z,51557,6,6,48000,3450,993,0,1,10,9,615.0
2026-10-09T00:45:21Z,51573,6,6,48000,3450,1107,0,1,9,9,616.5
2026-10-09T00:45:37Z,51588,6,6,48000,3450,1273,0,1,9,9,619.5
2026-10-09T00:45:53Z,51604,6,6,48000,3650,1234,0,1,9,10,618.0
2026-10-09T00:46:08Z,51620,6,6,48000,3650,1564,0,1,10,10,627.0
2026-10-09T00:46:24Z,51635,6,6,48000,3650,1536,0,1,10,10,624.0
2026-10-09T00:46:40Z,51651,6,6,48000,3650,1777,0,1,10,10,630.0
2026-10-09T00:46:55Z,51667,6,6,48000,3650,1838,0,1,10,10,630.0
2026-10-09T00:47:11Z,51682,6,6,48000,3650,1745,0,1,10,10,627.0
2026-10-09T00:47:27Z,51698,6,6,48000,3650,1844,0,1,10,10,630.0
2026-10-09T00:47:43Z,51714,6,6,48000,3650,1717,0,1,10,10,628.5
2026-10-09T00:47:58Z,51730,6,6,48000,3650,1635,0,1,10,10,627.0
2026-10-09T00:48:14Z,51745,6,6,48000,3650,1514,0,1,10,10,625.5
2026-10-09T00:48:30Z,51761,6,6,48000,3650,1412,0,1,10,10,622.5
2026-10-09T00:48:45Z,51777,6,6,48000,3650,1492,0,1,10,10,622.5
2026-10-09T00:49:01Z,51792,6,6,48000,3650,1497,0,1,10,10,622.5
2026-10-09T00:49:17Z,51808,6,6,48000,3650,1755,1,1,10,10,628.5
2026-10-09T00:49:32Z,51824,6,6,48000,3650,2085,0,1,10,10,634.5
2026-10-09T00:49:48Z,51839,6,6,48000,3650,2130,0,1,10,10,636.0
2026-10-09T00:50:04Z,51855,6,6,48000,3650,2228,0,1,10,10,637.5
2026-10-09T00:50:20Z,51871,6,6,48000,3650,2476,0,1,10,10,640.5
2026-10-09T00:50:36Z,51887,6,6,48000,3650,2451,0,1,10,10,643.5
2026-10-09T00:50:51Z,51903,6,6,48000,3650,2551,0,1,10,10,643.5
2026-10-09T00:51:07Z,51918,6,6,48000,3650,2414,0,1,10,10,642.0
2026-10-09T00:51:23Z,51934,6,6,48000,3650,2123,0,1,10,10,636.0
2026-10-09T00:51:39Z,51950,6,6,48000,3650,2198,0,1,10,10,637.5
2026-10-09T00:51:54Z,51966,6,6,48000,3650,1900,0,1,10,10,631.5
2026-10-09T00:52:10Z,51981,6,6,48000,3650,1727,0,1,10,10,628.5
2026-10-09T00:52:26Z,51997,6,6,48000,3650,1741,0,1,10,10,628.5
2026-10-09T00:52:42Z,52013,6,6,48000,3650,1483,0,1,10,10,624.0
2026-10-09T00:52:57Z,52029,6,6,48000,3650,1403,0,1,10,10,622.5
2026-10-09T00:53:13Z,52044,6,6,48000,3650,1222,0,1,10,10,618.0
2026-10-09T00:53:29Z,52060,6,6,48000,3650,1174,0,1,10,10,618.0
2026-10-09T00:53:44Z,52076,6,6,48000,3650,1070,0,1,10,10,615.0
2026-10-09T00:54:00Z,52091,6,6,48000,3650,1127,0,1,10,10,615.0
2026-10-09T00:54:16Z,52107,6,6,48000,3650,1150,0,1,10,10,618.0
2026-10-09T00:54:31Z,52123,6,6,48000,3650,1152,0,1,10,10,618.0
2026-10-09T00:54:47Z,52138,6,6,48000,3650,1004,0,1,10,10,615.0
2026-10-09T00:55:03Z,52154,6,6,48000,3650,897,0,1,10,10,615.0
2026-10-09T00:55:18Z,52170,6,6,48000,3650,854,0,1,10,10,613.5
2026-10-09T00:55:34Z,52185,6,6,48000,3650,609,0,1,10,10,606.0
2026-10-09T00:55:49Z,52201,6,6,48000,3650,598,0,1,10,10,606.0
2026-10-09T00:56:05Z,52216,6,6,48000,3650,500,0,1,10,10,606.0
2026-10-09T00:56:21Z,52232,6,6,48000,3650,622,0,1,10,10,606.0
2026-10-09T00:56:36Z,52248,6,6,48000,3650,644,0,1,10,10,606.0
2026-10-09T00:56:52Z,52263,6,6,48000,3650,613,0,1,10,10,607.5
2026-10-09T00:57:08Z,52279,6,6,48000,3650,595,0,1,10,10,606.0
2026-10-09T00:57:23Z,52295,6,6,48000,3650,390,0,1,10,10,601.5
2026-10-09T00:57:39Z,52310,6,6,48000,3650,370,0,1,10,10,601.5
2026-10-09T00:57:54Z,52326,6,6,48000,3650,387,0,1,10,10,603.0
2026-10-09T00:58:10Z,52341,6,6,48000,3650,625,0,1,10,10,607.5
2026-10-09T00:58:26Z,52357,6,6,48000,3650,604,0,1,10,10,606.0
2026-10-09T00:58:41Z,52373,6,6,48000,3650,798,0,1,10,10,612.0
2026-10-09T00:58:57Z,52388,6,6,48000,3650,868,0,1,10,10,610.5
2026-10-09T00:59:13Z,52404,6,6,48000,3650,856,0,1,10,10,612.0
2026-10-09T00:59:28Z,52420,6,6,48000,3650,820,0,1,10,10,612.0
2026-10-09T00:59:44Z,52435,6,6,48000,3650,847,0,1,10,10,612.0
2026-10-09T00:59:59Z,52451,6,6,48000,3650,927,0,1,10,10,613.5
2026-10-09T01:00:15Z,52466,6,6,48000,3450,918,0,1,10,9,612.0
2026-10-09T01:00:31Z,52482,6,6,48000,3450,1081,0,1,9,9,615.0
2026-10-09T01:00:47Z,52498,6,6,48000,3450,1293,1,1,9,10,619.5
2026-10-09T01:01:02Z,52514,6,6,48000,3650,1589,0,1,10,10,622.5
2026-10-09T01:01:18Z,52529,6,6,48000,3650,1517,1,1,10,10,624.0
2026-10-09T01:01:34Z,52545,6,6,48000,3650,1742,0,1,10,10,628.5
2026-10-09T01:01:49Z,52561,6,6,48000,3650,1805,0,1,10,10,630.0
2026-10-09T01:02:05Z,52576,6,6,48000,3650,1795,0,1,10,10,630.0
2026-10-09T01:02:21Z,52592,6,6,48000,3650,1809,0,1,10,10,631.5
2026-10-09T01:02:36Z,52608,6,6,48000,3650,1710,0,1,10,10,627.0
2026-10-09T01:02:52Z,52623,6,6,48000,3650,1483,0,1,10,10,624.0
2026-10-09T01:03:08Z,52639,6,6,48000,3650,1518,0,1,10,10,624.0
2026-10-09T01:03:23Z,52655,6,6,48000,3650,1365,0,1,10,10,621.0
2026-10-09T01:03:39Z,52670,6,6,48000,3650,1501,0,1,10,10,624.0
2026-10-09T01:03:55Z,52686,6,6,48000,3650,1502,0,1,10,10,624.0
2026-10-09T01:04:10Z,52702,6,6,48000,3650,1805,0,1,10,10,628.5
2026-10-09T01:04:26Z,52717,6,6,48000,3650,1746,0,1,10,10,627.0
2026-10-09T01:04:42Z,52733,6,6,48000,3650,1964,0,1,10,10,631.5
2026-10-09T01:04:58Z,52749,6,6,48000,3650,2146,0,1,10,10,634.5
2026-10-09T01:05:13Z,52765,6,6,48000,3650,2170,0,1,10,10,634.5
2026-10-09T01:05:29Z,52780,6,6,48000,3650,2472,0,1,10,10,640.5
2026-10-09T01:05:45Z,52796,6,6,48000,3650,2465,0,1,10,10,640.5
2026-10-09T01:06:01Z,52812,6,6,48000,3650,2469,0,1,10,10,642.0
2026-10-09T01:06:16Z,52828,6,6,48000,3650,2566,0,1,10,10,636.0
2026-10-09T01:06:32Z,52843,6,6,48000,3650,2149,0,1,10,10,636.0
2026-10-09T01:06:48Z,52859,6,6,48000,3650,1905,0,1,10,10,631.5
2026-10-09T01:07:03Z,52875,6,6,48000,3650,1749,0,1,10,10,627.0
2026-10-09T01:07:19Z,52890,6,6,48000,3650,1711,0,1,10,10,627.0
2026-10-09T01:07:35Z,52906,6,6,48000,3650,1455,0,1,10,10,622.5
2026-10-09T01:07:50Z,52922,6,6,48000,3650,1397,0,1,10,10,621.0
2026-10-09T01:08:06Z,52937,6,6,48000,3650,1290,0,1,10,10,619.5
2026-10-09T01:08:22Z,52953,6,6,48000,3650,1155,0,1,10,10,618.0
2026-10-09T01:08:37Z,52969,6,6,48000,3650,1137,0,1,10,10,616.5
2026-10-09T01:08:53Z,52984,6,6,48000,3650,1137,0,1,10,10,615.0
2026-10-09T01:09:09Z,53000,6,6,48000,3650,1130,0,1,10,10,616.5
2026-10-09T01:09:24Z,53016,6,6,48000,3650,1173,0,1,10,10,616.5
2026-10-09T01:09:40Z,53031,6,6,48000,3650,1179,0,1,10,10,618.0
2026-10-09T01:09:56Z,53047,6,6,48000,3650,1042,0,1,10,10,615.0
2026-10-09T01:10:11Z,53063,6,6,48000,3650,941,0,1,10,10,613.5
2026-10-09T01:10:27Z,53078,6,6,48000,3650,896,0,1,10,10,613.5
2026-10-09T01:10:43Z,53094,6,6,48000,3650,637,0,1,10,10,606.0
2026-10-09T01:10:58Z,53110,6,6,48000,3650,621,0,1,10,10,606.0
2026-10-09T01:11:14Z,53125,6,6,48000,3650,478,0,1,10,10,604.5
2026-10-09T01:11:30Z,53141,6,6,48000,3650,641,0,1,10,10,606.0
2026-10-09T01:11:45Z,53157,6,6,48000,3650,621,0,1,10,10,607.5
2026-10-09T01:12:01Z,53172,6,6,48000,3650,640,0,1,10,10,606.0
2026-10-09T01:12:16Z,53188,6,6,48000,3650,463,0,1,10,10,604.5
2026-10-09T01:12:32Z,53203,6,6,48000,3650,381,0,1,10,10,600.0
2026-10-09T01:12:48Z,53219,6,6,48000,3650,385,0,1,10,10,601.5
2026-10-09T01:13:03Z,53235,6,6,48000,3650,624,0,1,10,10,606.0
2026-10-09T01:13:19Z,53250,6,6,48000,3650,656,1,1,10,10,607.5
2026-10-09T01:13:35Z,53266,6,6,48000,3650,756,0,1,10,10,609.0
2026-10-09T01:13:50Z,53282,6,6,48000,3650,870,0,1,10,10,612.0
2026-10-09T01:14:06Z,53297,6,6,48000,3650,910,0,1,10,10,615.0
2026-10-09T01:14:22Z,53313,6,6,48000,3650,863,0,1,10,10,613.5
2026-10-09T01:14:37Z,53329,6,6,48000,3650,860,0,1,10,10,610.5
2026-10-09T01:14:53Z,53344,6,6,48000,3650,781,0,1,10,10,609.0
2026-10-09T01:15:09Z,53360,6,6,48000,3450,899,0,1,10,9,613.5
2026-10-09T01:15:24Z,53376,6,6,48000,3450,937,0,1,9,9,613.5
2026-10-09T01:15:40Z,53391,6,6,48000,3450,1211,0,1,9,9,618.0
2026-10-09T01:15:56Z,53407,6,6,48000,3450,1159,0,1,9,9,618.0
2026-10-09T01:16:11Z,53423,6,6,48000,3650,1480,0,1,9,10,622.5
2026-10-09T01:16:27Z,53438,6,6,48000,3650,1556,0,1,10,10,625.5
2026-10-09T01:16:43Z,53454,6,6,48000,3650,1624,0,1,10,10,627.0
2026-10-09T01:16:58Z,53470,6,6,48000,3650,1794,0,1,10,10,630.0
2026-10-09T01:17:14Z,53485,6,6,48000,3650,1731,0,1,10,10,628.5
2026-10-09T01:17:30Z,53501,6,6,48000,3650,1811,0,1,10,10,628.5
2026-10-09T01:17:45Z,53517,6,6,48000,3650,1775,0,1,10,10,627.0
2026-10-09T01:18:01Z,53532,6,6,48000,3650,1473,0,1,10,10,622.5
2026-10-09T01:18:17Z,53548,6,6,48000,3650,1333,0,1,10,10,619.5
2026-10-09T01:18:32Z,53564,6,6,48000,3650,1419,0,1,10,10,624.0
2026-10-09T01:18:48Z,53579,6,6,48000,3650,1552,0,1,10,10,624.0
2026-10-09T01:19:04Z,53595,6,6,48000,3650,1691,0,1,10,10,628.5
2026-10-09T01:19:19Z,53611,6,6,48000,3650,1729,1,1,10,10,628.5
2026-10-09T01:19:35Z,53626,6,6,48000,3650,1836,0,1,10,10,631.5
2026-10-09T01:19:51Z,53642,6,6,48000,3650,2094,0,1,10,10,634.5
2026-10-09T01:20:07Z,53658,6,6,48000,3650,2126,0,1,10,10,637.5
2026-10-09T01:20:22Z,53674,6,6,48000,3650,2480,0,1,10,10,642.0
2026-10-09T01:20:38Z,53689,6,6,48000,3650,2458,0,1,10,10,640.5
2026-10-09T01:20:54Z,53705,6,6,48000,3650,2478,0,1,10,10,643.5
2026-10-09T01:21:10Z,53721,6,6,48000,3650,2537,0,1,10,10,643.5
2026-10-09T01:21:25Z,53737,6,6,48000,3650,2251,0,1,10,10,637.5
2026-10-09T01:21:41Z,53752,6,6,48000,3650,2040,0,1,10,10,634.5
2026-10-09T01:21:57Z,53768,6,6,48000,3650,2023,0,1,10,10,634.5
2026-10-09T01:22:12Z,53784,6,6,48000,3650,1820,0,1,10,10,630.0
2026-10-09T01:22:28Z,53799,6,6,48000,3650,1819,0,1,10,10,631.5
2026-10-09T01:22:44Z,53815,6,6,48000,3650,1524,0,1,10,10,625.5
2026-10-09T01:22:59Z,53831,6,6,48000,3650,1460,0,1,10,10,621.0
2026-10-09T01:23:15Z,53846,6,6,48000,3650,1417,0,1,10,10,621.0
2026-10-09T01:23:31Z,53862,6,6,48000,3650,1153,0,1,10,10,618.0
2026-10-09T01:23:46Z,53878,6,6,48000,3650,1049,0,1,10,10,615.0
2026-10-09T01:24:02Z,53893,6,6,48000,3650,1198,0,1,10,10,619.5
2026-10-09T01:24:18Z,53909,6,6,48000,3650,1201,0,1,10,10,618.0
2026-10-09T01:24:33Z,53925,6,6,48000,3650,1195,0,1,10,10,618.0
2026-10-09T01:24:49Z,53940,6,6,48000,3650,1124,0,1,10,10,616.5
2026-10-09T01:25:05Z,53956,6,6,48000,3650,904,0,1,10,10,610.5
2026-10-09T01:25:20Z,53972,6,6,48000,3650,944,0,1,10,10,612.0
2026-10-09T01:25:36Z,53987,6,6,48000,3650,716,0,1,10,10,609.0
2026-10-09T01:25:52Z,54003,6,6,48000,3650,675,0,1,10,10,606.0
2026-10-09T01:26:07Z,54019,6,6,48000,3650,595,0,1,10,10,606.0
2026-10-09T01:26:23Z,54034,6,6,48000,3650,628,0,1,10,10,606.0
2026-10-09T01:26:39Z,54050,6,6,48000,3650,587,0,1,10,10,607.5
2026-10-09T01:26:54Z,54066,6,6,48000,3650,627,0,1,10,10,607.5
2026-10-09T01:27:10Z,54081,6,6,48000,3650,621,0,1,10,10,607.5
2026-10-09T01:27:26Z,54097,6,6,48000,3650,491,0,1,10,10,606.0
2026-10-09T01:27:41Z,54113,6,6,48000,3650,387,0,1,10,10,603.0
2026-10-09T01:27:57Z,54128,6,6,48000,3650,361,0,1,10,10,600.0
2026-10-09T01:28:13Z,54144,6,6,48000,3650,628,0,1,10,10,609.0
2026-10-09T01:28:28Z,54160,6,6,48000,3650,668,0,1,10,10,606.0
2026-10-09T01:28:44Z,54175,6,6,48000,3650,777,0,1,10,10,610.5
2026-10-09T01:29:00Z,54191,6,6,48000,3650,905,0,1,10,10,613.5
2026-10-09T01:29:15Z,54207,6,6,48000,3650,933,0,1,10,10,613.5
2026-10-09T01:29:31Z,54222,6,6,48000,3650,864,0,1,10,10,613.5
2026-10-09T01:29:47Z,54238,6,6,48000,3650,732,0,1,10,10,609.0
2026-10-09T01:30:02Z,54254,6,6,48000,3450,887,0,1,9,9,610.5
2026-10-09T01:30:18Z,54269,6,6,48000,3450,841,0,1,9,9,613.5
2026-10-09T01:30:34Z,54285,6,6,48000,3650,1131,0,1,9,10,618.0
2026-10-09T01:30:49Z,54301,6,6,48000,3650,1182,0,1,10,10,619.5
2026-10-09T01:31:05Z,54316,6,6,48000,3650,1355,0,1,10,10,619.5
2026-10-09T01:31:21Z,54332,6,6,48000,3650,1473,1,1,10,10,621.0
2026-10-09T01:31:36Z,54348,6,6,48000,3650,1527,0,1,10,10,622.5
2026-10-09T01:31:52Z,54363,6,6,48000,3650,1772,0,1,10,10,628.5
2026-10-09T01:32:08Z,54379,6,6,48000,3650,1688,0,1,10,10,628.5
2026-10-09T01:32:23Z,54395,6,6,48000,3650,1737,0,1,10,10,630.0
2026-10-09T01:32:39Z,54410,6,6,48000,3650,1783,0,1,10,10,628.5
2026-10-09T01:32:55Z,54426,6,6,48000,3650,1483,0,1,10,10,624.0
2026-10-09T01:33:10Z,54442,6,6,48000,3650,1449,0,1,10,10,624.0
2026-10-09T01:33:26Z,54457,6,6,48000,3650,1405,0,1,10,10,622.5
2026-10-09T01:33:42Z,54473,6,6,48000,3650,1418,0,1,10,10,622.5
2026-10-09T01:33:57Z,54489,6,6,48000,3650,1502,0,1,10,10,624.0
2026-10-09T01:34:13Z,54504,6,6,48000,3650,1695,0,1,10,10,627.0
2026-10-09T01:34:29Z,54520,6,6,48000,3650,1838,0,1,10,10,630.0
2026-10-09T01:34:45Z,54536,6,6,48000,3650,1891,0,1,10,10,633.0
2026-10-09T01:35:00Z,54552,6,6,48000,3650,2172,0,1,10,10,636.0
2026-10-09T01:35:16Z,54567,6,6,48000,3650,2242,0,1,10,10,646.5
2026-10-09T01:35:32Z,54583,6,6,48000,3650,2470,0,1,10,10,642.0
2026-10-09T01:35:48Z,54599,6,6,48000,3650,2482,0,1,10,10,645.0
2026-10-09T01:36:03Z,54615,6,6,48000,3650,2510,0,1,10,10,643.5
2026-10-09T01:36:19Z,54630,6,6,48000,3650,2329,0,1,10,10,637.5
2026-10-09T01:36:35Z,54646,6,6,48000,3650,2048,0,1,10,10,633.0
2026-10-09T01:36:50Z,54662,6,6,48000,3650,2006,0,1,10,10,634.5
2026-10-09T01:37:06Z,54677,6,6,48000,3650,1708,0,1,10,10,628.5
2026-10-09T01:37:22Z,54693,6,6,48000,3650,1731,0,1,10,10,628.5
2026-10-09T01:37:37Z,54709,6,6,48000,3650,1574,0,1,10,10,625.5
2026-10-09T01:37:53Z,54724,6,6,48000,3650,1397,0,1,10,10,622.5
2026-10-09T01:38:09Z,54740,6,6,48000,3650,1361,0,1,10,10,622.5
2026-10-09T01:38:24Z,54756,6,6,48000,3650,1168,0,1,10,10,618.0
2026-10-09T01:38:40Z,54771,6,6,48000,3650,1201,0,1,10,10,618.0
2026-10-09T01:38:56Z,54787,6,6,48000,3650,1067,0,1,10,10,616.5
2026-10-09T01:39:11Z,54803,6,6,48000,3650,1229,0,1,10,10,619.5
2026-10-09T01:39:27Z,54818,6,6,48000,3650,1162,0,1,10,10,615.0
2026-10-09T01:39:43Z,54834,6,6,48000,3650,1235,0,1,10,10,618.0
2026-10-09T01:39:58Z,54850,6,6,48000,3650,1211,0,1,10,10,619.5
2026-10-09T01:40:14Z,54865,6,6,48000,3650,981,0,1,10,10,615.0
2026-10-09T01:40:30Z,54881,6,6,48000,3650,941,0,1,10,10,613.5
2026-10-09T01:40:45Z,54897,6,6,48000,3650,732,0,1,10,10,607.5
2026-10-09T01:41:01Z,54912,6,6,48000,3650,649,0,1,10,10,606.0
2026-10-09T01:41:17Z,54928,6,6,48000,3650,604,0,1,10,10,606.0
2026-10-09T01:41:32Z,54944,6,6,48000,3650,645,0,1,10,10,607.5
2026-10-09T01:41:48Z,54959,6,6,48000,3650,618,0,1,10,10,609.0
2026-10-09T01:42:03Z,54975,6,6,48000,3650,625,0,1,10,10,606.0
2026-10-09T01:42:19Z,54990,6,6,48000,3650,496,0,1,10,10,606.0
2026-10-09T01:42:35Z,55006,6,6,48000,3650,344,0,1,10,10,601.5
2026-10-09T01:42:50Z,55022,6,6,48000,3650,387,0,1,10,10,604.5
2026-10-09T01:43:06Z,55037,6,6,48000,3650,585,0,1,10,10,606.0
2026-10-09T01:43:22Z,55053,6,6,48000,3650,595,1,1,10,10,606.0
2026-10-09T01:43:37Z,55069,6,6,48000,3650,730,0,1,10,10,607.5
2026-10-09T01:43:53Z,55084,6,6,48000,3650,907,0,1,10,10,613.5
2026-10-09T01:44:09Z,55100,6,6,48000,3650,824,0,1,10,10,610.5
2026-10-09T01:44:24Z,55116,6,6,48000,3650,882,0,1,10,10,612.0
2026-10-09T01:44:40Z,55131,6,6,48000,3650,849,0,1,10,10,612.0
2026-10-09T01:44:55Z,55147,6,6,48000,3450,728,0,1,10,9,609.0
2026-10-09T01:45:11Z,55162,6,6,48000,3450,920,0,1,9,9,615.0
2026-10-09T01:45:27Z,55178,6,6,48000,3450,834,0,1,9,9,610.5
2026-10-09T01:45:42Z,55194,6,6,48000,3650,1152,0,1,9,10,619.5
2026-10-09T01:45:58Z,55209,6,6,48000,3650,1135,0,1,10,10,616.5
2026-10-09T01:46:14Z,55225,6,6,48000,3650,1330,0,1,10,10,621.0
2026-10-09T01:46:30Z,55241,6,6,48000,3650,1471,0,1,10,10,622.5
2026-10-09T01:46:45Z,55257,6,6,48000,3650,1533,0,1,10,10,624.0
2026-10-09T01:47:01Z,55272,6,6,48000,3650,1791,0,1,10,10,628.5
2026-10-09T01:47:17Z,55288,6,6,48000,3650,1786,0,1,10,10,630.0
2026-10-09T01:47:32Z,55304,6,6,48000,3650,1740,0,1,10,10,628.5
2026-10-09T01:47:48Z,55319,6,6,48000,3650,1470,0,1,10,10,624.0
2026-10-09T01:48:04Z,55335,6,6,48000,3650,1452,0,1,10,10,622.5
2026-10-09T01:48:19Z,55351,6,6,48000,3650,1290,0,1,10,10,619.5
2026-10-09T01:48:35Z,55366,6,6,48000,3650,1541,0,1,10,10,625.5
2026-10-09T01:48:51Z,55382,6,6,48000,3650,1495,0,1,10,10,622.5
2026-10-09T01:49:06Z,55398,6,6,48000,3650,1660,0,1,10,10,624.0
2026-10-09T01:49:22Z,55413,6,6,48000,3650,1831,1,1,10,10,630.0
2026-10-09T01:49:38Z,55429,6,6,48000,3650,1858,0,1,10,10,631.5
2026-10-09T01:49:54Z,55445,6,6,48000,3650,2133,0,1,10,10,633.0
2026-10-09T01:50:09Z,55461,6,6,48000,3650,2101,0,1,10,10,634.5
2026-10-09T01:50:25Z,55476,6,6,48000,3650,2332,0,1,10,10,640.5
2026-10-09T01:50:41Z,55492,6,6,48000,3650,2411,0,1,10,10,640.5
2026-10-09T01:50:56Z,55508,6,6,48000,3650,2539,0,1,10,10,643.5
2026-10-09T01:51:12Z,55523,6,6,48000,3650,2557,0,1,10,10,643.5
2026-10-09T01:51:28Z,55539,6,6,48000,3650,2358,0,1,10,10,639.0
2026-10-09T01:51:44Z,55555,6,6,48000,3650,2102,0,1,10,10,636.0
2026-10-09T01:51:59Z,55571,6,6,48000,3650,2068,0,1,10,10,636.0
2026-10-09T01:52:15Z,55586,6,6,48000,3650,1814,0,1,10,10,630.0
2026-10-09T01:52:31Z,55602,6,6,48000,3650,1717,0,1,10,10,627.0
2026-10-09T01:52:46Z,55618,6,6,48000,3650,1502,0,1,10,10,619.5
2026-10-09T01:53:02Z,55633,6,6,48000,3650,1286,0,1,10,10,621.0
2026-10-09T01:53:17Z,55649,6,6,48000,3650,1151,0,1,10,10,616.5
2026-10-09T01:53:33Z,55664,6,6,48000,3650,1072,0,1,10,10,615.0
2026-10-09T01:53:49Z,55680,6,6,48000,3650,960,0,1,10,10,613.5
2026-10-09T01:54:04Z,55696,6,6,48000,3650,1102,0,1,10,10,616.5
2026-10-09T01:54:20Z,55711,6,6,48000,3650,1089,0,1,10,10,615.0
2026-10-09T01:54:36Z,55727,6,6,48000,3650,1100,0,1,10,10,615.0
2026-10-09T01:54:51Z,55743,6,6,48000,3650,1086,0,1,10,10,615.0
2026-10-09T01:55:07Z,55758,6,6,48000,3650,874,0,1,10,10,613.5
2026-10-09T01:55:22Z,55774,6,6,48000,3650,844,0,1,10,10,610.5
2026-10-09T01:55:38Z,55789,6,6,48000,3650,711,0,1,10,10,609.0
2026-10-09T01:55:54Z,55805,6,6,48000,3650,592,0,1,10,10,607.5
2026-10-09T01:56:09Z,55821,6,6,48000,3650,534,0,1,10,10,606.0
2026-10-09T01:56:25Z,55836,6,6,48000,3650,580,0,1,10,10,606.0
2026-10-09T01:56:41Z,55852,6,6,48000,3650,617,0,1,10,10,607.5
2026-10-09T01:56:56Z,55868,6,6,48000,3650,587,0,1,10,10,606.0
2026-10-09T01:57:12Z,55883,6,6,48000,3650,634,0,1,10,10,607.5
2026-10-09T01:57:27Z,55899,6,6,48000,3650,508,0,1,10,10,606.0
2026-10-09T01:57:43Z,55914,6,6,48000,3650,375,0,1,10,10,600.0
2026-10-09T01:57:59Z,55930,6,6,48000,3650,362,0,1,10,10,601.5
2026-10-09T01:58:14Z,55946,6,6,48000,3650,499,0,1,10,10,606.0
2026-10-09T01:58:30Z,55961,6,6,48000,3650,576,0,1,10,10,607.5
2026-10-09T01:58:45Z,55977,6,6,48000,3650,638,0,1,10,10,606.0
2026-10-09T01:59:01Z,55992,6,6,48000,3650,826,0,1,10,10,610.5
2026-10-09T01:59:17Z,56008,6,6,48000,3650,825,0,1,10,10,612.0
2026-10-09T01:59:32Z,56024,6,6,48000,3650,827,0,1,10,10,612.0
2026-10-09T01:59:48Z,56039,6,6,48000,3650,693,0,1,10,10,610.5
2026-10-09T02:00:04Z,56055,6,6,48000,3450,867,0,1,10,9,612.0
2026-10-09T02:00:19Z,56071,6,6,48000,3250,886,0,1,8,8,613.5
2026-10-09T02:00:35Z,56086,6,6,48000,3250,1104,2,1,8,10,615.0
2026-10-09T02:00:51Z,56102,6,6,48000,3650,1248,0,1,10,10,616.5
2026-10-09T02:01:06Z,56118,6,6,48000,3650,1316,0,1,10,10,619.5
2026-10-09T02:01:22Z,56133,6,6,48000,3650,1476,0,1,10,10,622.5
2026-10-09T02:01:38Z,56149,6,6,48000,3650,1550,0,1,10,10,624.0
2026-10-09T02:01:54Z,56165,6,6,48000,3650,1781,0,1,10,10,631.5
2026-10-09T02:02:09Z,56181,6,6,48000,3650,1810,0,1,10,10,630.0
2026-10-09T02:02:25Z,56196,6,6,48000,3650,1769,0,1,10,10,628.5
2026-10-09T02:02:41Z,56212,6,6,48000,3650,1750,0,1,10,10,628.5
2026-10-09T02:02:56Z,56228,6,6,48000,3650,1589,0,1,10,10,625.5
2026-10-09T02:03:12Z,56243,6,6,48000,3650,1436,0,1,10,10,621.0
2026-10-09T02:03:28Z,56259,6,6,48000,3650,1459,0,1,10,10,622.5
2026-10-09T02:03:43Z,56275,6,6,48000,3650,1422,0,1,10,10,622.5
2026-10-09T02:03:59Z,56290,6,6,48000,3650,1340,0,1,10,10,621.0
2026-10-09T02:04:15Z,56306,6,6,48000,3650,1607,0,1,10,10,627.0
2026-10-09T02:04:30Z,56322,6,6,48000,3650,1700,0,1,10,10,625.5
2026-10-09T02:04:46Z,56337,6,6,48000,3650,1776,0,1,10,10,630.0
2026-10-09T02:05:02Z,56353,6,6,48000,3650,1984,0,1,10,10,633.0
2026-10-09T02:05:17Z,56369,6,6,48000,3650,2329,0,1,10,10,639.0
2026-10-09T02:05:33Z,56384,6,6,48000,3650,2379,0,1,10,10,639.0
2026-10-09T02:05:49Z,56400,6,6,48000,3650,2321,0,1,10,10,640.5
2026-10-09T02:06:04Z,56416,6,6,48000,3650,2361,0,1,10,10,640.5
2026-10-09T02:06:20Z,56431,6,6,48000,3650,2207,0,1,10,10,634.5
2026-10-09T02:06:36Z,56447,6,6,48000,3650,2026,0,1,10,10,631.5
2026-10-09T02:06:51Z,56463,6,6,48000,3650,1999,0,1,10,10,633.0
2026-10-09T02:07:07Z,56478,6,6,48000,3650,1789,0,1,10,10,630.0
2026-10-09T02:07:23Z,56494,6,6,48000,3650,1606,0,1,10,10,625.5
2026-10-09T02:07:38Z,56510,6,6,48000,3650,1542,0,1,10,10,624.0
2026-10-09T02:07:54Z,56525,6,6,48000,3650,1413,0,1,10,10,621.0
2026-10-09T02:08:10Z,56541,6,6,48000,3650,1449,0,1,10,10,622.5
2026-10-09T02:08:25Z,56557,6,6,48000,3650,1168,0,1,10,10,618.0
2026-10-09T02:08:41Z,56572,6,6,48000,3650,1185,0,1,10,10,618.0
2026-10-09T02:08:57Z,56588,6,6,48000,3650,1093,0,1,10,10,618.0
2026-10-09T02:09:12Z,56604,6,6,48000,3650,1215,0,1,10,10,616.5
2026-10-09T02:09:28Z,56619,6,6,48000,3650,1232,0,1,10,10,618.0
2026-10-09T02:09:44Z,56635,6,6,48000,3650,1242,0,1,10,10,618.0
2026-10-09T02:09:59Z,56651,6,6,48000,3650,1223,0,1,10,10,619.5
2026-10-09T02:10:15Z,56666,6,6,48000,3650,988,0,1,10,10,615.0
2026-10-09T02:10:31Z,56682,6,6,48000,3650,953,0,1,10,10,613.5
2026-10-09T02:10:46Z,56698,6,6,48000,3650,761,0,1,10,10,606.0
2026-10-09T02:11:02Z,56713,6,6,48000,3650,608,0,1,10,10,607.5
2026-10-09T02:11:18Z,56729,6,6,48000,3650,565,0,1,10,10,606.0
2026-10-09T02:11:33Z,56745,6,6,48000,3650,667,0,1,10,10,607.5
2026-10-09T02:11:49Z,56760,6,6,48000,3650,635,0,1,10,10,606.0
2026-10-09T02:12:05Z,56776,6,6,48000,3650,623,0,1,10,10,606.0
2026-10-09T02:12:20Z,56792,6,6,48000,3650,574,0,1,10,10,606.0
2026-10-09T02:12:36Z,56807,6,6,48000,3650,376,0,1,10,10,603.0
2026-10-09T02:12:51Z,56823,6,6,48000,3650,360,0,1,10,10,601.5
2026-10-09T02:13:07Z,56838,6,6,48000,3650,501,0,1,10,10,606.0
2026-10-09T02:13:23Z,56854,6,6,48000,3650,621,0,1,10,10,606.0
2026-10-09T02:13:38Z,56870,6,6,48000,3650,669,0,1,10,10,606.0
2026-10-09T02:13:54Z,56885,6,6,48000,3650,839,0,1,10,10,612.0
2026-10-09T02:14:10Z,56901,6,6,48000,3650,908,0,1,10,10,613.5
2026-10-09T02:14:25Z,56917,6,6,48000,3650,894,0,1,10,10,612.0
2026-10-09T02:14:41Z,56932,6,6,48000,3650,882,0,1,10,10,613.5
2026-10-09T02:14:57Z,56948,6,6,48000,3650,768,0,1,10,10,610.5
2026-10-09T02:15:12Z,56964,6,6,48000,3450,888,1,1,10,9,613.5
2026-10-09T02:15:28Z,56979,6,6,48000,3450,929,0,1,9,9,613.5
2026-10-09T02:15:44Z,56995,6,6,48000,3450,1153,0,1,9,9,616.5
2026-10-09T02:15:59Z,57011,6,6,48000,3650,1166,0,1,9,10,616.5
2026-10-09T02:16:15Z,57026,6,6,48000,3650,1339,0,1,10,10,619.5
2026-10-09T02:16:31Z,57042,6,6,48000,3650,1483,0,1,10,10,622.5
2026-10-09T02:16:47Z,57058,6,6,48000,3650,1830,0,1,10,10,630.0
2026-10-09T02:17:02Z,57074,6,6,48000,3650,1900,0,1,10,10,633.0
2026-10-09T02:17:18Z,57089,6,6,48000,3650,1856,0,1,10,10,631.5
2026-10-09T02:17:34Z,57105,6,6,48000,3650,1834,0,1,10,10,631.5
2026-10-09T02:17:49Z,57121,6,6,48000,3650,1553,0,1,10,10,622.5
2026-10-09T02:18:05Z,57136,6,6,48000,3650,1587,0,1,10,10,624.0
2026-10-09T02:18:21Z,57152,6,6,48000,3650,1434,0,1,10,10,622.5
2026-10-09T02:18:36Z,57168,6,6,48000,3650,1499,0,1,10,10,622.5
2026-10-09T02:18:52Z,57183,6,6,48000,3650,1562,0,1,10,10,622.5
2026-10-09T02:19:08Z,57199,6,6,48000,3650,1769,0,1,10,10,630.0
2026-10-09T02:19:24Z,57215,6,6,48000,3650,1836,0,1,10,10,630.0
2026-10-09T02:19:39Z,57231,6,6,48000,3650,1943,0,1,10,10,630.0
2026-10-09T02:19:55Z,57246,6,6,48000,3650,2144,0,1,10,10,634.5
2026-10-09T02:20:11Z,57262,6,6,48000,3650,2257,0,1,10,10,637.5
2026-10-09T02:20:27Z,57278,6,6,48000,3650,2541,0,1,10,10,643.5
2026-10-09T02:20:42Z,57294,6,6,48000,3650,2551,0,1,10,10,642.0
2026-10-09T02:20:58Z,57309,6,6,48000,3650,2583,0,1,10,10,645.0
2026-10-09T02:21:14Z,57325,6,6,48000,3650,2613,0,1,10,10,645.0
2026-10-09T02:21:30Z,57341,6,6,48000,3650,2429,0,1,10,10,642.0
2026-10-09T02:21:45Z,57357,6,6,48000,3650,2157,0,1,10,10,636.0
2026-10-09T02:22:01Z,57372,6,6,48000,3650,2164,0,1,10,10,636.0
2026-10-09T02:22:17Z,57388,6,6,48000,3650,1780,0,1,10,10,628.5
2026-10-09T02:22:32Z,57404,6,6,48000,3650,1664,0,1,10,10,630.0
2026-10-09T02:22:48Z,57419,6,6,48000,3650,1480,0,1,10,10,622.5
2026-10-09T02:23:04Z,57435,6,6,48000,3650,1403,0,1,10,10,622.5
2026-10-09T02:23:20Z,57451,6,6,48000,3650,1140,0,1,10,10,615.0
2026-10-09T02:23:35Z,57467,6,6,48000,3650,1188,0,1,10,10,618.0
2026-10-09T02:23:51Z,57482,6,6,48000,3650,981,0,1,10,10,615.0
2026-10-09T02:24:06Z,57498,6,6,48000,3650,1166,0,1,10,10,616.5
2026-10-09T02:24:22Z,57514,6,6,48000,3650,1178,0,1,10,10,618.0
2026-10-09T02:24:38Z,57529,6,6,48000,3650,1158,0,1,10,10,616.5
2026-10-09T02:24:53Z,57545,6,6,48000,3650,1157,0,1,10,10,616.5
2026-10-09T02:25:09Z,57560,6,6,48000,3650,913,0,1,10,10,613.5
2026-10-09T02:25:25Z,57576,6,6,48000,3650,867,0,1,10,10,612.0
2026-10-09T02:25:40Z,57592,6,6,48000,3650,750,0,1,10,10,610.5
2026-10-09T02:25:56Z,57607,6,6,48000,3650,603,0,1,10,10,607.5
2026-10-09T02:26:12Z,57623,6,6,48000,3650,589,0,1,10,10,607.5
2026-10-09T02:26:27Z,57639,6,6,48000,3650,552,0,1,10,10,606.0
2026-10-09T02:26:43Z,57654,6,6,48000,3650,618,0,1,10,10,606.0
2026-10-09T02:26:59Z,57670,6,6,48000,3650,611,0,1,10,10,606.0
2026-10-09T02:27:14Z,57686,6,6,48000,3650,604,0,1,10,10,606.0
2026-10-09T02:27:30Z,57701,6,6,48000,3650,560,0,1,10,10,606.0
2026-10-09T02:27:46Z,57717,6,6,48000,3650,365,0,1,10,10,601.5
2026-10-09T02:28:01Z,57733,6,6,48000,3650,387,0,1,10,10,606.0
2026-10-09T02:28:17Z,57748,6,6,48000,3650,655,0,1,10,10,606.0
2026-10-09T02:28:33Z,57764,6,6,48000,3650,671,0,1,10,10,607.5
2026-10-09T02:28:48Z,57780,6,6,48000,3650,882,0,1,10,10,613.5
2026-10-09T02:29:04Z,57795,6,6,48000,3650,900,0,1,10,10,615.0
2026-10-09T02:29:19Z,57811,6,6,48000,3650,919,0,1,10,10,613.5
2026-10-09T02:29:35Z,57826,6,6,48000,3650,954,0,1,10,10,613.5
2026-10-09T02:29:51Z,57842,6,6,48000,3650,795,0,1,10,10,610.5
2026-10-09T02:30:06Z,57858,6,6,48000,3650,1007,0,1,10,10,615.0
2026-10-09T02:30:22Z,57873,6,6,48000,3650,898,0,1,10,10,612.0
2026-10-09T02:30:38Z,57889,6,6,48000,3650,1158,0,1,10,10,616.5
2026-10-09T02:30:54Z,57905,6,6,48000,3650,1195,0,1,10,10,618.0
2026-10-09T02:31:09Z,57921,6,6,48000,3650,1340,0,1,10,10,622.5
2026-10-09T02:31:25Z,57936,6,6,48000,3650,1446,0,1,10,10,624.0
2026-10-09T02:31:41Z,57952,6,6,48000,3650,1538,0,1,10,10,624.0
2026-10-09T02:31:56Z,57968,6,6,48000,3650,1773,0,1,10,10,630.0
2026-10-09T02:32:12Z,57983,6,6,48000,3650,1766,0,1,10,10,627.0
2026-10-09T02:32:28Z,57999,6,6,48000,3650,1688,0,1,10,10,627.0
2026-10-09T02:32:43Z,58015,6,6,48000,3650,1725,0,1,10,10,627.0
2026-10-09T02:32:59Z,58030,6,6,48000,3650,1454,0,1,10,10,622.5
2026-10-09T02:33:14Z,58046,6,6,48000,3650,1381,1,1,10,10,624.0
2026-10-09T02:33:30Z,58061,6,6,48000,3650,1294,0,1,10,10,619.5
2026-10-09T02:33:46Z,58077,6,6,48000,3650,1359,0,1,10,10,622.5
2026-10-09T02:34:01Z,58093,6,6,48000,3650,1515,0,1,10,10,625.5
2026-10-09T02:34:17Z,58108,6,6,48000,3650,1655,0,1,10,10,627.0
2026-10-09T02:34:33Z,58124,6,6,48000,3650,1719,0,1,10,10,630.0
2026-10-09T02:34:48Z,58140,6,6,48000,3650,1968,0,1,10,10,633.0
2026-10-09T02:35:04Z,58155,6,6,48000,3650,1993,0,1,10,10,633.0
2026-10-09T02:35:20Z,58171,6,6,48000,3650,2212,0,1,10,10,637.5
2026-10-09T02:35:35Z,58187,6,6,48000,3650,2350,0,1,10,10,639.0
2026-10-09T02:35:51Z,58202,6,6,48000,3650,2320,0,1,10,10,639.0
2026-10-09T02:36:07Z,58218,6,6,48000,3650,2341,0,1,10,10,640.5
2026-10-09T02:36:22Z,58234,6,6,48000,3650,2189,0,1,10,10,637.5
2026-10-09T02:36:38Z,58250,6,6,48000,3650,1997,0,1,10,10,631.5
2026-10-09T02:36:54Z,58265,6,6,48000,3650,1926,0,1,10,10,631.5
2026-10-09T02:37:09Z,58281,6,6,48000,3650,1724,0,1,10,10,628.5
2026-10-09T02:37:25Z,58296,6,6,48000,3650,1648,0,1,10,10,625.5
2026-10-09T02:37:41Z,58312,6,6,48000,3650,1494,0,1,10,10,624.0
2026-10-09T02:37:56Z,58328,6,6,48000,3650,1366,0,1,10,10,621.0
2026-10-09T02:38:12Z,58343,6,6,48000,3650,1327,0,1,10,10,622.5
2026-10-09T02:38:28Z,58359,6,6,48000,3650,1095,0,1,10,10,616.5
2026-10-09T02:38:43Z,58375,6,6,48000,3650,1080,0,1,10,10,615.0
2026-10-09T02:38:59Z,58390,6,6,48000,3650,975,0,1,10,10,615.0
2026-10-09T02:39:15Z,58406,6,6,48000,3650,1124,0,1,10,10,615.0
2026-10-09T02:39:30Z,58422,6,6,48000,3650,1106,0,1,10,10,616.5
2026-10-09T02:39:46Z,58437,6,6,48000,3650,1123,0,1,10,10,615.0
2026-10-09T02:40:01Z,58453,6,6,48000,3650,939,0,1,10,10,616.5
2026-10-09T02:40:17Z,58468,6,6,48000,3650,856,0,1,10,10,613.5
2026-10-09T02:40:33Z,58484,6,6,48000,3650,737,0,1,10,10,609.0
2026-10-09T02:40:48Z,58500,6,6,48000,3650,628,0,1,10,10,607.5
2026-10-09T02:41:04Z,58515,6,6,48000,3650,581,0,1,10,10,607.5
2026-10-09T02:41:20Z,58531,6,6,48000,3650,551,0,1,10,10,606.0
2026-10-09T02:41:35Z,58547,6,6,48000,3650,651,0,1,10,10,606.0
2026-10-09T02:41:51Z,58562,6,6,48000,3650,611,0,1,10,10,607.5
2026-10-09T02:42:06Z,58578,6,6,48000,3650,630,0,1,10,10,606.0
2026-10-09T02:42:22Z,58593,6,6,48000,3650,552,0,1,10,10,606.0
2026-10-09T02:42:38Z,58609,6,6,48000,3650,346,0,1,10,10,600.0
2026-10-09T02:42:53Z,58625,6,6,48000,3650,373,0,1,10,10,603.0
2026-10-09T02:43:09Z,58640,6,6,48000,3650,457,0,1,10,10,604.5
2026-10-09T02:43:25Z,58656,6,6,48000,3650,590,0,1,10,10,606.0
2026-10-09T02:43:40Z,58672,6,6,48000,3650,629,0,1,10,10,606.0
2026-10-09T02:43:56Z,58687,6,6,48000,3650,824,0,1,10,10,610.5
2026-10-09T02:44:11Z,58703,6,6,48000,3650,857,0,1,10,10,613.5
2026-10-09T02:44:27Z,58718,6,6,48000,3650,827,0,1,10,10,612.0
2026-10-09T02:44:43Z,58734,6,6,48000,3650,857,0,1,10,10,612.0
2026-10-09T02:44:58Z,58750,6,6,48000,3450,714,0,1,10,9,609.0
2026-10-09T02:45:14Z,58765,6,6,48000,3450,911,0,1,9,9,612.0
2026-10-09T02:45:30Z,58781,6,6,48000,3250,880,0,1,9,8,612.0
2026-10-09T02:45:45Z,58797,6,6,48000,3250,1141,0,1,8,8,618.0
2026-10-09T02:46:01Z,58812,6,6,48000,3650,1154,0,1,8,10,618.0
2026-10-09T02:46:16Z,58828,6,6,48000,3650,1410,0,1,10,10,622.5
2026-10-09T02:46:32Z,58843,6,6,48000,3650,1398,0,1,10,10,621.0
2026-10-09T02:46:48Z,58859,6,6,48000,3650,1710,0,1,10,10,625.5
2026-10-09T02:47:03Z,58875,6,6,48000,3650,1780,0,1,10,10,628.5
2026-10-09T02:47:19Z,58890,6,6,48000,3650,1749,0,1,10,10,630.0
2026-10-09T02:47:35Z,58906,6,6,48000,3650,1704,0,1,10,10,627.0
2026-10-09T02:47:50Z,58922,6,6,48000,3650,1492,0,1,10,10,624.0
2026-10-09T02:48:06Z,58937,6,6,48000,3650,1464,0,1,10,10,624.0
2026-10-09T02:48:22Z,58953,6,6,48000,3650,1438,0,1,10,10,622.5
2026-10-09T02:48:37Z,58969,6,6,48000,3650,1362,0,1,10,10,621.0
2026-10-09T02:48:53Z,58984,6,6,48000,3650,1390,0,1,10,10,621.0
2026-10-09T02:49:09Z,59000,6,6,48000,3650,1561,0,1,10,10,625.5
2026-10-09T02:49:24Z,59016,6,6,48000,3650,1720,0,1,10,10,628.5
2026-10-09T02:49:40Z,59031,6,6,48000,3650,1764,0,1,10,10,630.0
2026-10-09T02:49:56Z,59047,6,6,48000,3650,1930,0,1,10,10,631.5
2026-10-09T02:50:12Z,59063,6,6,48000,3650,2000,0,1,10,10,633.0
2026-10-09T02:50:27Z,59079,6,6,48000,3650,2226,0,1,10,10,637.5
2026-10-09T02:50:43Z,59094,6,6,48000,3650,2354,0,1,10,10,639.0
2026-10-09T02:50:59Z,59110,6,6,48000,3650,2315,0,1,10,10,639.0
2026-10-09T02:51:14Z,59126,6,6,48000,3650,2340,0,1,10,10,639.0
2026-10-09T02:51:30Z,59141,6,6,48000,3650,2359,0,1,10,10,639.0
2026-10-09T02:51:46Z,59157,6,6,48000,3650,2000,0,1,10,10,631.5
2026-10-09T02:52:01Z,59173,6,6,48000,3650,2001,0,1,10,10,628.5
2026-10-09T02:52:17Z,59188,6,6,48000,3650,1690,0,1,10,10,627.0
2026-10-09T02:52:33Z,59204,6,6,48000,3650,1603,0,1,10,10,625.5
2026-10-09T02:52:48Z,59220,6,6,48000,3650,1508,0,1,10,10,624.0
2026-10-09T02:53:04Z,59235,6,6,48000,3650,1423,0,1,10,10,621.0
2026-10-09T02:53:20Z,59251,6,6,48000,3650,1140,0,1,10,10,616.5
2026-10-09T02:53:35Z,59267,6,6,48000,3650,1147,0,1,10,10,616.5
2026-10-09T02:53:51Z,59282,6,6,48000,3650,1054,0,1,10,10,613.5
2026-10-09T02:54:07Z,59298,6,6,48000,3650,1179,0,1,10,10,618.0
2026-10-09T02:54:22Z,59314,6,6,48000,3650,1216,0,1,10,10,618.0
2026-10-09T02:54:38Z,59329,6,6,48000,3650,1163,0,1,10,10,616.5
2026-10-09T02:54:53Z,59345,6,6,48000,3650,1233,0,1,10,10,619.5
2026-10-09T02:55:09Z,59360,6,6,48000,3650,956,0,1,10,10,615.0
2026-10-09T02:55:25Z,59376,6,6,48000,3650,924,0,1,10,10,613.5
2026-10-09T02:55:40Z,59392,6,6,48000,3650,798,0,1,10,10,609.0
2026-10-09T02:55:56Z,59407,6,6,48000,3650,586,0,1,10,10,606.0
2026-10-09T02:56:12Z,59423,6,6,48000,3650,597,0,1,10,10,606.0
2026-10-09T02:56:27Z,59439,6,6,48000,3650,503,0,1,10,10,604.5
2026-10-09T02:56:43Z,59454,6,6,48000,3650,587,0,1,10,10,606.0
2026-10-09T02:56:58Z,59470,6,6,48000,3650,589,0,1,10,10,606.0
2026-10-09T02:57:14Z,59485,6,6,48000,3650,598,0,1,10,10,606.0
2026-10-09T02:57:30Z,59501,6,6,48000,3650,538,0,1,10,10,606.0
2026-10-09T02:57:45Z,59517,6,6,48000,3650,355,0,1,10,10,600.0
2026-10-09T02:58:01Z,59532,6,6,48000,3650,370,0,1,10,10,601.5
2026-10-09T02:58:16Z,59548,6,6,48000,3650,600,0,1,10,10,606.0
2026-10-09T02:58:32Z,59563,6,6,48000,3650,597,0,1,10,10,607.5
2026-10-09T02:58:48Z,59579,6,6,48000,3650,814,0,1,10,10,609.0
2026-10-09T02:59:03Z,59595,6,6,48000,3650,847,0,1,10,10,613.5
2026-10-09T02:59:19Z,59610,6,6,48000,3650,784,0,1,10,10,612.0
2026-10-09T02:59:35Z,59626,6,6,48000,3650,813,0,1,10,10,610.5
2026-10-09T02:59:50Z,59642,6,6,48000,3650,691,0,1,10,10,607.5
2026-10-09T03:00:06Z,59657,6,6,48000,3650,896,0,1,10,10,613.5
2026-10-09T03:00:21Z,59673,6,6,48000,3250,940,0,1,10,8,613.5
2026-10-09T03:00:37Z,59688,6,6,48000,3250,1084,0,1,8,8,616.5
2026-10-09T03:00:53Z,59704,6,6,48000,3650,1175,1,1,10,10,616.5
2026-10-09T03:01:08Z,59720,6,6,48000,3650,1260,0,1,10,10,619.5
2026-10-09T03:01:24Z,59735,6,6,48000,3650,1339,0,1,10,10,619.5
2026-10-09T03:01:40Z,59751,6,6,48000,3650,1457,0,1,10,10,624.0
2026-10-09T03:01:55Z,59767,6,6,48000,3650,1739,0,1,10,10,628.5
2026-10-09T03:02:11Z,59782,6,6,48000,3650,1679,0,1,10,10,625.5
2026-10-09T03:02:27Z,59798,6,6,48000,3650,1698,0,1,10,10,627.0
2026-10-09T03:02:42Z,59814,6,6,48000,3650,1766,0,1,10,10,628.5
2026-10-09T03:02:58Z,59829,6,6,48000,3650,1605,0,1,10,10,625.5
2026-10-09T03:03:14Z,59845,6,6,48000,3650,1432,0,1,10,10,622.5
2026-10-09T03:03:29Z,59861,6,6,48000,3650,1398,0,1,10,10,621.0
2026-10-09T03:03:45Z,59876,6,6,48000,3650,1302,0,1,10,10,621.0
2026-10-09T03:04:00Z,59892,6,6,48000,3650,1408,0,1,10,10,624.0
2026-10-09T03:04:16Z,59907,6,6,48000,3650,1406,0,1,10,10,625.5
2026-10-09T03:04:32Z,59923,6,6,48000,3650,1679,0,1,10,10,627.0
2026-10-09T03:04:47Z,59939,6,6,48000,3650,1972,0,1,10,10,633.0
2026-10-09T03:05:03Z,59954,6,6,48000,3650,2069,0,1,10,10,631.5
2026-10-09T03:05:19Z,59970,6,6,48000,3650,2189,0,1,10,10,636.0
2026-10-09T03:05:35Z,59986,6,6,48000,3650,2454,0,1,10,10,642.0
2026-10-09T03:05:50Z,60002,6,6,48000,3650,2233,0,1,10,10,636.0
2026-10-09T03:06:06Z,60017,6,6,48000,3650,2406,0,1,10,10,639.0
2026-10-09T03:06:22Z,60033,6,6,48000,3650,2244,0,1,10,10,637.5
2026-10-09T03:06:37Z,60049,6,6,48000,3650,2081,0,1,10,10,636.0
2026-10-09T03:06:53Z,60064,6,6,48000,3650,2017,0,1,10,10,631.5
2026-10-09T03:07:09Z,60080,6,6,48000,3650,1751,0,1,10,10,630.0
2026-10-09T03:07:24Z,60096,6,6,48000,3650,1693,0,1,10,10,628.5
2026-10-09T03:07:40Z,60111,6,6,48000,3650,1625,0,1,10,10,627.0
2026-10-09T03:07:55Z,60127,6,6,48000,3650,1427,0,1,10,10,621.0
2026-10-09T03:08:11Z,60142,6,6,48000,3650,1393,0,1,10,10,622.5
2026-10-09T03:08:27Z,60158,6,6,48000,3650,1215,0,1,10,10,618.0
2026-10-09T03:08:42Z,60174,6,6,48000,3650,1035,0,1,10,10,616.5
2026-10-09T03:08:58Z,60189,6,6,48000,3650,1068,0,1,10,10,615.0
2026-10-09T03:09:14Z,60205,6,6,48000,3650,1147,0,1,10,10,616.5
2026-10-09T03:09:29Z,60221,6,6,48000,3650,1114,0,1,10,10,615.0
2026-10-09T03:09:45Z,60236,6,6,48000,3650,1142,0,1,10,10,616.5
2026-10-09T03:10:01Z,60252,6,6,48000,3650,1087,0,1,10,10,616.5
2026-10-09T03:10:16Z,60268,6,6,48000,3650,944,0,1,10,10,613.5
2026-10-09T03:10:32Z,60283,6,6,48000,3650,836,0,1,10,10,613.5
2026-10-09T03:10:47Z,60299,6,6,48000,3650,636,0,1,10,10,606.0
2026-10-09T03:11:03Z,60314,6,6,48000,3650,589,0,1,10,10,606.0
2026-10-09T03:11:19Z,60330,6,6,48000,3650,501,0,1,10,10,604.5
2026-10-09T03:11:35Z,60346,6,6,48000,3650,627,0,1,10,10,607.5
2026-10-09T03:11:50Z,60362,6,6,48000,3650,629,0,1,10,10,607.5
2026-10-09T03:12:06Z,60377,6,6,48000,3650,651,0,1,10,10,606.0
2026-10-09T03:12:22Z,60393,6,6,48000,3650,586,0,1,10,10,606.0
2026-10-09T03:12:37Z,60409,6,6,48000,3650,379,0,1,10,10,600.0
2026-10-09T03:12:53Z,60424,6,6,48000,3650,344,0,1,10,10,600.0
2026-10-09T03:13:08Z,60440,6,6,48000,3650,410,0,1,10,10,601.5
2026-10-09T03:13:24Z,60455,6,6,48000,3650,633,0,1,10,10,607.5
2026-10-09T03:13:40Z,60471,6,6,48000,3650,641,0,1,10,10,606.0
2026-10-09T03:13:55Z,60487,6,6,48000,3650,813,0,1,10,10,610.5
2026-10-09T03:14:11Z,60502,6,6,48000,3650,885,0,1,10,10,613.5
2026-10-09T03:14:27Z,60518,6,6,48000,3650,906,0,1,10,10,615.0
2026-10-09T03:14:42Z,60534,6,6,48000,3650,894,0,1,10,10,612.0
2026-10-09T03:14:58Z,60549,6,6,48000,3650,779,0,1,10,10,609.0
2026-10-09T03:15:14Z,60565,6,6,48000,3650,861,0,1,10,8,612.0
2026-10-09T03:15:29Z,60581,6,6,48000,3250,888,0,1,8,8,613.5
2026-10-09T03:15:45Z,60596,6,6,48000,3250,1068,0,1,8,8,616.5
2026-10-09T03:16:01Z,60612,6,6,48000,3650,1129,0,1,8,10,615.0
2026-10-09T03:16:16Z,60628,6,6,48000,3650,1273,0,1,10,10,622.5
2026-10-09T03:16:32Z,60643,6,6,48000,3650,1461,0,1,10,10,622.5
2026-10-09T03:16:48Z,60659,6,6,48000,3650,1690,0,1,10,10,628.5
2026-10-09T03:17:03Z,60675,6,6,48000,3650,1752,0,1,10,10,628.5
2026-10-09T03:17:19Z,60690,6,6,48000,3650,1750,0,1,10,10,630.0
2026-10-09T03:17:35Z,60706,6,6,48000,3650,1770,0,1,10,10,628.5
2026-10-09T03:17:50Z,60722,6,6,48000,3650,1639,0,1,10,10,628.5
2026-10-09T03:18:06Z,60737,6,6,48000,3650,1468,0,1,10,10,622.5
2026-10-09T03:18:22Z,60753,6,6,48000,3650,1483,0,1,10,10,622.5
2026-10-09T03:18:37Z,60769,6,6,48000,3650,1298,0,1,10,10,621.0
2026-10-09T03:18:53Z,60784,6,6,48000,3650,1498,0,1,10,10,625.5
2026-10-09T03:19:09Z,60800,6,6,48000,3650,1503,0,1,10,10,624.0
2026-10-09T03:19:25Z,60816,6,6,48000,3650,1731,0,1,10,10,630.0
2026-10-09T03:19:40Z,60832,6,6,48000,3650,1767,0,1,10,10,628.5
2026-10-09T03:19:56Z,60847,6,6,48000,3650,2078,0,1,10,10,634.5
2026-10-09T03:20:12Z,60863,6,6,48000,3650,2169,0,1,10,10,637.5
2026-10-09T03:20:27Z,60879,6,6,48000,3650,2136,0,1,10,10,637.5
2026-10-09T03:20:43Z,60894,6,6,48000,3650,2484,0,1,10,10,643.5
2026-10-09T03:20:59Z,60910,6,6,48000,3650,2499,0,1,10,10,642.0
2026-10-09T03:21:15Z,60926,6,6,48000,3650,2444,0,1,10,10,642.0
2026-10-09T03:21:30Z,60942,6,6,48000,3650,2321,0,1,10,10,639.0
2026-10-09T03:21:46Z,60957,6,6,48000,3650,2233,0,1,10,10,637.5
2026-10-09T03:22:02Z,60973,6,6,48000,3650,1932,0,1,10,10,631.5
2026-10-09T03:22:18Z,60989,6,6,48000,3650,1765,0,1,10,10,628.5
2026-10-09T03:22:33Z,61005,6,6,48000,3650,1771,0,1,10,10,628.5
2026-10-09T03:22:49Z,61020,6,6,48000,3650,1501,0,1,10,10,622.5
2026-10-09T03:23:05Z,61036,6,6,48000,3650,1504,0,1,10,10,622.5
2026-10-09T03:23:20Z,61052,6,6,48000,3650,1178,0,1,10,10,618.0
2026-10-09T03:23:36Z,61067,6,6,48000,3650,1183,0,1,10,10,619.5
2026-10-09T03:23:51Z,61083,6,6,48000,3650,1046,0,1,10,10,615.0
2026-10-09T03:24:07Z,61098,6,6,48000,3650,1128,0,1,10,10,615.0
2026-10-09T03:24:23Z,61114,6,6,48000,3650,1209,0,1,10,10,618.0
2026-10-09T03:24:39Z,61130,6,6,48000,3650,1171,0,1,10,10,618.0
2026-10-09T03:24:54Z,61146,6,6,48000,3650,1205,0,1,10,10,619.5
2026-10-09T03:25:10Z,61161,6,6,48000,3650,1071,0,1,10,10,615.0
2026-10-09T03:25:26Z,61177,6,6,48000,3650,867,0,1,10,10,612.0
2026-10-09T03:25:42Z,61193,6,6,48000,3650,844,0,1,10,10,612.0
2026-10-09T03:25:57Z,61209,6,6,48000,3650,649,0,1,10,10,606.0
2026-10-09T03:26:14Z,61224,6,6,48000,3650,587,0,1,10,10,607.5
2026-10-09T03:26:30Z,61241,6,6,48000,3650,485,0,1,10,10,604.5
2026-10-09T03:26:45Z,61257,6,6,48000,3650,592,0,1,10,10,606.0
2026-10-09T03:27:01Z,61272,6,6,48000,3650,652,0,1,10,10,607.5
2026-10-09T03:27:17Z,61288,6,6,48000,3650,604,0,1,10,10,606.0
2026-10-09T03:27:32Z,61304,6,6,48000,3650,408,0,1,10,10,603.0
2026-10-09T03:27:48Z,61319,6,6,48000,3650,367,0,1,10,10,601.5
2026-10-09T03:28:03Z,61335,6,6,48000,3650,400,0,1,10,10,603.0
2026-10-09T03:28:19Z,61350,6,6,48000,3650,573,0,1,10,10,606.0
2026-10-09T03:28:35Z,61366,6,6,48000,3650,622,0,1,10,10,607.5
2026-10-09T03:28:50Z,61382,6,6,48000,3650,784,0,1,10,10,610.5
2026-10-09T03:29:06Z,61397,6,6,48000,3650,854,0,1,10,10,612.0
2026-10-09T03:29:22Z,61413,6,6,48000,3650,903,0,1,10,10,613.5
2026-10-09T03:29:37Z,61429,6,6,48000,3650,923,0,1,10,10,613.5
2026-10-09T03:29:53Z,61444,6,6,48000,3650,841,0,1,10,10,613.5
2026-10-09T03:30:09Z,61460,6,6,48000,3650,951,0,1,10,10,615.0
2026-10-09T03:30:24Z,61476,6,6,48000,3450,938,0,1,10,9,613.5
2026-10-09T03:30:40Z,61491,6,6,48000,3450,1062,0,1,9,9,613.5
2026-10-09T03:30:56Z,61507,6,6,48000,3450,1236,1,1,9,9,616.5
2026-10-09T03:31:11Z,61523,6,6,48000,3650,1263,0,1,10,10,619.5
2026-10-09T03:31:27Z,61538,6,6,48000,3650,1449,0,1,10,10,622.5
2026-10-09T03:31:43Z,61554,6,6,48000,3650,1553,0,1,10,10,624.0
2026-10-09T03:31:59Z,61570,6,6,48000,3650,1754,0,1,10,10,628.5
2026-10-09T03:32:14Z,61586,6,6,48000,3650,1863,0,1,10,10,631.5
2026-10-09T03:32:30Z,61601,6,6,48000,3650,1821,0,1,10,10,630.0
2026-10-09T03:32:46Z,61617,6,6,48000,3650,1817,0,1,10,10,631.5
2026-10-09T03:33:01Z,61633,6,6,48000,3650,1753,0,1,10,10,625.5
2026-10-09T03:33:17Z,61648,6,6,48000,3650,1499,0,1,10,10,624.0
2026-10-09T03:33:33Z,61664,6,6,48000,3650,1420,0,1,10,10,621.0
2026-10-09T03:33:49Z,61680,6,6,48000,3650,1573,0,1,10,10,625.5
2026-10-09T03:34:04Z,61696,6,6,48000,3650,1624,0,1,10,10,628.5
2026-10-09T03:34:20Z,61711,6,6,48000,3650,1857,0,1,10,10,631.5
2026-10-09T03:34:36Z,61727,6,6,48000,3650,1993,0,1,10,10,633.0
2026-10-09T03:34:52Z,61743,6,6,48000,3650,2043,0,1,10,10,634.5
2026-10-09T03:35:07Z,61759,6,6,48000,3650,2200,0,1,10,10,637.5
2026-10-09T03:35:23Z,61774,6,6,48000,3650,2329,0,1,10,10,637.5
2026-10-09T03:35:39Z,61790,6,6,48000,3650,2703,0,1,10,10,648.0
2026-10-09T03:35:55Z,61806,6,6,48000,3650,2550,0,1,10,10,643.5
2026-10-09T03:36:10Z,61822,6,6,48000,3650,2620,0,1,10,10,645.0
2026-10-09T03:36:26Z,61837,6,6,48000,3650,2646,0,1,10,10,646.5
2026-10-09T03:36:42Z,61853,6,6,48000,3650,2261,0,1,10,10,640.5
2026-10-09T03:36:58Z,61869,6,6,48000,3650,2171,0,1,10,10,637.5
2026-10-09T03:37:13Z,61885,6,6,48000,3650,2129,0,1,10,10,636.0
2026-10-09T03:37:29Z,61900,6,6,48000,3650,1864,0,1,10,10,630.0
2026-10-09T03:37:45Z,61916,6,6,48000,3650,1895,0,1,10,10,631.5
2026-10-09T03:38:01Z,61932,6,6,48000,3650,1565,0,1,10,10,625.5
2026-10-09T03:38:16Z,61948,6,6,48000,3650,1539,0,1,10,10,621.0
2026-10-09T03:38:32Z,61963,6,6,48000,3650,1227,0,1,10,10,618.0
2026-10-09T03:38:48Z,61979,6,6,48000,3650,1111,0,1,10,10,615.0
2026-10-09T03:39:03Z,61995,6,6,48000,3650,1173,0,1,10,10,618.0
2026-10-09T03:39:19Z,62010,6,6,48000,3650,1239,0,1,10,10,619.5
2026-10-09T03:39:35Z,62026,6,6,48000,3650,1206,0,1,10,10,618.0
2026-10-09T03:39:50Z,62042,6,6,48000,3650,1249,0,1,10,10,618.0
2026-10-09T03:40:06Z,62057,6,6,48000,3650,1113,0,1,10,10,616.5
2026-10-09T03:40:22Z,62073,6,6,48000,3650,883,0,1,10,10,613.5
2026-10-09T03:40:37Z,62089,6,6,48000,3650,931,0,1,10,10,615.0
2026-10-09T03:40:53Z,62104,6,6,48000,3650,646,0,1,10,10,607.5
2026-10-09T03:41:09Z,62120,6,6,48000,3650,672,1,1,10,10,607.5
2026-10-09T03:41:24Z,62136,6,6,48000,3650,511,0,1,10,10,606.0
2026-10-09T03:41:40Z,62151,6,6,48000,3650,654,0,1,10,10,607.5
2026-10-09T03:41:56Z,62167,6,6,48000,3650,661,0,1,10,10,607.5
2026-10-09T03:42:11Z,62183,6,6,48000,3650,618,0,1,10,10,606.0
2026-10-09T03:42:27Z,62198,6,6,48000,3650,643,0,1,10,10,607.5
2026-10-09T03:42:42Z,62214,6,6,48000,3650,431,0,1,10,10,603.0
2026-10-09T03:42:58Z,62229,6,6,48000,3650,374,0,1,10,10,601.5
2026-10-09T03:43:14Z,62245,6,6,48000,3650,363,0,1,10,10,603.0
2026-10-09T03:43:29Z,62261,6,6,48000,3650,587,0,1,10,10,606.0
2026-10-09T03:43:45Z,62276,6,6,48000,3650,668,0,1,10,10,606.0
2026-10-09T03:44:01Z,62292,6,6,48000,3650,762,0,1,10,10,610.5
2026-10-09T03:44:16Z,62308,6,6,48000,3650,885,0,1,10,10,615.0
2026-10-09T03:44:32Z,62323,6,6,48000,3650,870,0,1,10,10,613.5
2026-10-09T03:44:48Z,62339,6,6,48000,3650,853,0,1,10,10,610.5
2026-10-09T03:45:03Z,62355,6,6,48000,3650,844,0,1,10,10,613.5
2026-10-09T03:45:19Z,62370,6,6,48000,3650,845,0,1,10,10,612.0
2026-10-09T03:45:35Z,62386,6,6,48000,3450,964,0,1,10,9,612.0
2026-10-09T03:45:50Z,62402,6,6,48000,3450,1203,0,1,9,9,616.5
2026-10-09T03:46:06Z,62417,6,6,48000,3450,1169,0,1,9,9,616.5
2026-10-09T03:46:22Z,62433,6,6,48000,3650,1386,0,1,9,10,621.0
2026-10-09T03:46:37Z,62449,6,6,48000,3650,1408,0,1,10,10,622.5
2026-10-09T03:46:53Z,62464,6,6,48000,3650,1662,0,1,10,10,627.0
2026-10-09T03:47:09Z,62480,6,6,48000,3650,1764,0,1,10,10,630.0
2026-10-09T03:47:24Z,62496,6,6,48000,3650,1759,0,1,10,10,630.0
2026-10-09T03:47:40Z,62511,6,6,48000,3650,1833,0,1,10,10,630.0
2026-10-09T03:47:56Z,62527,6,6,48000,3650,1782,0,1,10,10,630.0
2026-10-09T03:48:11Z,62543,6,6,48000,3650,1451,0,1,10,10,622.5
2026-10-09T03:48:27Z,62558,6,6,48000,3650,1439,0,1,10,10,621.0
2026-10-09T03:48:43Z,62574,6,6,48000,3650,1308,0,1,10,10,621.0
2026-10-09T03:48:58Z,62590,6,6,48000,3650,1491,0,1,10,10,624.0
2026-10-09T03:49:14Z,62605,6,6,48000,3650,1533,0,1,10,10,624.0
2026-10-09T03:49:30Z,62621,6,6,48000,3650,1781,0,1,10,10,628.5
2026-10-09T03:49:45Z,62637,6,6,48000,3650,1947,0,1,10,10,631.5
2026-10-09T03:50:01Z,62652,6,6,48000,3650,1993,0,1,10,10,631.5
2026-10-09T03:50:17Z,62668,6,6,48000,3650,2265,0,1,10,10,639.0
2026-10-09T03:50:33Z,62684,6,6,48000,3650,2557,0,1,10,10,645.0
2026-10-09T03:50:48Z,62700,6,6,48000,3650,2435,0,1,10,10,640.5
2026-10-09T03:51:04Z,62715,6,6,48000,3650,2517,0,1,10,10,643.5
2026-10-09T03:51:20Z,62731,6,6,48000,3650,2431,0,1,10,10,640.5
2026-10-09T03:51:35Z,62747,6,6,48000,3650,2267,0,1,10,10,637.5
2026-10-09T03:51:51Z,62762,6,6,48000,3650,2038,0,1,10,10,633.0
2026-10-09T03:52:07Z,62778,6,6,48000,3650,2066,0,1,10,10,633.0
2026-10-09T03:52:23Z,62794,6,6,48000,3650,1750,0,1,10,10,627.0
2026-10-09T03:52:38Z,62810,6,6,48000,3650,1740,0,1,10,10,630.0
2026-10-09T03:52:54Z,62825,6,6,48000,3650,1473,0,1,10,10,625.5
2026-10-09T03:53:10Z,62841,6,6,48000,3650,1435,0,1,10,10,622.5
2026-10-09T03:53:25Z,62857,6,6,48000,3650,1282,0,1,10,10,621.0
2026-10-09T03:53:41Z,62872,6,6,48000,3650,1170,0,1,10,10,616.5
2026-10-09T03:53:56Z,62888,6,6,48000,3650,1091,0,1,10,10,616.5
2026-10-09T03:54:12Z,62903,6,6,48000,3650,1169,0,1,10,10,618.0
2026-10-09T03:54:28Z,62919,6,6,48000,3650,1283,0,1,10,10,618.0
2026-10-09T03:54:44Z,62935,6,6,48000,3650,1254,0,1,10,10,619.5
2026-10-09T03:54:59Z,62951,6,6,48000,3650,1250,0,1,10,10,619.5
2026-10-09T03:55:15Z,62966,6,6,48000,3650,1248,0,1,10,10,619.5
2026-10-09T03:55:30Z,62982,6,6,48000,3650,873,0,1,10,10,610.5
2026-10-09T03:55:46Z,62997,6,6,48000,3650,982,0,1,10,10,616.5
2026-10-09T03:56:02Z,63013,6,6,48000,3650,657,0,1,10,10,607.5
2026-10-09T03:56:17Z,63029,6,6,48000,3650,529,0,1,10,10,606.0
2026-10-09T03:56:33Z,63044,6,6,48000,3650,609,0,1,10,10,606.0
2026-10-09T03:56:49Z,63060,6,6,48000,3650,622,0,1,10,10,606.0
2026-10-09T03:57:04Z,63076,6,6,48000,3650,608,0,1,10,10,606.0
2026-10-09T03:57:20Z,63091,6,6,48000,3650,598,0,1,10,10,606.0
2026-10-09T03:57:35Z,63107,6,6,48000,3650,447,0,1,10,10,601.5
2026-10-09T03:57:51Z,63122,6,6,48000,3650,360,0,1,10,10,601.5
2026-10-09T03:58:07Z,63138,6,6,48000,3650,393,0,1,10,10,603.0
2026-10-09T03:58:22Z,63154,6,6,48000,3650,595,0,1,10,10,606.0
2026-10-09T03:58:38Z,63169,6,6,48000,3650,631,0,1,10,10,606.0
2026-10-09T03:58:54Z,63185,6,6,48000,3650,765,0,1,10,10,610.5
2026-10-09T03:59:09Z,63201,6,6,48000,3650,865,0,1,10,10,613.5
2026-10-09T03:59:25Z,63216,6,6,48000,3650,909,0,1,10,10,613.5
2026-10-09T03:59:41Z,63232,6,6,48000,3650,858,0,1,10,10,610.5
2026-10-09T03:59:56Z,63248,6,6,48000,3650,849,0,1,10,10,613.5
2026-10-09T04:00:12Z,63263,6,6,48000,3650,870,0,1,10,10,613.5
2026-10-09T04:00:28Z,63279,6,6,48000,3450,917,0,1,10,9,613.5
2026-10-09T04:00:43Z,63295,6,6,48000,3450,1057,0,1,9,9,616.5
2026-10-09T04:00:59Z,63310,6,6,48000,3450,1213,1,1,9,10,616.5
2026-10-09T04:01:15Z,63326,6,6,48000,3650,1214,0,1,10,10,618.0
2026-10-09T04:01:30Z,63342,6,6,48000,3650,1430,0,1,10,10,622.5
2026-10-09T04:01:46Z,63357,6,6,48000,3650,1506,0,1,10,10,624.0
2026-10-09T04:02:02Z,63373,6,6,48000,3650,1855,0,1,10,10,631.5
2026-10-09T04:02:17Z,63389,6,6,48000,3650,1760,0,1,10,10,628.5
2026-10-09T04:02:33Z,63404,6,6,48000,3650,1786,0,1,10,10,630.0
2026-10-09T04:02:49Z,63420,6,6,48000,3650,1737,0,1,10,10,630.0
2026-10-09T04:03:05Z,63436,6,6,48000,3650,1511,0,1,10,10,622.5
2026-10-09T04:03:20Z,63452,6,6,48000,3650,1454,0,1,10,10,622.5
2026-10-09T04:03:36Z,63467,6,6,48000,3650,1320,0,1,10,10,621.0
2026-10-09T04:03:52Z,63483,6,6,48000,3650,1524,0,1,10,10,625.5
2026-10-09T04:04:07Z,63499,6,6,48000,3650,1532,0,1,10,10,624.0
2026-10-09T04:04:23Z,63514,6,6,48000,3650,1762,0,1,10,10,627.0
2026-10-09T04:04:39Z,63530,6,6,48000,3650,1759,0,1,10,10,628.5
2026-10-09T04:04:54Z,63546,6,6,48000,3650,1869,0,1,10,10,631.5
2026-10-09T04:05:10Z,63561,6,6,48000,3650,2147,0,1,10,10,636.0
2026-10-09T04:05:26Z,63577,6,6,48000,3650,2199,0,1,10,10,636.0
2026-10-09T04:05:42Z,63593,6,6,48000,3650,2502,0,1,10,10,642.0
2026-10-09T04:05:57Z,63609,6,6,48000,3650,2463,0,1,10,10,642.0
2026-10-09T04:06:13Z,63624,6,6,48000,3650,2462,0,1,10,10,642.0
2026-10-09T04:06:29Z,63640,6,6,48000,3650,2480,0,1,10,10,642.0
2026-10-09T04:06:45Z,63656,6,6,48000,3650,2209,0,1,10,10,637.5
2026-10-09T04:07:00Z,63672,6,6,48000,3650,2116,0,1,10,10,636.0
2026-10-09T04:07:16Z,63687,6,6,48000,3650,2048,0,1,10,10,634.5
2026-10-09T04:07:32Z,63703,6,6,48000,3650,1799,0,1,10,10,628.5
2026-10-09T04:07:47Z,63719,6,6,48000,3650,1501,0,1,10,10,624.0
2026-10-09T04:08:03Z,63734,6,6,48000,3650,1447,0,1,10,10,624.0
2026-10-09T04:08:19Z,63750,6,6,48000,3650,1411,0,1,10,10,622.5
2026-10-09T04:08:34Z,63766,6,6,48000,3650,1158,0,1,10,10,619.5
2026-10-09T04:08:50Z,63781,6,6,48000,3650,1125,0,1,10,10,618.0
2026-10-09T04:09:06Z,63797,6,6,48000,3650,1076,0,1,10,10,616.5
2026-10-09T04:09:21Z,63813,6,6,48000,3650,1126,0,1,10,10,616.5
2026-10-09T04:09:37Z,63828,6,6,48000,3650,1188,0,1,10,10,618.0
2026-10-09T04:09:53Z,63844,6,6,48000,3650,1143,0,1,10,10,618.0
2026-10-09T04:10:08Z,63860,6,6,48000,3650,1133,0,1,10,10,618.0
2026-10-09T04:10:24Z,63875,6,6,48000,3650,847,0,1,10,10,613.5
2026-10-09T04:10:40Z,63891,6,6,48000,3650,878,0,1,10,10,610.5
2026-10-09T04:10:55Z,63907,6,6,48000,3650,669,0,1,10,10,607.5
2026-10-09T04:11:11Z,63922,6,6,48000,3650,608,0,1,10,10,607.5
2026-10-09T04:11:27Z,63938,6,6,48000,3650,531,0,1,10,10,606.0
2026-10-09T04:11:42Z,63954,6,6,48000,3650,602,0,1,10,10,606.0
2026-10-09T04:11:58Z,63969,6,6,48000,3650,620,0,1,10,10,606.0
2026-10-09T04:12:13Z,63985,6,6,48000,3650,622,0,1,10,10,606.0
2026-10-09T04:12:29Z,64000,6,6,48000,3650,636,0,1,10,10,607.5
2026-10-09T04:12:45Z,64016,6,6,48000,3650,473,0,1,10,10,606.0
2026-10-09T04:13:00Z,64032,6,6,48000,3650,354,0,1,10,10,601.5
2026-10-09T04:13:16Z,64047,6,6,48000,3650,385,0,1,10,10,601.5
2026-10-09T04:13:32Z,64063,6,6,48000,3650,642,0,1,10,10,606.0
2026-10-09T04:13:47Z,64079,6,6,48000,3650,755,0,1,10,10,609.0
2026-10-09T04:14:03Z,64094,6,6,48000,3650,874,0,1,10,10,613.5
2026-10-09T04:14:19Z,64110,6,6,48000,3650,870,0,1,10,10,613.5
2026-10-09T04:14:34Z,64126,6,6,48000,3650,912,0,1,10,10,613.5
2026-10-09T04:14:50Z,64141,6,6,48000,3650,860,0,1,10,10,613.5
2026-10-09T04:15:06Z,64157,6,6,48000,3650,819,0,1,10,10,610.5
2026-10-09T04:15:21Z,64173,6,6,48000,3450,855,0,1,10,9,612.0
2026-10-09T04:15:37Z,64188,6,6,48000,3450,957,0,1,9,9,613.5
2026-10-09T04:15:52Z,64204,6,6,48000,3250,1164,0,1,9,8,618.0
2026-10-09T04:16:08Z,64219,6,6,48000,3250,1266,0,1,8,8,618.0
2026-10-09T04:16:24Z,64235,6,6,48000,3650,1419,0,1,8,10,622.5
2026-10-09T04:16:40Z,64251,6,6,48000,3650,1518,0,1,10,10,625.5
2026-10-09T04:16:55Z,64267,6,6,48000,3650,1629,0,1,10,10,627.0
2026-10-09T04:17:11Z,64282,6,6,48000,3650,1781,0,1,10,10,630.0
2026-10-09T04:17:27Z,64298,6,6,48000,3650,1843,0,1,10,10,630.0
2026-10-09T04:17:42Z,64314,6,6,48000,3650,1659,0,1,10,10,627.0
2026-10-09T04:17:58Z,64329,6,6,48000,3650,1677,0,1,10,10,628.5
2026-10-09T04:18:13Z,64345,6,6,48000,3650,1437,0,1,10,10,624.0
2026-10-09T04:18:29Z,64360,6,6,48000,3650,1425,0,1,10,10,622.5
2026-10-09T04:18:45Z,64376,6,6,48000,3650,1242,0,1,10,10,616.5
2026-10-09T04:19:00Z,64392,6,6,48000,3650,1434,0,1,10,10,622.5
2026-10-09T04:19:16Z,64407,6,6,48000,3650,1399,0,1,10,10,621.0
2026-10-09T04:19:32Z,64423,6,6,48000,3650,1768,0,1,10,10,630.0
2026-10-09T04:19:47Z,64439,6,6,48000,3650,1831,0,1,10,10,631.5
2026-10-09T04:20:03Z,64454,6,6,48000,3650,2032,0,1,10,10,633.0
2026-10-09T04:20:19Z,64470,6,6,48000,3650,2035,0,1,10,10,636.0
2026-10-09T04:20:34Z,64486,6,6,48000,3650,2391,0,1,10,10,640.5
2026-10-09T04:20:50Z,64501,6,6,48000,3650,2354,0,1,10,10,637.5
2026-10-09T04:21:06Z,64517,6,6,48000,3650,2383,0,1,10,10,640.5
2026-10-09T04:21:22Z,64533,6,6,48000,3650,2289,0,1,10,10,637.5
2026-10-09T04:21:37Z,64549,6,6,48000,3650,2095,0,1,10,10,633.0
2026-10-09T04:21:53Z,64564,6,6,48000,3650,2023,0,1,10,10,633.0
2026-10-09T04:22:09Z,64580,6,6,48000,3650,1966,0,1,10,10,633.0
2026-10-09T04:22:24Z,64596,6,6,48000,3650,1654,0,1,10,10,628.5
2026-10-09T04:22:40Z,64611,6,6,48000,3650,1758,0,1,10,10,627.0
2026-10-09T04:22:55Z,64627,6,6,48000,3650,1393,0,1,10,10,621.0
2026-10-09T04:23:11Z,64642,6,6,48000,3650,1413,0,1,10,10,621.0
2026-10-09T04:23:27Z,64658,6,6,48000,3650,1268,0,1,10,10,618.0
2026-10-09T04:23:42Z,64674,6,6,48000,3650,1103,0,1,10,10,616.5
2026-10-09T04:23:58Z,64689,6,6,48000,3650,1117,0,1,10,10,615.0
2026-10-09T04:24:14Z,64705,6,6,48000,3650,1020,0,1,10,10,615.0
2026-10-09T04:24:29Z,64721,6,6,48000,3650,1114,0,1,10,10,616.5
2026-10-09T04:24:45Z,64736,6,6,48000,3650,1092,0,1,10,10,616.5
2026-10-09T04:25:00Z,64752,6,6,48000,3650,1142,0,1,10,10,618.0
2026-10-09T04:25:16Z,64767,6,6,48000,3650,1114,0,1,10,10,616.5
2026-10-09T04:25:32Z,64783,6,6,48000,3650,871,0,1,10,10,612.0
2026-10-09T04:25:47Z,64799,6,6,48000,3650,658,0,1,10,10,609.0
2026-10-09T04:26:03Z,64814,6,6,48000,3650,614,0,1,10,10,607.5
2026-10-09T04:26:19Z,64830,6,6,48000,3650,524,0,1,10,10,606.0
2026-10-09T04:26:34Z,64846,6,6,48000,3650,594,0,1,10,10,606.0
2026-10-09T04:26:50Z,64861,6,6,48000,3650,577,0,1,10,10,606.0
2026-10-09T04:27:05Z,64877,6,6,48000,3650,627,0,1,10,10,606.0
2026-10-09T04:27:21Z,64892,6,6,48000,3650,610,0,1,10,10,606.0
2026-10-09T04:27:37Z,64908,6,6,48000,3650,455,0,1,10,10,606.0
2026-10-09T04:27:52Z,64924,6,6,48000,3650,370,0,1,10,10,601.5
2026-10-09T04:28:08Z,64939,6,6,48000,3650,382,0,1,10,10,603.0
2026-10-09T04:28:24Z,64955,6,6,48000,3650,571,0,1,10,10,606.0
2026-10-09T04:28:40Z,64971,6,6,48000,3650,638,0,1,10,10,607.5
2026-10-09T04:28:55Z,64987,6,6,48000,3650,707,0,1,10,10,606.0
2026-10-09T04:29:11Z,65002,6,6,48000,3650,900,0,1,10,10,615.0
2026-10-09T04:29:27Z,65018,6,6,48000,3650,915,0,1,10,10,613.5
2026-10-09T04:29:42Z,65034,6,6,48000,3650,901,0,1,10,10,613.5
2026-10-09T04:29:58Z,65049,6,6,48000,3650,842,0,1,10,10,613.5
2026-10-09T04:30:13Z,65065,6,6,48000,3650,788,0,1,10,10,609.0
2026-10-09T04:30:29Z,65080,6,6,48000,3450,893,0,1,10,9,613.5
2026-10-09T04:30:45Z,65096,6,6,48000,3450,1017,0,1,9,9,615.0
2026-10-09T04:31:00Z,65112,6,6,48000,3450,1186,0,1,9,9,616.5
2026-10-09T04:31:16Z,65127,6,6,48000,3450,1178,0,1,9,10,621.0
2026-10-09T04:31:32Z,65143,6,6,48000,3650,1499,0,1,10,10,622.5
2026-10-09T04:31:48Z,65159,6,6,48000,3650,1606,0,1,10,10,627.0
2026-10-09T04:32:03Z,65175,6,6,48000,3650,1817,0,1,10,10,630.0
2026-10-09T04:32:19Z,65190,6,6,48000,3650,1762,0,1,10,10,628.5
2026-10-09T04:32:35Z,65206,6,6,48000,3650,1856,0,1,10,10,631.5
2026-10-09T04:32:50Z,65222,6,6,48000,3650,1783,0,1,10,10,628.5
2026-10-09T04:33:06Z,65237,6,6,48000,3650,1525,0,1,10,10,624.0
2026-10-09T04:33:22Z,65253,6,6,48000,3650,1502,0,1,10,10,624.0
2026-10-09T04:33:37Z,65269,6,6,48000,3650,1360,0,1,10,10,621.0
2026-10-09T04:33:53Z,65284,6,6,48000,3650,1529,0,1,10,10,624.0
2026-10-09T04:34:09Z,65300,6,6,48000,3650,1490,0,1,10,10,624.0
2026-10-09T04:34:24Z,65316,6,6,48000,3650,1662,0,1,10,10,627.0
2026-10-09T04:34:40Z,65331,6,6,48000,3650,1808,0,1,10,10,630.0
2026-10-09T04:34:56Z,65347,6,6,48000,3650,1900,0,1,10,10,628.5
2026-10-09T04:35:12Z,65363,6,6,48000,3650,2195,0,1,10,10,636.0
2026-10-09T04:35:27Z,65379,6,6,48000,3650,2136,0,1,10,10,636.0
2026-10-09T04:35:43Z,65394,6,6,48000,3650,2518,0,1,10,10,642.0
2026-10-09T04:35:59Z,65410,6,6,48000,3650,2454,0,1,10,10,642.0
2026-10-09T04:36:14Z,65426,6,6,48000,3650,2494,0,1,10,10,640.5
2026-10-09T04:36:30Z,65441,6,6,48000,3650,2481,0,1,10,10,643.5
2026-10-09T04:36:46Z,65457,6,6,48000,3650,2244,0,1,10,10,636.0
2026-10-09T04:37:02Z,65473,6,6,48000,3650,2113,0,1,10,10,636.0
2026-10-09T04:37:17Z,65489,6,6,48000,3650,1710,0,1,10,10,628.5
2026-10-09T04:37:33Z,65504,6,6,48000,3650,1780,0,1,10,10,630.0
2026-10-09T04:37:49Z,65520,6,6,48000,3650,1509,0,1,10,10,625.5
2026-10-09T04:38:04Z,65536,6,6,48000,3650,1439,0,1,10,10,622.5
2026-10-09T04:38:20Z,65551,6,6,48000,3650,1350,0,1,10,10,622.5
2026-10-09T04:38:36Z,65567,6,6,48000,3650,1179,0,1,10,10,616.5
2026-10-09T04:38:51Z,65583,6,6,48000,3650,1184,0,1,10,10,616.5
2026-10-09T04:39:07Z,65598,6,6,48000,3650,1068,0,1,10,10,613.5
2026-10-09T04:39:23Z,65614,6,6,48000,3650,1132,0,1,10,10,616.5
2026-10-09T04:39:38Z,65630,6,6,48000,3650,1199,0,1,10,10,616.5
2026-10-09T04:39:54Z,65645,6,6,48000,3650,1125,0,1,10,10,616.5
2026-10-09T04:40:10Z,65661,6,6,48000,3650,1105,0,1,10,10,615.0
2026-10-09T04:40:25Z,65677,6,6,48000,3650,899,0,1,10,10,612.0
2026-10-09T04:40:41Z,65692,6,6,48000,3650,918,0,1,10,10,615.0
2026-10-09T04:40:57Z,65708,6,6,48000,3650,699,0,1,10,10,606.0
2026-10-09T04:41:12Z,65724,6,6,48000,3650,633,0,1,10,10,607.5
2026-10-09T04:41:28Z,65739,6,6,48000,3650,549,0,1,10,10,606.0
2026-10-09T04:41:43Z,65755,6,6,48000,3650,607,0,1,10,10,606.0
2026-10-09T04:41:59Z,65770,6,6,48000,3650,620,0,1,10,10,606.0
2026-10-09T04:42:15Z,65786,6,6,48000,3650,673,0,1,10,10,609.0
2026-10-09T04:42:30Z,65802,6,6,48000,3650,662,0,1,10,10,607.5
2026-10-09T04:42:46Z,65817,6,6,48000,3650,501,0,1,10,10,604.5
2026-10-09T04:43:02Z,65833,6,6,48000,3650,390,0,1,10,10,603.0
2026-10-09T04:43:17Z,65849,6,6,48000,3650,524,0,1,10,10,606.0
2026-10-09T04:43:33Z,65864,6,6,48000,3650,593,0,1,10,10,607.5
2026-10-09T04:43:49Z,65880,6,6,48000,3650,664,0,1,10,10,606.0
2026-10-09T04:44:04Z,65896,6,6,48000,3650,900,0,1,10,10,613.5
2026-10-09T04:44:20Z,65911,6,6,48000,3650,875,0,1,10,10,613.5
2026-10-09T04:44:35Z,65927,6,6,48000,3650,849,0,1,10,10,612.0
2026-10-09T04:44:51Z,65943,6,6,48000,3650,876,0,1,10,10,610.5
2026-10-09T04:45:07Z,65958,6,6,48000,3650,779,0,1,10,10,613.5
2026-10-09T04:45:22Z,65974,6,6,48000,3450,874,0,1,10,9,613.5
2026-10-09T04:45:38Z,65989,6,6,48000,3250,925,0,1,9,8,613.5
2026-10-09T04:45:54Z,66005,6,6,48000,3250,1112,0,1,8,8,618.0
2026-10-09T04:46:09Z,66021,6,6,48000,3450,1192,0,1,8,9,618.0
2026-10-09T04:46:25Z,66036,6,6,48000,3650,1435,0,1,9,10,621.0
2026-10-09T04:46:41Z,66052,6,6,48000,3650,1431,0,1,10,10,622.5
2026-10-09T04:46:56Z,66068,6,6,48000,3650,1552,0,1,10,10,624.0
2026-10-09T04:47:12Z,66083,6,6,48000,3650,1764,0,1,10,10,630.0
2026-10-09T04:47:28Z,66099,6,6,48000,3650,1774,0,1,10,10,628.5
2026-10-09T04:47:44Z,66115,6,6,48000,3650,1679,0,1,10,10,627.0
2026-10-09T04:47:59Z,66131,6,6,48000,3650,1721,0,1,10,10,627.0
2026-10-09T04:48:15Z,66146,6,6,48000,3650,1503,0,1,10,10,622.5
2026-10-09T04:48:31Z,66162,6,6,48000,3650,1517,0,1,10,10,624.0
2026-10-09T04:48:46Z,66178,6,6,48000,3650,1410,0,1,10,10,622.5
2026-10-09T04:49:02Z,66193,6,6,48000,3650,1401,0,1,10,10,622.5
2026-10-09T04:49:18Z,66209,6,6,48000,3650,1661,0,1,10,10,627.0
2026-10-09T04:49:34Z,66225,6,6,48000,3650,1755,0,1,10,10,630.0
2026-10-09T04:49:49Z,66241,6,6,48000,3650,1913,0,1,10,10,630.0
2026-10-09T04:50:05Z,66256,6,6,48000,3650,2049,0,1,10,10,631.5
2026-10-09T04:50:21Z,66272,6,6,48000,3650,2090,0,1,10,10,636.0
2026-10-09T04:50:36Z,66288,6,6,48000,3650,2498,0,1,10,10,643.5
2026-10-09T04:50:52Z,66303,6,6,48000,3650,2514,0,1,10,10,642.0
2026-10-09T04:51:08Z,66319,6,6,48000,3650,2442,0,1,10,10,639.0
2026-10-09T04:51:24Z,66335,6,6,48000,3650,2516,0,1,10,10,643.5
2026-10-09T04:51:39Z,66351,6,6,48000,3650,2306,0,1,10,10,639.0
2026-10-09T04:51:55Z,66366,6,6,48000,3650,2107,0,1,10,10,634.5
2026-10-09T04:52:11Z,66382,6,6,48000,3650,2175,0,1,10,10,636.0
2026-10-09T04:52:26Z,66398,6,6,48000,3650,1736,0,1,10,10,628.5
2026-10-09T04:52:42Z,66413,6,6,48000,3650,1685,0,1,10,10,628.5
2026-10-09T04:52:58Z,66429,6,6,48000,3650,1513,0,1,10,10,624.0
2026-10-09T04:53:13Z,66445,6,6,48000,3650,1467,0,1,10,10,622.5
2026-10-09T04:53:29Z,66460,6,6,48000,3650,1388,0,1,10,10,622.5
2026-10-09T04:53:45Z,66476,6,6,48000,3650,1129,0,1,10,10,618.0
2026-10-09T04:54:00Z,66492,6,6,48000,3650,1128,0,1,10,10,615.0
2026-10-09T04:54:16Z,66507,6,6,48000,3650,1055,0,1,10,10,615.0
2026-10-09T04:54:32Z,66523,6,6,48000,3650,1180,0,1,10,10,618.0
2026-10-09T04:54:47Z,66539,6,6,48000,3650,1206,0,1,10,10,618.0
2026-10-09T04:55:03Z,66554,6,6,48000,3650,1168,0,1,10,10,616.5
2026-10-09T04:55:19Z,66570,6,6,48000,3650,917,0,1,10,10,612.0
2026-10-09T04:55:34Z,66586,6,6,48000,3650,912,0,1,10,10,615.0
2026-10-09T04:55:50Z,66601,6,6,48000,3650,790,0,1,10,10,610.5
2026-10-09T04:56:06Z,66617,6,6,48000,3650,640,0,1,10,10,607.5
2026-10-09T04:56:21Z,66633,6,6,48000,3650,585,0,1,10,10,606.0
2026-10-09T04:56:37Z,66648,6,6,48000,3650,614,0,1,10,10,607.5
2026-10-09T04:56:52Z,66664,6,6,48000,3650,610,0,1,10,10,607.5
2026-10-09T04:57:08Z,66679,6,6,48000,3650,635,0,1,10,10,606.0
2026-10-09T04:57:24Z,66695,6,6,48000,3650,626,0,1,10,10,606.0
2026-10-09T04:57:39Z,66711,6,6,48000,3650,514,0,1,10,10,606.0
2026-10-09T04:57:55Z,66726,6,6,48000,3650,374,0,1,10,10,601.5
2026-10-09T04:58:11Z,66742,6,6,48000,3650,378,0,1,10,10,601.5
2026-10-09T04:58:26Z,66758,6,6,48000,3650,488,0,1,10,10,604.5
2026-10-09T04:58:42Z,66773,6,6,48000,3650,588,0,1,10,10,606.0
2026-10-09T04:58:58Z,66789,6,6,48000,3650,688,0,1,10,10,607.5
2026-10-09T04:59:13Z,66805,6,6,48000,3650,799,0,1,10,10,609.0
2026-10-09T04:59:29Z,66820,6,6,48000,3650,889,0,1,10,10,615.0
2026-10-09T04:59:44Z,66836,6,6,48000,3650,862,0,1,10,10,613.5
2026-10-09T05:00:00Z,66851,6,6,48000,3650,854,0,1,10,10,612.0
2026-10-09T05:00:16Z,66867,6,6,48000,3450,789,0,1,10,9,610.5
2026-10-09T05:00:32Z,66883,6,6,48000,3450,949,0,1,9,9,613.5
2026-10-09T05:00:47Z,66899,6,6,48000,3450,1118,0,1,9,9,616.5
2026-10-09T05:01:03Z,66914,6,6,48000,3450,1209,1,1,9,10,619.5
2026-10-09T05:01:19Z,66930,6,6,48000,3650,1366,0,1,10,10,621.0
2026-10-09T05:01:34Z,66946,6,6,48000,3650,1430,0,1,10,10,622.5
2026-10-09T05:01:50Z,66961,6,6,48000,3650,1517,0,1,10,10,624.0
2026-10-09T05:02:06Z,66977,6,6,48000,3650,1732,0,1,10,10,628.5
2026-10-09T05:02:21Z,66993,6,6,48000,3650,1702,0,1,10,10,628.5
2026-10-09T05:02:37Z,67008,6,6,48000,3650,1818,0,1,10,10,628.5
2026-10-09T05:02:53Z,67024,6,6,48000,3650,1769,0,1,10,10,630.0
2026-10-09T05:03:08Z,67040,6,6,48000,3650,1548,0,1,10,10,627.0
2026-10-09T05:03:24Z,67055,6,6,48000,3650,1462,0,1,10,10,622.5
2026-10-09T05:03:40Z,67071,6,6,48000,3650,1332,0,1,10,10,621.0
2026-10-09T05:03:55Z,67087,6,6,48000,3650,1444,0,1,10,10,624.0
2026-10-09T05:04:11Z,67102,6,6,48000,3650,1487,0,1,10,10,622.5
2026-10-09T05:04:27Z,67118,6,6,48000,3650,1638,0,1,10,10,627.0
2026-10-09T05:04:43Z,67134,6,6,48000,3650,1816,0,1,10,10,630.0
2026-10-09T05:04:58Z,67150,6,6,48000,3650,1850,0,1,10,10,630.0
2026-10-09T05:05:14Z,67165,6,6,48000,3650,2092,0,1,10,10,634.5
2026-10-09T05:05:30Z,67181,6,6,48000,3650,2152,0,1,10,10,636.0
2026-10-09T05:05:45Z,67197,6,6,48000,3650,2416,0,1,10,10,642.0
2026-10-09T05:06:01Z,67212,6,6,48000,3650,2505,0,1,10,10,642.0
2026-10-09T05:06:17Z,67228,6,6,48000,3650,2529,0,1,10,10,643.5
2026-10-09T05:06:33Z,67244,6,6,48000,3650,2239,0,1,10,10,636.0
2026-10-09T05:06:48Z,67260,6,6,48000,3650,2165,0,1,10,10,639.0
2026-10-09T05:07:04Z,67275,6,6,48000,3650,2033,0,1,10,10,633.0
2026-10-09T05:07:20Z,67291,6,6,48000,3650,1852,0,1,10,10,630.0
2026-10-09T05:07:35Z,67307,6,6,48000,3650,1750,0,1,10,10,628.5
2026-10-09T05:07:51Z,67322,6,6,48000,3650,1549,0,1,10,10,624.0
2026-10-09T05:08:07Z,67338,6,6,48000,3650,1563,0,1,10,10,624.0
2026-10-09T05:08:22Z,67354,6,6,48000,3650,1406,0,1,10,10,621.0
2026-10-09T05:08:38Z,67369,6,6,48000,3650,1253,0,1,10,10,618.0
2026-10-09T05:08:54Z,67385,6,6,48000,3650,1192,0,1,10,10,618.0
2026-10-09T05:09:09Z,67401,6,6,48000,3650,1136,0,1,10,10,615.0
2026-10-09T05:09:25Z,67416,6,6,48000,3650,1169,0,1,10,10,618.0
2026-10-09T05:09:41Z,67432,6,6,48000,3650,1216,0,1,10,10,618.0
2026-10-09T05:09:56Z,67448,6,6,48000,3650,1169,0,1,10,10,619.5
2026-10-09T05:10:12Z,67463,6,6,48000,3650,1234,0,1,10,10,618.0
2026-10-09T05:10:28Z,67479,6,6,48000,3650,861,0,1,10,10,613.5
2026-10-09T05:10:43Z,67495,6,6,48000,3650,881,0,1,10,10,613.5
2026-10-09T05:10:59Z,67510,6,6,48000,3650,807,0,1,10,10,610.5
2026-10-09T05:11:15Z,67526,6,6,48000,3650,667,0,1,10,10,609.0
2026-10-09T05:11:30Z,67542,6,6,48000,3650,601,0,1,10,10,606.0
2026-10-09T05:11:46Z,67557,6,6,48000,3650,537,0,1,10,10,606.0
2026-10-09T05:12:01Z,67573,6,6,48000,3650,608,0,1,10,10,606.0
2026-10-09T05:12:17Z,67588,6,6,48000,3650,627,0,1,10,10,607.5
2026-10-09T05:12:33Z,67604,6,6,48000,3650,520,0,1,10,10,606.0
2026-10-09T05:12:48Z,67620,6,6,48000,3650,371,0,1,10,10,600.0
2026-10-09T05:13:04Z,67635,6,6,48000,3650,399,0,1,10,10,603.0
2026-10-09T05:13:20Z,67651,6,6,48000,3650,510,0,1,10,10,603.0
2026-10-09T05:13:35Z,67667,6,6,48000,3650,628,0,1,10,10,607.5
2026-10-09T05:13:51Z,67682,6,6,48000,3650,675,0,1,10,10,607.5
2026-10-09T05:14:07Z,67698,6,6,48000,3650,909,0,1,10,10,610.5
2026-10-09T05:14:22Z,67714,6,6,48000,3650,924,0,1,10,10,615.0
2026-10-09T05:14:38Z,67729,6,6,48000,3650,969,0,1,10,10,615.0
2026-10-09T05:14:54Z,67745,6,6,48000,3650,929,0,1,10,10,615.0
2026-10-09T05:15:09Z,67761,6,6,48000,3650,852,0,1,10,10,612.0
2026-10-09T05:15:25Z,67776,6,6,48000,3450,911,0,1,10,9,613.5
2026-10-09T05:15:41Z,67792,6,6,48000,3450,984,0,1,9,9,613.5
2026-10-09T05:15:56Z,67808,6,6,48000,3650,1214,0,1,9,10,618.0
2026-10-09T05:16:12Z,67823,6,6,48000,3650,1313,0,1,10,10,619.5
2026-10-09T05:16:28Z,67839,6,6,48000,3650,1330,0,1,10,10,621.0
2026-10-09T05:16:43Z,67855,6,6,48000,3650,1496,0,1,10,10,624.0
2026-10-09T05:16:59Z,67870,6,6,48000,3650,1620,0,1,10,10,625.5
2026-10-09T05:17:15Z,67886,6,6,48000,3650,1776,0,1,10,10,630.0
2026-10-09T05:17:30Z,67902,6,6,48000,3650,1907,0,1,10,10,631.5
2026-10-09T05:17:46Z,67917,6,6,48000,3650,1847,0,1,10,10,630.0
2026-10-09T05:18:02Z,67933,6,6,48000,3650,1630,0,1,10,10,627.0
2026-10-09T05:18:17Z,67949,6,6,48000,3650,1527,0,1,10,10,622.5
2026-10-09T05:18:33Z,67964,6,6,48000,3650,1390,0,1,10,10,624.0
2026-10-09T05:18:49Z,67980,6,6,48000,3650,1494,0,1,10,10,624.0
2026-10-09T05:19:05Z,67996,6,6,48000,3650,1538,0,1,10,10,625.5
2026-10-09T05:19:20Z,68012,6,6,48000,3650,1680,0,1,10,10,627.0
2026-10-09T05:19:36Z,68027,6,6,48000,3650,1751,0,1,10,10,628.5
2026-10-09T05:19:52Z,68043,6,6,48000,3650,1808,0,1,10,10,628.5
2026-10-09T05:20:07Z,68059,6,6,48000,3650,2104,0,1,10,10,634.5
2026-10-09T05:20:23Z,68074,6,6,48000,3650,2169,0,1,10,10,636.0
2026-10-09T05:20:39Z,68090,6,6,48000,3650,2357,0,1,10,10,640.5
2026-10-09T05:20:55Z,68106,6,6,48000,3650,2445,0,1,10,10,642.0
2026-10-09T05:21:10Z,68122,6,6,48000,3650,2517,0,1,10,10,642.0
2026-10-09T05:21:26Z,68137,6,6,48000,3650,2456,0,1,10,10,642.0
2026-10-09T05:21:42Z,68153,6,6,48000,3650,2434,0,1,10,10,640.5
2026-10-09T05:21:57Z,68169,6,6,48000,3650,2119,0,1,10,10,636.0
2026-10-09T05:22:13Z,68184,6,6,48000,3650,2050,0,1,10,10,634.5
2026-10-09T05:22:29Z,68200,6,6,48000,3650,1864,0,1,10,10,630.0
2026-10-09T05:22:44Z,68216,6,6,48000,3650,1843,0,1,10,10,631.5
2026-10-09T05:23:00Z,68231,6,6,48000,3650,1687,0,1,10,10,627.0
2026-10-09T05:23:16Z,68247,6,6,48000,3650,1476,0,1,10,10,622.5
2026-10-09T05:23:31Z,68263,6,6,48000,3650,1200,0,1,10,10,619.5
2026-10-09T05:23:47Z,68278,6,6,48000,3650,1237,0,1,10,10,619.5
2026-10-09T05:24:03Z,68294,6,6,48000,3650,1068,0,1,10,10,616.5
2026-10-09T05:24:18Z,68310,6,6,48000,3650,1159,0,1,10,10,616.5
2026-10-09T05:24:34Z,68325,6,6,48000,3650,1187,0,1,10,10,618.0
2026-10-09T05:24:50Z,68341,6,6,48000,3650,1158,0,1,10,10,616.5
2026-10-09T05:25:05Z,68357,6,6,48000,3650,1176,0,1,10,10,616.5
2026-10-09T05:25:21Z,68372,6,6,48000,3650,968,0,1,10,10,615.0
2026-10-09T05:25:37Z,68388,6,6,48000,3650,949,0,1,10,10,612.0
2026-10-09T05:25:52Z,68404,6,6,48000,3650,819,0,1,10,10,612.0
2026-10-09T05:26:08Z,68419,6,6,48000,3650,642,0,1,10,10,606.0
2026-10-09T05:26:24Z,68435,6,6,48000,3650,631,0,1,10,10,606.0
2026-10-09T05:26:39Z,68451,6,6,48000,3650,553,0,1,10,10,606.0
2026-10-09T05:26:55Z,68466,6,6,48000,3650,653,0,1,10,10,609.0
2026-10-09T05:27:11Z,68482,6,6,48000,3650,632,0,1,10,10,607.5
2026-10-09T05:27:26Z,68498,6,6,48000,3650,628,0,1,10,10,606.0
2026-10-09T05:27:42Z,68513,6,6,48000,3650,561,0,1,10,10,606.0
2026-10-09T05:27:57Z,68529,6,6,48000,3650,386,0,1,10,10,604.5
2026-10-09T05:28:13Z,68544,6,6,48000,3650,367,0,1,10,10,600.0
2026-10-09T05:28:29Z,68560,6,6,48000,3650,444,0,1,10,10,604.5
2026-10-09T05:28:44Z,68576,6,6,48000,3650,620,0,1,10,10,607.5
2026-10-09T05:29:00Z,68591,6,6,48000,3650,601,0,1,10,10,606.0
2026-10-09T05:29:16Z,68607,6,6,48000,3650,862,0,1,10,10,612.0
2026-10-09T05:29:31Z,68623,6,6,48000,3650,865,0,1,10,10,613.5
2026-10-09T05:29:47Z,68638,6,6,48000,3650,878,0,1,10,10,612.0
2026-10-09T05:30:03Z,68654,6,6,48000,3650,809,0,1,10,10,610.5
2026-10-09T05:30:18Z,68670,6,6,48000,3650,885,0,1,10,10,612.0
2026-10-09T05:30:34Z,68685,6,6,48000,3450,892,0,1,9,9,613.5
2026-10-09T05:30:50Z,68701,6,6,48000,3450,1100,0,1,9,9,616.5
2026-10-09T05:31:05Z,68717,6,6,48000,3650,1186,0,1,9,10,616.5
2026-10-09T05:31:21Z,68732,6,6,48000,3650,1248,0,1,10,10,616.5
2026-10-09T05:31:37Z,68748,6,6,48000,3650,1457,0,1,10,10,621.0
2026-10-09T05:31:52Z,68764,6,6,48000,3650,1462,0,1,10,10,622.5
2026-10-09T05:32:08Z,68779,6,6,48000,3650,1728,0,1,10,10,627.0
2026-10-09T05:32:24Z,68795,6,6,48000,3650,1716,0,1,10,10,628.5
2026-10-09T05:32:39Z,68811,6,6,48000,3650,1779,0,1,10,10,630.0
2026-10-09T05:32:55Z,68826,6,6,48000,3650,1772,0,1,10,10,630.0
2026-10-09T05:33:11Z,68842,6,6,48000,3650,1544,0,1,10,10,624.0
2026-10-09T05:33:26Z,68858,6,6,48000,3650,1444,0,1,10,10,621.0
2026-10-09T05:33:42Z,68873,6,6,48000,3650,1415,0,1,10,10,622.5
2026-10-09T05:33:58Z,68889,6,6,48000,3650,1396,0,1,10,10,622.5
2026-10-09T05:34:13Z,68905,6,6,48000,3650,1471,0,1,10,10,621.0
2026-10-09T05:34:29Z,68920,6,6,48000,3650,1484,0,1,10,10,624.0
2026-10-09T05:34:45Z,68936,6,6,48000,3650,1839,0,1,10,10,628.5
2026-10-09T05:35:00Z,68952,6,6,48000,3650,1789,0,1,10,10,630.0
2026-10-09T05:35:16Z,68967,6,6,48000,3650,2029,0,1,10,10,634.5
2026-10-09T05:35:32Z,68983,6,6,48000,3650,2229,0,1,10,10,639.0
2026-10-09T05:35:48Z,68999,6,6,48000,3650,2496,0,1,10,10,642.0
2026-10-09T05:36:04Z,69015,6,6,48000,3650,2556,0,1,10,10,643.5
2026-10-09T05:36:20Z,69031,6,6,48000,3650,2478,0,1,10,10,640.5
2026-10-09T05:36:35Z,69047,6,6,48000,3650,2471,0,1,10,10,640.5
2026-10-09T05:36:51Z,69062,6,6,48000,3650,2121,0,1,10,10,636.0
2026-10-09T05:37:07Z,69078,6,6,48000,3650,2114,0,1,10,10,634.5
2026-10-09T05:37:22Z,69094,6,6,48000,3650,1794,0,1,10,10,630.0
2026-10-09T05:37:38Z,69109,6,6,48000,3650,1769,0,1,10,10,628.5
2026-10-09T05:37:54Z,69125,6,6,48000,3650,1767,0,1,10,10,630.0
2026-10-09T05:38:09Z,69141,6,6,48000,3650,1410,0,1,10,10,621.0
2026-10-09T05:38:25Z,69156,6,6,48000,3650,1436,0,1,10,10,622.5
2026-10-09T05:38:41Z,69172,6,6,48000,3650,1219,0,1,10,10,618.0
2026-10-09T05:38:56Z,69188,6,6,48000,3650,1135,0,1,10,10,615.0
2026-10-09T05:39:12Z,69203,6,6,48000,3650,1066,0,1,10,10,616.5
2026-10-09T05:39:28Z,69219,6,6,48000,3650,1089,0,1,10,10,616.5
2026-10-09T05:39:43Z,69235,6,6,48000,3650,1190,0,1,10,10,618.0
2026-10-09T05:39:59Z,69250,6,6,48000,3650,1160,0,1,10,10,616.5
2026-10-09T05:40:15Z,69266,6,6,48000,3650,1203,0,1,10,10,616.5
2026-10-09T05:40:30Z,69282,6,6,48000,3650,979,0,1,10,10,615.0
2026-10-09T05:40:46Z,69297,6,6,48000,3650,892,0,1,10,10,615.0
2026-10-09T05:41:02Z,69313,6,6,48000,3650,615,0,1,10,10,607.5
2026-10-09T05:41:18Z,69329,6,6,48000,3650,632,0,1,10,10,606.0
2026-10-09T05:41:33Z,69345,6,6,48000,3650,515,0,1,10,10,607.5
2026-10-09T05:41:49Z,69360,6,6,48000,3650,675,0,1,10,10,606.0
2026-10-09T05:42:04Z,69376,6,6,48000,3650,630,0,1,10,10,606.0
2026-10-09T05:42:20Z,69391,6,6,48000,3650,623,0,1,10,10,606.0
2026-10-09T05:42:36Z,69407,6,6,48000,3650,599,0,1,10,10,606.0
2026-10-09T05:42:51Z,69423,6,6,48000,3650,374,0,1,10,10,601.5
2026-10-09T05:43:07Z,69438,6,6,48000,3650,353,0,1,10,10,600.0
2026-10-09T05:43:23Z,69454,6,6,48000,3650,414,0,1,10,10,603.0
2026-10-09T05:43:38Z,69470,6,6,48000,3650,623,0,1,10,10,607.5
2026-10-09T05:43:54Z,69485,6,6,48000,3650,613,0,1,10,10,607.5
2026-10-09T05:44:10Z,69501,6,6,48000,3650,785,0,1,10,10,610.5
2026-10-09T05:44:25Z,69517,6,6,48000,3650,841,0,1,10,10,612.0
2026-10-09T05:44:41Z,69532,6,6,48000,3650,859,0,1,10,10,610.5
2026-10-09T05:44:56Z,69548,6,6,48000,3650,886,0,1,10,10,613.5
2026-10-09T05:45:12Z,69563,6,6,48000,3650,743,0,1,10,10,609.0
2026-10-09T05:45:28Z,69579,6,6,48000,3450,904,0,1,10,9,612.0
2026-10-09T05:45:43Z,69595,6,6,48000,3450,887,0,1,9,9,613.5
2026-10-09T05:45:59Z,69610,6,6,48000,3450,1063,0,1,9,9,616.5
2026-10-09T05:46:15Z,69626,6,6,48000,3650,1176,0,1,9,10,615.0
2026-10-09T05:46:30Z,69642,6,6,48000,3650,1264,0,1,10,10,619.5
2026-10-09T05:46:46Z,69657,6,6,48000,3650,1478,0,1,10,10,624.0
2026-10-09T05:47:02Z,69673,6,6,48000,3650,1777,0,1,10,10,628.5
2026-10-09T05:47:17Z,69689,6,6,48000,3650,1745,0,1,10,10,630.0
2026-10-09T05:47:33Z,69704,6,6,48000,3650,1791,0,1,10,10,628.5
2026-10-09T05:47:49Z,69720,6,6,48000,3650,1701,0,1,10,10,628.5
2026-10-09T05:48:04Z,69736,6,6,48000,3650,1674,0,1,10,10,628.5
2026-10-09T05:48:20Z,69752,6,6,48000,3650,1436,0,1,10,10,622.5
2026-10-09T05:48:36Z,69767,6,6,48000,3650,1413,0,1,10,10,621.0
2026-10-09T05:48:51Z,69783,6,6,48000,3650,1361,0,1,10,10,622.5
2026-10-09T05:49:07Z,69798,6,6,48000,3650,1444,0,1,10,10,622.5
2026-10-09T05:49:23Z,69814,6,6,48000,3650,1531,0,1,10,10,624.0
2026-10-09T05:49:39Z,69830,6,6,48000,3650,1763,0,1,10,10,630.0
2026-10-09T05:49:54Z,69846,6,6,48000,3650,1712,0,1,10,10,625.5
2026-10-09T05:50:10Z,69861,6,6,48000,3650,2011,0,1,10,10,634.5
2026-10-09T05:50:26Z,69877,6,6,48000,3650,2147,0,1,10,10,634.5
2026-10-09T05:50:41Z,69893,6,6,48000,3650,2204,0,1,10,10,634.5
2026-10-09T05:50:57Z,69908,6,6,48000,3650,2492,0,1,10,10,642.0
2026-10-09T05:51:13Z,69924,6,6,48000,3650,2480,0,1,10,10,643.5
2026-10-09T05:51:29Z,69940,6,6,48000,3650,2470,0,1,10,10,643.5
2026-10-09T05:51:45Z,69956,6,6,48000,3650,2501,0,1,10,10,645.0
2026-10-09T05:52:00Z,69972,6,6,48000,3650,2161,0,1,10,10,636.0
2026-10-09T05:52:16Z,69987,6,6,48000,3650,2014,0,1,10,10,633.0
2026-10-09T05:52:32Z,70003,6,6,48000,3650,1719,0,1,10,10,627.0
2026-10-09T05:52:47Z,70019,6,6,48000,3650,1717,0,1,10,10,630.0
2026-10-09T05:53:03Z,70034,6,6,48000,3650,1427,0,1,10,10,622.5
2026-10-09T05:53:19Z,70050,6,6,48000,3650,1452,0,1,10,10,621.0
2026-10-09T05:53:34Z,70066,6,6,48000,3650,1227,0,1,10,10,618.0
2026-10-09T05:53:50Z,70081,6,6,48000,3650,1169,0,1,10,10,618.0
2026-10-09T05:54:06Z,70097,6,6,48000,3650,1055,0,1,10,10,616.5
2026-10-09T05:54:21Z,70113,6,6,48000,3650,1135,0,1,10,10,616.5
2026-10-09T05:54:37Z,70128,6,6,48000,3650,1181,0,1,10,10,616.5
2026-10-09T05:54:53Z,70144,6,6,48000,3650,1175,0,1,10,10,618.0
2026-10-09T05:55:08Z,70160,6,6,48000,3650,1106,0,1,10,10,615.0
2026-10-09T05:55:24Z,70175,6,6,48000,3650,994,0,1,10,10,615.0
2026-10-09T05:55:40Z,70191,6,6,48000,3650,833,0,1,10,10,612.0
2026-10-09T05:55:56Z,70207,6,6,48000,3650,836,0,1,10,10,612.0
2026-10-09T05:56:11Z,70223,6,6,48000,3650,626,0,1,10,10,606.0
2026-10-09T05:56:27Z,70238,6,6,48000,3650,606,0,1,10,10,607.5
2026-10-09T05:56:43Z,70254,6,6,48000,3650,554,0,1,10,10,607.5
2026-10-09T05:56:58Z,70270,6,6,48000,3650,559,0,1,10,10,606.0
2026-10-09T05:57:14Z,70285,6,6,48000,3650,632,0,1,10,10,606.0
2026-10-09T05:57:30Z,70301,6,6,48000,3650,573,0,1,10,10,606.0
2026-10-09T05:57:45Z,70317,6,6,48000,3650,615,0,1,10,10,607.5
2026-10-09T05:58:01Z,70332,6,6,48000,3650,366,0,1,10,10,601.5
2026-10-09T05:58:17Z,70348,6,6,48000,3650,385,0,1,10,10,601.5
2026-10-09T05:58:32Z,70364,6,6,48000,3650,652,0,1,10,10,606.0
2026-10-09T05:58:48Z,70379,6,6,48000,3650,620,0,1,10,10,606.0
2026-10-09T05:59:03Z,70395,6,6,48000,3650,826,0,1,10,10,613.5
2026-10-09T05:59:19Z,70411,6,6,48000,3650,874,0,1,10,10,612.0
2026-10-09T05:59:35Z,70426,6,6,48000,3650,856,0,1,10,10,613.5
2026-10-09T05:59:50Z,70442,6,6,48000,3650,903,0,1,10,10,612.0
2026-10-09T06:00:06Z,70457,6,6,48000,3650,830,0,1,10,10,607.5
2026-10-09T06:00:22Z,70473,6,6,48000,3650,927,0,1,10,9,613.5
2026-10-09T06:00:37Z,70489,6,6,48000,3450,939,0,1,9,9,615.0
2026-10-09T06:00:53Z,70504,6,6,48000,3450,1060,0,1,9,9,616.5
2026-10-09T06:01:09Z,70520,6,6,48000,3650,1217,1,1,9,10,618.0
2026-10-09T06:01:24Z,70536,6,6,48000,3650,1210,0,1,10,10,618.0
2026-10-09T06:01:40Z,70551,6,6,48000,3650,1439,0,1,10,10,621.0
2026-10-09T06:01:56Z,70567,6,6,48000,3650,1427,0,1,10,10,624.0
2026-10-09T06:02:12Z,70583,6,6,48000,3650,1735,0,1,10,10,628.5
2026-10-09T06:02:27Z,70599,6,6,48000,3650,1786,0,1,10,10,630.0
2026-10-09T06:02:43Z,70614,6,6,48000,3650,1752,0,1,10,10,628.5
2026-10-09T06:02:59Z,70630,6,6,48000,3650,1810,0,1,10,10,630.0
2026-10-09T06:03:14Z,70646,6,6,48000,3650,1703,0,1,10,10,627.0
2026-10-09T06:03:30Z,70661,6,6,48000,3650,1464,0,1,10,10,624.0
2026-10-09T06:03:46Z,70677,6,6,48000,3650,1443,0,1,10,10,624.0
2026-10-09T06:04:01Z,70693,6,6,48000,3650,1334,0,1,10,10,625.5
2026-10-09T06:04:17Z,70708,6,6,48000,3650,1501,0,1,10,10,622.5
2026-10-09T06:04:33Z,70724,6,6,48000,3650,1850,0,1,10,10,630.0
2026-10-09T06:04:48Z,70740,6,6,48000,3650,1826,0,1,10,10,630.0
2026-10-09T06:05:04Z,70755,6,6,48000,3650,2134,0,1,10,10,634.5
2026-10-09T06:05:20Z,70771,6,6,48000,3650,2163,0,1,10,10,636.0
2026-10-09T06:05:36Z,70787,6,6,48000,3650,2183,0,1,10,10,636.0
2026-10-09T06:05:51Z,70803,6,6,48000,3650,2508,0,1,10,10,645.0
2026-10-09T06:06:07Z,70818,6,6,48000,3650,2433,0,1,10,10,642.0
2026-10-09T06:06:23Z,70834,6,6,48000,3650,2475,0,1,10,10,642.0
2026-10-09T06:06:39Z,70850,6,6,48000,3650,2400,0,1,10,10,639.0
2026-10-09T06:06:54Z,70866,6,6,48000,3650,2157,0,1,10,10,636.0
2026-10-09T06:07:10Z,70881,6,6,48000,3650,2099,0,1,10,10,633.0
2026-10-09T06:07:26Z,70897,6,6,48000,3650,1895,0,1,10,10,631.5
2026-10-09T06:07:41Z,70913,6,6,48000,3650,1773,0,1,10,10,628.5
2026-10-09T06:07:57Z,70928,6,6,48000,3650,1707,0,1,10,10,628.5
2026-10-09T06:08:13Z,70944,6,6,48000,3650,1388,0,1,10,10,622.5
2026-10-09T06:08:28Z,70960,6,6,48000,3650,1456,0,1,10,10,622.5
2026-10-09T06:08:44Z,70975,6,6,48000,3650,1312,0,1,10,10,621.0
2026-10-09T06:09:00Z,70991,6,6,48000,3650,1071,0,1,10,10,616.5
2026-10-09T06:09:15Z,71007,6,6,48000,3650,1097,0,1,10,10,616.5
2026-10-09T06:09:31Z,71022,6,6,48000,3650,1164,0,1,10,10,616.5
2026-10-09T06:09:47Z,71038,6,6,48000,3650,1224,0,1,10,10,619.5
2026-10-09T06:10:02Z,71054,6,6,48000,3650,1267,0,1,10,10,619.5
2026-10-09T06:10:18Z,71069,6,6,48000,3650,1058,0,1,10,10,615.0
2026-10-09T06:10:34Z,71085,6,6,48000,3650,949,0,1,10,10,615.0
2026-10-09T06:10:49Z,71101,6,6,48000,3650,918,0,1,10,10,615.0
2026-10-09T06:11:05Z,71116,6,6,48000,3650,622,0,1,10,10,607.5
2026-10-09T06:11:20Z,71132,6,6,48000,3650,616,0,1,10,10,606.0
2026-10-09T06:11:36Z,71147,6,6,48000,3650,524,0,1,10,10,606.0
2026-10-09T06:11:52Z,71163,6,6,48000,3650,600,0,1,10,10,607.5
2026-10-09T06:12:07Z,71179,6,6,48000,3650,612,0,1,10,10,606.0
2026-10-09T06:12:23Z,71194,6,6,48000,3650,599,0,1,10,10,606.0
2026-10-09T06:12:39Z,71210,6,6,48000,3650,601,0,1,10,10,606.0
2026-10-09T06:12:54Z,71226,6,6,48000,3650,391,0,1,10,10,601.5
2026-10-09T06:13:10Z,71241,6,6,48000,3650,362,1,1,10,10,601.5
2026-10-09T06:13:26Z,71257,6,6,48000,3650,390,0,1,10,10,601.5
2026-10-09T06:13:41Z,71273,6,6,48000,3650,611,0,1,10,10,606.0
2026-10-09T06:13:57Z,71288,6,6,48000,3650,620,0,1,10,10,607.5
2026-10-09T06:14:12Z,71304,6,6,48000,3650,759,0,1,10,10,610.5
2026-10-09T06:14:28Z,71319,6,6,48000,3650,890,0,1,10,10,613.5
2026-10-09T06:14:44Z,71335,6,6,48000,3650,833,0,1,10,10,610.5
2026-10-09T06:14:59Z,71351,6,6,48000,3650,888,0,1,10,10,612.0
2026-10-09T06:15:15Z,71366,6,6,48000,3650,866,0,1,10,10,612.0
2026-10-09T06:15:31Z,71382,6,6,48000,3450,803,0,1,10,9,610.5
2026-10-09T06:15:46Z,71398,6,6,48000,3250,902,0,1,9,8,615.0
2026-10-09T06:16:02Z,71413,6,6,48000,3250,1152,0,1,8,8,618.0
2026-10-09T06:16:18Z,71429,6,6,48000,3650,1241,0,1,8,10,619.5
2026-10-09T06:16:33Z,71445,6,6,48000,3650,1431,0,1,10,10,621.0
2026-10-09T06:16:49Z,71460,6,6,48000,3650,1425,0,1,10,10,621.0
2026-10-09T06:17:05Z,71476,6,6,48000,3650,1668,0,1,10,10,627.0
2026-10-09T06:17:20Z,71492,6,6,48000,3650,1750,0,1,10,10,630.0
2026-10-09T06:17:36Z,71507,6,6,48000,3650,1730,0,1,10,10,628.5
2026-10-09T06:17:52Z,71523,6,6,48000,3650,1831,0,1,10,10,628.5
2026-10-09T06:18:07Z,71539,6,6,48000,3650,1626,0,1,10,10,627.0
2026-10-09T06:18:23Z,71554,6,6,48000,3650,1451,0,1,10,10,622.5
2026-10-09T06:18:39Z,71570,6,6,48000,3650,1379,0,1,10,10,621.0
2026-10-09T06:18:54Z,71586,6,6,48000,3650,1347,0,1,10,10,619.5
2026-10-09T06:19:10Z,71601,6,6,48000,3650,1423,0,1,10,10,621.0
2026-10-09T06:19:26Z,71617,6,6,48000,3650,1413,0,1,10,10,622.5
2026-10-09T06:19:42Z,71633,6,6,48000,3650,1755,0,1,10,10,628.5
2026-10-09T06:19:57Z,71649,6,6,48000,3650,1769,0,1,10,10,630.0
2026-10-09T06:20:13Z,71664,6,6,48000,3650,1973,0,1,10,10,633.0
2026-10-09T06:20:29Z,71680,6,6,48000,3650,2232,0,1,10,10,637.5
2026-10-09T06:20:45Z,71696,6,6,48000,3650,2236,0,1,10,10,637.5
2026-10-09T06:21:00Z,71712,6,6,48000,3650,2486,0,1,10,10,643.5
2026-10-09T06:21:16Z,71727,6,6,48000,3650,2511,0,1,10,10,643.5
2026-10-09T06:21:32Z,71743,6,6,48000,3650,2487,0,1,10,10,640.5
2026-10-09T06:21:47Z,71759,6,6,48000,3650,2081,0,1,10,10,633.0
2026-10-09T06:22:03Z,71774,6,6,48000,3650,2138,0,1,10,10,637.5
2026-10-09T06:22:19Z,71790,6,6,48000,3650,1950,0,1,10,10,633.0
2026-10-09T06:22:35Z,71806,6,6,48000,3650,1782,0,1,10,10,628.5
2026-10-09T06:22:50Z,71822,6,6,48000,3650,1785,0,1,10,10,630.0
2026-10-09T06:23:06Z,71837,6,6,48000,3650,1431,0,1,10,10,621.0
2026-10-09T06:23:22Z,71853,6,6,48000,3650,1410,0,1,10,10,622.5
2026-10-09T06:23:37Z,71869,6,6,48000,3650,1281,0,1,10,10,619.5
2026-10-09T06:23:53Z,71884,6,6,48000,3650,1197,0,1,10,10,616.5
2026-10-09T06:24:09Z,71900,6,6,48000,3650,1097,0,1,10,10,615.0
2026-10-09T06:24:24Z,71916,6,6,48000,3650,1186,0,1,10,10,618.0
2026-10-09T06:24:40Z,71931,6,6,48000,3650,1175,0,1,10,10,616.5
2026-10-09T06:24:56Z,71947,6,6,48000,3650,1164,0,1,10,10,618.0
2026-10-09T06:25:11Z,71963,6,6,48000,3650,1102,0,1,10,10,615.0
2026-10-09T06:25:27Z,71978,6,6,48000,3650,1010,0,1,10,10,615.0
2026-10-09T06:25:42Z,71994,6,6,48000,3650,921,0,1,10,10,613.5
2026-10-09T06:25:58Z,72009,6,6,48000,3650,872,0,1,10,10,612.0
2026-10-09T06:26:14Z,72025,6,6,48000,3650,688,0,1,10,10,607.5
2026-10-09T06:26:29Z,72041,6,6,48000,3650,618,0,1,10,10,606.0
2026-10-09T06:26:45Z,72056,6,6,48000,3650,531,0,1,10,10,606.0
2026-10-09T06:27:01Z,72072,6,6,48000,3650,668,0,1,10,10,606.0
2026-10-09T06:27:16Z,72088,6,6,48000,3650,658,0,1,10,10,607.5
2026-10-09T06:27:32Z,72103,6,6,48000,3650,608,0,1,10,10,606.0
2026-10-09T06:27:48Z,72119,6,6,48000,3650,394,0,1,10,10,601.5
2026-10-09T06:28:03Z,72135,6,6,48000,3650,382,0,1,10,10,600.0
2026-10-09T06:28:19Z,72150,6,6,48000,3650,390,0,1,10,10,601.5
2026-10-09T06:28:35Z,72166,6,6,48000,3650,623,0,1,10,10,606.0
2026-10-09T06:28:50Z,72182,6,6,48000,3650,630,0,1,10,10,607.5
2026-10-09T06:29:06Z,72197,6,6,48000,3650,813,0,1,10,10,610.5
2026-10-09T06:29:21Z,72213,6,6,48000,3650,959,0,1,10,10,613.5
2026-10-09T06:29:37Z,72228,6,6,48000,3650,958,0,1,10,10,613.5
2026-10-09T06:29:53Z,72244,6,6,48000,3650,952,0,1,10,10,615.0
2026-10-09T06:30:08Z,72260,6,6,48000,3650,863,0,1,10,10,613.5
2026-10-09T06:30:24Z,72275,6,6,48000,3650,872,0,1,10,9,612.0
2026-10-09T06:30:40Z,72291,6,6,48000,3450,939,0,1,9,9,612.0
2026-10-09T06:30:55Z,72307,6,6,48000,3450,1041,0,1,9,9,616.5
2026-10-09T06:31:11Z,72322,6,6,48000,3650,1195,0,1,9,10,618.0
2026-10-09T06:31:27Z,72338,6,6,48000,3650,1285,0,1,10,10,618.0
2026-10-09T06:31:43Z,72354,6,6,48000,3650,1472,0,1,10,10,622.5
2026-10-09T06:31:58Z,72370,6,6,48000,3650,1510,0,1,10,10,625.5
2026-10-09T06:32:14Z,72385,6,6,48000,3650,1783,0,1,10,10,627.0
2026-10-09T06:32:30Z,72401,6,6,48000,3650,1846,0,1,10,10,631.5
2026-10-09T06:32:45Z,72417,6,6,48000,3650,1845,0,1,10,10,630.0
2026-10-09T06:33:01Z,72432,6,6,48000,3650,1756,0,1,10,10,628.5
2026-10-09T06:33:17Z,72448,6,6,48000,3650,1505,0,1,10,10,624.0
2026-10-09T06:33:33Z,72464,6,6,48000,3650,1523,0,1,10,10,624.0
2026-10-09T06:33:48Z,72480,6,6,48000,3650,1359,0,1,10,10,619.5
2026-10-09T06:34:04Z,72495,6,6,48000,3650,1570,0,1,10,10,625.5
2026-10-09T06:34:20Z,72511,6,6,48000,3650,1528,0,1,10,10,625.5
2026-10-09T06:34:35Z,72527,6,6,48000,3650,1752,0,1,10,10,628.5
2026-10-09T06:34:51Z,72542,6,6,48000,3650,1938,0,1,10,10,631.5
2026-10-09T06:35:07Z,72558,6,6,48000,3650,2039,0,1,10,10,636.0
2026-10-09T06:35:23Z,72574,6,6,48000,3650,2170,0,1,10,10,636.0
2026-10-09T06:35:38Z,72590,6,6,48000,3650,2256,0,1,10,10,636.0
2026-10-09T06:35:54Z,72605,6,6,48000,3650,2446,0,1,10,10,642.0
2026-10-09T06:36:10Z,72621,6,6,48000,3650,2436,0,1,10,10,640.5
2026-10-09T06:36:26Z,72637,6,6,48000,3650,2475,0,1,10,10,643.5
2026-10-09T06:36:41Z,72653,6,6,48000,3650,2426,0,1,10,10,642.0
2026-10-09T06:36:57Z,72668,6,6,48000,3650,2236,0,1,10,10,639.0
2026-10-09T06:37:13Z,72684,6,6,48000,3650,2095,0,1,10,10,636.0
2026-10-09T06:37:29Z,72700,6,6,48000,3650,1948,0,1,10,10,631.5
2026-10-09T06:37:44Z,72716,6,6,48000,3650,1806,0,1,10,10,630.0
2026-10-09T06:38:00Z,72731,6,6,48000,3650,1746,0,1,10,10,628.5
2026-10-09T06:38:16Z,72747,6,6,48000,3650,1476,0,1,10,10,624.0
2026-10-09T06:38:31Z,72763,6,6,48000,3650,1471,0,1,10,10,619.5
2026-10-09T06:38:47Z,72778,6,6,48000,3650,1225,0,1,10,10,618.0
2026-10-09T06:39:03Z,72794,6,6,48000,3650,1160,0,1,10,10,616.5
2026-10-09T06:39:18Z,72810,6,6,48000,3650,1140,0,1,10,10,618.0
2026-10-09T06:39:34Z,72825,6,6,48000,3650,1247,0,1,10,10,619.5
2026-10-09T06:39:50Z,72841,6,6,48000,3650,1169,0,1,10,10,618.0
2026-10-09T06:40:05Z,72857,6,6,48000,3650,1200,0,1,10,10,618.0
2026-10-09T06:40:21Z,72872,6,6,48000,3650,1093,0,1,10,10,616.5
2026-10-09T06:40:37Z,72888,6,6,48000,3650,969,0,1,10,10,615.0
2026-10-09T06:40:52Z,72904,6,6,48000,3650,901,0,1,10,10,613.5
2026-10-09T06:41:08Z,72919,6,6,48000,3650,665,0,1,10,10,607.5
2026-10-09T06:41:24Z,72935,6,6,48000,3650,618,0,1,10,10,606.0
2026-10-09T06:41:39Z,72951,6,6,48000,3650,552,0,1,10,10,606.0
2026-10-09T06:41:55Z,72966,6,6,48000,3650,626,0,1,10,10,607.5
2026-10-09T06:42:10Z,72982,6,6,48000,3650,630,0,1,10,10,607.5
2026-10-09T06:42:26Z,72997,6,6,48000,3650,629,0,1,10,10,607.5
2026-10-09T06:42:42Z,73013,6,6,48000,3650,631,0,1,10,10,606.0
2026-10-09T06:42:57Z,73029,6,6,48000,3650,426,0,1,10,10,603.0
2026-10-09T06:43:13Z,73044,6,6,48000,3650,367,1,1,10,10,601.5
2026-10-09T06:43:29Z,73060,6,6,48000,3650,373,0,1,10,10,603.0
2026-10-09T06:43:44Z,73076,6,6,48000,3650,589,0,1,10,10,607.5
2026-10-09T06:44:00Z,73091,6,6,48000,3650,607,0,1,10,10,607.5
2026-10-09T06:44:16Z,73107,6,6,48000,3650,745,0,1,10,10,612.0
2026-10-09T06:44:31Z,73123,6,6,48000,3650,925,0,1,10,10,612.0
2026-10-09T06:44:47Z,73138,6,6,48000,3650,941,0,1,10,10,615.0
2026-10-09T06:45:03Z,73154,6,6,48000,3650,832,0,1,10,10,613.5
2026-10-09T06:45:18Z,73170,6,6,48000,3650,838,0,1,10,10,612.0
2026-10-09T06:45:34Z,73185,6,6,48000,3650,939,0,1,10,10,615.0
2026-10-09T06:45:50Z,73201,6,6,48000,3450,1007,0,1,10,9,613.5
2026-10-09T06:46:05Z,73217,6,6,48000,3450,1170,0,1,9,9,618.0
2026-10-09T06:46:21Z,73232,6,6,48000,3450,1184,0,1,9,9,618.0
2026-10-09T06:46:37Z,73248,6,6,48000,3650,1447,0,1,9,10,624.0
2026-10-09T06:46:52Z,73264,6,6,48000,3650,1464,0,1,10,10,622.5
2026-10-09T06:47:08Z,73279,6,6,48000,3650,1619,0,1,10,10,625.5
2026-10-09T06:47:24Z,73295,6,6,48000,3650,1713,0,1,10,10,625.5
2026-10-09T06:47:40Z,73311,6,6,48000,3650,1777,0,1,10,10,631.5
2026-10-09T06:47:56Z,73327,6,6,48000,3650,1756,0,1,10,10,628.5
2026-10-09T06:48:11Z,73343,6,6,48000,3650,1767,0,1,10,10,628.5
2026-10-09T06:48:27Z,73358,6,6,48000,3650,1512,0,1,10,10,624.0
2026-10-09T06:48:43Z,73374,6,6,48000,3650,1434,0,1,10,10,621.0
2026-10-09T06:48:58Z,73390,6,6,48000,3650,1399,0,1,10,10,621.0
2026-10-09T06:49:14Z,73405,6,6,48000,3650,1471,1,1,10,10,622.5
2026-10-09T06:49:30Z,73421,6,6,48000,3650,1511,0,1,10,10,624.0
2026-10-09T06:49:45Z,73437,6,6,48000,3650,1806,0,1,10,10,630.0
2026-10-09T06:50:01Z,73452,6,6,48000,3650,1881,0,1,10,10,630.0
2026-10-09T06:50:17Z,73468,6,6,48000,3650,2220,0,1,10,10,637.5
2026-10-09T06:50:33Z,73484,6,6,48000,3650,2126,0,1,10,10,634.5
2026-10-09T06:50:48Z,73500,6,6,48000,3650,2475,0,1,10,10,643.5
2026-10-09T06:51:04Z,73515,6,6,48000,3650,2451,0,1,10,10,642.0
2026-10-09T06:51:20Z,73531,6,6,48000,3650,2550,0,1,10,10,645.0
2026-10-09T06:51:36Z,73547,6,6,48000,3650,2487,0,1,10,10,642.0
2026-10-09T06:51:51Z,73563,6,6,48000,3650,2237,0,1,10,10,637.5
2026-10-09T06:52:07Z,73578,6,6,48000,3650,2235,0,1,10,10,637.5
2026-10-09T06:52:23Z,73594,6,6,48000,3650,1978,0,1,10,10,631.5
2026-10-09T06:52:39Z,73610,6,6,48000,3650,1844,0,1,10,10,631.5
2026-10-09T06:52:54Z,73626,6,6,48000,3650,1764,0,1,10,10,628.5
2026-10-09T06:53:10Z,73641,6,6,48000,3650,1492,0,1,10,10,622.5
2026-10-09T06:53:26Z,73657,6,6,48000,3650,1471,0,1,10,10,622.5
2026-10-09T06:53:42Z,73673,6,6,48000,3650,1398,0,1,10,10,621.0
2026-10-09T06:53:57Z,73689,6,6,48000,3650,1133,0,1,10,10,618.0
2026-10-09T06:54:13Z,73704,6,6,48000,3650,1153,0,1,10,10,616.5
2026-10-09T06:54:29Z,73720,6,6,48000,3650,1085,0,1,10,10,616.5
2026-10-09T06:54:44Z,73736,6,6,48000,3650,1146,0,1,10,10,615.0
2026-10-09T06:55:00Z,73751,6,6,48000,3650,1191,0,1,10,10,618.0
2026-10-09T06:55:16Z,73767,6,6,48000,3650,1141,0,1,10,10,616.5
2026-10-09T06:55:31Z,73783,6,6,48000,3650,1138,0,1,10,10,612.0
2026-10-09T06:55:47Z,73798,6,6,48000,3650,937,0,1,10,10,613.5
2026-10-09T06:56:03Z,73814,6,6,48000,3650,712,0,1,10,10,609.0
2026-10-09T06:56:18Z,73830,6,6,48000,3650,673,0,1,10,10,609.0
2026-10-09T06:56:34Z,73845,6,6,48000,3650,589,0,1,10,10,606.0
2026-10-09T06:56:50Z,73861,6,6,48000,3650,644,0,1,10,10,607.5
2026-10-09T06:57:05Z,73877,6,6,48000,3650,675,0,1,10,10,607.5
2026-10-09T06:57:21Z,73892,6,6,48000,3650,648,0,1,10,10,606.0
2026-10-09T06:57:36Z,73908,6,6,48000,3650,673,0,1,10,10,607.5
2026-10-09T06:57:52Z,73923,6,6,48000,3650,500,0,1,10,10,604.5
2026-10-09T06:58:08Z,73939,6,6,48000,3650,403,0,1,10,10,603.0
2026-10-09T06:58:23Z,73955,6,6,48000,3650,393,0,1,10,10,601.5
2026-10-09T06:58:40Z,73970,6,6,48000,3650,637,0,1,10,10,607.5
2026-10-09T06:58:55Z,73987,6,6,48000,3650,697,0,1,10,10,607.5
2026-10-09T06:59:11Z,74002,6,6,48000,3650,798,0,1,10,10,610.5
2026-10-09T06:59:27Z,74018,6,6,48000,3650,990,0,1,10,10,613.5
2026-10-09T06:59:43Z,74034,6,6,48000,3650,1053,0,1,10,10,615.0
2026-10-09T06:59:58Z,74050,6,6,48000,3650,924,0,1,10,10,613.5
2026-10-09T07:00:14Z,74065,6,6,48000,3650,1041,0,1,10,10,615.0
2026-10-09T07:00:30Z,74081,6,6,48000,3650,919,0,1,10,10,613.5
2026-10-09T07:00:45Z,74097,6,6,48000,3650,947,0,1,10,10,613.5
2026-10-09T07:01:01Z,74112,6,6,48000,3650,995,0,1,10,10,613.5
2026-10-09T07:01:17Z,74128,6,6,48000,3650,1221,0,1,10,10,618.0
2026-10-09T07:01:33Z,74144,6,6,48000,3650,1568,0,1,10,10,625.5
2026-10-09T07:01:48Z,74160,6,6,48000,3650,1605,0,1,10,10,625.5
2026-10-09T07:02:04Z,74175,6,6,48000,3650,1795,0,1,10,10,628.5
2026-10-09T07:02:20Z,74191,6,6,48000,3650,1877,0,1,10,10,630.0
2026-10-09T07:02:35Z,74207,6,6,48000,3650,1767,0,1,10,10,630.0
2026-10-09T07:02:51Z,74222,6,6,48000,3650,1722,0,1,10,10,627.0
2026-10-09T07:03:07Z,74238,6,6,48000,3650,1869,0,1,10,10,631.5
2026-10-09T07:03:22Z,74254,6,6,48000,3650,1453,0,1,10,10,622.5
2026-10-09T07:03:38Z,74269,6,6,48000,3650,1492,0,1,10,10,625.5
2026-10-09T07:03:54Z,74285,6,6,48000,3650,1336,0,1,10,10,619.5
2026-10-09T07:04:10Z,74301,6,6,48000,3650,1408,0,1,10,10,624.0
2026-10-09T07:04:25Z,74317,6,6,48000,3650,1520,0,1,10,10,624.0
2026-10-09T07:04:41Z,74332,6,6,48000,3650,1723,0,1,10,10,628.5
2026-10-09T07:04:57Z,74348,6,6,48000,3650,1797,0,1,10,10,630.0
2026-10-09T07:05:12Z,74364,6,6,48000,3650,1918,0,1,10,10,631.5
2026-10-09T07:05:28Z,74379,6,6,48000,3650,2211,0,1,10,10,636.0
2026-10-09T07:05:44Z,74395,6,6,48000,3650,2082,0,1,10,10,634.5
2026-10-09T07:06:00Z,74411,6,6,48000,3650,2512,0,1,10,10,643.5
2026-10-09T07:06:16Z,74427,6,6,48000,3650,2473,0,1,10,10,640.5
2026-10-09T07:06:32Z,74443,6,6,48000,3650,2526,0,1,10,10,643.5
2026-10-09T07:06:47Z,74459,6,6,48000,3650,2362,0,1,10,10,642.0
2026-10-09T07:07:03Z,74474,6,6,48000,3650,2150,0,1,10,10,636.0
2026-10-09T07:07:19Z,74490,6,6,48000,3650,2060,0,1,10,10,633.0
2026-10-09T07:07:34Z,74506,6,6,48000,3650,1804,0,1,10,10,628.5
2026-10-09T07:07:50Z,74521,6,6,48000,3650,1745,0,1,10,10,627.0
2026-10-09T07:08:06Z,74537,6,6,48000,3650,1610,0,1,10,10,625.5
2026-10-09T07:08:21Z,74553,6,6,48000,3650,1541,0,1,10,10,624.0
2026-10-09T07:08:37Z,74568,6,6,48000,3650,1478,0,1,10,10,624.0
2026-10-09T07:08:53Z,74584,6,6,48000,3650,1219,0,1,10,10,618.0
2026-10-09T07:09:08Z,74600,6,6,48000,3650,1242,0,1,10,10,618.0
2026-10-09T07:09:24Z,74615,6,6,48000,3650,1081,0,1,10,10,615.0
2026-10-09T07:09:40Z,74631,6,6,48000,3650,1183,0,1,10,10,619.5
2026-10-09T07:09:55Z,74647,6,6,48000,3650,1184,0,1,10,10,618.0
2026-10-09T07:10:11Z,74662,6,6,48000,3650,1202,0,1,10,10,618.0
2026-10-09T07:10:27Z,74678,6,6,48000,3650,1129,0,1,10,10,616.5
2026-10-09T07:10:42Z,74694,6,6,48000,3650,924,0,1,10,10,613.5
2026-10-09T07:10:58Z,74709,6,6,48000,3650,946,0,1,10,10,615.0
2026-10-09T07:11:14Z,74725,6,6,48000,3650,755,0,1,10,10,610.5
2026-10-09T07:11:29Z,74741,6,6,48000,3650,637,0,1,10,10,607.5
2026-10-09T07:11:45Z,74756,6,6,48000,3650,588,0,1,10,10,606.0
2026-10-09T07:12:01Z,74772,6,6,48000,3650,618,0,1,10,10,606.0
2026-10-09T07:12:16Z,74788,6,6,48000,3650,617,0,1,10,10,606.0
2026-10-09T07:12:32Z,74803,6,6,48000,3650,585,0,1,10,10,606.0
2026-10-09T07:12:48Z,74819,6,6,48000,3650,511,0,1,10,10,604.5
2026-10-09T07:13:03Z,74835,6,6,48000,3650,394,0,1,10,10,603.0
2026-10-09T07:13:19Z,74850,6,6,48000,3650,378,0,1,10,10,600.0
2026-10-09T07:13:35Z,74866,6,6,48000,3650,575,0,1,10,10,606.0
2026-10-09T07:13:50Z,74882,6,6,48000,3650,633,0,1,10,10,607.5
2026-10-09T07:14:06Z,74897,6,6,48000,3650,669,0,1,10,10,607.5
2026-10-09T07:14:22Z,74913,6,6,48000,3650,894,0,1,10,10,615.0
2026-10-09T07:14:37Z,74929,6,6,48000,3650,899,0,1,10,10,612.0
2026-10-09T07:14:53Z,74944,6,6,48000,3650,905,0,1,10,10,615.0
2026-10-09T07:15:09Z,74960,6,6,48000,3650,937,0,1,10,10,613.5
2026-10-09T07:15:24Z,74976,6,6,48000,3650,824,0,1,10,10,613.5
2026-10-09T07:15:40Z,74991,6,6,48000,3450,849,0,1,10,9,613.5
2026-10-09T07:15:55Z,75007,6,6,48000,3450,992,0,1,9,9,613.5
2026-10-09T07:16:11Z,75022,6,6,48000,3450,1191,0,1,9,9,618.0
2026-10-09T07:16:27Z,75038,6,6,48000,3650,1222,0,1,10,10,618.0
2026-10-09T07:16:42Z,75054,6,6,48000,3650,1412,0,1,10,10,622.5
2026-10-09T07:16:58Z,75069,6,6,48000,3650,1513,0,1,10,10,622.5
2026-10-09T07:17:14Z,75085,6,6,48000,3650,1472,0,1,10,10,624.0
2026-10-09T07:17:30Z,75101,6,6,48000,3650,1824,0,1,10,10,631.5
2026-10-09T07:17:45Z,75117,6,6,48000,3650,1852,0,1,10,10,631.5
2026-10-09T07:18:01Z,75132,6,6,48000,3650,1770,0,1,10,10,628.5
2026-10-09T07:18:17Z,75148,6,6,48000,3650,1524,0,1,10,10,625.5
2026-10-09T07:18:32Z,75164,6,6,48000,3650,1577,0,1,10,10,627.0
2026-10-09T07:18:48Z,75179,6,6,48000,3650,1354,0,1,10,10,621.0
2026-10-09T07:19:04Z,75195,6,6,48000,3650,1495,0,1,10,10,622.5
2026-10-09T07:19:19Z,75211,6,6,48000,3650,1535,0,1,10,10,622.5
2026-10-09T07:19:35Z,75226,6,6,48000,3650,1735,0,1,10,10,628.5
2026-10-09T07:19:51Z,75242,6,6,48000,3650,1877,0,1,10,10,630.0
2026-10-09T07:20:07Z,75258,6,6,48000,3650,1885,0,1,10,10,631.5
2026-10-09T07:20:22Z,75274,6,6,48000,3650,2221,0,1,10,10,637.5
2026-10-09T07:20:38Z,75289,6,6,48000,3650,2278,0,1,10,10,637.5
2026-10-09T07:20:54Z,75305,6,6,48000,3650,2485,0,1,10,10,642.0
2026-10-09T07:21:10Z,75321,6,6,48000,3650,2566,0,1,10,10,646.5
2026-10-09T07:21:25Z,75337,6,6,48000,3650,2486,0,1,10,10,643.5
2026-10-09T07:21:41Z,75352,6,6,48000,3650,2414,0,1,10,10,640.5
2026-10-09T07:21:57Z,75368,6,6,48000,3650,2347,0,1,10,10,639.0
2026-10-09T07:22:12Z,75384,6,6,48000,3650,2141,0,1,10,10,636.0
2026-10-09T07:22:28Z,75399,6,6,48000,3650,2088,0,1,10,10,634.5
2026-10-09T07:22:44Z,75415,6,6,48000,3650,1837,0,1,10,10,628.5
2026-10-09T07:23:00Z,75431,6,6,48000,3650,1782,0,1,10,10,630.0
2026-10-09T07:23:15Z,75447,6,6,48000,3650,1601,0,1,10,10,625.5
2026-10-09T07:23:31Z,75462,6,6,48000,3650,1431,0,1,10,10,622.5
2026-10-09T07:23:47Z,75478,6,6,48000,3650,1192,0,1,10,10,615.0
2026-10-09T07:24:02Z,75494,6,6,48000,3650,1168,0,1,10,10,618.0
2026-10-09T07:24:18Z,75509,6,6,48000,3650,1101,0,1,10,10,615.0
2026-10-09T07:24:34Z,75525,6,6,48000,3650,1184,0,1,10,10,616.5
2026-10-09T07:24:49Z,75541,6,6,48000,3650,1173,0,1,10,10,616.5
2026-10-09T07:25:05Z,75556,6,6,48000,3650,1223,0,1,10,10,618.0
2026-10-09T07:25:21Z,75572,6,6,48000,3650,1160,0,1,10,10,616.5
2026-10-09T07:25:36Z,75588,6,6,48000,3650,948,0,1,10,10,613.5
2026-10-09T07:25:52Z,75603,6,6,48000,3650,909,0,1,10,10,613.5
2026-10-09T07:26:08Z,75619,6,6,48000,3650,718,0,1,10,10,606.0
2026-10-09T07:26:23Z,75635,6,6,48000,3650,649,0,1,10,10,607.5
2026-10-09T07:26:39Z,75650,6,6,48000,3650,592,0,1,10,10,606.0
2026-10-09T07:26:54Z,75666,6,6,48000,3650,556,0,1,10,10,606.0
2026-10-09T07:27:10Z,75681,6,6,48000,3650,656,0,1,10,10,607.5
2026-10-09T07:27:26Z,75697,6,6,48000,3650,587,0,1,10,10,606.0
2026-10-09T07:27:41Z,75713,6,6,48000,3650,612,0,1,10,10,607.5
2026-10-09T07:27:57Z,75728,6,6,48000,3650,541,0,1,10,10,606.0
2026-10-09T07:28:13Z,75744,6,6,48000,3650,370,0,1,10,10,601.5
2026-10-09T07:28:28Z,75760,6,6,48000,3650,355,0,1,10,10,601.5
2026-10-09T07:28:44Z,75775,6,6,48000,3650,505,0,1,10,10,604.5
2026-10-09T07:29:00Z,75791,6,6,48000,3650,611,0,1,10,10,606.0
2026-10-09T07:29:15Z,75807,6,6,48000,3650,659,0,1,10,10,609.0
2026-10-09T07:29:31Z,75822,6,6,48000,3650,863,0,1,10,10,613.5
2026-10-09T07:29:47Z,75838,6,6,48000,3650,877,0,1,10,10,615.0
2026-10-09T07:30:02Z,75854,6,6,48000,3650,878,0,1,10,10,613.5
2026-10-09T07:30:18Z,75869,6,6,48000,3650,777,0,1,10,10,609.0
2026-10-09T07:30:34Z,75885,6,6,48000,3650,881,0,1,10,10,613.5
2026-10-09T07:30:49Z,75901,6,6,48000,3450,954,0,1,10,9,615.0
2026-10-09T07:31:05Z,75917,6,6,48000,3450,1190,0,1,9,9,618.0
2026-10-09T07:31:21Z,75932,6,6,48000,3450,1191,0,1,9,9,618.0
2026-10-09T07:31:37Z,75948,6,6,48000,3650,1378,0,1,9,10,621.0
2026-10-09T07:31:52Z,75964,6,6,48000,3650,1466,0,1,10,10,622.5
2026-10-09T07:32:08Z,75979,6,6,48000,3650,1551,0,1,10,10,624.0
2026-10-09T07:32:24Z,75995,6,6,48000,3650,1879,0,1,10,10,631.5
2026-10-09T07:32:40Z,76011,6,6,48000,3650,1920,0,1,10,10,630.0
2026-10-09T07:32:55Z,76027,6,6,48000,3650,1921,0,1,10,10,633.0
2026-10-09T07:33:11Z,76042,6,6,48000,3650,1940,0,1,10,10,633.0
2026-10-09T07:33:27Z,76058,6,6,48000,3650,1614,0,1,10,10,625.5
2026-10-09T07:33:43Z,76074,6,6,48000,3650,1567,1,1,10,10,624.0
2026-10-09T07:33:58Z,76090,6,6,48000,3650,1438,0,1,10,10,624.0
2026-10-09T07:34:14Z,76105,6,6,48000,3650,1511,0,1,10,10,624.0
2026-10-09T07:34:30Z,76121,6,6,48000,3650,1466,0,1,10,10,622.5
2026-10-09T07:34:45Z,76137,6,6,48000,3650,1658,0,1,10,10,627.0
2026-10-09T07:35:01Z,76152,6,6,48000,3650,1839,0,1,10,10,630.0
2026-10-09T07:35:17Z,76168,6,6,48000,3650,2127,0,1,10,10,636.0
2026-10-09T07:35:33Z,76184,6,6,48000,3650,2167,0,1,10,10,636.0
2026-10-09T07:35:48Z,76200,6,6,48000,3650,2370,0,1,10,10,640.5
2026-10-09T07:36:04Z,76215,6,6,48000,3650,2643,0,1,10,10,645.0
2026-10-09T07:36:20Z,76231,6,6,48000,3650,2444,0,1,10,10,640.5
2026-10-09T07:36:36Z,76247,6,6,48000,3650,2560,0,1,10,10,643.5
2026-10-09T07:36:51Z,76263,6,6,48000,3650,2485,0,1,10,10,640.5
2026-10-09T07:37:07Z,76278,6,6,48000,3650,2167,0,1,10,10,634.5
2026-10-09T07:37:23Z,76294,6,6,48000,3650,2060,0,1,10,10,634.5
2026-10-09T07:37:38Z,76310,6,6,48000,3650,1821,0,1,10,10,631.5
2026-10-09T07:37:54Z,76325,6,6,48000,3650,1790,0,1,10,10,628.5
2026-10-09T07:38:10Z,76341,6,6,48000,3650,1637,0,1,10,10,627.0
2026-10-09T07:38:25Z,76357,6,6,48000,3650,1460,0,1,10,10,624.0
2026-10-09T07:38:41Z,76372,6,6,48000,3650,1477,0,1,10,10,622.5
2026-10-09T07:38:57Z,76388,6,6,48000,3650,1190,0,1,10,10,619.5
2026-10-09T07:39:12Z,76404,6,6,48000,3650,1146,0,1,10,10,616.5
2026-10-09T07:39:28Z,76419,6,6,48000,3650,1087,0,1,10,10,616.5
2026-10-09T07:39:44Z,76435,6,6,48000,3650,1227,0,1,10,10,616.5
2026-10-09T07:40:00Z,76451,6,6,48000,3650,1178,0,1,10,10,616.5
2026-10-09T07:40:15Z,76467,6,6,48000,3650,1272,0,1,10,10,619.5
2026-10-09T07:40:31Z,76482,6,6,48000,3650,1207,0,1,10,10,616.5
2026-10-09T07:40:47Z,76498,6,6,48000,3650,920,0,1,10,10,612.0
2026-10-09T07:41:02Z,76514,6,6,48000,3650,810,0,1,10,10,612.0
2026-10-09T07:41:18Z,76529,6,6,48000,3650,642,0,1,10,10,607.5
2026-10-09T07:41:34Z,76545,6,6,48000,3650,685,0,1,10,10,607.5
2026-10-09T07:41:50Z,76561,6,6,48000,3650,547,0,1,10,10,604.5
2026-10-09T07:42:05Z,76577,6,6,48000,3650,618,0,1,10,10,606.0
2026-10-09T07:42:21Z,76592,6,6,48000,3650,635,0,1,10,10,606.0
2026-10-09T07:42:36Z,76608,6,6,48000,3650,593,0,1,10,10,606.0
2026-10-09T07:42:52Z,76623,6,6,48000,3650,575,0,1,10,10,607.5
2026-10-09T07:43:08Z,76639,6,6,48000,3650,399,0,1,10,10,601.5
2026-10-09T07:43:23Z,76655,6,6,48000,3650,327,0,1,10,10,600.0
2026-10-09T07:43:39Z,76670,6,6,48000,3650,515,0,1,10,10,607.5
2026-10-09T07:43:55Z,76686,6,6,48000,3650,673,0,1,10,10,607.5
2026-10-09T07:44:11Z,76702,6,6,48000,3650,625,0,1,10,10,606.0
2026-10-09T07:44:26Z,76718,6,6,48000,3650,858,0,1,10,10,612.0
2026-10-09T07:44:42Z,76733,6,6,48000,3650,924,0,1,10,10,612.0
2026-10-09T07:44:58Z,76749,6,6,48000,3650,872,0,1,10,10,612.0
2026-10-09T07:45:13Z,76765,6,6,48000,3650,908,0,1,10,10,612.0
2026-10-09T07:45:29Z,76780,6,6,48000,3650,808,0,1,10,10,609.0
2026-10-09T07:45:45Z,76796,6,6,48000,3650,891,0,1,10,9,613.5
2026-10-09T07:46:01Z,76812,6,6,48000,3450,920,0,1,9,9,615.0
2026-10-09T07:46:16Z,76828,6,6,48000,3450,1165,0,1,9,9,618.0
2026-10-09T07:46:32Z,76843,6,6,48000,3650,1283,0,1,9,10,619.5
2026-10-09T07:46:48Z,76859,6,6,48000,3650,1458,0,1,10,10,622.5
2026-10-09T07:47:03Z,76875,6,6,48000,3650,1481,0,1,10,10,621.0
2026-10-09T07:47:19Z,76890,6,6,48000,3650,1752,0,1,10,10,630.0
2026-10-09T07:47:35Z,76906,6,6,48000,3650,1795,0,1,10,10,628.5
2026-10-09T07:47:50Z,76922,6,6,48000,3650,1733,0,1,10,10,628.5
2026-10-09T07:48:06Z,76937,6,6,48000,3650,1775,0,1,10,10,630.0
2026-10-09T07:48:22Z,76953,6,6,48000,3650,1603,0,1,10,10,625.5
2026-10-09T07:48:37Z,76969,6,6,48000,3650,1509,0,1,10,10,624.0
2026-10-09T07:48:53Z,76984,6,6,48000,3650,1380,0,1,10,10,621.0
2026-10-09T07:49:09Z,77000,6,6,48000,3650,1381,0,1,10,10,622.5
2026-10-09T07:49:25Z,77016,6,6,48000,3650,1507,0,1,10,10,622.5
2026-10-09T07:49:40Z,77032,6,6,48000,3650,1597,0,1,10,10,625.5
2026-10-09T07:49:56Z,77047,6,6,48000,3650,1726,1,1,10,10,627.0
2026-10-09T07:50:12Z,77063,6,6,48000,3650,1850,0,1,10,10,630.0
2026-10-09T07:50:28Z,77079,6,6,48000,3650,2000,0,1,10,10,633.0
2026-10-09T07:50:43Z,77095,6,6,48000,3650,2152,0,1,10,10,636.0
2026-10-09T07:50:59Z,77110,6,6,48000,3650,2333,0,1,10,10,639.0
2026-10-09T07:51:15Z,77126,6,6,48000,3650,2465,0,1,10,10,642.0
2026-10-09T07:51:31Z,77142,6,6,48000,3650,2437,0,1,10,10,640.5
2026-10-09T07:51:46Z,77158,6,6,48000,3650,2650,0,1,10,10,639.0
2026-10-09T07:52:02Z,77173,6,6,48000,3650,2119,0,1,10,10,636.0
2026-10-09T07:52:18Z,77189,6,6,48000,3650,2158,0,1,10,10,637.5
2026-10-09T07:52:33Z,77205,6,6,48000,3650,1829,0,1,10,10,628.5
2026-10-09T07:52:49Z,77220,6,6,48000,3650,1785,0,1,10,10,630.0
2026-10-09T07:53:05Z,77236,6,6,48000,3650,1608,0,1,10,10,627.0
2026-10-09T07:53:21Z,77252,6,6,48000,3650,1392,0,1,10,10,622.5
2026-10-09T07:53:36Z,77268,6,6,48000,3650,1386,0,1,10,10,622.5
2026-10-09T07:53:52Z,77283,6,6,48000,3650,1231,0,1,10,10,619.5
2026-10-09T07:54:07Z,77299,6,6,48000,3650,1118,0,1,10,10,616.5
2026-10-09T07:54:23Z,77314,6,6,48000,3650,1104,0,1,10,10,616.5
2026-10-09T07:54:39Z,77330,6,6,48000,3650,1188,0,1,10,10,616.5
2026-10-09T07:54:54Z,77346,6,6,48000,3650,1190,0,1,10,10,616.5
2026-10-09T07:55:10Z,77361,6,6,48000,3650,1219,0,1,10,10,619.5
2026-10-09T07:55:26Z,77377,6,6,48000,3650,1246,0,1,10,10,618.0
2026-10-09T07:55:41Z,77393,6,6,48000,3650,980,0,1,10,10,615.0
2026-10-09T07:55:57Z,77408,6,6,48000,3650,891,0,1,10,10,615.0
2026-10-09T07:56:13Z,77424,6,6,48000,3650,842,0,1,10,10,610.5
2026-10-09T07:56:28Z,77440,6,6,48000,3650,647,0,1,10,10,606.0
2026-10-09T07:56:44Z,77455,6,6,48000,3650,633,0,1,10,10,607.5
2026-10-09T07:57:00Z,77471,6,6,48000,3650,512,0,1,10,10,606.0
2026-10-09T07:57:15Z,77487,6,6,48000,3650,655,0,1,10,10,607.5
2026-10-09T07:57:31Z,77502,6,6,48000,3650,625,0,1,10,10,607.5
2026-10-09T07:57:47Z,77518,6,6,48000,3650,577,0,1,10,10,607.5
2026-10-09T07:58:02Z,77534,6,6,48000,3650,410,0,1,10,10,603.0
2026-10-09T07:58:18Z,77549,6,6,48000,3650,359,0,1,10,10,603.0
2026-10-09T07:58:34Z,77565,6,6,48000,3650,424,0,1,10,10,604.5
2026-10-09T07:58:49Z,77581,6,6,48000,3650,603,0,1,10,10,606.0
2026-10-09T07:59:05Z,77596,6,6,48000,3650,667,0,1,10,10,607.5
2026-10-09T07:59:21Z,77612,6,6,48000,3650,838,0,1,10,10,610.5
2026-10-09T07:59:36Z,77628,6,6,48000,3650,962,0,1,10,10,615.0
2026-10-09T07:59:52Z,77643,6,6,48000,3650,912,0,1,10,10,613.5
2026-10-09T08:00:07Z,77659,6,6,48000,3650,946,0,1,10,10,613.5
2026-10-09T08:00:23Z,77674,6,6,48000,3650,797,0,1,10,10,610.5
2026-10-09T08:00:39Z,77690,6,6,48000,3650,864,0,1,10,10,612.0
2026-10-09T08:00:54Z,77706,6,6,48000,3450,855,0,1,10,9,613.5
2026-10-09T08:01:10Z,77721,6,6,48000,3450,1237,0,1,9,9,618.0
2026-10-09T08:01:26Z,77737,6,6,48000,3450,1231,0,1,9,9,618.0
2026-10-09T08:01:42Z,77753,6,6,48000,3650,1324,0,1,9,10,619.5
2026-10-09T08:01:57Z,77769,6,6,48000,3650,1542,1,1,10,10,625.5
2026-10-09T08:02:13Z,77784,6,6,48000,3650,1454,0,1,10,10,622.5
2026-10-09T08:02:29Z,77800,6,6,48000,3650,1786,0,1,10,10,628.5
2026-10-09T08:02:44Z,77816,6,6,48000,3650,1752,0,1,10,10,628.5
2026-10-09T08:03:00Z,77831,6,6,48000,3650,1803,0,1,10,10,630.0
2026-10-09T08:03:16Z,77847,6,6,48000,3650,1823,0,1,10,10,630.0
2026-10-09T08:03:31Z,77863,6,6,48000,3650,1566,0,1,10,10,625.5
2026-10-09T08:03:47Z,77878,6,6,48000,3650,1401,0,1,10,10,621.0
2026-10-09T08:04:03Z,77894,6,6,48000,3650,1563,0,1,10,10,625.5
2026-10-09T08:04:19Z,77910,6,6,48000,3650,1602,0,1,10,10,627.0
2026-10-09T08:04:34Z,77926,6,6,48000,3650,1637,0,1,10,10,625.5
2026-10-09T08:04:50Z,77941,6,6,48000,3650,1884,0,1,10,10,630.0
2026-10-09T08:05:06Z,77957,6,6,48000,3650,1774,0,1,10,10,628.5
2026-10-09T08:05:21Z,77973,6,6,48000,3650,2128,0,1,10,10,636.0
2026-10-09T08:05:37Z,77988,6,6,48000,3650,2074,0,1,10,10,634.5
2026-10-09T08:05:53Z,78004,6,6,48000,3650,2334,0,1,10,10,640.5
2026-10-09T08:06:09Z,78020,6,6,48000,3650,2575,0,1,10,10,643.5
2026-10-09T08:06:24Z,78036,6,6,48000,3650,2574,0,1,10,10,645.0
2026-10-09T08:06:40Z,78051,6,6,48000,3650,2509,0,1,10,10,643.5
2026-10-09T08:06:56Z,78067,6,6,48000,3650,2367,0,1,10,10,640.5
2026-10-09T08:07:12Z,78083,6,6,48000,3650,2102,0,1,10,10,634.5
2026-10-09T08:07:27Z,78099,6,6,48000,3650,2111,0,1,10,10,636.0
2026-10-09T08:07:43Z,78114,6,6,48000,3650,1831,0,1,10,10,628.5
2026-10-09T08:07:59Z,78130,6,6,48000,3650,1740,0,1,10,10,628.5
2026-10-09T08:08:14Z,78146,6,6,48000,3650,1631,0,1,10,10,627.0
2026-10-09T08:08:30Z,78161,6,6,48000,3650,1454,0,1,10,10,622.5
2026-10-09T08:08:46Z,78177,6,6,48000,3650,1421,0,1,10,10,621.0
2026-10-09T08:09:01Z,78193,6,6,48000,3650,1148,0,1,10,10,618.0
2026-10-09T08:09:17Z,78208,6,6,48000,3650,1038,0,1,10,10,615.0
2026-10-09T08:09:33Z,78224,6,6,48000,3650,1159,0,1,10,10,618.0
2026-10-09T08:09:48Z,78240,6,6,48000,3650,1154,0,1,10,10,616.5
2026-10-09T08:10:04Z,78255,6,6,48000,3650,1200,0,1,10,10,616.5
2026-10-09T08:10:20Z,78271,6,6,48000,3650,1144,0,1,10,10,618.0
2026-10-09T08:10:35Z,78287,6,6,48000,3650,962,0,1,10,10,615.0
2026-10-09T08:10:51Z,78302,6,6,48000,3650,859,0,1,10,10,612.0
2026-10-09T08:11:06Z,78318,6,6,48000,3650,819,0,1,10,10,612.0
2026-10-09T08:11:22Z,78333,6,6,48000,3650,615,0,1,10,10,607.5
2026-10-09T08:11:38Z,78349,6,6,48000,3650,588,0,1,10,10,607.5
2026-10-09T08:11:53Z,78365,6,6,48000,3650,539,0,1,10,10,606.0
2026-10-09T08:12:09Z,78380,6,6,48000,3650,627,0,1,10,10,606.0
2026-10-09T08:12:25Z,78396,6,6,48000,3650,660,0,1,10,10,606.0
2026-10-09T08:12:40Z,78412,6,6,48000,3650,627,0,1,10,10,607.5
2026-10-09T08:12:56Z,78427,6,6,48000,3650,559,0,1,10,10,606.0
2026-10-09T08:13:12Z,78443,6,6,48000,3650,407,0,1,10,10,601.5
2026-10-09T08:13:27Z,78459,6,6,48000,3650,345,0,1,10,10,600.0
2026-10-09T08:13:43Z,78474,6,6,48000,3650,462,0,1,10,10,606.0
2026-10-09T08:13:58Z,78490,6,6,48000,3650,613,0,1,10,10,607.5
2026-10-09T08:14:14Z,78505,6,6,48000,3650,638,0,1,10,10,607.5
2026-10-09T08:14:30Z,78521,6,6,48000,3650,797,0,1,10,10,609.0
2026-10-09T08:14:45Z,78537,6,6,48000,3650,938,0,1,10,10,613.5
2026-10-09T08:15:01Z,78552,6,6,48000,3650,857,0,1,10,10,612.0
2026-10-09T08:15:17Z,78568,6,6,48000,3650,769,0,1,10,10,610.5
2026-10-09T08:15:32Z,78584,6,6,48000,3650,832,0,1,10,10,610.5
2026-10-09T08:15:48Z,78599,6,6,48000,3450,818,0,1,9,9,610.5
2026-10-09T08:16:04Z,78615,6,6,48000,3450,1060,0,1,9,9,616.5
2026-10-09T08:16:19Z,78631,6,6,48000,3450,1097,0,1,9,9,616.5
2026-10-09T08:16:35Z,78646,6,6,48000,3650,1180,0,1,9,10,618.0
2026-10-09T08:16:51Z,78662,6,6,48000,3650,1490,0,1,10,10,624.0
2026-10-09T08:17:06Z,78678,6,6,48000,3650,1433,0,1,10,10,622.5
2026-10-09T08:17:22Z,78693,6,6,48000,3650,1665,0,1,10,10,628.5
2026-10-09T08:17:38Z,78709,6,6,48000,3650,1700,0,1,10,10,627.0
2026-10-09T08:17:53Z,78725,6,6,48000,3650,1681,0,1,10,10,627.0
2026-10-09T08:18:09Z,78740,6,6,48000,3650,1689,0,1,10,10,627.0
2026-10-09T08:18:25Z,78756,6,6,48000,3650,1584,0,1,10,10,624.0
2026-10-09T08:18:40Z,78772,6,6,48000,3650,1419,0,1,10,10,622.5
2026-10-09T08:18:56Z,78787,6,6,48000,3650,1321,0,1,10,10,622.5
2026-10-09T08:19:11Z,78803,6,6,48000,3650,1300,0,1,10,10,618.0
2026-10-09T08:19:27Z,78818,6,6,48000,3650,1428,0,1,10,10,621.0
2026-10-09T08:19:43Z,78834,6,6,48000,3650,1511,0,1,10,10,624.0
2026-10-09T08:19:58Z,78850,6,6,48000,3650,1713,1,1,10,10,627.0
2026-10-09T08:20:14Z,78865,6,6,48000,3650,1643,0,1,10,10,628.5
2026-10-09T08:20:30Z,78881,6,6,48000,3650,1999,0,1,10,10,633.0
2026-10-09T08:20:46Z,78897,6,6,48000,3650,2042,0,1,10,10,634.5
2026-10-09T08:21:01Z,78913,6,6,48000,3650,2188,0,1,10,10,643.5
2026-10-09T08:21:17Z,78928,6,6,48000,3650,2413,0,1,10,10,642.0
2026-10-09T08:21:33Z,78944,6,6,48000,3650,2388,0,1,10,10,639.0
2026-10-09T08:21:48Z,78960,6,6,48000,3650,2249,0,1,10,10,636.0
2026-10-09T08:22:04Z,78975,6,6,48000,3650,2041,0,1,10,10,636.0
2026-10-09T08:22:20Z,78991,6,6,48000,3650,2013,0,1,10,10,633.0
2026-10-09T08:22:35Z,79007,6,6,48000,3650,1878,0,1,10,10,628.5
2026-10-09T08:22:51Z,79022,6,6,48000,3650,1777,0,1,10,10,628.5
2026-10-09T08:23:07Z,79038,6,6,48000,3650,1725,0,1,10,10,628.5
2026-10-09T08:23:23Z,79054,6,6,48000,3650,1479,0,1,10,10,622.5
2026-10-09T08:23:38Z,79070,6,6,48000,3650,1470,0,1,10,10,624.0
2026-10-09T08:23:54Z,79085,6,6,48000,3650,1248,0,1,10,10,618.0
2026-10-09T08:24:09Z,79101,6,6,48000,3650,1265,0,1,10,10,618.0
2026-10-09T08:24:25Z,79116,6,6,48000,3650,1141,0,1,10,10,616.5
2026-10-09T08:24:41Z,79132,6,6,48000,3650,1244,0,1,10,10,619.5
2026-10-09T08:24:56Z,79148,6,6,48000,3650,1213,0,1,10,10,616.5
2026-10-09T08:25:12Z,79163,6,6,48000,3650,1274,0,1,10,10,618.0
2026-10-09T08:25:28Z,79179,6,6,48000,3650,1239,0,1,10,10,621.0
2026-10-09T08:25:43Z,79195,6,6,48000,3650,1011,0,1,10,10,615.0
2026-10-09T08:25:59Z,79210,6,6,48000,3650,923,0,1,10,10,612.0
2026-10-09T08:26:15Z,79226,6,6,48000,3650,842,0,1,10,10,610.5
2026-10-09T08:26:30Z,79242,6,6,48000,3650,639,0,1,10,10,607.5
2026-10-09T08:26:46Z,79257,6,6,48000,3650,604,0,1,10,10,604.5
2026-10-09T08:27:02Z,79273,6,6,48000,3650,621,0,1,10,10,607.5
2026-10-09T08:27:17Z,79289,6,6,48000,3650,624,0,1,10,10,607.5
2026-10-09T08:27:33Z,79304,6,6,48000,3650,635,0,1,10,10,607.5
2026-10-09T08:27:48Z,79320,6,6,48000,3650,581,0,1,10,10,606.0
2026-10-09T08:28:04Z,79335,6,6,48000,3650,370,0,1,10,10,601.5
2026-10-09T08:28:20Z,79351,6,6,48000,3650,365,0,1,10,10,601.5
2026-10-09T08:28:35Z,79367,6,6,48000,3650,399,0,1,10,10,601.5
2026-10-09T08:28:51Z,79382,6,6,48000,3650,581,0,1,10,10,606.0
2026-10-09T08:29:07Z,79398,6,6,48000,3650,599,0,1,10,10,606.0
2026-10-09T08:29:22Z,79414,6,6,48000,3650,816,0,1,10,10,613.5
2026-10-09T08:29:38Z,79429,6,6,48000,3650,831,0,1,10,10,612.0
2026-10-09T08:29:53Z,79445,6,6,48000,3650,843,0,1,10,10,612.0
2026-10-09T08:30:09Z,79460,6,6,48000,3650,864,0,1,10,10,612.0
2026-10-09T08:30:25Z,79476,6,6,48000,3650,750,0,1,10,10,607.5
2026-10-09T08:30:40Z,79492,6,6,48000,3450,858,0,1,10,9,615.0
2026-10-09T08:30:56Z,79507,6,6,48000,3250,872,0,1,9,8,612.0
2026-10-09T08:31:12Z,79523,6,6,48000,3250,1103,0,1,8,8,616.5
2026-10-09T08:31:27Z,79539,6,6,48000,3650,1128,0,1,8,10,615.0
2026-10-09T08:31:43Z,79554,6,6,48000,3650,1228,0,1,10,10,619.5
2026-10-09T08:31:59Z,79570,6,6,48000,3650,1335,0,1,10,10,619.5
2026-10-09T08:32:14Z,79586,6,6,48000,3650,1455,0,1,10,10,625.5
2026-10-09T08:32:30Z,79601,6,6,48000,3650,1687,0,1,10,10,627.0
2026-10-09T08:32:46Z,79617,6,6,48000,3650,1743,0,1,10,10,628.5
2026-10-09T08:33:01Z,79633,6,6,48000,3650,1873,0,1,10,10,630.0
2026-10-09T08:33:17Z,79648,6,6,48000,3650,1667,0,1,10,10,627.0
2026-10-09T08:33:33Z,79664,6,6,48000,3650,1515,0,1,10,10,625.5
2026-10-09T08:33:49Z,79680,6,6,48000,3650,1498,0,1,10,10,621.0
2026-10-09T08:34:05Z,79696,6,6,48000,3650,1428,0,1,10,10,621.0
2026-10-09T08:34:20Z,79712,6,6,48000,3650,1502,0,1,10,10,622.5
2026-10-09T08:34:36Z,79727,6,6,48000,3650,1525,0,1,10,10,624.0
2026-10-09T08:34:52Z,79743,6,6,48000,3650,1770,0,1,10,10,630.0
2026-10-09T08:35:07Z,79759,6,6,48000,3650,1792,0,1,10,10,628.5
2026-10-09T08:35:23Z,79774,6,6,48000,3650,2104,0,1,10,10,634.5
2026-10-09T08:35:39Z,79790,6,6,48000,3650,2153,0,1,10,10,636.0
2026-10-09T08:35:55Z,79806,6,6,48000,3650,2351,0,1,10,10,639.0
2026-10-09T08:36:10Z,79822,6,6,48000,3650,2471,0,1,10,10,642.0
2026-10-09T08:36:26Z,79837,6,6,48000,3650,2396,0,1,10,10,640.5
2026-10-09T08:36:42Z,79853,6,6,48000,3650,2612,0,1,10,10,645.0
2026-10-09T08:36:58Z,79869,6,6,48000,3650,2597,0,1,10,10,645.0
2026-10-09T08:37:13Z,79885,6,6,48000,3650,2188,0,1,10,10,636.0
2026-10-09T08:37:29Z,79900,6,6,48000,3650,2114,0,1,10,10,633.0
2026-10-09T08:37:45Z,79916,6,6,48000,3650,1900,0,1,10,10,631.5
2026-10-09T08:38:01Z,79932,6,6,48000,3650,1786,0,1,10,10,628.5
2026-10-09T08:38:16Z,79948,6,6,48000,3650,1767,0,1,10,10,622.5
2026-10-09T08:38:32Z,79963,6,6,48000,3650,1494,0,1,10,10,622.5
2026-10-09T08:38:48Z,79979,6,6,48000,3650,1206,0,1,10,10,618.0
2026-10-09T08:39:03Z,79995,6,6,48000,3650,1150,0,1,10,10,616.5
2026-10-09T08:39:19Z,80010,6,6,48000,3650,1079,0,1,10,10,615.0
2026-10-09T08:39:35Z,80026,6,6,48000,3650,1121,0,1,10,10,616.5
2026-10-09T08:39:50Z,80042,6,6,48000,3650,1143,0,1,10,10,616.5
2026-10-09T08:40:06Z,80057,6,6,48000,3650,1184,0,1,10,10,616.5
2026-10-09T08:40:22Z,80073,6,6,48000,3650,1118,0,1,10,10,616.5
2026-10-09T08:40:37Z,80089,6,6,48000,3650,1067,0,1,10,10,615.0
2026-10-09T08:40:53Z,80104,6,6,48000,3650,887,0,1,10,10,612.0
2026-10-09T08:41:09Z,80120,6,6,48000,3650,861,0,1,10,10,612.0
2026-10-09T08:41:24Z,80136,6,6,48000,3650,636,0,1,10,10,606.0
2026-10-09T08:41:40Z,80151,6,6,48000,3650,588,0,1,10,10,606.0
2026-10-09T08:41:56Z,80167,6,6,48000,3650,483,0,1,10,10,606.0
2026-10-09T08:42:11Z,80183,6,6,48000,3650,660,0,1,10,10,607.5
2026-10-09T08:42:27Z,80198,6,6,48000,3650,597,0,1,10,10,607.5
2026-10-09T08:42:42Z,80214,6,6,48000,3650,594,0,1,10,10,606.0
2026-10-09T08:42:58Z,80229,6,6,48000,3650,633,0,1,10,10,606.0
2026-10-09T08:43:14Z,80245,6,6,48000,3650,396,0,1,10,10,603.0
2026-10-09T08:43:29Z,80261,6,6,48000,3650,356,0,1,10,10,600.0
2026-10-09T08:43:45Z,80276,6,6,48000,3650,398,0,1,10,10,603.0
2026-10-09T08:44:01Z,80292,6,6,48000,3650,607,1,1,10,10,606.0
2026-10-09T08:44:16Z,80308,6,6,48000,3650,622,0,1,10,10,610.5
2026-10-09T08:44:32Z,80323,6,6,48000,3650,875,0,1,10,10,613.5
2026-10-09T08:44:48Z,80339,6,6,48000,3650,853,0,1,10,10,613.5
2026-10-09T08:45:03Z,80355,6,6,48000,3650,899,0,1,10,10,613.5
2026-10-09T08:45:19Z,80370,6,6,48000,3650,827,0,1,10,10,610.5
2026-10-09T08:45:34Z,80386,6,6,48000,3650,832,0,1,10,10,610.5
2026-10-09T08:45:50Z,80401,6,6,48000,3450,863,0,1,10,9,613.5
2026-10-09T08:46:06Z,80417,6,6,48000,3250,1008,0,1,8,8,613.5
2026-10-09T08:46:21Z,80433,6,6,48000,3250,1058,2,1,8,10,615.0
2026-10-09T08:46:37Z,80448,6,6,48000,3650,1210,0,1,10,10,619.5
2026-10-09T08:46:53Z,80464,6,6,48000,3650,1336,0,1,10,10,619.5
2026-10-09T08:47:08Z,80480,6,6,48000,3650,1457,0,1,10,10,622.5
2026-10-09T08:47:24Z,80495,6,6,48000,3650,1544,0,1,10,10,624.0
2026-10-09T08:47:40Z,80511,6,6,48000,3650,1734,0,1,10,10,628.5
2026-10-09T08:47:56Z,80527,6,6,48000,3650,1767,0,1,10,10,628.5
2026-10-09T08:48:11Z,80543,6,6,48000,3650,1626,0,1,10,10,625.5
2026-10-09T08:48:27Z,80558,6,6,48000,3650,1698,0,1,10,10,628.5
2026-10-09T08:48:43Z,80574,6,6,48000,3650,1447,0,1,10,10,621.0
2026-10-09T08:48:58Z,80590,6,6,48000,3650,1375,0,1,10,10,621.0
2026-10-09T08:49:14Z,80605,6,6,48000,3650,1357,0,1,10,10,619.5
2026-10-09T08:49:30Z,80621,6,6,48000,3650,1416,0,1,10,10,622.5
2026-10-09T08:49:45Z,80637,6,6,48000,3650,1424,0,1,10,10,622.5
2026-10-09T08:50:01Z,80652,6,6,48000,3650,1711,1,1,10,10,627.0
2026-10-09T08:50:17Z,80668,6,6,48000,3650,1997,0,1,10,10,633.0
2026-10-09T08:50:33Z,80684,6,6,48000,3650,2072,0,1,10,10,636.0
2026-10-09T08:50:48Z,80700,6,6,48000,3650,2112,0,1,10,10,636.0
2026-10-09T08:51:04Z,80715,6,6,48000,3650,2459,0,1,10,10,642.0
2026-10-09T08:51:20Z,80731,6,6,48000,3650,2378,0,1,10,10,640.5
2026-10-09T08:51:35Z,80747,6,6,48000,3650,2474,0,1,10,10,642.0
2026-10-09T08:51:51Z,80762,6,6,48000,3650,2330,0,1,10,10,639.0
2026-10-09T08:52:07Z,80778,6,6,48000,3650,2098,0,1,10,10,634.5
2026-10-09T08:52:22Z,80794,6,6,48000,3650,2020,0,1,10,10,633.0
2026-10-09T08:52:38Z,80809,6,6,48000,3650,1883,0,1,10,10,630.0
2026-10-09T08:52:54Z,80825,6,6,48000,3650,1654,0,1,10,10,627.0
2026-10-09T08:53:09Z,80841,6,6,48000,3650,1648,0,1,10,10,627.0
2026-10-09T08:53:25Z,80856,6,6,48000,3650,1348,0,1,10,10,619.5
2026-10-09T08:53:41Z,80872,6,6,48000,3650,1436,0,1,10,10,621.0
2026-10-09T08:53:56Z,80888,6,6,48000,3650,1189,0,1,10,10,618.0
2026-10-09T08:54:12Z,80903,6,6,48000,3650,1130,0,1,10,10,616.5
2026-10-09T08:54:28Z,80919,6,6,48000,3650,1089,0,1,10,10,615.0
2026-10-09T08:54:43Z,80935,6,6,48000,3650,1121,0,1,10,10,618.0
2026-10-09T08:54:59Z,80950,6,6,48000,3650,1110,0,1,10,10,615.0
2026-10-09T08:55:14Z,80966,6,6,48000,3650,1158,0,1,10,10,616.5
2026-10-09T08:55:30Z,80981,6,6,48000,3650,1117,0,1,10,10,616.5
2026-10-09T08:55:46Z,80997,6,6,48000,3650,1012,0,1,10,10,613.5
2026-10-09T08:56:01Z,81013,6,6,48000,3650,867,0,1,10,10,610.5
2026-10-09T08:56:17Z,81028,6,6,48000,3650,636,0,1,10,10,607.5
2026-10-09T08:56:33Z,81044,6,6,48000,3650,579,0,1,10,10,606.0
2026-10-09T08:56:48Z,81060,6,6,48000,3650,465,0,1,10,10,606.0
2026-10-09T08:57:04Z,81075,6,6,48000,3650,639,0,1,10,10,606.0
2026-10-09T08:57:20Z,81091,6,6,48000,3650,572,0,1,10,10,607.5
2026-10-09T08:57:35Z,81107,6,6,48000,3650,624,0,1,10,10,606.0
2026-10-09T08:57:51Z,81122,6,6,48000,3650,602,0,1,10,10,607.5
2026-10-09T08:58:06Z,81138,6,6,48000,3650,422,0,1,10,10,604.5
2026-10-09T08:58:22Z,81153,6,6,48000,3650,365,0,1,10,10,600.0
2026-10-09T08:58:38Z,81169,6,6,48000,3650,363,0,1,10,10,600.0
2026-10-09T08:58:53Z,81185,6,6,48000,3650,649,0,1,10,10,607.5
2026-10-09T08:59:09Z,81200,6,6,48000,3650,634,0,1,10,10,606.0
2026-10-09T08:59:25Z,81216,6,6,48000,3650,779,0,1,10,10,612.0
2026-10-09T08:59:40Z,81232,6,6,48000,3650,928,0,1,10,10,613.5
2026-10-09T08:59:56Z,81247,6,6,48000,3650,790,0,1,10,10,610.5
2026-10-09T09:00:11Z,81263,6,6,48000,3650,913,0,1,10,10,613.5
2026-10-09T09:00:27Z,81278,6,6,48000,3650,831,0,1,10,10,610.5
2026-10-09T09:00:43Z,81294,6,6,48000,3450,846,0,1,10,9,612.0
2026-10-09T09:00:58Z,81310,6,6,48000,3250,982,0,1,9,8,615.0
2026-10-09T09:01:14Z,81325,6,6,48000,3250,1008,0,1,8,8,613.5
2026-10-09T09:01:30Z,81341,6,6,48000,3650,1173,0,1,8,10,616.5
2026-10-09T09:01:45Z,81357,6,6,48000,3650,1285,0,1,10,10,621.0
2026-10-09T09:02:01Z,81372,6,6,48000,3650,1477,0,1,10,10,622.5
2026-10-09T09:02:17Z,81388,6,6,48000,3650,1659,0,1,10,10,625.5
2026-10-09T09:02:32Z,81404,6,6,48000,3650,1781,0,1,10,10,630.0
2026-10-09T09:02:48Z,81419,6,6,48000,3650,1750,0,1,10,10,630.0
2026-10-09T09:03:04Z,81435,6,6,48000,3650,1757,0,1,10,10,628.5
2026-10-09T09:03:19Z,81451,6,6,48000,3650,1669,0,1,10,10,628.5
2026-10-09T09:03:35Z,81466,6,6,48000,3650,1474,0,1,10,10,622.5
2026-10-09T09:03:51Z,81482,6,6,48000,3650,1413,1,1,10,10,622.5
2026-10-09T09:04:06Z,81498,6,6,48000,3650,1352,0,1,10,10,621.0
2026-10-09T09:04:22Z,81513,6,6,48000,3650,1520,0,1,10,10,622.5
2026-10-09T09:04:38Z,81529,6,6,48000,3650,1593,0,1,10,10,628.5
2026-10-09T09:04:53Z,81545,6,6,48000,3650,1822,0,1,10,10,631.5
2026-10-09T09:05:09Z,81560,6,6,48000,3650,1714,0,1,10,10,628.5
2026-10-09T09:05:25Z,81576,6,6,48000,3650,1906,0,1,10,10,630.0
2026-10-09T09:05:40Z,81592,6,6,48000,3650,2076,0,1,10,10,634.5
2026-10-09T09:05:56Z,81607,6,6,48000,3650,2169,0,1,10,10,636.0
2026-10-09T09:06:12Z,81623,6,6,48000,3650,2377,0,1,10,10,639.0
2026-10-09T09:06:28Z,81639,6,6,48000,3650,2389,0,1,10,10,639.0
2026-10-09T09:06:43Z,81655,6,6,48000,3650,2430,0,1,10,10,642.0
2026-10-09T09:06:59Z,81670,6,6,48000,3650,2360,0,1,10,10,639.0
2026-10-09T09:07:15Z,81686,6,6,48000,3650,2140,0,1,10,10,636.0
2026-10-09T09:07:30Z,81702,6,6,48000,3650,2033,0,1,10,10,634.5
2026-10-09T09:07:46Z,81717,6,6,48000,3650,1982,0,1,10,10,633.0
2026-10-09T09:08:02Z,81733,6,6,48000,3650,1711,0,1,10,10,630.0
2026-10-09T09:08:17Z,81749,6,6,48000,3650,1415,0,1,10,10,622.5
2026-10-09T09:08:33Z,81764,6,6,48000,3650,1392,0,1,10,10,622.5
2026-10-09T09:08:49Z,81780,6,6,48000,3650,1212,0,1,10,10,618.0
2026-10-09T09:09:04Z,81796,6,6,48000,3650,1111,0,1,10,10,618.0
2026-10-09T09:09:20Z,81811,6,6,48000,3650,1099,0,1,10,10,615.0
2026-10-09T09:09:36Z,81827,6,6,48000,3650,1075,0,1,10,10,615.0
2026-10-09T09:09:51Z,81843,6,6,48000,3650,1145,0,1,10,10,616.5
2026-10-09T09:10:07Z,81858,6,6,48000,3650,1178,0,1,10,10,618.0
2026-10-09T09:10:23Z,81874,6,6,48000,3650,1147,0,1,10,10,616.5
2026-10-09T09:10:38Z,81890,6,6,48000,3650,1124,0,1,10,10,616.5
2026-10-09T09:10:54Z,81905,6,6,48000,3650,872,0,1,10,10,612.0
2026-10-09T09:11:09Z,81921,6,6,48000,3650,867,0,1,10,10,613.5
2026-10-09T09:11:25Z,81936,6,6,48000,3650,618,0,1,10,10,606.0
2026-10-09T09:11:41Z,81952,6,6,48000,3650,613,0,1,10,10,606.0
2026-10-09T09:11:56Z,81968,6,6,48000,3650,472,0,1,10,10,606.0
2026-10-09T09:12:12Z,81983,6,6,48000,3650,591,0,1,10,10,606.0
2026-10-09T09:12:28Z,81999,6,6,48000,3650,596,0,1,10,10,606.0
2026-10-09T09:12:43Z,82015,6,6,48000,3650,600,0,1,10,10,606.0
2026-10-09T09:12:59Z,82030,6,6,48000,3650,592,0,1,10,10,606.0
2026-10-09T09:13:14Z,82046,6,6,48000,3650,449,0,1,10,10,604.5
2026-10-09T09:13:30Z,82061,6,6,48000,3650,357,0,1,10,10,600.0
2026-10-09T09:13:46Z,82077,6,6,48000,3650,364,0,1,10,10,601.5
2026-10-09T09:14:01Z,82093,6,6,48000,3650,614,0,1,10,10,607.5
2026-10-09T09:14:17Z,82108,6,6,48000,3650,757,0,1,10,10,609.0
2026-10-09T09:14:33Z,82124,6,6,48000,3650,875,0,1,10,10,613.5
2026-10-09T09:14:48Z,82140,6,6,48000,3650,960,0,1,10,10,613.5
2026-10-09T09:15:04Z,82155,6,6,48000,3650,894,0,1,10,10,615.0
2026-10-09T09:15:20Z,82171,6,6,48000,3650,843,0,1,10,10,610.5
2026-10-09T09:15:35Z,82187,6,6,48000,3650,773,0,1,10,10,610.5
2026-10-09T09:15:51Z,82202,6,6,48000,3450,859,0,1,10,9,612.0
2026-10-09T09:16:06Z,82218,6,6,48000,3450,1005,0,1,9,9,613.5
2026-10-09T09:16:22Z,82233,6,6,48000,3450,1227,0,1,9,9,618.0
2026-10-09T09:16:38Z,82249,6,6,48000,3650,1232,0,1,9,10,618.0
2026-10-09T09:16:54Z,82265,6,6,48000,3650,1555,0,1,10,10,624.0
2026-10-09T09:17:09Z,82281,6,6,48000,3650,1581,0,1,10,10,625.5
2026-10-09T09:17:25Z,82296,6,6,48000,3650,1749,0,1,10,10,627.0
2026-10-09T09:17:41Z,82312,6,6,48000,3650,1851,0,1,10,10,631.5
2026-10-09T09:17:56Z,82328,6,6,48000,3650,1880,0,1,10,10,631.5
2026-10-09T09:18:12Z,82343,6,6,48000,3650,1822,0,1,10,10,630.0
2026-10-09T09:18:28Z,82359,6,6,48000,3650,1843,0,1,10,10,628.5
2026-10-09T09:18:43Z,82375,6,6,48000,3650,1626,0,1,10,10,625.5
2026-10-09T09:18:59Z,82390,6,6,48000,3650,1586,0,1,10,10,627.0
2026-10-09T09:19:15Z,82406,6,6,48000,3650,1430,0,1,10,10,621.0
2026-10-09T09:19:30Z,82422,6,6,48000,3650,1429,0,1,10,10,624.0
2026-10-09T09:19:46Z,82437,6,6,48000,3650,1523,0,1,10,10,624.0
2026-10-09T09:20:02Z,82453,6,6,48000,3650,1824,0,1,10,10,630.0
2026-10-09T09:20:18Z,82469,6,6,48000,3650,1991,0,1,10,10,631.5
2026-10-09T09:20:33Z,82485,6,6,48000,3650,2101,0,1,10,10,633.0
2026-10-09T09:20:49Z,82500,6,6,48000,3650,2099,0,1,10,10,634.5
2026-10-09T09:21:05Z,82516,6,6,48000,3650,2518,0,1,10,10,642.0
2026-10-09T09:21:20Z,82532,6,6,48000,3650,2498,0,1,10,10,642.0
2026-10-09T09:21:36Z,82547,6,6,48000,3650,2466,0,1,10,10,640.5
2026-10-09T09:21:52Z,82563,6,6,48000,3650,2496,0,1,10,10,642.0
2026-10-09T09:22:08Z,82579,6,6,48000,3650,2211,0,1,10,10,636.0
2026-10-09T09:22:23Z,82595,6,6,48000,3650,2155,0,1,10,10,636.0
2026-10-09T09:22:39Z,82610,6,6,48000,3650,1996,0,1,10,10,633.0
2026-10-09T09:22:55Z,82626,6,6,48000,3650,1849,0,1,10,10,628.5
2026-10-09T09:23:10Z,82642,6,6,48000,3650,1760,0,1,10,10,630.0
2026-10-09T09:23:26Z,82657,6,6,48000,3650,1481,0,1,10,10,622.5
2026-10-09T09:23:42Z,82673,6,6,48000,3650,1474,0,1,10,10,622.5
2026-10-09T09:23:57Z,82689,6,6,48000,3650,1356,0,1,10,10,622.5
2026-10-09T09:24:13Z,82704,6,6,48000,3650,1244,0,1,10,10,619.5
2026-10-09T09:24:29Z,82720,6,6,48000,3650,1230,0,1,10,10,619.5
2026-10-09T09:24:44Z,82736,6,6,48000,3650,1136,0,1,10,10,615.0
2026-10-09T09:25:00Z,82751,6,6,48000,3650,1306,0,1,10,10,619.5
2026-10-09T09:25:16Z,82767,6,6,48000,3650,1337,0,1,10,10,619.5
2026-10-09T09:25:31Z,82783,6,6,48000,3650,1189,0,1,10,10,618.0
2026-10-09T09:25:47Z,82798,6,6,48000,3650,946,0,1,10,10,613.5
2026-10-09T09:26:03Z,82814,6,6,48000,3650,964,0,1,10,10,613.5
2026-10-09T09:26:18Z,82830,6,6,48000,3650,654,0,1,10,10,607.5
2026-10-09T09:26:34Z,82845,6,6,48000,3650,626,0,1,10,10,607.5
2026-10-09T09:26:50Z,82861,6,6,48000,3650,532,0,1,10,10,604.5
2026-10-09T09:27:05Z,82877,6,6,48000,3650,636,0,1,10,10,607.5
2026-10-09T09:27:21Z,82892,6,6,48000,3650,652,0,1,10,10,606.0
2026-10-09T09:27:37Z,82908,6,6,48000,3650,631,0,1,10,10,606.0
2026-10-09T09:27:52Z,82924,6,6,48000,3650,645,0,1,10,10,607.5
2026-10-09T09:28:08Z,82939,6,6,48000,3650,465,0,1,10,10,606.0
2026-10-09T09:28:24Z,82955,6,6,48000,3650,377,0,1,10,10,601.5
2026-10-09T09:28:40Z,82971,6,6,48000,3650,358,0,1,10,10,601.5
2026-10-09T09:28:55Z,82987,6,6,48000,3650,588,0,1,10,10,606.0
2026-10-09T09:29:11Z,83002,6,6,48000,3650,588,0,1,10,10,606.0
2026-10-09T09:29:26Z,83018,6,6,48000,3650,699,0,1,10,10,607.5
2026-10-09T09:29:42Z,83033,6,6,48000,3650,889,0,1,10,10,613.5
2026-10-09T09:29:58Z,83049,6,6,48000,3650,852,0,1,10,10,613.5
2026-10-09T09:30:13Z,83065,6,6,48000,3650,935,0,1,10,10,615.0
2026-10-09T09:30:29Z,83080,6,6,48000,3650,897,0,1,10,10,612.0
2026-10-09T09:30:45Z,83096,6,6,48000,3650,782,0,1,10,10,610.5
2026-10-09T09:31:00Z,83112,6,6,48000,3650,884,0,1,10,10,615.0
2026-10-09T09:31:16Z,83127,6,6,48000,3450,943,0,1,10,9,615.0
2026-10-09T09:31:32Z,83143,6,6,48000,3450,1190,0,1,9,9,616.5
2026-10-09T09:31:47Z,83159,6,6,48000,3650,1430,0,1,9,10,619.5
2026-10-09T09:32:03Z,83174,6,6,48000,3650,1428,0,1,10,10,622.5
2026-10-09T09:32:19Z,83190,6,6,48000,3650,1610,0,1,10,10,625.5
2026-10-09T09:32:35Z,83206,6,6,48000,3650,1819,0,1,10,10,630.0
2026-10-09T09:32:50Z,83222,6,6,48000,3650,1715,0,1,10,10,627.0
2026-10-09T09:33:06Z,83237,6,6,48000,3650,1826,0,1,10,10,630.0
2026-10-09T09:33:22Z,83253,6,6,48000,3650,1748,0,1,10,10,630.0
2026-10-09T09:33:38Z,83269,6,6,48000,3650,1437,0,1,10,10,622.5
2026-10-09T09:33:53Z,83285,6,6,48000,3650,1476,1,1,10,10,622.5
2026-10-09T09:34:09Z,83300,6,6,48000,3650,1377,0,1,10,10,619.5
2026-10-09T09:34:25Z,83316,6,6,48000,3650,1542,0,1,10,10,624.0
2026-10-09T09:34:40Z,83332,6,6,48000,3650,1468,0,1,10,10,624.0
2026-10-09T09:34:56Z,83347,6,6,48000,3650,1709,0,1,10,10,630.0
2026-10-09T09:35:12Z,83363,6,6,48000,3650,1787,0,1,10,10,628.5
2026-10-09T09:35:28Z,83379,6,6,48000,3650,1904,0,1,10,10,630.0
2026-10-09T09:35:43Z,83395,6,6,48000,3650,2146,0,1,10,10,634.5
2026-10-09T09:35:59Z,83410,6,6,48000,3650,2154,0,1,10,10,637.5
2026-10-09T09:36:15Z,83426,6,6,48000,3650,2395,0,1,10,10,642.0
2026-10-09T09:36:31Z,83442,6,6,48000,3650,2459,0,1,10,10,643.5
2026-10-09T09:36:46Z,83458,6,6,48000,3650,2520,0,1,10,10,639.0
2026-10-09T09:37:02Z,83473,6,6,48000,3650,2263,0,1,10,10,636.0
2026-10-09T09:37:18Z,83489,6,6,48000,3650,2121,0,1,10,10,634.5
2026-10-09T09:37:33Z,83505,6,6,48000,3650,1966,0,1,10,10,633.0
2026-10-09T09:37:49Z,83521,6,6,48000,3650,1741,0,1,10,10,628.5
2026-10-09T09:38:05Z,83536,6,6,48000,3650,1722,0,1,10,10,628.5
2026-10-09T09:38:21Z,83552,6,6,48000,3650,1487,0,1,10,10,622.5
2026-10-09T09:38:36Z,83568,6,6,48000,3650,1482,0,1,10,10,622.5
2026-10-09T09:38:52Z,83583,6,6,48000,3650,1404,0,1,10,10,622.5
2026-10-09T09:39:08Z,83599,6,6,48000,3650,1179,0,1,10,10,618.0
2026-10-09T09:39:23Z,83615,6,6,48000,3650,1152,0,1,10,10,616.5
2026-10-09T09:39:39Z,83630,6,6,48000,3650,1069,0,1,10,10,615.0
2026-10-09T09:39:55Z,83646,6,6,48000,3650,1167,0,1,10,10,616.5
2026-10-09T09:40:10Z,83662,6,6,48000,3650,1152,0,1,10,10,616.5
2026-10-09T09:40:26Z,83677,6,6,48000,3650,1150,0,1,10,10,618.0
2026-10-09T09:40:42Z,83693,6,6,48000,3650,1092,0,1,10,10,616.5
2026-10-09T09:40:57Z,83709,6,6,48000,3650,908,0,1,10,10,613.5
2026-10-09T09:41:13Z,83724,6,6,48000,3650,847,0,1,10,10,613.5
2026-10-09T09:41:28Z,83740,6,6,48000,3650,675,0,1,10,10,606.0
2026-10-09T09:41:44Z,83756,6,6,48000,3650,616,0,1,10,10,606.0
2026-10-09T09:42:00Z,83771,6,6,48000,3650,560,0,1,10,10,606.0
2026-10-09T09:42:15Z,83787,6,6,48000,3650,597,0,1,10,10,606.0
2026-10-09T09:42:31Z,83802,6,6,48000,3650,633,0,1,10,10,606.0
2026-10-09T09:42:47Z,83818,6,6,48000,3650,637,0,1,10,10,607.5
2026-10-09T09:43:02Z,83834,6,6,48000,3650,481,0,1,10,10,604.5
2026-10-09T09:43:18Z,83849,6,6,48000,3650,372,0,1,10,10,601.5
2026-10-09T09:43:34Z,83865,6,6,48000,3650,386,0,1,10,10,600.0
2026-10-09T09:43:49Z,83881,6,6,48000,3650,585,0,1,10,10,607.5
2026-10-09T09:44:05Z,83896,6,6,48000,3650,615,0,1,10,10,606.0
2026-10-09T09:44:21Z,83912,6,6,48000,3650,685,0,1,10,10,607.5
2026-10-09T09:44:37Z,83928,6,6,48000,3650,900,0,1,10,10,615.0
2026-10-09T09:44:52Z,83944,6,6,48000,3650,860,0,1,10,10,612.0
2026-10-09T09:45:08Z,83959,6,6,48000,3650,903,0,1,10,10,613.5
2026-10-09T09:45:23Z,83975,6,6,48000,3650,865,0,1,10,10,612.0
2026-10-09T09:45:39Z,83990,6,6,48000,3650,771,0,1,10,10,609.0
2026-10-09T09:45:55Z,84006,6,6,48000,3450,894,1,1,10,9,612.0
2026-10-09T09:46:10Z,84022,6,6,48000,3450,974,0,1,9,9,613.5
2026-10-09T09:46:26Z,84037,6,6,48000,3450,1131,0,1,9,9,616.5
2026-10-09T09:46:42Z,84053,6,6,48000,3450,1242,1,1,9,10,618.0
2026-10-09T09:46:57Z,84069,6,6,48000,3650,1381,0,1,10,10,619.5
2026-10-09T09:47:13Z,84084,6,6,48000,3650,1485,0,1,10,10,624.0
2026-10-09T09:47:29Z,84100,6,6,48000,3650,1524,0,1,10,10,625.5
2026-10-09T09:47:45Z,84116,6,6,48000,3650,1805,0,1,10,10,628.5
2026-10-09T09:48:00Z,84132,6,6,48000,3650,1756,0,1,10,10,627.0
2026-10-09T09:48:16Z,84147,6,6,48000,3650,1892,0,1,10,10,631.5
2026-10-09T09:48:32Z,84163,6,6,48000,3650,1432,0,1,10,10,621.0
2026-10-09T09:48:47Z,84179,6,6,48000,3650,1467,0,1,10,10,624.0
2026-10-09T09:49:03Z,84194,6,6,48000,3650,1424,0,1,10,10,622.5
2026-10-09T09:49:19Z,84210,6,6,48000,3650,1492,0,1,10,10,625.5
2026-10-09T09:49:34Z,84226,6,6,48000,3650,1544,0,1,10,10,625.5
2026-10-09T09:49:50Z,84241,6,6,48000,3650,1714,0,1,10,10,628.5
2026-10-09T09:50:06Z,84257,6,6,48000,3650,1829,0,1,10,10,628.5
2026-10-09T09:50:22Z,84273,6,6,48000,3650,1814,0,1,10,10,628.5
2026-10-09T09:50:37Z,84289,6,6,48000,3650,2137,0,1,10,10,634.5
2026-10-09T09:50:53Z,84304,6,6,48000,3650,2152,0,1,10,10,637.5
2026-10-09T09:51:09Z,84320,6,6,48000,3650,2483,0,1,10,10,643.5
2026-10-09T09:51:25Z,84336,6,6,48000,3650,2546,0,1,10,10,642.0
2026-10-09T09:51:40Z,84352,6,6,48000,3650,2486,0,1,10,10,643.5
2026-10-09T09:51:56Z,84367,6,6,48000,3650,2522,0,1,10,10,643.5
2026-10-09T09:52:12Z,84383,6,6,48000,3650,2285,0,1,10,10,637.5
2026-10-09T09:52:27Z,84399,6,6,48000,3650,1984,0,1,10,10,634.5
2026-10-09T09:52:43Z,84414,6,6,48000,3650,2012,0,1,10,10,633.0
2026-10-09T09:52:59Z,84430,6,6,48000,3650,1675,0,1,10,10,627.0
2026-10-09T09:53:14Z,84446,6,6,48000,3650,1725,0,1,10,10,628.5
2026-10-09T09:53:30Z,84461,6,6,48000,3650,1454,0,1,10,10,624.0
2026-10-09T09:53:46Z,84477,6,6,48000,3650,1408,0,1,10,10,622.5
2026-10-09T09:54:01Z,84493,6,6,48000,3650,1297,0,1,10,10,615.0
2026-10-09T09:54:17Z,84508,6,6,48000,3650,1128,0,1,10,10,615.0
2026-10-09T09:54:33Z,84524,6,6,48000,3650,987,0,1,10,10,613.5
2026-10-09T09:54:48Z,84540,6,6,48000,3650,1132,0,1,10,10,616.5
2026-10-09T09:55:04Z,84555,6,6,48000,3650,1113,0,1,10,10,616.5
2026-10-09T09:55:20Z,84571,6,6,48000,3650,1171,0,1,10,10,618.0
2026-10-09T09:55:35Z,84587,6,6,48000,3650,1045,0,1,10,10,615.0
2026-10-09T09:55:51Z,84602,6,6,48000,3650,865,0,1,10,10,612.0
2026-10-09T09:56:06Z,84618,6,6,48000,3650,862,0,1,10,10,610.5
2026-10-09T09:56:22Z,84633,6,6,48000,3650,656,0,1,10,10,607.5
2026-10-09T09:56:38Z,84649,6,6,48000,3650,572,0,1,10,10,606.0
2026-10-09T09:56:53Z,84665,6,6,48000,3650,530,0,1,10,10,604.5
2026-10-09T09:57:09Z,84680,6,6,48000,3650,555,0,1,10,10,607.5
2026-10-09T09:57:25Z,84696,6,6,48000,3650,609,0,1,10,10,606.0
2026-10-09T09:57:40Z,84712,6,6,48000,3650,581,0,1,10,10,606.0
2026-10-09T09:57:56Z,84727,6,6,48000,3650,589,0,1,10,10,607.5
2026-10-09T09:58:11Z,84743,6,6,48000,3650,485,0,1,10,10,604.5
2026-10-09T09:58:27Z,84758,6,6,48000,3650,356,0,1,10,10,600.0
2026-10-09T09:58:43Z,84774,6,6,48000,3650,368,0,1,10,10,601.5
2026-10-09T09:58:58Z,84790,6,6,48000,3650,520,0,1,10,10,606.0
2026-10-09T09:59:14Z,84805,6,6,48000,3650,579,0,1,10,10,604.5
2026-10-09T09:59:30Z,84821,6,6,48000,3650,644,0,1,10,10,607.5
2026-10-09T09:59:45Z,84837,6,6,48000,3650,805,0,1,10,10,610.5
2026-10-09T10:00:01Z,84852,6,6,48000,3650,837,0,1,10,10,610.5
2026-10-09T10:00:16Z,84868,6,6,48000,3650,802,0,1,10,10,612.0
2026-10-09T10:00:32Z,84883,6,6,48000,3650,736,0,1,10,10,610.5
2026-10-09T10:00:48Z,84899,6,6,48000,3650,849,0,1,10,10,613.5
2026-10-09T10:01:03Z,84915,6,6,48000,3250,906,0,1,10,8,615.0
2026-10-09T10:01:19Z,84930,6,6,48000,3250,1108,0,1,8,8,616.5
2026-10-09T10:01:35Z,84946,6,6,48000,3450,1109,0,1,8,9,615.0
2026-10-09T10:01:50Z,84962,6,6,48000,3450,1308,0,1,9,9,619.5
2026-10-09T10:02:06Z,84977,6,6,48000,3650,1357,0,1,9,10,619.5
2026-10-09T10:02:21Z,84993,6,6,48000,3650,1444,0,1,10,10,622.5
2026-10-09T10:02:37Z,85008,6,6,48000,3650,1726,0,1,10,10,628.5
2026-10-09T10:02:53Z,85024,6,6,48000,3650,1654,0,1,10,10,627.0
2026-10-09T10:03:09Z,85040,6,6,48000,3650,1772,0,1,10,10,630.0
2026-10-09T10:03:24Z,85056,6,6,48000,3650,1702,0,1,10,10,627.0
2026-10-09T10:03:40Z,85071,6,6,48000,3650,1462,0,1,10,10,622.5
2026-10-09T10:03:55Z,85087,6,6,48000,3650,1487,0,1,10,10,622.5
2026-10-09T10:04:11Z,85102,6,6,48000,3650,1329,0,1,10,10,621.0
2026-10-09T10:04:27Z,85118,6,6,48000,3650,1456,0,1,10,10,624.0
2026-10-09T10:04:42Z,85134,6,6,48000,3650,1479,0,1,10,10,622.5
2026-10-09T10:04:58Z,85149,6,6,48000,3650,1636,0,1,10,10,627.0
2026-10-09T10:05:14Z,85165,6,6,48000,3650,1789,0,1,10,10,630.0
2026-10-09T10:05:29Z,85181,6,6,48000,3650,1753,0,1,10,10,630.0
2026-10-09T10:05:45Z,85196,6,6,48000,3650,2035,0,1,10,10,633.0
2026-10-09T10:06:01Z,85212,6,6,48000,3650,2063,0,1,10,10,633.0
2026-10-09T10:06:17Z,85228,6,6,48000,3650,2318,0,1,10,10,639.0
2026-10-09T10:06:32Z,85244,6,6,48000,3650,2342,0,1,10,10,639.0
2026-10-09T10:06:48Z,85259,6,6,48000,3650,2321,0,1,10,10,640.5
2026-10-09T10:07:04Z,85275,6,6,48000,3650,2216,0,1,10,10,636.0
2026-10-09T10:07:19Z,85291,6,6,48000,3650,2047,0,1,10,10,633.0
2026-10-09T10:07:35Z,85306,6,6,48000,3650,1913,0,1,10,10,633.0
2026-10-09T10:07:51Z,85322,6,6,48000,3650,1758,0,1,10,10,628.5
2026-10-09T10:08:06Z,85338,6,6,48000,3650,1723,0,1,10,10,628.5
2026-10-09T10:08:22Z,85353,6,6,48000,3650,1551,0,1,10,10,625.5
2026-10-09T10:08:38Z,85369,6,6,48000,3650,1404,0,1,10,10,621.0
2026-10-09T10:08:53Z,85385,6,6,48000,3650,1476,0,1,10,10,624.0
2026-10-09T10:09:09Z,85400,6,6,48000,3650,1176,0,1,10,10,618.0
2026-10-09T10:09:25Z,85416,6,6,48000,3650,1164,0,1,10,10,616.5
2026-10-09T10:09:40Z,85432,6,6,48000,3650,1001,0,1,10,10,615.0
2026-10-09T10:09:56Z,85447,6,6,48000,3650,1158,0,1,10,10,616.5
2026-10-09T10:10:11Z,85463,6,6,48000,3650,1152,0,1,10,10,616.5
2026-10-09T10:10:27Z,85478,6,6,48000,3650,1091,0,1,10,10,616.5
2026-10-09T10:10:43Z,85494,6,6,48000,3650,1139,0,1,10,10,616.5
2026-10-09T10:10:59Z,85510,6,6,48000,3650,846,0,1,10,10,612.0
2026-10-09T10:11:14Z,85526,6,6,48000,3650,871,0,1,10,10,612.0
2026-10-09T10:11:30Z,85541,6,6,48000,3650,663,0,1,10,10,607.5
2026-10-09T10:11:45Z,85557,6,6,48000,3650,574,1,1,10,10,606.0
2026-10-09T10:12:01Z,85572,6,6,48000,3650,595,0,1,10,10,606.0
2026-10-09T10:12:17Z,85588,6,6,48000,3650,578,0,1,10,10,606.0
2026-10-09T10:12:32Z,85604,6,6,48000,3650,609,0,1,10,10,606.0
2026-10-09T10:12:48Z,85619,6,6,48000,3650,599,0,1,10,10,606.0
2026-10-09T10:13:04Z,85635,6,6,48000,3650,507,0,1,10,10,604.5
2026-10-09T10:13:19Z,85651,6,6,48000,3650,355,0,1,10,10,600.0
2026-10-09T10:13:35Z,85666,6,6,48000,3650,372,0,1,10,10,600.0
2026-10-09T10:13:50Z,85682,6,6,48000,3650,486,0,1,10,10,604.5
2026-10-09T10:14:06Z,85697,6,6,48000,3650,624,0,1,10,10,607.5
2026-10-09T10:14:22Z,85713,6,6,48000,3650,670,0,1,10,10,609.0
2026-10-09T10:14:37Z,85729,6,6,48000,3650,840,0,1,10,10,610.5
2026-10-09T10:14:53Z,85744,6,6,48000,3650,858,0,1,10,10,610.5
2026-10-09T10:15:09Z,85760,6,6,48000,3650,889,0,1,10,10,613.5
2026-10-09T10:15:25Z,85776,6,6,48000,3650,899,0,1,10,10,613.5
2026-10-09T10:15:40Z,85792,6,6,48000,3650,755,0,1,10,10,609.0
2026-10-09T10:15:56Z,85807,6,6,48000,3450,854,0,1,10,9,610.5
2026-10-09T10:16:11Z,85823,6,6,48000,3250,966,0,1,9,8,615.0
2026-10-09T10:16:27Z,85838,6,6,48000,3250,1178,0,1,8,8,618.0
2026-10-09T10:16:43Z,85854,6,6,48000,3450,1164,0,1,8,9,616.5
2026-10-09T10:16:58Z,85870,6,6,48000,3650,1393,0,1,9,10,622.5
2026-10-09T10:17:14Z,85885,6,6,48000,3650,1389,0,1,10,10,622.5
2026-10-09T10:17:30Z,85901,6,6,48000,3650,1448,0,1,10,10,622.5
2026-10-09T10:17:45Z,85917,6,6,48000,3650,1805,0,1,10,10,628.5
2026-10-09T10:18:01Z,85932,6,6,48000,3650,1722,0,1,10,10,631.5
2026-10-09T10:18:17Z,85948,6,6,48000,3650,1749,0,1,10,10,627.0
2026-10-09T10:18:33Z,85964,6,6,48000,3650,1538,0,1,10,10,625.5
2026-10-09T10:18:48Z,85980,6,6,48000,3650,1486,0,1,10,10,622.5
2026-10-09T10:19:04Z,85995,6,6,48000,3650,1376,0,1,10,10,621.0
2026-10-09T10:19:20Z,86011,6,6,48000,3650,1399,0,1,10,10,621.0
2026-10-09T10:19:35Z,86027,6,6,48000,3650,1469,0,1,10,10,624.0
2026-10-09T10:19:51Z,86042,6,6,48000,3650,1678,0,1,10,10,627.0
2026-10-09T10:20:06Z,86058,6,6,48000,3650,1763,0,1,10,10,627.0
2026-10-09T10:20:22Z,86073,6,6,48000,3650,1850,0,1,10,10,630.0
2026-10-09T10:20:38Z,86089,6,6,48000,3650,2043,0,1,10,10,633.0
2026-10-09T10:20:54Z,86105,6,6,48000,3650,2028,0,1,10,10,633.0
2026-10-09T10:21:09Z,86121,6,6,48000,3650,2241,0,1,10,10,639.0
2026-10-09T10:21:25Z,86136,6,6,48000,3650,2364,0,1,10,10,642.0
2026-10-09T10:21:41Z,86152,6,6,48000,3650,2293,0,1,10,10,636.0
2026-10-09T10:21:57Z,86168,6,6,48000,3650,2454,0,1,10,10,642.0
2026-10-09T10:22:12Z,86184,6,6,48000,3650,2187,0,1,10,10,637.5
2026-10-09T10:22:28Z,86199,6,6,48000,3650,1963,0,1,10,10,631.5
2026-10-09T10:22:44Z,86215,6,6,48000,3650,2034,0,1,10,10,633.0
2026-10-09T10:22:59Z,86231,6,6,48000,3650,1785,0,1,10,10,631.5
2026-10-09T10:23:15Z,86246,6,6,48000,3650,1742,0,1,10,10,628.5
2026-10-09T10:23:31Z,86262,6,6,48000,3650,1525,0,1,10,10,622.5
2026-10-09T10:23:46Z,86278,6,6,48000,3650,1423,0,1,10,10,621.0
2026-10-09T10:24:02Z,86293,6,6,48000,3650,1119,0,1,10,10,618.0
2026-10-09T10:24:17Z,86309,6,6,48000,3650,1073,0,1,10,10,616.5
2026-10-09T10:24:33Z,86324,6,6,48000,3650,1012,0,1,10,10,615.0
2026-10-09T10:24:49Z,86340,6,6,48000,3650,1145,0,1,10,10,616.5
2026-10-09T10:25:04Z,86356,6,6,48000,3650,1184,0,1,10,10,616.5
2026-10-09T10:25:20Z,86371,6,6,48000,3650,1100,0,1,10,10,616.5
2026-10-09T10:25:36Z,86387,6,6,48000,3650,1141,0,1,10,10,615.0
