epoch_s,busy,cores
1791455153,0.0838,8
1791455158,0.0591,8
1791455163,0.0559,8
1791455168,0.0777,8
1791455173,0.0539,8
1791455178,0.0601,8
1791455183,0.0770,8
1791455188,0.0920,8
1791455193,0.0878,8
1791455199,0.1180,8
1791455204,0.0926,8
1791455209,0.0949,8
1791455214,0.1336,8
1791455219,0.2371,8
1791455224,0.2898,8
1791455229,0.1460,8
1791455234,0.1234,8
1791455239,0.1320,8
1791455244,0.1731,8
1791455249,0.2262,8
1791455254,0.1926,8
1791455259,0.1852,8
1791455264,0.1440,8
1791455269,0.1447,8
1791455274,0.1808,8
1791455279,0.1491,8
1791455284,0.1319,8
1791455289,0.1503,8
1791455294,0.1222,8
1791455299,0.1275,8
1791455304,0.1244,8
1791455309,0.1511,8
1791455314,0.1209,8
1791455319,0.1280,8
1791455324,0.1426,8
1791455329,0.1271,8
1791455334,0.1723,8
1791455339,0.1842,8
1791455344,0.1595,8
1791455349,0.1663,8
1791455354,0.1765,8
1791455359,0.1684,8
1791455364,0.1582,8
1791455369,0.2218,8
1791455374,0.2029,8
1791455379,0.1963,8
1791455384,0.2212,8
1791455389,0.2074,8
1791455394,0.2049,8
1791455399,0.2235,8
1791455404,0.2254,8
1791455409,0.2398,8
1791455414,0.2432,8
1791455419,0.2574,8
1791455424,0.2388,8
1791455429,0.2362,8
1791455434,0.2597,8
1791455439,0.2461,8
1791455444,0.2344,8
1791455449,0.2665,8
1791455454,0.2350,8
1791455459,0.2353,8
1791455464,0.2534,8
1791455469,0.2250,8
1791455474,0.2013,8
1791455479,0.2250,8
1791455484,0.2012,8
1791455489,0.1996,8
1791455494,0.2197,8
1791455499,0.2016,8
1791455504,0.1978,8
1791455509,0.1925,8
1791455514,0.2056,8
1791455519,0.2084,8
1791455524,0.2282,8
1791455529,0.2065,8
1791455534,0.2011,8
1791455539,0.2170,8
1791455544,0.2041,8
1791455549,0.2321,8
1791455554,0.2376,8
1791455559,0.2603,8
1791455564,0.2333,8
1791455569,0.2338,8
1791455574,0.2502,8
1791455579,0.2338,8
1791455584,0.2570,8
1791455589,0.2916,8
1791455594,0.2688,8
1791455599,0.2721,8
1791455604,0.2969,8
1791455609,0.2657,8
1791455614,0.2664,8
1791455619,0.3118,8
1791455624,0.3235,8
1791455629,0.3338,8
1791455634,0.3320,8
1791455639,0.3164,8
1791455644,0.3162,8
1791455649,0.3398,8
1791455654,0.3105,8
1791455659,0.3196,8
1791455664,0.3239,8
1791455669,0.3207,8
1791455674,0.3080,8
1791455679,0.3183,8
1791455684,0.3245,8
1791455689,0.2951,8
1791455694,0.2750,8
1791455699,0.2957,8
1791455704,0.2678,8
1791455709,0.2682,8
1791455714,0.2856,8
1791455719,0.2798,8
1791455724,0.2444,8
1791455729,0.2551,8
1791455734,0.2384,8
1791455739,0.2353,8
1791455744,0.2558,8
1791455749,0.2462,8
1791455754,0.2399,8
1791455759,0.2442,8
1791455764,0.1985,8
1791455769,0.2031,8
1791455774,0.2210,8
1791455779,0.1994,8
1791455784,0.2087,8
1791455789,0.2092,8
1791455794,0.1860,8
1791455799,0.1733,8
1791455804,0.1527,8
1791455809,0.1876,8
1791455814,0.1592,8
1791455819,0.1629,8
1791455824,0.1877,8
1791455829,0.1630,8
1791455834,0.1310,8
1791455839,0.1894,8
1791455844,0.1577,8
1791455849,0.1584,8
1791455854,0.1889,8
1791455859,0.1669,8
1791455864,0.1611,8
1791455869,0.1910,8
1791455874,0.1706,8
1791455879,0.1640,8
1791455884,0.1884,8
1791455889,0.1602,8
1791455894,0.1545,8
1791455899,0.1882,8
1791455904,0.1355,8
1791455909,0.1334,8
1791455914,0.1528,8
1791455919,0.1316,8
1791455924,0.1235,8
1791455929,0.1400,8
1791455934,0.1503,8
1791455939,0.1066,8
1791455944,0.0967,8
1791455949,0.1145,8
1791455954,0.0883,8
1791455959,0.0924,8
1791455964,0.1140,8
1791455969,0.0895,8
1791455974,0.0785,8
1791455979,0.0996,8
1791455984,0.0899,8
1791455989,0.0890,8
1791455994,0.1118,8
1791455999,0.0895,8
1791456004,0.0899,8
1791456009,0.1134,8
1791456014,0.0905,8
1791456019,0.0913,8
1791456024,0.1119,8
1791456029,0.0918,8
1791456034,0.0928,8
1791456040,0.1109,8
1791456045,0.0919,8
1791456050,0.0636,8
1791456055,0.0784,8
1791456060,0.0626,8
1791456065,0.0561,8
1791456070,0.0604,8
1791456075,0.0799,8
1791456080,0.0607,8
1791456085,0.0570,8
1791456090,0.1107,8
1791456095,0.0926,8
1791456100,0.0934,8
1791456105,0.1112,8
1791456110,0.0884,8
1791456115,0.0908,8
1791456120,0.1140,8
1791456125,0.1162,8
1791456130,0.1275,8
1791456135,0.1405,8
1791456140,0.1283,8
1791456145,0.1196,8
1791456150,0.1438,8
1791456155,0.1221,8
1791456160,0.1284,8
1791456165,0.1463,8
1791456170,0.1288,8
1791456175,0.1214,8
1791456180,0.1460,8
1791456185,0.1259,8
1791456190,0.1225,8
1791456195,0.1074,8
1791456200,0.1474,8
1791456205,0.1310,8
1791456210,0.1275,8
1791456215,0.1465,8
1791456220,0.1349,8
1791456225,0.1340,8
1791456230,0.1570,8
1791456235,0.1680,8
1791456240,0.1631,8
1791456245,0.1810,8
1791456250,0.1620,8
1791456255,0.1593,8
1791456260,0.1888,8
1791456265,0.1843,8
1791456270,0.1928,8
1791456275,0.2184,8
1791456280,0.2002,8
1791456285,0.1905,8
1791456290,0.2206,8
1791456295,0.1947,8
1791456300,0.1939,8
1791456305,0.2331,8
1791456310,0.2305,8
1791456315,0.2278,8
1791456320,0.2504,8
1791456325,0.2281,8
1791456330,0.2279,8
1791456335,0.2398,8
1791456340,0.2562,8
1791456345,0.2368,8
1791456350,0.2422,8
1791456355,0.2513,8
1791456360,0.2337,8
1791456365,0.2315,8
1791456370,0.2590,8
1791456375,0.2031,8
1791456380,0.2054,8
1791456385,0.2157,8
1791456390,0.2013,8
1791456395,0.1921,8
1791456400,0.2223,8
1791456405,0.1980,8
1791456410,0.1693,8
1791456415,0.2237,8
1791456420,0.2001,8
1791456425,0.2014,8
1791456430,0.2186,8
1791456435,0.1925,8
1791456440,0.1986,8
1791456445,0.2165,8
1791456450,0.2363,8
1791456455,0.2281,8
1791456460,0.2460,8
1791456465,0.2445,8
1791456470,0.2340,8
1791456475,0.2219,8
1791456480,0.2578,8
1791456485,0.2602,8
1791456490,0.2727,8
1791456495,0.2860,8
1791456500,0.2755,8
1791456505,0.2825,8
1791456510,0.2925,8
1791456515,0.2804,8
1791456520,0.2988,8
1791456525,0.3393,8
1791456530,0.3204,8
1791456535,0.3187,8
1791456540,0.3431,8
1791456545,0.3161,8
1791456550,0.3251,8
1791456555,0.3452,8
1791456560,0.3194,8
1791456565,0.3298,8
1791456570,0.3419,8
1791456575,0.3135,8
1791456580,0.3214,8
1791456585,0.3239,8
1791456590,0.2926,8
1791456595,0.2741,8
1791456600,0.2694,8
1791456605,0.3092,8
1791456610,0.2723,8
1791456615,0.2669,8
1791456620,0.2956,8
1791456625,0.2411,8
1791456630,0.2411,8
1791456635,0.2582,8
1791456640,0.2373,8
1791456645,0.2350,8
1791456650,0.2661,8
1791456655,0.2378,8
1791456660,0.2211,8
1791456665,0.2316,8
1791456670,0.2028,8
1791456675,0.1972,8
1791456680,0.2222,8
1791456685,0.1970,8
1791456690,0.2007,8
1791456695,0.2082,8
1791456700,0.1685,8
1791456705,0.1604,8
1791456710,0.1785,8
1791456715,0.1690,8
1791456720,0.1665,8
1791456725,0.1639,8
1791456730,0.1817,8
1791456735,0.1301,8
1791456740,0.1716,8
1791456745,0.1811,8
1791456750,0.1607,8
1791456755,0.1583,8
1791456760,0.1839,8
1791456765,0.1566,8
1791456770,0.1690,8
1791456775,0.1891,8
1791456780,0.1686,8
1791456785,0.1598,8
1791456790,0.1840,8
1791456795,0.1617,8
1791456800,0.1679,8
1791456805,0.1589,8
1791456810,0.1353,8
1791456815,0.1268,8
1791456820,0.1533,8
1791456825,0.1297,8
1791456830,0.1257,8
1791456835,0.1504,8
1791456840,0.1135,8
1791456845,0.1006,8
1791456850,0.1025,8
1791456855,0.1160,8
1791456860,0.0994,8
1791456865,0.0938,8
1791456870,0.1204,8
1791456875,0.0840,8
1791456880,0.0765,8
1791456885,0.1123,8
1791456890,0.0967,8
1791456895,0.0921,8
1791456900,0.1115,8
1791456905,0.0931,8
1791456910,0.0948,8
1791456915,0.1166,8
1791456920,0.1003,8
1791456925,0.0902,8
1791456930,0.1104,8
1791456935,0.0938,8
1791456940,0.0952,8
1791456945,0.1147,8
1791456950,0.0639,8
1791456955,0.0599,8
1791456960,0.0823,8
1791456965,0.0597,8
1791456970,0.0631,8
1791456975,0.0757,8
1791456980,0.0652,8
1791456985,0.0581,8
1791456990,0.0892,8
1791456995,0.1150,8
1791457000,0.0986,8
1791457005,0.0895,8
1791457010,0.1178,8
1791457015,0.0921,8
1791457020,0.0932,8
1791457025,0.1359,8
1791457031,0.1331,8
1791457036,0.1220,8
1791457041,0.1555,8
1791457046,0.1324,8
1791457051,0.1248,8
1791457056,0.1488,8
1791457061,0.1298,8
1791457066,0.1283,8
1791457071,0.1589,8
1791457076,0.1282,8
1791457081,0.1257,8
1791457086,0.1528,8
1791457091,0.1322,8
1791457096,0.0975,8
1791457101,0.1523,8
1791457106,0.1246,8
1791457111,0.1277,8
1791457116,0.1397,8
1791457121,0.1420,8
1791457126,0.1411,8
1791457131,0.1268,8
1791457136,0.1794,8
1791457141,0.1620,8
1791457146,0.1612,8
1791457151,0.1787,8
1791457156,0.1621,8
1791457161,0.1648,8
1791457166,0.1944,8
1791457171,0.1911,8
1791457176,0.2022,8
1791457181,0.2363,8
1791457186,0.2065,8
1791457191,0.2089,8
1791457196,0.2256,8
1791457201,0.1992,8
1791457206,0.2237,8
1791457211,0.2631,8
1791457216,0.2391,8
1791457221,0.2404,8
1791457226,0.2575,8
1791457231,0.2312,8
1791457236,0.2292,8
1791457241,0.2586,8
1791457246,0.2311,8
1791457251,0.2312,8
1791457256,0.2314,8
1791457261,0.2537,8
1791457266,0.2391,8
1791457271,0.2266,8
1791457276,0.2276,8
1791457281,0.1963,8
1791457286,0.1940,8
1791457291,0.2188,8
1791457296,0.2005,8
1791457301,0.2005,8
1791457306,0.2221,8
1791457311,0.1765,8
1791457316,0.2062,8
1791457321,0.2218,8
1791457326,0.2013,8
1791457331,0.1975,8
1791457336,0.2284,8
1791457341,0.2067,8
1791457346,0.2041,8
1791457351,0.2534,8
1791457356,0.2341,8
1791457361,0.2362,8
1791457366,0.2573,8
1791457371,0.2362,8
1791457376,0.2377,8
1791457381,0.2380,8
1791457386,0.2930,8
1791457391,0.2813,8
1791457396,0.2767,8
1791457401,0.3065,8
1791457406,0.2708,8
1791457411,0.2789,8
1791457416,0.3140,8
1791457421,0.2990,8
1791457426,0.3260,8
1791457431,0.3412,8
1791457436,0.3215,8
1791457441,0.3195,8
1791457446,0.3385,8
1791457451,0.3233,8
1791457456,0.3178,8
1791457461,0.3498,8
1791457466,0.3180,8
1791457471,0.3213,8
1791457476,0.3465,8
1791457481,0.3163,8
1791457486,0.3198,8
1791457491,0.3026,8
1791457496,0.2791,8
1791457501,0.2874,8
1791457506,0.2804,8
1791457511,0.3072,8
1791457516,0.2748,8
1791457521,0.2800,8
1791457526,0.2815,8
1791457531,0.2374,8
1791457536,0.2353,8
1791457541,0.2679,8
1791457546,0.2373,8
1791457551,0.2453,8
1791457556,0.2605,8
1791457561,0.2216,8
1791457566,0.1979,8
1791457571,0.2286,8
1791457576,0.1979,8
1791457581,0.1974,8
1791457586,0.2204,8
1791457591,0.2023,8
1791457596,0.1931,8
1791457601,0.1920,8
1791457606,0.1627,8
1791457611,0.1611,8
1791457616,0.1873,8
1791457621,0.1631,8
1791457626,0.1612,8
1791457631,0.1585,8
1791457636,0.1473,8
1791457641,0.1674,8
1791457646,0.1586,8
1791457651,0.1748,8
1791457656,0.1663,8
1791457661,0.1645,8
1791457666,0.1986,8
1791457671,0.1780,8
1791457676,0.1687,8
1791457681,0.1974,8
1791457686,0.1720,8
1791457691,0.1702,8
1791457696,0.1878,8
1791457701,0.1591,8
1791457706,0.1450,8
1791457711,0.1546,8
1791457716,0.1326,8
1791457721,0.1337,8
1791457726,0.1480,8
1791457731,0.1371,8
1791457736,0.1291,8
1791457741,0.1409,8
1791457746,0.1019,8
1791457751,0.0966,8
1791457756,0.1023,8
1791457761,0.1135,8
1791457766,0.1026,8
1791457771,0.0930,8
1791457776,0.1038,8
1791457781,0.0748,8
1791457786,0.0959,8
1791457791,0.1150,8
1791457796,0.0968,8
1791457801,0.0990,8
1791457806,0.1155,8
1791457811,0.0953,8
1791457816,0.0970,8
1791457821,0.1231,8
1791457826,0.0938,8
1791457831,0.0968,8
1791457836,0.1171,8
1791457841,0.1054,8
1791457846,0.0954,8
1791457851,0.0830,8
1791457856,0.0614,8
1791457861,0.0600,8
1791457866,0.0815,8
1791457871,0.0634,8
1791457876,0.0600,8
1791457881,0.0775,8
1791457886,0.0609,8
1791457891,0.0875,8
1791457896,0.0951,8
1791457901,0.1146,8
1791457906,0.0968,8
1791457911,0.0950,8
1791457916,0.1156,8
1791457921,0.0948,8
1791457926,0.1105,8
1791457931,0.1460,8
1791457936,0.1276,8
1791457941,0.1259,8
1791457946,0.1477,8
1791457951,0.1252,8
1791457956,0.1258,8
1791457961,0.1505,8
1791457966,0.1193,8
1791457971,0.1265,8
1791457976,0.1538,8
1791457981,0.1279,8
1791457986,0.1231,8
1791457991,0.1452,8
1791457996,0.0952,8
1791458001,0.1367,8
1791458007,0.1501,8
1791458012,0.1314,8
1791458017,0.1257,8
1791458022,0.1540,8
1791458027,0.1508,8
1791458032,0.1332,8
1791458037,0.1592,8
1791458042,0.1897,8
1791458047,0.1648,8
1791458052,0.1683,8
1791458057,0.1866,8
1791458062,0.1672,8
1791458067,0.1855,8
1791458072,0.2199,8
1791458077,0.1945,8
1791458082,0.2137,8
1791458087,0.2290,8
1791458092,0.2044,8
1791458097,0.2044,8
1791458102,0.2285,8
1791458107,0.2197,8
1791458112,0.2420,8
1791458117,0.2652,8
1791458122,0.2384,8
1791458127,0.2375,8
1791458132,0.2691,8
1791458137,0.2335,8
1791458142,0.2531,8
1791458147,0.2531,8
1791458152,0.2437,8
1791458157,0.2357,8
1791458162,0.2412,8
1791458167,0.2573,8
1791458172,0.2337,8
1791458177,0.1988,8
1791458182,0.2247,8
1791458187,0.1968,8
1791458192,0.1959,8
1791458197,0.2190,8
1791458202,0.1994,8
1791458207,0.1988,8
1791458212,0.1979,8
1791458217,0.1931,8
1791458222,0.1981,8
1791458227,0.2245,8
1791458232,0.2027,8
1791458237,0.2046,8
1791458242,0.2208,8
1791458247,0.2010,8
1791458252,0.2312,8
1791458257,0.2586,8
1791458262,0.2374,8
1791458267,0.2396,8
1791458272,0.2643,8
1791458277,0.2422,8
1791458282,0.2396,8
1791458287,0.2658,8
1791458292,0.3094,8
1791458297,0.2743,8
1791458302,0.2817,8
1791458307,0.3082,8
1791458312,0.2820,8
1791458317,0.2817,8
1791458322,0.3109,8
1791458327,0.3098,8
1791458332,0.3251,8
1791458337,0.3490,8
1791458342,0.3406,8
1791458347,0.3270,8
1791458352,0.3457,8
1791458357,0.3151,8
1791458362,0.3220,8
1791458367,0.3332,8
1791458372,0.3168,8
1791458377,0.3396,8
1791458382,0.3364,8
1791458387,0.3212,8
1791458392,0.3114,8
1791458397,0.2930,8
1791458402,0.2889,8
1791458407,0.2830,8
1791458412,0.2702,8
1791458417,0.3018,8
1791458422,0.2755,8
1791458427,0.2671,8
1791458432,0.2651,8
1791458437,0.2447,8
1791458442,0.2320,8
1791458447,0.2490,8
1791458452,0.2395,8
1791458457,0.2334,8
1791458462,0.2462,8
1791458467,0.2095,8
1791458472,0.1982,8
1791458477,0.2214,8
1791458482,0.2076,8
1791458487,0.2013,8
1791458492,0.2256,8
1791458497,0.1870,8
1791458502,0.1708,8
1791458507,0.1857,8
1791458512,0.1670,8
1791458517,0.1648,8
1791458522,0.1839,8
1791458527,0.1716,8
1791458532,0.1584,8
1791458537,0.1307,8
1791458542,0.1989,8
1791458547,0.1620,8
1791458552,0.1675,8
1791458557,0.1946,8
1791458562,0.1709,8
1791458567,0.1658,8
1791458572,0.1975,8
1791458577,0.1713,8
1791458582,0.1716,8
1791458587,0.1943,8
1791458592,0.1672,8
1791458597,0.1649,8
1791458602,0.1833,8
1791458607,0.1429,8
1791458612,0.1381,8
1791458617,0.1463,8
1791458622,0.1331,8
1791458627,0.1299,8
1791458632,0.1494,8
1791458637,0.1263,8
1791458642,0.1131,8
1791458647,0.1185,8
1791458652,0.0946,8
1791458657,0.0941,8
1791458662,0.0941,8
1791458667,0.1109,8
1791458672,0.1004,8
1791458677,0.0842,8
1791458682,0.0965,8
1791458687,0.0931,8
1791458692,0.0964,8
1791458697,0.1148,8
1791458702,0.0935,8
1791458707,0.0915,8
1791458712,0.1130,8
1791458717,0.0943,8
1791458722,0.0909,8
1791458727,0.1153,8
1791458732,0.0952,8
1791458737,0.0912,8
1791458742,0.1146,8
1791458747,0.0922,8
1791458752,0.0709,8
1791458757,0.0863,8
1791458762,0.0605,8
1791458767,0.0602,8
1791458772,0.0841,8
1791458777,0.0600,8
1791458782,0.0605,8
1791458787,0.0690,8
1791458792,0.0970,8
1791458797,0.0932,8
1791458802,0.0923,8
1791458807,0.1149,8
1791458812,0.0957,8
1791458817,0.0921,8
1791458822,0.1137,8
1791458827,0.1064,8
1791458832,0.1294,8
1791458837,0.1500,8
1791458842,0.1283,8
1791458847,0.1269,8
1791458852,0.1539,8
1791458857,0.1256,8
1791458862,0.1370,8
1791458867,0.1525,8
1791458872,0.1333,8
1791458877,0.1272,8
1791458882,0.1551,8
1791458887,0.1363,8
1791458892,0.1364,8
1791458897,0.1222,8
1791458902,0.1341,8
1791458907,0.1269,8
1791458912,0.1524,8
1791458917,0.1275,8
1791458922,0.1442,8
1791458927,0.1406,8
1791458932,0.1490,8
1791458937,0.1558,8
1791458942,0.1699,8
1791458947,0.1913,8
1791458952,0.1709,8
1791458957,0.1628,8
1791458962,0.1866,8
1791458967,0.1976,8
1791458972,0.2010,8
1791458977,0.2174,8
1791458983,0.1931,8
1791458988,0.1945,8
1791458993,0.2235,8
1791458998,0.1973,8
1791459003,0.1965,8
1791459008,0.2405,8
1791459013,0.2336,8
1791459018,0.2247,8
1791459023,0.2586,8
1791459028,0.2303,8
1791459033,0.2327,8
1791459038,0.2572,8
1791459043,0.2428,8
1791459048,0.2352,8
1791459053,0.2443,8
1791459058,0.2520,8
1791459063,0.2402,8
1791459068,0.2460,8
1791459073,0.2666,8
1791459078,0.1991,8
1791459083,0.1996,8
1791459088,0.2195,8
1791459093,0.1982,8
1791459098,0.2064,8
1791459103,0.2272,8
1791459108,0.2053,8
1791459113,0.1762,8
1791459118,0.2170,8
1791459123,0.1975,8
1791459128,0.1968,8
1791459133,0.2259,8
1791459138,0.1977,8
1791459143,0.2048,8
1791459148,0.2252,8
1791459153,0.2314,8
1791459158,0.2323,8
1791459163,0.2552,8
1791459168,0.2284,8
1791459173,0.2316,8
1791459178,0.2470,8
1791459183,0.2496,8
1791459188,0.2514,8
1791459193,0.2790,8
1791459198,0.2994,8
1791459203,0.2821,8
1791459208,0.2756,8
1791459213,0.3018,8
1791459218,0.2753,8
1791459223,0.2841,8
1791459228,0.3538,8
1791459233,0.3144,8
1791459238,0.3197,8
1791459243,0.3388,8
1791459248,0.3174,8
1791459253,0.3177,8
1791459258,0.3443,8
1791459263,0.3271,8
1791459268,0.3181,8
1791459273,0.3464,8
1791459278,0.3095,8
1791459283,0.3137,8
1791459288,0.3373,8
1791459293,0.2838,8
1791459298,0.2713,8
1791459303,0.2737,8
1791459308,0.2898,8
1791459313,0.2823,8
1791459318,0.2720,8
1791459323,0.3019,8
1791459328,0.2584,8
1791459333,0.2399,8
1791459338,0.2535,8
1791459343,0.2358,8
1791459348,0.2286,8
1791459353,0.2576,8
1791459358,0.2353,8
1791459363,0.2270,8
1791459368,0.2324,8
1791459373,0.1943,8
1791459378,0.1993,8
1791459383,0.2226,8
1791459388,0.1965,8
1791459393,0.1979,8
1791459398,0.2154,8
1791459403,0.1700,8
1791459408,0.1677,8
1791459413,0.1888,8
1791459418,0.1630,8
1791459423,0.1702,8
1791459428,0.1742,8
1791459433,0.1789,8
1791459438,0.1315,8
1791459443,0.1680,8
1791459448,0.1845,8
1791459453,0.1650,8
1791459458,0.1561,8
1791459463,0.1912,8
1791459468,0.1651,8
1791459473,0.1680,8
1791459478,0.1872,8
1791459483,0.1698,8
1791459488,0.1666,8
1791459493,0.1840,8
1791459498,0.1659,8
1791459503,0.1599,8
1791459508,0.1682,8
1791459513,0.1360,8
1791459518,0.1287,8
1791459523,0.1549,8
1791459528,0.1377,8
1791459533,0.1289,8
1791459538,0.1454,8
1791459543,0.1191,8
1791459548,0.0985,8
1791459553,0.1122,8
1791459558,0.1021,8
1791459563,0.0958,8
1791459568,0.0955,8
1791459573,0.1192,8
1791459578,0.0878,8
1791459583,0.0660,8
1791459588,0.1218,8
1791459593,0.0949,8
1791459598,0.0946,8
1791459603,0.1146,8
1791459608,0.0959,8
1791459613,0.0908,8
1791459618,0.1150,8
1791459623,0.0982,8
1791459628,0.0908,8
1791459633,0.1157,8
1791459638,0.0914,8
1791459643,0.0943,8
1791459648,0.1126,8
1791459653,0.0689,8
1791459658,0.0629,8
1791459663,0.0822,8
1791459668,0.0589,8
1791459673,0.0581,8
1791459678,0.0815,8
1791459683,0.0575,8
1791459688,0.0585,8
1791459693,0.0972,8
1791459698,0.1014,8
1791459703,0.0964,8
1791459708,0.0986,8
1791459713,0.1195,8
1791459718,0.0936,8
1791459723,0.0960,8
1791459728,0.1309,8
1791459733,0.1269,8
1791459738,0.1284,8
1791459743,0.1494,8
1791459748,0.1202,8
1791459753,0.1233,8
1791459758,0.1516,8
1791459763,0.1266,8
1791459768,0.1294,8
1791459773,0.1473,8
1791459778,0.1252,8
1791459783,0.1297,8
1791459788,0.1471,8
1791459793,0.1273,8
1791459798,0.0977,8
1791459803,0.1534,8
1791459808,0.1319,8
1791459813,0.1384,8
1791459818,0.1512,8
1791459823,0.1326,8
1791459828,0.1427,8
1791459833,0.1329,8
1791459838,0.1848,8
1791459843,0.1759,8
1791459848,0.1696,8
1791459853,0.1872,8
1791459858,0.1719,8
1791459863,0.1687,8
1791459868,0.2159,8
1791459873,0.1928,8
1791459878,0.2043,8
1791459883,0.2226,8
1791459888,0.2016,8
1791459893,0.2008,8
1791459898,0.2187,8
1791459903,0.2010,8
1791459908,0.2144,8
1791459913,0.2617,8
1791459918,0.2371,8
1791459923,0.2338,8
1791459928,0.2551,8
1791459933,0.2424,8
1791459938,0.2413,8
1791459943,0.2667,8
1791459948,0.2374,8
1791459953,0.2367,8
1791459958,0.2476,8
1791459964,0.2468,8
1791459969,0.2312,8
1791459974,0.2399,8
1791459979,0.2308,8
1791459984,0.2167,8
1791459989,0.2005,8
1791459994,0.2359,8
1791459999,0.2106,8
1791460004,0.1997,8
1791460009,0.2307,8
1791460014,0.1751,8
1791460019,0.1968,8
1791460024,0.2263,8
1791460029,0.2065,8
1791460034,0.2010,8
1791460039,0.2207,8
1791460044,0.1957,8
1791460049,0.1941,8
1791460054,0.2460,8
1791460059,0.2430,8
1791460064,0.2338,8
1791460069,0.2519,8
1791460074,0.2406,8
1791460079,0.2348,8
1791460084,0.2499,8
1791460089,0.2615,8
1791460094,0.2898,8
1791460099,0.2846,8
1791460104,0.3034,8
1791460109,0.2805,8
1791460114,0.2804,8
1791460119,0.2967,8
1791460124,0.2780,8
1791460129,0.3373,8
1791460134,0.3474,8
1791460139,0.3224,8
1791460144,0.3180,8
1791460149,0.3477,8
1791460154,0.3182,8
1791460159,0.3260,8
1791460164,0.3525,8
1791460169,0.3204,8
1791460174,0.3222,8
1791460179,0.3470,8
1791460184,0.3215,8
1791460189,0.3241,8
1791460194,0.3301,8
1791460199,0.2775,8
1791460204,0.2806,8
1791460209,0.2978,8
1791460214,0.2931,8
1791460219,0.2754,8
1791460224,0.2788,8
1791460229,0.2778,8
1791460234,0.2490,8
1791460239,0.2397,8
1791460244,0.2597,8
1791460249,0.2372,8
1791460254,0.2392,8
1791460259,0.2591,8
1791460264,0.2327,8
1791460269,0.2051,8
1791460274,0.2283,8
1791460279,0.2014,8
1791460284,0.2001,8
1791460289,0.2203,8
1791460294,0.2015,8
1791460299,0.1960,8
1791460304,0.1859,8
1791460309,0.1674,8
1791460314,0.1631,8
1791460319,0.1884,8
1791460324,0.1561,8
1791460329,0.1657,8
1791460334,0.1763,8
1791460339,0.1393,8
1791460344,0.1584,8
1791460349,0.1667,8
1791460354,0.1816,8
1791460359,0.1669,8
1791460364,0.1608,8
1791460369,0.1920,8
1791460374,0.1680,8
1791460379,0.1780,8
1791460384,0.1950,8
1791460389,0.1678,8
1791460394,0.1663,8
1791460399,0.1920,8
1791460404,0.1675,8
1791460409,0.1507,8
1791460414,0.1688,8
1791460419,0.1302,8
1791460424,0.1336,8
1791460429,0.1588,8
1791460434,0.1309,8
1791460439,0.1277,8
1791460444,0.1464,8
1791460449,0.0956,8
1791460454,0.0952,8
1791460459,0.1158,8
1791460464,0.0984,8
1791460469,0.0955,8
1791460474,0.0934,8
1791460479,0.1200,8
1791460484,0.0590,8
1791460489,0.1020,8
1791460494,0.1167,8
1791460499,0.0947,8
1791460504,0.1007,8
1791460509,0.1162,8
1791460514,0.0942,8
1791460519,0.0893,8
1791460524,0.1176,8
1791460529,0.0962,8
1791460534,0.0973,8
1791460539,0.1135,8
1791460544,0.0924,8
1791460549,0.0979,8
1791460554,0.0918,8
1791460559,0.0597,8
1791460564,0.0598,8
1791460569,0.0794,8
1791460574,0.0626,8
1791460579,0.0597,8
1791460584,0.0818,8
1791460589,0.0582,8
1791460594,0.0792,8
1791460599,0.1107,8
1791460604,0.1048,8
1791460609,0.0997,8
1791460614,0.0976,8
1791460619,0.1122,8
1791460624,0.0987,8
1791460629,0.1057,8
1791460634,0.1428,8
1791460639,0.1237,8
1791460644,0.1270,8
1791460649,0.1485,8
1791460654,0.1256,8
1791460659,0.1243,8
1791460664,0.1469,8
1791460669,0.1300,8
1791460674,0.1251,8
1791460679,0.1469,8
1791460684,0.1282,8
1791460689,0.1266,8
1791460694,0.1478,8
1791460699,0.1004,8
1791460704,0.1264,8
1791460709,0.1525,8
1791460714,0.1298,8
1791460719,0.1311,8
1791460724,0.1568,8
1791460729,0.1414,8
1791460734,0.1325,8
1791460739,0.1607,8
1791460744,0.1940,8
1791460749,0.1677,8
1791460754,0.1660,8
1791460759,0.1826,8
1791460764,0.1672,8
1791460769,0.1921,8
1791460774,0.2043,8
1791460779,0.1944,8
1791460784,0.1963,8
1791460789,0.2234,8
1791460794,0.1961,8
1791460799,0.1980,8
1791460804,0.2141,8
1791460809,0.2134,8
1791460814,0.2266,8
1791460819,0.2565,8
1791460824,0.2317,8
1791460829,0.2320,8
1791460834,0.2690,8
1791460839,0.2351,8
1791460844,0.2350,8
1791460849,0.2637,8
1791460854,0.2296,8
1791460859,0.2347,8
1791460864,0.2487,8
1791460869,0.2591,8
1791460874,0.2380,8
1791460879,0.2077,8
1791460884,0.2177,8
1791460889,0.1931,8
1791460894,0.1996,8
1791460899,0.2217,8
1791460904,0.1950,8
1791460909,0.2061,8
1791460914,0.1957,8
1791460919,0.1950,8
1791460924,0.2028,8
1791460929,0.2283,8
1791460934,0.2028,8
1791460939,0.1973,8
1791460945,0.2199,8
1791460950,0.1927,8
1791460955,0.2182,8
1791460960,0.2570,8
1791460965,0.2307,8
1791460970,0.2313,8
1791460975,0.2596,8
1791460980,0.2337,8
1791460985,0.2396,8
1791460990,0.2653,8
1791460995,0.2856,8
1791461000,0.2705,8
1791461005,0.2737,8
1791461010,0.2967,8
1791461015,0.2720,8
1791461020,0.2852,8
1791461025,0.2984,8
1791461030,0.3313,8
1791461035,0.3177,8
1791461040,0.3317,8
1791461045,0.3171,8
1791461050,0.3233,8
1791461055,0.3347,8
1791461060,0.3203,8
1791461065,0.3205,8
1791461070,0.3415,8
1791461075,0.3195,8
1791461080,0.3177,8
1791461085,0.3530,8
1791461090,0.3263,8
1791461095,0.2855,8
1791461100,0.3028,8
1791461105,0.2713,8
1791461110,0.2678,8
1791461115,0.2827,8
1791461120,0.2874,8
1791461125,0.2696,8
1791461130,0.2592,8
1791461135,0.2585,8
1791461140,0.2394,8
1791461145,0.2364,8
1791461150,0.2605,8
1791461155,0.2292,8
1791461160,0.2325,8
1791461165,0.2465,8
1791461170,0.1972,8
1791461175,0.1964,8
1791461180,0.2183,8
1791461185,0.1902,8
1791461190,0.1976,8
1791461195,0.2249,8
1791461200,0.2043,8
1791461205,0.1629,8
1791461210,0.1924,8
1791461215,0.1645,8
1791461220,0.1632,8
1791461225,0.1950,8
1791461230,0.1660,8
1791461235,0.1646,8
1791461240,0.1413,8
1791461245,0.1766,8
1791461250,0.1634,8
1791461255,0.1616,8
1791461260,0.1895,8
1791461265,0.1628,8
1791461270,0.1658,8
1791461275,0.1885,8
1791461280,0.1633,8
1791461285,0.1714,8
1791461290,0.1874,8
1791461295,0.1648,8
1791461300,0.1710,8
1791461305,0.1873,8
1791461310,0.1512,8
1791461315,0.1284,8
1791461320,0.1475,8
1791461325,0.1247,8
1791461330,0.1310,8
1791461335,0.1452,8
1791461340,0.1279,8
1791461345,0.1175,8
1791461350,0.1168,8
1791461355,0.0929,8
1791461360,0.0937,8
1791461365,0.1072,8
1791461370,0.0968,8
1791461375,0.0968,8
1791461380,0.0956,8
1791461385,0.0829,8
1791461390,0.1008,8
1791461395,0.0943,8
1791461400,0.1220,8
1791461405,0.0950,8
1791461410,0.0954,8
1791461415,0.1140,8
1791461420,0.0971,8
1791461425,0.0948,8
1791461430,0.1204,8
1791461435,0.0982,8
1791461440,0.0955,8
1791461445,0.1110,8
1791461450,0.0968,8
1791461455,0.0753,8
1791461460,0.0835,8
1791461465,0.0593,8
1791461470,0.0590,8
1791461475,0.0791,8
1791461480,0.0577,8
1791461485,0.0589,8
1791461490,0.0826,8
1791461495,0.0782,8
1791461500,0.0932,8
1791461505,0.1086,8
1791461510,0.1056,8
1791461515,0.0910,8
1791461520,0.0958,8
1791461525,0.1183,8
1791461530,0.1039,8
1791461535,0.1219,8
1791461540,0.1538,8
1791461545,0.1243,8
1791461550,0.1252,8
1791461555,0.1465,8
1791461560,0.1247,8
1791461565,0.1288,8
1791461570,0.1564,8
1791461575,0.1285,8
1791461580,0.1223,8
1791461585,0.1544,8
1791461590,0.1328,8
1791461595,0.1288,8
1791461600,0.1259,8
1791461605,0.1255,8
1791461610,0.1232,8
1791461615,0.1436,8
1791461620,0.1304,8
1791461625,0.1334,8
1791461630,0.1559,8
1791461635,0.1236,8
1791461640,0.1591,8
1791461645,0.1825,8
1791461650,0.1801,8
1791461655,0.1608,8
1791461660,0.1665,8
1791461665,0.1893,8
1791461670,0.1879,8
1791461675,0.1782,8
1791461680,0.2193,8
1791461685,0.1907,8
1791461690,0.1985,8
1791461695,0.2192,8
1791461700,0.1994,8
1791461705,0.2043,8
1791461710,0.2342,8
1791461715,0.2405,8
1791461720,0.2342,8
1791461725,0.2616,8
1791461730,0.2338,8
1791461735,0.2345,8
1791461740,0.2577,8
1791461745,0.2406,8
1791461750,0.2414,8
1791461755,0.2479,8
1791461760,0.2311,8
1791461765,0.2385,8
1791461770,0.2489,8
1791461775,0.2492,8
1791461780,0.2100,8
1791461785,0.2087,8
1791461790,0.2165,8
1791461795,0.1991,8
1791461800,0.2024,8
1791461805,0.2237,8
1791461810,0.2001,8
1791461815,0.1808,8
1791461820,0.2085,8
1791461825,0.1981,8
1791461830,0.1935,8
1791461835,0.2125,8
1791461840,0.2000,8
1791461845,0.2016,8
1791461850,0.2185,8
1791461855,0.2178,8
1791461860,0.2267,8
1791461865,0.2489,8
1791461870,0.2404,8
1791461875,0.2339,8
1791461880,0.2512,8
1791461885,0.2381,8
1791461890,0.2384,8
1791461895,0.2884,8
1791461900,0.2783,8
1791461905,0.2627,8
1791461910,0.2674,8
1791461915,0.2911,8
1791461920,0.2603,8
1791461925,0.2617,8
1791461931,0.3419,8
1791461936,0.3214,8
1791461941,0.3146,8
1791461946,0.3387,8
1791461951,0.3193,8
1791461956,0.3108,8
1791461961,0.3516,8
1791461966,0.3284,8
1791461971,0.3173,8
1791461976,0.3425,8
1791461981,0.3125,8
1791461986,0.3182,8
1791461991,0.3400,8
1791461996,0.2966,8
1791462001,0.2839,8
1791462006,0.3029,8
1791462011,0.2747,8
1791462016,0.2737,8
1791462021,0.2830,8
1791462026,0.2838,8
1791462031,0.2514,8
1791462036,0.2331,8
1791462041,0.2558,8
1791462046,0.2295,8
1791462051,0.2306,8
1791462056,0.2545,8
1791462061,0.2380,8
1791462066,0.2316,8
1791462071,0.2223,8
1791462076,0.1916,8
1791462081,0.2000,8
1791462086,0.2214,8
1791462091,0.2009,8
1791462096,0.2026,8
1791462101,0.2159,8
1791462106,0.1634,8
1791462111,0.1687,8
1791462116,0.1846,8
1791462121,0.1604,8
1791462126,0.1668,8
1791462131,0.1811,8
1791462136,0.1630,8
1791462141,0.1437,8
1791462146,0.1697,8
1791462151,0.1706,8
1791462156,0.1629,8
1791462161,0.1580,8
1791462166,0.1809,8
1791462171,0.1695,8
1791462176,0.1633,8
1791462181,0.1897,8
1791462186,0.1637,8
1791462191,0.1568,8
1791462196,0.1812,8
1791462201,0.1639,8
1791462206,0.1584,8
1791462211,0.1684,8
1791462216,0.1319,8
1791462221,0.1241,8
1791462226,0.1516,8
1791462231,0.1304,8
1791462236,0.1291,8
1791462241,0.1462,8
1791462246,0.1286,8
1791462251,0.0972,8
1791462256,0.1128,8
1791462261,0.0937,8
1791462266,0.0968,8
1791462271,0.1142,8
1791462276,0.0896,8
1791462281,0.0881,8
1791462286,0.0669,8
1791462291,0.1143,8
1791462296,0.0928,8
1791462301,0.0940,8
1791462306,0.1204,8
1791462311,0.0965,8
1791462316,0.0941,8
1791462321,0.1184,8
1791462326,0.0959,8
1791462331,0.0917,8
1791462336,0.1203,8
1791462341,0.0903,8
1791462346,0.0935,8
1791462351,0.1154,8
1791462356,0.0749,8
1791462361,0.0611,8
1791462366,0.0839,8
1791462371,0.0608,8
1791462376,0.0583,8
1791462381,0.0807,8
1791462386,0.0609,8
1791462391,0.0538,8
1791462396,0.0977,8
1791462401,0.0939,8
1791462406,0.0936,8
1791462411,0.1149,8
1791462416,0.0974,8
1791462421,0.0935,8
1791462426,0.0965,8
1791462431,0.1236,8
1791462436,0.1320,8
1791462441,0.1261,8
1791462446,0.1485,8
1791462451,0.1292,8
1791462456,0.1218,8
1791462461,0.1519,8
1791462466,0.1254,8
1791462471,0.1368,8
1791462476,0.1456,8
1791462481,0.1282,8
1791462486,0.1245,8
1791462491,0.1485,8
1791462496,0.1241,8
1791462501,0.0989,8
1791462506,0.1387,8
1791462511,0.1284,8
1791462516,0.1281,8
1791462521,0.1486,8
1791462526,0.1401,8
1791462531,0.1390,8
1791462536,0.1485,8
1791462541,0.1621,8
1791462546,0.1722,8
1791462551,0.1746,8
1791462556,0.1760,8
1791462561,0.1626,8
1791462566,0.1651,8
1791462571,0.2034,8
1791462576,0.1842,8
1791462581,0.2041,8
1791462586,0.2230,8
1791462591,0.2039,8
1791462596,0.2018,8
1791462601,0.2415,8
1791462606,0.2032,8
1791462611,0.2063,8
1791462616,0.2668,8
1791462621,0.2301,8
1791462626,0.2323,8
1791462631,0.2552,8
1791462636,0.2412,8
1791462641,0.2326,8
1791462646,0.2640,8
1791462651,0.2360,8
1791462656,0.2337,8
1791462661,0.2532,8
1791462666,0.2296,8
1791462671,0.2348,8
1791462676,0.2533,8
1791462681,0.2106,8
1791462686,0.2031,8
1791462691,0.1989,8
1791462696,0.2136,8
1791462701,0.1873,8
1791462706,0.1942,8
1791462711,0.2229,8
1791462716,0.1909,8
1791462721,0.1881,8
1791462726,0.2214,8
1791462731,0.1964,8
1791462736,0.2021,8
1791462741,0.2254,8
1791462746,0.2023,8
1791462751,0.1986,8
1791462756,0.2310,8
1791462761,0.2321,8
1791462766,0.2409,8
1791462771,0.2539,8
1791462776,0.2325,8
1791462781,0.2344,8
1791462786,0.2601,8
1791462791,0.2389,8
1791462796,0.2840,8
1791462801,0.2961,8
1791462806,0.2706,8
1791462811,0.2748,8
1791462816,0.2745,8
1791462821,0.2923,8
1791462826,0.2800,8
1791462831,0.3101,8
1791462836,0.3418,8
1791462841,0.3108,8
1791462846,0.3194,8
1791462851,0.3409,8
1791462856,0.3082,8
1791462861,0.3150,8
1791462866,0.3405,8
1791462871,0.3178,8
1791462876,0.3120,8
1791462881,0.3258,8
1791462886,0.3036,8
1791462891,0.3147,8
1791462896,0.3160,8
1791462901,0.2811,8
1791462906,0.2787,8
1791462912,0.2936,8
1791462917,0.2810,8
1791462922,0.2691,8
1791462927,0.2987,8
1791462932,0.2708,8
1791462937,0.2414,8
1791462942,0.2235,8
1791462947,0.2538,8
1791462952,0.2375,8
1791462957,0.2343,8
1791462962,0.2524,8
1791462967,0.2342,8
1791462972,0.1981,8
1791462977,0.2231,8
1791462982,0.1932,8
1791462987,0.1939,8
1791462992,0.2157,8
1791462997,0.1954,8
1791463002,0.1960,8
1791463007,0.1849,8
1791463012,0.1633,8
1791463017,0.1610,8
1791463022,0.1838,8
1791463027,0.1553,8
1791463032,0.1617,8
1791463037,0.1835,8
1791463042,0.1345,8
1791463047,0.1562,8
1791463052,0.1906,8
1791463057,0.1605,8
1791463062,0.1663,8
1791463067,0.1700,8
1791463072,0.1830,8
1791463077,0.1666,8
1791463082,0.1686,8
1791463087,0.1884,8
1791463092,0.1624,8
1791463097,0.1658,8
1791463102,0.1813,8
1791463107,0.1594,8
1791463112,0.1539,8
1791463117,0.1450,8
1791463122,0.1286,8
1791463127,0.1254,8
1791463132,0.1532,8
1791463137,0.1273,8
1791463142,0.1272,8
1791463147,0.1467,8
1791463152,0.0959,8
1791463157,0.0956,8
1791463162,0.1111,8
1791463167,0.0942,8
1791463172,0.0946,8
1791463177,0.1158,8
1791463182,0.0934,8
1791463187,0.0662,8
1791463192,0.1069,8
1791463197,0.0972,8
1791463202,0.0922,8
1791463207,0.0906,8
1791463212,0.1135,8
1791463217,0.0938,8
1791463222,0.0937,8
1791463227,0.1150,8
1791463232,0.0899,8
1791463237,0.0909,8
1791463242,0.1130,8
1791463247,0.0950,8
1791463252,0.0954,8
1791463257,0.0987,8
1791463262,0.0633,8
1791463267,0.0596,8
1791463272,0.0830,8
1791463277,0.0602,8
1791463282,0.0604,8
1791463287,0.0813,8
1791463292,0.0590,8
1791463297,0.0725,8
1791463302,0.1118,8
1791463307,0.0944,8
1791463312,0.0929,8
1791463317,0.1174,8
1791463322,0.0942,8
1791463327,0.0921,8
1791463332,0.1022,8
1791463337,0.1445,8
1791463342,0.1236,8
1791463347,0.1242,8
1791463352,0.1447,8
1791463357,0.1225,8
1791463362,0.1233,8
1791463367,0.1496,8
1791463372,0.1329,8
1791463377,0.1278,8
1791463382,0.1479,8
1791463387,0.1224,8
1791463392,0.1236,8
1791463397,0.1498,8
1791463402,0.1030,8
1791463407,0.1208,8
1791463412,0.1516,8
1791463417,0.1280,8
1791463422,0.1335,8
1791463427,0.1518,8
1791463432,0.1316,8
1791463437,0.1338,8
1791463442,0.1719,8
1791463447,0.1771,8
1791463452,0.1598,8
1791463457,0.1834,8
1791463462,0.1615,8
1791463467,0.1680,8
1791463472,0.1612,8
1791463477,0.2010,8
1791463482,0.1912,8
1791463487,0.2237,8
1791463492,0.2195,8
1791463497,0.1983,8
1791463502,0.2000,8
1791463507,0.2221,8
1791463512,0.1913,8
1791463517,0.2404,8
1791463522,0.2512,8
1791463527,0.2239,8
1791463532,0.2333,8
1791463537,0.2511,8
1791463542,0.2389,8
1791463547,0.2374,8
1791463552,0.2602,8
1791463557,0.2338,8
1791463562,0.2315,8
1791463567,0.2557,8
1791463572,0.2415,8
1791463577,0.2371,8
1791463582,0.2285,8
1791463587,0.2002,8
1791463592,0.2011,8
1791463597,0.1996,8
1791463602,0.2160,8
1791463607,0.1995,8
1791463612,0.1963,8
1791463617,0.2076,8
1791463622,0.1891,8
1791463627,0.2035,8
1791463632,0.2255,8
1791463637,0.2019,8
1791463642,0.2034,8
1791463647,0.2237,8
1791463652,0.2079,8
1791463657,0.2131,8
1791463662,0.2565,8
1791463667,0.2338,8
1791463672,0.2416,8
1791463677,0.2521,8
1791463682,0.2455,8
1791463687,0.2355,8
1791463692,0.2564,8
1791463697,0.2687,8
1791463702,0.2727,8
1791463707,0.2988,8
1791463712,0.2733,8
1791463717,0.2707,8
1791463722,0.2908,8
1791463727,0.2951,8
1791463732,0.3020,8
1791463737,0.3067,8
1791463742,0.3356,8
1791463747,0.3241,8
1791463752,0.3231,8
1791463757,0.3402,8
1791463762,0.3130,8
1791463767,0.3196,8
1791463772,0.3327,8
1791463777,0.3141,8
1791463782,0.3116,8
1791463787,0.3257,8
1791463792,0.3173,8
1791463797,0.2948,8
1791463802,0.3029,8
1791463807,0.2708,8
1791463812,0.2664,8
1791463817,0.2940,8
1791463822,0.2737,8
1791463827,0.2690,8
1791463832,0.2893,8
1791463837,0.2367,8
1791463842,0.2287,8
1791463847,0.2367,8
1791463852,0.2531,8
1791463857,0.2356,8
1791463862,0.2362,8
1791463867,0.2583,8
1791463872,0.1957,8
1791463877,0.1988,8
1791463882,0.2259,8
1791463887,0.2048,8
1791463892,0.2200,8
1791463898,0.2347,8
1791463903,0.2102,8
1791463908,0.1781,8
1791463913,0.2037,8
1791463918,0.1747,8
1791463923,0.1778,8
1791463928,0.1910,8
1791463933,0.1674,8
1791463938,0.1845,8
1791463943,0.1724,8
1791463948,0.1624,8
1791463953,0.1723,8
1791463958,0.1915,8
1791463963,0.1686,8
1791463968,0.1740,8
1791463973,0.1744,8
1791463978,0.1897,8
1791463983,0.1767,8
1791463988,0.1720,8
1791463993,0.1889,8
1791463998,0.1705,8
1791464003,0.1658,8
1791464008,0.1848,8
1791464013,0.1703,8
1791464018,0.1381,8
1791464023,0.1560,8
1791464028,0.1418,8
1791464033,0.1312,8
1791464038,0.1528,8
1791464043,0.1342,8
1791464048,0.1302,8
1791464053,0.1205,8
1791464058,0.1058,8
1791464063,0.0955,8
1791464068,0.1262,8
1791464073,0.1004,8
1791464078,0.1025,8
1791464083,0.1247,8
1791464088,0.0739,8
1791464093,0.1014,8
1791464098,0.1144,8
1791464103,0.1076,8
1791464108,0.0925,8
1791464113,0.0998,8
1791464118,0.1292,8
1791464123,0.1005,8
1791464128,0.1067,8
1791464133,0.1236,8
1791464138,0.1010,8
1791464143,0.0961,8
1791464148,0.1253,8
1791464153,0.1000,8
1791464158,0.0838,8
1791464163,0.0905,8
1791464168,0.0632,8
1791464173,0.0619,8
1791464178,0.0877,8
1791464183,0.0623,8
1791464188,0.0641,8
1791464193,0.0906,8
1791464198,0.0710,8
1791464203,0.0985,8
1791464208,0.1246,8
1791464213,0.1018,8
1791464218,0.0999,8
1791464223,0.1165,8
1791464228,0.1098,8
1791464233,0.0956,8
1791464238,0.1374,8
1791464243,0.1556,8
1791464248,0.1295,8
1791464253,0.1337,8
1791464258,0.1517,8
1791464263,0.1314,8
1791464268,0.1374,8
1791464273,0.1590,8
1791464278,0.1376,8
1791464283,0.1411,8
1791464288,0.1642,8
1791464293,0.1308,8
1791464298,0.1304,8
1791464303,0.1339,8
1791464308,0.1229,8
1791464313,0.1355,8
1791464318,0.1562,8
1791464323,0.1320,8
1791464328,0.1375,8
1791464333,0.1529,8
1791464338,0.1325,8
1791464343,0.1568,8
1791464348,0.1948,8
1791464353,0.1801,8
1791464358,0.1653,8
1791464363,0.1653,8
1791464368,0.1894,8
1791464373,0.1637,8
1791464378,0.1859,8
1791464383,0.2282,8
1791464388,0.2329,8
1791464393,0.2029,8
1791464398,0.2266,8
1791464403,0.2123,8
1791464408,0.2087,8
1791464413,0.2319,8
1791464418,0.2500,8
1791464423,0.2445,8
1791464428,0.2711,8
1791464433,0.2559,8
1791464438,0.2512,8
1791464443,0.2789,8
1791464448,0.2528,8
1791464453,0.2604,8
1791464458,0.2746,8
1791464463,0.2531,8
1791464468,0.2473,8
1791464473,0.2590,8
1791464478,0.2696,8
1791464483,0.2182,8
1791464488,0.2100,8
1791464493,0.2273,8
1791464498,0.2045,8
1791464503,0.2062,8
1791464508,0.2303,8
1791464513,0.1973,8
1791464518,0.1889,8
1791464523,0.2081,8
1791464528,0.2083,8
1791464533,0.2023,8
1791464538,0.2393,8
1791464543,0.2069,8
1791464548,0.2061,8
1791464553,0.2373,8
1791464558,0.2130,8
1791464563,0.2477,8
1791464568,0.2791,8
1791464573,0.2493,8
1791464578,0.2403,8
1791464583,0.2718,8
1791464588,0.2508,8
1791464593,0.2545,8
1791464598,0.2918,8
1791464603,0.3087,8
1791464608,0.2963,8
1791464613,0.3066,8
1791464618,0.3105,8
1791464623,0.2928,8
1791464628,0.3081,8
1791464633,0.3557,8
1791464638,0.3373,8
1791464643,0.3422,8
1791464648,0.3678,8
1791464653,0.3429,8
1791464658,0.3327,8
1791464663,0.3554,8
1791464668,0.3300,8
1791464673,0.3511,8
1791464678,0.3730,8
1791464683,0.3313,8
1791464688,0.3438,8
1791464693,0.3845,8
1791464698,0.3208,8
1791464703,0.2894,8
1791464708,0.2980,8
1791464713,0.3094,8
1791464718,0.2862,8
1791464723,0.2880,8
1791464728,0.3039,8
1791464733,0.2829,8
1791464738,0.2378,8
1791464743,0.2651,8
1791464748,0.2443,8
1791464753,0.2331,8
1791464758,0.2593,8
1791464763,0.2416,8
1791464768,0.2392,8
1791464773,0.2232,8
1791464778,0.2038,8
1791464783,0.1957,8
1791464788,0.2187,8
1791464793,0.2054,8
1791464798,0.2045,8
1791464803,0.2201,8
1791464808,0.1780,8
1791464813,0.1671,8
1791464818,0.1858,8
1791464823,0.1652,8
1791464828,0.1710,8
1791464833,0.1642,8
1791464838,0.1850,8
1791464843,0.1501,8
1791464848,0.1539,8
1791464854,0.1975,8
1791464859,0.1735,8
1791464864,0.1727,8
1791464869,0.2000,8
1791464874,0.1709,8
1791464879,0.1703,8
1791464884,0.2002,8
1791464889,0.1732,8
1791464894,0.1697,8
1791464899,0.1978,8
1791464904,0.1745,8
1791464909,0.1751,8
1791464914,0.1990,8
1791464919,0.1337,8
1791464924,0.1290,8
1791464929,0.1563,8
1791464934,0.1342,8
1791464939,0.1333,8
1791464944,0.1633,8
1791464949,0.1366,8
1791464954,0.0939,8
1791464959,0.1014,8
1791464964,0.1128,8
1791464969,0.0894,8
1791464974,0.0926,8
1791464979,0.1178,8
1791464984,0.0922,8
1791464989,0.0727,8
1791464994,0.1088,8
1791464999,0.0961,8
1791465004,0.0934,8
1791465009,0.1152,8
1791465014,0.0917,8
1791465019,0.0974,8
1791465024,0.1120,8
1791465029,0.0968,8
1791465034,0.0933,8
1791465039,0.1156,8
1791465044,0.0943,8
1791465049,0.0985,8
1791465054,0.1148,8
1791465059,0.0798,8
1791465064,0.0634,8
1791465069,0.0817,8
1791465074,0.0569,8
1791465079,0.0619,8
1791465084,0.0698,8
1791465089,0.0706,8
1791465094,0.0610,8
1791465099,0.0628,8
1791465104,0.1205,8
1791465109,0.0950,8
1791465114,0.0940,8
1791465119,0.1145,8
1791465124,0.0916,8
1791465129,0.0943,8
1791465134,0.1157,8
1791465139,0.1349,8
1791465144,0.1266,8
1791465149,0.1510,8
1791465154,0.1304,8
1791465159,0.1302,8
1791465164,0.1473,8
1791465169,0.1342,8
1791465174,0.1350,8
1791465179,0.1514,8
1791465184,0.1305,8
1791465189,0.1333,8
1791465194,0.1478,8
1791465199,0.1268,8
1791465204,0.1080,8
1791465209,0.1358,8
1791465214,0.1286,8
1791465219,0.1259,8
1791465224,0.1302,8
1791465229,0.1469,8
1791465234,0.1257,8
1791465239,0.1255,8
1791465244,0.1733,8
1791465249,0.1736,8
1791465254,0.1549,8
1791465259,0.1812,8
1791465264,0.1604,8
1791465269,0.1598,8
1791465274,0.2020,8
1791465279,0.1649,8
1791465284,0.1985,8
1791465289,0.2226,8
1791465294,0.1995,8
1791465299,0.1921,8
1791465304,0.2371,8
1791465309,0.2075,8
1791465314,0.1963,8
1791465319,0.2562,8
1791465324,0.2298,8
1791465329,0.2323,8
1791465334,0.2655,8
1791465339,0.2454,8
1791465344,0.2430,8
1791465349,0.2482,8
1791465354,0.2488,8
1791465359,0.2370,8
1791465364,0.2294,8
1791465369,0.2582,8
1791465374,0.2254,8
1791465379,0.2342,8
1791465384,0.2384,8
1791465389,0.2016,8
1791465394,0.1991,8
1791465399,0.2196,8
1791465404,0.1981,8
1791465409,0.2015,8
1791465414,0.2193,8
1791465419,0.1856,8
1791465424,0.1758,8
1791465429,0.2247,8
1791465434,0.1966,8
1791465439,0.1990,8
1791465444,0.2092,8
1791465449,0.2005,8
1791465454,0.2062,8
1791465459,0.2229,8
1791465464,0.2388,8
1791465469,0.2451,8
1791465474,0.2425,8
1791465479,0.2449,8
1791465484,0.2455,8
1791465489,0.2346,8
1791465494,0.2563,8
1791465499,0.2724,8
1791465504,0.2644,8
1791465509,0.2890,8
1791465514,0.2775,8
1791465519,0.2712,8
1791465524,0.2834,8
1791465529,0.2776,8
1791465534,0.3012,8
1791465539,0.3498,8
1791465544,0.3196,8
1791465549,0.3229,8
1791465554,0.3372,8
1791465559,0.3284,8
1791465564,0.3046,8
1791465569,0.3345,8
1791465574,0.3148,8
1791465579,0.3293,8
1791465584,0.3318,8
1791465589,0.3306,8
1791465594,0.3124,8
1791465599,0.3224,8
1791465604,0.2907,8
1791465609,0.2787,8
1791465614,0.2639,8
1791465619,0.2924,8
1791465624,0.2805,8
1791465629,0.2777,8
1791465634,0.2950,8
1791465639,0.2340,8
1791465644,0.2316,8
1791465649,0.2688,8
1791465654,0.2312,8
1791465659,0.2305,8
1791465664,0.2621,8
1791465669,0.2391,8
1791465674,0.1993,8
1791465679,0.2184,8
1791465684,0.1929,8
1791465689,0.1990,8
1791465694,0.2294,8
1791465699,0.1979,8
1791465704,0.2023,8
1791465709,0.1989,8
1791465714,0.1677,8
1791465719,0.1814,8
1791465724,0.1934,8
1791465729,0.1890,8
1791465734,0.1690,8
1791465739,0.1738,8
1791465744,0.1794,8
1791465749,0.1574,8
1791465754,0.1754,8
1791465759,0.2038,8
1791465764,0.1671,8
1791465769,0.1780,8
1791465774,0.1982,8
1791465779,0.1727,8
1791465784,0.1762,8
1791465789,0.1941,8
1791465794,0.1726,8
1791465799,0.1715,8
1791465804,0.1931,8
1791465809,0.1759,8
1791465814,0.1715,8
1791465820,0.1590,8
1791465825,0.1274,8
1791465830,0.1361,8
1791465835,0.1573,8
1791465840,0.1300,8
1791465845,0.1337,8
1791465850,0.1459,8
1791465855,0.1110,8
1791465860,0.1011,8
1791465865,0.1054,8
1791465870,0.1233,8
1791465875,0.0981,8
1791465880,0.0990,8
1791465885,0.1237,8
1791465890,0.0766,8
1791465895,0.0895,8
1791465900,0.1200,8
1791465905,0.0978,8
1791465910,0.0999,8
1791465915,0.1158,8
1791465920,0.1029,8
1791465925,0.0909,8
1791465930,0.1242,8
1791465935,0.1032,8
1791465940,0.1001,8
1791465945,0.1223,8
1791465950,0.1051,8
1791465955,0.0986,8
1791465960,0.1174,8
1791465965,0.0652,8
1791465970,0.0630,8
1791465975,0.0789,8
1791465980,0.0719,8
1791465985,0.0611,8
1791465990,0.0632,8
1791465995,0.0871,8
1791466000,0.0643,8
1791466005,0.1059,8
1791466010,0.1286,8
1791466015,0.0995,8
1791466020,0.1008,8
1791466025,0.1238,8
1791466030,0.1015,8
1791466035,0.0953,8
1791466040,0.1628,8
1791466045,0.1382,8
1791466050,0.1389,8
1791466055,0.1637,8
1791466060,0.1463,8
1791466065,0.1381,8
1791466070,0.1662,8
1791466075,0.1425,8
1791466080,0.1378,8
1791466085,0.1623,8
1791466090,0.1394,8
1791466095,0.1337,8
1791466100,0.1592,8
1791466105,0.1262,8
1791466110,0.1208,8
1791466115,0.1349,8
1791466120,0.1588,8
1791466125,0.1343,8
1791466130,0.1562,8
1791466135,0.1740,8
1791466140,0.1360,8
1791466145,0.1518,8
1791466150,0.2037,8
1791466155,0.1805,8
1791466160,0.1724,8
1791466165,0.2031,8
1791466170,0.1732,8
1791466175,0.1936,8
1791466180,0.1976,8
1791466185,0.2217,8
1791466190,0.2228,8
1791466195,0.2424,8
1791466200,0.2138,8
1791466205,0.2113,8
1791466210,0.2494,8
1791466215,0.2103,8
1791466220,0.2597,8
1791466225,0.2600,8
1791466230,0.2670,8
1791466235,0.2628,8
1791466240,0.2568,8
1791466245,0.2790,8
1791466250,0.2575,8
1791466255,0.2608,8
1791466260,0.2800,8
1791466265,0.2579,8
1791466270,0.2518,8
1791466275,0.2832,8
1791466280,0.2567,8
1791466285,0.2394,8
1791466290,0.2372,8
1791466295,0.2145,8
1791466300,0.2158,8
1791466305,0.2332,8
1791466310,0.2186,8
1791466315,0.2041,8
1791466320,0.2317,8
1791466325,0.1920,8
1791466330,0.2066,8
1791466335,0.2377,8
1791466340,0.2063,8
1791466345,0.2055,8
1791466350,0.2289,8
1791466355,0.2404,8
1791466360,0.2202,8
1791466365,0.2599,8
1791466370,0.2782,8
1791466375,0.2424,8
1791466380,0.2589,8
1791466385,0.2751,8
1791466390,0.2484,8
1791466395,0.2411,8
1791466400,0.3173,8
1791466405,0.2944,8
1791466410,0.2909,8
1791466415,0.3179,8
1791466420,0.2790,8
1791466425,0.2997,8
1791466430,0.3348,8
1791466435,0.3210,8
1791466440,0.3510,8
1791466445,0.3719,8
1791466450,0.3424,8
1791466455,0.3313,8
1791466460,0.3531,8
1791466465,0.3548,8
1791466470,0.3427,8
1791466475,0.3519,8
1791466480,0.3794,8
1791466485,0.3391,8
1791466490,0.3472,8
1791466495,0.3764,8
1791466500,0.3238,8
1791466505,0.2975,8
1791466510,0.3294,8
1791466515,0.2949,8
1791466520,0.2997,8
1791466525,0.3174,8
1791466530,0.2955,8
1791466535,0.3069,8
1791466540,0.2793,8
1791466545,0.2480,8
1791466550,0.2564,8
1791466555,0.2678,8
1791466560,0.2488,8
1791466565,0.2486,8
1791466570,0.2693,8
1791466575,0.2163,8
1791466580,0.2095,8
1791466585,0.2087,8
1791466590,0.2332,8
1791466595,0.2079,8
1791466600,0.2144,8
1791466605,0.2363,8
1791466610,0.1938,8
1791466615,0.1767,8
1791466620,0.1965,8
1791466625,0.1681,8
1791466630,0.1747,8
1791466635,0.1943,8
1791466640,0.1785,8
1791466645,0.1603,8
1791466650,0.1820,8
1791466655,0.1792,8
1791466660,0.1774,8
1791466665,0.1932,8
1791466670,0.1813,8
1791466675,0.1810,8
1791466680,0.1951,8
1791466685,0.1839,8
1791466690,0.1737,8
1791466695,0.1895,8
1791466700,0.1863,8
1791466705,0.1678,8
1791466710,0.1680,8
1791466715,0.2045,8
1791466720,0.1330,8
1791466725,0.1398,8
1791466730,0.1653,8
1791466735,0.1398,8
1791466740,0.1453,8
1791466745,0.1641,8
1791466750,0.1355,8
1791466755,0.1064,8
1791466761,0.1272,8
1791466766,0.0983,8
1791466771,0.0994,8
1791466776,0.1253,8
1791466781,0.0990,8
1791466786,0.0985,8
1791466791,0.1001,8
1791466796,0.0837,8
1791466801,0.0970,8
1791466806,0.1180,8
1791466811,0.0967,8
1791466816,0.0946,8
1791466821,0.1186,8
1791466826,0.1031,8
1791466831,0.1006,8
1791466836,0.1000,8
1791466841,0.1206,8
1791466846,0.1011,8
1791466851,0.1031,8
1791466856,0.1231,8
1791466861,0.0918,8
1791466866,0.0630,8
1791466871,0.0844,8
1791466876,0.0613,8
1791466881,0.0664,8
1791466886,0.0875,8
1791466891,0.0626,8
1791466896,0.0649,8
1791466901,0.0865,8
1791466906,0.1043,8
1791466911,0.0985,8
1791466916,0.1280,8
1791466921,0.0977,8
1791466926,0.0994,8
1791466931,0.1229,8
1791466936,0.0995,8
1791466941,0.1292,8
1791466946,0.1499,8
1791466951,0.1322,8
1791466956,0.1378,8
1791466961,0.1325,8
1791466966,0.1551,8
1791466971,0.1397,8
1791466976,0.1311,8
1791466981,0.1543,8
1791466986,0.1383,8
1791466991,0.1317,8
1791466996,0.1564,8
1791467001,0.1329,8
1791467006,0.1140,8
1791467011,0.1366,8
1791467016,0.1431,8
1791467021,0.1346,8
1791467026,0.1626,8
1791467031,0.1480,8
1791467036,0.1480,8
1791467041,0.1626,8
1791467046,0.1626,8
1791467051,0.1859,8
1791467056,0.2040,8
1791467061,0.2022,8
1791467066,0.1710,8
1791467071,0.1951,8
1791467076,0.1753,8
1791467081,0.1698,8
1791467086,0.2070,8
1791467091,0.2634,8
1791467096,0.2071,8
1791467101,0.2097,8
1791467106,0.2299,8
1791467111,0.2104,8
1791467116,0.2049,8
1791467121,0.2674,8
1791467126,0.2530,8
1791467131,0.2511,8
1791467136,0.2735,8
1791467141,0.2517,8
1791467146,0.2466,8
1791467151,0.2773,8
1791467156,0.2575,8
1791467161,0.2496,8
1791467166,0.2802,8
1791467171,0.2612,8
1791467176,0.2519,8
1791467181,0.2845,8
1791467186,0.2332,8
1791467191,0.2039,8
1791467196,0.2181,8
1791467201,0.2243,8
1791467206,0.2028,8
1791467211,0.2160,8
1791467216,0.2310,8
1791467221,0.1986,8
1791467226,0.1734,8
1791467231,0.2306,8
1791467236,0.2092,8
1791467241,0.2104,8
1791467246,0.2322,8
1791467251,0.2122,8
1791467256,0.2169,8
1791467261,0.2350,8
1791467266,0.2644,8
1791467271,0.2637,8
1791467276,0.2826,8
1791467281,0.2714,8
1791467286,0.2684,8
1791467291,0.2838,8
1791467296,0.2537,8
1791467301,0.2983,8
1791467306,0.3284,8
1791467311,0.2956,8
1791467316,0.3076,8
1791467321,0.3046,8
1791467326,0.3262,8
1791467331,0.2962,8
1791467336,0.3318,8
1791467341,0.3716,8
1791467346,0.3411,8
1791467351,0.3498,8
1791467356,0.3734,8
1791467361,0.3597,8
1791467366,0.3508,8
1791467371,0.3750,8
1791467376,0.3421,8
1791467381,0.3342,8
1791467386,0.3738,8
1791467391,0.3562,8
1791467396,0.3483,8
1791467401,0.3506,8
1791467406,0.3053,8
1791467411,0.2942,8
1791467416,0.3243,8
1791467421,0.2922,8
1791467426,0.2955,8
1791467431,0.2908,8
1791467436,0.3265,8
1791467441,0.2574,8
1791467446,0.2602,8
1791467451,0.2768,8
1791467456,0.2574,8
1791467461,0.2589,8
1791467466,0.2795,8
1791467471,0.2586,8
1791467476,0.2246,8
1791467481,0.2392,8
1791467486,0.2074,8
1791467491,0.2118,8
1791467496,0.2248,8
1791467501,0.2003,8
1791467506,0.2102,8
1791467511,0.2176,8
1791467516,0.1830,8
1791467521,0.1768,8
1791467526,0.2005,8
1791467531,0.1791,8
1791467536,0.1812,8
1791467541,0.1926,8
1791467546,0.1718,8
1791467551,0.1553,8
1791467556,0.1752,8
1791467561,0.2003,8
1791467566,0.1814,8
1791467571,0.1786,8
1791467576,0.1969,8
1791467581,0.1728,8
1791467586,0.1721,8
1791467591,0.1971,8
1791467596,0.1777,8
1791467601,0.1797,8
1791467606,0.1999,8
1791467611,0.1738,8
1791467616,0.1797,8
1791467621,0.1591,8
1791467626,0.1483,8
1791467631,0.1379,8
1791467636,0.1658,8
1791467641,0.1421,8
1791467646,0.1391,8
1791467651,0.1587,8
1791467656,0.1086,8
1791467661,0.1053,8
1791467666,0.1111,8
1791467671,0.1222,8
1791467676,0.1039,8
1791467682,0.0993,8
1791467687,0.1311,8
1791467692,0.0793,8
1791467697,0.0880,8
1791467702,0.1268,8
1791467707,0.1064,8
1791467712,0.1009,8
1791467717,0.1286,8
1791467722,0.1005,8
1791467727,0.1038,8
1791467732,0.1264,8
1791467737,0.1045,8
1791467742,0.0953,8
1791467747,0.1279,8
1791467752,0.0932,8
1791467757,0.1033,8
1791467762,0.1176,8
1791467767,0.0645,8
1791467772,0.0667,8
1791467777,0.0887,8
1791467782,0.0640,8
1791467787,0.0634,8
1791467792,0.0770,8
1791467797,0.0760,8
1791467802,0.0620,8
1791467807,0.1061,8
1791467812,0.1194,8
1791467817,0.1026,8
1791467822,0.1048,8
1791467827,0.1219,8
1791467832,0.0987,8
1791467837,0.1021,8
1791467842,0.1593,8
1791467847,0.1377,8
1791467852,0.1473,8
1791467857,0.1610,8
1791467862,0.1343,8
1791467867,0.1444,8
1791467872,0.1665,8
1791467877,0.1479,8
1791467882,0.1437,8
1791467887,0.1707,8
1791467892,0.1404,8
1791467897,0.1409,8
1791467902,0.1628,8
1791467907,0.1263,8
1791467912,0.1238,8
1791467917,0.1509,8
1791467922,0.1598,8
1791467927,0.1447,8
1791467932,0.1501,8
1791467937,0.1752,8
1791467942,0.1420,8
1791467947,0.1456,8
1791467952,0.2149,8
1791467957,0.1804,8
1791467962,0.1803,8
1791467967,0.2062,8
1791467972,0.1798,8
1791467977,0.1934,8
1791467982,0.1990,8
1791467987,0.2237,8
1791467992,0.2251,8
1791467997,0.2426,8
1791468002,0.2204,8
1791468007,0.2221,8
1791468012,0.2356,8
1791468017,0.2250,8
1791468022,0.2569,8
1791468027,0.2911,8
1791468032,0.2844,8
1791468037,0.2860,8
1791468042,0.2666,8
1791468047,0.3080,8
1791468052,0.2679,8
1791468057,0.2742,8
1791468062,0.3002,8
1791468067,0.2611,8
1791468072,0.2668,8
1791468077,0.2839,8
1791468082,0.2662,8
1791468087,0.2461,8
1791468092,0.2502,8
1791468097,0.2182,8
1791468102,0.2133,8
1791468107,0.2570,8
1791468112,0.2192,8
1791468117,0.2222,8
1791468122,0.2437,8
1791468127,0.1906,8
1791468132,0.2237,8
1791468137,0.2515,8
1791468142,0.2133,8
1791468147,0.2264,8
1791468152,0.2189,8
1791468157,0.2490,8
1791468162,0.2223,8
1791468167,0.2584,8
1791468172,0.2831,8
1791468177,0.2638,8
1791468182,0.2637,8
1791468187,0.2880,8
1791468192,0.2562,8
1791468197,0.2538,8
1791468202,0.3249,8
1791468207,0.3074,8
1791468212,0.3061,8
1791468217,0.3324,8
1791468222,0.2941,8
1791468227,0.3181,8
1791468232,0.3318,8
1791468237,0.3384,8
1791468242,0.3514,8
1791468247,0.3727,8
1791468252,0.3550,8
1791468257,0.3627,8
1791468262,0.3531,8
1791468267,0.3846,8
1791468272,0.3659,8
1791468277,0.3538,8
1791468282,0.3711,8
1791468287,0.3515,8
1791468292,0.3631,8
1791468297,0.3862,8
1791468302,0.3505,8
1791468307,0.3080,8
1791468312,0.3293,8
1791468317,0.2985,8
1791468322,0.3065,8
1791468327,0.3386,8
1791468332,0.3112,8
1791468337,0.3101,8
1791468342,0.2867,8
1791468347,0.2698,8
1791468352,0.2555,8
1791468357,0.2844,8
1791468362,0.2648,8
1791468367,0.2629,8
1791468372,0.2638,8
1791468377,0.2663,8
1791468382,0.2267,8
1791468387,0.2209,8
1791468392,0.2431,8
1791468397,0.2236,8
1791468402,0.2196,8
1791468407,0.2528,8
1791468412,0.2025,8
1791468417,0.1801,8
1791468422,0.2088,8
1791468427,0.1791,8
1791468432,0.1684,8
1791468437,0.2014,8
1791468442,0.1719,8
1791468447,0.1630,8
1791468452,0.1797,8
1791468457,0.1780,8
1791468462,0.1639,8
1791468467,0.1993,8
1791468472,0.1754,8
1791468477,0.1720,8
1791468482,0.1900,8
1791468487,0.1861,8
1791468492,0.1675,8
1791468497,0.1707,8
1791468502,0.1986,8
1791468507,0.1724,8
1791468512,0.1732,8
1791468517,0.2023,8
1791468522,0.1281,8
1791468527,0.1399,8
1791468532,0.1623,8
1791468537,0.1370,8
1791468542,0.1393,8
1791468547,0.1603,8
1791468552,0.1369,8
1791468557,0.1165,8
1791468562,0.1235,8
1791468567,0.0995,8
1791468572,0.0991,8
1791468577,0.1272,8
1791468582,0.0905,8
1791468587,0.0985,8
1791468592,0.1029,8
1791468597,0.0822,8
1791468603,0.0984,8
1791468608,0.1127,8
1791468613,0.1030,8
1791468618,0.0996,8
1791468623,0.0992,8
1791468628,0.1184,8
1791468633,0.0995,8
1791468638,0.1017,8
1791468643,0.1224,8
1791468648,0.1080,8
1791468653,0.1029,8
1791468658,0.1241,8
1791468663,0.0978,8
1791468668,0.0643,8
1791468673,0.0820,8
1791468678,0.0630,8
1791468683,0.0613,8
1791468688,0.0868,8
1791468693,0.0639,8
1791468698,0.0627,8
1791468703,0.0823,8
1791468708,0.0998,8
1791468713,0.0989,8
1791468718,0.1197,8
1791468723,0.0967,8
1791468728,0.0990,8
1791468733,0.1167,8
1791468738,0.1007,8
1791468743,0.1232,8
1791468748,0.1337,8
1791468753,0.1539,8
1791468758,0.1352,8
1791468763,0.1296,8
1791468768,0.1601,8
1791468773,0.1324,8
1791468778,0.1383,8
1791468783,0.1569,8
1791468788,0.1324,8
1791468793,0.1301,8
1791468798,0.1592,8
1791468803,0.1323,8
1791468808,0.1242,8
1791468813,0.1343,8
1791468818,0.1431,8
1791468823,0.1368,8
1791468828,0.1675,8
1791468833,0.1413,8
1791468838,0.1384,8
1791468843,0.1630,8
1791468848,0.1396,8
1791468853,0.1849,8
1791468858,0.2007,8
1791468863,0.1753,8
1791468868,0.1741,8
1791468873,0.1771,8
1791468878,0.2280,8
1791468883,0.1714,8
1791468888,0.2217,8
1791468893,0.2403,8
1791468898,0.2070,8
1791468903,0.2148,8
1791468908,0.2356,8
1791468913,0.2027,8
1791468918,0.2101,8
1791468923,0.2589,8
1791468928,0.2511,8
1791468933,0.2525,8
1791468938,0.2637,8
1791468943,0.2436,8
1791468948,0.2534,8
1791468953,0.2701,8
1791468958,0.2507,8
1791468963,0.2522,8
1791468968,0.2758,8
1791468973,0.2492,8
1791468978,0.2505,8
1791468983,0.2667,8
1791468988,0.2507,8
1791468993,0.2195,8
1791468998,0.2187,8
1791469003,0.2366,8
1791469008,0.2107,8
1791469013,0.2147,8
1791469018,0.2348,8
1791469023,0.2109,8
1791469028,0.1746,8
1791469033,0.2373,8
1791469038,0.2149,8
1791469043,0.2080,8
1791469048,0.2237,8
1791469053,0.2115,8
1791469058,0.2156,8
1791469063,0.2297,8
1791469068,0.2558,8
1791469073,0.2549,8
1791469078,0.2786,8
1791469083,0.2608,8
1791469088,0.2548,8
1791469093,0.2747,8
1791469098,0.2436,8
1791469103,0.2700,8
1791469108,0.3020,8
1791469113,0.3141,8
1791469118,0.2905,8
1791469123,0.2839,8
1791469128,0.3234,8
1791469133,0.2928,8
1791469138,0.3157,8
1791469143,0.3643,8
1791469148,0.3347,8
1791469153,0.3357,8
1791469158,0.3573,8
1791469163,0.3367,8
1791469168,0.3416,8
1791469173,0.3688,8
1791469178,0.3298,8
1791469183,0.3359,8
1791469188,0.3736,8
1791469193,0.3323,8
1791469198,0.3347,8
1791469203,0.3612,8
1791469208,0.2982,8
1791469213,0.2997,8
1791469218,0.3085,8
1791469223,0.3072,8
1791469228,0.3056,8
1791469233,0.2881,8
1791469238,0.3196,8
1791469243,0.2543,8
1791469248,0.2524,8
1791469253,0.2722,8
1791469258,0.2548,8
1791469263,0.2520,8
1791469268,0.2742,8
1791469273,0.2526,8
1791469278,0.2290,8
1791469283,0.2397,8
1791469288,0.2095,8
1791469293,0.2063,8
1791469298,0.2306,8
1791469303,0.2065,8
1791469308,0.2138,8
1791469313,0.2195,8
1791469318,0.1760,8
1791469323,0.1738,8
1791469328,0.1923,8
1791469333,0.1688,8
1791469338,0.1793,8
1791469343,0.1785,8
1791469348,0.1768,8
1791469353,0.1483,8
1791469358,0.1804,8
1791469363,0.1952,8
1791469368,0.1874,8
1791469373,0.1760,8
1791469378,0.1938,8
1791469383,0.1778,8
1791469388,0.1748,8
1791469393,0.1964,8
1791469398,0.1803,8
1791469403,0.1749,8
1791469408,0.1958,8
1791469413,0.1723,8
1791469418,0.1713,8
1791469423,0.1593,8
1791469428,0.1481,8
1791469433,0.1387,8
1791469438,0.1589,8
1791469443,0.1303,8
1791469448,0.1336,8
1791469453,0.1544,8
1791469458,0.1157,8
1791469463,0.1026,8
1791469468,0.1104,8
1791469473,0.1117,8
1791469478,0.0987,8
1791469483,0.1000,8
1791469488,0.1264,8
1791469493,0.0931,8
1791469498,0.0846,8
1791469503,0.1280,8
1791469508,0.1013,8
1791469513,0.1000,8
1791469518,0.1172,8
1791469523,0.0989,8
1791469528,0.1020,8
1791469533,0.1241,8
1791469538,0.1017,8
1791469544,0.0964,8
1791469549,0.1277,8
1791469554,0.0972,8
1791469559,0.1002,8
1791469564,0.1235,8
1791469569,0.0651,8
1791469574,0.0629,8
1791469579,0.0881,8
1791469584,0.0629,8
1791469589,0.0619,8
1791469594,0.0782,8
1791469599,0.0718,8
1791469604,0.0627,8
1791469609,0.1034,8
1791469614,0.1248,8
1791469619,0.0966,8
1791469624,0.0978,8
1791469629,0.1237,8
1791469634,0.1014,8
1791469639,0.0996,8
1791469644,0.1464,8
1791469649,0.1340,8
1791469654,0.1417,8
1791469659,0.1547,8
1791469664,0.1352,8
1791469669,0.1429,8
1791469674,0.1563,8
1791469679,0.1364,8
1791469684,0.1351,8
1791469689,0.1592,8
1791469694,0.1336,8
1791469699,0.1374,8
1791469704,0.1568,8
1791469709,0.1262,8
1791469714,0.1101,8
1791469719,0.1478,8
1791469724,0.1462,8
1791469729,0.1387,8
1791469734,0.1480,8
1791469739,0.1663,8
1791469744,0.1358,8
1791469749,0.1376,8
1791469754,0.2076,8
1791469759,0.1690,8
1791469764,0.1633,8
1791469769,0.2005,8
1791469774,0.1662,8
1791469779,0.1989,8
1791469784,0.1914,8
1791469789,0.2122,8
1791469794,0.2130,8
1791469799,0.2298,8
1791469804,0.2158,8
1791469809,0.2158,8
1791469814,0.2261,8
1791469819,0.2087,8
1791469824,0.2418,8
1791469829,0.2666,8
1791469834,0.2520,8
1791469839,0.2437,8
1791469844,0.2565,8
1791469849,0.2656,8
1791469854,0.2488,8
1791469859,0.2545,8
1791469864,0.2691,8
1791469869,0.2480,8
1791469874,0.2517,8
1791469879,0.2797,8
1791469884,0.2525,8
1791469889,0.2437,8
1791469894,0.2435,8
1791469899,0.2081,8
1791469904,0.2042,8
1791469909,0.2505,8
1791469914,0.2157,8
1791469919,0.2119,8
1791469924,0.2418,8
1791469929,0.1737,8
1791469934,0.2149,8
1791469939,0.2382,8
1791469944,0.2117,8
1791469949,0.2164,8
1791469954,0.2476,8
1791469959,0.2237,8
1791469964,0.2120,8
1791469969,0.2594,8
1791469974,0.2868,8
1791469979,0.2601,8
1791469984,0.2618,8
1791469989,0.2869,8
1791469994,0.2513,8
1791469999,0.2687,8
1791470004,0.3132,8
1791470009,0.3037,8
1791470014,0.3053,8
1791470019,0.3301,8
1791470024,0.2984,8
1791470029,0.2937,8
1791470034,0.3354,8
1791470039,0.3270,8
1791470044,0.3569,8
1791470049,0.3857,8
1791470054,0.3474,8
1791470059,0.3404,8
1791470064,0.3896,8
1791470069,0.3590,8
1791470074,0.3565,8
1791470079,0.3425,8
1791470084,0.3778,8
1791470089,0.3628,8
1791470094,0.3616,8
1791470099,0.3935,8
1791470104,0.3445,8
1791470109,0.3044,8
1791470114,0.3342,8
1791470119,0.2965,8
1791470124,0.3037,8
1791470129,0.3337,8
1791470134,0.3068,8
1791470139,0.3081,8
1791470144,0.2926,8
1791470149,0.2671,8
1791470154,0.2624,8
1791470159,0.2836,8
1791470164,0.2598,8
1791470169,0.2542,8
1791470174,0.2726,8
1791470179,0.2339,8
1791470184,0.2108,8
1791470189,0.2153,8
1791470194,0.2498,8
1791470199,0.2168,8
1791470204,0.2136,8
1791470209,0.2485,8
1791470214,0.2034,8
1791470219,0.1728,8
1791470224,0.2000,8
1791470229,0.1758,8
1791470234,0.1720,8
1791470239,0.1945,8
1791470244,0.1680,8
1791470249,0.1650,8
1791470254,0.1694,8
1791470259,0.1747,8
1791470264,0.1726,8
1791470269,0.2074,8
1791470274,0.1694,8
1791470279,0.1727,8
1791470284,0.1963,8
1791470289,0.1783,8
1791470294,0.1787,8
1791470299,0.1905,8
1791470304,0.1833,8
1791470309,0.1820,8
1791470314,0.1742,8
1791470319,0.2023,8
1791470324,0.1473,8
1791470329,0.1505,8
1791470334,0.1567,8
1791470339,0.1320,8
1791470344,0.1368,8
1791470349,0.1677,8
1791470354,0.1394,8
1791470359,0.1216,8
1791470364,0.1251,8
1791470369,0.1022,8
1791470374,0.1002,8
1791470379,0.1249,8
1791470384,0.0962,8
1791470389,0.1063,8
1791470394,0.1136,8
1791470399,0.0829,8
1791470404,0.1008,8
1791470409,0.1215,8
1791470414,0.1002,8
1791470419,0.1028,8
1791470424,0.1136,8
1791470429,0.1093,8
1791470434,0.0963,8
1791470439,0.1003,8
1791470444,0.1256,8
1791470449,0.1050,8
1791470454,0.1035,8
1791470459,0.1235,8
1791470464,0.0997,8
1791470469,0.0665,8
1791470475,0.0890,8
1791470480,0.0695,8
1791470485,0.0613,8
1791470490,0.0891,8
1791470495,0.0658,8
1791470500,0.0659,8
1791470505,0.0872,8
1791470510,0.1024,8
1791470515,0.1041,8
1791470520,0.1280,8
1791470525,0.1045,8
1791470530,0.1009,8
1791470535,0.1265,8
1791470540,0.1048,8
1791470545,0.1261,8
1791470550,0.1542,8
1791470555,0.1417,8
1791470560,0.1403,8
1791470565,0.1334,8
1791470570,0.1641,8
1791470575,0.1348,8
1791470580,0.1385,8
1791470585,0.1590,8
1791470590,0.1470,8
1791470595,0.1345,8
1791470600,0.1663,8
1791470605,0.1287,8
1791470610,0.1333,8
1791470615,0.1239,8
1791470620,0.1547,8
1791470625,0.1397,8
1791470630,0.1717,8
1791470635,0.1372,8
1791470640,0.1408,8
1791470645,0.1649,8
1791470650,0.1481,8
1791470655,0.1878,8
1791470660,0.2109,8
1791470665,0.1707,8
1791470670,0.1827,8
1791470675,0.1863,8
1791470680,0.2174,8
1791470685,0.1893,8
1791470690,0.2150,8
1791470695,0.2344,8
1791470700,0.2101,8
1791470705,0.2173,8
1791470710,0.2466,8
1791470715,0.2136,8
1791470720,0.2262,8
1791470725,0.2681,8
1791470730,0.2641,8
1791470735,0.2752,8
1791470740,0.2865,8
1791470745,0.2609,8
1791470750,0.2625,8
1791470755,0.2836,8
1791470760,0.2686,8
1791470765,0.2632,8
1791470770,0.2931,8
1791470775,0.2714,8
1791470780,0.2627,8
1791470785,0.2834,8
1791470790,0.2744,8
1791470795,0.2293,8
1791470800,0.2198,8
1791470805,0.2394,8
1791470810,0.2245,8
1791470815,0.2217,8
1791470820,0.2435,8
1791470825,0.2284,8
1791470830,0.1862,8
1791470835,0.2482,8
1791470840,0.2202,8
1791470845,0.2165,8
1791470850,0.2438,8
1791470855,0.2104,8
1791470860,0.2174,8
1791470865,0.2426,8
1791470870,0.2485,8
1791470875,0.2586,8
1791470880,0.2910,8
1791470885,0.2580,8
1791470890,0.2612,8
1791470895,0.2766,8
1791470900,0.2585,8
1791470905,0.2842,8
1791470910,0.3116,8
1791470915,0.3318,8
1791470920,0.3044,8
1791470925,0.2897,8
1791470930,0.3212,8
1791470935,0.3107,8
1791470940,0.3213,8
1791470945,0.3737,8
1791470950,0.3413,8
1791470955,0.3414,8
1791470960,0.3894,8
1791470965,0.3469,8
1791470970,0.3519,8
1791470975,0.3723,8
1791470980,0.3548,8
1791470985,0.3492,8
1791470990,0.3787,8
1791470995,0.3427,8
1791471000,0.3555,8
1791471005,0.3739,8
1791471010,0.3145,8
1791471015,0.3087,8
1791471020,0.3157,8
1791471025,0.3191,8
1791471030,0.3053,8
1791471035,0.3021,8
1791471040,0.3319,8
1791471045,0.2636,8
1791471050,0.2549,8
1791471055,0.2754,8
1791471060,0.2519,8
1791471065,0.2511,8
1791471070,0.2899,8
1791471075,0.2515,8
1791471080,0.2297,8
1791471085,0.2359,8
1791471090,0.2096,8
1791471095,0.2080,8
1791471100,0.2363,8
1791471105,0.2090,8
1791471110,0.2200,8
1791471115,0.2310,8
1791471120,0.1762,8
1791471125,0.1772,8
1791471130,0.1901,8
1791471135,0.1849,8
1791471140,0.1764,8
1791471145,0.1782,8
1791471150,0.1966,8
1791471155,0.1431,8
1791471160,0.1897,8
1791471165,0.1956,8
1791471170,0.1808,8
1791471175,0.1764,8
1791471180,0.1985,8
1791471185,0.1829,8
1791471190,0.1732,8
1791471195,0.2005,8
1791471200,0.1800,8
1791471205,0.1692,8
1791471210,0.1970,8
1791471215,0.1737,8
1791471220,0.1765,8
1791471225,0.1713,8
1791471230,0.1458,8
1791471235,0.1373,8
1791471240,0.1605,8
1791471245,0.1386,8
1791471250,0.1418,8
1791471255,0.1426,8
1791471260,0.1367,8
1791471265,0.1003,8
1791471270,0.1015,8
1791471275,0.1229,8
1791471280,0.0993,8
1791471285,0.0991,8
1791471290,0.1245,8
1791471295,0.0880,8
1791471300,0.0776,8
1791471305,0.1257,8
1791471310,0.1031,8
1791471315,0.1022,8
1791471320,0.1336,8
1791471325,0.0990,8
1791471330,0.1013,8
1791471335,0.1333,8
1791471340,0.1054,8
1791471345,0.1022,8
1791471350,0.1275,8
1791471355,0.1054,8
1791471360,0.1063,8
1791471365,0.1271,8
1791471370,0.0690,8
1791471375,0.0635,8
1791471380,0.0780,8
1791471385,0.0765,8
1791471390,0.0635,8
1791471395,0.0640,8
1791471401,0.0885,8
1791471406,0.0583,8
1791471411,0.1004,8
1791471416,0.1276,8
1791471421,0.1005,8
1791471426,0.0991,8
1791471431,0.1312,8
1791471436,0.1018,8
1791471441,0.1067,8
1791471446,0.1459,8
1791471451,0.1363,8
1791471456,0.1415,8
1791471461,0.1628,8
1791471466,0.1386,8
1791471471,0.1473,8
1791471476,0.1639,8
1791471481,0.1453,8
1791471486,0.1353,8
1791471491,0.1609,8
1791471496,0.1384,8
1791471501,0.1428,8
1791471506,0.1456,8
1791471511,0.1506,8
1791471516,0.1108,8
1791471521,0.1468,8
1791471526,0.1602,8
1791471531,0.1428,8
1791471536,0.1460,8
1791471541,0.1767,8
1791471546,0.1432,8
1791471551,0.1378,8
1791471556,0.1970,8
1791471561,0.1865,8
1791471566,0.1751,8
1791471571,0.2053,8
1791471576,0.1728,8
1791471581,0.1927,8
1791471586,0.2060,8
1791471591,0.2208,8
1791471596,0.2287,8
1791471601,0.2585,8
1791471606,0.2322,8
1791471611,0.2264,8
1791471616,0.2435,8
1791471621,0.2342,8
1791471626,0.2519,8
1791471631,0.2576,8
1791471636,0.2890,8
1791471641,0.2666,8
1791471646,0.2667,8
1791471651,0.2955,8
1791471656,0.2691,8
1791471661,0.2601,8
1791471666,0.2934,8
1791471671,0.2625,8
1791471676,0.2630,8
1791471681,0.2927,8
1791471686,0.2618,8
1791471691,0.2551,8
1791471696,0.2439,8
1791471701,0.2204,8
1791471706,0.2156,8
1791471711,0.2486,8
1791471716,0.2191,8
1791471721,0.2212,8
1791471726,0.2418,8
1791471731,0.1863,8
1791471736,0.2116,8
1791471741,0.2272,8
1791471746,0.2341,8
1791471751,0.2227,8
1791471756,0.2238,8
1791471761,0.2466,8
1791471766,0.2202,8
1791471771,0.2582,8
1791471776,0.2852,8
1791471781,0.2559,8
1791471786,0.2659,8
1791471791,0.2905,8
1791471796,0.2598,8
1791471801,0.2679,8
1791471806,0.3106,8
1791471811,0.3044,8
1791471816,0.3111,8
1791471821,0.3323,8
1791471826,0.3100,8
1791471831,0.3162,8
1791471836,0.3307,8
1791471841,0.3245,8
1791471846,0.3436,8
1791471851,0.3640,8
1791471856,0.3644,8
1791471861,0.3537,8
1791471866,0.3544,8
1791471871,0.3831,8
1791471876,0.3478,8
1791471881,0.3599,8
1791471886,0.3904,8
1791471891,0.3570,8
1791471896,0.3405,8
1791471901,0.3844,8
1791471906,0.3364,8
1791471911,0.3104,8
1791471916,0.3263,8
1791471921,0.3084,8
1791471926,0.3030,8
1791471931,0.3278,8
1791471936,0.3139,8
1791471941,0.3004,8
1791471946,0.2979,8
1791471951,0.2665,8
1791471956,0.2529,8
1791471961,0.2715,8
1791471966,0.2706,8
1791471971,0.2549,8
1791471976,0.2740,8
1791471981,0.2689,8
1791471986,0.2224,8
1791471991,0.2135,8
1791471996,0.2443,8
1791472001,0.2117,8
1791472006,0.2181,8
1791472011,0.2500,8
1791472016,0.2012,8
1791472021,0.1862,8
1791472026,0.1974,8
1791472031,0.1852,8
1791472036,0.1790,8
1791472041,0.2002,8
1791472046,0.1732,8
1791472051,0.1776,8
1791472056,0.1592,8
1791472061,0.1826,8
1791472066,0.1826,8
1791472071,0.2062,8
1791472076,0.1791,8
1791472081,0.1826,8
1791472086,0.1802,8
1791472091,0.2103,8
1791472096,0.1783,8
1791472101,0.1782,8
1791472106,0.2042,8
1791472111,0.1801,8
1791472116,0.1750,8
1791472121,0.2092,8
1791472126,0.1555,8
1791472131,0.1506,8
1791472136,0.1609,8
1791472141,0.1414,8
1791472146,0.1448,8
1791472151,0.1691,8
1791472156,0.1393,8
1791472161,0.1222,8
1791472166,0.1255,8
1791472171,0.0965,8
1791472176,0.0950,8
1791472181,0.1326,8
1791472186,0.0985,8
1791472191,0.1074,8
1791472196,0.1083,8
1791472201,0.0873,8
1791472206,0.0965,8
1791472211,0.0997,8
1791472216,0.1199,8
1791472221,0.1011,8
1791472226,0.0956,8
1791472231,0.1259,8
1791472236,0.0980,8
1791472241,0.1064,8
1791472246,0.1231,8
1791472251,0.1029,8
1791472256,0.0999,8
1791472261,0.1246,8
1791472266,0.0931,8
1791472271,0.0682,8
1791472276,0.0923,8
1791472281,0.0637,8
1791472286,0.0649,8
1791472291,0.0916,8
1791472296,0.0639,8
1791472301,0.0637,8
1791472306,0.0882,8
1791472312,0.0972,8
1791472317,0.1029,8
1791472322,0.1223,8
1791472327,0.1091,8
1791472332,0.0983,8
1791472337,0.1016,8
1791472342,0.1292,8
1791472347,0.1161,8
1791472352,0.1401,8
1791472357,0.1588,8
1791472362,0.1313,8
1791472367,0.1288,8
1791472372,0.1655,8
1791472377,0.1332,8
1791472382,0.1452,8
1791472387,0.1610,8
1791472392,0.1320,8
1791472397,0.1360,8
1791472402,0.1694,8
1791472407,0.1355,8
1791472412,0.1421,8
1791472417,0.1234,8
1791472422,0.1414,8
1791472427,0.1399,8
1791472432,0.1639,8
1791472437,0.1353,8
1791472442,0.1408,8
1791472447,0.1407,8
1791472452,0.1519,8
1791472457,0.1771,8
1791472462,0.1761,8
1791472467,0.2081,8
1791472472,0.1707,8
1791472477,0.1732,8
1791472482,0.1984,8
1791472487,0.1848,8
1791472492,0.2050,8
1791472497,0.2595,8
1791472502,0.2254,8
1791472507,0.2135,8
1791472512,0.2398,8
1791472517,0.2130,8
1791472522,0.2168,8
1791472527,0.2511,8
1791472532,0.2563,8
1791472537,0.2607,8
1791472542,0.2816,8
1791472547,0.2613,8
1791472552,0.2637,8
1791472557,0.2886,8
1791472562,0.2634,8
1791472567,0.2533,8
1791472572,0.2520,8
1791472577,0.2799,8
1791472582,0.2635,8
1791472587,0.2568,8
1791472592,0.2820,8
1791472597,0.2099,8
1791472602,0.2194,8
1791472607,0.2496,8
1791472612,0.2195,8
1791472617,0.2137,8
1791472622,0.2419,8
1791472627,0.2162,8
1791472632,0.1876,8
1791472637,0.2345,8
1791472642,0.2178,8
1791472647,0.2100,8
1791472652,0.2583,8
1791472657,0.2186,8
1791472662,0.2184,8
1791472667,0.2431,8
1791472672,0.2525,8
1791472677,0.2592,8
1791472682,0.2842,8
1791472687,0.2747,8
1791472692,0.2735,8
1791472697,0.2620,8
1791472702,0.2888,8
1791472707,0.2826,8
1791472712,0.3063,8
1791472717,0.3370,8
1791472722,0.3030,8
1791472727,0.3040,8
1791472732,0.3316,8
1791472737,0.2967,8
1791472742,0.3156,8
1791472747,0.3797,8
1791472752,0.3450,8
1791472757,0.3445,8
1791472762,0.3706,8
1791472767,0.3520,8
1791472772,0.3458,8
1791472777,0.3650,8
1791472782,0.3616,8
1791472787,0.3446,8
1791472792,0.3654,8
1791472797,0.3540,8
1791472802,0.3663,8
1791472807,0.3526,8
1791472812,0.3334,8
1791472817,0.3188,8
1791472822,0.3118,8
1791472827,0.3137,8
1791472832,0.2946,8
1791472837,0.3055,8
1791472842,0.3183,8
1791472847,0.2807,8
1791472852,0.2700,8
1791472857,0.2869,8
1791472862,0.2623,8
1791472867,0.2563,8
1791472872,0.2860,8
1791472877,0.2600,8
1791472882,0.2418,8
1791472887,0.2406,8
1791472892,0.2213,8
1791472897,0.2165,8
1791472902,0.2309,8
1791472907,0.2216,8
1791472912,0.2218,8
1791472917,0.2154,8
1791472922,0.2113,8
1791472927,0.1759,8
1791472932,0.1861,8
1791472937,0.2027,8
1791472942,0.1872,8
1791472947,0.1820,8
1791472952,0.2057,8
1791472957,0.1400,8
1791472962,0.1886,8
1791472967,0.1981,8
1791472972,0.1908,8
1791472977,0.1822,8
1791472982,0.2028,8
1791472987,0.1809,8
1791472992,0.1785,8
1791472997,0.2036,8
1791473002,0.1756,8
1791473007,0.1755,8
1791473012,0.2039,8
1791473017,0.1775,8
1791473022,0.1759,8
1791473027,0.1715,8
1791473032,0.1525,8
1791473037,0.1452,8
1791473042,0.1420,8
1791473047,0.1664,8
1791473052,0.1332,8
1791473057,0.1439,8
1791473062,0.1506,8
1791473067,0.1031,8
1791473072,0.1017,8
1791473077,0.1227,8
1791473082,0.0992,8
1791473087,0.1018,8
1791473092,0.1258,8
1791473097,0.0916,8
1791473102,0.0732,8
1791473107,0.1249,8
1791473112,0.0990,8
1791473117,0.0996,8
1791473122,0.1243,8
1791473127,0.0966,8
1791473132,0.1002,8
1791473137,0.1260,8
1791473142,0.1040,8
1791473147,0.0971,8
1791473152,0.1187,8
1791473157,0.1013,8
1791473162,0.1033,8
1791473167,0.0993,8
1791473172,0.0947,8
1791473177,0.0662,8
1791473182,0.0661,8
1791473187,0.0874,8
1791473192,0.0655,8
1791473197,0.0615,8
1791473202,0.0867,8
1791473207,0.0645,8
1791473212,0.0906,8
1791473217,0.1199,8
1791473222,0.1030,8
1791473227,0.0979,8
1791473232,0.1275,8
1791473238,0.1005,8
1791473243,0.1015,8
1791473248,0.1398,8
1791473253,0.1368,8
1791473258,0.1395,8
1791473263,0.1572,8
1791473268,0.1407,8
1791473273,0.1397,8
1791473278,0.1560,8
1791473283,0.1463,8
1791473288,0.1337,8
1791473293,0.1318,8
1791473298,0.1626,8
1791473303,0.1354,8
1791473308,0.1341,8
1791473313,0.1587,8
1791473318,0.1002,8
1791473323,0.1350,8
1791473328,0.1566,8
1791473333,0.1388,8
1791473338,0.1368,8
1791473343,0.1587,8
1791473348,0.1396,8
1791473353,0.1440,8
1791473358,0.2050,8
1791473363,0.1718,8
1791473368,0.1782,8
1791473373,0.1989,8
1791473378,0.1771,8
1791473383,0.1677,8
1791473388,0.2003,8
1791473393,0.2032,8
1791473398,0.2280,8
1791473403,0.2321,8
1791473408,0.2256,8
1791473413,0.2096,8
1791473418,0.2201,8
1791473423,0.2428,8
1791473428,0.2354,8
1791473433,0.2705,8
1791473438,0.2886,8
1791473443,0.2576,8
1791473448,0.2619,8
1791473453,0.2904,8
1791473458,0.2582,8
1791473463,0.2699,8
1791473468,0.2725,8
1791473473,0.2507,8
1791473478,0.2639,8
1791473483,0.2808,8
1791473488,0.2583,8
1791473493,0.2645,8
1791473498,0.2444,8
1791473503,0.2171,8
1791473508,0.2244,8
1791473513,0.2421,8
1791473518,0.2148,8
1791473523,0.2151,8
1791473528,0.2203,8
1791473533,0.2026,8
1791473538,0.2080,8
1791473543,0.2182,8
1791473548,0.2414,8
1791473553,0.2185,8
1791473558,0.2068,8
1791473563,0.2458,8
1791473568,0.2223,8
1791473573,0.2406,8
1791473578,0.2806,8
1791473583,0.2603,8
1791473588,0.2556,8
1791473593,0.2741,8
1791473598,0.2542,8
1791473603,0.2651,8
1791473608,0.3009,8
1791473613,0.3122,8
1791473618,0.2988,8
1791473623,0.3309,8
1791473628,0.3011,8
1791473633,0.3052,8
1791473638,0.3155,8
1791473643,0.3091,8
1791473648,0.3704,8
1791473653,0.3512,8
1791473658,0.3667,8
1791473663,0.3552,8
1791473668,0.3500,8
1791473673,0.3834,8
1791473678,0.3454,8
1791473683,0.3485,8
1791473688,0.3662,8
1791473693,0.3570,8
1791473698,0.3447,8
1791473703,0.3847,8
1791473708,0.3547,8
1791473713,0.3149,8
1791473718,0.3278,8
1791473723,0.3019,8
1791473728,0.3036,8
1791473733,0.3266,8
1791473738,0.3089,8
1791473743,0.2997,8
1791473748,0.2945,8
1791473753,0.2711,8
1791473758,0.2470,8
1791473763,0.2609,8
1791473768,0.2769,8
1791473773,0.2580,8
1791473778,0.2557,8
1791473783,0.2695,8
1791473788,0.2136,8
1791473793,0.2197,8
1791473798,0.2336,8
1791473803,0.2217,8
1791473808,0.2136,8
1791473813,0.2377,8
1791473818,0.2176,8
1791473823,0.1782,8
1791473828,0.1955,8
1791473833,0.1749,8
1791473838,0.1709,8
1791473843,0.1957,8
1791473848,0.1730,8
1791473853,0.1719,8
1791473858,0.1613,8
1791473863,0.1738,8
1791473868,0.1830,8
1791473873,0.1837,8
1791473878,0.1985,8
1791473883,0.1827,8
1791473888,0.1733,8
1791473893,0.2005,8
1791473898,0.1835,8
1791473903,0.1811,8
1791473908,0.2015,8
1791473913,0.1764,8
1791473918,0.1763,8
1791473923,0.2008,8
1791473928,0.1684,8
1791473933,0.1438,8
1791473938,0.1531,8
1791473943,0.1377,8
1791473948,0.1421,8
1791473953,0.1575,8
1791473958,0.1392,8
1791473963,0.1222,8
1791473968,0.1267,8
1791473973,0.1005,8
1791473978,0.0970,8
1791473983,0.1210,8
1791473988,0.1034,8
1791473993,0.0977,8
1791473998,0.0994,8
1791474003,0.0914,8
1791474008,0.1027,8
1791474013,0.1004,8
1791474018,0.1245,8
1791474023,0.0993,8
1791474028,0.0949,8
1791474033,0.1236,8
1791474038,0.0995,8
1791474043,0.0954,8
1791474048,0.1247,8
1791474053,0.1025,8
1791474058,0.0982,8
1791474063,0.1222,8
1791474068,0.0957,8
1791474073,0.0752,8
1791474078,0.0923,8
1791474083,0.0656,8
1791474088,0.0624,8
1791474093,0.0920,8
1791474098,0.0625,8
1791474103,0.0615,8
1791474108,0.0895,8
1791474113,0.0865,8
1791474118,0.0987,8
1791474123,0.1062,8
1791474128,0.1141,8
1791474133,0.0982,8
1791474138,0.0976,8
1791474143,0.1190,8
1791474148,0.1156,8
1791474153,0.1376,8
1791474158,0.1655,8
1791474164,0.1408,8
1791474169,0.1469,8
1791474174,0.1614,8
1791474179,0.1381,8
1791474184,0.1436,8
1791474189,0.1600,8
1791474194,0.1350,8
1791474199,0.1364,8
1791474204,0.1646,8
1791474209,0.1423,8
1791474214,0.1385,8
1791474219,0.1288,8
1791474224,0.1385,8
1791474229,0.1395,8
1791474234,0.1664,8
1791474239,0.1409,8
1791474244,0.1445,8
1791474249,0.1406,8
1791474254,0.1774,8
1791474259,0.1776,8
1791474264,0.1746,8
1791474269,0.2011,8
1791474274,0.1753,8
1791474279,0.1746,8
1791474284,0.2023,8
1791474289,0.1780,8
1791474294,0.1993,8
1791474299,0.2654,8
1791474304,0.2172,8
1791474309,0.2061,8
1791474314,0.2392,8
1791474319,0.2147,8
1791474324,0.2198,8
1791474329,0.2575,8
1791474334,0.2594,8
1791474339,0.2642,8
1791474344,0.2878,8
1791474349,0.2630,8
1791474354,0.2797,8
1791474359,0.2753,8
1791474364,0.2690,8
1791474369,0.2777,8
1791474374,0.2562,8
1791474379,0.2900,8
1791474384,0.2609,8
1791474389,0.2589,8
1791474394,0.2845,8
1791474399,0.2205,8
1791474404,0.2193,8
1791474409,0.2408,8
1791474414,0.2111,8
1791474419,0.2122,8
1791474424,0.2378,8
1791474429,0.2158,8
1791474434,0.1820,8
1791474439,0.2286,8
1791474444,0.2215,8
1791474449,0.2246,8
1791474454,0.2549,8
1791474459,0.2201,8
1791474464,0.2133,8
1791474469,0.2426,8
1791474474,0.2438,8
1791474479,0.2575,8
1791474484,0.2654,8
1791474489,0.2801,8
1791474494,0.2628,8
1791474499,0.2627,8
1791474504,0.2809,8
1791474509,0.2701,8
1791474514,0.3036,8
1791474519,0.3262,8
1791474524,0.3012,8
1791474529,0.3104,8
1791474534,0.3283,8
1791474539,0.3095,8
1791474544,0.3002,8
1791474549,0.3894,8
1791474554,0.3429,8
1791474559,0.3574,8
1791474564,0.3797,8
1791474569,0.3478,8
1791474574,0.3575,8
1791474579,0.3678,8
1791474584,0.3665,8
1791474589,0.3662,8
1791474594,0.3493,8
1791474599,0.3670,8
1791474604,0.3691,8
1791474609,0.3328,8
1791474614,0.3352,8
1791474619,0.3142,8
1791474624,0.3043,8
1791474629,0.3147,8
1791474634,0.3019,8
1791474639,0.3142,8
1791474644,0.3185,8
1791474649,0.2848,8
1791474654,0.2557,8
1791474659,0.2970,8
1791474664,0.2512,8
1791474669,0.2599,8
1791474674,0.2890,8
1791474679,0.2563,8
1791474684,0.2441,8
1791474689,0.2422,8
1791474694,0.2171,8
1791474699,0.2267,8
1791474704,0.2228,8
1791474709,0.2341,8
1791474714,0.2242,8
1791474719,0.2197,8
1791474724,0.2071,8
1791474729,0.1823,8
1791474734,0.1787,8
1791474739,0.2074,8
1791474744,0.1794,8
1791474749,0.1721,8
1791474754,0.2022,8
1791474759,0.1480,8
1791474764,0.1812,8
1791474769,0.2075,8
1791474774,0.1865,8
1791474779,0.1747,8
1791474784,0.2022,8
1791474789,0.1764,8
1791474794,0.1811,8
1791474799,0.2059,8
1791474804,0.1844,8
1791474809,0.1805,8
1791474814,0.2124,8
1791474819,0.1774,8
1791474824,0.1794,8
1791474829,0.1714,8
1791474834,0.1627,8
1791474839,0.1351,8
1791474844,0.1401,8
1791474849,0.1632,8
1791474854,0.1358,8
1791474859,0.1400,8
1791474864,0.1506,8
1791474869,0.1067,8
1791474874,0.1020,8
1791474879,0.1237,8
1791474884,0.1025,8
1791474889,0.1005,8
1791474894,0.1247,8
1791474899,0.0984,8
1791474904,0.0642,8
1791474909,0.1292,8
1791474914,0.1035,8
1791474919,0.1057,8
1791474924,0.1312,8
1791474929,0.0995,8
1791474934,0.1043,8
1791474939,0.1227,8
1791474944,0.1043,8
1791474949,0.1038,8
1791474954,0.1093,8
1791474959,0.1135,8
1791474964,0.1068,8
1791474969,0.1104,8
1791474974,0.1049,8
1791474979,0.0689,8
1791474984,0.0664,8
1791474989,0.0876,8
1791474994,0.0637,8
1791474999,0.0636,8
1791475004,0.0886,8
1791475009,0.0680,8
1791475014,0.0841,8
1791475019,0.1236,8
1791475024,0.1034,8
1791475029,0.0976,8
1791475034,0.1222,8
1791475039,0.0947,8
1791475044,0.1040,8
1791475049,0.1364,8
1791475054,0.1392,8
1791475059,0.1347,8
1791475064,0.1570,8
1791475069,0.1430,8
1791475074,0.1371,8
1791475079,0.1396,8
1791475084,0.1587,8
1791475090,0.1427,8
1791475095,0.1355,8
1791475100,0.1642,8
1791475105,0.1387,8
1791475110,0.1387,8
1791475115,0.1653,8
1791475120,0.1073,8
1791475125,0.1303,8
1791475130,0.1628,8
1791475135,0.1390,8
1791475140,0.1406,8
1791475145,0.1673,8
1791475150,0.1370,8
1791475155,0.1414,8
1791475160,0.1982,8
1791475165,0.1753,8
1791475170,0.1834,8
1791475175,0.2014,8
1791475180,0.1714,8
1791475185,0.1778,8
1791475190,0.2025,8
1791475195,0.1984,8
1791475200,0.2356,8
1791475205,0.2207,8
1791475210,0.2389,8
1791475215,0.2096,8
1791475220,0.2133,8
1791475225,0.2370,8
1791475230,0.2204,8
1791475235,0.2630,8
1791475240,0.2818,8
1791475245,0.2485,8
1791475250,0.2657,8
1791475255,0.2863,8
1791475260,0.2596,8
1791475265,0.2524,8
1791475270,0.2817,8
1791475275,0.2541,8
1791475280,0.2517,8
1791475285,0.2831,8
1791475290,0.2483,8
1791475295,0.2490,8
1791475300,0.2452,8
1791475305,0.2136,8
1791475310,0.2153,8
1791475315,0.2192,8
1791475320,0.2280,8
1791475325,0.2144,8
1791475330,0.2117,8
1791475335,0.2118,8
1791475340,0.1954,8
1791475345,0.2082,8
1791475350,0.2361,8
1791475355,0.2185,8
1791475360,0.2140,8
1791475365,0.2365,8
1791475370,0.2177,8
1791475375,0.2277,8
1791475380,0.2902,8
1791475385,0.2525,8
1791475390,0.2596,8
1791475395,0.2888,8
1791475400,0.2572,8
1791475405,0.2521,8
1791475410,0.3001,8
1791475415,0.2996,8
1791475420,0.3000,8
1791475425,0.3269,8
1791475430,0.2987,8
1791475435,0.3023,8
1791475440,0.2936,8
1791475445,0.3256,8
1791475450,0.3634,8
1791475455,0.3631,8
1791475460,0.3727,8
1791475465,0.3337,8
1791475470,0.3553,8
1791475475,0.3810,8
1791475480,0.3413,8
1791475485,0.3456,8
1791475490,0.3736,8
1791475495,0.3606,8
1791475500,0.3447,8
1791475505,0.3644,8
1791475510,0.3555,8
1791475515,0.3095,8
1791475520,0.3328,8
1791475525,0.2958,8
1791475530,0.2962,8
1791475535,0.3268,8
1791475540,0.2927,8
1791475545,0.3009,8
1791475550,0.2859,8
1791475555,0.2843,8
1791475560,0.2625,8
1791475565,0.2596,8
1791475570,0.2866,8
1791475575,0.2600,8
1791475580,0.2629,8
1791475585,0.2735,8
1791475590,0.2237,8
1791475595,0.2122,8
1791475600,0.2458,8
1791475605,0.2060,8
1791475610,0.2220,8
1791475615,0.2415,8
1791475620,0.2210,8
1791475625,0.1807,8
1791475630,0.2061,8
1791475635,0.1724,8
1791475640,0.1833,8
1791475645,0.2001,8
1791475650,0.1795,8
1791475655,0.1754,8
1791475660,0.1596,8
1791475665,0.1880,8
1791475670,0.1829,8
1791475675,0.1681,8
1791475680,0.1901,8
1791475685,0.1803,8
1791475690,0.1796,8
1791475695,0.1988,8
1791475700,0.1835,8
1791475705,0.1781,8
1791475710,0.2055,8
1791475715,0.1775,8
1791475720,0.1772,8
1791475725,0.1936,8
1791475730,0.1690,8
1791475735,0.1494,8
1791475740,0.1615,8
1791475745,0.1361,8
1791475750,0.1372,8
1791475755,0.1631,8
1791475760,0.1329,8
1791475765,0.1282,8
1791475770,0.1329,8
1791475775,0.1048,8
1791475780,0.1013,8
1791475785,0.1109,8
1791475790,0.1246,8
1791475795,0.1020,8
1791475800,0.1051,8
1791475805,0.0856,8
1791475810,0.1088,8
1791475815,0.0998,8
1791475820,0.1312,8
1791475825,0.1056,8
1791475830,0.1017,8
1791475835,0.1180,8
1791475840,0.0984,8
1791475845,0.1046,8
1791475850,0.1284,8
1791475855,0.1044,8
1791475860,0.0938,8
1791475865,0.1199,8
1791475870,0.1018,8
1791475875,0.0783,8
1791475880,0.0897,8
1791475885,0.0625,8
1791475890,0.0627,8
1791475895,0.0863,8
1791475900,0.0629,8
1791475905,0.0617,8
1791475910,0.0770,8
1791475915,0.0971,8
1791475920,0.0986,8
1791475925,0.1025,8
1791475930,0.1204,8
1791475935,0.0999,8
1791475940,0.1010,8
1791475945,0.1217,8
1791475950,0.1051,8
1791475955,0.1396,8
1791475960,0.1592,8
1791475965,0.1347,8
1791475970,0.1364,8
1791475975,0.1546,8
1791475980,0.1313,8
1791475985,0.1362,8
1791475990,0.1633,8
1791475995,0.1348,8
1791476000,0.1424,8
1791476005,0.1557,8
1791476010,0.1374,8
1791476016,0.1385,8
1791476021,0.1300,8
1791476026,0.1341,8
1791476031,0.1383,8
1791476036,0.1468,8
1791476041,0.1475,8
1791476046,0.1349,8
1791476051,0.1374,8
1791476056,0.1614,8
1791476061,0.1645,8
1791476066,0.1724,8
1791476071,0.2031,8
1791476076,0.1808,8
1791476081,0.1710,8
1791476086,0.1967,8
1791476091,0.1801,8
1791476096,0.1868,8
1791476101,0.2748,8
1791476106,0.2142,8
1791476111,0.2143,8
1791476116,0.2360,8
1791476121,0.2169,8
1791476126,0.2093,8
1791476131,0.2341,8
1791476136,0.2585,8
1791476141,0.2651,8
1791476146,0.2766,8
1791476151,0.2586,8
1791476156,0.2563,8
1791476161,0.2512,8
1791476166,0.2828,8
1791476171,0.2696,8
1791476176,0.2640,8
1791476181,0.2853,8
1791476186,0.2476,8
1791476191,0.2529,8
1791476196,0.2792,8
1791476201,0.2312,8
1791476206,0.2110,8
1791476211,0.2392,8
1791476216,0.2129,8
1791476221,0.2175,8
1791476226,0.2418,8
1791476231,0.2184,8
1791476236,0.1927,8
1791476241,0.2265,8
1791476246,0.2111,8
1791476251,0.2108,8
1791476256,0.2307,8
1791476261,0.2121,8
1791476266,0.2134,8
1791476271,0.2299,8
1791476276,0.2364,8
1791476281,0.2489,8
1791476286,0.2552,8
1791476291,0.2806,8
1791476296,0.2542,8
1791476301,0.2589,8
1791476306,0.2808,8
1791476311,0.2511,8
1791476316,0.2923,8
1791476321,0.3195,8
1791476326,0.2882,8
1791476331,0.2921,8
1791476336,0.3296,8
1791476341,0.2900,8
1791476346,0.2926,8
1791476351,0.3682,8
1791476356,0.3505,8
1791476361,0.3419,8
1791476366,0.3621,8
1791476371,0.3367,8
1791476376,0.3478,8
1791476381,0.3733,8
1791476386,0.3725,8
1791476391,0.3571,8
1791476396,0.3564,8
1791476401,0.3786,8
1791476406,0.3476,8
1791476411,0.3390,8
1791476416,0.3443,8
1791476421,0.3091,8
1791476426,0.2927,8
1791476431,0.3357,8
1791476436,0.2981,8
1791476441,0.3005,8
1791476446,0.3355,8
1791476451,0.2946,8
1791476456,0.2635,8
1791476461,0.2871,8
1791476466,0.2507,8
1791476471,0.2585,8
1791476476,0.2734,8
1791476481,0.2549,8
1791476486,0.2422,8
1791476491,0.2396,8
1791476496,0.2212,8
1791476501,0.2117,8
1791476506,0.2084,8
1791476511,0.2404,8
1791476516,0.2099,8
1791476521,0.2160,8
1791476526,0.2007,8
1791476531,0.1756,8
1791476536,0.1766,8
1791476541,0.1949,8
1791476546,0.1692,8
1791476551,0.1743,8
1791476556,0.1991,8
1791476561,0.1465,8
1791476566,0.1662,8
1791476571,0.2053,8
1791476576,0.1892,8
1791476581,0.1858,8
1791476586,0.2071,8
1791476591,0.1758,8
1791476596,0.1763,8
1791476601,0.2006,8
1791476606,0.1757,8
1791476611,0.1787,8
1791476616,0.1882,8
1791476621,0.1779,8
1791476626,0.1696,8
1791476631,0.1701,8
1791476636,0.1645,8
1791476641,0.1424,8
1791476646,0.1399,8
1791476651,0.1583,8
1791476656,0.1390,8
1791476661,0.1371,8
1791476666,0.1514,8
1791476671,0.1038,8
1791476676,0.0996,8
1791476681,0.1236,8
1791476686,0.0991,8
1791476691,0.0995,8
1791476696,0.1229,8
1791476701,0.0995,8
1791476706,0.0595,8
1791476711,0.1239,8
1791476716,0.0998,8
1791476721,0.0987,8
1791476726,0.1190,8
1791476731,0.1010,8
1791476736,0.0980,8
1791476741,0.1131,8
1791476746,0.1103,8
1791476751,0.1030,8
1791476756,0.0984,8
1791476761,0.1218,8
1791476766,0.0982,8
1791476771,0.0991,8
1791476776,0.1075,8
1791476781,0.0685,8
1791476786,0.0625,8
1791476791,0.0872,8
1791476796,0.0571,8
1791476801,0.0615,8
1791476806,0.0873,8
1791476811,0.0642,8
1791476816,0.0785,8
1791476821,0.1265,8
1791476826,0.0996,8
1791476831,0.0980,8
1791476836,0.1221,8
1791476841,0.0990,8
1791476846,0.0987,8
1791476851,0.1261,8
1791476856,0.1465,8
1791476861,0.1357,8
1791476866,0.1571,8
1791476871,0.1462,8
1791476876,0.1361,8
1791476881,0.1491,8
1791476886,0.1610,8
1791476891,0.1448,8
1791476896,0.1438,8
1791476901,0.1613,8
1791476906,0.1375,8
1791476911,0.1414,8
1791476916,0.1643,8
1791476921,0.1145,8
1791476927,0.1305,8
1791476932,0.1660,8
1791476937,0.1380,8
1791476942,0.1371,8
1791476947,0.1594,8
1791476952,0.1423,8
1791476957,0.1505,8
1791476962,0.1913,8
1791476967,0.1746,8
1791476972,0.1761,8
1791476977,0.1931,8
1791476982,0.1742,8
1791476987,0.1721,8
1791476992,0.1776,8
1791476997,0.1944,8
1791477002,0.2324,8
1791477007,0.2007,8
1791477012,0.2281,8
1791477017,0.2068,8
1791477022,0.2031,8
1791477027,0.2211,8
1791477032,0.2042,8
1791477037,0.2494,8
1791477042,0.2667,8
1791477047,0.2464,8
1791477052,0.2491,8
1791477057,0.2671,8
1791477062,0.2440,8
1791477067,0.2427,8
1791477072,0.2724,8
1791477077,0.2443,8
1791477082,0.2410,8
1791477087,0.2781,8
1791477092,0.2423,8
1791477097,0.2379,8
1791477102,0.2431,8
1791477107,0.2109,8
1791477112,0.2062,8
1791477117,0.2206,8
1791477122,0.2202,8
1791477127,0.1987,8
1791477132,0.2069,8
1791477137,0.2095,8
1791477142,0.1908,8
1791477147,0.2005,8
1791477152,0.2306,8
1791477157,0.1978,8
1791477162,0.2015,8
1791477167,0.2280,8
1791477172,0.2137,8
1791477177,0.2189,8
1791477182,0.2658,8
1791477187,0.2427,8
1791477192,0.2470,8
1791477197,0.2758,8
1791477202,0.2532,8
1791477207,0.2480,8
1791477212,0.2702,8
1791477217,0.2985,8
1791477222,0.2847,8
1791477227,0.3127,8
1791477232,0.2857,8
1791477237,0.2880,8
1791477242,0.2999,8
1791477247,0.3034,8
1791477252,0.3351,8
1791477257,0.3460,8
1791477262,0.3651,8
1791477267,0.3317,8
1791477272,0.3258,8
1791477277,0.3574,8
1791477282,0.3193,8
1791477287,0.3332,8
1791477292,0.3576,8
1791477297,0.3177,8
1791477302,0.3312,8
1791477307,0.3512,8
1791477312,0.3451,8
1791477317,0.2993,8
1791477322,0.3211,8
1791477327,0.2922,8
1791477332,0.2904,8
1791477337,0.3097,8
1791477342,0.2763,8
1791477347,0.2843,8
1791477352,0.2925,8
1791477357,0.2569,8
1791477362,0.2483,8
1791477367,0.2474,8
1791477372,0.2739,8
1791477377,0.2523,8
1791477382,0.2449,8
1791477387,0.2582,8
1791477392,0.2029,8
1791477397,0.1996,8
1791477402,0.2270,8
1791477407,0.2038,8
1791477412,0.2083,8
1791477417,0.2331,8
1791477422,0.2140,8
1791477427,0.1725,8
1791477432,0.1970,8
1791477437,0.1715,8
1791477442,0.1680,8
1791477447,0.1880,8
1791477452,0.1709,8
1791477457,0.1738,8
1791477462,0.1654,8
1791477467,0.1594,8
1791477472,0.1657,8
1791477477,0.1779,8
1791477482,0.1754,8
1791477487,0.1649,8
1791477492,0.1673,8
1791477497,0.2011,8
1791477502,0.1688,8
1791477507,0.1666,8
1791477512,0.1954,8
1791477517,0.1654,8
1791477522,0.1628,8
1791477527,0.1863,8
1791477532,0.1655,8
1791477537,0.1299,8
1791477542,0.1559,8
1791477547,0.1286,8
1791477552,0.1310,8
1791477557,0.1516,8
1791477562,0.1298,8
1791477567,0.1264,8
1791477572,0.1200,8
1791477577,0.0975,8
1791477582,0.0958,8
1791477587,0.1206,8
1791477592,0.1026,8
1791477597,0.0946,8
1791477602,0.1159,8
1791477607,0.0764,8
1791477612,0.0974,8
1791477617,0.0969,8
1791477622,0.1222,8
1791477627,0.0950,8
1791477632,0.0953,8
1791477637,0.1171,8
1791477642,0.0962,8
1791477647,0.1066,8
1791477652,0.1254,8
1791477657,0.0960,8
1791477662,0.0992,8
1791477667,0.1132,8
1791477672,0.0956,8
1791477677,0.0821,8
1791477682,0.0886,8
1791477687,0.0602,8
1791477692,0.0644,8
1791477697,0.0824,8
1791477702,0.0595,8
1791477707,0.0605,8
1791477712,0.0888,8
1791477717,0.0732,8
1791477722,0.0948,8
1791477727,0.1154,8
1791477732,0.0994,8
1791477737,0.0961,8
1791477742,0.0995,8
1791477747,0.1142,8
1791477752,0.1002,8
1791477757,0.1368,8
1791477762,0.1543,8
1791477767,0.1325,8
1791477772,0.1289,8
1791477777,0.1522,8
1791477782,0.1324,8
1791477787,0.1306,8
1791477792,0.1578,8
1791477797,0.1319,8
1791477802,0.1333,8
1791477807,0.1554,8
1791477812,0.1338,8
1791477817,0.1298,8
1791477822,0.1297,8
1791477827,0.1315,8
1791477832,0.1431,8
1791477837,0.1639,8
1791477842,0.1452,8
1791477847,0.1331,8
1791477852,0.1570,8
1791477857,0.1455,8
1791477862,0.1599,8
1791477868,0.1716,8
1791477873,0.1853,8
1791477878,0.1753,8
1791477883,0.1641,8
1791477888,0.1926,8
1791477893,0.1704,8
1791477898,0.1754,8
1791477903,0.2672,8
1791477908,0.2106,8
1791477913,0.2071,8
1791477918,0.2304,8
1791477923,0.2017,8
1791477928,0.2035,8
1791477933,0.2299,8
1791477938,0.2474,8
1791477943,0.2412,8
1791477948,0.2680,8
1791477953,0.2473,8
1791477958,0.2480,8
1791477963,0.2710,8
1791477968,0.2405,8
1791477973,0.2572,8
1791477978,0.2829,8
1791477983,0.2511,8
1791477988,0.2512,8
1791477993,0.2539,8
1791477998,0.2693,8
1791478003,0.2211,8
1791478008,0.2100,8
1791478013,0.2338,8
1791478018,0.2081,8
1791478023,0.2064,8
1791478028,0.2308,8
1791478033,0.2089,8
1791478038,0.1972,8
1791478043,0.2126,8
1791478048,0.2052,8
1791478053,0.2118,8
1791478058,0.2276,8
1791478063,0.2012,8
1791478068,0.2173,8
1791478073,0.2344,8
1791478078,0.2168,8
1791478083,0.2525,8
1791478088,0.2724,8
1791478093,0.2505,8
1791478098,0.2484,8
1791478103,0.2784,8
1791478108,0.2574,8
1791478113,0.2564,8
1791478118,0.3001,8
1791478123,0.3062,8
1791478128,0.2910,8
1791478133,0.2905,8
1791478138,0.3112,8
1791478143,0.2971,8
1791478148,0.2854,8
1791478153,0.3415,8
1791478158,0.3395,8
1791478163,0.3359,8
1791478168,0.3549,8
1791478173,0.3350,8
1791478178,0.3278,8
1791478183,0.3562,8
1791478188,0.3408,8
1791478193,0.3313,8
1791478198,0.3621,8
1791478203,0.3323,8
1791478208,0.3332,8
1791478213,0.3599,8
1791478218,0.3125,8
1791478223,0.2915,8
1791478228,0.2808,8
1791478233,0.3040,8
1791478238,0.2773,8
1791478243,0.2950,8
1791478248,0.3143,8
1791478253,0.2808,8
1791478258,0.2526,8
1791478263,0.2732,8
1791478268,0.2516,8
1791478273,0.2561,8
1791478278,0.2742,8
1791478283,0.2504,8
1791478288,0.2474,8
1791478293,0.2249,8
1791478298,0.2066,8
1791478303,0.2074,8
1791478308,0.2311,8
1791478313,0.2110,8
1791478318,0.2094,8
1791478323,0.2375,8
1791478328,0.1810,8
1791478333,0.1751,8
1791478338,0.1944,8
1791478343,0.1701,8
1791478348,0.1684,8
1791478353,0.1743,8
1791478358,0.1945,8
1791478363,0.1423,8
1791478368,0.1636,8
1791478373,0.1934,8
1791478378,0.1651,8
1791478383,0.1682,8
1791478388,0.1903,8
1791478393,0.1667,8
1791478398,0.1785,8
1791478403,0.1994,8
1791478408,0.1706,8
1791478413,0.1797,8
1791478418,0.1920,8
1791478423,0.1656,8
1791478428,0.1736,8
1791478433,0.1913,8
1791478438,0.1367,8
1791478443,0.1317,8
1791478448,0.1533,8
1791478453,0.1336,8
1791478458,0.1323,8
1791478463,0.1424,8
1791478468,0.1329,8
1791478473,0.1003,8
1791478478,0.0987,8
1791478483,0.1177,8
1791478488,0.0968,8
1791478493,0.0980,8
1791478498,0.1212,8
1791478503,0.0954,8
1791478508,0.0691,8
1791478513,0.1127,8
1791478518,0.0976,8
1791478523,0.0964,8
1791478528,0.1221,8
1791478533,0.0981,8
1791478538,0.0960,8
1791478543,0.1208,8
1791478548,0.1021,8
1791478553,0.1003,8
1791478558,0.1197,8
1791478563,0.0985,8
1791478568,0.0965,8
1791478573,0.1163,8
1791478578,0.0872,8
1791478583,0.0607,8
1791478588,0.0685,8
1791478593,0.0819,8
1791478598,0.0638,8
1791478603,0.0598,8
1791478608,0.0868,8
1791478613,0.0629,8
1791478618,0.0672,8
1791478623,0.1264,8
1791478628,0.0993,8
1791478633,0.0948,8
1791478638,0.1189,8
1791478643,0.0966,8
1791478648,0.0948,8
1791478653,0.1216,8
1791478658,0.1378,8
1791478663,0.1313,8
1791478668,0.1596,8
1791478673,0.1280,8
1791478678,0.1272,8
1791478683,0.1564,8
1791478688,0.1285,8
1791478693,0.1381,8
1791478698,0.1637,8
1791478703,0.1331,8
1791478708,0.1309,8
1791478713,0.1403,8
1791478718,0.1497,8
1791478723,0.1126,8
1791478728,0.1297,8
1791478733,0.1642,8
1791478738,0.1370,8
1791478743,0.1372,8
1791478748,0.1650,8
1791478753,0.1312,8
1791478758,0.1474,8
1791478763,0.1762,8
1791478768,0.1636,8
1791478773,0.1790,8
1791478778,0.2146,8
1791478783,0.1727,8
1791478788,0.1775,8
1791478793,0.1976,8
1791478798,0.1779,8
1791478803,0.2439,8
1791478808,0.2300,8
1791478813,0.2096,8
1791478818,0.2139,8
1791478824,0.2315,8
1791478829,0.2066,8
1791478834,0.2211,8
1791478839,0.2572,8
1791478844,0.2628,8
1791478849,0.2606,8
1791478854,0.2578,8
1791478859,0.2737,8
1791478864,0.2640,8
1791478869,0.2545,8
1791478874,0.2841,8
1791478879,0.2530,8
1791478884,0.2506,8
1791478889,0.2712,8
1791478894,0.2545,8
1791478899,0.2498,8
1791478904,0.2576,8
1791478909,0.2104,8
1791478914,0.2089,8
1791478919,0.2267,8
1791478924,0.2131,8
1791478929,0.2089,8
1791478934,0.2320,8
1791478939,0.2063,8
1791478944,0.1884,8
1791478949,0.2384,8
1791478954,0.2224,8
1791478959,0.2317,8
1791478964,0.2273,8
1791478969,0.2444,8
1791478974,0.2135,8
1791478979,0.2203,8
1791478984,0.2857,8
1791478989,0.2529,8
1791478994,0.2534,8
1791478999,0.2750,8
1791479004,0.2517,8
1791479009,0.2470,8
1791479014,0.2762,8
1791479019,0.2931,8
1791479024,0.2880,8
1791479029,0.3156,8
1791479034,0.2971,8
1791479039,0.2901,8
1791479044,0.3203,8
1791479049,0.2959,8
1791479054,0.3262,8
1791479059,0.3730,8
1791479064,0.3396,8
1791479069,0.3334,8
1791479074,0.3525,8
1791479079,0.3422,8
1791479084,0.3306,8
1791479089,0.3318,8
1791479094,0.3606,8
1791479099,0.3386,8
1791479104,0.3332,8
1791479109,0.3608,8
1791479114,0.3278,8
1791479119,0.3221,8
1791479124,0.3081,8
1791479129,0.2857,8
1791479134,0.2942,8
1791479139,0.3087,8
1791479144,0.2783,8
1791479149,0.2936,8
1791479154,0.3055,8
1791479159,0.2515,8
1791479164,0.2507,8
1791479169,0.2702,8
1791479174,0.2458,8
1791479179,0.2450,8
1791479184,0.2676,8
1791479189,0.2481,8
1791479194,0.2090,8
1791479199,0.2052,8
1791479204,0.2245,8
1791479209,0.2089,8
1791479214,0.2034,8
1791479219,0.2297,8
1791479224,0.2137,8
1791479229,0.1832,8
1791479234,0.1917,8
1791479239,0.1770,8
1791479244,0.1676,8
1791479249,0.1978,8
1791479254,0.1743,8
1791479259,0.1768,8
1791479264,0.1635,8
1791479269,0.1645,8
1791479274,0.1752,8
1791479279,0.2021,8
1791479284,0.1776,8
1791479289,0.1685,8
1791479294,0.1942,8
1791479299,0.1725,8
1791479304,0.1795,8
1791479309,0.1958,8
1791479314,0.1783,8
1791479319,0.1798,8
1791479324,0.1720,8
1791479329,0.2014,8
1791479334,0.1781,8
1791479339,0.1450,8
1791479344,0.1570,8
1791479349,0.1362,8
1791479354,0.1335,8
1791479359,0.1680,8
1791479364,0.1327,8
1791479369,0.1336,8
1791479374,0.1246,8
1791479379,0.1019,8
1791479384,0.1021,8
1791479389,0.1220,8
1791479394,0.0988,8
1791479399,0.1014,8
1791479404,0.1212,8
1791479409,0.0748,8
1791479414,0.0880,8
1791479419,0.1208,8
1791479424,0.0942,8
1791479429,0.0963,8
1791479434,0.1161,8
1791479439,0.0976,8
1791479444,0.0906,8
1791479449,0.1000,8
1791479454,0.1144,8
1791479459,0.0940,8
1791479464,0.0996,8
1791479469,0.1174,8
1791479474,0.0935,8
1791479479,0.0903,8
1791479484,0.0836,8
1791479489,0.0610,8
1791479494,0.0623,8
1791479499,0.0844,8
1791479504,0.0612,8
1791479509,0.0648,8
1791479514,0.0853,8
1791479519,0.0630,8
1791479524,0.1001,8
1791479529,0.1224,8
1791479534,0.0948,8
1791479539,0.1033,8
1791479544,0.1182,8
1791479549,0.0929,8
1791479554,0.0995,8
1791479559,0.1578,8
1791479564,0.1313,8
1791479569,0.1387,8
1791479574,0.1408,8
1791479579,0.1512,8
1791479584,0.1375,8
1791479589,0.1308,8
1791479594,0.1556,8
1791479599,0.1356,8
1791479604,0.1339,8
1791479609,0.1569,8
1791479614,0.1352,8
1791479619,0.1364,8
1791479624,0.1359,8
1791479629,0.1295,8
1791479634,0.1356,8
1791479639,0.1619,8
1791479644,0.1397,8
1791479649,0.1442,8
1791479654,0.1562,8
1791479659,0.1405,8
1791479664,0.1484,8
1791479669,0.1949,8
1791479674,0.1770,8
1791479679,0.1744,8
1791479684,0.1850,8
1791479689,0.1733,8
1791479694,0.1703,8
1791479699,0.1823,8
1791479704,0.2259,8
1791479709,0.2120,8
1791479714,0.2005,8
1791479719,0.2437,8
1791479724,0.2089,8
1791479729,0.2043,8
1791479734,0.2360,8
1791479739,0.2446,8
1791479744,0.2480,8
1791479749,0.2792,8
1791479754,0.2475,8
1791479759,0.2435,8
1791479764,0.2652,8
1791479769,0.2455,8
1791479775,0.2463,8
1791479780,0.2768,8
1791479785,0.2532,8
1791479790,0.2484,8
1791479795,0.2761,8
1791479800,0.2442,8
1791479805,0.2265,8
1791479810,0.2507,8
1791479815,0.2128,8
1791479820,0.2130,8
1791479825,0.2191,8
1791479830,0.2212,8
1791479835,0.2115,8
1791479840,0.2097,8
1791479845,0.2106,8
1791479850,0.2136,8
1791479855,0.2149,8
1791479860,0.2428,8
1791479865,0.2120,8
1791479870,0.2201,8
1791479875,0.2423,8
1791479880,0.2204,8
1791479885,0.2544,8
1791479890,0.2732,8
1791479895,0.2455,8
1791479900,0.2508,8
1791479905,0.2706,8
1791479910,0.2498,8
1791479915,0.2553,8
1791479920,0.3115,8
1791479925,0.2841,8
1791479930,0.2950,8
1791479935,0.3082,8
1791479940,0.2855,8
1791479945,0.2861,8
1791479950,0.2952,8
1791479955,0.3431,8
1791479960,0.3427,8
1791479965,0.3282,8
1791479970,0.3554,8
1791479975,0.3369,8
1791479980,0.3396,8
1791479985,0.3514,8
1791479990,0.3543,8
1791479995,0.3360,8
1791480000,0.3651,8
1791480005,0.3377,8
1791480010,0.3237,8
1791480015,0.3414,8
1791480020,0.3259,8
1791480025,0.2872,8
1791480030,0.3214,8
1791480035,0.2852,8
1791480040,0.2942,8
1791480045,0.3027,8
1791480050,0.2861,8
1791480055,0.2790,8
1791480060,0.2443,8
1791480065,0.2650,8
1791480070,0.2474,8
1791480075,0.2514,8
1791480080,0.2762,8
1791480085,0.2388,8
1791480090,0.2463,8
1791480095,0.2412,8
1791480100,0.2070,8
1791480105,0.2025,8
1791480110,0.2275,8
1791480115,0.2043,8
1791480120,0.2038,8
1791480125,0.2263,8
1791480130,0.1842,8
1791480135,0.1648,8
1791480140,0.1893,8
1791480145,0.1633,8
1791480150,0.1642,8
1791480155,0.1926,8
1791480160,0.1663,8
1791480165,0.1542,8
1791480170,0.1869,8
1791480175,0.1733,8
1791480180,0.1722,8
1791480185,0.1765,8
1791480190,0.1993,8
1791480195,0.1740,8
1791480200,0.1765,8
1791480205,0.1991,8
1791480210,0.1775,8
1791480215,0.1694,8
1791480220,0.1914,8
1791480225,0.1636,8
1791480230,0.1790,8
1791480235,0.1936,8
1791480240,0.1351,8
1791480245,0.1341,8
1791480250,0.1560,8
1791480255,0.1330,8
1791480260,0.1349,8
1791480265,0.1587,8
1791480270,0.1324,8
1791480275,0.1035,8
1791480280,0.1232,8
1791480285,0.0954,8
1791480290,0.1006,8
1791480295,0.1235,8
1791480300,0.1007,8
1791480305,0.1004,8
1791480310,0.0780,8
1791480315,0.0996,8
1791480320,0.1025,8
1791480325,0.0954,8
1791480330,0.1211,8
1791480335,0.0957,8
1791480340,0.0969,8
1791480345,0.1183,8
1791480350,0.1036,8
1791480355,0.0955,8
1791480360,0.1209,8
1791480365,0.0997,8
1791480370,0.0993,8
1791480375,0.1161,8
1791480380,0.0911,8
1791480385,0.0634,8
1791480390,0.0858,8
1791480395,0.0603,8
1791480400,0.0629,8
1791480405,0.0849,8
1791480410,0.0659,8
1791480415,0.0570,8
1791480420,0.0901,8
1791480425,0.1011,8
1791480430,0.0975,8
1791480435,0.1068,8
1791480440,0.1104,8
1791480445,0.0927,8
1791480450,0.0979,8
1791480455,0.1186,8
1791480460,0.1309,8
1791480465,0.1287,8
1791480470,0.1601,8
1791480475,0.1350,8
1791480480,0.1343,8
1791480485,0.1583,8
1791480490,0.1368,8
1791480495,0.1381,8
1791480500,0.1661,8
1791480505,0.1342,8
1791480510,0.1386,8
1791480515,0.1631,8
1791480520,0.1320,8
1791480525,0.1228,8
1791480530,0.1467,8
1791480535,0.1360,8
1791480540,0.1403,8
1791480545,0.1588,8
1791480550,0.1347,8
1791480555,0.1365,8
1791480560,0.1681,8
1791480565,0.1661,8
1791480570,0.1740,8
1791480575,0.1748,8
1791480580,0.2009,8
1791480585,0.1663,8
1791480590,0.1705,8
1791480595,0.1948,8
1791480600,0.1715,8
1791480605,0.2400,8
1791480610,0.2423,8
1791480615,0.2092,8
1791480620,0.2173,8
1791480625,0.2338,8
1791480630,0.2148,8
1791480635,0.2161,8
1791480640,0.2801,8
1791480645,0.2499,8
1791480650,0.2526,8
1791480655,0.2754,8
1791480660,0.2499,8
1791480665,0.2440,8
1791480670,0.2857,8
1791480675,0.2546,8
1791480680,0.2639,8
1791480685,0.2621,8
1791480690,0.2804,8
1791480695,0.2498,8
1791480700,0.2494,8
1791480705,0.2536,8
1791480710,0.2257,8
1791480715,0.2145,8
1791480720,0.2404,8
1791480725,0.2133,8
1791480730,0.2148,8
1791480735,0.2355,8
1791480741,0.2086,8
1791480746,0.1783,8
1791480751,0.2301,8
1791480756,0.2067,8
1791480761,0.2055,8
1791480766,0.2258,8
1791480771,0.2137,8
1791480776,0.2156,8
1791480781,0.2408,8
1791480786,0.2512,8
1791480791,0.2548,8
1791480796,0.2772,8
1791480801,0.2556,8
1791480806,0.2437,8
1791480811,0.2514,8
1791480816,0.2740,8
1791480821,0.2957,8
1791480826,0.2864,8
1791480831,0.3163,8
1791480836,0.2879,8
1791480841,0.2858,8
1791480846,0.3060,8
1791480851,0.2933,8
1791480856,0.3233,8
1791480861,0.3501,8
1791480866,0.3320,8
1791480871,0.3144,8
1791480876,0.3628,8
1791480881,0.3270,8
1791480886,0.3226,8
1791480891,0.3645,8
1791480896,0.3226,8
1791480901,0.3215,8
1791480906,0.3674,8
1791480911,0.3377,8
1791480916,0.3285,8
1791480921,0.3496,8
1791480926,0.3158,8
1791480931,0.2941,8
1791480936,0.2889,8
1791480941,0.3093,8
1791480946,0.2797,8
1791480951,0.2825,8
1791480956,0.3089,8
1791480961,0.2420,8
1791480966,0.2488,8
1791480971,0.2725,8
1791480976,0.2381,8
1791480981,0.2483,8
1791480986,0.2637,8
1791480991,0.2462,8
1791480996,0.2190,8
1791481001,0.2353,8
1791481006,0.2076,8
1791481011,0.2069,8
1791481016,0.2302,8
1791481021,0.2119,8
1791481026,0.2023,8
1791481031,0.2106,8
1791481036,0.1754,8
1791481041,0.1767,8
1791481046,0.1720,8
1791481051,0.1964,8
1791481056,0.1798,8
1791481061,0.1725,8
1791481066,0.1805,8
1791481071,0.1608,8
1791481076,0.1754,8
1791481081,0.2034,8
1791481086,0.1853,8
1791481091,0.1824,8
1791481096,0.1943,8
1791481101,0.1788,8
1791481106,0.1796,8
1791481111,0.1944,8
1791481116,0.1797,8
1791481121,0.1777,8
1791481126,0.2067,8
1791481131,0.1798,8
1791481136,0.1780,8
1791481141,0.1616,8
1791481146,0.1375,8
1791481151,0.1354,8
1791481156,0.1560,8
1791481161,0.1445,8
1791481166,0.1336,8
1791481171,0.1366,8
1791481176,0.1277,8
1791481181,0.0993,8
1791481186,0.0947,8
1791481191,0.1226,8
1791481196,0.0962,8
1791481201,0.0955,8
1791481206,0.1187,8
1791481211,0.0795,8
1791481216,0.0813,8
1791481221,0.1230,8
1791481226,0.0974,8
1791481231,0.0966,8
1791481236,0.1197,8
1791481241,0.0981,8
1791481246,0.0941,8
1791481251,0.1260,8
1791481256,0.1034,8
1791481261,0.0949,8
1791481266,0.1190,8
1791481271,0.0998,8
1791481276,0.0962,8
1791481281,0.1151,8
1791481286,0.0628,8
1791481291,0.0632,8
1791481296,0.0663,8
1791481301,0.0745,8
1791481306,0.0622,8
1791481311,0.0580,8
1791481316,0.0838,8
1791481321,0.0620,8
1791481326,0.0978,8
1791481331,0.1218,8
1791481336,0.1029,8
1791481341,0.0989,8
1791481346,0.1212,8
1791481351,0.1012,8
1791481356,0.1001,8
1791481361,0.1633,8
1791481366,0.1386,8
1791481371,0.1381,8
1791481376,0.1595,8
1791481381,0.1367,8
1791481386,0.1377,8
1791481391,0.1571,8
1791481396,0.1403,8
1791481401,0.1345,8
1791481406,0.1526,8
1791481411,0.1352,8
1791481416,0.1337,8
1791481421,0.1455,8
1791481426,0.1370,8
1791481431,0.1175,8
1791481436,0.1382,8
1791481441,0.1677,8
1791481446,0.1373,8
1791481451,0.1427,8
1791481456,0.1714,8
1791481461,0.1485,8
1791481466,0.1587,8
1791481471,0.2038,8
1791481476,0.1765,8
1791481481,0.1731,8
1791481486,0.1943,8
1791481491,0.2050,8
1791481496,0.1719,8
1791481501,0.2030,8
1791481506,0.2123,8
1791481511,0.2102,8
1791481516,0.2373,8
1791481521,0.2142,8
1791481526,0.2223,8
1791481531,0.2279,8
1791481536,0.2145,8
1791481541,0.2393,8
1791481546,0.2606,8
1791481551,0.2625,8
1791481556,0.2430,8
1791481561,0.2493,8
1791481566,0.2641,8
1791481571,0.2491,8
1791481576,0.2548,8
1791481581,0.2668,8
1791481586,0.2491,8
1791481591,0.2480,8
1791481596,0.2685,8
1791481601,0.2539,8
1791481606,0.2393,8
1791481611,0.2372,8
1791481616,0.2094,8
1791481621,0.2113,8
1791481626,0.2377,8
1791481631,0.2173,8
1791481636,0.2123,8
1791481641,0.2294,8
1791481646,0.1692,8
1791481651,0.2208,8
1791481656,0.2435,8
1791481661,0.2188,8
1791481666,0.2251,8
1791481671,0.2276,8
1791481676,0.2389,8
1791481681,0.2202,8
1791481687,0.2518,8
1791481692,0.2888,8
1791481697,0.2578,8
1791481702,0.2575,8
1791481707,0.2779,8
1791481712,0.2612,8
1791481717,0.2629,8
1791481722,0.3096,8
1791481727,0.2959,8
1791481732,0.3000,8
1791481737,0.3166,8
1791481742,0.2983,8
1791481747,0.2978,8
1791481752,0.3264,8
1791481757,0.3233,8
1791481762,0.3384,8
1791481767,0.3568,8
1791481772,0.3372,8
1791481777,0.3416,8
1791481782,0.3422,8
1791481787,0.3504,8
1791481792,0.3389,8
1791481797,0.3451,8
1791481802,0.3567,8
1791481807,0.3252,8
1791481812,0.3350,8
1791481817,0.3608,8
1791481822,0.3330,8
1791481827,0.3021,8
1791481832,0.3212,8
1791481837,0.2825,8
1791481842,0.2776,8
1791481847,0.3172,8
1791481852,0.2842,8
1791481857,0.2989,8
1791481862,0.2673,8
1791481867,0.2464,8
1791481872,0.2471,8
1791481877,0.2780,8
1791481882,0.2483,8
1791481887,0.2419,8
1791481892,0.2659,8
1791481897,0.2104,8
1791481902,0.2109,8
1791481907,0.2122,8
1791481912,0.2345,8
1791481917,0.2104,8
1791481922,0.2062,8
1791481927,0.2383,8
1791481932,0.2000,8
1791481937,0.1873,8
1791481942,0.2006,8
1791481947,0.1816,8
1791481952,0.1819,8
1791481957,0.2002,8
1791481962,0.1802,8
1791481967,0.1610,8
1791481972,0.1758,8
1791481977,0.1804,8
1791481982,0.1836,8
1791481987,0.1971,8
1791481992,0.1732,8
1791481997,0.1711,8
1791482002,0.1994,8
1791482007,0.1792,8
1791482012,0.1725,8
1791482017,0.1873,8
1791482022,0.1840,8
1791482027,0.1772,8
1791482032,0.1753,8
1791482037,0.2030,8
1791482042,0.1307,8
1791482047,0.1327,8
1791482052,0.1642,8
1791482057,0.1330,8
1791482062,0.1368,8
1791482067,0.1578,8
1791482072,0.1436,8
1791482077,0.1097,8
1791482082,0.1251,8
1791482087,0.0980,8
1791482092,0.1003,8
1791482097,0.1261,8
1791482102,0.1035,8
1791482107,0.0994,8
1791482112,0.1061,8
1791482117,0.0925,8
1791482122,0.0987,8
1791482127,0.1214,8
1791482132,0.0998,8
1791482137,0.0941,8
1791482142,0.1121,8
1791482147,0.1034,8
1791482152,0.1024,8
1791482157,0.0991,8
1791482162,0.1209,8
1791482167,0.0946,8
1791482172,0.0959,8
1791482177,0.1207,8
1791482182,0.0938,8
1791482187,0.0634,8
1791482192,0.0861,8
1791482197,0.0590,8
1791482202,0.0614,8
1791482207,0.0846,8
1791482212,0.0649,8
1791482217,0.0617,8
1791482222,0.0907,8
1791482227,0.0940,8
1791482232,0.1012,8
1791482237,0.1197,8
1791482242,0.0959,8
1791482247,0.0952,8
1791482252,0.1181,8
1791482257,0.0934,8
1791482262,0.1282,8
1791482267,0.1488,8
1791482272,0.1395,8
1791482277,0.1288,8
1791482282,0.1322,8
1791482287,0.1472,8
1791482292,0.1335,8
1791482297,0.1345,8
1791482302,0.1595,8
1791482307,0.1271,8
1791482312,0.1369,8
1791482317,0.1523,8
1791482322,0.1362,8
1791482327,0.1231,8
1791482332,0.1380,8
1791482337,0.1349,8
1791482342,0.1406,8
1791482347,0.1580,8
1791482352,0.1387,8
1791482357,0.1334,8
1791482362,0.1635,8
1791482367,0.1416,8
1791482372,0.1686,8
1791482377,0.1873,8
1791482382,0.1626,8
1791482387,0.1659,8
1791482392,0.2128,8
1791482397,0.1698,8
1791482402,0.1714,8
1791482407,0.2092,8
1791482412,0.2218,8
1791482417,0.2067,8
1791482422,0.2267,8
1791482427,0.2276,8
1791482432,0.2029,8
1791482437,0.2090,8
1791482442,0.2616,8
1791482447,0.2529,8
1791482452,0.2587,8
1791482457,0.2689,8
1791482462,0.2511,8
1791482467,0.2424,8
1791482472,0.2699,8
1791482477,0.2607,8
1791482482,0.2524,8
1791482487,0.2696,8
1791482492,0.2507,8
1791482497,0.2417,8
1791482502,0.2784,8
1791482507,0.2451,8
1791482512,0.2080,8
1791482517,0.2281,8
1791482522,0.2100,8
1791482527,0.2100,8
1791482532,0.2065,8
1791482537,0.2349,8
1791482542,0.2015,8
1791482547,0.1691,8
1791482552,0.2431,8
1791482557,0.2068,8
1791482562,0.2123,8
1791482567,0.2276,8
1791482572,0.2145,8
1791482577,0.2052,8
1791482582,0.2425,8
1791482587,0.2545,8
1791482592,0.2489,8
1791482597,0.2773,8
1791482602,0.2453,8
1791482607,0.2537,8
1791482612,0.2804,8
1791482617,0.2584,8
1791482622,0.2786,8
1791482627,0.3113,8
1791482633,0.2905,8
1791482638,0.2878,8
1791482643,0.3064,8
1791482648,0.2969,8
1791482653,0.2937,8
1791482658,0.3182,8
1791482663,0.3626,8
1791482668,0.3390,8
1791482673,0.3316,8
1791482678,0.3589,8
1791482683,0.3276,8
1791482688,0.3302,8
1791482693,0.3746,8
1791482698,0.3416,8
1791482703,0.3540,8
1791482708,0.3538,8
1791482713,0.3376,8
1791482718,0.3382,8
1791482723,0.3681,8
1791482728,0.2812,8
1791482733,0.2950,8
1791482738,0.3062,8
1791482743,0.2840,8
1791482748,0.2825,8
1791482753,0.2958,8
1791482758,0.2912,8
1791482763,0.2498,8
1791482768,0.2491,8
1791482773,0.2724,8
1791482778,0.2457,8
1791482783,0.2483,8
1791482788,0.2650,8
1791482793,0.2509,8
1791482798,0.2194,8
1791482803,0.2224,8
1791482808,0.2064,8
1791482813,0.2026,8
1791482818,0.2301,8
1791482823,0.2080,8
1791482828,0.2019,8
1791482833,0.2125,8
1791482838,0.1725,8
1791482843,0.1675,8
1791482848,0.1888,8
1791482853,0.1676,8
1791482858,0.1723,8
1791482863,0.1873,8
1791482868,0.1659,8
1791482873,0.1521,8
1791482878,0.1920,8
1791482883,0.1706,8
1791482888,0.1672,8
1791482893,0.1673,8
1791482898,0.1959,8
1791482903,0.1700,8
1791482908,0.1692,8
1791482913,0.1937,8
1791482918,0.1699,8
1791482923,0.1661,8
1791482928,0.1925,8
1791482933,0.1722,8
1791482938,0.1690,8
1791482943,0.1587,8
1791482948,0.1375,8
1791482953,0.1307,8
1791482958,0.1551,8
1791482963,0.1301,8
1791482968,0.1347,8
1791482973,0.1515,8
1791482978,0.1102,8
1791482983,0.0969,8
1791482988,0.1233,8
1791482993,0.0987,8
1791482998,0.0953,8
1791483003,0.1159,8
1791483008,0.0998,8
1791483013,0.0840,8
1791483018,0.0803,8
1791483023,0.1184,8
1791483028,0.0974,8
1791483033,0.0959,8
1791483038,0.1170,8
1791483043,0.0941,8
1791483048,0.1011,8
1791483053,0.1227,8
1791483058,0.0984,8
1791483063,0.0916,8
1791483068,0.1168,8
1791483073,0.0961,8
1791483078,0.1022,8
1791483083,0.1178,8
1791483088,0.0612,8
1791483093,0.0632,8
1791483098,0.0846,8
1791483103,0.0569,8
1791483108,0.0642,8
1791483113,0.0851,8
1791483118,0.0608,8
1791483123,0.0631,8
1791483128,0.1092,8
1791483133,0.1034,8
1791483138,0.1001,8
1791483143,0.0961,8
1791483148,0.1191,8
1791483153,0.0962,8
1791483158,0.0984,8
1791483163,0.1383,8
1791483168,0.1408,8
1791483173,0.1303,8
1791483178,0.1523,8
1791483183,0.1374,8
1791483188,0.1293,8
1791483193,0.1503,8
1791483198,0.1403,8
1791483203,0.1311,8
1791483208,0.1535,8
1791483213,0.1328,8
1791483218,0.1310,8
1791483223,0.1546,8
1791483228,0.1289,8
1791483233,0.1048,8
1791483238,0.1628,8
1791483243,0.1335,8
1791483248,0.1394,8
1791483253,0.1653,8
1791483258,0.1364,8
1791483263,0.1382,8
1791483268,0.1381,8
1791483273,0.1952,8
1791483278,0.1672,8
1791483283,0.1625,8
1791483288,0.1884,8
1791483293,0.1917,8
1791483298,0.1678,8
1791483303,0.1956,8
1791483308,0.2171,8
1791483313,0.2046,8
1791483318,0.2275,8
1791483323,0.2156,8
1791483328,0.2083,8
1791483333,0.2331,8
1791483338,0.2038,8
1791483343,0.2205,8
1791483348,0.2667,8
1791483353,0.2400,8
1791483358,0.2460,8
1791483363,0.2677,8
1791483368,0.2431,8
1791483373,0.2443,8
1791483378,0.2580,8
1791483383,0.2590,8
1791483388,0.2484,8
1791483393,0.2487,8
1791483398,0.2585,8
1791483403,0.2375,8
1791483408,0.2420,8
1791483413,0.2382,8
1791483418,0.2060,8
1791483423,0.2080,8
1791483428,0.2262,8
1791483433,0.2019,8
1791483438,0.2031,8
1791483443,0.2365,8
1791483448,0.1690,8
1791483453,0.2054,8
1791483458,0.2280,8
1791483463,0.1996,8
1791483468,0.2055,8
1791483473,0.2314,8
1791483478,0.1971,8
1791483483,0.2088,8
1791483488,0.2569,8
1791483493,0.2432,8
1791483498,0.2508,8
1791483503,0.2566,8
1791483508,0.2605,8
1791483513,0.2427,8
1791483518,0.2458,8
1791483523,0.2960,8
1791483528,0.2997,8
1791483533,0.2930,8
1791483538,0.3233,8
1791483543,0.2864,8
1791483548,0.3033,8
1791483553,0.3106,8
1791483558,0.3225,8
1791483563,0.3372,8
1791483568,0.3722,8
1791483573,0.3449,8
1791483579,0.3410,8
1791483584,0.3591,8
1791483589,0.3415,8
1791483594,0.3283,8
1791483599,0.3644,8
1791483604,0.3415,8
1791483609,0.3383,8
1791483614,0.3298,8
1791483619,0.3520,8
1791483624,0.3327,8
1791483629,0.3006,8
1791483634,0.3096,8
1791483639,0.2858,8
1791483644,0.2877,8
1791483649,0.3295,8
1791483654,0.2839,8
1791483659,0.2832,8
1791483664,0.2810,8
1791483669,0.2483,8
1791483674,0.2457,8
1791483679,0.2748,8
1791483684,0.2395,8
1791483689,0.2455,8
1791483694,0.2662,8
1791483699,0.2262,8
1791483704,0.1994,8
1791483709,0.2335,8
1791483714,0.2053,8
1791483719,0.2116,8
1791483724,0.2254,8
1791483729,0.2186,8
1791483734,0.2000,8
1791483739,0.1728,8
1791483744,0.1997,8
1791483749,0.1690,8
1791483754,0.1743,8
1791483759,0.1977,8
1791483764,0.1648,8
1791483769,0.1711,8
1791483774,0.1676,8
1791483779,0.1769,8
1791483784,0.1759,8
1791483789,0.1977,8
1791483794,0.1659,8
1791483799,0.1852,8
1791483804,0.2057,8
1791483809,0.1773,8
1791483814,0.1820,8
1791483819,0.1998,8
1791483824,0.1751,8
1791483829,0.1780,8
1791483834,0.1997,8
1791483839,0.1732,8
1791483844,0.1510,8
1791483849,0.1496,8
1791483854,0.1491,8
1791483859,0.1322,8
1791483864,0.1344,8
1791483869,0.1608,8
1791483874,0.1422,8
1791483879,0.1204,8
1791483884,0.1275,8
1791483889,0.1046,8
1791483894,0.1015,8
1791483899,0.1288,8
1791483904,0.0988,8
1791483909,0.1011,8
1791483914,0.1127,8
1791483919,0.0773,8
1791483924,0.0971,8
1791483929,0.1215,8
1791483934,0.0969,8
1791483939,0.0979,8
1791483944,0.1179,8
1791483949,0.0965,8
1791483954,0.0951,8
1791483959,0.1227,8
1791483964,0.0970,8
1791483969,0.1014,8
1791483974,0.1125,8
1791483979,0.1057,8
1791483984,0.0979,8
1791483989,0.0660,8
1791483994,0.0851,8
1791483999,0.0627,8
1791484004,0.0606,8
1791484009,0.0858,8
1791484014,0.0600,8
1791484019,0.0637,8
1791484024,0.0827,8
1791484029,0.0910,8
1791484034,0.0975,8
1791484039,0.1284,8
1791484044,0.0988,8
1791484049,0.1008,8
1791484054,0.1241,8
1791484059,0.0927,8
1791484064,0.1147,8
1791484069,0.1640,8
1791484074,0.1327,8
1791484079,0.1360,8
1791484084,0.1574,8
1791484089,0.1338,8
1791484094,0.1340,8
1791484099,0.1631,8
1791484104,0.1312,8
1791484109,0.1308,8
1791484114,0.1354,8
1791484119,0.1566,8
1791484124,0.1285,8
1791484129,0.1297,8
1791484134,0.1255,8
1791484139,0.1473,8
1791484144,0.1351,8
1791484149,0.1607,8
1791484154,0.1362,8
1791484159,0.1359,8
1791484164,0.1742,8
1791484169,0.1538,8
1791484174,0.1776,8
1791484179,0.1971,8
1791484184,0.1676,8
1791484189,0.1788,8
1791484194,0.2242,8
1791484199,0.1709,8
1791484204,0.1728,8
1791484209,0.2310,8
1791484214,0.2168,8
1791484219,0.2071,8
1791484224,0.2295,8
1791484229,0.2138,8
1791484234,0.2104,8
1791484239,0.2103,8
1791484244,0.2580,8
1791484249,0.2642,8
1791484254,0.2549,8
1791484259,0.2859,8
1791484264,0.2516,8
1791484269,0.2615,8
1791484274,0.2804,8
1791484279,0.2557,8
1791484284,0.2477,8
1791484289,0.2684,8
1791484294,0.2519,8
1791484299,0.2487,8
1791484304,0.2777,8
1791484309,0.2516,8
1791484314,0.2061,8
1791484319,0.2391,8
1791484324,0.2060,8
1791484329,0.2073,8
1791484334,0.2312,8
1791484339,0.2139,8
1791484344,0.2053,8
1791484349,0.1966,8
1791484354,0.2109,8
1791484359,0.2064,8
1791484364,0.2098,8
1791484369,0.2361,8
1791484374,0.2143,8
1791484379,0.2108,8
1791484384,0.2414,8
1791484389,0.2440,8
1791484394,0.2486,8
1791484399,0.2798,8
1791484404,0.2446,8
1791484409,0.2597,8
1791484414,0.2662,8
1791484419,0.2412,8
1791484424,0.2785,8
1791484429,0.3145,8
1791484434,0.2884,8
1791484439,0.2916,8
1791484444,0.3172,8
1791484449,0.2835,8
1791484454,0.2913,8
1791484459,0.3295,8
1791484464,0.3222,8
1791484469,0.3309,8
1791484474,0.3579,8
1791484479,0.3474,8
1791484484,0.3385,8
1791484489,0.3366,8
1791484494,0.3630,8
1791484499,0.3508,8
1791484504,0.3456,8
1791484509,0.3601,8
1791484514,0.3308,8
1791484519,0.3364,8
1791484524,0.3547,8
1791484530,0.3003,8
1791484535,0.2967,8
1791484540,0.3179,8
1791484545,0.2945,8
1791484550,0.2984,8
1791484555,0.3198,8
1791484560,0.2963,8
1791484565,0.2720,8
1791484570,0.2743,8
1791484575,0.2419,8
1791484580,0.2501,8
1791484585,0.2676,8
1791484590,0.2529,8
1791484595,0.2474,8
1791484600,0.2300,8
1791484605,0.2343,8
1791484610,0.2123,8
1791484615,0.2129,8
1791484620,0.2359,8
1791484625,0.2073,8
1791484630,0.2041,8
1791484635,0.2240,8
1791484640,0.1766,8
1791484645,0.1637,8
1791484650,0.1947,8
1791484655,0.1729,8
1791484660,0.1767,8
1791484665,0.1893,8
1791484670,0.1758,8
1791484675,0.1381,8
1791484680,0.1918,8
1791484685,0.1677,8
1791484690,0.1711,8
1791484695,0.1920,8
1791484700,0.1724,8
1791484705,0.1667,8
1791484710,0.1869,8
1791484715,0.1787,8
1791484720,0.1702,8
1791484725,0.1654,8
1791484730,0.1871,8
1791484735,0.1718,8
1791484740,0.1722,8
1791484745,0.1716,8
1791484750,0.1420,8
1791484755,0.1295,8
1791484760,0.1630,8
1791484765,0.1331,8
1791484770,0.1354,8
1791484775,0.1639,8
1791484780,0.1182,8
1791484785,0.1014,8
1791484790,0.1209,8
1791484795,0.1051,8
1791484800,0.1000,8
1791484805,0.1195,8
1791484810,0.0960,8
1791484815,0.0917,8
1791484820,0.0966,8
1791484825,0.0924,8
1791484830,0.0982,8
1791484835,0.1191,8
1791484840,0.0995,8
1791484845,0.0938,8
1791484850,0.0991,8
1791484855,0.1213,8
1791484860,0.1032,8
1791484865,0.1002,8
1791484870,0.1209,8
1791484875,0.1010,8
1791484880,0.0970,8
1791484885,0.1156,8
1791484890,0.0668,8
1791484895,0.0673,8
1791484900,0.0908,8
1791484905,0.0627,8
1791484910,0.0659,8
1791484915,0.0847,8
1791484920,0.0627,8
1791484925,0.0626,8
1791484930,0.1105,8
1791484935,0.0927,8
1791484940,0.1016,8
1791484945,0.1204,8
1791484950,0.1047,8
1791484955,0.1007,8
1791484960,0.1248,8
1791484965,0.1215,8
1791484970,0.1462,8
1791484975,0.1427,8
1791484980,0.1573,8
1791484985,0.1342,8
1791484990,0.1376,8
1791484995,0.1555,8
1791485000,0.1455,8
1791485005,0.1341,8
1791485010,0.1570,8
1791485015,0.1330,8
1791485020,0.1373,8
1791485025,0.1504,8
1791485030,0.1394,8
1791485035,0.1100,8
1791485040,0.1664,8
1791485045,0.1362,8
1791485050,0.1359,8
1791485055,0.1586,8
1791485060,0.1402,8
1791485065,0.1411,8
1791485070,0.1671,8
1791485075,0.1736,8
1791485080,0.1842,8
1791485085,0.2040,8
1791485090,0.1842,8
1791485095,0.1715,8
1791485100,0.1738,8
1791485105,0.1856,8
1791485110,0.2290,8
1791485115,0.2109,8
1791485120,0.2418,8
1791485125,0.2142,8
1791485130,0.2145,8
1791485135,0.2361,8
1791485140,0.2169,8
1791485145,0.2255,8
1791485150,0.2789,8
1791485155,0.2568,8
1791485160,0.2565,8
1791485165,0.2699,8
1791485170,0.2554,8
1791485175,0.2550,8
1791485180,0.2815,8
1791485185,0.2515,8
1791485190,0.2622,8
1791485195,0.2742,8
1791485200,0.2543,8
1791485205,0.2489,8
1791485210,0.2866,8
1791485215,0.2211,8
1791485220,0.2193,8
1791485225,0.2140,8
1791485230,0.2381,8
1791485235,0.2044,8
1791485240,0.2164,8
1791485245,0.2339,8
1791485250,0.1821,8
1791485255,0.2030,8
1791485260,0.2392,8
1791485265,0.2074,8
1791485270,0.2109,8
1791485275,0.2357,8
1791485280,0.2159,8
1791485285,0.2164,8
1791485290,0.2645,8
1791485295,0.2498,8
1791485300,0.2482,8
1791485305,0.2660,8
1791485310,0.2564,8
1791485315,0.2447,8
1791485320,0.2864,8
1791485325,0.2788,8
1791485330,0.2990,8
1791485335,0.3066,8
1791485340,0.3066,8
1791485345,0.2837,8
1791485350,0.2882,8
1791485355,0.3082,8
1791485360,0.2991,8
1791485365,0.3344,8
1791485370,0.3615,8
1791485375,0.3368,8
1791485380,0.3413,8
1791485385,0.3603,8
1791485390,0.3357,8
1791485395,0.3291,8
1791485400,0.3660,8
1791485405,0.3351,8
1791485410,0.3391,8
1791485415,0.3644,8
1791485420,0.3378,8
1791485425,0.3295,8
1791485430,0.3213,8
1791485435,0.2970,8
1791485440,0.2979,8
1791485445,0.3062,8
1791485450,0.3004,8
1791485455,0.2854,8
1791485460,0.2788,8
1791485466,0.2908,8
1791485471,0.2569,8
1791485476,0.2413,8
1791485481,0.2781,8
1791485486,0.2457,8
1791485491,0.2484,8
1791485496,0.2753,8
1791485501,0.2288,8
1791485506,0.2150,8
1791485511,0.2373,8
1791485516,0.2122,8
1791485521,0.2107,8
1791485526,0.2232,8
1791485531,0.2131,8
1791485536,0.2057,8
1791485541,0.2055,8
1791485546,0.1694,8
1791485551,0.1699,8
1791485556,0.2009,8
1791485561,0.1719,8
1791485566,0.1708,8
1791485571,0.1883,8
1791485576,0.1509,8
1791485581,0.1752,8
1791485586,0.1800,8
1791485591,0.2016,8
1791485596,0.1807,8
1791485601,0.1765,8
1791485606,0.1925,8
1791485611,0.1803,8
1791485616,0.1750,8
1791485621,0.2032,8
1791485626,0.1776,8
1791485631,0.1833,8
1791485636,0.1981,8
1791485641,0.1782,8
1791485646,0.1548,8
1791485651,0.1700,8
1791485656,0.1363,8
1791485661,0.1415,8
1791485666,0.1572,8
1791485671,0.1423,8
1791485676,0.1378,8
1791485681,0.1497,8
1791485686,0.1036,8
1791485691,0.1041,8
1791485696,0.1096,8
1791485701,0.1109,8
1791485706,0.0988,8
1791485711,0.0971,8
1791485716,0.1116,8
1791485721,0.0690,8
1791485726,0.1007,8
1791485731,0.1207,8
1791485736,0.0962,8
1791485741,0.0990,8
1791485746,0.1178,8
1791485751,0.1071,8
1791485756,0.0974,8
1791485761,0.1247,8
1791485766,0.0942,8
1791485771,0.1019,8
1791485776,0.1187,8
1791485781,0.0988,8
1791485786,0.0944,8
1791485791,0.0928,8
1791485796,0.0627,8
1791485801,0.0607,8
1791485806,0.0813,8
1791485811,0.0650,8
1791485816,0.0616,8
1791485821,0.0773,8
1791485826,0.0656,8
1791485831,0.0857,8
1791485836,0.0960,8
1791485841,0.1241,8
1791485846,0.0937,8
1791485851,0.0962,8
1791485856,0.1260,8
1791485861,0.0989,8
1791485866,0.1111,8
1791485871,0.1661,8
1791485876,0.1352,8
1791485881,0.1343,8
1791485886,0.1514,8
1791485891,0.1373,8
1791485896,0.1291,8
1791485901,0.1613,8
1791485906,0.1360,8
1791485911,0.1378,8
1791485916,0.1549,8
1791485921,0.1300,8
1791485926,0.1293,8
1791485931,0.1623,8
1791485936,0.1015,8
1791485941,0.1340,8
1791485946,0.1531,8
1791485951,0.1392,8
1791485956,0.1384,8
1791485961,0.1396,8
1791485966,0.1597,8
1791485971,0.1505,8
1791485976,0.1703,8
1791485981,0.1892,8
1791485986,0.1660,8
1791485991,0.1752,8
1791485996,0.1962,8
1791486001,0.1692,8
1791486006,0.1661,8
1791486011,0.2491,8
1791486016,0.2166,8
1791486021,0.2199,8
1791486026,0.2283,8
1791486031,0.2134,8
1791486036,0.2013,8
1791486041,0.2317,8
1791486046,0.2279,8
1791486051,0.2473,8
1791486056,0.2641,8
1791486061,0.2471,8
1791486066,0.2462,8
1791486071,0.2701,8
1791486076,0.2607,8
1791486081,0.2448,8
1791486086,0.2479,8
1791486091,0.2805,8
1791486096,0.2455,8
1791486101,0.2469,8
1791486106,0.2774,8
1791486111,0.2464,8
1791486116,0.2175,8
1791486121,0.2552,8
1791486126,0.2166,8
1791486131,0.2235,8
1791486136,0.2377,8
1791486141,0.2123,8
1791486146,0.2098,8
1791486151,0.2208,8
1791486156,0.2051,8
1791486161,0.2158,8
1791486166,0.2390,8
1791486171,0.2074,8
1791486176,0.2126,8
1791486181,0.2372,8
1791486186,0.1979,8
1791486191,0.2453,8
1791486196,0.2638,8
1791486201,0.2656,8
1791486206,0.2455,8
1791486211,0.2446,8
1791486216,0.2750,8
1791486221,0.2472,8
1791486226,0.2634,8
1791486231,0.3175,8
1791486236,0.2979,8
1791486241,0.3055,8
1791486246,0.3166,8
1791486251,0.3010,8
1791486256,0.2919,8
1791486261,0.3225,8
1791486266,0.3253,8
1791486271,0.3287,8
1791486276,0.3606,8
1791486281,0.3344,8
1791486286,0.3278,8
1791486291,0.3690,8
1791486296,0.3391,8
1791486301,0.3507,8
1791486306,0.3464,8
1791486311,0.3588,8
1791486316,0.3255,8
1791486321,0.3313,8
1791486326,0.3574,8
1791486331,0.3095,8
1791486336,0.2894,8
1791486341,0.3144,8
1791486346,0.2845,8
1791486351,0.2894,8
1791486356,0.3192,8
1791486361,0.2859,8
1791486366,0.2588,8
1791486371,0.2708,8
1791486376,0.2437,8
1791486381,0.2519,8
1791486386,0.2700,8
1791486391,0.2444,8
1791486396,0.2484,8
1791486401,0.2580,8
1791486406,0.2187,8
1791486411,0.2089,8
1791486417,0.2349,8
1791486422,0.2130,8
1791486427,0.2023,8
1791486432,0.2061,8
1791486437,0.2259,8
1791486442,0.1733,8
1791486447,0.1706,8
1791486452,0.1979,8
1791486457,0.1720,8
1791486462,0.1706,8
1791486467,0.1920,8
1791486472,0.1749,8
1791486477,0.1365,8
1791486482,0.2006,8
1791486487,0.1707,8
1791486492,0.1817,8
1791486497,0.1910,8
1791486502,0.1729,8
1791486507,0.1682,8
1791486512,0.1983,8
1791486517,0.1641,8
1791486522,0.1717,8
1791486527,0.1891,8
1791486532,0.1727,8
1791486537,0.1687,8
1791486542,0.1930,8
1791486547,0.1469,8
1791486552,0.1381,8
1791486557,0.1337,8
1791486562,0.1547,8
1791486567,0.1283,8
1791486572,0.1342,8
1791486577,0.1534,8
1791486582,0.1265,8
1791486587,0.0994,8
1791486592,0.1223,8
1791486597,0.0987,8
1791486602,0.1000,8
1791486607,0.1156,8
1791486612,0.0950,8
1791486617,0.0912,8
1791486622,0.0875,8
1791486627,0.0996,8
1791486632,0.1039,8
1791486637,0.1216,8
1791486642,0.0989,8
1791486647,0.0977,8
1791486652,0.1293,8
1791486657,0.0992,8
1791486662,0.1022,8
1791486667,0.1182,8
1791486672,0.0997,8
1791486677,0.0974,8
1791486682,0.1038,8
1791486687,0.1096,8
1791486692,0.0792,8
1791486697,0.0627,8
1791486702,0.0895,8
1791486707,0.0610,8
1791486712,0.0646,8
1791486717,0.0826,8
1791486722,0.0627,8
1791486727,0.0582,8
1791486732,0.1136,8
1791486737,0.0963,8
1791486742,0.1003,8
1791486747,0.1199,8
1791486752,0.1039,8
1791486757,0.0945,8
1791486762,0.1208,8
1791486767,0.1104,8
1791486772,0.1385,8
1791486777,0.1603,8
1791486782,0.1410,8
1791486787,0.1279,8
1791486792,0.1649,8
1791486797,0.1365,8
1791486802,0.1432,8
1791486807,0.1461,8
1791486812,0.1428,8
1791486817,0.1306,8
1791486822,0.1377,8
1791486827,0.1595,8
1791486832,0.1337,8
1791486837,0.1015,8
1791486842,0.1647,8
1791486847,0.1294,8
1791486852,0.1330,8
1791486857,0.1535,8
1791486862,0.1308,8
1791486867,0.1323,8
1791486872,0.1650,8
1791486877,0.1621,8
1791486882,0.1748,8
1791486887,0.1930,8
1791486892,0.1711,8
1791486897,0.1686,8
1791486902,0.1958,8
1791486907,0.1649,8
1791486912,0.2198,8
1791486917,0.2280,8
1791486922,0.2090,8
1791486927,0.2124,8
1791486932,0.2232,8
1791486937,0.2139,8
1791486942,0.2097,8
1791486947,0.2200,8
1791486952,0.2816,8
1791486957,0.2532,8
1791486962,0.2596,8
1791486967,0.2694,8
1791486972,0.2565,8
1791486977,0.2530,8
1791486982,0.2741,8
1791486987,0.2468,8
1791486992,0.2498,8
1791486997,0.2634,8
1791487002,0.2517,8
1791487007,0.2514,8
1791487012,0.2764,8
1791487017,0.2156,8
1791487022,0.2160,8
1791487027,0.2242,8
1791487032,0.2095,8
1791487037,0.2070,8
1791487042,0.2393,8
1791487047,0.2018,8
1791487052,0.1885,8
1791487057,0.2152,8
1791487062,0.2312,8
1791487067,0.2116,8
1791487072,0.2176,8
1791487077,0.2311,8
1791487082,0.2174,8
1791487087,0.2095,8
1791487092,0.2612,8
1791487097,0.2473,8
1791487102,0.2369,8
1791487107,0.2707,8
1791487112,0.2530,8
1791487117,0.2452,8
1791487122,0.2750,8
1791487127,0.2622,8
1791487132,0.2962,8
1791487137,0.3146,8
1791487142,0.2872,8
1791487147,0.2901,8
1791487152,0.3284,8
1791487157,0.2839,8
1791487162,0.2921,8
1791487167,0.3549,8
1791487172,0.3513,8
1791487177,0.3323,8
1791487182,0.3382,8
1791487187,0.3558,8
1791487192,0.3387,8
1791487197,0.3432,8
1791487202,0.3716,8
1791487207,0.3355,8
1791487212,0.3583,8
1791487217,0.3665,8
1791487222,0.3405,8
1791487227,0.3459,8
1791487232,0.3375,8
1791487237,0.2919,8
1791487242,0.2843,8
1791487247,0.3162,8
1791487252,0.2976,8
1791487257,0.3000,8
1791487262,0.3207,8
1791487267,0.2727,8
1791487272,0.2542,8
1791487277,0.2659,8
1791487282,0.2520,8
1791487287,0.2389,8
1791487292,0.2523,8
1791487297,0.2541,8
1791487302,0.2414,8
1791487307,0.2144,8
1791487312,0.2328,8
1791487317,0.2017,8
1791487322,0.2110,8
1791487327,0.2243,8
1791487332,0.2055,8
1791487337,0.2000,8
1791487342,0.1963,8
1791487347,0.1735,8
1791487352,0.1733,8
1791487358,0.1853,8
1791487363,0.1740,8
1791487368,0.1650,8
1791487373,0.1976,8
1791487378,0.1349,8
1791487383,0.1686,8
1791487388,0.1899,8
1791487393,0.1682,8
1791487398,0.1667,8
1791487403,0.2006,8
1791487408,0.1763,8
1791487413,0.1794,8
1791487418,0.1711,8
1791487423,0.1927,8
1791487428,0.1728,8
1791487433,0.1719,8
1791487438,0.1988,8
1791487443,0.1723,8
1791487448,0.1610,8
1791487453,0.1672,8
1791487458,0.1360,8
1791487463,0.1321,8
1791487468,0.1540,8
1791487473,0.1368,8
1791487478,0.1312,8
1791487483,0.1498,8
1791487488,0.1034,8
1791487493,0.0993,8
1791487498,0.1228,8
1791487503,0.1011,8
1791487508,0.0952,8
1791487513,0.1246,8
1791487518,0.0953,8
1791487523,0.0676,8
1791487528,0.1269,8
1791487533,0.1021,8
1791487538,0.0957,8
1791487543,0.1019,8
1791487548,0.1255,8
1791487553,0.1002,8
1791487558,0.0965,8
1791487563,0.1255,8
1791487568,0.0987,8
1791487573,0.1029,8
1791487578,0.1214,8
1791487583,0.1005,8
1791487588,0.0952,8
1791487593,0.1035,8
1791487598,0.0605,8
1791487603,0.0632,8
1791487608,0.0890,8
1791487613,0.0633,8
1791487618,0.0591,8
1791487623,0.0874,8
1791487628,0.0600,8
1791487633,0.0847,8
1791487638,0.1194,8
1791487643,0.0969,8
1791487648,0.0939,8
1791487653,0.1286,8
1791487658,0.0945,8
1791487663,0.0986,8
1791487668,0.1121,8
1791487673,0.1583,8
1791487678,0.1331,8
1791487683,0.1356,8
1791487688,0.1583,8
1791487693,0.1368,8
1791487698,0.1379,8
1791487703,0.1641,8
1791487708,0.1326,8
1791487713,0.1358,8
1791487718,0.1511,8
1791487723,0.1327,8
1791487728,0.1355,8
1791487733,0.1568,8
1791487738,0.1023,8
1791487743,0.1372,8
1791487748,0.1543,8
1791487753,0.1428,8
1791487758,0.1339,8
1791487763,0.1533,8
1791487768,0.1419,8
1791487773,0.1492,8
1791487778,0.1807,8
1791487783,0.1771,8
1791487788,0.1701,8
1791487793,0.1791,8
1791487798,0.1968,8
1791487803,0.1776,8
1791487808,0.1689,8
1791487813,0.2491,8
1791487818,0.2095,8
1791487823,0.2096,8
1791487828,0.2320,8
1791487833,0.2077,8
1791487838,0.2040,8
1791487843,0.2315,8
1791487848,0.2187,8
1791487853,0.2620,8
1791487858,0.2761,8
1791487863,0.2510,8
1791487868,0.2599,8
1791487873,0.2821,8
1791487878,0.2572,8
1791487883,0.2478,8
1791487888,0.2780,8
1791487893,0.2494,8
1791487898,0.2489,8
1791487903,0.2699,8
1791487908,0.2671,8
1791487913,0.2519,8
1791487918,0.2210,8
1791487923,0.2345,8
1791487928,0.2094,8
1791487933,0.2122,8
1791487938,0.2327,8
1791487943,0.2062,8
1791487948,0.2023,8
1791487953,0.2133,8
1791487958,0.1972,8
1791487963,0.2073,8
1791487968,0.2421,8
1791487973,0.2152,8
1791487978,0.2078,8
1791487983,0.2381,8
1791487988,0.2158,8
1791487993,0.2246,8
1791487998,0.2682,8
1791488003,0.2501,8
1791488008,0.2426,8
1791488013,0.2749,8
1791488018,0.2523,8
1791488023,0.2489,8
1791488028,0.2644,8
1791488033,0.3161,8
1791488038,0.2843,8
1791488043,0.2914,8
1791488048,0.3118,8
1791488053,0.2923,8
1791488058,0.2815,8
1791488063,0.3140,8
1791488068,0.3304,8
1791488073,0.3362,8
1791488078,0.3643,8
1791488083,0.3399,8
1791488088,0.3313,8
1791488093,0.3588,8
1791488098,0.3303,8
1791488103,0.3460,8
1791488108,0.3475,8
1791488113,0.3259,8
1791488118,0.3418,8
1791488123,0.3584,8
1791488128,0.3343,8
1791488133,0.3160,8
1791488138,0.3006,8
1791488143,0.2981,8
1791488148,0.2916,8
1791488153,0.2811,8
1791488158,0.3003,8
1791488163,0.2887,8
1791488168,0.2564,8
1791488173,0.2718,8
1791488178,0.2387,8
1791488183,0.2481,8
1791488188,0.2660,8
1791488193,0.2449,8
1791488198,0.2362,8
1791488203,0.2599,8
1791488208,0.2131,8
1791488213,0.2052,8
1791488218,0.2290,8
1791488223,0.2056,8
1791488228,0.1979,8
1791488233,0.2358,8
1791488238,0.2005,8
1791488243,0.1717,8
1791488248,0.1958,8
1791488253,0.1799,8
1791488258,0.1673,8
1791488263,0.1648,8
1791488268,0.1938,8
1791488273,0.1743,8
1791488278,0.1414,8
1791488283,0.1938,8
1791488288,0.1686,8
1791488293,0.1748,8
1791488299,0.1997,8
1791488304,0.1699,8
1791488309,0.1652,8
1791488314,0.1940,8
1791488319,0.1665,8
1791488324,0.1782,8
1791488329,0.1946,8
1791488334,0.1790,8
1791488339,0.1738,8
1791488344,0.1967,8
1791488349,0.1571,8
1791488354,0.1318,8
1791488359,0.1495,8
1791488364,0.1286,8
1791488369,0.1311,8
1791488374,0.1610,8
1791488379,0.1333,8
1791488384,0.1325,8
1791488389,0.1067,8
1791488394,0.1218,8
1791488399,0.1005,8
1791488404,0.1015,8
1791488409,0.1133,8
1791488414,0.0962,8
1791488419,0.1002,8
1791488424,0.0890,8
1791488429,0.1000,8
1791488434,0.0954,8
1791488439,0.1148,8
1791488444,0.0957,8
1791488449,0.0968,8
1791488454,0.1206,8
1791488459,0.0947,8
1791488464,0.1031,8
1791488469,0.1128,8
1791488474,0.0978,8
1791488479,0.0968,8
1791488484,0.1167,8
1791488489,0.0960,8
1791488494,0.0798,8
1791488499,0.0843,8
1791488504,0.0598,8
1791488509,0.0630,8
1791488514,0.0701,8
1791488519,0.0749,8
1791488524,0.0647,8
1791488529,0.0588,8
1791488534,0.0982,8
1791488539,0.0951,8
1791488544,0.0938,8
1791488549,0.1159,8
1791488554,0.0983,8
1791488559,0.0971,8
1791488564,0.1182,8
1791488569,0.1040,8
1791488574,0.1440,8
1791488579,0.1521,8
1791488584,0.1366,8
1791488589,0.1320,8
1791488594,0.1580,8
1791488599,0.1375,8
1791488604,0.1356,8
1791488609,0.1544,8
1791488614,0.1352,8
1791488619,0.1292,8
1791488624,0.1568,8
1791488629,0.1390,8
1791488634,0.1329,8
1791488639,0.1210,8
1791488644,0.1358,8
1791488649,0.1328,8
1791488654,0.1347,8
1791488659,0.1580,8
1791488664,0.1338,8
1791488669,0.1393,8
1791488674,0.1654,8
1791488679,0.1506,8
1791488684,0.1710,8
1791488689,0.1939,8
1791488694,0.1816,8
1791488699,0.1689,8
1791488704,0.1958,8
1791488709,0.1701,8
1791488714,0.2135,8
1791488719,0.2375,8
1791488724,0.2167,8
1791488729,0.2110,8
1791488734,0.2352,8
1791488739,0.2120,8
1791488744,0.2111,8
1791488749,0.2438,8
1791488754,0.2582,8
1791488759,0.2501,8
1791488764,0.2715,8
1791488769,0.2541,8
1791488774,0.2522,8
1791488779,0.2488,8
1791488784,0.2840,8
1791488789,0.2605,8
1791488794,0.2594,8
1791488799,0.2682,8
1791488804,0.2535,8
1791488809,0.2617,8
1791488814,0.2874,8
1791488819,0.2282,8
1791488824,0.2187,8
1791488829,0.2376,8
1791488834,0.2236,8
1791488839,0.2204,8
1791488844,0.2435,8
1791488849,0.2088,8
1791488854,0.2055,8
1791488859,0.2303,8
1791488864,0.2233,8
1791488869,0.2332,8
1791488874,0.2498,8
1791488879,0.2244,8
1791488884,0.2329,8
1791488889,0.2278,8
1791488894,0.2670,8
1791488899,0.2606,8
1791488904,0.2517,8
1791488909,0.2731,8
1791488914,0.2596,8
1791488919,0.2558,8
1791488924,0.2744,8
1791488929,0.2524,8
1791488934,0.2972,8
1791488939,0.3205,8
1791488944,0.2961,8
1791488949,0.2895,8
1791488954,0.3121,8
1791488959,0.2945,8
1791488964,0.2990,8
1791488969,0.3608,8
1791488974,0.3492,8
1791488979,0.3365,8
1791488984,0.3623,8
1791488989,0.3583,8
1791488994,0.3324,8
1791488999,0.3588,8
1791489004,0.3481,8
1791489009,0.3484,8
1791489014,0.3413,8
1791489019,0.3631,8
1791489024,0.3360,8
1791489029,0.3334,8
1791489034,0.3484,8
1791489039,0.2820,8
1791489044,0.2893,8
1791489049,0.3093,8
1791489054,0.2986,8
1791489059,0.2862,8
1791489064,0.3118,8
1791489069,0.2814,8
1791489074,0.2549,8
1791489079,0.2640,8
1791489084,0.2410,8
1791489089,0.2401,8
1791489094,0.2676,8
1791489099,0.2428,8
1791489104,0.2432,8
1791489109,0.2358,8
1791489114,0.2149,8
1791489119,0.2107,8
1791489124,0.2113,8
1791489129,0.2238,8
1791489134,0.2147,8
1791489139,0.2107,8
1791489144,0.1956,8
1791489149,0.1701,8
1791489154,0.1759,8
1791489159,0.1889,8
1791489164,0.1733,8
1791489169,0.1748,8
1791489174,0.1989,8
1791489179,0.1473,8
1791489184,0.1625,8
1791489189,0.1945,8
1791489194,0.1734,8
1791489199,0.1747,8
1791489204,0.1935,8
1791489209,0.1665,8
1791489214,0.1729,8
1791489219,0.1960,8
1791489224,0.1663,8
1791489229,0.1741,8
1791489234,0.1918,8
1791489239,0.1713,8
1791489244,0.1755,8
1791489249,0.1580,8
1791489255,0.1546,8
1791489260,0.1328,8
1791489265,0.1328,8
1791489270,0.1558,8
1791489275,0.1355,8
1791489280,0.1329,8
1791489285,0.1527,8
1791489290,0.1015,8
1791489295,0.0984,8
1791489300,0.1178,8
1791489305,0.0980,8
1791489310,0.0954,8
1791489315,0.1195,8
1791489320,0.0973,8
1791489325,0.0636,8
1791489330,0.1223,8
1791489335,0.1018,8
1791489340,0.0958,8
1791489345,0.1209,8
1791489350,0.0997,8
1791489355,0.0978,8
1791489360,0.1188,8
1791489365,0.1013,8
1791489370,0.0982,8
1791489375,0.1073,8
1791489380,0.1115,8
1791489385,0.0974,8
1791489390,0.0982,8
1791489395,0.1031,8
1791489400,0.0592,8
1791489405,0.0617,8
1791489410,0.0884,8
1791489415,0.0607,8
1791489420,0.0634,8
1791489425,0.0861,8
1791489430,0.0612,8
1791489435,0.0747,8
1791489440,0.1207,8
1791489445,0.0966,8
1791489450,0.0979,8
1791489455,0.1223,8
1791489460,0.0967,8
1791489465,0.0952,8
1791489470,0.1257,8
1791489475,0.1402,8
1791489480,0.1328,8
1791489485,0.1519,8
1791489490,0.1307,8
1791489495,0.1326,8
1791489500,0.1484,8
1791489505,0.1369,8
1791489510,0.1351,8
1791489515,0.1332,8
1791489520,0.1536,8
1791489525,0.1285,8
1791489530,0.1342,8
1791489535,0.1532,8
1791489540,0.1083,8
1791489545,0.1288,8
1791489550,0.1544,8
1791489555,0.1328,8
1791489560,0.1343,8
1791489565,0.1568,8
1791489570,0.1410,8
1791489575,0.1501,8
1791489580,0.1794,8
1791489585,0.1664,8
1791489590,0.1687,8
1791489595,0.1894,8
1791489600,0.1716,8
1791489605,0.1680,8
1791489610,0.1889,8
1791489615,0.2117,8
1791489620,0.2107,8
1791489625,0.2245,8
1791489630,0.2176,8
1791489635,0.2095,8
1791489640,0.2114,8
1791489645,0.2310,8
1791489650,0.2081,8
1791489655,0.2504,8
1791489660,0.2691,8
1791489665,0.2393,8
1791489670,0.2480,8
1791489675,0.2672,8
1791489680,0.2443,8
1791489685,0.2475,8
1791489690,0.2789,8
1791489695,0.2429,8
1791489700,0.2405,8
1791489705,0.2624,8
1791489710,0.2435,8
1791489715,0.2574,8
1791489720,0.2405,8
1791489725,0.2100,8
1791489730,0.2014,8
1791489735,0.2257,8
1791489740,0.2074,8
1791489745,0.2039,8
1791489750,0.2157,8
1791489755,0.2146,8
1791489760,0.1862,8
1791489765,0.2134,8
1791489770,0.2311,8
1791489775,0.2064,8
1791489780,0.2132,8
1791489785,0.2348,8
1791489790,0.2019,8
1791489795,0.2182,8
1791489800,0.2699,8
1791489805,0.2446,8
1791489810,0.2476,8
1791489815,0.2667,8
1791489820,0.2525,8
1791489825,0.2454,8
1791489830,0.2750,8
1791489835,0.2971,8
1791489840,0.2803,8
1791489845,0.3258,8
1791489850,0.2871,8
1791489855,0.2801,8
1791489860,0.3123,8
1791489865,0.2834,8
1791489870,0.3246,8
1791489875,0.3329,8
1791489880,0.3556,8
1791489885,0.3458,8
1791489890,0.3446,8
1791489895,0.3595,8
1791489900,0.3369,8
1791489905,0.3368,8
1791489910,0.3689,8
1791489915,0.3347,8
1791489920,0.3341,8
1791489925,0.3563,8
1791489930,0.3235,8
1791489935,0.3290,8
1791489940,0.3315,8
1791489945,0.2914,8
1791489950,0.2829,8
1791489955,0.3226,8
1791489960,0.2923,8
1791489965,0.2900,8
1791489970,0.3066,8
1791489975,0.2591,8
1791489980,0.2476,8
1791489985,0.2513,8
1791489990,0.2662,8
1791489995,0.2447,8
1791490000,0.2417,8
1791490005,0.2763,8
1791490010,0.2160,8
1791490015,0.2099,8
1791490020,0.2388,8
1791490025,0.2150,8
1791490030,0.2130,8
1791490035,0.2368,8
1791490040,0.2100,8
1791490045,0.1695,8
1791490050,0.1957,8
1791490055,0.1752,8
1791490060,0.1676,8
1791490065,0.1978,8
1791490070,0.1773,8
1791490075,0.1685,8
1791490080,0.1715,8
1791490085,0.1672,8
1791490090,0.1810,8
1791490095,0.1996,8
1791490100,0.1785,8
1791490105,0.1742,8
1791490110,0.1782,8
1791490115,0.1991,8
1791490120,0.1763,8
1791490125,0.1778,8
1791490130,0.2048,8
1791490135,0.1706,8
1791490140,0.1761,8
1791490145,0.2024,8
1791490150,0.1680,8
1791490155,0.1463,8
1791490160,0.1610,8
1791490165,0.1362,8
1791490170,0.1349,8
1791490175,0.1631,8
1791490180,0.1349,8
1791490185,0.1377,8
1791490190,0.1250,8
1791490195,0.0986,8
1791490201,0.0993,8
1791490206,0.1229,8
1791490211,0.0931,8
1791490216,0.0960,8
1791490221,0.1130,8
1791490226,0.0719,8
1791490231,0.0929,8
1791490236,0.1041,8
1791490241,0.1127,8
1791490246,0.0969,8
1791490251,0.0996,8
1791490256,0.1249,8
1791490261,0.1029,8
1791490266,0.1004,8
1791490271,0.1173,8
1791490276,0.0986,8
1791490281,0.0996,8
1791490286,0.1191,8
1791490291,0.0960,8
1791490296,0.0819,8
1791490301,0.0844,8
1791490306,0.0625,8
1791490311,0.0632,8
1791490316,0.0855,8
1791490321,0.0588,8
1791490326,0.0615,8
1791490331,0.0818,8
1791490336,0.0730,8
1791490341,0.1003,8
1791490346,0.1246,8
1791490351,0.0985,8
1791490356,0.1055,8
1791490361,0.1104,8
1791490366,0.1120,8
1791490371,0.1058,8
1791490376,0.1430,8
1791490381,0.1537,8
1791490386,0.1352,8
1791490391,0.1308,8
1791490396,0.1590,8
1791490401,0.1326,8
1791490406,0.1291,8
1791490411,0.1557,8
1791490416,0.1283,8
1791490421,0.1257,8
1791490426,0.1515,8
1791490431,0.1292,8
1791490436,0.1345,8
1791490441,0.1323,8
1791490446,0.1222,8
1791490451,0.1357,8
1791490456,0.1619,8
1791490461,0.1391,8
1791490466,0.1297,8
1791490471,0.1660,8
1791490476,0.1517,8
1791490481,0.1457,8
1791490486,0.1935,8
1791490491,0.1953,8
1791490496,0.1772,8
1791490501,0.1747,8
1791490506,0.1966,8
1791490511,0.1680,8
1791490516,0.2097,8
1791490521,0.2443,8
1791490526,0.2178,8
1791490531,0.2134,8
1791490536,0.2429,8
1791490541,0.2089,8
1791490546,0.2074,8
1791490551,0.2442,8
1791490556,0.2612,8
1791490561,0.2464,8
1791490566,0.2819,8
1791490571,0.2513,8
1791490576,0.2562,8
1791490581,0.2793,8
1791490586,0.2550,8
1791490591,0.2547,8
1791490596,0.2802,8
1791490601,0.2479,8
1791490606,0.2509,8
1791490611,0.2653,8
1791490616,0.2811,8
1791490621,0.2279,8
1791490626,0.2122,8
1791490631,0.2319,8
1791490636,0.2066,8
1791490641,0.2082,8
1791490646,0.2304,8
1791490651,0.2032,8
1791490656,0.2081,8
1791490661,0.2159,8
1791490666,0.2176,8
1791490671,0.2257,8
1791490676,0.2421,8
1791490681,0.2178,8
1791490686,0.2218,8
1791490691,0.2372,8
1791490696,0.2177,8
1791490701,0.2583,8
1791490706,0.2703,8
1791490711,0.2489,8
1791490716,0.2641,8
1791490721,0.2767,8
1791490726,0.2524,8
1791490731,0.2597,8
1791490736,0.3011,8
1791490741,0.3166,8
1791490746,0.2978,8
1791490751,0.2992,8
1791490756,0.3277,8
1791490761,0.2959,8
1791490766,0.2809,8
1791490771,0.3608,8
1791490776,0.3479,8
1791490781,0.3460,8
1791490786,0.3744,8
1791490791,0.3382,8
1791490796,0.3430,8
1791490801,0.3883,8
1791490806,0.3387,8
1791490811,0.3402,8
1791490816,0.3669,8
1791490821,0.3320,8
1791490826,0.3311,8
1791490831,0.3579,8
1791490836,0.3224,8
1791490841,0.2864,8
1791490846,0.2966,8
1791490851,0.3102,8
1791490856,0.2869,8
1791490861,0.3110,8
1791490866,0.3189,8
1791490871,0.2867,8
1791490876,0.2654,8
1791490881,0.2680,8
1791490886,0.2450,8
1791490891,0.2485,8
1791490896,0.2801,8
1791490901,0.2491,8
1791490906,0.2537,8
1791490911,0.2346,8
1791490916,0.2170,8
1791490921,0.2144,8
1791490926,0.2339,8
1791490931,0.2030,8
1791490936,0.2201,8
1791490941,0.2316,8
1791490946,0.1771,8
1791490951,0.1774,8
1791490956,0.1937,8
1791490961,0.1745,8
1791490966,0.1738,8
1791490971,0.1718,8
1791490976,0.1997,8
1791490981,0.1590,8
1791490986,0.1555,8
1791490991,0.2004,8
1791490996,0.1819,8
1791491001,0.1762,8
1791491006,0.2133,8
1791491011,0.1802,8
1791491016,0.1845,8
1791491021,0.2036,8
1791491026,0.1772,8
1791491031,0.1809,8
1791491036,0.1972,8
1791491041,0.1819,8
1791491046,0.1758,8
1791491051,0.2069,8
1791491056,0.1388,8
1791491061,0.1295,8
1791491066,0.1596,8
1791491071,0.1418,8
1791491076,0.1374,8
1791491081,0.1493,8
1791491086,0.1447,8
1791491091,0.1024,8
1791491096,0.1023,8
1791491101,0.1188,8
1791491106,0.1034,8
1791491111,0.1016,8
1791491116,0.1231,8
1791491121,0.0980,8
1791491126,0.0725,8
1791491132,0.1125,8
1791491137,0.0933,8
1791491142,0.0955,8
1791491147,0.1205,8
1791491152,0.1019,8
1791491157,0.1021,8
1791491162,0.1233,8
1791491167,0.1011,8
1791491172,0.0961,8
1791491177,0.1201,8
1791491182,0.0980,8
1791491187,0.0985,8
1791491192,0.1269,8
1791491197,0.0882,8
1791491202,0.0622,8
1791491207,0.0887,8
1791491212,0.0656,8
1791491217,0.0617,8
1791491222,0.0713,8
1791491227,0.0804,8
1791491232,0.0644,8
1791491237,0.0633,8
1791491242,0.1289,8
1791491247,0.0990,8
1791491252,0.1005,8
1791491257,0.1184,8
1791491262,0.1001,8
1791491267,0.0995,8
1791491272,0.1235,8
1791491277,0.1340,8
1791491282,0.1393,8
1791491287,0.1559,8
1791491292,0.1335,8
1791491297,0.1318,8
1791491302,0.1566,8
1791491307,0.1322,8
1791491312,0.1452,8
1791491317,0.1520,8
1791491322,0.1360,8
1791491327,0.1340,8
1791491332,0.1580,8
1791491337,0.1297,8
1791491342,0.1182,8
1791491347,0.1228,8
1791491352,0.1473,8
1791491357,0.1366,8
1791491362,0.1318,8
1791491367,0.1551,8
1791491372,0.1453,8
1791491377,0.1418,8
1791491382,0.1755,8
1791491387,0.1816,8
1791491392,0.1872,8
1791491397,0.1931,8
1791491402,0.1801,8
1791491407,0.1658,8
1791491412,0.2006,8
1791491417,0.2080,8
1791491422,0.2111,8
1791491427,0.2279,8
1791491432,0.2181,8
1791491437,0.2199,8
1791491442,0.2430,8
1791491447,0.2138,8
1791491452,0.2158,8
1791491457,0.2673,8
1791491462,0.2547,8
1791491467,0.2549,8
1791491472,0.2657,8
1791491477,0.2684,8
1791491482,0.2510,8
1791491487,0.2470,8
1791491492,0.2786,8
1791491497,0.2547,8
1791491502,0.2433,8
1791491507,0.2717,8
1791491512,0.2531,8
1791491517,0.2588,8
1791491522,0.2678,8
1791491527,0.2129,8
1791491532,0.2144,8
1791491537,0.2343,8
1791491542,0.2097,8
1791491547,0.2151,8
1791491552,0.2308,8
1791491557,0.2029,8
1791491562,0.1885,8
1791491567,0.2435,8
1791491572,0.2202,8
1791491577,0.2129,8
1791491582,0.2475,8
1791491587,0.2077,8
1791491592,0.2152,8
1791491597,0.2162,8
1791491602,0.2772,8
1791491607,0.2502,8
1791491612,0.2615,8
1791491617,0.2714,8
1791491622,0.2547,8
1791491627,0.2551,8
1791491632,0.2789,8
1791491637,0.2969,8
1791491642,0.3007,8
1791491647,0.3096,8
1791491652,0.3018,8
1791491657,0.2891,8
1791491662,0.3212,8
1791491667,0.2902,8
1791491672,0.3298,8
1791491677,0.3584,8
1791491682,0.3355,8
1791491687,0.3277,8
1791491692,0.3663,8
1791491697,0.3402,8
1791491702,0.3299,8
1791491707,0.3487,8
1791491712,0.3453,8
1791491717,0.3318,8
1791491722,0.3376,8
1791491727,0.3684,8
1791491732,0.3512,8
1791491737,0.3338,8
1791491742,0.3154,8
1791491747,0.2931,8
1791491752,0.2922,8
1791491757,0.3126,8
1791491762,0.2912,8
1791491767,0.2856,8
1791491772,0.3133,8
1791491777,0.2457,8
1791491782,0.2502,8
1791491787,0.2693,8
1791491792,0.2514,8
1791491797,0.2480,8
1791491802,0.2765,8
1791491807,0.2613,8
1791491812,0.2220,8
1791491817,0.2371,8
1791491822,0.2115,8
1791491827,0.2085,8
1791491832,0.2158,8
1791491837,0.2326,8
1791491842,0.1994,8
1791491847,0.1833,8
1791491852,0.1995,8
1791491857,0.1705,8
1791491862,0.1699,8
1791491867,0.2056,8
1791491872,0.1808,8
1791491877,0.1782,8
1791491882,0.1887,8
1791491887,0.1485,8
1791491892,0.1765,8
1791491897,0.2072,8
1791491902,0.1932,8
1791491907,0.1798,8
1791491912,0.1982,8
1791491917,0.1866,8
1791491922,0.1799,8
1791491927,0.2095,8
1791491932,0.1834,8
1791491937,0.1836,8
1791491942,0.2044,8
1791491947,0.1779,8
1791491952,0.1823,8
1791491957,0.1388,8
1791491962,0.1663,8
1791491967,0.1370,8
1791491972,0.1404,8
1791491977,0.1627,8
1791491982,0.1390,8
1791491987,0.1357,8
1791491992,0.1306,8
1791491997,0.1025,8
1791492002,0.1031,8
1791492007,0.1163,8
1791492012,0.0936,8
1791492017,0.0990,8
1791492022,0.1221,8
1791492027,0.0767,8
1791492032,0.0860,8
1791492037,0.1173,8
1791492042,0.0926,8
1791492047,0.0963,8
1791492052,0.1210,8
1791492057,0.0965,8
1791492062,0.0995,8
1791492067,0.1190,8
1791492072,0.0938,8
1791492077,0.0987,8
1791492083,0.1010,8
1791492088,0.1104,8
1791492093,0.0973,8
1791492098,0.0914,8
1791492103,0.0870,8
1791492108,0.0652,8
1791492113,0.0615,8
1791492118,0.0782,8
1791492123,0.0613,8
1791492128,0.0599,8
1791492133,0.0846,8
1791492138,0.0619,8
1791492143,0.0975,8
1791492148,0.1161,8
1791492153,0.0967,8
1791492158,0.0941,8
1791492163,0.1191,8
1791492168,0.0966,8
1791492173,0.0976,8
1791492178,0.1485,8
1791492183,0.1314,8
1791492188,0.1283,8
1791492193,0.1510,8
1791492198,0.1308,8
1791492203,0.1295,8
1791492208,0.1433,8
1791492213,0.1497,8
1791492218,0.1242,8
1791492223,0.1246,8
1791492228,0.1565,8
1791492233,0.1281,8
1791492238,0.1312,8
1791492243,0.1420,8
1791492248,0.1071,8
1791492253,0.1337,8
1791492258,0.1587,8
1791492263,0.1308,8
1791492268,0.1339,8
1791492273,0.1597,8
1791492278,0.1367,8
1791492283,0.1408,8
1791492288,0.1939,8
1791492293,0.1711,8
1791492298,0.1686,8
1791492303,0.2049,8
1791492308,0.1802,8
1791492313,0.1631,8
1791492318,0.1879,8
1791492323,0.2107,8
1791492328,0.2021,8
1791492333,0.2402,8
1791492338,0.2242,8
1791492343,0.2026,8
1791492348,0.2045,8
1791492353,0.2317,8
1791492358,0.2361,8
1791492363,0.2547,8
1791492368,0.2679,8
1791492373,0.2453,8
1791492378,0.2494,8
1791492383,0.2707,8
1791492388,0.2397,8
1791492393,0.2478,8
1791492398,0.2723,8
1791492403,0.2480,8
1791492408,0.2486,8
1791492413,0.2766,8
1791492418,0.2517,8
1791492423,0.2384,8
1791492428,0.2365,8
1791492433,0.2111,8
1791492438,0.2153,8
1791492443,0.2265,8
1791492448,0.2120,8
1791492453,0.2122,8
1791492458,0.2001,8
1791492463,0.1876,8
1791492468,0.2177,8
1791492473,0.2060,8
1791492478,0.2348,8
1791492483,0.2091,8
1791492488,0.2113,8
1791492493,0.2353,8
1791492498,0.2109,8
1791492503,0.2654,8
1791492508,0.2733,8
1791492513,0.2579,8
1791492518,0.2522,8
1791492523,0.2747,8
1791492528,0.2479,8
1791492533,0.2523,8
1791492538,0.3112,8
1791492543,0.2913,8
1791492548,0.2926,8
1791492553,0.3213,8
1791492558,0.2943,8
1791492563,0.2925,8
1791492568,0.2950,8
1791492573,0.3329,8
1791492578,0.3424,8
1791492583,0.3366,8
1791492588,0.3639,8
1791492593,0.3360,8
1791492598,0.3360,8
1791492603,0.3679,8
1791492608,0.3334,8
1791492613,0.3294,8
1791492618,0.3478,8
1791492623,0.3348,8
1791492628,0.3297,8
1791492633,0.3552,8
1791492638,0.3347,8
1791492643,0.2970,8
1791492648,0.3125,8
1791492653,0.2866,8
1791492658,0.2823,8
1791492663,0.3044,8
1791492668,0.2857,8
1791492673,0.2963,8
1791492678,0.2507,8
1791492683,0.2716,8
1791492688,0.2465,8
1791492693,0.2537,8
1791492698,0.2661,8
1791492703,0.2454,8
1791492708,0.2451,8
1791492713,0.2410,8
1791492718,0.2133,8
1791492723,0.1997,8
1791492728,0.2331,8
1791492733,0.2077,8
1791492738,0.2074,8
1791492743,0.2257,8
1791492748,0.1934,8
1791492753,0.1729,8
1791492758,0.1915,8
1791492763,0.1669,8
1791492768,0.1715,8
1791492773,0.1881,8
1791492778,0.1687,8
1791492783,0.1585,8
1791492788,0.1688,8
1791492793,0.1711,8
1791492798,0.1689,8
1791492803,0.1774,8
1791492808,0.1937,8
1791492813,0.1728,8
1791492818,0.1691,8
1791492823,0.2030,8
1791492828,0.1797,8
1791492833,0.1737,8
1791492838,0.2011,8
1791492843,0.1709,8
1791492848,0.1677,8
1791492853,0.1878,8
1791492858,0.1372,8
1791492863,0.1345,8
1791492868,0.1543,8
1791492873,0.1333,8
1791492878,0.1230,8
1791492883,0.1499,8
1791492888,0.1304,8
1791492893,0.1115,8
1791492898,0.1206,8
1791492903,0.1002,8
1791492908,0.1006,8
1791492913,0.1156,8
1791492918,0.0996,8
1791492923,0.1010,8
1791492928,0.0822,8
1791492933,0.1047,8
1791492938,0.1005,8
1791492943,0.0930,8
1791492948,0.1201,8
1791492953,0.0986,8
1791492958,0.0950,8
1791492963,0.1196,8
1791492968,0.0990,8
1791492973,0.0944,8
1791492978,0.1214,8
1791492983,0.0937,8
1791492988,0.0932,8
1791492993,0.1199,8
1791492998,0.0952,8
1791493003,0.0617,8
1791493008,0.0862,8
1791493013,0.0622,8
1791493018,0.0644,8
1791493023,0.0850,8
1791493028,0.0619,8
1791493034,0.0605,8
1791493039,0.0862,8
1791493044,0.0971,8
1791493049,0.0945,8
1791493054,0.1041,8
1791493059,0.1101,8
1791493064,0.0944,8
1791493069,0.1003,8
1791493074,0.1189,8
1791493079,0.1282,8
1791493084,0.1352,8
1791493089,0.1539,8
1791493094,0.1350,8
1791493099,0.1320,8
1791493104,0.1568,8
1791493109,0.1323,8
1791493114,0.1458,8
1791493119,0.1621,8
1791493124,0.1389,8
1791493129,0.1437,8
1791493134,0.1585,8
1791493139,0.1340,8
1791493144,0.1306,8
1791493149,0.1358,8
1791493154,0.1372,8
1791493159,0.1434,8
1791493164,0.1594,8
1791493169,0.1392,8
1791493174,0.1395,8
1791493179,0.1394,8
1791493184,0.1464,8
1791493189,0.1834,8
1791493194,0.1755,8
1791493199,0.1959,8
1791493204,0.1782,8
1791493209,0.1699,8
1791493214,0.1909,8
1791493219,0.1720,8
1791493224,0.2013,8
1791493229,0.2275,8
1791493234,0.2282,8
1791493239,0.2010,8
1791493244,0.2226,8
1791493249,0.2116,8
1791493254,0.2169,8
1791493259,0.2645,8
1791493264,0.2490,8
1791493269,0.2533,8
1791493274,0.2716,8
1791493279,0.2461,8
1791493284,0.2607,8
1791493289,0.2760,8
1791493294,0.2625,8
1791493299,0.2485,8
1791493304,0.2588,8
1791493309,0.2730,8
1791493314,0.2445,8
1791493319,0.2485,8
1791493324,0.2626,8
1791493329,0.2102,8
1791493334,0.2072,8
1791493339,0.2326,8
1791493344,0.2110,8
1791493349,0.2020,8
1791493354,0.2373,8
1791493359,0.1991,8
1791493364,0.1684,8
1791493369,0.2436,8
1791493374,0.2124,8
1791493379,0.2102,8
1791493384,0.2351,8
1791493389,0.2105,8
1791493394,0.2192,8
1791493399,0.2328,8
1791493404,0.2584,8
1791493409,0.2555,8
1791493414,0.2825,8
1791493419,0.2591,8
1791493424,0.2500,8
1791493429,0.2578,8
1791493434,0.2731,8
1791493439,0.2690,8
1791493444,0.2929,8
1791493449,0.3225,8
1791493454,0.2954,8
1791493459,0.2962,8
1791493464,0.3282,8
1791493469,0.2865,8
1791493474,0.3191,8
1791493479,0.3584,8
1791493484,0.3289,8
1791493489,0.3391,8
1791493494,0.3470,8
1791493499,0.3287,8
1791493504,0.3456,8
1791493509,0.3531,8
1791493514,0.3280,8
1791493519,0.3297,8
1791493524,0.3652,8
1791493529,0.3327,8
1791493534,0.3301,8
1791493539,0.3325,8
1791493544,0.2974,8
1791493549,0.2893,8
1791493554,0.2929,8
1791493559,0.3093,8
1791493564,0.2898,8
1791493569,0.2790,8
1791493574,0.3130,8
1791493579,0.2541,8
1791493584,0.2486,8
1791493589,0.2643,8
1791493594,0.2420,8
1791493599,0.2363,8
1791493604,0.2624,8
1791493609,0.2437,8
1791493614,0.2208,8
1791493619,0.2377,8
1791493624,0.2088,8
1791493629,0.2016,8
1791493634,0.2252,8
1791493639,0.2022,8
1791493644,0.2052,8
1791493649,0.2138,8
1791493654,0.1787,8
1791493659,0.1707,8
1791493664,0.1756,8
1791493669,0.1912,8
1791493674,0.1709,8
1791493679,0.1645,8
1791493684,0.1934,8
1791493689,0.1474,8
1791493694,0.1681,8
1791493699,0.1966,8
1791493704,0.1686,8
1791493709,0.1692,8
1791493714,0.1917,8
1791493719,0.1661,8
1791493724,0.1646,8
1791493729,0.1940,8
1791493734,0.1710,8
1791493739,0.1631,8
1791493744,0.1968,8
1791493749,0.1664,8
1791493754,0.1660,8
1791493759,0.1604,8
1791493764,0.1394,8
1791493769,0.1323,8
1791493774,0.1540,8
1791493779,0.1309,8
1791493784,0.1314,8
1791493789,0.1496,8
1791493794,0.1215,8
1791493799,0.1031,8
1791493804,0.0989,8
1791493809,0.1179,8
1791493814,0.0987,8
1791493819,0.0988,8
1791493824,0.1186,8
1791493829,0.0817,8
1791493834,0.0825,8
1791493839,0.1203,8
1791493844,0.0922,8
1791493849,0.0990,8
1791493854,0.1216,8
1791493859,0.0977,8
1791493864,0.0978,8
1791493869,0.1213,8
1791493874,0.0957,8
1791493879,0.0990,8
1791493884,0.1227,8
1791493889,0.0977,8
1791493894,0.0969,8
1791493899,0.1255,8
1791493904,0.0612,8
1791493909,0.0677,8
1791493914,0.0767,8
1791493919,0.0711,8
1791493924,0.0655,8
1791493929,0.0582,8
1791493934,0.0823,8
1791493939,0.0615,8
1791493944,0.0932,8
1791493949,0.1196,8
1791493954,0.0966,8
1791493959,0.0927,8
1791493964,0.1197,8
1791493969,0.0995,8
1791493974,0.0977,8
1791493979,0.1416,8
1791493985,0.1364,8
1791493990,0.1289,8
1791493995,0.1549,8
1791494000,0.1369,8
1791494005,0.1403,8
1791494010,0.1565,8
1791494015,0.1365,8
1791494020,0.1331,8
1791494025,0.1536,8
1791494030,0.1421,8
1791494035,0.1336,8
1791494040,0.1477,8
1791494045,0.1292,8
1791494050,0.1086,8
1791494055,0.1328,8
1791494060,0.1582,8
1791494065,0.1335,8
1791494070,0.1319,8
1791494075,0.1579,8
1791494080,0.1290,8
1791494085,0.1352,8
1791494090,0.2070,8
1791494095,0.1791,8
1791494100,0.1650,8
1791494105,0.1928,8
1791494110,0.1661,8
1791494115,0.1696,8
1791494120,0.1975,8
1791494125,0.2010,8
1791494130,0.2004,8
1791494135,0.2548,8
1791494140,0.2126,8
1791494145,0.2138,8
1791494150,0.2377,8
1791494155,0.2106,8
1791494160,0.2338,8
1791494165,0.2644,8
1791494170,0.2488,8
1791494175,0.2441,8
1791494180,0.2461,8
1791494185,0.2708,8
1791494190,0.2417,8
1791494195,0.2489,8
1791494200,0.2659,8
1791494205,0.2435,8
1791494210,0.2443,8
1791494215,0.2771,8
1791494220,0.2461,8
1791494225,0.2397,8
1791494230,0.2315,8
1791494235,0.2087,8
1791494240,0.2090,8
1791494245,0.2308,8
1791494250,0.2106,8
1791494255,0.2144,8
1791494260,0.2320,8
1791494265,0.1669,8
1791494270,0.2192,8
1791494275,0.2280,8
1791494280,0.2070,8
1791494285,0.2123,8
1791494290,0.2264,8
1791494295,0.2222,8
1791494300,0.2077,8
1791494305,0.2417,8
1791494310,0.2721,8
1791494315,0.2445,8
1791494320,0.2410,8
1791494325,0.2614,8
1791494330,0.2465,8
1791494335,0.2407,8
1791494340,0.2877,8
1791494345,0.2849,8
1791494350,0.2834,8
1791494355,0.3137,8
1791494360,0.2860,8
1791494365,0.2857,8
1791494370,0.3095,8
1791494375,0.3141,8
1791494380,0.3335,8
1791494385,0.3480,8
1791494390,0.3384,8
1791494395,0.3368,8
1791494400,0.3493,8
1791494405,0.3308,8
1791494410,0.3379,8
1791494415,0.3344,8
1791494420,0.3562,8
1791494425,0.3328,8
1791494430,0.3233,8
1791494435,0.3544,8
1791494440,0.3301,8
1791494445,0.2845,8
1791494450,0.3098,8
1791494455,0.2841,8
1791494460,0.2839,8
1791494465,0.3179,8
1791494470,0.2933,8
1791494475,0.2789,8
1791494480,0.2783,8
1791494485,0.2580,8
1791494490,0.2433,8
1791494495,0.2670,8
1791494500,0.2431,8
1791494505,0.2459,8
1791494510,0.2647,8
1791494515,0.2312,8
1791494520,0.2060,8
1791494525,0.2206,8
1791494530,0.2076,8
1791494535,0.2113,8
1791494540,0.2061,8
1791494545,0.2243,8
1791494550,0.1919,8
1791494555,0.1767,8
1791494560,0.1850,8
1791494565,0.1644,8
1791494570,0.1756,8
1791494575,0.2061,8
1791494580,0.1615,8
1791494585,0.1659,8
1791494590,0.1572,8
1791494595,0.1733,8
1791494600,0.1841,8
1791494605,0.1969,8
1791494610,0.1732,8
1791494615,0.1782,8
1791494620,0.2013,8
1791494625,0.1780,8
1791494630,0.1868,8
1791494635,0.2042,8
1791494640,0.1777,8
1791494645,0.1780,8
1791494650,0.1989,8
1791494655,0.1849,8
1791494660,0.1508,8
1791494665,0.1389,8
1791494670,0.1711,8
1791494675,0.1335,8
1791494680,0.1374,8
1791494685,0.1647,8
1791494690,0.1421,8
1791494695,0.1199,8
1791494700,0.1331,8
1791494705,0.1044,8
1791494710,0.1013,8
1791494715,0.1189,8
1791494720,0.1049,8
1791494725,0.1004,8
1791494730,0.1048,8
1791494735,0.0790,8
1791494740,0.1007,8
1791494745,0.1216,8
1791494750,0.1011,8
1791494755,0.1002,8
1791494760,0.1184,8
1791494765,0.0965,8
1791494770,0.1081,8
1791494775,0.1106,8
1791494780,0.1183,8
1791494785,0.0989,8
1791494790,0.1006,8
1791494795,0.1260,8
1791494800,0.0990,8
1791494805,0.0619,8
1791494810,0.0898,8
1791494815,0.0620,8
1791494820,0.0609,8
1791494825,0.0874,8
1791494830,0.0603,8
1791494835,0.0617,8
1791494840,0.0840,8
1791494845,0.0939,8
1791494850,0.0997,8
1791494855,0.1233,8
1791494860,0.0998,8
1791494865,0.1019,8
1791494870,0.1254,8
1791494875,0.1052,8
1791494880,0.1270,8
1791494885,0.1613,8
1791494890,0.1324,8
1791494895,0.1385,8
1791494900,0.1505,8
1791494905,0.1417,8
1791494910,0.1354,8
1791494915,0.1410,8
1791494920,0.1638,8
1791494926,0.1399,8
1791494931,0.1447,8
1791494936,0.1640,8
1791494941,0.1361,8
1791494946,0.1339,8
1791494951,0.1282,8
1791494956,0.1413,8
1791494961,0.1389,8
1791494966,0.1651,8
1791494971,0.1438,8
1791494976,0.1526,8
1791494981,0.1643,8
1791494986,0.1414,8
1791494991,0.1985,8
1791494996,0.2097,8
1791495001,0.1766,8
1791495006,0.1754,8
1791495011,0.2033,8
1791495016,0.1759,8
1791495021,0.1778,8
1791495026,0.2210,8
1791495031,0.2255,8
1791495036,0.2360,8
1791495041,0.2231,8
1791495046,0.2512,8
1791495051,0.2218,8
1791495056,0.2149,8
1791495061,0.2677,8
1791495066,0.2687,8
1791495071,0.2571,8
1791495076,0.2846,8
1791495081,0.2641,8
1791495086,0.2618,8
1791495091,0.2870,8
1791495096,0.2732,8
1791495101,0.2644,8
1791495106,0.2892,8
1791495111,0.2654,8
1791495116,0.2664,8
1791495121,0.3002,8
1791495126,0.2643,8
1791495131,0.2176,8
1791495136,0.2249,8
1791495141,0.2250,8
1791495146,0.2158,8
1791495151,0.2138,8
1791495156,0.2435,8
1791495161,0.2209,8
1791495166,0.1838,8
1791495171,0.2558,8
1791495176,0.2266,8
1791495181,0.2225,8
1791495186,0.2491,8
1791495191,0.2182,8
1791495196,0.2246,8
1791495201,0.2469,8
1791495206,0.2460,8
1791495211,0.2506,8
1791495216,0.2855,8
1791495221,0.2516,8
1791495226,0.2643,8
1791495231,0.2844,8
1791495236,0.2561,8
1791495241,0.2830,8
1791495246,0.3329,8
1791495251,0.3149,8
1791495256,0.2957,8
1791495261,0.3110,8
1791495266,0.3202,8
1791495271,0.2952,8
1791495276,0.3247,8
1791495281,0.3814,8
1791495286,0.3466,8
1791495291,0.3492,8
1791495296,0.3712,8
1791495301,0.3491,8
1791495306,0.3570,8
1791495311,0.3779,8
1791495316,0.3455,8
1791495321,0.3500,8
1791495326,0.3728,8
1791495331,0.3502,8
1791495336,0.3441,8
1791495341,0.3847,8
1791495346,0.3031,8
1791495351,0.3054,8
1791495356,0.3192,8
1791495361,0.2877,8
1791495366,0.3064,8
1791495371,0.2969,8
1791495376,0.3189,8
1791495381,0.2700,8
1791495386,0.2536,8
1791495391,0.2746,8
1791495396,0.2527,8
1791495401,0.2522,8
1791495406,0.2744,8
1791495411,0.2533,8
1791495416,0.2325,8
1791495421,0.2373,8
1791495426,0.2071,8
1791495431,0.2110,8
1791495436,0.2336,8
1791495441,0.2099,8
1791495446,0.2094,8
1791495451,0.2294,8
1791495456,0.1769,8
1791495461,0.1684,8
1791495466,0.1949,8
1791495471,0.1706,8
1791495476,0.1712,8
1791495481,0.1924,8
1791495486,0.1767,8
1791495491,0.1425,8
1791495496,0.1823,8
1791495501,0.1979,8
1791495506,0.1714,8
1791495511,0.1717,8
1791495516,0.2026,8
1791495521,0.1740,8
1791495526,0.1839,8
1791495531,0.2065,8
1791495536,0.1794,8
1791495541,0.1794,8
1791495546,0.2051,8
1791495551,0.1797,8
1791495556,0.1774,8
1791495561,0.1767,8
1791495566,0.1452,8
1791495571,0.1345,8
1791495576,0.1570,8
1791495581,0.1343,8
1791495586,0.1371,8
1791495591,0.1536,8
1791495596,0.1172,8
1791495601,0.1098,8
1791495606,0.1118,8
1791495611,0.1080,8
1791495616,0.1031,8
1791495621,0.0997,8
1791495626,0.1206,8
1791495631,0.0916,8
1791495636,0.0758,8
1791495641,0.1247,8
1791495646,0.0995,8
1791495651,0.1016,8
1791495656,0.1238,8
1791495661,0.0990,8
1791495666,0.1008,8
1791495671,0.1210,8
1791495676,0.1025,8
1791495681,0.0985,8
1791495686,0.1198,8
1791495691,0.0961,8
1791495696,0.0990,8
1791495701,0.1210,8
1791495706,0.0700,8
1791495711,0.0672,8
1791495716,0.0903,8
1791495721,0.0671,8
1791495726,0.0645,8
1791495731,0.0747,8
1791495736,0.0776,8
1791495741,0.0618,8
1791495746,0.0950,8
1791495751,0.1237,8
1791495756,0.1006,8
1791495761,0.0964,8
1791495766,0.1281,8
1791495771,0.1049,8
1791495776,0.1004,8
1791495781,0.1507,8
1791495786,0.1323,8
1791495791,0.1387,8
1791495796,0.1628,8
1791495801,0.1353,8
1791495806,0.1401,8
1791495811,0.1613,8
1791495816,0.1430,8
1791495821,0.1423,8
1791495826,0.1587,8
1791495831,0.1401,8
1791495836,0.1448,8
1791495842,0.1651,8
1791495847,0.1360,8
1791495852,0.1042,8
1791495857,0.1562,8
1791495862,0.1476,8
1791495867,0.1366,8
1791495872,0.1362,8
1791495877,0.1690,8
1791495882,0.1479,8
1791495887,0.1426,8
1791495892,0.2037,8
1791495897,0.1806,8
1791495902,0.1788,8
1791495907,0.2068,8
1791495912,0.1799,8
1791495917,0.1788,8
1791495922,0.2227,8
1791495927,0.2071,8
1791495932,0.2157,8
1791495937,0.2412,8
1791495942,0.2166,8
1791495947,0.2221,8
1791495952,0.2342,8
1791495957,0.2173,8
1791495962,0.2441,8
1791495967,0.2829,8
1791495972,0.2613,8
1791495977,0.2615,8
1791495982,0.2635,8
1791495987,0.2786,8
1791495992,0.2695,8
1791495997,0.2694,8
1791496002,0.2848,8
1791496007,0.2607,8
1791496012,0.2554,8
1791496017,0.2842,8
1791496022,0.2649,8
1791496027,0.2601,8
1791496032,0.2390,8
1791496037,0.2239,8
1791496042,0.2188,8
1791496047,0.2436,8
1791496052,0.2193,8
1791496057,0.2171,8
1791496062,0.2372,8
1791496067,0.1864,8
1791496072,0.2187,8
1791496077,0.2466,8
1791496082,0.2192,8
1791496087,0.2185,8
1791496092,0.2339,8
1791496097,0.2339,8
1791496102,0.2214,8
1791496107,0.2466,8
1791496112,0.2857,8
1791496117,0.2573,8
1791496122,0.2595,8
1791496127,0.2801,8
1791496132,0.2556,8
1791496137,0.2570,8
1791496142,0.3112,8
1791496147,0.2921,8
1791496152,0.3056,8
1791496157,0.3312,8
1791496162,0.3062,8
1791496167,0.2877,8
1791496172,0.3279,8
1791496177,0.3047,8
1791496182,0.3558,8
1791496187,0.3642,8
1791496192,0.3538,8
1791496197,0.3561,8
1791496202,0.3643,8
1791496207,0.3651,8
1791496212,0.3328,8
1791496217,0.3434,8
1791496222,0.3743,8
1791496227,0.3350,8
1791496232,0.3430,8
1791496237,0.3701,8
1791496242,0.3652,8
1791496247,0.3174,8
1791496252,0.3215,8
1791496257,0.2886,8
1791496262,0.2815,8
1791496267,0.3132,8
1791496272,0.2790,8
1791496277,0.2809,8
1791496282,0.2886,8
1791496287,0.2491,8
1791496292,0.2559,8
1791496297,0.2798,8
1791496302,0.2532,8
1791496307,0.2409,8
1791496312,0.2696,8
1791496317,0.2440,8
1791496322,0.2095,8
1791496327,0.2051,8
1791496332,0.2240,8
1791496337,0.2116,8
1791496342,0.2063,8
1791496347,0.2276,8
1791496352,0.2026,8
1791496357,0.1716,8
1791496362,0.1920,8
1791496367,0.1653,8
1791496372,0.1745,8
1791496377,0.1891,8
1791496382,0.1711,8
1791496387,0.1724,8
1791496392,0.1575,8
1791496397,0.1809,8
1791496402,0.1692,8
1791496407,0.1817,8
1791496412,0.1692,8
1791496417,0.1695,8
1791496422,0.1882,8
1791496427,0.1718,8
1791496432,0.1738,8
1791496437,0.1916,8
1791496442,0.1662,8
1791496447,0.1677,8
1791496452,0.1708,8
1791496457,0.1855,8
1791496462,0.1562,8
1791496467,0.1361,8
1791496472,0.1546,8
1791496477,0.1296,8
1791496482,0.1314,8
1791496487,0.1538,8
1791496492,0.1347,8
1791496497,0.1125,8
1791496502,0.1246,8
1791496507,0.0948,8
1791496512,0.0970,8
1791496517,0.1230,8
1791496522,0.0950,8
1791496527,0.0945,8
1791496532,0.1150,8
1791496537,0.0713,8
1791496542,0.0979,8
1791496547,0.1225,8
1791496552,0.1060,8
1791496557,0.1048,8
1791496562,0.1238,8
1791496567,0.0976,8
1791496572,0.0952,8
1791496577,0.1135,8
1791496582,0.1113,8
1791496587,0.0926,8
1791496592,0.1015,8
1791496597,0.1131,8
1791496602,0.0965,8
1791496607,0.0715,8
1791496612,0.0919,8
1791496617,0.0627,8
1791496622,0.0620,8
1791496627,0.0837,8
1791496632,0.0627,8
1791496637,0.0616,8
1791496642,0.0846,8
1791496647,0.0844,8
1791496652,0.0991,8
1791496657,0.1191,8
1791496662,0.0957,8
1791496667,0.0957,8
1791496672,0.1231,8
1791496677,0.0955,8
1791496682,0.1197,8
1791496687,0.1516,8
1791496692,0.1275,8
1791496697,0.1280,8
1791496702,0.1453,8
1791496707,0.1366,8
1791496712,0.1304,8
1791496717,0.1382,8
1791496722,0.1518,8
1791496727,0.1317,8
1791496732,0.1324,8
1791496737,0.1520,8
1791496742,0.1361,8
1791496747,0.1270,8
1791496752,0.1188,8
1791496757,0.1379,8
1791496762,0.1388,8
1791496767,0.1489,8
1791496773,0.1317,8
1791496778,0.1342,8
1791496783,0.1627,8
1791496788,0.1323,8
1791496793,0.1715,8
1791496798,0.2014,8
1791496803,0.1659,8
1791496808,0.1666,8
1791496813,0.1882,8
1791496818,0.1684,8
1791496823,0.1986,8
1791496828,0.2085,8
1791496833,0.2061,8
1791496838,0.2080,8
1791496843,0.2036,8
1791496848,0.2309,8
1791496853,0.2105,8
1791496858,0.2077,8
1791496863,0.2468,8
1791496868,0.2542,8
1791496873,0.2397,8
1791496878,0.2772,8
1791496883,0.2527,8
1791496888,0.2404,8
1791496893,0.2690,8
1791496898,0.2531,8
1791496903,0.2442,8
1791496908,0.2758,8
1791496913,0.2473,8
1791496918,0.2428,8
1791496923,0.2737,8
1791496928,0.2479,8
1791496933,0.2062,8
1791496938,0.2362,8
1791496943,0.2088,8
1791496948,0.2034,8
1791496953,0.2139,8
1791496958,0.2135,8
1791496963,0.2028,8
1791496968,0.1831,8
1791496973,0.2289,8
1791496978,0.2095,8
1791496983,0.2135,8
1791496988,0.2341,8
1791496993,0.1996,8
1791496998,0.2222,8
1791497003,0.2337,8
1791497008,0.2354,8
1791497013,0.2512,8
1791497018,0.2631,8
1791497023,0.2424,8
1791497028,0.2458,8
1791497033,0.2711,8
1791497038,0.2442,8
1791497043,0.2692,8
1791497048,0.3047,8
1791497053,0.2898,8
1791497058,0.2868,8
1791497063,0.3075,8
1791497068,0.2874,8
1791497073,0.2897,8
1791497078,0.3058,8
1791497083,0.3436,8
1791497088,0.3317,8
1791497093,0.3242,8
1791497098,0.3548,8
1791497103,0.3444,8
1791497108,0.3279,8
1791497113,0.3585,8
1791497118,0.3417,8
1791497123,0.3367,8
1791497128,0.3468,8
1791497133,0.3254,8
1791497138,0.3281,8
1791497143,0.3581,8
1791497148,0.3063,8
1791497153,0.2882,8
1791497158,0.3141,8
1791497163,0.2863,8
1791497168,0.2843,8
1791497173,0.3207,8
1791497178,0.2826,8
1791497183,0.2662,8
1791497188,0.2677,8
1791497193,0.2582,8
1791497198,0.2505,8
1791497203,0.2473,8
1791497208,0.2741,8
1791497213,0.2542,8
1791497218,0.2262,8
1791497223,0.2261,8
1791497228,0.2109,8
1791497233,0.2129,8
1791497238,0.2382,8
1791497243,0.2129,8
1791497248,0.2155,8
1791497253,0.2288,8
1791497258,0.1723,8
1791497263,0.1694,8
1791497268,0.1938,8
1791497273,0.1755,8
1791497278,0.1668,8
1791497283,0.1943,8
1791497288,0.1661,8
1791497293,0.1349,8
1791497298,0.1958,8
1791497303,0.1675,8
1791497308,0.1634,8
1791497313,0.1885,8
1791497318,0.1785,8
1791497323,0.1675,8
1791497328,0.1704,8
1791497333,0.1991,8
1791497338,0.1761,8
1791497343,0.1716,8
1791497348,0.1891,8
1791497353,0.1759,8
1791497358,0.1693,8
1791497363,0.1830,8
1791497368,0.1333,8
1791497373,0.1372,8
1791497378,0.1533,8
1791497383,0.1299,8
1791497388,0.1314,8
1791497393,0.1500,8
1791497398,0.1213,8
1791497403,0.0960,8
1791497408,0.1224,8
1791497413,0.0981,8
1791497418,0.0989,8
1791497423,0.1150,8
1791497428,0.0966,8
1791497433,0.0918,8
1791497438,0.0834,8
1791497443,0.1019,8
1791497448,0.1025,8
1791497453,0.0978,8
1791497458,0.1197,8
1791497463,0.0974,8
1791497468,0.0987,8
1791497473,0.1220,8
1791497478,0.1015,8
1791497483,0.0963,8
1791497488,0.1201,8
1791497493,0.0942,8
1791497498,0.0990,8
1791497503,0.1149,8
1791497508,0.0762,8
1791497513,0.0650,8
1791497518,0.0840,8
1791497523,0.0614,8
1791497528,0.0610,8
1791497533,0.0818,8
1791497538,0.0632,8
1791497543,0.0627,8
1791497548,0.1084,8
1791497553,0.0955,8
1791497558,0.0962,8
1791497563,0.1138,8
1791497568,0.1031,8
1791497573,0.0968,8
1791497578,0.1033,8
1791497583,0.1332,8
1791497588,0.1296,8
1791497593,0.1302,8
1791497598,0.1505,8
1791497603,0.1270,8
1791497608,0.1284,8
1791497613,0.1494,8
1791497618,0.1335,8
1791497623,0.1300,8
1791497628,0.1563,8
1791497633,0.1331,8
1791497638,0.1331,8
1791497643,0.1540,8
1791497648,0.1347,8
1791497653,0.0986,8
1791497658,0.1562,8
1791497663,0.1335,8
1791497668,0.1411,8
1791497673,0.1602,8
1791497678,0.1402,8
1791497683,0.1475,8
1791497688,0.1549,8
1791497693,0.1641,8
1791497698,0.1733,8
1791497703,0.1794,8
1791497708,0.1842,8
1791497713,0.1724,8
1791497719,0.1711,8
1791497724,0.2170,8
1791497729,0.1900,8
1791497734,0.2060,8
1791497739,0.2330,8
1791497744,0.1991,8
1791497749,0.2120,8
1791497754,0.2323,8
1791497759,0.2035,8
1791497764,0.2140,8
1791497769,0.2593,8
1791497774,0.2488,8
1791497779,0.2450,8
1791497784,0.2670,8
1791497789,0.2448,8
1791497794,0.2471,8
1791497799,0.2681,8
1791497804,0.2483,8
1791497809,0.2507,8
1791497814,0.2708,8
1791497819,0.2402,8
1791497824,0.2454,8
1791497829,0.2486,8
1791497834,0.2229,8
1791497839,0.2038,8
1791497844,0.2077,8
1791497849,0.2303,8
1791497854,0.2045,8
1791497859,0.2064,8
1791497864,0.2252,8
1791497869,0.1807,8
1791497874,0.2027,8
1791497879,0.2286,8
1791497884,0.2087,8
1791497889,0.2083,8
1791497894,0.2305,8
1791497899,0.2131,8
1791497904,0.2002,8
1791497909,0.2468,8
1791497914,0.2501,8
1791497919,0.2380,8
1791497924,0.2689,8
1791497929,0.2419,8
1791497934,0.2466,8
1791497939,0.2769,8
1791497944,0.2572,8
1791497949,0.2870,8
1791497954,0.2855,8
1791497959,0.3120,8
1791497964,0.2884,8
1791497969,0.2856,8
1791497974,0.3223,8
1791497979,0.2974,8
1791497984,0.3344,8
1791497989,0.3625,8
1791497994,0.3386,8
1791497999,0.3372,8
1791498004,0.3600,8
1791498009,0.3255,8
1791498014,0.3392,8
1791498019,0.3775,8
1791498024,0.3441,8
1791498029,0.3331,8
1791498034,0.3833,8
1791498039,0.3407,8
1791498044,0.3347,8
1791498049,0.3346,8
1791498054,0.2985,8
1791498059,0.2826,8
1791498064,0.2940,8
1791498069,0.3203,8
1791498074,0.2958,8
1791498079,0.2961,8
1791498084,0.2997,8
1791498089,0.2587,8
1791498094,0.2453,8
1791498099,0.2737,8
1791498104,0.2460,8
1791498109,0.2441,8
1791498114,0.2716,8
1791498119,0.2379,8
1791498124,0.2182,8
1791498129,0.2380,8
1791498134,0.2134,8
1791498139,0.2219,8
1791498144,0.2342,8
1791498149,0.2141,8
1791498154,0.2010,8
1791498159,0.1931,8
1791498164,0.1721,8
1791498169,0.1821,8
1791498174,0.1937,8
1791498179,0.1818,8
1791498184,0.1765,8
1791498189,0.1766,8
1791498194,0.1685,8
1791498199,0.1718,8
1791498204,0.1749,8
1791498209,0.1935,8
1791498214,0.1715,8
1791498219,0.1759,8
1791498224,0.1901,8
1791498229,0.1818,8
1791498234,0.1788,8
1791498239,0.2011,8
1791498244,0.1736,8
1791498249,0.1751,8
1791498254,0.1968,8
1791498259,0.1709,8
1791498264,0.1524,8
1791498269,0.1597,8
1791498274,0.1321,8
1791498279,0.1340,8
1791498284,0.1539,8
1791498289,0.1375,8
1791498294,0.1349,8
1791498299,0.1435,8
1791498304,0.1112,8
1791498309,0.0990,8
1791498314,0.0965,8
1791498319,0.1254,8
1791498324,0.0995,8
1791498329,0.0987,8
1791498334,0.1222,8
1791498339,0.0641,8
1791498344,0.1040,8
1791498349,0.1241,8
1791498354,0.0988,8
1791498359,0.0947,8
1791498364,0.1212,8
1791498369,0.0971,8
1791498374,0.0927,8
1791498379,0.1250,8
1791498384,0.0969,8
1791498389,0.0961,8
1791498394,0.1238,8
1791498399,0.0989,8
1791498404,0.0949,8
1791498409,0.0982,8
1791498414,0.0650,8
1791498419,0.0619,8
1791498424,0.0838,8
1791498429,0.0613,8
1791498434,0.0635,8
1791498439,0.0635,8
1791498444,0.0849,8
1791498449,0.0797,8
1791498454,0.0931,8
1791498459,0.1182,8
1791498464,0.0939,8
1791498469,0.0999,8
1791498474,0.1158,8
1791498479,0.0968,8
1791498484,0.1076,8
1791498489,0.1499,8
1791498494,0.1296,8
1791498499,0.1323,8
1791498504,0.1488,8
1791498509,0.1310,8
1791498514,0.1315,8
1791498519,0.1495,8
1791498524,0.1326,8
1791498529,0.1354,8
1791498534,0.1565,8
1791498539,0.1296,8
1791498544,0.1293,8
1791498549,0.1525,8
1791498554,0.1024,8
1791498559,0.1300,8
1791498564,0.1374,8
1791498569,0.1486,8
1791498574,0.1286,8
1791498579,0.1420,8
1791498584,0.1761,8
1791498589,0.1393,8
1791498594,0.1661,8
1791498599,0.1937,8
1791498604,0.1750,8
1791498609,0.1777,8
1791498614,0.1962,8
1791498619,0.1735,8
1791498624,0.2115,8
1791498629,0.2141,8
1791498634,0.2067,8
1791498639,0.2090,8
1791498644,0.2251,8
1791498649,0.2155,8
1791498654,0.2126,8
1791498659,0.2271,8
1791498664,0.2244,8
1791498669,0.2591,8
1791498675,0.2763,8
1791498680,0.2560,8
1791498685,0.2441,8
1791498690,0.2519,8
1791498695,0.2688,8
1791498700,0.2603,8
1791498705,0.2478,8
1791498710,0.2945,8
1791498715,0.2608,8
1791498720,0.2532,8
1791498725,0.2832,8
1791498730,0.2572,8
1791498735,0.2172,8
1791498740,0.2479,8
1791498745,0.2133,8
1791498750,0.2166,8
1791498755,0.2352,8
1791498760,0.2150,8
1791498765,0.2114,8
1791498770,0.2153,8
1791498775,0.2017,8
1791498780,0.2198,8
1791498785,0.2401,8
1791498790,0.2204,8
1791498795,0.2139,8
1791498800,0.2414,8
1791498805,0.2146,8
1791498810,0.2242,8
1791498815,0.2484,8
1791498820,0.2787,8
1791498825,0.2437,8
1791498830,0.2554,8
1791498835,0.2808,8
1791498840,0.2496,8
1791498845,0.2644,8
1791498850,0.3180,8
1791498855,0.2827,8
1791498860,0.2897,8
1791498865,0.3073,8
1791498870,0.2934,8
1791498875,0.2964,8
1791498880,0.3202,8
1791498885,0.3349,8
1791498890,0.3510,8
1791498895,0.3691,8
1791498900,0.3287,8
1791498905,0.3242,8
1791498910,0.3493,8
1791498915,0.3474,8
1791498920,0.3408,8
1791498925,0.3236,8
1791498930,0.3609,8
1791498935,0.3410,8
1791498940,0.3305,8
1791498945,0.3505,8
1791498950,0.3093,8
1791498955,0.2857,8
1791498960,0.3081,8
1791498965,0.2786,8
1791498970,0.2836,8
1791498975,0.3195,8
1791498980,0.2858,8
1791498985,0.2728,8
1791498990,0.2791,8
1791498995,0.2407,8
1791499000,0.2483,8
1791499005,0.2656,8
1791499010,0.2537,8
1791499015,0.2455,8
1791499020,0.2721,8
1791499025,0.2125,8
1791499030,0.2094,8
1791499035,0.2148,8
1791499040,0.2156,8
1791499045,0.2093,8
1791499050,0.2027,8
1791499055,0.2339,8
1791499060,0.1715,8
1791499065,0.1714,8
1791499070,0.1911,8
1791499075,0.1692,8
1791499080,0.1772,8
1791499085,0.1955,8
1791499090,0.1732,8
1791499095,0.1344,8
1791499100,0.1880,8
1791499105,0.1672,8
1791499110,0.1696,8
1791499115,0.1937,8
1791499120,0.1646,8
1791499125,0.1669,8
1791499130,0.1915,8
1791499135,0.1718,8
1791499140,0.1676,8
1791499145,0.1905,8
1791499150,0.1694,8
1791499155,0.1642,8
1791499160,0.1827,8
1791499165,0.1632,8
1791499170,0.1338,8
1791499175,0.1316,8
1791499180,0.1585,8
1791499185,0.1297,8
1791499190,0.1259,8
1791499195,0.1528,8
1791499200,0.1260,8
1791499205,0.0992,8
1791499210,0.1229,8
1791499215,0.0977,8
1791499220,0.1020,8
1791499225,0.1155,8
1791499230,0.0970,8
1791499235,0.1022,8
1791499240,0.0866,8
1791499245,0.0988,8
1791499250,0.1001,8
1791499255,0.1170,8
1791499260,0.0980,8
1791499265,0.0979,8
1791499270,0.1206,8
1791499275,0.0922,8
1791499280,0.1066,8
1791499285,0.1024,8
1791499290,0.1076,8
1791499295,0.0946,8
1791499300,0.0934,8
1791499305,0.1133,8
1791499310,0.0829,8
1791499315,0.0650,8
1791499320,0.0850,8
1791499325,0.0601,8
1791499330,0.0608,8
1791499335,0.0810,8
1791499340,0.0640,8
1791499345,0.0602,8
1791499350,0.1013,8
1791499355,0.0935,8
1791499360,0.0976,8
1791499365,0.1189,8
1791499370,0.1022,8
1791499375,0.0940,8
1791499380,0.1191,8
1791499385,0.1058,8
1791499390,0.1357,8
1791499395,0.1475,8
1791499400,0.1326,8
1791499405,0.1283,8
1791499410,0.1363,8
1791499415,0.1452,8
1791499420,0.1315,8
1791499425,0.1319,8
1791499430,0.1560,8
1791499435,0.1314,8
1791499440,0.1280,8
1791499445,0.1520,8
1791499450,0.1314,8
1791499455,0.1050,8
1791499460,0.1532,8
1791499465,0.1351,8
1791499470,0.1376,8
1791499475,0.1566,8
1791499480,0.1427,8
1791499485,0.1427,8
1791499490,0.1620,8
1791499495,0.1677,8
1791499500,0.1829,8
1791499505,0.2015,8
1791499510,0.1726,8
1791499515,0.1701,8
1791499520,0.1951,8
1791499525,0.1992,8
1791499530,0.1909,8
1791499535,0.2154,8
1791499540,0.2210,8
1791499545,0.2090,8
1791499550,0.2151,8
1791499555,0.2313,8
1791499560,0.2064,8
1791499565,0.2133,8
1791499570,0.2855,8
1791499575,0.2476,8
1791499580,0.2505,8
1791499585,0.2768,8
1791499590,0.2512,8
1791499595,0.2520,8
1791499600,0.2792,8
1791499605,0.2605,8
1791499610,0.2587,8
1791499615,0.2727,8
1791499620,0.2468,8
1791499626,0.2497,8
1791499631,0.2716,8
1791499636,0.2112,8
1791499641,0.2239,8
1791499646,0.2187,8
1791499651,0.2184,8
1791499656,0.2082,8
1791499661,0.2081,8
1791499666,0.2252,8
1791499671,0.1908,8
1791499676,0.1880,8
1791499681,0.2327,8
1791499686,0.2062,8
1791499691,0.2086,8
1791499696,0.2360,8
1791499701,0.2190,8
1791499706,0.2054,8
1791499711,0.2554,8
1791499716,0.2449,8
1791499721,0.2511,8
1791499726,0.2743,8
1791499731,0.2560,8
1791499736,0.2478,8
1791499741,0.2752,8
1791499746,0.2556,8
1791499751,0.2878,8
1791499756,0.3141,8
1791499761,0.2867,8
1791499766,0.2886,8
1791499771,0.3008,8
1791499776,0.3100,8
1791499781,0.2933,8
1791499786,0.3303,8
1791499791,0.3612,8
1791499796,0.3257,8
1791499801,0.3371,8
1791499806,0.3602,8
1791499811,0.3318,8
1791499816,0.3306,8
1791499821,0.3673,8
1791499826,0.3270,8
1791499831,0.3219,8
1791499836,0.3538,8
1791499841,0.3477,8
1791499846,0.3269,8
1791499851,0.3385,8
1791499856,0.2908,8
1791499861,0.2923,8
1791499866,0.3119,8
1791499871,0.2931,8
1791499876,0.2819,8
1791499881,0.3004,8
1791499886,0.2853,8
1791499891,0.2579,8
1791499896,0.2524,8
1791499901,0.2703,8
1791499906,0.2471,8
1791499911,0.2549,8
1791499916,0.2630,8
1791499921,0.2460,8
1791499926,0.2105,8
1791499931,0.2341,8
1791499936,0.2067,8
1791499941,0.2138,8
1791499946,0.2258,8
1791499951,0.2134,8
1791499956,0.2125,8
1791499961,0.2025,8
1791499966,0.1742,8
1791499971,0.1798,8
1791499976,0.1938,8
1791499981,0.1763,8
1791499986,0.1702,8
1791499991,0.1916,8
1791499996,0.1467,8
1791500001,0.1677,8
1791500006,0.1630,8
1791500011,0.1882,8
1791500016,0.1679,8
1791500021,0.1668,8
1791500026,0.1871,8
1791500031,0.1710,8
1791500036,0.1682,8
1791500041,0.1984,8
1791500046,0.1672,8
1791500051,0.1666,8
1791500056,0.1866,8
1791500061,0.1765,8
1791500066,0.1555,8
1791500071,0.1619,8
1791500076,0.1328,8
1791500081,0.1321,8
1791500086,0.1552,8
1791500091,0.1394,8
1791500096,0.1279,8
1791500101,0.1479,8
1791500106,0.1011,8
1791500111,0.0975,8
1791500116,0.1159,8
1791500121,0.0997,8
1791500126,0.0926,8
1791500131,0.1000,8
1791500136,0.1182,8
1791500141,0.0661,8
1791500146,0.0965,8
1791500151,0.1217,8
1791500156,0.0985,8
1791500161,0.1009,8
1791500166,0.1224,8
1791500171,0.0970,8
1791500176,0.0950,8
1791500181,0.1206,8
1791500186,0.0942,8
1791500191,0.0987,8
1791500196,0.1209,8
1791500201,0.0929,8
1791500206,0.0947,8
1791500211,0.1062,8
1791500216,0.0620,8
1791500221,0.0630,8
1791500226,0.0841,8
1791500231,0.0967,8
1791500236,0.1467,8
1791500241,0.1382,8
1791500246,0.1392,8
1791500251,0.0766,8
1791500256,0.1070,8
1791500261,0.1126,8
1791500266,0.0997,8
1791500271,0.0987,8
1791500276,0.1221,8
1791500281,0.1007,8
1791500286,0.1001,8
1791500291,0.1577,8
1791500296,0.1326,8
1791500301,0.1309,8
1791500306,0.1500,8
1791500311,0.1305,8
1791500316,0.1298,8
1791500321,0.1593,8
1791500326,0.1329,8
1791500331,0.1284,8
1791500336,0.1524,8
1791500341,0.1275,8
1791500346,0.1264,8
1791500351,0.1553,8
1791500356,0.1093,8
1791500361,0.1275,8
1791500366,0.1590,8
1791500371,0.1376,8
1791500376,0.1328,8
1791500381,0.1489,8
1791500386,0.1525,8
1791500391,0.1368,8
1791500396,0.1595,8
1791500401,0.2080,8
1791500406,0.1740,8
1791500411,0.1760,8
1791500416,0.1982,8
1791500421,0.1745,8
1791500426,0.1908,8
1791500431,0.2109,8
1791500436,0.1996,8
1791500441,0.2090,8
1791500446,0.2249,8
1791500451,0.2073,8
1791500456,0.2078,8
1791500461,0.2313,8
1791500466,0.2005,8
1791500471,0.2452,8
1791500476,0.2705,8
1791500481,0.2409,8
1791500486,0.2362,8
1791500491,0.2686,8
1791500496,0.2483,8
1791500501,0.2374,8
1791500506,0.2685,8
1791500511,0.2583,8
1791500516,0.2451,8
1791500521,0.2498,8
1791500526,0.2642,8
1791500531,0.2483,8
1791500536,0.2218,8
1791500541,0.2331,8
1791500546,0.2025,8
1791500551,0.2074,8
1791500556,0.2233,8
1791500561,0.2053,8
1791500566,0.2011,8
1791500571,0.2220,8
1791500577,0.1956,8
1791500582,0.2082,8
1791500587,0.2245,8
1791500592,0.2035,8
1791500597,0.2030,8
1791500602,0.2327,8
1791500607,0.2040,8
1791500612,0.2139,8
1791500617,0.2618,8
1791500622,0.2495,8
1791500627,0.2459,8
1791500632,0.2562,8
1791500637,0.2692,8
1791500642,0.2471,8
1791500647,0.2408,8
1791500652,0.3212,8
1791500657,0.2888,8
1791500662,0.2910,8
1791500667,0.3142,8
1791500672,0.2844,8
1791500677,0.2888,8
1791500682,0.3165,8
1791500687,0.3197,8
1791500692,0.3257,8
1791500697,0.3590,8
1791500702,0.3364,8
1791500707,0.3247,8
1791500712,0.3584,8
1791500717,0.3263,8
1791500722,0.3231,8
1791500727,0.3414,8
1791500732,0.3507,8
1791500737,0.3313,8
1791500742,0.3406,8
1791500747,0.3273,8
1791500752,0.3098,8
1791500757,0.2789,8
1791500762,0.3053,8
1791500767,0.2766,8
1791500772,0.2875,8
1791500777,0.3156,8
1791500782,0.2792,8
1791500787,0.2735,8
1791500792,0.2729,8
1791500797,0.2373,8
1791500802,0.2474,8
1791500807,0.2699,8
1791500812,0.2405,8
1791500817,0.2440,8
1791500822,0.2688,8
1791500827,0.2076,8
1791500832,0.2111,8
1791500837,0.2241,8
1791500842,0.2153,8
1791500847,0.2023,8
1791500852,0.2308,8
1791500857,0.2086,8
1791500862,0.1746,8
1791500867,0.1840,8
1791500872,0.1888,8
1791500877,0.1731,8
1791500882,0.1765,8
1791500887,0.1932,8
1791500892,0.1707,8
1791500897,0.1440,8
1791500902,0.1875,8
1791500907,0.1705,8
1791500912,0.1692,8
1791500917,0.1878,8
1791500922,0.1699,8
1791500927,0.1665,8
1791500932,0.1851,8
1791500937,0.1701,8
1791500942,0.1721,8
1791500947,0.1863,8
1791500952,0.1706,8
1791500957,0.1747,8
1791500962,0.1882,8
1791500967,0.1547,8
1791500972,0.1342,8
1791500977,0.1517,8
1791500982,0.1275,8
1791500987,0.1287,8
1791500992,0.1473,8
1791500997,0.1444,8
1791501002,0.1377,8
1791501007,0.0971,8
1791501012,0.1260,8
1791501017,0.1001,8
1791501022,0.0991,8
1791501027,0.1204,8
1791501032,0.0998,8
1791501037,0.0996,8
1791501042,0.0889,8
1791501047,0.0967,8
1791501052,0.0996,8
1791501057,0.1170,8
1791501062,0.0975,8
1791501067,0.0943,8
1791501072,0.1197,8
1791501077,0.0918,8
1791501082,0.1053,8
1791501087,0.1162,8
1791501092,0.1039,8
1791501097,0.0907,8
1791501102,0.1243,8
1791501107,0.0967,8
1791501112,0.0829,8
1791501117,0.0875,8
1791501122,0.0643,8
1791501127,0.0590,8
1791501132,0.0627,8
1791501137,0.0814,8
1791501142,0.0585,8
1791501147,0.0621,8
1791501152,0.1008,8
1791501157,0.0964,8
1791501162,0.1007,8
1791501167,0.1219,8
1791501172,0.1038,8
1791501177,0.1014,8
1791501182,0.1229,8
1791501187,0.0964,8
1791501192,0.1410,8
1791501197,0.1581,8
1791501202,0.1336,8
1791501207,0.1335,8
1791501212,0.1584,8
1791501217,0.1267,8
1791501222,0.1327,8
1791501227,0.1634,8
1791501232,0.1366,8
1791501237,0.1263,8
1791501242,0.1573,8
1791501247,0.1324,8
1791501252,0.1356,8
1791501257,0.1149,8
1791501262,0.1421,8
1791501267,0.1346,8
1791501272,0.1344,8
1791501277,0.1509,8
1791501282,0.1380,8
1791501287,0.1478,8
1791501292,0.1675,8
1791501297,0.1525,8
1791501302,0.1726,8
1791501307,0.1874,8
1791501312,0.1731,8
1791501317,0.1728,8
1791501322,0.1903,8
1791501327,0.1910,8
1791501332,0.1866,8
1791501337,0.2301,8
1791501342,0.2064,8
1791501347,0.2051,8
1791501352,0.2361,8
1791501357,0.2152,8
1791501362,0.2081,8
1791501367,0.2304,8
1791501372,0.2576,8
1791501377,0.2506,8
1791501382,0.2654,8
1791501387,0.2610,8
1791501392,0.2552,8
1791501397,0.2474,8
1791501402,0.2827,8
1791501407,0.2565,8
1791501412,0.2465,8
1791501417,0.2723,8
1791501422,0.2484,8
1791501427,0.2438,8
1791501432,0.2803,8
1791501437,0.2224,8
1791501442,0.2153,8
1791501447,0.2317,8
1791501452,0.2068,8
1791501457,0.2075,8
1791501462,0.2236,8
1791501467,0.2135,8
1791501472,0.1944,8
1791501477,0.2086,8
1791501482,0.2147,8
1791501487,0.2045,8
1791501492,0.2338,8
1791501497,0.2114,8
1791501502,0.2009,8
1791501507,0.2076,8
1791501512,0.2379,8
1791501517,0.2446,8
1791501522,0.2387,8
1791501528,0.2705,8
1791501533,0.2501,8
1791501538,0.2455,8
1791501543,0.2765,8
1791501548,0.2337,8
1791501553,0.3049,8
1791501558,0.3109,8
1791501563,0.2906,8
1791501568,0.2860,8
1791501573,0.3135,8
1791501578,0.2813,8
1791501583,0.2865,8
1791501588,0.3467,8
1791501593,0.3346,8
1791501598,0.3400,8
1791501603,0.3694,8
1791501608,0.3256,8
1791501613,0.3342,8
1791501618,0.3483,8
1791501623,0.3451,8
1791501628,0.3327,8
1791501633,0.3275,8
1791501638,0.3494,8
1791501643,0.3274,8
1791501648,0.3273,8
1791501653,0.3510,8
1791501658,0.2873,8
1791501663,0.2918,8
1791501668,0.3039,8
1791501673,0.2749,8
1791501678,0.2877,8
1791501683,0.3177,8
1791501688,0.2786,8
1791501693,0.2509,8
1791501698,0.2580,8
1791501703,0.2433,8
1791501708,0.2470,8
1791501713,0.2630,8
1791501718,0.2419,8
1791501723,0.2479,8
1791501728,0.2224,8
1791501733,0.2050,8
1791501738,0.2115,8
1791501743,0.2098,8
1791501748,0.2213,8
1791501753,0.2058,8
1791501758,0.2092,8
1791501763,0.2040,8
1791501768,0.1715,8
1791501773,0.1716,8
1791501778,0.1873,8
1791501783,0.1710,8
1791501788,0.1668,8
1791501793,0.1938,8
1791501798,0.1506,8
1791501803,0.1528,8
1791501808,0.1924,8
1791501813,0.1712,8
1791501818,0.1713,8
1791501823,0.1882,8
1791501828,0.1718,8
1791501833,0.1728,8
1791501838,0.1998,8
1791501843,0.1843,8
1791501848,0.1668,8
1791501853,0.1960,8
1791501858,0.1741,8
1791501863,0.1725,8
1791501868,0.1668,8
1791501873,0.1538,8
1791501878,0.1311,8
1791501883,0.1301,8
1791501888,0.1569,8
1791501893,0.1308,8
1791501898,0.1302,8
1791501903,0.1542,8
1791501908,0.1000,8
1791501913,0.1021,8
1791501918,0.1211,8
1791501923,0.0971,8
1791501928,0.0964,8
1791501933,0.1261,8
1791501938,0.0963,8
1791501943,0.0702,8
1791501948,0.1159,8
1791501953,0.0979,8
1791501958,0.0980,8
1791501963,0.1211,8
1791501968,0.0988,8
1791501973,0.0982,8
1791501978,0.1227,8
1791501983,0.1024,8
1791501988,0.1008,8
1791501993,0.1003,8
1791501998,0.1173,8
1791502003,0.0995,8
1791502008,0.1017,8
1791502013,0.1067,8
1791502018,0.0627,8
1791502023,0.0625,8
1791502028,0.0842,8
1791502033,0.0618,8
1791502038,0.0651,8
1791502043,0.0845,8
1791502048,0.0617,8
1791502053,0.0693,8
1791502058,0.1239,8
1791502063,0.0964,8
1791502068,0.0993,8
1791502073,0.1223,8
1791502078,0.0975,8
1791502083,0.1003,8
1791502088,0.1159,8
1791502093,0.1302,8
1791502098,0.1333,8
1791502103,0.1545,8
1791502108,0.1308,8
1791502113,0.1312,8
1791502118,0.1381,8
1791502123,0.1423,8
1791502128,0.1381,8
1791502133,0.1310,8
1791502138,0.1554,8
1791502143,0.1338,8
1791502148,0.1307,8
1791502153,0.1554,8
1791502158,0.1154,8
1791502163,0.1239,8
1791502168,0.1551,8
1791502173,0.1321,8
1791502178,0.1339,8
1791502183,0.1581,8
1791502188,0.1463,8
1791502193,0.1356,8
1791502198,0.1724,8
1791502203,0.1831,8
1791502208,0.1711,8
1791502213,0.2004,8
1791502218,0.1739,8
1791502223,0.1709,8
1791502228,0.2275,8
1791502233,0.1823,8
1791502238,0.2111,8
1791502243,0.2229,8
1791502248,0.2185,8
1791502253,0.2056,8
1791502258,0.1998,8
1791502263,0.2335,8
1791502268,0.2019,8
1791502273,0.2405,8
1791502278,0.2681,8
1791502283,0.2472,8
1791502288,0.2413,8
1791502293,0.2685,8
1791502298,0.2428,8
1791502303,0.2459,8
1791502308,0.2742,8
1791502313,0.2511,8
1791502318,0.2456,8
1791502323,0.2733,8
1791502328,0.2497,8
1791502333,0.2501,8
1791502338,0.2545,8
1791502343,0.2222,8
1791502348,0.2148,8
1791502353,0.2433,8
1791502358,0.2104,8
1791502363,0.2051,8
1791502368,0.2257,8
1791502373,0.2239,8
1791502378,0.1913,8
1791502383,0.2162,8
1791502388,0.2266,8
1791502393,0.2128,8
1791502398,0.2078,8
1791502403,0.2344,8
1791502408,0.2074,8
1791502413,0.2140,8
1791502418,0.2754,8
1791502423,0.2557,8
1791502428,0.2481,8
1791502433,0.2760,8
1791502438,0.2501,8
1791502443,0.2455,8
1791502448,0.2718,8
1791502453,0.2868,8
1791502458,0.2995,8
1791502463,0.3098,8
1791502468,0.2814,8
1791502474,0.2891,8
1791502479,0.3090,8
1791502484,0.2825,8
1791502489,0.3186,8
1791502494,0.3417,8
1791502499,0.3522,8
1791502504,0.3375,8
1791502509,0.3319,8
1791502514,0.3619,8
1791502519,0.3318,8
1791502524,0.3325,8
1791502529,0.3758,8
1791502534,0.3316,8
1791502539,0.3327,8
1791502544,0.3540,8
1791502549,0.3381,8
1791502554,0.3203,8
1791502559,0.3004,8
1791502564,0.2867,8
1791502569,0.2809,8
1791502574,0.3175,8
1791502579,0.2808,8
1791502584,0.2891,8
1791502589,0.3092,8
1791502594,0.2411,8
1791502599,0.2388,8
1791502604,0.2462,8
1791502609,0.2637,8
1791502614,0.2493,8
1791502619,0.2434,8
1791502624,0.2719,8
1791502629,0.2062,8
1791502634,0.2073,8
1791502639,0.2318,8
1791502644,0.2025,8
1791502649,0.2064,8
1791502654,0.2286,8
1791502659,0.2085,8
1791502664,0.1847,8
1791502669,0.1920,8
1791502674,0.1699,8
1791502679,0.1643,8
1791502684,0.1966,8
1791502689,0.1721,8
1791502694,0.1704,8
1791502699,0.1743,8
1791502704,0.1496,8
1791502709,0.1743,8
1791502714,0.2000,8
1791502719,0.1676,8
1791502724,0.1726,8
1791502729,0.1793,8
1791502734,0.1998,8
1791502739,0.1751,8
1791502744,0.1736,8
1791502749,0.1941,8
1791502754,0.1751,8
1791502759,0.1813,8
1791502764,0.2029,8
1791502769,0.1730,8
1791502774,0.1402,8
1791502779,0.1594,8
1791502784,0.1370,8
1791502789,0.1310,8
1791502794,0.1640,8
1791502799,0.1388,8
1791502804,0.1384,8
1791502809,0.1250,8
1791502814,0.0983,8
1791502819,0.0975,8
1791502824,0.1208,8
1791502829,0.0912,8
1791502834,0.0986,8
1791502839,0.1179,8
1791502844,0.0723,8
1791502849,0.0900,8
1791502854,0.1007,8
1791502859,0.1124,8
1791502864,0.0968,8
1791502869,0.0951,8
1791502874,0.1177,8
1791502879,0.0967,8
1791502884,0.0999,8
1791502889,0.1150,8
1791502894,0.0979,8
1791502899,0.0940,8
1791502904,0.1168,8
1791502909,0.0986,8
1791502914,0.0927,8
1791502919,0.0856,8
1791502924,0.0665,8
1791502929,0.0619,8
1791502934,0.0835,8
1791502939,0.0613,8
1791502944,0.0634,8
1791502949,0.0824,8
1791502954,0.0634,8
1791502959,0.1070,8
1791502964,0.1184,8
1791502969,0.1030,8
1791502974,0.0951,8
1791502979,0.1026,8
1791502984,0.1161,8
1791502989,0.0890,8
1791502994,0.1325,8
1791502999,0.1535,8
1791503004,0.1310,8
1791503009,0.1283,8
1791503014,0.1606,8
1791503019,0.1309,8
1791503024,0.1283,8
1791503029,0.1580,8
1791503034,0.1313,8
1791503039,0.1347,8
1791503044,0.1537,8
1791503049,0.1287,8
1791503054,0.1302,8
1791503059,0.1397,8
1791503064,0.1155,8
1791503069,0.1386,8
1791503074,0.1578,8
1791503079,0.1305,8
1791503084,0.1335,8
1791503089,0.1599,8
1791503094,0.1371,8
1791503099,0.1528,8
1791503104,0.1992,8
1791503109,0.1913,8
1791503114,0.1780,8
1791503119,0.1762,8
1791503124,0.1902,8
1791503129,0.1669,8
1791503134,0.1692,8
1791503139,0.2314,8
1791503144,0.2232,8
1791503149,0.2114,8
1791503154,0.2384,8
1791503159,0.2006,8
1791503164,0.2033,8
1791503169,0.2211,8
1791503174,0.2432,8
1791503179,0.2436,8
1791503184,0.2686,8
1791503189,0.2461,8
1791503194,0.2605,8
1791503199,0.2750,8
1791503204,0.2479,8
1791503209,0.2583,8
1791503214,0.2716,8
1791503219,0.2466,8
1791503224,0.2501,8
1791503229,0.2573,8
1791503234,0.2902,8
1791503239,0.2382,8
1791503244,0.2226,8
1791503249,0.2395,8
1791503254,0.2183,8
1791503259,0.2140,8
1791503264,0.2418,8
1791503269,0.2164,8
1791503274,0.2134,8
1791503279,0.2015,8
1791503284,0.2264,8
1791503289,0.2237,8
1791503294,0.2355,8
1791503299,0.2177,8
1791503304,0.2223,8
1791503309,0.2502,8
1791503314,0.2180,8
1791503319,0.2565,8
1791503324,0.2802,8
1791503329,0.2517,8
1791503334,0.2530,8
1791503339,0.2682,8
1791503344,0.2615,8
1791503349,0.2543,8
1791503354,0.2899,8
1791503359,0.3049,8
1791503364,0.2959,8
1791503369,0.2964,8
1791503374,0.3126,8
1791503379,0.2838,8
1791503384,0.2978,8
1791503389,0.3422,8
1791503394,0.3468,8
1791503399,0.3274,8
1791503404,0.3656,8
1791503409,0.3405,8
1791503414,0.3286,8
1791503419,0.3623,8
1791503425,0.3342,8
1791503430,0.3314,8
1791503435,0.3716,8
1791503440,0.3245,8
1791503445,0.3247,8
1791503450,0.3587,8
1791503455,0.3225,8
1791503460,0.2899,8
1791503465,0.2833,8
1791503470,0.3058,8
1791503475,0.3019,8
1791503480,0.2812,8
1791503485,0.3055,8
1791503490,0.2886,8
1791503495,0.2450,8
1791503500,0.2743,8
1791503505,0.2483,8
1791503510,0.2539,8
1791503515,0.2682,8
1791503520,0.2428,8
1791503525,0.2424,8
1791503530,0.2459,8
1791503535,0.2080,8
1791503540,0.2056,8
1791503545,0.2296,8
1791503550,0.2049,8
1791503555,0.2077,8
1791503560,0.2215,8
1791503565,0.1846,8
1791503570,0.1758,8
1791503575,0.1949,8
1791503580,0.1769,8
1791503585,0.1722,8
1791503590,0.1674,8
1791503595,0.1874,8
1791503600,0.1592,8
1791503605,0.1413,8
1791503610,0.1941,8
1791503615,0.1675,8
1791503620,0.1630,8
1791503625,0.1907,8
1791503630,0.1643,8
1791503635,0.1711,8
1791503640,0.1959,8
1791503645,0.1638,8
1791503650,0.1640,8
1791503655,0.1900,8
1791503660,0.1645,8
1791503665,0.1688,8
1791503670,0.1899,8
1791503675,0.1319,8
1791503680,0.1313,8
1791503685,0.1483,8
1791503690,0.1344,8
1791503695,0.1289,8
1791503700,0.1387,8
1791503705,0.1447,8
1791503710,0.1093,8
1791503715,0.1003,8
1791503720,0.1200,8
1791503725,0.0963,8
1791503730,0.0943,8
1791503735,0.1174,8
1791503740,0.0942,8
1791503745,0.0789,8
1791503750,0.1110,8
1791503755,0.0975,8
1791503760,0.0942,8
1791503765,0.1210,8
1791503770,0.0949,8
1791503775,0.0942,8
1791503780,0.1151,8
1791503785,0.0997,8
1791503790,0.0951,8
1791503795,0.1162,8
1791503800,0.0961,8
1791503805,0.0970,8
1791503810,0.1250,8
1791503815,0.0918,8
1791503820,0.0622,8
1791503825,0.0816,8
1791503830,0.0659,8
1791503835,0.0622,8
1791503840,0.0640,8
1791503845,0.0850,8
1791503850,0.0636,8
1791503855,0.0639,8
1791503860,0.1213,8
1791503865,0.0965,8
1791503870,0.1010,8
1791503875,0.1200,8
1791503880,0.0932,8
1791503885,0.0949,8
1791503890,0.1181,8
1791503895,0.1280,8
1791503900,0.1338,8
1791503905,0.1564,8
1791503910,0.1316,8
1791503915,0.1433,8
1791503920,0.1545,8
1791503925,0.1338,8
1791503930,0.1425,8
1791503935,0.1563,8
1791503940,0.1317,8
1791503945,0.1360,8
1791503950,0.1561,8
1791503955,0.1335,8
1791503960,0.1269,8
1791503965,0.1136,8
1791503970,0.1532,8
1791503975,0.1377,8
1791503980,0.1283,8
1791503985,0.1605,8
1791503990,0.1490,8
1791503995,0.1369,8
1791504000,0.1670,8
1791504005,0.1871,8
1791504010,0.1738,8
1791504015,0.1943,8
1791504020,0.1770,8
1791504025,0.1694,8
1791504030,0.2262,8
1791504035,0.1700,8
1791504040,0.2090,8
1791504045,0.2238,8
1791504050,0.2069,8
1791504055,0.2084,8
1791504060,0.2389,8
1791504065,0.2092,8
1791504070,0.2098,8
1791504075,0.2615,8
1791504080,0.2521,8
1791504085,0.2399,8
1791504090,0.2487,8
1791504095,0.2712,8
1791504100,0.2452,8
1791504105,0.2394,8
1791504110,0.2828,8
1791504115,0.2487,8
1791504120,0.2405,8
1791504125,0.2641,8
1791504130,0.2430,8
1791504135,0.2510,8
1791504140,0.2694,8
1791504145,0.2083,8
1791504150,0.2105,8
1791504155,0.2359,8
1791504160,0.2136,8
1791504165,0.2135,8
1791504170,0.2397,8
1791504175,0.2068,8
1791504180,0.1677,8
1791504185,0.2261,8
1791504190,0.2015,8
1791504195,0.2040,8
1791504200,0.2221,8
1791504205,0.2153,8
1791504210,0.2053,8
1791504215,0.2045,8
1791504220,0.2594,8
1791504225,0.2467,8
1791504230,0.2571,8
1791504235,0.2671,8
1791504240,0.2463,8
1791504245,0.2438,8
1791504250,0.2590,8
1791504255,0.2811,8
1791504260,0.2928,8
1791504265,0.3207,8
1791504270,0.2938,8
1791504275,0.3013,8
1791504280,0.3041,8
1791504285,0.2845,8
1791504290,0.3100,8
1791504295,0.3661,8
1791504300,0.3323,8
1791504305,0.3274,8
1791504310,0.3551,8
1791504315,0.3214,8
1791504320,0.3288,8
1791504325,0.3316,8
1791504330,0.3406,8
1791504335,0.3299,8
1791504340,0.3227,8
1791504345,0.3519,8
1791504350,0.3242,8
1791504355,0.3294,8
1791504360,0.3079,8
1791504365,0.2906,8
1791504371,0.2828,8
1791504376,0.3217,8
1791504381,0.2868,8
1791504386,0.2861,8
1791504391,0.3116,8
1791504396,0.2527,8
1791504401,0.2507,8
1791504406,0.2665,8
1791504411,0.2549,8
1791504416,0.2451,8
1791504421,0.2711,8
1791504426,0.2456,8
1791504431,0.2302,8
1791504436,0.2381,8
1791504441,0.2118,8
1791504446,0.2059,8
1791504451,0.2036,8
1791504456,0.2308,8
1791504461,0.2115,8
1791504466,0.1869,8
1791504471,0.2043,8
1791504476,0.1717,8
1791504481,0.1731,8
1791504486,0.1878,8
1791504491,0.1702,8
1791504496,0.1742,8
1791504501,0.1856,8
1791504506,0.1474,8
1791504511,0.1615,8
1791504516,0.1951,8
1791504521,0.1672,8
1791504526,0.1715,8
1791504531,0.1947,8
1791504536,0.1668,8
1791504541,0.1739,8
1791504546,0.1928,8
1791504551,0.1702,8
1791504556,0.1735,8
1791504561,0.1931,8
1791504566,0.1845,8
1791504571,0.1766,8
1791504576,0.1397,8
1791504581,0.1604,8
1791504586,0.1359,8
1791504591,0.1389,8
1791504596,0.1562,8
1791504601,0.1362,8
1791504606,0.1353,8
1791504611,0.1341,8
1791504616,0.1037,8
1791504621,0.1040,8
1791504626,0.1280,8
1791504631,0.0982,8
1791504636,0.0987,8
1791504641,0.1194,8
1791504646,0.0816,8
1791504651,0.0863,8
1791504656,0.1167,8
1791504661,0.0969,8
1791504666,0.1011,8
1791504671,0.1179,8
1791504676,0.0949,8
1791504681,0.0991,8
1791504686,0.1208,8
1791504691,0.1004,8
1791504696,0.1001,8
1791504701,0.0979,8
1791504706,0.1249,8
1791504711,0.1025,8
1791504716,0.0967,8
1791504721,0.0828,8
1791504726,0.0635,8
1791504731,0.0614,8
1791504736,0.0827,8
1791504741,0.0649,8
1791504746,0.0636,8
1791504751,0.0833,8
1791504756,0.0647,8
1791504761,0.0964,8
1791504766,0.1216,8
1791504771,0.0998,8
1791504776,0.0996,8
1791504781,0.1159,8
1791504786,0.0973,8
1791504791,0.0908,8
1791504796,0.1469,8
1791504801,0.1335,8
1791504806,0.1311,8
1791504811,0.1540,8
1791504816,0.1360,8
1791504821,0.1263,8
1791504826,0.1362,8
1791504831,0.1511,8
1791504836,0.1272,8
1791504841,0.1326,8
1791504846,0.1571,8
1791504851,0.1319,8
1791504856,0.1286,8
1791504861,0.1469,8
1791504866,0.1167,8
1791504871,0.1397,8
1791504876,0.1604,8
1791504881,0.1324,8
1791504886,0.1333,8
1791504891,0.1659,8
1791504896,0.1456,8
1791504901,0.1418,8
1791504906,0.2156,8
1791504911,0.1747,8
1791504916,0.1723,8
1791504921,0.1944,8
1791504926,0.1663,8
1791504931,0.1690,8
1791504936,0.1893,8
1791504941,0.2078,8
1791504946,0.2419,8
1791504951,0.2131,8
1791504956,0.2193,8
1791504961,0.2193,8
1791504966,0.2102,8
1791504971,0.2393,8
1791504976,0.2521,8
1791504981,0.2540,8
1791504986,0.2721,8
1791504991,0.2507,8
1791504996,0.2498,8
1791505001,0.2775,8
1791505006,0.2542,8
1791505011,0.2512,8
1791505016,0.2705,8
1791505021,0.2492,8
1791505026,0.2463,8
1791505031,0.2753,8
1791505036,0.2542,8
1791505041,0.2443,8
1791505046,0.2382,8
1791505051,0.2133,8
1791505056,0.2070,8
1791505061,0.2257,8
1791505066,0.2107,8
1791505071,0.2124,8
1791505076,0.2134,8
1791505081,0.1899,8
1791505086,0.2138,8
1791505091,0.2131,8
1791505096,0.2320,8
1791505101,0.2129,8
1791505106,0.2135,8
1791505111,0.2413,8
1791505116,0.2130,8
1791505121,0.2521,8
1791505126,0.2914,8
1791505131,0.2577,8
1791505136,0.2435,8
1791505141,0.2780,8
1791505146,0.2542,8
1791505151,0.2461,8
1791505156,0.3140,8
1791505161,0.2833,8
1791505166,0.2840,8
1791505171,0.3219,8
1791505176,0.2933,8
1791505181,0.2904,8
1791505186,0.3169,8
1791505191,0.3200,8
1791505196,0.3376,8
1791505201,0.3421,8
1791505206,0.3475,8
1791505211,0.3544,8
1791505216,0.3370,8
1791505221,0.3627,8
1791505226,0.3371,8
1791505231,0.3413,8
1791505236,0.3565,8
1791505241,0.3290,8
1791505246,0.3269,8
1791505251,0.3545,8
1791505256,0.3427,8
1791505261,0.2829,8
1791505266,0.3260,8
1791505271,0.2924,8
1791505276,0.2948,8
1791505281,0.3124,8
1791505286,0.2867,8
1791505291,0.2933,8
1791505296,0.2714,8
1791505301,0.2458,8
1791505306,0.2464,8
1791505311,0.2447,8
1791505317,0.2631,8
1791505322,0.2570,8
1791505327,0.2509,8
1791505332,0.2466,8
1791505337,0.2158,8
1791505342,0.2028,8
1791505347,0.2359,8
1791505352,0.2102,8
1791505357,0.2087,8
1791505362,0.2296,8
1791505367,0.1913,8
1791505372,0.1767,8
1791505377,0.2006,8
1791505382,0.1720,8
1791505387,0.1716,8
1791505392,0.2008,8
1791505397,0.1721,8
1791505402,0.1669,8
1791505407,0.1722,8
1791505412,0.1753,8
1791505417,0.1620,8
1791505422,0.1879,8
1791505427,0.1730,8
1791505432,0.1772,8
1791505437,0.1753,8
1791505442,0.1871,8
1791505447,0.1743,8
1791505452,0.1680,8
1791505457,0.1980,8
1791505462,0.1754,8
1791505467,0.1685,8
1791505472,0.1928,8
1791505477,0.1409,8
1791505482,0.1362,8
1791505487,0.1549,8
1791505492,0.1352,8
1791505497,0.1331,8
1791505502,0.1619,8
1791505507,0.1373,8
1791505512,0.1153,8
1791505517,0.1248,8
1791505522,0.0969,8
1791505527,0.0963,8
1791505532,0.1249,8
1791505537,0.0995,8
1791505542,0.1003,8
1791505547,0.1073,8
1791505552,0.0841,8
1791505557,0.0997,8
1791505562,0.1102,8
1791505567,0.1086,8
1791505572,0.0949,8
1791505577,0.0976,8
1791505582,0.1239,8
1791505587,0.1025,8
1791505592,0.1011,8
1791505597,0.1258,8
1791505602,0.1009,8
1791505607,0.1034,8
1791505612,0.1228,8
1791505617,0.0972,8
1791505622,0.0609,8
1791505627,0.0841,8
1791505632,0.0624,8
1791505637,0.0627,8
1791505642,0.0832,8
1791505647,0.0619,8
1791505652,0.0637,8
1791505657,0.0816,8
1791505662,0.0961,8
1791505667,0.0963,8
1791505672,0.1238,8
1791505677,0.0965,8
1791505682,0.0962,8
1791505687,0.0951,8
1791505692,0.1175,8
1791505697,0.1297,8
1791505702,0.1321,8
1791505707,0.1582,8
1791505712,0.1358,8
1791505717,0.1328,8
1791505722,0.1569,8
1791505727,0.1374,8
1791505732,0.1395,8
1791505737,0.1541,8
1791505742,0.1386,8
1791505747,0.1320,8
1791505752,0.1540,8
1791505757,0.1332,8
1791505762,0.1241,8
1791505767,0.1336,8
1791505772,0.1364,8
1791505777,0.1302,8
1791505782,0.1525,8
1791505787,0.1344,8
1791505792,0.1293,8
1791505797,0.1531,8
1791505802,0.1485,8
1791505807,0.1742,8
1791505812,0.1704,8
1791505817,0.1913,8
1791505822,0.1650,8
1791505827,0.1712,8
1791505832,0.1897,8
1791505837,0.1668,8
1791505842,0.2035,8
1791505847,0.2516,8
1791505852,0.2094,8
1791505857,0.2001,8
1791505862,0.2271,8
1791505867,0.2047,8
1791505872,0.2082,8
1791505877,0.2586,8
1791505882,0.2424,8
1791505887,0.2407,8
1791505892,0.2719,8
1791505897,0.2424,8
1791505902,0.2450,8
1791505907,0.2723,8
1791505912,0.2519,8
1791505917,0.2477,8
1791505922,0.2590,8
1791505927,0.2612,8
1791505932,0.2450,8
1791505937,0.2488,8
1791505942,0.2643,8
1791505947,0.2091,8
1791505952,0.2143,8
1791505957,0.2237,8
1791505962,0.2129,8
1791505967,0.2088,8
1791505972,0.2328,8
1791505977,0.2074,8
1791505982,0.1724,8
1791505987,0.2284,8
1791505992,0.2071,8
1791505997,0.2077,8
1791506002,0.2292,8
1791506007,0.2056,8
1791506012,0.2046,8
1791506017,0.2268,8
1791506022,0.2402,8
1791506027,0.2454,8
1791506032,0.2733,8
1791506037,0.2380,8
1791506042,0.2485,8
1791506047,0.2601,8
1791506052,0.2749,8
1791506057,0.2695,8
1791506062,0.2791,8
1791506067,0.3148,8
1791506072,0.2949,8
1791506077,0.2889,8
1791506082,0.3247,8
1791506087,0.2915,8
1791506092,0.3028,8
1791506097,0.3554,8
1791506102,0.3473,8
1791506107,0.3325,8
1791506112,0.3590,8
1791506117,0.3236,8
1791506122,0.3343,8
1791506127,0.3594,8
1791506132,0.3382,8
1791506137,0.3268,8
1791506142,0.3537,8
1791506147,0.3304,8
1791506152,0.3250,8
1791506157,0.3417,8
1791506162,0.2929,8
1791506167,0.2880,8
1791506172,0.2800,8
1791506177,0.3263,8
1791506182,0.2856,8
1791506187,0.2779,8
1791506192,0.3238,8
1791506197,0.2564,8
1791506202,0.2493,8
1791506207,0.2673,8
1791506212,0.2445,8
1791506217,0.2503,8
1791506222,0.2742,8
1791506227,0.2420,8
1791506232,0.2259,8
1791506237,0.2360,8
1791506242,0.2012,8
1791506247,0.2043,8
1791506252,0.2300,8
1791506257,0.2074,8
1791506262,0.2017,8
1791506267,0.2232,8
1791506272,0.1831,8
1791506277,0.1764,8
1791506282,0.1848,8
1791506288,0.1961,8
1791506293,0.1838,8
1791506298,0.1755,8
1791506303,0.1783,8
1791506308,0.1385,8
1791506313,0.1823,8
1791506318,0.1971,8
1791506323,0.1761,8
1791506328,0.1716,8
1791506333,0.2031,8
1791506338,0.1772,8
1791506343,0.1712,8
1791506348,0.2005,8
1791506353,0.1766,8
1791506358,0.1752,8
1791506363,0.1950,8
1791506368,0.1647,8
1791506373,0.1707,8
1791506378,0.1633,8
1791506383,0.1350,8
1791506388,0.1326,8
1791506393,0.1527,8
1791506398,0.1392,8
1791506403,0.1288,8
1791506408,0.1325,8
1791506413,0.1417,8
1791506418,0.1037,8
1791506423,0.0983,8
1791506428,0.1181,8
1791506433,0.1015,8
1791506438,0.1044,8
1791506443,0.1238,8
1791506448,0.0899,8
1791506453,0.0808,8
1791506458,0.1200,8
1791506463,0.0981,8
1791506468,0.0961,8
1791506473,0.1258,8
1791506478,0.1076,8
1791506483,0.1013,8
1791506488,0.1249,8
1791506493,0.1026,8
1791506498,0.0990,8
1791506503,0.1239,8
1791506508,0.1138,8
1791506513,0.1068,8
1791506518,0.1223,8
1791506523,0.0697,8
1791506528,0.0630,8
1791506533,0.0630,8
1791506538,0.0915,8
1791506543,0.0641,8
1791506548,0.0629,8
1791506553,0.0908,8
1791506558,0.0615,8
1791506563,0.0962,8
1791506568,0.1239,8
1791506573,0.0988,8
1791506578,0.0999,8
1791506583,0.1345,8
1791506588,0.1005,8
1791506593,0.0984,8
1791506598,0.1458,8
1791506603,0.1347,8
1791506608,0.1339,8
1791506613,0.1688,8
1791506618,0.1337,8
1791506623,0.1315,8
1791506628,0.1608,8
1791506633,0.1440,8
1791506638,0.1356,8
1791506643,0.1532,8
1791506648,0.1383,8
1791506653,0.1377,8
1791506658,0.1430,8
1791506663,0.1545,8
1791506668,0.1051,8
1791506673,0.1485,8
1791506678,0.1689,8
1791506683,0.1424,8
1791506688,0.1421,8
1791506693,0.1650,8
1791506698,0.1424,8
1791506703,0.1519,8
1791506708,0.2095,8
1791506713,0.1808,8
1791506718,0.1810,8
1791506723,0.2042,8
1791506728,0.1776,8
1791506733,0.1792,8
1791506738,0.2001,8
1791506743,0.2104,8
1791506748,0.2393,8
1791506753,0.2569,8
1791506758,0.2215,8
1791506763,0.2268,8
1791506768,0.2312,8
1791506773,0.2308,8
1791506778,0.2557,8
1791506783,0.2663,8
1791506788,0.2803,8
1791506793,0.2617,8
1791506798,0.2568,8
1791506803,0.2861,8
1791506808,0.2648,8
1791506813,0.2571,8
1791506818,0.2845,8
1791506823,0.2580,8
1791506828,0.2546,8
1791506833,0.3003,8
1791506838,0.2571,8
1791506843,0.2568,8
1791506848,0.2486,8
1791506853,0.2319,8
1791506858,0.2284,8
1791506863,0.2500,8
1791506868,0.2260,8
1791506873,0.2260,8
1791506878,0.2476,8
1791506883,0.1888,8
1791506888,0.2114,8
1791506893,0.2176,8
1791506898,0.2427,8
1791506903,0.2166,8
1791506908,0.2177,8
1791506913,0.2436,8
1791506918,0.2138,8
1791506923,0.2500,8
1791506928,0.2790,8
1791506933,0.2503,8
1791506938,0.2479,8
1791506943,0.2791,8
1791506948,0.2560,8
1791506953,0.2583,8
1791506958,0.3087,8
1791506963,0.3087,8
1791506968,0.3011,8
1791506973,0.3365,8
1791506978,0.3180,8
1791506983,0.3069,8
1791506988,0.3183,8
1791506993,0.3152,8
1791506998,0.3525,8
1791507003,0.3561,8
1791507008,0.3696,8
1791507013,0.3483,8
1791507018,0.3487,8
1791507023,0.3760,8
1791507028,0.3456,8
1791507033,0.3606,8
1791507038,0.3796,8
1791507043,0.3456,8
1791507048,0.3536,8
1791507053,0.3727,8
1791507058,0.3490,8
1791507063,0.3156,8
1791507068,0.3287,8
1791507073,0.2970,8
1791507078,0.2990,8
1791507083,0.3328,8
1791507088,0.3026,8
1791507093,0.3020,8
1791507098,0.2847,8
1791507103,0.2670,8
1791507108,0.2501,8
1791507113,0.2546,8
1791507118,0.2709,8
1791507123,0.2608,8
1791507128,0.2623,8
1791507133,0.2618,8
1791507138,0.2259,8
1791507143,0.2148,8
1791507148,0.2417,8
1791507153,0.2149,8
1791507158,0.2173,8
1791507163,0.2361,8
1791507168,0.2116,8
1791507173,0.1822,8
1791507178,0.2057,8
1791507183,0.1811,8
1791507188,0.1749,8
1791507193,0.2029,8
1791507198,0.1746,8
1791507203,0.1677,8
1791507208,0.1645,8
1791507213,0.1838,8
1791507219,0.1724,8
1791507224,0.1740,8
1791507229,0.2039,8
1791507234,0.1801,8
1791507239,0.1788,8
1791507244,0.2024,8
1791507249,0.1757,8
1791507254,0.1772,8
1791507259,0.1993,8
1791507264,0.1812,8
1791507269,0.1754,8
1791507274,0.2056,8
1791507279,0.1486,8
1791507284,0.1405,8
1791507289,0.1622,8
1791507294,0.1387,8
1791507299,0.1362,8
1791507304,0.1655,8
1791507309,0.1386,8
1791507314,0.1191,8
1791507319,0.1253,8
1791507324,0.1023,8
1791507329,0.0987,8
1791507334,0.1159,8
1791507339,0.1038,8
1791507344,0.1005,8
1791507349,0.0970,8
1791507354,0.1046,8
1791507359,0.1024,8
1791507364,0.1016,8
1791507369,0.1201,8
1791507374,0.1026,8
1791507379,0.1027,8
1791507384,0.1267,8
1791507389,0.0993,8
1791507394,0.1053,8
1791507399,0.1205,8
1791507404,0.0950,8
1791507409,0.1009,8
1791507414,0.1240,8
1791507419,0.0944,8
1791507424,0.0710,8
1791507429,0.0877,8
1791507434,0.0633,8
1791507439,0.0640,8
1791507444,0.0922,8
1791507449,0.0617,8
1791507454,0.0672,8
1791507459,0.0839,8
1791507464,0.0901,8
1791507469,0.1009,8
1791507474,0.1055,8
1791507479,0.1223,8
1791507484,0.0976,8
1791507489,0.0956,8
1791507494,0.1224,8
1791507499,0.1235,8
1791507504,0.1417,8
1791507509,0.1547,8
1791507514,0.1398,8
1791507519,0.1347,8
1791507524,0.1571,8
1791507529,0.1335,8
1791507534,0.1388,8
1791507539,0.1611,8
1791507544,0.1321,8
1791507549,0.1327,8
1791507554,0.1633,8
1791507559,0.1376,8
1791507564,0.1393,8
1791507569,0.1292,8
1791507574,0.1453,8
1791507579,0.1475,8
1791507584,0.1679,8
1791507589,0.1458,8
1791507594,0.1432,8
1791507599,0.1428,8
1791507604,0.1713,8
1791507609,0.1822,8
1791507614,0.1818,8
1791507619,0.2084,8
1791507624,0.1743,8
1791507629,0.1780,8
1791507634,0.2077,8
1791507639,0.1782,8
1791507644,0.2102,8
1791507649,0.2697,8
1791507654,0.2332,8
1791507659,0.2229,8
1791507664,0.2405,8
1791507669,0.2086,8
1791507674,0.2230,8
1791507679,0.2670,8
1791507684,0.2688,8
1791507689,0.2571,8
1791507694,0.2798,8
1791507699,0.2532,8
1791507704,0.2631,8
1791507709,0.2713,8
1791507714,0.2729,8
1791507719,0.2611,8
1791507724,0.2596,8
1791507729,0.2895,8
1791507734,0.2580,8
1791507739,0.2582,8
1791507744,0.2748,8
1791507749,0.2119,8
1791507754,0.2219,8
1791507759,0.2387,8
1791507764,0.2049,8
1791507769,0.2127,8
1791507774,0.2427,8
1791507779,0.2193,8
1791507784,0.1809,8
1791507789,0.2329,8
1791507794,0.2152,8
1791507799,0.2152,8
1791507804,0.2371,8
1791507809,0.2215,8
1791507814,0.2198,8
1791507819,0.2365,8
1791507824,0.2499,8
1791507829,0.2574,8
1791507834,0.2657,8
1791507839,0.2742,8
1791507844,0.2592,8
1791507849,0.2516,8
1791507854,0.2713,8
1791507859,0.2814,8
1791507864,0.3041,8
1791507869,0.3142,8
1791507874,0.3050,8
1791507879,0.3008,8
1791507884,0.3342,8
1791507889,0.3061,8
1791507894,0.3098,8
1791507899,0.3682,8
1791507904,0.3595,8
1791507909,0.3520,8
1791507914,0.3753,8
1791507919,0.3553,8
1791507924,0.3551,8
1791507929,0.3637,8
1791507934,0.3609,8
1791507939,0.3465,8
1791507944,0.3534,8
1791507949,0.3728,8
1791507954,0.3519,8
1791507959,0.3498,8
1791507964,0.3228,8
1791507969,0.3043,8
1791507974,0.2979,8
1791507979,0.3246,8
1791507984,0.2931,8
1791507989,0.2967,8
1791507994,0.3226,8
1791507999,0.2771,8
1791508004,0.2533,8
1791508009,0.2832,8
1791508014,0.2567,8
1791508019,0.2545,8
1791508024,0.2841,8
1791508029,0.2564,8
1791508034,0.2412,8
1791508039,0.2342,8
1791508044,0.2087,8
1791508049,0.2111,8
1791508054,0.2254,8
1791508059,0.2299,8
1791508064,0.2043,8
1791508069,0.2078,8
1791508074,0.1993,8
1791508079,0.1768,8
1791508084,0.1852,8
1791508089,0.1933,8
1791508094,0.1702,8
1791508099,0.1758,8
1791508104,0.1971,8
1791508109,0.1307,8
1791508114,0.1829,8
1791508119,0.2018,8
1791508124,0.1823,8
1791508129,0.1802,8
1791508134,0.2046,8
1791508139,0.1766,8
1791508144,0.1713,8
1791508150,0.2054,8
1791508155,0.1713,8
1791508160,0.1810,8
1791508165,0.2016,8
1791508170,0.1730,8
1791508175,0.1851,8
1791508180,0.1531,8
1791508185,0.1582,8
1791508190,0.1438,8
1791508195,0.1429,8
1791508200,0.1617,8
1791508205,0.1417,8
1791508210,0.1384,8
1791508215,0.1484,8
1791508220,0.1108,8
1791508225,0.1041,8
1791508230,0.1252,8
1791508235,0.1030,8
1791508240,0.1020,8
1791508245,0.1269,8
1791508250,0.0948,8
1791508255,0.0780,8
1791508260,0.1265,8
1791508265,0.1047,8
1791508270,0.0976,8
1791508275,0.1266,8
1791508280,0.1066,8
1791508285,0.1047,8
1791508290,0.1219,8
1791508295,0.1125,8
1791508300,0.1030,8
1791508305,0.1102,8
1791508310,0.1256,8
1791508315,0.1004,8
1791508320,0.0976,8
1791508325,0.0988,8
1791508330,0.0633,8
1791508335,0.0653,8
1791508340,0.0891,8
1791508345,0.0639,8
1791508350,0.0622,8
1791508355,0.0864,8
1791508360,0.0625,8
1791508365,0.0893,8
1791508370,0.1306,8
1791508375,0.1008,8
1791508380,0.0990,8
1791508385,0.1285,8
1791508390,0.1008,8
1791508395,0.1051,8
1791508400,0.1472,8
1791508405,0.1363,8
1791508410,0.1403,8
1791508415,0.1646,8
1791508420,0.1418,8
1791508425,0.1404,8
1791508430,0.1468,8
1791508435,0.1604,8
1791508440,0.1367,8
1791508445,0.1439,8
1791508450,0.1560,8
1791508455,0.1389,8
1791508460,0.1411,8
1791508465,0.1607,8
1791508470,0.1017,8
1791508475,0.1441,8
1791508480,0.1596,8
1791508485,0.1362,8
1791508490,0.1401,8
1791508495,0.1568,8
1791508500,0.1403,8
1791508505,0.1445,8
1791508510,0.2087,8
1791508515,0.1716,8
1791508520,0.1763,8
1791508525,0.2024,8
1791508530,0.1746,8
1791508535,0.1717,8
1791508540,0.1953,8
1791508545,0.2019,8
1791508550,0.2275,8
1791508555,0.2228,8
1791508560,0.2423,8
1791508565,0.2365,8
1791508570,0.2247,8
1791508575,0.2537,8
1791508580,0.2415,8
1791508585,0.2584,8
1791508590,0.2773,8
1791508595,0.2512,8
1791508600,0.2567,8
1791508605,0.2807,8
1791508610,0.2560,8
1791508615,0.2555,8
1791508620,0.2791,8
1791508625,0.2565,8
1791508630,0.2596,8
1791508635,0.2854,8
1791508640,0.2549,8
1791508645,0.2567,8
1791508650,0.2405,8
1791508655,0.2244,8
1791508660,0.2195,8
1791508665,0.2209,8
1791508670,0.2320,8
1791508675,0.2143,8
1791508680,0.2156,8
1791508685,0.2118,8
1791508690,0.2058,8
1791508695,0.2232,8
1791508700,0.2434,8
1791508705,0.2144,8
1791508710,0.2145,8
1791508715,0.2384,8
1791508720,0.2127,8
1791508725,0.2374,8
1791508730,0.2762,8
1791508735,0.2455,8
1791508740,0.2508,8
1791508745,0.2783,8
1791508750,0.2548,8
1791508755,0.2524,8
1791508760,0.3043,8
1791508765,0.3004,8
1791508770,0.2889,8
1791508775,0.3268,8
1791508780,0.2929,8
1791508785,0.2933,8
1791508790,0.2961,8
1791508795,0.3422,8
1791508800,0.3441,8
1791508805,0.3502,8
1791508810,0.3729,8
1791508815,0.3589,8
1791508820,0.3545,8
1791508825,0.3730,8
1791508830,0.3453,8
1791508835,0.3598,8
1791508840,0.3769,8
1791508845,0.3494,8
1791508850,0.3612,8
1791508855,0.3711,8
1791508860,0.3437,8
1791508865,0.3049,8
1791508870,0.3235,8
1791508875,0.3016,8
1791508880,0.3000,8
1791508885,0.3218,8
1791508890,0.3041,8
1791508895,0.2982,8
1791508900,0.2862,8
1791508905,0.2861,8
1791508910,0.2517,8
1791508915,0.2644,8
1791508920,0.2892,8
1791508925,0.2627,8
1791508930,0.2456,8
1791508935,0.2626,8
1791508940,0.2242,8
1791508945,0.2136,8
1791508950,0.2414,8
1791508955,0.2202,8
1791508960,0.2174,8
1791508965,0.2385,8
1791508970,0.2182,8
1791508975,0.1872,8
1791508980,0.2008,8
1791508985,0.1827,8
1791508990,0.1776,8
1791508995,0.2100,8
1791509000,0.1800,8
1791509005,0.1793,8
1791509010,0.1518,8
1791509015,0.1969,8
1791509020,0.1746,8
1791509025,0.1856,8
1791509030,0.2018,8
1791509035,0.1834,8
1791509040,0.1822,8
1791509045,0.2006,8
1791509050,0.1854,8
1791509055,0.1825,8
1791509060,0.1968,8
1791509066,0.1754,8
1791509071,0.1732,8
1791509076,0.2069,8
1791509081,0.1510,8
1791509086,0.1434,8
1791509091,0.1699,8
1791509096,0.1474,8
1791509101,0.1390,8
1791509106,0.1693,8
1791509111,0.1385,8
1791509116,0.1300,8
1791509121,0.1359,8
1791509126,0.1086,8
1791509131,0.1045,8
1791509136,0.1153,8
1791509141,0.1242,8
1791509146,0.1053,8
1791509151,0.1024,8
1791509156,0.0954,8
1791509161,0.1061,8
1791509166,0.1010,8
1791509171,0.1220,8
1791509176,0.1032,8
1791509181,0.1039,8
1791509186,0.1208,8
1791509191,0.0978,8
1791509196,0.1085,8
1791509201,0.1219,8
1791509206,0.1043,8
1791509211,0.1051,8
1791509216,0.1260,8
1791509221,0.0995,8
1791509226,0.0737,8
1791509231,0.0867,8
1791509236,0.0657,8
1791509241,0.0673,8
1791509246,0.0881,8
1791509251,0.0593,8
1791509256,0.0636,8
1791509261,0.0638,8
1791509266,0.1161,8
1791509271,0.1068,8
1791509276,0.1046,8
1791509281,0.1240,8
1791509286,0.1055,8
1791509291,0.0973,8
1791509296,0.1305,8
1791509301,0.1196,8
1791509306,0.1397,8
1791509311,0.1669,8
1791509316,0.1388,8
1791509321,0.1380,8
1791509326,0.1623,8
1791509331,0.1428,8
1791509336,0.1440,8
1791509341,0.1572,8
1791509346,0.1350,8
1791509351,0.1333,8
1791509356,0.1607,8
1791509361,0.1389,8
1791509366,0.1425,8
1791509371,0.1206,8
1791509376,0.1419,8
1791509381,0.1292,8
1791509386,0.1332,8
1791509391,0.1701,8
1791509396,0.1446,8
1791509401,0.1331,8
1791509406,0.1603,8
1791509411,0.1578,8
1791509416,0.1708,8
1791509421,0.1958,8
1791509426,0.1645,8
1791509431,0.1738,8
1791509436,0.2127,8
1791509441,0.1621,8
1791509446,0.1952,8
1791509451,0.2412,8
1791509456,0.2153,8
1791509461,0.2095,8
1791509466,0.2325,8
1791509471,0.2128,8
1791509476,0.2231,8
1791509481,0.2509,8
1791509486,0.2545,8
1791509491,0.2479,8
1791509496,0.2699,8
1791509501,0.2527,8
1791509506,0.2405,8
1791509511,0.2609,8
1791509516,0.2767,8
1791509521,0.2548,8
1791509526,0.2558,8
1791509531,0.2795,8
1791509536,0.2570,8
1791509541,0.2488,8
1791509546,0.2777,8
1791509551,0.2134,8
1791509556,0.2213,8
1791509561,0.2317,8
1791509566,0.2127,8
1791509571,0.2273,8
1791509576,0.2440,8
1791509581,0.2100,8
1791509586,0.1867,8
1791509591,0.2313,8
1791509596,0.2275,8
1791509601,0.2160,8
1791509606,0.2400,8
1791509611,0.2188,8
1791509616,0.2185,8
1791509621,0.2139,8
1791509626,0.2709,8
1791509631,0.2534,8
1791509636,0.2596,8
1791509641,0.2798,8
1791509646,0.2672,8
1791509651,0.2545,8
1791509656,0.2812,8
1791509661,0.2741,8
1791509666,0.3050,8
1791509671,0.3354,8
1791509676,0.2984,8
1791509681,0.2936,8
1791509686,0.3323,8
1791509691,0.3053,8
1791509696,0.3085,8
1791509701,0.3885,8
1791509706,0.3486,8
1791509711,0.3623,8
1791509716,0.3717,8
1791509721,0.3504,8
1791509726,0.3531,8
1791509731,0.3618,8
1791509736,0.3801,8
1791509741,0.3487,8
1791509746,0.3442,8
1791509751,0.3733,8
1791509756,0.3387,8
1791509761,0.3451,8
1791509766,0.3427,8
1791509771,0.2996,8
1791509776,0.3092,8
1791509781,0.3174,8
1791509786,0.2829,8
1791509791,0.2891,8
1791509796,0.3125,8
1791509801,0.2690,8
1791509806,0.2562,8
1791509811,0.2847,8
1791509816,0.2512,8
1791509821,0.2615,8
1791509826,0.2704,8
1791509831,0.2558,8
1791509836,0.2445,8
1791509841,0.2328,8
1791509846,0.2264,8
1791509851,0.2112,8
1791509856,0.2086,8
1791509861,0.2297,8
1791509866,0.2159,8
1791509871,0.2203,8
1791509876,0.1995,8
1791509881,0.1761,8
1791509886,0.1759,8
1791509891,0.1987,8
1791509896,0.1767,8
1791509901,0.1784,8
1791509906,0.2012,8
1791509911,0.1481,8
1791509916,0.1764,8
1791509921,0.2048,8
1791509926,0.1753,8
1791509931,0.1799,8
1791509936,0.2018,8
1791509941,0.1834,8
1791509946,0.1775,8
1791509951,0.2072,8
1791509956,0.1837,8
1791509961,0.1802,8
1791509966,0.1799,8
1791509971,0.2069,8
1791509976,0.1788,8
1791509981,0.1599,8
1791509987,0.1775,8
1791509992,0.1421,8
1791509997,0.1429,8
1791510002,0.1675,8
1791510007,0.1414,8
1791510012,0.1315,8
1791510017,0.1567,8
1791510022,0.1024,8
1791510027,0.1013,8
1791510032,0.1226,8
1791510037,0.0987,8
1791510042,0.0938,8
1791510047,0.1217,8
1791510052,0.0962,8
1791510057,0.0663,8
1791510062,0.1317,8
1791510067,0.1013,8
1791510072,0.0965,8
1791510077,0.1252,8
1791510082,0.0995,8
1791510087,0.1027,8
1791510092,0.1021,8
1791510097,0.1236,8
1791510102,0.0972,8
1791510107,0.0994,8
1791510112,0.1191,8
1791510117,0.1032,8
1791510122,0.1007,8
1791510127,0.0949,8
1791510132,0.0628,8
1791510137,0.0673,8
1791510142,0.0839,8
1791510147,0.0664,8
1791510152,0.0636,8
1791510157,0.0869,8
1791510162,0.0637,8
1791510167,0.0943,8
1791510172,0.1306,8
1791510177,0.0991,8
1791510182,0.1018,8
1791510187,0.1224,8
1791510192,0.0980,8
1791510197,0.1050,8
1791510202,0.1367,8
1791510207,0.1310,8
1791510212,0.1361,8
1791510217,0.1421,8
1791510222,0.1495,8
1791510227,0.1347,8
1791510232,0.1377,8
1791510237,0.1559,8
1791510242,0.1415,8
1791510247,0.1293,8
1791510252,0.1633,8
1791510257,0.1348,8
1791510262,0.1365,8
1791510267,0.1612,8
1791510272,0.1103,8
1791510277,0.1379,8
1791510282,0.1577,8
1791510287,0.1378,8
1791510292,0.1490,8
1791510297,0.1629,8
1791510302,0.1359,8
1791510307,0.1352,8
1791510312,0.1880,8
1791510317,0.1815,8
1791510322,0.1771,8
1791510327,0.1979,8
1791510332,0.1795,8
1791510337,0.1959,8
1791510342,0.1809,8
1791510347,0.2235,8
1791510352,0.2160,8
1791510357,0.2145,8
1791510362,0.2488,8
1791510367,0.2071,8
1791510372,0.2133,8
1791510377,0.2396,8
1791510382,0.2219,8
1791510387,0.2551,8
1791510392,0.2983,8
1791510397,0.2555,8
1791510402,0.2608,8
1791510407,0.2739,8
1791510412,0.2573,8
1791510417,0.2570,8
1791510422,0.2887,8
1791510427,0.2502,8
1791510432,0.2568,8
1791510437,0.2776,8
1791510442,0.2518,8
1791510447,0.2535,8
1791510452,0.2451,8
1791510457,0.2292,8
1791510462,0.2156,8
1791510467,0.2131,8
1791510472,0.2438,8
1791510477,0.2132,8
1791510482,0.2188,8
1791510487,0.2172,8
1791510492,0.2058,8
1791510497,0.2137,8
1791510502,0.2482,8
1791510507,0.2197,8
1791510512,0.2245,8
1791510517,0.2446,8
1791510522,0.2224,8
1791510527,0.2386,8
1791510532,0.2809,8
1791510537,0.2562,8
1791510542,0.2661,8
1791510547,0.2908,8
1791510552,0.2564,8
1791510557,0.2648,8
1791510562,0.2925,8
1791510567,0.2987,8
1791510572,0.3016,8
1791510577,0.3035,8
1791510582,0.3226,8
1791510587,0.2997,8
1791510592,0.2973,8
1791510597,0.3276,8
1791510602,0.3427,8
1791510607,0.3334,8
1791510612,0.3659,8
1791510617,0.3538,8
1791510622,0.3367,8
1791510627,0.3797,8
1791510632,0.3448,8
1791510637,0.3548,8
1791510642,0.3712,8
1791510647,0.3495,8
1791510652,0.3586,8
1791510657,0.3804,8
1791510662,0.3592,8
1791510667,0.3245,8
1791510672,0.3329,8
1791510677,0.2980,8
1791510682,0.3087,8
1791510687,0.2934,8
1791510692,0.3255,8
1791510697,0.2932,8
1791510702,0.2768,8
1791510707,0.2775,8
1791510712,0.2496,8
1791510717,0.2650,8
1791510722,0.2747,8
1791510727,0.2523,8
1791510732,0.2480,8
1791510737,0.2776,8
1791510742,0.2043,8
1791510747,0.2037,8
1791510752,0.2294,8
1791510757,0.2041,8
1791510762,0.2006,8
1791510767,0.2285,8
1791510772,0.2079,8
1791510777,0.1634,8
1791510782,0.1975,8
1791510787,0.1667,8
1791510792,0.1675,8
1791510797,0.1888,8
1791510802,0.1722,8
1791510807,0.1643,8
1791510812,0.1390,8
1791510817,0.1876,8
1791510822,0.1615,8
1791510827,0.1660,8
1791510832,0.1887,8
1791510837,0.1664,8
1791510842,0.1697,8
1791510847,0.1953,8
1791510852,0.1703,8
1791510857,0.1696,8
1791510862,0.1950,8
1791510867,0.1627,8
1791510872,0.1690,8
1791510877,0.1915,8
1791510882,0.1547,8
1791510887,0.1413,8
1791510892,0.1526,8
1791510897,0.1306,8
1791510902,0.1305,8
1791510907,0.1474,8
1791510912,0.1367,8
1791510918,0.1291,8
1791510923,0.1238,8
1791510928,0.0969,8
1791510933,0.0980,8
1791510938,0.1002,8
1791510943,0.1175,8
1791510948,0.0965,8
1791510953,0.1002,8
1791510958,0.0807,8
1791510963,0.1044,8
1791510968,0.0947,8
1791510973,0.1207,8
1791510978,0.0989,8
1791510983,0.0945,8
1791510988,0.1169,8
1791510993,0.0983,8
1791510998,0.0965,8
1791511003,0.1116,8
1791511008,0.1046,8
1791511013,0.1025,8
1791511018,0.1197,8
1791511023,0.0946,8
1791511028,0.0766,8
1791511033,0.0857,8
1791511038,0.0652,8
1791511043,0.0611,8
1791511048,0.0866,8
1791511053,0.0615,8
1791511058,0.0647,8
1791511063,0.0689,8
1791511068,0.0965,8
1791511073,0.0988,8
1791511078,0.0943,8
1791511083,0.1185,8
1791511088,0.0949,8
1791511093,0.0945,8
1791511098,0.1184,8
1791511103,0.1016,8
1791511108,0.1283,8
1791511113,0.1536,8
1791511118,0.1285,8
1791511123,0.1243,8
1791511128,0.1570,8
1791511133,0.1339,8
1791511138,0.1278,8
1791511143,0.1605,8
1791511148,0.1307,8
1791511153,0.1287,8
1791511158,0.1556,8
1791511163,0.1284,8
1791511168,0.1322,8
1791511173,0.1284,8
1791511178,0.1326,8
1791511183,0.1302,8
1791511188,0.1468,8
1791511193,0.1483,8
1791511198,0.1402,8
1791511203,0.1359,8
1791511208,0.1588,8
1791511213,0.1676,8
1791511218,0.1740,8
1791511223,0.1951,8
1791511228,0.1693,8
1791511233,0.1755,8
1791511238,0.2269,8
1791511243,0.1739,8
1791511248,0.1930,8
1791511253,0.2378,8
1791511258,0.2119,8
1791511263,0.2154,8
1791511268,0.2408,8
1791511273,0.2123,8
1791511278,0.2175,8
1791511283,0.2446,8
1791511288,0.2639,8
1791511293,0.2596,8
1791511298,0.2862,8
1791511303,0.2584,8
1791511308,0.2581,8
1791511313,0.2578,8
1791511318,0.2872,8
1791511323,0.2638,8
1791511328,0.2527,8
1791511333,0.2807,8
1791511338,0.2524,8
1791511343,0.2536,8
1791511348,0.2737,8
1791511353,0.2375,8
1791511358,0.2206,8
1791511363,0.2418,8
1791511368,0.2166,8
1791511373,0.2260,8
1791511378,0.2497,8
1791511383,0.2184,8
1791511388,0.1950,8
1791511393,0.2203,8
1791511398,0.2172,8
1791511403,0.2293,8
1791511408,0.2322,8
1791511413,0.2063,8
1791511418,0.2050,8
1791511423,0.2245,8
1791511428,0.2337,8
1791511433,0.2493,8
1791511438,0.2476,8
1791511443,0.2703,8
1791511448,0.2447,8
1791511453,0.2461,8
1791511458,0.2775,8
1791511463,0.2555,8
1791511468,0.2940,8
1791511473,0.3323,8
1791511478,0.3003,8
1791511483,0.2883,8
1791511488,0.3110,8
1791511493,0.2795,8
1791511498,0.2850,8
1791511503,0.3513,8
1791511508,0.3268,8
1791511513,0.3418,8
1791511518,0.3633,8
1791511523,0.3327,8
1791511528,0.3137,8
1791511533,0.3524,8
1791511538,0.3301,8
1791511543,0.3160,8
1791511548,0.3307,8
1791511553,0.3584,8
1791511558,0.3252,8
1791511563,0.3247,8
1791511568,0.3294,8
1791511573,0.2886,8
1791511578,0.2933,8
1791511583,0.3113,8
1791511588,0.2813,8
1791511593,0.2816,8
1791511598,0.3227,8
1791511603,0.2754,8
1791511608,0.2584,8
1791511613,0.2651,8
1791511618,0.2449,8
1791511623,0.2336,8
1791511628,0.2633,8
1791511633,0.2372,8
1791511638,0.2521,8
1791511643,0.2361,8
1791511648,0.2094,8
1791511653,0.2167,8
1791511658,0.2347,8
1791511663,0.2137,8
1791511668,0.2173,8
1791511673,0.2223,8
1791511678,0.2000,8
1791511683,0.1853,8
1791511688,0.1749,8
1791511693,0.2054,8
1791511698,0.1838,8
1791511703,0.1793,8
1791511708,0.2019,8
1791511713,0.1556,8
1791511718,0.1755,8
1791511723,0.2017,8
1791511728,0.1812,8
1791511733,0.1790,8
1791511738,0.2039,8
1791511743,0.1851,8
1791511748,0.1770,8
1791511753,0.2081,8
1791511758,0.1846,8
1791511763,0.1878,8
1791511768,0.2023,8
1791511773,0.1832,8
1791511778,0.1808,8
1791511783,0.1887,8
1791511788,0.1623,8
1791511793,0.1446,8
1791511798,0.1467,8
1791511803,0.1659,8
1791511808,0.1429,8
1791511813,0.1403,8
1791511818,0.1558,8
1791511823,0.1046,8
1791511828,0.1034,8
1791511833,0.1212,8
1791511838,0.0980,8
1791511843,0.0978,8
1791511848,0.1287,8
1791511853,0.1070,8
1791511859,0.0637,8
1791511864,0.1249,8
1791511869,0.0995,8
1791511874,0.1012,8
1791511879,0.1288,8
1791511884,0.1056,8
1791511889,0.1006,8
1791511894,0.1243,8
1791511899,0.1082,8
1791511904,0.0991,8
1791511909,0.1136,8
1791511914,0.1156,8
1791511919,0.1003,8
1791511924,0.1028,8
1791511929,0.1023,8
1791511934,0.0675,8
1791511939,0.0681,8
1791511944,0.0913,8
1791511949,0.0634,8
1791511954,0.0654,8
1791511959,0.0881,8
1791511964,0.0620,8
1791511969,0.0847,8
1791511974,0.1261,8
1791511979,0.0976,8
1791511984,0.1011,8
1791511989,0.1202,8
1791511994,0.0976,8
1791511999,0.1004,8
1791512004,0.1303,8
1791512009,0.1390,8
1791512014,0.1365,8
1791512019,0.1569,8
1791512024,0.1334,8
1791512029,0.1390,8
1791512034,0.1516,8
1791512039,0.1537,8
1791512044,0.1508,8
1791512049,0.1380,8
1791512054,0.1640,8
1791512059,0.1455,8
1791512064,0.1408,8
1791512069,0.1592,8
1791512074,0.1122,8
1791512079,0.1317,8
1791512084,0.1619,8
1791512089,0.1414,8
1791512094,0.1432,8
1791512099,0.1602,8
1791512104,0.1427,8
1791512109,0.1424,8
1791512114,0.2012,8
1791512119,0.1771,8
1791512124,0.1796,8
1791512129,0.1948,8
1791512134,0.1737,8
1791512139,0.1761,8
1791512144,0.1991,8
1791512149,0.1896,8
1791512154,0.2395,8
1791512159,0.2269,8
1791512164,0.2423,8
1791512169,0.2187,8
1791512174,0.2302,8
1791512179,0.2559,8
1791512184,0.2254,8
1791512189,0.2641,8
1791512194,0.2887,8
1791512199,0.2636,8
1791512204,0.2771,8
1791512209,0.2893,8
1791512214,0.2734,8
1791512219,0.2611,8
1791512224,0.2952,8
1791512229,0.2607,8
1791512234,0.2621,8
1791512239,0.2950,8
1791512244,0.2643,8
1791512249,0.2565,8
1791512254,0.2732,8
1791512259,0.2235,8
1791512264,0.2198,8
1791512269,0.2467,8
1791512274,0.2462,8
1791512279,0.2197,8
1791512284,0.2279,8
1791512289,0.2204,8
1791512294,0.2079,8
1791512299,0.2281,8
1791512304,0.2471,8
1791512309,0.2187,8
1791512314,0.2181,8
1791512319,0.2443,8
1791512324,0.2276,8
1791512329,0.2498,8
1791512334,0.3004,8
1791512339,0.2724,8
1791512344,0.2681,8
1791512349,0.2886,8
1791512354,0.2627,8
1791512359,0.2607,8
1791512364,0.2980,8
1791512369,0.3142,8
1791512374,0.3090,8
1791512379,0.3207,8
1791512384,0.3226,8
1791512389,0.3092,8
1791512394,0.3191,8
1791512399,0.3307,8
1791512404,0.3596,8
1791512409,0.3612,8
1791512414,0.3950,8
1791512419,0.3550,8
1791512424,0.3631,8
1791512429,0.3833,8
1791512434,0.3654,8
1791512439,0.3676,8
1791512444,0.3973,8
1791512449,0.3609,8
1791512454,0.3584,8
1791512459,0.3741,8
1791512464,0.3552,8
1791512469,0.3373,8
1791512474,0.3317,8
1791512479,0.3097,8
1791512484,0.3193,8
1791512489,0.3124,8
1791512494,0.3304,8
1791512499,0.3032,8
1791512504,0.2904,8
1791512509,0.2968,8
1791512514,0.2656,8
1791512519,0.2659,8
1791512524,0.2875,8
1791512529,0.2598,8
1791512534,0.2677,8
1791512539,0.2908,8
1791512544,0.2176,8
1791512549,0.2137,8
1791512554,0.2431,8
1791512559,0.2139,8
1791512564,0.2113,8
1791512569,0.2475,8
1791512574,0.2212,8
1791512579,0.1798,8
1791512584,0.2039,8
1791512589,0.1789,8
1791512594,0.1790,8
1791512599,0.1956,8
1791512604,0.1862,8
1791512609,0.1730,8
1791512614,0.1508,8
1791512619,0.1885,8
1791512624,0.1767,8
1791512629,0.1737,8
1791512634,0.2007,8
1791512639,0.1723,8
1791512644,0.1800,8
1791512649,0.1899,8
1791512654,0.1738,8
1791512659,0.1751,8
1791512664,0.2029,8
1791512669,0.1801,8
1791512674,0.1820,8
1791512679,0.2004,8
1791512684,0.1697,8
1791512689,0.1431,8
1791512694,0.1637,8
1791512699,0.1337,8
1791512704,0.1408,8
1791512709,0.1592,8
1791512714,0.1370,8
1791512719,0.1394,8
1791512724,0.1108,8
1791512729,0.1124,8
1791512734,0.1019,8
1791512739,0.1004,8
1791512744,0.1228,8
1791512749,0.1016,8
1791512754,0.1038,8
1791512759,0.0952,8
1791512765,0.0982,8
1791512770,0.1052,8
1791512775,0.1240,8
1791512780,0.1069,8
1791512785,0.0978,8
1791512790,0.1219,8
1791512795,0.1019,8
1791512800,0.1041,8
1791512805,0.1198,8
1791512810,0.1030,8
1791512815,0.1028,8
1791512820,0.1206,8
1791512825,0.0969,8
1791512830,0.0851,8
1791512835,0.0927,8
1791512840,0.0667,8
1791512845,0.0652,8
1791512850,0.0723,8
1791512855,0.0773,8
1791512860,0.0645,8
1791512865,0.0642,8
1791512870,0.1073,8
1791512875,0.1010,8
1791512880,0.0994,8
1791512885,0.1288,8
1791512890,0.0985,8
1791512895,0.0969,8
1791512900,0.1246,8
1791512905,0.1010,8
1791512910,0.1421,8
1791512915,0.1645,8
1791512920,0.1402,8
1791512925,0.1381,8
1791512930,0.1604,8
1791512935,0.1437,8
1791512940,0.1421,8
1791512945,0.1684,8
1791512950,0.1379,8
1791512955,0.1384,8
1791512960,0.1676,8
1791512965,0.1474,8
1791512970,0.1435,8
1791512975,0.1296,8
1791512980,0.1466,8
1791512985,0.1455,8
1791512990,0.1431,8
1791512995,0.1699,8
1791513000,0.1370,8
1791513005,0.1422,8
1791513010,0.1617,8
1791513015,0.1562,8
1791513020,0.1718,8
1791513025,0.2047,8
1791513030,0.1767,8
1791513035,0.1822,8
1791513040,0.2015,8
1791513045,0.1781,8
1791513050,0.1963,8
1791513055,0.2452,8
1791513060,0.2156,8
1791513065,0.2176,8
1791513070,0.2294,8
1791513075,0.2154,8
1791513080,0.2124,8
1791513085,0.2415,8
1791513090,0.2606,8
1791513095,0.2500,8
1791513100,0.2553,8
1791513105,0.2794,8
1791513110,0.2516,8
1791513115,0.2577,8
1791513120,0.2652,8
1791513125,0.2466,8
1791513130,0.2456,8
1791513135,0.2639,8
1791513140,0.2482,8
1791513145,0.2460,8
1791513150,0.2583,8
1791513155,0.2162,8
1791513160,0.2145,8
1791513165,0.2258,8
1791513170,0.2118,8
1791513175,0.2076,8
1791513180,0.2215,8
1791513185,0.2098,8
1791513190,0.1897,8
1791513195,0.2098,8
1791513200,0.2116,8
1791513205,0.2037,8
1791513210,0.2243,8
1791513215,0.2075,8
1791513220,0.1981,8
1791513225,0.1986,8
1791513230,0.2378,8
1791513235,0.2413,8
1791513240,0.2366,8
1791513245,0.2693,8
1791513250,0.2343,8
1791513255,0.2542,8
1791513260,0.2670,8
1791513265,0.2383,8
1791513270,0.2911,8
1791513275,0.3132,8
1791513280,0.2820,8
1791513285,0.2811,8
1791513290,0.3047,8
1791513295,0.2879,8
1791513300,0.2857,8
1791513305,0.3419,8
1791513310,0.3192,8
1791513315,0.3373,8
1791513320,0.3531,8
1791513325,0.3251,8
1791513330,0.3213,8
1791513335,0.3396,8
1791513340,0.3432,8
1791513345,0.3188,8
1791513350,0.3322,8
1791513355,0.3612,8
1791513360,0.3356,8
1791513365,0.3266,8
1791513370,0.3326,8
1791513375,0.2819,8
1791513380,0.2845,8
1791513385,0.3081,8
1791513390,0.2799,8
1791513395,0.2726,8
1791513400,0.3026,8
1791513405,0.2755,8
1791513410,0.2484,8
1791513415,0.2659,8
1791513420,0.2429,8
1791513425,0.2529,8
1791513430,0.2664,8
1791513435,0.2377,8
1791513440,0.2506,8
1791513445,0.2235,8
1791513450,0.2010,8
1791513455,0.2033,8
1791513460,0.2034,8
1791513465,0.2208,8
1791513470,0.2051,8
1791513475,0.2028,8
1791513480,0.1903,8
1791513485,0.1743,8
1791513490,0.1644,8
1791513495,0.1869,8
1791513500,0.1680,8
1791513505,0.1615,8
1791513510,0.1858,8
1791513515,0.1433,8
1791513520,0.1578,8
1791513525,0.1905,8
1791513530,0.1665,8
1791513535,0.1680,8
1791513540,0.1883,8
1791513545,0.1658,8
1791513550,0.1715,8
1791513555,0.1913,8
1791513560,0.1735,8
1791513565,0.1694,8
1791513570,0.1863,8
1791513575,0.1715,8
1791513580,0.1747,8
1791513585,0.1725,8
1791513590,0.1529,8
1791513595,0.1349,8
1791513600,0.1363,8
1791513605,0.1571,8
1791513610,0.1341,8
1791513615,0.1358,8
1791513620,0.1615,8
1791513625,0.0977,8
1791513630,0.0917,8
1791513635,0.1226,8
1791513640,0.0986,8
1791513645,0.0925,8
1791513650,0.1240,8
1791513655,0.1010,8
1791513660,0.0685,8
1791513665,0.1177,8
1791513670,0.0948,8
1791513675,0.1002,8
1791513680,0.1306,8
1791513685,0.1012,8
1791513690,0.0972,8
1791513695,0.1207,8
1791513700,0.1015,8
1791513706,0.0957,8
1791513711,0.1105,8
1791513716,0.1151,8
1791513721,0.0973,8
1791513726,0.0948,8
1791513731,0.1054,8
1791513736,0.0590,8
1791513741,0.0615,8
1791513746,0.0869,8
1791513751,0.0636,8
1791513756,0.0613,8
1791513761,0.0851,8
1791513766,0.0633,8
1791513771,0.0702,8
1791513776,0.1217,8
1791513781,0.0959,8
1791513786,0.0969,8
1791513791,0.1163,8
1791513796,0.0975,8
1791513801,0.0972,8
1791513806,0.1200,8
1791513811,0.1334,8
1791513816,0.1384,8
1791513821,0.1572,8
1791513826,0.1350,8
1791513831,0.1357,8
1791513836,0.1484,8
1791513841,0.1343,8
1791513846,0.1421,8
1791513851,0.1286,8
1791513856,0.1515,8
1791513861,0.1291,8
1791513866,0.1321,8
1791513871,0.1547,8
1791513876,0.1166,8
1791513881,0.1226,8
1791513886,0.1551,8
1791513891,0.1324,8
1791513896,0.1441,8
1791513901,0.1652,8
1791513906,0.1389,8
1791513911,0.1342,8
1791513916,0.1746,8
1791513921,0.1771,8
1791513926,0.1844,8
1791513931,0.2064,8
1791513936,0.1725,8
1791513941,0.1713,8
1791513946,0.1920,8
1791513951,0.1798,8
1791513956,0.2425,8
1791513961,0.2242,8
1791513966,0.2040,8
1791513971,0.1989,8
1791513976,0.2078,8
1791513981,0.2282,8
1791513986,0.2067,8
1791513991,0.2440,8
1791513996,0.2576,8
1791514001,0.2492,8
1791514006,0.2454,8
1791514011,0.2751,8
1791514016,0.2542,8
1791514021,0.2576,8
1791514026,0.2827,8
1791514031,0.2402,8
1791514036,0.2453,8
1791514041,0.2697,8
1791514046,0.2514,8
1791514051,0.2399,8
1791514056,0.2478,8
1791514061,0.2082,8
1791514066,0.2077,8
1791514071,0.2307,8
1791514076,0.2132,8
1791514081,0.2211,8
1791514086,0.2321,8
1791514091,0.2031,8
1791514096,0.1884,8
1791514101,0.2082,8
1791514106,0.2360,8
1791514111,0.2090,8
1791514116,0.2101,8
1791514121,0.2295,8
1791514126,0.2140,8
1791514131,0.2077,8
1791514136,0.2672,8
1791514141,0.2412,8
1791514146,0.2445,8
1791514151,0.2730,8
1791514156,0.2402,8
1791514161,0.2532,8
1791514166,0.2746,8
1791514171,0.2844,8
1791514176,0.2860,8
1791514181,0.2919,8
1791514186,0.2810,8
1791514191,0.2919,8
1791514196,0.3109,8
1791514201,0.2756,8
1791514206,0.3327,8
1791514211,0.3424,8
1791514216,0.3541,8
1791514221,0.3270,8
1791514226,0.3359,8
1791514231,0.3559,8
1791514236,0.3411,8
1791514241,0.3338,8
1791514246,0.3553,8
1791514251,0.3354,8
1791514256,0.3238,8
1791514261,0.3590,8
1791514266,0.3316,8
1791514271,0.3253,8
1791514276,0.3182,8
1791514281,0.2883,8
1791514286,0.2864,8
1791514291,0.3055,8
1791514296,0.2802,8
1791514301,0.2856,8
1791514306,0.3120,8
1791514311,0.2524,8
1791514316,0.2458,8
1791514321,0.2668,8
1791514326,0.2574,8
1791514331,0.2477,8
1791514336,0.2533,8
1791514341,0.2825,8
1791514346,0.2128,8
1791514351,0.2163,8
1791514356,0.2427,8
1791514361,0.2154,8
1791514366,0.2105,8
1791514371,0.2352,8
1791514376,0.2078,8
1791514381,0.1881,8
1791514386,0.2023,8
1791514391,0.1717,8
1791514396,0.1719,8
1791514401,0.2009,8
1791514406,0.1706,8
1791514411,0.1738,8
1791514416,0.1759,8
1791514421,0.1557,8
1791514426,0.1801,8
1791514431,0.1915,8
1791514436,0.1773,8
1791514441,0.1759,8
1791514446,0.1890,8
1791514451,0.1858,8
1791514456,0.1847,8
1791514461,0.1732,8
1791514466,0.1945,8
1791514471,0.1828,8
1791514476,0.1820,8
1791514481,0.2038,8
1791514486,0.1734,8
1791514491,0.1346,8
1791514496,0.1615,8
1791514501,0.1446,8
1791514506,0.1298,8
1791514511,0.1589,8
1791514516,0.1375,8
1791514521,0.1387,8
1791514526,0.1266,8
1791514531,0.1055,8
1791514536,0.0989,8
1791514541,0.1185,8
1791514546,0.0964,8
1791514551,0.0974,8
1791514556,0.1176,8
1791514561,0.0702,8
1791514566,0.0840,8
1791514571,0.1071,8
1791514576,0.1056,8
1791514581,0.0913,8
1791514586,0.0949,8
1791514591,0.1168,8
1791514596,0.0926,8
1791514601,0.1017,8
1791514606,0.1175,8
1791514611,0.0965,8
1791514616,0.0960,8
1791514621,0.1201,8
1791514626,0.0929,8
1791514631,0.0871,8
1791514636,0.0852,8
1791514641,0.0631,8
1791514646,0.0612,8
1791514651,0.0858,8
1791514657,0.0612,8
1791514662,0.0593,8
1791514667,0.0830,8
1791514672,0.0630,8
1791514677,0.1010,8
1791514682,0.1181,8
1791514687,0.0922,8
1791514692,0.0942,8
1791514697,0.1218,8
1791514702,0.0949,8
1791514707,0.0987,8
1791514712,0.1335,8
1791514717,0.1441,8
1791514722,0.1286,8
1791514727,0.1312,8
1791514732,0.1534,8
1791514737,0.1312,8
1791514742,0.1301,8
1791514747,0.1486,8
1791514752,0.1272,8
1791514757,0.1328,8
1791514762,0.1500,8
1791514767,0.1297,8
1791514772,0.1294,8
1791514777,0.1342,8
1791514782,0.1166,8
1791514787,0.1285,8
1791514792,0.1616,8
1791514797,0.1375,8
1791514802,0.1392,8
1791514807,0.1623,8
1791514812,0.1378,8
1791514817,0.1721,8
1791514822,0.1952,8
1791514827,0.1714,8
1791514832,0.1718,8
1791514837,0.1787,8
1791514842,0.2151,8
1791514847,0.1733,8
1791514852,0.1767,8
1791514857,0.2384,8
1791514862,0.2068,8
1791514867,0.2010,8
1791514872,0.2283,8
1791514877,0.2059,8
1791514882,0.2061,8
1791514887,0.2296,8
1791514892,0.2494,8
1791514897,0.2465,8
1791514902,0.2709,8
1791514907,0.2433,8
1791514912,0.2447,8
1791514917,0.2774,8
1791514922,0.2476,8
1791514927,0.2502,8
1791514932,0.2654,8
1791514937,0.2516,8
1791514942,0.2535,8
1791514947,0.2762,8
1791514952,0.2451,8
1791514957,0.2334,8
1791514962,0.2172,8
1791514967,0.2308,8
1791514972,0.2105,8
1791514977,0.2061,8
1791514982,0.2337,8
1791514987,0.2021,8
1791514992,0.1995,8
1791514997,0.2037,8
1791515002,0.1967,8
1791515007,0.2045,8
1791515012,0.2197,8
1791515017,0.2056,8
1791515022,0.2088,8
1791515027,0.2275,8
1791515032,0.1989,8
1791515037,0.2447,8
1791515042,0.2670,8
1791515047,0.2308,8
1791515052,0.2436,8
1791515057,0.2707,8
1791515062,0.2387,8
1791515067,0.2364,8
1791515072,0.3157,8
1791515077,0.2745,8
1791515082,0.2844,8
1791515087,0.3014,8
1791515092,0.3064,8
1791515097,0.2918,8
1791515102,0.2889,8
1791515107,0.3417,8
1791515112,0.3281,8
1791515117,0.3539,8
1791515122,0.3562,8
1791515127,0.3371,8
1791515132,0.3316,8
1791515137,0.3452,8
1791515142,0.3312,8
1791515147,0.3289,8
1791515152,0.3576,8
1791515157,0.3192,8
1791515162,0.3272,8
1791515167,0.3472,8
1791515172,0.3319,8
1791515177,0.2867,8
1791515182,0.3116,8
1791515187,0.2868,8
1791515192,0.2915,8
1791515197,0.3007,8
1791515202,0.2907,8
1791515207,0.2853,8
1791515212,0.2524,8
1791515217,0.2737,8
1791515222,0.2476,8
1791515227,0.2303,8
1791515232,0.2630,8
1791515237,0.2437,8
1791515242,0.2436,8
1791515247,0.2309,8
1791515252,0.2115,8
1791515257,0.2034,8
1791515262,0.2277,8
1791515267,0.2053,8
1791515272,0.2100,8
1791515277,0.2322,8
1791515282,0.1870,8
1791515287,0.1700,8
1791515292,0.1989,8
1791515297,0.1689,8
1791515302,0.1684,8
1791515307,0.1871,8
1791515312,0.1733,8
1791515317,0.1533,8
1791515322,0.1673,8
1791515327,0.1760,8
1791515332,0.1698,8
1791515337,0.1642,8
1791515342,0.1964,8
1791515347,0.1649,8
1791515352,0.1741,8
1791515357,0.1902,8
1791515362,0.1765,8
1791515367,0.1697,8
1791515372,0.1925,8
1791515377,0.1659,8
1791515382,0.1687,8
1791515387,0.1914,8
1791515392,0.1356,8
1791515397,0.1308,8
1791515402,0.1539,8
1791515407,0.1300,8
1791515412,0.1356,8
1791515417,0.1596,8
1791515422,0.1333,8
1791515427,0.1038,8
1791515432,0.1236,8
1791515437,0.1001,8
1791515442,0.0975,8
1791515447,0.1189,8
1791515452,0.0954,8
1791515457,0.0916,8
1791515462,0.0788,8
1791515467,0.1083,8
1791515472,0.0991,8
1791515477,0.0969,8
1791515482,0.1235,8
1791515487,0.1009,8
1791515492,0.0984,8
1791515497,0.1225,8
1791515502,0.1049,8
1791515507,0.1009,8
1791515512,0.1307,8
1791515517,0.0996,8
1791515522,0.1010,8
1791515527,0.1269,8
1791515532,0.0907,8
1791515537,0.0696,8
1791515542,0.0900,8
1791515547,0.0619,8
1791515552,0.0637,8
1791515557,0.0855,8
1791515562,0.0644,8
1791515567,0.0645,8
1791515572,0.0785,8
1791515577,0.1167,8
1791515582,0.0998,8
1791515587,0.0954,8
1791515592,0.1183,8
1791515597,0.0984,8
1791515602,0.1001,8
1791515607,0.1214,8
1791515613,0.1372,8
1791515618,0.1312,8
1791515623,0.1614,8
1791515628,0.1410,8
1791515633,0.1407,8
1791515638,0.1631,8
1791515643,0.1379,8
1791515648,0.1397,8
1791515653,0.1596,8
1791515658,0.1365,8
1791515663,0.1362,8
1791515668,0.1644,8
1791515673,0.1388,8
1791515678,0.1233,8
1791515683,0.1363,8
1791515688,0.1385,8
1791515693,0.1368,8
1791515698,0.1414,8
1791515703,0.1508,8
1791515708,0.1325,8
1791515713,0.1434,8
1791515718,0.1838,8
1791515723,0.1825,8
1791515728,0.1726,8
1791515733,0.2024,8
1791515738,0.1765,8
1791515743,0.1699,8
1791515748,0.2000,8
1791515753,0.1746,8
1791515758,0.2450,8
1791515763,0.2341,8
1791515768,0.2151,8
1791515773,0.2130,8
1791515778,0.2378,8
1791515783,0.2171,8
1791515788,0.2136,8
1791515793,0.2686,8
1791515798,0.2517,8
1791515803,0.2492,8
1791515808,0.2812,8
1791515813,0.2575,8
1791515818,0.2586,8
1791515823,0.2499,8
1791515828,0.2797,8
1791515833,0.2481,8
1791515838,0.2599,8
1791515843,0.2826,8
1791515848,0.2598,8
1791515853,0.2595,8
1791515858,0.2598,8
1791515863,0.2221,8
1791515868,0.2153,8
1791515873,0.2376,8
1791515878,0.2173,8
1791515883,0.2125,8
1791515888,0.2359,8
1791515893,0.2053,8
1791515898,0.1820,8
1791515903,0.2440,8
1791515908,0.2065,8
1791515913,0.2089,8
1791515918,0.2430,8
1791515923,0.2137,8
1791515928,0.2215,8
1791515933,0.2233,8
1791515938,0.2627,8
1791515943,0.2565,8
1791515948,0.2591,8
1791515953,0.2822,8
1791515958,0.2544,8
1791515963,0.2556,8
1791515968,0.2819,8
1791515973,0.2946,8
1791515978,0.3057,8
1791515983,0.3352,8
1791515988,0.3017,8
1791515993,0.3001,8
1791515998,0.3330,8
1791516003,0.2986,8
1791516008,0.3178,8
1791516013,0.3593,8
1791516018,0.3564,8
1791516023,0.3508,8
1791516028,0.3718,8
1791516033,0.3596,8
1791516038,0.3513,8
1791516043,0.3705,8
1791516048,0.3478,8
1791516053,0.3507,8
1791516058,0.3328,8
1791516063,0.3745,8
1791516068,0.3368,8
1791516073,0.3417,8
1791516078,0.3340,8
1791516083,0.3025,8
1791516088,0.2987,8
1791516093,0.3381,8
1791516098,0.2981,8
1791516103,0.2860,8
1791516108,0.3265,8
1791516113,0.2595,8
1791516118,0.2629,8
1791516123,0.2789,8
1791516128,0.2616,8
1791516133,0.2619,8
1791516138,0.2726,8
1791516143,0.2542,8
1791516148,0.2278,8
1791516153,0.2362,8
1791516158,0.2189,8
1791516163,0.2129,8
1791516168,0.2121,8
1791516173,0.2420,8
1791516178,0.2070,8
1791516183,0.1944,8
1791516188,0.1967,8
1791516193,0.1772,8
1791516198,0.1805,8
1791516203,0.1941,8
1791516208,0.1746,8
1791516213,0.1701,8
1791516218,0.1836,8
1791516223,0.1597,8
1791516228,0.1780,8
1791516233,0.2040,8
1791516238,0.1786,8
1791516243,0.1783,8
1791516248,0.2010,8
1791516253,0.1791,8
1791516258,0.1823,8
1791516263,0.2029,8
1791516268,0.1832,8
1791516273,0.1825,8
1791516278,0.1906,8
1791516283,0.1791,8
1791516288,0.1830,8
1791516293,0.1391,8
1791516298,0.1672,8
1791516303,0.1355,8
1791516308,0.1352,8
1791516313,0.1592,8
1791516318,0.1383,8
1791516323,0.1359,8
1791516328,0.1409,8
1791516333,0.1027,8
1791516338,0.0989,8
1791516343,0.1213,8
1791516348,0.1028,8
1791516353,0.1024,8
1791516358,0.1234,8
1791516363,0.0825,8
1791516368,0.0671,8
1791516373,0.1115,8
1791516378,0.1090,8
1791516383,0.0967,8
1791516388,0.0957,8
1791516393,0.1260,8
1791516398,0.0968,8
1791516403,0.1012,8
1791516408,0.1226,8
1791516413,0.0999,8
1791516418,0.0978,8
1791516423,0.1216,8
1791516428,0.1000,8
1791516433,0.0986,8
1791516438,0.0903,8
1791516443,0.0665,8
1791516448,0.0650,8
1791516453,0.0840,8
1791516458,0.0623,8
1791516463,0.0623,8
1791516468,0.0873,8
1791516473,0.0635,8
1791516478,0.0984,8
1791516483,0.1215,8
1791516488,0.0990,8
1791516493,0.1005,8
1791516498,0.1027,8
1791516503,0.1206,8
1791516508,0.0995,8
1791516513,0.1301,8
1791516518,0.1608,8
1791516523,0.1326,8
1791516528,0.1419,8
1791516533,0.1580,8
1791516539,0.1428,8
1791516544,0.1338,8
1791516549,0.1673,8
1791516554,0.1385,8
1791516559,0.1382,8
1791516564,0.1587,8
1791516569,0.1446,8
1791516574,0.1392,8
1791516579,0.1555,8
1791516584,0.1171,8
1791516589,0.1435,8
1791516594,0.1734,8
1791516599,0.1428,8
1791516604,0.1410,8
1791516609,0.1700,8
1791516614,0.1509,8
1791516619,0.1538,8
1791516624,0.1912,8
1791516629,0.2038,8
1791516634,0.1743,8
1791516639,0.1789,8
1791516644,0.2041,8
1791516649,0.1811,8
1791516654,0.1900,8
1791516659,0.2571,8
1791516664,0.2220,8
1791516669,0.2139,8
1791516674,0.2457,8
1791516679,0.2263,8
1791516684,0.2095,8
1791516689,0.2470,8
1791516694,0.2545,8
1791516699,0.2641,8
1791516704,0.2980,8
1791516709,0.2688,8
1791516714,0.2614,8
1791516719,0.2833,8
1791516724,0.2635,8
1791516729,0.2616,8
1791516734,0.2681,8
1791516739,0.2670,8
1791516744,0.2604,8
1791516749,0.2699,8
1791516754,0.2946,8
1791516759,0.2607,8
1791516764,0.2292,8
1791516769,0.2512,8
1791516774,0.2229,8
1791516779,0.2272,8
1791516784,0.2474,8
1791516789,0.2269,8
1791516794,0.2257,8
1791516799,0.2189,8
1791516804,0.2419,8
1791516809,0.2329,8
1791516814,0.2527,8
1791516819,0.2301,8
1791516824,0.2272,8
1791516829,0.2541,8
1791516834,0.2375,8
1791516839,0.2669,8
1791516844,0.2859,8
1791516849,0.2817,8
1791516854,0.2718,8
1791516859,0.2670,8
1791516864,0.2937,8
1791516869,0.2721,8
1791516874,0.3030,8
1791516879,0.3407,8
1791516884,0.3123,8
1791516889,0.3224,8
1791516894,0.3576,8
1791516899,0.3261,8
1791516904,0.3170,8
1791516909,0.3637,8
1791516914,0.3550,8
1791516919,0.3791,8
1791516924,0.3924,8
1791516929,0.3613,8
1791516934,0.3741,8
1791516939,0.3952,8
1791516944,0.3701,8
1791516949,0.3608,8
1791516954,0.3661,8
1791516959,0.4018,8
1791516964,0.3702,8
1791516969,0.3538,8
1791516974,0.4059,8
1791516979,0.3141,8
1791516984,0.3081,8
1791516989,0.3350,8
1791516994,0.3102,8
1791516999,0.3165,8
1791517004,0.3413,8
1791517009,0.3278,8
1791517014,0.2812,8
1791517019,0.2944,8
1791517024,0.2727,8
1791517029,0.2641,8
1791517034,0.2928,8
1791517039,0.2749,8
1791517044,0.2665,8
1791517049,0.2676,8
1791517054,0.2326,8
1791517059,0.2229,8
1791517064,0.2128,8
1791517069,0.2548,8
1791517074,0.2279,8
1791517079,0.2206,8
1791517084,0.2303,8
1791517089,0.1784,8
1791517094,0.1830,8
1791517099,0.2097,8
1791517104,0.1736,8
1791517109,0.1781,8
1791517114,0.2035,8
1791517119,0.1735,8
1791517124,0.1506,8
1791517129,0.2065,8
1791517134,0.1837,8
1791517139,0.1811,8
1791517144,0.2074,8
1791517149,0.1800,8
1791517154,0.1782,8
1791517159,0.2061,8
1791517164,0.1934,8
1791517169,0.1810,8
1791517174,0.1877,8
1791517179,0.1941,8
1791517184,0.1733,8
1791517189,0.1827,8
1791517194,0.1767,8
1791517199,0.1472,8
1791517204,0.1409,8
1791517209,0.1605,8
1791517214,0.1325,8
1791517219,0.1408,8
1791517224,0.1632,8
1791517229,0.1118,8
1791517234,0.1053,8
1791517239,0.1251,8
1791517244,0.1028,8
1791517249,0.1010,8
1791517254,0.1281,8
1791517259,0.0949,8
1791517264,0.0844,8
1791517269,0.0994,8
1791517274,0.0990,8
1791517279,0.1023,8
1791517284,0.1318,8
1791517289,0.1027,8
1791517294,0.1045,8
1791517299,0.1005,8
1791517304,0.1296,8
1791517309,0.1035,8
1791517314,0.1051,8
1791517319,0.1210,8
1791517324,0.1004,8
1791517329,0.1008,8
1791517334,0.1217,8
1791517339,0.0632,8
1791517344,0.0658,8
1791517349,0.0851,8
1791517354,0.0653,8
1791517359,0.0635,8
1791517364,0.0898,8
1791517369,0.0644,8
1791517374,0.0664,8
1791517379,0.1167,8
1791517384,0.1033,8
1791517389,0.1031,8
1791517394,0.1275,8
1791517399,0.0992,8
1791517404,0.1097,8
1791517409,0.1263,8
1791517414,0.1273,8
1791517419,0.1331,8
1791517424,0.1421,8
1791517429,0.1545,8
1791517434,0.1428,8
1791517439,0.1363,8
1791517445,0.1601,8
1791517450,0.1424,8
1791517455,0.1360,8
1791517460,0.1638,8
1791517465,0.1333,8
1791517470,0.1371,8
1791517475,0.1636,8
1791517480,0.1316,8
1791517485,0.1030,8
1791517490,0.1645,8
1791517495,0.1334,8
1791517500,0.1352,8
1791517505,0.1686,8
1791517510,0.1372,8
1791517515,0.1306,8
1791517520,0.1581,8
1791517525,0.1812,8
1791517530,0.1827,8
1791517535,0.2080,8
1791517540,0.1708,8
1791517545,0.1671,8
1791517550,0.1772,8
1791517555,0.1935,8
1791517560,0.2016,8
1791517565,0.2116,8
1791517570,0.2371,8
1791517575,0.2241,8
1791517580,0.2090,8
1791517585,0.2309,8
1791517590,0.2154,8
1791517595,0.2470,8
1791517600,0.2888,8
1791517605,0.2493,8
1791517610,0.2549,8
1791517615,0.2757,8
1791517620,0.2529,8
1791517625,0.2453,8
1791517630,0.2855,8
1791517635,0.2516,8
1791517640,0.2663,8
1791517645,0.2847,8
1791517650,0.2607,8
1791517655,0.2646,8
1791517660,0.2773,8
1791517665,0.2206,8
1791517670,0.2116,8
1791517675,0.2135,8
1791517680,0.2382,8
1791517685,0.2113,8
1791517690,0.2098,8
1791517695,0.2380,8
1791517700,0.1787,8
1791517705,0.2170,8
1791517710,0.2293,8
1791517715,0.2170,8
1791517720,0.2233,8
1791517725,0.2428,8
1791517730,0.2277,8
1791517735,0.2165,8
1791517740,0.2833,8
1791517745,0.2611,8
1791517750,0.2631,8
1791517755,0.2895,8
1791517760,0.2664,8
1791517765,0.2564,8
1791517770,0.2927,8
1791517775,0.2949,8
1791517780,0.2997,8
1791517785,0.3131,8
1791517790,0.3196,8
1791517795,0.3130,8
1791517800,0.3149,8
1791517805,0.3268,8
1791517810,0.3164,8
1791517815,0.3528,8
1791517820,0.3906,8
1791517825,0.3551,8
1791517830,0.3471,8
1791517835,0.3746,8
1791517840,0.3403,8
1791517845,0.3464,8
1791517850,0.3770,8
1791517855,0.3511,8
1791517860,0.3438,8
1791517865,0.3718,8
1791517870,0.3479,8
1791517875,0.3534,8
1791517880,0.3339,8
1791517885,0.2998,8
1791517890,0.2821,8
1791517895,0.3130,8
1791517900,0.3002,8
1791517905,0.3003,8
1791517910,0.2937,8
1791517915,0.2931,8
1791517920,0.2557,8
1791517925,0.2579,8
1791517930,0.2751,8
1791517935,0.2595,8
1791517940,0.2563,8
1791517945,0.2750,8
1791517950,0.2251,8
1791517955,0.2037,8
1791517960,0.2325,8
1791517965,0.2118,8
1791517970,0.2148,8
1791517975,0.2407,8
1791517980,0.2118,8
1791517985,0.1996,8
1791517990,0.1988,8
1791517995,0.1753,8
1791518000,0.1709,8
1791518005,0.1959,8
1791518010,0.1699,8
1791518015,0.1768,8
1791518020,0.1667,8
1791518025,0.1667,8
1791518030,0.1937,8
1791518035,0.1797,8
1791518040,0.2075,8
1791518045,0.1852,8
1791518050,0.1812,8
1791518055,0.2077,8
1791518060,0.1868,8
1791518065,0.1903,8
1791518070,0.2110,8
1791518075,0.1912,8
1791518080,0.1764,8
1791518085,0.2073,8
1791518090,0.1866,8
1791518095,0.1583,8
1791518100,0.1594,8
1791518105,0.1397,8
1791518110,0.1390,8
1791518115,0.1566,8
1791518120,0.1434,8
1791518125,0.1337,8
1791518130,0.1358,8
1791518135,0.1109,8
1791518140,0.0960,8
1791518145,0.1015,8
1791518150,0.1254,8
1791518155,0.1063,8
1791518160,0.0979,8
1791518165,0.1099,8
1791518170,0.0767,8
1791518175,0.1031,8
1791518180,0.1220,8
1791518185,0.0984,8
1791518190,0.0997,8
1791518195,0.1238,8
1791518200,0.0947,8
1791518205,0.1012,8
1791518210,0.1238,8
1791518215,0.1014,8
1791518220,0.0922,8
1791518225,0.1252,8
1791518230,0.0988,8
1791518235,0.1026,8
1791518240,0.0904,8
1791518245,0.0630,8
1791518250,0.0641,8
1791518255,0.0876,8
1791518260,0.0657,8
1791518265,0.0628,8
1791518270,0.0682,8
1791518275,0.0897,8
1791518280,0.0960,8
1791518285,0.1031,8
1791518290,0.1207,8
1791518295,0.1075,8
1791518300,0.1017,8
1791518305,0.1234,8
1791518310,0.0964,8
1791518315,0.1294,8
1791518320,0.1580,8
1791518325,0.1319,8
1791518330,0.1404,8
1791518335,0.1588,8
1791518340,0.1335,8
1791518345,0.1398,8
1791518350,0.1590,8
1791518355,0.1346,8
1791518360,0.1375,8
1791518365,0.1635,8
1791518371,0.1360,8
1791518376,0.1365,8
1791518381,0.1492,8
1791518386,0.1085,8
1791518391,0.1486,8
1791518396,0.1429,8
1791518401,0.1632,8
1791518406,0.1355,8
1791518411,0.1379,8
1791518416,0.1722,8
1791518421,0.1589,8
1791518426,0.1755,8
1791518431,0.2028,8
1791518436,0.1801,8
1791518441,0.1797,8
1791518446,0.2064,8
1791518451,0.1792,8
1791518456,0.1819,8
1791518461,0.2514,8
1791518466,0.2179,8
1791518471,0.2191,8
1791518476,0.2367,8
1791518481,0.2141,8
1791518486,0.2175,8
1791518491,0.2333,8
1791518496,0.2536,8
1791518501,0.2642,8
1791518506,0.2672,8
1791518511,0.2818,8
1791518516,0.2605,8
1791518521,0.2523,8
1791518526,0.2900,8
1791518531,0.2542,8
1791518536,0.2542,8
1791518541,0.2803,8
1791518546,0.2541,8
1791518551,0.2609,8
1791518556,0.2949,8
1791518561,0.2562,8
1791518566,0.2176,8
1791518571,0.2468,8
1791518576,0.2202,8
1791518581,0.2119,8
1791518586,0.2424,8
1791518591,0.2145,8
1791518596,0.2175,8
1791518601,0.2121,8
1791518606,0.2093,8
1791518611,0.2275,8
1791518616,0.2364,8
1791518621,0.2212,8
1791518626,0.2182,8
1791518631,0.2198,8
1791518636,0.2424,8
1791518641,0.2458,8
1791518646,0.2674,8
1791518651,0.2832,8
1791518656,0.2609,8
1791518661,0.2557,8
1791518666,0.2808,8
1791518671,0.2537,8
1791518676,0.2783,8
1791518681,0.3235,8
1791518686,0.2962,8
1791518691,0.3079,8
1791518696,0.3291,8
1791518701,0.3054,8
1791518706,0.3097,8
1791518711,0.3338,8
1791518716,0.3547,8
1791518721,0.3581,8
1791518726,0.3686,8
1791518731,0.3354,8
1791518736,0.3415,8
1791518741,0.3421,8
1791518746,0.3757,8
1791518751,0.3476,8
1791518756,0.3502,8
1791518761,0.3548,8
1791518766,0.3372,8
1791518771,0.3642,8
1791518776,0.3736,8
1791518781,0.3073,8
1791518786,0.2958,8
1791518791,0.3195,8
1791518796,0.3152,8
1791518801,0.2898,8
1791518806,0.3387,8
1791518811,0.2927,8
1791518816,0.2758,8
1791518821,0.2727,8
1791518826,0.2587,8
1791518831,0.2580,8
1791518836,0.2849,8
1791518841,0.2608,8
1791518846,0.2656,8
1791518851,0.2448,8
1791518856,0.2461,8
1791518861,0.2094,8
1791518866,0.2182,8
1791518871,0.2446,8
1791518876,0.2118,8
1791518881,0.2148,8
1791518886,0.2333,8
1791518891,0.1772,8
1791518896,0.1879,8
1791518901,0.2031,8
1791518906,0.1768,8
1791518911,0.1750,8
1791518916,0.1993,8
1791518921,0.1751,8
1791518926,0.1414,8
1791518931,0.2061,8
1791518936,0.1773,8
1791518941,0.1771,8
1791518946,0.2060,8
1791518951,0.1691,8
1791518956,0.1790,8
1791518961,0.1921,8
1791518966,0.1852,8
1791518971,0.1694,8
1791518976,0.1782,8
1791518981,0.1940,8
1791518986,0.1802,8
1791518991,0.1744,8
1791518996,0.1784,8
1791519001,0.1412,8
1791519006,0.1381,8
1791519011,0.1557,8
1791519016,0.1416,8
1791519021,0.1371,8
1791519026,0.1600,8
1791519031,0.1200,8
1791519036,0.1047,8
1791519041,0.1228,8
1791519046,0.1021,8
1791519051,0.1030,8
1791519056,0.1216,8
1791519061,0.1015,8
1791519066,0.0905,8
1791519071,0.0974,8
1791519076,0.1042,8
1791519081,0.0982,8
1791519086,0.1173,8
1791519091,0.1106,8
1791519096,0.1020,8
1791519101,0.0993,8
1791519106,0.1249,8
1791519111,0.1034,8
1791519116,0.1023,8
1791519121,0.1285,8
1791519126,0.1021,8
1791519131,0.0992,8
1791519136,0.1292,8
1791519141,0.0710,8
1791519146,0.0643,8
1791519151,0.0862,8
1791519156,0.0622,8
1791519161,0.0600,8
1791519166,0.0831,8
1791519171,0.0674,8
1791519176,0.0647,8
1791519181,0.1149,8
1791519186,0.1002,8
1791519191,0.1009,8
1791519196,0.1275,8
1791519201,0.1014,8
1791519206,0.0976,8
1791519211,0.1169,8
1791519216,0.1292,8
1791519221,0.1356,8
1791519226,0.1356,8
1791519231,0.1618,8
1791519236,0.1376,8
1791519241,0.1369,8
1791519246,0.1582,8
1791519251,0.1373,8
1791519256,0.1404,8
1791519261,0.1602,8
1791519266,0.1365,8
1791519271,0.1363,8
1791519277,0.1549,8
1791519282,0.1304,8
1791519287,0.1041,8
1791519292,0.1669,8
1791519297,0.1374,8
1791519302,0.1399,8
1791519307,0.1572,8
1791519312,0.1313,8
1791519317,0.1421,8
1791519322,0.1703,8
1791519327,0.1710,8
1791519332,0.1714,8
1791519337,0.1968,8
1791519342,0.1835,8
1791519347,0.1866,8
1791519352,0.1863,8
1791519357,0.1993,8
1791519362,0.2126,8
1791519367,0.2238,8
1791519372,0.2413,8
1791519377,0.2516,8
1791519382,0.2167,8
1791519387,0.2402,8
1791519392,0.2237,8
1791519397,0.2396,8
1791519402,0.2831,8
1791519407,0.2608,8
1791519412,0.2607,8
1791519417,0.2830,8
1791519422,0.2501,8
1791519427,0.2458,8
1791519432,0.2780,8
1791519437,0.2568,8
1791519442,0.2436,8
1791519447,0.2617,8
1791519452,0.2450,8
1791519457,0.2445,8
1791519462,0.2476,8
1791519467,0.2307,8
1791519472,0.2148,8
1791519477,0.2098,8
1791519482,0.2347,8
1791519487,0.2079,8
1791519492,0.2053,8
1791519497,0.2372,8
1791519502,0.1815,8
1791519507,0.2040,8
1791519512,0.2326,8
1791519517,0.1997,8
1791519522,0.2049,8
1791519527,0.2366,8
1791519532,0.2044,8
1791519537,0.2079,8
1791519542,0.2555,8
1791519547,0.2411,8
1791519552,0.2509,8
1791519557,0.2763,8
1791519562,0.2409,8
1791519567,0.2521,8
1791519572,0.2679,8
1791519577,0.2689,8
1791519582,0.2802,8
1791519587,0.2985,8
1791519592,0.3072,8
1791519597,0.2926,8
1791519602,0.2912,8
1791519607,0.3128,8
1791519612,0.2977,8
1791519617,0.3321,8
1791519622,0.3554,8
1791519627,0.3292,8
1791519632,0.3349,8
1791519637,0.3593,8
1791519642,0.3266,8
1791519647,0.3327,8
1791519652,0.3586,8
1791519657,0.3274,8
1791519662,0.3239,8
1791519667,0.3485,8
1791519672,0.3329,8
1791519677,0.3312,8
1791519682,0.3200,8
1791519687,0.2818,8
1791519692,0.2770,8
1791519697,0.3029,8
1791519702,0.2899,8
1791519707,0.2803,8
1791519712,0.2865,8
1791519717,0.2846,8
1791519722,0.2473,8
1791519727,0.2413,8
1791519732,0.2599,8
1791519737,0.2511,8
1791519742,0.2545,8
1791519747,0.2609,8
1791519752,0.2358,8
1791519757,0.2031,8
1791519762,0.2254,8
1791519767,0.2040,8
1791519772,0.2078,8
1791519777,0.2340,8
1791519782,0.2033,8
1791519787,0.2006,8
1791519792,0.1897,8
1791519797,0.1759,8
1791519802,0.1744,8
1791519807,0.1971,8
1791519812,0.1678,8
1791519817,0.1639,8
1791519822,0.1833,8
1791519827,0.1455,8
1791519832,0.1748,8
1791519837,0.1661,8
1791519842,0.1931,8
1791519847,0.1684,8
1791519852,0.1688,8
1791519857,0.1985,8
1791519862,0.1698,8
1791519867,0.1685,8
1791519872,0.1921,8
1791519877,0.1726,8
1791519882,0.1739,8
1791519887,0.1962,8
1791519892,0.1746,8
1791519897,0.1501,8
1791519902,0.1641,8
1791519907,0.1278,8
1791519912,0.1347,8
1791519917,0.1593,8
1791519922,0.1332,8
1791519927,0.1308,8
1791519932,0.1466,8
1791519937,0.1004,8
1791519942,0.0935,8
1791519947,0.1175,8
1791519952,0.1057,8
1791519957,0.0941,8
1791519962,0.0946,8
1791519967,0.1135,8
1791519972,0.0697,8
1791519977,0.1062,8
1791519982,0.1221,8
1791519987,0.0952,8
1791519992,0.0985,8
1791519997,0.1173,8
1791520002,0.0957,8
1791520007,0.1015,8
1791520012,0.1227,8
1791520017,0.0987,8
1791520022,0.0980,8
1791520027,0.1195,8
1791520032,0.0970,8
1791520037,0.1053,8
1791520042,0.0945,8
1791520047,0.0645,8
1791520052,0.0642,8
1791520057,0.0830,8
1791520062,0.0603,8
1791520067,0.0625,8
1791520072,0.0841,8
1791520077,0.0629,8
1791520082,0.0883,8
1791520087,0.1034,8
1791520092,0.1209,8
1791520097,0.1045,8
1791520102,0.1073,8
1791520107,0.1179,8
1791520112,0.1046,8
1791520117,0.1153,8
1791520122,0.1547,8
1791520127,0.1425,8
1791520132,0.1363,8
1791520137,0.1638,8
1791520142,0.1450,8
1791520147,0.1375,8
1791520152,0.1624,8
1791520157,0.1403,8
1791520162,0.1339,8
1791520167,0.1538,8
1791520172,0.1328,8
1791520177,0.1294,8
1791520182,0.1583,8
1791520187,0.1065,8
1791520192,0.1399,8
1791520197,0.1573,8
1791520202,0.1541,8
1791520207,0.1344,8
1791520212,0.1441,8
1791520217,0.1669,8
1791520222,0.1553,8
1791520228,0.1721,8
1791520233,0.1985,8
1791520238,0.1735,8
1791520243,0.1835,8
1791520248,0.1983,8
1791520253,0.1807,8
1791520258,0.1750,8
1791520263,0.2328,8
1791520268,0.2115,8
1791520273,0.2214,8
1791520278,0.2569,8
1791520283,0.2211,8
1791520288,0.2170,8
1791520293,0.2542,8
1791520298,0.2277,8
1791520303,0.2490,8
1791520308,0.2881,8
1791520313,0.2519,8
1791520318,0.2630,8
1791520323,0.2670,8
1791520328,0.2817,8
1791520333,0.2598,8
1791520338,0.2704,8
1791520343,0.2851,8
1791520348,0.2586,8
1791520353,0.2624,8
1791520358,0.2821,8
1791520363,0.2565,8
1791520368,0.2278,8
1791520373,0.2423,8
1791520378,0.2251,8
1791520383,0.2243,8
1791520388,0.2456,8
1791520393,0.2221,8
1791520398,0.2232,8
1791520403,0.2145,8
1791520408,0.2158,8
1791520413,0.2206,8
1791520418,0.2452,8
1791520423,0.2147,8
1791520428,0.2233,8
1791520433,0.2316,8
1791520438,0.2287,8
1791520443,0.2417,8
1791520448,0.2612,8
1791520453,0.2811,8
1791520458,0.2577,8
1791520463,0.2529,8
1791520468,0.2861,8
1791520473,0.2705,8
1791520478,0.2792,8
1791520483,0.3172,8
1791520488,0.3059,8
1791520493,0.3050,8
1791520498,0.3303,8
1791520503,0.3109,8
1791520508,0.2969,8
1791520513,0.3252,8
1791520518,0.3453,8
1791520523,0.3523,8
1791520528,0.3686,8
1791520533,0.3395,8
1791520538,0.3424,8
1791520543,0.3589,8
1791520548,0.3544,8
1791520553,0.3431,8
1791520558,0.3571,8
1791520563,0.3720,8
1791520568,0.3425,8
1791520573,0.3400,8
1791520578,0.3839,8
1791520583,0.3067,8
1791520588,0.3066,8
1791520593,0.3262,8
1791520598,0.3216,8
1791520603,0.3015,8
1791520608,0.3272,8
1791520613,0.3054,8
1791520618,0.2775,8
1791520623,0.2797,8
1791520628,0.2417,8
1791520633,0.2579,8
1791520638,0.2871,8
1791520643,0.2618,8
1791520648,0.2523,8
1791520653,0.2739,8
1791520658,0.2184,8
1791520663,0.2068,8
1791520668,0.2217,8
1791520673,0.2311,8
1791520678,0.2218,8
1791520683,0.2111,8
1791520688,0.2213,8
1791520693,0.1759,8
1791520698,0.1821,8
1791520703,0.1991,8
1791520708,0.1787,8
1791520713,0.1743,8
1791520718,0.2032,8
1791520723,0.1729,8
1791520728,0.1424,8
1791520733,0.2075,8
1791520738,0.1751,8
1791520743,0.1771,8
1791520748,0.1951,8
1791520753,0.1752,8
1791520758,0.1777,8
1791520763,0.1970,8
1791520768,0.1768,8
1791520773,0.1739,8
1791520778,0.1968,8
1791520783,0.1726,8
1791520788,0.1834,8
1791520793,0.1768,8
1791520798,0.1810,8
1791520803,0.1421,8
1791520808,0.1349,8
1791520813,0.1595,8
1791520818,0.1408,8
1791520823,0.1414,8
1791520828,0.1638,8
1791520833,0.1281,8
1791520838,0.1079,8
1791520843,0.1216,8
1791520848,0.1047,8
1791520853,0.0969,8
1791520858,0.1290,8
1791520863,0.1016,8
1791520868,0.0995,8
1791520873,0.0887,8
1791520878,0.1132,8
1791520883,0.1043,8
1791520888,0.1295,8
1791520893,0.1010,8
1791520898,0.1031,8
1791520903,0.1145,8
1791520908,0.1134,8
1791520913,0.1090,8
1791520918,0.1059,8
1791520923,0.1281,8
1791520928,0.0974,8
1791520933,0.1015,8
1791520938,0.1303,8
1791520943,0.0776,8
1791520948,0.0595,8
1791520953,0.0881,8
1791520958,0.0630,8
1791520963,0.0637,8
1791520968,0.0897,8
1791520973,0.0653,8
1791520978,0.0625,8
1791520983,0.1167,8
1791520988,0.1007,8
1791520993,0.0967,8
1791520998,0.1248,8
1791521003,0.0975,8
1791521008,0.0994,8
1791521013,0.1217,8
1791521018,0.1165,8
1791521023,0.1302,8
1791521028,0.1506,8
1791521033,0.1408,8
1791521038,0.1366,8
1791521043,0.1329,8
1791521048,0.1510,8
1791521053,0.1376,8
1791521058,0.1374,8
1791521063,0.1568,8
1791521068,0.1351,8
1791521073,0.1326,8
1791521078,0.1638,8
1791521083,0.1360,8
1791521088,0.1074,8
1791521093,0.1583,8
1791521098,0.1379,8
1791521103,0.1404,8
1791521108,0.1575,8
1791521113,0.1359,8
1791521118,0.1436,8
1791521123,0.1626,8
1791521128,0.1616,8
1791521133,0.1815,8
1791521139,0.2018,8
1791521144,0.1750,8
1791521149,0.1794,8
1791521154,0.1966,8
1791521159,0.1767,8
1791521164,0.2141,8
1791521169,0.2132,8
1791521174,0.2364,8
1791521179,0.2385,8
1791521184,0.2173,8
1791521189,0.2375,8
1791521194,0.2072,8
1791521199,0.2348,8
1791521204,0.2708,8
1791521209,0.2501,8
1791521214,0.2534,8
1791521219,0.2806,8
1791521224,0.2538,8
1791521229,0.2514,8
1791521234,0.2935,8
1791521239,0.2596,8
1791521244,0.2428,8
1791521249,0.2786,8
1791521254,0.2555,8
1791521259,0.2553,8
1791521264,0.2740,8
1791521269,0.2314,8
1791521274,0.2152,8
1791521279,0.2139,8
1791521284,0.2419,8
1791521289,0.2155,8
1791521294,0.2197,8
1791521299,0.2361,8
1791521304,0.1884,8
1791521309,0.1976,8
1791521314,0.2363,8
1791521319,0.2160,8
1791521324,0.2143,8
1791521329,0.2343,8
1791521334,0.2124,8
1791521339,0.2218,8
1791521344,0.2596,8
1791521349,0.2520,8
1791521354,0.2603,8
1791521359,0.2817,8
1791521364,0.2578,8
1791521369,0.2512,8
1791521374,0.2759,8
1791521379,0.2711,8
1791521384,0.2978,8
1791521389,0.3019,8
1791521394,0.3173,8
1791521399,0.3015,8
1791521404,0.2936,8
1791521409,0.3144,8
1791521414,0.2998,8
1791521419,0.3686,8
1791521424,0.3766,8
1791521429,0.3531,8
1791521434,0.3534,8
1791521439,0.3739,8
1791521444,0.3411,8
1791521449,0.3484,8
1791521454,0.3737,8
1791521459,0.3569,8
1791521464,0.3579,8
1791521469,0.3685,8
1791521474,0.3404,8
1791521479,0.3440,8
1791521484,0.3524,8
1791521489,0.3019,8
1791521494,0.3083,8
1791521499,0.3059,8
1791521504,0.3129,8
1791521509,0.2992,8
1791521514,0.3140,8
1791521519,0.3049,8
1791521524,0.2479,8
1791521529,0.2509,8
1791521534,0.2792,8
1791521539,0.2610,8
1791521544,0.2555,8
1791521549,0.2817,8
1791521554,0.2493,8
1791521559,0.2232,8
1791521564,0.2306,8
1791521569,0.2236,8
1791521574,0.2155,8
1791521579,0.2340,8
1791521584,0.2156,8
1791521589,0.2137,8
1791521594,0.1999,8
1791521599,0.1830,8
1791521604,0.1758,8
1791521609,0.1971,8
1791521614,0.1805,8
1791521619,0.1710,8
1791521624,0.1702,8
1791521629,0.1699,8
1791521634,0.1812,8
1791521639,0.1816,8
1791521644,0.1986,8
1791521649,0.1697,8
1791521654,0.1827,8
1791521659,0.1987,8
1791521664,0.1810,8
1791521669,0.1796,8
1791521674,0.2038,8
1791521679,0.1773,8
1791521684,0.1754,8
1791521689,0.2051,8
1791521694,0.1750,8
1791521699,0.1630,8
1791521704,0.1625,8
1791521709,0.1374,8
1791521714,0.1318,8
1791521719,0.1659,8
1791521724,0.1329,8
1791521729,0.1357,8
1791521734,0.1555,8
1791521739,0.1049,8
1791521744,0.0996,8
1791521749,0.1011,8
1791521754,0.1228,8
1791521759,0.1017,8
1791521764,0.1014,8
1791521769,0.1227,8
1791521774,0.0633,8
1791521779,0.1137,8
1791521784,0.1254,8
1791521789,0.1055,8
1791521794,0.1027,8
1791521799,0.1231,8
1791521804,0.0966,8
1791521809,0.1027,8
1791521814,0.1272,8
1791521819,0.1047,8
1791521824,0.0977,8
1791521829,0.1224,8
1791521834,0.0990,8
1791521839,0.1001,8
1791521844,0.0990,8
1791521849,0.0612,8
1791521854,0.0626,8
1791521859,0.0826,8
1791521864,0.0659,8
1791521869,0.0670,8
1791521874,0.0649,8
1791521879,0.0893,8
1791521884,0.0844,8
1791521889,0.1005,8
1791521894,0.1223,8
1791521899,0.1041,8
1791521904,0.0968,8
1791521909,0.1225,8
1791521914,0.0994,8
1791521919,0.1084,8
1791521924,0.1577,8
1791521929,0.1415,8
1791521934,0.1341,8
1791521939,0.1589,8
1791521944,0.1349,8
1791521949,0.1299,8
1791521954,0.1621,8
1791521959,0.1472,8
1791521964,0.1388,8
1791521969,0.1599,8
1791521974,0.1337,8
1791521979,0.1375,8
1791521984,0.1535,8
1791521989,0.1125,8
1791521994,0.1346,8
1791521999,0.1359,8
1791522004,0.1648,8
1791522009,0.1445,8
1791522014,0.1379,8
1791522019,0.1613,8
1791522024,0.1426,8
1791522029,0.1586,8
1791522034,0.2050,8
1791522039,0.1806,8
1791522044,0.1707,8
1791522049,0.2049,8
1791522054,0.1832,8
1791522059,0.1776,8
1791522064,0.2385,8
1791522070,0.2161,8
1791522075,0.2116,8
1791522080,0.2381,8
1791522085,0.2200,8
1791522090,0.2140,8
1791522095,0.2415,8
1791522100,0.2225,8
1791522105,0.2548,8
1791522110,0.2617,8
1791522115,0.2704,8
1791522120,0.2575,8
1791522125,0.2578,8
1791522130,0.2807,8
1791522135,0.2589,8
1791522140,0.2641,8
1791522145,0.2884,8
1791522150,0.2543,8
1791522155,0.2552,8
1791522160,0.2773,8
1791522165,0.2521,8
1791522170,0.2244,8
1791522175,0.2456,8
1791522180,0.2195,8
1791522185,0.2216,8
1791522190,0.2393,8
1791522195,0.2131,8
1791522200,0.2173,8
1791522205,0.2261,8
1791522210,0.2045,8
1791522215,0.2086,8
1791522220,0.2334,8
1791522225,0.2132,8
1791522230,0.2192,8
1791522235,0.2142,8
1791522240,0.2355,8
1791522245,0.2380,8
1791522250,0.2606,8
1791522255,0.2818,8
1791522260,0.2544,8
1791522265,0.2568,8
1791522270,0.2827,8
1791522275,0.2574,8
1791522280,0.2717,8
1791522285,0.3190,8
1791522290,0.3039,8
1791522295,0.2985,8
1791522300,0.3236,8
1791522305,0.3035,8
1791522310,0.3002,8
1791522315,0.3170,8
1791522320,0.3657,8
1791522325,0.3574,8
1791522330,0.3698,8
1791522335,0.3628,8
1791522340,0.3328,8
1791522345,0.3545,8
1791522350,0.3757,8
1791522355,0.3545,8
1791522360,0.3449,8
1791522365,0.3771,8
1791522370,0.3397,8
1791522375,0.3466,8
1791522380,0.3654,8
1791522385,0.3190,8
1791522390,0.3023,8
1791522395,0.3203,8
1791522400,0.3064,8
1791522405,0.2937,8
1791522410,0.3319,8
1791522415,0.2967,8
1791522420,0.2802,8
1791522425,0.2788,8
1791522430,0.2486,8
1791522435,0.2543,8
1791522440,0.2808,8
1791522445,0.2602,8
1791522450,0.2473,8
1791522455,0.2579,8
1791522460,0.2371,8
1791522465,0.2103,8
1791522470,0.2188,8
1791522475,0.2387,8
1791522480,0.2212,8
1791522485,0.2159,8
1791522490,0.2398,8
1791522495,0.1736,8
1791522500,0.1816,8
1791522505,0.2057,8
1791522510,0.1771,8
1791522515,0.1886,8
1791522520,0.2011,8
1791522525,0.1781,8
1791522530,0.1544,8
1791522535,0.1989,8
1791522540,0.1828,8
1791522545,0.1787,8
1791522550,0.2035,8
1791522555,0.1757,8
1791522560,0.1858,8
1791522565,0.2034,8
1791522570,0.1753,8
1791522575,0.1827,8
1791522580,0.1728,8
1791522585,0.1987,8
1791522590,0.1780,8
1791522595,0.1794,8
1791522600,0.1847,8
1791522605,0.1356,8
1791522610,0.1387,8
1791522615,0.1560,8
1791522620,0.1359,8
1791522625,0.1354,8
1791522630,0.1600,8
1791522635,0.1305,8
1791522640,0.0999,8
1791522645,0.1249,8
1791522650,0.1044,8
1791522655,0.1004,8
1791522660,0.1249,8
1791522665,0.1021,8
1791522670,0.1012,8
1791522675,0.0870,8
1791522680,0.1070,8
1791522685,0.0959,8
1791522690,0.1189,8
1791522695,0.1030,8
1791522700,0.1023,8
1791522705,0.0993,8
1791522710,0.1283,8
1791522715,0.1027,8
1791522720,0.0981,8
1791522725,0.1238,8
1791522730,0.1008,8
1791522735,0.0995,8
1791522740,0.1233,8
1791522745,0.0818,8
1791522750,0.0640,8
1791522755,0.0870,8
1791522760,0.0649,8
1791522765,0.0630,8
1791522770,0.0900,8
1791522775,0.0655,8
1791522780,0.0633,8
1791522785,0.1067,8
1791522790,0.0961,8
1791522795,0.0990,8
1791522800,0.1276,8
1791522805,0.1031,8
1791522810,0.1029,8
1791522815,0.1319,8
1791522820,0.1062,8
1791522825,0.1430,8
1791522830,0.1452,8
1791522835,0.1653,8
1791522840,0.1439,8
1791522845,0.1385,8
1791522850,0.1640,8
1791522855,0.1393,8
1791522860,0.1491,8
1791522865,0.1670,8
1791522870,0.1385,8
1791522875,0.1396,8
1791522880,0.1647,8
1791522885,0.1354,8
1791522890,0.1190,8
1791522895,0.1557,8
1791522900,0.1382,8
1791522905,0.1387,8
1791522910,0.1702,8
1791522915,0.1392,8
1791522920,0.1464,8
1791522925,0.1775,8
1791522930,0.1678,8
1791522935,0.1802,8
1791522940,0.2012,8
1791522945,0.1812,8
1791522950,0.2036,8
1791522955,0.1818,8
1791522960,0.2103,8
1791522965,0.1943,8
1791522970,0.2117,8
1791522975,0.2430,8
1791522980,0.2222,8
1791522985,0.2219,8
1791522990,0.2559,8
1791522996,0.2218,8
1791523001,0.2211,8
1791523006,0.2935,8
1791523011,0.2669,8
1791523016,0.2624,8
1791523021,0.2895,8
1791523026,0.2614,8
1791523031,0.2648,8
1791523036,0.2931,8
1791523041,0.2683,8
1791523046,0.2654,8
1791523051,0.2828,8
1791523056,0.2724,8
1791523061,0.2591,8
1791523066,0.2713,8
1791523071,0.2516,8
1791523076,0.2204,8
1791523081,0.2166,8
1791523086,0.2425,8
1791523091,0.2139,8
1791523096,0.2095,8
1791523101,0.2417,8
1791523106,0.1965,8
1791523111,0.2078,8
1791523116,0.2474,8
1791523121,0.2184,8
1791523126,0.2223,8
1791523131,0.2537,8
1791523136,0.2230,8
1791523141,0.2163,8
1791523146,0.2668,8
1791523151,0.2598,8
1791523156,0.2592,8
1791523161,0.2849,8
1791523166,0.2527,8
1791523171,0.2512,8
1791523176,0.2803,8
1791523181,0.2689,8
1791523186,0.3090,8
1791523191,0.3030,8
1791523196,0.3299,8
1791523201,0.3037,8
1791523206,0.2911,8
1791523211,0.3239,8
1791523216,0.2895,8
1791523221,0.3497,8
1791523226,0.3758,8
1791523231,0.3486,8
1791523236,0.3484,8
1791523241,0.3732,8
1791523246,0.3414,8
1791523251,0.3501,8
1791523256,0.3792,8
1791523261,0.3500,8
1791523266,0.3459,8
1791523271,0.3757,8
1791523276,0.3522,8
1791523281,0.3565,8
1791523286,0.3369,8
1791523291,0.3208,8
1791523296,0.2871,8
1791523301,0.2992,8
1791523306,0.3171,8
1791523311,0.3061,8
1791523316,0.2823,8
1791523321,0.3146,8
1791523326,0.2646,8
1791523331,0.2592,8
1791523336,0.2861,8
1791523341,0.2590,8
1791523346,0.2513,8
1791523351,0.2736,8
1791523356,0.2566,8
1791523361,0.2205,8
1791523366,0.2372,8
1791523371,0.2191,8
1791523376,0.2235,8
1791523381,0.2371,8
1791523386,0.2061,8
1791523391,0.2145,8
1791523396,0.2008,8
1791523401,0.1793,8
1791523406,0.1766,8
1791523411,0.1798,8
1791523416,0.1976,8
1791523421,0.1793,8
1791523426,0.1776,8
1791523431,0.1820,8
1791523436,0.1756,8
1791523441,0.1690,8
1791523446,0.2017,8
1791523451,0.1730,8
1791523456,0.1811,8
1791523461,0.2059,8
1791523466,0.1762,8
1791523471,0.1800,8
1791523476,0.1977,8
1791523481,0.1801,8
1791523486,0.1859,8
1791523491,0.2154,8
1791523496,0.1737,8
1791523501,0.1658,8
1791523506,0.1700,8
1791523511,0.1413,8
1791523516,0.1457,8
1791523521,0.1685,8
1791523526,0.1439,8
1791523531,0.1431,8
1791523536,0.1370,8
1791523541,0.1276,8
1791523546,0.1070,8
1791523551,0.1010,8
1791523556,0.1280,8
1791523561,0.1001,8
1791523566,0.0992,8
1791523571,0.1261,8
1791523576,0.0669,8
1791523581,0.1015,8
1791523586,0.1298,8
1791523591,0.1069,8
1791523596,0.1051,8
1791523601,0.1281,8
1791523606,0.1047,8
1791523611,0.1067,8
1791523616,0.1286,8
1791523621,0.1021,8
1791523626,0.0997,8
1791523631,0.1243,8
1791523636,0.1054,8
1791523641,0.0990,8
1791523646,0.1064,8
1791523651,0.0670,8
1791523656,0.0604,8
1791523661,0.0642,8
1791523666,0.0889,8
1791523671,0.0671,8
1791523676,0.0611,8
1791523681,0.0885,8
1791523686,0.0823,8
1791523691,0.0982,8
1791523696,0.1296,8
1791523701,0.1036,8
1791523706,0.0988,8
1791523711,0.1279,8
1791523716,0.0982,8
1791523721,0.0997,8
1791523726,0.1650,8
1791523731,0.1445,8
1791523736,0.1444,8
1791523741,0.1633,8
1791523746,0.1318,8
1791523751,0.1327,8
1791523756,0.1575,8
1791523761,0.1468,8
1791523766,0.1363,8
1791523771,0.1616,8
1791523776,0.1361,8
1791523781,0.1337,8
1791523786,0.1415,8
1791523791,0.1401,8
1791523796,0.1283,8
1791523801,0.1390,8
1791523806,0.1578,8
1791523811,0.1365,8
1791523816,0.1376,8
1791523821,0.1694,8
1791523826,0.1493,8
1791523831,0.1616,8
1791523836,0.2010,8
1791523841,0.1705,8
1791523846,0.1745,8
1791523851,0.1992,8
1791523856,0.1726,8
1791523861,0.1782,8
1791523866,0.2268,8
1791523871,0.2178,8
1791523876,0.2265,8
1791523881,0.2427,8
1791523886,0.2163,8
1791523891,0.2143,8
1791523896,0.2299,8
1791523901,0.2149,8
1791523906,0.2630,8
1791523912,0.2629,8
1791523917,0.2768,8
1791523922,0.2484,8
1791523927,0.2445,8
1791523932,0.2775,8
1791523937,0.2479,8
1791523942,0.2505,8
1791523947,0.2737,8
1791523952,0.2557,8
1791523957,0.2570,8
1791523962,0.2745,8
1791523967,0.2503,8
1791523972,0.2222,8
1791523977,0.2418,8
1791523982,0.2125,8
1791523987,0.2104,8
1791523992,0.2327,8
1791523997,0.2115,8
1791524002,0.2186,8
1791524007,0.2184,8
1791524012,0.2014,8
1791524017,0.2179,8
1791524022,0.2245,8
1791524027,0.2352,8
1791524032,0.2150,8
1791524037,0.2148,8
1791524042,0.2372,8
1791524047,0.2262,8
1791524052,0.2532,8
1791524057,0.2830,8
1791524062,0.2492,8
1791524067,0.2585,8
1791524072,0.2877,8
1791524077,0.2503,8
1791524082,0.2555,8
1791524087,0.3293,8
1791524092,0.3116,8
1791524097,0.3071,8
1791524102,0.3320,8
1791524107,0.2976,8
1791524112,0.2939,8
1791524117,0.3174,8
1791524122,0.3445,8
1791524127,0.3397,8
1791524132,0.3713,8
1791524137,0.3610,8
1791524142,0.3611,8
1791524147,0.3600,8
1791524152,0.3819,8
1791524157,0.3710,8
1791524162,0.3485,8
1791524167,0.3643,8
1791524172,0.3542,8
1791524177,0.3362,8
1791524182,0.3850,8
1791524187,0.3261,8
1791524192,0.3074,8
1791524197,0.3192,8
1791524202,0.3002,8
1791524207,0.3067,8
1791524212,0.3203,8
1791524217,0.3032,8
1791524222,0.2888,8
1791524227,0.2836,8
1791524232,0.2645,8
1791524237,0.2611,8
1791524242,0.2623,8
1791524247,0.2731,8
1791524252,0.2638,8
1791524257,0.2501,8
1791524262,0.2312,8
1791524267,0.2170,8
1791524272,0.2177,8
1791524277,0.2350,8
1791524282,0.2160,8
1791524287,0.2165,8
1791524292,0.2364,8
1791524297,0.1819,8
1791524302,0.1826,8
1791524307,0.1968,8
1791524312,0.1742,8
1791524317,0.1755,8
1791524322,0.1928,8
1791524327,0.1640,8
1791524332,0.1516,8
1791524337,0.1867,8
1791524342,0.1768,8
1791524347,0.1710,8
1791524352,0.1997,8
1791524357,0.1809,8
1791524362,0.1782,8
1791524367,0.1737,8
1791524372,0.2094,8
1791524377,0.1709,8
1791524382,0.1763,8
1791524387,0.1952,8
1791524392,0.1864,8
1791524397,0.1785,8
1791524402,0.1965,8
1791524407,0.1365,8
1791524412,0.1348,8
1791524417,0.1575,8
1791524422,0.1362,8
1791524427,0.1367,8
1791524432,0.1611,8
1791524437,0.1353,8
1791524442,0.0973,8
1791524447,0.1251,8
1791524452,0.1017,8
1791524457,0.0958,8
1791524462,0.1231,8
1791524467,0.0997,8
1791524472,0.1004,8
1791524477,0.0867,8
1791524482,0.1075,8
1791524487,0.1052,8
1791524492,0.1022,8
1791524497,0.1229,8
1791524502,0.1053,8
1791524507,0.1038,8
1791524512,0.1248,8
1791524517,0.1001,8
1791524522,0.1034,8
1791524527,0.1256,8
1791524532,0.1015,8
1791524537,0.1000,8
1791524542,0.1297,8
1791524547,0.0846,8
1791524552,0.0660,8
1791524557,0.0847,8
1791524562,0.0651,8
1791524567,0.0632,8
1791524572,0.0900,8
1791524577,0.0641,8
1791524582,0.0637,8
1791524587,0.0952,8
1791524592,0.1000,8
1791524597,0.1001,8
1791524602,0.1091,8
1791524607,0.1096,8
1791524612,0.1006,8
1791524617,0.0944,8
1791524622,0.1165,8
1791524627,0.1392,8
1791524632,0.1368,8
1791524637,0.1525,8
1791524642,0.1348,8
1791524647,0.1356,8
1791524652,0.1588,8
1791524657,0.1366,8
1791524662,0.1429,8
1791524667,0.1548,8
1791524672,0.1355,8
1791524677,0.1284,8
1791524682,0.1584,8
1791524687,0.1341,8
1791524692,0.1159,8
1791524697,0.1404,8
1791524702,0.1373,8
1791524707,0.1368,8
1791524712,0.1553,8
1791524717,0.1349,8
1791524722,0.1432,8
1791524727,0.1551,8
1791524732,0.1670,8
1791524737,0.1731,8
1791524742,0.1735,8
1791524747,0.1983,8
1791524752,0.1873,8
1791524757,0.1767,8
1791524762,0.1977,8
1791524767,0.2059,8
1791524772,0.2187,8
1791524777,0.2453,8
1791524782,0.2191,8
1791524787,0.2128,8
1791524792,0.2397,8
1791524797,0.2161,8
1791524802,0.2195,8
1791524807,0.2815,8
1791524812,0.2683,8
1791524817,0.2550,8
1791524822,0.2944,8
1791524827,0.2521,8
1791524832,0.2605,8
1791524838,0.2768,8
1791524843,0.2688,8
1791524848,0.2515,8
1791524853,0.2573,8
1791524858,0.2775,8
1791524863,0.2485,8
1791524868,0.2591,8
1791524873,0.2595,8
1791524878,0.2143,8
1791524883,0.2155,8
1791524888,0.2325,8
1791524893,0.2101,8
1791524898,0.2106,8
1791524903,0.2359,8
1791524908,0.1922,8
1791524913,0.1894,8
1791524918,0.2387,8
1791524923,0.2141,8
1791524928,0.2208,8
1791524933,0.2424,8
1791524938,0.2160,8
1791524943,0.2119,8
1791524948,0.2494,8
1791524953,0.2547,8
1791524958,0.2514,8
1791524963,0.2798,8
1791524968,0.2594,8
1791524973,0.2540,8
1791524978,0.2499,8
1791524983,0.2864,8
1791524988,0.3086,8
1791524993,0.3011,8
1791524998,0.3331,8
1791525003,0.2996,8
1791525008,0.2965,8
1791525013,0.3302,8
1791525018,0.2896,8
1791525023,0.3351,8
1791525028,0.3634,8
1791525033,0.3602,8
1791525038,0.3507,8
1791525043,0.3658,8
1791525048,0.3424,8
1791525053,0.3529,8
1791525058,0.3691,8
1791525063,0.3503,8
1791525068,0.3355,8
1791525073,0.3685,8
1791525078,0.3617,8
1791525083,0.3554,8
1791525088,0.3257,8
1791525093,0.3274,8
1791525098,0.2981,8
1791525103,0.2982,8
1791525108,0.3170,8
1791525113,0.2899,8
1791525118,0.3007,8
1791525123,0.3174,8
1791525128,0.2535,8
1791525133,0.2524,8
1791525138,0.2859,8
1791525143,0.2578,8
1791525148,0.2531,8
1791525153,0.2876,8
1791525158,0.2602,8
1791525163,0.2037,8
1791525168,0.2354,8
1791525173,0.2222,8
1791525178,0.2183,8
1791525183,0.2347,8
1791525188,0.2210,8
1791525193,0.2165,8
1791525198,0.1866,8
1791525203,0.2029,8
1791525208,0.1724,8
1791525213,0.1782,8
1791525218,0.1958,8
1791525223,0.1717,8
1791525228,0.1750,8
1791525233,0.1785,8
1791525238,0.1578,8
1791525243,0.1765,8
1791525248,0.1933,8
1791525253,0.1744,8
1791525258,0.1741,8
1791525263,0.2016,8
1791525268,0.1671,8
1791525273,0.1774,8
1791525278,0.1991,8
1791525283,0.1748,8
1791525288,0.1753,8
1791525293,0.2031,8
1791525298,0.1780,8
1791525303,0.1703,8
1791525308,0.1460,8
1791525313,0.1468,8
1791525318,0.1316,8
1791525323,0.1376,8
1791525328,0.1591,8
1791525333,0.1355,8
1791525338,0.1399,8
1791525343,0.1235,8
1791525348,0.1046,8
1791525353,0.1002,8
1791525358,0.1219,8
1791525363,0.1047,8
1791525368,0.1008,8
1791525373,0.1237,8
1791525378,0.0748,8
1791525383,0.0986,8
1791525388,0.1264,8
1791525393,0.1012,8
1791525398,0.0997,8
1791525403,0.1237,8
1791525408,0.1062,8
1791525413,0.0962,8
1791525418,0.1275,8
1791525423,0.0988,8
1791525428,0.0985,8
1791525433,0.0987,8
1791525438,0.1229,8
1791525443,0.0997,8
1791525448,0.0869,8
1791525453,0.0883,8
1791525458,0.0652,8
1791525463,0.0607,8
1791525468,0.0906,8
1791525473,0.0626,8
1791525478,0.0647,8
1791525483,0.0870,8
1791525488,0.0691,8
1791525493,0.1062,8
1791525498,0.1317,8
1791525503,0.1021,8
1791525508,0.1054,8
1791525513,0.1252,8
1791525518,0.0958,8
1791525523,0.0979,8
1791525528,0.1617,8
1791525533,0.1388,8
1791525538,0.1367,8
1791525543,0.1445,8
1791525548,0.1432,8
1791525553,0.1325,8
1791525558,0.1392,8
1791525563,0.1681,8
1791525568,0.1350,8
1791525573,0.1369,8
1791525578,0.1627,8
1791525583,0.1356,8
1791525588,0.1402,8
1791525593,0.1438,8
1791525598,0.1204,8
1791525603,0.1437,8
1791525608,0.1627,8
1791525613,0.1420,8
1791525618,0.1483,8
1791525623,0.1737,8
1791525628,0.1496,8
1791525633,0.1625,8
1791525638,0.1984,8
1791525643,0.1846,8
1791525648,0.1823,8
1791525653,0.2091,8
1791525658,0.1777,8
1791525663,0.1746,8
1791525668,0.1997,8
1791525673,0.2282,8
1791525678,0.2146,8
1791525683,0.2190,8
1791525688,0.2354,8
1791525693,0.2155,8
1791525698,0.2144,8
1791525703,0.2399,8
1791525708,0.2541,8
1791525713,0.2648,8
1791525718,0.2858,8
1791525723,0.2579,8
1791525728,0.2545,8
1791525733,0.2785,8
1791525738,0.2585,8
1791525743,0.2709,8
1791525748,0.2793,8
1791525753,0.2620,8
1791525758,0.2662,8
1791525763,0.2725,8
1791525769,0.2590,8
1791525774,0.2431,8
1791525779,0.2359,8
1791525784,0.2164,8
1791525789,0.2144,8
1791525794,0.2143,8
1791525799,0.2337,8
1791525804,0.2144,8
1791525809,0.2025,8
1791525814,0.2208,8
1791525819,0.2183,8
1791525824,0.2071,8
1791525829,0.2521,8
1791525834,0.2260,8
1791525839,0.2192,8
1791525844,0.2454,8
1791525849,0.2145,8
1791525854,0.2652,8
1791525859,0.2934,8
1791525864,0.2626,8
1791525869,0.2617,8
1791525874,0.2934,8
1791525879,0.2601,8
1791525884,0.2627,8
1791525889,0.3298,8
1791525894,0.3108,8
1791525899,0.3025,8
1791525904,0.3134,8
1791525909,0.3246,8
1791525914,0.3017,8
1791525919,0.3014,8
1791525924,0.3744,8
1791525929,0.3437,8
1791525934,0.3489,8
1791525939,0.3749,8
1791525944,0.3450,8
1791525949,0.3330,8
1791525954,0.3686,8
1791525959,0.3527,8
1791525964,0.3442,8
1791525969,0.3678,8
1791525974,0.3436,8
1791525979,0.3491,8
1791525984,0.3668,8
1791525989,0.3272,8
1791525994,0.3041,8
1791525999,0.3332,8
1791526004,0.2997,8
1791526009,0.2999,8
1791526014,0.2978,8
1791526019,0.3130,8
1791526024,0.2988,8
1791526029,0.2529,8
1791526034,0.2773,8
1791526039,0.2647,8
1791526044,0.2584,8
1791526049,0.2878,8
1791526054,0.2516,8
1791526059,0.2571,8
1791526064,0.2350,8
1791526069,0.2204,8
1791526074,0.2158,8
1791526079,0.2368,8
1791526084,0.2192,8
1791526089,0.2092,8
1791526094,0.2388,8
1791526099,0.1854,8
1791526104,0.1808,8
1791526109,0.1942,8
1791526114,0.1696,8
1791526119,0.1692,8
1791526124,0.1874,8
1791526129,0.1803,8
1791526134,0.1559,8
1791526139,0.1589,8
1791526144,0.2036,8
1791526149,0.1759,8
1791526154,0.1754,8
1791526159,0.2057,8
1791526164,0.1712,8
1791526169,0.1761,8
1791526174,0.2028,8
1791526179,0.1847,8
1791526184,0.1728,8
1791526189,0.2104,8
1791526194,0.1858,8
1791526199,0.1870,8
1791526204,0.2043,8
1791526209,0.1395,8
1791526214,0.1428,8
1791526219,0.1646,8
1791526224,0.1449,8
1791526229,0.1373,8
1791526234,0.1677,8
1791526239,0.1425,8
1791526244,0.0973,8
1791526249,0.1215,8
1791526254,0.1055,8
1791526259,0.0988,8
1791526264,0.0965,8
1791526269,0.1194,8
1791526274,0.0973,8
1791526279,0.0797,8
1791526284,0.1217,8
1791526289,0.1002,8
1791526294,0.0990,8
1791526299,0.1221,8
1791526304,0.0971,8
1791526309,0.1038,8
1791526314,0.1268,8
1791526319,0.1003,8
1791526324,0.1011,8
1791526329,0.1201,8
1791526334,0.1007,8
1791526339,0.1042,8
1791526344,0.1233,8
1791526349,0.0903,8
1791526354,0.0651,8
1791526359,0.0912,8
1791526364,0.0630,8
1791526369,0.0629,8
1791526374,0.0856,8
1791526379,0.0682,8
1791526384,0.0632,8
1791526389,0.0619,8
1791526394,0.1323,8
1791526399,0.0985,8
1791526404,0.0999,8
1791526409,0.1221,8
1791526414,0.1014,8
1791526419,0.0988,8
1791526424,0.1208,8
1791526429,0.1394,8
1791526434,0.1405,8
1791526439,0.1656,8
1791526444,0.1384,8
1791526449,0.1352,8
1791526454,0.1551,8
1791526459,0.1460,8
1791526464,0.1380,8
1791526469,0.1613,8
1791526474,0.1346,8
1791526479,0.1355,8
1791526484,0.1569,8
1791526489,0.1398,8
1791526494,0.1293,8
1791526499,0.1368,8
1791526504,0.1394,8
1791526509,0.1351,8
1791526514,0.1357,8
1791526519,0.1573,8
1791526524,0.1441,8
1791526529,0.1459,8
1791526534,0.1761,8
1791526539,0.1798,8
1791526544,0.1787,8
1791526549,0.1993,8
1791526554,0.1826,8
1791526559,0.1772,8
1791526564,0.1995,8
1791526569,0.2040,8
1791526574,0.2138,8
1791526579,0.2364,8
1791526584,0.2147,8
1791526589,0.2059,8
1791526594,0.2387,8
1791526599,0.2079,8
1791526604,0.2111,8
1791526609,0.2875,8
1791526614,0.2620,8
1791526619,0.2525,8
1791526624,0.2741,8
1791526629,0.2620,8
1791526634,0.2499,8
1791526639,0.2483,8
1791526644,0.2849,8
1791526649,0.2590,8
1791526654,0.2668,8
1791526659,0.2819,8
1791526664,0.2578,8
1791526669,0.2480,8
1791526674,0.2651,8
1791526679,0.2178,8
1791526684,0.2124,8
1791526689,0.2304,8
1791526695,0.2122,8
1791526700,0.2155,8
1791526705,0.2374,8
1791526710,0.2019,8
1791526715,0.1937,8
1791526720,0.2378,8
1791526725,0.2087,8
1791526730,0.2130,8
1791526735,0.2427,8
1791526740,0.2051,8
1791526745,0.2106,8
1791526750,0.2118,8
1791526755,0.2817,8
1791526760,0.2637,8
1791526765,0.2518,8
1791526770,0.2838,8
1791526775,0.2557,8
1791526780,0.2598,8
1791526785,0.2740,8
1791526790,0.3060,8
1791526795,0.2962,8
1791526800,0.3291,8
1791526805,0.2992,8
1791526810,0.3015,8
1791526815,0.3266,8
1791526820,0.3068,8
1791526825,0.3313,8
1791526830,0.3822,8
1791526835,0.3536,8
1791526840,0.3502,8
1791526845,0.3716,8
1791526850,0.3607,8
1791526855,0.3656,8
1791526860,0.3462,8
1791526865,0.3754,8
1791526870,0.3451,8
1791526875,0.3469,8
1791526880,0.3694,8
1791526885,0.3435,8
1791526890,0.3347,8
1791526895,0.3245,8
1791526900,0.2960,8
1791526905,0.3155,8
1791526910,0.3167,8
1791526915,0.2966,8
1791526920,0.3013,8
1791526925,0.3207,8
1791526930,0.2638,8
1791526935,0.2612,8
1791526940,0.2959,8
1791526945,0.2615,8
1791526950,0.2540,8
1791526955,0.2965,8
1791526960,0.2585,8
1791526965,0.2188,8
1791526970,0.2326,8
1791526975,0.2343,8
1791526980,0.2154,8
1791526985,0.2142,8
1791526990,0.2444,8
1791526995,0.2121,8
1791527000,0.2023,8
1791527005,0.2010,8
1791527010,0.1808,8
1791527015,0.1747,8
1791527020,0.2023,8
1791527025,0.1775,8
1791527030,0.1772,8
1791527035,0.1815,8
1791527040,0.1566,8
1791527045,0.1770,8
1791527050,0.2040,8
1791527055,0.1729,8
1791527060,0.1790,8
1791527065,0.2000,8
1791527070,0.1765,8
1791527075,0.1787,8
1791527080,0.2002,8
1791527085,0.1679,8
1791527090,0.1733,8
1791527095,0.1851,8
1791527100,0.2006,8
1791527105,0.1696,8
1791527110,0.1399,8
1791527115,0.1615,8
1791527120,0.1368,8
1791527125,0.1362,8
1791527130,0.1623,8
1791527135,0.1402,8
1791527140,0.1396,8
1791527145,0.1337,8
1791527150,0.1189,8
1791527155,0.1051,8
1791527160,0.1272,8
1791527165,0.0961,8
1791527170,0.1023,8
1791527175,0.1224,8
1791527180,0.0826,8
1791527185,0.0880,8
1791527190,0.1273,8
1791527195,0.1040,8
1791527200,0.0972,8
1791527205,0.1215,8
1791527210,0.1049,8
1791527215,0.1038,8
1791527220,0.1085,8
1791527225,0.1240,8
1791527230,0.0969,8
1791527235,0.0984,8
1791527240,0.1240,8
1791527245,0.0982,8
1791527250,0.0941,8
1791527255,0.0943,8
1791527260,0.0627,8
1791527265,0.0605,8
1791527270,0.0919,8
1791527275,0.0654,8
1791527280,0.0656,8
1791527285,0.0882,8
1791527290,0.0621,8
1791527295,0.0999,8
1791527300,0.1270,8
1791527305,0.0959,8
1791527310,0.1019,8
1791527315,0.1244,8
1791527320,0.1046,8
1791527325,0.0999,8
1791527330,0.1576,8
1791527335,0.1443,8
1791527340,0.1399,8
1791527345,0.1445,8
1791527350,0.1650,8
1791527355,0.1437,8
1791527360,0.1487,8
1791527365,0.1658,8
1791527370,0.1392,8
1791527375,0.1367,8
1791527380,0.1590,8
1791527385,0.1399,8
1791527390,0.1450,8
1791527395,0.1521,8
1791527400,0.1137,8
1791527405,0.1369,8
1791527410,0.1606,8
1791527415,0.1328,8
1791527420,0.1400,8
1791527425,0.1667,8
1791527430,0.1495,8
1791527435,0.1409,8
1791527440,0.2076,8
1791527445,0.1727,8
1791527450,0.1784,8
1791527455,0.2039,8
1791527460,0.1884,8
1791527465,0.1815,8
1791527470,0.1952,8
1791527475,0.2391,8
1791527480,0.2161,8
1791527485,0.2216,8
1791527490,0.2449,8
1791527495,0.2173,8
1791527500,0.2197,8
1791527505,0.2528,8
1791527510,0.2597,8
1791527515,0.2634,8
1791527520,0.2804,8
1791527525,0.2673,8
1791527530,0.2506,8
1791527535,0.2870,8
1791527540,0.2536,8
1791527545,0.2582,8
1791527550,0.2856,8
1791527555,0.2578,8
1791527560,0.2572,8
1791527565,0.2826,8
1791527570,0.2614,8
1791527575,0.2529,8
1791527580,0.2214,8
1791527585,0.2343,8
1791527590,0.2143,8
1791527595,0.2151,8
1791527600,0.2519,8
1791527605,0.2217,8
1791527610,0.2141,8
1791527616,0.2080,8
1791527621,0.2193,8
1791527626,0.2159,8
1791527631,0.2521,8
1791527636,0.2191,8
1791527641,0.2165,8
1791527646,0.2478,8
1791527651,0.2171,8
1791527656,0.2579,8
1791527661,0.2882,8
1791527666,0.2625,8
1791527671,0.2598,8
1791527676,0.2889,8
1791527681,0.2702,8
1791527686,0.2611,8
1791527691,0.3063,8
1791527696,0.3278,8
1791527701,0.3044,8
1791527706,0.3027,8
1791527711,0.3367,8
1791527716,0.3081,8
1791527721,0.3034,8
1791527726,0.3615,8
1791527731,0.3323,8
1791527736,0.3476,8
1791527741,0.3868,8
1791527746,0.3529,8
1791527751,0.3449,8
1791527756,0.3833,8
1791527761,0.3557,8
1791527766,0.3338,8
1791527771,0.3626,8
1791527776,0.3382,8
1791527781,0.3543,8
1791527786,0.3590,8
1791527791,0.3479,8
1791527796,0.3091,8
1791527801,0.3022,8
1791527806,0.3172,8
1791527811,0.3063,8
1791527816,0.3023,8
1791527821,0.3169,8
1791527826,0.2872,8
1791527831,0.2594,8
1791527836,0.2830,8
1791527841,0.2573,8
1791527846,0.2555,8
1791527851,0.2801,8
1791527856,0.2552,8
1791527861,0.2590,8
1791527866,0.2453,8
1791527871,0.2282,8
1791527876,0.2139,8
1791527881,0.2299,8
1791527886,0.2141,8
1791527891,0.2216,8
1791527896,0.2328,8
1791527901,0.1983,8
1791527906,0.1832,8
1791527911,0.1822,8
1791527916,0.1996,8
1791527921,0.1780,8
1791527926,0.1764,8
1791527931,0.2038,8
1791527936,0.1696,8
1791527941,0.1515,8
1791527946,0.1982,8
1791527951,0.1721,8
1791527956,0.1747,8
1791527961,0.2016,8
1791527966,0.1726,8
1791527971,0.1776,8
1791527976,0.2023,8
1791527981,0.1760,8
1791527986,0.1779,8
1791527991,0.2014,8
1791527996,0.1751,8
1791528001,0.1826,8
1791528006,0.2019,8
1791528011,0.1418,8
1791528016,0.1399,8
1791528021,0.1650,8
1791528026,0.1347,8
1791528031,0.1403,8
1791528036,0.1402,8
1791528041,0.1661,8
1791528046,0.1097,8
1791528051,0.1060,8
1791528056,0.1303,8
1791528061,0.1007,8
1791528066,0.1001,8
1791528071,0.1230,8
1791528076,0.1035,8
1791528081,0.0838,8
1791528086,0.1091,8
1791528091,0.1056,8
1791528096,0.1030,8
1791528101,0.1227,8
1791528106,0.1013,8
1791528111,0.1031,8
1791528116,0.1277,8
1791528121,0.1062,8
1791528126,0.1070,8
1791528131,0.1254,8
1791528136,0.1072,8
1791528141,0.1029,8
1791528146,0.1214,8
1791528151,0.1011,8
1791528156,0.0647,8
1791528161,0.0689,8
1791528166,0.0850,8
1791528171,0.0655,8
1791528176,0.0671,8
1791528181,0.0893,8
1791528186,0.0639,8
1791528191,0.0635,8
1791528196,0.1227,8
1791528201,0.0998,8
1791528206,0.0979,8
1791528211,0.1208,8
1791528216,0.0939,8
1791528221,0.1025,8
1791528226,0.1239,8
1791528231,0.1293,8
1791528236,0.1413,8
1791528241,0.1631,8
1791528246,0.1356,8
1791528251,0.1373,8
1791528256,0.1660,8
1791528261,0.1369,8
1791528266,0.1414,8
1791528271,0.1605,8
1791528276,0.1447,8
1791528281,0.1380,8
1791528286,0.1354,8
1791528291,0.1655,8
1791528296,0.1300,8
1791528301,0.1150,8
1791528306,0.1548,8
1791528311,0.1356,8
1791528316,0.1422,8
1791528321,0.1686,8
1791528326,0.1400,8
1791528331,0.1411,8
1791528336,0.1658,8
1791528341,0.1843,8
1791528346,0.1902,8
1791528351,0.1944,8
1791528356,0.1759,8
1791528361,0.1864,8
1791528366,0.2030,8
1791528371,0.1793,8
1791528376,0.2107,8
1791528381,0.2332,8
1791528386,0.2347,8
1791528391,0.2158,8
1791528396,0.2235,8
1791528401,0.2325,8
1791528406,0.2122,8
1791528411,0.2475,8
1791528416,0.2823,8
1791528421,0.2602,8
1791528426,0.2504,8
1791528431,0.2856,8
1791528436,0.2537,8
1791528441,0.2525,8
1791528446,0.2807,8
1791528451,0.2558,8
1791528456,0.2664,8
1791528461,0.2914,8
1791528466,0.2586,8
1791528471,0.2578,8
1791528476,0.2710,8
1791528481,0.2274,8
1791528486,0.2112,8
1791528491,0.2400,8
1791528496,0.2163,8
1791528501,0.2164,8
1791528506,0.2224,8
1791528511,0.2332,8
1791528516,0.1729,8
1791528521,0.2284,8
1791528526,0.2410,8
1791528532,0.2194,8
1791528537,0.2210,8
1791528542,0.2465,8
1791528547,0.2114,8
1791528552,0.2216,8
1791528557,0.2883,8
1791528562,0.2649,8
1791528567,0.2704,8
1791528572,0.2959,8
1791528577,0.2590,8
1791528582,0.2643,8
1791528587,0.2865,8
1791528592,0.3010,8
1791528597,0.3139,8
1791528602,0.3249,8
1791528607,0.3040,8
1791528612,0.3046,8
1791528617,0.3199,8
1791528622,0.3117,8
1791528627,0.3217,8
1791528632,0.3547,8
1791528637,0.3778,8
1791528642,0.3479,8
1791528647,0.3470,8
1791528652,0.3811,8
1791528657,0.3411,8
1791528662,0.3633,8
1791528667,0.3770,8
1791528672,0.3472,8
1791528677,0.3563,8
1791528682,0.3715,8
1791528687,0.3567,8
1791528692,0.3615,8
1791528697,0.3304,8
1791528702,0.3007,8
1791528707,0.3103,8
1791528712,0.3332,8
1791528717,0.3104,8
1791528722,0.2944,8
1791528727,0.2995,8
1791528732,0.2850,8
1791528737,0.2575,8
1791528742,0.2616,8
1791528747,0.2857,8
1791528752,0.2675,8
1791528757,0.2590,8
1791528762,0.2897,8
1791528767,0.2354,8
1791528772,0.2266,8
1791528777,0.2422,8
1791528782,0.2167,8
1791528787,0.2099,8
1791528792,0.2376,8
1791528797,0.2200,8
1791528802,0.2054,8
1791528807,0.2073,8
1791528812,0.1830,8
1791528817,0.1725,8
1791528822,0.2024,8
1791528827,0.1797,8
1791528832,0.1732,8
1791528837,0.1773,8
1791528842,0.1639,8
1791528847,0.1764,8
1791528852,0.1723,8
1791528857,0.1980,8
1791528862,0.1666,8
1791528867,0.1772,8
1791528872,0.2040,8
1791528877,0.1792,8
1791528882,0.1783,8
1791528887,0.2036,8
1791528892,0.1785,8
1791528897,0.1844,8
1791528902,0.2094,8
1791528907,0.1741,8
1791528912,0.1567,8
1791528917,0.1742,8
1791528922,0.1432,8
1791528927,0.1462,8
1791528932,0.1695,8
1791528937,0.1349,8
1791528942,0.1408,8
1791528947,0.1453,8
1791528952,0.1071,8
1791528957,0.1043,8
1791528962,0.1066,8
1791528967,0.1206,8
1791528972,0.1036,8
1791528977,0.1063,8
1791528982,0.1144,8
1791528987,0.0788,8
1791528992,0.1140,8
1791528997,0.1263,8
1791529002,0.1120,8
1791529007,0.1051,8
1791529012,0.1297,8
1791529017,0.1073,8
1791529022,0.1075,8
1791529027,0.1222,8
1791529032,0.0941,8
1791529037,0.1644,8
1791529042,0.2571,8
1791529047,0.2319,8
1791529052,0.2368,8
1791529057,0.1685,8
1791529062,0.0716,8
1791529067,0.0832,8
1791529072,0.1358,8
1791529077,0.1540,8
1791529082,0.1505,8
1791529087,0.1372,8
1791529092,0.2025,8
1791529097,0.1902,8
1791529102,0.2201,8
1791529107,0.2354,8
1791529112,0.2294,8
1791529117,0.2136,8
1791529122,0.1897,8
1791529127,0.1385,8
1791529132,0.1698,8
1791529137,0.2752,8
1791529142,0.2343,8
1791529147,0.2509,8
1791529152,0.2874,8
1791529157,0.2619,8
1791529162,0.2749,8
1791529167,0.2693,8
1791529172,0.1747,8
1791529177,0.2492,8
1791529182,0.2733,8
1791529187,0.2777,8
1791529192,0.2581,8
1791529197,0.2586,8
1791529202,0.2548,8
1791529207,0.2510,8
1791529212,0.2528,8
1791529217,0.2929,8
1791529222,0.2521,8
1791529227,0.2629,8
1791529232,0.2733,8
1791529237,0.2580,8
1791529242,0.2969,8
1791529247,0.3327,8
1791529252,0.2927,8
1791529257,0.3065,8
1791529262,0.3254,8
1791529267,0.3034,8
1791529272,0.2904,8
1791529277,0.3557,8
1791529282,0.3252,8
1791529287,0.3126,8
1791529292,0.3747,8
1791529297,0.3471,8
1791529302,0.3519,8
1791529307,0.3365,8
1791529312,0.4003,8
1791529317,0.3876,8
1791529322,0.3550,8
1791529327,0.2790,8
1791529332,0.2624,8
1791529337,0.2561,8
1791529342,0.2893,8
1791529347,0.2626,8
1791529352,0.2547,8
1791529357,0.2793,8
1791529362,0.2629,8
1791529367,0.2622,8
1791529372,0.2919,8
1791529377,0.2648,8
1791529382,0.2204,8
1791529387,0.2404,8
1791529392,0.2141,8
1791529397,0.2203,8
1791529402,0.2424,8
1791529407,0.2175,8
1791529412,0.2291,8
1791529417,0.1909,8
1791529422,0.2458,8
1791529427,0.2122,8
1791529432,0.2223,8
1791529437,0.2426,8
1791529442,0.2224,8
1791529448,0.2207,8
1791529453,0.2458,8
1791529458,0.2499,8
1791529463,0.2553,8
1791529468,0.2783,8
1791529473,0.2742,8
1791529478,0.2579,8
1791529483,0.2939,8
1791529488,0.2638,8
1791529493,0.2825,8
1791529498,0.3345,8
1791529503,0.3068,8
1791529508,0.2962,8
1791529513,0.3405,8
1791529518,0.2956,8
1791529523,0.3045,8
1791529528,0.3166,8
1791529533,0.3728,8
1791529538,0.3535,8
1791529543,0.3524,8
1791529548,0.3712,8
1791529553,0.3481,8
1791529558,0.3470,8
1791529563,0.3824,8
1791529568,0.3549,8
1791529573,0.3593,8
1791529578,0.3788,8
1791529583,0.3583,8
1791529588,0.3578,8
1791529593,0.3822,8
1791529598,0.3183,8
1791529603,0.3030,8
1791529608,0.3327,8
1791529613,0.3024,8
1791529618,0.2939,8
1791529623,0.3237,8
1791529628,0.3105,8
1791529633,0.2736,8
1791529638,0.2714,8
1791529643,0.2782,8
1791529648,0.2501,8
1791529653,0.2676,8
1791529658,0.2800,8
1791529663,0.2572,8
1791529668,0.2464,8
1791529673,0.2547,8
1791529678,0.2131,8
1791529683,0.2217,8
1791529688,0.2509,8
1791529693,0.2225,8
1791529698,0.2247,8
1791529703,0.2390,8
1791529708,0.1808,8
1791529713,0.1846,8
1791529718,0.2015,8
1791529723,0.1724,8
1791529728,0.1827,8
1791529733,0.2038,8
1791529738,0.1857,8
1791529743,0.1438,8
1791529748,0.1779,8
1791529753,0.1974,8
1791529758,0.1791,8
1791529763,0.1760,8
1791529768,0.2018,8
1791529773,0.1750,8
1791529778,0.1744,8
1791529783,0.2058,8
1791529788,0.1831,8
1791529793,0.1746,8
1791529798,0.2004,8
1791529803,0.1734,8
1791529808,0.1699,8
1791529813,0.1796,8
1791529818,0.1471,8
1791529823,0.1447,8
1791529828,0.1642,8
1791529833,0.1429,8
1791529838,0.1391,8
1791529843,0.1682,8
1791529848,0.1303,8
1791529853,0.1088,8
1791529858,0.1200,8
1791529863,0.1092,8
1791529868,0.0973,8
1791529873,0.0993,8
1791529878,0.1256,8
1791529883,0.0928,8
1791529888,0.0778,8
1791529893,0.1204,8
1791529898,0.1016,8
1791529903,0.1057,8
1791529908,0.1295,8
1791529913,0.1049,8
1791529918,0.0977,8
1791529923,0.1221,8
1791529928,0.1014,8
1791529933,0.1022,8
1791529938,0.1246,8
1791529943,0.0982,8
1791529948,0.1026,8
1791529953,0.1246,8
1791529958,0.0734,8
1791529963,0.0652,8
1791529968,0.0891,8
1791529973,0.0684,8
1791529978,0.0652,8
1791529983,0.0823,8
1791529988,0.0667,8
1791529993,0.0605,8
1791529998,0.0913,8
1791530003,0.1277,8
1791530008,0.1074,8
1791530013,0.1035,8
1791530018,0.1205,8
1791530023,0.1026,8
1791530028,0.1052,8
1791530033,0.1461,8
1791530038,0.1385,8
1791530043,0.1394,8
1791530048,0.1584,8
1791530053,0.1411,8
1791530058,0.1372,8
1791530063,0.1650,8
1791530068,0.1431,8
1791530073,0.1413,8
1791530078,0.1583,8
1791530083,0.1405,8
1791530088,0.1363,8
1791530093,0.1717,8
1791530098,0.1400,8
1791530103,0.1080,8
1791530108,0.1575,8
1791530113,0.1477,8
1791530118,0.1391,8
1791530123,0.1425,8
1791530128,0.1691,8
1791530133,0.1521,8
1791530138,0.1350,8
1791530143,0.1975,8
1791530148,0.1817,8
1791530153,0.1870,8
1791530158,0.2073,8
1791530163,0.1682,8
1791530168,0.1903,8
1791530173,0.2248,8
1791530178,0.2119,8
1791530183,0.2214,8
1791530188,0.2396,8
1791530193,0.2216,8
1791530198,0.2148,8
1791530203,0.2420,8
1791530208,0.2195,8
1791530213,0.2393,8
1791530218,0.2853,8
1791530223,0.2533,8
1791530228,0.2580,8
1791530233,0.2726,8
1791530238,0.2771,8
1791530243,0.2601,8
1791530248,0.2645,8
1791530253,0.2864,8
1791530258,0.2591,8
1791530263,0.2565,8
1791530268,0.2903,8
1791530273,0.2604,8
1791530278,0.2554,8
1791530283,0.2394,8
1791530288,0.2122,8
1791530293,0.2181,8
1791530298,0.2544,8
1791530303,0.2212,8
1791530308,0.2146,8
1791530313,0.2358,8
1791530318,0.1851,8
1791530323,0.2174,8
1791530328,0.2499,8
1791530333,0.2187,8
1791530338,0.2169,8
1791530343,0.2383,8
1791530348,0.2284,8
1791530353,0.2160,8
1791530358,0.2499,8
1791530364,0.2950,8
1791530369,0.2660,8
1791530374,0.2728,8
1791530379,0.2942,8
1791530384,0.2707,8
1791530389,0.2604,8
1791530394,0.3132,8
1791530399,0.3107,8
1791530404,0.3092,8
1791530409,0.3444,8
1791530414,0.3138,8
1791530419,0.3121,8
1791530424,0.3390,8
1791530429,0.3164,8
1791530434,0.3614,8
1791530439,0.3796,8
1791530444,0.3683,8
1791530449,0.3612,8
1791530454,0.3599,8
1791530459,0.3535,8
1791530464,0.3537,8
1791530469,0.3479,8
1791530474,0.3746,8
1791530479,0.3506,8
1791530484,0.3583,8
1791530489,0.3755,8
1791530494,0.3487,8
1791530499,0.3210,8
1791530504,0.3337,8
1791530509,0.2944,8
1791530514,0.3165,8
1791530519,0.3293,8
1791530524,0.3082,8
1791530529,0.2970,8
1791530534,0.2988,8
1791530539,0.2595,8
1791530544,0.2576,8
1791530549,0.2881,8
1791530554,0.2677,8
1791530559,0.2527,8
1791530564,0.2812,8
1791530569,0.2574,8
1791530574,0.2266,8
1791530579,0.2098,8
1791530584,0.2342,8
1791530589,0.2176,8
1791530594,0.2165,8
1791530599,0.2415,8
1791530604,0.2042,8
1791530609,0.1761,8
1791530614,0.2000,8
1791530619,0.1683,8
1791530624,0.1736,8
1791530629,0.2062,8
1791530634,0.1725,8
1791530639,0.1743,8
1791530644,0.1624,8
1791530649,0.1829,8
1791530654,0.1771,8
1791530659,0.2035,8
1791530664,0.1767,8
1791530669,0.1790,8
1791530674,0.2082,8
1791530679,0.1737,8
1791530684,0.1823,8
1791530689,0.1934,8
1791530694,0.1978,8
1791530699,0.1756,8
1791530704,0.1785,8
1791530709,0.2021,8
1791530714,0.1616,8
1791530719,0.1487,8
1791530724,0.1610,8
1791530729,0.1399,8
1791530734,0.1395,8
1791530739,0.1577,8
1791530744,0.1392,8
1791530749,0.1281,8
1791530754,0.1291,8
1791530759,0.1026,8
1791530764,0.1030,8
1791530769,0.1257,8
1791530774,0.1027,8
1791530779,0.1032,8
1791530784,0.1171,8
1791530789,0.0671,8
1791530794,0.1066,8
1791530799,0.1242,8
1791530804,0.0979,8
1791530809,0.1001,8
1791530814,0.1062,8
1791530819,0.1151,8
1791530824,0.0999,8
1791530829,0.1000,8
1791530834,0.1246,8
1791530839,0.0990,8
1791530844,0.1045,8
1791530849,0.1251,8
1791530854,0.1008,8
1791530859,0.0761,8
1791530864,0.0894,8
1791530869,0.0679,8
1791530874,0.0674,8
1791530879,0.0834,8
1791530884,0.0643,8
1791530889,0.0629,8
1791530894,0.0878,8
1791530899,0.0859,8
1791530904,0.1004,8
1791530909,0.1234,8
1791530914,0.1019,8
1791530919,0.0958,8
1791530924,0.1268,8
1791530929,0.1017,8
1791530934,0.1186,8
1791530939,0.1436,8
1791530944,0.1627,8
1791530949,0.1310,8
1791530954,0.1364,8
1791530959,0.1581,8
1791530964,0.1367,8
1791530969,0.1334,8
1791530974,0.1663,8
1791530979,0.1381,8
1791530984,0.1352,8
1791530989,0.1591,8
1791530994,0.1377,8
1791530999,0.1339,8
1791531004,0.1279,8
1791531009,0.1350,8
1791531014,0.1387,8
1791531019,0.1604,8
1791531024,0.1362,8
1791531029,0.1406,8
1791531034,0.1619,8
1791531039,0.1370,8
1791531044,0.1769,8
1791531049,0.2036,8
1791531054,0.1905,8
1791531059,0.1778,8
1791531064,0.1775,8
1791531069,0.1988,8
1791531074,0.1789,8
1791531079,0.2011,8
1791531084,0.2428,8
1791531089,0.2324,8
1791531094,0.2239,8
1791531099,0.2437,8
1791531104,0.2186,8
1791531109,0.2221,8
1791531114,0.2587,8
1791531119,0.2679,8
1791531124,0.2732,8
1791531129,0.2918,8
1791531134,0.2719,8
1791531139,0.2735,8
1791531144,0.2935,8
1791531149,0.2658,8
1791531154,0.2798,8
1791531159,0.2821,8
1791531164,0.2757,8
1791531169,0.2788,8
1791531174,0.2687,8
1791531179,0.2911,8
1791531184,0.2288,8
1791531189,0.2203,8
1791531194,0.2478,8
1791531199,0.2240,8
1791531204,0.2243,8
1791531209,0.2464,8
1791531214,0.2251,8
1791531219,0.1941,8
1791531224,0.2377,8
1791531229,0.2209,8
1791531234,0.2227,8
1791531239,0.2432,8
1791531244,0.2182,8
1791531249,0.2233,8
1791531254,0.2433,8
1791531259,0.2340,8
1791531264,0.2544,8
1791531269,0.2912,8
1791531274,0.2673,8
1791531279,0.2530,8
1791531285,0.2516,8
1791531290,0.2837,8
1791531295,0.2797,8
1791531300,0.3081,8
1791531305,0.3385,8
1791531310,0.3007,8
1791531315,0.3024,8
1791531320,0.3386,8
1791531325,0.3097,8
1791531330,0.3026,8
1791531335,0.3724,8
1791531340,0.3472,8
1791531345,0.3522,8
1791531350,0.3915,8
1791531355,0.3720,8
1791531360,0.3448,8
1791531365,0.3918,8
1791531370,0.3444,8
1791531375,0.3582,8
1791531380,0.3746,8
1791531385,0.3628,8
1791531390,0.3538,8
1791531395,0.3723,8
1791531400,0.3359,8
1791531405,0.3041,8
1791531410,0.3061,8
1791531415,0.3290,8
1791531420,0.3012,8
1791531425,0.3006,8
1791531430,0.3244,8
1791531435,0.2788,8
1791531440,0.2660,8
1791531445,0.2839,8
1791531450,0.2584,8
1791531455,0.2537,8
1791531460,0.2870,8
1791531465,0.2617,8
1791531470,0.2509,8
1791531475,0.2441,8
1791531480,0.2106,8
1791531485,0.2232,8
1791531490,0.2420,8
1791531495,0.2201,8
1791531500,0.2237,8
1791531505,0.2202,8
1791531510,0.2028,8
1791531515,0.1828,8
1791531520,0.1787,8
1791531525,0.1982,8
1791531530,0.1781,8
1791531535,0.1791,8
1791531540,0.1970,8
1791531545,0.1456,8
1791531550,0.1653,8
1791531555,0.2005,8
1791531560,0.1833,8
1791531565,0.1862,8
1791531570,0.2013,8
1791531575,0.1810,8
1791531580,0.1782,8
1791531585,0.2117,8
1791531590,0.1817,8
1791531595,0.1836,8
1791531600,0.2039,8
1791531605,0.1794,8
1791531610,0.1822,8
1791531615,0.1712,8
1791531620,0.1643,8
1791531625,0.1469,8
1791531630,0.1434,8
1791531635,0.1677,8
1791531640,0.1412,8
1791531645,0.1385,8
1791531650,0.1595,8
1791531655,0.1043,8
1791531660,0.1011,8
1791531665,0.1276,8
1791531670,0.1003,8
1791531675,0.0996,8
1791531680,0.1314,8
1791531685,0.1034,8
1791531690,0.0650,8
1791531695,0.1290,8
1791531700,0.0971,8
1791531705,0.0989,8
1791531710,0.1271,8
1791531715,0.1008,8
1791531720,0.1026,8
1791531725,0.1150,8
1791531730,0.1133,8
1791531735,0.0980,8
1791531740,0.1018,8
1791531745,0.1246,8
1791531750,0.1000,8
1791531755,0.0988,8
1791531760,0.1052,8
1791531765,0.0657,8
1791531770,0.0697,8
1791531775,0.0893,8
1791531780,0.0628,8
1791531785,0.0625,8
1791531790,0.0835,8
1791531795,0.0625,8
1791531800,0.0814,8
1791531805,0.1238,8
1791531810,0.1067,8
1791531815,0.0985,8
1791531820,0.1258,8
1791531825,0.1088,8
1791531830,0.1057,8
1791531835,0.1318,8
1791531840,0.1390,8
1791531845,0.1355,8
1791531850,0.1445,8
1791531855,0.1573,8
1791531860,0.1425,8
1791531865,0.1399,8
1791531870,0.1585,8
1791531875,0.1401,8
1791531880,0.1328,8
1791531885,0.1525,8
1791531890,0.1379,8
1791531895,0.1386,8
1791531900,0.1613,8
1791531905,0.1121,8
1791531910,0.1317,8
1791531915,0.1655,8
1791531920,0.1388,8
1791531925,0.1387,8
1791531930,0.1590,8
1791531935,0.1377,8
1791531940,0.1475,8
1791531945,0.1916,8
1791531950,0.1820,8
1791531955,0.1785,8
1791531960,0.1859,8
1791531965,0.1866,8
1791531970,0.1746,8
1791531975,0.1663,8
1791531980,0.2168,8
1791531985,0.2134,8
1791531990,0.2265,8
1791531995,0.2549,8
1791532000,0.2100,8
1791532005,0.2152,8
1791532010,0.2536,8
1791532015,0.2148,8
1791532020,0.2538,8
1791532025,0.2738,8
1791532030,0.2614,8
1791532035,0.2561,8
1791532040,0.2827,8
1791532045,0.2452,8
1791532050,0.2522,8
1791532055,0.2841,8
1791532060,0.2615,8
1791532065,0.2501,8
1791532070,0.2844,8
1791532075,0.2525,8
1791532080,0.2569,8
1791532085,0.2244,8
1791532090,0.2495,8
1791532095,0.2115,8
1791532100,0.2141,8
1791532105,0.2450,8
1791532110,0.2039,8
1791532115,0.2226,8
1791532120,0.2135,8
1791532125,0.1941,8
1791532130,0.2168,8
1791532135,0.2422,8
1791532140,0.2165,8
1791532145,0.2209,8
1791532150,0.2429,8
1791532155,0.2228,8
1791532160,0.2357,8
1791532165,0.2873,8
1791532170,0.2578,8
1791532175,0.2478,8
1791532180,0.2792,8
1791532185,0.2580,8
1791532190,0.2675,8
1791532195,0.2745,8
1791532200,0.3218,8
1791532205,0.2959,8
1791532211,0.2965,8
1791532216,0.3255,8
1791532221,0.3063,8
1791532226,0.3073,8
1791532231,0.3147,8
1791532236,0.3522,8
1791532241,0.3453,8
1791532246,0.3779,8
1791532251,0.3450,8
1791532256,0.3510,8
1791532261,0.3863,8
1791532266,0.3529,8
1791532271,0.3405,8
1791532276,0.3723,8
1791532281,0.3674,8
1791532286,0.3531,8
1791532291,0.3714,8
1791532296,0.3548,8
1791532301,0.3208,8
1791532306,0.2993,8
1791532311,0.3482,8
1791532316,0.3018,8
1791532321,0.3093,8
1791532326,0.3220,8
1791532331,0.2915,8
1791532336,0.2850,8
1791532341,0.2811,8
1791532346,0.2559,8
1791532351,0.2577,8
1791532356,0.2923,8
1791532361,0.2601,8
1791532366,0.2519,8
1791532371,0.2853,8
1791532376,0.2173,8
1791532381,0.2181,8
1791532386,0.2367,8
1791532391,0.2155,8
1791532396,0.2170,8
1791532401,0.2377,8
1791532406,0.2243,8
1791532411,0.1797,8
1791532416,0.1829,8
1791532421,0.1901,8
1791532426,0.1767,8
1791532431,0.1772,8
1791532436,0.1978,8
1791532441,0.1717,8
1791532446,0.1531,8
1791532451,0.1888,8
1791532456,0.1743,8
1791532461,0.1785,8
1791532466,0.2030,8
1791532471,0.1841,8
1791532476,0.1806,8
1791532481,0.2047,8
1791532486,0.1769,8
1791532491,0.1842,8
1791532496,0.2024,8
1791532501,0.1769,8
1791532506,0.1841,8
1791532511,0.2018,8
1791532516,0.1679,8
1791532521,0.1437,8
1791532526,0.1603,8
1791532531,0.1355,8
1791532536,0.1424,8
1791532541,0.1358,8
1791532546,0.1599,8
1791532551,0.1402,8
1791532556,0.1070,8
1791532561,0.1248,8
1791532566,0.1036,8
1791532571,0.1007,8
1791532576,0.1223,8
1791532581,0.1036,8
1791532586,0.1079,8
1791532591,0.0894,8
1791532596,0.1041,8
1791532601,0.0993,8
1791532606,0.1271,8
1791532611,0.1002,8
1791532616,0.1006,8
1791532621,0.1280,8
1791532626,0.1029,8
1791532631,0.1032,8
1791532636,0.1279,8
1791532641,0.1004,8
1791532646,0.1019,8
1791532651,0.1225,8
1791532656,0.1035,8
1791532661,0.0798,8
1791532666,0.0650,8
1791532671,0.0894,8
1791532676,0.0625,8
1791532681,0.0592,8
1791532686,0.0914,8
1791532691,0.0622,8
1791532696,0.0657,8
1791532701,0.1041,8
1791532706,0.1027,8
1791532711,0.1021,8
1791532716,0.1278,8
1791532721,0.1016,8
1791532726,0.1070,8
1791532731,0.1250,8
1791532736,0.1079,8
1791532741,0.1441,8
1791532746,0.1583,8
1791532751,0.1351,8
1791532756,0.1441,8
1791532761,0.1679,8
1791532766,0.1388,8
1791532771,0.1355,8
1791532776,0.1647,8
1791532781,0.1354,8
1791532786,0.1413,8
1791532791,0.1418,8
1791532796,0.1663,8
1791532801,0.1399,8
1791532806,0.1075,8
1791532811,0.1628,8
1791532816,0.1419,8
1791532821,0.1390,8
1791532826,0.1586,8
1791532831,0.1362,8
1791532836,0.1371,8
1791532841,0.1626,8
1791532846,0.1693,8
1791532851,0.1837,8
1791532856,0.2057,8
1791532861,0.1825,8
1791532866,0.1762,8
1791532871,0.1927,8
1791532876,0.1829,8
1791532881,0.1912,8
1791532886,0.2476,8
1791532891,0.2270,8
1791532896,0.2326,8
1791532901,0.2355,8
1791532906,0.2266,8
1791532911,0.2132,8
1791532916,0.2253,8
1791532921,0.2902,8
1791532926,0.2563,8
1791532931,0.2558,8
1791532936,0.2850,8
1791532941,0.2514,8
1791532946,0.2620,8
1791532951,0.2823,8
1791532956,0.2618,8
1791532961,0.2663,8
1791532966,0.2889,8
1791532971,0.2626,8
1791532976,0.2636,8
1791532981,0.2936,8
1791532986,0.2409,8
1791532991,0.2243,8
1791532996,0.2533,8
1791533001,0.2151,8
1791533006,0.2184,8
1791533011,0.2503,8
1791533016,0.2311,8
1791533021,0.1998,8
1791533026,0.2010,8
1791533031,0.2489,8
1791533036,0.2352,8
1791533041,0.2222,8
1791533046,0.2514,8
1791533051,0.2252,8
1791533056,0.2339,8
1791533061,0.2626,8
1791533066,0.2617,8
1791533071,0.2613,8
1791533076,0.2929,8
1791533081,0.2625,8
1791533086,0.2713,8
1791533091,0.2861,8
1791533096,0.2632,8
1791533101,0.3072,8
1791533106,0.3289,8
1791533111,0.2998,8
1791533116,0.2978,8
1791533121,0.3331,8
1791533127,0.3089,8
1791533132,0.3034,8
1791533137,0.3547,8
1791533142,0.3818,8
1791533147,0.3433,8
1791533152,0.3577,8
1791533157,0.3811,8
1791533162,0.3552,8
1791533167,0.3540,8
1791533172,0.3785,8
1791533177,0.3672,8
1791533182,0.3546,8
1791533187,0.3762,8
1791533192,0.3235,8
1791533197,0.3381,8
1791533202,0.3525,8
1791533207,0.3050,8
1791533212,0.2994,8
1791533217,0.3266,8
1791533222,0.3032,8
1791533227,0.2841,8
1791533232,0.3260,8
1791533237,0.2827,8
1791533242,0.2570,8
1791533247,0.2545,8
1791533252,0.2805,8
1791533257,0.2481,8
1791533262,0.2562,8
1791533267,0.2738,8
1791533272,0.2599,8
1791533277,0.2151,8
1791533282,0.2534,8
1791533287,0.2139,8
1791533292,0.2112,8
1791533297,0.2356,8
1791533302,0.2056,8
1791533307,0.2106,8
1791533312,0.2093,8
1791533317,0.1735,8
1791533322,0.1765,8
1791533327,0.2024,8
1791533332,0.1717,8
1791533337,0.1732,8
1791533342,0.1969,8
1791533347,0.1480,8
1791533352,0.1657,8
1791533357,0.1945,8
1791533362,0.1814,8
1791533367,0.1735,8
1791533372,0.1719,8
1791533377,0.1898,8
1791533382,0.1739,8
1791533387,0.1819,8
1791533392,0.2054,8
1791533397,0.1774,8
1791533402,0.1805,8
1791533407,0.1998,8
1791533412,0.1742,8
1791533417,0.1660,8
1791533422,0.1646,8
1791533427,0.1398,8
1791533432,0.1366,8
1791533437,0.1580,8
1791533442,0.1339,8
1791533447,0.1390,8
1791533452,0.1597,8
1791533457,0.1029,8
1791533462,0.1044,8
1791533467,0.1189,8
1791533472,0.0977,8
1791533477,0.1012,8
1791533482,0.1121,8
1791533487,0.1118,8
1791533492,0.0723,8
1791533497,0.1010,8
1791533502,0.1220,8
1791533507,0.1003,8
1791533512,0.0995,8
1791533517,0.1226,8
1791533522,0.1042,8
1791533527,0.0987,8
1791533532,0.1292,8
1791533537,0.0971,8
1791533542,0.0963,8
1791533547,0.1221,8
1791533552,0.0990,8
1791533557,0.1010,8
1791533562,0.1061,8
1791533567,0.0687,8
1791533572,0.0648,8
1791533577,0.0856,8
1791533582,0.0669,8
1791533587,0.0633,8
1791533592,0.0846,8
1791533597,0.0634,8
1791533602,0.0757,8
1791533607,0.1164,8
1791533612,0.1061,8
1791533617,0.0960,8
1791533622,0.0951,8
1791533627,0.1269,8
1791533632,0.0966,8
1791533637,0.0953,8
1791533642,0.1675,8
1791533647,0.1318,8
1791533652,0.1342,8
1791533657,0.1570,8
1791533662,0.1356,8
1791533667,0.1344,8
1791533672,0.1608,8
1791533677,0.1398,8
1791533682,0.1352,8
1791533687,0.1647,8
1791533692,0.1409,8
1791533697,0.1385,8
1791533702,0.1626,8
1791533707,0.1096,8
1791533712,0.1248,8
1791533717,0.1596,8
1791533722,0.1312,8
1791533727,0.1285,8
1791533732,0.1461,8
1791533737,0.1439,8
1791533742,0.1351,8
1791533747,0.1505,8
1791533752,0.1932,8
1791533757,0.1667,8
1791533762,0.1678,8
1791533767,0.1893,8
1791533772,0.1645,8
1791533777,0.1665,8
1791533782,0.1999,8
1791533787,0.2031,8
1791533792,0.2093,8
1791533797,0.2478,8
1791533802,0.2094,8
1791533807,0.2015,8
1791533812,0.2398,8
1791533817,0.2079,8
1791533822,0.2576,8
1791533827,0.2651,8
1791533832,0.2435,8
1791533837,0.2419,8
1791533842,0.2722,8
1791533847,0.2452,8
1791533852,0.2453,8
1791533857,0.2663,8
1791533862,0.2556,8
1791533867,0.2429,8
1791533872,0.2490,8
1791533877,0.2652,8
1791533882,0.2493,8
1791533887,0.2197,8
1791533892,0.2353,8
1791533897,0.2102,8
1791533902,0.2121,8
1791533907,0.2301,8
1791533912,0.2031,8
1791533917,0.2031,8
1791533922,0.2127,8
1791533927,0.1934,8
1791533932,0.2071,8
1791533937,0.2245,8
1791533942,0.1993,8
1791533947,0.2004,8
1791533952,0.2329,8
1791533957,0.2146,8
1791533962,0.2138,8
1791533967,0.2753,8
1791533972,0.2453,8
1791533977,0.2435,8
1791533982,0.2613,8
1791533987,0.2554,8
1791533992,0.2439,8
1791533997,0.2488,8
1791534002,0.3177,8
1791534007,0.2853,8
1791534012,0.2770,8
1791534017,0.3273,8
1791534022,0.3032,8
1791534027,0.2855,8
1791534032,0.3209,8
1791534037,0.3192,8
1791534042,0.3279,8
1791534048,0.3554,8
1791534053,0.3329,8
1791534058,0.3341,8
1791534063,0.3606,8
1791534068,0.3252,8
1791534073,0.3335,8
1791534078,0.3652,8
1791534083,0.3295,8
1791534088,0.3342,8
1791534093,0.3559,8
1791534098,0.3357,8
1791534103,0.3066,8
1791534108,0.2956,8
1791534113,0.3150,8
1791534118,0.2831,8
1791534123,0.2938,8
1791534128,0.3193,8
1791534133,0.2986,8
1791534138,0.2930,8
1791534143,0.2770,8
1791534148,0.2512,8
1791534153,0.2563,8
1791534158,0.2963,8
1791534163,0.2575,8
1791534168,0.2562,8
1791534173,0.2841,8
1791534178,0.2175,8
1791534183,0.2183,8
1791534188,0.2364,8
1791534193,0.2178,8
1791534198,0.2257,8
1791534203,0.2383,8
1791534208,0.2127,8
1791534213,0.1942,8
1791534218,0.1880,8
1791534223,0.1928,8
1791534228,0.1807,8
1791534233,0.1853,8
1791534238,0.2033,8
1791534243,0.1845,8
1791534248,0.1508,8
1791534253,0.1927,8
1791534258,0.1831,8
1791534263,0.1778,8
1791534268,0.1980,8
1791534273,0.1819,8
1791534278,0.1820,8
1791534283,0.2044,8
1791534288,0.1875,8
1791534293,0.1912,8
1791534298,0.2035,8
1791534303,0.1772,8
1791534308,0.1834,8
1791534313,0.2193,8
1791534318,0.1802,8
1791534323,0.1453,8
1791534328,0.1629,8
1791534333,0.1393,8
1791534338,0.1408,8
1791534343,0.1449,8
1791534348,0.1617,8
1791534353,0.1386,8
1791534358,0.0997,8
1791534363,0.1325,8
1791534368,0.0976,8
1791534373,0.0949,8
1791534378,0.1215,8
1791534383,0.0969,8
1791534388,0.1017,8
1791534393,0.0962,8
1791534398,0.0926,8
1791534403,0.0993,8
1791534408,0.1271,8
1791534413,0.1046,8
1791534418,0.0999,8
1791534423,0.1166,8
1791534428,0.0981,8
1791534433,0.1027,8
1791534438,0.1318,8
1791534443,0.1073,8
1791534448,0.1015,8
1791534453,0.1264,8
1791534458,0.1034,8
1791534463,0.0859,8
1791534468,0.0726,8
1791534473,0.0850,8
1791534478,0.0623,8
1791534483,0.0635,8
1791534488,0.0832,8
1791534493,0.0598,8
1791534498,0.0657,8
1791534503,0.0945,8
1791534508,0.1012,8
1791534513,0.0979,8
1791534518,0.1177,8
1791534523,0.0909,8
1791534528,0.1015,8
1791534533,0.1219,8
1791534538,0.0969,8
1791534543,0.1359,8
1791534548,0.1577,8
1791534553,0.1325,8
1791534558,0.1361,8
1791534563,0.1571,8
1791534568,0.1324,8
1791534573,0.1361,8
1791534578,0.1613,8
1791534583,0.1316,8
1791534588,0.1352,8
1791534593,0.1432,8
1791534598,0.1478,8
1791534603,0.1360,8
1791534608,0.1132,8
1791534613,0.1444,8
1791534618,0.1365,8
1791534623,0.1359,8
1791534628,0.1562,8
1791534633,0.1412,8
1791534638,0.1401,8
1791534643,0.1635,8
1791534648,0.1551,8
1791534653,0.1836,8
1791534658,0.2016,8
1791534663,0.1706,8
1791534668,0.1762,8
1791534673,0.1922,8
1791534678,0.1771,8
1791534683,0.2057,8
1791534688,0.2376,8
1791534693,0.2070,8
1791534698,0.2051,8
1791534703,0.2285,8
1791534708,0.2074,8
1791534713,0.2153,8
1791534718,0.2188,8
1791534723,0.2758,8
1791534728,0.2524,8
1791534733,0.2478,8
1791534738,0.2804,8
1791534743,0.2602,8
1791534748,0.2560,8
1791534753,0.2779,8
1791534758,0.2502,8
1791534763,0.2469,8
1791534768,0.2858,8
1791534773,0.2558,8
1791534778,0.2603,8
1791534783,0.2832,8
1791534788,0.2433,8
1791534793,0.2213,8
1791534798,0.2518,8
1791534803,0.2194,8
1791534808,0.2251,8
1791534813,0.2529,8
1791534818,0.2188,8
1791534823,0.2017,8
1791534828,0.2281,8
1791534833,0.2331,8
1791534838,0.2176,8
1791534843,0.2132,8
1791534848,0.2324,8
1791534853,0.2124,8
1791534858,0.2202,8
1791534863,0.2447,8
1791534868,0.2621,8
1791534873,0.2602,8
1791534878,0.2810,8
1791534883,0.2509,8
1791534888,0.2612,8
1791534893,0.2937,8
1791534898,0.2546,8
1791534903,0.3111,8
1791534908,0.3291,8
1791534913,0.3026,8
1791534918,0.3116,8
1791534923,0.3287,8
1791534928,0.3018,8
1791534933,0.3221,8
1791534938,0.3437,8
1791534943,0.3555,8
1791534948,0.3702,8
1791534953,0.3486,8
1791534958,0.3691,8
1791534964,0.3526,8
1791534969,0.3343,8
1791534974,0.3748,8
1791534979,0.3597,8
1791534984,0.3581,8
1791534989,0.3768,8
1791534994,0.3607,8
1791534999,0.3351,8
1791535004,0.3523,8
1791535009,0.3074,8
1791535014,0.3054,8
1791535019,0.3282,8
1791535024,0.2969,8
1791535029,0.2899,8
1791535034,0.3226,8
1791535039,0.2997,8
1791535044,0.2654,8
1791535049,0.2663,8
1791535054,0.2792,8
1791535059,0.2588,8
1791535064,0.2456,8
1791535069,0.2817,8
1791535074,0.2653,8
1791535079,0.2140,8
1791535084,0.2404,8
1791535089,0.2087,8
1791535094,0.2154,8
1791535099,0.2368,8
1791535104,0.2163,8
1791535109,0.2109,8
1791535114,0.2059,8
1791535119,0.1840,8
1791535124,0.1733,8
1791535129,0.1943,8
1791535134,0.1780,8
1791535139,0.1729,8
1791535144,0.1928,8
1791535149,0.1550,8
1791535154,0.1601,8
1791535159,0.1919,8
1791535164,0.1832,8
1791535169,0.1733,8
1791535174,0.1682,8
1791535179,0.1981,8
1791535184,0.1784,8
1791535189,0.1799,8
1791535194,0.1994,8
1791535199,0.1756,8
1791535204,0.1788,8
1791535209,0.1989,8
1791535214,0.1699,8
1791535219,0.1808,8
1791535224,0.1628,8
1791535229,0.1352,8
1791535234,0.1405,8
1791535239,0.1636,8
1791535244,0.1341,8
1791535249,0.1440,8
1791535254,0.1649,8
1791535259,0.1000,8
1791535264,0.1061,8
1791535269,0.1222,8
1791535274,0.1007,8
1791535279,0.1046,8
1791535284,0.1148,8
1791535289,0.1109,8
1791535294,0.0732,8
1791535299,0.0942,8
1791535304,0.1243,8
1791535309,0.1069,8
1791535314,0.1011,8
1791535319,0.1258,8
1791535324,0.0969,8
1791535329,0.0951,8
1791535334,0.1218,8
1791535339,0.0998,8
1791535344,0.0966,8
1791535349,0.1185,8
1791535354,0.1014,8
1791535359,0.1012,8
1791535364,0.1111,8
1791535369,0.0657,8
1791535374,0.0652,8
1791535379,0.0851,8
1791535384,0.0628,8
1791535389,0.0588,8
1791535394,0.0853,8
1791535399,0.0650,8
1791535404,0.0670,8
1791535409,0.1106,8
1791535414,0.1106,8
1791535419,0.1001,8
1791535424,0.0965,8
1791535429,0.1244,8
1791535434,0.0974,8
1791535439,0.0912,8
1791535444,0.1578,8
1791535449,0.1337,8
1791535454,0.1314,8
1791535459,0.1607,8
1791535464,0.1353,8
1791535469,0.1347,8
1791535474,0.1578,8
1791535479,0.1338,8
1791535484,0.1371,8
1791535489,0.1619,8
1791535494,0.1379,8
1791535499,0.1332,8
1791535504,0.1606,8
1791535509,0.1159,8
1791535514,0.1192,8
1791535519,0.1649,8
1791535524,0.1290,8
1791535529,0.1326,8
1791535534,0.1437,8
1791535539,0.1520,8
1791535544,0.1427,8
1791535549,0.1506,8
1791535554,0.1948,8
1791535559,0.1795,8
1791535564,0.1658,8
1791535569,0.1958,8
1791535574,0.1729,8
1791535579,0.1707,8
1791535584,0.2213,8
1791535589,0.2120,8
1791535594,0.2047,8
1791535599,0.2281,8
1791535604,0.2073,8
1791535609,0.2097,8
1791535614,0.2316,8
1791535619,0.2044,8
1791535624,0.2471,8
1791535629,0.2684,8
1791535634,0.2452,8
1791535639,0.2489,8
1791535644,0.2737,8
1791535649,0.2409,8
1791535654,0.2449,8
1791535659,0.2576,8
1791535664,0.2632,8
1791535669,0.2484,8
1791535674,0.2437,8
1791535679,0.2672,8
1791535684,0.2506,8
1791535689,0.2355,8
1791535694,0.2364,8
1791535699,0.2182,8
1791535704,0.2044,8
1791535709,0.2316,8
1791535714,0.2121,8
1791535719,0.2049,8
1791535724,0.2152,8
1791535729,0.1907,8
1791535734,0.2178,8
1791535739,0.2262,8
1791535744,0.2069,8
1791535749,0.2074,8
1791535754,0.2280,8
1791535759,0.2134,8
1791535764,0.2105,8
1791535769,0.2737,8
1791535774,0.2597,8
1791535779,0.2438,8
1791535784,0.2396,8
1791535789,0.2732,8
1791535794,0.2481,8
1791535799,0.2494,8
1791535804,0.3091,8
1791535809,0.2897,8
1791535814,0.2975,8
1791535819,0.3167,8
1791535824,0.2861,8
1791535829,0.2998,8
1791535834,0.3125,8
1791535839,0.3297,8
1791535844,0.3441,8
1791535849,0.3661,8
1791535854,0.3396,8
1791535859,0.3298,8
1791535864,0.3597,8
1791535869,0.3413,8
1791535874,0.3438,8
1791535879,0.3598,8
1791535884,0.3378,8
1791535889,0.3278,8
1791535895,0.3371,8
1791535900,0.3515,8
1791535905,0.3245,8
1791535910,0.2912,8
1791535915,0.3039,8
1791535920,0.2855,8
1791535925,0.2992,8
1791535930,0.3120,8
1791535935,0.2885,8
1791535940,0.2903,8
1791535945,0.2751,8
1791535950,0.2476,8
1791535955,0.2451,8
1791535960,0.2689,8
1791535965,0.2412,8
1791535970,0.2406,8
1791535975,0.2676,8
1791535980,0.2157,8
1791535985,0.2126,8
1791535990,0.2328,8
1791535995,0.1994,8
1791536000,0.2128,8
1791536005,0.2121,8
1791536010,0.2185,8
1791536015,0.1863,8
1791536020,0.1678,8
1791536025,0.1892,8
1791536030,0.1704,8
1791536035,0.1677,8
1791536040,0.1911,8
1791536045,0.1712,8
1791536050,0.1563,8
1791536055,0.1729,8
1791536060,0.1787,8
1791536065,0.1668,8
1791536070,0.1941,8
1791536075,0.1692,8
1791536080,0.1670,8
1791536085,0.1856,8
1791536090,0.1786,8
1791536095,0.1707,8
1791536100,0.1958,8
1791536105,0.1620,8
1791536110,0.1675,8
1791536115,0.1910,8
1791536120,0.1603,8
1791536125,0.1341,8
1791536130,0.1451,8
1791536135,0.1439,8
1791536140,0.1320,8
1791536145,0.1353,8
1791536150,0.1566,8
1791536155,0.1336,8
1791536160,0.1040,8
1791536165,0.1246,8
1791536170,0.0969,8
1791536175,0.0974,8
1791536180,0.1279,8
1791536185,0.0960,8
1791536190,0.0959,8
1791536195,0.1028,8
1791536200,0.0869,8
1791536205,0.0961,8
1791536210,0.1199,8
1791536215,0.1000,8
1791536220,0.0934,8
1791536225,0.1155,8
1791536230,0.0955,8
1791536235,0.0968,8
1791536240,0.1276,8
1791536245,0.1001,8
1791536250,0.1007,8
1791536255,0.1098,8
1791536260,0.1156,8
1791536265,0.0926,8
1791536270,0.0703,8
1791536275,0.0860,8
1791536280,0.0622,8
1791536285,0.0640,8
1791536290,0.0848,8
1791536295,0.0648,8
1791536300,0.0650,8
1791536305,0.0843,8
1791536310,0.1038,8
1791536315,0.1029,8
1791536320,0.1274,8
1791536325,0.0997,8
1791536330,0.0971,8
1791536335,0.1227,8
1791536340,0.1038,8
1791536345,0.1344,8
1791536350,0.1623,8
1791536355,0.1328,8
1791536360,0.1370,8
1791536365,0.1595,8
1791536370,0.1271,8
1791536375,0.1310,8
1791536380,0.1540,8
1791536385,0.1377,8
1791536390,0.1424,8
1791536395,0.1341,8
1791536400,0.1580,8
1791536405,0.1341,8
1791536410,0.1213,8
1791536415,0.1402,8
1791536420,0.1429,8
1791536425,0.1353,8
1791536430,0.1574,8
1791536435,0.1390,8
1791536440,0.1514,8
1791536445,0.1733,8
1791536450,0.1452,8
1791536455,0.1826,8
1791536460,0.2073,8
1791536465,0.1686,8
1791536470,0.1738,8
1791536475,0.2004,8
1791536480,0.1763,8
1791536485,0.1930,8
1791536490,0.2370,8
1791536495,0.2147,8
1791536500,0.2166,8
1791536505,0.2254,8
1791536510,0.2247,8
1791536515,0.2198,8
1791536520,0.2138,8
1791536525,0.2784,8
1791536530,0.2611,8
1791536535,0.2589,8
1791536540,0.2799,8
1791536545,0.2623,8
1791536550,0.2544,8
1791536555,0.2868,8
1791536560,0.2489,8
1791536565,0.2491,8
1791536570,0.2843,8
1791536575,0.2486,8
1791536580,0.2515,8
1791536585,0.2760,8
1791536590,0.2365,8
1791536595,0.2163,8
1791536600,0.2383,8
1791536605,0.2021,8
1791536610,0.2078,8
1791536615,0.2361,8
1791536620,0.2139,8
1791536625,0.1970,8
1791536630,0.1926,8
1791536635,0.2336,8
1791536640,0.2173,8
1791536645,0.2197,8
1791536650,0.2424,8
1791536655,0.2155,8
1791536660,0.2240,8
1791536665,0.2416,8
1791536670,0.2622,8
1791536675,0.2643,8
1791536680,0.2725,8
1791536685,0.2441,8
1791536690,0.2566,8
1791536695,0.2836,8
1791536700,0.2481,8
1791536705,0.2883,8
1791536710,0.3211,8
1791536715,0.2925,8
1791536720,0.3063,8
1791536725,0.3175,8
1791536730,0.3009,8
1791536735,0.2958,8
1791536740,0.3453,8
1791536745,0.3358,8
1791536750,0.3313,8
1791536755,0.3385,8
1791536760,0.3568,8
1791536765,0.3366,8
1791536770,0.3372,8
1791536775,0.3636,8
1791536780,0.3415,8
1791536785,0.3336,8
1791536790,0.3670,8
1791536795,0.3418,8
1791536800,0.3358,8
1791536805,0.3548,8
1791536810,0.2963,8
1791536815,0.2916,8
1791536820,0.3178,8
1791536825,0.2927,8
1791536831,0.2946,8
1791536836,0.3269,8
1791536841,0.3026,8
1791536846,0.2497,8
1791536851,0.2782,8
1791536856,0.2473,8
1791536861,0.2468,8
1791536866,0.2471,8
1791536871,0.2728,8
1791536876,0.2483,8
1791536881,0.2169,8
1791536886,0.2332,8
1791536891,0.2118,8
1791536896,0.2104,8
1791536901,0.2319,8
1791536906,0.2024,8
1791536911,0.1972,8
1791536916,0.2103,8
1791536921,0.1707,8
1791536926,0.1672,8
1791536931,0.1949,8
1791536936,0.1664,8
1791536941,0.1698,8
1791536946,0.2013,8
1791536951,0.1578,8
1791536956,0.1495,8
1791536961,0.1950,8
1791536966,0.1688,8
1791536971,0.1785,8
1791536976,0.1964,8
1791536981,0.1725,8
1791536986,0.1663,8
1791536991,0.1834,8
1791536996,0.1946,8
1791537001,0.1722,8
1791537006,0.1764,8
1791537011,0.1935,8
1791537016,0.1747,8
1791537021,0.1816,8
1791537026,0.1567,8
1791537031,0.1378,8
1791537036,0.1365,8
1791537041,0.1575,8
1791537046,0.1393,8
1791537051,0.1380,8
1791537056,0.1613,8
1791537061,0.1061,8
1791537066,0.1029,8
1791537071,0.1245,8
1791537076,0.1016,8
1791537081,0.1018,8
1791537086,0.1251,8
1791537091,0.0999,8
1791537096,0.0841,8
1791537101,0.1077,8
1791537106,0.0966,8
1791537111,0.0980,8
1791537116,0.1052,8
1791537121,0.1090,8
1791537126,0.0994,8
1791537131,0.0984,8
1791537136,0.1258,8
1791537141,0.1004,8
1791537146,0.0971,8
1791537151,0.1196,8
1791537156,0.0993,8
1791537161,0.1011,8
1791537166,0.1158,8
1791537171,0.0700,8
1791537176,0.0629,8
1791537181,0.0864,8
1791537186,0.0615,8
1791537191,0.0600,8
1791537196,0.0882,8
1791537201,0.0623,8
1791537206,0.0612,8
1791537211,0.1243,8
1791537216,0.1041,8
1791537221,0.0974,8
1791537226,0.1204,8
1791537231,0.1024,8
1791537236,0.1040,8
1791537241,0.1130,8
1791537246,0.1476,8
1791537251,0.1350,8
1791537256,0.1348,8
1791537261,0.1610,8
1791537266,0.1353,8
1791537271,0.1420,8
1791537276,0.1650,8
1791537281,0.1373,8
1791537286,0.1312,8
1791537291,0.1642,8
1791537296,0.1362,8
1791537301,0.1361,8
1791537306,0.1556,8
1791537311,0.1159,8
1791537316,0.1059,8
1791537321,0.1604,8
1791537326,0.1272,8
1791537331,0.1311,8
1791537336,0.1602,8
1791537341,0.1402,8
1791537346,0.1430,8
1791537351,0.1650,8
1791537356,0.1758,8
1791537361,0.1781,8
1791537366,0.1796,8
1791537371,0.1904,8
1791537376,0.1786,8
1791537381,0.1803,8
1791537386,0.2274,8
1791537391,0.2254,8
1791537396,0.2260,8
1791537401,0.2419,8
1791537406,0.2247,8
1791537411,0.2302,8
1791537416,0.2569,8
1791537421,0.2338,8
1791537426,0.2597,8
1791537431,0.2932,8
1791537436,0.2743,8
1791537441,0.2625,8
1791537446,0.2865,8
1791537451,0.2631,8
1791537456,0.2616,8
1791537461,0.2931,8
1791537466,0.2623,8
1791537471,0.2651,8
1791537476,0.2827,8
1791537481,0.2744,8
1791537486,0.2693,8
1791537491,0.2539,8
1791537496,0.2601,8
1791537501,0.2302,8
1791537506,0.2247,8
1791537511,0.2541,8
1791537516,0.2268,8
1791537521,0.2331,8
1791537526,0.2453,8
1791537531,0.1891,8
1791537536,0.2202,8
1791537541,0.2412,8
1791537546,0.2109,8
1791537551,0.2137,8
1791537556,0.2397,8
1791537561,0.2186,8
1791537566,0.2166,8
1791537571,0.2826,8
1791537576,0.2636,8
1791537581,0.2572,8
1791537586,0.2824,8
1791537591,0.2602,8
1791537596,0.2651,8
1791537601,0.2737,8
1791537606,0.3069,8
1791537611,0.3036,8
1791537616,0.3138,8
1791537621,0.3206,8
1791537626,0.2973,8
1791537631,0.3033,8
1791537636,0.3139,8
1791537641,0.3356,8
1791537646,0.3570,8
1791537651,0.3805,8
1791537656,0.3383,8
1791537661,0.3501,8
1791537666,0.3765,8
1791537671,0.3417,8
1791537676,0.3478,8
1791537681,0.3761,8
1791537686,0.3459,8
1791537691,0.3411,8
1791537696,0.3779,8
1791537701,0.3480,8
1791537706,0.3482,8
1791537711,0.3146,8
1791537716,0.3076,8
1791537721,0.3046,8
1791537726,0.3054,8
1791537731,0.3373,8
1791537736,0.3049,8
1791537741,0.3007,8
1791537747,0.2865,8
1791537752,0.2589,8
1791537757,0.2587,8
1791537762,0.2835,8
1791537767,0.2632,8
1791537772,0.2575,8
1791537777,0.2876,8
1791537782,0.2266,8
1791537787,0.2250,8
1791537792,0.2321,8
1791537797,0.2174,8
1791537802,0.2144,8
1791537807,0.2424,8
1791537812,0.2151,8
1791537817,0.2016,8
1791537822,0.1924,8
1791537827,0.1917,8
1791537832,0.1811,8
1791537837,0.1856,8
1791537842,0.1985,8
1791537847,0.1792,8
1791537852,0.1712,8
1791537857,0.1799,8
1791537862,0.1882,8
1791537867,0.1811,8
1791537872,0.2083,8
1791537877,0.1932,8
1791537882,0.1852,8
1791537887,0.2179,8
1791537892,0.1903,8
1791537897,0.1985,8
1791537902,0.2144,8
1791537907,0.1933,8
1791537912,0.1771,8
1791537917,0.2126,8
1791537922,0.1937,8
1791537927,0.1464,8
1791537932,0.1749,8
1791537937,0.1431,8
1791537942,0.1349,8
1791537947,0.1483,8
1791537952,0.1605,8
1791537957,0.1424,8
1791537962,0.1166,8
1791537967,0.1286,8
1791537972,0.0999,8
1791537977,0.1026,8
1791537982,0.1256,8
1791537987,0.1003,8
1791537992,0.1041,8
1791537997,0.1039,8
1791538002,0.0791,8
1791538007,0.1088,8
1791538012,0.1306,8
1791538017,0.1042,8
1791538022,0.1041,8
1791538027,0.1261,8
1791538032,0.0985,8
1791538037,0.1072,8
1791538042,0.1260,8
1791538047,0.1008,8
1791538052,0.1015,8
1791538057,0.1214,8
1791538062,0.1041,8
1791538067,0.0978,8
1791538072,0.0762,8
1791538077,0.0783,8
1791538082,0.0652,8
1791538087,0.0594,8
1791538092,0.0877,8
1791538097,0.0636,8
1791538102,0.0653,8
1791538107,0.0864,8
1791538112,0.1046,8
1791538117,0.1024,8
1791538122,0.1230,8
1791538127,0.1017,8
1791538132,0.1007,8
1791538137,0.1227,8
1791538142,0.1008,8
1791538147,0.1245,8
1791538152,0.1598,8
1791538157,0.1350,8
1791538162,0.1445,8
1791538167,0.1598,8
1791538172,0.1345,8
1791538177,0.1346,8
1791538182,0.1563,8
1791538187,0.1431,8
1791538192,0.1396,8
1791538197,0.1375,8
1791538202,0.1656,8
1791538207,0.1401,8
1791538212,0.1313,8
1791538217,0.1390,8
1791538222,0.1420,8
1791538227,0.1361,8
1791538232,0.1621,8
1791538237,0.1363,8
1791538242,0.1360,8
1791538247,0.1620,8
1791538252,0.1387,8
1791538257,0.1825,8
1791538262,0.1964,8
1791538267,0.1731,8
1791538272,0.1772,8
1791538277,0.2135,8
1791538282,0.1750,8
1791538287,0.1731,8
1791538292,0.2393,8
1791538297,0.2148,8
1791538302,0.2242,8
1791538307,0.2222,8
1791538312,0.2256,8
1791538317,0.2186,8
1791538322,0.2153,8
1791538327,0.2696,8
1791538332,0.2660,8
1791538337,0.2532,8
1791538342,0.2761,8
1791538347,0.2509,8
1791538352,0.2601,8
1791538357,0.2803,8
1791538362,0.2539,8
1791538367,0.2561,8
1791538372,0.2853,8
1791538377,0.2544,8
1791538382,0.2605,8
1791538387,0.2758,8
1791538392,0.2405,8
1791538397,0.2177,8
1791538402,0.2355,8
1791538407,0.2087,8
1791538412,0.2147,8
1791538417,0.2291,8
1791538422,0.2258,8
1791538427,0.2124,8
1791538432,0.1766,8
1791538437,0.2503,8
1791538442,0.2240,8
1791538447,0.2157,8
1791538452,0.2342,8
1791538457,0.2113,8
1791538462,0.2137,8
1791538467,0.2263,8
1791538472,0.2532,8
1791538477,0.2570,8
1791538482,0.2808,8
1791538487,0.2594,8
1791538492,0.2489,8
1791538497,0.2787,8
1791538502,0.2606,8
1791538507,0.2879,8
1791538512,0.3328,8
1791538517,0.3149,8
1791538522,0.3044,8
1791538527,0.3212,8
1791538532,0.3083,8
1791538537,0.2899,8
1791538542,0.3249,8
1791538547,0.3779,8
1791538552,0.3513,8
1791538557,0.3482,8
1791538562,0.3753,8
1791538567,0.3398,8
1791538572,0.3412,8
1791538577,0.3821,8
1791538582,0.3410,8
1791538587,0.3378,8
1791538592,0.3609,8
1791538597,0.3423,8
1791538602,0.3428,8
1791538607,0.3691,8
1791538612,0.3102,8
1791538617,0.2933,8
1791538622,0.3278,8
1791538627,0.2969,8
1791538632,0.2888,8
1791538637,0.3036,8
1791538642,0.3187,8
1791538647,0.2652,8
1791538652,0.2588,8
1791538657,0.2700,8
1791538663,0.2533,8
1791538668,0.2535,8
1791538673,0.2849,8
1791538678,0.2507,8
1791538683,0.2377,8
1791538688,0.2372,8
1791538693,0.2181,8
1791538698,0.2158,8
1791538703,0.2411,8
1791538708,0.2062,8
1791538713,0.2171,8
1791538718,0.2291,8
1791538723,0.1723,8
1791538728,0.1857,8
1791538733,0.2026,8
1791538738,0.1791,8
1791538743,0.1746,8
1791538748,0.1903,8
1791538753,0.1744,8
1791538758,0.1424,8
1791538763,0.1765,8
1791538768,0.1967,8
1791538773,0.1723,8
1791538778,0.1751,8
1791538783,0.2029,8
1791538788,0.1797,8
1791538793,0.1748,8
1791538798,0.1984,8
1791538803,0.1808,8
1791538808,0.1765,8
1791538813,0.1957,8
1791538818,0.1754,8
1791538823,0.1710,8
1791538828,0.1656,8
1791538833,0.1409,8
1791538838,0.1382,8
1791538843,0.1604,8
1791538848,0.1351,8
1791538853,0.1367,8
1791538858,0.1567,8
1791538863,0.1194,8
1791538868,0.1002,8
1791538873,0.1150,8
1791538878,0.1051,8
1791538883,0.1004,8
1791538888,0.0968,8
1791538893,0.1218,8
1791538898,0.0846,8
1791538903,0.0769,8
1791538908,0.1261,8
1791538913,0.0972,8
1791538918,0.0995,8
1791538923,0.1299,8
1791538928,0.1001,8
1791538933,0.0975,8
1791538938,0.1266,8
1791538943,0.1002,8
1791538948,0.0992,8
1791538953,0.1290,8
1791538958,0.0970,8
1791538963,0.1039,8
1791538968,0.1319,8
1791538973,0.0665,8
1791538978,0.0635,8
1791538983,0.0847,8
1791538988,0.0603,8
1791538993,0.0630,8
1791538998,0.0847,8
1791539003,0.0678,8
1791539008,0.0663,8
1791539013,0.0955,8
1791539018,0.1271,8
1791539023,0.0975,8
1791539028,0.1050,8
1791539033,0.1218,8
1791539038,0.0966,8
1791539043,0.1015,8
1791539048,0.1504,8
1791539053,0.1370,8
1791539058,0.1398,8
1791539063,0.1617,8
1791539068,0.1297,8
1791539073,0.1403,8
1791539078,0.1605,8
1791539083,0.1451,8
1791539088,0.1413,8
1791539093,0.1620,8
1791539098,0.1355,8
1791539103,0.1375,8
1791539108,0.1566,8
1791539113,0.1333,8
1791539118,0.1065,8
1791539123,0.1517,8
1791539128,0.1540,8
1791539133,0.1379,8
1791539138,0.1363,8
1791539143,0.1666,8
1791539148,0.1486,8
1791539153,0.1390,8
1791539158,0.2049,8
1791539163,0.1717,8
1791539168,0.1705,8
1791539173,0.1978,8
1791539178,0.1792,8
1791539183,0.1694,8
1791539188,0.2034,8
1791539193,0.2070,8
1791539198,0.2132,8
1791539203,0.2472,8
1791539208,0.2146,8
1791539213,0.2162,8
1791539218,0.2343,8
1791539223,0.2092,8
1791539228,0.2382,8
1791539233,0.2789,8
1791539238,0.2596,8
1791539243,0.2569,8
1791539248,0.2625,8
1791539253,0.2835,8
1791539258,0.2550,8
1791539263,0.2613,8
1791539268,0.2947,8
1791539273,0.2592,8
1791539278,0.2593,8
1791539283,0.2913,8
1791539288,0.2583,8
1791539293,0.2491,8
1791539298,0.2364,8
1791539303,0.2094,8
1791539308,0.2206,8
1791539313,0.2327,8
1791539318,0.2122,8
1791539323,0.2174,8
1791539328,0.2507,8
1791539333,0.1771,8
1791539338,0.2216,8
1791539343,0.2512,8
1791539348,0.2113,8
1791539353,0.2122,8
1791539358,0.2340,8
1791539363,0.2361,8
1791539368,0.2279,8
1791539373,0.2432,8
1791539378,0.2853,8
1791539383,0.2469,8
1791539388,0.2655,8
1791539393,0.2833,8
1791539398,0.2514,8
1791539403,0.2476,8
1791539408,0.2966,8
1791539413,0.2983,8
1791539418,0.3133,8
1791539423,0.3414,8
1791539428,0.2968,8
1791539433,0.3021,8
1791539438,0.3332,8
1791539443,0.3233,8
1791539448,0.3625,8
1791539453,0.3797,8
1791539458,0.3478,8
1791539463,0.3545,8
1791539468,0.3731,8
1791539473,0.3724,8
1791539478,0.3530,8
1791539483,0.3543,8
1791539488,0.3936,8
1791539493,0.3527,8
1791539498,0.3453,8
1791539503,0.3896,8
1791539508,0.3453,8
1791539513,0.3079,8
1791539518,0.3194,8
1791539523,0.2883,8
1791539528,0.2821,8
1791539533,0.3174,8
1791539538,0.2998,8
1791539543,0.2818,8
1791539548,0.2802,8
1791539553,0.2553,8
1791539558,0.2480,8
1791539563,0.2741,8
1791539568,0.2490,8
1791539573,0.2493,8
1791539578,0.2627,8
1791539584,0.2398,8
1791539589,0.2087,8
1791539594,0.2099,8
1791539599,0.2371,8
1791539604,0.2037,8
1791539609,0.2080,8
1791539614,0.2307,8
1791539619,0.2093,8
1791539624,0.1728,8
1791539629,0.2017,8
1791539634,0.1815,8
1791539639,0.1732,8
1791539644,0.1932,8
1791539649,0.1680,8
1791539654,0.1694,8
1791539659,0.1576,8
1791539664,0.1736,8
1791539669,0.1683,8
1791539674,0.1981,8
1791539679,0.1721,8
1791539684,0.1728,8
1791539689,0.1893,8
1791539694,0.1697,8
1791539699,0.1707,8
1791539704,0.1861,8
1791539709,0.1806,8
1791539714,0.1676,8
1791539719,0.1754,8
1791539724,0.1916,8
1791539729,0.1480,8
1791539734,0.1382,8
1791539739,0.1544,8
1791539744,0.1345,8
1791539749,0.1371,8
1791539754,0.1570,8
1791539759,0.1268,8
1791539764,0.1185,8
1791539769,0.1235,8
1791539774,0.0971,8
1791539779,0.0984,8
1791539784,0.1142,8
1791539789,0.0935,8
1791539794,0.0983,8
1791539799,0.1081,8
1791539804,0.0754,8
1791539809,0.0987,8
1791539814,0.1200,8
1791539819,0.0958,8
1791539824,0.0969,8
1791539829,0.1106,8
1791539834,0.1002,8
1791539839,0.0993,8
1791539844,0.0983,8
1791539849,0.1208,8
1791539854,0.0943,8
1791539859,0.0946,8
1791539864,0.1194,8
1791539869,0.1033,8
1791539874,0.0696,8
1791539879,0.0877,8
1791539884,0.0639,8
1791539889,0.0597,8
1791539894,0.0809,8
1791539899,0.0639,8
1791539904,0.0621,8
1791539909,0.0855,8
1791539914,0.0916,8
1791539919,0.0946,8
1791539924,0.1156,8
1791539929,0.0980,8
1791539934,0.0955,8
1791539939,0.1197,8
1791539944,0.0967,8
1791539949,0.1133,8
1791539954,0.1499,8
1791539959,0.1323,8
1791539964,0.1290,8
1791539969,0.1260,8
1791539974,0.1527,8
1791539979,0.1310,8
1791539984,0.1307,8
1791539989,0.1564,8
1791539994,0.1292,8
1791539999,0.1283,8
1791540004,0.1560,8
1791540009,0.1265,8
1791540014,0.1286,8
1791540019,0.1206,8
1791540024,0.1358,8
1791540029,0.1308,8
1791540034,0.1592,8
1791540039,0.1286,8
1791540044,0.1295,8
1791540049,0.1521,8
1791540054,0.1291,8
1791540059,0.1809,8
1791540064,0.2030,8
1791540069,0.1610,8
1791540074,0.1627,8
1791540079,0.1908,8
1791540084,0.1650,8
1791540089,0.1779,8
1791540094,0.2014,8
1791540099,0.2241,8
1791540104,0.2012,8
1791540109,0.2074,8
1791540114,0.2396,8
1791540119,0.2191,8
1791540124,0.2097,8
1791540129,0.2510,8
1791540134,0.2402,8
1791540139,0.2482,8
1791540144,0.2678,8
1791540149,0.2491,8
1791540154,0.2446,8
1791540159,0.2783,8
1791540164,0.2533,8
1791540169,0.2472,8
1791540174,0.2782,8
1791540179,0.2517,8
1791540184,0.2580,8
1791540189,0.2775,8
1791540194,0.2476,8
1791540199,0.2030,8
1791540204,0.2316,8
1791540209,0.2173,8
1791540214,0.2099,8
1791540219,0.2085,8
1791540224,0.2371,8
1791540229,0.2119,8
1791540234,0.1746,8
1791540239,0.2345,8
1791540244,0.2162,8
1791540249,0.2112,8
1791540254,0.2370,8
1791540259,0.2249,8
1791540264,0.2166,8
1791540269,0.2363,8
1791540274,0.2442,8
1791540279,0.2499,8
1791540284,0.2793,8
1791540289,0.2552,8
1791540294,0.2555,8
1791540299,0.2703,8
1791540304,0.2554,8
1791540309,0.2683,8
1791540314,0.3082,8
1791540319,0.3008,8
1791540324,0.2821,8
1791540329,0.3043,8
1791540334,0.2935,8
1791540339,0.2757,8
1791540344,0.3098,8
1791540349,0.3719,8
1791540354,0.3437,8
1791540359,0.3298,8
1791540364,0.3579,8
1791540369,0.3311,8
1791540374,0.3279,8
1791540379,0.3566,8
1791540384,0.3401,8
1791540389,0.3321,8
1791540394,0.3575,8
1791540399,0.3281,8
1791540404,0.3227,8
1791540409,0.3583,8
1791540414,0.2914,8
1791540419,0.2896,8
1791540424,0.3094,8
1791540429,0.2813,8
1791540434,0.2969,8
1791540439,0.3128,8
1791540444,0.2824,8
1791540449,0.2709,8
1791540454,0.2566,8
1791540459,0.2675,8
1791540464,0.2464,8
1791540469,0.2526,8
1791540474,0.2744,8
1791540479,0.2476,8
1791540484,0.2424,8
1791540489,0.2375,8
1791540494,0.2158,8
1791540499,0.2089,8
1791540504,0.2386,8
1791540509,0.2119,8
1791540514,0.2239,8
1791540519,0.2382,8
1791540524,0.1736,8
1791540530,0.1795,8
1791540535,0.1930,8
1791540540,0.1734,8
1791540545,0.1728,8
1791540550,0.1897,8
1791540555,0.1710,8
1791540560,0.1373,8
1791540565,0.1998,8
1791540570,0.1670,8
1791540575,0.1727,8
1791540580,0.1722,8
1791540585,0.2035,8
1791540590,0.1759,8
1791540595,0.1736,8
1791540600,0.1911,8
1791540605,0.1759,8
1791540610,0.1675,8
1791540615,0.2020,8
1791540620,0.1772,8
1791540625,0.1715,8
1791540630,0.1767,8
1791540635,0.1340,8
1791540640,0.1320,8
1791540645,0.1540,8
1791540650,0.1341,8
1791540655,0.1336,8
1791540660,0.1576,8
1791540665,0.1207,8
1791540670,0.0981,8
1791540675,0.1142,8
1791540680,0.1024,8
1791540685,0.0968,8
1791540690,0.1158,8
1791540695,0.0998,8
1791540700,0.0950,8
1791540705,0.0637,8
1791540710,0.1249,8
1791540715,0.0947,8
1791540720,0.0955,8
1791540725,0.1177,8
1791540730,0.0883,8
1791540735,0.0962,8
1791540740,0.1212,8
1791540745,0.0980,8
1791540750,0.0934,8
1791540755,0.1213,8
1791540760,0.0987,8
1791540765,0.0948,8
1791540770,0.1269,8
1791540775,0.0715,8
1791540780,0.0649,8
1791540785,0.0896,8
1791540790,0.0619,8
1791540795,0.0584,8
1791540800,0.0875,8
1791540805,0.0585,8
1791540810,0.0610,8
1791540815,0.1080,8
1791540820,0.0987,8
1791540825,0.0943,8
1791540830,0.0992,8
1791540835,0.1213,8
1791540840,0.0965,8
1791540845,0.0937,8
1791540850,0.1322,8
1791540855,0.1271,8
1791540860,0.1357,8
1791540865,0.1530,8
1791540870,0.1328,8
1791540875,0.1343,8
1791540880,0.1558,8
1791540885,0.1405,8
1791540890,0.1355,8
1791540895,0.1581,8
1791540900,0.1371,8
1791540905,0.1347,8
1791540910,0.1596,8
1791540915,0.1391,8
1791540920,0.0997,8
1791540925,0.1526,8
1791540930,0.1358,8
1791540935,0.1289,8
1791540940,0.1448,8
1791540945,0.1455,8
1791540950,0.1440,8
1791540955,0.1349,8
1791540960,0.1928,8
1791540965,0.1831,8
1791540970,0.1702,8
1791540975,0.2004,8
1791540980,0.1825,8
1791540985,0.1700,8
1791540990,0.2087,8
1791540995,0.1971,8
1791541000,0.2043,8
1791541005,0.2471,8
1791541010,0.2126,8
1791541015,0.2066,8
1791541020,0.2282,8
1791541025,0.2082,8
1791541030,0.2249,8
1791541035,0.2772,8
1791541040,0.2727,8
1791541045,0.2511,8
1791541050,0.2782,8
1791541055,0.2508,8
1791541060,0.2473,8
1791541065,0.2652,8
1791541070,0.2676,8
1791541075,0.2554,8
1791541080,0.2478,8
1791541085,0.2793,8
1791541090,0.2543,8
1791541095,0.2511,8
1791541100,0.2445,8
1791541105,0.2110,8
1791541110,0.2113,8
1791541115,0.2291,8
1791541120,0.2115,8
1791541125,0.2062,8
1791541130,0.2347,8
1791541135,0.1870,8
1791541140,0.1981,8
1791541145,0.2304,8
1791541150,0.2111,8
1791541155,0.2053,8
1791541160,0.2365,8
1791541165,0.2068,8
1791541170,0.2009,8
1791541175,0.2601,8
1791541180,0.2550,8
1791541185,0.2525,8
1791541190,0.2625,8
1791541195,0.2713,8
1791541200,0.2527,8
1791541205,0.2632,8
1791541210,0.2965,8
1791541215,0.2800,8
1791541220,0.2870,8
1791541225,0.3221,8
1791541230,0.2873,8
1791541235,0.2916,8
1791541240,0.3145,8
1791541245,0.2958,8
1791541250,0.3357,8
1791541255,0.3643,8
1791541260,0.3348,8
1791541265,0.3365,8
1791541270,0.3516,8
1791541275,0.3343,8
1791541280,0.3451,8
1791541285,0.3530,8
1791541290,0.3397,8
1791541295,0.3367,8
1791541300,0.3367,8
1791541305,0.3495,8
1791541310,0.3261,8
1791541315,0.2919,8
1791541320,0.3084,8
1791541325,0.2852,8
1791541330,0.2836,8
1791541335,0.3180,8
1791541340,0.2968,8
1791541345,0.2854,8
1791541350,0.2921,8
1791541355,0.2605,8
1791541360,0.2560,8
1791541365,0.2699,8
1791541370,0.2550,8
1791541375,0.2524,8
1791541380,0.2610,8
1791541385,0.2448,8
1791541390,0.2190,8
1791541395,0.2249,8
1791541400,0.2044,8
1791541405,0.2038,8
1791541410,0.2252,8
1791541415,0.2078,8
1791541420,0.2045,8
1791541425,0.1634,8
1791541430,0.1952,8
1791541435,0.1693,8
1791541440,0.1672,8
1791541445,0.1937,8
1791541450,0.1600,8
1791541455,0.1619,8
1791541460,0.1606,8
1791541465,0.1644,8
1791541470,0.1715,8
1791541476,0.1979,8
1791541481,0.1713,8
1791541486,0.1709,8
1791541491,0.1997,8
1791541496,0.1691,8
1791541501,0.1774,8
1791541506,0.1883,8
1791541511,0.1728,8
1791541516,0.1742,8
1791541521,0.2007,8
1791541526,0.1711,8
1791541531,0.1595,8
1791541536,0.1631,8
1791541541,0.1336,8
1791541546,0.1330,8
1791541551,0.1347,8
1791541556,0.1275,8
1791541561,0.1260,8
1791541566,0.1224,8
1791541571,0.0943,8
1791541576,0.0912,8
1791541581,0.0927,8
1791541586,0.0907,8
1791541591,0.0874,8
1791541596,0.0908,8
1791541601,0.0877,8
1791541606,0.0572,8
1791541611,0.0993,8
1791541616,0.0930,8
1791541621,0.0930,8
1791541626,0.0907,8
1791541631,0.0892,8
1791541636,0.0905,8
1791541641,0.0929,8
1791541646,0.0908,8
1791541651,0.0904,8
1791541656,0.0919,8
1791541661,0.0943,8
1791541666,0.0959,8
1791541671,0.0977,8
1791541676,0.0697,8
