muscle_id,family_id,family,canonical_name,status,required_benchmark_contract,evidence_status,audit_rank,disposition,audit_reason,xpass25_disposition,merge_into,canonical_rank,canonical_rank
260,17,Storage Block/File/Object,replica_count,CANDIDATE_CANONICAL,observe|normalize|compute|command|actuate|readback|attribute|measure|compare|restore|seal|reproduce,OPEN_UNTIL_EXECUTED,133,MERGE_REVIEW,semantic authority overlap with cache_replicas,CANONICAL_BENCHMARK_TARGET,,1,1
130,9,NVIDIA GPU Hardware,gpu_power_limit,CANDIDATE_CANONICAL,observe|normalize|compute|command|actuate|readback|attribute|measure|compare|restore|seal|reproduce,OPEN_UNTIL_EXECUTED,2,MERGE_REVIEW,semantic authority overlap with gpu_job_power_budget,CANONICAL_BENCHMARK_TARGET,,2,2
36,3,Container Resources,memory_limit,CANDIDATE_CANONICAL,observe|normalize|compute|command|actuate|readback|attribute|measure|compare|restore|seal|reproduce,OPEN_UNTIL_EXECUTED,59,MERGE_REVIEW,semantic authority overlap with cache_memory_limit,CANONICAL_BENCHMARK_TARGET,,3,3
68,5,Node Fleet & Karpenter-Class Control,node_provision,CANDIDATE_CANONICAL,observe|normalize|compute|command|actuate|readback|attribute|measure|compare|restore|seal|reproduce,OPEN_UNTIL_EXECUTED,5,MERGE_REVIEW,semantic authority overlap with node_desired,CANONICAL_BENCHMARK_TARGET,,4,4
60,4,Kubernetes Placement & Scheduling,device_claim,CANDIDATE_CANONICAL,observe|normalize|compute|command|actuate|readback|attribute|measure|compare|restore|seal|reproduce,OPEN_UNTIL_EXECUTED,6,MERGE_REVIEW,semantic authority overlap with gpu_allocate,CANONICAL_BENCHMARK_TARGET,,5,5
530,34,"PDU, UPS & Electrical Distribution",rack_power_cap,CANDIDATE_CANONICAL,observe|normalize|compute|command|actuate|readback|attribute|measure|compare|restore|seal|reproduce,OPEN_UNTIL_EXECUTED,10,MERGE_REVIEW,semantic authority overlap with rack_power_allocation,CANONICAL_BENCHMARK_TARGET,,6,6
17,2,Kubernetes Workload Scaling,replicas,CANDIDATE_CANONICAL,observe|normalize|compute|command|actuate|readback|attribute|measure|compare|restore|seal|reproduce,OPEN_UNTIL_EXECUTED,1,PROVISIONAL_NEEDS_CONCRETE_CONTRACT,name-level candidate; requires actuator/readback/restore/source-specific proof,CANONICAL_BENCHMARK_TARGET,,7,7
114,8,Host CPU & Memory,cpufreq_max,CANDIDATE_CANONICAL,observe|normalize|compute|command|actuate|readback|attribute|measure|compare|restore|seal|reproduce,OPEN_UNTIL_EXECUTED,3,PROVISIONAL_NEEDS_CONCRETE_CONTRACT,name-level candidate; requires actuator/readback/restore/source-specific proof,CANONICAL_BENCHMARK_TARGET,,8,8
41,3,Container Resources,memory_high,CANDIDATE_CANONICAL,observe|normalize|compute|command|actuate|readback|attribute|measure|compare|restore|seal|reproduce,OPEN_UNTIL_EXECUTED,4,PROVISIONAL_NEEDS_CONCRETE_CONTRACT,name-level candidate; requires actuator/readback/restore/source-specific proof,CANONICAL_BENCHMARK_TARGET,,9,9
225,15,Network Routing & Switching,lb_weight,CANDIDATE_CANONICAL,observe|normalize|compute|command|actuate|readback|attribute|measure|compare|restore|seal|reproduce,OPEN_UNTIL_EXECUTED,7,PROVISIONAL_NEEDS_CONCRETE_CONTRACT,name-level candidate; requires actuator/readback/restore/source-specific proof,CANONICAL_BENCHMARK_TARGET,,10,10
258,17,Storage Block/File/Object,iops_limit,CANDIDATE_CANONICAL,observe|normalize|compute|command|actuate|readback|attribute|measure|compare|restore|seal|reproduce,OPEN_UNTIL_EXECUTED,8,PROVISIONAL_NEEDS_CONCRETE_CONTRACT,name-level candidate; requires actuator/readback/restore/source-specific proof,CANONICAL_BENCHMARK_TARGET,,11,11
161,11,AI Inference Serving,model_replicas,CANDIDATE_CANONICAL,observe|normalize|compute|command|actuate|readback|attribute|measure|compare|restore|seal|reproduce,OPEN_UNTIL_EXECUTED,9,PROVISIONAL_NEEDS_CONCRETE_CONTRACT,name-level candidate; requires actuator/readback/restore/source-specific proof,CANONICAL_BENCHMARK_TARGET,,12,12
18,2,Kubernetes Workload Scaling,hpa_cpu_target,CANDIDATE_CANONICAL,observe|normalize|compute|command|actuate|readback|attribute|measure|compare|restore|seal|reproduce,OPEN_UNTIL_EXECUTED,11,PROVISIONAL_NEEDS_CONCRETE_CONTRACT,name-level candidate; requires actuator/readback/restore/source-specific proof,CANONICAL_BENCHMARK_TARGET,,13,13
19,2,Kubernetes Workload Scaling,hpa_memory_target,CANDIDATE_CANONICAL,observe|normalize|compute|command|actuate|readback|attribute|measure|compare|restore|seal|reproduce,OPEN_UNTIL_EXECUTED,12,PROVISIONAL_NEEDS_CONCRETE_CONTRACT,name-level candidate; requires actuator/readback/restore/source-specific proof,CANONICAL_BENCHMARK_TARGET,,14,14
20,2,Kubernetes Workload Scaling,hpa_custom_target,CANDIDATE_CANONICAL,observe|normalize|compute|command|actuate|readback|attribute|measure|compare|restore|seal|reproduce,OPEN_UNTIL_EXECUTED,13,PROVISIONAL_NEEDS_CONCRETE_CONTRACT,name-level candidate; requires actuator/readback/restore/source-specific proof,CANONICAL_BENCHMARK_TARGET,,15,15
21,2,Kubernetes Workload Scaling,vpa_apply,CANDIDATE_CANONICAL,observe|normalize|compute|command|actuate|readback|attribute|measure|compare|restore|seal|reproduce,OPEN_UNTIL_EXECUTED,14,PROVISIONAL_NEEDS_CONCRETE_CONTRACT,name-level candidate; requires actuator/readback/restore/source-specific proof,CANONICAL_BENCHMARK_TARGET,,16,16
22,2,Kubernetes Workload Scaling,scale_to_zero,CANDIDATE_CANONICAL,observe|normalize|compute|command|actuate|readback|attribute|measure|compare|restore|seal|reproduce,OPEN_UNTIL_EXECUTED,15,PROVISIONAL_NEEDS_CONCRETE_CONTRACT,name-level candidate; requires actuator/readback/restore/source-specific proof,CANONICAL_BENCHMARK_TARGET,,17,17
23,2,Kubernetes Workload Scaling,keda_threshold,CANDIDATE_CANONICAL,observe|normalize|compute|command|actuate|readback|attribute|measure|compare|restore|seal|reproduce,OPEN_UNTIL_EXECUTED,16,PROVISIONAL_NEEDS_CONCRETE_CONTRACT,name-level candidate; requires actuator/readback/restore/source-specific proof,CANONICAL_BENCHMARK_TARGET,,18,18
24,2,Kubernetes Workload Scaling,rollout_rate,CANDIDATE_CANONICAL,observe|normalize|compute|command|actuate|readback|attribute|measure|compare|restore|seal|reproduce,OPEN_UNTIL_EXECUTED,17,PROVISIONAL_NEEDS_CONCRETE_CONTRACT,name-level candidate; requires actuator/readback/restore/source-specific proof,CANONICAL_BENCHMARK_TARGET,,19,19
25,2,Kubernetes Workload Scaling,max_surge,CANDIDATE_CANONICAL,observe|normalize|compute|command|actuate|readback|attribute|measure|compare|restore|seal|reproduce,OPEN_UNTIL_EXECUTED,18,PROVISIONAL_NEEDS_CONCRETE_CONTRACT,name-level candidate; requires actuator/readback/restore/source-specific proof,CANONICAL_BENCHMARK_TARGET,,20,20
26,2,Kubernetes Workload Scaling,max_unavailable,CANDIDATE_CANONICAL,observe|normalize|compute|command|actuate|readback|attribute|measure|compare|restore|seal|reproduce,OPEN_UNTIL_EXECUTED,19,PROVISIONAL_NEEDS_CONCRETE_CONTRACT,name-level candidate; requires actuator/readback/restore/source-specific proof,CANONICAL_BENCHMARK_TARGET,,21,21
27,2,Kubernetes Workload Scaling,deployment_pause_resume,CANDIDATE_CANONICAL,observe|normalize|compute|command|actuate|readback|attribute|measure|compare|restore|seal|reproduce,OPEN_UNTIL_EXECUTED,20,PROVISIONAL_NEEDS_CONCRETE_CONTRACT,name-level candidate; requires actuator/readback/restore/source-specific proof,CANONICAL_BENCHMARK_TARGET,,22,22
28,2,Kubernetes Workload Scaling,rollout_abort,CANDIDATE_CANONICAL,observe|normalize|compute|command|actuate|readback|attribute|measure|compare|restore|seal|reproduce,OPEN_UNTIL_EXECUTED,21,PROVISIONAL_NEEDS_CONCRETE_CONTRACT,name-level candidate; requires actuator/readback/restore/source-specific proof,CANONICAL_BENCHMARK_TARGET,,23,23
29,2,Kubernetes Workload Scaling,pod_eviction,CANDIDATE_CANONICAL,observe|normalize|compute|command|actuate|readback|attribute|measure|compare|restore|seal|reproduce,OPEN_UNTIL_EXECUTED,22,PROVISIONAL_NEEDS_CONCRETE_CONTRACT,name-level candidate; requires actuator/readback/restore/source-specific proof,CANONICAL_BENCHMARK_TARGET,,24,24
30,2,Kubernetes Workload Scaling,pdb_policy,CANDIDATE_CANONICAL,observe|normalize|compute|command|actuate|readback|attribute|measure|compare|restore|seal|reproduce,OPEN_UNTIL_EXECUTED,23,PROVISIONAL_NEEDS_CONCRETE_CONTRACT,name-level candidate; requires actuator/readback/restore/source-specific proof,CANONICAL_BENCHMARK_TARGET,,25,25
31,2,Kubernetes Workload Scaling,scheduler_queue_priority,CANDIDATE_CANONICAL,observe|normalize|compute|command|actuate|readback|attribute|measure|compare|restore|seal|reproduce,OPEN_UNTIL_EXECUTED,24,PROVISIONAL_NEEDS_CONCRETE_CONTRACT,name-level candidate; requires actuator/readback/restore/source-specific proof,CANONICAL_BENCHMARK_TARGET,,26,26
32,2,Kubernetes Workload Scaling,api_priority_fairness,CANDIDATE_CANONICAL,observe|normalize|compute|command|actuate|readback|attribute|measure|compare|restore|seal|reproduce,OPEN_UNTIL_EXECUTED,25,PROVISIONAL_NEEDS_CONCRETE_CONTRACT,name-level candidate; requires actuator/readback/restore/source-specific proof,CANONICAL_BENCHMARK_TARGET,,27,27
129,9,NVIDIA GPU Hardware,gpu_allocate,CANDIDATE_CANONICAL,observe|normalize|compute|command|actuate|readback|attribute|measure|compare|restore|seal|reproduce,OPEN_UNTIL_EXECUTED,26,PROVISIONAL_NEEDS_CONCRETE_CONTRACT,name-level candidate; requires actuator/readback/restore/source-specific proof,CANONICAL_BENCHMARK_TARGET,,28,28
131,9,NVIDIA GPU Hardware,gpu_sm_clock,CANDIDATE_CANONICAL,observe|normalize|compute|command|actuate|readback|attribute|measure|compare|restore|seal|reproduce,OPEN_UNTIL_EXECUTED,27,PROVISIONAL_NEEDS_CONCRETE_CONTRACT,name-level candidate; requires actuator/readback/restore/source-specific proof,CANONICAL_BENCHMARK_TARGET,,29,29
132,9,NVIDIA GPU Hardware,gpu_memory_clock,CANDIDATE_CANONICAL,observe|normalize|compute|command|actuate|readback|attribute|measure|compare|restore|seal|reproduce,OPEN_UNTIL_EXECUTED,28,PROVISIONAL_NEEDS_CONCRETE_CONTRACT,name-level candidate; requires actuator/readback/restore/source-specific proof,CANONICAL_BENCHMARK_TARGET,,30,30
133,9,NVIDIA GPU Hardware,gpu_persistence_mode,CANDIDATE_CANONICAL,observe|normalize|compute|command|actuate|readback|attribute|measure|compare|restore|seal|reproduce,OPEN_UNTIL_EXECUTED,29,PROVISIONAL_NEEDS_CONCRETE_CONTRACT,name-level candidate; requires actuator/readback/restore/source-specific proof,CANONICAL_BENCHMARK_TARGET,,31,31
134,9,NVIDIA GPU Hardware,gpu_compute_mode,CANDIDATE_CANONICAL,observe|normalize|compute|command|actuate|readback|attribute|measure|compare|restore|seal|reproduce,OPEN_UNTIL_EXECUTED,30,PROVISIONAL_NEEDS_CONCRETE_CONTRACT,name-level candidate; requires actuator/readback/restore/source-specific proof,CANONICAL_BENCHMARK_TARGET,,32,32
135,9,NVIDIA GPU Hardware,mig_mode,CANDIDATE_CANONICAL,observe|normalize|compute|command|actuate|readback|attribute|measure|compare|restore|seal|reproduce,OPEN_UNTIL_EXECUTED,31,PROVISIONAL_NEEDS_CONCRETE_CONTRACT,name-level candidate; requires actuator/readback/restore/source-specific proof,CANONICAL_BENCHMARK_TARGET,,33,33
136,9,NVIDIA GPU Hardware,mig_geometry,CANDIDATE_CANONICAL,observe|normalize|compute|command|actuate|readback|attribute|measure|compare|restore|seal|reproduce,OPEN_UNTIL_EXECUTED,32,PROVISIONAL_NEEDS_CONCRETE_CONTRACT,name-level candidate; requires actuator/readback/restore/source-specific proof,CANONICAL_BENCHMARK_TARGET,,34,34
137,9,NVIDIA GPU Hardware,gpu_timeslice,CANDIDATE_CANONICAL,observe|normalize|compute|command|actuate|readback|attribute|measure|compare|restore|seal|reproduce,OPEN_UNTIL_EXECUTED,33,PROVISIONAL_NEEDS_CONCRETE_CONTRACT,name-level candidate; requires actuator/readback/restore/source-specific proof,CANONICAL_BENCHMARK_TARGET,,35,35
138,9,NVIDIA GPU Hardware,gpu_mps,CANDIDATE_CANONICAL,observe|normalize|compute|command|actuate|readback|attribute|measure|compare|restore|seal|reproduce,OPEN_UNTIL_EXECUTED,34,PROVISIONAL_NEEDS_CONCRETE_CONTRACT,name-level candidate; requires actuator/readback/restore/source-specific proof,CANONICAL_BENCHMARK_TARGET,,36,36
139,9,NVIDIA GPU Hardware,gpu_quarantine,CANDIDATE_CANONICAL,observe|normalize|compute|command|actuate|readback|attribute|measure|compare|restore|seal|reproduce,OPEN_UNTIL_EXECUTED,35,PROVISIONAL_NEEDS_CONCRETE_CONTRACT,name-level candidate; requires actuator/readback/restore/source-specific proof,CANONICAL_BENCHMARK_TARGET,,37,37
140,9,NVIDIA GPU Hardware,gpu_reset,CANDIDATE_CANONICAL,observe|normalize|compute|command|actuate|readback|attribute|measure|compare|restore|seal|reproduce,OPEN_UNTIL_EXECUTED,36,PROVISIONAL_NEEDS_CONCRETE_CONTRACT,name-level candidate; requires actuator/readback/restore/source-specific proof,CANONICAL_BENCHMARK_TARGET,,38,38
141,9,NVIDIA GPU Hardware,gpu_thermal_limit,CANDIDATE_CANONICAL,observe|normalize|compute|command|actuate|readback|attribute|measure|compare|restore|seal|reproduce,OPEN_UNTIL_EXECUTED,37,PROVISIONAL_NEEDS_CONCRETE_CONTRACT,name-level candidate; requires actuator/readback/restore/source-specific proof,CANONICAL_BENCHMARK_TARGET,,39,39
142,9,NVIDIA GPU Hardware,gpu_ecc_response,CANDIDATE_CANONICAL,observe|normalize|compute|command|actuate|readback|attribute|measure|compare|restore|seal|reproduce,OPEN_UNTIL_EXECUTED,38,PROVISIONAL_NEEDS_CONCRETE_CONTRACT,name-level candidate; requires actuator/readback/restore/source-specific proof,CANONICAL_BENCHMARK_TARGET,,40,40
143,9,NVIDIA GPU Hardware,gpu_job_power_budget,CANDIDATE_CANONICAL,observe|normalize|compute|command|actuate|readback|attribute|measure|compare|restore|seal|reproduce,OPEN_UNTIL_EXECUTED,39,PROVISIONAL_NEEDS_CONCRETE_CONTRACT,name-level candidate; requires actuator/readback/restore/source-specific proof,CANONICAL_BENCHMARK_TARGET,,41,41
113,8,Host CPU & Memory,cpufreq_min,CANDIDATE_CANONICAL,observe|normalize|compute|command|actuate|readback|attribute|measure|compare|restore|seal|reproduce,OPEN_UNTIL_EXECUTED,41,PROVISIONAL_NEEDS_CONCRETE_CONTRACT,name-level candidate; requires actuator/readback/restore/source-specific proof,CANONICAL_BENCHMARK_TARGET,,42,42
115,8,Host CPU & Memory,rapl_package_power,CANDIDATE_CANONICAL,observe|normalize|compute|command|actuate|readback|attribute|measure|compare|restore|seal|reproduce,OPEN_UNTIL_EXECUTED,42,MERGE_REVIEW,semantic authority overlap with server_power_cap,CANONICAL_BENCHMARK_TARGET,,43,43
116,8,Host CPU & Memory,uncore_frequency,CANDIDATE_CANONICAL,observe|normalize|compute|command|actuate|readback|attribute|measure|compare|restore|seal|reproduce,OPEN_UNTIL_EXECUTED,43,PROVISIONAL_NEEDS_CONCRETE_CONTRACT,name-level candidate; requires actuator/readback/restore/source-specific proof,CANONICAL_BENCHMARK_TARGET,,44,44
117,8,Host CPU & Memory,energy_perf_preference,CANDIDATE_CANONICAL,observe|normalize|compute|command|actuate|readback|attribute|measure|compare|restore|seal|reproduce,OPEN_UNTIL_EXECUTED,44,PROVISIONAL_NEEDS_CONCRETE_CONTRACT,name-level candidate; requires actuator/readback/restore/source-specific proof,CANONICAL_BENCHMARK_TARGET,,45,45
118,8,Host CPU & Memory,cpu_idle_policy,CANDIDATE_CANONICAL,observe|normalize|compute|command|actuate|readback|attribute|measure|compare|restore|seal|reproduce,OPEN_UNTIL_EXECUTED,45,PROVISIONAL_NEEDS_CONCRETE_CONTRACT,name-level candidate; requires actuator/readback/restore/source-specific proof,CANONICAL_BENCHMARK_TARGET,,46,46
119,8,Host CPU & Memory,memory_bandwidth,CANDIDATE_CANONICAL,observe|normalize|compute|command|actuate|readback|attribute|measure|compare|restore|seal|reproduce,OPEN_UNTIL_EXECUTED,46,PROVISIONAL_NEEDS_CONCRETE_CONTRACT,name-level candidate; requires actuator/readback/restore/source-specific proof,CANONICAL_BENCHMARK_TARGET,,47,47
120,8,Host CPU & Memory,numa_balance,CANDIDATE_CANONICAL,observe|normalize|compute|command|actuate|readback|attribute|measure|compare|restore|seal|reproduce,OPEN_UNTIL_EXECUTED,47,PROVISIONAL_NEEDS_CONCRETE_CONTRACT,name-level candidate; requires actuator/readback/restore/source-specific proof,CANONICAL_BENCHMARK_TARGET,,48,48
121,8,Host CPU & Memory,irq_affinity,CANDIDATE_CANONICAL,observe|normalize|compute|command|actuate|readback|attribute|measure|compare|restore|seal|reproduce,OPEN_UNTIL_EXECUTED,48,PROVISIONAL_NEEDS_CONCRETE_CONTRACT,name-level candidate; requires actuator/readback/restore/source-specific proof,CANONICAL_BENCHMARK_TARGET,,49,49
122,8,Host CPU & Memory,llc_allocation,CANDIDATE_CANONICAL,observe|normalize|compute|command|actuate|readback|attribute|measure|compare|restore|seal|reproduce,OPEN_UNTIL_EXECUTED,49,PROVISIONAL_NEEDS_CONCRETE_CONTRACT,name-level candidate; requires actuator/readback/restore/source-specific proof,CANONICAL_BENCHMARK_TARGET,,50,50
123,8,Host CPU & Memory,memory_pressure_gate,CANDIDATE_CANONICAL,observe|normalize|compute|command|actuate|readback|attribute|measure|compare|restore|seal|reproduce,OPEN_UNTIL_EXECUTED,50,PROVISIONAL_NEEDS_CONCRETE_CONTRACT,name-level candidate; requires actuator/readback/restore/source-specific proof,CANONICAL_BENCHMARK_TARGET,,51,51
124,8,Host CPU & Memory,page_reclaim_rate,CANDIDATE_CANONICAL,observe|normalize|compute|command|actuate|readback|attribute|measure|compare|restore|seal|reproduce,OPEN_UNTIL_EXECUTED,51,PROVISIONAL_NEEDS_CONCRETE_CONTRACT,name-level candidate; requires actuator/readback/restore/source-specific proof,CANONICAL_BENCHMARK_TARGET,,52,52
125,8,Host CPU & Memory,transparent_hugepages,CANDIDATE_CANONICAL,observe|normalize|compute|command|actuate|readback|attribute|measure|compare|restore|seal|reproduce,OPEN_UNTIL_EXECUTED,52,PROVISIONAL_NEEDS_CONCRETE_CONTRACT,name-level candidate; requires actuator/readback/restore/source-specific proof,CANONICAL_BENCHMARK_TARGET,,53,53
126,8,Host CPU & Memory,core_online_offline,CANDIDATE_CANONICAL,observe|normalize|compute|command|actuate|readback|attribute|measure|compare|restore|seal|reproduce,OPEN_UNTIL_EXECUTED,53,PROVISIONAL_NEEDS_CONCRETE_CONTRACT,name-level candidate; requires actuator/readback/restore/source-specific proof,CANONICAL_BENCHMARK_TARGET,,54,54
127,8,Host CPU & Memory,thermal_throttle_policy,CANDIDATE_CANONICAL,observe|normalize|compute|command|actuate|readback|attribute|measure|compare|restore|seal|reproduce,OPEN_UNTIL_EXECUTED,54,PROVISIONAL_NEEDS_CONCRETE_CONTRACT,name-level candidate; requires actuator/readback/restore/source-specific proof,CANONICAL_BENCHMARK_TARGET,,55,55
128,8,Host CPU & Memory,host_power_profile,CANDIDATE_CANONICAL,observe|normalize|compute|command|actuate|readback|attribute|measure|compare|restore|seal|reproduce,OPEN_UNTIL_EXECUTED,55,PROVISIONAL_NEEDS_CONCRETE_CONTRACT,name-level candidate; requires actuator/readback/restore/source-specific proof,CANONICAL_BENCHMARK_TARGET,,56,56
33,3,Container Resources,cpu_request,CANDIDATE_CANONICAL,observe|normalize|compute|command|actuate|readback|attribute|measure|compare|restore|seal|reproduce,OPEN_UNTIL_EXECUTED,56,PROVISIONAL_NEEDS_CONCRETE_CONTRACT,name-level candidate; requires actuator/readback/restore/source-specific proof,CANONICAL_BENCHMARK_TARGET,,57,57
34,3,Container Resources,cpu_limit,CANDIDATE_CANONICAL,observe|normalize|compute|command|actuate|readback|attribute|measure|compare|restore|seal|reproduce,OPEN_UNTIL_EXECUTED,57,PROVISIONAL_NEEDS_CONCRETE_CONTRACT,name-level candidate; requires actuator/readback/restore/source-specific proof,CANONICAL_BENCHMARK_TARGET,,58,58
35,3,Container Resources,memory_request,CANDIDATE_CANONICAL,observe|normalize|compute|command|actuate|readback|attribute|measure|compare|restore|seal|reproduce,OPEN_UNTIL_EXECUTED,58,PROVISIONAL_NEEDS_CONCRETE_CONTRACT,name-level candidate; requires actuator/readback/restore/source-specific proof,CANONICAL_BENCHMARK_TARGET,,59,59
37,3,Container Resources,ephemeral_storage,CANDIDATE_CANONICAL,observe|normalize|compute|command|actuate|readback|attribute|measure|compare|restore|seal|reproduce,OPEN_UNTIL_EXECUTED,60,PROVISIONAL_NEEDS_CONCRETE_CONTRACT,name-level candidate; requires actuator/readback/restore/source-specific proof,CANONICAL_BENCHMARK_TARGET,,60,60
38,3,Container Resources,hugepages,CANDIDATE_CANONICAL,observe|normalize|compute|command|actuate|readback|attribute|measure|compare|restore|seal|reproduce,OPEN_UNTIL_EXECUTED,61,PROVISIONAL_NEEDS_CONCRETE_CONTRACT,name-level candidate; requires actuator/readback/restore/source-specific proof,CANONICAL_BENCHMARK_TARGET,,61,61
39,3,Container Resources,io_weight,CANDIDATE_CANONICAL,observe|normalize|compute|command|actuate|readback|attribute|measure|compare|restore|seal|reproduce,OPEN_UNTIL_EXECUTED,62,PROVISIONAL_NEEDS_CONCRETE_CONTRACT,name-level candidate; requires actuator/readback/restore/source-specific proof,CANONICAL_BENCHMARK_TARGET,,62,62
40,3,Container Resources,pids_limit,CANDIDATE_CANONICAL,observe|normalize|compute|command|actuate|readback|attribute|measure|compare|restore|seal|reproduce,OPEN_UNTIL_EXECUTED,63,PROVISIONAL_NEEDS_CONCRETE_CONTRACT,name-level candidate; requires actuator/readback/restore/source-specific proof,CANONICAL_BENCHMARK_TARGET,,63,63
42,3,Container Resources,memory_reclaim,CANDIDATE_CANONICAL,observe|normalize|compute|command|actuate|readback|attribute|measure|compare|restore|seal|reproduce,OPEN_UNTIL_EXECUTED,64,PROVISIONAL_NEEDS_CONCRETE_CONTRACT,name-level candidate; requires actuator/readback/restore/source-specific proof,CANONICAL_BENCHMARK_TARGET,,64,64
43,3,Container Resources,swap_limit,CANDIDATE_CANONICAL,observe|normalize|compute|command|actuate|readback|attribute|measure|compare|restore|seal|reproduce,OPEN_UNTIL_EXECUTED,65,PROVISIONAL_NEEDS_CONCRETE_CONTRACT,name-level candidate; requires actuator/readback/restore/source-specific proof,CANONICAL_BENCHMARK_TARGET,,65,65
44,3,Container Resources,cgroup_io_max,CANDIDATE_CANONICAL,observe|normalize|compute|command|actuate|readback|attribute|measure|compare|restore|seal|reproduce,OPEN_UNTIL_EXECUTED,66,PROVISIONAL_NEEDS_CONCRETE_CONTRACT,name-level candidate; requires actuator/readback/restore/source-specific proof,CANONICAL_BENCHMARK_TARGET,,66,66
45,3,Container Resources,cpu_weight,CANDIDATE_CANONICAL,observe|normalize|compute|command|actuate|readback|attribute|measure|compare|restore|seal|reproduce,OPEN_UNTIL_EXECUTED,67,PROVISIONAL_NEEDS_CONCRETE_CONTRACT,name-level candidate; requires actuator/readback/restore/source-specific proof,CANONICAL_BENCHMARK_TARGET,,67,67
46,3,Container Resources,cpu_quota,CANDIDATE_CANONICAL,observe|normalize|compute|command|actuate|readback|attribute|measure|compare|restore|seal|reproduce,OPEN_UNTIL_EXECUTED,68,PROVISIONAL_NEEDS_CONCRETE_CONTRACT,name-level candidate; requires actuator/readback/restore/source-specific proof,CANONICAL_BENCHMARK_TARGET,,68,68
47,3,Container Resources,cpuset,CANDIDATE_CANONICAL,observe|normalize|compute|command|actuate|readback|attribute|measure|compare|restore|seal|reproduce,OPEN_UNTIL_EXECUTED,69,PROVISIONAL_NEEDS_CONCRETE_CONTRACT,name-level candidate; requires actuator/readback/restore/source-specific proof,CANONICAL_BENCHMARK_TARGET,,69,69
48,3,Container Resources,runtime_class,CANDIDATE_CANONICAL,observe|normalize|compute|command|actuate|readback|attribute|measure|compare|restore|seal|reproduce,OPEN_UNTIL_EXECUTED,70,PROVISIONAL_NEEDS_CONCRETE_CONTRACT,name-level candidate; requires actuator/readback/restore/source-specific proof,CANONICAL_BENCHMARK_TARGET,,70,70
65,5,Node Fleet & Karpenter-Class Control,node_desired,CANDIDATE_CANONICAL,observe|normalize|compute|command|actuate|readback|attribute|measure|compare|restore|seal|reproduce,OPEN_UNTIL_EXECUTED,71,MERGE_REVIEW,semantic authority overlap with machineset_desired,CANONICAL_BENCHMARK_TARGET,,71,71
66,5,Node Fleet & Karpenter-Class Control,node_pool_min,CANDIDATE_CANONICAL,observe|normalize|compute|command|actuate|readback|attribute|measure|compare|restore|seal|reproduce,OPEN_UNTIL_EXECUTED,72,MERGE_REVIEW,semantic authority overlap with machineautoscaler_min,CANONICAL_BENCHMARK_TARGET,,72,72
67,5,Node Fleet & Karpenter-Class Control,node_pool_max,CANDIDATE_CANONICAL,observe|normalize|compute|command|actuate|readback|attribute|measure|compare|restore|seal|reproduce,OPEN_UNTIL_EXECUTED,73,MERGE_REVIEW,semantic authority overlap with machineautoscaler_max,CANONICAL_BENCHMARK_TARGET,,73,73
69,5,Node Fleet & Karpenter-Class Control,node_cordon,CANDIDATE_CANONICAL,observe|normalize|compute|command|actuate|readback|attribute|measure|compare|restore|seal|reproduce,OPEN_UNTIL_EXECUTED,74,PROVISIONAL_NEEDS_CONCRETE_CONTRACT,name-level candidate; requires actuator/readback/restore/source-specific proof,CANONICAL_BENCHMARK_TARGET,,74,74
70,5,Node Fleet & Karpenter-Class Control,node_drain,CANDIDATE_CANONICAL,observe|normalize|compute|command|actuate|readback|attribute|measure|compare|restore|seal|reproduce,OPEN_UNTIL_EXECUTED,75,MERGE_REVIEW,semantic authority overlap with machine_drain,CANONICAL_BENCHMARK_TARGET,,75,75
71,5,Node Fleet & Karpenter-Class Control,node_consolidate,CANDIDATE_CANONICAL,observe|normalize|compute|command|actuate|readback|attribute|measure|compare|restore|seal|reproduce,OPEN_UNTIL_EXECUTED,76,PROVISIONAL_NEEDS_CONCRETE_CONTRACT,name-level candidate; requires actuator/readback/restore/source-specific proof,CANONICAL_BENCHMARK_TARGET,,76,76
72,5,Node Fleet & Karpenter-Class Control,node_replace,CANDIDATE_CANONICAL,observe|normalize|compute|command|actuate|readback|attribute|measure|compare|restore|seal|reproduce,OPEN_UNTIL_EXECUTED,77,MERGE_REVIEW,semantic authority overlap with machine_replace,CANONICAL_BENCHMARK_TARGET,,77,77
73,5,Node Fleet & Karpenter-Class Control,node_shutdown,CANDIDATE_CANONICAL,observe|normalize|compute|command|actuate|readback|attribute|measure|compare|restore|seal|reproduce,OPEN_UNTIL_EXECUTED,78,MERGE_REVIEW,semantic authority overlap with machine_delete,CANONICAL_BENCHMARK_TARGET,,78,78
74,5,Node Fleet & Karpenter-Class Control,node_power_on,CANDIDATE_CANONICAL,observe|normalize|compute|command|actuate|readback|attribute|measure|compare|restore|seal|reproduce,OPEN_UNTIL_EXECUTED,79,PROVISIONAL_NEEDS_CONCRETE_CONTRACT,name-level candidate; requires actuator/readback/restore/source-specific proof,CANONICAL_BENCHMARK_TARGET,,79,79
75,5,Node Fleet & Karpenter-Class Control,nodepool_weight,CANDIDATE_CANONICAL,observe|normalize|compute|command|actuate|readback|attribute|measure|compare|restore|seal|reproduce,OPEN_UNTIL_EXECUTED,80,PROVISIONAL_NEEDS_CONCRETE_CONTRACT,name-level candidate; requires actuator/readback/restore/source-specific proof,CANONICAL_BENCHMARK_TARGET,,80,80
76,5,Node Fleet & Karpenter-Class Control,disruption_budget,CANDIDATE_CANONICAL,observe|normalize|compute|command|actuate|readback|attribute|measure|compare|restore|seal|reproduce,OPEN_UNTIL_EXECUTED,81,PROVISIONAL_NEEDS_CONCRETE_CONTRACT,name-level candidate; requires actuator/readback/restore/source-specific proof,CANONICAL_BENCHMARK_TARGET,,81,81
77,5,Node Fleet & Karpenter-Class Control,consolidation_policy,CANDIDATE_CANONICAL,observe|normalize|compute|command|actuate|readback|attribute|measure|compare|restore|seal|reproduce,OPEN_UNTIL_EXECUTED,82,PROVISIONAL_NEEDS_CONCRETE_CONTRACT,name-level candidate; requires actuator/readback/restore/source-specific proof,CANONICAL_BENCHMARK_TARGET,,82,82
78,5,Node Fleet & Karpenter-Class Control,consolidate_after,CANDIDATE_CANONICAL,observe|normalize|compute|command|actuate|readback|attribute|measure|compare|restore|seal|reproduce,OPEN_UNTIL_EXECUTED,83,PROVISIONAL_NEEDS_CONCRETE_CONTRACT,name-level candidate; requires actuator/readback/restore/source-specific proof,CANONICAL_BENCHMARK_TARGET,,83,83
79,5,Node Fleet & Karpenter-Class Control,expire_after,CANDIDATE_CANONICAL,observe|normalize|compute|command|actuate|readback|attribute|measure|compare|restore|seal|reproduce,OPEN_UNTIL_EXECUTED,84,PROVISIONAL_NEEDS_CONCRETE_CONTRACT,name-level candidate; requires actuator/readback/restore/source-specific proof,CANONICAL_BENCHMARK_TARGET,,84,84
80,5,Node Fleet & Karpenter-Class Control,capacity_class,CANDIDATE_CANONICAL,observe|normalize|compute|command|actuate|readback|attribute|measure|compare|restore|seal|reproduce,OPEN_UNTIL_EXECUTED,85,PROVISIONAL_NEEDS_CONCRETE_CONTRACT,name-level candidate; requires actuator/readback/restore/source-specific proof,CANONICAL_BENCHMARK_TARGET,,85,85
49,4,Kubernetes Placement & Scheduling,node_selector,CANDIDATE_CANONICAL,observe|normalize|compute|command|actuate|readback|attribute|measure|compare|restore|seal|reproduce,OPEN_UNTIL_EXECUTED,86,PROVISIONAL_NEEDS_CONCRETE_CONTRACT,name-level candidate; requires actuator/readback/restore/source-specific proof,CANONICAL_BENCHMARK_TARGET,,86,86
50,4,Kubernetes Placement & Scheduling,node_affinity,CANDIDATE_CANONICAL,observe|normalize|compute|command|actuate|readback|attribute|measure|compare|restore|seal|reproduce,OPEN_UNTIL_EXECUTED,87,PROVISIONAL_NEEDS_CONCRETE_CONTRACT,name-level candidate; requires actuator/readback/restore/source-specific proof,CANONICAL_BENCHMARK_TARGET,,87,87
51,4,Kubernetes Placement & Scheduling,pod_anti_affinity,CANDIDATE_CANONICAL,observe|normalize|compute|command|actuate|readback|attribute|measure|compare|restore|seal|reproduce,OPEN_UNTIL_EXECUTED,88,PROVISIONAL_NEEDS_CONCRETE_CONTRACT,name-level candidate; requires actuator/readback/restore/source-specific proof,CANONICAL_BENCHMARK_TARGET,,88,88
52,4,Kubernetes Placement & Scheduling,topology_spread,CANDIDATE_CANONICAL,observe|normalize|compute|command|actuate|readback|attribute|measure|compare|restore|seal|reproduce,OPEN_UNTIL_EXECUTED,89,PROVISIONAL_NEEDS_CONCRETE_CONTRACT,name-level candidate; requires actuator/readback/restore/source-specific proof,CANONICAL_BENCHMARK_TARGET,,89,89
53,4,Kubernetes Placement & Scheduling,numa_placement,CANDIDATE_CANONICAL,observe|normalize|compute|command|actuate|readback|attribute|measure|compare|restore|seal|reproduce,OPEN_UNTIL_EXECUTED,90,PROVISIONAL_NEEDS_CONCRETE_CONTRACT,name-level candidate; requires actuator/readback/restore/source-specific proof,CANONICAL_BENCHMARK_TARGET,,90,90
54,4,Kubernetes Placement & Scheduling,gpu_topology,CANDIDATE_CANONICAL,observe|normalize|compute|command|actuate|readback|attribute|measure|compare|restore|seal|reproduce,OPEN_UNTIL_EXECUTED,91,PROVISIONAL_NEEDS_CONCRETE_CONTRACT,name-level candidate; requires actuator/readback/restore/source-specific proof,CANONICAL_BENCHMARK_TARGET,,91,91
55,4,Kubernetes Placement & Scheduling,storage_locality,CANDIDATE_CANONICAL,observe|normalize|compute|command|actuate|readback|attribute|measure|compare|restore|seal|reproduce,OPEN_UNTIL_EXECUTED,92,PROVISIONAL_NEEDS_CONCRETE_CONTRACT,name-level candidate; requires actuator/readback/restore/source-specific proof,CANONICAL_BENCHMARK_TARGET,,92,92
56,4,Kubernetes Placement & Scheduling,network_locality,CANDIDATE_CANONICAL,observe|normalize|compute|command|actuate|readback|attribute|measure|compare|restore|seal|reproduce,OPEN_UNTIL_EXECUTED,93,PROVISIONAL_NEEDS_CONCRETE_CONTRACT,name-level candidate; requires actuator/readback/restore/source-specific proof,CANONICAL_BENCHMARK_TARGET,,93,93
57,4,Kubernetes Placement & Scheduling,taint_toleration,CANDIDATE_CANONICAL,observe|normalize|compute|command|actuate|readback|attribute|measure|compare|restore|seal|reproduce,OPEN_UNTIL_EXECUTED,94,PROVISIONAL_NEEDS_CONCRETE_CONTRACT,name-level candidate; requires actuator/readback/restore/source-specific proof,CANONICAL_BENCHMARK_TARGET,,94,94
58,4,Kubernetes Placement & Scheduling,priority_class,CANDIDATE_CANONICAL,observe|normalize|compute|command|actuate|readback|attribute|measure|compare|restore|seal|reproduce,OPEN_UNTIL_EXECUTED,95,PROVISIONAL_NEEDS_CONCRETE_CONTRACT,name-level candidate; requires actuator/readback/restore/source-specific proof,CANONICAL_BENCHMARK_TARGET,,95,95
59,4,Kubernetes Placement & Scheduling,preemption_policy,CANDIDATE_CANONICAL,observe|normalize|compute|command|actuate|readback|attribute|measure|compare|restore|seal|reproduce,OPEN_UNTIL_EXECUTED,96,PROVISIONAL_NEEDS_CONCRETE_CONTRACT,name-level candidate; requires actuator/readback/restore/source-specific proof,CANONICAL_BENCHMARK_TARGET,,96,96
61,4,Kubernetes Placement & Scheduling,failure_domain_spread,CANDIDATE_CANONICAL,observe|normalize|compute|command|actuate|readback|attribute|measure|compare|restore|seal|reproduce,OPEN_UNTIL_EXECUTED,97,PROVISIONAL_NEEDS_CONCRETE_CONTRACT,name-level candidate; requires actuator/readback/restore/source-specific proof,CANONICAL_BENCHMARK_TARGET,,97,97
62,4,Kubernetes Placement & Scheduling,scheduler_backoff,CANDIDATE_CANONICAL,observe|normalize|compute|command|actuate|readback|attribute|measure|compare|restore|seal|reproduce,OPEN_UNTIL_EXECUTED,98,PROVISIONAL_NEEDS_CONCRETE_CONTRACT,name-level candidate; requires actuator/readback/restore/source-specific proof,CANONICAL_BENCHMARK_TARGET,,98,98
63,4,Kubernetes Placement & Scheduling,gang_admission,CANDIDATE_CANONICAL,observe|normalize|compute|command|actuate|readback|attribute|measure|compare|restore|seal|reproduce,OPEN_UNTIL_EXECUTED,99,PROVISIONAL_NEEDS_CONCRETE_CONTRACT,name-level candidate; requires actuator/readback/restore/source-specific proof,CANONICAL_BENCHMARK_TARGET,,99,99
64,4,Kubernetes Placement & Scheduling,deschedule,CANDIDATE_CANONICAL,observe|normalize|compute|command|actuate|readback|attribute|measure|compare|restore|seal|reproduce,OPEN_UNTIL_EXECUTED,100,PROVISIONAL_NEEDS_CONCRETE_CONTRACT,name-level candidate; requires actuator/readback/restore/source-specific proof,CANONICAL_BENCHMARK_TARGET,,100,100
162,11,AI Inference Serving,model_route_weight,CANDIDATE_CANONICAL,observe|normalize|compute|command|actuate|readback|attribute|measure|compare|restore|seal|reproduce,OPEN_UNTIL_EXECUTED,101,PROVISIONAL_NEEDS_CONCRETE_CONTRACT,name-level candidate; requires actuator/readback/restore/source-specific proof,CANONICAL_BENCHMARK_TARGET,,101,101
163,11,AI Inference Serving,model_load,CANDIDATE_CANONICAL,observe|normalize|compute|command|actuate|readback|attribute|measure|compare|restore|seal|reproduce,OPEN_UNTIL_EXECUTED,102,PROVISIONAL_NEEDS_CONCRETE_CONTRACT,name-level candidate; requires actuator/readback/restore/source-specific proof,CANONICAL_BENCHMARK_TARGET,,102,102
164,11,AI Inference Serving,model_unload,CANDIDATE_CANONICAL,observe|normalize|compute|command|actuate|readback|attribute|measure|compare|restore|seal|reproduce,OPEN_UNTIL_EXECUTED,103,PROVISIONAL_NEEDS_CONCRETE_CONTRACT,name-level candidate; requires actuator/readback/restore/source-specific proof,CANONICAL_BENCHMARK_TARGET,,103,103
165,11,AI Inference Serving,model_instance_count,CANDIDATE_CANONICAL,observe|normalize|compute|command|actuate|readback|attribute|measure|compare|restore|seal|reproduce,OPEN_UNTIL_EXECUTED,104,PROVISIONAL_NEEDS_CONCRETE_CONTRACT,name-level candidate; requires actuator/readback/restore/source-specific proof,CANONICAL_BENCHMARK_TARGET,,104,104
166,11,AI Inference Serving,continuous_batching,CANDIDATE_CANONICAL,observe|normalize|compute|command|actuate|readback|attribute|measure|compare|restore|seal|reproduce,OPEN_UNTIL_EXECUTED,105,PROVISIONAL_NEEDS_CONCRETE_CONTRACT,name-level candidate; requires actuator/readback/restore/source-specific proof,CANONICAL_BENCHMARK_TARGET,,105,105
167,11,AI Inference Serving,max_batch_size,CANDIDATE_CANONICAL,observe|normalize|compute|command|actuate|readback|attribute|measure|compare|restore|seal|reproduce,OPEN_UNTIL_EXECUTED,106,PROVISIONAL_NEEDS_CONCRETE_CONTRACT,name-level candidate; requires actuator/readback/restore/source-specific proof,CANONICAL_BENCHMARK_TARGET,,106,106
168,11,AI Inference Serving,batch_queue_delay,CANDIDATE_CANONICAL,observe|normalize|compute|command|actuate|readback|attribute|measure|compare|restore|seal|reproduce,OPEN_UNTIL_EXECUTED,107,PROVISIONAL_NEEDS_CONCRETE_CONTRACT,name-level candidate; requires actuator/readback/restore/source-specific proof,CANONICAL_BENCHMARK_TARGET,,107,107
169,11,AI Inference Serving,inference_concurrency,CANDIDATE_CANONICAL,observe|normalize|compute|command|actuate|readback|attribute|measure|compare|restore|seal|reproduce,OPEN_UNTIL_EXECUTED,108,PROVISIONAL_NEEDS_CONCRETE_CONTRACT,name-level candidate; requires actuator/readback/restore/source-specific proof,CANONICAL_BENCHMARK_TARGET,,108,108
170,11,AI Inference Serving,inference_max_tokens,CANDIDATE_CANONICAL,observe|normalize|compute|command|actuate|readback|attribute|measure|compare|restore|seal|reproduce,OPEN_UNTIL_EXECUTED,109,PROVISIONAL_NEEDS_CONCRETE_CONTRACT,name-level candidate; requires actuator/readback/restore/source-specific proof,CANONICAL_BENCHMARK_TARGET,,109,109
171,11,AI Inference Serving,kv_cache_budget,CANDIDATE_CANONICAL,observe|normalize|compute|command|actuate|readback|attribute|measure|compare|restore|seal|reproduce,OPEN_UNTIL_EXECUTED,110,PROVISIONAL_NEEDS_CONCRETE_CONTRACT,name-level candidate; requires actuator/readback/restore/source-specific proof,CANONICAL_BENCHMARK_TARGET,,110,110
172,11,AI Inference Serving,prefix_cache_budget,CANDIDATE_CANONICAL,observe|normalize|compute|command|actuate|readback|attribute|measure|compare|restore|seal|reproduce,OPEN_UNTIL_EXECUTED,111,PROVISIONAL_NEEDS_CONCRETE_CONTRACT,name-level candidate; requires actuator/readback/restore/source-specific proof,CANONICAL_BENCHMARK_TARGET,,111,111
173,11,AI Inference Serving,speculative_decode_budget,CANDIDATE_CANONICAL,observe|normalize|compute|command|actuate|readback|attribute|measure|compare|restore|seal|reproduce,OPEN_UNTIL_EXECUTED,112,PROVISIONAL_NEEDS_CONCRETE_CONTRACT,name-level candidate; requires actuator/readback/restore/source-specific proof,CANONICAL_BENCHMARK_TARGET,,112,112
174,11,AI Inference Serving,model_precision,CANDIDATE_CANONICAL,observe|normalize|compute|command|actuate|readback|attribute|measure|compare|restore|seal|reproduce,OPEN_UNTIL_EXECUTED,113,PROVISIONAL_NEEDS_CONCRETE_CONTRACT,name-level candidate; requires actuator/readback/restore/source-specific proof,CANONICAL_BENCHMARK_TARGET,,113,113
175,11,AI Inference Serving,inference_priority,CANDIDATE_CANONICAL,observe|normalize|compute|command|actuate|readback|attribute|measure|compare|restore|seal|reproduce,OPEN_UNTIL_EXECUTED,114,PROVISIONAL_NEEDS_CONCRETE_CONTRACT,name-level candidate; requires actuator/readback/restore/source-specific proof,CANONICAL_BENCHMARK_TARGET,,114,114
176,11,AI Inference Serving,inference_slo_gate,CANDIDATE_CANONICAL,observe|normalize|compute|command|actuate|readback|attribute|measure|compare|restore|seal|reproduce,OPEN_UNTIL_EXECUTED,115,PROVISIONAL_NEEDS_CONCRETE_CONTRACT,name-level candidate; requires actuator/readback/restore/source-specific proof,CANONICAL_BENCHMARK_TARGET,,115,115
226,15,Network Routing & Switching,route_weight,CANDIDATE_CANONICAL,observe|normalize|compute|command|actuate|readback|attribute|measure|compare|restore|seal|reproduce,OPEN_UNTIL_EXECUTED,116,PROVISIONAL_NEEDS_CONCRETE_CONTRACT,name-level candidate; requires actuator/readback/restore/source-specific proof,CANONICAL_BENCHMARK_TARGET,,116,116
227,15,Network Routing & Switching,rate_limit,CANDIDATE_CANONICAL,observe|normalize|compute|command|actuate|readback|attribute|measure|compare|restore|seal|reproduce,OPEN_UNTIL_EXECUTED,117,PROVISIONAL_NEEDS_CONCRETE_CONTRACT,name-level candidate; requires actuator/readback/restore/source-specific proof,CANONICAL_BENCHMARK_TARGET,,117,117
228,15,Network Routing & Switching,bandwidth_limit,CANDIDATE_CANONICAL,observe|normalize|compute|command|actuate|readback|attribute|measure|compare|restore|seal|reproduce,OPEN_UNTIL_EXECUTED,118,PROVISIONAL_NEEDS_CONCRETE_CONTRACT,name-level candidate; requires actuator/readback/restore/source-specific proof,CANONICAL_BENCHMARK_TARGET,,118,118
229,15,Network Routing & Switching,qos_class,CANDIDATE_CANONICAL,observe|normalize|compute|command|actuate|readback|attribute|measure|compare|restore|seal|reproduce,OPEN_UNTIL_EXECUTED,119,PROVISIONAL_NEEDS_CONCRETE_CONTRACT,name-level candidate; requires actuator/readback/restore/source-specific proof,CANONICAL_BENCHMARK_TARGET,,119,119
230,15,Network Routing & Switching,connection_limit,CANDIDATE_CANONICAL,observe|normalize|compute|command|actuate|readback|attribute|measure|compare|restore|seal|reproduce,OPEN_UNTIL_EXECUTED,120,PROVISIONAL_NEEDS_CONCRETE_CONTRACT,name-level candidate; requires actuator/readback/restore/source-specific proof,CANONICAL_BENCHMARK_TARGET,,120,120
231,15,Network Routing & Switching,failover_route,CANDIDATE_CANONICAL,observe|normalize|compute|command|actuate|readback|attribute|measure|compare|restore|seal|reproduce,OPEN_UNTIL_EXECUTED,121,PROVISIONAL_NEEDS_CONCRETE_CONTRACT,name-level candidate; requires actuator/readback/restore/source-specific proof,CANONICAL_BENCHMARK_TARGET,,121,121
232,15,Network Routing & Switching,nic_rate_limit,CANDIDATE_CANONICAL,observe|normalize|compute|command|actuate|readback|attribute|measure|compare|restore|seal|reproduce,OPEN_UNTIL_EXECUTED,122,PROVISIONAL_NEEDS_CONCRETE_CONTRACT,name-level candidate; requires actuator/readback/restore/source-specific proof,CANONICAL_BENCHMARK_TARGET,,122,122
233,15,Network Routing & Switching,nic_queue_count,CANDIDATE_CANONICAL,observe|normalize|compute|command|actuate|readback|attribute|measure|compare|restore|seal|reproduce,OPEN_UNTIL_EXECUTED,123,PROVISIONAL_NEEDS_CONCRETE_CONTRACT,name-level candidate; requires actuator/readback/restore/source-specific proof,CANONICAL_BENCHMARK_TARGET,,123,123
234,15,Network Routing & Switching,queue_discipline,CANDIDATE_CANONICAL,observe|normalize|compute|command|actuate|readback|attribute|measure|compare|restore|seal|reproduce,OPEN_UNTIL_EXECUTED,124,PROVISIONAL_NEEDS_CONCRETE_CONTRACT,name-level candidate; requires actuator/readback/restore/source-specific proof,CANONICAL_BENCHMARK_TARGET,,124,124
235,15,Network Routing & Switching,congestion_control,CANDIDATE_CANONICAL,observe|normalize|compute|command|actuate|readback|attribute|measure|compare|restore|seal|reproduce,OPEN_UNTIL_EXECUTED,125,PROVISIONAL_NEEDS_CONCRETE_CONTRACT,name-level candidate; requires actuator/readback/restore/source-specific proof,CANONICAL_BENCHMARK_TARGET,,125,125
236,15,Network Routing & Switching,egress_budget,CANDIDATE_CANONICAL,observe|normalize|compute|command|actuate|readback|attribute|measure|compare|restore|seal|reproduce,OPEN_UNTIL_EXECUTED,126,PROVISIONAL_NEEDS_CONCRETE_CONTRACT,name-level candidate; requires actuator/readback/restore/source-specific proof,CANONICAL_BENCHMARK_TARGET,,126,126
237,15,Network Routing & Switching,ingress_budget,CANDIDATE_CANONICAL,observe|normalize|compute|command|actuate|readback|attribute|measure|compare|restore|seal|reproduce,OPEN_UNTIL_EXECUTED,127,PROVISIONAL_NEEDS_CONCRETE_CONTRACT,name-level candidate; requires actuator/readback/restore/source-specific proof,CANONICAL_BENCHMARK_TARGET,,127,127
238,15,Network Routing & Switching,ecmp_weight,CANDIDATE_CANONICAL,observe|normalize|compute|command|actuate|readback|attribute|measure|compare|restore|seal|reproduce,OPEN_UNTIL_EXECUTED,128,PROVISIONAL_NEEDS_CONCRETE_CONTRACT,name-level candidate; requires actuator/readback/restore/source-specific proof,CANONICAL_BENCHMARK_TARGET,,128,128
239,15,Network Routing & Switching,path_selection,CANDIDATE_CANONICAL,observe|normalize|compute|command|actuate|readback|attribute|measure|compare|restore|seal|reproduce,OPEN_UNTIL_EXECUTED,129,PROVISIONAL_NEEDS_CONCRETE_CONTRACT,name-level candidate; requires actuator/readback/restore/source-specific proof,CANONICAL_BENCHMARK_TARGET,,129,129
240,15,Network Routing & Switching,network_isolation,CANDIDATE_CANONICAL,observe|normalize|compute|command|actuate|readback|attribute|measure|compare|restore|seal|reproduce,OPEN_UNTIL_EXECUTED,130,PROVISIONAL_NEEDS_CONCRETE_CONTRACT,name-level candidate; requires actuator/readback/restore/source-specific proof,CANONICAL_BENCHMARK_TARGET,,130,130
257,17,Storage Block/File/Object,volume_size,CANDIDATE_CANONICAL,observe|normalize|compute|command|actuate|readback|attribute|measure|compare|restore|seal|reproduce,OPEN_UNTIL_EXECUTED,131,PROVISIONAL_NEEDS_CONCRETE_CONTRACT,name-level candidate; requires actuator/readback/restore/source-specific proof,CANONICAL_BENCHMARK_TARGET,,131,131
259,17,Storage Block/File/Object,throughput_limit,CANDIDATE_CANONICAL,observe|normalize|compute|command|actuate|readback|attribute|measure|compare|restore|seal|reproduce,OPEN_UNTIL_EXECUTED,132,PROVISIONAL_NEEDS_CONCRETE_CONTRACT,name-level candidate; requires actuator/readback/restore/source-specific proof,CANONICAL_BENCHMARK_TARGET,,132,132
261,17,Storage Block/File/Object,storage_tier,CANDIDATE_CANONICAL,observe|normalize|compute|command|actuate|readback|attribute|measure|compare|restore|seal|reproduce,OPEN_UNTIL_EXECUTED,134,PROVISIONAL_NEEDS_CONCRETE_CONTRACT,name-level candidate; requires actuator/readback/restore/source-specific proof,CANONICAL_BENCHMARK_TARGET,,133,133
262,17,Storage Block/File/Object,volume_placement,CANDIDATE_CANONICAL,observe|normalize|compute|command|actuate|readback|attribute|measure|compare|restore|seal|reproduce,OPEN_UNTIL_EXECUTED,135,PROVISIONAL_NEEDS_CONCRETE_CONTRACT,name-level candidate; requires actuator/readback/restore/source-specific proof,CANONICAL_BENCHMARK_TARGET,,134,134
263,17,Storage Block/File/Object,snapshot_trigger,CANDIDATE_CANONICAL,observe|normalize|compute|command|actuate|readback|attribute|measure|compare|restore|seal|reproduce,OPEN_UNTIL_EXECUTED,136,PROVISIONAL_NEEDS_CONCRETE_CONTRACT,name-level candidate; requires actuator/readback/restore/source-specific proof,CANONICAL_BENCHMARK_TARGET,,135,135
264,17,Storage Block/File/Object,rebalance,CANDIDATE_CANONICAL,observe|normalize|compute|command|actuate|readback|attribute|measure|compare|restore|seal|reproduce,OPEN_UNTIL_EXECUTED,137,PROVISIONAL_NEEDS_CONCRETE_CONTRACT,name-level candidate; requires actuator/readback/restore/source-specific proof,CANONICAL_BENCHMARK_TARGET,,136,136
265,17,Storage Block/File/Object,recovery_rate,CANDIDATE_CANONICAL,observe|normalize|compute|command|actuate|readback|attribute|measure|compare|restore|seal|reproduce,OPEN_UNTIL_EXECUTED,138,PROVISIONAL_NEEDS_CONCRETE_CONTRACT,name-level candidate; requires actuator/readback/restore/source-specific proof,CANONICAL_BENCHMARK_TARGET,,137,137
266,17,Storage Block/File/Object,backfill_rate,CANDIDATE_CANONICAL,observe|normalize|compute|command|actuate|readback|attribute|measure|compare|restore|seal|reproduce,OPEN_UNTIL_EXECUTED,139,PROVISIONAL_NEEDS_CONCRETE_CONTRACT,name-level candidate; requires actuator/readback/restore/source-specific proof,CANONICAL_BENCHMARK_TARGET,,138,138
267,17,Storage Block/File/Object,compaction_pressure,CANDIDATE_CANONICAL,observe|normalize|compute|command|actuate|readback|attribute|measure|compare|restore|seal|reproduce,OPEN_UNTIL_EXECUTED,140,PROVISIONAL_NEEDS_CONCRETE_CONTRACT,name-level candidate; requires actuator/readback/restore/source-specific proof,CANONICAL_BENCHMARK_TARGET,,139,139
268,17,Storage Block/File/Object,cache_allocation,CANDIDATE_CANONICAL,observe|normalize|compute|command|actuate|readback|attribute|measure|compare|restore|seal|reproduce,OPEN_UNTIL_EXECUTED,141,PROVISIONAL_NEEDS_CONCRETE_CONTRACT,name-level candidate; requires actuator/readback/restore/source-specific proof,CANONICAL_BENCHMARK_TARGET,,140,140
269,17,Storage Block/File/Object,object_replication,CANDIDATE_CANONICAL,observe|normalize|compute|command|actuate|readback|attribute|measure|compare|restore|seal|reproduce,OPEN_UNTIL_EXECUTED,142,PROVISIONAL_NEEDS_CONCRETE_CONTRACT,name-level candidate; requires actuator/readback/restore/source-specific proof,CANONICAL_BENCHMARK_TARGET,,141,141
270,17,Storage Block/File/Object,erasure_code_profile,CANDIDATE_CANONICAL,observe|normalize|compute|command|actuate|readback|attribute|measure|compare|restore|seal|reproduce,OPEN_UNTIL_EXECUTED,143,PROVISIONAL_NEEDS_CONCRETE_CONTRACT,name-level candidate; requires actuator/readback/restore/source-specific proof,CANONICAL_BENCHMARK_TARGET,,142,142
271,17,Storage Block/File/Object,storage_admission,CANDIDATE_CANONICAL,observe|normalize|compute|command|actuate|readback|attribute|measure|compare|restore|seal|reproduce,OPEN_UNTIL_EXECUTED,144,PROVISIONAL_NEEDS_CONCRETE_CONTRACT,name-level candidate; requires actuator/readback/restore/source-specific proof,CANONICAL_BENCHMARK_TARGET,,143,143
272,17,Storage Block/File/Object,degraded_storage_gate,CANDIDATE_CANONICAL,observe|normalize|compute|command|actuate|readback|attribute|measure|compare|restore|seal|reproduce,OPEN_UNTIL_EXECUTED,145,PROVISIONAL_NEEDS_CONCRETE_CONTRACT,name-level candidate; requires actuator/readback/restore/source-specific proof,CANONICAL_BENCHMARK_TARGET,,144,144
529,34,"PDU, UPS & Electrical Distribution",server_power_cap,CANDIDATE_CANONICAL,observe|normalize|compute|command|actuate|readback|attribute|measure|compare|restore|seal|reproduce,OPEN_UNTIL_EXECUTED,146,PROVISIONAL_NEEDS_CONCRETE_CONTRACT,name-level candidate; requires actuator/readback/restore/source-specific proof,CANONICAL_BENCHMARK_TARGET,,145,145
531,34,"PDU, UPS & Electrical Distribution",pdu_branch_power_limit,CANDIDATE_CANONICAL,observe|normalize|compute|command|actuate|readback|attribute|measure|compare|restore|seal|reproduce,OPEN_UNTIL_EXECUTED,147,PROVISIONAL_NEEDS_CONCRETE_CONTRACT,name-level candidate; requires actuator/readback/restore/source-specific proof,CANONICAL_BENCHMARK_TARGET,,146,146
532,34,"PDU, UPS & Electrical Distribution",pdu_outlet_control,CANDIDATE_CANONICAL,observe|normalize|compute|command|actuate|readback|attribute|measure|compare|restore|seal|reproduce,OPEN_UNTIL_EXECUTED,148,PROVISIONAL_NEEDS_CONCRETE_CONTRACT,name-level candidate; requires actuator/readback/restore/source-specific proof,CANONICAL_BENCHMARK_TARGET,,147,147
534,34,"PDU, UPS & Electrical Distribution",ups_operating_mode,CANDIDATE_CANONICAL,observe|normalize|compute|command|actuate|readback|attribute|measure|compare|restore|seal|reproduce,OPEN_UNTIL_EXECUTED,150,PROVISIONAL_NEEDS_CONCRETE_CONTRACT,name-level candidate; requires actuator/readback/restore/source-specific proof,CANONICAL_BENCHMARK_TARGET,,148,148
535,34,"PDU, UPS & Electrical Distribution",ups_charge_rate,CANDIDATE_CANONICAL,observe|normalize|compute|command|actuate|readback|attribute|measure|compare|restore|seal|reproduce,OPEN_UNTIL_EXECUTED,151,PROVISIONAL_NEEDS_CONCRETE_CONTRACT,name-level candidate; requires actuator/readback/restore/source-specific proof,CANONICAL_BENCHMARK_TARGET,,149,149
536,34,"PDU, UPS & Electrical Distribution",ups_discharge_rate,CANDIDATE_CANONICAL,observe|normalize|compute|command|actuate|readback|attribute|measure|compare|restore|seal|reproduce,OPEN_UNTIL_EXECUTED,152,PROVISIONAL_NEEDS_CONCRETE_CONTRACT,name-level candidate; requires actuator/readback/restore/source-specific proof,CANONICAL_BENCHMARK_TARGET,,150,150
537,34,"PDU, UPS & Electrical Distribution",phase_balance,CANDIDATE_CANONICAL,observe|normalize|compute|command|actuate|readback|attribute|measure|compare|restore|seal|reproduce,OPEN_UNTIL_EXECUTED,153,PROVISIONAL_NEEDS_CONCRETE_CONTRACT,name-level candidate; requires actuator/readback/restore/source-specific proof,CANONICAL_BENCHMARK_TARGET,,151,151
538,34,"PDU, UPS & Electrical Distribution",load_transfer,CANDIDATE_CANONICAL,observe|normalize|compute|command|actuate|readback|attribute|measure|compare|restore|seal|reproduce,OPEN_UNTIL_EXECUTED,154,PROVISIONAL_NEEDS_CONCRETE_CONTRACT,name-level candidate; requires actuator/readback/restore/source-specific proof,CANONICAL_BENCHMARK_TARGET,,152,152
539,34,"PDU, UPS & Electrical Distribution",reactive_power_target,CANDIDATE_CANONICAL,observe|normalize|compute|command|actuate|readback|attribute|measure|compare|restore|seal|reproduce,OPEN_UNTIL_EXECUTED,155,PROVISIONAL_NEEDS_CONCRETE_CONTRACT,name-level candidate; requires actuator/readback/restore/source-specific proof,CANONICAL_BENCHMARK_TARGET,,153,153
540,34,"PDU, UPS & Electrical Distribution",voltage_target,CANDIDATE_CANONICAL,observe|normalize|compute|command|actuate|readback|attribute|measure|compare|restore|seal|reproduce,OPEN_UNTIL_EXECUTED,156,PROVISIONAL_NEEDS_CONCRETE_CONTRACT,name-level candidate; requires actuator/readback/restore/source-specific proof,CANONICAL_BENCHMARK_TARGET,,154,154
541,34,"PDU, UPS & Electrical Distribution",generator_dispatch,CANDIDATE_CANONICAL,observe|normalize|compute|command|actuate|readback|attribute|measure|compare|restore|seal|reproduce,OPEN_UNTIL_EXECUTED,157,PROVISIONAL_NEEDS_CONCRETE_CONTRACT,name-level candidate; requires actuator/readback/restore/source-specific proof,CANONICAL_BENCHMARK_TARGET,,155,155
542,34,"PDU, UPS & Electrical Distribution",electrical_isolation,CANDIDATE_CANONICAL,observe|normalize|compute|command|actuate|readback|attribute|measure|compare|restore|seal|reproduce,OPEN_UNTIL_EXECUTED,158,PROVISIONAL_NEEDS_CONCRETE_CONTRACT,name-level candidate; requires actuator/readback/restore/source-specific proof,CANONICAL_BENCHMARK_TARGET,,156,156
543,34,"PDU, UPS & Electrical Distribution",breaker_trip_gate,CANDIDATE_CANONICAL,observe|normalize|compute|command|actuate|readback|attribute|measure|compare|restore|seal|reproduce,OPEN_UNTIL_EXECUTED,159,PROVISIONAL_NEEDS_CONCRETE_CONTRACT,name-level candidate; requires actuator/readback/restore/source-specific proof,CANONICAL_BENCHMARK_TARGET,,157,157
545,35,"Cooling, Chillers & Thermodynamics",supply_air_temperature,CANDIDATE_CANONICAL,observe|normalize|compute|command|actuate|readback|attribute|measure|compare|restore|seal|reproduce,OPEN_UNTIL_EXECUTED,161,PROVISIONAL_NEEDS_CONCRETE_CONTRACT,name-level candidate; requires actuator/readback/restore/source-specific proof,CANONICAL_BENCHMARK_TARGET,,158,158
546,35,"Cooling, Chillers & Thermodynamics",return_air_target,CANDIDATE_CANONICAL,observe|normalize|compute|command|actuate|readback|attribute|measure|compare|restore|seal|reproduce,OPEN_UNTIL_EXECUTED,162,PROVISIONAL_NEEDS_CONCRETE_CONTRACT,name-level candidate; requires actuator/readback/restore/source-specific proof,CANONICAL_BENCHMARK_TARGET,,159,159
547,35,"Cooling, Chillers & Thermodynamics",coolant_supply_temperature,CANDIDATE_CANONICAL,observe|normalize|compute|command|actuate|readback|attribute|measure|compare|restore|seal|reproduce,OPEN_UNTIL_EXECUTED,163,PROVISIONAL_NEEDS_CONCRETE_CONTRACT,name-level candidate; requires actuator/readback/restore/source-specific proof,CANONICAL_BENCHMARK_TARGET,,160,160
548,35,"Cooling, Chillers & Thermodynamics",coolant_flow,CANDIDATE_CANONICAL,observe|normalize|compute|command|actuate|readback|attribute|measure|compare|restore|seal|reproduce,OPEN_UNTIL_EXECUTED,164,PROVISIONAL_NEEDS_CONCRETE_CONTRACT,name-level candidate; requires actuator/readback/restore/source-specific proof,CANONICAL_BENCHMARK_TARGET,,161,161
549,35,"Cooling, Chillers & Thermodynamics",pump_speed,CANDIDATE_CANONICAL,observe|normalize|compute|command|actuate|readback|attribute|measure|compare|restore|seal|reproduce,OPEN_UNTIL_EXECUTED,165,PROVISIONAL_NEEDS_CONCRETE_CONTRACT,name-level candidate; requires actuator/readback/restore/source-specific proof,CANONICAL_BENCHMARK_TARGET,,162,162
550,35,"Cooling, Chillers & Thermodynamics",fan_speed,CANDIDATE_CANONICAL,observe|normalize|compute|command|actuate|readback|attribute|measure|compare|restore|seal|reproduce,OPEN_UNTIL_EXECUTED,166,PROVISIONAL_NEEDS_CONCRETE_CONTRACT,name-level candidate; requires actuator/readback/restore/source-specific proof,CANONICAL_BENCHMARK_TARGET,,163,163
551,35,"Cooling, Chillers & Thermodynamics",chiller_setpoint,CANDIDATE_CANONICAL,observe|normalize|compute|command|actuate|readback|attribute|measure|compare|restore|seal|reproduce,OPEN_UNTIL_EXECUTED,167,PROVISIONAL_NEEDS_CONCRETE_CONTRACT,name-level candidate; requires actuator/readback/restore/source-specific proof,CANONICAL_BENCHMARK_TARGET,,164,164
552,35,"Cooling, Chillers & Thermodynamics",compressor_authority,CANDIDATE_CANONICAL,observe|normalize|compute|command|actuate|readback|attribute|measure|compare|restore|seal|reproduce,OPEN_UNTIL_EXECUTED,168,PROVISIONAL_NEEDS_CONCRETE_CONTRACT,name-level candidate; requires actuator/readback/restore/source-specific proof,CANONICAL_BENCHMARK_TARGET,,165,165
553,35,"Cooling, Chillers & Thermodynamics",cooling_tower_fan,CANDIDATE_CANONICAL,observe|normalize|compute|command|actuate|readback|attribute|measure|compare|restore|seal|reproduce,OPEN_UNTIL_EXECUTED,169,PROVISIONAL_NEEDS_CONCRETE_CONTRACT,name-level candidate; requires actuator/readback/restore/source-specific proof,CANONICAL_BENCHMARK_TARGET,,166,166
554,35,"Cooling, Chillers & Thermodynamics",cooling_capacity,CANDIDATE_CANONICAL,observe|normalize|compute|command|actuate|readback|attribute|measure|compare|restore|seal|reproduce,OPEN_UNTIL_EXECUTED,170,PROVISIONAL_NEEDS_CONCRETE_CONTRACT,name-level candidate; requires actuator/readback/restore/source-specific proof,CANONICAL_BENCHMARK_TARGET,,167,167
555,35,"Cooling, Chillers & Thermodynamics",rack_thermal_budget,CANDIDATE_CANONICAL,observe|normalize|compute|command|actuate|readback|attribute|measure|compare|restore|seal|reproduce,OPEN_UNTIL_EXECUTED,171,PROVISIONAL_NEEDS_CONCRETE_CONTRACT,name-level candidate; requires actuator/readback/restore/source-specific proof,CANONICAL_BENCHMARK_TARGET,,168,168
556,35,"Cooling, Chillers & Thermodynamics",gpu_thermal_envelope,CANDIDATE_CANONICAL,observe|normalize|compute|command|actuate|readback|attribute|measure|compare|restore|seal|reproduce,OPEN_UNTIL_EXECUTED,172,PROVISIONAL_NEEDS_CONCRETE_CONTRACT,name-level candidate; requires actuator/readback/restore/source-specific proof,CANONICAL_BENCHMARK_TARGET,,169,169
557,35,"Cooling, Chillers & Thermodynamics",cpu_thermal_envelope,CANDIDATE_CANONICAL,observe|normalize|compute|command|actuate|readback|attribute|measure|compare|restore|seal|reproduce,OPEN_UNTIL_EXECUTED,173,PROVISIONAL_NEEDS_CONCRETE_CONTRACT,name-level candidate; requires actuator/readback/restore/source-specific proof,CANONICAL_BENCHMARK_TARGET,,170,170
558,35,"Cooling, Chillers & Thermodynamics",thermal_workload_migrate,CANDIDATE_CANONICAL,observe|normalize|compute|command|actuate|readback|attribute|measure|compare|restore|seal|reproduce,OPEN_UNTIL_EXECUTED,174,PROVISIONAL_NEEDS_CONCRETE_CONTRACT,name-level candidate; requires actuator/readback/restore/source-specific proof,CANONICAL_BENCHMARK_TARGET,,171,171
559,35,"Cooling, Chillers & Thermodynamics",thermal_load_shed,CANDIDATE_CANONICAL,observe|normalize|compute|command|actuate|readback|attribute|measure|compare|restore|seal|reproduce,OPEN_UNTIL_EXECUTED,175,PROVISIONAL_NEEDS_CONCRETE_CONTRACT,name-level candidate; requires actuator/readback/restore/source-specific proof,CANONICAL_BENCHMARK_TARGET,,172,172
177,12,AI Training,training_workers,CANDIDATE_CANONICAL,observe|normalize|compute|command|actuate|readback|attribute|measure|compare|restore|seal|reproduce,OPEN_UNTIL_EXECUTED,177,PROVISIONAL_NEEDS_CONCRETE_CONTRACT,name-level candidate; requires actuator/readback/restore/source-specific proof,CANONICAL_BENCHMARK_TARGET,,173,173
178,12,AI Training,global_batch_size,CANDIDATE_CANONICAL,observe|normalize|compute|command|actuate|readback|attribute|measure|compare|restore|seal|reproduce,OPEN_UNTIL_EXECUTED,178,PROVISIONAL_NEEDS_CONCRETE_CONTRACT,name-level candidate; requires actuator/readback/restore/source-specific proof,CANONICAL_BENCHMARK_TARGET,,174,174
179,12,AI Training,microbatch_size,CANDIDATE_CANONICAL,observe|normalize|compute|command|actuate|readback|attribute|measure|compare|restore|seal|reproduce,OPEN_UNTIL_EXECUTED,179,PROVISIONAL_NEEDS_CONCRETE_CONTRACT,name-level candidate; requires actuator/readback/restore/source-specific proof,CANONICAL_BENCHMARK_TARGET,,175,175
180,12,AI Training,gradient_accumulation,CANDIDATE_CANONICAL,observe|normalize|compute|command|actuate|readback|attribute|measure|compare|restore|seal|reproduce,OPEN_UNTIL_EXECUTED,180,PROVISIONAL_NEEDS_CONCRETE_CONTRACT,name-level candidate; requires actuator/readback/restore/source-specific proof,CANONICAL_BENCHMARK_TARGET,,176,176
181,12,AI Training,data_parallelism,CANDIDATE_CANONICAL,observe|normalize|compute|command|actuate|readback|attribute|measure|compare|restore|seal|reproduce,OPEN_UNTIL_EXECUTED,181,PROVISIONAL_NEEDS_CONCRETE_CONTRACT,name-level candidate; requires actuator/readback/restore/source-specific proof,CANONICAL_BENCHMARK_TARGET,,177,177
182,12,AI Training,tensor_parallelism,CANDIDATE_CANONICAL,observe|normalize|compute|command|actuate|readback|attribute|measure|compare|restore|seal|reproduce,OPEN_UNTIL_EXECUTED,182,PROVISIONAL_NEEDS_CONCRETE_CONTRACT,name-level candidate; requires actuator/readback/restore/source-specific proof,CANONICAL_BENCHMARK_TARGET,,178,178
183,12,AI Training,pipeline_parallelism,CANDIDATE_CANONICAL,observe|normalize|compute|command|actuate|readback|attribute|measure|compare|restore|seal|reproduce,OPEN_UNTIL_EXECUTED,183,PROVISIONAL_NEEDS_CONCRETE_CONTRACT,name-level candidate; requires actuator/readback/restore/source-specific proof,CANONICAL_BENCHMARK_TARGET,,179,179
184,12,AI Training,expert_parallelism,CANDIDATE_CANONICAL,observe|normalize|compute|command|actuate|readback|attribute|measure|compare|restore|seal|reproduce,OPEN_UNTIL_EXECUTED,184,PROVISIONAL_NEEDS_CONCRETE_CONTRACT,name-level candidate; requires actuator/readback/restore/source-specific proof,CANONICAL_BENCHMARK_TARGET,,180,180
185,12,AI Training,checkpoint_interval,CANDIDATE_CANONICAL,observe|normalize|compute|command|actuate|readback|attribute|measure|compare|restore|seal|reproduce,OPEN_UNTIL_EXECUTED,185,PROVISIONAL_NEEDS_CONCRETE_CONTRACT,name-level candidate; requires actuator/readback/restore/source-specific proof,CANONICAL_BENCHMARK_TARGET,,181,181
186,12,AI Training,checkpoint_trigger,CANDIDATE_CANONICAL,observe|normalize|compute|command|actuate|readback|attribute|measure|compare|restore|seal|reproduce,OPEN_UNTIL_EXECUTED,186,PROVISIONAL_NEEDS_CONCRETE_CONTRACT,name-level candidate; requires actuator/readback/restore/source-specific proof,CANONICAL_BENCHMARK_TARGET,,182,182
187,12,AI Training,training_preempt,CANDIDATE_CANONICAL,observe|normalize|compute|command|actuate|readback|attribute|measure|compare|restore|seal|reproduce,OPEN_UNTIL_EXECUTED,187,PROVISIONAL_NEEDS_CONCRETE_CONTRACT,name-level candidate; requires actuator/readback/restore/source-specific proof,CANONICAL_BENCHMARK_TARGET,,183,183
188,12,AI Training,training_gang_size,CANDIDATE_CANONICAL,observe|normalize|compute|command|actuate|readback|attribute|measure|compare|restore|seal|reproduce,OPEN_UNTIL_EXECUTED,188,PROVISIONAL_NEEDS_CONCRETE_CONTRACT,name-level candidate; requires actuator/readback/restore/source-specific proof,CANONICAL_BENCHMARK_TARGET,,184,184
189,12,AI Training,elastic_worker_count,CANDIDATE_CANONICAL,observe|normalize|compute|command|actuate|readback|attribute|measure|compare|restore|seal|reproduce,OPEN_UNTIL_EXECUTED,189,PROVISIONAL_NEEDS_CONCRETE_CONTRACT,name-level candidate; requires actuator/readback/restore/source-specific proof,CANONICAL_BENCHMARK_TARGET,,185,185
190,12,AI Training,straggler_mitigation,CANDIDATE_CANONICAL,observe|normalize|compute|command|actuate|readback|attribute|measure|compare|restore|seal|reproduce,OPEN_UNTIL_EXECUTED,190,PROVISIONAL_NEEDS_CONCRETE_CONTRACT,name-level candidate; requires actuator/readback/restore/source-specific proof,CANONICAL_BENCHMARK_TARGET,,186,186
191,12,AI Training,training_precision,CANDIDATE_CANONICAL,observe|normalize|compute|command|actuate|readback|attribute|measure|compare|restore|seal|reproduce,OPEN_UNTIL_EXECUTED,191,PROVISIONAL_NEEDS_CONCRETE_CONTRACT,name-level candidate; requires actuator/readback/restore/source-specific proof,CANONICAL_BENCHMARK_TARGET,,187,187
192,12,AI Training,compute_comm_overlap,CANDIDATE_CANONICAL,observe|normalize|compute|command|actuate|readback|attribute|measure|compare|restore|seal|reproduce,OPEN_UNTIL_EXECUTED,192,PROVISIONAL_NEEDS_CONCRETE_CONTRACT,name-level candidate; requires actuator/readback/restore/source-specific proof,CANONICAL_BENCHMARK_TARGET,,188,188
145,10,GPU Fabric & RDMA,nvlink_placement,CANDIDATE_CANONICAL,observe|normalize|compute|command|actuate|readback|attribute|measure|compare|restore|seal|reproduce,OPEN_UNTIL_EXECUTED,193,PROVISIONAL_NEEDS_CONCRETE_CONTRACT,name-level candidate; requires actuator/readback/restore/source-specific proof,CANONICAL_BENCHMARK_TARGET,,189,189
146,10,GPU Fabric & RDMA,nvswitch_route,CANDIDATE_CANONICAL,observe|normalize|compute|command|actuate|readback|attribute|measure|compare|restore|seal|reproduce,OPEN_UNTIL_EXECUTED,194,PROVISIONAL_NEEDS_CONCRETE_CONTRACT,name-level candidate; requires actuator/readback/restore/source-specific proof,CANONICAL_BENCHMARK_TARGET,,190,190
147,10,GPU Fabric & RDMA,gpu_fabric_quarantine,CANDIDATE_CANONICAL,observe|normalize|compute|command|actuate|readback|attribute|measure|compare|restore|seal|reproduce,OPEN_UNTIL_EXECUTED,195,PROVISIONAL_NEEDS_CONCRETE_CONTRACT,name-level candidate; requires actuator/readback/restore/source-specific proof,CANONICAL_BENCHMARK_TARGET,,191,191
148,10,GPU Fabric & RDMA,rdma_bandwidth,CANDIDATE_CANONICAL,observe|normalize|compute|command|actuate|readback|attribute|measure|compare|restore|seal|reproduce,OPEN_UNTIL_EXECUTED,196,PROVISIONAL_NEEDS_CONCRETE_CONTRACT,name-level candidate; requires actuator/readback/restore/source-specific proof,CANONICAL_BENCHMARK_TARGET,,192,192
149,10,GPU Fabric & RDMA,rdma_route,CANDIDATE_CANONICAL,observe|normalize|compute|command|actuate|readback|attribute|measure|compare|restore|seal|reproduce,OPEN_UNTIL_EXECUTED,197,PROVISIONAL_NEEDS_CONCRETE_CONTRACT,name-level candidate; requires actuator/readback/restore/source-specific proof,CANONICAL_BENCHMARK_TARGET,,193,193
150,10,GPU Fabric & RDMA,nic_affinity,CANDIDATE_CANONICAL,observe|normalize|compute|command|actuate|readback|attribute|measure|compare|restore|seal|reproduce,OPEN_UNTIL_EXECUTED,198,PROVISIONAL_NEEDS_CONCRETE_CONTRACT,name-level candidate; requires actuator/readback/restore/source-specific proof,CANONICAL_BENCHMARK_TARGET,,194,194
151,10,GPU Fabric & RDMA,collective_concurrency,CANDIDATE_CANONICAL,observe|normalize|compute|command|actuate|readback|attribute|measure|compare|restore|seal|reproduce,OPEN_UNTIL_EXECUTED,199,PROVISIONAL_NEEDS_CONCRETE_CONTRACT,name-level candidate; requires actuator/readback/restore/source-specific proof,CANONICAL_BENCHMARK_TARGET,,195,195
152,10,GPU Fabric & RDMA,collective_algorithm,CANDIDATE_CANONICAL,observe|normalize|compute|command|actuate|readback|attribute|measure|compare|restore|seal|reproduce,OPEN_UNTIL_EXECUTED,200,PROVISIONAL_NEEDS_CONCRETE_CONTRACT,name-level candidate; requires actuator/readback/restore/source-specific proof,CANONICAL_BENCHMARK_TARGET,,196,196
153,10,GPU Fabric & RDMA,collective_chunk_size,CANDIDATE_CANONICAL,observe|normalize|compute|command|actuate|readback|attribute|measure|compare|restore|seal|reproduce,OPEN_UNTIL_EXECUTED,201,PROVISIONAL_NEEDS_CONCRETE_CONTRACT,name-level candidate; requires actuator/readback/restore/source-specific proof,CANONICAL_BENCHMARK_TARGET,,197,197
154,10,GPU Fabric & RDMA,rank_placement,CANDIDATE_CANONICAL,observe|normalize|compute|command|actuate|readback|attribute|measure|compare|restore|seal|reproduce,OPEN_UNTIL_EXECUTED,202,PROVISIONAL_NEEDS_CONCRETE_CONTRACT,name-level candidate; requires actuator/readback/restore/source-specific proof,CANONICAL_BENCHMARK_TARGET,,198,198
155,10,GPU Fabric & RDMA,gpudirect_policy,CANDIDATE_CANONICAL,observe|normalize|compute|command|actuate|readback|attribute|measure|compare|restore|seal|reproduce,OPEN_UNTIL_EXECUTED,203,PROVISIONAL_NEEDS_CONCRETE_CONTRACT,name-level candidate; requires actuator/readback/restore/source-specific proof,CANONICAL_BENCHMARK_TARGET,,199,199
156,10,GPU Fabric & RDMA,congestion_response,CANDIDATE_CANONICAL,observe|normalize|compute|command|actuate|readback|attribute|measure|compare|restore|seal|reproduce,OPEN_UNTIL_EXECUTED,204,PROVISIONAL_NEEDS_CONCRETE_CONTRACT,name-level candidate; requires actuator/readback/restore/source-specific proof,CANONICAL_BENCHMARK_TARGET,,200,200
157,10,GPU Fabric & RDMA,rail_selection,CANDIDATE_CANONICAL,observe|normalize|compute|command|actuate|readback|attribute|measure|compare|restore|seal|reproduce,OPEN_UNTIL_EXECUTED,205,PROVISIONAL_NEEDS_CONCRETE_CONTRACT,name-level candidate; requires actuator/readback/restore/source-specific proof,CANONICAL_BENCHMARK_TARGET,,201,201
158,10,GPU Fabric & RDMA,fabric_failover,CANDIDATE_CANONICAL,observe|normalize|compute|command|actuate|readback|attribute|measure|compare|restore|seal|reproduce,OPEN_UNTIL_EXECUTED,206,PROVISIONAL_NEEDS_CONCRETE_CONTRACT,name-level candidate; requires actuator/readback/restore/source-specific proof,CANONICAL_BENCHMARK_TARGET,,202,202
159,10,GPU Fabric & RDMA,communication_priority,CANDIDATE_CANONICAL,observe|normalize|compute|command|actuate|readback|attribute|measure|compare|restore|seal|reproduce,OPEN_UNTIL_EXECUTED,207,PROVISIONAL_NEEDS_CONCRETE_CONTRACT,name-level candidate; requires actuator/readback/restore/source-specific proof,CANONICAL_BENCHMARK_TARGET,,203,203
160,10,GPU Fabric & RDMA,fabric_isolation,CANDIDATE_CANONICAL,observe|normalize|compute|command|actuate|readback|attribute|measure|compare|restore|seal|reproduce,OPEN_UNTIL_EXECUTED,208,PROVISIONAL_NEEDS_CONCRETE_CONTRACT,name-level candidate; requires actuator/readback/restore/source-specific proof,CANONICAL_BENCHMARK_TARGET,,204,204
1,1,Work Admission & Demand Shaping,api_concurrency,CANDIDATE_CANONICAL,observe|normalize|compute|command|actuate|readback|attribute|measure|compare|restore|seal|reproduce,OPEN_UNTIL_EXECUTED,209,MERGE_REVIEW,semantic authority overlap with service_concurrency,CANONICAL_BENCHMARK_TARGET,,205,205
2,1,Work Admission & Demand Shaping,queue_concurrency,CANDIDATE_CANONICAL,observe|normalize|compute|command|actuate|readback|attribute|measure|compare|restore|seal|reproduce,OPEN_UNTIL_EXECUTED,210,PROVISIONAL_NEEDS_CONCRETE_CONTRACT,name-level candidate; requires actuator/readback/restore/source-specific proof,CANONICAL_BENCHMARK_TARGET,,206,206
3,1,Work Admission & Demand Shaping,queue_backpressure,CANDIDATE_CANONICAL,observe|normalize|compute|command|actuate|readback|attribute|measure|compare|restore|seal|reproduce,OPEN_UNTIL_EXECUTED,211,PROVISIONAL_NEEDS_CONCRETE_CONTRACT,name-level candidate; requires actuator/readback/restore/source-specific proof,CANONICAL_BENCHMARK_TARGET,,207,207
4,1,Work Admission & Demand Shaping,job_admission,CANDIDATE_CANONICAL,observe|normalize|compute|command|actuate|readback|attribute|measure|compare|restore|seal|reproduce,OPEN_UNTIL_EXECUTED,212,PROVISIONAL_NEEDS_CONCRETE_CONTRACT,name-level candidate; requires actuator/readback/restore/source-specific proof,CANONICAL_BENCHMARK_TARGET,,208,208
5,1,Work Admission & Demand Shaping,batch_admission,CANDIDATE_CANONICAL,observe|normalize|compute|command|actuate|readback|attribute|measure|compare|restore|seal|reproduce,OPEN_UNTIL_EXECUTED,213,PROVISIONAL_NEEDS_CONCRETE_CONTRACT,name-level candidate; requires actuator/readback/restore/source-specific proof,CANONICAL_BENCHMARK_TARGET,,209,209
6,1,Work Admission & Demand Shaping,inference_admission,CANDIDATE_CANONICAL,observe|normalize|compute|command|actuate|readback|attribute|measure|compare|restore|seal|reproduce,OPEN_UNTIL_EXECUTED,214,PROVISIONAL_NEEDS_CONCRETE_CONTRACT,name-level candidate; requires actuator/readback/restore/source-specific proof,CANONICAL_BENCHMARK_TARGET,,210,210
7,1,Work Admission & Demand Shaping,load_shed,CANDIDATE_CANONICAL,observe|normalize|compute|command|actuate|readback|attribute|measure|compare|restore|seal|reproduce,OPEN_UNTIL_EXECUTED,215,MERGE_REVIEW,semantic authority overlap with thermal_load_shed,CANONICAL_BENCHMARK_TARGET,,211,211
8,1,Work Admission & Demand Shaping,priority_gate,CANDIDATE_CANONICAL,observe|normalize|compute|command|actuate|readback|attribute|measure|compare|restore|seal|reproduce,OPEN_UNTIL_EXECUTED,216,PROVISIONAL_NEEDS_CONCRETE_CONTRACT,name-level candidate; requires actuator/readback/restore/source-specific proof,CANONICAL_BENCHMARK_TARGET,,212,212
9,1,Work Admission & Demand Shaping,tenant_admission,CANDIDATE_CANONICAL,observe|normalize|compute|command|actuate|readback|attribute|measure|compare|restore|seal|reproduce,OPEN_UNTIL_EXECUTED,217,PROVISIONAL_NEEDS_CONCRETE_CONTRACT,name-level candidate; requires actuator/readback/restore/source-specific proof,CANONICAL_BENCHMARK_TARGET,,213,213
10,1,Work Admission & Demand Shaping,burst_limit,CANDIDATE_CANONICAL,observe|normalize|compute|command|actuate|readback|attribute|measure|compare|restore|seal|reproduce,OPEN_UNTIL_EXECUTED,218,PROVISIONAL_NEEDS_CONCRETE_CONTRACT,name-level candidate; requires actuator/readback/restore/source-specific proof,CANONICAL_BENCHMARK_TARGET,,214,214
11,1,Work Admission & Demand Shaping,deadline_admission,CANDIDATE_CANONICAL,observe|normalize|compute|command|actuate|readback|attribute|measure|compare|restore|seal|reproduce,OPEN_UNTIL_EXECUTED,219,PROVISIONAL_NEEDS_CONCRETE_CONTRACT,name-level candidate; requires actuator/readback/restore/source-specific proof,CANONICAL_BENCHMARK_TARGET,,215,215
12,1,Work Admission & Demand Shaping,work_budget,CANDIDATE_CANONICAL,observe|normalize|compute|command|actuate|readback|attribute|measure|compare|restore|seal|reproduce,OPEN_UNTIL_EXECUTED,220,PROVISIONAL_NEEDS_CONCRETE_CONTRACT,name-level candidate; requires actuator/readback/restore/source-specific proof,CANONICAL_BENCHMARK_TARGET,,216,216
13,1,Work Admission & Demand Shaping,request_queue_limit,CANDIDATE_CANONICAL,observe|normalize|compute|command|actuate|readback|attribute|measure|compare|restore|seal|reproduce,OPEN_UNTIL_EXECUTED,221,PROVISIONAL_NEEDS_CONCRETE_CONTRACT,name-level candidate; requires actuator/readback/restore/source-specific proof,CANONICAL_BENCHMARK_TARGET,,217,217
14,1,Work Admission & Demand Shaping,retry_admission,CANDIDATE_CANONICAL,observe|normalize|compute|command|actuate|readback|attribute|measure|compare|restore|seal|reproduce,OPEN_UNTIL_EXECUTED,222,MERGE_REVIEW,semantic authority overlap with payment_retry,CANONICAL_BENCHMARK_TARGET,,218,218
15,1,Work Admission & Demand Shaping,background_work_gate,CANDIDATE_CANONICAL,observe|normalize|compute|command|actuate|readback|attribute|measure|compare|restore|seal|reproduce,OPEN_UNTIL_EXECUTED,223,PROVISIONAL_NEEDS_CONCRETE_CONTRACT,name-level candidate; requires actuator/readback/restore/source-specific proof,CANONICAL_BENCHMARK_TARGET,,219,219
16,1,Work Admission & Demand Shaping,maintenance_work_gate,CANDIDATE_CANONICAL,observe|normalize|compute|command|actuate|readback|attribute|measure|compare|restore|seal|reproduce,OPEN_UNTIL_EXECUTED,224,PROVISIONAL_NEEDS_CONCRETE_CONTRACT,name-level candidate; requires actuator/readback/restore/source-specific proof,CANONICAL_BENCHMARK_TARGET,,220,220
97,7,Cloud VM & Capacity,vm_count,CANDIDATE_CANONICAL,observe|normalize|compute|command|actuate|readback|attribute|measure|compare|restore|seal|reproduce,OPEN_UNTIL_EXECUTED,225,PROVISIONAL_NEEDS_CONCRETE_CONTRACT,name-level candidate; requires actuator/readback/restore/source-specific proof,CANONICAL_BENCHMARK_TARGET,,221,221
98,7,Cloud VM & Capacity,vm_size,CANDIDATE_CANONICAL,observe|normalize|compute|command|actuate|readback|attribute|measure|compare|restore|seal|reproduce,OPEN_UNTIL_EXECUTED,226,PROVISIONAL_NEEDS_CONCRETE_CONTRACT,name-level candidate; requires actuator/readback/restore/source-specific proof,CANONICAL_BENCHMARK_TARGET,,222,222
99,7,Cloud VM & Capacity,vm_start_stop,CANDIDATE_CANONICAL,observe|normalize|compute|command|actuate|readback|attribute|measure|compare|restore|seal|reproduce,OPEN_UNTIL_EXECUTED,227,PROVISIONAL_NEEDS_CONCRETE_CONTRACT,name-level candidate; requires actuator/readback/restore/source-specific proof,CANONICAL_BENCHMARK_TARGET,,223,223
100,7,Cloud VM & Capacity,vm_migrate,CANDIDATE_CANONICAL,observe|normalize|compute|command|actuate|readback|attribute|measure|compare|restore|seal|reproduce,OPEN_UNTIL_EXECUTED,228,PROVISIONAL_NEEDS_CONCRETE_CONTRACT,name-level candidate; requires actuator/readback/restore/source-specific proof,CANONICAL_BENCHMARK_TARGET,,224,224
101,7,Cloud VM & Capacity,instance_family,CANDIDATE_CANONICAL,observe|normalize|compute|command|actuate|readback|attribute|measure|compare|restore|seal|reproduce,OPEN_UNTIL_EXECUTED,229,PROVISIONAL_NEEDS_CONCRETE_CONTRACT,name-level candidate; requires actuator/readback/restore/source-specific proof,CANONICAL_BENCHMARK_TARGET,,225,225
102,7,Cloud VM & Capacity,asg_min,CANDIDATE_CANONICAL,observe|normalize|compute|command|actuate|readback|attribute|measure|compare|restore|seal|reproduce,OPEN_UNTIL_EXECUTED,230,PROVISIONAL_NEEDS_CONCRETE_CONTRACT,name-level candidate; requires actuator/readback/restore/source-specific proof,CANONICAL_BENCHMARK_TARGET,,226,226
103,7,Cloud VM & Capacity,asg_max,CANDIDATE_CANONICAL,observe|normalize|compute|command|actuate|readback|attribute|measure|compare|restore|seal|reproduce,OPEN_UNTIL_EXECUTED,231,PROVISIONAL_NEEDS_CONCRETE_CONTRACT,name-level candidate; requires actuator/readback/restore/source-specific proof,CANONICAL_BENCHMARK_TARGET,,227,227
104,7,Cloud VM & Capacity,spot_mix,CANDIDATE_CANONICAL,observe|normalize|compute|command|actuate|readback|attribute|measure|compare|restore|seal|reproduce,OPEN_UNTIL_EXECUTED,232,PROVISIONAL_NEEDS_CONCRETE_CONTRACT,name-level candidate; requires actuator/readback/restore/source-specific proof,CANONICAL_BENCHMARK_TARGET,,228,228
105,7,Cloud VM & Capacity,reservation_mix,CANDIDATE_CANONICAL,observe|normalize|compute|command|actuate|readback|attribute|measure|compare|restore|seal|reproduce,OPEN_UNTIL_EXECUTED,233,PROVISIONAL_NEEDS_CONCRETE_CONTRACT,name-level candidate; requires actuator/readback/restore/source-specific proof,CANONICAL_BENCHMARK_TARGET,,229,229
106,7,Cloud VM & Capacity,zone_selection,CANDIDATE_CANONICAL,observe|normalize|compute|command|actuate|readback|attribute|measure|compare|restore|seal|reproduce,OPEN_UNTIL_EXECUTED,234,PROVISIONAL_NEEDS_CONCRETE_CONTRACT,name-level candidate; requires actuator/readback/restore/source-specific proof,CANONICAL_BENCHMARK_TARGET,,230,230
107,7,Cloud VM & Capacity,region_selection,CANDIDATE_CANONICAL,observe|normalize|compute|command|actuate|readback|attribute|measure|compare|restore|seal|reproduce,OPEN_UNTIL_EXECUTED,235,PROVISIONAL_NEEDS_CONCRETE_CONTRACT,name-level candidate; requires actuator/readback/restore/source-specific proof,CANONICAL_BENCHMARK_TARGET,,231,231
108,7,Cloud VM & Capacity,architecture_selection,CANDIDATE_CANONICAL,observe|normalize|compute|command|actuate|readback|attribute|measure|compare|restore|seal|reproduce,OPEN_UNTIL_EXECUTED,236,PROVISIONAL_NEEDS_CONCRETE_CONTRACT,name-level candidate; requires actuator/readback/restore/source-specific proof,CANONICAL_BENCHMARK_TARGET,,232,232
109,7,Cloud VM & Capacity,accelerator_selection,CANDIDATE_CANONICAL,observe|normalize|compute|command|actuate|readback|attribute|measure|compare|restore|seal|reproduce,OPEN_UNTIL_EXECUTED,237,PROVISIONAL_NEEDS_CONCRETE_CONTRACT,name-level candidate; requires actuator/readback/restore/source-specific proof,CANONICAL_BENCHMARK_TARGET,,233,233
110,7,Cloud VM & Capacity,boot_disk_class,CANDIDATE_CANONICAL,observe|normalize|compute|command|actuate|readback|attribute|measure|compare|restore|seal|reproduce,OPEN_UNTIL_EXECUTED,238,PROVISIONAL_NEEDS_CONCRETE_CONTRACT,name-level candidate; requires actuator/readback/restore/source-specific proof,CANONICAL_BENCHMARK_TARGET,,234,234
111,7,Cloud VM & Capacity,placement_group,CANDIDATE_CANONICAL,observe|normalize|compute|command|actuate|readback|attribute|measure|compare|restore|seal|reproduce,OPEN_UNTIL_EXECUTED,239,PROVISIONAL_NEEDS_CONCRETE_CONTRACT,name-level candidate; requires actuator/readback/restore/source-specific proof,CANONICAL_BENCHMARK_TARGET,,235,235
112,7,Cloud VM & Capacity,interruption_response,CANDIDATE_CANONICAL,observe|normalize|compute|command|actuate|readback|attribute|measure|compare|restore|seal|reproduce,OPEN_UNTIL_EXECUTED,240,PROVISIONAL_NEEDS_CONCRETE_CONTRACT,name-level candidate; requires actuator/readback/restore/source-specific proof,CANONICAL_BENCHMARK_TARGET,,236,236
273,18,Database & Transactions,db_replicas,CANDIDATE_CANONICAL,observe|normalize|compute|command|actuate|readback|attribute|measure|compare|restore|seal|reproduce,OPEN_UNTIL_EXECUTED,241,PROVISIONAL_NEEDS_CONCRETE_CONTRACT,name-level candidate; requires actuator/readback/restore/source-specific proof,CANONICAL_BENCHMARK_TARGET,,237,237
275,18,Database & Transactions,db_memory,CANDIDATE_CANONICAL,observe|normalize|compute|command|actuate|readback|attribute|measure|compare|restore|seal|reproduce,OPEN_UNTIL_EXECUTED,243,PROVISIONAL_NEEDS_CONCRETE_CONTRACT,name-level candidate; requires actuator/readback/restore/source-specific proof,CANONICAL_BENCHMARK_TARGET,,238,238
276,18,Database & Transactions,db_cache,CANDIDATE_CANONICAL,observe|normalize|compute|command|actuate|readback|attribute|measure|compare|restore|seal|reproduce,OPEN_UNTIL_EXECUTED,244,PROVISIONAL_NEEDS_CONCRETE_CONTRACT,name-level candidate; requires actuator/readback/restore/source-specific proof,CANONICAL_BENCHMARK_TARGET,,239,239
277,18,Database & Transactions,query_concurrency,CANDIDATE_CANONICAL,observe|normalize|compute|command|actuate|readback|attribute|measure|compare|restore|seal|reproduce,OPEN_UNTIL_EXECUTED,245,MERGE_REVIEW,semantic authority overlap with query_slots,CANONICAL_BENCHMARK_TARGET,,240,240
278,18,Database & Transactions,read_route,CANDIDATE_CANONICAL,observe|normalize|compute|command|actuate|readback|attribute|measure|compare|restore|seal|reproduce,OPEN_UNTIL_EXECUTED,246,PROVISIONAL_NEEDS_CONCRETE_CONTRACT,name-level candidate; requires actuator/readback/restore/source-specific proof,CANONICAL_BENCHMARK_TARGET,,241,241
279,18,Database & Transactions,shard_placement,CANDIDATE_CANONICAL,observe|normalize|compute|command|actuate|readback|attribute|measure|compare|restore|seal|reproduce,OPEN_UNTIL_EXECUTED,247,MERGE_REVIEW,semantic authority overlap with partition_placement,CANONICAL_BENCHMARK_TARGET,,242,242
280,18,Database & Transactions,db_failover,CANDIDATE_CANONICAL,observe|normalize|compute|command|actuate|readback|attribute|measure|compare|restore|seal|reproduce,OPEN_UNTIL_EXECUTED,248,PROVISIONAL_NEEDS_CONCRETE_CONTRACT,name-level candidate; requires actuator/readback/restore/source-specific proof,CANONICAL_BENCHMARK_TARGET,,243,243
281,18,Database & Transactions,replication_lag_gate,CANDIDATE_CANONICAL,observe|normalize|compute|command|actuate|readback|attribute|measure|compare|restore|seal|reproduce,OPEN_UNTIL_EXECUTED,249,PROVISIONAL_NEEDS_CONCRETE_CONTRACT,name-level candidate; requires actuator/readback/restore/source-specific proof,CANONICAL_BENCHMARK_TARGET,,244,244
282,18,Database & Transactions,db_write_throttle,CANDIDATE_CANONICAL,observe|normalize|compute|command|actuate|readback|attribute|measure|compare|restore|seal|reproduce,OPEN_UNTIL_EXECUTED,250,PROVISIONAL_NEEDS_CONCRETE_CONTRACT,name-level candidate; requires actuator/readback/restore/source-specific proof,CANONICAL_BENCHMARK_TARGET,,245,245
283,18,Database & Transactions,db_pool_resize,CANDIDATE_CANONICAL,observe|normalize|compute|command|actuate|readback|attribute|measure|compare|restore|seal|reproduce,OPEN_UNTIL_EXECUTED,251,PROVISIONAL_NEEDS_CONCRETE_CONTRACT,name-level candidate; requires actuator/readback/restore/source-specific proof,CANONICAL_BENCHMARK_TARGET,,246,246
284,18,Database & Transactions,transaction_concurrency,CANDIDATE_CANONICAL,observe|normalize|compute|command|actuate|readback|attribute|measure|compare|restore|seal|reproduce,OPEN_UNTIL_EXECUTED,252,MERGE_REVIEW,semantic authority overlap with payment_concurrency,CANONICAL_BENCHMARK_TARGET,,247,247
285,18,Database & Transactions,lock_timeout,CANDIDATE_CANONICAL,observe|normalize|compute|command|actuate|readback|attribute|measure|compare|restore|seal|reproduce,OPEN_UNTIL_EXECUTED,253,PROVISIONAL_NEEDS_CONCRETE_CONTRACT,name-level candidate; requires actuator/readback/restore/source-specific proof,CANONICAL_BENCHMARK_TARGET,,248,248
286,18,Database & Transactions,checkpoint_rate,CANDIDATE_CANONICAL,observe|normalize|compute|command|actuate|readback|attribute|measure|compare|restore|seal|reproduce,OPEN_UNTIL_EXECUTED,254,PROVISIONAL_NEEDS_CONCRETE_CONTRACT,name-level candidate; requires actuator/readback/restore/source-specific proof,CANONICAL_BENCHMARK_TARGET,,249,249
287,18,Database & Transactions,vacuum_compaction_rate,CANDIDATE_CANONICAL,observe|normalize|compute|command|actuate|readback|attribute|measure|compare|restore|seal|reproduce,OPEN_UNTIL_EXECUTED,255,PROVISIONAL_NEEDS_CONCRETE_CONTRACT,name-level candidate; requires actuator/readback/restore/source-specific proof,CANONICAL_BENCHMARK_TARGET,,250,250
241,16,Service Mesh & API Reliability,circuit_breaker,CANDIDATE_CANONICAL,observe|normalize|compute|command|actuate|readback|attribute|measure|compare|restore|seal|reproduce,OPEN_UNTIL_EXECUTED,257,PROVISIONAL_NEEDS_CONCRETE_CONTRACT,name-level candidate; requires actuator/readback/restore/source-specific proof,CANONICAL_BENCHMARK_TARGET,,251,251
242,16,Service Mesh & API Reliability,retry_budget,CANDIDATE_CANONICAL,observe|normalize|compute|command|actuate|readback|attribute|measure|compare|restore|seal|reproduce,OPEN_UNTIL_EXECUTED,258,PROVISIONAL_NEEDS_CONCRETE_CONTRACT,name-level candidate; requires actuator/readback/restore/source-specific proof,CANONICAL_BENCHMARK_TARGET,,252,252
243,16,Service Mesh & API Reliability,service_timeout,CANDIDATE_CANONICAL,observe|normalize|compute|command|actuate|readback|attribute|measure|compare|restore|seal|reproduce,OPEN_UNTIL_EXECUTED,259,MERGE_REVIEW,semantic authority overlap with payment_timeout,CANONICAL_BENCHMARK_TARGET,,253,253
244,16,Service Mesh & API Reliability,service_concurrency,CANDIDATE_CANONICAL,observe|normalize|compute|command|actuate|readback|attribute|measure|compare|restore|seal|reproduce,OPEN_UNTIL_EXECUTED,260,PROVISIONAL_NEEDS_CONCRETE_CONTRACT,name-level candidate; requires actuator/readback/restore/source-specific proof,CANONICAL_BENCHMARK_TARGET,,254,254
245,16,Service Mesh & API Reliability,connection_pool,CANDIDATE_CANONICAL,observe|normalize|compute|command|actuate|readback|attribute|measure|compare|restore|seal|reproduce,OPEN_UNTIL_EXECUTED,261,PROVISIONAL_NEEDS_CONCRETE_CONTRACT,name-level candidate; requires actuator/readback/restore/source-specific proof,CANONICAL_BENCHMARK_TARGET,,255,255
246,16,Service Mesh & API Reliability,traffic_divert,CANDIDATE_CANONICAL,observe|normalize|compute|command|actuate|readback|attribute|measure|compare|restore|seal|reproduce,OPEN_UNTIL_EXECUTED,262,PROVISIONAL_NEEDS_CONCRETE_CONTRACT,name-level candidate; requires actuator/readback/restore/source-specific proof,CANONICAL_BENCHMARK_TARGET,,256,256
247,16,Service Mesh & API Reliability,traffic_mirror,CANDIDATE_CANONICAL,observe|normalize|compute|command|actuate|readback|attribute|measure|compare|restore|seal|reproduce,OPEN_UNTIL_EXECUTED,263,PROVISIONAL_NEEDS_CONCRETE_CONTRACT,name-level candidate; requires actuator/readback/restore/source-specific proof,CANONICAL_BENCHMARK_TARGET,,257,257
248,16,Service Mesh & API Reliability,canary_weight,CANDIDATE_CANONICAL,observe|normalize|compute|command|actuate|readback|attribute|measure|compare|restore|seal|reproduce,OPEN_UNTIL_EXECUTED,264,PROVISIONAL_NEEDS_CONCRETE_CONTRACT,name-level candidate; requires actuator/readback/restore/source-specific proof,CANONICAL_BENCHMARK_TARGET,,258,258
249,16,Service Mesh & API Reliability,outlier_ejection,CANDIDATE_CANONICAL,observe|normalize|compute|command|actuate|readback|attribute|measure|compare|restore|seal|reproduce,OPEN_UNTIL_EXECUTED,265,PROVISIONAL_NEEDS_CONCRETE_CONTRACT,name-level candidate; requires actuator/readback/restore/source-specific proof,CANONICAL_BENCHMARK_TARGET,,259,259
250,16,Service Mesh & API Reliability,health_threshold,CANDIDATE_CANONICAL,observe|normalize|compute|command|actuate|readback|attribute|measure|compare|restore|seal|reproduce,OPEN_UNTIL_EXECUTED,266,PROVISIONAL_NEEDS_CONCRETE_CONTRACT,name-level candidate; requires actuator/readback/restore/source-specific proof,CANONICAL_BENCHMARK_TARGET,,260,260
251,16,Service Mesh & API Reliability,dns_traffic_weight,CANDIDATE_CANONICAL,observe|normalize|compute|command|actuate|readback|attribute|measure|compare|restore|seal|reproduce,OPEN_UNTIL_EXECUTED,267,PROVISIONAL_NEEDS_CONCRETE_CONTRACT,name-level candidate; requires actuator/readback/restore/source-specific proof,CANONICAL_BENCHMARK_TARGET,,261,261
252,16,Service Mesh & API Reliability,session_affinity,CANDIDATE_CANONICAL,observe|normalize|compute|command|actuate|readback|attribute|measure|compare|restore|seal|reproduce,OPEN_UNTIL_EXECUTED,268,PROVISIONAL_NEEDS_CONCRETE_CONTRACT,name-level candidate; requires actuator/readback/restore/source-specific proof,CANONICAL_BENCHMARK_TARGET,,262,262
253,16,Service Mesh & API Reliability,request_hedging,CANDIDATE_CANONICAL,observe|normalize|compute|command|actuate|readback|attribute|measure|compare|restore|seal|reproduce,OPEN_UNTIL_EXECUTED,269,PROVISIONAL_NEEDS_CONCRETE_CONTRACT,name-level candidate; requires actuator/readback/restore/source-specific proof,CANONICAL_BENCHMARK_TARGET,,263,263
254,16,Service Mesh & API Reliability,fault_injection_gate,CANDIDATE_CANONICAL,observe|normalize|compute|command|actuate|readback|attribute|measure|compare|restore|seal|reproduce,OPEN_UNTIL_EXECUTED,270,PROVISIONAL_NEEDS_CONCRETE_CONTRACT,name-level candidate; requires actuator/readback/restore/source-specific proof,CANONICAL_BENCHMARK_TARGET,,264,264
255,16,Service Mesh & API Reliability,service_failover,CANDIDATE_CANONICAL,observe|normalize|compute|command|actuate|readback|attribute|measure|compare|restore|seal|reproduce,OPEN_UNTIL_EXECUTED,271,PROVISIONAL_NEEDS_CONCRETE_CONTRACT,name-level candidate; requires actuator/readback/restore/source-specific proof,CANONICAL_BENCHMARK_TARGET,,265,265
AUDIT-0001,AUDIT,Kubernetes Dynamic Device Allocation,dra_device_class_selection,ADMITTED_CONTRACT_SURFACE,observe|normalize|compute|command|actuate|readback|attribute|measure|compare|restore|seal|reproduce,OPEN_UNTIL_EXECUTED,273,PROVISIONAL_NEEDS_CONCRETE_CONTRACT,name-level candidate; requires actuator/readback/restore/source-specific proof,CANONICAL_BENCHMARK_TARGET,,266,266
AUDIT-0002,AUDIT,Kubernetes Dynamic Device Allocation,dra_claim_capacity,ADMITTED_CONTRACT_SURFACE,observe|normalize|compute|command|actuate|readback|attribute|measure|compare|restore|seal|reproduce,OPEN_UNTIL_EXECUTED,274,MERGE_REVIEW,semantic authority overlap with gpu_allocate,CANONICAL_BENCHMARK_TARGET,,267,267
AUDIT-0003,AUDIT,Kubernetes Dynamic Device Allocation,dra_claim_sharing,ADMITTED_CONTRACT_SURFACE,observe|normalize|compute|command|actuate|readback|attribute|measure|compare|restore|seal|reproduce,OPEN_UNTIL_EXECUTED,275,PROVISIONAL_NEEDS_CONCRETE_CONTRACT,name-level candidate; requires actuator/readback/restore/source-specific proof,CANONICAL_BENCHMARK_TARGET,,268,268
AUDIT-0004,AUDIT,Kubernetes Dynamic Device Allocation,dra_device_taint,ADMITTED_CONTRACT_SURFACE,observe|normalize|compute|command|actuate|readback|attribute|measure|compare|restore|seal|reproduce,OPEN_UNTIL_EXECUTED,276,PROVISIONAL_NEEDS_CONCRETE_CONTRACT,name-level candidate; requires actuator/readback/restore/source-specific proof,CANONICAL_BENCHMARK_TARGET,,269,269
AUDIT-0005,AUDIT,Kubernetes Dynamic Device Allocation,dra_device_eviction,ADMITTED_CONTRACT_SURFACE,observe|normalize|compute|command|actuate|readback|attribute|measure|compare|restore|seal|reproduce,OPEN_UNTIL_EXECUTED,277,PROVISIONAL_NEEDS_CONCRETE_CONTRACT,name-level candidate; requires actuator/readback/restore/source-specific proof,CANONICAL_BENCHMARK_TARGET,,270,270
AUDIT-0006,AUDIT,Kubernetes Dynamic Device Allocation,dra_binding_readiness,ADMITTED_CONTRACT_SURFACE,observe|normalize|compute|command|actuate|readback|attribute|measure|compare|restore|seal|reproduce,OPEN_UNTIL_EXECUTED,278,PROVISIONAL_NEEDS_CONCRETE_CONTRACT,name-level candidate; requires actuator/readback/restore/source-specific proof,CANONICAL_BENCHMARK_TARGET,,271,271
AUDIT-0007,AUDIT,Kubernetes Dynamic Device Allocation,dra_binding_failure_response,ADMITTED_CONTRACT_SURFACE,observe|normalize|compute|command|actuate|readback|attribute|measure|compare|restore|seal|reproduce,OPEN_UNTIL_EXECUTED,279,PROVISIONAL_NEEDS_CONCRETE_CONTRACT,name-level candidate; requires actuator/readback/restore/source-specific proof,CANONICAL_BENCHMARK_TARGET,,272,272
AUDIT-0008,AUDIT,Kubernetes Dynamic Device Allocation,dra_device_configuration,ADMITTED_CONTRACT_SURFACE,observe|normalize|compute|command|actuate|readback|attribute|measure|compare|restore|seal|reproduce,OPEN_UNTIL_EXECUTED,280,PROVISIONAL_NEEDS_CONCRETE_CONTRACT,name-level candidate; requires actuator/readback/restore/source-specific proof,CANONICAL_BENCHMARK_TARGET,,273,273
AUDIT-0021,AUDIT,DPU SmartNIC & Programmable IO,dpu_pf_tx_rate,ADMITTED_CONTRACT_SURFACE,observe|normalize|compute|command|actuate|readback|attribute|measure|compare|restore|seal|reproduce,OPEN_UNTIL_EXECUTED,281,PROVISIONAL_NEEDS_CONCRETE_CONTRACT,name-level candidate; requires actuator/readback/restore/source-specific proof,CANONICAL_BENCHMARK_TARGET,,274,274
AUDIT-0022,AUDIT,DPU SmartNIC & Programmable IO,dpu_vf_tx_rate,ADMITTED_CONTRACT_SURFACE,observe|normalize|compute|command|actuate|readback|attribute|measure|compare|restore|seal|reproduce,OPEN_UNTIL_EXECUTED,282,PROVISIONAL_NEEDS_CONCRETE_CONTRACT,name-level candidate; requires actuator/readback/restore/source-specific proof,CANONICAL_BENCHMARK_TARGET,,275,275
AUDIT-0023,AUDIT,DPU SmartNIC & Programmable IO,dpu_sf_tx_rate,ADMITTED_CONTRACT_SURFACE,observe|normalize|compute|command|actuate|readback|attribute|measure|compare|restore|seal|reproduce,OPEN_UNTIL_EXECUTED,283,PROVISIONAL_NEEDS_CONCRETE_CONTRACT,name-level candidate; requires actuator/readback/restore/source-specific proof,CANONICAL_BENCHMARK_TARGET,,276,276
AUDIT-0024,AUDIT,DPU SmartNIC & Programmable IO,dpu_bandwidth_share,ADMITTED_CONTRACT_SURFACE,observe|normalize|compute|command|actuate|readback|attribute|measure|compare|restore|seal|reproduce,OPEN_UNTIL_EXECUTED,284,PROVISIONAL_NEEDS_CONCRETE_CONTRACT,name-level candidate; requires actuator/readback/restore/source-specific proof,CANONICAL_BENCHMARK_TARGET,,277,277
AUDIT-0025,AUDIT,DPU SmartNIC & Programmable IO,dpu_qos_group,ADMITTED_CONTRACT_SURFACE,observe|normalize|compute|command|actuate|readback|attribute|measure|compare|restore|seal|reproduce,OPEN_UNTIL_EXECUTED,285,PROVISIONAL_NEEDS_CONCRETE_CONTRACT,name-level candidate; requires actuator/readback/restore/source-specific proof,CANONICAL_BENCHMARK_TARGET,,278,278
AUDIT-0026,AUDIT,DPU SmartNIC & Programmable IO,sriov_vf_count,ADMITTED_CONTRACT_SURFACE,observe|normalize|compute|command|actuate|readback|attribute|measure|compare|restore|seal|reproduce,OPEN_UNTIL_EXECUTED,286,PROVISIONAL_NEEDS_CONCRETE_CONTRACT,name-level candidate; requires actuator/readback/restore/source-specific proof,CANONICAL_BENCHMARK_TARGET,,279,279
AUDIT-0027,AUDIT,DPU SmartNIC & Programmable IO,smartnic_flow_steering,ADMITTED_CONTRACT_SURFACE,observe|normalize|compute|command|actuate|readback|attribute|measure|compare|restore|seal|reproduce,OPEN_UNTIL_EXECUTED,287,PROVISIONAL_NEEDS_CONCRETE_CONTRACT,name-level candidate; requires actuator/readback/restore/source-specific proof,CANONICAL_BENCHMARK_TARGET,,280,280
AUDIT-0028,AUDIT,DPU SmartNIC & Programmable IO,smartnic_offload_enable,ADMITTED_CONTRACT_SURFACE,observe|normalize|compute|command|actuate|readback|attribute|measure|compare|restore|seal|reproduce,OPEN_UNTIL_EXECUTED,288,PROVISIONAL_NEEDS_CONCRETE_CONTRACT,name-level candidate; requires actuator/readback/restore/source-specific proof,CANONICAL_BENCHMARK_TARGET,,281,281
AUDIT-0029,AUDIT,DPU SmartNIC & Programmable IO,dpu_cpu_budget,ADMITTED_CONTRACT_SURFACE,observe|normalize|compute|command|actuate|readback|attribute|measure|compare|restore|seal|reproduce,OPEN_UNTIL_EXECUTED,289,PROVISIONAL_NEEDS_CONCRETE_CONTRACT,name-level candidate; requires actuator/readback/restore/source-specific proof,CANONICAL_BENCHMARK_TARGET,,282,282
AUDIT-0030,AUDIT,DPU SmartNIC & Programmable IO,dpu_memory_budget,ADMITTED_CONTRACT_SURFACE,observe|normalize|compute|command|actuate|readback|attribute|measure|compare|restore|seal|reproduce,OPEN_UNTIL_EXECUTED,290,PROVISIONAL_NEEDS_CONCRETE_CONTRACT,name-level candidate; requires actuator/readback/restore/source-specific proof,CANONICAL_BENCHMARK_TARGET,,283,283
AUDIT-0031,AUDIT,DPU SmartNIC & Programmable IO,dpu_service_placement,ADMITTED_CONTRACT_SURFACE,observe|normalize|compute|command|actuate|readback|attribute|measure|compare|restore|seal|reproduce,OPEN_UNTIL_EXECUTED,291,PROVISIONAL_NEEDS_CONCRETE_CONTRACT,name-level candidate; requires actuator/readback/restore/source-specific proof,CANONICAL_BENCHMARK_TARGET,,284,284
AUDIT-0032,AUDIT,DPU SmartNIC & Programmable IO,dpu_failover,ADMITTED_CONTRACT_SURFACE,observe|normalize|compute|command|actuate|readback|attribute|measure|compare|restore|seal|reproduce,OPEN_UNTIL_EXECUTED,292,PROVISIONAL_NEEDS_CONCRETE_CONTRACT,name-level candidate; requires actuator/readback/restore/source-specific proof,CANONICAL_BENCHMARK_TARGET,,285,285
609,39,"Cross-Cluster, Multi-Region & Edge",multi_cluster_dispatch,CANDIDATE_CANONICAL,observe|normalize|compute|command|actuate|readback|attribute|measure|compare|restore|seal|reproduce,OPEN_UNTIL_EXECUTED,293,PROVISIONAL_NEEDS_CONCRETE_CONTRACT,name-level candidate; requires actuator/readback/restore/source-specific proof,CANONICAL_BENCHMARK_TARGET,,286,286
610,39,"Cross-Cluster, Multi-Region & Edge",region_dispatch,CANDIDATE_CANONICAL,observe|normalize|compute|command|actuate|readback|attribute|measure|compare|restore|seal|reproduce,OPEN_UNTIL_EXECUTED,294,PROVISIONAL_NEEDS_CONCRETE_CONTRACT,name-level candidate; requires actuator/readback/restore/source-specific proof,CANONICAL_BENCHMARK_TARGET,,287,287
611,39,"Cross-Cluster, Multi-Region & Edge",zone_dispatch,CANDIDATE_CANONICAL,observe|normalize|compute|command|actuate|readback|attribute|measure|compare|restore|seal|reproduce,OPEN_UNTIL_EXECUTED,295,PROVISIONAL_NEEDS_CONCRETE_CONTRACT,name-level candidate; requires actuator/readback/restore/source-specific proof,CANONICAL_BENCHMARK_TARGET,,288,288
612,39,"Cross-Cluster, Multi-Region & Edge",edge_dispatch,CANDIDATE_CANONICAL,observe|normalize|compute|command|actuate|readback|attribute|measure|compare|restore|seal|reproduce,OPEN_UNTIL_EXECUTED,296,PROVISIONAL_NEEDS_CONCRETE_CONTRACT,name-level candidate; requires actuator/readback/restore/source-specific proof,CANONICAL_BENCHMARK_TARGET,,289,289
613,39,"Cross-Cluster, Multi-Region & Edge",cloud_capacity_class,CANDIDATE_CANONICAL,observe|normalize|compute|command|actuate|readback|attribute|measure|compare|restore|seal|reproduce,OPEN_UNTIL_EXECUTED,297,PROVISIONAL_NEEDS_CONCRETE_CONTRACT,name-level candidate; requires actuator/readback/restore/source-specific proof,CANONICAL_BENCHMARK_TARGET,,290,290
614,39,"Cross-Cluster, Multi-Region & Edge",workload_migrate_region,CANDIDATE_CANONICAL,observe|normalize|compute|command|actuate|readback|attribute|measure|compare|restore|seal|reproduce,OPEN_UNTIL_EXECUTED,298,PROVISIONAL_NEEDS_CONCRETE_CONTRACT,name-level candidate; requires actuator/readback/restore/source-specific proof,CANONICAL_BENCHMARK_TARGET,,291,291
615,39,"Cross-Cluster, Multi-Region & Edge",data_residency_gate,CANDIDATE_CANONICAL,observe|normalize|compute|command|actuate|readback|attribute|measure|compare|restore|seal|reproduce,OPEN_UNTIL_EXECUTED,299,PROVISIONAL_NEEDS_CONCRETE_CONTRACT,name-level candidate; requires actuator/readback/restore/source-specific proof,CANONICAL_BENCHMARK_TARGET,,292,292
616,39,"Cross-Cluster, Multi-Region & Edge",latency_region_gate,CANDIDATE_CANONICAL,observe|normalize|compute|command|actuate|readback|attribute|measure|compare|restore|seal|reproduce,OPEN_UNTIL_EXECUTED,300,PROVISIONAL_NEEDS_CONCRETE_CONTRACT,name-level candidate; requires actuator/readback/restore/source-specific proof,CANONICAL_BENCHMARK_TARGET,,293,293
617,39,"Cross-Cluster, Multi-Region & Edge",cost_region_gate,CANDIDATE_CANONICAL,observe|normalize|compute|command|actuate|readback|attribute|measure|compare|restore|seal|reproduce,OPEN_UNTIL_EXECUTED,301,PROVISIONAL_NEEDS_CONCRETE_CONTRACT,name-level candidate; requires actuator/readback/restore/source-specific proof,CANONICAL_BENCHMARK_TARGET,,294,294
618,39,"Cross-Cluster, Multi-Region & Edge",carbon_region_gate,CANDIDATE_CANONICAL,observe|normalize|compute|command|actuate|readback|attribute|measure|compare|restore|seal|reproduce,OPEN_UNTIL_EXECUTED,302,PROVISIONAL_NEEDS_CONCRETE_CONTRACT,name-level candidate; requires actuator/readback/restore/source-specific proof,CANONICAL_BENCHMARK_TARGET,,295,295
619,39,"Cross-Cluster, Multi-Region & Edge",global_failover,CANDIDATE_CANONICAL,observe|normalize|compute|command|actuate|readback|attribute|measure|compare|restore|seal|reproduce,OPEN_UNTIL_EXECUTED,303,PROVISIONAL_NEEDS_CONCRETE_CONTRACT,name-level candidate; requires actuator/readback/restore/source-specific proof,CANONICAL_BENCHMARK_TARGET,,296,296
620,39,"Cross-Cluster, Multi-Region & Edge",federation_quota,CANDIDATE_CANONICAL,observe|normalize|compute|command|actuate|readback|attribute|measure|compare|restore|seal|reproduce,OPEN_UNTIL_EXECUTED,304,PROVISIONAL_NEEDS_CONCRETE_CONTRACT,name-level candidate; requires actuator/readback/restore/source-specific proof,CANONICAL_BENCHMARK_TARGET,,297,297
621,39,"Cross-Cluster, Multi-Region & Edge",cross_cluster_replication,CANDIDATE_CANONICAL,observe|normalize|compute|command|actuate|readback|attribute|measure|compare|restore|seal|reproduce,OPEN_UNTIL_EXECUTED,305,PROVISIONAL_NEEDS_CONCRETE_CONTRACT,name-level candidate; requires actuator/readback/restore/source-specific proof,CANONICAL_BENCHMARK_TARGET,,298,298
622,39,"Cross-Cluster, Multi-Region & Edge",edge_offload,CANDIDATE_CANONICAL,observe|normalize|compute|command|actuate|readback|attribute|measure|compare|restore|seal|reproduce,OPEN_UNTIL_EXECUTED,306,PROVISIONAL_NEEDS_CONCRETE_CONTRACT,name-level candidate; requires actuator/readback/restore/source-specific proof,CANONICAL_BENCHMARK_TARGET,,299,299
623,39,"Cross-Cluster, Multi-Region & Edge",global_admission,CANDIDATE_CANONICAL,observe|normalize|compute|command|actuate|readback|attribute|measure|compare|restore|seal|reproduce,OPEN_UNTIL_EXECUTED,307,PROVISIONAL_NEEDS_CONCRETE_CONTRACT,name-level candidate; requires actuator/readback/restore/source-specific proof,CANONICAL_BENCHMARK_TARGET,,300,300
385,25,"Reliability, Security & Recovery",restart,CANDIDATE_CANONICAL,observe|normalize|compute|command|actuate|readback|attribute|measure|compare|restore|seal|reproduce,OPEN_UNTIL_EXECUTED,309,PROVISIONAL_NEEDS_CONCRETE_CONTRACT,name-level candidate; requires actuator/readback/restore/source-specific proof,CANONICAL_BENCHMARK_TARGET,,301,301
386,25,"Reliability, Security & Recovery",rollback,CANDIDATE_CANONICAL,observe|normalize|compute|command|actuate|readback|attribute|measure|compare|restore|seal|reproduce,OPEN_UNTIL_EXECUTED,310,PROVISIONAL_NEEDS_CONCRETE_CONTRACT,name-level candidate; requires actuator/readback/restore/source-specific proof,CANONICAL_BENCHMARK_TARGET,,302,302
388,25,"Reliability, Security & Recovery",traffic_divert_recovery,CANDIDATE_CANONICAL,observe|normalize|compute|command|actuate|readback|attribute|measure|compare|restore|seal|reproduce,OPEN_UNTIL_EXECUTED,312,PROVISIONAL_NEEDS_CONCRETE_CONTRACT,name-level candidate; requires actuator/readback/restore/source-specific proof,CANONICAL_BENCHMARK_TARGET,,303,303
389,25,"Reliability, Security & Recovery",degraded_mode,CANDIDATE_CANONICAL,observe|normalize|compute|command|actuate|readback|attribute|measure|compare|restore|seal|reproduce,OPEN_UNTIL_EXECUTED,313,PROVISIONAL_NEEDS_CONCRETE_CONTRACT,name-level candidate; requires actuator/readback/restore/source-specific proof,CANONICAL_BENCHMARK_TARGET,,304,304
390,25,"Reliability, Security & Recovery",actuator_freeze,CANDIDATE_CANONICAL,observe|normalize|compute|command|actuate|readback|attribute|measure|compare|restore|seal|reproduce,OPEN_UNTIL_EXECUTED,314,PROVISIONAL_NEEDS_CONCRETE_CONTRACT,name-level candidate; requires actuator/readback/restore/source-specific proof,CANONICAL_BENCHMARK_TARGET,,305,305
391,25,"Reliability, Security & Recovery",workload_isolate,CANDIDATE_CANONICAL,observe|normalize|compute|command|actuate|readback|attribute|measure|compare|restore|seal|reproduce,OPEN_UNTIL_EXECUTED,315,PROVISIONAL_NEEDS_CONCRETE_CONTRACT,name-level candidate; requires actuator/readback/restore/source-specific proof,CANONICAL_BENCHMARK_TARGET,,306,306
393,25,"Reliability, Security & Recovery",credential_rotation_gate,CANDIDATE_CANONICAL,observe|normalize|compute|command|actuate|readback|attribute|measure|compare|restore|seal|reproduce,OPEN_UNTIL_EXECUTED,317,PROVISIONAL_NEEDS_CONCRETE_CONTRACT,name-level candidate; requires actuator/readback/restore/source-specific proof,CANONICAL_BENCHMARK_TARGET,,307,307
394,25,"Reliability, Security & Recovery",policy_enforcement,CANDIDATE_CANONICAL,observe|normalize|compute|command|actuate|readback|attribute|measure|compare|restore|seal|reproduce,OPEN_UNTIL_EXECUTED,318,PROVISIONAL_NEEDS_CONCRETE_CONTRACT,name-level candidate; requires actuator/readback/restore/source-specific proof,CANONICAL_BENCHMARK_TARGET,,308,308
395,25,"Reliability, Security & Recovery",rate_abuse_gate,CANDIDATE_CANONICAL,observe|normalize|compute|command|actuate|readback|attribute|measure|compare|restore|seal|reproduce,OPEN_UNTIL_EXECUTED,319,PROVISIONAL_NEEDS_CONCRETE_CONTRACT,name-level candidate; requires actuator/readback/restore/source-specific proof,CANONICAL_BENCHMARK_TARGET,,309,309
396,25,"Reliability, Security & Recovery",fault_domain_isolate,CANDIDATE_CANONICAL,observe|normalize|compute|command|actuate|readback|attribute|measure|compare|restore|seal|reproduce,OPEN_UNTIL_EXECUTED,320,PROVISIONAL_NEEDS_CONCRETE_CONTRACT,name-level candidate; requires actuator/readback/restore/source-specific proof,CANONICAL_BENCHMARK_TARGET,,310,310
397,25,"Reliability, Security & Recovery",backup_trigger,CANDIDATE_CANONICAL,observe|normalize|compute|command|actuate|readback|attribute|measure|compare|restore|seal|reproduce,OPEN_UNTIL_EXECUTED,321,PROVISIONAL_NEEDS_CONCRETE_CONTRACT,name-level candidate; requires actuator/readback/restore/source-specific proof,CANONICAL_BENCHMARK_TARGET,,311,311
400,25,"Reliability, Security & Recovery",kill_switch,CANDIDATE_CANONICAL,observe|normalize|compute|command|actuate|readback|attribute|measure|compare|restore|seal|reproduce,OPEN_UNTIL_EXECUTED,324,PROVISIONAL_NEEDS_CONCRETE_CONTRACT,name-level candidate; requires actuator/readback/restore/source-specific proof,CANONICAL_BENCHMARK_TARGET,,312,312
561,36,Facility & Grid Optimization,facility_power_budget,CANDIDATE_CANONICAL,observe|normalize|compute|command|actuate|readback|attribute|measure|compare|restore|seal|reproduce,OPEN_UNTIL_EXECUTED,325,MERGE_REVIEW,semantic authority overlap with site_demand_cap,CANONICAL_BENCHMARK_TARGET,,313,313
562,36,Facility & Grid Optimization,utility_demand_limit,CANDIDATE_CANONICAL,observe|normalize|compute|command|actuate|readback|attribute|measure|compare|restore|seal|reproduce,OPEN_UNTIL_EXECUTED,326,MERGE_REVIEW,semantic authority overlap with site_demand_cap,CANONICAL_BENCHMARK_TARGET,,314,314
563,36,Facility & Grid Optimization,demand_response,CANDIDATE_CANONICAL,observe|normalize|compute|command|actuate|readback|attribute|measure|compare|restore|seal|reproduce,OPEN_UNTIL_EXECUTED,327,PROVISIONAL_NEEDS_CONCRETE_CONTRACT,name-level candidate; requires actuator/readback/restore/source-specific proof,CANONICAL_BENCHMARK_TARGET,,315,315
564,36,Facility & Grid Optimization,electricity_price_gate,CANDIDATE_CANONICAL,observe|normalize|compute|command|actuate|readback|attribute|measure|compare|restore|seal|reproduce,OPEN_UNTIL_EXECUTED,328,PROVISIONAL_NEEDS_CONCRETE_CONTRACT,name-level candidate; requires actuator/readback/restore/source-specific proof,CANONICAL_BENCHMARK_TARGET,,316,316
565,36,Facility & Grid Optimization,carbon_intensity_gate,CANDIDATE_CANONICAL,observe|normalize|compute|command|actuate|readback|attribute|measure|compare|restore|seal|reproduce,OPEN_UNTIL_EXECUTED,329,PROVISIONAL_NEEDS_CONCRETE_CONTRACT,name-level candidate; requires actuator/readback/restore/source-specific proof,CANONICAL_BENCHMARK_TARGET,,317,317
566,36,Facility & Grid Optimization,renewable_dispatch,CANDIDATE_CANONICAL,observe|normalize|compute|command|actuate|readback|attribute|measure|compare|restore|seal|reproduce,OPEN_UNTIL_EXECUTED,330,PROVISIONAL_NEEDS_CONCRETE_CONTRACT,name-level candidate; requires actuator/readback/restore/source-specific proof,CANONICAL_BENCHMARK_TARGET,,318,318
567,36,Facility & Grid Optimization,generator_start_stop,CANDIDATE_CANONICAL,observe|normalize|compute|command|actuate|readback|attribute|measure|compare|restore|seal|reproduce,OPEN_UNTIL_EXECUTED,331,PROVISIONAL_NEEDS_CONCRETE_CONTRACT,name-level candidate; requires actuator/readback/restore/source-specific proof,CANONICAL_BENCHMARK_TARGET,,319,319
568,36,Facility & Grid Optimization,site_battery_dispatch,CANDIDATE_CANONICAL,observe|normalize|compute|command|actuate|readback|attribute|measure|compare|restore|seal|reproduce,OPEN_UNTIL_EXECUTED,332,PROVISIONAL_NEEDS_CONCRETE_CONTRACT,name-level candidate; requires actuator/readback/restore/source-specific proof,CANONICAL_BENCHMARK_TARGET,,320,320
569,36,Facility & Grid Optimization,pue_target,CANDIDATE_CANONICAL,observe|normalize|compute|command|actuate|readback|attribute|measure|compare|restore|seal|reproduce,OPEN_UNTIL_EXECUTED,333,PROVISIONAL_NEEDS_CONCRETE_CONTRACT,name-level candidate; requires actuator/readback/restore/source-specific proof,CANONICAL_BENCHMARK_TARGET,,321,321
570,36,Facility & Grid Optimization,cooling_power_budget,CANDIDATE_CANONICAL,observe|normalize|compute|command|actuate|readback|attribute|measure|compare|restore|seal|reproduce,OPEN_UNTIL_EXECUTED,334,PROVISIONAL_NEEDS_CONCRETE_CONTRACT,name-level candidate; requires actuator/readback/restore/source-specific proof,CANONICAL_BENCHMARK_TARGET,,322,322
571,36,Facility & Grid Optimization,it_power_budget,CANDIDATE_CANONICAL,observe|normalize|compute|command|actuate|readback|attribute|measure|compare|restore|seal|reproduce,OPEN_UNTIL_EXECUTED,335,PROVISIONAL_NEEDS_CONCRETE_CONTRACT,name-level candidate; requires actuator/readback/restore/source-specific proof,CANONICAL_BENCHMARK_TARGET,,323,323
572,36,Facility & Grid Optimization,rack_power_allocation,CANDIDATE_CANONICAL,observe|normalize|compute|command|actuate|readback|attribute|measure|compare|restore|seal|reproduce,OPEN_UNTIL_EXECUTED,336,PROVISIONAL_NEEDS_CONCRETE_CONTRACT,name-level candidate; requires actuator/readback/restore/source-specific proof,CANONICAL_BENCHMARK_TARGET,,324,324
573,36,Facility & Grid Optimization,facility_peak_guard,CANDIDATE_CANONICAL,observe|normalize|compute|command|actuate|readback|attribute|measure|compare|restore|seal|reproduce,OPEN_UNTIL_EXECUTED,337,PROVISIONAL_NEEDS_CONCRETE_CONTRACT,name-level candidate; requires actuator/readback/restore/source-specific proof,CANONICAL_BENCHMARK_TARGET,,325,325
574,36,Facility & Grid Optimization,grid_frequency_response,CANDIDATE_CANONICAL,observe|normalize|compute|command|actuate|readback|attribute|measure|compare|restore|seal|reproduce,OPEN_UNTIL_EXECUTED,338,PROVISIONAL_NEEDS_CONCRETE_CONTRACT,name-level candidate; requires actuator/readback/restore/source-specific proof,CANONICAL_BENCHMARK_TARGET,,326,326
575,36,Facility & Grid Optimization,facility_islanding,CANDIDATE_CANONICAL,observe|normalize|compute|command|actuate|readback|attribute|measure|compare|restore|seal|reproduce,OPEN_UNTIL_EXECUTED,339,PROVISIONAL_NEEDS_CONCRETE_CONTRACT,name-level candidate; requires actuator/readback/restore/source-specific proof,CANONICAL_BENCHMARK_TARGET,,327,327
85,6,OpenShift & Machine API,machine_remediation,CANDIDATE_CANONICAL,observe|normalize|compute|command|actuate|readback|attribute|measure|compare|restore|seal|reproduce,OPEN_UNTIL_EXECUTED,345,PROVISIONAL_NEEDS_CONCRETE_CONTRACT,name-level candidate; requires actuator/readback/restore/source-specific proof,CANONICAL_BENCHMARK_TARGET,,328,328
88,6,OpenShift & Machine API,machine_health_gate,CANDIDATE_CANONICAL,observe|normalize|compute|command|actuate|readback|attribute|measure|compare|restore|seal|reproduce,OPEN_UNTIL_EXECUTED,348,PROVISIONAL_NEEDS_CONCRETE_CONTRACT,name-level candidate; requires actuator/readback/restore/source-specific proof,CANONICAL_BENCHMARK_TARGET,,329,329
89,6,OpenShift & Machine API,mcp_pause,CANDIDATE_CANONICAL,observe|normalize|compute|command|actuate|readback|attribute|measure|compare|restore|seal|reproduce,OPEN_UNTIL_EXECUTED,349,PROVISIONAL_NEEDS_CONCRETE_CONTRACT,name-level candidate; requires actuator/readback/restore/source-specific proof,CANONICAL_BENCHMARK_TARGET,,330,330
90,6,OpenShift & Machine API,mcp_max_unavailable,CANDIDATE_CANONICAL,observe|normalize|compute|command|actuate|readback|attribute|measure|compare|restore|seal|reproduce,OPEN_UNTIL_EXECUTED,350,PROVISIONAL_NEEDS_CONCRETE_CONTRACT,name-level candidate; requires actuator/readback/restore/source-specific proof,CANONICAL_BENCHMARK_TARGET,,331,331
91,6,OpenShift & Machine API,node_config_rollout,CANDIDATE_CANONICAL,observe|normalize|compute|command|actuate|readback|attribute|measure|compare|restore|seal|reproduce,OPEN_UNTIL_EXECUTED,351,PROVISIONAL_NEEDS_CONCRETE_CONTRACT,name-level candidate; requires actuator/readback/restore/source-specific proof,CANONICAL_BENCHMARK_TARGET,,332,332
92,6,OpenShift & Machine API,operator_reconcile_budget,CANDIDATE_CANONICAL,observe|normalize|compute|command|actuate|readback|attribute|measure|compare|restore|seal|reproduce,OPEN_UNTIL_EXECUTED,352,PROVISIONAL_NEEDS_CONCRETE_CONTRACT,name-level candidate; requires actuator/readback/restore/source-specific proof,CANONICAL_BENCHMARK_TARGET,,333,333
93,6,OpenShift & Machine API,cluster_version_pacing,CANDIDATE_CANONICAL,observe|normalize|compute|command|actuate|readback|attribute|measure|compare|restore|seal|reproduce,OPEN_UNTIL_EXECUTED,353,PROVISIONAL_NEEDS_CONCRETE_CONTRACT,name-level candidate; requires actuator/readback/restore/source-specific proof,CANONICAL_BENCHMARK_TARGET,,334,334
94,6,OpenShift & Machine API,infra_machine_admission,CANDIDATE_CANONICAL,observe|normalize|compute|command|actuate|readback|attribute|measure|compare|restore|seal|reproduce,OPEN_UNTIL_EXECUTED,354,PROVISIONAL_NEEDS_CONCRETE_CONTRACT,name-level candidate; requires actuator/readback/restore/source-specific proof,CANONICAL_BENCHMARK_TARGET,,335,335
95,6,OpenShift & Machine API,machine_failure_domain,CANDIDATE_CANONICAL,observe|normalize|compute|command|actuate|readback|attribute|measure|compare|restore|seal|reproduce,OPEN_UNTIL_EXECUTED,355,PROVISIONAL_NEEDS_CONCRETE_CONTRACT,name-level candidate; requires actuator/readback/restore/source-specific proof,CANONICAL_BENCHMARK_TARGET,,336,336
193,13,HPC & Distributed Compute,job_slots,CANDIDATE_CANONICAL,observe|normalize|compute|command|actuate|readback|attribute|measure|compare|restore|seal|reproduce,OPEN_UNTIL_EXECUTED,357,PROVISIONAL_NEEDS_CONCRETE_CONTRACT,name-level candidate; requires actuator/readback/restore/source-specific proof,CANONICAL_BENCHMARK_TARGET,,337,337
194,13,HPC & Distributed Compute,mpi_ranks,CANDIDATE_CANONICAL,observe|normalize|compute|command|actuate|readback|attribute|measure|compare|restore|seal|reproduce,OPEN_UNTIL_EXECUTED,358,PROVISIONAL_NEEDS_CONCRETE_CONTRACT,name-level candidate; requires actuator/readback/restore/source-specific proof,CANONICAL_BENCHMARK_TARGET,,338,338
195,13,HPC & Distributed Compute,rank_mapping,CANDIDATE_CANONICAL,observe|normalize|compute|command|actuate|readback|attribute|measure|compare|restore|seal|reproduce,OPEN_UNTIL_EXECUTED,359,PROVISIONAL_NEEDS_CONCRETE_CONTRACT,name-level candidate; requires actuator/readback/restore/source-specific proof,CANONICAL_BENCHMARK_TARGET,,339,339
196,13,HPC & Distributed Compute,node_allocation,CANDIDATE_CANONICAL,observe|normalize|compute|command|actuate|readback|attribute|measure|compare|restore|seal|reproduce,OPEN_UNTIL_EXECUTED,360,PROVISIONAL_NEEDS_CONCRETE_CONTRACT,name-level candidate; requires actuator/readback/restore/source-specific proof,CANONICAL_BENCHMARK_TARGET,,340,340
197,13,HPC & Distributed Compute,job_walltime,CANDIDATE_CANONICAL,observe|normalize|compute|command|actuate|readback|attribute|measure|compare|restore|seal|reproduce,OPEN_UNTIL_EXECUTED,361,PROVISIONAL_NEEDS_CONCRETE_CONTRACT,name-level candidate; requires actuator/readback/restore/source-specific proof,CANONICAL_BENCHMARK_TARGET,,341,341
198,13,HPC & Distributed Compute,job_priority,CANDIDATE_CANONICAL,observe|normalize|compute|command|actuate|readback|attribute|measure|compare|restore|seal|reproduce,OPEN_UNTIL_EXECUTED,362,PROVISIONAL_NEEDS_CONCRETE_CONTRACT,name-level candidate; requires actuator/readback/restore/source-specific proof,CANONICAL_BENCHMARK_TARGET,,342,342
199,13,HPC & Distributed Compute,job_preemption,CANDIDATE_CANONICAL,observe|normalize|compute|command|actuate|readback|attribute|measure|compare|restore|seal|reproduce,OPEN_UNTIL_EXECUTED,363,PROVISIONAL_NEEDS_CONCRETE_CONTRACT,name-level candidate; requires actuator/readback/restore/source-specific proof,CANONICAL_BENCHMARK_TARGET,,343,343
200,13,HPC & Distributed Compute,checkpoint_restart,CANDIDATE_CANONICAL,observe|normalize|compute|command|actuate|readback|attribute|measure|compare|restore|seal|reproduce,OPEN_UNTIL_EXECUTED,364,PROVISIONAL_NEEDS_CONCRETE_CONTRACT,name-level candidate; requires actuator/readback/restore/source-specific proof,CANONICAL_BENCHMARK_TARGET,,344,344
201,13,HPC & Distributed Compute,parallel_io_budget,CANDIDATE_CANONICAL,observe|normalize|compute|command|actuate|readback|attribute|measure|compare|restore|seal|reproduce,OPEN_UNTIL_EXECUTED,365,PROVISIONAL_NEEDS_CONCRETE_CONTRACT,name-level candidate; requires actuator/readback/restore/source-specific proof,CANONICAL_BENCHMARK_TARGET,,345,345
202,13,HPC & Distributed Compute,collective_budget,CANDIDATE_CANONICAL,observe|normalize|compute|command|actuate|readback|attribute|measure|compare|restore|seal|reproduce,OPEN_UNTIL_EXECUTED,366,PROVISIONAL_NEEDS_CONCRETE_CONTRACT,name-level candidate; requires actuator/readback/restore/source-specific proof,CANONICAL_BENCHMARK_TARGET,,346,346
203,13,HPC & Distributed Compute,accelerator_share,CANDIDATE_CANONICAL,observe|normalize|compute|command|actuate|readback|attribute|measure|compare|restore|seal|reproduce,OPEN_UNTIL_EXECUTED,367,PROVISIONAL_NEEDS_CONCRETE_CONTRACT,name-level candidate; requires actuator/readback/restore/source-specific proof,CANONICAL_BENCHMARK_TARGET,,347,347
204,13,HPC & Distributed Compute,cpu_gpu_ratio,CANDIDATE_CANONICAL,observe|normalize|compute|command|actuate|readback|attribute|measure|compare|restore|seal|reproduce,OPEN_UNTIL_EXECUTED,368,PROVISIONAL_NEEDS_CONCRETE_CONTRACT,name-level candidate; requires actuator/readback/restore/source-specific proof,CANONICAL_BENCHMARK_TARGET,,348,348
205,13,HPC & Distributed Compute,memory_per_rank,CANDIDATE_CANONICAL,observe|normalize|compute|command|actuate|readback|attribute|measure|compare|restore|seal|reproduce,OPEN_UNTIL_EXECUTED,369,PROVISIONAL_NEEDS_CONCRETE_CONTRACT,name-level candidate; requires actuator/readback/restore/source-specific proof,CANONICAL_BENCHMARK_TARGET,,349,349
206,13,HPC & Distributed Compute,scratch_budget,CANDIDATE_CANONICAL,observe|normalize|compute|command|actuate|readback|attribute|measure|compare|restore|seal|reproduce,OPEN_UNTIL_EXECUTED,370,PROVISIONAL_NEEDS_CONCRETE_CONTRACT,name-level candidate; requires actuator/readback/restore/source-specific proof,CANONICAL_BENCHMARK_TARGET,,350,350
207,13,HPC & Distributed Compute,scheduler_fair_share,CANDIDATE_CANONICAL,observe|normalize|compute|command|actuate|readback|attribute|measure|compare|restore|seal|reproduce,OPEN_UNTIL_EXECUTED,371,PROVISIONAL_NEEDS_CONCRETE_CONTRACT,name-level candidate; requires actuator/readback/restore/source-specific proof,CANONICAL_BENCHMARK_TARGET,,351,351
208,13,HPC & Distributed Compute,backfill_policy,CANDIDATE_CANONICAL,observe|normalize|compute|command|actuate|readback|attribute|measure|compare|restore|seal|reproduce,OPEN_UNTIL_EXECUTED,372,PROVISIONAL_NEEDS_CONCRETE_CONTRACT,name-level candidate; requires actuator/readback/restore/source-specific proof,CANONICAL_BENCHMARK_TARGET,,352,352
209,14,Distributed Cluster Managers,task_admission,CANDIDATE_CANONICAL,observe|normalize|compute|command|actuate|readback|attribute|measure|compare|restore|seal|reproduce,OPEN_UNTIL_EXECUTED,373,PROVISIONAL_NEEDS_CONCRETE_CONTRACT,name-level candidate; requires actuator/readback/restore/source-specific proof,CANONICAL_BENCHMARK_TARGET,,353,353
210,14,Distributed Cluster Managers,task_priority,CANDIDATE_CANONICAL,observe|normalize|compute|command|actuate|readback|attribute|measure|compare|restore|seal|reproduce,OPEN_UNTIL_EXECUTED,374,PROVISIONAL_NEEDS_CONCRETE_CONTRACT,name-level candidate; requires actuator/readback/restore/source-specific proof,CANONICAL_BENCHMARK_TARGET,,354,354
211,14,Distributed Cluster Managers,resource_reservation,CANDIDATE_CANONICAL,observe|normalize|compute|command|actuate|readback|attribute|measure|compare|restore|seal|reproduce,OPEN_UNTIL_EXECUTED,375,PROVISIONAL_NEEDS_CONCRETE_CONTRACT,name-level candidate; requires actuator/readback/restore/source-specific proof,CANONICAL_BENCHMARK_TARGET,,355,355
212,14,Distributed Cluster Managers,cluster_quota,CANDIDATE_CANONICAL,observe|normalize|compute|command|actuate|readback|attribute|measure|compare|restore|seal|reproduce,OPEN_UNTIL_EXECUTED,376,PROVISIONAL_NEEDS_CONCRETE_CONTRACT,name-level candidate; requires actuator/readback/restore/source-specific proof,CANONICAL_BENCHMARK_TARGET,,356,356
213,14,Distributed Cluster Managers,task_preemption,CANDIDATE_CANONICAL,observe|normalize|compute|command|actuate|readback|attribute|measure|compare|restore|seal|reproduce,OPEN_UNTIL_EXECUTED,377,PROVISIONAL_NEEDS_CONCRETE_CONTRACT,name-level candidate; requires actuator/readback/restore/source-specific proof,CANONICAL_BENCHMARK_TARGET,,357,357
214,14,Distributed Cluster Managers,binpack_pressure,CANDIDATE_CANONICAL,observe|normalize|compute|command|actuate|readback|attribute|measure|compare|restore|seal|reproduce,OPEN_UNTIL_EXECUTED,378,PROVISIONAL_NEEDS_CONCRETE_CONTRACT,name-level candidate; requires actuator/readback/restore/source-specific proof,CANONICAL_BENCHMARK_TARGET,,358,358
215,14,Distributed Cluster Managers,spread_pressure,CANDIDATE_CANONICAL,observe|normalize|compute|command|actuate|readback|attribute|measure|compare|restore|seal|reproduce,OPEN_UNTIL_EXECUTED,379,PROVISIONAL_NEEDS_CONCRETE_CONTRACT,name-level candidate; requires actuator/readback/restore/source-specific proof,CANONICAL_BENCHMARK_TARGET,,359,359
216,14,Distributed Cluster Managers,gang_schedule,CANDIDATE_CANONICAL,observe|normalize|compute|command|actuate|readback|attribute|measure|compare|restore|seal|reproduce,OPEN_UNTIL_EXECUTED,380,PROVISIONAL_NEEDS_CONCRETE_CONTRACT,name-level candidate; requires actuator/readback/restore/source-specific proof,CANONICAL_BENCHMARK_TARGET,,360,360
217,14,Distributed Cluster Managers,worker_allocation,CANDIDATE_CANONICAL,observe|normalize|compute|command|actuate|readback|attribute|measure|compare|restore|seal|reproduce,OPEN_UNTIL_EXECUTED,381,PROVISIONAL_NEEDS_CONCRETE_CONTRACT,name-level candidate; requires actuator/readback/restore/source-specific proof,CANONICAL_BENCHMARK_TARGET,,361,361
218,14,Distributed Cluster Managers,maintenance_evacuation,CANDIDATE_CANONICAL,observe|normalize|compute|command|actuate|readback|attribute|measure|compare|restore|seal|reproduce,OPEN_UNTIL_EXECUTED,382,PROVISIONAL_NEEDS_CONCRETE_CONTRACT,name-level candidate; requires actuator/readback/restore/source-specific proof,CANONICAL_BENCHMARK_TARGET,,362,362
219,14,Distributed Cluster Managers,oversubscription,CANDIDATE_CANONICAL,observe|normalize|compute|command|actuate|readback|attribute|measure|compare|restore|seal|reproduce,OPEN_UNTIL_EXECUTED,383,PROVISIONAL_NEEDS_CONCRETE_CONTRACT,name-level candidate; requires actuator/readback/restore/source-specific proof,CANONICAL_BENCHMARK_TARGET,,363,363
220,14,Distributed Cluster Managers,resource_reclaim,CANDIDATE_CANONICAL,observe|normalize|compute|command|actuate|readback|attribute|measure|compare|restore|seal|reproduce,OPEN_UNTIL_EXECUTED,384,PROVISIONAL_NEEDS_CONCRETE_CONTRACT,name-level candidate; requires actuator/readback/restore/source-specific proof,CANONICAL_BENCHMARK_TARGET,,364,364
221,14,Distributed Cluster Managers,queue_fairness,CANDIDATE_CANONICAL,observe|normalize|compute|command|actuate|readback|attribute|measure|compare|restore|seal|reproduce,OPEN_UNTIL_EXECUTED,385,PROVISIONAL_NEEDS_CONCRETE_CONTRACT,name-level candidate; requires actuator/readback/restore/source-specific proof,CANONICAL_BENCHMARK_TARGET,,365,365
222,14,Distributed Cluster Managers,deadline_pressure,CANDIDATE_CANONICAL,observe|normalize|compute|command|actuate|readback|attribute|measure|compare|restore|seal|reproduce,OPEN_UNTIL_EXECUTED,386,PROVISIONAL_NEEDS_CONCRETE_CONTRACT,name-level candidate; requires actuator/readback/restore/source-specific proof,CANONICAL_BENCHMARK_TARGET,,366,366
223,14,Distributed Cluster Managers,scheduler_retry,CANDIDATE_CANONICAL,observe|normalize|compute|command|actuate|readback|attribute|measure|compare|restore|seal|reproduce,OPEN_UNTIL_EXECUTED,387,PROVISIONAL_NEEDS_CONCRETE_CONTRACT,name-level candidate; requires actuator/readback/restore/source-specific proof,CANONICAL_BENCHMARK_TARGET,,367,367
289,19,Messaging & Streaming,partition_count,CANDIDATE_CANONICAL,observe|normalize|compute|command|actuate|readback|attribute|measure|compare|restore|seal|reproduce,OPEN_UNTIL_EXECUTED,388,PROVISIONAL_NEEDS_CONCRETE_CONTRACT,name-level candidate; requires actuator/readback/restore/source-specific proof,CANONICAL_BENCHMARK_TARGET,,368,368
290,19,Messaging & Streaming,partition_placement,CANDIDATE_CANONICAL,observe|normalize|compute|command|actuate|readback|attribute|measure|compare|restore|seal|reproduce,OPEN_UNTIL_EXECUTED,389,PROVISIONAL_NEEDS_CONCRETE_CONTRACT,name-level candidate; requires actuator/readback/restore/source-specific proof,CANONICAL_BENCHMARK_TARGET,,369,369
291,19,Messaging & Streaming,producer_quota,CANDIDATE_CANONICAL,observe|normalize|compute|command|actuate|readback|attribute|measure|compare|restore|seal|reproduce,OPEN_UNTIL_EXECUTED,390,PROVISIONAL_NEEDS_CONCRETE_CONTRACT,name-level candidate; requires actuator/readback/restore/source-specific proof,CANONICAL_BENCHMARK_TARGET,,370,370
292,19,Messaging & Streaming,consumer_quota,CANDIDATE_CANONICAL,observe|normalize|compute|command|actuate|readback|attribute|measure|compare|restore|seal|reproduce,OPEN_UNTIL_EXECUTED,391,PROVISIONAL_NEEDS_CONCRETE_CONTRACT,name-level candidate; requires actuator/readback/restore/source-specific proof,CANONICAL_BENCHMARK_TARGET,,371,371
293,19,Messaging & Streaming,broker_io_quota,CANDIDATE_CANONICAL,observe|normalize|compute|command|actuate|readback|attribute|measure|compare|restore|seal|reproduce,OPEN_UNTIL_EXECUTED,392,PROVISIONAL_NEEDS_CONCRETE_CONTRACT,name-level candidate; requires actuator/readback/restore/source-specific proof,CANONICAL_BENCHMARK_TARGET,,372,372
294,19,Messaging & Streaming,message_retention,CANDIDATE_CANONICAL,observe|normalize|compute|command|actuate|readback|attribute|measure|compare|restore|seal|reproduce,OPEN_UNTIL_EXECUTED,393,PROVISIONAL_NEEDS_CONCRETE_CONTRACT,name-level candidate; requires actuator/readback/restore/source-specific proof,CANONICAL_BENCHMARK_TARGET,,373,373
295,19,Messaging & Streaming,queue_depth_limit,CANDIDATE_CANONICAL,observe|normalize|compute|command|actuate|readback|attribute|measure|compare|restore|seal|reproduce,OPEN_UNTIL_EXECUTED,394,MERGE_REVIEW,semantic authority overlap with request_queue_limit,CANONICAL_BENCHMARK_TARGET,,374,374
296,19,Messaging & Streaming,consumer_concurrency,CANDIDATE_CANONICAL,observe|normalize|compute|command|actuate|readback|attribute|measure|compare|restore|seal|reproduce,OPEN_UNTIL_EXECUTED,395,PROVISIONAL_NEEDS_CONCRETE_CONTRACT,name-level candidate; requires actuator/readback/restore/source-specific proof,CANONICAL_BENCHMARK_TARGET,,375,375
297,19,Messaging & Streaming,producer_batch_size,CANDIDATE_CANONICAL,observe|normalize|compute|command|actuate|readback|attribute|measure|compare|restore|seal|reproduce,OPEN_UNTIL_EXECUTED,396,PROVISIONAL_NEEDS_CONCRETE_CONTRACT,name-level candidate; requires actuator/readback/restore/source-specific proof,CANONICAL_BENCHMARK_TARGET,,376,376
298,19,Messaging & Streaming,fetch_batch_size,CANDIDATE_CANONICAL,observe|normalize|compute|command|actuate|readback|attribute|measure|compare|restore|seal|reproduce,OPEN_UNTIL_EXECUTED,397,PROVISIONAL_NEEDS_CONCRETE_CONTRACT,name-level candidate; requires actuator/readback/restore/source-specific proof,CANONICAL_BENCHMARK_TARGET,,377,377
299,19,Messaging & Streaming,rebalance_rate,CANDIDATE_CANONICAL,observe|normalize|compute|command|actuate|readback|attribute|measure|compare|restore|seal|reproduce,OPEN_UNTIL_EXECUTED,398,PROVISIONAL_NEEDS_CONCRETE_CONTRACT,name-level candidate; requires actuator/readback/restore/source-specific proof,CANONICAL_BENCHMARK_TARGET,,378,378
300,19,Messaging & Streaming,replication_factor,CANDIDATE_CANONICAL,observe|normalize|compute|command|actuate|readback|attribute|measure|compare|restore|seal|reproduce,OPEN_UNTIL_EXECUTED,399,PROVISIONAL_NEEDS_CONCRETE_CONTRACT,name-level candidate; requires actuator/readback/restore/source-specific proof,CANONICAL_BENCHMARK_TARGET,,379,379
301,19,Messaging & Streaming,retry_backoff,CANDIDATE_CANONICAL,observe|normalize|compute|command|actuate|readback|attribute|measure|compare|restore|seal|reproduce,OPEN_UNTIL_EXECUTED,400,PROVISIONAL_NEEDS_CONCRETE_CONTRACT,name-level candidate; requires actuator/readback/restore/source-specific proof,CANONICAL_BENCHMARK_TARGET,,380,380
302,19,Messaging & Streaming,dead_letter_divert,CANDIDATE_CANONICAL,observe|normalize|compute|command|actuate|readback|attribute|measure|compare|restore|seal|reproduce,OPEN_UNTIL_EXECUTED,401,PROVISIONAL_NEEDS_CONCRETE_CONTRACT,name-level candidate; requires actuator/readback/restore/source-specific proof,CANONICAL_BENCHMARK_TARGET,,381,381
303,19,Messaging & Streaming,stream_priority,CANDIDATE_CANONICAL,observe|normalize|compute|command|actuate|readback|attribute|measure|compare|restore|seal|reproduce,OPEN_UNTIL_EXECUTED,402,PROVISIONAL_NEEDS_CONCRETE_CONTRACT,name-level candidate; requires actuator/readback/restore/source-specific proof,CANONICAL_BENCHMARK_TARGET,,382,382
304,19,Messaging & Streaming,broker_failover,CANDIDATE_CANONICAL,observe|normalize|compute|command|actuate|readback|attribute|measure|compare|restore|seal|reproduce,OPEN_UNTIL_EXECUTED,403,PROVISIONAL_NEEDS_CONCRETE_CONTRACT,name-level candidate; requires actuator/readback/restore/source-specific proof,CANONICAL_BENCHMARK_TARGET,,383,383
305,20,Cache & Memory Services,cache_size,CANDIDATE_CANONICAL,observe|normalize|compute|command|actuate|readback|attribute|measure|compare|restore|seal|reproduce,OPEN_UNTIL_EXECUTED,404,PROVISIONAL_NEEDS_CONCRETE_CONTRACT,name-level candidate; requires actuator/readback/restore/source-specific proof,CANONICAL_BENCHMARK_TARGET,,384,384
306,20,Cache & Memory Services,cache_ttl,CANDIDATE_CANONICAL,observe|normalize|compute|command|actuate|readback|attribute|measure|compare|restore|seal|reproduce,OPEN_UNTIL_EXECUTED,405,PROVISIONAL_NEEDS_CONCRETE_CONTRACT,name-level candidate; requires actuator/readback/restore/source-specific proof,CANONICAL_BENCHMARK_TARGET,,385,385
307,20,Cache & Memory Services,cache_eviction_policy,CANDIDATE_CANONICAL,observe|normalize|compute|command|actuate|readback|attribute|measure|compare|restore|seal|reproduce,OPEN_UNTIL_EXECUTED,406,PROVISIONAL_NEEDS_CONCRETE_CONTRACT,name-level candidate; requires actuator/readback/restore/source-specific proof,CANONICAL_BENCHMARK_TARGET,,386,386
308,20,Cache & Memory Services,cache_replicas,CANDIDATE_CANONICAL,observe|normalize|compute|command|actuate|readback|attribute|measure|compare|restore|seal|reproduce,OPEN_UNTIL_EXECUTED,407,PROVISIONAL_NEEDS_CONCRETE_CONTRACT,name-level candidate; requires actuator/readback/restore/source-specific proof,CANONICAL_BENCHMARK_TARGET,,387,387
309,20,Cache & Memory Services,cache_sharding,CANDIDATE_CANONICAL,observe|normalize|compute|command|actuate|readback|attribute|measure|compare|restore|seal|reproduce,OPEN_UNTIL_EXECUTED,408,PROVISIONAL_NEEDS_CONCRETE_CONTRACT,name-level candidate; requires actuator/readback/restore/source-specific proof,CANONICAL_BENCHMARK_TARGET,,388,388
310,20,Cache & Memory Services,cache_prefetch,CANDIDATE_CANONICAL,observe|normalize|compute|command|actuate|readback|attribute|measure|compare|restore|seal|reproduce,OPEN_UNTIL_EXECUTED,409,PROVISIONAL_NEEDS_CONCRETE_CONTRACT,name-level candidate; requires actuator/readback/restore/source-specific proof,CANONICAL_BENCHMARK_TARGET,,389,389
311,20,Cache & Memory Services,cache_writeback_rate,CANDIDATE_CANONICAL,observe|normalize|compute|command|actuate|readback|attribute|measure|compare|restore|seal|reproduce,OPEN_UNTIL_EXECUTED,410,PROVISIONAL_NEEDS_CONCRETE_CONTRACT,name-level candidate; requires actuator/readback/restore/source-specific proof,CANONICAL_BENCHMARK_TARGET,,390,390
312,20,Cache & Memory Services,cache_admission,CANDIDATE_CANONICAL,observe|normalize|compute|command|actuate|readback|attribute|measure|compare|restore|seal|reproduce,OPEN_UNTIL_EXECUTED,411,PROVISIONAL_NEEDS_CONCRETE_CONTRACT,name-level candidate; requires actuator/readback/restore/source-specific proof,CANONICAL_BENCHMARK_TARGET,,391,391
313,20,Cache & Memory Services,hot_key_isolation,CANDIDATE_CANONICAL,observe|normalize|compute|command|actuate|readback|attribute|measure|compare|restore|seal|reproduce,OPEN_UNTIL_EXECUTED,412,PROVISIONAL_NEEDS_CONCRETE_CONTRACT,name-level candidate; requires actuator/readback/restore/source-specific proof,CANONICAL_BENCHMARK_TARGET,,392,392
314,20,Cache & Memory Services,cache_connection_limit,CANDIDATE_CANONICAL,observe|normalize|compute|command|actuate|readback|attribute|measure|compare|restore|seal|reproduce,OPEN_UNTIL_EXECUTED,413,PROVISIONAL_NEEDS_CONCRETE_CONTRACT,name-level candidate; requires actuator/readback/restore/source-specific proof,CANONICAL_BENCHMARK_TARGET,,393,393
315,20,Cache & Memory Services,cache_memory_limit,CANDIDATE_CANONICAL,observe|normalize|compute|command|actuate|readback|attribute|measure|compare|restore|seal|reproduce,OPEN_UNTIL_EXECUTED,414,PROVISIONAL_NEEDS_CONCRETE_CONTRACT,name-level candidate; requires actuator/readback/restore/source-specific proof,CANONICAL_BENCHMARK_TARGET,,394,394
316,20,Cache & Memory Services,cache_compression,CANDIDATE_CANONICAL,observe|normalize|compute|command|actuate|readback|attribute|measure|compare|restore|seal|reproduce,OPEN_UNTIL_EXECUTED,415,PROVISIONAL_NEEDS_CONCRETE_CONTRACT,name-level candidate; requires actuator/readback/restore/source-specific proof,CANONICAL_BENCHMARK_TARGET,,395,395
317,20,Cache & Memory Services,cache_warmup,CANDIDATE_CANONICAL,observe|normalize|compute|command|actuate|readback|attribute|measure|compare|restore|seal|reproduce,OPEN_UNTIL_EXECUTED,416,PROVISIONAL_NEEDS_CONCRETE_CONTRACT,name-level candidate; requires actuator/readback/restore/source-specific proof,CANONICAL_BENCHMARK_TARGET,,396,396
318,20,Cache & Memory Services,cache_failover,CANDIDATE_CANONICAL,observe|normalize|compute|command|actuate|readback|attribute|measure|compare|restore|seal|reproduce,OPEN_UNTIL_EXECUTED,417,PROVISIONAL_NEEDS_CONCRETE_CONTRACT,name-level candidate; requires actuator/readback/restore/source-specific proof,CANONICAL_BENCHMARK_TARGET,,397,397
319,20,Cache & Memory Services,cache_flush_rate,CANDIDATE_CANONICAL,observe|normalize|compute|command|actuate|readback|attribute|measure|compare|restore|seal|reproduce,OPEN_UNTIL_EXECUTED,418,PROVISIONAL_NEEDS_CONCRETE_CONTRACT,name-level candidate; requires actuator/readback/restore/source-specific proof,CANONICAL_BENCHMARK_TARGET,,398,398
321,21,"Search, Indexing & Vector DB",index_workers,CANDIDATE_CANONICAL,observe|normalize|compute|command|actuate|readback|attribute|measure|compare|restore|seal|reproduce,OPEN_UNTIL_EXECUTED,420,PROVISIONAL_NEEDS_CONCRETE_CONTRACT,name-level candidate; requires actuator/readback/restore/source-specific proof,CANONICAL_BENCHMARK_TARGET,,399,399
322,21,"Search, Indexing & Vector DB",index_refresh_rate,CANDIDATE_CANONICAL,observe|normalize|compute|command|actuate|readback|attribute|measure|compare|restore|seal|reproduce,OPEN_UNTIL_EXECUTED,421,PROVISIONAL_NEEDS_CONCRETE_CONTRACT,name-level candidate; requires actuator/readback/restore/source-specific proof,CANONICAL_BENCHMARK_TARGET,,400,400
323,21,"Search, Indexing & Vector DB",segment_merge_rate,CANDIDATE_CANONICAL,observe|normalize|compute|command|actuate|readback|attribute|measure|compare|restore|seal|reproduce,OPEN_UNTIL_EXECUTED,422,PROVISIONAL_NEEDS_CONCRETE_CONTRACT,name-level candidate; requires actuator/readback/restore/source-specific proof,CANONICAL_BENCHMARK_TARGET,,401,401
324,21,"Search, Indexing & Vector DB",search_concurrency,CANDIDATE_CANONICAL,observe|normalize|compute|command|actuate|readback|attribute|measure|compare|restore|seal|reproduce,OPEN_UNTIL_EXECUTED,423,PROVISIONAL_NEEDS_CONCRETE_CONTRACT,name-level candidate; requires actuator/readback/restore/source-specific proof,CANONICAL_BENCHMARK_TARGET,,402,402
325,21,"Search, Indexing & Vector DB",search_timeout,CANDIDATE_CANONICAL,observe|normalize|compute|command|actuate|readback|attribute|measure|compare|restore|seal|reproduce,OPEN_UNTIL_EXECUTED,424,PROVISIONAL_NEEDS_CONCRETE_CONTRACT,name-level candidate; requires actuator/readback/restore/source-specific proof,CANONICAL_BENCHMARK_TARGET,,403,403
326,21,"Search, Indexing & Vector DB",shard_count,CANDIDATE_CANONICAL,observe|normalize|compute|command|actuate|readback|attribute|measure|compare|restore|seal|reproduce,OPEN_UNTIL_EXECUTED,425,PROVISIONAL_NEEDS_CONCRETE_CONTRACT,name-level candidate; requires actuator/readback/restore/source-specific proof,CANONICAL_BENCHMARK_TARGET,,404,404
327,21,"Search, Indexing & Vector DB",shard_replication,CANDIDATE_CANONICAL,observe|normalize|compute|command|actuate|readback|attribute|measure|compare|restore|seal|reproduce,OPEN_UNTIL_EXECUTED,426,PROVISIONAL_NEEDS_CONCRETE_CONTRACT,name-level candidate; requires actuator/readback/restore/source-specific proof,CANONICAL_BENCHMARK_TARGET,,405,405
328,21,"Search, Indexing & Vector DB",shard_rebalance,CANDIDATE_CANONICAL,observe|normalize|compute|command|actuate|readback|attribute|measure|compare|restore|seal|reproduce,OPEN_UNTIL_EXECUTED,427,PROVISIONAL_NEEDS_CONCRETE_CONTRACT,name-level candidate; requires actuator/readback/restore/source-specific proof,CANONICAL_BENCHMARK_TARGET,,406,406
329,21,"Search, Indexing & Vector DB",vector_search_k,CANDIDATE_CANONICAL,observe|normalize|compute|command|actuate|readback|attribute|measure|compare|restore|seal|reproduce,OPEN_UNTIL_EXECUTED,428,PROVISIONAL_NEEDS_CONCRETE_CONTRACT,name-level candidate; requires actuator/readback/restore/source-specific proof,CANONICAL_BENCHMARK_TARGET,,407,407
330,21,"Search, Indexing & Vector DB",vector_batch_size,CANDIDATE_CANONICAL,observe|normalize|compute|command|actuate|readback|attribute|measure|compare|restore|seal|reproduce,OPEN_UNTIL_EXECUTED,429,PROVISIONAL_NEEDS_CONCRETE_CONTRACT,name-level candidate; requires actuator/readback/restore/source-specific proof,CANONICAL_BENCHMARK_TARGET,,408,408
331,21,"Search, Indexing & Vector DB",embedding_workers,CANDIDATE_CANONICAL,observe|normalize|compute|command|actuate|readback|attribute|measure|compare|restore|seal|reproduce,OPEN_UNTIL_EXECUTED,430,PROVISIONAL_NEEDS_CONCRETE_CONTRACT,name-level candidate; requires actuator/readback/restore/source-specific proof,CANONICAL_BENCHMARK_TARGET,,409,409
332,21,"Search, Indexing & Vector DB",index_memory_budget,CANDIDATE_CANONICAL,observe|normalize|compute|command|actuate|readback|attribute|measure|compare|restore|seal|reproduce,OPEN_UNTIL_EXECUTED,431,PROVISIONAL_NEEDS_CONCRETE_CONTRACT,name-level candidate; requires actuator/readback/restore/source-specific proof,CANONICAL_BENCHMARK_TARGET,,410,410
333,21,"Search, Indexing & Vector DB",query_route,CANDIDATE_CANONICAL,observe|normalize|compute|command|actuate|readback|attribute|measure|compare|restore|seal|reproduce,OPEN_UNTIL_EXECUTED,432,PROVISIONAL_NEEDS_CONCRETE_CONTRACT,name-level candidate; requires actuator/readback/restore/source-specific proof,CANONICAL_BENCHMARK_TARGET,,411,411
334,21,"Search, Indexing & Vector DB",hot_shard_isolation,CANDIDATE_CANONICAL,observe|normalize|compute|command|actuate|readback|attribute|measure|compare|restore|seal|reproduce,OPEN_UNTIL_EXECUTED,433,PROVISIONAL_NEEDS_CONCRETE_CONTRACT,name-level candidate; requires actuator/readback/restore/source-specific proof,CANONICAL_BENCHMARK_TARGET,,412,412
335,21,"Search, Indexing & Vector DB",search_admission,CANDIDATE_CANONICAL,observe|normalize|compute|command|actuate|readback|attribute|measure|compare|restore|seal|reproduce,OPEN_UNTIL_EXECUTED,434,PROVISIONAL_NEEDS_CONCRETE_CONTRACT,name-level candidate; requires actuator/readback/restore/source-specific proof,CANONICAL_BENCHMARK_TARGET,,413,413
338,22,Data Analytics & ETL,executor_size,CANDIDATE_CANONICAL,observe|normalize|compute|command|actuate|readback|attribute|measure|compare|restore|seal|reproduce,OPEN_UNTIL_EXECUTED,437,PROVISIONAL_NEEDS_CONCRETE_CONTRACT,name-level candidate; requires actuator/readback/restore/source-specific proof,CANONICAL_BENCHMARK_TARGET,,414,414
339,22,Data Analytics & ETL,dynamic_allocation_min,CANDIDATE_CANONICAL,observe|normalize|compute|command|actuate|readback|attribute|measure|compare|restore|seal|reproduce,OPEN_UNTIL_EXECUTED,438,PROVISIONAL_NEEDS_CONCRETE_CONTRACT,name-level candidate; requires actuator/readback/restore/source-specific proof,CANONICAL_BENCHMARK_TARGET,,415,415
340,22,Data Analytics & ETL,dynamic_allocation_max,CANDIDATE_CANONICAL,observe|normalize|compute|command|actuate|readback|attribute|measure|compare|restore|seal|reproduce,OPEN_UNTIL_EXECUTED,439,PROVISIONAL_NEEDS_CONCRETE_CONTRACT,name-level candidate; requires actuator/readback/restore/source-specific proof,CANONICAL_BENCHMARK_TARGET,,416,416
341,22,Data Analytics & ETL,shuffle_partitions,CANDIDATE_CANONICAL,observe|normalize|compute|command|actuate|readback|attribute|measure|compare|restore|seal|reproduce,OPEN_UNTIL_EXECUTED,440,PROVISIONAL_NEEDS_CONCRETE_CONTRACT,name-level candidate; requires actuator/readback/restore/source-specific proof,CANONICAL_BENCHMARK_TARGET,,417,417
342,22,Data Analytics & ETL,shuffle_bandwidth,CANDIDATE_CANONICAL,observe|normalize|compute|command|actuate|readback|attribute|measure|compare|restore|seal|reproduce,OPEN_UNTIL_EXECUTED,441,PROVISIONAL_NEEDS_CONCRETE_CONTRACT,name-level candidate; requires actuator/readback/restore/source-specific proof,CANONICAL_BENCHMARK_TARGET,,418,418
343,22,Data Analytics & ETL,etl_concurrency,CANDIDATE_CANONICAL,observe|normalize|compute|command|actuate|readback|attribute|measure|compare|restore|seal|reproduce,OPEN_UNTIL_EXECUTED,442,PROVISIONAL_NEEDS_CONCRETE_CONTRACT,name-level candidate; requires actuator/readback/restore/source-specific proof,CANONICAL_BENCHMARK_TARGET,,419,419
344,22,Data Analytics & ETL,stage_parallelism,CANDIDATE_CANONICAL,observe|normalize|compute|command|actuate|readback|attribute|measure|compare|restore|seal|reproduce,OPEN_UNTIL_EXECUTED,443,PROVISIONAL_NEEDS_CONCRETE_CONTRACT,name-level candidate; requires actuator/readback/restore/source-specific proof,CANONICAL_BENCHMARK_TARGET,,420,420
345,22,Data Analytics & ETL,query_slots,CANDIDATE_CANONICAL,observe|normalize|compute|command|actuate|readback|attribute|measure|compare|restore|seal|reproduce,OPEN_UNTIL_EXECUTED,444,PROVISIONAL_NEEDS_CONCRETE_CONTRACT,name-level candidate; requires actuator/readback/restore/source-specific proof,CANONICAL_BENCHMARK_TARGET,,421,421
346,22,Data Analytics & ETL,spill_threshold,CANDIDATE_CANONICAL,observe|normalize|compute|command|actuate|readback|attribute|measure|compare|restore|seal|reproduce,OPEN_UNTIL_EXECUTED,445,PROVISIONAL_NEEDS_CONCRETE_CONTRACT,name-level candidate; requires actuator/readback/restore/source-specific proof,CANONICAL_BENCHMARK_TARGET,,422,422
347,22,Data Analytics & ETL,cache_fraction,CANDIDATE_CANONICAL,observe|normalize|compute|command|actuate|readback|attribute|measure|compare|restore|seal|reproduce,OPEN_UNTIL_EXECUTED,446,PROVISIONAL_NEEDS_CONCRETE_CONTRACT,name-level candidate; requires actuator/readback/restore/source-specific proof,CANONICAL_BENCHMARK_TARGET,,423,423
348,22,Data Analytics & ETL,batch_interval,CANDIDATE_CANONICAL,observe|normalize|compute|command|actuate|readback|attribute|measure|compare|restore|seal|reproduce,OPEN_UNTIL_EXECUTED,447,PROVISIONAL_NEEDS_CONCRETE_CONTRACT,name-level candidate; requires actuator/readback/restore/source-specific proof,CANONICAL_BENCHMARK_TARGET,,424,424
349,22,Data Analytics & ETL,stream_backpressure,CANDIDATE_CANONICAL,observe|normalize|compute|command|actuate|readback|attribute|measure|compare|restore|seal|reproduce,OPEN_UNTIL_EXECUTED,448,PROVISIONAL_NEEDS_CONCRETE_CONTRACT,name-level candidate; requires actuator/readback/restore/source-specific proof,CANONICAL_BENCHMARK_TARGET,,425,425
350,22,Data Analytics & ETL,data_locality_wait,CANDIDATE_CANONICAL,observe|normalize|compute|command|actuate|readback|attribute|measure|compare|restore|seal|reproduce,OPEN_UNTIL_EXECUTED,449,PROVISIONAL_NEEDS_CONCRETE_CONTRACT,name-level candidate; requires actuator/readback/restore/source-specific proof,CANONICAL_BENCHMARK_TARGET,,426,426
351,22,Data Analytics & ETL,speculation_policy,CANDIDATE_CANONICAL,observe|normalize|compute|command|actuate|readback|attribute|measure|compare|restore|seal|reproduce,OPEN_UNTIL_EXECUTED,450,PROVISIONAL_NEEDS_CONCRETE_CONTRACT,name-level candidate; requires actuator/readback/restore/source-specific proof,CANONICAL_BENCHMARK_TARGET,,427,427
352,22,Data Analytics & ETL,analytics_admission,CANDIDATE_CANONICAL,observe|normalize|compute|command|actuate|readback|attribute|measure|compare|restore|seal|reproduce,OPEN_UNTIL_EXECUTED,451,PROVISIONAL_NEEDS_CONCRETE_CONTRACT,name-level candidate; requires actuator/readback/restore/source-specific proof,CANONICAL_BENCHMARK_TARGET,,428,428
353,23,Runtime & Application,worker_count,CANDIDATE_CANONICAL,observe|normalize|compute|command|actuate|readback|attribute|measure|compare|restore|seal|reproduce,OPEN_UNTIL_EXECUTED,452,MERGE_REVIEW,semantic authority overlap with executor_count,CANONICAL_BENCHMARK_TARGET,,429,429
354,23,Runtime & Application,thread_pool,CANDIDATE_CANONICAL,observe|normalize|compute|command|actuate|readback|attribute|measure|compare|restore|seal|reproduce,OPEN_UNTIL_EXECUTED,453,PROVISIONAL_NEEDS_CONCRETE_CONTRACT,name-level candidate; requires actuator/readback/restore/source-specific proof,CANONICAL_BENCHMARK_TARGET,,430,430
355,23,Runtime & Application,jvm_heap,CANDIDATE_CANONICAL,observe|normalize|compute|command|actuate|readback|attribute|measure|compare|restore|seal|reproduce,OPEN_UNTIL_EXECUTED,454,PROVISIONAL_NEEDS_CONCRETE_CONTRACT,name-level candidate; requires actuator/readback/restore/source-specific proof,CANONICAL_BENCHMARK_TARGET,,431,431
356,23,Runtime & Application,gc_budget,CANDIDATE_CANONICAL,observe|normalize|compute|command|actuate|readback|attribute|measure|compare|restore|seal|reproduce,OPEN_UNTIL_EXECUTED,455,PROVISIONAL_NEEDS_CONCRETE_CONTRACT,name-level candidate; requires actuator/readback/restore/source-specific proof,CANONICAL_BENCHMARK_TARGET,,432,432
357,23,Runtime & Application,connection_pool_runtime,CANDIDATE_CANONICAL,observe|normalize|compute|command|actuate|readback|attribute|measure|compare|restore|seal|reproduce,OPEN_UNTIL_EXECUTED,456,MERGE_REVIEW,semantic authority overlap with db_connections,CANONICAL_BENCHMARK_TARGET,,433,433
358,23,Runtime & Application,application_cache_size,CANDIDATE_CANONICAL,observe|normalize|compute|command|actuate|readback|attribute|measure|compare|restore|seal|reproduce,OPEN_UNTIL_EXECUTED,457,MERGE_REVIEW,semantic authority overlap with db_cache,CANONICAL_BENCHMARK_TARGET,,434,434
359,23,Runtime & Application,runtime_memory,CANDIDATE_CANONICAL,observe|normalize|compute|command|actuate|readback|attribute|measure|compare|restore|seal|reproduce,OPEN_UNTIL_EXECUTED,458,PROVISIONAL_NEEDS_CONCRETE_CONTRACT,name-level candidate; requires actuator/readback/restore/source-specific proof,CANONICAL_BENCHMARK_TARGET,,435,435
360,23,Runtime & Application,async_concurrency,CANDIDATE_CANONICAL,observe|normalize|compute|command|actuate|readback|attribute|measure|compare|restore|seal|reproduce,OPEN_UNTIL_EXECUTED,459,MERGE_REVIEW,semantic authority overlap with etl_concurrency,CANONICAL_BENCHMARK_TARGET,,436,436
361,23,Runtime & Application,event_loop_workers,CANDIDATE_CANONICAL,observe|normalize|compute|command|actuate|readback|attribute|measure|compare|restore|seal|reproduce,OPEN_UNTIL_EXECUTED,460,PROVISIONAL_NEEDS_CONCRETE_CONTRACT,name-level candidate; requires actuator/readback/restore/source-specific proof,CANONICAL_BENCHMARK_TARGET,,437,437
362,23,Runtime & Application,process_count,CANDIDATE_CANONICAL,observe|normalize|compute|command|actuate|readback|attribute|measure|compare|restore|seal|reproduce,OPEN_UNTIL_EXECUTED,461,PROVISIONAL_NEEDS_CONCRETE_CONTRACT,name-level candidate; requires actuator/readback/restore/source-specific proof,CANONICAL_BENCHMARK_TARGET,,438,438
363,23,Runtime & Application,request_timeout,CANDIDATE_CANONICAL,observe|normalize|compute|command|actuate|readback|attribute|measure|compare|restore|seal|reproduce,OPEN_UNTIL_EXECUTED,462,MERGE_REVIEW,semantic authority overlap with payment_timeout,CANONICAL_BENCHMARK_TARGET,,439,439
364,23,Runtime & Application,background_workers,CANDIDATE_CANONICAL,observe|normalize|compute|command|actuate|readback|attribute|measure|compare|restore|seal|reproduce,OPEN_UNTIL_EXECUTED,463,PROVISIONAL_NEEDS_CONCRETE_CONTRACT,name-level candidate; requires actuator/readback/restore/source-specific proof,CANONICAL_BENCHMARK_TARGET,,440,440
365,23,Runtime & Application,runtime_cpu_budget,CANDIDATE_CANONICAL,observe|normalize|compute|command|actuate|readback|attribute|measure|compare|restore|seal|reproduce,OPEN_UNTIL_EXECUTED,464,PROVISIONAL_NEEDS_CONCRETE_CONTRACT,name-level candidate; requires actuator/readback/restore/source-specific proof,CANONICAL_BENCHMARK_TARGET,,441,441
366,23,Runtime & Application,runtime_io_budget,CANDIDATE_CANONICAL,observe|normalize|compute|command|actuate|readback|attribute|measure|compare|restore|seal|reproduce,OPEN_UNTIL_EXECUTED,465,PROVISIONAL_NEEDS_CONCRETE_CONTRACT,name-level candidate; requires actuator/readback/restore/source-specific proof,CANONICAL_BENCHMARK_TARGET,,442,442
367,23,Runtime & Application,runtime_restart,CANDIDATE_CANONICAL,observe|normalize|compute|command|actuate|readback|attribute|measure|compare|restore|seal|reproduce,OPEN_UNTIL_EXECUTED,466,PROVISIONAL_NEEDS_CONCRETE_CONTRACT,name-level candidate; requires actuator/readback/restore/source-specific proof,CANONICAL_BENCHMARK_TARGET,,443,443
373,24,Observability & Telemetry,collector_memory_limit,CANDIDATE_CANONICAL,observe|normalize|compute|command|actuate|readback|attribute|measure|compare|restore|seal|reproduce,OPEN_UNTIL_EXECUTED,472,PROVISIONAL_NEEDS_CONCRETE_CONTRACT,name-level candidate; requires actuator/readback/restore/source-specific proof,CANONICAL_BENCHMARK_TARGET,,444,444
374,24,Observability & Telemetry,export_concurrency,CANDIDATE_CANONICAL,observe|normalize|compute|command|actuate|readback|attribute|measure|compare|restore|seal|reproduce,OPEN_UNTIL_EXECUTED,473,PROVISIONAL_NEEDS_CONCRETE_CONTRACT,name-level candidate; requires actuator/readback/restore/source-specific proof,CANONICAL_BENCHMARK_TARGET,,445,445
376,24,Observability & Telemetry,cardinality_budget,CANDIDATE_CANONICAL,observe|normalize|compute|command|actuate|readback|attribute|measure|compare|restore|seal|reproduce,OPEN_UNTIL_EXECUTED,475,PROVISIONAL_NEEDS_CONCRETE_CONTRACT,name-level candidate; requires actuator/readback/restore/source-specific proof,CANONICAL_BENCHMARK_TARGET,,446,446
377,24,Observability & Telemetry,retention_window,CANDIDATE_CANONICAL,observe|normalize|compute|command|actuate|readback|attribute|measure|compare|restore|seal|reproduce,OPEN_UNTIL_EXECUTED,476,PROVISIONAL_NEEDS_CONCRETE_CONTRACT,name-level candidate; requires actuator/readback/restore/source-specific proof,CANONICAL_BENCHMARK_TARGET,,447,447
378,24,Observability & Telemetry,remote_write_queue,CANDIDATE_CANONICAL,observe|normalize|compute|command|actuate|readback|attribute|measure|compare|restore|seal|reproduce,OPEN_UNTIL_EXECUTED,477,PROVISIONAL_NEEDS_CONCRETE_CONTRACT,name-level candidate; requires actuator/readback/restore/source-specific proof,CANONICAL_BENCHMARK_TARGET,,448,448
379,24,Observability & Telemetry,telemetry_shed,CANDIDATE_CANONICAL,observe|normalize|compute|command|actuate|readback|attribute|measure|compare|restore|seal|reproduce,OPEN_UNTIL_EXECUTED,478,PROVISIONAL_NEEDS_CONCRETE_CONTRACT,name-level candidate; requires actuator/readback/restore/source-specific proof,CANONICAL_BENCHMARK_TARGET,,449,449
401,26,Commerce & Payment Systems,payment_admission,CANDIDATE_CANONICAL,observe|normalize|compute|command|actuate|readback|attribute|measure|compare|restore|seal|reproduce,OPEN_UNTIL_EXECUTED,484,PROVISIONAL_NEEDS_CONCRETE_CONTRACT,name-level candidate; requires actuator/readback/restore/source-specific proof,CANONICAL_BENCHMARK_TARGET,,450,450
402,26,Commerce & Payment Systems,payment_concurrency,CANDIDATE_CANONICAL,observe|normalize|compute|command|actuate|readback|attribute|measure|compare|restore|seal|reproduce,OPEN_UNTIL_EXECUTED,485,PROVISIONAL_NEEDS_CONCRETE_CONTRACT,name-level candidate; requires actuator/readback/restore/source-specific proof,CANONICAL_BENCHMARK_TARGET,,451,451
403,26,Commerce & Payment Systems,payment_retry,CANDIDATE_CANONICAL,observe|normalize|compute|command|actuate|readback|attribute|measure|compare|restore|seal|reproduce,OPEN_UNTIL_EXECUTED,486,PROVISIONAL_NEEDS_CONCRETE_CONTRACT,name-level candidate; requires actuator/readback/restore/source-specific proof,CANONICAL_BENCHMARK_TARGET,,452,452
404,26,Commerce & Payment Systems,payment_timeout,CANDIDATE_CANONICAL,observe|normalize|compute|command|actuate|readback|attribute|measure|compare|restore|seal|reproduce,OPEN_UNTIL_EXECUTED,487,PROVISIONAL_NEEDS_CONCRETE_CONTRACT,name-level candidate; requires actuator/readback/restore/source-specific proof,CANONICAL_BENCHMARK_TARGET,,453,453
405,26,Commerce & Payment Systems,fraud_review_gate,CANDIDATE_CANONICAL,observe|normalize|compute|command|actuate|readback|attribute|measure|compare|restore|seal|reproduce,OPEN_UNTIL_EXECUTED,488,PROVISIONAL_NEEDS_CONCRETE_CONTRACT,name-level candidate; requires actuator/readback/restore/source-specific proof,CANONICAL_BENCHMARK_TARGET,,454,454
406,26,Commerce & Payment Systems,authorization_route,CANDIDATE_CANONICAL,observe|normalize|compute|command|actuate|readback|attribute|measure|compare|restore|seal|reproduce,OPEN_UNTIL_EXECUTED,489,PROVISIONAL_NEEDS_CONCRETE_CONTRACT,name-level candidate; requires actuator/readback/restore/source-specific proof,CANONICAL_BENCHMARK_TARGET,,455,455
407,26,Commerce & Payment Systems,processor_route_weight,CANDIDATE_CANONICAL,observe|normalize|compute|command|actuate|readback|attribute|measure|compare|restore|seal|reproduce,OPEN_UNTIL_EXECUTED,490,PROVISIONAL_NEEDS_CONCRETE_CONTRACT,name-level candidate; requires actuator/readback/restore/source-specific proof,CANONICAL_BENCHMARK_TARGET,,456,456
408,26,Commerce & Payment Systems,transaction_queue_limit,CANDIDATE_CANONICAL,observe|normalize|compute|command|actuate|readback|attribute|measure|compare|restore|seal|reproduce,OPEN_UNTIL_EXECUTED,491,PROVISIONAL_NEEDS_CONCRETE_CONTRACT,name-level candidate; requires actuator/readback/restore/source-specific proof,CANONICAL_BENCHMARK_TARGET,,457,457
409,26,Commerce & Payment Systems,idempotency_window,CANDIDATE_CANONICAL,observe|normalize|compute|command|actuate|readback|attribute|measure|compare|restore|seal|reproduce,OPEN_UNTIL_EXECUTED,492,PROVISIONAL_NEEDS_CONCRETE_CONTRACT,name-level candidate; requires actuator/readback/restore/source-specific proof,CANONICAL_BENCHMARK_TARGET,,458,458
410,26,Commerce & Payment Systems,order_reservation,CANDIDATE_CANONICAL,observe|normalize|compute|command|actuate|readback|attribute|measure|compare|restore|seal|reproduce,OPEN_UNTIL_EXECUTED,493,PROVISIONAL_NEEDS_CONCRETE_CONTRACT,name-level candidate; requires actuator/readback/restore/source-specific proof,CANONICAL_BENCHMARK_TARGET,,459,459
411,26,Commerce & Payment Systems,inventory_hold,CANDIDATE_CANONICAL,observe|normalize|compute|command|actuate|readback|attribute|measure|compare|restore|seal|reproduce,OPEN_UNTIL_EXECUTED,494,PROVISIONAL_NEEDS_CONCRETE_CONTRACT,name-level candidate; requires actuator/readback/restore/source-specific proof,CANONICAL_BENCHMARK_TARGET,,460,460
412,26,Commerce & Payment Systems,checkout_load_shed,CANDIDATE_CANONICAL,observe|normalize|compute|command|actuate|readback|attribute|measure|compare|restore|seal|reproduce,OPEN_UNTIL_EXECUTED,495,PROVISIONAL_NEEDS_CONCRETE_CONTRACT,name-level candidate; requires actuator/readback/restore/source-specific proof,CANONICAL_BENCHMARK_TARGET,,461,461
413,26,Commerce & Payment Systems,refund_queue_rate,CANDIDATE_CANONICAL,observe|normalize|compute|command|actuate|readback|attribute|measure|compare|restore|seal|reproduce,OPEN_UNTIL_EXECUTED,496,PROVISIONAL_NEEDS_CONCRETE_CONTRACT,name-level candidate; requires actuator/readback/restore/source-specific proof,CANONICAL_BENCHMARK_TARGET,,462,462
414,26,Commerce & Payment Systems,settlement_batch,CANDIDATE_CANONICAL,observe|normalize|compute|command|actuate|readback|attribute|measure|compare|restore|seal|reproduce,OPEN_UNTIL_EXECUTED,497,PROVISIONAL_NEEDS_CONCRETE_CONTRACT,name-level candidate; requires actuator/readback/restore/source-specific proof,CANONICAL_BENCHMARK_TARGET,,463,463
415,26,Commerce & Payment Systems,payment_failover,CANDIDATE_CANONICAL,observe|normalize|compute|command|actuate|readback|attribute|measure|compare|restore|seal|reproduce,OPEN_UNTIL_EXECUTED,498,PROVISIONAL_NEEDS_CONCRETE_CONTRACT,name-level candidate; requires actuator/readback/restore/source-specific proof,CANONICAL_BENCHMARK_TARGET,,464,464
417,27,"Workflow, Logistics & Fulfillment",workflow_admission,CANDIDATE_CANONICAL,observe|normalize|compute|command|actuate|readback|attribute|measure|compare|restore|seal|reproduce,OPEN_UNTIL_EXECUTED,500,PROVISIONAL_NEEDS_CONCRETE_CONTRACT,name-level candidate; requires actuator/readback/restore/source-specific proof,CANONICAL_BENCHMARK_TARGET,,465,465
418,27,"Workflow, Logistics & Fulfillment",workflow_worker_rate,CANDIDATE_CANONICAL,observe|normalize|compute|command|actuate|readback|attribute|measure|compare|restore|seal|reproduce,OPEN_UNTIL_EXECUTED,501,PROVISIONAL_NEEDS_CONCRETE_CONTRACT,name-level candidate; requires actuator/readback/restore/source-specific proof,CANONICAL_BENCHMARK_TARGET,,466,466
419,27,"Workflow, Logistics & Fulfillment",task_queue_rate,CANDIDATE_CANONICAL,observe|normalize|compute|command|actuate|readback|attribute|measure|compare|restore|seal|reproduce,OPEN_UNTIL_EXECUTED,502,PROVISIONAL_NEEDS_CONCRETE_CONTRACT,name-level candidate; requires actuator/readback/restore/source-specific proof,CANONICAL_BENCHMARK_TARGET,,467,467
420,27,"Workflow, Logistics & Fulfillment",workflow_retry,CANDIDATE_CANONICAL,observe|normalize|compute|command|actuate|readback|attribute|measure|compare|restore|seal|reproduce,OPEN_UNTIL_EXECUTED,503,PROVISIONAL_NEEDS_CONCRETE_CONTRACT,name-level candidate; requires actuator/readback/restore/source-specific proof,CANONICAL_BENCHMARK_TARGET,,468,468
421,27,"Workflow, Logistics & Fulfillment",workflow_backoff,CANDIDATE_CANONICAL,observe|normalize|compute|command|actuate|readback|attribute|measure|compare|restore|seal|reproduce,OPEN_UNTIL_EXECUTED,504,PROVISIONAL_NEEDS_CONCRETE_CONTRACT,name-level candidate; requires actuator/readback/restore/source-specific proof,CANONICAL_BENCHMARK_TARGET,,469,469
422,27,"Workflow, Logistics & Fulfillment",workflow_timeout,CANDIDATE_CANONICAL,observe|normalize|compute|command|actuate|readback|attribute|measure|compare|restore|seal|reproduce,OPEN_UNTIL_EXECUTED,505,PROVISIONAL_NEEDS_CONCRETE_CONTRACT,name-level candidate; requires actuator/readback/restore/source-specific proof,CANONICAL_BENCHMARK_TARGET,,470,470
423,27,"Workflow, Logistics & Fulfillment",inventory_allocation,CANDIDATE_CANONICAL,observe|normalize|compute|command|actuate|readback|attribute|measure|compare|restore|seal|reproduce,OPEN_UNTIL_EXECUTED,506,PROVISIONAL_NEEDS_CONCRETE_CONTRACT,name-level candidate; requires actuator/readback/restore/source-specific proof,CANONICAL_BENCHMARK_TARGET,,471,471
424,27,"Workflow, Logistics & Fulfillment",fulfillment_route,CANDIDATE_CANONICAL,observe|normalize|compute|command|actuate|readback|attribute|measure|compare|restore|seal|reproduce,OPEN_UNTIL_EXECUTED,507,PROVISIONAL_NEEDS_CONCRETE_CONTRACT,name-level candidate; requires actuator/readback/restore/source-specific proof,CANONICAL_BENCHMARK_TARGET,,472,472
425,27,"Workflow, Logistics & Fulfillment",warehouse_queue,CANDIDATE_CANONICAL,observe|normalize|compute|command|actuate|readback|attribute|measure|compare|restore|seal|reproduce,OPEN_UNTIL_EXECUTED,508,PROVISIONAL_NEEDS_CONCRETE_CONTRACT,name-level candidate; requires actuator/readback/restore/source-specific proof,CANONICAL_BENCHMARK_TARGET,,473,473
426,27,"Workflow, Logistics & Fulfillment",carrier_selection,CANDIDATE_CANONICAL,observe|normalize|compute|command|actuate|readback|attribute|measure|compare|restore|seal|reproduce,OPEN_UNTIL_EXECUTED,509,PROVISIONAL_NEEDS_CONCRETE_CONTRACT,name-level candidate; requires actuator/readback/restore/source-specific proof,CANONICAL_BENCHMARK_TARGET,,474,474
427,27,"Workflow, Logistics & Fulfillment",dispatch_priority,CANDIDATE_CANONICAL,observe|normalize|compute|command|actuate|readback|attribute|measure|compare|restore|seal|reproduce,OPEN_UNTIL_EXECUTED,510,PROVISIONAL_NEEDS_CONCRETE_CONTRACT,name-level candidate; requires actuator/readback/restore/source-specific proof,CANONICAL_BENCHMARK_TARGET,,475,475
428,27,"Workflow, Logistics & Fulfillment",shipment_batch,CANDIDATE_CANONICAL,observe|normalize|compute|command|actuate|readback|attribute|measure|compare|restore|seal|reproduce,OPEN_UNTIL_EXECUTED,511,PROVISIONAL_NEEDS_CONCRETE_CONTRACT,name-level candidate; requires actuator/readback/restore/source-specific proof,CANONICAL_BENCHMARK_TARGET,,476,476
429,27,"Workflow, Logistics & Fulfillment",route_replan,CANDIDATE_CANONICAL,observe|normalize|compute|command|actuate|readback|attribute|measure|compare|restore|seal|reproduce,OPEN_UNTIL_EXECUTED,512,PROVISIONAL_NEEDS_CONCRETE_CONTRACT,name-level candidate; requires actuator/readback/restore/source-specific proof,CANONICAL_BENCHMARK_TARGET,,477,477
430,27,"Workflow, Logistics & Fulfillment",sla_escalation,CANDIDATE_CANONICAL,observe|normalize|compute|command|actuate|readback|attribute|measure|compare|restore|seal|reproduce,OPEN_UNTIL_EXECUTED,513,PROVISIONAL_NEEDS_CONCRETE_CONTRACT,name-level candidate; requires actuator/readback/restore/source-specific proof,CANONICAL_BENCHMARK_TARGET,,478,478
431,27,"Workflow, Logistics & Fulfillment",compensation_action,CANDIDATE_CANONICAL,observe|normalize|compute|command|actuate|readback|attribute|measure|compare|restore|seal|reproduce,OPEN_UNTIL_EXECUTED,514,PROVISIONAL_NEEDS_CONCRETE_CONTRACT,name-level candidate; requires actuator/readback/restore/source-specific proof,CANONICAL_BENCHMARK_TARGET,,479,479
433,28,Robotics Motion Control,joint_position,CANDIDATE_CANONICAL,observe|normalize|compute|command|actuate|readback|attribute|measure|compare|restore|seal|reproduce,OPEN_UNTIL_EXECUTED,516,PROVISIONAL_NEEDS_CONCRETE_CONTRACT,name-level candidate; requires actuator/readback/restore/source-specific proof,CANONICAL_BENCHMARK_TARGET,,480,480
434,28,Robotics Motion Control,joint_velocity,CANDIDATE_CANONICAL,observe|normalize|compute|command|actuate|readback|attribute|measure|compare|restore|seal|reproduce,OPEN_UNTIL_EXECUTED,517,PROVISIONAL_NEEDS_CONCRETE_CONTRACT,name-level candidate; requires actuator/readback/restore/source-specific proof,CANONICAL_BENCHMARK_TARGET,,481,481
435,28,Robotics Motion Control,joint_acceleration,CANDIDATE_CANONICAL,observe|normalize|compute|command|actuate|readback|attribute|measure|compare|restore|seal|reproduce,OPEN_UNTIL_EXECUTED,518,PROVISIONAL_NEEDS_CONCRETE_CONTRACT,name-level candidate; requires actuator/readback/restore/source-specific proof,CANONICAL_BENCHMARK_TARGET,,482,482
436,28,Robotics Motion Control,joint_effort,CANDIDATE_CANONICAL,observe|normalize|compute|command|actuate|readback|attribute|measure|compare|restore|seal|reproduce,OPEN_UNTIL_EXECUTED,519,PROVISIONAL_NEEDS_CONCRETE_CONTRACT,name-level candidate; requires actuator/readback/restore/source-specific proof,CANONICAL_BENCHMARK_TARGET,,483,483
437,28,Robotics Motion Control,cartesian_velocity,CANDIDATE_CANONICAL,observe|normalize|compute|command|actuate|readback|attribute|measure|compare|restore|seal|reproduce,OPEN_UNTIL_EXECUTED,520,PROVISIONAL_NEEDS_CONCRETE_CONTRACT,name-level candidate; requires actuator/readback/restore/source-specific proof,CANONICAL_BENCHMARK_TARGET,,484,484
438,28,Robotics Motion Control,trajectory_speed,CANDIDATE_CANONICAL,observe|normalize|compute|command|actuate|readback|attribute|measure|compare|restore|seal|reproduce,OPEN_UNTIL_EXECUTED,521,PROVISIONAL_NEEDS_CONCRETE_CONTRACT,name-level candidate; requires actuator/readback/restore/source-specific proof,CANONICAL_BENCHMARK_TARGET,,485,485
439,28,Robotics Motion Control,trajectory_acceleration,CANDIDATE_CANONICAL,observe|normalize|compute|command|actuate|readback|attribute|measure|compare|restore|seal|reproduce,OPEN_UNTIL_EXECUTED,522,PROVISIONAL_NEEDS_CONCRETE_CONTRACT,name-level candidate; requires actuator/readback/restore/source-specific proof,CANONICAL_BENCHMARK_TARGET,,486,486
440,28,Robotics Motion Control,jerk_limit,CANDIDATE_CANONICAL,observe|normalize|compute|command|actuate|readback|attribute|measure|compare|restore|seal|reproduce,OPEN_UNTIL_EXECUTED,523,PROVISIONAL_NEEDS_CONCRETE_CONTRACT,name-level candidate; requires actuator/readback/restore/source-specific proof,CANONICAL_BENCHMARK_TARGET,,487,487
441,28,Robotics Motion Control,collision_margin,CANDIDATE_CANONICAL,observe|normalize|compute|command|actuate|readback|attribute|measure|compare|restore|seal|reproduce,OPEN_UNTIL_EXECUTED,524,PROVISIONAL_NEEDS_CONCRETE_CONTRACT,name-level candidate; requires actuator/readback/restore/source-specific proof,CANONICAL_BENCHMARK_TARGET,,488,488
442,28,Robotics Motion Control,force_limit,CANDIDATE_CANONICAL,observe|normalize|compute|command|actuate|readback|attribute|measure|compare|restore|seal|reproduce,OPEN_UNTIL_EXECUTED,525,PROVISIONAL_NEEDS_CONCRETE_CONTRACT,name-level candidate; requires actuator/readback/restore/source-specific proof,CANONICAL_BENCHMARK_TARGET,,489,489
443,28,Robotics Motion Control,gripper_force,CANDIDATE_CANONICAL,observe|normalize|compute|command|actuate|readback|attribute|measure|compare|restore|seal|reproduce,OPEN_UNTIL_EXECUTED,526,PROVISIONAL_NEEDS_CONCRETE_CONTRACT,name-level candidate; requires actuator/readback/restore/source-specific proof,CANONICAL_BENCHMARK_TARGET,,490,490
444,28,Robotics Motion Control,locomotion_speed,CANDIDATE_CANONICAL,observe|normalize|compute|command|actuate|readback|attribute|measure|compare|restore|seal|reproduce,OPEN_UNTIL_EXECUTED,527,PROVISIONAL_NEEDS_CONCRETE_CONTRACT,name-level candidate; requires actuator/readback/restore/source-specific proof,CANONICAL_BENCHMARK_TARGET,,491,491
445,28,Robotics Motion Control,steering_angle,CANDIDATE_CANONICAL,observe|normalize|compute|command|actuate|readback|attribute|measure|compare|restore|seal|reproduce,OPEN_UNTIL_EXECUTED,528,PROVISIONAL_NEEDS_CONCRETE_CONTRACT,name-level candidate; requires actuator/readback/restore/source-specific proof,CANONICAL_BENCHMARK_TARGET,,492,492
446,28,Robotics Motion Control,braking_force,CANDIDATE_CANONICAL,observe|normalize|compute|command|actuate|readback|attribute|measure|compare|restore|seal|reproduce,OPEN_UNTIL_EXECUTED,529,PROVISIONAL_NEEDS_CONCRETE_CONTRACT,name-level candidate; requires actuator/readback/restore/source-specific proof,CANONICAL_BENCHMARK_TARGET,,493,493
447,28,Robotics Motion Control,balance_correction,CANDIDATE_CANONICAL,observe|normalize|compute|command|actuate|readback|attribute|measure|compare|restore|seal|reproduce,OPEN_UNTIL_EXECUTED,530,PROVISIONAL_NEEDS_CONCRETE_CONTRACT,name-level candidate; requires actuator/readback/restore/source-specific proof,CANONICAL_BENCHMARK_TARGET,,494,494
449,29,Robotics Fleet & Warehouse Automation,robot_dispatch,CANDIDATE_CANONICAL,observe|normalize|compute|command|actuate|readback|attribute|measure|compare|restore|seal|reproduce,OPEN_UNTIL_EXECUTED,532,PROVISIONAL_NEEDS_CONCRETE_CONTRACT,name-level candidate; requires actuator/readback/restore/source-specific proof,CANONICAL_BENCHMARK_TARGET,,495,495
450,29,Robotics Fleet & Warehouse Automation,task_assignment,CANDIDATE_CANONICAL,observe|normalize|compute|command|actuate|readback|attribute|measure|compare|restore|seal|reproduce,OPEN_UNTIL_EXECUTED,533,PROVISIONAL_NEEDS_CONCRETE_CONTRACT,name-level candidate; requires actuator/readback/restore/source-specific proof,CANONICAL_BENCHMARK_TARGET,,496,496
451,29,Robotics Fleet & Warehouse Automation,traffic_reservation,CANDIDATE_CANONICAL,observe|normalize|compute|command|actuate|readback|attribute|measure|compare|restore|seal|reproduce,OPEN_UNTIL_EXECUTED,534,PROVISIONAL_NEEDS_CONCRETE_CONTRACT,name-level candidate; requires actuator/readback/restore/source-specific proof,CANONICAL_BENCHMARK_TARGET,,497,497
452,29,Robotics Fleet & Warehouse Automation,robot_route,CANDIDATE_CANONICAL,observe|normalize|compute|command|actuate|readback|attribute|measure|compare|restore|seal|reproduce,OPEN_UNTIL_EXECUTED,535,PROVISIONAL_NEEDS_CONCRETE_CONTRACT,name-level candidate; requires actuator/readback/restore/source-specific proof,CANONICAL_BENCHMARK_TARGET,,498,498
453,29,Robotics Fleet & Warehouse Automation,charging_dispatch,CANDIDATE_CANONICAL,observe|normalize|compute|command|actuate|readback|attribute|measure|compare|restore|seal|reproduce,OPEN_UNTIL_EXECUTED,536,PROVISIONAL_NEEDS_CONCRETE_CONTRACT,name-level candidate; requires actuator/readback/restore/source-specific proof,CANONICAL_BENCHMARK_TARGET,,499,499
454,29,Robotics Fleet & Warehouse Automation,battery_reserve,CANDIDATE_CANONICAL,observe|normalize|compute|command|actuate|readback|attribute|measure|compare|restore|seal|reproduce,OPEN_UNTIL_EXECUTED,537,PROVISIONAL_NEEDS_CONCRETE_CONTRACT,name-level candidate; requires actuator/readback/restore/source-specific proof,CANONICAL_BENCHMARK_TARGET,,500,500
455,29,Robotics Fleet & Warehouse Automation,elevator_request,CANDIDATE_CANONICAL,observe|normalize|compute|command|actuate|readback|attribute|measure|compare|restore|seal|reproduce,OPEN_UNTIL_EXECUTED,538,PROVISIONAL_NEEDS_CONCRETE_CONTRACT,name-level candidate; requires actuator/readback/restore/source-specific proof,CANONICAL_BENCHMARK_TARGET,,501,501
456,29,Robotics Fleet & Warehouse Automation,door_request,CANDIDATE_CANONICAL,observe|normalize|compute|command|actuate|readback|attribute|measure|compare|restore|seal|reproduce,OPEN_UNTIL_EXECUTED,539,PROVISIONAL_NEEDS_CONCRETE_CONTRACT,name-level candidate; requires actuator/readback/restore/source-specific proof,CANONICAL_BENCHMARK_TARGET,,502,502
457,29,Robotics Fleet & Warehouse Automation,conveyor_speed,CANDIDATE_CANONICAL,observe|normalize|compute|command|actuate|readback|attribute|measure|compare|restore|seal|reproduce,OPEN_UNTIL_EXECUTED,540,PROVISIONAL_NEEDS_CONCRETE_CONTRACT,name-level candidate; requires actuator/readback/restore/source-specific proof,CANONICAL_BENCHMARK_TARGET,,503,503
458,29,Robotics Fleet & Warehouse Automation,agv_speed,CANDIDATE_CANONICAL,observe|normalize|compute|command|actuate|readback|attribute|measure|compare|restore|seal|reproduce,OPEN_UNTIL_EXECUTED,541,PROVISIONAL_NEEDS_CONCRETE_CONTRACT,name-level candidate; requires actuator/readback/restore/source-specific proof,CANONICAL_BENCHMARK_TARGET,,504,504
459,29,Robotics Fleet & Warehouse Automation,warehouse_zone_admission,CANDIDATE_CANONICAL,observe|normalize|compute|command|actuate|readback|attribute|measure|compare|restore|seal|reproduce,OPEN_UNTIL_EXECUTED,542,PROVISIONAL_NEEDS_CONCRETE_CONTRACT,name-level candidate; requires actuator/readback/restore/source-specific proof,CANONICAL_BENCHMARK_TARGET,,505,505
460,29,Robotics Fleet & Warehouse Automation,robot_quarantine,CANDIDATE_CANONICAL,observe|normalize|compute|command|actuate|readback|attribute|measure|compare|restore|seal|reproduce,OPEN_UNTIL_EXECUTED,543,PROVISIONAL_NEEDS_CONCRETE_CONTRACT,name-level candidate; requires actuator/readback/restore/source-specific proof,CANONICAL_BENCHMARK_TARGET,,506,506
461,29,Robotics Fleet & Warehouse Automation,fleet_failover,CANDIDATE_CANONICAL,observe|normalize|compute|command|actuate|readback|attribute|measure|compare|restore|seal|reproduce,OPEN_UNTIL_EXECUTED,544,PROVISIONAL_NEEDS_CONCRETE_CONTRACT,name-level candidate; requires actuator/readback/restore/source-specific proof,CANONICAL_BENCHMARK_TARGET,,507,507
462,29,Robotics Fleet & Warehouse Automation,human_safe_stop,CANDIDATE_CANONICAL,observe|normalize|compute|command|actuate|readback|attribute|measure|compare|restore|seal|reproduce,OPEN_UNTIL_EXECUTED,545,PROVISIONAL_NEEDS_CONCRETE_CONTRACT,name-level candidate; requires actuator/readback/restore/source-specific proof,CANONICAL_BENCHMARK_TARGET,,508,508
463,29,Robotics Fleet & Warehouse Automation,fleet_concurrency,CANDIDATE_CANONICAL,observe|normalize|compute|command|actuate|readback|attribute|measure|compare|restore|seal|reproduce,OPEN_UNTIL_EXECUTED,546,PROVISIONAL_NEEDS_CONCRETE_CONTRACT,name-level candidate; requires actuator/readback/restore/source-specific proof,CANONICAL_BENCHMARK_TARGET,,509,509
465,30,Industrial PLC & Process Automation,plc_cycle_authority,CANDIDATE_CANONICAL,observe|normalize|compute|command|actuate|readback|attribute|measure|compare|restore|seal|reproduce,OPEN_UNTIL_EXECUTED,548,PROVISIONAL_NEEDS_CONCRETE_CONTRACT,name-level candidate; requires actuator/readback/restore/source-specific proof,CANONICAL_BENCHMARK_TARGET,,510,510
466,30,Industrial PLC & Process Automation,machine_cell_admission,CANDIDATE_CANONICAL,observe|normalize|compute|command|actuate|readback|attribute|measure|compare|restore|seal|reproduce,OPEN_UNTIL_EXECUTED,549,PROVISIONAL_NEEDS_CONCRETE_CONTRACT,name-level candidate; requires actuator/readback/restore/source-specific proof,CANONICAL_BENCHMARK_TARGET,,511,511
467,30,Industrial PLC & Process Automation,valve_position,CANDIDATE_CANONICAL,observe|normalize|compute|command|actuate|readback|attribute|measure|compare|restore|seal|reproduce,OPEN_UNTIL_EXECUTED,550,PROVISIONAL_NEEDS_CONCRETE_CONTRACT,name-level candidate; requires actuator/readback/restore/source-specific proof,CANONICAL_BENCHMARK_TARGET,,512,512
468,30,Industrial PLC & Process Automation,pump_flow,CANDIDATE_CANONICAL,observe|normalize|compute|command|actuate|readback|attribute|measure|compare|restore|seal|reproduce,OPEN_UNTIL_EXECUTED,551,PROVISIONAL_NEEDS_CONCRETE_CONTRACT,name-level candidate; requires actuator/readback/restore/source-specific proof,CANONICAL_BENCHMARK_TARGET,,513,513
469,30,Industrial PLC & Process Automation,compressor_speed,CANDIDATE_CANONICAL,observe|normalize|compute|command|actuate|readback|attribute|measure|compare|restore|seal|reproduce,OPEN_UNTIL_EXECUTED,552,PROVISIONAL_NEEDS_CONCRETE_CONTRACT,name-level candidate; requires actuator/readback/restore/source-specific proof,CANONICAL_BENCHMARK_TARGET,,514,514
470,30,Industrial PLC & Process Automation,heater_power,CANDIDATE_CANONICAL,observe|normalize|compute|command|actuate|readback|attribute|measure|compare|restore|seal|reproduce,OPEN_UNTIL_EXECUTED,553,PROVISIONAL_NEEDS_CONCRETE_CONTRACT,name-level candidate; requires actuator/readback/restore/source-specific proof,CANONICAL_BENCHMARK_TARGET,,515,515
471,30,Industrial PLC & Process Automation,furnace_setpoint,CANDIDATE_CANONICAL,observe|normalize|compute|command|actuate|readback|attribute|measure|compare|restore|seal|reproduce,OPEN_UNTIL_EXECUTED,554,PROVISIONAL_NEEDS_CONCRETE_CONTRACT,name-level candidate; requires actuator/readback/restore/source-specific proof,CANONICAL_BENCHMARK_TARGET,,516,516
472,30,Industrial PLC & Process Automation,pressure_setpoint,CANDIDATE_CANONICAL,observe|normalize|compute|command|actuate|readback|attribute|measure|compare|restore|seal|reproduce,OPEN_UNTIL_EXECUTED,555,PROVISIONAL_NEEDS_CONCRETE_CONTRACT,name-level candidate; requires actuator/readback/restore/source-specific proof,CANONICAL_BENCHMARK_TARGET,,517,517
473,30,Industrial PLC & Process Automation,temperature_setpoint,CANDIDATE_CANONICAL,observe|normalize|compute|command|actuate|readback|attribute|measure|compare|restore|seal|reproduce,OPEN_UNTIL_EXECUTED,556,PROVISIONAL_NEEDS_CONCRETE_CONTRACT,name-level candidate; requires actuator/readback/restore/source-specific proof,CANONICAL_BENCHMARK_TARGET,,518,518
474,30,Industrial PLC & Process Automation,mass_flow_setpoint,CANDIDATE_CANONICAL,observe|normalize|compute|command|actuate|readback|attribute|measure|compare|restore|seal|reproduce,OPEN_UNTIL_EXECUTED,557,PROVISIONAL_NEEDS_CONCRETE_CONTRACT,name-level candidate; requires actuator/readback/restore/source-specific proof,CANONICAL_BENCHMARK_TARGET,,519,519
475,30,Industrial PLC & Process Automation,tank_level_target,CANDIDATE_CANONICAL,observe|normalize|compute|command|actuate|readback|attribute|measure|compare|restore|seal|reproduce,OPEN_UNTIL_EXECUTED,558,PROVISIONAL_NEEDS_CONCRETE_CONTRACT,name-level candidate; requires actuator/readback/restore/source-specific proof,CANONICAL_BENCHMARK_TARGET,,520,520
476,30,Industrial PLC & Process Automation,conveyor_rate,CANDIDATE_CANONICAL,observe|normalize|compute|command|actuate|readback|attribute|measure|compare|restore|seal|reproduce,OPEN_UNTIL_EXECUTED,559,PROVISIONAL_NEEDS_CONCRETE_CONTRACT,name-level candidate; requires actuator/readback/restore/source-specific proof,CANONICAL_BENCHMARK_TARGET,,521,521
477,30,Industrial PLC & Process Automation,feed_rate,CANDIDATE_CANONICAL,observe|normalize|compute|command|actuate|readback|attribute|measure|compare|restore|seal|reproduce,OPEN_UNTIL_EXECUTED,560,PROVISIONAL_NEEDS_CONCRETE_CONTRACT,name-level candidate; requires actuator/readback/restore/source-specific proof,CANONICAL_BENCHMARK_TARGET,,522,522
478,30,Industrial PLC & Process Automation,purge_vent_action,CANDIDATE_CANONICAL,observe|normalize|compute|command|actuate|readback|attribute|measure|compare|restore|seal|reproduce,OPEN_UNTIL_EXECUTED,561,PROVISIONAL_NEEDS_CONCRETE_CONTRACT,name-level candidate; requires actuator/readback/restore/source-specific proof,CANONICAL_BENCHMARK_TARGET,,523,523
481,31,Aviation & Autonomous Flight,throttle_envelope,CANDIDATE_CANONICAL,observe|normalize|compute|command|actuate|readback|attribute|measure|compare|restore|seal|reproduce,OPEN_UNTIL_EXECUTED,564,PROVISIONAL_NEEDS_CONCRETE_CONTRACT,name-level candidate; requires actuator/readback/restore/source-specific proof,CANONICAL_BENCHMARK_TARGET,,524,524
482,31,Aviation & Autonomous Flight,attitude_target,CANDIDATE_CANONICAL,observe|normalize|compute|command|actuate|readback|attribute|measure|compare|restore|seal|reproduce,OPEN_UNTIL_EXECUTED,565,PROVISIONAL_NEEDS_CONCRETE_CONTRACT,name-level candidate; requires actuator/readback/restore/source-specific proof,CANONICAL_BENCHMARK_TARGET,,525,525
483,31,Aviation & Autonomous Flight,attitude_rate_target,CANDIDATE_CANONICAL,observe|normalize|compute|command|actuate|readback|attribute|measure|compare|restore|seal|reproduce,OPEN_UNTIL_EXECUTED,566,PROVISIONAL_NEEDS_CONCRETE_CONTRACT,name-level candidate; requires actuator/readback/restore/source-specific proof,CANONICAL_BENCHMARK_TARGET,,526,526
484,31,Aviation & Autonomous Flight,velocity_target,CANDIDATE_CANONICAL,observe|normalize|compute|command|actuate|readback|attribute|measure|compare|restore|seal|reproduce,OPEN_UNTIL_EXECUTED,567,PROVISIONAL_NEEDS_CONCRETE_CONTRACT,name-level candidate; requires actuator/readback/restore/source-specific proof,CANONICAL_BENCHMARK_TARGET,,527,527
485,31,Aviation & Autonomous Flight,altitude_target,CANDIDATE_CANONICAL,observe|normalize|compute|command|actuate|readback|attribute|measure|compare|restore|seal|reproduce,OPEN_UNTIL_EXECUTED,568,PROVISIONAL_NEEDS_CONCRETE_CONTRACT,name-level candidate; requires actuator/readback/restore/source-specific proof,CANONICAL_BENCHMARK_TARGET,,528,528
486,31,Aviation & Autonomous Flight,waypoint_authority,CANDIDATE_CANONICAL,observe|normalize|compute|command|actuate|readback|attribute|measure|compare|restore|seal|reproduce,OPEN_UNTIL_EXECUTED,569,PROVISIONAL_NEEDS_CONCRETE_CONTRACT,name-level candidate; requires actuator/readback/restore/source-specific proof,CANONICAL_BENCHMARK_TARGET,,529,529
487,31,Aviation & Autonomous Flight,flight_hold,CANDIDATE_CANONICAL,observe|normalize|compute|command|actuate|readback|attribute|measure|compare|restore|seal|reproduce,OPEN_UNTIL_EXECUTED,570,PROVISIONAL_NEEDS_CONCRETE_CONTRACT,name-level candidate; requires actuator/readback/restore/source-specific proof,CANONICAL_BENCHMARK_TARGET,,530,530
488,31,Aviation & Autonomous Flight,return_to_home,CANDIDATE_CANONICAL,observe|normalize|compute|command|actuate|readback|attribute|measure|compare|restore|seal|reproduce,OPEN_UNTIL_EXECUTED,571,PROVISIONAL_NEEDS_CONCRETE_CONTRACT,name-level candidate; requires actuator/readback/restore/source-specific proof,CANONICAL_BENCHMARK_TARGET,,531,531
489,31,Aviation & Autonomous Flight,land_action,CANDIDATE_CANONICAL,observe|normalize|compute|command|actuate|readback|attribute|measure|compare|restore|seal|reproduce,OPEN_UNTIL_EXECUTED,572,PROVISIONAL_NEEDS_CONCRETE_CONTRACT,name-level candidate; requires actuator/readback/restore/source-specific proof,CANONICAL_BENCHMARK_TARGET,,532,532
490,31,Aviation & Autonomous Flight,mission_admission,CANDIDATE_CANONICAL,observe|normalize|compute|command|actuate|readback|attribute|measure|compare|restore|seal|reproduce,OPEN_UNTIL_EXECUTED,573,PROVISIONAL_NEEDS_CONCRETE_CONTRACT,name-level candidate; requires actuator/readback/restore/source-specific proof,CANONICAL_BENCHMARK_TARGET,,533,533
491,31,Aviation & Autonomous Flight,geofence_response,CANDIDATE_CANONICAL,observe|normalize|compute|command|actuate|readback|attribute|measure|compare|restore|seal|reproduce,OPEN_UNTIL_EXECUTED,574,PROVISIONAL_NEEDS_CONCRETE_CONTRACT,name-level candidate; requires actuator/readback/restore/source-specific proof,CANONICAL_BENCHMARK_TARGET,,534,534
492,31,Aviation & Autonomous Flight,failsafe_selection,CANDIDATE_CANONICAL,observe|normalize|compute|command|actuate|readback|attribute|measure|compare|restore|seal|reproduce,OPEN_UNTIL_EXECUTED,575,PROVISIONAL_NEEDS_CONCRETE_CONTRACT,name-level candidate; requires actuator/readback/restore/source-specific proof,CANONICAL_BENCHMARK_TARGET,,535,535
493,31,Aviation & Autonomous Flight,battery_reserve_threshold,CANDIDATE_CANONICAL,observe|normalize|compute|command|actuate|readback|attribute|measure|compare|restore|seal|reproduce,OPEN_UNTIL_EXECUTED,576,PROVISIONAL_NEEDS_CONCRETE_CONTRACT,name-level candidate; requires actuator/readback/restore/source-specific proof,CANONICAL_BENCHMARK_TARGET,,536,536
494,31,Aviation & Autonomous Flight,actuator_saturation_envelope,CANDIDATE_CANONICAL,observe|normalize|compute|command|actuate|readback|attribute|measure|compare|restore|seal|reproduce,OPEN_UNTIL_EXECUTED,577,PROVISIONAL_NEEDS_CONCRETE_CONTRACT,name-level candidate; requires actuator/readback/restore/source-specific proof,CANONICAL_BENCHMARK_TARGET,,537,537
495,31,Aviation & Autonomous Flight,flight_mode_transition,CANDIDATE_CANONICAL,observe|normalize|compute|command|actuate|readback|attribute|measure|compare|restore|seal|reproduce,OPEN_UNTIL_EXECUTED,578,PROVISIONAL_NEEDS_CONCRETE_CONTRACT,name-level candidate; requires actuator/readback/restore/source-specific proof,CANONICAL_BENCHMARK_TARGET,,538,538
496,31,Aviation & Autonomous Flight,flight_termination_safe_state,CANDIDATE_CANONICAL,observe|normalize|compute|command|actuate|readback|attribute|measure|compare|restore|seal|reproduce,OPEN_UNTIL_EXECUTED,579,PROVISIONAL_NEEDS_CONCRETE_CONTRACT,name-level candidate; requires actuator/readback/restore/source-specific proof,CANONICAL_BENCHMARK_TARGET,,539,539
497,32,Spacecraft & Flight Software,space_command_admission,CANDIDATE_CANONICAL,observe|normalize|compute|command|actuate|readback|attribute|measure|compare|restore|seal|reproduce,OPEN_UNTIL_EXECUTED,580,PROVISIONAL_NEEDS_CONCRETE_CONTRACT,name-level candidate; requires actuator/readback/restore/source-specific proof,CANONICAL_BENCHMARK_TARGET,,540,540
499,32,Spacecraft & Flight Software,flight_task_schedule,CANDIDATE_CANONICAL,observe|normalize|compute|command|actuate|readback|attribute|measure|compare|restore|seal|reproduce,OPEN_UNTIL_EXECUTED,582,PROVISIONAL_NEEDS_CONCRETE_CONTRACT,name-level candidate; requires actuator/readback/restore/source-specific proof,CANONICAL_BENCHMARK_TARGET,,541,541
500,32,Spacecraft & Flight Software,space_mode_transition,CANDIDATE_CANONICAL,observe|normalize|compute|command|actuate|readback|attribute|measure|compare|restore|seal|reproduce,OPEN_UNTIL_EXECUTED,583,PROVISIONAL_NEEDS_CONCRETE_CONTRACT,name-level candidate; requires actuator/readback/restore/source-specific proof,CANONICAL_BENCHMARK_TARGET,,542,542
501,32,Spacecraft & Flight Software,payload_duty_cycle,CANDIDATE_CANONICAL,observe|normalize|compute|command|actuate|readback|attribute|measure|compare|restore|seal|reproduce,OPEN_UNTIL_EXECUTED,584,PROVISIONAL_NEEDS_CONCRETE_CONTRACT,name-level candidate; requires actuator/readback/restore/source-specific proof,CANONICAL_BENCHMARK_TARGET,,543,543
502,32,Spacecraft & Flight Software,communication_allocation,CANDIDATE_CANONICAL,observe|normalize|compute|command|actuate|readback|attribute|measure|compare|restore|seal|reproduce,OPEN_UNTIL_EXECUTED,585,PROVISIONAL_NEEDS_CONCRETE_CONTRACT,name-level candidate; requires actuator/readback/restore/source-specific proof,CANONICAL_BENCHMARK_TARGET,,544,544
503,32,Spacecraft & Flight Software,space_power_budget,CANDIDATE_CANONICAL,observe|normalize|compute|command|actuate|readback|attribute|measure|compare|restore|seal|reproduce,OPEN_UNTIL_EXECUTED,586,PROVISIONAL_NEEDS_CONCRETE_CONTRACT,name-level candidate; requires actuator/readback/restore/source-specific proof,CANONICAL_BENCHMARK_TARGET,,545,545
504,32,Spacecraft & Flight Software,space_thermal_command,CANDIDATE_CANONICAL,observe|normalize|compute|command|actuate|readback|attribute|measure|compare|restore|seal|reproduce,OPEN_UNTIL_EXECUTED,587,PROVISIONAL_NEEDS_CONCRETE_CONTRACT,name-level candidate; requires actuator/readback/restore/source-specific proof,CANONICAL_BENCHMARK_TARGET,,546,546
505,32,Spacecraft & Flight Software,attitude_command_envelope,CANDIDATE_CANONICAL,observe|normalize|compute|command|actuate|readback|attribute|measure|compare|restore|seal|reproduce,OPEN_UNTIL_EXECUTED,588,PROVISIONAL_NEEDS_CONCRETE_CONTRACT,name-level candidate; requires actuator/readback/restore/source-specific proof,CANONICAL_BENCHMARK_TARGET,,547,547
506,32,Spacecraft & Flight Software,reaction_wheel_allocation,CANDIDATE_CANONICAL,observe|normalize|compute|command|actuate|readback|attribute|measure|compare|restore|seal|reproduce,OPEN_UNTIL_EXECUTED,589,PROVISIONAL_NEEDS_CONCRETE_CONTRACT,name-level candidate; requires actuator/readback/restore/source-specific proof,CANONICAL_BENCHMARK_TARGET,,548,548
507,32,Spacecraft & Flight Software,rcs_authority,CANDIDATE_CANONICAL,observe|normalize|compute|command|actuate|readback|attribute|measure|compare|restore|seal|reproduce,OPEN_UNTIL_EXECUTED,590,PROVISIONAL_NEEDS_CONCRETE_CONTRACT,name-level candidate; requires actuator/readback/restore/source-specific proof,CANONICAL_BENCHMARK_TARGET,,549,549
508,32,Spacecraft & Flight Software,safe_mode_transition,CANDIDATE_CANONICAL,observe|normalize|compute|command|actuate|readback|attribute|measure|compare|restore|seal|reproduce,OPEN_UNTIL_EXECUTED,591,PROVISIONAL_NEEDS_CONCRETE_CONTRACT,name-level candidate; requires actuator/readback/restore/source-specific proof,CANONICAL_BENCHMARK_TARGET,,550,550
509,32,Spacecraft & Flight Software,watchdog_recovery,CANDIDATE_CANONICAL,observe|normalize|compute|command|actuate|readback|attribute|measure|compare|restore|seal|reproduce,OPEN_UNTIL_EXECUTED,592,PROVISIONAL_NEEDS_CONCRETE_CONTRACT,name-level candidate; requires actuator/readback/restore/source-specific proof,CANONICAL_BENCHMARK_TARGET,,551,551
510,32,Spacecraft & Flight Software,instrument_activation,CANDIDATE_CANONICAL,observe|normalize|compute|command|actuate|readback|attribute|measure|compare|restore|seal|reproduce,OPEN_UNTIL_EXECUTED,593,PROVISIONAL_NEEDS_CONCRETE_CONTRACT,name-level candidate; requires actuator/readback/restore/source-specific proof,CANONICAL_BENCHMARK_TARGET,,552,552
511,32,Spacecraft & Flight Software,fault_isolation,CANDIDATE_CANONICAL,observe|normalize|compute|command|actuate|readback|attribute|measure|compare|restore|seal|reproduce,OPEN_UNTIL_EXECUTED,594,PROVISIONAL_NEEDS_CONCRETE_CONTRACT,name-level candidate; requires actuator/readback/restore/source-specific proof,CANONICAL_BENCHMARK_TARGET,,553,553
513,33,Energy Storage & Microgrid,battery_charge_power,CANDIDATE_CANONICAL,observe|normalize|compute|command|actuate|readback|attribute|measure|compare|restore|seal|reproduce,OPEN_UNTIL_EXECUTED,596,PROVISIONAL_NEEDS_CONCRETE_CONTRACT,name-level candidate; requires actuator/readback/restore/source-specific proof,CANONICAL_BENCHMARK_TARGET,,554,554
514,33,Energy Storage & Microgrid,battery_discharge_power,CANDIDATE_CANONICAL,observe|normalize|compute|command|actuate|readback|attribute|measure|compare|restore|seal|reproduce,OPEN_UNTIL_EXECUTED,597,PROVISIONAL_NEEDS_CONCRETE_CONTRACT,name-level candidate; requires actuator/readback/restore/source-specific proof,CANONICAL_BENCHMARK_TARGET,,555,555
515,33,Energy Storage & Microgrid,battery_soc_reserve,CANDIDATE_CANONICAL,observe|normalize|compute|command|actuate|readback|attribute|measure|compare|restore|seal|reproduce,OPEN_UNTIL_EXECUTED,598,PROVISIONAL_NEEDS_CONCRETE_CONTRACT,name-level candidate; requires actuator/readback/restore/source-specific proof,CANONICAL_BENCHMARK_TARGET,,556,556
516,33,Energy Storage & Microgrid,grid_import_limit,CANDIDATE_CANONICAL,observe|normalize|compute|command|actuate|readback|attribute|measure|compare|restore|seal|reproduce,OPEN_UNTIL_EXECUTED,599,PROVISIONAL_NEEDS_CONCRETE_CONTRACT,name-level candidate; requires actuator/readback/restore/source-specific proof,CANONICAL_BENCHMARK_TARGET,,557,557
517,33,Energy Storage & Microgrid,grid_export_limit,CANDIDATE_CANONICAL,observe|normalize|compute|command|actuate|readback|attribute|measure|compare|restore|seal|reproduce,OPEN_UNTIL_EXECUTED,600,PROVISIONAL_NEEDS_CONCRETE_CONTRACT,name-level candidate; requires actuator/readback/restore/source-specific proof,CANONICAL_BENCHMARK_TARGET,,558,558
518,33,Energy Storage & Microgrid,pv_curtailment,CANDIDATE_CANONICAL,observe|normalize|compute|command|actuate|readback|attribute|measure|compare|restore|seal|reproduce,OPEN_UNTIL_EXECUTED,601,PROVISIONAL_NEEDS_CONCRETE_CONTRACT,name-level candidate; requires actuator/readback/restore/source-specific proof,CANONICAL_BENCHMARK_TARGET,,559,559
519,33,Energy Storage & Microgrid,ev_charge_power,CANDIDATE_CANONICAL,observe|normalize|compute|command|actuate|readback|attribute|measure|compare|restore|seal|reproduce,OPEN_UNTIL_EXECUTED,602,PROVISIONAL_NEEDS_CONCRETE_CONTRACT,name-level candidate; requires actuator/readback/restore/source-specific proof,CANONICAL_BENCHMARK_TARGET,,560,560
520,33,Energy Storage & Microgrid,heat_pump_power,CANDIDATE_CANONICAL,observe|normalize|compute|command|actuate|readback|attribute|measure|compare|restore|seal|reproduce,OPEN_UNTIL_EXECUTED,603,PROVISIONAL_NEEDS_CONCRETE_CONTRACT,name-level candidate; requires actuator/readback/restore/source-specific proof,CANONICAL_BENCHMARK_TARGET,,561,561
521,33,Energy Storage & Microgrid,electrolyzer_power,CANDIDATE_CANONICAL,observe|normalize|compute|command|actuate|readback|attribute|measure|compare|restore|seal|reproduce,OPEN_UNTIL_EXECUTED,604,PROVISIONAL_NEEDS_CONCRETE_CONTRACT,name-level candidate; requires actuator/readback/restore/source-specific proof,CANONICAL_BENCHMARK_TARGET,,562,562
522,33,Energy Storage & Microgrid,microgrid_demand_limit,CANDIDATE_CANONICAL,observe|normalize|compute|command|actuate|readback|attribute|measure|compare|restore|seal|reproduce,OPEN_UNTIL_EXECUTED,605,PROVISIONAL_NEEDS_CONCRETE_CONTRACT,name-level candidate; requires actuator/readback/restore/source-specific proof,CANONICAL_BENCHMARK_TARGET,,563,563
523,33,Energy Storage & Microgrid,peak_shaving,CANDIDATE_CANONICAL,observe|normalize|compute|command|actuate|readback|attribute|measure|compare|restore|seal|reproduce,OPEN_UNTIL_EXECUTED,606,PROVISIONAL_NEEDS_CONCRETE_CONTRACT,name-level candidate; requires actuator/readback/restore/source-specific proof,CANONICAL_BENCHMARK_TARGET,,564,564
524,33,Energy Storage & Microgrid,time_of_use_schedule,CANDIDATE_CANONICAL,observe|normalize|compute|command|actuate|readback|attribute|measure|compare|restore|seal|reproduce,OPEN_UNTIL_EXECUTED,607,PROVISIONAL_NEEDS_CONCRETE_CONTRACT,name-level candidate; requires actuator/readback/restore/source-specific proof,CANONICAL_BENCHMARK_TARGET,,565,565
525,33,Energy Storage & Microgrid,energy_load_shed,CANDIDATE_CANONICAL,observe|normalize|compute|command|actuate|readback|attribute|measure|compare|restore|seal|reproduce,OPEN_UNTIL_EXECUTED,608,PROVISIONAL_NEEDS_CONCRETE_CONTRACT,name-level candidate; requires actuator/readback/restore/source-specific proof,CANONICAL_BENCHMARK_TARGET,,566,566
526,33,Energy Storage & Microgrid,flex_load_admission,CANDIDATE_CANONICAL,observe|normalize|compute|command|actuate|readback|attribute|measure|compare|restore|seal|reproduce,OPEN_UNTIL_EXECUTED,609,PROVISIONAL_NEEDS_CONCRETE_CONTRACT,name-level candidate; requires actuator/readback/restore/source-specific proof,CANONICAL_BENCHMARK_TARGET,,567,567
527,33,Energy Storage & Microgrid,storage_dispatch,CANDIDATE_CANONICAL,observe|normalize|compute|command|actuate|readback|attribute|measure|compare|restore|seal|reproduce,OPEN_UNTIL_EXECUTED,610,PROVISIONAL_NEEDS_CONCRETE_CONTRACT,name-level candidate; requires actuator/readback/restore/source-specific proof,CANONICAL_BENCHMARK_TARGET,,568,568
528,33,Energy Storage & Microgrid,microgrid_emergency_reserve,CANDIDATE_CANONICAL,observe|normalize|compute|command|actuate|readback|attribute|measure|compare|restore|seal|reproduce,OPEN_UNTIL_EXECUTED,611,PROVISIONAL_NEEDS_CONCRETE_CONTRACT,name-level candidate; requires actuator/readback/restore/source-specific proof,CANONICAL_BENCHMARK_TARGET,,569,569
593,38,Quantum Computing Control Simulation,qubit_mapping,CANDIDATE_CANONICAL,observe|normalize|compute|command|actuate|readback|attribute|measure|compare|restore|seal|reproduce,OPEN_UNTIL_EXECUTED,612,PROVISIONAL_NEEDS_CONCRETE_CONTRACT,name-level candidate; requires actuator/readback/restore/source-specific proof,CANONICAL_BENCHMARK_TARGET,,570,570
594,38,Quantum Computing Control Simulation,circuit_admission,CANDIDATE_CANONICAL,observe|normalize|compute|command|actuate|readback|attribute|measure|compare|restore|seal|reproduce,OPEN_UNTIL_EXECUTED,613,PROVISIONAL_NEEDS_CONCRETE_CONTRACT,name-level candidate; requires actuator/readback/restore/source-specific proof,CANONICAL_BENCHMARK_TARGET,,571,571
595,38,Quantum Computing Control Simulation,shot_allocation,CANDIDATE_CANONICAL,observe|normalize|compute|command|actuate|readback|attribute|measure|compare|restore|seal|reproduce,OPEN_UNTIL_EXECUTED,614,PROVISIONAL_NEEDS_CONCRETE_CONTRACT,name-level candidate; requires actuator/readback/restore/source-specific proof,CANONICAL_BENCHMARK_TARGET,,572,572
596,38,Quantum Computing Control Simulation,circuit_scheduling,CANDIDATE_CANONICAL,observe|normalize|compute|command|actuate|readback|attribute|measure|compare|restore|seal|reproduce,OPEN_UNTIL_EXECUTED,615,PROVISIONAL_NEEDS_CONCRETE_CONTRACT,name-level candidate; requires actuator/readback/restore/source-specific proof,CANONICAL_BENCHMARK_TARGET,,573,573
597,38,Quantum Computing Control Simulation,gate_scheduling,CANDIDATE_CANONICAL,observe|normalize|compute|command|actuate|readback|attribute|measure|compare|restore|seal|reproduce,OPEN_UNTIL_EXECUTED,616,PROVISIONAL_NEEDS_CONCRETE_CONTRACT,name-level candidate; requires actuator/readback/restore/source-specific proof,CANONICAL_BENCHMARK_TARGET,,574,574
598,38,Quantum Computing Control Simulation,pulse_amplitude,CANDIDATE_CANONICAL,observe|normalize|compute|command|actuate|readback|attribute|measure|compare|restore|seal|reproduce,OPEN_UNTIL_EXECUTED,617,PROVISIONAL_NEEDS_CONCRETE_CONTRACT,name-level candidate; requires actuator/readback/restore/source-specific proof,CANONICAL_BENCHMARK_TARGET,,575,575
599,38,Quantum Computing Control Simulation,pulse_duration,CANDIDATE_CANONICAL,observe|normalize|compute|command|actuate|readback|attribute|measure|compare|restore|seal|reproduce,OPEN_UNTIL_EXECUTED,618,PROVISIONAL_NEEDS_CONCRETE_CONTRACT,name-level candidate; requires actuator/readback/restore/source-specific proof,CANONICAL_BENCHMARK_TARGET,,576,576
600,38,Quantum Computing Control Simulation,pulse_phase,CANDIDATE_CANONICAL,observe|normalize|compute|command|actuate|readback|attribute|measure|compare|restore|seal|reproduce,OPEN_UNTIL_EXECUTED,619,PROVISIONAL_NEEDS_CONCRETE_CONTRACT,name-level candidate; requires actuator/readback/restore/source-specific proof,CANONICAL_BENCHMARK_TARGET,,577,577
601,38,Quantum Computing Control Simulation,pulse_frequency,CANDIDATE_CANONICAL,observe|normalize|compute|command|actuate|readback|attribute|measure|compare|restore|seal|reproduce,OPEN_UNTIL_EXECUTED,620,PROVISIONAL_NEEDS_CONCRETE_CONTRACT,name-level candidate; requires actuator/readback/restore/source-specific proof,CANONICAL_BENCHMARK_TARGET,,578,578
602,38,Quantum Computing Control Simulation,coupling_control,CANDIDATE_CANONICAL,observe|normalize|compute|command|actuate|readback|attribute|measure|compare|restore|seal|reproduce,OPEN_UNTIL_EXECUTED,621,PROVISIONAL_NEEDS_CONCRETE_CONTRACT,name-level candidate; requires actuator/readback/restore/source-specific proof,CANONICAL_BENCHMARK_TARGET,,579,579
603,38,Quantum Computing Control Simulation,reset_scheduling,CANDIDATE_CANONICAL,observe|normalize|compute|command|actuate|readback|attribute|measure|compare|restore|seal|reproduce,OPEN_UNTIL_EXECUTED,622,PROVISIONAL_NEEDS_CONCRETE_CONTRACT,name-level candidate; requires actuator/readback/restore/source-specific proof,CANONICAL_BENCHMARK_TARGET,,580,580
604,38,Quantum Computing Control Simulation,measurement_scheduling,CANDIDATE_CANONICAL,observe|normalize|compute|command|actuate|readback|attribute|measure|compare|restore|seal|reproduce,OPEN_UNTIL_EXECUTED,623,PROVISIONAL_NEEDS_CONCRETE_CONTRACT,name-level candidate; requires actuator/readback/restore/source-specific proof,CANONICAL_BENCHMARK_TARGET,,581,581
605,38,Quantum Computing Control Simulation,dynamical_decoupling,CANDIDATE_CANONICAL,observe|normalize|compute|command|actuate|readback|attribute|measure|compare|restore|seal|reproduce,OPEN_UNTIL_EXECUTED,624,PROVISIONAL_NEEDS_CONCRETE_CONTRACT,name-level candidate; requires actuator/readback/restore/source-specific proof,CANONICAL_BENCHMARK_TARGET,,582,582
606,38,Quantum Computing Control Simulation,noise_aware_routing,CANDIDATE_CANONICAL,observe|normalize|compute|command|actuate|readback|attribute|measure|compare|restore|seal|reproduce,OPEN_UNTIL_EXECUTED,625,PROVISIONAL_NEEDS_CONCRETE_CONTRACT,name-level candidate; requires actuator/readback/restore/source-specific proof,CANONICAL_BENCHMARK_TARGET,,583,583
607,38,Quantum Computing Control Simulation,error_mitigation_budget,CANDIDATE_CANONICAL,observe|normalize|compute|command|actuate|readback|attribute|measure|compare|restore|seal|reproduce,OPEN_UNTIL_EXECUTED,626,PROVISIONAL_NEEDS_CONCRETE_CONTRACT,name-level candidate; requires actuator/readback/restore/source-specific proof,CANONICAL_BENCHMARK_TARGET,,584,584
608,38,Quantum Computing Control Simulation,quantum_queue_priority,CANDIDATE_CANONICAL,observe|normalize|compute|command|actuate|readback|attribute|measure|compare|restore|seal|reproduce,OPEN_UNTIL_EXECUTED,627,PROVISIONAL_NEEDS_CONCRETE_CONTRACT,name-level candidate; requires actuator/readback/restore/source-specific proof,CANONICAL_BENCHMARK_TARGET,,585,585
AUDIT-0009,AUDIT,Telecom RAN & Edge Radio,ran_connection_admission,ADMITTED_CONTRACT_SURFACE,observe|normalize|compute|command|actuate|readback|attribute|measure|compare|restore|seal|reproduce,OPEN_UNTIL_EXECUTED,628,PROVISIONAL_NEEDS_CONCRETE_CONTRACT,name-level candidate; requires actuator/readback/restore/source-specific proof,CANONICAL_BENCHMARK_TARGET,,586,586
AUDIT-0010,AUDIT,Telecom RAN & Edge Radio,ran_ue_handover,ADMITTED_CONTRACT_SURFACE,observe|normalize|compute|command|actuate|readback|attribute|measure|compare|restore|seal|reproduce,OPEN_UNTIL_EXECUTED,629,PROVISIONAL_NEEDS_CONCRETE_CONTRACT,name-level candidate; requires actuator/readback/restore/source-specific proof,CANONICAL_BENCHMARK_TARGET,,587,587
AUDIT-0011,AUDIT,Telecom RAN & Edge Radio,ran_cell_traffic_steering,ADMITTED_CONTRACT_SURFACE,observe|normalize|compute|command|actuate|readback|attribute|measure|compare|restore|seal|reproduce,OPEN_UNTIL_EXECUTED,630,PROVISIONAL_NEEDS_CONCRETE_CONTRACT,name-level candidate; requires actuator/readback/restore/source-specific proof,CANONICAL_BENCHMARK_TARGET,,588,588
AUDIT-0012,AUDIT,Telecom RAN & Edge Radio,ran_slice_resource_budget,ADMITTED_CONTRACT_SURFACE,observe|normalize|compute|command|actuate|readback|attribute|measure|compare|restore|seal|reproduce,OPEN_UNTIL_EXECUTED,631,PROVISIONAL_NEEDS_CONCRETE_CONTRACT,name-level candidate; requires actuator/readback/restore/source-specific proof,CANONICAL_BENCHMARK_TARGET,,589,589
AUDIT-0013,AUDIT,Telecom RAN & Edge Radio,ran_prb_allocation,ADMITTED_CONTRACT_SURFACE,observe|normalize|compute|command|actuate|readback|attribute|measure|compare|restore|seal|reproduce,OPEN_UNTIL_EXECUTED,632,PROVISIONAL_NEEDS_CONCRETE_CONTRACT,name-level candidate; requires actuator/readback/restore/source-specific proof,CANONICAL_BENCHMARK_TARGET,,590,590
AUDIT-0014,AUDIT,Telecom RAN & Edge Radio,ran_scheduler_weight,ADMITTED_CONTRACT_SURFACE,observe|normalize|compute|command|actuate|readback|attribute|measure|compare|restore|seal|reproduce,OPEN_UNTIL_EXECUTED,633,PROVISIONAL_NEEDS_CONCRETE_CONTRACT,name-level candidate; requires actuator/readback/restore/source-specific proof,CANONICAL_BENCHMARK_TARGET,,591,591
AUDIT-0015,AUDIT,Telecom RAN & Edge Radio,ran_tx_power,ADMITTED_CONTRACT_SURFACE,observe|normalize|compute|command|actuate|readback|attribute|measure|compare|restore|seal|reproduce,OPEN_UNTIL_EXECUTED,634,PROVISIONAL_NEEDS_CONCRETE_CONTRACT,name-level candidate; requires actuator/readback/restore/source-specific proof,CANONICAL_BENCHMARK_TARGET,,592,592
AUDIT-0016,AUDIT,Telecom RAN & Edge Radio,ran_antenna_tilt,ADMITTED_CONTRACT_SURFACE,observe|normalize|compute|command|actuate|readback|attribute|measure|compare|restore|seal|reproduce,OPEN_UNTIL_EXECUTED,635,PROVISIONAL_NEEDS_CONCRETE_CONTRACT,name-level candidate; requires actuator/readback/restore/source-specific proof,CANONICAL_BENCHMARK_TARGET,,593,593
AUDIT-0017,AUDIT,Telecom RAN & Edge Radio,ran_carrier_enable,ADMITTED_CONTRACT_SURFACE,observe|normalize|compute|command|actuate|readback|attribute|measure|compare|restore|seal|reproduce,OPEN_UNTIL_EXECUTED,636,PROVISIONAL_NEEDS_CONCRETE_CONTRACT,name-level candidate; requires actuator/readback/restore/source-specific proof,CANONICAL_BENCHMARK_TARGET,,594,594
AUDIT-0018,AUDIT,Telecom RAN & Edge Radio,ran_cell_sleep,ADMITTED_CONTRACT_SURFACE,observe|normalize|compute|command|actuate|readback|attribute|measure|compare|restore|seal|reproduce,OPEN_UNTIL_EXECUTED,637,PROVISIONAL_NEEDS_CONCRETE_CONTRACT,name-level candidate; requires actuator/readback/restore/source-specific proof,CANONICAL_BENCHMARK_TARGET,,595,595
AUDIT-0019,AUDIT,Telecom RAN & Edge Radio,ran_du_cu_placement,ADMITTED_CONTRACT_SURFACE,observe|normalize|compute|command|actuate|readback|attribute|measure|compare|restore|seal|reproduce,OPEN_UNTIL_EXECUTED,638,PROVISIONAL_NEEDS_CONCRETE_CONTRACT,name-level candidate; requires actuator/readback/restore/source-specific proof,CANONICAL_BENCHMARK_TARGET,,596,596
AUDIT-0020,AUDIT,Telecom RAN & Edge Radio,ran_fronthaul_budget,ADMITTED_CONTRACT_SURFACE,observe|normalize|compute|command|actuate|readback|attribute|measure|compare|restore|seal|reproduce,OPEN_UNTIL_EXECUTED,639,PROVISIONAL_NEEDS_CONCRETE_CONTRACT,name-level candidate; requires actuator/readback/restore/source-specific proof,CANONICAL_BENCHMARK_TARGET,,597,597
AUDIT-0033,AUDIT,Grid Transmission & Distribution,capacitor_bank_switch,ADMITTED_CONTRACT_SURFACE,observe|normalize|compute|command|actuate|readback|attribute|measure|compare|restore|seal|reproduce,OPEN_UNTIL_EXECUTED,640,PROVISIONAL_NEEDS_CONCRETE_CONTRACT,name-level candidate; requires actuator/readback/restore/source-specific proof,CANONICAL_BENCHMARK_TARGET,,598,598
AUDIT-0034,AUDIT,Grid Transmission & Distribution,voltage_regulator_tap,ADMITTED_CONTRACT_SURFACE,observe|normalize|compute|command|actuate|readback|attribute|measure|compare|restore|seal|reproduce,OPEN_UNTIL_EXECUTED,641,PROVISIONAL_NEEDS_CONCRETE_CONTRACT,name-level candidate; requires actuator/readback/restore/source-specific proof,CANONICAL_BENCHMARK_TARGET,,599,599
AUDIT-0035,AUDIT,Grid Transmission & Distribution,transformer_tap,ADMITTED_CONTRACT_SURFACE,observe|normalize|compute|command|actuate|readback|attribute|measure|compare|restore|seal|reproduce,OPEN_UNTIL_EXECUTED,642,PROVISIONAL_NEEDS_CONCRETE_CONTRACT,name-level candidate; requires actuator/readback/restore/source-specific proof,CANONICAL_BENCHMARK_TARGET,,600,600
AUDIT-0036,AUDIT,Grid Transmission & Distribution,inverter_real_power,ADMITTED_CONTRACT_SURFACE,observe|normalize|compute|command|actuate|readback|attribute|measure|compare|restore|seal|reproduce,OPEN_UNTIL_EXECUTED,643,PROVISIONAL_NEEDS_CONCRETE_CONTRACT,name-level candidate; requires actuator/readback/restore/source-specific proof,CANONICAL_BENCHMARK_TARGET,,601,601
AUDIT-0037,AUDIT,Grid Transmission & Distribution,inverter_reactive_power,ADMITTED_CONTRACT_SURFACE,observe|normalize|compute|command|actuate|readback|attribute|measure|compare|restore|seal|reproduce,OPEN_UNTIL_EXECUTED,644,PROVISIONAL_NEEDS_CONCRETE_CONTRACT,name-level candidate; requires actuator/readback/restore/source-specific proof,CANONICAL_BENCHMARK_TARGET,,602,602
AUDIT-0038,AUDIT,Grid Transmission & Distribution,feeder_voltage_target,ADMITTED_CONTRACT_SURFACE,observe|normalize|compute|command|actuate|readback|attribute|measure|compare|restore|seal|reproduce,OPEN_UNTIL_EXECUTED,645,PROVISIONAL_NEEDS_CONCRETE_CONTRACT,name-level candidate; requires actuator/readback/restore/source-specific proof,CANONICAL_BENCHMARK_TARGET,,603,603
AUDIT-0039,AUDIT,Grid Transmission & Distribution,feeder_load_transfer,ADMITTED_CONTRACT_SURFACE,observe|normalize|compute|command|actuate|readback|attribute|measure|compare|restore|seal|reproduce,OPEN_UNTIL_EXECUTED,646,PROVISIONAL_NEEDS_CONCRETE_CONTRACT,name-level candidate; requires actuator/readback/restore/source-specific proof,CANONICAL_BENCHMARK_TARGET,,604,604
AUDIT-0040,AUDIT,Grid Transmission & Distribution,distribution_storage_dispatch,ADMITTED_CONTRACT_SURFACE,observe|normalize|compute|command|actuate|readback|attribute|measure|compare|restore|seal|reproduce,OPEN_UNTIL_EXECUTED,647,PROVISIONAL_NEEDS_CONCRETE_CONTRACT,name-level candidate; requires actuator/readback/restore/source-specific proof,CANONICAL_BENCHMARK_TARGET,,605,605
AUDIT-0041,AUDIT,Grid Transmission & Distribution,demand_response_dispatch,ADMITTED_CONTRACT_SURFACE,observe|normalize|compute|command|actuate|readback|attribute|measure|compare|restore|seal|reproduce,OPEN_UNTIL_EXECUTED,648,PROVISIONAL_NEEDS_CONCRETE_CONTRACT,name-level candidate; requires actuator/readback/restore/source-specific proof,CANONICAL_BENCHMARK_TARGET,,606,606
AUDIT-0042,AUDIT,Grid Transmission & Distribution,frequency_droop_setpoint,ADMITTED_CONTRACT_SURFACE,observe|normalize|compute|command|actuate|readback|attribute|measure|compare|restore|seal|reproduce,OPEN_UNTIL_EXECUTED,649,PROVISIONAL_NEEDS_CONCRETE_CONTRACT,name-level candidate; requires actuator/readback/restore/source-specific proof,CANONICAL_BENCHMARK_TARGET,,607,607
AUDIT-0043,AUDIT,Grid Transmission & Distribution,grid_protection_mode,ADMITTED_CONTRACT_SURFACE,observe|normalize|compute|command|actuate|readback|attribute|measure|compare|restore|seal|reproduce,OPEN_UNTIL_EXECUTED,650,PROVISIONAL_NEEDS_CONCRETE_CONTRACT,name-level candidate; requires actuator/readback/restore/source-specific proof,CANONICAL_BENCHMARK_TARGET,,608,608
AUDIT-0044,AUDIT,Grid Transmission & Distribution,grid_restoration_sequence,ADMITTED_CONTRACT_SURFACE,observe|normalize|compute|command|actuate|readback|attribute|measure|compare|restore|seal|reproduce,OPEN_UNTIL_EXECUTED,651,PROVISIONAL_NEEDS_CONCRETE_CONTRACT,name-level candidate; requires actuator/readback/restore/source-specific proof,CANONICAL_BENCHMARK_TARGET,,609,609
AUDIT-0045,AUDIT,Automotive EV & Mobile Powertrain,traction_torque_limit,ADMITTED_CONTRACT_SURFACE,observe|normalize|compute|command|actuate|readback|attribute|measure|compare|restore|seal|reproduce,OPEN_UNTIL_EXECUTED,652,PROVISIONAL_NEEDS_CONCRETE_CONTRACT,name-level candidate; requires actuator/readback/restore/source-specific proof,CANONICAL_BENCHMARK_TARGET,,610,610
AUDIT-0046,AUDIT,Automotive EV & Mobile Powertrain,regen_braking_level,ADMITTED_CONTRACT_SURFACE,observe|normalize|compute|command|actuate|readback|attribute|measure|compare|restore|seal|reproduce,OPEN_UNTIL_EXECUTED,653,PROVISIONAL_NEEDS_CONCRETE_CONTRACT,name-level candidate; requires actuator/readback/restore/source-specific proof,CANONICAL_BENCHMARK_TARGET,,611,611
AUDIT-0047,AUDIT,Automotive EV & Mobile Powertrain,battery_charge_limit,ADMITTED_CONTRACT_SURFACE,observe|normalize|compute|command|actuate|readback|attribute|measure|compare|restore|seal|reproduce,OPEN_UNTIL_EXECUTED,654,PROVISIONAL_NEEDS_CONCRETE_CONTRACT,name-level candidate; requires actuator/readback/restore/source-specific proof,CANONICAL_BENCHMARK_TARGET,,612,612
AUDIT-0048,AUDIT,Automotive EV & Mobile Powertrain,battery_discharge_limit,ADMITTED_CONTRACT_SURFACE,observe|normalize|compute|command|actuate|readback|attribute|measure|compare|restore|seal|reproduce,OPEN_UNTIL_EXECUTED,655,PROVISIONAL_NEEDS_CONCRETE_CONTRACT,name-level candidate; requires actuator/readback/restore/source-specific proof,CANONICAL_BENCHMARK_TARGET,,613,613
AUDIT-0049,AUDIT,Automotive EV & Mobile Powertrain,battery_thermal_target,ADMITTED_CONTRACT_SURFACE,observe|normalize|compute|command|actuate|readback|attribute|measure|compare|restore|seal|reproduce,OPEN_UNTIL_EXECUTED,656,PROVISIONAL_NEEDS_CONCRETE_CONTRACT,name-level candidate; requires actuator/readback/restore/source-specific proof,CANONICAL_BENCHMARK_TARGET,,614,614
AUDIT-0050,AUDIT,Automotive EV & Mobile Powertrain,motor_thermal_limit,ADMITTED_CONTRACT_SURFACE,observe|normalize|compute|command|actuate|readback|attribute|measure|compare|restore|seal|reproduce,OPEN_UNTIL_EXECUTED,657,PROVISIONAL_NEEDS_CONCRETE_CONTRACT,name-level candidate; requires actuator/readback/restore/source-specific proof,CANONICAL_BENCHMARK_TARGET,,615,615
AUDIT-0051,AUDIT,Automotive EV & Mobile Powertrain,vehicle_speed_envelope,ADMITTED_CONTRACT_SURFACE,observe|normalize|compute|command|actuate|readback|attribute|measure|compare|restore|seal|reproduce,OPEN_UNTIL_EXECUTED,658,PROVISIONAL_NEEDS_CONCRETE_CONTRACT,name-level candidate; requires actuator/readback/restore/source-specific proof,CANONICAL_BENCHMARK_TARGET,,616,616
AUDIT-0052,AUDIT,Automotive EV & Mobile Powertrain,energy_recovery_target,ADMITTED_CONTRACT_SURFACE,observe|normalize|compute|command|actuate|readback|attribute|measure|compare|restore|seal|reproduce,OPEN_UNTIL_EXECUTED,659,PROVISIONAL_NEEDS_CONCRETE_CONTRACT,name-level candidate; requires actuator/readback/restore/source-specific proof,CANONICAL_BENCHMARK_TARGET,,617,617
AUDIT-0053,AUDIT,Automotive EV & Mobile Powertrain,auxiliary_power_budget,ADMITTED_CONTRACT_SURFACE,observe|normalize|compute|command|actuate|readback|attribute|measure|compare|restore|seal|reproduce,OPEN_UNTIL_EXECUTED,660,PROVISIONAL_NEEDS_CONCRETE_CONTRACT,name-level candidate; requires actuator/readback/restore/source-specific proof,CANONICAL_BENCHMARK_TARGET,,618,618
AUDIT-0054,AUDIT,Automotive EV & Mobile Powertrain,fast_charge_current,ADMITTED_CONTRACT_SURFACE,observe|normalize|compute|command|actuate|readback|attribute|measure|compare|restore|seal|reproduce,OPEN_UNTIL_EXECUTED,661,PROVISIONAL_NEEDS_CONCRETE_CONTRACT,name-level candidate; requires actuator/readback/restore/source-specific proof,CANONICAL_BENCHMARK_TARGET,,619,619
AUDIT-0055,AUDIT,Automotive EV & Mobile Powertrain,fast_charge_voltage,ADMITTED_CONTRACT_SURFACE,observe|normalize|compute|command|actuate|readback|attribute|measure|compare|restore|seal|reproduce,OPEN_UNTIL_EXECUTED,662,PROVISIONAL_NEEDS_CONCRETE_CONTRACT,name-level candidate; requires actuator/readback/restore/source-specific proof,CANONICAL_BENCHMARK_TARGET,,620,620
AUDIT-0056,AUDIT,Automotive EV & Mobile Powertrain,vehicle_safe_state,ADMITTED_CONTRACT_SURFACE,observe|normalize|compute|command|actuate|readback|attribute|measure|compare|restore|seal|reproduce,OPEN_UNTIL_EXECUTED,663,PROVISIONAL_NEEDS_CONCRETE_CONTRACT,name-level candidate; requires actuator/readback/restore/source-specific proof,CANONICAL_BENCHMARK_TARGET,,621,621
AUDIT-0057,AUDIT,Semiconductor Fab & Precision Manufacturing,tool_job_dispatch,ADMITTED_CONTRACT_SURFACE,observe|normalize|compute|command|actuate|readback|attribute|measure|compare|restore|seal|reproduce,OPEN_UNTIL_EXECUTED,664,PROVISIONAL_NEEDS_CONCRETE_CONTRACT,name-level candidate; requires actuator/readback/restore/source-specific proof,CANONICAL_BENCHMARK_TARGET,,622,622
AUDIT-0058,AUDIT,Semiconductor Fab & Precision Manufacturing,wafer_route,ADMITTED_CONTRACT_SURFACE,observe|normalize|compute|command|actuate|readback|attribute|measure|compare|restore|seal|reproduce,OPEN_UNTIL_EXECUTED,665,PROVISIONAL_NEEDS_CONCRETE_CONTRACT,name-level candidate; requires actuator/readback/restore/source-specific proof,CANONICAL_BENCHMARK_TARGET,,623,623
AUDIT-0059,AUDIT,Semiconductor Fab & Precision Manufacturing,chamber_recipe_selection,ADMITTED_CONTRACT_SURFACE,observe|normalize|compute|command|actuate|readback|attribute|measure|compare|restore|seal|reproduce,OPEN_UNTIL_EXECUTED,666,PROVISIONAL_NEEDS_CONCRETE_CONTRACT,name-level candidate; requires actuator/readback/restore/source-specific proof,CANONICAL_BENCHMARK_TARGET,,624,624
AUDIT-0060,AUDIT,Semiconductor Fab & Precision Manufacturing,chamber_temperature,ADMITTED_CONTRACT_SURFACE,observe|normalize|compute|command|actuate|readback|attribute|measure|compare|restore|seal|reproduce,OPEN_UNTIL_EXECUTED,667,PROVISIONAL_NEEDS_CONCRETE_CONTRACT,name-level candidate; requires actuator/readback/restore/source-specific proof,CANONICAL_BENCHMARK_TARGET,,625,625
AUDIT-0061,AUDIT,Semiconductor Fab & Precision Manufacturing,chamber_pressure,ADMITTED_CONTRACT_SURFACE,observe|normalize|compute|command|actuate|readback|attribute|measure|compare|restore|seal|reproduce,OPEN_UNTIL_EXECUTED,668,PROVISIONAL_NEEDS_CONCRETE_CONTRACT,name-level candidate; requires actuator/readback/restore/source-specific proof,CANONICAL_BENCHMARK_TARGET,,626,626
AUDIT-0062,AUDIT,Semiconductor Fab & Precision Manufacturing,gas_flow,ADMITTED_CONTRACT_SURFACE,observe|normalize|compute|command|actuate|readback|attribute|measure|compare|restore|seal|reproduce,OPEN_UNTIL_EXECUTED,669,PROVISIONAL_NEEDS_CONCRETE_CONTRACT,name-level candidate; requires actuator/readback/restore/source-specific proof,CANONICAL_BENCHMARK_TARGET,,627,627
AUDIT-0063,AUDIT,Semiconductor Fab & Precision Manufacturing,rf_power,ADMITTED_CONTRACT_SURFACE,observe|normalize|compute|command|actuate|readback|attribute|measure|compare|restore|seal|reproduce,OPEN_UNTIL_EXECUTED,670,PROVISIONAL_NEEDS_CONCRETE_CONTRACT,name-level candidate; requires actuator/readback/restore/source-specific proof,CANONICAL_BENCHMARK_TARGET,,628,628
AUDIT-0064,AUDIT,Semiconductor Fab & Precision Manufacturing,vacuum_pump_speed,ADMITTED_CONTRACT_SURFACE,observe|normalize|compute|command|actuate|readback|attribute|measure|compare|restore|seal|reproduce,OPEN_UNTIL_EXECUTED,671,PROVISIONAL_NEEDS_CONCRETE_CONTRACT,name-level candidate; requires actuator/readback/restore/source-specific proof,CANONICAL_BENCHMARK_TARGET,,629,629
AUDIT-0065,AUDIT,Semiconductor Fab & Precision Manufacturing,robot_transfer_rate,ADMITTED_CONTRACT_SURFACE,observe|normalize|compute|command|actuate|readback|attribute|measure|compare|restore|seal|reproduce,OPEN_UNTIL_EXECUTED,672,PROVISIONAL_NEEDS_CONCRETE_CONTRACT,name-level candidate; requires actuator/readback/restore/source-specific proof,CANONICAL_BENCHMARK_TARGET,,630,630
AUDIT-0066,AUDIT,Semiconductor Fab & Precision Manufacturing,lot_priority,ADMITTED_CONTRACT_SURFACE,observe|normalize|compute|command|actuate|readback|attribute|measure|compare|restore|seal|reproduce,OPEN_UNTIL_EXECUTED,673,PROVISIONAL_NEEDS_CONCRETE_CONTRACT,name-level candidate; requires actuator/readback/restore/source-specific proof,CANONICAL_BENCHMARK_TARGET,,631,631
AUDIT-0068,AUDIT,Semiconductor Fab & Precision Manufacturing,tool_quarantine,ADMITTED_CONTRACT_SURFACE,observe|normalize|compute|command|actuate|readback|attribute|measure|compare|restore|seal|reproduce,OPEN_UNTIL_EXECUTED,675,PROVISIONAL_NEEDS_CONCRETE_CONTRACT,name-level candidate; requires actuator/readback/restore/source-specific proof,CANONICAL_BENCHMARK_TARGET,,632,632
AUDIT-0069,AUDIT,Water Wastewater & Pumping,pump_speed_water,ADMITTED_CONTRACT_SURFACE,observe|normalize|compute|command|actuate|readback|attribute|measure|compare|restore|seal|reproduce,OPEN_UNTIL_EXECUTED,676,PROVISIONAL_NEEDS_CONCRETE_CONTRACT,name-level candidate; requires actuator/readback/restore/source-specific proof,CANONICAL_BENCHMARK_TARGET,,633,633
AUDIT-0070,AUDIT,Water Wastewater & Pumping,valve_position_water,ADMITTED_CONTRACT_SURFACE,observe|normalize|compute|command|actuate|readback|attribute|measure|compare|restore|seal|reproduce,OPEN_UNTIL_EXECUTED,677,PROVISIONAL_NEEDS_CONCRETE_CONTRACT,name-level candidate; requires actuator/readback/restore/source-specific proof,CANONICAL_BENCHMARK_TARGET,,634,634
AUDIT-0071,AUDIT,Water Wastewater & Pumping,reservoir_level_target,ADMITTED_CONTRACT_SURFACE,observe|normalize|compute|command|actuate|readback|attribute|measure|compare|restore|seal|reproduce,OPEN_UNTIL_EXECUTED,678,PROVISIONAL_NEEDS_CONCRETE_CONTRACT,name-level candidate; requires actuator/readback/restore/source-specific proof,CANONICAL_BENCHMARK_TARGET,,635,635
AUDIT-0072,AUDIT,Water Wastewater & Pumping,line_pressure_target,ADMITTED_CONTRACT_SURFACE,observe|normalize|compute|command|actuate|readback|attribute|measure|compare|restore|seal|reproduce,OPEN_UNTIL_EXECUTED,679,PROVISIONAL_NEEDS_CONCRETE_CONTRACT,name-level candidate; requires actuator/readback/restore/source-specific proof,CANONICAL_BENCHMARK_TARGET,,636,636
AUDIT-0073,AUDIT,Water Wastewater & Pumping,flow_target_water,ADMITTED_CONTRACT_SURFACE,observe|normalize|compute|command|actuate|readback|attribute|measure|compare|restore|seal|reproduce,OPEN_UNTIL_EXECUTED,680,PROVISIONAL_NEEDS_CONCRETE_CONTRACT,name-level candidate; requires actuator/readback/restore/source-specific proof,CANONICAL_BENCHMARK_TARGET,,637,637
AUDIT-0074,AUDIT,Water Wastewater & Pumping,aeration_rate,ADMITTED_CONTRACT_SURFACE,observe|normalize|compute|command|actuate|readback|attribute|measure|compare|restore|seal|reproduce,OPEN_UNTIL_EXECUTED,681,PROVISIONAL_NEEDS_CONCRETE_CONTRACT,name-level candidate; requires actuator/readback/restore/source-specific proof,CANONICAL_BENCHMARK_TARGET,,638,638
AUDIT-0075,AUDIT,Water Wastewater & Pumping,chemical_dose_rate,ADMITTED_CONTRACT_SURFACE,observe|normalize|compute|command|actuate|readback|attribute|measure|compare|restore|seal|reproduce,OPEN_UNTIL_EXECUTED,682,PROVISIONAL_NEEDS_CONCRETE_CONTRACT,name-level candidate; requires actuator/readback/restore/source-specific proof,CANONICAL_BENCHMARK_TARGET,,639,639
AUDIT-0076,AUDIT,Water Wastewater & Pumping,filtration_backwash,ADMITTED_CONTRACT_SURFACE,observe|normalize|compute|command|actuate|readback|attribute|measure|compare|restore|seal|reproduce,OPEN_UNTIL_EXECUTED,683,PROVISIONAL_NEEDS_CONCRETE_CONTRACT,name-level candidate; requires actuator/readback/restore/source-specific proof,CANONICAL_BENCHMARK_TARGET,,640,640
AUDIT-0077,AUDIT,Water Wastewater & Pumping,lift_station_dispatch,ADMITTED_CONTRACT_SURFACE,observe|normalize|compute|command|actuate|readback|attribute|measure|compare|restore|seal|reproduce,OPEN_UNTIL_EXECUTED,684,PROVISIONAL_NEEDS_CONCRETE_CONTRACT,name-level candidate; requires actuator/readback/restore/source-specific proof,CANONICAL_BENCHMARK_TARGET,,641,641
AUDIT-0078,AUDIT,Water Wastewater & Pumping,leak_isolation,ADMITTED_CONTRACT_SURFACE,observe|normalize|compute|command|actuate|readback|attribute|measure|compare|restore|seal|reproduce,OPEN_UNTIL_EXECUTED,685,PROVISIONAL_NEEDS_CONCRETE_CONTRACT,name-level candidate; requires actuator/readback/restore/source-specific proof,CANONICAL_BENCHMARK_TARGET,,642,642
AUDIT-0079,AUDIT,Water Wastewater & Pumping,water_demand_shed,ADMITTED_CONTRACT_SURFACE,observe|normalize|compute|command|actuate|readback|attribute|measure|compare|restore|seal|reproduce,OPEN_UNTIL_EXECUTED,686,PROVISIONAL_NEEDS_CONCRETE_CONTRACT,name-level candidate; requires actuator/readback/restore/source-specific proof,CANONICAL_BENCHMARK_TARGET,,643,643
AUDIT-0080,AUDIT,Water Wastewater & Pumping,water_emergency_shutdown,ADMITTED_CONTRACT_SURFACE,observe|normalize|compute|command|actuate|readback|attribute|measure|compare|restore|seal|reproduce,OPEN_UNTIL_EXECUTED,687,PROVISIONAL_NEEDS_CONCRETE_CONTRACT,name-level candidate; requires actuator/readback/restore/source-specific proof,CANONICAL_BENCHMARK_TARGET,,644,644
AUDIT-0081,AUDIT,Building & Critical Environment HVAC,zone_temperature_target,ADMITTED_CONTRACT_SURFACE,observe|normalize|compute|command|actuate|readback|attribute|measure|compare|restore|seal|reproduce,OPEN_UNTIL_EXECUTED,688,PROVISIONAL_NEEDS_CONCRETE_CONTRACT,name-level candidate; requires actuator/readback/restore/source-specific proof,CANONICAL_BENCHMARK_TARGET,,645,645
AUDIT-0082,AUDIT,Building & Critical Environment HVAC,zone_airflow,ADMITTED_CONTRACT_SURFACE,observe|normalize|compute|command|actuate|readback|attribute|measure|compare|restore|seal|reproduce,OPEN_UNTIL_EXECUTED,689,PROVISIONAL_NEEDS_CONCRETE_CONTRACT,name-level candidate; requires actuator/readback/restore/source-specific proof,CANONICAL_BENCHMARK_TARGET,,646,646
AUDIT-0083,AUDIT,Building & Critical Environment HVAC,ahu_fan_speed,ADMITTED_CONTRACT_SURFACE,observe|normalize|compute|command|actuate|readback|attribute|measure|compare|restore|seal|reproduce,OPEN_UNTIL_EXECUTED,690,PROVISIONAL_NEEDS_CONCRETE_CONTRACT,name-level candidate; requires actuator/readback/restore/source-specific proof,CANONICAL_BENCHMARK_TARGET,,647,647
AUDIT-0084,AUDIT,Building & Critical Environment HVAC,damper_position,ADMITTED_CONTRACT_SURFACE,observe|normalize|compute|command|actuate|readback|attribute|measure|compare|restore|seal|reproduce,OPEN_UNTIL_EXECUTED,691,PROVISIONAL_NEEDS_CONCRETE_CONTRACT,name-level candidate; requires actuator/readback/restore/source-specific proof,CANONICAL_BENCHMARK_TARGET,,648,648
AUDIT-0085,AUDIT,Building & Critical Environment HVAC,economizer_position,ADMITTED_CONTRACT_SURFACE,observe|normalize|compute|command|actuate|readback|attribute|measure|compare|restore|seal|reproduce,OPEN_UNTIL_EXECUTED,692,PROVISIONAL_NEEDS_CONCRETE_CONTRACT,name-level candidate; requires actuator/readback/restore/source-specific proof,CANONICAL_BENCHMARK_TARGET,,649,649
AUDIT-0086,AUDIT,Building & Critical Environment HVAC,boiler_setpoint,ADMITTED_CONTRACT_SURFACE,observe|normalize|compute|command|actuate|readback|attribute|measure|compare|restore|seal|reproduce,OPEN_UNTIL_EXECUTED,693,PROVISIONAL_NEEDS_CONCRETE_CONTRACT,name-level candidate; requires actuator/readback/restore/source-specific proof,CANONICAL_BENCHMARK_TARGET,,650,650
AUDIT-0087,AUDIT,Building & Critical Environment HVAC,heat_pump_mode,ADMITTED_CONTRACT_SURFACE,observe|normalize|compute|command|actuate|readback|attribute|measure|compare|restore|seal|reproduce,OPEN_UNTIL_EXECUTED,694,PROVISIONAL_NEEDS_CONCRETE_CONTRACT,name-level candidate; requires actuator/readback/restore/source-specific proof,CANONICAL_BENCHMARK_TARGET,,651,651
AUDIT-0088,AUDIT,Building & Critical Environment HVAC,humidity_target,ADMITTED_CONTRACT_SURFACE,observe|normalize|compute|command|actuate|readback|attribute|measure|compare|restore|seal|reproduce,OPEN_UNTIL_EXECUTED,695,PROVISIONAL_NEEDS_CONCRETE_CONTRACT,name-level candidate; requires actuator/readback/restore/source-specific proof,CANONICAL_BENCHMARK_TARGET,,652,652
AUDIT-0089,AUDIT,Building & Critical Environment HVAC,occupancy_ventilation,ADMITTED_CONTRACT_SURFACE,observe|normalize|compute|command|actuate|readback|attribute|measure|compare|restore|seal|reproduce,OPEN_UNTIL_EXECUTED,696,PROVISIONAL_NEEDS_CONCRETE_CONTRACT,name-level candidate; requires actuator/readback/restore/source-specific proof,CANONICAL_BENCHMARK_TARGET,,653,653
AUDIT-0090,AUDIT,Building & Critical Environment HVAC,building_demand_limit,ADMITTED_CONTRACT_SURFACE,observe|normalize|compute|command|actuate|readback|attribute|measure|compare|restore|seal|reproduce,OPEN_UNTIL_EXECUTED,697,PROVISIONAL_NEEDS_CONCRETE_CONTRACT,name-level candidate; requires actuator/readback/restore/source-specific proof,CANONICAL_BENCHMARK_TARGET,,654,654
AUDIT-0091,AUDIT,Building & Critical Environment HVAC,thermal_storage_dispatch,ADMITTED_CONTRACT_SURFACE,observe|normalize|compute|command|actuate|readback|attribute|measure|compare|restore|seal|reproduce,OPEN_UNTIL_EXECUTED,698,PROVISIONAL_NEEDS_CONCRETE_CONTRACT,name-level candidate; requires actuator/readback/restore/source-specific proof,CANONICAL_BENCHMARK_TARGET,,655,655
AUDIT-0092,AUDIT,Building & Critical Environment HVAC,hvac_emergency_mode,ADMITTED_CONTRACT_SURFACE,observe|normalize|compute|command|actuate|readback|attribute|measure|compare|restore|seal|reproduce,OPEN_UNTIL_EXECUTED,699,PROVISIONAL_NEEDS_CONCRETE_CONTRACT,name-level candidate; requires actuator/readback/restore/source-specific proof,CANONICAL_BENCHMARK_TARGET,,656,656
