1791415785.245 0 10.268
1791415785.252 1 8.250
1791415785.270 3 7.991
1791415785.288 5 8.109
1791415785.297 6 8.099
1791415785.315 8 8.023
1791415785.324 9 8.097
1791415785.343 11 8.052
1791415785.361 13 8.030
1791415785.370 14 8.029
1791415785.388 16 8.089
1791415785.397 17 8.000
1791415785.415 19 8.024
1791415785.434 21 8.018
1791415785.443 22 7.941
1791415785.461 24 8.041
1791415785.470 25 7.962
1791415785.488 27 8.017
1791415785.506 29 8.083
1791415785.516 30 8.069
1791415785.534 32 8.025
1791415785.543 33 7.991
1791415785.561 35 8.041
1791415785.579 37 8.019
1791415785.588 38 8.010
1791415785.607 40 8.077
1791415785.616 41 8.064
1791415785.634 43 8.050
1791415785.652 45 8.147
1791415785.661 46 8.041
1791415785.679 48 8.142
1791415785.688 49 8.100
1791415785.707 51 8.062
1791415785.725 53 8.010
1791415785.734 54 8.149
1791415785.752 56 8.069
1791415785.761 57 8.089
1791415785.779 59 8.075
1791415785.798 61 8.196
1791415785.807 62 8.060
1791415785.825 64 8.053
1791415785.834 65 7.970
1791415785.852 67 8.051
1791415785.870 69 8.024
1791415785.879 70 7.981
1791415785.898 72 7.960
1791415785.907 73 7.990
1791415785.925 75 7.996
1791415785.943 77 7.987
1791415785.952 78 8.084
1791415785.971 80 8.027
1791415785.980 81 8.009
1791415785.998 83 8.040
1791415786.016 85 8.072
1791415786.025 86 8.097
1791415786.043 88 8.081
1791415786.052 89 8.042
1791415786.071 91 8.089
1791415786.089 93 8.064
1791415786.098 94 8.070
1791415786.116 96 8.046
1791415786.125 97 8.007
1791415786.143 99 8.024
1791415786.162 101 8.028
1791415786.171 102 7.994
1791415786.189 104 8.132
1791415786.198 105 8.097
1791415786.216 107 8.036
1791415786.234 109 8.039
1791415786.244 110 8.160
1791415786.262 112 8.138
1791415786.271 113 8.048
1791415786.289 115 8.040
1791415786.307 117 8.076
1791415786.316 118 8.093
1791415786.335 120 8.022
1791415786.545 121 209.394
1791415786.548 123 194.299
1791415786.550 129 141.712
1791415786.552 131 125.514
1791415786.554 137 72.916
1791415786.556 139 56.714
1791415786.558 2 1305.490
1791415786.560 10 1234.706
1791415786.562 18 1163.913
1791415786.564 26 1093.110
1791415786.566 34 1022.313
1791415786.568 42 951.515
1791415786.570 50 880.710
1791415786.572 58 809.954
1791415786.574 66 739.117
1791415786.576 74 668.316
1791415786.578 82 597.511
1791415786.580 90 526.711
1791415786.582 98 455.918
1791415786.584 106 385.091
1791415786.586 114 314.315
1791415786.588 122 243.515
1791415786.590 130 172.714
1791415786.592 138 101.910
1791415786.594 4 1323.398
1791415786.596 12 1252.596
1791415786.598 20 1181.789
1791415786.600 28 1110.999
1791415786.602 36 1040.197
1791415786.604 44 969.393
1791415786.606 52 898.589
1791415786.608 60 827.787
1791415786.610 68 756.991
1791415786.612 76 686.186
1791415786.614 84 615.386
1791415786.616 92 544.589
1791415786.618 100 473.785
1791415786.620 108 402.986
1791415786.622 116 332.186
1791415786.624 124 261.382
1791415786.626 132 190.579
1791415786.628 140 119.783
1791415786.630 125 258.292
1791415786.632 126 251.200
1791415786.634 133 189.492
1791415786.636 134 182.402
1791415786.638 141 120.709
1791415786.640 142 113.613
1791415786.642 7 1344.202
1791415786.644 15 1273.408
1791415786.646 23 1202.609
1791415786.649 31 1132.252
1791415786.651 39 1061.466
1791415786.653 47 990.662
1791415786.655 55 919.862
1791415786.657 63 849.059
1791415786.659 71 778.256
1791415786.661 79 707.452
1791415786.663 87 636.654
1791415786.665 95 565.854
1791415786.667 103 495.058
1791415786.669 111 424.255
1791415786.671 119 353.410
1791415786.673 127 282.657
1791415786.675 135 211.856
1791415786.677 143 141.053
1791415786.679 128 279.563
1791415786.681 136 208.766
1791415786.684 149 93.075
1791415786.686 150 85.981
1791415786.688 144 142.592
1791415786.690 152 71.805
1791415786.692 145 137.514
1791415786.694 147 121.317
1791415786.696 153 68.670
1791415786.698 146 134.420
1791415786.700 154 63.621
1791415786.702 148 120.234
1791415786.704 151 94.937
1791415786.707 157 43.317
1791415786.709 158 36.225
1791415786.711 156 56.431
1791415786.713 159 31.131
1791415786.715 160 24.033
1791415786.717 155 71.543
1791415786.719 162 10.619
1791415786.721 161 21.725
1791415786.726 163 8.099
1791415786.735 164 8.262
1791415786.744 165 8.165
1791415786.753 166 8.149
1791415786.762 167 8.141
1791415786.771 168 8.130
1791415786.781 169 8.104
1791415786.790 170 8.089
1791415786.799 171 8.068
1791415786.808 172 8.115
1791415786.817 173 8.068
1791415786.826 174 8.120
1791415786.835 175 8.091
1791415786.844 176 8.055
1791415786.853 177 8.040
1791415786.863 178 8.168
1791415786.872 179 8.119
1791415786.881 180 8.123
1791415786.890 181 8.065
1791415786.899 182 8.224
1791415786.908 183 8.116
1791415786.917 184 8.105
1791415786.926 185 8.115
1791415786.935 186 8.084
1791415786.944 187 8.061
1791415786.954 188 8.130
1791415786.963 189 8.176
1791415786.972 190 8.106
1791415786.981 191 8.100
1791415786.990 192 8.082
1791415786.999 193 8.083
1791415787.008 194 8.115
1791415787.017 195 8.120
1791415787.026 196 8.075
1791415787.035 197 8.051
1791415787.044 198 8.105
1791415787.054 199 8.105
1791415787.063 200 8.116
1791415787.075 201 11.815
1791415787.091 202 18.576
1791415787.099 203 17.279
1791415787.110 204 19.157
1791415787.124 205 24.085
1791415787.130 206 21.189
1791415787.138 207 20.008
1791415787.146 208 19.008
1791415787.155 209 18.913
1791415787.161 210 15.378
1791415787.169 211 14.130
1791415787.179 212 15.255
1791415787.193 213 20.476
1791415787.202 214 20.374
1791415787.211 215 20.274
1791415787.220 216 20.181
1791415787.228 217 19.087
1791415787.232 218 13.093
1791415787.236 219 8.607
1791415787.250 220 11.365
1791415787.257 221 10.797
1791415787.264 222 8.973
1791415787.273 223 8.715
1791415787.282 224 9.314
1791415787.291 225 8.675
1791415787.300 226 8.358
1791415787.309 227 8.242
1791415787.318 228 8.131
1791415787.327 229 8.116
1791415787.336 230 8.074
1791415787.345 231 8.175
1791415787.354 232 8.145
1791415787.363 233 8.177
1791415787.372 234 8.112
1791415787.382 235 8.533
1791415787.390 236 8.196
1791415787.400 237 8.686
1791415787.409 238 8.173
1791415787.418 239 8.303
1791415787.427 240 8.105
1791415787.436 241 8.022
1791415787.445 242 8.078
1791415787.454 243 8.168
1791415787.463 244 8.081
1791415787.472 245 8.126
1791415787.481 246 8.110
1791415787.491 247 8.292
1791415787.500 248 8.193
1791415787.509 249 8.124
1791415787.518 250 8.109
1791415787.527 251 8.130
1791415787.536 252 8.066
1791415787.545 253 8.129
1791415787.554 254 8.266
1791415787.563 255 8.150
1791415787.572 256 8.126
1791415787.581 257 8.103
1791415787.591 258 8.089
1791415787.600 259 8.145
1791415787.609 260 8.062
1791415787.618 261 8.191
1791415787.627 262 8.104
1791415787.636 263 8.091
1791415787.645 264 8.284
1791415787.654 265 8.137
1791415787.663 266 8.270
1791415787.673 267 8.302
1791415787.682 268 8.300
1791415787.691 269 8.121
1791415787.700 270 8.251
1791415787.709 271 8.205
1791415787.718 272 8.072
1791415787.727 273 8.175
1791415787.736 274 8.113
1791415787.745 275 8.305
1791415787.754 276 8.086
1791415787.763 277 8.114
1791415787.773 278 8.107
1791415787.782 279 8.120
1791415787.791 280 8.113
1791415787.800 281 8.087
1791415787.809 282 8.157
1791415787.818 283 8.162
1791415787.827 284 8.150
1791415787.836 285 8.021
1791415787.845 286 8.020
1791415787.855 287 8.170
1791415787.864 288 8.172
1791415787.873 289 8.099
1791415787.882 290 8.100
1791415787.891 291 8.148
1791415787.900 292 8.164
1791415787.909 293 8.027
1791415787.918 294 8.161
1791415787.927 295 8.246
1791415787.937 296 8.316
1791415787.946 297 8.231
1791415787.955 298 8.218
1791415787.964 299 8.174
1791415787.973 300 8.076
1791415787.982 301 8.179
1791415787.991 302 8.175
1791415788.000 303 8.174
1791415788.009 304 8.154
1791415788.018 305 8.115
1791415788.027 306 8.142
1791415788.036 307 8.079
1791415788.046 308 8.116
1791415788.055 309 8.166
1791415788.064 310 8.135
1791415788.073 311 8.231
1791415788.082 312 8.075
1791415788.091 313 8.097
1791415788.100 314 8.121
1791415788.110 315 8.393
1791415788.118 316 8.192
1791415788.127 317 8.117
1791415788.137 318 8.151
1791415788.146 319 8.128
1791415788.155 320 8.126
1791415788.164 321 8.097
1791415788.173 322 8.144
1791415788.182 323 8.068
1791415788.191 324 8.154
1791415788.200 325 8.120
1791415788.209 326 8.148
1791415788.219 327 8.187
1791415788.228 328 8.163
1791415788.237 329 8.179
1791415788.246 330 8.153
1791415788.255 331 8.116
1791415788.264 332 8.149
1791415788.273 333 8.117
1791415788.282 334 8.167
1791415788.291 335 8.105
1791415788.300 336 8.142
1791415788.309 337 8.110
1791415788.319 338 8.122
1791415788.328 339 8.111
1791415788.337 340 8.136
1791415788.346 341 8.058
1791415788.355 342 8.173
1791415788.364 343 8.067
1791415788.373 344 8.110
1791415788.382 345 8.079
1791415788.391 346 8.184
1791415788.400 347 8.076
1791415788.410 348 8.098
1791415788.419 349 8.160
1791415788.428 350 8.036
1791415788.437 351 8.113
1791415788.446 352 8.022
1791415788.455 353 8.137
1791415788.464 354 8.092
1791415788.473 355 8.050
1791415788.482 356 8.031
1791415788.491 357 8.099
1791415788.501 358 8.084
1791415788.510 359 8.094
1791415788.519 360 8.080
1791415788.528 361 8.067
1791415788.537 362 8.133
1791415788.546 363 8.179
1791415788.555 364 8.116
1791415788.564 365 8.108
1791415788.573 366 8.136
1791415788.582 367 8.024
1791415788.592 368 8.085
1791415788.601 369 8.102
1791415788.610 370 8.084
1791415788.619 371 8.072
1791415788.628 372 8.202
1791415788.637 373 8.148
1791415788.646 374 8.072
1791415788.655 375 8.142
1791415788.664 376 8.104
1791415788.674 377 8.131
1791415788.683 378 8.019
1791415788.692 379 8.090
1791415788.701 380 8.063
1791415788.710 381 8.146
1791415788.719 382 8.115
1791415788.728 383 8.099
1791415788.737 384 8.087
1791415788.746 385 8.112
1791415788.755 386 8.099
1791415788.765 387 8.201
1791415788.774 388 8.033
1791415788.783 389 8.059
1791415788.792 390 8.111
1791415788.801 391 8.067
1791415788.810 392 8.180
1791415788.819 393 8.109
1791415788.828 394 8.135
1791415788.837 395 8.063
1791415788.846 396 8.119
1791415788.856 397 8.122
1791415788.865 398 8.134
1791415788.874 399 8.084
1791415788.883 400 8.074
1791415788.892 401 8.056
1791415788.901 402 8.024
1791415788.910 403 8.100
1791415788.919 404 8.171
1791415788.928 405 8.129
1791415788.937 406 8.084
1791415788.947 407 8.095
1791415788.956 408 8.106
1791415788.965 409 8.075
1791415788.974 410 8.308
1791415788.983 411 8.056
1791415788.992 412 8.203
1791415789.001 413 8.148
1791415789.010 414 8.131
1791415789.019 415 8.179
1791415789.029 416 8.236
1791415789.038 417 8.274
1791415789.047 418 8.279
1791415789.056 419 8.150
1791415789.065 420 8.149
1791415789.074 421 8.438
1791415789.083 422 8.147
1791415789.092 423 8.122
1791415789.101 424 8.099
1791415789.111 425 8.394
1791415789.120 426 8.257
1791415789.129 427 8.127
1791415789.138 428 8.096
1791415789.147 429 8.234
1791415789.156 430 8.136
1791415789.165 431 8.257
1791415789.174 432 8.285
1791415789.183 433 8.144
1791415789.192 434 8.312
1791415789.201 435 8.139
1791415789.210 436 8.084
1791415789.220 437 8.211
1791415789.229 438 8.115
1791415789.238 439 8.068
1791415789.247 440 8.130
1791415789.256 441 8.267
1791415789.265 442 8.221
1791415789.274 443 8.251
1791415789.283 444 8.137
1791415789.293 445 8.330
1791415789.302 446 8.307
1791415789.311 447 8.265
1791415789.320 448 8.192
1791415789.329 449 8.070
1791415789.338 450 8.006
1791415789.347 451 8.127
1791415789.411 458 8.082
1791415789.483 466 8.023
1791415789.556 474 8.121
1791415789.629 482 8.030
1791415789.702 490 8.014
1791415789.775 498 7.999
1791415789.847 506 8.043
1791415789.920 514 8.028
1791415789.993 522 8.087
1791415790.066 530 8.092
1791415790.139 538 8.066
1791415790.211 546 7.950
1791415790.284 554 8.064
1791415790.357 562 8.091
1791415790.430 570 7.995
1791415790.503 578 8.155
1791415790.576 586 8.142
1791415790.648 594 8.023
1791415790.721 602 8.093
1791415790.794 610 8.014
1791415790.867 618 7.981
1791415790.940 626 8.157
1791415791.012 634 8.054
1791415791.085 642 8.078
1791415791.158 650 8.118
1791415791.231 658 8.108
1791415791.304 666 8.046
1791415791.376 674 8.142
1791415791.449 682 7.987
1791415791.522 690 8.022
1791415791.595 698 8.043
1791415791.668 706 8.030
1791415791.740 714 8.131
1791415791.813 722 8.055
1791415791.886 730 8.000
1791415791.959 738 8.011
1791415792.032 746 8.014
1791415792.104 754 7.996
1791415792.177 762 8.007
1791415792.250 770 8.007
1791415792.323 778 7.966
1791415792.396 786 8.135
1791415792.468 794 7.983
1791415792.541 802 8.018
1791415792.614 810 8.012
1791415792.687 818 8.047
1791415792.760 826 8.024
1791415792.832 834 8.019
1791415792.905 842 8.040
1791415792.978 850 7.984
1791415793.051 858 7.999
1791415793.124 866 8.229
1791415793.196 874 8.059
1791415793.269 882 7.894
1791415793.342 890 8.013
1791415793.415 898 7.930
1791415793.488 906 7.976
1791415793.561 914 8.128
1791415793.633 922 8.016
1791415793.706 930 8.011
1791415793.779 938 7.929
1791415793.852 946 7.993
1791415793.924 954 8.024
1791415793.997 962 7.975
1791415794.070 970 7.997
1791415794.143 978 8.026
1791415794.216 986 8.113
1791415794.289 994 8.058
1791415794.362 1002 8.584
1791415794.434 1010 8.008
1791415794.507 1018 7.976
1791415794.580 1026 8.043
1791415794.653 1034 7.999
1791415794.725 1042 7.980
1791415794.798 1050 8.043
1791415794.871 1058 8.000
1791415794.944 1066 8.062
1791415795.017 1074 8.031
1791415795.089 1082 8.096
1791415795.162 1090 8.033
1791415795.235 1098 8.176
1791415795.308 1106 8.133
1791415795.381 1114 8.125
1791415795.453 1122 8.090
1791415795.526 1130 8.048
1791415795.599 1138 7.994
1791415795.672 1146 8.001
1791415795.745 1154 8.137
1791415795.817 1162 8.024
1791415795.890 1170 8.027
1791415795.963 1178 8.085
1791415796.036 1186 7.972
1791415796.109 1194 7.970
1791415796.181 1202 7.950
1791415796.254 1210 7.988
1791415796.327 1218 8.067
1791415796.400 1226 8.151
1791415796.473 1234 7.932
1791415796.545 1242 8.044
1791415796.618 1250 7.990
1791415796.691 1258 8.052
1791415796.764 1266 8.045
1791415796.837 1274 7.955
1791415796.909 1282 7.999
1791415796.982 1290 8.040
1791415797.055 1298 8.058
1791415797.128 1306 8.056
1791415797.201 1314 8.291
1791415797.273 1322 7.988
1791415797.346 1330 8.141
1791415797.419 1338 8.092
1791415797.492 1346 7.982
1791415797.565 1354 7.997
1791415797.637 1362 7.936
1791415797.710 1370 7.998
1791415797.783 1378 8.015
1791415797.856 1386 8.189
1791415797.929 1394 7.997
1791415798.002 1402 8.038
1791415798.075 1410 8.209
1791415798.147 1418 8.054
1791415798.220 1426 8.112
1791415798.293 1434 8.079
1791415798.366 1442 8.364
1791415798.512 1450 81.869
1791415798.515 1458 11.748
1791415798.530 1460 8.282
1791415798.584 1466 8.177
1791415798.602 1468 7.934
1791415798.657 1474 8.012
1791415798.675 1476 8.077
1791415798.730 1482 8.021
1791415798.748 1484 7.992
1791415798.802 1490 7.977
1791415798.821 1492 8.081
1791415798.875 1498 8.064
1791415798.893 1500 8.058
1791415798.948 1506 8.030
1791415798.966 1508 8.046
1791415799.021 1514 8.039
1791415799.039 1516 7.982
1791415799.094 1522 7.998
1791415799.112 1524 7.993
1791415799.167 1530 8.086
1791415799.185 1532 8.024
1791415799.239 1538 8.039
1791415799.257 1540 8.048
1791415799.312 1546 8.045
1791415799.330 1548 8.034
1791415799.385 1554 8.045
1791415799.403 1556 8.059
1791415799.458 1562 8.088
1791415799.476 1564 8.069
1791415799.531 1570 8.123
1791415799.549 1572 8.009
1791415799.603 1578 8.034
1791415799.622 1580 8.047
1791415799.676 1586 7.991
1791415799.694 1588 7.943
1791415799.749 1594 7.996
1791415799.767 1596 7.995
1791415799.822 1602 8.019
1791415799.840 1604 7.932
1791415799.895 1610 8.043
1791415799.913 1612 7.925
1791415799.967 1618 8.059
1791415799.985 1620 8.024
1791415800.040 1626 8.309
1791415800.058 1628 7.914
1791415800.113 1634 8.144
1791415800.131 1636 7.951
1791415800.186 1642 8.104
1791415800.204 1644 7.940
1791415800.259 1650 8.160
1791415800.277 1652 8.029
1791415800.331 1658 8.177
1791415800.350 1660 8.066
1791415800.404 1666 7.958
1791415800.422 1668 7.999
1791415800.477 1674 8.002
1791415800.495 1676 7.981
1791415800.550 1682 8.042
1791415800.568 1684 7.940
1791415800.623 1690 8.017
1791415800.641 1692 7.963
1791415800.695 1698 7.930
1791415800.714 1700 7.988
1791415800.768 1706 7.922
1791415800.786 1708 8.085
1791415800.841 1714 8.022
1791415800.859 1716 7.960
1791415800.914 1722 7.953
1791415800.932 1724 7.976
1791415800.987 1730 8.025
1791415801.005 1732 7.904
1791415801.059 1738 8.025
1791415801.078 1740 8.053
1791415801.132 1746 8.049
1791415801.150 1748 8.048
1791415801.205 1754 8.066
1791415801.223 1756 8.052
1791415801.278 1762 8.146
1791415801.296 1764 7.941
1791415801.351 1770 7.989
1791415801.369 1772 7.994
1791415801.423 1778 7.901
1791415801.442 1780 8.144
1791415801.496 1786 7.990
1791415801.516 1788 9.215
1791415801.569 1794 8.107
1791415801.587 1796 8.136
1791415801.642 1802 8.164
1791415801.660 1804 8.109
1791415801.715 1810 8.031
1791415801.733 1812 7.917
1791415801.787 1818 7.991
1791415801.806 1820 7.986
1791415801.860 1826 8.034
1791415801.879 1828 8.125
1791415801.933 1834 8.012
1791415801.951 1836 8.061
1791415802.006 1842 7.914
1791415802.024 1844 8.017
1791415802.079 1850 8.145
1791415802.097 1852 7.998
1791415802.152 1858 8.186
1791415802.170 1860 7.990
1791415802.224 1866 8.185
1791415802.242 1868 8.007
1791415802.297 1874 8.143
1791415802.315 1876 8.038
1791415802.370 1882 8.250
1791415802.388 1884 8.089
1791415802.443 1890 8.145
1791415802.461 1892 8.085
1791415802.516 1898 8.143
1791415802.534 1900 7.962
1791415802.588 1906 8.222
1791415802.606 1908 8.030
1791415802.661 1914 8.178
1791415802.679 1916 8.033
1791415802.734 1922 8.073
1791415802.752 1924 8.117
1791415802.807 1930 7.963
1791415802.825 1932 7.990
1791415802.880 1938 8.018
1791415802.898 1940 7.960
1791415802.952 1946 8.000
1791415802.971 1948 8.122
1791415803.025 1954 8.080
1791415803.043 1956 8.079
1791415803.098 1962 8.059
1791415803.116 1964 8.008
1791415803.171 1970 8.060
1791415803.189 1972 8.031
1791415803.244 1978 8.063
1791415803.262 1980 7.911
1791415803.316 1986 7.998
1791415803.334 1988 7.957
1791415803.389 1994 8.023
1791415803.407 1996 8.061
1791415803.462 2002 8.044
1791415803.480 2004 8.008
1791415803.535 2010 8.021
1791415803.553 2012 8.062
1791415803.608 2018 8.023
1791415803.626 2020 7.916
1791415803.680 2026 7.978
1791415803.699 2028 7.989
1791415803.753 2034 8.095
1791415803.771 2036 8.053
1791415803.826 2042 8.009
1791415803.844 2044 7.952
1791415803.899 2050 7.984
1791415803.917 2052 8.006
1791415803.972 2058 8.147
1791415803.990 2060 7.982
1791415804.044 2066 8.038
1791415804.063 2068 8.095
1791415804.117 2074 7.978
1791415804.135 2076 8.014
1791415804.190 2082 8.027
1791415804.208 2084 8.125
1791415804.263 2090 8.040
1791415804.281 2092 8.017
1791415804.336 2098 8.065
1791415804.354 2100 7.972
1791415804.408 2106 7.962
1791415804.427 2108 8.007
1791415804.481 2114 7.948
1791415804.499 2116 8.118
1791415804.554 2122 8.160
1791415804.572 2124 8.064
1791415804.627 2130 7.953
1791415804.645 2132 7.985
1791415804.700 2138 8.013
1791415804.718 2140 7.949
1791415804.772 2146 7.966
1791415804.791 2148 7.986
1791415804.845 2154 7.960
1791415804.863 2156 7.993
1791415804.918 2162 8.020
1791415804.936 2164 8.009
1791415804.991 2170 8.014
1791415805.009 2172 8.027
1791415805.064 2178 8.016
1791415805.082 2180 7.930
1791415805.137 2186 8.040
1791415805.155 2188 7.938
1791415805.209 2194 8.014
1791415805.227 2196 7.958
1791415805.250 2202 8.818
1791415805.252 2204 7.956
1791415805.262 2212 5.966
1791415805.264 2210 10.915
1791415805.274 2220 5.889
1791415805.277 2218 10.690
1791415805.287 2226 8.821
1791415805.289 2228 7.699
1791415805.299 2234 8.893
1791415805.301 2236 7.493
1791415805.311 2242 8.781
1791415805.313 2244 7.911
1791415805.323 2250 8.799
1791415805.325 2252 7.923
1791415805.335 2260 5.923
1791415805.337 2258 10.717
1791415805.347 2266 8.676
1791415805.349 2268 7.936
1791415805.360 2274 8.823
1791415805.362 2276 7.959
1791415805.372 2282 8.730
1791415805.374 2284 7.025
1791415805.384 2290 8.877
1791415805.386 2292 7.997
1791415805.396 2298 8.791
1791415805.398 2300 7.944
1791415805.410 2306 11.164
1791415805.414 2308 12.305
1791415805.420 2314 8.432
1791415805.422 2316 7.876
1791415805.432 2322 8.828
1791415805.434 2324 7.333
1791415805.444 2332 6.026
1791415805.446 2330 10.838
1791415805.457 2338 8.813
1791415805.459 2340 7.574
1791415805.469 2346 8.933
1791415805.471 2348 7.950
1791415805.481 2354 8.937
1791415805.483 2356 7.042
1791415805.493 2362 8.776
1791415805.495 2364 7.984
1791415805.505 2370 8.705
1791415805.507 2372 7.859
1791415805.518 2378 9.291
1791415805.520 2380 8.449
1791415805.530 2386 9.789
1791415805.532 2388 8.008
1791415805.542 2394 8.761
1791415805.544 2396 7.136
1791415805.554 2404 5.960
1791415805.556 2402 10.761
1791415805.566 2412 6.243
1791415805.568 2410 11.057
1791415805.579 2420 6.444
1791415805.581 2418 11.809
1791415805.590 2428 5.745
1791415805.592 2426 10.719
1791415805.602 2436 5.771
1791415805.604 2434 10.900
1791415805.614 2444 5.708
1791415805.616 2442 10.702
1791415805.627 2452 6.102
1791415805.629 2450 10.852
1791415805.639 2458 8.865
1791415805.641 2460 7.767
1791415805.651 2468 6.620
1791415805.653 2466 11.519
1791415805.665 2476 8.140
1791415805.667 2474 12.868
1791415805.676 2484 6.685
1791415805.678 2482 11.513
1791415805.688 2490 9.477
1791415805.690 2492 8.756
1791415805.699 2500 5.661
1791415805.701 2498 10.442
1791415805.713 2506 10.061
1791415805.715 2508 9.042
1791415805.724 2514 8.718
1791415805.726 2516 7.946
1791415805.736 2522 9.144
1791415805.738 2524 8.286
1791415805.748 2532 5.789
1791415805.750 2530 10.643
1791415805.760 2540 5.945
1791415805.762 2538 10.776
1791415805.772 2548 5.336
1791415805.774 2546 10.843
1791415805.784 2556 5.892
1791415805.786 2554 10.725
1791415805.796 2562 8.957
1791415805.799 2564 7.108
1791415805.808 2572 5.979
1791415805.810 2570 10.848
1791415805.820 2578 8.310
1791415805.822 2580 7.482
1791415805.833 2586 8.629
1791415805.835 2588 7.977
1791415805.845 2594 8.792
1791415805.847 2596 8.071
1791415805.857 2604 5.153
1791415805.859 2602 10.862
1791415805.869 2612 5.893
1791415805.871 2610 10.723
1791415805.881 2620 4.759
1791415805.883 2618 10.690
1791415805.894 2628 5.810
1791415805.896 2626 11.009
1791415805.907 2636 7.111
1791415805.909 2634 11.913
1791415805.918 2644 6.250
1791415805.920 2642 10.962
1791415805.931 2652 6.810
1791415805.933 2650 11.666
1791415805.942 2660 5.984
1791415805.944 2658 10.723
1791415805.954 2668 6.080
1791415805.956 2666 10.931
1791415805.968 2676 7.242
1791415805.970 2674 12.186
1791415805.979 2682 8.745
1791415805.981 2684 8.124
1791415805.990 2692 6.018
1791415805.992 2690 10.752
1791415806.003 2700 6.077
1791415806.005 2698 10.872
1791415806.015 2708 5.255
1791415806.017 2706 10.758
1791415806.027 2716 6.151
1791415806.029 2714 11.028
1791415806.039 2724 5.751
1791415806.041 2722 10.770
1791415806.051 2732 5.837
1791415806.053 2730 10.873
1791415806.063 2740 5.818
1791415806.065 2738 10.845
1791415806.076 2746 8.884
1791415806.078 2748 8.055
1791415806.088 2754 8.762
1791415806.090 2756 7.973
1791415806.100 2764 4.578
1791415806.102 2762 11.040
1791415806.108 2770 4.950
1791415806.114 2772 5.563
1791415806.120 2778 4.605
1791415806.126 2780 6.766
1791415806.135 2788 5.055
1791415806.137 2786 10.024
1791415806.147 2794 7.455
1791415806.151 2796 8.481
1791415806.157 2802 5.199
1791415806.165 2804 8.213
1791415806.170 2810 6.745
1791415806.175 2812 8.234
1791415806.187 2818 10.998
1791415806.189 2820 9.987
1791415806.194 2826 5.752
1791415806.198 2828 6.192
1791415806.205 2834 4.797
1791415806.210 2836 5.607
1791415806.217 2842 4.653
1791415806.223 2844 6.554
1791415806.230 2850 5.428
1791415806.236 2852 9.092
1791415806.243 2858 6.382
1791415806.245 2860 5.378
1791415806.256 2868 4.367
1791415806.258 2866 9.401
1791415806.268 2874 7.373
1791415806.270 2876 6.344
1791415806.280 2884 4.372
1791415806.282 2882 9.412
1791415806.292 2890 7.384
1791415806.294 2892 6.373
1791415806.304 2900 4.360
1791415806.306 2898 9.388
1791415806.317 2906 7.584
1791415806.319 2908 6.517
1791415806.329 2916 4.343
1791415806.331 2914 9.378
1791415806.341 2922 7.327
1791415806.343 2924 6.338
1791415806.353 2932 4.301
1791415806.355 2930 9.332
1791415806.365 2938 7.309
1791415806.367 2940 6.284
1791415806.377 2946 7.292
1791415806.379 2948 6.272
1791415806.390 2954 7.616
1791415806.392 2956 6.591
1791415806.401 2962 7.309
1791415806.403 2964 6.322
1791415806.414 2970 7.381
1791415806.416 2972 6.362
1791415806.426 2980 4.478
1791415806.428 2978 9.516
1791415806.438 2988 4.329
1791415806.440 2986 6.908
1791415806.452 2996 6.101
1791415806.454 2994 11.138
1791415806.462 3004 4.394
1791415806.464 3002 9.395
1791415806.474 3012 4.351
1791415806.476 3010 9.386
1791415806.486 3020 4.286
1791415806.488 3018 7.919
1791415806.498 3026 6.052
1791415806.500 3028 6.298
1791415806.511 3036 4.350
1791415806.513 3034 9.385
1791415806.523 3042 7.490
1791415806.525 3044 6.462
1791415806.535 3052 4.448
1791415806.537 3050 9.481
1791415806.547 3060 4.281
1791415806.549 3058 9.291
1791415806.559 3068 4.344
1791415806.561 3066 9.378
1791415806.571 3076 4.258
1791415806.573 3074 9.297
1791415806.583 3082 7.398
1791415806.585 3084 6.381
1791415806.596 3092 4.314
1791415806.598 3090 9.350
1791415806.608 3098 7.378
1791415806.610 3100 6.355
1791415806.620 3106 7.620
1791415806.622 3108 6.630
1791415806.632 3114 7.578
1791415806.634 3116 6.557
1791415806.644 3124 4.276
1791415806.646 3122 7.663
1791415806.656 3132 4.366
1791415806.658 3130 9.402
1791415806.668 3140 4.353
1791415806.670 3138 9.390
1791415806.681 3146 7.440
1791415806.683 3148 6.362
1791415806.693 3156 4.520
1791415806.695 3154 9.562
1791415806.705 3162 7.252
1791415806.707 3164 6.343
1791415806.717 3172 4.919
1791415806.719 3170 9.970
1791415806.729 3178 7.374
1791415806.731 3180 6.354
1791415806.741 3188 4.351
1791415806.743 3186 7.810
1791415806.753 3194 7.372
1791415806.755 3196 6.352
1791415806.765 3204 4.356
1791415806.767 3202 9.380
1791415806.778 3210 7.524
1791415806.780 3212 6.460
1791415806.790 3218 7.377
1791415806.792 3220 6.329
1791415806.802 3228 4.375
1791415806.804 3226 9.413
1791415806.814 3236 4.436
1791415806.816 3234 9.469
1791415806.826 3244 4.406
1791415806.828 3242 7.848
1791415806.838 3250 7.414
1791415806.840 3252 6.389
1791415806.850 3260 4.435
1791415806.852 3258 9.469
1791415806.863 3266 7.641
1791415806.865 3268 6.653
1791415806.875 3276 4.317
1791415806.877 3274 9.335
1791415806.887 3284 4.303
1791415806.889 3282 9.378
1791415806.899 3290 7.399
1791415806.901 3292 6.383
1791415806.911 3300 4.305
1791415806.913 3298 9.322
1791415806.923 3306 7.508
1791415806.925 3308 6.499
1791415806.935 3316 4.496
1791415806.937 3314 9.527
1791415806.947 3322 7.418
1791415806.950 3324 6.401
1791415806.960 3330 7.336
1791415806.962 3332 6.319
1791415806.972 3340 4.520
1791415806.974 3338 9.502
1791415806.984 3348 4.335
1791415806.986 3346 9.362
1791415806.996 3354 5.887
1791415806.998 3356 6.380
1791415807.008 3362 7.326
1791415807.010 3364 6.332
1791415807.020 3370 7.430
1791415807.022 3372 6.429
1791415807.032 3380 4.361
1791415807.034 3378 9.394
1791415807.045 3386 7.352
1791415807.047 3388 6.330
1791415807.057 3396 4.252
1791415807.059 3394 9.301
1791415807.070 3402 6.856
1791415807.072 3404 7.365
1791415807.081 3410 7.352
1791415807.083 3412 6.343
1791415807.093 3418 7.406
1791415807.095 3420 6.388
1791415807.105 3428 4.238
1791415807.107 3426 9.274
1791415807.117 3434 5.990
1791415807.119 3436 6.278
1791415807.130 3444 4.411
1791415807.132 3442 9.448
1791415807.142 3452 4.374
1791415807.144 3450 9.397
1791415807.154 3458 7.331
1791415807.156 3460 6.332
1791415807.166 3468 4.328
1791415807.168 3466 9.362
1791415807.178 3474 7.389
1791415807.180 3476 6.337
1791415807.190 3484 4.297
1791415807.192 3482 9.299
1791415807.202 3490 7.394
1791415807.204 3492 6.379
1791415807.214 3498 7.418
1791415807.216 3500 6.399
1791415807.227 3508 4.383
1791415807.229 3506 9.419
1791415807.239 3514 7.462
1791415807.241 3516 6.443
1791415807.251 3522 7.425
1791415807.253 3524 6.404
1791415807.263 3532 4.614
1791415807.265 3530 9.657
1791415807.275 3538 5.841
1791415807.277 3540 6.296
1791415807.287 3546 7.341
1791415807.289 3548 6.323
1791415807.299 3554 7.524
1791415807.301 3556 6.447
1791415807.312 3564 4.385
1791415807.314 3562 9.417
1791415807.324 3570 7.298
1791415807.326 3572 6.288
1791415807.336 3578 7.426
1791415807.338 3580 6.490
1791415807.348 3588 4.271
1791415807.350 3586 9.308
1791415807.360 3596 4.282
1791415807.362 3594 9.307
1791415807.372 3604 4.373
1791415807.374 3602 9.399
1791415807.385 3612 4.661
1791415807.387 3610 9.700
1791415807.396 3620 4.303
1791415807.398 3618 8.017
1791415807.409 3626 7.359
1791415807.411 3628 6.336
1791415807.421 3634 6.299
1791415807.423 3636 6.359
1791415807.433 3644 4.281
1791415807.435 3642 9.269
1791415807.445 3652 4.342
1791415807.447 3650 9.373
1791415807.457 3660 4.286
1791415807.459 3658 9.286
1791415807.469 3666 7.354
1791415807.471 3668 6.341
1791415807.481 3676 4.394
1791415807.483 3674 9.435
1791415807.495 3682 9.116
1791415807.497 3684 8.102
1791415807.507 3692 4.938
1791415807.509 3690 10.896
1791415807.519 3700 5.033
1791415807.521 3698 10.584
1791415807.532 3708 5.988
1791415807.534 3706 10.840
1791415807.545 3714 9.937
1791415807.547 3716 8.378
1791415807.556 3724 5.613
1791415807.558 3722 10.596
1791415807.568 3732 4.520
1791415807.570 3730 10.847
1791415807.582 3740 7.593
1791415807.584 3738 12.489
1791415807.592 3746 8.636
1791415807.594 3748 6.880
1791415807.604 3754 8.795
1791415807.606 3756 7.815
1791415807.617 3762 9.253
1791415807.619 3764 8.442
1791415807.629 3772 5.727
1791415807.631 3770 10.787
1791415807.641 3780 5.976
1791415807.643 3778 10.823
1791415807.653 3788 5.642
1791415807.655 3786 10.752
1791415807.665 3796 5.899
1791415807.667 3794 10.732
1791415807.677 3802 8.954
1791415807.679 3804 8.097
1791415807.689 3812 5.717
1791415807.691 3810 10.590
1791415807.702 3820 5.954
1791415807.704 3818 10.959
1791415807.714 3828 5.184
1791415807.716 3826 10.882
1791415807.726 3836 6.071
1791415807.728 3834 11.018
1791415807.738 3844 5.327
1791415807.740 3842 10.761
1791415807.752 3852 7.832
1791415807.754 3850 12.698
1791415807.762 3858 8.628
1791415807.764 3860 7.537
1791415807.777 3866 11.260
1791415807.779 3868 9.640
1791415807.786 3874 8.759
1791415807.788 3876 7.877
1791415807.799 3884 6.247
1791415807.801 3882 11.060
1791415807.812 3892 7.016
1791415807.814 3890 11.899
1791415807.823 3898 8.603
1791415807.825 3900 8.058
1791415807.837 3906 11.424
1791415807.839 3908 10.273
1791415807.847 3916 5.678
1791415807.849 3914 10.869
1791415807.859 3922 8.817
1791415807.861 3924 8.039
1791415807.874 3930 11.209
1791415807.876 3932 10.382
1791415807.884 3938 8.686
1791415807.886 3940 7.619
1791415807.896 3946 8.954
1791415807.898 3948 8.175
1791415807.908 3956 6.035
1791415807.910 3954 10.929
1791415807.921 3962 9.888
1791415807.923 3964 7.515
1791415807.932 3972 5.120
1791415807.934 3970 10.979
1791415807.944 3980 5.527
1791415807.946 3978 10.763
1791415807.956 3986 8.920
1791415807.958 3988 8.219
1791415807.969 3996 6.051
1791415807.971 3994 10.925
1791415807.981 4004 6.073
1791415807.983 4002 10.849
1791415807.993 4012 6.034
1791415807.995 4010 10.855
1791415808.005 4018 8.808
1791415808.007 4020 7.742
1791415808.017 4026 9.012
1791415808.019 4028 8.177
1791415808.029 4036 5.906
1791415808.031 4034 10.906
1791415808.041 4044 5.153
1791415808.043 4042 10.659
1791415808.053 4050 8.646
1791415808.055 4052 7.803
1791415808.065 4060 5.992
1791415808.067 4058 10.818
1791415808.078 4066 9.002
1791415808.080 4068 8.035
1791415808.090 4076 6.040
1791415808.092 4074 10.867
1791415808.102 4082 8.855
1791415808.104 4084 7.817
1791415808.114 4092 5.843
1791415808.116 4090 10.820
1791415808.127 4100 6.607
1791415808.129 4098 11.436
1791415808.140 4108 7.516
1791415808.142 4106 12.230
1791415808.150 4114 8.917
1791415808.153 4116 8.129
1791415808.163 4122 8.823
1791415808.165 4124 7.865
1791415808.175 4130 8.878
1791415808.177 4132 7.744
1791415808.187 4140 6.039
1791415808.189 4138 10.880
1791415808.199 4148 5.892
1791415808.201 4146 10.737
1791415808.211 4156 5.799
1791415808.213 4154 10.627
1791415808.223 4164 5.737
1791415808.225 4162 10.641
1791415808.235 4170 8.904
1791415808.237 4172 8.110
1791415808.248 4180 6.248
1791415808.250 4178 11.093
1791415808.260 4188 6.078
1791415808.262 4186 10.899
1791415808.272 4194 8.706
1791415808.274 4196 7.980
1791415808.284 4204 6.034
1791415808.286 4202 10.818
1791415808.296 4210 9.126
1791415808.298 4212 7.923
1791415808.308 4218 9.034
1791415808.310 4220 8.136
1791415808.320 4226 8.658
1791415808.322 4228 7.853
1791415808.333 4234 9.007
1791415808.335 4236 8.196
1791415808.345 4242 8.995
1791415808.347 4244 8.057
1791415808.357 4252 6.004
1791415808.359 4250 10.820
1791415808.369 4258 8.695
1791415808.371 4260 7.851
1791415808.381 4268 6.010
1791415808.383 4266 10.865
1791415808.394 4276 6.626
1791415808.396 4274 11.460
1791415808.405 4284 5.928
1791415808.407 4282 10.792
1791415808.417 4290 8.585
1791415808.419 4292 7.888
1791415808.429 4300 5.923
1791415808.431 4298 10.704
1791415808.442 4306 8.874
1791415808.444 4308 8.077
1791415808.455 4316 6.873
1791415808.457 4314 11.967
1791415808.466 4322 8.797
1791415808.468 4324 7.979
1791415808.478 4330 9.280
1791415808.480 4332 7.895
1791415808.492 4340 8.330
1791415808.494 4338 13.156
1791415808.502 4346 8.809
1791415808.504 4348 7.956
1791415808.515 4354 9.866
1791415808.518 4356 8.927
1791415808.523 4362 5.209
1791415808.530 4364 9.112
1791415808.534 4370 4.611
1791415808.540 4372 5.915
1791415808.547 4378 4.725
1791415808.552 4380 5.676
1791415808.559 4386 4.640
1791415808.565 4388 6.305
1791415808.573 4394 6.620
1791415808.578 4396 8.628
1791415808.584 4402 5.328
1791415808.592 4404 8.791
1791415808.602 4412 8.133
1791415808.604 4410 11.138
1791415808.609 4418 6.180
1791415808.615 4420 8.899
1791415808.620 4426 5.480
1791415808.627 4428 9.164
1791415808.633 4434 6.233
1791415808.635 4436 5.211
1791415808.646 4442 7.275
1791415808.648 4444 6.251
1791415808.659 4452 4.554
1791415808.661 4450 9.609
1791415808.670 4458 6.092
1791415808.672 4460 6.312
1791415808.683 4466 7.464
1791415808.685 4468 6.441
1791415808.695 4474 7.307
1791415808.697 4476 6.290
1791415808.707 4484 4.355
1791415808.709 4482 9.420
1791415808.719 4490 6.008
1791415808.721 4492 6.350
1791415808.731 4500 4.342
1791415808.733 4498 9.375
1791415808.743 4508 4.350
1791415808.745 4506 9.387
1791415808.755 4514 7.300
1791415808.757 4516 6.303
1791415808.768 4524 4.354
1791415808.770 4522 9.389
1791415808.780 4532 4.525
1791415808.782 4530 9.494
1791415808.792 4538 7.328
1791415808.794 4540 6.304
1791415808.804 4546 7.296
1791415808.806 4548 6.288
1791415808.816 4554 7.314
1791415808.818 4556 6.306
1791415808.828 4562 7.336
1791415808.830 4564 6.312
1791415808.840 4572 4.442
1791415808.842 4570 9.478
1791415808.853 4580 4.421
1791415808.855 4578 8.209
1791415808.865 4586 7.570
1791415808.867 4588 6.546
1791415808.877 4594 7.307
1791415808.879 4596 6.290
1791415808.889 4602 7.385
1791415808.891 4604 6.355
1791415808.901 4610 7.344
1791415808.903 4612 6.330
1791415808.913 4618 7.341
1791415808.915 4620 6.318
1791415808.925 4626 7.368
1791415808.927 4628 6.351
1791415808.938 4636 4.561
1791415808.940 4634 9.598
1791415808.950 4642 7.323
1791415808.952 4644 6.304
1791415808.962 4652 4.298
1791415808.964 4650 9.338
1791415808.974 4660 4.322
1791415808.976 4658 9.356
1791415808.986 4666 7.407
1791415808.988 4668 6.388
1791415808.998 4676 4.322
1791415809.000 4674 9.364
1791415809.010 4684 4.378
1791415809.012 4682 9.415
1791415809.022 4692 4.409
1791415809.024 4690 9.476
1791415809.035 4700 4.390
1791415809.037 4698 9.425
1791415809.047 4708 4.272
1791415809.049 4706 9.308
1791415809.059 4716 4.416
1791415809.061 4714 9.405
1791415809.071 4724 4.505
1791415809.073 4722 9.560
1791415809.083 4732 4.331
1791415809.085 4730 9.366
1791415809.095 4738 7.483
1791415809.097 4740 6.479
1791415809.107 4748 4.399
1791415809.109 4746 9.427
1791415809.119 4756 4.305
1791415809.121 4754 9.339
1791415809.132 4762 7.385
1791415809.134 4764 6.368
1791415809.144 4770 7.386
1791415809.146 4772 6.368
1791415809.156 4778 7.456
1791415809.158 4780 6.433
1791415809.168 4788 4.405
1791415809.170 4786 9.445
1791415809.180 4794 7.392
1791415809.182 4796 6.381
1791415809.192 4802 7.533
1791415809.194 4804 6.514
1791415809.204 4812 4.381
1791415809.206 4810 9.407
1791415809.217 4820 4.412
1791415809.219 4818 9.408
1791415809.229 4828 4.356
1791415809.231 4826 9.384
1791415809.241 4836 4.262
1791415809.243 4834 9.259
1791415809.253 4842 7.440
1791415809.255 4844 6.423
1791415809.265 4850 6.412
1791415809.267 4852 6.275
1791415809.277 4860 4.360
1791415809.279 4858 9.394
1791415809.289 4868 4.314
1791415809.291 4866 9.354
1791415809.301 4874 7.322
1791415809.303 4876 6.297
1791415809.314 4882 7.341
1791415809.316 4884 6.323
1791415809.326 4892 4.352
1791415809.328 4890 9.380
1791415809.338 4898 7.380
1791415809.340 4900 6.364
1791415809.350 4906 7.576
1791415809.352 4908 6.555
1791415809.362 4916 4.345
1791415809.364 4914 9.373
1791415809.374 4924 4.491
1791415809.376 4922 9.524
1791415809.386 4930 7.373
1791415809.388 4932 6.370
1791415809.399 4938 7.470
1791415809.401 4940 6.462
1791415809.411 4946 7.494
1791415809.413 4948 6.467
1791415809.423 4956 4.454
1791415809.425 4954 8.550
1791415809.435 4964 4.277
1791415809.437 4962 9.259
1791415809.447 4972 4.325
1791415809.449 4970 9.367
1791415809.459 4978 7.335
1791415809.461 4980 6.313
1791415809.471 4986 5.938
1791415809.473 4988 6.304
1791415809.484 4996 4.392
1791415809.486 4994 7.892
1791415809.496 5002 7.509
1791415809.498 5004 6.418
1791415809.508 5012 4.278
1791415809.510 5010 9.308
1791415809.520 5020 4.313
1791415809.522 5018 9.348
1791415809.532 5028 4.432
1791415809.534 5026 9.467
1791415809.544 5036 4.341
1791415809.546 5034 9.079
1791415809.556 5044 4.385
1791415809.558 5042 9.421
1791415809.569 5052 4.436
1791415809.571 5050 9.546
1791415809.581 5060 4.353
1791415809.583 5058 9.394
1791415809.693 5068 104.727
1791415809.695 5066 109.839
1791415809.698 5074 100.752
1791415809.700 5082 87.836
1791415809.702 5090 80.506
1791415809.704 5098 70.381
1791415809.706 5106 60.252
1791415809.708 5114 50.121
1791415809.710 5122 40.001
1791415809.712 5130 29.874
1791415809.714 5076 113.789
1791415809.716 5084 103.656
1791415809.718 5092 93.540
1791415809.720 5100 83.412
1791415809.722 5108 73.292
1791415809.724 5116 63.169
1791415809.726 5124 53.040
1791415809.728 5132 42.914
1791415809.731 5140 33.556
1791415809.733 5148 23.478
1791415809.735 5156 13.344
1791415809.737 5138 42.640
1791415809.739 5146 32.520
1791415809.741 5154 22.383
1791415809.744 5164 8.810
1791415809.746 5162 14.740
1791415809.753 5172 6.621
1791415809.755 5170 11.443
1791415809.764 5180 6.177
1791415809.766 5178 11.029
1791415809.776 5186 8.695
1791415809.778 5188 7.918
1791415809.791 5196 8.116
1791415809.793 5194 12.963
1791415809.803 5202 10.931
1791415809.805 5204 10.106
1791415809.813 5212 5.928
1791415809.815 5210 10.775
1791415809.827 5220 7.818
1791415809.829 5218 12.581
1791415809.837 5228 5.914
1791415809.839 5226 10.840
1791415809.849 5234 8.734
1791415809.851 5236 7.910
1791415809.861 5244 5.844
1791415809.863 5242 10.710
1791415809.874 5252 5.559
1791415809.876 5250 10.944
1791415809.886 5260 5.809
1791415809.888 5258 10.964
1791415809.898 5266 8.532
1791415809.900 5268 7.141
1791415809.910 5274 8.906
1791415809.912 5276 7.552
1791415809.922 5282 8.818
1791415809.924 5284 7.981
1791415809.934 5292 5.675
1791415809.936 5290 10.754
1791415809.947 5300 6.371
1791415809.949 5298 11.396
1791415809.958 5308 5.883
1791415809.960 5306 10.769
1791415809.972 5314 9.824
1791415809.974 5316 8.789
1791415809.983 5322 8.937
1791415809.985 5324 7.837
1791415809.996 5330 9.538
1791415809.998 5332 8.878
1791415810.009 5340 8.156
1791415810.011 5338 12.981
1791415810.019 5348 5.945
1791415810.021 5346 10.794
1791415810.031 5354 8.676
1791415810.033 5356 7.856
1791415810.044 5362 9.170
1791415810.046 5364 8.198
1791415810.056 5370 9.163
1791415810.058 5372 8.376
1791415810.068 5380 5.969
1791415810.070 5378 10.834
1791415810.080 5388 5.971
1791415810.082 5386 10.818
1791415810.092 5394 8.717
1791415810.094 5396 7.865
1791415810.104 5404 5.897
1791415810.106 5402 10.733
1791415810.116 5412 4.655
1791415810.118 5410 10.792
1791415810.128 5418 8.819
1791415810.130 5420 8.013
1791415810.141 5426 8.929
1791415810.143 5428 8.150
1791415810.152 5436 6.036
1791415810.155 5434 10.790
1791415810.165 5444 5.952
1791415810.167 5442 10.813
1791415810.177 5452 5.970
1791415810.179 5450 10.944
1791415810.189 5460 5.820
1791415810.191 5458 10.832
1791415810.201 5466 8.848
1791415810.203 5468 7.972
1791415810.213 5474 8.823
1791415810.215 5476 7.975
1791415810.225 5482 8.774
1791415810.227 5484 7.863
1791415810.237 5492 5.948
1791415810.239 5490 10.790
1791415810.250 5500 6.042
1791415810.252 5498 10.830
1791415810.262 5506 8.711
1791415810.264 5508 7.187
1791415810.274 5516 5.482
1791415810.276 5514 10.884
1791415810.286 5522 8.757
1791415810.288 5524 6.955
1791415810.298 5530 8.720
1791415810.300 5532 7.933
1791415810.310 5540 5.649
1791415810.312 5538 10.589
1791415810.323 5548 6.919
1791415810.325 5546 11.790
1791415810.334 5554 8.658
1791415810.336 5556 7.041
1791415810.347 5562 8.823
1791415810.349 5564 7.801
1791415810.359 5570 9.001
1791415810.361 5572 7.625
1791415810.371 5580 4.742
1791415810.373 5578 10.758
1791415810.383 5586 8.893
1791415810.385 5588 7.866
1791415810.396 5594 9.136
1791415810.398 5596 8.337
1791415810.407 5602 8.907
1791415810.409 5604 8.036
1791415810.420 5612 6.114
1791415810.422 5610 11.014
1791415810.432 5618 8.947
1791415810.434 5620 7.992
1791415810.444 5626 8.933
1791415810.446 5628 7.915
1791415810.456 5634 8.793
1791415810.458 5636 7.927
1791415810.465 5642 5.714
1791415810.471 5644 8.492
1791415810.477 5650 4.739
1791415810.483 5652 8.815
1791415810.489 5658 5.299
1791415810.500 5660 11.308
1791415810.503 5668 4.435
1791415810.505 5666 9.444
1791415810.515 5674 7.387
1791415810.517 5676 6.369
1791415810.528 5682 7.210
1791415810.530 5684 6.915
1791415810.541 5690 9.278
1791415810.543 5692 8.415
1791415810.556 5700 8.560
1791415810.558 5698 13.369
1791415810.565 5706 8.703
1791415810.567 5708 7.720
1791415810.577 5716 5.864
1791415810.579 5714 10.938
1791415810.589 5722 8.950
1791415810.591 5724 8.109
1791415810.601 5730 8.784
1791415810.604 5732 7.112
1791415810.616 5740 7.978
1791415810.618 5738 12.756
1791415810.626 5746 8.908
1791415810.628 5748 7.813
1791415810.638 5756 5.785
1791415810.640 5754 10.596
1791415810.650 5762 8.890
1791415810.652 5764 8.045
1791415810.662 5772 5.727
1791415810.664 5770 10.797
1791415810.676 5780 6.966
1791415810.678 5778 12.042
1791415810.686 5786 8.678
1791415810.688 5788 7.797
1791415810.699 5794 8.864
1791415810.701 5796 7.803
1791415810.711 5802 8.777
1791415810.713 5804 7.833
1791415810.723 5810 8.816
1791415810.725 5812 8.032
1791415810.735 5818 8.859
1791415810.737 5820 7.961
1791415810.747 5826 8.699
1791415810.749 5828 7.816
1791415810.759 5834 8.686
1791415810.761 5836 7.642
1791415810.771 5844 5.689
1791415810.773 5842 10.729
1791415810.784 5852 5.907
1791415810.786 5850 10.926
1791415810.796 5858 8.874
1791415810.798 5860 7.853
1791415810.808 5868 6.007
1791415810.810 5866 10.856
1791415810.820 5874 8.704
1791415810.822 5876 7.758
1791415810.832 5882 8.628
1791415810.834 5884 7.643
1791415810.844 5890 8.918
1791415810.846 5892 7.904
1791415810.856 5900 6.018
1791415810.858 5898 10.935
1791415810.868 5906 8.818
1791415810.870 5908 7.977
1791415810.881 5916 6.096
1791415810.883 5914 10.897
1791415810.893 5924 6.060
1791415810.895 5922 10.946
1791415810.905 5932 5.800
1791415810.907 5930 10.877
1791415810.917 5940 5.731
1791415810.919 5938 10.736
1791415810.929 5948 5.879
1791415810.931 5946 10.743
1791415810.941 5954 8.834
1791415810.943 5956 7.974
1791415810.953 5962 8.919
1791415810.956 5964 8.257
1791415810.966 5972 6.073
1791415810.968 5970 10.799
1791415810.978 5978 8.732
1791415810.980 5980 7.951
1791415810.990 5988 6.115
1791415810.992 5986 10.929
1791415811.002 5996 5.899
1791415811.004 5994 10.744
1791415811.014 6002 8.775
1791415811.016 6004 7.748
1791415811.026 6010 8.893
1791415811.028 6012 7.947
1791415811.038 6020 5.822
1791415811.040 6018 10.794
1791415811.051 6026 8.939
1791415811.053 6028 8.294
1791415811.063 6036 6.038
1791415811.065 6034 10.765
1791415811.076 6042 9.635
1791415811.078 6044 8.126
1791415811.087 6052 5.800
1791415811.089 6050 10.700
1791415811.099 6060 5.885
1791415811.101 6058 10.772
1791415811.112 6066 9.896
1791415811.114 6068 9.054
1791415811.123 6074 8.743
1791415811.125 6076 7.847
1791415811.136 6082 9.056
1791415811.138 6084 8.147
1791415811.147 6092 6.033
1791415811.150 6090 10.816
1791415811.160 6098 8.922
1791415811.162 6100 7.932
1791415811.174 6108 8.009
1791415811.176 6106 12.859
1791415811.184 6116 6.129
1791415811.186 6114 10.950
1791415811.196 6122 8.675
1791415811.198 6124 7.834
1791415811.208 6132 5.898
1791415811.210 6130 10.706
1791415811.220 6140 5.593
1791415811.222 6138 10.753
1791415811.232 6148 6.027
1791415811.235 6146 10.887
1791415811.245 6156 6.048
1791415811.247 6154 10.838
1791415811.257 6162 8.997
1791415811.259 6164 7.881
1791415811.269 6170 8.704
1791415811.271 6172 7.924
1791415811.281 6180 5.916
1791415811.283 6178 10.906
1791415811.293 6188 6.007
1791415811.295 6186 10.791
1791415811.305 6196 6.025
1791415811.307 6194 10.852
1791415811.317 6204 5.960
1791415811.319 6202 10.720
1791415811.330 6210 8.829
1791415811.332 6212 7.812
1791415811.342 6220 5.918
1791415811.344 6218 10.805
1791415811.354 6226 8.791
1791415811.356 6228 7.835
1791415811.366 6234 8.718
1791415811.368 6236 7.915
1791415811.379 6244 6.609
1791415811.381 6242 11.422
1791415811.390 6252 3.614
1791415811.392 6250 10.429
1791415811.402 6258 8.662
1791415811.404 6260 7.798
1791415811.414 6266 8.836
1791415811.417 6268 7.649
1791415811.427 6276 5.737
1791415811.429 6274 10.869
1791415811.439 6284 5.865
1791415811.441 6282 10.652
1791415811.451 6290 8.930
1791415811.453 6292 7.926
1791415811.463 6298 8.939
1791415811.465 6300 7.963
1791415811.475 6306 8.743
1791415811.477 6308 7.922
1791415811.487 6314 8.667
1791415811.489 6316 7.878
1791415811.501 6324 6.797
1791415811.503 6322 11.904
1791415811.512 6330 8.595
1791415811.514 6332 8.019
1791415811.524 6340 5.689
1791415811.526 6338 10.731
1791415811.536 6348 5.993
1791415811.538 6346 10.915
1791415811.548 6356 5.852
1791415811.550 6354 11.115
1791415811.556 6362 4.798
1791415811.562 6364 5.904
1791415811.570 6370 6.509
1791415811.574 6372 7.524
1791415811.580 6378 4.540
1791415811.587 6380 8.299
1791415811.595 6388 4.555
1791415811.597 6386 9.565
1791415811.607 6396 4.372
1791415811.609 6394 9.408
1791415811.619 6402 7.270
1791415811.621 6404 6.252
1791415811.631 6410 7.335
1791415811.633 6412 6.313
1791415811.643 6418 7.392
1791415811.645 6420 6.372
1791415811.656 6426 7.391
1791415811.658 6428 6.394
1791415811.668 6436 4.294
1791415811.670 6434 9.293
1791415811.680 6442 5.794
1791415811.682 6444 6.292
1791415811.692 6452 4.308
1791415811.694 6450 9.343
1791415811.704 6458 7.293
1791415811.706 6460 6.259
1791415811.716 6466 7.340
1791415811.718 6468 6.320
1791415811.728 6474 7.364
1791415811.730 6476 6.343
1791415811.741 6484 4.401
1791415811.743 6482 9.433
1791415811.753 6492 4.579
1791415811.755 6490 9.612
1791415811.765 6500 4.334
1791415811.767 6498 9.363
1791415811.777 6506 7.283
1791415811.779 6508 6.281
1791415811.789 6514 7.305
1791415811.791 6516 6.300
1791415811.801 6524 4.387
1791415811.803 6522 9.421
1791415811.813 6530 7.434
1791415811.815 6532 6.419
1791415811.826 6538 7.487
1791415811.828 6540 6.468
1791415811.837 6546 7.345
1791415811.840 6548 6.324
1791415811.850 6554 7.381
1791415811.852 6556 6.376
1791415811.862 6564 4.290
1791415811.864 6562 9.324
1791415811.874 6570 7.347
1791415811.876 6572 6.327
1791415811.886 6580 4.333
1791415811.888 6578 9.373
1791415811.898 6588 4.419
1791415811.900 6586 9.453
1791415811.910 6594 7.456
1791415811.912 6596 6.401
1791415811.922 6604 4.361
1791415811.924 6602 9.400
1791415811.935 6610 7.368
1791415811.937 6612 6.346
1791415811.947 6618 7.326
1791415811.949 6620 6.306
1791415811.959 6626 7.357
1791415811.961 6628 6.336
1791415811.971 6636 4.346
1791415811.973 6634 9.378
1791415811.983 6642 7.357
1791415811.985 6644 6.339
1791415811.995 6652 4.261
1791415811.997 6650 9.294
1791415812.007 6660 4.387
1791415812.009 6658 9.423
1791415812.020 6668 4.331
1791415812.022 6666 9.367
1791415812.032 6676 4.351
1791415812.034 6674 9.390
1791415812.044 6684 4.295
1791415812.046 6682 9.329
1791415812.056 6690 7.345
1791415812.058 6692 6.326
1791415812.068 6698 7.383
1791415812.070 6700 6.374
1791415812.080 6706 7.364
1791415812.082 6708 6.314
1791415812.092 6714 7.470
1791415812.094 6716 6.454
1791415812.104 6722 7.323
1791415812.106 6724 6.316
1791415812.117 6732 4.389
1791415812.119 6730 8.278
1791415812.129 6738 7.285
1791415812.131 6740 6.371
1791415812.141 6748 4.432
1791415812.143 6746 9.463
1791415812.153 6756 4.325
1791415812.155 6754 9.352
1791415812.165 6762 7.417
1791415812.167 6764 6.329
1791415812.177 6772 4.377
1791415812.179 6770 8.973
1791415812.189 6780 4.361
1791415812.191 6778 9.367
1791415812.202 6786 7.358
1791415812.204 6788 6.335
1791415812.214 6794 5.944
1791415812.216 6796 6.420
1791415812.226 6802 7.548
1791415812.228 6804 6.460
1791415812.238 6812 4.366
1791415812.240 6810 9.404
1791415812.250 6820 4.419
1791415812.252 6818 9.457
1791415812.262 6826 7.409
1791415812.264 6828 6.391
1791415812.274 6834 7.276
1791415812.276 6836 6.277
1791415812.287 6844 4.356
1791415812.289 6842 9.384
1791415812.299 6850 7.319
1791415812.301 6852 6.434
1791415812.311 6858 7.397
1791415812.313 6860 6.371
1791415812.323 6868 4.396
1791415812.325 6866 9.431
1791415812.335 6874 6.559
1791415812.337 6876 6.291
1791415812.347 6884 4.349
1791415812.349 6882 9.384
1791415812.359 6892 4.411
1791415812.361 6890 9.443
1791415812.371 6900 4.359
1791415812.373 6898 9.401
1791415812.384 6906 7.398
1791415812.386 6908 6.408
1791415812.396 6914 7.664
1791415812.398 6916 6.648
1791415812.408 6922 7.335
1791415812.410 6924 6.334
1791415812.420 6932 4.302
1791415812.422 6930 9.325
1791415812.432 6938 7.416
1791415812.434 6940 6.404
1791415812.444 6948 4.300
1791415812.446 6946 9.336
1791415812.456 6954 7.389
1791415812.458 6956 6.414
1791415812.468 6964 4.325
1791415812.470 6962 9.359
1791415812.481 6970 7.369
1791415812.483 6972 6.349
1791415812.493 6978 7.256
1791415812.495 6980 6.235
1791415812.505 6986 7.430
1791415812.507 6988 6.409
1791415812.517 6994 7.396
1791415812.519 6996 6.370
1791415812.529 7004 4.415
1791415812.531 7002 9.433
1791415812.541 7012 4.311
1791415812.543 7010 9.355
1791415812.554 7020 4.491
1791415812.556 7018 8.543
1791415812.566 7026 7.498
1791415812.568 7028 6.473
1791415812.578 7036 4.498
1791415812.580 7034 9.534
1791415812.590 7044 4.299
1791415812.592 7042 9.330
1791415812.602 7050 7.402
1791415812.604 7052 6.383
1791415812.614 7060 4.633
1791415812.616 7058 9.675
1791415812.626 7068 4.392
1791415812.628 7066 9.425
1791415812.638 7076 4.305
1791415812.640 7074 9.338
1791415812.650 7084 4.300
1791415812.652 7082 9.314
1791415812.663 7092 4.371
1791415812.665 7090 9.286
1791415812.675 7098 7.497
1791415812.677 7100 6.483
1791415812.687 7108 4.564
1791415812.689 7106 9.601
1791415812.699 7114 7.430
1791415812.701 7116 6.345
1791415812.711 7122 7.308
1791415812.713 7124 6.321
1791415812.723 7132 4.406
1791415812.725 7130 9.447
1791415812.735 7138 7.384
1791415812.737 7140 6.360
1791415812.747 7148 4.234
1791415812.749 7146 9.274
1791415812.760 7156 4.324
1791415812.762 7154 9.352
1791415812.772 7162 7.367
1791415812.774 7164 6.381
1791415812.784 7170 7.369
1791415812.786 7172 6.346
1791415812.796 7178 5.884
1791415812.798 7180 6.248
1791415812.808 7188 4.227
1791415812.810 7186 9.265
1791415812.820 7196 4.374
1791415812.822 7194 9.408
1791415812.833 7204 4.398
1791415812.835 7202 9.432
1791415812.845 7210 7.417
1791415812.847 7212 6.398
1791415812.857 7218 7.453
1791415812.859 7220 6.434
1791415812.869 7228 4.351
1791415812.871 7226 9.368
1791415812.881 7234 7.331
1791415812.883 7236 6.315
1791415812.893 7244 4.257
1791415812.895 7242 9.297
1791415812.905 7252 4.311
1791415812.907 7250 7.936
1791415812.917 7258 6.079
1791415812.919 7260 6.332
1791415812.930 7266 6.254
1791415812.932 7268 6.395
1791415812.942 7274 7.502
1791415812.944 7276 6.464
1791415812.954 7284 4.369
1791415812.956 7282 9.404
1791415812.966 7292 4.309
1791415812.968 7290 9.341
1791415812.978 7298 7.332
1791415812.980 7300 6.342
1791415812.990 7308 4.348
1791415812.992 7306 9.385
1791415813.002 7316 4.367
1791415813.004 7314 9.022
1791415813.015 7322 7.415
1791415813.017 7324 6.375
1791415813.027 7332 4.392
1791415813.029 7330 9.432
1791415813.039 7338 7.383
1791415813.041 7340 6.379
1791415813.051 7348 4.334
1791415813.053 7346 9.367
1791415813.063 7354 6.071
1791415813.065 7356 6.355
1791415813.075 7364 4.418
1791415813.077 7362 7.914
1791415813.087 7370 7.494
1791415813.089 7372 6.477
1791415813.099 7380 4.362
1791415813.102 7378 9.396
1791415813.112 7386 7.447
1791415813.114 7388 6.429
1791415813.124 7394 7.272
1791415813.126 7396 6.299
1791415813.136 7404 4.395
1791415813.138 7402 9.430
1791415813.148 7410 7.502
1791415813.150 7412 6.486
1791415813.160 7418 7.392
1791415813.162 7420 6.367
1791415813.172 7428 4.375
1791415813.174 7426 9.432
1791415813.184 7436 4.393
1791415813.186 7434 9.427
1791415813.197 7442 7.405
1791415813.199 7444 6.387
1791415813.209 7450 7.409
1791415813.211 7452 6.393
1791415813.221 7460 4.350
1791415813.223 7458 9.387
1791415813.233 7468 4.281
1791415813.235 7466 9.323
1791415813.245 7474 7.528
1791415813.247 7476 6.506
1791415813.257 7484 4.329
1791415813.259 7482 9.324
1791415813.269 7490 7.436
1791415813.271 7492 6.416
1791415813.282 7498 7.565
1791415813.284 7500 6.569
1791415813.294 7506 6.309
1791415813.296 7508 6.423
1791415813.306 7516 4.292
1791415813.308 7514 9.315
1791415813.318 7522 7.325
1791415813.320 7524 6.319
1791415813.330 7530 7.341
1791415813.332 7532 6.297
1791415813.342 7540 4.295
1791415813.344 7538 9.326
1791415813.354 7546 7.325
1791415813.356 7548 6.308
1791415813.366 7554 7.391
1791415813.368 7556 6.369
1791415813.379 7562 7.361
1791415813.381 7564 6.356
1791415813.391 7570 6.135
1791415813.393 7572 6.353
1791415813.403 7578 7.488
1791415813.405 7580 6.481
1791415813.415 7588 4.304
1791415813.417 7586 9.345
1791415813.427 7596 4.333
1791415813.429 7594 9.369
1791415813.439 7602 5.949
1791415813.441 7604 6.436
1791415813.451 7612 4.306
1791415813.453 7610 9.326
1791415813.463 7620 4.274
1791415813.465 7618 9.310
1791415813.476 7628 4.524
1791415813.478 7626 9.571
1791415813.488 7634 7.268
1791415813.490 7636 6.288
1791415813.500 7642 7.369
1791415813.502 7644 6.345
1791415813.512 7652 4.379
1791415813.514 7650 9.415
1791415813.525 7658 7.864
1791415813.527 7660 6.840
1791415813.536 7666 7.451
1791415813.538 7668 6.358
1791415813.549 7676 4.645
1791415813.551 7674 9.682
1791415813.562 7684 5.369
1791415813.564 7682 10.409
1791415813.570 7690 4.674
1791415813.576 7692 5.479
1791415813.583 7698 5.514
1791415813.588 7700 7.148
1791415813.594 7706 4.390
1791415813.600 7708 7.200
1791415813.607 7714 4.983
1791415813.613 7716 7.056
1791415813.621 7722 6.787
1791415813.628 7724 10.621
1791415813.632 7730 5.634
1791415813.640 7732 10.617
1791415813.643 7738 5.302
1791415813.650 7740 8.961
1791415813.657 7748 3.743
1791415813.659 7746 8.773
1791415813.670 7756 4.277
1791415813.672 7754 9.366
1791415813.682 7762 7.289
1791415813.684 7764 6.273
1791415813.694 7770 7.339
1791415813.696 7772 6.313
1791415813.706 7780 4.367
1791415813.708 7778 9.386
1791415813.718 7786 7.405
1791415813.720 7788 6.336
1791415813.730 7794 7.329
1791415813.732 7796 6.301
1791415813.743 7804 4.441
1791415813.745 7802 9.485
1791415813.755 7810 7.408
1791415813.757 7812 6.393
1791415813.767 7818 7.353
1791415813.769 7820 6.347
1791415813.779 7826 7.621
1791415813.781 7828 6.607
1791415813.791 7836 4.538
1791415813.793 7834 9.570
1791415813.803 7844 4.295
1791415813.805 7842 9.330
1791415813.816 7850 7.566
1791415813.818 7852 6.555
1791415813.827 7860 4.281
1791415813.829 7858 9.312
1791415813.840 7868 4.307
1791415813.842 7866 9.343
1791415813.852 7874 7.404
1791415813.854 7876 6.375
1791415813.864 7884 4.367
1791415813.866 7882 9.405
1791415813.876 7892 4.265
1791415813.878 7890 9.315
1791415813.888 7900 4.302
1791415813.890 7898 9.334
1791415813.900 7906 7.353
1791415813.902 7908 6.333
1791415813.912 7914 6.037
1791415813.914 7916 6.289
1791415813.925 7924 4.554
1791415813.927 7922 8.435
1791415813.937 7932 4.343
1791415813.939 7930 9.348
1791415813.949 7940 4.450
1791415813.951 7938 8.635
1791415813.961 7946 5.934
1791415813.963 7948 6.415
1791415813.973 7954 7.326
1791415813.975 7956 6.330
1791415813.985 7962 7.333
1791415813.987 7964 6.311
1791415813.997 7970 7.383
1791415813.999 7972 6.362
1791415814.010 7978 7.355
1791415814.012 7980 6.339
1791415814.022 7986 7.256
1791415814.024 7988 6.240
1791415814.034 7994 7.365
1791415814.036 7996 6.290
1791415814.046 8002 7.326
1791415814.048 8004 6.310
1791415814.058 8012 4.301
1791415814.060 8010 9.329
1791415814.070 8018 7.360
1791415814.072 8020 6.335
1791415814.083 8026 7.615
1791415814.085 8028 6.601
1791415814.094 8036 4.357
1791415814.097 8034 9.393
1791415814.107 8042 7.435
1791415814.109 8044 6.417
1791415814.119 8052 4.393
1791415814.121 8050 9.388
1791415814.131 8060 4.328
1791415814.133 8058 9.362
1791415814.143 8068 4.279
1791415814.145 8066 7.809
1791415814.155 8074 7.401
1791415814.157 8076 6.376
1791415814.167 8082 7.439
1791415814.169 8084 6.442
1791415814.179 8092 4.347
1791415814.181 8090 9.383
1791415814.192 8100 4.479
1791415814.194 8098 9.568
1791415814.204 8106 7.408
1791415814.206 8108 6.387
1791415814.216 8114 7.701
1791415814.218 8116 6.683
1791415814.228 8122 6.481
1791415814.230 8124 6.270
1791415814.240 8132 4.403
1791415814.242 8130 9.441
1791415814.252 8140 4.346
1791415814.254 8138 9.384
1791415814.265 8148 4.484
1791415814.267 8146 9.525
1791415814.277 8156 4.491
1791415814.279 8154 9.530
1791415814.289 8162 7.374
1791415814.291 8164 6.371
1791415814.301 8170 7.455
1791415814.303 8172 6.493
1791415814.313 8180 4.412
1791415814.315 8178 9.025
1791415814.325 8186 7.291
1791415814.327 8188 6.288
1791415814.337 8196 4.341
1791415814.339 8194 8.007
1791415814.349 8204 4.372
1791415814.351 8202 9.401
1791415814.361 8210 7.345
1791415814.363 8212 6.330
1791415814.374 8218 6.279
1791415814.376 8220 6.434
1791415814.386 8226 7.331
1791415814.388 8228 6.317
1791415814.398 8234 7.423
1791415814.400 8236 6.396
1791415814.410 8244 4.325
1791415814.412 8242 9.333
1791415814.422 8250 7.700
1791415814.424 8252 6.683
1791415814.434 8258 7.349
1791415814.436 8260 6.327
1791415814.446 8268 4.414
1791415814.448 8266 8.080
1791415814.459 8276 4.372
1791415814.461 8274 9.401
1791415814.471 8284 4.506
1791415814.473 8282 9.537
1791415814.483 8290 7.392
1791415814.485 8292 6.333
1791415814.495 8298 7.448
1791415814.497 8300 6.431
1791415814.507 8306 7.312
1791415814.509 8308 6.297
1791415814.519 8314 7.442
1791415814.521 8316 6.425
1791415814.531 8324 4.531
1791415814.534 8322 9.567
1791415814.543 8332 4.230
1791415814.545 8330 9.269
1791415814.556 8338 6.199
1791415814.558 8340 6.336
1791415814.568 8346 5.859
1791415814.570 8348 6.362
1791415814.580 8356 4.435
1791415814.582 8354 9.497
1791415814.592 8362 7.365
1791415814.594 8364 6.337
1791415814.604 8370 7.254
1791415814.606 8372 6.259
1791415814.616 8380 4.457
1791415814.618 8378 9.495
1791415814.628 8386 7.382
1791415814.630 8388 6.363
1791415814.641 8396 4.390
1791415814.643 8394 9.377
1791415814.653 8402 7.392
1791415814.655 8404 6.370
1791415814.665 8412 4.326
1791415814.667 8410 9.419
1791415814.677 8420 4.295
1791415814.679 8418 9.329
1791415814.689 8428 4.401
1791415814.691 8426 9.445
1791415814.701 8436 4.316
1791415814.703 8434 9.356
1791415814.713 8444 4.305
1791415814.715 8442 9.341
1791415814.725 8450 7.307
1791415814.727 8452 6.288
1791415814.738 8460 4.739
1791415814.740 8458 9.785
1791415814.750 8468 4.321
1791415814.752 8466 9.324
1791415814.763 8476 5.196
1791415814.765 8474 10.230
1791415814.774 8484 4.178
1791415814.776 8482 8.436
1791415814.786 8490 7.383
1791415814.788 8492 6.363
1791415814.798 8500 4.313
1791415814.800 8498 9.352
1791415814.810 8506 7.466
1791415814.813 8508 6.443
1791415814.823 8514 7.425
1791415814.825 8516 6.329
1791415814.835 8522 7.358
1791415814.837 8524 6.342
1791415814.847 8530 7.239
1791415814.849 8532 6.214
1791415814.859 8540 4.417
1791415814.861 8538 9.459
1791415814.871 8546 7.233
1791415814.873 8548 6.210
1791415814.883 8554 5.862
1791415814.885 8556 6.298
1791415814.895 8564 4.450
1791415814.897 8562 9.490
1791415814.907 8570 6.042
1791415814.909 8572 6.329
1791415814.920 8580 4.307
1791415814.922 8578 8.193
1791415814.932 8588 4.269
1791415814.934 8586 9.281
1791415814.944 8594 7.392
1791415814.946 8596 6.367
1791415814.956 8602 7.350
1791415814.958 8604 6.325
1791415814.968 8610 7.439
1791415814.970 8612 6.419
1791415814.980 8620 4.355
1791415814.982 8618 8.352
1791415814.992 8626 7.439
1791415814.994 8628 6.418
1791415815.005 8636 4.487
1791415815.007 8634 9.527
1791415815.017 8644 4.409
1791415815.019 8642 9.437
1791415815.029 8650 7.311
1791415815.031 8652 6.306
1791415815.041 8660 4.277
1791415815.043 8658 9.317
1791415815.053 8668 4.512
1791415815.055 8666 8.075
1791415815.065 8676 4.394
1791415815.067 8674 9.406
1791415815.077 8684 4.360
1791415815.079 8682 9.415
1791415815.089 8690 7.357
1791415815.091 8692 6.342
1791415815.102 8700 4.362
1791415815.104 8698 9.395
1791415815.114 8706 7.356
1791415815.116 8708 6.344
1791415815.126 8714 7.395
1791415815.128 8716 6.373
1791415815.138 8724 4.452
1791415815.140 8722 9.523
1791415815.150 8730 7.322
1791415815.152 8732 6.303
1791415815.162 8740 4.225
1791415815.164 8738 9.263
1791415815.175 8748 4.451
1791415815.177 8746 9.493
1791415815.187 8756 4.366
1791415815.189 8754 9.399
1791415815.199 8764 4.620
1791415815.201 8762 9.651
1791415815.211 8772 4.651
1791415815.213 8770 9.690
1791415815.223 8778 7.402
1791415815.225 8780 6.377
1791415815.235 8788 4.320
1791415815.237 8786 9.339
1791415815.247 8796 4.256
1791415815.249 8794 9.297
1791415815.259 8804 4.264
1791415815.261 8802 9.299
1791415815.272 8812 4.392
1791415815.274 8810 9.412
1791415815.284 8818 7.407
1791415815.286 8820 6.390
1791415815.296 8826 7.330
1791415815.298 8828 6.319
1791415815.308 8834 7.346
1791415815.310 8836 6.328
1791415815.320 8844 4.285
1791415815.322 8842 9.306
1791415815.332 8850 5.990
1791415815.334 8852 6.315
1791415815.344 8860 4.314
1791415815.346 8858 9.349
1791415815.357 8866 7.614
1791415815.359 8868 6.539
1791415815.369 8876 4.340
1791415815.371 8874 9.393
1791415815.381 8884 4.464
1791415815.383 8882 9.505
1791415815.393 8892 4.300
1791415815.395 8890 9.315
1791415815.405 8900 4.313
1791415815.407 8898 9.350
1791415815.417 8906 7.387
1791415815.419 8908 6.361
1791415815.429 8916 4.306
1791415815.431 8914 9.341
1791415815.442 8922 7.523
1791415815.444 8924 6.504
1791415815.453 8932 4.319
1791415815.455 8930 9.362
1791415815.466 8940 4.340
1791415815.468 8938 9.382
1791415815.478 8946 7.443
1791415815.480 8948 6.414
1791415815.490 8954 7.393
1791415815.492 8956 6.378
1791415815.502 8962 7.388
1791415815.504 8964 6.371
1791415815.514 8970 7.359
1791415815.516 8972 6.340
1791415815.527 8978 5.895
1791415815.532 8980 9.553
1791415815.537 8986 6.313
1791415815.539 8988 5.319
1791415815.551 8994 7.304
1791415815.553 8996 6.303
1791415815.563 9004 4.263
1791415815.565 9002 9.297
1791415815.575 9010 7.416
1791415815.577 9012 6.431
1791415815.588 9020 4.982
1791415815.590 9018 10.019
1791415815.600 9028 4.757
1791415815.602 9026 9.794
1791415815.611 9034 7.343
1791415815.613 9036 6.328
1791415815.623 9042 6.053
1791415815.625 9044 6.423
1791415815.636 9052 4.434
1791415815.638 9050 9.467
1791415815.648 9058 7.622
1791415815.650 9060 6.606
1791415815.660 9066 7.502
1791415815.662 9068 6.479
1791415815.672 9076 4.311
1791415815.674 9074 9.339
1791415815.684 9084 4.393
1791415815.686 9082 9.426
1791415815.696 9092 4.337
1791415815.698 9090 9.361
1791415815.708 9100 4.446
1791415815.710 9098 9.469
1791415815.721 9108 4.548
1791415815.723 9106 9.572
1791415815.733 9114 7.409
1791415815.735 9116 6.392
1791415815.745 9124 4.277
1791415815.747 9122 9.288
1791415815.757 9130 7.268
1791415815.759 9132 6.249
1791415815.769 9140 4.316
1791415815.771 9138 9.352
1791415815.781 9146 7.505
1791415815.783 9148 6.463
1791415815.793 9154 7.425
1791415815.795 9156 6.452
1791415815.806 9164 4.708
1791415815.808 9162 9.741
1791415815.818 9170 7.342
1791415815.820 9172 6.327
1791415815.830 9178 7.515
1791415815.832 9180 6.495
1791415815.842 9188 4.292
1791415815.844 9186 9.325
1791415815.854 9196 4.342
1791415815.856 9194 9.350
1791415815.866 9202 7.439
1791415815.868 9204 6.410
1791415815.878 9212 4.358
1791415815.880 9210 9.394
1791415815.890 9220 4.321
1791415815.892 9218 7.948
1791415815.903 9228 4.384
1791415815.905 9226 9.413
1791415815.915 9236 4.342
1791415815.917 9234 9.359
1791415815.927 9244 4.360
1791415815.929 9242 9.362
1791415815.939 9250 7.383
1791415815.941 9252 6.376
1791415815.951 9260 4.309
1791415815.953 9258 9.348
1791415815.963 9266 7.340
1791415815.965 9268 6.321
1791415815.975 9276 4.309
1791415815.977 9274 9.341
1791415815.987 9284 4.406
1791415815.989 9282 9.442
1791415816.000 9292 4.394
1791415816.002 9290 9.429
1791415816.012 9300 4.427
1791415816.014 9298 9.466
1791415816.024 9308 4.332
1791415816.026 9306 9.366
1791415816.036 9316 4.274
1791415816.038 9314 9.315
1791415816.048 9324 4.492
1791415816.050 9322 9.530
1791415816.060 9332 4.383
1791415816.062 9330 9.461
1791415816.073 9340 4.513
1791415816.075 9338 9.552
1791415816.085 9348 4.836
1791415816.087 9346 9.946
1791415816.097 9354 7.370
1791415816.099 9356 6.353
1791415816.109 9362 7.455
1791415816.111 9364 6.443
1791415816.121 9372 4.336
1791415816.123 9370 9.370
1791415816.133 9380 4.321
1791415816.135 9378 9.362
1791415816.145 9386 7.371
1791415816.147 9388 6.363
1791415816.157 9396 4.325
1791415816.159 9394 7.907
1791415816.169 9402 6.042
1791415816.171 9404 6.340
1791415816.182 9412 4.329
1791415816.184 9410 9.376
1791415816.194 9418 7.321
1791415816.196 9420 6.301
1791415816.206 9428 4.392
1791415816.208 9426 8.329
1791415816.218 9436 4.376
1791415816.220 9434 9.409
1791415816.230 9444 4.298
1791415816.232 9442 9.309
1791415816.242 9452 4.306
1791415816.244 9450 9.348
1791415816.254 9458 7.380
1791415816.256 9460 6.360
1791415816.267 9466 7.571
1791415816.269 9468 6.554
1791415816.279 9476 4.343
1791415816.281 9474 9.381
1791415816.291 9484 4.304
1791415816.293 9482 9.386
1791415816.303 9492 4.379
1791415816.305 9490 9.394
1791415816.315 9500 4.380
1791415816.317 9498 9.387
1791415816.327 9508 4.427
1791415816.329 9506 9.461
1791415816.339 9514 7.503
1791415816.341 9516 6.504
1791415816.351 9524 4.351
1791415816.353 9522 9.395
1791415816.364 9532 4.331
1791415816.366 9530 9.369
1791415816.376 9538 7.392
1791415816.378 9540 6.375
1791415816.388 9548 4.458
1791415816.390 9546 6.609
1791415816.400 9554 7.386
1791415816.402 9556 6.365
1791415816.412 9564 4.318
1791415816.414 9562 9.357
1791415816.424 9572 4.423
1791415816.426 9570 9.455
1791415816.436 9578 7.450
1791415816.438 9580 6.452
1791415816.449 9586 7.402
1791415816.451 9588 6.386
1791415816.461 9596 4.597
1791415816.463 9594 9.630
1791415816.473 9604 4.329
1791415816.475 9602 9.349
1791415816.485 9610 7.379
1791415816.487 9612 6.358
1791415816.497 9618 7.360
1791415816.499 9620 6.342
1791415816.509 9626 7.391
1791415816.511 9628 6.374
1791415816.521 9636 4.321
1791415816.523 9634 9.362
1791415816.534 9644 4.960
1791415816.536 9642 8.695
1791415816.547 9652 6.024
1791415816.549 9650 10.806
1791415816.560 9660 6.476
1791415816.562 9658 11.395
1791415816.572 9668 6.056
1791415816.574 9666 10.791
1791415816.584 9674 8.645
1791415816.586 9676 7.131
1791415816.598 9684 8.307
1791415816.600 9682 12.989
1791415816.610 9690 10.685
1791415816.612 9692 9.832
1791415816.620 9698 8.913
1791415816.622 9700 8.052
1791415816.633 9708 6.586
1791415816.635 9706 11.427
1791415816.644 9714 8.906
1791415816.646 9716 7.953
1791415816.656 9724 5.790
1791415816.658 9722 10.875
1791415816.669 9730 8.792
1791415816.671 9732 7.960
1791415816.675 9738 3.307
1791415816.682 9740 7.045
1791415816.689 9746 4.839
1791415816.694 9748 5.848
1791415816.701 9754 4.668
1791415816.706 9756 5.405
1791415816.713 9762 4.505
1791415816.719 9764 5.866
1791415816.725 9770 4.433
1791415816.730 9772 6.942
1791415816.737 9778 4.412
1791415816.742 9780 7.071
1791415816.751 9786 6.576
1791415816.755 9788 7.148
1791415816.761 9794 4.460
1791415816.768 9796 8.059
1791415816.777 9804 4.849
1791415816.779 9802 9.880
1791415816.788 9810 7.407
1791415816.790 9812 6.326
1791415816.800 9820 4.322
1791415816.802 9818 9.357
1791415816.813 9826 7.364
1791415816.815 9828 6.345
1791415816.825 9834 7.332
1791415816.827 9836 6.312
1791415816.837 9842 7.509
1791415816.839 9844 6.492
1791415816.849 9852 4.318
1791415816.851 9850 8.064
1791415816.861 9860 4.307
1791415816.863 9858 7.719
1791415816.873 9866 7.369
1791415816.875 9868 6.364
1791415816.885 9876 4.309
1791415816.887 9874 9.331
1791415816.897 9882 7.314
1791415816.899 9884 6.291
1791415816.910 9890 7.331
1791415816.912 9892 6.311
1791415816.922 9898 7.311
1791415816.924 9900 6.344
1791415816.934 9908 4.320
1791415816.936 9906 9.353
1791415816.946 9916 4.329
1791415816.948 9914 9.366
1791415816.958 9922 7.354
1791415816.960 9924 6.334
1791415816.970 9930 7.360
1791415816.972 9932 6.339
1791415816.982 9940 4.359
1791415816.984 9938 9.466
1791415816.995 9948 4.570
1791415816.997 9946 9.606
1791415817.007 9956 4.392
1791415817.009 9954 9.426
1791415817.019 9964 4.444
1791415817.021 9962 9.450
1791415817.031 9970 6.586
1791415817.033 9972 6.379
1791415817.043 9978 7.299
1791415817.045 9980 6.276
1791415817.055 9988 4.347
1791415817.057 9986 9.390
1791415817.067 9994 7.392
1791415817.069 9996 6.387
1791415817.079 10004 4.335
1791415817.081 10002 9.347
1791415817.092 10012 4.322
1791415817.094 10010 9.361
1791415817.104 10018 7.379
1791415817.106 10020 6.353
1791415817.116 10028 4.344
1791415817.118 10026 9.389
1791415817.128 10034 7.337
1791415817.130 10036 6.320
1791415817.140 10044 4.308
1791415817.142 10042 9.348
1791415817.152 10052 4.279
1791415817.154 10050 9.309
1791415817.165 10060 4.456
1791415817.167 10058 9.492
1791415817.177 10068 4.366
1791415817.179 10066 9.406
1791415817.189 10076 4.350
1791415817.191 10074 9.392
1791415817.201 10084 4.209
1791415817.203 10082 9.228
1791415817.213 10092 4.398
1791415817.215 10090 9.424
1791415817.225 10100 4.332
1791415817.227 10098 9.354
1791415817.237 10108 4.335
1791415817.239 10106 7.669
1791415817.249 10114 7.416
1791415817.251 10116 6.395
1791415817.261 10122 7.352
1791415817.264 10124 6.341
1791415817.274 10130 7.434
1791415817.276 10132 6.413
1791415817.286 10138 7.392
1791415817.288 10140 6.321
1791415817.298 10146 7.584
1791415817.300 10148 6.567
1791415817.310 10156 4.359
1791415817.312 10154 9.385
1791415817.322 10162 7.647
1791415817.324 10164 6.629
1791415817.334 10172 4.382
1791415817.336 10170 9.433
1791415817.347 10178 7.561
1791415817.349 10180 6.543
1791415817.359 10186 5.781
1791415817.361 10188 6.317
1791415817.371 10196 4.251
1791415817.373 10194 7.696
1791415817.383 10202 6.001
1791415817.385 10204 6.259
1791415817.395 10210 6.550
1791415817.397 10212 6.323
1791415817.407 10220 4.351
1791415817.409 10218 8.021
1791415817.419 10226 7.375
1791415817.421 10228 6.357
1791415817.431 10236 4.246
1791415817.433 10234 9.284
1791415817.443 10242 7.329
1791415817.445 10244 6.314
1791415817.456 10250 7.355
1791415817.458 10252 6.337
1791415817.468 10258 7.279
1791415817.470 10260 6.262
1791415817.480 10268 4.303
1791415817.482 10266 9.336
1791415817.492 10274 7.392
1791415817.494 10276 6.371
1791415817.504 10284 4.319
1791415817.506 10282 9.364
1791415817.516 10292 4.357
1791415817.518 10290 9.389
1791415817.529 10298 5.939
1791415817.531 10300 6.428
1791415817.541 10308 4.283
1791415817.543 10306 8.169
1791415817.553 10316 4.272
1791415817.555 10314 9.315
1791415817.565 10322 7.370
1791415817.567 10324 6.352
1791415817.577 10332 4.355
1791415817.579 10330 9.397
1791415817.589 10340 4.365
1791415817.591 10338 7.985
1791415817.602 10346 7.634
1791415817.604 10348 6.614
1791415817.613 10354 7.343
1791415817.615 10356 6.350
1791415817.626 10364 4.399
1791415817.628 10362 9.410
1791415817.738 10370 107.762
1791415817.740 10372 106.746
1791415817.744 10380 98.376
1791415817.746 10388 88.249
1791415817.748 10396 78.129
1791415817.750 10404 68.003
1791415817.752 10412 57.873
1791415817.754 10420 47.747
1791415817.756 10428 37.626
1791415817.758 10436 27.494
1791415817.760 10378 117.434
1791415817.762 10386 107.337
1791415817.764 10394 97.223
1791415817.766 10402 87.092
1791415817.768 10410 76.973
1791415817.770 10418 66.845
1791415817.772 10426 56.719
1791415817.774 10434 46.586
1791415817.777 10442 35.674
1791415817.779 10450 27.123
1791415817.781 10458 17.003
1791415817.783 10444 40.241
1791415817.785 10452 30.117
1791415817.787 10460 19.357
1791415817.791 10466 14.708
1791415817.793 10468 13.651
1791415817.795 10474 7.290
1791415817.797 10476 6.352
1791415817.808 10484 4.581
1791415817.810 10482 9.614
1791415817.820 10490 7.323
1791415817.822 10492 6.310
1791415817.832 10500 4.420
1791415817.834 10498 9.466
1791415817.844 10506 7.380
1791415817.846 10508 6.359
1791415817.856 10514 7.351
1791415817.858 10516 6.333
1791415817.868 10522 7.389
1791415817.870 10524 6.362
1791415817.880 10532 4.282
1791415817.882 10530 9.318
1791415817.893 10540 4.601
1791415817.895 10538 9.970
1791415817.906 10546 9.041
1791415817.908 10548 7.902
1791415817.918 10556 5.341
1791415817.920 10554 10.699
1791415817.931 10564 6.213
1791415817.933 10562 11.065
1791415817.943 10572 6.133
1791415817.945 10570 10.996
1791415817.955 10580 5.213
1791415817.957 10578 10.745
1791415817.967 10586 8.779
1791415817.969 10588 7.944
1791415817.979 10594 8.817
1791415817.981 10596 7.971
1791415817.991 10602 8.876
1791415817.993 10604 6.912
1791415818.003 10612 5.907
1791415818.005 10610 10.814
1791415818.016 10618 8.898
1791415818.018 10620 7.562
1791415818.028 10626 9.217
1791415818.030 10628 6.630
1791415818.038 10634 6.953
1791415818.043 10636 8.921
1791415818.048 10642 5.456
1791415818.059 10644 10.830
1791415818.066 10652 8.293
1791415818.068 10650 11.301
1791415818.074 10658 6.553
1791415818.080 10660 9.255
1791415818.088 10666 8.475
1791415818.090 10668 7.463
1791415818.099 10674 7.318
1791415818.101 10676 6.288
1791415818.112 10682 8.127
1791415818.114 10684 7.105
1791415818.123 10690 7.362
1791415818.125 10692 6.364
1791415818.135 10698 7.312
1791415818.137 10700 6.325
1791415818.147 10708 4.375
1791415818.149 10706 8.920
1791415818.160 10716 4.571
1791415818.162 10714 9.651
1791415818.172 10722 7.365
1791415818.174 10724 6.341
1791415818.184 10730 7.255
1791415818.186 10732 6.293
1791415818.196 10738 7.436
1791415818.198 10740 6.413
1791415818.208 10746 7.512
1791415818.210 10748 6.493
1791415818.220 10756 4.337
1791415818.222 10754 9.370
1791415818.232 10762 7.294
1791415818.234 10764 6.272
1791415818.244 10772 4.302
1791415818.246 10770 9.338
1791415818.257 10778 7.395
1791415818.259 10780 6.377
1791415818.269 10788 4.742
1791415818.271 10786 9.837
1791415818.381 10796 104.730
1791415818.383 10794 109.770
1791415818.387 10804 98.592
1791415818.389 10812 88.465
1791415818.391 10820 78.342
1791415818.393 10828 68.212
1791415818.397 10836 59.731
1791415818.399 10844 49.607
1791415818.401 10852 39.475
1791415818.403 10860 29.355
1791415818.405 10802 119.329
1791415818.409 10810 111.152
1791415818.411 10818 101.038
1791415818.413 10826 90.917
1791415818.415 10834 80.785
1791415818.417 10842 70.659
1791415818.419 10850 60.533
1791415818.421 10858 50.412
1791415818.424 10868 38.076
1791415818.426 10876 27.945
1791415818.428 10884 17.820
1791415818.430 10866 45.349
1791415818.432 10874 36.993
1791415818.434 10882 26.865
1791415818.436 10892 14.398
1791415818.438 10890 17.478
1791415818.441 10900 6.951
1791415818.443 10898 11.991
1791415818.451 10908 4.355
1791415818.453 10906 9.260
1791415818.463 10914 7.468
1791415818.465 10916 6.476
1791415818.475 10922 7.381
1791415818.477 10924 6.361
1791415818.487 10930 7.417
1791415818.489 10932 6.398
1791415818.499 10940 4.264
1791415818.501 10938 9.290
1791415818.511 10946 7.363
1791415818.513 10948 6.364
1791415818.524 10956 4.726
1791415818.526 10954 7.791
1791415818.536 10964 4.426
1791415818.538 10962 9.454
1791415818.548 10972 4.433
1791415818.550 10970 9.441
1791415818.560 10980 4.317
1791415818.562 10978 9.317
1791415818.572 10986 7.485
1791415818.574 10988 6.462
1791415818.584 10994 7.550
1791415818.586 10996 6.526
1791415818.596 11002 7.431
1791415818.598 11004 6.417
1791415818.608 11010 7.433
1791415818.610 11012 6.436
1791415818.621 11018 7.386
1791415818.623 11020 6.362
1791415818.633 11026 7.333
1791415818.635 11028 6.315
1791415818.645 11034 7.387
1791415818.647 11036 6.355
1791415818.657 11042 7.347
1791415818.659 11044 6.332
1791415818.669 11050 7.312
1791415818.671 11052 6.291
1791415818.681 11060 4.414
1791415818.683 11058 9.452
1791415818.693 11068 4.351
1791415818.695 11066 9.387
1791415818.706 11076 4.428
1791415818.708 11074 9.428
1791415818.718 11082 7.418
1791415818.720 11084 6.402
1791415818.730 11090 7.331
1791415818.732 11092 6.311
1791415818.742 11100 4.312
1791415818.744 11098 9.344
1791415818.754 11106 5.812
1791415818.756 11108 6.270
1791415818.766 11116 4.420
1791415818.768 11114 9.454
1791415818.778 11122 7.275
1791415818.780 11124 6.253
1791415818.790 11130 7.443
1791415818.792 11132 6.418
1791415818.803 11138 7.444
1791415818.805 11140 6.424
1791415818.815 11146 7.268
1791415818.817 11148 6.334
1791415818.827 11154 7.355
1791415818.829 11156 6.359
1791415818.839 11164 4.314
1791415818.841 11162 9.356
1791415818.851 11172 4.281
1791415818.853 11170 9.314
1791415818.863 11178 7.326
1791415818.865 11180 6.311
1791415818.875 11188 4.455
1791415818.877 11186 9.496
1791415818.887 11196 4.325
1791415818.889 11194 9.352
1791415818.900 11204 4.303
1791415818.902 11202 9.337
1791415818.912 11212 4.310
1791415818.914 11210 9.344
1791415818.924 11218 7.660
1791415818.926 11220 6.650
1791415818.936 11226 6.611
1791415818.938 11228 6.325
1791415818.948 11234 7.375
1791415818.950 11236 6.353
1791415818.960 11244 4.352
1791415818.962 11242 9.382
1791415818.973 11252 4.424
1791415818.975 11250 9.460
1791415818.985 11258 7.325
1791415818.987 11260 6.295
1791415818.997 11268 4.342
1791415818.999 11266 9.383
1791415819.009 11276 4.356
1791415819.011 11274 9.392
1791415819.021 11284 4.407
1791415819.023 11282 9.432
1791415819.033 11292 4.320
1791415819.035 11290 9.351
1791415819.045 11298 7.306
1791415819.047 11300 6.309
1791415819.057 11306 7.414
1791415819.059 11308 6.405
1791415819.070 11314 7.342
1791415819.072 11316 6.355
1791415819.082 11322 7.360
1791415819.084 11324 6.342
1791415819.094 11330 7.289
1791415819.096 11332 6.275
1791415819.106 11338 5.860
1791415819.108 11340 6.279
1791415819.118 11348 4.327
1791415819.120 11346 9.319
1791415819.130 11354 7.371
1791415819.132 11356 6.353
1791415819.142 11364 4.486
1791415819.144 11362 8.125
1791415819.154 11372 4.326
1791415819.156 11370 9.324
1791415819.167 11378 6.263
1791415819.169 11380 6.425
1791415819.179 11388 4.312
1791415819.181 11386 9.357
1791415819.191 11396 4.298
1791415819.193 11394 9.402
1791415819.203 11404 4.594
1791415819.205 11402 9.699
1791415819.215 11410 7.370
1791415819.217 11412 6.356
1791415819.227 11418 7.360
1791415819.229 11420 6.341
1791415819.239 11428 4.435
1791415819.241 11426 9.473
1791415819.252 11434 7.414
1791415819.254 11436 6.387
1791415819.264 11444 4.293
1791415819.266 11442 9.332
1791415819.276 11450 7.718
1791415819.278 11452 6.703
1791415819.288 11458 7.381
1791415819.290 11460 6.363
1791415819.300 11466 7.275
1791415819.302 11468 6.254
1791415819.312 11476 4.284
1791415819.314 11474 9.318
1791415819.324 11484 4.374
1791415819.326 11482 9.420
1791415819.336 11492 4.328
1791415819.338 11490 8.072
1791415819.349 11500 4.306
1791415819.351 11498 9.336
1791415819.361 11508 4.317
1791415819.363 11506 9.350
1791415819.373 11514 7.390
1791415819.375 11516 6.368
1791415819.385 11522 7.433
1791415819.387 11524 6.412
1791415819.397 11530 7.402
1791415819.399 11532 6.390
1791415819.409 11538 7.362
1791415819.411 11540 6.342
1791415819.422 11548 4.468
1791415819.424 11546 9.504
1791415819.434 11556 4.319
1791415819.436 11554 9.341
1791415819.446 11562 7.568
1791415819.448 11564 6.548
1791415819.458 11572 4.296
1791415819.460 11570 9.355
1791415819.470 11580 4.269
1791415819.472 11578 9.301
1791415819.482 11588 4.401
1791415819.484 11586 9.463
1791415819.494 11594 7.309
1791415819.496 11596 6.299
1791415819.506 11602 7.334
1791415819.508 11604 6.315
1791415819.518 11612 4.336
1791415819.520 11610 9.366
1791415819.531 11620 4.345
1791415819.533 11618 9.381
1791415819.543 11628 4.302
1791415819.545 11626 9.331
1791415819.555 11636 4.458
1791415819.557 11634 9.494
1791415819.567 11642 7.316
1791415819.569 11644 6.518
1791415819.579 11650 7.372
1791415819.581 11652 6.365
1791415819.591 11660 4.307
1791415819.593 11658 8.857
1791415819.603 11668 4.345
1791415819.605 11666 9.381
1791415819.616 11674 7.428
1791415819.618 11676 6.406
1791415819.628 11684 4.323
1791415819.630 11682 9.359
1791415819.640 11692 4.415
1791415819.642 11690 9.488
1791415819.652 11700 4.379
1791415819.654 11698 8.265
1791415819.664 11708 4.357
1791415819.666 11706 9.392
1791415819.676 11716 4.357
1791415819.678 11714 9.390
1791415819.688 11722 7.434
1791415819.690 11724 6.429
1791415819.700 11732 4.330
1791415819.702 11730 9.353
1791415819.713 11740 4.552
1791415819.715 11738 9.583
1791415819.725 11746 7.375
1791415819.727 11748 6.364
1791415819.737 11756 4.413
1791415819.739 11754 9.442
1791415819.749 11764 4.293
1791415819.751 11762 9.328
1791415819.761 11770 7.343
1791415819.763 11772 6.324
1791415819.773 11780 4.289
1791415819.775 11778 9.302
1791415819.785 11788 4.218
1791415819.787 11786 9.258
1791415819.798 11796 4.338
1791415819.800 11794 9.371
1791415819.810 11804 4.382
1791415819.812 11802 9.414
1791415819.822 11812 4.277
1791415819.824 11810 9.311
1791415819.834 11820 4.246
1791415819.836 11818 9.274
1791415819.846 11828 4.426
1791415819.848 11826 9.465
1791415819.858 11836 4.336
1791415819.860 11834 9.368
1791415819.870 11842 7.396
1791415819.872 11844 6.381
1791415819.882 11850 7.362
1791415819.884 11852 6.335
1791415819.895 11860 4.390
1791415819.897 11858 9.413
1791415819.907 11866 7.299
1791415819.909 11868 6.317
1791415819.919 11876 4.179
1791415819.921 11874 7.767
1791415819.931 11882 7.359
1791415819.933 11884 6.341
1791415819.943 11892 4.357
1791415819.945 11890 9.394
1791415819.955 11898 7.262
1791415819.957 11900 6.268
1791415819.967 11906 7.397
1791415819.969 11908 6.378
1791415819.980 11916 4.318
1791415819.982 11914 8.176
1791415819.992 11924 4.361
1791415819.994 11922 9.408
1791415820.004 11930 7.340
1791415820.006 11932 6.315
1791415820.016 11940 4.328
1791415820.018 11938 9.379
1791415820.028 11948 4.450
1791415820.030 11946 9.493
1791415820.040 11956 4.428
1791415820.042 11954 9.447
1791415820.052 11964 4.416
1791415820.054 11962 9.427
1791415820.065 11970 7.366
1791415820.067 11972 6.381
1791415820.077 11980 4.511
1791415820.079 11978 9.618
1791415820.089 11986 7.359
1791415820.091 11988 6.323
1791415820.101 11996 4.283
1791415820.103 11994 9.323
1791415820.113 12004 4.384
1791415820.115 12002 9.421
1791415820.125 12012 4.300
1791415820.127 12010 9.334
1791415820.137 12018 7.375
1791415820.139 12020 6.355
1791415820.149 12026 7.026
1791415820.151 12028 6.341
1791415820.162 12036 4.441
1791415820.164 12034 9.281
1791415820.174 12044 4.288
1791415820.176 12042 9.310
1791415820.186 12052 4.378
1791415820.188 12050 9.398
1791415820.198 12060 4.590
1791415820.200 12058 9.611
1791415820.210 12066 7.668
1791415820.212 12068 6.427
1791415820.222 12074 7.282
1791415820.224 12076 6.313
1791415820.234 12084 4.417
1791415820.236 12082 9.465
1791415820.247 12090 7.887
1791415820.249 12092 6.867
1791415820.259 12100 4.312
1791415820.261 12098 9.350
1791415820.271 12108 4.339
1791415820.273 12106 9.389
1791415820.283 12114 7.792
1791415820.285 12116 6.773
1791415820.295 12124 4.449
1791415820.297 12122 9.487
1791415820.307 12130 7.331
1791415820.309 12132 6.355
1791415820.319 12140 4.423
1791415820.321 12138 9.441
1791415820.331 12148 4.307
1791415820.333 12146 9.328
1791415820.344 12154 7.344
1791415820.346 12156 6.327
1791415820.356 12164 4.748
1791415820.358 12162 9.784
1791415820.368 12172 4.436
1791415820.370 12170 8.548
1791415820.380 12180 4.375
1791415820.382 12178 9.402
1791415820.392 12186 5.973
1791415820.394 12188 6.333
1791415820.405 12194 7.807
1791415820.407 12196 6.790
1791415820.417 12202 6.121
1791415820.419 12204 6.447
1791415820.428 12212 4.315
1791415820.431 12210 8.128
1791415820.441 12218 7.474
1791415820.443 12220 6.468
1791415820.453 12228 4.263
1791415820.455 12226 9.329
1791415820.465 12236 4.333
1791415820.467 12234 9.367
1791415820.477 12242 7.326
1791415820.479 12244 6.310
1791415820.489 12252 4.319
1791415820.491 12250 9.353
1791415820.501 12260 4.298
1791415820.503 12258 9.333
1791415820.514 12266 7.412
1791415820.516 12268 6.396
1791415820.526 12276 4.362
1791415820.528 12274 9.401
1791415820.538 12282 7.297
1791415820.540 12284 6.277
1791415820.550 12290 7.429
1791415820.552 12292 6.404
1791415820.562 12300 4.348
1791415820.564 12298 9.380
1791415820.574 12306 7.386
1791415820.576 12308 6.369
1791415820.586 12316 4.497
1791415820.588 12314 9.516
1791415820.598 12322 7.391
1791415820.600 12324 6.404
1791415820.611 12330 6.122
1791415820.613 12332 6.335
1791415820.623 12338 7.537
1791415820.625 12340 6.519
1791415820.635 12348 4.403
1791415820.637 12346 9.437
1791415820.647 12356 4.351
1791415820.649 12354 9.372
1791415820.659 12362 7.324
1791415820.661 12364 6.300
1791415820.671 12372 4.331
1791415820.673 12370 9.361
1791415820.683 12380 4.477
1791415820.686 12378 9.535
1791415820.696 12388 4.369
1791415820.698 12386 9.399
1791415820.708 12396 4.472
1791415820.710 12394 9.492
1791415820.720 12404 4.486
1791415820.722 12402 9.454
1791415820.732 12412 4.366
1791415820.734 12410 9.406
1791415820.744 12420 4.349
1791415820.746 12418 9.385
1791415820.756 12428 4.347
1791415820.758 12426 9.363
1791415820.768 12436 4.223
1791415820.770 12434 9.263
1791415820.780 12442 7.396
1791415820.782 12444 6.391
1791415820.793 12450 7.386
1791415820.795 12452 6.361
1791415820.805 12460 4.376
1791415820.807 12458 9.408
1791415820.817 12468 4.289
1791415820.819 12466 9.337
1791415820.829 12476 4.285
1791415820.831 12474 9.315
1791415820.841 12482 7.281
1791415820.843 12484 6.299
1791415820.853 12490 6.102
1791415820.855 12492 6.341
1791415820.865 12500 4.307
1791415820.867 12498 7.952
1791415820.877 12506 6.094
1791415820.879 12508 6.321
1791415820.890 12516 4.642
1791415820.892 12514 9.684
1791415820.902 12524 4.575
1791415820.904 12522 9.609
1791415820.914 12532 4.418
1791415820.916 12530 9.459
1791415820.926 12540 4.293
1791415820.928 12538 9.313
1791415820.938 12546 7.317
1791415820.940 12548 6.308
1791415820.950 12554 7.455
1791415820.952 12556 6.434
1791415820.962 12562 7.436
1791415820.965 12564 6.413
1791415820.975 12572 4.359
1791415820.977 12570 9.395
1791415820.987 12578 7.390
1791415820.989 12580 6.367
1791415820.999 12588 4.304
1791415821.001 12586 9.344
1791415821.011 12596 4.323
1791415821.013 12594 9.343
1791415821.023 12602 7.275
1791415821.025 12604 6.293
1791415821.035 12610 7.315
1791415821.037 12612 6.298
1791415821.047 12618 7.286
1791415821.049 12620 6.272
1791415821.060 12626 7.714
1791415821.062 12628 6.715
1791415821.072 12636 4.670
1791415821.074 12634 9.777
1791415821.084 12644 4.355
1791415821.086 12642 9.395
1791415821.096 12652 4.670
1791415821.098 12650 9.705
1791415821.108 12660 4.262
1791415821.110 12658 9.307
1791415821.120 12668 4.285
1791415821.122 12666 9.316
1791415821.132 12676 4.289
1791415821.134 12674 9.318
1791415821.145 12684 4.665
1791415821.147 12682 9.704
1791415821.157 12692 4.272
1791415821.159 12690 9.306
1791415821.169 12698 7.319
1791415821.171 12700 6.316
1791415821.181 12706 7.354
1791415821.183 12708 6.336
1791415821.193 12716 4.308
1791415821.195 12714 9.335
1791415821.205 12722 7.342
1791415821.207 12724 6.322
1791415821.217 12732 4.454
1791415821.219 12730 9.493
1791415821.229 12740 4.298
1791415821.231 12738 9.333
1791415821.241 12746 7.336
1791415821.243 12748 6.319
1791415821.254 12756 4.574
1791415821.256 12754 9.609
1791415821.266 12764 4.359
1791415821.268 12762 9.392
1791415821.278 12772 4.299
1791415821.280 12770 9.334
1791415821.290 12778 7.403
1791415821.292 12780 6.385
1791415821.302 12788 4.325
1791415821.304 12786 9.353
1791415821.314 12796 4.276
1791415821.316 12794 7.889
1791415821.326 12802 7.363
1791415821.328 12804 6.349
1791415821.339 12812 4.321
1791415821.341 12810 9.363
1791415821.351 12820 4.299
1791415821.353 12818 9.286
1791415821.363 12826 7.361
1791415821.365 12828 6.334
1791415821.375 12834 7.281
1791415821.377 12836 6.281
1791415821.387 12842 7.331
1791415821.389 12844 6.309
1791415821.399 12850 7.300
1791415821.401 12852 6.277
1791415821.411 12860 4.414
1791415821.413 12858 9.449
1791415821.424 12866 7.387
1791415821.426 12868 6.367
1791415821.436 12874 7.387
1791415821.438 12876 6.369
1791415821.448 12884 4.230
1791415821.450 12882 9.296
1791415821.460 12892 4.501
1791415821.462 12890 9.541
1791415821.472 12898 7.304
1791415821.474 12900 6.284
1791415821.484 12908 4.425
1791415821.486 12906 9.457
1791415821.496 12916 4.401
1791415821.498 12914 9.405
1791415821.508 12924 4.313
1791415821.510 12922 9.347
1791415821.521 12930 7.413
1791415821.523 12932 6.392
1791415821.533 12938 7.694
1791415821.535 12940 6.687
1791415821.545 12948 4.383
1791415821.547 12946 9.429
1791415821.557 12954 7.510
1791415821.559 12956 6.483
1791415821.570 12962 7.947
1791415821.572 12964 6.922
1791415821.581 12970 7.352
1791415821.583 12972 6.350
1791415821.593 12978 7.318
1791415821.595 12980 6.330
1791415821.606 12988 4.468
1791415821.608 12986 9.500
1791415821.618 12996 4.338
1791415821.620 12994 9.386
1791415821.630 13002 7.292
1791415821.632 13004 6.257
1791415821.643 13010 8.120
1791415821.645 13012 7.092
1791415821.654 13018 7.517
1791415821.656 13020 6.534
1791415821.666 13028 4.294
1791415821.668 13026 9.320
1791415821.678 13036 4.222
1791415821.680 13034 7.860
1791415821.690 13042 6.106
1791415821.692 13044 6.349
1791415821.703 13052 4.383
1791415821.705 13050 9.411
1791415821.715 13060 4.483
1791415821.717 13058 9.517
1791415821.727 13068 4.370
1791415821.729 13066 9.401
1791415821.739 13076 4.404
1791415821.741 13074 9.446
1791415821.751 13082 7.387
1791415821.753 13084 6.358
1791415821.763 13090 7.392
1791415821.765 13092 6.385
1791415821.776 13100 4.517
1791415821.778 13098 9.940
1791415821.790 13108 5.600
1791415821.792 13106 11.190
1791415821.801 13114 8.645
1791415821.803 13116 7.921
1791415821.815 13124 7.211
1791415821.817 13122 12.070
1791415821.826 13130 8.478
1791415821.828 13132 7.175
1791415821.838 13138 8.746
1791415821.840 13140 7.643
1791415821.850 13148 5.677
1791415821.852 13146 10.758
1791415821.862 13154 8.978
1791415821.864 13156 8.152
1791415821.874 13164 4.714
1791415821.876 13162 10.854
1791415821.886 13172 5.710
1791415821.888 13170 10.698
1791415821.899 13180 6.291
1791415821.901 13178 11.142
1791415821.911 13188 4.611
1791415821.913 13186 11.449
1791415821.920 13194 6.566
1791415821.922 13196 5.545
1791415821.933 13204 4.370
1791415821.935 13202 9.396
1791415821.945 13210 7.397
1791415821.947 13212 6.428
1791415821.958 13220 4.416
1791415821.960 13218 9.448
1791415821.970 13226 7.902
1791415821.972 13228 6.871
1791415821.982 13236 4.364
1791415821.984 13234 9.406
1791415821.994 13242 7.306
1791415821.996 13244 6.330
1791415822.006 13252 4.352
1791415822.008 13250 9.375
1791415822.018 13258 7.466
1791415822.020 13260 6.449
1791415822.030 13266 7.316
1791415822.032 13268 6.297
1791415822.042 13274 7.411
1791415822.044 13276 6.393
1791415822.055 13282 7.370
1791415822.057 13284 6.372
1791415822.067 13292 4.332
1791415822.069 13290 9.364
1791415822.079 13298 7.466
1791415822.081 13300 6.430
1791415822.091 13306 7.374
1791415822.093 13308 6.351
1791415822.103 13314 7.738
1791415822.105 13316 6.700
1791415822.115 13322 7.440
1791415822.117 13324 6.420
1791415822.127 13332 4.282
1791415822.129 13330 9.316
1791415822.140 13340 4.497
1791415822.142 13338 9.546
1791415822.152 13348 4.901
1791415822.154 13346 9.933
1791415822.166 13356 6.241
1791415822.168 13354 11.197
1791415822.178 13362 8.806
1791415822.180 13364 7.240
1791415822.190 13370 8.869
1791415822.192 13372 7.258
1791415822.203 13380 6.915
1791415822.205 13378 11.745
1791415822.214 13388 5.587
1791415822.216 13386 10.747
1791415822.227 13396 6.816
1791415822.229 13394 11.720
1791415822.238 13402 8.874
1791415822.240 13404 7.951
1791415822.250 13410 8.701
1791415822.252 13412 7.897
1791415822.263 13418 8.901
1791415822.265 13420 8.061
1791415822.275 13426 9.010
1791415822.277 13428 8.153
1791415822.387 13434 109.136
1791415822.389 13436 108.049
1791415822.392 13444 99.165
1791415822.394 13452 89.029
1791415822.396 13460 78.728
1791415822.398 13468 68.844
1791415822.400 13476 58.581
1791415822.402 13484 48.582
1791415822.404 13492 38.361
1791415822.406 13500 27.688
1791415822.408 13442 118.147
1791415822.410 13450 107.827
1791415822.412 13458 97.773
1791415822.414 13466 87.694
1791415822.416 13474 77.617
1791415822.418 13482 67.395
1791415822.420 13490 57.289
1791415822.422 13498 47.179
1791415822.425 13506 37.439
1791415822.427 13514 27.596
1791415822.429 13522 17.460
1791415822.431 13508 40.565
1791415822.433 13516 30.760
1791415822.435 13524 20.547
1791415822.438 13532 11.193
1791415822.440 13530 15.998
1791415822.445 13540 4.873
1791415822.447 13538 11.013
1791415822.457 13548 6.043
1791415822.459 13546 10.941
1791415822.469 13554 8.864
1791415822.471 13556 7.863
1791415822.481 13564 5.770
1791415822.483 13562 10.613
1791415822.493 13572 5.934
1791415822.495 13570 10.790
1791415822.505 13580 5.897
1791415822.507 13578 10.766
1791415822.517 13586 8.982
1791415822.519 13588 8.156
1791415822.531 13596 7.227
1791415822.533 13594 12.132
1791415822.546 13604 8.537
1791415822.548 13602 13.297
1791415822.551 13612 3.388
1791415822.553 13610 8.426
1791415822.564 13618 6.286
1791415822.566 13620 6.694
1791415822.578 13626 8.597
1791415822.580 13628 7.633
1791415822.590 13634 8.812
1791415822.592 13636 8.028
1791415822.602 13642 8.737
1791415822.604 13644 7.140
1791415822.614 13650 8.784
1791415822.616 13652 7.960
1791415822.627 13660 6.044
1791415822.629 13658 10.907
1791415822.641 13668 8.012
1791415822.643 13666 12.846
1791415822.651 13676 6.024
1791415822.653 13674 10.892
1791415822.664 13682 9.707
1791415822.666 13684 8.687
1791415822.675 13692 6.217
1791415822.677 13690 10.897
1791415822.688 13698 9.414
1791415822.690 13700 8.506
1791415822.700 13706 9.332
1791415822.702 13708 8.357
1791415822.711 13716 6.011
1791415822.713 13714 10.756
1791415822.724 13722 8.811
1791415822.726 13724 7.167
1791415822.736 13730 8.783
1791415822.738 13732 7.512
1791415822.750 13740 7.833
1791415822.752 13738 12.757
1791415822.760 13746 8.761
1791415822.762 13748 7.917
1791415822.772 13754 8.916
1791415822.774 13756 8.026
1791415822.784 13764 5.910
1791415822.786 13762 10.903
1791415822.797 13772 6.226
1791415822.799 13770 11.221
1791415822.808 13780 5.909
1791415822.810 13778 10.761
1791415822.821 13786 8.945
1791415822.823 13788 8.076
1791415822.833 13794 8.909
1791415822.835 13796 7.610
1791415822.845 13804 5.630
1791415822.847 13802 10.692
1791415822.857 13810 8.790
1791415822.859 13812 7.973
1791415822.869 13820 6.063
1791415822.871 13818 10.898
1791415822.881 13828 5.739
1791415822.883 13826 10.745
1791415822.894 13834 8.851
1791415822.896 13836 8.042
1791415822.906 13844 6.010
1791415822.908 13842 10.924
1791415822.918 13850 8.901
1791415822.920 13852 7.872
1791415822.930 13860 6.016
1791415822.932 13858 10.870
1791415822.942 13868 5.707
1791415822.944 13866 10.871
1791415822.954 13876 6.032
1791415822.956 13874 10.880
1791415822.966 13884 5.948
1791415822.968 13882 10.872
1791415822.978 13890 8.632
1791415822.980 13892 7.420
1791415822.992 13898 10.063
1791415822.994 13900 9.057
1791415823.003 13908 6.045
1791415823.005 13906 10.895
1791415823.015 13916 5.345
1791415823.017 13914 10.957
1791415823.026 13922 8.350
1791415823.028 13924 5.494
1791415823.036 13930 6.071
1791415823.043 13932 9.984
1791415823.048 13938 5.352
1791415823.054 13940 8.672
1791415823.061 13946 6.214
1791415823.063 13948 5.362
1791415823.074 13956 4.415
1791415823.076 13954 9.453
1791415823.086 13964 4.330
1791415823.088 13962 9.371
1791415823.098 13972 4.262
1791415823.100 13970 7.866
1791415823.110 13978 7.338
1791415823.112 13980 6.319
1791415823.122 13988 4.422
1791415823.124 13986 9.472
1791415823.134 13994 7.395
1791415823.136 13996 6.374
1791415823.147 14004 4.426
1791415823.149 14002 9.459
1791415823.159 14010 7.361
1791415823.161 14012 6.339
1791415823.171 14018 7.399
1791415823.173 14020 6.382
1791415823.183 14026 7.391
1791415823.185 14028 6.370
1791415823.195 14036 4.365
1791415823.197 14034 9.398
1791415823.207 14042 7.335
1791415823.209 14044 6.309
1791415823.219 14052 4.298
1791415823.221 14050 9.348
1791415823.231 14058 7.329
1791415823.234 14060 6.324
1791415823.244 14068 4.510
1791415823.246 14066 9.540
1791415823.256 14074 7.442
1791415823.258 14076 6.400
1791415823.268 14082 7.415
1791415823.270 14084 6.395
1791415823.280 14090 7.536
1791415823.282 14092 6.413
1791415823.292 14100 4.530
1791415823.294 14098 9.606
1791415823.304 14108 4.432
1791415823.306 14106 9.475
1791415823.316 14116 4.333
1791415823.318 14114 9.367
1791415823.329 14122 7.401
1791415823.331 14124 6.384
1791415823.341 14130 7.306
1791415823.343 14132 6.287
1791415823.353 14138 7.541
1791415823.355 14140 6.455
1791415823.365 14148 4.437
1791415823.367 14146 8.063
1791415823.378 14154 7.822
1791415823.380 14156 6.848
1791415823.391 14164 5.626
1791415823.393 14162 10.622
1791415823.403 14172 5.788
1791415823.405 14170 10.665
1791415823.416 14178 9.311
1791415823.418 14180 8.477
1791415823.427 14188 6.007
1791415823.429 14186 10.833
1791415823.440 14196 6.967
1791415823.442 14194 11.811
1791415823.451 14204 5.757
1791415823.453 14202 10.688
1791415823.464 14212 5.231
1791415823.466 14210 10.844
1791415823.476 14220 5.864
1791415823.478 14218 10.710
1791415823.488 14228 5.889
1791415823.490 14226 10.728
1791415823.500 14236 5.881
1791415823.502 14234 10.673
1791415823.515 14242 11.212
1791415823.517 14244 10.425
1791415823.527 14250 10.747
1791415823.530 14252 11.904
1791415823.537 14260 6.090
1791415823.539 14258 10.656
1791415823.549 14268 5.712
1791415823.551 14266 10.686
1791415823.563 14276 7.834
1791415823.565 14274 12.611
1791415823.574 14282 9.353
1791415823.576 14284 8.815
1791415823.585 14292 6.060
1791415823.587 14290 10.923
1791415823.598 14298 9.400
1791415823.600 14300 7.360
1791415823.609 14308 5.646
1791415823.611 14306 10.697
1791415823.622 14314 9.053
1791415823.624 14316 8.239
1791415823.634 14324 6.124
1791415823.636 14322 10.988
1791415823.646 14332 5.801
1791415823.648 14330 10.803
1791415823.657 14340 3.339
1791415823.659 14338 10.326
1791415823.670 14348 5.656
1791415823.672 14346 10.707
1791415823.683 14356 6.554
1791415823.685 14354 11.515
1791415823.695 14364 7.079
1791415823.697 14362 11.783
1791415823.707 14372 6.246
1791415823.709 14370 10.883
1791415823.719 14380 5.860
1791415823.721 14378 10.816
1791415823.731 14386 8.823
1791415823.733 14388 8.028
1791415823.743 14394 8.720
1791415823.745 14396 7.598
1791415823.758 14404 8.364
1791415823.760 14402 13.360
1791415823.767 14410 8.718
1791415823.769 14412 8.157
1791415823.779 14418 9.007
1791415823.781 14420 8.127
1791415823.791 14428 5.803
1791415823.793 14426 10.740
1791415823.803 14434 8.810
1791415823.805 14436 7.959
1791415823.816 14444 5.288
1791415823.818 14442 10.842
1791415823.829 14450 9.437
1791415823.831 14452 8.758
1791415823.841 14460 6.456
1791415823.843 14458 11.583
1791415823.852 14468 5.622
1791415823.854 14466 10.706
1791415823.864 14474 8.801
1791415823.866 14476 7.841
1791415823.876 14484 5.828
1791415823.878 14482 10.819
1791415823.888 14492 5.921
1791415823.890 14490 10.792
1791415823.900 14498 8.667
1791415823.902 14500 7.852
1791415823.913 14506 8.972
1791415823.915 14508 8.095
1791415823.925 14514 8.764
1791415823.927 14516 7.789
1791415823.937 14522 8.841
1791415823.939 14524 7.965
1791415823.949 14532 5.764
1791415823.951 14530 10.885
1791415823.961 14538 8.705
1791415823.963 14540 7.892
1791415823.974 14548 6.157
1791415823.976 14546 11.006
1791415823.986 14556 6.158
1791415823.988 14554 10.918
1791415823.998 14562 8.856
1791415824.000 14564 7.920
1791415824.012 14572 7.952
1791415824.014 14570 13.477
1791415824.022 14580 6.261
1791415824.024 14578 11.137
1791415824.034 14588 5.924
1791415824.036 14586 10.756
1791415824.047 14596 6.301
1791415824.049 14594 11.361
1791415824.058 14602 8.669
1791415824.060 14604 7.885
1791415824.071 14612 6.233
1791415824.073 14610 11.100
1791415824.083 14620 5.764
1791415824.085 14618 10.784
1791415824.095 14628 5.988
1791415824.097 14626 10.812
1791415824.107 14636 5.803
1791415824.109 14634 10.742
1791415824.119 14644 6.033
1791415824.121 14642 10.925
1791415824.131 14652 5.718
1791415824.133 14650 10.784
1791415824.143 14660 6.242
1791415824.146 14658 11.035
1791415824.156 14666 9.108
1791415824.158 14668 7.847
1791415824.168 14674 8.944
1791415824.170 14676 8.253
1791415824.180 14682 8.834
1791415824.182 14684 8.026
1791415824.193 14692 5.829
1791415824.195 14690 11.729
1791415824.204 14700 6.235
1791415824.206 14698 10.954
1791415824.216 14706 8.982
1791415824.218 14708 8.149
1791415824.228 14714 8.619
1791415824.230 14716 7.788
1791415824.240 14724 4.913
1791415824.243 14722 11.076
1791415824.253 14730 8.886
1791415824.255 14732 8.115
1791415824.265 14738 9.012
1791415824.267 14740 7.769
1791415824.277 14746 9.014
1791415824.279 14748 7.912
1791415824.289 14756 5.932
1791415824.291 14754 10.576
1791415824.302 14764 6.816
1791415824.304 14762 11.756
1791415824.313 14770 8.680
1791415824.315 14772 7.826
1791415824.325 14780 5.880
1791415824.327 14778 10.870
1791415824.338 14788 6.037
1791415824.340 14786 10.927
1791415824.351 14796 7.236
1791415824.353 14794 12.102
1791415824.362 14804 5.807
1791415824.364 14802 10.780
1791415824.374 14812 5.649
1791415824.376 14810 10.767
1791415824.387 14820 6.808
1791415824.389 14818 11.869
1791415824.399 14828 6.597
1791415824.401 14826 11.453
1791415824.412 14836 7.470
1791415824.414 14834 12.274
1791415824.423 14844 5.871
1791415824.425 14842 11.029
1791415824.434 14852 5.917
1791415824.436 14850 10.711
1791415824.447 14860 5.716
1791415824.449 14858 10.901
1791415824.459 14866 8.821
1791415824.461 14868 7.716
1791415824.471 14874 8.774
1791415824.473 14876 7.961
1791415824.483 14882 8.824
1791415824.485 14884 8.015
1791415824.495 14892 5.134
1791415824.497 14890 10.747
1791415824.508 14898 9.138
1791415824.510 14900 7.921
1791415824.519 14908 5.792
1791415824.521 14906 10.635
1791415824.532 14916 6.102
1791415824.534 14914 11.023
1791415824.544 14922 8.783
1791415824.546 14924 7.925
1791415824.556 14930 8.544
1791415824.558 14932 7.317
1791415824.568 14938 8.704
1791415824.570 14940 7.874
1791415824.580 14946 8.971
1791415824.582 14948 8.056
1791415824.593 14954 9.400
1791415824.595 14956 8.471
1791415824.605 14962 9.930
1791415824.607 14964 8.984
1791415824.617 14970 8.907
1791415824.619 14972 8.114
1791415824.629 14980 6.032
1791415824.631 14978 10.900
1791415824.641 14986 8.742
1791415824.643 14988 7.867
1791415824.653 14996 5.964
1791415824.655 14994 10.821
1791415824.665 15004 5.879
1791415824.667 15002 10.958
1791415824.677 15012 5.975
1791415824.679 15010 10.910
1791415824.690 15018 9.823
1791415824.692 15020 8.980
1791415824.702 15026 9.040
1791415824.704 15028 8.248
1791415824.714 15034 8.856
1791415824.716 15036 8.008
1791415824.727 15042 9.818
1791415824.729 15044 9.105
1791415824.738 15050 8.826
1791415824.740 15052 8.254
1791415824.750 15058 8.824
1791415824.752 15060 8.000
1791415824.762 15066 8.862
1791415824.764 15068 8.003
1791415824.774 15074 8.692
1791415824.776 15076 7.172
1791415824.787 15084 5.332
1791415824.789 15082 11.150
1791415824.799 15090 8.917
1791415824.801 15092 8.050
1791415824.811 15098 8.928
1791415824.813 15100 8.172
1791415824.823 15106 8.777
1791415824.825 15108 7.969
1791415824.836 15116 5.264
1791415824.838 15114 11.657
1791415824.847 15122 8.710
1791415824.849 15124 7.668
1791415824.859 15132 5.945
1791415824.861 15130 10.708
1791415824.871 15138 8.733
1791415824.873 15140 7.678
1791415824.883 15146 8.465
1791415824.885 15148 7.997
1791415824.897 15154 9.540
1791415824.899 15156 8.185
1791415824.903 15162 4.481
1791415824.910 15164 7.190
1791415824.917 15172 3.255
1791415824.919 15170 8.287
1791415824.930 15178 7.385
1791415824.932 15180 6.365
1791415824.942 15188 4.376
1791415824.944 15186 9.410
1791415825.055 15194 107.860
1791415825.059 15196 108.794
1791415825.062 15204 99.664
1791415825.064 15212 89.543
1791415825.066 15220 79.409
1791415825.070 15228 71.607
1791415825.072 15236 61.482
1791415825.074 15244 51.356
1791415825.076 15252 41.227
1791415825.078 15260 31.106
1791415825.080 15202 121.079
1791415825.082 15210 110.959
1791415825.084 15218 100.824
1791415825.086 15226 90.701
1791415825.088 15234 80.579
1791415825.090 15242 70.448
1791415825.092 15250 59.096
1791415825.095 15258 50.242
1791415825.097 15266 40.636
1791415825.099 15274 30.823
1791415825.101 15282 19.015
1791415825.103 15268 43.896
1791415825.105 15276 33.701
1791415825.107 15284 23.709
1791415825.110 15290 17.324
1791415825.112 15292 16.316
1791415825.115 15300 6.878
1791415825.117 15298 11.925
1791415825.124 15308 4.224
1791415825.126 15306 7.991
1791415825.137 15314 7.416
1791415825.139 15316 6.398
1791415825.149 15322 7.315
1791415825.151 15324 6.336
1791415825.161 15332 4.343
1791415825.163 15330 9.376
1791415825.173 15340 4.351
1791415825.175 15338 7.083
1791415825.185 15346 6.087
1791415825.187 15348 6.288
1791415825.197 15356 4.335
1791415825.199 15354 9.369
1791415825.209 15364 4.436
1791415825.211 15362 9.471
1791415825.221 15370 7.326
1791415825.223 15372 6.307
1791415825.234 15378 7.381
1791415825.236 15380 6.301
1791415825.262 15386 8.012
1791415825.280 15388 8.042
1791415825.334 15394 8.022
1791415825.353 15396 8.047
1791415825.407 15402 7.940
1791415825.426 15404 8.043
1791415825.480 15410 8.042
1791415825.498 15412 7.980
1791415825.553 15418 8.351
1791415825.571 15420 8.326
1791415825.626 15426 8.020
1791415825.644 15428 7.967
1791415825.699 15434 8.119
1791415825.717 15436 7.974
1791415825.771 15442 7.999
1791415825.790 15444 8.021
1791415825.844 15450 7.972
1791415825.862 15452 8.034
1791415825.917 15458 7.953
1791415825.935 15460 8.021
1791415825.990 15466 8.035
1791415826.008 15468 8.019
1791415826.063 15474 8.161
1791415826.081 15476 7.978
1791415826.135 15482 8.100
1791415826.154 15484 8.004
1791415826.208 15490 7.956
1791415826.226 15492 8.016
1791415826.281 15498 8.064
1791415826.299 15500 8.108
1791415826.354 15506 8.033
1791415826.372 15508 7.967
1791415826.427 15514 8.039
1791415826.445 15516 7.990
1791415826.499 15522 7.944
1791415826.518 15524 8.022
1791415826.572 15530 8.042
1791415826.590 15532 7.979
1791415826.645 15538 8.019
1791415826.663 15540 7.971
1791415826.718 15546 7.987
1791415826.736 15548 8.103
1791415826.791 15554 7.996
1791415826.809 15556 7.944
1791415826.863 15562 8.024
1791415826.882 15564 8.081
1791415826.936 15570 7.963
1791415826.954 15572 7.969
1791415827.010 15578 8.595
1791415827.027 15580 8.017
1791415827.082 15586 8.164
1791415827.100 15588 8.096
1791415827.155 15594 8.141
1791415827.173 15596 7.930
1791415827.228 15602 8.187
1791415827.246 15604 8.113
1791415827.300 15610 8.036
1791415827.318 15612 8.033
1791415827.373 15618 8.017
1791415827.391 15620 8.053
1791415827.446 15626 8.079
1791415827.464 15628 8.056
1791415827.519 15634 8.020
1791415827.537 15636 7.989
1791415827.591 15642 8.064
1791415827.610 15644 8.078
1791415827.664 15650 8.084
1791415827.683 15652 8.060
1791415827.737 15658 8.080
1791415827.755 15660 8.105
1791415827.810 15666 7.955
1791415827.828 15668 7.994
1791415827.883 15674 8.099
1791415827.901 15676 8.024
1791415827.955 15682 8.017
1791415827.974 15684 7.963
1791415828.028 15690 7.967
1791415828.046 15692 7.973
1791415828.101 15698 8.075
1791415828.119 15700 7.964
1791415828.174 15706 7.986
1791415828.192 15708 8.031
1791415828.247 15714 7.951
1791415828.265 15716 8.041
1791415828.320 15722 8.108
1791415828.338 15724 8.034
1791415828.392 15730 8.031
1791415828.411 15732 8.021
1791415828.465 15738 8.032
1791415828.483 15740 8.148
1791415828.538 15746 8.108
1791415828.556 15748 8.098
1791415828.611 15754 8.019
1791415828.629 15756 7.987
1791415828.684 15762 8.117
1791415828.702 15764 8.026
1791415828.756 15770 8.026
1791415828.775 15772 8.033
1791415828.829 15778 8.042
1791415828.847 15780 7.984
1791415828.902 15786 8.006
1791415828.920 15788 8.006
1791415828.975 15794 7.984
1791415828.993 15796 8.060
1791415829.048 15802 7.982
1791415829.066 15804 8.000
1791415829.120 15810 7.965
1791415829.139 15812 7.995
1791415829.193 15818 8.116
1791415829.211 15820 8.078
1791415829.266 15826 8.066
1791415829.284 15828 7.984
1791415829.339 15834 7.965
1791415829.357 15836 8.058
1791415829.411 15842 7.913
1791415829.430 15844 8.020
1791415829.484 15850 8.073
1791415829.503 15852 8.032
1791415829.557 15858 8.044
1791415829.575 15860 8.030
1791415829.630 15866 8.125
1791415829.648 15868 8.014
1791415829.703 15874 8.035
1791415829.721 15876 8.072
1791415829.776 15882 7.995
1791415829.794 15884 7.999
1791415829.848 15890 8.006
1791415829.867 15892 8.042
1791415829.921 15898 8.023
1791415829.939 15900 7.948
1791415829.994 15906 7.986
1791415830.012 15908 8.018
1791415830.067 15914 8.021
1791415830.085 15916 7.979
1791415830.140 15922 8.013
1791415830.158 15924 8.005
1791415830.212 15930 8.070
1791415830.231 15932 7.997
1791415830.285 15938 8.061
1791415830.303 15940 8.022
1791415830.358 15946 8.164
1791415830.376 15948 7.968
1791415830.431 15954 7.966
1791415830.449 15956 7.967
1791415830.504 15962 7.983
1791415830.522 15964 7.984
1791415830.577 15970 8.071
1791415830.595 15972 8.001
1791415830.649 15978 8.068
1791415830.668 15980 8.070
1791415830.722 15986 8.147
1791415830.740 15988 8.045
1791415830.795 15994 8.025
1791415830.813 15996 8.058
1791415830.868 16002 8.026
1791415830.886 16004 8.013
1791415830.941 16010 8.077
1791415830.959 16012 8.040
1791415831.013 16018 7.974
1791415831.031 16020 7.984
1791415831.086 16026 8.031
1791415831.104 16028 7.994
1791415831.159 16034 8.013
1791415831.177 16036 8.012
1791415831.232 16042 8.002
1791415831.250 16044 8.039
1791415831.305 16050 8.220
1791415831.323 16052 8.000
1791415831.377 16058 8.025
1791415831.395 16060 7.988
1791415831.450 16066 8.023
1791415831.468 16068 7.987
1791415831.523 16074 8.064
1791415831.541 16076 7.992
1791415831.596 16082 8.232
1791415831.619 16084 13.100
1791415831.669 16090 8.122
1791415831.687 16092 8.179
1791415831.741 16098 8.176
1791415831.760 16100 8.029
1791415831.814 16106 8.010
1791415831.832 16108 8.079
1791415831.887 16114 7.975
1791415831.905 16116 8.058
1791415831.960 16122 8.066
1791415831.978 16124 8.008
1791415832.033 16130 8.014
1791415832.051 16132 7.947
1791415832.105 16138 7.968
1791415832.124 16140 8.177
1791415832.178 16146 8.006
1791415832.196 16148 7.964
1791415832.251 16154 7.994
1791415832.269 16156 7.954
1791415832.324 16162 8.013
1791415832.342 16164 8.035
1791415832.397 16170 8.042
1791415832.415 16172 7.943
1791415832.469 16178 8.017
1791415832.488 16180 7.983
1791415832.542 16186 7.948
1791415832.560 16188 7.963
1791415832.615 16194 8.113
1791415832.633 16196 7.976
1791415832.688 16202 8.083
1791415832.706 16204 7.994
1791415832.761 16210 8.067
1791415832.779 16212 8.073
1791415832.833 16218 8.113
1791415832.852 16220 8.080
1791415832.906 16226 8.024
1791415832.924 16228 8.057
1791415832.979 16234 8.100
1791415832.997 16236 8.112
1791415833.052 16242 7.999
1791415833.070 16244 7.948
1791415833.125 16250 8.000
1791415833.143 16252 7.900
1791415833.197 16258 8.074
1791415833.216 16260 8.020
1791415833.270 16266 8.000
1791415833.288 16268 7.895
1791415833.343 16274 8.039
1791415833.361 16276 7.993
1791415833.416 16282 8.139
1791415833.434 16284 8.095
1791415833.489 16290 8.099
1791415833.507 16292 7.890
1791415833.562 16298 8.052
1791415833.580 16300 7.987
1791415833.634 16306 8.204
1791415833.653 16308 8.067
1791415833.707 16314 8.121
1791415833.725 16316 8.018
1791415833.780 16322 8.039
1791415833.798 16324 8.083
1791415833.853 16330 8.145
1791415833.871 16332 8.030
1791415833.926 16338 8.126
1791415833.944 16340 8.008
1791415833.998 16346 8.051
1791415834.016 16348 8.023
1791415834.071 16354 8.130
1791415834.089 16356 7.987
1791415834.144 16362 8.122
1791415834.162 16364 8.035
1791415834.217 16370 8.064
1791415834.235 16372 7.996
1791415834.290 16378 8.157
1791415834.308 16380 7.955
1791415834.363 16386 8.217
1791415834.380 16388 8.002
1791415834.435 16394 8.042
1791415834.453 16396 7.963
1791415834.508 16402 7.973
1791415834.526 16404 7.992
1791415834.581 16410 8.085
1791415834.599 16412 7.950
1791415834.654 16418 8.055
1791415834.672 16420 8.044
1791415834.726 16426 8.143
1791415834.744 16428 7.977
1791415834.799 16434 8.022
1791415834.817 16436 7.979
1791415834.872 16442 8.025
1791415834.890 16444 7.956
1791415834.945 16450 7.986
1791415834.963 16452 8.012
1791415835.018 16458 7.974
1791415835.036 16460 7.919
1791415835.090 16466 7.980
1791415835.109 16468 7.972
1791415835.163 16474 8.190
1791415835.181 16476 8.114
1791415835.236 16482 8.095
1791415835.254 16484 7.907
1791415835.309 16490 7.920
1791415835.327 16492 7.994
1791415835.382 16498 7.977
1791415835.400 16500 7.891
1791415835.454 16506 8.001
1791415835.473 16508 8.015
1791415835.527 16514 8.039
1791415835.545 16516 8.043
1791415835.600 16522 8.138
1791415835.618 16524 8.152
1791415835.673 16530 8.077
1791415835.691 16532 8.068
1791415835.746 16538 8.089
1791415835.764 16540 8.042
1791415835.818 16546 8.109
1791415835.837 16548 8.014
1791415835.891 16554 7.998
1791415835.909 16556 7.959
1791415835.964 16562 8.077
1791415835.982 16564 8.022
1791415836.037 16570 8.128
1791415836.055 16572 8.041
1791415836.110 16578 7.975
1791415836.128 16580 7.978
1791415836.182 16586 7.994
1791415836.201 16588 7.958
1791415836.255 16594 7.974
1791415836.273 16596 8.003
1791415836.328 16602 8.043
1791415836.346 16604 7.881
1791415836.401 16610 8.019
1791415836.419 16612 7.957
1791415836.474 16618 7.979
1791415836.492 16620 7.986
1791415836.546 16626 7.995
1791415836.565 16628 7.942
1791415836.620 16634 8.799
1791415836.637 16636 8.013
1791415836.692 16642 8.217
1791415836.710 16644 8.128
1791415836.765 16650 8.054
1791415836.783 16652 8.120
1791415836.838 16658 7.969
1791415836.856 16660 8.052
1791415836.910 16666 8.007
1791415836.929 16668 8.120
1791415836.983 16674 8.025
1791415837.002 16676 8.145
1791415837.056 16682 8.027
1791415837.074 16684 7.979
1791415837.129 16690 8.180
1791415837.147 16692 8.069
1791415837.202 16698 7.990
1791415837.220 16700 8.003
1791415837.274 16706 7.995
1791415837.293 16708 7.973
1791415837.347 16714 8.028
1791415837.366 16716 8.053
1791415837.420 16722 8.037
1791415837.438 16724 7.953
1791415837.493 16730 8.025
1791415837.511 16732 7.996
1791415837.566 16738 8.032
1791415837.584 16740 7.910
1791415837.639 16746 8.606
1791415837.657 16748 8.050
1791415837.712 16754 8.244
1791415837.730 16756 8.188
1791415837.784 16762 8.037
1791415837.802 16764 8.051
1791415837.857 16770 8.008
1791415837.875 16772 7.998
1791415837.930 16778 8.079
1791415837.948 16780 8.046
1791415838.003 16786 8.071
1791415838.021 16788 8.007
1791415838.075 16794 8.026
1791415838.094 16796 8.019
1791415838.148 16802 8.034
1791415838.166 16804 7.938
1791415838.221 16810 8.041
1791415838.239 16812 7.953
1791415838.294 16818 7.954
1791415838.312 16820 8.034
1791415838.367 16826 8.022
1791415838.385 16828 7.983
1791415838.439 16834 7.923
1791415838.458 16836 7.999
1791415838.512 16842 7.985
1791415838.530 16844 8.013
1791415838.585 16850 8.164
1791415838.603 16852 8.046
1791415838.658 16858 8.074
1791415838.676 16860 8.037
1791415838.731 16866 8.080
1791415838.749 16868 8.029
1791415838.803 16874 8.032
1791415838.822 16876 7.943
1791415838.876 16882 8.048
1791415838.894 16884 8.007
1791415838.949 16890 8.068
1791415838.967 16892 7.994
1791415839.022 16898 7.995
1791415839.040 16900 8.014
1791415839.095 16906 8.121
1791415839.113 16908 7.957
1791415839.168 16914 8.025
1791415839.186 16916 7.979
1791415839.240 16922 7.933
1791415839.258 16924 7.989
1791415839.313 16930 8.035
1791415839.331 16932 7.961
1791415839.386 16938 7.949
1791415839.404 16940 7.997
1791415839.459 16946 7.947
1791415839.477 16948 7.963
1791415839.531 16954 8.004
1791415839.550 16956 7.904
1791415839.604 16962 7.951
1791415839.622 16964 7.944
1791415839.677 16970 8.046
1791415839.695 16972 7.948
1791415839.750 16978 8.169
1791415839.768 16980 8.138
1791415839.823 16986 8.156
1791415839.841 16988 7.973
1791415839.896 16994 8.100
1791415839.914 16996 7.956
1791415839.968 17002 8.099
1791415839.986 17004 7.938
1791415840.041 17010 8.040
1791415840.059 17012 7.949
1791415840.114 17018 8.027
1791415840.132 17020 8.190
1791415840.187 17026 7.952
1791415840.205 17028 8.034
1791415840.260 17034 8.018
1791415840.278 17036 8.007
1791415840.332 17042 7.959
1791415840.351 17044 8.094
1791415840.405 17050 8.021
1791415840.423 17052 7.900
1791415840.478 17058 8.016
1791415840.496 17060 8.055
1791415840.551 17066 7.970
1791415840.569 17068 7.908
1791415840.624 17074 8.788
1791415840.749 17076 115.444
1791415840.752 17082 63.358
1791415840.754 17084 47.166
1791415840.769 17090 8.002
1791415840.787 17092 7.965
1791415840.842 17098 7.955
1791415840.860 17100 8.021
1791415840.915 17106 7.986
1791415840.933 17108 8.012
1791415840.988 17114 8.099
1791415841.006 17116 7.985
1791415841.060 17122 8.017
1791415841.079 17124 8.097
1791415841.133 17130 8.134
1791415841.151 17132 7.961
1791415841.206 17138 8.006
1791415841.224 17140 7.974
1791415841.279 17146 7.991
1791415841.297 17148 8.039
1791415841.352 17154 7.993
1791415841.370 17156 8.052
1791415841.424 17162 7.975
1791415841.443 17164 7.941
1791415841.497 17170 8.012
1791415841.515 17172 8.029
1791415841.570 17178 8.050
1791415841.588 17180 7.981
1791415841.643 17186 8.031
1791415841.661 17188 7.996
1791415841.716 17194 8.091
1791415841.734 17196 8.017
1791415841.788 17202 8.082
1791415841.807 17204 8.042
1791415841.861 17210 8.001
1791415841.880 17212 8.077
1791415841.934 17218 8.168
1791415841.952 17220 8.112
1791415842.007 17226 8.092
1791415842.025 17228 8.055
1791415842.080 17234 8.118
1791415842.098 17236 7.932
1791415842.153 17242 8.158
1791415842.171 17244 7.974
1791415842.225 17250 7.982
1791415842.243 17252 8.003
1791415842.298 17258 8.057
1791415842.316 17260 7.979
1791415842.371 17266 8.125
1791415842.389 17268 8.030
1791415842.444 17274 7.964
1791415842.462 17276 8.110
1791415842.516 17282 8.025
1791415842.535 17284 8.026
1791415842.589 17290 8.112
1791415842.607 17292 7.960
1791415842.662 17298 8.067
1791415842.680 17300 7.992
1791415842.735 17306 8.057
1791415842.753 17308 7.969
1791415842.808 17314 7.982
1791415842.826 17316 7.990
1791415842.881 17322 8.052
1791415842.899 17324 8.015
1791415842.953 17330 8.030
1791415842.972 17332 8.047
1791415843.026 17338 8.119
1791415843.044 17340 8.016
1791415843.099 17346 8.068
1791415843.117 17348 8.116
1791415843.172 17354 8.140
1791415843.190 17356 8.067
1791415843.245 17362 8.023
1791415843.263 17364 7.970
1791415843.317 17370 8.058
1791415843.336 17372 7.976
1791415843.390 17378 8.099
1791415843.408 17380 8.048
1791415843.463 17386 8.077
1791415843.481 17388 7.963
1791415843.536 17394 7.995
1791415843.554 17396 8.063
1791415843.609 17402 8.059
1791415843.627 17404 7.967
1791415843.681 17410 8.109
1791415843.699 17412 7.912
1791415843.754 17418 8.063
1791415843.773 17420 8.289
1791415843.827 17426 8.091
1791415843.845 17428 8.026
1791415843.900 17434 8.022
1791415843.918 17436 8.118
1791415843.973 17442 8.008
1791415843.991 17444 7.982
1791415844.046 17450 8.150
1791415844.064 17452 8.046
1791415844.118 17458 8.103
1791415844.136 17460 8.037
1791415844.191 17466 8.124
1791415844.209 17468 8.007
1791415844.264 17474 8.057
1791415844.282 17476 8.053
1791415844.337 17482 8.040
1791415844.355 17484 7.986
1791415844.409 17490 8.039
1791415844.428 17492 8.035
1791415844.482 17498 8.027
1791415844.500 17500 8.024
1791415844.555 17506 8.039
1791415844.573 17508 7.913
1791415844.628 17514 8.016
1791415844.646 17516 8.056
1791415844.701 17522 8.086
1791415844.719 17524 8.015
1791415844.773 17530 7.993
1791415844.792 17532 8.014
1791415844.846 17538 8.077
1791415844.865 17540 8.065
1791415844.919 17546 8.045
1791415844.937 17548 8.032
1791415844.992 17554 7.935
1791415845.010 17556 8.032
1791415845.065 17562 8.117
1791415845.083 17564 8.042
1791415845.138 17570 8.211
1791415845.156 17572 8.031
1791415845.210 17578 8.121
1791415845.228 17580 7.965
1791415845.248 17586 6.858
1791415845.257 17588 11.308
1791415845.259 17594 8.771
1791415845.265 17602 5.837
1791415845.267 17596 11.487
1791415845.274 17604 11.498
1791415845.278 17610 9.575
1791415845.280 17612 9.390
1791415845.284 17618 5.562
1791415845.286 17620 6.521
1791415845.292 17626 6.045
1791415845.298 17628 8.858
1791415845.304 17636 5.669
1791415845.306 17634 10.876
1791415845.313 17642 8.182
1791415845.315 17644 7.923
1791415845.318 17650 4.216
1791415845.325 17652 7.294
1791415845.333 17660 8.282
1791415845.335 17658 11.371
1791415845.340 17666 8.214
1791415845.342 17668 7.952
1791415845.347 17676 3.695
1791415845.349 17674 7.971
1791415845.355 17682 4.578
1791415845.366 17690 7.138
1791415845.368 17684 13.907
1791415845.374 17698 5.494
1791415845.376 17692 12.480
1791415845.380 17700 9.547
1791415845.385 17706 7.908
1791415845.387 17708 7.638
1791415845.392 17716 3.339
1791415845.394 17714 7.612
1791415845.404 17722 8.239
1791415845.410 17724 11.236
1791415845.414 17730 9.341
1791415845.416 17732 7.091
1791415845.421 17738 5.436
1791415845.423 17740 6.692
1791415845.429 17746 5.891
1791415845.438 17748 12.475
1791415845.443 17754 10.962
1791415845.445 17756 9.501
1791415845.449 17762 6.704
1791415845.451 17764 7.787
1791415845.456 17770 5.671
1791415845.458 17772 5.410
1791415845.465 17778 5.724
1791415845.470 17780 8.004
1791415845.481 17786 11.560
1791415845.483 17788 12.409
1791415845.490 17796 10.508
1791415845.492 17794 13.699
1791415845.498 17802 11.211
1791415845.500 17804 10.920
1791415845.505 17810 8.999
1791415845.507 17812 9.053
1791415845.511 17818 5.400
1791415845.513 17820 5.549
1791415845.517 17826 3.380
1791415845.527 17834 4.331
1791415845.529 17828 11.827
1791415845.534 17836 6.168
1791415845.541 17842 8.651
1791415845.543 17844 8.387
1791415845.548 17850 6.905
1791415845.553 17852 9.128
1791415845.560 17858 9.262
1791415845.562 17860 8.601
1791415845.566 17866 7.128
1791415845.568 17868 6.862
1791415845.577 17876 5.991
1791415845.579 17874 10.255
1791415845.585 17882 7.067
1791415845.592 17884 11.723
1791415845.601 17890 11.513
1791415845.603 17892 13.196
1791415845.609 17900 10.279
1791415845.611 17898 12.464
1791415845.616 17908 7.650
1791415845.618 17906 12.709
1791415845.623 17914 7.244
1791415845.625 17916 9.121
1791415845.630 17922 7.112
1791415845.632 17924 6.849
1791415845.640 17932 5.791
1791415845.642 17930 10.027
1791415845.646 17938 4.523
1791415845.655 17940 9.090
1791415845.657 17946 6.965
1791415845.668 17954 8.273
1791415845.670 17948 14.682
1791415845.676 17956 11.413
1791415845.678 17962 9.134
1791415845.682 17964 10.817
1791415845.688 17972 7.749
1791415845.690 17970 12.031
1791415845.694 17980 4.941
1791415845.696 17978 9.219
1791415845.703 17986 6.830
1791415845.707 17988 9.102
1791415845.717 17994 9.283
1791415845.719 17996 11.154
1791415845.728 18004 11.043
1791415845.730 18002 13.352
1791415845.737 18012 11.839
1791415845.739 18010 14.021
1791415845.743 18020 7.670
1791415845.745 18018 12.675
1791415845.749 18028 5.133
1791415845.751 18026 9.456
1791415845.755 18034 4.550
1791415845.766 18042 6.909
1791415845.768 18036 13.230
1791415845.776 18044 11.339
1791415845.778 18050 9.072
1791415845.785 18052 11.304
1791415845.787 18058 8.970
1791415845.795 18060 12.088
1791415845.799 18066 11.918
1791415845.801 18068 12.188
1791415845.806 18076 6.240
1791415845.808 18074 11.570
1791415845.815 18084 7.242
1791415845.817 18082 10.218
1791415845.824 18090 9.441
1791415845.826 18092 9.175
1791415845.828 18098 5.007
1791415845.837 18100 9.113
1791415845.839 18106 6.730
1791415845.846 18114 4.821
1791415845.848 18108 11.113
1791415845.858 18116 11.507
1791415845.860 18122 9.211
1791415845.866 18124 10.519
1791415845.868 18130 8.051
1791415845.871 18132 9.253
1791415845.881 18138 9.265
1791415845.883 18140 11.087
1791415845.892 18146 11.346
1791415845.894 18148 13.196
1791415845.899 18154 11.733
1791415845.901 18156 10.480
1791415845.905 18164 6.839
1791415845.907 18162 10.744
1791415845.912 18172 4.331
1791415845.914 18170 8.679
1791415845.923 18178 8.447
1791415845.925 18180 8.205
1791415845.931 18186 7.894
1791415845.937 18188 10.559
1791415845.941 18194 8.668
1791415845.943 18196 8.608
1791415845.948 18202 6.143
1791415845.950 18204 5.878
1791415845.957 18210 5.833
1791415845.963 18212 8.917
1791415845.969 18220 5.691
1791415845.971 18218 10.690
1791415845.979 18226 9.823
1791415845.981 18228 9.559
1791415845.986 18236 5.840
1791415845.988 18234 10.125
1791415845.993 18242 5.704
1791415845.999 18244 9.069
1791415846.005 18250 8.959
1791415846.007 18252 7.899
1791415846.013 18258 8.215
1791415846.015 18260 7.996
1791415846.020 18266 5.788
1791415846.029 18268 11.812
1791415846.033 18276 6.503
1791415846.035 18274 11.414
1791415846.042 18284 6.886
1791415846.044 18282 10.422
1791415846.049 18290 7.340
1791415846.058 18292 11.323
1791415846.060 18298 8.935
1791415846.065 18300 11.876
1791415846.069 18306 8.725
1791415846.071 18308 9.184
1791415846.077 18316 5.474
1791415846.079 18314 9.753
1791415846.084 18322 6.330
1791415846.091 18324 8.064
1791415846.097 18330 9.229
1791415846.099 18332 8.465
1791415846.105 18338 9.102
1791415846.107 18340 8.853
1791415846.113 18346 7.251
1791415846.119 18348 10.876
1791415846.126 18354 11.236
1791415846.128 18356 10.294
1791415846.131 18364 5.008
1791415846.133 18362 9.179
1791415846.140 18370 6.950
1791415846.147 18378 5.072
1791415846.149 18372 11.704
1791415846.158 18380 11.353
1791415846.160 18386 8.862
1791415846.167 18388 11.800
1791415846.169 18394 9.180
1791415846.174 18396 8.927
1791415846.176 18402 6.829
1791415846.183 18404 8.940
1791415846.185 18410 6.830
1791415846.192 18412 9.131
1791415846.194 18418 6.961
1791415846.199 18420 8.747
1791415846.207 18426 9.381
1791415846.209 18428 10.140
1791415846.216 18436 8.251
1791415846.218 18434 10.545
1791415846.225 18444 8.008
1791415846.227 18442 10.549
1791415846.239 18452 11.201
1791415846.241 18450 13.299
1791415846.248 18460 11.904
1791415846.250 18458 16.853
1791415846.254 18466 11.856
1791415846.256 18468 11.592
1791415846.261 18476 7.626
1791415846.263 18474 11.898
1791415846.268 18482 7.510
1791415846.272 18484 9.096
1791415846.281 18490 9.397
1791415846.283 18492 11.240
1791415846.293 18498 11.805
1791415846.295 18500 13.653
1791415846.303 18508 12.481
1791415846.305 18506 14.618
1791415846.309 18514 11.998
1791415846.311 18516 11.911
1791415846.315 18524 6.979
1791415846.317 18522 11.221
1791415846.324 18532 6.727
1791415846.326 18530 10.992
1791415846.333 18540 7.267
1791415846.337 18538 13.377
1791415846.340 18546 6.435
1791415846.346 18548 8.435
1791415846.355 18554 11.277
1791415846.357 18556 12.472
1791415846.364 18562 11.329
1791415846.366 18564 12.423
1791415846.369 18572 6.339
1791415846.371 18570 10.461
1791415846.375 18578 5.715
1791415846.381 18580 8.679
1791415846.390 18586 9.151
1791415846.392 18588 10.990
1791415846.400 18594 9.464
1791415846.402 18596 9.757
1791415846.406 18602 8.452
1791415846.408 18604 9.037
1791415846.420 18612 11.380
1791415846.422 18610 13.519
1791415846.428 18620 10.307
1791415846.430 18618 12.464
1791415846.434 18628 7.638
1791415846.436 18626 11.290
1791415846.442 18636 6.401
1791415846.444 18634 10.716
1791415846.450 18642 7.665
1791415846.457 18644 11.883
1791415846.460 18650 8.723
1791415846.462 18652 7.554
1791415846.467 18658 6.357
1791415846.474 18660 10.531
1791415846.487 18666 12.345
1791415846.489 18674 10.241
1791415846.491 18668 16.201
1791415846.494 18676 12.548
1791415846.497 18684 6.820
1791415846.499 18682 10.880
1791415846.504 18692 4.973
1791415846.506 18690 7.577
1791415846.513 18698 6.834
1791415846.522 18706 6.746
1791415846.524 18700 13.291
1791415846.529 18714 4.778
1791415846.531 18708 11.423
1791415846.543 18716 13.348
1791415846.545 18722 11.617
1791415846.547 18724 11.363
1791415846.554 18732 7.998
1791415846.556 18730 13.393
1791415846.559 18738 7.564
1791415846.561 18740 7.290
1791415846.566 18746 5.472
1791415846.572 18748 8.458
1791415846.582 18756 10.426
1791415846.584 18754 13.792
1791415846.592 18762 11.709
1791415846.594 18764 13.324
1791415846.597 18770 7.194
1791415846.599 18772 8.945
1791415846.603 18778 5.774
1791415846.613 18786 6.961
1791415846.617 18780 16.998
1791415846.622 18788 11.353
1791415846.628 18796 10.929
1791415846.630 18794 13.905
1791415846.633 18804 6.491
1791415846.635 18802 8.632
1791415846.642 18810 8.387
1791415846.646 18812 10.406
1791415846.649 18818 6.409
1791415846.658 18820 11.350
1791415846.661 18828 6.013
1791415846.663 18826 11.164
1791415846.669 18836 5.917
1791415846.671 18834 9.403
1791415846.675 18842 5.050
1791415846.686 18850 7.237
1791415846.688 18844 13.688
1791415846.695 18852 11.351
1791415846.697 18858 8.913
1791415846.704 18866 7.270
1791415846.706 18860 13.844
1791415846.713 18874 6.656
1791415846.715 18868 12.816
1791415846.722 18876 12.226
1791415846.724 18882 8.506
1791415846.731 18884 12.216
1791415846.736 18892 7.508
1791415846.738 18890 13.066
1791415846.743 18900 7.468
1791415846.745 18898 11.742
1791415846.751 18906 8.532
1791415846.754 18908 9.207
1791415846.760 18914 8.125
1791415846.762 18916 7.913
1791415846.771 18924 7.797
1791415846.773 18922 12.071
1791415846.779 18932 7.091
1791415846.781 18930 11.348
1791415846.786 18938 7.502
1791415846.791 18940 9.462
1791415846.799 18946 11.264
1791415846.801 18948 10.847
1791415846.809 18954 9.916
1791415846.811 18956 11.815
1791415846.815 18962 8.815
1791415846.817 18964 9.092
1791415846.822 18972 4.777
1791415846.824 18970 9.053
1791415846.834 18978 9.395
1791415846.836 18980 9.152
1791415846.841 18988 5.130
1791415846.843 18986 9.395
1791415846.851 18994 8.459
1791415846.853 18996 8.185
1791415846.862 19002 8.900
1791415846.864 19004 10.264
1791415846.874 19012 10.613
1791415846.876 19010 13.541
1791415846.880 19018 8.343
1791415846.882 19020 9.720
1791415846.887 19028 6.224
1791415846.889 19026 10.492
1791415846.896 19034 7.623
1791415846.901 19036 8.577
1791415846.910 19044 10.295
1791415846.912 19042 13.188
1791415846.919 19050 11.211
1791415846.921 19052 12.177
1791415846.924 19060 5.948
1791415846.926 19058 10.234
1791415846.930 19066 6.028
1791415846.938 19068 11.232
1791415846.948 19074 11.516
1791415846.950 19076 13.341
1791415846.957 19082 11.483
1791415846.959 19084 13.327
1791415846.965 19092 10.463
1791415846.967 19090 13.179
1791415846.970 19098 9.128
1791415846.972 19100 6.782
1791415846.979 19106 8.248
1791415846.981 19108 8.490
1791415846.986 19114 7.029
1791415846.993 19116 9.542
1791415846.995 19122 6.790
1791415847.002 19124 9.191
1791415847.004 19130 6.866
1791415847.012 19132 11.924
1791415847.016 19138 9.230
1791415847.018 19140 8.788
1791415847.022 19148 3.991
1791415847.024 19146 8.282
1791415847.033 19154 8.257
1791415847.039 19156 11.190
1791415847.045 19162 11.638
1791415847.047 19164 10.790
1791415847.050 19172 5.258
1791415847.052 19170 9.535
1791415847.056 19178 4.580
1791415847.067 19186 5.770
1791415847.069 19180 12.348
1791415847.076 19194 5.826
1791415847.078 19188 11.492
1791415847.084 19196 11.238
1791415847.088 19202 8.851
1791415847.090 19204 6.543
1791415847.096 19212 5.786
1791415847.098 19210 10.018
1791415847.102 19218 4.312
1791415847.110 19220 8.764
1791415847.119 19226 11.772
1791415847.121 19228 12.469
1791415847.128 19236 10.408
1791415847.130 19234 12.774
1791415847.135 19242 10.206
1791415847.137 19244 9.947
1791415847.142 19250 8.072
1791415847.145 19252 8.736
1791415847.157 19260 11.101
1791415847.159 19258 13.286
1791415847.164 19266 11.378
1791415847.166 19268 11.131
1791415847.173 19276 9.383
1791415847.175 19274 13.200
1791415847.178 19284 5.430
1791415847.180 19282 8.978
1791415847.190 19292 8.161
1791415847.192 19290 12.438
1791415847.197 19300 6.231
1791415847.199 19298 10.485
1791415847.206 19308 6.029
1791415847.208 19306 10.271
1791415847.213 19316 3.870
1791415847.215 19314 8.137
1791415847.219 19322 3.483
1791415847.228 19324 8.682
1791415847.234 19330 8.824
1791415847.236 19332 7.763
1791415847.241 19340 4.979
1791415847.243 19338 9.258
1791415847.250 19346 6.718
1791415847.259 19348 11.435
1791415847.261 19354 8.757
1791415847.264 19356 9.850
1791415847.270 19364 6.036
1791415847.272 19362 10.278
1791415847.276 19370 5.897
1791415847.282 19372 8.659
1791415847.291 19380 8.828
1791415847.293 19378 10.997
1791415847.303 19388 11.269
1791415847.305 19386 13.497
1791415847.312 19394 11.400
1791415847.314 19396 13.247
1791415847.318 19402 8.752
1791415847.320 19404 10.608
1791415847.330 19412 11.209
1791415847.332 19410 13.425
1791415847.337 19420 9.595
1791415847.339 19418 13.471
1791415847.341 19426 7.476
1791415847.343 19428 7.218
1791415847.352 19434 9.243
1791415847.354 19436 8.988
1791415847.360 19442 7.523
1791415847.364 19444 9.282
1791415847.370 19450 8.825
1791415847.372 19452 8.394
1791415847.377 19460 4.824
1791415847.379 19458 9.095
1791415847.383 19466 3.557
1791415847.392 19468 8.868
1791415847.394 19474 5.565
1791415847.404 19476 9.102
1791415847.406 19482 7.942
1791415847.409 19484 8.697
1791415847.417 19492 8.278
1791415847.419 19490 10.871
1791415847.424 19500 5.999
1791415847.426 19498 10.303
1791415847.433 19506 7.849
1791415847.439 19508 10.909
1791415847.447 19514 11.322
1791415847.449 19516 12.359
1791415847.454 19524 8.424
1791415847.456 19522 11.669
1791415847.461 19530 6.195
1791415847.463 19532 8.055
1791415847.467 19538 5.602
1791415847.474 19540 9.926
1791415847.480 19546 9.220
1791415847.482 19548 8.397
1791415847.489 19554 9.290
1791415847.491 19556 9.026
1791415847.500 19564 9.286
1791415847.502 19562 12.791
1791415847.510 19572 9.228
1791415847.512 19570 11.348
1791415847.516 19580 6.105
1791415847.518 19578 8.363
1791415847.523 19586 7.182
1791415847.525 19588 6.903
1791415847.530 19594 4.996
1791415847.536 19596 8.853
1791415847.548 19604 10.634
1791415847.550 19602 13.093
1791415847.554 19610 8.873
1791415847.556 19612 10.290
1791415847.561 19618 6.757
1791415847.563 19620 8.027
1791415847.568 19626 6.203
1791415847.574 19628 9.706
1791415847.585 19634 11.505
1791415847.587 19636 13.217
1791415847.594 19644 11.288
1791415847.596 19642 13.498
1791415847.603 19652 11.224
1791415847.605 19650 13.437
1791415847.608 19660 7.238
1791415847.610 19658 11.704
1791415847.615 19668 5.987
1791415847.617 19666 10.262
1791415847.622 19674 5.938
1791415847.627 19676 4.320
1791415847.634 19682 8.439
1791415847.636 19684 8.152
1791415847.642 19690 7.937
1791415847.644 19692 7.973
1791415847.651 19698 7.252
1791415847.655 19700 9.000
1791415847.661 19706 5.717
1791415847.663 19708 7.600
1791415847.668 19714 6.038
1791415847.673 19716 8.480
1791415847.682 19722 8.684
1791415847.684 19724 10.547
1791415847.692 19730 9.221
1791415847.694 19732 11.077
1791415847.703 19740 11.156
1791415847.705 19738 13.315
1791415847.714 19746 11.761
1791415847.716 19754 9.414
1791415847.719 19748 15.624
1791415847.722 19756 12.572
1791415847.725 19764 5.844
1791415847.727 19762 7.961
1791415847.734 19770 8.285
1791415847.736 19772 8.031
1791415847.739 19778 4.398
1791415847.747 19780 7.925
1791415847.753 19786 9.412
1791415847.755 19788 9.198
1791415847.760 19796 4.867
1791415847.762 19794 7.374
1791415847.769 19802 7.061
1791415847.776 19804 11.585
1791415847.782 19812 9.084
1791415847.784 19810 13.367
1791415847.790 19818 10.046
1791415847.792 19820 10.232
1791415847.797 19828 5.668
1791415847.799 19826 9.950
1791415847.802 19834 3.981
1791415847.811 19836 7.779
1791415847.815 19844 5.668
1791415847.817 19842 8.378
1791415847.822 19850 5.886
1791415847.824 19852 5.618
1791415847.830 19858 4.305
1791415847.838 19860 9.356
1791415847.844 19868 5.577
1791415847.846 19866 10.550
1791415847.851 19874 6.401
1791415847.853 19876 6.911
1791415847.860 19882 6.827
1791415847.867 19884 11.551
1791415847.876 19892 11.375
1791415847.878 19890 13.577
1791415847.883 19900 6.334
1791415847.885 19898 13.736
1791415847.890 19908 7.438
1791415847.892 19906 11.716
1791415847.896 19914 7.294
1791415847.903 19916 11.345
1791415847.911 19924 9.831
1791415847.913 19922 13.292
1791415847.920 19930 11.216
1791415847.922 19932 12.104
1791415847.929 19940 10.478
1791415847.931 19938 13.708
1791415847.939 19946 11.207
1791415847.941 19948 12.907
1791415847.943 19954 7.007
1791415847.945 19956 8.515
1791415847.950 19962 5.952
1791415847.955 19964 8.698
1791415847.967 19970 11.784
1791415847.969 19972 13.470
1791415847.972 19978 9.985
1791415847.974 19980 9.898
1791415847.979 19986 8.313
1791415847.981 19988 8.044
1791415847.988 19994 7.672
1791415847.993 19996 9.192
1791415847.997 20002 6.167
1791415847.999 20004 7.538
1791415848.005 20010 6.357
1791415848.010 20012 8.592
1791415848.017 20020 6.672
1791415848.019 20018 11.026
1791415848.026 20026 9.355
1791415848.028 20028 9.114
1791415848.032 20034 6.188
1791415848.034 20036 5.896
1791415848.039 20042 4.677
1791415848.045 20044 7.555
1791415848.053 20052 7.046
1791415848.055 20050 11.368
1791415848.065 20058 11.192
1791415848.067 20060 11.555
1791415848.070 20068 5.547
1791415848.072 20066 9.118
1791415848.076 20074 4.922
1791415848.085 20076 11.403
1791415848.097 20084 12.163
1791415848.099 20082 14.335
1791415848.101 20090 11.451
1791415848.104 20092 12.226
1791415848.107 20100 5.990
1791415848.109 20098 8.327
1791415848.117 20106 9.046
1791415848.119 20108 8.875
1791415848.121 20114 4.774
1791415848.128 20116 8.933
1791415848.137 20122 10.076
1791415848.139 20124 10.818
1791415848.143 20130 5.319
1791415848.145 20132 7.086
1791415848.150 20138 5.641
1791415848.157 20140 10.088
1791415848.165 20146 9.611
1791415848.167 20148 11.450
1791415848.172 20156 7.653
1791415848.174 20154 12.092
1791415848.178 20162 6.808
1791415848.180 20164 6.494
1791415848.190 20172 6.993
1791415848.192 20170 11.248
1791415848.197 20178 7.181
1791415848.203 20180 11.442
1791415848.210 20188 9.232
1791415848.212 20186 11.424
1791415848.217 20196 6.452
1791415848.219 20194 10.823
1791415848.222 20204 3.460
1791415848.224 20202 7.738
1791415848.232 20210 5.935
1791415848.239 20212 9.235
1791415848.244 20220 6.859
1791415848.246 20218 10.469
1791415848.252 20226 8.421
1791415848.254 20228 8.161
1791415848.259 20234 5.218
1791415848.261 20236 5.490
1791415848.270 20242 7.436
1791415848.274 20244 8.614
1791415848.281 20252 6.982
1791415848.283 20250 11.111
1791415848.292 20258 11.486
1791415848.294 20260 11.331
1791415848.297 20268 5.015
1791415848.299 20266 8.342
1791415848.308 20276 6.842
1791415848.310 20274 11.120
1791415848.317 20284 7.399
1791415848.319 20282 11.673
1791415848.326 20290 9.333
1791415848.328 20292 9.085
1791415848.336 20298 9.641
1791415848.338 20300 9.403
1791415848.345 20308 7.195
1791415848.347 20306 11.443
1791415848.354 20316 7.376
1791415848.356 20314 11.657
1791415848.362 20324 6.028
1791415848.364 20322 10.308
1791415848.370 20330 7.398
1791415848.375 20332 9.255
1791415848.379 20340 5.722
1791415848.381 20338 8.287
1791415848.386 20346 5.785
1791415848.400 20348 16.257
1791415848.403 20354 12.200
1791415848.405 20356 8.827
1791415848.408 20362 8.456
1791415848.410 20364 8.908
1791415848.415 20370 7.227
1791415848.422 20372 11.453
1791415848.430 20380 10.172
1791415848.432 20378 12.357
1791415848.440 20388 11.021
1791415848.442 20386 13.312
1791415848.444 20396 6.544
1791415848.446 20394 11.061
1791415848.454 20402 9.295
1791415848.456 20404 9.039
1791415848.461 20410 7.333
1791415848.465 20412 9.065
1791415848.474 20418 9.753
1791415848.476 20420 11.409
1791415848.483 20426 9.301
1791415848.485 20428 11.161
1791415848.490 20434 9.194
1791415848.492 20436 8.741
1791415848.499 20444 7.314
1791415848.501 20442 11.579
1791415848.508 20452 7.077
1791415848.510 20450 11.350
1791415848.515 20458 7.443
1791415848.522 20460 11.725
1791415848.526 20468 5.713
1791415848.528 20466 11.083
1791415848.533 20476 4.689
1791415848.535 20474 8.921
1791415848.542 20482 6.791
1791415848.552 20484 11.469
1791415848.554 20490 9.523
1791415848.562 20498 8.244
1791415848.564 20492 14.328
1791415848.569 20506 6.008
1791415848.571 20500 12.314
1791415848.575 20508 9.592
1791415848.583 20514 10.980
1791415848.585 20516 10.800
1791415848.591 20524 7.677
1791415848.593 20522 11.607
1791415848.596 20532 3.852
1791415848.598 20530 7.499
1791415848.605 20538 5.660
1791415848.614 20540 11.186
1791415848.618 20546 8.990
1791415848.620 20548 8.265
1791415848.625 20554 7.555
1791415848.627 20556 7.275
1791415848.633 20562 7.046
1791415848.641 20564 11.244
1791415848.643 20570 7.886
1791415848.646 20572 8.123
1791415848.653 20580 5.782
1791415848.655 20578 8.075
1791415848.660 20588 3.827
1791415848.662 20586 7.302
1791415848.668 20594 5.672
1791415848.679 20602 6.877
1791415848.681 20596 14.670
1791415848.687 20604 11.264
1791415848.694 20612 10.560
1791415848.696 20610 13.211
1791415848.703 20618 11.300
1791415848.705 20620 12.492
1791415848.708 20626 8.611
1791415848.710 20628 8.215
1791415848.716 20634 7.747
1791415848.718 20636 7.844
1791415848.725 20642 8.206
1791415848.731 20644 10.881
1791415848.740 20652 11.555
1791415848.742 20650 13.847
1791415848.747 20658 9.214
1791415848.749 20660 10.926
1791415848.756 20668 6.806
1791415848.758 20666 11.129
1791415848.768 20676 11.273
1791415848.770 20674 13.482
1791415848.772 20682 9.546
1791415848.775 20684 9.040
1791415848.780 20690 7.847
1791415848.782 20692 7.582
1791415848.787 20698 6.419
1791415848.791 20700 6.487
1791415848.803 20706 11.292
1791415848.805 20708 12.403
1791415848.809 20714 9.708
1791415848.811 20716 9.408
1791415848.817 20724 6.877
1791415848.819 20722 11.137
1791415848.827 20730 9.302
1791415848.829 20732 9.060
1791415848.836 20738 8.914
1791415848.838 20740 8.976
1791415848.842 20746 5.490
1791415848.848 20748 10.025
1791415848.853 20754 8.038
1791415848.855 20756 7.294
1791415848.864 20762 10.453
1791415848.866 20764 10.193
1791415848.874 20770 10.717
1791415848.876 20772 10.455
1791415848.882 20778 10.463
1791415848.884 20780 10.212
1791415848.889 20788 5.513
1791415848.891 20786 9.794
1791415848.894 20794 3.965
1791415848.901 20796 6.448
1791415848.908 20802 6.647
1791415848.910 20804 7.983
1791415848.914 20810 5.643
1791415848.922 20812 11.168
1791415848.929 20818 9.392
1791415848.931 20820 11.223
1791415848.941 20828 11.329
1791415848.943 20826 13.630
1791415848.945 20834 9.048
1791415848.947 20836 9.498
1791415848.954 20844 6.670
1791415848.956 20842 10.242
1791415848.963 20852 7.137
1791415848.965 20850 11.416
1791415848.972 20860 7.197
1791415848.975 20858 11.813
1791415848.980 20866 7.957
1791415848.982 20868 8.049
1791415848.987 20874 6.043
1791415848.994 20876 9.856
1791415848.996 20882 6.073
1791415849.001 20884 7.816
1791415849.008 20890 7.883
1791415849.010 20892 7.891
1791415849.014 20898 6.018
1791415849.017 20900 5.740
1791415849.021 20906 3.728
1791415849.030 20908 9.688
1791415849.035 20916 6.235
1791415849.037 20914 8.884
1791415849.043 20922 6.794
1791415849.051 20930 5.796
1791415849.053 20924 13.244
1791415849.056 20932 8.621
1791415849.064 20938 8.549
1791415849.066 20940 9.652
1791415849.073 20946 9.411
1791415849.075 20948 9.143
1791415849.082 20954 9.450
1791415849.084 20956 9.189
1791415849.086 20962 5.132
1791415849.094 20964 9.876
1791415849.104 20972 11.223
1791415849.106 20970 13.430
1791415849.111 20978 11.506
1791415849.113 20980 11.579
1791415849.116 20986 4.537
1791415849.118 20988 6.429
1791415849.125 20994 7.099
1791415849.132 20996 12.313
1791415849.137 21002 9.611
1791415849.139 21004 9.960
1791415849.143 21010 6.801
1791415849.145 21012 6.558
1791415849.152 21020 4.878
1791415849.154 21018 9.265
1791415849.160 21026 5.702
1791415849.166 21028 9.029
1791415849.176 21036 9.697
1791415849.178 21034 12.073
1791415849.181 21044 5.075
1791415849.183 21042 10.712
1791415849.189 21050 7.670
1791415849.191 21052 7.413
1791415849.194 21058 3.263
1791415849.201 21060 7.932
1791415849.210 21068 8.073
1791415849.212 21066 11.484
1791415849.219 21076 8.060
1791415849.221 21074 10.984
1791415849.231 21082 10.913
1791415849.233 21084 12.589
1791415849.236 21090 6.109
1791415849.238 21092 7.961
1791415849.242 21098 5.798
1791415849.250 21100 11.394
1791415849.254 21106 8.938
1791415849.256 21108 8.404
1791415849.260 21116 3.763
1791415849.262 21114 8.048
1791415849.267 21122 3.553
1791415849.276 21124 9.212
1791415849.282 21132 5.412
1791415849.284 21130 10.966
1791415849.289 21138 6.561
1791415849.291 21140 6.989
1791415849.298 21146 7.164
1791415849.300 21148 6.913
1791415849.309 21156 7.164
1791415849.311 21154 11.442
1791415849.318 21162 9.120
1791415849.320 21164 8.885
1791415849.325 21172 4.912
1791415849.327 21170 9.212
1791415849.334 21178 7.175
1791415849.336 21180 6.923
1791415849.343 21186 7.288
1791415849.345 21188 7.023
1791415849.355 21194 9.710
1791415849.357 21196 9.451
1791415849.364 21204 7.089
1791415849.366 21202 10.924
1791415849.373 21212 7.017
1791415849.375 21210 11.301
1791415849.380 21218 7.248
1791415849.386 21220 10.769
1791415849.395 21226 11.318
1791415849.397 21228 13.186
1791415849.404 21234 10.944
1791415849.406 21236 12.796
1791415849.412 21242 11.604
1791415849.414 21244 10.229
1791415849.416 21252 5.142
1791415849.418 21250 9.427
1791415849.425 21258 6.659
1791415849.434 21260 11.682
1791415849.436 21266 9.205
1791415849.441 21268 11.690
1791415849.445 21276 5.684
1791415849.447 21274 10.996
1791415849.452 21282 6.361
1791415849.454 21284 6.122
1791415849.460 21290 5.809
1791415849.467 21292 9.059
1791415849.472 21300 4.530
1791415849.474 21298 10.402
1791415849.479 21306 6.052
1791415849.484 21308 8.565
1791415849.496 21316 11.292
1791415849.498 21314 13.461
1791415849.505 21324 11.131
1791415849.507 21322 13.334
1791415849.513 21330 10.987
1791415849.515 21332 12.832
1791415849.518 21340 6.823
1791415849.520 21338 10.668
1791415849.525 21346 6.588
1791415849.527 21348 6.205
1791415849.531 21354 3.576
1791415849.542 21356 11.070
1791415849.545 21362 8.515
1791415849.547 21364 6.765
1791415849.553 21370 7.340
1791415849.555 21372 7.033
1791415849.564 21378 9.178
1791415849.566 21380 8.932
1791415849.573 21386 9.346
1791415849.575 21388 9.078
1791415849.580 21396 4.794
1791415849.582 21394 8.748
1791415849.587 21402 4.523
1791415849.593 21404 8.969
1791415849.604 21412 10.391
1791415849.606 21410 12.578
1791415849.615 21418 10.998
1791415849.617 21420 12.840
1791415849.621 21426 11.279
1791415849.623 21428 11.495
1791415849.629 21436 8.013
1791415849.631 21434 12.554
1791415849.633 21442 6.099
1791415849.635 21444 5.850
1791415849.643 21450 6.086
1791415849.652 21452 11.675
1791415849.655 21458 9.064
1791415849.657 21460 7.993
1791415849.662 21466 7.012
1791415849.664 21468 7.040
1791415849.671 21474 7.510
1791415849.676 21476 9.761
1791415849.684 21484 8.668
1791415849.686 21482 13.221
1791415849.690 21490 6.642
1791415849.692 21492 7.803
1791415849.702 21500 8.308
1791415849.704 21498 12.595
1791415849.711 21508 8.500
1791415849.713 21506 12.795
1791415849.721 21516 9.189
1791415849.723 21514 13.473
1791415849.729 21522 10.383
1791415849.731 21524 10.121
1791415849.738 21530 10.295
1791415849.740 21532 10.028
1791415849.747 21540 7.864
1791415849.749 21538 12.147
1791415849.754 21546 8.053
1791415849.761 21548 11.910
1791415849.764 21556 6.733
1791415849.766 21554 10.809
1791415849.771 21562 6.274
1791415849.773 21564 6.718
1791415849.780 21570 6.971
1791415849.784 21572 9.206
1791415849.796 21580 11.539
1791415849.798 21578 13.707
1791415849.803 21586 9.558
1791415849.805 21588 11.396
1791415849.814 21596 11.771
1791415849.816 21594 13.930
1791415849.823 21602 11.322
1791415849.825 21604 13.164
1791415849.833 21612 11.590
1791415849.835 21610 13.778
1791415849.839 21618 10.934
1791415849.841 21620 8.340
1791415849.844 21626 6.716
1791415849.846 21628 7.224
1791415849.852 21634 6.084
1791415849.862 21636 11.301
1791415849.864 21642 8.820
1791415849.868 21644 10.313
1791415849.875 21652 8.267
1791415849.877 21650 12.685
1791415849.882 21660 6.391
1791415849.884 21658 10.458
1791415849.893 21666 10.445
1791415849.895 21668 10.173
1791415849.900 21676 6.919
1791415849.902 21674 11.200
1791415849.906 21682 5.466
1791415849.913 21684 10.515
1791415849.923 21690 12.247
1791415849.925 21692 13.053
1791415849.930 21700 9.379
1791415849.932 21698 13.684
1791415849.935 21706 7.396
1791415849.937 21708 7.116
1791415849.944 21714 6.928
1791415849.950 21716 11.034
1791415849.960 21724 11.774
1791415849.962 21722 13.977
1791415849.967 21732 9.375
1791415849.969 21730 11.546
1791415849.973 21740 5.949
1791415849.975 21738 11.037
1791415849.981 21746 7.564
1791415849.983 21748 7.344
1791415849.987 21754 4.531
1791415849.996 21756 10.974
1791415850.005 21762 11.047
1791415850.007 21764 12.885
1791415850.013 21770 11.673
1791415850.015 21772 12.487
1791415850.022 21780 10.478
1791415850.024 21778 13.458
1791415850.027 21786 8.653
1791415850.029 21788 6.877
1791415850.033 21794 5.694
1791415850.042 21796 10.998
1791415850.052 21804 12.388
1791415850.054 21802 14.568
1791415850.061 21810 12.311
1791415850.063 21812 14.155
1791415850.067 21820 9.354
1791415850.069 21818 13.420
1791415850.073 21826 8.592
1791415850.075 21828 8.318
1791415850.079 21834 5.910
1791415850.087 21836 11.200
1791415850.098 21844 11.945
1791415850.100 21842 14.138
1791415850.104 21852 9.720
1791415850.106 21850 13.288
1791415850.108 21858 7.807
1791415850.110 21860 7.471
1791415850.119 21866 9.013
1791415850.121 21868 8.781
1791415850.128 21874 8.898
1791415850.130 21876 8.661
1791415850.135 21882 6.770
1791415850.140 21884 9.727
1791415850.149 21892 9.279
1791415850.151 21890 11.468
1791415850.158 21898 9.226
1791415850.160 21900 10.934
1791415850.167 21906 9.416
1791415850.169 21908 11.133
1791415850.176 21916 9.177
1791415850.178 21914 11.732
1791415850.183 21922 9.486
1791415850.185 21924 8.867
1791415850.190 21930 5.130
1791415850.192 21932 6.769
1791415850.196 21938 4.757
1791415850.204 21940 8.989
1791415850.211 21946 10.128
1791415850.213 21948 9.341
1791415850.216 21956 3.693
1791415850.218 21954 6.672
1791415850.225 21962 5.817
1791415850.235 21964 12.203
1791415850.238 21972 7.719
1791415850.240 21970 11.451
1791415850.244 21978 6.159
1791415850.246 21980 6.954
1791415850.251 21986 4.649
1791415850.258 21988 9.116
1791415850.266 21994 10.147
1791415850.268 21996 9.155
1791415850.273 22002 8.226
1791415850.275 22004 8.086
1791415850.281 22010 7.135
1791415850.290 22012 11.266
1791415850.292 22018 9.132
1791415850.294 22020 9.427
1791415850.301 22026 9.306
1791415850.303 22028 7.620
1791415850.308 22036 4.632
1791415850.310 22034 8.197
1791415850.319 22044 7.324
1791415850.321 22042 11.579
1791415850.326 22050 7.551
1791415850.333 22052 11.635
1791415850.342 22060 11.579
1791415850.344 22058 13.766
1791415850.348 22066 10.567
1791415850.350 22068 9.485
1791415850.356 22074 9.281
1791415850.358 22076 9.078
1791415850.363 22082 7.401
1791415850.368 22084 8.693
1791415850.370 22090 5.618
1791415850.375 22092 8.307
1791415850.382 22098 8.018
1791415850.384 22100 7.756
1791415850.395 22106 12.022
1791415850.397 22108 11.762
1791415850.403 22114 11.549
1791415850.405 22116 11.245
1791415850.409 22122 8.252
1791415850.411 22124 7.990
1791415850.418 22130 7.675
1791415850.425 22132 11.759
1791415850.432 22138 10.552
1791415850.434 22140 12.408
1791415850.439 22148 7.181
1791415850.441 22146 11.622
1791415850.448 22156 8.179
1791415850.452 22154 14.641
1791415850.455 22162 8.780
1791415850.458 22164 9.374
1791415850.470 22170 11.260
1791415850.472 22172 13.069
1791415850.475 22178 9.949
1791415850.477 22180 9.406
1791415850.481 22186 6.638
1791415850.483 22188 6.565
1791415850.492 22196 7.217
1791415850.494 22194 11.352
1791415850.498 22202 6.012
1791415850.506 22204 11.631
1791415850.510 22210 9.087
1791415850.512 22212 8.621
1791415850.520 22220 7.330
1791415850.522 22218 11.470
1791415850.526 22228 4.240
1791415850.528 22226 8.173
1791415850.535 22234 6.925
1791415850.545 22236 11.711
1791415850.547 22242 9.623
1791415850.551 22244 10.689
1791415850.555 22250 8.731
1791415850.557 22252 6.860
1791415850.562 22260 3.779
1791415850.564 22258 8.034
1791415850.570 22266 5.778
1791415850.577 22268 8.488
1791415850.587 22276 10.630
1791415850.589 22274 13.669
1791415850.596 22282 11.452
1791415850.598 22284 12.680
1791415850.605 22290 11.224
1791415850.607 22292 12.437
1791415850.614 22300 10.340
1791415850.616 22298 13.258
1791415850.623 22308 10.180
1791415850.625 22306 13.524
1791415850.631 22314 11.228
1791415850.633 22316 11.149
1791415850.639 22322 10.063
1791415850.641 22324 9.876
1791415850.645 22330 7.037
1791415850.647 22332 6.759
1791415850.652 22338 5.846
1791415850.659 22340 10.457
1791415850.665 22346 6.693
1791415850.667 22348 8.575
1791415850.671 22354 6.231
1791415850.673 22356 5.946
1791415850.680 22362 5.753
1791415850.687 22364 8.847
1791415850.694 22370 9.615
1791415850.696 22372 10.553
1791415850.700 22380 5.596
1791415850.702 22378 8.421
1791415850.707 22386 5.575
1791415850.715 22388 11.534
1791415850.719 22396 5.897
1791415850.721 22394 10.767
1791415850.725 22402 5.666
1791415850.727 22404 5.481
1791415850.734 22410 5.732
1791415850.743 22412 11.883
1791415850.753 22420 12.043
1791415850.755 22418 14.297
1791415850.758 22426 11.548
1791415850.760 22428 11.025
1791415850.767 22436 9.366
1791415850.769 22434 13.389
1791415850.774 22444 6.863
1791415850.776 22442 10.673
1791415850.780 22452 3.719
1791415850.782 22450 6.632
1791415850.793 22458 9.552
1791415850.797 22460 11.217
1791415850.804 22466 9.594
1791415850.806 22468 11.436
1791415850.813 22474 9.127
1791415850.815 22476 10.908
1791415850.822 22482 9.275
1791415850.824 22484 11.006
1791415850.831 22490 9.072
1791415850.833 22492 10.908
1791415850.840 22500 8.751
1791415850.842 22498 11.101
1791415850.852 22506 11.456
1791415850.854 22508 13.214
1791415850.861 22516 11.327
1791415850.863 22514 13.489
1791415850.870 22522 11.185
1791415850.872 22524 13.045
1791415850.878 22530 11.229
1791415850.880 22532 10.265
1791415850.887 22538 11.251
1791415850.889 22540 12.341
1791415850.896 22546 11.799
1791415850.898 22548 12.780
1791415850.905 22554 11.683
1791415850.907 22556 12.553
1791415850.915 22564 11.605
1791415850.917 22562 13.850
1791415850.921 22570 10.171
1791415850.923 22572 9.467
1791415850.929 22580 6.839
1791415850.931 22578 11.119
1791415850.937 22586 7.798
1791415850.942 22588 11.388
1791415850.947 22594 8.589
1791415850.949 22596 8.899
1791415850.959 22604 9.486
1791415850.961 22602 13.640
1791415850.964 22610 7.598
1791415850.966 22612 7.541
1791415850.971 22618 6.321
1791415850.978 22620 8.713
1791415850.982 22628 5.537
1791415850.984 22626 8.058
1791415850.992 22634 8.185
1791415850.994 22636 7.911
1791415851.004 22642 11.409
1791415851.006 22644 11.111
1791415851.010 22650 8.353
1791415851.012 22652 8.073
1791415851.019 22658 7.930
1791415851.025 22660 11.285
1791415851.029 22666 8.646
1791415851.031 22668 8.155
1791415851.034 22674 5.649
1791415851.043 22676 10.972
1791415851.048 22684 7.469
1791415851.050 22682 11.691
1791415851.054 22692 4.789
1791415851.056 22690 8.640
1791415851.061 22698 4.634
1791415851.070 22700 11.193
1791415851.078 22708 9.970
1791415851.080 22706 12.152
1791415851.088 22716 11.221
1791415851.090 22714 13.392
1791415851.098 22724 11.426
1791415851.100 22722 13.738
1791415851.105 22732 9.384
1791415851.107 22730 11.564
1791415851.111 22740 6.382
1791415851.113 22738 11.079
1791415851.116 22746 5.638
1791415851.119 22748 5.498
1791415851.124 22754 3.704
1791415851.133 22756 9.142
1791415851.140 22764 8.324
1791415851.142 22762 11.308
1791415851.146 22770 6.653
1791415851.148 22772 7.714
1791415851.155 22780 5.889
1791415851.159 22778 12.217
1791415851.162 22786 5.836
1791415851.172 22788 12.210
1791415851.176 22796 8.262
1791415851.178 22794 12.354
1791415851.183 22804 5.951
1791415851.185 22802 8.248
1791415851.189 22810 5.610
1791415851.197 22812 11.119
1791415851.202 22818 9.111
1791415851.204 22820 8.915
1791415851.209 22826 6.590
1791415851.211 22828 7.150
1791415851.216 22834 4.879
1791415851.225 22836 11.598
1791415851.231 22844 8.408
1791415851.233 22842 11.247
1791415851.237 22850 6.272
1791415851.239 22852 7.632
1791415851.244 22858 5.390
1791415851.250 22860 8.741
1791415851.261 22868 11.860
1791415851.263 22866 14.034
1791415851.269 22874 9.997
1791415851.271 22876 11.844
1791415851.275 22882 8.971
1791415851.277 22884 7.287
1791415851.282 22890 6.679
1791415851.284 22892 6.791
1791415851.292 22900 5.932
1791415851.294 22898 9.858
1791415851.297 22906 3.792
1791415851.305 22908 8.291
1791415851.312 22914 9.366
1791415851.314 22916 10.279
1791415851.322 22924 8.574
1791415851.324 22922 11.375
1791415851.328 22932 5.672
1791415851.330 22930 8.635
1791415851.337 22938 8.292
1791415851.339 22940 8.045
1791415851.347 22946 8.347
1791415851.353 22948 11.552
1791415851.358 22956 7.624
1791415851.360 22954 12.351
1791415851.366 22964 6.983
1791415851.368 22962 10.683
1791415851.373 22970 7.109
1791415851.375 22972 6.845
1791415851.379 22978 4.648
1791415851.389 22980 9.378
1791415851.391 22986 7.006
1791415851.400 22988 11.587
1791415851.402 22994 9.146
1791415851.409 23002 7.483
1791415851.411 22996 14.076
1791415851.418 23010 6.671
1791415851.420 23004 12.781
1791415851.425 23012 9.687
1791415851.427 23018 6.935
1791415851.436 23020 10.995
1791415851.438 23026 8.962
1791415851.442 23028 9.985
1791415851.449 23034 10.579
1791415851.451 23036 9.839
1791415851.455 23042 6.755
1791415851.457 23044 6.892
1791415851.462 23050 4.975
1791415851.471 23052 11.492
1791415851.480 23060 11.355
1791415851.482 23058 13.544
1791415851.489 23068 11.359
1791415851.491 23066 13.573
1791415851.498 23076 11.590
1791415851.500 23074 13.790
1791415851.505 23084 8.923
1791415851.507 23082 13.582
1791415851.511 23090 9.410
1791415851.513 23092 9.144
1791415851.517 23098 5.805
1791415851.524 23100 9.882
1791415851.534 23106 11.462
1791415851.536 23108 13.307
1791415851.540 23116 8.394
1791415851.542 23114 12.470
1791415851.547 23124 6.097
1791415851.549 23122 10.376
1791415851.553 23130 5.659
1791415851.559 23132 8.634
1791415851.568 23138 9.173
1791415851.570 23140 10.997
1791415851.580 23148 11.029
1791415851.582 23146 13.324
1791415851.584 23156 6.878
1791415851.586 23154 11.389
1791415851.591 23162 6.750
1791415851.593 23164 6.599
1791415851.599 23170 5.601
1791415851.607 23172 11.167
1791415851.616 23178 11.369
1791415851.618 23180 13.231
1791415851.625 23186 11.895
1791415851.627 23188 13.680
1791415851.632 23194 9.543
1791415851.634 23196 11.362
1791415851.639 23204 6.938
1791415851.641 23202 11.030
1791415851.644 23210 5.910
1791415851.646 23212 5.628
1791415851.656 23218 7.886
1791415851.662 23220 11.029
1791415851.671 23228 11.093
1791415851.673 23226 13.511
1791415851.680 23234 11.356
1791415851.682 23236 13.199
1791415851.687 23244 8.193
1791415851.689 23242 13.438
1791415851.691 23250 7.360
1791415851.693 23252 7.095
1791415851.702 23258 9.233
1791415851.704 23260 8.938
1791415851.712 23268 7.249
1791415851.714 23266 11.536
1791415851.721 23274 9.356
1791415851.723 23276 9.096
1791415851.730 23284 6.963
1791415851.732 23282 11.244
1791415851.737 23290 7.171
1791415851.744 23292 11.654
1791415851.748 23298 8.865
1791415851.750 23300 8.072
1791415851.754 23306 6.040
1791415851.756 23308 5.774
1791415851.763 23314 6.017
1791415851.770 23316 8.936
1791415851.779 23324 10.464
1791415851.781 23322 13.414
1791415851.784 23332 6.405
1791415851.786 23330 10.705
1791415851.790 23338 5.792
1791415851.798 23340 10.653
1791415851.807 23348 11.169
1791415851.809 23346 13.325
1791415851.815 23354 11.282
1791415851.817 23356 11.027
1791415851.824 23364 10.505
1791415851.826 23362 13.283
1791415851.833 23372 10.186
1791415851.835 23370 12.589
1791415851.843 23378 11.471
1791415851.845 23380 12.716
1791415851.852 23388 10.642
1791415851.854 23386 13.430
1791415851.857 23394 7.035
1791415851.859 23396 8.911
1791415851.864 23404 4.960
1791415851.866 23402 9.233
1791415851.871 23410 4.670
1791415851.880 23412 11.095
1791415851.889 23418 10.860
1791415851.891 23420 12.682
1791415851.899 23426 11.855
1791415851.901 23428 13.703
1791415851.905 23436 7.950
1791415851.907 23434 12.913
1791415851.913 23444 7.969
1791415851.915 23442 12.187
1791415851.918 23450 4.333
1791415851.925 23452 11.301
1791415851.930 23460 5.678
1791415851.932 23458 10.835
1791415851.935 23466 5.635
1791415851.944 23468 10.942
1791415851.949 23476 7.257
1791415851.951 23474 11.663
1791415851.955 23482 6.580
1791415851.957 23484 6.347
1791415851.963 23490 5.579
1791415851.970 23492 9.809
1791415851.978 23498 10.992
1791415851.980 23500 10.453
1791415851.983 23508 4.818
1791415851.985 23506 9.360
1791415851.994 23514 9.340
1791415851.996 23516 9.088
1791415852.003 23524 7.095
1791415852.005 23522 11.350
1791415852.010 23530 7.504
1791415852.014 23532 9.391
1791415852.021 23538 9.191
1791415852.023 23540 7.779
1791415852.030 23546 8.876
1791415852.032 23548 8.941
1791415852.036 23556 3.601
1791415852.038 23554 7.612
1791415852.047 23562 8.124
1791415852.053 23564 10.691
1791415852.062 23570 11.645
1791415852.064 23572 13.488
1791415852.071 23578 11.712
1791415852.073 23580 13.554
1791415852.080 23586 11.794
1791415852.082 23588 13.650
1791415852.090 23596 11.465
1791415852.092 23594 14.071
1791415852.095 23602 10.163
1791415852.097 23604 9.797
1791415852.101 23612 4.740
1791415852.103 23610 8.753
1791415852.107 23618 4.587
1791415852.122 23620 11.971
1791415852.124 23628 9.609
1791415852.126 23626 13.868
1791415852.128 23634 7.273
1791415852.131 23636 8.276
1791415852.138 23642 6.503
1791415852.140 23644 7.603
1791415852.144 23650 5.374
1791415852.153 23652 11.225
1791415852.158 23658 9.230
1791415852.160 23660 6.179
1791415852.163 23666 5.864
1791415852.165 23668 5.607
1791415852.170 23674 3.589
1791415852.179 23676 9.199
1791415852.186 23684 8.189
1791415852.188 23682 11.063
1791415852.198 23690 11.058
1791415852.200 23692 12.649
1791415852.202 23698 8.712
1791415852.204 23700 8.044
1791415852.209 23706 5.968
1791415852.216 23708 10.129
1791415852.225 23714 11.951
1791415852.227 23716 12.868
1791415852.230 23722 6.595
1791415852.232 23724 8.461
1791415852.236 23732 3.524
1791415852.238 23730 7.395
1791415852.245 23738 5.836
1791415852.251 23740 9.063
1791415852.258 23748 6.736
1791415852.260 23746 11.559
1791415852.264 23756 4.397
1791415852.266 23754 8.052
1791415852.276 23764 6.921
1791415852.278 23762 11.175
1791415852.285 23770 9.399
1791415852.287 23772 9.152
1791415852.291 23778 6.101
1791415852.297 23780 9.770
1791415852.303 23786 9.174
1791415852.305 23788 7.899
1791415852.312 23796 7.083
1791415852.314 23794 11.013
1791415852.320 23804 5.656
1791415852.322 23802 9.936
1791415852.326 23810 4.815
1791415852.332 23812 8.213
1791415852.338 23820 5.577
1791415852.340 23818 9.812
1791415852.348 23828 5.969
1791415852.350 23826 10.043
1791415852.355 23834 6.728
1791415852.361 23836 10.457
1791415852.368 23844 8.573
1791415852.370 23842 11.649
1791415852.377 23852 8.280
1791415852.379 23850 11.022
1791415852.384 23858 7.872
1791415852.386 23860 7.145
1791415852.393 23866 7.903
1791415852.398 23868 9.960
1791415852.407 23874 11.851
1791415852.409 23876 12.225
1791415852.414 23882 9.295
1791415852.416 23884 10.412
1791415852.425 23890 11.523
1791415852.427 23892 12.626
1791415852.430 23898 8.526
1791415852.432 23900 8.267
1791415852.436 23908 3.575
1791415852.438 23906 7.847
1791415852.445 23914 5.802
1791415852.451 23916 9.257
1791415852.463 23924 11.663
1791415852.465 23922 13.850
1791415852.470 23932 10.339
1791415852.472 23930 13.739
1791415852.477 23940 7.855
1791415852.479 23938 10.504
1791415852.484 23946 8.219
1791415852.490 23948 11.050
1791415852.500 23954 12.319
1791415852.502 23956 14.177
1791415852.508 23962 11.550
1791415852.510 23964 13.408
1791415852.515 23970 9.487
1791415852.517 23972 11.320
1791415852.526 23978 11.829
1791415852.528 23980 13.681
1791415852.535 23988 11.523
1791415852.537 23986 13.693
1791415852.541 23996 7.854
1791415852.543 23994 11.932
1791415852.547 24002 6.143
1791415852.549 24004 6.785
1791415852.557 24010 8.181
1791415852.559 24012 7.934
1791415852.564 24018 5.785
1791415852.569 24020 8.715
1791415852.578 24028 8.353
1791415852.580 24026 11.459
1791415852.589 24036 10.526
1791415852.591 24034 13.132
1791415852.594 24042 7.247
1791415852.596 24044 8.311
1791415852.600 24052 3.540
1791415852.602 24050 7.845
1791415852.609 24058 5.984
1791415852.615 24060 8.489
1791415852.724 24068 109.290
1791415852.726 24066 113.267
1791415852.729 24076 105.369
1791415852.731 24084 98.290
1791415852.734 24092 91.741
1791415852.736 24100 84.656
1791415852.738 24108 77.569
1791415852.740 24116 70.468
1791415852.742 24124 63.381
1791415852.744 24132 56.242
1791415852.746 24140 49.166
1791415852.748 24148 42.093
1791415852.750 24156 34.867
1791415852.752 24074 130.236
1791415852.754 24082 123.203
1791415852.756 24090 116.104
1791415852.758 24098 109.034
1791415852.760 24106 101.906
1791415852.762 24114 94.819
1791415852.764 24122 87.729
1791415852.766 24130 80.639
1791415852.768 24138 73.395
1791415852.770 24146 66.450
1791415852.772 24154 59.354
1791415852.775 24164 51.166
1791415852.777 24172 43.358
1791415852.779 24180 37.207
1791415852.781 24188 30.087
1791415852.783 24196 20.195
1791415852.785 24162 61.372
1791415852.787 24170 53.808
1791415852.789 24178 49.378
1791415852.791 24186 40.268
1791415852.793 24194 35.337
1791415852.795 24202 28.241
1791415852.798 24204 28.416
1791415852.800 24212 20.682
1791415852.802 24220 14.432
1791415852.804 24210 27.659
1791415852.806 24218 20.712
1791415852.809 24228 12.070
1791415852.811 24226 16.370
1791415852.814 24234 10.021
1791415852.816 24236 9.812
1791415852.820 24242 7.338
1791415852.827 24244 12.521
1791415852.836 24250 11.478
1791415852.838 24252 13.333
1791415852.845 24258 11.610
1791415852.847 24260 13.298
1791415852.850 24268 6.705
1791415852.852 24266 11.774
1791415852.855 24274 6.032
1791415852.857 24276 5.776
1791415852.866 24282 8.224
1791415852.872 24284 10.686
1791415852.877 24292 7.211
1791415852.879 24290 11.144
1791415852.882 24300 3.811
1791415852.884 24298 7.866
1791415852.889 24306 3.678
1791415852.898 24308 9.243
1791415852.902 24314 6.213
1791415852.904 24316 7.533
1791415852.909 24322 5.653
1791415852.916 24324 9.319
1791415852.927 24332 11.563
1791415852.929 24330 13.736
1791415852.934 24340 9.961
1791415852.936 24338 12.119
1791415852.940 24346 9.093
1791415852.942 24348 8.788
1791415852.948 24356 5.482
1791415852.950 24354 9.275
1791415852.956 24362 6.581
1791415852.965 24364 11.958
1791415852.967 24370 9.175
1791415852.974 24372 11.380
1791415852.976 24378 9.070
1791415852.979 24380 9.276
1791415852.986 24388 7.091
1791415852.988 24386 11.011
1791415852.992 24394 6.827
1791415852.994 24396 6.585
1791415853.004 24404 6.864
1791415853.006 24402 11.121
1791415853.012 24410 8.019
1791415853.017 24412 11.448
1791415853.027 24418 11.337
1791415853.029 24420 13.143
1791415853.036 24426 11.416
1791415853.038 24428 13.241
1791415853.045 24436 11.762
1791415853.047 24434 13.918
1791415853.054 24444 11.151
1791415853.056 24442 13.339
1791415853.064 24450 12.327
1791415853.066 24452 14.135
1791415853.072 24460 11.620
1791415853.074 24458 13.828
1791415853.081 24468 11.150
1791415853.083 24466 13.317
1791415853.090 24474 11.438
1791415853.092 24476 13.155
1791415853.099 24484 10.307
1791415853.101 24482 14.417
1791415853.104 24492 6.372
1791415853.106 24490 11.140
1791415853.112 24498 8.010
1791415853.118 24500 11.613
1791415853.124 24508 8.003
1791415853.126 24506 13.416
1791415853.129 24514 7.191
1791415853.131 24516 6.923
1791415853.138 24522 6.584
1791415853.149 24530 8.519
1791415853.151 24524 14.323
1791415853.153 24532 10.329
1791415853.163 24538 11.341
1791415853.165 24540 13.181
1791415853.172 24546 11.265
1791415853.174 24548 13.092
1791415853.179 24556 9.021
1791415853.181 24554 13.014
1791415853.184 24562 7.056
1791415853.186 24564 6.803
1791415853.192 24570 6.775
1791415853.200 24572 11.490
1791415853.209 24580 11.402
1791415853.211 24578 13.644
1791415853.215 24588 8.663
1791415853.217 24586 12.673
1791415853.220 24596 4.530
1791415853.222 24594 8.078
1791415853.229 24604 4.930
1791415853.231 24602 9.188
1791415853.236 24610 4.866
1791415853.243 24612 9.165
1791415853.249 24620 6.628
1791415853.251 24618 10.727
1791415853.255 24628 3.500
1791415853.257 24626 7.671
1791415853.264 24634 5.960
1791415853.273 24636 11.760
1791415853.277 24642 9.134
1791415853.279 24644 8.504
1791415853.289 24650 11.192
1791415853.291 24652 11.788
1791415853.295 24658 8.486
1791415853.297 24660 9.183
1791415853.302 24666 6.998
1791415853.309 24668 11.093
1791415853.318 24674 11.382
1791415853.320 24676 13.237
1791415853.325 24684 8.300
1791415853.327 24682 13.443
1791415853.330 24692 5.089
1791415853.332 24690 9.373
1791415853.338 24698 6.976
1791415853.347 24700 11.837
1791415853.349 24706 8.975
1791415853.357 24708 11.343
1791415853.359 24714 9.263
1791415853.366 24716 11.438
1791415853.368 24722 9.137
1791415853.373 24724 11.764
1791415853.378 24730 10.004
1791415853.380 24732 9.250
1791415853.384 24738 6.910
1791415853.386 24740 6.781
1791415853.393 24746 6.802
1791415853.405 24754 9.851
1791415853.407 24748 14.466
1791415853.409 24756 12.142
1791415853.412 24762 8.046
1791415853.417 24764 10.426
1791415853.421 24772 4.674
1791415853.423 24770 6.820
1791415853.428 24780 3.503
1791415853.430 24778 7.549
1791415853.440 24786 8.304
1791415853.446 24788 11.386
1791415853.452 24796 8.337
1791415853.454 24794 13.242
1791415853.459 24802 9.353
1791415853.461 24804 9.169
1791415853.469 24812 7.579
1791415853.471 24810 11.848
1791415853.475 24818 6.994
1791415853.484 24826 7.092
1791415853.486 24820 13.623
1791415853.492 24834 5.914
1791415853.494 24828 13.526
1791415853.501 24836 11.480
1791415853.507 24844 8.164
1791415853.509 24842 13.002
1791415853.513 24852 6.947
1791415853.515 24850 10.868
1791415853.521 24858 7.965
1791415853.524 24860 7.914
1791415853.529 24866 6.196
1791415853.536 24868 11.590
1791415853.543 24876 9.262
1791415853.545 24874 11.431
1791415853.554 24884 10.703
1791415853.556 24882 13.170
1791415853.559 24892 6.950
1791415853.561 24890 9.681
1791415853.568 24898 9.412
1791415853.570 24900 9.139
1791415853.576 24906 7.824
1791415853.578 24908 7.557
1791415853.584 24914 6.876
1791415853.593 24916 11.304
1791415853.595 24922 8.584
1791415853.602 24924 11.323
1791415853.604 24930 9.011
1791415853.610 24932 11.985
1791415853.616 24938 11.550
1791415853.618 24940 11.272
1791415853.621 24946 7.272
1791415853.623 24948 7.032
1791415853.627 24954 4.734
1791415853.636 24956 11.473
1791415853.646 24964 11.467
1791415853.648 24962 13.644
1791415853.655 24972 11.118
1791415853.657 24970 13.337
1791415853.660 24978 9.776
1791415853.662 24980 10.087
1791415853.668 24986 9.195
1791415853.670 24988 8.922
1791415853.678 24994 9.693
1791415853.680 24996 9.424
1791415853.687 25002 9.538
1791415853.689 25004 9.931
1791415853.695 25010 9.303
1791415853.697 25012 7.800
1791415853.705 25020 7.188
1791415853.707 25018 11.251
1791415853.711 25026 6.123
1791415853.713 25028 6.042
1791415853.722 25034 8.395
1791415853.728 25036 11.232
1791415853.732 25044 6.349
1791415853.734 25042 11.142
1791415853.738 25052 3.848
1791415853.740 25050 8.129
1791415853.747 25058 5.877
1791415853.754 25066 3.705
1791415853.756 25060 11.150
1791415853.763 25074 3.830
1791415853.765 25068 11.372
1791415853.772 25076 8.274
1791415853.776 25082 6.949
1791415853.778 25084 8.046
1791415853.783 25090 5.906
1791415853.790 25092 10.205
1791415853.795 25098 8.571
1791415853.797 25100 7.909
1791415853.801 25108 3.736
1791415853.803 25106 8.012
1791415853.809 25114 4.285
1791415853.817 25116 8.463
1791415853.826 25122 11.408
1791415853.828 25124 12.390
1791415853.834 25132 8.719
1791415853.836 25130 11.585
1791415853.845 25138 11.260
1791415853.847 25140 12.470
1791415853.850 25148 6.190
1791415853.852 25146 8.333
1791415853.856 25154 5.709
1791415853.864 25156 11.147
1791415853.873 25162 11.326
1791415853.875 25164 13.186
1791415853.882 25172 11.227
1791415853.884 25170 13.396
1791415853.892 25180 11.680
1791415853.894 25178 13.837
1791415853.900 25188 11.137
1791415853.902 25186 13.285
1791415853.906 25196 7.436
1791415853.908 25194 12.002
1791415853.914 25204 7.191
1791415853.916 25202 11.488
1791415853.923 25210 9.000
1791415853.925 25212 8.741
1791415853.932 25220 7.158
1791415853.934 25218 11.424
1791415853.937 25226 4.569
1791415853.946 25228 11.228
1791415853.956 25236 11.523
1791415853.958 25234 13.711
1791415853.962 25242 10.996
1791415853.964 25244 10.378
1791415853.967 25252 5.277
1791415853.969 25250 9.559
1791415853.974 25258 5.428
1791415853.982 25260 9.623
1791415853.984 25266 6.843
1791415853.994 25274 7.117
1791415853.996 25268 13.281
1791415854.003 25276 14.273
1791415854.009 25282 11.342
1791415854.011 25284 12.832
1791415854.018 25290 11.295
1791415854.020 25292 12.620
1791415854.025 25298 9.584
1791415854.027 25300 10.731
1791415854.036 25308 10.528
1791415854.038 25306 13.422
1791415854.043 25314 9.550
1791415854.045 25316 10.575
1791415854.049 25324 5.553
1791415854.051 25322 7.690
1791415854.057 25332 4.185
1791415854.059 25330 8.473
1791415854.065 25338 5.799
1791415854.074 25340 11.509
1791415854.078 25346 8.624
1791415854.080 25348 7.642
1791415854.089 25354 10.556
1791415854.091 25356 10.865
1791415854.094 25362 6.819
1791415854.096 25364 6.594
1791415854.102 25370 5.871
1791415854.111 25372 11.108
1791415854.114 25380 7.034
1791415854.116 25378 10.673
1791415854.123 25386 8.979
1791415854.125 25388 9.084
1791415854.130 25394 6.952
1791415854.132 25396 6.672
1791415854.138 25402 5.541
1791415854.147 25404 11.286
1791415854.151 25412 5.748
1791415854.153 25410 10.757
1791415854.159 25418 8.256
1791415854.161 25420 7.988
1791415854.167 25426 7.161
1791415854.174 25428 9.485
1791415854.176 25434 7.169
1791415854.182 25436 11.268
1791415854.187 25444 6.162
1791415854.189 25442 10.819
1791415854.195 25452 5.682
1791415854.197 25450 9.914
1791415854.203 25458 6.864
1791415854.206 25460 8.064
1791415854.213 25468 5.576
1791415854.215 25466 8.374
1791415854.222 25474 7.675
1791415854.224 25476 7.423
1791415854.228 25482 4.585
1791415854.237 25484 9.060
1791415854.239 25490 6.893
1791415854.248 25492 11.217
1791415854.250 25498 9.032
1791415854.255 25500 11.583
1791415854.262 25506 9.090
1791415854.264 25508 10.925
1791415854.269 25516 6.560
1791415854.271 25514 10.897
1791415854.277 25522 8.183
1791415854.279 25524 7.935
1791415854.287 25532 6.026
1791415854.289 25530 11.159
1791415854.295 25540 5.419
1791415854.297 25538 9.698
1791415854.304 25546 8.296
1791415854.310 25548 11.155
1791415854.314 25556 6.509
1791415854.316 25554 10.726
1791415854.322 25562 8.269
1791415854.324 25564 8.057
1791415854.330 25570 7.005
1791415854.338 25578 6.084
1791415854.340 25572 13.969
1791415854.347 25580 11.377
1791415854.352 25586 9.617
1791415854.354 25588 9.173
1791415854.360 25596 6.862
1791415854.362 25594 10.323
1791415854.367 25602 7.291
1791415854.376 25604 11.597
1791415854.378 25610 9.241
1791415854.385 25612 11.334
1791415854.387 25618 8.858
1791415854.390 25620 9.316
1791415854.396 25628 6.637
1791415854.398 25626 11.136
1791415854.404 25634 8.053
1791415854.406 25636 7.752
1791415854.412 25642 6.501
1791415854.417 25644 9.034
1791415854.426 25650 9.452
1791415854.428 25652 11.132
1791415854.436 25660 9.079
1791415854.438 25658 11.355
1791415854.442 25668 5.657
1791415854.444 25666 10.745
1791415854.449 25674 5.148
1791415854.451 25676 6.675
1791415854.455 25682 4.565
1791415854.465 25684 12.088
1791415854.469 25690 9.188
1791415854.471 25692 8.912
1791415854.477 25698 7.793
1791415854.479 25700 7.576
1791415854.487 25706 9.509
1791415854.489 25708 9.259
1791415854.496 25716 7.131
1791415854.498 25714 11.413
1791415854.504 25722 7.441
1791415854.510 25724 11.229
1791415854.518 25730 11.429
1791415854.520 25732 12.389
1791415854.523 25738 8.538
1791415854.525 25740 8.283
1791415854.529 25748 3.648
1791415854.531 25746 7.868
1791415854.536 25754 3.723
1791415854.546 25756 9.317
1791415854.549 25762 3.544
1791415854.551 25764 5.417
1791415854.557 25770 5.898
1791415854.567 25772 11.295
1791415854.569 25778 8.805
1791415854.576 25786 6.721
1791415854.578 25780 12.824
1791415854.585 25794 7.257
1791415854.587 25788 13.961
1791415854.594 25796 11.458
1791415854.596 25802 9.037
1791415854.602 25804 12.036
1791415854.606 25812 7.006
1791415854.608 25810 11.111
1791415854.612 25820 4.683
1791415854.614 25818 8.787
1791415854.624 25826 9.450
1791415854.626 25828 9.205
1791415854.631 25834 7.571
1791415854.637 25836 11.497
1791415854.644 25842 10.910
1791415854.646 25844 10.760
1791415854.651 25850 9.125
1791415854.653 25852 8.986
1791415854.661 25860 7.485
1791415854.663 25858 11.774
1791415854.668 25866 7.746
1791415854.674 25868 11.262
1791415854.678 25876 5.387
1791415854.680 25874 11.106
1791415854.687 25882 8.651
1791415854.689 25884 8.741
1791415854.693 25892 3.433
1791415854.695 25890 7.725
1791415854.705 25898 8.242
1791415854.711 25900 11.429
1791415854.719 25908 10.917
1791415854.721 25906 13.138
1791415854.724 25914 9.482
1791415854.726 25916 9.199
1791415854.733 25924 6.760
1791415854.735 25922 11.040
1791415854.740 25930 7.008
1791415854.748 25938 5.828
1791415854.750 25932 13.262
1791415854.757 25940 10.985
1791415854.761 25946 9.246
1791415854.763 25948 9.549
1791415854.767 25956 4.954
1791415854.769 25954 9.246
1791415854.775 25962 5.323
1791415854.785 25970 6.980
1791415854.787 25964 13.228
1791415854.793 25978 5.974
1791415854.795 25972 14.083
1791415854.800 25980 10.741
1791415854.809 25986 12.241
1791415854.811 25988 11.963
1791415854.814 25996 5.670
1791415854.816 25994 9.966
1791415854.822 26002 6.979
1791415854.831 26010 6.927
1791415854.833 26004 13.365
1791415854.838 26012 11.328
1791415854.842 26018 8.653
1791415854.844 26020 8.889
1791415854.851 26026 8.996
1791415854.853 26028 8.974
1791415854.857 26036 3.586
1791415854.859 26034 6.501
1791415854.866 26042 6.024
1791415854.868 26044 5.782
1791415854.873 26050 3.424
1791415854.885 26052 11.621
1791415854.888 26060 6.150
1791415854.890 26058 11.206
1791415854.899 26066 10.738
1791415854.901 26068 10.935
1791415854.906 26076 7.192
1791415854.908 26074 10.538
1791415854.912 26082 6.161
1791415854.916 26084 6.710
1791415854.925 26090 8.880
1791415854.927 26092 9.981
1791415854.937 26100 10.502
1791415854.939 26098 13.151
1791415854.946 26106 11.230
1791415854.948 26108 12.409
1791415854.955 26114 11.247
1791415854.957 26116 12.338
1791415854.964 26124 10.206
1791415854.966 26122 13.237
1791415854.969 26132 5.197
1791415854.971 26130 10.699
1791415854.975 26138 5.931
1791415854.982 26140 9.500
1791415854.994 26148 11.603
1791415854.996 26146 13.764
1791415854.998 26154 10.121
1791415855.001 26156 8.395
1791415855.005 26164 5.970
1791415855.007 26162 8.649
1791415855.013 26170 6.868
1791415855.020 26172 11.027
1791415855.029 26178 11.291
1791415855.031 26180 13.149
1791415855.036 26186 11.493
1791415855.038 26188 9.866
1791415855.041 26196 5.250
1791415855.043 26194 9.542
1791415855.049 26202 6.201
1791415855.055 26204 10.186
1791415855.064 26210 11.179
1791415855.066 26212 12.092
1791415855.070 26218 7.850
1791415855.072 26220 9.168
1791415855.075 26226 5.564
1791415855.083 26228 11.002
1791415855.092 26236 11.168
1791415855.094 26234 13.467
1791415855.102 26244 11.096
1791415855.104 26242 13.268
1791415855.111 26250 11.338
1791415855.113 26252 13.180
1791415855.120 26260 11.199
1791415855.122 26258 13.371
1791415855.127 26268 9.232
1791415855.129 26266 11.449
1791415855.134 26274 9.579
1791415855.136 26276 9.615
1791415855.140 26284 4.844
1791415855.142 26282 8.886
1791415855.149 26290 6.962
1791415855.159 26292 11.685
1791415855.161 26298 9.291
1791415855.165 26300 11.181
1791415855.168 26308 5.614
1791415855.170 26306 9.404
1791415855.177 26316 4.876
1791415855.179 26314 9.158
1791415855.186 26322 7.379
1791415855.190 26324 9.385
1791415855.198 26330 10.448
1791415855.200 26332 10.200
1791415855.206 26340 7.181
1791415855.208 26338 10.023
1791415855.215 26348 6.985
1791415855.217 26346 11.267
1791415855.220 26354 5.068
1791415855.227 26356 9.096
1791415855.233 26364 6.717
1791415855.235 26362 10.732
1791415855.241 26370 7.328
1791415855.243 26372 7.198
1791415855.246 26378 3.819
1791415855.253 26380 6.538
1791415855.262 26386 9.638
1791415855.264 26388 10.309
1791415855.272 26394 9.773
1791415855.274 26396 10.828
1791415855.281 26404 8.725
1791415855.283 26402 11.731
1791415855.287 26412 5.683
1791415855.289 26410 8.340
1791415855.297 26420 6.597
1791415855.299 26418 10.869
1791415855.305 26426 7.859
1791415855.307 26428 7.586
1791415855.313 26434 6.878
1791415855.320 26436 11.029
1791415855.329 26442 11.860
1791415855.331 26444 13.714
1791415855.334 26450 9.593
1791415855.336 26452 9.549
1791415855.340 26460 4.596
1791415855.342 26458 7.927
1791415855.351 26468 5.807
1791415855.353 26466 10.055
1791415855.360 26476 5.832
1791415855.362 26474 10.126
1791415855.366 26482 4.800
1791415855.375 26484 11.430
1791415855.385 26492 11.130
1791415855.387 26490 13.300
1791415855.391 26498 11.347
1791415855.393 26500 9.516
1791415855.396 26506 7.461
1791415855.398 26508 7.790
1791415855.405 26514 8.304
1791415855.411 26516 10.697
1791415855.418 26522 10.005
1791415855.420 26524 11.713
1791415855.428 26532 10.386
1791415855.430 26530 12.561
1791415855.439 26538 10.167
1791415855.441 26546 7.970
1791415855.443 26540 13.984
1791415855.446 26548 9.976
1791415855.452 26554 9.009
1791415855.454 26556 8.006
1791415855.463 26564 8.871
1791415855.465 26562 12.907
1791415855.469 26570 7.689
1791415855.471 26572 7.748
1791415855.477 26578 6.747
1791415855.486 26586 7.305
1791415855.488 26580 14.003
1791415855.495 26594 7.104
1791415855.497 26588 13.398
1791415855.505 26602 8.071
1791415855.507 26596 13.936
1791415855.512 26604 11.604
1791415855.515 26612 6.422
1791415855.517 26610 10.427
1791415855.523 26618 8.028
1791415855.531 26620 12.314
1791415855.534 26626 9.078
1791415855.536 26628 7.361
1791415855.543 26634 9.565
1791415855.545 26636 9.443
1791415855.549 26644 3.865
1791415855.551 26642 8.165
1791415855.558 26650 5.919
1791415855.564 26652 8.872
1791415855.570 26660 3.760
1791415855.572 26658 10.768
1791415855.576 26666 5.744
1791415855.582 26668 8.723
1791415855.591 26674 9.600
1791415855.593 26676 11.292
1791415855.598 26684 6.088
1791415855.600 26682 11.014
1791415855.604 26690 7.158
1791415855.607 26692 6.890
1791415855.613 26698 6.741
1791415855.623 26700 11.792
1791415855.625 26706 9.362
1791415855.628 26708 9.891
1791415855.634 26716 5.828
1791415855.636 26714 10.706
1791415855.642 26724 5.962
1791415855.644 26722 9.309
1791415855.650 26730 6.825
1791415855.658 26732 10.334
1791415855.660 26738 7.767
1791415855.666 26740 11.379
1791415855.671 26746 9.417
1791415855.673 26748 9.247
1791415855.680 26756 7.395
1791415855.682 26754 11.245
1791415855.685 26764 3.496
1791415855.687 26762 6.580
1791415855.697 26770 8.297
1791415855.702 26772 10.963
1791415855.713 26780 11.945
1791415855.715 26778 14.131
1791415855.719 26788 9.971
1791415855.721 26786 14.211
1791415855.724 26794 7.464
1791415855.729 26802 3.877
1791415855.731 26796 11.026
1791415855.737 26804 8.902
1791415855.748 26812 11.100
1791415855.750 26810 13.212
1791415855.758 26818 12.313
1791415855.760 26820 14.175
1791415855.763 26826 10.781
1791415855.765 26828 9.705
1791415855.769 26834 7.125
1791415855.771 26836 7.970
1791415855.776 26842 5.507
1791415855.785 26844 12.209
1791415855.789 26852 5.933
1791415855.791 26850 10.993
1791415855.799 26860 7.961
1791415855.801 26858 12.188
1791415855.804 26866 6.280
1791415855.806 26868 6.030
1791415855.811 26874 4.010
1791415855.823 26882 7.171
1791415855.825 26876 14.570
1791415855.829 26884 10.706
1791415855.832 26892 4.825
1791415855.834 26890 9.081
1791415855.839 26898 4.563
1791415855.848 26900 9.421
1791415855.850 26906 6.745
1791415855.859 26908 11.995
1791415855.861 26914 9.270
1791415855.869 26916 11.469
1791415855.871 26922 9.460
1791415855.878 26924 11.377
1791415855.880 26930 9.206
1791415855.885 26932 11.199
1791415855.891 26938 9.258
1791415855.893 26940 10.970
1791415855.898 26948 6.746
1791415855.900 26946 10.930
1791415855.906 26956 5.939
1791415855.908 26954 10.223
1791415855.913 26962 6.618
1791415855.920 26964 8.692
1791415855.929 26972 10.504
1791415855.931 26970 13.578
1791415855.934 26980 6.319
1791415855.936 26978 8.482
1791415855.942 26986 7.731
1791415855.948 26988 10.901
1791415855.953 26994 9.296
1791415855.955 26996 8.162
1791415855.959 27002 7.035
1791415855.961 27004 6.780
1791415855.971 27010 9.362
1791415855.973 27012 9.118
1791415855.980 27018 9.169
1791415855.982 27020 8.959
1791415855.989 27026 9.117
1791415855.991 27028 8.962
1791415855.995 27034 5.681
1791415855.999 27036 6.412
1791415856.008 27042 9.004
1791415856.010 27044 10.202
1791415856.018 27052 8.505
1791415856.020 27050 11.326
1791415856.024 27058 7.942
1791415856.026 27060 7.684
1791415856.033 27066 7.579
1791415856.039 27068 10.788
1791415856.048 27076 11.254
1791415856.050 27074 13.443
1791415856.056 27084 8.282
1791415856.058 27082 13.290
1791415856.060 27090 6.442
1791415856.063 27092 7.846
1791415856.071 27100 7.366
1791415856.073 27098 11.637
1791415856.078 27106 7.576
1791415856.084 27108 11.499
1791415856.091 27116 7.481
1791415856.093 27114 12.333
1791415856.096 27122 7.042
1791415856.098 27124 6.859
1791415856.105 27130 7.423
1791415856.107 27132 7.176
1791415856.112 27138 4.654
1791415856.124 27146 8.243
1791415856.126 27140 13.926
1791415856.132 27148 12.563
1791415856.138 27156 9.055
1791415856.140 27154 13.104
1791415856.145 27164 8.283
1791415856.147 27162 11.394
1791415856.156 27170 11.612
1791415856.158 27172 12.817
1791415856.166 27180 11.742
1791415856.169 27178 14.025
1791415856.171 27186 9.332
1791415856.173 27188 9.426
1791415856.179 27194 7.923
1791415856.181 27196 7.737
1791415856.188 27202 7.858
1791415856.192 27204 9.116
1791415856.200 27212 8.644
1791415856.202 27210 12.872
1791415856.207 27218 9.035
1791415856.209 27220 8.997
1791415856.214 27228 4.715
1791415856.216 27226 8.989
1791415856.222 27234 5.460
1791415856.229 27236 8.684
1791415856.235 27242 9.149
1791415856.237 27244 7.886
1791415856.241 27250 6.154
1791415856.243 27252 6.544
1791415856.250 27260 3.839
1791415856.252 27258 8.106
1791415856.261 27266 8.084
1791415856.264 27268 8.714
1791415856.271 27276 6.832
1791415856.273 27274 11.021
1791415856.280 27284 6.934
1791415856.282 27282 10.936
1791415856.288 27292 5.566
1791415856.290 27290 9.531
1791415856.292 27298 3.410
1791415856.303 27300 9.337
1791415856.305 27306 6.986
1791415856.310 27308 9.987
1791415856.316 27316 5.537
1791415856.318 27314 11.079
1791415856.324 27322 7.269
1791415856.326 27324 6.994
1791415856.332 27330 7.095
1791415856.339 27332 11.479
1791415856.349 27338 11.704
1791415856.351 27340 13.534
1791415856.356 27346 9.747
1791415856.358 27348 11.600
1791415856.367 27354 11.896
1791415856.369 27356 13.752
1791415856.373 27364 8.570
1791415856.375 27362 13.046
1791415856.379 27370 7.815
1791415856.381 27372 7.557
1791415856.387 27378 6.620
1791415856.392 27380 9.233
1791415856.403 27386 11.343
1791415856.405 27388 13.185
1791415856.411 27396 10.305
1791415856.413 27394 13.623
1791415856.419 27402 10.322
1791415856.421 27404 11.360
1791415856.425 27410 8.118
1791415856.427 27412 7.966
1791415856.431 27418 5.953
1791415856.433 27420 5.689
1791415856.443 27426 8.064
1791415856.448 27428 10.980
1791415856.455 27436 9.148
1791415856.457 27434 11.321
1791415856.464 27444 8.943
1791415856.466 27442 11.155
1791415856.476 27450 9.163
1791415856.478 27458 6.574
1791415856.480 27452 12.961
1791415856.483 27460 9.238
1791415856.491 27466 9.220
1791415856.493 27468 10.283
1791415856.500 27474 9.374
1791415856.502 27476 10.363
1791415856.511 27484 10.096
1791415856.513 27482 13.226
1791415856.516 27490 8.466
1791415856.518 27492 8.196
1791415856.523 27498 6.179
1791415856.528 27500 8.614
1791415856.537 27508 9.065
1791415856.539 27506 11.269
1791415856.549 27514 11.489
1791415856.551 27516 13.306
1791415856.554 27524 7.356
1791415856.556 27522 11.827
1791415856.566 27530 11.635
1791415856.568 27532 12.519
1791415856.573 27538 8.532
1791415856.575 27540 10.408
1791415856.582 27546 10.560
1791415856.584 27548 10.314
1791415856.589 27554 8.164
1791415856.591 27556 8.074
1791415856.596 27562 6.474
1791415856.601 27564 8.698
1791415856.608 27570 9.311
1791415856.610 27572 9.018
1791415856.615 27578 6.252
1791415856.617 27580 6.937
1791415856.624 27586 7.047
1791415856.629 27588 10.210
1791415856.636 27594 9.903
1791415856.638 27596 9.222
1791415856.642 27604 4.714
1791415856.644 27602 8.523
1791415856.655 27612 8.419
1791415856.657 27610 12.683
1791415856.659 27620 4.149
1791415856.661 27618 8.432
1791415856.668 27626 5.537
1791415856.676 27628 11.332
1791415856.680 27634 8.855
1791415856.682 27636 6.595
1791415856.686 27642 5.583
1791415856.688 27644 5.388
1791415856.699 27652 7.045
1791415856.702 27650 12.950
1791415856.708 27658 8.735
1791415856.710 27660 9.203
1791415856.716 27666 8.406
1791415856.718 27668 8.160
1791415856.725 27674 8.020
1791415856.729 27676 9.286
1791415856.735 27684 6.323
1791415856.737 27682 10.928
1791415856.743 27692 5.563
1791415856.745 27690 9.847
1791415856.749 27698 4.805
1791415856.754 27700 7.919
1791415856.761 27706 6.812
1791415856.763 27708 7.813
1791415856.768 27714 5.446
1791415856.776 27716 11.185
1791415856.783 27724 9.308
1791415856.785 27722 11.487
1791415856.795 27730 11.625
1791415856.797 27732 13.335
1791415856.803 27740 11.062
1791415856.805 27738 13.229
1791415856.808 27746 8.697
1791415856.810 27748 8.413
1791415856.815 27754 6.393
1791415856.817 27756 6.727
1791415856.827 27762 10.380
1791415856.829 27764 10.142
1791415856.835 27770 9.191
1791415856.837 27772 9.092
1791415856.845 27778 9.116
1791415856.847 27780 9.223
1791415856.850 27786 5.845
1791415856.858 27788 11.224
1791415856.867 27794 11.323
1791415856.869 27796 13.180
1791415856.874 27804 9.416
1791415856.876 27802 11.590
1791415856.884 27810 9.469
1791415856.886 27812 11.325
1791415856.890 27820 6.069
1791415856.892 27818 11.051
1791415856.897 27826 6.827
1791415856.899 27828 6.997
1791415856.906 27834 6.971
1791415856.915 27842 6.877
1791415856.917 27836 13.433
1791415856.922 27844 11.416
1791415856.929 27850 9.305
1791415856.931 27852 11.157
1791415856.940 27860 11.156
1791415856.942 27858 13.318
1791415856.948 27868 10.000
1791415856.950 27866 12.163
1791415856.955 27874 9.730
1791415856.957 27876 8.847
1791415856.961 27882 7.978
1791415856.963 27884 7.770
1791415856.968 27890 5.592
1791415856.974 27892 8.663
1791415856.986 27900 11.525
1791415856.988 27898 13.708
1791415856.992 27908 7.388
1791415856.994 27906 13.129
1791415856.997 27916 4.044
1791415856.999 27914 6.270
1791415857.006 27922 6.851
1791415857.012 27930 3.763
1791415857.014 27924 11.500
1791415857.020 27932 9.443
1791415857.025 27938 6.633
1791415857.027 27940 8.158
1791415857.032 27946 5.530
1791415857.040 27948 10.743
1791415857.044 27954 8.974
1791415857.046 27956 8.845
1791415857.051 27962 6.265
1791415857.053 27964 5.999
1791415857.059 27970 5.840
1791415857.068 27972 11.599
1791415857.072 27978 8.656
1791415857.074 27980 7.822
1791415857.081 27986 9.116
1791415857.083 27988 8.842
1791415857.090 27996 7.391
1791415857.092 27994 11.675
1791415857.099 28002 9.297
1791415857.101 28004 9.049
1791415857.109 28010 9.788
1791415857.111 28012 9.537
1791415857.116 28018 7.956
1791415857.122 28020 11.283
1791415857.130 28028 9.225
1791415857.132 28026 11.396
1791415857.136 28036 3.691
1791415857.138 28034 10.688
1791415857.142 28042 6.803
1791415857.144 28044 6.677
1791415857.154 28050 9.257
1791415857.156 28052 9.014
1791415857.163 28060 6.939
1791415857.165 28058 11.206
1791415857.172 28068 6.786
1791415857.174 28066 11.083
1791415857.180 28074 8.170
1791415857.186 28076 12.048
1791415857.194 28084 9.629
1791415857.196 28082 15.037
1791415857.200 28090 6.767
1791415857.205 28098 6.051
1791415857.207 28092 12.774
1791415857.213 28100 11.150
1791415857.219 28108 8.315
1791415857.221 28106 12.144
1791415857.226 28114 6.440
1791415857.228 28116 8.302
1791415857.231 28122 4.644
1791415857.238 28124 9.275
1791415857.244 28132 6.124
1791415857.246 28130 8.276
1791415857.253 28138 8.348
1791415857.255 28140 8.121
1791415857.262 28148 6.441
1791415857.264 28146 10.713
1791415857.276 28154 12.685
1791415857.278 28156 11.422
1791415857.284 28162 10.075
1791415857.286 28164 11.612
1791415857.293 28170 11.793
1791415857.295 28172 11.890
1791415857.300 28180 6.089
1791415857.302 28178 9.425
1791415857.309 28186 9.826
1791415857.316 28188 13.164
1791415857.319 28196 5.564
1791415857.321 28194 11.611
1791415857.326 28204 5.903
1791415857.328 28202 8.182
1791415857.335 28210 6.554
1791415857.340 28212 11.174
1791415857.346 28220 7.611
1791415857.348 28218 12.322
1791415857.353 28226 7.242
1791415857.355 28228 8.488
1791415857.361 28234 6.845
1791415857.365 28236 8.806
1791415857.379 28244 11.621
1791415857.382 28242 15.102
1791415857.384 28250 12.437
1791415857.387 28252 10.678
1791415857.390 28258 8.660
1791415857.392 28260 8.388
1791415857.396 28268 3.486
1791415857.398 28266 7.767
1791415857.407 28274 8.136
1791415857.413 28276 10.412
1791415857.417 28282 8.404
1791415857.419 28284 8.144
1791415857.424 28290 6.309
1791415857.431 28292 11.047
1791415857.440 28300 10.315
1791415857.442 28298 12.509
1791415857.445 28306 9.612
1791415857.447 28308 9.120
1791415857.452 28316 4.623
1791415857.454 28314 8.209
1791415857.459 28322 4.934
1791415857.468 28324 11.724
1791415857.474 28330 11.316
1791415857.476 28332 9.858
1791415857.479 28340 4.802
1791415857.481 28338 8.701
1791415857.488 28346 7.011
1791415857.497 28348 11.677
1791415857.499 28354 9.107
1791415857.505 28362 5.746
1791415857.507 28356 12.761
1791415857.514 28364 10.593
1791415857.516 28370 7.227
1791415857.525 28372 13.283
1791415857.528 28380 6.946
1791415857.530 28378 11.895
1791415857.534 28388 4.812
1791415857.536 28386 9.102
1791415857.545 28396 7.282
1791415857.547 28394 11.547
1791415857.554 28402 9.395
1791415857.556 28404 9.133
1791415857.561 28412 5.044
1791415857.563 28410 9.325
1791415857.570 28418 6.905
1791415857.579 28426 7.071
1791415857.581 28420 13.868
1791415857.591 28434 9.499
1791415857.593 28428 14.406
1791415857.595 28436 11.257
1791415857.598 28442 7.259
1791415857.603 28444 9.088
1791415857.612 28450 11.052
1791415857.614 28452 12.421
1791415857.621 28460 10.580
1791415857.623 28458 13.437
1791415857.626 28466 8.462
1791415857.628 28468 7.719
1791415857.632 28474 5.618
1791415857.641 28476 11.072
1791415857.650 28484 11.471
1791415857.652 28482 13.651
1791415857.655 28490 9.272
1791415857.657 28492 9.319
1791415857.661 28500 4.206
1791415857.663 28498 8.501
1791415857.668 28506 4.519
1791415857.676 28508 9.117
1791415857.686 28516 9.575
1791415857.688 28514 14.651
1791415857.691 28522 9.105
1791415857.693 28524 8.116
1791415857.696 28530 5.626
1791415857.704 28532 10.940
1791415857.709 28540 6.166
1791415857.711 28538 10.932
1791415857.715 28548 3.700
1791415857.717 28546 7.971
1791415857.724 28554 5.850
1791415857.730 28556 10.414
1791415857.740 28564 10.521
1791415857.742 28562 13.284
1791415857.749 28572 10.354
1791415857.751 28570 13.177
1791415857.753 28580 5.867
1791415857.755 28578 10.151
1791415857.761 28586 7.062
1791415857.771 28594 8.194
1791415857.773 28588 14.117
1791415857.778 28596 12.000
1791415857.786 28604 11.726
1791415857.788 28602 14.017
1791415857.796 28610 12.001
1791415857.798 28612 13.840
1791415857.801 28620 7.024
1791415857.803 28618 11.888
1791415857.809 28626 8.611
1791415857.811 28628 8.838
1791415857.815 28634 6.091
1791415857.820 28636 8.997
1791415857.831 28644 10.151
1791415857.833 28642 12.322
1791415857.838 28652 6.873
1791415857.840 28650 12.856
1791415857.844 28658 8.068
1791415857.846 28660 7.678
1791415857.856 28666 10.669
1791415857.858 28668 10.573
1791415857.865 28676 8.103
1791415857.867 28674 12.377
1791415857.871 28682 7.148
1791415857.873 28684 6.895
1791415857.879 28690 6.921
1791415857.888 28698 6.098
1791415857.890 28692 13.417
1791415857.894 28700 9.086
1791415857.901 28706 9.481
1791415857.903 28708 8.603
1791415857.908 28716 5.639
1791415857.910 28714 9.922
1791415857.918 28724 7.255
1791415857.920 28722 11.532
1791415857.927 28732 7.186
1791415857.929 28730 11.411
1791415857.937 28740 7.171
1791415857.939 28738 11.467
1791415857.944 28746 7.492
1791415857.946 28748 7.216
1791415857.952 28754 6.196
1791415857.958 28756 8.511
1791415857.967 28762 11.221
1791415857.969 28764 12.045
1791415857.975 28772 8.915
1791415857.977 28770 11.812
1791415857.986 28780 10.720
1791415857.988 28778 13.580
1791415857.995 28788 10.617
1791415857.997 28786 13.413
1791415858.004 28796 10.450
1791415858.006 28794 13.337
1791415858.009 28802 7.209
1791415858.011 28804 8.533
1791415858.015 28810 5.697
1791415858.021 28812 8.930
1791415858.030 28818 9.266
1791415858.032 28820 10.954
1791415858.039 28828 8.961
1791415858.041 28826 11.100
1791415858.046 28834 9.151
1791415858.048 28836 7.717
1791415858.055 28844 7.001
1791415858.057 28842 11.166
1791415858.063 28852 5.836
1791415858.065 28850 10.133
1791415858.070 28858 6.027
1791415858.074 28860 8.076
1791415858.084 28868 8.708
1791415858.086 28866 11.616
1791415858.090 28876 5.640
1791415858.092 28874 9.915
1791415858.100 28884 7.125
1791415858.102 28882 11.396
1791415858.108 28890 7.717
1791415858.114 28892 11.336
1791415858.124 28898 12.337
1791415858.126 28900 14.183
1791415858.132 28908 10.676
1791415858.134 28906 12.849
1791415858.141 28914 11.295
1791415858.143 28916 13.001
1791415858.148 28922 10.106
1791415858.150 28924 11.166
1791415858.158 28932 10.453
1791415858.160 28930 13.395
1791415858.165 28938 9.130
1791415858.167 28940 10.237
1791415858.177 28948 10.725
1791415858.179 28946 13.358
1791415858.182 28954 8.816
1791415858.184 28956 8.553
1791415858.188 28962 5.754
1791415858.194 28964 8.858
1791415858.205 28972 11.152
1791415858.207 28970 13.307
1791415858.214 28980 10.915
1791415858.216 28978 13.099
1791415858.222 28988 8.306
1791415858.224 28986 13.287
1791415858.227 28996 6.051
1791415858.229 28994 8.475
1791415858.233 29002 5.711
1791415858.241 29004 11.160
1791415858.248 29012 9.008
1791415858.250 29010 11.217
1791415858.258 29020 9.748
1791415858.260 29018 12.546
1791415858.267 29028 10.472
1791415858.269 29026 13.364
1791415858.277 29034 11.447
1791415858.279 29036 12.529
1791415858.286 29042 11.555
1791415858.288 29044 12.818
1791415858.292 29050 9.866
1791415858.294 29052 9.592
1791415858.299 29058 8.245
1791415858.301 29060 8.015
1791415858.308 29066 8.072
1791415858.312 29068 8.983
1791415858.319 29074 9.509
1791415858.321 29076 8.805
1791415858.327 29082 7.932
1791415858.329 29084 7.796
1791415858.334 29092 3.874
1791415858.336 29090 8.141
1791415858.343 29098 6.030
1791415858.347 29100 6.023
1791415858.359 29108 10.645
1791415858.361 29106 13.700
1791415858.365 29116 8.338
1791415858.367 29114 11.422
1791415858.375 29124 8.281
1791415858.377 29122 11.101
1791415858.382 29132 6.508
1791415858.384 29130 9.422
1791415858.388 29138 5.894
1791415858.396 29140 10.818
1791415858.400 29146 8.695
1791415858.402 29148 6.625
1791415858.406 29154 5.779
1791415858.408 29156 5.520
1791415858.418 29162 8.210
1791415858.424 29164 11.202
1791415858.428 29170 9.001
1791415858.430 29172 8.086
1791415858.434 29178 5.884
1791415858.436 29180 5.632
1791415858.445 29186 8.268
1791415858.450 29188 10.177
1791415858.455 29194 9.007
1791415858.457 29196 7.491
1791415858.463 29202 8.289
1791415858.468 29210 3.629
1791415858.470 29204 11.658
1791415858.479 29212 10.881
1791415858.483 29220 5.763
1791415858.485 29218 11.271
1791415858.489 29226 6.164
1791415858.491 29228 6.606
1791415858.501 29234 9.376
1791415858.503 29236 9.134
1791415858.508 29244 4.909
1791415858.510 29242 9.189
1791415858.515 29250 5.007
1791415858.523 29252 11.299
1791415858.528 29258 9.235
1791415858.530 29260 8.461
1791415858.536 29266 7.960
1791415858.538 29268 7.699
1791415858.543 29274 5.855
1791415858.550 29276 10.264
1791415858.560 29282 12.317
1791415858.562 29284 13.239
1791415858.567 29290 10.281
1791415858.569 29292 11.369
1791415858.572 29300 5.710
1791415858.574 29298 10.042
1791415858.583 29308 7.169
1791415858.585 29306 11.449
1791415858.590 29314 7.407
1791415858.596 29316 11.229
1791415858.605 29322 11.040
1791415858.607 29324 12.870
1791415858.610 29330 9.382
1791415858.612 29332 8.684
1791415858.623 29340 10.684
1791415858.625 29338 14.093
1791415858.629 29348 8.273
1791415858.631 29346 10.873
1791415858.636 29356 5.508
1791415858.638 29354 9.566
1791415858.644 29362 7.085
1791415858.653 29370 7.098
1791415858.655 29364 13.795
1791415858.660 29372 9.129
1791415858.662 29378 6.861
1791415858.672 29380 11.722
1791415858.674 29386 9.480
1791415858.679 29388 11.858
1791415858.686 29396 9.972
1791415858.688 29394 13.288
1791415858.695 29404 10.459
1791415858.697 29402 13.180
1791415858.701 29410 6.650
1791415858.703 29412 8.523
1791415858.707 29420 3.873
1791415858.709 29418 8.135
1791415858.716 29426 5.922
1791415858.725 29428 11.200
1791415858.728 29436 5.680
1791415858.730 29434 10.600
1791415858.736 29444 5.699
1791415858.738 29442 8.586
1791415858.745 29450 8.351
1791415858.751 29452 11.009
1791415858.758 29458 11.403
1791415858.760 29460 10.802
1791415858.762 29468 4.858
1791415858.764 29466 9.124
1791415858.770 29474 5.815
1791415858.779 29476 11.166
1791415858.781 29482 7.779
1791415858.787 29484 11.558
1791415858.797 29492 11.297
1791415858.799 29490 13.602
1791415858.804 29500 7.339
1791415858.806 29498 13.872
1791415858.811 29508 7.462
1791415858.813 29506 11.045
1791415858.819 29516 6.818
1791415858.821 29514 11.099
1791415858.827 29524 6.016
1791415858.829 29522 10.304
1791415858.833 29530 4.896
1791415858.845 29538 8.260
1791415858.849 29532 15.550
1791415858.851 29540 11.281
1791415858.855 29548 6.689
1791415858.857 29546 10.916
1791415858.865 29554 9.089
1791415858.867 29556 8.968
1791415858.872 29562 7.138
1791415858.880 29570 6.145
1791415858.882 29564 13.339
1791415858.886 29572 8.724
1791415858.892 29580 5.296
1791415858.894 29578 10.685
1791415858.900 29588 5.487
1791415858.902 29586 9.776
1791415858.908 29594 6.789
1791415858.917 29596 10.907
1791415858.919 29602 8.707
1791415858.927 29604 11.594
1791415858.929 29610 9.552
1791415858.933 29612 9.337
1791415858.935 29618 7.105
1791415858.940 29620 9.337
1791415858.951 29626 11.379
1791415858.953 29628 13.228
1791415858.961 29634 11.609
1791415858.963 29636 13.443
1791415858.970 29644 11.324
1791415858.972 29642 13.503
1791415858.974 29650 8.889
1791415858.976 29652 9.148
1791415858.989 29660 12.577
1791415858.991 29658 15.905
1791415858.996 29666 11.201
1791415858.998 29668 12.663
1791415859.004 29674 11.039
1791415859.006 29676 11.359
1791415859.008 29682 7.398
1791415859.010 29684 7.134
1791415859.017 29690 6.560
1791415859.024 29692 9.011
1791415859.026 29698 6.778
1791415859.035 29700 11.174
1791415859.037 29706 8.913
1791415859.041 29708 9.909
1791415859.046 29714 8.729
1791415859.048 29716 7.771
1791415859.052 29722 5.809
1791415859.054 29724 5.600
1791415859.061 29730 5.832
1791415859.071 29732 11.421
1791415859.075 29738 9.318
1791415859.077 29740 8.437
1791415859.083 29746 9.025
1791415859.085 29748 9.185
1791415859.092 29754 8.819
1791415859.094 29756 8.415
1791415859.097 29762 5.091
1791415859.106 29764 12.003
1791415859.110 29772 6.080
1791415859.112 29770 10.955
1791415859.116 29778 5.671
1791415859.124 29780 10.677
1791415859.133 29788 11.636
1791415859.135 29786 13.814
1791415859.142 29796 11.528
1791415859.144 29794 13.700
1791415859.152 29802 11.565
1791415859.154 29804 13.249
1791415859.160 29812 11.193
1791415859.162 29810 13.373
1791415859.165 29820 6.719
1791415859.167 29818 11.472
1791415859.174 29826 8.903
1791415859.176 29828 8.658
1791415859.182 29836 5.512
1791415859.184 29834 9.782
1791415859.189 29842 5.773
1791415859.197 29844 10.779
1791415859.202 29852 6.802
1791415859.204 29850 11.460
1791415859.208 29860 4.704
1791415859.210 29858 8.302
1791415859.218 29866 7.210
1791415859.224 29868 11.498
1791415859.229 29876 5.579
1791415859.231 29874 11.032
1791415859.238 29882 9.000
1791415859.240 29884 8.889
1791415859.243 29890 5.883
1791415859.245 29892 5.563
1791415859.255 29898 7.946
1791415859.259 29900 9.020
1791415859.265 29906 8.941
1791415859.267 29908 7.862
1791415859.273 29916 5.858
1791415859.275 29914 9.642
1791415859.285 29924 8.527
1791415859.287 29922 12.806
1791415859.294 29930 10.453
1791415859.296 29932 10.204
1791415859.300 29938 7.492
1791415859.302 29940 7.239
1791415859.307 29946 6.069
1791415859.316 29948 11.410
1791415859.320 29954 8.952
1791415859.322 29956 8.024
1791415859.326 29964 4.545
1791415859.329 29962 9.122
1791415859.336 29970 6.973
1791415859.338 29972 6.730
1791415859.345 29978 7.162
1791415859.352 29980 11.600
1791415859.356 29988 6.766
1791415859.358 29986 11.398
1791415859.365 29996 7.032
1791415859.367 29994 11.090
1791415859.372 30004 4.610
1791415859.374 30002 8.509
1791415859.378 30010 3.620
1791415859.385 30012 8.411
1791415859.391 30018 6.208
1791415859.393 30020 7.722
1791415859.400 30026 7.402
1791415859.402 30028 7.146
1791415859.410 30036 6.090
1791415859.412 30034 10.372
1791415859.416 30042 3.644
1791415859.422 30044 9.214
1791415859.432 30052 9.493
1791415859.434 30050 11.667
1791415859.438 30058 8.656
1791415859.440 30060 8.805
1791415859.451 30066 12.157
1791415859.453 30068 12.619
1791415859.456 30074 8.627
1791415859.458 30076 8.864
1791415859.464 30082 7.452
1791415859.466 30084 7.544
1791415859.472 30090 6.641
1791415859.478 30092 10.316
1791415859.485 30098 10.134
1791415859.487 30100 9.554
1791415859.492 30106 8.359
1791415859.494 30108 8.114
1791415859.499 30114 6.680
1791415859.503 30116 8.314
1791415859.510 30124 6.012
1791415859.512 30122 8.946
1791415859.517 30130 6.047
1791415859.523 30132 9.551
1791415859.532 30140 9.215
1791415859.534 30138 11.400
1791415859.543 30148 11.431
1791415859.545 30146 13.637
1791415859.552 30156 10.967
1791415859.554 30154 13.137
1791415859.559 30164 7.776
1791415859.561 30162 13.296
1791415859.563 30170 7.334
1791415859.565 30172 7.096
1791415859.572 30180 4.746
1791415859.574 30178 9.023
1791415859.581 30186 6.720
1791415859.583 30188 6.633
1791415859.588 30194 4.592
1791415859.600 30196 11.614
1791415859.602 30202 9.353
1791415859.609 30210 7.047
1791415859.611 30204 13.597
1791415859.616 30212 11.567
1791415859.623 30220 9.314
1791415859.625 30218 11.491
1791415859.635 30226 11.642
1791415859.637 30234 8.130
1791415859.639 30228 15.578
1791415859.643 30236 10.466
1791415859.647 30244 7.156
1791415859.649 30242 10.774
1791415859.654 30250 6.952
1791415859.656 30252 6.690
1791415859.663 30260 4.952
1791415859.665 30258 9.227
1791415859.676 30268 8.877
1791415859.678 30266 13.167
1791415859.682 30274 6.225
1791415859.684 30276 7.012
1791415859.690 30282 6.000
1791415859.696 30284 8.867
1791415859.702 30292 5.476
1791415859.704 30290 10.572
1791415859.711 30300 6.979
1791415859.713 30298 11.287
1791415859.719 30306 7.885
1791415859.721 30308 7.938
1791415859.724 30314 4.304
1791415859.733 30316 8.553
1791415859.742 30322 11.449
1791415859.744 30324 12.552
1791415859.751 30332 10.339
1791415859.753 30330 13.260
1791415859.760 30340 10.462
1791415859.762 30338 13.521
1791415859.769 30348 10.370
1791415859.771 30346 13.462
1791415859.774 30356 6.251
1791415859.776 30354 8.798
1791415859.784 30362 9.151
1791415859.787 30364 9.350
1791415859.794 30370 10.098
1791415859.796 30372 7.534
1791415859.802 30378 8.623
1791415859.804 30380 8.909
1791415859.808 30388 3.501
1791415859.810 30386 7.050
1791415859.821 30396 7.363
1791415859.823 30394 12.445
1791415859.828 30402 7.644
1791415859.832 30404 8.829
1791415859.843 30410 11.897
1791415859.845 30412 13.736
1791415859.853 30418 11.839
1791415859.855 30420 13.691
1791415859.859 30426 11.190
1791415859.861 30428 11.285
1791415859.867 30436 8.201
1791415859.869 30434 12.398
1791415859.873 30442 5.435
1791415859.875 30444 6.993
1791415859.880 30450 5.040
1791415859.891 30458 6.925
1791415859.893 30452 13.309
1791415859.898 30460 11.462
1791415859.903 30466 9.750
1791415859.905 30468 9.177
1791415859.914 30474 11.596
1791415859.916 30476 11.464
1791415859.923 30482 11.119
1791415859.925 30484 11.332
1791415859.929 30492 6.949
1791415859.931 30490 10.814
1791415859.937 30500 5.869
1791415859.939 30498 9.866
1791415859.947 30506 8.199
1791415859.952 30508 11.156
1791415859.956 30516 4.591
1791415859.958 30514 10.504
1791415859.962 30522 5.738
1791415859.964 30524 5.482
1791415859.974 30530 8.060
1791415859.980 30532 10.957
1791415859.986 30540 7.826
1791415859.988 30538 13.208
1791415859.991 30546 6.893
1791415859.993 30548 7.192
1791415860.000 30554 6.692
1791415860.007 30556 11.251
1791415860.016 30564 11.521
1791415860.018 30562 13.704
1791415860.026 30572 12.047
1791415860.028 30570 14.217
1791415860.033 30580 10.013
1791415860.035 30578 12.180
1791415860.038 30588 5.806
1791415860.040 30586 10.469
1791415860.045 30594 6.253
1791415860.047 30596 5.985
1791415860.053 30602 5.600
1791415860.060 30604 10.485
1791415860.067 30612 8.074
1791415860.069 30610 10.976
1791415860.079 30620 10.664
1791415860.081 30618 13.614
1791415860.085 30628 8.343
1791415860.087 30626 11.059
1791415860.095 30636 8.260
1791415860.097 30634 11.123
1791415860.106 30644 10.358
1791415860.108 30642 13.421
1791415860.110 30650 8.293
1791415860.112 30652 7.820
1791415860.117 30658 5.647
1791415860.125 30660 10.607
1791415860.129 30666 8.638
1791415860.131 30668 6.850
1791415860.136 30674 6.115
1791415860.138 30676 5.937
1791415860.142 30682 3.718
1791415860.149 30684 7.104
1791415860.158 30692 8.134
1791415860.160 30690 10.691
1791415860.170 30698 11.461
1791415860.172 30700 12.248
1791415860.179 30706 11.641
1791415860.181 30708 12.841
1791415860.188 30714 11.317
1791415860.190 30716 12.460
1791415860.197 30724 10.357
1791415860.199 30722 13.396
1791415860.204 30732 8.187
1791415860.206 30730 10.336
1791415860.210 30738 8.147
1791415860.216 30740 11.070
1791415860.220 30746 8.885
1791415860.222 30748 8.294
1791415860.227 30756 4.743
1791415860.229 30754 9.010
1791415860.236 30762 5.957
1791415860.245 30764 11.240
1791415860.248 30770 8.664
1791415860.250 30772 7.713
1791415860.262 30780 11.060
1791415860.264 30778 13.215
1791415860.268 30786 10.511
1791415860.270 30788 10.606
1791415860.275 30796 7.048
1791415860.277 30794 11.334
1791415860.283 30802 7.892
1791415860.289 30804 11.088
1791415860.293 30810 8.429
1791415860.295 30812 7.938
1791415860.299 30818 5.650
1791415860.305 30820 8.774
1791415860.314 30826 8.867
1791415860.316 30828 10.744
1791415860.325 30834 12.283
1791415860.327 30836 12.959
1791415860.329 30842 8.894
1791415860.331 30844 7.999
1791415860.335 30850 5.777
1791415860.344 30852 11.220
1791415860.353 30860 11.433
1791415860.355 30858 13.618
1791415860.360 30866 9.607
1791415860.362 30868 11.425
1791415860.371 30876 11.183
1791415860.373 30874 13.359
1791415860.378 30882 9.580
1791415860.380 30884 11.423
1791415860.387 30892 9.251
1791415860.389 30890 11.424
1791415860.396 30900 9.118
1791415860.398 30898 11.414
1791415860.406 30906 9.789
1791415860.408 30914 5.928
1791415860.410 30908 13.539
1791415860.419 30916 11.542
1791415860.421 30922 9.463
1791415860.428 30924 11.249
1791415860.430 30930 8.958
1791415860.437 30932 11.430
1791415860.439 30938 9.022
1791415860.446 30946 6.820
1791415860.448 30940 13.349
1791415860.455 30948 11.356
1791415860.457 30954 8.750
1791415860.464 30956 11.941
1791415860.466 30962 9.232
1791415860.474 30970 7.350
1791415860.476 30964 13.586
1791415860.483 30978 7.390
1791415860.485 30972 13.790
1791415860.490 30980 12.415
1791415860.499 30986 11.607
1791415860.501 30988 13.283
1791415860.504 30994 9.746
1791415860.506 30996 9.822
1791415860.508 31002 5.668
1791415860.510 31004 5.406
1791415860.517 31010 5.680
1791415860.523 31012 8.765
1791415860.532 31018 9.488
1791415860.534 31020 10.524
1791415860.538 31026 6.737
1791415860.540 31028 7.954
1791415860.546 31034 6.707
1791415860.553 31036 10.883
1791415860.561 31044 10.355
1791415860.563 31042 12.522
1791415860.566 31050 8.845
1791415860.568 31052 8.796
1791415860.572 31060 3.360
1791415860.574 31058 7.536
1791415860.584 31066 8.229
1791415860.590 31068 11.230
1791415860.598 31074 11.417
1791415860.601 31076 13.244
1791415860.604 31082 9.833
1791415860.606 31084 8.848
1791415860.611 31092 5.740
1791415860.613 31090 9.520
1791415860.619 31100 4.831
1791415860.621 31098 9.109
1791415860.629 31106 7.757
1791415860.634 31108 10.704
1791415860.640 31114 8.545
1791415860.642 31116 10.041
1791415860.651 31124 7.854
1791415860.653 31122 12.532
1791415860.660 31130 11.158
1791415860.662 31132 9.704
1791415860.666 31140 6.347
1791415860.668 31138 10.624
1791415860.676 31146 9.374
1791415860.678 31148 9.104
1791415860.683 31154 7.027
1791415860.689 31156 11.204
1791415860.696 31162 9.209
1791415860.698 31164 10.917
1791415860.708 31170 9.612
1791415860.710 31178 7.207
1791415860.712 31172 13.452
1791415860.717 31180 8.463
1791415860.720 31186 5.885
1791415860.722 31188 7.755
1791415860.728 31194 6.675
1791415860.732 31196 8.675
1791415860.742 31202 9.454
1791415860.744 31204 11.301
1791415860.748 31212 6.158
1791415860.750 31210 10.718
1791415860.755 31220 4.635
1791415860.757 31218 8.685
1791415860.761 31226 3.914
1791415860.769 31228 7.337
1791415860.777 31234 9.041
1791415860.779 31236 10.234
1791415860.787 31242 9.624
1791415860.789 31244 10.846
1791415860.793 31252 6.225
1791415860.795 31250 8.998
1791415860.802 31260 5.614
1791415860.804 31258 9.890
1791415860.809 31266 5.704
1791415860.817 31268 11.612
1791415860.822 31276 7.237
1791415860.824 31274 11.432
1791415860.828 31282 6.952
1791415860.830 31284 6.688
1791415860.837 31290 7.013
1791415860.839 31292 6.773
1791415860.846 31298 6.944
1791415860.856 31300 13.069
1791415860.860 31306 11.904
1791415860.863 31308 12.334
1791415860.868 31316 7.240
1791415860.870 31314 12.187
1791415860.876 31324 7.201
1791415860.879 31322 12.169
1791415860.882 31332 4.306
1791415860.884 31330 6.922
1791415860.892 31338 6.868
1791415860.899 31340 11.519
1791415860.904 31346 9.754
1791415860.906 31348 9.235
1791415860.910 31356 4.725
1791415860.912 31354 8.532
1791415860.919 31362 6.982
1791415860.926 31364 11.322
1791415860.931 31370 8.942
1791415860.933 31372 8.817
1791415860.939 31380 5.957
1791415860.941 31378 9.082
1791415860.948 31386 8.148
1791415860.953 31388 11.077
1791415860.961 31396 9.440
1791415860.963 31394 11.631
1791415860.967 31404 6.591
1791415860.969 31402 11.175
1791415860.973 31412 3.825
1791415860.975 31410 8.121
1791415860.981 31418 5.650
1791415860.991 31420 11.227
1791415860.996 31428 7.101
1791415860.998 31426 12.103
1791415861.002 31434 7.104
1791415861.004 31436 7.701
1791415861.011 31442 7.610
1791415861.017 31444 11.233
1791415861.021 31450 8.823
1791415861.023 31452 8.156
1791415861.030 31460 6.045
1791415861.032 31458 10.330
1791415861.036 31466 6.040
1791415861.043 31468 9.596
1791415861.049 31474 9.119
1791415861.051 31476 8.357
1791415861.056 31482 7.188
1791415861.058 31484 6.923
1791415861.065 31490 6.816
1791415861.072 31498 4.864
1791415861.074 31492 11.321
1791415861.084 31500 12.708
1791415861.086 31506 10.164
1791415861.090 31508 11.917
1791415861.094 31514 9.347
1791415861.096 31516 8.928
1791415861.100 31524 3.385
1791415861.102 31522 7.674
1791415861.110 31530 7.212
1791415861.118 31538 6.084
1791415861.120 31532 13.054
1791415861.127 31540 11.147
1791415861.131 31548 6.302
1791415861.133 31546 10.737
1791415861.144 31556 10.850
1791415861.146 31554 13.942
1791415861.153 31562 11.266
1791415861.155 31564 12.627
1791415861.161 31570 11.022
1791415861.164 31572 12.482
1791415861.166 31580 6.371
1791415861.168 31578 9.090
1791415861.173 31586 5.898
1791415861.181 31588 11.205
1791415861.190 31594 11.359
1791415861.192 31596 13.200
1791415861.197 31604 9.207
1791415861.199 31602 11.430
1791415861.203 31612 6.133
1791415861.205 31610 10.430
1791415861.209 31618 6.105
1791415861.211 31620 5.851
1791415861.221 31626 8.255
1791415861.226 31628 10.776
1791415861.232 31636 7.914
1791415861.234 31634 12.195
1791415861.238 31642 6.867
1791415861.240 31644 6.834
1791415861.246 31650 5.948
1791415861.252 31652 9.612
1791415861.258 31658 8.559
1791415861.260 31660 7.837
1791415861.267 31666 8.749
1791415861.269 31668 8.836
1791415861.273 31674 5.513
1791415861.275 31676 5.574
1791415861.286 31682 9.504
1791415861.288 31684 9.427
1791415861.296 31692 8.274
1791415861.298 31690 12.458
1791415861.302 31700 4.935
1791415861.304 31698 8.823
1791415861.311 31706 7.035
1791415861.315 31708 8.784
1791415861.322 31716 6.725
1791415861.324 31714 10.637
1791415861.328 31722 6.174
1791415861.330 31724 5.921
1791415861.339 31730 7.953
1791415861.345 31732 10.978
1791415861.349 31738 8.853
1791415861.351 31740 8.461
1791415861.358 31748 6.709
1791415861.360 31746 10.682
1791415861.364 31754 5.372
1791415861.366 31756 5.602
1791415861.376 31762 8.656
1791415861.378 31764 8.417
1791415861.386 31770 9.295
1791415861.388 31772 9.036
1791415861.393 31778 7.302
1791415861.398 31780 7.986
1791415861.403 31788 6.090
1791415861.405 31786 8.422
1791415861.411 31794 7.818
1791415861.417 31796 11.000
1791415861.425 31802 9.432
1791415861.427 31804 11.126
1791415861.430 31810 8.456
1791415861.432 31812 7.709
1791415861.437 31818 5.696
1791415861.445 31820 10.962
1791415861.452 31826 9.552
1791415861.454 31828 11.411
1791415861.463 31834 11.311
1791415861.465 31836 13.169
1791415861.471 31842 10.355
1791415861.473 31844 12.160
1791415861.479 31850 11.400
1791415861.481 31852 10.741
1791415861.488 31860 8.937
1791415861.490 31858 11.250
1791415861.495 31868 6.297
1791415861.497 31866 11.036
1791415861.504 31874 8.877
1791415861.506 31876 9.029
1791415861.509 31882 4.904
1791415861.511 31884 5.503
1791415861.519 31890 5.849
1791415861.529 31898 6.866
1791415861.531 31892 13.227
1791415861.534 31900 9.506
1791415861.540 31908 6.075
1791415861.542 31906 11.292
1791415861.550 31914 9.698
1791415861.552 31916 9.396
1791415861.556 31922 5.471
1791415861.558 31924 6.498
1791415861.564 31930 5.380
1791415861.571 31932 8.584
1791415861.580 31938 11.678
1791415861.582 31940 12.503
1791415861.590 31948 11.759
1791415861.593 31946 14.028
1791415861.599 31956 10.974
1791415861.601 31954 13.162
1791415861.604 31962 9.204
1791415861.606 31964 7.833
1791415861.612 31970 7.630
1791415861.614 31972 8.048
1791415861.621 31980 5.952
1791415861.623 31978 10.216
1791415861.631 31988 5.783
1791415861.633 31986 10.864
1791415861.640 31994 8.922
1791415861.642 31996 8.978
1791415861.647 32004 4.196
1791415861.649 32002 8.197
1791415861.657 32010 8.205
1791415861.664 32012 11.421
1791415861.668 32018 9.348
1791415861.670 32020 8.186
1791415861.676 32026 8.243
1791415861.678 32028 7.987
1791415861.686 32036 7.269
1791415861.688 32034 11.446
1791415861.694 32042 8.000
1791415861.700 32044 11.641
1791415861.704 32050 9.198
1791415861.706 32052 8.549
1791415861.715 32060 9.282
1791415861.717 32058 13.363
1791415861.723 32068 7.310
1791415861.725 32066 11.072
1791415861.730 32074 7.534
1791415861.736 32076 11.565
1791415861.740 32084 5.824
1791415861.742 32082 10.714
1791415861.748 32090 8.188
1791415861.750 32092 7.923
1791415861.755 32098 6.023
1791415861.765 32100 11.609
1791415861.772 32108 8.334
1791415861.774 32106 13.964
1791415861.777 32116 7.017
1791415861.779 32114 9.506
1791415861.788 32124 8.800
1791415861.790 32122 13.076
1791415861.796 32132 8.357
1791415861.798 32130 12.444
1791415861.805 32138 10.564
1791415861.807 32140 10.131
1791415861.812 32148 5.465
1791415861.814 32146 8.214
1791415861.819 32154 5.584
1791415861.823 32156 7.890
1791415861.835 32162 11.239
1791415861.837 32164 12.220
1791415861.847 32172 13.124
1791415861.849 32170 15.240
1791415861.854 32178 12.146
1791415861.856 32180 13.020
1791415861.858 32188 6.488
1791415861.860 32186 10.772
1791415861.865 32194 6.307
1791415861.867 32196 6.057
1791415861.874 32202 5.916
1791415861.883 32204 11.404
1791415861.887 32212 6.135
1791415861.889 32210 11.451
1791415861.893 32220 4.712
1791415861.895 32218 8.500
1791415861.902 32226 6.747
1791415861.907 32228 9.166
1791415861.916 32236 9.279
1791415861.918 32234 13.401
1791415861.922 32242 8.849
1791415861.924 32244 8.805
1791415861.929 32252 4.132
1791415861.931 32250 8.228
1791415861.937 32258 5.899
1791415861.944 32260 9.014
1791415861.950 32268 5.541
1791415861.952 32266 10.758
1791415861.961 32276 8.808
1791415861.963 32274 12.753
1791415861.967 32282 8.232
1791415861.969 32284 7.970
1791415861.974 32290 5.857
1791415861.980 32292 8.949
1791415861.992 32298 11.763
1791415861.994 32300 13.596
1791415861.997 32308 6.191
1791415861.999 32306 11.926
1791415862.003 32316 5.826
1791415862.005 32314 8.768
1791415862.011 32324 4.241
1791415862.013 32322 7.458
1791415862.019 32330 5.854
1791415862.026 32332 9.461
1791415862.032 32340 5.989
1791415862.034 32338 10.531
1791415862.040 32346 7.401
1791415862.042 32348 7.767
1791415862.052 32354 11.103
1791415862.054 32356 10.848
1791415862.060 32364 7.608
1791415862.062 32362 11.117
1791415862.064 32370 5.522
1791415862.073 32372 11.795
1791415862.082 32378 11.450
1791415862.084 32380 13.277
1791415862.089 32386 10.932
1791415862.091 32388 12.132
1791415862.094 32394 8.335
1791415862.096 32396 8.054
1791415862.103 32402 8.061
1791415862.105 32404 7.787
1791415862.111 32410 6.471
1791415862.119 32412 11.418
1791415862.124 32418 10.773
1791415862.128 32420 12.066
1791415862.131 32426 6.700
1791415862.133 32428 7.992
1791415862.138 32434 6.128
1791415862.147 32436 12.262
1791415862.154 32444 10.330
1791415862.156 32442 12.506
1791415862.164 32452 11.445
1791415862.166 32450 13.605
1791415862.169 32460 7.654
1791415862.171 32458 11.836
1791415862.175 32468 4.848
1791415862.177 32466 7.856
1791415862.184 32476 4.789
1791415862.186 32474 9.068
1791415862.196 32484 7.518
1791415862.198 32482 11.790
1791415862.201 32490 5.360
1791415862.210 32492 11.776
1791415862.216 32500 8.439
1791415862.218 32498 13.256
1791415862.221 32506 7.466
1791415862.223 32508 7.201
1791415862.227 32514 4.845
1791415862.234 32516 9.272
1791415862.241 32522 9.510
1791415862.243 32524 8.694
1791415862.250 32530 8.636
1791415862.252 32532 8.671
1791415862.254 32538 4.565
1791415862.264 32540 9.656
1791415862.266 32546 7.319
1791415862.270 32548 8.950
1791415862.280 32554 9.010
1791415862.282 32556 10.846
1791415862.289 32562 8.913
1791415862.291 32564 10.712
1791415862.297 32572 6.707
1791415862.299 32570 12.257
1791415862.303 32578 7.627
1791415862.305 32580 7.364
1791415862.309 32586 4.915
1791415862.319 32588 11.696
1791415862.328 32596 11.271
1791415862.330 32594 13.584
1791415862.338 32604 12.257
1791415862.340 32602 14.582
1791415862.343 32612 7.215
1791415862.345 32610 12.679
1791415862.350 32620 6.506
1791415862.352 32618 10.322
1791415862.360 32628 8.210
1791415862.363 32626 12.476
1791415862.366 32634 6.595
1791415862.368 32636 6.327
1791415862.378 32644 6.179
1791415862.380 32642 10.954
1791415862.387 32652 6.908
1791415862.389 32650 10.962
1791415862.393 32658 6.062
1791415862.395 32660 5.916
1791415862.402 32666 6.115
1791415862.410 32668 11.419
1791415862.416 32674 10.843
1791415862.418 32676 9.792
1791415862.423 32682 8.991
1791415862.425 32684 8.722
1791415862.433 32690 10.626
1791415862.435 32692 10.369
1791415862.441 32700 7.196
1791415862.443 32698 11.479
1791415862.447 32706 6.221
1791415862.454 32714 3.558
1791415862.456 32708 11.578
1791415862.465 32716 11.226
1791415862.468 32722 8.584
1791415862.470 32724 5.964
1791415862.476 32732 5.091
1791415862.478 32730 7.711
1791415862.484 32738 6.770
1791415862.495 32746 8.175
1791415862.497 32740 14.597
1791415862.499 32748 10.452
1791415862.510 32756 11.341
1791415862.512 32754 13.667
1791415862.518 32762 11.634
1791415862.520 32764 12.552
1791415862.522 32772 6.127
1791415862.524 32770 10.403
1791415862.530 32778 6.985
1791415862.532 32780 6.715
1791415862.541 32788 7.195
1791415862.543 32786 11.442
1791415862.549 32796 5.888
1791415862.551 32794 10.145
1791415862.558 32802 8.178
1791415862.564 32804 11.007
1791415862.572 32812 10.071
1791415862.574 32810 13.293
1791415862.576 32818 8.040
1791415862.578 32820 7.773
1791415862.587 32826 9.178
1791415862.589 32828 9.119
1791415862.593 32836 4.349
1791415862.595 32834 8.037
1791415862.602 32842 5.930
1791415862.611 32844 11.256
1791415862.614 32852 6.900
1791415862.616 32850 10.534
1791415862.622 32860 5.916
1791415862.624 32858 10.200
1791415862.634 32866 10.610
1791415862.638 32868 12.757
1791415862.641 32874 8.548
1791415862.646 32876 10.574
1791415862.655 32882 11.900
1791415862.657 32884 13.755
1791415862.665 32892 11.772
1791415862.667 32890 13.952
1791415862.673 32898 13.248
1791415862.676 32900 13.367
1791415862.679 32906 10.018
1791415862.682 32908 10.526
1791415862.686 32914 7.063
1791415862.691 32916 10.628
1791415862.695 32924 5.424
1791415862.697 32922 10.074
1791415862.701 32930 5.454
1791415862.707 32932 8.778
1791415862.719 32938 11.551
1791415862.721 32940 13.401
1791415862.727 32946 10.331
1791415862.729 32948 12.176
1791415862.737 32956 10.790
1791415862.739 32954 12.952
1791415862.748 32962 12.535
1791415862.750 32964 14.395
1791415862.753 32972 8.307
1791415862.755 32970 13.303
1791415862.759 32978 7.907
1791415862.761 32980 7.977
1791415862.764 32986 4.642
1791415862.777 32988 11.519
1791415862.779 32994 10.279
1791415862.783 32996 11.713
1791415862.787 33002 8.926
1791415862.789 33004 8.995
1791415862.797 33010 9.866
1791415862.799 33012 9.582
1791415862.804 33018 7.371
1791415862.806 33020 7.625
1791415862.811 33026 5.981
1791415862.813 33028 5.728
1791415862.825 33036 8.334
1791415862.827 33034 12.585
1791415862.832 33042 8.493
1791415862.838 33050 5.901
1791415862.840 33044 13.744
1791415862.848 33052 11.603
1791415862.851 33058 8.737
1791415862.853 33060 7.772
1791415862.861 33066 10.208
1791415862.863 33068 9.946
1791415862.868 33076 6.247
1791415862.870 33074 10.143
1791415862.875 33082 5.790
1791415862.883 33084 10.988
1791415862.887 33092 4.712
1791415862.889 33090 10.782
1791415862.893 33098 6.045
1791415862.895 33100 5.787
1791415862.902 33106 5.823
1791415862.909 33108 9.320
1791415862.915 33116 3.730
1791415862.917 33114 10.788
1791415862.922 33122 7.604
1791415862.924 33124 7.328
1791415862.933 33130 9.314
1791415862.935 33132 9.084
1791415862.937 33138 4.898
1791415862.950 33140 13.146
1791415862.952 33146 9.981
1791415862.955 33148 10.773
1791415862.963 33156 10.506
1791415862.965 33154 13.441
1791415862.973 33162 11.429
1791415862.975 33164 12.657
1791415862.982 33172 10.458
1791415862.984 33170 13.180
1791415862.987 33178 6.944
1791415862.989 33180 8.810
1791415862.995 33186 7.548
1791415863.002 33188 11.711
1791415863.005 33196 5.759
1791415863.007 33194 11.067
1791415863.011 33202 5.770
1791415863.013 33204 5.552
1791415863.020 33210 5.835
1791415863.027 33212 8.787
1791415863.031 33220 3.252
1791415863.033 33218 9.196
1791415863.040 33226 7.010
1791415863.046 33228 11.321
1791415863.052 33236 7.431
1791415863.054 33234 12.118
1791415863.058 33242 5.241
1791415863.060 33244 6.672
1791415863.069 33252 7.110
1791415863.071 33250 11.379
1791415863.079 33258 9.803
1791415863.081 33260 9.560
1791415863.087 33266 8.998
1791415863.089 33268 8.738
1791415863.096 33276 6.061
1791415863.098 33274 10.376
1791415863.105 33282 8.320
1791415863.107 33284 8.053
1791415863.112 33290 6.752
1791415863.118 33292 7.944
1791415863.125 33298 9.147
1791415863.127 33300 10.132
1791415863.130 33308 4.606
1791415863.132 33306 6.989
1791415863.140 33314 7.215
1791415863.149 33316 11.734
1791415863.151 33322 9.285
1791415863.156 33324 11.812
1791415863.165 33332 11.342
1791415863.167 33330 13.518
1791415863.170 33340 7.056
1791415863.172 33338 11.514
1791415863.177 33346 7.874
1791415863.179 33348 7.608
1791415863.184 33354 6.189
1791415863.189 33356 5.120
1791415863.195 33362 7.855
1791415863.197 33364 7.641
1791415863.202 33370 5.902
1791415863.210 33372 10.463
1791415863.220 33378 11.464
1791415863.222 33380 13.329
1791415863.226 33386 9.169
1791415863.228 33388 8.865
1791415863.234 33396 7.778
1791415863.236 33394 11.835
1791415863.241 33404 5.649
1791415863.243 33402 9.507
1791415863.247 33410 4.691
1791415863.256 33412 9.473
1791415863.258 33418 7.074
1791415863.265 33420 11.807
1791415863.270 33428 6.018
1791415863.272 33426 11.367
1791415863.276 33434 6.614
1791415863.278 33436 6.544
1791415863.290 33444 9.147
1791415863.292 33442 13.410
1791415863.295 33452 4.906
1791415863.297 33450 9.043
1791415863.302 33458 5.953
1791415863.310 33460 11.316
1791415863.314 33468 5.186
1791415863.316 33466 10.009
1791415863.320 33474 5.669
1791415863.328 33476 10.977
1791415863.337 33484 10.506
1791415863.339 33482 13.203
1791415863.346 33490 11.626
1791415863.348 33492 12.734
1791415863.351 33500 4.680
1791415863.353 33498 10.671
1791415863.359 33506 8.036
1791415863.361 33508 7.772
1791415863.368 33514 8.114
1791415863.374 33516 10.598
1791415863.378 33522 8.723
1791415863.380 33524 8.682
1791415863.384 33532 3.406
1791415863.386 33530 7.670
1791415863.394 33538 6.669
1791415863.400 33540 7.474
1791415863.411 33548 11.816
1791415863.413 33546 14.523
1791415863.415 33556 7.439
1791415863.417 33554 11.731
1791415863.421 33562 6.265
1791415863.423 33564 6.000
1791415863.430 33570 5.840
1791415863.437 33572 10.129
1791415863.446 33578 11.263
1791415863.448 33580 12.455
1791415863.453 33586 9.911
1791415863.455 33588 11.012
1791415863.459 33594 6.399
1791415863.461 33596 7.817
1791415863.468 33602 7.948
1791415863.474 33604 11.142
1791415863.478 33612 6.678
1791415863.481 33610 11.060
1791415863.487 33618 8.187
1791415863.489 33620 7.968
1791415863.496 33628 5.861
1791415863.498 33626 10.148
1791415863.503 33634 6.061
1791415863.511 33636 11.071
1791415863.520 33644 11.214
1791415863.522 33642 13.541
1791415863.530 33652 12.165
1791415863.533 33650 15.938
1791415863.536 33660 8.266
1791415863.538 33658 13.866
1791415863.543 33668 7.713
1791415863.545 33666 11.990
1791415863.552 33674 9.641
1791415863.554 33676 9.391
1791415863.559 33682 7.454
1791415863.565 33684 11.172
1791415863.576 33690 12.794
1791415863.578 33692 14.639
1791415863.582 33700 8.138
1791415863.584 33698 13.846
1791415863.589 33706 9.508
1791415863.591 33708 9.834
1791415863.597 33714 8.522
1791415863.599 33716 9.003
1791415863.603 33722 6.008
1791415863.612 33724 11.308
1791415863.615 33732 5.925
1791415863.617 33730 11.013
1791415863.622 33738 7.005
1791415863.624 33740 6.729
1791415863.631 33746 6.549
1791415863.641 33748 11.674
1791415863.643 33754 9.516
1791415863.650 33756 11.634
1791415863.652 33762 9.206
1791415863.655 33770 3.741
1791415863.657 33764 10.764
1791415863.669 33772 11.730
1791415863.671 33780 8.468
1791415863.673 33778 12.753
1791415863.676 33786 6.791
1791415863.682 33788 10.305
1791415863.688 33794 8.925
1791415863.690 33796 8.213
1791415863.694 33802 6.179
1791415863.696 33804 5.917
1791415863.703 33810 5.777
1791415863.708 33812 6.676
1791415863.714 33818 6.524
1791415863.716 33820 7.646
1791415863.721 33826 5.946
1791415863.723 33828 5.689
1791415863.733 33834 8.416
1791415863.737 33836 9.800
1791415863.745 33842 11.142
1791415863.747 33844 9.576
1791415863.753 33850 10.175
1791415863.755 33852 10.021
1791415863.758 33858 5.858
1791415863.760 33860 5.917
1791415863.768 33866 6.918
1791415863.774 33868 11.461
1791415863.780 33874 9.978
1791415863.782 33876 8.346
1791415863.788 33884 7.000
1791415863.790 33882 10.565
1791415863.801 33892 10.480
1791415863.803 33890 13.947
1791415863.806 33898 6.135
1791415863.808 33900 8.007
1791415863.813 33906 7.189
1791415863.823 33914 7.289
1791415863.825 33908 14.123
1791415863.832 33916 11.984
1791415863.834 33922 9.572
1791415863.841 33930 7.809
1791415863.843 33924 13.919
1791415863.850 33938 7.197
1791415863.852 33932 13.537
1791415863.859 33940 11.322
1791415863.861 33946 9.154
1791415863.866 33948 11.574
1791415863.870 33954 8.818
1791415863.872 33956 8.935
1791415863.881 33962 10.460
1791415863.883 33964 10.609
1791415863.894 33972 12.115
1791415863.896 33970 14.220
1791415863.899 33980 8.710
1791415863.901 33978 12.386
1791415863.904 33988 4.890
1791415863.906 33986 9.162
1791415863.913 33994 7.040
1791415863.920 33996 10.998
1791415863.929 34004 11.696
1791415863.931 34002 13.906
1791415863.936 34010 11.733
1791415863.938 34012 11.683
1791415863.944 34018 10.052
1791415863.946 34020 9.891
1791415863.949 34026 6.107
1791415863.954 34028 8.584
1791415863.962 34034 9.919
1791415863.964 34036 9.726
1791415863.970 34042 8.955
1791415863.972 34044 9.111
1791415863.976 34052 3.553
1791415863.978 34050 8.058
1791415863.985 34058 5.631
1791415863.993 34060 11.280
1791415864.003 34066 12.181
1791415864.005 34068 14.038
1791415864.011 34076 11.004
1791415864.013 34074 13.196
1791415864.021 34084 11.378
1791415864.023 34082 13.678
1791415864.029 34090 11.455
1791415864.031 34092 13.300
1791415864.039 34098 11.745
1791415864.041 34100 13.575
1791415864.048 34108 11.041
1791415864.050 34106 13.357
1791415864.054 34114 10.963
1791415864.058 34116 12.434
1791415864.061 34122 8.662
1791415864.063 34124 8.410
1791415864.069 34130 8.373
1791415864.071 34132 8.111
1791415864.077 34138 7.215
1791415864.086 34140 11.263
1791415864.088 34146 9.114
1791415864.095 34154 7.070
1791415864.097 34148 13.591
1791415864.105 34156 11.590
1791415864.107 34162 9.293
1791415864.112 34170 5.191
1791415864.114 34164 11.373
1791415864.120 34172 11.588
1791415864.130 34180 11.434
1791415864.132 34178 13.614
1791415864.135 34188 7.225
1791415864.137 34186 11.885
1791415864.142 34194 8.245
1791415864.144 34196 7.978
1791415864.150 34202 6.803
1791415864.158 34210 5.773
1791415864.160 34204 12.348
1791415864.171 34212 12.183
1791415864.173 34220 9.268
1791415864.175 34218 13.521
1791415864.179 34226 8.577
1791415864.184 34228 11.480
1791415864.187 34236 5.676
1791415864.189 34234 9.952
1791415864.196 34242 7.862
1791415864.202 34244 11.162
1791415864.208 34252 7.977
1791415864.210 34250 12.080
1791415864.217 34258 10.192
1791415864.219 34260 9.901
1791415864.222 34266 5.583
1791415864.224 34268 5.772
1791415864.231 34274 5.924
1791415864.235 34276 5.803
1791415864.247 34284 10.394
1791415864.249 34282 13.634
1791415864.252 34292 6.461
1791415864.254 34290 10.738
1791415864.260 34298 8.279
1791415864.265 34300 10.088
1791415864.275 34306 11.348
1791415864.277 34308 13.193
1791415864.282 34316 8.546
1791415864.284 34314 13.171
1791415864.287 34322 7.729
1791415864.289 34324 7.469
1791415864.293 34330 4.782
1791415864.301 34332 9.929
1791415864.307 34340 6.460
1791415864.309 34338 10.929
1791415864.313 34348 3.672
1791415864.315 34346 7.952
1791415864.322 34354 6.210
1791415864.328 34356 9.108
1791415864.334 34364 5.951
1791415864.336 34362 10.926
1791415864.341 34372 4.591
1791415864.343 34370 6.746
1791415864.351 34380 5.179
1791415864.353 34378 9.463
1791415864.362 34388 7.147
1791415864.364 34386 11.734
1791415864.367 34394 5.595
1791415864.373 34396 8.985
1791415864.382 34404 8.646
1791415864.384 34402 10.821
1791415864.391 34412 8.710
1791415864.393 34410 10.874
1791415864.399 34418 9.592
1791415864.401 34420 10.161
1791415864.409 34426 9.394
1791415864.411 34428 11.070
1791415864.415 34436 5.907
1791415864.417 34434 8.561
1791415864.423 34442 6.821
1791415864.430 34444 10.961
1791415864.439 34450 11.774
1791415864.441 34452 13.597
1791415864.448 34460 11.151
1791415864.450 34458 13.310
1791415864.456 34468 9.886
1791415864.458 34466 13.336
1791415864.465 34474 11.254
1791415864.467 34476 12.181
1791415864.472 34484 8.343
1791415864.474 34482 11.530
1791415864.478 34490 5.912
1791415864.480 34492 7.558
1791415864.485 34498 5.601
1791415864.491 34500 8.519
1791415864.500 34506 9.154
1791415864.502 34508 10.991
1791415864.512 34514 11.351
1791415864.514 34516 13.190
1791415864.521 34522 11.745
1791415864.523 34524 13.601
1791415864.530 34532 10.880
1791415864.532 34530 13.321
1791415864.535 34538 9.040
1791415864.537 34540 9.188
1791415864.544 34546 9.519
1791415864.546 34548 9.232
1791415864.548 34554 5.056
1791415864.554 34556 8.496
1791415864.565 34562 11.622
1791415864.567 34564 12.447
1791415864.574 34572 9.924
1791415864.576 34570 12.557
1791415864.584 34578 11.166
1791415864.586 34580 12.801
1791415864.588 34586 8.744
1791415864.597 34594 7.906
1791415864.600 34588 15.431
1791415864.603 34596 11.436
1791415864.609 34604 7.947
1791415864.611 34602 12.752
1791415864.617 34610 9.728
1791415864.619 34612 9.459
1791415864.622 34620 3.602
1791415864.624 34618 7.515
1791415864.632 34626 6.571
1791415864.640 34628 12.038
1791415864.644 34634 9.488
1791415864.646 34636 8.647
1791415864.651 34644 5.061
1791415864.653 34642 9.001
1791415864.660 34650 7.084
1791415864.669 34658 7.465
1791415864.671 34652 13.771
1791415864.678 34666 7.007
1791415864.680 34660 13.324
1791415864.685 34668 11.700
1791415864.694 34676 11.353
1791415864.696 34674 13.539
1791415864.699 34684 7.460
1791415864.701 34682 11.235
1791415864.704 34690 5.918
1791415864.706 34692 5.646
1791415864.713 34698 5.762
1791415864.718 34700 8.263
1791415864.724 34708 5.632
1791415864.726 34706 8.286
1791415864.732 34714 6.783
1791415864.734 34716 6.541
1791415864.740 34722 5.797
1791415864.747 34724 8.965
1791415864.752 34730 8.038
1791415864.754 34732 7.158
1791415864.763 34740 7.819
1791415864.765 34738 12.099
1791415864.772 34746 9.771
1791415864.774 34748 9.823
1791415864.780 34754 8.703
1791415864.782 34756 9.134
1791415864.789 34762 9.377
1791415864.791 34764 9.185
1791415864.797 34770 8.320
1791415864.803 34772 11.342
1791415864.812 34778 11.122
1791415864.814 34780 12.231
1791415864.819 34788 8.419
1791415864.821 34786 13.520
1791415864.826 34794 9.882
1791415864.828 34796 9.664
1791415864.833 34802 7.810
1791415864.840 34804 11.921
1791415864.848 34812 11.019
1791415864.850 34810 13.195
1791415864.858 34818 11.408
1791415864.860 34820 13.106
1791415864.867 34828 11.247
1791415864.869 34826 13.446
1791415864.874 34836 9.011
1791415864.876 34834 11.215
1791415864.880 34842 8.668
1791415864.882 34844 8.577
1791415864.886 34852 3.627
1791415864.888 34850 7.936
1791415864.897 34858 7.696
1791415864.902 34860 9.783
1791415864.910 34866 11.444
1791415864.912 34868 10.575
1791415864.916 34874 8.319
1791415864.918 34876 8.085
1791415864.922 34882 5.781
1791415864.924 34884 5.665
1791415864.932 34890 6.000
1791415864.938 34892 8.932
1791415864.944 34900 5.973
1791415864.946 34898 11.000
1791415864.952 34906 7.998
1791415864.954 34908 7.725
1791415864.962 34916 6.618
1791415864.964 34914 10.886
1791415864.971 34922 9.382
1791415864.973 34924 9.120
1791415864.979 34930 7.625
1791415864.983 34932 9.270
1791415864.989 34940 6.404
1791415864.991 34938 11.245
1791415864.995 34946 5.769
1791415864.997 34948 5.488
1791415865.007 34954 8.467
1791415865.013 34956 11.518
1791415865.017 34962 10.042
1791415865.019 34964 8.924
1791415865.029 34970 12.128
1791415865.031 34972 11.853
1791415865.033 34978 7.950
1791415865.035 34980 7.683
1791415865.044 34986 9.296
1791415865.049 34988 11.532
1791415865.053 34996 6.375
1791415865.055 34994 11.223
1791415865.060 35002 6.727
1791415865.062 35004 6.465
1791415865.071 35012 7.121
1791415865.073 35010 11.377
1791415865.079 35018 8.151
1791415865.085 35020 10.529
1791415865.092 35026 11.371
1791415865.094 35028 11.203
1791415865.096 35034 7.081
1791415865.098 35036 6.857
1791415865.105 35042 7.044
1791415865.115 35050 7.167
1791415865.117 35044 13.666
1791415865.124 35052 11.203
1791415865.126 35058 9.133
1791415865.128 35060 9.344
1791415865.135 35066 8.502
1791415865.137 35068 8.602
1791415865.143 35074 7.795
1791415865.145 35076 7.558
1791415865.147 35082 3.397
1791415865.154 35084 6.517
1791415865.163 35090 8.775
1791415865.166 35092 10.366
1791415865.175 35100 10.263
1791415865.177 35098 13.250
1791415865.182 35108 8.333
1791415865.184 35106 11.361
1791415865.189 35116 5.956
1791415865.191 35114 10.250
1791415865.195 35122 5.440
1791415865.203 35124 11.223
1791415865.211 35132 10.438
1791415865.213 35130 13.844
1791415865.216 35138 8.481
1791415865.218 35140 7.676
1791415865.223 35146 6.067
1791415865.228 35148 8.772
1791415865.238 35156 9.251
1791415865.240 35154 11.597
1791415865.246 35162 8.087
1791415865.264 35164 8.165
1791415865.319 35170 8.092
1791415865.337 35172 8.051
1791415865.391 35178 8.008
1791415865.410 35180 7.999
1791415865.464 35186 8.039
1791415865.482 35188 8.082
1791415865.537 35194 8.035
1791415865.555 35196 7.869
1791415865.610 35202 8.048
1791415865.628 35204 8.008
1791415865.683 35210 8.023
1791415865.701 35212 8.011
1791415865.755 35218 8.070
1791415865.774 35220 8.041
1791415865.828 35226 8.021
1791415865.846 35228 8.023
1791415865.901 35234 8.137
1791415865.919 35236 7.982
1791415865.974 35242 7.987
1791415865.992 35244 8.056
1791415866.047 35250 8.001
1791415866.065 35252 8.006
1791415866.119 35258 8.026
1791415866.138 35260 8.064
1791415866.192 35266 7.943
1791415866.210 35268 8.028
1791415866.265 35274 8.084
1791415866.283 35276 8.019
1791415866.338 35282 8.055
1791415866.356 35284 8.043
1791415866.411 35290 8.006
1791415866.429 35292 8.005
1791415866.483 35298 8.020
1791415866.502 35300 7.949
1791415866.556 35306 8.001
1791415866.574 35308 8.029
1791415866.629 35314 7.989
1791415866.647 35316 7.998
1791415866.702 35322 8.182
1791415866.720 35324 8.064
1791415866.775 35330 8.164
1791415866.793 35332 8.003
1791415866.848 35338 8.150
1791415866.866 35340 8.080
1791415866.921 35346 8.275
1791415866.939 35348 8.080
1791415866.993 35354 8.179
1791415867.011 35356 8.164
1791415867.066 35362 8.165
1791415867.084 35364 8.204
1791415867.139 35370 8.232
1791415867.157 35372 8.053
1791415867.212 35378 8.166
1791415867.230 35380 7.954
1791415867.284 35386 8.214
1791415867.303 35388 8.073
1791415867.357 35394 8.214
1791415867.375 35396 8.135
1791415867.430 35402 8.177
1791415867.448 35404 8.070
1791415867.503 35410 8.250
1791415867.521 35412 8.135
1791415867.576 35418 8.263
1791415867.594 35420 8.204
1791415867.649 35426 8.491
1791415867.667 35428 8.101
1791415867.721 35434 8.294
1791415867.739 35436 8.122
1791415867.794 35442 8.355
1791415867.812 35444 8.150
1791415867.867 35450 8.129
1791415867.885 35452 8.133
1791415867.940 35458 8.183
1791415867.958 35460 8.035
1791415868.012 35466 7.987
1791415868.031 35468 8.008
1791415868.085 35474 8.046
1791415868.103 35476 8.006
1791415868.158 35482 8.032
1791415868.176 35484 7.990
1791415868.231 35490 8.135
1791415868.249 35492 7.999
1791415868.304 35498 8.112
1791415868.322 35500 7.935
1791415868.376 35506 8.077
1791415868.395 35508 8.107
1791415868.449 35514 8.128
1791415868.467 35516 8.071
1791415868.522 35522 8.072
1791415868.540 35524 8.018
1791415868.595 35530 7.987
1791415868.613 35532 7.990
1791415868.668 35538 8.181
1791415868.686 35540 7.991
1791415868.740 35546 8.037
1791415868.759 35548 8.051
1791415868.813 35554 8.082
1791415868.831 35556 8.028
1791415868.886 35562 8.083
1791415868.904 35564 7.994
1791415868.959 35570 8.015
1791415868.977 35572 8.023
1791415869.032 35578 8.154
1791415869.050 35580 8.039
1791415869.105 35586 8.162
1791415869.123 35588 8.000
1791415869.177 35594 7.977
1791415869.195 35596 8.063
1791415869.250 35602 8.074
1791415869.268 35604 8.021
1791415869.323 35610 7.998
1791415869.341 35612 8.100
1791415869.396 35618 8.064
1791415869.414 35620 7.994
1791415869.468 35626 8.043
1791415869.487 35628 8.051
1791415869.541 35634 8.093
1791415869.560 35636 8.093
1791415869.614 35642 8.095
1791415869.632 35644 8.045
1791415869.687 35650 8.023
1791415869.705 35652 8.046
1791415869.760 35658 8.086
1791415869.778 35660 8.058
1791415869.833 35666 8.138
1791415869.851 35668 8.030
1791415869.905 35674 7.918
1791415869.924 35676 8.030
1791415869.978 35682 8.187
1791415869.996 35684 7.951
1791415870.051 35690 8.034
1791415870.069 35692 7.995
1791415870.124 35698 8.057
1791415870.142 35700 7.943
1791415870.196 35706 7.916
1791415870.215 35708 7.935
1791415870.269 35714 7.994
1791415870.287 35716 8.007
1791415870.342 35722 7.999
1791415870.360 35724 8.023
1791415870.415 35730 8.024
1791415870.433 35732 7.943
1791415870.488 35738 8.011
1791415870.506 35740 8.047
1791415870.561 35746 8.118
1791415870.579 35748 7.970
1791415870.633 35754 7.980
1791415870.651 35756 7.931
1791415870.706 35762 8.031
1791415870.724 35764 7.967
1791415870.779 35770 8.028
1791415870.797 35772 8.001
1791415870.852 35778 8.451
1791415870.870 35780 8.257
1791415870.925 35786 8.011
1791415870.943 35788 8.028
1791415870.997 35794 7.996
1791415871.016 35796 8.021
1791415871.070 35802 8.053
1791415871.088 35804 7.989
1791415871.143 35810 8.127
1791415871.161 35812 8.052
1791415871.216 35818 8.020
1791415871.234 35820 8.121
1791415871.289 35826 8.013
1791415871.307 35828 8.002
1791415871.361 35834 7.963
1791415871.380 35836 8.006
1791415871.434 35842 7.973
1791415871.452 35844 8.053
1791415871.507 35850 7.980
1791415871.525 35852 7.904
1791415871.580 35858 7.999
1791415871.598 35860 8.058
1791415871.653 35866 8.092
1791415871.671 35868 8.012
1791415871.725 35874 8.082
1791415871.744 35876 7.948
1791415871.798 35882 8.009
1791415871.816 35884 8.075
1791415871.871 35890 8.014
1791415871.889 35892 8.019
1791415871.944 35898 7.986
1791415871.962 35900 7.984
1791415872.017 35906 7.948
1791415872.035 35908 8.037
1791415872.089 35914 8.080
1791415872.108 35916 8.009
1791415872.162 35922 8.042
1791415872.181 35924 8.248
1791415872.235 35930 8.027
1791415872.253 35932 8.188
1791415872.308 35938 8.058
1791415872.326 35940 8.075
1791415872.381 35946 8.101
1791415872.399 35948 8.009
1791415872.453 35954 7.956
1791415872.472 35956 8.035
1791415872.526 35962 8.029
1791415872.544 35964 8.021
1791415872.599 35970 8.016
1791415872.617 35972 8.003
1791415872.672 35978 7.987
1791415872.690 35980 8.006
1791415872.745 35986 8.000
1791415872.763 35988 7.952
1791415872.818 35994 8.063
1791415872.836 35996 7.940
1791415872.890 36002 7.960
1791415872.909 36004 8.069
1791415872.963 36010 8.011
1791415872.981 36012 8.021
1791415873.036 36018 8.031
1791415873.054 36020 7.950
1791415873.109 36026 8.055
1791415873.127 36028 8.042
1791415873.182 36034 8.069
1791415873.200 36036 8.003
1791415873.254 36042 8.028
1791415873.273 36044 8.118
1791415873.327 36050 8.029
1791415873.346 36052 8.249
1791415873.400 36058 8.037
1791415873.418 36060 8.051
1791415873.473 36066 8.082
1791415873.491 36068 8.031
1791415873.546 36074 8.037
1791415873.564 36076 7.969
1791415873.618 36082 8.042
1791415873.636 36084 7.991
1791415873.691 36090 8.055
1791415873.709 36092 8.009
1791415873.764 36098 8.176
1791415873.782 36100 8.161
1791415873.837 36106 8.064
1791415873.855 36108 8.049
1791415873.910 36114 7.997
1791415873.928 36116 8.024
1791415873.982 36122 8.058
1791415874.001 36124 8.068
1791415874.055 36130 7.994
1791415874.073 36132 8.055
1791415874.128 36138 8.055
1791415874.146 36140 8.028
1791415874.201 36146 8.043
1791415874.219 36148 8.048
1791415874.274 36154 8.065
1791415874.292 36156 8.030
1791415874.347 36162 8.137
1791415874.365 36164 8.068
1791415874.419 36170 8.033
1791415874.437 36172 7.960
1791415874.492 36178 8.089
1791415874.510 36180 8.035
1791415874.565 36186 7.986
1791415874.583 36188 8.014
1791415874.638 36194 8.033
1791415874.656 36196 7.980
1791415874.710 36202 8.021
1791415874.729 36204 8.027
1791415874.783 36210 8.008
1791415874.801 36212 8.053
1791415874.856 36218 8.020
1791415874.874 36220 7.992
1791415874.929 36226 8.017
1791415874.947 36228 8.060
1791415875.002 36234 8.050
1791415875.020 36236 8.090
1791415875.075 36242 8.136
1791415875.093 36244 8.004
1791415875.147 36250 7.994
1791415875.165 36252 7.961
1791415875.220 36258 8.096
1791415875.238 36260 8.194
1791415875.293 36266 8.023
1791415875.311 36268 8.116
1791415875.366 36274 8.042
1791415875.384 36276 8.014
1791415875.438 36282 8.025
1791415875.457 36284 8.030
1791415875.511 36290 8.092
1791415875.530 36292 8.071
1791415875.584 36298 8.018
1791415875.602 36300 8.013
1791415875.657 36306 8.028
1791415875.675 36308 7.983
1791415875.730 36314 7.963
1791415875.748 36316 8.073
1791415875.803 36322 8.253
1791415875.821 36324 7.934
1791415875.875 36330 8.167
1791415875.894 36332 8.171
1791415875.948 36338 8.106
1791415875.966 36340 7.968
1791415876.021 36346 8.046
1791415876.039 36348 7.977
1791415876.094 36354 8.039
1791415876.112 36356 8.003
1791415876.167 36362 8.038
1791415876.185 36364 7.929
1791415876.239 36370 7.945
1791415876.257 36372 7.934
1791415876.312 36378 8.017
1791415876.330 36380 7.988
1791415876.385 36386 8.100
1791415876.403 36388 8.059
1791415876.458 36394 8.111
1791415876.476 36396 8.087
1791415876.531 36402 8.057
1791415876.549 36404 7.970
1791415876.603 36410 7.954
1791415876.621 36412 7.973
1791415876.676 36418 8.006
1791415876.694 36420 8.002
1791415876.749 36426 8.083
1791415876.767 36428 8.000
1791415876.822 36434 8.329
1791415876.840 36436 8.131
1791415876.894 36442 7.926
1791415876.913 36444 7.917
1791415876.967 36450 8.138
1791415876.986 36452 8.124
1791415877.040 36458 8.037
1791415877.058 36460 8.027
1791415877.113 36466 8.145
1791415877.131 36468 8.115
1791415877.186 36474 8.205
1791415877.204 36476 8.116
1791415877.259 36482 8.115
1791415877.277 36484 8.026
1791415877.332 36490 8.149
1791415877.350 36492 7.960
1791415877.404 36498 8.019
1791415877.422 36500 8.037
1791415877.477 36506 7.995
1791415877.495 36508 8.004
1791415877.550 36514 8.017
1791415877.568 36516 7.988
1791415877.623 36522 8.032
1791415877.641 36524 8.023
1791415877.696 36530 8.134
1791415877.714 36532 8.025
1791415877.768 36538 8.110
1791415877.786 36540 8.025
1791415877.841 36546 8.182
1791415877.859 36548 8.022
1791415877.914 36554 8.049
1791415877.932 36556 8.037
1791415877.987 36562 8.193
1791415878.005 36564 7.961
1791415878.059 36570 8.087
1791415878.078 36572 8.120
1791415878.132 36578 8.032
1791415878.150 36580 7.990
1791415878.205 36586 8.021
1791415878.223 36588 8.018
1791415878.278 36594 8.111
1791415878.296 36596 8.081
1791415878.351 36602 8.114
1791415878.369 36604 7.990
1791415878.423 36610 7.985
1791415878.442 36612 8.021
1791415878.496 36618 8.007
1791415878.514 36620 8.037
1791415878.569 36626 8.095
1791415878.587 36628 7.997
1791415878.642 36634 7.954
1791415878.660 36636 8.075
1791415878.715 36642 8.380
1791415878.733 36644 8.143
1791415878.788 36650 8.116
1791415878.806 36652 7.986
1791415878.860 36658 8.070
1791415878.878 36660 8.008
1791415878.933 36666 8.009
1791415878.951 36668 7.954
1791415879.006 36674 8.118
1791415879.024 36676 7.904
1791415879.079 36682 7.957
1791415879.097 36684 8.006
1791415879.152 36690 8.014
1791415879.170 36692 8.006
1791415879.224 36698 8.162
1791415879.243 36700 8.003
1791415879.297 36706 8.075
1791415879.315 36708 8.014
1791415879.370 36714 8.086
1791415879.388 36716 8.071
1791415879.443 36722 8.047
1791415879.461 36724 8.029
1791415879.516 36730 8.068
1791415879.534 36732 8.057
1791415879.588 36738 8.131
1791415879.606 36740 7.973
1791415879.661 36746 7.984
1791415879.679 36748 7.942
1791415879.734 36754 8.197
1791415879.752 36756 7.950
1791415879.807 36762 8.076
1791415879.825 36764 8.203
1791415879.880 36770 8.225
1791415879.898 36772 8.086
1791415879.952 36778 8.073
1791415879.971 36780 7.969
1791415880.025 36786 7.965
1791415880.043 36788 7.962
1791415880.098 36794 8.093
1791415880.116 36796 7.992
1791415880.171 36802 8.095
1791415880.189 36804 8.009
1791415880.244 36810 8.040
1791415880.262 36812 7.979
1791415880.317 36818 8.144
1791415880.335 36820 8.058
1791415880.389 36826 8.044
1791415880.407 36828 8.040
1791415880.462 36834 8.004
1791415880.480 36836 7.976
1791415880.535 36842 8.186
1791415880.553 36844 8.108
1791415880.608 36850 8.108
1791415880.626 36852 8.022
1791415880.680 36858 8.027
1791415880.699 36860 8.092
1791415880.753 36866 8.177
1791415880.771 36868 7.947
1791415880.826 36874 8.113
1791415880.844 36876 8.012
1791415880.899 36882 7.988
1791415880.917 36884 8.019
1791415880.972 36890 8.055
1791415880.990 36892 7.969
1791415881.045 36898 8.038
1791415881.063 36900 8.033
1791415881.117 36906 8.083
1791415881.136 36908 8.064
1791415881.190 36914 8.024
1791415881.208 36916 7.930
1791415881.263 36922 8.128
1791415881.281 36924 8.084
1791415881.336 36930 8.017
1791415881.354 36932 8.058
1791415881.409 36938 8.033
1791415881.427 36940 8.038
1791415881.481 36946 8.027
1791415881.499 36948 8.021
1791415881.554 36954 8.077
1791415881.572 36956 8.031
1791415881.627 36962 7.954
1791415881.645 36964 8.099
1791415881.700 36970 8.004
1791415881.718 36972 8.010
1791415881.773 36978 8.053
1791415881.791 36980 7.980
1791415881.846 36986 8.255
1791415881.863 36988 7.943
1791415881.918 36994 7.991
1791415881.936 36996 7.999
1791415881.991 37002 8.021
1791415882.009 37004 8.053
1791415882.064 37010 8.022
1791415882.082 37012 8.195
1791415882.137 37018 8.019
1791415882.155 37020 7.986
1791415882.209 37026 8.196
1791415882.228 37028 8.098
1791415882.282 37034 8.220
1791415882.300 37036 8.011
1791415882.355 37042 8.010
1791415882.373 37044 8.038
1791415882.428 37050 8.006
1791415882.446 37052 8.144
1791415882.501 37058 7.990
1791415882.519 37060 8.078
1791415882.573 37066 8.008
1791415882.592 37068 8.084
1791415882.646 37074 8.028
1791415882.664 37076 8.052
1791415882.719 37082 8.039
1791415882.737 37084 8.047
1791415882.792 37090 8.015
1791415882.810 37092 7.930
1791415882.865 37098 8.011
1791415882.883 37100 8.275
1791415882.937 37106 7.931
1791415882.956 37108 8.136
1791415883.010 37114 7.974
1791415883.028 37116 8.041
1791415883.083 37122 8.129
1791415883.101 37124 7.958
1791415883.156 37130 7.956
1791415883.174 37132 8.000
1791415883.229 37138 8.046
1791415883.247 37140 8.021
1791415883.301 37146 8.108
1791415883.320 37148 8.019
1791415883.374 37154 8.014
1791415883.392 37156 8.041
1791415883.447 37162 8.062
1791415883.465 37164 8.037
1791415883.520 37170 8.008
1791415883.538 37172 8.054
1791415883.593 37178 8.055
1791415883.611 37180 7.994
1791415883.665 37186 8.032
1791415883.684 37188 8.011
1791415883.738 37194 8.060
1791415883.756 37196 7.992
1791415883.811 37202 8.083
1791415883.829 37204 7.961
1791415883.884 37210 7.979
1791415883.902 37212 8.016
1791415883.957 37218 8.030
1791415883.975 37220 7.947
1791415884.029 37226 8.009
1791415884.048 37228 8.007
1791415884.102 37234 7.996
1791415884.121 37236 8.182
1791415884.175 37242 7.970
1791415884.193 37244 8.022
1791415884.248 37250 8.118
1791415884.266 37252 8.050
1791415884.321 37258 8.118
1791415884.339 37260 8.090
1791415884.394 37266 8.163
1791415884.412 37268 7.933
1791415884.466 37274 7.992
1791415884.485 37276 8.058
1791415884.539 37282 8.067
1791415884.557 37284 8.233
1791415884.612 37290 8.091
1791415884.630 37292 8.085
1791415884.685 37298 7.976
1791415884.703 37300 8.073
1791415884.757 37306 8.002
1791415884.776 37308 7.981
1791415884.830 37314 8.065
1791415884.849 37316 8.021
1791415884.903 37322 8.024
1791415884.921 37324 7.918
1791415884.976 37330 7.935
1791415884.994 37332 7.975
1791415885.049 37338 7.964
1791415885.067 37340 8.018
1791415885.122 37346 8.033
1791415885.140 37348 7.945
1791415885.194 37354 7.996
1791415885.213 37356 8.083
1791415885.247 37362 5.449
1791415885.254 37364 8.688
1791415885.259 37370 5.321
1791415885.266 37372 9.027
1791415885.272 37378 5.687
1791415885.278 37380 8.799
1791415885.284 37386 5.752
1791415885.291 37388 9.468
1791415885.296 37396 3.304
1791415885.298 37394 8.330
1791415885.310 37404 4.390
1791415885.312 37402 9.421
1791415885.322 37412 4.414
1791415885.324 37410 9.418
1791415885.334 37418 7.284
1791415885.336 37420 6.259
1791415885.346 37426 7.323
1791415885.348 37428 6.307
1791415885.358 37436 4.293
1791415885.360 37434 9.329
1791415885.370 37444 4.463
1791415885.372 37442 9.497
1791415885.382 37450 7.399
1791415885.384 37452 6.379
1791415885.395 37458 7.413
1791415885.397 37460 6.411
1791415885.407 37468 4.303
1791415885.409 37466 9.321
1791415885.419 37476 4.516
1791415885.421 37474 9.529
1791415885.431 37484 4.355
1791415885.433 37482 9.372
1791415885.443 37490 7.291
1791415885.445 37492 6.271
1791415885.455 37498 7.351
1791415885.457 37500 6.335
1791415885.467 37508 4.391
1791415885.469 37506 9.431
1791415885.480 37516 4.422
1791415885.482 37514 9.463
1791415885.492 37522 7.579
1791415885.494 37524 6.554
1791415885.504 37530 7.461
1791415885.506 37532 6.366
1791415885.516 37540 4.284
1791415885.518 37538 9.330
1791415885.528 37548 4.323
1791415885.530 37546 9.357
1791415885.540 37556 4.274
1791415885.542 37554 7.787
1791415885.552 37564 4.299
1791415885.554 37562 7.908
1791415885.564 37572 4.360
1791415885.566 37570 9.070
1791415885.577 37578 7.457
1791415885.579 37580 6.432
1791415885.589 37588 4.366
1791415885.591 37586 9.398
1791415885.601 37596 4.565
1791415885.603 37594 9.600
1791415885.613 37604 4.409
1791415885.615 37602 9.439
1791415885.625 37612 4.272
1791415885.627 37610 9.305
1791415885.637 37620 4.369
1791415885.639 37618 9.410
1791415885.650 37626 6.151
1791415885.652 37628 6.498
1791415885.662 37634 6.198
1791415885.664 37636 6.395
1791415885.674 37642 7.255
1791415885.676 37644 6.343
1791415885.686 37652 4.273
1791415885.688 37650 9.312
1791415885.698 37660 4.468
1791415885.700 37658 9.504
1791415885.710 37668 4.301
1791415885.712 37666 9.336
1791415885.722 37676 4.232
1791415885.724 37674 9.247
1791415885.734 37682 6.116
1791415885.736 37684 6.499
1791415885.746 37692 4.306
1791415885.748 37690 9.409
1791415885.759 37700 4.448
1791415885.761 37698 9.484
1791415885.771 37708 4.373
1791415885.773 37706 9.360
1791415885.783 37716 4.385
1791415885.785 37714 9.418
1791415885.795 37722 7.362
1791415885.797 37724 6.333
1791415885.807 37730 7.351
1791415885.809 37732 6.331
1791415885.819 37738 7.403
1791415885.821 37740 6.311
1791415885.832 37746 7.475
1791415885.834 37748 6.440
1791415885.844 37754 6.136
1791415885.846 37756 6.316
1791415885.856 37762 6.450
1791415885.858 37764 6.503
1791415885.868 37772 4.351
1791415885.870 37770 9.385
1791415885.880 37778 7.344
1791415885.882 37780 6.342
1791415885.892 37786 7.588
1791415885.894 37788 6.568
1791415885.904 37794 6.202
1791415885.906 37796 6.245
1791415885.917 37804 4.511
1791415885.919 37802 9.576
1791415885.929 37810 6.258
1791415885.931 37812 6.497
1791415885.941 37820 4.471
1791415885.943 37818 8.388
1791415885.953 37828 4.606
1791415885.955 37826 9.499
1791415885.965 37836 4.426
1791415885.967 37834 8.580
1791415885.977 37844 4.289
1791415885.979 37842 9.326
1791415885.989 37850 7.382
1791415885.991 37852 6.360
1791415886.001 37860 4.382
1791415886.003 37858 9.420
1791415886.013 37868 4.377
1791415886.015 37866 9.412
1791415886.026 37874 6.135
1791415886.028 37876 6.313
1791415886.038 37882 7.333
1791415886.040 37884 6.319
1791415886.050 37892 4.470
1791415886.052 37890 9.511
1791415886.062 37898 7.467
1791415886.064 37900 6.443
1791415886.074 37908 4.391
1791415886.076 37906 9.429
1791415886.086 37914 5.934
1791415886.088 37916 6.433
1791415886.098 37924 4.317
1791415886.100 37922 9.349
1791415886.111 37932 4.367
1791415886.113 37930 9.408
1791415886.123 37938 7.632
1791415886.125 37940 6.615
1791415886.135 37948 4.338
1791415886.137 37946 7.965
1791415886.147 37954 5.779
1791415886.149 37956 6.292
1791415886.159 37964 4.375
1791415886.161 37962 9.414
1791415886.171 37972 4.283
1791415886.173 37970 9.318
1791415886.183 37980 4.306
1791415886.185 37978 9.340
1791415886.195 37986 7.412
1791415886.197 37988 6.391
1791415886.208 37994 7.462
1791415886.210 37996 6.439
1791415886.220 38004 4.316
1791415886.222 38002 9.357
1791415886.232 38010 7.391
1791415886.234 38012 6.368
1791415886.244 38020 4.355
1791415886.246 38018 9.355
1791415886.256 38026 7.349
1791415886.258 38028 6.342
1791415886.268 38034 7.370
1791415886.270 38036 6.340
1791415886.280 38044 4.423
1791415886.282 38042 9.456
1791415886.293 38052 4.362
1791415886.295 38050 9.435
1791415886.305 38058 7.402
1791415886.307 38060 6.379
1791415886.317 38068 4.328
1791415886.319 38066 9.362
1791415886.329 38074 7.448
1791415886.331 38076 6.424
1791415886.341 38084 4.275
1791415886.343 38082 9.316
1791415886.353 38092 4.312
1791415886.355 38090 9.358
1791415886.365 38100 4.448
1791415886.367 38098 9.481
1791415886.377 38106 7.383
1791415886.379 38108 6.360
1791415886.390 38114 7.372
1791415886.392 38116 6.353
1791415886.402 38122 7.358
1791415886.404 38124 6.335
1791415886.414 38132 4.343
1791415886.416 38130 9.384
1791415886.426 38140 4.327
1791415886.428 38138 9.361
1791415886.438 38146 7.419
1791415886.440 38148 6.402
1791415886.450 38154 7.439
1791415886.452 38156 6.368
1791415886.462 38162 7.449
1791415886.464 38164 6.420
1791415886.475 38172 4.379
1791415886.477 38170 9.409
1791415886.487 38178 7.405
1791415886.489 38180 6.386
1791415886.499 38188 4.332
1791415886.501 38186 7.520
1791415886.511 38196 4.706
1791415886.513 38194 9.735
1791415886.523 38204 4.501
1791415886.525 38202 9.535
1791415886.535 38210 7.368
1791415886.537 38212 6.391
1791415886.547 38218 7.319
1791415886.549 38220 6.339
1791415886.560 38228 4.387
1791415886.562 38226 9.423
1791415886.572 38236 4.299
1791415886.574 38234 9.330
1791415886.584 38242 7.360
1791415886.586 38244 6.367
1791415886.596 38250 7.434
1791415886.598 38252 6.411
1791415886.608 38260 4.244
1791415886.610 38258 9.319
1791415886.620 38268 4.405
1791415886.622 38266 9.440
1791415886.632 38276 4.345
1791415886.634 38274 9.378
1791415886.644 38282 7.443
1791415886.646 38284 6.438
1791415886.657 38292 4.371
1791415886.659 38290 9.407
1791415886.669 38300 4.520
1791415886.671 38298 9.553
1791415886.681 38306 7.494
1791415886.683 38308 6.472
1791415886.693 38314 7.222
1791415886.695 38316 6.300
1791415886.705 38324 4.346
1791415886.707 38322 9.388
1791415886.717 38332 4.320
1791415886.719 38330 9.360
1791415886.729 38338 7.430
1791415886.731 38340 6.409
1791415886.741 38348 4.283
1791415886.743 38346 9.308
1791415886.754 38356 4.415
1791415886.756 38354 9.452
1791415886.766 38364 4.332
1791415886.768 38362 9.368
1791415886.778 38370 7.368
1791415886.780 38372 6.352
1791415886.790 38378 7.333
1791415886.792 38380 6.314
1791415886.802 38386 7.421
1791415886.804 38388 6.393
1791415886.814 38394 7.436
1791415886.816 38396 6.432
1791415886.826 38404 4.270
1791415886.828 38402 9.321
1791415886.839 38412 4.817
1791415886.841 38410 9.862
1791415886.851 38420 4.389
1791415886.853 38418 9.430
1791415886.863 38426 7.690
1791415886.865 38428 6.662
1791415886.875 38436 4.394
1791415886.877 38434 8.228
1791415886.887 38442 7.376
1791415886.889 38444 6.373
1791415886.899 38450 7.317
1791415886.901 38452 6.305
1791415886.911 38458 7.327
1791415886.913 38460 6.305
1791415886.924 38466 7.168
1791415886.926 38468 6.424
1791415886.936 38476 4.420
1791415886.938 38474 9.427
1791415886.948 38482 7.300
1791415886.950 38484 6.284
1791415886.960 38492 4.297
1791415886.962 38490 9.335
1791415886.972 38500 4.301
1791415886.974 38498 9.336
1791415886.984 38506 7.394
1791415886.986 38508 6.373
1791415886.996 38514 7.553
1791415886.998 38516 6.534
1791415887.008 38522 7.379
1791415887.010 38524 6.356
1791415887.021 38532 4.342
1791415887.023 38530 9.378
1791415887.033 38538 7.661
1791415887.035 38540 6.640
1791415887.045 38546 7.250
1791415887.047 38548 6.255
1791415887.057 38554 7.576
1791415887.059 38556 6.549
1791415887.069 38564 4.264
1791415887.071 38562 9.294
1791415887.081 38572 4.298
1791415887.083 38570 9.276
1791415887.093 38580 4.359
1791415887.095 38578 9.396
1791415887.105 38586 7.331
1791415887.107 38588 6.309
1791415887.118 38596 4.295
1791415887.120 38594 9.332
1791415887.130 38604 4.272
1791415887.132 38602 9.350
1791415887.142 38612 4.500
1791415887.144 38610 9.526
1791415887.155 38618 8.082
1791415887.157 38620 7.049
1791415887.166 38628 4.268
1791415887.168 38626 9.283
1791415887.178 38636 4.455
1791415887.180 38634 9.492
1791415887.190 38644 4.340
1791415887.192 38642 9.375
1791415887.202 38652 4.249
1791415887.204 38650 9.276
1791415887.215 38658 7.437
1791415887.217 38660 6.420
1791415887.227 38666 7.355
1791415887.229 38668 6.335
1791415887.239 38676 4.236
1791415887.241 38674 9.264
1791415887.251 38684 4.356
1791415887.253 38682 9.391
1791415887.263 38690 7.354
1791415887.265 38692 6.331
1791415887.275 38698 7.465
1791415887.277 38700 6.445
1791415887.287 38706 7.336
1791415887.289 38708 6.328
1791415887.300 38714 7.417
1791415887.302 38716 6.386
1791415887.312 38722 7.596
1791415887.314 38724 6.589
1791415887.324 38732 4.502
1791415887.326 38730 9.553
1791415887.336 38738 7.365
1791415887.338 38740 6.343
1791415887.348 38748 4.379
1791415887.350 38746 7.910
1791415887.360 38756 4.415
1791415887.362 38754 9.448
1791415887.372 38762 7.356
1791415887.374 38764 6.363
1791415887.385 38772 4.312
1791415887.387 38770 9.346
1791415887.397 38780 4.357
1791415887.399 38778 9.378
1791415887.409 38788 4.308
1791415887.411 38786 9.385
1791415887.421 38796 4.387
1791415887.423 38794 9.419
1791415887.433 38802 7.454
1791415887.435 38804 6.440
1791415887.445 38810 7.342
1791415887.447 38812 6.340
1791415887.458 38818 7.526
1791415887.460 38820 6.509
1791415887.470 38828 4.489
1791415887.472 38826 9.521
1791415887.482 38834 5.278
1791415887.484 38836 6.334
1791415887.494 38842 5.840
1791415887.496 38844 6.266
1791415887.506 38852 4.293
1791415887.508 38850 7.712
1791415887.518 38858 7.393
1791415887.520 38860 6.386
1791415887.530 38866 7.372
1791415887.532 38868 6.358
1791415887.542 38876 4.254
1791415887.544 38874 9.289
1791415887.554 38882 7.297
1791415887.556 38884 6.295
1791415887.567 38892 4.250
1791415887.569 38890 9.292
1791415887.579 38900 4.573
1791415887.581 38898 9.608
1791415887.591 38908 4.369
1791415887.593 38906 9.385
1791415887.603 38916 4.312
1791415887.605 38914 9.356
1791415887.615 38924 4.337
1791415887.617 38922 9.377
1791415887.627 38932 4.494
1791415887.629 38930 8.046
1791415887.639 38938 7.430
1791415887.641 38940 6.423
1791415887.651 38948 4.290
1791415887.653 38946 8.121
1791415887.664 38956 4.554
1791415887.666 38954 8.479
1791415887.676 38964 4.509
1791415887.678 38962 9.545
1791415887.688 38972 4.475
1791415887.690 38970 9.516
1791415887.700 38978 7.402
1791415887.702 38980 6.387
1791415887.712 38986 7.341
1791415887.714 38988 6.297
1791415887.724 38996 4.393
1791415887.726 38994 8.017
1791415887.736 39002 6.093
1791415887.738 39004 6.339
1791415887.749 39012 4.326
1791415887.751 39010 9.371
1791415887.761 39018 7.314
1791415887.763 39020 6.302
1791415887.773 39026 7.330
1791415887.775 39028 6.317
1791415887.785 39034 7.573
1791415887.787 39036 6.549
1791415887.797 39042 5.892
1791415887.799 39044 6.393
1791415887.809 39052 4.365
1791415887.811 39050 9.369
1791415887.821 39060 4.376
1791415887.823 39058 9.406
1791415887.834 39066 7.452
1791415887.836 39068 6.427
1791415887.846 39074 7.345
1791415887.848 39076 6.327
1791415887.858 39082 7.314
1791415887.860 39084 6.297
1791415887.870 39092 4.319
1791415887.872 39090 9.371
1791415887.882 39098 7.378
1791415887.884 39100 6.362
1791415887.894 39108 4.353
1791415887.896 39106 9.367
1791415887.906 39116 4.317
1791415887.908 39114 9.345
1791415887.918 39124 4.307
1791415887.920 39122 9.336
1791415887.931 39130 6.355
1791415887.933 39132 6.478
1791415887.943 39138 7.520
1791415887.945 39140 6.484
1791415887.955 39146 7.361
1791415887.957 39148 6.345
1791415887.967 39156 4.333
1791415887.969 39154 9.330
1791415887.979 39162 7.405
1791415887.981 39164 6.396
1791415887.992 39170 7.622
1791415887.994 39172 6.607
1791415888.003 39178 7.377
1791415888.005 39180 6.358
1791415888.016 39186 7.215
1791415888.018 39188 6.398
1791415888.028 39196 4.348
1791415888.030 39194 9.440
1791415888.040 39204 4.347
1791415888.042 39202 9.362
1791415888.052 39212 4.279
1791415888.054 39210 9.240
1791415888.064 39218 7.359
1791415888.066 39220 6.337
1791415888.076 39226 7.356
1791415888.078 39228 6.360
1791415888.088 39236 4.414
1791415888.090 39234 9.436
1791415888.101 39244 4.695
1791415888.103 39242 9.728
1791415888.113 39250 7.331
1791415888.115 39252 6.282
1791415888.125 39260 4.248
1791415888.127 39258 9.339
1791415888.137 39266 7.372
1791415888.139 39268 6.367
1791415888.149 39276 4.344
1791415888.151 39274 9.377
1791415888.161 39284 4.350
1791415888.163 39282 9.353
1791415888.173 39292 4.349
1791415888.175 39290 7.949
1791415888.185 39300 4.357
1791415888.187 39298 9.439
1791415888.198 39306 7.554
1791415888.200 39308 6.538
1791415888.210 39314 7.371
1791415888.212 39316 6.355
1791415888.222 39324 4.294
1791415888.224 39322 9.327
1791415888.234 39332 4.323
1791415888.236 39330 9.352
1791415888.246 39340 4.330
1791415888.248 39338 9.366
1791415888.258 39346 7.550
1791415888.260 39348 6.532
1791415888.270 39356 4.342
1791415888.272 39354 9.373
1791415888.283 39362 7.434
1791415888.285 39364 6.417
1791415888.295 39372 4.529
1791415888.297 39370 9.562
1791415888.307 39378 7.780
1791415888.309 39380 6.750
1791415888.319 39388 4.262
1791415888.321 39386 9.351
1791415888.331 39396 4.331
1791415888.333 39394 9.353
1791415888.343 39402 7.497
1791415888.345 39404 6.425
1791415888.356 39412 4.679
1791415888.358 39410 9.716
1791415888.368 39418 7.419
1791415888.370 39420 6.401
1791415888.380 39426 7.748
1791415888.382 39428 6.731
1791415888.392 39436 4.622
1791415888.394 39434 9.651
1791415888.404 39442 7.415
1791415888.406 39444 6.394
1791415888.417 39450 7.940
1791415888.419 39452 6.923
1791415888.428 39458 7.325
1791415888.430 39460 6.317
1791415888.440 39466 7.438
1791415888.442 39468 6.417
1791415888.453 39476 4.458
1791415888.455 39474 9.454
1791415888.465 39482 7.337
1791415888.467 39484 6.336
1791415888.477 39490 7.370
1791415888.479 39492 6.369
1791415888.489 39498 7.355
1791415888.491 39500 6.333
1791415888.501 39506 5.688
1791415888.503 39508 6.321
1791415888.513 39516 4.334
1791415888.515 39514 9.364
1791415888.525 39522 7.373
1791415888.527 39524 6.353
1791415888.537 39530 7.377
1791415888.539 39532 6.369
1791415888.550 39538 7.520
1791415888.552 39540 6.501
1791415888.562 39546 7.386
1791415888.564 39548 6.367
1791415888.574 39554 7.473
1791415888.576 39556 6.458
1791415888.586 39564 4.360
1791415888.588 39562 9.397
1791415888.598 39572 4.343
1791415888.600 39570 7.800
1791415888.610 39578 7.322
1791415888.612 39580 6.323
1791415888.622 39588 4.280
1791415888.624 39586 7.892
1791415888.634 39596 4.427
1791415888.636 39594 8.123
1791415888.647 39602 7.417
1791415888.649 39604 6.398
1791415888.659 39612 4.374
1791415888.661 39610 9.437
1791415888.671 39620 4.341
1791415888.673 39618 9.378
1791415888.683 39628 4.345
1791415888.685 39626 9.378
1791415888.695 39634 7.347
1791415888.697 39636 6.328
1791415888.707 39644 4.456
1791415888.709 39642 9.493
1791415888.719 39650 6.040
1791415888.721 39652 6.417
1791415888.732 39660 4.569
1791415888.734 39658 9.601
1791415888.744 39666 7.331
1791415888.746 39668 6.313
1791415888.756 39676 4.315
1791415888.758 39674 9.308
1791415888.768 39684 4.277
1791415888.770 39682 7.699
1791415888.780 39692 4.417
1791415888.782 39690 9.452
1791415888.792 39698 7.321
1791415888.794 39700 6.303
1791415888.804 39706 7.413
1791415888.806 39708 6.391
1791415888.816 39714 7.382
1791415888.818 39716 6.368
1791415888.829 39722 6.181
1791415888.831 39724 6.345
1791415888.841 39730 7.849
1791415888.843 39732 6.814
1791415888.853 39740 4.377
1791415888.855 39738 9.488
1791415888.865 39746 7.382
1791415888.867 39748 6.360
1791415888.877 39756 4.324
1791415888.879 39754 7.809
1791415888.889 39762 7.515
1791415888.891 39764 6.510
1791415888.901 39772 4.400
1791415888.903 39770 9.419
1791415888.914 39780 4.677
1791415888.916 39778 9.679
1791415888.926 39788 4.647
1791415888.928 39786 9.686
1791415888.938 39796 4.386
1791415888.940 39794 9.439
1791415888.950 39804 4.346
1791415888.952 39802 9.378
1791415888.962 39812 4.290
1791415888.964 39810 9.318
1791415888.975 39818 8.514
1791415888.977 39820 7.500
1791415888.988 39828 5.643
1791415888.990 39826 10.589
1791415889.000 39836 5.721
1791415889.002 39834 10.723
1791415889.012 39844 4.931
1791415889.014 39842 10.871
1791415889.024 39852 5.987
1791415889.026 39850 10.987
1791415889.037 39858 8.812
1791415889.039 39860 8.077
1791415889.049 39866 8.688
1791415889.051 39868 7.911
1791415889.061 39876 5.861
1791415889.063 39874 10.815
1791415889.073 39884 5.868
1791415889.075 39882 10.786
1791415889.085 39890 8.741
1791415889.087 39892 7.296
1791415889.097 39900 5.906
1791415889.099 39898 10.785
1791415889.109 39908 5.994
1791415889.111 39906 10.737
1791415889.121 39916 4.885
1791415889.123 39914 10.632
1791415889.134 39922 8.884
1791415889.136 39924 7.934
1791415889.146 39930 8.719
1791415889.148 39932 7.911
1791415889.158 39940 5.950
1791415889.160 39938 10.809
1791415889.170 39946 8.818
1791415889.172 39948 7.043
1791415889.182 39956 5.975
1791415889.184 39954 10.906
1791415889.194 39964 5.163
1791415889.196 39962 10.892
1791415889.207 39972 4.503
1791415889.209 39970 11.308
1791415889.214 39978 4.667
1791415889.220 39980 5.455
1791415889.227 39986 5.461
1791415889.233 39988 8.152
1791415889.241 39994 7.512
1791415889.243 39996 6.497
1791415889.253 40002 5.884
1791415889.255 40004 6.355
1791415889.265 40010 6.071
1791415889.267 40012 6.378
1791415889.277 40018 6.113
1791415889.279 40020 6.310
1791415889.290 40028 4.368
1791415889.292 40026 8.212
1791415889.302 40034 6.023
1791415889.304 40036 6.300
1791415889.314 40044 4.348
1791415889.316 40042 9.389
1791415889.326 40052 4.337
1791415889.328 40050 9.377
1791415889.339 40058 7.927
1791415889.341 40060 6.925
1791415889.350 40068 4.358
1791415889.352 40066 9.390
1791415889.362 40076 4.377
1791415889.365 40074 9.415
1791415889.375 40082 7.399
1791415889.377 40084 6.376
1791415889.387 40090 7.611
1791415889.389 40092 6.598
1791415889.399 40100 4.339
1791415889.401 40098 9.418
1791415889.411 40108 4.332
1791415889.413 40106 7.859
1791415889.423 40116 4.315
1791415889.425 40114 7.891
1791415889.435 40124 4.301
1791415889.437 40122 9.333
1791415889.448 40132 4.730
1791415889.450 40130 9.782
1791415889.460 40138 7.383
1791415889.462 40140 6.367
1791415889.472 40148 4.349
1791415889.474 40146 9.350
1791415889.484 40156 4.330
1791415889.486 40154 9.365
1791415889.496 40164 4.407
1791415889.498 40162 9.441
1791415889.508 40172 4.392
1791415889.510 40170 9.423
1791415889.520 40178 7.369
1791415889.522 40180 6.357
1791415889.532 40186 6.018
1791415889.534 40188 6.399
1791415889.545 40194 7.561
1791415889.547 40196 6.580
1791415889.557 40204 4.371
1791415889.559 40202 9.402
1791415889.569 40210 7.327
1791415889.571 40212 6.325
1791415889.581 40220 4.634
1791415889.583 40218 9.670
1791415889.593 40226 7.404
1791415889.595 40228 6.371
1791415889.605 40234 7.535
1791415889.607 40236 6.522
1791415889.617 40244 4.404
1791415889.619 40242 9.451
1791415889.629 40252 4.370
1791415889.631 40250 9.391
1791415889.642 40258 7.366
1791415889.644 40260 6.347
1791415889.654 40266 7.371
1791415889.656 40268 6.352
1791415889.666 40276 4.409
1791415889.668 40274 9.447
1791415889.678 40282 7.672
1791415889.680 40284 6.648
1791415889.690 40290 7.451
1791415889.692 40292 6.425
1791415889.702 40298 7.416
1791415889.704 40300 6.396
1791415889.714 40306 7.347
1791415889.716 40308 6.328
1791415889.727 40316 4.391
1791415889.729 40314 9.426
1791415889.739 40322 7.368
1791415889.741 40324 6.366
1791415889.751 40332 4.408
1791415889.753 40330 9.394
1791415889.763 40340 4.307
1791415889.765 40338 9.343
1791415889.775 40348 4.461
1791415889.777 40346 8.189
1791415889.787 40356 4.406
1791415889.789 40354 8.831
1791415889.799 40362 7.382
1791415889.801 40364 6.368
1791415889.811 40372 4.364
1791415889.813 40370 9.365
1791415889.824 40378 7.379
1791415889.826 40380 6.359
1791415889.836 40388 4.247
1791415889.838 40386 9.287
1791415889.848 40394 7.359
1791415889.850 40396 6.346
1791415889.860 40404 4.332
1791415889.862 40402 9.345
1791415889.872 40410 5.487
1791415889.874 40412 6.308
1791415889.884 40420 4.576
1791415889.886 40418 9.617
1791415889.896 40426 7.429
1791415889.898 40428 6.407
1791415889.909 40434 7.467
1791415889.911 40436 6.442
1791415889.921 40442 7.352
1791415889.923 40444 6.329
1791415889.933 40450 7.477
1791415889.935 40452 6.465
1791415889.945 40460 4.263
1791415889.947 40458 9.297
1791415889.957 40466 7.449
1791415889.959 40468 6.437
1791415889.969 40476 4.255
1791415889.971 40474 9.306
1791415889.981 40482 7.408
1791415889.983 40484 6.386
1791415889.994 40492 4.459
1791415889.996 40490 9.496
1791415890.006 40500 4.359
1791415890.008 40498 9.394
1791415890.018 40508 4.303
1791415890.020 40506 9.379
1791415890.030 40516 4.319
1791415890.032 40514 9.353
1791415890.042 40522 7.413
1791415890.044 40524 6.384
1791415890.054 40530 5.966
1791415890.056 40532 6.451
1791415890.067 40538 7.706
1791415890.069 40540 6.691
1791415890.079 40548 4.642
1791415890.081 40546 9.691
1791415890.091 40556 4.702
1791415890.093 40554 9.705
1791415890.103 40564 4.572
1791415890.105 40562 9.609
1791415890.115 40570 5.846
1791415890.117 40572 6.496
1791415890.127 40578 5.824
1791415890.129 40580 6.532
1791415890.139 40586 7.547
1791415890.141 40588 6.529
1791415890.151 40594 7.628
1791415890.153 40596 6.617
1791415890.164 40604 4.648
1791415890.166 40602 9.739
1791415890.176 40612 4.461
1791415890.178 40610 9.495
1791415890.188 40620 4.498
1791415890.190 40618 9.547
1791415890.200 40626 7.590
1791415890.202 40628 6.500
1791415890.212 40636 4.428
1791415890.214 40634 7.777
1791415890.224 40642 7.423
1791415890.226 40644 6.425
1791415890.236 40652 4.339
1791415890.238 40650 7.819
1791415890.248 40660 4.586
1791415890.251 40658 7.950
1791415890.261 40666 7.651
1791415890.263 40668 6.635
1791415890.273 40674 7.434
1791415890.275 40676 6.412
1791415890.285 40682 7.327
1791415890.287 40684 6.309
1791415890.297 40692 4.307
1791415890.299 40690 9.342
1791415890.309 40698 7.376
1791415890.311 40700 6.357
1791415890.321 40708 4.440
1791415890.323 40706 9.461
1791415890.333 40714 7.407
1791415890.335 40716 6.396
1791415890.345 40724 4.313
1791415890.347 40722 9.348
1791415890.358 40730 6.251
1791415890.360 40732 6.515
1791415890.370 40740 4.543
1791415890.372 40738 9.563
1791415890.382 40748 4.668
1791415890.384 40746 9.693
1791415890.394 40756 4.466
1791415890.396 40754 9.499
1791415890.406 40762 7.564
1791415890.408 40764 6.583
1791415890.418 40772 4.443
1791415890.420 40770 9.481
1791415890.430 40780 4.319
1791415890.432 40778 9.344
1791415890.442 40786 7.399
1791415890.444 40788 6.379
1791415890.455 40794 7.357
1791415890.457 40796 6.339
1791415890.467 40802 7.392
1791415890.469 40804 6.371
1791415890.479 40812 4.422
1791415890.481 40810 9.505
1791415890.491 40820 4.291
1791415890.493 40818 9.391
1791415890.503 40826 7.515
1791415890.505 40828 6.481
1791415890.515 40834 7.309
1791415890.517 40836 6.291
1791415890.527 40842 7.347
1791415890.529 40844 6.332
1791415890.540 40852 4.382
1791415890.542 40850 9.415
1791415890.552 40860 4.406
1791415890.554 40858 9.436
1791415890.564 40866 7.557
1791415890.566 40868 6.586
1791415890.576 40874 7.308
1791415890.578 40876 6.285
1791415890.588 40884 4.572
1791415890.590 40882 9.608
1791415890.600 40890 7.333
1791415890.602 40892 6.312
1791415890.612 40898 7.338
1791415890.614 40900 6.325
1791415890.624 40908 4.337
1791415890.626 40906 9.338
1791415890.636 40916 4.280
1791415890.638 40914 9.315
1791415890.649 40924 4.389
1791415890.651 40922 9.423
1791415890.661 40932 4.377
1791415890.663 40930 9.416
1791415890.673 40938 5.625
1791415890.675 40940 6.405
1791415890.685 40948 4.506
1791415890.687 40946 9.541
1791415890.697 40956 4.576
1791415890.699 40954 9.611
1791415890.709 40964 4.450
1791415890.711 40962 9.453
1791415890.722 40972 5.032
1791415890.724 40970 8.798
1791415890.735 40980 5.457
1791415890.737 40978 10.797
1791415890.748 40988 6.228
1791415890.750 40986 11.069
1791415890.760 40994 8.942
1791415890.762 40996 7.541
1791415890.772 41004 5.820
1791415890.774 41002 10.636
1791415890.784 41012 5.868
1791415890.786 41010 10.792
1791415890.796 41020 5.470
1791415890.798 41018 10.892
1791415890.808 41026 8.768
1791415890.810 41028 7.760
1791415890.820 41034 9.004
1791415890.822 41036 8.010
1791415890.832 41042 8.672
1791415890.834 41044 7.898
1791415890.845 41052 5.171
1791415890.847 41050 10.873
1791415890.857 41058 8.670
1791415890.859 41060 7.640
1791415890.869 41068 6.020
1791415890.871 41066 10.942
1791415890.881 41074 8.925
1791415890.883 41076 8.033
1791415890.894 41082 9.640
1791415890.896 41084 8.762
1791415890.905 41090 8.793
1791415890.907 41092 7.974
1791415890.917 41100 6.190
1791415890.919 41098 11.006
1791415890.929 41106 8.805
1791415890.931 41108 7.951
1791415890.943 41116 7.212
1791415890.945 41114 12.023
1791415890.954 41124 5.782
1791415890.956 41122 10.805
1791415890.966 41132 5.541
1791415890.968 41130 11.025
1791415890.978 41138 8.796
1791415890.980 41140 7.864
1791415890.990 41146 8.465
1791415890.992 41148 7.395
1791415891.002 41156 5.975
1791415891.004 41154 10.894
1791415891.014 41162 8.872
1791415891.016 41164 7.504
1791415891.026 41170 8.761
1791415891.029 41172 7.106
1791415891.039 41180 5.952
1791415891.041 41178 10.760
1791415891.051 41186 9.266
1791415891.053 41188 8.221
1791415891.063 41194 8.838
1791415891.065 41196 7.994
1791415891.075 41202 8.891
1791415891.077 41204 8.051
1791415891.087 41212 5.942
1791415891.089 41210 10.916
1791415891.099 41218 8.906
1791415891.101 41220 7.984
1791415891.112 41228 6.093
1791415891.114 41226 10.943
1791415891.124 41236 5.961
1791415891.126 41234 10.676
1791415891.136 41244 6.130
1791415891.138 41242 11.018
1791415891.148 41252 5.677
1791415891.150 41250 10.704
1791415891.160 41258 8.837
1791415891.162 41260 7.938
1791415891.172 41266 8.698
1791415891.174 41268 7.805
1791415891.184 41276 6.037
1791415891.186 41274 10.882
1791415891.196 41284 6.004
1791415891.198 41282 10.771
1791415891.209 41290 8.713
1791415891.211 41292 7.982
1791415891.221 41298 8.755
1791415891.223 41300 7.907
1791415891.233 41306 8.974
1791415891.235 41308 7.895
1791415891.245 41316 5.949
1791415891.247 41314 10.914
1791415891.257 41322 8.767
1791415891.259 41324 7.704
1791415891.269 41332 5.869
1791415891.271 41330 10.704
1791415891.281 41338 8.794
1791415891.283 41340 7.828
1791415891.293 41346 8.655
1791415891.295 41348 7.909
1791415891.306 41354 8.842
1791415891.308 41356 7.984
1791415891.318 41362 8.717
1791415891.320 41364 7.912
1791415891.330 41372 5.833
1791415891.332 41370 10.699
1791415891.343 41378 9.622
1791415891.345 41380 8.688
1791415891.354 41386 8.643
1791415891.356 41388 7.771
1791415891.366 41396 5.948
1791415891.368 41394 10.807
1791415891.378 41402 8.703
1791415891.380 41404 7.360
1791415891.391 41410 9.037
1791415891.393 41412 7.840
1791415891.403 41420 5.932
1791415891.405 41418 10.859
1791415891.415 41426 8.872
1791415891.417 41428 8.012
1791415891.428 41436 6.372
1791415891.430 41434 11.735
1791415891.439 41444 6.350
1791415891.441 41442 11.179
1791415891.451 41452 6.108
1791415891.453 41450 11.082
1791415891.463 41460 5.970
1791415891.465 41458 10.973
1791415891.475 41466 8.891
1791415891.478 41468 7.987
1791415891.488 41476 6.094
1791415891.490 41474 10.970
1791415891.500 41482 8.911
1791415891.502 41484 8.105
1791415891.512 41490 8.975
1791415891.514 41492 8.010
1791415891.524 41498 8.833
1791415891.526 41500 7.025
1791415891.536 41508 5.992
1791415891.538 41506 10.851
1791415891.548 41514 8.854
1791415891.550 41516 8.100
1791415891.560 41524 5.962
1791415891.562 41522 10.848
1791415891.573 41530 9.056
1791415891.575 41532 8.245
1791415891.586 41540 7.066
1791415891.588 41538 11.782
1791415891.597 41548 5.733
1791415891.599 41546 10.674
1791415891.609 41556 5.617
1791415891.611 41554 10.979
1791415891.622 41564 5.425
1791415891.624 41562 11.628
1791415891.633 41570 8.541
1791415891.635 41572 7.652
1791415891.645 41578 8.865
1791415891.647 41580 7.995
1791415891.657 41588 5.938
1791415891.659 41586 10.700
1791415891.670 41594 9.037
1791415891.672 41596 7.975
1791415891.682 41604 5.226
1791415891.684 41602 10.724
1791415891.694 41610 8.788
1791415891.696 41612 7.797
1791415891.706 41620 5.903
1791415891.708 41618 10.822
1791415891.718 41626 8.623
1791415891.720 41628 7.650
1791415891.730 41634 8.687
1791415891.732 41636 7.723
1791415891.742 41644 5.978
1791415891.744 41642 10.854
1791415891.755 41652 5.662
1791415891.757 41650 10.837
1791415891.767 41660 6.028
1791415891.769 41658 10.971
1791415891.779 41666 8.943
1791415891.781 41668 7.528
1791415891.791 41674 8.830
1791415891.793 41676 7.999
1791415891.803 41682 8.780
1791415891.805 41684 7.858
1791415891.815 41690 8.800
1791415891.817 41692 7.649
1791415891.827 41698 8.918
1791415891.829 41700 8.060
1791415891.840 41708 6.565
1791415891.842 41706 11.387
1791415891.852 41714 8.468
1791415891.854 41716 7.613
1791415891.864 41724 5.931
1791415891.866 41722 10.774
1791415891.876 41730 8.685
1791415891.878 41732 7.653
1791415891.888 41738 8.832
1791415891.890 41740 7.990
1791415891.901 41748 6.868
1791415891.903 41746 11.745
1791415891.908 41754 4.507
1791415891.914 41756 5.734
1791415891.920 41762 4.609
1791415891.925 41764 5.431
1791415891.933 41770 5.580
1791415891.938 41772 7.958
1791415891.944 41778 4.781
1791415891.950 41780 5.903
1791415891.957 41786 4.792
1791415891.962 41788 5.691
1791415891.969 41794 4.618
1791415891.974 41796 5.971
1791415891.981 41802 4.893
1791415891.987 41804 6.145
1791415891.993 41810 4.386
1791415892.001 41812 10.095
1791415892.006 41818 5.491
1791415892.012 41820 8.649
1791415892.018 41826 5.345
1791415892.024 41828 8.778
1791415892.030 41834 5.613
1791415892.037 41836 8.681
1791415892.042 41842 5.579
1791415892.049 41844 9.014
1791415892.055 41850 5.875
1791415892.063 41852 10.622
1791415892.068 41858 6.777
1791415892.070 41860 5.778
1791415892.081 41866 7.479
1791415892.083 41868 6.460
1791415892.093 41874 7.523
1791415892.095 41876 6.547
1791415892.105 41884 4.287
1791415892.107 41882 9.351
1791415892.117 41892 4.346
1791415892.119 41890 9.429
1791415892.129 41900 4.273
1791415892.131 41898 7.766
1791415892.141 41908 4.397
1791415892.143 41906 9.506
1791415892.153 41914 7.354
1791415892.155 41916 6.336
1791415892.165 41924 4.307
1791415892.167 41922 9.344
1791415892.178 41932 4.325
1791415892.180 41930 9.310
1791415892.190 41938 7.499
1791415892.192 41940 6.505
1791415892.202 41948 4.365
1791415892.204 41946 9.386
1791415892.214 41954 7.670
1791415892.216 41956 6.665
1791415892.226 41964 4.535
1791415892.228 41962 9.576
1791415892.238 41970 7.324
1791415892.240 41972 6.312
1791415892.250 41978 7.432
1791415892.252 41980 6.411
1791415892.263 41986 7.400
1791415892.265 41988 6.381
1791415892.275 41994 7.365
1791415892.277 41996 6.342
1791415892.287 42004 4.361
1791415892.289 42002 7.439
1791415892.299 42010 7.855
1791415892.301 42012 6.846
1791415892.311 42018 7.339
1791415892.313 42020 6.315
1791415892.323 42026 5.765
1791415892.325 42028 6.295
1791415892.335 42034 7.430
1791415892.337 42036 6.409
1791415892.347 42042 7.366
1791415892.350 42044 6.385
1791415892.360 42052 4.339
1791415892.362 42050 9.383
1791415892.372 42058 5.923
1791415892.374 42060 6.458
1791415892.384 42068 4.312
1791415892.386 42066 9.341
1791415892.396 42076 4.320
1791415892.398 42074 9.360
1791415892.408 42082 7.407
1791415892.410 42084 6.397
1791415892.420 42092 4.482
1791415892.422 42090 7.833
1791415892.433 42100 4.464
1791415892.435 42098 9.471
1791415892.445 42108 4.367
1791415892.447 42106 9.379
1791415892.457 42114 7.582
1791415892.459 42116 6.555
1791415892.469 42122 7.411
1791415892.471 42124 6.388
1791415892.481 42130 7.288
1791415892.483 42132 6.267
1791415892.493 42140 4.317
1791415892.495 42138 9.357
1791415892.505 42146 7.630
1791415892.507 42148 6.611
1791415892.517 42156 4.334
1791415892.519 42154 8.035
1791415892.530 42162 6.275
1791415892.532 42164 6.521
1791415892.542 42172 4.352
1791415892.544 42170 9.382
1791415892.554 42180 4.445
1791415892.556 42178 9.466
1791415892.566 42188 4.316
1791415892.568 42186 9.349
1791415892.578 42194 7.417
1791415892.580 42196 6.390
1791415892.590 42202 7.351
1791415892.592 42204 6.330
1791415892.602 42212 4.351
1791415892.604 42210 9.380
1791415892.614 42218 7.486
1791415892.616 42220 6.401
1791415892.627 42226 7.401
1791415892.629 42228 6.382
1791415892.639 42236 4.291
1791415892.641 42234 9.330
1791415892.651 42242 6.333
1791415892.653 42244 6.309
1791415892.663 42250 7.334
1791415892.665 42252 6.320
1791415892.675 42260 4.320
1791415892.677 42258 9.354
1791415892.687 42266 7.474
1791415892.689 42268 6.466
1791415892.699 42274 7.287
1791415892.701 42276 6.278
1791415892.711 42284 4.284
1791415892.713 42282 9.319
1791415892.724 42292 4.419
1791415892.726 42290 9.451
1791415892.736 42298 7.504
1791415892.738 42300 6.425
1791415892.748 42308 4.331
1791415892.750 42306 9.364
1791415892.760 42316 4.368
1791415892.762 42314 9.404
1791415892.772 42324 4.272
1791415892.774 42322 9.346
1791415892.784 42330 7.365
1791415892.786 42332 6.347
1791415892.796 42338 6.053
1791415892.798 42340 6.342
1791415892.809 42348 4.318
1791415892.811 42346 8.175
1791415892.821 42354 7.370
1791415892.823 42356 6.354
1791415892.833 42362 7.448
1791415892.835 42364 6.433
1791415892.845 42372 4.510
1791415892.847 42370 8.287
1791415892.857 42380 4.339
1791415892.859 42378 7.800
1791415892.869 42386 7.356
1791415892.871 42388 6.343
1791415892.881 42396 4.426
1791415892.883 42394 9.463
1791415892.893 42402 7.356
1791415892.895 42404 6.335
1791415892.906 42410 7.331
1791415892.908 42412 6.312
1791415892.918 42418 7.439
1791415892.920 42420 6.429
1791415892.930 42426 7.404
1791415892.932 42428 6.411
1791415892.942 42434 7.470
1791415892.944 42436 6.446
1791415892.954 42442 7.330
1791415892.956 42444 6.301
1791415892.966 42452 4.287
1791415892.968 42450 9.328
1791415892.978 42458 7.344
1791415892.980 42460 6.373
1791415892.991 42468 4.309
1791415892.993 42466 9.334
1791415893.003 42476 4.377
1791415893.005 42474 9.413
1791415893.015 42482 7.369
1791415893.017 42484 6.345
1791415893.027 42492 4.401
1791415893.029 42490 9.461
1791415893.039 42500 4.310
1791415893.041 42498 7.904
1791415893.051 42506 7.460
1791415893.053 42508 6.435
1791415893.063 42516 4.395
1791415893.065 42514 9.422
1791415893.076 42524 4.379
1791415893.078 42522 9.417
1791415893.088 42532 4.497
1791415893.090 42530 7.857
1791415893.100 42538 7.416
1791415893.102 42540 6.368
1791415893.112 42546 7.348
1791415893.114 42548 6.332
1791415893.124 42554 7.354
1791415893.126 42556 6.337
1791415893.136 42562 7.342
1791415893.138 42564 6.327
1791415893.148 42570 7.439
1791415893.150 42572 6.417
1791415893.162 42580 5.497
1791415893.164 42578 10.517
1791415893.174 42586 8.717
1791415893.176 42588 7.844
1791415893.186 42596 5.985
1791415893.188 42594 10.879
1791415893.199 42604 6.248
1791415893.201 42602 11.032
1791415893.211 42610 8.932
1791415893.213 42612 8.081
1791415893.223 42618 9.024
1791415893.225 42620 8.084
1791415893.235 42626 8.714
1791415893.237 42628 7.884
1791415893.247 42636 6.027
1791415893.249 42634 10.917
1791415893.259 42644 5.979
1791415893.261 42642 11.013
1791415893.271 42650 8.903
1791415893.273 42652 8.023
1791415893.283 42658 8.850
1791415893.285 42660 7.950
1791415893.296 42666 9.125
1791415893.298 42668 6.540
1791415893.303 42674 4.514
1791415893.309 42676 5.479
1791415893.315 42682 4.618
1791415893.321 42684 5.376
1791415893.328 42690 4.790
1791415893.333 42692 5.598
1791415893.340 42698 4.598
1791415893.347 42700 7.383
1791415893.353 42706 5.472
1791415893.361 42708 9.628
1791415893.367 42714 7.316
1791415893.369 42716 6.352
1791415893.379 42724 4.412
1791415893.381 42722 9.413
1791415893.391 42730 7.417
1791415893.393 42732 6.423
1791415893.403 42738 7.364
1791415893.405 42740 6.341
1791415893.415 42748 4.393
1791415893.417 42746 9.390
1791415893.427 42754 7.406
1791415893.429 42756 6.389
1791415893.440 42762 7.698
1791415893.442 42764 6.677
1791415893.452 42772 4.342
1791415893.454 42770 9.378
1791415893.464 42780 4.394
1791415893.466 42778 9.434
1791415893.476 42788 4.606
1791415893.478 42786 9.644
1791415893.488 42796 4.225
1791415893.490 42794 9.257
1791415893.500 42804 4.262
1791415893.502 42802 9.297
1791415893.512 42812 4.319
1791415893.514 42810 9.362
1791415893.524 42820 4.324
1791415893.526 42818 9.314
1791415893.537 42828 4.325
1791415893.539 42826 9.360
1791415893.549 42836 4.354
1791415893.551 42834 9.346
1791415893.561 42844 4.314
1791415893.563 42842 9.361
1791415893.573 42850 7.359
1791415893.575 42852 6.340
1791415893.585 42860 4.604
1791415893.587 42858 9.637
1791415893.597 42866 7.366
1791415893.599 42868 6.387
1791415893.609 42874 7.373
1791415893.611 42876 6.354
1791415893.622 42884 4.362
1791415893.624 42882 9.395
1791415893.634 42892 4.376
1791415893.636 42890 9.410
1791415893.646 42898 7.328
1791415893.648 42900 6.310
1791415893.658 42906 5.781
1791415893.660 42908 6.276
1791415893.670 42916 4.383
1791415893.672 42914 9.372
1791415893.682 42922 7.391
1791415893.684 42924 6.375
1791415893.694 42930 7.273
1791415893.696 42932 6.319
1791415893.706 42938 7.364
1791415893.708 42940 6.346
1791415893.719 42946 7.373
1791415893.721 42948 6.352
1791415893.731 42954 7.376
1791415893.733 42956 6.358
1791415893.743 42962 7.344
1791415893.745 42964 6.326
1791415893.755 42972 4.469
1791415893.757 42970 9.503
1791415893.767 42978 6.894
1791415893.769 42980 5.239
1791415893.781 42988 6.101
1791415893.783 42986 11.040
1791415893.793 42994 8.752
1791415893.795 42996 7.904
1791415893.805 43002 8.860
1791415893.807 43004 7.921
1791415893.817 43012 6.005
1791415893.819 43010 10.960
1791415893.829 43020 5.976
1791415893.831 43018 10.669
1791415893.842 43028 5.959
1791415893.844 43026 10.836
1791415893.854 43034 8.859
1791415893.856 43036 7.830
1791415893.866 43042 8.709
1791415893.868 43044 7.585
1791415893.878 43052 4.930
1791415893.880 43050 10.827
1791415893.890 43058 8.929
1791415893.892 43060 8.002
1791415893.902 43066 8.933
1791415893.904 43068 8.021
1791415893.914 43074 8.857
1791415893.916 43076 7.756
1791415893.927 43082 8.855
1791415893.929 43084 7.242
1791415893.939 43090 8.867
1791415893.941 43092 8.050
1791415893.951 43098 8.847
1791415893.953 43100 8.139
1791415893.963 43106 8.565
1791415893.965 43108 7.929
1791415893.977 43116 7.438
1791415893.979 43114 12.464
1791415893.987 43122 8.618
1791415893.989 43124 8.077
1791415893.999 43130 8.715
1791415894.001 43132 6.885
1791415894.012 43140 5.782
1791415894.014 43138 10.916
1791415894.024 43148 6.213
1791415894.026 43146 11.002
1791415894.036 43156 5.314
1791415894.038 43154 10.728
1791415894.048 43164 5.921
1791415894.050 43162 10.818
1791415894.060 43170 8.769
1791415894.062 43172 6.992
1791415894.072 43178 8.992
1791415894.074 43180 8.080
1791415894.085 43188 6.058
1791415894.087 43186 11.517
1791415894.097 43196 4.589
1791415894.099 43194 11.281
1791415894.109 43202 8.956
1791415894.111 43204 7.942
1791415894.119 43212 4.362
1791415894.121 43210 9.401
1791415894.131 43220 4.360
1791415894.133 43218 9.394
1791415894.143 43228 4.404
1791415894.145 43226 9.444
1791415894.156 43234 7.439
1791415894.158 43236 6.418
1791415894.168 43244 4.324
1791415894.170 43242 9.384
1791415894.180 43252 4.312
1791415894.182 43250 9.305
1791415894.192 43260 4.393
1791415894.194 43258 9.425
1791415894.204 43268 4.332
1791415894.206 43266 9.341
1791415894.216 43274 7.377
1791415894.218 43276 6.355
1791415894.229 43282 7.767
1791415894.231 43284 6.730
1791415894.241 43290 7.709
1791415894.243 43292 6.748
1791415894.253 43298 7.395
1791415894.255 43300 6.397
1791415894.265 43308 4.255
1791415894.267 43306 9.297
1791415894.277 43314 7.354
1791415894.279 43316 6.321
1791415894.289 43324 4.318
1791415894.291 43322 9.349
1791415894.301 43332 4.344
1791415894.303 43330 9.384
1791415894.313 43340 4.421
1791415894.315 43338 9.451
1791415894.325 43348 4.464
1791415894.327 43346 9.495
1791415894.337 43354 7.359
1791415894.339 43356 6.365
1791415894.350 43362 7.350
1791415894.352 43364 6.323
1791415894.362 43370 7.325
1791415894.364 43372 6.315
1791415894.374 43378 7.394
1791415894.376 43380 6.339
1791415894.386 43388 4.331
1791415894.388 43386 8.028
1791415894.398 43396 4.463
1791415894.400 43394 9.496
1791415894.410 43404 4.338
1791415894.412 43402 9.374
1791415894.422 43412 4.424
1791415894.424 43410 9.455
1791415894.435 43418 7.438
1791415894.437 43420 6.427
1791415894.447 43426 7.320
1791415894.449 43428 6.374
1791415894.459 43436 4.235
1791415894.461 43434 7.722
1791415894.471 43444 4.401
1791415894.473 43442 9.433
1791415894.483 43450 5.483
1791415894.485 43452 6.353
1791415894.495 43460 4.419
1791415894.497 43458 9.458
1791415894.507 43468 4.468
1791415894.509 43466 9.501
1791415894.519 43476 4.337
1791415894.521 43474 9.347
1791415894.532 43484 4.336
1791415894.534 43482 9.331
1791415894.544 43492 4.284
1791415894.546 43490 7.769
1791415894.556 43498 7.611
1791415894.558 43500 6.598
1791415894.568 43506 7.378
1791415894.570 43508 6.360
1791415894.580 43514 7.317
1791415894.582 43516 6.301
1791415894.592 43524 4.475
1791415894.594 43522 9.508
1791415894.604 43532 4.368
1791415894.606 43530 8.084
1791415894.617 43538 6.177
1791415894.619 43540 6.344
1791415894.629 43548 4.452
1791415894.631 43546 9.485
1791415894.641 43554 7.230
1791415894.643 43556 6.255
1791415894.653 43562 7.348
1791415894.655 43564 6.326
1791415894.665 43570 7.488
1791415894.667 43572 6.459
1791415894.677 43578 7.337
1791415894.679 43580 6.317
1791415894.690 43588 4.535
1791415894.692 43586 9.580
1791415894.702 43594 7.380
1791415894.704 43596 6.358
1791415894.714 43604 4.556
1791415894.716 43602 9.594
1791415894.726 43612 4.306
1791415894.728 43610 9.337
1791415894.738 43620 4.348
1791415894.740 43618 9.382
1791415894.750 43626 7.284
1791415894.752 43628 6.266
1791415894.762 43636 4.372
1791415894.764 43634 9.407
1791415894.774 43642 7.335
1791415894.776 43644 6.318
1791415894.786 43650 7.374
1791415894.788 43652 6.357
1791415894.799 43658 7.389
1791415894.801 43660 6.366
1791415894.811 43666 5.816
1791415894.813 43668 6.334
1791415894.823 43674 7.345
1791415894.825 43676 6.325
1791415894.835 43682 7.362
1791415894.837 43684 6.342
1791415894.847 43692 4.378
1791415894.849 43690 9.392
1791415894.859 43700 4.503
1791415894.861 43698 9.602
1791415894.872 43706 7.640
1791415894.874 43708 6.571
1791415894.884 43716 4.351
1791415894.886 43714 9.353
1791415894.896 43722 7.316
1791415894.898 43724 6.301
1791415894.908 43730 7.449
1791415894.910 43732 6.678
1791415894.920 43740 4.350
1791415894.922 43738 9.390
1791415894.932 43746 7.343
1791415894.934 43748 6.322
1791415894.944 43754 7.291
1791415894.946 43756 6.273
1791415894.960 43764 8.258
1791415894.962 43762 11.494
1791415894.967 43770 5.604
1791415894.974 43772 9.465
1791415894.980 43780 3.721
1791415894.982 43778 7.950
1791415894.993 43786 7.416
1791415894.995 43788 6.387
1791415895.005 43796 4.447
1791415895.007 43794 6.877
1791415895.017 43802 7.375
1791415895.019 43804 6.372
1791415895.029 43812 4.262
1791415895.031 43810 9.219
1791415895.041 43820 4.231
1791415895.043 43818 9.262
1791415895.053 43826 7.381
1791415895.055 43828 6.363
1791415895.066 43834 7.419
1791415895.068 43836 6.397
1791415895.078 43842 7.288
1791415895.080 43844 6.282
1791415895.090 43852 4.322
1791415895.092 43850 9.358
1791415895.102 43858 7.717
1791415895.104 43860 6.710
1791415895.114 43868 4.355
1791415895.116 43866 9.384
1791415895.126 43874 7.272
1791415895.128 43876 6.248
1791415895.138 43884 4.336
1791415895.140 43882 9.375
1791415895.151 43890 7.479
1791415895.153 43892 6.456
1791415895.163 43900 4.417
1791415895.165 43898 9.456
1791415895.175 43908 4.365
1791415895.177 43906 9.401
1791415895.187 43916 4.408
1791415895.189 43914 8.003
1791415895.199 43924 4.291
1791415895.201 43922 9.330
1791415895.211 43930 7.292
1791415895.213 43932 6.295
1791415895.223 43938 7.395
1791415895.225 43940 6.378
1791415895.235 43948 4.335
1791415895.237 43946 9.372
1791415895.248 43956 4.340
1791415895.250 43954 9.145
1791415895.260 43962 7.520
1791415895.262 43964 6.502
1791415895.272 43972 4.399
1791415895.274 43970 9.431
1791415895.284 43978 7.299
1791415895.286 43980 6.278
1791415895.296 43988 4.336
1791415895.298 43986 8.006
1791415895.308 43996 4.285
1791415895.310 43994 9.323
1791415895.320 44002 6.998
1791415895.322 44004 6.396
1791415895.332 44010 7.373
1791415895.334 44012 6.349
1791415895.345 44018 7.380
1791415895.347 44020 6.379
1791415895.357 44028 4.411
1791415895.359 44026 9.438
1791415895.369 44036 4.327
1791415895.371 44034 9.367
1791415895.381 44042 7.503
1791415895.383 44044 6.488
1791415895.393 44050 5.888
1791415895.395 44052 6.322
1791415895.405 44060 4.248
1791415895.407 44058 9.280
1791415895.418 44066 7.584
1791415895.420 44068 6.485
1791415895.430 44076 4.330
1791415895.432 44074 9.371
1791415895.442 44082 7.352
1791415895.444 44084 6.335
1791415895.454 44090 5.914
1791415895.456 44092 6.438
1791415895.466 44098 7.565
1791415895.468 44100 6.545
1791415895.478 44108 4.323
1791415895.480 44106 9.353
1791415895.490 44114 7.342
1791415895.492 44116 6.324
1791415895.502 44124 4.436
1791415895.504 44122 9.469
1791415895.514 44130 7.333
1791415895.516 44132 6.312
1791415895.527 44138 7.390
1791415895.529 44140 6.372
1791415895.539 44148 4.236
1791415895.541 44146 9.274
1791415895.551 44156 4.232
1791415895.553 44154 9.274
1791415895.563 44164 4.275
1791415895.565 44162 9.309
1791415895.575 44170 7.544
1791415895.577 44172 6.528
1791415895.587 44180 4.361
1791415895.589 44178 9.378
1791415895.599 44188 4.349
1791415895.601 44186 9.354
1791415895.611 44196 4.274
1791415895.614 44194 9.315
1791415895.624 44204 4.719
1791415895.626 44202 9.752
1791415895.636 44212 4.402
1791415895.638 44210 9.434
1791415895.648 44220 4.308
1791415895.650 44218 9.332
1791415895.660 44226 7.359
1791415895.662 44228 6.389
1791415895.672 44234 7.447
1791415895.674 44236 6.414
1791415895.684 44242 5.967
1791415895.686 44244 6.331
1791415895.697 44252 4.667
1791415895.699 44250 9.769
1791415895.709 44260 4.392
1791415895.711 44258 7.644
1791415895.721 44266 7.553
1791415895.730 44268 11.257
1791415895.734 44276 5.136
1791415895.736 44274 8.351
1791415895.745 44284 4.341
1791415895.747 44282 9.457
1791415895.757 44290 7.663
1791415895.759 44292 6.649
1791415895.775 44300 10.497
1791415895.777 44298 13.645
1791415895.780 44306 5.978
1791415895.787 44308 9.430
1791415895.794 44314 7.570
1791415895.796 44316 6.553
1791415895.806 44322 7.397
1791415895.808 44324 6.374
1791415895.818 44330 7.486
1791415895.820 44332 6.446
1791415895.830 44338 7.388
1791415895.832 44340 6.384
1791415895.842 44348 4.413
1791415895.844 44346 9.445
1791415895.854 44356 4.364
1791415895.856 44354 9.394
1791415895.866 44362 7.315
1791415895.868 44364 6.335
1791415895.879 44370 7.395
1791415895.881 44372 6.374
1791415895.891 44380 4.949
1791415895.893 44378 9.980
1791415895.903 44386 7.135
1791415895.906 44388 7.152
1791415895.913 44394 5.136
1791415895.920 44396 7.266
1791415895.924 44402 4.665
1791415895.932 44404 8.180
1791415895.936 44410 4.619
1791415895.942 44412 5.478
1791415895.949 44418 4.582
1791415895.954 44420 5.756
1791415895.961 44426 4.551
1791415895.966 44428 7.263
1791415895.973 44434 4.491
1791415895.979 44436 7.679
1791415895.985 44442 4.524
1791415895.990 44444 6.897
1791415895.997 44450 4.650
1791415896.003 44452 5.597
1791415896.012 44458 6.928
1791415896.016 44460 7.868
1791415896.023 44466 5.914
1791415896.027 44468 7.287
1791415896.034 44474 4.709
1791415896.040 44476 6.628
1791415896.048 44482 7.414
1791415896.050 44484 6.394
1791415896.060 44490 6.126
1791415896.063 44492 6.317
1791415896.073 44500 4.320
1791415896.075 44498 8.269
1791415896.085 44506 7.676
1791415896.087 44508 6.659
1791415896.097 44516 4.313
1791415896.099 44514 9.342
1791415896.109 44522 7.512
1791415896.111 44524 6.481
1791415896.121 44532 4.355
1791415896.123 44530 9.388
1791415896.133 44540 4.405
1791415896.135 44538 9.443
1791415896.145 44548 4.323
1791415896.147 44546 9.358
1791415896.158 44554 7.436
1791415896.160 44556 6.418
1791415896.170 44562 7.336
1791415896.172 44564 6.304
1791415896.182 44570 7.333
1791415896.184 44572 6.317
1791415896.194 44580 4.331
1791415896.196 44578 9.369
1791415896.206 44586 7.321
1791415896.208 44588 6.297
1791415896.218 44594 7.408
1791415896.220 44596 6.384
1791415896.230 44604 4.370
1791415896.232 44602 9.417
1791415896.243 44612 4.327
1791415896.245 44610 8.164
1791415896.255 44618 6.290
1791415896.257 44620 6.337
1791415896.267 44628 4.435
1791415896.269 44626 9.465
1791415896.279 44636 4.331
1791415896.281 44634 9.432
1791415896.291 44644 4.259
1791415896.293 44642 9.301
1791415896.303 44652 4.335
1791415896.305 44650 9.374
1791415896.315 44660 4.323
1791415896.317 44658 9.359
1791415896.328 44666 7.394
1791415896.330 44668 6.371
1791415896.340 44674 7.374
1791415896.342 44676 6.354
1791415896.352 44684 4.670
1791415896.354 44682 9.680
1791415896.364 44692 4.422
1791415896.366 44690 9.417
1791415896.376 44698 7.455
1791415896.378 44700 6.435
1791415896.388 44708 4.456
1791415896.390 44706 9.490
1791415896.400 44716 4.371
1791415896.402 44714 9.409
1791415896.412 44722 7.338
1791415896.414 44724 6.341
1791415896.425 44730 7.405
1791415896.427 44732 6.387
1791415896.437 44738 7.409
1791415896.439 44740 6.376
1791415896.449 44746 7.380
1791415896.451 44748 6.392
1791415896.461 44756 4.315
1791415896.463 44754 9.355
1791415896.473 44762 7.367
1791415896.475 44764 6.348
1791415896.485 44772 4.450
1791415896.487 44770 9.488
1791415896.497 44778 5.794
1791415896.499 44780 6.438
1791415896.509 44788 4.287
1791415896.511 44786 9.315
1791415896.522 44794 7.445
1791415896.524 44796 6.437
1791415896.535 44802 8.162
1791415896.537 44804 7.139
1791415896.546 44810 7.304
1791415896.548 44812 6.296
1791415896.558 44820 4.401
1791415896.560 44818 9.435
1791415896.570 44826 7.253
1791415896.572 44828 6.243
1791415896.582 44836 4.484
1791415896.584 44834 9.520
1791415896.594 44844 4.373
1791415896.596 44842 8.094
1791415896.607 44852 4.360
1791415896.609 44850 9.193
1791415896.619 44860 4.409
1791415896.621 44858 9.432
1791415896.631 44868 4.370
1791415896.633 44866 9.401
1791415896.643 44874 7.491
1791415896.645 44876 6.432
1791415896.655 44884 4.317
1791415896.657 44882 9.351
1791415896.667 44892 4.364
1791415896.669 44890 9.455
1791415896.679 44900 4.371
1791415896.681 44898 9.406
1791415896.692 44908 4.422
1791415896.694 44906 9.468
1791415896.704 44916 4.442
1791415896.706 44914 9.483
1791415896.716 44924 4.441
1791415896.718 44922 9.478
1791415896.728 44932 4.309
1791415896.730 44930 9.341
1791415896.740 44940 4.376
1791415896.742 44938 9.488
1791415896.752 44946 5.812
1791415896.754 44948 6.291
1791415896.764 44954 5.961
1791415896.766 44956 6.397
1791415896.777 44964 4.457
1791415896.779 44962 9.453
1791415896.789 44970 7.325
1791415896.791 44972 6.309
1791415896.801 44980 4.399
1791415896.803 44978 9.381
1791415896.813 44986 7.365
1791415896.815 44988 6.393
1791415896.829 44994 9.154
1791415896.831 44996 10.022
1791415896.836 45002 5.378
1791415896.842 45004 8.547
1791415896.848 45012 3.277
1791415896.850 45010 8.288
1791415896.861 45018 7.419
1791415896.863 45020 6.395
1791415896.874 45028 4.329
1791415896.876 45026 9.371
1791415896.886 45034 7.311
1791415896.888 45036 6.294
1791415896.898 45044 4.231
1791415896.900 45042 8.964
1791415896.910 45052 4.291
1791415896.912 45050 9.166
1791415896.922 45058 7.317
1791415896.924 45060 6.321
1791415896.934 45066 7.265
1791415896.936 45068 6.270
1791415896.946 45074 5.989
1791415896.948 45076 6.321
1791415896.958 45084 4.343
1791415896.960 45082 9.376
1791415896.971 45092 4.439
1791415896.973 45090 9.473
1791415896.983 45098 7.334
1791415896.985 45100 6.339
1791415896.995 45106 7.444
1791415896.997 45108 6.421
1791415897.007 45114 7.333
1791415897.009 45116 6.318
1791415897.019 45124 4.428
1791415897.021 45122 9.453
1791415897.031 45132 4.483
1791415897.033 45130 9.498
1791415897.044 45138 7.502
1791415897.046 45140 6.488
1791415897.056 45148 4.358
1791415897.058 45146 9.354
1791415897.068 45156 4.352
1791415897.070 45154 9.388
1791415897.080 45162 7.319
1791415897.082 45164 6.287
1791415897.092 45170 7.352
1791415897.094 45172 6.277
1791415897.104 45180 4.324
1791415897.106 45178 9.365
1791415897.116 45188 4.283
1791415897.118 45186 9.326
1791415897.129 45196 4.541
1791415897.131 45194 9.586
1791415897.140 45204 4.258
1791415897.142 45202 9.302
1791415897.153 45210 7.342
1791415897.155 45212 6.323
1791415897.165 45218 7.377
1791415897.167 45220 6.360
1791415897.177 45226 7.376
1791415897.179 45228 6.352
1791415897.189 45236 4.227
1791415897.191 45234 9.269
1791415897.201 45244 4.362
1791415897.203 45242 9.405
1791415897.213 45250 7.374
1791415897.215 45252 6.395
1791415897.225 45260 4.312
1791415897.227 45258 9.345
1791415897.238 45268 4.318
1791415897.240 45266 8.788
1791415897.250 45274 7.411
1791415897.252 45276 6.326
1791415897.262 45282 7.284
1791415897.264 45284 6.248
1791415897.274 45290 7.329
1791415897.276 45292 6.309
1791415897.286 45300 4.545
1791415897.288 45298 9.563
1791415897.298 45308 4.269
1791415897.300 45306 9.294
1791415897.310 45316 4.318
1791415897.312 45314 9.354
1791415897.323 45322 7.414
1791415897.325 45324 6.384
1791415897.335 45330 7.289
1791415897.337 45332 6.325
1791415897.447 45340 104.724
1791415897.449 45338 109.725
1791415897.453 45348 98.562
1791415897.456 45356 89.149
1791415897.458 45364 79.025
1791415897.460 45372 69.440
1791415897.462 45380 59.317
1791415897.464 45388 49.195
1791415897.466 45396 39.089
1791415897.468 45404 28.969
1791415897.470 45346 118.941
1791415897.472 45354 108.849
1791415897.474 45362 98.674
1791415897.476 45370 88.566
1791415897.478 45378 78.396
1791415897.480 45386 68.309
1791415897.483 45394 58.184
1791415897.485 45402 48.046
1791415897.489 45412 37.376
1791415897.491 45420 27.289
1791415897.493 45428 17.130
1791415897.495 45410 46.425
1791415897.497 45418 34.528
1791415897.499 45426 26.174
1791415897.502 45434 15.388
1791415897.504 45436 15.794
1791415897.507 45444 6.343
1791415897.509 45442 11.383
1791415897.517 45452 4.527
1791415897.519 45450 9.537
1791415897.529 45458 7.656
1791415897.531 45460 6.630
1791415897.541 45468 4.285
1791415897.543 45466 9.319
1791415897.553 45474 7.430
1791415897.555 45476 6.404
1791415897.565 45484 4.300
1791415897.567 45482 9.337
1791415897.577 45490 7.412
1791415897.579 45492 6.391
1791415897.589 45498 7.293
1791415897.591 45500 6.275
1791415897.602 45508 4.448
1791415897.604 45506 9.487
1791415897.614 45514 7.343
1791415897.616 45516 6.317
1791415897.626 45522 7.374
1791415897.628 45524 6.354
1791415897.638 45530 5.787
1791415897.640 45532 6.284
1791415897.650 45538 5.873
1791415897.652 45540 6.353
1791415897.662 45546 7.465
1791415897.664 45548 6.445
1791415897.674 45556 4.435
1791415897.676 45554 9.468
1791415897.686 45564 4.336
1791415897.689 45562 9.367
1791415897.699 45572 4.372
1791415897.701 45570 9.404
1791415897.711 45578 7.486
1791415897.713 45580 6.483
1791415897.723 45586 7.385
1791415897.725 45588 6.376
1791415897.735 45594 7.257
1791415897.737 45596 6.271
1791415897.747 45604 4.274
1791415897.749 45602 9.306
1791415897.760 45610 7.949
1791415897.762 45612 6.931
1791415897.773 45620 5.598
1791415897.775 45618 10.707
1791415897.786 45626 9.940
1791415897.788 45628 8.938
1791415897.798 45634 8.923
1791415897.800 45636 7.948
1791415897.809 45644 5.854
1791415897.812 45642 10.846
1791415897.822 45652 6.046
1791415897.824 45650 10.899
1791415897.834 45658 8.882
1791415897.836 45660 8.067
1791415897.846 45668 5.966
1791415897.848 45666 10.865
1791415897.859 45674 9.857
1791415897.861 45676 8.997
1791415897.867 45682 5.513
1791415897.872 45684 7.952
1791415897.881 45690 7.621
1791415897.883 45692 6.616
1791415897.893 45700 4.447
1791415897.895 45698 9.480
1791415897.905 45708 4.375
1791415897.907 45706 9.412
1791415897.917 45716 4.305
1791415897.919 45714 9.331
1791415897.929 45722 7.374
1791415897.931 45724 6.356
1791415897.941 45732 4.399
1791415897.943 45730 9.407
1791415897.953 45738 7.335
1791415897.955 45740 6.320
1791415897.966 45748 5.011
1791415897.968 45746 10.059
1791415897.978 45754 7.270
1791415897.980 45756 6.288
1791415897.990 45764 4.274
1791415897.992 45762 9.305
1791415898.002 45772 4.361
1791415898.004 45770 9.443
1791415898.014 45780 4.392
1791415898.016 45778 7.845
1791415898.026 45788 4.329
1791415898.028 45786 9.362
1791415898.039 45796 4.548
1791415898.041 45794 9.581
1791415898.051 45804 4.529
1791415898.053 45802 9.617
1791415898.063 45812 4.390
1791415898.065 45810 9.422
1791415898.075 45818 6.168
1791415898.077 45820 6.418
1791415898.087 45826 7.430
1791415898.089 45828 6.401
1791415898.099 45834 7.463
1791415898.101 45836 6.445
1791415898.111 45842 7.376
1791415898.113 45844 6.360
1791415898.123 45850 5.685
1791415898.125 45852 6.326
1791415898.136 45858 7.453
1791415898.138 45860 6.388
1791415898.148 45866 7.269
1791415898.150 45868 6.248
1791415898.160 45876 4.268
1791415898.162 45874 9.299
1791415898.172 45884 4.458
1791415898.174 45882 9.462
1791415898.184 45892 4.328
1791415898.186 45890 9.362
1791415898.196 45900 4.353
1791415898.198 45898 9.377
1791415898.208 45908 4.537
1791415898.210 45906 9.579
1791415898.221 45916 4.435
1791415898.223 45914 9.485
1791415898.233 45922 7.382
1791415898.235 45924 6.360
1791415898.245 45932 4.863
1791415898.247 45930 9.903
1791415898.257 45940 4.265
1791415898.259 45938 9.299
1791415898.269 45948 4.248
1791415898.271 45946 8.213
1791415898.281 45954 7.438
1791415898.283 45956 6.415
1791415898.293 45964 4.293
1791415898.295 45962 9.318
1791415898.305 45970 7.436
1791415898.307 45972 6.420
1791415898.318 45980 4.734
1791415898.320 45978 7.609
1791415898.331 45986 8.899
1791415898.333 45988 7.999
1791415898.345 45996 6.342
1791415898.347 45994 12.140
1791415898.356 46004 5.269
1791415898.358 46002 10.934
1791415898.368 46012 6.058
1791415898.370 46010 10.889
1791415898.382 46020 7.488
1791415898.384 46018 12.674
1791415898.392 46028 5.486
1791415898.394 46026 10.946
1791415898.404 46036 6.100
1791415898.406 46034 10.942
1791415898.416 46044 5.886
1791415898.418 46042 10.783
1791415898.428 46050 8.693
1791415898.430 46052 7.769
1791415898.441 46060 5.295
1791415898.443 46058 10.971
1791415898.452 46066 8.657
1791415898.455 46068 7.642
1791415898.465 46074 8.641
1791415898.467 46076 7.839
1791415898.479 46084 7.814
1791415898.481 46082 12.806
1791415898.489 46092 6.232
1791415898.491 46090 11.204
1791415898.502 46098 9.445
1791415898.504 46100 7.434
1791415898.513 46106 8.726
1791415898.515 46108 7.903
1791415898.526 46114 9.261
1791415898.528 46116 8.435
1791415898.535 46122 6.471
1791415898.539 46124 7.377
1791415898.545 46130 4.564
1791415898.552 46132 6.384
1791415898.560 46138 7.630
1791415898.562 46140 6.640
1791415898.572 46148 4.347
1791415898.574 46146 9.340
1791415898.585 46156 4.873
1791415898.587 46154 9.909
1791415898.597 46164 4.430
1791415898.599 46162 9.427
1791415898.609 46170 7.322
1791415898.611 46172 6.347
1791415898.621 46178 7.446
1791415898.623 46180 6.425
1791415898.633 46186 7.413
1791415898.635 46188 6.398
1791415898.645 46196 4.423
1791415898.647 46194 9.453
1791415898.657 46204 4.334
1791415898.659 46202 9.366
1791415898.669 46212 4.411
1791415898.671 46210 9.445
1791415898.682 46220 4.357
1791415898.684 46218 9.381
1791415898.694 46226 7.597
1791415898.696 46228 6.569
1791415898.706 46236 4.315
1791415898.708 46234 9.350
1791415898.718 46242 7.399
1791415898.720 46244 6.340
1791415898.730 46252 4.298
1791415898.732 46250 7.819
1791415898.742 46260 4.357
1791415898.744 46258 9.390
1791415898.754 46268 4.322
1791415898.756 46266 9.360
1791415898.766 46274 6.098
1791415898.768 46276 6.375
1791415898.779 46282 7.346
1791415898.781 46284 6.326
1791415898.791 46292 4.486
1791415898.793 46290 9.513
1791415898.803 46298 7.374
1791415898.805 46300 6.380
1791415898.815 46308 4.377
1791415898.817 46306 9.389
1791415898.827 46314 7.457
1791415898.829 46316 6.435
1791415898.839 46322 7.416
1791415898.841 46324 6.403
1791415898.851 46330 7.449
1791415898.853 46332 6.423
1791415898.864 46338 7.405
1791415898.866 46340 6.388
1791415898.876 46346 7.287
1791415898.878 46348 6.326
1791415898.888 46354 7.392
1791415898.890 46356 6.368
1791415898.900 46364 4.301
1791415898.902 46362 9.338
1791415898.912 46370 7.332
1791415898.914 46372 6.340
1791415898.924 46380 4.349
1791415898.926 46378 9.385
1791415898.936 46386 7.329
1791415898.938 46388 6.336
1791415898.949 46394 7.535
1791415898.951 46396 6.518
1791415898.961 46402 7.426
1791415898.963 46404 6.401
1791415898.973 46410 7.383
1791415898.975 46412 6.380
1791415898.985 46418 7.424
1791415898.987 46420 6.407
1791415898.997 46426 7.357
1791415898.999 46428 6.342
1791415899.009 46434 7.386
1791415899.011 46436 6.382
1791415899.021 46442 7.392
1791415899.023 46444 6.396
1791415899.033 46452 4.381
1791415899.035 46450 9.428
1791415899.046 46458 7.473
1791415899.048 46460 6.450
1791415899.058 46466 6.179
1791415899.060 46468 6.370
1791415899.070 46476 4.425
1791415899.072 46474 9.406
1791415899.082 46484 4.380
1791415899.084 46482 7.754
1791415899.094 46490 7.371
1791415899.096 46492 6.392
1791415899.106 46500 4.474
1791415899.108 46498 9.506
1791415899.118 46506 7.371
1791415899.120 46508 6.369
1791415899.130 46514 7.306
1791415899.132 46516 6.301
1791415899.143 46522 7.450
1791415899.145 46524 6.432
1791415899.155 46532 4.328
1791415899.157 46530 9.367
1791415899.167 46540 4.355
1791415899.169 46538 9.377
1791415899.179 46548 4.367
1791415899.181 46546 9.404
1791415899.191 46554 7.702
1791415899.193 46556 6.693
1791415899.203 46562 7.376
1791415899.205 46564 6.357
1791415899.215 46570 6.058
1791415899.217 46572 6.371
1791415899.228 46578 7.418
1791415899.230 46580 6.398
1791415899.240 46588 4.338
1791415899.242 46586 9.385
1791415899.252 46594 7.395
1791415899.254 46596 6.395
1791415899.264 46602 7.508
1791415899.266 46604 6.589
1791415899.276 46610 7.324
1791415899.278 46612 6.318
1791415899.288 46620 4.422
1791415899.290 46618 9.439
1791415899.300 46626 7.233
1791415899.302 46628 6.245
1791415899.313 46636 4.670
1791415899.315 46634 9.711
1791415899.325 46644 4.353
1791415899.327 46642 9.388
1791415899.337 46650 7.359
1791415899.339 46652 6.344
1791415899.349 46658 7.405
1791415899.351 46660 6.368
1791415899.361 46668 4.637
1791415899.363 46666 9.672
1791415899.373 46674 7.525
1791415899.375 46676 6.523
1791415899.385 46684 4.488
1791415899.387 46682 9.517
1791415899.398 46692 4.443
1791415899.400 46690 9.451
1791415899.410 46700 4.443
1791415899.412 46698 9.474
1791415899.422 46706 7.530
1791415899.424 46708 6.524
1791415899.434 46714 7.289
1791415899.436 46716 6.269
1791415899.446 46724 4.352
1791415899.448 46722 9.384
1791415899.458 46730 7.356
1791415899.460 46732 6.347
1791415899.470 46740 4.292
1791415899.472 46738 9.321
1791415899.482 46746 7.327
1791415899.484 46748 6.306
1791415899.495 46754 7.369
1791415899.497 46756 6.356
1791415899.507 46764 4.345
1791415899.509 46762 9.363
1791415899.519 46772 4.409
1791415899.521 46770 9.441
1791415899.531 46778 7.342
1791415899.533 46780 6.311
1791415899.543 46786 7.422
1791415899.545 46788 6.397
1791415899.555 46794 7.414
1791415899.557 46796 6.348
1791415899.567 46802 7.408
1791415899.569 46804 6.394
1791415899.580 46810 6.286
1791415899.582 46812 6.808
1791415899.593 46818 8.798
1791415899.595 46820 7.818
1791415899.605 46828 5.055
1791415899.607 46826 10.902
1791415899.617 46834 8.760
1791415899.619 46836 7.654
1791415899.630 46842 9.051
1791415899.632 46844 8.287
1791415899.642 46852 5.424
1791415899.644 46850 10.770
1791415899.654 46860 5.781
1791415899.656 46858 10.806
1791415899.666 46868 5.851
1791415899.668 46866 10.738
1791415899.678 46874 8.694
1791415899.680 46876 7.708
1791415899.690 46882 8.845
1791415899.692 46884 7.851
1791415899.702 46892 6.022
1791415899.704 46890 10.787
1791415899.715 46898 8.654
1791415899.717 46900 7.937
1791415899.727 46908 5.941
1791415899.729 46906 10.811
1791415899.739 46914 8.898
1791415899.741 46916 8.065
1791415899.751 46922 8.775
1791415899.753 46924 7.876
1791415899.763 46932 4.824
1791415899.765 46930 10.986
1791415899.775 46940 5.893
1791415899.777 46938 10.788
1791415899.787 46948 5.796
1791415899.789 46946 10.707
1791415899.799 46954 8.808
1791415899.801 46956 8.035
1791415899.812 46962 8.769
1791415899.814 46964 7.274
1791415899.824 46972 5.887
1791415899.826 46970 11.017
1791415899.836 46980 6.045
1791415899.838 46978 10.988
1791415899.848 46988 5.636
1791415899.850 46986 10.803
1791415899.860 46996 5.864
1791415899.862 46994 10.842
1791415899.873 47004 6.200
1791415899.875 47002 11.121
1791415899.884 47010 8.764
1791415899.886 47012 8.000
1791415899.897 47020 5.970
1791415899.899 47018 10.812
1791415899.909 47026 8.932
1791415899.911 47028 8.169
1791415899.921 47034 8.863
1791415899.923 47036 7.872
1791415899.933 47042 8.783
1791415899.935 47044 7.781
1791415899.945 47052 5.774
1791415899.947 47050 10.815
1791415899.958 47060 6.097
1791415899.960 47058 11.164
1791415899.969 47068 5.924
1791415899.971 47066 10.756
1791415899.982 47076 6.081
1791415899.984 47074 10.696
1791415899.994 47082 8.800
1791415899.996 47084 7.232
1791415900.006 47092 5.701
1791415900.008 47090 10.749
1791415900.018 47100 6.175
1791415900.020 47098 10.993
1791415900.030 47108 5.904
1791415900.032 47106 10.726
1791415900.042 47114 8.829
1791415900.044 47116 7.992
1791415900.056 47124 7.409
1791415900.058 47122 12.334
1791415900.066 47130 8.783
1791415900.069 47132 8.032
1791415900.080 47138 9.779
1791415900.082 47140 8.989
1791415900.091 47146 8.584
1791415900.093 47148 8.150
1791415900.103 47154 8.837
1791415900.105 47156 7.823
1791415900.115 47162 8.490
1791415900.117 47164 7.644
1791415900.129 47172 8.232
1791415900.131 47170 13.097
1791415900.139 47180 5.869
1791415900.141 47178 10.827
1791415900.152 47186 9.070
1791415900.154 47188 8.183
1791415900.164 47194 9.004
1791415900.166 47196 7.926
1791415900.176 47204 6.119
1791415900.178 47202 10.994
1791415900.188 47210 8.985
1791415900.190 47212 8.132
1791415900.202 47218 10.658
1791415900.204 47220 9.841
1791415900.212 47226 8.852
1791415900.214 47228 7.870
1791415900.224 47236 5.933
1791415900.226 47234 10.785
1791415900.236 47242 8.758
1791415900.238 47244 8.011
1791415900.249 47250 8.888
1791415900.251 47252 7.636
1791415900.261 47258 8.670
1791415900.263 47260 7.904
1791415900.273 47268 5.816
1791415900.275 47266 10.845
1791415900.285 47274 8.711
1791415900.287 47276 7.881
1791415900.297 47284 6.070
1791415900.299 47282 10.918
1791415900.309 47290 8.690
1791415900.311 47292 7.729
1791415900.321 47298 8.841
1791415900.323 47300 7.917
1791415900.334 47308 6.353
1791415900.336 47306 11.207
1791415900.346 47316 6.139
1791415900.348 47314 10.969
1791415900.358 47324 5.656
1791415900.360 47322 10.902
1791415900.372 47332 7.897
1791415900.374 47330 12.707
1791415900.382 47340 6.121
1791415900.384 47338 10.952
1791415900.394 47348 4.503
1791415900.396 47346 11.208
1791415900.404 47356 3.779
1791415900.406 47354 8.821
1791415900.415 47362 5.322
1791415900.420 47364 6.232
1791415900.427 47370 5.326
1791415900.434 47372 7.644
1791415900.440 47378 5.646
1791415900.446 47380 8.894
1791415900.451 47386 5.596
1791415900.462 47388 10.776
1791415900.469 47394 9.163
1791415900.471 47396 10.094
1791415900.477 47402 6.209
1791415900.482 47404 8.886
1791415900.490 47410 7.512
1791415900.495 47412 9.338
1791415900.501 47420 3.419
1791415900.503 47418 8.441
1791415900.514 47426 7.393
1791415900.516 47428 6.361
1791415900.526 47436 4.344
1791415900.528 47434 9.376
1791415900.538 47442 7.339
1791415900.540 47444 6.322
1791415900.550 47452 4.357
1791415900.552 47450 9.390
1791415900.562 47460 4.380
1791415900.564 47458 9.427
1791415900.574 47466 7.371
1791415900.576 47468 6.362
1791415900.587 47474 7.391
1791415900.589 47476 6.374
1791415900.599 47484 4.316
1791415900.601 47482 9.301
1791415900.611 47490 7.408
1791415900.613 47492 6.392
1791415900.623 47498 7.249
1791415900.625 47500 6.256
1791415900.635 47506 6.108
1791415900.637 47508 6.503
1791415900.647 47514 7.297
1791415900.649 47516 6.314
1791415900.659 47524 4.429
1791415900.661 47522 8.103
1791415900.672 47532 4.533
1791415900.674 47530 9.627
1791415900.684 47538 7.512
1791415900.686 47540 6.465
1791415900.696 47546 7.586
1791415900.698 47548 6.516
1791415900.708 47554 7.342
1791415900.710 47556 6.320
1791415900.720 47562 7.440
1791415900.722 47564 6.422
1791415900.732 47570 7.316
1791415900.734 47572 6.298
1791415900.744 47580 4.459
1791415900.746 47578 9.492
1791415900.757 47588 4.703
1791415900.759 47586 9.719
1791415900.769 47596 4.325
1791415900.771 47594 8.188
1791415900.781 47604 4.313
1791415900.783 47602 9.354
1791415900.793 47612 4.337
1791415900.795 47610 7.472
1791415900.805 47618 7.328
1791415900.807 47620 6.306
1791415900.817 47628 4.248
1791415900.819 47626 7.660
1791415900.829 47636 4.537
1791415900.831 47634 8.081
1791415900.841 47642 7.380
1791415900.843 47644 6.360
1791415900.854 47652 4.510
1791415900.856 47650 9.545
1791415900.866 47660 4.620
1791415900.868 47658 9.660
1791415900.878 47666 7.510
1791415900.880 47668 6.429
1791415900.890 47676 4.529
1791415900.892 47674 9.570
1791415900.902 47682 7.327
1791415900.904 47684 6.322
1791415900.914 47690 7.354
1791415900.916 47692 6.309
1791415900.926 47700 4.343
1791415900.928 47698 9.379
1791415900.938 47708 4.346
1791415900.940 47706 9.380
1791415900.951 47716 4.320
1791415900.953 47714 9.355
1791415900.963 47722 7.305
1791415900.965 47724 6.317
1791415900.975 47732 4.752
1791415900.977 47730 9.786
1791415900.987 47738 7.450
1791415900.989 47740 6.425
1791415900.999 47748 4.290
1791415901.001 47746 9.287
1791415901.011 47756 4.302
1791415901.013 47754 9.338
1791415901.023 47762 7.401
1791415901.025 47764 6.378
1791415901.036 47770 7.439
1791415901.038 47772 6.420
1791415901.048 47780 4.325
1791415901.050 47778 8.279
1791415901.060 47788 4.361
1791415901.062 47786 7.850
1791415901.072 47794 7.288
1791415901.074 47796 6.275
1791415901.084 47802 7.448
1791415901.086 47804 6.424
1791415901.096 47812 4.315
1791415901.098 47810 9.354
1791415901.108 47820 4.335
1791415901.110 47818 9.388
1791415901.120 47828 4.359
1791415901.123 47826 9.401
1791415901.133 47836 4.314
1791415901.135 47834 9.347
1791415901.145 47844 4.397
1791415901.147 47842 9.418
1791415901.157 47852 4.293
1791415901.159 47850 9.340
1791415901.169 47858 7.458
1791415901.171 47860 6.439
1791415901.181 47866 7.424
1791415901.183 47868 6.406
1791415901.194 47876 4.598
1791415901.196 47874 9.632
1791415901.205 47882 6.106
1791415901.207 47884 6.412
1791415901.218 47892 4.355
1791415901.220 47890 8.206
1791415901.230 47900 4.328
1791415901.232 47898 9.383
1791415901.242 47908 4.347
1791415901.244 47906 9.375
1791415901.254 47916 4.325
1791415901.256 47914 9.316
1791415901.266 47924 4.378
1791415901.268 47922 9.412
1791415901.278 47932 4.317
1791415901.280 47930 9.348
1791415901.290 47940 4.435
1791415901.292 47938 9.476
1791415901.304 47946 8.529
1791415901.306 47948 7.503
1791415901.316 47954 8.644
1791415901.318 47956 7.691
1791415901.328 47962 8.741
1791415901.330 47964 7.688
1791415901.341 47970 8.896
1791415901.343 47972 8.062
1791415901.354 47978 9.883
1791415901.356 47980 8.863
1791415901.365 47988 5.772
1791415901.367 47986 10.765
1791415901.377 47994 8.661
1791415901.379 47996 6.855
1791415901.389 48004 4.847
1791415901.391 48002 11.040
1791415901.402 48010 9.387
1791415901.404 48012 7.760
1791415901.413 48020 5.806
1791415901.415 48018 10.718
1791415901.425 48026 8.837
1791415901.427 48028 7.484
1791415901.438 48034 8.770
1791415901.440 48036 7.965
1791415901.450 48042 8.867
1791415901.452 48044 7.446
1791415901.462 48052 6.005
1791415901.464 48050 10.867
1791415901.476 48058 10.567
1791415901.478 48060 8.326
1791415901.486 48068 5.889
1791415901.488 48066 10.775
1791415901.498 48076 5.898
1791415901.500 48074 10.924
1791415901.510 48082 8.744
1791415901.512 48084 7.898
1791415901.523 48090 8.702
1791415901.525 48092 7.916
1791415901.535 48100 6.200
1791415901.537 48098 11.036
1791415901.547 48108 6.021
1791415901.549 48106 10.921
1791415901.559 48114 8.857
1791415901.561 48116 7.759
1791415901.571 48124 5.978
1791415901.573 48122 10.602
1791415901.583 48132 6.029
1791415901.585 48130 10.755
1791415901.595 48138 8.798
1791415901.597 48140 7.983
1791415901.607 48148 5.863
1791415901.609 48146 10.819
1791415901.621 48154 9.823
1791415901.623 48156 8.293
1791415901.633 48164 7.194
1791415901.635 48162 11.428
1791415901.640 48170 5.047
1791415901.648 48172 10.271
1791415901.653 48178 5.609
1791415901.660 48180 9.473
1791415901.666 48188 3.446
1791415901.668 48186 8.478
1791415901.679 48196 4.325
1791415901.681 48194 9.363
1791415901.691 48204 4.294
1791415901.693 48202 9.357
1791415901.703 48210 6.567
1791415901.705 48212 6.380
1791415901.715 48220 4.317
1791415901.717 48218 9.348
1791415901.727 48226 7.429
1791415901.729 48228 6.406
1791415901.739 48234 7.377
1791415901.741 48236 6.356
1791415901.752 48244 4.452
1791415901.754 48242 9.485
1791415901.764 48250 7.348
1791415901.766 48252 6.333
1791415901.776 48258 7.305
1791415901.778 48260 6.306
1791415901.788 48268 4.458
1791415901.790 48266 9.499
1791415901.800 48274 7.346
1791415901.802 48276 6.324
1791415901.812 48282 7.333
1791415901.814 48284 6.313
1791415901.824 48292 4.303
1791415901.826 48290 9.340
1791415901.836 48300 4.421
1791415901.838 48298 9.438
1791415901.848 48306 7.326
1791415901.851 48308 6.315
1791415901.861 48314 7.330
1791415901.863 48316 6.313
1791415901.873 48324 4.304
1791415901.875 48322 9.399
1791415901.885 48332 4.324
1791415901.887 48330 9.349
1791415901.897 48338 7.558
1791415901.899 48340 6.544
1791415901.909 48348 4.239
1791415901.911 48346 9.043
1791415901.921 48354 7.496
1791415901.923 48356 6.490
1791415901.933 48364 4.345
1791415901.935 48362 9.369
1791415901.946 48370 7.615
1791415901.948 48372 6.590
1791415901.958 48380 4.288
1791415901.960 48378 9.319
1791415901.970 48388 4.360
1791415901.972 48386 9.392
1791415901.982 48394 7.325
1791415901.984 48396 6.301
1791415901.995 48404 5.018
1791415901.997 48402 10.056
1791415902.006 48412 4.388
1791415902.008 48410 9.486
1791415902.018 48420 4.390
1791415902.020 48418 8.091
1791415902.031 48426 7.495
1791415902.033 48428 6.471
1791415902.043 48436 4.323
1791415902.045 48434 9.361
1791415902.055 48442 7.388
1791415902.057 48444 6.361
1791415902.067 48450 5.510
1791415902.069 48452 6.277
1791415902.079 48458 7.428
1791415902.081 48460 6.413
1791415902.091 48468 4.307
1791415902.093 48466 9.398
1791415902.104 48474 7.548
1791415902.106 48476 6.524
1791415902.116 48482 6.142
1791415902.118 48484 6.379
1791415902.128 48492 4.360
1791415902.130 48490 9.238
1791415902.140 48500 4.368
1791415902.142 48498 9.360
1791415902.152 48508 4.326
1791415902.154 48506 9.360
1791415902.164 48516 4.293
1791415902.166 48514 9.343
1791415902.176 48524 4.236
1791415902.178 48522 9.271
1791415902.190 48532 5.542
1791415902.192 48530 11.091
1791415902.204 48538 10.465
1791415902.206 48540 9.486
1791415902.215 48548 6.584
1791415902.217 48546 11.131
1791415902.226 48556 5.721
1791415902.228 48554 10.639
1791415902.238 48562 8.679
1791415902.240 48564 7.944
1791415902.251 48570 8.943
1791415902.253 48572 7.995
1791415902.263 48580 6.073
1791415902.265 48578 10.933
1791415902.276 48586 9.644
1791415902.278 48588 8.364
1791415902.287 48594 8.848
1791415902.289 48596 7.880
1791415902.299 48602 9.031
1791415902.301 48604 8.050
1791415902.311 48612 6.111
1791415902.313 48610 10.971
1791415902.324 48618 8.979
1791415902.326 48620 7.203
1791415902.336 48628 6.032
1791415902.338 48626 10.947
1791415902.348 48636 5.992
1791415902.350 48634 10.822
1791415902.361 48644 6.748
1791415902.363 48642 11.683
1791415902.372 48652 5.933
1791415902.374 48650 10.826
1791415902.384 48658 8.905
1791415902.386 48660 7.735
1791415902.396 48668 4.754
1791415902.398 48666 10.787
1791415902.409 48674 8.983
1791415902.411 48676 7.919
1791415902.420 48682 8.800
1791415902.422 48684 8.025
1791415902.433 48690 8.866
1791415902.435 48692 7.720
1791415902.446 48700 6.826
1791415902.448 48698 11.872
1791415902.459 48706 10.688
1791415902.461 48708 9.623
1791415902.469 48716 6.089
1791415902.471 48714 10.541
1791415902.481 48722 8.878
1791415902.483 48724 7.742
1791415902.494 48732 3.791
1791415902.496 48730 11.297
1791415902.506 48738 9.032
1791415902.508 48740 6.562
1791415902.518 48748 6.133
1791415902.520 48746 11.202
1791415902.527 48754 6.007
1791415902.531 48756 7.358
1791415902.537 48762 4.425
1791415902.546 48764 10.340
1791415902.556 48770 9.556
1791415902.558 48772 9.710
1791415902.565 48778 6.097
1791415902.569 48780 9.032
1791415902.575 48786 5.677
1791415902.584 48788 11.206
1791415902.588 48796 3.876
1791415902.590 48794 8.889
1791415902.598 48802 4.204
1791415902.605 48804 8.125
1791415902.618 48810 12.287
1791415902.620 48812 11.279
1791415902.627 48818 8.472
1791415902.629 48820 7.609
1791415902.639 48826 8.826
1791415902.641 48828 7.945
1791415902.653 48836 7.644
1791415902.655 48834 12.549
1791415902.663 48844 5.523
1791415902.665 48842 10.784
1791415902.675 48850 8.677
1791415902.677 48852 7.895
1791415902.687 48858 8.767
1791415902.689 48860 7.897
1791415902.700 48868 5.946
1791415902.702 48866 10.786
1791415902.712 48874 8.836
1791415902.714 48876 7.544
1791415902.724 48884 6.025
1791415902.726 48882 10.966
1791415902.736 48892 4.997
1791415902.738 48890 10.902
1791415902.748 48898 8.846
1791415902.750 48900 7.975
1791415902.760 48908 5.909
1791415902.762 48906 10.717
1791415902.772 48916 5.837
1791415902.774 48914 10.730
1791415902.785 48924 6.062
1791415902.787 48922 10.822
1791415902.797 48932 5.798
1791415902.799 48930 10.759
1791415902.809 48938 9.082
1791415902.811 48940 8.236
1791415902.821 48948 4.953
1791415902.823 48946 10.965
1791415902.833 48956 5.960
1791415902.835 48954 10.782
1791415902.845 48962 8.719
1791415902.847 48964 7.685
1791415902.857 48970 8.901
1791415902.859 48972 8.002
1791415902.869 48978 8.858
1791415902.871 48980 8.007
1791415902.882 48988 6.047
1791415902.884 48986 10.894
1791415902.894 48994 8.781
1791415902.896 48996 7.976
1791415902.906 49004 5.804
1791415902.908 49002 10.744
1791415902.918 49010 8.801
1791415902.920 49012 7.803
1791415902.930 49018 8.769
1791415902.932 49020 7.870
1791415902.942 49026 8.758
1791415902.944 49028 6.822
1791415902.955 49036 5.219
1791415902.957 49034 11.004
1791415902.967 49042 8.810
1791415902.969 49044 7.922
1791415902.979 49052 5.180
1791415902.981 49050 10.847
1791415902.991 49060 6.093
1791415902.993 49058 10.919
1791415903.003 49066 8.755
1791415903.005 49068 7.901
1791415903.015 49074 8.605
1791415903.017 49076 7.550
1791415903.027 49084 5.872
1791415903.029 49082 10.726
1791415903.039 49092 5.798
1791415903.041 49090 10.728
1791415903.052 49098 8.981
1791415903.054 49100 8.163
1791415903.066 49106 10.927
1791415903.068 49108 9.711
1791415903.076 49116 6.091
1791415903.078 49114 11.035
1791415903.088 49122 8.794
1791415903.090 49124 7.846
1791415903.100 49132 6.137
1791415903.102 49130 10.962
1791415903.112 49138 8.983
1791415903.114 49140 8.116
1791415903.124 49148 5.733
1791415903.126 49146 10.590
1791415903.137 49154 9.116
1791415903.139 49156 8.280
1791415903.149 49164 6.536
1791415903.151 49162 11.623
1791415903.161 49170 8.810
1791415903.163 49172 7.908
1791415903.173 49180 5.305
1791415903.175 49178 10.678
1791415903.185 49188 4.687
1791415903.187 49186 11.120
1791415903.199 49196 7.589
1791415903.203 49194 14.851
1791415903.209 49204 5.612
1791415903.211 49202 10.641
1791415903.221 49210 8.664
1791415903.223 49212 7.763
1791415903.234 49218 8.899
1791415903.236 49220 8.092
1791415903.246 49226 8.718
1791415903.248 49228 7.689
1791415903.258 49236 5.674
1791415903.260 49234 10.765
1791415903.270 49242 8.987
1791415903.272 49244 8.103
1791415903.282 49252 5.672
1791415903.284 49250 10.600
1791415903.294 49258 8.782
1791415903.296 49260 7.914
1791415903.306 49268 5.645
1791415903.308 49266 10.566
1791415903.320 49276 6.836
1791415903.322 49274 12.134
1791415903.327 49282 5.855
1791415903.332 49284 6.279
1791415903.338 49290 4.285
1791415903.344 49292 5.663
1791415903.354 49298 7.954
1791415903.357 49300 8.456
1791415903.364 49306 5.607
1791415903.375 49308 11.127
1791415903.379 49316 6.005
1791415903.381 49314 10.995
1791415903.392 49322 9.373
1791415903.394 49324 8.343
1791415903.398 49330 4.065
1791415903.404 49332 5.894
1791415903.412 49338 5.591
1791415903.421 49340 8.626
1791415903.432 49348 10.633
1791415903.434 49346 13.891
1791415903.437 49356 3.462
1791415903.439 49354 8.499
1791415903.450 49364 4.411
1791415903.452 49362 9.426
1791415903.462 49370 5.815
1791415903.464 49372 6.447
1791415903.475 49380 4.383
1791415903.477 49378 9.395
1791415903.487 49386 7.618
1791415903.489 49388 6.593
1791415903.499 49396 4.337
1791415903.501 49394 9.303
1791415903.511 49402 7.302
1791415903.513 49404 6.286
1791415903.523 49410 7.424
1791415903.525 49412 6.407
1791415903.535 49418 7.366
1791415903.537 49420 6.350
1791415903.547 49426 7.442
1791415903.549 49428 6.407
1791415903.559 49434 7.369
1791415903.561 49436 6.356
1791415903.572 49444 4.408
1791415903.574 49442 9.447
1791415903.584 49450 7.378
1791415903.586 49452 6.360
1791415903.596 49460 4.325
1791415903.598 49458 7.794
1791415903.608 49466 7.401
1791415903.610 49468 6.388
1791415903.620 49476 4.487
1791415903.622 49474 9.524
1791415903.632 49482 7.392
1791415903.634 49484 6.368
1791415903.645 49492 4.592
1791415903.647 49490 9.586
1791415903.657 49500 4.409
1791415903.659 49498 9.199
1791415903.669 49508 4.285
1791415903.671 49506 9.321
1791415903.681 49514 7.342
1791415903.683 49516 6.396
1791415903.693 49522 7.323
1791415903.695 49524 6.306
1791415903.705 49530 7.487
1791415903.707 49532 6.401
1791415903.717 49540 4.472
1791415903.719 49538 9.476
1791415903.729 49546 7.449
1791415903.731 49548 6.457
1791415903.742 49556 4.429
1791415903.744 49554 9.435
1791415903.754 49564 4.338
1791415903.756 49562 9.378
1791415903.766 49570 7.265
1791415903.768 49572 6.278
1791415903.778 49580 4.564
1791415903.780 49578 9.595
1791415903.790 49586 7.448
1791415903.792 49588 6.422
1791415903.802 49594 7.389
1791415903.804 49596 6.365
1791415903.814 49604 4.410
1791415903.816 49602 9.442
1791415903.826 49610 7.381
1791415903.828 49612 6.387
1791415903.839 49618 7.570
1791415903.841 49620 6.550
1791415903.851 49628 4.408
1791415903.853 49626 9.450
1791415903.867 49636 8.214
1791415903.869 49634 11.310
1791415903.876 49644 5.174
1791415903.878 49642 10.220
1791415903.887 49650 7.369
1791415903.889 49652 6.363
1791415903.899 49658 7.353
1791415903.901 49660 6.344
1791415903.911 49666 7.324
1791415903.913 49668 6.311
1791415903.923 49674 7.425
1791415903.925 49676 6.354
1791415903.936 49682 7.372
1791415903.938 49684 6.354
1791415903.948 49690 7.354
1791415903.950 49692 6.339
1791415903.960 49698 7.348
1791415903.962 49700 6.329
1791415903.972 49708 4.262
1791415903.974 49706 9.301
1791415903.984 49716 4.361
1791415903.986 49714 9.391
1791415903.996 49724 4.374
1791415903.998 49722 9.410
1791415904.009 49732 4.435
1791415904.011 49730 9.500
1791415904.021 49738 7.360
1791415904.023 49740 6.343
1791415904.033 49748 4.296
1791415904.035 49746 9.340
1791415904.045 49756 4.305
1791415904.047 49754 9.348
1791415904.057 49762 7.419
1791415904.059 49764 6.395
1791415904.069 49770 7.334
1791415904.071 49772 6.336
1791415904.081 49778 7.646
1791415904.084 49780 6.624
1791415904.093 49786 7.304
1791415904.095 49788 6.290
1791415904.107 49794 9.086
1791415904.109 49796 8.068
1791415904.119 49802 8.925
1791415904.121 49804 7.930
1791415904.132 49810 9.083
1791415904.134 49812 8.226
1791415904.144 49818 8.779
1791415904.146 49820 7.940
1791415904.156 49826 8.968
1791415904.158 49828 8.152
1791415904.168 49834 8.649
1791415904.170 49836 7.702
1791415904.180 49842 8.939
1791415904.182 49844 8.087
1791415904.192 49850 8.914
1791415904.194 49852 8.054
1791415904.204 49860 5.914
1791415904.206 49858 10.729
1791415904.217 49866 9.306
1791415904.219 49868 8.483
1791415904.228 49874 8.662
1791415904.230 49876 8.034
1791415904.241 49884 5.866
1791415904.243 49882 10.875
1791415904.253 49890 8.875
1791415904.255 49892 7.992
1791415904.265 49900 6.299
1791415904.267 49898 11.234
1791415904.277 49908 5.731
1791415904.279 49906 10.814
1791415904.289 49916 6.054
1791415904.291 49914 10.928
1791415904.301 49922 8.746
1791415904.303 49924 7.575
1791415904.315 49932 7.162
1791415904.317 49930 11.983
1791415904.326 49938 8.722
1791415904.328 49940 7.933
1791415904.338 49946 8.926
1791415904.340 49948 7.820
1791415904.350 49956 5.626
1791415904.352 49954 11.038
1791415904.362 49962 9.205
1791415904.364 49964 8.485
1791415904.374 49970 8.703
1791415904.376 49972 7.788
1791415904.386 49980 6.086
1791415904.388 49978 10.965
1791415904.398 49988 6.010
1791415904.400 49986 10.963
1791415904.411 49996 6.256
1791415904.413 49994 11.001
1791415904.423 50002 8.982
1791415904.425 50004 8.140
1791415904.435 50010 8.874
1791415904.437 50012 7.922
1791415904.447 50018 8.728
1791415904.449 50020 7.844
1791415904.459 50026 8.818
1791415904.461 50028 7.728
1791415904.471 50036 5.971
1791415904.473 50034 10.862
1791415904.483 50042 8.768
1791415904.485 50044 7.791
1791415904.495 50052 5.985
1791415904.497 50050 10.738
1791415904.508 50058 8.986
1791415904.510 50060 7.259
1791415904.520 50068 5.929
1791415904.522 50066 10.820
1791415904.532 50076 5.394
1791415904.534 50074 10.832
1791415904.545 50082 9.613
1791415904.547 50084 8.686
1791415904.556 50090 8.858
1791415904.558 50092 8.089
1791415904.568 50098 8.777
1791415904.570 50100 7.887
1791415904.580 50106 8.635
1791415904.582 50108 7.760
1791415904.593 50116 6.290
1791415904.595 50114 11.091
1791415904.605 50124 5.819
1791415904.607 50122 10.787
1791415904.617 50132 5.555
1791415904.619 50130 10.968
1791415904.629 50138 8.922
1791415904.631 50140 8.090
1791415904.641 50148 5.891
1791415904.643 50146 10.713
1791415904.653 50154 8.896
1791415904.655 50156 8.078
1791415904.665 50164 5.912
1791415904.667 50162 10.906
1791415904.677 50170 8.719
1791415904.679 50172 7.589
1791415904.690 50178 8.928
1791415904.692 50180 6.819
1791415904.702 50186 8.742
1791415904.704 50188 7.772
1791415904.715 50196 6.898
1791415904.717 50194 11.824
1791415904.726 50204 4.508
1791415904.728 50202 10.697
1791415904.738 50210 8.846
1791415904.740 50212 7.979
1791415904.752 50220 7.508
1791415904.754 50218 12.363
1791415904.762 50226 8.769
1791415904.764 50228 7.029
1791415904.774 50236 5.973
1791415904.776 50234 10.740
1791415904.787 50244 5.784
1791415904.789 50242 10.824
1791415904.799 50250 8.930
1791415904.801 50252 8.130
1791415904.811 50260 4.568
1791415904.813 50258 10.895
1791415904.823 50266 8.749
1791415904.825 50268 7.777
1791415904.835 50276 5.890
1791415904.837 50274 10.865
1791415904.847 50284 6.064
1791415904.849 50282 10.874
1791415904.860 50292 6.413
1791415904.862 50290 11.271
1791415904.867 50298 4.497
1791415904.873 50300 5.493
1791415904.880 50306 5.664
1791415904.885 50308 7.137
1791415904.891 50314 4.389
1791415904.898 50316 6.520
1791415904.904 50322 4.694
1791415904.910 50324 6.541
1791415904.919 50330 7.433
1791415904.921 50332 6.425
1791415904.931 50340 4.350
1791415904.933 50338 9.386
1791415904.943 50346 7.343
1791415904.945 50348 6.370
1791415904.955 50354 7.332
1791415904.957 50356 6.332
1791415904.967 50364 4.373
1791415904.969 50362 9.447
1791415904.979 50370 5.855
1791415904.981 50372 6.341
1791415904.991 50378 7.413
1791415904.993 50380 6.387
1791415905.003 50388 4.420
1791415905.005 50386 9.452
1791415905.016 50396 4.567
1791415905.018 50394 9.601
1791415905.028 50402 7.517
1791415905.030 50404 6.501
1791415905.040 50412 4.381
1791415905.042 50410 9.414
1791415905.052 50418 5.823
1791415905.054 50420 6.317
1791415905.064 50426 7.507
1791415905.066 50428 6.496
1791415905.076 50434 5.960
1791415905.078 50436 6.340
1791415905.088 50442 7.284
1791415905.090 50444 6.267
1791415905.100 50450 7.376
1791415905.103 50452 6.356
1791415905.113 50460 4.293
1791415905.115 50458 9.327
1791415905.125 50468 4.365
1791415905.127 50466 9.464
1791415905.137 50474 7.275
1791415905.139 50476 6.260
1791415905.149 50484 4.494
1791415905.151 50482 9.521
1791415905.161 50490 7.466
1791415905.163 50492 6.441
1791415905.173 50500 4.432
1791415905.175 50498 9.437
1791415905.186 50506 7.731
1791415905.188 50508 6.708
1791415905.198 50516 4.614
1791415905.200 50514 9.702
1791415905.210 50524 4.300
1791415905.212 50522 9.336
1791415905.222 50530 7.301
1791415905.224 50532 6.323
1791415905.234 50538 7.395
1791415905.236 50540 6.365
