elapsed_seconds,latency_ms,ok
0.3,270.3,1
0.5,206.0,1
0.7,223.0,1
0.9,201.5,1
1.0,110.3,1
6.1,72.7,1
6.2,94.4,1
6.3,83.7,1
6.4,88.2,1
6.4,84.9,1
11.5,72.1,1
11.6,73.7,1
11.7,71.5,1
11.7,73.1,1
11.8,71.3,1
16.9,78.4,1
17.0,72.1,1
17.0,70.2,1
17.1,74.1,1
17.2,70.8,1
22.2,69.6,1
22.3,71.6,1
22.4,71.0,1
22.5,70.4,1
22.5,72.4,1
27.6,70.9,1
27.7,71.3,1
27.8,70.7,1
27.8,70.9,1
27.9,73.4,1
33.0,72.6,1
33.1,83.4,1
33.1,72.8,1
33.2,72.6,1
33.3,77.4,1
38.4,73.2,1
38.4,69.9,1
38.5,69.6,1
38.6,70.2,1
38.6,70.2,1
43.7,70.8,1
43.8,70.1,1
43.9,71.0,1
43.9,72.4,1
44.0,71.3,1
49.1,104.8,1
49.2,73.1,1
49.3,69.9,1
49.3,71.9,1
49.4,70.1,1
54.5,74.7,1
54.6,87.8,1
54.6,86.6,1
54.7,71.5,1
54.8,70.4,1
59.9,71.2,1
60.0,96.2,1
60.1,100.4,1
60.1,87.9,1
60.2,70.2,1
65.3,71.5,1
65.4,72.0,1
65.4,81.4,1
65.5,70.4,1
65.6,71.0,1
70.7,72.8,1
70.7,72.7,1
70.8,83.6,1
70.9,106.3,1
71.0,88.9,1
76.1,71.2,1
76.2,86.9,1
76.3,81.9,1
76.3,75.1,1
76.4,87.2,1
81.6,170.8,1
81.7,80.4,1
81.8,75.6,1
81.8,73.0,1
81.9,75.5,1
87.0,78.4,1
87.1,93.5,1
87.2,83.5,1
87.2,79.7,1
87.3,88.9,1
92.4,83.4,1
92.5,70.6,1
92.6,72.1,1
92.7,93.1,1
92.8,100.9,1
97.8,72.7,1
97.9,77.7,1
98.0,71.1,1
98.1,104.4,1
98.2,73.7,1
103.2,77.0,1
103.3,77.2,1
103.4,71.4,1
103.5,73.0,1
103.5,74.0,1
108.6,72.8,1
108.7,84.0,1
108.8,76.4,1
108.9,104.1,1
108.9,74.8,1
114.0,78.8,1
114.1,72.5,1
114.2,70.9,1
114.2,71.2,1
114.3,73.3,1
119.4,71.6,1
119.5,71.2,1
119.5,69.8,1
119.6,83.0,1
119.7,70.6,1
124.8,93.1,1
124.9,85.1,1
125.0,89.8,1
125.0,72.9,1
125.1,72.1,1
130.2,69.7,1
130.3,71.0,1
130.3,69.1,1
130.4,69.3,1
130.5,83.3,1
135.6,103.4,1
135.7,84.2,1
135.7,78.5,1
135.8,74.2,1
135.9,77.4,1
141.0,86.8,1
141.1,72.4,1
141.2,108.8,1
141.2,70.8,1
141.3,76.4,1
146.4,71.1,1
146.5,73.9,1
146.5,72.5,1
146.6,73.8,1
146.7,73.5,1
151.8,100.4,1
151.9,83.4,1
152.0,109.8,1
152.1,93.9,1
152.2,74.8,1
157.2,72.2,1
157.3,74.0,1
157.4,73.9,1
157.5,84.5,1
157.6,96.2,1
162.6,88.3,1
162.7,76.5,1
162.9,145.7,1
162.9,74.9,1
163.0,72.7,1
168.1,71.7,1
168.2,87.2,1
168.2,70.7,1
168.3,70.2,1
168.4,100.5,1
173.5,70.3,1
173.6,71.2,1
173.6,72.4,1
173.7,84.5,1
173.8,91.9,1
178.9,91.1,1
179.0,71.7,1
179.0,71.2,1
179.1,69.7,1
179.2,70.7,1
184.3,78.8,1
184.4,81.1,1
184.5,117.6,1
184.6,95.1,1
184.6,73.3,1
189.7,96.4,1
189.8,97.2,1
189.9,77.2,1
190.0,71.5,1
190.1,83.4,1
195.2,90.6,1
195.3,96.7,1
195.3,70.5,1
195.4,98.5,1
195.5,75.2,1
200.6,72.5,1
200.7,71.9,1
200.7,72.9,1
200.8,71.7,1
200.9,89.4,1
206.0,103.6,1
206.1,74.6,1
206.2,99.4,1
206.2,70.8,1
206.3,97.3,1
211.4,71.3,1
211.5,71.3,1
211.6,82.3,1
211.7,98.9,1
211.7,72.6,1
216.8,73.8,1
216.9,77.5,1
217.0,72.0,1
217.0,79.8,1
217.1,83.1,1
222.2,70.4,1
222.3,68.7,1
222.3,72.3,1
222.4,84.5,1
222.5,73.1,1
227.6,70.9,1
227.7,87.7,1
227.8,91.8,1
227.8,75.4,1
227.9,83.7,1
233.0,73.4,1
233.1,86.9,1
233.2,71.7,1
233.2,72.1,1
233.3,74.2,1
238.4,72.6,1
238.5,72.1,1
238.5,72.4,1
238.6,72.1,1
238.7,110.9,1
243.8,120.5,1
243.9,111.5,1
244.0,74.4,1
244.1,92.1,1
244.2,70.7,1
249.3,73.0,1
249.3,72.3,1
249.4,69.2,1
249.5,81.9,1
249.6,71.9,1
254.6,71.3,1
254.7,76.2,1
254.8,72.2,1
254.9,109.1,1
255.0,90.4,1
260.1,72.0,1
260.1,73.4,1
260.2,72.4,1
260.3,70.4,1
260.3,72.1,1
265.4,69.9,1
265.5,72.6,1
265.6,82.5,1
265.6,72.4,1
265.7,69.3,1
270.8,98.6,1
270.9,116.7,1
271.1,128.6,1
271.2,137.2,1
271.3,112.9,1
276.4,71.0,1
276.5,86.3,1
276.6,133.5,1
276.7,72.4,1
276.8,103.6,1
281.9,74.6,1
281.9,75.0,1
282.0,75.9,1
282.1,72.3,1
282.2,74.0,1
287.3,88.8,1
287.4,122.4,1
287.5,78.3,1
287.6,101.2,1
287.7,105.1,1
292.7,74.2,1
292.9,136.2,1
293.0,114.2,1
293.1,127.6,1
293.2,71.2,1
298.3,89.7,1
298.4,131.8,1
298.5,89.1,1
298.6,73.7,1
298.6,72.8,1
303.8,145.8,1
303.9,129.9,1
304.0,78.5,1
304.1,81.6,1
304.2,91.5,1
309.3,84.3,1
309.4,142.8,1
309.5,128.6,1
309.6,93.5,1
309.8,140.0,1
314.9,114.2,1
315.0,73.6,1
315.0,72.7,1
315.1,73.4,1
315.2,74.7,1
320.3,73.8,1
320.3,75.6,1
320.5,109.4,1
320.6,116.6,1
320.7,122.7,1
325.8,87.4,1
325.9,93.7,1
326.0,125.3,1
326.1,72.4,1
326.2,100.3,1
331.3,88.5,1
331.4,85.5,1
331.5,116.7,1
331.5,70.8,1
331.6,72.2,1
336.7,72.8,1
336.8,136.2,1
336.9,86.1,1
337.0,71.1,1
337.1,91.3,1
342.2,74.1,1
342.2,75.2,1
342.3,85.1,1
342.4,79.5,1
342.5,106.6,1
347.6,73.4,1
347.7,73.7,1
347.7,82.9,1
347.8,89.1,1
347.9,77.4,1
353.0,113.8,1
353.1,97.2,1
353.2,77.9,1
353.3,72.0,1
353.3,70.8,1
358.4,73.9,1
358.5,70.6,1
358.6,80.7,1
358.6,76.0,1
358.8,106.5,1
363.8,81.6,1
363.9,79.9,1
364.0,71.0,1
364.1,123.5,1
364.2,91.2,1
369.3,73.0,1
369.4,75.5,1
369.4,72.3,1
369.5,87.8,1
369.6,114.0,1
374.7,95.2,1
374.8,111.3,1
374.9,93.2,1
375.1,125.1,1
375.1,84.0,1
380.2,86.5,1
380.3,78.2,1
380.4,73.1,1
380.5,128.7,1
380.6,72.2,1
385.7,99.4,1
385.8,71.9,1
385.8,70.9,1
385.9,111.0,1
386.0,70.2,1
391.1,72.5,1
391.2,85.9,1
391.2,71.6,1
391.3,70.5,1
391.4,85.7,1
396.5,97.8,1
396.6,96.3,1
396.7,70.5,1
396.7,75.4,1
396.8,84.1,1
401.9,79.8,1
402.0,93.0,1
402.1,76.4,1
402.2,99.2,1
402.3,72.7,1
407.3,75.0,1
407.5,140.9,1
407.6,128.0,1
407.7,143.1,1
407.9,114.3,1
413.0,120.2,1
413.1,122.1,1
413.2,110.0,1
413.4,134.8,1
413.4,73.8,1
418.6,120.5,1
418.6,95.4,1
418.7,74.0,1
418.8,120.5,1
419.0,126.8,1
424.0,75.3,1
424.1,77.2,1
424.3,130.6,1
424.4,105.3,1
424.5,99.7,1
429.6,125.6,1
429.7,120.8,1
429.8,115.7,1
429.9,105.8,1
430.0,81.4,1
435.2,133.0,1
435.3,113.1,1
435.3,71.4,1
435.4,72.9,1
435.5,73.0,1
440.6,75.5,1
440.7,138.2,1
440.8,77.6,1
440.9,84.6,1
441.0,96.7,1
446.1,88.4,1
446.1,72.4,1
446.2,88.6,1
446.3,71.7,1
446.4,109.1,1
451.5,97.0,1
451.6,75.2,1
451.7,85.2,1
451.8,107.4,1
451.9,120.1,1
457.0,92.5,1
457.1,76.6,1
457.1,73.4,1
457.2,79.6,1
457.3,80.0,1
462.4,74.0,1
462.5,103.5,1
462.6,92.1,1
462.7,143.8,1
462.8,120.5,1
468.0,152.0,1
468.1,89.0,1
468.2,81.2,1
468.2,78.6,1
468.4,127.7,1
473.4,82.1,1
473.6,103.4,1
473.6,87.4,1
473.8,142.0,1
473.9,87.3,1
479.0,120.8,1
479.1,108.6,1
479.2,86.4,1
479.3,133.5,1
479.4,126.9,1
484.5,73.8,1
484.6,82.8,1
484.7,75.4,1
484.8,122.0,1
484.9,75.2,1
490.0,117.2,1
490.1,71.0,1
490.1,72.2,1
490.2,76.0,1
490.3,98.1,1
495.4,71.7,1
495.5,132.9,1
495.6,96.2,1
495.7,94.6,1
495.9,130.0,1
501.0,141.4,1
501.1,122.9,1
501.2,117.8,1
501.4,125.8,1
501.4,78.3,1
506.5,74.3,1
506.6,99.2,1
506.7,127.5,1
506.8,74.1,1
506.9,103.9,1
512.1,134.7,1
512.2,127.6,1
512.3,127.5,1
512.4,120.0,1
512.5,92.5,1
517.6,88.7,1
517.7,104.0,1
517.9,123.9,1
518.0,137.0,1
518.1,116.5,1
523.2,87.3,1
523.3,73.5,1
523.4,138.9,1
523.5,82.1,1
523.6,72.5,1
528.7,92.0,1
528.8,141.1,1
528.9,107.4,1
529.0,91.2,1
529.1,95.6,1
534.2,86.9,1
534.3,91.9,1
534.4,72.3,1
534.4,91.9,1
534.5,70.9,1
539.6,71.8,1
539.7,73.9,1
539.8,87.6,1
539.9,97.6,1
540.0,111.1,1
545.1,89.5,1
545.2,91.9,1
545.3,115.1,1
545.4,140.6,1
545.5,88.2,1
550.6,103.7,1
550.7,105.8,1
550.8,96.1,1
550.9,83.3,1
551.0,99.2,1
556.1,120.5,1
556.2,112.8,1
556.3,120.8,1
556.4,100.1,1
556.5,72.4,1
561.6,109.3,1
561.7,83.2,1
561.8,120.0,1
562.0,151.2,1
562.1,109.1,1
567.2,73.5,1
567.3,80.3,1
567.3,86.1,1
567.4,73.4,1
567.5,74.3,1
572.6,93.1,1
572.7,111.6,1
572.8,119.4,1
572.9,86.0,1
573.0,123.4,1
578.1,78.0,1
578.2,74.7,1
578.3,83.9,1
578.3,75.2,1
578.4,93.4,1
583.6,139.8,1
583.7,96.9,1
583.8,75.5,1
583.8,75.0,1
583.9,76.5,1
589.0,91.6,1
589.1,121.1,1
589.2,100.6,1
589.3,127.1,1
589.5,145.9,1
594.6,121.3,1
594.7,123.2,1
594.9,154.7,1
595.0,122.3,1
595.1,123.4,1
600.3,134.5,1
600.4,119.4,1
600.5,134.7,1
600.7,122.5,1
600.7,77.6,1
605.9,137.7,1
606.0,129.1,1
606.1,123.3,1
606.2,112.3,1
606.4,145.3,1
611.5,123.7,1
611.6,121.4,1
611.7,96.0,1
611.9,122.3,1
612.0,147.3,1
617.1,127.9,1
617.3,138.6,1
617.4,113.0,1
617.5,106.1,1
617.6,107.7,1
622.7,143.1,1
622.8,78.7,1
622.9,80.6,1
623.0,109.6,1
623.1,102.4,1
628.2,122.4,1
628.4,141.5,1
628.5,81.1,1
628.5,73.5,1
628.6,72.8,1
633.7,93.2,1
633.8,130.9,1
633.9,88.8,1
634.1,153.9,1
634.2,105.0,1
639.3,122.8,1
639.4,77.0,1
639.5,117.1,1
639.6,108.8,1
639.7,74.0,1
644.8,89.5,1
644.9,91.2,1
645.0,147.5,1
645.2,130.3,1
645.3,132.5,1
650.4,119.8,1
650.5,124.2,1
650.7,113.3,1
650.8,139.0,1
650.9,97.5,1
656.0,126.8,1
656.1,103.8,1
656.2,105.2,1
656.4,132.1,1
656.5,107.9,1
661.6,73.2,1
661.7,116.9,1
661.8,87.2,1
661.9,131.1,1
662.0,80.2,1
667.1,106.2,1
667.2,74.6,1
667.3,118.1,1
667.4,140.6,1
667.5,110.2,1
672.6,113.2,1
672.7,107.9,1
672.9,121.0,1
673.0,137.4,1
673.1,75.6,1
678.2,101.7,1
678.3,125.7,1
678.4,128.3,1
678.6,137.6,1
678.7,120.5,1
683.8,109.1,1
683.9,91.5,1
684.0,123.4,1
684.2,129.4,1
684.3,146.1,1
689.4,131.6,1
689.6,143.1,1
689.7,143.5,1
689.9,142.3,1
690.0,166.4,1
695.2,121.3,1
695.3,123.4,1
695.4,73.5,1
695.5,115.3,1
695.6,108.6,1
700.7,122.3,1
700.8,119.4,1
700.9,108.8,1
701.1,128.7,1
701.2,120.6,1
706.3,137.8,1
706.5,152.6,1
706.6,111.3,1
706.8,169.5,1
706.9,145.8,1
712.0,82.7,1
712.1,76.4,1
712.1,73.2,1
712.2,88.8,1
712.4,135.5,1
717.5,131.3,1
717.6,76.1,1
717.7,73.4,1
717.7,72.6,1
717.8,118.0,1
723.0,139.9,1
723.1,120.2,1
723.2,104.2,1
723.4,141.9,1
723.5,154.9,1
728.7,147.4,1
728.8,138.1,1
728.9,140.3,1
729.1,121.8,1
729.2,136.2,1
734.3,119.6,1
734.4,98.4,1
734.5,115.3,1
734.6,108.7,1
734.8,130.5,1
739.9,120.8,1
740.0,104.0,1
740.1,144.6,1
740.3,122.6,1
740.4,124.1,1
745.5,120.7,1
745.7,134.0,1
745.8,121.5,1
745.9,124.1,1
746.0,120.9,1
751.1,99.2,1
751.2,125.2,1
751.4,138.7,1
751.5,129.3,1
751.6,109.3,1
756.7,75.2,1
756.8,95.4,1
756.9,86.0,1
757.0,90.3,1
757.0,71.2,1
762.2,98.0,1
762.2,73.9,1
762.3,89.8,1
762.4,127.3,1
762.5,71.3,1
767.7,131.4,1
767.7,98.2,1
767.9,146.6,1
768.0,128.6,1
768.1,82.5,1
773.2,88.1,1
773.3,130.9,1
773.4,80.6,1
773.5,137.1,1
773.7,143.8,1
778.8,125.2,1
778.9,123.7,1
779.1,109.5,1
779.2,112.6,1
779.3,150.1,1
784.4,123.3,1
784.6,113.8,1
784.7,99.1,1
784.8,143.5,1
784.9,106.3,1
790.0,73.9,1
790.1,98.6,1
790.2,146.4,1
790.4,128.7,1
790.5,146.1,1
795.6,137.1,1
795.7,79.9,1
795.8,75.0,1
795.9,111.2,1
796.0,123.2,1
801.2,115.6,1
801.2,70.7,1
801.3,94.3,1
801.4,110.0,1
801.5,83.5,1
806.6,123.5,1
806.7,76.9,1
806.8,88.8,1
806.9,130.8,1
807.0,96.0,1
812.2,133.7,1
812.3,126.6,1
812.4,96.5,1
812.5,143.2,1
812.7,134.3,1
817.8,123.3,1
818.0,148.5,1
818.1,136.2,1
818.2,142.1,1
818.4,138.0,1
823.5,138.8,1
823.7,137.3,1
823.8,128.0,1
823.9,132.0,1
824.0,85.2,1
829.1,139.4,1
829.2,100.5,1
829.4,128.8,1
829.5,114.5,1
829.6,139.3,1
834.8,122.2,1
834.9,127.8,1
835.0,165.1,1
835.1,86.9,1
835.2,119.6,1
840.3,94.9,1
840.5,105.5,1
840.6,113.9,1
840.7,105.4,1
840.8,151.0,1
846.0,136.5,1
846.0,72.3,1
846.1,87.7,1
846.2,73.3,1
846.3,112.9,1
851.4,84.4,1
851.5,105.5,1
851.6,73.4,1
851.7,120.0,1
851.8,117.4,1
856.9,122.2,1
857.1,124.6,1
857.2,131.7,1
857.3,150.3,1
857.5,134.1,1
862.6,140.0,1
862.7,110.5,1
862.9,132.3,1
863.0,136.0,1
863.2,164.6,1
868.3,139.0,1
868.5,154.5,1
868.6,152.1,1
868.8,146.7,1
868.9,182.4,1
874.1,141.1,1
874.2,127.0,1
874.3,82.4,1
874.5,147.3,1
874.6,108.8,1
879.7,123.3,1
879.8,106.1,1
879.9,149.3,1
880.0,85.4,1
880.2,127.0,1
885.3,117.5,1
885.4,147.7,1
885.6,137.0,1
885.7,101.6,1
885.8,112.4,1
890.9,115.6,1
891.0,94.6,1
891.1,73.2,1
891.1,74.9,1
891.3,110.6,1
896.3,88.6,1
896.4,75.2,1
896.5,105.7,1
896.6,77.4,1
896.7,98.1,1
901.8,140.7,1
901.9,100.9,1
902.1,148.8,1
902.2,90.7,1
902.3,136.5,1
907.4,104.1,1
907.5,77.3,1
907.6,99.5,1
907.7,101.5,1
907.9,141.4,1
913.0,91.4,1
913.1,121.5,1
913.2,135.3,1
913.3,86.6,1
913.4,94.2,1
918.5,120.9,1
918.6,89.6,1
918.7,90.1,1
918.8,105.2,1
919.0,154.5,1
924.1,125.5,1
924.2,141.7,1
924.3,122.1,1
924.4,85.4,1
924.5,73.4,1
929.6,72.1,1
929.7,79.1,1
929.8,147.3,1
929.9,138.0,1
930.1,149.9,1
935.2,71.6,1
935.3,83.6,1
935.3,72.4,1
935.5,147.3,1
935.6,125.3,1
940.7,84.6,1
940.8,127.3,1
941.0,140.2,1
941.1,103.3,1
941.2,137.6,1
946.3,101.6,1
946.4,134.4,1
946.6,145.8,1
946.7,121.4,1
946.9,150.7,1
952.0,120.1,1
952.1,127.3,1
952.2,104.3,1
952.3,118.0,1
952.4,93.5,1
957.6,125.3,1
957.6,78.2,1
957.7,87.5,1
957.9,146.1,1
958.0,121.0,1
963.1,73.9,1
963.1,79.1,1
963.2,104.1,1
963.3,93.3,1
963.4,96.8,1
968.5,90.8,1
968.7,142.4,1
968.8,124.1,1
968.9,140.3,1
969.1,118.0,1
974.2,106.9,1
974.3,96.2,1
974.4,125.7,1
974.5,117.7,1
974.6,102.8,1
979.7,72.3,1
979.8,73.4,1
979.8,75.9,1
980.0,118.3,1
980.1,103.4,1
985.2,140.5,1
985.3,108.3,1
985.4,139.8,1
985.6,139.9,1
985.7,136.7,1
990.9,130.5,1
991.0,114.9,1
991.1,128.7,1
991.2,118.0,1
991.3,123.2,1
996.5,104.0,1
996.5,83.9,1
996.7,118.9,1
996.8,107.3,1
996.9,108.3,1
1002.0,94.6,1
1002.1,77.6,1
1002.2,104.4,1
1002.3,138.4,1
1002.4,137.7,1
1007.6,125.6,1
1007.7,130.8,1
1007.8,92.3,1
1007.9,78.5,1
1008.0,124.2,1
1013.1,140.3,1
1013.3,138.5,1
1013.4,127.9,1
1013.5,126.5,1
1013.6,121.2,1
1018.8,127.0,1
1018.9,123.0,1
1019.1,152.8,1
1019.2,142.3,1
1019.3,80.2,1
1024.4,76.1,1
1024.5,92.3,1
1024.6,115.1,1
1024.7,98.0,1
1024.7,74.4,1
1029.8,78.6,1
1029.9,108.9,1
1030.0,106.7,1
1030.1,103.9,1
1030.3,132.2,1
1035.4,74.4,1
1035.5,108.5,1
1035.6,136.5,1
1035.7,129.9,1
1035.9,128.1,1
1041.0,122.7,1
1041.1,129.6,1
1041.2,126.0,1
1041.4,124.2,1
1041.5,114.4,1
1046.6,88.8,1
1046.7,136.0,1
1046.8,119.7,1
1047.0,151.6,1
1047.2,176.2,1
1052.2,76.5,1
1052.4,115.9,1
1052.5,109.1,1
1052.6,93.6,1
1052.7,127.3,1
1057.8,139.7,1
1058.0,161.1,1
1058.1,129.6,1
1058.2,119.0,1
1058.4,135.9,1
1063.5,116.8,1
1063.6,142.7,1
1063.8,149.3,1
1064.0,176.3,1
1064.1,161.0,1
1069.2,90.6,1
1069.3,113.7,1
1069.4,112.4,1
1069.6,139.7,1
1069.7,74.3,1
1074.7,78.4,1
1074.8,72.6,1
1074.9,116.8,1
1075.0,94.1,1
1075.1,78.0,1
1080.2,139.9,1
1080.4,115.5,1
1080.5,146.2,1
1080.7,143.4,1
1080.8,133.1,1
1085.9,97.0,1
1086.0,120.2,1
1086.2,142.4,1
1086.3,112.8,1
1086.4,126.7,1
1091.5,118.1,1
1091.6,105.1,1
1091.7,113.6,1
1091.9,123.7,1
1092.0,125.4,1
1097.1,86.4,1
1097.2,123.4,1
1097.4,155.0,1
1097.5,118.0,1
1097.6,90.7,1
1102.6,81.5,1
1102.8,116.7,1
1102.9,124.9,1
1103.0,146.1,1
1103.2,152.8,1
1108.3,143.4,1
1108.5,144.8,1
1108.6,101.5,1
1108.7,102.5,1
1108.8,137.8,1
1113.9,92.9,1
1114.0,117.5,1
1114.1,108.4,1
1114.3,146.4,1
1114.4,145.7,1
1119.5,72.6,1
1119.6,72.7,1
1119.7,74.7,1
1119.8,125.4,1
1119.9,126.6,1
1125.0,99.4,1
1125.1,124.3,1
1125.2,98.0,1
1125.4,120.1,1
1125.5,126.8,1
1130.6,80.6,1
1130.7,130.4,1
1130.8,116.2,1
1130.9,123.8,1
1131.0,91.4,1
1136.2,118.9,1
1136.3,126.3,1
1136.4,145.1,1
1136.5,97.3,1
1136.6,113.5,1
1141.7,102.8,1
1141.9,147.7,1
1142.0,150.5,1
1142.1,108.5,1
1142.3,121.0,1
1147.4,148.1,1
1147.5,122.2,1
1147.6,91.9,1
1147.8,118.9,1
1147.9,117.1,1
1153.0,128.9,1
1153.1,84.2,1
1153.2,116.1,1
1153.3,127.2,1
1153.5,121.8,1
1158.5,73.2,1
1158.7,144.1,1
1158.8,72.9,1
1158.9,99.6,1
1159.0,110.4,1
1164.1,118.6,1
1164.2,130.5,1
1164.3,102.9,1
1164.4,126.6,1
1164.6,110.5,1
1169.6,76.7,1
1169.7,83.7,1
1169.8,76.9,1
1169.9,96.6,1
1170.0,89.2,1
1175.1,139.6,1
1175.2,99.2,1
1175.4,144.1,1
1175.5,135.5,1
1175.6,74.0,1
1180.7,120.6,1
1180.8,122.5,1
1180.9,113.5,1
1181.1,120.7,1
1181.2,120.7,1
1186.3,122.3,1
1186.5,147.2,1
1186.6,106.3,1
1186.7,157.7,1
1186.8,116.4,1
1192.0,138.2,1
1192.1,155.2,1
1192.3,131.5,1
1192.3,75.8,1
1192.5,136.9,1
1197.6,120.4,1
1197.7,115.7,1
1197.8,96.5,1
1197.9,113.8,1
1198.1,148.9,1
1203.2,81.8,1
1203.2,72.5,1
1203.3,74.8,1
1203.4,122.0,1
1203.6,124.8,1
1208.6,82.0,1
1208.7,83.6,1
1208.8,86.7,1
1208.9,94.1,1
1209.0,74.2,1
1214.1,78.1,1
1214.2,114.5,1
1214.3,92.2,1
1214.3,72.4,1
1214.4,92.3,1
1219.6,114.2,1
1219.6,91.0,1
1219.7,91.1,1
1219.8,84.0,1
1219.9,100.3,1
1225.1,125.1,1
1225.2,149.7,1
1225.3,145.7,1
1225.5,158.9,1
1225.8,255.1,1
1230.9,103.5,1
1231.0,118.9,1
1231.1,96.6,1
1231.2,111.2,1
1231.3,122.1,1
1236.5,139.6,1
1236.6,146.5,1
1236.7,96.5,1
1236.8,142.1,1
1237.0,145.4,1
1242.1,117.3,1
1242.2,123.3,1
1242.4,159.0,1
1242.6,158.7,1
1242.7,126.0,1
1247.8,108.6,1
1247.9,75.5,1
1248.0,97.4,1
1248.1,83.9,1
1248.2,138.4,1
1253.3,73.3,1
1253.4,122.7,1
1253.5,114.8,1
1253.6,73.5,1
1253.7,73.2,1
1258.8,122.8,1
1258.9,91.8,1
1259.0,142.7,1
1259.1,105.0,1
1259.2,124.4,1
1264.4,104.1,1
1264.5,119.6,1
1264.6,115.9,1
1264.7,138.3,1
1264.8,81.4,1
1270.0,144.2,1
1270.1,129.4,1
1270.2,114.9,1
1270.3,97.8,1
1270.4,71.5,1
1275.5,126.1,1
1275.7,154.9,1
1275.8,109.6,1
1275.9,108.6,1
1276.0,99.3,1
1281.1,136.6,1
1281.2,91.2,1
1281.3,136.5,1
1281.5,129.3,1
1281.6,134.3,1
1286.7,124.2,1
1286.9,131.0,1
1287.0,163.8,1
1287.2,135.2,1
1287.3,132.6,1
1292.4,111.4,1
1292.5,120.2,1
1292.6,113.8,1
1292.8,146.8,1
1292.9,116.9,1
1298.0,109.0,1
1298.1,94.7,1
1298.2,128.7,1
1298.4,144.1,1
1298.5,92.7,1
1303.6,86.0,1
1303.6,70.5,1
1303.8,106.9,1
1303.9,132.6,1
1304.0,79.3,1
1309.1,137.0,1
1309.3,152.5,1
1309.4,151.3,1
1309.5,78.1,1
1309.6,130.4,1
1314.7,101.3,1
1314.8,106.6,1
1315.0,124.3,1
1315.1,95.5,1
1315.2,138.2,1
1320.3,103.2,1
1320.4,120.2,1
1320.5,95.9,1
1320.6,101.6,1
1320.7,98.7,1
1325.9,131.4,1
1326.0,118.0,1
1326.1,125.9,1
1326.2,148.6,1
1326.3,97.3,1
1331.5,134.3,1
1331.6,105.5,1
1331.7,124.5,1
1331.9,147.4,1
1332.0,123.6,1
1337.1,91.5,1
1337.2,81.5,1
1337.3,100.2,1
1337.3,79.6,1
1337.4,75.4,1
1342.5,85.7,1
1342.6,109.4,1
1342.7,89.0,1
1342.8,98.5,1
1342.9,79.6,1
1348.0,140.1,1
1348.1,117.4,1
1348.3,144.4,1
1348.4,134.3,1
1348.5,125.6,1
1353.7,135.6,1
1353.8,110.9,1
1353.9,79.6,1
1354.0,122.9,1
1354.1,143.8,1
1359.3,137.5,1
1359.4,134.8,1
1359.5,106.2,1
1359.6,80.4,1
1359.8,145.5,1
1364.8,77.8,1
1365.0,120.0,1
1365.1,120.4,1
1365.2,119.9,1
1365.3,103.3,1
1370.4,109.3,1
1370.6,150.9,1
1370.7,121.6,1
1370.8,137.2,1
1370.9,115.4,1
1376.0,97.9,1
1376.2,142.3,1
1376.3,122.2,1
1376.4,123.4,1
1376.6,128.1,1
1381.7,129.4,1
1381.8,147.0,1
1381.9,80.9,1
1382.0,128.8,1
1382.1,75.6,1
1387.2,82.3,1
1387.3,75.9,1
1387.4,78.6,1
1387.5,107.7,1
1387.6,146.7,1
1392.8,131.8,1
1392.9,117.4,1
1393.0,95.9,1
1393.1,108.6,1
1393.2,77.1,1
1398.2,90.8,1
1398.4,120.5,1
1398.5,113.5,1
1398.6,110.0,1
1398.7,133.6,1
1403.9,136.6,1
1404.0,163.3,1
1404.2,157.6,1
1404.3,152.1,1
1404.5,132.1,1
1409.6,147.3,1
1409.7,74.7,1
1409.9,154.9,1
1410.0,132.9,1
1410.1,133.5,1
1415.3,132.9,1
1415.4,132.5,1
1415.5,72.3,1
1415.6,99.5,1
1415.6,78.5,1
1420.8,131.5,1
1420.9,147.3,1
1421.1,141.6,1
1421.2,133.4,1
1421.4,151.0,1
1426.5,103.4,1
1426.5,75.7,1
1426.7,115.4,1
1426.7,94.7,1
1426.9,107.4,1
1432.0,119.8,1
1432.1,139.5,1
1432.2,95.5,1
1432.4,137.8,1
1432.5,118.0,1
1437.6,85.9,1
1437.7,101.3,1
1437.8,133.5,1
1437.9,106.7,1
1438.0,73.8,1
1443.1,104.6,1
1443.2,120.2,1
1443.3,131.0,1
1443.5,144.0,1
1443.6,92.7,1
1448.7,113.3,1
1448.8,145.6,1
1449.0,128.5,1
1449.1,138.5,1
1449.2,127.2,1
1454.3,82.6,1
1454.4,89.7,1
1454.5,136.0,1
1454.7,113.8,1
1454.8,121.2,1
1459.9,125.5,1
1460.0,76.8,1
1460.1,140.1,1
1460.3,130.4,1
1460.4,120.6,1
1465.5,110.4,1
1465.6,124.8,1
1465.7,126.5,1
1465.9,132.4,1
1466.0,135.4,1
1471.1,76.2,1
1471.2,146.5,1
1471.3,70.0,1
1471.4,108.9,1
1471.5,136.9,1
1476.6,76.3,1
1476.7,91.9,1
1476.8,125.6,1
1476.9,79.1,1
1477.0,110.9,1
1482.1,75.5,1
1482.2,75.1,1
1482.3,73.7,1
1482.4,140.4,1
1482.5,83.6,1
1487.6,80.8,1
1487.7,109.5,1
1487.8,94.7,1
1487.9,155.9,1
1488.1,155.4,1
1493.2,142.6,1
1493.4,121.7,1
1493.5,136.4,1
1493.6,132.6,1
1493.7,107.0,1
1498.9,118.4,1
1499.0,115.0,1
1499.1,104.1,1
1499.2,158.8,1
1499.4,147.8,1
1504.5,107.7,1
1504.6,125.1,1
1504.8,129.8,1
1504.9,123.8,1
1505.0,143.5,1
1510.2,146.6,1
1510.3,140.8,1
1510.4,111.2,1
1510.5,121.2,1
1510.6,101.1,1
1515.7,85.4,1
1515.8,73.7,1
1515.9,97.9,1
1516.0,86.2,1
1516.1,132.2,1
1521.2,95.8,1
1521.3,72.6,1
1521.4,71.2,1
1521.4,72.1,1
1521.6,140.3,1
1526.7,79.6,1
1526.7,74.8,1
1526.8,72.7,1
1526.9,108.5,1
1527.0,123.2,1
1532.2,109.7,1
1532.3,100.7,1
1532.4,103.0,1
1532.5,147.2,1
1532.6,138.5,1
1537.8,97.8,1
1537.9,122.9,1
1538.0,141.2,1
1538.2,138.6,1
1538.3,112.6,1
1543.4,121.8,1
1543.5,144.5,1
1543.7,124.1,1
1543.7,79.2,1
1543.9,119.8,1
1549.0,106.0,1
1549.1,79.5,1
1549.2,147.7,1
1549.3,120.9,1
1549.4,112.4,1
1554.6,130.7,1
1554.7,142.0,1
1554.8,91.2,1
1554.9,78.8,1
1555.0,130.9,1
1560.1,129.1,1
1560.2,93.6,1
1560.4,130.3,1
1560.5,94.5,1
1560.6,96.7,1
1565.6,73.2,1
1565.7,99.6,1
1565.9,136.9,1
1566.0,89.5,1
1566.1,136.8,1
1571.2,81.9,1
1571.3,101.2,1
1571.4,75.5,1
1571.4,87.3,1
1571.5,93.4,1
1576.7,113.5,1
1576.7,89.7,1
1576.9,101.6,1
1577.0,118.8,1
1577.1,145.5,1
1582.2,114.7,1
1582.4,122.4,1
1582.5,136.9,1
1582.6,122.0,1
1582.8,144.0,1
1587.9,128.1,1
1588.0,76.2,1
1588.1,127.2,1
1588.2,121.5,1
1588.3,120.6,1
1593.4,90.2,1
1593.5,94.1,1
1593.7,124.8,1
1593.8,138.7,1
1593.9,124.7,1
1599.1,135.3,1
1599.2,134.0,1
1599.3,136.9,1
1599.5,127.3,1
1599.6,149.1,1
1604.7,111.3,1
1604.8,105.0,1
1604.9,119.9,1
1605.1,109.0,1
1605.1,96.8,1
1610.3,111.2,1
1610.3,72.0,1
1610.4,103.0,1
1610.5,80.8,1
1610.6,89.1,1
1615.7,121.7,1
1615.8,95.5,1
1615.9,113.1,1
1616.1,143.8,1
1616.2,144.4,1
1621.4,150.2,1
1621.5,74.2,1
1621.5,76.1,1
1621.7,132.0,1
1621.8,146.9,1
1626.9,121.5,1
1627.1,127.9,1
1627.2,133.6,1
1627.3,129.7,1
1627.5,144.1,1
1632.6,124.4,1
1632.8,151.8,1
1632.9,142.9,1
1633.0,107.8,1
1633.1,120.3,1
1638.3,143.5,1
1638.4,107.4,1
1638.5,148.2,1
1638.7,139.1,1
1638.8,101.9,1
1643.9,134.8,1
1644.1,141.1,1
1644.2,143.2,1
1644.3,115.3,1
1644.4,132.7,1
1649.6,120.7,1
1649.6,79.1,1
1649.7,95.8,1
1649.8,81.1,1
1650.0,127.9,1
1655.1,102.1,1
1655.1,78.0,1
1655.3,129.1,1
1655.4,109.3,1
1655.5,74.2,1
1660.6,133.2,1
1660.7,86.3,1
1660.8,78.0,1
1660.9,148.0,1
1661.0,95.5,1
1666.1,108.3,1
1666.2,126.9,1
1666.4,125.7,1
1666.4,74.4,1
1666.5,89.8,1
1671.7,123.6,1
1671.8,119.0,1
1671.9,124.7,1
1672.0,129.2,1
1672.2,126.1,1
1677.3,126.2,1
1677.4,124.5,1
1677.5,137.9,1
1677.7,121.6,1
1677.8,122.8,1
1682.9,141.7,1
1683.1,120.5,1
1683.1,90.3,1
1683.3,100.9,1
1683.4,99.8,1
1688.4,77.0,1
1688.5,101.4,1
1688.6,74.7,1
1688.8,164.2,1
1688.9,86.5,1
1694.0,135.0,1
1694.1,127.9,1
1694.3,128.6,1
1694.4,112.1,1
1694.5,147.5,1
1699.6,75.3,1
1699.7,135.0,1
1699.9,129.0,1
1700.0,150.8,1
1700.2,142.0,1
1705.3,95.8,1
1705.4,116.9,1
1705.5,85.9,1
1705.5,94.6,1
1705.7,116.1,1
1710.8,109.2,1
1710.9,89.8,1
1711.0,94.8,1
1711.1,90.8,1
1711.2,118.1,1
1716.3,147.2,1
1716.5,150.2,1
1716.6,137.5,1
1716.7,130.3,1
1716.9,141.1,1
1722.0,98.6,1
1722.1,126.4,1
1722.2,136.3,1
1722.4,123.9,1
1722.5,143.3,1
1727.6,116.9,1
1727.7,111.4,1
1727.9,124.5,1
1728.0,124.8,1
1728.1,124.9,1
1733.2,74.0,1
1733.3,118.4,1
1733.4,98.1,1
1733.5,74.5,1
1733.6,104.8,1
1738.7,105.9,1
1738.9,150.9,1
1739.0,134.2,1
1739.1,134.9,1
1739.2,92.5,1
1744.3,111.3,1
1744.4,75.0,1
1744.5,117.7,1
1744.6,108.4,1
1744.7,104.9,1
1749.8,74.3,1
1750.0,140.0,1
1750.1,112.5,1
1750.2,112.0,1
1750.3,124.8,1
1755.4,115.9,1
1755.5,71.0,1
1755.6,71.8,1
1755.7,98.9,1
1755.8,152.1,1
1760.9,96.5,1
1761.1,126.0,1
1761.2,128.7,1
1761.3,136.8,1
1761.5,152.6,1
1766.6,138.9,1
1766.7,121.5,1
1766.9,123.9,1
1767.0,127.8,1
1767.1,79.3,1
1772.2,124.4,1
1772.3,133.7,1
1772.5,137.6,1
1772.6,132.9,1
1772.7,119.0,1
1777.8,98.7,1
1778.0,165.6,1
1778.1,150.8,1
1778.3,137.1,1
1778.4,144.1,1
1783.6,140.3,1
1783.7,105.7,1
1783.8,92.9,1
1783.9,114.5,1
1784.0,138.9,1
1789.1,97.2,1
1789.2,119.5,1
1789.3,88.7,1
1789.4,96.9,1
1789.5,70.8,1
1794.6,141.1,1
1794.7,111.1,1
1794.9,131.7,1
1795.0,115.9,1
1795.1,91.0,1
1800.2,116.8,1
1800.3,115.5,1
1800.4,92.0,1
1800.5,126.9,1
1800.7,110.9,1
1805.8,141.6,1
1805.9,138.9,1
1806.1,135.2,1
1806.2,138.4,1
1806.3,105.5,1
1811.4,108.8,1
1811.6,145.1,1
1811.7,77.6,1
1811.8,128.8,1
1811.9,122.1,1
1817.0,134.4,1
1817.1,98.7,1
1817.3,147.2,1
1817.4,100.1,1
1817.5,141.2,1
1822.7,138.9,1
1822.8,146.4,1
1823.0,147.6,1
1823.1,119.6,1
1823.2,117.2,1
1828.3,110.3,1
1828.4,130.0,1
1828.6,121.4,1
1828.7,147.6,1
1828.8,107.4,1
1834.0,129.1,1
1834.1,103.3,1
1834.2,124.7,1
1834.3,106.3,1
1834.4,74.9,1
1839.4,74.2,1
1839.5,88.7,1
1839.6,71.3,1
1839.7,73.4,1
1839.8,109.2,1
1844.9,102.2,1
1845.0,149.8,1
1845.1,87.9,1
1845.3,116.0,1
1845.4,135.6,1
1850.5,141.7,1
1850.7,129.9,1
1850.8,91.8,1
1850.9,129.4,1
1851.0,128.4,1
1856.1,94.6,1
1856.2,110.7,1
1856.3,98.8,1
1856.4,103.5,1
1856.6,135.8,1
1861.7,113.2,1
1861.8,150.3,1
1861.9,103.0,1
1862.1,142.4,1
1862.2,120.8,1
1867.3,115.5,1
1867.4,109.8,1
1867.5,103.5,1
1867.6,103.1,1
1867.8,121.7,1
1872.8,91.4,1
1872.9,89.2,1
1873.1,118.8,1
1873.2,126.8,1
1873.3,120.6,1
1878.4,86.5,1
1878.5,95.1,1
1878.6,101.2,1
1878.7,96.8,1
1878.8,144.8,1
1883.9,112.2,1
1884.0,75.8,1
1884.1,113.5,1
1884.2,106.8,1
1884.4,122.8,1
1889.4,73.3,1
1889.5,87.8,1
1889.7,134.1,1
1889.7,76.2,1
1889.9,126.2,1
1895.0,93.3,1
1895.0,77.1,1
1895.2,108.2,1
1895.3,145.6,1
1895.4,103.1,1
1900.5,72.6,1
1900.6,107.1,1
1900.7,102.4,1
1900.8,96.6,1
1900.9,95.4,1
1906.0,117.4,1
1906.1,131.4,1
1906.3,133.4,1
1906.4,131.0,1
1906.5,102.6,1
1911.6,81.3,1
1911.7,121.4,1
1911.8,124.1,1
1912.0,132.6,1
1912.1,99.6,1
1917.2,118.6,1
1917.3,145.8,1
1917.4,105.7,1
1917.5,108.1,1
1917.7,129.5,1
1922.8,112.3,1
1922.9,150.5,1
1923.0,105.3,1
1923.2,104.1,1
1923.3,120.8,1
1928.4,97.7,1
1928.5,77.9,1
1928.5,73.1,1
1928.6,87.7,1
1928.7,103.2,1
1933.8,115.8,1
1933.9,85.4,1
1934.0,71.8,1
1934.1,87.4,1
1934.2,72.1,1
1939.3,101.7,1
1939.4,101.6,1
1939.5,137.7,1
1939.6,83.1,1
1939.7,106.7,1
1944.8,113.3,1
1944.9,135.2,1
1945.0,91.1,1
1945.1,105.4,1
1945.3,137.2,1
1950.4,120.4,1
1950.5,100.6,1
1950.6,76.2,1
1950.7,110.1,1
1950.8,104.2,1
1955.9,119.3,1
1956.1,153.1,1
1956.2,165.5,1
1956.4,160.8,1
1956.5,121.9,1
1961.6,108.9,1
1961.7,81.4,1
1961.9,150.9,1
1962.0,157.6,1
1962.1,126.8,1
1967.2,77.6,1
1967.4,133.0,1
1967.4,92.1,1
1967.6,129.5,1
1967.7,107.0,1
1972.8,152.8,1
1973.0,131.1,1
1973.1,136.2,1
1973.3,139.1,1
1973.4,104.6,1
1978.4,80.2,1
1978.6,141.0,1
1978.7,119.9,1
1978.8,142.0,1
1979.0,112.4,1
1984.1,90.2,1
1984.2,124.5,1
1984.3,98.5,1
1984.4,85.4,1
1984.5,144.0,1
1989.6,132.4,1
1989.8,148.0,1
1989.9,130.0,1
1990.1,147.2,1
1990.2,121.5,1
1995.3,133.1,1
1995.5,141.2,1
1995.6,142.7,1
1995.7,124.2,1
1995.8,75.1,1
2000.9,133.4,1
2001.1,137.5,1
2001.2,116.0,1
2001.3,104.0,1
2001.4,128.8,1
2006.5,97.2,1
2006.6,74.0,1
2006.7,120.7,1
2006.8,74.3,1
2006.9,128.0,1
2012.0,73.7,1
2012.2,145.7,1
2012.3,124.1,1
2012.4,127.9,1
2012.5,104.9,1
2017.6,105.1,1
2017.8,130.7,1
2017.8,71.5,1
2017.9,102.7,1
2018.0,101.4,1
2023.2,130.0,1
2023.2,83.7,1
2023.4,130.7,1
2023.5,93.8,1
2023.6,106.5,1
2028.7,113.7,1
2028.8,90.2,1
2028.9,139.9,1
2029.1,137.6,1
2029.2,138.9,1
2034.3,112.1,1
2034.4,110.9,1
2034.5,105.3,1
2034.7,126.0,1
2034.8,113.8,1
2039.9,157.7,1
2040.1,121.5,1
2040.2,98.0,1
2040.3,135.5,1
2040.4,111.6,1
2045.5,76.3,1
2045.6,134.5,1
2045.7,115.5,1
2045.9,137.9,1
2046.0,111.1,1
2051.1,139.9,1
2051.2,113.2,1
2051.3,102.7,1
2051.5,111.0,1
2051.6,97.1,1
2056.6,86.0,1
2056.8,147.2,1
2056.9,88.1,1
2057.0,119.0,1
2057.1,116.1,1
2062.2,77.4,1
2062.3,97.0,1
2062.4,136.2,1
2062.6,134.9,1
2062.7,109.5,1
2067.8,86.6,1
2067.9,90.5,1
2067.9,89.1,1
2068.0,83.4,1
2068.1,86.4,1
2073.2,82.7,1
2073.3,119.5,1
2073.4,94.7,1
2073.6,142.3,1
2073.7,115.0,1
2078.8,111.9,1
2078.9,103.6,1
2079.0,147.4,1
2079.2,123.2,1
2079.2,74.1,1
2084.4,129.4,1
2084.5,109.8,1
2084.6,128.0,1
2084.7,124.1,1
2084.9,150.1,1
2090.0,83.8,1
2090.1,125.1,1
2090.2,113.6,1
2090.4,150.8,1
2090.5,123.0,1
2095.6,144.6,1
2095.7,105.2,1
2095.9,132.8,1
2096.0,121.7,1
2096.1,123.0,1
2101.2,115.6,1
2101.3,91.6,1
2101.4,74.1,1
2101.5,119.3,1
2101.6,113.5,1
2106.8,132.9,1
2106.8,73.4,1
2107.0,142.1,1
2107.1,73.8,1
2107.2,85.5,1
2112.2,72.4,1
2112.3,117.6,1
2112.5,116.4,1
2112.6,119.3,1
2112.7,140.8,1
2117.8,115.2,1
2117.9,106.1,1
2118.1,124.1,1
2118.2,135.9,1
2118.3,135.6,1
2123.5,104.7,1
2123.6,143.4,1
2123.7,118.8,1
2123.8,99.8,1
2123.9,113.9,1
2129.1,129.4,1
2129.2,106.1,1
2129.3,146.0,1
2129.4,106.4,1
2129.5,123.1,1
2134.7,134.7,1
2134.8,159.1,1
2135.0,142.0,1
2135.1,155.5,1
2135.3,192.0,1
2140.4,74.2,1
2140.6,146.1,1
2140.6,77.1,1
2140.8,124.3,1
2140.9,114.3,1
2146.0,130.1,1
2146.1,106.4,1
2146.2,101.5,1
2146.3,90.8,1
2146.4,101.5,1
2151.5,110.5,1
2151.7,148.0,1
2151.8,165.4,1
2152.0,133.3,1
2152.0,79.1,1
2157.1,74.7,1
2157.3,122.5,1
2157.4,142.2,1
2157.5,76.8,1
2157.5,70.6,1
2162.7,110.7,1
2162.8,149.6,1
2162.9,126.3,1
2163.1,126.9,1
2163.1,89.8,1
2168.3,145.3,1
2168.4,113.7,1
2168.5,129.7,1
2168.7,109.7,1
2168.8,143.2,1
2174.0,152.2,1
2174.0,87.6,1
2174.1,102.4,1
2174.3,132.3,1
2174.4,124.7,1
2179.5,125.0,1
2179.7,140.4,1
2179.8,127.1,1
2179.9,77.3,1
2180.0,99.8,1
2185.1,149.1,1
2185.3,124.4,1
2185.4,127.3,1
2185.5,136.1,1
2185.6,91.7,1
2190.7,108.8,1
2190.8,82.4,1
2190.9,104.8,1
2191.0,110.7,1
2191.1,110.5,1
2196.3,115.9,1
2196.4,142.9,1
2196.5,77.5,1
2196.6,93.9,1
2196.7,132.1,1
2201.8,118.1,1
2201.9,117.1,1
2202.0,75.0,1
2202.1,71.2,1
2202.2,80.5,1
2207.2,75.6,1
2207.4,119.3,1
2207.5,130.8,1
2207.6,136.8,1
2207.7,76.1,1
2212.9,143.0,1
2213.0,146.5,1
2213.2,163.0,1
2213.3,147.2,1
2213.4,122.8,1
2218.6,147.8,1
2218.7,124.4,1
2218.8,117.0,1
2218.9,105.8,1
2219.0,77.4,1
2224.1,120.7,1
2224.3,120.7,1
2224.4,107.4,1
2224.5,137.5,1
2224.6,109.1,1
2229.7,115.3,1
2229.8,114.0,1
2230.0,118.4,1
2230.0,73.8,1
2230.1,109.8,1
2235.3,146.0,1
2235.4,84.0,1
2235.5,128.8,1
2235.6,101.6,1
2235.7,89.4,1
2240.8,89.6,1
2240.9,112.1,1
2241.0,93.3,1
2241.1,129.7,1
2241.2,94.9,1
2246.3,111.3,1
2246.5,136.0,1
2246.6,79.0,1
2246.7,118.3,1
2246.8,106.6,1
2251.9,135.6,1
2252.0,118.6,1
2252.1,95.5,1
2252.3,129.6,1
2252.4,150.2,1
2257.6,143.5,1
2257.7,94.3,1
2257.7,87.2,1
2257.9,115.4,1
2258.0,128.6,1
2263.1,120.5,1
2263.2,133.3,1
2263.4,146.1,1
2263.5,151.5,1
2263.7,168.1,1
2268.8,104.4,1
2268.9,123.0,1
2269.0,91.5,1
2269.1,110.1,1
2269.2,86.1,1
2274.3,83.1,1
2274.5,134.0,1
2274.6,98.0,1
2274.6,78.3,1
2274.7,105.7,1
2279.8,97.2,1
2279.9,108.0,1
2280.1,139.6,1
2280.2,118.0,1
2280.3,109.5,1
2285.4,72.7,1
2285.5,107.3,1
2285.6,116.4,1
2285.7,93.9,1
2285.9,141.4,1
2290.9,76.8,1
2291.0,97.2,1
2291.1,112.9,1
2291.3,112.2,1
2291.3,71.7,1
2296.4,73.1,1
2296.5,96.6,1
2296.7,157.1,1
2296.8,139.4,1
2296.9,129.4,1
2302.0,75.1,1
2302.1,103.5,1
2302.2,121.2,1
2302.4,122.5,1
2302.5,156.5,1
2307.6,115.8,1
2307.7,92.6,1
2307.8,124.9,1
2307.9,93.8,1
2308.1,111.9,1
2313.2,133.2,1
2313.3,127.4,1
2313.5,153.2,1
2313.6,134.3,1
2313.8,145.6,1
2318.9,124.4,1
2319.0,141.1,1
2319.1,87.0,1
2319.2,122.5,1
2319.4,133.8,1
2324.5,108.2,1
2324.6,114.9,1
2324.7,140.3,1
2324.9,141.4,1
2325.0,119.0,1
2330.1,126.7,1
2330.2,124.0,1
2330.4,136.3,1
2330.5,121.1,1
2330.6,91.1,1
2335.7,120.9,1
2335.8,73.5,1
2335.9,127.5,1
2336.1,126.1,1
2336.2,136.8,1
2341.3,73.2,1
2341.4,99.5,1
2341.5,117.5,1
2341.6,93.6,1
2341.7,104.2,1
2346.8,124.8,1
2346.9,74.3,1
2347.0,115.8,1
2347.1,120.4,1
2347.3,140.2,1
2352.4,118.6,1
2352.5,139.2,1
2352.7,141.1,1
2352.8,151.5,1
2352.9,79.8,1
2358.0,120.9,1
2358.1,127.0,1
2358.2,98.6,1
2358.4,137.1,1
2358.5,121.2,1
2363.7,149.1,1
2363.7,78.4,1
2363.9,120.7,1
2364.0,135.6,1
2364.1,141.5,1
2369.3,151.8,1
2369.4,144.3,1
2369.5,99.3,1
2369.7,127.4,1
2369.8,139.2,1
2374.9,99.1,1
2375.0,81.4,1
2375.1,132.6,1
2375.2,93.6,1
2375.3,86.4,1
2380.4,130.5,1
2380.5,73.2,1
2380.6,75.4,1
2380.7,93.4,1
2380.8,129.3,1
2385.9,134.3,1
2386.1,121.4,1
2386.2,116.4,1
2386.3,128.6,1
2386.5,143.0,1
2391.5,72.0,1
2391.6,79.6,1
2391.7,98.7,1
2391.8,105.2,1
2392.0,149.6,1
2397.1,126.8,1
2397.2,71.0,1
2397.3,104.6,1
2397.4,149.1,1
2397.6,135.6,1
2402.6,78.5,1
2402.7,100.2,1
2402.9,139.2,1
2403.0,110.4,1
2403.1,119.6,1
2408.2,100.3,1
2408.3,124.4,1
2408.5,123.8,1
2408.6,129.0,1
2408.7,125.7,1
2413.9,146.9,1
2414.0,130.7,1
2414.1,136.6,1
2414.2,94.2,1
2414.3,103.5,1
2419.4,99.7,1
2419.5,73.5,1
2419.6,93.4,1
2419.8,149.9,1
2419.9,106.1,1
2424.9,77.2,1
2425.0,76.6,1
2425.1,132.0,1
2425.2,70.6,1
2425.3,89.0,1
2430.4,128.8,1
2430.5,98.3,1
2430.6,88.6,1
2430.8,135.0,1
2430.9,112.5,1
2436.0,109.5,1
2436.1,81.7,1
2436.1,77.4,1
2436.3,131.4,1
2436.4,91.8,1
2441.5,126.9,1
2441.6,121.2,1
2441.7,95.8,1
2441.8,90.6,1
2441.9,121.0,1
2447.1,124.3,1
2447.2,120.9,1
2447.3,96.5,1
2447.4,121.0,1
2447.5,140.4,1
2452.7,112.5,1
2452.8,102.1,1
2452.9,144.6,1
2453.0,139.6,1
2453.2,132.7,1
2458.3,74.2,1
2458.4,116.7,1
2458.4,74.5,1
2458.5,92.1,1
2458.7,146.2,1
2463.8,75.4,1
2463.9,82.7,1
2463.9,77.2,1
2464.0,105.6,1
2464.1,80.8,1
2469.2,74.2,1
2469.3,71.5,1
2469.3,72.7,1
2469.4,104.9,1
2469.5,72.7,1
2474.6,85.4,1
2474.7,91.7,1
2474.8,74.2,1
2474.9,140.3,1
2475.1,145.7,1
2480.2,148.2,1
2480.3,98.0,1
2480.4,136.6,1
2480.6,137.2,1
2480.7,104.2,1
2485.8,78.2,1
2485.9,101.1,1
2486.0,103.4,1
2486.1,118.8,1
2486.2,110.7,1
2491.3,111.6,1
2491.4,134.4,1
2491.6,142.2,1
2491.7,146.5,1
2491.9,132.4,1
2497.0,139.4,1
2497.1,131.0,1
2497.3,109.2,1
2497.4,144.2,1
2497.5,88.3,1
2502.6,111.5,1
2502.7,128.7,1
2502.9,128.1,1
2503.0,121.1,1
2503.1,133.1,1
2508.2,113.6,1
2508.4,131.7,1
2508.5,163.8,1
2508.7,151.4,1
2508.8,139.5,1
2514.0,129.4,1
2514.0,81.8,1
2514.2,133.5,1
2514.3,120.2,1
2514.4,74.9,1
2519.5,85.4,1
2519.6,146.8,1
2519.7,72.1,1
2519.8,105.3,1
2519.8,75.0,1
2525.0,163.4,1
2525.2,133.7,1
2525.3,145.3,1
2525.4,118.8,1
2525.6,147.7,1
2530.7,145.1,1
2530.8,117.1,1
2531.0,133.9,1
2531.1,125.3,1
2531.2,86.6,1
2536.3,136.7,1
2536.4,118.4,1
2536.6,122.6,1
2536.6,93.7,1
2536.8,110.3,1
2541.9,122.6,1
2542.0,109.6,1
2542.1,120.7,1
2542.3,136.3,1
2542.3,74.4,1
2547.5,133.1,1
2547.6,149.7,1
2547.7,123.5,1
2547.9,137.9,1
2548.0,127.8,1
2553.1,135.5,1
2553.2,105.6,1
2553.3,92.4,1
2553.5,134.2,1
2553.6,109.2,1
2558.7,116.2,1
2558.8,109.9,1
2558.9,87.4,1
2559.0,142.9,1
2559.1,96.5,1
2564.2,89.7,1
2564.4,120.8,1
2564.5,107.7,1
2564.5,73.6,1
2564.6,94.9,1
2569.7,104.8,1
2569.9,152.1,1
2570.0,140.3,1
2570.2,142.1,1
2570.3,140.1,1
2575.4,75.3,1
2575.5,123.5,1
2575.6,124.9,1
2575.8,120.6,1
2575.9,139.6,1
2581.0,76.7,1
2581.1,108.0,1
2581.2,135.0,1
2581.4,128.9,1
2581.5,121.8,1
2586.6,152.6,1
2586.8,138.1,1
2586.9,108.4,1
2587.0,143.9,1
2587.1,93.3,1
2592.2,115.7,1
2592.3,84.1,1
2592.4,75.5,1
2592.5,148.9,1
2592.6,84.1,1
2597.8,144.2,1
2597.9,119.1,1
2598.0,123.1,1
2598.1,115.1,1
2598.2,76.7,1
2603.3,72.6,1
2603.4,121.0,1
2603.5,123.2,1
2603.6,77.3,1
2603.7,72.3,1
2608.8,105.4,1
2608.9,100.7,1
2609.0,107.0,1
2609.1,77.3,1
2609.2,88.8,1
2614.3,143.2,1
2614.4,85.7,1
2614.5,122.7,1
2614.6,99.8,1
2614.7,119.5,1
2619.9,104.8,1
2620.0,107.2,1
2620.1,113.4,1
2620.2,107.9,1
2620.3,141.9,1
2625.4,102.3,1
2625.6,123.2,1
2625.7,144.7,1
2625.8,113.8,1
2626.0,140.2,1
2631.1,147.2,1
2631.3,144.1,1
2631.4,131.9,1
2631.5,120.2,1
2631.6,138.1,1
2636.7,88.2,1
2636.8,101.1,1
2637.0,121.2,1
2637.0,76.0,1
2637.2,143.5,1
2642.3,113.0,1
2642.4,140.0,1
2642.6,116.6,1
2642.7,105.4,1
2642.7,73.8,1
2647.8,73.7,1
2647.9,111.8,1
2648.0,74.0,1
2648.1,117.2,1
2648.3,145.4,1
2653.4,103.4,1
2653.5,93.9,1
2653.5,84.3,1
2653.6,102.1,1
2653.7,74.2,1
2658.9,138.7,1
2659.0,112.6,1
2659.1,121.2,1
2659.2,112.0,1
2659.4,146.9,1
2664.4,80.6,1
2664.6,151.0,1
2664.7,119.5,1
2664.9,146.2,1
2665.0,147.5,1
2670.1,128.3,1
2670.3,135.6,1
2670.4,162.4,1
2670.6,164.0,1
2670.7,136.0,1
2675.9,123.3,1
2676.0,118.3,1
2676.1,129.6,1
2676.2,74.5,1
2676.3,129.3,1
2681.4,103.2,1
2681.6,147.1,1
2681.7,137.1,1
2681.8,116.2,1
2681.9,127.0,1
2687.1,150.1,1
2687.2,113.2,1
2687.4,138.9,1
2687.5,151.7,1
2687.7,142.8,1
2692.8,97.8,1
2692.8,85.6,1
2692.9,82.0,1
2693.0,116.4,1
2693.2,142.3,1
2698.3,74.9,1
2698.4,96.6,1
2698.5,111.7,1
2698.6,90.8,1
2698.6,77.8,1
2703.8,131.1,1
2703.9,138.1,1
2704.0,132.2,1
2704.2,147.7,1
2704.3,133.5,1
2709.4,79.4,1
2709.5,131.8,1
2709.6,105.6,1
2709.8,137.1,1
2709.9,143.9,1
2715.0,78.9,1
2715.1,77.0,1
2715.2,122.4,1
2715.3,136.7,1
2715.5,149.6,1
2720.6,110.2,1
2720.7,125.0,1
2720.8,96.5,1
2721.0,148.5,1
2721.1,148.2,1
2726.2,83.6,1
2726.3,72.3,1
2726.4,137.9,1
2726.6,139.8,1
2726.7,152.1,1
2731.8,74.2,1
2731.9,119.2,1
2732.0,103.3,1
2732.1,72.2,1
2732.2,96.6,1
2737.3,110.2,1
2737.4,74.8,1
2737.5,124.3,1
2737.6,78.9,1
2737.7,74.6,1
2742.8,94.8,1
2742.9,107.9,1
2743.0,102.5,1
2743.1,116.0,1
2743.2,95.3,1
2748.3,131.1,1
2748.4,110.4,1
2748.5,115.1,1
2748.6,102.8,1
2748.8,119.9,1
2753.9,101.6,1
2754.0,129.3,1
2754.1,119.6,1
2754.2,116.9,1
2754.4,120.6,1
2759.4,75.6,1
2759.5,90.2,1
2759.6,113.4,1
2759.8,123.1,1
2759.9,116.4,1
2765.0,125.5,1
2765.1,108.8,1
2765.3,145.8,1
2765.4,150.8,1
2765.5,120.4,1
2770.7,145.6,1
2770.8,79.5,1
2770.9,151.9,1
2771.1,146.1,1
2771.2,102.1,1
2776.3,94.8,1
2776.4,116.1,1
2776.5,119.1,1
2776.6,146.3,1
2776.7,94.9,1
2781.8,76.8,1
2781.9,103.1,1
2782.0,84.8,1
2782.2,145.7,1
2782.3,144.1,1
2787.4,73.5,1
2787.5,79.4,1
2787.6,102.5,1
2787.6,84.3,1
2787.7,75.4,1
2792.8,106.4,1
2792.9,96.7,1
2793.1,148.6,1
2793.2,140.5,1
2793.3,97.5,1
2798.4,80.9,1
2798.5,73.2,1
2798.5,73.6,1
2798.7,107.6,1
2798.7,88.0,1
2803.8,70.8,1
2804.0,142.9,1
2804.1,122.9,1
2804.2,115.3,1
2804.3,121.7,1
2809.5,125.4,1
2809.6,121.9,1
2809.7,121.8,1
2809.8,121.2,1
2809.9,121.5,1
2815.1,129.1,1
2815.2,115.1,1
2815.3,127.9,1
2815.4,128.6,1
2815.6,129.5,1
2820.7,126.0,1
2820.8,110.7,1
2820.9,99.2,1
2821.1,138.2,1
2821.1,79.5,1
2826.3,115.7,1
2826.4,111.6,1
2826.5,90.6,1
2826.6,140.8,1
2826.7,98.4,1
2831.8,73.6,1
2831.8,73.8,1
2831.9,92.0,1
2832.0,79.7,1
2832.1,135.3,1
2837.3,108.3,1
2837.3,72.2,1
2837.4,74.0,1
2837.5,81.6,1
2837.6,115.0,1
2842.7,100.0,1
2842.8,120.8,1
2842.9,93.1,1
2843.1,162.5,1
2843.2,138.1,1
2848.4,126.3,1
2848.5,115.4,1
2848.6,132.1,1
2848.7,143.0,1
2848.9,158.0,1
2854.0,96.3,1
2854.1,116.6,1
2854.2,115.2,1
2854.4,129.1,1
2854.5,96.2,1
2859.6,147.2,1
2859.7,129.0,1
2859.8,82.7,1
2860.0,130.3,1
2860.0,85.4,1
2865.2,140.4,1
2865.3,122.0,1
2865.4,129.9,1
2865.6,153.4,1
2865.8,165.2,1
2870.9,113.1,1
2871.0,131.3,1
2871.1,125.8,1
2871.2,94.3,1
2871.3,80.2,1
2876.4,114.6,1
2876.5,74.3,1
2876.6,84.5,1
2876.7,135.5,1
2876.8,91.7,1
2881.9,105.5,1
2882.0,119.4,1
2882.2,131.2,1
2882.3,131.5,1
2882.5,147.8,1
2887.6,117.6,1
2887.7,134.8,1
2887.8,101.5,1
2887.9,93.4,1
2888.0,90.8,1
2893.1,145.6,1
2893.3,135.6,1
2893.4,103.0,1
2893.5,148.1,1
2893.7,134.9,1
2898.8,140.8,1
2899.0,140.5,1
2899.1,122.7,1
2899.2,122.2,1
2899.4,154.0,1
2904.5,126.4,1
2904.6,141.2,1
2904.8,138.8,1
2904.9,123.9,1
2905.0,140.7,1
2910.2,140.9,1
2910.3,129.5,1
2910.4,142.5,1
2910.6,145.4,1
2910.7,124.9,1
2915.9,141.3,1
2916.0,135.7,1
2916.1,107.9,1
2916.2,86.7,1
2916.3,83.8,1
2921.4,80.1,1
2921.4,73.5,1
2921.6,122.8,1
2921.7,114.9,1
2921.8,120.2,1
2926.9,149.2,1
2927.1,121.8,1
2927.2,110.4,1
2927.3,146.1,1
2927.4,97.2,1
2932.5,95.5,1
2932.6,73.3,1
2932.7,139.1,1
2932.9,132.8,1
2933.0,141.2,1
2938.1,121.2,1
2938.2,105.7,1
2938.3,71.4,1
2938.4,136.1,1
2938.6,129.9,1
2943.7,77.2,1
2943.8,146.8,1
2943.9,122.3,1
2944.1,145.0,1
2944.2,134.1,1
2949.3,115.4,1
2949.4,72.0,1
2949.5,132.3,1
2949.6,71.6,1
2949.7,73.2,1
2954.8,107.6,1
2954.9,136.2,1
2955.1,135.5,1
2955.2,115.0,1
2955.3,109.4,1
2960.4,108.8,1
2960.5,90.0,1
2960.6,74.2,1
2960.6,81.9,1
2960.7,75.6,1
2965.8,115.8,1
2966.0,114.2,1
2966.0,74.0,1
2966.1,96.7,1
2966.3,128.3,1
2971.3,73.3,1
2971.4,79.0,1
2971.6,147.5,1
2971.7,109.1,1
2971.8,118.4,1
2976.9,107.0,1
2977.0,137.2,1
2977.2,147.5,1
2977.3,137.6,1
2977.5,131.6,1
2982.6,125.3,1
2982.7,135.8,1
2982.8,101.0,1
2983.0,137.1,1
2983.1,120.3,1
2988.2,137.4,1
2988.4,138.5,1
2988.4,88.1,1
2988.6,129.7,1
2988.7,131.4,1
2993.8,100.1,1
2994.0,150.1,1
2994.1,121.8,1
2994.2,130.5,1
2994.3,131.1,1
2999.5,111.3,1
2999.6,146.7,1
2999.7,90.1,1
2999.8,117.5,1
3000.0,139.6,1
3005.1,106.3,1
3005.2,102.2,1
3005.3,97.7,1
3005.4,143.1,1
3005.5,105.5,1
3010.6,98.5,1
3010.7,75.3,1
3010.8,80.7,1
3010.9,97.9,1
3011.0,125.8,1
3016.1,91.9,1
3016.2,111.8,1
3016.3,140.6,1
3016.4,86.8,1
3016.5,81.5,1
3021.6,103.6,1
3021.8,132.6,1
3021.8,98.5,1
3022.0,148.6,1
3022.1,115.1,1
3027.2,95.3,1
3027.3,124.6,1
3027.5,151.1,1
3027.6,136.4,1
3027.8,160.3,1
3032.9,150.6,1
3033.1,151.7,1
3033.2,98.8,1
3033.3,136.8,1
3033.5,138.2,1
3038.6,90.7,1
3038.7,138.8,1
3038.8,130.5,1
3038.9,115.0,1
3039.0,100.9,1
3044.2,141.3,1
3044.3,127.8,1
3044.5,140.6,1
3044.6,154.1,1
3044.8,155.7,1
3049.9,112.2,1
3050.0,78.7,1
3050.1,135.6,1
3050.3,147.9,1
3050.4,112.5,1
3055.5,141.7,1
3055.6,111.6,1
3055.7,74.8,1
3055.8,131.4,1
3055.9,101.4,1
3061.1,142.4,1
3061.2,131.4,1
3061.4,154.6,1
3061.5,137.4,1
3061.6,137.6,1
3066.8,123.4,1
3066.9,119.8,1
3067.0,118.3,1
3067.1,118.6,1
3067.2,97.9,1
3072.3,120.7,1
3072.5,120.1,1
3072.6,87.8,1
3072.7,132.5,1
3072.8,130.3,1
3077.9,128.8,1
3078.0,93.9,1
3078.2,136.7,1
3078.3,113.9,1
3078.4,73.5,1
3083.5,125.6,1
3083.6,138.9,1
3083.7,87.1,1
3083.9,139.4,1
3084.0,124.4,1
3089.1,133.8,1
3089.3,151.4,1
3089.4,86.6,1
3089.5,144.0,1
3089.6,99.5,1
3094.7,135.4,1
3094.8,71.8,1
3094.9,100.3,1
3095.0,132.5,1
3095.2,133.9,1
3100.3,113.6,1
3100.4,94.1,1
3100.5,109.3,1
3100.6,73.2,1
3100.7,76.2,1
3105.8,129.9,1
3105.9,131.0,1
3106.0,111.6,1
3106.2,142.6,1
3106.3,119.5,1
3111.4,132.1,1
3111.6,124.2,1
3111.7,127.8,1
3111.8,111.6,1
3111.9,145.5,1
3117.1,119.1,1
3117.1,75.2,1
3117.2,106.9,1
3117.3,99.6,1
3117.5,137.9,1
3122.6,77.3,1
3122.7,93.5,1
3122.8,126.5,1
3122.9,104.1,1
3123.0,138.6,1
3128.2,120.7,1
3128.3,117.5,1
3128.4,97.3,1
3128.5,121.8,1
3128.6,122.5,1
3133.7,102.5,1
3133.8,77.3,1
3133.9,125.0,1
3134.0,95.6,1
3134.2,144.9,1
3139.2,75.8,1
3139.4,133.6,1
3139.5,109.1,1
3139.6,130.5,1
3139.7,86.2,1
3144.8,74.4,1
3144.9,137.0,1
3145.0,86.1,1
3145.1,119.6,1
3145.2,101.1,1
3150.3,76.7,1
3150.4,129.6,1
3150.6,121.5,1
3150.7,144.6,1
3150.8,101.1,1
3155.9,90.5,1
3156.0,74.8,1
3156.1,94.5,1
3156.2,125.7,1
3156.3,127.6,1
3161.4,102.7,1
3161.6,123.0,1
3161.6,80.6,1
3161.8,150.0,1
3161.9,95.0,1
3167.0,140.4,1
3167.1,126.0,1
3167.3,111.2,1
3167.4,128.3,1
3167.5,120.9,1
3172.6,134.2,1
3172.7,96.6,1
3172.9,119.0,1
3173.0,91.4,1
3173.1,172.8,1
3178.3,128.8,1
3178.3,77.0,1
3178.5,122.5,1
3178.6,128.6,1
3178.7,107.8,1
3183.8,74.6,1
3183.9,86.3,1
3184.0,108.6,1
3184.1,96.5,1
3184.1,78.2,1
3189.2,99.5,1
3189.4,122.9,1
3189.5,112.8,1
3189.6,106.2,1
3189.7,104.8,1
3194.8,73.5,1
3194.9,109.9,1
3195.0,101.1,1
3195.1,154.0,1
3195.3,137.7,1
3200.4,109.0,1
3200.5,111.3,1
3200.6,134.0,1
3200.8,142.8,1
3200.9,83.6,1
3206.0,104.5,1
3206.1,125.6,1
3206.2,144.8,1
3206.4,137.8,1
3206.5,130.1,1
3211.6,104.8,1
3211.8,148.2,1
3211.9,130.4,1
3212.0,110.8,1
3212.1,96.3,1
3217.2,141.0,1
3217.3,100.3,1
3217.4,95.0,1
3217.6,133.3,1
3217.7,92.1,1
3222.8,134.8,1
3223.0,149.0,1
3223.1,153.2,1
3223.3,141.9,1
3223.4,170.3,1
3228.5,71.6,1
3228.6,87.6,1
3228.7,81.5,1
3228.7,73.3,1
3228.8,79.7,1
3234.0,127.1,1
3234.1,120.1,1
3234.1,74.5,1
3234.2,77.0,1
3234.4,127.7,1
3239.5,118.1,1
3239.6,126.8,1
3239.7,92.1,1
3239.8,144.2,1
3240.0,133.1,1
3245.1,144.1,1
3245.3,148.3,1
3245.4,124.2,1
3245.5,71.9,1
3245.6,124.0,1
3250.7,120.6,1
3250.8,126.5,1
3251.0,113.1,1
3251.1,132.9,1
3251.2,121.5,1
3256.3,114.9,1
3256.4,99.8,1
3256.5,112.1,1
3256.7,150.5,1
3256.8,127.8,1
3261.9,124.6,1
3262.1,120.3,1
3262.2,136.2,1
3262.3,77.9,1
3262.4,117.6,1
3267.5,125.2,1
3267.6,102.3,1
3267.7,95.5,1
3267.9,140.6,1
3268.0,128.3,1
3273.1,138.3,1
3273.2,98.5,1
3273.3,74.3,1
3273.4,72.2,1
3273.5,98.8,1
3278.6,96.6,1
3278.7,138.2,1
3278.8,111.0,1
3278.9,94.4,1
3279.1,130.0,1
3284.2,95.0,1
3284.2,74.1,1
3284.3,78.0,1
3284.4,81.0,1
3284.5,78.1,1
3289.5,77.3,1
3289.6,91.7,1
3289.7,92.1,1
3289.9,141.1,1
3290.0,92.8,1
3295.1,97.4,1
3295.2,98.0,1
3295.3,143.8,1
3295.4,80.1,1
3295.5,74.2,1
3300.6,147.3,1
3300.7,97.3,1
3300.8,100.2,1
3301.0,141.7,1
3301.1,130.9,1
3306.2,143.5,1
3306.3,88.5,1
3306.5,144.5,1
3306.6,122.8,1
3306.7,95.1,1
3311.8,100.2,1
3311.9,125.2,1
3312.0,127.2,1
3312.1,87.6,1
3312.2,100.8,1
3317.4,135.6,1
3317.5,122.7,1
3317.6,107.9,1
3317.7,103.2,1
3317.8,111.5,1
3322.9,90.7,1
3323.0,122.7,1
3323.2,147.2,1
3323.3,92.6,1
3323.3,70.9,1
3328.4,92.3,1
3328.5,76.5,1
3328.6,82.1,1
3328.7,72.5,1
3328.8,128.3,1
3333.9,109.7,1
3334.1,153.9,1
3334.1,80.3,1
3334.2,92.6,1
3334.4,113.4,1
3339.5,121.5,1
3339.6,121.9,1
3339.7,121.2,1
3339.9,144.3,1
3340.0,120.3,1
3345.1,107.4,1
3345.2,97.9,1
3345.3,117.9,1
3345.4,110.4,1
3345.5,110.7,1
3350.7,147.4,1
3350.8,156.0,1
3351.0,130.5,1
3351.1,128.1,1
3351.2,74.4,1
3356.3,125.5,1
3356.4,119.1,1
3356.6,146.4,1
3356.7,112.9,1
3356.8,128.4,1
3361.9,83.9,1
3362.0,117.7,1
3362.2,140.3,1
3362.2,72.0,1
3362.3,91.3,1
3367.4,72.2,1
3367.5,142.8,1
3367.7,141.6,1
3367.8,80.8,1
3367.9,96.3,1
3372.9,77.1,1
3373.1,118.3,1
3373.1,81.2,1
3373.2,70.4,1
3373.3,91.2,1
3378.4,133.5,1
3378.5,74.9,1
3378.6,96.9,1
3378.7,96.1,1
3378.8,84.2,1
3383.9,94.8,1
3384.0,87.2,1
3384.1,114.2,1
3384.2,108.2,1
3384.3,124.4,1
3389.4,73.2,1
3389.5,92.4,1
3389.6,144.3,1
3389.8,125.7,1
3389.9,126.8,1
3395.0,131.7,1
3395.1,90.6,1
3395.3,135.7,1
3395.4,122.5,1
3395.5,87.5,1
3400.6,104.7,1
3400.7,134.3,1
3400.9,150.6,1
3401.0,141.3,1
3401.2,159.3,1
3406.3,101.6,1
3406.4,126.5,1
3406.5,128.8,1
3406.6,81.7,1
3406.7,106.2,1
3411.8,75.8,1
3411.9,73.5,1
3411.9,82.3,1
3412.0,74.6,1
3412.1,74.4,1
3417.2,100.1,1
3417.3,107.2,1
3417.4,122.7,1
3417.6,151.0,1
3417.7,123.8,1
3422.8,84.2,1
3422.9,137.5,1
3423.0,105.3,1
3423.1,91.6,1
3423.2,103.2,1
3428.3,73.5,1
3428.4,79.4,1
3428.5,126.6,1
3428.6,132.7,1
3428.8,109.7,1
3433.9,140.2,1
3434.0,136.7,1
3434.2,169.4,1
3434.4,144.4,1
3434.5,145.8,1
3439.6,129.6,1
3439.8,131.0,1
3439.9,90.5,1
3440.0,147.8,1
3440.1,132.3,1
3445.2,107.5,1
3445.4,121.3,1
3445.5,103.0,1
3445.6,140.1,1
3445.7,124.1,1
3450.9,130.9,1
3451.0,156.6,1
3451.1,118.1,1
3451.3,113.0,1
3451.4,134.4,1
3456.5,88.7,1
3456.6,112.2,1
3456.7,104.5,1
3456.8,82.2,1
3456.9,118.9,1
3462.0,126.3,1
3462.2,124.8,1
3462.2,86.5,1
3462.4,147.8,1
3462.5,148.2,1
3467.7,115.3,1
3467.8,140.5,1
3467.9,145.8,1
3468.1,119.3,1
3468.2,118.6,1
3473.3,89.2,1
3473.4,140.1,1
3473.6,134.1,1
3473.7,128.5,1
3473.8,113.6,1
3478.9,133.5,1
3479.1,126.4,1
3479.1,88.2,1
3479.3,150.0,1
3479.4,98.9,1
3484.5,72.6,1
3484.6,76.5,1
3484.7,143.4,1
3484.8,111.7,1
3484.9,88.2,1
3490.0,132.7,1
3490.1,109.9,1
3490.3,145.8,1
3490.4,102.8,1
3490.5,73.8,1
3495.6,129.1,1
3495.7,96.2,1
3495.8,119.4,1
3495.9,133.7,1
3496.1,133.1,1
3501.2,77.3,1
3501.2,75.5,1
3501.4,114.5,1
3501.5,122.7,1
3501.6,127.0,1
3506.7,98.1,1
3506.8,73.5,1
3506.9,130.6,1
3507.0,116.5,1
3507.1,102.6,1
3512.2,110.8,1
3512.4,130.1,1
3512.5,97.3,1
3512.6,119.8,1
3512.7,123.2,1
3517.8,126.6,1
3518.0,105.9,1
3518.1,146.3,1
3518.2,118.3,1
3518.3,118.0,1
3523.4,101.8,1
3523.6,127.0,1
3523.7,117.8,1
3523.8,94.8,1
3523.9,87.8,1
3529.0,82.7,1
3529.0,88.1,1
3529.2,120.8,1
3529.3,150.3,1
3529.4,103.7,1
3534.6,128.3,1
3534.7,125.1,1
3534.8,120.8,1
3534.9,140.5,1
3535.1,120.1,1
3540.2,133.7,1
3540.3,137.5,1
3540.5,131.0,1
3540.6,128.0,1
3540.7,119.6,1
3545.8,119.9,1
3545.9,102.3,1
3546.1,122.6,1
3546.2,88.9,1
3546.2,71.4,1
3551.3,76.8,1
3551.4,72.8,1
3551.5,118.3,1
3551.6,88.2,1
3551.7,73.2,1
3556.8,143.2,1
3556.9,91.2,1
3557.0,108.3,1
3557.2,144.2,1
3557.3,125.1,1
3562.4,77.2,1
3562.5,118.4,1
3562.6,98.6,1
3562.6,73.4,1
3562.8,127.0,1
3567.9,117.6,1
3568.0,140.1,1
3568.2,148.9,1
3568.3,127.7,1
3568.4,121.5,1
3573.6,147.7,1
3573.7,78.1,1
3573.8,127.9,1
3573.9,133.2,1
3574.0,110.8,1
3579.2,153.4,1
3579.3,107.9,1
3579.4,122.9,1
3579.5,101.2,1
3579.7,148.9,1
3584.8,114.1,1
3584.9,84.8,1
3585.0,81.7,1
3585.1,145.4,1
3585.2,121.8,1
3590.3,75.6,1
3590.4,71.6,1
3590.5,108.7,1
3590.6,90.6,1
3590.7,72.3,1
3595.8,144.4,1
3595.9,117.9,1
3596.0,125.4,1
3596.2,109.6,1
3596.3,113.8,1
3601.4,110.2,1
3601.5,90.7,1
3601.6,132.8,1
3601.7,96.6,1
3601.9,148.5,1
3606.9,79.0,1
3607.1,115.8,1
3607.2,108.4,1
3607.3,127.4,1
3607.4,129.1,1
3612.6,152.5,1
3612.7,150.1,1
3612.9,168.3,1
3613.0,156.9,1
3613.2,152.4,1
3618.3,121.5,1
3618.5,133.8,1
3618.6,130.0,1
3618.7,136.1,1
3618.8,104.7,1
3624.0,116.7,1
3624.1,108.3,1
3624.2,110.3,1
3624.3,125.6,1
3624.4,140.8,1
3629.6,119.2,1
3629.7,163.5,1
3629.9,124.7,1
3629.9,95.3,1
3630.1,112.5,1
3635.1,78.3,1
3635.3,108.1,1
3635.4,101.1,1
3635.4,94.0,1
3635.5,85.0,1
3640.6,108.1,1
3640.8,107.5,1
3640.9,131.8,1
3641.0,78.4,1
3641.0,72.7,1
3646.1,94.8,1
3646.2,112.3,1
3646.4,129.2,1
3646.5,96.2,1
3646.6,91.2,1
3651.7,122.2,1
3651.8,154.5,1
3652.0,114.5,1
3652.1,123.7,1
3652.2,109.7,1
3657.3,126.2,1
3657.4,77.1,1
3657.5,145.9,1
3657.7,110.0,1
3657.8,126.1,1
3662.9,76.4,1
3663.0,119.7,1
3663.1,130.7,1
3663.2,128.3,1
3663.3,71.6,1
3668.4,101.2,1
3668.5,88.2,1
3668.7,147.0,1
3668.8,136.3,1
3668.9,145.1,1
3674.1,120.4,1
3674.1,86.4,1
3674.3,111.7,1
3674.4,105.1,1
3674.5,149.4,1
3679.6,70.1,1
3679.7,146.0,1
3679.9,122.8,1
3680.0,110.9,1
3680.1,98.2,1
3685.2,149.5,1
3685.3,89.7,1
3685.4,73.7,1
3685.5,77.7,1
3685.6,121.4,1
3690.7,143.4,1
3691.0,236.9,1
3691.1,159.2,1
3691.3,138.2,1
3691.4,136.2,1
3696.5,133.7,1
3696.7,141.6,1
3696.8,153.3,1
3697.0,149.1,1
3697.1,146.5,1
3702.2,106.7,1
3702.3,103.5,1
3702.5,148.1,1
3702.6,98.0,1
3702.7,127.1,1
3707.8,110.3,1
3708.0,137.6,1
3708.1,143.3,1
3708.2,127.2,1
3708.4,125.5,1
3713.5,129.3,1
3713.6,145.3,1
3713.8,142.1,1
3713.9,150.0,1
3714.1,131.3,1
3719.2,76.6,1
3719.3,131.1,1
3719.4,150.1,1
3719.5,72.5,1
3719.6,118.2,1
3724.7,85.5,1
3724.8,77.4,1
3724.9,73.6,1
3725.0,87.0,1
3725.0,73.9,1
3730.1,74.6,1
3730.2,77.5,1
3730.3,73.1,1
3730.4,142.6,1
3730.5,90.0,1
3735.6,122.6,1
3735.7,110.3,1
3735.9,147.9,1
3736.0,152.4,1
3736.1,110.3,1
3741.2,72.3,1
3741.3,118.1,1
3741.4,89.7,1
3741.5,120.1,1
3741.7,131.6,1
3746.8,128.0,1
3746.9,120.5,1
3747.0,105.3,1
3747.2,135.4,1
3747.3,121.9,1
3752.4,72.3,1
3752.5,155.4,1
3752.6,112.4,1
3752.8,132.2,1
3752.9,105.3,1
3758.0,128.5,1
3758.2,150.6,1
3758.3,157.5,1
3758.4,131.2,1
3758.6,133.3,1
3763.7,111.2,1
3763.8,110.4,1
3763.9,145.0,1
3764.1,123.0,1
3764.2,87.6,1
3769.2,73.2,1
3769.3,77.3,1
3769.4,105.8,1
3769.5,124.7,1
3769.6,93.2,1
3774.8,120.4,1
3774.9,138.8,1
3775.0,139.8,1
3775.2,114.8,1
3775.3,129.6,1
3780.4,108.2,1
3780.5,113.7,1
3780.6,133.5,1
3780.7,102.1,1
3780.9,126.2,1
3786.0,120.3,1
3786.1,121.1,1
3786.3,137.8,1
3786.4,116.2,1
3786.5,150.4,1
3791.7,147.4,1
3791.8,145.8,1
3792.0,174.1,1
3792.1,149.1,1
3792.3,159.3,1
3797.4,134.3,1
3797.6,112.5,1
3797.7,137.8,1
3797.8,139.8,1
3798.0,128.0,1
3803.1,116.1,1
3803.2,129.1,1
3803.3,114.0,1
3803.4,75.4,1
3803.5,124.9,1
3808.7,135.2,1
3808.8,129.6,1
3808.9,118.9,1
3809.0,104.8,1
3809.2,139.2,1
3814.3,105.9,1
3814.3,75.3,1
3814.4,99.4,1
3814.6,127.2,1
3814.6,72.1,1
3819.7,74.7,1
3819.8,75.4,1
3819.9,107.8,1
3820.0,104.3,1
3820.1,76.3,1
3825.2,89.3,1
3825.3,135.1,1
3825.5,144.7,1
3825.6,113.7,1
3825.7,130.0,1
3830.9,141.1,1
3831.0,131.5,1
3831.1,81.3,1
3831.2,136.0,1
3831.3,73.5,1
3836.4,111.9,1
3836.5,117.2,1
3836.6,133.7,1
3836.8,132.5,1
3836.9,91.3,1
3842.0,115.3,1
3842.1,131.8,1
3842.2,123.7,1
3842.4,135.7,1
3842.5,146.5,1
3847.7,136.3,1
3847.8,123.8,1
3847.9,134.7,1
3848.0,76.9,1
3848.1,130.4,1
3853.3,116.2,1
3853.4,148.9,1
3853.5,145.6,1
3853.7,133.7,1
3853.8,154.6,1
3859.0,110.9,1
3859.1,133.7,1
3859.2,71.6,1
3859.2,72.1,1
3859.3,78.7,1
3864.4,74.2,1
3864.5,88.2,1
3864.6,102.8,1
3864.7,73.5,1
3864.7,76.9,1
3869.9,143.2,1
3870.0,83.6,1
3870.1,110.8,1
3870.2,97.2,1
3870.2,74.0,1
3875.3,76.1,1
3875.4,126.8,1
3875.6,122.6,1
3875.7,104.0,1
3875.8,139.8,1
3881.0,146.1,1
3881.1,139.0,1
3881.3,156.4,1
3881.4,128.0,1
3881.5,126.1,1
3886.7,146.7,1
3886.8,131.2,1
3886.9,120.9,1
3887.0,120.9,1
3887.2,124.9,1
3892.2,77.2,1
3892.4,121.3,1
3892.5,147.4,1
3892.7,143.7,1
3892.7,91.0,1
3897.8,92.7,1
3898.0,136.0,1
3898.1,124.9,1
3898.2,104.9,1
3898.3,126.0,1
3903.4,76.1,1
3903.5,115.8,1
3903.6,100.9,1
3903.8,115.4,1
3903.9,122.5,1
3909.0,115.7,1
3909.1,122.1,1
3909.2,96.8,1
3909.3,74.2,1
3909.4,77.6,1
3914.4,76.3,1
3914.6,140.1,1
3914.7,152.3,1
3914.9,146.1,1
3915.0,106.2,1
3920.1,126.1,1
3920.2,110.4,1
3920.3,110.4,1
3920.4,108.0,1
3920.6,130.8,1
3925.7,101.5,1
3925.8,106.7,1
3925.9,124.8,1
3926.0,129.3,1
3926.1,99.8,1
3931.2,97.7,1
3931.4,110.6,1
3931.5,145.6,1
3931.7,149.6,1
3931.8,143.8,1
3936.9,120.2,1
3937.1,137.1,1
3937.2,141.0,1
3937.3,143.2,1
3937.5,165.6,1
3942.6,73.1,1
3942.7,82.8,1
3942.8,108.3,1
3942.9,146.6,1
3943.1,139.5,1
3948.1,77.6,1
3948.2,86.6,1
3948.3,75.7,1
3948.4,104.7,1
3948.5,89.3,1
3953.6,75.0,1
3953.7,122.5,1
3953.8,115.9,1
3953.9,108.0,1
3954.1,135.8,1
3959.2,112.1,1
3959.3,97.0,1
3959.4,74.0,1
3959.4,72.3,1
3959.5,102.8,1
3964.7,136.4,1
3964.8,122.1,1
3964.9,112.9,1
3965.0,82.9,1
3965.1,116.1,1
3970.2,122.9,1
3970.4,135.7,1
3970.5,130.8,1
3970.7,160.7,1
3970.8,148.9,1
3975.9,109.5,1
3976.1,149.0,1
3976.2,144.5,1
3976.3,114.7,1
3976.5,121.4,1
3981.6,114.1,1
3981.7,135.8,1
3981.8,125.9,1
3981.9,114.9,1
3982.1,144.3,1
3987.2,83.7,1
3987.3,115.4,1
3987.4,130.0,1
3987.6,142.7,1
3987.7,92.1,1
3992.8,104.3,1
3992.9,133.1,1
3993.0,125.8,1
3993.1,121.2,1
3993.2,69.7,1
3998.3,78.7,1
3998.4,111.7,1
3998.5,101.0,1
3998.6,97.3,1
3998.7,132.5,1
4003.8,88.9,1
4003.9,94.2,1
4004.1,120.9,1
4004.2,142.7,1
4004.3,73.6,1
4009.4,119.9,1
4009.5,84.8,1
4009.6,129.8,1
4009.7,131.3,1
4009.9,127.8,1
4015.0,142.5,1
4015.1,132.1,1
4015.3,122.1,1
4015.4,120.9,1
4015.5,102.3,1
4020.6,106.3,1
4020.7,146.0,1
4020.9,136.8,1
4021.0,137.0,1
4021.1,101.8,1
4026.2,75.7,1
4026.3,145.2,1
4026.4,75.0,1
4026.6,128.6,1
4026.7,113.7,1
4031.8,106.3,1
4031.9,118.0,1
4032.0,147.3,1
4032.2,127.7,1
4032.2,74.5,1
4037.4,105.4,1
4037.4,90.0,1
4037.5,92.8,1
4037.6,80.7,1
4037.7,128.2,1
4042.8,90.7,1
4042.9,84.4,1
4043.0,102.7,1
4043.1,96.0,1
4043.2,98.6,1
4048.3,109.8,1
4048.5,136.0,1
4048.6,113.4,1
4048.7,137.5,1
4048.8,73.3,1
4053.9,81.1,1
4054.0,104.0,1
4054.1,126.9,1
4054.2,118.7,1
4054.4,118.1,1
4059.5,119.0,1
4059.6,85.5,1
4059.6,79.1,1
4059.8,150.2,1
4059.9,81.5,1
4065.0,118.3,1
4065.1,110.5,1
4065.2,119.0,1
4065.3,120.4,1
4065.4,78.3,1
4070.5,96.6,1
4070.6,79.7,1
4070.7,88.0,1
4070.8,115.5,1
4070.9,137.0,1
4076.1,107.3,1
4076.2,108.9,1
4076.3,148.1,1
4076.4,130.9,1
4076.6,112.4,1
4081.7,122.2,1
4081.8,122.9,1
4081.9,106.2,1
4082.0,99.7,1
4082.1,84.4,1
4087.2,110.4,1
4087.4,140.6,1
4087.5,100.3,1
4087.6,103.2,1
4087.7,106.1,1
4092.8,115.5,1
4092.9,78.8,1
4092.9,83.9,1
4093.1,121.0,1
4093.2,114.2,1
4098.3,146.8,1
4098.5,129.3,1
4098.6,146.3,1
4098.7,110.7,1
4098.8,133.4,1
4104.0,144.3,1
4104.1,101.9,1
4104.3,149.0,1
4104.4,102.6,1
4104.4,74.0,1
4109.5,98.2,1
4109.6,90.1,1
4109.8,144.2,1
4109.9,143.5,1
4110.0,133.9,1
4115.2,146.5,1
4115.3,115.4,1
4115.4,106.6,1
4115.5,100.2,1
4115.7,143.1,1
4120.8,113.5,1
4120.9,134.0,1
4121.0,131.3,1
4121.2,142.2,1
4121.3,89.9,1
4126.4,90.5,1
4126.5,119.7,1
4126.6,160.4,1
4126.8,106.0,1
4126.9,120.6,1
4132.0,106.7,1
4132.1,119.5,1
4132.2,92.3,1
4132.3,97.8,1
4132.4,104.1,1
4137.5,121.0,1
4137.6,74.6,1
4137.7,90.6,1
4137.8,82.0,1
4137.8,73.6,1
4143.0,125.2,1
4143.1,121.9,1
4143.2,121.3,1
4143.3,118.2,1
4143.5,121.5,1
4148.6,165.4,1
4148.8,139.8,1
4148.9,171.9,1
4149.1,136.1,1
4149.2,120.9,1
4154.3,130.9,1
4154.5,123.4,1
4154.6,127.4,1
4154.7,122.4,1
4154.8,104.2,1
4160.0,137.9,1
4160.1,127.6,1
4160.2,78.8,1
4160.3,127.6,1
4160.4,107.0,1
4165.5,145.0,1
4165.7,138.7,1
4165.8,114.3,1
4165.9,130.3,1
4166.1,144.2,1
4171.2,86.0,1
4171.3,142.3,1
4171.5,147.9,1
4171.6,100.2,1
4171.7,115.3,1
4176.7,75.5,1
4176.9,111.6,1
4177.0,139.0,1
4177.1,111.6,1
4177.2,114.0,1
4182.3,72.0,1
4182.4,73.6,1
4182.4,73.8,1
4182.5,83.2,1
4182.6,111.7,1
4187.7,91.6,1
4187.8,106.3,1
4188.0,142.9,1
4188.1,119.0,1
4188.2,99.3,1
4193.3,131.9,1
4193.4,87.5,1
4193.6,146.3,1
4193.7,103.7,1
4193.8,129.0,1
4199.0,147.6,1
4199.1,140.1,1
4199.2,133.5,1
4199.3,114.0,1
4199.5,149.8,1
4204.6,128.2,1
4204.7,105.1,1
4204.9,135.6,1
4205.0,140.6,1
4205.1,126.1,1
4210.3,151.4,1
4210.4,115.2,1
4210.5,119.5,1
4210.6,101.1,1
4210.8,146.8,1
4215.9,98.4,1
4216.0,135.6,1
4216.1,105.6,1
4216.2,121.9,1
4216.4,129.3,1
4221.4,73.9,1
4221.5,72.3,1
4221.6,95.1,1
4221.7,78.0,1
4221.8,112.0,1
4226.9,113.2,1
4227.0,71.2,1
4227.1,78.8,1
4227.2,93.0,1
4227.3,136.0,1
4232.4,75.4,1
4232.5,120.2,1
4232.6,136.6,1
4232.8,122.1,1
4232.9,124.6,1
4238.0,95.0,1
4238.1,125.5,1
4238.2,131.9,1
4238.4,146.9,1
4238.5,130.0,1
4243.7,146.2,1
4243.8,122.8,1
4243.9,96.7,1
4244.0,136.1,1
4244.2,152.7,1
4249.3,89.2,1
4249.4,132.6,1
4249.5,105.0,1
4249.7,147.0,1
4249.8,95.9,1
4254.9,110.5,1
4255.0,119.6,1
4255.1,120.4,1
4255.2,140.5,1
4255.4,103.1,1
4260.4,93.0,1
4260.6,129.9,1
4260.7,146.7,1
4260.9,126.7,1
4261.0,99.2,1
4266.0,87.5,1
4266.1,74.0,1
4266.2,95.2,1
4266.3,82.3,1
4266.4,110.9,1
4271.5,107.8,1
4271.6,91.5,1
4271.7,111.2,1
4271.8,109.3,1
4271.9,106.4,1
4277.0,92.0,1
4277.1,90.2,1
4277.2,77.2,1
4277.3,117.3,1
4277.4,129.7,1
4282.6,99.7,1
4282.7,121.5,1
4282.8,102.3,1
4282.9,98.6,1
4283.0,136.1,1
4288.1,120.4,1
4288.3,121.6,1
4288.4,121.3,1
4288.5,121.4,1
4288.6,125.0,1
4293.7,111.0,1
4293.8,88.3,1
4294.0,133.4,1
4294.1,142.5,1
4294.2,124.4,1
4299.4,148.9,1
4299.5,123.6,1
4299.6,72.5,1
4299.7,124.5,1
4299.8,86.9,1
4304.9,130.9,1
4305.1,141.5,1
4305.2,122.1,1
4305.3,120.5,1
4305.4,77.0,1
4310.5,151.7,1
4310.6,106.9,1
4310.8,102.6,1
4310.8,93.6,1
4311.0,105.7,1
4316.1,117.6,1
4316.2,111.6,1
4316.3,71.1,1
4316.3,77.9,1
4316.4,103.1,1
4321.6,140.3,1
4321.7,105.7,1
4321.8,115.2,1
4321.9,144.5,1
4322.0,97.8,1
4327.2,156.7,1
4327.3,127.8,1
4327.5,137.5,1
4327.6,153.4,1
4327.8,140.9,1
4332.9,100.6,1
4333.0,148.6,1
4333.1,77.3,1
4333.2,146.7,1
4333.3,101.0,1
4338.5,146.4,1
4338.6,114.3,1
4338.7,135.8,1
4338.9,127.9,1
4339.0,126.2,1
4344.2,150.4,1
4344.3,122.0,1
4344.4,120.4,1
4344.5,116.7,1
4344.6,122.5,1
4349.8,139.9,1
4349.9,127.9,1
4350.0,124.6,1
4350.2,121.4,1
4350.3,150.0,1
4355.4,111.3,1
4355.5,96.9,1
4355.6,85.1,1
4355.7,79.1,1
4355.8,73.2,1
4360.9,98.2,1
4361.0,141.4,1
4361.1,80.8,1
4361.2,112.5,1
4361.3,103.7,1
4366.4,120.9,1
4366.5,119.5,1
4366.6,83.7,1
4366.8,127.1,1
4366.9,140.2,1
4372.0,138.0,1
4372.1,89.8,1
4372.3,148.7,1
4372.4,126.1,1
4372.5,117.2,1
4377.6,122.3,1
4377.8,139.4,1
4377.9,122.9,1
4378.0,115.8,1
4378.2,142.7,1
4383.3,111.1,1
4383.4,135.4,1
4383.5,131.6,1
4383.6,89.5,1
4383.7,105.9,1
4388.8,97.4,1
4389.0,143.5,1
4389.1,91.5,1
4389.2,111.7,1
4389.3,122.7,1
4394.4,88.6,1
4394.5,100.8,1
4394.6,118.7,1
4394.7,107.6,1
4394.9,131.4,1
4400.0,98.2,1
4400.1,129.4,1
4400.2,145.0,1
4400.3,98.7,1
4400.5,119.8,1
4405.6,122.1,1
4405.7,78.2,1
4405.8,101.3,1
4405.9,118.9,1
4406.0,93.2,1
4411.1,92.6,1
4411.2,97.3,1
4411.3,149.9,1
4411.4,98.0,1
4411.5,124.3,1
4416.7,106.0,1
4416.8,122.0,1
4416.9,117.6,1
4417.0,94.7,1
4417.1,108.4,1
4422.2,147.0,1
4422.4,139.7,1
4422.5,106.4,1
4422.6,108.7,1
4422.7,115.1,1
4427.9,148.4,1
4428.0,133.8,1
4428.2,151.8,1
4428.3,115.9,1
4428.4,132.9,1
4433.5,131.4,1
4433.7,111.5,1
4433.8,152.9,1
4433.9,104.7,1
4434.0,121.6,1
4439.2,145.3,1
4439.3,127.8,1
4439.4,117.8,1
4439.5,118.0,1
4439.6,87.9,1
4444.7,75.8,1
4444.8,105.6,1
4444.9,82.5,1
4445.0,116.7,1
4445.1,95.6,1
4450.2,84.2,1
4450.3,72.8,1
4450.3,71.2,1
4450.5,103.9,1
4450.5,74.8,1
4455.6,97.2,1
4455.7,110.4,1
4455.8,101.3,1
4456.0,143.9,1
4456.1,109.2,1
4461.2,130.3,1
4461.4,121.4,1
4461.4,95.0,1
4461.5,81.5,1
4461.6,101.9,1
4466.8,116.3,1
4466.9,126.7,1
4467.0,126.0,1
4467.1,73.6,1
4467.2,110.0,1
4472.3,149.7,1
4472.4,103.8,1
4472.6,143.0,1
4472.7,150.9,1
4472.9,171.1,1
4478.1,149.9,1
4478.2,130.7,1
4478.3,130.5,1
4478.5,132.0,1
4478.6,125.2,1
4483.7,125.9,1
4483.8,98.8,1
4483.9,127.2,1
4484.1,124.9,1
4484.1,83.5,1
4489.3,122.7,1
4489.4,100.2,1
4489.5,118.4,1
4489.6,138.5,1
4489.7,108.0,1
4494.8,83.6,1
4494.9,83.5,1
4495.0,73.2,1
4495.1,71.9,1
4495.1,82.8,1
4500.3,104.6,1
4500.3,70.3,1
4500.4,90.7,1
4500.5,103.9,1
4500.6,126.4,1
4505.8,130.8,1
4505.9,148.4,1
4506.1,179.2,1
4506.3,177.7,1
4506.4,164.0,1
4511.6,116.1,1
4511.6,73.0,1
4511.8,133.2,1
4511.9,137.7,1
4512.0,134.3,1
4517.1,92.9,1
4517.3,130.1,1
4517.4,103.1,1
4517.5,148.4,1
4517.7,137.6,1
4522.8,129.3,1
4522.9,131.7,1
4523.1,132.7,1
4523.2,116.0,1
4523.3,79.0,1
4528.4,102.4,1
4528.5,138.0,1
4528.6,127.1,1
4528.7,111.8,1
4528.9,136.6,1
4534.0,78.6,1
4534.0,73.3,1
4534.1,76.2,1
4534.2,96.4,1
4534.3,103.4,1
4539.4,103.5,1
4539.6,139.1,1
4539.6,87.8,1
4539.7,98.7,1
4539.8,97.7,1
4544.9,79.8,1
4545.1,128.3,1
4545.2,134.5,1
4545.3,144.1,1
4545.4,101.4,1
4550.6,129.3,1
4550.7,99.1,1
4550.8,130.4,1
4550.9,121.4,1
4551.1,143.3,1
4556.2,119.7,1
4556.3,121.0,1
4556.4,123.4,1
4556.5,101.9,1
4556.7,120.3,1
4561.8,114.5,1
4561.9,114.0,1
4562.0,137.6,1
4562.2,153.1,1
4562.3,92.0,1
4567.3,72.2,1
4567.4,105.7,1
4567.6,117.3,1
4567.7,120.8,1
4567.8,125.8,1
4572.9,112.5,1
4573.0,116.6,1
4573.2,121.7,1
4573.3,88.2,1
4573.3,81.0,1
4578.4,88.2,1
4578.6,129.2,1
4578.7,146.4,1
4578.8,103.8,1
4578.9,121.6,1
4584.1,125.6,1
4584.1,73.7,1
4584.2,93.0,1
4584.3,107.3,1
4584.5,118.3,1
4589.5,73.3,1
4589.6,72.1,1
4589.7,75.0,1
4589.8,90.5,1
4589.9,112.5,1
4595.0,94.1,1
4595.1,131.9,1
4595.2,127.4,1
4595.4,141.8,1
4595.5,122.4,1
4600.7,149.6,1
4600.8,90.6,1
4600.9,141.7,1
4601.0,93.4,1
4601.1,122.0,1
4606.2,80.3,1
4606.3,125.3,1
4606.4,96.2,1
4606.5,106.5,1
4606.6,102.7,1
4611.8,135.2,1
4611.9,140.8,1
4612.0,108.3,1
4612.1,101.3,1
4612.3,142.2,1
4617.4,104.3,1
4617.5,113.2,1
4617.6,145.1,1
4617.7,121.6,1
4617.9,120.5,1
4623.0,92.8,1
4623.1,97.5,1
4623.2,91.6,1
4623.3,108.4,1
4623.4,96.5,1
4628.5,135.8,1
4628.6,149.0,1
4628.7,82.8,1
4628.9,143.2,1
4629.0,81.9,1
4634.1,106.5,1
4634.2,115.6,1
4634.3,76.7,1
4634.4,112.7,1
4634.4,79.7,1
4639.6,100.5,1
4639.7,109.1,1
4639.8,140.1,1
4639.9,123.8,1
4640.1,140.5,1
4645.2,135.0,1
4645.3,107.6,1
4645.4,121.3,1
4645.5,79.3,1
4645.6,111.7,1
4650.8,120.2,1
4650.8,86.4,1
4651.0,128.5,1
4651.1,91.6,1
4651.2,144.4,1
4656.3,123.2,1
4656.4,87.2,1
4656.6,131.7,1
4656.7,111.7,1
4656.8,122.7,1
4661.9,147.8,1
4662.1,143.8,1
4662.2,76.8,1
4662.3,149.1,1
4662.4,96.3,1
4667.5,109.8,1
4667.6,103.9,1
4667.7,127.9,1
4667.9,125.0,1
4668.0,113.1,1
4673.1,91.6,1
4673.2,104.5,1
4673.3,121.3,1
4673.4,128.2,1
4673.5,86.4,1
4678.6,80.2,1
4678.7,79.3,1
4678.8,95.8,1
4678.9,98.2,1
4679.0,81.8,1
4684.1,127.6,1
4684.2,145.4,1
4684.4,134.8,1
4684.5,143.3,1
4684.7,158.3,1
4689.8,148.6,1
4690.0,141.5,1
4690.1,90.6,1
4690.2,90.6,1
4690.2,86.0,1
4695.4,121.4,1
4695.5,144.1,1
4695.6,131.9,1
4695.8,115.5,1
4695.9,136.6,1
4701.1,162.0,1
4701.2,144.1,1
4701.3,142.8,1
4701.5,122.6,1
4701.6,135.9,1
4706.8,145.4,1
4706.9,132.7,1
4707.0,93.3,1
4707.1,143.4,1
4707.2,82.1,1
4712.3,114.9,1
4712.4,87.3,1
4712.5,73.6,1
4712.6,79.4,1
4712.7,98.8,1
4717.7,73.0,1
4717.8,74.3,1
4717.9,132.9,1
4718.1,105.2,1
4718.2,142.7,1
4723.3,114.2,1
4723.4,85.9,1
4723.5,71.7,1
4723.6,105.5,1
4723.7,102.2,1
4728.8,77.5,1
4728.8,77.2,1
4728.9,102.7,1
4729.1,152.9,1
4729.2,121.5,1
4734.3,105.6,1
4734.5,139.9,1
4734.6,120.3,1
4734.7,74.5,1
4734.8,93.9,1
4739.9,112.7,1
4740.0,96.1,1
4740.1,128.7,1
4740.2,149.2,1
4740.4,129.1,1
4745.5,78.1,1
4745.6,94.0,1
4745.7,125.0,1
4745.8,120.9,1
4745.9,118.3,1
4751.0,98.6,1
4751.1,124.3,1
4751.3,149.7,1
4751.4,99.9,1
4751.5,75.9,1
4756.6,103.8,1
4756.7,134.2,1
4756.8,99.5,1
4756.9,112.1,1
4757.1,138.5,1
4762.1,71.7,1
4762.2,108.8,1
4762.4,118.9,1
4762.5,99.1,1
4762.5,82.0,1
4767.7,111.4,1
4767.7,78.4,1
4767.9,118.0,1
4768.0,120.7,1
4768.1,81.7,1
4773.2,91.1,1
4773.3,137.1,1
4773.4,137.3,1
4773.6,144.3,1
4773.7,132.5,1
4778.8,113.8,1
4778.9,116.2,1
4779.1,120.1,1
4779.2,142.0,1
4779.3,137.9,1
4784.5,121.8,1
4784.6,137.6,1
4784.7,87.3,1
4784.8,84.2,1
4784.9,96.3,1
4790.0,139.7,1
4790.1,125.1,1
4790.3,124.6,1
4790.4,125.3,1
4790.5,101.0,1
4795.7,149.6,1
4795.8,108.1,1
4795.9,149.3,1
4796.0,139.7,1
4796.2,131.8,1
4801.3,146.0,1
4801.4,113.0,1
4801.6,112.9,1
4801.7,106.9,1
4801.7,77.6,1
4806.9,117.7,1
4806.9,79.5,1
4807.0,73.5,1
4807.1,95.0,1
4807.2,115.9,1
4812.3,71.6,1
4812.4,135.5,1
4812.5,83.7,1
4812.6,101.5,1
4812.7,115.1,1
4817.8,72.4,1
4817.9,93.1,1
4818.1,148.1,1
4818.2,119.5,1
4818.3,119.0,1
4823.4,118.6,1
4823.5,121.6,1
4823.7,144.0,1
4823.8,97.8,1
4823.9,103.4,1
4829.0,152.1,1
4829.1,102.4,1
4829.3,122.4,1
4829.3,74.7,1
4829.4,102.8,1
4834.6,148.9,1
4834.7,122.0,1
4834.8,108.1,1
4834.9,109.5,1
4835.1,153.5,1
4840.2,83.2,1
4840.3,131.8,1
4840.5,146.7,1
4840.6,128.0,1
4840.7,119.0,1
4845.8,124.0,1
4846.0,144.5,1
4846.1,141.0,1
4846.2,128.0,1
4846.4,148.8,1
4851.5,107.8,1
4851.6,114.8,1
4851.7,103.4,1
4851.8,78.3,1
4851.9,116.3,1
4857.0,101.1,1
4857.1,72.3,1
4857.2,71.2,1
4857.3,89.4,1
4857.4,102.5,1
4862.5,146.7,1
4862.6,127.0,1
4862.8,126.3,1
4863.0,204.1,1
4863.1,164.0,1
4868.3,146.3,1
4868.4,156.2,1
4868.6,125.5,1
4868.7,99.3,1
4868.8,151.1,1
4873.9,127.6,1
4874.1,142.8,1
4874.2,109.9,1
4874.3,99.4,1
4874.4,93.2,1
4879.6,160.8,1
4879.7,159.9,1
4879.8,129.8,1
4880.0,151.5,1
4880.1,129.9,1
4885.3,141.2,1
4885.4,97.5,1
4885.5,109.0,1
4885.6,130.3,1
4885.7,136.3,1
4890.9,123.4,1
4891.0,91.4,1
4891.1,132.0,1
4891.2,129.5,1
4891.4,126.2,1
4896.5,141.6,1
4896.6,108.2,1
4896.7,94.3,1
4896.8,70.4,1
4896.9,110.2,1
4902.0,75.2,1
4902.0,74.8,1
4902.1,105.3,1
4902.2,103.7,1
4902.3,72.2,1
4907.4,123.2,1
4907.6,125.7,1
4907.7,136.1,1
4907.8,111.2,1
4907.9,102.7,1
4913.0,89.4,1
4913.1,132.8,1
4913.3,121.6,1
4913.4,146.0,1
4913.5,121.7,1
4918.7,125.3,1
4918.8,136.5,1
4919.0,152.9,1
4919.1,124.6,1
4919.2,140.5,1
4924.3,100.1,1
4924.5,144.6,1
4924.6,132.3,1
4924.7,134.1,1
4924.9,128.9,1
4930.0,138.3,1
4930.1,93.1,1
4930.2,126.7,1
4930.3,112.8,1
4930.4,91.0,1
4935.6,131.1,1
4935.7,113.8,1
4935.8,109.9,1
4935.9,93.2,1
4936.0,122.5,1
4941.1,109.3,1
4941.2,79.8,1
4941.3,70.2,1
4941.4,107.8,1
4941.4,72.6,1
4946.6,136.7,1
4946.7,108.2,1
4946.8,87.7,1
4946.9,74.6,1
4946.9,76.8,1
4952.1,113.6,1
4952.2,96.7,1
4952.3,100.9,1
4952.4,106.3,1
4952.5,134.3,1
4957.6,121.3,1
4957.7,120.7,1
4957.9,119.4,1
4958.0,129.4,1
4958.2,169.5,1
4963.2,84.0,1
4963.3,74.4,1
4963.4,123.7,1
4963.6,120.6,1
4963.6,76.0,1
4968.8,142.3,1
4968.9,130.6,1
4969.0,101.2,1
4969.2,149.4,1
4969.3,147.3,1
4974.4,120.9,1
4974.6,120.8,1
4974.7,133.8,1
4974.8,139.3,1
4974.9,101.4,1
4980.1,120.3,1
4980.2,119.7,1
4980.3,111.1,1
4980.4,111.0,1
4980.5,119.6,1
4985.6,73.5,1
4985.7,103.7,1
4985.8,73.8,1
4985.9,153.4,1
4986.0,86.1,1
4991.1,72.1,1
4991.2,69.6,1
4991.3,91.3,1
4991.3,74.1,1
4991.4,100.4,1
4996.5,100.6,1
4996.7,125.9,1
4996.7,84.7,1
4996.9,110.6,1
4997.0,152.5,1
5002.1,112.0,1
5002.3,129.6,1
5002.4,136.8,1
5002.5,153.1,1
5002.7,121.1,1
5007.8,83.0,1
5007.9,125.1,1
5008.0,126.8,1
5008.1,119.6,1
5008.2,115.3,1
5013.4,137.2,1
5013.5,89.2,1
5013.6,121.5,1
5013.7,131.6,1
5013.8,108.8,1
5019.0,153.5,1
5019.1,70.6,1
5019.2,100.1,1
5019.3,121.7,1
5019.4,115.1,1
5024.5,131.2,1
5024.7,138.1,1
5024.8,166.2,1
5025.0,179.7,1
5025.2,145.7,1
5030.2,72.0,1
5030.3,70.4,1
5030.4,107.1,1
5030.5,96.7,1
5030.6,100.8,1
5035.7,76.3,1
5035.8,103.2,1
5035.9,132.7,1
5036.1,126.1,1
5036.1,87.5,1
5041.3,154.8,1
5041.4,144.5,1
5041.6,143.6,1
5041.7,131.4,1
5041.9,156.4,1
5047.0,107.8,1
5047.1,122.5,1
5047.2,129.2,1
5047.4,136.2,1
5047.5,90.7,1
5052.6,141.9,1
5052.7,117.9,1
5052.9,138.5,1
5053.0,144.3,1
5053.1,77.6,1
5058.2,140.9,1
5058.4,150.7,1
5058.5,137.0,1
5058.7,167.7,1
5058.8,122.1,1
5064.0,137.8,1
5064.1,131.6,1
5064.2,117.6,1
5064.3,123.0,1
5064.5,149.3,1
5069.6,94.1,1
5069.7,136.6,1
5069.9,143.2,1
5070.0,147.4,1
5070.2,147.0,1
5075.3,116.1,1
5075.4,112.4,1
5075.5,108.9,1
5075.6,73.0,1
5075.7,89.5,1
5080.8,132.3,1
5080.9,100.5,1
5081.0,124.5,1
5081.1,103.3,1
5081.3,138.2,1
5086.4,140.4,1
5086.5,115.4,1
5086.6,123.9,1
5086.8,118.4,1
5086.9,134.3,1
5092.0,90.1,1
5092.1,146.6,1
5092.3,142.4,1
5092.4,138.6,1
5092.5,116.8,1
5097.6,92.3,1
5097.8,147.9,1
5097.9,114.1,1
5098.0,124.5,1
5098.1,120.6,1
5103.3,138.4,1
5103.4,111.8,1
5103.5,126.8,1
5103.6,88.5,1
5103.8,144.5,1
5108.8,75.7,1
5109.0,122.6,1
5109.1,108.4,1
5109.2,138.8,1
5109.3,112.5,1
5114.5,118.9,1
5114.6,150.0,1
5114.7,108.9,1
5114.8,96.1,1
5115.0,146.3,1
5120.0,88.3,1
5120.1,74.6,1
5120.2,99.6,1
5120.3,124.2,1
5120.5,122.8,1
5125.5,72.7,1
5125.7,119.9,1
5125.7,71.8,1
5125.9,131.1,1
5126.0,132.4,1
5131.2,161.3,1
5131.3,93.9,1
5131.4,118.3,1
5131.5,110.0,1
5131.6,122.2,1
5136.7,100.6,1
5136.8,93.3,1
5136.9,134.7,1
5137.1,119.5,1
5137.2,92.4,1
5142.3,130.9,1
5142.4,126.6,1
5142.5,106.5,1
5142.6,77.0,1
5142.7,144.0,1
5147.9,136.6,1
5148.0,128.5,1
5148.1,117.5,1
5148.2,110.8,1
5148.4,113.8,1
5153.5,136.0,1
5153.6,78.1,1
5153.7,115.0,1
5153.8,148.3,1
5153.9,105.9,1
5159.1,146.2,1
5159.2,131.2,1
5159.3,80.2,1
5159.4,92.0,1
5159.5,133.2,1
5164.6,113.0,1
5164.7,82.7,1
5164.8,74.7,1
5164.9,98.0,1
5165.0,79.0,1
5170.1,117.5,1
5170.2,81.0,1
5170.3,97.5,1
5170.4,75.2,1
5170.4,75.7,1
5175.5,103.3,1
5175.6,98.6,1
5175.7,72.0,1
5175.8,110.6,1
5175.9,111.4,1
5181.1,119.0,1
5181.2,150.4,1
5181.3,136.2,1
5181.5,122.1,1
5181.5,71.1,1
5186.7,125.8,1
5186.8,129.4,1
5186.9,125.2,1
5187.0,123.6,1
5187.2,126.8,1
5192.3,120.1,1
5192.4,113.8,1
5192.5,108.3,1
5192.6,97.6,1
5192.7,127.1,1
5197.9,143.7,1
5198.0,146.8,1
5198.2,111.7,1
5198.3,122.1,1
5198.4,88.8,1
5203.5,144.9,1
5203.7,149.2,1
5203.8,160.8,1
5204.0,142.9,1
5204.1,152.3,1
5209.2,71.9,1
5209.3,86.1,1
5209.4,81.3,1
5209.5,146.9,1
5209.6,119.0,1
5214.7,75.5,1
5214.8,85.8,1
5214.9,105.1,1
5215.0,76.5,1
5215.1,76.6,1
5220.2,134.2,1
5220.3,117.0,1
5220.4,117.7,1
5220.6,170.0,1
5220.7,134.2,1
5225.8,98.3,1
5226.0,120.8,1
5226.1,124.1,1
5226.2,136.3,1
5226.3,125.8,1
5231.5,104.3,1
5231.6,131.2,1
5231.7,122.8,1
5231.8,112.5,1
5231.9,92.1,1
5237.1,150.9,1
5237.2,143.4,1
5237.4,151.3,1
5237.5,155.8,1
5237.6,108.7,1
5242.7,97.7,1
5242.9,136.4,1
5243.0,111.7,1
5243.1,116.4,1
5243.2,129.3,1
5248.3,111.0,1
5248.5,118.4,1
5248.5,78.4,1
5248.6,110.7,1
5248.8,127.2,1
5253.9,81.3,1
5254.0,100.1,1
5254.1,112.7,1
5254.2,130.7,1
5254.3,80.0,1
5259.4,76.1,1
5259.5,117.3,1
5259.6,146.8,1
5259.8,136.0,1
5259.8,80.9,1
5264.9,79.8,1
5265.0,97.8,1
5265.2,131.8,1
5265.2,74.9,1
5265.4,155.3,1
5270.5,117.2,1
5270.6,84.2,1
5270.7,107.6,1
5270.8,133.2,1
5271.0,132.7,1
5276.1,85.5,1
5276.2,143.1,1
5276.3,93.9,1
5276.4,92.1,1
5276.5,151.3,1
5281.7,136.2,1
5281.8,135.3,1
5281.9,128.0,1
5282.1,135.8,1
5282.2,120.1,1
5287.3,138.8,1
5287.4,77.6,1
5287.6,142.4,1
5287.7,126.3,1
5287.8,98.9,1
5292.9,119.8,1
5293.1,137.4,1
5293.2,123.1,1
5293.3,145.0,1
5293.4,127.9,1
5298.5,73.4,1
5298.6,111.0,1
5298.8,130.9,1
5298.9,148.6,1
5299.1,151.2,1
5304.1,79.5,1
5304.2,78.0,1
5304.3,73.0,1
5304.4,93.8,1
5304.5,79.9,1
5309.6,79.5,1
5309.7,106.4,1
5309.8,128.8,1
5309.9,116.1,1
5310.0,110.1,1
5315.1,111.1,1
5315.3,143.2,1
5315.4,131.7,1
5315.5,99.2,1
5315.6,71.5,1
5320.7,123.0,1
5320.8,109.2,1
5320.9,100.1,1
5321.1,137.4,1
5321.2,119.9,1
5326.3,139.0,1
5326.4,118.0,1
5326.6,120.0,1
5326.7,159.9,1
5326.9,142.1,1
5332.0,126.9,1
5332.1,108.6,1
5332.2,123.1,1
5332.3,98.7,1
5332.4,122.3,1
5337.5,89.0,1
5337.6,76.7,1
5337.7,126.5,1
5337.8,109.8,1
5338.0,108.6,1
5343.1,107.9,1
5343.2,120.2,1
5343.3,89.1,1
5343.4,117.6,1
5343.5,113.6,1
5348.6,90.8,1
5348.7,84.3,1
5348.8,108.7,1
5348.9,81.6,1
5349.0,117.0,1
5354.1,102.1,1
5354.2,92.2,1
5354.3,74.6,1
5354.4,91.5,1
5354.4,71.9,1
5359.5,97.9,1
5359.7,124.4,1
5359.8,120.2,1
5359.9,128.6,1
5360.0,114.9,1
5365.1,83.6,1
5365.2,121.3,1
5365.4,134.9,1
5365.5,129.0,1
5365.6,148.4,1
5370.8,131.9,1
5370.9,149.7,1
5371.0,89.5,1
5371.1,125.2,1
5371.3,121.6,1
5376.3,72.0,1
5376.5,136.5,1
5376.6,139.5,1
5376.8,148.3,1
5376.8,77.0,1
5382.0,148.6,1
5382.1,100.1,1
5382.2,73.9,1
5382.3,148.7,1
5382.5,162.5,1
5387.6,119.3,1
5387.7,79.3,1
5387.8,112.6,1
5388.0,151.2,1
5388.0,88.0,1
5393.1,100.3,1
5393.2,71.1,1
5393.3,95.2,1
5393.4,102.8,1
5393.5,92.7,1
5398.6,134.7,1
5398.7,99.1,1
5398.9,112.2,1
5399.0,135.3,1
5399.1,155.3,1
5404.3,108.4,1
5404.4,142.0,1
5404.5,126.7,1
5404.7,146.2,1
5404.8,101.8,1
5409.9,115.7,1
5410.0,143.5,1
5410.2,131.3,1
5410.3,153.0,1
5410.4,121.8,1
5415.6,180.7,1
5415.8,140.9,1
5415.9,135.9,1
5416.0,131.9,1
5416.2,159.3,1
5421.3,84.5,1
5421.4,130.9,1
5421.5,106.8,1
5421.7,147.1,1
5421.8,152.1,1
5426.9,103.2,1
5427.1,142.6,1
5427.2,128.1,1
5427.3,82.6,1
5427.4,133.5,1
5432.5,75.7,1
5432.6,97.8,1
5432.7,94.3,1
5432.8,77.1,1
5432.9,110.6,1
5438.0,86.5,1
5438.1,129.0,1
5438.2,70.5,1
5438.3,125.7,1
5438.4,74.3,1
5443.5,72.1,1
5443.5,73.1,1
5443.6,90.7,1
5443.7,78.5,1
5443.8,88.2,1
5448.9,118.0,1
5449.0,119.4,1
5449.1,118.6,1
5449.3,118.6,1
5449.4,109.4,1
5454.5,126.4,1
5454.6,134.5,1
5454.8,128.4,1
5454.9,141.3,1
5455.1,151.7,1
5460.2,122.8,1
5460.3,123.8,1
5460.4,88.9,1
5460.5,140.9,1
5460.6,73.5,1
5465.8,141.8,1
5465.8,80.6,1
5465.9,101.6,1
5466.0,98.3,1
5466.1,98.0,1
5471.3,128.3,1
5471.4,131.1,1
5471.5,132.0,1
5471.6,101.3,1
5471.7,111.6,1
5476.9,150.3,1
5477.0,72.9,1
5477.1,106.7,1
5477.2,103.5,1
5477.3,118.5,1
5482.4,77.1,1
5482.5,73.1,1
5482.5,79.4,1
5482.6,103.3,1
5482.7,77.6,1
5487.8,76.3,1
5487.9,137.1,1
5488.1,118.1,1
5488.1,72.1,1
5488.2,74.4,1
5493.3,84.3,1
5493.4,71.1,1
5493.5,120.1,1
5493.6,118.8,1
5493.7,84.0,1
5498.8,124.0,1
5498.9,126.7,1
5499.1,110.1,1
5499.2,137.9,1
5499.3,122.5,1
5504.4,120.8,1
5504.5,94.5,1
5504.7,127.3,1
5504.8,107.1,1
5504.9,86.6,1
5510.0,124.6,1
5510.1,102.7,1
5510.2,114.9,1
5510.3,123.1,1
5510.5,130.0,1
5515.6,108.6,1
5515.6,75.5,1
5515.8,129.6,1
5515.9,100.5,1
5516.0,152.3,1
5521.1,89.7,1
5521.2,113.2,1
5521.3,106.3,1
5521.4,99.2,1
5521.5,82.9,1
5526.6,93.9,1
5526.7,121.7,1
5526.8,80.2,1
5526.9,115.6,1
5527.0,111.5,1
5532.2,125.2,1
5532.3,140.6,1
5532.4,70.5,1
5532.5,121.0,1
5532.6,72.9,1
5537.7,118.1,1
5537.8,119.8,1
5537.9,128.5,1
5538.1,145.8,1
5538.2,119.2,1
5543.3,121.0,1
5543.5,119.2,1
5543.6,104.9,1
5543.7,113.9,1
5543.8,129.3,1
5548.9,130.8,1
5549.1,121.1,1
5549.2,120.3,1
5549.3,121.0,1
5549.4,126.6,1
5554.5,71.9,1
5554.6,90.7,1
5554.7,127.9,1
5554.8,103.6,1
5555.0,135.1,1
5560.1,142.3,1
5560.2,137.5,1
5560.4,122.4,1
5560.5,96.6,1
5560.6,100.1,1
5565.7,123.5,1
5565.8,79.9,1
5565.9,151.9,1
5566.1,143.2,1
5566.2,128.6,1
5571.3,126.5,1
5571.4,105.9,1
5571.5,73.9,1
5571.6,88.3,1
5571.7,101.3,1
5576.8,115.8,1
5576.9,99.4,1
5577.0,71.8,1
5577.1,95.1,1
5577.2,135.0,1
5582.3,121.3,1
5582.5,117.2,1
5582.6,142.8,1
5582.8,147.5,1
5582.9,102.3,1
5587.9,85.9,1
5588.1,146.4,1
5588.2,131.0,1
5588.3,108.8,1
5588.5,146.1,1
5593.6,146.1,1
5593.8,157.4,1
5593.9,145.7,1
5594.1,131.7,1
5594.2,142.1,1
5599.3,92.7,1
5599.4,78.6,1
5599.5,131.0,1
5599.6,106.3,1
5599.7,123.8,1
5604.9,129.3,1
5605.0,93.9,1
5605.1,98.8,1
5605.2,125.2,1
5605.3,120.7,1
5610.5,125.9,1
5610.6,142.3,1
5610.8,161.0,1
5610.9,140.5,1
5611.0,130.3,1
5616.1,101.4,1
5616.2,82.3,1
5616.3,104.3,1
5616.4,111.3,1
5616.5,91.7,1
5621.6,92.2,1
5621.8,144.3,1
5621.9,108.3,1
5622.0,102.5,1
5622.1,121.3,1
5627.2,142.4,1
5627.4,124.5,1
5627.5,130.5,1
5627.6,126.9,1
5627.8,159.3,1
5632.9,120.0,1
5633.1,156.9,1
5633.2,123.7,1
5633.3,110.5,1
5633.4,92.6,1
5638.5,107.9,1
5638.6,122.3,1
5638.7,100.3,1
5638.9,142.7,1
5639.0,93.7,1
5644.1,120.3,1
5644.2,89.0,1
5644.2,74.4,1
5644.4,142.4,1
5644.5,118.0,1
5649.6,114.9,1
5649.7,119.4,1
5649.9,143.2,1
5650.0,89.5,1
5650.1,142.2,1
5655.3,123.2,1
5655.4,141.5,1
5655.5,113.6,1
5655.6,117.6,1
5655.8,133.8,1
5660.8,73.7,1
5660.9,99.1,1
5661.0,78.2,1
5661.1,116.3,1
5661.2,101.9,1
5666.3,83.9,1
5666.4,127.3,1
5666.5,72.3,1
5666.6,76.7,1
5666.7,109.5,1
5671.8,81.9,1
5671.9,138.6,1
5672.1,145.2,1
5672.2,96.0,1
5672.3,115.1,1
5677.4,141.3,1
5677.6,123.6,1
5677.7,146.9,1
5677.8,112.4,1
5678.0,159.4,1
5683.1,143.8,1
5683.2,76.0,1
5683.3,73.8,1
5683.4,146.9,1
5683.5,112.9,1
5688.7,122.0,1
5688.8,146.6,1
5689.0,151.6,1
5689.1,165.3,1
5689.3,132.1,1
5694.4,126.4,1
5694.5,142.4,1
5694.6,80.3,1
5694.8,146.1,1
5694.8,87.4,1
5700.0,127.4,1
5700.1,137.3,1
5700.3,149.5,1
5700.4,100.5,1
5700.5,125.8,1
5705.6,121.5,1
5705.7,83.6,1
5705.8,114.4,1
5705.9,88.2,1
5706.0,140.0,1
5711.1,74.7,1
5711.2,73.3,1
5711.3,79.4,1
5711.4,123.2,1
5711.5,72.1,1
5716.6,110.5,1
5716.7,114.5,1
5716.8,119.3,1
5716.9,114.3,1
5717.0,109.1,1
5722.2,132.6,1
5722.3,88.3,1
5722.4,107.2,1
5722.5,92.7,1
5722.5,76.0,1
5727.6,95.9,1
5727.7,75.3,1
5727.8,120.5,1
5728.0,157.6,1
5728.1,129.8,1
5733.2,91.4,1
5733.3,117.6,1
5733.5,131.5,1
5733.6,128.1,1
5733.7,101.8,1
5738.8,137.3,1
5739.0,122.2,1
5739.1,109.7,1
5739.2,121.7,1
5739.3,106.4,1
5744.4,141.1,1
5744.5,96.4,1
5744.6,96.0,1
5744.7,77.2,1
5744.8,98.0,1
5749.9,80.6,1
5750.0,116.9,1
5750.1,95.0,1
5750.2,108.3,1
5750.3,122.6,1
5755.5,106.1,1
5755.5,72.1,1
5755.6,77.1,1
5755.7,77.5,1
5755.8,75.2,1
5760.8,91.6,1
5760.9,101.0,1
5761.1,138.6,1
5761.2,130.6,1
5761.3,104.3,1
5766.4,117.3,1
5766.5,86.1,1
5766.7,131.1,1
5766.8,132.0,1
5766.9,108.7,1
5772.0,104.2,1
5772.2,145.8,1
5772.3,161.9,1
5772.5,144.6,1
5772.6,145.9,1
5777.7,126.8,1
5777.9,122.0,1
5778.0,128.7,1
5778.1,122.5,1
5778.2,79.6,1
5783.3,102.1,1
5783.4,124.7,1
5783.6,125.1,1
5783.7,116.9,1
5783.8,127.9,1
5789.0,152.7,1
5789.1,138.6,1
5789.2,149.9,1
5789.4,160.2,1
5789.6,149.4,1
5794.7,119.7,1
5794.7,73.6,1
5794.8,93.3,1
5794.9,77.7,1
5795.0,106.3,1
5800.1,74.5,1
5800.2,142.0,1
5800.3,78.8,1
5800.4,103.3,1
5800.5,77.8,1
5805.7,138.5,1
5805.8,137.7,1
5805.9,133.0,1
5806.1,150.1,1
5806.2,100.1,1
5811.3,132.9,1
5811.4,118.7,1
5811.6,122.6,1
5811.7,148.5,1
5811.8,146.8,1
5817.0,130.6,1
5817.1,120.2,1
5817.2,109.5,1
5817.3,74.3,1
5817.4,116.3,1
5822.5,99.6,1
5822.6,115.2,1
5822.7,106.3,1
5822.9,142.4,1
5823.0,99.5,1
5828.1,152.5,1
5828.3,135.2,1
5828.3,87.7,1
5828.4,99.0,1
5828.6,128.8,1
5833.7,145.5,1
5833.8,106.0,1
5833.9,99.4,1
5834.1,137.8,1
5834.2,107.7,1
5839.3,73.2,1
5839.3,85.6,1
5839.4,71.9,1
5839.5,94.7,1
5839.7,146.3,1
5844.7,74.3,1
5844.8,75.1,1
5844.9,137.6,1
5845.0,103.2,1
5845.1,88.1,1
5850.3,113.8,1
5850.4,112.5,1
5850.5,122.4,1
5850.6,79.5,1
5850.7,112.6,1
5855.8,89.6,1
5855.9,121.7,1
5856.0,112.8,1
5856.1,84.6,1
5856.2,111.1,1
5861.3,122.6,1
5861.5,121.2,1
5861.5,72.4,1
5861.7,142.4,1
5861.8,136.7,1
5866.9,93.6,1
5867.0,131.8,1
5867.2,119.4,1
5867.3,108.1,1
5867.3,77.1,1
5872.4,74.3,1
5872.6,147.6,1
5872.7,125.9,1
5872.8,138.4,1
5873.0,178.4,1
5878.1,120.9,1
5878.3,128.0,1
5878.4,128.1,1
5878.5,152.6,1
5878.7,146.2,1
5883.8,84.1,1
5883.9,137.0,1
5884.0,122.4,1
5884.2,122.7,1
5884.3,125.5,1
5889.4,72.7,1
5889.5,108.2,1
5889.6,114.9,1
5889.7,101.7,1
5889.8,113.1,1
5894.9,74.8,1
5895.0,101.3,1
5895.1,116.2,1
5895.2,73.5,1
5895.3,141.5,1
5900.4,90.1,1
5900.5,104.3,1
5900.6,102.6,1
5900.7,124.4,1
5900.9,141.5,1
5906.0,142.8,1
5906.1,111.4,1
5906.2,108.5,1
5906.4,135.7,1
5906.5,135.6,1
5911.6,75.7,1
5911.7,109.7,1
5911.8,114.6,1
5912.0,134.0,1
5912.1,120.5,1
5917.2,121.2,1
5917.3,101.8,1
5917.4,140.7,1
5917.6,110.1,1
5917.7,136.3,1
5922.8,114.3,1
5922.9,106.4,1
5923.0,91.3,1
5923.2,146.8,1
5923.3,110.8,1
5928.4,120.6,1
5928.5,78.2,1
5928.6,142.1,1
5928.7,81.4,1
5928.8,118.3,1
5933.9,92.2,1
5934.0,83.7,1
5934.1,128.3,1
5934.2,125.3,1
5934.4,104.9,1
5939.4,73.4,1
5939.5,112.6,1
5939.7,146.7,1
5939.8,135.4,1
5939.9,89.7,1
5945.0,95.2,1
5945.1,132.6,1
5945.2,89.8,1
5945.3,85.4,1
5945.4,110.0,1
5950.6,119.0,1
5950.7,126.5,1
5950.8,155.9,1
5951.0,168.8,1
5951.1,135.0,1
5956.3,111.9,1
5956.3,76.0,1
5956.5,118.3,1
5956.6,147.1,1
5956.7,112.0,1
5961.8,94.5,1
5961.9,88.5,1
5962.0,129.6,1
5962.2,137.2,1
5962.3,135.7,1
5967.4,111.6,1
5967.6,144.1,1
5967.7,153.3,1
5967.9,151.4,1
5968.0,145.8,1
5973.2,134.0,1
5973.3,144.9,1
5973.4,115.8,1
5973.5,106.4,1
5973.6,104.0,1
5978.8,126.7,1
5978.8,79.6,1
5978.9,102.1,1
5979.1,144.2,1
5979.2,80.5,1
5984.3,91.1,1
5984.4,154.4,1
5984.5,78.6,1
5984.6,107.3,1
5984.7,86.0,1
5989.8,113.7,1
5989.9,115.7,1
5990.0,92.9,1
5990.2,148.9,1
5990.3,129.8,1
5995.4,117.7,1
5995.6,153.4,1
5995.7,139.7,1
5995.8,116.9,1
5996.0,134.6,1
6001.1,141.1,1
6001.2,113.0,1
6001.4,142.8,1
6001.5,125.7,1
6001.6,117.9,1
6006.7,89.8,1
6006.8,107.8,1
6006.9,142.2,1
6007.1,128.5,1
6007.2,130.2,1
6012.3,121.7,1
6012.5,136.7,1
6012.6,144.1,1
6012.7,132.9,1
6012.8,88.2,1
6017.9,106.3,1
6018.0,76.5,1
6018.1,110.0,1
6018.3,128.2,1
6018.3,90.2,1
6023.4,82.9,1
6023.6,129.8,1
6023.7,126.1,1
6023.8,75.3,1
6023.9,113.7,1
6029.0,83.3,1
6029.1,93.1,1
6029.2,119.6,1
6029.3,71.5,1
6029.3,73.8,1
6034.5,137.3,1
6034.6,118.3,1
6034.7,122.5,1
6034.8,133.1,1
6035.0,139.1,1
6040.1,125.7,1
6040.2,120.7,1
6040.4,120.0,1
6040.5,112.9,1
6040.6,123.9,1
6045.7,116.2,1
6045.8,76.9,1
6045.9,132.8,1
6046.0,120.3,1
6046.2,126.6,1
6051.3,139.1,1
6051.4,83.8,1
6051.5,115.4,1
6051.6,92.7,1
6051.7,114.7,1
6056.8,122.1,1
6057.0,131.2,1
6057.1,105.9,1
6057.2,116.0,1
6057.3,121.2,1
6062.5,129.3,1
6062.6,126.3,1
6062.7,74.2,1
6062.8,139.9,1
6062.9,74.6,1
6068.0,149.3,1
6068.2,139.8,1
6068.3,103.1,1
6068.3,78.6,1
6068.4,75.5,1
6073.5,73.1,1
6073.6,131.9,1
6073.7,84.5,1
6073.8,104.1,1
6073.9,134.4,1
6079.0,77.3,1
6079.2,132.0,1
6079.3,106.8,1
6079.4,101.3,1
6079.5,104.5,1
6084.6,96.0,1
6084.7,99.3,1
6084.8,139.0,1
6084.9,100.3,1
6085.0,127.6,1
6090.2,135.0,1
6090.3,135.1,1
6090.4,74.9,1
6090.5,105.4,1
6090.6,75.6,1
6095.7,116.2,1
6095.8,114.0,1
6095.9,112.2,1
6096.0,79.0,1
6096.2,158.1,1
6101.3,150.2,1
6101.4,121.8,1
6101.5,103.9,1
6101.6,89.0,1
6101.8,139.9,1
6106.9,138.2,1
6107.1,152.7,1
6107.2,120.6,1
6107.3,150.7,1
6107.4,80.5,1
6112.5,106.6,1
6112.7,132.9,1
6112.8,145.9,1
6112.9,120.7,1
6113.0,91.6,1
6118.1,103.9,1
6118.2,101.3,1
6118.3,94.1,1
6118.4,72.3,1
6118.5,75.4,1
6123.6,99.6,1
6123.7,147.9,1
6123.8,78.4,1
6123.9,131.9,1
6124.1,138.2,1
6129.2,136.4,1
6129.4,160.9,1
6129.5,141.1,1
6129.7,170.0,1
6129.8,151.7,1
6134.9,106.7,1
6135.1,144.2,1
6135.2,139.2,1
6135.4,127.5,1
6135.5,126.0,1
6140.6,122.3,1
6140.8,144.2,1
6140.9,133.3,1
6141.0,126.6,1
6141.1,87.5,1
6146.3,144.8,1
6146.4,155.8,1
6146.6,165.2,1
6146.7,146.3,1
6146.9,132.0,1
6152.0,110.5,1
6152.1,103.3,1
6152.2,128.2,1
6152.3,109.2,1
6152.4,95.2,1
6157.5,104.9,1
6157.6,89.1,1
6157.7,101.1,1
6157.8,138.4,1
6157.9,96.3,1
6163.0,83.7,1
6163.1,93.3,1
6163.2,105.4,1
6163.3,71.2,1
6163.4,140.5,1
6168.6,121.4,1
6168.7,129.4,1
6168.8,134.2,1
6168.9,119.5,1
6169.1,128.6,1
6174.2,119.1,1
6174.3,126.6,1
6174.5,152.5,1
6174.6,110.8,1
6174.7,120.3,1
6179.8,121.5,1
6180.0,151.9,1
6180.1,73.0,1
6180.2,141.5,1
6180.3,120.4,1
6185.4,96.3,1
6185.5,105.0,1
6185.7,136.9,1
6185.8,96.4,1
6185.9,110.6,1
6191.0,129.4,1
6191.1,122.1,1
6191.3,151.3,1
6191.4,92.4,1
6191.4,73.1,1
6196.5,83.1,1
6196.6,115.5,1
6196.8,135.1,1
6196.9,126.9,1
6197.0,107.6,1
6202.2,131.4,1
6202.2,88.5,1
6202.3,73.2,1
6202.5,139.6,1
6202.6,119.3,1
6207.7,100.1,1
6207.8,124.4,1
6207.9,116.2,1
6208.0,77.0,1
6208.1,84.0,1
6213.2,131.8,1
6213.3,75.6,1
6213.4,126.6,1
6213.5,96.1,1
6213.6,108.2,1
6218.8,133.7,1
6218.9,104.0,1
6219.0,153.0,1
6219.1,127.2,1
6219.3,145.3,1
6224.4,118.3,1
6224.5,110.9,1
6224.6,81.2,1
6224.7,139.8,1
6224.9,131.2,1
6230.0,121.8,1
6230.1,79.3,1
6230.2,134.9,1
6230.3,113.7,1
6230.4,96.3,1
6235.6,135.8,1
6235.6,75.3,1
6235.8,108.5,1
6235.8,77.9,1
6235.9,113.3,1
6241.1,109.6,1
6241.2,154.6,1
6241.3,136.4,1
6241.5,102.7,1
6241.5,86.4,1
6246.6,72.8,1
6246.7,91.4,1
6246.8,104.7,1
6246.9,121.1,1
6247.0,100.1,1
6252.1,78.0,1
6252.2,71.9,1
6252.3,73.8,1
6252.4,94.6,1
6252.5,97.7,1
6257.6,96.3,1
6257.7,118.7,1
6257.8,145.6,1
6257.9,126.6,1
6258.1,120.7,1
6263.2,122.3,1
6263.3,120.5,1
6263.4,120.6,1
6263.6,133.6,1
6263.7,93.8,1
6268.8,143.6,1
6268.9,97.2,1
6269.0,104.1,1
6269.1,101.7,1
6269.2,108.5,1
6274.3,120.2,1
6274.5,135.2,1
6274.6,122.0,1
6274.7,120.1,1
6274.8,119.0,1
6279.9,103.8,1
6280.0,97.4,1
6280.2,125.1,1
6280.3,120.9,1
6280.4,97.8,1
6285.5,139.2,1
6285.6,85.0,1
6285.7,110.0,1
6285.8,96.0,1
6285.9,124.1,1
6291.0,79.4,1
6291.1,74.0,1
6291.2,78.7,1
6291.3,127.7,1
6291.4,127.5,1
6296.6,137.6,1
6296.7,72.2,1
6296.8,132.4,1
6296.9,76.3,1
6297.0,106.6,1
6302.1,150.6,1
6302.2,101.6,1
6302.4,127.2,1
6302.4,88.0,1
6302.6,137.2,1
6307.7,142.1,1
6307.9,129.4,1
6308.0,180.3,1
6308.2,175.1,1
6308.4,148.8,1
6313.5,92.2,1
6313.6,114.4,1
6313.7,116.5,1
6313.8,75.7,1
6313.9,120.6,1
6319.0,124.2,1
6319.1,120.5,1
6319.3,145.6,1
6319.4,133.0,1
6319.6,141.2,1
6324.7,129.9,1
6324.8,156.7,1
6325.0,145.5,1
6325.1,142.2,1
6325.3,136.7,1
6330.4,126.1,1
6330.5,120.4,1
6330.7,133.9,1
6330.8,147.2,1
6330.9,122.5,1
6336.0,74.0,1
6336.1,70.5,1
6336.2,119.9,1
6336.3,95.9,1
6336.4,76.6,1
6341.5,136.0,1
6341.6,100.0,1
6341.7,111.5,1
6341.8,73.5,1
6341.9,114.0,1
6347.0,86.6,1
6347.1,116.0,1
6347.3,148.7,1
6347.4,127.9,1
6347.5,135.6,1
6352.6,97.2,1
6352.7,94.4,1
6352.8,124.7,1
6353.0,126.9,1
6353.1,148.3,1
6358.2,104.1,1
6358.4,134.1,1
6358.5,115.0,1
6358.6,92.0,1
6358.7,131.1,1
6363.8,97.0,1
6363.9,133.7,1
6364.1,116.6,1
6364.1,74.5,1
6364.2,98.6,1
6369.3,75.6,1
6369.4,125.8,1
6369.6,125.0,1
6369.7,98.9,1
6369.8,132.9,1
6374.9,84.5,1
6375.0,107.4,1
6375.1,147.4,1
6375.2,87.9,1
6375.3,74.0,1
6380.4,73.4,1
6380.5,94.4,1
6380.6,115.6,1
6380.7,100.7,1
6380.8,98.8,1
6385.9,110.5,1
6386.0,75.0,1
6386.0,75.2,1
6386.2,133.4,1
6386.3,94.7,1
6391.4,122.9,1
6391.5,129.3,1
6391.7,138.3,1
6391.8,88.1,1
6391.9,150.8,1
6397.0,122.2,1
6397.2,122.4,1
6397.3,119.3,1
6397.4,81.8,1
6397.5,117.2,1
6402.6,127.8,1
6402.7,102.8,1
6402.8,75.1,1
6402.9,110.4,1
6403.0,150.1,1
6408.2,103.1,1
6408.2,88.4,1
6408.3,93.9,1
6408.5,136.6,1
6408.6,146.8,1
6413.7,120.5,1
6413.8,93.3,1
6413.9,90.1,1
6414.0,76.4,1
6414.1,118.3,1
6419.3,128.5,1
6419.4,105.0,1
6419.5,134.4,1
6419.6,140.4,1
6419.8,148.5,1
6424.9,110.5,1
6425.0,85.9,1
6425.1,131.2,1
6425.2,124.1,1
6425.3,103.8,1
6430.4,72.8,1
6430.5,112.7,1
6430.6,106.1,1
6430.7,74.5,1
6430.8,89.7,1
6435.9,91.7,1
6436.0,93.9,1
6436.1,111.4,1
6436.2,143.7,1
6436.4,118.5,1
6441.5,82.4,1
6441.6,151.4,1
6441.7,113.3,1
6441.8,120.2,1
6442.0,121.3,1
6447.0,75.3,1
6447.2,154.6,1
6447.3,85.5,1
6447.4,107.9,1
6447.5,100.0,1
6452.6,132.7,1
6452.7,125.1,1
6452.9,145.5,1
6453.0,133.7,1
6453.2,149.3,1
6458.3,126.2,1
6458.4,130.9,1
6458.6,152.5,1
6458.7,132.3,1
6458.9,143.4,1
6464.0,134.8,1
6464.1,142.8,1
6464.3,132.7,1
6464.4,116.7,1
6464.5,89.3,1
6469.6,81.7,1
6469.7,114.3,1
6469.8,92.3,1
6469.9,110.5,1
6470.0,88.0,1
6475.1,130.3,1
6475.2,103.3,1
6475.4,146.0,1
6475.5,89.5,1
6475.5,75.6,1
6480.6,110.2,1
6480.8,122.4,1
6480.9,139.2,1
6481.0,125.6,1
6481.2,145.8,1
6486.3,144.3,1
6486.5,148.7,1
6486.6,145.5,1
6486.8,133.8,1
6486.9,154.7,1
6492.1,144.0,1
6492.2,122.2,1
6492.3,121.1,1
6492.4,137.4,1
6492.6,141.9,1
6497.7,137.0,1
6497.8,125.1,1
6498.0,114.9,1
6498.1,140.4,1
6498.2,128.0,1
6503.4,162.9,1
6503.5,147.8,1
6503.7,139.8,1
6503.8,156.7,1
6504.0,128.3,1
6509.1,123.7,1
6509.2,96.4,1
6509.3,130.3,1
6509.5,136.4,1
6509.6,147.2,1
6514.7,110.7,1
6514.9,147.6,1
6515.0,86.6,1
6515.1,135.5,1
6515.2,86.0,1
6520.3,79.1,1
6520.3,72.2,1
6520.4,71.7,1
6520.5,73.1,1
6520.6,117.6,1
6525.7,98.6,1
6525.8,85.6,1
6525.9,150.1,1
6526.0,102.7,1
6526.1,108.4,1
6531.3,120.9,1
6531.4,111.4,1
6531.5,146.4,1
6531.7,141.2,1
6531.8,122.9,1
6536.9,146.0,1
6537.1,127.2,1
6537.1,73.2,1
6537.2,79.1,1
6537.3,117.8,1
6542.4,98.3,1
6542.6,130.2,1
6542.7,106.8,1
6542.8,147.2,1
6543.0,130.5,1
6548.1,148.7,1
6548.2,128.1,1
6548.4,125.1,1
6548.5,139.6,1
6548.6,118.0,1
6553.7,102.9,1
6553.8,106.0,1
6554.0,136.8,1
6554.1,144.7,1
6554.2,128.6,1
6559.3,93.3,1
6559.4,91.6,1
6559.5,89.9,1
6559.7,148.0,1
6559.8,77.4,1
6564.8,79.5,1
6564.9,78.5,1
6565.1,147.4,1
6565.2,118.1,1
6565.3,73.8,1
6570.3,70.7,1
6570.4,101.2,1
6570.5,113.2,1
6570.6,74.8,1
6570.8,146.5,1
6575.9,132.4,1
6576.0,138.8,1
6576.2,141.8,1
6576.3,109.3,1
6576.4,107.9,1
6581.5,118.3,1
6581.7,125.6,1
6581.8,126.0,1
6581.9,106.2,1
6582.0,158.3,1
6587.1,75.1,1
6587.2,91.5,1
6587.3,120.9,1
6587.4,114.2,1
6587.5,86.6,1
6592.7,137.8,1
6592.8,148.6,1
6592.9,110.9,1
6593.1,145.3,1
6593.2,115.4,1
6598.3,108.7,1
6598.4,117.1,1
6598.5,111.5,1
6598.7,143.4,1
6598.8,145.0,1
6603.9,102.6,1
6604.0,93.4,1
6604.1,120.1,1
6604.3,119.4,1
6604.4,104.8,1
6609.5,78.2,1
6609.5,87.9,1
6609.7,129.4,1
6609.8,109.9,1
6609.9,73.0,1
6614.9,81.1,1
6615.1,134.6,1
6615.2,111.1,1
6615.3,142.4,1
6615.4,111.6,1
6620.6,148.6,1
6620.7,118.7,1
6620.8,122.7,1
6620.9,111.3,1
6621.1,144.8,1
6626.2,90.9,1
6626.3,106.0,1
6626.4,113.4,1
6626.5,105.1,1
6626.6,81.0,1
6631.7,126.4,1
6631.8,82.4,1
6631.9,118.8,1
6632.0,120.9,1
6632.2,121.2,1
6637.3,142.5,1
6637.4,119.5,1
6637.5,94.4,1
6637.7,130.3,1
6637.8,131.6,1
6642.9,122.1,1
6643.0,122.5,1
6643.2,123.0,1
6643.3,120.2,1
6643.4,115.9,1
6648.5,93.0,1
6648.6,128.6,1
6648.8,142.6,1
6648.8,82.8,1
6649.0,103.7,1
6654.0,90.3,1
6654.2,108.7,1
6654.2,91.3,1
6654.4,125.2,1
6654.4,74.3,1
6659.6,103.7,1
6659.7,130.1,1
6659.8,100.8,1
6659.9,123.4,1
6660.0,116.8,1
6665.2,135.0,1
6665.3,147.4,1
6665.5,168.5,1
6665.7,174.5,1
6665.8,163.3,1
6671.0,144.8,1
6671.1,146.7,1
6671.3,142.6,1
6671.4,126.2,1
6671.5,131.8,1
6676.6,114.1,1
6676.8,136.1,1
6676.9,111.2,1
6677.0,108.3,1
6677.1,85.7,1
6682.3,172.1,1
6682.4,152.6,1
6682.5,77.7,1
6682.6,142.1,1
6682.8,147.4,1
6687.9,105.3,1
6688.0,114.2,1
6688.1,136.5,1
6688.2,73.7,1
6688.4,148.0,1
6693.4,88.8,1
6693.5,102.0,1
6693.7,123.1,1
6693.7,73.2,1
6693.8,101.0,1
6699.0,105.6,1
6699.1,144.9,1
6699.2,73.1,1
6699.2,73.1,1
6699.3,76.1,1
6704.4,71.4,1
6704.5,92.1,1
6704.6,85.2,1
6704.7,81.0,1
6704.7,87.6,1
6709.8,74.5,1
6709.9,119.0,1
6710.0,76.3,1
6710.2,140.5,1
6710.3,133.9,1
6715.4,144.9,1
6715.6,143.9,1
6715.7,148.1,1
6715.8,71.8,1
6715.9,88.6,1
6721.1,148.5,1
6721.2,139.8,1
6721.3,83.2,1
6721.4,100.3,1
6721.5,105.3,1
6726.6,119.7,1
6726.7,92.4,1
6726.8,92.1,1
6726.9,143.6,1
6727.1,124.2,1
6732.2,98.7,1
6732.3,113.1,1
6732.3,70.5,1
6732.5,145.8,1
6732.6,103.5,1
6737.7,94.8,1
6737.8,127.3,1
6737.9,102.7,1
6738.0,97.4,1
6738.1,100.1,1
6743.2,111.6,1
6743.4,121.3,1
6743.4,78.5,1
6743.5,92.3,1
6743.6,90.2,1
6748.7,75.0,1
6748.8,149.0,1
6749.0,120.0,1
6749.0,73.4,1
6749.1,106.0,1
6754.3,146.8,1
6754.4,90.8,1
6754.5,146.7,1
6754.6,72.7,1
6754.7,74.5,1
6759.8,81.9,1
6759.9,99.4,1
6760.0,107.8,1
6760.1,117.0,1
6760.2,114.6,1
6765.4,147.0,1
6765.4,68.9,1
6765.5,115.7,1
6765.7,135.0,1
6765.8,125.6,1
6771.0,146.3,1
6771.1,110.0,1
6771.2,127.4,1
6771.3,120.3,1
6771.4,96.6,1
6776.6,144.9,1
6776.7,156.3,1
6776.8,97.2,1
6777.0,158.0,1
6777.1,116.4,1
6782.2,87.8,1
6782.3,126.1,1
6782.4,74.8,1
6782.5,74.9,1
6782.6,150.4,1
6787.7,83.6,1
6787.8,72.8,1
6787.9,133.6,1
6788.0,114.7,1
6788.1,123.9,1
6793.2,71.3,1
6793.3,74.5,1
6793.4,71.3,1
6793.5,106.1,1
6793.6,128.0,1
6798.7,131.2,1
6798.8,115.1,1
6798.9,95.7,1
6799.1,110.0,1
6799.2,126.1,1
6804.3,111.2,1
6804.4,71.9,1
6804.5,116.1,1
6804.6,137.3,1
6804.7,74.4,1
6809.8,84.6,1
6809.9,117.5,1
6810.0,122.4,1
6810.1,118.7,1
6810.3,149.3,1
6815.4,108.4,1
6815.5,122.5,1
6815.6,122.9,1
6815.8,129.4,1
6815.9,97.2,1
6821.0,144.1,1
6821.1,84.9,1
6821.2,78.3,1
6821.3,132.9,1
6821.5,134.4,1
6826.6,142.8,1
6826.7,145.4,1
6826.9,115.7,1
6827.0,92.6,1
6827.1,131.1,1
6832.2,95.1,1
6832.3,120.0,1
6832.4,88.0,1
6832.5,120.6,1
6832.6,97.0,1
6837.7,74.8,1
6837.8,139.6,1
6838.0,122.4,1
6838.1,112.9,1
6838.2,107.7,1
6843.3,125.7,1
6843.4,117.6,1
6843.5,124.8,1
6843.7,137.6,1
6843.8,145.1,1
6849.0,128.4,1
6849.1,115.8,1
6849.2,141.9,1
6849.3,111.9,1
6849.4,115.3,1
6854.5,95.9,1
6854.7,116.2,1
6854.8,115.5,1
6854.9,107.7,1
6855.0,124.2,1
6860.2,148.5,1
6860.3,171.7,1
6860.5,137.5,1
6860.6,168.6,1
6860.8,205.7,1
6866.0,99.8,1
6866.1,112.7,1
6866.2,145.8,1
6866.3,132.0,1
6866.5,136.4,1
6871.6,84.1,1
6871.7,125.5,1
6871.8,120.1,1
6871.9,123.9,1
6872.1,151.0,1
6877.2,101.2,1
6877.3,69.4,1
6877.3,70.7,1
6877.4,110.7,1
6877.6,124.0,1
6882.7,136.5,1
6882.8,126.2,1
6883.0,145.6,1
6883.1,118.0,1
6883.2,145.2,1
6888.4,142.3,1
6888.5,92.4,1
6888.6,108.2,1
6888.7,124.6,1
6888.8,92.5,1
6893.9,129.9,1
6894.1,148.8,1
6894.2,132.0,1
6894.3,114.6,1
6894.4,102.7,1
6899.6,120.5,1
6899.7,100.7,1
6899.8,136.7,1
6899.9,112.1,1
6900.1,142.0,1
6905.2,93.6,1
6905.3,141.9,1
6905.4,124.7,1
6905.6,149.5,1
6905.7,98.3,1
6910.8,100.8,1
6910.9,107.5,1
6911.0,108.6,1
6911.1,136.2,1
6911.3,134.8,1
6916.4,143.9,1
6916.5,133.3,1
6916.7,122.1,1
6916.8,122.3,1
6916.9,136.9,1
6922.1,140.2,1
6922.2,120.3,1
6922.3,116.6,1
6922.4,72.8,1
6922.5,111.3,1
6927.6,100.3,1
6927.7,142.1,1
6927.9,118.0,1
6928.0,109.8,1
6928.1,124.0,1
6933.2,147.9,1
6933.4,123.4,1
6933.5,122.8,1
6933.6,131.9,1
6933.8,144.2,1
6938.9,155.8,1
6939.1,184.4,1
6939.3,158.6,1
6939.4,123.1,1
6939.5,127.6,1
6944.7,122.8,1
6944.8,159.2,1
6945.0,166.3,1
6945.1,159.5,1
6945.3,152.4,1
6950.4,131.1,1
6950.6,157.9,1
6950.7,145.1,1
6950.9,133.9,1
6951.0,159.8,1
6956.2,131.8,1
6956.3,153.9,1
6956.5,159.0,1
6956.6,172.9,1
6956.8,134.4,1
6961.9,153.8,1
6962.1,149.8,1
6962.2,155.5,1
6962.4,147.0,1
6962.6,157.7,1
6967.6,79.6,1
6967.7,80.2,1
6967.8,122.9,1
6967.9,95.7,1
6968.0,93.4,1
6973.2,118.3,1
6973.3,109.1,1
6973.4,138.0,1
6973.5,137.3,1
6973.6,111.9,1
6978.8,138.7,1
6978.9,127.2,1
6979.0,119.7,1
6979.2,152.0,1
6979.3,160.7,1
6984.5,145.4,1
6984.6,120.2,1
6984.8,137.6,1
6984.9,128.7,1
6985.0,159.0,1
6990.2,125.8,1
6990.3,123.8,1
6990.5,157.9,1
6990.7,203.9,1
6990.8,165.8,1
6995.9,90.4,1
6996.1,149.7,1
6996.2,137.2,1
6996.4,148.1,1
6996.5,139.4,1
7001.6,122.8,1
7001.7,123.0,1
7001.9,123.4,1
7002.0,169.0,1
7002.2,163.3,1
7007.4,144.8,1
7007.5,138.7,1
7007.6,139.5,1
7007.8,134.4,1
7008.0,249.9,1
7013.1,108.6,1
7013.3,127.0,1
7013.3,77.1,1
7013.5,128.3,1
7013.6,125.4,1
7018.7,150.9,1
7018.9,134.5,1
7019.0,130.2,1
7019.1,112.2,1
7019.2,116.9,1
7024.4,167.4,1
7024.7,256.1,1
7024.9,192.5,1
7025.1,244.1,1
7025.4,250.3,1
7030.5,118.5,1
7030.6,142.3,1
7030.8,138.1,1
7030.9,146.9,1
7031.0,147.6,1
7036.2,153.3,1
7036.4,164.1,1
7036.5,164.7,1
7036.7,169.4,1
7036.9,222.7,1
7042.1,131.3,1
7042.2,120.2,1
7042.3,120.2,1
7042.4,133.3,1
7042.6,128.7,1
7047.7,144.5,1
7047.8,117.9,1
7048.0,137.1,1
7048.1,111.7,1
7048.2,144.8,1
7053.4,139.1,1
7053.5,143.1,1
7053.6,126.3,1
7053.8,125.6,1
7053.9,125.8,1
7059.0,142.8,1
7059.2,120.9,1
7059.3,98.7,1
7059.4,131.7,1
7059.5,141.0,1
7064.6,111.0,1
7064.8,127.6,1
7064.9,106.1,1
7065.0,132.6,1
7065.1,81.2,1
7070.3,152.5,1
7070.3,71.9,1
7070.5,151.8,1
7070.6,80.4,1
7070.7,143.7,1
7075.8,137.2,1
7076.0,142.5,1
7076.1,143.7,1
7076.3,141.4,1
7076.4,143.7,1
7081.6,135.0,1
7081.7,120.5,1
7081.8,130.8,1
7081.9,134.9,1
7082.1,139.5,1
7087.2,155.7,1
7087.4,180.1,1
7087.6,145.6,1
7087.7,107.8,1
7087.8,143.9,1
7093.0,142.6,1
7093.1,140.0,1
7093.3,172.7,1
7093.4,148.2,1
7093.5,108.8,1
7098.7,146.2,1
7098.9,201.7,1
7099.1,191.8,1
7099.3,185.7,1
7099.4,123.3,1
7104.5,117.3,1
7104.6,93.9,1
7104.7,79.6,1
7104.8,88.2,1
7104.9,89.9,1
7110.0,129.4,1
7110.1,95.5,1
7110.2,144.8,1
7110.4,146.7,1
7110.5,122.9,1
7115.6,134.9,1
7115.8,160.2,1
7116.0,199.2,1
7116.2,167.3,1
7116.3,130.1,1
7121.4,127.1,1
7121.6,144.7,1
7121.7,166.6,1
7121.9,149.6,1
7122.0,148.0,1
7127.2,145.9,1
7127.3,137.6,1
7127.5,167.2,1
7127.6,133.8,1
7127.8,133.1,1
7132.9,130.0,1
7133.0,109.7,1
7133.2,153.2,1
7133.4,211.5,1
7133.5,127.1,1
7138.6,112.1,1
7138.8,145.0,1
7139.0,206.9,1
7139.2,191.7,1
7139.4,241.1,1
7144.5,120.2,1
7144.6,112.1,1
7144.8,125.3,1
7144.9,143.9,1
7145.0,131.4,1
7150.2,115.7,1
7150.3,118.0,1
7150.4,113.0,1
7150.5,140.7,1
7150.6,91.3,1
7155.8,179.8,1
7156.0,211.8,1
7156.2,179.6,1
7156.4,168.2,1
7156.5,165.1,1
7161.7,122.9,1
7161.8,164.3,1
7162.0,178.1,1
7162.2,190.1,1
7162.3,150.9,1
7167.5,121.4,1
7167.6,132.0,1
7167.8,153.5,1
7167.9,148.3,1
7168.1,155.7,1
7173.2,148.9,1
7173.4,183.3,1
7173.6,176.9,1
7173.8,188.2,1
7174.0,189.2,1
7179.1,163.5,1
7179.3,153.4,1
7179.4,157.7,1
7179.6,126.5,1
7179.7,159.2,1
7184.8,126.2,1
7185.0,142.7,1
7185.1,149.5,1
7185.3,134.5,1
7185.4,110.8,1
7190.5,110.1,1
7190.6,110.0,1
7190.8,142.3,1
7190.9,129.1,1
7191.0,155.2,1
7196.2,123.6,1
7196.3,141.0,1
7196.4,110.0,1
7196.5,118.3,1
7196.7,133.0,1
7201.8,120.6,1
7202.0,162.0,1
7202.1,123.8,1
7202.2,126.9,1
7202.3,118.4,1
7207.4,114.1,1
7207.6,122.2,1
7207.7,140.5,1
7207.9,156.5,1
7208.0,153.6,1
7213.2,154.0,1
7213.3,147.5,1
7213.4,119.1,1
7213.6,122.7,1
7213.7,141.4,1
7218.8,105.6,1
7219.0,156.8,1
7219.1,174.0,1
7219.3,172.0,1
7219.5,153.1,1
7224.6,121.3,1
7224.7,115.2,1
7224.9,143.2,1
7225.0,172.5,1
7225.2,165.0,1
7230.3,146.1,1
7230.5,129.2,1
7230.6,121.8,1
7230.7,144.2,1
7230.9,157.7,1
7236.0,107.6,1
7236.1,131.5,1
7236.3,142.2,1
7236.4,107.1,1
7236.5,107.7,1
7241.6,103.1,1
7241.7,107.3,1
7241.8,94.0,1
7241.9,121.9,1
7242.0,112.5,1
7247.2,142.9,1
7247.3,129.3,1
7247.4,118.3,1
7247.6,135.9,1
7247.7,149.5,1
7252.9,134.1,1
7253.0,131.7,1
7253.1,149.4,1
7253.3,157.2,1
7253.4,111.2,1
7258.5,119.4,1
7258.6,117.4,1
7258.8,147.7,1
7258.9,143.7,1
7259.1,129.7,1
7264.2,148.9,1
7264.4,133.8,1
7264.5,159.1,1
7264.6,130.9,1
7264.8,121.5,1
7269.9,176.7,1
7270.1,147.3,1
7270.2,144.9,1
7270.4,123.7,1
7270.5,122.5,1
7275.6,111.8,1
7275.7,144.6,1
7275.9,122.6,1
7276.0,152.2,1
7276.1,124.4,1
7281.3,129.5,1
7281.4,114.1,1
7281.5,87.2,1
7281.6,132.0,1
7281.7,86.0,1
7286.8,105.1,1
7286.9,110.1,1
7287.0,112.9,1
7287.1,88.8,1
7287.2,77.9,1
7292.3,120.0,1
7292.5,165.6,1
7292.6,140.2,1
7292.8,133.3,1
7292.9,138.1,1
7298.1,156.4,1
7298.3,241.0,1
7298.5,227.5,1
7298.7,166.8,1
7298.8,145.2,1
7304.0,174.9,1
7304.2,134.1,1
7304.4,262.6,1
7304.6,185.8,1
7304.8,161.3,1
7309.9,153.6,1
7310.1,162.7,1
7310.2,155.3,1
7310.4,147.1,1
7310.5,116.5,1
7315.6,118.7,1
7315.8,135.4,1
7315.9,134.4,1
7316.1,168.0,1
7316.2,115.8,1
7321.4,164.1,1
7321.5,129.1,1
7321.7,250.9,1
7322.0,269.0,1
7322.2,174.8,1
7327.3,103.4,1
7327.4,138.9,1
7327.5,88.2,1
7327.6,92.8,1
7327.7,111.8,1
7332.8,84.7,1
7332.9,105.0,1
7333.1,137.8,1
7333.2,113.4,1
7333.3,114.5,1
7338.4,146.5,1
7338.6,129.7,1
7338.7,141.9,1
7338.9,226.3,1
7339.1,213.9,1
7344.3,132.7,1
7344.4,96.5,1
7344.5,144.0,1
7344.7,134.1,1
7344.8,125.7,1
7349.9,148.6,1
7350.1,135.5,1
7350.2,127.3,1
7350.3,145.7,1
7350.5,126.3,1
7355.6,136.3,1
7355.8,156.2,1
7356.0,193.7,1
7356.1,177.2,1
7356.3,120.9,1
7361.4,143.1,1
7361.5,122.1,1
7361.7,150.0,1
7361.8,126.0,1
7361.9,136.3,1
7367.1,120.6,1
7367.2,121.9,1
7367.3,144.6,1
7367.5,151.4,1
7367.6,128.8,1
7372.7,101.9,1
7372.9,139.9,1
7373.0,139.3,1
7373.1,131.2,1
7373.2,90.4,1
7378.3,116.3,1
7378.5,132.8,1
7378.6,112.5,1
7378.7,73.9,1
7378.7,80.6,1
7383.9,137.6,1
7384.0,109.1,1
7384.1,123.0,1
7384.3,132.7,1
7384.4,122.6,1
7389.5,109.0,1
7389.6,132.1,1
7389.7,107.1,1
7389.8,74.5,1
7389.9,142.8,1
7395.1,112.9,1
7395.2,119.3,1
7395.3,128.6,1
7395.4,124.0,1
7395.5,96.5,1
7400.7,121.1,1
7400.8,121.4,1
7400.9,127.5,1
7401.0,121.4,1
7401.1,120.6,1
7406.2,72.4,1
7406.3,124.0,1
7406.4,81.0,1
7406.6,120.7,1
7406.7,149.1,1
7411.8,83.6,1
7411.9,149.3,1
7412.1,127.5,1
7412.1,76.6,1
7412.3,142.4,1
7417.4,142.1,1
7417.5,72.5,1
7417.6,80.5,1
7417.7,85.6,1
7417.7,76.4,1
7422.8,76.2,1
7422.9,77.7,1
7423.0,75.4,1
7423.1,73.3,1
7423.1,81.2,1
7428.3,135.5,1
7428.4,112.2,1
7428.5,111.7,1
7428.6,120.6,1
7428.7,103.0,1
7433.8,121.0,1
7434.0,120.9,1
7434.1,127.1,1
7434.2,146.1,1
7434.4,127.2,1
7439.4,75.7,1
7439.6,146.3,1
7439.7,95.1,1
7439.8,111.4,1
7439.9,144.6,1
7445.1,122.2,1
7445.2,121.5,1
7445.3,119.5,1
7445.5,144.4,1
7445.6,129.8,1
7450.7,119.0,1
7450.8,98.8,1
7450.9,129.8,1
7451.1,151.4,1
7451.2,73.3,1
7456.3,137.3,1
7456.4,97.2,1
7456.5,125.0,1
7456.6,97.4,1
7456.7,98.4,1
7461.8,92.1,1
7461.9,92.9,1
7462.0,79.7,1
7462.1,94.0,1
7462.2,96.9,1
7467.3,89.7,1
7467.4,90.7,1
7467.4,77.0,1
7467.5,84.4,1
7467.6,112.0,1
7472.7,74.2,1
7472.9,139.2,1
7473.0,149.0,1
7473.1,84.3,1
7473.2,127.8,1
7478.3,85.8,1
7478.4,117.0,1
7478.5,92.5,1
7478.6,119.3,1
7478.8,123.2,1
7483.8,76.9,1
7484.0,127.7,1
7484.1,113.9,1
7484.2,137.8,1
7484.3,119.5,1
7489.4,81.8,1
7489.5,104.1,1
7489.6,96.3,1
7489.7,109.8,1
7489.9,118.0,1
7495.0,145.9,1
7495.1,123.6,1
7495.3,123.8,1
7495.4,120.4,1
7495.5,140.4,1
7500.6,126.4,1
7500.8,154.3,1
7500.9,139.4,1
7501.1,142.6,1
7501.2,160.3,1
7506.3,89.5,1
7506.4,84.6,1
7506.5,109.5,1
7506.6,70.8,1
7506.7,75.0,1
7511.8,76.9,1
7511.9,95.6,1
7511.9,80.4,1
7512.0,104.3,1
7512.1,70.0,1
7517.2,112.0,1
7517.4,155.8,1
7517.5,104.7,1
7517.6,138.4,1
7517.8,136.3,1
7522.9,118.7,1
7523.0,145.5,1
7523.2,148.8,1
7523.3,121.2,1
7523.4,102.1,1
7528.5,122.8,1
7528.7,128.7,1
7528.8,92.3,1
7528.8,76.2,1
7529.0,153.4,1
7534.2,166.6,1
7534.3,150.8,1
7534.4,140.9,1
7534.6,139.4,1
7534.7,136.5,1
7539.8,111.5,1
7540.0,116.4,1
7540.1,150.3,1
7540.2,99.6,1
7540.4,147.3,1
7545.5,122.1,1
7545.6,87.3,1
7545.7,137.8,1
7545.8,115.9,1
7546.0,149.8,1
7551.1,117.9,1
7551.2,141.1,1
7551.3,108.0,1
7551.4,73.7,1
7551.5,72.4,1
7556.6,77.5,1
7556.7,77.4,1
7556.8,117.2,1
7556.9,128.0,1
7557.0,123.4,1
7562.2,127.9,1
7562.2,83.6,1
7562.4,141.1,1
7562.5,90.0,1
7562.6,147.8,1
7567.7,118.6,1
7567.9,137.7,1
7568.0,122.8,1
7568.1,121.4,1
7568.3,163.5,1
7573.4,100.9,1
7573.5,79.2,1
7573.6,135.0,1
7573.7,107.4,1
7573.8,87.1,1
7578.9,114.4,1
7579.0,126.2,1
7579.2,111.5,1
7579.3,140.3,1
7579.4,121.2,1
7584.6,131.4,1
7584.7,121.6,1
7584.8,120.9,1
7584.9,88.1,1
7585.0,114.5,1
7590.1,102.8,1
7590.2,131.4,1
7590.3,99.1,1
7590.4,77.5,1
7590.5,119.5,1
7595.7,134.8,1
7595.8,114.1,1
7595.9,91.5,1
7596.0,112.4,1
7596.1,105.2,1
7601.2,86.8,1
7601.3,115.2,1
7601.4,134.8,1
7601.5,95.7,1
7601.6,73.0,1
7606.8,145.9,1
7606.9,137.4,1
7607.0,126.1,1
7607.1,101.8,1
7607.2,116.8,1
7612.3,84.5,1
7612.4,111.7,1
7612.5,95.8,1
7612.6,76.3,1
7612.7,128.1,1
7617.8,78.3,1
7618.0,134.5,1
7618.0,78.3,1
7618.2,118.2,1
7618.3,108.6,1
7623.4,115.6,1
7623.5,103.5,1
7623.6,123.5,1
7623.7,109.6,1
7623.8,127.6,1
7629.0,108.3,1
7629.1,114.0,1
7629.2,113.7,1
7629.3,124.1,1
7629.5,146.8,1
7634.6,134.8,1
7634.7,115.5,1
7634.8,133.8,1
7634.9,105.4,1
7635.1,116.7,1
7640.1,74.8,1
7640.3,105.4,1
7640.3,81.3,1
7640.4,82.1,1
7640.5,92.7,1
7645.6,79.4,1
7645.7,119.7,1
7645.8,99.4,1
7645.9,111.2,1
7646.1,135.7,1
7651.2,127.1,1
7651.3,97.7,1
7651.4,129.2,1
7651.6,141.0,1
7651.7,120.2,1
7656.8,127.7,1
7656.9,125.3,1
7657.0,107.6,1
7657.2,120.4,1
7657.3,118.7,1
7662.4,125.8,1
7662.6,145.7,1
7662.7,147.2,1
7662.8,132.9,1
7662.9,99.9,1
7668.0,95.9,1
7668.2,125.7,1
7668.3,88.0,1
7668.3,85.2,1
7668.5,145.1,1
7673.6,122.0,1
7673.7,120.3,1
7673.8,120.2,1
7674.0,141.9,1
7674.1,140.7,1
7679.3,138.3,1
7679.4,79.2,1
7679.4,97.0,1
7679.6,129.9,1
7679.7,134.4,1
7684.8,127.6,1
7685.0,142.6,1
7685.1,97.3,1
7685.2,100.2,1
7685.3,73.0,1
7690.4,99.3,1
7690.5,96.3,1
7690.6,101.5,1
7690.7,116.1,1
7690.8,108.8,1
7696.0,160.9,1
7696.1,124.8,1
7696.3,176.4,1
7696.4,141.4,1
7696.5,151.1,1
7701.6,72.7,1
7701.7,108.3,1
7701.8,85.3,1
7701.9,126.7,1
7702.1,140.1,1
7707.2,77.3,1
7707.3,100.6,1
7707.4,120.1,1
7707.5,148.3,1
7707.7,142.6,1
7712.8,133.5,1
7713.0,148.8,1
7713.1,164.3,1
7713.3,164.8,1
7713.4,150.1,1
7718.6,134.1,1
7718.7,80.5,1
7718.8,118.9,1
7718.9,137.7,1
7719.0,105.9,1
7724.1,117.3,1
7724.3,145.5,1
7724.4,84.6,1
7724.5,142.4,1
7724.7,135.5,1
7729.8,119.1,1
7729.9,113.2,1
7730.0,101.5,1
7730.1,80.3,1
7730.2,80.8,1
7735.3,95.0,1
7735.4,95.6,1
7735.4,99.3,1
7735.6,140.1,1
7735.7,135.5,1
7740.8,103.2,1
7740.9,113.6,1
7741.1,137.8,1
7741.2,100.2,1
7741.3,122.4,1
7746.4,119.2,1
7746.5,117.6,1
7746.7,149.9,1
7746.8,110.7,1
7746.9,118.4,1
7752.0,95.8,1
7752.1,104.3,1
7752.3,124.7,1
7752.4,121.7,1
7752.5,119.2,1
7757.6,129.7,1
7757.7,91.7,1
7757.8,115.6,1
7758.0,149.2,1
7758.1,124.4,1
7763.2,116.7,1
7763.3,71.9,1
7763.4,86.6,1
7763.5,102.9,1
7763.6,91.8,1
7768.7,103.6,1
7768.8,98.2,1
7768.9,121.9,1
7769.0,114.1,1
7769.1,116.3,1
7774.3,133.5,1
7774.4,87.7,1
7774.5,100.0,1
7774.6,81.8,1
7774.7,132.5,1
7779.8,71.6,1
7779.8,74.6,1
7780.0,132.7,1
7780.1,111.2,1
7780.2,126.6,1
7785.3,118.3,1
7785.5,141.3,1
7785.6,101.9,1
7785.7,110.9,1
7785.8,111.7,1
7790.9,95.5,1
7791.0,117.0,1
7791.2,152.7,1
7791.3,112.2,1
7791.4,144.3,1
7796.5,74.9,1
7796.6,101.2,1
7796.7,136.6,1
7796.9,147.9,1
7797.0,126.8,1
7802.1,127.7,1
7802.3,127.4,1
7802.4,116.0,1
7802.5,118.0,1
7802.6,133.8,1
7807.8,121.4,1
7807.9,127.9,1
7808.0,117.0,1
7808.2,141.5,1
7808.3,114.5,1
7813.4,119.2,1
7813.5,79.6,1
7813.6,143.5,1
7813.8,135.0,1
7813.9,130.9,1
7819.0,80.1,1
7819.1,142.3,1
7819.2,107.8,1
7819.4,128.8,1
7819.4,70.9,1
7824.5,89.5,1
7824.6,117.4,1
7824.7,73.3,1
7824.8,134.2,1
7824.9,99.7,1
7830.1,114.6,1
7830.2,118.8,1
7830.3,127.1,1
7830.4,130.5,1
7830.6,129.8,1
7835.7,81.6,1
7835.8,110.7,1
7835.9,147.6,1
7836.0,102.5,1
7836.2,154.6,1
7841.3,124.5,1
7841.4,122.3,1
7841.6,135.7,1
7841.7,129.3,1
7841.8,127.3,1
7847.0,146.2,1
7847.1,142.1,1
7847.2,105.8,1
7847.3,137.2,1
7847.4,92.9,1
7852.6,107.3,1
7852.6,96.2,1
7852.8,145.4,1
7852.9,126.3,1
7853.1,143.9,1
7858.2,136.3,1
7858.3,98.5,1
7858.4,125.9,1
7858.6,123.7,1
7858.7,160.4,1
7863.8,84.4,1
7863.9,124.9,1
7864.0,79.9,1
7864.1,72.6,1
7864.2,106.2,1
7869.3,71.1,1
7869.3,73.7,1
7869.4,82.2,1
7869.5,71.7,1
7869.6,101.6,1
7874.7,75.8,1
7874.8,82.6,1
7874.9,101.7,1
7875.0,156.5,1
7875.2,166.6,1
7880.3,120.2,1
7880.4,123.4,1
7880.6,140.7,1
7880.7,112.8,1
7880.8,126.7,1
7885.9,78.9,1
7886.0,139.4,1
7886.2,134.0,1
7886.3,146.9,1
7886.4,117.0,1
7891.6,151.1,1
7891.7,148.0,1
7891.9,161.1,1
7892.1,163.2,1
7892.2,170.1,1
7897.4,145.3,1
7897.5,114.8,1
7897.6,146.0,1
7897.8,157.8,1
7898.0,167.7,1
7903.1,86.7,1
7903.2,144.3,1
7903.3,122.5,1
7903.4,110.0,1
7903.5,94.4,1
7908.6,82.9,1
7908.7,101.8,1
7908.9,138.0,1
7908.9,80.7,1
7909.1,127.8,1
7914.2,108.8,1
7914.3,82.4,1
7914.4,96.8,1
7914.5,98.0,1
7914.5,74.6,1
7919.6,97.5,1
7919.7,72.6,1
7919.8,110.3,1
7919.9,113.2,1
7920.0,107.6,1
7925.2,119.0,1
7925.3,98.0,1
7925.4,125.7,1
7925.5,93.6,1
7925.6,99.1,1
7930.7,87.3,1
7930.8,147.1,1
7930.9,118.2,1
7931.1,138.3,1
7931.2,126.4,1
7936.3,112.4,1
7936.4,97.1,1
7936.5,121.0,1
7936.6,120.6,1
7936.8,132.3,1
7941.9,142.1,1
7942.0,86.5,1
7942.1,136.4,1
7942.3,129.4,1
7942.4,129.0,1
7947.5,125.7,1
7947.6,101.7,1
7947.7,72.4,1
7947.8,102.2,1
7947.9,92.3,1
7953.0,87.5,1
7953.1,123.8,1
7953.3,129.6,1
7953.3,70.4,1
7953.4,77.9,1
7958.5,103.8,1
7958.6,119.8,1
7958.8,128.7,1
7958.9,101.1,1
7959.0,119.5,1
7964.1,114.1,1
7964.2,75.3,1
7964.3,106.3,1
7964.3,70.2,1
7964.5,144.1,1
7969.6,119.0,1
7969.7,81.7,1
7969.8,99.6,1
7969.9,119.2,1
7970.0,80.5,1
7975.1,105.7,1
7975.2,137.3,1
7975.4,139.2,1
7975.5,137.1,1
7975.7,136.0,1
7980.8,135.7,1
7980.9,102.7,1
7981.0,107.5,1
7981.1,135.6,1
7981.3,146.7,1
7986.4,142.4,1
7986.5,108.0,1
7986.7,129.0,1
7986.8,139.1,1
7986.9,121.0,1
7992.1,139.8,1
7992.2,96.6,1
7992.3,125.3,1
7992.4,128.0,1
7992.5,118.0,1
7997.6,78.6,1
7997.7,75.6,1
7997.8,117.1,1
7998.0,156.0,1
7998.1,132.3,1
8003.2,104.4,1
8003.3,119.8,1
8003.4,89.0,1
8003.5,112.3,1
8003.6,70.7,1
8008.7,85.4,1
8008.8,90.4,1
8008.9,78.4,1
8008.9,81.3,1
8009.1,115.2,1
8014.2,136.3,1
8014.3,117.9,1
8014.4,118.6,1
8014.6,151.9,1
8014.7,90.5,1
8019.8,139.2,1
8019.9,116.8,1
8020.1,134.0,1
8020.2,139.3,1
8020.3,80.1,1
8025.4,94.5,1
8025.5,89.9,1
8025.6,147.2,1
8025.8,150.3,1
8025.9,122.0,1
8031.0,137.7,1
8031.2,146.3,1
8031.3,112.9,1
8031.4,90.8,1
8031.5,106.1,1
8036.6,123.1,1
8036.7,115.1,1
8036.9,140.1,1
8037.0,110.5,1
8037.1,97.4,1
8042.2,124.5,1
8042.3,75.0,1
8042.4,135.6,1
8042.5,92.2,1
8042.6,74.9,1
8047.7,72.7,1
8047.8,89.2,1
8047.8,73.5,1
8047.9,82.6,1
8048.0,91.7,1
8053.1,77.1,1
8053.2,120.5,1
8053.3,73.1,1
8053.4,104.7,1
8053.5,71.7,1
8058.6,135.7,1
8058.7,129.8,1
8058.9,120.3,1
8059.0,133.8,1
8059.1,96.8,1
8064.2,125.4,1
8064.3,116.1,1
8064.5,122.9,1
8064.6,119.7,1
8064.7,80.5,1
8069.8,150.8,1
8070.0,146.8,1
8070.1,144.5,1
8070.2,145.1,1
8070.4,157.7,1
8075.5,120.8,1
8075.6,83.6,1
8075.8,134.4,1
8075.9,145.5,1
8076.0,149.3,1
8081.2,135.7,1
8081.3,74.8,1
8081.4,90.0,1
8081.5,146.6,1
8081.6,92.6,1
8086.8,160.4,1
8086.9,130.0,1
8087.1,167.7,1
8087.2,140.0,1
8087.3,131.8,1
8092.4,74.5,1
8092.5,99.4,1
8092.7,148.0,1
8092.8,120.8,1
8092.8,73.4,1
8098.0,128.4,1
8098.1,98.1,1
8098.1,73.0,1
8098.3,137.8,1
8098.4,87.9,1
8103.5,119.8,1
8103.6,137.8,1
8103.8,143.7,1
8103.9,152.8,1
8104.1,156.2,1
8109.2,146.6,1
8109.3,106.7,1
8109.5,109.4,1
8109.6,137.6,1
8109.7,141.1,1
8114.8,101.3,1
8115.0,134.3,1
8115.1,98.4,1
8115.2,75.3,1
8115.2,94.9,1
8120.4,145.0,1
8120.5,126.2,1
8120.7,131.4,1
8120.7,91.2,1
8120.9,143.7,1
8126.0,141.2,1
8126.1,112.2,1
8126.3,125.3,1
8126.4,118.6,1
8126.5,141.4,1
8131.6,71.4,1
8131.7,78.3,1
8131.8,85.9,1
8131.9,107.4,1
8132.0,137.2,1
8137.1,107.3,1
8137.2,92.9,1
8137.3,70.9,1
8137.4,74.0,1
8137.4,76.0,1
8142.5,97.0,1
8142.7,146.2,1
8142.8,120.1,1
8142.9,144.3,1
8143.0,71.1,1
8148.1,108.5,1
8148.3,147.5,1
8148.4,92.4,1
8148.5,139.0,1
8148.7,140.8,1
8153.8,120.5,1
8153.9,129.0,1
8154.1,148.7,1
8154.2,118.8,1
8154.3,115.6,1
8159.4,100.7,1
8159.5,102.6,1
8159.7,152.7,1
8159.8,118.5,1
8159.9,146.7,1
8165.0,79.1,1
8165.1,141.7,1
8165.3,142.0,1
8165.4,139.2,1
8165.5,115.0,1
8170.7,126.2,1
8170.8,124.0,1
8170.9,124.8,1
8171.0,99.1,1
8171.1,127.5,1
8176.2,74.1,1
8176.3,110.3,1
8176.5,133.3,1
8176.6,125.8,1
8176.7,132.2,1
8181.8,73.8,1
8181.9,82.8,1
8182.0,151.3,1
8182.2,122.3,1
8182.3,125.4,1
8187.4,72.9,1
8187.4,72.3,1
8187.6,122.3,1
8187.6,88.2,1
8187.8,137.5,1
8192.9,119.9,1
8193.0,122.2,1
8193.1,117.7,1
8193.3,117.7,1
8193.3,78.6,1
8198.5,120.8,1
8198.6,141.7,1
8198.7,101.0,1
8198.9,141.2,1
8199.0,126.3,1
8204.1,96.7,1
8204.2,87.5,1
8204.3,112.2,1
8204.4,163.5,1
8204.6,104.5,1
8209.7,150.7,1
8209.8,92.3,1
8209.9,114.3,1
8210.0,113.9,1
8210.2,126.2,1
8215.2,74.3,1
8215.3,78.2,1
8215.5,141.0,1
8215.5,91.0,1
8215.7,139.0,1
8220.8,83.0,1
8220.9,131.4,1
8221.0,118.8,1
8221.1,118.1,1
8221.3,120.8,1
8226.3,72.4,1
8226.4,81.3,1
8226.5,86.7,1
8226.6,89.4,1
8226.7,88.6,1
8231.8,94.8,1
8231.9,78.0,1
8232.0,125.5,1
8232.1,103.0,1
8232.2,126.1,1
8237.4,128.5,1
8237.5,151.1,1
8237.6,111.2,1
8237.7,131.9,1
8237.9,125.9,1
8243.0,130.5,1
8243.2,163.7,1
8243.3,119.9,1
8243.4,146.7,1
8243.6,128.4,1
8248.7,142.3,1
8248.9,156.3,1
8249.1,179.7,1
8249.2,185.5,1
8249.4,152.8,1
8254.5,126.3,1
8254.7,147.5,1
8254.7,76.8,1
8254.8,74.6,1
8254.9,78.4,1
8260.0,94.7,1
8260.1,100.5,1
8260.2,133.8,1
8260.4,126.7,1
8260.5,138.1,1
8265.6,138.2,1
8265.8,134.6,1
8265.9,163.9,1
8266.1,158.4,1
8266.3,166.7,1
8271.3,78.4,1
8271.5,143.7,1
8271.6,126.6,1
8271.7,96.7,1
8271.8,118.7,1
8276.9,85.4,1
8277.0,110.9,1
8277.1,75.5,1
8277.2,73.7,1
8277.3,78.4,1
8282.4,110.3,1
8282.5,146.2,1
8282.7,179.2,1
8282.8,126.5,1
8283.0,161.0,1
8288.1,121.1,1
8288.2,110.3,1
8288.3,120.6,1
8288.5,120.8,1
8288.6,125.2,1
8293.7,111.7,1
8293.8,129.7,1
8294.0,143.9,1
8294.1,127.3,1
8294.2,113.5,1
8299.3,125.8,1
8299.5,103.2,1
8299.5,88.6,1
8299.7,150.8,1
8299.8,142.8,1
8305.0,140.6,1
8305.1,94.6,1
8305.2,142.8,1
8305.4,137.9,1
8305.5,125.6,1
8310.6,92.9,1
8310.7,148.4,1
8310.9,145.9,1
8311.0,106.0,1
8311.1,144.4,1
8316.2,72.4,1
8316.3,147.4,1
8316.4,85.6,1
8316.5,72.4,1
8316.6,113.0,1
8321.7,110.5,1
8321.8,72.0,1
8321.9,79.0,1
8322.0,85.1,1
8322.0,73.7,1
8327.2,124.5,1
8327.3,121.6,1
8327.4,101.9,1
8327.5,84.6,1
8327.6,132.9,1
8332.7,118.9,1
8332.8,107.7,1
8333.0,121.0,1
8333.1,142.0,1
8333.3,148.1,1
8338.4,135.9,1
8338.5,135.3,1
8338.7,141.0,1
8338.8,127.8,1
8338.9,139.5,1
8344.1,119.4,1
8344.2,143.2,1
8344.3,119.7,1
8344.4,113.8,1
8344.5,98.4,1
8349.7,141.3,1
8349.8,120.0,1
8349.9,120.4,1
8350.1,139.4,1
8350.2,152.7,1
8355.3,73.8,1
8355.4,74.7,1
8355.5,107.7,1
8355.6,122.3,1
8355.7,104.9,1
8360.8,75.6,1
8360.9,124.1,1
8361.0,130.7,1
8361.2,114.9,1
8361.2,76.7,1
8366.4,120.7,1
8366.5,147.5,1
8366.6,124.5,1
8366.7,72.4,1
8366.8,133.4,1
8372.0,111.3,1
8372.1,112.8,1
8372.2,112.4,1
8372.3,114.4,1
8372.4,126.5,1
8377.6,136.4,1
8377.7,126.1,1
8377.8,126.0,1
8378.0,145.4,1
8378.1,139.2,1
8383.2,135.3,1
8383.3,96.0,1
8383.4,111.7,1
8383.5,94.4,1
8383.6,72.6,1
8388.7,118.3,1
8388.8,113.6,1
8388.9,93.2,1
8389.1,137.4,1
8389.2,137.7,1
8394.3,105.7,1
8394.4,119.5,1
8394.6,122.0,1
8394.7,114.5,1
8394.8,111.1,1
8399.9,146.6,1
8400.1,122.6,1
8400.2,124.6,1
8400.3,111.4,1
8400.4,136.4,1
8405.6,147.1,1
8405.7,115.3,1
8405.8,108.4,1
8405.9,90.9,1
8406.0,96.9,1
8411.1,77.4,1
8411.2,81.5,1
8411.2,71.6,1
8411.3,102.2,1
8411.4,72.2,1
8416.6,139.6,1
8416.7,125.5,1
8416.8,121.1,1
8416.9,144.6,1
8417.1,129.2,1
8422.2,80.4,1
8422.3,128.8,1
8422.4,136.3,1
8422.6,131.5,1
8422.7,119.4,1
8427.8,125.6,1
8427.9,138.5,1
8428.1,156.0,1
8428.2,136.4,1
8428.4,153.0,1
8433.5,123.9,1
8433.6,111.3,1
8433.8,135.0,1
8433.9,120.6,1
8434.0,155.9,1
8439.2,126.7,1
8439.3,107.6,1
8439.4,148.5,1
8439.5,117.2,1
8439.7,108.4,1
8444.8,144.5,1
8445.0,171.5,1
8445.1,153.2,1
8445.3,153.0,1
8445.4,125.6,1
8450.5,113.9,1
8450.6,87.0,1
8450.7,79.0,1
8450.8,76.0,1
8450.9,115.3,1
8456.0,74.5,1
8456.0,75.9,1
8456.1,76.5,1
8456.2,113.5,1
8456.3,90.6,1
8461.4,122.2,1
8461.6,141.8,1
8461.7,126.5,1
8461.8,119.1,1
8461.9,104.2,1
8467.1,115.7,1
8467.2,120.6,1
8467.3,119.6,1
8467.4,86.2,1
8467.5,93.4,1
8472.6,142.0,1
8472.8,123.4,1
8472.9,128.8,1
8473.0,104.1,1
8473.1,117.5,1
8478.2,135.8,1
8478.4,122.7,1
8478.5,148.3,1
8478.7,137.1,1
8478.8,105.2,1
8483.9,119.9,1
8484.0,139.2,1
8484.2,143.4,1
8484.3,97.0,1
8484.4,117.3,1
8489.5,121.2,1
8489.6,138.6,1
8489.8,127.8,1
8489.9,110.8,1
8490.0,113.9,1
8495.1,142.1,1
8495.2,88.0,1
8495.3,117.0,1
8495.4,87.4,1
8495.5,69.8,1
8500.6,84.6,1
8500.7,105.6,1
8500.8,73.5,1
8500.9,105.0,1
8501.0,121.8,1
8506.1,72.6,1
8506.2,111.7,1
8506.3,106.6,1
8506.4,106.6,1
8506.5,137.8,1
8511.7,119.5,1
8511.8,118.0,1
8511.9,126.3,1
8512.0,117.8,1
8512.1,118.4,1
8517.3,133.7,1
8517.4,107.8,1
8517.5,125.6,1
8517.6,87.9,1
8517.7,139.4,1
8522.8,98.0,1
8523.0,129.5,1
8523.1,134.7,1
8523.2,116.1,1
8523.4,127.2,1
8528.4,79.4,1
8528.6,138.1,1
8528.7,132.0,1
8528.8,119.1,1
8529.0,140.6,1
8534.1,117.9,1
8534.2,74.2,1
8534.3,125.6,1
8534.4,110.8,1
8534.5,81.3,1
8539.6,113.5,1
8539.7,124.6,1
8539.9,137.4,1
8540.0,93.2,1
8540.1,113.8,1
8545.2,106.4,1
8545.3,101.6,1
8545.4,73.1,1
8545.4,76.9,1
8545.5,74.0,1
8550.6,122.3,1
8550.7,81.4,1
8550.9,143.7,1
8551.0,103.1,1
8551.1,142.7,1
8556.2,116.3,1
8556.3,101.9,1
8556.4,89.1,1
8556.5,128.9,1
8556.7,115.9,1
8561.8,129.0,1
8561.9,86.9,1
8562.0,94.7,1
8562.1,144.6,1
8562.2,100.1,1
8567.3,73.9,1
8567.4,113.7,1
8567.5,130.5,1
8567.6,105.3,1
8567.7,89.0,1
8572.9,145.2,1
8573.0,104.1,1
8573.1,155.1,1
8573.3,112.2,1
8573.4,124.0,1
8578.5,138.9,1
8578.6,98.3,1
8578.7,119.7,1
8578.9,152.7,1
8579.0,131.1,1
8584.1,92.0,1
8584.2,88.5,1
8584.3,123.3,1
8584.4,81.9,1
8584.5,84.6,1
8589.6,74.6,1
8589.7,86.0,1
8589.8,131.4,1
8589.9,148.4,1
8590.0,96.7,1
8595.2,105.1,1
8595.3,129.6,1
8595.4,145.4,1
8595.5,115.3,1
8595.7,147.2,1
8600.8,112.1,1
8600.9,121.4,1
8601.0,111.3,1
8601.2,140.1,1
8601.3,145.8,1
8606.4,78.2,1
8606.5,104.9,1
8606.7,154.0,1
8606.8,135.6,1
8607.0,159.5,1
8612.1,92.1,1
8612.1,85.5,1
8612.3,123.3,1
8612.4,130.5,1
8612.5,111.3,1
8617.6,72.4,1
8617.7,133.6,1
8617.8,100.5,1
8617.9,108.5,1
8618.0,101.9,1
8623.2,136.8,1
8623.3,151.6,1
8623.5,137.5,1
8623.6,139.0,1
8623.8,155.4,1
8628.9,134.4,1
8629.0,124.2,1
8629.1,114.1,1
8629.2,79.6,1
8629.3,113.3,1
8634.4,89.6,1
8634.5,73.9,1
8634.6,93.7,1
8634.7,87.4,1
8634.8,88.4,1
8639.9,149.4,1
8640.1,155.3,1
8640.2,143.7,1
8640.4,136.7,1
8640.5,144.4,1
8645.6,124.1,1
8645.8,144.8,1
8645.9,155.3,1
8646.0,121.0,1
8646.2,136.9,1
8651.3,113.8,1
8651.4,133.0,1
8651.5,93.8,1
8651.6,111.7,1
8651.7,100.4,1
8656.8,82.3,1
8657.0,127.3,1
8657.1,121.6,1
8657.2,119.3,1
8657.3,106.4,1
8662.4,119.8,1
8662.6,147.7,1
8662.7,142.9,1
8662.8,107.2,1
8663.0,151.9,1
8668.1,138.8,1
8668.2,109.4,1
8668.4,122.2,1
8668.5,130.4,1
8668.6,142.7,1
8673.7,90.5,1
8673.8,89.5,1
8673.9,104.9,1
8674.1,139.3,1
8674.1,78.9,1
8679.2,71.3,1
8679.3,73.8,1
8679.4,73.7,1
8679.4,70.7,1
8679.5,111.6,1
8684.6,73.3,1
8684.7,125.7,1
8684.9,109.9,1
8685.0,151.1,1
8685.1,80.2,1
8690.2,96.2,1
8690.3,150.2,1
8690.5,116.2,1
8690.6,109.7,1
8690.6,78.3,1
8695.8,144.6,1
8695.9,150.1,1
8696.1,135.1,1
8696.2,124.6,1
8696.3,131.4,1
8701.5,127.7,1
8701.6,99.5,1
8701.7,122.0,1
8701.8,120.9,1
8701.9,89.1,1
8707.0,128.8,1
8707.1,88.4,1
8707.3,140.4,1
8707.4,101.8,1
8707.5,117.0,1
8712.6,101.1,1
8712.7,127.8,1
8712.8,123.7,1
8712.9,96.6,1
8713.1,152.2,1
8718.2,75.9,1
8718.3,138.9,1
8718.4,114.0,1
8718.5,103.2,1
8718.6,101.1,1
8723.7,71.1,1
8723.8,91.7,1
8723.9,73.3,1
8724.0,117.1,1
8724.1,107.8,1
8729.2,80.3,1
8729.2,71.3,1
8729.3,74.1,1
8729.4,101.0,1
8729.5,97.5,1
8734.6,120.1,1
8734.7,80.5,1
8734.9,133.8,1
8735.0,112.3,1
8735.1,144.6,1
8740.2,103.9,1
8740.3,110.5,1
8740.4,90.8,1
8740.5,121.0,1
8740.7,108.0,1
8745.7,83.6,1
8745.9,125.7,1
8746.0,106.2,1
8746.1,125.9,1
8746.2,112.9,1
8751.3,91.6,1
8751.4,140.7,1
8751.6,145.6,1
8751.7,98.0,1
8751.8,109.7,1
8756.9,111.5,1
8757.1,147.1,1
8757.2,126.8,1
8757.3,124.1,1
8757.4,96.4,1
8762.6,134.8,1
8762.7,144.1,1
8762.8,128.0,1
8762.9,119.6,1
8763.0,100.7,1
8768.2,126.5,1
8768.3,75.2,1
8768.3,76.2,1
8768.4,72.9,1
8768.5,73.8,1
8773.6,73.5,1
8773.7,116.3,1
8773.8,147.7,1
8773.9,96.5,1
8774.0,109.7,1
8779.2,139.1,1
8779.3,95.2,1
8779.4,144.2,1
8779.5,127.9,1
8779.7,141.2,1
8784.8,120.1,1
8784.9,109.8,1
8785.0,131.8,1
8785.2,145.7,1
8785.3,96.6,1
8790.4,73.6,1
8790.5,154.6,1
8790.6,132.1,1
8790.8,104.5,1
8790.9,113.8,1
8796.0,99.4,1
8796.1,120.0,1
8796.2,145.7,1
8796.3,113.3,1
8796.5,138.2,1
8801.6,130.6,1
8801.8,128.4,1
8801.9,132.0,1
8802.1,170.1,1
8802.2,115.4,1
8807.3,92.8,1
8807.4,97.1,1
8807.5,136.8,1
8807.6,90.3,1
8807.7,147.2,1
8812.8,89.0,1
8812.9,111.6,1
8813.0,90.5,1
8813.2,134.1,1
8813.2,76.4,1
8818.3,87.8,1
8818.5,143.0,1
8818.6,101.7,1
8818.7,139.2,1
8818.9,150.6,1
8824.0,123.3,1
8824.1,134.0,1
8824.2,101.2,1
8824.3,109.4,1
8824.5,130.3,1
8829.6,138.8,1
8829.7,129.7,1
8829.8,100.9,1
8830.0,134.1,1
8830.1,128.4,1
8835.2,107.1,1
8835.4,125.6,1
8835.5,157.5,1
8835.6,116.5,1
8835.7,121.5,1
8840.8,76.8,1
8840.9,118.8,1
8841.1,123.7,1
8841.2,114.5,1
8841.3,80.8,1
8846.4,149.7,1
8846.5,79.0,1
8846.6,79.9,1
8846.7,128.6,1
8846.8,103.2,1
8852.0,148.6,1
8852.1,133.2,1
8852.2,124.1,1
8852.3,96.7,1
8852.5,141.7,1
8857.5,73.2,1
8857.6,112.5,1
8857.7,96.2,1
8857.9,137.8,1
8858.0,110.9,1
8863.1,72.0,1
8863.2,132.8,1
8863.3,106.7,1
8863.4,98.5,1
8863.5,71.8,1
8868.6,76.6,1
8868.7,124.2,1
8868.8,92.7,1
8868.9,115.8,1
8869.0,112.3,1
8874.1,128.4,1
8874.2,85.5,1
8874.4,146.0,1
8874.5,138.6,1
8874.6,126.6,1
8879.8,133.9,1
8879.9,120.3,1
8880.0,140.7,1
8880.2,133.6,1
8880.3,132.3,1
8885.4,133.4,1
8885.6,150.0,1
8885.7,109.6,1
8885.8,124.9,1
8886.0,142.8,1
8891.1,103.2,1
8891.2,107.3,1
8891.3,103.8,1
8891.4,72.5,1
8891.5,125.4,1
8896.6,141.9,1
8896.8,135.6,1
8896.9,84.8,1
8897.0,102.7,1
8897.1,100.3,1
8902.2,138.0,1
8902.3,85.7,1
8902.4,71.0,1
8902.4,74.4,1
8902.5,71.8,1
8907.6,71.9,1
8907.7,119.7,1
8907.8,74.9,1
8907.9,113.4,1
8908.0,114.7,1
8913.1,133.1,1
8913.2,97.4,1
8913.3,74.1,1
8913.4,108.1,1
8913.6,158.2,1
8918.7,94.2,1
8918.8,147.8,1
8918.9,113.4,1
8919.1,142.0,1
8919.2,144.1,1
8924.4,134.6,1
8924.5,107.0,1
8924.6,86.2,1
8924.7,129.8,1
8924.8,143.9,1
8929.9,86.4,1
8930.0,92.5,1
8930.1,99.5,1
8930.2,133.2,1
8930.4,144.6,1
8935.5,85.6,1
8935.6,126.1,1
8935.7,119.2,1
8935.8,106.2,1
8936.0,129.3,1
8941.0,79.6,1
8941.1,105.7,1
8941.3,128.6,1
8941.4,87.4,1
8941.4,80.7,1
8946.6,100.2,1
8946.7,117.1,1
8946.7,80.7,1
8946.9,139.9,1
8947.0,125.0,1
8952.1,75.8,1
8952.2,118.8,1
8952.3,100.7,1
8952.5,143.4,1
8952.6,144.2,1
8957.7,101.3,1
8957.9,149.1,1
8958.0,147.7,1
8958.2,152.2,1
8958.3,122.2,1
8963.4,100.4,1
8963.5,70.7,1
8963.5,71.8,1
8963.6,77.5,1
8963.7,124.0,1
8968.8,97.5,1
8969.0,119.6,1
8969.1,132.0,1
8969.2,73.8,1
8969.3,114.4,1
8974.4,110.8,1
8974.5,130.1,1
8974.6,126.6,1
8974.8,118.6,1
8974.9,126.5,1
8980.0,76.0,1
8980.1,88.6,1
8980.2,149.7,1
8980.3,113.4,1
8980.4,118.3,1
8985.5,88.8,1
8985.6,109.1,1
8985.7,79.9,1
8985.8,121.6,1
8986.0,118.8,1
8991.0,74.3,1
8991.2,108.9,1
8991.3,108.3,1
8991.3,73.3,1
8991.4,103.7,1
8996.5,75.5,1
8996.6,132.5,1
8996.8,134.2,1
8996.9,140.9,1
8997.0,113.6,1
9002.1,108.2,1
9002.3,112.7,1
9002.4,130.7,1
9002.5,133.2,1
9002.6,109.7,1
9007.8,115.8,1
9007.9,149.3,1
9008.0,133.8,1
9008.2,147.6,1
9008.3,114.5,1
9013.4,138.4,1
9013.6,134.8,1
9013.7,155.8,1
9013.9,140.1,1
9014.0,136.0,1
9019.2,141.6,1
9019.3,144.1,1
9019.4,103.3,1
9019.5,143.5,1
9019.7,130.7,1
9024.8,140.7,1
9025.0,152.6,1
9025.1,96.0,1
9025.2,110.4,1
9025.3,119.7,1
9030.4,135.0,1
9030.6,138.0,1
9030.7,109.9,1
9030.8,76.2,1
9030.9,134.8,1
9036.0,73.3,1
9036.1,74.2,1
9036.1,93.3,1
9036.3,113.8,1
9036.3,70.6,1
9041.4,89.2,1
9041.5,100.0,1
9041.6,110.1,1
9041.7,74.8,1
9041.8,106.7,1
9046.9,95.9,1
9047.1,136.2,1
9047.2,140.6,1
9047.3,136.7,1
9047.5,127.5,1
9052.5,74.0,1
9052.7,134.7,1
9052.8,108.2,1
9052.9,104.3,1
9053.0,82.7,1
9058.1,102.4,1
9058.2,135.6,1
9058.4,144.7,1
9058.5,109.7,1
9058.6,98.2,1
9063.7,134.8,1
9063.9,154.3,1
9064.0,107.8,1
9064.1,121.6,1
9064.2,120.2,1
9069.3,139.1,1
9069.5,140.5,1
9069.6,120.5,1
9069.7,109.4,1
9069.8,109.9,1
9075.0,127.8,1
9075.1,132.8,1
9075.2,138.2,1
9075.4,145.9,1
9075.5,119.6,1
9080.6,78.3,1
9080.7,119.3,1
9080.8,114.8,1
9081.0,137.3,1
9081.1,117.0,1
9086.2,121.5,1
9086.3,117.0,1
9086.5,138.9,1
9086.6,108.8,1
9086.7,126.1,1
9091.8,132.3,1
9091.9,99.9,1
9092.0,96.0,1
9092.1,110.2,1
9092.2,114.4,1
9097.4,120.4,1
9097.5,129.4,1
9097.6,113.4,1
9097.8,153.7,1
9097.9,124.6,1
9103.0,110.9,1
9103.1,95.5,1
9103.2,100.1,1
9103.3,117.5,1
9103.4,79.6,1
9108.5,140.5,1
9108.7,129.0,1
9108.8,128.6,1
9109.0,156.6,1
9109.1,131.6,1
9114.2,122.3,1
9114.3,101.7,1
9114.4,119.9,1
9114.6,123.4,1
9114.7,96.2,1
9119.7,84.7,1
9119.9,120.9,1
9120.0,115.8,1
9120.1,129.2,1
9120.2,127.5,1
9125.3,72.4,1
9125.4,79.2,1
9125.5,80.5,1
9125.6,107.0,1
9125.7,97.1,1
9130.8,86.4,1
9130.9,88.7,1
9131.0,114.3,1
9131.1,97.7,1
9131.2,145.0,1
9136.3,120.3,1
9136.4,72.4,1
9136.5,122.3,1
9136.7,146.5,1
9136.8,84.8,1
9141.9,131.0,1
9142.0,134.6,1
9142.2,125.1,1
9142.2,86.7,1
9142.4,134.3,1
9147.5,126.1,1
9147.6,116.7,1
9147.7,116.7,1
9147.9,119.3,1
9148.0,127.9,1
9153.1,105.0,1
9153.2,126.4,1
9153.3,117.8,1
9153.4,88.4,1
9153.5,106.4,1
9158.6,94.3,1
9158.8,113.5,1
9158.9,112.8,1
9159.0,131.8,1
9159.1,140.2,1
9164.2,73.4,1
9164.3,110.2,1
9164.5,144.2,1
9164.6,128.0,1
9164.7,128.2,1
9169.9,139.8,1
9170.0,108.7,1
9170.1,107.6,1
9170.2,103.4,1
9170.3,84.7,1
9175.4,73.6,1
9175.5,134.2,1
9175.6,101.5,1
9175.7,115.0,1
9175.8,121.2,1
9180.9,105.2,1
9181.0,110.6,1
9181.2,110.2,1
9181.3,115.0,1
9181.4,126.3,1
9186.5,120.3,1
9186.7,155.6,1
9186.8,118.9,1
9186.9,137.5,1
9187.1,123.8,1
9192.2,120.2,1
9192.3,147.4,1
9192.5,162.4,1
9192.6,141.6,1
9192.8,154.6,1
9197.9,152.5,1
9198.1,127.4,1
9198.2,128.9,1
9198.3,113.9,1
9198.4,120.3,1
9203.5,83.2,1
9203.6,111.6,1
9203.7,104.7,1
9203.9,191.4,1
9204.0,81.3,1
9209.2,154.2,1
9209.3,140.8,1
9209.4,120.7,1
9209.6,119.1,1
9209.6,97.3,1
9214.8,99.7,1
9214.8,87.7,1
9214.9,94.8,1
9215.1,139.4,1
9215.1,72.2,1
9220.3,130.6,1
9220.4,108.0,1
9220.5,72.6,1
9220.5,75.8,1
9220.6,97.4,1
9225.8,131.1,1
9225.9,118.7,1
9226.0,114.8,1
9226.1,133.9,1
9226.3,125.1,1
9231.4,98.5,1
9231.5,137.4,1
9231.6,122.0,1
9231.7,102.5,1
9231.9,130.0,1
9237.0,106.9,1
9237.1,122.1,1
9237.2,83.5,1
9237.3,142.2,1
9237.4,102.6,1
9242.6,133.3,1
9242.7,105.3,1
9242.7,82.6,1
9242.9,125.0,1
9243.0,121.9,1
9248.1,133.2,1
9248.2,117.3,1
9248.3,95.2,1
9248.4,96.8,1
9248.5,105.6,1
9253.7,116.6,1
9253.8,121.0,1
9253.9,120.1,1
9254.0,124.0,1
9254.1,120.5,1
9259.2,97.3,1
9259.4,134.7,1
9259.5,151.4,1
9259.7,133.5,1
9259.8,106.9,1
9264.9,126.7,1
9265.0,102.5,1
9265.1,72.9,1
9265.2,80.4,1
9265.3,109.1,1
9270.4,127.4,1
9270.5,128.4,1
9270.6,110.8,1
9270.8,142.1,1
9270.9,143.5,1
9276.1,118.0,1
9276.2,108.4,1
9276.3,132.5,1
9276.4,141.8,1
9276.6,134.7,1
9281.7,103.6,1
9281.8,122.7,1
9281.9,104.0,1
9282.1,150.5,1
9282.2,154.9,1
9287.3,120.3,1
9287.4,82.7,1
9287.5,122.7,1
9287.7,136.8,1
9287.8,125.7,1
9292.9,125.2,1
9293.1,123.8,1
9293.2,128.7,1
9293.3,147.0,1
9293.5,123.7,1
9298.5,78.4,1
9298.7,126.5,1
9298.8,143.2,1
9298.9,94.8,1
9299.0,124.6,1
9304.1,74.3,1
9304.2,75.0,1
9304.3,125.5,1
9304.4,70.8,1
9304.4,72.3,1
9309.5,73.8,1
9309.6,73.6,1
9309.7,73.7,1
9309.8,105.7,1
9309.9,116.4,1
9315.0,137.2,1
9315.1,95.0,1
9315.3,128.9,1
9315.4,136.4,1
9315.5,115.4,1
9320.6,119.0,1
9320.8,118.5,1
9320.9,132.0,1
9321.0,150.0,1
9321.2,114.4,1
9326.3,114.1,1
9326.4,121.7,1
9326.5,133.9,1
9326.6,108.4,1
9326.8,153.5,1
9331.9,98.2,1
9332.0,147.6,1
9332.2,128.5,1
9332.3,146.7,1
9332.4,115.8,1
9337.5,94.4,1
9337.6,114.8,1
9337.8,148.1,1
9337.9,112.7,1
9338.0,127.0,1
9343.1,84.3,1
9343.2,79.6,1
9343.3,147.1,1
9343.4,73.9,1
9343.6,145.5,1
9348.7,97.7,1
9348.8,113.1,1
9348.9,118.3,1
9349.0,123.4,1
9349.1,79.2,1
9354.2,72.9,1
9354.2,71.0,1
9354.4,153.3,1
9354.5,104.1,1
9354.7,148.9,1
9359.7,74.7,1
9359.9,142.3,1
9360.0,95.6,1
9360.1,114.1,1
9360.2,138.4,1
9365.3,116.0,1
9365.5,119.1,1
9365.6,88.8,1
9365.7,147.3,1
9365.8,131.1,1
9371.0,158.1,1
9371.2,151.3,1
9371.3,118.8,1
9371.4,125.4,1
9371.5,117.3,1
9376.6,129.2,1
9376.7,99.4,1
9376.8,103.3,1
9377.0,133.4,1
9377.1,108.1,1
9382.2,112.3,1
9382.4,148.6,1
9382.5,141.6,1
9382.6,134.1,1
9382.7,110.6,1
9387.9,140.2,1
9388.0,138.5,1
9388.2,163.6,1
9388.3,147.5,1
9388.5,128.2,1
9393.6,87.3,1
9393.6,74.1,1
9393.7,73.0,1
9393.8,80.8,1
9393.9,88.2,1
9399.0,105.9,1
9399.1,77.2,1
9399.1,73.2,1
9399.2,73.2,1
9399.3,101.6,1
9404.4,73.2,1
9404.5,80.6,1
9404.6,84.8,1
9404.6,94.2,1
9404.7,78.5,1
9409.8,91.7,1
9410.0,137.4,1
9410.1,112.6,1
9410.2,120.9,1
9410.3,118.8,1
9415.5,135.9,1
9415.6,103.6,1
9415.7,161.7,1
9415.8,127.7,1
9415.9,93.2,1
9421.1,135.6,1
9421.2,145.7,1
9421.4,128.5,1
9421.4,82.9,1
9421.6,158.0,1
9426.7,107.5,1
9426.8,88.8,1
9426.9,144.4,1
9427.1,144.1,1
9427.2,72.6,1
9432.2,89.3,1
9432.4,135.7,1
9432.5,148.1,1
9432.6,106.0,1
9432.8,139.0,1
9437.9,129.7,1
9438.0,73.1,1
9438.1,98.1,1
9438.2,136.8,1
9438.4,133.4,1
9443.4,72.9,1
9443.6,141.2,1
9443.7,119.0,1
9443.8,128.7,1
9443.9,95.5,1
9449.0,129.4,1
9449.1,71.5,1
9449.2,101.9,1
9449.3,119.8,1
9449.5,122.6,1
9454.6,102.5,1
9454.7,99.1,1
9454.8,150.7,1
9455.0,143.9,1
9455.1,123.5,1
9460.2,132.2,1
9460.4,150.3,1
9460.5,132.3,1
9460.6,105.8,1
9460.7,110.6,1
9465.9,143.4,1
9466.0,101.2,1
9466.1,125.7,1
9466.2,129.9,1
9466.4,148.8,1
9471.5,99.1,1
9471.6,136.2,1
9471.8,131.3,1
9471.9,123.2,1
9472.0,150.7,1
9477.1,82.1,1
9477.2,76.5,1
9477.3,146.1,1
9477.5,130.2,1
9477.5,82.8,1
9482.7,101.3,1
9482.8,114.2,1
9482.8,76.7,1
9483.0,122.7,1
9483.1,111.4,1
9488.2,145.5,1
9488.3,99.5,1
9488.5,124.7,1
9488.5,86.6,1
9488.7,139.7,1
9493.8,133.3,1
9494.0,142.9,1
9494.1,109.9,1
9494.2,120.3,1
9494.3,75.9,1
9499.4,139.5,1
9499.5,132.0,1
9499.6,83.4,1
9499.7,71.7,1
9499.8,75.3,1
9504.9,136.3,1
9505.0,113.3,1
9505.1,95.4,1
9505.2,106.1,1
9505.3,105.6,1
9510.4,110.0,1
9510.5,74.3,1
9510.6,109.3,1
9510.8,130.3,1
9510.9,118.7,1
9516.0,78.4,1
9516.1,120.3,1
9516.2,132.1,1
9516.3,126.1,1
9516.5,142.9,1
9521.6,132.1,1
9521.7,106.5,1
9521.9,152.1,1
9522.0,128.2,1
9522.1,119.9,1
9527.3,137.2,1
9527.4,133.1,1
9527.5,146.3,1
9527.6,74.3,1
9527.7,96.0,1
9532.9,131.1,1
9533.0,96.2,1
9533.1,147.3,1
9533.2,70.3,1
9533.2,76.8,1
9538.3,85.4,1
9538.4,103.2,1
9538.6,114.6,1
9538.6,82.6,1
9538.7,85.7,1
9543.8,118.4,1
9543.9,104.1,1
9544.1,139.1,1
9544.2,118.4,1
9544.3,138.1,1
9549.5,109.4,1
9549.6,123.5,1
9549.7,152.6,1
9549.9,155.2,1
9550.0,134.6,1
9555.1,101.5,1
9555.3,120.2,1
9555.4,100.8,1
9555.5,113.3,1
9555.6,154.2,1
9560.7,112.9,1
9560.8,76.5,1
9560.9,96.7,1
9561.0,125.4,1
9561.2,144.7,1
9566.4,166.5,1
9566.5,165.7,1
9566.7,131.7,1
9566.8,190.8,1
9567.0,175.6,1
9572.1,121.1,1
9572.2,99.3,1
9572.4,146.5,1
9572.5,93.8,1
9572.6,135.6,1
9577.7,124.8,1
9577.9,145.1,1
9578.0,94.3,1
9578.1,110.2,1
9578.2,74.9,1
9583.3,123.2,1
9583.4,143.1,1
9583.5,79.8,1
9583.6,69.3,1
9583.7,89.4,1
9588.8,146.1,1
9588.9,113.9,1
9589.1,119.9,1
9589.1,78.8,1
9589.2,77.2,1
9594.3,81.5,1
9594.5,145.3,1
9594.6,114.1,1
9594.7,130.5,1
9594.8,148.7,1
9600.0,124.8,1
9600.1,107.4,1
9600.2,121.8,1
9600.3,119.7,1
9600.4,82.0,1
9605.6,144.5,1
9605.7,126.8,1
9605.8,80.9,1
9605.9,140.4,1
9606.0,109.3,1
9611.2,134.5,1
9611.3,122.9,1
9611.3,73.1,1
9611.4,93.9,1
9611.6,117.7,1
9616.7,137.2,1
9616.8,125.7,1
9617.0,151.5,1
9617.1,114.0,1
9617.2,135.6,1
9622.4,139.2,1
9622.5,122.8,1
9622.6,71.8,1
9622.6,75.3,1
9622.8,135.6,1
9627.9,140.4,1
9628.0,97.5,1
9628.1,75.7,1
9628.2,88.0,1
9628.3,89.5,1
9633.4,141.2,1
9633.5,82.0,1
9633.6,147.8,1
9633.7,74.5,1
9633.8,85.9,1
9638.9,127.9,1
9639.0,95.6,1
9639.1,98.7,1
9639.3,138.1,1
9639.4,102.2,1
9644.5,147.4,1
9644.6,119.2,1
9644.7,91.7,1
9644.9,132.7,1
9645.0,115.3,1
9650.1,133.1,1
9650.2,121.4,1
9650.4,112.9,1
9650.4,90.6,1
9650.6,108.5,1
9655.7,127.4,1
9655.8,107.9,1
9655.9,134.6,1
9656.1,130.6,1
9656.2,135.3,1
9661.3,133.7,1
9661.5,129.2,1
9661.6,148.4,1
9661.7,98.4,1
9661.9,155.1,1
9667.0,86.0,1
9667.0,84.3,1
9667.2,132.5,1
9667.3,109.7,1
9667.4,88.7,1
9672.5,90.8,1
9672.6,123.0,1
9672.7,74.9,1
9672.7,75.9,1
9672.8,93.3,1
9678.0,135.1,1
9678.1,154.9,1
9678.2,78.6,1
9678.3,116.0,1
9678.4,123.1,1
9683.6,125.9,1
9683.7,124.7,1
9683.8,124.5,1
9683.9,125.0,1
9684.1,150.8,1
9689.2,124.6,1
9689.3,86.3,1
9689.5,144.5,1
9689.6,93.1,1
9689.7,118.0,1
9694.8,141.7,1
9694.9,107.2,1
9695.1,155.2,1
9695.2,96.9,1
9695.3,145.9,1
9700.5,148.6,1
9700.6,132.2,1
9700.7,106.7,1
9700.8,118.9,1
9700.9,111.4,1
9706.1,121.6,1
9706.2,130.1,1
9706.3,76.4,1
9706.4,113.5,1
9706.5,119.4,1
9711.6,110.4,1
9711.7,84.9,1
9711.8,95.6,1
9711.9,141.5,1
9712.0,105.5,1
9717.2,136.0,1
9717.3,103.8,1
9717.4,72.1,1
9717.5,112.0,1
9717.6,72.6,1
9722.7,108.8,1
9722.7,79.4,1
9722.9,142.9,1
9723.0,87.0,1
9723.1,95.4,1
9728.2,122.0,1
9728.3,92.5,1
9728.4,156.7,1
9728.6,188.7,1
9728.8,155.3,1
9733.9,121.2,1
9734.0,119.4,1
9734.2,117.1,1
9734.2,91.0,1
9734.4,126.2,1
9739.5,123.9,1
9739.6,124.3,1
9739.8,152.3,1
9739.9,136.0,1
9740.0,138.6,1
9745.2,167.5,1
9745.4,136.8,1
9745.5,130.5,1
9745.6,152.3,1
9745.8,172.8,1
9751.0,146.7,1
9751.1,103.0,1
9751.2,143.4,1
9751.3,127.5,1
9751.5,138.4,1
9756.6,137.8,1
9756.8,133.1,1
9756.9,146.8,1
9757.0,126.2,1
9757.1,111.3,1
9762.3,155.4,1
9762.4,132.5,1
9762.6,152.4,1
9762.7,132.3,1
9762.8,106.7,1
9768.0,134.7,1
9768.1,139.4,1
9768.2,121.3,1
9768.4,138.2,1
9768.4,84.6,1
9773.6,123.1,1
9773.7,143.5,1
9773.8,126.5,1
9774.0,134.8,1
9774.1,119.5,1
9779.3,149.5,1
9779.3,84.9,1
9779.4,98.9,1
9779.6,147.5,1
9779.7,104.5,1
9784.8,125.9,1
9784.9,79.6,1
9785.0,96.0,1
9785.1,132.7,1
9785.2,103.0,1
9790.4,130.2,1
9790.5,153.1,1
9790.7,133.9,1
9790.8,135.3,1
9790.9,144.5,1
9796.0,81.5,1
9796.1,72.0,1
9796.2,132.3,1
9796.3,109.2,1
9796.4,94.5,1
9801.5,95.0,1
9801.7,149.7,1
9801.8,83.2,1
9801.8,73.0,1
9801.9,96.5,1
9807.1,140.1,1
9807.2,87.3,1
9807.2,72.4,1
9807.3,91.0,1
9807.4,101.1,1
9812.6,137.6,1
9812.7,137.9,1
9812.8,116.9,1
9812.9,105.4,1
9813.1,140.7,1
9818.2,146.3,1
9818.3,72.4,1
9818.4,154.2,1
9818.6,118.3,1
9818.7,127.7,1
9823.8,122.5,1
9823.9,128.9,1
9824.1,150.3,1
9824.2,78.9,1
9824.3,94.2,1
9829.4,116.2,1
9829.5,78.2,1
9829.6,110.8,1
9829.7,94.1,1
9829.8,108.6,1
9834.9,98.7,1
9835.0,122.0,1
9835.1,133.3,1
9835.3,117.6,1
9835.4,145.7,1
9840.5,109.4,1
9840.6,87.3,1
9840.7,111.8,1
9840.8,106.2,1
9841.0,132.0,1
9846.1,95.8,1
9846.2,129.3,1
9846.3,73.3,1
9846.4,143.8,1
9846.5,72.5,1
9851.6,76.8,1
9851.7,146.5,1
9851.8,110.5,1
9852.0,135.0,1
9852.1,111.9,1
9857.2,84.5,1
9857.3,145.4,1
9857.4,150.9,1
9857.6,104.8,1
9857.7,126.5,1
9862.8,126.9,1
9862.9,134.4,1
9863.1,203.3,1
9863.3,137.0,1
9863.4,89.6,1
9868.5,133.8,1
9868.6,117.4,1
9868.8,122.6,1
9868.9,100.5,1
9868.9,94.8,1
9874.1,111.3,1
9874.2,103.9,1
9874.3,100.5,1
9874.3,76.1,1
9874.5,115.6,1
9879.6,124.0,1
9879.7,113.2,1
9879.8,112.5,1
9879.9,109.0,1
9880.0,119.2,1
9885.1,73.9,1
9885.2,98.4,1
9885.4,133.6,1
9885.5,114.8,1
9885.5,71.8,1
9890.6,104.4,1
9890.7,94.1,1
9890.8,103.7,1
9891.0,108.2,1
9891.1,127.2,1
9896.2,144.3,1
9896.3,75.9,1
9896.4,129.6,1
9896.5,104.2,1
9896.6,92.0,1
9901.7,91.1,1
9901.9,138.1,1
9902.0,123.7,1
9902.1,136.0,1
9902.2,120.3,1
9907.4,117.5,1
9907.5,155.2,1
9907.7,152.5,1
9907.8,167.0,1
9908.0,162.4,1
9913.1,100.2,1
9913.2,124.6,1
9913.4,142.3,1
9913.5,121.6,1
9913.6,137.8,1
9918.7,107.7,1
9918.9,120.6,1
9919.0,123.0,1
9919.1,129.2,1
9919.2,113.0,1
9924.4,160.3,1
9924.6,148.5,1
9924.7,134.3,1
9924.8,144.3,1
9925.0,151.2,1
9930.1,146.1,1
9930.2,103.0,1
9930.3,71.2,1
9930.4,107.9,1
9930.5,126.6,1
9935.6,99.7,1
9935.8,130.1,1
9935.9,86.7,1
9936.0,149.6,1
9936.1,116.4,1
9941.2,94.5,1
9941.3,88.7,1
9941.4,86.9,1
9941.5,95.1,1
9941.6,122.4,1
9946.7,83.2,1
9946.8,83.7,1
9946.9,149.4,1
9947.1,119.0,1
9947.2,119.7,1
9952.3,121.3,1
9952.4,129.0,1
9952.6,136.7,1
9952.7,138.0,1
9952.9,147.3,1
9958.0,110.6,1
9958.1,122.0,1
9958.2,121.8,1
9958.3,121.6,1
9958.5,135.1,1
9963.6,118.2,1
9963.7,102.5,1
9963.8,131.6,1
9963.9,123.3,1
9964.0,90.6,1
9969.2,123.7,1
9969.3,119.8,1
9969.4,120.0,1
9969.5,119.7,1
9969.6,81.0,1
9974.7,75.2,1
9974.8,85.2,1
9974.9,156.9,1
9975.1,144.7,1
9975.2,87.8,1
9980.2,70.9,1
9980.3,70.8,1
9980.4,77.4,1
9980.5,88.8,1
9980.6,94.5,1
9985.7,107.5,1
9985.8,150.5,1
9986.0,128.6,1
9986.1,101.8,1
9986.2,134.0,1
9991.3,76.9,1
9991.4,132.6,1
9991.5,80.4,1
9991.6,97.0,1
9991.7,99.2,1
9996.8,122.4,1
9996.9,110.3,1
9997.0,117.6,1
9997.1,103.5,1
9997.2,79.3,1
10002.3,113.5,1
10002.5,149.6,1
10002.6,127.4,1
10002.7,121.9,1
10002.8,99.0,1
10007.9,99.9,1
10008.0,87.5,1
10008.2,134.4,1
10008.3,113.7,1
10008.4,129.9,1
10013.5,103.3,1
10013.6,120.1,1
10013.8,116.9,1
10013.9,100.2,1
10014.0,115.1,1
10019.1,72.0,1
10019.1,72.6,1
10019.2,81.0,1
10019.3,72.6,1
10019.4,75.3,1
10024.4,71.4,1
10024.5,99.7,1
10024.6,90.7,1
10024.7,100.0,1
10024.9,146.4,1
10030.0,121.0,1
10030.1,75.6,1
10030.1,75.9,1
10030.2,105.8,1
10030.3,73.7,1
10035.5,124.8,1
10035.6,142.3,1
10035.7,104.9,1
10035.8,111.4,1
10035.9,96.4,1
10041.1,149.3,1
10041.2,105.9,1
10041.3,130.6,1
10041.4,117.8,1
10041.5,79.9,1
10046.6,95.0,1
10046.7,115.0,1
10046.9,150.0,1
10047.0,134.4,1
10047.2,182.9,1
10052.3,130.8,1
10052.4,133.6,1
10052.6,148.5,1
10052.7,144.1,1
10052.9,123.7,1
10058.0,97.0,1
10058.1,110.4,1
10058.2,116.2,1
10058.3,147.2,1
10058.5,133.5,1
10063.6,120.7,1
10063.7,106.3,1
10063.8,122.0,1
10063.9,107.8,1
10064.1,126.0,1
10069.2,128.7,1
10069.3,141.9,1
10069.5,146.8,1
10069.6,132.9,1
10069.7,129.7,1
10074.9,111.0,1
10074.9,83.6,1
10075.0,97.6,1
10075.2,127.4,1
10075.2,72.0,1
10080.3,94.1,1
10080.4,87.5,1
10080.6,141.1,1
10080.7,143.5,1
10080.8,118.2,1
10086.0,130.6,1
10086.1,140.6,1
10086.2,142.1,1
10086.4,163.9,1
10086.6,148.3,1
10091.7,108.1,1
10091.8,117.1,1
10091.9,133.1,1
10092.0,115.1,1
10092.1,108.2,1
10097.3,133.4,1
10097.4,118.0,1
10097.5,122.0,1
10097.6,99.7,1
10097.7,110.3,1
10102.9,167.5,1
10103.1,146.6,1
10103.2,141.0,1
10103.3,133.2,1
10103.5,130.5,1
10108.6,132.7,1
10108.7,131.2,1
10108.8,122.7,1
10109.0,137.0,1
10109.1,73.2,1
10114.2,138.1,1
10114.3,74.8,1
10114.4,131.7,1
10114.5,135.2,1
10114.6,73.2,1
10119.7,73.3,1
10119.8,73.7,1
10119.9,133.7,1
10120.0,129.9,1
10120.1,101.3,1
10125.2,77.1,1
10125.4,149.5,1
10125.4,71.7,1
10125.6,146.4,1
10125.7,122.0,1
10130.8,133.2,1
10131.0,127.1,1
10131.1,128.2,1
10131.2,145.8,1
10131.4,131.1,1
10136.5,140.7,1
10136.6,131.8,1
10136.8,130.7,1
10136.9,89.3,1
10137.0,129.5,1
10142.1,128.9,1
10142.2,111.2,1
10142.4,120.8,1
10142.5,110.5,1
10142.6,99.0,1
10147.7,115.6,1
10147.8,122.8,1
10147.9,121.9,1
10148.1,135.2,1
10148.2,120.7,1
10153.3,105.6,1
10153.4,104.8,1
10153.5,114.2,1
10153.6,108.5,1
10153.7,105.6,1
10158.8,97.3,1
10159.0,123.5,1
10159.0,77.7,1
10159.2,141.7,1
10159.3,133.2,1
10164.4,124.9,1
10164.6,147.8,1
10164.7,73.5,1
10164.7,75.5,1
10164.8,81.0,1
10169.9,116.6,1
10170.1,104.8,1
10170.2,143.5,1
10170.3,114.7,1
10170.5,146.3,1
10175.6,131.1,1
10175.7,138.9,1
10175.8,111.6,1
10176.0,123.2,1
10176.1,145.1,1
10181.2,98.7,1
10181.3,118.5,1
10181.5,137.2,1
10181.6,114.1,1
10181.7,81.7,1
10186.8,133.1,1
10187.0,149.0,1
10187.1,142.0,1
10187.2,77.4,1
10187.3,125.0,1
10192.4,112.6,1
10192.5,80.2,1
10192.6,98.5,1
10192.7,74.6,1
10192.8,109.9,1
10197.9,91.9,1
10198.0,125.1,1
10198.1,120.3,1
10198.2,103.6,1
10198.3,94.8,1
10203.4,73.7,1
10203.5,87.3,1
10203.6,74.5,1
10203.6,89.5,1
10203.8,129.3,1
10208.9,149.0,1
10209.1,123.4,1
10209.1,75.0,1
10209.2,73.1,1
10209.3,94.2,1
10214.4,105.6,1
10214.5,71.2,1
10214.5,73.9,1
10214.7,106.4,1
10214.7,73.7,1
10219.8,91.1,1
10220.0,148.3,1
10220.1,112.7,1
10220.2,145.9,1
10220.4,122.5,1
10225.5,122.7,1
10225.6,107.7,1
10225.7,120.1,1
10225.8,119.3,1
10226.0,125.8,1
10231.1,127.0,1
10231.2,133.2,1
10231.3,125.1,1
10231.4,101.9,1
10231.6,139.2,1
10236.7,127.8,1
10236.8,101.5,1
10237.0,149.1,1
10237.1,116.1,1
10237.2,119.8,1
10242.3,110.3,1
10242.4,100.7,1
10242.5,118.2,1
10242.6,72.4,1
10242.7,98.5,1
10247.8,126.0,1
10248.0,131.0,1
10248.1,119.1,1
10248.2,97.4,1
10248.3,109.4,1
10253.4,83.8,1
10253.5,73.9,1
10253.5,83.6,1
10253.6,94.8,1
10253.8,115.5,1
10258.9,93.1,1
10259.0,127.5,1
10259.0,70.6,1
10259.2,101.0,1
10259.2,81.7,1
10264.4,130.1,1
10264.5,125.5,1
10264.6,134.7,1
10264.8,149.4,1
10264.9,163.7,1
10270.1,121.9,1
10270.2,108.8,1
10270.2,73.2,1
10270.4,105.7,1
10270.5,128.8,1
10275.6,100.5,1
10275.7,143.1,1
10275.9,132.6,1
10276.0,134.6,1
10276.1,112.6,1
10281.2,114.3,1
10281.4,142.5,1
10281.5,151.0,1
10281.7,171.7,1
10281.8,127.7,1
10286.9,109.8,1
10287.1,143.6,1
10287.2,109.5,1
10287.3,104.6,1
10287.4,98.6,1
10292.5,90.2,1
10292.6,75.7,1
10292.7,112.8,1
10292.8,74.5,1
10292.9,116.2,1
10298.0,109.4,1
10298.1,110.9,1
10298.2,141.1,1
10298.4,128.4,1
10298.4,79.1,1
10303.5,103.5,1
10303.6,71.6,1
10303.7,107.4,1
10303.8,100.6,1
10303.9,91.6,1
10309.0,99.8,1
10309.1,128.5,1
10309.3,145.4,1
10309.4,132.0,1
10309.5,119.9,1
10314.7,136.5,1
10314.8,133.3,1
10314.9,122.4,1
10315.1,126.4,1
10315.2,153.4,1
10320.4,134.9,1
10320.5,122.3,1
10320.6,112.7,1
10320.7,98.6,1
10320.8,81.7,1
10325.9,143.5,1
10326.0,117.7,1
10326.2,115.7,1
10326.3,144.2,1
10326.4,139.3,1
10331.5,97.1,1
10331.6,76.1,1
10331.7,99.5,1
10331.8,98.8,1
10331.9,95.5,1
10337.0,71.5,1
10337.1,74.7,1
10337.2,85.7,1
10337.2,82.6,1
10337.3,96.0,1
10342.4,75.6,1
10342.5,79.2,1
10342.6,77.2,1
10342.7,111.9,1
10342.8,90.6,1
10347.9,96.4,1
10347.9,77.1,1
10348.1,145.1,1
10348.2,82.5,1
10348.3,75.1,1
10353.4,137.9,1
10353.5,145.8,1
10353.7,142.1,1
10353.8,155.0,1
10354.0,129.5,1
10359.1,148.5,1
10359.2,124.6,1
10359.3,104.5,1
10359.5,148.5,1
10359.6,86.4,1
10364.7,76.2,1
10364.8,98.3,1
10364.9,106.4,1
10365.0,127.0,1
10365.1,117.2,1
10370.2,123.5,1
10370.4,146.9,1
10370.5,126.1,1
10370.6,109.7,1
10370.7,81.2,1
10375.8,124.0,1
10375.9,104.3,1
10376.1,124.7,1
10376.2,120.8,1
10376.3,120.0,1
10381.4,84.9,1
10381.5,71.6,1
10381.5,70.7,1
10381.6,78.6,1
10381.7,72.5,1
10386.8,93.6,1
10386.9,124.9,1
10387.0,107.5,1
10387.1,74.3,1
10387.2,117.6,1
10392.3,75.5,1
10392.4,73.4,1
10392.5,99.2,1
10392.5,89.3,1
10392.6,77.3,1
10397.7,93.3,1
10397.8,75.9,1
10397.9,128.6,1
10398.0,120.3,1
10398.2,123.1,1
10403.3,145.1,1
10403.4,105.3,1
10403.5,113.7,1
10403.7,135.2,1
10403.8,133.9,1
10408.9,115.7,1
10409.0,81.5,1
10409.1,91.7,1
10409.2,110.3,1
10409.3,133.5,1
10414.5,141.2,1
10414.6,107.3,1
10414.7,108.6,1
10414.8,119.5,1
10415.0,148.9,1
10420.1,129.2,1
10420.2,114.9,1
10420.3,72.9,1
10420.4,102.9,1
10420.5,135.5,1
10425.6,73.0,1
10425.8,148.7,1
10425.8,77.4,1
10425.9,90.4,1
10426.1,133.7,1
10431.2,92.7,1
10431.3,125.6,1
10431.4,99.2,1
10431.5,81.8,1
10431.6,102.7,1
10436.7,77.3,1
10436.7,78.8,1
10436.8,77.4,1
10436.9,91.2,1
10437.0,76.5,1
10442.1,120.5,1
10442.2,122.5,1
10442.4,128.1,1
10442.5,124.5,1
10442.6,153.9,1
10447.8,112.6,1
10447.9,105.4,1
10448.0,151.6,1
10448.1,134.4,1
10448.2,94.5,1
10453.4,125.4,1
10453.5,128.1,1
10453.6,85.0,1
10453.7,130.4,1
10453.8,102.6,1
10459.0,177.3,1
10459.1,136.7,1
10459.3,157.4,1
10459.4,156.0,1
10459.6,153.0,1
10464.7,135.1,1
10464.9,118.4,1
10465.0,133.9,1
10465.1,72.2,1
10465.1,84.7,1
10470.2,73.9,1
10470.3,104.1,1
10470.4,112.2,1
10470.5,84.9,1
10470.7,126.8,1
10475.8,118.6,1
10475.9,122.9,1
10476.0,138.1,1
10476.1,78.5,1
10476.2,122.8,1
10481.3,73.6,1
10481.4,75.0,1
10481.5,74.9,1
10481.5,76.3,1
10481.7,119.4,1
10486.8,126.5,1
10487.0,157.8,1
10487.1,115.8,1
10487.2,110.9,1
10487.3,95.0,1
10492.4,148.5,1
10492.5,103.4,1
10492.6,109.6,1
10492.8,118.8,1
10492.9,150.4,1
10498.0,121.0,1
10498.2,117.1,1
10498.2,93.7,1
10498.4,123.7,1
10498.5,133.6,1
10503.6,129.5,1
10503.8,137.4,1
10503.8,70.8,1
10504.0,132.2,1
10504.1,100.5,1
10509.2,137.1,1
10509.3,124.8,1
10509.4,89.5,1
10509.6,120.5,1
10509.6,79.4,1
10514.7,103.5,1
10514.9,115.8,1
10515.0,102.4,1
10515.0,73.9,1
10515.1,95.1,1
10520.2,110.1,1
10520.4,113.2,1
10520.5,99.5,1
10520.6,107.0,1
10520.7,122.9,1
10525.8,122.9,1
10525.9,130.0,1
10526.0,93.4,1
10526.1,103.3,1
10526.3,110.5,1
10531.3,82.9,1
10531.5,117.8,1
10531.6,89.7,1
10531.7,131.8,1
10531.8,91.8,1
10536.9,147.4,1
10537.0,98.1,1
10537.1,120.6,1
10537.3,109.5,1
10537.3,89.3,1
10542.5,145.5,1
10542.6,101.9,1
10542.7,92.8,1
10542.8,126.3,1
10542.9,120.1,1
10548.1,139.8,1
10548.2,131.3,1
10548.3,117.6,1
10548.4,82.8,1
10548.5,105.9,1
10553.6,79.4,1
10553.7,130.7,1
10553.8,91.4,1
10553.9,105.8,1
10554.1,136.3,1
10559.2,136.7,1
10559.3,102.9,1
10559.4,98.9,1
10559.5,70.8,1
10559.6,74.5,1
10564.6,75.9,1
10564.8,128.8,1
10564.8,73.5,1
10564.9,81.6,1
10565.0,71.9,1
10570.1,104.2,1
10570.2,120.5,1
10570.3,122.3,1
10570.4,78.1,1
10570.6,134.9,1
10575.6,81.7,1
10575.8,112.3,1
10575.9,141.0,1
10576.0,126.8,1
10576.1,118.5,1
10581.3,116.2,1
10581.4,140.2,1
10581.5,123.7,1
10581.6,119.4,1
10581.7,100.7,1
10586.9,120.7,1
10587.0,90.8,1
10587.1,134.1,1
10587.2,150.1,1
10587.3,103.1,1
10592.4,90.3,1
10592.5,93.4,1
10592.6,89.9,1
10592.7,119.4,1
10592.9,118.9,1
10598.0,109.9,1
10598.1,147.8,1
10598.3,138.0,1
10598.4,86.0,1
10598.5,128.8,1
10603.6,129.2,1
10603.7,74.9,1
10603.8,125.4,1
10603.9,114.4,1
10604.1,145.5,1
10609.2,94.3,1
10609.2,71.9,1
10609.3,75.5,1
10609.4,133.7,1
10609.6,127.2,1
10614.7,101.8,1
10614.8,108.7,1
10614.9,109.7,1
10615.0,74.5,1
10615.1,78.9,1
10620.2,142.2,1
10620.4,147.3,1
10620.5,116.1,1
10620.6,127.7,1
10620.7,89.9,1
10625.8,145.3,1
10626.0,121.4,1
10626.1,123.2,1
10626.2,100.1,1
10626.3,72.7,1
10631.4,120.4,1
10631.5,146.1,1
10631.6,109.2,1
10631.7,112.6,1
10631.9,127.3,1
10637.0,126.1,1
10637.1,118.8,1
10637.3,148.2,1
10637.4,136.1,1
10637.6,174.1,1
10642.7,111.4,1
10642.8,119.9,1
10642.9,114.2,1
10643.1,124.9,1
10643.2,119.7,1
10648.3,99.4,1
10648.4,107.4,1
10648.5,84.9,1
10648.6,93.6,1
10648.6,72.7,1
10653.7,77.3,1
10653.9,136.8,1
10654.0,120.6,1
10654.1,138.8,1
10654.3,140.2,1
10659.3,82.1,1
10659.4,70.9,1
10659.5,98.9,1
10659.6,80.0,1
10659.7,100.2,1
10664.8,125.2,1
10664.9,84.0,1
10665.0,113.7,1
10665.1,113.4,1
10665.2,101.4,1
10670.4,132.3,1
10670.5,142.5,1
10670.6,129.5,1
10670.8,148.8,1
10671.0,181.6,1
10676.1,117.7,1
10676.2,125.8,1
10676.3,116.3,1
10676.4,106.8,1
10676.5,80.8,1
10681.6,97.3,1
10681.7,76.5,1
10681.8,103.7,1
10681.9,125.4,1
10682.0,98.3,1
10687.2,158.4,1
10687.3,131.1,1
10687.5,127.7,1
10687.6,130.2,1
10687.7,123.5,1
10692.9,145.2,1
10693.0,146.8,1
10693.1,109.5,1
10693.2,121.1,1
10693.3,103.7,1
10698.4,74.6,1
10698.5,122.0,1
10698.6,105.1,1
10698.7,110.2,1
10698.9,148.0,1
10704.0,119.3,1
10704.1,96.6,1
10704.2,98.3,1
10704.3,124.4,1
10704.4,90.9,1
10709.5,78.4,1
10709.6,102.4,1
10709.7,74.2,1
10709.8,145.6,1
10709.9,79.0,1
10715.1,149.7,1
10715.2,124.1,1
10715.3,120.3,1
10715.5,138.5,1
10715.5,77.5,1
10720.6,90.5,1
10720.7,96.9,1
10720.9,143.3,1
10721.0,96.0,1
10721.1,115.3,1
10726.2,139.8,1
10726.4,130.3,1
10726.5,144.8,1
10726.6,142.0,1
10726.8,147.9,1
10731.9,117.5,1
10732.1,151.9,1
10732.2,105.3,1
10732.3,140.7,1
10732.4,88.4,1
10737.5,99.8,1
10737.6,123.8,1
10737.7,102.1,1
10737.8,123.1,1
10738.0,127.3,1
10743.1,86.2,1
10743.1,77.1,1
10743.2,79.0,1
10743.3,101.7,1
10743.4,74.1,1
10748.5,73.8,1
10748.6,147.3,1
10748.7,123.4,1
10748.8,78.9,1
10748.9,87.9,1
10754.0,71.4,1
10754.1,71.4,1
10754.2,99.4,1
10754.2,73.2,1
10754.3,84.1,1
10759.4,78.6,1
10759.5,136.5,1
10759.6,96.4,1
10759.7,77.0,1
10759.8,79.1,1
10764.9,119.6,1
10765.0,126.8,1
10765.1,86.8,1
10765.3,120.0,1
10765.4,125.5,1
10770.5,130.2,1
10770.6,118.2,1
10770.7,108.5,1
10770.9,121.0,1
10771.0,126.9,1
10776.1,133.6,1
10776.2,124.5,1
10776.4,126.7,1
10776.5,139.3,1
10776.6,114.7,1
10781.7,74.9,1
10781.8,95.5,1
10781.9,113.1,1
10782.0,108.8,1
10782.2,145.4,1
10787.2,73.5,1
10787.3,96.9,1
10787.4,75.7,1
10787.5,100.0,1
10787.6,103.3,1
10792.7,74.3,1
10792.8,82.2,1
10792.9,75.7,1
10792.9,80.0,1
10793.0,90.9,1
10798.2,132.0,1
10798.3,106.0,1
10798.3,71.0,1
10798.5,136.9,1
10798.6,80.1,1
