elapsed_seconds,latency_ms,ok
0.2,206.4,1
0.5,280.2,1
0.6,160.7,1
0.8,198.2,1
1.0,115.0,1
6.1,94.3,1
6.2,104.1,1
6.3,102.4,1
6.4,93.0,1
6.5,93.8,1
11.6,95.2,1
11.6,95.4,1
11.7,95.1,1
11.8,93.4,1
11.9,94.2,1
17.0,95.1,1
17.1,91.0,1
17.2,92.1,1
17.3,95.3,1
17.4,105.1,1
22.5,95.6,1
22.6,95.4,1
22.7,94.4,1
22.8,92.6,1
22.9,100.7,1
28.0,92.2,1
28.1,94.2,1
28.2,94.4,1
28.3,94.7,1
28.4,94.4,1
33.5,91.4,1
33.6,94.6,1
33.7,94.0,1
33.7,94.5,1
33.9,103.8,1
39.0,94.2,1
39.0,92.0,1
39.1,94.3,1
39.2,93.4,1
39.3,106.0,1
44.4,94.1,1
44.5,94.7,1
44.6,96.3,1
44.7,91.4,1
44.8,93.6,1
49.9,98.7,1
50.0,98.7,1
50.1,96.4,1
50.2,92.6,1
50.3,95.6,1
55.4,128.2,1
55.5,96.1,1
55.6,97.4,1
55.7,94.1,1
55.8,99.7,1
60.9,92.3,1
61.0,102.5,1
61.1,106.2,1
61.2,90.3,1
61.3,94.6,1
66.4,110.3,1
66.5,97.9,1
66.6,101.3,1
66.7,124.6,1
66.8,93.4,1
71.9,94.4,1
72.0,94.4,1
72.1,93.9,1
72.2,98.7,1
72.3,90.9,1
77.5,143.3,1
77.6,108.0,1
77.7,144.8,1
77.8,104.5,1
77.9,120.5,1
83.1,112.2,1
83.2,95.3,1
83.2,91.7,1
83.3,94.1,1
83.4,93.9,1
88.5,93.2,1
88.6,118.9,1
88.7,93.5,1
88.8,94.5,1
88.9,93.4,1
94.0,94.5,1
94.1,105.5,1
94.2,99.7,1
94.3,91.7,1
94.4,95.3,1
99.5,107.2,1
99.6,97.4,1
99.7,106.1,1
99.8,93.2,1
99.9,98.9,1
105.1,131.9,1
105.2,107.6,1
105.3,106.1,1
105.4,94.7,1
105.5,117.7,1
110.6,95.7,1
110.7,107.1,1
110.8,94.0,1
110.9,102.8,1
111.0,96.5,1
116.1,95.4,1
116.2,94.0,1
116.3,102.4,1
116.4,109.5,1
116.5,120.6,1
121.6,99.2,1
121.7,100.4,1
121.8,93.0,1
121.9,100.8,1
122.0,99.4,1
127.1,94.6,1
127.2,106.2,1
127.3,92.3,1
127.4,93.9,1
127.5,103.4,1
132.6,112.0,1
132.7,93.3,1
132.8,94.4,1
132.9,97.1,1
133.0,94.6,1
138.1,114.5,1
138.3,132.0,1
138.4,96.1,1
138.4,92.6,1
138.6,140.7,1
143.7,112.5,1
143.8,140.7,1
144.0,117.9,1
144.1,110.0,1
144.2,114.0,1
149.3,93.2,1
149.4,128.0,1
149.5,133.1,1
149.6,93.9,1
149.7,94.7,1
154.8,94.3,1
154.9,93.7,1
155.0,94.7,1
155.1,95.0,1
155.2,95.7,1
160.3,103.0,1
160.4,122.5,1
160.6,135.8,1
160.7,109.8,1
160.8,121.7,1
165.9,96.9,1
166.0,119.8,1
166.1,109.1,1
166.2,99.8,1
166.4,118.8,1
171.5,96.0,1
171.6,96.4,1
171.7,102.2,1
171.8,96.3,1
171.8,94.4,1
176.9,93.8,1
177.1,112.1,1
177.2,96.2,1
177.2,94.7,1
177.3,95.0,1
182.5,117.2,1
182.6,133.9,1
182.7,95.2,1
182.8,100.9,1
182.9,131.0,1
188.0,111.9,1
188.1,103.7,1
188.2,95.5,1
188.3,94.6,1
188.5,125.0,1
193.6,121.1,1
193.7,96.0,1
193.8,93.0,1
193.9,94.1,1
194.0,111.1,1
199.1,94.9,1
199.2,108.6,1
199.3,121.8,1
199.4,133.7,1
199.5,96.3,1
204.6,94.4,1
204.7,93.3,1
204.9,122.9,1
205.0,115.9,1
205.1,94.8,1
210.2,112.5,1
210.3,113.9,1
210.4,106.8,1
210.5,94.6,1
210.6,94.7,1
215.7,107.1,1
215.8,93.7,1
215.9,111.8,1
216.0,100.1,1
216.1,95.7,1
221.2,94.2,1
221.3,99.7,1
221.4,91.3,1
221.5,106.9,1
221.6,109.5,1
226.7,127.0,1
226.8,101.7,1
226.9,108.4,1
227.1,127.4,1
227.2,103.2,1
232.3,120.1,1
232.4,141.7,1
232.5,101.4,1
232.7,122.0,1
232.8,98.3,1
237.9,109.9,1
238.0,103.2,1
238.1,99.1,1
238.2,110.8,1
238.3,92.7,1
243.4,97.7,1
243.5,112.1,1
243.6,126.0,1
243.7,107.0,1
243.8,95.8,1
248.9,92.1,1
249.0,91.9,1
249.1,111.6,1
249.2,93.9,1
249.3,95.0,1
254.4,98.4,1
254.5,94.5,1
254.6,96.2,1
254.7,94.7,1
254.8,92.5,1
259.9,95.2,1
260.0,111.9,1
260.1,96.0,1
260.2,96.1,1
260.3,95.3,1
265.4,93.3,1
265.5,93.6,1
265.6,96.0,1
265.7,108.1,1
265.8,107.4,1
270.9,100.7,1
271.0,105.4,1
271.1,108.8,1
271.3,143.0,1
271.4,143.4,1
276.5,130.9,1
276.7,122.8,1
276.8,148.1,1
276.9,107.5,1
277.0,136.7,1
282.2,145.3,1
282.3,93.6,1
282.4,127.6,1
282.5,129.6,1
282.7,140.1,1
287.8,96.2,1
287.9,129.1,1
288.0,107.8,1
288.2,146.3,1
288.3,121.0,1
293.4,93.3,1
293.5,93.8,1
293.6,93.5,1
293.7,110.5,1
293.8,95.4,1
298.9,111.2,1
299.0,119.1,1
299.1,93.1,1
299.2,94.5,1
299.3,102.7,1
304.5,137.6,1
304.6,138.6,1
304.7,120.0,1
304.8,110.6,1
304.9,98.8,1
310.0,108.7,1
310.1,96.7,1
310.2,95.4,1
310.3,110.5,1
310.4,100.1,1
315.6,138.1,1
315.7,100.9,1
315.8,95.9,1
315.9,126.0,1
316.1,149.4,1
321.2,128.4,1
321.3,128.7,1
321.4,114.5,1
321.5,102.2,1
321.6,102.4,1
326.8,129.8,1
326.9,129.6,1
327.0,145.7,1
327.1,107.0,1
327.3,102.6,1
332.4,102.7,1
332.5,112.9,1
332.6,95.7,1
332.7,111.4,1
332.8,100.1,1
337.9,95.6,1
338.0,121.8,1
338.1,96.7,1
338.2,94.4,1
338.3,92.2,1
343.4,94.4,1
343.5,129.5,1
343.6,104.2,1
343.7,96.1,1
343.8,109.0,1
348.9,111.3,1
349.0,96.5,1
349.1,95.2,1
349.2,96.1,1
349.3,107.0,1
354.4,95.9,1
354.5,100.9,1
354.6,98.1,1
354.7,93.3,1
354.8,96.0,1
359.9,109.6,1
360.0,106.8,1
360.1,96.2,1
360.2,117.3,1
360.4,111.7,1
365.5,122.7,1
365.6,125.2,1
365.7,104.1,1
365.8,96.9,1
365.9,130.3,1
371.0,95.6,1
371.1,97.8,1
371.2,95.3,1
371.4,130.8,1
371.5,118.7,1
376.6,118.0,1
376.8,140.3,1
376.9,115.6,1
377.0,129.1,1
377.1,113.0,1
382.2,108.1,1
382.3,96.8,1
382.4,96.2,1
382.5,95.4,1
382.6,98.0,1
387.7,96.4,1
387.8,102.9,1
387.9,98.0,1
388.0,95.2,1
388.1,107.3,1
393.2,109.1,1
393.3,94.2,1
393.4,95.1,1
393.5,109.1,1
393.6,105.1,1
398.7,94.1,1
398.8,97.9,1
398.9,118.6,1
399.1,111.4,1
399.2,96.4,1
404.3,106.9,1
404.4,102.9,1
404.5,95.9,1
404.6,104.1,1
404.7,97.3,1
409.8,131.4,1
409.9,124.0,1
410.1,128.5,1
410.2,144.2,1
410.3,139.7,1
415.5,119.2,1
415.6,108.8,1
415.7,136.2,1
415.8,129.4,1
416.0,131.5,1
421.1,118.2,1
421.2,122.5,1
421.3,137.8,1
421.4,101.1,1
421.6,122.2,1
426.7,127.5,1
426.8,111.9,1
426.9,99.3,1
427.0,106.8,1
427.1,95.5,1
432.2,115.2,1
432.3,97.8,1
432.4,99.7,1
432.6,130.8,1
432.7,143.3,1
437.8,120.1,1
437.9,101.4,1
438.1,138.8,1
438.2,135.5,1
438.3,124.3,1
443.4,103.8,1
443.6,124.8,1
443.7,123.7,1
443.8,110.4,1
443.9,134.5,1
449.0,105.6,1
449.2,129.2,1
449.3,110.5,1
449.4,119.3,1
449.5,115.6,1
454.7,142.4,1
454.8,148.7,1
454.9,106.3,1
455.0,109.8,1
455.2,125.5,1
460.3,100.4,1
460.4,139.7,1
460.5,117.6,1
460.6,108.6,1
460.8,136.5,1
465.9,136.9,1
466.1,148.0,1
466.2,155.8,1
466.4,156.0,1
466.5,147.9,1
471.6,112.3,1
471.7,107.5,1
471.8,96.6,1
472.0,122.6,1
472.1,104.4,1
477.2,122.6,1
477.3,101.2,1
477.4,101.5,1
477.5,99.2,1
477.6,98.5,1
482.7,132.9,1
482.9,145.3,1
483.0,98.5,1
483.1,117.2,1
483.2,97.9,1
488.3,142.4,1
488.4,93.2,1
488.5,97.0,1
488.6,97.1,1
488.7,127.8,1
493.9,122.1,1
494.0,140.4,1
494.1,107.4,1
494.2,106.0,1
494.3,105.6,1
499.5,134.9,1
499.6,99.5,1
499.7,125.7,1
499.8,135.6,1
500.0,135.6,1
505.1,129.9,1
505.2,102.2,1
505.3,127.4,1
505.4,97.9,1
505.5,119.9,1
510.7,104.8,1
510.8,100.3,1
510.9,146.1,1
511.0,97.3,1
511.1,128.8,1
516.3,119.2,1
516.4,127.7,1
516.5,114.7,1
516.6,115.2,1
516.7,123.9,1
521.8,98.2,1
521.9,103.4,1
522.1,138.0,1
522.2,95.1,1
522.3,114.7,1
527.4,102.7,1
527.5,95.8,1
527.6,97.8,1
527.7,96.4,1
527.8,98.9,1
532.9,93.3,1
533.0,126.5,1
533.2,147.0,1
533.3,143.5,1
533.4,109.5,1
538.5,97.4,1
538.6,127.6,1
538.8,145.8,1
538.9,94.3,1
539.0,144.4,1
544.2,134.5,1
544.3,119.8,1
544.4,116.5,1
544.5,103.5,1
544.6,122.3,1
549.7,103.1,1
549.9,145.1,1
550.0,140.3,1
550.2,147.3,1
550.3,123.7,1
555.4,120.0,1
555.6,141.2,1
555.7,116.9,1
555.8,129.5,1
555.9,142.6,1
561.0,93.9,1
561.1,95.6,1
561.3,130.3,1
561.4,122.6,1
561.5,95.8,1
566.6,101.9,1
566.7,94.1,1
566.8,93.5,1
566.9,114.1,1
567.0,104.5,1
572.1,96.4,1
572.2,109.7,1
572.3,119.1,1
572.5,126.6,1
572.6,95.6,1
577.7,137.3,1
577.8,103.5,1
577.9,93.5,1
578.0,95.4,1
578.1,109.8,1
583.2,95.1,1
583.3,121.1,1
583.4,108.8,1
583.5,95.0,1
583.6,109.7,1
588.8,116.5,1
588.9,138.1,1
589.0,145.6,1
589.2,147.3,1
589.3,155.2,1
594.5,132.8,1
594.6,139.1,1
594.7,135.1,1
594.9,145.4,1
595.0,147.9,1
600.2,116.3,1
600.3,149.2,1
600.5,145.1,1
600.6,142.8,1
600.7,144.9,1
605.9,138.3,1
606.0,128.9,1
606.1,117.6,1
606.3,154.3,1
606.4,115.3,1
611.6,162.6,1
611.7,159.1,1
611.9,133.1,1
612.0,161.8,1
612.2,176.8,1
617.3,96.6,1
617.4,118.6,1
617.5,108.0,1
617.6,103.9,1
617.8,143.6,1
622.9,109.8,1
623.0,120.0,1
623.2,137.7,1
623.3,142.0,1
623.4,124.1,1
628.6,138.9,1
628.7,154.9,1
628.9,138.9,1
629.0,148.6,1
629.1,129.2,1
634.2,107.2,1
634.4,144.0,1
634.5,143.6,1
634.7,122.4,1
634.8,141.5,1
639.9,127.8,1
640.1,126.4,1
640.2,136.9,1
640.3,138.5,1
640.5,153.7,1
645.6,136.7,1
645.8,138.1,1
645.9,141.6,1
646.0,125.9,1
646.2,152.3,1
651.3,110.9,1
651.4,111.2,1
651.5,119.3,1
651.7,131.8,1
651.8,135.2,1
656.9,109.2,1
657.0,130.8,1
657.2,128.1,1
657.3,130.0,1
657.4,97.8,1
662.5,123.2,1
662.6,104.5,1
662.7,120.5,1
662.9,102.9,1
663.0,104.0,1
668.1,100.9,1
668.2,141.9,1
668.3,138.3,1
668.5,112.7,1
668.6,136.5,1
673.7,130.9,1
673.8,121.0,1
674.0,147.2,1
674.1,109.6,1
674.2,143.7,1
679.4,139.1,1
679.5,139.1,1
679.7,125.0,1
679.8,151.5,1
679.9,125.3,1
685.1,135.5,1
685.2,137.9,1
685.3,135.2,1
685.5,135.8,1
685.6,142.3,1
690.8,148.3,1
690.9,141.1,1
691.0,112.2,1
691.2,143.4,1
691.3,139.0,1
696.4,127.4,1
696.6,149.8,1
696.7,142.9,1
696.9,127.0,1
697.0,147.7,1
702.1,112.9,1
702.3,145.6,1
702.4,142.1,1
702.5,101.4,1
702.6,116.6,1
707.8,127.1,1
707.9,127.4,1
708.0,140.2,1
708.2,126.5,1
708.3,145.6,1
713.4,122.0,1
713.6,125.8,1
713.7,136.5,1
713.8,123.2,1
713.9,101.1,1
719.0,120.6,1
719.2,114.6,1
719.3,118.3,1
719.4,128.3,1
719.5,119.7,1
724.7,134.0,1
724.8,133.7,1
724.9,144.8,1
725.1,137.3,1
725.2,149.0,1
730.4,120.9,1
730.5,149.5,1
730.7,157.8,1
730.8,133.4,1
730.9,120.6,1
736.0,113.8,1
736.2,148.9,1
736.3,143.2,1
736.5,150.7,1
736.6,147.0,1
741.8,133.7,1
741.9,131.8,1
742.1,154.8,1
742.2,145.0,1
742.4,152.3,1
747.5,109.4,1
747.6,142.1,1
747.7,113.0,1
747.9,147.1,1
748.0,105.5,1
753.1,119.1,1
753.2,140.9,1
753.4,139.4,1
753.5,135.5,1
753.6,116.8,1
758.8,150.7,1
758.9,133.5,1
759.1,133.5,1
759.2,133.8,1
759.3,149.0,1
764.4,110.8,1
764.6,110.7,1
764.7,119.2,1
764.8,142.0,1
764.9,127.8,1
770.1,110.4,1
770.2,140.8,1
770.3,139.1,1
770.5,153.4,1
770.6,148.3,1
775.8,166.1,1
776.0,173.1,1
776.1,123.9,1
776.3,149.0,1
776.4,127.8,1
781.5,129.3,1
781.7,135.9,1
781.8,136.6,1
781.9,139.9,1
782.1,151.6,1
787.2,98.0,1
787.3,116.1,1
787.4,124.8,1
787.6,129.1,1
787.7,128.4,1
792.8,94.1,1
792.9,113.5,1
793.0,109.3,1
793.2,136.3,1
793.3,141.4,1
798.4,127.5,1
798.6,136.2,1
798.7,116.0,1
798.8,137.9,1
799.0,141.5,1
804.1,105.0,1
804.2,123.7,1
804.3,113.7,1
804.4,135.4,1
804.5,95.7,1
809.7,134.0,1
809.8,98.3,1
809.9,135.5,1
810.0,135.5,1
810.2,117.8,1
815.3,147.9,1
815.4,139.8,1
815.6,134.6,1
815.7,136.8,1
815.9,138.2,1
821.0,106.8,1
821.1,148.0,1
821.2,131.1,1
821.4,136.8,1
821.5,146.4,1
826.7,126.7,1
826.8,141.6,1
826.9,142.4,1
827.1,146.3,1
827.2,138.7,1
832.4,115.8,1
832.5,136.7,1
832.6,132.2,1
832.8,142.3,1
832.9,108.6,1
838.0,103.1,1
838.1,103.8,1
838.2,129.6,1
838.3,124.6,1
838.5,126.6,1
843.6,107.0,1
843.7,145.1,1
843.9,136.4,1
844.0,142.1,1
844.1,118.1,1
849.3,131.5,1
849.4,144.6,1
849.5,125.0,1
849.7,127.5,1
849.8,124.0,1
854.9,130.2,1
855.0,128.9,1
855.2,137.2,1
855.3,94.6,1
855.4,100.4,1
860.5,146.0,1
860.7,135.0,1
860.8,138.4,1
860.9,147.2,1
861.1,138.5,1
866.2,131.6,1
866.4,143.6,1
866.5,143.9,1
866.7,148.9,1
866.8,140.3,1
871.9,122.9,1
872.0,104.3,1
872.2,136.3,1
872.3,140.2,1
872.4,137.6,1
877.6,125.9,1
877.7,126.8,1
877.8,110.8,1
878.0,141.7,1
878.1,146.6,1
883.2,96.2,1
883.3,131.2,1
883.5,146.2,1
883.6,137.5,1
883.7,123.5,1
888.9,121.2,1
889.0,129.1,1
889.1,151.5,1
889.3,123.4,1
889.4,140.4,1
894.5,111.8,1
894.7,144.1,1
894.8,138.6,1
894.9,137.3,1
895.1,129.1,1
900.2,97.5,1
900.3,108.9,1
900.4,137.1,1
900.6,133.7,1
900.7,128.9,1
905.9,168.7,1
906.0,162.9,1
906.2,168.5,1
906.3,153.3,1
906.5,144.6,1
911.6,140.6,1
911.8,128.2,1
911.9,143.7,1
912.0,108.6,1
912.1,123.5,1
917.3,155.0,1
917.4,140.6,1
917.6,138.3,1
917.7,112.8,1
917.9,168.1,1
923.0,128.7,1
923.1,142.3,1
923.3,142.6,1
923.4,135.3,1
923.5,97.9,1
928.6,114.3,1
928.7,122.7,1
928.8,98.5,1
929.0,112.2,1
929.1,106.8,1
934.2,124.9,1
934.3,139.1,1
934.4,110.8,1
934.6,136.2,1
934.7,102.0,1
939.8,106.1,1
939.9,123.3,1
940.0,121.0,1
940.2,125.0,1
940.3,110.4,1
945.4,97.5,1
945.5,108.5,1
945.6,144.1,1
945.8,135.6,1
945.9,146.1,1
951.0,123.7,1
951.2,149.1,1
951.3,122.6,1
951.5,147.5,1
951.6,141.4,1
956.7,134.2,1
956.9,135.1,1
957.0,141.6,1
957.2,139.2,1
957.3,137.8,1
962.4,150.3,1
962.6,124.5,1
962.7,143.0,1
962.9,154.2,1
963.0,160.0,1
968.2,143.2,1
968.3,143.5,1
968.4,112.3,1
968.6,132.2,1
968.7,117.9,1
973.8,120.0,1
973.9,114.3,1
974.0,98.7,1
974.1,109.5,1
974.2,99.0,1
979.4,132.6,1
979.5,166.6,1
979.7,148.9,1
979.8,112.0,1
979.9,136.5,1
985.0,105.4,1
985.2,124.9,1
985.3,97.5,1
985.4,144.8,1
985.5,125.5,1
990.7,131.8,1
990.8,125.5,1
990.9,124.6,1
991.1,142.8,1
991.2,139.1,1
996.4,152.4,1
996.5,143.5,1
996.7,151.4,1
996.8,143.9,1
996.9,136.0,1
1002.1,136.7,1
1002.2,143.6,1
1002.3,129.6,1
1002.5,134.5,1
1002.6,151.8,1
1007.8,136.4,1
1007.9,140.0,1
1008.1,160.1,1
1008.2,151.3,1
1008.3,122.8,1
1013.5,149.0,1
1013.6,136.6,1
1013.8,128.6,1
1013.9,102.3,1
1014.0,130.1,1
1019.1,98.7,1
1019.2,129.6,1
1019.3,101.3,1
1019.5,130.9,1
1019.6,164.4,1
1024.7,106.3,1
1024.9,125.6,1
1025.0,97.4,1
1025.1,126.8,1
1025.2,121.9,1
1030.3,97.4,1
1030.4,100.0,1
1030.5,129.8,1
1030.6,102.6,1
1030.7,98.4,1
1035.9,134.2,1
1036.1,211.9,1
1036.2,145.4,1
1036.4,196.2,1
1036.6,152.7,1
1041.7,137.4,1
1041.9,136.7,1
1042.0,133.2,1
1042.1,133.8,1
1042.3,138.7,1
1047.4,146.7,1
1047.6,130.6,1
1047.7,154.4,1
1047.8,126.0,1
1048.0,134.3,1
1053.1,160.2,1
1053.3,153.8,1
1053.4,152.5,1
1053.6,166.9,1
1053.7,140.1,1
1058.9,127.6,1
1059.0,129.1,1
1059.1,119.2,1
1059.2,104.1,1
1059.4,124.1,1
1064.5,118.7,1
1064.6,134.8,1
1064.7,97.0,1
1064.9,139.0,1
1065.0,121.7,1
1070.1,147.8,1
1070.3,142.5,1
1070.4,104.6,1
1070.5,139.2,1
1070.6,135.7,1
1075.8,124.7,1
1075.9,122.4,1
1076.0,119.3,1
1076.2,144.6,1
1076.3,102.9,1
1081.4,121.8,1
1081.5,126.5,1
1081.7,142.9,1
1081.8,138.8,1
1081.9,101.2,1
1087.1,141.4,1
1087.2,142.0,1
1087.3,133.9,1
1087.5,128.7,1
1087.6,146.4,1
1092.7,143.1,1
1092.9,138.7,1
1093.0,110.7,1
1093.1,133.8,1
1093.3,137.2,1
1098.4,146.9,1
1098.6,131.0,1
1098.7,138.7,1
1098.8,134.2,1
1099.0,147.3,1
1104.1,126.0,1
1104.2,124.6,1
1104.3,118.2,1
1104.4,95.3,1
1104.6,147.2,1
1109.7,105.5,1
1109.8,127.3,1
1110.0,139.5,1
1110.1,142.2,1
1110.2,106.6,1
1115.4,135.4,1
1115.5,107.1,1
1115.6,126.6,1
1115.7,134.1,1
1115.9,135.9,1
1121.0,117.5,1
1121.1,97.9,1
1121.2,110.0,1
1121.3,135.0,1
1121.4,124.8,1
1126.6,145.2,1
1126.8,157.5,1
1126.9,127.8,1
1127.0,139.0,1
1127.2,141.6,1
1132.3,135.0,1
1132.4,138.3,1
1132.6,139.3,1
1132.7,143.7,1
1132.8,124.0,1
1138.0,104.0,1
1138.1,145.6,1
1138.2,119.6,1
1138.4,147.8,1
1138.5,139.2,1
1143.7,147.2,1
1143.8,128.2,1
1143.9,139.1,1
1144.1,141.4,1
1144.2,136.8,1
1149.3,113.6,1
1149.5,153.2,1
1149.6,129.3,1
1149.7,132.5,1
1149.9,127.8,1
1155.0,105.1,1
1155.1,126.9,1
1155.2,131.9,1
1155.4,146.4,1
1155.5,92.7,1
1160.6,109.4,1
1160.7,101.1,1
1160.8,143.9,1
1161.0,128.1,1
1161.1,141.3,1
1166.2,119.2,1
1166.3,106.2,1
1166.5,148.8,1
1166.6,161.5,1
1166.8,137.3,1
1171.9,145.6,1
1172.1,151.2,1
1172.2,137.0,1
1172.4,137.0,1
1172.5,138.8,1
1177.6,144.3,1
1177.8,136.1,1
1177.9,145.2,1
1178.0,119.7,1
1178.2,147.5,1
1183.4,159.3,1
1183.5,142.7,1
1183.7,189.6,1
1183.9,193.8,1
1184.0,161.4,1
1189.2,124.5,1
1189.3,137.4,1
1189.4,135.6,1
1189.6,140.8,1
1189.7,145.9,1
1194.8,111.2,1
1195.0,133.5,1
1195.1,96.3,1
1195.2,128.9,1
1195.3,139.0,1
1200.5,119.5,1
1200.6,128.5,1
1200.7,142.1,1
1200.9,125.3,1
1201.0,115.8,1
1206.1,142.7,1
1206.2,123.5,1
1206.4,127.0,1
1206.5,135.3,1
1206.6,102.8,1
1211.7,115.2,1
1211.9,131.1,1
1212.0,121.8,1
1212.1,107.3,1
1212.2,142.1,1
1217.4,137.2,1
1217.5,134.1,1
1217.7,163.7,1
1217.8,148.0,1
1218.0,166.4,1
1223.1,126.3,1
1223.3,139.2,1
1223.4,134.9,1
1223.5,142.0,1
1223.7,135.7,1
1228.8,156.6,1
1229.0,145.3,1
1229.1,109.6,1
1229.2,147.5,1
1229.4,146.4,1
1234.5,148.5,1
1234.7,134.4,1
1234.8,132.3,1
1234.9,136.7,1
1235.1,133.4,1
1240.2,133.2,1
1240.4,137.9,1
1240.5,150.1,1
1240.6,131.8,1
1240.8,143.7,1
1245.9,121.1,1
1246.0,117.2,1
1246.2,134.9,1
1246.3,135.7,1
1246.4,131.5,1
1251.5,121.1,1
1251.7,105.2,1
1251.8,108.1,1
1251.9,96.6,1
1252.0,107.0,1
1257.1,110.8,1
1257.2,112.7,1
1257.3,116.1,1
1257.4,117.3,1
1257.6,140.4,1
1262.7,126.7,1
1262.9,163.4,1
1263.0,153.2,1
1263.1,126.6,1
1263.3,126.0,1
1268.4,153.1,1
1268.6,142.5,1
1268.7,139.7,1
1268.9,151.7,1
1269.0,138.6,1
1274.1,131.1,1
1274.3,148.4,1
1274.4,143.7,1
1274.6,124.3,1
1274.7,137.7,1
1279.8,132.7,1
1280.0,126.6,1
1280.1,135.3,1
1280.2,132.4,1
1280.4,138.9,1
1285.5,110.8,1
1285.6,119.3,1
1285.7,119.0,1
1285.9,143.8,1
1286.0,118.6,1
1291.1,138.0,1
1291.2,103.3,1
1291.3,123.1,1
1291.5,105.8,1
1291.6,127.7,1
1296.7,140.5,1
1296.8,118.3,1
1297.0,149.4,1
1297.1,148.1,1
1297.3,132.3,1
1302.4,127.6,1
1302.5,110.0,1
1302.6,133.8,1
1302.8,134.8,1
1302.9,108.9,1
1308.0,116.8,1
1308.2,144.4,1
1308.3,146.5,1
1308.5,149.1,1
1308.6,134.8,1
1313.7,153.5,1
1313.9,167.8,1
1314.1,187.8,1
1314.3,162.6,1
1314.4,187.7,1
1319.6,142.9,1
1319.7,140.2,1
1319.9,130.8,1
1320.0,123.9,1
1320.1,152.5,1
1325.3,145.2,1
1325.4,153.3,1
1325.6,139.9,1
1325.7,142.1,1
1325.9,136.1,1
1331.0,150.6,1
1331.2,151.5,1
1331.3,146.7,1
1331.5,131.3,1
1331.6,112.5,1
1336.7,119.6,1
1336.8,122.5,1
1336.9,126.2,1
1337.1,139.3,1
1337.2,134.5,1
1342.3,129.7,1
1342.5,150.8,1
1342.6,121.1,1
1342.7,119.6,1
1342.9,142.7,1
1348.0,129.1,1
1348.2,137.3,1
1348.3,120.6,1
1348.4,99.9,1
1348.5,110.5,1
1353.6,139.3,1
1353.8,150.7,1
1353.9,148.2,1
1354.1,127.1,1
1354.2,146.9,1
1359.3,132.9,1
1359.5,124.7,1
1359.6,142.6,1
1359.7,135.2,1
1359.9,148.2,1
1365.1,159.8,1
1365.2,146.8,1
1365.3,131.8,1
1365.5,145.4,1
1365.6,143.5,1
1370.8,145.1,1
1370.9,142.5,1
1371.1,154.1,1
1371.2,144.3,1
1371.4,140.3,1
1376.5,99.6,1
1376.6,117.6,1
1376.7,103.2,1
1376.8,121.8,1
1376.9,146.4,1
1382.0,94.3,1
1382.1,104.5,1
1382.3,125.2,1
1382.4,133.2,1
1382.5,125.0,1
1387.6,101.8,1
1387.7,104.0,1
1387.9,137.5,1
1388.0,127.1,1
1388.1,141.1,1
1393.3,128.7,1
1393.4,135.5,1
1393.5,126.1,1
1393.7,132.8,1
1393.8,135.3,1
1399.0,137.5,1
1399.1,126.6,1
1399.2,140.2,1
1399.4,129.3,1
1399.5,133.2,1
1404.6,136.5,1
1404.8,129.8,1
1404.9,145.2,1
1405.0,146.1,1
1405.2,128.5,1
1410.3,143.6,1
1410.5,131.4,1
1410.6,146.7,1
1410.7,138.4,1
1410.9,139.0,1
1416.0,143.3,1
1416.1,115.0,1
1416.3,137.6,1
1416.4,132.8,1
1416.5,128.7,1
1421.6,98.4,1
1421.8,116.2,1
1421.9,111.1,1
1422.0,131.0,1
1422.1,144.6,1
1427.3,137.5,1
1427.4,130.5,1
1427.6,141.8,1
1427.7,124.8,1
1427.8,95.8,1
1432.9,106.9,1
1433.0,109.4,1
1433.1,134.2,1
1433.2,111.3,1
1433.4,128.7,1
1438.5,139.6,1
1438.6,126.6,1
1438.8,121.8,1
1438.9,97.7,1
1439.0,115.8,1
1444.1,146.2,1
1444.3,176.7,1
1444.5,151.4,1
1444.6,157.3,1
1444.8,166.8,1
1449.9,147.0,1
1450.1,134.0,1
1450.2,137.1,1
1450.4,142.1,1
1450.5,141.1,1
1455.7,153.6,1
1455.8,139.1,1
1455.9,149.9,1
1456.1,148.3,1
1456.2,134.7,1
1461.4,148.6,1
1461.6,185.7,1
1461.7,162.4,1
1461.9,152.8,1
1462.0,132.1,1
1467.1,102.5,1
1467.3,144.7,1
1467.4,128.5,1
1467.5,146.6,1
1467.7,122.4,1
1472.8,147.8,1
1472.9,120.9,1
1473.1,148.1,1
1473.2,138.8,1
1473.4,133.2,1
1478.5,148.9,1
1478.6,102.2,1
1478.7,116.6,1
1478.9,127.4,1
1478.9,95.8,1
1484.1,141.6,1
1484.2,138.7,1
1484.3,110.9,1
1484.5,140.6,1
1484.6,127.0,1
1489.8,149.5,1
1489.9,128.0,1
1490.0,127.6,1
1490.2,137.0,1
1490.3,130.3,1
1495.4,140.8,1
1495.6,140.0,1
1495.7,144.4,1
1495.8,131.9,1
1496.0,147.9,1
1501.1,137.6,1
1501.3,148.4,1
1501.4,152.6,1
1501.6,145.5,1
1501.7,141.0,1
1506.8,98.1,1
1507.0,128.8,1
1507.1,136.2,1
1507.2,139.7,1
1507.4,149.8,1
1512.5,143.9,1
1512.7,137.3,1
1512.8,129.5,1
1512.9,147.7,1
1513.1,110.8,1
1518.2,112.7,1
1518.3,143.2,1
1518.4,110.4,1
1518.6,125.5,1
1518.7,131.0,1
1523.8,150.7,1
1524.0,147.3,1
1524.1,125.6,1
1524.2,130.5,1
1524.4,131.1,1
1529.5,151.2,1
1529.7,131.3,1
1529.8,142.8,1
1529.9,96.7,1
1530.0,127.0,1
1535.2,149.5,1
1535.3,151.3,1
1535.5,134.6,1
1535.6,142.2,1
1535.8,162.8,1
1540.9,152.0,1
1541.1,138.4,1
1541.2,150.8,1
1541.4,140.8,1
1541.5,142.2,1
1546.7,154.7,1
1546.8,150.7,1
1547.0,149.7,1
1547.1,169.4,1
1547.3,125.5,1
1552.4,125.2,1
1552.5,130.1,1
1552.7,147.8,1
1552.8,147.6,1
1552.9,124.0,1
1558.1,127.6,1
1558.2,144.0,1
1558.3,103.4,1
1558.4,124.0,1
1558.6,125.0,1
1563.7,117.6,1
1563.8,101.8,1
1563.9,115.4,1
1564.0,99.1,1
1564.2,155.2,1
1569.3,133.0,1
1569.4,119.7,1
1569.5,117.5,1
1569.6,108.3,1
1569.8,139.8,1
1574.9,143.6,1
1575.1,120.4,1
1575.2,138.3,1
1575.3,143.8,1
1575.5,171.1,1
1580.7,151.5,1
1580.8,138.0,1
1581.0,151.2,1
1581.1,140.9,1
1581.2,148.8,1
1586.4,153.3,1
1586.5,105.5,1
1586.6,135.7,1
1586.8,142.6,1
1586.9,140.2,1
1592.1,154.5,1
1592.2,144.4,1
1592.4,182.5,1
1592.6,159.9,1
1592.7,141.4,1
1597.8,110.5,1
1597.9,115.7,1
1598.1,141.1,1
1598.2,124.9,1
1598.3,119.6,1
1603.4,111.4,1
1603.6,142.8,1
1603.7,113.0,1
1603.8,127.0,1
1604.0,124.3,1
1609.1,112.6,1
1609.2,128.2,1
1609.3,97.9,1
1609.4,125.7,1
1609.5,117.3,1
1614.7,126.7,1
1614.8,126.3,1
1614.9,135.3,1
1615.1,133.1,1
1615.2,142.1,1
1620.3,104.2,1
1620.4,118.8,1
1620.6,131.4,1
1620.7,137.9,1
1620.8,120.7,1
1626.0,138.7,1
1626.1,132.6,1
1626.2,138.6,1
1626.4,116.8,1
1626.5,134.2,1
1631.6,149.6,1
1631.8,143.1,1
1631.9,159.7,1
1632.1,141.4,1
1632.2,143.4,1
1637.4,146.8,1
1637.5,134.1,1
1637.6,134.4,1
1637.8,151.4,1
1638.0,178.9,1
1643.1,123.2,1
1643.2,96.1,1
1643.3,104.9,1
1643.4,129.6,1
1643.5,101.7,1
1648.7,141.0,1
1648.8,142.0,1
1649.0,144.6,1
1649.1,131.3,1
1649.2,117.2,1
1654.3,115.4,1
1654.5,119.3,1
1654.6,115.0,1
1654.7,130.8,1
1654.8,142.4,1
1660.0,133.0,1
1660.1,121.9,1
1660.3,145.7,1
1660.4,119.9,1
1660.5,129.0,1
1665.6,133.1,1
1665.8,118.2,1
1665.9,141.3,1
1666.0,131.8,1
1666.2,146.8,1
1671.3,151.4,1
1671.5,141.2,1
1671.6,139.2,1
1671.8,137.1,1
1671.9,140.1,1
1677.0,141.2,1
1677.2,141.0,1
1677.3,141.6,1
1677.5,139.8,1
1677.6,125.6,1
1682.7,153.2,1
1682.9,164.1,1
1683.0,138.3,1
1683.2,139.9,1
1683.3,136.0,1
1688.5,146.0,1
1688.6,136.3,1
1688.7,118.4,1
1688.8,95.6,1
1688.9,124.1,1
1694.1,139.0,1
1694.2,137.8,1
1694.3,108.6,1
1694.5,130.9,1
1694.6,144.1,1
1699.8,144.7,1
1699.9,138.1,1
1700.0,113.6,1
1700.1,108.1,1
1700.2,109.6,1
1705.4,117.7,1
1705.5,126.2,1
1705.6,147.2,1
1705.8,143.4,1
1705.9,130.9,1
1711.1,147.3,1
1711.2,135.9,1
1711.3,137.8,1
1711.5,137.6,1
1711.6,138.4,1
1716.8,141.3,1
1716.9,145.6,1
1717.0,132.3,1
1717.2,129.3,1
1717.3,146.1,1
1722.5,169.6,1
1722.7,193.1,1
1722.8,152.2,1
1723.0,145.5,1
1723.1,134.2,1
1728.2,114.5,1
1728.4,136.7,1
1728.5,136.7,1
1728.6,146.4,1
1728.8,147.3,1
1733.9,104.9,1
1734.0,137.5,1
1734.2,141.1,1
1734.3,139.3,1
1734.4,127.8,1
1739.6,127.5,1
1739.7,143.3,1
1739.8,113.2,1
1740.0,139.9,1
1740.1,100.6,1
1745.2,122.4,1
1745.3,144.4,1
1745.4,96.9,1
1745.5,95.8,1
1745.7,117.3,1
1750.8,117.7,1
1750.9,125.1,1
1751.0,99.3,1
1751.2,148.9,1
1751.3,119.1,1
1756.4,120.1,1
1756.5,138.4,1
1756.7,154.8,1
1756.8,128.0,1
1756.9,129.0,1
1762.1,104.5,1
1762.2,146.7,1
1762.4,147.7,1
1762.5,138.6,1
1762.6,135.0,1
1767.8,142.4,1
1767.9,137.5,1
1768.0,134.9,1
1768.2,144.4,1
1768.3,154.8,1
1773.5,148.9,1
1773.6,133.5,1
1773.8,154.2,1
1773.9,138.1,1
1774.1,143.8,1
1779.2,95.0,1
1779.3,122.4,1
1779.4,117.3,1
1779.5,110.7,1
1779.6,103.5,1
1784.8,132.2,1
1784.9,113.4,1
1785.0,127.9,1
1785.1,99.6,1
1785.2,130.1,1
1790.3,115.8,1
1790.5,125.0,1
1790.6,113.5,1
1790.7,136.6,1
1790.8,119.9,1
1795.9,97.0,1
1796.1,131.1,1
1796.2,105.6,1
1796.3,143.9,1
1796.5,134.9,1
1801.6,150.5,1
1801.7,104.2,1
1801.9,152.0,1
1802.0,147.8,1
1802.2,130.9,1
1807.3,126.9,1
1807.4,128.2,1
1807.6,147.2,1
1807.7,132.1,1
1807.8,121.4,1
1812.9,130.0,1
1813.1,127.4,1
1813.2,149.2,1
1813.4,141.0,1
1813.5,145.8,1
1818.7,137.9,1
1818.8,140.6,1
1818.9,129.1,1
1819.1,162.5,1
1819.2,122.3,1
1824.3,105.6,1
1824.4,112.6,1
1824.6,127.7,1
1824.7,123.2,1
1824.8,118.9,1
1829.9,126.7,1
1830.1,127.1,1
1830.2,98.0,1
1830.3,134.5,1
1830.4,106.4,1
1835.5,109.7,1
1835.6,139.1,1
1835.8,130.9,1
1835.9,123.6,1
1836.0,140.8,1
1841.2,116.0,1
1841.3,146.6,1
1841.4,97.9,1
1841.5,115.7,1
1841.6,121.7,1
1846.8,118.6,1
1846.9,132.7,1
1847.0,148.9,1
1847.2,127.9,1
1847.3,117.0,1
1852.5,153.7,1
1852.6,151.5,1
1852.8,147.9,1
1853.0,207.8,1
1853.1,150.8,1
1858.2,130.0,1
1858.4,150.1,1
1858.5,155.3,1
1858.7,145.0,1
1858.8,145.9,1
1864.0,141.4,1
1864.1,133.1,1
1864.3,139.2,1
1864.4,128.6,1
1864.5,135.3,1
1869.7,147.9,1
1869.8,134.3,1
1869.9,106.4,1
1870.0,102.7,1
1870.2,143.0,1
1875.3,145.3,1
1875.4,125.4,1
1875.6,123.1,1
1875.7,130.4,1
1875.8,137.0,1
1881.0,138.7,1
1881.1,141.6,1
1881.2,125.5,1
1881.4,135.4,1
1881.5,93.8,1
1886.6,143.8,1
1886.8,144.9,1
1886.9,142.1,1
1887.0,135.5,1
1887.1,109.6,1
1892.3,128.5,1
1892.4,128.8,1
1892.6,141.1,1
1892.7,154.5,1
1892.9,145.5,1
1898.0,152.8,1
1898.2,142.0,1
1898.3,148.2,1
1898.4,134.5,1
1898.6,140.6,1
1903.7,142.7,1
1903.9,149.9,1
1904.0,128.1,1
1904.2,152.3,1
1904.3,133.3,1
1909.4,149.8,1
1909.6,159.2,1
1909.7,138.9,1
1909.9,143.6,1
1910.0,127.3,1
1915.1,97.4,1
1915.2,106.5,1
1915.4,132.2,1
1915.5,145.6,1
1915.6,121.5,1
1920.7,98.5,1
1920.9,130.5,1
1921.0,119.4,1
1921.1,102.1,1
1921.2,127.4,1
1926.3,131.3,1
1926.4,109.2,1
1926.5,101.5,1
1926.7,113.1,1
1926.8,133.2,1
1931.9,114.5,1
1932.0,102.2,1
1932.2,142.3,1
1932.3,139.2,1
1932.4,128.8,1
1937.6,123.9,1
1937.7,148.8,1
1937.8,144.8,1
1938.0,129.7,1
1938.1,149.8,1
1943.3,121.7,1
1943.4,136.5,1
1943.5,131.9,1
1943.7,142.1,1
1943.8,138.9,1
1948.9,133.5,1
1949.1,135.4,1
1949.2,135.0,1
1949.3,134.8,1
1949.5,147.8,1
1954.6,138.4,1
1954.8,153.3,1
1954.9,159.2,1
1955.1,148.3,1
1955.2,139.0,1
1960.3,97.7,1
1960.4,96.9,1
1960.6,136.5,1
1960.7,136.1,1
1960.8,141.7,1
1966.0,109.9,1
1966.1,143.0,1
1966.2,137.7,1
1966.4,158.4,1
1966.5,132.6,1
1971.7,123.2,1
1971.8,119.8,1
1971.9,127.1,1
1972.0,103.0,1
1972.2,144.9,1
1977.3,111.0,1
1977.4,123.1,1
1977.5,147.0,1
1977.7,121.8,1
1977.8,134.6,1
1983.0,159.6,1
1983.1,153.0,1
1983.3,150.6,1
1983.5,203.2,1
1983.6,155.0,1
1988.8,124.1,1
1988.9,136.2,1
1989.0,143.6,1
1989.2,147.6,1
1989.3,128.1,1
1994.5,141.0,1
1994.6,149.0,1
1994.8,145.6,1
1994.9,137.1,1
1995.0,135.6,1
2000.2,206.5,1
2000.4,148.7,1
2000.6,167.1,1
2000.7,143.4,1
2000.8,141.2,1
2006.0,141.3,1
2006.1,105.9,1
2006.2,141.0,1
2006.4,139.1,1
2006.5,133.6,1
2011.6,134.8,1
2011.8,135.6,1
2011.9,133.2,1
2012.0,103.9,1
2012.2,140.2,1
2017.3,94.9,1
2017.4,112.9,1
2017.5,97.2,1
2017.6,112.5,1
2017.7,143.1,1
2022.9,135.3,1
2023.0,141.3,1
2023.1,120.1,1
2023.3,149.3,1
2023.4,143.9,1
2028.6,138.2,1
2028.7,152.6,1
2028.8,131.8,1
2029.0,150.3,1
2029.1,130.0,1
2034.3,139.7,1
2034.4,148.3,1
2034.6,147.1,1
2034.7,150.2,1
2034.8,125.7,1
2040.0,130.2,1
2040.1,140.0,1
2040.3,139.0,1
2040.4,148.0,1
2040.5,138.8,1
2045.7,134.1,1
2045.8,134.0,1
2046.0,138.0,1
2046.1,148.1,1
2046.2,116.1,1
2051.3,114.4,1
2051.5,123.1,1
2051.6,131.4,1
2051.7,144.6,1
2051.8,101.7,1
2056.9,110.0,1
2057.1,144.1,1
2057.2,128.4,1
2057.3,98.9,1
2057.4,121.2,1
2062.6,120.4,1
2062.7,132.5,1
2062.8,138.6,1
2063.0,113.6,1
2063.1,114.3,1
2068.2,121.6,1
2068.3,131.8,1
2068.4,115.0,1
2068.6,130.2,1
2068.7,127.3,1
2073.8,141.8,1
2074.0,152.9,1
2074.1,144.2,1
2074.3,147.1,1
2074.4,141.8,1
2079.6,144.5,1
2079.7,146.3,1
2079.9,149.2,1
2080.1,189.4,1
2080.2,165.6,1
2085.4,134.7,1
2085.5,137.6,1
2085.7,142.8,1
2085.8,145.8,1
2085.9,146.2,1
2091.1,126.4,1
2091.2,149.2,1
2091.3,123.8,1
2091.5,127.5,1
2091.6,149.6,1
2096.8,143.9,1
2096.9,113.5,1
2097.0,155.3,1
2097.2,153.9,1
2097.3,147.0,1
2102.5,103.4,1
2102.6,147.9,1
2102.7,135.5,1
2102.9,127.8,1
2103.0,134.2,1
2108.1,105.8,1
2108.2,144.4,1
2108.4,148.2,1
2108.5,111.4,1
2108.7,146.9,1
2113.8,145.3,1
2113.9,121.8,1
2114.1,159.5,1
2114.2,150.5,1
2114.4,149.9,1
2119.5,137.1,1
2119.7,147.3,1
2119.8,163.8,1
2120.0,127.5,1
2120.1,136.5,1
2125.2,136.9,1
2125.4,136.5,1
2125.5,135.5,1
2125.7,148.7,1
2125.8,144.9,1
2130.9,131.8,1
2131.1,145.2,1
2131.2,145.0,1
2131.4,129.8,1
2131.5,134.6,1
2136.6,135.8,1
2136.8,130.5,1
2136.9,148.0,1
2137.1,139.5,1
2137.2,96.7,1
2142.3,94.7,1
2142.4,103.1,1
2142.5,115.8,1
2142.6,128.3,1
2142.7,126.5,1
2147.9,136.6,1
2148.0,145.1,1
2148.2,143.9,1
2148.3,129.9,1
2148.4,119.6,1
2153.5,128.9,1
2153.7,135.4,1
2153.8,128.9,1
2154.0,145.7,1
2154.1,119.7,1
2159.2,123.0,1
2159.3,146.9,1
2159.5,116.7,1
2159.6,152.3,1
2159.8,132.9,1
2164.9,150.2,1
2165.0,120.9,1
2165.2,126.2,1
2165.3,148.4,1
2165.4,139.2,1
2170.6,148.7,1
2170.7,131.2,1
2170.9,144.4,1
2171.0,149.5,1
2171.2,137.8,1
2176.3,131.8,1
2176.4,139.8,1
2176.6,148.6,1
2176.7,140.0,1
2176.9,149.3,1
2182.0,126.3,1
2182.1,97.8,1
2182.2,96.1,1
2182.3,136.1,1
2182.5,136.3,1
2187.6,98.6,1
2187.7,129.2,1
2187.8,112.9,1
2188.0,147.8,1
2188.1,103.0,1
2193.2,125.1,1
2193.3,112.8,1
2193.4,112.0,1
2193.5,114.6,1
2193.6,114.0,1
2198.8,143.0,1
2198.9,102.5,1
2199.0,121.5,1
2199.1,121.6,1
2199.3,134.0,1
2204.4,130.8,1
2204.5,120.4,1
2204.6,103.2,1
2204.8,129.7,1
2204.9,141.5,1
2210.1,151.7,1
2210.2,134.3,1
2210.3,140.6,1
2210.5,133.0,1
2210.6,123.8,1
2215.7,102.5,1
2215.8,123.9,1
2216.0,126.7,1
2216.1,158.7,1
2216.2,127.4,1
2221.4,149.7,1
2221.5,142.8,1
2221.7,135.1,1
2221.8,138.9,1
2222.0,146.7,1
2227.1,113.7,1
2227.2,144.1,1
2227.4,134.7,1
2227.5,118.5,1
2227.6,140.6,1
2232.8,143.1,1
2232.9,140.8,1
2233.0,140.9,1
2233.2,117.6,1
2233.3,119.9,1
2238.4,98.7,1
2238.5,150.9,1
2238.7,133.5,1
2238.8,130.6,1
2238.9,143.7,1
2244.1,144.8,1
2244.2,134.7,1
2244.4,139.4,1
2244.5,153.1,1
2244.7,136.7,1
2249.8,117.0,1
2249.9,135.1,1
2250.0,102.9,1
2250.1,134.5,1
2250.3,143.0,1
2255.4,136.0,1
2255.6,128.8,1
2255.7,146.5,1
2255.8,129.7,1
2256.0,151.8,1
2261.2,164.9,1
2261.4,192.2,1
2261.5,136.8,1
2261.6,136.0,1
2261.8,138.2,1
2266.9,143.6,1
2267.0,138.2,1
2267.2,109.2,1
2267.3,154.3,1
2267.4,131.0,1
2272.6,110.3,1
2272.7,128.7,1
2272.8,132.2,1
2273.0,131.0,1
2273.1,131.8,1
2278.2,132.4,1
2278.4,138.7,1
2278.5,98.7,1
2278.6,117.6,1
2278.7,99.8,1
2283.8,133.7,1
2283.9,96.5,1
2284.0,124.2,1
2284.1,105.3,1
2284.3,117.2,1
2289.4,132.1,1
2289.5,144.1,1
2289.7,139.4,1
2289.8,125.7,1
2289.9,137.6,1
2295.1,107.9,1
2295.1,95.1,1
2295.3,104.0,1
2295.4,136.5,1
2295.5,124.4,1
2300.7,151.0,1
2300.8,145.0,1
2300.9,129.9,1
2301.1,121.9,1
2301.2,147.0,1
2306.3,131.3,1
2306.5,140.7,1
2306.6,135.7,1
2306.8,132.6,1
2306.9,133.0,1
2312.0,102.9,1
2312.1,146.0,1
2312.3,145.9,1
2312.4,116.3,1
2312.5,141.7,1
2317.7,130.4,1
2317.8,110.4,1
2317.9,138.3,1
2318.1,129.6,1
2318.2,141.3,1
2323.4,149.0,1
2323.5,117.5,1
2323.6,148.9,1
2323.7,113.1,1
2323.9,151.2,1
2329.0,130.5,1
2329.1,124.8,1
2329.3,113.4,1
2329.4,135.9,1
2329.5,98.6,1
2334.6,136.8,1
2334.8,146.9,1
2334.9,136.7,1
2335.0,110.9,1
2335.2,136.6,1
2340.3,112.0,1
2340.4,138.1,1
2340.6,145.5,1
2340.7,151.5,1
2340.8,115.6,1
2346.0,136.3,1
2346.1,148.2,1
2346.3,142.6,1
2346.4,148.9,1
2346.6,137.0,1
2351.7,137.3,1
2351.8,139.9,1
2352.0,138.2,1
2352.1,140.5,1
2352.2,129.6,1
2357.4,120.1,1
2357.5,160.4,1
2357.7,126.5,1
2357.8,152.1,1
2358.0,197.9,1
2363.1,104.3,1
2363.2,129.2,1
2363.4,137.0,1
2363.5,133.9,1
2363.6,119.4,1
2368.7,97.9,1
2368.9,132.9,1
2369.0,132.0,1
2369.1,122.9,1
2369.2,105.6,1
2374.3,108.8,1
2374.5,117.6,1
2374.6,146.1,1
2374.7,138.7,1
2374.9,146.1,1
2380.0,103.2,1
2380.1,119.1,1
2380.2,113.0,1
2380.4,135.0,1
2380.5,98.9,1
2385.6,151.4,1
2385.7,121.3,1
2385.9,125.4,1
2386.0,149.2,1
2386.2,159.1,1
2391.3,148.5,1
2391.5,149.8,1
2391.6,150.6,1
2391.8,142.7,1
2391.9,171.8,1
2397.1,141.9,1
2397.2,126.4,1
2397.4,140.2,1
2397.5,137.7,1
2397.6,148.0,1
2402.8,131.8,1
2402.9,139.2,1
2403.1,138.8,1
2403.2,141.5,1
2403.3,136.7,1
2408.5,151.4,1
2408.6,134.2,1
2408.7,122.2,1
2408.9,122.8,1
2409.0,129.0,1
2414.1,95.9,1
2414.2,138.2,1
2414.3,102.3,1
2414.5,145.8,1
2414.6,142.4,1
2419.8,129.6,1
2419.9,133.5,1
2420.0,111.4,1
2420.1,143.9,1
2420.3,133.5,1
2425.4,95.5,1
2425.5,124.6,1
2425.6,112.0,1
2425.7,120.2,1
2425.8,107.6,1
2431.0,130.3,1
2431.1,130.6,1
2431.2,134.0,1
2431.4,134.4,1
2431.5,138.6,1
2436.7,150.7,1
2436.8,138.9,1
2437.0,144.6,1
2437.1,145.6,1
2437.2,140.8,1
2442.4,138.4,1
2442.5,129.0,1
2442.7,164.7,1
2442.8,135.1,1
2442.9,132.5,1
2448.1,134.2,1
2448.2,148.2,1
2448.4,142.2,1
2448.5,162.2,1
2448.7,151.7,1
2453.8,99.3,1
2453.9,111.9,1
2454.0,130.1,1
2454.2,146.5,1
2454.3,99.6,1
2459.4,131.1,1
2459.6,149.7,1
2459.7,139.8,1
2459.8,110.3,1
2459.9,105.0,1
2465.1,146.3,1
2465.2,139.8,1
2465.3,128.7,1
2465.5,145.8,1
2465.6,128.2,1
2470.8,146.7,1
2470.9,95.5,1
2471.0,115.6,1
2471.1,132.3,1
2471.3,146.0,1
2476.4,153.6,1
2476.6,142.0,1
2476.7,149.0,1
2476.8,140.6,1
2477.0,134.7,1
2482.1,132.9,1
2482.3,136.0,1
2482.4,140.3,1
2482.5,139.9,1
2482.7,149.3,1
2487.8,152.6,1
2488.0,132.2,1
2488.1,141.6,1
2488.3,141.0,1
2488.4,146.8,1
2493.5,122.4,1
2493.7,153.5,1
2493.8,151.6,1
2494.0,145.8,1
2494.1,137.1,1
2499.2,103.8,1
2499.4,147.8,1
2499.5,117.5,1
2499.6,114.3,1
2499.7,132.9,1
2504.9,115.5,1
2505.0,125.7,1
2505.2,168.0,1
2505.3,140.1,1
2505.4,144.7,1
2510.6,111.6,1
2510.7,138.0,1
2510.8,146.5,1
2510.9,105.9,1
2511.1,126.5,1
2516.2,136.7,1
2516.3,131.6,1
2516.5,133.2,1
2516.6,126.2,1
2516.7,93.7,1
2521.9,154.3,1
2522.0,157.0,1
2522.2,166.0,1
2522.4,191.9,1
2522.6,177.4,1
2527.7,141.9,1
2527.8,133.9,1
2528.0,141.6,1
2528.1,139.1,1
2528.3,143.6,1
2533.4,130.4,1
2533.5,121.8,1
2533.6,117.0,1
2533.8,157.8,1
2533.9,153.3,1
2539.1,139.5,1
2539.2,149.5,1
2539.4,135.8,1
2539.5,120.4,1
2539.6,139.4,1
2544.8,135.1,1
2544.9,108.1,1
2545.0,126.7,1
2545.1,130.5,1
2545.3,128.1,1
2550.4,140.7,1
2550.5,103.7,1
2550.6,115.1,1
2550.8,123.9,1
2550.8,96.4,1
2556.0,119.7,1
2556.1,116.3,1
2556.2,97.6,1
2556.3,125.8,1
2556.4,112.6,1
2561.5,104.6,1
2561.7,119.0,1
2561.8,131.6,1
2561.9,96.4,1
2562.0,144.7,1
2567.2,130.3,1
2567.3,134.5,1
2567.4,103.4,1
2567.6,153.1,1
2567.7,146.3,1
2572.8,137.8,1
2573.0,146.8,1
2573.1,137.7,1
2573.3,137.3,1
2573.4,144.5,1
2578.6,147.5,1
2578.7,113.6,1
2578.8,109.4,1
2578.9,146.8,1
2579.1,157.7,1
2584.2,129.8,1
2584.4,152.5,1
2584.5,124.8,1
2584.6,137.4,1
2584.8,136.1,1
2589.9,120.0,1
2590.0,129.7,1
2590.2,141.6,1
2590.3,113.9,1
2590.4,134.0,1
2595.5,120.0,1
2595.7,148.7,1
2595.8,136.5,1
2595.9,117.3,1
2596.1,148.7,1
2601.2,140.5,1
2601.3,100.2,1
2601.5,153.9,1
2601.6,123.2,1
2601.8,138.0,1
2606.9,104.7,1
2607.0,141.6,1
2607.1,98.4,1
2607.2,125.9,1
2607.3,120.3,1
2612.5,102.5,1
2612.6,116.2,1
2612.7,139.2,1
2612.9,150.2,1
2613.0,123.0,1
2618.1,144.5,1
2618.3,144.0,1
2618.4,140.9,1
2618.6,131.3,1
2618.7,146.2,1
2623.8,151.8,1
2624.0,136.4,1
2624.1,139.6,1
2624.3,136.5,1
2624.4,126.1,1
2629.5,153.9,1
2629.7,148.5,1
2629.8,134.4,1
2630.0,158.4,1
2630.1,141.3,1
2635.3,142.8,1
2635.4,106.3,1
2635.5,114.1,1
2635.6,136.3,1
2635.8,140.1,1
2640.9,126.1,1
2641.0,135.0,1
2641.2,120.9,1
2641.3,93.5,1
2641.4,109.8,1
2646.5,134.2,1
2646.6,102.4,1
2646.7,128.3,1
2646.8,98.2,1
2647.0,127.2,1
2652.1,139.3,1
2652.2,130.3,1
2652.4,139.5,1
2652.5,143.3,1
2652.7,152.7,1
2657.8,129.1,1
2658.0,157.2,1
2658.1,128.1,1
2658.2,121.9,1
2658.3,136.5,1
2663.5,137.0,1
2663.6,123.8,1
2663.8,145.1,1
2663.9,139.3,1
2664.1,155.0,1
2669.2,150.1,1
2669.4,159.5,1
2669.5,141.0,1
2669.7,149.5,1
2669.8,131.4,1
2674.9,137.1,1
2675.1,150.5,1
2675.2,142.2,1
2675.4,141.5,1
2675.5,146.3,1
2680.6,111.8,1
2680.8,132.9,1
2680.9,132.8,1
2681.0,137.6,1
2681.2,137.6,1
2686.3,127.3,1
2686.4,123.1,1
2686.6,136.1,1
2686.7,132.1,1
2686.8,112.8,1
2691.9,135.2,1
2692.0,96.7,1
2692.2,129.9,1
2692.3,126.2,1
2692.4,131.8,1
2697.5,103.0,1
2697.7,142.7,1
2697.8,136.5,1
2697.9,130.2,1
2698.1,128.5,1
2703.2,144.8,1
2703.4,134.1,1
2703.5,113.1,1
2703.6,148.1,1
2703.8,153.1,1
2708.9,150.8,1
2709.1,146.6,1
2709.2,145.8,1
2709.3,113.9,1
2709.5,139.1,1
2714.6,108.2,1
2714.7,142.4,1
2714.9,133.7,1
2715.0,130.8,1
2715.1,150.0,1
2720.3,127.1,1
2720.4,141.1,1
2720.5,115.0,1
2720.7,131.9,1
2720.8,141.0,1
2725.9,133.3,1
2726.1,129.7,1
2726.2,122.1,1
2726.3,112.0,1
2726.4,99.6,1
2731.5,108.1,1
2731.6,121.6,1
2731.8,115.7,1
2731.9,113.6,1
2732.0,110.4,1
2737.1,130.8,1
2737.2,105.6,1
2737.4,135.8,1
2737.5,104.1,1
2737.6,113.8,1
2742.7,131.7,1
2742.9,138.3,1
2743.0,133.5,1
2743.1,125.5,1
2743.2,130.7,1
2748.4,139.5,1
2748.5,142.9,1
2748.7,148.3,1
2748.8,144.3,1
2749.0,130.4,1
2754.1,134.8,1
2754.2,130.5,1
2754.4,143.3,1
2754.5,134.5,1
2754.6,130.6,1
2759.8,145.2,1
2759.9,112.2,1
2760.0,140.8,1
2760.2,145.9,1
2760.3,135.5,1
2765.4,114.4,1
2765.6,127.3,1
2765.7,116.7,1
2765.8,130.2,1
2765.9,142.1,1
2771.1,99.5,1
2771.2,102.3,1
2771.3,142.6,1
2771.4,94.4,1
2771.5,133.1,1
2776.6,100.5,1
2776.7,104.0,1
2776.9,140.9,1
2777.0,112.9,1
2777.1,131.1,1
2782.2,122.7,1
2782.3,96.4,1
2782.5,126.1,1
2782.6,125.9,1
2782.7,146.8,1
2787.9,133.1,1
2788.0,106.1,1
2788.1,114.1,1
2788.2,131.0,1
2788.4,134.9,1
2793.5,143.5,1
2793.7,138.4,1
2793.8,144.8,1
2793.9,133.9,1
2794.1,159.3,1
2799.2,140.8,1
2799.4,136.2,1
2799.5,170.8,1
2799.7,155.0,1
2799.9,151.7,1
2805.0,108.1,1
2805.1,160.0,1
2805.3,155.7,1
2805.4,150.2,1
2805.6,138.1,1
2810.7,153.5,1
2810.9,129.6,1
2811.0,147.7,1
2811.2,148.4,1
2811.3,134.4,1
2816.4,147.2,1
2816.6,110.4,1
2816.7,124.1,1
2816.8,137.9,1
2816.9,131.3,1
2822.1,130.1,1
2822.2,110.8,1
2822.3,134.6,1
2822.4,111.9,1
2822.6,144.6,1
2827.7,123.1,1
2827.8,105.1,1
2827.9,119.4,1
2828.1,130.5,1
2828.2,109.6,1
2833.3,136.1,1
2833.4,134.4,1
2833.6,112.2,1
2833.7,141.4,1
2833.8,116.7,1
2839.0,134.2,1
2839.1,132.1,1
2839.2,136.4,1
2839.4,145.1,1
2839.5,146.8,1
2844.7,146.0,1
2844.8,150.2,1
2845.0,144.6,1
2845.1,137.5,1
2845.2,145.4,1
2850.4,133.7,1
2850.5,124.0,1
2850.6,138.6,1
2850.8,148.0,1
2850.9,105.1,1
2856.0,126.1,1
2856.2,126.4,1
2856.3,144.8,1
2856.4,137.5,1
2856.6,142.5,1
2861.7,139.6,1
2861.8,116.7,1
2861.9,99.2,1
2862.1,118.9,1
2862.2,124.1,1
2867.3,138.7,1
2867.4,108.7,1
2867.6,127.4,1
2867.7,129.0,1
2867.8,111.5,1
2872.9,104.8,1
2873.0,120.7,1
2873.2,133.4,1
2873.3,137.3,1
2873.4,135.0,1
2878.6,119.3,1
2878.7,130.4,1
2878.8,111.0,1
2878.9,107.3,1
2879.0,117.4,1
2884.2,125.7,1
2884.3,120.1,1
2884.4,134.7,1
2884.6,136.1,1
2884.7,144.9,1
2889.8,119.0,1
2889.9,126.9,1
2890.1,126.7,1
2890.2,135.3,1
2890.3,136.9,1
2895.5,136.1,1
2895.6,129.3,1
2895.8,139.3,1
2895.9,126.9,1
2896.0,150.1,1
2901.2,145.6,1
2901.3,140.8,1
2901.5,130.8,1
2901.6,147.3,1
2901.7,120.9,1
2906.8,107.4,1
2906.9,111.4,1
2907.1,132.6,1
2907.2,135.4,1
2907.4,146.8,1
2912.5,132.6,1
2912.6,139.9,1
2912.8,119.3,1
2912.9,116.3,1
2913.0,142.6,1
2918.1,118.9,1
2918.2,99.3,1
2918.3,93.9,1
2918.5,133.4,1
2918.6,136.5,1
2923.7,110.1,1
2923.9,142.9,1
2924.0,133.6,1
2924.1,97.6,1
2924.2,127.2,1
2929.4,157.6,1
2929.5,154.4,1
2929.7,144.5,1
2929.9,180.9,1
2930.0,156.0,1
2935.2,148.7,1
2935.3,168.3,1
2935.5,150.9,1
2935.6,140.2,1
2935.8,144.8,1
2940.9,141.6,1
2941.1,159.1,1
2941.2,137.9,1
2941.4,149.1,1
2941.5,117.3,1
2946.6,150.3,1
2946.8,137.0,1
2946.9,166.3,1
2947.2,235.4,1
2947.3,165.1,1
2952.4,96.1,1
2952.6,146.2,1
2952.7,103.8,1
2952.8,116.8,1
2952.9,128.0,1
2958.1,122.8,1
2958.2,122.6,1
2958.3,136.0,1
2958.5,134.2,1
2958.6,94.8,1
2963.7,115.4,1
2963.8,150.7,1
2963.9,107.2,1
2964.1,138.7,1
2964.2,112.9,1
2969.3,128.0,1
2969.4,107.4,1
2969.5,111.8,1
2969.7,124.2,1
2969.8,95.1,1
2974.9,133.1,1
2975.0,147.7,1
2975.2,140.2,1
2975.3,147.8,1
2975.5,150.6,1
2980.6,140.6,1
2980.8,130.3,1
2980.9,147.3,1
2981.0,140.0,1
2981.2,120.9,1
2986.3,141.5,1
2986.5,146.0,1
2986.6,153.6,1
2986.8,149.7,1
2986.9,148.2,1
2992.1,151.4,1
2992.2,104.2,1
2992.3,96.4,1
2992.4,155.9,1
2992.5,125.6,1
2997.7,132.7,1
2997.8,133.7,1
2998.0,143.4,1
2998.1,108.5,1
2998.2,143.9,1
3003.3,136.7,1
3003.5,122.3,1
3003.6,130.1,1
3003.7,136.1,1
3003.9,130.2,1
3009.0,145.2,1
3009.2,133.7,1
3009.3,117.2,1
3009.4,106.0,1
3009.5,140.8,1
3014.6,126.3,1
3014.8,130.4,1
3014.9,122.8,1
3015.0,148.0,1
3015.2,141.4,1
3020.4,157.8,1
3020.5,146.0,1
3020.6,130.0,1
3020.8,143.7,1
3020.9,135.9,1
3026.0,137.3,1
3026.2,154.1,1
3026.3,140.1,1
3026.5,138.6,1
3026.6,146.6,1
3031.8,140.9,1
3031.9,135.9,1
3032.0,138.0,1
3032.2,147.4,1
3032.3,138.9,1
3037.5,129.8,1
3037.6,134.8,1
3037.8,147.8,1
3037.9,135.6,1
3038.0,118.9,1
3043.1,105.6,1
3043.2,94.6,1
3043.3,124.8,1
3043.4,104.9,1
3043.6,131.5,1
3048.7,142.1,1
3048.9,134.3,1
3049.0,121.7,1
3049.1,137.0,1
3049.2,96.8,1
3054.3,129.1,1
3054.4,96.4,1
3054.6,117.2,1
3054.7,110.5,1
3054.8,140.6,1
3059.9,123.2,1
3060.1,149.5,1
3060.2,141.6,1
3060.4,137.5,1
3060.5,154.5,1
3065.7,145.3,1
3065.8,147.5,1
3065.9,135.3,1
3066.1,137.3,1
3066.2,137.1,1
3071.3,107.5,1
3071.5,148.4,1
3071.6,137.8,1
3071.8,139.7,1
3071.9,132.2,1
3077.1,179.0,1
3077.3,190.0,1
3077.4,167.2,1
3077.6,155.2,1
3077.8,184.5,1
3082.9,142.0,1
3083.0,125.5,1
3083.2,130.7,1
3083.3,141.6,1
3083.4,128.0,1
3088.6,97.7,1
3088.7,124.2,1
3088.8,148.9,1
3088.9,124.6,1
3089.1,132.8,1
3094.2,114.6,1
3094.3,142.8,1
3094.5,143.7,1
3094.6,106.0,1
3094.7,122.2,1
3099.8,96.1,1
3099.9,126.5,1
3100.1,134.4,1
3100.2,113.1,1
3100.3,131.4,1
3105.5,127.7,1
3105.6,132.4,1
3105.7,132.3,1
3105.9,132.3,1
3106.0,148.4,1
3111.2,149.0,1
3111.3,143.3,1
3111.4,146.5,1
3111.6,144.1,1
3111.7,131.9,1
3116.9,127.6,1
3117.0,122.9,1
3117.1,154.1,1
3117.3,128.1,1
3117.4,138.3,1
3122.5,134.4,1
3122.6,112.6,1
3122.8,144.4,1
3122.9,149.3,1
3123.1,147.5,1
3128.2,134.6,1
3128.4,136.7,1
3128.5,106.4,1
3128.6,98.7,1
3128.7,101.2,1
3133.8,105.0,1
3133.9,150.0,1
3134.1,145.4,1
3134.2,126.7,1
3134.3,94.4,1
3139.4,95.5,1
3139.5,112.7,1
3139.6,127.5,1
3139.8,154.7,1
3139.9,125.0,1
3145.0,115.8,1
3145.1,112.3,1
3145.2,98.7,1
3145.4,108.9,1
3145.5,113.6,1
3150.6,126.5,1
3150.7,134.2,1
3150.9,145.5,1
3151.0,120.8,1
3151.1,121.0,1
3156.3,142.1,1
3156.4,144.7,1
3156.6,149.7,1
3156.7,157.8,1
3156.9,140.9,1
3162.0,139.5,1
3162.2,150.0,1
3162.3,138.3,1
3162.4,134.2,1
3162.5,113.8,1
3167.7,139.0,1
3167.8,133.5,1
3168.0,176.5,1
3168.2,161.3,1
3168.3,135.2,1
3173.5,152.6,1
3173.6,133.8,1
3173.7,131.2,1
3173.9,134.6,1
3174.0,136.9,1
3179.1,99.9,1
3179.2,128.9,1
3179.3,122.4,1
3179.5,114.7,1
3179.6,150.5,1
3184.7,129.0,1
3184.9,118.2,1
3185.0,108.4,1
3185.1,137.0,1
3185.2,136.8,1
3190.3,96.7,1
3190.5,143.8,1
3190.6,143.8,1
3190.8,141.8,1
3190.9,119.6,1
3196.1,150.8,1
3196.2,134.4,1
3196.3,143.9,1
3196.5,130.1,1
3196.6,133.1,1
3201.7,146.1,1
3201.9,132.5,1
3202.0,133.6,1
3202.1,128.5,1
3202.3,136.8,1
3207.4,165.2,1
3207.6,188.1,1
3207.8,170.6,1
3208.0,164.6,1
3208.1,158.8,1
3213.3,137.5,1
3213.4,131.9,1
3213.5,130.7,1
3213.7,139.9,1
3213.8,143.5,1
3218.9,120.8,1
3219.1,146.5,1
3219.2,139.7,1
3219.4,147.4,1
3219.5,121.5,1
3224.6,98.5,1
3224.7,147.0,1
3224.9,118.7,1
3225.0,98.7,1
3225.1,143.6,1
3230.2,122.2,1
3230.4,137.6,1
3230.5,96.1,1
3230.6,114.3,1
3230.7,141.3,1
3235.9,126.7,1
3236.0,109.3,1
3236.1,100.4,1
3236.2,126.5,1
3236.3,104.3,1
3241.5,148.4,1
3241.6,164.0,1
3241.8,146.5,1
3241.9,141.6,1
3242.0,131.3,1
3247.2,119.8,1
3247.3,138.6,1
3247.4,152.4,1
3247.6,112.2,1
3247.7,143.5,1
3252.9,150.5,1
3253.0,141.5,1
3253.1,147.7,1
3253.3,147.7,1
3253.4,137.2,1
3258.6,143.4,1
3258.7,144.3,1
3258.9,157.1,1
3259.0,137.1,1
3259.1,128.2,1
3264.3,97.4,1
3264.4,126.2,1
3264.5,116.8,1
3264.6,138.0,1
3264.7,103.8,1
3269.9,133.0,1
3270.0,146.9,1
3270.2,145.8,1
3270.3,130.1,1
3270.4,141.2,1
3275.5,105.9,1
3275.7,104.9,1
3275.8,131.2,1
3275.9,127.5,1
3276.0,135.1,1
3281.2,116.0,1
3281.3,97.3,1
3281.4,98.4,1
3281.5,126.6,1
3281.6,115.8,1
3286.7,135.3,1
3286.8,99.4,1
3287.0,134.8,1
3287.1,139.3,1
3287.3,157.3,1
3292.4,153.3,1
3292.6,130.8,1
3292.7,146.3,1
3292.9,142.0,1
3293.0,137.8,1
3298.1,146.8,1
3298.3,139.6,1
3298.4,139.1,1
3298.6,144.6,1
3298.7,135.7,1
3303.9,154.1,1
3304.0,132.1,1
3304.1,117.0,1
3304.2,132.0,1
3304.4,142.1,1
3309.5,130.6,1
3309.6,124.9,1
3309.7,96.1,1
3309.9,127.9,1
3310.0,106.2,1
3315.1,98.1,1
3315.2,125.1,1
3315.3,94.3,1
3315.4,139.2,1
3315.5,105.9,1
3320.7,128.4,1
3320.8,96.8,1
3320.9,122.2,1
3321.0,149.0,1
3321.1,105.8,1
3326.3,125.9,1
3326.4,135.7,1
3326.5,132.3,1
3326.7,105.6,1
3326.8,156.3,1
3332.0,143.1,1
3332.1,141.0,1
3332.2,136.9,1
3332.4,141.7,1
3332.5,141.6,1
3337.7,166.5,1
3337.8,158.0,1
3338.0,189.2,1
3338.2,161.9,1
3338.4,159.9,1
3343.5,119.1,1
3343.6,140.6,1
3343.8,146.3,1
3343.9,139.4,1
3344.1,144.9,1
3349.2,135.8,1
3349.3,131.5,1
3349.5,143.1,1
3349.6,130.6,1
3349.7,139.4,1
3354.9,149.0,1
3355.0,151.0,1
3355.2,159.1,1
3355.3,100.8,1
3355.4,119.1,1
3360.6,140.3,1
3360.7,125.5,1
3360.8,94.9,1
3360.9,108.7,1
3361.0,97.9,1
3366.1,119.5,1
3366.2,130.7,1
3366.4,142.9,1
3366.5,127.5,1
3366.6,115.2,1
3371.7,99.6,1
3371.9,146.8,1
3372.0,114.8,1
3372.1,124.5,1
3372.2,116.4,1
3377.4,138.3,1
3377.5,145.2,1
3377.7,160.2,1
3377.8,125.0,1
3378.0,145.6,1
3383.1,158.7,1
3383.3,138.8,1
3383.4,146.5,1
3383.6,145.6,1
3383.7,153.9,1
3388.9,142.5,1
3389.0,143.6,1
3389.1,119.5,1
3389.3,136.7,1
3389.4,141.4,1
3394.5,126.7,1
3394.7,148.5,1
3394.8,145.2,1
3395.0,149.8,1
3395.1,139.0,1
3400.3,146.8,1
3400.4,132.1,1
3400.5,145.5,1
3400.7,130.1,1
3400.8,115.1,1
3405.9,118.0,1
3406.1,146.0,1
3406.2,149.1,1
3406.3,118.3,1
3406.4,126.2,1
3411.6,98.6,1
3411.7,152.4,1
3411.8,131.9,1
3411.9,105.3,1
3412.1,116.8,1
3417.2,132.0,1
3417.3,128.4,1
3417.5,143.1,1
3417.6,121.6,1
3417.7,138.4,1
3422.9,164.4,1
3423.0,147.3,1
3423.2,147.3,1
3423.3,139.8,1
3423.5,121.8,1
3428.6,145.3,1
3428.7,113.6,1
3428.9,137.0,1
3429.0,134.9,1
3429.1,134.6,1
3434.3,148.9,1
3434.4,137.7,1
3434.5,131.0,1
3434.7,140.6,1
3434.8,151.3,1
3440.0,137.5,1
3440.1,109.4,1
3440.2,149.3,1
3440.4,138.9,1
3440.5,139.9,1
3445.7,148.9,1
3445.8,152.6,1
3445.9,121.4,1
3446.1,108.5,1
3446.2,111.6,1
3451.3,146.1,1
3451.4,114.2,1
3451.6,147.2,1
3451.7,112.1,1
3451.8,145.2,1
3457.0,127.6,1
3457.1,99.9,1
3457.2,128.6,1
3457.3,116.8,1
3457.4,123.8,1
3462.5,106.1,1
3462.7,107.8,1
3462.8,122.3,1
3462.9,120.9,1
3463.0,142.2,1
3468.2,138.0,1
3468.3,159.2,1
3468.6,231.0,1
3468.8,259.9,1
3469.0,187.4,1
3474.2,127.8,1
3474.3,127.2,1
3474.4,143.3,1
3474.6,154.2,1
3474.7,146.9,1
3479.9,134.7,1
3480.0,125.9,1
3480.1,132.7,1
3480.3,139.7,1
3480.4,149.1,1
3485.6,179.2,1
3485.8,155.1,1
3485.9,148.0,1
3486.1,182.8,1
3486.2,151.4,1
3491.3,106.7,1
3491.5,104.7,1
3491.6,122.7,1
3491.7,111.6,1
3491.8,143.4,1
3497.0,119.3,1
3497.1,138.0,1
3497.2,140.3,1
3497.3,118.0,1
3497.5,146.8,1
3502.6,135.7,1
3502.8,135.0,1
3502.9,122.7,1
3503.0,111.4,1
3503.2,157.3,1
3508.3,108.6,1
3508.4,104.9,1
3508.5,114.0,1
3508.6,99.4,1
3508.7,108.2,1
3513.8,135.0,1
3514.0,158.1,1
3514.1,137.8,1
3514.3,121.9,1
3514.4,144.8,1
3519.6,155.7,1
3519.7,145.3,1
3519.9,146.9,1
3520.0,120.3,1
3520.1,125.0,1
3525.2,107.2,1
3525.3,109.5,1
3525.5,127.0,1
3525.6,153.2,1
3525.7,144.3,1
3530.9,152.5,1
3531.0,140.3,1
3531.2,136.2,1
3531.3,152.1,1
3531.5,150.2,1
3536.6,133.3,1
3536.7,127.6,1
3536.9,135.9,1
3537.0,110.9,1
3537.1,141.0,1
3542.3,121.3,1
3542.4,137.7,1
3542.5,131.0,1
3542.6,119.1,1
3542.8,134.0,1
3547.9,113.8,1
3548.0,118.5,1
3548.2,134.8,1
3548.3,136.3,1
3548.4,148.5,1
3553.6,117.1,1
3553.7,109.7,1
3553.8,151.9,1
3553.9,125.0,1
3554.0,98.3,1
3559.2,128.8,1
3559.3,144.1,1
3559.4,105.7,1
3559.6,136.0,1
3559.7,163.5,1
3564.9,143.1,1
3565.0,148.0,1
3565.2,150.1,1
3565.3,149.1,1
3565.4,116.9,1
3570.6,149.9,1
3570.7,127.7,1
3570.9,155.1,1
3571.0,145.5,1
3571.2,144.1,1
3576.3,128.9,1
3576.4,141.0,1
3576.6,144.1,1
3576.7,133.1,1
3576.8,117.1,1
3582.0,144.3,1
3582.1,98.7,1
3582.2,98.1,1
3582.3,106.1,1
3582.4,140.7,1
3587.5,100.2,1
3587.6,102.2,1
3587.7,100.6,1
3587.9,152.7,1
3588.0,147.3,1
3593.2,127.8,1
3593.3,135.4,1
3593.4,117.6,1
3593.6,130.6,1
3593.7,143.6,1
3598.8,123.3,1
3599.0,133.8,1
3599.1,144.1,1
3599.2,140.9,1
3599.4,142.2,1
3604.5,108.0,1
3604.6,137.2,1
3604.8,150.8,1
3604.9,147.5,1
3605.1,128.7,1
3610.2,143.3,1
3610.3,125.5,1
3610.5,122.2,1
3610.6,154.7,1
3610.8,142.6,1
3615.9,153.5,1
3616.1,172.8,1
3616.2,141.5,1
3616.4,145.5,1
3616.5,171.6,1
3621.7,125.3,1
3621.8,155.3,1
3621.9,107.9,1
3622.1,116.1,1
3622.2,115.6,1
3627.3,130.4,1
3627.4,125.6,1
3627.5,108.3,1
3627.7,131.4,1
3627.8,122.9,1
3632.9,122.9,1
3633.1,133.9,1
3633.2,136.1,1
3633.3,130.9,1
3633.5,130.5,1
3638.6,122.9,1
3638.7,119.6,1
3638.8,140.6,1
3639.0,137.1,1
3639.1,126.5,1
3644.2,120.2,1
3644.4,142.2,1
3644.5,126.5,1
3644.6,143.2,1
3644.8,147.1,1
3649.9,136.1,1
3650.1,125.7,1
3650.2,146.0,1
3650.3,144.0,1
3650.5,146.0,1
3655.6,150.8,1
3655.8,147.5,1
3655.9,150.0,1
3656.1,137.2,1
3656.2,137.6,1
3661.3,118.3,1
3661.5,135.3,1
3661.6,148.1,1
3661.8,140.4,1
3661.9,165.0,1
3667.1,152.8,1
3667.2,120.2,1
3667.3,122.3,1
3667.5,135.0,1
3667.6,142.9,1
3672.8,152.2,1
3672.9,117.2,1
3673.0,106.7,1
3673.1,131.3,1
3673.2,105.4,1
3678.4,137.8,1
3678.5,135.7,1
3678.6,138.0,1
3678.8,129.2,1
3678.9,116.8,1
3684.0,122.7,1
3684.2,140.2,1
3684.3,143.4,1
3684.4,107.3,1
3684.5,122.5,1
3689.6,111.0,1
3689.8,124.7,1
3689.9,105.3,1
3690.0,133.5,1
3690.1,125.3,1
3695.3,144.6,1
3695.4,156.6,1
3695.6,124.3,1
3695.7,147.5,1
3695.9,141.5,1
3701.0,146.3,1
3701.2,141.1,1
3701.3,131.6,1
3701.4,108.4,1
3701.5,148.8,1
3706.7,136.2,1
3706.8,137.2,1
3707.0,147.3,1
3707.1,149.8,1
3707.3,145.0,1
3712.4,144.9,1
3712.5,138.7,1
3712.7,145.2,1
3712.8,112.0,1
3712.9,96.7,1
3718.0,125.4,1
3718.1,101.2,1
3718.2,108.8,1
3718.3,105.0,1
3718.5,128.8,1
3723.6,124.8,1
3723.7,97.9,1
3723.9,150.8,1
3724.0,138.8,1
3724.1,122.7,1
3729.3,134.9,1
3729.4,156.3,1
3729.5,136.3,1
3729.7,154.9,1
3729.9,154.8,1
3735.0,138.5,1
3735.1,141.8,1
3735.3,140.1,1
3735.4,112.7,1
3735.5,137.5,1
3740.7,159.9,1
3740.8,135.7,1
3741.0,135.1,1
3741.1,135.4,1
3741.2,136.2,1
3746.4,148.6,1
3746.5,155.7,1
3746.7,168.8,1
3746.9,147.4,1
3747.0,184.4,1
3752.2,128.6,1
3752.3,133.7,1
3752.5,143.3,1
3752.6,124.0,1
3752.7,139.6,1
3757.8,111.3,1
3758.0,139.3,1
3758.1,99.5,1
3758.2,141.8,1
3758.3,128.7,1
3763.4,97.4,1
3763.6,146.2,1
3763.7,93.3,1
3763.8,128.4,1
3763.9,110.3,1
3769.1,126.2,1
3769.2,131.2,1
3769.3,94.9,1
3769.4,135.6,1
3769.5,97.7,1
3774.6,118.3,1
3774.8,124.7,1
3774.9,127.6,1
3775.0,107.4,1
3775.1,115.3,1
3780.2,123.8,1
3780.4,126.6,1
3780.5,144.6,1
3780.7,147.6,1
3780.8,146.3,1
3786.0,147.6,1
3786.1,140.6,1
3786.2,118.5,1
3786.4,153.8,1
3786.5,120.3,1
3791.6,140.8,1
3791.8,147.8,1
3792.0,169.9,1
3792.1,150.3,1
3792.3,152.1,1
3797.4,140.7,1
3797.6,158.6,1
3797.7,147.2,1
3797.8,141.5,1
3798.0,144.1,1
3803.1,134.7,1
3803.3,138.0,1
3803.4,95.5,1
3803.5,123.2,1
3803.6,122.7,1
3808.7,124.9,1
3808.9,129.9,1
3809.0,130.9,1
3809.1,125.2,1
3809.2,122.3,1
3814.4,117.1,1
3814.5,123.1,1
3814.6,120.4,1
3814.7,128.4,1
3814.9,137.1,1
3820.0,126.5,1
3820.1,134.9,1
3820.2,94.6,1
3820.4,111.3,1
3820.5,131.0,1
3825.6,118.9,1
3825.7,130.9,1
3825.9,143.7,1
3826.0,148.5,1
3826.2,126.2,1
3831.3,138.6,1
3831.4,136.2,1
3831.6,137.5,1
3831.7,150.5,1
3831.9,135.9,1
3837.0,129.2,1
3837.1,150.4,1
3837.3,150.2,1
3837.4,142.4,1
3837.6,130.9,1
3842.7,136.2,1
3842.9,166.9,1
3843.0,148.9,1
3843.2,138.3,1
3843.3,129.4,1
3848.4,119.8,1
3848.6,138.7,1
3848.7,123.2,1
3848.8,128.5,1
3848.9,140.1,1
3854.1,101.5,1
3854.2,117.6,1
3854.3,99.3,1
3854.4,129.2,1
3854.5,137.2,1
3859.7,149.3,1
3859.8,105.1,1
3859.9,127.9,1
3860.0,126.0,1
3860.2,145.9,1
3865.3,97.6,1
3865.4,99.5,1
3865.5,105.3,1
3865.6,127.4,1
3865.7,104.1,1
3870.9,125.4,1
3871.0,140.6,1
3871.1,134.5,1
3871.3,119.8,1
3871.4,140.1,1
3876.6,157.8,1
3876.8,192.6,1
3876.9,195.4,1
3877.1,196.1,1
3877.3,172.7,1
3882.5,128.6,1
3882.6,147.5,1
3882.7,149.0,1
3882.9,142.6,1
3883.0,112.4,1
3888.2,151.3,1
3888.3,147.9,1
3888.5,143.4,1
3888.6,152.6,1
3888.8,146.2,1
3893.9,119.5,1
3894.0,103.1,1
3894.1,112.1,1
3894.2,108.3,1
3894.3,98.2,1
3899.4,133.2,1
3899.6,126.4,1
3899.7,131.9,1
3899.8,135.4,1
3900.0,146.8,1
3905.1,110.0,1
3905.2,137.7,1
3905.3,119.7,1
3905.4,101.6,1
3905.6,145.3,1
3910.7,107.7,1
3910.8,125.7,1
3911.0,142.4,1
3911.1,132.4,1
3911.2,111.1,1
3916.4,144.9,1
3916.5,136.0,1
3916.6,147.1,1
3916.8,128.1,1
3916.9,138.1,1
3922.0,113.9,1
3922.1,107.5,1
3922.3,137.9,1
3922.4,135.4,1
3922.5,129.7,1
3927.7,145.8,1
3927.8,130.1,1
3928.0,141.4,1
3928.1,123.4,1
3928.2,136.0,1
3933.4,144.1,1
3933.5,141.8,1
3933.6,121.1,1
3933.8,147.3,1
3933.9,134.1,1
3939.1,137.4,1
3939.2,132.3,1
3939.3,129.6,1
3939.4,117.8,1
3939.6,122.9,1
3944.7,122.6,1
3944.8,139.6,1
3944.9,95.5,1
3945.0,96.3,1
3945.2,130.4,1
3950.3,95.6,1
3950.4,99.4,1
3950.5,123.3,1
3950.6,114.5,1
3950.7,123.8,1
3955.8,114.5,1
3956.0,133.6,1
3956.1,138.7,1
3956.2,95.9,1
3956.3,124.6,1
3961.5,127.0,1
3961.6,146.6,1
3961.7,129.8,1
3961.9,143.5,1
3962.0,130.5,1
3967.2,147.4,1
3967.3,137.1,1
3967.4,130.6,1
3967.6,131.9,1
3967.7,136.7,1
3972.8,137.0,1
3973.0,135.7,1
3973.1,139.1,1
3973.3,152.5,1
3973.4,124.1,1
3978.5,147.0,1
3978.7,151.2,1
3978.8,139.3,1
3979.0,127.0,1
3979.1,147.6,1
3984.3,142.8,1
3984.4,102.4,1
3984.5,121.4,1
3984.6,139.7,1
3984.8,133.0,1
3989.9,95.9,1
3990.0,124.8,1
3990.1,108.1,1
3990.2,158.4,1
3990.4,152.3,1
3995.5,116.1,1
3995.7,133.8,1
3995.8,132.5,1
3995.9,119.5,1
3996.1,147.5,1
4001.2,134.1,1
4001.3,132.9,1
4001.4,119.8,1
4001.6,111.7,1
4001.7,133.0,1
4006.9,164.8,1
4007.0,189.9,1
4007.2,195.3,1
4007.4,180.8,1
4007.6,170.0,1
4012.7,148.8,1
4012.9,129.9,1
4013.0,133.0,1
4013.1,124.4,1
4013.3,145.5,1
4018.4,148.4,1
4018.6,129.7,1
4018.7,143.0,1
4018.8,138.4,1
4019.0,146.2,1
4024.1,148.7,1
4024.3,166.2,1
4024.5,144.0,1
4024.6,161.6,1
4024.8,153.4,1
4029.9,112.3,1
4030.0,123.1,1
4030.1,110.5,1
4030.2,123.6,1
4030.4,141.4,1
4035.5,148.8,1
4035.6,106.1,1
4035.8,137.5,1
4035.9,121.4,1
4036.0,131.3,1
4041.1,113.3,1
4041.3,131.4,1
4041.4,129.4,1
4041.6,148.2,1
4041.7,144.7,1
4046.8,122.9,1
4046.9,123.0,1
4047.1,106.9,1
4047.2,133.0,1
4047.3,134.6,1
4052.5,139.8,1
4052.6,133.7,1
4052.8,148.7,1
4052.9,144.5,1
4053.0,134.8,1
4058.2,149.9,1
4058.3,137.5,1
4058.5,148.6,1
4058.6,152.3,1
4058.8,148.3,1
4063.9,147.1,1
4064.1,149.6,1
4064.2,138.7,1
4064.4,150.8,1
4064.5,135.8,1
4069.7,149.2,1
4069.8,146.6,1
4069.9,138.5,1
4070.1,150.9,1
4070.2,149.1,1
4075.4,112.3,1
4075.5,143.9,1
4075.6,141.3,1
4075.8,112.7,1
4075.9,128.5,1
4081.0,104.6,1
4081.1,138.5,1
4081.3,132.2,1
4081.4,112.9,1
4081.5,148.7,1
4086.7,152.2,1
4086.8,103.6,1
4086.9,108.3,1
4087.0,147.0,1
4087.2,134.2,1
4092.3,125.8,1
4092.4,148.0,1
4092.6,151.0,1
4092.7,148.5,1
4092.9,101.1,1
4098.0,169.5,1
4098.2,144.7,1
4098.3,147.6,1
4098.5,189.0,1
4098.7,158.1,1
4103.8,133.4,1
4103.9,139.9,1
4104.1,143.8,1
4104.2,132.3,1
4104.3,122.9,1
4109.5,132.7,1
4109.6,140.2,1
4109.8,142.5,1
4109.9,148.4,1
4110.1,150.8,1
4115.2,104.3,1
4115.3,138.5,1
4115.4,141.0,1
4115.6,136.9,1
4115.7,138.6,1
4120.9,125.2,1
4121.0,115.4,1
4121.1,139.4,1
4121.2,139.3,1
4121.4,136.7,1
4126.5,123.6,1
4126.6,111.2,1
4126.8,130.1,1
4126.9,119.1,1
4127.0,140.0,1
4132.1,117.2,1
4132.3,118.3,1
4132.4,119.2,1
4132.5,146.2,1
4132.6,126.4,1
4137.8,115.1,1
4137.9,137.4,1
4138.0,139.5,1
4138.2,155.5,1
4138.3,135.6,1
4143.5,142.0,1
4143.6,128.3,1
4143.8,145.0,1
4143.9,136.8,1
4144.0,148.9,1
4149.2,146.2,1
4149.3,151.4,1
4149.5,154.5,1
4149.6,156.7,1
4149.8,142.2,1
4155.0,169.9,1
4155.1,152.1,1
4155.2,119.3,1
4155.4,131.3,1
4155.5,158.8,1
4160.7,127.6,1
4160.8,144.4,1
4160.9,137.5,1
4161.1,147.1,1
4161.2,135.9,1
4166.3,106.2,1
4166.5,114.3,1
4166.6,131.1,1
4166.7,110.4,1
4166.8,105.8,1
4171.9,107.7,1
4172.0,130.0,1
4172.2,116.7,1
4172.3,115.7,1
4172.4,116.3,1
4177.5,131.3,1
4177.7,133.7,1
4177.8,131.6,1
4177.9,121.8,1
4178.0,138.3,1
4183.2,128.4,1
4183.3,138.8,1
4183.4,114.8,1
4183.5,94.6,1
4183.6,99.5,1
4188.8,124.8,1
4188.9,140.9,1
4189.0,130.5,1
4189.2,133.7,1
4189.3,136.8,1
4194.5,150.6,1
4194.6,119.3,1
4194.7,142.3,1
4194.8,131.6,1
4195.0,136.2,1
4200.1,146.6,1
4200.3,119.9,1
4200.4,141.1,1
4200.5,137.2,1
4200.7,148.6,1
4205.8,129.5,1
4206.0,147.3,1
4206.1,124.7,1
4206.2,137.0,1
4206.4,135.4,1
4211.5,138.7,1
4211.6,144.3,1
4211.7,93.4,1
4211.9,143.9,1
4212.0,126.9,1
4217.1,122.0,1
4217.3,129.5,1
4217.4,137.0,1
4217.5,138.8,1
4217.7,109.5,1
4222.8,95.8,1
4222.9,128.4,1
4223.0,99.4,1
4223.1,134.6,1
4223.3,143.0,1
4228.4,107.4,1
4228.5,121.9,1
4228.6,110.3,1
4228.7,144.0,1
4228.9,104.9,1
4234.0,134.3,1
4234.1,152.0,1
4234.3,138.1,1
4234.4,127.1,1
4234.6,145.6,1
4239.7,144.6,1
4239.8,125.2,1
4240.0,135.1,1
4240.1,122.2,1
4240.2,134.2,1
4245.3,106.3,1
4245.5,135.8,1
4245.6,168.6,1
4245.8,135.6,1
4245.9,142.7,1
4251.1,149.3,1
4251.2,143.9,1
4251.3,123.7,1
4251.5,140.2,1
4251.6,143.6,1
4256.8,152.3,1
4256.9,99.7,1
4257.0,99.1,1
4257.1,126.6,1
4257.2,109.5,1
4262.3,113.3,1
4262.4,113.0,1
4262.5,104.0,1
4262.7,115.9,1
4262.8,128.0,1
4267.9,136.7,1
4268.1,121.5,1
4268.2,149.4,1
4268.3,132.9,1
4268.5,136.6,1
4273.6,126.0,1
4273.7,144.1,1
4273.9,140.3,1
4274.0,125.2,1
4274.1,120.7,1
4279.3,141.5,1
4279.4,141.6,1
4279.6,134.7,1
4279.7,123.2,1
4279.8,146.5,1
4285.0,178.3,1
4285.2,147.1,1
4285.4,202.6,1
4285.5,163.2,1
4285.7,150.9,1
4290.8,130.7,1
4290.9,126.9,1
4291.1,145.2,1
4291.2,146.5,1
4291.4,138.8,1
4296.5,117.1,1
4296.6,137.2,1
4296.8,139.7,1
4296.9,147.2,1
4297.1,136.4,1
4302.2,136.4,1
4302.3,97.4,1
4302.4,108.9,1
4302.5,149.8,1
4302.7,133.6,1
4307.8,98.2,1
4307.9,147.7,1
4308.1,123.8,1
4308.2,104.2,1
4308.3,142.0,1
4313.4,100.6,1
4313.5,101.4,1
4313.6,118.3,1
4313.8,141.2,1
4313.9,129.4,1
4319.0,95.7,1
4319.1,123.5,1
4319.2,106.6,1
4319.3,120.4,1
4319.5,144.5,1
4324.6,147.1,1
4324.8,132.7,1
4324.9,149.6,1
4325.1,144.0,1
4325.2,142.1,1
4330.4,138.0,1
4330.5,131.7,1
4330.6,140.1,1
4330.8,133.8,1
4330.9,128.3,1
4336.0,140.2,1
4336.2,150.2,1
4336.3,150.3,1
4336.5,153.7,1
4336.6,141.4,1
4341.8,138.8,1
4341.9,108.5,1
4342.0,138.3,1
4342.2,141.8,1
4342.3,149.0,1
4347.5,140.5,1
4347.6,121.2,1
4347.7,150.4,1
4347.9,135.5,1
4348.0,106.7,1
4353.1,119.9,1
4353.2,139.1,1
4353.4,144.3,1
4353.5,96.5,1
4353.6,125.3,1
4358.7,108.4,1
4358.8,141.4,1
4359.0,143.0,1
4359.1,144.9,1
4359.3,135.8,1
4364.4,110.2,1
4364.5,111.2,1
4364.6,115.3,1
4364.8,143.7,1
4364.9,146.6,1
4370.0,128.1,1
4370.2,125.9,1
4370.3,141.3,1
4370.5,149.6,1
4370.6,163.4,1
4375.8,137.6,1
4375.9,147.3,1
4376.0,119.8,1
4376.2,146.7,1
4376.3,140.6,1
4381.5,147.8,1
4381.6,117.9,1
4381.7,134.2,1
4381.9,139.2,1
4382.0,144.2,1
4387.1,124.1,1
4387.3,131.9,1
4387.4,148.8,1
4387.5,97.4,1
4387.6,125.5,1
4392.8,118.3,1
4392.9,136.9,1
4393.0,107.5,1
4393.1,129.9,1
4393.3,138.7,1
4398.4,138.9,1
4398.5,131.2,1
4398.6,102.7,1
4398.8,130.6,1
4398.9,122.8,1
4404.0,140.7,1
4404.2,141.5,1
4404.3,136.4,1
4404.5,148.1,1
4404.6,150.0,1
4409.8,139.5,1
4409.9,127.4,1
4410.0,128.2,1
4410.1,115.8,1
4410.2,96.4,1
4415.4,174.5,1
4415.6,201.4,1
4415.8,167.8,1
4416.0,196.8,1
4416.1,161.4,1
4421.3,132.5,1
4421.4,134.5,1
4421.6,148.3,1
4421.7,151.8,1
4421.9,154.1,1
4427.0,150.4,1
4427.2,143.8,1
4427.3,137.4,1
4427.4,138.5,1
4427.6,139.7,1
4432.7,116.2,1
4432.8,125.8,1
4433.0,128.6,1
4433.1,140.6,1
4433.2,105.8,1
4438.3,106.5,1
4438.4,114.2,1
4438.5,98.9,1
4438.7,133.1,1
4438.8,95.7,1
4443.9,99.7,1
4444.0,141.0,1
4444.1,141.2,1
4444.3,125.5,1
4444.4,102.4,1
4449.5,146.6,1
4449.7,135.1,1
4449.8,134.2,1
4449.9,122.4,1
4450.0,108.8,1
4455.2,132.5,1
4455.3,124.0,1
4455.4,130.8,1
4455.5,115.0,1
4455.7,143.6,1
4460.8,109.1,1
4460.9,123.0,1
4461.1,143.2,1
4461.2,140.9,1
4461.3,136.3,1
4466.5,145.7,1
4466.6,141.0,1
4466.8,138.7,1
4466.9,137.1,1
4467.0,130.3,1
4472.2,133.7,1
4472.3,123.0,1
4472.4,147.6,1
4472.6,123.1,1
4472.7,133.7,1
4477.8,117.7,1
4477.9,124.0,1
4478.0,95.8,1
4478.1,95.0,1
4478.2,112.2,1
4483.4,127.7,1
4483.5,142.1,1
4483.6,132.7,1
4483.8,135.9,1
4483.9,111.8,1
4489.0,107.9,1
4489.1,115.1,1
4489.2,124.5,1
4489.4,139.9,1
4489.5,133.7,1
4494.6,118.6,1
4494.7,101.6,1
4494.9,120.0,1
4495.0,98.0,1
4495.1,123.1,1
4500.2,126.5,1
4500.3,128.9,1
4500.5,106.8,1
4500.6,126.2,1
4500.7,127.3,1
4505.8,126.4,1
4506.0,119.8,1
4506.1,149.9,1
4506.3,142.4,1
4506.4,135.2,1
4511.5,135.5,1
4511.7,147.8,1
4511.8,152.2,1
4512.0,144.4,1
4512.1,154.0,1
4517.3,146.2,1
4517.4,134.2,1
4517.6,143.8,1
4517.7,140.2,1
4517.8,124.8,1
4522.9,95.2,1
4523.1,136.2,1
4523.2,121.5,1
4523.3,103.1,1
4523.4,124.9,1
4528.6,149.8,1
4528.7,125.4,1
4528.8,105.3,1
4528.9,138.7,1
4529.1,139.3,1
4534.2,141.1,1
4534.3,125.3,1
4534.4,106.6,1
4534.5,95.9,1
4534.7,122.4,1
4539.8,126.0,1
4539.9,114.6,1
4540.0,108.5,1
4540.2,142.1,1
4540.3,140.6,1
4545.4,139.4,1
4545.6,129.3,1
4545.7,131.3,1
4545.9,157.4,1
4546.0,149.2,1
4551.2,136.8,1
4551.3,143.9,1
4551.4,133.6,1
4551.6,133.2,1
4551.7,142.8,1
4556.9,153.3,1
4557.0,133.8,1
4557.1,145.7,1
4557.3,147.8,1
4557.4,125.2,1
4562.6,137.4,1
4562.7,179.4,1
4562.9,178.2,1
4563.1,188.0,1
4563.3,234.4,1
4568.5,123.2,1
4568.6,108.1,1
4568.7,136.4,1
4568.8,120.7,1
4569.0,131.5,1
4574.1,126.3,1
4574.2,120.0,1
4574.3,95.8,1
4574.4,103.9,1
4574.5,126.2,1
4579.7,127.9,1
4579.8,158.1,1
4580.0,154.5,1
4580.1,121.0,1
4580.2,97.2,1
4585.4,150.4,1
4585.5,129.2,1
4585.6,146.3,1
4585.8,129.6,1
4585.9,124.7,1
4591.0,118.7,1
4591.2,144.8,1
4591.3,138.3,1
4591.4,133.3,1
4591.6,132.9,1
4596.7,128.7,1
4596.8,127.7,1
4597.0,136.4,1
4597.1,149.2,1
4597.2,139.2,1
4602.4,136.6,1
4602.5,132.0,1
4602.6,125.7,1
4602.8,137.0,1
4602.9,135.0,1
4608.1,128.3,1
4608.2,135.9,1
4608.4,161.3,1
4608.5,145.2,1
4608.6,150.3,1
4613.7,96.8,1
4613.9,129.5,1
4614.0,142.8,1
4614.2,143.0,1
4614.3,142.9,1
4619.4,111.3,1
4619.5,119.2,1
4619.7,137.3,1
4619.8,146.8,1
4620.0,130.7,1
4625.1,110.1,1
4625.2,126.7,1
4625.3,122.0,1
4625.5,148.6,1
4625.6,110.2,1
4630.7,109.5,1
4630.8,125.6,1
4630.9,129.8,1
4631.1,117.9,1
4631.2,131.9,1
4636.3,116.6,1
4636.4,111.5,1
4636.6,132.8,1
4636.7,138.9,1
4636.8,143.0,1
4642.0,136.1,1
4642.1,153.6,1
4642.3,133.4,1
4642.4,151.5,1
4642.5,111.6,1
4647.7,118.9,1
4647.8,132.6,1
4647.9,146.9,1
4648.1,144.3,1
4648.2,146.1,1
4653.4,147.0,1
4653.5,118.3,1
4653.7,153.2,1
4653.8,149.2,1
4653.9,149.4,1
4659.1,113.1,1
4659.2,135.1,1
4659.3,134.7,1
4659.5,125.8,1
4659.6,147.3,1
4664.7,128.6,1
4664.8,100.6,1
4665.0,119.6,1
4665.1,141.3,1
4665.2,142.6,1
4670.4,100.5,1
4670.5,110.7,1
4670.6,129.1,1
4670.7,131.7,1
4670.8,97.9,1
4676.0,151.2,1
4676.1,102.9,1
4676.2,114.8,1
4676.3,149.2,1
4676.5,109.1,1
4681.6,129.5,1
4681.7,136.8,1
4681.9,124.2,1
4682.0,138.8,1
4682.1,133.3,1
4687.3,137.8,1
4687.4,150.1,1
4687.6,145.0,1
4687.7,125.4,1
4687.8,136.3,1
4693.0,162.0,1
4693.2,231.7,1
4693.4,162.4,1
4693.6,169.1,1
4693.7,152.2,1
4698.8,126.4,1
4699.0,131.7,1
4699.1,137.5,1
4699.2,142.5,1
4699.4,141.2,1
4704.5,139.3,1
4704.7,118.9,1
4704.8,119.0,1
4704.9,141.4,1
4705.0,96.9,1
4710.2,145.8,1
4710.3,153.8,1
4710.5,149.7,1
4710.6,163.9,1
4710.8,142.3,1
4715.9,116.2,1
4716.0,149.4,1
4716.2,130.9,1
4716.3,143.0,1
4716.4,100.2,1
4721.5,126.9,1
4721.6,99.8,1
4721.8,137.4,1
4721.9,135.4,1
4722.0,123.9,1
4727.2,131.7,1
4727.3,149.2,1
4727.5,146.3,1
4727.6,149.1,1
4727.7,118.6,1
4732.9,129.1,1
4733.0,127.6,1
4733.1,133.5,1
4733.3,131.1,1
4733.4,144.1,1
4738.5,106.4,1
4738.6,119.9,1
4738.8,140.6,1
4738.9,139.1,1
4739.0,128.2,1
4744.2,129.6,1
4744.3,148.2,1
4744.5,147.8,1
4744.6,152.0,1
4744.8,133.4,1
4749.9,135.2,1
4750.0,127.5,1
4750.1,108.5,1
4750.3,119.7,1
4750.4,131.8,1
4755.5,138.6,1
4755.7,142.2,1
4755.8,138.8,1
4755.9,106.3,1
4756.0,96.1,1
4761.2,145.3,1
4761.3,143.7,1
4761.4,95.6,1
4761.5,140.2,1
4761.6,99.7,1
4766.8,125.2,1
4766.9,145.6,1
4767.1,147.4,1
4767.2,96.5,1
4767.3,132.2,1
4772.4,147.1,1
4772.6,130.3,1
4772.7,151.2,1
4772.9,141.5,1
4773.0,140.0,1
4778.1,126.0,1
4778.3,136.3,1
4778.4,112.8,1
4778.5,146.6,1
4778.7,152.9,1
4783.8,140.0,1
4784.0,120.3,1
4784.1,133.2,1
4784.2,123.3,1
4784.3,127.7,1
4789.5,150.8,1
4789.6,148.7,1
4789.8,124.8,1
4789.9,141.1,1
4790.1,153.0,1
4795.2,145.3,1
4795.3,137.8,1
4795.5,142.2,1
4795.6,145.0,1
4795.8,128.6,1
4800.9,100.6,1
4801.0,141.9,1
4801.2,148.4,1
4801.3,129.8,1
4801.4,141.3,1
4806.5,110.4,1
4806.6,100.8,1
4806.8,120.6,1
4806.9,110.0,1
4807.0,128.4,1
4812.2,142.9,1
4812.3,107.0,1
4812.4,126.7,1
4812.5,141.9,1
4812.7,145.6,1
4817.8,151.3,1
4818.0,163.1,1
4818.1,138.8,1
4818.3,164.3,1
4818.4,141.4,1
4823.6,147.3,1
4823.7,140.4,1
4823.9,143.1,1
4824.1,181.6,1
4824.3,221.2,1
4829.4,136.3,1
4829.6,138.5,1
4829.7,143.0,1
4829.8,142.3,1
4830.0,123.7,1
4835.1,140.3,1
4835.3,144.9,1
4835.4,143.4,1
4835.5,142.9,1
4835.7,147.5,1
4840.8,157.2,1
4841.0,148.8,1
4841.1,148.0,1
4841.3,125.2,1
4841.4,137.6,1
4846.5,102.2,1
4846.6,105.0,1
4846.7,100.6,1
4846.9,144.2,1
4847.0,121.4,1
4852.1,123.3,1
4852.2,106.9,1
4852.4,148.7,1
4852.5,118.8,1
4852.6,106.8,1
4857.7,124.1,1
4857.9,152.6,1
4858.0,124.7,1
4858.1,99.1,1
4858.2,108.5,1
4863.4,153.9,1
4863.5,144.6,1
4863.7,137.0,1
4863.8,148.6,1
4863.9,124.0,1
4869.1,126.8,1
4869.2,131.9,1
4869.3,134.5,1
4869.5,130.5,1
4869.6,141.2,1
4874.7,131.5,1
4874.9,128.0,1
4875.0,133.9,1
4875.1,138.0,1
4875.3,151.0,1
4880.4,124.1,1
4880.6,141.6,1
4880.7,157.7,1
4880.9,140.6,1
4881.0,136.1,1
4886.1,99.0,1
4886.2,102.4,1
4886.3,123.3,1
4886.5,132.0,1
4886.6,142.9,1
4891.7,145.9,1
4891.9,129.4,1
4892.0,134.5,1
4892.1,121.4,1
4892.3,139.0,1
4897.4,110.1,1
4897.5,147.0,1
4897.6,103.8,1
4897.8,139.9,1
4897.9,117.2,1
4903.0,130.8,1
4903.2,135.0,1
4903.3,140.0,1
4903.4,126.4,1
4903.5,99.8,1
4908.7,138.9,1
4908.8,145.4,1
4909.0,147.4,1
4909.1,148.3,1
4909.2,131.0,1
4914.4,148.0,1
4914.5,140.5,1
4914.7,124.6,1
4914.8,123.1,1
4914.9,137.0,1
4920.1,125.0,1
4920.2,132.0,1
4920.3,135.6,1
4920.5,134.5,1
4920.6,117.2,1
4925.7,138.8,1
4925.9,151.1,1
4926.0,110.5,1
4926.1,133.3,1
4926.3,148.8,1
4931.4,121.8,1
4931.5,119.0,1
4931.7,145.5,1
4931.8,131.0,1
4931.9,125.3,1
4937.0,135.3,1
4937.2,131.4,1
4937.3,134.3,1
4937.4,136.9,1
4937.6,138.4,1
4942.7,97.3,1
4942.8,116.0,1
4942.9,99.2,1
4943.0,103.6,1
4943.1,104.3,1
4948.3,145.4,1
4948.4,140.7,1
4948.5,120.8,1
4948.7,138.0,1
4948.8,145.5,1
4954.0,149.6,1
4954.1,137.3,1
4954.2,133.3,1
4954.4,184.9,1
4954.6,188.9,1
4959.7,116.5,1
4959.9,147.4,1
4960.0,152.9,1
4960.2,138.8,1
4960.3,148.9,1
4965.5,163.3,1
4965.6,154.7,1
4965.8,146.5,1
4965.9,141.9,1
4966.1,134.8,1
4971.2,149.8,1
4971.4,178.6,1
4971.6,183.6,1
4971.8,178.8,1
4971.9,170.8,1
4977.1,118.3,1
4977.2,109.0,1
4977.3,130.8,1
4977.4,117.7,1
4977.5,123.9,1
4982.7,119.6,1
4982.8,99.9,1
4982.9,124.8,1
4983.0,146.7,1
4983.2,134.3,1
4988.3,120.3,1
4988.4,155.7,1
4988.6,130.2,1
4988.7,114.4,1
4988.8,124.5,1
4994.0,138.1,1
4994.1,96.6,1
4994.2,143.5,1
4994.3,141.4,1
4994.5,123.9,1
4999.6,151.7,1
4999.8,143.5,1
4999.9,139.8,1
5000.0,136.9,1
5000.2,119.8,1
5005.3,132.3,1
5005.4,131.4,1
5005.6,156.2,1
5005.7,149.5,1
5005.9,142.5,1
5011.0,129.4,1
5011.1,136.3,1
5011.3,138.2,1
5011.4,146.2,1
5011.6,133.4,1
5016.7,109.3,1
5016.8,145.2,1
5017.0,159.2,1
5017.1,161.6,1
5017.3,162.0,1
5022.4,138.3,1
5022.6,123.5,1
5022.7,133.3,1
5022.8,134.0,1
5023.0,130.7,1
5028.1,108.4,1
5028.2,137.2,1
5028.3,124.5,1
5028.5,123.6,1
5028.6,130.7,1
5033.7,125.8,1
5033.8,102.3,1
5033.9,114.0,1
5034.0,106.3,1
5034.2,135.8,1
5039.3,124.4,1
5039.4,132.8,1
5039.6,112.4,1
5039.7,137.7,1
5039.8,101.3,1
5044.9,144.3,1
5045.1,153.6,1
5045.2,139.4,1
5045.4,148.6,1
5045.5,139.9,1
5050.7,136.2,1
5050.8,153.1,1
5050.9,122.1,1
5051.1,140.9,1
5051.2,156.8,1
5056.4,113.3,1
5056.5,149.2,1
5056.7,144.7,1
5056.8,154.1,1
5057.0,148.5,1
5062.1,137.4,1
5062.2,131.7,1
5062.4,132.0,1
5062.5,136.9,1
5062.6,131.2,1
5067.7,112.3,1
5067.9,138.3,1
5068.0,126.4,1
5068.1,98.3,1
5068.2,133.4,1
5073.4,141.5,1
5073.5,108.4,1
5073.6,117.8,1
5073.8,154.1,1
5073.9,112.7,1
5079.0,133.1,1
5079.2,130.0,1
5079.3,152.0,1
5079.4,123.6,1
5079.6,131.5,1
5084.7,139.9,1
5084.8,143.7,1
5085.0,139.2,1
5085.1,135.5,1
5085.3,142.6,1
5090.4,141.6,1
5090.5,136.2,1
5090.7,137.3,1
5090.8,136.1,1
5091.0,140.1,1
5096.1,146.6,1
5096.2,129.3,1
5096.4,153.5,1
5096.5,137.7,1
5096.7,150.9,1
5101.8,150.8,1
5102.0,174.1,1
5102.2,202.1,1
5102.4,150.2,1
5102.5,178.2,1
5107.7,117.6,1
5107.8,143.6,1
5107.9,137.3,1
5108.1,120.3,1
5108.2,139.8,1
5113.4,146.4,1
5113.5,139.4,1
5113.6,147.7,1
5113.8,115.8,1
5113.9,126.0,1
5119.0,131.2,1
5119.2,135.7,1
5119.3,111.8,1
5119.4,128.6,1
5119.5,108.8,1
5124.6,118.3,1
5124.7,95.5,1
5124.8,116.9,1
5125.0,119.3,1
5125.1,133.1,1
5130.2,124.7,1
5130.3,96.0,1
5130.5,148.0,1
5130.6,135.9,1
5130.7,140.8,1
5135.9,134.1,1
5136.0,156.2,1
5136.2,146.1,1
5136.3,128.2,1
5136.5,145.6,1
5141.6,125.9,1
5141.7,120.9,1
5141.8,134.8,1
5142.0,123.7,1
5142.1,126.1,1
5147.2,131.3,1
5147.4,140.8,1
5147.5,145.0,1
5147.7,143.1,1
5147.8,120.2,1
5152.9,113.5,1
5153.0,147.5,1
5153.2,154.5,1
5153.3,142.1,1
5153.5,134.9,1
5158.6,100.1,1
5158.7,124.9,1
5158.8,117.9,1
5159.0,136.4,1
5159.1,133.3,1
5164.2,109.4,1
5164.3,123.1,1
5164.5,139.9,1
5164.6,106.9,1
5164.7,142.9,1
5169.9,138.2,1
5170.0,107.6,1
5170.1,143.7,1
5170.2,119.8,1
5170.4,123.7,1
5175.5,131.4,1
5175.6,141.5,1
5175.8,146.4,1
5175.9,157.0,1
5176.1,138.4,1
5181.2,121.7,1
5181.3,147.6,1
5181.5,123.1,1
5181.6,150.7,1
5181.8,147.0,1
5186.9,128.2,1
5187.0,137.5,1
5187.2,143.2,1
5187.3,151.9,1
5187.5,139.2,1
5192.6,137.0,1
5192.8,139.0,1
5192.9,161.1,1
5193.1,137.2,1
5193.2,136.4,1
5198.3,109.9,1
5198.4,141.8,1
5198.6,134.8,1
5198.7,143.2,1
5198.9,136.3,1
5204.0,97.5,1
5204.1,120.1,1
5204.2,103.4,1
5204.3,96.9,1
5204.4,98.7,1
5209.5,132.1,1
5209.6,129.7,1
5209.8,122.1,1
5209.9,130.1,1
5210.0,117.0,1
5215.1,122.5,1
5215.3,110.5,1
5215.4,117.7,1
5215.5,132.3,1
5215.6,139.4,1
5220.8,100.9,1
5220.9,121.3,1
5221.0,128.0,1
5221.1,140.4,1
5221.3,135.5,1
5226.4,142.6,1
5226.6,139.1,1
5226.7,146.3,1
5226.9,145.2,1
5227.0,113.6,1
5232.1,155.6,1
5232.3,157.8,1
5232.4,148.0,1
5232.6,178.0,1
5232.8,160.9,1
5237.9,149.7,1
5238.1,148.6,1
5238.2,147.3,1
5238.4,125.7,1
5238.5,137.0,1
5243.6,118.6,1
5243.8,146.3,1
5243.9,101.2,1
5244.0,109.0,1
5244.1,127.7,1
5249.3,148.5,1
5249.4,167.0,1
5249.6,143.6,1
5249.7,106.6,1
5249.8,142.1,1
5254.9,96.5,1
5255.1,141.9,1
5255.2,124.9,1
5255.3,125.0,1
5255.4,132.6,1
5260.5,97.3,1
5260.7,135.9,1
5260.8,121.2,1
5260.9,117.1,1
5261.0,116.2,1
5266.1,117.0,1
5266.3,149.9,1
5266.4,121.8,1
5266.6,135.0,1
5266.7,121.1,1
5271.8,104.0,1
5271.9,130.5,1
5272.0,131.9,1
5272.2,130.8,1
5272.3,150.9,1
5277.5,128.7,1
5277.6,148.8,1
5277.7,115.8,1
5277.9,141.0,1
5278.0,131.9,1
5283.2,153.4,1
5283.3,151.8,1
5283.5,143.7,1
5283.6,150.6,1
5283.7,136.1,1
5288.9,136.9,1
5289.0,143.1,1
5289.2,149.0,1
5289.3,118.1,1
5289.4,113.2,1
5294.5,119.6,1
5294.7,141.8,1
5294.8,123.5,1
5294.9,128.7,1
5295.0,100.4,1
5300.2,143.3,1
5300.3,99.4,1
5300.4,145.6,1
5300.5,109.7,1
5300.7,142.7,1
5305.8,105.6,1
5305.9,117.4,1
5306.0,142.2,1
5306.1,99.0,1
5306.2,96.4,1
5311.4,145.1,1
5311.5,115.2,1
5311.6,144.9,1
5311.8,149.1,1
5311.9,138.7,1
5317.0,112.0,1
5317.2,145.4,1
5317.3,138.2,1
5317.5,154.9,1
5317.6,127.3,1
5322.8,145.7,1
5322.9,137.9,1
5323.0,144.9,1
5323.2,143.9,1
5323.4,176.0,1
5328.5,139.1,1
5328.6,136.0,1
5328.8,134.4,1
5328.9,135.4,1
5329.0,132.8,1
5334.2,118.6,1
5334.3,132.5,1
5334.4,139.3,1
5334.6,120.9,1
5334.7,146.8,1
5339.8,101.3,1
5339.9,118.2,1
5340.1,125.4,1
5340.2,137.8,1
5340.3,111.5,1
5345.4,113.7,1
5345.6,127.2,1
5345.7,134.6,1
5345.8,118.1,1
5345.9,114.1,1
5351.0,95.5,1
5351.1,95.6,1
5351.2,127.1,1
5351.4,126.6,1
5351.5,139.0,1
5356.7,149.5,1
5356.8,133.1,1
5356.9,150.0,1
5357.1,131.7,1
5357.2,155.1,1
5362.4,147.8,1
5362.5,138.2,1
5362.7,162.9,1
5362.9,165.3,1
5363.0,158.4,1
5368.2,142.8,1
5368.3,129.4,1
5368.4,141.0,1
5368.6,154.5,1
5368.7,143.5,1
5373.9,145.6,1
5374.0,117.3,1
5374.1,135.7,1
5374.3,144.0,1
5374.4,119.9,1
5379.5,121.2,1
5379.6,129.6,1
5379.8,132.2,1
5379.9,143.3,1
5380.1,161.3,1
5385.2,123.6,1
5385.3,130.8,1
5385.5,137.3,1
5385.6,132.3,1
5385.7,103.4,1
5390.8,97.8,1
5390.9,128.7,1
5391.1,149.3,1
5391.2,98.1,1
5391.3,96.8,1
5396.5,152.2,1
5396.6,129.0,1
5396.7,133.0,1
5396.9,147.6,1
5397.0,127.4,1
5402.1,139.1,1
5402.3,133.5,1
5402.4,138.0,1
5402.5,110.2,1
5402.6,135.2,1
5407.8,152.3,1
5407.9,102.7,1
5408.1,149.9,1
5408.2,124.2,1
5408.3,143.6,1
5413.5,141.8,1
5413.6,134.7,1
5413.7,138.0,1
5413.9,120.5,1
5414.0,139.8,1
5419.2,143.6,1
5419.3,135.7,1
5419.4,125.2,1
5419.5,109.7,1
5419.7,145.4,1
5424.8,123.2,1
5424.9,115.4,1
5425.0,130.5,1
5425.2,150.0,1
5425.3,132.1,1
5430.5,124.9,1
5430.6,122.2,1
5430.7,131.4,1
5430.8,142.0,1
5431.0,121.8,1
5436.1,144.4,1
5436.3,140.2,1
5436.4,124.9,1
5436.5,129.0,1
5436.6,138.5,1
5441.8,119.3,1
5441.9,136.0,1
5442.0,139.5,1
5442.2,124.7,1
5442.3,125.5,1
5447.4,134.2,1
5447.6,138.4,1
5447.7,142.7,1
5447.9,159.5,1
5448.0,147.2,1
5453.2,139.7,1
5453.3,119.5,1
5453.4,127.6,1
5453.6,138.1,1
5453.7,131.2,1
5458.8,140.0,1
5459.0,119.5,1
5459.1,140.9,1
5459.2,129.3,1
5459.4,135.3,1
5464.5,138.0,1
5464.6,139.6,1
5464.8,127.6,1
5464.9,140.8,1
5465.1,142.3,1
5470.2,98.5,1
5470.3,115.7,1
5470.4,122.5,1
5470.5,117.9,1
5470.6,117.9,1
5475.8,145.3,1
5475.9,124.1,1
5476.0,131.0,1
5476.2,133.8,1
5476.3,119.6,1
5481.4,129.3,1
5481.5,119.8,1
5481.7,133.0,1
5481.8,117.1,1
5481.9,112.9,1
5487.0,121.0,1
5487.1,102.8,1
5487.3,127.3,1
5487.4,119.8,1
5487.5,132.3,1
5492.6,128.3,1
5492.8,153.8,1
5493.0,181.4,1
5493.1,154.9,1
5493.3,192.1,1
5498.5,139.0,1
5498.6,133.5,1
5498.7,138.2,1
5498.9,133.9,1
5499.0,130.6,1
5504.2,139.3,1
5504.3,139.0,1
5504.4,148.3,1
5504.6,161.0,1
5504.7,133.7,1
5509.9,138.2,1
5510.0,148.9,1
5510.2,175.5,1
5510.4,189.6,1
5510.6,173.5,1
5515.7,118.1,1
5515.8,147.1,1
5516.0,125.7,1
5516.1,141.7,1
5516.2,133.9,1
5521.4,150.0,1
5521.5,125.5,1
5521.6,120.1,1
5521.7,94.8,1
5521.9,134.9,1
5527.0,134.4,1
5527.2,147.8,1
5527.3,133.7,1
5527.4,131.7,1
5527.5,104.9,1
5532.7,148.1,1
5532.8,135.7,1
5533.0,146.4,1
5533.1,112.1,1
5533.2,146.3,1
5538.4,130.1,1
5538.5,123.6,1
5538.6,151.5,1
5538.8,151.4,1
5538.9,150.8,1
5544.1,146.1,1
5544.2,143.4,1
5544.4,151.5,1
5544.5,132.1,1
5544.6,140.4,1
5549.8,120.6,1
5549.9,133.8,1
5550.0,116.1,1
5550.2,136.4,1
5550.3,145.9,1
5555.5,149.2,1
5555.6,153.0,1
5555.7,134.2,1
5555.9,148.8,1
5556.0,146.5,1
5561.2,142.7,1
5561.3,106.6,1
5561.4,143.0,1
5561.6,113.8,1
5561.7,130.8,1
5566.8,119.6,1
5567.0,144.3,1
5567.1,146.0,1
5567.2,117.1,1
5567.3,98.3,1
5572.4,93.4,1
5572.6,151.1,1
5572.7,129.8,1
5572.8,109.4,1
5572.9,140.5,1
5578.1,131.1,1
5578.2,135.6,1
5578.3,93.4,1
5578.4,135.4,1
5578.6,121.5,1
5583.7,145.6,1
5583.9,150.3,1
5584.0,132.7,1
5584.1,147.0,1
5584.3,147.1,1
5589.4,126.1,1
5589.5,125.7,1
5589.7,143.7,1
5589.8,136.6,1
5590.0,152.1,1
5595.1,149.5,1
5595.3,133.2,1
5595.4,148.8,1
5595.5,123.0,1
5595.7,139.4,1
5600.8,135.8,1
5601.0,134.9,1
5601.1,136.9,1
5601.2,145.9,1
5601.4,114.0,1
5606.5,96.4,1
5606.6,98.1,1
5606.7,139.9,1
5606.8,137.5,1
5606.9,106.7,1
5612.1,128.8,1
5612.2,141.5,1
5612.3,106.8,1
5612.5,134.3,1
5612.6,130.7,1
5617.7,117.7,1
5617.8,126.0,1
5617.9,109.9,1
5618.1,112.2,1
5618.2,135.6,1
5623.3,126.1,1
5623.4,124.3,1
5623.6,145.4,1
5623.7,134.9,1
5623.9,136.3,1
5629.0,143.3,1
5629.2,157.7,1
5629.3,123.2,1
5629.4,160.1,1
5629.6,144.7,1
5634.7,146.7,1
5634.9,139.5,1
5635.0,145.2,1
5635.2,148.1,1
5635.3,141.6,1
5640.5,159.8,1
5640.6,143.8,1
5640.8,140.6,1
5640.9,138.3,1
5641.1,181.6,1
5646.2,152.1,1
5646.4,141.4,1
5646.5,137.1,1
5646.7,139.6,1
5646.8,141.4,1
5651.9,113.3,1
5652.0,103.5,1
5652.2,126.3,1
5652.3,128.7,1
5652.4,134.2,1
5657.5,130.6,1
5657.7,136.8,1
5657.8,146.2,1
5658.0,119.6,1
5658.1,135.4,1
5663.2,117.5,1
5663.3,108.7,1
5663.4,105.8,1
5663.6,145.5,1
5663.7,121.9,1
5668.8,111.0,1
5668.9,122.5,1
5669.0,114.7,1
5669.2,131.2,1
5669.3,143.1,1
5674.5,155.9,1
5674.6,148.0,1
5674.8,152.5,1
5674.9,121.9,1
5675.0,145.9,1
5680.2,147.5,1
5680.4,157.7,1
5680.5,134.6,1
5680.6,139.6,1
5680.8,146.9,1
5685.9,152.7,1
5686.1,145.8,1
5686.2,151.9,1
5686.4,156.5,1
5686.5,132.7,1
5691.7,160.5,1
5691.8,141.3,1
5692.0,147.3,1
5692.1,123.4,1
5692.2,137.8,1
5697.4,136.7,1
5697.5,119.1,1
5697.6,108.0,1
5697.7,105.3,1
5697.8,129.7,1
5703.0,138.6,1
5703.1,124.4,1
5703.3,141.7,1
5703.4,124.6,1
5703.5,121.8,1
5708.7,149.9,1
5708.8,137.3,1
5708.9,115.4,1
5709.0,138.8,1
5709.2,151.9,1
5714.3,122.1,1
5714.4,118.0,1
5714.6,137.2,1
5714.7,138.1,1
5714.8,105.6,1
5720.0,142.5,1
5720.1,137.5,1
5720.2,134.3,1
5720.4,145.6,1
5720.5,157.4,1
5725.7,141.2,1
5725.8,113.9,1
5725.9,135.6,1
5726.1,144.6,1
5726.2,122.0,1
5731.3,133.7,1
5731.5,135.0,1
5731.6,146.6,1
5731.8,136.8,1
5731.9,148.5,1
5737.1,154.6,1
5737.2,167.3,1
5737.4,151.0,1
5737.5,125.0,1
5737.7,142.0,1
5742.8,104.1,1
5742.9,115.7,1
5743.0,134.5,1
5743.1,123.9,1
5743.3,147.6,1
5748.4,130.7,1
5748.5,113.5,1
5748.6,113.7,1
5748.8,136.2,1
5748.9,126.5,1
5754.0,132.8,1
5754.2,141.5,1
5754.3,128.4,1
5754.5,146.5,1
5754.6,138.3,1
5759.7,132.6,1
5759.9,120.4,1
5760.0,131.3,1
5760.1,146.0,1
5760.2,109.1,1
5765.4,134.8,1
5765.5,135.3,1
5765.7,136.7,1
5765.8,143.4,1
5766.0,147.8,1
5771.1,147.7,1
5771.3,159.0,1
5771.4,140.0,1
5771.6,161.7,1
5771.7,168.1,1
5776.9,134.4,1
5777.0,139.9,1
5777.2,163.6,1
5777.3,153.5,1
5777.5,148.3,1
5782.6,111.9,1
5782.7,134.4,1
5782.9,126.4,1
5783.0,146.8,1
5783.1,135.7,1
5788.3,147.5,1
5788.4,126.7,1
5788.5,132.7,1
5788.7,109.6,1
5788.8,100.6,1
5793.9,108.5,1
5794.0,125.5,1
5794.1,122.0,1
5794.2,115.2,1
5794.4,119.2,1
5799.5,121.2,1
5799.6,145.5,1
5799.7,102.9,1
5799.9,147.9,1
5800.0,118.9,1
5805.1,130.6,1
5805.2,108.9,1
5805.4,148.4,1
5805.5,148.4,1
5805.7,143.1,1
5810.8,116.6,1
5810.9,149.1,1
5811.1,152.8,1
5811.2,143.7,1
5811.3,100.9,1
5816.5,156.3,1
5816.7,149.3,1
5816.8,141.6,1
5816.9,144.4,1
5817.1,152.7,1
5822.2,136.5,1
5822.4,130.8,1
5822.5,138.1,1
5822.7,166.4,1
5822.8,127.8,1
5827.9,128.5,1
5828.1,124.2,1
5828.2,139.2,1
5828.3,139.8,1
5828.5,138.9,1
5833.6,111.0,1
5833.7,131.6,1
5833.9,142.1,1
5834.0,135.9,1
5834.1,128.6,1
5839.3,133.1,1
5839.4,122.0,1
5839.5,116.1,1
5839.6,127.2,1
5839.7,110.5,1
5844.8,101.7,1
5845.0,144.0,1
5845.1,150.7,1
5845.3,126.8,1
5845.4,114.2,1
5850.5,145.6,1
5850.7,144.7,1
5850.8,104.9,1
5850.9,109.9,1
5851.0,138.2,1
5856.2,117.6,1
5856.3,126.3,1
5856.4,149.4,1
5856.6,136.7,1
5856.7,140.5,1
5861.8,129.2,1
5862.0,133.9,1
5862.1,137.6,1
5862.3,146.3,1
5862.4,121.0,1
5867.5,147.7,1
5867.7,149.5,1
5867.8,141.0,1
5868.0,151.7,1
5868.1,125.3,1
5873.2,127.4,1
5873.3,98.2,1
5873.5,128.4,1
5873.6,139.6,1
5873.7,137.9,1
5878.8,105.6,1
5878.9,96.6,1
5879.1,130.1,1
5879.2,141.1,1
5879.3,124.9,1
5884.4,105.9,1
5884.6,123.1,1
5884.7,122.1,1
5884.8,106.6,1
5885.0,155.9,1
5890.1,139.6,1
5890.2,112.9,1
5890.3,120.7,1
5890.5,142.9,1
5890.6,131.2,1
5895.7,114.4,1
5895.9,132.4,1
5896.0,132.3,1
5896.1,145.5,1
5896.3,152.7,1
5901.5,173.4,1
5901.6,159.4,1
5901.8,221.5,1
5902.0,155.9,1
5902.2,167.5,1
5907.3,131.1,1
5907.4,141.0,1
5907.6,137.1,1
5907.7,135.4,1
5907.9,137.2,1
5913.0,140.4,1
5913.1,137.3,1
5913.3,138.7,1
5913.4,146.0,1
5913.6,146.8,1
5918.7,149.9,1
5918.9,132.8,1
5919.0,132.2,1
5919.1,110.2,1
5919.2,108.3,1
5924.4,140.6,1
5924.5,140.3,1
5924.6,137.6,1
5924.8,133.0,1
5924.9,126.4,1
5930.0,103.6,1
5930.1,134.0,1
5930.2,114.4,1
5930.4,104.1,1
5930.5,144.0,1
5935.6,140.1,1
5935.8,158.7,1
5936.0,160.3,1
5936.1,133.1,1
5936.2,129.2,1
5941.4,136.6,1
5941.5,132.9,1
5941.6,137.0,1
5941.8,128.6,1
5941.9,127.6,1
5947.0,132.5,1
5947.2,139.4,1
5947.3,134.5,1
5947.5,156.5,1
5947.6,161.1,1
5952.7,114.2,1
5952.9,136.1,1
5953.0,139.1,1
5953.2,138.2,1
5953.3,126.0,1
5958.4,148.3,1
5958.6,142.3,1
5958.7,138.1,1
5958.9,137.9,1
5959.0,141.0,1
5964.1,148.9,1
5964.3,157.6,1
5964.4,115.7,1
5964.6,133.0,1
5964.7,143.4,1
5969.8,116.0,1
5969.9,113.8,1
5970.0,96.7,1
5970.2,134.2,1
5970.3,132.7,1
5975.4,141.9,1
5975.6,153.3,1
5975.7,118.5,1
5975.8,97.8,1
5975.9,136.8,1
5981.0,104.4,1
5981.2,102.4,1
5981.3,102.8,1
5981.4,106.6,1
5981.5,135.3,1
5986.7,150.4,1
5986.8,137.1,1
5986.9,150.0,1
5987.1,115.6,1
5987.2,143.8,1
5992.4,153.8,1
5992.5,141.8,1
5992.6,116.7,1
5992.7,122.9,1
5992.9,152.5,1
5998.0,109.4,1
5998.2,156.9,1
5998.3,132.4,1
5998.4,142.2,1
5998.6,125.9,1
6003.7,149.7,1
6003.9,143.0,1
6004.0,148.3,1
6004.1,138.9,1
6004.3,129.9,1
6009.4,121.3,1
6009.5,133.3,1
6009.7,122.4,1
6009.8,123.4,1
6009.9,121.7,1
6015.0,140.4,1
6015.1,100.7,1
6015.3,119.7,1
6015.4,136.0,1
6015.6,152.3,1
6020.7,100.3,1
6020.8,118.1,1
6020.9,143.8,1
6021.1,131.0,1
6021.2,100.6,1
6026.3,119.0,1
6026.4,114.6,1
6026.5,130.2,1
6026.7,140.4,1
6026.8,121.3,1
6032.0,176.4,1
6032.1,164.9,1
6032.3,160.2,1
6032.5,167.8,1
6032.6,180.4,1
6037.8,145.9,1
6037.9,131.6,1
6038.1,151.6,1
6038.2,147.4,1
6038.4,156.6,1
6043.5,138.6,1
6043.7,137.9,1
6043.8,132.6,1
6043.9,138.7,1
6044.1,148.4,1
6049.2,157.3,1
6049.4,154.7,1
6049.6,159.8,1
6049.7,154.6,1
6049.9,153.1,1
6055.0,97.6,1
6055.1,131.8,1
6055.2,128.3,1
6055.3,102.2,1
6055.5,139.5,1
6060.6,97.2,1
6060.7,100.8,1
6060.8,111.3,1
6060.9,145.7,1
6061.1,134.4,1
6066.2,138.3,1
6066.3,94.1,1
6066.4,127.7,1
6066.6,125.1,1
6066.7,99.9,1
6071.8,114.8,1
6071.9,104.7,1
6072.0,123.5,1
6072.1,112.7,1
6072.2,130.4,1
6077.4,120.4,1
6077.5,112.9,1
6077.6,149.0,1
6077.8,120.3,1
6077.9,146.9,1
6083.0,144.6,1
6083.2,140.2,1
6083.3,106.9,1
6083.4,152.1,1
6083.6,135.5,1
6088.7,120.2,1
6088.8,133.7,1
6089.0,150.5,1
6089.1,132.7,1
6089.3,145.6,1
6094.4,144.5,1
6094.6,148.1,1
6094.7,141.8,1
6094.9,143.8,1
6095.0,142.5,1
6100.1,137.1,1
6100.3,117.3,1
6100.4,125.1,1
6100.5,138.6,1
6100.7,132.2,1
6105.8,139.7,1
6105.9,145.7,1
6106.1,142.2,1
6106.2,139.2,1
6106.4,149.5,1
6111.5,119.7,1
6111.6,104.0,1
6111.7,143.3,1
6111.9,118.7,1
6112.0,122.5,1
6117.1,97.5,1
6117.2,113.2,1
6117.3,99.3,1
6117.4,132.9,1
6117.6,133.5,1
6122.7,144.4,1
6122.8,131.9,1
6123.0,148.6,1
6123.1,136.3,1
6123.3,137.4,1
6128.4,148.7,1
6128.5,126.3,1
6128.7,138.7,1
6128.8,138.7,1
6129.0,150.4,1
6134.1,137.1,1
6134.3,138.7,1
6134.4,138.4,1
6134.5,134.4,1
6134.7,144.7,1
6139.8,140.5,1
6140.0,143.1,1
6140.1,146.9,1
6140.2,132.1,1
6140.4,138.4,1
6145.5,127.3,1
6145.6,106.0,1
6145.8,145.8,1
6145.9,144.8,1
6146.1,164.3,1
6151.2,97.8,1
6151.3,120.3,1
6151.4,122.1,1
6151.5,121.0,1
6151.7,133.4,1
6156.8,137.4,1
6157.0,141.0,1
6157.1,107.7,1
6157.2,136.7,1
6157.3,136.1,1
6162.5,128.0,1
6162.6,136.6,1
6162.8,149.2,1
6162.9,141.6,1
6163.1,165.9,1
6168.2,113.0,1
6168.3,144.9,1
6168.5,144.1,1
6168.6,134.1,1
6168.7,113.6,1
6173.9,140.8,1
6174.0,140.5,1
6174.1,145.6,1
6174.3,130.5,1
6174.4,137.7,1
6179.6,162.5,1
6179.7,154.3,1
6179.9,152.9,1
6180.0,139.5,1
6180.2,144.5,1
6185.3,134.4,1
6185.5,141.6,1
6185.6,143.6,1
6185.7,135.8,1
6185.9,147.6,1
6191.0,118.8,1
6191.1,132.1,1
6191.3,130.8,1
6191.4,127.8,1
6191.5,136.0,1
6196.7,125.8,1
6196.8,118.9,1
6196.9,148.6,1
6197.1,132.8,1
6197.2,131.1,1
6202.3,96.3,1
6202.4,95.9,1
6202.5,130.1,1
6202.7,139.4,1
6202.8,109.9,1
6207.9,120.7,1
6208.0,142.8,1
6208.2,116.0,1
6208.3,133.9,1
6208.4,111.5,1
6213.5,124.8,1
6213.7,147.8,1
6213.8,121.0,1
6213.9,123.9,1
6214.1,132.1,1
6219.2,142.8,1
6219.3,130.9,1
6219.5,139.4,1
6219.6,137.0,1
6219.7,134.8,1
6224.9,129.3,1
6225.0,143.5,1
6225.2,153.9,1
6225.3,131.2,1
6225.4,135.6,1
6230.6,103.3,1
6230.7,142.1,1
6230.8,148.3,1
6231.0,156.7,1
6231.1,122.1,1
6236.2,106.5,1
6236.4,131.4,1
6236.5,149.2,1
6236.6,134.6,1
6236.8,134.5,1
6241.9,111.9,1
6242.0,119.6,1
6242.2,154.0,1
6242.3,141.0,1
6242.4,123.3,1
6247.6,142.2,1
6247.7,149.5,1
6247.8,118.8,1
6248.0,106.7,1
6248.0,96.9,1
6253.2,142.8,1
6253.3,114.2,1
6253.4,92.2,1
6253.5,94.7,1
6253.6,150.7,1
6258.8,148.6,1
6258.9,133.6,1
6259.1,130.4,1
6259.2,147.5,1
6259.4,147.2,1
6264.5,139.8,1
6264.6,125.3,1
6264.8,136.7,1
6264.9,141.7,1
6265.1,143.8,1
6270.2,152.4,1
6270.4,152.2,1
6270.5,129.5,1
6270.6,141.2,1
6270.8,132.6,1
6275.9,108.4,1
6276.0,130.8,1
6276.1,130.3,1
6276.3,145.1,1
6276.4,147.1,1
6281.6,111.5,1
6281.7,120.2,1
6281.8,140.4,1
6281.9,137.0,1
6282.1,101.8,1
6287.2,97.3,1
6287.3,115.4,1
6287.4,145.5,1
6287.5,125.8,1
6287.7,131.2,1
6292.8,116.4,1
6292.9,139.1,1
6293.1,127.5,1
6293.2,126.6,1
6293.3,151.8,1
6298.5,148.8,1
6298.6,125.6,1
6298.7,103.8,1
6298.9,132.4,1
6299.0,109.4,1
6304.1,130.9,1
6304.2,150.2,1
6304.4,138.0,1
6304.5,99.7,1
6304.6,136.2,1
6309.8,154.8,1
6309.9,155.1,1
6310.1,169.2,1
6310.3,157.5,1
6310.5,197.5,1
6315.6,148.5,1
6315.7,124.7,1
6315.9,118.1,1
6316.0,144.7,1
6316.1,123.2,1
6321.3,132.2,1
6321.4,121.2,1
6321.5,125.5,1
6321.7,145.0,1
6321.8,151.5,1
6326.9,126.3,1
6327.0,106.8,1
6327.1,104.2,1
6327.3,148.5,1
6327.4,142.0,1
6332.6,125.1,1
6332.7,131.2,1
6332.8,139.1,1
6333.0,132.2,1
6333.1,117.9,1
6338.2,115.3,1
6338.3,135.5,1
6338.5,111.1,1
6338.6,108.2,1
6338.7,118.0,1
6343.8,146.3,1
6343.9,107.5,1
6344.1,112.9,1
6344.2,105.6,1
6344.3,117.0,1
6349.4,131.3,1
6349.6,140.2,1
6349.7,124.4,1
6349.8,137.8,1
6350.0,145.3,1
6355.1,130.9,1
6355.2,141.6,1
6355.4,124.7,1
6355.5,137.2,1
6355.6,142.7,1
6360.8,123.3,1
6360.9,143.0,1
6361.1,136.9,1
6361.2,147.6,1
6361.3,142.6,1
6366.5,145.4,1
6366.6,143.1,1
6366.8,134.9,1
6366.9,123.0,1
6367.0,128.4,1
6372.1,119.2,1
6372.3,129.0,1
6372.4,131.2,1
6372.5,140.5,1
6372.7,138.5,1
6377.8,96.7,1
6377.9,120.9,1
6378.0,136.5,1
6378.2,136.7,1
6378.3,140.3,1
6383.4,94.3,1
6383.5,97.0,1
6383.6,124.7,1
6383.8,119.2,1
6383.9,114.2,1
6389.0,111.4,1
6389.1,104.1,1
6389.2,103.2,1
6389.3,135.2,1
6389.5,126.3,1
6394.6,120.8,1
6394.7,126.7,1
6394.8,122.5,1
6395.0,138.4,1
6395.1,127.1,1
6400.2,102.6,1
6400.3,129.8,1
6400.5,150.0,1
6400.6,124.8,1
6400.8,150.4,1
6405.9,148.2,1
6406.1,146.5,1
6406.2,147.3,1
6406.3,128.1,1
6406.5,142.0,1
6411.6,138.0,1
6411.8,140.6,1
6411.9,128.2,1
6412.0,143.0,1
6412.2,150.0,1
6417.3,128.9,1
6417.5,148.0,1
6417.6,102.5,1
6417.7,129.6,1
6417.8,137.4,1
6423.0,123.1,1
6423.1,144.3,1
6423.2,122.3,1
6423.3,106.9,1
6423.4,111.0,1
6428.6,142.4,1
6428.7,128.1,1
6428.8,110.7,1
6429.0,139.7,1
6429.1,119.3,1
6434.2,107.9,1
6434.3,115.3,1
6434.4,125.5,1
6434.6,125.6,1
6434.7,123.7,1
6439.9,158.0,1
6440.0,160.2,1
6440.2,155.5,1
6440.3,148.4,1
6440.5,172.5,1
6445.6,150.9,1
6445.8,151.8,1
6445.9,131.0,1
6446.1,139.9,1
6446.2,132.2,1
6451.4,153.7,1
6451.5,139.6,1
6451.6,135.8,1
6451.8,153.2,1
6451.9,110.9,1
6457.1,152.3,1
6457.2,158.0,1
6457.4,150.4,1
6457.6,232.2,1
6457.8,166.9,1
6462.9,145.7,1
6463.0,120.9,1
6463.1,110.8,1
6463.3,132.4,1
6463.4,101.7,1
6468.5,112.3,1
6468.6,142.4,1
6468.8,137.4,1
6468.9,137.8,1
6469.0,106.9,1
6474.1,110.9,1
6474.3,137.8,1
6474.4,97.1,1
6474.5,97.7,1
6474.6,130.1,1
6479.7,96.2,1
6479.8,135.1,1
6479.9,112.3,1
6480.1,121.1,1
6480.2,137.0,1
6485.3,118.8,1
6485.5,138.3,1
6485.6,142.2,1
6485.7,134.1,1
6485.9,136.9,1
6491.0,150.7,1
6491.2,129.3,1
6491.3,124.3,1
6491.4,147.0,1
6491.6,144.9,1
6496.7,146.4,1
6496.9,151.0,1
6497.0,125.6,1
6497.1,125.8,1
6497.3,149.3,1
6502.4,121.0,1
6502.5,127.1,1
6502.7,143.4,1
6502.8,146.0,1
6503.0,144.5,1
6508.1,97.5,1
6508.2,117.6,1
6508.3,105.4,1
6508.4,116.3,1
6508.6,147.4,1
6513.7,118.9,1
6513.8,141.8,1
6514.0,140.0,1
6514.1,120.1,1
6514.2,118.7,1
6519.3,94.4,1
6519.4,104.6,1
6519.6,147.4,1
6519.7,103.2,1
6519.8,126.6,1
6524.9,141.3,1
6525.0,118.4,1
6525.2,131.0,1
6525.3,106.5,1
6525.4,97.9,1
6530.5,148.1,1
6530.7,143.1,1
6530.8,119.6,1
6530.9,138.5,1
6531.1,153.6,1
6536.2,112.5,1
6536.3,130.5,1
6536.5,137.1,1
6536.6,139.9,1
6536.8,140.0,1
6541.9,136.9,1
6542.1,156.9,1
6542.2,132.9,1
6542.3,136.1,1
6542.5,130.8,1
6547.6,143.9,1
6547.7,135.3,1
6547.8,94.1,1
6547.9,110.0,1
6548.1,145.0,1
6553.2,120.1,1
6553.4,139.5,1
6553.5,119.0,1
6553.6,124.0,1
6553.7,129.0,1
6558.8,101.5,1
6559.0,138.9,1
6559.1,115.1,1
6559.2,132.6,1
6559.3,133.3,1
6564.5,121.7,1
6564.6,121.4,1
6564.7,137.2,1
6564.9,143.6,1
6565.0,119.7,1
6570.1,107.8,1
6570.2,106.7,1
6570.4,144.4,1
6570.5,145.5,1
6570.7,174.3,1
6575.8,141.6,1
6576.0,142.2,1
6576.1,132.8,1
6576.3,149.3,1
6576.4,138.0,1
6581.5,144.9,1
6581.7,144.0,1
6581.8,149.5,1
6582.0,136.3,1
6582.1,130.8,1
6587.3,149.2,1
6587.4,151.3,1
6587.6,157.1,1
6587.7,185.5,1
6588.0,212.1,1
6593.1,143.0,1
6593.2,92.3,1
6593.3,114.7,1
6593.5,149.0,1
6593.6,137.8,1
6598.7,95.5,1
6598.8,131.3,1
6599.0,132.2,1
6599.1,128.9,1
6599.2,119.7,1
6604.4,138.6,1
6604.5,146.7,1
6604.6,142.3,1
6604.8,136.6,1
6604.9,106.9,1
6610.1,155.2,1
6610.2,133.2,1
6610.3,101.3,1
6610.4,140.5,1
6610.5,122.2,1
6615.7,139.6,1
6615.8,144.4,1
6616.0,145.9,1
6616.1,151.9,1
6616.3,136.5,1
6621.4,147.5,1
6621.6,145.1,1
6621.7,137.4,1
6621.9,147.6,1
6622.0,147.1,1
6627.1,142.9,1
6627.3,116.5,1
6627.4,140.0,1
6627.6,166.4,1
6627.7,131.4,1
6632.9,146.0,1
6633.0,143.4,1
6633.1,133.3,1
6633.3,143.7,1
6633.4,139.6,1
6638.5,103.2,1
6638.7,132.5,1
6638.8,154.4,1
6638.9,134.0,1
6639.1,129.2,1
6644.2,127.0,1
6644.3,119.2,1
6644.5,144.4,1
6644.6,149.8,1
6644.7,112.8,1
6649.8,98.2,1
6650.0,135.0,1
6650.1,147.5,1
6650.3,144.7,1
6650.4,130.1,1
6655.5,105.5,1
6655.6,140.2,1
6655.8,139.3,1
6655.9,140.3,1
6656.0,122.8,1
6661.2,135.9,1
6661.3,124.4,1
6661.5,147.5,1
6661.6,131.7,1
6661.7,153.8,1
6666.9,147.8,1
6667.0,138.5,1
6667.2,153.3,1
6667.3,148.5,1
6667.5,125.7,1
6672.6,142.3,1
6672.7,117.5,1
6672.9,138.6,1
6673.0,120.0,1
6673.1,136.3,1
6678.3,141.3,1
6678.4,152.9,1
6678.6,150.2,1
6678.7,130.7,1
6678.9,150.4,1
6684.0,137.1,1
6684.1,126.4,1
6684.2,112.3,1
6684.4,154.7,1
6684.5,145.6,1
6689.7,130.0,1
6689.8,109.4,1
6689.9,125.5,1
6690.0,116.7,1
6690.1,112.9,1
6695.2,95.1,1
6695.4,126.5,1
6695.5,110.5,1
6695.6,129.1,1
6695.7,124.8,1
6700.8,96.0,1
6700.9,95.9,1
6701.0,132.1,1
6701.2,155.1,1
6701.3,129.7,1
6706.5,113.2,1
6706.6,160.5,1
6706.8,146.5,1
6706.9,138.2,1
6707.0,143.0,1
6712.2,131.4,1
6712.3,130.7,1
6712.4,142.5,1
6712.6,138.5,1
6712.7,146.9,1
6717.9,159.0,1
6718.1,170.6,1
6718.2,145.6,1
6718.4,178.5,1
6718.6,180.0,1
6723.7,125.7,1
6723.8,145.1,1
6724.0,146.0,1
6724.1,143.4,1
6724.3,131.6,1
6729.4,120.4,1
6729.5,146.9,1
6729.6,101.1,1
6729.8,112.3,1
6729.9,145.9,1
6735.1,149.2,1
6735.2,107.5,1
6735.3,126.6,1
6735.4,113.2,1
6735.5,117.1,1
6740.6,101.6,1
6740.7,114.0,1
6740.9,124.3,1
6741.0,135.5,1
6741.1,121.3,1
6746.3,144.5,1
6746.4,133.5,1
6746.5,106.9,1
6746.6,119.1,1
6746.7,118.7,1
6751.9,124.3,1
6752.0,153.3,1
6752.2,153.9,1
6752.3,131.3,1
6752.4,117.5,1
6757.6,156.4,1
6757.7,151.9,1
6757.9,132.2,1
6758.0,135.3,1
6758.1,138.3,1
6763.3,138.8,1
6763.4,126.4,1
6763.6,141.0,1
6763.7,143.7,1
6763.9,154.3,1
6769.0,115.8,1
6769.1,135.4,1
6769.3,143.9,1
6769.4,146.4,1
6769.6,150.1,1
6774.7,134.4,1
6774.8,134.9,1
6774.9,96.5,1
6775.0,106.3,1
6775.2,144.2,1
6780.3,139.8,1
6780.4,108.9,1
6780.6,149.2,1
6780.7,137.1,1
6780.9,148.5,1
6786.0,115.7,1
6786.1,145.0,1
6786.2,97.9,1
6786.3,115.3,1
6786.4,97.6,1
6791.6,111.6,1
6791.7,125.0,1
6791.8,143.1,1
6792.0,127.4,1
6792.1,129.2,1
6797.2,96.0,1
6797.3,127.0,1
6797.5,147.5,1
6797.6,154.7,1
6797.8,141.0,1
6802.9,137.3,1
6803.0,152.3,1
6803.2,125.0,1
6803.3,136.5,1
6803.4,129.2,1
6808.6,125.9,1
6808.7,129.0,1
6808.8,146.0,1
6809.0,133.3,1
6809.1,134.1,1
6814.3,150.2,1
6814.4,141.6,1
6814.5,139.0,1
6814.7,141.4,1
6814.8,138.2,1
6820.0,125.9,1
6820.1,143.5,1
6820.2,118.3,1
6820.3,99.5,1
6820.4,126.6,1
6825.6,119.0,1
6825.7,130.7,1
6825.8,115.6,1
6825.9,120.8,1
6826.1,143.3,1
6831.2,106.1,1
6831.3,136.1,1
6831.5,144.9,1
6831.6,133.7,1
6831.7,139.5,1
6836.8,97.2,1
6837.0,151.4,1
6837.1,121.6,1
6837.2,131.9,1
6837.4,122.1,1
6842.5,117.1,1
6842.6,145.0,1
6842.8,135.4,1
6842.9,146.5,1
6843.1,140.7,1
6848.2,163.3,1
6848.4,138.1,1
6848.5,174.0,1
6848.7,152.3,1
6848.9,164.4,1
6854.0,132.8,1
6854.1,120.6,1
6854.3,149.6,1
6854.4,107.1,1
6854.5,144.7,1
6859.7,148.3,1
6859.8,126.9,1
6859.9,144.3,1
6860.1,147.7,1
6860.3,160.9,1
6865.4,125.1,1
6865.5,140.3,1
6865.7,147.6,1
6865.8,139.3,1
6865.9,134.6,1
6871.1,136.8,1
6871.2,96.9,1
6871.3,145.0,1
6871.5,131.3,1
6871.6,128.4,1
6876.7,143.7,1
6876.9,138.0,1
6877.0,105.4,1
6877.1,154.1,1
6877.3,121.5,1
6882.4,141.3,1
6882.5,136.7,1
6882.7,130.5,1
6882.8,144.3,1
6882.9,99.4,1
6888.1,144.5,1
6888.2,156.1,1
6888.4,143.7,1
6888.5,140.8,1
6888.6,145.5,1
6893.8,151.7,1
6893.9,131.4,1
6894.0,116.5,1
6894.2,135.9,1
6894.3,142.8,1
6899.5,163.0,1
6899.6,157.2,1
6899.8,135.4,1
6899.9,116.1,1
6900.0,141.5,1
6905.2,142.6,1
6905.3,148.1,1
6905.5,155.4,1
6905.6,146.6,1
6905.8,139.8,1
6910.9,98.2,1
6911.0,124.2,1
6911.2,144.3,1
6911.3,146.4,1
6911.4,131.2,1
6916.6,145.8,1
6916.7,113.7,1
6916.8,144.5,1
6917.0,114.9,1
6917.1,126.0,1
6922.2,95.4,1
6922.3,143.1,1
6922.4,93.3,1
6922.5,108.6,1
6922.6,115.9,1
6927.8,105.1,1
6927.9,136.0,1
6928.0,132.7,1
6928.1,99.6,1
6928.2,121.0,1
6933.4,112.1,1
6933.5,139.1,1
6933.6,145.7,1
6933.8,148.6,1
6933.9,132.8,1
6939.1,138.3,1
6939.2,142.0,1
6939.3,130.5,1
6939.5,142.5,1
6939.6,150.1,1
6944.7,110.6,1
6944.9,131.0,1
6945.0,141.3,1
6945.2,130.2,1
6945.3,142.8,1
6950.4,129.7,1
6950.6,128.7,1
6950.7,133.2,1
6950.8,131.5,1
6951.0,138.8,1
6956.1,113.6,1
6956.2,103.9,1
6956.3,134.8,1
6956.4,96.7,1
6956.6,145.1,1
6961.7,112.9,1
6961.8,141.0,1
6962.0,136.0,1
6962.1,107.6,1
6962.2,136.6,1
6967.3,131.9,1
6967.4,108.4,1
6967.5,97.1,1
6967.7,110.0,1
6967.8,108.1,1
6972.9,96.0,1
6973.0,95.6,1
6973.1,138.6,1
6973.2,139.4,1
6973.4,137.8,1
6978.5,152.1,1
6978.7,162.4,1
6978.8,154.3,1
6979.0,154.4,1
6979.2,173.1,1
6984.3,148.9,1
6984.4,99.6,1
6984.6,154.9,1
6984.7,147.6,1
6984.9,131.9,1
6990.0,143.8,1
6990.2,144.7,1
6990.3,146.1,1
6990.4,142.6,1
6990.6,124.9,1
6995.7,151.9,1
6995.9,153.3,1
6996.0,171.7,1
6996.2,197.2,1
6996.4,147.3,1
7001.5,132.0,1
7001.6,100.0,1
7001.7,118.2,1
7001.9,102.4,1
7002.0,116.0,1
7007.1,145.9,1
7007.2,96.2,1
7007.3,100.4,1
7007.4,107.5,1
7007.5,123.6,1
7012.7,126.7,1
7012.8,123.9,1
7012.9,134.4,1
7013.1,140.3,1
7013.2,149.4,1
7018.4,143.9,1
7018.5,95.5,1
7018.6,130.9,1
7018.7,115.4,1
7018.8,94.7,1
7023.9,132.4,1
7024.1,113.9,1
7024.2,107.1,1
7024.3,128.0,1
7024.4,110.7,1
7029.5,138.7,1
7029.7,129.8,1
7029.8,147.4,1
7030.0,138.1,1
7030.1,136.8,1
7035.2,125.7,1
7035.4,132.7,1
7035.5,137.7,1
7035.7,160.4,1
7035.8,145.9,1
7040.9,115.6,1
7041.1,127.0,1
7041.2,142.2,1
7041.3,116.5,1
7041.4,131.8,1
7046.6,102.3,1
7046.7,144.7,1
7046.8,141.9,1
7047.0,133.2,1
7047.1,116.9,1
7052.2,134.7,1
7052.4,133.9,1
7052.5,95.8,1
7052.6,107.2,1
7052.7,136.1,1
7057.8,104.3,1
7058.0,144.4,1
7058.1,115.2,1
7058.2,151.7,1
7058.3,105.8,1
7063.5,144.8,1
7063.6,130.5,1
7063.7,135.2,1
7063.9,139.1,1
7064.0,147.4,1
7069.2,138.5,1
7069.3,118.4,1
7069.4,137.3,1
7069.6,154.5,1
7069.7,165.5,1
7074.9,119.6,1
7075.0,125.2,1
7075.1,132.5,1
7075.3,138.0,1
7075.4,146.0,1
7080.5,126.9,1
7080.7,139.8,1
7080.8,130.6,1
7081.0,137.0,1
7081.1,124.9,1
7086.2,129.3,1
7086.4,151.8,1
7086.5,132.0,1
7086.6,151.2,1
7086.8,147.8,1
7091.9,137.3,1
7092.1,153.8,1
7092.2,145.2,1
7092.3,98.7,1
7092.4,99.3,1
7097.6,133.3,1
7097.7,114.2,1
7097.8,149.7,1
7098.0,151.0,1
7098.1,140.4,1
7103.3,130.3,1
7103.4,97.8,1
7103.5,115.3,1
7103.6,100.1,1
7103.7,115.9,1
7108.8,124.3,1
7108.9,116.0,1
7109.1,130.6,1
7109.2,135.3,1
7109.3,126.7,1
7114.5,136.8,1
7114.6,147.1,1
7114.8,144.8,1
7114.9,126.1,1
7115.0,131.0,1
7120.2,145.0,1
7120.3,139.6,1
7120.4,134.2,1
7120.6,140.5,1
7120.7,146.3,1
7125.9,139.5,1
7126.1,189.2,1
7126.2,154.1,1
7126.4,176.4,1
7126.6,156.2,1
7131.7,150.6,1
7131.9,146.3,1
7132.0,145.8,1
7132.1,139.0,1
7132.3,138.0,1
7137.4,106.5,1
7137.5,123.0,1
7137.7,144.3,1
7137.8,143.0,1
7137.9,123.6,1
7143.1,156.1,1
7143.2,148.7,1
7143.4,150.0,1
7143.5,152.3,1
7143.7,142.4,1
7148.8,119.2,1
7148.9,132.9,1
7149.1,127.2,1
7149.2,145.8,1
7149.3,120.6,1
7154.5,144.6,1
7154.6,108.6,1
7154.7,153.6,1
7154.9,128.4,1
7155.0,134.9,1
7160.1,128.1,1
7160.2,116.0,1
7160.4,138.6,1
7160.5,135.1,1
7160.7,131.4,1
7165.8,140.8,1
7165.9,141.3,1
7166.1,135.2,1
7166.2,131.3,1
7166.3,128.7,1
7171.5,149.0,1
7171.7,161.5,1
7171.8,148.6,1
7171.9,135.1,1
7172.1,136.4,1
7177.2,132.0,1
7177.3,134.5,1
7177.5,145.2,1
7177.6,150.8,1
7177.8,131.9,1
7182.9,139.0,1
7183.0,133.3,1
7183.2,134.4,1
7183.3,123.1,1
7183.4,126.8,1
7188.6,131.9,1
7188.7,101.5,1
7188.8,126.3,1
7188.9,97.6,1
7189.0,123.6,1
7194.2,131.8,1
7194.3,132.1,1
7194.4,112.7,1
7194.5,106.4,1
7194.6,104.5,1
7199.7,99.3,1
7199.8,129.5,1
7200.0,128.9,1
7200.1,137.1,1
7200.2,104.7,1
7205.4,137.5,1
7205.5,127.7,1
7205.6,133.6,1
7205.7,132.5,1
7205.9,153.1,1
7211.1,148.1,1
7211.2,133.0,1
7211.3,151.2,1
7211.5,133.9,1
7211.6,143.6,1
7216.7,122.5,1
7216.9,135.3,1
7217.0,137.2,1
7217.1,130.1,1
7217.3,145.1,1
7222.4,147.4,1
7222.6,128.3,1
7222.7,123.7,1
7222.8,127.6,1
7223.0,147.7,1
7228.1,138.7,1
7228.3,142.8,1
7228.4,134.6,1
7228.5,140.1,1
7228.7,125.9,1
7233.8,108.6,1
7233.9,133.4,1
7234.0,115.5,1
7234.1,116.1,1
7234.3,144.4,1
7239.4,123.9,1
7239.5,126.0,1
7239.7,118.3,1
7239.7,97.1,1
7239.9,122.5,1
7245.0,140.3,1
7245.1,118.6,1
7245.3,137.0,1
7245.4,110.4,1
7245.5,126.0,1
7250.7,142.9,1
7250.8,133.4,1
7250.9,135.0,1
7251.1,148.5,1
7251.2,146.5,1
7256.4,131.8,1
7256.5,169.2,1
7256.7,168.7,1
7256.9,208.0,1
7257.1,151.9,1
7262.2,137.2,1
7262.3,131.5,1
7262.5,147.5,1
7262.6,140.1,1
7262.8,135.5,1
7267.9,124.8,1
7268.0,139.1,1
7268.2,141.4,1
7268.3,116.7,1
7268.4,128.4,1
7273.5,111.2,1
7273.7,154.5,1
7273.8,151.2,1
7274.0,145.6,1
7274.1,129.1,1
7279.2,104.3,1
7279.3,121.2,1
7279.5,125.7,1
7279.6,144.6,1
7279.7,119.1,1
7284.9,129.0,1
7285.0,102.6,1
7285.1,126.0,1
7285.2,128.9,1
7285.4,152.5,1
7290.5,126.9,1
7290.6,131.0,1
7290.8,126.1,1
7290.9,142.3,1
7291.0,116.8,1
7296.2,132.9,1
7296.3,127.7,1
7296.4,139.2,1
7296.6,155.9,1
7296.7,142.4,1
7301.9,147.4,1
7302.0,128.0,1
7302.1,143.8,1
7302.3,129.7,1
7302.4,119.9,1
7307.5,143.6,1
7307.7,135.8,1
7307.8,138.7,1
7308.0,154.5,1
7308.1,153.5,1
7313.2,117.0,1
7313.4,106.5,1
7313.5,121.4,1
7313.6,124.2,1
7313.7,124.3,1
7318.8,95.0,1
7318.9,97.9,1
7319.1,145.1,1
7319.2,113.0,1
7319.3,138.6,1
7324.5,132.4,1
7324.6,143.5,1
7324.7,132.2,1
7324.8,116.4,1
7325.0,130.8,1
7330.1,111.1,1
7330.2,118.1,1
7330.4,145.4,1
7330.5,139.5,1
7330.6,123.9,1
7335.8,124.5,1
7335.9,157.5,1
7336.0,135.8,1
7336.2,122.4,1
7336.3,134.2,1
7341.4,138.3,1
7341.6,150.1,1
7341.7,137.9,1
7341.9,147.1,1
7342.0,148.2,1
7347.2,138.6,1
7347.3,130.7,1
7347.4,145.1,1
7347.6,147.9,1
7347.7,135.1,1
7352.9,157.3,1
7353.0,133.7,1
7353.2,138.7,1
7353.3,149.3,1
7353.5,144.8,1
7358.6,116.1,1
7358.7,120.8,1
7358.8,122.4,1
7358.9,95.0,1
7359.0,95.5,1
7364.1,107.1,1
7364.2,96.5,1
7364.3,97.1,1
7364.4,114.1,1
7364.6,124.9,1
7369.7,121.6,1
7369.8,98.1,1
7369.9,138.5,1
7370.0,124.2,1
7370.2,133.7,1
7375.3,142.3,1
7375.4,107.6,1
7375.6,142.4,1
7375.7,143.3,1
7375.8,117.8,1
7381.0,147.4,1
7381.1,137.9,1
7381.2,112.1,1
7381.4,154.5,1
7381.5,143.4,1
7386.7,136.4,1
7386.8,145.4,1
7387.0,148.5,1
7387.1,151.9,1
7387.3,166.3,1
7392.4,127.7,1
7392.6,142.4,1
7392.7,139.0,1
7392.8,126.4,1
7393.0,150.4,1
7398.1,147.5,1
7398.3,138.4,1
7398.4,141.6,1
7398.6,141.0,1
7398.7,151.1,1
7403.8,127.3,1
7404.0,146.2,1
7404.1,152.0,1
7404.3,141.9,1
7404.4,147.0,1
7409.5,99.5,1
7409.7,128.7,1
7409.8,121.0,1
7409.9,133.0,1
7410.1,139.5,1
7415.2,107.5,1
7415.3,138.4,1
7415.4,134.2,1
7415.6,144.9,1
7415.7,125.4,1
7420.9,144.7,1
7421.0,143.0,1
7421.1,129.8,1
7421.2,115.2,1
7421.4,129.8,1
7426.5,136.6,1
7426.7,134.9,1
7426.8,130.2,1
7426.9,134.2,1
7427.0,125.4,1
7432.2,129.7,1
7432.3,132.0,1
7432.5,151.2,1
7432.6,137.3,1
7432.7,150.9,1
7437.9,136.6,1
7438.0,137.2,1
7438.2,144.0,1
7438.3,138.5,1
7438.4,142.0,1
7443.6,142.6,1
7443.7,129.2,1
7443.9,147.5,1
7444.0,151.2,1
7444.2,128.0,1
7449.3,110.3,1
7449.4,138.4,1
7449.5,138.7,1
7449.7,142.2,1
7449.8,130.9,1
7455.0,141.1,1
7455.1,103.0,1
7455.2,136.1,1
7455.3,131.8,1
7455.4,108.2,1
7460.6,117.4,1
7460.7,138.8,1
7460.8,128.1,1
7461.0,134.8,1
7461.1,117.3,1
7466.2,123.3,1
7466.4,143.7,1
7466.5,136.7,1
7466.6,138.7,1
7466.7,108.5,1
7471.9,136.5,1
7472.0,137.6,1
7472.2,138.6,1
7472.3,140.6,1
7472.4,113.6,1
7477.6,148.1,1
7477.7,140.3,1
7477.9,157.1,1
7478.0,123.5,1
7478.2,166.7,1
7483.3,136.8,1
7483.4,138.4,1
7483.6,141.2,1
7483.7,123.3,1
7483.8,141.5,1
7489.0,135.9,1
7489.1,143.1,1
7489.3,148.6,1
7489.4,134.5,1
7489.5,137.8,1
7494.7,131.7,1
7494.8,134.9,1
7495.0,137.5,1
7495.1,132.9,1
7495.2,144.3,1
7500.4,135.0,1
7500.5,94.8,1
7500.6,109.4,1
7500.7,134.7,1
7500.8,142.4,1
7505.9,95.8,1
7506.1,145.3,1
7506.2,131.2,1
7506.4,145.9,1
7506.5,101.8,1
7511.6,146.9,1
7511.8,141.3,1
7511.9,118.7,1
7512.0,103.0,1
7512.1,140.0,1
7517.3,134.4,1
7517.4,145.7,1
7517.6,194.3,1
7517.7,141.0,1
7517.9,194.2,1
7523.1,101.5,1
7523.2,149.7,1
7523.3,126.9,1
7523.5,135.3,1
7523.6,136.1,1
7528.7,134.5,1
7528.9,134.8,1
7529.0,145.0,1
7529.2,160.8,1
7529.3,147.5,1
7534.5,170.4,1
7534.7,176.5,1
7534.8,140.6,1
7535.0,183.2,1
7535.2,149.7,1
7540.3,139.8,1
7540.4,122.3,1
7540.6,132.6,1
7540.7,153.3,1
7540.8,102.1,1
7545.9,102.3,1
7546.0,116.5,1
7546.2,135.5,1
7546.3,140.9,1
7546.5,144.7,1
7551.6,126.8,1
7551.7,120.9,1
7551.8,141.4,1
7552.0,144.8,1
7552.1,117.0,1
7557.2,114.1,1
7557.4,131.8,1
7557.5,109.4,1
7557.6,144.0,1
7557.7,124.4,1
7562.9,149.7,1
7563.0,141.9,1
7563.2,135.1,1
7563.3,137.9,1
7563.5,151.1,1
7568.6,110.1,1
7568.7,138.4,1
7568.8,135.3,1
7569.0,133.9,1
7569.1,146.1,1
7574.3,124.2,1
7574.4,113.8,1
7574.5,157.3,1
7574.7,142.6,1
7574.8,145.4,1
7579.9,123.1,1
7580.1,137.4,1
7580.2,145.8,1
7580.4,145.8,1
7580.5,138.0,1
7585.6,105.5,1
7585.8,139.7,1
7585.9,107.1,1
7586.0,131.3,1
7586.1,122.9,1
7591.3,132.2,1
7591.4,142.8,1
7591.5,112.9,1
7591.6,126.6,1
7591.8,134.6,1
7596.9,137.3,1
7597.0,122.3,1
7597.1,110.2,1
7597.3,143.5,1
7597.4,113.6,1
7602.5,96.2,1
7602.6,127.6,1
7602.7,96.4,1
7602.8,106.7,1
7603.0,138.3,1
7608.1,139.5,1
7608.3,134.7,1
7608.4,142.1,1
7608.6,156.4,1
7608.7,140.0,1
7613.8,140.6,1
7614.0,142.5,1
7614.1,143.7,1
7614.3,135.8,1
7614.4,125.2,1
7619.5,145.4,1
7619.7,122.5,1
7619.8,147.1,1
7619.9,142.6,1
7620.1,114.0,1
7625.2,140.0,1
7625.4,150.3,1
7625.5,140.2,1
7625.6,138.1,1
7625.8,135.8,1
7630.9,141.5,1
7631.0,101.9,1
7631.1,110.7,1
7631.2,103.5,1
7631.4,142.1,1
7636.5,125.6,1
7636.6,102.2,1
7636.7,101.4,1
7636.8,94.9,1
7636.9,145.2,1
7642.1,121.4,1
7642.2,149.4,1
7642.3,110.7,1
7642.4,97.5,1
7642.5,119.4,1
7647.7,148.2,1
7647.8,102.0,1
7647.9,132.3,1
7648.1,138.1,1
7648.2,124.9,1
7653.3,130.6,1
7653.5,148.9,1
7653.6,111.3,1
7653.7,131.5,1
7653.9,142.1,1
7659.0,144.0,1
7659.2,153.3,1
7659.3,147.5,1
7659.4,130.0,1
7659.6,151.4,1
7664.8,161.2,1
7664.9,143.6,1
7665.1,158.5,1
7665.2,157.9,1
7665.4,167.5,1
7670.5,130.1,1
7670.7,148.8,1
7670.8,149.9,1
7671.0,124.3,1
7671.1,150.9,1
7676.3,146.0,1
7676.4,99.7,1
7676.4,97.1,1
7676.6,100.6,1
7676.7,124.2,1
7681.8,132.1,1
7681.9,126.8,1
7682.1,141.4,1
7682.2,149.6,1
7682.3,118.0,1
7687.4,96.0,1
7687.6,108.8,1
7687.7,101.5,1
7687.8,110.0,1
7687.9,97.9,1
7693.0,105.0,1
7693.1,123.9,1
7693.2,131.0,1
7693.4,131.3,1
7693.5,147.5,1
7698.7,149.4,1
7698.8,134.5,1
7698.9,144.1,1
7699.1,149.8,1
7699.2,145.9,1
7704.4,134.5,1
7704.5,148.2,1
7704.7,150.4,1
7704.8,140.0,1
7705.0,139.7,1
7710.1,133.4,1
7710.2,127.1,1
7710.4,140.3,1
7710.5,154.8,1
7710.7,145.4,1
7715.8,133.7,1
7715.9,136.5,1
7716.1,144.4,1
7716.2,143.0,1
7716.4,134.9,1
7721.5,107.7,1
7721.6,137.1,1
7721.8,149.5,1
7721.9,125.9,1
7722.0,113.6,1
7727.1,128.5,1
7727.3,137.2,1
7727.4,127.8,1
7727.5,149.8,1
7727.7,111.1,1
7732.8,136.4,1
7732.9,127.8,1
7733.0,116.4,1
7733.2,136.9,1
7733.3,126.4,1
7738.4,134.6,1
7738.5,100.4,1
7738.7,145.6,1
7738.8,97.1,1
7738.9,131.3,1
7744.1,151.4,1
7744.2,141.0,1
7744.3,133.8,1
7744.5,153.5,1
7744.6,129.3,1
7749.8,141.5,1
7749.9,107.6,1
7750.0,151.0,1
7750.2,125.2,1
7750.3,150.5,1
7755.5,149.2,1
7755.6,143.6,1
7755.7,124.0,1
7755.9,136.7,1
7756.0,155.1,1
7761.2,137.7,1
7761.3,146.0,1
7761.5,147.4,1
7761.6,139.6,1
7761.8,158.4,1
7766.9,131.1,1
7767.0,98.4,1
7767.1,118.8,1
7767.3,142.6,1
7767.4,120.5,1
7772.5,147.3,1
7772.7,133.5,1
7772.8,130.1,1
7772.9,125.7,1
7773.0,104.1,1
7778.2,145.5,1
7778.3,119.7,1
7778.4,134.9,1
7778.5,105.0,1
7778.6,120.9,1
7783.8,130.2,1
7783.9,130.2,1
7784.0,127.7,1
7784.2,136.4,1
7784.3,95.2,1
7789.4,149.9,1
7789.6,145.2,1
7789.7,148.9,1
7789.9,131.6,1
7790.0,153.5,1
7795.2,176.9,1
7795.4,167.8,1
7795.5,179.5,1
7795.7,200.9,1
7795.9,210.5,1
7801.1,147.2,1
7801.2,125.5,1
7801.3,124.2,1
7801.5,138.4,1
7801.6,133.1,1
7806.8,148.0,1
7806.9,122.8,1
7807.0,142.9,1
7807.2,145.2,1
7807.3,148.0,1
7812.5,113.6,1
7812.6,153.3,1
7812.7,145.8,1
7812.9,134.7,1
7813.0,142.3,1
7818.1,103.1,1
7818.3,139.0,1
7818.4,119.7,1
7818.5,133.8,1
7818.7,146.0,1
7823.8,105.3,1
7823.9,98.4,1
7824.0,106.0,1
7824.1,121.6,1
7824.2,97.8,1
7829.3,110.5,1
7829.5,134.3,1
7829.6,133.5,1
7829.7,130.4,1
7829.8,123.7,1
7835.0,143.6,1
7835.1,118.4,1
7835.3,156.3,1
7835.4,149.4,1
7835.5,115.6,1
7840.7,133.5,1
7840.8,119.9,1
7840.9,133.8,1
7841.1,131.2,1
7841.2,136.9,1
7846.3,131.7,1
7846.5,127.7,1
7846.6,144.9,1
7846.8,162.5,1
7846.9,135.7,1
7852.0,141.3,1
7852.2,146.9,1
7852.3,121.9,1
7852.4,136.3,1
7852.6,155.9,1
7857.8,146.1,1
7857.9,126.2,1
7858.0,133.7,1
7858.1,129.9,1
7858.3,117.6,1
7863.4,129.8,1
7863.5,94.1,1
7863.6,121.4,1
7863.7,136.7,1
7863.9,128.7,1
7869.0,126.3,1
7869.1,131.1,1
7869.3,118.0,1
7869.4,125.2,1
7869.5,97.6,1
7874.6,98.1,1
7874.7,129.8,1
7874.8,124.9,1
7875.0,133.7,1
7875.1,137.4,1
7880.3,146.4,1
7880.4,141.0,1
7880.5,137.3,1
7880.7,136.6,1
7880.8,137.1,1
7885.9,130.5,1
7886.1,105.9,1
7886.2,132.9,1
7886.3,141.3,1
7886.5,138.2,1
7891.6,140.7,1
7891.7,134.7,1
7891.9,137.3,1
7892.0,151.3,1
7892.2,146.5,1
7897.3,146.4,1
7897.5,155.7,1
7897.7,168.7,1
7897.8,162.7,1
7898.0,184.1,1
7903.1,125.7,1
7903.3,132.1,1
7903.4,115.9,1
7903.5,150.6,1
7903.6,110.6,1
7908.8,112.2,1
7908.9,145.8,1
7909.0,145.2,1
7909.2,110.9,1
7909.3,112.0,1
7914.4,143.7,1
7914.5,126.9,1
7914.7,118.4,1
7914.8,123.5,1
7914.9,129.6,1
7920.1,144.6,1
7920.2,141.7,1
7920.3,124.9,1
7920.5,147.9,1
7920.6,156.5,1
7925.8,123.5,1
7925.9,139.8,1
7926.0,140.4,1
7926.2,151.2,1
7926.4,188.6,1
7931.5,134.2,1
7931.6,116.4,1
7931.8,114.7,1
7931.9,138.9,1
7932.0,145.7,1
7937.2,136.3,1
7937.3,145.8,1
7937.5,148.3,1
7937.6,149.1,1
7937.8,135.5,1
7942.9,133.3,1
7943.1,163.4,1
7943.2,149.8,1
7943.4,150.7,1
7943.5,127.4,1
7948.6,123.4,1
7948.8,144.6,1
7948.9,136.2,1
7949.0,132.4,1
7949.1,106.9,1
7954.3,143.4,1
7954.4,128.0,1
7954.5,131.1,1
7954.7,122.6,1
7954.8,97.3,1
7959.9,140.2,1
7960.0,130.4,1
7960.2,122.7,1
7960.3,131.7,1
7960.4,102.9,1
7965.5,135.9,1
7965.7,148.4,1
7965.8,140.4,1
7966.0,137.4,1
7966.1,126.5,1
7971.2,121.2,1
7971.4,145.5,1
7971.5,135.7,1
7971.6,146.7,1
7971.8,144.1,1
7976.9,143.9,1
7977.1,146.2,1
7977.2,145.2,1
7977.4,147.5,1
7977.5,120.7,1
7982.7,148.7,1
7982.8,134.1,1
7982.9,154.9,1
7983.1,145.9,1
7983.2,124.1,1
7988.3,99.7,1
7988.4,101.7,1
7988.5,118.7,1
7988.7,117.4,1
7988.8,143.7,1
7993.9,146.8,1
7994.1,110.4,1
7994.2,133.9,1
7994.3,130.1,1
7994.5,143.0,1
7999.6,128.0,1
7999.7,129.7,1
7999.8,120.9,1
8000.0,146.4,1
8000.1,101.8,1
8005.2,132.5,1
8005.4,131.9,1
8005.5,121.2,1
8005.6,152.4,1
8005.8,135.2,1
8010.9,114.5,1
8011.0,134.8,1
8011.2,121.2,1
8011.3,142.0,1
8011.4,137.6,1
8016.6,134.3,1
8016.7,137.2,1
8016.9,143.6,1
8017.0,107.6,1
8017.1,111.6,1
8022.2,144.1,1
8022.3,115.0,1
8022.5,132.3,1
8022.6,137.9,1
8022.7,118.1,1
8027.9,150.8,1
8028.0,140.6,1
8028.2,141.0,1
8028.3,148.7,1
8028.5,142.6,1
8033.6,139.8,1
8033.7,125.8,1
8033.9,149.4,1
8034.0,143.2,1
8034.1,110.2,1
8039.3,138.6,1
8039.4,129.7,1
8039.5,112.1,1
8039.6,127.5,1
8039.8,145.8,1
8044.9,109.5,1
8045.0,100.1,1
8045.1,114.6,1
8045.2,106.1,1
8045.4,149.9,1
8050.5,100.4,1
8050.6,140.2,1
8050.8,143.7,1
8050.9,108.8,1
8051.0,98.3,1
8056.1,136.7,1
8056.2,132.6,1
8056.4,130.5,1
8056.5,143.4,1
8056.7,149.5,1
8061.8,139.2,1
8061.9,139.9,1
8062.1,150.6,1
8062.2,137.9,1
8062.3,111.9,1
8067.5,134.2,1
8067.6,142.4,1
8067.8,149.1,1
8067.9,115.3,1
8068.0,139.0,1
8073.2,158.5,1
8073.3,151.1,1
8073.5,150.8,1
8073.7,190.6,1
8073.9,178.4,1
8079.0,95.4,1
8079.1,113.5,1
8079.2,116.6,1
8079.3,131.5,1
8079.5,137.7,1
8084.6,118.5,1
8084.7,146.1,1
8084.8,95.7,1
8084.9,100.1,1
8085.1,142.3,1
8090.2,155.1,1
8090.4,129.6,1
8090.5,143.0,1
8090.6,126.3,1
8090.8,146.4,1
8095.9,96.5,1
8096.0,114.3,1
8096.1,145.2,1
8096.2,113.8,1
8096.4,127.8,1
8101.5,121.6,1
8101.7,149.1,1
8101.8,143.5,1
8101.9,138.5,1
8102.1,130.2,1
8107.2,135.8,1
8107.3,134.6,1
8107.5,137.5,1
8107.6,139.1,1
8107.7,122.2,1
8112.9,144.9,1
8113.0,144.2,1
8113.2,146.4,1
8113.3,121.2,1
8113.4,107.9,1
8118.5,110.3,1
8118.6,121.8,1
8118.8,143.2,1
8118.9,144.1,1
8119.1,149.0,1
8124.2,129.4,1
8124.3,131.1,1
8124.5,136.6,1
8124.6,136.3,1
8124.8,135.3,1
8129.9,113.2,1
8130.0,140.3,1
8130.1,122.1,1
8130.3,135.1,1
8130.4,108.0,1
8135.5,116.7,1
8135.6,118.0,1
8135.8,139.4,1
8135.9,137.0,1
8136.0,131.9,1
8141.2,127.0,1
8141.2,94.2,1
8141.3,98.8,1
8141.5,107.9,1
8141.6,142.8,1
8146.8,149.3,1
8146.9,145.4,1
8147.0,138.7,1
8147.2,145.6,1
8147.3,142.5,1
8152.5,128.8,1
8152.6,116.4,1
8152.7,138.0,1
8152.8,126.3,1
8153.0,119.1,1
8158.1,134.4,1
8158.2,127.3,1
8158.4,133.9,1
8158.5,138.8,1
8158.6,143.7,1
8163.8,150.3,1
8163.9,153.8,1
8164.1,130.9,1
8164.2,141.0,1
8164.4,144.3,1
8169.5,139.6,1
8169.6,139.4,1
8169.8,134.3,1
8169.9,110.0,1
8170.0,126.1,1
8175.1,97.4,1
8175.2,117.2,1
8175.4,120.6,1
8175.5,131.3,1
8175.6,121.5,1
8180.7,100.8,1
8180.8,117.0,1
8181.0,121.9,1
8181.1,132.4,1
8181.2,101.1,1
8186.3,96.5,1
8186.4,130.9,1
8186.5,98.7,1
8186.7,132.5,1
8186.8,123.8,1
8191.9,155.9,1
8192.0,99.2,1
8192.2,145.9,1
8192.3,135.2,1
8192.4,132.6,1
8197.6,134.8,1
8197.7,145.9,1
8197.9,153.0,1
8198.0,140.3,1
8198.2,135.2,1
8203.3,161.8,1
8203.5,148.4,1
8203.7,183.4,1
8203.9,189.5,1
8204.0,176.2,1
8209.2,140.7,1
8209.3,141.0,1
8209.5,153.3,1
8209.6,137.0,1
8209.8,148.3,1
8214.9,129.7,1
8215.0,145.3,1
8215.2,154.2,1
8215.3,152.0,1
8215.5,128.1,1
8220.6,150.4,1
8220.8,138.8,1
8220.9,159.2,1
8221.1,155.0,1
8221.2,140.9,1
8226.3,116.1,1
8226.5,124.1,1
8226.6,130.4,1
8226.7,133.6,1
8226.8,120.1,1
8232.0,146.6,1
8232.1,121.7,1
8232.2,111.4,1
8232.4,125.5,1
8232.5,148.2,1
8237.7,146.7,1
8237.8,160.1,1
8238.0,176.5,1
8238.1,152.8,1
8238.3,138.5,1
8243.4,124.1,1
8243.6,145.5,1
8243.7,131.9,1
8243.8,147.2,1
8244.0,151.5,1
8249.1,148.3,1
8249.3,130.5,1
8249.4,145.7,1
8249.6,151.9,1
8249.7,157.6,1
8254.9,141.1,1
8255.0,122.0,1
8255.1,137.3,1
8255.3,135.8,1
8255.4,147.3,1
8260.5,119.3,1
8260.7,137.4,1
8260.8,134.0,1
8260.9,124.2,1
8261.1,136.0,1
8266.2,118.9,1
8266.3,102.9,1
8266.4,113.7,1
8266.5,123.3,1
8266.7,133.2,1
8271.8,106.2,1
8271.9,128.8,1
8272.0,126.8,1
8272.2,137.0,1
8272.3,143.5,1
8277.4,112.4,1
8277.5,116.3,1
8277.7,121.1,1
8277.8,148.5,1
8277.9,107.7,1
8283.0,117.3,1
8283.2,152.8,1
8283.3,138.6,1
8283.5,151.2,1
8283.6,138.2,1
8288.8,123.1,1
8288.9,150.1,1
8289.0,137.1,1
8289.2,145.5,1
8289.3,134.7,1
8294.5,139.0,1
8294.6,134.4,1
8294.7,146.6,1
8294.9,134.5,1
8295.0,136.1,1
8300.1,123.1,1
8300.3,127.1,1
8300.4,145.9,1
8300.5,125.0,1
8300.7,135.2,1
8305.8,95.5,1
8305.9,131.2,1
8306.0,133.2,1
8306.2,126.5,1
8306.3,119.2,1
8311.4,115.4,1
8311.5,113.1,1
8311.6,119.6,1
8311.7,96.9,1
8311.9,120.2,1
8317.0,117.6,1
8317.1,135.4,1
8317.2,97.4,1
8317.3,127.6,1
8317.5,123.6,1
8322.6,122.3,1
8322.7,110.4,1
8322.8,108.5,1
8322.9,124.3,1
8323.1,119.5,1
8328.2,160.8,1
8328.4,135.3,1
8328.5,132.3,1
8328.6,122.9,1
8328.7,129.0,1
8333.9,139.1,1
8334.0,140.7,1
8334.2,169.1,1
8334.3,152.7,1
8334.5,153.1,1
8339.7,148.4,1
8339.8,149.8,1
8339.9,147.2,1
8340.1,122.5,1
8340.2,139.2,1
8345.3,131.0,1
8345.5,144.9,1
8345.6,150.5,1
8345.8,140.5,1
8345.9,131.5,1
8351.1,153.0,1
8351.2,146.1,1
8351.4,134.2,1
8351.5,143.1,1
8351.6,149.9,1
8356.8,147.6,1
8356.9,121.3,1
8357.0,103.0,1
8357.2,150.0,1
8357.3,149.5,1
8362.4,107.4,1
8362.6,130.4,1
8362.7,145.5,1
8362.8,115.2,1
8363.0,127.1,1
8368.1,130.8,1
8368.2,147.6,1
8368.4,148.7,1
8368.5,136.4,1
8368.7,142.8,1
8373.8,119.5,1
8373.9,115.7,1
8374.0,141.9,1
8374.2,138.6,1
8374.3,135.0,1
8379.5,149.1,1
8379.6,160.1,1
8379.8,130.0,1
8379.9,135.6,1
8380.0,133.9,1
8385.2,123.1,1
8385.3,117.4,1
8385.4,152.1,1
8385.6,144.6,1
8385.7,142.1,1
8390.8,121.2,1
8391.0,151.9,1
8391.2,163.9,1
8391.3,152.0,1
8391.5,162.6,1
8396.6,138.5,1
8396.7,106.5,1
8396.8,123.9,1
8397.0,144.6,1
8397.1,109.2,1
8402.2,125.8,1
8402.4,146.5,1
8402.5,123.1,1
8402.6,108.6,1
8402.7,126.7,1
8407.9,132.9,1
8408.0,147.1,1
8408.1,100.5,1
8408.2,99.8,1
8408.3,99.8,1
8413.5,141.6,1
8413.6,97.0,1
8413.7,147.2,1
8413.8,131.8,1
8414.0,121.7,1
8419.1,150.2,1
8419.3,145.6,1
8419.4,156.3,1
8419.6,147.1,1
8419.7,126.9,1
8424.8,145.6,1
8425.0,138.2,1
8425.1,141.2,1
8425.3,134.5,1
8425.4,138.2,1
8430.5,141.0,1
8430.7,120.0,1
8430.8,142.7,1
8430.9,124.2,1
8431.1,137.0,1
8436.2,123.9,1
8436.3,144.6,1
8436.5,149.9,1
8436.6,128.9,1
8436.8,144.6,1
8441.9,123.4,1
8442.0,136.2,1
8442.2,142.4,1
8442.3,121.8,1
8442.4,100.2,1
8447.5,109.7,1
8447.6,143.0,1
8447.8,141.5,1
8447.9,141.7,1
8448.1,129.0,1
8453.2,133.0,1
8453.3,132.5,1
8453.5,134.1,1
8453.6,125.3,1
8453.7,141.4,1
8458.9,133.2,1
8459.0,122.2,1
8459.1,145.1,1
8459.2,109.8,1
8459.4,143.0,1
8464.5,106.9,1
8464.7,149.6,1
8464.8,137.6,1
8464.9,156.1,1
8465.1,201.0,1
8470.3,128.1,1
8470.4,114.8,1
8470.5,155.8,1
8470.7,141.6,1
8470.8,133.6,1
8476.0,122.5,1
8476.1,145.4,1
8476.2,146.5,1
8476.4,137.7,1
8476.5,141.6,1
8481.7,147.7,1
8481.9,190.2,1
8482.0,163.3,1
8482.2,161.9,1
8482.4,168.6,1
8487.5,140.1,1
8487.6,122.5,1
8487.8,150.4,1
8487.9,101.1,1
8488.0,139.7,1
8493.1,116.2,1
8493.3,125.3,1
8493.4,95.2,1
8493.5,146.1,1
8493.6,120.4,1
8498.8,144.7,1
8498.9,123.5,1
8499.1,149.2,1
8499.2,140.1,1
8499.3,120.2,1
8504.4,96.3,1
8504.5,99.3,1
8504.7,143.8,1
8504.8,142.8,1
8504.9,147.8,1
8510.1,130.7,1
8510.2,151.7,1
8510.4,132.8,1
8510.5,147.6,1
8510.7,150.4,1
8515.8,150.2,1
8515.9,131.5,1
8516.1,135.1,1
8516.2,135.2,1
8516.3,125.5,1
8521.5,149.5,1
8521.6,150.1,1
8521.8,139.6,1
8521.9,124.4,1
8522.0,132.6,1
8527.2,136.3,1
8527.3,140.4,1
8527.5,131.9,1
8527.6,144.2,1
8527.7,149.0,1
8532.8,97.7,1
8533.0,137.4,1
8533.1,133.7,1
8533.3,145.2,1
8533.4,108.8,1
8538.5,124.9,1
8538.6,108.4,1
8538.8,145.8,1
8538.9,134.7,1
8539.0,143.2,1
8544.2,146.7,1
8544.3,113.7,1
8544.4,113.4,1
8544.5,114.2,1
8544.6,121.1,1
8549.8,121.0,1
8549.9,124.1,1
8550.0,106.0,1
8550.1,110.6,1
8550.2,99.9,1
8555.4,146.9,1
8555.5,145.1,1
8555.6,134.3,1
8555.8,149.3,1
8555.9,143.7,1
8561.1,149.1,1
8561.2,134.9,1
8561.4,144.0,1
8561.5,147.6,1
8561.7,142.1,1
8566.8,140.2,1
8567.0,144.5,1
8567.1,130.1,1
8567.2,148.5,1
8567.4,137.5,1
8572.5,138.8,1
8572.6,127.8,1
8572.8,139.6,1
8572.9,153.1,1
8573.1,150.4,1
8578.2,144.8,1
8578.4,141.7,1
8578.5,124.6,1
8578.6,121.8,1
8578.7,112.7,1
8583.8,102.9,1
8584.0,109.7,1
8584.1,137.4,1
8584.2,142.8,1
8584.4,121.3,1
8589.5,123.7,1
8589.6,108.5,1
8589.7,152.4,1
8589.9,119.4,1
8590.0,114.0,1
8595.1,128.7,1
8595.2,140.5,1
8595.4,136.3,1
8595.6,165.1,1
8595.7,151.3,1
8600.9,146.1,1
8601.0,137.4,1
8601.1,150.7,1
8601.3,127.1,1
8601.4,147.3,1
8606.5,108.4,1
8606.7,143.9,1
8606.8,133.4,1
8607.0,145.7,1
8607.1,138.5,1
8612.2,138.0,1
8612.4,133.3,1
8612.5,147.9,1
8612.7,183.8,1
8612.9,159.8,1
8618.0,136.4,1
8618.1,120.5,1
8618.2,115.6,1
8618.4,115.4,1
8618.5,130.8,1
8623.6,109.5,1
8623.7,124.1,1
8623.8,110.9,1
8624.0,119.6,1
8624.1,137.2,1
8629.2,125.0,1
8629.4,151.3,1
8629.5,134.3,1
8629.7,164.0,1
8629.8,138.1,1
8635.0,143.6,1
8635.1,122.0,1
8635.2,107.6,1
8635.3,135.5,1
8635.4,123.4,1
8640.6,139.3,1
8640.7,126.1,1
8640.9,143.5,1
8641.0,147.5,1
8641.1,145.2,1
8646.3,155.2,1
8646.4,134.5,1
8646.6,152.9,1
8646.7,149.0,1
8646.9,137.8,1
8652.0,113.1,1
8652.1,128.2,1
8652.3,145.0,1
8652.4,125.1,1
8652.5,149.1,1
8657.7,149.8,1
8657.9,156.3,1
8658.0,159.1,1
8658.2,150.5,1
8658.3,109.7,1
8663.4,132.2,1
8663.6,150.8,1
8663.7,140.4,1
8663.8,130.0,1
8664.0,151.1,1
8669.1,119.7,1
8669.2,118.8,1
8669.4,148.3,1
8669.5,150.0,1
8669.6,103.7,1
8674.7,97.8,1
8674.8,100.8,1
8674.9,115.8,1
8675.1,148.6,1
8675.2,135.5,1
8680.4,124.4,1
8680.5,135.7,1
8680.6,129.2,1
8680.8,148.3,1
8680.9,144.3,1
8686.0,122.7,1
8686.2,115.4,1
8686.3,152.7,1
8686.5,139.4,1
8686.6,151.1,1
8691.7,135.0,1
8691.9,139.0,1
8692.0,133.0,1
8692.2,141.0,1
8692.3,138.2,1
8697.5,165.3,1
8697.6,156.0,1
8697.8,151.1,1
8697.9,169.0,1
8698.1,171.9,1
8703.2,110.6,1
8703.4,140.5,1
8703.5,119.8,1
8703.6,127.3,1
8703.8,144.4,1
8708.9,128.8,1
8709.0,118.6,1
8709.2,149.1,1
8709.3,100.9,1
8709.4,132.8,1
8714.5,111.4,1
8714.6,99.6,1
8714.7,96.3,1
8714.8,114.0,1
8715.0,140.5,1
8720.1,108.2,1
8720.2,137.2,1
8720.4,140.1,1
8720.5,119.0,1
8720.6,110.3,1
8725.7,139.3,1
8725.8,108.1,1
8726.0,115.2,1
8726.1,115.5,1
8726.2,120.0,1
8731.3,119.5,1
8731.5,151.8,1
8731.6,144.6,1
8731.7,123.6,1
8731.9,134.1,1
8737.0,120.7,1
8737.1,130.9,1
8737.3,151.0,1
8737.4,117.5,1
8737.5,140.4,1
8742.7,139.2,1
8742.8,159.7,1
8743.0,151.6,1
8743.1,145.0,1
8743.3,170.6,1
8748.4,130.2,1
8748.6,144.5,1
8748.7,148.3,1
8748.9,129.1,1
8749.0,141.3,1
8754.1,123.5,1
8754.2,95.3,1
8754.4,131.0,1
8754.5,99.2,1
8754.6,135.7,1
8759.8,179.9,1
8759.9,152.2,1
8760.1,138.6,1
8760.2,175.9,1
8760.4,145.0,1
8765.5,127.6,1
8765.7,134.8,1
8765.8,134.4,1
8765.9,142.8,1
8766.0,96.6,1
8771.2,147.1,1
8771.3,113.5,1
8771.4,116.3,1
8771.5,121.3,1
8771.7,142.8,1
8776.8,144.0,1
8777.0,138.2,1
8777.1,151.8,1
8777.3,139.2,1
8777.4,135.1,1
8782.5,142.4,1
8782.7,144.3,1
8782.8,132.5,1
8783.0,149.5,1
8783.1,123.0,1
8788.2,133.4,1
8788.4,149.9,1
8788.5,129.6,1
8788.6,137.7,1
8788.8,141.8,1
8793.9,114.7,1
8794.0,147.8,1
8794.2,137.1,1
8794.3,135.3,1
8794.5,137.5,1
8799.6,129.7,1
8799.7,147.9,1
8799.9,141.5,1
8800.0,151.9,1
8800.2,134.0,1
8805.3,98.2,1
8805.4,126.0,1
8805.5,132.9,1
8805.7,131.5,1
8805.8,119.0,1
8810.9,116.1,1
8811.0,109.4,1
8811.1,123.9,1
8811.3,134.9,1
8811.4,147.2,1
8816.5,97.6,1
8816.6,100.3,1
8816.7,98.4,1
8816.8,95.3,1
8816.9,97.5,1
8822.0,132.2,1
8822.2,140.2,1
8822.3,131.1,1
8822.5,136.5,1
8822.6,137.8,1
8827.7,136.3,1
8827.9,140.8,1
8828.0,135.7,1
8828.2,145.8,1
8828.3,146.2,1
8833.4,121.7,1
8833.5,119.4,1
8833.7,141.9,1
8833.8,102.5,1
8833.9,141.8,1
8839.1,161.3,1
8839.2,143.9,1
8839.4,141.8,1
8839.5,138.5,1
8839.7,140.4,1
8844.8,123.8,1
8844.9,139.8,1
8845.1,115.9,1
8845.2,141.4,1
8845.3,143.6,1
8850.4,98.3,1
8850.5,103.3,1
8850.7,138.4,1
8850.8,132.7,1
8850.9,105.6,1
8856.1,134.5,1
8856.2,142.9,1
8856.3,146.8,1
8856.5,124.8,1
8856.6,111.8,1
8861.7,94.5,1
8861.8,143.8,1
8861.9,107.0,1
8862.1,152.5,1
8862.2,97.4,1
8867.3,142.7,1
8867.5,142.7,1
8867.6,139.7,1
8867.8,141.0,1
8867.9,154.2,1
8873.1,143.5,1
8873.2,144.8,1
8873.3,142.6,1
8873.5,133.2,1
8873.6,134.4,1
8878.8,150.4,1
8878.9,137.0,1
8879.0,113.0,1
8879.2,140.1,1
8879.3,133.2,1
8884.4,145.2,1
8884.6,138.4,1
8884.7,146.2,1
8884.9,138.6,1
8885.1,197.5,1
8890.2,120.4,1
8890.3,129.2,1
8890.5,160.4,1
8890.6,145.8,1
8890.8,144.5,1
8895.9,121.9,1
8896.0,135.3,1
8896.2,146.3,1
8896.3,129.9,1
8896.4,113.3,1
8901.6,147.9,1
8901.7,96.4,1
8901.8,121.0,1
8901.9,131.1,1
8902.1,140.0,1
8907.2,157.3,1
8907.4,152.4,1
8907.5,154.4,1
8907.7,140.7,1
8907.8,140.3,1
8913.0,153.3,1
8913.1,164.1,1
8913.3,140.9,1
8913.4,146.4,1
8913.6,146.8,1
8918.7,137.8,1
8918.9,149.5,1
8919.0,143.8,1
8919.1,139.9,1
8919.3,137.2,1
8924.4,145.8,1
8924.6,141.7,1
8924.7,150.9,1
8924.8,116.3,1
8925.0,132.8,1
8930.1,138.1,1
8930.3,148.4,1
8930.4,135.7,1
8930.5,134.3,1
8930.7,156.0,1
8935.8,103.0,1
8935.9,136.6,1
8936.1,146.1,1
8936.2,120.1,1
8936.3,142.4,1
8941.5,143.8,1
8941.6,145.2,1
8941.7,113.5,1
8941.9,116.2,1
8942.0,129.0,1
8947.1,111.1,1
8947.2,129.3,1
8947.3,113.1,1
8947.5,112.3,1
8947.6,98.3,1
8952.7,133.4,1
8952.8,122.5,1
8953.0,134.4,1
8953.1,111.8,1
8953.2,107.0,1
8958.3,149.0,1
8958.5,162.4,1
8958.6,149.0,1
8958.8,148.5,1
8958.9,150.8,1
8964.1,142.3,1
8964.2,146.0,1
8964.4,142.3,1
8964.5,139.6,1
8964.7,143.5,1
8969.8,152.6,1
8970.0,146.5,1
8970.1,140.8,1
8970.2,144.2,1
8970.4,143.6,1
8975.5,137.8,1
8975.7,142.6,1
8975.8,117.1,1
8975.9,130.6,1
8976.1,131.7,1
8981.2,137.8,1
8981.3,133.3,1
8981.4,111.2,1
8981.6,146.8,1
8981.7,138.6,1
8986.8,97.6,1
8986.9,98.0,1
8987.0,110.9,1
8987.1,109.1,1
8987.3,127.8,1
8992.4,127.1,1
8992.5,126.1,1
8992.6,106.0,1
8992.8,118.2,1
8992.8,96.5,1
8998.0,99.0,1
8998.1,113.0,1
8998.2,130.6,1
8998.3,123.8,1
8998.4,127.3,1
9003.6,138.5,1
9003.7,155.3,1
9003.9,138.6,1
9004.0,163.9,1
9004.2,184.0,1
9009.4,125.4,1
9009.5,137.2,1
9009.7,155.0,1
9009.8,128.2,1
9009.9,134.9,1
9015.0,126.9,1
9015.2,138.5,1
9015.3,133.1,1
9015.5,146.6,1
9015.6,153.7,1
9020.8,186.4,1
9021.0,150.6,1
9021.2,229.3,1
9021.4,180.0,1
9021.6,182.9,1
9026.7,144.1,1
9026.8,118.0,1
9027.0,144.0,1
9027.1,98.7,1
9027.2,121.0,1
9032.3,122.1,1
9032.4,127.9,1
9032.6,131.0,1
9032.7,98.0,1
9032.8,137.6,1
9037.9,133.1,1
9038.1,131.1,1
9038.2,143.3,1
9038.4,141.2,1
9038.5,96.2,1
9043.6,145.7,1
9043.7,116.1,1
9043.8,120.7,1
9044.0,113.8,1
9044.1,128.0,1
9049.2,136.5,1
9049.4,142.3,1
9049.5,138.6,1
9049.6,138.0,1
9049.8,135.7,1
9054.9,141.0,1
9055.1,142.1,1
9055.2,152.1,1
9055.4,143.3,1
9055.5,152.4,1
9060.7,137.6,1
9060.8,150.6,1
9060.9,138.6,1
9061.1,135.0,1
9061.2,143.7,1
9066.4,141.1,1
9066.5,138.5,1
9066.7,163.5,1
9066.8,131.1,1
9066.9,122.8,1
9072.1,125.7,1
9072.2,125.9,1
9072.3,122.3,1
9072.4,127.4,1
9072.6,117.4,1
9077.7,139.3,1
9077.8,131.3,1
9078.0,129.7,1
9078.1,131.6,1
9078.2,136.2,1
9083.4,126.4,1
9083.4,93.5,1
9083.6,110.8,1
9083.7,129.2,1
9083.8,137.1,1
9089.0,140.8,1
9089.1,142.4,1
9089.2,130.4,1
9089.4,141.6,1
9089.5,145.4,1
9094.7,116.0,1
9094.8,145.9,1
9094.9,146.0,1
9095.1,135.4,1
9095.2,138.6,1
9100.4,136.0,1
9100.5,119.6,1
9100.6,133.4,1
9100.7,128.2,1
9100.9,146.6,1
9106.0,156.7,1
9106.2,136.6,1
9106.3,136.8,1
9106.5,143.9,1
9106.6,144.1,1
9111.8,142.7,1
9111.9,127.6,1
9112.0,129.9,1
9112.2,135.5,1
9112.3,154.1,1
9117.4,100.7,1
9117.5,136.6,1
9117.7,147.4,1
9117.8,124.4,1
9117.9,128.1,1
9123.1,148.7,1
9123.2,128.3,1
9123.4,128.2,1
9123.5,145.8,1
9123.6,125.6,1
9128.8,121.3,1
9128.9,110.3,1
9129.0,147.9,1
9129.1,99.5,1
9129.2,112.5,1
9134.3,104.0,1
9134.5,133.6,1
9134.6,141.5,1
9134.7,139.5,1
9134.9,130.0,1
9140.0,120.9,1
9140.2,147.6,1
9140.3,139.5,1
9140.4,137.0,1
9140.6,129.7,1
9145.7,141.8,1
9145.8,129.9,1
9146.0,147.6,1
9146.1,134.4,1
9146.3,153.9,1
9151.4,161.0,1
9151.6,147.3,1
9151.7,161.3,1
9151.9,162.6,1
9152.1,180.6,1
9157.2,139.7,1
9157.4,134.2,1
9157.5,140.6,1
9157.7,143.0,1
9157.8,152.5,1
9162.9,126.1,1
9163.0,113.7,1
9163.2,151.4,1
9163.3,97.9,1
9163.4,96.4,1
9168.5,148.4,1
9168.7,142.6,1
9168.8,150.3,1
9169.0,131.0,1
9169.1,96.6,1
9174.2,116.9,1
9174.3,129.6,1
9174.5,135.3,1
9174.6,146.6,1
9174.7,104.7,1
9179.8,115.6,1
9180.0,148.5,1
9180.1,132.6,1
9180.2,106.5,1
9180.3,101.6,1
9185.5,148.8,1
9185.6,118.3,1
9185.7,139.2,1
9185.9,132.0,1
9186.0,135.9,1
9191.1,142.8,1
9191.3,135.0,1
9191.4,121.4,1
9191.5,143.2,1
9191.7,145.4,1
9196.8,131.7,1
9197.0,136.4,1
9197.1,154.8,1
9197.3,142.1,1
9197.4,120.2,1
9202.5,133.2,1
9202.7,137.0,1
9202.8,121.2,1
9202.9,160.2,1
9203.1,156.1,1
9208.2,142.3,1
9208.4,130.8,1
9208.5,143.2,1
9208.7,138.1,1
9208.8,124.2,1
9213.9,96.0,1
9214.0,122.9,1
9214.1,125.1,1
9214.2,120.1,1
9214.4,115.6,1
9219.5,99.2,1
9219.6,129.7,1
9219.7,98.0,1
9219.8,123.9,1
9219.9,133.3,1
9225.1,134.3,1
9225.2,94.2,1
9225.3,138.3,1
9225.4,111.5,1
9225.6,140.5,1
9230.7,139.0,1
9230.9,139.2,1
9231.0,141.3,1
9231.1,131.4,1
9231.3,149.9,1
9236.4,115.0,1
9236.5,134.9,1
9236.7,130.2,1
9236.8,150.1,1
9237.0,147.2,1
9242.1,143.9,1
9242.3,142.4,1
9242.4,146.8,1
9242.6,154.1,1
9242.7,127.2,1
9247.8,156.4,1
9248.0,151.9,1
9248.1,111.2,1
9248.2,125.0,1
9248.4,138.4,1
9253.5,124.0,1
9253.6,128.8,1
9253.8,137.3,1
9253.9,121.7,1
9254.0,156.2,1
9259.1,104.0,1
9259.3,151.7,1
9259.4,119.1,1
9259.6,141.4,1
9259.7,135.9,1
9264.8,95.6,1
9264.9,139.6,1
9265.1,128.2,1
9265.2,124.2,1
9265.3,137.2,1
9270.5,132.1,1
9270.6,128.5,1
9270.7,152.3,1
9270.9,141.1,1
9271.0,144.9,1
9276.2,142.6,1
9276.3,142.1,1
9276.5,137.7,1
9276.6,111.3,1
9276.7,143.5,1
9281.9,165.0,1
9282.0,158.0,1
9282.2,162.6,1
9282.4,221.7,1
9282.6,157.1,1
9287.7,153.4,1
9287.9,122.1,1
9288.0,171.9,1
9288.2,147.9,1
9288.3,135.6,1
9293.5,129.6,1
9293.6,126.5,1
9293.7,111.1,1
9293.8,147.8,1
9294.0,147.4,1
9299.1,126.7,1
9299.2,131.4,1
9299.4,141.7,1
9299.5,121.3,1
9299.7,139.7,1
9304.8,126.6,1
9304.9,120.0,1
9305.0,109.0,1
9305.1,134.3,1
9305.3,120.0,1
9310.4,124.4,1
9310.5,142.4,1
9310.7,121.9,1
9310.8,100.1,1
9310.9,130.0,1
9316.0,146.3,1
9316.2,134.8,1
9316.3,150.3,1
9316.5,144.9,1
9316.6,132.3,1
9321.8,146.5,1
9321.9,135.3,1
9322.0,136.3,1
9322.2,138.8,1
9322.3,144.7,1
9327.5,149.3,1
9327.6,147.9,1
9327.7,128.4,1
9327.9,141.7,1
9328.0,144.1,1
9333.2,134.1,1
9333.3,152.3,1
9333.5,140.9,1
9333.6,140.0,1
9333.8,158.0,1
9338.9,95.0,1
9339.0,141.5,1
9339.1,116.6,1
9339.2,111.4,1
9339.4,147.9,1
9344.5,96.0,1
9344.6,117.3,1
9344.7,123.0,1
9344.8,108.8,1
9345.0,152.8,1
9350.1,119.6,1
9350.2,139.2,1
9350.4,127.3,1
9350.5,114.6,1
9350.6,119.9,1
9355.7,99.8,1
9355.8,135.2,1
9356.0,141.7,1
9356.1,130.4,1
9356.2,129.6,1
9361.4,135.2,1
9361.5,131.8,1
9361.6,131.3,1
9361.8,127.0,1
9361.9,121.6,1
9367.0,121.7,1
9367.1,124.3,1
9367.3,148.7,1
9367.4,128.0,1
9367.6,147.7,1
9372.7,141.1,1
9372.8,123.5,1
9373.0,151.0,1
9373.1,122.9,1
9373.3,140.3,1
9378.4,159.2,1
9378.6,144.2,1
9378.7,161.8,1
9378.9,137.8,1
9379.0,145.9,1
9384.1,126.3,1
9384.3,119.5,1
9384.3,98.0,1
9384.5,136.1,1
9384.6,108.9,1
9389.7,96.2,1
9389.8,113.5,1
9389.9,128.8,1
9390.1,118.9,1
9390.2,107.7,1
9395.3,113.6,1
9395.4,131.3,1
9395.5,116.0,1
9395.7,128.3,1
9395.8,129.8,1
9400.9,96.3,1
9401.0,124.4,1
9401.1,121.8,1
9401.3,141.6,1
9401.4,137.8,1
9406.6,134.3,1
9406.7,138.7,1
9406.8,141.6,1
9407.0,138.3,1
9407.1,130.5,1
9412.2,130.5,1
9412.4,151.7,1
9412.5,155.5,1
9412.8,239.2,1
9413.0,183.6,1
9418.1,113.3,1
9418.2,127.6,1
9418.4,139.1,1
9418.5,143.2,1
9418.6,131.5,1
9423.8,144.4,1
9423.9,129.3,1
9424.0,120.0,1
9424.2,147.6,1
9424.3,134.2,1
9429.4,139.3,1
9429.6,158.9,1
9429.7,134.0,1
9429.9,133.7,1
9430.0,142.7,1
9435.2,130.9,1
9435.3,112.6,1
9435.4,141.0,1
9435.5,119.0,1
9435.7,139.2,1
9440.8,146.1,1
9440.9,125.1,1
9441.1,118.8,1
9441.2,133.5,1
9441.3,128.6,1
9446.4,110.0,1
9446.5,112.3,1
9446.7,128.1,1
9446.8,120.5,1
9446.9,127.8,1
9452.1,128.5,1
9452.2,151.2,1
9452.4,148.6,1
9452.5,136.8,1
9452.6,153.0,1
9457.8,141.9,1
9457.9,136.9,1
9458.1,152.5,1
9458.2,139.1,1
9458.4,149.0,1
9463.5,132.5,1
9463.6,129.6,1
9463.8,139.0,1
9463.9,142.2,1
9464.1,149.2,1
9469.2,136.2,1
9469.4,146.1,1
9469.5,138.9,1
9469.6,146.7,1
9469.8,153.2,1
9474.9,109.9,1
9475.1,147.7,1
9475.2,146.7,1
9475.3,120.9,1
9475.4,125.6,1
9480.6,140.3,1
9480.7,123.2,1
9480.9,140.8,1
9481.0,135.9,1
9481.1,142.0,1
9486.3,123.6,1
9486.4,132.4,1
9486.5,146.2,1
9486.7,112.5,1
9486.8,153.8,1
9491.9,116.9,1
9492.1,130.0,1
9492.2,120.8,1
9492.3,137.8,1
9492.4,108.4,1
9497.6,128.4,1
9497.7,133.9,1
9497.8,153.6,1
9498.0,160.3,1
9498.2,153.2,1
9503.3,117.8,1
9503.4,150.8,1
9503.6,136.3,1
9503.7,146.1,1
9503.9,134.5,1
9509.0,139.2,1
9509.2,161.2,1
9509.3,138.7,1
9509.4,144.1,1
9509.6,124.8,1
9514.7,123.0,1
9514.8,138.6,1
9515.0,145.6,1
9515.1,155.0,1
9515.3,148.7,1
9520.4,129.1,1
9520.5,128.9,1
9520.7,133.7,1
9520.8,145.0,1
9521.0,143.0,1
9526.1,97.3,1
9526.2,146.5,1
9526.3,123.8,1
9526.5,136.0,1
9526.6,155.1,1
9531.8,131.6,1
9531.9,141.7,1
9532.1,149.1,1
9532.2,124.5,1
9532.3,117.7,1
9537.4,139.1,1
9537.6,130.9,1
9537.7,127.8,1
9537.8,133.7,1
9538.0,141.7,1
9543.1,165.2,1
9543.3,165.2,1
9543.5,147.3,1
9543.6,155.5,1
9543.8,149.1,1
9548.9,133.0,1
9549.0,134.8,1
9549.2,148.9,1
9549.3,134.0,1
9549.5,136.1,1
9554.6,111.5,1
9554.7,152.9,1
9554.9,138.3,1
9555.0,147.3,1
9555.1,131.0,1
9560.3,149.9,1
9560.5,161.5,1
9560.6,178.8,1
9560.8,166.8,1
9560.9,145.2,1
9566.1,133.7,1
9566.2,109.0,1
9566.3,92.1,1
9566.4,130.2,1
9566.5,110.5,1
9571.7,128.7,1
9571.8,138.8,1
9571.9,97.4,1
9572.0,111.5,1
9572.1,113.5,1
9577.3,136.5,1
9577.4,137.7,1
9577.5,134.9,1
9577.7,120.4,1
9577.8,147.1,1
9582.9,103.8,1
9583.0,120.3,1
9583.2,126.9,1
9583.3,98.1,1
9583.4,103.5,1
9588.5,138.0,1
9588.7,169.5,1
9588.8,144.4,1
9589.0,143.9,1
9589.1,111.3,1
9594.2,143.0,1
9594.4,139.2,1
9594.5,128.5,1
9594.6,131.8,1
9594.8,154.0,1
9599.9,133.6,1
9600.0,123.2,1
9600.2,147.7,1
9600.3,133.9,1
9600.5,140.9,1
9605.6,136.9,1
9605.7,137.4,1
9605.9,144.8,1
9606.0,115.5,1
9606.1,146.3,1
9611.3,133.5,1
9611.4,117.3,1
9611.5,140.2,1
9611.7,131.6,1
9611.8,150.8,1
9616.9,97.5,1
9617.1,130.9,1
9617.2,113.9,1
9617.3,122.3,1
9617.4,122.2,1
9622.5,117.9,1
9622.6,108.4,1
9622.8,129.3,1
9622.9,140.1,1
9623.0,96.3,1
9628.1,99.1,1
9628.2,116.3,1
9628.4,124.3,1
9628.5,121.5,1
9628.6,144.0,1
9633.8,152.1,1
9633.9,142.0,1
9634.1,143.9,1
9634.2,149.0,1
9634.4,139.2,1
9639.5,141.6,1
9639.6,142.2,1
9639.8,142.3,1
9639.9,150.8,1
9640.1,139.3,1
9645.2,141.2,1
9645.4,142.7,1
9645.5,110.8,1
9645.6,133.4,1
9645.8,152.6,1
9650.9,135.3,1
9651.0,138.1,1
9651.2,122.8,1
9651.3,132.9,1
9651.4,119.4,1
9656.6,140.5,1
9656.7,107.1,1
9656.8,117.9,1
9656.9,106.8,1
9657.0,130.1,1
9662.2,149.2,1
9662.3,132.1,1
9662.4,119.1,1
9662.5,106.4,1
9662.7,119.9,1
9667.8,114.6,1
9667.9,117.1,1
9668.0,134.6,1
9668.1,112.6,1
9668.3,133.8,1
9673.4,116.5,1
9673.5,119.6,1
9673.6,125.7,1
9673.8,147.6,1
9673.9,151.7,1
9679.1,137.4,1
9679.2,129.0,1
9679.3,137.2,1
9679.5,136.5,1
9679.6,133.0,1
9684.8,138.7,1
9684.9,123.1,1
9685.0,136.3,1
9685.2,148.9,1
9685.3,136.9,1
9690.5,157.5,1
9690.6,170.6,1
9690.8,185.5,1
9691.0,148.0,1
9691.2,195.7,1
9696.3,133.2,1
9696.4,134.2,1
9696.6,138.4,1
9696.7,143.2,1
9696.9,139.5,1
9702.0,120.2,1
9702.1,130.3,1
9702.2,131.4,1
9702.4,140.4,1
9702.5,109.4,1
9707.6,150.0,1
9707.8,121.0,1
9707.9,122.8,1
9708.0,129.2,1
9708.1,115.1,1
9713.3,131.0,1
9713.4,135.7,1
9713.5,116.6,1
9713.6,110.0,1
9713.8,118.5,1
9718.9,142.2,1
9719.0,141.9,1
9719.2,112.4,1
9719.3,121.9,1
9719.4,145.4,1
9724.6,136.9,1
9724.7,136.2,1
9724.8,140.8,1
9725.0,137.6,1
9725.1,133.1,1
9730.3,142.4,1
9730.4,137.9,1
9730.5,138.8,1
9730.7,137.7,1
9730.8,145.7,1
9736.0,161.5,1
9736.1,138.8,1
9736.3,147.8,1
9736.4,144.1,1
9736.6,160.1,1
9741.7,156.5,1
9741.9,169.7,1
9742.1,141.1,1
9742.2,152.2,1
9742.3,132.1,1
9747.5,147.3,1
9747.6,145.2,1
9747.8,132.2,1
9747.9,131.3,1
9748.0,135.5,1
9753.2,156.0,1
9753.3,97.9,1
9753.4,121.9,1
9753.5,127.6,1
9753.7,131.4,1
9758.8,109.3,1
9758.9,106.1,1
9759.0,117.5,1
9759.1,121.4,1
9759.3,120.9,1
9764.4,97.1,1
9764.5,108.6,1
9764.6,107.3,1
9764.7,121.3,1
9764.8,126.5,1
9770.0,133.5,1
9770.1,139.3,1
9770.2,146.3,1
9770.4,148.7,1
9770.5,147.1,1
9775.7,143.8,1
9775.8,139.3,1
9776.0,139.4,1
9776.1,138.7,1
9776.2,125.9,1
9781.4,140.0,1
9781.5,127.1,1
9781.6,134.0,1
9781.8,151.2,1
9781.9,143.6,1
9787.0,97.2,1
9787.2,129.3,1
9787.3,147.7,1
9787.4,130.0,1
9787.5,97.0,1
9792.6,98.5,1
9792.8,137.6,1
9792.9,135.4,1
9793.1,137.8,1
9793.2,130.3,1
9798.3,122.0,1
9798.4,117.8,1
9798.6,137.6,1
9798.7,147.3,1
9798.9,139.9,1
9804.0,118.9,1
9804.1,150.8,1
9804.3,138.1,1
9804.4,122.0,1
9804.6,167.4,1
9809.7,120.2,1
9809.8,98.6,1
9809.9,98.5,1
9810.0,152.7,1
9810.2,128.2,1
9815.3,156.3,1
9815.5,137.3,1
9815.6,145.8,1
9815.7,115.9,1
9815.8,134.4,1
9821.0,157.4,1
9821.2,156.8,1
9821.3,144.9,1
9821.5,146.5,1
9821.7,198.7,1
9826.8,127.1,1
9826.9,146.1,1
9827.1,140.6,1
9827.2,140.2,1
9827.4,148.9,1
9832.5,117.7,1
9832.6,131.9,1
9832.8,134.2,1
9832.9,106.3,1
9833.0,117.3,1
9838.1,143.3,1
9838.3,140.0,1
9838.4,139.8,1
9838.6,144.2,1
9838.7,126.3,1
9843.8,134.2,1
9844.0,134.0,1
9844.1,100.6,1
9844.2,109.8,1
9844.3,126.5,1
9849.4,100.9,1
9849.5,129.6,1
9849.6,123.1,1
9849.7,97.8,1
9849.9,136.7,1
9855.0,96.0,1
9855.1,141.4,1
9855.2,108.7,1
9855.4,131.7,1
9855.5,147.7,1
9860.7,132.4,1
9860.8,135.6,1
9860.9,126.5,1
9861.1,142.5,1
9861.2,154.7,1
9866.3,131.0,1
9866.5,141.9,1
9866.6,147.1,1
9866.8,139.9,1
9866.9,139.9,1
9872.1,148.1,1
9872.2,133.3,1
9872.3,135.2,1
9872.5,143.0,1
9872.6,121.8,1
9877.7,99.0,1
9877.8,115.5,1
9877.9,120.2,1
9878.1,144.4,1
9878.2,136.9,1
9883.3,115.5,1
9883.5,117.6,1
9883.6,132.8,1
9883.7,125.7,1
9883.8,129.6,1
9889.0,145.3,1
9889.1,134.9,1
9889.2,115.4,1
9889.4,131.0,1
9889.5,126.5,1
9894.6,105.2,1
9894.7,131.0,1
9894.9,102.6,1
9894.9,98.6,1
9895.1,112.9,1
9900.2,145.3,1
9900.3,117.4,1
9900.5,125.1,1
9900.6,124.2,1
9900.7,141.1,1
9905.9,130.3,1
9906.0,141.3,1
9906.2,154.7,1
9906.3,125.6,1
9906.4,140.3,1
9911.6,138.4,1
9911.7,150.0,1
9911.9,147.0,1
9912.0,133.8,1
9912.1,130.1,1
9917.2,103.2,1
9917.4,125.8,1
9917.5,143.1,1
9917.7,158.8,1
9917.8,137.2,1
9922.9,122.3,1
9923.1,140.8,1
9923.2,113.9,1
9923.3,102.4,1
9923.4,146.8,1
9928.5,119.4,1
9928.7,120.9,1
9928.8,133.9,1
9928.9,144.1,1
9929.1,128.8,1
9934.2,96.0,1
9934.3,116.6,1
9934.4,125.1,1
9934.6,137.0,1
9934.7,120.0,1
9939.8,107.3,1
9939.9,127.4,1
9940.0,117.1,1
9940.2,118.4,1
9940.3,108.8,1
9945.4,129.9,1
9945.5,135.8,1
9945.7,156.5,1
9945.8,134.4,1
9946.0,159.5,1
9951.1,132.0,1
9951.2,120.5,1
9951.4,145.0,1
9951.5,146.3,1
9951.7,174.3,1
9956.9,149.8,1
9957.0,134.4,1
9957.1,126.2,1
9957.3,134.1,1
9957.4,147.0,1
9962.5,126.6,1
9962.7,134.6,1
9962.8,144.1,1
9963.0,153.5,1
9963.1,157.7,1
9968.3,150.2,1
9968.4,162.3,1
9968.6,148.7,1
9968.7,144.8,1
9968.9,125.3,1
9974.0,118.4,1
9974.1,146.7,1
9974.2,114.1,1
9974.4,125.0,1
9974.5,142.5,1
9979.6,127.3,1
9979.8,141.0,1
9979.9,148.9,1
9980.1,138.3,1
9980.2,119.6,1
9985.3,139.3,1
9985.5,128.7,1
9985.6,144.6,1
9985.7,101.6,1
9985.8,121.0,1
9990.9,110.7,1
9991.1,110.7,1
9991.2,137.5,1
9991.3,146.3,1
9991.5,130.5,1
9996.6,115.7,1
9996.7,142.6,1
9996.9,148.7,1
9997.0,137.2,1
9997.2,144.4,1
10002.3,144.0,1
10002.4,132.1,1
10002.6,148.6,1
10002.7,141.9,1
10002.9,135.7,1
10008.0,153.8,1
10008.2,143.0,1
10008.3,151.5,1
10008.4,116.6,1
10008.6,138.6,1
10013.7,149.1,1
10013.9,138.2,1
10014.0,130.9,1
10014.1,100.2,1
10014.2,110.6,1
10019.4,125.9,1
10019.5,125.6,1
10019.6,109.9,1
10019.7,119.1,1
10019.8,104.6,1
10025.0,138.1,1
10025.1,147.3,1
10025.2,125.6,1
10025.3,117.3,1
10025.5,123.9,1
10030.6,129.1,1
10030.7,97.5,1
10030.8,133.1,1
10031.0,140.5,1
10031.1,146.1,1
10036.3,151.4,1
10036.4,151.0,1
10036.6,147.8,1
10036.7,150.6,1
10036.9,139.8,1
10042.0,134.9,1
10042.2,152.4,1
10042.3,119.5,1
10042.4,136.1,1
10042.6,151.0,1
10047.7,116.6,1
10047.8,146.2,1
10048.0,151.0,1
10048.1,135.7,1
10048.3,141.9,1
10053.4,141.9,1
10053.5,137.9,1
10053.7,157.5,1
10053.8,144.1,1
10054.0,142.8,1
10059.1,146.1,1
10059.3,144.9,1
10059.4,126.5,1
10059.5,134.6,1
10059.7,128.4,1
10064.8,126.4,1
10064.9,125.8,1
10065.0,126.0,1
10065.1,97.3,1
10065.2,99.7,1
10070.4,98.5,1
10070.5,107.6,1
10070.6,110.9,1
10070.7,118.1,1
10070.8,111.9,1
10075.9,130.4,1
10076.1,123.6,1
10076.2,101.1,1
10076.3,123.1,1
10076.4,128.4,1
10081.6,138.7,1
10081.7,118.8,1
10081.8,146.9,1
10082.0,176.6,1
10082.2,194.6,1
10087.3,110.9,1
10087.5,150.7,1
10087.6,134.9,1
10087.7,131.4,1
10087.9,135.2,1
10093.0,113.0,1
10093.1,144.7,1
10093.3,142.6,1
10093.4,133.3,1
10093.5,125.0,1
10098.7,164.9,1
10098.8,154.3,1
10099.0,172.7,1
10099.2,166.2,1
10099.4,187.3,1
10104.5,126.1,1
10104.6,133.2,1
10104.8,127.8,1
10104.9,109.6,1
10105.0,97.7,1
10110.1,119.0,1
10110.2,145.8,1
10110.3,104.8,1
10110.5,113.1,1
10110.6,108.0,1
10115.7,151.3,1
10115.9,145.6,1
10116.0,135.1,1
10116.1,124.7,1
10116.3,123.7,1
10121.4,119.4,1
10121.5,112.3,1
10121.6,126.6,1
10121.8,137.5,1
10121.9,121.9,1
10127.0,141.0,1
10127.2,139.4,1
10127.3,133.8,1
10127.4,138.6,1
10127.6,149.7,1
10132.7,151.7,1
10132.9,142.2,1
10133.0,123.6,1
10133.2,152.7,1
10133.3,141.1,1
10138.4,145.2,1
10138.6,146.6,1
10138.7,112.5,1
10138.8,140.4,1
10139.0,143.0,1
10144.1,129.6,1
10144.3,150.4,1
10144.4,151.5,1
10144.6,132.9,1
10144.7,125.9,1
10149.8,143.5,1
10149.9,104.1,1
10150.1,141.0,1
10150.2,134.6,1
10150.4,140.2,1
10155.5,97.2,1
10155.6,100.5,1
10155.7,102.0,1
10155.8,99.6,1
10155.9,113.0,1
10161.0,104.8,1
10161.1,128.2,1
10161.2,133.8,1
10161.4,127.0,1
10161.5,122.7,1
10166.6,127.9,1
10166.7,97.2,1
10166.8,102.9,1
10166.9,109.7,1
10167.1,133.2,1
10172.2,139.2,1
10172.3,146.9,1
10172.5,136.1,1
10172.6,109.9,1
10172.7,133.7,1
10177.9,145.4,1
10178.0,149.7,1
10178.2,135.1,1
10178.3,103.6,1
10178.4,148.0,1
10183.6,135.6,1
10183.7,142.6,1
10183.9,153.5,1
10184.0,139.5,1
10184.1,144.7,1
10189.3,139.6,1
10189.4,130.6,1
10189.6,144.2,1
10189.7,134.0,1
10189.8,117.8,1
10195.0,140.5,1
10195.1,121.7,1
10195.2,132.4,1
10195.3,131.7,1
10195.5,124.5,1
10200.6,109.6,1
10200.7,121.9,1
10200.8,106.8,1
10200.9,136.8,1
10201.1,151.6,1
10206.2,109.5,1
10206.3,119.6,1
10206.4,98.0,1
10206.6,136.5,1
10206.7,106.3,1
10211.8,119.1,1
10211.9,108.4,1
10212.0,142.4,1
10212.1,108.1,1
10212.3,136.0,1
10217.4,136.6,1
10217.6,139.3,1
10217.7,138.5,1
10217.8,134.8,1
10218.0,150.5,1
10223.1,118.3,1
10223.2,99.9,1
10223.4,153.0,1
10223.5,125.2,1
10223.6,147.7,1
10228.8,135.4,1
10228.9,138.9,1
10229.1,143.9,1
10229.2,153.0,1
10229.4,144.2,1
10234.5,133.1,1
10234.6,144.7,1
10234.8,138.3,1
10234.9,106.9,1
10235.0,126.7,1
10240.1,103.1,1
10240.2,122.3,1
10240.3,103.1,1
10240.4,101.2,1
10240.6,126.9,1
10245.7,126.4,1
10245.9,169.8,1
10246.0,120.2,1
10246.1,132.0,1
10246.3,141.1,1
10251.4,136.7,1
10251.5,100.6,1
10251.6,127.4,1
10251.8,127.5,1
10251.9,120.6,1
10257.0,127.7,1
10257.1,127.3,1
10257.3,113.9,1
10257.4,151.7,1
10257.5,123.2,1
10262.7,171.6,1
10262.9,196.6,1
10263.2,245.5,1
10263.3,149.5,1
10263.5,153.8,1
10268.6,134.2,1
10268.7,139.3,1
10268.9,136.7,1
10269.0,133.6,1
10269.1,135.9,1
10274.3,129.3,1
10274.4,144.3,1
10274.6,142.7,1
10274.7,142.2,1
10274.8,124.0,1
10280.0,137.8,1
10280.1,127.7,1
10280.2,143.2,1
10280.4,117.4,1
10280.5,120.9,1
10285.6,97.3,1
10285.7,101.9,1
10285.8,145.9,1
10285.9,104.2,1
10286.1,122.4,1
10291.2,123.4,1
10291.3,129.0,1
10291.4,96.8,1
10291.5,128.9,1
10291.7,117.2,1
10296.8,136.0,1
10296.9,135.6,1
10297.1,134.7,1
10297.2,98.4,1
10297.3,105.5,1
10302.4,106.3,1
10302.5,107.1,1
10302.6,122.0,1
10302.7,131.1,1
10302.8,106.8,1
10308.0,169.3,1
10308.2,145.7,1
10308.3,146.5,1
10308.4,135.4,1
10308.6,136.9,1
10313.7,145.2,1
10313.9,145.6,1
10314.0,141.1,1
10314.2,145.7,1
10314.3,162.2,1
10319.5,145.2,1
10319.6,149.1,1
10319.8,133.9,1
10319.9,142.0,1
10320.0,141.8,1
10325.2,123.3,1
10325.3,149.0,1
10325.4,99.2,1
10325.5,119.1,1
10325.7,140.9,1
10330.8,110.3,1
10330.9,110.8,1
10331.1,154.2,1
10331.2,117.0,1
10331.3,135.3,1
10336.4,119.6,1
10336.6,147.7,1
10336.7,129.3,1
10336.8,136.2,1
10337.0,124.3,1
10342.1,100.3,1
10342.2,117.9,1
10342.3,138.7,1
10342.4,106.5,1
10342.6,113.0,1
10347.7,106.3,1
10347.8,99.8,1
10347.9,109.9,1
10348.0,106.2,1
10348.1,132.3,1
10353.2,123.8,1
10353.4,133.5,1
10353.5,134.5,1
10353.7,154.2,1
10353.8,142.0,1
10358.9,102.3,1
10359.1,139.1,1
10359.2,146.5,1
10359.3,142.3,1
10359.5,143.5,1
10364.7,164.6,1
10364.8,143.4,1
10364.9,150.1,1
10365.1,164.2,1
10365.3,142.0,1
10370.4,114.8,1
10370.5,99.3,1
10370.6,149.6,1
10370.7,124.9,1
10370.9,136.5,1
10376.0,120.0,1
10376.2,144.2,1
10376.3,135.7,1
10376.4,121.3,1
10376.5,138.8,1
10381.7,99.4,1
10381.8,114.4,1
10381.9,112.5,1
10382.0,134.7,1
10382.2,146.0,1
10387.3,130.1,1
10387.4,98.9,1
10387.5,148.8,1
10387.7,133.8,1
10387.8,107.9,1
10392.9,101.1,1
10393.0,134.6,1
10393.2,154.6,1
10393.3,138.8,1
10393.5,142.5,1
10398.6,124.1,1
10398.7,137.6,1
10398.9,138.2,1
10399.0,142.6,1
10399.1,141.3,1
10404.3,145.7,1
10404.4,139.0,1
10404.6,134.9,1
10404.7,134.2,1
10404.8,141.2,1
10410.0,159.3,1
10410.2,178.3,1
10410.3,149.4,1
10410.5,147.2,1
10410.6,143.7,1
10415.7,98.2,1
10415.8,101.0,1
10415.9,95.9,1
10416.1,130.2,1
10416.2,141.9,1
10421.3,124.2,1
10421.5,120.4,1
10421.6,138.3,1
10421.7,100.2,1
10421.8,102.9,1
10426.9,118.8,1
10427.1,134.7,1
10427.2,107.7,1
10427.3,118.5,1
10427.4,113.9,1
10432.5,113.9,1
10432.6,106.8,1
10432.7,115.0,1
10432.9,145.8,1
10433.0,107.6,1
10438.1,115.8,1
10438.2,116.6,1
10438.4,141.5,1
10438.5,148.8,1
10438.6,122.5,1
10443.8,148.2,1
10443.9,123.1,1
10444.1,158.6,1
10444.2,135.1,1
10444.3,137.7,1
10449.5,138.7,1
10449.6,152.7,1
10449.8,143.5,1
10449.9,138.4,1
10450.1,128.9,1
10455.2,142.7,1
10455.3,147.6,1
10455.5,128.8,1
10455.6,147.7,1
10455.8,140.7,1
10460.9,153.8,1
10461.1,143.1,1
10461.2,142.3,1
10461.3,130.8,1
10461.5,135.1,1
10466.6,144.4,1
10466.7,118.9,1
10466.9,118.7,1
10467.0,125.3,1
10467.1,146.2,1
10472.3,131.0,1
10472.4,99.0,1
10472.5,138.9,1
10472.6,109.2,1
10472.8,147.7,1
10477.9,107.7,1
10478.0,117.0,1
10478.1,110.7,1
10478.2,132.9,1
10478.3,107.3,1
10483.5,136.8,1
10483.6,115.0,1
10483.7,116.2,1
10483.8,111.2,1
10483.9,116.8,1
10489.1,115.8,1
10489.2,147.6,1
10489.4,149.6,1
10489.5,140.2,1
10489.7,156.4,1
10494.8,147.7,1
10494.9,136.1,1
10495.1,155.6,1
10495.2,139.9,1
10495.4,150.1,1
10500.5,131.5,1
10500.7,145.4,1
10500.8,136.4,1
10500.9,132.4,1
10501.1,145.5,1
10506.2,146.6,1
10506.4,119.1,1
10506.5,136.9,1
10506.6,134.4,1
10506.8,135.8,1
10511.9,105.3,1
10512.0,118.7,1
10512.1,143.2,1
10512.3,138.0,1
10512.4,111.7,1
10517.5,112.9,1
10517.6,104.1,1
10517.7,120.0,1
10517.8,103.4,1
10518.0,136.6,1
10523.1,105.1,1
10523.2,144.8,1
10523.4,143.1,1
10523.5,138.9,1
10523.6,137.4,1
10528.8,144.3,1
10528.9,137.0,1
10529.1,143.7,1
10529.2,142.8,1
10529.4,145.6,1
10534.5,123.2,1
10534.6,114.7,1
10534.8,156.7,1
10534.9,129.5,1
10535.0,120.3,1
10540.2,158.5,1
10540.3,159.4,1
10540.5,149.5,1
10540.7,172.7,1
10540.9,242.6,1
10546.0,132.2,1
10546.2,149.1,1
10546.3,126.4,1
10546.5,135.8,1
10546.6,147.5,1
10551.7,122.6,1
10551.9,136.9,1
10552.0,128.6,1
10552.1,143.0,1
10552.3,134.8,1
10557.4,121.4,1
10557.5,108.9,1
10557.6,112.8,1
10557.7,119.1,1
10557.8,99.6,1
10563.0,120.0,1
10563.1,113.9,1
10563.2,97.7,1
10563.3,97.0,1
10563.4,142.7,1
10568.5,121.0,1
10568.7,136.3,1
10568.8,139.0,1
10568.9,126.3,1
10569.1,118.9,1
10574.2,123.6,1
10574.3,135.0,1
10574.5,141.7,1
10574.6,136.0,1
10574.7,135.9,1
10579.9,137.9,1
10580.0,154.4,1
10580.2,135.0,1
10580.3,134.1,1
10580.4,135.7,1
10585.6,134.2,1
10585.7,136.3,1
10585.8,126.9,1
10586.0,145.6,1
10586.1,143.9,1
10591.3,143.3,1
10591.4,153.0,1
10591.6,127.7,1
10591.7,153.0,1
10591.9,150.0,1
10597.0,137.5,1
10597.1,98.2,1
10597.2,144.2,1
10597.4,125.2,1
10597.5,121.5,1
10602.6,128.9,1
10602.7,123.2,1
10602.8,99.6,1
10603.0,130.8,1
10603.1,106.6,1
10608.2,131.5,1
10608.4,147.7,1
10608.5,154.1,1
10608.7,139.4,1
10608.8,94.9,1
10613.9,121.7,1
10614.0,146.6,1
10614.1,117.6,1
10614.3,132.8,1
10614.4,143.0,1
10619.5,104.1,1
10619.7,119.7,1
10619.8,109.5,1
10619.9,127.9,1
10620.0,130.3,1
10625.2,147.0,1
10625.3,113.3,1
10625.4,149.8,1
10625.6,129.0,1
10625.7,152.8,1
10630.9,135.7,1
10631.0,142.8,1
10631.1,124.3,1
10631.3,139.9,1
10631.4,132.9,1
10636.6,161.9,1
10636.7,143.5,1
10636.8,126.6,1
10637.0,153.2,1
10637.1,140.5,1
10642.3,143.1,1
10642.4,117.3,1
10642.5,138.6,1
10642.7,148.8,1
10642.8,101.5,1
10647.9,111.0,1
10648.0,97.3,1
10648.1,128.3,1
10648.2,118.0,1
10648.4,113.8,1
10653.5,95.6,1
10653.6,121.2,1
10653.7,130.9,1
10653.8,132.2,1
10654.0,123.1,1
10659.1,116.4,1
10659.2,121.3,1
10659.3,132.5,1
10659.5,127.7,1
10659.6,100.2,1
10664.7,117.1,1
10664.8,112.1,1
10664.9,112.5,1
10665.0,93.8,1
10665.1,104.3,1
10670.3,147.4,1
10670.4,172.2,1
10670.7,231.7,1
10670.8,162.6,1
10671.0,175.9,1
10676.1,120.7,1
10676.3,126.5,1
10676.4,142.1,1
10676.6,155.3,1
10676.7,112.8,1
10681.8,126.4,1
10681.9,129.6,1
10682.1,146.4,1
10682.2,140.7,1
10682.3,116.2,1
10687.5,143.6,1
10687.6,153.5,1
10687.8,143.5,1
10687.9,130.1,1
10688.0,106.8,1
10693.1,128.1,1
10693.2,100.8,1
10693.4,137.8,1
10693.5,96.3,1
10693.6,123.6,1
10698.7,103.8,1
10698.8,108.5,1
10698.9,126.3,1
10699.1,140.1,1
10699.2,124.7,1
10704.3,125.2,1
10704.4,103.5,1
10704.5,100.9,1
10704.7,135.5,1
10704.8,136.3,1
10709.9,122.7,1
10710.1,117.0,1
10710.2,124.3,1
10710.3,135.2,1
10710.4,116.8,1
10715.6,139.8,1
10715.7,126.2,1
10715.8,131.2,1
10716.0,146.1,1
10716.1,109.7,1
10721.2,141.1,1
10721.4,129.8,1
10721.5,144.4,1
10721.7,157.7,1
10721.8,135.2,1
10727.0,147.8,1
10727.1,129.8,1
10727.2,153.5,1
10727.4,136.6,1
10727.5,129.8,1
10732.7,137.3,1
10732.8,117.0,1
10732.9,131.8,1
10733.0,127.9,1
10733.2,139.2,1
10738.3,132.4,1
10738.4,98.0,1
10738.5,98.4,1
10738.6,125.8,1
10738.7,117.2,1
10743.9,133.8,1
10744.0,129.1,1
10744.1,134.7,1
10744.3,113.9,1
10744.4,124.9,1
10749.5,146.7,1
10749.7,153.5,1
10749.8,130.8,1
10749.9,115.8,1
10750.1,133.0,1
10755.2,129.4,1
10755.3,115.1,1
10755.5,144.8,1
10755.6,149.3,1
10755.8,155.1,1
10760.9,144.8,1
10761.1,133.9,1
10761.2,143.6,1
10761.3,139.5,1
10761.5,148.7,1
10766.6,148.0,1
10766.8,132.8,1
10766.9,145.0,1
10767.1,152.4,1
10767.2,121.0,1
10772.3,139.1,1
10772.5,137.5,1
10772.6,127.1,1
10772.8,152.8,1
10772.9,134.5,1
10778.0,131.3,1
10778.1,109.1,1
10778.3,136.6,1
10778.4,108.1,1
10778.5,100.2,1
10783.6,97.9,1
10783.7,141.9,1
10783.8,111.0,1
10784.0,123.2,1
10784.1,132.5,1
10789.2,117.0,1
10789.3,115.6,1
10789.5,142.5,1
10789.6,138.9,1
10789.7,101.2,1
10794.9,147.5,1
10795.0,129.3,1
10795.1,134.9,1
10795.3,137.8,1
10795.4,135.8,1
