sysbench 1.0.20 (using system LuaJIT 2.1.0-beta3)

Running the test with following options:
Number of threads: 32
Target transaction rate: 1000/sec
Initializing random number generator from current time


Initializing worker threads...

Threads started!

Latency histogram (values are in milliseconds)
       value  ------------- distribution ------------- count
       0.576 |                                         1
       0.587 |                                         5
       0.597 |*                                        11
       0.608 |*                                        12
       0.619 |**                                       21
       0.630 |**                                       33
       0.642 |***                                      42
       0.654 |****                                     60
       0.665 |*****                                    61
       0.677 |******                                   75
       0.690 |******                                   75
       0.702 |********                                 107
       0.715 |*********                                119
       0.728 |***********                              149
       0.741 |************                             158
       0.755 |****************                         220
       0.768 |******************                       248
       0.782 |**********************                   301
       0.797 |*********************                    277
       0.811 |************************                 320
       0.826 |************************                 320
       0.841 |************************                 324
       0.856 |************************                 326
       0.872 |*****************************            386
       0.888 |*************************                340
       0.904 |***************************              370
       0.920 |*******************************          417
       0.937 |*****************************            392
       0.954 |***************************              369
       0.971 |******************************           403
       0.989 |*******************************          413
       1.007 |********************************         427
       1.025 |*********************************        446
       1.044 |*********************************        442
       1.063 |*************************************    499
       1.082 |**************************************** 534
       1.102 |*************************************    504
       1.122 |***************************************  532
       1.142 |**************************************** 539
       1.163 |*************************************    495
       1.184 |**************************************** 533
       1.205 |************************************     486
       1.227 |*************************************    501
       1.250 |***********************************      466
       1.272 |**********************************       458
       1.295 |*******************************          412
       1.319 |********************************         426
       1.343 |*****************************            389
       1.367 |*************************                336
       1.392 |**************************               344
       1.417 |*************************                333
       1.443 |**********************                   302
       1.469 |**********************                   297
       1.496 |********************                     273
       1.523 |*******************                      252
       1.551 |****************                         211
       1.579 |******************                       243
       1.608 |****************                         216
       1.637 |**************                           185
       1.667 |*************                            179
       1.697 |***********                              148
       1.728 |*************                            171
       1.759 |*********                                122
       1.791 |**********                               133
       1.824 |********                                 111
       1.857 |*********                                116
       1.891 |******                                   87
       1.925 |******                                   85
       1.960 |*******                                  90
       1.996 |******                                   77
       2.032 |******                                   76
       2.069 |*****                                    62
       2.106 |****                                     59
       2.145 |*****                                    62
       2.184 |***                                      44
       2.223 |***                                      46
       2.264 |****                                     51
       2.305 |***                                      36
       2.347 |*                                        20
       2.389 |***                                      41
       2.433 |**                                       30
       2.477 |***                                      34
       2.522 |**                                       25
       2.568 |**                                       29
       2.615 |**                                       27
       2.662 |**                                       27
       2.710 |*                                        19
       2.760 |**                                       27
       2.810 |**                                       25
       2.861 |**                                       23
       2.913 |*                                        14
       2.966 |*                                        16
       3.020 |**                                       25
       3.075 |*                                        14
       3.130 |**                                       25
       3.187 |*                                        11
       3.245 |*                                        14
       3.304 |*                                        16
       3.364 |*                                        18
       3.425 |**                                       24
       3.488 |**                                       24
       3.551 |**                                       21
       3.615 |*                                        13
       3.681 |*                                        18
       3.748 |*                                        15
       3.816 |*                                        13
       3.885 |**                                       24
       3.956 |*                                        14
       4.028 |*                                        20
       4.101 |**                                       23
       4.176 |*                                        11
       4.252 |*                                        19
       4.329 |*                                        16
       4.407 |*                                        17
       4.487 |*                                        20
       4.569 |*                                        13
       4.652 |*                                        9
       4.737 |*                                        11
       4.823 |*                                        13
       4.910 |                                         6
       4.999 |                                         3
       5.090 |*                                        8
       5.183 |                                         5
       5.277 |*                                        8
       5.373 |                                         2
       5.470 |                                         4
       5.570 |                                         4
       5.671 |                                         3
       5.774 |                                         5
       5.879 |                                         5
       5.986 |                                         2
       6.205 |                                         1
       6.433 |                                         2
       6.550 |                                         2
       6.669 |                                         3
       6.790 |                                         2
       6.913 |                                         1
       7.039 |                                         2
       7.430 |                                         2
       7.565 |                                         1
       7.702 |                                         1
       7.842 |                                         1
       8.895 |                                         1
       9.057 |                                         2
       9.222 |                                         1
       9.389 |                                         1
       9.560 |                                         1
      10.274 |                                         1
      12.301 |                                         1
      13.460 |                                         1
      14.207 |                                         1
      15.828 |                                         1
      20.736 |                                         1
      22.689 |                                         1
      23.521 |                                         1
      24.384 |                                         1
 
SQL statistics:
    queries performed:
        read:                            0
        write:                           20097
        other:                           0
        total:                           20097
    transactions:                        20097  (1003.96 per sec.)
    queries:                             20097  (1003.96 per sec.)
    ignored errors:                      0      (0.00 per sec.)
    reconnects:                          0      (0.00 per sec.)

General statistics:
    total time:                          20.0173s
    total number of events:              20097

Latency (ms):
         min:                                    0.58
         avg:                                    1.29
         max:                                   24.51
         95th percentile:                        2.22
         sum:                                25885.44

Threads fairness:
    events (avg/stddev):           628.0312/5.93
    execution time (avg/stddev):   0.8089/0.02




sysbench 1.0.20 (using system LuaJIT 2.1.0-beta3)

Running the test with following options:
Number of threads: 32
Target transaction rate: 1000/sec
Initializing random number generator from current time


Initializing worker threads...

Threads started!

Latency histogram (values are in milliseconds)
       value  ------------- distribution ------------- count
       0.576 |                                         1
       0.587 |*                                        7
       0.597 |                                         5
       0.608 |**                                       26
       0.619 |**                                       21
       0.630 |***                                      39
       0.642 |*****                                    73
       0.654 |*****                                    67
       0.665 |*******                                  90
       0.677 |********                                 108
       0.690 |********                                 104
       0.702 |**********                               128
       0.715 |***********                              145
       0.728 |************                             165
       0.741 |*****************                        228
       0.755 |****************                         213
       0.768 |*******************                      255
       0.782 |***********************                  312
       0.797 |***************************              357
       0.811 |************************                 320
       0.826 |****************************             373
       0.841 |******************************           397
       0.856 |******************************           398
       0.872 |*******************************          419
       0.888 |*******************************          415
       0.904 |*********************************        449
       0.920 |*****************************            387
       0.937 |********************************         436
       0.954 |************************************     486
       0.971 |********************************         426
       0.989 |********************************         437
       1.007 |**********************************       454
       1.025 |*********************************        446
       1.044 |**********************************       453
       1.063 |*************************************    494
       1.082 |**************************************   510
       1.102 |**************************************   514
       1.122 |**************************************** 538
       1.142 |**********************************       464
       1.163 |************************************     484
       1.184 |*************************************    496
       1.205 |************************************     487
       1.227 |*****************************            387
       1.250 |*********************************        439
       1.272 |*****************************            388
       1.295 |****************************             379
       1.319 |*******************************          412
       1.343 |**************************               350
       1.367 |***********************                  314
       1.392 |************************                 328
       1.417 |*********************                    289
       1.443 |*********************                    279
       1.469 |********************                     269
       1.496 |*******************                      254
       1.523 |******************                       238
       1.551 |****************                         210
       1.579 |*************                            175
       1.608 |**************                           186
       1.637 |*************                            174
       1.667 |**********                               132
       1.697 |*********                                116
       1.728 |*********                                115
       1.759 |**********                               140
       1.791 |********                                 105
       1.824 |********                                 110
       1.857 |********                                 108
       1.891 |********                                 102
       1.925 |******                                   83
       1.960 |******                                   76
       1.996 |****                                     51
       2.032 |*****                                    70
       2.069 |****                                     53
       2.106 |*****                                    66
       2.145 |****                                     60
       2.184 |****                                     58
       2.223 |***                                      45
       2.264 |***                                      36
       2.305 |***                                      39
       2.347 |***                                      34
       2.389 |**                                       32
       2.433 |***                                      37
       2.477 |**                                       28
       2.522 |**                                       26
       2.568 |**                                       28
       2.615 |**                                       22
       2.662 |**                                       32
       2.710 |*                                        16
       2.760 |**                                       21
       2.810 |*                                        15
       2.861 |**                                       24
       2.913 |*                                        9
       2.966 |*                                        17
       3.020 |**                                       22
       3.075 |*                                        20
       3.130 |*                                        17
       3.187 |*                                        16
       3.245 |*                                        20
       3.304 |*                                        19
       3.364 |*                                        19
       3.425 |*                                        18
       3.488 |*                                        11
       3.551 |**                                       26
       3.615 |*                                        20
       3.681 |*                                        16
       3.748 |*                                        17
       3.816 |*                                        7
       3.885 |**                                       22
       3.956 |*                                        13
       4.028 |*                                        16
       4.101 |*                                        14
       4.176 |*                                        12
       4.252 |*                                        13
       4.329 |*                                        17
       4.407 |*                                        7
       4.487 |*                                        13
       4.569 |*                                        8
       4.652 |*                                        9
       4.737 |                                         4
       4.823 |                                         6
       4.910 |                                         3
       4.999 |                                         2
       5.090 |*                                        7
       5.183 |                                         4
       5.277 |                                         6
       5.373 |                                         5
       5.470 |                                         3
       5.570 |                                         6
       5.671 |                                         4
       5.774 |                                         4
       5.879 |                                         4
       5.986 |                                         3
       6.095 |                                         5
       6.205 |                                         2
       6.318 |                                         5
       6.433 |                                         2
       6.550 |                                         2
       6.669 |                                         1
       6.790 |                                         2
       6.913 |*                                        7
       7.039 |                                         2
       7.167 |                                         1
       7.297 |                                         2
       7.430 |                                         3
       7.565 |                                         1
       7.702 |                                         3
       7.985 |                                         1
       8.130 |                                         1
       8.277 |                                         4
       8.428 |                                         3
       8.581 |                                         1
       8.737 |                                         3
       8.895 |                                         2
       9.057 |                                         3
       9.222 |                                         2
       9.389 |                                         2
       9.560 |                                         1
       9.910 |                                         1
      10.090 |                                         1
      10.460 |                                         4
      10.651 |                                         2
      10.844 |                                         1
      11.041 |                                         2
      11.242 |                                         4
      11.446 |                                         1
      11.654 |                                         2
      11.866 |                                         1
      12.301 |                                         1
      12.524 |                                         2
      12.752 |                                         2
      13.460 |                                         1
      13.953 |                                         1
      15.545 |                                         3
      16.115 |                                         1
 
SQL statistics:
    queries performed:
        read:                            0
        write:                           20148
        other:                           0
        total:                           20148
    transactions:                        20148  (1006.24 per sec.)
    queries:                             20148  (1006.24 per sec.)
    ignored errors:                      0      (0.00 per sec.)
    reconnects:                          0      (0.00 per sec.)

General statistics:
    total time:                          20.0225s
    total number of events:              20148

Latency (ms):
         min:                                    0.58
         avg:                                    1.27
         max:                                   16.16
         95th percentile:                        2.18
         sum:                                25568.64

Threads fairness:
    events (avg/stddev):           629.6250/4.97
    execution time (avg/stddev):   0.7990/0.02




sysbench 1.0.20 (using system LuaJIT 2.1.0-beta3)

Running the test with following options:
Number of threads: 32
Target transaction rate: 1000/sec
Initializing random number generator from current time


Initializing worker threads...

Threads started!

Latency histogram (values are in milliseconds)
       value  ------------- distribution ------------- count
       0.546 |                                         1
       0.576 |*                                        9
       0.587 |*                                        7
       0.597 |*                                        19
       0.608 |**                                       31
       0.619 |**                                       33
       0.630 |***                                      43
       0.642 |****                                     58
       0.654 |******                                   79
       0.665 |********                                 102
       0.677 |*********                                124
       0.690 |*********                                124
       0.702 |*********                                125
       0.715 |***********                              151
       0.728 |***************                          198
       0.741 |*****************                        227
       0.755 |********************                     269
       0.768 |***********************                  316
       0.782 |************************                 326
       0.797 |***************************              372
       0.811 |***************************              369
       0.826 |***************************              363
       0.841 |****************************             383
       0.856 |********************************         441
       0.872 |*******************************          424
       0.888 |***********************************      482
       0.904 |*********************************        452
       0.920 |**********************************       467
       0.937 |***********************************      470
       0.954 |**********************************       457
       0.971 |**********************************       469
       0.989 |**********************************       462
       1.007 |**********************************       468
       1.025 |**************************************   511
       1.044 |**************************************   518
       1.063 |*************************************    506
       1.082 |**************************************** 544
       1.102 |**************************************** 539
       1.122 |*************************************    506
       1.142 |**************************************   511
       1.163 |*********************************        454
       1.184 |*********************************        452
       1.205 |*******************************          423
       1.227 |******************************           410
       1.250 |***************************              372
       1.272 |****************************             376
       1.295 |************************                 325
       1.319 |*********************                    280
       1.343 |**********************                   297
       1.367 |*********************                    282
       1.392 |*******************                      254
       1.417 |******************                       240
       1.443 |***************                          210
       1.469 |***************                          203
       1.496 |**************                           188
       1.523 |*************                            171
       1.551 |************                             163
       1.579 |***********                              152
       1.608 |**********                               131
       1.637 |*********                                125
       1.667 |********                                 114
       1.697 |*******                                  95
       1.728 |********                                 104
       1.759 |*******                                  101
       1.791 |*****                                    70
       1.824 |******                                   80
       1.857 |*****                                    66
       1.891 |*****                                    72
       1.925 |****                                     57
       1.960 |****                                     58
       1.996 |***                                      42
       2.032 |****                                     50
       2.069 |***                                      46
       2.106 |***                                      46
       2.145 |***                                      37
       2.184 |**                                       33
       2.223 |**                                       24
       2.264 |**                                       30
       2.305 |***                                      39
       2.347 |**                                       28
       2.389 |***                                      36
       2.433 |**                                       29
       2.477 |**                                       27
       2.522 |*                                        20
       2.568 |*                                        20
       2.615 |**                                       29
       2.662 |**                                       22
       2.710 |*                                        18
       2.760 |**                                       24
       2.810 |**                                       26
       2.861 |**                                       26
       2.913 |*                                        20
       2.966 |**                                       22
       3.020 |**                                       23
       3.075 |**                                       25
       3.130 |**                                       22
       3.187 |**                                       22
       3.245 |*                                        13
       3.304 |**                                       22
       3.364 |*                                        20
       3.425 |*                                        20
       3.488 |*                                        17
       3.551 |*                                        20
       3.615 |*                                        20
       3.681 |*                                        19
       3.748 |*                                        16
       3.816 |*                                        14
       3.885 |*                                        16
       3.956 |*                                        13
       4.028 |*                                        14
       4.101 |*                                        18
       4.176 |*                                        15
       4.252 |*                                        20
       4.329 |*                                        11
       4.407 |*                                        14
       4.487 |                                         6
       4.569 |*                                        8
       4.652 |*                                        9
       4.737 |*                                        12
       4.823 |                                         6
       4.910 |*                                        10
       4.999 |*                                        10
       5.090 |*                                        8
       5.183 |*                                        8
       5.277 |*                                        7
       5.373 |                                         6
       5.470 |                                         3
       5.570 |                                         3
       5.671 |                                         1
       5.774 |                                         6
       5.879 |                                         1
       5.986 |                                         3
       6.095 |                                         3
       6.205 |                                         2
       6.318 |                                         3
       6.550 |                                         1
       6.669 |                                         1
       6.790 |                                         1
       6.913 |                                         2
       7.039 |                                         3
       7.167 |                                         1
       7.297 |                                         4
       7.430 |                                         2
       7.702 |                                         1
       7.842 |                                         2
       7.985 |                                         1
       8.428 |                                         1
       8.895 |                                         1
       9.057 |                                         1
       9.222 |                                         3
       9.389 |                                         1
       9.734 |                                         1
       9.910 |                                         1
      11.041 |                                         1
      13.953 |                                         1
      14.995 |                                         1
      15.828 |                                         1
      17.010 |                                         1
      18.950 |                                         1
 
SQL statistics:
    queries performed:
        read:                            0
        write:                           19518
        other:                           0
        total:                           19518
    transactions:                        19518  (975.04 per sec.)
    queries:                             19518  (975.04 per sec.)
    ignored errors:                      0      (0.00 per sec.)
    reconnects:                          0      (0.00 per sec.)

General statistics:
    total time:                          20.0172s
    total number of events:              19518

Latency (ms):
         min:                                    0.55
         avg:                                    1.22
         max:                                   18.78
         95th percentile:                        2.22
         sum:                                23824.88

Threads fairness:
    events (avg/stddev):           609.9375/4.66
    execution time (avg/stddev):   0.7445/0.01




sysbench 1.0.20 (using system LuaJIT 2.1.0-beta3)

Running the test with following options:
Number of threads: 32
Target transaction rate: 1000/sec
Initializing random number generator from current time


Initializing worker threads...

Threads started!

Latency histogram (values are in milliseconds)
       value  ------------- distribution ------------- count
       0.546 |                                         1
       0.556 |                                         2
       0.566 |                                         1
       0.576 |                                         2
       0.587 |                                         1
       0.597 |*                                        9
       0.608 |*                                        20
       0.619 |**                                       34
       0.630 |***                                      57
       0.642 |*****                                    79
       0.654 |*****                                    82
       0.665 |******                                   108
       0.677 |*******                                  120
       0.690 |*********                                148
       0.702 |*********                                156
       0.715 |***********                              193
       0.728 |**************                           237
       0.741 |******************                       303
       0.755 |*********************                    356
       0.768 |**************************               443
       0.782 |***************************              466
       0.797 |****************************             485
       0.811 |********************************         559
       0.826 |*********************************        565
       0.841 |***********************************      611
       0.856 |***********************************      607
       0.872 |*************************************    643
       0.888 |************************************     625
       0.904 |**************************************** 690
       0.920 |***************************************  670
       0.937 |***********************************      602
       0.954 |************************************     625
       0.971 |************************************     617
       0.989 |**********************************       578
       1.007 |*********************************        562
       1.025 |********************************         556
       1.044 |****************************             486
       1.063 |****************************             480
       1.082 |*****************************            505
       1.102 |***************************              466
       1.122 |***********************                  394
       1.142 |***********************                  401
       1.163 |*********************                    360
       1.184 |**********************                   372
       1.205 |******************                       311
       1.227 |****************                         278
       1.250 |*****************                        290
       1.272 |**************                           236
       1.295 |**************                           234
       1.319 |************                             207
       1.343 |**************                           235
       1.367 |************                             206
       1.392 |**********                               172
       1.417 |*********                                153
       1.443 |********                                 142
       1.469 |*******                                  119
       1.496 |******                                   99
       1.523 |*******                                  124
       1.551 |******                                   101
       1.579 |******                                   109
       1.608 |****                                     69
       1.637 |****                                     75
       1.667 |*****                                    84
       1.697 |****                                     63
       1.728 |****                                     65
       1.759 |****                                     61
       1.791 |***                                      52
       1.824 |***                                      50
       1.857 |***                                      49
       1.891 |***                                      50
       1.925 |**                                       34
       1.960 |**                                       33
       1.996 |**                                       42
       2.032 |**                                       27
       2.069 |**                                       35
       2.106 |**                                       27
       2.145 |**                                       30
       2.184 |*                                        20
       2.223 |**                                       26
       2.264 |**                                       26
       2.305 |*                                        22
       2.347 |*                                        21
       2.389 |*                                        15
       2.433 |*                                        22
       2.477 |*                                        17
       2.522 |*                                        15
       2.568 |*                                        9
       2.615 |*                                        20
       2.662 |*                                        21
       2.710 |*                                        15
       2.760 |*                                        13
       2.810 |*                                        18
       2.861 |*                                        18
       2.913 |*                                        10
       2.966 |*                                        13
       3.020 |*                                        11
       3.075 |*                                        15
       3.130 |*                                        17
       3.187 |*                                        21
       3.245 |*                                        16
       3.304 |*                                        15
       3.364 |*                                        11
       3.425 |*                                        20
       3.488 |*                                        25
       3.551 |*                                        20
       3.615 |*                                        24
       3.681 |*                                        13
       3.748 |*                                        21
       3.816 |*                                        14
       3.885 |*                                        17
       3.956 |*                                        15
       4.028 |*                                        14
       4.101 |*                                        23
       4.176 |*                                        15
       4.252 |*                                        12
       4.329 |*                                        10
       4.407 |*                                        17
       4.487 |                                         6
       4.569 |*                                        12
       4.652 |                                         8
       4.737 |*                                        12
       4.823 |                                         7
       4.910 |*                                        10
       4.999 |                                         8
       5.090 |*                                        10
       5.183 |                                         5
       5.277 |                                         7
       5.373 |*                                        11
       5.470 |                                         8
       5.570 |                                         2
       5.671 |                                         2
       5.774 |                                         3
       5.879 |*                                        9
       5.986 |                                         6
       6.095 |                                         2
       6.205 |                                         4
       6.318 |                                         2
       6.433 |                                         3
       6.550 |                                         2
       6.669 |                                         3
       6.790 |                                         5
       7.039 |                                         1
       7.565 |                                         1
       7.842 |                                         1
       8.130 |                                         1
       8.277 |                                         2
       8.428 |                                         2
       8.737 |                                         3
       8.895 |                                         2
       9.057 |                                         1
       9.222 |                                         2
       9.389 |                                         3
       9.560 |                                         1
       9.734 |                                         2
       9.910 |                                         4
      10.090 |                                         1
      10.274 |                                         3
      10.460 |                                         2
      10.844 |                                         1
      11.041 |                                         1
      11.242 |                                         1
      11.866 |                                         2
      12.752 |                                         1
      12.984 |                                         1
      13.460 |                                         1
      13.704 |                                         2
      14.207 |                                         1
      17.633 |                                         1
      17.954 |                                         1
      18.950 |                                         1
      19.645 |                                         1
      20.002 |                                         1
      20.366 |                                         1
      21.496 |                                         1
      23.101 |                                         1
      23.521 |                                         1
      24.827 |                                         1
      25.278 |                                         1
      26.205 |                                         2
      27.165 |                                         1
      27.659 |                                         2
      28.162 |                                         1
      30.265 |                                         2
      30.815 |                                         1
      31.375 |                                         1
      34.954 |                                         1
      36.236 |                                         1
      36.894 |                                         1
      38.247 |                                         2
      38.942 |                                         2
 
SQL statistics:
    queries performed:
        read:                            0
        write:                           20044
        other:                           0
        total:                           20044
    transactions:                        20044  (1001.17 per sec.)
    queries:                             20044  (1001.17 per sec.)
    ignored errors:                      0      (0.00 per sec.)
    reconnects:                          0      (0.00 per sec.)

General statistics:
    total time:                          20.0200s
    total number of events:              20044

Latency (ms):
         min:                                    0.55
         avg:                                    1.19
         max:                                   39.29
         95th percentile:                        2.03
         sum:                                23781.36

Threads fairness:
    events (avg/stddev):           626.3750/4.12
    execution time (avg/stddev):   0.7432/0.02




sysbench 1.0.20 (using system LuaJIT 2.1.0-beta3)

Running the test with following options:
Number of threads: 32
Target transaction rate: 1000/sec
Initializing random number generator from current time


Initializing worker threads...

Threads started!

Latency histogram (values are in milliseconds)
       value  ------------- distribution ------------- count
       0.566 |                                         2
       0.576 |                                         2
       0.587 |                                         3
       0.597 |*                                        14
       0.608 |*                                        14
       0.619 |**                                       29
       0.630 |***                                      44
       0.642 |****                                     54
       0.654 |****                                     67
       0.665 |******                                   90
       0.677 |******                                   99
       0.690 |*******                                  106
       0.702 |*******                                  110
       0.715 |***********                              165
       0.728 |*************                            198
       0.741 |****************                         240
       0.755 |********************                     303
       0.768 |**********************                   342
       0.782 |***************************              410
       0.797 |****************************             428
       0.811 |****************************             426
       0.826 |********************************         485
       0.841 |*******************************          469
       0.856 |*********************************        500
       0.872 |*************************************    565
       0.888 |**************************************   583
       0.904 |**********************************       514
       0.920 |**************************************** 611
       0.937 |************************************     557
       0.954 |***********************************      529
       0.971 |**************************************   581
       0.989 |************************************     545
       1.007 |**********************************       522
       1.025 |**********************************       512
       1.044 |*******************************          480
       1.063 |********************************         488
       1.082 |********************************         492
       1.102 |*****************************            447
       1.122 |*****************************            438
       1.142 |**************************               393
       1.163 |*************************                378
       1.184 |*************************                378
       1.205 |**************************               397
       1.227 |************************                 359
       1.250 |*************************                383
       1.272 |*********************                    327
       1.295 |******************                       282
       1.319 |******************                       282
       1.343 |*****************                        263
       1.367 |****************                         247
       1.392 |***************                          226
       1.417 |*************                            204
       1.443 |*************                            192
       1.469 |***********                              174
       1.496 |***********                              167
       1.523 |*********                                141
       1.551 |********                                 128
       1.579 |*********                                141
       1.608 |********                                 121
       1.637 |*******                                  100
       1.667 |******                                   85
       1.697 |*******                                  107
       1.728 |*****                                    84
       1.759 |*****                                    82
       1.791 |*****                                    71
       1.824 |******                                   86
       1.857 |****                                     64
       1.891 |***                                      48
       1.925 |***                                      52
       1.960 |****                                     63
       1.996 |***                                      53
       2.032 |***                                      46
       2.069 |**                                       37
       2.106 |****                                     55
       2.145 |**                                       31
       2.184 |**                                       32
       2.223 |**                                       27
       2.264 |**                                       32
       2.305 |***                                      45
       2.347 |**                                       32
       2.389 |**                                       29
       2.433 |**                                       29
       2.477 |**                                       29
       2.522 |*                                        22
       2.568 |**                                       35
       2.615 |*                                        17
       2.662 |*                                        17
       2.710 |**                                       25
       2.760 |**                                       23
       2.810 |**                                       25
       2.861 |*                                        20
       2.913 |**                                       24
       2.966 |*                                        22
       3.020 |*                                        19
       3.075 |**                                       27
       3.130 |**                                       25
       3.187 |*                                        19
       3.245 |*                                        21
       3.304 |*                                        20
       3.364 |*                                        18
       3.425 |**                                       23
       3.488 |*                                        14
       3.551 |**                                       23
       3.615 |*                                        12
       3.681 |**                                       24
       3.748 |*                                        21
       3.816 |*                                        19
       3.885 |*                                        12
       3.956 |*                                        22
       4.028 |*                                        14
       4.101 |*                                        16
       4.176 |*                                        17
       4.252 |*                                        18
       4.329 |*                                        13
       4.407 |*                                        19
       4.487 |*                                        9
       4.569 |*                                        12
       4.652 |                                         7
       4.737 |                                         7
       4.823 |*                                        9
       4.910 |*                                        10
       4.999 |*                                        9
       5.090 |*                                        10
       5.183 |*                                        9
       5.277 |                                         4
       5.373 |                                         5
       5.470 |                                         6
       5.570 |                                         4
       5.671 |                                         7
       5.774 |                                         5
       5.879 |                                         4
       5.986 |                                         6
       6.095 |                                         6
       6.205 |                                         7
       6.318 |                                         2
       6.433 |*                                        8
       6.550 |                                         2
       6.669 |                                         3
       6.790 |                                         5
       6.913 |                                         3
       7.039 |                                         1
       7.167 |                                         3
       7.297 |                                         2
       7.430 |                                         3
       7.565 |                                         2
       7.702 |                                         4
       7.842 |                                         4
       7.985 |                                         3
       8.130 |                                         2
       8.277 |                                         3
       8.428 |                                         1
       8.581 |                                         2
       8.737 |                                         1
       8.895 |*                                        8
       9.057 |                                         2
       9.222 |                                         2
       9.389 |                                         2
       9.560 |                                         3
       9.734 |                                         2
       9.910 |                                         4
      10.090 |                                         1
      10.274 |                                         1
      10.460 |                                         2
      10.651 |                                         1
      10.844 |                                         1
      11.041 |                                         4
      11.242 |                                         1
      11.446 |                                         1
      11.654 |                                         1
      13.953 |                                         1
      14.728 |                                         2
      17.319 |                                         1
      22.689 |                                         1
 
SQL statistics:
    queries performed:
        read:                            0
        write:                           19843
        other:                           0
        total:                           19843
    transactions:                        19843  (991.34 per sec.)
    queries:                             19843  (991.34 per sec.)
    ignored errors:                      0      (0.00 per sec.)
    reconnects:                          0      (0.00 per sec.)

General statistics:
    total time:                          20.0160s
    total number of events:              19843

Latency (ms):
         min:                                    0.57
         avg:                                    1.23
         max:                                   22.70
         95th percentile:                        2.35
         sum:                                24354.27

Threads fairness:
    events (avg/stddev):           620.0938/4.15
    execution time (avg/stddev):   0.7611/0.02




sysbench 1.0.20 (using system LuaJIT 2.1.0-beta3)

Running the test with following options:
Number of threads: 32
Target transaction rate: 1000/sec
Initializing random number generator from current time


Initializing worker threads...

Threads started!

Latency histogram (values are in milliseconds)
       value  ------------- distribution ------------- count
       0.556 |                                         1
       0.576 |                                         5
       0.587 |                                         3
       0.597 |*                                        12
       0.608 |**                                       22
       0.619 |***                                      35
       0.630 |***                                      43
       0.642 |****                                     53
       0.654 |******                                   81
       0.665 |*******                                  92
       0.677 |*********                                115
       0.690 |*********                                120
       0.702 |***********                              143
       0.715 |************                             157
       0.728 |****************                         203
       0.741 |*******************                      247
       0.755 |***********************                  296
       0.768 |****************************             351
       0.782 |*******************************          391
       0.797 |*********************************        415
       0.811 |*********************************        417
       0.826 |************************************     456
       0.841 |************************************     454
       0.856 |*************************************    475
       0.872 |***************************************  492
       0.888 |**************************************   481
       0.904 |**************************************** 508
       0.920 |***************************************  499
       0.937 |************************************     458
       0.954 |**************************************** 507
       0.971 |**************************************   483
       0.989 |**************************************** 508
       1.007 |************************************     463
       1.025 |**************************************   481
       1.044 |*************************************    474
       1.063 |**************************************** 510
       1.082 |*************************************    471
       1.102 |************************************     463
       1.122 |************************************     462
       1.142 |**********************************       439
       1.163 |**********************************       437
       1.184 |********************************         408
       1.205 |**********************************       430
       1.227 |********************************         411
       1.250 |*************************                325
       1.272 |************************                 304
       1.295 |**************************               329
       1.319 |***********************                  297
       1.343 |***********************                  293
       1.367 |********************                     257
       1.392 |*******************                      239
       1.417 |******************                       232
       1.443 |****************                         198
       1.469 |**************                           177
       1.496 |***************                          185
       1.523 |*************                            164
       1.551 |************                             153
       1.579 |*************                            164
       1.608 |***********                              142
       1.637 |***********                              137
       1.667 |**********                               132
       1.697 |*********                                119
       1.728 |********                                 102
       1.759 |********                                 106
       1.791 |*******                                  92
       1.824 |*******                                  85
       1.857 |*******                                  85
       1.891 |*******                                  83
       1.925 |*****                                    63
       1.960 |******                                   71
       1.996 |*****                                    58
       2.032 |****                                     45
       2.069 |***                                      40
       2.106 |****                                     48
       2.145 |****                                     46
       2.184 |****                                     51
       2.223 |****                                     48
       2.264 |****                                     46
       2.305 |***                                      36
       2.347 |**                                       27
       2.389 |***                                      43
       2.433 |***                                      39
       2.477 |***                                      39
       2.522 |**                                       24
       2.568 |**                                       31
       2.615 |***                                      33
       2.662 |**                                       26
       2.710 |**                                       27
       2.760 |**                                       29
       2.810 |***                                      37
       2.861 |**                                       24
       2.913 |*                                        18
       2.966 |**                                       27
       3.020 |**                                       23
       3.075 |*                                        15
       3.130 |**                                       25
       3.187 |*                                        18
       3.245 |**                                       20
       3.304 |**                                       20
       3.364 |*                                        12
       3.425 |*                                        18
       3.488 |**                                       22
       3.551 |**                                       25
       3.615 |*                                        19
       3.681 |**                                       21
       3.748 |**                                       22
       3.816 |**                                       25
       3.885 |*                                        12
       3.956 |**                                       22
       4.028 |*                                        18
       4.101 |*                                        15
       4.176 |*                                        18
       4.252 |*                                        13
       4.329 |*                                        16
       4.407 |*                                        14
       4.487 |*                                        12
       4.569 |*                                        10
       4.652 |*                                        10
       4.737 |*                                        9
       4.823 |*                                        10
       4.910 |*                                        9
       4.999 |                                         6
       5.090 |*                                        12
       5.183 |                                         3
       5.277 |*                                        7
       5.373 |                                         5
       5.470 |                                         3
       5.570 |                                         4
       5.671 |                                         4
       5.774 |                                         1
       5.879 |                                         3
       5.986 |                                         4
       6.095 |                                         4
       6.205 |                                         3
       6.318 |                                         3
       6.433 |                                         3
       6.669 |                                         5
       6.790 |                                         2
       6.913 |                                         1
       7.039 |                                         1
       7.167 |                                         4
       7.430 |                                         1
       7.565 |                                         2
       7.702 |                                         1
       7.842 |                                         1
       7.985 |                                         2
       8.130 |                                         1
       8.277 |                                         1
       8.428 |                                         2
       8.895 |                                         2
       9.389 |                                         1
       9.910 |                                         2
      11.041 |                                         1
      11.446 |                                         1
      11.654 |                                         1
      12.081 |                                         1
 
SQL statistics:
    queries performed:
        read:                            0
        write:                           19919
        other:                           0
        total:                           19919
    transactions:                        19919  (995.01 per sec.)
    queries:                             19919  (995.01 per sec.)
    ignored errors:                      0      (0.00 per sec.)
    reconnects:                          0      (0.00 per sec.)

General statistics:
    total time:                          20.0186s
    total number of events:              19919

Latency (ms):
         min:                                    0.55
         avg:                                    1.23
         max:                                   11.98
         95th percentile:                        2.30
         sum:                                24407.15

Threads fairness:
    events (avg/stddev):           622.4688/5.09
    execution time (avg/stddev):   0.7627/0.02




sysbench 1.0.20 (using system LuaJIT 2.1.0-beta3)

Running the test with following options:
Number of threads: 32
Target transaction rate: 1000/sec
Initializing random number generator from current time


Initializing worker threads...

Threads started!

Latency histogram (values are in milliseconds)
       value  ------------- distribution ------------- count
       0.576 |                                         3
       0.587 |*                                        8
       0.597 |*                                        11
       0.608 |**                                       27
       0.619 |****                                     47
       0.630 |***                                      40
       0.642 |****                                     51
       0.654 |******                                   72
       0.665 |*******                                  94
       0.677 |********                                 107
       0.690 |*********                                114
       0.702 |**********                               127
       0.715 |***********                              138
       0.728 |**************                           187
       0.741 |**********************                   284
       0.755 |***********************                  295
       0.768 |************************                 315
       0.782 |**************************               342
       0.797 |*******************************          399
       0.811 |***********************************      454
       0.826 |**********************************       449
       0.841 |***********************************      454
       0.856 |***********************************      455
       0.872 |*********************************        437
       0.888 |***************************************  507
       0.904 |*************************************    484
       0.920 |***************************************  506
       0.937 |************************************     464
       0.954 |***********************************      463
       0.971 |*************************************    488
       0.989 |*************************************    479
       1.007 |**************************************   498
       1.025 |**************************************** 522
       1.044 |*************************************    486
       1.063 |***************************************  508
       1.082 |**************************************** 521
       1.102 |**************************************** 517
       1.122 |**************************************   501
       1.142 |************************************     471
       1.163 |*************************************    485
       1.184 |**********************************       443
       1.205 |***********************************      451
       1.227 |*************************************    482
       1.250 |*****************************            381
       1.272 |******************************           392
       1.295 |***************************              347
       1.319 |*************************                328
       1.343 |********************                     267
       1.367 |**********************                   283
       1.392 |*******************                      243
       1.417 |*******************                      242
       1.443 |********************                     263
       1.469 |****************                         204
       1.496 |*************                            171
       1.523 |************                             159
       1.551 |*************                            166
       1.579 |***********                              140
       1.608 |**********                               136
       1.637 |**********                               128
       1.667 |*********                                113
       1.697 |*******                                  88
       1.728 |*******                                  94
       1.759 |******                                   80
       1.791 |******                                   78
       1.824 |*****                                    69
       1.857 |****                                     58
       1.891 |****                                     53
       1.925 |****                                     54
       1.960 |*****                                    60
       1.996 |****                                     56
       2.032 |***                                      44
       2.069 |***                                      45
       2.106 |***                                      43
       2.145 |****                                     47
       2.184 |***                                      39
       2.223 |***                                      33
       2.264 |**                                       31
       2.305 |***                                      37
       2.347 |**                                       28
       2.389 |**                                       20
       2.433 |**                                       28
       2.477 |**                                       31
       2.522 |*                                        18
       2.568 |*                                        16
       2.615 |**                                       20
       2.662 |**                                       27
       2.710 |**                                       22
       2.760 |**                                       23
       2.810 |*                                        18
       2.861 |*                                        18
       2.913 |**                                       23
       2.966 |*                                        17
       3.020 |*                                        12
       3.075 |*                                        13
       3.130 |*                                        12
       3.187 |*                                        16
       3.245 |**                                       21
       3.304 |*                                        13
       3.364 |*                                        13
       3.425 |**                                       25
       3.488 |*                                        16
       3.551 |*                                        11
       3.615 |*                                        11
       3.681 |**                                       20
       3.748 |*                                        13
       3.816 |**                                       27
       3.885 |*                                        17
       3.956 |*                                        12
       4.028 |*                                        14
       4.101 |**                                       26
       4.176 |*                                        14
       4.252 |*                                        11
       4.329 |*                                        13
       4.407 |*                                        8
       4.487 |*                                        16
       4.569 |*                                        9
       4.652 |                                         6
       4.737 |*                                        8
       4.823 |*                                        8
       4.910 |*                                        11
       4.999 |                                         6
       5.090 |                                         2
       5.183 |                                         6
       5.277 |                                         3
       5.373 |                                         2
       5.470 |                                         5
       5.570 |                                         4
       5.671 |                                         2
       5.774 |                                         1
       5.879 |                                         2
       5.986 |                                         4
       6.095 |                                         5
       6.205 |                                         2
       6.318 |                                         4
       6.433 |                                         3
       6.550 |                                         3
       6.790 |                                         2
       6.913 |                                         4
       7.039 |                                         1
       7.430 |                                         1
       7.565 |                                         3
       7.985 |                                         2
       8.130 |                                         2
       8.277 |                                         2
       8.581 |                                         1
       8.737 |                                         1
       8.895 |                                         1
       9.560 |                                         2
      10.090 |                                         1
 
SQL statistics:
    queries performed:
        read:                            0
        write:                           19940
        other:                           0
        total:                           19940
    transactions:                        19940  (996.14 per sec.)
    queries:                             19940  (996.14 per sec.)
    ignored errors:                      0      (0.00 per sec.)
    reconnects:                          0      (0.00 per sec.)

General statistics:
    total time:                          20.0169s
    total number of events:              19940

Latency (ms):
         min:                                    0.58
         avg:                                    1.20
         max:                                   10.04
         95th percentile:                        2.11
         sum:                                23885.70

Threads fairness:
    events (avg/stddev):           623.1250/5.74
    execution time (avg/stddev):   0.7464/0.02




sysbench 1.0.20 (using system LuaJIT 2.1.0-beta3)

Running the test with following options:
Number of threads: 32
Target transaction rate: 1000/sec
Initializing random number generator from current time


Initializing worker threads...

Threads started!

Latency histogram (values are in milliseconds)
       value  ------------- distribution ------------- count
       0.576 |                                         1
       0.587 |                                         5
       0.597 |                                         3
       0.608 |*                                        13
       0.619 |**                                       33
       0.630 |***                                      41
       0.642 |******                                   78
       0.654 |*****                                    67
       0.665 |******                                   85
       0.677 |******                                   91
       0.690 |********                                 108
       0.702 |*********                                121
       0.715 |***********                              149
       0.728 |************                             170
       0.741 |***************                          212
       0.755 |******************                       256
       0.768 |*******************                      273
       0.782 |***********************                  329
       0.797 |*************************                353
       0.811 |****************************             388
       0.826 |****************************             399
       0.841 |*****************************            414
       0.856 |*******************************          439
       0.872 |*********************************        457
       0.888 |********************************         449
       0.904 |*********************************        461
       0.920 |***********************************      496
       0.937 |************************************     506
       0.954 |***********************************      487
       0.971 |*********************************        463
       0.989 |********************************         446
       1.007 |************************************     499
       1.025 |**********************************       477
       1.044 |**************************************   533
       1.063 |***************************************  546
       1.082 |**************************************   528
       1.102 |**************************************** 562
       1.122 |***********************************      494
       1.142 |*********************************        461
       1.163 |*********************************        459
       1.184 |*********************************        470
       1.205 |******************************           422
       1.227 |******************************           426
       1.250 |*****************************            406
       1.272 |****************************             397
       1.295 |***************************              382
       1.319 |***********************                  330
       1.343 |**********************                   316
       1.367 |**********************                   308
       1.392 |*********************                    290
       1.417 |*******************                      264
       1.443 |****************                         231
       1.469 |***************                          206
       1.496 |***************                          211
       1.523 |*************                            176
       1.551 |************                             174
       1.579 |*************                            178
       1.608 |***********                              156
       1.637 |*********                                128
       1.667 |*********                                130
       1.697 |********                                 111
       1.728 |*******                                  96
       1.759 |******                                   81
       1.791 |******                                   88
       1.824 |******                                   82
       1.857 |******                                   80
       1.891 |****                                     63
       1.925 |*****                                    67
       1.960 |*****                                    65
       1.996 |****                                     54
       2.032 |***                                      38
       2.069 |***                                      43
       2.106 |****                                     52
       2.145 |***                                      37
       2.184 |***                                      42
       2.223 |**                                       34
       2.264 |**                                       28
       2.305 |**                                       27
       2.347 |**                                       22
       2.389 |**                                       24
       2.433 |*                                        20
       2.477 |**                                       27
       2.522 |*                                        19
       2.568 |*                                        15
       2.615 |**                                       23
       2.662 |*                                        14
       2.710 |*                                        18
       2.760 |*                                        11
       2.810 |*                                        11
       2.861 |*                                        9
       2.913 |*                                        11
       2.966 |*                                        14
       3.020 |*                                        14
       3.075 |*                                        21
       3.130 |                                         7
       3.187 |**                                       22
       3.245 |**                                       23
       3.304 |*                                        15
       3.364 |*                                        15
       3.425 |*                                        14
       3.488 |**                                       22
       3.551 |**                                       22
       3.615 |*                                        20
       3.681 |*                                        9
       3.748 |*                                        14
       3.816 |*                                        13
       3.885 |*                                        16
       3.956 |*                                        17
       4.028 |*                                        12
       4.101 |*                                        8
       4.176 |*                                        12
       4.252 |*                                        10
       4.329 |*                                        9
       4.407 |                                         4
       4.487 |*                                        8
       4.569 |*                                        10
       4.652 |*                                        9
       4.737 |                                         6
       4.823 |                                         4
       4.910 |                                         6
       4.999 |                                         3
       5.090 |                                         7
       5.183 |                                         1
       5.277 |                                         5
       5.373 |                                         3
       5.470 |                                         2
       5.570 |                                         5
       5.671 |                                         3
       5.774 |                                         3
       5.879 |                                         2
       5.986 |                                         1
       6.095 |                                         3
       6.205 |                                         2
       6.318 |                                         4
       6.433 |                                         3
       6.669 |                                         2
       6.790 |                                         1
       6.913 |                                         3
       7.039 |                                         2
       7.167 |                                         2
       7.565 |                                         1
       8.130 |                                         1
       8.737 |                                         2
       8.895 |                                         1
       9.560 |                                         1
       9.734 |                                         1
       9.910 |                                         1
 
SQL statistics:
    queries performed:
        read:                            0
        write:                           19706
        other:                           0
        total:                           19706
    transactions:                        19706  (984.33 per sec.)
    queries:                             19706  (984.33 per sec.)
    ignored errors:                      0      (0.00 per sec.)
    reconnects:                          0      (0.00 per sec.)

General statistics:
    total time:                          20.0192s
    total number of events:              19706

Latency (ms):
         min:                                    0.58
         avg:                                    1.20
         max:                                    9.97
         95th percentile:                        2.00
         sum:                                23612.54

Threads fairness:
    events (avg/stddev):           615.8125/4.03
    execution time (avg/stddev):   0.7379/0.01




sysbench 1.0.20 (using system LuaJIT 2.1.0-beta3)

Running the test with following options:
Number of threads: 32
Target transaction rate: 1000/sec
Initializing random number generator from current time


Initializing worker threads...

Threads started!

Latency histogram (values are in milliseconds)
       value  ------------- distribution ------------- count
       0.546 |                                         1
       0.566 |                                         2
       0.576 |                                         4
       0.587 |*                                        10
       0.597 |*                                        18
       0.608 |*                                        21
       0.619 |***                                      47
       0.630 |****                                     55
       0.642 |*******                                  98
       0.654 |*******                                  111
       0.665 |********                                 126
       0.677 |**********                               148
       0.690 |**********                               154
       0.702 |************                             184
       0.715 |**************                           213
       0.728 |*******************                      289
       0.741 |*******************                      283
       0.755 |**********************                   335
       0.768 |*************************                380
       0.782 |****************************             423
       0.797 |******************************           444
       0.811 |*********************************        490
       0.826 |**********************************       512
       0.841 |*************************************    555
       0.856 |**************************************   560
       0.872 |**************************************   566
       0.888 |*************************************    554
       0.904 |*************************************    556
       0.920 |***************************************  586
       0.937 |**************************************** 591
       0.954 |***************************************  586
       0.971 |**************************************** 597
       0.989 |***************************************  576
       1.007 |********************************         475
       1.025 |***************************************  577
       1.044 |**********************************       505
       1.063 |********************************         480
       1.082 |**********************************       500
       1.102 |*********************************        493
       1.122 |****************************             411
       1.142 |*****************************            437
       1.163 |***************************              396
       1.184 |*************************                378
       1.205 |************************                 356
       1.227 |***********************                  344
       1.250 |********************                     298
       1.272 |*********************                    308
       1.295 |******************                       267
       1.319 |****************                         232
       1.343 |***************                          225
       1.367 |**************                           213
       1.392 |*************                            193
       1.417 |***********                              170
       1.443 |************                             177
       1.469 |***********                              160
       1.496 |*******                                  102
       1.523 |*********                                128
       1.551 |*********                                128
       1.579 |******                                   88
       1.608 |*******                                  98
       1.637 |******                                   85
       1.667 |******                                   92
       1.697 |*****                                    80
       1.728 |*****                                    74
       1.759 |****                                     64
       1.791 |***                                      49
       1.824 |***                                      48
       1.857 |***                                      52
       1.891 |**                                       32
       1.925 |**                                       34
       1.960 |**                                       34
       1.996 |**                                       31
       2.032 |**                                       35
       2.069 |**                                       25
       2.106 |**                                       24
       2.145 |**                                       29
       2.184 |**                                       27
       2.223 |**                                       23
       2.264 |**                                       23
       2.305 |*                                        18
       2.347 |*                                        18
       2.389 |*                                        20
       2.433 |*                                        14
       2.477 |*                                        15
       2.522 |*                                        18
       2.568 |                                         6
       2.615 |*                                        15
       2.662 |*                                        11
       2.710 |*                                        21
       2.760 |*                                        9
       2.810 |*                                        14
       2.861 |*                                        16
       2.913 |                                         7
       2.966 |*                                        10
       3.020 |*                                        20
       3.075 |*                                        8
       3.130 |*                                        12
       3.187 |**                                       23
       3.245 |*                                        16
       3.304 |*                                        9
       3.364 |*                                        16
       3.425 |**                                       26
       3.488 |*                                        16
       3.551 |*                                        15
       3.615 |*                                        13
       3.681 |*                                        19
       3.748 |*                                        19
       3.816 |*                                        20
       3.885 |*                                        15
       3.956 |*                                        11
       4.028 |*                                        14
       4.101 |*                                        20
       4.176 |*                                        12
       4.252 |                                         6
       4.329 |*                                        10
       4.407 |                                         6
       4.487 |                                         3
       4.569 |*                                        8
       4.652 |*                                        9
       4.737 |*                                        9
       4.823 |                                         3
       4.910 |                                         2
       4.999 |                                         1
       5.090 |                                         6
       5.183 |                                         6
       5.277 |                                         3
       5.373 |                                         5
       5.470 |                                         5
       5.570 |                                         2
       5.671 |                                         1
       5.774 |                                         3
       5.879 |                                         4
       5.986 |                                         2
       6.095 |                                         3
       6.205 |                                         2
       6.318 |                                         3
       6.550 |                                         1
       6.669 |                                         4
       6.790 |                                         2
       6.913 |                                         3
       7.039 |                                         2
       7.167 |                                         3
       7.297 |                                         2
       7.842 |                                         1
       7.985 |                                         3
       8.277 |                                         1
       8.581 |                                         2
       8.737 |                                         1
       9.057 |                                         1
       9.389 |                                         2
       9.560 |                                         1
       9.734 |                                         1
 
SQL statistics:
    queries performed:
        read:                            0
        write:                           19723
        other:                           0
        total:                           19723
    transactions:                        19723  (985.26 per sec.)
    queries:                             19723  (985.26 per sec.)
    ignored errors:                      0      (0.00 per sec.)
    reconnects:                          0      (0.00 per sec.)

General statistics:
    total time:                          20.0176s
    total number of events:              19723

Latency (ms):
         min:                                    0.55
         avg:                                    1.13
         max:                                    9.74
         95th percentile:                        1.86
         sum:                                22238.93

Threads fairness:
    events (avg/stddev):           616.3438/4.85
    execution time (avg/stddev):   0.6950/0.01




sysbench 1.0.20 (using system LuaJIT 2.1.0-beta3)

Running the test with following options:
Number of threads: 32
Target transaction rate: 1000/sec
Initializing random number generator from current time


Initializing worker threads...

Threads started!

Latency histogram (values are in milliseconds)
       value  ------------- distribution ------------- count
       0.566 |                                         1
       0.576 |                                         5
       0.587 |                                         6
       0.597 |*                                        13
       0.608 |*                                        23
       0.619 |**                                       33
       0.630 |***                                      48
       0.642 |*****                                    82
       0.654 |******                                   105
       0.665 |******                                   106
       0.677 |*******                                  122
       0.690 |********                                 129
       0.702 |***********                              188
       0.715 |************                             192
       0.728 |**************                           232
       0.741 |****************                         263
       0.755 |********************                     327
       0.768 |************************                 405
       0.782 |**************************               425
       0.797 |***************************              445
       0.811 |********************************         531
       0.826 |*******************************          522
       0.841 |***********************************      587
       0.856 |**************************************   628
       0.872 |**************************************   622
       0.888 |**************************************   634
       0.904 |**************************************** 663
       0.920 |**************************************** 657
       0.937 |***************************************  654
       0.954 |***************************************  653
       0.971 |**************************************   628
       0.989 |***********************************      580
       1.007 |***********************************      586
       1.025 |***********************************      576
       1.044 |*********************************        553
       1.063 |******************************           501
       1.082 |******************************           495
       1.102 |***************************              448
       1.122 |*************************                407
       1.142 |**************************               426
       1.163 |*********************                    340
       1.184 |**********************                   357
       1.205 |*******************                      315
       1.227 |*******************                      313
       1.250 |****************                         273
       1.272 |*****************                        275
       1.295 |****************                         258
       1.319 |************                             199
       1.343 |*************                            209
       1.367 |*************                            208
       1.392 |*********                                144
       1.417 |***********                              176
       1.443 |*********                                144
       1.469 |********                                 138
       1.496 |*******                                  124
       1.523 |******                                   106
       1.551 |******                                   103
       1.579 |*****                                    82
       1.608 |*****                                    88
       1.637 |******                                   95
       1.667 |****                                     59
       1.697 |***                                      52
       1.728 |*****                                    75
       1.759 |***                                      50
       1.791 |***                                      47
       1.824 |***                                      43
       1.857 |**                                       34
       1.891 |***                                      46
       1.925 |**                                       31
       1.960 |**                                       35
       1.996 |**                                       29
       2.032 |**                                       37
       2.069 |**                                       30
       2.106 |*                                        24
       2.145 |**                                       30
       2.184 |*                                        23
       2.223 |**                                       26
       2.264 |**                                       34
       2.305 |**                                       25
       2.347 |*                                        12
       2.389 |**                                       25
       2.433 |**                                       25
       2.477 |*                                        16
       2.522 |*                                        14
       2.568 |*                                        19
       2.615 |*                                        15
       2.662 |*                                        18
       2.710 |*                                        12
       2.760 |*                                        13
       2.810 |*                                        24
       2.861 |*                                        13
       2.913 |*                                        11
       2.966 |*                                        16
       3.020 |*                                        15
       3.075 |*                                        18
       3.130 |*                                        16
       3.187 |*                                        15
       3.245 |*                                        16
       3.304 |*                                        18
       3.364 |*                                        13
       3.425 |*                                        19
       3.488 |*                                        17
       3.551 |*                                        18
       3.615 |*                                        21
       3.681 |*                                        19
       3.748 |**                                       31
       3.816 |*                                        20
       3.885 |*                                        24
       3.956 |*                                        23
       4.028 |*                                        11
       4.101 |*                                        13
       4.176 |*                                        13
       4.252 |*                                        14
       4.329 |*                                        11
       4.407 |*                                        9
       4.487 |                                         8
       4.569 |*                                        10
       4.652 |*                                        13
       4.737 |*                                        10
       4.823 |                                         6
       4.910 |                                         2
       4.999 |                                         3
       5.090 |*                                        10
       5.183 |                                         5
       5.277 |*                                        9
       5.373 |                                         4
       5.470 |                                         7
       5.570 |                                         5
       5.671 |                                         4
       5.774 |                                         7
       5.879 |                                         3
       5.986 |                                         2
       6.095 |                                         3
       6.205 |                                         3
       6.318 |                                         3
       6.433 |                                         3
       6.550 |                                         2
       6.669 |                                         5
       6.790 |                                         2
       6.913 |                                         3
       7.039 |                                         4
       7.167 |                                         2
       7.297 |                                         3
       7.430 |                                         2
       7.565 |                                         1
       7.702 |                                         5
       7.842 |                                         2
       7.985 |                                         1
       8.130 |                                         5
       8.277 |                                         2
       8.428 |                                         1
       8.581 |                                         2
       8.737 |                                         5
       8.895 |                                         2
       9.057 |                                         1
       9.222 |                                         2
       9.389 |                                         3
       9.560 |                                         4
       9.734 |                                         6
       9.910 |                                         4
      10.090 |                                         4
      10.274 |                                         2
      10.460 |                                         2
      10.651 |                                         3
      10.844 |                                         2
      11.041 |                                         1
      11.242 |                                         1
      11.446 |                                         1
      12.984 |                                         2
      13.219 |                                         1
      14.465 |                                         1
      16.408 |                                         1
      16.706 |                                         1
      17.633 |                                         1
      17.954 |                                         1
      18.612 |                                         1
      21.112 |                                         1
      21.886 |                                         2
      23.948 |                                         1
 
SQL statistics:
    queries performed:
        read:                            0
        write:                           20003
        other:                           0
        total:                           20003
    transactions:                        20003  (999.28 per sec.)
    queries:                             20003  (999.28 per sec.)
    ignored errors:                      0      (0.00 per sec.)
    reconnects:                          0      (0.00 per sec.)

General statistics:
    total time:                          20.0170s
    total number of events:              20003

Latency (ms):
         min:                                    0.57
         avg:                                    1.17
         max:                                   23.74
         95th percentile:                        2.07
         sum:                                23390.87

Threads fairness:
    events (avg/stddev):           625.0938/5.13
    execution time (avg/stddev):   0.7310/0.02




sysbench 1.0.20 (using system LuaJIT 2.1.0-beta3)

Running the test with following options:
Number of threads: 32
Target transaction rate: 1000/sec
Initializing random number generator from current time


Initializing worker threads...

Threads started!

Latency histogram (values are in milliseconds)
       value  ------------- distribution ------------- count
       0.556 |                                         1
       0.576 |                                         1
       0.587 |                                         4
       0.597 |*                                        10
       0.608 |*                                        18
       0.619 |*                                        24
       0.630 |****                                     62
       0.642 |****                                     73
       0.654 |******                                   100
       0.665 |******                                   111
       0.677 |********                                 145
       0.690 |********                                 145
       0.702 |*********                                161
       0.715 |*************                            224
       0.728 |**************                           236
       0.741 |*****************                        302
       0.755 |********************                     356
       0.768 |************************                 422
       0.782 |*****************************            510
       0.797 |*******************************          546
       0.811 |********************************         560
       0.826 |**************************************   663
       0.841 |***************************************  675
       0.856 |**************************************   656
       0.872 |**************************************** 698
       0.888 |**************************************** 691
       0.904 |*************************************    650
       0.920 |**************************************   665
       0.937 |************************************     627
       0.954 |************************************     633
       0.971 |************************************     626
       0.989 |**********************************       588
       1.007 |******************************           525
       1.025 |*******************************          538
       1.044 |****************************             483
       1.063 |****************************             492
       1.082 |***************************              470
       1.102 |**************************               461
       1.122 |***********************                  400
       1.142 |**********************                   384
       1.163 |*********************                    371
       1.184 |********************                     346
       1.205 |*******************                      323
       1.227 |*****************                        300
       1.250 |***************                          269
       1.272 |**************                           244
       1.295 |*************                            228
       1.319 |**********                               181
       1.343 |**********                               177
       1.367 |**********                               174
       1.392 |**********                               177
       1.417 |********                                 135
       1.443 |********                                 139
       1.469 |*******                                  116
       1.496 |*******                                  130
       1.523 |******                                   97
       1.551 |******                                   97
       1.579 |****                                     74
       1.608 |*****                                    83
       1.637 |***                                      60
       1.667 |****                                     71
       1.697 |***                                      55
       1.728 |**                                       39
       1.759 |***                                      58
       1.791 |**                                       39
       1.824 |***                                      44
       1.857 |**                                       40
       1.891 |**                                       32
       1.925 |*                                        26
       1.960 |*                                        23
       1.996 |*                                        19
       2.032 |*                                        19
       2.069 |*                                        24
       2.106 |*                                        21
       2.145 |*                                        17
       2.184 |*                                        22
       2.223 |*                                        15
       2.264 |*                                        17
       2.305 |*                                        16
       2.347 |*                                        13
       2.389 |*                                        9
       2.433 |*                                        16
       2.477 |*                                        9
       2.522 |*                                        13
       2.568 |*                                        10
       2.615 |*                                        14
       2.662 |                                         7
       2.710 |*                                        11
       2.760 |*                                        13
       2.810 |                                         8
       2.861 |*                                        11
       2.913 |*                                        9
       2.966 |*                                        17
       3.020 |*                                        11
       3.075 |*                                        15
       3.130 |*                                        16
       3.187 |*                                        16
       3.245 |*                                        12
       3.304 |*                                        14
       3.364 |*                                        14
       3.425 |*                                        12
       3.488 |*                                        16
       3.551 |*                                        21
       3.615 |*                                        13
       3.681 |*                                        20
       3.748 |*                                        23
       3.816 |*                                        20
       3.885 |*                                        16
       3.956 |*                                        12
       4.028 |*                                        12
       4.101 |*                                        10
       4.176 |*                                        18
       4.252 |*                                        9
       4.329 |*                                        9
       4.407 |                                         8
       4.487 |                                         7
       4.569 |*                                        12
       4.652 |                                         6
       4.737 |*                                        9
       4.823 |                                         7
       4.910 |                                         3
       4.999 |                                         1
       5.090 |                                         2
       5.183 |                                         2
       5.277 |                                         7
       5.373 |                                         3
       5.470 |                                         5
       5.570 |                                         3
       5.671 |                                         6
       5.774 |                                         3
       5.879 |                                         1
       5.986 |                                         2
       6.095 |                                         2
       6.205 |                                         3
       6.318 |                                         2
       6.433 |                                         1
       6.550 |                                         2
       6.669 |                                         1
       6.790 |                                         2
       6.913 |                                         1
       7.297 |                                         2
       7.565 |                                         2
       7.702 |                                         3
       7.985 |                                         2
       8.130 |                                         1
       8.277 |                                         6
       8.428 |                                         1
       8.581 |                                         5
       8.737 |                                         5
       8.895 |                                         2
       9.057 |                                         1
       9.222 |                                         2
       9.389 |                                         5
       9.560 |                                         2
       9.734 |                                         2
      10.274 |                                         1
      10.460 |                                         5
      11.242 |                                         1
      11.866 |                                         1
      12.301 |                                         1
      13.219 |                                         1
      13.460 |                                         1
      15.828 |                                         1
      16.115 |                                         1
      16.706 |                                         1
      17.319 |                                         1
      17.954 |                                         1
      18.280 |                                         1
      19.295 |                                         1
      21.112 |                                         1
      22.689 |                                         1
      23.101 |                                         1
      24.384 |                                         1
      24.827 |                                         1
      27.659 |                                         1
      28.673 |                                         1
      29.725 |                                         1
      30.265 |                                         1
      30.815 |                                         1
      31.375 |                                         2
      32.525 |                                         1
 
SQL statistics:
    queries performed:
        read:                            0
        write:                           19896
        other:                           0
        total:                           19896
    transactions:                        19896  (993.76 per sec.)
    queries:                             19896  (993.76 per sec.)
    ignored errors:                      0      (0.00 per sec.)
    reconnects:                          0      (0.00 per sec.)

General statistics:
    total time:                          20.0206s
    total number of events:              19896

Latency (ms):
         min:                                    0.56
         avg:                                    1.13
         max:                                   32.79
         95th percentile:                        1.79
         sum:                                22549.34

Threads fairness:
    events (avg/stddev):           621.7500/3.77
    execution time (avg/stddev):   0.7047/0.02




sysbench 1.0.20 (using system LuaJIT 2.1.0-beta3)

Running the test with following options:
Number of threads: 32
Target transaction rate: 1000/sec
Initializing random number generator from current time


Initializing worker threads...

Threads started!

Latency histogram (values are in milliseconds)
       value  ------------- distribution ------------- count
       0.566 |                                         2
       0.576 |                                         1
       0.587 |                                         2
       0.597 |*                                        10
       0.608 |*                                        14
       0.619 |**                                       31
       0.630 |***                                      56
       0.642 |***                                      46
       0.654 |******                                   93
       0.665 |*******                                  116
       0.677 |*******                                  112
       0.690 |********                                 139
       0.702 |********                                 128
       0.715 |**********                               171
       0.728 |*************                            219
       0.741 |**************                           230
       0.755 |********************                     338
       0.768 |************************                 399
       0.782 |*************************                413
       0.797 |*****************************            491
       0.811 |********************************         541
       0.826 |************************************     607
       0.841 |**************************************   643
       0.856 |*************************************    623
       0.872 |***************************************  660
       0.888 |**************************************** 670
       0.904 |***************************************  648
       0.920 |***************************************  646
       0.937 |**************************************** 666
       0.954 |*************************************    627
       0.971 |**************************************   632
       0.989 |**************************************   636
       1.007 |**************************************   635
       1.025 |***********************************      592
       1.044 |*******************************          513
       1.063 |******************************           504
       1.082 |****************************             468
       1.102 |*****************************            481
       1.122 |**************************               443
       1.142 |**************************               428
       1.163 |************************                 395
       1.184 |**********************                   370
       1.205 |*******************                      324
       1.227 |******************                       301
       1.250 |*****************                        286
       1.272 |****************                         267
       1.295 |***************                          257
       1.319 |***************                          245
       1.343 |**************                           231
       1.367 |************                             203
       1.392 |*********                                157
       1.417 |*********                                158
       1.443 |*********                                144
       1.469 |********                                 136
       1.496 |********                                 130
       1.523 |******                                   107
       1.551 |*****                                    89
       1.579 |******                                   100
       1.608 |*****                                    90
       1.637 |****                                     66
       1.667 |****                                     75
       1.697 |****                                     75
       1.728 |***                                      53
       1.759 |***                                      56
       1.791 |***                                      51
       1.824 |***                                      42
       1.857 |***                                      42
       1.891 |**                                       31
       1.925 |**                                       33
       1.960 |**                                       36
       1.996 |**                                       37
       2.032 |*                                        22
       2.069 |**                                       28
       2.106 |*                                        25
       2.145 |*                                        21
       2.184 |*                                        24
       2.223 |**                                       27
       2.264 |**                                       26
       2.305 |*                                        13
       2.347 |*                                        13
       2.389 |*                                        18
       2.433 |*                                        13
       2.477 |*                                        13
       2.522 |*                                        25
       2.568 |*                                        24
       2.615 |*                                        14
       2.662 |*                                        15
       2.710 |*                                        9
       2.760 |*                                        9
       2.810 |*                                        17
       2.861 |*                                        11
       2.913 |*                                        25
       2.966 |*                                        13
       3.020 |*                                        13
       3.075 |*                                        12
       3.130 |*                                        19
       3.187 |*                                        10
       3.245 |*                                        13
       3.304 |*                                        14
       3.364 |*                                        20
       3.425 |*                                        14
       3.488 |*                                        20
       3.551 |**                                       26
       3.615 |*                                        17
       3.681 |*                                        17
       3.748 |*                                        11
       3.816 |*                                        15
       3.885 |*                                        16
       3.956 |*                                        12
       4.028 |*                                        13
       4.101 |*                                        14
       4.176 |*                                        14
       4.252 |*                                        12
       4.329 |*                                        11
       4.407 |*                                        13
       4.487 |                                         8
       4.569 |*                                        17
       4.652 |                                         4
       4.737 |*                                        10
       4.823 |*                                        9
       4.910 |                                         5
       4.999 |*                                        11
       5.090 |                                         6
       5.183 |                                         3
       5.277 |*                                        9
       5.373 |                                         4
       5.470 |                                         7
       5.570 |                                         7
       5.671 |                                         2
       5.774 |                                         4
       5.879 |                                         4
       5.986 |                                         2
       6.095 |                                         6
       6.205 |                                         8
       6.318 |                                         2
       6.550 |                                         3
       6.669 |                                         6
       6.790 |                                         3
       6.913 |                                         1
       7.039 |                                         4
       7.167 |                                         3
       7.297 |                                         4
       7.430 |                                         2
       7.702 |                                         4
       7.842 |                                         3
       7.985 |                                         2
       8.130 |                                         3
       8.277 |                                         1
       8.428 |                                         3
       8.581 |                                         3
       8.737 |                                         2
       8.895 |                                         1
       9.057 |                                         1
       9.389 |                                         1
       9.560 |                                         1
       9.734 |                                         3
       9.910 |                                         2
      10.090 |                                         2
      10.274 |                                         1
      14.465 |                                         1
      16.115 |                                         2
      17.633 |                                         1
      17.954 |                                         2
      18.950 |                                         1
      19.645 |                                         1
      20.002 |                                         1
      20.366 |                                         1
      21.496 |                                         2
      22.284 |                                         1
      23.948 |                                         1
      24.827 |                                         1
      25.278 |                                         1
      26.681 |                                         1
      27.659 |                                         1
 
SQL statistics:
    queries performed:
        read:                            0
        write:                           20197
        other:                           0
        total:                           20197
    transactions:                        20197  (1008.93 per sec.)
    queries:                             20197  (1008.93 per sec.)
    ignored errors:                      0      (0.00 per sec.)
    reconnects:                          0      (0.00 per sec.)

General statistics:
    total time:                          20.0179s
    total number of events:              20197

Latency (ms):
         min:                                    0.56
         avg:                                    1.16
         max:                                   27.62
         95th percentile:                        1.93
         sum:                                23380.71

Threads fairness:
    events (avg/stddev):           631.1562/4.14
    execution time (avg/stddev):   0.7306/0.02




sysbench 1.0.20 (using system LuaJIT 2.1.0-beta3)

Running the test with following options:
Number of threads: 32
Target transaction rate: 1000/sec
Initializing random number generator from current time


Initializing worker threads...

Threads started!

Latency histogram (values are in milliseconds)
       value  ------------- distribution ------------- count
       0.556 |                                         2
       0.566 |                                         2
       0.576 |                                         7
       0.587 |                                         7
       0.597 |*                                        21
       0.608 |**                                       28
       0.619 |***                                      50
       0.630 |*****                                    83
       0.642 |******                                   108
       0.654 |*******                                  132
       0.665 |********                                 142
       0.677 |*********                                153
       0.690 |**********                               180
       0.702 |************                             221
       0.715 |****************                         277
       0.728 |*******************                      329
       0.741 |***********************                  404
       0.755 |************************                 434
       0.768 |******************************           526
       0.782 |*********************************        585
       0.797 |*******************************          559
       0.811 |**************************************   670
       0.826 |**************************************** 710
       0.841 |************************************     639
       0.856 |**************************************   681
       0.872 |***************************************  698
       0.888 |************************************     647
       0.904 |**************************************** 707
       0.920 |**************************************   680
       0.937 |**************************************** 707
       0.954 |*************************************    661
       0.971 |*************************************    648
       0.989 |*********************************        583
       1.007 |******************************           528
       1.025 |***************************              482
       1.044 |**************************               456
       1.063 |**************************               462
       1.082 |*************************                435
       1.102 |**********************                   391
       1.122 |*********************                    371
       1.142 |*********************                    374
       1.163 |****************                         292
       1.184 |****************                         281
       1.205 |****************                         278
       1.227 |**************                           256
       1.250 |*************                            237
       1.272 |*************                            225
       1.295 |***********                              192
       1.319 |**********                               185
       1.343 |*********                                153
       1.367 |********                                 140
       1.392 |*******                                  133
       1.417 |******                                   114
       1.443 |******                                   98
       1.469 |******                                   105
       1.496 |*****                                    94
       1.523 |****                                     66
       1.551 |****                                     72
       1.579 |***                                      62
       1.608 |****                                     78
       1.637 |**                                       44
       1.667 |***                                      51
       1.697 |***                                      53
       1.728 |**                                       40
       1.759 |***                                      52
       1.791 |**                                       42
       1.824 |**                                       34
       1.857 |**                                       41
       1.891 |**                                       35
       1.925 |**                                       34
       1.960 |*                                        23
       1.996 |*                                        24
       2.032 |*                                        22
       2.069 |**                                       30
       2.106 |*                                        18
       2.145 |*                                        19
       2.184 |*                                        21
       2.223 |**                                       28
       2.264 |*                                        18
       2.305 |*                                        16
       2.347 |*                                        17
       2.389 |*                                        13
       2.433 |*                                        14
       2.477 |*                                        16
       2.522 |*                                        21
       2.568 |*                                        23
       2.615 |*                                        16
       2.662 |*                                        12
       2.710 |*                                        24
       2.760 |*                                        17
       2.810 |                                         8
       2.861 |*                                        15
       2.913 |*                                        16
       2.966 |*                                        20
       3.020 |*                                        23
       3.075 |*                                        23
       3.130 |*                                        19
       3.187 |*                                        11
       3.245 |*                                        20
       3.304 |*                                        18
       3.364 |**                                       28
       3.425 |*                                        17
       3.488 |*                                        16
       3.551 |*                                        22
       3.615 |*                                        17
       3.681 |*                                        17
       3.748 |*                                        20
       3.816 |*                                        17
       3.885 |*                                        18
       3.956 |*                                        21
       4.028 |*                                        15
       4.101 |*                                        21
       4.176 |*                                        13
       4.252 |*                                        13
       4.329 |*                                        12
       4.407 |                                         8
       4.487 |*                                        12
       4.569 |                                         7
       4.652 |                                         6
       4.737 |*                                        9
       4.823 |                                         5
       4.910 |                                         7
       4.999 |*                                        10
       5.090 |                                         7
       5.183 |                                         6
       5.277 |                                         7
       5.373 |                                         3
       5.470 |                                         3
       5.570 |                                         7
       5.671 |                                         2
       5.774 |                                         3
       5.879 |                                         2
       5.986 |                                         1
       6.095 |                                         5
       6.205 |                                         4
       6.318 |                                         3
       6.433 |                                         2
       6.550 |                                         3
       6.669 |                                         2
       6.790 |                                         2
       6.913 |                                         2
       7.167 |                                         4
       7.297 |                                         4
       7.430 |                                         2
       7.565 |                                         3
       7.702 |                                         3
       7.842 |                                         5
       8.277 |                                         1
       8.428 |                                         3
       8.581 |                                         4
       8.737 |                                         3
       8.895 |                                         1
       9.057 |                                         1
       9.560 |                                         1
       9.910 |                                         2
      10.090 |                                         2
      10.651 |                                         1
      10.844 |                                         1
      11.654 |                                         2
      12.984 |                                         1
      13.704 |                                         1
      13.953 |                                         2
      14.465 |                                         2
      14.995 |                                         1
      15.828 |                                         1
      16.115 |                                         1
      17.010 |                                         1
      18.950 |                                         1
      19.295 |                                         1
      20.366 |                                         1
      21.496 |                                         1
      23.521 |                                         1
 
SQL statistics:
    queries performed:
        read:                            0
        write:                           20285
        other:                           0
        total:                           20285
    transactions:                        20285  (1013.43 per sec.)
    queries:                             20285  (1013.43 per sec.)
    ignored errors:                      0      (0.00 per sec.)
    reconnects:                          0      (0.00 per sec.)

General statistics:
    total time:                          20.0158s
    total number of events:              20285

Latency (ms):
         min:                                    0.56
         avg:                                    1.11
         max:                                   23.36
         95th percentile:                        1.96
         sum:                                22558.90

Threads fairness:
    events (avg/stddev):           633.9062/5.42
    execution time (avg/stddev):   0.7050/0.02




sysbench 1.0.20 (using system LuaJIT 2.1.0-beta3)

Running the test with following options:
Number of threads: 32
Target transaction rate: 1000/sec
Initializing random number generator from current time


Initializing worker threads...

Threads started!

Latency histogram (values are in milliseconds)
       value  ------------- distribution ------------- count
       0.566 |                                         1
       0.587 |                                         5
       0.597 |*                                        10
       0.608 |*                                        25
       0.619 |**                                       34
       0.630 |***                                      47
       0.642 |****                                     77
       0.654 |******                                   102
       0.665 |*******                                  129
       0.677 |*******                                  125
       0.690 |*********                                159
       0.702 |**********                               180
       0.715 |************                             210
       0.728 |***************                          270
       0.741 |****************                         283
       0.755 |*******************                      336
       0.768 |************************                 417
       0.782 |****************************             491
       0.797 |********************************         564
       0.811 |*******************************          549
       0.826 |***********************************      618
       0.841 |***************************************  686
       0.856 |**************************************   675
       0.872 |**************************************** 709
       0.888 |**************************************   673
       0.904 |***************************************  695
       0.920 |************************************     637
       0.937 |************************************     643
       0.954 |*************************************    654
       0.971 |*************************************    656
       0.989 |***********************************      612
       1.007 |*********************************        582
       1.025 |*******************************          549
       1.044 |******************************           534
       1.063 |***************************              473
       1.082 |**************************               465
       1.102 |**********************                   393
       1.122 |**********************                   392
       1.142 |***********************                  416
       1.163 |*********************                    377
       1.184 |*****************                        308
       1.205 |****************                         289
       1.227 |****************                         284
       1.250 |**************                           240
       1.272 |*************                            237
       1.295 |************                             207
       1.319 |************                             205
       1.343 |**********                               183
       1.367 |********                                 142
       1.392 |********                                 141
       1.417 |********                                 136
       1.443 |*******                                  125
       1.469 |******                                   106
       1.496 |******                                   102
       1.523 |******                                   103
       1.551 |*******                                  117
       1.579 |*****                                    83
       1.608 |****                                     72
       1.637 |***                                      57
       1.667 |****                                     70
       1.697 |****                                     66
       1.728 |***                                      57
       1.759 |***                                      47
       1.791 |***                                      48
       1.824 |**                                       43
       1.857 |**                                       41
       1.891 |**                                       29
       1.925 |**                                       38
       1.960 |*                                        26
       1.996 |*                                        22
       2.032 |*                                        22
       2.069 |*                                        26
       2.106 |**                                       31
       2.145 |*                                        12
       2.184 |**                                       27
       2.223 |*                                        18
       2.264 |*                                        12
       2.305 |*                                        17
       2.347 |*                                        11
       2.389 |*                                        19
       2.433 |*                                        13
       2.477 |*                                        13
       2.522 |*                                        10
       2.568 |*                                        15
       2.615 |*                                        11
       2.662 |*                                        14
       2.710 |*                                        12
       2.760 |*                                        19
       2.810 |                                         6
       2.861 |*                                        14
       2.913 |*                                        18
       2.966 |                                         7
       3.020 |*                                        12
       3.075 |*                                        12
       3.130 |*                                        21
       3.187 |*                                        15
       3.245 |*                                        22
       3.304 |*                                        24
       3.364 |*                                        10
       3.425 |                                         8
       3.488 |*                                        14
       3.551 |*                                        25
       3.615 |*                                        22
       3.681 |*                                        15
       3.748 |*                                        14
       3.816 |*                                        13
       3.885 |*                                        18
       3.956 |*                                        9
       4.028 |*                                        15
       4.101 |*                                        16
       4.176 |*                                        10
       4.252 |*                                        12
       4.329 |                                         6
       4.407 |*                                        12
       4.487 |                                         4
       4.569 |*                                        11
       4.652 |                                         5
       4.737 |                                         7
       4.823 |                                         8
       4.910 |                                         4
       4.999 |                                         6
       5.090 |                                         7
       5.183 |                                         3
       5.277 |                                         5
       5.373 |                                         2
       5.470 |                                         3
       5.570 |                                         3
       5.671 |                                         4
       5.774 |*                                        9
       5.879 |                                         8
       5.986 |                                         3
       6.095 |                                         3
       6.205 |                                         1
       6.318 |                                         6
       6.433 |                                         4
       6.550 |                                         5
       6.669 |                                         2
       6.790 |                                         3
       6.913 |                                         3
       7.039 |                                         3
       7.167 |                                         3
       7.297 |                                         2
       7.430 |                                         1
       7.565 |                                         1
       7.702 |                                         3
       7.842 |                                         3
       7.985 |                                         2
       8.130 |                                         3
       8.428 |                                         3
       8.581 |                                         2
       8.737 |                                         2
       8.895 |                                         3
       9.057 |                                         3
       9.222 |                                         2
       9.389 |                                         1
       9.560 |                                         1
       9.734 |                                         3
       9.910 |                                         1
      10.460 |                                         1
      10.651 |                                         1
      10.844 |                                         1
      11.041 |                                         1
      11.866 |                                         2
      12.524 |                                         1
 
SQL statistics:
    queries performed:
        read:                            0
        write:                           19917
        other:                           0
        total:                           19917
    transactions:                        19917  (994.96 per sec.)
    queries:                             19917  (994.96 per sec.)
    ignored errors:                      0      (0.00 per sec.)
    reconnects:                          0      (0.00 per sec.)

General statistics:
    total time:                          20.0174s
    total number of events:              19917

Latency (ms):
         min:                                    0.57
         avg:                                    1.12
         max:                                   12.45
         95th percentile:                        1.82
         sum:                                22226.93

Threads fairness:
    events (avg/stddev):           622.4062/4.37
    execution time (avg/stddev):   0.6946/0.02




sysbench 1.0.20 (using system LuaJIT 2.1.0-beta3)

Running the test with following options:
Number of threads: 32
Target transaction rate: 1000/sec
Initializing random number generator from current time


Initializing worker threads...

Threads started!

Latency histogram (values are in milliseconds)
       value  ------------- distribution ------------- count
       0.556 |                                         2
       0.566 |                                         7
       0.576 |*                                        12
       0.587 |*                                        15
       0.597 |**                                       28
       0.608 |**                                       40
       0.619 |****                                     77
       0.630 |****                                     81
       0.642 |*******                                  131
       0.654 |********                                 145
       0.665 |**********                               181
       0.677 |************                             219
       0.690 |***********                              195
       0.702 |*************                            241
       0.715 |****************                         297
       0.728 |*******************                      346
       0.741 |*********************                    378
       0.755 |****************************             498
       0.768 |*******************************          569
       0.782 |***********************************      624
       0.797 |**************************************   687
       0.811 |**************************************** 718
       0.826 |**************************************** 723
       0.841 |*************************************    666
       0.856 |************************************     659
       0.872 |*************************************    675
       0.888 |**************************************   681
       0.904 |***************************************  699
       0.920 |*************************************    677
       0.937 |***********************************      626
       0.954 |**********************************       608
       0.971 |*******************************          557
       0.989 |*******************************          567
       1.007 |****************************             514
       1.025 |*************************                459
       1.044 |***********************                  420
       1.063 |************************                 428
       1.082 |*********************                    384
       1.102 |********************                     357
       1.122 |********************                     359
       1.142 |*****************                        310
       1.163 |****************                         283
       1.184 |***************                          279
       1.205 |**************                           252
       1.227 |*************                            226
       1.250 |************                             225
       1.272 |***********                              195
       1.295 |**********                               175
       1.319 |**********                               175
       1.343 |*********                                155
       1.367 |*******                                  135
       1.392 |******                                   109
       1.417 |******                                   113
       1.443 |******                                   111
       1.469 |*****                                    99
       1.496 |******                                   110
       1.523 |****                                     79
       1.551 |****                                     74
       1.579 |****                                     71
       1.608 |***                                      57
       1.637 |****                                     70
       1.667 |**                                       40
       1.697 |***                                      48
       1.728 |***                                      48
       1.759 |***                                      50
       1.791 |**                                       44
       1.824 |***                                      49
       1.857 |**                                       38
       1.891 |*                                        25
       1.925 |*                                        20
       1.960 |*                                        25
       1.996 |*                                        22
       2.032 |*                                        21
       2.069 |*                                        19
       2.106 |*                                        27
       2.145 |*                                        18
       2.184 |*                                        17
       2.223 |*                                        23
       2.264 |*                                        20
       2.305 |*                                        18
       2.347 |*                                        10
       2.389 |                                         9
       2.433 |*                                        23
       2.477 |*                                        12
       2.522 |*                                        12
       2.568 |*                                        18
       2.615 |                                         8
       2.662 |*                                        11
       2.710 |*                                        11
       2.760 |*                                        11
       2.810 |                                         9
       2.861 |*                                        11
       2.913 |*                                        11
       2.966 |*                                        15
       3.020 |*                                        18
       3.075 |*                                        22
       3.130 |*                                        17
       3.187 |*                                        17
       3.245 |*                                        10
       3.304 |*                                        19
       3.364 |*                                        19
       3.425 |*                                        17
       3.488 |*                                        16
       3.551 |*                                        15
       3.615 |*                                        15
       3.681 |*                                        15
       3.748 |*                                        16
       3.816 |*                                        25
       3.885 |*                                        23
       3.956 |*                                        20
       4.028 |*                                        17
       4.101 |                                         9
       4.176 |*                                        20
       4.252 |                                         9
       4.329 |*                                        12
       4.407 |*                                        19
       4.487 |*                                        11
       4.569 |                                         9
       4.652 |*                                        10
       4.737 |                                         7
       4.823 |                                         5
       4.910 |                                         7
       4.999 |                                         6
       5.090 |                                         8
       5.183 |                                         1
       5.277 |                                         3
       5.373 |                                         3
       5.470 |                                         2
       5.570 |                                         6
       5.671 |                                         6
       5.774 |                                         3
       5.879 |                                         1
       5.986 |                                         2
       6.095 |                                         4
       6.318 |                                         2
       6.433 |                                         4
       6.550 |                                         1
       6.669 |                                         2
       6.790 |                                         4
       6.913 |                                         2
       7.039 |                                         1
       7.297 |                                         1
       7.430 |                                         2
       7.565 |                                         2
       7.842 |                                         1
       7.985 |                                         2
       8.130 |                                         2
       8.428 |                                         1
       8.581 |                                         1
       8.737 |                                         1
       8.895 |                                         2
       9.057 |                                         1
       9.222 |                                         3
       9.389 |                                         1
       9.560 |                                         2
       9.910 |                                         2
      10.090 |                                         1
      10.274 |                                         1
      10.844 |                                         3
      11.041 |                                         3
      11.242 |                                         2
      11.654 |                                         2
      11.866 |                                         1
      12.081 |                                         1
      12.301 |                                         1
      12.524 |                                         2
      13.219 |                                         1
      13.460 |                                         1
      13.704 |                                         1
      13.953 |                                         1
      14.995 |                                         2
      16.706 |                                         1
      17.633 |                                         1
 
SQL statistics:
    queries performed:
        read:                            0
        write:                           20125
        other:                           0
        total:                           20125
    transactions:                        20125  (1005.44 per sec.)
    queries:                             20125  (1005.44 per sec.)
    ignored errors:                      0      (0.00 per sec.)
    reconnects:                          0      (0.00 per sec.)

General statistics:
    total time:                          20.0157s
    total number of events:              20125

Latency (ms):
         min:                                    0.55
         avg:                                    1.09
         max:                                   17.61
         95th percentile:                        1.82
         sum:                                21917.18

Threads fairness:
    events (avg/stddev):           628.9062/5.45
    execution time (avg/stddev):   0.6849/0.01


