sysbench 1.0.20 (using system LuaJIT 2.1.0-beta3)

Running the test with following options:
Number of threads: 32
Target transaction rate: 1000/sec
Initializing random number generator from current time


Initializing worker threads...

Threads started!

Latency histogram (values are in milliseconds)
       value  ------------- distribution ------------- count
       0.536 |                                         1
       0.556 |                                         1
       0.566 |                                         2
       0.576 |                                         2
       0.587 |                                         5
       0.597 |*                                        13
       0.608 |*                                        34
       0.619 |**                                       50
       0.630 |***                                      74
       0.642 |*****                                    124
       0.654 |******                                   150
       0.665 |*******                                  167
       0.677 |*********                                211
       0.690 |***********                              259
       0.702 |***********                              252
       0.715 |************                             286
       0.728 |***************                          361
       0.741 |****************                         381
       0.755 |************************                 558
       0.768 |***********************                  543
       0.782 |****************************             663
       0.797 |********************************         752
       0.811 |*********************************        772
       0.826 |************************************     829
       0.841 |**************************************** 932
       0.856 |**************************************   888
       0.872 |**************************************   875
       0.888 |***************************************  902
       0.904 |***************************************  903
       0.920 |**************************************   881
       0.937 |************************************     840
       0.954 |*************************************    860
       0.971 |***********************************      812
       0.989 |************************************     850
       1.007 |***********************************      810
       1.025 |*********************************        758
       1.044 |*******************************          732
       1.063 |******************************           690
       1.082 |****************************             646
       1.102 |******************************           707
       1.122 |***************************              635
       1.142 |**************************               606
       1.163 |**************************               616
       1.184 |*************************                577
       1.205 |*************************                576
       1.227 |*********************                    492
       1.250 |*********************                    492
       1.272 |********************                     472
       1.295 |*******************                      438
       1.319 |*****************                        399
       1.343 |*****************                        388
       1.367 |***************                          340
       1.392 |*************                            312
       1.417 |*************                            303
       1.443 |************                             273
       1.469 |***********                              250
       1.496 |*********                                221
       1.523 |*********                                202
       1.551 |*********                                210
       1.579 |********                                 183
       1.608 |******                                   150
       1.637 |*******                                  157
       1.667 |******                                   151
       1.697 |*****                                    113
       1.728 |*****                                    114
       1.759 |*****                                    114
       1.791 |****                                     104
       1.824 |***                                      81
       1.857 |***                                      65
       1.891 |***                                      71
       1.925 |***                                      71
       1.960 |***                                      73
       1.996 |***                                      69
       2.032 |**                                       57
       2.069 |**                                       52
       2.106 |**                                       47
       2.145 |**                                       49
       2.184 |*                                        30
       2.223 |**                                       39
       2.264 |**                                       43
       2.305 |**                                       41
       2.347 |**                                       36
       2.389 |*                                        32
       2.433 |*                                        32
       2.477 |*                                        28
       2.522 |*                                        32
       2.568 |*                                        29
       2.615 |*                                        29
       2.662 |*                                        28
       2.710 |*                                        22
       2.760 |*                                        27
       2.810 |*                                        30
       2.861 |*                                        21
       2.913 |*                                        18
       2.966 |*                                        18
       3.020 |*                                        23
       3.075 |*                                        23
       3.130 |*                                        16
       3.187 |*                                        19
       3.245 |*                                        15
       3.304 |                                         10
       3.364 |                                         6
       3.425 |*                                        15
       3.488 |*                                        13
       3.551 |*                                        13
       3.615 |                                         5
       3.681 |                                         5
       3.748 |                                         3
       3.816 |                                         7
       3.885 |                                         5
       3.956 |                                         7
       4.028 |                                         8
       4.101 |                                         1
       4.176 |                                         8
       4.252 |                                         3
       4.329 |                                         5
       4.407 |                                         6
       4.487 |                                         6
       4.569 |                                         2
       4.652 |                                         6
       4.737 |                                         3
       4.823 |                                         2
       4.910 |                                         4
       4.999 |                                         7
       5.090 |                                         4
       5.183 |                                         7
       5.277 |                                         2
       5.373 |                                         2
       5.470 |                                         6
       5.570 |                                         3
       5.671 |                                         4
       5.774 |                                         6
       5.879 |                                         1
       5.986 |                                         2
       6.095 |                                         1
       6.205 |                                         1
       6.550 |                                         1
       6.669 |                                         1
       6.913 |                                         2
       7.039 |                                         1
       7.565 |                                         1
 
SQL statistics:
    queries performed:
        read:                            0
        write:                           29925
        other:                           0
        total:                           29925
    transactions:                        29925  (996.91 per sec.)
    queries:                             29925  (996.91 per sec.)
    ignored errors:                      0      (0.00 per sec.)
    reconnects:                          0      (0.00 per sec.)

General statistics:
    total time:                          30.0175s
    total number of events:              29925

Latency (ms):
         min:                                    0.54
         avg:                                    1.10
         max:                                    7.50
         95th percentile:                        1.79
         sum:                                32989.99

Threads fairness:
    events (avg/stddev):           935.1562/4.81
    execution time (avg/stddev):   1.0309/0.02




sysbench 1.0.20 (using system LuaJIT 2.1.0-beta3)

Running the test with following options:
Number of threads: 32
Target transaction rate: 1000/sec
Initializing random number generator from current time


Initializing worker threads...

Threads started!

Latency histogram (values are in milliseconds)
       value  ------------- distribution ------------- count
       0.536 |                                         1
       0.576 |                                         5
       0.587 |                                         7
       0.597 |*                                        26
       0.608 |**                                       37
       0.619 |***                                      56
       0.630 |***                                      64
       0.642 |******                                   119
       0.654 |*******                                  136
       0.665 |*******                                  151
       0.677 |*********                                188
       0.690 |********                                 173
       0.702 |***********                              222
       0.715 |*************                            258
       0.728 |**************                           290
       0.741 |*******************                      394
       0.755 |**********************                   440
       0.768 |***************************              545
       0.782 |******************************           620
       0.797 |****************************             579
       0.811 |*********************************        678
       0.826 |************************************     740
       0.841 |***************************************  788
       0.856 |***********************************      716
       0.872 |***************************************  786
       0.888 |***************************************  801
       0.904 |**************************************   782
       0.920 |************************************     741
       0.937 |**************************************   777
       0.954 |*************************************    751
       0.971 |***********************************      722
       0.989 |**************************************   769
       1.007 |***************************************  791
       1.025 |**************************************** 815
       1.044 |**************************************   780
       1.063 |**************************************   766
       1.082 |**************************************   773
       1.102 |**************************************   766
       1.122 |************************************     731
       1.142 |**********************************       696
       1.163 |**********************************       692
       1.184 |***********************************      716
       1.205 |******************************           619
       1.227 |********************************         654
       1.250 |*****************************            600
       1.272 |***************************              555
       1.295 |*************************                509
       1.319 |************************                 489
       1.343 |********************                     415
       1.367 |********************                     417
       1.392 |*****************                        346
       1.417 |****************                         333
       1.443 |***************                          315
       1.469 |***************                          310
       1.496 |**************                           284
       1.523 |*************                            259
       1.551 |***********                              219
       1.579 |**********                               201
       1.608 |**********                               196
       1.637 |*********                                181
       1.667 |********                                 153
       1.697 |******                                   131
       1.728 |*****                                    106
       1.759 |*******                                  141
       1.791 |****                                     87
       1.824 |*****                                    105
       1.857 |*****                                    93
       1.891 |****                                     88
       1.925 |****                                     90
       1.960 |***                                      63
       1.996 |***                                      62
       2.032 |***                                      65
       2.069 |***                                      64
       2.106 |***                                      53
       2.145 |***                                      57
       2.184 |**                                       45
       2.223 |**                                       44
       2.264 |**                                       44
       2.305 |**                                       43
       2.347 |**                                       37
       2.389 |*                                        30
       2.433 |**                                       46
       2.477 |**                                       44
       2.522 |*                                        25
       2.568 |**                                       38
       2.615 |**                                       39
       2.662 |**                                       34
       2.710 |**                                       33
       2.760 |**                                       39
       2.810 |**                                       31
       2.861 |**                                       35
       2.913 |**                                       35
       2.966 |**                                       33
       3.020 |*                                        28
       3.075 |**                                       32
       3.130 |*                                        22
       3.187 |*                                        23
       3.245 |*                                        24
       3.304 |*                                        18
       3.364 |*                                        21
       3.425 |*                                        15
       3.488 |*                                        24
       3.551 |*                                        22
       3.615 |*                                        11
       3.681 |*                                        24
       3.748 |*                                        16
       3.816 |                                         9
       3.885 |*                                        12
       3.956 |                                         6
       4.028 |                                         7
       4.101 |                                         9
       4.176 |                                         4
       4.252 |                                         7
       4.329 |                                         7
       4.407 |                                         5
       4.487 |                                         4
       4.569 |                                         5
       4.652 |                                         2
       4.737 |                                         4
       4.823 |                                         5
       4.910 |                                         5
       4.999 |                                         3
       5.090 |                                         5
       5.183 |                                         4
       5.277 |                                         3
       5.373 |                                         3
       5.470 |                                         3
       5.570 |                                         2
       5.671 |                                         4
       5.774 |                                         1
       5.879 |                                         4
       5.986 |                                         1
       6.095 |                                         4
       6.205 |                                         4
       6.318 |                                         3
       6.433 |                                         2
       6.669 |                                         3
       6.790 |                                         3
       6.913 |                                         1
       7.039 |                                         1
       7.167 |                                         1
       7.297 |                                         2
       7.430 |                                         2
       7.702 |                                         1
       7.842 |                                         2
       7.985 |                                         1
       8.130 |                                         1
       8.581 |                                         1
       8.737 |                                         2
       9.057 |                                         2
       9.222 |                                         1
       9.560 |                                         3
       9.734 |                                         1
      10.844 |                                         1
      11.446 |                                         1
      11.654 |                                         1
      11.866 |                                         2
      12.081 |                                         4
      12.301 |                                         1
      12.524 |                                         1
      12.752 |                                         1
      12.984 |                                         1
      14.207 |                                         1
      14.728 |                                         1
      15.828 |                                         1
      16.115 |                                         2
      16.408 |                                         1
 
SQL statistics:
    queries performed:
        read:                            0
        write:                           30287
        other:                           0
        total:                           30287
    transactions:                        30287  (1008.83 per sec.)
    queries:                             30287  (1008.83 per sec.)
    ignored errors:                      0      (0.00 per sec.)
    reconnects:                          0      (0.00 per sec.)

General statistics:
    total time:                          30.0216s
    total number of events:              30287

Latency (ms):
         min:                                    0.53
         avg:                                    1.16
         max:                                   16.55
         95th percentile:                        1.93
         sum:                                35172.96

Threads fairness:
    events (avg/stddev):           946.4688/6.66
    execution time (avg/stddev):   1.0992/0.02




sysbench 1.0.20 (using system LuaJIT 2.1.0-beta3)

Running the test with following options:
Number of threads: 32
Target transaction rate: 1000/sec
Initializing random number generator from current time


Initializing worker threads...

Threads started!

Latency histogram (values are in milliseconds)
       value  ------------- distribution ------------- count
       0.556 |                                         1
       0.566 |                                         2
       0.587 |                                         1
       0.597 |*                                        11
       0.608 |*                                        21
       0.619 |**                                       39
       0.630 |***                                      66
       0.642 |****                                     93
       0.654 |******                                   129
       0.665 |********                                 162
       0.677 |*********                                180
       0.690 |**********                               205
       0.702 |***********                              222
       0.715 |***********                              227
       0.728 |**************                           296
       0.741 |*****************                        359
       0.755 |******************                       381
       0.768 |***********************                  481
       0.782 |***************************              561
       0.797 |*****************************            614
       0.811 |*******************************          659
       0.826 |********************************         663
       0.841 |*************************************    764
       0.856 |**************************************   791
       0.872 |**************************************   795
       0.888 |***************************************  809
       0.904 |***************************************  811
       0.920 |*************************************    780
       0.937 |**************************************** 837
       0.954 |*************************************    767
       0.971 |**************************************   799
       0.989 |**************************************   805
       1.007 |**************************************** 831
       1.025 |**************************************** 829
       1.044 |***************************************  819
       1.063 |**************************************** 830
       1.082 |**************************************   787
       1.102 |************************************     762
       1.122 |*************************************    772
       1.142 |**************************************   798
       1.163 |********************************         669
       1.184 |**********************************       719
       1.205 |******************************           622
       1.227 |*****************************            607
       1.250 |***************************              571
       1.272 |**************************               537
       1.295 |***********************                  475
       1.319 |**********************                   460
       1.343 |********************                     411
       1.367 |******************                       379
       1.392 |********************                     425
       1.417 |*****************                        346
       1.443 |**************                           284
       1.469 |**************                           294
       1.496 |*************                            276
       1.523 |************                             256
       1.551 |***********                              229
       1.579 |*********                                187
       1.608 |*********                                190
       1.637 |*********                                180
       1.667 |*******                                  143
       1.697 |*****                                    109
       1.728 |*****                                    104
       1.759 |*****                                    98
       1.791 |****                                     85
       1.824 |****                                     90
       1.857 |****                                     87
       1.891 |***                                      61
       1.925 |****                                     78
       1.960 |***                                      68
       1.996 |***                                      73
       2.032 |***                                      57
       2.069 |***                                      54
       2.106 |***                                      54
       2.145 |**                                       45
       2.184 |**                                       37
       2.223 |**                                       38
       2.264 |**                                       42
       2.305 |*                                        28
       2.347 |**                                       35
       2.389 |*                                        28
       2.433 |*                                        21
       2.477 |**                                       35
       2.522 |**                                       35
       2.568 |**                                       48
       2.615 |**                                       38
       2.662 |*                                        26
       2.710 |**                                       33
       2.760 |*                                        27
       2.810 |**                                       37
       2.861 |*                                        25
       2.913 |**                                       32
       2.966 |*                                        31
       3.020 |*                                        25
       3.075 |*                                        22
       3.130 |*                                        16
       3.187 |*                                        26
       3.245 |*                                        18
       3.304 |*                                        22
       3.364 |*                                        18
       3.425 |*                                        20
       3.488 |*                                        20
       3.551 |*                                        14
       3.615 |*                                        14
       3.681 |*                                        15
       3.748 |*                                        12
       3.816 |*                                        13
       3.885 |                                         3
       3.956 |*                                        12
       4.028 |                                         6
       4.101 |                                         8
       4.176 |                                         8
       4.252 |                                         4
       4.329 |                                         7
       4.407 |                                         4
       4.487 |                                         6
       4.569 |                                         8
       4.652 |                                         7
       4.737 |                                         5
       4.823 |                                         6
       4.910 |                                         6
       4.999 |                                         7
       5.090 |                                         5
       5.183 |                                         4
       5.277 |                                         5
       5.373 |                                         7
       5.470 |                                         8
       5.570 |                                         5
       5.671 |                                         4
       5.774 |                                         8
       5.879 |                                         2
       5.986 |                                         4
       6.095 |                                         7
       6.205 |                                         2
       6.318 |                                         2
       6.433 |                                         1
       6.669 |                                         2
       7.039 |                                         2
       8.130 |                                         2
       8.581 |                                         1
       8.895 |                                         1
      10.460 |                                         1
      10.844 |                                         1
      12.301 |                                         1
      12.984 |                                         1
 
SQL statistics:
    queries performed:
        read:                            0
        write:                           30106
        other:                           0
        total:                           30106
    transactions:                        30106  (1002.97 per sec.)
    queries:                             30106  (1002.97 per sec.)
    ignored errors:                      0      (0.00 per sec.)
    reconnects:                          0      (0.00 per sec.)

General statistics:
    total time:                          30.0163s
    total number of events:              30106

Latency (ms):
         min:                                    0.56
         avg:                                    1.15
         max:                                   12.87
         95th percentile:                        1.89
         sum:                                34522.23

Threads fairness:
    events (avg/stddev):           940.8125/5.45
    execution time (avg/stddev):   1.0788/0.02




sysbench 1.0.20 (using system LuaJIT 2.1.0-beta3)

Running the test with following options:
Number of threads: 32
Target transaction rate: 1000/sec
Initializing random number generator from current time


Initializing worker threads...

Threads started!

Latency histogram (values are in milliseconds)
       value  ------------- distribution ------------- count
       0.556 |                                         4
       0.566 |                                         1
       0.576 |                                         8
       0.587 |                                         11
       0.597 |*                                        17
       0.608 |**                                       45
       0.619 |***                                      73
       0.630 |****                                     95
       0.642 |****                                     108
       0.654 |******                                   152
       0.665 |*******                                  192
       0.677 |********                                 218
       0.690 |**********                               261
       0.702 |***********                              287
       0.715 |*************                            362
       0.728 |*************                            364
       0.741 |******************                       489
       0.755 |**********************                   596
       0.768 |**************************               709
       0.782 |*****************************            798
       0.797 |*********************************        897
       0.811 |*********************************        888
       0.826 |***********************************      961
       0.841 |**************************************   1028
       0.856 |**************************************   1033
       0.872 |**************************************   1024
       0.888 |**************************************** 1084
       0.904 |**************************************** 1074
       0.920 |**************************************   1029
       0.937 |************************************     985
       0.954 |***************************************  1049
       0.971 |**********************************       927
       0.989 |*********************************        889
       1.007 |******************************           825
       1.025 |*****************************            787
       1.044 |****************************             751
       1.063 |*************************                685
       1.082 |*************************                671
       1.102 |***********************                  628
       1.122 |***********************                  632
       1.142 |********************                     538
       1.163 |******************                       488
       1.184 |****************                         421
       1.205 |***************                          409
       1.227 |****************                         438
       1.250 |************                             332
       1.272 |*************                            348
       1.295 |***********                              291
       1.319 |***********                              301
       1.343 |**********                               258
       1.367 |********                                 216
       1.392 |*********                                235
       1.417 |*******                                  192
       1.443 |******                                   166
       1.469 |******                                   171
       1.496 |*****                                    149
       1.523 |*****                                    138
       1.551 |****                                     116
       1.579 |****                                     111
       1.608 |***                                      76
       1.637 |***                                      94
       1.667 |***                                      73
       1.697 |***                                      77
       1.728 |**                                       57
       1.759 |**                                       58
       1.791 |**                                       53
       1.824 |**                                       57
       1.857 |**                                       61
       1.891 |**                                       52
       1.925 |**                                       50
       1.960 |*                                        40
       1.996 |**                                       43
       2.032 |*                                        30
       2.069 |*                                        27
       2.106 |*                                        32
       2.145 |*                                        21
       2.184 |*                                        28
       2.223 |**                                       42
       2.264 |**                                       41
       2.305 |*                                        24
       2.347 |*                                        27
       2.389 |*                                        30
       2.433 |*                                        32
       2.477 |*                                        24
       2.522 |*                                        26
       2.568 |*                                        33
       2.615 |*                                        24
       2.662 |*                                        23
       2.710 |*                                        29
       2.760 |*                                        32
       2.810 |*                                        30
       2.861 |*                                        21
       2.913 |*                                        28
       2.966 |*                                        27
       3.020 |*                                        20
       3.075 |*                                        28
       3.130 |*                                        26
       3.187 |*                                        29
       3.245 |*                                        16
       3.304 |                                         9
       3.364 |*                                        16
       3.425 |                                         13
       3.488 |                                         9
       3.551 |                                         6
       3.615 |                                         9
       3.681 |                                         12
       3.748 |*                                        14
       3.816 |                                         8
       3.885 |                                         8
       3.956 |                                         4
       4.028 |                                         10
       4.101 |*                                        16
       4.176 |                                         4
       4.252 |                                         4
       4.329 |                                         4
       4.407 |                                         7
       4.487 |                                         8
       4.569 |                                         13
       4.652 |                                         4
       4.737 |                                         7
       4.823 |                                         1
       4.910 |                                         2
       5.090 |                                         1
       5.183 |                                         6
       5.277 |                                         2
       5.373 |                                         3
       5.470 |                                         4
       5.570 |                                         6
       5.671 |                                         4
       5.774 |                                         2
       5.879 |                                         3
       5.986 |                                         3
       6.095 |                                         2
       6.205 |                                         7
       6.318 |                                         4
       6.550 |                                         1
       6.669 |                                         1
       6.790 |                                         2
       6.913 |                                         1
       7.297 |                                         3
       7.565 |                                         1
       7.702 |                                         2
       7.842 |                                         1
       8.130 |                                         1
       8.428 |                                         2
 
SQL statistics:
    queries performed:
        read:                            0
        write:                           29746
        other:                           0
        total:                           29746
    transactions:                        29746  (990.87 per sec.)
    queries:                             29746  (990.87 per sec.)
    ignored errors:                      0      (0.00 per sec.)
    reconnects:                          0      (0.00 per sec.)

General statistics:
    total time:                          30.0195s
    total number of events:              29746

Latency (ms):
         min:                                    0.55
         avg:                                    1.06
         max:                                    8.42
         95th percentile:                        1.70
         sum:                                31519.68

Threads fairness:
    events (avg/stddev):           929.5625/5.15
    execution time (avg/stddev):   0.9850/0.01




sysbench 1.0.20 (using system LuaJIT 2.1.0-beta3)

Running the test with following options:
Number of threads: 32
Target transaction rate: 1000/sec
Initializing random number generator from current time


Initializing worker threads...

Threads started!

Latency histogram (values are in milliseconds)
       value  ------------- distribution ------------- count
       0.546 |                                         1
       0.566 |                                         1
       0.576 |                                         3
       0.587 |*                                        15
       0.597 |*                                        21
       0.608 |**                                       48
       0.619 |***                                      82
       0.630 |****                                     103
       0.642 |******                                   134
       0.654 |********                                 182
       0.665 |*********                                226
       0.677 |***********                              262
       0.690 |************                             290
       0.702 |*************                            308
       0.715 |***************                          367
       0.728 |****************                         382
       0.741 |********************                     487
       0.755 |***********************                  567
       0.768 |*****************************            700
       0.782 |********************************         774
       0.797 |**********************************       830
       0.811 |*************************************    896
       0.826 |**************************************   918
       0.841 |************************************     875
       0.856 |**************************************** 955
       0.872 |**************************************** 964
       0.888 |**************************************** 966
       0.904 |***************************************  933
       0.920 |*************************************    898
       0.937 |**************************************   925
       0.954 |************************************     876
       0.971 |***********************************      838
       0.989 |**********************************       813
       1.007 |*********************************        802
       1.025 |**********************************       820
       1.044 |*******************************          744
       1.063 |*********************************        789
       1.082 |*****************************            711
       1.102 |****************************             677
       1.122 |*************************                610
       1.142 |***************************              640
       1.163 |************************                 572
       1.184 |***********************                  544
       1.205 |********************                     489
       1.227 |******************                       432
       1.250 |*******************                      466
       1.272 |*****************                        400
       1.295 |***************                          355
       1.319 |*************                            326
       1.343 |**************                           341
       1.367 |***********                              274
       1.392 |**********                               242
       1.417 |***********                              259
       1.443 |**********                               239
       1.469 |********                                 197
       1.496 |*******                                  158
       1.523 |******                                   137
       1.551 |******                                   145
       1.579 |*****                                    123
       1.608 |*****                                    114
       1.637 |*****                                    110
       1.667 |***                                      83
       1.697 |****                                     87
       1.728 |***                                      82
       1.759 |***                                      80
       1.791 |***                                      75
       1.824 |***                                      72
       1.857 |***                                      65
       1.891 |**                                       53
       1.925 |**                                       43
       1.960 |*                                        33
       1.996 |**                                       38
       2.032 |*                                        33
       2.069 |**                                       44
       2.106 |**                                       38
       2.145 |*                                        23
       2.184 |*                                        30
       2.223 |*                                        28
       2.264 |*                                        29
       2.305 |*                                        14
       2.347 |*                                        21
       2.389 |*                                        30
       2.433 |*                                        27
       2.477 |*                                        26
       2.522 |*                                        28
       2.568 |*                                        26
       2.615 |*                                        31
       2.662 |*                                        29
       2.710 |*                                        28
       2.760 |*                                        23
       2.810 |*                                        27
       2.861 |*                                        26
       2.913 |*                                        29
       2.966 |*                                        28
       3.020 |*                                        27
       3.075 |*                                        20
       3.130 |*                                        16
       3.187 |*                                        23
       3.245 |*                                        18
       3.304 |*                                        25
       3.364 |*                                        14
       3.425 |*                                        16
       3.488 |*                                        17
       3.551 |*                                        16
       3.615 |*                                        13
       3.681 |*                                        16
       3.748 |                                         9
       3.816 |                                         10
       3.885 |                                         7
       3.956 |                                         12
       4.028 |                                         8
       4.101 |                                         5
       4.176 |                                         5
       4.252 |                                         7
       4.329 |                                         5
       4.407 |                                         1
       4.487 |                                         3
       4.569 |                                         7
       4.652 |                                         2
       4.737 |                                         3
       4.823 |                                         3
       4.910 |                                         3
       4.999 |                                         3
       5.090 |                                         5
       5.183 |                                         4
       5.277 |                                         8
       5.373 |                                         7
       5.470 |                                         5
       5.570 |                                         5
       5.671 |                                         2
       5.774 |                                         2
       5.879 |                                         5
       5.986 |                                         7
       6.095 |                                         1
       6.205 |                                         1
       6.318 |                                         2
       6.913 |                                         1
       7.430 |                                         3
       7.702 |                                         4
       7.985 |                                         2
       8.130 |                                         1
       8.895 |                                         1
 
SQL statistics:
    queries performed:
        read:                            0
        write:                           30065
        other:                           0
        total:                           30065
    transactions:                        30065  (1001.53 per sec.)
    queries:                             30065  (1001.53 per sec.)
    ignored errors:                      0      (0.00 per sec.)
    reconnects:                          0      (0.00 per sec.)

General statistics:
    total time:                          30.0188s
    total number of events:              30065

Latency (ms):
         min:                                    0.55
         avg:                                    1.07
         max:                                    8.84
         95th percentile:                        1.73
         sum:                                32289.88

Threads fairness:
    events (avg/stddev):           939.5312/5.41
    execution time (avg/stddev):   1.0091/0.02




sysbench 1.0.20 (using system LuaJIT 2.1.0-beta3)

Running the test with following options:
Number of threads: 32
Target transaction rate: 1000/sec
Initializing random number generator from current time


Initializing worker threads...

Threads started!

Latency histogram (values are in milliseconds)
       value  ------------- distribution ------------- count
       0.566 |                                         3
       0.576 |                                         6
       0.587 |                                         9
       0.597 |*                                        21
       0.608 |*                                        26
       0.619 |**                                       44
       0.630 |****                                     78
       0.642 |*****                                    107
       0.654 |******                                   136
       0.665 |********                                 171
       0.677 |********                                 185
       0.690 |**********                               224
       0.702 |**********                               224
       0.715 |*************                            286
       0.728 |***************                          322
       0.741 |********************                     430
       0.755 |**********************                   492
       0.768 |*****************************            633
       0.782 |******************************           652
       0.797 |******************************           665
       0.811 |********************************         692
       0.826 |***********************************      760
       0.841 |**************************************** 877
       0.856 |************************************     789
       0.872 |***************************************  857
       0.888 |***************************************  847
       0.904 |***************************************  848
       0.920 |*************************************    804
       0.937 |**************************************   837
       0.954 |***********************************      764
       0.971 |*************************************    802
       0.989 |************************************     783
       1.007 |*************************************    821
       1.025 |**********************************       747
       1.044 |*********************************        732
       1.063 |**********************************       742
       1.082 |**********************************       751
       1.102 |*********************************        719
       1.122 |**********************************       738
       1.142 |******************************           650
       1.163 |*****************************            629
       1.184 |**************************               567
       1.205 |*************************                559
       1.227 |**********************                   492
       1.250 |**********************                   489
       1.272 |***********************                  514
       1.295 |********************                     438
       1.319 |********************                     433
       1.343 |******************                       400
       1.367 |***************                          325
       1.392 |*************                            290
       1.417 |*************                            290
       1.443 |*************                            284
       1.469 |**********                               222
       1.496 |*********                                206
       1.523 |*********                                200
       1.551 |*********                                187
       1.579 |********                                 177
       1.608 |******                                   133
       1.637 |******                                   134
       1.667 |******                                   136
       1.697 |*****                                    113
       1.728 |****                                     98
       1.759 |*****                                    108
       1.791 |****                                     95
       1.824 |****                                     93
       1.857 |***                                      73
       1.891 |****                                     80
       1.925 |****                                     80
       1.960 |***                                      57
       1.996 |***                                      70
       2.032 |***                                      60
       2.069 |***                                      58
       2.106 |**                                       49
       2.145 |***                                      57
       2.184 |***                                      57
       2.223 |**                                       36
       2.264 |**                                       39
       2.305 |**                                       37
       2.347 |**                                       47
       2.389 |**                                       50
       2.433 |**                                       48
       2.477 |*                                        28
       2.522 |**                                       34
       2.568 |**                                       36
       2.615 |**                                       38
       2.662 |*                                        30
       2.710 |*                                        26
       2.760 |**                                       37
       2.810 |**                                       35
       2.861 |*                                        25
       2.913 |*                                        28
       2.966 |*                                        24
       3.020 |**                                       34
       3.075 |*                                        31
       3.130 |**                                       35
       3.187 |*                                        23
       3.245 |**                                       35
       3.304 |*                                        22
       3.364 |*                                        18
       3.425 |*                                        22
       3.488 |*                                        21
       3.551 |*                                        11
       3.615 |                                         8
       3.681 |                                         9
       3.748 |*                                        13
       3.816 |*                                        14
       3.885 |                                         10
       3.956 |                                         10
       4.028 |                                         7
       4.101 |                                         9
       4.176 |                                         5
       4.252 |                                         7
       4.329 |                                         9
       4.407 |                                         9
       4.487 |                                         3
       4.569 |                                         6
       4.652 |                                         8
       4.737 |                                         7
       4.823 |                                         2
       4.910 |                                         4
       4.999 |                                         2
       5.090 |                                         5
       5.183 |                                         4
       5.277 |                                         8
       5.373 |                                         5
       5.470 |                                         7
       5.570 |                                         3
       5.671 |                                         4
       5.774 |                                         4
       5.879 |                                         4
       5.986 |                                         4
       6.095 |                                         1
       6.205 |                                         2
       6.318 |                                         1
       6.433 |                                         1
       6.550 |                                         2
       6.669 |                                         3
       6.790 |                                         3
       6.913 |                                         1
       7.039 |                                         2
       7.167 |                                         1
       7.565 |                                         1
       7.842 |                                         2
 
SQL statistics:
    queries performed:
        read:                            0
        write:                           29587
        other:                           0
        total:                           29587
    transactions:                        29587  (985.67 per sec.)
    queries:                             29587  (985.67 per sec.)
    ignored errors:                      0      (0.00 per sec.)
    reconnects:                          0      (0.00 per sec.)

General statistics:
    total time:                          30.0167s
    total number of events:              29587

Latency (ms):
         min:                                    0.56
         avg:                                    1.13
         max:                                    7.86
         95th percentile:                        1.93
         sum:                                33429.55

Threads fairness:
    events (avg/stddev):           924.5938/4.98
    execution time (avg/stddev):   1.0447/0.02




sysbench 1.0.20 (using system LuaJIT 2.1.0-beta3)

Running the test with following options:
Number of threads: 32
Target transaction rate: 1000/sec
Initializing random number generator from current time


Initializing worker threads...

Threads started!

Latency histogram (values are in milliseconds)
       value  ------------- distribution ------------- count
       0.556 |                                         1
       0.566 |                                         1
       0.576 |                                         1
       0.587 |                                         5
       0.597 |*                                        11
       0.608 |*                                        16
       0.619 |**                                       41
       0.630 |**                                       54
       0.642 |*****                                    99
       0.654 |****                                     94
       0.665 |******                                   121
       0.677 |********                                 167
       0.690 |*******                                  156
       0.702 |********                                 169
       0.715 |*********                                201
       0.728 |***********                              239
       0.741 |*************                            289
       0.755 |*******************                      412
       0.768 |***********************                  494
       0.782 |*************************                544
       0.797 |****************************             609
       0.811 |*****************************            641
       0.826 |*******************************          670
       0.841 |*********************************        726
       0.856 |********************************         695
       0.872 |**********************************       749
       0.888 |************************************     780
       0.904 |**************************************** 874
       0.920 |**************************************   821
       0.937 |*************************************    798
       0.954 |***********************************      755
       0.971 |*************************************    816
       0.989 |************************************     784
       1.007 |**************************************   830
       1.025 |***********************************      761
       1.044 |*************************************    799
       1.063 |***********************************      757
       1.082 |***********************************      772
       1.102 |*******************************          686
       1.122 |*********************************        711
       1.142 |********************************         706
       1.163 |*****************************            635
       1.184 |******************************           655
       1.205 |*****************************            627
       1.227 |****************************             621
       1.250 |***************************              580
       1.272 |***************************              595
       1.295 |**********************                   473
       1.319 |*********************                    468
       1.343 |********************                     435
       1.367 |*******************                      426
       1.392 |*******************                      406
       1.417 |****************                         345
       1.443 |****************                         356
       1.469 |***************                          333
       1.496 |************                             257
       1.523 |************                             259
       1.551 |**********                               227
       1.579 |**********                               226
       1.608 |*********                                198
       1.637 |********                                 182
       1.667 |********                                 185
       1.697 |********                                 166
       1.728 |*******                                  148
       1.759 |******                                   131
       1.791 |******                                   131
       1.824 |*****                                    104
       1.857 |****                                     92
       1.891 |****                                     90
       1.925 |****                                     83
       1.960 |***                                      66
       1.996 |***                                      68
       2.032 |***                                      71
       2.069 |***                                      55
       2.106 |***                                      61
       2.145 |***                                      72
       2.184 |**                                       51
       2.223 |***                                      60
       2.264 |**                                       33
       2.305 |**                                       42
       2.347 |**                                       49
       2.389 |**                                       44
       2.433 |**                                       46
       2.477 |**                                       36
       2.522 |**                                       35
       2.568 |*                                        30
       2.615 |*                                        30
       2.662 |**                                       40
       2.710 |*                                        18
       2.760 |**                                       40
       2.810 |*                                        32
       2.861 |**                                       39
       2.913 |*                                        30
       2.966 |**                                       37
       3.020 |*                                        32
       3.075 |*                                        31
       3.130 |**                                       42
       3.187 |**                                       35
       3.245 |*                                        19
       3.304 |**                                       34
       3.364 |*                                        21
       3.425 |*                                        21
       3.488 |**                                       35
       3.551 |*                                        16
       3.615 |*                                        23
       3.681 |*                                        13
       3.748 |*                                        14
       3.816 |*                                        13
       3.885 |                                         6
       3.956 |                                         9
       4.028 |                                         8
       4.101 |                                         10
       4.176 |                                         9
       4.252 |                                         8
       4.329 |                                         5
       4.407 |                                         10
       4.487 |                                         4
       4.569 |                                         5
       4.652 |                                         8
       4.737 |                                         2
       4.823 |                                         5
       4.910 |                                         4
       4.999 |                                         5
       5.090 |                                         8
       5.183 |                                         7
       5.277 |                                         6
       5.373 |                                         9
       5.470 |                                         9
       5.570 |                                         4
       5.671 |                                         3
       5.774 |                                         3
       5.879 |                                         2
       5.986 |                                         4
       6.095 |                                         3
       6.205 |                                         1
       6.318 |                                         2
       6.433 |                                         2
       7.297 |                                         2
       8.130 |                                         2
       8.737 |                                         1
       9.389 |                                         1
 
SQL statistics:
    queries performed:
        read:                            0
        write:                           29890
        other:                           0
        total:                           29890
    transactions:                        29890  (995.77 per sec.)
    queries:                             29890  (995.77 per sec.)
    ignored errors:                      0      (0.00 per sec.)
    reconnects:                          0      (0.00 per sec.)

General statistics:
    total time:                          30.0165s
    total number of events:              29890

Latency (ms):
         min:                                    0.56
         avg:                                    1.17
         max:                                    9.31
         95th percentile:                        2.00
         sum:                                35025.26

Threads fairness:
    events (avg/stddev):           934.0625/5.82
    execution time (avg/stddev):   1.0945/0.02




sysbench 1.0.20 (using system LuaJIT 2.1.0-beta3)

Running the test with following options:
Number of threads: 32
Target transaction rate: 1000/sec
Initializing random number generator from current time


Initializing worker threads...

Threads started!

Latency histogram (values are in milliseconds)
       value  ------------- distribution ------------- count
       0.536 |                                         1
       0.566 |                                         1
       0.576 |                                         2
       0.587 |*                                        13
       0.597 |*                                        17
       0.608 |**                                       42
       0.619 |**                                       37
       0.630 |****                                     84
       0.642 |****                                     91
       0.654 |*******                                  145
       0.665 |******                                   133
       0.677 |********                                 165
       0.690 |*********                                181
       0.702 |***********                              232
       0.715 |*************                            262
       0.728 |***************                          310
       0.741 |*****************                        357
       0.755 |************************                 498
       0.768 |**************************               545
       0.782 |****************************             592
       0.797 |*******************************          656
       0.811 |*******************************          645
       0.826 |*********************************        695
       0.841 |***********************************      732
       0.856 |***********************************      737
       0.872 |**************************************   799
       0.888 |**************************************   799
       0.904 |**************************************** 837
       0.920 |**************************************   799
       0.937 |**************************************** 832
       0.954 |**************************************   804
       0.971 |************************************     757
       0.989 |**************************************   795
       1.007 |*************************************    769
       1.025 |*************************************    777
       1.044 |**********************************       720
       1.063 |***************************************  816
       1.082 |*************************************    783
       1.102 |************************************     749
       1.122 |***********************************      737
       1.142 |**********************************       718
       1.163 |********************************         669
       1.184 |********************************         661
       1.205 |*****************************            608
       1.227 |******************************           630
       1.250 |**************************               553
       1.272 |*************************                533
       1.295 |************************                 510
       1.319 |***********************                  485
       1.343 |*********************                    447
       1.367 |*********************                    442
       1.392 |******************                       379
       1.417 |*****************                        354
       1.443 |****************                         332
       1.469 |***************                          314
       1.496 |*************                            262
       1.523 |*************                            265
       1.551 |************                             252
       1.579 |*********                                197
       1.608 |*********                                185
       1.637 |********                                 166
       1.667 |********                                 162
       1.697 |******                                   118
       1.728 |*****                                    106
       1.759 |*****                                    105
       1.791 |*****                                    115
       1.824 |*****                                    99
       1.857 |****                                     93
       1.891 |****                                     79
       1.925 |****                                     81
       1.960 |***                                      63
       1.996 |***                                      66
       2.032 |***                                      65
       2.069 |***                                      56
       2.106 |***                                      65
       2.145 |**                                       45
       2.184 |**                                       44
       2.223 |**                                       52
       2.264 |**                                       37
       2.305 |**                                       41
       2.347 |**                                       40
       2.389 |**                                       34
       2.433 |**                                       49
       2.477 |**                                       39
       2.522 |**                                       40
       2.568 |**                                       33
       2.615 |*                                        23
       2.662 |*                                        28
       2.710 |*                                        28
       2.760 |**                                       36
       2.810 |*                                        26
       2.861 |*                                        31
       2.913 |*                                        30
       2.966 |**                                       32
       3.020 |*                                        26
       3.075 |**                                       33
       3.130 |*                                        28
       3.187 |*                                        27
       3.245 |*                                        22
       3.304 |*                                        15
       3.364 |*                                        22
       3.425 |*                                        15
       3.488 |*                                        18
       3.551 |                                         10
       3.615 |*                                        11
       3.681 |*                                        12
       3.748 |*                                        12
       3.816 |                                         6
       3.885 |                                         7
       3.956 |                                         9
       4.028 |                                         3
       4.101 |                                         4
       4.176 |                                         6
       4.252 |                                         6
       4.329 |                                         3
       4.407 |                                         2
       4.487 |                                         7
       4.569 |                                         3
       4.652 |                                         3
       4.737 |                                         2
       4.910 |                                         4
       4.999 |                                         6
       5.090 |                                         6
       5.183 |                                         5
       5.277 |                                         6
       5.373 |                                         2
       5.470 |                                         2
       5.570 |                                         1
       5.671 |                                         3
       5.774 |                                         1
       5.879 |                                         5
       5.986 |                                         3
       6.095 |                                         2
       6.205 |                                         5
       6.318 |                                         1
       6.433 |                                         4
       6.790 |                                         1
       6.913 |                                         1
       7.297 |                                         1
       7.430 |                                         2
       7.985 |                                         1
       8.581 |                                         1
       9.057 |                                         1
       9.560 |                                         1
       9.910 |                                         2
      10.460 |                                         1
      14.207 |                                         1
 
SQL statistics:
    queries performed:
        read:                            0
        write:                           30250
        other:                           0
        total:                           30250
    transactions:                        30250  (1007.75 per sec.)
    queries:                             30250  (1007.75 per sec.)
    ignored errors:                      0      (0.00 per sec.)
    reconnects:                          0      (0.00 per sec.)

General statistics:
    total time:                          30.0168s
    total number of events:              30250

Latency (ms):
         min:                                    0.53
         avg:                                    1.14
         max:                                   14.32
         95th percentile:                        1.89
         sum:                                34585.06

Threads fairness:
    events (avg/stddev):           945.3125/5.63
    execution time (avg/stddev):   1.0808/0.02




sysbench 1.0.20 (using system LuaJIT 2.1.0-beta3)

Running the test with following options:
Number of threads: 32
Target transaction rate: 1000/sec
Initializing random number generator from current time


Initializing worker threads...

Threads started!

Latency histogram (values are in milliseconds)
       value  ------------- distribution ------------- count
       0.546 |                                         1
       0.556 |                                         1
       0.566 |                                         3
       0.576 |                                         8
       0.587 |*                                        19
       0.597 |*                                        33
       0.608 |***                                      74
       0.619 |****                                     89
       0.630 |*****                                    133
       0.642 |*******                                  170
       0.654 |*********                                213
       0.665 |*********                                232
       0.677 |**********                               242
       0.690 |***********                              276
       0.702 |**************                           351
       0.715 |*************                            319
       0.728 |******************                       441
       0.741 |**********************                   540
       0.755 |***********************                  568
       0.768 |***************************              676
       0.782 |********************************         808
       0.797 |********************************         789
       0.811 |**********************************       841
       0.826 |************************************     908
       0.841 |************************************     904
       0.856 |*************************************    913
       0.872 |**************************************** 996
       0.888 |*************************************    915
       0.904 |*************************************    932
       0.920 |***************************************  964
       0.937 |*************************************    929
       0.954 |************************************     885
       0.971 |************************************     903
       0.989 |**********************************       854
       1.007 |*******************************          779
       1.025 |*********************************        829
       1.044 |*******************************          778
       1.063 |****************************             691
       1.082 |***************************              665
       1.102 |*************************                627
       1.122 |************************                 606
       1.142 |************************                 593
       1.163 |***********************                  574
       1.184 |*********************                    524
       1.205 |*******************                      472
       1.227 |******************                       441
       1.250 |*****************                        432
       1.272 |****************                         395
       1.295 |***************                          377
       1.319 |*************                            318
       1.343 |************                             300
       1.367 |***********                              264
       1.392 |**********                               251
       1.417 |*********                                212
       1.443 |********                                 194
       1.469 |*******                                  164
       1.496 |*******                                  172
       1.523 |******                                   155
       1.551 |*****                                    127
       1.579 |*****                                    123
       1.608 |*****                                    115
       1.637 |****                                     110
       1.667 |*****                                    117
       1.697 |***                                      85
       1.728 |***                                      73
       1.759 |***                                      66
       1.791 |**                                       57
       1.824 |**                                       52
       1.857 |**                                       51
       1.891 |**                                       44
       1.925 |*                                        34
       1.960 |**                                       38
       1.996 |*                                        36
       2.032 |**                                       48
       2.069 |*                                        34
       2.106 |*                                        36
       2.145 |*                                        30
       2.184 |*                                        24
       2.223 |*                                        28
       2.264 |*                                        27
       2.305 |*                                        26
       2.347 |*                                        33
       2.389 |*                                        32
       2.433 |*                                        20
       2.477 |*                                        23
       2.522 |*                                        34
       2.568 |*                                        31
       2.615 |*                                        31
       2.662 |*                                        28
       2.710 |*                                        26
       2.760 |*                                        28
       2.810 |*                                        25
       2.861 |*                                        37
       2.913 |*                                        28
       2.966 |*                                        24
       3.020 |*                                        24
       3.075 |*                                        32
       3.130 |*                                        24
       3.187 |*                                        25
       3.245 |*                                        20
       3.304 |*                                        15
       3.364 |*                                        26
       3.425 |*                                        20
       3.488 |*                                        15
       3.551 |                                         10
       3.615 |                                         9
       3.681 |                                         4
       3.748 |                                         6
       3.816 |                                         6
       3.885 |                                         5
       3.956 |                                         5
       4.028 |                                         4
       4.101 |                                         3
       4.176 |                                         2
       4.252 |                                         4
       4.329 |                                         3
       4.407 |                                         5
       4.487 |                                         2
       4.569 |                                         3
       4.652 |                                         3
       4.737 |                                         2
       4.823 |                                         2
       4.910 |                                         2
       5.090 |                                         5
       5.183 |                                         3
       5.277 |                                         2
       5.373 |                                         2
       5.470 |                                         5
       5.570 |                                         2
       5.671 |                                         2
       5.774 |                                         2
       5.879 |                                         1
       6.095 |                                         1
       6.205 |                                         1
       6.433 |                                         2
       6.669 |                                         1
       6.790 |                                         1
       7.167 |                                         1
       7.702 |                                         1
       7.842 |                                         1
 
SQL statistics:
    queries performed:
        read:                            0
        write:                           29838
        other:                           0
        total:                           29838
    transactions:                        29838  (994.01 per sec.)
    queries:                             29838  (994.01 per sec.)
    ignored errors:                      0      (0.00 per sec.)
    reconnects:                          0      (0.00 per sec.)

General statistics:
    total time:                          30.0175s
    total number of events:              29838

Latency (ms):
         min:                                    0.54
         avg:                                    1.06
         max:                                    7.87
         95th percentile:                        1.70
         sum:                                31610.68

Threads fairness:
    events (avg/stddev):           932.4375/6.11
    execution time (avg/stddev):   0.9878/0.02




sysbench 1.0.20 (using system LuaJIT 2.1.0-beta3)

Running the test with following options:
Number of threads: 32
Target transaction rate: 1000/sec
Initializing random number generator from current time


Initializing worker threads...

Threads started!

Latency histogram (values are in milliseconds)
       value  ------------- distribution ------------- count
       0.556 |                                         3
       0.566 |                                         5
       0.576 |                                         9
       0.587 |*                                        22
       0.597 |**                                       45
       0.608 |**                                       61
       0.619 |***                                      72
       0.630 |*****                                    139
       0.642 |*****                                    134
       0.654 |*******                                  199
       0.665 |********                                 224
       0.677 |*********                                258
       0.690 |**********                               278
       0.702 |************                             318
       0.715 |*************                            356
       0.728 |****************                         442
       0.741 |********************                     548
       0.755 |*************************                693
       0.768 |***************************              743
       0.782 |******************************           811
       0.797 |*******************************          845
       0.811 |***********************************      946
       0.826 |************************************     976
       0.841 |************************************     980
       0.856 |**************************************   1042
       0.872 |**************************************   1030
       0.888 |*************************************    1020
       0.904 |**************************************** 1090
       0.920 |*************************************    1007
       0.937 |***********************************      949
       0.954 |**********************************       940
       0.971 |**********************************       913
       0.989 |*********************************        891
       1.007 |*******************************          844
       1.025 |*****************************            803
       1.044 |***************************              734
       1.063 |**************************               697
       1.082 |*************************                688
       1.102 |*************************                679
       1.122 |**********************                   587
       1.142 |*********************                    583
       1.163 |******************                       492
       1.184 |******************                       499
       1.205 |****************                         441
       1.227 |*************                            357
       1.250 |***************                          407
       1.272 |************                             328
       1.295 |***********                              293
       1.319 |***********                              287
       1.343 |*********                                238
       1.367 |********                                 225
       1.392 |********                                 216
       1.417 |*******                                  202
       1.443 |******                                   159
       1.469 |******                                   162
       1.496 |*****                                    133
       1.523 |*****                                    127
       1.551 |****                                     96
       1.579 |****                                     102
       1.608 |***                                      95
       1.637 |***                                      91
       1.667 |***                                      72
       1.697 |***                                      78
       1.728 |**                                       58
       1.759 |**                                       43
       1.791 |**                                       61
       1.824 |**                                       58
       1.857 |**                                       61
       1.891 |**                                       45
       1.925 |*                                        36
       1.960 |**                                       46
       1.996 |*                                        29
       2.032 |*                                        38
       2.069 |**                                       41
       2.106 |*                                        36
       2.145 |*                                        35
       2.184 |*                                        29
       2.223 |*                                        25
       2.264 |*                                        26
       2.305 |*                                        23
       2.347 |*                                        27
       2.389 |*                                        22
       2.433 |*                                        27
       2.477 |*                                        29
       2.522 |*                                        25
       2.568 |*                                        22
       2.615 |*                                        17
       2.662 |*                                        27
       2.710 |*                                        20
       2.760 |*                                        23
       2.810 |*                                        24
       2.861 |*                                        22
       2.913 |*                                        17
       2.966 |*                                        29
       3.020 |*                                        25
       3.075 |*                                        25
       3.130 |*                                        22
       3.187 |*                                        18
       3.245 |*                                        22
       3.304 |                                         12
       3.364 |                                         8
       3.425 |                                         8
       3.488 |                                         12
       3.551 |                                         12
       3.615 |                                         9
       3.681 |                                         12
       3.748 |                                         12
       3.816 |                                         7
       3.885 |                                         11
       3.956 |                                         5
       4.028 |                                         8
       4.101 |                                         10
       4.176 |                                         4
       4.252 |                                         7
       4.329 |                                         6
       4.407 |                                         8
       4.487 |                                         5
       4.569 |                                         3
       4.652 |                                         4
       4.737 |                                         2
       4.823 |                                         2
       4.910 |                                         2
       4.999 |                                         3
       5.090 |                                         2
       5.183 |                                         3
       5.277 |                                         2
       5.373 |                                         3
       5.470 |                                         3
       5.570 |                                         2
       5.671 |                                         5
       5.774 |                                         4
       5.879 |                                         5
       5.986 |                                         4
       6.205 |                                         2
       6.318 |                                         4
       6.433 |                                         6
       7.167 |                                         1
       7.297 |                                         2
       7.702 |                                         1
       7.842 |                                         1
 
SQL statistics:
    queries performed:
        read:                            0
        write:                           30059
        other:                           0
        total:                           30059
    transactions:                        30059  (1001.43 per sec.)
    queries:                             30059  (1001.43 per sec.)
    ignored errors:                      0      (0.00 per sec.)
    reconnects:                          0      (0.00 per sec.)

General statistics:
    total time:                          30.0156s
    total number of events:              30059

Latency (ms):
         min:                                    0.55
         avg:                                    1.04
         max:                                    7.84
         95th percentile:                        1.67
         sum:                                31406.67

Threads fairness:
    events (avg/stddev):           939.3438/5.19
    execution time (avg/stddev):   0.9815/0.01




sysbench 1.0.20 (using system LuaJIT 2.1.0-beta3)

Running the test with following options:
Number of threads: 32
Target transaction rate: 1000/sec
Initializing random number generator from current time


Initializing worker threads...

Threads started!

Latency histogram (values are in milliseconds)
       value  ------------- distribution ------------- count
       0.527 |                                         1
       0.536 |                                         1
       0.546 |                                         5
       0.556 |                                         5
       0.566 |*                                        29
       0.576 |*                                        41
       0.587 |***                                      73
       0.597 |****                                     106
       0.608 |*****                                    126
       0.619 |******                                   169
       0.630 |********                                 213
       0.642 |********                                 224
       0.654 |**********                               262
       0.665 |**********                               278
       0.677 |************                             340
       0.690 |**************                           375
       0.702 |******************                       493
       0.715 |*********************                    582
       0.728 |****************************             770
       0.741 |******************************           815
       0.755 |*******************************          866
       0.768 |**********************************       942
       0.782 |************************************     1005
       0.797 |**************************************** 1096
       0.811 |**************************************   1049
       0.826 |**************************************** 1103
       0.841 |***************************************  1075
       0.856 |*************************************    1020
       0.872 |**************************************   1038
       0.888 |**************************************   1059
       0.904 |*************************************    1012
       0.920 |*********************************        918
       0.937 |********************************         895
       0.954 |******************************           839
       0.971 |***************************              751
       0.989 |***************************              739
       1.007 |*************************                688
       1.025 |************************                 654
       1.044 |************************                 661
       1.063 |**********************                   601
       1.082 |*******************                      536
       1.102 |*****************                        468
       1.122 |*****************                        468
       1.142 |***************                          418
       1.163 |***************                          406
       1.184 |*************                            352
       1.205 |*************                            366
       1.227 |***********                              303
       1.250 |***********                              299
       1.272 |*********                                254
       1.295 |*********                                242
       1.319 |********                                 210
       1.343 |*******                                  180
       1.367 |******                                   162
       1.392 |*******                                  190
       1.417 |******                                   158
       1.443 |*****                                    139
       1.469 |*****                                    125
       1.496 |****                                     111
       1.523 |***                                      79
       1.551 |***                                      84
       1.579 |***                                      69
       1.608 |**                                       62
       1.637 |**                                       64
       1.667 |**                                       65
       1.697 |**                                       42
       1.728 |**                                       57
       1.759 |**                                       45
       1.791 |**                                       45
       1.824 |**                                       44
       1.857 |*                                        26
       1.891 |*                                        25
       1.925 |*                                        31
       1.960 |*                                        37
       1.996 |*                                        27
       2.032 |*                                        25
       2.069 |*                                        24
       2.106 |*                                        35
       2.145 |*                                        14
       2.184 |*                                        22
       2.223 |*                                        24
       2.264 |*                                        20
       2.305 |*                                        29
       2.347 |*                                        26
       2.389 |*                                        25
       2.433 |*                                        21
       2.477 |*                                        23
       2.522 |*                                        24
       2.568 |*                                        30
       2.615 |*                                        26
       2.662 |*                                        27
       2.710 |*                                        33
       2.760 |*                                        19
       2.810 |*                                        28
       2.861 |*                                        17
       2.913 |*                                        27
       2.966 |*                                        21
       3.020 |*                                        20
       3.075 |*                                        19
       3.130 |*                                        22
       3.187 |*                                        23
       3.245 |*                                        24
       3.304 |*                                        21
       3.364 |                                         11
       3.425 |*                                        16
       3.488 |*                                        16
       3.551 |                                         8
       3.615 |                                         9
       3.681 |                                         10
       3.748 |                                         5
       3.816 |                                         5
       3.885 |                                         10
       3.956 |                                         6
       4.028 |                                         2
       4.101 |                                         7
       4.176 |                                         6
       4.252 |                                         2
       4.329 |                                         1
       4.407 |                                         2
       4.487 |                                         1
       4.569 |                                         1
       4.652 |                                         2
       4.823 |                                         3
       4.910 |                                         6
       4.999 |                                         4
       5.090 |                                         3
       5.183 |                                         6
       5.277 |                                         4
       5.373 |                                         2
       5.470 |                                         2
       5.671 |                                         1
       5.774 |                                         3
       5.879 |                                         2
       6.095 |                                         1
       6.205 |                                         1
       6.318 |                                         1
       6.550 |                                         1
       6.913 |                                         1
       8.277 |                                         1
       8.428 |                                         1
       8.737 |                                         2
       9.389 |                                         1
 
SQL statistics:
    queries performed:
        read:                            0
        write:                           29943
        other:                           0
        total:                           29943
    transactions:                        29943  (997.56 per sec.)
    queries:                             29943  (997.56 per sec.)
    ignored errors:                      0      (0.00 per sec.)
    reconnects:                          0      (0.00 per sec.)

General statistics:
    total time:                          30.0158s
    total number of events:              29943

Latency (ms):
         min:                                    0.53
         avg:                                    0.99
         max:                                    9.34
         95th percentile:                        1.55
         sum:                                29761.04

Threads fairness:
    events (avg/stddev):           935.7188/4.76
    execution time (avg/stddev):   0.9300/0.01




sysbench 1.0.20 (using system LuaJIT 2.1.0-beta3)

Running the test with following options:
Number of threads: 32
Target transaction rate: 1000/sec
Initializing random number generator from current time


Initializing worker threads...

Threads started!

Latency histogram (values are in milliseconds)
       value  ------------- distribution ------------- count
       0.536 |                                         2
       0.566 |                                         10
       0.576 |*                                        26
       0.587 |**                                       46
       0.597 |**                                       64
       0.608 |****                                     103
       0.619 |*******                                  186
       0.630 |******                                   161
       0.642 |*********                                241
       0.654 |*********                                252
       0.665 |*********                                257
       0.677 |************                             322
       0.690 |************                             331
       0.702 |*****************                        464
       0.715 |********************                     551
       0.728 |***********************                  650
       0.741 |***************************              762
       0.755 |********************************         882
       0.768 |**********************************       955
       0.782 |************************************     1010
       0.797 |**************************************** 1104
       0.811 |***************************************  1095
       0.826 |***************************************  1073
       0.841 |**************************************** 1099
       0.856 |**************************************   1044
       0.872 |**************************************** 1111
       0.888 |***********************************      981
       0.904 |************************************     1010
       0.920 |*************************************    1030
       0.937 |***********************************      961
       0.954 |*******************************          855
       0.971 |********************************         876
       0.989 |*****************************            814
       1.007 |*************************                682
       1.025 |*************************                706
       1.044 |*************************                691
       1.063 |*********************                    592
       1.082 |*********************                    583
       1.102 |********************                     554
       1.122 |*******************                      533
       1.142 |****************                         439
       1.163 |****************                         438
       1.184 |*************                            373
       1.205 |************                             339
       1.227 |**********                               289
       1.250 |**********                               267
       1.272 |**********                               272
       1.295 |********                                 231
       1.319 |********                                 219
       1.343 |*******                                  200
       1.367 |******                                   170
       1.392 |******                                   169
       1.417 |*****                                    143
       1.443 |*****                                    137
       1.469 |****                                     122
       1.496 |****                                     109
       1.523 |****                                     99
       1.551 |***                                      77
       1.579 |***                                      78
       1.608 |**                                       66
       1.637 |**                                       47
       1.667 |**                                       45
       1.697 |**                                       48
       1.728 |**                                       43
       1.759 |*                                        28
       1.791 |*                                        39
       1.824 |*                                        31
       1.857 |*                                        38
       1.891 |*                                        23
       1.925 |*                                        26
       1.960 |*                                        23
       1.996 |*                                        24
       2.032 |                                         12
       2.069 |*                                        17
       2.106 |*                                        25
       2.145 |*                                        29
       2.184 |*                                        25
       2.223 |*                                        21
       2.264 |                                         11
       2.305 |*                                        30
       2.347 |                                         12
       2.389 |                                         13
       2.433 |*                                        24
       2.477 |*                                        24
       2.522 |*                                        29
       2.568 |*                                        18
       2.615 |*                                        31
       2.662 |*                                        18
       2.710 |*                                        23
       2.760 |*                                        20
       2.810 |*                                        18
       2.861 |*                                        18
       2.913 |*                                        21
       2.966 |*                                        22
       3.020 |*                                        22
       3.075 |*                                        18
       3.130 |*                                        27
       3.187 |*                                        28
       3.245 |*                                        16
       3.304 |                                         10
       3.364 |*                                        17
       3.425 |                                         9
       3.488 |                                         13
       3.551 |                                         9
       3.615 |                                         7
       3.681 |                                         5
       3.748 |                                         3
       3.816 |                                         5
       3.885 |                                         4
       3.956 |                                         3
       4.028 |                                         5
       4.101 |                                         6
       4.176 |                                         4
       4.252 |                                         6
       4.329 |                                         2
       4.407 |                                         4
       4.487 |                                         1
       4.569 |                                         5
       4.652 |                                         2
       4.737 |                                         4
       4.823 |                                         2
       4.999 |                                         5
       5.090 |                                         5
       5.183 |                                         4
       5.277 |                                         4
       5.373 |                                         5
       5.470 |                                         3
       5.570 |                                         6
       5.671 |                                         2
       5.774 |                                         6
       5.879 |                                         3
       6.205 |                                         1
       6.318 |                                         3
       6.790 |                                         1
       6.913 |                                         2
       7.167 |                                         2
       7.430 |                                         1
       7.565 |                                         2
       7.842 |                                         2
       8.581 |                                         1
 
SQL statistics:
    queries performed:
        read:                            0
        write:                           30077
        other:                           0
        total:                           30077
    transactions:                        30077  (1001.99 per sec.)
    queries:                             30077  (1001.99 per sec.)
    ignored errors:                      0      (0.00 per sec.)
    reconnects:                          0      (0.00 per sec.)

General statistics:
    total time:                          30.0169s
    total number of events:              30077

Latency (ms):
         min:                                    0.54
         avg:                                    0.99
         max:                                    8.52
         95th percentile:                        1.50
         sum:                                29899.81

Threads fairness:
    events (avg/stddev):           939.9062/4.86
    execution time (avg/stddev):   0.9344/0.01




sysbench 1.0.20 (using system LuaJIT 2.1.0-beta3)

Running the test with following options:
Number of threads: 32
Target transaction rate: 1000/sec
Initializing random number generator from current time


Initializing worker threads...

Threads started!

Latency histogram (values are in milliseconds)
       value  ------------- distribution ------------- count
       0.546 |                                         4
       0.556 |                                         2
       0.566 |                                         12
       0.576 |*                                        34
       0.587 |**                                       64
       0.597 |***                                      87
       0.608 |****                                     110
       0.619 |*****                                    130
       0.630 |******                                   158
       0.642 |********                                 214
       0.654 |*********                                254
       0.665 |**********                               264
       0.677 |***********                              305
       0.690 |***************                          399
       0.702 |***************                          416
       0.715 |*******************                      519
       0.728 |*************************                663
       0.741 |****************************             739
       0.755 |*********************************        892
       0.768 |**********************************       913
       0.782 |***********************************      945
       0.797 |*************************************    993
       0.811 |**************************************** 1074
       0.826 |*************************************    1003
       0.841 |**************************************** 1073
       0.856 |***************************************  1057
       0.872 |**************************************** 1068
       0.888 |************************************     960
       0.904 |**************************************   1019
       0.920 |*************************************    1001
       0.937 |**********************************       922
       0.954 |*********************************        890
       0.971 |********************************         871
       0.989 |*****************************            772
       1.007 |***************************              718
       1.025 |**************************               688
       1.044 |************************                 649
       1.063 |***********************                  619
       1.082 |***********************                  614
       1.102 |*********************                    554
       1.122 |*******************                      501
       1.142 |*******************                      497
       1.163 |****************                         436
       1.184 |**************                           386
       1.205 |***************                          403
       1.227 |************                             325
       1.250 |**********                               268
       1.272 |**********                               257
       1.295 |********                                 225
       1.319 |********                                 208
       1.343 |*******                                  191
       1.367 |*******                                  179
       1.392 |******                                   155
       1.417 |*****                                    121
       1.443 |****                                     111
       1.469 |****                                     102
       1.496 |****                                     94
       1.523 |***                                      89
       1.551 |***                                      73
       1.579 |***                                      73
       1.608 |**                                       57
       1.637 |**                                       63
       1.667 |**                                       61
       1.697 |*                                        40
       1.728 |**                                       47
       1.759 |**                                       51
       1.791 |*                                        40
       1.824 |*                                        39
       1.857 |*                                        30
       1.891 |*                                        35
       1.925 |*                                        28
       1.960 |*                                        32
       1.996 |*                                        20
       2.032 |*                                        30
       2.069 |*                                        26
       2.106 |*                                        16
       2.145 |*                                        24
       2.184 |*                                        25
       2.223 |*                                        28
       2.264 |*                                        30
       2.305 |*                                        23
       2.347 |*                                        22
       2.389 |*                                        24
       2.433 |*                                        27
       2.477 |*                                        32
       2.522 |*                                        20
       2.568 |*                                        21
       2.615 |*                                        25
       2.662 |*                                        27
       2.710 |*                                        25
       2.760 |*                                        22
       2.810 |*                                        27
       2.861 |*                                        28
       2.913 |*                                        22
       2.966 |*                                        26
       3.020 |*                                        30
       3.075 |*                                        24
       3.130 |*                                        22
       3.187 |*                                        29
       3.245 |*                                        15
       3.304 |                                         10
       3.364 |*                                        15
       3.425 |*                                        16
       3.488 |                                         11
       3.551 |                                         12
       3.615 |                                         7
       3.681 |                                         4
       3.748 |                                         9
       3.816 |                                         7
       3.885 |                                         8
       3.956 |                                         4
       4.028 |                                         6
       4.101 |                                         7
       4.176 |                                         7
       4.252 |                                         6
       4.329 |                                         6
       4.407 |                                         5
       4.487 |                                         10
       4.569 |                                         11
       4.652 |                                         8
       4.737 |                                         1
       4.823 |                                         1
       4.910 |                                         2
       4.999 |                                         2
       5.090 |                                         7
       5.183 |                                         1
       5.277 |                                         7
       5.373 |                                         4
       5.470 |                                         2
       5.570 |                                         6
       5.671 |                                         2
       5.774 |                                         7
       5.879 |                                         4
       5.986 |                                         3
       6.095 |                                         2
       6.205 |                                         1
       6.318 |                                         1
       6.433 |                                         1
       6.550 |                                         1
       6.790 |                                         2
       6.913 |                                         1
       7.039 |                                         2
       7.167 |                                         3
       7.430 |                                         2
       7.702 |                                         2
       7.842 |                                         3
       7.985 |                                         5
       8.130 |                                         1
       8.277 |                                         1
       8.581 |                                         1
       8.737 |                                         2
       8.895 |                                         3
       9.560 |                                         1
       9.734 |                                         2
       9.910 |                                         2
      10.090 |                                         1
      10.274 |                                         1
      10.460 |                                         2
      11.041 |                                         1
      11.242 |                                         2
      11.446 |                                         1
 
SQL statistics:
    queries performed:
        read:                            0
        write:                           29841
        other:                           0
        total:                           29841
    transactions:                        29841  (994.19 per sec.)
    queries:                             29841  (994.19 per sec.)
    ignored errors:                      0      (0.00 per sec.)
    reconnects:                          0      (0.00 per sec.)

General statistics:
    total time:                          30.0150s
    total number of events:              29841

Latency (ms):
         min:                                    0.55
         avg:                                    1.02
         max:                                   11.39
         95th percentile:                        1.58
         sum:                                30328.62

Threads fairness:
    events (avg/stddev):           932.5312/5.50
    execution time (avg/stddev):   0.9478/0.01




sysbench 1.0.20 (using system LuaJIT 2.1.0-beta3)

Running the test with following options:
Number of threads: 32
Target transaction rate: 1000/sec
Initializing random number generator from current time


Initializing worker threads...

Threads started!

Latency histogram (values are in milliseconds)
       value  ------------- distribution ------------- count
       0.546 |                                         1
       0.556 |                                         4
       0.566 |                                         10
       0.576 |*                                        39
       0.587 |**                                       51
       0.597 |***                                      93
       0.608 |*****                                    149
       0.619 |*******                                  180
       0.630 |********                                 227
       0.642 |**********                               275
       0.654 |************                             320
       0.665 |***********                              303
       0.677 |*************                            363
       0.690 |***************                          406
       0.702 |*****************                        457
       0.715 |*********************                    586
       0.728 |***********************                  644
       0.741 |*************************                701
       0.755 |******************************           838
       0.768 |*******************************          867
       0.782 |*********************************        921
       0.797 |*************************************    1018
       0.811 |*************************************    1026
       0.826 |*************************************    1029
       0.841 |**************************************   1036
       0.856 |**************************************** 1105
       0.872 |***************************************  1076
       0.888 |*************************************    1013
       0.904 |************************************     986
       0.920 |**********************************       927
       0.937 |**********************************       933
       0.954 |*********************************        908
       0.971 |*****************************            801
       0.989 |******************************           826
       1.007 |****************************             767
       1.025 |*************************                695
       1.044 |************************                 675
       1.063 |**********************                   607
       1.082 |********************                     561
       1.102 |********************                     555
       1.122 |*******************                      527
       1.142 |***************                          426
       1.163 |****************                         433
       1.184 |**************                           375
       1.205 |************                             337
       1.227 |************                             336
       1.250 |**********                               286
       1.272 |**********                               278
       1.295 |********                                 223
       1.319 |********                                 232
       1.343 |********                                 216
       1.367 |******                                   164
       1.392 |******                                   154
       1.417 |******                                   168
       1.443 |*****                                    144
       1.469 |***                                      93
       1.496 |****                                     98
       1.523 |****                                     100
       1.551 |***                                      87
       1.579 |***                                      74
       1.608 |***                                      78
       1.637 |***                                      80
       1.667 |**                                       57
       1.697 |**                                       58
       1.728 |**                                       45
       1.759 |**                                       46
       1.791 |**                                       52
       1.824 |**                                       45
       1.857 |*                                        33
       1.891 |*                                        33
       1.925 |*                                        40
       1.960 |*                                        18
       1.996 |*                                        20
       2.032 |*                                        18
       2.069 |*                                        22
       2.106 |*                                        16
       2.145 |*                                        25
       2.184 |*                                        27
       2.223 |*                                        22
       2.264 |*                                        23
       2.305 |*                                        23
       2.347 |*                                        22
       2.389 |*                                        18
       2.433 |*                                        16
       2.477 |*                                        22
       2.522 |*                                        17
       2.568 |*                                        20
       2.615 |*                                        16
       2.662 |*                                        14
       2.710 |*                                        27
       2.760 |*                                        24
       2.810 |*                                        17
       2.861 |*                                        18
       2.913 |*                                        25
       2.966 |*                                        19
       3.020 |*                                        20
       3.075 |*                                        25
       3.130 |*                                        20
       3.187 |*                                        21
       3.245 |                                         13
       3.304 |*                                        20
       3.364 |*                                        19
       3.425 |                                         9
       3.488 |*                                        15
       3.551 |                                         12
       3.615 |                                         8
       3.681 |                                         6
       3.748 |                                         5
       3.816 |                                         6
       3.885 |                                         1
       3.956 |                                         8
       4.101 |                                         2
       4.176 |                                         2
       4.252 |                                         5
       4.329 |                                         3
       4.407 |                                         2
       4.487 |                                         2
       4.569 |                                         5
       4.652 |                                         4
       4.737 |                                         4
       4.823 |                                         3
       4.910 |                                         3
       4.999 |                                         2
       5.090 |                                         6
       5.183 |                                         5
       5.277 |                                         3
       5.373 |                                         3
       5.470 |                                         1
       5.570 |                                         1
       5.671 |                                         2
       5.774 |                                         2
       5.879 |                                         2
       6.318 |                                         1
       6.433 |                                         1
       6.550 |                                         1
       6.669 |                                         1
       6.790 |                                         1
       6.913 |                                         1
       7.039 |                                         1
       7.297 |                                         1
       7.430 |                                         1
       8.428 |                                         1
       8.581 |                                         1
       8.895 |                                         3
       9.057 |                                         1
       9.560 |                                         1
       9.734 |                                         1
      10.460 |                                         1
      11.041 |                                         1
      11.446 |                                         1
      11.654 |                                         2
      12.081 |                                         1
 
SQL statistics:
    queries performed:
        read:                            0
        write:                           30079
        other:                           0
        total:                           30079
    transactions:                        30079  (1002.11 per sec.)
    queries:                             30079  (1002.11 per sec.)
    ignored errors:                      0      (0.00 per sec.)
    reconnects:                          0      (0.00 per sec.)

General statistics:
    total time:                          30.0154s
    total number of events:              30079

Latency (ms):
         min:                                    0.55
         avg:                                    1.00
         max:                                   12.07
         95th percentile:                        1.55
         sum:                                29981.96

Threads fairness:
    events (avg/stddev):           939.9688/4.29
    execution time (avg/stddev):   0.9369/0.01




sysbench 1.0.20 (using system LuaJIT 2.1.0-beta3)

Running the test with following options:
Number of threads: 32
Target transaction rate: 1000/sec
Initializing random number generator from current time


Initializing worker threads...

Threads started!

Latency histogram (values are in milliseconds)
       value  ------------- distribution ------------- count
       0.527 |                                         1
       0.536 |                                         3
       0.546 |                                         8
       0.556 |*                                        15
       0.566 |**                                       45
       0.576 |**                                       64
       0.587 |****                                     101
       0.597 |******                                   155
       0.608 |********                                 220
       0.619 |**********                               271
       0.630 |***********                              296
       0.642 |************                             323
       0.654 |***********                              311
       0.665 |**************                           383
       0.677 |**************                           390
       0.690 |*******************                      520
       0.702 |**********************                   608
       0.715 |**************************               724
       0.728 |*****************************            821
       0.741 |*********************************        921
       0.755 |************************************     996
       0.768 |**************************************   1065
       0.782 |***************************************  1082
       0.797 |**************************************   1059
       0.811 |**************************************   1061
       0.826 |**************************************   1068
       0.841 |**************************************** 1117
       0.856 |***************************************  1078
       0.872 |************************************     1010
       0.888 |**********************************       954
       0.904 |*********************************        933
       0.920 |*********************************        914
       0.937 |********************************         892
       0.954 |****************************             784
       0.971 |****************************             773
       0.989 |************************                 681
       1.007 |************************                 672
       1.025 |*********************                    586
       1.044 |*********************                    595
       1.063 |*******************                      517
       1.082 |*******************                      526
       1.102 |****************                         454
       1.122 |***************                          420
       1.142 |**************                           396
       1.163 |************                             331
       1.184 |***********                              317
       1.205 |**********                               284
       1.227 |*********                                246
       1.250 |********                                 218
       1.272 |*******                                  199
       1.295 |******                                   177
       1.319 |******                                   169
       1.343 |******                                   171
       1.367 |******                                   157
       1.392 |****                                     119
       1.417 |****                                     102
       1.443 |***                                      87
       1.469 |***                                      84
       1.496 |***                                      93
       1.523 |**                                       63
       1.551 |**                                       65
       1.579 |**                                       60
       1.608 |**                                       57
       1.637 |**                                       49
       1.667 |**                                       47
       1.697 |*                                        38
       1.728 |*                                        33
       1.759 |*                                        36
       1.791 |*                                        27
       1.824 |*                                        41
       1.857 |*                                        27
       1.891 |*                                        29
       1.925 |*                                        28
       1.960 |*                                        24
       1.996 |*                                        30
       2.032 |*                                        19
       2.069 |*                                        28
       2.106 |*                                        37
       2.145 |*                                        26
       2.184 |*                                        33
       2.223 |*                                        22
       2.264 |*                                        26
       2.305 |*                                        16
       2.347 |*                                        21
       2.389 |*                                        19
       2.433 |*                                        21
       2.477 |*                                        16
       2.522 |*                                        25
       2.568 |*                                        23
       2.615 |*                                        29
       2.662 |*                                        21
       2.710 |*                                        18
       2.760 |*                                        21
       2.810 |*                                        20
       2.861 |*                                        22
       2.913 |*                                        19
       2.966 |*                                        22
       3.020 |*                                        19
       3.075 |*                                        19
       3.130 |*                                        16
       3.187 |*                                        17
       3.245 |*                                        19
       3.304 |*                                        17
       3.364 |                                         13
       3.425 |                                         12
       3.488 |                                         11
       3.551 |                                         7
       3.615 |                                         3
       3.681 |                                         10
       3.748 |                                         4
       3.885 |                                         6
       3.956 |                                         2
       4.028 |                                         2
       4.101 |                                         3
       4.176 |                                         5
       4.252 |                                         4
       4.329 |                                         4
       4.407 |                                         6
       4.487 |                                         1
       4.569 |                                         1
       4.652 |                                         4
       4.737 |                                         4
       4.823 |                                         1
       4.910 |                                         6
       4.999 |                                         2
       5.090 |                                         5
       5.183 |                                         4
       5.277 |                                         5
       5.373 |                                         5
       5.470 |                                         3
       5.570 |                                         3
       5.774 |                                         1
 
SQL statistics:
    queries performed:
        read:                            0
        write:                           29969
        other:                           0
        total:                           29969
    transactions:                        29969  (998.42 per sec.)
    queries:                             29969  (998.42 per sec.)
    ignored errors:                      0      (0.00 per sec.)
    reconnects:                          0      (0.00 per sec.)

General statistics:
    total time:                          30.0161s
    total number of events:              29969

Latency (ms):
         min:                                    0.53
         avg:                                    0.96
         max:                                    5.73
         95th percentile:                        1.47
         sum:                                28738.60

Threads fairness:
    events (avg/stddev):           936.5312/6.13
    execution time (avg/stddev):   0.8981/0.01


