muscle_id,family,muscle,realm,template,preset,knob,label,primary,primary_lo,primary_hi,work,work_lo,energy,viol_pp,viol_pp_hi,writes_per_run,native_viol_share,valid,fixed_calm_label,fixed_calm_primary
161,AI Inference Serving,model_replicas,compute_ai_cloud,compute_pool,gpu,capacity,NONINFERIOR / INCONCLUSIVE,0.00000,0.00000,0.00000,0.00000,0.00000,0.00000,0.000,0.000,0.0,0.0363,True,,
162,AI Inference Serving,model_route_weight,compute_ai_cloud,compute_pool,gpu,setpoint,NONINFERIOR / INCONCLUSIVE,0.00000,0.00000,0.00000,0.00000,0.00000,0.00000,0.000,0.000,0.0,0.0332,True,ENERGY IMPROVEMENT WITH SERVICE TRADEOFF,0.16695
163,AI Inference Serving,model_load,compute_ai_cloud,compute_pool,gpu,capacity,NONINFERIOR / INCONCLUSIVE,0.00000,0.00000,0.00000,0.00000,0.00000,0.00000,0.000,0.000,0.0,0.0219,True,,
164,AI Inference Serving,model_unload,compute_ai_cloud,compute_pool,gpu,capacity,NONINFERIOR / INCONCLUSIVE,0.00000,0.00000,0.00000,0.00000,0.00000,0.00000,0.000,0.000,0.0,0.0174,True,,
165,AI Inference Serving,model_instance_count,compute_ai_cloud,compute_pool,gpu,capacity,NONINFERIOR / INCONCLUSIVE,0.00000,0.00000,0.00000,0.00000,0.00000,0.00000,0.000,0.000,0.0,0.0401,True,,
166,AI Inference Serving,continuous_batching,compute_ai_cloud,compute_pool,gpu,capacity,NONINFERIOR / INCONCLUSIVE,0.00000,0.00000,0.00000,0.00000,0.00000,0.00000,0.000,0.000,0.0,0.0465,True,,
167,AI Inference Serving,max_batch_size,compute_ai_cloud,compute_pool,gpu,capacity,NONINFERIOR / INCONCLUSIVE,0.00000,0.00000,0.00000,0.00000,0.00000,0.00000,0.000,0.000,0.0,0.0310,True,,
168,AI Inference Serving,batch_queue_delay,compute_ai_cloud,compute_pool,gpu,capacity,NONINFERIOR / INCONCLUSIVE,0.00000,0.00000,0.00000,0.00000,0.00000,0.00000,0.000,0.000,0.0,0.0321,True,,
169,AI Inference Serving,inference_concurrency,compute_ai_cloud,compute_pool,gpu,admission,NONINFERIOR / INCONCLUSIVE,0.00000,0.00000,0.00000,0.00000,0.00000,0.00000,0.000,0.000,0.0,0.0288,True,,
170,AI Inference Serving,inference_max_tokens,compute_ai_cloud,compute_pool,gpu,capacity,NONINFERIOR / INCONCLUSIVE,0.00000,0.00000,0.00000,0.00000,0.00000,0.00000,0.000,0.000,0.0,0.0254,True,,
171,AI Inference Serving,kv_cache_budget,compute_ai_cloud,compute_pool,gpu,admission,NONINFERIOR / INCONCLUSIVE,0.00000,0.00000,0.00000,0.00000,0.00000,0.00000,0.000,0.000,0.0,0.0350,True,,
172,AI Inference Serving,prefix_cache_budget,compute_ai_cloud,compute_pool,gpu,admission,NONINFERIOR / INCONCLUSIVE,0.00000,0.00000,0.00000,0.00000,0.00000,0.00000,0.000,0.000,0.0,0.0224,True,,
173,AI Inference Serving,speculative_decode_budget,compute_ai_cloud,compute_pool,gpu,admission,NONINFERIOR / INCONCLUSIVE,0.00000,0.00000,0.00000,0.00000,0.00000,0.00000,0.000,0.000,0.0,0.0236,True,,
174,AI Inference Serving,model_precision,compute_ai_cloud,compute_pool,gpu,power,SUPERIOR WITHIN GUARDRAILS,0.02472,0.02045,0.02900,0.00003,-0.00004,-0.02407,-0.181,0.387,589.8,0.0265,True,,
175,AI Inference Serving,inference_priority,compute_ai_cloud,compute_pool,gpu,admission,NONINFERIOR / INCONCLUSIVE,0.00000,0.00000,0.00000,0.00000,0.00000,0.00000,0.000,0.000,0.0,0.0406,True,,
176,AI Inference Serving,inference_slo_gate,compute_ai_cloud,compute_pool,gpu,admission,NONINFERIOR / INCONCLUSIVE,0.00000,0.00000,0.00000,0.00000,0.00000,0.00000,0.000,0.000,0.0,0.0399,True,,
177,AI Training,training_workers,compute_ai_cloud,compute_pool,gpu_batch,capacity,NONINFERIOR / INCONCLUSIVE,0.00000,0.00000,0.00000,0.00000,0.00000,0.00000,0.000,0.000,0.0,0.0000,True,,
178,AI Training,global_batch_size,compute_ai_cloud,compute_pool,gpu_batch,capacity,NONINFERIOR / INCONCLUSIVE,0.00000,0.00000,0.00000,0.00000,0.00000,0.00000,0.000,0.000,0.0,0.0000,True,,
179,AI Training,microbatch_size,compute_ai_cloud,compute_pool,gpu_batch,capacity,NONINFERIOR / INCONCLUSIVE,0.00000,0.00000,0.00000,0.00000,0.00000,0.00000,0.000,0.000,0.0,0.0000,True,,
180,AI Training,gradient_accumulation,compute_ai_cloud,compute_pool,gpu_batch,capacity,NONINFERIOR / INCONCLUSIVE,0.00000,0.00000,0.00000,0.00000,0.00000,0.00000,0.000,0.000,0.0,0.0000,True,,
181,AI Training,data_parallelism,compute_ai_cloud,compute_pool,gpu_batch,capacity,NONINFERIOR / INCONCLUSIVE,0.00000,0.00000,0.00000,0.00000,0.00000,0.00000,0.000,0.000,0.0,0.0000,True,,
182,AI Training,tensor_parallelism,compute_ai_cloud,compute_pool,gpu_batch,capacity,NONINFERIOR / INCONCLUSIVE,0.00000,0.00000,0.00000,0.00000,0.00000,0.00000,0.000,0.000,0.0,0.0000,True,,
183,AI Training,pipeline_parallelism,compute_ai_cloud,compute_pool,gpu_batch,capacity,NONINFERIOR / INCONCLUSIVE,0.00000,0.00000,0.00000,0.00000,0.00000,0.00000,0.000,0.000,0.0,0.0000,True,,
184,AI Training,expert_parallelism,compute_ai_cloud,compute_pool,gpu_batch,capacity,NONINFERIOR / INCONCLUSIVE,0.00000,0.00000,0.00000,0.00000,0.00000,0.00000,0.000,0.000,0.0,0.0000,True,,
185,AI Training,checkpoint_interval,compute_ai_cloud,compute_pool,gpu_batch,setpoint,NONINFERIOR / INCONCLUSIVE,0.00000,0.00000,0.00000,0.00000,0.00000,0.00000,0.000,0.000,0.0,0.0000,True,ENERGY IMPROVEMENT WITH SERVICE TRADEOFF,0.16301
186,AI Training,checkpoint_trigger,compute_ai_cloud,compute_pool,gpu_batch,capacity,NONINFERIOR / INCONCLUSIVE,0.00000,0.00000,0.00000,0.00000,0.00000,0.00000,0.000,0.000,0.0,0.0000,True,,
187,AI Training,training_preempt,compute_ai_cloud,compute_pool,gpu_batch,admission,NONINFERIOR / INCONCLUSIVE,0.00000,0.00000,0.00000,0.00000,0.00000,0.00000,0.000,0.000,0.0,0.0000,True,,
188,AI Training,training_gang_size,compute_ai_cloud,compute_pool,gpu_batch,capacity,NONINFERIOR / INCONCLUSIVE,0.00000,0.00000,0.00000,0.00000,0.00000,0.00000,0.000,0.000,0.0,0.0000,True,,
189,AI Training,elastic_worker_count,compute_ai_cloud,compute_pool,gpu_batch,capacity,NONINFERIOR / INCONCLUSIVE,0.00000,0.00000,0.00000,0.00000,0.00000,0.00000,0.000,0.000,0.0,0.0000,True,,
190,AI Training,straggler_mitigation,compute_ai_cloud,compute_pool,gpu_batch,capacity,NONINFERIOR / INCONCLUSIVE,0.00000,0.00000,0.00000,0.00000,0.00000,0.00000,0.000,0.000,0.0,0.0000,True,,
191,AI Training,training_precision,compute_ai_cloud,compute_pool,gpu_batch,power,SUPERIOR WITHIN GUARDRAILS,0.02144,0.01886,0.02402,0.00000,-0.00000,-0.02098,0.000,0.000,587.5,0.0000,True,,
192,AI Training,compute_comm_overlap,compute_ai_cloud,compute_pool,gpu_batch,capacity,NONINFERIOR / INCONCLUSIVE,0.00000,0.00000,0.00000,0.00000,0.00000,0.00000,0.000,0.000,0.0,0.0000,True,,
97,Cloud VM & Capacity,vm_count,compute_ai_cloud,compute_pool,node,capacity,ENERGY IMPROVEMENT WITH SERVICE TRADEOFF,0.03215,0.00904,0.05527,-0.00021,-0.00070,-0.03053,0.139,0.359,2.4,0.0215,True,,
98,Cloud VM & Capacity,vm_size,compute_ai_cloud,compute_pool,node,capacity,ENERGY IMPROVEMENT WITH SERVICE TRADEOFF,0.01535,0.00324,0.02745,-0.00017,-0.00056,-0.01503,0.181,0.477,1.1,0.0260,True,,
99,Cloud VM & Capacity,vm_start_stop,compute_ai_cloud,compute_pool,node,capacity,NOT ESTABLISHED,0.01976,-0.00050,0.04001,-0.00060,-0.00197,-0.01927,0.139,0.391,1.1,0.0272,True,,
100,Cloud VM & Capacity,vm_migrate,compute_ai_cloud,compute_pool,node,capacity,ENERGY IMPROVEMENT WITH SERVICE TRADEOFF,0.02143,0.00322,0.03965,-0.00039,-0.00128,-0.02083,0.097,0.260,1.5,0.0279,True,,
101,Cloud VM & Capacity,instance_family,compute_ai_cloud,compute_pool,node,capacity,SUPERIOR WITHIN GUARDRAILS,0.00939,0.00068,0.01810,0.00000,0.00000,-0.00918,-0.056,0.150,0.9,0.0240,True,,
102,Cloud VM & Capacity,asg_min,compute_ai_cloud,compute_pool,node,capacity,ENERGY IMPROVEMENT WITH SERVICE TRADEOFF,0.01135,0.00162,0.02107,0.00000,0.00000,-0.01106,0.097,0.317,1.2,0.0167,True,,
103,Cloud VM & Capacity,asg_max,compute_ai_cloud,compute_pool,node,capacity,SUPERIOR WITHIN GUARDRAILS,0.01576,0.00540,0.02612,0.00000,0.00000,-0.01533,0.000,0.000,1.4,0.0247,True,,
104,Cloud VM & Capacity,spot_mix,compute_ai_cloud,compute_pool,node,capacity,SUPERIOR WITHIN GUARDRAILS,0.00440,0.00008,0.00872,0.00000,0.00000,-0.00435,0.000,0.000,0.6,0.0236,True,,
105,Cloud VM & Capacity,reservation_mix,compute_ai_cloud,compute_pool,node,capacity,ENERGY IMPROVEMENT WITH SERVICE TRADEOFF,0.00933,0.00166,0.01701,0.00000,0.00000,-0.00915,0.042,0.136,1.0,0.0163,True,,
106,Cloud VM & Capacity,zone_selection,compute_ai_cloud,compute_pool,node,capacity,SUPERIOR WITHIN GUARDRAILS,0.01038,0.00103,0.01972,0.00000,0.00000,-0.01012,0.000,0.000,1.2,0.0242,True,,
107,Cloud VM & Capacity,region_selection,compute_ai_cloud,compute_pool,node,capacity,ENERGY IMPROVEMENT WITH SERVICE TRADEOFF,0.01260,0.00275,0.02245,-0.00000,-0.00000,-0.01228,0.056,0.181,1.3,0.0282,True,,
108,Cloud VM & Capacity,architecture_selection,compute_ai_cloud,compute_pool,node,capacity,ENERGY IMPROVEMENT WITH SERVICE TRADEOFF,0.02054,0.00180,0.03928,-0.00078,-0.00255,-0.02029,0.264,1.028,2.2,0.0339,True,,
109,Cloud VM & Capacity,accelerator_selection,compute_ai_cloud,compute_pool,node,capacity,ENERGY IMPROVEMENT WITH SERVICE TRADEOFF,0.02735,0.01074,0.04395,-0.00022,-0.00072,-0.02640,0.375,0.839,1.9,0.0329,True,,
110,Cloud VM & Capacity,boot_disk_class,compute_ai_cloud,compute_pool,node,capacity,NOT ESTABLISHED,0.01712,-0.01377,0.04802,0.00000,0.00000,-0.01537,0.014,0.045,1.2,0.0217,True,,
111,Cloud VM & Capacity,placement_group,compute_ai_cloud,compute_pool,node,capacity,ENERGY IMPROVEMENT WITH SERVICE TRADEOFF,0.03943,0.02201,0.05685,-0.00025,-0.00083,-0.03770,0.306,0.685,3.1,0.0308,True,,
112,Cloud VM & Capacity,interruption_response,compute_ai_cloud,compute_pool,node,capacity,ENERGY IMPROVEMENT WITH SERVICE TRADEOFF,0.03735,0.01786,0.05684,-0.00011,-0.00035,-0.03552,0.319,0.670,2.7,0.0254,True,,
33,Container Resources,cpu_request,compute_ai_cloud,compute_pool,server,capacity,NONINFERIOR / INCONCLUSIVE,0.00000,0.00000,0.00000,0.00000,0.00000,0.00000,0.000,0.000,0.0,0.0133,True,,
34,Container Resources,cpu_limit,compute_ai_cloud,compute_pool,server,capacity,NONINFERIOR / INCONCLUSIVE,0.00000,0.00000,0.00000,0.00000,0.00000,0.00000,0.000,0.000,0.0,0.0132,True,,
35,Container Resources,memory_request,compute_ai_cloud,compute_pool,server,capacity,NONINFERIOR / INCONCLUSIVE,0.00000,0.00000,0.00000,0.00000,0.00000,0.00000,0.000,0.000,0.0,0.0107,True,,
36,Container Resources,memory_limit,compute_ai_cloud,compute_pool,server,capacity,NONINFERIOR / INCONCLUSIVE,0.00000,0.00000,0.00000,0.00000,0.00000,0.00000,0.000,0.000,0.0,0.0143,True,,
37,Container Resources,ephemeral_storage,compute_ai_cloud,compute_pool,server,capacity,NONINFERIOR / INCONCLUSIVE,0.00000,0.00000,0.00000,0.00000,0.00000,0.00000,0.000,0.000,0.0,0.0144,True,,
38,Container Resources,hugepages,compute_ai_cloud,compute_pool,server,capacity,NONINFERIOR / INCONCLUSIVE,0.00000,0.00000,0.00000,0.00000,0.00000,0.00000,0.000,0.000,0.0,0.0115,True,,
39,Container Resources,io_weight,compute_ai_cloud,compute_pool,server,setpoint,NONINFERIOR / INCONCLUSIVE,0.00000,0.00000,0.00000,0.00000,0.00000,0.00000,0.000,0.000,0.0,0.0100,True,ENERGY IMPROVEMENT WITH SERVICE TRADEOFF,0.24173
40,Container Resources,pids_limit,compute_ai_cloud,compute_pool,server,capacity,NONINFERIOR / INCONCLUSIVE,0.00000,0.00000,0.00000,0.00000,0.00000,0.00000,0.000,0.000,0.0,0.0137,True,,
41,Container Resources,memory_high,compute_ai_cloud,compute_pool,server,capacity,NONINFERIOR / INCONCLUSIVE,0.00000,0.00000,0.00000,0.00000,0.00000,0.00000,0.000,0.000,0.0,0.0129,True,,
42,Container Resources,memory_reclaim,compute_ai_cloud,compute_pool,server,capacity,NONINFERIOR / INCONCLUSIVE,0.00000,0.00000,0.00000,0.00000,0.00000,0.00000,0.000,0.000,0.0,0.0121,True,,
43,Container Resources,swap_limit,compute_ai_cloud,compute_pool,server,capacity,NONINFERIOR / INCONCLUSIVE,0.00000,0.00000,0.00000,0.00000,0.00000,0.00000,0.000,0.000,0.0,0.0111,True,,
44,Container Resources,cgroup_io_max,compute_ai_cloud,compute_pool,server,capacity,NONINFERIOR / INCONCLUSIVE,0.00000,0.00000,0.00000,0.00000,0.00000,0.00000,0.000,0.000,0.0,0.0126,True,,
45,Container Resources,cpu_weight,compute_ai_cloud,compute_pool,server,setpoint,NONINFERIOR / INCONCLUSIVE,0.00000,0.00000,0.00000,0.00000,0.00000,0.00000,0.000,0.000,0.0,0.0142,True,ENERGY IMPROVEMENT WITH SERVICE TRADEOFF,0.25082
46,Container Resources,cpu_quota,compute_ai_cloud,compute_pool,server,admission,NONINFERIOR / INCONCLUSIVE,0.00000,0.00000,0.00000,0.00000,0.00000,0.00000,0.000,0.000,0.0,0.0161,True,,
47,Container Resources,cpuset,compute_ai_cloud,compute_pool,server,capacity,NONINFERIOR / INCONCLUSIVE,0.00000,0.00000,0.00000,0.00000,0.00000,0.00000,0.000,0.000,0.0,0.0178,True,,
48,Container Resources,runtime_class,compute_ai_cloud,compute_pool,server,capacity,NONINFERIOR / INCONCLUSIVE,0.00000,0.00000,0.00000,0.00000,0.00000,0.00000,0.000,0.000,0.0,0.0172,True,,
609,"Cross-Cluster, Multi-Region & Edge",multi_cluster_dispatch,compute_ai_cloud,compute_pool,node,capacity,ENERGY IMPROVEMENT WITH SERVICE TRADEOFF,0.01291,0.00444,0.02139,-0.00023,-0.00074,-0.01285,0.236,0.650,1.3,0.0283,True,,
610,"Cross-Cluster, Multi-Region & Edge",region_dispatch,compute_ai_cloud,compute_pool,node,capacity,SUPERIOR WITHIN GUARDRAILS,0.01849,0.00140,0.03558,0.00000,0.00000,-0.01768,0.000,0.000,1.4,0.0256,True,,
611,"Cross-Cluster, Multi-Region & Edge",zone_dispatch,compute_ai_cloud,compute_pool,node,capacity,ENERGY IMPROVEMENT WITH SERVICE TRADEOFF,0.05395,0.01165,0.09625,-0.00017,-0.00055,-0.04878,0.319,0.795,3.3,0.0315,True,,
612,"Cross-Cluster, Multi-Region & Edge",edge_dispatch,compute_ai_cloud,compute_pool,node,capacity,ENERGY IMPROVEMENT WITH SERVICE TRADEOFF,0.01736,0.00393,0.03080,-0.00000,-0.00000,-0.01677,0.028,0.091,0.9,0.0283,True,,
613,"Cross-Cluster, Multi-Region & Edge",cloud_capacity_class,compute_ai_cloud,compute_pool,node,capacity,ENERGY IMPROVEMENT WITH SERVICE TRADEOFF,0.02533,0.00244,0.04822,-0.00016,-0.00051,-0.02404,0.375,0.783,2.1,0.0256,True,,
614,"Cross-Cluster, Multi-Region & Edge",workload_migrate_region,compute_ai_cloud,compute_pool,node,capacity,ENERGY IMPROVEMENT WITH SERVICE TRADEOFF,0.02828,0.01574,0.04083,0.00000,-0.00000,-0.02725,0.236,0.587,2.3,0.0285,True,,
615,"Cross-Cluster, Multi-Region & Edge",data_residency_gate,compute_ai_cloud,compute_pool,node,admission,NONINFERIOR / INCONCLUSIVE,0.00000,0.00000,0.00000,0.00000,0.00000,0.00000,0.000,0.000,0.0,0.0246,True,,
616,"Cross-Cluster, Multi-Region & Edge",latency_region_gate,compute_ai_cloud,compute_pool,node,admission,NONINFERIOR / INCONCLUSIVE,0.00000,0.00000,0.00000,0.00000,0.00000,0.00000,0.000,0.000,0.0,0.0251,True,,
617,"Cross-Cluster, Multi-Region & Edge",cost_region_gate,compute_ai_cloud,compute_pool,node,admission,NONINFERIOR / INCONCLUSIVE,0.00000,0.00000,0.00000,0.00000,0.00000,0.00000,0.000,0.000,0.0,0.0215,True,,
618,"Cross-Cluster, Multi-Region & Edge",carbon_region_gate,compute_ai_cloud,compute_pool,node,admission,NONINFERIOR / INCONCLUSIVE,0.00000,0.00000,0.00000,0.00000,0.00000,0.00000,0.000,0.000,0.0,0.0260,True,,
619,"Cross-Cluster, Multi-Region & Edge",global_failover,compute_ai_cloud,compute_pool,node,capacity,NONINFERIOR / INCONCLUSIVE,0.01921,-0.00073,0.03915,0.00004,-0.00005,-0.01818,-0.014,0.018,1.4,0.0362,True,,
620,"Cross-Cluster, Multi-Region & Edge",federation_quota,compute_ai_cloud,compute_pool,node,admission,NONINFERIOR / INCONCLUSIVE,0.00000,0.00000,0.00000,0.00000,0.00000,0.00000,0.000,0.000,0.0,0.0268,True,,
621,"Cross-Cluster, Multi-Region & Edge",cross_cluster_replication,compute_ai_cloud,compute_pool,node,capacity,NOT ESTABLISHED,0.02693,-0.00354,0.05739,0.00000,-0.00000,-0.02477,0.431,1.095,2.2,0.0272,True,,
622,"Cross-Cluster, Multi-Region & Edge",edge_offload,compute_ai_cloud,compute_pool,node,capacity,ENERGY IMPROVEMENT WITH SERVICE TRADEOFF,0.03761,0.01402,0.06119,0.00006,-0.00007,-0.03534,0.097,0.260,2.5,0.0274,True,,
623,"Cross-Cluster, Multi-Region & Edge",global_admission,compute_ai_cloud,compute_pool,node,admission,NONINFERIOR / INCONCLUSIVE,0.00000,0.00000,0.00000,0.00000,0.00000,0.00000,0.000,0.000,0.0,0.0247,True,,
AUDIT-0021,DPU SmartNIC & Programmable IO,dpu_pf_tx_rate,compute_ai_cloud,compute_pool,fabric,capacity,NONINFERIOR / INCONCLUSIVE,0.00000,0.00000,0.00000,0.00000,0.00000,0.00000,0.000,0.000,0.0,0.0032,True,,
AUDIT-0022,DPU SmartNIC & Programmable IO,dpu_vf_tx_rate,compute_ai_cloud,compute_pool,fabric,capacity,NONINFERIOR / INCONCLUSIVE,0.00000,0.00000,0.00000,0.00000,0.00000,0.00000,0.000,0.000,0.0,0.0025,True,,
AUDIT-0023,DPU SmartNIC & Programmable IO,dpu_sf_tx_rate,compute_ai_cloud,compute_pool,fabric,capacity,NONINFERIOR / INCONCLUSIVE,0.00000,0.00000,0.00000,0.00000,0.00000,0.00000,0.000,0.000,0.0,0.0035,True,,
AUDIT-0024,DPU SmartNIC & Programmable IO,dpu_bandwidth_share,compute_ai_cloud,compute_pool,fabric,capacity,NONINFERIOR / INCONCLUSIVE,0.00000,0.00000,0.00000,0.00000,0.00000,0.00000,0.000,0.000,0.0,0.0019,True,,
AUDIT-0025,DPU SmartNIC & Programmable IO,dpu_qos_group,compute_ai_cloud,compute_pool,fabric,capacity,NONINFERIOR / INCONCLUSIVE,0.00000,0.00000,0.00000,0.00000,0.00000,0.00000,0.000,0.000,0.0,0.0026,True,,
AUDIT-0026,DPU SmartNIC & Programmable IO,sriov_vf_count,compute_ai_cloud,compute_pool,fabric,capacity,NONINFERIOR / INCONCLUSIVE,0.00000,0.00000,0.00000,0.00000,0.00000,0.00000,0.000,0.000,0.0,0.0024,True,,
AUDIT-0027,DPU SmartNIC & Programmable IO,smartnic_flow_steering,compute_ai_cloud,compute_pool,fabric,capacity,NONINFERIOR / INCONCLUSIVE,0.00000,0.00000,0.00000,0.00000,0.00000,0.00000,0.000,0.000,0.0,0.0035,True,,
AUDIT-0028,DPU SmartNIC & Programmable IO,smartnic_offload_enable,compute_ai_cloud,compute_pool,fabric,capacity,NONINFERIOR / INCONCLUSIVE,0.00000,0.00000,0.00000,0.00000,0.00000,0.00000,0.000,0.000,0.0,0.0036,True,,
AUDIT-0029,DPU SmartNIC & Programmable IO,dpu_cpu_budget,compute_ai_cloud,compute_pool,fabric,admission,NONINFERIOR / INCONCLUSIVE,0.00000,0.00000,0.00000,0.00000,0.00000,0.00000,0.000,0.000,0.0,0.0032,True,,
AUDIT-0030,DPU SmartNIC & Programmable IO,dpu_memory_budget,compute_ai_cloud,compute_pool,fabric,admission,NONINFERIOR / INCONCLUSIVE,0.00000,0.00000,0.00000,0.00000,0.00000,0.00000,0.000,0.000,0.0,0.0032,True,,
AUDIT-0031,DPU SmartNIC & Programmable IO,dpu_service_placement,compute_ai_cloud,compute_pool,fabric,capacity,NONINFERIOR / INCONCLUSIVE,0.00000,0.00000,0.00000,0.00000,0.00000,0.00000,0.000,0.000,0.0,0.0029,True,,
AUDIT-0032,DPU SmartNIC & Programmable IO,dpu_failover,compute_ai_cloud,compute_pool,fabric,capacity,NONINFERIOR / INCONCLUSIVE,0.00000,0.00000,0.00000,0.00000,0.00000,0.00000,0.000,0.000,0.0,0.0013,True,,
209,Distributed Cluster Managers,task_admission,compute_ai_cloud,compute_pool,batch,admission,NONINFERIOR / INCONCLUSIVE,0.00000,0.00000,0.00000,0.00000,0.00000,0.00000,0.000,0.000,0.0,0.0000,True,,
210,Distributed Cluster Managers,task_priority,compute_ai_cloud,compute_pool,batch,admission,NONINFERIOR / INCONCLUSIVE,0.00000,0.00000,0.00000,0.00000,0.00000,0.00000,0.000,0.000,0.0,0.0000,True,,
211,Distributed Cluster Managers,resource_reservation,compute_ai_cloud,compute_pool,batch,capacity,NONINFERIOR / INCONCLUSIVE,0.00000,0.00000,0.00000,0.00000,0.00000,0.00000,0.000,0.000,0.0,0.0000,True,,
212,Distributed Cluster Managers,cluster_quota,compute_ai_cloud,compute_pool,batch,admission,NONINFERIOR / INCONCLUSIVE,0.00000,0.00000,0.00000,0.00000,0.00000,0.00000,0.000,0.000,0.0,0.0000,True,,
213,Distributed Cluster Managers,task_preemption,compute_ai_cloud,compute_pool,batch,admission,NONINFERIOR / INCONCLUSIVE,0.00000,0.00000,0.00000,0.00000,0.00000,0.00000,0.000,0.000,0.0,0.0000,True,,
214,Distributed Cluster Managers,binpack_pressure,compute_ai_cloud,compute_pool,batch,capacity,NONINFERIOR / INCONCLUSIVE,0.00000,0.00000,0.00000,0.00000,0.00000,0.00000,0.000,0.000,0.0,0.0000,True,,
215,Distributed Cluster Managers,spread_pressure,compute_ai_cloud,compute_pool,batch,capacity,NONINFERIOR / INCONCLUSIVE,0.00000,0.00000,0.00000,0.00000,0.00000,0.00000,0.000,0.000,0.0,0.0000,True,,
216,Distributed Cluster Managers,gang_schedule,compute_ai_cloud,compute_pool,batch,capacity,NONINFERIOR / INCONCLUSIVE,0.00000,0.00000,0.00000,0.00000,0.00000,0.00000,0.000,0.000,0.0,0.0000,True,,
217,Distributed Cluster Managers,worker_allocation,compute_ai_cloud,compute_pool,batch,capacity,NONINFERIOR / INCONCLUSIVE,0.00000,0.00000,0.00000,0.00000,0.00000,0.00000,0.000,0.000,0.0,0.0000,True,,
218,Distributed Cluster Managers,maintenance_evacuation,compute_ai_cloud,compute_pool,batch,capacity,NONINFERIOR / INCONCLUSIVE,0.00000,0.00000,0.00000,0.00000,0.00000,0.00000,0.000,0.000,0.0,0.0000,True,,
219,Distributed Cluster Managers,oversubscription,compute_ai_cloud,compute_pool,batch,capacity,NONINFERIOR / INCONCLUSIVE,0.00000,0.00000,0.00000,0.00000,0.00000,0.00000,0.000,0.000,0.0,0.0000,True,,
220,Distributed Cluster Managers,resource_reclaim,compute_ai_cloud,compute_pool,batch,capacity,NONINFERIOR / INCONCLUSIVE,0.00000,0.00000,0.00000,0.00000,0.00000,0.00000,0.000,0.000,0.0,0.0000,True,,
221,Distributed Cluster Managers,queue_fairness,compute_ai_cloud,compute_pool,batch,admission,NONINFERIOR / INCONCLUSIVE,0.00000,0.00000,0.00000,0.00000,0.00000,0.00000,0.000,0.000,0.0,0.0000,True,,
222,Distributed Cluster Managers,deadline_pressure,compute_ai_cloud,compute_pool,batch,admission,NONINFERIOR / INCONCLUSIVE,0.00000,0.00000,0.00000,0.00000,0.00000,0.00000,0.000,0.000,0.0,0.0000,True,,
223,Distributed Cluster Managers,scheduler_retry,compute_ai_cloud,compute_pool,batch,admission,NONINFERIOR / INCONCLUSIVE,0.00000,0.00000,0.00000,0.00000,0.00000,0.00000,0.000,0.000,0.0,0.0000,True,,
145,GPU Fabric & RDMA,nvlink_placement,compute_ai_cloud,compute_pool,fabric,capacity,NONINFERIOR / INCONCLUSIVE,0.00000,0.00000,0.00000,0.00000,0.00000,0.00000,0.000,0.000,0.0,0.0044,True,,
146,GPU Fabric & RDMA,nvswitch_route,compute_ai_cloud,compute_pool,fabric,capacity,NONINFERIOR / INCONCLUSIVE,0.00000,0.00000,0.00000,0.00000,0.00000,0.00000,0.000,0.000,0.0,0.0031,True,,
147,GPU Fabric & RDMA,gpu_fabric_quarantine,compute_ai_cloud,compute_pool,fabric,admission,NONINFERIOR / INCONCLUSIVE,0.00000,0.00000,0.00000,0.00000,0.00000,0.00000,0.000,0.000,0.0,0.0018,True,,
148,GPU Fabric & RDMA,rdma_bandwidth,compute_ai_cloud,compute_pool,fabric,capacity,NONINFERIOR / INCONCLUSIVE,0.00000,0.00000,0.00000,0.00000,0.00000,0.00000,0.000,0.000,0.0,0.0031,True,,
149,GPU Fabric & RDMA,rdma_route,compute_ai_cloud,compute_pool,fabric,capacity,NONINFERIOR / INCONCLUSIVE,0.00000,0.00000,0.00000,0.00000,0.00000,0.00000,0.000,0.000,0.0,0.0013,True,,
150,GPU Fabric & RDMA,nic_affinity,compute_ai_cloud,compute_pool,fabric,capacity,NONINFERIOR / INCONCLUSIVE,0.00000,0.00000,0.00000,0.00000,0.00000,0.00000,0.000,0.000,0.0,0.0036,True,,
151,GPU Fabric & RDMA,collective_concurrency,compute_ai_cloud,compute_pool,fabric,admission,NONINFERIOR / INCONCLUSIVE,0.00000,0.00000,0.00000,0.00000,0.00000,0.00000,0.000,0.000,0.0,0.0028,True,,
152,GPU Fabric & RDMA,collective_algorithm,compute_ai_cloud,compute_pool,fabric,capacity,NONINFERIOR / INCONCLUSIVE,0.00000,0.00000,0.00000,0.00000,0.00000,0.00000,0.000,0.000,0.0,0.0019,True,,
153,GPU Fabric & RDMA,collective_chunk_size,compute_ai_cloud,compute_pool,fabric,capacity,NONINFERIOR / INCONCLUSIVE,0.00000,0.00000,0.00000,0.00000,0.00000,0.00000,0.000,0.000,0.0,0.0015,True,,
154,GPU Fabric & RDMA,rank_placement,compute_ai_cloud,compute_pool,fabric,capacity,NONINFERIOR / INCONCLUSIVE,0.00000,0.00000,0.00000,0.00000,0.00000,0.00000,0.000,0.000,0.0,0.0019,True,,
155,GPU Fabric & RDMA,gpudirect_policy,compute_ai_cloud,compute_pool,fabric,capacity,NONINFERIOR / INCONCLUSIVE,0.00000,0.00000,0.00000,0.00000,0.00000,0.00000,0.000,0.000,0.0,0.0025,True,,
156,GPU Fabric & RDMA,congestion_response,compute_ai_cloud,compute_pool,fabric,capacity,NONINFERIOR / INCONCLUSIVE,0.00000,0.00000,0.00000,0.00000,0.00000,0.00000,0.000,0.000,0.0,0.0033,True,,
157,GPU Fabric & RDMA,rail_selection,compute_ai_cloud,compute_pool,fabric,capacity,NONINFERIOR / INCONCLUSIVE,0.00000,0.00000,0.00000,0.00000,0.00000,0.00000,0.000,0.000,0.0,0.0033,True,,
158,GPU Fabric & RDMA,fabric_failover,compute_ai_cloud,compute_pool,fabric,capacity,NONINFERIOR / INCONCLUSIVE,0.00000,0.00000,0.00000,0.00000,0.00000,0.00000,0.000,0.000,0.0,0.0018,True,,
159,GPU Fabric & RDMA,communication_priority,compute_ai_cloud,compute_pool,fabric,admission,NONINFERIOR / INCONCLUSIVE,0.00000,0.00000,0.00000,0.00000,0.00000,0.00000,0.000,0.000,0.0,0.0039,True,,
160,GPU Fabric & RDMA,fabric_isolation,compute_ai_cloud,compute_pool,fabric,admission,NONINFERIOR / INCONCLUSIVE,0.00000,0.00000,0.00000,0.00000,0.00000,0.00000,0.000,0.000,0.0,0.0022,True,,
193,HPC & Distributed Compute,job_slots,compute_ai_cloud,compute_pool,batch,capacity,NONINFERIOR / INCONCLUSIVE,0.00000,0.00000,0.00000,0.00000,0.00000,0.00000,0.000,0.000,0.0,0.0000,True,,
194,HPC & Distributed Compute,mpi_ranks,compute_ai_cloud,compute_pool,batch,capacity,NONINFERIOR / INCONCLUSIVE,0.00000,0.00000,0.00000,0.00000,0.00000,0.00000,0.000,0.000,0.0,0.0000,True,,
195,HPC & Distributed Compute,rank_mapping,compute_ai_cloud,compute_pool,batch,capacity,NONINFERIOR / INCONCLUSIVE,0.00000,0.00000,0.00000,0.00000,0.00000,0.00000,0.000,0.000,0.0,0.0000,True,,
196,HPC & Distributed Compute,node_allocation,compute_ai_cloud,compute_pool,batch,capacity,NONINFERIOR / INCONCLUSIVE,0.00000,0.00000,0.00000,0.00000,0.00000,0.00000,0.000,0.000,0.0,0.0000,True,,
197,HPC & Distributed Compute,job_walltime,compute_ai_cloud,compute_pool,batch,capacity,NONINFERIOR / INCONCLUSIVE,0.00000,0.00000,0.00000,0.00000,0.00000,0.00000,0.000,0.000,0.0,0.0000,True,,
198,HPC & Distributed Compute,job_priority,compute_ai_cloud,compute_pool,batch,admission,NONINFERIOR / INCONCLUSIVE,0.00000,0.00000,0.00000,0.00000,0.00000,0.00000,0.000,0.000,0.0,0.0000,True,,
199,HPC & Distributed Compute,job_preemption,compute_ai_cloud,compute_pool,batch,admission,NONINFERIOR / INCONCLUSIVE,0.00000,0.00000,0.00000,0.00000,0.00000,0.00000,0.000,0.000,0.0,0.0000,True,,
200,HPC & Distributed Compute,checkpoint_restart,compute_ai_cloud,compute_pool,batch,capacity,NONINFERIOR / INCONCLUSIVE,0.00000,0.00000,0.00000,0.00000,0.00000,0.00000,0.000,0.000,0.0,0.0000,True,,
201,HPC & Distributed Compute,parallel_io_budget,compute_ai_cloud,compute_pool,batch,admission,NONINFERIOR / INCONCLUSIVE,0.00000,0.00000,0.00000,0.00000,0.00000,0.00000,0.000,0.000,0.0,0.0000,True,,
202,HPC & Distributed Compute,collective_budget,compute_ai_cloud,compute_pool,batch,admission,NONINFERIOR / INCONCLUSIVE,0.00000,0.00000,0.00000,0.00000,0.00000,0.00000,0.000,0.000,0.0,0.0000,True,,
203,HPC & Distributed Compute,accelerator_share,compute_ai_cloud,compute_pool,batch,capacity,NONINFERIOR / INCONCLUSIVE,0.00000,0.00000,0.00000,0.00000,0.00000,0.00000,0.000,0.000,0.0,0.0000,True,,
204,HPC & Distributed Compute,cpu_gpu_ratio,compute_ai_cloud,compute_pool,batch,setpoint,NONINFERIOR / INCONCLUSIVE,0.00000,0.00000,0.00000,0.00000,0.00000,0.00000,0.000,0.000,0.0,0.0000,True,ENERGY IMPROVEMENT WITH SERVICE TRADEOFF,0.24573
205,HPC & Distributed Compute,memory_per_rank,compute_ai_cloud,compute_pool,batch,capacity,NONINFERIOR / INCONCLUSIVE,0.00000,0.00000,0.00000,0.00000,0.00000,0.00000,0.000,0.000,0.0,0.0000,True,,
206,HPC & Distributed Compute,scratch_budget,compute_ai_cloud,compute_pool,batch,admission,NONINFERIOR / INCONCLUSIVE,0.00000,0.00000,0.00000,0.00000,0.00000,0.00000,0.000,0.000,0.0,0.0000,True,,
207,HPC & Distributed Compute,scheduler_fair_share,compute_ai_cloud,compute_pool,batch,admission,NONINFERIOR / INCONCLUSIVE,0.00000,0.00000,0.00000,0.00000,0.00000,0.00000,0.000,0.000,0.0,0.0000,True,,
208,HPC & Distributed Compute,backfill_policy,compute_ai_cloud,compute_pool,batch,capacity,NONINFERIOR / INCONCLUSIVE,0.00000,0.00000,0.00000,0.00000,0.00000,0.00000,0.000,0.000,0.0,0.0000,True,,
113,Host CPU & Memory,cpufreq_min,compute_ai_cloud,compute_pool,cpu_host,power,ENERGY IMPROVEMENT WITH SERVICE TRADEOFF,0.01414,0.01120,0.01708,0.00000,0.00000,-0.01393,0.111,0.258,605.0,0.0121,True,,
114,Host CPU & Memory,cpufreq_max,compute_ai_cloud,compute_pool,cpu_host,power,SUPERIOR WITHIN GUARDRAILS,0.01675,0.01324,0.02025,0.00000,-0.00000,-0.01645,-0.167,0.160,606.0,0.0151,True,,
115,Host CPU & Memory,rapl_package_power,compute_ai_cloud,compute_pool,cpu_host,power,SUPERIOR WITHIN GUARDRAILS,0.01611,0.01238,0.01984,-0.00000,-0.00000,-0.01583,-0.278,0.100,617.6,0.0150,True,,
116,Host CPU & Memory,uncore_frequency,compute_ai_cloud,compute_pool,cpu_host,power,SUPERIOR WITHIN GUARDRAILS,0.01321,0.01051,0.01592,-0.00001,-0.00002,-0.01304,-0.153,0.118,598.4,0.0161,True,,
117,Host CPU & Memory,energy_perf_preference,compute_ai_cloud,compute_pool,cpu_host,power,SUPERIOR WITHIN GUARDRAILS,0.02083,0.01484,0.02681,-0.00000,-0.00000,-0.02034,-0.208,0.237,611.4,0.0140,True,,
118,Host CPU & Memory,cpu_idle_policy,compute_ai_cloud,compute_pool,cpu_host,power,SUPERIOR WITHIN GUARDRAILS,0.01511,0.01139,0.01884,0.00000,-0.00000,-0.01487,-0.278,-0.030,610.9,0.0182,True,,
119,Host CPU & Memory,memory_bandwidth,compute_ai_cloud,compute_pool,cpu_host,capacity,NONINFERIOR / INCONCLUSIVE,0.00000,0.00000,0.00000,0.00000,0.00000,0.00000,0.000,0.000,0.0,0.0133,True,,
120,Host CPU & Memory,numa_balance,compute_ai_cloud,compute_pool,cpu_host,capacity,NONINFERIOR / INCONCLUSIVE,0.00000,0.00000,0.00000,0.00000,0.00000,0.00000,0.000,0.000,0.0,0.0142,True,,
121,Host CPU & Memory,irq_affinity,compute_ai_cloud,compute_pool,cpu_host,capacity,NONINFERIOR / INCONCLUSIVE,0.00000,0.00000,0.00000,0.00000,0.00000,0.00000,0.000,0.000,0.0,0.0115,True,,
122,Host CPU & Memory,llc_allocation,compute_ai_cloud,compute_pool,cpu_host,capacity,NONINFERIOR / INCONCLUSIVE,0.00000,0.00000,0.00000,0.00000,0.00000,0.00000,0.000,0.000,0.0,0.0143,True,,
123,Host CPU & Memory,memory_pressure_gate,compute_ai_cloud,compute_pool,cpu_host,admission,NONINFERIOR / INCONCLUSIVE,0.00000,0.00000,0.00000,0.00000,0.00000,0.00000,0.000,0.000,0.0,0.0162,True,,
124,Host CPU & Memory,page_reclaim_rate,compute_ai_cloud,compute_pool,cpu_host,capacity,NONINFERIOR / INCONCLUSIVE,0.00000,0.00000,0.00000,0.00000,0.00000,0.00000,0.000,0.000,0.0,0.0119,True,,
125,Host CPU & Memory,transparent_hugepages,compute_ai_cloud,compute_pool,cpu_host,capacity,NONINFERIOR / INCONCLUSIVE,0.00000,0.00000,0.00000,0.00000,0.00000,0.00000,0.000,0.000,0.0,0.0103,True,,
126,Host CPU & Memory,core_online_offline,compute_ai_cloud,compute_pool,cpu_host,capacity,NONINFERIOR / INCONCLUSIVE,0.00000,0.00000,0.00000,0.00000,0.00000,0.00000,0.000,0.000,0.0,0.0086,True,,
127,Host CPU & Memory,thermal_throttle_policy,compute_ai_cloud,compute_pool,cpu_host,power,SUPERIOR WITHIN GUARDRAILS,0.01458,0.01057,0.01859,0.00000,-0.00000,-0.01435,-0.292,-0.080,601.3,0.0128,True,,
128,Host CPU & Memory,host_power_profile,compute_ai_cloud,compute_pool,cpu_host,power,SUPERIOR WITHIN GUARDRAILS,0.01778,0.01260,0.02296,0.00000,-0.00000,-0.01743,-0.236,0.082,612.9,0.0144,True,,
AUDIT-0001,Kubernetes Dynamic Device Allocation,dra_device_class_selection,compute_ai_cloud,compute_pool,gpu,capacity,NONINFERIOR / INCONCLUSIVE,0.00000,0.00000,0.00000,0.00000,0.00000,0.00000,0.000,0.000,0.0,0.0343,True,,
AUDIT-0002,Kubernetes Dynamic Device Allocation,dra_claim_capacity,compute_ai_cloud,compute_pool,gpu,capacity,NONINFERIOR / INCONCLUSIVE,0.00000,0.00000,0.00000,0.00000,0.00000,0.00000,0.000,0.000,0.0,0.0418,True,,
AUDIT-0003,Kubernetes Dynamic Device Allocation,dra_claim_sharing,compute_ai_cloud,compute_pool,gpu,capacity,NONINFERIOR / INCONCLUSIVE,0.00000,0.00000,0.00000,0.00000,0.00000,0.00000,0.000,0.000,0.0,0.0233,True,,
AUDIT-0004,Kubernetes Dynamic Device Allocation,dra_device_taint,compute_ai_cloud,compute_pool,gpu,capacity,NONINFERIOR / INCONCLUSIVE,0.00000,0.00000,0.00000,0.00000,0.00000,0.00000,0.000,0.000,0.0,0.0221,True,,
AUDIT-0005,Kubernetes Dynamic Device Allocation,dra_device_eviction,compute_ai_cloud,compute_pool,gpu,admission,NONINFERIOR / INCONCLUSIVE,0.00000,0.00000,0.00000,0.00000,0.00000,0.00000,0.000,0.000,0.0,0.0303,True,,
AUDIT-0006,Kubernetes Dynamic Device Allocation,dra_binding_readiness,compute_ai_cloud,compute_pool,gpu,capacity,NONINFERIOR / INCONCLUSIVE,0.00000,0.00000,0.00000,0.00000,0.00000,0.00000,0.000,0.000,0.0,0.0403,True,,
AUDIT-0007,Kubernetes Dynamic Device Allocation,dra_binding_failure_response,compute_ai_cloud,compute_pool,gpu,capacity,NONINFERIOR / INCONCLUSIVE,0.00000,0.00000,0.00000,0.00000,0.00000,0.00000,0.000,0.000,0.0,0.0375,True,,
AUDIT-0008,Kubernetes Dynamic Device Allocation,dra_device_configuration,compute_ai_cloud,compute_pool,gpu,setpoint,NONINFERIOR / INCONCLUSIVE,0.00000,0.00000,0.00000,0.00000,0.00000,0.00000,0.000,0.000,0.0,0.0332,True,ENERGY IMPROVEMENT WITH SERVICE TRADEOFF,0.17975
49,Kubernetes Placement & Scheduling,node_selector,compute_ai_cloud,compute_pool,server,capacity,NONINFERIOR / INCONCLUSIVE,0.00000,0.00000,0.00000,0.00000,0.00000,0.00000,0.000,0.000,0.0,0.0119,True,,
50,Kubernetes Placement & Scheduling,node_affinity,compute_ai_cloud,compute_pool,server,capacity,NONINFERIOR / INCONCLUSIVE,0.00000,0.00000,0.00000,0.00000,0.00000,0.00000,0.000,0.000,0.0,0.0060,True,,
51,Kubernetes Placement & Scheduling,pod_anti_affinity,compute_ai_cloud,compute_pool,server,capacity,NONINFERIOR / INCONCLUSIVE,0.00000,0.00000,0.00000,0.00000,0.00000,0.00000,0.000,0.000,0.0,0.0135,True,,
52,Kubernetes Placement & Scheduling,topology_spread,compute_ai_cloud,compute_pool,server,capacity,NONINFERIOR / INCONCLUSIVE,0.00000,0.00000,0.00000,0.00000,0.00000,0.00000,0.000,0.000,0.0,0.0160,True,,
53,Kubernetes Placement & Scheduling,numa_placement,compute_ai_cloud,compute_pool,server,capacity,NONINFERIOR / INCONCLUSIVE,0.00000,0.00000,0.00000,0.00000,0.00000,0.00000,0.000,0.000,0.0,0.0112,True,,
54,Kubernetes Placement & Scheduling,gpu_topology,compute_ai_cloud,compute_pool,server,capacity,NONINFERIOR / INCONCLUSIVE,0.00000,0.00000,0.00000,0.00000,0.00000,0.00000,0.000,0.000,0.0,0.0140,True,,
55,Kubernetes Placement & Scheduling,storage_locality,compute_ai_cloud,compute_pool,server,capacity,NONINFERIOR / INCONCLUSIVE,0.00000,0.00000,0.00000,0.00000,0.00000,0.00000,0.000,0.000,0.0,0.0108,True,,
56,Kubernetes Placement & Scheduling,network_locality,compute_ai_cloud,compute_pool,server,capacity,NONINFERIOR / INCONCLUSIVE,0.00000,0.00000,0.00000,0.00000,0.00000,0.00000,0.000,0.000,0.0,0.0131,True,,
57,Kubernetes Placement & Scheduling,taint_toleration,compute_ai_cloud,compute_pool,server,setpoint,NONINFERIOR / INCONCLUSIVE,0.00000,0.00000,0.00000,0.00000,0.00000,0.00000,0.000,0.000,0.0,0.0189,True,ENERGY IMPROVEMENT WITH SERVICE TRADEOFF,0.25156
58,Kubernetes Placement & Scheduling,priority_class,compute_ai_cloud,compute_pool,server,admission,NONINFERIOR / INCONCLUSIVE,0.00000,0.00000,0.00000,0.00000,0.00000,0.00000,0.000,0.000,0.0,0.0154,True,,
59,Kubernetes Placement & Scheduling,preemption_policy,compute_ai_cloud,compute_pool,server,admission,NONINFERIOR / INCONCLUSIVE,0.00000,0.00000,0.00000,0.00000,0.00000,0.00000,0.000,0.000,0.0,0.0150,True,,
60,Kubernetes Placement & Scheduling,device_claim,compute_ai_cloud,compute_pool,server,capacity,NONINFERIOR / INCONCLUSIVE,0.00000,0.00000,0.00000,0.00000,0.00000,0.00000,0.000,0.000,0.0,0.0113,True,,
61,Kubernetes Placement & Scheduling,failure_domain_spread,compute_ai_cloud,compute_pool,server,capacity,NONINFERIOR / INCONCLUSIVE,0.00000,0.00000,0.00000,0.00000,0.00000,0.00000,0.000,0.000,0.0,0.0138,True,,
62,Kubernetes Placement & Scheduling,scheduler_backoff,compute_ai_cloud,compute_pool,server,admission,NONINFERIOR / INCONCLUSIVE,0.00000,0.00000,0.00000,0.00000,0.00000,0.00000,0.000,0.000,0.0,0.0199,True,,
63,Kubernetes Placement & Scheduling,gang_admission,compute_ai_cloud,compute_pool,server,admission,NONINFERIOR / INCONCLUSIVE,0.00000,0.00000,0.00000,0.00000,0.00000,0.00000,0.000,0.000,0.0,0.0189,True,,
64,Kubernetes Placement & Scheduling,deschedule,compute_ai_cloud,compute_pool,server,capacity,NONINFERIOR / INCONCLUSIVE,0.00000,0.00000,0.00000,0.00000,0.00000,0.00000,0.000,0.000,0.0,0.0178,True,,
17,Kubernetes Workload Scaling,replicas,compute_ai_cloud,compute_pool,server,capacity,NONINFERIOR / INCONCLUSIVE,0.00000,0.00000,0.00000,0.00000,0.00000,0.00000,0.000,0.000,0.0,0.0122,True,,
18,Kubernetes Workload Scaling,hpa_cpu_target,compute_ai_cloud,compute_pool,server,setpoint,NONINFERIOR / INCONCLUSIVE,0.00000,0.00000,0.00000,0.00000,0.00000,0.00000,0.000,0.000,0.0,0.0179,True,ENERGY IMPROVEMENT WITH SERVICE TRADEOFF,0.24902
19,Kubernetes Workload Scaling,hpa_memory_target,compute_ai_cloud,compute_pool,server,setpoint,NONINFERIOR / INCONCLUSIVE,0.00000,0.00000,0.00000,0.00000,0.00000,0.00000,0.000,0.000,0.0,0.0114,True,ENERGY IMPROVEMENT WITH SERVICE TRADEOFF,0.23072
20,Kubernetes Workload Scaling,hpa_custom_target,compute_ai_cloud,compute_pool,server,setpoint,NONINFERIOR / INCONCLUSIVE,0.00000,0.00000,0.00000,0.00000,0.00000,0.00000,0.000,0.000,0.0,0.0204,True,ENERGY IMPROVEMENT WITH SERVICE TRADEOFF,0.24376
21,Kubernetes Workload Scaling,vpa_apply,compute_ai_cloud,compute_pool,server,capacity,NONINFERIOR / INCONCLUSIVE,0.00000,0.00000,0.00000,0.00000,0.00000,0.00000,0.000,0.000,0.0,0.0136,True,,
22,Kubernetes Workload Scaling,scale_to_zero,compute_ai_cloud,compute_pool,server,capacity,NONINFERIOR / INCONCLUSIVE,0.00000,0.00000,0.00000,0.00000,0.00000,0.00000,0.000,0.000,0.0,0.0150,True,,
23,Kubernetes Workload Scaling,keda_threshold,compute_ai_cloud,compute_pool,server,admission,NONINFERIOR / INCONCLUSIVE,0.00000,0.00000,0.00000,0.00000,0.00000,0.00000,0.000,0.000,0.0,0.0151,True,,
24,Kubernetes Workload Scaling,rollout_rate,compute_ai_cloud,compute_pool,server,capacity,NONINFERIOR / INCONCLUSIVE,0.00000,0.00000,0.00000,0.00000,0.00000,0.00000,0.000,0.000,0.0,0.0167,True,,
25,Kubernetes Workload Scaling,max_surge,compute_ai_cloud,compute_pool,server,capacity,NONINFERIOR / INCONCLUSIVE,0.00000,0.00000,0.00000,0.00000,0.00000,0.00000,0.000,0.000,0.0,0.0149,True,,
26,Kubernetes Workload Scaling,max_unavailable,compute_ai_cloud,compute_pool,server,capacity,NONINFERIOR / INCONCLUSIVE,0.00000,0.00000,0.00000,0.00000,0.00000,0.00000,0.000,0.000,0.0,0.0079,True,,
27,Kubernetes Workload Scaling,deployment_pause_resume,compute_ai_cloud,compute_pool,server,admission,NONINFERIOR / INCONCLUSIVE,0.00000,0.00000,0.00000,0.00000,0.00000,0.00000,0.000,0.000,0.0,0.0100,True,,
28,Kubernetes Workload Scaling,rollout_abort,compute_ai_cloud,compute_pool,server,admission,NONINFERIOR / INCONCLUSIVE,0.00000,0.00000,0.00000,0.00000,0.00000,0.00000,0.000,0.000,0.0,0.0153,True,,
29,Kubernetes Workload Scaling,pod_eviction,compute_ai_cloud,compute_pool,server,admission,NONINFERIOR / INCONCLUSIVE,0.00000,0.00000,0.00000,0.00000,0.00000,0.00000,0.000,0.000,0.0,0.0143,True,,
30,Kubernetes Workload Scaling,pdb_policy,compute_ai_cloud,compute_pool,server,capacity,NONINFERIOR / INCONCLUSIVE,0.00000,0.00000,0.00000,0.00000,0.00000,0.00000,0.000,0.000,0.0,0.0104,True,,
31,Kubernetes Workload Scaling,scheduler_queue_priority,compute_ai_cloud,compute_pool,server,admission,NONINFERIOR / INCONCLUSIVE,0.00000,0.00000,0.00000,0.00000,0.00000,0.00000,0.000,0.000,0.0,0.0101,True,,
32,Kubernetes Workload Scaling,api_priority_fairness,compute_ai_cloud,compute_pool,server,admission,NONINFERIOR / INCONCLUSIVE,0.00000,0.00000,0.00000,0.00000,0.00000,0.00000,0.000,0.000,0.0,0.0157,True,,
129,NVIDIA GPU Hardware,gpu_allocate,compute_ai_cloud,compute_pool,gpu,capacity,NONINFERIOR / INCONCLUSIVE,0.00000,0.00000,0.00000,0.00000,0.00000,0.00000,0.000,0.000,0.0,0.0235,True,,
130,NVIDIA GPU Hardware,gpu_power_limit,compute_ai_cloud,compute_pool,gpu,power,SUPERIOR WITHIN GUARDRAILS,0.02531,0.02139,0.02924,0.00029,-0.00019,-0.02437,-0.361,-0.033,593.1,0.0254,True,,
131,NVIDIA GPU Hardware,gpu_sm_clock,compute_ai_cloud,compute_pool,gpu,power,SUPERIOR WITHIN GUARDRAILS,0.02197,0.01869,0.02525,0.00011,-0.00002,-0.02138,-0.264,0.179,583.9,0.0246,True,,
132,NVIDIA GPU Hardware,gpu_memory_clock,compute_ai_cloud,compute_pool,gpu,power,SUPERIOR WITHIN GUARDRAILS,0.02201,0.01815,0.02587,-0.00000,-0.00000,-0.02151,-0.472,-0.055,585.9,0.0275,True,,
133,NVIDIA GPU Hardware,gpu_persistence_mode,compute_ai_cloud,compute_pool,gpu,capacity,NONINFERIOR / INCONCLUSIVE,0.00000,0.00000,0.00000,0.00000,0.00000,0.00000,0.000,0.000,0.0,0.0331,True,,
134,NVIDIA GPU Hardware,gpu_compute_mode,compute_ai_cloud,compute_pool,gpu,capacity,NONINFERIOR / INCONCLUSIVE,0.00000,0.00000,0.00000,0.00000,0.00000,0.00000,0.000,0.000,0.0,0.0283,True,,
135,NVIDIA GPU Hardware,mig_mode,compute_ai_cloud,compute_pool,gpu,capacity,NONINFERIOR / INCONCLUSIVE,0.00000,0.00000,0.00000,0.00000,0.00000,0.00000,0.000,0.000,0.0,0.0294,True,,
136,NVIDIA GPU Hardware,mig_geometry,compute_ai_cloud,compute_pool,gpu,capacity,NONINFERIOR / INCONCLUSIVE,0.00000,0.00000,0.00000,0.00000,0.00000,0.00000,0.000,0.000,0.0,0.0243,True,,
137,NVIDIA GPU Hardware,gpu_timeslice,compute_ai_cloud,compute_pool,gpu,capacity,NONINFERIOR / INCONCLUSIVE,0.00000,0.00000,0.00000,0.00000,0.00000,0.00000,0.000,0.000,0.0,0.0243,True,,
138,NVIDIA GPU Hardware,gpu_mps,compute_ai_cloud,compute_pool,gpu,capacity,NONINFERIOR / INCONCLUSIVE,0.00000,0.00000,0.00000,0.00000,0.00000,0.00000,0.000,0.000,0.0,0.0231,True,,
139,NVIDIA GPU Hardware,gpu_quarantine,compute_ai_cloud,compute_pool,gpu,admission,NONINFERIOR / INCONCLUSIVE,0.00000,0.00000,0.00000,0.00000,0.00000,0.00000,0.000,0.000,0.0,0.0326,True,,
140,NVIDIA GPU Hardware,gpu_reset,compute_ai_cloud,compute_pool,gpu,capacity,NONINFERIOR / INCONCLUSIVE,0.00000,0.00000,0.00000,0.00000,0.00000,0.00000,0.000,0.000,0.0,0.0242,True,,
141,NVIDIA GPU Hardware,gpu_thermal_limit,compute_ai_cloud,compute_pool,gpu,power,SUPERIOR WITHIN GUARDRAILS,0.02575,0.02192,0.02958,-0.00000,-0.00000,-0.02508,-0.486,0.038,593.6,0.0253,True,,
142,NVIDIA GPU Hardware,gpu_ecc_response,compute_ai_cloud,compute_pool,gpu,capacity,NONINFERIOR / INCONCLUSIVE,0.00000,0.00000,0.00000,0.00000,0.00000,0.00000,0.000,0.000,0.0,0.0325,True,,
143,NVIDIA GPU Hardware,gpu_job_power_budget,compute_ai_cloud,compute_pool,gpu,admission,NONINFERIOR / INCONCLUSIVE,0.00000,0.00000,0.00000,0.00000,0.00000,0.00000,0.000,0.000,0.0,0.0260,True,,
65,Node Fleet & Karpenter-Class Control,node_desired,compute_ai_cloud,compute_pool,node,capacity,NONINFERIOR / INCONCLUSIVE,0.00312,-0.00142,0.00766,0.00000,0.00000,-0.00307,0.000,0.000,0.5,0.0232,True,,
66,Node Fleet & Karpenter-Class Control,node_pool_min,compute_ai_cloud,compute_pool,node,capacity,ENERGY IMPROVEMENT WITH SERVICE TRADEOFF,0.01457,0.00352,0.02562,0.00001,-0.00002,-0.01414,0.361,0.889,1.5,0.0281,True,,
67,Node Fleet & Karpenter-Class Control,node_pool_max,compute_ai_cloud,compute_pool,node,capacity,NOT ESTABLISHED,0.01645,-0.00293,0.03582,-0.00025,-0.00253,-0.01581,0.097,0.285,1.0,0.0239,True,,
68,Node Fleet & Karpenter-Class Control,node_provision,compute_ai_cloud,compute_pool,node,capacity,ENERGY IMPROVEMENT WITH SERVICE TRADEOFF,0.03588,0.01602,0.05574,0.00005,-0.00089,-0.03396,0.431,0.972,2.3,0.0278,True,,
69,Node Fleet & Karpenter-Class Control,node_cordon,compute_ai_cloud,compute_pool,node,admission,NONINFERIOR / INCONCLUSIVE,0.00000,0.00000,0.00000,0.00000,0.00000,0.00000,0.000,0.000,0.0,0.0274,True,,
70,Node Fleet & Karpenter-Class Control,node_drain,compute_ai_cloud,compute_pool,node,admission,NONINFERIOR / INCONCLUSIVE,0.00000,0.00000,0.00000,0.00000,0.00000,0.00000,0.000,0.000,0.0,0.0264,True,,
71,Node Fleet & Karpenter-Class Control,node_consolidate,compute_ai_cloud,compute_pool,node,capacity,ENERGY IMPROVEMENT WITH SERVICE TRADEOFF,0.02117,0.01103,0.03132,0.00000,-0.00000,-0.02057,0.264,0.634,2.1,0.0269,True,,
72,Node Fleet & Karpenter-Class Control,node_replace,compute_ai_cloud,compute_pool,node,capacity,ENERGY IMPROVEMENT WITH SERVICE TRADEOFF,0.01379,0.00260,0.02497,0.00000,-0.00000,-0.01339,0.167,0.422,1.5,0.0265,True,,
73,Node Fleet & Karpenter-Class Control,node_shutdown,compute_ai_cloud,compute_pool,node,capacity,ENERGY IMPROVEMENT WITH SERVICE TRADEOFF,0.02346,0.01002,0.03691,0.00000,0.00000,-0.02263,0.111,0.362,2.1,0.0297,True,,
74,Node Fleet & Karpenter-Class Control,node_power_on,compute_ai_cloud,compute_pool,node,capacity,ENERGY IMPROVEMENT WITH SERVICE TRADEOFF,0.02615,0.00788,0.04443,0.00013,-0.00074,-0.02483,0.278,0.644,2.1,0.0232,True,,
75,Node Fleet & Karpenter-Class Control,nodepool_weight,compute_ai_cloud,compute_pool,node,setpoint,ENERGY IMPROVEMENT WITH SERVICE TRADEOFF,0.02332,0.01051,0.03613,-0.00031,-0.00096,-0.02282,0.153,0.560,2.3,0.0317,True,NONINFERIOR / INCONCLUSIVE,0.00000
76,Node Fleet & Karpenter-Class Control,disruption_budget,compute_ai_cloud,compute_pool,node,admission,NONINFERIOR / INCONCLUSIVE,0.00000,0.00000,0.00000,0.00000,0.00000,0.00000,0.000,0.000,0.0,0.0211,True,,
77,Node Fleet & Karpenter-Class Control,consolidation_policy,compute_ai_cloud,compute_pool,node,capacity,SUPERIOR WITHIN GUARDRAILS,0.02427,0.00681,0.04174,0.00000,-0.00000,-0.02321,-0.042,0.053,2.3,0.0206,True,,
78,Node Fleet & Karpenter-Class Control,consolidate_after,compute_ai_cloud,compute_pool,node,capacity,ENERGY IMPROVEMENT WITH SERVICE TRADEOFF,0.02166,0.00461,0.03872,0.00000,0.00000,-0.02073,0.250,0.671,1.7,0.0238,True,,
79,Node Fleet & Karpenter-Class Control,expire_after,compute_ai_cloud,compute_pool,node,capacity,ENERGY IMPROVEMENT WITH SERVICE TRADEOFF,0.02503,0.00240,0.04766,0.00000,-0.00000,-0.02361,0.250,0.603,1.7,0.0219,True,,
80,Node Fleet & Karpenter-Class Control,capacity_class,compute_ai_cloud,compute_pool,node,capacity,ENERGY IMPROVEMENT WITH SERVICE TRADEOFF,0.01326,0.00265,0.02388,-0.00046,-0.00152,-0.01335,0.306,0.688,1.5,0.0238,True,,
85,OpenShift & Machine API,machine_remediation,compute_ai_cloud,compute_pool,node,capacity,ENERGY IMPROVEMENT WITH SERVICE TRADEOFF,0.01837,0.00459,0.03215,-0.00012,-0.00038,-0.01784,0.181,0.466,1.4,0.0235,True,,
88,OpenShift & Machine API,machine_health_gate,compute_ai_cloud,compute_pool,node,admission,NONINFERIOR / INCONCLUSIVE,0.00000,0.00000,0.00000,0.00000,0.00000,0.00000,0.000,0.000,0.0,0.0250,True,,
89,OpenShift & Machine API,mcp_pause,compute_ai_cloud,compute_pool,node,admission,NONINFERIOR / INCONCLUSIVE,0.00000,0.00000,0.00000,0.00000,0.00000,0.00000,0.000,0.000,0.0,0.0190,True,,
90,OpenShift & Machine API,mcp_max_unavailable,compute_ai_cloud,compute_pool,node,capacity,NONINFERIOR / INCONCLUSIVE,0.01124,-0.00178,0.02425,0.00000,0.00000,-0.01083,0.000,0.000,0.8,0.0238,True,,
91,OpenShift & Machine API,node_config_rollout,compute_ai_cloud,compute_pool,node,capacity,ENERGY IMPROVEMENT WITH SERVICE TRADEOFF,0.02518,0.00547,0.04488,-0.00000,-0.00000,-0.02393,0.181,0.498,1.4,0.0261,True,,
92,OpenShift & Machine API,operator_reconcile_budget,compute_ai_cloud,compute_pool,node,admission,NONINFERIOR / INCONCLUSIVE,0.00000,0.00000,0.00000,0.00000,0.00000,0.00000,0.000,0.000,0.0,0.0306,True,,
93,OpenShift & Machine API,cluster_version_pacing,compute_ai_cloud,compute_pool,node,capacity,ENERGY IMPROVEMENT WITH SERVICE TRADEOFF,0.01443,0.00666,0.02219,-0.00018,-0.00057,-0.01429,0.097,0.260,1.4,0.0233,True,,
94,OpenShift & Machine API,infra_machine_admission,compute_ai_cloud,compute_pool,node,admission,NONINFERIOR / INCONCLUSIVE,0.00000,0.00000,0.00000,0.00000,0.00000,0.00000,0.000,0.000,0.0,0.0282,True,,
95,OpenShift & Machine API,machine_failure_domain,compute_ai_cloud,compute_pool,node,capacity,SUPERIOR WITHIN GUARDRAILS,0.02668,0.00614,0.04722,0.00000,-0.00000,-0.02531,-0.014,0.105,2.4,0.0194,True,,
593,Quantum Computing Control Simulation,qubit_mapping,compute_ai_cloud,compute_pool,qpu,capacity,NONINFERIOR / INCONCLUSIVE,0.00000,0.00000,0.00000,0.00000,0.00000,0.00000,0.000,0.000,0.0,0.0092,True,,
594,Quantum Computing Control Simulation,circuit_admission,compute_ai_cloud,compute_pool,qpu,admission,NONINFERIOR / INCONCLUSIVE,0.00000,0.00000,0.00000,0.00000,0.00000,0.00000,0.000,0.000,0.0,0.0164,True,,
595,Quantum Computing Control Simulation,shot_allocation,compute_ai_cloud,compute_pool,qpu,capacity,NONINFERIOR / INCONCLUSIVE,0.00000,0.00000,0.00000,0.00000,0.00000,0.00000,0.000,0.000,0.0,0.0110,True,,
596,Quantum Computing Control Simulation,circuit_scheduling,compute_ai_cloud,compute_pool,qpu,admission,NONINFERIOR / INCONCLUSIVE,0.00000,0.00000,0.00000,0.00000,0.00000,0.00000,0.000,0.000,0.0,0.0114,True,,
597,Quantum Computing Control Simulation,gate_scheduling,compute_ai_cloud,compute_pool,qpu,capacity,NONINFERIOR / INCONCLUSIVE,0.00000,0.00000,0.00000,0.00000,0.00000,0.00000,0.000,0.000,0.0,0.0157,True,,
598,Quantum Computing Control Simulation,pulse_amplitude,compute_ai_cloud,compute_pool,qpu,capacity,NONINFERIOR / INCONCLUSIVE,0.00000,0.00000,0.00000,0.00000,0.00000,0.00000,0.000,0.000,0.0,0.0049,True,,
599,Quantum Computing Control Simulation,pulse_duration,compute_ai_cloud,compute_pool,qpu,setpoint,NONINFERIOR / INCONCLUSIVE,0.00000,0.00000,0.00000,0.00000,0.00000,0.00000,0.000,0.000,0.0,0.0107,True,ENERGY IMPROVEMENT WITH SERVICE TRADEOFF,0.73206
600,Quantum Computing Control Simulation,pulse_phase,compute_ai_cloud,compute_pool,qpu,capacity,NONINFERIOR / INCONCLUSIVE,0.00000,0.00000,0.00000,0.00000,0.00000,0.00000,0.000,0.000,0.0,0.0343,True,,
601,Quantum Computing Control Simulation,pulse_frequency,compute_ai_cloud,compute_pool,qpu,power,WORSE,-0.01544,-0.02578,-0.00509,-0.00000,-0.00000,0.01588,-0.056,0.040,553.9,0.0229,True,,
602,Quantum Computing Control Simulation,coupling_control,compute_ai_cloud,compute_pool,qpu,capacity,NONINFERIOR / INCONCLUSIVE,0.00000,0.00000,0.00000,0.00000,0.00000,0.00000,0.000,0.000,0.0,0.0093,True,,
603,Quantum Computing Control Simulation,reset_scheduling,compute_ai_cloud,compute_pool,qpu,capacity,NONINFERIOR / INCONCLUSIVE,0.00000,0.00000,0.00000,0.00000,0.00000,0.00000,0.000,0.000,0.0,0.0121,True,,
604,Quantum Computing Control Simulation,measurement_scheduling,compute_ai_cloud,compute_pool,qpu,capacity,NONINFERIOR / INCONCLUSIVE,0.00000,0.00000,0.00000,0.00000,0.00000,0.00000,0.000,0.000,0.0,0.0297,True,,
605,Quantum Computing Control Simulation,dynamical_decoupling,compute_ai_cloud,compute_pool,qpu,capacity,NONINFERIOR / INCONCLUSIVE,0.00000,0.00000,0.00000,0.00000,0.00000,0.00000,0.000,0.000,0.0,0.0072,True,,
606,Quantum Computing Control Simulation,noise_aware_routing,compute_ai_cloud,compute_pool,qpu,capacity,NONINFERIOR / INCONCLUSIVE,0.00000,0.00000,0.00000,0.00000,0.00000,0.00000,0.000,0.000,0.0,0.0103,True,,
607,Quantum Computing Control Simulation,error_mitigation_budget,compute_ai_cloud,compute_pool,qpu,admission,NONINFERIOR / INCONCLUSIVE,0.00000,0.00000,0.00000,0.00000,0.00000,0.00000,0.000,0.000,0.0,0.0139,True,,
608,Quantum Computing Control Simulation,quantum_queue_priority,compute_ai_cloud,compute_pool,qpu,admission,NONINFERIOR / INCONCLUSIVE,0.00000,0.00000,0.00000,0.00000,0.00000,0.00000,0.000,0.000,0.0,0.0111,True,,
1,Work Admission & Demand Shaping,api_concurrency,compute_ai_cloud,compute_pool,server,admission,NONINFERIOR / INCONCLUSIVE,0.00000,0.00000,0.00000,0.00000,0.00000,0.00000,0.000,0.000,0.0,0.0153,True,,
2,Work Admission & Demand Shaping,queue_concurrency,compute_ai_cloud,compute_pool,server,admission,NONINFERIOR / INCONCLUSIVE,0.00000,0.00000,0.00000,0.00000,0.00000,0.00000,0.000,0.000,0.0,0.0167,True,,
3,Work Admission & Demand Shaping,queue_backpressure,compute_ai_cloud,compute_pool,server,admission,NONINFERIOR / INCONCLUSIVE,0.00000,0.00000,0.00000,0.00000,0.00000,0.00000,0.000,0.000,0.0,0.0099,True,,
4,Work Admission & Demand Shaping,job_admission,compute_ai_cloud,compute_pool,server,admission,NONINFERIOR / INCONCLUSIVE,0.00000,0.00000,0.00000,0.00000,0.00000,0.00000,0.000,0.000,0.0,0.0149,True,,
5,Work Admission & Demand Shaping,batch_admission,compute_ai_cloud,compute_pool,server,admission,NONINFERIOR / INCONCLUSIVE,0.00000,0.00000,0.00000,0.00000,0.00000,0.00000,0.000,0.000,0.0,0.0203,True,,
6,Work Admission & Demand Shaping,inference_admission,compute_ai_cloud,compute_pool,server,admission,NONINFERIOR / INCONCLUSIVE,0.00000,0.00000,0.00000,0.00000,0.00000,0.00000,0.000,0.000,0.0,0.0174,True,,
7,Work Admission & Demand Shaping,load_shed,compute_ai_cloud,compute_pool,server,admission,NONINFERIOR / INCONCLUSIVE,0.00000,0.00000,0.00000,0.00000,0.00000,0.00000,0.000,0.000,0.0,0.0144,True,,
8,Work Admission & Demand Shaping,priority_gate,compute_ai_cloud,compute_pool,server,admission,NONINFERIOR / INCONCLUSIVE,0.00000,0.00000,0.00000,0.00000,0.00000,0.00000,0.000,0.000,0.0,0.0147,True,,
9,Work Admission & Demand Shaping,tenant_admission,compute_ai_cloud,compute_pool,server,admission,NONINFERIOR / INCONCLUSIVE,0.00000,0.00000,0.00000,0.00000,0.00000,0.00000,0.000,0.000,0.0,0.0132,True,,
10,Work Admission & Demand Shaping,burst_limit,compute_ai_cloud,compute_pool,server,admission,NONINFERIOR / INCONCLUSIVE,0.00000,0.00000,0.00000,0.00000,0.00000,0.00000,0.000,0.000,0.0,0.0149,True,,
11,Work Admission & Demand Shaping,deadline_admission,compute_ai_cloud,compute_pool,server,admission,NONINFERIOR / INCONCLUSIVE,0.00000,0.00000,0.00000,0.00000,0.00000,0.00000,0.000,0.000,0.0,0.0122,True,,
12,Work Admission & Demand Shaping,work_budget,compute_ai_cloud,compute_pool,server,admission,NONINFERIOR / INCONCLUSIVE,0.00000,0.00000,0.00000,0.00000,0.00000,0.00000,0.000,0.000,0.0,0.0114,True,,
13,Work Admission & Demand Shaping,request_queue_limit,compute_ai_cloud,compute_pool,server,admission,NONINFERIOR / INCONCLUSIVE,0.00000,0.00000,0.00000,0.00000,0.00000,0.00000,0.000,0.000,0.0,0.0164,True,,
14,Work Admission & Demand Shaping,retry_admission,compute_ai_cloud,compute_pool,server,admission,NONINFERIOR / INCONCLUSIVE,0.00000,0.00000,0.00000,0.00000,0.00000,0.00000,0.000,0.000,0.0,0.0139,True,,
15,Work Admission & Demand Shaping,background_work_gate,compute_ai_cloud,compute_pool,server,admission,NONINFERIOR / INCONCLUSIVE,0.00000,0.00000,0.00000,0.00000,0.00000,0.00000,0.000,0.000,0.0,0.0157,True,,
16,Work Admission & Demand Shaping,maintenance_work_gate,compute_ai_cloud,compute_pool,server,admission,NONINFERIOR / INCONCLUSIVE,0.00000,0.00000,0.00000,0.00000,0.00000,0.00000,0.000,0.000,0.0,0.0096,True,,
305,Cache & Memory Services,cache_size,distribution_specialized,compute_pool,server,capacity,NONINFERIOR / INCONCLUSIVE,0.00000,0.00000,0.00000,0.00000,0.00000,0.00000,0.000,0.000,0.0,0.0156,True,,
306,Cache & Memory Services,cache_ttl,distribution_specialized,compute_pool,server,setpoint,NONINFERIOR / INCONCLUSIVE,0.00000,0.00000,0.00000,0.00000,0.00000,0.00000,0.000,0.000,0.0,0.0121,True,ENERGY IMPROVEMENT WITH SERVICE TRADEOFF,0.24744
307,Cache & Memory Services,cache_eviction_policy,distribution_specialized,compute_pool,server,admission,NONINFERIOR / INCONCLUSIVE,0.00000,0.00000,0.00000,0.00000,0.00000,0.00000,0.000,0.000,0.0,0.0156,True,,
308,Cache & Memory Services,cache_replicas,distribution_specialized,compute_pool,server,capacity,NONINFERIOR / INCONCLUSIVE,0.00000,0.00000,0.00000,0.00000,0.00000,0.00000,0.000,0.000,0.0,0.0161,True,,
309,Cache & Memory Services,cache_sharding,distribution_specialized,compute_pool,server,capacity,NONINFERIOR / INCONCLUSIVE,0.00000,0.00000,0.00000,0.00000,0.00000,0.00000,0.000,0.000,0.0,0.0139,True,,
310,Cache & Memory Services,cache_prefetch,distribution_specialized,compute_pool,server,capacity,NONINFERIOR / INCONCLUSIVE,0.00000,0.00000,0.00000,0.00000,0.00000,0.00000,0.000,0.000,0.0,0.0112,True,,
311,Cache & Memory Services,cache_writeback_rate,distribution_specialized,compute_pool,server,capacity,NONINFERIOR / INCONCLUSIVE,0.00000,0.00000,0.00000,0.00000,0.00000,0.00000,0.000,0.000,0.0,0.0135,True,,
312,Cache & Memory Services,cache_admission,distribution_specialized,compute_pool,server,admission,NONINFERIOR / INCONCLUSIVE,0.00000,0.00000,0.00000,0.00000,0.00000,0.00000,0.000,0.000,0.0,0.0151,True,,
313,Cache & Memory Services,hot_key_isolation,distribution_specialized,compute_pool,server,admission,NONINFERIOR / INCONCLUSIVE,0.00000,0.00000,0.00000,0.00000,0.00000,0.00000,0.000,0.000,0.0,0.0168,True,,
314,Cache & Memory Services,cache_connection_limit,distribution_specialized,compute_pool,server,admission,NONINFERIOR / INCONCLUSIVE,0.00000,0.00000,0.00000,0.00000,0.00000,0.00000,0.000,0.000,0.0,0.0139,True,,
315,Cache & Memory Services,cache_memory_limit,distribution_specialized,compute_pool,server,capacity,NONINFERIOR / INCONCLUSIVE,0.00000,0.00000,0.00000,0.00000,0.00000,0.00000,0.000,0.000,0.0,0.0100,True,,
316,Cache & Memory Services,cache_compression,distribution_specialized,compute_pool,server,capacity,NONINFERIOR / INCONCLUSIVE,0.00000,0.00000,0.00000,0.00000,0.00000,0.00000,0.000,0.000,0.0,0.0108,True,,
317,Cache & Memory Services,cache_warmup,distribution_specialized,compute_pool,server,capacity,NONINFERIOR / INCONCLUSIVE,0.00000,0.00000,0.00000,0.00000,0.00000,0.00000,0.000,0.000,0.0,0.0099,True,,
318,Cache & Memory Services,cache_failover,distribution_specialized,compute_pool,server,capacity,NONINFERIOR / INCONCLUSIVE,0.00000,0.00000,0.00000,0.00000,0.00000,0.00000,0.000,0.000,0.0,0.0142,True,,
319,Cache & Memory Services,cache_flush_rate,distribution_specialized,compute_pool,server,capacity,NONINFERIOR / INCONCLUSIVE,0.00000,0.00000,0.00000,0.00000,0.00000,0.00000,0.000,0.000,0.0,0.0085,True,,
401,Commerce & Payment Systems,payment_admission,distribution_specialized,compute_pool,commerce,admission,NONINFERIOR / INCONCLUSIVE,0.00000,0.00000,0.00000,0.00000,0.00000,0.00000,0.000,0.000,0.0,0.0629,True,,
402,Commerce & Payment Systems,payment_concurrency,distribution_specialized,compute_pool,commerce,admission,NONINFERIOR / INCONCLUSIVE,0.00000,0.00000,0.00000,0.00000,0.00000,0.00000,0.000,0.000,0.0,0.0693,True,,
403,Commerce & Payment Systems,payment_retry,distribution_specialized,compute_pool,commerce,admission,NONINFERIOR / INCONCLUSIVE,0.00000,0.00000,0.00000,0.00000,0.00000,0.00000,0.000,0.000,0.0,0.0675,True,,
404,Commerce & Payment Systems,payment_timeout,distribution_specialized,compute_pool,commerce,admission,NONINFERIOR / INCONCLUSIVE,0.00000,0.00000,0.00000,0.00000,0.00000,0.00000,0.000,0.000,0.0,0.0507,True,,
405,Commerce & Payment Systems,fraud_review_gate,distribution_specialized,compute_pool,commerce,admission,NONINFERIOR / INCONCLUSIVE,0.00000,0.00000,0.00000,0.00000,0.00000,0.00000,0.000,0.000,0.0,0.0589,True,,
406,Commerce & Payment Systems,authorization_route,distribution_specialized,compute_pool,commerce,capacity,NONINFERIOR / INCONCLUSIVE,0.00000,0.00000,0.00000,0.00000,0.00000,0.00000,0.000,0.000,0.0,0.0601,True,,
407,Commerce & Payment Systems,processor_route_weight,distribution_specialized,compute_pool,commerce,setpoint,NONINFERIOR / INCONCLUSIVE,0.00000,0.00000,0.00000,0.00000,0.00000,0.00000,0.000,0.000,0.0,0.0564,True,ENERGY IMPROVEMENT WITH SERVICE TRADEOFF,0.28577
408,Commerce & Payment Systems,transaction_queue_limit,distribution_specialized,compute_pool,commerce,admission,NONINFERIOR / INCONCLUSIVE,0.00000,0.00000,0.00000,0.00000,0.00000,0.00000,0.000,0.000,0.0,0.0632,True,,
409,Commerce & Payment Systems,idempotency_window,distribution_specialized,compute_pool,commerce,setpoint,NONINFERIOR / INCONCLUSIVE,0.00000,0.00000,0.00000,0.00000,0.00000,0.00000,0.000,0.000,0.0,0.0493,True,ENERGY IMPROVEMENT WITH SERVICE TRADEOFF,0.29508
410,Commerce & Payment Systems,order_reservation,distribution_specialized,compute_pool,commerce,capacity,NONINFERIOR / INCONCLUSIVE,0.00000,0.00000,0.00000,0.00000,0.00000,0.00000,0.000,0.000,0.0,0.0592,True,,
411,Commerce & Payment Systems,inventory_hold,distribution_specialized,compute_pool,commerce,admission,NONINFERIOR / INCONCLUSIVE,0.00000,0.00000,0.00000,0.00000,0.00000,0.00000,0.000,0.000,0.0,0.0469,True,,
412,Commerce & Payment Systems,checkout_load_shed,distribution_specialized,compute_pool,commerce,admission,NONINFERIOR / INCONCLUSIVE,0.00000,0.00000,0.00000,0.00000,0.00000,0.00000,0.000,0.000,0.0,0.0618,True,,
413,Commerce & Payment Systems,refund_queue_rate,distribution_specialized,compute_pool,commerce,capacity,NONINFERIOR / INCONCLUSIVE,0.00000,0.00000,0.00000,0.00000,0.00000,0.00000,0.000,0.000,0.0,0.0436,True,,
414,Commerce & Payment Systems,settlement_batch,distribution_specialized,compute_pool,commerce,capacity,NONINFERIOR / INCONCLUSIVE,0.00000,0.00000,0.00000,0.00000,0.00000,0.00000,0.000,0.000,0.0,0.0674,True,,
415,Commerce & Payment Systems,payment_failover,distribution_specialized,compute_pool,commerce,capacity,NONINFERIOR / INCONCLUSIVE,0.00000,0.00000,0.00000,0.00000,0.00000,0.00000,0.000,0.000,0.0,0.0663,True,,
338,Data Analytics & ETL,executor_size,distribution_specialized,compute_pool,batch,capacity,NONINFERIOR / INCONCLUSIVE,0.00000,0.00000,0.00000,0.00000,0.00000,0.00000,0.000,0.000,0.0,0.0000,True,,
339,Data Analytics & ETL,dynamic_allocation_min,distribution_specialized,compute_pool,batch,capacity,NONINFERIOR / INCONCLUSIVE,0.00000,0.00000,0.00000,0.00000,0.00000,0.00000,0.000,0.000,0.0,0.0000,True,,
340,Data Analytics & ETL,dynamic_allocation_max,distribution_specialized,compute_pool,batch,capacity,NONINFERIOR / INCONCLUSIVE,0.00000,0.00000,0.00000,0.00000,0.00000,0.00000,0.000,0.000,0.0,0.0000,True,,
341,Data Analytics & ETL,shuffle_partitions,distribution_specialized,compute_pool,batch,capacity,NONINFERIOR / INCONCLUSIVE,0.00000,0.00000,0.00000,0.00000,0.00000,0.00000,0.000,0.000,0.0,0.0000,True,,
342,Data Analytics & ETL,shuffle_bandwidth,distribution_specialized,compute_pool,batch,capacity,NONINFERIOR / INCONCLUSIVE,0.00000,0.00000,0.00000,0.00000,0.00000,0.00000,0.000,0.000,0.0,0.0000,True,,
343,Data Analytics & ETL,etl_concurrency,distribution_specialized,compute_pool,batch,admission,NONINFERIOR / INCONCLUSIVE,0.00000,0.00000,0.00000,0.00000,0.00000,0.00000,0.000,0.000,0.0,0.0000,True,,
344,Data Analytics & ETL,stage_parallelism,distribution_specialized,compute_pool,batch,capacity,NONINFERIOR / INCONCLUSIVE,0.00000,0.00000,0.00000,0.00000,0.00000,0.00000,0.000,0.000,0.0,0.0000,True,,
345,Data Analytics & ETL,query_slots,distribution_specialized,compute_pool,batch,capacity,NONINFERIOR / INCONCLUSIVE,0.00000,0.00000,0.00000,0.00000,0.00000,0.00000,0.000,0.000,0.0,0.0000,True,,
346,Data Analytics & ETL,spill_threshold,distribution_specialized,compute_pool,batch,admission,NONINFERIOR / INCONCLUSIVE,0.00000,0.00000,0.00000,0.00000,0.00000,0.00000,0.000,0.000,0.0,0.0000,True,,
347,Data Analytics & ETL,cache_fraction,distribution_specialized,compute_pool,batch,setpoint,NONINFERIOR / INCONCLUSIVE,0.00000,0.00000,0.00000,0.00000,0.00000,0.00000,0.000,0.000,0.0,0.0000,True,ENERGY IMPROVEMENT WITH SERVICE TRADEOFF,0.24905
348,Data Analytics & ETL,batch_interval,distribution_specialized,compute_pool,batch,setpoint,NONINFERIOR / INCONCLUSIVE,0.00000,0.00000,0.00000,0.00000,0.00000,0.00000,0.000,0.000,0.0,0.0000,True,ENERGY IMPROVEMENT WITH SERVICE TRADEOFF,0.23097
349,Data Analytics & ETL,stream_backpressure,distribution_specialized,compute_pool,batch,admission,NONINFERIOR / INCONCLUSIVE,0.00000,0.00000,0.00000,0.00000,0.00000,0.00000,0.000,0.000,0.0,0.0000,True,,
350,Data Analytics & ETL,data_locality_wait,distribution_specialized,compute_pool,batch,capacity,NONINFERIOR / INCONCLUSIVE,0.00000,0.00000,0.00000,0.00000,0.00000,0.00000,0.000,0.000,0.0,0.0000,True,,
351,Data Analytics & ETL,speculation_policy,distribution_specialized,compute_pool,batch,capacity,NONINFERIOR / INCONCLUSIVE,0.00000,0.00000,0.00000,0.00000,0.00000,0.00000,0.000,0.000,0.0,0.0000,True,,
352,Data Analytics & ETL,analytics_admission,distribution_specialized,compute_pool,batch,admission,NONINFERIOR / INCONCLUSIVE,0.00000,0.00000,0.00000,0.00000,0.00000,0.00000,0.000,0.000,0.0,0.0000,True,,
273,Database & Transactions,db_replicas,distribution_specialized,compute_pool,database,capacity,NONINFERIOR / INCONCLUSIVE,0.00000,0.00000,0.00000,0.00000,0.00000,0.00000,0.000,0.000,0.0,0.0779,True,,
275,Database & Transactions,db_memory,distribution_specialized,compute_pool,database,capacity,NONINFERIOR / INCONCLUSIVE,0.00000,0.00000,0.00000,0.00000,0.00000,0.00000,0.000,0.000,0.0,0.0860,True,,
276,Database & Transactions,db_cache,distribution_specialized,compute_pool,database,capacity,NONINFERIOR / INCONCLUSIVE,0.00000,0.00000,0.00000,0.00000,0.00000,0.00000,0.000,0.000,0.0,0.0828,True,,
277,Database & Transactions,query_concurrency,distribution_specialized,compute_pool,database,admission,NONINFERIOR / INCONCLUSIVE,0.00000,0.00000,0.00000,0.00000,0.00000,0.00000,0.000,0.000,0.0,0.0829,True,,
278,Database & Transactions,read_route,distribution_specialized,compute_pool,database,capacity,NONINFERIOR / INCONCLUSIVE,0.00000,0.00000,0.00000,0.00000,0.00000,0.00000,0.000,0.000,0.0,0.0950,True,,
279,Database & Transactions,shard_placement,distribution_specialized,compute_pool,database,capacity,NONINFERIOR / INCONCLUSIVE,0.00000,0.00000,0.00000,0.00000,0.00000,0.00000,0.000,0.000,0.0,0.0800,True,,
280,Database & Transactions,db_failover,distribution_specialized,compute_pool,database,capacity,NONINFERIOR / INCONCLUSIVE,0.00000,0.00000,0.00000,0.00000,0.00000,0.00000,0.000,0.000,0.0,0.0821,True,,
281,Database & Transactions,replication_lag_gate,distribution_specialized,compute_pool,database,admission,NONINFERIOR / INCONCLUSIVE,0.00000,0.00000,0.00000,0.00000,0.00000,0.00000,0.000,0.000,0.0,0.0707,True,,
282,Database & Transactions,db_write_throttle,distribution_specialized,compute_pool,database,admission,NONINFERIOR / INCONCLUSIVE,0.00000,0.00000,0.00000,0.00000,0.00000,0.00000,0.000,0.000,0.0,0.0786,True,,
283,Database & Transactions,db_pool_resize,distribution_specialized,compute_pool,database,capacity,NONINFERIOR / INCONCLUSIVE,0.00000,0.00000,0.00000,0.00000,0.00000,0.00000,0.000,0.000,0.0,0.0843,True,,
284,Database & Transactions,transaction_concurrency,distribution_specialized,compute_pool,database,admission,NONINFERIOR / INCONCLUSIVE,0.00000,0.00000,0.00000,0.00000,0.00000,0.00000,0.000,0.000,0.0,0.0461,True,,
285,Database & Transactions,lock_timeout,distribution_specialized,compute_pool,database,admission,NONINFERIOR / INCONCLUSIVE,0.00000,0.00000,0.00000,0.00000,0.00000,0.00000,0.000,0.000,0.0,0.0710,True,,
286,Database & Transactions,checkpoint_rate,distribution_specialized,compute_pool,database,capacity,NONINFERIOR / INCONCLUSIVE,0.00000,0.00000,0.00000,0.00000,0.00000,0.00000,0.000,0.000,0.0,0.0846,True,,
287,Database & Transactions,vacuum_compaction_rate,distribution_specialized,compute_pool,database,capacity,NONINFERIOR / INCONCLUSIVE,0.00000,0.00000,0.00000,0.00000,0.00000,0.00000,0.000,0.000,0.0,0.0882,True,,
289,Messaging & Streaming,partition_count,distribution_specialized,compute_pool,server,capacity,NONINFERIOR / INCONCLUSIVE,0.00000,0.00000,0.00000,0.00000,0.00000,0.00000,0.000,0.000,0.0,0.0118,True,,
290,Messaging & Streaming,partition_placement,distribution_specialized,compute_pool,server,capacity,NONINFERIOR / INCONCLUSIVE,0.00000,0.00000,0.00000,0.00000,0.00000,0.00000,0.000,0.000,0.0,0.0101,True,,
291,Messaging & Streaming,producer_quota,distribution_specialized,compute_pool,server,admission,NONINFERIOR / INCONCLUSIVE,0.00000,0.00000,0.00000,0.00000,0.00000,0.00000,0.000,0.000,0.0,0.0126,True,,
292,Messaging & Streaming,consumer_quota,distribution_specialized,compute_pool,server,admission,NONINFERIOR / INCONCLUSIVE,0.00000,0.00000,0.00000,0.00000,0.00000,0.00000,0.000,0.000,0.0,0.0128,True,,
293,Messaging & Streaming,broker_io_quota,distribution_specialized,compute_pool,server,admission,NONINFERIOR / INCONCLUSIVE,0.00000,0.00000,0.00000,0.00000,0.00000,0.00000,0.000,0.000,0.0,0.0104,True,,
294,Messaging & Streaming,message_retention,distribution_specialized,compute_pool,server,capacity,NONINFERIOR / INCONCLUSIVE,0.00000,0.00000,0.00000,0.00000,0.00000,0.00000,0.000,0.000,0.0,0.0114,True,,
295,Messaging & Streaming,queue_depth_limit,distribution_specialized,compute_pool,server,admission,NONINFERIOR / INCONCLUSIVE,0.00000,0.00000,0.00000,0.00000,0.00000,0.00000,0.000,0.000,0.0,0.0143,True,,
296,Messaging & Streaming,consumer_concurrency,distribution_specialized,compute_pool,server,admission,NONINFERIOR / INCONCLUSIVE,0.00000,0.00000,0.00000,0.00000,0.00000,0.00000,0.000,0.000,0.0,0.0137,True,,
297,Messaging & Streaming,producer_batch_size,distribution_specialized,compute_pool,server,capacity,NONINFERIOR / INCONCLUSIVE,0.00000,0.00000,0.00000,0.00000,0.00000,0.00000,0.000,0.000,0.0,0.0129,True,,
298,Messaging & Streaming,fetch_batch_size,distribution_specialized,compute_pool,server,capacity,NONINFERIOR / INCONCLUSIVE,0.00000,0.00000,0.00000,0.00000,0.00000,0.00000,0.000,0.000,0.0,0.0153,True,,
299,Messaging & Streaming,rebalance_rate,distribution_specialized,compute_pool,server,capacity,NONINFERIOR / INCONCLUSIVE,0.00000,0.00000,0.00000,0.00000,0.00000,0.00000,0.000,0.000,0.0,0.0122,True,,
300,Messaging & Streaming,replication_factor,distribution_specialized,compute_pool,server,capacity,NONINFERIOR / INCONCLUSIVE,0.00000,0.00000,0.00000,0.00000,0.00000,0.00000,0.000,0.000,0.0,0.0108,True,,
301,Messaging & Streaming,retry_backoff,distribution_specialized,compute_pool,server,admission,NONINFERIOR / INCONCLUSIVE,0.00000,0.00000,0.00000,0.00000,0.00000,0.00000,0.000,0.000,0.0,0.0149,True,,
302,Messaging & Streaming,dead_letter_divert,distribution_specialized,compute_pool,server,capacity,NONINFERIOR / INCONCLUSIVE,0.00000,0.00000,0.00000,0.00000,0.00000,0.00000,0.000,0.000,0.0,0.0126,True,,
303,Messaging & Streaming,stream_priority,distribution_specialized,compute_pool,server,admission,NONINFERIOR / INCONCLUSIVE,0.00000,0.00000,0.00000,0.00000,0.00000,0.00000,0.000,0.000,0.0,0.0169,True,,
304,Messaging & Streaming,broker_failover,distribution_specialized,compute_pool,server,capacity,NONINFERIOR / INCONCLUSIVE,0.00000,0.00000,0.00000,0.00000,0.00000,0.00000,0.000,0.000,0.0,0.0131,True,,
225,Network Routing & Switching,lb_weight,distribution_specialized,compute_pool,network,setpoint,NONINFERIOR / INCONCLUSIVE,0.00000,0.00000,0.00000,0.00000,0.00000,0.00000,0.000,0.000,0.0,0.0056,True,ENERGY IMPROVEMENT WITH SERVICE TRADEOFF,0.47477
226,Network Routing & Switching,route_weight,distribution_specialized,compute_pool,network,setpoint,NONINFERIOR / INCONCLUSIVE,0.00000,0.00000,0.00000,0.00000,0.00000,0.00000,0.000,0.000,0.0,0.0071,True,ENERGY IMPROVEMENT WITH SERVICE TRADEOFF,0.47423
227,Network Routing & Switching,rate_limit,distribution_specialized,compute_pool,network,admission,NONINFERIOR / INCONCLUSIVE,0.00000,0.00000,0.00000,0.00000,0.00000,0.00000,0.000,0.000,0.0,0.0049,True,,
228,Network Routing & Switching,bandwidth_limit,distribution_specialized,compute_pool,network,capacity,NONINFERIOR / INCONCLUSIVE,0.00000,0.00000,0.00000,0.00000,0.00000,0.00000,0.000,0.000,0.0,0.0079,True,,
229,Network Routing & Switching,qos_class,distribution_specialized,compute_pool,network,capacity,NONINFERIOR / INCONCLUSIVE,0.00000,0.00000,0.00000,0.00000,0.00000,0.00000,0.000,0.000,0.0,0.0075,True,,
230,Network Routing & Switching,connection_limit,distribution_specialized,compute_pool,network,admission,NONINFERIOR / INCONCLUSIVE,0.00000,0.00000,0.00000,0.00000,0.00000,0.00000,0.000,0.000,0.0,0.0100,True,,
231,Network Routing & Switching,failover_route,distribution_specialized,compute_pool,network,capacity,NONINFERIOR / INCONCLUSIVE,0.00000,0.00000,0.00000,0.00000,0.00000,0.00000,0.000,0.000,0.0,0.0046,True,,
232,Network Routing & Switching,nic_rate_limit,distribution_specialized,compute_pool,network,admission,NONINFERIOR / INCONCLUSIVE,0.00000,0.00000,0.00000,0.00000,0.00000,0.00000,0.000,0.000,0.0,0.0064,True,,
233,Network Routing & Switching,nic_queue_count,distribution_specialized,compute_pool,network,capacity,NONINFERIOR / INCONCLUSIVE,0.00000,0.00000,0.00000,0.00000,0.00000,0.00000,0.000,0.000,0.0,0.0078,True,,
234,Network Routing & Switching,queue_discipline,distribution_specialized,compute_pool,network,capacity,NONINFERIOR / INCONCLUSIVE,0.00000,0.00000,0.00000,0.00000,0.00000,0.00000,0.000,0.000,0.0,0.0064,True,,
235,Network Routing & Switching,congestion_control,distribution_specialized,compute_pool,network,capacity,NONINFERIOR / INCONCLUSIVE,0.00000,0.00000,0.00000,0.00000,0.00000,0.00000,0.000,0.000,0.0,0.0039,True,,
236,Network Routing & Switching,egress_budget,distribution_specialized,compute_pool,network,admission,NONINFERIOR / INCONCLUSIVE,0.00000,0.00000,0.00000,0.00000,0.00000,0.00000,0.000,0.000,0.0,0.0074,True,,
237,Network Routing & Switching,ingress_budget,distribution_specialized,compute_pool,network,admission,NONINFERIOR / INCONCLUSIVE,0.00000,0.00000,0.00000,0.00000,0.00000,0.00000,0.000,0.000,0.0,0.0056,True,,
238,Network Routing & Switching,ecmp_weight,distribution_specialized,compute_pool,network,setpoint,NONINFERIOR / INCONCLUSIVE,0.00000,0.00000,0.00000,0.00000,0.00000,0.00000,0.000,0.000,0.0,0.0042,True,ENERGY IMPROVEMENT WITH SERVICE TRADEOFF,0.43246
239,Network Routing & Switching,path_selection,distribution_specialized,compute_pool,network,capacity,NONINFERIOR / INCONCLUSIVE,0.00000,0.00000,0.00000,0.00000,0.00000,0.00000,0.000,0.000,0.0,0.0050,True,,
240,Network Routing & Switching,network_isolation,distribution_specialized,compute_pool,network,admission,NONINFERIOR / INCONCLUSIVE,0.00000,0.00000,0.00000,0.00000,0.00000,0.00000,0.000,0.000,0.0,0.0079,True,,
373,Observability & Telemetry,collector_memory_limit,distribution_specialized,compute_pool,server,capacity,NONINFERIOR / INCONCLUSIVE,0.00000,0.00000,0.00000,0.00000,0.00000,0.00000,0.000,0.000,0.0,0.0190,True,,
374,Observability & Telemetry,export_concurrency,distribution_specialized,compute_pool,server,admission,NONINFERIOR / INCONCLUSIVE,0.00000,0.00000,0.00000,0.00000,0.00000,0.00000,0.000,0.000,0.0,0.0114,True,,
376,Observability & Telemetry,cardinality_budget,distribution_specialized,compute_pool,server,admission,NONINFERIOR / INCONCLUSIVE,0.00000,0.00000,0.00000,0.00000,0.00000,0.00000,0.000,0.000,0.0,0.0114,True,,
377,Observability & Telemetry,retention_window,distribution_specialized,compute_pool,server,setpoint,NONINFERIOR / INCONCLUSIVE,0.00000,0.00000,0.00000,0.00000,0.00000,0.00000,0.000,0.000,0.0,0.0121,True,ENERGY IMPROVEMENT WITH SERVICE TRADEOFF,0.24587
378,Observability & Telemetry,remote_write_queue,distribution_specialized,compute_pool,server,capacity,NONINFERIOR / INCONCLUSIVE,0.00000,0.00000,0.00000,0.00000,0.00000,0.00000,0.000,0.000,0.0,0.0100,True,,
379,Observability & Telemetry,telemetry_shed,distribution_specialized,compute_pool,server,admission,NONINFERIOR / INCONCLUSIVE,0.00000,0.00000,0.00000,0.00000,0.00000,0.00000,0.000,0.000,0.0,0.0164,True,,
385,"Reliability, Security & Recovery",restart,distribution_specialized,compute_pool,server,capacity,NONINFERIOR / INCONCLUSIVE,0.00000,0.00000,0.00000,0.00000,0.00000,0.00000,0.000,0.000,0.0,0.0111,True,,
386,"Reliability, Security & Recovery",rollback,distribution_specialized,compute_pool,server,capacity,NONINFERIOR / INCONCLUSIVE,0.00000,0.00000,0.00000,0.00000,0.00000,0.00000,0.000,0.000,0.0,0.0108,True,,
388,"Reliability, Security & Recovery",traffic_divert_recovery,distribution_specialized,compute_pool,server,capacity,NONINFERIOR / INCONCLUSIVE,0.00000,0.00000,0.00000,0.00000,0.00000,0.00000,0.000,0.000,0.0,0.0115,True,,
389,"Reliability, Security & Recovery",degraded_mode,distribution_specialized,compute_pool,server,capacity,NONINFERIOR / INCONCLUSIVE,0.00000,0.00000,0.00000,0.00000,0.00000,0.00000,0.000,0.000,0.0,0.0165,True,,
390,"Reliability, Security & Recovery",actuator_freeze,distribution_specialized,compute_pool,server,admission,NONINFERIOR / INCONCLUSIVE,0.00000,0.00000,0.00000,0.00000,0.00000,0.00000,0.000,0.000,0.0,0.0108,True,,
391,"Reliability, Security & Recovery",workload_isolate,distribution_specialized,compute_pool,server,admission,NONINFERIOR / INCONCLUSIVE,0.00000,0.00000,0.00000,0.00000,0.00000,0.00000,0.000,0.000,0.0,0.0108,True,,
393,"Reliability, Security & Recovery",credential_rotation_gate,distribution_specialized,compute_pool,server,admission,NONINFERIOR / INCONCLUSIVE,0.00000,0.00000,0.00000,0.00000,0.00000,0.00000,0.000,0.000,0.0,0.0114,True,,
394,"Reliability, Security & Recovery",policy_enforcement,distribution_specialized,compute_pool,server,capacity,NONINFERIOR / INCONCLUSIVE,0.00000,0.00000,0.00000,0.00000,0.00000,0.00000,0.000,0.000,0.0,0.0104,True,,
395,"Reliability, Security & Recovery",rate_abuse_gate,distribution_specialized,compute_pool,server,admission,NONINFERIOR / INCONCLUSIVE,0.00000,0.00000,0.00000,0.00000,0.00000,0.00000,0.000,0.000,0.0,0.0163,True,,
396,"Reliability, Security & Recovery",fault_domain_isolate,distribution_specialized,compute_pool,server,admission,NONINFERIOR / INCONCLUSIVE,0.00000,0.00000,0.00000,0.00000,0.00000,0.00000,0.000,0.000,0.0,0.0174,True,,
397,"Reliability, Security & Recovery",backup_trigger,distribution_specialized,compute_pool,server,capacity,NONINFERIOR / INCONCLUSIVE,0.00000,0.00000,0.00000,0.00000,0.00000,0.00000,0.000,0.000,0.0,0.0140,True,,
400,"Reliability, Security & Recovery",kill_switch,distribution_specialized,compute_pool,server,admission,NONINFERIOR / INCONCLUSIVE,0.00000,0.00000,0.00000,0.00000,0.00000,0.00000,0.000,0.000,0.0,0.0132,True,,
353,Runtime & Application,worker_count,distribution_specialized,compute_pool,server,capacity,NONINFERIOR / INCONCLUSIVE,0.00000,0.00000,0.00000,0.00000,0.00000,0.00000,0.000,0.000,0.0,0.0111,True,,
354,Runtime & Application,thread_pool,distribution_specialized,compute_pool,server,capacity,NONINFERIOR / INCONCLUSIVE,0.00000,0.00000,0.00000,0.00000,0.00000,0.00000,0.000,0.000,0.0,0.0174,True,,
355,Runtime & Application,jvm_heap,distribution_specialized,compute_pool,server,capacity,NONINFERIOR / INCONCLUSIVE,0.00000,0.00000,0.00000,0.00000,0.00000,0.00000,0.000,0.000,0.0,0.0129,True,,
356,Runtime & Application,gc_budget,distribution_specialized,compute_pool,server,admission,NONINFERIOR / INCONCLUSIVE,0.00000,0.00000,0.00000,0.00000,0.00000,0.00000,0.000,0.000,0.0,0.0099,True,,
357,Runtime & Application,connection_pool_runtime,distribution_specialized,compute_pool,server,capacity,NONINFERIOR / INCONCLUSIVE,0.00000,0.00000,0.00000,0.00000,0.00000,0.00000,0.000,0.000,0.0,0.0090,True,,
358,Runtime & Application,application_cache_size,distribution_specialized,compute_pool,server,capacity,NONINFERIOR / INCONCLUSIVE,0.00000,0.00000,0.00000,0.00000,0.00000,0.00000,0.000,0.000,0.0,0.0132,True,,
359,Runtime & Application,runtime_memory,distribution_specialized,compute_pool,server,capacity,NONINFERIOR / INCONCLUSIVE,0.00000,0.00000,0.00000,0.00000,0.00000,0.00000,0.000,0.000,0.0,0.0200,True,,
360,Runtime & Application,async_concurrency,distribution_specialized,compute_pool,server,admission,NONINFERIOR / INCONCLUSIVE,0.00000,0.00000,0.00000,0.00000,0.00000,0.00000,0.000,0.000,0.0,0.0096,True,,
361,Runtime & Application,event_loop_workers,distribution_specialized,compute_pool,server,capacity,NONINFERIOR / INCONCLUSIVE,0.00000,0.00000,0.00000,0.00000,0.00000,0.00000,0.000,0.000,0.0,0.0171,True,,
362,Runtime & Application,process_count,distribution_specialized,compute_pool,server,capacity,NONINFERIOR / INCONCLUSIVE,0.00000,0.00000,0.00000,0.00000,0.00000,0.00000,0.000,0.000,0.0,0.0118,True,,
363,Runtime & Application,request_timeout,distribution_specialized,compute_pool,server,admission,NONINFERIOR / INCONCLUSIVE,0.00000,0.00000,0.00000,0.00000,0.00000,0.00000,0.000,0.000,0.0,0.0121,True,,
364,Runtime & Application,background_workers,distribution_specialized,compute_pool,server,capacity,NONINFERIOR / INCONCLUSIVE,0.00000,0.00000,0.00000,0.00000,0.00000,0.00000,0.000,0.000,0.0,0.0222,True,,
365,Runtime & Application,runtime_cpu_budget,distribution_specialized,compute_pool,server,admission,NONINFERIOR / INCONCLUSIVE,0.00000,0.00000,0.00000,0.00000,0.00000,0.00000,0.000,0.000,0.0,0.0147,True,,
366,Runtime & Application,runtime_io_budget,distribution_specialized,compute_pool,server,admission,NONINFERIOR / INCONCLUSIVE,0.00000,0.00000,0.00000,0.00000,0.00000,0.00000,0.000,0.000,0.0,0.0124,True,,
367,Runtime & Application,runtime_restart,distribution_specialized,compute_pool,server,capacity,NONINFERIOR / INCONCLUSIVE,0.00000,0.00000,0.00000,0.00000,0.00000,0.00000,0.000,0.000,0.0,0.0090,True,,
321,"Search, Indexing & Vector DB",index_workers,distribution_specialized,compute_pool,server,capacity,NONINFERIOR / INCONCLUSIVE,0.00000,0.00000,0.00000,0.00000,0.00000,0.00000,0.000,0.000,0.0,0.0175,True,,
322,"Search, Indexing & Vector DB",index_refresh_rate,distribution_specialized,compute_pool,server,capacity,NONINFERIOR / INCONCLUSIVE,0.00000,0.00000,0.00000,0.00000,0.00000,0.00000,0.000,0.000,0.0,0.0117,True,,
323,"Search, Indexing & Vector DB",segment_merge_rate,distribution_specialized,compute_pool,server,capacity,NONINFERIOR / INCONCLUSIVE,0.00000,0.00000,0.00000,0.00000,0.00000,0.00000,0.000,0.000,0.0,0.0143,True,,
324,"Search, Indexing & Vector DB",search_concurrency,distribution_specialized,compute_pool,server,admission,NONINFERIOR / INCONCLUSIVE,0.00000,0.00000,0.00000,0.00000,0.00000,0.00000,0.000,0.000,0.0,0.0108,True,,
325,"Search, Indexing & Vector DB",search_timeout,distribution_specialized,compute_pool,server,admission,NONINFERIOR / INCONCLUSIVE,0.00000,0.00000,0.00000,0.00000,0.00000,0.00000,0.000,0.000,0.0,0.0174,True,,
326,"Search, Indexing & Vector DB",shard_count,distribution_specialized,compute_pool,server,capacity,NONINFERIOR / INCONCLUSIVE,0.00000,0.00000,0.00000,0.00000,0.00000,0.00000,0.000,0.000,0.0,0.0132,True,,
327,"Search, Indexing & Vector DB",shard_replication,distribution_specialized,compute_pool,server,capacity,NONINFERIOR / INCONCLUSIVE,0.00000,0.00000,0.00000,0.00000,0.00000,0.00000,0.000,0.000,0.0,0.0119,True,,
328,"Search, Indexing & Vector DB",shard_rebalance,distribution_specialized,compute_pool,server,capacity,NONINFERIOR / INCONCLUSIVE,0.00000,0.00000,0.00000,0.00000,0.00000,0.00000,0.000,0.000,0.0,0.0122,True,,
329,"Search, Indexing & Vector DB",vector_search_k,distribution_specialized,compute_pool,server,capacity,NONINFERIOR / INCONCLUSIVE,0.00000,0.00000,0.00000,0.00000,0.00000,0.00000,0.000,0.000,0.0,0.0107,True,,
330,"Search, Indexing & Vector DB",vector_batch_size,distribution_specialized,compute_pool,server,capacity,NONINFERIOR / INCONCLUSIVE,0.00000,0.00000,0.00000,0.00000,0.00000,0.00000,0.000,0.000,0.0,0.0115,True,,
331,"Search, Indexing & Vector DB",embedding_workers,distribution_specialized,compute_pool,server,capacity,NONINFERIOR / INCONCLUSIVE,0.00000,0.00000,0.00000,0.00000,0.00000,0.00000,0.000,0.000,0.0,0.0147,True,,
332,"Search, Indexing & Vector DB",index_memory_budget,distribution_specialized,compute_pool,server,admission,NONINFERIOR / INCONCLUSIVE,0.00000,0.00000,0.00000,0.00000,0.00000,0.00000,0.000,0.000,0.0,0.0119,True,,
333,"Search, Indexing & Vector DB",query_route,distribution_specialized,compute_pool,server,capacity,NONINFERIOR / INCONCLUSIVE,0.00000,0.00000,0.00000,0.00000,0.00000,0.00000,0.000,0.000,0.0,0.0122,True,,
334,"Search, Indexing & Vector DB",hot_shard_isolation,distribution_specialized,compute_pool,server,admission,NONINFERIOR / INCONCLUSIVE,0.00000,0.00000,0.00000,0.00000,0.00000,0.00000,0.000,0.000,0.0,0.0126,True,,
335,"Search, Indexing & Vector DB",search_admission,distribution_specialized,compute_pool,server,admission,NONINFERIOR / INCONCLUSIVE,0.00000,0.00000,0.00000,0.00000,0.00000,0.00000,0.000,0.000,0.0,0.0094,True,,
241,Service Mesh & API Reliability,circuit_breaker,distribution_specialized,compute_pool,server,admission,NONINFERIOR / INCONCLUSIVE,0.00000,0.00000,0.00000,0.00000,0.00000,0.00000,0.000,0.000,0.0,0.0157,True,,
242,Service Mesh & API Reliability,retry_budget,distribution_specialized,compute_pool,server,admission,NONINFERIOR / INCONCLUSIVE,0.00000,0.00000,0.00000,0.00000,0.00000,0.00000,0.000,0.000,0.0,0.0086,True,,
243,Service Mesh & API Reliability,service_timeout,distribution_specialized,compute_pool,server,admission,NONINFERIOR / INCONCLUSIVE,0.00000,0.00000,0.00000,0.00000,0.00000,0.00000,0.000,0.000,0.0,0.0169,True,,
244,Service Mesh & API Reliability,service_concurrency,distribution_specialized,compute_pool,server,admission,NONINFERIOR / INCONCLUSIVE,0.00000,0.00000,0.00000,0.00000,0.00000,0.00000,0.000,0.000,0.0,0.0146,True,,
245,Service Mesh & API Reliability,connection_pool,distribution_specialized,compute_pool,server,capacity,NONINFERIOR / INCONCLUSIVE,0.00000,0.00000,0.00000,0.00000,0.00000,0.00000,0.000,0.000,0.0,0.0069,True,,
246,Service Mesh & API Reliability,traffic_divert,distribution_specialized,compute_pool,server,capacity,NONINFERIOR / INCONCLUSIVE,0.00000,0.00000,0.00000,0.00000,0.00000,0.00000,0.000,0.000,0.0,0.0126,True,,
247,Service Mesh & API Reliability,traffic_mirror,distribution_specialized,compute_pool,server,capacity,NONINFERIOR / INCONCLUSIVE,0.00000,0.00000,0.00000,0.00000,0.00000,0.00000,0.000,0.000,0.0,0.0118,True,,
248,Service Mesh & API Reliability,canary_weight,distribution_specialized,compute_pool,server,setpoint,NONINFERIOR / INCONCLUSIVE,0.00000,0.00000,0.00000,0.00000,0.00000,0.00000,0.000,0.000,0.0,0.0129,True,ENERGY IMPROVEMENT WITH SERVICE TRADEOFF,0.24419
249,Service Mesh & API Reliability,outlier_ejection,distribution_specialized,compute_pool,server,admission,NONINFERIOR / INCONCLUSIVE,0.00000,0.00000,0.00000,0.00000,0.00000,0.00000,0.000,0.000,0.0,0.0114,True,,
250,Service Mesh & API Reliability,health_threshold,distribution_specialized,compute_pool,server,admission,NONINFERIOR / INCONCLUSIVE,0.00000,0.00000,0.00000,0.00000,0.00000,0.00000,0.000,0.000,0.0,0.0085,True,,
251,Service Mesh & API Reliability,dns_traffic_weight,distribution_specialized,compute_pool,server,setpoint,NONINFERIOR / INCONCLUSIVE,0.00000,0.00000,0.00000,0.00000,0.00000,0.00000,0.000,0.000,0.0,0.0133,True,ENERGY IMPROVEMENT WITH SERVICE TRADEOFF,0.24364
252,Service Mesh & API Reliability,session_affinity,distribution_specialized,compute_pool,server,capacity,NONINFERIOR / INCONCLUSIVE,0.00000,0.00000,0.00000,0.00000,0.00000,0.00000,0.000,0.000,0.0,0.0142,True,,
253,Service Mesh & API Reliability,request_hedging,distribution_specialized,compute_pool,server,capacity,NONINFERIOR / INCONCLUSIVE,0.00000,0.00000,0.00000,0.00000,0.00000,0.00000,0.000,0.000,0.0,0.0144,True,,
254,Service Mesh & API Reliability,fault_injection_gate,distribution_specialized,compute_pool,server,admission,NONINFERIOR / INCONCLUSIVE,0.00000,0.00000,0.00000,0.00000,0.00000,0.00000,0.000,0.000,0.0,0.0119,True,,
255,Service Mesh & API Reliability,service_failover,distribution_specialized,compute_pool,server,capacity,NONINFERIOR / INCONCLUSIVE,0.00000,0.00000,0.00000,0.00000,0.00000,0.00000,0.000,0.000,0.0,0.0249,True,,
257,Storage Block/File/Object,volume_size,distribution_specialized,compute_pool,storage,capacity,NONINFERIOR / INCONCLUSIVE,0.00000,0.00000,0.00000,0.00000,0.00000,0.00000,0.000,0.000,0.0,0.0056,True,,
258,Storage Block/File/Object,iops_limit,distribution_specialized,compute_pool,storage,capacity,NONINFERIOR / INCONCLUSIVE,0.00000,0.00000,0.00000,0.00000,0.00000,0.00000,0.000,0.000,0.0,0.0036,True,,
259,Storage Block/File/Object,throughput_limit,distribution_specialized,compute_pool,storage,capacity,NONINFERIOR / INCONCLUSIVE,0.00000,0.00000,0.00000,0.00000,0.00000,0.00000,0.000,0.000,0.0,0.0081,True,,
260,Storage Block/File/Object,replica_count,distribution_specialized,compute_pool,storage,capacity,NONINFERIOR / INCONCLUSIVE,0.00000,0.00000,0.00000,0.00000,0.00000,0.00000,0.000,0.000,0.0,0.0060,True,,
261,Storage Block/File/Object,storage_tier,distribution_specialized,compute_pool,storage,capacity,NONINFERIOR / INCONCLUSIVE,0.00000,0.00000,0.00000,0.00000,0.00000,0.00000,0.000,0.000,0.0,0.0069,True,,
262,Storage Block/File/Object,volume_placement,distribution_specialized,compute_pool,storage,capacity,NONINFERIOR / INCONCLUSIVE,0.00000,0.00000,0.00000,0.00000,0.00000,0.00000,0.000,0.000,0.0,0.0069,True,,
263,Storage Block/File/Object,snapshot_trigger,distribution_specialized,compute_pool,storage,capacity,NONINFERIOR / INCONCLUSIVE,0.00000,0.00000,0.00000,0.00000,0.00000,0.00000,0.000,0.000,0.0,0.0056,True,,
264,Storage Block/File/Object,rebalance,distribution_specialized,compute_pool,storage,capacity,NONINFERIOR / INCONCLUSIVE,0.00000,0.00000,0.00000,0.00000,0.00000,0.00000,0.000,0.000,0.0,0.0044,True,,
265,Storage Block/File/Object,recovery_rate,distribution_specialized,compute_pool,storage,capacity,NONINFERIOR / INCONCLUSIVE,0.00000,0.00000,0.00000,0.00000,0.00000,0.00000,0.000,0.000,0.0,0.0069,True,,
266,Storage Block/File/Object,backfill_rate,distribution_specialized,compute_pool,storage,capacity,NONINFERIOR / INCONCLUSIVE,0.00000,0.00000,0.00000,0.00000,0.00000,0.00000,0.000,0.000,0.0,0.0060,True,,
267,Storage Block/File/Object,compaction_pressure,distribution_specialized,compute_pool,storage,capacity,NONINFERIOR / INCONCLUSIVE,0.00000,0.00000,0.00000,0.00000,0.00000,0.00000,0.000,0.000,0.0,0.0043,True,,
268,Storage Block/File/Object,cache_allocation,distribution_specialized,compute_pool,storage,capacity,NONINFERIOR / INCONCLUSIVE,0.00000,0.00000,0.00000,0.00000,0.00000,0.00000,0.000,0.000,0.0,0.0064,True,,
269,Storage Block/File/Object,object_replication,distribution_specialized,compute_pool,storage,capacity,NONINFERIOR / INCONCLUSIVE,0.00000,0.00000,0.00000,0.00000,0.00000,0.00000,0.000,0.000,0.0,0.0081,True,,
270,Storage Block/File/Object,erasure_code_profile,distribution_specialized,compute_pool,storage,capacity,NONINFERIOR / INCONCLUSIVE,0.00000,0.00000,0.00000,0.00000,0.00000,0.00000,0.000,0.000,0.0,0.0088,True,,
271,Storage Block/File/Object,storage_admission,distribution_specialized,compute_pool,storage,admission,NONINFERIOR / INCONCLUSIVE,0.00000,0.00000,0.00000,0.00000,0.00000,0.00000,0.000,0.000,0.0,0.0075,True,,
272,Storage Block/File/Object,degraded_storage_gate,distribution_specialized,compute_pool,storage,admission,NONINFERIOR / INCONCLUSIVE,0.00000,0.00000,0.00000,0.00000,0.00000,0.00000,0.000,0.000,0.0,0.0081,True,,
AUDIT-0009,Telecom RAN & Edge Radio,ran_connection_admission,distribution_specialized,compute_pool,ran,admission,NONINFERIOR / INCONCLUSIVE,0.00000,0.00000,0.00000,0.00000,0.00000,0.00000,0.000,0.000,0.0,0.0131,True,,
AUDIT-0010,Telecom RAN & Edge Radio,ran_ue_handover,distribution_specialized,compute_pool,ran,capacity,NONINFERIOR / INCONCLUSIVE,0.00000,0.00000,0.00000,0.00000,0.00000,0.00000,0.000,0.000,0.0,0.0119,True,,
AUDIT-0011,Telecom RAN & Edge Radio,ran_cell_traffic_steering,distribution_specialized,compute_pool,ran,capacity,NONINFERIOR / INCONCLUSIVE,0.00000,0.00000,0.00000,0.00000,0.00000,0.00000,0.000,0.000,0.0,0.0404,True,,
AUDIT-0012,Telecom RAN & Edge Radio,ran_slice_resource_budget,distribution_specialized,compute_pool,ran,admission,NONINFERIOR / INCONCLUSIVE,0.00000,0.00000,0.00000,0.00000,0.00000,0.00000,0.000,0.000,0.0,0.0158,True,,
AUDIT-0013,Telecom RAN & Edge Radio,ran_prb_allocation,distribution_specialized,compute_pool,ran,capacity,NONINFERIOR / INCONCLUSIVE,0.00000,0.00000,0.00000,0.00000,0.00000,0.00000,0.000,0.000,0.0,0.0115,True,,
AUDIT-0014,Telecom RAN & Edge Radio,ran_scheduler_weight,distribution_specialized,compute_pool,ran,setpoint,NONINFERIOR / INCONCLUSIVE,0.00000,0.00000,0.00000,0.00000,0.00000,0.00000,0.000,0.000,0.0,0.0457,True,ENERGY IMPROVEMENT WITH SERVICE TRADEOFF,0.19820
AUDIT-0015,Telecom RAN & Edge Radio,ran_tx_power,distribution_specialized,compute_pool,ran,power,SUPERIOR WITHIN GUARDRAILS,0.01244,0.01108,0.01380,-0.00000,-0.00000,-0.01228,-0.083,0.137,597.9,0.0114,True,,
AUDIT-0016,Telecom RAN & Edge Radio,ran_antenna_tilt,distribution_specialized,compute_pool,ran,capacity,NONINFERIOR / INCONCLUSIVE,0.00000,0.00000,0.00000,0.00000,0.00000,0.00000,0.000,0.000,0.0,0.0154,True,,
AUDIT-0017,Telecom RAN & Edge Radio,ran_carrier_enable,distribution_specialized,compute_pool,ran,capacity,NONINFERIOR / INCONCLUSIVE,0.00000,0.00000,0.00000,0.00000,0.00000,0.00000,0.000,0.000,0.0,0.0394,True,,
AUDIT-0018,Telecom RAN & Edge Radio,ran_cell_sleep,distribution_specialized,compute_pool,ran,capacity,NONINFERIOR / INCONCLUSIVE,0.00000,0.00000,0.00000,0.00000,0.00000,0.00000,0.000,0.000,0.0,0.0221,True,,
AUDIT-0019,Telecom RAN & Edge Radio,ran_du_cu_placement,distribution_specialized,compute_pool,ran,capacity,NONINFERIOR / INCONCLUSIVE,0.00000,0.00000,0.00000,0.00000,0.00000,0.00000,0.000,0.000,0.0,0.0161,True,,
AUDIT-0020,Telecom RAN & Edge Radio,ran_fronthaul_budget,distribution_specialized,compute_pool,ran,admission,NONINFERIOR / INCONCLUSIVE,0.00000,0.00000,0.00000,0.00000,0.00000,0.00000,0.000,0.000,0.0,0.0110,True,,
417,"Workflow, Logistics & Fulfillment",workflow_admission,distribution_specialized,compute_pool,workflow,admission,NONINFERIOR / INCONCLUSIVE,0.00000,0.00000,0.00000,0.00000,0.00000,0.00000,0.000,0.000,0.0,0.0000,True,,
418,"Workflow, Logistics & Fulfillment",workflow_worker_rate,distribution_specialized,compute_pool,workflow,capacity,NONINFERIOR / INCONCLUSIVE,0.00000,0.00000,0.00000,0.00000,0.00000,0.00000,0.000,0.000,0.0,0.0000,True,,
419,"Workflow, Logistics & Fulfillment",task_queue_rate,distribution_specialized,compute_pool,workflow,capacity,NONINFERIOR / INCONCLUSIVE,0.00000,0.00000,0.00000,0.00000,0.00000,0.00000,0.000,0.000,0.0,0.0000,True,,
420,"Workflow, Logistics & Fulfillment",workflow_retry,distribution_specialized,compute_pool,workflow,admission,NONINFERIOR / INCONCLUSIVE,0.00000,0.00000,0.00000,0.00000,0.00000,0.00000,0.000,0.000,0.0,0.0008,True,,
421,"Workflow, Logistics & Fulfillment",workflow_backoff,distribution_specialized,compute_pool,workflow,admission,NONINFERIOR / INCONCLUSIVE,0.00000,0.00000,0.00000,0.00000,0.00000,0.00000,0.000,0.000,0.0,0.0014,True,,
422,"Workflow, Logistics & Fulfillment",workflow_timeout,distribution_specialized,compute_pool,workflow,admission,NONINFERIOR / INCONCLUSIVE,0.00000,0.00000,0.00000,0.00000,0.00000,0.00000,0.000,0.000,0.0,0.0003,True,,
423,"Workflow, Logistics & Fulfillment",inventory_allocation,distribution_specialized,compute_pool,workflow,capacity,NONINFERIOR / INCONCLUSIVE,0.00000,0.00000,0.00000,0.00000,0.00000,0.00000,0.000,0.000,0.0,0.0000,True,,
424,"Workflow, Logistics & Fulfillment",fulfillment_route,distribution_specialized,compute_pool,workflow,capacity,NONINFERIOR / INCONCLUSIVE,0.00000,0.00000,0.00000,0.00000,0.00000,0.00000,0.000,0.000,0.0,0.0001,True,,
425,"Workflow, Logistics & Fulfillment",warehouse_queue,distribution_specialized,compute_pool,workflow,capacity,NONINFERIOR / INCONCLUSIVE,0.00000,0.00000,0.00000,0.00000,0.00000,0.00000,0.000,0.000,0.0,0.0000,True,,
426,"Workflow, Logistics & Fulfillment",carrier_selection,distribution_specialized,compute_pool,workflow,capacity,NONINFERIOR / INCONCLUSIVE,0.00000,0.00000,0.00000,0.00000,0.00000,0.00000,0.000,0.000,0.0,0.0000,True,,
427,"Workflow, Logistics & Fulfillment",dispatch_priority,distribution_specialized,compute_pool,workflow,admission,NONINFERIOR / INCONCLUSIVE,0.00000,0.00000,0.00000,0.00000,0.00000,0.00000,0.000,0.000,0.0,0.0000,True,,
428,"Workflow, Logistics & Fulfillment",shipment_batch,distribution_specialized,compute_pool,workflow,capacity,NONINFERIOR / INCONCLUSIVE,0.00000,0.00000,0.00000,0.00000,0.00000,0.00000,0.000,0.000,0.0,0.0006,True,,
429,"Workflow, Logistics & Fulfillment",route_replan,distribution_specialized,compute_pool,workflow,capacity,NONINFERIOR / INCONCLUSIVE,0.00000,0.00000,0.00000,0.00000,0.00000,0.00000,0.000,0.000,0.0,0.0014,True,,
430,"Workflow, Logistics & Fulfillment",sla_escalation,distribution_specialized,compute_pool,workflow,capacity,NONINFERIOR / INCONCLUSIVE,0.00000,0.00000,0.00000,0.00000,0.00000,0.00000,0.000,0.000,0.0,0.0000,True,,
431,"Workflow, Logistics & Fulfillment",compensation_action,distribution_specialized,compute_pool,workflow,capacity,NONINFERIOR / INCONCLUSIVE,0.00000,0.00000,0.00000,0.00000,0.00000,0.00000,0.000,0.000,0.0,0.0013,True,,
AUDIT-0081,Building & Critical Environment HVAC,zone_temperature_target,energy_facility_industrial,thermal_zone,building,setpoint,SUPERIOR WITHIN GUARDRAILS,0.04965,0.04817,0.05113,0.00000,0.00000,-0.04730,0.000,0.000,648.0,0.0000,True,SUPERIOR WITHIN GUARDRAILS,0.13873
AUDIT-0082,Building & Critical Environment HVAC,zone_airflow,energy_facility_industrial,thermal_zone,building,capacity,NONINFERIOR / INCONCLUSIVE,0.00000,0.00000,0.00000,0.00000,0.00000,0.00000,0.000,0.000,1.0,0.0000,True,,
AUDIT-0083,Building & Critical Environment HVAC,ahu_fan_speed,energy_facility_industrial,thermal_zone,building,capacity,NONINFERIOR / INCONCLUSIVE,0.00000,0.00000,0.00000,0.00000,0.00000,0.00000,0.000,0.000,1.0,0.0000,True,,
AUDIT-0084,Building & Critical Environment HVAC,damper_position,energy_facility_industrial,thermal_zone,building,capacity,NONINFERIOR / INCONCLUSIVE,0.00000,-0.00001,0.00002,0.00000,0.00000,-0.00000,0.000,0.000,1.0,0.0000,True,,
AUDIT-0085,Building & Critical Environment HVAC,economizer_position,energy_facility_industrial,thermal_zone,building,capacity,NONINFERIOR / INCONCLUSIVE,0.00000,-0.00001,0.00001,0.00000,0.00000,-0.00000,0.000,0.000,1.0,0.0000,True,,
AUDIT-0086,Building & Critical Environment HVAC,boiler_setpoint,energy_facility_industrial,thermal_zone,building,setpoint,SUPERIOR WITHIN GUARDRAILS,0.04818,0.04637,0.04998,0.00000,0.00000,-0.04596,0.000,0.000,648.0,0.0000,True,SUPERIOR WITHIN GUARDRAILS,0.13187
AUDIT-0087,Building & Critical Environment HVAC,heat_pump_mode,energy_facility_industrial,thermal_zone,building,admission,NONINFERIOR / INCONCLUSIVE,0.00000,0.00000,0.00000,0.00000,0.00000,0.00000,0.000,0.000,0.0,0.0000,True,,
AUDIT-0088,Building & Critical Environment HVAC,humidity_target,energy_facility_industrial,thermal_zone,building,setpoint,SUPERIOR WITHIN GUARDRAILS,0.04965,0.04763,0.05166,0.00000,0.00000,-0.04729,0.000,0.000,648.0,0.0000,True,SUPERIOR WITHIN GUARDRAILS,0.13714
AUDIT-0089,Building & Critical Environment HVAC,occupancy_ventilation,energy_facility_industrial,thermal_zone,building,admission,NONINFERIOR / INCONCLUSIVE,0.00000,0.00000,0.00000,0.00000,0.00000,0.00000,0.000,0.000,0.0,0.0000,True,,
AUDIT-0090,Building & Critical Environment HVAC,building_demand_limit,energy_facility_industrial,thermal_zone,building,power,NONINFERIOR / INCONCLUSIVE,0.00046,-0.00417,0.00509,0.00000,0.00000,-0.00042,0.000,0.000,607.9,0.0000,True,,
AUDIT-0091,Building & Critical Environment HVAC,thermal_storage_dispatch,energy_facility_industrial,thermal_zone,building,capacity,NONINFERIOR / INCONCLUSIVE,0.00000,-0.00001,0.00002,0.00000,0.00000,-0.00000,0.000,0.000,1.0,0.0000,True,,
AUDIT-0092,Building & Critical Environment HVAC,hvac_emergency_mode,energy_facility_industrial,thermal_zone,building,admission,NONINFERIOR / INCONCLUSIVE,0.00000,0.00000,0.00000,0.00000,0.00000,0.00000,0.000,0.000,0.0,0.0000,True,,
545,"Cooling, Chillers & Thermodynamics",supply_air_temperature,energy_facility_industrial,thermal_zone,data_hall,setpoint,SUPERIOR WITHIN GUARDRAILS,0.01831,0.01823,0.01839,0.00000,0.00000,-0.01798,0.000,0.000,648.0,0.0000,True,SUPERIOR WITHIN GUARDRAILS,0.09591
546,"Cooling, Chillers & Thermodynamics",return_air_target,energy_facility_industrial,thermal_zone,data_hall,setpoint,SUPERIOR WITHIN GUARDRAILS,0.01817,0.01798,0.01837,0.00000,0.00000,-0.01785,0.000,0.000,648.0,0.0000,True,SUPERIOR WITHIN GUARDRAILS,0.09626
547,"Cooling, Chillers & Thermodynamics",coolant_supply_temperature,energy_facility_industrial,thermal_zone,data_hall,setpoint,SUPERIOR WITHIN GUARDRAILS,0.01842,0.01825,0.01858,0.00000,0.00000,-0.01808,0.000,0.000,648.0,0.0000,True,SUPERIOR WITHIN GUARDRAILS,0.09651
548,"Cooling, Chillers & Thermodynamics",coolant_flow,energy_facility_industrial,thermal_zone,data_hall,capacity,NONINFERIOR / INCONCLUSIVE,0.00000,0.00000,0.00000,0.00000,0.00000,0.00000,0.000,0.000,0.0,0.0000,True,,
549,"Cooling, Chillers & Thermodynamics",pump_speed,energy_facility_industrial,thermal_zone,data_hall,capacity,NONINFERIOR / INCONCLUSIVE,0.00000,0.00000,0.00000,0.00000,0.00000,0.00000,0.000,0.000,0.0,0.0000,True,,
550,"Cooling, Chillers & Thermodynamics",fan_speed,energy_facility_industrial,thermal_zone,data_hall,capacity,NONINFERIOR / INCONCLUSIVE,0.00000,0.00000,0.00000,0.00000,0.00000,0.00000,0.000,0.000,0.0,0.0000,True,,
551,"Cooling, Chillers & Thermodynamics",chiller_setpoint,energy_facility_industrial,thermal_zone,data_hall,setpoint,SUPERIOR WITHIN GUARDRAILS,0.01828,0.01815,0.01841,0.00000,0.00000,-0.01795,0.000,0.000,648.0,0.0000,True,SUPERIOR WITHIN GUARDRAILS,0.09653
552,"Cooling, Chillers & Thermodynamics",compressor_authority,energy_facility_industrial,thermal_zone,data_hall,power,WORSE,-0.00322,-0.00408,-0.00235,0.00000,0.00000,0.00323,0.000,0.000,648.0,0.0000,True,,
553,"Cooling, Chillers & Thermodynamics",cooling_tower_fan,energy_facility_industrial,thermal_zone,data_hall,capacity,NONINFERIOR / INCONCLUSIVE,0.00000,0.00000,0.00000,0.00000,0.00000,0.00000,0.000,0.000,0.0,0.0000,True,,
554,"Cooling, Chillers & Thermodynamics",cooling_capacity,energy_facility_industrial,thermal_zone,data_hall,capacity,NONINFERIOR / INCONCLUSIVE,0.00000,0.00000,0.00000,0.00000,0.00000,0.00000,0.000,0.000,0.0,0.0000,True,,
555,"Cooling, Chillers & Thermodynamics",rack_thermal_budget,energy_facility_industrial,thermal_zone,data_hall,power,WORSE,-0.00275,-0.00390,-0.00161,0.00000,0.00000,0.00276,0.000,0.000,648.0,0.0000,True,,
556,"Cooling, Chillers & Thermodynamics",gpu_thermal_envelope,energy_facility_industrial,thermal_zone,data_hall,setpoint,SUPERIOR WITHIN GUARDRAILS,0.01842,0.01823,0.01862,0.00000,0.00000,-0.01809,0.000,0.000,648.0,0.0000,True,SUPERIOR WITHIN GUARDRAILS,0.09602
557,"Cooling, Chillers & Thermodynamics",cpu_thermal_envelope,energy_facility_industrial,thermal_zone,data_hall,setpoint,SUPERIOR WITHIN GUARDRAILS,0.01841,0.01822,0.01859,0.00000,0.00000,-0.01808,0.000,0.000,648.0,0.0000,True,SUPERIOR WITHIN GUARDRAILS,0.09688
558,"Cooling, Chillers & Thermodynamics",thermal_workload_migrate,energy_facility_industrial,thermal_zone,data_hall,admission,NONINFERIOR / INCONCLUSIVE,0.00000,0.00000,0.00000,0.00000,0.00000,0.00000,0.000,0.000,0.0,0.0000,True,,
559,"Cooling, Chillers & Thermodynamics",thermal_load_shed,energy_facility_industrial,thermal_zone,data_hall,admission,NONINFERIOR / INCONCLUSIVE,0.00000,0.00000,0.00000,0.00000,0.00000,0.00000,0.000,0.000,0.0,0.0000,True,,
513,Energy Storage & Microgrid,battery_charge_power,energy_facility_industrial,energy_storage,microgrid,power,NONINFERIOR / INCONCLUSIVE,0.00000,0.00000,0.00000,0.00000,0.00000,0.00000,0.000,0.000,0.0,0.2315,True,,
514,Energy Storage & Microgrid,battery_discharge_power,energy_facility_industrial,energy_storage,microgrid,power,NONINFERIOR / INCONCLUSIVE,0.00000,0.00000,0.00000,0.00000,0.00000,0.00000,0.000,0.000,0.0,0.2322,True,,
515,Energy Storage & Microgrid,battery_soc_reserve,energy_facility_industrial,energy_storage,microgrid,setpoint,WORSE,-0.00215,-0.00224,-0.00206,0.00000,0.00000,0.00215,-1.194,-0.604,274.1,0.2440,True,ENERGY IMPROVEMENT WITH SERVICE TRADEOFF,0.00650
516,Energy Storage & Microgrid,grid_import_limit,energy_facility_industrial,energy_storage,microgrid,power,NONINFERIOR / INCONCLUSIVE,0.00000,0.00000,0.00000,0.00000,0.00000,0.00000,0.000,0.000,0.0,0.2332,True,,
517,Energy Storage & Microgrid,grid_export_limit,energy_facility_industrial,energy_storage,microgrid,power,NONINFERIOR / INCONCLUSIVE,0.00000,0.00000,0.00000,0.00000,0.00000,0.00000,0.000,0.000,0.0,0.2463,True,,
518,Energy Storage & Microgrid,pv_curtailment,energy_facility_industrial,energy_storage,microgrid,power,NONINFERIOR / INCONCLUSIVE,0.00000,0.00000,0.00000,0.00000,0.00000,0.00000,0.000,0.000,0.0,0.2376,True,,
519,Energy Storage & Microgrid,ev_charge_power,energy_facility_industrial,energy_storage,microgrid,power,NONINFERIOR / INCONCLUSIVE,0.00000,0.00000,0.00000,0.00000,0.00000,0.00000,0.000,0.000,0.0,0.2333,True,,
520,Energy Storage & Microgrid,heat_pump_power,energy_facility_industrial,energy_storage,microgrid,power,NONINFERIOR / INCONCLUSIVE,0.00000,0.00000,0.00000,0.00000,0.00000,0.00000,0.000,0.000,0.0,0.2318,True,,
521,Energy Storage & Microgrid,electrolyzer_power,energy_facility_industrial,energy_storage,microgrid,power,NONINFERIOR / INCONCLUSIVE,0.00000,0.00000,0.00000,0.00000,0.00000,0.00000,0.000,0.000,0.0,0.2250,True,,
522,Energy Storage & Microgrid,microgrid_demand_limit,energy_facility_industrial,energy_storage,microgrid,power,NONINFERIOR / INCONCLUSIVE,0.00000,0.00000,0.00000,0.00000,0.00000,0.00000,0.000,0.000,0.0,0.2429,True,,
523,Energy Storage & Microgrid,peak_shaving,energy_facility_industrial,energy_storage,microgrid,capacity,NONINFERIOR / INCONCLUSIVE,0.00000,0.00000,0.00000,0.00000,0.00000,0.00000,0.000,0.000,0.0,0.2282,True,,
524,Energy Storage & Microgrid,time_of_use_schedule,energy_facility_industrial,energy_storage,microgrid,setpoint,WORSE,-0.00213,-0.00219,-0.00208,0.00000,0.00000,0.00214,-0.597,-0.266,275.5,0.2368,True,ENERGY IMPROVEMENT WITH SERVICE TRADEOFF,0.00646
525,Energy Storage & Microgrid,energy_load_shed,energy_facility_industrial,energy_storage,microgrid,admission,NONINFERIOR / INCONCLUSIVE,0.00000,0.00000,0.00000,0.00000,0.00000,0.00000,0.000,0.000,0.0,0.2075,True,,
526,Energy Storage & Microgrid,flex_load_admission,energy_facility_industrial,energy_storage,microgrid,admission,NONINFERIOR / INCONCLUSIVE,0.00000,0.00000,0.00000,0.00000,0.00000,0.00000,0.000,0.000,0.0,0.2426,True,,
527,Energy Storage & Microgrid,storage_dispatch,energy_facility_industrial,energy_storage,microgrid,capacity,NONINFERIOR / INCONCLUSIVE,0.00000,0.00000,0.00000,0.00000,0.00000,0.00000,0.000,0.000,0.0,0.2325,True,,
528,Energy Storage & Microgrid,microgrid_emergency_reserve,energy_facility_industrial,energy_storage,microgrid,setpoint,WORSE,-0.00208,-0.00214,-0.00201,0.00000,0.00000,0.00208,-0.861,-0.143,277.9,0.2192,True,ENERGY IMPROVEMENT WITH SERVICE TRADEOFF,0.00629
561,Facility & Grid Optimization,facility_power_budget,energy_facility_industrial,energy_storage,facility,power,NONINFERIOR / INCONCLUSIVE,0.00000,0.00000,0.00000,0.00000,0.00000,0.00000,0.000,0.000,0.0,0.1707,True,,
562,Facility & Grid Optimization,utility_demand_limit,energy_facility_industrial,energy_storage,facility,power,NONINFERIOR / INCONCLUSIVE,0.00000,0.00000,0.00000,0.00000,0.00000,0.00000,0.000,0.000,0.0,0.1522,True,,
563,Facility & Grid Optimization,demand_response,energy_facility_industrial,energy_storage,facility,admission,NONINFERIOR / INCONCLUSIVE,0.00000,0.00000,0.00000,0.00000,0.00000,0.00000,0.000,0.000,0.0,0.1696,True,,
564,Facility & Grid Optimization,electricity_price_gate,energy_facility_industrial,energy_storage,facility,admission,NONINFERIOR / INCONCLUSIVE,0.00000,0.00000,0.00000,0.00000,0.00000,0.00000,0.000,0.000,0.0,0.1865,True,,
565,Facility & Grid Optimization,carbon_intensity_gate,energy_facility_industrial,energy_storage,facility,admission,NONINFERIOR / INCONCLUSIVE,0.00000,0.00000,0.00000,0.00000,0.00000,0.00000,0.000,0.000,0.0,0.1875,True,,
566,Facility & Grid Optimization,renewable_dispatch,energy_facility_industrial,energy_storage,facility,capacity,NONINFERIOR / INCONCLUSIVE,0.00000,0.00000,0.00000,0.00000,0.00000,0.00000,0.000,0.000,0.0,0.1826,True,,
567,Facility & Grid Optimization,generator_start_stop,energy_facility_industrial,energy_storage,facility,capacity,NONINFERIOR / INCONCLUSIVE,0.00000,0.00000,0.00000,0.00000,0.00000,0.00000,0.000,0.000,0.0,0.1656,True,,
568,Facility & Grid Optimization,site_battery_dispatch,energy_facility_industrial,energy_storage,facility,capacity,NONINFERIOR / INCONCLUSIVE,0.00000,0.00000,0.00000,0.00000,0.00000,0.00000,0.000,0.000,0.0,0.1847,True,,
569,Facility & Grid Optimization,pue_target,energy_facility_industrial,energy_storage,facility,setpoint,WORSE,-0.00124,-0.00127,-0.00122,0.00000,0.00000,0.00124,0.000,0.000,429.0,0.1619,True,ENERGY IMPROVEMENT WITH SERVICE TRADEOFF,0.00374
570,Facility & Grid Optimization,cooling_power_budget,energy_facility_industrial,energy_storage,facility,power,NONINFERIOR / INCONCLUSIVE,0.00000,0.00000,0.00000,0.00000,0.00000,0.00000,0.000,0.000,0.0,0.1701,True,,
571,Facility & Grid Optimization,it_power_budget,energy_facility_industrial,energy_storage,facility,power,NONINFERIOR / INCONCLUSIVE,0.00000,0.00000,0.00000,0.00000,0.00000,0.00000,0.000,0.000,0.0,0.1769,True,,
572,Facility & Grid Optimization,rack_power_allocation,energy_facility_industrial,energy_storage,facility,power,NONINFERIOR / INCONCLUSIVE,0.00000,0.00000,0.00000,0.00000,0.00000,0.00000,0.000,0.000,0.0,0.1797,True,,
573,Facility & Grid Optimization,facility_peak_guard,energy_facility_industrial,energy_storage,facility,capacity,NONINFERIOR / INCONCLUSIVE,0.00000,0.00000,0.00000,0.00000,0.00000,0.00000,0.000,0.000,0.0,0.1603,True,,
574,Facility & Grid Optimization,grid_frequency_response,energy_facility_industrial,energy_storage,facility,admission,NONINFERIOR / INCONCLUSIVE,0.00000,0.00000,0.00000,0.00000,0.00000,0.00000,0.000,0.000,0.0,0.1900,True,,
575,Facility & Grid Optimization,facility_islanding,energy_facility_industrial,energy_storage,facility,admission,NONINFERIOR / INCONCLUSIVE,0.00000,0.00000,0.00000,0.00000,0.00000,0.00000,0.000,0.000,0.0,0.1757,True,,
AUDIT-0033,Grid Transmission & Distribution,capacitor_bank_switch,energy_facility_industrial,process_loop,feeder_voltage,capacity,NONINFERIOR / INCONCLUSIVE,0.00000,0.00000,0.00000,0.00000,0.00000,0.00000,0.000,0.000,647.2,0.0000,True,,
AUDIT-0034,Grid Transmission & Distribution,voltage_regulator_tap,energy_facility_industrial,process_loop,feeder_voltage,setpoint,SUPERIOR WITHIN GUARDRAILS,0.02249,0.02185,0.02313,0.00000,0.00000,-0.02199,0.000,0.000,138.7,0.0000,True,ENERGY IMPROVEMENT WITH SERVICE TRADEOFF,0.02785
AUDIT-0035,Grid Transmission & Distribution,transformer_tap,energy_facility_industrial,process_loop,feeder_voltage,setpoint,SUPERIOR WITHIN GUARDRAILS,0.02265,0.02196,0.02333,0.00000,0.00000,-0.02214,0.000,0.000,143.7,0.0000,True,SUPERIOR WITHIN GUARDRAILS,0.02812
AUDIT-0036,Grid Transmission & Distribution,inverter_real_power,energy_facility_industrial,process_loop,feeder_voltage,power,NONINFERIOR / INCONCLUSIVE,0.00000,0.00000,0.00000,0.00000,0.00000,0.00000,0.000,0.000,647.5,0.0000,True,,
AUDIT-0037,Grid Transmission & Distribution,inverter_reactive_power,energy_facility_industrial,process_loop,feeder_voltage,power,NONINFERIOR / INCONCLUSIVE,0.00000,0.00000,0.00000,0.00000,0.00000,0.00000,0.000,0.000,647.0,0.0000,True,,
AUDIT-0038,Grid Transmission & Distribution,feeder_voltage_target,energy_facility_industrial,process_loop,feeder_voltage,setpoint,SUPERIOR WITHIN GUARDRAILS,0.02226,0.02169,0.02282,0.00000,0.00000,-0.02177,0.000,0.000,139.0,0.0000,True,ENERGY IMPROVEMENT WITH SERVICE TRADEOFF,0.02763
AUDIT-0039,Grid Transmission & Distribution,feeder_load_transfer,energy_facility_industrial,process_loop,feeder_voltage,capacity,NONINFERIOR / INCONCLUSIVE,0.00000,0.00000,0.00000,0.00000,0.00000,0.00000,0.000,0.000,647.1,0.0000,True,,
AUDIT-0040,Grid Transmission & Distribution,distribution_storage_dispatch,energy_facility_industrial,process_loop,feeder_voltage,admission,NONINFERIOR / INCONCLUSIVE,0.00000,0.00000,0.00000,0.00000,0.00000,0.00000,0.000,0.000,0.0,0.0000,True,,
AUDIT-0041,Grid Transmission & Distribution,demand_response_dispatch,energy_facility_industrial,process_loop,feeder_voltage,admission,NONINFERIOR / INCONCLUSIVE,0.00000,0.00000,0.00000,0.00000,0.00000,0.00000,0.000,0.000,0.0,0.0000,True,,
AUDIT-0042,Grid Transmission & Distribution,frequency_droop_setpoint,energy_facility_industrial,process_loop,feeder_voltage,setpoint,SUPERIOR WITHIN GUARDRAILS,0.02227,0.02165,0.02289,0.00000,0.00000,-0.02178,0.000,0.000,142.9,0.0000,True,ENERGY IMPROVEMENT WITH SERVICE TRADEOFF,0.02773
AUDIT-0043,Grid Transmission & Distribution,grid_protection_mode,energy_facility_industrial,process_loop,feeder_voltage,admission,NONINFERIOR / INCONCLUSIVE,0.00000,0.00000,0.00000,0.00000,0.00000,0.00000,0.000,0.000,0.0,0.0000,True,,
AUDIT-0044,Grid Transmission & Distribution,grid_restoration_sequence,energy_facility_industrial,process_loop,feeder_voltage,admission,NONINFERIOR / INCONCLUSIVE,0.00000,0.00000,0.00000,0.00000,0.00000,0.00000,0.000,0.000,0.0,0.0000,True,,
465,Industrial PLC & Process Automation,plc_cycle_authority,energy_facility_industrial,process_loop,process,admission,NONINFERIOR / INCONCLUSIVE,0.00000,0.00000,0.00000,0.00000,0.00000,0.00000,0.000,0.000,0.0,0.0000,True,,
466,Industrial PLC & Process Automation,machine_cell_admission,energy_facility_industrial,process_loop,process,admission,NONINFERIOR / INCONCLUSIVE,0.00000,0.00000,0.00000,0.00000,0.00000,0.00000,0.000,0.000,0.0,0.0000,True,,
467,Industrial PLC & Process Automation,valve_position,energy_facility_industrial,process_loop,process,setpoint,SUPERIOR WITHIN GUARDRAILS,0.31787,0.29751,0.33824,0.00000,0.00000,-0.24089,0.000,0.000,122.8,0.0000,True,SUPERIOR WITHIN GUARDRAILS,0.42584
468,Industrial PLC & Process Automation,pump_flow,energy_facility_industrial,process_loop,process,capacity,NONINFERIOR / INCONCLUSIVE,0.00000,0.00000,0.00000,0.00000,0.00000,0.00000,0.000,0.000,648.0,0.0000,True,,
469,Industrial PLC & Process Automation,compressor_speed,energy_facility_industrial,process_loop,process,capacity,NONINFERIOR / INCONCLUSIVE,0.00000,0.00000,0.00000,0.00000,0.00000,0.00000,0.000,0.000,648.0,0.0000,True,,
470,Industrial PLC & Process Automation,heater_power,energy_facility_industrial,process_loop,process,power,NONINFERIOR / INCONCLUSIVE,0.00000,0.00000,0.00000,0.00000,0.00000,0.00000,0.000,0.000,130.7,0.0000,True,,
471,Industrial PLC & Process Automation,furnace_setpoint,energy_facility_industrial,process_loop,process,setpoint,SUPERIOR WITHIN GUARDRAILS,0.31862,0.30144,0.33581,0.00000,0.00000,-0.24141,0.000,0.000,120.4,0.0000,True,SUPERIOR WITHIN GUARDRAILS,0.42637
472,Industrial PLC & Process Automation,pressure_setpoint,energy_facility_industrial,process_loop,process,setpoint,SUPERIOR WITHIN GUARDRAILS,0.32018,0.29958,0.34078,0.00000,0.00000,-0.24220,0.000,0.000,121.5,0.0000,True,SUPERIOR WITHIN GUARDRAILS,0.42961
473,Industrial PLC & Process Automation,temperature_setpoint,energy_facility_industrial,process_loop,process,setpoint,SUPERIOR WITHIN GUARDRAILS,0.32306,0.30529,0.34083,0.00000,0.00000,-0.24394,0.000,0.000,121.7,0.0000,True,SUPERIOR WITHIN GUARDRAILS,0.43191
474,Industrial PLC & Process Automation,mass_flow_setpoint,energy_facility_industrial,process_loop,process,setpoint,SUPERIOR WITHIN GUARDRAILS,0.31702,0.29953,0.33452,0.00000,0.00000,-0.24048,0.000,0.000,120.4,0.0000,True,SUPERIOR WITHIN GUARDRAILS,0.42070
475,Industrial PLC & Process Automation,tank_level_target,energy_facility_industrial,process_loop,process,setpoint,SUPERIOR WITHIN GUARDRAILS,0.33551,0.31557,0.35545,0.00000,0.00000,-0.25092,0.000,0.000,121.1,0.0000,True,SUPERIOR WITHIN GUARDRAILS,0.45124
476,Industrial PLC & Process Automation,conveyor_rate,energy_facility_industrial,process_loop,process,capacity,NONINFERIOR / INCONCLUSIVE,0.00000,0.00000,0.00000,0.00000,0.00000,0.00000,0.000,0.000,648.0,0.0000,True,,
477,Industrial PLC & Process Automation,feed_rate,energy_facility_industrial,process_loop,process,capacity,NONINFERIOR / INCONCLUSIVE,0.00000,0.00000,0.00000,0.00000,0.00000,0.00000,0.000,0.000,648.0,0.0000,True,,
478,Industrial PLC & Process Automation,purge_vent_action,energy_facility_industrial,process_loop,process,admission,NONINFERIOR / INCONCLUSIVE,0.00000,0.00000,0.00000,0.00000,0.00000,0.00000,0.000,0.000,0.0,0.0000,True,,
529,"PDU, UPS & Electrical Distribution",server_power_cap,energy_facility_industrial,energy_storage,ups,power,NONINFERIOR / INCONCLUSIVE,0.00000,0.00000,0.00000,0.00000,0.00000,0.00000,0.000,0.000,0.0,0.0217,True,,
530,"PDU, UPS & Electrical Distribution",rack_power_cap,energy_facility_industrial,energy_storage,ups,power,NONINFERIOR / INCONCLUSIVE,0.00000,0.00000,0.00000,0.00000,0.00000,0.00000,0.000,0.000,0.0,0.0233,True,,
531,"PDU, UPS & Electrical Distribution",pdu_branch_power_limit,energy_facility_industrial,energy_storage,ups,power,NONINFERIOR / INCONCLUSIVE,0.00000,0.00000,0.00000,0.00000,0.00000,0.00000,0.000,0.000,0.0,0.0239,True,,
532,"PDU, UPS & Electrical Distribution",pdu_outlet_control,energy_facility_industrial,energy_storage,ups,capacity,NONINFERIOR / INCONCLUSIVE,0.00000,0.00000,0.00000,0.00000,0.00000,0.00000,0.000,0.000,0.0,0.0239,True,,
534,"PDU, UPS & Electrical Distribution",ups_operating_mode,energy_facility_industrial,energy_storage,ups,capacity,NONINFERIOR / INCONCLUSIVE,0.00000,0.00000,0.00000,0.00000,0.00000,0.00000,0.000,0.000,0.0,0.0165,True,,
535,"PDU, UPS & Electrical Distribution",ups_charge_rate,energy_facility_industrial,energy_storage,ups,power,NONINFERIOR / INCONCLUSIVE,0.00000,0.00000,0.00000,0.00000,0.00000,0.00000,0.000,0.000,0.0,0.0217,True,,
536,"PDU, UPS & Electrical Distribution",ups_discharge_rate,energy_facility_industrial,energy_storage,ups,power,NONINFERIOR / INCONCLUSIVE,0.00000,0.00000,0.00000,0.00000,0.00000,0.00000,0.000,0.000,0.0,0.0210,True,,
537,"PDU, UPS & Electrical Distribution",phase_balance,energy_facility_industrial,energy_storage,ups,capacity,NONINFERIOR / INCONCLUSIVE,0.00000,0.00000,0.00000,0.00000,0.00000,0.00000,0.000,0.000,0.0,0.0219,True,,
538,"PDU, UPS & Electrical Distribution",load_transfer,energy_facility_industrial,energy_storage,ups,admission,NONINFERIOR / INCONCLUSIVE,0.00000,0.00000,0.00000,0.00000,0.00000,0.00000,0.000,0.000,0.0,0.0274,True,,
539,"PDU, UPS & Electrical Distribution",reactive_power_target,energy_facility_industrial,energy_storage,ups,setpoint,WORSE,-0.00012,-0.00012,-0.00011,0.00000,0.00000,0.00012,0.000,0.000,322.4,0.0293,True,SUPERIOR WITHIN GUARDRAILS,0.00023
540,"PDU, UPS & Electrical Distribution",voltage_target,energy_facility_industrial,energy_storage,ups,setpoint,WORSE,-0.00012,-0.00012,-0.00011,0.00000,0.00000,0.00012,0.000,0.000,326.9,0.0210,True,SUPERIOR WITHIN GUARDRAILS,0.00023
541,"PDU, UPS & Electrical Distribution",generator_dispatch,energy_facility_industrial,energy_storage,ups,capacity,NONINFERIOR / INCONCLUSIVE,0.00000,0.00000,0.00000,0.00000,0.00000,0.00000,0.000,0.000,0.0,0.0207,True,,
542,"PDU, UPS & Electrical Distribution",electrical_isolation,energy_facility_industrial,energy_storage,ups,admission,NONINFERIOR / INCONCLUSIVE,0.00000,0.00000,0.00000,0.00000,0.00000,0.00000,0.000,0.000,0.0,0.0182,True,,
543,"PDU, UPS & Electrical Distribution",breaker_trip_gate,energy_facility_industrial,energy_storage,ups,admission,NONINFERIOR / INCONCLUSIVE,0.00000,0.00000,0.00000,0.00000,0.00000,0.00000,0.000,0.000,0.0,0.0244,True,,
AUDIT-0057,Semiconductor Fab & Precision Manufacturing,tool_job_dispatch,energy_facility_industrial,process_loop,chamber,admission,NONINFERIOR / INCONCLUSIVE,0.00000,0.00000,0.00000,0.00000,0.00000,0.00000,0.000,0.000,0.0,0.0000,True,,
AUDIT-0058,Semiconductor Fab & Precision Manufacturing,wafer_route,energy_facility_industrial,process_loop,chamber,capacity,NONINFERIOR / INCONCLUSIVE,0.00000,0.00000,0.00000,0.00000,0.00000,0.00000,0.000,0.000,648.0,0.0000,True,,
AUDIT-0059,Semiconductor Fab & Precision Manufacturing,chamber_recipe_selection,energy_facility_industrial,process_loop,chamber,admission,NONINFERIOR / INCONCLUSIVE,0.00000,0.00000,0.00000,0.00000,0.00000,0.00000,0.000,0.000,0.0,0.0000,True,,
AUDIT-0060,Semiconductor Fab & Precision Manufacturing,chamber_temperature,energy_facility_industrial,process_loop,chamber,setpoint,SUPERIOR WITHIN GUARDRAILS,0.00272,0.00270,0.00275,0.00000,0.00000,-0.00272,0.000,0.000,118.8,0.0000,True,SUPERIOR WITHIN GUARDRAILS,0.00346
AUDIT-0061,Semiconductor Fab & Precision Manufacturing,chamber_pressure,energy_facility_industrial,process_loop,chamber,setpoint,SUPERIOR WITHIN GUARDRAILS,0.00271,0.00269,0.00273,0.00000,0.00000,-0.00270,0.000,0.000,117.3,0.0000,True,SUPERIOR WITHIN GUARDRAILS,0.00344
AUDIT-0062,Semiconductor Fab & Precision Manufacturing,gas_flow,energy_facility_industrial,process_loop,chamber,capacity,NONINFERIOR / INCONCLUSIVE,0.00000,0.00000,0.00000,0.00000,0.00000,0.00000,0.000,0.000,648.0,0.0000,True,,
AUDIT-0063,Semiconductor Fab & Precision Manufacturing,rf_power,energy_facility_industrial,process_loop,chamber,power,NONINFERIOR / INCONCLUSIVE,0.00000,0.00000,0.00000,0.00000,0.00000,0.00000,0.000,0.000,648.0,0.0000,True,,
AUDIT-0064,Semiconductor Fab & Precision Manufacturing,vacuum_pump_speed,energy_facility_industrial,process_loop,chamber,capacity,NONINFERIOR / INCONCLUSIVE,0.00000,0.00000,0.00000,0.00000,0.00000,0.00000,0.000,0.000,648.0,0.0000,True,,
AUDIT-0065,Semiconductor Fab & Precision Manufacturing,robot_transfer_rate,energy_facility_industrial,process_loop,chamber,capacity,NONINFERIOR / INCONCLUSIVE,0.00000,0.00000,0.00000,0.00000,0.00000,0.00000,0.000,0.000,648.0,0.0000,True,,
AUDIT-0066,Semiconductor Fab & Precision Manufacturing,lot_priority,energy_facility_industrial,process_loop,chamber,admission,NONINFERIOR / INCONCLUSIVE,0.00000,0.00000,0.00000,0.00000,0.00000,0.00000,0.000,0.000,0.0,0.0000,True,,
AUDIT-0068,Semiconductor Fab & Precision Manufacturing,tool_quarantine,energy_facility_industrial,process_loop,chamber,admission,NONINFERIOR / INCONCLUSIVE,0.00000,0.00000,0.00000,0.00000,0.00000,0.00000,0.000,0.000,0.0,0.0000,True,,
AUDIT-0069,Water Wastewater & Pumping,pump_speed_water,energy_facility_industrial,process_loop,water,capacity,NONINFERIOR / INCONCLUSIVE,0.00000,0.00000,0.00000,0.00000,0.00000,0.00000,0.000,0.000,645.8,0.0000,True,,
AUDIT-0070,Water Wastewater & Pumping,valve_position_water,energy_facility_industrial,process_loop,water,setpoint,SUPERIOR WITHIN GUARDRAILS,0.12213,0.11100,0.13326,0.00000,0.00000,-0.10868,0.000,0.000,289.6,0.0000,True,ENERGY IMPROVEMENT WITH SERVICE TRADEOFF,0.16418
AUDIT-0071,Water Wastewater & Pumping,reservoir_level_target,energy_facility_industrial,process_loop,water,setpoint,SUPERIOR WITHIN GUARDRAILS,0.12581,0.11369,0.13793,0.00000,0.00000,-0.11157,0.000,0.000,291.6,0.0000,True,SUPERIOR WITHIN GUARDRAILS,0.16905
AUDIT-0072,Water Wastewater & Pumping,line_pressure_target,energy_facility_industrial,process_loop,water,setpoint,SUPERIOR WITHIN GUARDRAILS,0.11512,0.10633,0.12391,0.00000,0.00000,-0.10314,0.000,0.000,247.7,0.0000,True,ENERGY IMPROVEMENT WITH SERVICE TRADEOFF,0.15296
AUDIT-0073,Water Wastewater & Pumping,flow_target_water,energy_facility_industrial,process_loop,water,setpoint,SUPERIOR WITHIN GUARDRAILS,0.12410,0.11460,0.13360,0.00000,0.00000,-0.11029,0.000,0.000,299.3,0.0000,True,SUPERIOR WITHIN GUARDRAILS,0.16882
AUDIT-0074,Water Wastewater & Pumping,aeration_rate,energy_facility_industrial,process_loop,water,power,NONINFERIOR / INCONCLUSIVE,0.00000,0.00000,0.00000,0.00000,0.00000,0.00000,0.000,0.000,444.1,0.0000,True,,
AUDIT-0075,Water Wastewater & Pumping,chemical_dose_rate,energy_facility_industrial,process_loop,water,power,NONINFERIOR / INCONCLUSIVE,0.00000,0.00000,0.00000,0.00000,0.00000,0.00000,0.000,0.000,430.5,0.0000,True,,
AUDIT-0076,Water Wastewater & Pumping,filtration_backwash,energy_facility_industrial,process_loop,water,admission,NONINFERIOR / INCONCLUSIVE,0.00000,0.00000,0.00000,0.00000,0.00000,0.00000,0.000,0.000,0.0,0.0000,True,,
AUDIT-0077,Water Wastewater & Pumping,lift_station_dispatch,energy_facility_industrial,process_loop,water,admission,NONINFERIOR / INCONCLUSIVE,0.00000,0.00000,0.00000,0.00000,0.00000,0.00000,0.000,0.000,0.0,0.0000,True,,
AUDIT-0078,Water Wastewater & Pumping,leak_isolation,energy_facility_industrial,process_loop,water,admission,NONINFERIOR / INCONCLUSIVE,0.00000,0.00000,0.00000,0.00000,0.00000,0.00000,0.000,0.000,0.0,0.0000,True,,
AUDIT-0079,Water Wastewater & Pumping,water_demand_shed,energy_facility_industrial,process_loop,water,admission,NONINFERIOR / INCONCLUSIVE,0.00000,0.00000,0.00000,0.00000,0.00000,0.00000,0.000,0.000,0.0,0.0000,True,,
AUDIT-0080,Water Wastewater & Pumping,water_emergency_shutdown,energy_facility_industrial,process_loop,water,admission,NONINFERIOR / INCONCLUSIVE,0.00000,0.00000,0.00000,0.00000,0.00000,0.00000,0.000,0.000,0.0,0.0000,True,,
AUDIT-0045,Automotive EV & Mobile Powertrain,traction_torque_limit,physics_robotics_autonomous,motion_axis,ev_traction,power,NOT ESTABLISHED,-0.00006,-0.00018,0.00007,0.00000,0.00000,0.00006,0.028,0.091,189.0,0.0000,True,,
AUDIT-0046,Automotive EV & Mobile Powertrain,regen_braking_level,physics_robotics_autonomous,motion_axis,ev_traction,power,NONINFERIOR / INCONCLUSIVE,-0.00001,-0.00002,0.00001,0.00000,0.00000,0.00001,0.000,0.000,88.4,0.0236,True,,
AUDIT-0047,Automotive EV & Mobile Powertrain,battery_charge_limit,physics_robotics_autonomous,motion_axis,ev_traction,power,NONINFERIOR / INCONCLUSIVE,0.00000,0.00000,0.00000,0.00000,0.00000,0.00000,0.000,0.000,108.9,0.0167,True,,
AUDIT-0048,Automotive EV & Mobile Powertrain,battery_discharge_limit,physics_robotics_autonomous,motion_axis,ev_traction,power,NOT ESTABLISHED,-0.00005,-0.00018,0.00007,0.00000,0.00000,0.00005,0.056,0.181,169.2,0.0067,True,,
AUDIT-0049,Automotive EV & Mobile Powertrain,battery_thermal_target,physics_robotics_autonomous,motion_axis,ev_traction,power,NONINFERIOR / INCONCLUSIVE,0.00000,0.00000,0.00000,0.00000,0.00000,0.00000,0.000,0.000,34.5,0.2931,True,,
AUDIT-0050,Automotive EV & Mobile Powertrain,motor_thermal_limit,physics_robotics_autonomous,motion_axis,ev_traction,power,NONINFERIOR / INCONCLUSIVE,0.00000,0.00000,0.00000,0.00000,0.00000,0.00000,0.000,0.000,19.8,0.2817,True,,
AUDIT-0051,Automotive EV & Mobile Powertrain,vehicle_speed_envelope,physics_robotics_autonomous,motion_axis,ev_traction,capacity,ENERGY IMPROVEMENT WITH SERVICE TRADEOFF,0.01386,0.00478,0.02294,0.00000,0.00000,-0.01353,0.194,0.506,36.1,0.1253,True,,
AUDIT-0052,Automotive EV & Mobile Powertrain,energy_recovery_target,physics_robotics_autonomous,motion_axis,ev_traction,power,NONINFERIOR / INCONCLUSIVE,0.00000,0.00000,0.00000,0.00000,0.00000,0.00000,0.000,0.000,67.8,0.1317,True,,
AUDIT-0053,Automotive EV & Mobile Powertrain,auxiliary_power_budget,physics_robotics_autonomous,motion_axis,ev_traction,power,NONINFERIOR / INCONCLUSIVE,-0.00001,-0.00002,0.00001,0.00000,0.00000,0.00001,0.000,0.000,137.4,0.0367,True,,
AUDIT-0054,Automotive EV & Mobile Powertrain,fast_charge_current,physics_robotics_autonomous,motion_axis,ev_traction,power,NONINFERIOR / INCONCLUSIVE,0.00000,0.00000,0.00000,0.00000,0.00000,0.00000,0.000,0.000,61.6,0.1389,True,,
AUDIT-0055,Automotive EV & Mobile Powertrain,fast_charge_voltage,physics_robotics_autonomous,motion_axis,ev_traction,power,NONINFERIOR / INCONCLUSIVE,0.00000,0.00000,0.00000,0.00000,0.00000,0.00000,0.000,0.000,71.3,0.0719,True,,
AUDIT-0056,Automotive EV & Mobile Powertrain,vehicle_safe_state,physics_robotics_autonomous,motion_axis,ev_traction,admission,NONINFERIOR / INCONCLUSIVE,0.00000,0.00000,0.00000,0.00000,0.00000,0.00000,0.000,0.000,0.0,0.2461,True,,
481,Aviation & Autonomous Flight,throttle_envelope,physics_robotics_autonomous,motion_axis,flight_axis,power,NOT ESTABLISHED,-0.00154,-0.00488,0.00179,0.00000,0.00000,0.00157,0.167,0.435,286.6,0.0000,True,,
482,Aviation & Autonomous Flight,attitude_target,physics_robotics_autonomous,motion_axis,flight_axis,capacity,SUPERIOR WITHIN GUARDRAILS,0.00061,0.00054,0.00067,0.00000,0.00000,-0.00061,0.000,0.000,253.8,0.0000,True,,
483,Aviation & Autonomous Flight,attitude_rate_target,physics_robotics_autonomous,motion_axis,flight_axis,capacity,SUPERIOR WITHIN GUARDRAILS,0.00066,0.00057,0.00074,0.00000,0.00000,-0.00066,0.000,0.000,279.4,0.0000,True,,
484,Aviation & Autonomous Flight,velocity_target,physics_robotics_autonomous,motion_axis,flight_axis,capacity,SUPERIOR WITHIN GUARDRAILS,0.00057,0.00047,0.00068,0.00000,0.00000,-0.00057,0.000,0.000,249.5,0.0000,True,,
485,Aviation & Autonomous Flight,altitude_target,physics_robotics_autonomous,motion_axis,flight_axis,capacity,SUPERIOR WITHIN GUARDRAILS,0.00069,0.00064,0.00075,0.00000,0.00000,-0.00069,0.000,0.000,270.6,0.0000,True,,
486,Aviation & Autonomous Flight,waypoint_authority,physics_robotics_autonomous,motion_axis,flight_axis,capacity,SUPERIOR WITHIN GUARDRAILS,0.00059,0.00052,0.00066,0.00000,0.00000,-0.00059,0.000,0.000,262.1,0.0000,True,,
487,Aviation & Autonomous Flight,flight_hold,physics_robotics_autonomous,motion_axis,flight_axis,admission,NONINFERIOR / INCONCLUSIVE,0.00000,0.00000,0.00000,0.00000,0.00000,0.00000,0.000,0.000,0.0,0.0000,True,,
488,Aviation & Autonomous Flight,return_to_home,physics_robotics_autonomous,motion_axis,flight_axis,admission,NONINFERIOR / INCONCLUSIVE,0.00000,0.00000,0.00000,0.00000,0.00000,0.00000,0.000,0.000,0.0,0.0000,True,,
489,Aviation & Autonomous Flight,land_action,physics_robotics_autonomous,motion_axis,flight_axis,admission,NONINFERIOR / INCONCLUSIVE,0.00000,0.00000,0.00000,0.00000,0.00000,0.00000,0.000,0.000,0.0,0.0000,True,,
490,Aviation & Autonomous Flight,mission_admission,physics_robotics_autonomous,motion_axis,flight_axis,admission,NONINFERIOR / INCONCLUSIVE,0.00000,0.00000,0.00000,0.00000,0.00000,0.00000,0.000,0.000,0.0,0.0000,True,,
491,Aviation & Autonomous Flight,geofence_response,physics_robotics_autonomous,motion_axis,flight_axis,admission,NONINFERIOR / INCONCLUSIVE,0.00000,0.00000,0.00000,0.00000,0.00000,0.00000,0.000,0.000,0.0,0.0000,True,,
492,Aviation & Autonomous Flight,failsafe_selection,physics_robotics_autonomous,motion_axis,flight_axis,admission,NONINFERIOR / INCONCLUSIVE,0.00000,0.00000,0.00000,0.00000,0.00000,0.00000,0.000,0.000,0.0,0.0000,True,,
493,Aviation & Autonomous Flight,battery_reserve_threshold,physics_robotics_autonomous,motion_axis,flight_axis,admission,NONINFERIOR / INCONCLUSIVE,0.00000,0.00000,0.00000,0.00000,0.00000,0.00000,0.000,0.000,0.0,0.0000,True,,
494,Aviation & Autonomous Flight,actuator_saturation_envelope,physics_robotics_autonomous,motion_axis,flight_axis,capacity,SUPERIOR WITHIN GUARDRAILS,0.00062,0.00055,0.00069,0.00000,0.00000,-0.00062,0.000,0.000,269.2,0.0000,True,,
495,Aviation & Autonomous Flight,flight_mode_transition,physics_robotics_autonomous,motion_axis,flight_axis,admission,NONINFERIOR / INCONCLUSIVE,0.00000,0.00000,0.00000,0.00000,0.00000,0.00000,0.000,0.000,0.0,0.0000,True,,
496,Aviation & Autonomous Flight,flight_termination_safe_state,physics_robotics_autonomous,motion_axis,flight_axis,admission,NONINFERIOR / INCONCLUSIVE,0.00000,0.00000,0.00000,0.00000,0.00000,0.00000,0.000,0.000,0.0,0.0000,True,,
449,Robotics Fleet & Warehouse Automation,robot_dispatch,physics_robotics_autonomous,compute_pool,robot_fleet,capacity,NONINFERIOR / INCONCLUSIVE,0.00000,0.00000,0.00000,0.00000,0.00000,0.00000,0.000,0.000,0.0,0.0000,True,,
450,Robotics Fleet & Warehouse Automation,task_assignment,physics_robotics_autonomous,compute_pool,robot_fleet,capacity,NONINFERIOR / INCONCLUSIVE,0.00000,0.00000,0.00000,0.00000,0.00000,0.00000,0.000,0.000,0.0,0.0006,True,,
451,Robotics Fleet & Warehouse Automation,traffic_reservation,physics_robotics_autonomous,compute_pool,robot_fleet,capacity,NONINFERIOR / INCONCLUSIVE,0.00000,0.00000,0.00000,0.00000,0.00000,0.00000,0.000,0.000,0.0,0.0003,True,,
452,Robotics Fleet & Warehouse Automation,robot_route,physics_robotics_autonomous,compute_pool,robot_fleet,capacity,NONINFERIOR / INCONCLUSIVE,0.00000,0.00000,0.00000,0.00000,0.00000,0.00000,0.000,0.000,0.0,0.0001,True,,
453,Robotics Fleet & Warehouse Automation,charging_dispatch,physics_robotics_autonomous,compute_pool,robot_fleet,capacity,NONINFERIOR / INCONCLUSIVE,0.00000,0.00000,0.00000,0.00000,0.00000,0.00000,0.000,0.000,0.0,0.0000,True,,
454,Robotics Fleet & Warehouse Automation,battery_reserve,physics_robotics_autonomous,compute_pool,robot_fleet,capacity,NONINFERIOR / INCONCLUSIVE,0.00000,0.00000,0.00000,0.00000,0.00000,0.00000,0.000,0.000,0.0,0.0000,True,,
455,Robotics Fleet & Warehouse Automation,elevator_request,physics_robotics_autonomous,compute_pool,robot_fleet,capacity,NONINFERIOR / INCONCLUSIVE,0.00000,0.00000,0.00000,0.00000,0.00000,0.00000,0.000,0.000,0.0,0.0003,True,,
456,Robotics Fleet & Warehouse Automation,door_request,physics_robotics_autonomous,compute_pool,robot_fleet,capacity,NONINFERIOR / INCONCLUSIVE,0.00000,0.00000,0.00000,0.00000,0.00000,0.00000,0.000,0.000,0.0,0.0000,True,,
457,Robotics Fleet & Warehouse Automation,conveyor_speed,physics_robotics_autonomous,compute_pool,robot_fleet,capacity,NONINFERIOR / INCONCLUSIVE,0.00000,0.00000,0.00000,0.00000,0.00000,0.00000,0.000,0.000,0.0,0.0013,True,,
458,Robotics Fleet & Warehouse Automation,agv_speed,physics_robotics_autonomous,compute_pool,robot_fleet,capacity,NONINFERIOR / INCONCLUSIVE,0.00000,0.00000,0.00000,0.00000,0.00000,0.00000,0.000,0.000,0.0,0.0021,True,,
459,Robotics Fleet & Warehouse Automation,warehouse_zone_admission,physics_robotics_autonomous,compute_pool,robot_fleet,admission,NONINFERIOR / INCONCLUSIVE,0.00000,0.00000,0.00000,0.00000,0.00000,0.00000,0.000,0.000,0.0,0.0001,True,,
460,Robotics Fleet & Warehouse Automation,robot_quarantine,physics_robotics_autonomous,compute_pool,robot_fleet,admission,NONINFERIOR / INCONCLUSIVE,0.00000,0.00000,0.00000,0.00000,0.00000,0.00000,0.000,0.000,0.0,0.0001,True,,
461,Robotics Fleet & Warehouse Automation,fleet_failover,physics_robotics_autonomous,compute_pool,robot_fleet,capacity,NONINFERIOR / INCONCLUSIVE,0.00000,0.00000,0.00000,0.00000,0.00000,0.00000,0.000,0.000,0.0,0.0000,True,,
462,Robotics Fleet & Warehouse Automation,human_safe_stop,physics_robotics_autonomous,compute_pool,robot_fleet,capacity,NONINFERIOR / INCONCLUSIVE,0.00000,0.00000,0.00000,0.00000,0.00000,0.00000,0.000,0.000,0.0,0.0000,True,,
463,Robotics Fleet & Warehouse Automation,fleet_concurrency,physics_robotics_autonomous,compute_pool,robot_fleet,admission,NONINFERIOR / INCONCLUSIVE,0.00000,0.00000,0.00000,0.00000,0.00000,0.00000,0.000,0.000,0.0,0.0000,True,,
433,Robotics Motion Control,joint_position,physics_robotics_autonomous,motion_axis,robot_joint,capacity,ENERGY IMPROVEMENT WITH SERVICE TRADEOFF,0.00121,0.00003,0.00239,-0.00032,-0.00105,-0.00153,0.028,0.091,210.5,0.0561,True,,
434,Robotics Motion Control,joint_velocity,physics_robotics_autonomous,motion_axis,robot_joint,capacity,ENERGY IMPROVEMENT WITH SERVICE TRADEOFF,0.00103,0.00041,0.00165,0.00000,0.00000,-0.00103,0.083,0.217,175.5,0.0947,True,,
435,Robotics Motion Control,joint_acceleration,physics_robotics_autonomous,motion_axis,robot_joint,capacity,SUPERIOR WITHIN GUARDRAILS,0.00248,0.00159,0.00338,0.00000,0.00000,-0.00248,0.000,0.000,274.1,0.0000,True,,
436,Robotics Motion Control,joint_effort,physics_robotics_autonomous,motion_axis,robot_joint,power,NONINFERIOR / INCONCLUSIVE,0.00000,0.00000,0.00000,0.00000,0.00000,0.00000,0.000,0.000,262.0,0.0000,True,,
437,Robotics Motion Control,cartesian_velocity,physics_robotics_autonomous,motion_axis,robot_joint,capacity,SUPERIOR WITHIN GUARDRAILS,0.00365,0.00317,0.00413,0.00000,0.00000,-0.00364,0.000,0.000,302.8,0.0000,True,,
438,Robotics Motion Control,trajectory_speed,physics_robotics_autonomous,motion_axis,robot_joint,capacity,SUPERIOR WITHIN GUARDRAILS,0.00388,0.00299,0.00477,0.00000,0.00000,-0.00386,0.000,0.000,293.4,0.0000,True,,
439,Robotics Motion Control,trajectory_acceleration,physics_robotics_autonomous,motion_axis,robot_joint,capacity,SUPERIOR WITHIN GUARDRAILS,0.00447,0.00360,0.00534,0.00000,0.00000,-0.00445,0.000,0.000,310.4,0.0000,True,,
440,Robotics Motion Control,jerk_limit,physics_robotics_autonomous,motion_axis,robot_joint,capacity,ENERGY IMPROVEMENT WITH SERVICE TRADEOFF,0.00108,0.00030,0.00186,0.00000,0.00000,-0.00108,0.083,0.179,174.6,0.0975,True,,
441,Robotics Motion Control,collision_margin,physics_robotics_autonomous,motion_axis,robot_joint,capacity,SUPERIOR WITHIN GUARDRAILS,0.00375,0.00287,0.00463,0.00000,0.00000,-0.00373,0.000,0.000,294.3,0.0000,True,,
442,Robotics Motion Control,force_limit,physics_robotics_autonomous,motion_axis,robot_joint,power,NONINFERIOR / INCONCLUSIVE,0.00000,0.00000,0.00000,0.00000,0.00000,0.00000,0.000,0.000,276.2,0.0000,True,,
443,Robotics Motion Control,gripper_force,physics_robotics_autonomous,motion_axis,robot_joint,power,NONINFERIOR / INCONCLUSIVE,0.00000,0.00000,0.00000,0.00000,0.00000,0.00000,0.000,0.000,251.7,0.0000,True,,
444,Robotics Motion Control,locomotion_speed,physics_robotics_autonomous,motion_axis,robot_joint,capacity,SUPERIOR WITHIN GUARDRAILS,0.00311,0.00220,0.00401,0.00000,0.00000,-0.00309,0.000,0.000,274.6,0.0142,True,,
445,Robotics Motion Control,steering_angle,physics_robotics_autonomous,motion_axis,robot_joint,capacity,SUPERIOR WITHIN GUARDRAILS,0.00389,0.00331,0.00446,0.00000,0.00000,-0.00387,0.000,0.000,310.3,0.0000,True,,
446,Robotics Motion Control,braking_force,physics_robotics_autonomous,motion_axis,robot_joint,power,NONINFERIOR / INCONCLUSIVE,0.00000,0.00000,0.00000,0.00000,0.00000,0.00000,0.000,0.000,245.0,0.0058,True,,
447,Robotics Motion Control,balance_correction,physics_robotics_autonomous,motion_axis,robot_joint,capacity,SUPERIOR WITHIN GUARDRAILS,0.00147,0.00078,0.00216,0.00000,0.00000,-0.00147,0.000,0.000,237.4,0.0028,True,,
497,Spacecraft & Flight Software,space_command_admission,physics_robotics_autonomous,motion_axis,reaction_wheel,admission,NONINFERIOR / INCONCLUSIVE,0.00000,0.00000,0.00000,0.00000,0.00000,0.00000,0.000,0.000,0.0,0.0000,True,,
499,Spacecraft & Flight Software,flight_task_schedule,physics_robotics_autonomous,motion_axis,reaction_wheel,admission,NONINFERIOR / INCONCLUSIVE,0.00000,0.00000,0.00000,0.00000,0.00000,0.00000,0.000,0.000,0.0,0.0000,True,,
500,Spacecraft & Flight Software,space_mode_transition,physics_robotics_autonomous,motion_axis,reaction_wheel,admission,NONINFERIOR / INCONCLUSIVE,0.00000,0.00000,0.00000,0.00000,0.00000,0.00000,0.000,0.000,0.0,0.0000,True,,
501,Spacecraft & Flight Software,payload_duty_cycle,physics_robotics_autonomous,motion_axis,reaction_wheel,power,ENERGY IMPROVEMENT WITH SERVICE TRADEOFF,0.00820,0.00662,0.00977,0.00000,0.00000,-0.00812,0.917,1.198,248.6,0.0000,True,,
502,Spacecraft & Flight Software,communication_allocation,physics_robotics_autonomous,motion_axis,reaction_wheel,capacity,SUPERIOR WITHIN GUARDRAILS,0.03103,0.02719,0.03486,0.00000,0.00000,-0.03007,0.000,0.000,225.6,0.0000,True,,
503,Spacecraft & Flight Software,space_power_budget,physics_robotics_autonomous,motion_axis,reaction_wheel,power,ENERGY IMPROVEMENT WITH SERVICE TRADEOFF,0.00751,0.00662,0.00841,0.00000,0.00000,-0.00746,0.500,0.808,203.7,0.0000,True,,
504,Spacecraft & Flight Software,space_thermal_command,physics_robotics_autonomous,motion_axis,reaction_wheel,power,ENERGY IMPROVEMENT WITH SERVICE TRADEOFF,0.00803,0.00755,0.00850,0.00000,0.00000,-0.00796,0.361,0.525,194.2,0.0000,True,,
505,Spacecraft & Flight Software,attitude_command_envelope,physics_robotics_autonomous,motion_axis,reaction_wheel,capacity,SUPERIOR WITHIN GUARDRAILS,0.02252,0.01923,0.02581,0.00000,0.00000,-0.02200,0.000,0.000,178.9,0.0000,True,,
506,Spacecraft & Flight Software,reaction_wheel_allocation,physics_robotics_autonomous,motion_axis,reaction_wheel,capacity,SUPERIOR WITHIN GUARDRAILS,0.02648,0.02319,0.02976,0.00000,0.00000,-0.02578,0.000,0.000,195.8,0.0000,True,,
507,Spacecraft & Flight Software,rcs_authority,physics_robotics_autonomous,motion_axis,reaction_wheel,power,ENERGY IMPROVEMENT WITH SERVICE TRADEOFF,0.00838,0.00749,0.00926,0.00000,0.00000,-0.00830,0.361,0.550,213.4,0.0000,True,,
508,Spacecraft & Flight Software,safe_mode_transition,physics_robotics_autonomous,motion_axis,reaction_wheel,admission,NONINFERIOR / INCONCLUSIVE,0.00000,0.00000,0.00000,0.00000,0.00000,0.00000,0.000,0.000,0.0,0.0000,True,,
509,Spacecraft & Flight Software,watchdog_recovery,physics_robotics_autonomous,motion_axis,reaction_wheel,admission,NONINFERIOR / INCONCLUSIVE,0.00000,0.00000,0.00000,0.00000,0.00000,0.00000,0.000,0.000,0.0,0.0000,True,,
510,Spacecraft & Flight Software,instrument_activation,physics_robotics_autonomous,motion_axis,reaction_wheel,capacity,SUPERIOR WITHIN GUARDRAILS,0.03247,0.02938,0.03556,0.00000,0.00000,-0.03143,0.000,0.000,235.7,0.0000,True,,
511,Spacecraft & Flight Software,fault_isolation,physics_robotics_autonomous,motion_axis,reaction_wheel,admission,NONINFERIOR / INCONCLUSIVE,0.00000,0.00000,0.00000,0.00000,0.00000,0.00000,0.000,0.000,0.0,0.0000,True,,
