1791642549.164 2 11.771
1791642549.198 4 11.697
1791642549.249 7 11.554
1791642549.299 10 11.431
1791642549.333 12 11.500
1791642549.384 15 11.440
1791642549.435 18 11.300
1791642549.469 20 11.408
1791642549.520 23 11.467
1791642549.571 26 11.437
1791642549.605 28 11.514
1791642549.657 31 12.452
1791642549.707 34 11.799
1791642549.741 36 11.654
1791642549.791 39 11.701
1791642549.842 42 11.580
1791642549.876 44 11.497
1791642549.927 47 11.522
1791642549.978 50 11.689
1791642550.012 52 11.571
1791642550.063 55 11.680
1791642550.113 58 11.582
1791642550.147 60 11.534
1791642550.199 63 11.892
1791642550.249 66 11.614
1791642550.283 68 11.651
1791642550.334 71 11.595
1791642550.385 74 11.815
1791642550.419 76 11.630
1791642550.469 79 11.548
1791642550.520 82 11.529
1791642550.554 84 11.374
1791642550.605 87 11.548
1791642550.656 90 11.614
1791642550.690 92 11.757
1791642550.741 95 11.493
1791642550.792 98 11.667
1791642550.826 100 11.579
1791642550.876 103 11.365
1791642550.927 106 11.377
1791642550.961 108 11.490
1791642551.012 111 11.581
1791642551.063 114 11.605
1791642551.097 116 11.606
1791642551.148 119 11.367
1791642551.199 122 11.553
1791642551.233 124 11.827
1791642551.283 127 11.619
1791642551.334 130 11.592
1791642551.368 132 11.339
1791642551.419 135 11.534
1791642551.470 138 11.586
1791642551.504 140 11.549
1791642551.555 143 11.441
1791642551.606 146 11.513
1791642551.639 148 11.560
1791642551.690 151 11.434
1791642551.741 154 11.649
1791642551.775 156 11.700
1791642551.826 159 11.473
1791642551.877 162 11.531
1791642551.911 164 11.541
1791642551.962 167 11.506
1791642552.012 170 11.460
1791642552.046 172 11.378
1791642552.097 175 11.557
1791642552.148 178 11.539
1791642552.182 180 11.590
1791642552.233 183 11.494
1791642552.284 186 11.560
1791642552.318 188 11.705
1791642552.368 191 11.401
1791642552.419 194 11.524
1791642552.453 196 11.427
1791642552.504 199 11.406
1791642552.555 202 11.525
1791642552.589 204 11.620
1791642552.640 207 11.473
1791642552.691 210 11.510
1791642552.725 212 11.428
1791642552.776 215 11.568
1791642552.826 218 11.475
1791642552.861 220 11.847
1791642552.911 223 11.477
1791642552.962 226 11.811
1791642552.996 228 11.464
1791642553.047 231 11.524
1791642553.098 234 11.581
1791642553.132 236 11.496
1791642553.182 239 11.500
1791642553.233 242 11.578
1791642553.267 244 11.581
1791642553.318 247 11.516
1791642553.369 250 11.540
1791642553.403 252 11.535
1791642553.454 255 11.499
1791642553.505 258 11.642
1791642553.539 260 11.726
1791642553.589 263 11.495
1791642553.640 266 11.473
1791642553.674 268 11.453
1791642553.725 271 11.558
1791642553.776 274 11.629
1791642553.810 276 11.678
1791642553.861 279 11.835
1791642553.912 282 11.550
1791642553.945 284 11.479
1791642553.996 287 11.589
1791642554.047 290 11.441
1791642554.081 292 11.626
1791642554.132 295 11.423
1791642554.183 298 11.450
1791642554.216 300 11.282
1791642554.267 303 11.417
1791642554.319 306 11.586
1791642554.352 308 11.577
1791642554.403 311 11.574
1791642554.454 314 11.612
1791642554.488 316 11.559
1791642554.539 319 11.490
1791642554.590 322 11.613
1791642554.624 324 11.570
1791642554.674 327 11.474
1791642554.725 330 11.383
1791642554.759 332 11.356
1791642554.810 335 11.507
1791642554.861 338 11.688
1791642554.895 340 11.966
1791642554.946 343 11.562
1791642554.997 346 11.556
1791642555.031 348 11.638
1791642555.082 351 11.608
1791642555.132 354 11.563
1791642555.166 356 11.563
1791642555.217 359 11.557
1791642555.268 362 11.645
1791642555.302 364 11.618
1791642555.353 367 11.829
1791642555.404 370 11.614
1791642555.437 372 11.422
1791642555.488 375 11.392
1791642555.540 378 11.758
1791642555.573 380 11.580
1791642555.624 383 11.553
1791642555.675 386 11.463
1791642555.709 388 11.432
1791642555.760 391 11.542
1791642555.811 394 11.670
1791642555.845 396 11.572
1791642555.895 399 11.503
1791642555.946 402 11.365
1791642555.980 404 11.458
1791642556.031 407 11.465
1791642556.082 410 11.455
1791642556.116 412 11.491
1791642556.167 415 11.460
1791642556.217 418 11.390
1791642556.251 420 11.356
1791642556.302 423 11.499
1791642556.353 426 11.610
1791642556.387 428 11.709
1791642556.438 431 11.435
1791642556.489 434 11.453
1791642556.523 436 11.572
1791642556.574 439 11.476
1791642556.624 442 11.459
1791642556.658 444 11.338
1791642556.709 447 11.446
1791642556.760 450 11.560
1791642556.794 452 11.433
1791642556.845 455 11.624
1791642556.896 458 11.824
1791642556.930 460 11.425
1791642556.981 463 11.523
1791642557.031 466 11.397
1791642557.065 468 11.453
1791642557.116 471 11.513
1791642557.167 474 11.491
1791642557.201 476 11.364
1791642557.252 479 11.459
1791642557.303 482 11.444
1791642557.337 484 11.456
1791642557.388 487 11.824
1791642557.438 490 11.572
1791642557.473 492 11.812
1791642557.523 495 11.444
1791642557.574 498 11.481
1791642557.608 500 11.388
1791642557.659 503 11.528
1791642557.710 506 11.654
1791642557.744 508 11.534
1791642557.794 511 11.309
1791642557.845 514 11.518
1791642557.879 516 11.618
1791642557.930 519 11.637
1791642557.981 522 11.466
1791642558.015 524 11.592
1791642558.066 527 11.519
1791642558.117 530 11.727
1791642558.150 532 11.444
1791642558.201 535 11.459
1791642558.252 538 11.381
1791642558.286 540 11.455
1791642558.337 543 11.397
1791642558.388 546 11.530
1791642558.422 548 11.726
1791642558.473 551 11.673
1791642558.523 554 11.378
1791642558.558 556 11.613
1791642558.608 559 11.351
1791642558.659 562 11.520
1791642558.693 564 11.610
1791642558.744 567 11.412
1791642558.795 570 11.386
1791642558.829 572 11.685
1791642558.880 575 11.751
1791642558.931 578 11.667
1791642558.964 580 11.524
1791642559.015 583 11.447
1791642559.066 586 11.518
1791642559.100 588 11.591
1791642559.151 591 11.620
1791642559.202 594 11.494
1791642559.236 596 11.428
1791642559.287 599 11.814
1791642559.337 602 11.514
1791642559.371 604 11.480
1791642559.422 607 11.715
1791642559.473 610 11.729
1791642559.507 612 11.357
1791642559.558 615 11.646
1791642559.609 618 11.506
1791642559.643 620 11.580
1791642559.694 623 11.560
1791642559.744 626 11.454
1791642559.778 628 11.529
1791642559.829 631 11.680
1791642559.880 634 11.549
1791642559.914 636 11.839
1791642559.965 639 11.547
1791642560.016 642 11.594
1791642560.050 644 11.621
1791642560.100 647 11.481
1791642560.151 650 11.499
1791642560.185 652 11.376
1791642560.236 655 11.583
1791642560.287 658 11.581
1791642560.321 660 11.525
1791642560.372 663 11.632
1791642560.423 666 11.728
1791642560.457 668 11.691
1791642560.507 671 11.499
1791642560.558 674 11.433
1791642560.592 676 11.372
1791642560.643 679 11.487
1791642560.694 682 11.618
1791642560.728 684 11.581
1791642560.779 687 11.457
1791642560.829 690 11.468
1791642560.863 692 11.497
1791642560.914 695 11.532
1791642560.965 698 11.632
1791642560.999 700 11.511
1791642561.050 703 11.361
1791642561.101 706 11.620
1791642561.135 708 11.625
1791642561.185 711 11.401
1791642561.237 714 11.544
1791642561.270 716 11.551
1791642561.321 719 11.379
1791642561.372 722 11.616
1791642561.406 724 11.680
1791642561.457 727 11.735
1791642561.508 730 11.514
1791642561.542 732 11.671
1791642561.592 735 11.457
1791642561.643 738 11.359
1791642561.677 740 11.324
1791642561.728 743 11.520
1791642561.779 746 11.474
1791642561.813 748 11.513
1791642561.864 751 11.371
1791642561.915 754 11.542
1791642561.948 756 11.353
1791642561.999 759 11.481
1791642562.050 762 11.379
1791642562.084 764 11.516
1791642562.135 767 11.448
1791642562.186 770 11.383
1791642562.220 772 11.579
1791642562.271 775 11.396
1791642562.322 778 11.449
1791642562.356 780 11.455
1791642562.406 783 11.495
1791642562.457 786 11.631
1791642562.491 788 11.671
1791642562.542 791 11.668
1791642562.593 794 11.512
1791642562.627 796 11.586
1791642562.678 799 11.481
1791642562.728 802 11.396
1791642562.762 804 11.318
1791642562.813 807 11.308
1791642562.864 810 11.540
1791642562.898 812 11.346
1791642562.949 815 11.431
1791642563.000 818 11.627
1791642563.034 820 11.462
1791642563.085 823 11.441
1791642563.135 826 11.374
1791642563.169 828 11.374
1791642563.220 831 11.597
1791642563.271 834 11.574
1791642563.305 836 11.367
1791642563.356 839 11.369
1791642563.407 842 11.703
1791642563.441 844 11.549
1791642563.492 847 11.632
1791642563.542 850 11.476
1791642563.576 852 11.460
1791642563.627 855 11.461
1791642563.678 858 11.550
1791642563.712 860 11.575
1791642563.763 863 11.460
1791642563.814 866 11.541
1791642563.848 868 11.544
1791642563.899 871 11.506
1791642563.949 874 11.467
1791642563.983 876 11.532
1791642564.034 879 11.555
1791642564.085 882 11.740
1791642564.119 884 11.642
1791642564.170 887 11.665
1791642564.221 890 11.625
1791642564.255 892 11.491
1791642564.306 895 11.589
1791642564.356 898 11.597
1791642564.390 900 11.617
1791642564.441 903 11.575
1791642564.492 906 11.568
1791642564.526 908 11.693
1791642564.577 911 11.595
1791642564.628 914 11.635
1791642564.662 916 11.655
1791642564.712 919 11.553
1791642564.763 922 11.582
1791642564.797 924 11.615
1791642564.848 927 11.759
1791642564.899 930 11.683
1791642564.933 932 11.688
1791642564.984 935 11.762
1791642565.035 938 11.787
1791642565.069 940 11.733
1791642565.120 943 11.675
1791642565.171 946 11.780
1791642565.205 948 11.952
1791642565.255 951 11.595
1791642565.306 954 11.602
1791642565.340 956 11.621
1791642565.391 959 11.547
1791642565.442 962 11.511
1791642565.475 964 11.501
1791642565.527 967 11.721
1791642565.577 970 11.655
1791642565.611 972 11.680
1791642565.662 975 11.617
1791642565.713 978 11.636
1791642565.747 980 11.591
1791642565.798 983 11.516
1791642565.849 986 11.784
1791642565.882 988 11.597
1791642565.933 991 11.561
1791642565.984 994 11.641
1791642566.018 996 11.881
1791642566.069 999 11.727
1791642566.120 1002 11.677
1791642566.154 1004 11.643
1791642566.205 1007 11.661
1791642566.256 1010 11.657
1791642566.290 1012 11.692
1791642566.340 1015 11.544
1791642566.391 1018 11.675
1791642566.425 1020 11.738
1791642566.476 1023 11.698
1791642566.527 1026 11.724
1791642566.561 1028 11.669
1791642566.611 1031 11.473
1791642566.663 1034 11.662
1791642566.696 1036 11.639
1791642566.747 1039 11.684
1791642566.798 1042 11.671
1791642566.832 1044 11.510
1791642566.883 1047 11.445
1791642566.934 1050 11.616
1791642566.968 1052 11.620
1791642567.019 1055 11.817
1791642567.070 1058 11.922
1791642567.103 1060 11.566
1791642567.154 1063 11.677
1791642567.205 1066 11.707
1791642567.239 1068 11.603
1791642567.290 1071 11.468
1791642567.340 1074 11.394
1791642567.374 1076 11.329
1791642567.425 1079 11.333
1791642567.476 1082 11.668
1791642567.510 1084 11.692
1791642567.561 1087 11.593
1791642567.612 1090 11.655
1791642567.646 1092 11.461
1791642567.697 1095 11.519
1791642567.748 1098 11.542
1791642567.781 1100 11.510
1791642567.832 1103 11.436
1791642567.883 1106 11.419
1791642567.917 1108 11.389
1791642567.968 1111 11.528
1791642568.019 1114 11.445
1791642568.053 1116 11.486
1791642568.104 1119 11.554
1791642568.154 1122 11.449
1791642568.188 1124 11.417
1791642568.239 1127 11.489
1791642568.290 1130 11.746
1791642568.324 1132 11.308
1791642568.375 1135 11.699
1791642568.426 1138 11.431
1791642568.460 1140 11.385
1791642568.511 1143 11.504
1791642568.561 1146 11.519
1791642568.595 1148 11.512
1791642568.646 1151 11.408
1791642568.697 1154 11.574
1791642568.731 1156 11.597
1791642568.782 1159 11.413
1791642568.833 1162 11.324
1791642568.866 1164 11.333
1791642568.918 1167 11.567
1791642568.968 1170 11.453
1791642569.002 1172 11.462
1791642569.053 1175 11.617
1791642569.104 1178 11.784
1791642569.138 1180 11.401
1791642569.189 1183 11.502
1791642569.240 1186 11.456
1791642569.274 1188 11.638
1791642569.324 1191 11.399
1791642569.375 1194 11.322
1791642569.409 1196 11.355
1791642569.460 1199 11.358
1791642569.511 1202 11.408
1791642569.545 1204 11.502
1791642569.596 1207 11.777
1791642569.646 1210 11.387
1791642569.681 1212 11.542
1791642569.731 1215 11.402
1791642569.782 1218 11.397
1791642569.816 1220 11.399
1791642569.867 1223 11.606
1791642569.918 1226 11.551
1791642569.952 1228 11.511
1791642570.003 1231 11.532
1791642570.054 1234 11.556
1791642570.087 1236 11.383
1791642570.138 1239 11.655
1791642570.189 1242 11.396
1791642570.223 1244 11.339
1791642570.274 1247 11.447
1791642570.325 1250 11.474
1791642570.359 1252 11.463
1791642570.410 1255 11.470
1791642570.460 1258 11.423
1791642570.494 1260 11.455
1791642570.545 1263 11.616
1791642570.596 1266 11.591
1791642570.630 1268 11.665
1791642570.681 1271 11.537
1791642570.732 1274 11.457
1791642570.766 1276 11.393
1791642570.817 1279 11.533
1791642570.867 1282 11.482
1791642570.902 1284 11.717
1791642570.952 1287 11.508
1791642571.003 1290 11.549
1791642571.037 1292 11.386
1791642571.088 1295 11.451
1791642571.139 1298 11.470
1791642571.173 1300 11.711
1791642571.223 1303 11.428
1791642571.274 1306 11.335
1791642571.308 1308 11.561
1791642571.359 1311 11.429
1791642571.410 1314 11.441
1791642571.444 1316 11.455
1791642571.495 1319 11.570
1791642571.546 1322 11.432
1791642571.579 1324 11.383
1791642571.630 1327 11.551
1791642571.681 1330 11.596
1791642571.715 1332 11.557
1791642571.766 1335 11.468
1791642571.817 1338 11.577
1791642571.851 1340 11.573
1791642571.902 1343 11.631
1791642571.953 1346 11.523
1791642571.986 1348 11.405
1791642572.038 1351 11.712
1791642572.088 1354 11.529
1791642572.122 1356 11.546
1791642572.173 1359 11.723
1791642572.224 1362 11.597
1791642572.258 1364 11.515
1791642572.309 1367 11.411
1791642572.359 1370 11.444
1791642572.393 1372 11.432
1791642572.444 1375 11.406
1791642572.495 1378 11.437
1791642572.529 1380 11.486
1791642572.580 1383 11.493
1791642572.631 1386 11.518
1791642572.665 1388 11.502
1791642572.716 1391 11.602
1791642572.766 1394 11.494
1791642572.800 1396 11.580
1791642572.851 1399 11.485
1791642572.902 1402 11.623
1791642572.936 1404 11.459
1791642572.987 1407 11.515
1791642573.038 1410 11.548
1791642573.072 1412 11.614
1791642573.122 1415 11.438
1791642573.174 1418 11.582
1791642573.207 1420 11.651
1791642573.258 1423 11.496
1791642573.309 1426 11.708
1791642573.343 1428 11.620
1791642573.394 1431 11.610
1791642573.445 1434 11.612
1791642573.479 1436 11.538
1791642573.530 1439 11.527
1791642573.580 1442 11.403
1791642573.614 1444 11.534
1791642573.665 1447 11.616
1791642573.716 1450 11.663
1791642573.750 1452 11.595
1791642573.801 1455 11.505
1791642573.852 1458 11.542
1791642573.886 1460 11.428
1791642573.936 1463 11.455
1791642573.987 1466 11.505
1791642574.021 1468 11.554
1791642574.072 1471 11.547
1791642574.123 1474 11.583
1791642574.157 1476 11.530
1791642574.208 1479 11.527
1791642574.259 1482 11.605
1791642574.292 1484 11.449
1791642574.343 1487 11.465
1791642574.394 1490 11.513
1791642574.428 1492 11.362
1791642574.479 1495 11.640
1791642574.530 1498 11.518
1791642574.564 1500 11.426
1791642574.615 1503 11.624
1791642574.666 1506 11.669
1791642574.700 1508 11.740
1791642574.750 1511 11.559
1791642574.801 1514 11.585
1791642574.835 1516 11.607
1791642574.886 1519 11.472
1791642574.937 1522 11.685
1791642574.971 1524 11.478
1791642575.022 1527 11.678
1791642575.073 1530 11.638
1791642575.107 1532 11.706
1791642575.157 1535 11.538
1791642575.208 1538 11.524
1791642575.242 1540 11.420
1791642575.293 1543 11.563
1791642575.344 1546 11.482
1791642575.378 1548 11.580
1791642575.429 1551 11.454
1791642575.480 1554 11.800
1791642575.513 1556 11.640
1791642575.564 1559 11.529
1791642575.615 1562 11.469
1791642575.649 1564 11.490
1791642575.700 1567 11.521
1791642575.751 1570 11.523
1791642575.785 1572 11.644
1791642575.835 1575 11.399
1791642575.886 1578 11.368
1791642575.920 1580 11.327
1791642575.971 1583 11.447
1791642576.022 1586 11.508
1791642576.056 1588 11.375
1791642576.107 1591 11.535
1791642576.158 1594 11.417
1791642576.191 1596 11.294
1791642576.242 1599 11.508
1791642576.293 1602 11.538
1791642576.327 1604 11.462
1791642576.378 1607 11.499
1791642576.429 1610 11.474
1791642576.463 1612 11.427
1791642576.514 1615 11.514
1791642576.565 1618 11.706
1791642576.598 1620 11.471
1791642576.649 1623 11.325
1791642576.700 1626 11.527
1791642576.734 1628 11.374
1791642576.785 1631 11.684
1791642576.836 1634 11.475
1791642576.870 1636 11.391
1791642576.920 1639 11.313
1791642576.971 1642 11.430
1791642577.005 1644 11.470
1791642577.056 1647 11.385
1791642577.107 1650 11.513
1791642577.141 1652 11.450
1791642577.192 1655 11.450
1791642577.243 1658 11.519
1791642577.277 1660 11.324
1791642577.328 1663 11.573
1791642577.378 1666 11.297
1791642577.413 1668 11.676
1791642577.463 1671 11.476
1791642577.514 1674 11.536
1791642577.548 1676 11.409
1791642577.599 1679 11.499
1791642577.650 1682 11.372
1791642577.684 1684 11.546
1791642577.734 1687 11.373
1791642577.786 1690 11.788
1791642577.819 1692 11.429
1791642577.870 1695 11.466
1791642577.921 1698 11.414
1791642577.955 1700 11.432
1791642578.006 1703 11.441
1791642578.057 1706 11.565
1791642578.091 1708 11.704
1791642578.142 1711 11.522
1791642578.192 1714 11.459
1791642578.226 1716 11.411
1791642578.277 1719 11.488
1791642578.328 1722 11.476
1791642578.362 1724 11.308
1791642578.413 1727 11.562
1791642578.464 1730 11.380
1791642578.498 1732 11.429
1791642578.548 1735 11.498
1791642578.599 1738 11.492
1791642578.633 1740 11.435
1791642578.684 1743 11.462
1791642578.735 1746 11.367
1791642578.769 1748 11.340
1791642578.820 1751 11.554
1791642578.871 1754 11.454
1791642578.904 1756 11.436
1791642578.955 1759 11.346
1791642579.006 1762 11.502
1791642579.040 1764 11.417
1791642579.091 1767 11.578
1791642579.131 1770 11.856
1791642579.148 1772 11.515
1791642579.173 1775 11.356
1791642579.199 1778 11.373
1791642579.216 1780 11.411
1791642579.241 1783 11.370
1791642579.266 1786 11.355
1791642579.283 1788 11.287
1791642579.309 1791 11.462
1791642579.334 1794 11.337
1791642579.351 1796 11.327
1791642579.377 1799 11.299
1791642579.402 1802 11.381
1791642579.419 1804 11.324
1791642579.444 1807 11.258
1791642579.470 1810 11.379
1791642579.487 1812 11.302
1791642579.512 1815 11.374
1791642579.538 1818 11.437
1791642579.554 1820 11.218
1791642579.580 1823 11.630
1791642579.606 1826 11.552
1791642579.622 1828 11.388
1791642579.648 1831 11.422
1791642579.673 1834 11.410
1791642579.690 1836 11.336
1791642579.716 1839 11.376
1791642579.741 1842 11.332
1791642579.758 1844 11.207
1791642579.784 1847 11.392
1791642579.809 1850 11.436
1791642579.826 1852 11.531
1791642579.852 1855 11.495
1791642579.877 1858 11.454
1791642579.894 1860 11.510
1791642579.919 1863 11.336
1791642579.945 1866 11.321
1791642579.962 1868 11.314
1791642579.987 1871 11.406
1791642580.012 1874 11.352
1791642580.029 1876 11.390
1791642580.055 1879 11.515
1791642580.080 1882 11.401
1791642580.097 1884 11.400
1791642580.123 1887 11.367
1791642580.148 1890 11.282
1791642580.165 1892 11.351
1791642580.191 1895 11.471
1791642580.216 1898 11.306
1791642580.233 1900 11.308
1791642580.258 1903 11.441
1791642580.284 1906 11.359
1791642580.301 1908 11.401
1791642580.326 1911 11.539
1791642580.352 1914 11.536
1791642580.369 1916 11.376
1791642580.394 1919 11.401
1791642580.419 1922 11.458
1791642580.436 1924 11.344
1791642580.462 1927 11.403
1791642580.487 1930 11.315
1791642580.504 1932 11.291
1791642580.530 1935 11.335
1791642580.555 1938 11.287
1791642580.572 1940 11.306
1791642580.597 1943 11.341
1791642580.623 1946 11.311
1791642580.640 1948 11.339
1791642580.665 1951 11.376
1791642580.691 1954 11.239
1791642580.708 1956 11.331
1791642580.733 1959 11.373
1791642580.759 1962 11.396
1791642580.775 1964 11.364
1791642580.801 1967 11.395
1791642580.826 1970 11.405
1791642580.843 1972 11.371
1791642580.869 1975 11.533
1791642580.894 1978 11.406
1791642580.911 1980 11.459
1791642580.937 1983 11.359
1791642580.962 1986 11.419
1791642580.979 1988 11.397
1791642581.004 1991 11.347
1791642581.030 1994 11.461
1791642581.047 1996 11.307
1791642581.072 1999 11.381
1791642581.098 2002 11.436
1791642581.115 2004 11.317
1791642581.140 2007 11.466
1791642581.165 2010 11.303
1791642581.182 2012 11.334
1791642581.208 2015 11.351
1791642581.233 2018 11.452
1791642581.250 2020 11.345
1791642581.276 2023 11.424
1791642581.301 2026 11.411
1791642581.318 2028 11.362
1791642581.344 2031 11.397
1791642581.369 2034 11.594
1791642581.386 2036 11.408
1791642581.411 2039 11.303
1791642581.437 2042 11.320
1791642581.454 2044 11.229
1791642581.479 2047 11.484
1791642581.505 2050 11.399
1791642581.522 2052 11.378
1791642581.547 2055 11.488
1791642581.573 2058 11.464
1791642581.590 2060 11.513
1791642581.615 2063 11.380
1791642581.640 2066 11.393
1791642581.657 2068 11.449
1791642581.683 2071 11.370
1791642581.708 2074 11.477
1791642581.725 2076 11.356
1791642581.750 2079 11.329
1791642581.776 2082 11.360
1791642581.793 2084 11.309
1791642581.818 2087 11.433
1791642581.844 2090 11.519
1791642581.861 2092 11.534
1791642581.886 2095 11.550
1791642581.912 2098 11.451
1791642581.928 2100 11.320
1791642581.954 2103 11.328
1791642581.979 2106 11.277
1791642581.996 2108 11.231
1791642582.022 2111 11.239
1791642582.047 2114 11.276
1791642582.064 2116 11.368
1791642582.090 2119 11.410
1791642582.115 2122 11.357
1791642582.132 2124 11.293
1791642582.157 2127 11.380
1791642582.183 2130 11.490
1791642582.200 2132 11.404
1791642582.225 2135 11.269
1791642582.251 2138 11.411
1791642582.268 2140 11.339
1791642582.293 2143 11.401
1791642582.319 2146 11.432
1791642582.335 2148 11.299
1791642582.361 2151 11.465
1791642582.386 2154 11.362
1791642582.403 2156 11.302
1791642582.429 2159 11.271
1791642582.454 2162 11.325
1791642582.471 2164 11.336
1791642582.496 2167 11.291
1791642582.522 2170 11.337
1791642582.539 2172 11.317
1791642582.564 2175 11.436
1791642582.590 2178 11.417
1791642582.607 2180 11.333
1791642582.632 2183 11.354
1791642582.657 2186 11.283
1791642582.674 2188 11.315
1791642582.700 2191 11.407
1791642582.725 2194 11.330
1791642582.742 2196 11.268
1791642582.768 2199 11.504
1791642582.793 2202 11.400
1791642582.810 2204 11.340
1791642582.836 2207 11.312
1791642582.861 2210 11.351
1791642582.878 2212 11.699
1791642582.904 2215 11.514
1791642582.929 2218 11.354
1791642582.946 2220 11.279
1791642582.971 2223 11.368
1791642582.997 2226 11.365
1791642583.014 2228 11.326
1791642583.039 2231 11.434
1791642583.064 2234 11.257
1791642583.081 2236 11.252
1791642583.107 2239 11.420
1791642583.132 2242 11.332
1791642583.149 2244 11.266
1791642583.175 2247 11.306
1791642583.200 2250 11.312
1791642583.217 2252 11.294
1791642583.243 2255 11.309
1791642583.268 2258 11.332
1791642583.285 2260 11.304
1791642583.310 2263 11.328
1791642583.336 2266 11.240
1791642583.353 2268 11.347
1791642583.378 2271 11.370
1791642583.404 2274 11.462
1791642583.421 2276 11.502
1791642583.446 2279 11.377
1791642583.472 2282 11.475
1791642583.488 2284 11.423
1791642583.514 2287 11.414
1791642583.539 2290 11.323
1791642583.556 2292 11.271
1791642583.582 2295 11.373
1791642583.607 2298 11.393
1791642583.624 2300 11.360
1791642583.650 2303 11.434
1791642583.675 2306 11.597
1791642583.692 2308 11.366
1791642583.717 2311 11.484
1791642583.743 2314 11.355
1791642583.760 2316 11.371
1791642583.785 2319 11.341
1791642583.811 2322 11.322
1791642583.827 2324 11.298
1791642583.853 2327 11.499
1791642583.879 2330 11.801
1791642583.895 2332 11.278
1791642583.921 2335 11.419
1791642583.946 2338 11.490
1791642583.963 2340 11.279
1791642583.989 2343 11.423
1791642584.014 2346 11.402
1791642584.031 2348 11.345
1791642584.056 2351 11.371
1791642584.082 2354 11.370
1791642584.099 2356 11.497
1791642584.124 2359 11.466
1791642584.150 2362 11.544
1791642584.167 2364 11.435
1791642584.192 2367 11.375
1791642584.218 2370 11.432
1791642584.235 2372 11.423
1791642584.260 2375 11.374
1791642584.285 2378 11.408
1791642584.302 2380 11.351
1791642584.328 2383 11.295
1791642584.353 2386 11.310
1791642584.370 2388 11.301
1791642584.395 2391 11.291
1791642584.421 2394 11.658
1791642584.438 2396 11.324
1791642584.463 2399 11.327
1791642584.489 2402 11.335
1791642584.506 2404 11.282
1791642584.531 2407 11.436
1791642584.557 2410 11.404
1791642584.574 2412 11.339
1791642584.599 2415 11.377
1791642584.624 2418 11.379
1791642584.641 2420 11.201
1791642584.667 2423 11.421
1791642584.692 2426 11.356
1791642584.709 2428 11.251
1791642584.735 2431 11.303
1791642584.760 2434 11.311
1791642584.777 2436 11.369
1791642584.802 2439 11.294
1791642584.828 2442 11.341
1791642584.845 2444 11.387
1791642584.870 2447 11.317
1791642584.896 2450 11.327
1791642584.913 2452 11.624
1791642584.938 2455 11.410
1791642584.964 2458 11.309
1791642584.980 2460 11.323
1791642585.006 2463 11.458
1791642585.031 2466 11.288
1791642585.048 2468 11.387
1791642585.074 2471 11.313
1791642585.099 2474 11.443
1791642585.116 2476 11.414
1791642585.142 2479 11.490
1791642585.167 2482 11.393
1791642585.184 2484 11.339
1791642585.210 2487 11.481
1791642585.235 2490 11.540
1791642585.252 2492 11.371
1791642585.277 2495 11.441
1791642585.303 2498 11.394
1791642585.320 2500 11.263
1791642585.345 2503 11.320
1791642585.370 2506 11.325
1791642585.388 2508 11.435
1791642585.413 2511 11.409
1791642585.439 2514 11.679
1791642585.455 2516 11.510
1791642585.481 2519 11.497
1791642585.506 2522 11.523
1791642585.523 2524 11.388
1791642585.549 2527 11.345
1791642585.574 2530 11.411
1791642585.591 2532 11.370
1791642585.616 2535 11.407
1791642585.642 2538 11.381
1791642585.659 2540 11.301
1791642585.684 2543 11.401
1791642585.710 2546 11.340
1791642585.727 2548 11.278
1791642585.752 2551 11.309
1791642585.777 2554 11.372
1791642585.794 2556 11.309
1791642585.820 2559 11.674
1791642585.845 2562 11.460
1791642585.862 2564 11.273
1791642585.888 2567 11.290
1791642585.913 2570 11.412
1791642585.930 2572 11.347
1791642585.956 2575 11.547
1791642585.981 2578 11.471
1791642585.998 2580 11.500
1791642586.023 2583 11.350
1791642586.049 2586 11.457
1791642586.066 2588 11.375
1791642586.091 2591 11.521
1791642586.117 2594 11.381
1791642586.133 2596 11.264
1791642586.159 2599 11.381
1791642586.184 2602 11.312
1791642586.201 2604 11.353
1791642586.227 2607 11.320
1791642586.252 2610 11.387
1791642586.269 2612 11.276
1791642586.295 2615 11.461
1791642586.320 2618 11.392
1791642586.337 2620 11.368
1791642586.363 2623 11.436
1791642586.388 2626 11.525
1791642586.405 2628 11.474
1791642586.431 2631 11.641
1791642586.456 2634 11.484
1791642586.473 2636 11.397
1791642586.498 2639 11.297
1791642586.524 2642 11.351
1791642586.540 2644 11.352
1791642586.566 2647 11.412
1791642586.591 2650 11.487
1791642586.612 2652 14.570
1791642586.634 2655 11.252
1791642586.659 2658 11.436
1791642586.676 2660 11.462
1791642586.702 2663 11.483
1791642586.727 2666 11.409
1791642586.744 2668 11.507
1791642586.769 2671 11.401
1791642586.795 2674 11.433
1791642586.812 2676 11.294
1791642586.837 2679 11.364
1791642586.863 2682 11.491
1791642586.880 2684 11.346
1791642586.905 2687 11.298
1791642586.931 2690 11.448
1791642586.948 2692 11.622
1791642586.973 2695 11.595
1791642586.998 2698 11.376
1791642587.015 2700 11.349
1791642587.041 2703 11.477
1791642587.066 2706 11.408
1791642587.083 2708 11.358
1791642587.109 2711 11.388
1791642587.134 2714 11.320
1791642587.151 2716 11.517
1791642587.176 2719 11.502
1791642587.202 2722 11.406
1791642587.219 2724 11.368
1791642587.244 2727 11.408
1791642587.270 2730 11.354
1791642587.286 2732 11.289
1791642587.312 2735 11.361
1791642587.337 2738 11.355
1791642587.354 2740 11.375
1791642587.380 2743 11.278
1791642587.405 2746 11.396
1791642587.422 2748 11.418
1791642587.448 2751 11.698
1791642587.473 2754 11.344
1791642587.490 2756 11.307
1791642587.515 2759 11.385
1791642587.541 2762 11.451
1791642587.558 2764 11.437
1791642587.583 2767 11.227
1791642587.609 2770 11.346
1791642587.626 2772 11.295
1791642587.651 2775 11.305
1791642587.677 2778 11.434
1791642587.693 2780 11.276
1791642587.719 2783 11.415
1791642587.744 2786 11.337
1791642587.761 2788 11.378
1791642587.787 2791 11.446
1791642587.812 2794 11.409
1791642587.829 2796 11.310
1791642587.855 2799 11.515
1791642587.880 2802 11.318
1791642587.897 2804 11.355
1791642587.922 2807 11.330
1791642587.948 2810 11.390
1791642587.965 2812 11.411
1791642587.990 2815 11.527
1791642588.016 2818 11.439
1791642588.033 2820 11.305
1791642588.058 2823 11.398
1791642588.083 2826 11.292
1791642588.100 2828 11.306
1791642588.126 2831 11.303
1791642588.151 2834 11.456
1791642588.168 2836 11.402
1791642588.194 2839 11.310
1791642588.219 2842 11.417
1791642588.236 2844 11.296
1791642588.262 2847 11.553
1791642588.287 2850 11.358
1791642588.304 2852 11.403
1791642588.329 2855 11.365
1791642588.355 2858 11.322
1791642588.372 2860 11.241
1791642588.397 2863 11.228
1791642588.423 2866 11.342
1791642588.440 2868 11.402
1791642588.465 2871 11.436
1791642588.490 2874 11.353
1791642588.507 2876 11.283
1791642588.533 2879 11.266
1791642588.558 2882 11.246
1791642588.575 2884 11.334
1791642588.601 2887 11.444
1791642588.626 2890 11.354
1791642588.643 2892 11.418
1791642588.668 2895 11.397
1791642588.694 2898 11.330
1791642588.711 2900 11.358
1791642588.736 2903 11.325
1791642588.762 2906 11.545
1791642588.779 2908 11.422
1791642588.804 2911 11.349
1791642588.830 2914 11.352
1791642588.846 2916 11.323
1791642588.872 2919 11.318
1791642588.897 2922 11.211
1791642588.914 2924 11.445
1791642588.940 2927 11.279
1791642588.965 2930 11.334
1791642588.982 2932 11.554
1791642589.008 2935 11.393
1791642589.033 2938 11.312
1791642589.050 2940 11.354
1791642589.075 2943 11.361
1791642589.101 2946 11.225
1791642589.118 2948 11.320
1791642589.143 2951 11.423
1791642589.169 2954 11.381
1791642589.186 2956 11.316
1791642589.211 2959 11.346
1791642589.236 2962 11.208
1791642589.253 2964 11.370
1791642589.279 2967 11.335
1791642589.304 2970 11.276
1791642589.321 2972 11.229
1791642589.347 2975 11.273
1791642589.372 2978 11.290
1791642589.389 2980 11.254
1791642589.414 2983 11.332
1791642589.440 2986 11.594
1791642589.457 2988 11.408
1791642589.482 2991 11.403
1791642589.508 2994 11.667
1791642589.525 2996 11.338
1791642589.550 2999 11.401
1791642589.576 3002 11.345
1791642589.593 3004 11.325
1791642589.618 3007 11.309
1791642589.643 3010 11.355
1791642589.660 3012 11.314
1791642589.686 3015 11.315
1791642589.711 3018 11.361
1791642589.728 3020 11.259
1791642589.754 3023 11.471
1791642589.779 3026 11.397
1791642589.796 3028 11.314
1791642589.821 3031 11.301
1791642589.847 3034 11.354
1791642589.864 3036 11.312
1791642589.889 3039 11.273
1791642589.915 3042 11.344
1791642589.932 3044 11.318
1791642589.957 3047 11.458
1791642589.983 3050 11.399
1791642590.000 3052 11.384
1791642590.025 3055 11.564
1791642590.050 3058 11.384
1791642590.067 3060 11.272
1791642590.093 3063 11.350
1791642590.118 3066 11.476
1791642590.135 3068 11.438
1791642590.161 3071 11.499
1791642590.186 3074 11.325
1791642590.203 3076 11.249
1791642590.228 3079 11.301
1791642590.254 3082 11.443
1791642590.271 3084 11.158
1791642590.296 3087 11.322
1791642590.322 3090 11.272
1791642590.339 3092 11.277
1791642590.364 3095 11.293
1791642590.389 3098 11.274
1791642590.406 3100 11.366
1791642590.432 3103 11.276
1791642590.457 3106 11.405
1791642590.474 3108 11.508
1791642590.500 3111 11.559
1791642590.525 3114 11.581
1791642590.542 3116 11.546
1791642590.568 3119 11.693
1791642590.593 3122 11.485
1791642590.610 3124 11.359
1791642590.635 3127 11.231
1791642590.661 3130 11.398
1791642590.678 3132 11.382
1791642590.703 3135 11.332
1791642590.729 3138 11.386
1791642590.745 3140 11.272
1791642590.771 3143 11.363
1791642590.796 3146 11.308
1791642590.813 3148 11.315
1791642590.839 3151 11.348
1791642590.864 3154 11.369
1791642590.881 3156 11.405
1791642590.907 3159 11.460
1791642590.932 3162 11.457
1791642590.949 3164 11.351
1791642590.975 3167 11.532
1791642591.000 3170 11.420
1791642591.017 3172 11.489
1791642591.042 3175 11.236
1791642591.068 3178 11.339
1791642591.085 3180 11.419
1791642591.110 3183 11.378
1791642591.136 3186 11.518
1791642591.152 3188 11.326
1791642591.178 3191 11.444
1791642591.203 3194 11.271
1791642591.220 3196 11.459
1791642591.246 3199 11.469
1791642591.271 3202 11.431
1791642591.288 3204 11.304
1791642591.314 3207 11.539
1791642591.339 3210 11.490
1791642591.356 3212 11.347
1791642591.381 3215 11.402
1791642591.407 3218 11.328
1791642591.424 3220 11.264
1791642591.449 3223 11.416
1791642591.475 3226 11.464
1791642591.491 3228 11.212
1791642591.517 3231 11.394
1791642591.543 3234 11.599
1791642591.559 3236 11.319
1791642591.585 3239 11.380
1791642591.610 3242 11.347
1791642591.627 3244 11.304
1791642591.653 3247 11.571
1791642591.678 3250 11.422
1791642591.695 3252 11.589
1791642591.721 3255 11.361
1791642591.746 3258 11.296
1791642591.763 3260 11.290
1791642591.788 3263 11.251
1791642591.814 3266 11.284
1791642591.831 3268 11.407
1791642591.856 3271 11.312
1791642591.882 3274 11.372
1791642591.899 3276 11.315
1791642591.924 3279 11.388
1791642591.949 3282 11.259
1791642591.966 3284 11.264
1791642591.992 3287 11.261
1791642592.017 3290 11.402
1791642592.034 3292 11.442
1791642592.060 3295 11.679
1791642592.085 3298 11.369
1791642592.102 3300 11.319
1791642592.128 3303 11.631
1791642592.153 3306 11.448
1791642592.170 3308 11.368
1791642592.195 3311 11.496
1791642592.221 3314 11.509
1791642592.238 3316 11.421
1791642592.263 3319 11.323
1791642592.288 3322 11.295
1791642592.305 3324 11.290
1791642592.331 3327 11.282
1791642592.356 3330 11.427
1791642592.373 3332 11.312
1791642592.399 3335 11.313
1791642592.424 3338 11.310
1791642592.441 3340 11.326
1791642592.466 3343 11.270
1791642592.492 3346 11.320
1791642592.509 3348 11.299
1791642592.535 3351 11.780
1791642592.560 3354 11.622
1791642592.577 3356 11.369
1791642592.602 3359 11.281
1791642592.628 3362 11.415
1791642592.645 3364 11.349
1791642592.670 3367 11.346
1791642592.695 3370 11.335
1791642592.712 3372 11.337
1791642592.738 3375 11.433
1791642592.763 3378 11.313
1791642592.780 3380 11.325
1791642592.806 3383 11.369
1791642592.831 3386 11.426
1791642592.848 3388 11.289
1791642592.873 3391 11.289
1791642592.899 3394 11.432
1791642592.916 3396 11.242
1791642592.941 3399 11.212
1791642592.967 3402 11.378
1791642592.984 3404 11.397
1791642593.009 3407 11.271
1791642593.035 3410 11.396
1791642593.052 3412 11.373
1791642593.077 3415 11.514
1791642593.102 3418 11.328
1791642593.119 3420 11.365
1791642593.145 3423 11.442
1791642593.170 3426 11.395
1791642593.187 3428 11.298
1791642593.213 3431 11.277
1791642593.238 3434 11.238
1791642593.255 3436 11.201
1791642593.280 3439 11.312
1791642593.306 3442 11.362
1791642593.323 3444 11.234
1791642593.348 3447 11.487
1791642593.374 3450 11.397
1791642593.391 3452 11.291
1791642593.416 3455 11.512
1791642593.442 3458 11.495
1791642593.458 3460 11.347
1791642593.484 3463 11.279
1791642593.509 3466 11.314
1791642593.526 3468 11.464
1791642593.552 3471 11.352
1791642593.577 3474 11.534
1791642593.594 3476 11.245
1791642593.620 3479 11.342
1791642593.645 3482 11.250
1791642593.662 3484 11.492
1791642593.687 3487 11.444
1791642593.713 3490 11.481
1791642593.730 3492 11.477
1791642593.755 3495 11.365
1791642593.781 3498 11.493
1791642593.798 3500 11.520
1791642593.823 3503 11.233
1791642593.849 3506 11.419
1791642593.865 3508 11.368
1791642593.891 3511 11.521
1791642593.916 3514 11.338
1791642593.933 3516 11.293
1791642593.959 3519 11.489
1791642593.984 3522 11.320
1791642594.001 3524 11.271
1791642594.027 3527 11.535
1791642594.052 3530 11.349
1791642594.069 3532 11.599
1791642594.095 3535 11.526
1791642594.120 3538 11.408
1791642594.137 3540 11.355
1791642594.162 3543 11.397
1791642594.188 3546 11.302
1791642594.205 3548 11.366
1791642594.230 3551 11.252
1791642594.255 3554 11.238
1791642594.272 3556 11.262
1791642594.298 3559 11.389
1791642594.323 3562 11.299
1791642594.340 3564 11.251
1791642594.366 3567 11.445
1791642594.391 3570 11.357
1791642594.408 3572 11.346
1791642594.433 3575 11.250
1791642594.459 3578 11.307
1791642594.476 3580 11.495
1791642594.501 3583 11.426
1791642594.527 3586 11.489
1791642594.544 3588 11.520
1791642594.569 3591 11.574
1791642594.595 3594 11.344
1791642594.612 3596 11.438
1791642594.637 3599 11.496
1791642594.662 3602 11.313
1791642594.679 3604 11.190
1791642594.705 3607 11.363
1791642594.730 3610 11.372
1791642594.747 3612 11.314
1791642594.773 3615 11.528
1791642594.798 3618 11.349
1791642594.815 3620 11.345
1791642594.841 3623 11.466
1791642594.866 3626 11.490
1791642594.883 3628 11.340
1791642594.908 3631 11.492
1791642594.934 3634 11.424
1791642594.951 3636 11.423
1791642594.976 3639 11.453
1791642595.001 3642 11.329
1791642595.018 3644 11.343
1791642595.044 3647 11.597
1791642595.070 3650 11.660
1791642595.086 3652 11.335
1791642595.112 3655 11.327
1791642595.137 3658 11.478
1791642595.154 3660 11.388
1791642595.179 3663 11.331
1791642595.205 3666 11.339
1791642595.222 3668 11.400
1791642595.247 3671 11.349
1791642595.273 3674 11.327
1791642595.290 3676 11.351
1791642595.315 3679 11.316
1791642595.341 3682 11.431
1791642595.358 3684 11.346
1791642595.383 3687 11.386
1791642595.408 3690 11.385
1791642595.425 3692 11.179
1791642595.451 3695 11.630
1791642595.476 3698 11.443
1791642595.493 3700 11.364
1791642595.519 3703 11.410
1791642595.544 3706 11.583
1791642595.561 3708 11.366
1791642595.587 3711 11.412
1791642595.612 3714 11.404
1791642595.629 3716 11.186
1791642595.654 3719 11.446
1791642595.680 3722 11.309
1791642595.697 3724 11.293
1791642595.722 3727 11.372
1791642595.748 3730 11.347
1791642595.765 3732 11.385
1791642595.790 3735 11.373
1791642595.815 3738 11.368
1791642595.832 3740 11.255
1791642595.858 3743 11.408
1791642595.883 3746 11.242
1791642595.900 3748 11.301
1791642595.926 3751 11.461
1791642595.951 3754 11.439
1791642595.968 3756 11.311
1791642595.993 3759 11.283
1791642596.019 3762 11.354
1791642596.036 3764 11.362
1791642596.061 3767 11.374
1791642596.087 3770 11.387
1791642596.104 3772 11.683
1791642596.130 3775 11.693
1791642596.154 3778 11.364
1791642596.174 3780 13.905
1791642596.197 3783 11.492
1791642596.222 3786 11.332
1791642596.239 3788 11.242
1791642596.265 3791 11.411
1791642596.290 3794 11.278
1791642596.307 3796 11.282
1791642596.332 3799 11.287
1791642596.358 3802 11.416
1791642596.375 3804 11.350
1791642596.400 3807 11.450
1791642596.426 3810 11.427
1791642596.443 3812 11.364
1791642596.468 3815 11.514
1791642596.493 3818 11.235
1791642596.510 3820 11.257
1791642596.536 3823 11.441
1791642596.562 3826 11.589
1791642596.578 3828 11.255
1791642596.604 3831 11.636
1791642596.629 3834 11.391
1791642596.646 3836 11.287
1791642596.672 3839 11.480
1791642596.697 3842 11.304
1791642596.714 3844 11.412
1791642596.739 3847 11.320
1791642596.765 3850 11.325
1791642596.782 3852 11.524
1791642596.807 3855 11.323
1791642596.833 3858 11.437
1791642596.850 3860 11.281
1791642596.875 3863 11.412
1791642596.901 3866 11.349
1791642596.917 3868 11.286
1791642596.943 3871 11.240
1791642596.969 3874 11.491
1791642596.985 3876 11.285
1791642597.011 3879 11.465
1791642597.036 3882 11.334
1791642597.053 3884 11.312
1791642597.079 3887 11.393
1791642597.104 3890 11.689
1791642597.121 3892 11.400
1791642597.146 3895 11.413
1791642597.172 3898 11.340
1791642597.189 3900 11.405
1791642597.214 3903 11.318
1791642597.240 3906 11.323
1791642597.257 3908 11.450
1791642597.282 3911 11.341
1791642597.307 3914 11.300
1791642597.324 3916 11.291
1791642597.350 3919 11.320
1791642597.375 3922 11.336
1791642597.392 3924 11.353
1791642597.418 3927 11.412
1791642597.443 3930 11.272
1791642597.460 3932 11.293
1791642597.486 3935 11.347
1791642597.511 3938 11.434
1791642597.528 3940 11.485
1791642597.553 3943 11.327
1791642597.579 3946 11.365
1791642597.596 3948 11.668
1791642597.621 3951 11.490
1791642597.647 3954 11.287
1791642597.664 3956 11.362
1791642597.689 3959 11.455
1791642597.714 3962 11.427
1791642597.731 3964 11.315
1791642597.757 3967 11.330
1791642597.782 3970 11.393
1791642597.799 3972 11.299
1791642597.825 3975 11.354
1791642597.850 3978 11.339
1791642597.867 3980 11.289
1791642597.893 3983 11.405
1791642597.918 3986 11.525
1791642597.935 3988 11.344
1791642597.960 3991 11.436
1791642597.986 3994 11.378
1791642598.003 3996 11.294
1791642598.028 3999 11.357
1791642598.054 4002 11.430
1791642598.070 4004 11.289
1791642598.096 4007 11.804
1791642598.122 4010 11.526
1791642598.138 4012 11.376
1791642598.164 4015 11.396
1791642598.189 4018 11.376
1791642598.206 4020 11.425
1791642598.232 4023 11.444
1791642598.257 4026 11.472
1791642598.274 4028 11.455
1791642598.300 4031 11.505
1791642598.325 4034 11.422
1791642598.342 4036 11.406
1791642598.367 4039 11.358
1791642598.393 4042 11.322
1791642598.410 4044 11.350
1791642598.435 4047 11.202
1791642598.461 4050 11.481
1791642598.477 4052 11.331
1791642598.503 4055 11.414
1791642598.528 4058 11.513
1791642598.545 4060 11.421
1791642598.571 4063 11.506
1791642598.596 4066 11.427
1791642598.613 4068 11.341
1791642598.639 4071 11.633
1791642598.664 4074 11.449
1791642598.681 4076 11.338
1791642598.706 4079 11.204
1791642598.732 4082 11.367
1791642598.749 4084 11.324
1791642598.774 4087 11.475
1791642598.800 4090 11.525
1791642598.817 4092 11.393
1791642598.842 4095 11.375
1791642598.867 4098 11.340
1791642598.884 4100 11.371
1791642598.910 4103 11.515
1791642598.935 4106 11.349
1791642598.952 4108 11.268
1791642598.978 4111 11.387
1791642599.003 4114 11.286
1791642599.020 4116 11.346
1791642599.045 4119 11.239
1791642599.071 4122 11.285
1791642599.088 4124 11.403
1791642599.113 4127 11.366
1791642599.139 4130 11.709
1791642599.156 4132 11.412
1791642599.181 4135 11.303
1791642599.207 4138 11.398
1791642599.224 4140 11.413
1791642599.249 4143 11.379
1791642599.274 4146 11.291
1791642599.292 4148 11.572
1791642599.317 4151 11.373
1791642599.342 4154 11.355
1791642599.359 4156 11.353
1791642599.385 4159 11.342
1791642599.410 4162 11.356
1791642599.427 4164 11.401
1791642599.453 4167 11.506
1791642599.478 4170 11.471
1791642599.495 4172 11.307
1791642599.520 4175 11.412
1791642599.546 4178 11.474
1791642599.563 4180 11.269
1791642599.688 4183 111.788
1791642599.694 4191 49.881
1791642599.699 4186 97.287
1791642599.704 4194 34.469
1791642599.709 4188 90.350
1791642599.715 4196 28.496
1791642599.724 4199 11.347
1791642599.749 4202 11.330
1791642599.766 4204 11.227
1791642599.791 4207 11.306
1791642599.817 4210 11.369
1791642599.834 4212 11.358
1791642599.859 4215 11.329
1791642599.885 4218 11.248
1791642599.902 4220 11.311
1791642599.927 4223 11.288
1791642599.953 4226 11.266
1791642599.969 4228 11.260
1791642599.995 4231 11.314
1791642600.021 4234 11.848
1791642600.038 4236 11.738
1791642600.063 4239 11.571
1791642600.088 4242 11.350
1791642600.105 4244 11.383
1791642600.131 4247 11.436
1791642600.156 4250 11.542
1791642600.173 4252 11.474
1791642600.199 4255 11.651
1791642600.224 4258 11.588
1791642600.241 4260 11.536
1791642600.266 4263 11.412
1791642600.292 4266 11.593
1791642600.309 4268 11.294
1791642600.334 4271 11.470
1791642600.360 4274 11.615
1791642600.377 4276 11.656
1791642600.402 4279 11.473
1791642600.427 4282 11.338
1791642600.445 4284 11.651
1791642600.470 4287 11.540
1791642600.495 4290 11.395
1791642600.512 4292 11.441
1791642600.538 4295 11.481
1791642600.563 4298 11.390
1791642600.580 4300 11.482
1791642600.606 4303 11.491
1791642600.631 4306 11.497
1791642600.648 4308 11.508
1791642600.674 4311 11.681
1791642600.699 4314 11.622
1791642600.716 4316 11.574
1791642600.741 4319 11.553
1791642600.767 4322 11.591
1791642600.784 4324 11.501
1791642600.809 4327 11.679
1791642600.835 4330 11.651
1791642600.851 4332 11.575
1791642600.877 4335 11.597
1791642600.902 4338 11.396
1791642600.919 4340 11.410
1791642600.945 4343 11.626
1791642600.970 4346 11.488
1791642600.987 4348 11.507
1791642601.013 4351 11.535
1791642601.038 4354 11.418
1791642601.055 4356 11.403
1791642601.080 4359 11.450
1791642601.106 4362 11.337
1791642601.123 4364 11.334
1791642601.148 4367 11.543
1791642601.174 4370 11.535
1791642601.190 4372 11.421
1791642601.216 4375 11.495
1791642601.241 4378 11.359
1791642601.258 4380 11.335
1791642601.284 4383 11.466
1791642601.309 4386 11.428
1791642601.326 4388 11.518
1791642601.352 4391 11.421
1791642601.377 4394 11.866
1791642601.394 4396 11.442
1791642601.419 4399 11.422
1791642601.445 4402 11.401
1791642601.462 4404 11.520
1791642601.487 4407 11.387
1791642601.513 4410 11.394
1791642601.530 4412 11.441
1791642601.555 4415 11.538
1791642601.580 4418 11.458
1791642601.597 4420 11.450
1791642601.623 4423 11.498
1791642601.648 4426 11.494
1791642601.665 4428 11.444
1791642601.691 4431 11.604
1791642601.716 4434 11.523
1791642601.733 4436 11.480
1791642601.759 4439 11.500
1791642601.784 4442 11.416
1791642601.801 4444 11.358
1791642601.826 4447 11.378
1791642601.852 4450 11.412
1791642601.869 4452 11.317
1791642601.894 4455 11.506
1791642601.920 4458 11.472
1791642601.937 4460 11.574
1791642601.962 4463 11.574
1791642601.987 4466 11.464
1791642602.005 4468 11.594
1791642602.030 4471 11.560
1791642602.055 4474 11.618
1791642602.072 4476 11.522
1791642602.098 4479 11.636
1791642602.123 4482 11.533
1791642602.140 4484 11.473
1791642602.165 4487 11.457
1791642602.191 4490 11.740
1791642602.208 4492 11.574
1791642602.234 4495 11.739
1791642602.259 4498 11.593
1791642602.276 4500 11.424
1791642602.301 4503 11.522
1791642602.327 4506 11.470
1791642602.343 4508 11.383
1791642602.369 4511 11.596
1791642602.394 4514 11.567
1791642602.411 4516 11.619
1791642602.437 4519 11.636
1791642602.462 4522 11.542
1791642602.479 4524 11.546
1791642602.505 4527 11.617
1791642602.530 4530 11.603
1791642602.547 4532 11.403
1791642602.573 4535 11.611
1791642602.598 4538 11.597
1791642602.615 4540 11.599
1791642602.640 4543 11.451
1791642602.666 4546 11.584
1791642602.683 4548 11.525
1791642602.708 4551 11.599
1791642602.733 4554 11.479
1791642602.750 4556 11.298
1791642602.776 4559 11.461
1791642602.801 4562 11.393
1791642602.818 4564 11.482
1791642602.844 4567 11.365
1791642602.869 4570 11.461
1791642602.886 4572 11.473
1791642602.912 4575 11.507
1791642602.937 4578 11.646
1791642602.954 4580 11.444
1791642602.979 4583 11.488
1791642603.005 4586 11.465
1791642603.022 4588 11.384
1791642603.047 4591 11.325
1791642603.073 4594 11.357
1791642603.089 4596 11.347
1791642603.115 4599 11.445
1791642603.140 4602 11.525
1791642603.158 4604 11.621
1791642603.183 4607 11.531
1791642603.208 4610 11.540
1791642603.225 4612 11.570
1791642603.251 4615 11.737
1791642603.276 4618 11.589
1791642603.293 4620 11.330
1791642603.318 4623 11.469
1791642603.344 4626 11.538
1791642603.361 4628 11.499
1791642603.386 4631 11.543
1791642603.412 4634 11.543
1791642603.429 4636 11.405
1791642603.454 4639 11.455
1791642603.480 4642 11.629
1791642603.497 4644 11.540
1791642603.522 4647 11.570
1791642603.547 4650 11.451
1791642603.565 4652 11.656
1791642603.590 4655 11.637
1791642603.615 4658 11.624
1791642603.632 4660 11.578
1791642603.658 4663 11.589
1791642603.683 4666 11.580
1791642603.700 4668 11.793
1791642603.726 4671 11.625
1791642603.751 4674 11.586
1791642603.768 4676 11.563
1791642603.793 4679 11.462
1791642603.819 4682 11.622
1791642603.836 4684 11.563
1791642603.861 4687 11.521
1791642603.887 4690 11.573
1791642603.904 4692 11.748
1791642603.929 4695 11.589
1791642603.954 4698 11.520
1791642603.971 4700 11.363
1791642603.997 4703 11.761
1791642604.022 4706 11.484
1791642604.039 4708 11.561
1791642604.065 4711 11.460
1791642604.090 4714 11.613
1791642604.107 4716 11.583
1791642604.132 4719 11.474
1791642604.158 4722 11.593
1791642604.175 4724 11.549
1791642604.200 4727 11.680
1791642604.226 4730 11.583
1791642604.243 4732 11.489
1791642604.268 4735 11.557
1791642604.293 4738 11.532
1791642604.311 4740 11.578
1791642604.336 4743 11.545
1791642604.361 4746 11.580
1791642604.378 4748 11.613
1791642604.404 4751 11.721
1791642604.429 4754 11.679
1791642604.446 4756 11.558
1791642604.472 4759 12.465
1791642604.497 4762 11.579
1791642604.514 4764 11.472
1791642604.539 4767 11.359
1791642604.565 4770 11.503
1791642604.582 4772 11.496
1791642604.607 4775 11.501
1791642604.633 4778 11.509
1791642604.649 4780 11.390
1791642604.675 4783 11.438
1791642604.700 4786 11.463
1791642604.717 4788 11.467
1791642604.743 4791 11.472
1791642604.768 4794 11.547
1791642604.785 4796 11.527
1791642604.811 4799 11.629
1791642604.836 4802 11.506
1791642604.853 4804 11.374
1791642604.878 4807 11.502
1791642604.904 4810 11.491
1791642604.921 4812 11.521
1791642604.946 4815 11.415
1791642604.972 4818 11.421
1791642604.989 4820 11.496
1791642605.014 4823 11.471
1791642605.039 4826 11.399
1791642605.057 4828 11.542
1791642605.082 4831 11.498
1791642605.107 4834 11.389
1791642605.124 4836 11.530
1791642605.150 4839 11.348
1791642605.175 4842 11.463
1791642605.192 4844 11.388
1791642605.218 4847 11.608
1791642605.243 4850 11.441
1791642605.260 4852 11.476
1791642605.285 4855 11.361
1791642605.311 4858 11.602
1791642605.328 4860 11.534
1791642605.353 4863 11.442
1791642605.379 4866 11.596
1791642605.396 4868 11.397
1791642605.421 4871 11.410
1791642605.446 4874 11.410
1791642605.463 4876 11.404
1791642605.489 4879 11.490
1791642605.514 4882 11.557
1791642605.531 4884 11.403
1791642605.557 4887 11.363
1791642605.582 4890 11.300
1791642605.599 4892 11.578
1791642605.624 4895 11.490
1791642605.650 4898 11.468
1791642605.667 4900 11.453
1791642605.692 4903 11.530
1791642605.718 4906 11.549
1791642605.735 4908 11.682
1791642605.760 4911 11.462
1791642605.786 4914 11.640
1791642605.802 4916 11.380
1791642605.828 4919 11.501
1791642605.853 4922 11.320
1791642605.870 4924 11.369
1791642605.896 4927 11.410
1791642605.921 4930 11.420
1791642605.938 4932 11.511
1791642605.964 4935 11.389
1791642605.989 4938 11.459
1791642606.006 4940 11.475
1791642606.031 4943 11.416
1791642606.057 4946 11.788
1791642606.074 4948 11.624
1791642606.099 4951 11.482
1791642606.125 4954 11.502
1791642606.142 4956 11.352
1791642606.167 4959 11.398
1791642606.192 4962 11.462
1791642606.209 4964 11.298
1791642606.235 4967 11.648
1791642606.260 4970 11.583
1791642606.277 4972 11.494
1791642606.303 4975 11.556
1791642606.328 4978 11.546
1791642606.345 4980 11.476
1791642606.371 4983 11.549
1791642606.396 4986 11.507
1791642606.413 4988 11.310
1791642606.438 4991 11.442
1791642606.464 4994 11.546
1791642606.481 4996 11.539
1791642606.506 4999 11.596
1791642606.532 5002 11.625
1791642606.548 5004 11.361
1791642606.574 5007 11.641
1791642606.599 5010 11.486
1791642606.616 5012 11.449
1791642606.642 5015 11.486
1791642606.667 5018 11.479
1791642606.684 5020 11.443
1791642606.710 5023 11.503
1791642606.735 5026 11.495
1791642606.752 5028 11.562
1791642606.777 5031 11.485
1791642606.803 5034 11.563
1791642606.820 5036 11.644
1791642606.845 5039 11.572
1791642606.871 5042 11.566
1791642606.888 5044 11.561
1791642606.913 5047 11.504
1791642606.939 5050 11.499
1791642606.956 5052 11.540
1791642606.981 5055 11.473
1791642607.006 5058 11.544
1791642607.023 5060 11.442
1791642607.049 5063 11.630
1791642607.074 5066 11.499
1791642607.091 5068 11.492
1791642607.117 5071 11.429
1791642607.142 5074 11.462
1791642607.159 5076 11.475
1791642607.184 5079 11.456
1791642607.210 5082 11.523
1791642607.227 5084 11.414
1791642607.252 5087 11.453
1791642607.278 5090 11.516
1791642607.295 5092 11.410
1791642607.320 5095 11.487
1791642607.346 5098 11.539
1791642607.362 5100 11.463
1791642607.388 5103 11.450
1791642607.413 5106 11.541
1791642607.430 5108 11.492
1791642607.456 5111 11.511
1791642607.481 5114 11.514
1791642607.498 5116 11.730
1791642607.524 5119 11.527
1791642607.549 5122 11.642
1791642607.566 5124 11.703
1791642607.592 5127 11.665
1791642607.617 5130 11.612
1791642607.634 5132 11.580
1791642607.659 5135 11.548
1791642607.685 5138 11.560
1791642607.702 5140 11.508
1791642607.727 5143 11.608
1791642607.753 5146 11.628
1791642607.769 5148 11.544
1791642607.795 5151 11.576
1791642607.820 5154 11.437
1791642607.837 5156 11.388
1791642607.863 5159 11.483
1791642607.888 5162 11.497
1791642607.905 5164 11.444
1791642607.930 5167 11.380
1791642607.956 5170 11.577
1791642607.973 5172 11.560
1791642607.999 5175 11.718
1791642608.024 5178 11.492
1791642608.041 5180 11.493
1791642608.066 5183 11.437
1791642608.092 5186 11.420
1791642608.108 5188 11.361
1791642608.134 5191 11.429
1791642608.159 5194 11.460
1791642608.176 5196 11.300
1791642608.202 5199 11.398
1791642608.227 5202 11.317
1791642608.244 5204 11.409
1791642608.270 5207 11.542
1791642608.295 5210 11.547
1791642608.312 5212 11.476
1791642608.338 5215 11.570
1791642608.363 5218 11.411
1791642608.380 5220 11.488
1791642608.405 5223 11.266
1791642608.431 5226 11.518
1791642608.448 5228 11.362
1791642608.473 5231 11.297
1791642608.499 5234 11.574
1791642608.515 5236 11.471
1791642608.541 5239 11.301
1791642608.566 5242 11.451
1791642608.583 5244 11.376
1791642608.609 5247 11.429
1791642608.634 5250 11.304
1791642608.651 5252 11.286
1791642608.676 5255 11.270
1791642608.702 5258 11.361
1791642608.719 5260 11.341
1791642608.744 5263 11.322
1791642608.770 5266 11.436
1791642608.787 5268 11.587
1791642608.812 5271 11.476
1791642608.838 5274 11.435
1791642608.854 5276 11.360
1791642608.880 5279 11.359
1791642608.905 5282 11.269
1791642608.922 5284 11.278
1791642608.948 5287 11.340
1791642608.973 5290 11.375
1791642608.990 5292 11.353
1791642609.016 5295 11.370
1791642609.041 5298 11.296
1791642609.058 5300 11.298
1791642609.083 5303 11.388
1791642609.109 5306 11.400
1791642609.126 5308 11.378
1791642609.138 5311 6.612
1791642609.155 5314 6.666
1791642609.173 5316 13.283
1791642609.188 5319 11.795
1791642609.205 5322 11.544
1791642609.211 5324 6.512
1791642609.228 5327 6.485
1791642609.245 5330 6.350
1791642609.262 5332 11.831
1791642609.279 5335 11.593
1791642609.296 5338 11.671
1791642609.303 5340 7.576
1791642609.319 5343 6.560
1791642609.336 5346 6.498
1791642609.352 5348 11.755
1791642609.369 5351 11.447
1791642609.386 5354 11.250
1791642609.392 5356 6.372
1791642609.415 5359 11.780
1791642609.432 5362 12.097
1791642609.442 5364 11.262
1791642609.455 5367 6.540
1791642609.472 5370 6.570
1791642609.488 5372 11.867
1791642609.505 5375 12.213
1791642609.522 5378 11.562
1791642609.528 5380 6.495
1791642609.545 5383 6.476
1791642609.562 5386 6.906
1791642609.579 5388 12.214
1791642609.596 5391 11.879
1791642609.613 5394 12.412
1791642609.623 5396 11.300
1791642609.640 5399 11.220
1791642609.652 5402 6.361
1791642609.669 5404 11.548
1791642609.686 5407 11.472
1791642609.703 5410 11.586
1791642609.709 5412 6.535
1791642609.726 5415 6.528
1791642609.748 5418 11.923
1791642609.759 5420 11.319
1791642609.771 5423 6.615
1791642609.788 5426 6.705
1791642609.805 5428 12.036
1791642609.822 5431 12.168
1791642609.839 5434 12.081
1791642609.849 5436 11.338
1791642609.861 5439 6.367
1791642609.884 5442 11.643
1791642609.894 5444 11.189
1791642609.907 5447 6.468
1791642609.924 5450 6.716
1791642609.941 5452 12.222
1791642609.958 5455 12.264
1791642609.975 5458 12.282
1791642609.985 5460 11.523
1791642610.002 5463 11.799
1791642610.019 5466 11.743
1791642610.025 5468 6.547
1791642610.042 5471 6.658
1791642610.060 5474 6.853
1791642610.077 5476 12.277
1791642610.093 5479 12.048
1791642610.110 5482 12.024
1791642610.121 5484 11.659
1791642610.138 5487 11.813
1791642610.155 5490 11.621
1791642610.161 5492 6.685
1791642610.178 5495 6.761
1791642610.195 5498 6.757
1791642610.212 5500 12.179
1791642610.229 5503 12.349
1791642610.246 5506 12.247
1791642610.256 5508 11.498
1791642610.273 5511 11.589
1791642610.290 5514 11.612
1791642610.297 5516 6.905
1791642610.320 5519 12.124
1791642610.336 5522 11.789
1791642610.347 5524 11.762
1791642610.364 5527 11.549
1791642610.381 5530 11.775
1791642610.387 5532 6.830
1791642610.404 5535 6.716
1791642610.427 5538 11.664
1791642610.437 5540 11.358
1791642610.454 5543 11.468
1791642610.466 5546 6.590
1791642610.483 5548 12.354
1791642610.500 5551 12.265
1791642610.517 5554 12.012
1791642610.528 5556 11.362
1791642610.545 5559 11.544
1791642610.562 5562 11.668
1791642610.568 5564 6.625
1791642610.585 5567 6.727
1791642610.602 5570 6.715
1791642610.619 5572 12.068
1791642610.637 5575 13.411
1791642610.653 5578 12.406
1791642610.663 5580 11.453
1791642610.680 5583 11.619
1791642610.698 5586 11.980
1791642610.704 5588 6.854
1791642610.721 5591 6.540
1791642610.743 5594 11.771
1791642610.754 5596 11.527
1791642610.771 5599 11.738
1791642610.788 5602 11.723
1791642610.794 5604 6.660
1791642610.817 5607 11.938
1791642610.834 5610 11.879
1791642610.844 5612 11.561
1791642610.861 5615 11.794
1791642610.878 5618 11.484
1791642610.885 5620 6.593
1791642610.902 5623 7.163
1791642610.918 5626 6.607
1791642610.935 5628 11.952
1791642610.953 5631 12.291
1791642610.969 5634 11.944
1791642610.981 5636 12.312
1791642610.998 5639 12.221
1791642611.015 5642 12.144
1791642611.025 5644 11.588
1791642611.042 5647 11.743
1791642611.060 5650 12.069
1791642611.066 5652 6.863
1791642611.082 5655 6.668
1791642611.099 5658 6.561
1791642611.117 5660 12.984
1791642611.133 5663 12.091
1791642611.150 5666 11.871
1791642611.156 5668 6.654
1791642611.173 5671 6.707
1791642611.190 5674 6.946
1791642611.207 5676 12.249
1791642611.224 5679 12.181
1791642611.241 5682 12.105
1791642611.251 5684 11.534
1791642611.268 5687 11.677
1791642611.286 5690 12.185
1791642611.292 5692 6.726
1791642611.309 5695 6.657
1791642611.326 5698 6.932
1791642611.343 5700 12.286
1791642611.360 5703 12.350
1791642611.376 5706 11.852
1791642611.382 5708 6.520
1791642611.399 5711 6.696
1791642611.416 5714 6.704
1791642611.432 5716 11.620
1791642611.449 5719 11.829
1791642611.466 5722 11.742
1791642611.472 5724 6.689
1791642611.492 5727 9.538
1791642611.506 5730 6.624
1791642611.524 5732 12.568
1791642611.541 5735 12.440
1791642611.557 5738 12.127
1791642611.568 5740 11.423
1791642611.585 5743 11.995
1791642611.602 5746 11.645
1791642611.609 5748 7.687
1791642611.625 5751 6.769
1791642611.648 5754 11.742
1791642611.658 5756 11.523
1791642611.675 5759 11.562
1791642611.692 5762 11.830
1791642611.698 5764 6.611
1791642611.721 5767 11.731
1791642611.738 5770 12.164
1791642611.749 5772 11.762
1791642611.766 5775 11.514
1791642611.783 5778 11.603
1791642611.789 5780 6.735
1791642611.806 5783 6.605
1791642611.823 5786 6.735
1791642611.840 5788 12.242
1791642611.857 5791 12.209
1791642611.874 5794 12.174
1791642611.884 5796 11.712
1791642611.901 5799 11.811
1791642611.918 5802 11.542
1791642611.924 5804 6.504
1791642611.942 5807 6.687
1791642611.958 5810 6.590
1791642611.975 5812 12.059
1791642611.992 5815 11.491
1791642612.009 5818 11.473
1791642612.021 5820 11.607
1791642612.037 5823 11.693
1791642612.054 5826 11.567
1791642612.060 5828 6.704
1791642612.077 5831 6.826
1791642612.094 5834 6.570
1791642612.112 5836 12.459
1791642612.128 5839 12.192
1791642612.145 5842 12.181
1791642612.155 5844 11.499
1791642612.173 5847 11.673
1791642612.190 5850 11.904
1791642612.196 5852 6.630
1791642612.213 5855 6.688
1791642612.236 5858 12.154
1791642612.246 5860 11.537
1791642612.263 5863 11.675
1791642612.280 5866 11.477
1791642612.292 5868 11.902
1791642612.309 5871 12.314
1791642612.326 5874 12.168
1791642612.336 5876 11.428
1791642612.353 5879 11.636
1791642612.370 5882 11.732
1791642612.377 5884 6.492
1791642612.394 5887 7.009
1791642612.411 5890 6.759
1791642612.428 5892 12.391
1791642612.444 5895 11.582
1791642612.462 5898 12.148
1791642612.472 5900 11.522
1791642612.489 5903 11.705
1791642612.506 5906 11.803
1791642612.513 5908 6.808
1791642612.529 5911 6.734
1791642612.546 5914 6.624
1791642612.563 5916 11.667
1791642612.579 5919 11.406
1791642612.597 5922 11.662
1791642612.603 5924 6.782
1791642612.620 5927 6.883
1791642612.637 5930 6.811
1791642612.654 5932 12.052
1791642612.671 5935 12.255
1791642612.687 5938 12.001
1791642612.698 5940 11.483
1791642612.715 5943 11.725
1791642612.732 5946 11.449
1791642612.738 5948 6.372
1791642612.755 5951 6.592
1791642612.772 5954 6.631
1791642612.791 5956 13.983
1791642612.806 5959 12.100
1791642612.823 5962 11.950
1791642612.834 5964 11.542
1791642612.851 5967 11.782
1791642612.868 5970 11.457
1791642612.874 5972 6.816
1791642612.891 5975 6.786
1791642612.908 5978 6.781
1791642612.925 5980 12.189
1791642612.942 5983 11.975
1791642612.959 5986 12.280
1791642612.970 5988 11.644
1791642612.986 5991 11.560
1791642613.004 5994 11.824
1791642613.010 5996 6.596
1791642613.027 5999 6.735
1791642613.050 6002 11.922
1791642613.060 6004 11.610
1791642613.077 6007 11.598
1791642613.094 6010 11.556
1791642613.100 6012 6.669
1791642613.123 6015 12.023
1791642613.140 6018 12.156
1791642613.150 6020 11.591
1791642613.167 6023 11.661
1791642613.184 6026 11.463
1791642613.191 6028 6.699
1791642613.207 6031 6.534
1791642613.225 6034 6.731
1791642613.241 6036 12.026
1791642613.258 6039 12.061
1791642613.275 6042 11.600
1791642613.281 6044 6.621
1791642613.298 6047 6.858
1791642613.315 6050 6.767
1791642613.332 6052 12.094
1791642613.349 6055 12.090
1791642613.366 6058 12.392
1791642613.376 6060 11.278
1791642613.393 6063 11.285
1791642613.405 6066 6.614
1791642613.422 6068 12.237
1791642613.439 6071 11.663
1791642613.456 6074 11.891
1791642613.462 6076 6.546
1791642613.479 6079 6.574
1791642613.502 6082 11.914
1791642613.512 6084 11.355
1791642613.525 6087 7.645
1791642613.547 6090 11.730
1791642613.557 6092 11.621
1791642613.574 6095 11.524
1791642613.591 6098 11.406
1791642613.597 6100 6.490
1791642613.615 6103 6.833
1791642613.631 6106 6.479
1791642613.648 6108 12.152
1791642613.665 6111 11.943
1791642613.682 6114 11.747
1791642613.690 6116 8.730
1791642613.710 6119 11.702
1791642613.727 6122 11.857
1791642613.738 6124 11.497
1791642613.755 6127 11.586
1791642613.772 6130 11.522
1791642613.778 6132 6.399
1791642613.801 6135 11.718
1791642613.818 6138 12.311
1791642613.828 6140 11.274
1791642613.840 6143 6.540
1791642613.857 6146 6.527
1791642613.874 6148 11.599
1791642613.891 6151 11.513
1791642613.908 6154 11.752
1791642613.914 6156 6.965
1791642613.931 6159 6.654
1791642613.948 6162 7.012
1791642613.965 6164 11.967
1791642613.982 6167 12.062
1791642613.999 6170 12.124
1791642614.009 6172 11.362
1791642614.026 6175 11.394
1791642614.038 6178 6.407
1791642614.055 6180 12.118
1791642614.072 6183 11.910
1791642614.089 6186 11.883
1791642614.100 6188 11.413
1791642614.117 6191 11.450
1791642614.129 6194 6.415
1791642614.146 6196 12.092
1791642614.163 6199 12.015
1791642614.180 6202 12.053
1791642614.190 6204 11.573
1791642614.207 6207 11.393
1791642614.219 6210 6.730
1791642614.236 6212 11.981
1791642614.253 6215 12.218
1791642614.270 6218 11.954
1791642614.280 6220 11.399
1791642614.298 6223 11.690
1791642614.315 6226 11.484
1791642614.321 6228 6.521
1791642614.338 6231 6.616
1791642614.360 6234 11.540
1791642614.371 6236 11.454
1791642614.383 6239 6.518
1791642614.400 6242 6.440
1791642614.417 6244 12.132
1791642614.434 6247 12.031
1791642614.451 6250 12.336
1791642614.461 6252 11.461
1791642614.478 6255 11.431
1791642614.495 6258 11.449
1791642614.502 6260 6.774
1791642614.524 6263 11.761
1791642614.541 6266 11.535
1791642614.547 6268 6.464
1791642614.564 6271 6.555
1791642614.586 6274 11.549
1791642614.597 6276 11.466
1791642614.614 6279 11.363
1791642614.631 6282 11.514
1791642614.637 6284 6.561
1791642614.660 6287 11.678
1791642614.677 6290 12.046
1791642614.688 6292 11.445
1791642614.705 6295 11.545
1791642614.721 6298 11.518
1791642614.728 6300 6.688
1791642614.745 6303 6.506
1791642614.762 6306 6.522
1791642614.779 6308 12.156
1791642614.795 6311 11.648
1791642614.812 6314 11.806
1791642614.818 6316 6.707
1791642614.841 6319 12.086
1791642614.858 6322 12.074
1791642614.868 6324 11.325
1791642614.881 6327 6.792
1791642614.898 6330 6.685
1791642614.914 6332 11.672
1791642614.931 6335 11.675
1791642614.948 6338 11.952
1791642614.954 6340 6.820
1791642614.971 6343 6.720
1791642614.988 6346 6.565
1791642615.004 6348 11.875
1791642615.021 6351 11.523
1791642615.038 6354 11.411
1791642615.050 6356 11.536
1791642615.067 6359 12.171
1791642615.084 6362 12.061
1791642615.095 6364 11.514
1791642615.112 6367 11.689
1791642615.128 6370 11.474
1791642615.135 6372 6.626
1791642615.157 6375 11.579
1791642615.174 6378 11.943
1791642615.185 6380 11.450
1791642615.202 6383 11.671
1791642615.219 6386 11.651
1791642615.226 6388 7.364
1791642615.242 6391 6.522
1791642615.259 6394 6.470
1791642615.276 6396 12.149
1791642615.293 6399 12.115
1791642615.310 6402 12.417
1791642615.321 6404 11.556
1791642615.338 6407 11.706
1791642615.354 6410 11.388
1791642615.361 6412 6.550
1791642615.378 6415 6.980
1791642615.401 6418 11.799
1791642615.411 6420 11.403
1791642615.428 6423 11.545
1791642615.445 6426 11.718
1791642615.451 6428 6.529
1791642615.469 6431 7.474
1791642615.485 6434 6.662
1791642615.502 6436 12.105
1791642615.519 6439 11.914
1791642615.536 6442 11.783
1791642615.542 6444 6.416
1791642615.559 6447 6.848
1791642615.576 6450 6.462
1791642615.592 6452 11.524
1791642615.609 6455 11.631
1791642615.626 6458 11.461
1791642615.633 6460 7.409
1791642615.655 6463 11.815
1791642615.671 6466 11.670
1791642615.678 6468 7.127
1791642615.695 6471 6.829
1791642615.717 6474 11.808
1791642615.727 6476 11.316
1791642615.739 6479 6.414
1791642615.756 6482 6.490
1791642615.773 6484 11.556
1791642615.790 6487 11.342
1791642615.802 6490 6.463
1791642615.820 6492 13.355
1791642615.835 6495 11.663
1791642615.852 6498 11.487
1791642615.858 6500 6.415
1791642615.875 6503 6.439
1791642615.892 6506 6.399
1791642615.909 6508 11.701
1791642615.925 6511 11.273
1791642615.937 6514 6.446
1791642615.954 6516 11.629
1791642615.971 6519 11.931
1791642615.987 6522 11.419
1791642615.994 6524 6.613
1791642616.016 6527 11.598
1791642616.033 6530 11.582
1791642616.039 6532 6.551
1791642616.056 6535 6.431
1791642616.073 6538 6.523
1791642616.090 6540 11.708
1791642616.106 6543 11.442
1791642616.123 6546 11.478
1791642616.129 6548 6.429
1791642616.146 6551 6.498
1791642616.163 6554 6.451
1791642616.180 6556 11.863
1791642616.197 6559 11.563
1791642616.214 6562 11.504
1791642616.220 6564 6.330
1791642616.237 6567 6.621
1791642616.254 6570 6.606
1791642616.270 6572 11.534
1791642616.287 6575 11.366
1791642616.299 6578 6.353
1791642616.317 6580 13.199
1791642616.332 6583 11.581
1791642616.349 6586 11.221
1791642616.361 6588 11.622
1791642616.378 6591 11.492
1791642616.394 6594 11.189
1791642616.406 6596 11.656
1791642616.423 6599 11.835
1791642616.440 6602 11.823
1791642616.451 6604 11.405
1791642616.468 6607 11.557
1791642616.485 6610 11.867
1791642616.491 6612 6.553
1791642616.516 6615 13.097
1791642616.530 6618 11.613
1791642616.536 6620 6.524
1791642616.553 6623 6.487
1791642616.570 6626 6.645
1791642616.587 6628 11.520
1791642616.603 6631 11.380
1791642616.616 6634 6.578
1791642616.632 6636 11.552
1791642616.649 6639 11.471
1791642616.666 6642 11.325
1791642616.678 6644 11.811
1791642616.694 6647 11.688
1791642616.711 6650 11.307
1791642616.723 6652 11.627
1791642616.739 6655 11.587
1791642616.756 6658 11.362
1791642616.762 6660 6.425
1791642616.779 6663 6.505
1791642616.796 6666 6.532
1791642616.814 6668 12.744
1791642616.830 6671 11.503
1791642616.846 6674 11.283
1791642616.859 6676 11.778
1791642616.876 6679 12.036
1791642616.892 6682 11.974
1791642616.903 6684 11.359
1791642616.915 6687 6.541
1791642616.938 6690 12.219
1791642616.948 6692 11.337
1791642616.960 6695 6.523
1791642616.978 6698 6.985
1791642616.994 6700 11.597
1791642617.011 6703 11.473
1791642617.027 6706 11.426
1791642617.034 6708 6.406
1791642617.051 6711 6.614
1791642617.068 6714 6.559
1791642617.084 6716 11.631
1791642617.101 6719 11.563
1791642617.118 6722 11.449
1791642617.130 6724 11.689
1791642617.146 6727 11.587
1791642617.163 6730 11.433
1791642617.169 6732 6.424
1791642617.192 6735 11.875
1791642617.208 6738 11.552
1791642617.214 6740 6.350
1791642617.237 6743 11.447
1791642617.254 6746 12.157
1791642617.265 6748 11.275
1791642617.282 6751 11.390
1791642617.299 6754 11.411
1791642617.305 6756 6.432
1791642617.328 6759 11.757
1791642617.344 6762 11.568
1791642617.350 6764 6.372
1791642617.373 6767 11.708
1791642617.389 6770 11.661
1791642617.395 6772 6.391
1791642617.413 6775 6.626
1791642617.435 6778 11.587
1791642617.446 6780 11.290
1791642617.458 6783 6.406
1791642617.475 6786 6.865
1791642617.492 6788 12.096
1791642617.508 6791 11.731
1791642617.525 6794 11.379
1791642617.531 6796 6.681
1791642617.548 6799 6.538
1791642617.571 6802 11.731
1791642617.581 6804 11.370
1791642617.598 6807 11.369
1791642617.610 6810 6.365
1791642617.627 6812 11.992
1791642617.644 6815 11.579
1791642617.660 6818 11.253
1791642617.667 6820 6.463
1791642617.684 6823 6.354
1791642617.701 6826 6.355
1791642617.718 6828 12.151
1791642617.735 6831 12.295
1791642617.751 6834 11.557
1791642617.758 6836 7.310
1791642617.780 6839 11.764
1791642617.797 6842 11.934
1791642617.807 6844 11.291
1791642617.824 6847 11.484
1791642617.841 6850 11.598
1791642617.848 6852 6.416
1791642617.870 6855 11.657
1791642617.887 6858 11.606
1791642617.893 6860 6.452
1791642617.916 6863 11.677
1791642617.932 6866 11.986
1791642617.943 6868 11.491
1791642617.960 6871 11.682
1791642617.977 6874 11.529
1791642617.983 6876 6.377
1791642618.006 6879 11.999
1791642618.023 6882 12.138
1791642618.034 6884 11.495
1791642618.051 6887 11.595
1791642618.068 6890 11.580
1791642618.074 6892 6.487
1791642618.091 6895 6.608
1791642618.113 6898 11.674
1791642618.124 6900 11.383
1791642618.141 6903 11.541
1791642618.158 6906 11.511
1791642618.164 6908 6.551
1791642618.187 6911 12.036
1791642618.203 6914 11.463
1791642618.210 6916 6.694
1791642618.226 6919 6.603
1791642618.249 6922 11.656
1791642618.259 6924 11.359
1791642618.272 6927 6.647
1791642618.289 6930 6.573
1791642618.305 6932 11.548
1791642618.322 6935 11.480
1791642618.339 6938 11.366
1791642618.345 6940 6.430
1791642618.368 6943 11.866
1791642618.385 6946 12.074
1791642618.395 6948 11.328
1791642618.412 6951 11.514
1791642618.429 6954 11.390
1791642618.435 6956 6.413
1791642618.453 6959 6.665
1791642618.475 6962 11.695
1791642618.486 6964 11.382
1791642618.498 6967 6.507
1791642618.515 6970 6.619
1791642618.532 6972 12.339
1791642618.548 6975 11.960
1791642618.565 6978 11.888
1791642618.576 6980 11.364
1791642618.593 6983 11.434
1791642618.610 6986 11.579
1791642618.617 6988 7.234
1791642618.639 6991 11.704
1791642618.656 6994 12.085
1791642618.666 6996 11.363
1791642618.680 6999 8.094
1791642618.701 7002 11.589
1791642618.712 7004 11.356
1791642618.729 7007 11.723
1791642618.746 7010 11.560
1791642618.752 7012 6.608
1791642618.769 7015 6.714
1791642618.786 7018 6.595
1791642618.803 7020 12.011
1791642618.819 7023 11.543
1791642618.836 7026 11.364
1791642618.842 7028 6.407
1791642618.859 7031 6.572
1791642618.877 7034 6.709
1791642618.893 7036 11.421
1791642618.909 7039 11.407
1791642618.927 7042 11.501
1791642618.933 7044 6.550
1791642618.955 7047 11.656
1791642618.972 7050 11.839
1791642618.983 7052 11.395
1791642618.995 7055 6.464
1791642619.012 7058 6.579
1791642619.029 7060 11.932
1791642619.046 7063 11.942
1791642619.063 7066 12.277
1791642619.074 7068 11.540
1791642619.090 7071 11.510
1791642619.108 7074 11.606
1791642619.114 7076 6.622
1791642619.136 7079 11.612
1791642619.153 7082 11.878
1791642619.159 7084 6.439
1791642619.177 7087 7.719
1791642619.199 7090 11.666
1791642619.209 7092 11.370
1791642619.226 7095 11.405
1791642619.243 7098 11.390
1791642619.255 7100 11.751
1791642619.272 7103 12.226
1791642619.289 7106 12.127
1791642619.299 7108 11.327
1791642619.312 7111 6.685
1791642619.328 7114 6.374
1791642619.345 7116 11.944
1791642619.362 7119 11.890
1791642619.379 7122 11.441
1791642619.385 7124 6.359
1791642619.402 7127 6.424
1791642619.425 7130 11.830
1791642619.435 7132 11.260
1791642619.447 7135 6.532
1791642619.470 7138 11.835
1791642619.480 7140 11.322
1791642619.497 7143 11.346
1791642619.515 7146 11.826
1791642619.521 7148 6.677
1791642619.543 7151 11.737
1791642619.560 7154 12.009
1791642619.571 7156 11.223
1791642619.583 7159 6.627
1791642619.605 7162 11.630
1791642619.616 7164 11.499
1791642619.633 7167 11.245
1791642619.645 7170 6.394
1791642619.661 7172 11.471
1791642619.678 7175 11.493
1791642619.695 7178 11.326
1791642619.708 7180 12.182
1791642619.724 7183 12.270
1791642619.741 7186 11.876
1791642619.752 7188 11.494
1791642619.769 7191 11.364
1791642619.786 7194 11.558
1791642619.792 7196 6.432
1791642619.815 7199 11.773
1791642619.831 7202 11.500
1791642619.837 7204 6.310
1791642619.854 7207 6.436
1791642619.877 7210 11.701
1791642619.887 7212 11.281
1791642619.899 7215 6.449
1791642619.922 7218 11.670
1791642619.932 7220 11.320
1791642619.949 7223 11.309
1791642619.962 7226 6.493
1791642619.978 7228 12.036
1791642619.995 7231 11.689
1791642620.012 7234 11.711
1791642620.018 7236 6.564
1791642620.041 7239 11.878
1791642620.058 7242 12.317
1791642620.068 7244 11.455
1791642620.080 7247 6.468
1791642620.097 7250 6.522
1791642620.114 7252 11.569
1791642620.130 7255 11.611
1791642620.147 7258 11.500
1791642620.154 7260 6.421
1791642620.171 7263 6.462
1791642620.193 7266 11.643
1791642620.204 7268 11.405
1791642620.221 7271 11.461
1791642620.238 7274 11.442
1791642620.244 7276 6.422
1791642620.261 7279 6.514
1791642620.278 7282 6.334
1791642620.295 7284 11.939
1791642620.312 7287 11.987
1791642620.329 7290 12.087
1791642620.339 7292 11.330
1791642620.357 7295 11.522
1791642620.373 7298 11.337
1791642620.380 7300 6.338
1791642620.397 7303 6.455
1791642620.419 7306 11.515
1791642620.430 7308 11.150
1791642620.442 7311 6.499
1791642620.459 7314 6.356
1791642620.475 7316 11.464
1791642620.492 7319 11.378
1791642620.510 7322 11.972
1791642620.516 7324 6.795
1791642620.538 7327 11.791
1791642620.555 7330 12.116
1791642620.566 7332 11.615
1791642620.583 7335 11.455
1791642620.600 7338 11.698
1791642620.606 7340 6.427
1791642620.623 7343 6.463
1791642620.640 7346 6.551
1791642620.656 7348 11.831
1791642620.673 7351 11.367
1791642620.685 7354 6.461
1791642620.703 7356 13.180
1791642620.719 7359 12.209
1791642620.736 7362 12.086
1791642620.747 7364 11.522
1791642620.764 7367 11.805
1791642620.780 7370 11.557
1791642620.787 7372 6.529
1791642620.803 7375 6.356
1791642620.826 7378 11.556
1791642620.837 7380 11.324
1791642620.854 7383 11.621
1791642620.871 7386 11.399
1791642620.878 7388 7.409
1791642620.894 7391 6.650
1791642620.911 7394 6.572
1791642620.928 7396 11.827
1791642620.944 7399 11.432
1791642620.956 7402 6.400
1791642620.973 7404 11.768
1791642620.989 7407 11.170
1791642621.006 7410 11.408
1791642621.018 7412 11.388
1791642621.035 7415 12.012
1791642621.052 7418 11.607
1791642621.058 7420 6.404
1791642621.075 7423 6.917
1791642621.092 7426 6.540
1791642621.108 7428 11.549
1791642621.125 7431 11.366
1791642621.142 7434 11.298
1791642621.154 7436 11.530
1791642621.171 7439 12.015
1791642621.187 7442 11.563
1791642621.194 7444 6.610
1791642621.211 7447 6.464
1791642621.228 7450 6.480
1791642621.244 7452 11.519
1791642621.261 7455 11.545
1791642621.278 7458 11.334
1791642621.290 7460 11.828
1791642621.306 7463 11.549
1791642621.323 7466 11.395
1791642621.329 7468 6.527
1791642621.352 7471 11.667
1791642621.369 7474 12.020
1791642621.379 7476 11.325
1791642621.391 7479 6.480
1791642621.409 7482 6.606
1791642621.425 7484 11.579
1791642621.442 7487 11.369
1791642621.454 7490 6.641
1791642621.471 7492 12.028
1791642621.488 7495 12.077
1791642621.505 7498 12.069
1791642621.515 7500 11.506
1791642621.532 7503 11.630
1791642621.549 7506 11.744
1791642621.556 7508 6.688
1791642621.573 7511 6.699
1791642621.595 7514 11.892
1791642621.606 7516 11.737
1791642621.622 7519 11.425
1791642621.639 7522 11.437
1791642621.647 7524 7.718
1791642621.668 7527 11.699
1791642621.686 7530 12.263
1791642621.696 7532 11.454
1791642621.713 7535 11.416
1791642621.730 7538 11.463
1791642621.742 7540 11.884
1791642621.759 7543 12.244
1791642621.776 7546 12.298
1791642621.786 7548 11.320
1791642621.798 7551 6.505
1791642621.815 7554 6.383
1791642621.832 7556 11.610
1791642621.849 7559 11.557
1791642621.866 7562 11.497
1791642621.872 7564 6.511
1791642621.894 7567 11.691
1791642621.911 7570 11.457
1791642621.917 7572 6.434
1791642621.935 7575 7.361
1791642621.951 7578 6.441
1791642621.968 7580 11.689
1791642621.984 7583 11.268
1791642621.996 7586 6.559
1791642622.013 7588 11.836
1791642622.030 7591 11.495
1791642622.046 7594 11.548
1791642622.053 7596 6.615
1791642622.070 7599 6.445
1791642622.087 7602 6.451
1791642622.104 7604 12.406
1791642622.120 7607 11.615
1791642622.137 7610 11.377
1791642622.149 7612 11.844
1791642622.166 7615 11.779
1791642622.182 7618 11.525
1791642622.188 7620 6.519
1791642622.205 7623 6.494
1791642622.228 7626 11.695
1791642622.239 7628 11.482
1791642622.256 7631 11.938
1791642622.273 7634 11.531
1791642622.279 7636 6.611
1791642622.301 7639 11.511
1791642622.318 7642 11.476
1791642622.324 7644 6.526
1791642622.341 7647 6.663
1791642622.363 7650 11.608
1791642622.374 7652 11.411
1791642622.391 7655 11.355
1791642622.403 7658 6.447
1791642622.420 7660 12.010
1791642622.437 7663 11.550
1791642622.453 7666 11.210
1791642622.465 7668 11.394
1791642622.482 7671 12.112
1791642622.499 7674 11.604
1791642622.505 7676 6.548
1791642622.527 7679 11.776
1791642622.544 7682 11.997
1791642622.555 7684 11.358
1791642622.567 7687 6.369
1791642622.590 7690 11.753
1791642622.601 7692 11.744
1791642622.617 7695 11.577
1791642622.634 7698 11.369
1791642622.646 7700 11.588
1791642622.663 7703 11.683
1791642622.679 7706 11.285
1791642622.692 7708 12.247
1791642622.708 7711 11.843
1791642622.725 7714 11.516
1791642622.731 7716 6.569
1791642622.748 7719 6.438
1791642622.771 7722 11.820
1791642622.781 7724 11.339
1791642622.794 7727 7.358
1791642622.810 7730 6.596
1791642622.827 7732 11.821
1791642622.843 7735 11.348
1791642622.855 7738 6.350
1791642622.872 7740 11.481
1791642622.888 7743 11.241
1791642622.901 7746 7.057
1791642622.917 7748 12.058
1791642622.934 7751 12.100
1791642622.951 7754 11.831
1791642622.962 7756 11.407
1791642622.979 7759 11.625
1791642622.996 7762 11.705
1791642623.003 7764 6.734
1791642623.025 7767 11.859
1791642623.042 7770 12.020
1791642623.052 7772 11.292
1791642623.065 7775 7.170
1791642623.081 7778 6.580
1791642623.098 7780 11.660
1791642623.115 7783 11.552
1791642623.127 7786 6.784
1791642623.143 7788 11.620
1791642623.160 7791 11.442
1791642623.177 7794 11.343
1791642623.189 7796 11.819
1791642623.205 7799 11.744
1791642623.222 7802 11.283
1791642623.234 7804 11.827
1791642623.251 7807 11.982
1791642623.268 7810 12.057
1791642623.278 7812 11.353
1791642623.290 7815 6.464
1791642623.313 7818 11.766
1791642623.323 7820 11.275
1791642623.336 7823 6.379
1791642623.358 7826 11.719
1791642623.369 7828 11.300
1791642623.381 7831 6.366
1791642623.404 7834 11.731
1791642623.414 7836 11.354
1791642623.426 7839 6.684
1791642623.449 7842 11.964
1791642623.459 7844 11.276
1791642623.471 7847 6.432
1791642623.488 7850 6.286
1791642623.505 7852 11.924
1791642623.522 7855 12.030
1791642623.539 7858 11.480
1791642623.545 7860 6.743
1791642623.567 7863 11.466
1791642623.585 7866 12.111
1791642623.595 7868 11.611
1791642623.612 7871 11.514
1791642623.629 7874 11.364
1791642623.641 7876 11.844
1791642623.657 7879 11.669
1791642623.674 7882 11.165
1791642623.680 7884 6.422
1791642623.703 7887 11.975
1791642623.720 7890 11.696
1791642623.726 7892 6.803
1791642623.749 7895 11.762
1791642623.765 7898 12.127
1791642623.776 7900 11.596
1791642623.793 7903 11.511
1791642623.805 7906 6.402
1791642623.821 7908 11.506
1791642623.838 7911 11.394
1791642623.855 7914 11.317
1791642623.867 7916 11.828
1791642623.884 7919 11.962
1791642623.901 7922 12.025
1791642623.911 7924 11.299
1791642623.924 7927 6.521
1791642623.940 7930 6.501
1791642623.957 7932 11.770
1791642623.973 7935 11.268
1791642623.991 7938 11.506
1791642623.997 7940 6.383
1791642624.019 7943 11.534
1791642624.036 7946 11.859
1791642624.047 7948 11.370
1791642624.064 7951 11.514
1791642624.081 7954 11.421
1791642624.087 7956 6.410
1791642624.104 7959 6.539
1791642624.127 7962 12.011
1791642624.138 7964 11.662
1791642624.155 7967 11.378
1791642624.166 7970 6.345
1791642624.183 7972 12.006
1791642624.200 7975 12.002
1791642624.217 7978 11.777
1791642624.223 7980 6.417
1791642624.246 7983 11.823
1791642624.263 7986 11.892
1791642624.273 7988 11.213
1791642624.285 7991 6.536
1791642624.308 7994 11.665
1791642624.318 7996 11.219
1791642624.330 7999 6.512
1791642624.353 8002 11.657
1791642624.364 8004 11.231
1791642624.376 8007 6.399
1791642624.398 8010 11.610
1791642624.409 8012 11.296
1791642624.426 8015 11.433
1791642624.443 8018 11.388
1791642624.455 8020 11.903
1791642624.472 8023 12.251
1791642624.489 8026 12.036
1791642624.499 8028 11.386
1791642624.517 8031 11.687
1791642624.533 8034 11.227
1791642624.545 8036 11.891
1791642624.562 8039 11.592
1791642624.578 8042 11.317
1791642624.590 8044 11.599
1791642624.607 8047 11.741
1791642624.624 8050 11.286
1791642624.636 8052 11.920
1791642624.653 8055 12.146
1791642624.670 8058 12.178
1791642624.680 8060 11.533
1791642624.697 8063 11.377
1791642624.714 8066 11.529
1791642624.720 8068 6.372
1791642624.738 8071 6.787
1791642624.760 8074 11.717
1791642624.770 8076 11.271
1791642624.783 8079 6.578
1791642624.800 8082 6.460
1791642624.817 8084 12.145
1791642624.834 8087 12.211
1791642624.850 8090 11.747
1791642624.856 8092 6.412
1791642624.874 8095 7.563
1791642624.890 8098 6.541
1791642624.906 8100 11.536
1791642624.923 8103 11.468
1791642624.940 8106 11.679
1791642624.947 8108 6.731
1791642624.964 8111 6.674
1791642624.981 8114 6.653
1791642624.997 8116 11.751
1791642625.014 8119 11.493
1791642625.031 8122 11.607
1791642625.037 8124 6.616
1791642625.060 8127 11.941
1791642625.076 8130 11.537
1791642625.082 8132 6.415
1791642625.099 8135 6.531
1791642625.123 8138 13.020
1791642625.133 8140 11.956
1791642625.149 8143 11.374
1791642625.161 8146 6.455
1791642625.178 8148 11.542
1791642625.194 8151 11.289
1791642625.207 8154 6.629
1791642625.223 8156 11.631
1791642625.240 8159 11.532
1791642625.257 8162 11.472
1791642625.269 8164 11.940
1791642625.286 8167 11.984
1791642625.302 8170 11.888
1791642625.313 8172 11.276
1791642625.330 8175 11.466
1791642625.347 8178 11.454
1791642625.353 8180 6.334
1791642625.376 8183 11.636
1791642625.393 8186 11.806
1791642625.404 8188 11.337
1791642625.421 8191 11.395
1791642625.438 8194 11.577
1791642625.444 8196 6.398
1791642625.461 8199 6.421
1791642625.478 8202 6.420
1791642625.495 8204 12.235
1791642625.512 8207 12.170
1791642625.528 8210 11.747
1791642625.534 8212 6.427
1791642625.557 8215 11.792
1791642625.573 8218 11.439
1791642625.580 8220 6.441
1791642625.597 8223 6.470
1791642625.613 8226 6.504
1791642625.631 8228 12.299
1791642625.648 8231 12.064
1791642625.664 8234 12.052
1791642625.675 8236 11.321
1791642625.692 8239 11.356
1791642625.704 8242 6.599
1791642625.721 8244 12.127
1791642625.737 8247 11.527
1791642625.754 8250 11.553
1791642625.760 8252 6.551
1791642625.778 8255 6.879
1791642625.794 8258 6.425
1791642625.811 8260 12.110
1791642625.828 8263 11.939
1791642625.845 8266 11.687
1791642625.851 8268 6.353
1791642625.868 8271 6.462
1791642625.890 8274 11.561
1791642625.901 8276 11.534
1791642625.918 8279 11.235
1791642625.930 8282 6.484
1791642625.947 8284 12.118
1791642625.964 8287 12.094
1791642625.981 8290 11.733
1791642625.986 8292 6.452
1791642626.004 8295 6.592
1791642626.021 8298 6.567
1791642626.037 8300 12.205
1791642626.054 8303 11.635
1791642626.071 8306 11.491
1791642626.077 8308 6.812
1791642626.099 8311 11.544
1791642626.116 8314 11.559
1791642626.122 8316 6.723
1791642626.141 8319 8.463
1791642626.162 8322 12.168
1791642626.173 8324 11.650
1791642626.189 8327 11.417
1791642626.206 8330 11.530
1791642626.213 8332 6.474
1791642626.230 8335 6.498
1791642626.252 8338 11.752
1791642626.263 8340 11.460
1791642626.275 8343 6.472
1791642626.292 8346 6.345
1791642626.309 8348 12.228
1791642626.326 8351 12.206
1791642626.342 8354 11.728
1791642626.348 8356 6.515
1791642626.371 8359 12.056
1791642626.387 8362 11.700
1791642626.393 8364 6.380
1791642626.410 8367 6.614
1791642626.427 8370 6.495
1791642626.444 8372 11.525
1791642626.461 8375 11.733
1791642626.477 8378 11.406
1791642626.484 8380 6.493
1791642626.501 8383 6.572
1791642626.518 8386 6.579
1791642626.534 8388 11.747
1791642626.551 8391 11.452
1791642626.563 8394 6.578
1791642626.580 8396 11.908
1791642626.597 8399 12.034
1791642626.613 8402 11.672
1791642626.619 8404 6.387
1791642626.637 8407 6.512
1791642626.659 8410 12.017
1791642626.670 8412 11.575
1791642626.687 8415 11.594
1791642626.703 8418 11.260
1791642626.717 8420 13.103
1791642626.732 8423 11.730
1791642626.749 8426 11.514
1791642626.755 8428 6.442
1791642626.778 8431 11.640
1791642626.794 8434 11.541
1791642626.801 8436 7.171
1791642626.818 8439 6.905
1791642626.834 8442 6.443
1791642626.851 8444 11.551
1791642626.867 8447 11.325
1791642626.880 8450 6.508
1791642626.896 8452 11.695
1791642626.913 8455 11.570
1791642626.930 8458 11.814
1791642626.936 8460 6.694
1791642626.953 8463 6.380
1791642626.976 8466 11.610
1791642626.986 8468 11.343
1791642626.998 8471 6.441
1791642627.015 8474 6.358
1791642627.032 8476 11.561
1791642627.048 8479 11.195
1791642627.065 8482 11.560
1791642627.071 8484 6.309
1791642627.089 8487 6.696
1791642627.111 8490 11.582
1791642627.122 8492 11.284
1791642627.134 8495 6.508
1791642627.151 8498 6.647
1791642627.168 8500 12.083
1791642627.185 8503 11.886
1791642627.202 8506 12.123
1791642627.212 8508 11.349
1791642627.229 8511 11.374
1791642627.241 8514 6.656
1791642627.258 8516 12.062
1791642627.275 8519 11.519
1791642627.291 8522 11.338
1791642627.304 8524 11.963
1791642627.320 8527 11.820
1791642627.337 8530 11.730
1791642627.343 8532 6.554
1791642627.365 8535 11.577
1791642627.382 8538 11.475
1791642627.389 8540 7.310
1791642627.411 8543 11.873
1791642627.428 8546 12.112
1791642627.438 8548 11.393
1791642627.455 8551 11.368
1791642627.472 8554 11.619
1791642627.478 8556 6.340
1791642627.496 8559 6.551
1791642627.512 8562 6.393
1791642627.529 8564 11.545
1791642627.546 8567 11.661
1791642627.563 8570 11.483
1791642627.575 8572 11.563
1791642627.592 8575 12.096
1791642627.608 8578 11.894
1791642627.619 8580 11.354
1791642627.631 8583 6.312
1791642627.648 8586 6.491
1791642627.667 8588 14.111
1791642627.683 8591 12.212
1791642627.699 8594 12.117
1791642627.710 8596 11.359
1791642627.722 8599 6.404
1791642627.744 8602 11.716
1791642627.755 8604 11.397
1791642627.767 8607 6.675
1791642627.790 8610 11.825
1791642627.800 8612 11.358
1791642627.817 8615 11.312
1791642627.829 8618 6.659
1791642627.846 8620 11.861
1791642627.862 8623 11.625
1791642627.879 8626 11.455
1791642627.886 8628 6.545
1791642627.908 8631 11.917
1791642627.925 8634 12.058
1791642627.936 8636 11.411
1791642627.953 8639 11.304
1791642627.965 8642 6.533
1791642627.981 8644 11.424
1791642627.998 8647 11.241
1791642628.010 8650 6.608
1791642628.026 8652 11.488
1791642628.043 8655 11.443
1791642628.060 8658 11.483
1791642628.066 8660 6.406
1791642628.083 8663 6.449
1791642628.106 8666 11.823
1791642628.116 8668 11.251
1791642628.130 8671 7.891
1791642628.151 8674 11.626
1791642628.162 8676 11.445
1791642628.179 8679 11.571
1791642628.196 8682 11.853
1791642628.202 8684 6.653
1791642628.219 8687 6.673
1791642628.236 8690 6.486
1791642628.253 8692 11.875
1791642628.270 8695 11.863
1791642628.287 8698 12.146
1791642628.298 8700 11.495
1791642628.315 8703 11.595
1791642628.331 8706 11.266
1791642628.343 8708 11.635
1791642628.360 8711 12.124
1791642628.378 8714 12.185
1791642628.388 8716 11.524
1791642628.405 8719 11.649
1791642628.422 8722 11.394
1791642628.428 8724 6.586
1791642628.451 8727 11.834
1791642628.467 8730 11.554
1791642628.474 8732 6.681
1791642628.490 8735 6.581
1791642628.513 8738 11.805
1791642628.523 8740 11.365
1791642628.536 8743 6.492
1791642628.558 8746 11.636
1791642628.569 8748 11.293
1791642628.581 8751 6.746
1791642628.598 8754 6.670
1791642628.614 8756 11.564
1791642628.631 8759 11.337
1791642628.643 8762 6.689
1791642628.659 8764 11.620
1791642628.676 8767 11.810
1791642628.694 8770 11.883
1791642628.700 8772 6.558
1791642628.716 8775 6.521
1791642628.739 8778 11.816
1791642628.750 8780 11.464
1791642628.762 8783 6.505
1791642628.779 8786 6.626
1791642628.796 8788 12.258
1791642628.813 8791 12.129
1791642628.829 8794 11.607
1791642628.835 8796 6.591
1791642628.858 8799 11.973
1791642628.875 8802 12.118
1791642628.885 8804 11.550
1791642628.902 8807 11.686
1791642628.919 8810 11.490
1791642628.926 8812 6.528
1791642628.943 8815 6.503
1791642628.959 8818 6.428
1791642628.976 8820 12.071
1791642628.993 8823 12.042
1791642629.010 8826 11.635
1791642629.016 8828 6.417
1791642629.039 8831 11.759
1791642629.055 8834 11.982
1791642629.066 8836 11.414
1791642629.083 8839 11.385
1791642629.095 8842 6.407
1791642629.112 8844 12.064
1791642629.129 8847 11.789
1791642629.146 8850 11.797
1791642629.156 8852 11.321
1791642629.169 8855 6.622
1791642629.186 8858 6.752
1791642629.203 8860 12.291
1791642629.219 8863 12.002
1791642629.236 8866 11.825
1791642629.242 8868 6.449
1791642629.259 8871 6.632
1791642629.282 8874 11.731
1791642629.292 8876 11.365
1791642629.304 8879 6.485
1791642629.327 8882 11.815
1791642629.337 8884 11.343
1791642629.354 8887 11.310
1791642629.366 8890 6.208
1791642629.383 8892 12.021
1791642629.400 8895 11.520
1791642629.416 8898 11.315
1791642629.428 8900 11.427
1791642629.445 8903 11.996
1791642629.462 8906 12.011
1791642629.473 8908 11.339
1791642629.485 8911 6.384
1791642629.502 8914 6.439
1791642629.519 8916 11.953
1791642629.535 8919 11.650
1791642629.552 8922 11.462
1791642629.564 8924 12.025
1791642629.581 8927 11.397
1791642629.597 8930 11.241
1791642629.609 8932 11.792
1791642629.627 8935 12.194
1791642629.643 8938 11.575
1791642629.649 8940 6.603
1791642629.672 8943 11.617
1791642629.689 8946 12.174
1791642629.699 8948 11.367
1791642629.716 8951 11.390
1791642629.733 8954 11.670
1791642629.740 8956 6.854
1791642629.762 8959 11.781
1791642629.779 8962 11.684
1791642629.785 8964 6.555
1791642629.807 8967 11.631
1791642629.824 8970 11.540
1791642629.830 8972 6.494
1791642629.847 8975 6.628
1791642629.864 8978 6.533
1791642629.880 8980 11.499
1791642629.897 8983 11.886
1791642629.914 8986 11.345
1791642629.926 8988 11.862
1791642629.943 8991 11.933
1791642629.959 8994 11.673
1791642629.966 8996 6.545
1791642629.988 8999 11.648
1791642630.005 9002 12.394
1791642630.016 9004 11.348
1791642630.028 9007 6.793
1791642630.045 9010 6.380
1791642630.061 9012 11.704
1791642630.078 9015 11.382
1791642630.090 9018 6.609
1791642630.107 9020 11.902
1791642630.124 9023 11.859
1791642630.140 9026 11.574
1791642630.146 9028 6.383
1791642630.163 9031 6.368
1791642630.186 9034 11.596
1791642630.196 9036 11.417
1791642630.209 9039 6.504
1791642630.231 9042 11.886
1791642630.242 9044 11.396
1791642630.254 9047 6.532
1791642630.277 9050 11.908
1791642630.287 9052 11.351
1791642630.299 9055 6.540
1791642630.321 9058 11.583
1791642630.332 9060 11.454
1791642630.344 9063 6.593
1791642630.361 9066 6.299
1791642630.378 9068 11.803
1791642630.394 9071 11.514
1791642630.411 9074 11.386
1791642630.418 9076 6.895
1791642630.440 9079 11.738
1791642630.457 9082 11.761
1791642630.463 9084 6.564
1791642630.480 9087 6.540
1791642630.503 9090 11.795
1791642630.513 9092 11.393
1791642630.530 9095 11.394
1791642630.547 9098 11.422
1791642630.553 9100 6.544
1791642630.576 9103 11.766
1791642630.592 9106 11.514
1791642630.598 9108 6.441
1791642630.621 9111 11.620
1791642630.638 9114 11.998
1791642630.649 9116 11.295
1791642630.661 9119 6.571
1791642630.684 9122 12.541
1791642630.694 9124 11.468
1791642630.711 9127 11.516
1791642630.728 9130 11.673
1791642630.734 9132 6.439
1791642630.757 9135 12.307
1791642630.773 9138 11.630
1791642630.779 9140 6.582
1791642630.796 9143 6.577
1791642630.813 9146 6.461
1791642630.830 9148 11.669
1791642630.847 9151 11.513
1791642630.864 9154 11.504
1791642630.870 9156 6.503
1791642630.887 9159 6.715
1791642630.910 9162 12.063
1791642630.920 9164 11.285
1791642630.933 9167 7.171
1791642630.949 9170 6.506
1791642630.965 9172 11.504
1791642630.982 9175 11.468
1791642631.001 9178 13.438
1791642631.008 9180 8.888
1791642631.022 9183 6.602
1791642631.039 9186 6.392
1791642631.056 9188 11.804
1791642631.073 9191 11.491
1791642631.090 9194 11.593
1791642631.096 9196 6.537
1791642631.113 9199 6.465
1791642631.130 9202 6.679
1791642631.146 9204 11.696
1791642631.163 9207 11.514
1791642631.180 9210 11.285
1791642631.192 9212 11.573
1791642631.209 9215 12.066
1791642631.225 9218 11.650
1791642631.232 9220 6.660
1791642631.255 9223 12.028
1791642631.271 9226 11.865
1791642631.282 9228 11.322
1791642631.299 9231 11.547
1791642631.315 9234 11.339
1791642631.328 9236 11.580
1791642631.345 9239 11.995
1791642631.362 9242 12.064
1791642631.372 9244 11.482
1791642631.384 9247 6.406
1791642631.407 9250 11.748
1791642631.417 9252 11.305
1791642631.429 9255 6.295
1791642631.446 9258 6.488
1791642631.463 9260 11.915
1791642631.480 9263 11.430
1791642631.497 9266 11.501
1791642631.503 9268 6.539
1791642631.520 9271 6.559
1791642631.543 9274 11.965
1791642631.553 9276 11.548
1791642631.570 9279 11.476
1791642631.582 9282 6.910
1791642631.599 9284 12.130
1791642631.616 9287 11.923
1791642631.633 9290 11.790
1791642631.643 9292 11.360
1791642631.660 9295 11.439
1791642631.677 9298 11.338
1791642631.684 9300 6.515
1791642631.701 9303 6.560
1791642631.723 9306 11.520
1791642631.734 9308 11.425
1791642631.746 9311 6.408
1791642631.768 9314 11.524
1791642631.779 9316 11.449
1791642631.796 9319 11.898
1791642631.813 9322 11.502
1791642631.825 9324 11.502
1791642631.842 9327 12.000
1791642631.859 9330 12.016
1791642631.870 9332 11.470
1791642631.887 9335 11.717
1791642631.904 9338 11.571
1791642631.910 9340 6.410
1791642631.932 9343 11.648
1791642631.949 9346 11.566
1791642631.955 9348 6.326
1791642631.972 9351 6.427
1791642631.989 9354 6.510
1791642632.005 9356 11.777
1791642632.022 9359 11.475
1791642632.039 9362 11.259
1791642632.052 9364 12.800
1791642632.068 9367 12.179
1791642632.085 9370 11.663
1791642632.091 9372 6.367
1791642632.108 9375 6.430
1791642632.125 9378 6.554
1791642632.141 9380 11.569
1791642632.158 9383 11.314
1791642632.170 9386 6.537
1791642632.186 9388 11.562
1791642632.203 9391 11.726
1791642632.220 9394 11.553
1791642632.227 9396 6.725
1791642632.243 9399 6.533
1791642632.260 9402 6.433
1791642632.277 9404 11.492
1791642632.294 9407 11.945
1791642632.311 9410 11.655
1791642632.317 9412 6.604
1791642632.339 9415 11.559
1791642632.356 9418 11.637
1791642632.362 9420 6.513
1791642632.379 9423 6.614
1791642632.396 9426 6.494
1791642632.412 9428 11.741
1791642632.429 9431 11.299
1791642632.441 9434 6.631
1791642632.458 9436 12.108
1791642632.475 9439 12.072
1791642632.492 9442 11.732
1791642632.498 9444 6.589
1791642632.514 9447 6.412
1791642632.537 9450 11.782
1791642632.548 9452 11.395
1791642632.560 9455 6.321
1791642632.577 9458 6.490
1791642632.593 9460 11.540
1791642632.610 9463 11.267
1791642632.622 9466 6.740
1791642632.639 9468 12.220
1791642632.655 9471 11.601
1791642632.672 9474 11.350
1791642632.684 9476 11.612
1791642632.701 9479 11.710
1791642632.717 9482 11.238
1791642632.729 9484 11.599
1791642632.746 9487 11.991
1791642632.763 9490 11.689
1791642632.769 9492 6.592
1791642632.786 9495 6.901
1791642632.803 9498 6.544
1791642632.821 9500 13.357
1791642632.836 9503 11.536
1791642632.853 9506 11.597
1791642632.859 9508 6.337
1791642632.876 9511 6.483
1791642632.899 9514 11.803
1791642632.909 9516 11.469
1791642632.926 9519 11.482
1791642632.944 9522 11.615
1791642632.950 9524 6.588
1791642632.967 9527 6.684
1791642632.984 9530 6.616
1791642633.000 9532 11.497
1791642633.017 9535 11.561
1791642633.034 9538 11.341
1791642633.046 9540 11.888
1791642633.062 9543 11.744
1791642633.079 9546 11.367
1791642633.085 9548 6.470
1791642633.103 9551 6.873
1791642633.119 9554 6.423
1791642633.136 9556 11.739
1791642633.152 9559 11.352
1791642633.165 9562 6.496
1791642633.181 9564 12.027
1791642633.198 9567 11.931
1791642633.215 9570 11.456
1791642633.221 9572 6.580
1791642633.238 9575 6.470
1791642633.255 9578 6.518
1791642633.272 9580 11.932
1791642633.289 9583 12.341
1791642633.306 9586 12.239
1791642633.316 9588 11.404
1791642633.328 9591 6.498
1791642633.345 9594 6.512
1791642633.362 9596 11.504
1791642633.378 9599 11.230
1791642633.390 9602 6.280
1791642633.408 9604 12.076
1791642633.424 9607 11.600
1791642633.441 9610 11.494
1791642633.447 9612 6.394
1791642633.465 9615 7.532
1791642633.481 9618 6.327
1791642633.498 9620 12.230
1791642633.515 9623 12.130
1791642633.532 9626 12.001
1791642633.543 9628 11.489
1791642633.559 9631 11.421
1791642633.571 9634 6.421
1791642633.588 9636 12.036
1791642633.605 9639 11.759
1791642633.622 9642 12.026
1791642633.633 9644 11.324
1791642633.645 9647 6.570
1791642633.662 9650 6.547
1791642633.678 9652 11.639
1791642633.695 9655 11.486
1791642633.712 9658 11.382
1791642633.724 9660 11.629
1791642633.741 9663 11.640
1791642633.757 9666 11.503
1791642633.763 9668 6.321
1791642633.781 9671 6.824
1791642633.804 9674 12.046
1791642633.814 9676 11.829
1791642633.831 9679 11.799
1791642633.848 9682 11.905
1791642633.854 9684 6.683
1791642633.877 9687 11.754
1791642633.894 9690 12.101
1791642633.904 9692 11.384
1791642633.916 9695 6.539
1791642633.939 9698 11.791
1791642633.950 9700 11.744
1791642633.966 9703 11.199
1791642633.983 9706 11.436
1791642633.990 9708 6.586
1791642634.007 9711 6.353
1791642634.023 9714 6.341
1791642634.040 9716 11.598
1791642634.057 9719 11.455
1791642634.074 9722 11.551
1791642634.080 9724 6.488
1791642634.103 9727 11.917
1791642634.120 9730 12.125
1791642634.130 9732 11.291
1791642634.142 9735 6.529
1791642634.165 9738 11.822
1791642634.175 9740 11.333
1791642634.188 9743 6.556
1791642634.204 9746 6.374
1791642634.221 9748 11.566
1791642634.238 9751 11.447
1791642634.250 9754 6.415
1791642634.266 9756 11.598
1791642634.283 9759 11.776
1791642634.300 9762 11.371
1791642634.312 9764 11.959
1791642634.329 9767 11.987
1791642634.346 9770 12.186
1791642634.356 9772 11.362
1791642634.373 9775 11.347
1791642634.390 9778 11.424
1791642634.397 9780 6.432
1791642634.419 9783 11.567
1791642634.436 9786 11.580
1791642634.442 9788 6.545
1791642634.459 9791 6.490
1791642634.481 9794 11.637
1791642634.492 9796 11.382
1791642634.509 9799 11.377
1791642634.526 9802 11.270
1791642634.538 9804 11.715
1791642634.555 9807 12.196
1791642634.572 9810 11.704
1791642634.582 9812 11.353
1791642634.595 9815 6.579
1791642634.617 9818 11.510
1791642634.628 9820 11.432
1791642634.640 9823 6.367
1791642634.662 9826 11.748
1791642634.673 9828 11.300
1791642634.685 9831 6.532
1791642634.708 9834 11.838
1791642634.718 9836 11.435
1791642634.735 9839 11.685
1791642634.752 9842 11.779
1791642634.758 9844 6.607
1791642634.781 9847 11.794
1791642634.798 9850 12.411
1791642634.809 9852 11.586
1791642634.826 9855 11.901
1791642634.843 9858 11.901
1791642634.849 9860 6.692
1791642634.866 9863 6.536
1791642634.888 9866 11.698
1791642634.899 9868 11.446
1791642634.916 9871 11.416
1791642634.933 9874 11.453
1791642634.939 9876 6.411
1791642634.962 9879 11.696
1791642634.979 9882 11.945
1791642634.989 9884 11.397
1791642635.002 9887 6.805
1791642635.019 9890 6.918
1791642635.035 9892 12.145
1791642635.052 9895 11.960
1791642635.069 9898 11.571
1791642635.075 9900 6.346
1791642635.092 9903 6.570
1791642635.109 9906 6.445
1791642635.126 9908 12.186
1791642635.143 9911 11.906
1791642635.160 9914 12.171
1791642635.170 9916 11.197
1791642635.182 9919 6.380
1791642635.199 9922 6.452
1791642635.216 9924 11.924
1791642635.233 9927 11.652
1791642635.250 9930 11.681
1791642635.256 9932 6.497
1791642635.278 9935 11.841
1791642635.296 9938 12.177
1791642635.306 9940 11.428
1791642635.323 9943 11.889
1791642635.340 9946 11.454
1791642635.346 9948 6.593
1791642635.363 9951 6.522
1791642635.380 9954 6.502
1791642635.397 9956 12.001
1791642635.414 9959 11.591
1791642635.431 9962 11.702
1791642635.437 9964 6.679
1791642635.454 9967 6.489
1791642635.470 9970 6.421
1791642635.488 9972 12.310
1791642635.505 9975 12.405
1791642635.521 9978 12.067
1791642635.532 9980 11.427
1791642635.549 9983 11.537
1791642635.566 9986 11.304
1791642635.578 9988 11.932
1791642635.595 9991 11.814
1791642635.611 9994 11.700
1791642635.617 9996 6.429
1791642635.634 9999 6.494
1791642635.651 10002 6.338
1791642635.668 10004 11.433
1791642635.684 10007 11.293
1791642635.697 10010 6.598
1791642635.713 10012 11.635
1791642635.730 10015 11.815
1791642635.747 10018 11.781
1791642635.753 10020 6.643
1791642635.772 10023 8.546
1791642635.787 10026 6.452
1791642635.804 10028 12.227
1791642635.821 10031 12.171
1791642635.838 10034 11.955
1791642635.849 10036 11.630
1791642635.866 10039 11.514
1791642635.882 10042 11.423
1791642635.895 10044 11.856
1791642635.911 10047 12.232
1791642635.928 10050 11.650
1791642635.934 10052 6.633
1791642635.957 10055 11.767
1791642635.973 10058 11.465
1791642635.979 10060 6.431
1791642636.002 10063 11.833
1791642636.018 10066 11.846
1791642636.025 10068 6.664
1791642636.041 10071 6.654
1791642636.058 10074 6.587
1791642636.075 10076 11.833
1791642636.092 10079 11.860
1791642636.109 10082 11.729
1791642636.115 10084 6.635
1791642636.132 10087 6.415
1791642636.154 10090 11.496
1791642636.165 10092 11.354
1791642636.177 10095 6.466
1791642636.194 10098 6.580
1791642636.210 10100 11.473
1791642636.227 10103 11.264
1791642636.239 10106 6.292
1791642636.256 10108 11.746
1791642636.273 10111 11.851
1791642636.290 10114 11.995
1791642636.301 10116 11.290
1791642636.318 10119 11.373
1791642636.334 10122 11.338
1791642636.347 10124 11.940
1791642636.364 10127 12.035
1791642636.381 10130 12.096
1791642636.391 10132 11.318
1791642636.403 10135 6.599
1791642636.426 10138 11.680
1791642636.437 10140 11.665
1791642636.453 10143 11.669
1791642636.470 10146 11.398
1791642636.482 10148 11.855
1791642636.499 10151 12.012
1791642636.516 10154 11.935
1791642636.527 10156 11.388
1791642636.539 10159 6.468
1791642636.556 10162 6.680
1791642636.573 10164 11.863
1791642636.590 10167 12.091
1791642636.606 10170 11.541
1791642636.612 10172 6.573
1791642636.635 10175 11.594
1791642636.652 10178 12.026
1791642636.662 10180 11.314
1791642636.674 10183 6.564
1791642636.697 10186 11.772
1791642636.707 10188 11.320
1791642636.720 10191 6.623
1791642636.742 10194 11.545
1791642636.753 10196 11.349
1791642636.770 10199 11.357
1791642636.782 10202 6.515
1791642636.798 10204 11.494
1791642636.816 10207 11.989
1791642636.832 10210 11.222
1791642636.844 10212 11.856
1791642636.861 10215 11.892
1791642636.878 10218 12.204
1791642636.889 10220 11.646
1791642636.905 10223 11.395
1791642636.917 10226 6.323
1791642636.934 10228 12.013
1791642636.951 10231 11.675
1791642636.968 10234 11.373
1791642636.980 10236 11.852
1791642636.997 10239 12.082
1791642637.013 10242 11.657
1791642637.019 10244 6.468
1791642637.042 10247 11.751
1791642637.059 10250 12.248
1791642637.069 10252 11.399
1791642637.086 10255 11.444
1791642637.103 10258 11.248
1791642637.115 10260 11.733
1791642637.132 10263 11.547
1791642637.148 10266 11.415
1791642637.155 10268 6.572
1791642637.178 10271 11.859
1791642637.194 10274 11.589
1791642637.200 10276 6.555
1791642637.223 10279 11.733
1791642637.239 10282 11.885
1791642637.245 10284 6.417
1791642637.268 10287 11.839
1791642637.285 10290 12.048
1791642637.295 10292 11.435
1791642637.313 10295 12.128
1791642637.329 10298 11.568
1791642637.341 10300 11.696
1791642637.358 10303 12.075
1791642637.375 10306 12.116
1791642637.386 10308 11.900
1791642637.403 10311 11.760
1791642637.421 10314 12.270
1791642637.426 10316 6.853
1791642637.443 10319 6.487
1791642637.466 10322 11.796
1791642637.476 10324 11.260
1791642637.488 10327 6.604
1791642637.505 10330 6.732
1791642637.522 10332 12.060
1791642637.539 10335 11.499
1791642637.556 10338 11.599
1791642637.562 10340 6.750
1791642637.579 10343 6.556
1791642637.596 10346 6.422
1791642637.613 10348 12.049
1791642637.629 10351 11.489
1791642637.646 10354 11.292
1791642637.659 10356 12.887
1791642637.674 10359 11.743
1791642637.691 10362 11.459
1791642637.697 10364 6.367
1791642637.714 10367 6.391
1791642637.731 10370 6.331
1791642637.748 10372 11.643
1791642637.765 10375 11.576
1791642637.781 10378 11.393
1791642637.788 10380 6.654
1791642637.805 10383 6.552
1791642637.822 10386 6.459
1791642637.838 10388 11.708
1791642637.855 10391 11.445
1791642637.872 10394 11.345
1791642637.884 10396 12.130
1791642637.901 10399 11.752
1791642637.917 10402 11.240
1791642637.923 10404 6.464
1791642637.946 10407 11.735
1791642637.963 10410 12.140
1791642637.974 10412 11.411
1791642637.991 10415 11.588
1791642638.008 10418 11.441
1791642638.014 10420 6.464
1791642638.036 10423 11.538
1791642638.054 10426 12.106
1791642638.064 10428 11.502
1791642638.081 10431 11.564
1791642638.098 10434 11.591
1791642638.104 10436 6.644
1791642638.127 10439 11.608
1791642638.143 10442 11.647
1791642638.149 10444 6.394
1791642638.166 10447 6.341
1791642638.183 10450 6.467
1791642638.200 10452 11.696
1791642638.217 10455 11.477
1791642638.234 10458 11.432
1791642638.240 10460 6.491
1791642638.263 10463 11.606
1791642638.279 10466 11.622
1791642638.285 10468 6.430
1791642638.302 10471 6.443
1791642638.325 10474 11.805
1791642638.335 10476 11.316
1791642638.352 10479 11.447
1791642638.369 10482 11.390
1791642638.376 10484 6.570
1791642638.393 10487 6.649
1791642638.415 10490 11.671
1791642638.426 10492 11.284
1791642638.438 10495 6.542
1791642638.460 10498 11.537
1791642638.471 10500 11.454
1791642638.488 10503 11.347
1791642638.505 10506 11.765
1791642638.511 10508 6.376
1791642638.528 10511 6.422
1791642638.545 10514 6.649
1791642638.562 10516 12.031
1791642638.579 10519 11.491
1791642638.595 10522 11.442
1791642638.602 10524 6.320
1791642638.619 10527 6.565
1791642638.641 10530 11.709
1791642638.652 10532 11.328
1791642638.664 10535 6.528
1791642638.681 10538 6.390
1791642638.698 10540 12.053
1791642638.715 10543 11.776
1791642638.732 10546 12.037
1791642638.742 10548 11.192
1791642638.759 10551 11.548
1791642638.776 10554 11.377
1791642638.788 10556 11.778
1791642638.805 10559 11.692
1791642638.821 10562 11.318
1791642638.833 10564 11.721
1791642638.850 10567 11.612
1791642638.867 10570 11.538
1791642638.873 10572 6.416
1791642638.890 10575 6.942
1791642638.907 10578 6.613
1791642638.923 10580 11.499
1791642638.940 10583 11.248
1791642638.952 10586 6.521
1791642638.969 10588 11.562
1791642638.985 10591 11.134
1791642639.002 10594 11.284
1791642639.014 10596 11.628
1791642639.031 10599 11.425
1791642639.047 10602 11.374
1791642639.054 10604 6.384
1791642639.071 10607 6.493
1791642639.093 10610 11.778
1791642639.104 10612 11.552
1791642639.121 10615 11.517
1791642639.141 10618 11.393
1791642639.158 10620 11.375
1791642639.183 10623 11.393
1791642639.208 10626 11.296
1791642639.225 10628 11.279
1791642639.251 10631 11.235
1791642639.276 10634 11.270
1791642639.293 10636 11.291
1791642639.319 10639 11.404
1791642639.344 10642 11.426
1791642639.361 10644 11.588
1791642639.387 10647 11.625
1791642639.412 10650 11.341
1791642639.429 10652 11.368
1791642639.454 10655 11.343
1791642639.480 10658 11.422
1791642639.497 10660 11.352
1791642639.522 10663 11.308
1791642639.548 10666 11.478
1791642639.565 10668 11.343
1791642639.590 10671 11.458
1791642639.616 10674 11.433
1791642639.632 10676 11.391
1791642639.658 10679 11.396
1791642639.683 10682 11.238
1791642639.700 10684 11.275
1791642639.726 10687 11.292
1791642639.751 10690 11.189
1791642639.768 10692 11.300
1791642639.793 10695 11.347
1791642639.819 10698 11.340
1791642639.836 10700 11.384
1791642639.861 10703 11.410
1791642639.887 10706 11.430
1791642639.904 10708 11.431
1791642639.929 10711 11.468
1791642639.955 10714 11.379
1791642639.972 10716 11.404
1791642639.997 10719 11.451
1791642640.022 10722 11.370
1791642640.039 10724 11.294
1791642640.065 10727 11.511
1791642640.090 10730 11.334
1791642640.107 10732 11.375
1791642640.133 10735 11.374
1791642640.158 10738 11.438
1791642640.175 10740 11.354
1791642640.200 10743 11.365
1791642640.226 10746 11.324
1791642640.243 10748 11.266
1791642640.268 10751 11.286
1791642640.294 10754 11.411
1791642640.311 10756 11.273
1791642640.336 10759 11.402
1791642640.361 10762 11.289
1791642640.378 10764 11.354
1791642640.404 10767 11.357
1791642640.429 10770 11.389
1791642640.446 10772 11.319
1791642640.472 10775 11.441
1791642640.497 10778 11.404
1791642640.514 10780 11.317
1791642640.539 10783 11.309
1791642640.565 10786 11.279
1791642640.582 10788 11.281
1791642640.607 10791 11.323
1791642640.633 10794 11.324
1791642640.650 10796 11.368
1791642640.675 10799 11.297
1791642640.701 10802 11.396
1791642640.718 10804 11.319
1791642640.743 10807 11.372
1791642640.768 10810 11.309
1791642640.785 10812 11.272
1791642640.811 10815 11.459
1791642640.836 10818 11.256
1791642640.853 10820 11.324
1791642640.879 10823 11.302
1791642640.904 10826 11.500
1791642640.921 10828 11.395
1791642640.947 10831 11.702
1791642640.972 10834 11.430
1791642640.989 10836 11.345
1791642641.014 10839 11.482
1791642641.040 10842 11.454
1791642641.057 10844 11.401
1791642641.082 10847 11.445
1791642641.107 10850 11.291
1791642641.124 10852 11.240
1791642641.150 10855 11.545
1791642641.175 10858 11.373
1791642641.192 10860 11.383
1791642641.218 10863 11.458
1791642641.243 10866 11.326
1791642641.260 10868 11.404
1791642641.286 10871 11.348
1791642641.311 10874 11.417
1791642641.328 10876 11.413
1791642641.353 10879 11.365
1791642641.379 10882 11.272
1791642641.396 10884 11.309
1791642641.421 10887 11.512
1791642641.447 10890 11.652
1791642641.464 10892 11.665
1791642641.489 10895 11.331
1791642641.514 10898 11.261
1791642641.532 10900 11.457
1791642641.557 10903 11.289
1791642641.582 10906 11.372
1791642641.599 10908 11.308
1791642641.625 10911 11.360
1791642641.650 10914 11.397
1791642641.667 10916 11.324
1791642641.693 10919 11.338
1791642641.718 10922 11.375
1791642641.735 10924 11.410
1791642641.760 10927 11.345
1791642641.786 10930 11.181
1791642641.803 10932 11.359
1791642641.828 10935 11.295
1791642641.854 10938 11.392
1791642641.870 10940 11.296
1791642641.896 10943 11.307
1791642641.921 10946 11.314
1791642641.938 10948 11.378
1791642641.964 10951 11.396
1791642641.989 10954 11.569
1791642642.007 10956 11.698
1791642642.032 10959 11.276
1791642642.057 10962 11.297
1791642642.074 10964 11.360
1791642642.099 10967 11.364
1791642642.125 10970 11.261
1791642642.142 10972 11.253
1791642642.167 10975 11.337
1791642642.193 10978 11.425
1791642642.210 10980 11.277
1791642642.235 10983 11.275
1791642642.260 10986 11.309
1791642642.277 10988 11.271
1791642642.303 10991 11.294
1791642642.328 10994 11.449
1791642642.345 10996 11.406
1791642642.371 10999 11.347
1791642642.396 11002 11.201
1791642642.413 11004 11.241
1791642642.438 11007 11.207
1791642642.464 11010 11.320
1791642642.481 11012 11.620
1791642642.507 11015 11.529
1791642642.532 11018 11.378
1791642642.549 11020 11.306
1791642642.574 11023 11.415
1791642642.600 11026 11.305
1791642642.617 11028 11.292
1791642642.642 11031 11.325
1791642642.667 11034 11.232
1791642642.684 11036 11.296
1791642642.710 11039 11.395
1791642642.735 11042 11.230
1791642642.752 11044 11.178
1791642642.778 11047 11.263
1791642642.803 11050 11.270
1791642642.820 11052 11.275
1791642642.846 11055 11.346
1791642642.871 11058 11.350
1791642642.888 11060 11.338
1791642642.913 11063 11.261
1791642642.939 11066 11.409
1791642642.956 11068 11.294
1791642642.981 11071 11.451
1791642643.007 11074 11.817
1791642643.024 11076 11.347
1791642643.049 11079 11.313
1791642643.074 11082 11.226
1791642643.091 11084 11.343
1791642643.117 11087 11.300
1791642643.142 11090 11.280
1791642643.159 11092 11.366
1791642643.185 11095 11.238
1791642643.210 11098 11.185
1791642643.227 11100 11.269
1791642643.252 11103 11.338
1791642643.278 11106 11.349
1791642643.295 11108 11.348
1791642643.320 11111 11.319
1791642643.346 11114 11.409
1791642643.363 11116 11.223
1791642643.388 11119 11.285
1791642643.413 11122 11.222
1791642643.430 11124 11.191
1791642643.456 11127 11.303
1791642643.481 11130 11.383
1791642643.498 11132 11.312
1791642643.524 11135 11.485
1791642643.549 11138 11.434
1791642643.566 11140 11.613
1791642643.592 11143 11.334
1791642643.617 11146 11.310
1791642643.634 11148 11.330
1791642643.659 11151 11.283
1791642643.685 11154 11.290
1791642643.702 11156 11.277
1791642643.727 11159 11.263
1791642643.752 11162 11.165
1791642643.770 11164 11.265
1791642643.895 11167 111.683
1791642643.901 11170 92.188
1791642643.906 11178 29.374
1791642643.911 11172 85.247
1791642643.916 11175 64.825
1791642643.922 11180 28.293
1791642643.931 11183 11.272
1791642643.956 11186 11.259
1791642643.973 11188 11.375
1791642643.999 11191 11.400
1791642644.024 11194 11.437
1791642644.041 11196 11.584
1791642644.066 11199 11.375
1791642644.092 11202 11.299
1791642644.109 11204 11.304
1791642644.134 11207 11.217
1791642644.159 11210 11.240
1791642644.176 11212 11.207
1791642644.202 11215 11.294
1791642644.227 11218 11.371
1791642644.244 11220 11.365
1791642644.270 11223 11.302
1791642644.295 11226 11.375
1791642644.312 11228 11.325
1791642644.338 11231 11.452
1791642644.363 11234 11.354
1791642644.380 11236 11.372
1791642644.406 11239 11.406
1791642644.431 11242 11.450
1791642644.448 11244 11.470
1791642644.473 11247 11.493
1791642644.499 11250 11.385
1791642644.516 11252 11.376
1791642644.541 11255 11.601
1791642644.567 11258 11.458
1791642644.583 11260 11.214
1791642644.609 11263 11.378
1791642644.635 11266 11.522
1791642644.651 11268 11.393
1791642644.677 11271 11.349
1791642644.702 11274 11.247
1791642644.719 11276 11.276
1791642644.745 11279 11.335
1791642644.770 11282 11.267
1791642644.787 11284 11.338
1791642644.812 11287 11.324
1791642644.838 11290 11.276
1791642644.855 11292 11.390
1791642644.880 11295 11.404
1791642644.906 11298 11.254
1791642644.923 11300 11.321
1791642644.948 11303 11.315
1791642644.973 11306 11.275
1791642644.990 11308 11.282
1791642645.016 11311 11.484
1791642645.041 11314 11.327
1791642645.058 11316 11.347
1791642645.086 11319 13.665
1791642645.109 11322 11.470
1791642645.126 11324 11.406
1791642645.152 11327 11.574
1791642645.177 11330 11.301
1791642645.194 11332 11.339
1791642645.219 11335 11.374
1791642645.245 11338 11.325
1791642645.262 11340 11.296
1791642645.287 11343 11.480
1791642645.313 11346 11.471
1791642645.330 11348 11.313
1791642645.355 11351 11.309
1791642645.380 11354 11.363
1791642645.397 11356 11.296
1791642645.423 11359 11.462
1791642645.448 11362 11.261
1791642645.465 11364 11.297
1791642645.491 11367 11.425
1791642645.516 11370 11.323
1791642645.533 11372 11.464
1791642645.559 11375 11.399
1791642645.584 11378 11.571
1791642645.601 11380 11.659
1791642645.627 11383 11.578
1791642645.652 11386 11.522
1791642645.669 11388 11.344
1791642645.694 11391 11.631
1791642645.720 11394 11.486
1791642645.736 11396 11.265
1791642645.762 11399 11.447
1791642645.788 11402 11.629
1791642645.804 11404 11.250
1791642645.830 11407 11.509
1791642645.855 11410 11.548
1791642645.872 11412 11.355
1791642645.898 11415 11.444
1791642645.923 11418 11.291
1791642645.940 11420 11.322
1791642645.965 11423 11.439
1791642645.991 11426 11.384
1791642646.008 11428 11.389
1791642646.033 11431 11.446
1791642646.059 11434 11.530
1791642646.076 11436 11.588
1791642646.102 11439 11.805
1791642646.127 11442 11.550
1791642646.144 11444 11.498
1791642646.169 11447 11.524
1791642646.194 11450 11.335
1791642646.211 11452 11.251
1791642646.237 11455 11.384
1791642646.262 11458 11.437
1791642646.279 11460 11.316
1791642646.305 11463 11.346
1791642646.330 11466 11.279
1791642646.347 11468 11.297
1791642646.372 11471 11.310
1791642646.398 11474 11.231
1791642646.415 11476 11.424
1791642646.440 11479 11.314
1791642646.466 11482 11.494
1791642646.483 11484 11.493
1791642646.508 11487 11.457
1791642646.534 11490 11.461
1791642646.550 11492 11.317
1791642646.576 11495 11.708
1791642646.601 11498 11.441
1791642646.618 11500 11.266
1791642646.644 11503 11.570
1791642646.669 11506 11.408
1791642646.787 11508 111.848
1791642646.793 11516 50.027
1791642646.798 11511 97.427
1791642646.803 11519 34.612
1791642646.808 11514 82.011
1791642646.813 11522 20.005
1791642646.822 11524 11.317
1791642646.847 11527 11.253
1791642646.873 11530 11.359
1791642646.889 11532 11.265
1791642646.915 11535 11.392
1791642646.940 11538 11.291
1791642646.957 11540 11.243
1791642646.983 11543 11.204
1791642647.008 11546 11.336
1791642647.025 11548 11.343
1791642647.051 11551 11.354
1791642647.076 11554 11.305
1791642647.093 11556 11.488
1791642647.118 11559 11.266
1791642647.144 11562 11.375
1791642647.161 11564 11.355
1791642647.186 11567 11.296
1791642647.212 11570 11.382
1791642647.229 11572 11.418
1791642647.254 11575 11.426
1791642647.280 11578 11.700
1791642647.296 11580 11.322
1791642647.322 11583 11.415
1791642647.347 11586 11.449
1791642647.364 11588 11.467
1791642647.390 11591 11.432
1791642647.415 11594 11.435
1791642647.432 11596 11.352
1791642647.458 11599 11.434
1791642647.483 11602 11.485
1791642647.500 11604 11.628
1791642647.525 11607 11.378
1791642647.551 11610 11.441
1791642647.568 11612 11.396
1791642647.593 11615 11.497
1791642647.619 11618 11.573
1791642647.636 11620 11.618
1791642647.661 11623 11.593
1791642647.686 11626 11.383
1791642647.703 11628 11.293
1791642647.729 11631 11.268
1791642647.754 11634 11.170
1791642647.771 11636 11.280
1791642647.797 11639 11.245
1791642647.822 11642 11.333
1791642647.839 11644 11.356
1791642647.865 11647 11.427
1791642647.890 11650 11.461
1791642647.907 11652 11.335
1791642647.932 11655 11.310
1791642647.958 11658 11.331
1791642647.975 11660 11.293
1791642648.000 11663 11.241
1791642648.025 11666 11.219
1791642648.042 11668 11.306
1791642648.068 11671 11.315
1791642648.093 11674 11.353
1791642648.110 11676 11.291
1791642648.136 11679 11.428
1791642648.161 11682 11.426
1791642648.178 11684 11.210
1791642648.204 11687 11.370
1791642648.229 11690 11.242
1791642648.246 11692 11.364
1791642648.271 11695 11.419
1791642648.297 11698 11.488
1791642648.314 11700 11.428
1791642648.339 11703 11.223
1791642648.365 11706 11.495
1791642648.382 11708 11.415
1791642648.407 11711 11.451
1791642648.432 11714 11.287
1791642648.450 11716 11.523
1791642648.475 11719 11.386
1791642648.500 11722 11.343
1791642648.517 11724 11.232
1791642648.543 11727 11.591
1791642648.568 11730 11.356
1791642648.585 11732 11.317
1791642648.611 11735 11.504
1791642648.636 11738 11.669
1791642648.653 11740 11.650
1791642648.678 11743 11.381
1791642648.704 11746 11.428
1791642648.721 11748 11.411
1791642648.746 11751 11.393
1791642648.772 11754 11.368
1791642648.789 11756 11.583
1791642648.814 11759 11.321
1791642648.840 11762 11.495
1791642648.856 11764 11.275
1791642648.882 11767 11.458
1791642648.907 11770 11.369
1791642648.924 11772 11.341
1791642648.950 11775 11.496
1791642648.975 11778 11.484
1791642648.992 11780 11.373
1791642649.018 11783 11.438
1791642649.043 11786 11.490
1791642649.060 11788 11.487
1791642649.085 11791 11.547
1791642649.111 11794 11.441
1791642649.128 11796 11.621
1791642649.153 11799 11.355
1791642649.179 11802 11.539
1791642649.196 11804 11.721
1791642649.221 11807 11.556
1791642649.246 11810 11.424
1791642649.263 11812 11.339
1791642649.289 11815 11.533
1791642649.314 11818 11.334
1791642649.331 11820 11.443
1791642649.357 11823 11.338
1791642649.382 11826 11.551
1791642649.399 11828 11.500
1791642649.424 11831 11.285
1791642649.450 11834 11.438
1791642649.467 11836 11.445
1791642649.492 11839 11.446
1791642649.518 11842 11.390
1791642649.535 11844 11.437
1791642649.560 11847 11.374
1791642649.585 11850 11.265
1791642649.602 11852 11.365
1791642649.628 11855 11.435
1791642649.653 11858 11.393
1791642649.670 11860 11.458
1791642649.696 11863 11.502
1791642649.722 11866 11.714
1791642649.738 11868 11.284
1791642649.764 11871 11.643
1791642649.789 11874 11.318
1791642649.806 11876 11.409
1791642649.831 11879 11.346
1791642649.857 11882 11.541
1791642649.874 11884 11.316
1791642649.899 11887 11.249
1791642649.925 11890 11.339
1791642649.941 11892 11.271
1791642649.967 11895 11.334
1791642649.993 11898 11.474
1791642650.009 11900 11.331
1791642650.035 11903 11.346
1791642650.060 11906 11.329
1791642650.077 11908 11.362
1791642650.103 11911 11.419
1791642650.128 11914 11.465
1791642650.145 11916 11.374
1791642650.171 11919 11.446
1791642650.196 11922 11.469
1791642650.213 11924 11.228
1791642650.238 11927 11.319
1791642650.264 11930 11.470
1791642650.281 11932 11.344
1791642650.306 11935 11.415
1791642650.332 11938 11.361
1791642650.348 11940 11.284
1791642650.374 11943 11.497
1791642650.399 11946 11.425
1791642650.416 11948 11.368
1791642650.442 11951 11.313
1791642650.467 11954 11.442
1791642650.484 11956 11.233
1791642650.510 11959 11.364
1791642650.535 11962 11.278
1791642650.552 11964 11.336
1791642650.577 11967 11.246
1791642650.603 11970 11.250
1791642650.620 11972 11.148
1791642650.645 11975 11.275
1791642650.671 11978 11.470
1791642650.688 11980 11.417
1791642650.713 11983 11.428
1791642650.738 11986 11.270
1791642650.755 11988 11.236
1791642650.781 11991 11.355
1791642650.806 11994 11.493
1791642650.823 11996 11.547
1791642650.849 11999 11.502
1791642650.874 12002 11.492
1791642650.891 12004 11.345
1791642650.917 12007 11.318
1791642650.942 12010 11.459
1791642650.959 12012 11.301
1791642650.984 12015 11.207
1791642651.010 12018 11.303
1791642651.027 12020 11.290
1791642651.052 12023 11.455
1791642651.078 12026 11.503
1791642651.095 12028 11.478
1791642651.120 12031 11.303
1791642651.145 12034 11.375
1791642651.162 12036 11.326
1791642651.188 12039 11.426
1791642651.213 12042 11.403
1791642651.230 12044 11.240
1791642651.256 12047 11.363
1791642651.281 12050 11.334
1791642651.298 12052 11.299
1791642651.323 12055 11.289
1791642651.349 12058 11.308
1791642651.366 12060 11.245
1791642651.391 12063 11.321
1791642651.417 12066 11.324
1791642651.434 12068 11.396
1791642651.459 12071 11.359
1791642651.484 12074 11.257
1791642651.502 12076 11.352
1791642651.527 12079 11.333
1791642651.552 12082 11.408
1791642651.569 12084 11.349
1791642651.595 12087 11.400
1791642651.620 12090 11.442
1791642651.637 12092 11.284
1791642651.663 12095 11.535
1791642651.688 12098 11.429
1791642651.705 12100 11.283
1791642651.731 12103 11.627
1791642651.756 12106 11.376
1791642651.773 12108 11.379
1791642651.798 12111 11.310
1791642651.824 12114 11.553
1791642651.841 12116 11.373
1791642651.866 12119 11.460
1791642651.891 12122 11.335
1791642651.908 12124 11.355
1791642651.934 12127 11.444
1791642651.959 12130 11.365
1791642651.976 12132 11.377
1791642652.002 12135 11.365
1791642652.027 12138 11.226
1791642652.044 12140 11.303
1791642652.070 12143 11.602
1791642652.095 12146 11.468
1791642652.112 12148 11.376
1791642652.137 12151 11.459
1791642652.163 12154 11.513
1791642652.180 12156 11.492
1791642652.205 12159 11.512
1791642652.231 12162 11.681
1791642652.248 12164 11.492
1791642652.273 12167 11.543
1791642652.299 12170 11.496
1791642652.315 12172 11.408
1791642652.341 12175 11.460
1791642652.366 12178 11.517
1791642652.383 12180 11.363
1791642652.409 12183 11.393
1791642652.434 12186 11.438
1791642652.451 12188 11.363
1791642652.477 12191 11.451
1791642652.502 12194 11.578
1791642652.519 12196 11.536
1791642652.544 12199 11.424
1791642652.570 12202 11.357
1791642652.587 12204 11.358
1791642652.612 12207 11.310
1791642652.638 12210 11.482
1791642652.655 12212 11.600
1791642652.680 12215 11.516
1791642652.706 12218 11.526
1791642652.722 12220 11.343
1791642652.748 12223 11.485
1791642652.773 12226 11.352
1791642652.790 12228 11.371
1791642652.816 12231 11.475
1791642652.841 12234 11.410
1791642652.858 12236 11.343
1791642652.883 12239 11.417
1791642652.909 12242 11.411
1791642652.926 12244 11.442
1791642652.951 12247 11.420
1791642652.977 12250 11.395
1791642652.994 12252 11.443
1791642653.019 12255 11.419
1791642653.045 12258 11.420
1791642653.062 12260 11.614
1791642653.087 12263 11.257
1791642653.112 12266 11.495
1791642653.130 12268 11.782
1791642653.155 12271 11.523
1791642653.180 12274 11.297
1791642653.197 12276 11.271
1791642653.223 12279 11.422
1791642653.248 12282 11.345
1791642653.265 12284 11.507
1791642653.290 12287 11.360
1791642653.316 12290 11.375
1791642653.333 12292 11.289
1791642653.358 12295 11.390
1791642653.384 12298 11.314
1791642653.400 12300 11.229
1791642653.426 12303 11.264
1791642653.452 12306 11.439
1791642653.468 12308 11.432
1791642653.494 12311 11.426
1791642653.519 12314 11.535
1791642653.536 12316 11.409
1791642653.562 12319 11.561
1791642653.587 12322 11.320
1791642653.604 12324 11.632
1791642653.630 12327 11.460
1791642653.655 12330 11.294
1791642653.672 12332 11.376
1791642653.697 12335 11.350
1791642653.723 12338 11.489
1791642653.740 12340 11.373
1791642653.765 12343 11.341
1791642653.791 12346 11.691
1791642653.808 12348 11.552
1791642653.833 12351 11.499
1791642653.858 12354 11.443
1791642653.876 12356 11.618
1791642653.901 12359 11.522
1791642653.926 12362 11.433
1791642653.943 12364 11.418
1791642653.969 12367 11.548
1791642653.994 12370 11.372
1791642654.011 12372 11.364
1791642654.036 12375 11.366
1791642654.062 12378 11.512
1791642654.079 12380 11.425
1791642654.105 12383 11.601
1791642654.130 12386 11.365
1791642654.147 12388 11.265
1791642654.172 12391 11.418
1791642654.198 12394 11.669
1791642654.215 12396 11.498
1791642654.240 12399 11.412
1791642654.265 12402 11.491
1791642654.282 12404 11.537
1791642654.308 12407 11.569
1791642654.333 12410 11.375
1791642654.350 12412 11.371
1791642654.376 12415 11.479
1791642654.401 12418 11.411
1791642654.418 12420 11.544
1791642654.443 12423 11.329
1791642654.469 12426 11.531
1791642654.486 12428 11.435
1791642654.511 12431 11.318
1791642654.537 12434 11.403
1791642654.554 12436 11.373
1791642654.579 12439 11.392
1791642654.605 12442 11.424
1791642654.621 12444 11.415
1791642654.647 12447 11.376
1791642654.672 12450 11.554
1791642654.689 12452 11.498
1791642654.715 12455 11.458
1791642654.740 12458 11.477
1791642654.757 12460 11.277
1791642654.783 12463 11.385
1791642654.808 12466 11.426
1791642654.825 12468 11.500
1791642654.850 12471 11.458
1791642654.876 12474 11.565
1791642654.893 12476 11.540
1791642654.918 12479 11.478
1791642654.944 12482 11.509
1791642654.961 12484 11.532
1791642654.986 12487 11.328
1791642655.011 12490 11.361
1791642655.028 12492 11.485
1791642655.054 12495 11.479
1791642655.079 12498 11.414
1791642655.096 12500 11.296
1791642655.122 12503 11.521
1791642655.147 12506 11.341
1791642655.164 12508 11.477
1791642655.190 12511 11.741
1791642655.215 12514 11.586
1791642655.232 12516 11.465
1791642655.257 12519 11.528
1791642655.283 12522 11.582
1791642655.300 12524 11.879
1791642655.326 12527 11.777
1791642655.351 12530 11.576
1791642655.368 12532 11.582
1791642655.393 12535 11.643
1791642655.419 12538 11.657
1791642655.436 12540 11.653
1791642655.461 12543 11.577
1791642655.487 12546 11.786
1791642655.504 12548 11.743
1791642655.529 12551 11.719
1791642655.554 12554 11.476
1791642655.571 12556 11.588
1791642655.597 12559 12.356
1791642655.622 12562 11.642
1791642655.639 12564 11.303
1791642655.664 12567 11.585
1791642655.690 12570 11.645
1791642655.707 12572 11.667
1791642655.732 12575 11.535
1791642655.758 12578 11.493
1791642655.775 12580 11.536
1791642655.800 12583 11.744
1791642655.825 12586 11.533
1791642655.842 12588 11.269
1791642655.868 12591 11.549
1791642655.893 12594 11.460
1791642655.910 12596 11.574
1791642655.936 12599 11.455
1791642655.961 12602 11.490
1791642655.978 12604 11.492
1791642656.004 12607 11.759
1791642656.029 12610 11.586
1791642656.046 12612 11.565
1791642656.071 12615 11.598
1791642656.097 12618 11.723
1791642656.114 12620 11.539
1791642656.139 12623 11.383
1791642656.165 12626 11.582
1791642656.181 12628 11.462
1791642656.207 12631 11.470
1791642656.232 12634 11.438
1791642656.249 12636 11.391
1791642656.275 12639 11.370
1791642656.300 12642 11.429
1791642656.317 12644 11.400
1791642656.343 12647 11.521
1791642656.368 12650 11.457
1791642656.385 12652 11.441
1791642656.410 12655 11.398
1791642656.436 12658 11.537
1791642656.453 12660 11.401
1791642656.478 12663 11.343
1791642656.504 12666 11.573
1791642656.521 12668 11.549
1791642656.546 12671 11.370
1791642656.571 12674 11.381
1791642656.588 12676 11.312
1791642656.614 12679 11.529
1791642656.639 12682 11.372
1791642656.656 12684 11.640
1791642656.682 12687 11.553
1791642656.707 12690 11.622
1791642656.724 12692 11.552
1791642656.750 12695 11.474
1791642656.775 12698 11.409
1791642656.792 12700 11.378
1791642656.817 12703 11.454
1791642656.843 12706 11.686
1791642656.860 12708 11.589
1791642656.885 12711 11.571
1791642656.911 12714 11.702
1791642656.928 12716 11.557
1791642656.953 12719 11.449
1791642656.978 12722 11.478
1791642656.995 12724 11.286
1791642657.021 12727 11.485
1791642657.046 12730 11.392
1791642657.063 12732 11.451
1791642657.089 12735 11.458
1791642657.114 12738 11.457
1791642657.131 12740 11.474
1791642657.156 12743 11.422
1791642657.182 12746 11.352
1791642657.199 12748 11.223
1791642657.224 12751 11.317
1791642657.250 12754 11.578
1791642657.267 12756 11.521
1791642657.292 12759 11.537
1791642657.317 12762 11.441
1791642657.334 12764 11.355
1791642657.360 12767 11.387
1791642657.385 12770 11.609
1791642657.402 12772 11.318
1791642657.428 12775 11.290
1791642657.453 12778 11.378
1791642657.470 12780 11.391
1791642657.496 12783 11.525
1791642657.521 12786 11.540
1791642657.538 12788 11.553
1791642657.563 12791 11.522
1791642657.589 12794 11.483
1791642657.606 12796 11.475
1791642657.631 12799 11.524
1791642657.657 12802 11.405
1791642657.674 12804 11.477
1791642657.699 12807 11.567
1791642657.725 12810 11.624
1791642657.741 12812 11.443
1791642657.767 12815 11.409
1791642657.792 12818 11.447
1791642657.809 12820 11.467
1791642657.835 12823 11.400
1791642657.860 12826 11.467
1791642657.877 12828 11.543
1791642657.903 12831 11.513
1791642657.928 12834 11.689
1791642657.945 12836 11.482
1791642657.970 12839 11.440
1791642657.996 12842 11.464
1791642658.013 12844 11.341
1791642658.038 12847 11.397
1791642658.064 12850 11.440
1791642658.080 12852 11.374
1791642658.106 12855 11.315
1791642658.131 12858 11.515
1791642658.148 12860 11.375
1791642658.174 12863 11.536
1791642658.199 12866 11.586
1791642658.216 12868 11.429
1791642658.241 12871 11.320
1791642658.267 12874 11.428
1791642658.284 12876 11.372
1791642658.309 12879 11.440
1791642658.335 12882 11.535
1791642658.352 12884 11.369
1791642658.377 12887 11.614
1791642658.403 12890 11.551
1791642658.420 12892 11.396
1791642658.445 12895 11.427
1791642658.471 12898 11.459
1791642658.487 12900 11.365
1791642658.513 12903 11.496
1791642658.538 12906 11.465
1791642658.555 12908 11.316
1791642658.581 12911 11.470
1791642658.606 12914 11.532
1791642658.623 12916 11.569
1791642658.648 12919 11.370
1791642658.674 12922 11.561
1791642658.691 12924 11.546
1791642658.717 12927 11.600
1791642658.742 12930 11.491
1791642658.759 12932 11.496
1791642658.784 12935 11.411
1791642658.810 12938 11.761
1791642658.827 12940 11.497
1791642658.852 12943 11.661
1791642658.878 12946 11.617
1791642658.894 12948 11.530
1791642658.920 12951 11.630
1791642658.945 12954 11.489
1791642658.962 12956 11.491
1791642658.988 12959 11.391
1791642659.013 12962 11.521
1791642659.030 12964 11.425
1791642659.056 12967 11.517
1791642659.081 12970 11.437
1791642659.098 12972 11.436
1791642659.123 12975 11.365
1791642659.149 12978 11.543
1791642659.166 12980 11.466
1791642659.191 12983 11.412
1791642659.217 12986 11.666
1791642659.233 12988 11.383
1791642659.259 12991 11.649
1791642659.285 12994 11.756
1791642659.301 12996 11.445
1791642659.327 12999 11.594
1791642659.352 13002 11.528
1791642659.369 13004 11.413
1791642659.395 13007 11.472
1791642659.420 13010 11.675
1791642659.437 13012 11.523
1791642659.463 13015 11.567
1791642659.488 13018 11.397
1791642659.505 13020 11.510
1791642659.530 13023 11.569
1791642659.556 13026 11.468
1791642659.573 13028 11.325
1791642659.598 13031 11.441
1791642659.623 13034 11.441
1791642659.640 13036 11.254
1791642659.666 13039 11.313
1791642659.691 13042 11.184
1791642659.708 13044 11.398
1791642659.734 13047 11.434
1791642659.759 13050 11.379
1791642659.776 13052 11.333
1791642659.802 13055 11.516
1791642659.827 13058 11.397
1791642659.844 13060 11.505
1791642659.869 13063 11.438
1791642659.895 13066 11.371
1791642659.912 13068 11.385
1791642659.937 13071 11.260
1791642659.963 13074 11.431
1791642659.979 13076 11.311
1791642660.005 13079 11.529
1791642660.031 13082 11.837
1791642660.048 13084 11.590
1791642660.073 13087 11.695
1791642660.098 13090 11.366
1791642660.115 13092 11.327
1791642660.141 13095 11.517
1791642660.166 13098 11.529
1791642660.183 13100 11.403
1791642660.209 13103 11.513
1791642660.234 13106 11.408
1791642660.251 13108 11.536
1791642660.276 13111 11.440
1791642660.302 13114 11.526
1791642660.318 13116 11.253
1791642660.344 13119 11.402
1791642660.370 13122 11.579
1791642660.386 13124 11.307
1791642660.412 13127 11.508
1791642660.437 13130 11.457
1791642660.454 13132 11.498
1791642660.480 13135 11.697
1791642660.505 13138 11.363
1791642660.522 13140 11.478
1791642660.548 13143 11.558
1791642660.573 13146 11.543
1791642660.590 13148 11.510
1791642660.615 13151 11.443
1791642660.641 13154 11.521
1791642660.658 13156 11.401
1791642660.683 13159 11.480
1791642660.709 13162 11.389
1791642660.726 13164 11.707
1791642660.751 13167 11.524
1791642660.777 13170 11.621
1791642660.793 13172 11.380
1791642660.819 13175 11.484
1791642660.844 13178 11.402
1791642660.861 13180 11.264
1791642660.887 13183 11.336
1791642660.912 13186 11.328
1791642660.929 13188 11.252
1791642660.954 13191 11.293
1791642660.980 13194 11.637
1791642660.997 13196 11.520
1791642661.022 13199 11.281
1791642661.048 13202 11.357
1791642661.065 13204 11.426
1791642661.090 13207 11.414
1791642661.116 13210 11.384
1791642661.132 13212 11.362
1791642661.158 13215 11.312
1791642661.183 13218 11.301
1791642661.200 13220 11.284
1791642661.226 13223 11.373
1791642661.251 13226 11.487
1791642661.268 13228 11.208
1791642661.294 13231 11.401
1791642661.319 13234 11.390
1791642661.336 13236 11.329
1791642661.361 13239 11.331
1791642661.387 13242 11.297
1791642661.404 13244 11.347
1791642661.429 13247 11.283
1791642661.455 13250 11.462
1791642661.472 13252 11.796
1791642661.497 13255 11.517
1791642661.523 13258 11.441
1791642661.540 13260 11.687
1791642661.565 13263 11.439
1791642661.590 13266 11.531
1791642661.607 13268 11.254
1791642661.633 13271 11.776
1791642661.658 13274 11.399
1791642661.675 13276 11.370
1791642661.701 13279 11.443
1791642661.726 13282 11.507
1791642661.743 13284 11.402
1791642661.768 13287 11.404
1791642661.794 13290 11.546
1791642661.811 13292 11.431
1791642661.836 13295 11.381
1791642661.862 13298 11.490
1791642661.879 13300 11.419
1791642661.904 13303 11.374
1791642661.929 13306 11.360
1791642661.946 13308 11.303
1791642661.972 13311 11.539
1791642661.997 13314 11.581
1791642662.015 13316 11.691
1791642662.040 13319 11.440
1791642662.065 13322 11.214
1791642662.082 13324 11.255
1791642662.107 13327 11.272
1791642662.133 13330 11.382
1791642662.150 13332 11.485
1791642662.175 13335 11.375
1791642662.201 13338 11.350
1791642662.218 13340 11.291
1791642662.243 13343 11.387
1791642662.269 13346 11.396
1791642662.285 13348 11.312
1791642662.311 13351 11.371
1791642662.336 13354 11.386
1791642662.353 13356 11.354
1791642662.379 13359 11.432
1791642662.404 13362 11.420
1791642662.421 13364 11.617
1791642662.446 13367 11.263
1791642662.472 13370 11.321
1791642662.489 13372 11.400
1791642662.515 13375 11.531
1791642662.540 13378 11.358
1791642662.557 13380 11.277
1791642662.582 13383 11.482
1791642662.608 13386 11.486
1791642662.625 13388 11.367
1791642662.650 13391 11.464
1791642662.676 13394 11.460
1791642662.692 13396 11.360
1791642662.718 13399 11.343
1791642662.743 13402 11.479
1791642662.760 13404 11.313
1791642662.786 13407 11.405
1791642662.811 13410 11.363
1791642662.828 13412 11.370
1791642662.853 13415 11.316
1791642662.879 13418 11.330
1791642662.896 13420 11.319
1791642662.921 13423 11.321
1791642662.947 13426 11.251
1791642662.964 13428 11.257
1791642662.989 13431 11.272
1791642663.015 13434 11.474
1791642663.032 13436 11.520
1791642663.057 13439 11.562
1791642663.082 13442 11.437
1791642663.099 13444 11.396
1791642663.125 13447 11.353
1791642663.150 13450 11.355
1791642663.167 13452 11.304
1791642663.193 13455 11.451
1791642663.218 13458 11.433
1791642663.235 13460 11.404
1791642663.260 13463 11.383
1791642663.286 13466 11.416
1791642663.303 13468 11.335
1791642663.328 13471 11.466
1791642663.354 13474 11.436
1791642663.371 13476 11.370
1791642663.396 13479 11.291
1791642663.422 13482 11.535
1791642663.439 13484 11.386
1791642663.464 13487 11.394
1791642663.489 13490 11.355
1791642663.506 13492 11.376
1791642663.532 13495 11.575
1791642663.557 13498 11.445
1791642663.574 13500 11.370
1791642663.600 13503 11.379
1791642663.625 13506 11.497
1791642663.642 13508 11.395
1791642663.667 13511 11.277
1791642663.693 13514 11.360
1791642663.710 13516 11.448
1791642663.735 13519 11.565
1791642663.761 13522 11.447
1791642663.778 13524 11.330
1791642663.803 13527 11.336
1791642663.829 13530 11.462
1791642663.846 13532 11.595
1791642663.871 13535 11.636
1791642663.896 13538 11.399
1791642663.914 13540 11.657
1791642663.939 13543 11.456
1791642663.964 13546 11.438
1791642663.981 13548 11.461
1791642664.007 13551 11.737
1791642664.032 13554 11.498
1791642664.049 13556 11.378
1791642664.075 13559 11.546
1791642664.100 13562 11.614
1791642664.117 13564 11.403
1791642664.142 13567 11.446
1791642664.168 13570 11.592
1791642664.185 13572 11.529
1791642664.210 13575 11.731
1791642664.236 13578 11.502
1791642664.253 13580 11.541
1791642664.278 13583 11.539
1791642664.303 13586 11.542
1791642664.320 13588 11.443
1791642664.346 13591 11.460
1791642664.371 13594 11.423
1791642664.388 13596 11.320
1791642664.414 13599 11.670
1791642664.439 13602 11.603
1791642664.456 13604 11.486
1791642664.481 13607 11.483
1791642664.507 13610 11.701
1791642664.524 13612 11.553
1791642664.549 13615 11.451
1791642664.575 13618 11.587
1791642664.591 13620 11.299
1791642664.617 13623 11.649
1791642664.642 13626 11.459
1791642664.659 13628 11.376
1791642664.685 13631 11.630
1791642664.710 13634 11.595
1791642664.727 13636 11.582
1791642664.753 13639 11.553
1791642664.778 13642 11.521
1791642664.795 13644 11.517
1791642664.820 13647 11.444
1791642664.846 13650 11.531
1791642664.863 13652 11.544
1791642664.888 13655 11.569
1791642664.914 13658 11.502
1791642664.931 13660 11.442
1791642664.956 13663 11.459
1791642664.982 13666 11.505
1791642664.999 13668 11.509
1791642665.024 13671 11.598
1791642665.049 13674 11.463
1791642665.066 13676 11.591
1791642665.092 13679 11.629
1791642665.117 13682 11.591
1791642665.134 13684 11.554
1791642665.160 13687 11.559
1791642665.185 13690 11.544
1791642665.202 13692 11.566
1791642665.227 13695 11.479
1791642665.253 13698 11.538
1791642665.270 13700 11.476
1791642665.295 13703 11.524
1791642665.321 13706 11.526
1791642665.338 13708 11.390
1791642665.363 13711 11.516
1791642665.389 13714 11.508
1791642665.406 13716 11.571
1791642665.431 13719 11.415
1791642665.456 13722 11.540
1791642665.473 13724 11.393
1791642665.499 13727 11.479
1791642665.524 13730 11.416
1791642665.541 13732 11.335
1791642665.567 13735 11.507
1791642665.592 13738 11.509
1791642665.609 13740 11.752
1791642665.635 13743 11.726
1791642665.660 13746 11.387
1791642665.677 13748 11.515
1791642665.702 13751 11.463
1791642665.728 13754 11.491
1791642665.745 13756 11.417
1791642665.770 13759 11.554
1791642665.796 13762 11.526
1791642665.813 13764 11.558
1791642665.838 13767 11.565
1791642665.863 13770 11.668
1791642665.880 13772 11.444
1791642665.906 13775 11.673
1791642665.931 13778 11.514
1791642665.948 13780 11.485
1791642665.974 13783 11.708
1791642665.999 13786 11.553
1791642666.016 13788 11.651
1791642666.041 13791 11.519
1791642666.067 13794 11.790
1791642666.084 13796 11.837
1791642666.109 13799 11.552
1791642666.135 13802 11.603
1791642666.152 13804 11.528
1791642666.177 13807 11.639
1791642666.203 13810 11.608
1791642666.220 13812 11.617
1791642666.245 13815 11.602
1791642666.270 13818 11.596
1791642666.287 13820 11.736
1791642666.313 13823 11.674
1791642666.338 13826 11.382
1791642666.355 13828 11.484
1791642666.381 13831 11.544
1791642666.406 13834 11.474
1791642666.423 13836 11.606
1791642666.448 13839 11.455
1791642666.474 13842 11.601
1791642666.491 13844 11.355
1791642666.516 13847 11.621
1791642666.541 13850 11.395
1791642666.559 13852 11.569
1791642666.584 13855 11.451
1791642666.610 13858 11.666
1791642666.627 13860 11.671
1791642666.652 13863 11.645
1791642666.677 13866 11.413
1791642666.694 13868 11.365
1791642666.720 13871 11.470
1791642666.745 13874 11.282
1791642666.762 13876 11.288
1791642666.787 13879 11.255
1791642666.813 13882 11.433
1791642666.830 13884 11.417
1791642666.855 13887 11.492
1791642666.881 13890 11.526
1791642666.898 13892 11.523
1791642666.923 13895 11.492
1791642666.949 13898 11.508
1791642666.965 13900 11.423
1791642666.991 13903 11.507
1791642667.016 13906 11.512
1791642667.033 13908 11.359
1791642667.059 13911 11.616
1791642667.084 13914 11.420
1791642667.101 13916 11.533
1791642667.127 13919 11.676
1791642667.152 13922 11.535
1791642667.169 13924 11.665
1791642667.194 13927 11.485
1791642667.220 13930 11.483
1791642667.237 13932 11.354
1791642667.262 13935 11.411
1791642667.288 13938 11.486
1791642667.304 13940 11.405
1791642667.330 13943 11.487
1791642667.356 13946 11.627
1791642667.372 13948 11.394
1791642667.398 13951 11.535
1791642667.423 13954 11.547
1791642667.440 13956 11.361
1791642667.466 13959 11.714
1791642667.491 13962 11.289
1791642667.508 13964 11.358
1791642667.533 13967 11.405
1791642667.559 13970 11.488
1791642667.576 13972 11.422
1791642667.601 13975 11.388
1791642667.627 13978 11.728
1791642667.644 13980 11.376
1791642667.669 13983 11.620
1791642667.694 13986 11.353
1791642667.711 13988 11.328
1791642667.737 13991 11.501
1791642667.763 13994 11.667
1791642667.779 13996 11.552
1791642667.805 13999 11.511
1791642667.830 14002 11.380
1791642667.847 14004 11.329
1791642667.873 14007 11.414
1791642667.898 14010 11.451
1791642667.915 14012 11.516
1791642667.941 14015 11.617
1791642667.966 14018 11.494
1791642667.983 14020 11.451
1791642668.008 14023 11.411
1791642668.034 14026 11.419
1791642668.051 14028 11.431
1791642668.076 14031 11.563
1791642668.102 14034 11.573
1791642668.118 14036 11.379
1791642668.144 14039 11.463
1791642668.169 14042 11.572
1791642668.186 14044 11.563
1791642668.212 14047 11.427
1791642668.237 14050 11.435
1791642668.254 14052 11.333
1791642668.279 14055 11.393
1791642668.305 14058 11.383
1791642668.322 14060 11.411
1791642668.347 14063 11.511
1791642668.373 14066 11.690
1791642668.390 14068 11.426
1791642668.415 14071 11.394
1791642668.441 14074 11.478
1791642668.457 14076 11.327
1791642668.483 14079 11.420
1791642668.508 14082 11.397
1791642668.525 14084 11.439
1791642668.551 14087 11.435
1791642668.576 14090 11.447
1791642668.593 14092 11.471
1791642668.619 14095 11.359
1791642668.644 14098 11.579
1791642668.661 14100 11.513
1791642668.687 14103 11.517
1791642668.712 14106 11.560
1791642668.729 14108 11.406
1791642668.754 14111 11.345
1791642668.780 14114 11.499
1791642668.796 14116 11.219
1791642668.822 14119 11.353
1791642668.847 14122 11.380
1791642668.864 14124 11.367
1791642668.890 14127 11.324
1791642668.915 14130 11.354
1791642668.932 14132 11.306
1791642668.958 14135 11.263
1791642668.983 14138 11.357
1791642669.000 14140 11.384
1791642669.025 14143 11.349
1791642669.051 14146 11.352
1791642669.068 14148 11.488
1791642669.093 14151 11.357
1791642669.119 14154 11.375
1791642669.133 14156 11.628
1791642669.150 14159 11.570
1791642669.167 14162 11.518
1791642669.173 14164 6.411
1791642669.197 14167 12.244
1791642669.213 14170 11.800
1791642669.219 14172 6.668
1791642669.235 14175 6.415
1791642669.253 14178 6.483
1791642669.269 14180 11.511
1791642669.286 14183 11.634
1791642669.303 14186 11.556
1791642669.309 14188 6.553
1791642669.332 14191 11.532
1791642669.349 14194 12.068
1791642669.359 14196 11.307
1791642669.372 14199 7.383
1791642669.388 14202 6.481
1791642669.406 14204 13.019
1791642669.422 14207 11.711
1791642669.438 14210 11.273
1791642669.450 14212 11.699
1791642669.467 14215 11.835
1791642669.484 14218 11.448
1791642669.490 14220 6.642
1791642669.513 14223 11.880
1791642669.530 14226 12.112
1791642669.540 14228 11.331
1791642669.552 14231 6.519
1791642669.569 14234 6.561
1791642669.586 14236 11.716
1791642669.602 14239 11.533
1791642669.619 14242 11.597
1791642669.626 14244 6.807
1791642669.643 14247 6.887
1791642669.659 14250 6.497
1791642669.676 14252 11.999
1791642669.694 14255 12.214
1791642669.710 14258 11.893
1791642669.721 14260 11.689
1791642669.738 14263 11.597
1791642669.755 14266 11.412
1791642669.768 14268 12.894
1791642669.784 14271 11.781
1791642669.800 14274 11.303
1791642669.812 14276 11.792
1791642669.829 14279 11.679
1791642669.845 14282 11.420
1791642669.852 14284 6.364
1791642669.869 14287 6.734
1791642669.886 14290 6.519
1791642669.902 14292 11.716
1791642669.919 14295 11.558
1791642669.936 14298 11.645
1791642669.943 14300 7.440
1791642669.959 14303 6.614
1791642669.976 14306 6.480
1791642669.993 14308 12.135
1791642670.010 14311 12.032
1791642670.027 14314 12.142
1791642670.037 14316 11.315
1791642670.054 14319 11.323
1791642670.066 14322 6.519
1791642670.083 14324 12.092
1791642670.100 14327 12.068
1791642670.117 14330 12.138
1791642670.128 14332 11.575
1791642670.145 14335 11.427
1791642670.157 14338 6.508
1791642670.174 14340 12.194
1791642670.192 14343 13.182
1791642670.208 14346 12.158
1791642670.218 14348 11.393
1791642670.235 14351 11.647
1791642670.252 14354 11.561
1791642670.259 14356 6.658
1791642670.275 14359 6.390
1791642670.292 14362 6.434
1791642670.309 14364 11.912
1791642670.327 14367 12.292
1791642670.343 14370 11.579
1791642670.349 14372 6.541
1791642670.372 14375 11.634
1791642670.389 14378 12.038
1791642670.399 14380 11.351
1791642670.416 14383 11.283
1791642670.428 14386 6.632
1791642670.445 14388 11.751
1791642670.461 14391 11.329
1791642670.473 14394 6.298
1791642670.491 14396 12.242
1791642670.507 14399 11.469
1791642670.523 14402 11.368
1791642670.536 14404 12.162
1791642670.552 14407 11.610
1791642670.569 14410 11.498
1791642670.582 14412 13.113
1791642670.598 14415 12.164
1791642670.615 14418 12.052
1791642670.625 14420 11.280
1791642670.638 14423 6.966
1791642670.660 14426 11.863
1791642670.670 14428 11.339
1791642670.683 14431 6.777
1791642670.705 14434 11.857
1791642670.716 14436 11.336
1791642670.733 14439 11.845
1791642670.750 14442 11.417
1791642670.756 14444 6.473
1791642670.773 14447 6.472
1791642670.790 14450 6.454
1791642670.808 14452 13.276
1791642670.823 14455 11.616
1791642670.840 14458 11.334
1791642670.852 14460 11.989
1791642670.868 14463 11.513
1791642670.885 14466 11.456
1791642670.892 14468 6.845
1791642670.909 14471 6.488
1791642670.931 14474 11.692
1791642670.942 14476 11.278
1791642670.954 14479 6.617
1791642670.971 14482 6.532
1791642670.988 14484 12.250
1791642671.004 14487 11.596
1791642671.021 14490 11.442
1791642671.028 14492 7.252
1791642671.050 14495 11.531
1791642671.067 14498 12.059
1791642671.077 14500 11.287
1791642671.095 14503 11.674
1791642671.111 14506 11.598
1791642671.118 14508 6.418
1791642671.140 14511 11.760
1791642671.157 14514 12.023
1791642671.168 14516 11.338
1791642671.185 14519 11.315
1791642671.197 14522 6.654
1791642671.213 14524 11.703
1791642671.230 14527 11.217
1791642671.247 14530 11.456
1791642671.259 14532 11.986
1791642671.276 14535 12.001
1791642671.293 14538 12.160
1791642671.303 14540 11.397
1791642671.316 14543 6.680
1791642671.332 14546 6.534
1791642671.349 14548 11.858
1791642671.366 14551 11.717
1791642671.383 14554 11.518
1791642671.389 14556 6.789
1791642671.412 14559 11.896
1791642671.428 14562 11.548
1791642671.435 14564 7.251
1791642671.451 14567 6.515
1791642671.474 14570 11.786
1791642671.484 14572 11.390
1791642671.501 14575 11.586
1791642671.519 14578 11.817
1791642671.525 14580 6.426
1791642671.547 14583 11.704
1791642671.564 14586 12.014
1791642671.575 14588 11.531
1791642671.592 14591 11.498
1791642671.604 14594 6.493
1791642671.621 14596 12.188
1791642671.637 14599 11.685
1791642671.654 14602 11.283
1791642671.666 14604 11.628
1791642671.683 14607 11.978
1791642671.700 14610 12.017
1791642671.710 14612 11.441
1791642671.727 14615 11.501
1791642671.744 14618 11.298
1791642671.756 14620 11.805
1791642671.773 14623 11.657
1791642671.790 14626 11.706
1791642671.796 14628 6.884
1791642671.813 14631 6.496
1791642671.830 14634 6.502
1791642671.847 14636 12.189
1791642671.864 14639 11.863
1791642671.881 14642 11.908
1791642671.891 14644 11.599
1791642671.909 14647 11.970
1791642671.926 14650 12.232
1791642671.937 14652 12.190
1791642671.954 14655 11.962
1791642671.971 14658 11.982
1791642671.982 14660 11.477
1791642671.999 14663 12.017
1791642672.016 14666 11.796
1791642672.022 14668 6.422
1791642672.039 14671 6.524
1791642672.062 14674 11.700
1791642672.072 14676 11.365
1791642672.084 14679 6.594
1791642672.107 14682 11.877
1791642672.117 14684 11.196
1791642672.130 14687 6.779
1791642672.146 14690 6.570
1791642672.163 14692 12.070
1791642672.180 14695 12.051
1791642672.197 14698 12.014
1791642672.208 14700 11.438
1791642672.225 14703 11.414
1791642672.237 14706 6.546
1791642672.254 14708 11.925
1791642672.270 14711 11.562
1791642672.287 14714 11.506
1791642672.293 14716 6.385
1791642672.316 14719 11.724
1791642672.333 14722 11.945
1791642672.343 14724 11.380
1791642672.360 14727 11.528
1791642672.372 14730 6.496
1791642672.390 14732 12.739
1791642672.407 14735 12.327
1791642672.423 14738 11.855
1791642672.434 14740 11.420
1791642672.451 14743 11.489
1791642672.468 14746 11.498
1791642672.480 14748 11.577
1791642672.497 14751 12.400
1791642672.514 14754 12.188
1791642672.524 14756 11.505
1791642672.542 14759 11.861
1791642672.559 14762 11.847
1791642672.565 14764 6.760
1791642672.587 14767 11.685
1791642672.604 14770 12.088
1791642672.615 14772 11.390
1791642672.628 14775 7.812
1791642672.644 14778 6.570
1791642672.661 14780 12.540
1791642672.678 14783 11.986
1791642672.695 14786 12.433
1791642672.705 14788 11.520
1791642672.722 14791 11.343
1791642672.734 14794 6.608
1791642672.751 14796 11.998
1791642672.768 14799 11.858
1791642672.785 14802 11.711
1791642672.791 14804 6.507
1791642672.808 14807 6.587
1791642672.830 14810 11.625
1791642672.841 14812 11.395
1791642672.853 14815 6.569
1791642672.870 14818 6.666
1791642672.887 14820 12.158
1791642672.904 14823 12.347
1791642672.920 14826 11.669
1791642672.926 14828 6.334
1791642672.943 14831 6.434
1791642672.960 14834 6.328
1791642672.978 14836 12.906
1791642672.994 14839 12.068
1791642673.011 14842 12.051
1791642673.022 14844 11.273
1791642673.034 14847 6.385
1791642673.056 14850 11.789
1791642673.067 14852 11.377
1791642673.079 14855 6.541
1791642673.102 14858 12.000
1791642673.112 14860 11.307
1791642673.129 14863 11.406
1791642673.146 14866 11.540
1791642673.152 14868 6.416
1791642673.169 14871 6.562
1791642673.187 14874 6.738
1791642673.203 14876 11.506
1791642673.220 14879 11.462
1791642673.236 14882 11.477
1791642673.243 14884 6.506
1791642673.260 14887 6.627
1791642673.277 14890 6.515
1791642673.294 14892 12.161
1791642673.311 14895 11.993
1791642673.328 14898 11.960
1791642673.338 14900 11.364
1791642673.352 14903 8.367
1791642673.373 14906 11.898
1791642673.383 14908 11.316
1791642673.397 14911 8.141
1791642673.412 14914 6.393
1791642673.430 14916 12.236
1791642673.446 14919 11.462
1791642673.463 14922 11.791
1791642673.470 14924 7.642
1791642673.486 14927 6.533
1791642673.503 14930 6.581
1791642673.520 14932 11.992
1791642673.536 14935 11.530
1791642673.553 14938 11.367
1791642673.560 14940 7.197
1791642673.582 14943 11.879
1791642673.598 14946 11.452
1791642673.605 14948 6.975
1791642673.627 14951 11.807
1791642673.644 14954 11.610
1791642673.650 14956 6.755
1791642673.667 14959 6.800
1791642673.690 14962 12.042
1791642673.700 14964 11.423
1791642673.717 14967 11.881
1791642673.734 14970 11.651
1791642673.741 14972 7.362
1791642673.758 14975 7.438
1791642673.780 14978 11.690
1791642673.791 14980 11.789
1791642673.808 14983 11.643
1791642673.824 14986 11.600
1791642673.831 14988 6.617
1791642673.848 14991 6.695
1791642673.865 14994 6.715
1791642673.882 14996 12.116
1791642673.899 14999 12.144
1791642673.916 15002 12.286
1791642673.926 15004 11.495
1791642673.943 15007 11.657
1791642673.960 15010 11.570
1791642673.966 15012 6.496
1791642673.989 15015 12.170
1791642674.005 15018 11.654
1791642674.011 15020 6.449
1791642674.029 15023 6.640
1791642674.045 15026 6.439
1791642674.063 15028 12.203
1791642674.079 15031 12.042
1791642674.097 15034 12.367
1791642674.107 15036 11.359
1791642674.119 15039 6.696
1791642674.136 15042 6.623
1791642674.152 15044 11.647
1791642674.169 15047 11.218
1791642674.186 15050 11.394
1791642674.198 15052 11.931
1791642674.215 15055 12.031
1791642674.232 15058 12.087
1791642674.242 15060 11.373
1791642674.260 15063 11.689
1791642674.277 15066 11.748
1791642674.283 15068 6.612
1791642674.300 15071 6.674
1791642674.317 15074 6.775
1791642674.334 15076 12.173
1791642674.351 15079 12.011
1791642674.367 15082 11.934
1791642674.378 15084 11.669
1791642674.395 15087 11.668
1791642674.412 15090 11.699
1791642674.420 15092 8.010
1791642674.435 15095 6.571
1791642674.452 15098 6.532
1791642674.469 15100 11.529
1791642674.486 15103 11.474
1791642674.502 15106 11.363
1791642674.509 15108 6.395
1791642674.532 15111 11.781
1791642674.548 15114 11.538
1791642674.554 15116 6.330
1791642674.577 15119 11.832
1791642674.593 15122 11.513
1791642674.600 15124 7.215
1791642674.616 15127 6.422
1791642674.633 15130 6.526
1791642674.650 15132 12.299
1791642674.667 15135 11.958
1791642674.684 15138 11.914
1791642674.695 15140 11.546
1791642674.711 15143 11.295
1791642674.723 15146 6.352
1791642674.741 15148 12.285
1791642674.758 15151 12.097
1791642674.775 15154 12.056
1791642674.785 15156 11.750
1791642674.802 15159 11.552
1791642674.819 15162 11.806
1791642674.826 15164 6.662
1791642674.842 15167 6.522
1791642674.860 15170 7.367
1791642674.877 15172 12.972
1791642674.894 15175 12.644
1791642674.910 15178 11.993
1791642674.921 15180 11.320
1791642674.934 15183 7.761
1791642674.950 15186 6.768
1791642674.967 15188 12.163
1791642674.984 15191 11.977
1791642675.001 15194 12.335
1791642675.011 15196 11.446
1791642675.023 15199 6.347
1791642675.040 15202 6.602
1791642675.056 15204 11.464
1791642675.074 15207 11.596
1791642675.090 15210 11.390
1791642675.097 15212 6.643
1791642675.114 15215 7.087
1791642675.131 15218 6.649
1791642675.149 15220 13.306
1791642675.165 15223 12.355
1791642675.182 15226 12.163
1791642675.192 15228 11.534
1791642675.209 15231 11.581
1791642675.226 15234 11.584
1791642675.232 15236 6.502
1791642675.249 15239 6.486
1791642675.272 15242 11.749
1791642675.282 15244 11.400
1791642675.299 15247 11.452
1791642675.317 15250 11.588
1791642675.323 15252 6.805
1791642675.340 15255 6.842
1791642675.357 15258 6.597
1791642675.373 15260 11.897
1791642675.390 15263 11.644
1791642675.407 15266 11.941
1791642675.413 15268 6.610
1791642675.430 15271 6.765
1791642675.453 15274 11.916
1791642675.463 15276 11.453
1791642675.480 15279 11.299
1791642675.492 15282 6.441
1791642675.509 15284 12.018
1791642675.526 15287 12.006
1791642675.543 15290 12.078
1791642675.554 15292 11.333
1791642675.566 15295 6.609
1791642675.583 15298 6.793
1791642675.600 15300 12.324
1791642675.617 15303 12.161
1791642675.634 15306 12.239
1791642675.644 15308 11.324
1791642675.656 15311 6.467
1791642675.673 15314 6.563
1791642675.690 15316 12.189
1791642675.707 15319 11.579
1791642675.724 15322 11.618
1791642675.731 15324 7.682
1791642675.752 15327 11.630
1791642675.769 15330 12.016
1791642675.780 15332 11.384
1791642675.792 15335 6.609
1791642675.809 15338 6.567
1791642675.826 15340 12.162
1791642675.843 15343 11.852
1791642675.859 15346 11.720
1791642675.866 15348 6.654
1791642675.883 15351 6.790
1791642675.899 15354 6.373
1791642675.916 15356 11.492
1791642675.932 15359 11.438
1791642675.949 15362 11.409
1791642675.956 15364 6.432
1791642675.973 15367 6.583
1791642675.996 15370 11.954
1791642676.006 15372 11.668
1791642676.023 15375 11.541
1791642676.040 15378 11.461
1791642676.052 15380 11.542
1791642676.068 15383 11.795
1791642676.085 15386 11.531
1791642676.099 15388 13.539
1791642676.114 15391 11.905
1791642676.131 15394 12.135
1791642676.142 15396 11.435
1791642676.158 15399 11.452
1791642676.170 15402 6.353
1791642676.187 15404 11.728
1791642676.204 15407 11.510
1791642676.221 15410 11.389
1791642676.227 15412 6.561
1791642676.244 15415 6.434
1791642676.261 15418 6.605
1791642676.278 15420 11.866
1791642676.294 15423 11.632
1791642676.311 15426 11.773
1791642676.318 15428 6.797
1791642676.335 15431 6.577
1791642676.352 15434 6.873
1791642676.369 15436 12.183
1791642676.385 15439 12.064
1791642676.402 15442 12.044
1791642676.413 15444 11.646
1791642676.430 15447 11.647
1791642676.447 15450 11.731
1791642676.453 15452 6.380
1791642676.471 15455 6.919
1791642676.487 15458 6.536
1791642676.504 15460 11.786
1791642676.520 15463 11.639
1791642676.537 15466 11.605
1791642676.544 15468 6.681
1791642676.561 15471 6.854
1791642676.583 15474 11.579
1791642676.594 15476 11.460
1791642676.611 15479 11.740
1791642676.627 15482 11.340
1791642676.634 15484 6.512
1791642676.657 15487 11.623
1791642676.674 15490 12.099
1791642676.684 15492 11.271
1791642676.696 15495 6.407
1791642676.719 15498 11.935
1791642676.730 15500 11.534
1791642676.746 15503 11.352
1791642676.759 15506 6.670
1791642676.775 15508 11.697
1791642676.792 15511 11.627
1791642676.809 15514 11.692
1791642676.815 15516 6.988
1791642676.832 15519 6.968
1791642676.849 15522 6.765
1791642676.867 15524 13.269
1791642676.883 15527 12.242
1791642676.900 15530 12.019
1791642676.910 15532 11.504
1791642676.927 15535 11.507
1791642676.944 15538 11.510
1791642676.951 15540 6.592
1791642676.973 15543 12.006
1791642676.990 15546 12.098
1791642677.001 15548 11.356
1791642677.013 15551 6.539
1791642677.035 15554 11.830
1791642677.046 15556 11.488
1791642677.058 15559 6.630
1791642677.075 15562 6.557
1791642677.092 15564 12.297
1791642677.109 15567 12.220
1791642677.126 15570 12.102
1791642677.136 15572 11.412
1791642677.153 15575 11.375
1791642677.170 15578 11.701
1791642677.177 15580 6.647
1791642677.199 15583 11.803
1791642677.216 15586 11.883
1791642677.222 15588 6.618
1791642677.239 15591 6.563
1791642677.256 15594 6.410
1791642677.273 15596 11.918
1791642677.290 15599 12.149
1791642677.307 15602 12.219
1791642677.317 15604 11.468
1791642677.334 15607 11.233
1791642677.346 15610 6.458
1791642677.363 15612 11.793
1791642677.380 15615 11.988
1791642677.396 15618 11.572
1791642677.402 15620 6.299
1791642677.420 15623 6.658
1791642677.442 15626 11.707
1791642677.453 15628 11.381
1791642677.470 15631 11.499
1791642677.487 15634 11.334
1791642677.499 15636 11.633
1791642677.516 15639 11.968
1791642677.532 15642 11.551
1791642677.538 15644 6.472
1791642677.561 15647 11.843
1791642677.577 15650 11.391
1791642677.584 15652 6.984
1791642677.600 15655 6.503
1791642677.623 15658 11.586
1791642677.634 15660 11.306
1791642677.651 15663 11.493
1791642677.668 15666 11.438
1791642677.674 15668 6.502
1791642677.696 15671 11.436
1791642677.714 15674 12.155
1791642677.724 15676 11.367
1791642677.741 15679 11.258
1791642677.753 15682 6.412
1791642677.769 15684 11.431
1791642677.786 15687 11.263
1791642677.798 15690 6.424
1791642677.815 15692 12.106
1791642677.832 15695 11.659
1791642677.849 15698 11.717
1791642677.855 15700 6.967
1791642677.872 15703 6.621
1791642677.889 15706 6.385
1791642677.905 15708 11.589
1791642677.922 15711 11.482
1791642677.934 15714 6.623
1791642677.950 15716 11.660
1791642677.967 15719 11.572
1791642677.984 15722 11.468
1791642677.990 15724 6.457
1791642678.007 15727 6.415
1791642678.024 15730 6.429
1791642678.041 15732 11.925
1791642678.058 15735 12.202
1791642678.076 15738 12.267
1791642678.086 15740 11.546
1791642678.103 15743 11.605
1791642678.120 15746 11.413
1791642678.126 15748 6.428
1791642678.149 15751 11.902
1791642678.166 15754 12.051
1791642678.176 15756 11.232
1791642678.188 15759 6.403
1791642678.205 15762 6.454
1791642678.222 15764 11.713
1791642678.238 15767 11.461
1791642678.255 15770 11.343
1791642678.262 15772 6.492
1791642678.284 15775 11.645
1791642678.301 15778 11.574
1791642678.307 15780 6.462
1791642678.324 15783 6.487
1791642678.341 15786 6.492
1791642678.358 15788 12.288
1791642678.375 15791 11.896
1791642678.391 15794 11.682
1791642678.397 15796 6.546
1791642678.420 15799 11.896
1791642678.436 15802 11.427
1791642678.443 15804 6.798
1791642678.460 15807 6.463
1791642678.482 15810 11.697
1791642678.493 15812 11.413
1791642678.510 15815 11.356
1791642678.527 15818 11.416
1791642678.533 15820 6.626
1791642678.550 15823 6.455
1791642678.567 15826 6.502
1791642678.583 15828 11.736
1791642678.600 15831 11.441
1791642678.617 15834 11.320
1791642678.624 15836 7.010
1791642678.646 15839 11.503
1791642678.663 15842 11.904
1791642678.674 15844 11.349
1791642678.691 15847 11.506
1791642678.703 15850 6.449
1791642678.721 15852 13.465
1791642678.736 15855 11.990
1791642678.753 15858 12.005
1791642678.764 15860 11.238
1791642678.776 15863 6.372
1791642678.799 15866 11.818
1791642678.809 15868 11.360
1791642678.821 15871 6.652
1791642678.844 15874 11.982
1791642678.855 15876 11.522
1791642678.872 15879 11.608
1791642678.889 15882 12.013
1791642678.895 15884 6.541
1791642678.912 15887 6.489
1791642678.929 15890 6.445
1791642678.945 15892 11.672
1791642678.962 15895 11.517
1791642678.979 15898 11.534
1791642678.985 15900 6.529
1791642679.002 15903 6.564
1791642679.025 15906 11.802
1791642679.035 15908 11.251
1791642679.047 15911 6.507
1791642679.064 15914 6.542
1791642679.081 15916 11.525
1791642679.098 15919 11.439
1791642679.115 15922 11.473
1791642679.122 15924 7.663
1791642679.143 15927 11.605
1791642679.160 15930 11.452
1791642679.166 15932 6.455
1791642679.189 15935 11.868
1791642679.205 15938 11.502
1791642679.211 15940 6.399
1791642679.234 15943 11.700
1791642679.250 15946 11.677
1791642679.256 15948 6.366
1791642679.279 15951 11.729
1791642679.296 15954 11.583
1791642679.302 15956 6.266
1791642679.319 15959 6.612
1791642679.336 15962 6.619
1791642679.352 15964 11.490
1791642679.369 15967 11.622
1791642679.386 15970 11.987
1791642679.392 15972 6.611
1791642679.409 15975 6.570
1791642679.432 15978 11.922
1791642679.442 15980 11.346
1791642679.454 15983 6.503
1791642679.471 15986 6.639
1791642679.488 15988 11.533
1791642679.504 15991 11.448
1791642679.516 15994 6.316
1791642679.533 15996 11.891
1791642679.550 15999 12.081
1791642679.567 16002 11.625
1791642679.573 16004 6.604
1791642679.590 16007 6.543
1791642679.607 16010 6.477
1791642679.623 16012 11.576
1791642679.640 16015 11.327
1791642679.657 16018 11.713
1791642679.664 16020 6.579
1791642679.686 16023 11.617
1791642679.702 16026 11.403
1791642679.709 16028 6.847
1791642679.726 16031 6.573
1791642679.748 16034 11.569
1791642679.759 16036 11.477
1791642679.776 16039 11.402
1791642679.788 16042 6.427
1791642679.804 16044 11.411
1791642679.821 16047 11.398
1791642679.838 16050 11.307
1791642679.850 16052 11.882
1791642679.867 16055 11.798
1791642679.884 16058 11.799
1791642679.894 16060 11.403
1791642679.907 16063 6.713
1791642679.924 16066 6.565
1791642679.940 16068 11.805
1791642679.957 16071 11.438
1791642679.974 16074 11.630
1791642679.980 16076 6.466
1791642680.003 16079 11.887
1791642680.020 16082 12.195
1791642680.030 16084 11.546
1791642680.047 16087 11.300
1791642680.059 16090 6.421
1791642680.076 16092 12.058
1791642680.093 16095 11.563
1791642680.109 16098 11.568
1791642680.116 16100 6.435
1791642680.138 16103 11.831
1791642680.155 16106 11.718
1791642680.161 16108 6.448
1791642680.184 16111 11.758
1791642680.200 16114 11.544
1791642680.206 16116 6.500
1791642680.229 16119 11.653
1791642680.246 16122 12.188
1791642680.256 16124 11.356
1791642680.268 16127 6.596
1791642680.291 16130 11.735
1791642680.301 16132 11.337
1791642680.314 16135 6.800
1791642680.331 16138 6.654
1791642680.347 16140 12.127
1791642680.364 16143 11.966
1791642680.382 16146 12.258
1791642680.392 16148 11.582
1791642680.409 16151 11.784
1791642680.426 16154 11.699
1791642680.432 16156 6.726
1791642680.449 16159 6.892
1791642680.466 16162 6.597
1791642680.484 16164 13.080
1791642680.500 16167 12.276
1791642680.517 16170 12.102
1791642680.528 16172 11.494
1791642680.545 16175 11.547
1791642680.561 16178 11.285
1791642680.574 16180 11.776
1791642680.590 16183 11.805
1791642680.607 16186 11.856
1791642680.618 16188 11.335
1791642680.635 16191 11.868
1791642680.652 16194 11.552
1791642680.658 16196 6.350
1791642680.675 16199 6.434
1791642680.698 16202 11.644
1791642680.708 16204 11.417
1791642680.722 16207 8.136
1791642680.737 16210 6.662
1791642680.754 16212 11.754
1791642680.770 16215 11.238
1791642680.788 16218 11.570
1791642680.795 16220 7.593
1791642680.811 16223 6.530
1791642680.834 16226 11.772
1791642680.844 16228 11.416
1791642680.861 16231 11.321
1791642680.873 16234 6.667
1791642680.890 16236 12.002
1791642680.906 16239 11.529
1791642680.923 16242 11.606
1791642680.932 16244 8.934
1791642680.946 16247 6.511
1791642680.969 16250 11.860
1791642680.980 16252 11.468
1791642680.997 16255 11.538
1791642681.014 16258 11.798
1791642681.020 16260 6.583
1791642681.037 16263 6.724
1791642681.054 16266 6.721
1791642681.071 16268 12.166
1791642681.088 16271 12.039
1791642681.104 16274 11.664
1791642681.110 16276 6.550
1791642681.127 16279 6.449
1791642681.144 16282 6.436
1791642681.161 16284 11.474
1791642681.177 16287 11.260
1791642681.189 16290 6.418
1791642681.207 16292 12.157
1791642681.223 16295 12.030
1791642681.240 16298 11.962
1791642681.251 16300 11.572
1791642681.268 16303 11.599
1791642681.285 16306 11.538
1791642681.292 16308 7.279
1791642681.308 16311 6.750
1791642681.331 16314 11.718
1791642681.341 16316 11.482
1791642681.358 16319 11.455
1791642681.375 16322 11.556
1791642681.382 16324 6.552
1791642681.399 16327 6.687
1791642681.416 16330 6.978
1791642681.433 16332 12.087
1791642681.449 16335 11.622
1791642681.466 16338 11.782
1791642681.475 16340 9.466
1791642681.489 16343 6.690
1791642681.506 16346 6.441
1791642681.523 16348 12.206
1791642681.540 16351 12.128
1791642681.557 16354 12.015
1791642681.567 16356 11.355
1791642681.584 16359 11.405
1791642681.602 16362 11.650
1791642681.608 16364 6.496
1791642681.625 16367 6.872
1791642681.642 16370 6.600
1791642681.659 16372 12.198
1791642681.675 16375 11.657
1791642681.692 16378 11.597
1791642681.699 16380 7.376
1791642681.716 16383 7.597
1791642681.732 16386 6.436
1791642681.749 16388 12.212
1791642681.766 16391 11.636
1791642681.782 16394 11.377
1791642681.789 16396 6.613
1791642681.806 16399 6.731
1791642681.823 16402 6.929
1791642681.840 16404 12.663
1791642681.857 16407 12.005
1791642681.873 16410 11.776
1791642681.880 16412 7.027
1791642681.897 16415 7.664
1791642681.913 16418 6.624
1791642681.930 16420 12.130
1791642681.947 16423 12.211
1791642681.964 16426 11.899
1791642681.975 16428 11.556
1791642681.992 16431 11.688
1791642682.008 16434 11.615
1791642682.015 16436 6.781
1791642682.037 16439 11.885
1791642682.054 16442 11.763
1791642682.060 16444 6.870
1791642682.082 16447 11.717
1791642682.099 16450 11.815
1791642682.110 16452 11.314
1791642682.124 16455 8.535
1791642682.145 16458 11.932
1791642682.155 16460 11.387
1791642682.172 16463 11.318
1791642682.184 16466 6.407
1791642682.201 16468 12.171
1791642682.218 16471 12.041
1791642682.235 16474 11.825
1791642682.241 16476 6.350
1791642682.258 16479 6.703
1791642682.275 16482 6.474
1791642682.291 16484 11.617
1791642682.308 16487 11.696
1791642682.325 16490 11.354
1791642682.337 16492 11.623
1791642682.354 16495 11.948
1791642682.371 16498 12.069
1791642682.381 16500 11.490
1791642682.399 16503 11.649
1791642682.415 16506 11.559
1791642682.423 16508 8.024
1791642682.439 16511 7.166
1791642682.456 16514 6.486
1791642682.473 16516 12.484
1791642682.489 16519 11.979
1791642682.506 16522 11.900
1791642682.517 16524 11.407
1791642682.530 16527 6.998
1791642682.546 16530 6.514
1791642682.563 16532 11.974
1791642682.579 16535 11.589
1791642682.596 16538 11.380
1791642682.610 16540 13.692
1791642682.625 16543 11.660
1791642682.641 16546 11.468
1791642682.648 16548 6.615
1791642682.671 16551 12.060
1791642682.687 16554 11.542
1791642682.693 16556 6.370
1791642682.710 16559 6.581
1791642682.727 16562 6.580
1791642682.744 16564 12.211
1791642682.761 16567 12.117
1791642682.778 16570 12.116
1791642682.788 16572 11.348
1791642682.801 16575 6.729
1791642682.823 16578 11.509
1791642682.833 16580 11.387
1791642682.851 16583 11.480
1791642682.862 16586 6.428
1791642682.879 16588 11.936
1791642682.896 16591 11.785
1791642682.913 16594 11.950
1791642682.924 16596 11.374
1791642682.936 16599 6.874
1791642682.953 16602 6.461
1791642682.969 16604 11.794
1791642682.987 16607 11.873
1791642683.003 16610 11.539
1791642683.009 16612 6.514
1791642683.027 16615 6.632
1791642683.049 16618 11.782
1791642683.059 16620 11.304
1791642683.076 16623 11.311
1791642683.088 16626 6.411
1791642683.105 16628 11.587
1791642683.122 16631 11.613
1791642683.139 16634 11.522
1791642683.145 16636 6.397
1791642683.162 16639 6.510
1791642683.185 16642 11.778
1791642683.195 16644 11.317
1791642683.207 16647 6.563
1791642683.224 16650 6.583
1791642683.241 16652 11.797
1791642683.258 16655 11.803
1791642683.275 16658 11.796
1791642683.281 16660 6.352
1791642683.298 16663 6.570
1791642683.315 16666 6.566
1791642683.331 16668 11.483
1791642683.348 16671 11.682
1791642683.365 16674 11.507
1791642683.371 16676 6.450
1791642683.394 16679 11.664
1791642683.411 16682 11.935
1791642683.421 16684 11.404
1791642683.438 16687 11.462
1791642683.455 16690 11.599
1791642683.462 16692 6.852
1791642683.479 16695 6.795
1791642683.496 16698 6.722
1791642683.512 16700 11.516
1791642683.529 16703 11.434
1791642683.546 16706 11.583
1791642683.553 16708 7.529
1791642683.569 16711 6.484
1791642683.592 16714 11.815
1791642683.602 16716 11.288
1791642683.614 16719 6.489
1791642683.637 16722 11.781
1791642683.647 16724 11.375
1791642683.664 16727 11.581
1791642683.681 16730 11.189
1791642683.693 16732 11.526
1791642683.710 16735 11.602
1791642683.727 16738 11.485
1791642683.733 16740 6.483
1791642683.751 16743 7.716
1791642683.767 16746 6.449
1791642683.783 16748 11.579
1791642683.800 16751 11.659
1791642683.817 16754 11.437
1791642683.823 16756 6.361
1791642683.840 16759 6.610
1791642683.863 16762 11.922
1791642683.873 16764 11.262
1791642683.885 16767 6.311
1791642683.902 16770 6.545
1791642683.919 16772 11.505
1791642683.936 16775 11.353
1791642683.948 16778 6.373
1791642683.964 16780 11.512
1791642683.981 16783 11.427
1791642683.998 16786 11.617
1791642684.004 16788 6.646
1791642684.021 16791 6.597
1791642684.044 16794 11.642
1791642684.054 16796 11.432
1791642684.071 16799 11.372
1791642684.083 16802 6.492
1791642684.100 16804 11.889
1791642684.117 16807 11.618
1791642684.133 16810 11.459
1791642684.140 16812 6.490
1791642684.157 16815 6.375
1791642684.174 16818 6.440
1791642684.191 16820 12.039
1791642684.207 16823 11.643
1791642684.224 16826 11.513
1791642684.231 16828 7.388
1791642684.247 16831 6.585
1791642684.264 16834 6.481
1791642684.281 16836 11.991
1791642684.298 16839 11.598
1791642684.314 16842 11.373
1791642684.321 16844 6.342
1791642684.343 16847 11.605
1791642684.360 16850 11.473
1791642684.366 16852 6.300
1791642684.388 16855 11.667
1791642684.405 16858 11.523
1791642684.411 16860 6.552
1791642684.428 16863 6.500
1791642684.451 16866 11.643
1791642684.461 16868 11.380
1791642684.478 16871 11.647
1791642684.495 16874 11.274
1791642684.502 16876 6.505
1791642684.519 16879 6.540
1791642684.536 16882 6.577
1791642684.552 16884 11.803
1791642684.569 16887 12.080
1791642684.586 16890 11.831
1791642684.597 16892 11.429
1791642684.614 16895 11.546
1791642684.626 16898 6.679
1791642684.643 16900 12.120
1791642684.660 16903 12.030
1791642684.676 16906 11.635
1791642684.682 16908 6.240
1791642684.699 16911 6.458
1791642684.716 16914 6.393
1791642684.733 16916 11.548
1791642684.750 16919 11.583
1791642684.767 16922 11.449
1791642684.773 16924 6.422
1791642684.790 16927 6.454
1791642684.807 16930 6.282
1791642684.823 16932 11.573
1791642684.840 16935 11.280
1791642684.857 16938 11.496
1791642684.863 16940 6.376
1791642684.881 16943 6.848
1791642684.903 16946 11.696
1791642684.913 16948 11.426
1791642684.930 16951 11.536
1791642684.947 16954 11.438
1791642684.954 16956 6.586
1791642684.971 16959 6.950
1791642684.988 16962 6.545
1791642685.005 16964 12.491
1791642685.022 16967 12.257
1791642685.038 16970 11.610
1791642685.044 16972 6.524
1791642685.061 16975 6.553
1791642685.084 16978 11.894
1791642685.094 16980 11.487
1791642685.111 16983 11.589
1791642685.129 16986 11.948
1791642685.135 16988 7.070
1791642685.157 16991 11.784
1791642685.174 16994 11.876
1791642685.185 16996 11.467
1791642685.202 16999 11.765
1791642685.219 17002 11.727
1791642685.225 17004 6.444
1791642685.248 17007 12.106
1791642685.264 17010 11.825
1791642685.271 17012 6.803
1791642685.293 17015 11.727
1791642685.310 17018 12.352
1791642685.320 17020 11.358
1791642685.333 17023 6.888
1791642685.349 17026 6.593
1791642685.366 17028 12.021
1791642685.383 17031 11.992
1791642685.400 17034 11.589
1791642685.406 17036 6.461
1791642685.428 17039 11.550
1791642685.445 17042 12.009
1791642685.456 17044 11.312
1791642685.473 17047 11.931
1791642685.490 17050 11.559
1791642685.497 17052 6.715
1791642685.514 17055 6.833
1791642685.532 17058 8.352
1791642685.548 17060 12.288
1791642685.564 17063 12.091
1791642685.581 17066 12.396
1791642685.592 17068 11.317
1791642685.604 17071 6.812
1791642685.621 17074 6.605
1791642685.638 17076 12.287
1791642685.654 17079 11.611
1791642685.671 17082 11.691
1791642685.678 17084 6.996
1791642685.695 17087 7.463
1791642685.717 17090 11.951
1791642685.727 17092 11.280
1791642685.739 17095 6.642
1791642685.757 17098 6.728
1791642685.774 17100 12.665
1791642685.790 17103 12.034
1791642685.807 17106 11.790
1791642685.813 17108 6.873
1791642685.830 17111 6.939
1791642685.847 17114 6.613
1791642685.864 17116 12.185
1791642685.881 17119 12.283
1791642685.898 17122 12.272
1791642685.908 17124 11.519
1791642685.925 17127 11.524
1791642685.942 17130 11.370
1791642685.954 17132 11.770
1791642685.971 17135 11.773
1791642685.988 17138 11.685
1791642685.995 17140 7.917
1791642686.011 17143 6.782
1791642686.028 17146 7.065
1791642686.045 17148 12.069
1791642686.062 17151 11.964
1791642686.079 17154 12.130
1791642686.089 17156 11.518
1791642686.106 17159 11.656
1791642686.123 17162 11.387
1791642686.135 17164 11.908
1791642686.152 17167 11.730
1791642686.168 17170 11.404
1791642686.180 17172 11.994
1791642686.197 17175 11.511
1791642686.214 17178 11.729
1791642686.220 17180 6.743
1791642686.242 17183 11.693
1791642686.259 17186 11.729
1791642686.265 17188 6.814
1791642686.282 17191 6.461
1791642686.299 17194 6.627
1791642686.316 17196 12.115
1791642686.333 17199 11.715
1791642686.350 17202 12.102
1791642686.356 17204 6.645
1791642686.373 17207 6.663
1791642686.389 17210 6.385
1791642686.406 17212 12.040
1791642686.423 17215 12.141
1791642686.440 17218 12.084
1791642686.451 17220 11.426
1791642686.463 17223 6.490
1791642686.487 17226 13.313
1791642686.496 17228 11.267
1791642686.508 17231 6.619
1791642686.525 17234 6.458
1791642686.542 17236 12.018
1791642686.558 17239 11.611
1791642686.576 17242 11.830
1791642686.583 17244 8.090
1791642686.599 17247 6.645
1791642686.615 17250 6.356
1791642686.633 17252 12.286
1791642686.649 17255 11.576
1791642686.666 17258 11.599
1791642686.673 17260 7.690
1791642686.695 17263 11.762
1791642686.711 17266 11.970
1791642686.722 17268 11.531
1791642686.739 17271 11.536
1791642686.756 17274 11.619
1791642686.763 17276 6.817
1791642686.785 17279 11.547
1791642686.802 17282 11.799
1791642686.812 17284 11.374
1791642686.829 17287 11.418
1791642686.846 17290 11.466
1791642686.854 17292 7.763
1791642686.870 17295 6.411
1791642686.892 17298 11.458
1791642686.903 17300 11.393
1791642686.920 17303 11.683
1791642686.937 17306 11.548
1791642686.943 17308 6.475
1791642686.960 17311 6.721
1791642686.977 17314 6.560
1791642686.994 17316 12.073
1791642687.011 17319 11.709
1791642687.027 17322 11.300
1791642687.039 17324 11.549
1791642687.056 17327 12.132
1791642687.074 17330 12.400
1791642687.084 17332 11.577
1791642687.101 17335 11.654
1791642687.118 17338 11.397
1791642687.124 17340 6.436
1791642687.147 17343 11.786
1791642687.164 17346 12.103
1791642687.174 17348 11.334
1791642687.191 17351 11.515
1791642687.208 17354 11.583
1791642687.215 17356 6.581
1791642687.232 17359 6.634
1791642687.254 17362 11.907
1791642687.265 17364 11.895
1791642687.282 17367 11.514
1791642687.299 17370 11.551
1791642687.305 17372 6.491
1791642687.322 17375 6.747
1791642687.344 17378 11.577
1791642687.355 17380 11.401
1791642687.367 17383 6.603
1791642687.390 17386 11.720
1791642687.400 17388 11.346
1791642687.417 17391 11.468
1791642687.434 17394 11.547
1791642687.441 17396 6.587
1791642687.458 17399 6.598
1791642687.480 17402 11.839
1791642687.491 17404 11.444
1791642687.508 17407 11.375
1791642687.520 17410 6.607
1791642687.536 17412 11.630
1791642687.553 17415 11.699
1791642687.570 17418 11.887
1791642687.576 17420 6.621
1791642687.593 17423 6.646
1791642687.610 17426 6.519
1791642687.627 17428 11.951
1791642687.643 17431 11.429
1791642687.660 17434 11.345
1791642687.672 17436 11.826
1791642687.689 17439 12.019
1791642687.706 17442 11.841
1791642687.717 17444 11.244
1791642687.730 17447 7.616
1791642687.746 17450 6.622
1791642687.763 17452 12.097
1791642687.779 17455 11.607
1791642687.796 17458 11.254
1791642687.808 17460 11.988
1791642687.825 17463 11.694
1791642687.841 17466 11.434
1791642687.847 17468 6.434
1791642687.870 17471 11.926
1791642687.887 17474 12.033
1791642687.898 17476 11.303
1791642687.910 17479 6.832
1791642687.926 17482 6.226
1791642687.943 17484 11.890
1791642687.960 17487 11.769
1791642687.977 17490 11.646
1791642687.984 17492 7.298
1791642688.000 17495 6.531
1791642688.017 17498 6.531
1791642688.034 17500 11.608
1791642688.050 17503 11.374
1791642688.067 17506 11.642
1791642688.074 17508 6.449
1791642688.096 17511 12.042
1791642688.113 17514 11.860
1791642688.124 17516 11.559
1791642688.141 17519 11.576
1791642688.158 17522 11.290
1791642688.170 17524 11.525
1791642688.187 17527 11.981
1791642688.203 17530 11.943
1791642688.214 17532 11.313
1791642688.231 17535 11.409
1791642688.248 17538 11.396
1791642688.254 17540 6.328
1791642688.277 17543 11.608
1791642688.294 17546 11.973
1791642688.304 17548 11.195
1791642688.317 17551 6.569
1791642688.339 17554 11.842
1791642688.350 17556 11.343
1791642688.362 17559 6.501
1791642688.384 17562 11.592
1791642688.395 17564 11.369
1791642688.412 17567 11.347
1791642688.424 17570 6.338
1791642688.441 17572 11.799
1791642688.457 17575 11.613
1791642688.474 17578 11.278
1791642688.486 17580 11.578
1791642688.503 17583 11.921
1791642688.520 17586 11.522
1791642688.527 17588 7.684
1791642688.543 17591 6.499
1791642688.560 17594 6.565
1791642688.576 17596 11.570
1791642688.593 17599 11.549
1791642688.610 17602 11.709
1791642688.616 17604 6.572
1791642688.639 17607 11.795
1791642688.655 17610 11.549
1791642688.661 17612 6.527
1791642688.685 17615 12.682
1791642688.702 17618 13.116
1791642688.712 17620 11.435
1791642688.728 17623 11.360
1791642688.741 17626 7.207
1791642688.758 17628 12.152
1791642688.774 17631 12.069
1791642688.791 17634 12.148
1791642688.802 17636 11.402
1791642688.819 17639 11.339
1791642688.831 17642 6.281
1791642688.848 17644 11.993
1791642688.865 17647 11.988
1791642688.882 17650 11.982
1791642688.892 17652 11.340
1791642688.909 17655 11.409
1791642688.921 17658 6.438
1791642688.938 17660 11.874
1791642688.955 17663 11.586
1791642688.972 17666 11.434
1791642688.980 17668 8.654
1791642688.996 17671 7.750
1791642689.018 17674 11.877
1791642689.028 17676 11.349
1791642689.040 17679 6.413
1791642689.063 17682 11.658
1791642689.073 17684 11.232
1791642689.085 17687 6.269
1791642689.102 17690 6.558
1791642689.119 17692 12.197
1791642689.137 17695 12.434
1791642689.153 17698 11.971
1791642689.163 17700 11.209
1791642689.176 17703 6.338
1791642689.193 17706 6.537
1791642689.209 17708 11.849
1791642689.226 17711 11.568
1791642689.243 17714 11.324
1791642689.255 17716 11.638
1791642689.272 17719 12.165
1791642689.289 17722 12.063
1791642689.299 17724 11.319
1791642689.311 17727 6.414
1791642689.334 17730 11.808
1791642689.344 17732 11.333
1791642689.357 17735 6.741
1791642689.374 17738 6.435
1791642689.390 17740 11.551
1791642689.407 17743 11.505
1791642689.424 17746 11.555
1791642689.432 17748 8.419
1791642689.447 17751 6.704
1791642689.464 17754 6.619
1791642689.481 17756 11.847
1791642689.499 17759 13.138
1791642689.514 17762 11.516
1791642689.521 17764 6.580
1791642689.543 17767 11.920
1791642689.560 17770 11.740
1791642689.566 17772 6.683
1791642689.583 17775 6.552
1791642689.606 17778 12.411
1791642689.616 17780 11.413
1791642689.634 17783 12.208
1791642689.650 17786 11.411
1791642689.656 17788 6.674
1791642689.673 17791 6.799
1791642689.696 17794 11.574
1791642689.706 17796 11.331
1791642689.719 17799 6.864
1791642689.736 17802 6.748
1791642689.752 17804 11.637
1791642689.769 17807 11.505
1791642689.785 17810 11.359
1791642689.797 17812 11.727
1791642689.814 17815 11.630
1791642689.831 17818 11.375
1791642689.843 17820 11.831
1791642689.859 17823 11.592
1791642689.876 17826 11.199
1791642689.888 17828 11.708
1791642689.905 17831 12.032
1791642689.921 17834 11.637
1791642689.928 17836 6.606
1791642689.944 17839 6.465
1791642689.967 17842 11.744
1791642689.978 17844 11.340
1791642689.990 17847 6.864
1791642690.007 17850 6.647
1791642690.024 17852 12.127
1791642690.040 17855 11.752
1791642690.057 17858 11.539
1791642690.063 17860 6.516
1791642690.083 17863 9.482
1791642690.103 17866 11.538
1791642690.113 17868 11.340
1791642690.125 17871 6.677
1791642690.142 17874 6.611
1791642690.159 17876 11.822
1791642690.175 17879 11.212
1791642690.187 17882 6.545
1791642690.205 17884 12.198
1791642690.221 17887 11.932
1791642690.238 17890 11.641
1791642690.244 17892 6.431
1791642690.267 17895 11.756
1791642690.283 17898 11.571
1791642690.289 17900 6.530
1791642690.312 17903 11.719
1791642690.329 17906 12.076
1791642690.339 17908 11.492
1791642690.356 17911 11.652
1791642690.373 17914 11.629
1791642690.379 17916 6.268
1791642690.402 17919 11.784
1791642690.419 17922 11.428
1791642690.425 17924 6.506
1791642690.442 17927 6.516
1791642690.459 17930 6.523
1791642690.470 17932 6.443
1791642690.487 17935 6.438
1791642690.510 17938 11.682
1791642690.520 17940 11.333
1791642690.533 17943 7.319
1791642690.555 17946 11.644
1791642690.566 17948 11.641
1791642690.583 17951 11.874
1791642690.599 17954 11.236
1791642690.607 17956 7.742
1791642690.628 17959 11.906
1791642690.645 17962 11.588
1791642690.651 17964 6.332
1791642690.668 17967 6.958
1791642690.685 17970 6.409
1791642690.702 17972 11.981
1791642690.719 17975 12.042
1791642690.735 17978 11.625
1791642690.741 17980 6.521
1791642690.759 17983 7.258
1791642690.781 17986 11.992
1791642690.791 17988 11.395
1791642690.808 17991 11.458
1791642690.825 17994 11.514
1791642690.832 17996 6.574
1791642690.849 17999 6.452
1791642690.866 18002 6.391
1791642690.883 18004 12.151
1791642690.899 18007 11.600
1791642690.916 18010 11.645
1791642690.923 18012 7.285
1791642690.939 18015 6.474
1791642690.956 18018 6.642
1791642690.973 18020 12.077
1791642690.990 18023 12.124
1791642691.007 18026 11.939
1791642691.018 18028 11.483
1791642691.034 18031 11.456
1791642691.051 18034 11.408
1791642691.058 18036 6.615
1791642691.080 18039 11.551
1791642691.097 18042 12.082
1791642691.108 18044 11.467
1791642691.125 18047 11.809
1791642691.142 18050 11.742
1791642691.148 18052 6.455
1791642691.166 18055 7.045
1791642691.182 18058 6.600
1791642691.200 18060 12.165
1791642691.216 18063 12.276
1791642691.233 18066 11.553
1791642691.239 18068 6.346
1791642691.256 18071 6.644
1791642691.273 18074 6.615
1791642691.290 18076 12.243
1791642691.306 18079 11.660
1791642691.323 18082 11.725
1791642691.329 18084 6.696
1791642691.346 18087 6.623
1791642691.369 18090 11.803
1791642691.379 18092 11.487
1791642691.396 18095 11.543
1791642691.413 18098 11.523
1791642691.420 18100 6.425
1791642691.442 18103 11.843
1791642691.459 18106 11.870
1791642691.470 18108 11.396
1791642691.482 18111 6.791
1791642691.499 18114 6.582
1791642691.516 18116 12.150
1791642691.533 18119 12.128
1791642691.550 18122 11.989
1791642691.560 18124 11.386
1791642691.572 18127 6.746
1791642691.589 18130 6.643
1791642691.606 18132 12.087
1791642691.623 18135 12.185
1791642691.640 18138 12.070
1791642691.650 18140 11.309
1791642691.663 18143 6.737
1791642691.680 18146 6.598
1791642691.696 18148 11.980
1791642691.713 18151 11.529
1791642691.730 18154 11.335
1791642691.742 18156 11.871
1791642691.758 18159 11.700
1791642691.775 18162 11.546
1791642691.781 18164 6.544
1791642691.800 18167 8.364
1791642691.815 18170 6.654
1791642691.834 18172 13.921
1791642691.849 18175 12.117
1791642691.866 18178 11.868
1791642691.877 18180 11.603
1791642691.894 18183 11.465
1791642691.905 18186 6.321
1791642691.924 18188 13.551
1791642691.940 18191 12.067
1791642691.956 18194 12.094
1791642691.967 18196 11.435
1791642691.984 18199 11.433
1791642691.996 18202 6.756
1791642692.013 18204 12.121
1791642692.030 18207 11.707
1791642692.046 18210 11.414
1791642692.053 18212 6.589
1791642692.070 18215 6.695
1791642692.087 18218 6.578
1791642692.103 18220 11.780
1791642692.120 18223 11.433
1791642692.132 18226 6.752
1791642692.148 18228 11.495
1791642692.165 18231 11.528
1791642692.182 18234 11.358
1791642692.188 18236 6.483
1791642692.205 18239 6.448
1791642692.222 18242 6.578
1791642692.239 18244 11.682
1791642692.256 18247 11.641
1791642692.272 18250 11.432
1791642692.279 18252 6.627
1791642692.301 18255 11.848
1791642692.318 18258 11.541
1791642692.324 18260 6.606
1791642692.341 18263 6.667
1791642692.363 18266 11.766
1791642692.374 18268 11.725
1791642692.391 18271 11.745
1791642692.408 18274 11.880
1791642692.414 18276 6.579
1791642692.431 18279 6.605
1791642692.448 18282 6.511
1791642692.465 18284 11.769
1791642692.482 18287 11.688
1791642692.498 18290 11.481
1791642692.505 18292 6.573
1791642692.522 18295 6.654
1791642692.539 18298 6.422
1791642692.556 18300 12.265
1791642692.573 18303 12.162
1791642692.590 18306 12.052
1791642692.600 18308 11.303
1791642692.613 18311 7.408
1791642692.629 18314 6.574
1791642692.646 18316 12.096
1791642692.663 18319 12.253
1791642692.680 18322 11.678
1791642692.691 18324 11.613
1791642692.708 18327 12.144
1791642692.725 18330 11.951
1791642692.731 18332 6.921
1791642692.748 18335 6.793
1791642692.770 18338 11.744
1791642692.781 18340 11.327
1791642692.798 18343 11.571
1791642692.815 18346 11.867
1791642692.821 18348 6.340
1791642692.838 18351 6.666
1791642692.855 18354 6.612
1791642692.873 18356 12.907
1791642692.889 18359 12.052
1791642692.906 18362 11.553
1791642692.912 18364 6.630
1791642692.928 18367 6.332
1791642692.946 18370 6.430
1791642692.962 18372 11.528
1791642692.979 18375 11.349
1791642692.991 18378 6.481
1791642693.008 18380 11.859
1791642693.024 18383 11.683
1791642693.041 18386 11.350
1791642693.053 18388 11.850
1791642693.070 18391 11.942
1791642693.086 18394 11.497
1791642693.092 18396 6.354
1791642693.115 18399 11.668
1791642693.132 18402 11.736
1791642693.143 18404 11.279
1791642693.155 18407 6.612
1791642693.172 18410 6.664
1791642693.189 18412 12.368
1791642693.206 18415 12.060
1791642693.222 18418 11.817
1791642693.228 18420 6.725
1791642693.251 18423 12.037
1791642693.267 18426 11.488
1791642693.273 18428 6.553
1791642693.296 18431 11.795
1791642693.312 18434 11.514
1791642693.318 18436 6.267
1791642693.341 18439 11.827
1791642693.358 18442 12.171
1791642693.368 18444 11.198
1791642693.381 18447 6.278
1791642693.398 18450 6.492
1791642693.415 18452 12.110
1791642693.431 18455 11.621
1791642693.448 18458 11.671
1791642693.454 18460 6.596
1791642693.471 18463 6.407
1791642693.494 18466 11.482
1791642693.504 18468 11.383
1791642693.521 18471 11.440
1791642693.538 18474 11.396
1791642693.545 18476 6.558
1791642693.567 18479 11.625
1791642693.584 18482 11.648
1791642693.590 18484 6.367
1791642693.613 18487 11.916
1791642693.630 18490 12.198
1791642693.640 18492 11.417
1791642693.657 18495 11.472
1791642693.674 18498 11.369
1791642693.686 18500 11.819
1791642693.703 18503 11.670
1791642693.719 18506 11.566
1791642693.726 18508 6.946
1791642693.743 18511 6.782
1791642693.760 18514 6.584
1791642693.776 18516 12.063
1791642693.793 18519 11.661
1791642693.810 18522 11.346
1791642693.822 18524 11.878
1791642693.838 18527 11.560
1791642693.855 18530 11.424
1791642693.863 18532 8.261
1791642693.884 18535 11.774
1791642693.901 18538 12.009
1791642693.911 18540 11.325
1791642693.924 18543 6.643
1791642693.940 18546 6.458
1791642693.957 18548 11.666
1791642693.973 18551 11.343
1791642693.986 18554 6.648
1791642694.003 18556 12.229
1791642694.019 18559 12.128
1791642694.036 18562 11.953
1791642694.047 18564 11.413
1791642694.059 18567 6.644
1791642694.082 18570 11.678
1791642694.092 18572 11.505
1791642694.109 18575 11.357
1791642694.121 18578 6.448
1791642694.138 18580 11.990
1791642694.155 18583 11.850
1791642694.171 18586 11.483
1791642694.178 18588 6.524
1791642694.195 18591 6.627
1791642694.212 18594 6.422
1791642694.228 18596 11.659
1791642694.245 18599 11.516
1791642694.262 18602 12.026
1791642694.268 18604 6.471
1791642694.286 18607 7.484
1791642694.308 18610 11.825
1791642694.318 18612 11.292
1791642694.330 18615 6.339
1791642694.347 18618 6.627
1791642694.364 18620 11.749
1791642694.381 18623 11.880
1791642694.397 18626 11.382
1791642694.404 18628 6.541
1791642694.421 18631 6.584
1791642694.443 18634 11.792
1791642694.454 18636 11.328
1791642694.471 18639 11.362
1791642694.488 18642 11.390
1791642694.500 18644 11.492
1791642694.516 18647 11.664
1791642694.533 18650 11.537
1791642694.539 18652 6.456
1791642694.557 18655 6.658
1791642694.573 18658 6.577
1791642694.591 18660 12.368
1791642694.607 18663 11.646
1791642694.623 18666 11.344
1791642694.635 18668 11.593
1791642694.652 18671 11.733
1791642694.669 18674 11.592
1791642694.675 18676 6.450
1791642694.698 18679 11.691
1791642694.714 18682 11.496
1791642694.720 18684 6.357
1791642694.743 18687 11.738
1791642694.760 18690 12.293
1791642694.770 18692 11.435
1791642694.783 18695 6.521
1791642694.805 18698 11.763
1791642694.816 18700 11.879
1791642694.833 18703 11.820
1791642694.850 18706 11.507
1791642694.856 18708 6.555
1791642694.879 18711 11.899
1791642694.896 18714 12.313
1791642694.906 18716 11.553
1791642694.923 18719 11.503
1791642694.941 18722 11.912
1791642694.946 18724 6.535
1791642694.963 18727 6.632
1791642694.981 18730 7.266
1791642694.997 18732 11.973
1791642695.014 18735 12.049
1791642695.031 18738 11.886
1791642695.037 18740 6.660
1791642695.054 18743 6.633
1791642695.071 18746 6.630
1791642695.087 18748 11.523
1791642695.105 18751 12.078
1791642695.121 18754 11.732
1791642695.127 18756 6.427
1791642695.144 18759 6.606
1791642695.161 18762 6.743
1791642695.179 18764 12.975
1791642695.195 18767 12.104
1791642695.212 18770 12.208
1791642695.223 18772 11.823
1791642695.240 18775 11.751
1791642695.257 18778 11.911
1791642695.263 18780 6.805
1791642695.280 18783 6.698
1791642695.297 18786 6.714
1791642695.314 18788 12.316
1791642695.331 18791 12.007
1791642695.348 18794 12.019
1791642695.358 18796 11.518
1791642695.375 18799 11.381
1791642695.387 18802 6.739
1791642695.405 18804 13.004
1791642695.421 18807 11.943
1791642695.438 18810 11.669
1791642695.444 18812 6.447
1791642695.461 18815 6.580
1791642695.478 18818 6.691
1791642695.495 18820 12.323
1791642695.512 18823 11.953
1791642695.528 18826 11.543
1791642695.534 18828 6.414
1791642695.557 18831 11.918
1791642695.574 18834 12.246
1791642695.584 18836 11.279
1791642695.597 18839 6.780
1791642695.613 18842 6.519
1791642695.630 18844 12.086
1791642695.647 18847 12.129
1791642695.664 18850 12.045
1791642695.675 18852 11.575
1791642695.687 18855 6.531
1791642695.704 18858 6.560
1791642695.721 18860 12.054
1791642695.738 18863 12.114
1791642695.755 18866 12.241
1791642695.765 18868 11.334
1791642695.777 18871 6.367
1791642695.800 18874 11.753
1791642695.811 18876 11.670
1791642695.828 18879 11.584
1791642695.844 18882 11.482
1791642695.852 18884 7.818
1791642695.868 18887 6.665
1791642695.885 18890 6.763
1791642695.901 18892 11.791
1791642695.918 18895 11.336
1791642695.930 18898 6.464
1791642695.947 18900 12.032
1791642695.964 18903 12.035
1791642695.981 18906 12.002
1791642695.991 18908 11.344
1791642696.004 18911 7.173
1791642696.020 18914 6.628
1791642696.037 18916 11.725
1791642696.053 18919 11.364
1791642696.071 18922 11.522
1791642696.077 18924 6.575
1791642696.094 18927 6.699
1791642696.111 18930 6.665
1791642696.128 18932 11.962
1791642696.145 18935 12.743
1791642696.162 18938 12.075
1791642696.172 18940 11.488
1791642696.189 18943 11.339
1791642696.201 18946 6.609
1791642696.218 18948 12.039
1791642696.235 18951 11.608
1791642696.251 18954 11.325
1791642696.263 18956 11.737
1791642696.280 18959 11.541
1791642696.297 18962 11.708
1791642696.303 18964 6.625
1791642696.326 18967 11.765
1791642696.342 18970 11.575
1791642696.349 18972 7.434
1791642696.371 18975 11.811
1791642696.388 18978 12.194
1791642696.398 18980 11.286
1791642696.410 18983 6.605
1791642696.427 18986 6.471
1791642696.445 18988 12.961
1791642696.461 18991 11.730
1791642696.478 18994 11.598
1791642696.484 18996 6.449
1791642696.507 18999 11.754
1791642696.523 19002 12.080
1791642696.534 19004 11.397
1791642696.546 19007 6.440
1791642696.563 19010 6.561
1791642696.580 19012 11.900
1791642696.596 19015 11.695
1791642696.613 19018 11.409
1791642696.625 19020 11.924
1791642696.642 19023 11.992
1791642696.659 19026 12.214
1791642696.669 19028 11.344
1791642696.687 19031 11.569
1791642696.704 19034 11.496
1791642696.710 19036 6.455
1791642696.727 19039 6.586
1791642696.744 19042 6.554
1791642696.760 19044 11.758
1791642696.777 19047 11.465
1791642696.789 19050 6.486
1791642696.806 19052 12.193
1791642696.823 19055 12.261
1791642696.840 19058 11.879
1791642696.850 19060 11.269
1791642696.868 19063 11.718
1791642696.884 19066 11.553
1791642696.892 19068 7.871
1791642696.913 19071 11.818
1791642696.930 19074 11.905
1791642696.941 19076 11.287
1791642696.953 19079 6.515
1791642696.970 19082 6.626
1791642696.986 19084 11.597
1791642697.003 19087 11.319
1791642697.015 19090 6.581
1791642697.032 19092 11.605
1791642697.048 19095 11.233
1791642697.060 19098 6.566
1791642697.077 19100 11.757
1791642697.093 19103 11.373
1791642697.106 19106 6.708
1791642697.122 19108 11.698
1791642697.139 19111 11.585
1791642697.156 19114 11.793
1791642697.162 19116 6.565
1791642697.185 19119 11.742
1791642697.201 19122 11.936
1791642697.212 19124 11.427
1791642697.229 19127 11.425
1791642697.246 19130 11.501
1791642697.252 19132 6.556
1791642697.269 19135 6.439
1791642697.292 19138 11.650
1791642697.303 19140 11.475
1791642697.320 19143 11.858
1791642697.336 19146 11.421
1791642697.350 19148 13.069
1791642697.365 19151 11.753
1791642697.382 19154 11.548
1791642697.388 19156 6.362
1791642697.410 19159 11.445
1791642697.428 19162 12.162
1791642697.438 19164 11.295
1791642697.450 19167 6.668
1791642697.473 19170 12.003
1791642697.484 19172 11.673
1791642697.500 19175 11.431
1791642697.517 19178 11.532
1791642697.523 19180 6.282
1791642697.546 19183 11.696
1791642697.563 19186 11.621
1791642697.569 19188 6.589
1791642697.591 19191 11.661
1791642697.608 19194 11.999
1791642697.619 19196 11.317
1791642697.631 19199 6.579
1791642697.648 19202 6.412
1791642697.664 19204 11.525
1791642697.681 19207 11.394
1791642697.698 19210 11.328
1791642697.711 19212 11.933
1791642697.727 19215 11.716
1791642697.743 19218 11.142
1791642697.750 19220 6.277
1791642697.772 19223 11.580
1791642697.789 19226 11.933
1791642697.800 19228 11.428
1791642697.817 19231 11.677
1791642697.834 19234 11.487
1791642697.840 19236 6.496
1791642697.857 19239 6.492
1791642697.880 19242 11.784
1791642697.890 19244 11.429
1791642697.907 19247 11.480
1791642697.924 19250 11.510
1791642697.931 19252 6.826
1791642697.947 19255 6.434
1791642697.970 19258 11.718
1791642697.981 19260 11.301
1791642697.998 19263 11.378
1791642698.015 19266 11.399
1791642698.022 19268 7.442
1791642698.041 19271 9.558
1791642698.061 19274 11.770
1791642698.071 19276 11.244
1791642698.083 19279 6.538
1791642698.100 19282 6.721
1791642698.117 19284 11.842
1791642698.133 19287 11.263
1791642698.145 19290 6.276
1791642698.163 19292 12.215
1791642698.179 19295 11.757
1791642698.196 19298 11.482
1791642698.202 19300 6.492
1791642698.225 19303 11.909
1791642698.241 19306 12.056
1791642698.252 19308 11.269
1791642698.264 19311 6.329
1791642698.287 19314 11.737
1791642698.297 19316 11.326
1791642698.309 19319 6.543
1791642698.332 19322 11.566
1791642698.342 19324 11.291
1791642698.360 19327 11.816
1791642698.377 19330 11.530
1791642698.383 19332 6.590
1791642698.400 19335 6.680
1791642698.417 19338 6.576
1791642698.434 19340 12.165
1791642698.450 19343 11.473
1791642698.467 19346 11.395
1791642698.479 19348 11.583
1791642698.495 19351 11.685
1791642698.512 19354 11.374
1791642698.524 19356 11.614
1791642698.541 19359 12.013
1791642698.558 19362 12.099
1791642698.569 19364 11.837
1791642698.586 19367 11.410
1791642698.603 19370 11.477
1791642698.609 19372 6.652
1791642698.632 19375 11.962
1791642698.648 19378 11.597
1791642698.654 19380 6.670
1791642698.671 19383 6.446
1791642698.688 19386 6.617
1791642698.705 19388 12.066
1791642698.722 19391 12.161
1791642698.739 19394 12.107
1791642698.750 19396 11.532
1791642698.766 19399 11.471
1791642698.784 19402 11.832
1791642698.790 19404 6.789
1791642698.807 19407 6.659
1791642698.824 19410 6.883
1791642698.841 19412 12.228
1791642698.858 19415 12.428
1791642698.874 19418 12.039
1791642698.880 19420 6.575
1791642698.903 19423 11.717
1791642698.920 19426 11.950
1791642698.930 19428 11.297
1791642698.942 19431 6.539
1791642698.965 19434 11.775
1791642698.976 19436 11.378
1791642698.992 19439 11.370
1791642699.009 19442 11.423
1791642699.017 19444 7.676
1791642699.033 19447 6.570
1791642699.050 19450 6.337
1791642699.067 19452 12.202
1791642699.084 19455 12.095
1791642699.101 19458 12.234
1791642699.111 19460 11.309
1791642699.123 19463 6.671
1791642699.143 19466 12.372
1791642699.151 19468 12.234
1791642699.160 19471 7.688
1791642699.177 19474 11.831
1791642699.185 19476 11.816
1791642699.193 19479 7.498
1791642699.211 19482 12.097
1791642699.219 19484 12.023
1791642699.227 19487 7.514
1791642699.245 19490 12.279
1791642699.253 19492 12.128
1791642699.261 19495 7.602
1791642699.279 19498 12.267
1791642699.287 19500 11.801
1791642699.295 19503 7.674
1791642699.312 19506 11.873
1791642699.321 19508 11.750
1791642699.329 19511 7.581
1791642699.346 19514 12.032
1791642699.355 19516 11.952
1791642699.363 19519 7.605
1791642699.380 19522 11.916
1791642699.389 19524 12.080
1791642699.397 19527 7.665
1791642699.414 19530 11.998
1791642699.422 19532 11.875
1791642699.431 19535 7.729
1791642699.448 19538 12.177
1791642699.457 19540 12.207
1791642699.465 19543 7.656
1791642699.482 19546 11.771
1791642699.490 19548 11.913
1791642699.499 19551 7.504
1791642699.516 19554 11.799
1791642699.524 19556 11.787
1791642699.532 19559 7.471
1791642699.550 19562 11.952
1791642699.558 19564 11.735
1791642699.567 19567 7.688
1791642699.584 19570 12.212
1791642699.592 19572 11.961
1791642699.601 19575 8.236
1791642699.618 19578 12.177
1791642699.626 19580 12.090
1791642699.634 19583 7.609
1791642699.652 19586 12.100
1791642699.660 19588 12.026
1791642699.668 19591 7.618
1791642699.685 19594 11.755
1791642699.694 19596 11.883
1791642699.702 19599 7.443
1791642699.719 19602 11.959
1791642699.728 19604 11.835
1791642699.736 19607 7.592
1791642699.753 19610 11.713
1791642699.762 19612 11.864
1791642699.770 19615 7.670
1791642699.787 19618 11.969
1791642699.795 19620 11.811
1791642699.804 19623 7.523
1791642699.821 19626 12.135
1791642699.829 19628 11.920
1791642699.838 19631 7.830
1791642699.855 19634 11.888
1791642699.863 19636 11.793
1791642699.872 19639 7.490
1791642699.889 19642 11.982
1791642699.897 19644 11.956
1791642699.906 19647 7.752
1791642699.922 19650 11.748
1791642699.931 19652 11.752
1791642699.939 19655 7.420
1791642699.957 19658 12.073
1791642699.965 19660 11.891
1791642699.973 19663 7.403
1791642699.990 19666 11.712
1791642699.999 19668 11.818
1791642700.007 19671 7.533
1791642700.025 19674 12.808
1791642700.033 19676 12.053
1791642700.041 19679 7.478
1791642700.058 19682 11.714
1791642700.067 19684 11.736
1791642700.075 19687 7.481
1791642700.092 19690 11.713
1791642700.101 19692 11.724
1791642700.109 19695 7.541
1791642700.126 19698 11.766
1791642700.135 19700 11.934
1791642700.143 19703 7.488
1791642700.160 19706 11.731
1791642700.168 19708 11.694
1791642700.177 19711 7.546
1791642700.194 19714 12.151
1791642700.202 19716 11.748
1791642700.211 19719 7.386
1791642700.228 19722 11.725
1791642700.236 19724 11.820
1791642700.245 19727 7.539
1791642700.262 19730 12.243
1791642700.270 19732 11.984
1791642700.279 19735 7.555
1791642700.296 19738 11.774
1791642700.304 19740 11.884
1791642700.312 19743 7.498
1791642700.330 19746 12.034
1791642700.338 19748 11.807
1791642700.346 19751 7.481
1791642700.363 19754 11.767
1791642700.372 19756 11.922
1791642700.380 19759 7.526
1791642700.397 19762 11.581
1791642700.406 19764 11.800
1791642700.414 19767 7.680
1791642700.431 19770 11.698
1791642700.440 19772 11.817
1791642700.448 19775 7.421
1791642700.465 19778 12.106
1791642700.474 19780 11.882
1791642700.482 19783 7.558
1791642700.499 19786 12.232
1791642700.508 19788 11.792
1791642700.516 19791 7.483
1791642700.533 19794 11.755
1791642700.542 19796 11.903
1791642700.550 19799 7.621
1791642700.567 19802 12.018
1791642700.575 19804 11.783
1791642700.584 19807 7.583
1791642700.601 19810 11.858
1791642700.609 19812 11.925
1791642700.618 19815 7.524
1791642700.635 19818 11.831
1791642700.644 19820 12.627
1791642700.652 19823 7.628
1791642700.669 19826 11.855
1791642700.677 19828 11.774
1791642700.686 19831 7.796
1791642700.703 19834 12.125
1791642700.711 19836 11.983
1791642700.720 19839 8.216
1791642700.736 19842 11.715
1791642700.745 19844 11.784
1791642700.753 19847 7.420
1791642700.771 19850 12.066
1791642700.779 19852 12.087
1791642700.787 19855 7.535
1791642700.804 19858 11.794
1791642700.813 19860 11.945
1791642700.821 19863 7.580
1791642700.839 19866 12.121
1791642700.847 19868 11.858
1791642700.855 19871 7.532
1791642700.872 19874 11.892
1791642700.881 19876 11.836
1791642700.889 19879 7.543
1791642700.906 19882 11.914
1791642700.915 19884 12.321
1791642700.923 19887 7.745
1791642700.940 19890 11.714
1791642700.948 19892 11.701
1791642700.957 19895 7.738
1791642700.974 19898 12.081
1791642700.983 19900 12.024
1791642700.991 19903 7.550
1791642701.008 19906 12.155
1791642701.016 19908 11.879
1791642701.025 19911 7.937
1791642701.042 19914 12.413
1791642701.051 19916 12.254
1791642701.058 19919 7.436
1791642701.076 19922 11.768
1791642701.084 19924 11.796
1791642701.092 19927 7.394
1791642701.110 19930 12.050
1791642701.118 19932 11.819
1791642701.126 19935 7.531
1791642701.144 19938 12.193
1791642701.152 19940 11.841
1791642701.160 19943 7.481
1791642701.177 19946 11.743
1791642701.186 19948 11.735
1791642701.194 19951 7.379
1791642701.211 19954 11.810
1791642701.220 19956 11.810
1791642701.228 19959 7.541
1791642701.245 19962 11.679
1791642701.254 19964 11.949
1791642701.262 19967 7.526
1791642701.279 19970 11.762
1791642701.288 19972 11.833
1791642701.296 19975 7.397
1791642701.313 19978 12.194
1791642701.321 19980 11.748
1791642701.330 19983 7.551
1791642701.347 19986 12.103
1791642701.355 19988 11.844
1791642701.364 19991 7.549
1791642701.381 19994 11.658
1791642701.389 19996 11.633
1791642701.398 19999 7.367
1791642701.415 20002 12.048
1791642701.423 20004 11.887
1791642701.431 20007 7.381
1791642701.449 20010 12.176
1791642701.457 20012 12.080
1791642701.466 20015 7.566
1791642701.482 20018 11.710
1791642701.491 20020 11.665
1791642701.499 20023 7.365
1791642701.516 20026 11.715
1791642701.525 20028 11.663
1791642701.533 20031 7.382
1791642701.550 20034 11.844
1791642701.559 20036 11.748
1791642701.567 20039 7.490
1791642701.584 20042 11.718
1791642701.593 20044 11.673
1791642701.601 20047 7.588
1791642701.618 20050 11.854
1791642701.627 20052 11.721
1791642701.635 20055 7.454
1791642701.652 20058 12.084
1791642701.660 20060 11.680
1791642701.669 20063 7.761
1791642701.686 20066 12.120
1791642701.694 20068 11.749
1791642701.703 20071 7.549
1791642701.720 20074 11.803
1791642701.728 20076 11.596
1791642701.737 20079 7.801
1791642701.754 20082 11.768
1791642701.762 20084 11.699
1791642701.771 20087 7.432
1791642701.788 20090 11.709
1791642701.796 20092 11.624
1791642701.805 20095 7.925
1791642701.822 20098 12.207
1791642701.830 20100 12.108
1791642701.839 20103 7.877
1791642701.856 20106 12.151
1791642701.864 20108 12.080
1791642701.873 20111 7.879
1791642701.889 20114 11.741
1791642701.898 20116 11.869
1791642701.908 20119 8.610
1791642701.924 20122 11.958
1791642701.932 20124 11.981
1791642701.941 20127 7.975
1791642701.958 20130 12.399
1791642701.966 20132 12.322
1791642701.975 20135 8.259
1791642701.991 20138 11.756
1791642702.000 20140 11.844
1791642702.008 20143 7.491
1791642702.026 20146 12.896
1791642702.034 20148 11.931
1791642702.042 20151 7.779
1791642702.059 20154 12.222
1791642702.067 20156 11.772
1791642702.077 20159 8.234
1791642702.093 20162 11.894
1791642702.101 20164 11.585
1791642702.110 20167 7.491
1791642702.127 20170 11.608
1791642702.135 20172 11.665
1791642702.144 20175 7.357
1791642702.160 20178 11.553
1791642702.169 20180 11.639
1791642702.177 20183 7.337
1791642702.195 20186 11.670
1791642702.203 20188 11.656
1791642702.211 20191 7.396
1791642702.228 20194 11.686
1791642702.237 20196 11.647
1791642702.245 20199 7.527
1791642702.263 20202 11.943
1791642702.271 20204 11.670
1791642702.282 20207 10.494
1791642702.296 20210 11.747
1791642702.305 20212 11.688
1791642702.313 20215 7.526
1791642702.331 20218 12.244
1791642702.339 20220 12.082
1791642702.347 20223 7.794
1791642702.364 20226 12.049
1791642702.373 20228 12.012
1791642702.381 20231 7.894
1791642702.398 20234 12.007
1791642702.407 20236 11.787
1791642702.415 20239 7.540
1791642702.432 20242 11.735
1791642702.441 20244 12.184
1791642702.449 20247 7.772
1791642702.467 20250 12.409
1791642702.475 20252 12.371
1791642702.483 20255 8.030
1791642702.500 20258 12.379
1791642702.508 20260 11.708
1791642702.517 20263 7.459
1791642702.534 20266 11.734
1791642702.542 20268 11.628
1791642702.551 20271 7.624
1791642702.568 20274 12.459
1791642702.577 20276 12.664
1791642702.585 20279 7.461
1791642702.602 20282 12.051
1791642702.610 20284 12.105
1791642702.619 20287 7.575
1791642702.635 20290 11.798
1791642702.644 20292 11.831
1791642702.652 20295 7.427
1791642702.669 20298 11.752
1791642702.679 20300 12.949
1791642702.687 20303 8.217
1791642702.704 20306 12.006
1791642702.712 20308 11.794
1791642702.720 20311 7.413
1791642702.737 20314 11.619
1791642702.746 20316 12.071
1791642702.754 20319 7.542
1791642702.771 20322 12.095
1791642702.780 20324 11.829
1791642702.788 20327 7.416
1791642702.805 20330 11.717
1791642702.814 20332 11.934
1791642702.822 20335 7.494
1791642702.839 20338 11.807
1791642702.847 20340 11.813
1791642702.856 20343 7.510
1791642702.873 20346 11.835
1791642702.882 20348 12.154
1791642702.890 20351 7.753
1791642702.907 20354 11.869
1791642702.916 20356 12.517
1791642702.924 20359 7.850
1791642702.941 20362 11.825
1791642702.950 20364 12.678
1791642702.958 20367 7.474
1791642702.975 20370 12.262
1791642702.984 20372 12.784
1791642702.992 20375 7.704
1791642703.009 20378 12.159
1791642703.017 20380 11.957
1791642703.025 20383 7.550
1791642703.042 20386 11.805
1791642703.051 20388 11.986
1791642703.059 20391 7.527
1791642703.077 20394 12.126
1791642703.085 20396 11.933
1791642703.093 20399 7.416
1791642703.110 20402 11.699
1791642703.119 20404 11.891
1791642703.127 20407 7.448
1791642703.144 20410 11.994
1791642703.153 20412 11.702
1791642703.161 20415 7.462
1791642703.178 20418 11.776
1791642703.187 20420 11.741
1791642703.195 20423 7.429
1791642703.212 20426 12.073
1791642703.221 20428 12.199
1791642703.229 20431 7.576
1791642703.246 20434 11.899
1791642703.255 20436 12.114
1791642703.263 20439 7.521
1791642703.280 20442 11.705
1791642703.288 20444 11.686
1791642703.297 20447 7.530
1791642703.314 20450 12.087
1791642703.322 20452 11.898
1791642703.331 20455 7.467
1791642703.348 20458 12.071
1791642703.357 20460 12.759
1791642703.365 20463 7.541
1791642703.382 20466 11.756
1791642703.390 20468 11.795
1791642703.398 20471 7.548
1791642703.415 20474 11.656
1791642703.424 20476 11.833
1791642703.432 20479 7.524
1791642703.449 20482 11.662
1791642703.458 20484 11.838
1791642703.466 20487 7.510
1791642703.483 20490 11.914
1791642703.492 20492 12.263
1791642703.500 20495 7.505
1791642703.517 20498 12.048
1791642703.526 20500 11.668
1791642703.534 20503 7.493
1791642703.551 20506 11.691
1791642703.560 20508 11.857
1791642703.568 20511 7.497
1791642703.585 20514 11.782
1791642703.593 20516 11.758
1791642703.602 20519 7.592
1791642703.619 20522 12.124
1791642703.628 20524 11.886
1791642703.636 20527 7.490
1791642703.653 20530 12.327
1791642703.661 20532 11.888
1791642703.670 20535 7.480
1791642703.687 20538 11.710
1791642703.695 20540 11.695
1791642703.704 20543 7.449
1791642703.721 20546 12.134
1791642703.729 20548 11.800
1791642703.738 20551 7.643
1791642703.754 20554 11.666
1791642703.764 20556 12.805
1791642703.772 20559 7.731
1791642703.789 20562 12.145
1791642703.797 20564 11.770
1791642703.805 20567 7.457
1791642703.823 20570 12.273
1791642703.831 20572 11.791
1791642703.839 20575 7.425
1791642703.857 20578 12.044
1791642703.865 20580 11.957
1791642703.873 20583 7.438
1791642703.891 20586 12.321
1791642703.899 20588 12.274
1791642703.908 20591 8.402
1791642703.924 20594 12.064
1791642703.933 20596 11.771
1791642703.941 20599 7.543
1791642703.958 20602 11.684
1791642703.967 20604 11.881
1791642703.975 20607 7.477
1791642703.992 20610 11.686
1791642704.000 20612 11.764
1791642704.009 20615 7.785
1791642704.026 20618 12.121
1791642704.034 20620 11.886
1791642704.043 20623 7.491
1791642704.060 20626 11.970
1791642704.069 20628 12.503
1791642704.077 20631 7.504
1791642704.094 20634 11.707
1791642704.102 20636 11.692
1791642704.111 20639 7.606
1791642704.128 20642 12.240
1791642704.137 20644 12.254
1791642704.145 20647 7.754
1791642704.161 20650 11.699
1791642704.170 20652 11.714
1791642704.178 20655 7.473
1791642704.196 20658 12.106
1791642704.207 20660 14.917
1791642704.213 20663 7.950
1791642704.229 20666 11.871
1791642704.238 20668 12.031
1791642704.246 20671 7.633
1791642704.263 20674 11.765
1791642704.272 20676 11.918
1791642704.282 20679 9.402
1791642704.297 20682 11.742
1791642704.306 20684 11.769
1791642704.315 20687 8.482
1791642704.331 20690 12.177
1791642704.340 20692 12.162
1791642704.348 20695 7.541
1791642704.365 20698 11.773
1791642704.374 20700 11.950
1791642704.382 20703 7.486
1791642704.399 20706 11.976
1791642704.408 20708 12.036
1791642704.416 20711 7.504
1791642704.433 20714 11.865
1791642704.441 20716 11.874
1791642704.450 20719 7.490
1791642704.467 20722 12.281
1791642704.475 20724 11.772
1791642704.484 20727 7.590
1791642704.501 20730 11.985
1791642704.509 20732 11.889
1791642704.518 20735 7.577
1791642704.535 20738 12.341
1791642704.543 20740 11.846
1791642704.551 20743 7.461
1791642704.568 20746 11.673
1791642704.577 20748 11.716
1791642704.585 20751 7.465
1791642704.602 20754 11.755
1791642704.611 20756 12.242
1791642704.620 20759 7.846
1791642704.636 20762 11.703
1791642704.645 20764 12.078
1791642704.653 20767 7.513
1791642704.671 20770 12.289
1791642704.680 20772 13.090
1791642704.688 20775 8.350
1791642704.704 20778 11.852
1791642704.713 20780 11.836
1791642704.721 20783 7.646
1791642704.738 20786 12.212
1791642704.748 20788 13.303
1791642704.755 20791 7.574
1791642704.772 20794 11.821
1791642704.781 20796 11.989
1791642704.789 20799 7.687
1791642704.806 20802 11.767
1791642704.815 20804 11.958
1791642704.823 20807 7.477
1791642704.840 20810 11.842
1791642704.849 20812 12.666
1791642704.857 20815 7.511
1791642704.874 20818 12.121
1791642704.882 20820 11.758
1791642704.891 20823 7.686
1791642704.908 20826 12.435
1791642704.916 20828 11.807
1791642704.925 20831 7.566
1791642704.942 20834 12.283
1791642704.950 20836 11.936
1791642704.959 20839 8.129
1791642704.976 20842 11.970
1791642704.984 20844 11.921
1791642704.993 20847 8.135
1791642705.010 20850 12.430
1791642705.018 20852 11.987
1791642705.026 20855 7.665
1791642705.043 20858 11.694
1791642705.052 20860 12.051
1791642705.061 20863 8.415
1791642705.077 20866 12.075
1791642705.086 20868 11.873
1791642705.094 20871 7.502
1791642705.111 20874 11.808
1791642705.120 20876 11.806
1791642705.128 20879 7.487
1791642705.145 20882 12.085
1791642705.153 20884 11.818
1791642705.162 20887 7.624
1791642705.179 20890 11.719
1791642705.187 20892 11.790
1791642705.196 20895 7.409
1791642705.213 20898 11.695
1791642705.221 20900 11.729
1791642705.230 20903 7.507
1791642705.247 20906 11.707
1791642705.255 20908 11.806
1791642705.264 20911 7.503
1791642705.281 20914 11.724
1791642705.289 20916 11.800
1791642705.298 20919 7.563
1791642705.314 20922 11.712
1791642705.323 20924 11.790
1791642705.331 20927 7.464
1791642705.349 20930 12.027
1791642705.357 20932 11.728
1791642705.365 20935 7.590
1791642705.383 20938 12.026
1791642705.391 20940 11.701
1791642705.399 20943 7.409
1791642705.416 20946 11.797
1791642705.425 20948 11.766
1791642705.434 20951 7.748
1791642705.450 20954 12.032
1791642705.459 20956 11.880
1791642705.467 20959 7.513
1791642705.484 20962 12.069
1791642705.493 20964 11.783
1791642705.501 20967 7.512
1791642705.518 20970 12.051
1791642705.526 20972 11.758
1791642705.535 20975 7.661
1791642705.552 20978 11.852
1791642705.560 20980 11.888
1791642705.569 20983 7.523
1791642705.586 20986 11.793
1791642705.594 20988 11.847
1791642705.603 20991 7.496
1791642705.620 20994 12.248
1791642705.628 20996 11.777
1791642705.637 20999 7.785
1791642705.654 21002 12.104
1791642705.662 21004 11.740
1791642705.670 21007 7.397
1791642705.688 21010 12.058
1791642705.696 21012 11.874
1791642705.704 21015 7.516
1791642705.721 21018 11.732
1791642705.730 21020 11.936
1791642705.738 21023 7.368
1791642705.756 21026 11.978
1791642705.764 21028 11.829
1791642705.772 21031 7.374
1791642705.789 21034 11.797
1791642705.798 21036 11.929
1791642705.807 21039 8.279
1791642705.823 21042 11.749
1791642705.832 21044 12.071
1791642705.840 21047 7.480
1791642705.857 21050 11.976
1791642705.866 21052 11.871
1791642705.874 21055 7.519
1791642705.891 21058 11.692
1791642705.899 21060 11.660
1791642705.908 21063 7.452
1791642705.925 21066 11.802
1791642705.933 21068 11.833
1791642705.942 21071 7.511
1791642705.959 21074 12.028
1791642705.967 21076 11.741
1791642705.976 21079 7.615
1791642705.993 21082 11.990
1791642706.001 21084 11.788
1791642706.010 21087 7.880
1791642706.027 21090 11.820
1791642706.035 21092 12.034
1791642706.044 21095 7.878
1791642706.061 21098 11.945
1791642706.069 21100 11.790
1791642706.077 21103 7.457
1791642706.094 21106 11.738
1791642706.103 21108 11.847
1791642706.111 21111 7.563
1791642706.128 21114 11.627
1791642706.137 21116 11.862
1791642706.145 21119 7.437
1791642706.163 21122 12.042
1791642706.171 21124 12.007
1791642706.179 21127 7.367
1791642706.197 21130 12.116
1791642706.205 21132 12.114
1791642706.213 21135 7.486
1791642706.231 21138 12.198
1791642706.239 21140 11.729
1791642706.247 21143 7.835
1791642706.265 21146 12.533
1791642706.273 21148 12.366
1791642706.281 21151 7.544
1791642706.298 21154 11.874
1791642706.307 21156 11.977
1791642706.315 21159 7.543
1791642706.332 21162 11.848
1791642706.341 21164 12.243
1791642706.349 21167 7.501
1791642706.366 21170 12.297
1791642706.374 21172 11.992
1791642706.383 21175 7.606
1791642706.400 21178 11.706
1791642706.408 21180 11.781
1791642706.417 21183 7.500
1791642706.434 21186 11.710
1791642706.442 21188 11.831
1791642706.450 21191 7.406
1791642706.467 21194 11.756
1791642706.476 21196 11.862
1791642706.484 21199 7.480
1791642706.502 21202 12.177
1791642706.510 21204 12.122
1791642706.518 21207 7.350
1791642706.536 21210 12.024
1791642706.544 21212 11.808
1791642706.552 21215 7.509
1791642706.570 21218 12.064
1791642706.578 21220 11.906
1791642706.586 21223 7.470
1791642706.603 21226 11.849
1791642706.612 21228 11.895
1791642706.620 21231 7.438
1791642706.637 21234 11.935
1791642706.646 21236 12.308
1791642706.654 21239 7.613
1791642706.671 21242 11.703
1791642706.679 21244 11.648
1791642706.688 21247 7.397
1791642706.705 21250 11.726
1791642706.713 21252 11.776
1791642706.722 21255 7.703
1791642706.739 21258 12.008
1791642706.749 21260 13.553
1791642706.756 21263 7.641
1791642706.773 21266 11.873
1791642706.781 21268 11.856
1791642706.790 21271 7.611
1791642706.807 21274 12.098
1791642706.816 21276 12.369
1791642706.824 21279 7.486
1791642706.841 21282 12.158
1791642706.849 21284 12.028
1791642706.857 21287 7.480
1791642706.875 21290 12.488
1791642706.884 21292 12.950
1791642706.891 21295 7.615
1791642706.908 21298 11.688
1791642706.918 21300 12.879
1791642706.925 21303 7.361
1791642706.942 21306 11.648
1791642706.951 21308 11.712
1791642706.959 21311 7.560
1791642706.976 21314 11.631
1791642706.985 21316 11.903
1791642706.993 21319 7.392
1791642707.010 21322 11.720
1791642707.019 21324 11.807
1791642707.027 21327 7.509
1791642707.044 21330 11.887
1791642707.053 21332 12.138
1791642707.061 21335 7.942
1791642707.078 21338 11.993
1791642707.087 21340 12.143
1791642707.095 21343 7.557
1791642707.112 21346 11.869
1791642707.120 21348 11.865
1791642707.129 21351 7.365
1791642707.146 21354 11.881
1791642707.155 21356 12.056
1791642707.163 21359 7.708
1791642707.180 21362 12.088
1791642707.189 21364 12.157
1791642707.196 21367 7.401
1791642707.214 21370 12.014
1791642707.222 21372 11.720
1791642707.230 21375 7.461
1791642707.248 21378 11.828
1791642707.256 21380 11.780
1791642707.264 21383 7.498
1791642707.282 21386 12.125
1791642707.291 21388 12.489
1791642707.298 21391 7.507
1791642707.315 21394 11.715
1791642707.324 21396 11.921
1791642707.332 21399 7.497
1791642707.349 21402 11.838
1791642707.358 21404 11.835
1791642707.366 21407 7.605
1791642707.383 21410 11.890
1791642707.392 21412 11.753
1791642707.400 21415 7.430
1791642707.417 21418 12.154
1791642707.426 21420 11.819
1791642707.434 21423 7.498
1791642707.451 21426 11.773
1791642707.459 21428 11.695
1791642707.468 21431 7.498
1791642707.485 21434 11.800
1791642707.493 21436 11.920
1791642707.502 21439 7.626
1791642707.519 21442 12.052
1791642707.527 21444 11.854
1791642707.537 21447 8.561
1791642707.553 21450 12.181
1791642707.562 21452 12.143
1791642707.570 21455 7.548
1791642707.587 21458 12.076
1791642707.595 21460 11.735
1791642707.604 21463 7.827
1791642707.621 21466 11.933
1791642707.629 21468 11.696
1791642707.638 21471 8.103
1791642707.655 21474 11.980
1791642707.663 21476 11.699
1791642707.672 21479 8.184
1791642707.688 21482 11.731
1791642707.698 21484 13.023
1791642707.705 21487 7.440
1791642707.722 21490 11.599
1791642707.731 21492 11.994
1791642707.740 21495 8.367
1791642707.756 21498 11.751
1791642707.765 21500 11.856
1791642707.773 21503 7.467
1791642707.790 21506 11.992
1791642707.799 21508 11.924
1791642707.807 21511 7.783
1791642707.824 21514 12.055
1791642707.833 21516 12.360
1791642707.841 21519 7.618
1791642707.858 21522 11.761
1791642707.866 21524 11.805
1791642707.875 21527 7.484
1791642707.892 21530 12.018
1791642707.900 21532 11.911
1791642707.909 21535 7.480
1791642707.926 21538 11.683
1791642707.934 21540 11.836
1791642707.943 21543 7.805
1791642707.960 21546 12.023
1791642707.968 21548 11.846
1791642707.976 21551 7.391
1791642707.994 21554 12.012
1791642708.003 21556 12.792
1791642708.010 21559 7.490
1791642708.027 21562 11.734
1791642708.036 21564 11.718
1791642708.044 21567 7.437
1791642708.062 21570 12.035
1791642708.070 21572 11.867
1791642708.079 21575 8.188
1791642708.096 21578 12.241
1791642708.104 21580 11.975
1791642708.112 21583 7.662
1791642708.129 21586 11.718
1791642708.138 21588 11.859
1791642708.146 21591 7.454
1791642708.163 21594 11.740
1791642708.172 21596 11.817
1791642708.180 21599 7.552
1791642708.197 21602 11.715
1791642708.205 21604 11.718
1791642708.214 21607 7.452
1791642708.231 21610 11.681
1791642708.239 21612 11.745
1791642708.248 21615 7.580
1791642708.265 21618 11.706
1791642708.273 21620 11.808
1791642708.282 21623 7.586
1791642708.299 21626 11.912
1791642708.307 21628 11.599
1791642708.316 21631 7.558
1791642708.333 21634 12.025
1791642708.341 21636 11.712
1791642708.349 21639 7.349
1791642708.367 21642 12.056
1791642708.375 21644 11.761
1791642708.383 21647 7.357
1791642708.400 21650 11.654
1791642708.409 21652 11.873
1791642708.417 21655 7.455
1791642708.435 21658 12.108
1791642708.443 21660 11.765
1791642708.451 21663 7.417
1791642708.469 21666 11.990
1791642708.477 21668 11.671
1791642708.485 21671 7.380
1791642708.502 21674 12.043
1791642708.511 21676 11.767
1791642708.519 21679 7.526
1791642708.536 21682 12.078
1791642708.545 21684 11.746
1791642708.553 21687 7.419
1791642708.570 21690 12.081
1791642708.579 21692 11.794
1791642708.587 21695 7.459
1791642708.604 21698 12.084
1791642708.612 21700 11.807
1791642708.621 21703 7.555
1791642708.638 21706 12.125
1791642708.647 21708 12.039
1791642708.655 21711 7.768
1791642708.672 21714 11.702
1791642708.680 21716 11.708
1791642708.689 21719 7.423
1791642708.706 21722 12.052
1791642708.715 21724 12.659
1791642708.723 21727 7.457
1791642708.740 21730 11.799
1791642708.748 21732 12.013
1791642708.757 21735 7.888
1791642708.773 21738 11.684
1791642708.782 21740 11.818
1791642708.790 21743 7.468
1791642708.808 21746 12.071
1791642708.816 21748 11.956
1791642708.824 21751 7.544
1791642708.841 21754 11.663
1791642708.850 21756 11.985
1791642708.859 21759 8.300
1791642708.876 21762 12.243
1791642708.884 21764 12.264
1791642708.893 21767 8.382
1791642708.909 21770 12.020
1791642708.918 21772 12.014
1791642708.926 21775 7.489
1791642708.943 21778 11.658
1791642708.952 21780 12.238
1791642708.960 21783 7.535
1791642708.977 21786 11.655
1791642708.985 21788 11.648
1791642708.994 21791 7.502
1791642709.011 21794 11.655
1791642709.019 21796 11.669
1791642709.028 21799 7.442
1791642709.045 21802 11.834
1791642709.053 21804 11.854
1791642709.062 21807 7.435
1791642709.079 21810 12.024
1791642709.087 21812 11.814
1791642709.096 21815 7.599
1791642709.112 21818 11.646
1791642709.122 21820 12.686
1791642709.130 21823 7.703
1791642709.147 21826 11.857
1791642709.155 21828 11.788
1791642709.163 21831 7.467
1791642709.180 21834 11.735
1791642709.189 21836 11.706
1791642709.197 21839 7.485
1791642709.215 21842 12.036
1791642709.223 21844 11.874
1791642709.231 21847 7.572
1791642709.248 21850 11.740
1791642709.257 21852 11.758
1791642709.265 21855 7.341
1791642709.282 21858 11.820
1791642709.291 21860 11.817
1791642709.299 21863 7.479
1791642709.316 21866 11.703
1791642709.325 21868 11.801
1791642709.333 21871 7.450
1791642709.350 21874 11.713
1791642709.359 21876 11.786
1791642709.367 21879 7.534
1791642709.384 21882 12.023
1791642709.392 21884 11.699
1791642709.401 21887 7.501
1791642709.418 21890 11.744
1791642709.426 21892 11.804
1791642709.435 21895 7.764
1791642709.452 21898 11.795
1791642709.461 21900 12.553
1791642709.469 21903 7.549
1791642709.486 21906 11.701
1791642709.495 21908 12.676
1791642709.503 21911 7.489
1791642709.520 21914 12.164
1791642709.528 21916 12.209
1791642709.536 21919 7.470
1791642709.553 21922 11.769
1791642709.562 21924 11.905
1791642709.570 21927 7.560
1791642709.587 21930 11.628
1791642709.596 21932 11.790
1791642709.604 21935 7.495
1791642709.622 21938 12.181
1791642709.630 21940 11.985
1791642709.639 21943 7.770
1791642709.655 21946 11.748
1791642709.664 21948 11.762
1791642709.673 21951 8.414
1791642709.689 21954 11.705
1791642709.698 21956 11.708
1791642709.707 21959 8.481
1791642709.723 21962 12.038
1791642709.732 21964 12.010
1791642709.740 21967 7.660
1791642709.757 21970 11.626
1791642709.765 21972 11.648
1791642709.774 21975 7.674
1791642709.791 21978 11.677
1791642709.799 21980 11.746
1791642709.808 21983 7.651
1791642709.825 21986 11.672
1791642709.833 21988 11.757
1791642709.842 21991 7.613
1791642709.859 21994 12.092
1791642709.867 21996 11.803
1791642709.876 21999 7.503
1791642709.893 22002 11.770
1791642709.902 22004 12.767
1791642709.910 22007 8.023
1791642709.927 22010 11.893
1791642709.935 22012 11.945
1791642709.943 22015 7.534
1791642709.961 22018 12.136
1791642709.970 22020 12.890
1791642709.977 22023 7.449
1791642709.994 22026 11.648
1791642710.003 22028 12.023
1791642710.011 22031 7.475
1791642710.028 22034 11.748
1791642710.037 22036 12.060
1791642710.045 22039 7.571
1791642710.063 22042 12.216
1791642710.071 22044 12.121
1791642710.079 22047 7.562
1791642710.096 22050 11.761
1791642710.104 22052 11.711
1791642710.113 22055 7.497
1791642710.130 22058 12.185
1791642710.139 22060 12.032
1791642710.147 22063 7.658
1791642710.165 22066 12.450
1791642710.173 22068 11.971
1791642710.181 22071 7.609
1791642710.198 22074 11.812
1791642710.206 22076 11.904
1791642710.215 22079 7.475
1791642710.232 22082 11.800
1791642710.240 22084 11.641
1791642710.249 22087 7.461
1791642710.266 22090 12.119
1791642710.274 22092 11.717
1791642710.283 22095 7.481
1791642710.300 22098 11.737
1791642710.308 22100 11.727
1791642710.316 22103 7.474
1791642710.334 22106 12.168
1791642710.342 22108 11.902
1791642710.350 22111 7.474
1791642710.368 22114 11.985
1791642710.376 22116 11.817
1791642710.384 22119 7.380
1791642710.401 22122 11.679
1791642710.410 22124 11.792
1791642710.418 22127 7.452
1791642710.436 22130 12.127
1791642710.444 22132 11.816
1791642710.452 22135 7.335
1791642710.469 22138 12.066
1791642710.478 22140 11.853
1791642710.486 22143 7.471
1791642710.503 22146 12.089
1791642710.512 22148 12.011
1791642710.520 22151 7.433
1791642710.537 22154 11.742
1791642710.546 22156 11.913
1791642710.554 22159 7.486
1791642710.571 22162 11.754
1791642710.579 22164 11.667
1791642710.588 22167 7.432
1791642710.605 22170 12.100
1791642710.613 22172 11.854
1791642710.622 22175 7.648
1791642710.639 22178 11.741
1791642710.647 22180 11.764
1791642710.656 22183 7.769
1791642710.673 22186 11.987
1791642710.681 22188 11.858
1791642710.690 22191 7.720
1791642710.706 22194 11.674
1791642710.715 22196 11.872
1791642710.723 22199 7.449
1791642710.740 22202 11.652
1791642710.749 22204 11.772
1791642710.757 22207 7.361
1791642710.774 22210 11.755
1791642710.783 22212 11.946
1791642710.791 22215 7.464
1791642710.808 22218 11.854
1791642710.818 22220 13.034
1791642710.826 22223 8.419
1791642710.843 22226 12.289
1791642710.851 22228 11.759
1791642710.860 22231 8.520
1791642710.876 22234 12.136
1791642710.885 22236 12.122
1791642710.893 22239 7.493
1791642710.910 22242 12.140
1791642710.918 22244 11.771
1791642710.927 22247 7.492
1791642710.944 22250 12.070
1791642710.952 22252 11.878
1791642710.961 22255 7.553
1791642710.978 22258 11.795
1791642710.987 22260 12.496
1791642710.995 22263 7.615
1791642711.012 22266 12.127
1791642711.021 22268 12.295
1791642711.029 22271 7.628
1791642711.046 22274 11.932
1791642711.054 22276 11.827
1791642711.063 22279 7.737
1791642711.080 22282 11.957
1791642711.088 22284 11.827
1791642711.099 22287 10.185
1791642711.114 22290 12.326
1791642711.122 22292 12.260
1791642711.130 22295 7.481
1791642711.148 22298 12.151
1791642711.158 22300 14.113
1791642711.164 22303 7.553
1791642711.182 22306 12.303
1791642711.190 22308 12.479
1791642711.198 22311 7.804
1791642711.216 22314 12.169
1791642711.224 22316 12.294
1791642711.232 22319 7.686
1791642711.250 22322 12.467
1791642711.258 22324 12.084
1791642711.266 22327 7.447
1791642711.283 22330 12.026
1791642711.292 22332 11.760
1791642711.300 22335 7.431
1791642711.317 22338 12.376
1791642711.326 22340 12.084
1791642711.334 22343 7.535
1791642711.351 22346 12.042
1791642711.360 22348 12.480
1791642711.368 22351 7.570
1791642711.385 22354 11.784
1791642711.393 22356 11.863
1791642711.402 22359 7.471
1791642711.419 22362 11.797
1791642711.428 22364 12.687
1791642711.436 22367 7.674
1791642711.453 22370 11.831
1791642711.461 22372 11.706
1791642711.469 22375 7.401
1791642711.486 22378 11.662
1791642711.495 22380 11.809
1791642711.504 22383 7.675
1791642711.520 22386 11.675
1791642711.529 22388 11.962
1791642711.538 22391 8.187
1791642711.554 22394 11.757
1791642711.563 22396 11.816
1791642711.571 22399 7.480
1791642711.588 22402 11.665
1791642711.597 22404 11.680
1791642711.605 22407 7.500
1791642711.622 22410 11.884
1791642711.631 22412 11.807
1791642711.639 22415 7.598
1791642711.656 22418 11.863
1791642711.665 22420 11.814
1791642711.673 22423 7.633
1791642711.690 22426 12.005
1791642711.700 22428 13.493
1791642711.707 22431 7.708
1791642711.724 22434 11.844
1791642711.735 22436 14.530
1791642711.741 22439 7.885
1791642711.758 22442 11.806
1791642711.766 22444 11.924
1791642711.775 22447 7.448
1791642711.792 22450 11.822
1791642711.800 22452 11.808
1791642711.809 22455 7.598
1791642711.826 22458 11.762
1791642711.835 22460 12.725
1791642711.843 22463 7.983
1791642711.860 22466 11.883
1791642711.868 22468 11.723
1791642711.877 22471 7.844
1791642711.893 22474 11.741
1791642711.902 22476 11.674
1791642711.910 22479 7.487
1791642711.927 22482 11.808
1791642711.936 22484 11.804
1791642711.944 22487 7.381
1791642711.961 22490 11.684
1791642711.970 22492 11.657
1791642711.978 22495 7.347
1791642711.995 22498 11.698
1791642712.003 22500 11.623
1791642712.012 22503 7.382
1791642712.029 22506 12.172
1791642712.038 22508 11.810
1791642712.047 22511 8.490
1791642712.063 22514 12.008
1791642712.071 22516 11.832
1791642712.080 22519 7.751
1791642712.097 22522 11.953
1791642712.106 22524 11.993
1791642712.114 22527 7.775
1791642712.131 22530 12.050
1791642712.140 22532 12.025
1791642712.148 22535 7.847
1791642712.165 22538 12.048
1791642712.173 22540 11.995
1791642712.182 22543 7.834
1791642712.199 22546 11.995
1791642712.207 22548 12.043
1791642712.216 22551 7.803
1791642712.233 22554 12.360
1791642712.241 22556 12.078
1791642712.250 22559 7.830
1791642712.266 22562 11.737
1791642712.275 22564 11.683
1791642712.283 22567 7.559
1791642712.301 22570 12.035
1791642712.309 22572 11.820
1791642712.317 22575 7.634
1791642712.334 22578 12.021
1791642712.343 22580 11.782
1791642712.352 22583 8.322
1791642712.368 22586 11.635
1791642712.377 22588 11.769
1791642712.385 22591 7.483
1791642712.402 22594 12.000
1791642712.411 22596 11.733
1791642712.419 22599 7.419
1791642712.436 22602 11.645
1791642712.444 22604 11.725
1791642712.453 22607 7.533
1791642712.470 22610 11.628
1791642712.478 22612 11.717
1791642712.487 22615 7.489
1791642712.504 22618 11.746
1791642712.512 22620 11.763
1791642712.521 22623 7.667
1791642712.538 22626 12.101
1791642712.546 22628 11.881
1791642712.555 22631 7.552
1791642712.572 22634 11.702
1791642712.580 22636 11.752
1791642712.589 22639 7.506
1791642712.605 22642 11.607
1791642712.614 22644 11.720
1791642712.622 22647 7.450
1791642712.639 22650 11.723
1791642712.648 22652 12.061
1791642712.657 22655 8.133
1791642712.673 22658 11.646
1791642712.682 22660 11.803
1791642712.691 22663 8.157
1791642712.707 22666 11.628
1791642712.716 22668 11.891
1791642712.725 22671 8.296
1791642712.741 22674 11.707
1791642712.750 22676 11.855
1791642712.758 22679 7.468
1791642712.775 22682 12.008
1791642712.784 22684 12.215
1791642712.792 22687 7.424
1791642712.809 22690 11.786
1791642712.819 22692 13.133
1791642712.826 22695 7.471
1791642712.843 22698 11.753
1791642712.851 22700 11.629
1791642712.860 22703 7.554
1791642712.877 22706 11.881
1791642712.885 22708 11.826
1791642712.894 22711 7.789
1791642712.911 22714 11.816
1791642712.919 22716 11.718
1791642712.928 22719 7.488
1791642712.945 22722 11.719
1791642712.953 22724 11.729
1791642712.962 22727 7.715
1791642712.979 22730 11.696
1791642712.987 22732 11.797
1791642712.996 22735 8.044
1791642713.013 22738 11.976
1791642713.021 22740 11.665
1791642713.030 22743 8.022
1791642713.046 22746 11.623
1791642713.055 22748 12.051
1791642713.063 22751 7.593
1791642713.080 22754 11.599
1791642713.089 22756 11.909
1791642713.097 22759 7.416
1791642713.114 22762 11.668
1791642713.123 22764 11.811
1791642713.132 22767 8.358
1791642713.148 22770 11.642
1791642713.157 22772 12.088
1791642713.165 22775 7.470
1791642713.182 22778 11.771
1791642713.191 22780 11.851
1791642713.199 22783 7.455
1791642713.216 22786 12.130
1791642713.225 22788 11.925
1791642713.233 22791 7.813
1791642713.250 22794 11.860
1791642713.258 22796 11.890
1791642713.267 22799 7.382
1791642713.284 22802 11.771
1791642713.292 22804 11.852
1791642713.302 22807 8.500
1791642713.318 22810 11.680
1791642713.326 22812 11.864
1791642713.335 22815 7.546
1791642713.352 22818 11.670
1791642713.360 22820 11.675
1791642713.368 22823 7.362
1791642713.386 22826 11.792
1791642713.394 22828 11.781
1791642713.402 22831 7.521
1791642713.420 22834 12.017
1791642713.428 22836 12.027
1791642713.436 22839 7.459
1791642713.453 22842 11.667
1791642713.464 22844 13.919
1791642713.470 22847 7.547
1791642713.487 22850 11.624
1791642713.496 22852 11.738
1791642713.504 22855 7.418
1791642713.521 22858 11.685
1791642713.530 22860 11.995
1791642713.538 22863 7.526
1791642713.555 22866 12.064
1791642713.564 22868 11.985
1791642713.572 22871 7.502
1791642713.589 22874 11.722
1791642713.597 22876 11.662
1791642713.606 22879 7.349
1791642713.623 22882 11.988
1791642713.631 22884 11.760
1791642713.640 22887 7.563
1791642713.657 22890 12.028
1791642713.666 22892 12.504
1791642713.674 22895 7.587
1791642713.691 22898 11.952
1791642713.699 22900 11.778
1791642713.708 22903 7.634
1791642713.725 22906 12.063
1791642713.734 22908 12.274
1791642713.742 22911 7.628
1791642713.759 22914 12.138
1791642713.768 22916 12.800
1791642713.776 22919 7.613
1791642713.792 22922 11.624
1791642713.801 22924 11.736
1791642713.809 22927 7.551
1791642713.827 22930 12.090
1791642713.835 22932 11.826
1791642713.843 22935 7.479
1791642713.860 22938 11.646
1791642713.870 22940 13.037
1791642713.878 22943 8.351
1791642713.894 22946 12.019
1791642713.903 22948 11.825
1791642713.911 22951 7.493
1791642713.928 22954 12.111
1791642713.937 22956 11.995
1791642713.946 22959 8.511
1791642713.962 22962 11.737
1791642713.971 22964 11.845
1791642713.979 22967 7.532
1791642713.996 22970 11.646
1791642714.005 22972 12.292
1791642714.013 22975 7.519
1791642714.030 22978 12.049
1791642714.038 22980 11.829
1791642714.047 22983 7.508
1791642714.064 22986 12.215
1791642714.073 22988 12.061
1791642714.081 22991 7.731
1791642714.098 22994 11.713
1791642714.107 22996 12.757
1791642714.115 22999 7.470
1791642714.132 23002 12.111
1791642714.140 23004 11.928
1791642714.149 23007 7.518
1791642714.166 23010 12.113
1791642714.174 23012 11.705
1791642714.182 23015 7.462
1791642714.200 23018 12.061
1791642714.208 23020 11.865
1791642714.216 23023 7.556
1791642714.234 23026 12.029
1791642714.242 23028 11.947
1791642714.250 23031 7.565
1791642714.267 23034 11.807
1791642714.276 23036 11.986
1791642714.284 23039 7.576
1791642714.301 23042 11.726
1791642714.310 23044 11.702
1791642714.318 23047 7.430
1791642714.335 23050 11.997
1791642714.344 23052 11.790
1791642714.352 23055 7.425
1791642714.369 23058 12.030
1791642714.377 23060 11.708
1791642714.386 23063 7.505
1791642714.403 23066 12.191
1791642714.412 23068 12.236
1791642714.420 23071 7.553
1791642714.437 23074 11.779
1791642714.445 23076 11.829
1791642714.454 23079 7.481
1791642714.471 23082 11.678
1791642714.479 23084 11.759
1791642714.488 23087 7.438
1791642714.505 23090 11.702
1791642714.514 23092 12.696
1791642714.522 23095 7.511
1791642714.539 23098 11.898
1791642714.547 23100 11.796
1791642714.555 23103 7.468
1791642714.572 23106 11.831
1791642714.581 23108 11.849
1791642714.589 23111 7.426
1791642714.607 23114 12.154
1791642714.615 23116 11.861
1791642714.623 23119 7.431
1791642714.640 23122 11.722
1791642714.649 23124 11.939
1791642714.657 23127 7.544
1791642714.674 23130 12.080
1791642714.683 23132 12.265
1791642714.692 23135 8.539
1791642714.708 23138 12.004
1791642714.717 23140 11.737
1791642714.726 23143 8.592
1791642714.742 23146 12.101
1791642714.751 23148 11.907
1791642714.759 23151 7.418
1791642714.776 23154 11.709
1791642714.784 23156 11.718
1791642714.793 23159 7.537
1791642714.810 23162 12.080
1791642714.818 23164 11.758
1791642714.827 23167 7.444
1791642714.844 23170 12.050
1791642714.852 23172 11.722
1791642714.861 23175 7.514
1791642714.878 23178 11.668
1791642714.886 23180 11.949
1791642714.894 23183 7.418
1791642714.912 23186 12.104
1791642714.920 23188 11.873
1791642714.929 23191 7.579
1791642714.946 23194 12.162
1791642714.954 23196 11.878
1791642714.963 23199 8.148
1791642714.980 23202 12.142
1791642714.988 23204 12.058
1791642714.997 23207 7.710
1791642715.013 23210 11.737
1791642715.022 23212 11.768
1791642715.031 23215 8.275
1791642715.047 23218 11.712
1791642715.056 23220 11.855
1791642715.064 23223 7.662
1791642715.081 23226 12.065
1791642715.090 23228 11.786
1791642715.098 23231 7.443
1791642715.115 23234 11.753
1791642715.124 23236 11.846
1791642715.132 23239 7.441
1791642715.149 23242 11.831
1791642715.158 23244 12.219
1791642715.166 23247 7.725
1791642715.183 23250 11.980
1791642715.191 23252 11.751
1791642715.200 23255 7.602
1791642715.217 23258 11.775
1791642715.226 23260 12.120
1791642715.234 23263 7.679
1791642715.251 23266 11.952
1791642715.259 23268 11.953
1791642715.268 23271 7.638
1791642715.285 23274 12.163
1791642715.294 23276 12.309
1791642715.301 23279 7.453
1791642715.318 23282 11.675
1791642715.327 23284 11.866
1791642715.335 23287 7.570
1791642715.352 23290 11.662
1791642715.361 23292 12.025
1791642715.369 23295 7.603
1791642715.387 23298 12.185
1791642715.395 23300 11.741
1791642715.403 23303 7.560
1791642715.421 23306 12.117
1791642715.429 23308 11.975
1791642715.437 23311 7.592
1791642715.454 23314 11.724
1791642715.463 23316 12.230
1791642715.471 23319 7.707
1791642715.488 23322 11.764
1791642715.497 23324 12.338
1791642715.505 23327 7.647
1791642715.522 23330 11.746
1791642715.531 23332 12.201
1791642715.539 23335 7.442
1791642715.556 23338 11.999
1791642715.565 23340 12.480
1791642715.573 23343 7.661
1791642715.590 23346 11.937
1791642715.598 23348 11.977
1791642715.607 23351 7.746
1791642715.624 23354 12.112
1791642715.632 23356 12.000
1791642715.641 23359 7.828
1791642715.658 23362 11.784
1791642715.666 23364 12.115
1791642715.675 23367 7.521
1791642715.692 23370 12.088
1791642715.700 23372 11.835
1791642715.708 23375 7.486
1791642715.726 23378 12.214
1791642715.736 23380 13.932
1791642715.743 23383 8.180
1791642715.759 23386 11.887
1791642715.768 23388 11.904
1791642715.776 23391 7.475
1791642715.794 23394 12.104
1791642715.803 23396 13.011
1791642715.810 23399 7.542
1791642715.827 23402 12.092
1791642715.836 23404 11.871
1791642715.844 23407 7.363
1791642715.861 23410 11.685
1791642715.870 23412 11.754
1791642715.878 23415 7.548
1791642715.895 23418 11.767
1791642715.904 23420 12.357
1791642715.912 23423 7.434
1791642715.929 23426 12.007
1791642715.937 23428 11.814
1791642715.946 23431 7.717
1791642715.963 23434 11.898
1791642715.971 23436 11.766
1791642715.980 23439 7.781
1791642715.997 23442 12.027
1791642716.006 23444 12.660
1791642716.014 23447 7.741
1791642716.031 23450 12.078
1791642716.040 23452 12.769
1791642716.048 23455 7.873
1791642716.065 23458 11.973
1791642716.073 23460 11.754
1791642716.081 23463 7.493
1791642716.098 23466 11.743
1791642716.107 23468 11.609
1791642716.115 23471 7.446
1791642716.132 23474 11.671
1791642716.141 23476 11.776
1791642716.149 23479 7.563
1791642716.167 23482 12.508
1791642716.175 23484 11.794
1791642716.183 23487 7.493
1791642716.200 23490 11.762
1791642716.209 23492 11.793
1791642716.217 23495 7.647
1791642716.234 23498 12.055
1791642716.243 23500 11.844
1791642716.251 23503 7.510
1791642716.268 23506 11.703
1791642716.277 23508 11.791
1791642716.285 23511 7.425
1791642716.302 23514 11.762
1791642716.310 23516 11.841
1791642716.319 23519 7.471
1791642716.336 23522 11.769
1791642716.345 23524 12.024
1791642716.353 23527 7.726
1791642716.370 23530 11.874
1791642716.378 23532 11.754
1791642716.387 23535 7.588
1791642716.404 23538 12.021
1791642716.412 23540 11.845
1791642716.421 23543 7.523
1791642716.438 23546 12.108
1791642716.446 23548 11.765
1791642716.455 23551 7.541
1791642716.472 23554 11.895
1791642716.480 23556 12.017
1791642716.488 23559 7.507
1791642716.505 23562 11.856
1791642716.514 23564 11.843
1791642716.522 23567 7.403
1791642716.540 23570 12.271
1791642716.548 23572 12.077
1791642716.556 23575 7.645
1791642716.574 23578 12.230
1791642716.583 23580 13.289
1791642716.590 23583 7.668
1791642716.607 23586 12.075
1791642716.616 23588 11.781
1791642716.624 23591 7.645
1791642716.641 23594 12.091
1791642716.650 23596 11.805
1791642716.658 23599 7.486
1791642716.675 23602 11.920
1791642716.684 23604 11.920
1791642716.692 23607 7.632
1791642716.709 23610 11.694
1791642716.718 23612 12.418
1791642716.726 23615 7.415
1791642716.743 23618 11.968
1791642716.752 23620 12.647
1791642716.760 23623 7.790
1791642716.777 23626 11.871
1791642716.785 23628 11.788
1791642716.794 23631 7.722
1791642716.811 23634 11.873
1791642716.821 23636 13.745
1791642716.829 23639 9.029
1791642716.845 23642 12.177
1791642716.853 23644 11.808
1791642716.862 23647 8.016
1791642716.878 23650 11.811
1791642716.887 23652 11.752
1791642716.896 23655 7.825
1791642716.912 23658 11.597
1791642716.921 23660 11.820
1791642716.929 23663 7.502
1791642716.946 23666 11.664
1791642716.956 23668 13.100
1791642716.964 23671 8.358
1791642716.980 23674 11.659
1791642716.989 23676 12.001
1791642716.998 23679 8.464
1791642717.014 23682 12.041
1791642717.023 23684 12.026
1791642717.031 23687 7.385
1791642717.048 23690 11.842
1791642717.057 23692 11.804
1791642717.065 23695 7.579
1791642717.082 23698 12.082
1791642717.090 23700 11.715
1791642717.099 23703 7.689
1791642717.116 23706 11.753
1791642717.125 23708 12.476
1791642717.133 23711 7.408
1791642717.150 23714 12.119
1791642717.158 23716 11.886
1791642717.168 23719 8.541
1791642717.184 23722 11.918
1791642717.192 23724 11.850
1791642717.201 23727 7.476
1791642717.218 23730 12.145
1791642717.226 23732 11.823
1791642717.234 23735 7.435
1791642717.252 23738 12.236
1791642717.260 23740 12.235
1791642717.269 23743 7.631
1791642717.285 23746 11.875
1791642717.294 23748 11.897
1791642717.302 23751 7.619
1791642717.319 23754 11.710
1791642717.328 23756 11.819
1791642717.336 23759 7.599
1791642717.353 23762 11.781
1791642717.362 23764 11.781
1791642717.370 23767 7.348
1791642717.387 23770 11.711
1791642717.396 23772 11.669
1791642717.404 23775 7.509
1791642717.421 23778 11.958
1791642717.430 23780 12.170
1791642717.438 23783 7.780
1791642717.455 23786 11.863
1791642717.464 23788 11.839
1791642717.472 23791 7.500
1791642717.489 23794 11.987
1791642717.497 23796 11.855
1791642717.507 23799 8.601
1791642717.523 23802 11.805
1791642717.531 23804 11.766
1791642717.540 23807 7.410
1791642717.558 23810 13.449
1791642717.565 23812 12.018
1791642717.574 23815 7.490
1791642717.591 23818 11.893
1791642717.599 23820 11.900
1791642717.608 23823 7.491
1791642717.625 23826 11.954
1791642717.633 23828 11.800
1791642717.641 23831 7.454
1791642717.659 23834 12.114
1791642717.667 23836 11.987
1791642717.675 23839 7.474
1791642717.692 23842 11.720
1791642717.701 23844 11.830
1791642717.709 23847 7.438
1791642717.726 23850 12.005
1791642717.735 23852 11.788
1791642717.743 23855 7.382
1791642717.761 23858 12.495
1791642717.769 23860 11.923
1791642717.777 23863 7.501
1791642717.794 23866 11.665
1791642717.803 23868 11.958
1791642717.811 23871 7.519
1791642717.828 23874 11.993
1791642717.836 23876 11.610
1791642717.845 23879 7.452
1791642717.862 23882 12.029
1791642717.870 23884 11.678
1791642717.879 23887 7.761
1791642717.896 23890 12.086
1791642717.904 23892 11.788
1791642717.913 23895 7.550
1791642717.930 23898 12.106
1791642717.939 23900 12.336
1791642717.947 23903 7.691
1791642717.964 23906 12.288
1791642717.972 23908 12.093
1791642717.981 23911 8.008
1791642717.998 23914 12.239
1791642718.006 23916 11.827
1791642718.015 23919 7.607
1791642718.032 23922 12.370
1791642718.041 23924 12.899
1791642718.048 23927 7.512
1791642718.065 23930 11.898
1791642718.074 23932 11.890
1791642718.082 23935 7.485
1791642718.099 23938 11.794
1791642718.108 23940 11.802
1791642718.116 23943 7.512
1791642718.133 23946 11.751
1791642718.142 23948 11.716
1791642718.150 23951 7.511
1791642718.167 23954 11.760
1791642718.176 23956 11.891
1791642718.184 23959 7.633
1791642718.201 23962 11.931
1791642718.210 23964 11.822
1791642718.218 23967 7.559
1791642718.235 23970 12.256
1791642718.244 23972 11.959
1791642718.252 23975 7.866
1791642718.269 23978 12.170
1791642718.278 23980 12.360
1791642718.286 23983 7.502
1791642718.303 23986 11.730
1791642718.311 23988 11.878
1791642718.320 23991 7.454
1791642718.337 23994 11.639
1791642718.346 23996 12.636
1791642718.354 23999 7.729
1791642718.371 24002 12.040
1791642718.379 24004 11.771
1791642718.387 24007 7.459
1791642718.405 24010 11.896
1791642718.413 24012 11.741
1791642718.421 24015 7.408
1791642718.438 24018 11.851
1791642718.447 24020 11.760
1791642718.457 24023 9.292
1791642718.472 24026 11.746
1791642718.481 24028 11.856
1791642718.489 24031 7.498
1791642718.506 24034 12.054
1791642718.515 24036 11.979
1791642718.523 24039 7.427
1791642718.540 24042 11.808
1791642718.549 24044 11.806
1791642718.557 24047 7.527
1791642718.574 24050 11.669
1791642718.582 24052 11.690
1791642718.591 24055 7.620
1791642718.608 24058 11.887
1791642718.616 24060 11.798
1791642718.625 24063 7.725
1791642718.642 24066 11.803
1791642718.650 24068 11.687
1791642718.659 24071 7.425
1791642718.676 24074 12.064
1791642718.684 24076 11.917
1791642718.693 24079 7.632
1791642718.710 24082 12.019
1791642718.718 24084 11.628
1791642718.727 24087 7.462
1791642718.744 24090 11.733
1791642718.752 24092 11.871
1791642718.760 24095 7.433
1791642718.777 24098 11.663
1791642718.786 24100 11.955
1791642718.795 24103 7.756
1791642718.811 24106 11.773
1791642718.820 24108 11.693
1791642718.829 24111 8.185
1791642718.846 24114 12.162
1791642718.854 24116 11.874
1791642718.862 24119 7.585
1791642718.879 24122 11.739
1791642718.888 24124 11.766
1791642718.897 24127 8.368
1791642718.913 24130 12.054
1791642718.922 24132 11.741
1791642718.930 24135 7.455
1791642718.947 24138 11.666
1791642718.956 24140 12.301
1791642718.964 24143 7.525
1791642718.981 24146 11.764
1791642718.990 24148 12.365
1791642718.998 24151 7.587
1791642719.015 24154 11.755
1791642719.023 24156 11.719
1791642719.032 24159 7.524
1791642719.049 24162 12.121
1791642719.057 24164 11.803
1791642719.066 24167 7.406
1791642719.083 24170 11.731
1791642719.092 24172 12.538
1791642719.100 24175 7.426
1791642719.117 24178 11.672
1791642719.125 24180 11.751
1791642719.134 24183 7.526
1791642719.151 24186 11.737
1791642719.159 24188 11.806
1791642719.167 24191 7.364
1791642719.184 24194 11.726
1791642719.193 24196 11.967
1791642719.202 24199 8.174
1791642719.218 24202 11.787
1791642719.227 24204 11.963
1791642719.235 24207 7.515
1791642719.252 24210 11.692
1791642719.261 24212 11.894
1791642719.270 24215 8.378
1791642719.286 24218 11.992
1791642719.295 24220 11.989
1791642719.306 24223 10.420
1791642719.320 24226 12.063
1791642719.329 24228 11.938
1791642719.337 24231 7.525
1791642719.354 24234 11.663
1791642719.363 24236 11.807
1791642719.371 24239 7.445
1791642719.388 24242 11.745
1791642719.396 24244 11.759
1791642719.405 24247 7.471
1791642719.422 24250 11.987
1791642719.430 24252 11.660
1791642719.439 24255 7.449
1791642719.456 24258 12.021
1791642719.464 24260 11.765
1791642719.473 24263 7.434
1791642719.490 24266 11.800
1791642719.498 24268 11.848
1791642719.507 24271 7.443
1791642719.523 24274 11.676
1791642719.532 24276 11.790
1791642719.540 24279 7.401
1791642719.558 24282 11.884
1791642719.566 24284 12.025
1791642719.574 24287 7.466
1791642719.591 24290 11.751
1791642719.600 24292 11.874
1791642719.608 24295 7.489
1791642719.625 24298 11.908
1791642719.634 24300 11.875
1791642719.642 24303 7.480
1791642719.659 24306 11.719
1791642719.668 24308 11.789
1791642719.676 24311 7.367
1791642719.694 24314 12.200
1791642719.703 24316 13.067
1791642719.710 24319 7.728
1791642719.728 24322 12.462
1791642719.736 24324 11.847
1791642719.744 24327 7.541
1791642719.761 24330 11.911
1791642719.770 24332 12.428
1791642719.778 24335 7.761
1791642719.795 24338 12.097
1791642719.803 24340 11.837
1791642719.812 24343 7.587
1791642719.829 24346 11.929
1791642719.837 24348 11.901
1791642719.848 24351 9.921
1791642719.863 24354 11.966
1791642719.872 24356 12.188
1791642719.880 24359 7.766
1791642719.897 24362 11.860
1791642719.906 24364 12.799
1791642719.914 24367 8.003
1791642719.930 24370 11.739
1791642719.939 24372 12.249
1791642719.948 24375 8.025
1791642719.965 24378 11.945
1791642719.973 24380 11.887
1791642719.981 24383 7.537
1791642719.999 24386 11.965
1791642720.010 24388 15.108
1791642720.016 24391 8.491
1791642720.033 24394 12.593
1791642720.041 24396 12.448
1791642720.049 24399 7.742
1791642720.066 24402 11.980
1791642720.075 24404 11.931
1791642720.083 24407 7.557
1791642720.100 24410 11.801
1791642720.109 24412 11.733
1791642720.117 24415 7.533
1791642720.134 24418 11.784
1791642720.143 24420 11.850
1791642720.151 24423 7.569
1791642720.168 24426 11.836
1791642720.176 24428 11.754
1791642720.185 24431 7.656
1791642720.202 24434 11.788
1791642720.210 24436 11.958
1791642720.219 24439 7.657
1791642720.236 24442 11.821
1791642720.245 24444 12.607
1791642720.253 24447 7.609
1791642720.270 24450 11.709
1791642720.279 24452 12.678
1791642720.287 24455 7.464
1791642720.304 24458 11.780
1791642720.312 24460 11.866
1791642720.321 24463 7.749
1791642720.338 24466 12.049
1791642720.346 24468 11.854
1791642720.355 24471 7.627
1791642720.372 24474 12.162
1791642720.380 24476 11.727
1791642720.388 24479 7.518
1791642720.405 24482 11.808
1791642720.414 24484 11.780
1791642720.422 24487 7.529
1791642720.439 24490 12.012
1791642720.448 24492 11.913
1791642720.456 24495 7.443
1791642720.473 24498 12.077
1791642720.482 24500 11.940
1791642720.490 24503 7.499
1791642720.507 24506 11.703
1791642720.515 24508 11.757
1791642720.524 24511 7.492
1791642720.541 24514 12.065
1791642720.550 24516 12.112
1791642720.558 24519 7.647
1791642720.575 24522 12.125
1791642720.584 24524 12.025
1791642720.592 24527 7.753
1791642720.609 24530 11.833
1791642720.617 24532 11.808
1791642720.626 24535 7.846
1791642720.643 24538 11.712
1791642720.651 24540 11.858
1791642720.660 24543 7.679
1791642720.677 24546 12.222
1791642720.686 24548 12.878
1791642720.694 24551 7.574
1791642720.711 24554 12.082
1791642720.719 24556 11.840
1791642720.727 24559 7.540
1791642720.744 24562 11.809
1791642720.753 24564 12.135
1791642720.762 24567 8.288
1791642720.779 24570 12.290
1791642720.787 24572 12.139
1791642720.795 24575 7.602
1791642720.813 24578 12.528
1791642720.821 24580 12.256
1791642720.829 24583 7.779
1791642720.847 24586 12.397
1791642720.855 24588 12.408
1791642720.863 24591 7.681
1791642720.880 24594 11.802
1791642720.889 24596 11.828
1791642720.897 24599 7.553
1791642720.914 24602 11.695
1791642720.922 24604 11.756
1791642720.931 24607 7.568
1791642720.948 24610 11.676
1791642720.956 24612 11.718
1791642720.965 24615 7.396
1791642720.982 24618 11.713
1791642720.990 24620 11.748
1791642720.999 24623 7.543
1791642721.016 24626 12.049
1791642721.024 24628 11.685
1791642721.033 24631 7.437
1791642721.049 24634 11.647
1791642721.058 24636 11.818
1791642721.067 24639 7.553
1791642721.083 24642 11.623
1791642721.092 24644 11.739
1791642721.100 24647 7.362
1791642721.117 24650 11.678
1791642721.126 24652 11.807
1791642721.134 24655 7.468
1791642721.151 24658 11.603
1791642721.160 24660 11.797
1791642721.168 24663 7.447
1791642721.185 24666 11.671
1791642721.195 24668 12.976
1791642721.203 24671 8.359
1791642721.219 24674 11.708
1791642721.228 24676 12.163
1791642721.236 24679 7.404
1791642721.253 24682 12.051
1791642721.262 24684 12.252
1791642721.270 24687 7.420
1791642721.287 24690 12.090
1791642721.296 24692 12.035
1791642721.304 24695 7.556
1791642721.321 24698 12.181
1791642721.330 24700 11.893
1791642721.338 24703 7.594
1791642721.355 24706 11.714
1791642721.363 24708 11.866
1791642721.372 24711 7.370
1791642721.389 24714 11.656
1791642721.397 24716 11.875
1791642721.406 24719 7.530
1791642721.423 24722 11.884
1791642721.431 24724 11.932
1791642721.440 24727 7.496
1791642721.457 24730 11.749
1791642721.465 24732 11.857
1791642721.474 24735 7.779
1791642721.490 24738 11.680
1791642721.499 24740 11.900
1791642721.507 24743 7.537
1791642721.525 24746 12.085
1791642721.533 24748 12.234
1791642721.541 24751 7.414
1791642721.558 24754 11.985
1791642721.567 24756 11.857
1791642721.575 24759 7.442
1791642721.592 24762 11.825
1791642721.601 24764 11.887
1791642721.609 24767 7.497
1791642721.626 24770 11.746
1791642721.635 24772 11.876
1791642721.643 24775 7.474
1791642721.660 24778 11.804
1791642721.668 24780 11.753
1791642721.677 24783 7.478
1791642721.694 24786 12.117
1791642721.703 24788 12.077
1791642721.711 24791 7.511
1791642721.728 24794 11.714
1791642721.736 24796 11.697
1791642721.745 24799 7.516
1791642721.762 24802 12.164
1791642721.771 24804 12.633
1791642721.779 24807 7.518
1791642721.796 24810 12.102
1791642721.806 24812 13.676
1791642721.813 24815 7.999
1791642721.830 24818 11.746
1791642721.839 24820 12.849
1791642721.847 24823 7.814
1791642721.863 24826 11.768
1791642721.872 24828 11.911
1791642721.880 24831 7.444
1791642721.897 24834 11.773
1791642721.906 24836 11.858
1791642721.916 24839 9.236
1791642721.931 24842 11.811
1791642721.940 24844 11.853
1791642721.948 24847 7.386
1791642721.966 24850 12.108
1791642721.974 24852 11.799
1791642721.982 24855 7.641
1791642721.999 24858 12.077
1791642722.008 24860 11.832
1791642722.016 24863 7.580
1791642722.033 24866 11.842
1791642722.042 24868 11.959
1791642722.050 24871 7.561
1791642722.067 24874 11.725
1791642722.075 24876 11.741
1791642722.084 24879 7.421
1791642722.101 24882 11.808
1791642722.109 24884 11.799
1791642722.118 24887 7.484
1791642722.135 24890 11.741
1791642722.143 24892 11.713
1791642722.152 24895 7.576
1791642722.169 24898 11.887
1791642722.178 24900 12.150
1791642722.186 24903 7.913
1791642722.203 24906 12.134
1791642722.211 24908 12.077
1791642722.220 24911 7.897
1791642722.237 24914 11.854
1791642722.245 24916 11.744
1791642722.254 24919 8.038
1791642722.271 24922 12.287
1791642722.279 24924 11.676
1791642722.287 24927 7.409
1791642722.304 24930 11.691
1791642722.313 24932 11.782
1791642722.321 24935 7.469
1791642722.338 24938 11.753
1791642722.347 24940 12.113
1791642722.355 24943 7.678
1791642722.372 24946 11.950
1791642722.381 24948 11.700
1791642722.389 24951 7.473
1791642722.406 24954 11.807
1791642722.415 24956 12.415
1791642722.423 24959 7.795
1791642722.440 24962 11.946
1791642722.448 24964 11.716
1791642722.457 24967 7.568
1791642722.474 24970 11.844
1791642722.482 24972 11.838
1791642722.491 24975 7.570
1791642722.508 24978 11.788
1791642722.516 24980 11.845
1791642722.525 24983 7.701
1791642722.542 24986 11.884
1791642722.550 24988 11.840
1791642722.559 24991 7.558
1791642722.576 24994 12.099
1791642722.584 24996 11.875
1791642722.593 24999 7.501
1791642722.610 25002 11.755
1791642722.618 25004 11.780
1791642722.626 25007 7.396
1791642722.643 25010 11.682
1791642722.652 25012 11.748
1791642722.660 25015 7.465
1791642722.677 25018 11.774
1791642722.686 25020 11.832
1791642722.694 25023 7.513
1791642722.711 25026 11.765
1791642722.720 25028 11.786
1791642722.729 25031 8.376
1791642722.745 25034 11.731
1791642722.754 25036 11.809
1791642722.763 25039 8.420
1791642722.779 25042 12.095
1791642722.789 25044 13.250
1791642722.796 25047 7.564
1791642722.813 25050 12.096
1791642722.822 25052 11.821
1791642722.830 25055 7.627
1791642722.847 25058 11.935
1791642722.855 25060 11.824
1791642722.864 25063 7.533
1791642722.881 25066 12.070
1791642722.889 25068 11.918
1791642722.898 25071 7.542
1791642722.915 25074 11.694
1791642722.923 25076 11.765
1791642722.932 25079 7.798
1791642722.949 25082 12.049
1791642722.958 25084 12.634
1791642722.966 25087 7.570
1791642722.982 25090 11.683
1791642722.991 25092 11.814
1791642723.000 25095 7.609
1791642723.016 25098 11.744
1791642723.026 25100 12.772
1791642723.034 25103 7.658
1791642723.051 25106 11.999
1791642723.059 25108 12.163
1791642723.068 25111 8.158
1791642723.085 25114 12.062
1791642723.096 25116 14.977
1791642723.102 25119 8.025
1791642723.118 25122 11.750
1791642723.127 25124 11.754
1791642723.135 25127 7.491
1791642723.152 25130 11.743
1791642723.161 25132 11.875
1791642723.169 25135 7.531
1791642723.186 25138 11.918
1791642723.195 25140 11.782
1791642723.203 25143 7.412
1791642723.220 25146 11.769
1791642723.228 25148 11.644
1791642723.237 25151 7.576
1791642723.254 25154 12.087
1791642723.262 25156 11.877
1791642723.271 25159 7.609
1791642723.288 25162 11.895
1791642723.296 25164 11.760
1791642723.305 25167 7.484
1791642723.322 25170 11.734
1791642723.330 25172 11.785
1791642723.339 25175 7.589
1791642723.356 25178 12.210
1791642723.364 25180 11.851
1791642723.373 25183 7.567
1791642723.390 25186 12.018
1791642723.398 25188 12.085
1791642723.406 25191 7.528
1791642723.424 25194 12.094
1791642723.432 25196 11.798
1791642723.440 25199 7.479
1791642723.458 25202 12.097
1791642723.466 25204 11.762
1791642723.474 25207 7.458
1791642723.491 25210 11.943
1791642723.500 25212 12.093
1791642723.508 25215 7.597
1791642723.525 25218 11.956
1791642723.534 25220 11.940
1791642723.542 25223 7.625
1791642723.559 25226 11.820
1791642723.568 25228 11.820
1791642723.576 25231 7.499
1791642723.593 25234 12.021
1791642723.601 25236 11.777
1791642723.610 25239 7.530
1791642723.627 25242 11.840
1791642723.636 25244 11.934
1791642723.644 25247 7.571
1791642723.661 25250 11.820
1791642723.669 25252 11.734
1791642723.678 25255 7.418
1791642723.695 25258 12.102
1791642723.703 25260 11.728
1791642723.712 25263 7.694
1791642723.729 25266 11.791
1791642723.737 25268 11.676
1791642723.746 25271 7.715
1791642723.763 25274 12.225
1791642723.771 25276 12.015
1791642723.780 25279 7.550
1791642723.796 25282 11.716
1791642723.805 25284 11.707
1791642723.813 25287 7.388
1791642723.831 25290 12.108
1791642723.839 25292 12.172
1791642723.847 25295 7.428
1791642723.864 25298 11.757
1791642723.873 25300 12.091
1791642723.881 25303 7.669
1791642723.898 25306 11.836
1791642723.907 25308 11.849
1791642723.915 25311 7.649
1791642723.932 25314 12.060
1791642723.941 25316 12.018
1791642723.950 25319 8.587
1791642723.966 25322 12.162
1791642723.975 25324 11.962
1791642723.984 25327 8.611
1791642724.000 25330 11.758
1791642724.009 25332 12.407
1791642724.017 25335 7.602
1791642724.034 25338 11.679
1791642724.042 25340 11.823
1791642724.051 25343 7.745
1791642724.068 25346 11.594
1791642724.076 25348 11.756
1791642724.085 25351 7.477
1791642724.102 25354 11.690
1791642724.110 25356 11.782
1791642724.119 25359 7.606
1791642724.136 25362 11.780
1791642724.144 25364 11.697
1791642724.152 25367 7.490
1791642724.169 25370 11.732
1791642724.178 25372 11.674
1791642724.186 25375 7.513
1791642724.203 25378 11.759
1791642724.212 25380 11.675
1791642724.220 25383 7.438
1791642724.238 25386 12.171
1791642724.246 25388 11.903
1791642724.254 25391 7.393
1791642724.271 25394 11.946
1791642724.280 25396 11.711
1791642724.288 25399 7.409
1791642724.305 25402 11.749
1791642724.314 25404 11.882
1791642724.322 25407 7.487
1791642724.339 25410 11.753
1791642724.348 25412 11.778
1791642724.356 25415 7.429
1791642724.374 25418 12.564
1791642724.381 25420 11.814
1791642724.390 25423 7.536
1791642724.407 25426 12.350
1791642724.416 25428 12.172
1791642724.424 25431 7.641
1791642724.441 25434 12.014
1791642724.449 25436 11.730
1791642724.458 25439 7.495
1791642724.475 25442 12.043
1791642724.483 25444 11.718
1791642724.491 25447 7.359
1791642724.508 25450 11.645
1791642724.517 25452 11.683
1791642724.526 25455 7.469
1791642724.542 25458 11.748
1791642724.551 25460 11.785
1791642724.559 25463 7.530
1791642724.576 25466 11.649
1791642724.585 25468 11.761
1791642724.593 25471 7.585
1791642724.611 25474 12.037
1791642724.619 25476 11.822
1791642724.627 25479 7.442
1791642724.644 25482 11.987
1791642724.653 25484 11.805
1791642724.662 25487 8.308
1791642724.678 25490 11.666
1791642724.687 25492 11.770
1791642724.695 25495 7.551
1791642724.712 25498 12.049
1791642724.721 25500 11.993
1791642724.729 25503 7.504
1791642724.746 25506 11.699
1791642724.755 25508 11.803
1791642724.764 25511 8.644
1791642724.780 25514 11.865
1791642724.788 25516 11.828
1791642724.797 25519 7.528
1791642724.814 25522 11.842
1791642724.823 25524 12.523
1791642724.831 25527 7.769
1791642724.848 25530 11.751
1791642724.856 25532 11.744
1791642724.865 25535 7.441
1791642724.882 25538 11.801
1791642724.891 25540 12.668
1791642724.899 25543 7.708
1791642724.916 25546 12.235
1791642724.924 25548 11.800
1791642724.933 25551 7.600
1791642724.949 25554 11.752
1791642724.958 25556 11.797
1791642724.969 25559 10.183
1791642724.984 25562 12.015
1791642724.992 25564 12.006
1791642725.000 25567 7.413
1791642725.017 25570 11.777
1791642725.026 25572 11.835
1791642725.034 25575 7.572
1791642725.051 25578 12.005
1791642725.060 25580 12.240
1791642725.068 25583 7.846
1791642725.085 25586 11.932
1791642725.094 25588 11.860
1791642725.103 25591 8.444
1791642725.119 25594 11.663
1791642725.127 25596 11.745
1791642725.136 25599 7.479
1791642725.153 25602 12.183
1791642725.162 25604 11.894
1791642725.170 25607 7.530
1791642725.187 25610 11.818
1791642725.195 25612 11.879
1791642725.204 25615 7.508
1791642725.221 25618 12.037
1791642725.230 25620 12.579
1791642725.238 25623 7.498
1791642725.255 25626 11.706
1791642725.263 25628 11.843
1791642725.272 25631 7.470
1791642725.289 25634 11.706
1791642725.297 25636 11.801
1791642725.306 25639 7.505
1791642725.322 25642 11.720
1791642725.331 25644 11.788
1791642725.339 25647 7.486
1791642725.356 25650 11.797
1791642725.365 25652 11.894
1791642725.373 25655 7.461
1791642725.390 25658 11.950
1791642725.399 25660 12.292
1791642725.407 25663 7.672
1791642725.424 25666 11.867
1791642725.433 25668 12.114
1791642725.441 25671 7.450
1791642725.458 25674 11.931
1791642725.468 25676 12.155
1791642725.475 25679 7.426
1791642725.492 25682 12.019
1791642725.501 25684 11.767
1791642725.509 25687 7.596
1791642725.526 25690 11.752
1791642725.534 25692 11.670
1791642725.543 25695 7.555
1791642725.560 25698 11.907
1791642725.568 25700 11.684
1791642725.577 25703 7.421
1791642725.594 25706 11.735
1791642725.602 25708 11.727
1791642725.611 25711 7.416
1791642725.628 25714 11.722
1791642725.636 25716 11.839
1791642725.645 25719 7.559
1791642725.661 25722 11.628
1791642725.670 25724 11.837
1791642725.678 25727 7.465
1791642725.696 25730 12.376
1791642725.704 25732 11.815
1791642725.713 25735 7.562
1791642725.730 25738 11.932
1791642725.738 25740 11.893
1791642725.746 25743 7.571
1791642725.764 25746 12.053
1791642725.775 25748 14.928
1791642725.781 25751 7.896
1791642725.798 25754 12.048
1791642725.806 25756 11.883
1791642725.814 25759 7.459
1791642725.831 25762 11.656
1791642725.840 25764 11.772
1791642725.848 25767 7.443
1791642725.865 25770 11.639
1791642725.874 25772 11.736
1791642725.882 25775 7.576
1791642725.899 25778 11.683
1791642725.908 25780 11.881
1791642725.916 25783 7.420
1791642725.933 25786 11.700
1791642725.942 25788 11.998
1791642725.950 25791 7.715
1791642725.967 25794 12.086
1791642725.976 25796 12.494
1791642725.984 25799 7.596
1791642726.001 25802 11.728
1791642726.009 25804 11.870
1791642726.018 25807 7.449
1791642726.035 25810 12.155
1791642726.044 25812 12.753
1791642726.052 25815 7.518
1791642726.069 25818 11.889
1791642726.077 25820 11.866
1791642726.086 25823 7.543
1791642726.103 25826 12.193
1791642726.111 25828 12.055
1791642726.119 25831 7.514
1791642726.137 25834 12.331
1791642726.146 25836 12.904
1791642726.153 25839 7.612
1791642726.171 25842 12.424
1791642726.180 25844 12.748
1791642726.187 25847 7.736
1791642726.205 25850 12.291
1791642726.213 25852 12.168
1791642726.221 25855 7.560
1791642726.239 25858 12.179
1791642726.247 25860 11.922
1791642726.255 25863 7.724
1791642726.272 25866 11.870
1791642726.282 25868 13.610
1791642726.289 25871 8.021
1791642726.306 25874 12.032
1791642726.315 25876 12.404
1791642726.323 25879 8.067
1791642726.340 25882 12.056
1791642726.348 25884 11.863
1791642726.357 25887 7.741
1791642726.374 25890 12.002
1791642726.382 25892 11.628
1791642726.391 25895 7.573
1791642726.408 25898 11.880
1791642726.416 25900 11.740
1791642726.425 25903 7.491
1791642726.442 25906 11.952
1791642726.450 25908 11.956
1791642726.459 25911 7.598
1791642726.476 25914 11.901
1791642726.484 25916 11.892
1791642726.492 25919 7.451
1791642726.510 25922 12.079
1791642726.518 25924 11.823
1791642726.526 25927 7.499
1791642726.544 25930 12.022
1791642726.552 25932 11.781
1791642726.560 25935 7.530
1791642726.577 25938 11.798
1791642726.586 25940 11.775
1791642726.594 25943 7.469
1791642726.611 25946 11.771
1791642726.620 25948 11.682
1791642726.628 25951 7.496
1791642726.645 25954 11.698
1791642726.654 25956 11.880
1791642726.662 25959 7.600
1791642726.679 25962 11.814
1791642726.688 25964 12.154
1791642726.697 25967 8.387
1791642726.713 25970 11.812
1791642726.721 25972 11.918
1791642726.730 25975 7.640
1791642726.747 25978 12.079
1791642726.756 25980 12.138
1791642726.764 25983 7.692
1791642726.781 25986 11.924
1791642726.789 25988 12.065
1791642726.798 25991 7.501
1791642726.815 25994 12.357
1791642726.824 25996 12.153
1791642726.831 25999 7.446
1791642726.849 26002 12.114
1791642726.857 26004 11.928
1791642726.865 26007 7.417
1791642726.882 26010 11.724
1791642726.891 26012 11.832
1791642726.899 26015 7.499
1791642726.916 26018 11.725
1791642726.925 26020 11.730
1791642726.933 26023 7.500
1791642726.951 26026 12.353
1791642726.959 26028 12.345
1791642726.968 26031 7.898
1791642726.984 26034 11.807
1791642726.993 26036 11.718
1791642727.001 26039 7.515
1791642727.018 26042 11.839
1791642727.027 26044 11.782
1791642727.036 26047 8.604
1791642727.052 26050 11.963
1791642727.061 26052 12.049
1791642727.069 26055 7.838
1791642727.086 26058 11.908
1791642727.095 26060 11.905
1791642727.104 26063 8.748
1791642727.120 26066 11.799
1791642727.128 26068 11.961
1791642727.137 26071 7.618
1791642727.154 26074 12.128
1791642727.162 26076 11.830
1791642727.171 26079 7.489
1791642727.188 26082 11.810
1791642727.196 26084 11.882
1791642727.205 26087 7.626
1791642727.222 26090 11.987
1791642727.230 26092 11.865
1791642727.239 26095 7.600
1791642727.256 26098 11.929
1791642727.264 26100 11.915
1791642727.272 26103 7.543
1791642727.290 26106 11.925
1791642727.298 26108 12.005
1791642727.306 26111 7.611
1791642727.323 26114 11.896
1791642727.332 26116 11.753
1791642727.340 26119 7.621
1791642727.358 26122 12.176
1791642727.366 26124 12.042
1791642727.374 26127 7.759
1791642727.391 26130 11.906
1791642727.400 26132 12.034
1791642727.408 26135 7.706
1791642727.425 26138 11.847
1791642727.434 26140 12.023
1791642727.442 26143 7.469
1791642727.460 26146 12.345
1791642727.468 26148 12.059
1791642727.476 26151 7.936
1791642727.493 26154 12.256
1791642727.502 26156 12.508
1791642727.510 26159 7.604
1791642727.527 26162 12.297
1791642727.536 26164 12.035
1791642727.544 26167 7.552
1791642727.561 26170 12.133
1791642727.569 26172 11.924
1791642727.578 26175 7.666
1791642727.595 26178 12.302
1791642727.603 26180 12.132
1791642727.612 26183 7.616
1791642727.629 26186 12.297
1791642727.637 26188 11.981
1791642727.645 26191 7.453
1791642727.662 26194 11.840
1791642727.671 26196 11.896
1791642727.679 26199 7.421
1791642727.696 26202 11.701
1791642727.705 26204 11.847
1791642727.713 26207 7.487
1791642727.730 26210 11.828
1791642727.739 26212 11.945
1791642727.747 26215 7.438
1791642727.764 26218 11.676
1791642727.773 26220 11.970
1791642727.781 26223 7.554
1791642727.798 26226 11.681
1791642727.807 26228 12.247
1791642727.815 26231 7.337
1791642727.832 26234 11.624
1791642727.841 26236 11.945
1791642727.849 26239 7.488
1791642727.866 26242 12.109
1791642727.875 26244 11.948
1791642727.883 26247 7.478
1791642727.900 26250 12.057
1791642727.908 26252 11.894
1791642727.917 26255 7.655
1791642727.934 26258 11.855
1791642727.942 26260 11.886
1791642727.951 26263 7.618
1791642727.968 26266 11.906
1791642727.976 26268 12.013
1791642727.985 26271 7.826
1791642728.002 26274 11.862
1791642728.010 26276 11.730
1791642728.018 26279 7.364
1791642728.035 26282 11.693
1791642728.044 26284 11.741
1791642728.052 26287 7.482
1791642728.070 26290 11.989
1791642728.078 26292 11.984
1791642728.086 26295 7.565
1791642728.103 26298 11.986
1791642728.112 26300 12.083
1791642728.120 26303 7.543
1791642728.137 26306 11.760
1791642728.146 26308 11.688
1791642728.154 26311 7.418
1791642728.171 26314 11.616
1791642728.180 26316 11.742
1791642728.188 26319 7.394
1791642728.205 26322 11.980
1791642728.214 26324 11.808
1791642728.222 26327 7.522
1791642728.239 26330 11.702
1791642728.247 26332 11.783
1791642728.256 26335 7.438
1791642728.273 26338 12.000
1791642728.281 26340 11.732
1791642728.290 26343 7.359
1791642728.307 26346 11.649
1791642728.315 26348 11.740
1791642728.324 26351 7.364
1791642728.341 26354 11.712
1791642728.349 26356 11.800
1791642728.358 26359 7.489
1791642728.375 26362 11.859
1791642728.383 26364 11.781
1791642728.391 26367 7.474
1791642728.409 26370 11.935
1791642728.417 26372 11.770
1791642728.425 26375 7.493
1791642728.442 26378 11.712
1791642728.451 26380 11.850
1791642728.459 26383 7.567
1791642728.476 26386 11.712
1791642728.485 26388 11.777
1791642728.493 26391 7.426
1791642728.511 26394 12.476
1791642728.519 26396 11.851
1791642728.528 26399 8.517
1791642728.544 26402 12.068
1791642728.553 26404 11.870
1791642728.561 26407 7.472
1791642728.578 26410 12.005
1791642728.586 26412 11.661
1791642728.595 26415 7.559
1791642728.612 26418 12.048
1791642728.620 26420 11.721
1791642728.629 26423 7.452
1791642728.646 26426 11.826
1791642728.654 26428 11.638
1791642728.663 26431 7.499
1791642728.680 26434 11.845
1791642728.688 26436 11.915
1791642728.697 26439 7.524
1791642728.714 26442 12.160
1791642728.722 26444 11.905
1791642728.730 26447 7.387
1791642728.748 26450 12.060
1791642728.756 26452 11.793
1791642728.765 26455 7.933
1791642728.782 26458 12.076
1791642728.790 26460 12.083
1791642728.798 26463 7.523
1791642728.816 26466 11.917
1791642728.824 26468 11.915
1791642728.832 26471 7.456
1791642728.849 26474 11.739
1791642728.858 26476 11.665
1791642728.867 26479 8.238
1791642728.883 26482 11.607
1791642728.892 26484 11.776
1791642728.900 26487 7.449
1791642728.917 26490 12.018
1791642728.926 26492 11.729
1791642728.934 26495 7.517
1791642728.951 26498 12.038
1791642728.959 26500 11.726
1791642728.968 26503 7.464
1791642728.985 26506 11.805
1791642728.994 26508 11.837
1791642729.002 26511 7.731
1791642729.019 26514 12.064
1791642729.028 26516 11.916
1791642729.036 26519 7.747
1791642729.053 26522 11.807
1791642729.061 26524 11.728
1791642729.070 26527 7.794
1791642729.087 26530 11.656
1791642729.096 26532 12.622
1791642729.104 26535 7.741
1791642729.121 26538 11.915
1791642729.129 26540 12.158
1791642729.138 26543 11.837
1791642729.145 26546 8.449
1791642729.152 26548 8.666
1791642729.165 26551 11.791
1791642729.172 26554 8.468
1791642729.179 26556 8.730
1791642729.192 26559 11.880
1791642729.199 26562 8.594
1791642729.206 26564 8.477
1791642729.220 26567 12.731
1791642729.228 26570 9.869
1791642729.234 26572 9.019
1791642729.247 26575 12.443
1791642729.254 26578 8.787
1791642729.260 26580 8.641
1791642729.270 26583 7.774
1791642729.284 26586 12.294
1791642729.291 26588 12.034
1791642729.298 26591 8.617
1791642729.311 26594 12.014
1791642729.318 26596 11.801
1791642729.324 26599 8.397
1791642729.338 26602 11.828
1791642729.345 26604 11.870
1791642729.352 26607 8.513
1791642729.365 26610 11.882
1791642729.372 26612 11.826
1791642729.379 26615 8.474
1791642729.392 26618 11.767
1791642729.399 26620 11.759
1791642729.406 26623 8.476
1791642729.420 26626 12.193
1791642729.427 26628 12.084
1791642729.433 26631 8.649
1791642729.447 26634 12.055
1791642729.453 26636 11.802
1791642729.460 26639 8.400
1791642729.474 26642 12.156
1791642729.481 26644 11.618
1791642729.487 26647 8.457
1791642729.501 26650 12.024
1791642729.508 26652 12.550
1791642729.515 26655 8.691
1791642729.528 26658 11.970
1791642729.535 26660 11.558
1791642729.542 26663 8.683
1791642729.557 26666 13.328
1791642729.563 26668 12.744
1791642729.570 26671 9.553
1791642729.584 26674 12.447
1791642729.591 26676 12.542
1791642729.597 26679 9.835
1791642729.611 26682 12.201
1791642729.617 26684 12.344
1791642729.624 26687 9.577
1791642729.638 26690 12.530
1791642729.644 26692 12.256
1791642729.651 26695 9.504
1791642729.664 26698 11.751
1791642729.670 26700 11.818
1791642729.677 26703 8.374
1791642729.691 26706 12.116
1791642729.698 26708 11.962
1791642729.704 26711 8.450
1791642729.718 26714 12.058
1791642729.725 26716 11.807
1791642729.731 26719 8.427
1791642729.745 26722 11.930
1791642729.752 26724 12.083
1791642729.759 26727 8.583
1791642729.773 26730 12.123
1791642729.779 26732 11.904
1791642729.786 26735 8.632
1791642729.800 26738 12.182
1791642729.806 26740 11.770
1791642729.813 26743 8.583
1791642729.827 26746 11.970
1791642729.833 26748 11.944
1791642729.840 26751 8.519
1791642729.854 26754 12.022
1791642729.861 26756 11.942
1791642729.867 26759 8.485
1791642729.881 26762 12.185
1791642729.888 26764 11.835
1791642729.894 26767 8.528
1791642729.908 26770 12.072
1791642729.915 26772 11.781
1791642729.922 26775 8.620
1791642729.935 26778 12.218
1791642729.943 26780 12.217
1791642729.950 26783 9.952
1791642729.963 26786 12.062
1791642729.969 26788 11.777
1791642729.976 26791 8.824
1791642729.989 26794 12.037
1791642729.997 26796 12.358
1791642730.003 26799 8.963
1791642730.017 26802 12.464
1791642730.024 26804 12.300
1791642730.030 26807 8.726
1791642730.044 26810 11.999
1791642730.051 26812 12.077
1791642730.057 26815 8.586
1791642730.071 26818 12.045
1791642730.078 26820 11.776
1791642730.084 26823 8.431
1791642730.098 26826 12.266
1791642730.105 26828 11.871
1791642730.111 26831 8.485
1791642730.125 26834 11.982
1791642730.132 26836 12.116
1791642730.139 26839 8.510
1791642730.152 26842 12.192
1791642730.159 26844 12.036
1791642730.166 26847 8.672
1791642730.179 26850 11.979
1791642730.186 26852 12.188
1791642730.193 26855 8.671
1791642730.207 26858 12.598
1791642730.213 26860 11.793
1791642730.220 26863 8.590
1791642730.233 26866 11.953
1791642730.240 26868 11.876
1791642730.247 26871 8.415
1791642730.261 26874 12.190
1791642730.267 26876 11.815
1791642730.274 26879 8.503
1791642730.288 26882 11.939
1791642730.295 26884 12.295
1791642730.302 26887 8.934
1791642730.315 26890 11.877
1791642730.322 26892 12.020
1791642730.328 26895 8.515
1791642730.342 26898 11.873
1791642730.349 26900 12.127
1791642730.356 26903 8.825
1791642730.369 26906 12.165
1791642730.376 26908 11.860
1791642730.383 26911 8.603
1791642730.396 26914 11.930
1791642730.403 26916 12.021
1791642730.410 26919 8.642
1791642730.424 26922 12.255
1791642730.430 26924 11.934
1791642730.437 26927 8.903
1791642730.451 26930 12.335
1791642730.457 26932 11.847
1791642730.464 26935 8.541
1791642730.478 26938 11.957
1791642730.484 26940 11.739
1791642730.491 26943 8.434
1791642730.505 26946 12.045
1791642730.511 26948 11.797
1791642730.518 26951 8.423
1791642730.532 26954 12.365
1791642730.539 26956 12.512
1791642730.546 26959 8.935
1791642730.559 26962 11.952
1791642730.568 26964 12.787
1791642730.576 26967 12.193
1791642730.583 26970 8.536
1791642730.590 26972 8.517
1791642730.603 26975 11.821
1791642730.610 26978 8.482
1791642730.617 26980 8.502
1791642730.630 26983 12.059
1791642730.637 26986 8.634
1791642730.644 26988 8.474
1791642730.658 26991 12.290
1791642730.664 26994 8.684
1791642730.671 26996 8.625
1791642730.685 26999 12.311
1791642730.691 27002 8.689
1791642730.700 27004 9.952
1791642730.712 27007 11.569
1791642730.719 27010 8.641
1791642730.725 27012 8.531
1791642730.740 27015 12.751
1791642730.746 27018 8.948
1791642730.753 27020 8.943
1791642730.766 27023 12.046
1791642730.773 27026 8.509
1791642730.780 27028 8.771
1791642730.793 27031 12.114
1791642730.800 27034 8.813
1791642730.807 27036 8.486
1791642730.820 27039 12.094
1791642730.827 27042 8.618
1791642730.834 27044 8.506
1791642730.848 27047 12.488
1791642730.855 27050 9.124
1791642730.861 27052 8.989
1791642730.875 27055 11.992
1791642730.881 27058 8.595
1791642730.889 27060 9.896
1791642730.903 27063 12.648
1791642730.910 27066 10.042
1791642730.916 27068 9.906
1791642730.930 27071 12.216
1791642730.937 27074 9.938
1791642730.944 27076 10.095
1791642730.956 27079 11.792
1791642730.963 27082 8.891
1791642730.970 27084 8.796
1791642730.983 27087 12.265
1791642730.990 27090 8.937
1791642730.997 27092 8.621
1791642731.010 27095 11.770
1791642731.017 27098 8.422
1791642731.023 27100 8.368
1791642731.037 27103 12.089
1791642731.044 27106 8.613
1791642731.051 27108 8.479
1791642731.064 27111 11.889
1791642731.071 27114 8.423
1791642731.078 27116 8.458
1791642731.091 27119 11.926
1791642731.098 27122 8.424
1791642731.105 27124 8.629
1791642731.119 27127 11.860
1791642731.125 27130 8.585
1791642731.132 27132 8.476
1791642731.146 27135 11.903
1791642731.152 27138 8.462
1791642731.159 27140 8.400
1791642731.173 27143 12.077
1791642731.180 27146 8.674
1791642731.186 27148 8.493
1791642731.200 27151 11.811
1791642731.207 27154 8.490
1791642731.213 27156 8.402
1791642731.227 27159 11.817
1791642731.234 27162 8.558
1791642731.240 27164 8.385
1791642731.254 27167 11.951
1791642731.261 27170 8.750
1791642731.268 27172 8.470
1791642731.281 27175 11.920
1791642731.288 27178 8.476
1791642731.295 27180 8.485
1791642731.310 27183 12.306
1791642731.316 27186 9.567
1791642731.322 27188 8.790
1791642731.336 27191 12.057
1791642731.343 27194 8.834
1791642731.350 27196 8.938
1791642731.363 27199 11.971
1791642731.370 27202 8.905
1791642731.377 27204 8.956
1791642731.390 27207 12.357
1791642731.397 27210 8.871
1791642731.404 27212 8.925
1791642731.417 27215 12.048
1791642731.424 27218 8.403
1791642731.430 27220 8.380
1791642731.444 27223 11.802
1791642731.451 27226 8.407
1791642731.458 27228 8.353
1791642731.471 27231 11.931
1791642731.478 27234 8.430
1791642731.485 27236 8.382
1791642731.498 27239 11.791
1791642731.505 27242 8.345
1791642731.512 27244 8.555
1791642731.525 27247 11.800
1791642731.532 27250 8.641
1791642731.539 27252 8.739
1791642731.553 27255 12.124
1791642731.560 27258 9.019
1791642731.567 27260 8.883
1791642731.580 27263 11.996
1791642731.586 27266 8.468
1791642731.593 27268 8.454
1791642731.607 27271 12.278
1791642731.614 27274 8.798
1791642731.621 27276 8.872
1791642731.634 27279 12.042
1791642731.644 27282 11.711
1791642731.651 27284 11.779
1791642731.658 27287 8.557
1791642731.671 27290 12.095
1791642731.678 27292 11.701
1791642731.685 27295 8.566
1791642731.698 27298 11.906
1791642731.705 27300 11.873
1791642731.712 27303 8.459
1791642731.726 27306 12.278
1791642731.732 27308 11.753
1791642731.739 27311 8.359
1791642731.753 27314 12.205
1791642731.760 27316 12.201
1791642731.767 27319 8.878
1791642731.780 27322 12.077
1791642731.787 27324 11.757
1791642731.793 27327 8.404
1791642731.807 27330 11.796
1791642731.814 27332 11.874
1791642731.820 27335 8.455
1791642731.834 27338 11.977
1791642731.841 27340 11.769
1791642731.848 27343 8.412
1791642731.861 27346 12.042
1791642731.868 27348 11.859
1791642731.875 27351 8.630
1791642731.889 27354 12.134
1791642731.895 27356 11.757
1791642731.902 27359 8.511
1791642731.916 27362 12.040
1791642731.922 27364 11.895
1791642731.929 27367 8.516
1791642731.943 27370 12.011
1791642731.949 27372 11.940
1791642731.956 27375 8.671
1791642731.970 27378 12.351
1791642731.977 27380 11.965
1791642731.984 27383 9.123
1791642731.997 27386 12.315
1791642732.004 27388 12.041
1791642732.011 27391 8.948
1791642732.024 27394 11.998
1791642732.031 27396 12.018
1791642732.038 27399 8.548
1791642732.051 27402 12.036
1791642732.058 27404 12.007
1791642732.065 27407 8.582
1791642732.078 27410 11.917
1791642732.087 27412 12.883
1791642732.093 27415 9.977
1791642732.107 27418 12.487
1791642732.114 27420 12.580
1791642732.120 27423 9.870
1791642732.134 27426 12.621
1791642732.140 27428 12.347
1791642732.147 27431 9.455
1791642732.161 27434 12.110
1791642732.168 27436 12.783
1791642732.175 27439 9.966
1791642732.188 27442 12.296
1791642732.195 27444 12.415
1791642732.201 27447 9.484
1791642732.214 27450 12.176
1791642732.222 27452 12.051
1791642732.229 27455 9.982
1791642732.242 27458 12.494
1791642732.249 27460 12.455
1791642732.256 27463 9.911
1791642732.269 27466 12.403
1791642732.275 27468 11.905
1791642732.282 27471 8.688
1791642732.295 27474 12.060
1791642732.303 27476 12.578
1791642732.309 27479 8.747
1791642732.323 27482 12.054
1791642732.329 27484 11.898
1791642732.336 27487 8.448
1791642732.350 27490 12.260
1791642732.357 27492 12.303
1791642732.364 27495 9.012
1791642732.377 27498 12.040
1791642732.383 27500 11.830
1791642732.390 27503 8.426
1791642732.404 27506 12.232
1791642732.411 27508 12.153
1791642732.418 27511 8.791
1791642732.431 27514 11.862
1791642732.438 27516 12.118
1791642732.444 27519 8.391
1791642732.458 27522 11.928
1791642732.465 27524 12.259
1791642732.472 27527 8.527
1791642732.486 27530 12.320
1791642732.492 27532 12.113
1791642732.499 27535 8.795
1791642732.512 27538 11.944
1791642732.519 27540 12.269
1791642732.526 27543 8.784
1791642732.539 27546 11.909
1791642732.548 27548 12.119
1791642732.554 27551 9.579
1791642732.568 27554 13.044
1791642732.575 27556 12.556
1791642732.582 27559 9.929
1791642732.595 27562 12.489
1791642732.601 27564 11.846
1791642732.608 27567 8.834
1791642732.621 27570 12.282
1791642732.628 27572 12.194
1791642732.634 27575 8.492
1791642732.648 27578 11.801
1791642732.655 27580 12.398
1791642732.662 27583 8.905
1791642732.675 27586 12.017
1791642732.682 27588 11.814
1791642732.689 27591 8.547
1791642732.702 27594 12.057
1791642732.709 27596 11.799
1791642732.716 27599 8.589
1791642732.729 27602 12.022
1791642732.736 27604 11.815
1791642732.743 27607 8.561
1791642732.756 27610 11.778
1791642732.763 27612 11.748
1791642732.770 27615 8.444
1791642732.784 27618 12.185
1791642732.790 27620 11.862
1791642732.798 27623 8.972
1791642732.811 27626 12.069
1791642732.818 27628 12.233
1791642732.825 27631 8.790
1791642732.838 27634 11.867
1791642732.845 27636 12.198
1791642732.852 27639 8.928
1791642732.865 27642 11.841
1791642732.872 27644 12.033
1791642732.879 27647 8.670
1791642732.892 27650 11.969
1791642732.899 27652 11.888
1791642732.906 27655 8.611
1791642732.920 27658 12.130
1791642732.926 27660 11.920
1791642732.933 27663 8.588
1791642732.947 27666 12.063
1791642732.953 27668 11.781
1791642732.960 27671 8.476
1791642732.974 27674 11.959
1791642732.981 27676 12.284
1791642732.988 27679 9.149
1791642733.001 27682 12.453
1791642733.008 27684 12.000
1791642733.017 27687 11.029
1791642733.024 27690 8.458
1791642733.031 27692 8.748
1791642733.045 27695 12.022
1791642733.051 27698 8.515
1791642733.058 27700 8.560
1791642733.072 27703 12.176
1791642733.079 27706 9.282
1791642733.086 27708 8.831
1791642733.099 27711 11.997
1791642733.106 27714 8.615
1791642733.113 27716 8.507
1791642733.127 27719 12.303
1791642733.133 27722 8.666
1791642733.140 27724 8.544
1791642733.153 27727 11.876
1791642733.160 27730 8.620
1791642733.167 27732 8.555
1791642733.181 27735 12.099
1791642733.188 27738 9.157
1791642733.194 27740 8.708
1791642733.208 27743 11.961
1791642733.214 27746 8.598
1791642733.221 27748 8.432
1791642733.235 27751 12.057
1791642733.241 27754 8.471
1791642733.248 27756 8.531
1791642733.262 27759 11.958
1791642733.269 27762 8.660
1791642733.276 27764 8.652
1791642733.289 27767 12.112
1791642733.296 27770 8.704
1791642733.303 27772 8.578
1791642733.316 27775 12.087
1791642733.323 27778 8.650
1791642733.330 27780 8.473
1791642733.343 27783 11.950
1791642733.350 27786 8.726
1791642733.357 27788 8.700
1791642733.370 27791 11.874
1791642733.377 27794 8.763
1791642733.384 27796 8.581
1791642733.398 27799 12.033
1791642733.404 27802 8.562
1791642733.411 27804 8.502
1791642733.425 27807 12.166
1791642733.431 27810 8.516
1791642733.438 27812 8.397
1791642733.452 27815 11.979
1791642733.459 27818 8.493
1791642733.465 27820 8.431
1791642733.479 27823 11.991
1791642733.486 27826 8.448
1791642733.492 27828 8.379
1791642733.506 27831 12.099
1791642733.514 27834 9.483
1791642733.520 27836 8.811
1791642733.533 27839 12.151
1791642733.540 27842 8.964
1791642733.547 27844 8.525
1791642733.560 27847 12.012
1791642733.569 27850 10.065
1791642733.575 27852 9.768
1791642733.589 27855 13.001
1791642733.596 27858 10.192
1791642733.603 27860 10.123
1791642733.616 27863 12.698
1791642733.622 27866 9.638
1791642733.630 27868 10.048
1791642733.642 27871 12.154
1791642733.649 27874 8.989
1791642733.656 27876 9.144
1791642733.669 27879 12.107
1791642733.676 27882 8.945
1791642733.683 27884 8.948
1791642733.696 27887 12.394
1791642733.703 27890 9.023
1791642733.710 27892 8.867
1791642733.724 27895 12.427
1791642733.730 27898 9.028
1791642733.737 27900 8.554
1791642733.751 27903 12.542
1791642733.757 27906 8.679
1791642733.764 27908 8.439
1791642733.778 27911 12.189
1791642733.786 27914 10.086
1791642733.792 27916 9.919
1791642733.805 27919 11.763
1791642733.811 27922 8.679
1791642733.818 27924 8.751
1791642733.832 27927 12.117
1791642733.838 27930 8.614
1791642733.845 27932 8.460
1791642733.859 27935 12.016
1791642733.865 27938 8.492
1791642733.872 27940 8.578
1791642733.886 27943 12.001
1791642733.893 27946 8.487
1791642733.899 27948 8.505
1791642733.913 27951 12.354
1791642733.920 27954 8.766
1791642733.926 27956 8.512
1791642733.940 27959 11.943
1791642733.947 27962 8.565
1791642733.954 27964 8.543
1791642733.967 27967 11.957
1791642733.975 27970 9.255
1791642733.981 27972 8.621
1791642733.995 27975 12.446
1791642734.001 27978 8.818
1791642734.008 27980 8.795
1791642734.022 27983 12.151
1791642734.028 27986 8.831
1791642734.035 27988 8.625
1791642734.049 27991 12.057
1791642734.056 27994 9.565
1791642734.064 27996 10.211
1791642734.077 27999 12.521
1791642734.084 28002 9.618
1791642734.091 28004 10.106
1791642734.104 28007 12.906
1791642734.111 28010 10.056
1791642734.117 28012 9.486
1791642734.130 28015 11.829
1791642734.137 28018 8.833
1791642734.143 28020 8.448
1791642734.157 28023 12.050
1791642734.166 28026 10.673
1791642734.174 28028 11.779
1791642734.181 28031 8.441
1791642734.194 28034 11.703
1791642734.201 28036 11.748
1791642734.208 28039 8.425
1791642734.222 28042 12.015
1791642734.228 28044 11.702
1791642734.235 28047 8.428
1791642734.249 28050 12.311
1791642734.256 28052 11.781
1791642734.262 28055 8.515
1791642734.276 28058 11.983
1791642734.283 28060 12.360
1791642734.289 28063 8.618
1791642734.303 28066 12.039
1791642734.310 28068 12.212
1791642734.317 28071 8.634
1791642734.330 28074 11.912
1791642734.337 28076 11.936
1791642734.344 28079 8.681
1791642734.357 28082 12.055
1791642734.364 28084 11.825
1791642734.371 28087 8.504
1791642734.384 28090 12.102
1791642734.391 28092 11.858
1791642734.398 28095 8.565
1791642734.411 28098 11.863
1791642734.418 28100 11.752
1791642734.425 28103 8.553
1791642734.439 28106 11.943
1791642734.445 28108 11.689
1791642734.452 28111 8.394
1791642734.466 28114 12.321
1791642734.473 28116 12.056
1791642734.479 28119 8.680
1791642734.493 28122 12.248
1791642734.500 28124 11.880
1791642734.507 28127 9.155
1791642734.520 28130 12.175
1791642734.527 28132 11.812
1791642734.534 28135 8.890
1791642734.547 28138 12.084
1791642734.554 28140 12.294
1791642734.561 28143 8.776
1791642734.574 28146 11.927
1791642734.581 28148 11.659
1791642734.588 28151 8.458
1791642734.602 28154 12.484
1791642734.608 28156 12.277
1791642734.615 28159 8.582
1791642734.629 28162 12.428
1791642734.635 28164 11.789
1791642734.642 28167 8.500
1791642734.656 28170 11.863
1791642734.663 28172 12.192
1791642734.669 28175 8.911
1791642734.683 28178 12.524
1791642734.690 28180 12.270
1791642734.697 28183 9.089
1791642734.710 28186 11.929
1791642734.717 28188 11.922
1791642734.723 28191 8.499
1791642734.737 28194 12.035
1791642734.744 28196 11.728
1791642734.751 28199 8.803
1791642734.764 28202 11.995
1791642734.771 28204 11.931
1791642734.778 28207 8.897
1791642734.791 28210 12.034
1791642734.798 28212 12.017
1791642734.805 28215 8.699
1791642734.819 28218 12.109
1791642734.825 28220 11.919
1791642734.832 28223 8.531
1791642734.845 28226 11.884
1791642734.852 28228 11.964
1791642734.859 28231 8.498
1791642734.873 28234 12.287
1791642734.880 28236 12.509
1791642734.887 28239 8.991
1791642734.900 28242 12.014
1791642734.907 28244 11.993
1791642734.913 28247 8.478
1791642735.028 28250 112.719
1791642735.034 28258 91.709
1791642735.039 28266 69.550
1791642735.044 28274 47.149
1791642735.049 28252 126.885
1791642735.054 28260 104.937
1791642735.059 28268 82.909
1791642735.064 28276 60.725
1791642735.069 28255 136.957
1791642735.074 28263 114.798
1791642735.079 28271 92.741
1791642735.084 28279 70.558
1791642735.090 28282 66.790
1791642735.095 28290 44.712
1791642735.100 28298 22.547
1791642735.105 28284 75.117
1791642735.110 28292 52.921
1791642735.115 28287 74.969
1791642735.120 28295 52.814
1791642735.126 28303 31.747
1791642735.132 28300 46.875
1791642735.137 28308 24.824
1791642735.142 28306 36.465
1791642735.148 28311 25.704
1791642735.153 28314 20.401
1791642735.159 28316 19.665
1791642735.164 28319 14.549
1791642735.172 28322 12.528
1791642735.178 28324 12.209
1791642735.185 28327 8.830
1791642735.198 28330 12.023
1791642735.206 28332 12.433
1791642735.212 28335 9.011
1791642735.225 28338 11.906
1791642735.232 28340 12.001
1791642735.239 28343 8.461
1791642735.253 28346 12.299
1791642735.259 28348 11.844
1791642735.266 28351 8.729
1791642735.275 28354 7.822
1791642735.284 28356 9.316
1791642735.297 28359 11.964
1791642735.303 28362 8.446
1791642735.310 28364 8.699
1791642735.324 28367 12.231
1791642735.331 28370 8.611
1791642735.337 28372 8.487
1791642735.351 28375 12.074
1791642735.360 28378 11.239
1791642735.368 28380 12.358
1791642735.375 28383 9.085
1791642735.388 28386 11.966
1791642735.395 28388 12.051
1791642735.402 28391 8.682
1791642735.415 28394 11.926
1791642735.422 28396 12.028
1791642735.429 28399 8.564
1791642735.443 28402 12.282
1791642735.449 28404 11.716
1791642735.456 28407 8.571
1791642735.470 28410 12.023
1791642735.476 28412 12.009
1791642735.483 28415 8.589
1791642735.497 28418 12.115
1791642735.503 28420 11.911
1791642735.510 28423 8.537
1791642735.524 28426 12.268
1791642735.531 28428 12.323
1791642735.537 28431 8.545
1791642735.551 28434 12.032
1791642735.558 28436 11.893
1791642735.564 28439 8.519
1791642735.578 28442 12.036
1791642735.585 28444 11.902
1791642735.592 28447 8.499
1791642735.605 28450 12.161
1791642735.612 28452 12.224
1791642735.619 28455 8.983
1791642735.632 28458 11.854
1791642735.639 28460 11.864
1791642735.646 28463 8.444
1791642735.660 28466 12.100
1791642735.666 28468 12.074
1791642735.673 28471 8.678
1791642735.687 28474 12.075
1791642735.693 28476 12.077
1791642735.700 28479 8.487
1791642735.714 28482 12.149
1791642735.721 28484 11.890
1791642735.727 28487 8.549
1791642735.741 28490 12.089
1791642735.748 28492 11.907
1791642735.754 28495 8.644
1791642735.768 28498 11.925
1791642735.775 28500 12.000
1791642735.782 28503 8.686
1791642735.795 28506 12.035
1791642735.802 28508 12.009
1791642735.809 28511 8.999
1791642735.822 28514 12.053
1791642735.829 28516 11.993
1791642735.836 28519 8.569
1791642735.850 28522 12.153
1791642735.856 28524 11.979
1791642735.863 28527 8.541
1791642735.877 28530 12.003
1791642735.883 28532 11.843
1791642735.890 28535 8.466
1791642735.904 28538 12.193
1791642735.910 28540 11.772
1791642735.917 28543 8.464
1791642735.931 28546 12.013
1791642735.937 28548 11.773
1791642735.944 28551 8.392
1791642735.958 28554 12.001
1791642735.965 28556 11.998
1791642735.971 28559 8.444
1791642735.985 28562 12.175
1791642735.992 28564 12.510
1791642735.999 28567 8.864
1791642736.012 28570 11.996
1791642736.019 28572 11.648
1791642736.026 28575 8.426
1791642736.039 28578 11.848
1791642736.046 28580 11.685
1791642736.053 28583 8.450
1791642736.066 28586 11.734
1791642736.073 28588 11.692
1791642736.080 28591 8.462
1791642736.094 28594 12.270
1791642736.100 28596 11.702
1791642736.107 28599 8.383
1791642736.121 28602 12.018
1791642736.127 28604 11.974
1791642736.134 28607 8.758
1791642736.148 28610 11.878
1791642736.155 28612 12.017
1791642736.161 28615 8.423
1791642736.175 28618 11.937
1791642736.182 28620 12.547
1791642736.189 28623 9.252
1791642736.202 28626 12.068
1791642736.210 28628 12.067
1791642736.217 28631 9.953
1791642736.229 28634 11.649
1791642736.236 28636 11.819
1791642736.243 28639 8.496
1791642736.256 28642 12.088
1791642736.263 28644 11.897
1791642736.270 28647 8.423
1791642736.284 28650 12.221
1791642736.293 28652 12.287
1791642736.301 28655 12.623
1791642736.308 28658 8.975
1791642736.314 28660 8.624
1791642736.328 28663 12.220
1791642736.335 28666 9.746
1791642736.342 28668 9.484
1791642736.355 28671 11.717
1791642736.361 28674 8.473
1791642736.368 28676 8.425
1791642736.382 28679 11.829
1791642736.388 28682 8.471
1791642736.396 28684 8.798
1791642736.409 28687 12.271
1791642736.416 28690 8.859
1791642736.423 28692 8.750
1791642736.436 28695 12.025
1791642736.444 28698 9.561
1791642736.451 28700 9.929
1791642736.463 28703 11.582
1791642736.470 28706 8.590
1791642736.477 28708 8.532
1791642736.490 28711 12.010
1791642736.497 28714 8.685
1791642736.504 28716 8.589
1791642736.517 28719 12.015
1791642736.524 28722 8.490
1791642736.531 28724 8.808
1791642736.544 28727 11.857
1791642736.551 28730 8.560
1791642736.558 28732 8.598
1791642736.572 28735 12.038
1791642736.578 28738 8.469
1791642736.585 28740 8.444
1791642736.599 28743 12.534
1791642736.606 28746 8.946
1791642736.613 28748 8.915
1791642736.626 28751 12.377
1791642736.633 28754 8.850
1791642736.640 28756 9.004
1791642736.653 28759 12.079
1791642736.660 28762 8.516
1791642736.667 28764 8.852
1791642736.681 28767 12.326
1791642736.687 28770 9.032
1791642736.694 28772 8.932
1791642736.707 28775 11.912
1791642736.714 28778 8.509
1791642736.721 28780 8.659
1791642736.734 28783 11.880
1791642736.741 28786 8.713
1791642736.749 28788 9.161
1791642736.763 28791 13.020
1791642736.769 28794 9.312
1791642736.775 28796 8.778
1791642736.789 28799 11.791
1791642736.796 28802 8.572
1791642736.802 28804 8.399
1791642736.816 28807 12.370
1791642736.823 28810 8.714
1791642736.829 28812 8.436
1791642736.843 28815 12.281
1791642736.850 28818 8.587
1791642736.856 28820 8.518
1791642736.870 28823 12.037
1791642736.878 28826 10.185
1791642736.885 28828 9.768
1791642736.897 28831 11.899
1791642736.904 28834 8.707
1791642736.911 28836 8.566
1791642736.924 28839 12.102
1791642736.931 28842 8.800
1791642736.941 28844 11.862
1791642736.948 28847 8.849
1791642736.962 28850 12.014
1791642736.969 28852 12.449
1791642736.975 28855 8.632
1791642736.989 28858 12.074
1791642736.996 28860 11.960
1791642737.002 28863 8.568
1791642737.016 28866 12.200
1791642737.023 28868 11.830
1791642737.030 28871 9.326
1791642737.044 28874 12.414
1791642737.050 28876 12.448
1791642737.058 28879 10.337
1791642737.071 28882 12.687
1791642737.077 28884 12.260
1791642737.084 28887 8.996
1791642737.097 28890 11.959
1791642737.104 28892 11.979
1791642737.111 28895 8.460
1791642737.125 28898 12.201
1791642737.131 28900 12.033
1791642737.138 28903 8.605
1791642737.152 28906 12.030
1791642737.158 28908 12.052
1791642737.166 28911 9.922
1791642737.179 28914 11.999
1791642737.186 28916 12.070
1791642737.192 28919 8.744
1791642737.206 28922 12.236
1791642737.216 28924 12.476
1791642737.223 28927 12.219
1791642737.230 28930 8.723
1791642737.236 28932 8.496
1791642737.250 28935 12.442
1791642737.257 28938 8.488
1791642737.263 28940 8.581
1791642737.277 28943 12.106
1791642737.287 28946 11.848
1791642737.294 28948 11.921
1791642737.301 28951 8.401
1791642737.314 28954 11.859
1791642737.321 28956 11.921
1791642737.328 28959 8.467
1791642737.341 28962 11.906
1791642737.349 28964 11.840
1791642737.355 28967 8.597
1791642737.368 28970 11.702
1791642737.375 28972 11.964
1791642737.382 28975 8.447
1791642737.396 28978 11.908
1791642737.403 28980 12.387
1791642737.409 28983 8.565
1791642737.423 28986 11.937
1791642737.430 28988 11.869
1791642737.436 28991 8.526
1791642737.451 28994 12.418
1791642737.458 28996 12.508
1791642737.465 28999 10.139
1791642737.478 29002 12.440
1791642737.485 29004 12.955
1791642737.492 29007 9.999
1791642737.505 29010 12.469
1791642737.512 29012 12.265
1791642737.519 29015 9.634
1791642737.532 29018 12.545
1791642737.539 29020 12.526
1791642737.546 29023 9.722
1791642737.560 29026 12.496
1791642737.568 29028 14.432
1791642737.574 29031 8.337
1791642737.586 29034 12.117
1791642737.593 29036 12.388
1791642737.600 29039 8.996
1791642737.613 29042 12.060
1791642737.622 29044 12.309
1791642737.630 29047 12.116
1791642737.637 29050 8.594
1791642737.644 29052 9.659
1791642737.657 29055 11.961
1791642737.666 29058 11.162
1791642737.675 29060 12.852
1791642737.681 29063 9.114
1791642737.694 29066 12.203
1791642737.701 29068 12.173
1791642737.708 29071 8.960
1791642737.721 29074 11.797
1791642737.729 29076 12.461
1791642737.736 29079 9.832
1791642737.750 29082 13.163
1791642737.756 29084 12.586
1791642737.763 29087 9.964
1791642737.777 29090 12.922
1791642737.784 29092 12.483
1791642737.790 29095 9.678
1791642737.804 29098 12.506
1791642737.811 29100 12.704
1791642737.817 29103 9.628
1791642737.831 29106 12.603
1791642737.838 29108 12.702
1791642737.845 29111 9.900
1791642737.858 29114 11.973
1791642737.865 29116 12.812
1791642737.872 29119 9.970
1791642737.885 29122 12.842
1791642737.892 29124 12.156
1791642737.899 29127 9.469
1791642737.912 29130 12.013
1791642737.919 29132 12.809
1791642737.926 29135 9.974
1791642737.940 29138 12.718
1791642737.946 29140 12.341
1791642737.953 29143 9.536
1791642737.966 29146 12.183
1791642737.972 29148 11.955
1791642737.979 29151 8.829
1791642737.993 29154 12.238
1791642737.999 29156 11.801
1791642738.006 29159 8.484
1791642738.020 29162 12.237
1791642738.027 29164 11.792
1791642738.033 29167 8.534
1791642738.047 29170 11.965
1791642738.054 29172 12.215
1791642738.060 29175 8.639
1791642738.074 29178 11.929
1791642738.081 29180 12.140
1791642738.088 29183 8.741
1791642738.101 29186 11.942
1791642738.108 29188 12.227
1791642738.115 29191 9.009
1791642738.128 29194 12.167
1791642738.135 29196 12.027
1791642738.142 29199 9.015
1791642738.156 29202 12.390
1791642738.162 29204 12.074
1791642738.169 29207 9.082
1791642738.183 29210 12.059
1791642738.189 29212 11.997
1791642738.196 29215 8.794
1791642738.210 29218 11.841
1791642738.216 29220 12.011
1791642738.223 29223 8.610
1791642738.237 29226 12.030
1791642738.243 29228 11.763
1791642738.250 29231 8.474
1791642738.265 29234 12.619
1791642738.271 29236 12.632
1791642738.278 29239 8.802
1791642738.291 29242 12.112
1791642738.298 29244 11.988
1791642738.305 29247 8.645
1791642738.318 29250 12.012
1791642738.325 29252 12.014
1791642738.332 29255 8.502
1791642738.345 29258 11.971
1791642738.352 29260 11.949
1791642738.359 29263 8.491
1791642738.373 29266 12.123
1791642738.379 29268 11.881
1791642738.386 29271 8.605
1791642738.399 29274 11.888
1791642738.407 29276 12.230
1791642738.413 29279 8.499
1791642738.427 29282 12.049
1791642738.434 29284 12.054
1791642738.440 29287 8.388
1791642738.454 29290 12.108
1791642738.460 29292 11.756
1791642738.467 29295 8.454
1791642738.481 29298 12.216
1791642738.488 29300 11.744
1791642738.494 29303 8.430
1791642738.508 29306 11.959
1791642738.515 29308 12.013
1791642738.521 29311 8.430
1791642738.535 29314 12.207
1791642738.543 29316 12.221
1791642738.550 29319 10.081
1791642738.564 29322 12.625
1791642738.570 29324 12.411
1791642738.577 29327 9.972
1791642738.590 29330 12.302
1791642738.598 29332 12.759
1791642738.604 29335 9.791
1791642738.618 29338 12.451
1791642738.624 29340 12.329
1791642738.630 29343 8.871
1791642738.644 29346 12.210
1791642738.651 29348 12.235
1791642738.658 29351 8.993
1791642738.671 29354 12.142
1791642738.677 29356 11.587
1791642738.684 29359 8.423
1791642738.699 29362 12.696
1791642738.705 29364 12.319
1791642738.712 29367 8.964
1791642738.725 29370 11.957
1791642738.732 29372 12.336
1791642738.739 29375 8.694
1791642738.752 29378 12.035
1791642738.759 29380 11.827
1791642738.766 29383 8.458
1791642738.779 29386 11.801
1791642738.786 29388 11.874
1791642738.793 29391 8.511
1791642738.806 29394 11.695
1791642738.813 29396 11.886
1791642738.820 29399 8.433
1791642738.834 29402 12.143
1791642738.840 29404 11.701
1791642738.847 29407 8.484
1791642738.861 29410 12.142
1791642738.868 29412 12.123
1791642738.874 29415 8.749
1791642738.888 29418 11.992
1791642738.895 29420 11.915
1791642738.901 29423 8.547
1791642738.915 29426 11.780
1791642738.922 29428 11.741
1791642738.928 29431 8.443
1791642738.942 29434 11.933
1791642738.949 29436 11.965
1791642738.955 29439 8.414
1791642738.969 29442 12.152
1791642738.977 29444 12.371
1791642738.983 29447 8.674
1791642738.997 29450 11.736
1791642739.003 29452 11.908
1791642739.010 29455 8.506
1791642739.024 29458 12.057
1791642739.031 29460 12.152
1791642739.037 29463 8.887
1791642739.051 29466 11.934
1791642739.058 29468 12.359
1791642739.065 29471 8.921
1791642739.078 29474 12.291
1791642739.085 29476 12.312
1791642739.092 29479 9.086
1791642739.105 29482 12.008
1791642739.112 29484 11.906
1791642739.118 29487 8.476
1791642739.132 29490 12.028
1791642739.139 29492 11.537
1791642739.145 29495 8.400
1791642739.159 29498 11.967
1791642739.166 29500 11.814
1791642739.173 29503 8.438
1791642739.186 29506 11.988
1791642739.193 29508 12.060
1791642739.200 29511 8.581
1791642739.214 29514 12.065
1791642739.220 29516 11.900
1791642739.227 29519 8.589
1791642739.241 29522 12.348
1791642739.247 29524 12.099
1791642739.254 29527 8.628
1791642739.268 29530 12.153
1791642739.274 29532 11.782
1791642739.281 29535 8.478
1791642739.295 29538 12.127
1791642739.301 29540 11.768
1791642739.308 29543 8.458
1791642739.322 29546 12.124
1791642739.329 29548 11.886
1791642739.335 29551 8.381
1791642739.349 29554 11.870
1791642739.356 29556 11.982
1791642739.362 29559 8.406
1791642739.376 29562 12.045
1791642739.383 29564 11.953
1791642739.390 29567 8.443
1791642739.403 29570 11.990
1791642739.410 29572 11.797
1791642739.417 29575 8.465
1791642739.431 29578 12.149
1791642739.437 29580 11.657
1791642739.444 29583 8.416
1791642739.458 29586 12.187
1791642739.464 29588 11.890
1791642739.471 29591 8.732
1791642739.485 29594 12.052
1791642739.491 29596 11.739
1791642739.498 29599 8.654
1791642739.512 29602 12.467
1791642739.519 29604 12.280
1791642739.526 29607 8.934
1791642739.539 29610 12.155
1791642739.546 29612 12.052
1791642739.552 29615 8.495
1791642739.567 29618 12.411
1791642739.573 29620 12.261
1791642739.580 29623 8.995
1791642739.593 29626 12.210
1791642739.600 29628 11.892
1791642739.607 29631 8.511
1791642739.620 29634 11.809
1791642739.627 29636 12.082
1791642739.634 29639 8.511
1791642739.647 29642 11.824
1791642739.655 29644 12.464
1791642739.661 29647 8.610
1791642739.670 29650 7.251
1791642739.678 29652 8.929
1791642739.692 29655 12.150
1791642739.699 29658 8.758
1791642739.705 29660 8.912
1791642739.719 29663 12.611
1791642739.726 29666 9.016
1791642739.733 29668 8.941
1791642739.746 29671 12.412
1791642739.753 29674 8.962
1791642739.760 29676 8.890
1791642739.773 29679 12.238
1791642739.780 29682 8.765
1791642739.787 29684 8.882
1791642739.800 29687 12.062
1791642739.808 29690 9.656
1791642739.815 29692 9.689
1791642739.827 29695 11.649
1791642739.834 29698 8.635
1791642739.841 29700 8.461
1791642739.854 29703 11.925
1791642739.861 29706 8.770
1791642739.868 29708 8.883
1791642739.882 29711 11.868
1791642739.888 29714 8.574
1791642739.895 29716 8.524
1791642739.908 29719 11.829
1791642739.915 29722 8.426
1791642739.922 29724 8.418
1791642739.936 29727 12.139
1791642739.943 29730 8.600
1791642739.949 29732 8.452
1791642739.963 29735 12.397
1791642739.970 29738 8.919
1791642739.976 29740 8.614
1791642739.990 29743 12.121
1791642739.997 29746 8.666
1791642740.003 29748 8.505
1791642740.017 29751 12.147
1791642740.024 29754 9.010
1791642740.031 29756 9.014
1791642740.044 29759 11.765
1791642740.051 29762 8.872
1791642740.058 29764 8.925
1791642740.072 29767 12.334
1791642740.079 29770 9.216
1791642740.085 29772 8.618
1791642740.098 29775 11.943
1791642740.105 29778 8.506
1791642740.112 29780 8.544
1791642740.126 29783 12.304
1791642740.133 29786 8.675
1791642740.139 29788 8.432
1791642740.153 29791 12.188
1791642740.160 29794 8.559
1791642740.166 29796 8.427
1791642740.180 29799 12.031
1791642740.187 29802 8.820
1791642740.194 29804 8.633
1791642740.207 29807 12.282
1791642740.214 29810 8.712
1791642740.221 29812 8.868
1791642740.235 29815 12.361
1791642740.241 29818 8.808
1791642740.248 29820 8.562
1791642740.261 29823 12.079
1791642740.268 29826 8.763
1791642740.275 29828 8.560
1791642740.288 29831 12.034
1791642740.295 29834 8.642
1791642740.302 29836 8.594
1791642740.316 29839 12.097
1791642740.322 29842 8.536
1791642740.329 29844 8.574
1791642740.343 29847 11.954
1791642740.349 29850 8.466
1791642740.357 29852 8.885
1791642740.370 29855 12.345
1791642740.377 29858 9.300
1791642740.383 29860 8.535
1791642740.397 29863 12.052
1791642740.404 29866 8.536
1791642740.410 29868 8.528
1791642740.424 29871 12.248
1791642740.431 29874 8.611
1791642740.437 29876 8.407
1791642740.451 29879 11.946
1791642740.458 29882 8.597
1791642740.465 29884 8.550
1791642740.478 29887 12.042
1791642740.485 29890 8.526
1791642740.492 29892 8.710
1791642740.505 29895 12.013
1791642740.513 29898 9.005
1791642740.519 29900 8.505
1791642740.533 29903 12.149
1791642740.539 29906 8.382
1791642740.546 29908 8.475
1791642740.560 29911 12.019
1791642740.566 29914 8.634
1791642740.573 29916 8.427
1791642740.587 29919 11.930
1791642740.593 29922 8.496
1791642740.601 29924 9.050
1791642740.615 29927 12.638
1791642740.621 29930 8.895
1791642740.628 29932 8.653
1791642740.641 29935 12.272
1791642740.648 29938 8.832
1791642740.655 29940 8.720
1791642740.668 29943 12.126
1791642740.675 29946 8.856
1791642740.682 29948 8.731
1791642740.695 29951 12.018
1791642740.702 29954 8.607
1791642740.709 29956 8.562
1791642740.723 29959 12.186
1791642740.730 29962 8.949
1791642740.736 29964 8.680
1791642740.746 29967 8.300
1791642740.760 29970 12.570
1791642740.767 29972 12.535
1791642740.773 29975 8.558
1791642740.787 29978 11.987
1791642740.794 29980 12.182
1791642740.801 29983 9.151
1791642740.814 29986 12.104
1791642740.821 29988 11.833
1791642740.827 29991 8.409
1791642740.841 29994 11.961
1791642740.848 29996 12.139
1791642740.855 29999 8.877
1791642740.868 30002 11.927
1791642740.875 30004 11.830
1791642740.882 30007 8.378
1791642740.895 30010 12.069
1791642740.902 30012 11.825
1791642740.909 30015 8.427
1791642740.922 30018 11.791
1791642740.930 30020 12.179
1791642740.936 30023 8.547
1791642740.950 30026 12.175
1791642740.956 30028 11.779
1791642740.963 30031 8.463
1791642740.977 30034 11.957
1791642740.984 30036 12.251
1791642740.990 30039 8.450
1791642741.004 30042 11.900
1791642741.011 30044 11.751
1791642741.017 30047 8.432
1791642741.031 30050 11.894
1791642741.039 30052 12.023
1791642741.045 30055 8.852
1791642741.058 30058 11.964
1791642741.065 30060 12.109
1791642741.072 30063 8.434
1791642741.085 30066 11.764
1791642741.092 30068 11.698
1791642741.099 30071 8.479
1791642741.112 30074 11.888
1791642741.119 30076 12.206
1791642741.126 30079 8.874
1791642741.140 30082 11.989
1791642741.146 30084 11.751
1791642741.153 30087 8.517
1791642741.167 30090 11.991
1791642741.173 30092 11.721
1791642741.180 30095 8.455
1791642741.194 30098 11.903
1791642741.201 30100 11.911
1791642741.207 30103 8.373
1791642741.221 30106 12.096
1791642741.228 30108 12.006
1791642741.235 30111 9.096
1791642741.248 30114 11.840
1791642741.255 30116 11.894
1791642741.262 30119 8.442
1791642741.275 30122 11.743
1791642741.282 30124 12.060
1791642741.289 30127 8.879
1791642741.302 30130 11.954
1791642741.309 30132 12.150
1791642741.316 30135 8.906
1791642741.330 30138 12.421
1791642741.337 30140 12.249
1791642741.343 30143 8.786
1791642741.357 30146 12.064
1791642741.364 30148 12.391
1791642741.371 30151 8.923
1791642741.384 30154 12.065
1791642741.390 30156 11.741
1791642741.397 30159 8.427
1791642741.411 30162 11.979
1791642741.418 30164 12.127
1791642741.425 30167 8.745
1791642741.438 30170 12.052
1791642741.445 30172 12.214
1791642741.452 30175 8.791
1791642741.466 30178 12.413
1791642741.472 30180 12.291
1791642741.479 30183 8.464
1791642741.492 30186 11.921
1791642741.499 30188 11.941
1791642741.506 30191 8.990
1791642741.519 30194 11.900
1791642741.526 30196 12.037
1791642741.533 30199 8.514
1791642741.546 30202 11.855
1791642741.553 30204 11.840
1791642741.560 30207 8.527
1791642741.574 30210 11.825
1791642741.580 30212 11.754
1791642741.587 30215 8.574
1791642741.601 30218 11.976
1791642741.608 30220 11.973
1791642741.615 30223 8.933
1791642741.628 30226 11.854
1791642741.635 30228 11.852
1791642741.641 30231 8.386
1791642741.655 30234 11.892
1791642741.662 30236 11.706
1791642741.668 30239 8.527
1791642741.682 30242 11.917
1791642741.689 30244 11.750
1791642741.696 30247 8.479
1791642741.709 30250 12.049
1791642741.716 30252 11.953
1791642741.723 30255 8.632
1791642741.737 30258 12.384
1791642741.743 30260 12.159
1791642741.750 30263 8.551
1791642741.764 30266 12.432
1791642741.771 30268 12.106
1791642741.777 30271 8.839
1791642741.791 30274 11.938
1791642741.797 30276 11.922
1791642741.807 30279 11.104
1791642741.815 30282 8.690
1791642741.821 30284 8.368
1791642741.835 30287 11.961
1791642741.841 30290 8.490
1791642741.848 30292 8.402
1791642741.862 30295 12.007
1791642741.869 30298 8.460
1791642741.875 30300 8.426
1791642741.889 30303 12.103
1791642741.896 30306 8.440
1791642741.902 30308 8.439
1791642741.916 30311 11.822
1791642741.923 30314 8.471
1791642741.930 30316 8.775
1791642741.943 30319 11.781
1791642741.950 30322 8.736
1791642741.957 30324 8.783
1791642741.970 30327 11.946
1791642741.979 30330 9.864
1791642741.985 30332 9.876
1791642741.997 30335 11.621
1791642742.004 30338 8.381
1791642742.011 30340 8.421
1791642742.025 30343 12.279
1791642742.031 30346 8.607
1791642742.038 30348 8.387
1791642742.052 30351 12.168
1791642742.059 30354 8.793
1791642742.065 30356 8.393
1791642742.079 30359 12.184
1791642742.086 30362 8.802
1791642742.093 30364 8.852
1791642742.106 30367 12.003
1791642742.113 30370 8.781
1791642742.120 30372 8.711
1791642742.233 30375 112.237
1791642742.239 30378 108.086
1791642742.245 30386 85.937
1791642742.250 30394 63.848
1791642742.255 30402 41.738
1791642742.260 30383 111.175
1791642742.265 30391 89.058
1791642742.270 30399 66.939
1791642742.275 30380 136.452
1791642742.280 30388 114.322
1791642742.285 30396 92.123
1791642742.290 30404 70.010
1791642742.297 30412 49.813
1791642742.302 30420 27.822
1791642742.307 30407 76.824
1791642742.312 30415 54.680
1791642742.317 30423 32.596
1791642742.322 30410 81.694
1791642742.327 30418 59.570
1791642742.333 30428 31.690
1791642742.338 30426 43.451
1791642742.343 30434 21.352
1791642742.348 30431 36.448
1791642742.354 30439 15.237
1791642742.359 30436 30.497
1791642742.364 30442 16.084
1791642742.369 30444 14.235
1791642742.378 30447 11.996
1791642742.384 30450 8.828
1791642742.391 30452 8.833
1791642742.404 30455 11.908
1791642742.411 30458 8.444
1791642742.418 30460 8.476
1791642742.431 30463 11.730
1791642742.438 30466 8.707
1791642742.445 30468 8.399
1791642742.459 30471 11.913
1791642742.465 30474 8.399
1791642742.472 30476 8.390
1791642742.486 30479 11.820
1791642742.492 30482 8.371
1791642742.499 30484 8.394
1791642742.513 30487 11.792
1791642742.520 30490 8.432
1791642742.526 30492 8.449
1791642742.540 30495 11.970
1791642742.547 30498 8.446
1791642742.553 30500 8.396
1791642742.567 30503 11.930
1791642742.574 30506 8.550
1791642742.581 30508 8.465
1791642742.595 30511 12.301
1791642742.601 30514 8.810
1791642742.608 30516 8.837
1791642742.622 30519 12.160
1791642742.629 30522 8.863
1791642742.635 30524 8.546
1791642742.649 30527 12.319
1791642742.655 30530 8.595
1791642742.662 30532 8.825
1791642742.676 30535 11.978
1791642742.683 30538 8.586
1791642742.689 30540 8.469
1791642742.703 30543 11.976
1791642742.709 30546 8.394
1791642742.716 30548 8.533
1791642742.730 30551 11.827
1791642742.737 30554 8.482
1791642742.743 30556 8.424
1791642742.758 30559 12.730
1791642742.764 30562 8.958
1791642742.771 30564 8.727
1791642742.784 30567 11.950
1791642742.791 30570 8.632
1791642742.798 30572 8.491
1791642742.811 30575 11.964
1791642742.818 30578 8.411
1791642742.825 30580 8.447
1791642742.839 30583 12.455
1791642742.846 30586 8.772
1791642742.852 30588 8.694
1791642742.866 30591 12.089
1791642742.874 30594 9.651
1791642742.881 30596 9.872
1791642742.893 30599 11.793
1791642742.900 30602 8.468
1791642742.906 30604 8.470
1791642742.920 30607 11.851
1791642742.927 30610 8.464
1791642742.933 30612 8.421
1791642742.947 30615 12.249
1791642742.955 30618 9.551
1791642742.962 30620 9.879
1791642742.975 30623 12.612
1791642742.982 30626 9.824
1791642742.989 30628 9.864
1791642743.003 30631 12.761
1791642743.010 30634 10.035
1791642743.016 30636 9.894
1791642743.029 30639 11.772
1791642743.036 30642 9.136
1791642743.043 30644 9.052
1791642743.056 30647 11.994
1791642743.063 30650 8.940
1791642743.069 30652 8.753
1791642743.083 30655 12.385
1791642743.090 30658 8.766
1791642743.097 30660 8.886
1791642743.110 30663 11.927
1791642743.116 30666 8.415
1791642743.123 30668 8.443
1791642743.137 30671 12.011
1791642743.144 30674 8.483
1791642743.150 30676 8.426
1791642743.164 30679 12.180
1791642743.171 30682 8.827
1791642743.178 30684 8.781
1791642743.192 30687 12.332
1791642743.198 30690 8.567
1791642743.205 30692 8.473
1791642743.218 30695 11.936
1791642743.225 30698 8.716
1791642743.232 30700 8.998
1791642743.245 30703 11.984
1791642743.252 30706 8.507
1791642743.259 30708 8.673
1791642743.273 30711 12.165
1791642743.280 30714 8.705
1791642743.286 30716 8.564
1791642743.300 30719 11.985
1791642743.306 30722 8.455
1791642743.314 30724 9.267
1791642743.327 30727 12.365
1791642743.334 30730 8.700
1791642743.340 30732 8.380
1791642743.354 30735 11.991
1791642743.362 30738 9.445
1791642743.369 30740 9.875
1791642743.382 30743 12.215
1791642743.389 30746 9.873
1791642743.396 30748 9.901
1791642743.409 30751 12.335
1791642743.416 30754 9.492
1791642743.423 30756 9.937
1791642743.437 30759 12.445
1791642743.443 30762 9.484
1791642743.449 30764 8.967
1791642743.462 30767 11.777
1791642743.471 30770 9.893
1791642743.477 30772 9.955
1791642743.491 30775 12.688
1791642743.498 30778 9.986
1791642743.504 30780 9.692
1791642743.517 30783 11.720
1791642743.524 30786 8.474
1791642743.530 30788 8.423
1791642743.544 30791 12.291
1791642743.551 30794 8.631
1791642743.557 30796 8.433
1791642743.571 30799 11.901
1791642743.578 30802 8.460
1791642743.584 30804 8.402
1791642743.598 30807 12.010
1791642743.605 30810 8.477
1791642743.612 30812 8.430
1791642743.625 30815 11.867
1791642743.632 30818 8.482
1791642743.639 30820 8.451
1791642743.653 30823 12.304
1791642743.660 30826 8.964
1791642743.666 30828 8.513
1791642743.679 30831 11.822
1791642743.686 30834 8.394
1791642743.693 30836 8.490
1791642743.707 30839 11.984
1791642743.713 30842 8.470
1791642743.720 30844 8.481
1791642743.734 30847 12.092
1791642743.741 30850 8.484
1791642743.747 30852 8.643
1791642743.761 30855 12.094
1791642743.768 30858 9.026
1791642743.775 30860 9.016
1791642743.788 30863 11.992
1791642743.795 30866 8.654
1791642743.802 30868 8.579
1791642743.815 30871 11.837
1791642743.822 30874 8.491
1791642743.829 30876 8.432
1791642743.843 30879 12.234
1791642743.849 30882 8.746
1791642743.856 30884 9.065
1791642743.870 30887 12.042
1791642743.876 30890 8.638
1791642743.883 30892 8.418
1791642743.897 30895 11.854
1791642743.903 30898 8.489
1791642743.910 30900 8.417
1791642743.924 30903 11.910
1791642743.930 30906 8.499
1791642743.937 30908 8.445
1791642743.951 30911 11.900
1791642743.958 30914 8.405
1791642743.964 30916 8.356
1791642743.978 30919 11.927
1791642743.985 30922 8.471
1791642743.991 30924 8.417
1791642744.005 30927 11.981
1791642744.012 30930 8.583
1791642744.019 30932 8.657
1791642744.032 30935 12.028
1791642744.039 30938 8.428
1791642744.046 30940 8.399
1791642744.059 30943 11.995
1791642744.066 30946 8.778
1791642744.073 30948 8.786
1791642744.088 30951 13.527
1791642744.094 30954 9.392
1791642744.100 30956 8.445
1791642744.114 30959 12.295
1791642744.121 30962 8.898
1791642744.127 30964 8.789
1791642744.141 30967 12.218
1791642744.148 30970 8.768
1791642744.154 30972 8.481
1791642744.168 30975 11.981
1791642744.175 30978 8.681
1791642744.181 30980 8.377
1791642744.195 30983 12.260
1791642744.202 30986 8.626
1791642744.209 30988 8.762
1791642744.222 30991 11.860
1791642744.229 30994 8.413
1791642744.236 30996 8.473
1791642744.249 30999 11.942
1791642744.256 31002 8.401
1791642744.263 31004 8.461
1791642744.276 31007 11.910
1791642744.283 31010 8.796
1791642744.290 31012 8.633
1791642744.303 31015 11.879
1791642744.310 31018 8.410
1791642744.317 31020 8.419
1791642744.331 31023 11.974
1791642744.337 31026 8.439
1791642744.344 31028 8.408
1791642744.358 31031 11.907
1791642744.364 31034 8.431
1791642744.371 31036 8.422
1791642744.385 31039 11.834
1791642744.392 31042 8.556
1791642744.398 31044 8.386
1791642744.412 31047 11.706
1791642744.419 31050 8.360
1791642744.425 31052 8.426
1791642744.439 31055 11.809
1791642744.447 31058 9.857
1791642744.454 31060 9.617
1791642744.467 31063 12.182
1791642744.474 31066 9.728
1791642744.480 31068 9.007
1791642744.493 31071 11.651
1791642744.500 31074 8.539
1791642744.507 31076 8.968
1791642744.521 31079 11.870
1791642744.527 31082 8.414
1791642744.534 31084 8.436
1791642744.548 31087 12.099
1791642744.554 31090 8.474
1791642744.561 31092 8.451
1791642744.575 31095 11.836
1791642744.582 31098 8.450
1791642744.588 31100 8.400
1791642744.602 31103 12.309
1791642744.609 31106 8.597
1791642744.615 31108 8.400
1791642744.629 31111 11.762
1791642744.636 31114 8.450
1791642744.643 31116 8.598
1791642744.656 31119 11.951
1791642744.663 31122 8.443
1791642744.670 31124 8.592
1791642744.683 31127 11.981
1791642744.690 31130 8.421
1791642744.697 31132 8.520
1791642744.711 31135 11.963
1791642744.717 31138 8.338
1791642744.724 31140 8.312
1791642744.737 31143 11.768
1791642744.744 31146 8.406
1791642744.751 31148 8.571
1791642744.765 31151 12.191
1791642744.771 31154 8.499
1791642744.778 31156 8.581
1791642744.793 31159 12.591
1791642744.800 31162 10.397
1791642744.807 31164 9.857
1791642744.820 31167 12.450
1791642744.827 31170 9.999
1791642744.834 31172 9.950
1791642744.846 31175 11.955
1791642744.853 31178 8.825
1791642744.860 31180 9.247
1791642744.874 31183 12.209
1791642744.880 31186 8.838
1791642744.887 31188 8.879
1791642744.901 31191 12.181
1791642744.907 31194 8.826
1791642744.914 31196 8.944
1791642744.927 31199 11.746
1791642744.934 31202 8.485
1791642744.941 31204 8.438
1791642744.955 31207 11.799
1791642744.961 31210 8.621
1791642744.968 31212 8.765
1791642744.982 31215 12.214
1791642744.989 31218 8.831
1791642744.996 31220 8.852
1791642745.009 31223 12.252
1791642745.016 31226 8.801
1791642745.023 31228 8.565
1791642745.036 31231 12.088
1791642745.043 31234 8.536
1791642745.050 31236 8.409
1791642745.063 31239 12.163
1791642745.072 31242 10.765
1791642745.080 31244 11.810
1791642745.087 31247 8.442
1791642745.101 31250 12.123
1791642745.107 31252 11.823
1791642745.114 31255 8.424
1791642745.128 31258 11.994
1791642745.134 31260 11.758
1791642745.141 31263 8.626
1791642745.155 31266 12.149
1791642745.162 31268 12.475
1791642745.168 31271 8.481
1791642745.182 31274 11.825
1791642745.189 31276 12.253
1791642745.196 31279 8.848
1791642745.209 31282 11.866
1791642745.216 31284 12.007
1791642745.222 31287 8.420
1791642745.236 31290 12.087
1791642745.243 31292 11.775
1791642745.250 31295 8.459
1791642745.263 31298 11.863
1791642745.270 31300 11.802
1791642745.277 31303 8.415
1791642745.290 31306 11.850
1791642745.297 31308 11.912
1791642745.304 31311 8.444
1791642745.318 31314 12.259
1791642745.325 31316 12.156
1791642745.331 31319 8.705
1791642745.345 31322 12.336
1791642745.352 31324 12.402
1791642745.359 31327 8.813
1791642745.372 31330 12.046
1791642745.380 31332 12.023
1791642745.386 31335 9.489
1791642745.399 31338 11.882
1791642745.406 31340 11.939
1791642745.413 31343 8.591
1791642745.427 31346 12.528
1791642745.433 31348 12.320
1791642745.440 31351 8.853
1791642745.454 31354 12.554
1791642745.460 31356 12.396
1791642745.467 31359 8.882
1791642745.481 31362 12.237
1791642745.489 31364 12.721
1791642745.497 31367 12.023
1791642745.504 31370 8.655
1791642745.511 31372 8.826
1791642745.525 31375 12.136
1791642745.532 31378 9.157
1791642745.538 31380 8.808
1791642745.552 31383 12.035
1791642745.558 31386 8.531
1791642745.565 31388 8.517
1791642745.579 31391 11.995
1791642745.585 31394 8.504
1791642745.592 31396 8.477
1791642745.606 31399 11.943
1791642745.612 31402 8.418
1791642745.619 31404 8.428
1791642745.633 31407 12.149
1791642745.640 31410 8.471
1791642745.646 31412 8.532
1791642745.660 31415 11.859
1791642745.667 31418 8.484
1791642745.673 31420 8.407
1791642745.687 31423 12.003
1791642745.694 31426 8.524
1791642745.701 31428 8.500
1791642745.714 31431 11.890
1791642745.721 31434 8.494
1791642745.728 31436 8.564
1791642745.742 31439 12.201
1791642745.748 31442 8.587
1791642745.755 31444 8.426
1791642745.769 31447 12.180
1791642745.776 31450 8.832
1791642745.783 31452 9.576
1791642745.796 31455 11.965
1791642745.802 31458 8.364
1791642745.809 31460 8.403
1791642745.823 31463 12.179
1791642745.832 31466 10.906
1791642745.840 31468 11.941
1791642745.846 31471 8.401
1791642745.860 31474 11.932
1791642745.867 31476 11.606
1791642745.874 31479 8.521
1791642745.887 31482 11.960
1791642745.894 31484 11.723
1791642745.901 31487 8.492
1791642745.914 31490 11.751
1791642745.921 31492 12.177
1791642745.928 31495 8.460
1791642745.942 31498 11.921
1791642745.949 31500 12.272
1791642745.955 31503 8.880
1791642745.969 31506 11.921
1791642745.975 31508 11.754
1791642745.982 31511 8.448
1791642745.996 31514 12.015
1791642746.002 31516 11.806
1791642746.009 31519 8.403
1791642746.023 31522 11.727
1791642746.030 31524 11.771
1791642746.036 31527 8.390
1791642746.050 31530 12.015
1791642746.057 31532 12.156
1791642746.064 31535 8.970
1791642746.077 31538 11.917
1791642746.084 31540 11.745
1791642746.091 31543 9.090
1791642746.104 31546 11.779
1791642746.111 31548 12.176
1791642746.118 31551 8.961
1791642746.132 31554 11.882
1791642746.139 31556 12.470
1791642746.145 31559 8.886
1791642746.159 31562 12.039
1791642746.165 31564 11.792
1791642746.172 31567 8.451
1791642746.186 31570 11.851
1791642746.194 31572 13.015
1791642746.199 31575 8.876
1791642746.213 31578 12.070
1791642746.219 31580 11.852
1791642746.227 31583 8.864
1791642746.240 31586 11.930
1791642746.247 31588 11.932
1791642746.253 31591 8.427
1791642746.267 31594 12.208
1791642746.274 31596 11.864
1791642746.280 31599 8.377
1791642746.294 31602 12.115
1791642746.303 31604 12.409
1791642746.311 31607 12.264
1791642746.318 31610 8.969
1791642746.325 31612 8.845
1791642746.339 31615 12.457
1791642746.346 31618 9.140
1791642746.352 31620 9.203
1791642746.366 31623 12.194
1791642746.373 31626 9.233
1791642746.379 31628 8.948
1791642746.393 31631 12.095
1791642746.400 31634 8.939
1791642746.406 31636 8.832
1791642746.420 31639 12.145
1791642746.427 31642 8.842
1791642746.434 31644 8.905
1791642746.447 31647 12.220
1791642746.454 31650 8.622
1791642746.461 31652 8.942
1791642746.474 31655 11.960
1791642746.480 31658 8.372
1791642746.487 31660 8.367
1791642746.501 31663 11.932
1791642746.508 31666 8.905
1791642746.515 31668 8.853
1791642746.528 31671 12.002
1791642746.535 31674 8.730
1791642746.543 31676 10.194
1791642746.552 31679 8.941
1791642746.565 31682 11.789
1791642746.572 31684 12.087
1791642746.579 31687 8.934
1791642746.592 31690 11.773
1791642746.599 31692 11.672
1791642746.606 31695 8.471
1791642746.620 31698 11.985
1791642746.627 31700 12.189
1791642746.634 31703 8.933
1791642746.647 31706 12.259
1791642746.654 31708 11.874
1791642746.661 31711 8.778
1791642746.674 31714 11.857
1791642746.681 31716 12.270
1791642746.688 31719 8.986
1791642746.701 31722 11.975
1791642746.708 31724 11.985
1791642746.715 31727 8.538
1791642746.729 31730 12.311
1791642746.735 31732 12.130
1791642746.742 31735 8.678
1791642746.755 31738 11.863
1791642746.762 31740 11.978
1791642746.769 31743 8.875
1791642746.783 31746 11.945
1791642746.789 31748 11.674
1791642746.796 31751 8.435
1791642746.810 31754 12.121
1791642746.816 31756 11.707
1791642746.823 31759 8.458
1791642746.837 31762 11.977
1791642746.844 31764 12.006
1791642746.851 31767 8.916
1791642746.864 31770 11.904
1791642746.871 31772 12.339
1791642746.878 31775 8.973
1791642746.891 31778 12.213
1791642746.898 31780 12.209
1791642746.905 31783 8.912
1791642746.918 31786 11.604
1791642746.925 31788 11.955
1791642746.932 31791 8.408
1791642746.945 31794 11.826
1791642746.952 31796 12.304
1791642746.959 31799 8.768
1791642746.972 31802 11.789
1791642746.979 31804 11.834
1791642746.986 31807 8.493
1791642747.000 31810 12.070
1791642747.007 31812 12.099
1791642747.013 31815 8.787
1791642747.027 31818 12.209
1791642747.034 31820 12.275
1791642747.041 31823 8.907
1791642747.054 31826 11.850
1791642747.061 31828 12.205
1791642747.067 31831 8.462
1791642747.081 31834 12.135
1791642747.088 31836 11.703
1791642747.094 31839 8.460
1791642747.108 31842 11.937
1791642747.115 31844 11.874
1791642747.122 31847 8.412
1791642747.135 31850 11.745
1791642747.142 31852 11.753
1791642747.149 31855 8.383
1791642747.162 31858 11.806
1791642747.169 31860 11.875
1791642747.176 31863 8.724
1791642747.189 31866 11.843
1791642747.196 31868 11.710
1791642747.203 31871 8.515
1791642747.217 31874 11.891
1791642747.223 31876 11.867
1791642747.231 31879 9.233
1791642747.244 31882 11.864
1791642747.250 31884 11.937
1791642747.257 31887 8.467
1791642747.271 31890 12.038
1791642747.278 31892 11.970
1791642747.284 31895 8.510
1791642747.298 31898 11.889
1791642747.305 31900 11.794
1791642747.311 31903 8.417
1791642747.325 31906 12.042
1791642747.332 31908 11.780
1791642747.339 31911 8.471
1791642747.352 31914 12.007
1791642747.359 31916 11.848
1791642747.366 31919 8.493
1791642747.380 31922 12.311
1791642747.387 31924 12.067
1791642747.393 31927 8.658
1791642747.407 31930 12.129
1791642747.413 31932 11.684
1791642747.420 31935 8.533
1791642747.434 31938 12.105
1791642747.441 31940 12.117
1791642747.447 31943 8.792
1791642747.462 31946 12.824
1791642747.468 31948 11.811
1791642747.474 31951 8.814
1791642747.484 31954 8.159
1791642747.492 31956 9.278
1791642747.505 31959 12.231
1791642747.512 31962 8.855
1791642747.519 31964 8.747
1791642747.532 31967 12.298
1791642747.539 31970 8.899
1791642747.545 31972 8.509
1791642747.560 31975 12.774
1791642747.566 31978 9.091
1791642747.573 31980 8.831
1791642747.586 31983 11.949
1791642747.593 31986 8.630
1791642747.600 31988 8.398
1791642747.613 31991 11.902
1791642747.620 31994 8.675
1791642747.628 31996 9.907
1791642747.637 31999 8.395
1791642747.651 32002 11.893
1791642747.657 32004 11.720
1791642747.664 32007 8.397
1791642747.678 32010 12.050
1791642747.684 32012 11.702
1791642747.691 32015 8.347
1791642747.705 32018 11.929
1791642747.712 32020 11.721
1791642747.718 32023 8.406
1791642747.732 32026 11.955
1791642747.739 32028 11.808
1791642747.745 32031 8.400
1791642747.759 32034 11.903
1791642747.766 32036 12.074
1791642747.773 32039 8.389
1791642747.786 32042 11.880
1791642747.793 32044 11.821
1791642747.800 32047 8.447
1791642747.813 32050 12.032
1791642747.820 32052 11.887
1791642747.827 32055 8.497
1791642747.841 32058 12.127
1791642747.847 32060 11.753
1791642747.854 32063 8.572
1791642747.868 32066 11.931
1791642747.875 32068 11.989
1791642747.881 32071 8.696
1791642747.895 32074 12.335
1791642747.902 32076 11.926
1791642747.909 32079 8.915
1791642747.922 32082 11.884
1791642747.929 32084 11.775
1791642747.936 32087 8.626
1791642747.949 32090 11.984
1791642747.956 32092 11.765
1791642747.962 32095 8.462
1791642747.976 32098 11.982
1791642747.983 32100 11.984
1791642747.990 32103 8.533
1791642748.003 32106 12.165
1791642748.010 32108 11.892
1791642748.017 32111 8.498
1791642748.031 32114 12.237
1791642748.039 32116 12.030
1791642748.045 32119 9.680
1791642748.059 32122 12.991
1791642748.066 32124 12.459
1791642748.072 32127 9.780
1791642748.086 32130 12.813
1791642748.093 32132 12.763
1791642748.099 32135 9.494
1791642748.112 32138 12.235
1791642748.119 32140 11.942
1791642748.126 32143 8.887
1791642748.139 32146 12.405
1791642748.146 32148 11.956
1791642748.152 32151 8.458
1791642748.166 32154 12.054
1791642748.173 32156 11.758
1791642748.179 32159 8.388
1791642748.193 32162 11.798
1791642748.201 32164 12.885
1791642748.207 32167 8.752
1791642748.220 32170 12.038
1791642748.230 32172 11.859
1791642748.237 32175 12.014
1791642748.244 32178 8.659
1791642748.251 32180 8.674
1791642748.264 32183 11.925
1791642748.271 32186 8.460
1791642748.278 32188 8.555
1791642748.291 32191 11.802
1791642748.298 32194 8.404
1791642748.305 32196 8.459
1791642748.318 32199 11.727
1791642748.325 32202 8.497
1791642748.332 32204 8.441
1791642748.346 32207 11.826
1791642748.353 32210 8.956
1791642748.360 32212 8.737
1791642748.373 32215 12.261
1791642748.381 32218 9.956
1791642748.388 32220 9.921
1791642748.401 32223 12.267
1791642748.408 32226 9.922
1791642748.415 32228 10.002
1791642748.428 32231 12.401
1791642748.435 32234 9.469
1791642748.442 32236 9.984
1791642748.455 32239 11.843
1791642748.461 32242 8.818
1791642748.468 32244 8.976
1791642748.481 32247 11.901
1791642748.490 32250 9.865
1791642748.496 32252 9.877
1791642748.509 32255 11.781
1791642748.516 32258 8.800
1791642748.522 32260 8.489
1791642748.536 32263 11.919
1791642748.542 32266 8.570
1791642748.549 32268 8.515
1791642748.563 32271 12.371
1791642748.570 32274 8.801
1791642748.577 32276 8.860
1791642748.590 32279 12.336
1791642748.597 32282 8.669
1791642748.603 32284 8.491
1791642748.617 32287 12.011
1791642748.624 32290 8.592
1791642748.631 32292 8.548
1791642748.644 32295 12.058
1791642748.651 32298 8.613
1791642748.658 32300 8.653
1791642748.671 32303 11.996
1791642748.678 32306 8.787
1791642748.685 32308 8.886
1791642748.698 32311 11.909
1791642748.705 32314 8.482
1791642748.712 32316 8.488
1791642748.726 32319 11.995
1791642748.732 32322 8.669
1791642748.739 32324 8.466
1791642748.753 32327 12.192
1791642748.760 32330 8.704
1791642748.766 32332 8.445
1791642748.780 32335 12.058
1791642748.787 32338 9.263
1791642748.794 32340 8.993
1791642748.807 32343 12.103
1791642748.814 32346 8.552
1791642748.821 32348 8.525
1791642748.834 32351 12.009
1791642748.841 32354 8.508
1791642748.848 32356 8.394
1791642748.861 32359 11.907
1791642748.869 32362 9.435
1791642748.876 32364 9.864
1791642748.890 32367 12.758
1791642748.896 32370 9.766
1791642748.904 32372 10.451
1791642748.913 32375 9.180
1791642748.926 32378 11.918
1791642748.933 32380 11.977
1791642748.940 32383 8.949
1791642748.953 32386 12.342
1791642748.960 32388 12.439
1791642748.967 32391 8.779
1791642748.980 32394 12.243
1791642748.990 32396 12.444
1791642748.997 32399 11.904
1791642749.004 32402 8.479
1791642749.010 32404 8.536
1791642749.024 32407 11.997
1791642749.031 32410 8.938
1791642749.038 32412 8.655
1791642749.051 32415 11.916
1791642749.058 32418 8.455
1791642749.065 32420 8.482
1791642749.078 32423 11.841
1791642749.085 32426 8.690
1791642749.092 32428 8.522
1791642749.106 32431 12.385
1791642749.112 32434 8.801
1791642749.119 32436 8.595
1791642749.133 32439 11.914
1791642749.140 32442 8.909
1791642749.147 32444 9.599
1791642749.160 32447 12.508
1791642749.167 32450 8.786
1791642749.174 32452 8.846
1791642749.187 32455 12.152
1791642749.194 32458 8.889
1791642749.201 32460 8.913
1791642749.214 32463 12.301
1791642749.221 32466 9.229
1791642749.228 32468 8.893
1791642749.241 32471 11.999
1791642749.248 32474 8.952
1791642749.255 32476 8.684
1791642749.268 32479 11.913
1791642749.275 32482 8.928
1791642749.282 32484 8.957
1791642749.296 32487 12.575
1791642749.302 32490 8.641
1791642749.309 32492 8.890
1791642749.323 32495 12.118
1791642749.329 32498 8.648
1791642749.336 32500 8.603
1791642749.349 32503 11.815
1791642749.357 32506 8.973
1791642749.363 32508 8.811
1791642749.377 32511 12.331
1791642749.384 32514 8.858
1791642749.390 32516 8.774
1791642749.404 32519 11.819
1791642749.411 32522 8.881
1791642749.418 32524 8.813
1791642749.431 32527 12.298
1791642749.438 32530 8.819
1791642749.445 32532 8.968
1791642749.458 32535 11.928
1791642749.465 32538 8.652
1791642749.472 32540 8.459
1791642749.485 32543 11.795
1791642749.492 32546 8.437
1791642749.499 32548 8.485
1791642749.513 32551 12.313
1791642749.519 32554 8.789
1791642749.526 32556 8.917
1791642749.540 32559 11.930
1791642749.546 32562 8.477
1791642749.553 32564 8.488
1791642749.567 32567 11.950
1791642749.573 32570 8.511
1791642749.580 32572 8.486
1791642749.594 32575 11.993
1791642749.601 32578 8.472
1791642749.607 32580 8.605
1791642749.621 32583 12.086
1791642749.628 32586 8.614
1791642749.634 32588 8.466
1791642749.648 32591 11.863
1791642749.655 32594 8.483
1791642749.661 32596 8.430
1791642749.675 32599 11.887
1791642749.682 32602 8.457
1791642749.689 32604 8.426
1791642749.702 32607 11.860
1791642749.709 32610 8.459
1791642749.716 32612 8.610
1791642749.729 32615 11.843
1791642749.736 32618 8.452
1791642749.743 32620 8.504
1791642749.757 32623 12.138
1791642749.763 32626 8.615
1791642749.770 32628 8.773
1791642749.784 32631 12.272
1791642749.791 32634 8.706
1791642749.797 32636 8.551
1791642749.811 32639 11.914
1791642749.818 32642 8.676
1791642749.824 32644 8.591
1791642749.838 32647 12.093
1791642749.845 32650 8.991
1791642749.852 32652 8.775
1791642749.866 32655 12.482
1791642749.872 32658 8.843
1791642749.880 32660 9.591
1791642749.893 32663 12.455
1791642749.899 32666 8.681
1791642749.906 32668 8.737
1791642749.919 32671 11.991
1791642749.926 32674 8.805
1791642749.933 32676 8.514
1791642749.947 32679 12.187
1791642749.953 32682 8.702
1791642749.960 32684 8.740
1791642749.974 32687 12.182
1791642749.982 32690 9.851
1791642749.989 32692 9.899
1791642750.001 32695 11.940
1791642750.009 32698 9.943
1791642750.015 32700 9.705
1791642750.028 32703 11.957
1791642750.035 32706 8.785
1791642750.041 32708 8.534
1791642750.055 32711 11.942
1791642750.062 32714 8.437
1791642750.068 32716 8.435
1791642750.083 32719 12.617
1791642750.089 32722 8.892
1791642750.096 32724 8.681
1791642750.109 32727 12.026
1791642750.116 32730 8.628
1791642750.123 32732 8.557
1791642750.136 32735 11.794
1791642750.143 32738 8.460
1791642750.150 32740 8.520
1791642750.163 32743 11.781
1791642750.171 32746 8.845
1791642750.177 32748 8.794
1791642750.190 32751 11.771
1791642750.197 32754 8.408
1791642750.204 32756 8.431
1791642750.218 32759 12.036
1791642750.224 32762 8.435
1791642750.231 32764 8.396
1791642750.245 32767 12.051
1791642750.251 32770 8.361
1791642750.258 32772 8.415
1791642750.272 32775 11.900
1791642750.279 32778 8.467
1791642750.285 32780 8.419
1791642750.299 32783 12.040
1791642750.306 32786 8.408
1791642750.313 32788 8.463
1791642750.327 32791 12.231
1791642750.333 32794 8.489
1791642750.340 32796 8.460
1791642750.353 32799 11.994
1791642750.360 32802 8.388
1791642750.367 32804 8.339
1791642750.380 32807 11.850
1791642750.387 32810 8.402
1791642750.394 32812 8.375
1791642750.408 32815 11.809
1791642750.414 32818 8.489
1791642750.422 32820 9.072
1791642750.435 32823 12.010
1791642750.442 32826 8.940
1791642750.449 32828 9.040
1791642750.462 32831 12.430
1791642750.469 32834 8.957
1791642750.476 32836 8.948
1791642750.489 32839 11.953
1791642750.496 32842 8.426
1791642750.502 32844 8.371
1791642750.516 32847 11.830
1791642750.523 32850 8.413
1791642750.531 32852 9.387
1791642750.543 32855 11.994
1791642750.552 32858 10.801
1791642750.561 32860 12.170
1791642750.567 32863 8.492
1791642750.580 32866 11.765
1791642750.587 32868 11.710
1791642750.594 32871 8.415
1791642750.608 32874 11.726
1791642750.614 32876 11.770
1791642750.621 32879 8.482
1791642750.635 32882 11.998
1791642750.642 32884 11.792
1791642750.648 32887 8.453
1791642750.662 32890 11.957
1791642750.669 32892 11.722
1791642750.675 32895 8.409
1791642750.689 32898 11.919
1791642750.696 32900 11.856
1791642750.703 32903 8.498
1791642750.716 32906 12.022
1791642750.723 32908 11.876
1791642750.730 32911 8.418
1791642750.743 32914 11.878
1791642750.750 32916 11.829
1791642750.757 32919 8.473
1791642750.770 32922 11.829
1791642750.777 32924 11.728
1791642750.784 32927 8.394
1791642750.798 32930 12.055
1791642750.804 32932 11.680
1791642750.811 32935 8.421
1791642750.825 32938 11.962
1791642750.831 32940 11.851
1791642750.839 32943 8.831
1791642750.852 32946 12.284
1791642750.859 32948 12.042
1791642750.865 32951 8.488
1791642750.879 32954 12.246
1791642750.886 32956 11.772
1791642750.892 32959 8.455
1791642750.906 32962 11.914
1791642750.913 32964 11.843
1791642750.920 32967 9.010
1791642750.933 32970 11.939
1791642750.940 32972 12.116
1791642750.947 32975 8.880
1791642750.960 32978 11.855
1791642750.967 32980 12.176
1791642750.975 32983 9.066
1791642750.988 32986 12.371
1791642750.995 32988 12.229
1791642751.001 32991 8.869
1791642751.015 32994 12.002
1791642751.021 32996 11.782
1791642751.028 32999 8.473
1791642751.042 33002 11.845
1791642751.049 33004 11.852
1791642751.055 33007 8.388
1791642751.069 33010 11.875
1791642751.076 33012 11.824
1791642751.082 33015 8.368
1791642751.096 33018 12.048
1791642751.103 33020 11.760
1791642751.110 33023 8.462
1791642751.123 33026 12.052
1791642751.130 33028 11.801
1791642751.137 33031 8.607
1791642751.150 33034 11.994
1791642751.157 33036 11.786
1791642751.164 33039 8.429
1791642751.177 33042 11.897
1791642751.184 33044 11.721
1791642751.191 33047 8.448
1791642751.205 33050 11.916
1791642751.211 33052 12.044
1791642751.218 33055 8.418
1791642751.232 33058 12.080
1791642751.238 33060 11.891
1791642751.245 33063 8.444
1791642751.259 33066 12.188
1791642751.266 33068 11.810
1791642751.272 33071 8.589
1791642751.286 33074 12.303
1791642751.293 33076 12.343
1791642751.299 33079 8.490
1791642751.313 33082 11.771
1791642751.320 33084 11.941
1791642751.326 33087 8.414
1791642751.340 33090 11.837
1791642751.347 33092 11.908
1791642751.354 33095 8.450
1791642751.368 33098 12.039
1791642751.374 33100 11.860
1791642751.383 33103 10.502
1791642751.391 33106 8.830
1791642751.400 33108 11.133
1791642751.409 33111 9.262
1791642751.422 33114 12.056
1791642751.429 33116 12.480
1791642751.435 33119 8.800
1791642751.449 33122 12.230
1791642751.456 33124 12.212
1791642751.463 33127 8.890
1791642751.476 33130 12.317
1791642751.485 33132 12.113
1791642751.493 33135 11.809
1791642751.499 33138 8.404
1791642751.506 33140 8.515
1791642751.520 33143 11.986
1791642751.527 33146 8.543
1791642751.536 33148 10.906
1791642751.548 33151 12.475
1791642751.554 33154 8.707
1791642751.561 33156 8.396
1791642751.574 33159 11.834
1791642751.581 33162 8.451
1791642751.588 33164 9.125
1791642751.602 33167 12.161
1791642751.608 33170 8.736
1791642751.615 33172 8.800
1791642751.629 33175 12.312
1791642751.635 33178 8.824
1791642751.642 33180 8.483
1791642751.656 33183 12.166
1791642751.663 33186 8.744
1791642751.669 33188 8.461
1791642751.683 33191 11.921
1791642751.689 33194 8.428
1791642751.697 33196 8.871
1791642751.710 33199 12.032
1791642751.717 33202 8.418
1791642751.724 33204 8.893
1791642751.737 33207 11.909
1791642751.744 33210 8.799
1791642751.752 33212 9.800
1791642751.765 33215 12.184
1791642751.771 33218 8.588
1791642751.778 33220 9.100
1791642751.792 33223 12.334
1791642751.798 33226 8.898
1791642751.805 33228 8.794
1791642751.819 33231 12.798
1791642751.826 33234 8.985
1791642751.832 33236 8.782
1791642751.846 33239 12.393
1791642751.853 33242 8.815
1791642751.859 33244 8.819
1791642751.873 33247 12.316
1791642751.880 33250 8.752
1791642751.887 33252 9.023
1791642751.900 33255 11.972
1791642751.906 33258 8.418
1791642751.913 33260 8.346
1791642751.927 33263 11.955
1791642751.934 33266 8.582
1791642751.941 33268 8.796
1791642751.954 33271 12.055
1791642751.961 33274 8.736
1791642751.968 33276 8.488
1791642751.982 33279 12.269
1791642751.988 33282 8.902
1791642751.995 33284 8.617
1791642752.008 33287 11.986
1791642752.015 33290 8.426
1791642752.022 33292 8.403
1791642752.036 33295 12.287
1791642752.042 33298 8.740
1791642752.050 33300 9.072
1791642752.063 33303 11.811
1791642752.069 33306 8.400
1791642752.076 33308 8.555
1791642752.090 33311 12.550
1791642752.097 33314 8.982
1791642752.104 33316 8.887
1791642752.117 33319 12.030
1791642752.124 33322 8.422
1791642752.130 33324 8.349
1791642752.144 33327 12.005
1791642752.151 33330 8.438
1791642752.157 33332 8.494
1791642752.171 33335 12.175
1791642752.178 33338 8.830
1791642752.185 33340 8.774
1791642752.199 33343 12.225
1791642752.205 33346 8.500
1791642752.212 33348 8.620
1791642752.225 33351 11.787
1791642752.232 33354 8.447
1791642752.239 33356 8.756
1791642752.253 33359 12.422
1791642752.259 33362 8.747
1791642752.266 33364 8.780
1791642752.280 33367 11.777
1791642752.286 33370 8.390
1791642752.293 33372 8.810
1791642752.307 33375 12.311
1791642752.314 33378 8.852
1791642752.321 33380 8.813
1791642752.334 33383 12.031
1791642752.343 33386 10.741
1791642752.351 33388 11.948
1791642752.357 33391 8.435
1791642752.371 33394 12.129
1791642752.378 33396 11.873
1791642752.385 33399 8.429
1791642752.398 33402 11.939
1791642752.405 33404 11.861
1791642752.412 33407 8.805
1791642752.426 33410 12.204
1791642752.432 33412 11.916
1791642752.439 33415 8.963
1791642752.453 33418 12.117
1791642752.460 33420 12.236
1791642752.466 33423 8.853
1791642752.480 33426 12.261
1791642752.486 33428 11.993
1791642752.493 33431 8.411
1791642752.509 33436 7.081
1791642752.514 33434 17.086
1791642752.524 33439 11.719
1791642752.530 33442 8.419
1791642752.537 33444 8.465
1791642752.551 33447 12.368
1791642752.558 33450 8.797
1791642752.564 33452 8.484
1791642752.578 33455 11.951
1791642752.585 33458 8.547
1791642752.592 33460 8.529
1791642752.605 33463 11.824
1791642752.612 33466 8.450
1791642752.619 33468 8.413
1791642752.632 33471 11.768
1791642752.639 33474 8.450
1791642752.646 33476 8.437
1791642752.659 33479 11.774
1791642752.666 33482 8.456
1791642752.673 33484 8.637
1791642752.687 33487 12.391
1791642752.694 33490 8.747
1791642752.700 33492 8.749
1791642752.714 33495 12.089
1791642752.721 33498 8.850
1791642752.727 33500 8.822
1791642752.742 33503 13.311
1791642752.748 33506 9.005
1791642752.754 33508 8.562
1791642752.768 33511 11.963
1791642752.775 33514 8.390
1791642752.782 33516 8.628
1791642752.795 33519 12.000
1791642752.802 33522 8.448
1791642752.809 33524 8.510
1791642752.822 33527 11.834
1791642752.829 33530 8.795
1791642752.836 33532 8.412
1791642752.850 33535 12.157
1791642752.856 33538 8.813
1791642752.863 33540 8.514
1791642752.876 33543 11.810
1791642752.883 33546 8.351
1791642752.890 33548 8.409
1791642752.904 33551 12.378
1791642752.911 33554 8.908
1791642752.917 33556 8.820
1791642752.931 33559 11.998
1791642752.938 33562 8.839
1791642752.944 33564 8.808
1791642752.953 33567 7.621
1791642752.968 33570 12.167
1791642752.975 33572 11.718
1791642752.981 33575 8.405
1791642752.995 33578 11.844
1791642753.002 33580 12.032
1791642753.009 33583 8.783
1791642753.023 33586 12.358
1791642753.029 33588 12.118
1791642753.036 33591 8.501
1791642753.049 33594 11.892
1791642753.056 33596 11.750
1791642753.063 33599 8.758
1791642753.077 33602 12.034
1791642753.084 33604 12.292
1791642753.090 33607 8.589
1791642753.104 33610 11.905
1791642753.110 33612 11.739
1791642753.117 33615 8.417
1791642753.131 33618 11.854
1791642753.137 33620 11.772
1791642753.144 33623 8.434
1791642753.158 33626 11.904
1791642753.164 33628 11.720
1791642753.171 33631 8.409
1791642753.185 33634 12.150
1791642753.193 33636 12.450
1791642753.200 33639 10.143
1791642753.213 33642 12.157
1791642753.220 33644 12.791
1791642753.227 33647 9.829
1791642753.241 33650 12.331
1791642753.247 33652 12.477
1791642753.254 33655 10.019
1791642753.268 33658 12.275
1791642753.273 33660 11.707
1791642753.280 33663 8.471
1791642753.293 33666 11.908
1791642753.300 33668 11.756
1791642753.307 33671 8.438
1791642753.321 33674 11.752
1791642753.328 33676 12.287
1791642753.334 33679 8.456
1791642753.348 33682 11.953
1791642753.355 33684 11.990
1791642753.362 33687 8.891
1791642753.375 33690 11.942
1791642753.382 33692 11.886
1791642753.389 33695 8.556
1791642753.402 33698 11.905
1791642753.409 33700 11.798
1791642753.416 33703 8.658
1791642753.429 33706 11.853
1791642753.436 33708 12.152
1791642753.443 33711 8.758
1791642753.456 33714 11.868
1791642753.463 33716 11.730
1791642753.470 33719 8.479
1791642753.483 33722 11.863
1791642753.490 33724 11.864
1791642753.497 33727 8.446
1791642753.511 33730 12.698
1791642753.518 33732 12.254
1791642753.524 33735 8.841
1791642753.538 33738 12.340
1791642753.545 33740 12.187
1791642753.552 33743 8.920
1791642753.565 33746 11.601
1791642753.571 33748 11.743
1791642753.578 33751 8.396
1791642753.592 33754 11.977
1791642753.599 33756 12.095
1791642753.607 33759 9.538
1791642753.619 33762 11.871
1791642753.626 33764 11.720
1791642753.632 33767 8.353
1791642753.646 33770 11.912
1791642753.653 33772 11.734
1791642753.660 33775 8.337
1791642753.673 33778 11.771
1791642753.680 33780 11.985
1791642753.687 33783 8.415
1791642753.701 33786 11.918
1791642753.707 33788 11.521
1791642753.714 33791 8.881
1791642753.728 33794 12.274
1791642753.735 33796 12.196
1791642753.741 33799 8.388
1791642753.755 33802 11.878
1791642753.762 33804 12.760
1791642753.769 33807 9.169
1791642753.782 33810 11.910
1791642753.789 33812 12.327
1791642753.795 33815 8.485
1791642753.810 33818 12.671
1791642753.818 33820 13.836
1791642753.826 33823 11.481
1791642753.833 33826 8.635
1791642753.840 33828 8.569
1791642753.853 33831 11.997
1791642753.860 33834 8.782
1791642753.867 33836 8.473
1791642753.880 33839 12.185
1791642753.887 33842 8.885
1791642753.894 33844 8.775
1791642753.907 33847 11.935
1791642753.914 33850 8.384
1791642753.921 33852 8.445
1791642753.935 33855 11.980
1791642753.941 33858 8.517
1791642753.948 33860 8.883
1791642753.962 33863 11.892
1791642753.968 33866 8.393
1791642753.975 33868 8.374
1791642753.989 33871 11.928
1791642753.995 33874 8.468
1791642754.003 33876 9.070
1791642754.016 33879 12.052
1791642754.023 33882 8.865
1791642754.030 33884 8.986
1791642754.044 33887 12.433
1791642754.050 33890 8.792
1791642754.057 33892 9.215
1791642754.070 33895 11.976
1791642754.077 33898 8.814
1791642754.084 33900 9.036
1791642754.097 33903 11.801
1791642754.104 33906 8.742
1791642754.111 33908 8.726
1791642754.125 33911 12.303
1791642754.131 33914 8.519
1791642754.138 33916 8.448
1791642754.152 33919 11.939
1791642754.158 33922 8.407
1791642754.165 33924 8.648
1791642754.179 33927 11.880
1791642754.186 33930 8.834
1791642754.192 33932 8.825
1791642754.206 33935 11.880
1791642754.212 33938 8.376
1791642754.219 33940 8.407
1791642754.233 33943 11.981
1791642754.240 33946 8.418
1791642754.246 33948 8.417
1791642754.260 33951 11.792
1791642754.267 33954 8.462
1791642754.274 33956 8.450
1791642754.287 33959 11.827
1791642754.294 33962 8.418
1791642754.301 33964 8.379
1791642754.315 33967 12.286
1791642754.322 33970 9.047
1791642754.328 33972 8.472
1791642754.341 33975 11.875
1791642754.348 33978 8.456
1791642754.355 33980 8.458
1791642754.369 33983 12.215
1791642754.376 33986 8.833
1791642754.382 33988 8.767
1791642754.396 33991 12.176
1791642754.403 33994 8.806
1791642754.410 33996 8.922
1791642754.423 33999 12.211
1791642754.430 34002 8.760
1791642754.436 34004 8.473
1791642754.450 34007 11.875
1791642754.457 34010 8.444
1791642754.463 34012 8.463
1791642754.477 34015 11.918
1791642754.484 34018 8.626
1791642754.490 34020 8.395
1791642754.504 34023 12.129
1791642754.511 34026 8.848
1791642754.518 34028 8.895
1791642754.532 34031 12.220
1791642754.539 34034 9.310
1791642754.547 34036 10.993
1791642754.559 34039 11.881
1791642754.565 34042 8.790
1791642754.572 34044 8.861
1791642754.586 34047 12.179
1791642754.593 34050 8.858
1791642754.599 34052 8.773
1791642754.613 34055 12.343
1791642754.620 34058 8.559
1791642754.627 34060 8.824
1791642754.640 34063 12.367
1791642754.647 34066 8.970
1791642754.654 34068 8.900
1791642754.668 34071 12.526
1791642754.674 34074 9.105
1791642754.681 34076 8.635
1791642754.694 34079 12.069
1791642754.701 34082 8.531
1791642754.708 34084 8.455
1791642754.721 34087 11.748
1791642754.728 34090 8.429
1791642754.735 34092 8.477
1791642754.748 34095 11.970
1791642754.755 34098 8.481
1791642754.762 34100 8.453
1791642754.776 34103 11.970
1791642754.782 34106 8.543
1791642754.789 34108 8.474
1791642754.803 34111 12.520
1791642754.810 34114 9.435
1791642754.816 34116 8.505
1791642754.830 34119 12.157
1791642754.837 34122 8.991
1791642754.843 34124 8.666
1791642754.857 34127 12.125
1791642754.866 34130 10.808
1791642754.874 34132 12.015
1791642754.881 34135 8.544
1791642754.894 34138 12.082
1791642754.901 34140 11.902
1791642754.908 34143 8.480
1791642754.921 34146 12.022
1791642754.928 34148 11.732
1791642754.935 34151 8.583
1791642754.949 34154 12.046
1791642754.955 34156 11.819
1791642754.962 34159 8.403
1791642754.976 34162 11.925
1791642754.982 34164 11.785
1791642754.989 34167 8.447
1791642755.003 34170 12.180
1791642755.010 34172 12.172
1791642755.017 34175 8.857
1791642755.030 34178 12.199
1791642755.039 34180 12.682
1791642755.047 34183 12.104
1791642755.054 34186 8.578
1791642755.060 34188 8.627
1791642755.074 34191 12.022
1791642755.081 34194 8.567
1791642755.087 34196 8.542
1791642755.101 34199 12.300
1791642755.108 34202 8.875
1791642755.115 34204 8.948
1791642755.128 34207 12.101
1791642755.135 34210 8.460
1791642755.142 34212 8.386
1791642755.156 34215 12.166
1791642755.162 34218 8.537
1791642755.169 34220 8.325
1791642755.182 34223 11.903
1791642755.189 34226 8.661
1791642755.196 34228 8.367
1791642755.210 34231 11.875
1791642755.216 34234 8.651
1791642755.223 34236 8.401
1791642755.237 34239 12.087
1791642755.244 34242 8.568
1791642755.250 34244 8.647
1791642755.264 34247 12.532
1791642755.271 34250 8.691
1791642755.277 34252 8.412
1791642755.291 34255 11.986
1791642755.298 34258 8.620
1791642755.304 34260 8.431
1791642755.318 34263 12.011
1791642755.325 34266 8.560
1791642755.332 34268 8.407
1791642755.345 34271 12.050
1791642755.352 34274 8.558
1791642755.359 34276 8.401
1791642755.372 34279 11.998
1791642755.379 34282 8.641
1791642755.386 34284 8.541
1791642755.400 34287 12.244
1791642755.407 34290 9.073
1791642755.413 34292 8.866
1791642755.427 34295 11.785
1791642755.434 34298 9.083
1791642755.440 34300 8.767
1791642755.454 34303 11.950
1791642755.461 34306 8.677
1791642755.468 34308 8.789
1791642755.481 34311 12.160
1791642755.488 34314 8.893
1791642755.494 34316 8.552
1791642755.508 34319 12.006
1791642755.515 34322 8.846
1791642755.522 34324 8.903
1791642755.536 34327 12.426
1791642755.542 34330 9.048
1791642755.549 34332 8.897
1791642755.563 34335 12.386
1791642755.570 34338 9.016
1791642755.577 34340 9.216
1791642755.589 34343 12.027
1791642755.596 34346 8.535
1791642755.603 34348 8.793
1791642755.617 34351 12.223
1791642755.624 34354 8.790
1791642755.630 34356 8.885
1791642755.644 34359 12.071
1791642755.651 34362 8.823
1791642755.657 34364 8.784
1791642755.671 34367 12.161
1791642755.678 34370 8.807
1791642755.685 34372 8.794
1791642755.698 34375 12.361
1791642755.705 34378 8.662
1791642755.712 34380 8.812
1791642755.726 34383 12.806
1791642755.732 34386 8.727
1791642755.739 34388 8.784
1791642755.752 34391 12.097
1791642755.759 34394 8.856
1791642755.766 34396 8.795
1791642755.780 34399 12.278
1791642755.787 34402 9.852
1791642755.794 34404 9.990
1791642755.807 34407 12.456
1791642755.815 34410 9.927
1791642755.821 34412 9.570
1791642755.834 34415 11.776
1791642755.840 34418 8.513
1791642755.847 34420 8.406
1791642755.861 34423 11.896
1791642755.867 34426 8.393
1791642755.874 34428 8.470
1791642755.888 34431 11.826
1791642755.895 34434 8.504
1791642755.901 34436 8.377
1791642755.915 34439 11.972
1791642755.922 34442 8.455
1791642755.928 34444 8.454
1791642755.942 34447 11.952
1791642755.949 34450 8.444
1791642755.955 34452 8.406
1791642755.969 34455 11.982
1791642755.976 34458 8.573
1791642755.983 34460 8.536
1791642755.996 34463 12.047
1791642756.004 34466 9.757
1791642756.011 34468 9.656
1791642756.024 34471 12.294
1791642756.032 34474 9.927
1791642756.038 34476 9.870
1791642756.052 34479 12.110
1791642756.059 34482 9.928
1791642756.066 34484 9.997
1791642756.079 34487 12.295
1791642756.086 34490 10.140
1791642756.094 34492 10.784
1791642756.106 34495 12.513
1791642756.112 34498 9.412
1791642756.120 34500 9.919
1791642756.132 34503 11.630
1791642756.139 34506 8.597
1791642756.145 34508 8.497
1791642756.159 34511 12.008
1791642756.166 34514 8.814
1791642756.173 34516 8.916
1791642756.187 34519 12.483
1791642756.193 34522 8.833
1791642756.200 34524 8.995
1791642756.214 34527 12.033
1791642756.221 34530 8.900
1791642756.227 34532 8.772
1791642756.241 34535 12.171
1791642756.250 34538 10.764
1791642756.257 34540 11.797
1791642756.264 34543 8.631
1791642756.278 34546 11.990
1791642756.284 34548 11.766
1791642756.291 34551 8.375
1791642756.305 34554 12.047
1791642756.312 34556 11.738
1791642756.318 34559 8.473
1791642756.332 34562 12.170
1791642756.339 34564 11.845
1791642756.345 34567 8.440
1791642756.359 34570 12.081
1791642756.366 34572 11.812
1791642756.373 34575 8.481
1791642756.386 34578 12.074
1791642756.393 34580 11.732
1791642756.400 34583 8.987
1791642756.414 34586 11.946
1791642756.420 34588 11.824
1791642756.427 34591 8.591
1791642756.441 34594 12.155
1791642756.447 34596 11.805
1791642756.454 34599 8.475
1791642756.468 34602 12.226
1791642756.475 34604 11.860
1791642756.481 34607 8.488
1791642756.495 34610 12.042
1791642756.503 34612 11.944
1791642756.510 34615 9.951
1791642756.523 34618 11.945
1791642756.529 34620 11.864
1791642756.536 34623 8.694
1791642756.545 34626 7.815
1791642756.552 34628 8.514
1791642756.567 34631 12.584
1791642756.573 34634 8.892
1791642756.580 34636 8.714
1791642756.593 34639 12.085
1791642756.603 34642 11.880
1791642756.610 34644 12.181
1791642756.617 34647 8.958
1791642756.631 34650 12.516
1791642756.638 34652 12.499
1791642756.644 34655 8.829
1791642756.658 34658 12.038
1791642756.664 34660 11.766
1791642756.671 34663 8.481
1791642756.685 34666 12.204
1791642756.692 34668 11.861
1791642756.699 34671 8.940
1791642756.712 34674 12.277
1791642756.719 34676 12.422
1791642756.726 34679 8.957
1791642756.739 34682 12.421
1791642756.746 34684 11.923
1791642756.753 34687 8.708
1791642756.767 34690 13.058
1791642756.773 34692 12.266
1791642756.781 34695 9.813
1791642756.793 34698 11.669
1791642756.800 34700 11.990
1791642756.807 34703 8.523
1791642756.820 34706 11.823
1791642756.829 34708 12.807
1791642756.835 34711 9.602
1791642756.849 34714 12.681
1791642756.855 34716 12.459
1791642756.862 34719 9.440
1791642756.875 34722 12.420
1791642756.882 34724 11.906
1791642756.889 34727 9.127
1791642756.902 34730 11.927
1791642756.909 34732 11.947
1791642756.915 34735 8.406
1791642756.929 34738 11.955
1791642756.936 34740 11.954
1791642756.943 34743 8.619
1791642756.956 34746 11.868
1791642756.963 34748 11.895
1791642756.970 34751 8.569
1791642756.983 34754 12.187
1791642756.990 34756 11.816
1791642756.997 34759 9.011
1791642757.010 34762 12.009
1791642757.017 34764 11.906
1791642757.024 34767 8.440
1791642757.038 34770 12.148
1791642757.044 34772 11.778
1791642757.051 34775 8.431
1791642757.065 34778 12.204
1791642757.071 34780 11.912
1791642757.078 34783 8.512
1791642757.092 34786 12.443
1791642757.099 34788 12.155
1791642757.105 34791 8.715
1791642757.115 34794 7.797
1791642757.122 34796 8.518
1791642757.136 34799 12.054
1791642757.143 34802 8.611
1791642757.149 34804 8.566
1791642757.163 34807 12.127
1791642757.170 34810 8.693
1791642757.176 34812 8.558
1791642757.192 34815 12.533
1791642757.198 34818 9.592
1791642757.205 34820 9.883
1791642757.219 34823 12.690
1791642757.226 34826 10.301
1791642757.232 34828 9.508
1791642757.244 34831 11.636
1791642757.252 34834 9.033
1791642757.258 34836 8.602
1791642757.272 34839 12.451
1791642757.279 34842 8.913
1791642757.285 34844 8.912
1791642757.299 34847 12.130
1791642757.306 34850 8.887
1791642757.312 34852 8.563
1791642757.326 34855 11.924
1791642757.332 34858 8.496
1791642757.339 34860 8.490
1791642757.353 34863 12.194
1791642757.360 34866 8.909
1791642757.367 34868 8.742
1791642757.380 34871 12.193
1791642757.387 34874 9.066
1791642757.394 34876 8.887
1791642757.407 34879 11.909
1791642757.414 34882 8.483
1791642757.421 34884 8.437
1791642757.434 34887 12.051
1791642757.444 34890 11.757
1791642757.452 34892 12.470
1791642757.458 34895 8.666
1791642757.471 34898 11.870
1791642757.478 34900 11.846
1791642757.485 34903 8.518
1791642757.499 34906 11.968
1791642757.505 34908 11.842
1791642757.512 34911 8.607
1791642757.526 34914 12.152
1791642757.533 34916 12.349
1791642757.539 34919 8.597
1791642757.553 34922 11.882
1791642757.560 34924 11.820
1791642757.567 34927 8.561
1791642757.580 34930 12.052
1791642757.587 34932 11.838
1791642757.593 34935 8.492
1791642757.607 34938 11.912
1791642757.614 34940 11.856
1791642757.621 34943 8.597
1791642757.634 34946 11.938
1791642757.641 34948 12.372
1791642757.648 34951 8.549
1791642757.661 34954 11.858
1791642757.668 34956 11.835
1791642757.675 34959 8.603
1791642757.688 34962 11.694
1791642757.695 34964 11.748
1791642757.702 34967 8.443
1791642757.716 34970 12.170
1791642757.722 34972 11.944
1791642757.729 34975 8.399
1791642757.743 34978 11.893
1791642757.750 34980 11.873
1791642757.756 34983 8.482
1791642757.770 34986 12.107
1791642757.777 34988 12.212
1791642757.783 34991 8.452
1791642757.797 34994 11.928
1791642757.804 34996 12.152
1791642757.811 34999 8.795
1791642757.820 35002 8.192
1791642757.828 35004 9.464
1791642757.841 35007 12.117
1791642757.848 35010 8.451
1791642757.855 35012 8.402
1791642757.868 35015 12.058
1791642757.875 35018 8.564
1791642757.882 35020 8.474
1791642757.895 35023 11.834
1791642757.902 35026 8.423
1791642757.909 35028 8.506
1791642757.923 35031 12.119
1791642757.929 35034 8.532
1791642757.936 35036 8.513
1791642757.950 35039 11.940
1791642757.957 35042 8.854
1791642757.963 35044 8.782
1791642757.977 35047 12.130
1791642757.987 35050 12.188
1791642757.994 35052 11.897
1791642758.000 35055 8.436
1791642758.014 35058 12.048
1791642758.021 35060 11.713
1791642758.028 35063 8.931
1791642758.042 35066 12.257
1791642758.048 35068 11.898
1791642758.055 35071 8.891
1791642758.064 35074 7.686
1791642758.072 35076 8.424
1791642758.085 35079 11.941
1791642758.092 35082 8.547
1791642758.099 35084 8.554
1791642758.112 35087 11.818
1791642758.119 35090 8.500
1791642758.126 35092 8.619
1791642758.140 35095 12.186
1791642758.146 35098 8.635
1791642758.153 35100 8.611
1791642758.167 35103 12.077
1791642758.175 35106 9.938
1791642758.181 35108 9.769
1791642758.194 35111 11.803
1791642758.201 35114 8.572
1791642758.207 35116 8.528
1791642758.221 35119 12.130
1791642758.231 35122 11.922
1791642758.238 35124 11.970
1791642758.245 35127 8.610
1791642758.258 35130 12.130
1791642758.265 35132 11.784
1791642758.272 35135 9.118
1791642758.286 35138 12.418
1791642758.292 35140 12.207
1791642758.299 35143 8.490
1791642758.312 35146 11.901
1791642758.319 35148 11.837
1791642758.326 35151 8.436
1791642758.340 35154 12.097
1791642758.346 35156 11.762
1791642758.353 35159 8.543
1791642758.367 35162 12.060
1791642758.373 35164 11.847
1791642758.380 35167 8.410
1791642758.394 35170 12.035
1791642758.400 35172 11.644
1791642758.407 35175 8.380
1791642758.421 35178 11.908
1791642758.428 35180 11.811
1791642758.435 35183 8.567
1791642758.448 35186 11.911
1791642758.455 35188 11.790
1791642758.462 35191 8.597
1791642758.475 35194 12.192
1791642758.482 35196 12.219
1791642758.489 35199 9.131
1791642758.502 35202 11.830
1791642758.510 35204 12.301
1791642758.516 35207 8.942
1791642758.530 35210 11.959
1791642758.536 35212 11.930
1791642758.543 35215 8.393
1791642758.557 35218 12.042
1791642758.563 35220 11.797
1791642758.570 35223 8.407
1791642758.584 35226 12.003
1791642758.591 35228 11.621
1791642758.597 35231 8.601
1791642758.611 35234 11.964
1791642758.618 35236 11.723
1791642758.624 35239 8.384
1791642758.638 35242 12.065
1791642758.645 35244 11.900
1791642758.652 35247 8.815
1791642758.665 35250 11.897
1791642758.672 35252 12.300
1791642758.679 35255 8.854
1791642758.692 35258 12.013
1791642758.699 35260 11.789
1791642758.706 35263 8.492
1791642758.719 35266 11.999
1791642758.726 35268 11.956
1791642758.733 35271 8.484
1791642758.747 35274 11.844
1791642758.753 35276 11.733
1791642758.760 35279 8.539
1791642758.774 35282 11.980
1791642758.780 35284 11.792
1791642758.787 35287 8.405
1791642758.801 35290 11.941
1791642758.808 35292 12.144
1791642758.814 35295 8.517
1791642758.828 35298 11.935
1791642758.835 35300 11.941
1791642758.842 35303 8.886
1791642758.855 35306 11.917
1791642758.862 35308 12.318
1791642758.869 35311 8.635
1791642758.883 35314 12.330
1791642758.889 35316 12.001
1791642758.896 35319 8.392
1791642758.909 35322 11.947
1791642758.916 35324 11.730
1791642758.923 35327 8.426
1791642758.937 35330 12.087
1791642758.943 35332 11.773
1791642758.950 35335 8.414
1791642758.964 35338 12.026
1791642758.970 35340 11.754
1791642758.977 35343 8.393
1791642758.991 35346 11.884
1791642758.997 35348 11.761
1791642759.004 35351 8.494
1791642759.018 35354 11.665
1791642759.025 35356 11.853
1791642759.031 35359 8.427
1791642759.045 35362 12.081
1791642759.052 35364 11.619
1791642759.059 35367 8.495
1791642759.072 35370 12.080
1791642759.079 35372 11.846
1791642759.086 35375 8.452
1791642759.099 35378 11.993
1791642759.107 35380 13.010
1791642759.113 35383 9.027
1791642759.127 35386 12.005
1791642759.133 35388 12.001
1791642759.142 35391 12.174
1791642759.151 35396 7.345
1791642759.156 35394 17.998
1791642759.165 35399 12.394
1791642759.173 35402 12.837
1791642759.178 35404 12.201
1791642759.187 35407 11.968
1791642759.195 35412 6.543
1791642759.200 35410 17.202
1791642759.209 35415 11.669
1791642759.218 35418 12.734
1791642759.223 35420 12.101
1791642759.232 35423 12.104
1791642759.241 35426 12.848
1791642759.246 35428 12.211
1791642759.255 35431 12.105
1791642759.264 35436 7.208
1791642759.269 35434 17.863
1791642759.278 35439 12.188
1791642759.286 35444 7.064
1791642759.291 35442 17.726
1791642759.300 35447 12.180
1791642759.309 35452 7.157
1791642759.314 35450 17.813
1791642759.323 35455 12.106
1791642759.331 35458 12.771
1791642759.336 35460 12.132
1791642759.345 35463 12.124
1791642759.354 35468 7.194
1791642759.359 35466 17.850
1791642759.368 35471 12.099
1791642759.377 35474 12.723
1791642759.382 35476 12.109
1791642759.391 35479 12.189
1791642759.399 35482 12.711
1791642759.404 35484 12.073
1791642759.413 35487 12.165
1791642759.422 35490 12.666
1791642759.427 35492 12.027
1791642759.435 35495 12.009
1791642759.444 35500 6.665
1791642759.449 35498 17.326
1791642759.458 35503 11.818
1791642759.467 35506 12.447
1791642759.472 35508 11.808
1791642759.481 35511 12.194
1791642759.490 35516 7.204
1791642759.495 35514 17.861
1791642759.503 35519 11.626
1791642759.512 35522 12.303
1791642759.517 35524 11.659
1791642759.526 35527 11.582
1791642759.535 35530 12.978
1791642759.540 35532 12.340
1791642759.549 35535 12.121
1791642759.557 35540 7.093
1791642759.563 35538 17.749
1791642759.572 35543 12.101
1791642759.580 35548 7.103
1791642759.585 35546 17.759
1791642759.594 35551 12.088
1791642759.603 35554 12.770
1791642759.608 35556 12.135
1791642759.617 35559 12.166
1791642759.625 35564 7.117
1791642759.630 35562 17.772
1791642759.639 35567 12.149
1791642759.648 35572 7.082
1791642759.653 35570 17.737
1791642759.662 35575 12.208
1791642759.671 35580 7.104
1791642759.676 35578 17.757
1791642759.681 35583 9.511
1791642759.687 35586 7.027
1791642759.696 35588 9.833
1791642759.704 35591 9.861
1791642759.713 35594 10.099
1791642759.721 35596 12.600
1791642759.730 35599 12.798
1791642759.738 35602 12.753
1791642759.743 35604 12.117
1791642759.753 35607 12.217
1791642759.761 35610 12.810
1791642759.766 35612 12.175
1791642759.775 35615 12.077
1791642759.783 35618 12.284
1791642759.788 35620 11.643
1791642759.797 35623 11.737
1791642759.806 35626 12.240
1791642759.811 35628 11.599
1791642759.820 35631 12.002
1791642759.828 35636 6.659
1791642759.833 35634 17.316
1791642759.842 35639 11.977
1791642759.851 35642 12.199
1791642759.856 35644 11.561
1791642759.866 35647 12.152
1791642759.874 35650 12.870
1791642759.879 35652 12.232
1791642759.888 35655 12.108
1791642759.897 35658 12.686
1791642759.902 35660 12.050
1791642759.911 35663 12.084
1791642759.919 35668 7.023
1791642759.924 35666 17.682
1791642759.933 35671 12.185
1791642759.941 35674 12.303
1791642759.946 35676 11.662
1791642759.955 35679 11.616
1791642759.964 35684 6.720
1791642759.969 35682 17.406
1791642759.978 35687 11.943
1791642759.987 35692 6.663
1791642759.992 35690 17.323
1791642760.001 35695 12.129
1791642760.009 35698 12.377
1791642760.014 35700 11.742
1791642760.023 35703 11.783
1791642760.032 35708 6.517
1791642760.037 35706 17.183
1791642760.046 35711 12.171
1791642760.054 35714 12.147
1791642760.059 35716 11.506
1791642760.068 35719 11.576
1791642760.077 35724 6.841
1791642760.082 35722 17.497
1791642760.091 35727 11.643
1791642760.100 35730 12.334
1791642760.105 35732 11.675
1791642760.114 35735 11.802
1791642760.122 35740 6.774
1791642760.127 35738 17.434
1791642760.136 35743 11.777
1791642760.145 35746 12.760
1791642760.150 35748 12.122
1791642760.159 35751 12.004
1791642760.168 35754 12.539
1791642760.173 35756 11.897
1791642760.182 35759 11.839
1791642760.190 35762 12.263
1791642760.195 35764 11.622
1791642760.204 35767 11.744
1791642760.213 35772 6.700
1791642760.218 35770 17.360
1791642760.227 35775 11.858
1791642760.235 35778 12.216
1791642760.240 35780 11.573
1791642760.249 35783 11.633
1791642760.258 35786 12.362
1791642760.263 35788 11.723
1791642760.272 35791 11.730
1791642760.281 35794 12.775
1791642760.286 35796 12.141
1791642760.295 35799 11.767
1791642760.303 35804 6.526
1791642760.308 35802 17.185
1791642760.317 35807 12.138
1791642760.326 35810 12.352
1791642760.331 35812 11.711
1791642760.341 35815 13.115
1791642760.349 35818 12.665
1791642760.354 35820 12.165
1791642760.363 35823 12.166
1791642760.371 35828 7.136
1791642760.376 35826 17.786
1791642760.385 35831 12.147
1791642760.394 35836 7.168
1791642760.399 35834 17.824
1791642760.408 35839 12.105
1791642760.417 35844 7.103
1791642760.422 35842 17.759
1791642760.431 35847 12.259
1791642760.439 35850 12.707
1791642760.444 35852 12.071
1791642760.453 35855 12.177
1791642760.462 35860 7.368
1791642760.467 35858 18.023
1791642760.476 35863 12.229
1791642760.484 35868 7.094
1791642760.489 35866 17.745
1791642760.498 35871 11.662
1791642760.507 35874 12.241
1791642760.512 35876 11.598
1791642760.521 35879 11.595
1791642760.529 35884 6.634
1791642760.534 35882 17.297
1791642760.543 35887 11.796
1791642760.552 35892 6.680
1791642760.557 35890 17.342
1791642760.566 35895 11.575
1791642760.574 35898 12.284
1791642760.579 35900 11.640
1791642760.589 35903 11.802
1791642760.596 35906 11.680
1791642760.603 35908 12.219
1791642760.611 35911 12.224
1791642760.620 35916 6.536
1791642760.625 35914 17.200
1791642760.634 35919 11.780
1791642760.642 35924 6.578
1791642760.647 35922 17.240
1791642760.657 35927 11.951
1791642760.665 35930 12.196
1791642760.670 35932 11.553
1791642760.679 35935 11.761
1791642760.688 35940 7.199
1791642760.693 35938 17.862
1791642760.702 35943 12.162
1791642760.710 35948 6.704
1791642760.715 35946 17.367
1791642760.724 35951 12.083
1791642760.733 35954 12.357
1791642760.738 35956 11.714
1791642760.747 35959 11.832
1791642760.755 35962 12.155
1791642760.760 35964 11.515
1791642760.769 35967 11.557
1791642760.778 35970 12.396
1791642760.783 35972 11.759
1791642760.792 35975 11.742
1791642760.800 35980 6.613
1791642760.805 35978 17.273
1791642760.815 35983 11.652
1791642760.824 35986 12.767
1791642760.829 35988 12.133
1791642760.837 35991 11.767
1791642760.846 35994 12.317
1791642760.851 35996 11.672
1791642760.860 35999 12.078
1791642760.868 36002 12.192
1791642760.873 36004 11.552
1791642760.883 36007 12.197
1791642760.891 36012 7.221
1791642760.897 36010 17.876
1791642760.906 36015 12.179
1791642760.914 36020 7.458
1791642760.919 36018 18.116
1791642760.928 36023 12.085
1791642760.937 36026 12.927
1791642760.942 36028 12.294
1791642760.951 36031 12.204
1791642760.959 36034 12.772
1791642760.964 36036 12.139
1791642760.973 36039 12.142
1791642760.982 36044 7.121
1791642760.987 36042 17.777
1791642760.997 36047 13.200
1791642761.004 36050 12.038
1791642761.009 36052 11.631
1791642761.019 36055 12.195
1791642761.027 36058 12.825
1791642761.032 36060 12.188
1791642761.041 36063 12.090
1791642761.050 36068 7.088
1791642761.055 36066 17.741
1791642761.064 36071 12.203
1791642761.072 36074 12.721
1791642761.077 36076 12.083
1791642761.086 36079 12.133
1791642761.095 36084 7.074
1791642761.100 36082 17.729
1791642761.109 36087 12.119
1791642761.117 36090 12.480
1791642761.122 36092 11.802
1791642761.131 36095 11.636
1791642761.140 36100 6.610
1791642761.145 36098 17.272
1791642761.154 36103 11.603
1791642761.162 36106 12.198
1791642761.167 36108 11.558
1791642761.176 36111 11.839
1791642761.185 36116 6.653
1791642761.190 36114 17.328
1791642761.199 36119 11.783
1791642761.208 36122 12.381
1791642761.213 36124 11.746
1791642761.222 36127 11.788
1791642761.230 36130 12.358
1791642761.235 36132 11.718
1791642761.244 36135 11.649
1791642761.254 36140 7.704
1791642761.259 36138 17.053
1791642761.267 36143 12.129
1791642761.276 36148 7.072
1791642761.281 36146 17.728
1791642761.290 36151 12.202
1791642761.298 36154 12.749
1791642761.303 36156 12.106
1791642761.312 36159 12.093
1791642761.321 36162 12.746
1791642761.326 36164 12.109
1791642761.335 36167 12.128
1791642761.343 36172 7.058
1791642761.348 36170 17.712
1791642761.358 36175 12.102
1791642761.366 36178 12.722
1791642761.371 36180 12.085
1791642761.380 36183 12.128
1791642761.389 36186 12.789
1791642761.394 36188 12.137
1791642761.403 36191 12.201
1791642761.411 36196 7.074
1791642761.416 36194 17.729
1791642761.425 36199 12.139
1791642761.434 36204 7.100
1791642761.439 36202 17.760
1791642761.448 36207 12.161
1791642761.457 36212 7.035
1791642761.462 36210 17.690
1791642761.471 36215 12.228
1791642761.479 36218 12.734
1791642761.484 36220 12.097
1791642761.493 36223 12.148
1791642761.502 36228 7.145
1791642761.507 36226 17.805
1791642761.516 36231 12.112
1791642761.524 36234 12.802
1791642761.529 36236 12.170
1791642761.539 36239 12.255
1791642761.547 36242 12.807
1791642761.552 36244 12.172
1791642761.561 36247 12.177
1791642761.569 36252 6.808
1791642761.574 36250 17.466
1791642761.583 36255 11.917
1791642761.593 36260 7.778
1791642761.598 36258 17.259
1791642761.606 36263 11.622
1791642761.614 36268 6.483
1791642761.619 36266 17.183
1791642761.628 36271 11.607
1791642761.637 36276 6.706
1791642761.642 36274 17.365
1791642761.652 36279 12.522
1791642761.660 36284 6.594
1791642761.665 36282 17.258
1791642761.674 36287 11.717
1791642761.682 36290 12.316
1791642761.687 36292 11.676
1791642761.693 36295 9.080
1791642761.699 36298 6.745
1791642761.708 36300 9.825
1791642761.716 36303 9.676
1791642761.725 36306 9.808
1791642761.733 36308 12.662
1791642761.742 36311 12.263
1791642761.750 36316 7.115
1791642761.755 36314 17.768
1791642761.765 36319 12.163
1791642761.773 36324 7.326
1791642761.778 36322 17.981
1791642761.787 36327 12.117
1791642761.796 36330 12.955
1791642761.801 36332 12.300
1791642761.811 36335 13.266
1791642761.818 36340 7.223
1791642761.823 36338 17.874
1791642761.832 36343 11.797
1791642761.841 36346 12.620
1791642761.846 36348 11.979
1791642761.855 36351 11.618
1791642761.863 36354 12.415
1791642761.868 36356 11.773
1791642761.877 36359 11.607
1791642761.886 36362 12.395
1791642761.891 36364 11.756
1791642761.900 36367 12.125
1791642761.908 36370 12.058
1791642761.914 36372 11.764
1791642761.923 36375 12.701
1791642761.931 36378 12.682
1791642761.936 36380 12.053
1791642761.946 36383 12.215
1791642761.954 36386 12.719
1791642761.959 36388 12.081
1791642761.968 36391 12.345
1791642761.977 36394 12.740
1791642761.982 36396 12.101
1791642761.991 36399 12.100
1791642761.999 36404 7.269
1791642762.004 36402 17.928
1791642762.013 36407 11.691
1791642762.022 36410 12.094
1791642762.027 36412 12.113
1791642762.036 36415 12.163
1791642762.044 36420 6.716
1791642762.049 36418 17.374
1791642762.058 36423 11.932
1791642762.067 36428 6.906
1791642762.072 36426 17.570
1791642762.081 36431 11.683
1791642762.090 36436 7.904
1791642762.095 36434 17.747
1791642762.103 36439 11.904
1791642762.112 36444 6.717
1791642762.117 36442 17.376
1791642762.126 36447 12.238
1791642762.134 36450 12.348
1791642762.139 36452 11.711
1791642762.149 36455 12.265
1791642762.157 36460 6.987
1791642762.162 36458 17.647
1791642762.171 36463 12.014
1791642762.180 36468 6.693
1791642762.185 36466 17.359
1791642762.194 36471 12.028
1791642762.202 36474 12.307
1791642762.207 36476 11.666
1791642762.216 36479 12.023
1791642762.225 36482 12.492
1791642762.230 36484 11.850
1791642762.239 36487 11.821
1791642762.247 36492 6.603
1791642762.252 36490 17.269
1791642762.262 36495 12.162
1791642762.270 36500 6.684
1791642762.275 36498 17.341
1791642762.284 36503 12.279
1791642762.293 36508 7.237
1791642762.298 36506 17.894
1791642762.308 36511 12.632
1791642762.316 36514 12.826
1791642762.321 36516 12.195
1791642762.329 36519 11.758
1791642762.338 36524 6.836
1791642762.343 36522 17.502
1791642762.352 36527 11.768
1791642762.360 36530 12.273
1791642762.365 36532 11.633
1791642762.375 36535 12.230
1791642762.383 36538 12.263
1791642762.388 36540 11.656
1791642762.397 36543 11.856
1791642762.406 36548 7.113
1791642762.411 36546 17.771
1791642762.420 36551 12.314
1791642762.428 36556 6.736
1791642762.433 36554 17.394
1791642762.442 36559 11.600
1791642762.451 36564 6.736
1791642762.456 36562 17.401
1791642762.465 36567 11.818
1791642762.473 36572 6.632
1791642762.478 36570 17.291
1791642762.488 36575 11.649
1791642762.496 36578 12.263
1791642762.501 36580 11.624
1791642762.511 36583 12.128
1791642762.519 36586 12.255
1791642762.524 36588 11.614
1791642762.533 36591 12.184
1791642762.541 36596 6.729
1791642762.546 36594 17.393
1791642762.555 36599 11.703
1791642762.564 36604 6.665
1791642762.569 36602 17.329
1791642762.578 36607 11.677
1791642762.587 36610 12.347
1791642762.592 36612 11.696
1791642762.601 36615 11.609
1791642762.609 36618 12.344
1791642762.614 36620 11.705
1791642762.623 36623 12.080
1791642762.632 36626 12.375
1791642762.637 36628 11.732
1791642762.646 36631 12.054
1791642762.755 36636 107.624
1791642762.760 36634 118.283
1791642762.766 36644 96.097
1791642762.771 36652 78.497
1791642762.776 36660 60.904
1791642762.781 36668 43.297
1791642762.786 36642 121.779
1791642762.791 36650 104.183
1791642762.796 36658 86.587
1791642762.801 36666 68.989
1791642762.806 36639 149.756
1791642762.811 36647 132.440
1791642762.816 36655 114.875
1791642762.821 36663 97.205
1791642762.827 36671 79.717
1791642762.833 36676 71.784
1791642762.838 36684 54.214
1791642762.843 36692 36.624
1791642762.848 36679 77.801
1791642762.853 36687 60.227
1791642762.858 36695 42.622
1791642762.863 36674 107.533
1791642762.868 36682 89.931
1791642762.873 36690 72.338
1791642762.879 36703 41.106
1791642762.884 36711 23.501
1791642762.889 36700 60.151
1791642762.894 36708 42.549
1791642762.899 36698 75.822
1791642762.904 36706 58.225
1791642762.910 36719 26.790
1791642762.915 36716 40.920
1791642762.920 36724 23.330
1791642762.925 36714 56.596
1791642762.930 36722 38.996
1791642762.936 36727 30.364
1791642762.941 36732 21.823
1791642762.946 36730 32.482
1791642762.952 36740 9.957
1791642762.957 36738 20.616
1791642762.962 36735 33.559
1791642762.967 36743 16.574
1791642762.973 36746 14.497
1791642762.978 36748 13.928
1791642762.985 36751 11.676
1791642762.994 36754 12.449
1791642762.999 36756 11.820
1791642763.008 36759 12.609
1791642763.017 36764 7.107
1791642763.022 36762 17.761
1791642763.031 36767 12.347
1791642763.039 36772 7.083
1791642763.044 36770 17.740
1791642763.053 36775 11.858
1791642763.061 36780 6.759
1791642763.066 36778 17.419
1791642763.075 36783 11.629
1791642763.085 36788 7.376
1791642763.090 36786 18.037
1791642763.099 36791 12.190
1791642763.107 36794 12.303
1791642763.112 36796 11.663
1791642763.121 36799 11.493
1791642763.129 36802 12.300
1791642763.134 36804 11.649
1791642763.143 36807 11.867
1791642763.152 36810 12.311
1791642763.157 36812 11.672
1791642763.166 36815 11.723
1791642763.175 36818 12.800
1791642763.180 36820 12.165
1791642763.189 36823 12.047
1791642763.197 36828 6.637
1791642763.202 36826 17.301
1791642763.211 36831 11.529
1791642763.220 36836 6.702
1791642763.225 36834 17.372
1791642763.234 36839 12.313
1791642763.242 36842 12.330
1791642763.247 36844 11.688
1791642763.256 36847 11.743
1791642763.265 36850 12.299
1791642763.270 36852 11.655
1791642763.279 36855 11.872
1791642763.287 36858 12.196
1791642763.292 36860 11.550
1791642763.303 36863 13.135
1791642763.310 36866 12.304
1791642763.315 36868 11.685
1791642763.324 36871 11.732
1791642763.333 36874 12.275
1791642763.338 36876 11.631
1791642763.347 36879 12.125
1791642763.355 36884 6.605
1791642763.360 36882 17.309
1791642763.369 36887 11.645
1791642763.378 36892 6.829
1791642763.383 36890 17.486
1791642763.392 36895 12.092
1791642763.401 36898 12.789
1791642763.406 36900 12.160
1791642763.415 36903 12.068
1791642763.423 36906 12.781
1791642763.428 36908 12.144
1791642763.437 36911 11.934
1791642763.446 36916 6.770
1791642763.451 36914 17.431
1791642763.460 36919 11.845
1791642763.468 36922 12.425
1791642763.473 36924 11.787
1791642763.483 36927 12.123
1791642763.491 36932 7.096
1791642763.496 36930 17.753
1791642763.505 36935 12.118
1791642763.514 36940 7.203
1791642763.519 36938 17.857
1791642763.527 36943 11.599
1791642763.537 36948 7.355
1791642763.542 36946 18.013
1791642763.551 36951 12.173
1791642763.559 36954 12.908
1791642763.564 36956 12.272
1791642763.573 36959 12.161
1791642763.582 36964 7.116
1791642763.587 36962 17.773
1791642763.596 36967 12.149
1791642763.604 36972 7.070
1791642763.609 36970 17.726
1791642763.620 36975 13.148
1791642763.626 36978 12.194
1791642763.631 36980 11.563
1791642763.637 36983 8.854
1791642763.643 36986 6.540
1791642763.652 36988 9.560
1791642763.660 36991 9.293
1791642763.669 36994 9.668
1791642763.678 36996 12.487
1791642763.686 36999 12.380
1791642763.694 37002 12.332
1791642763.699 37004 11.689
1791642763.708 37007 12.032
1791642763.717 37012 6.917
1791642763.722 37010 17.579
1791642763.731 37015 12.191
1791642763.740 37020 6.937
1791642763.745 37018 17.599
1791642763.754 37023 12.086
1791642763.763 37028 7.114
1791642763.768 37026 17.767
1791642763.777 37031 12.090
1791642763.785 37036 6.991
1791642763.790 37034 17.652
1791642763.799 37039 12.117
1791642763.808 37042 12.725
1791642763.813 37044 12.088
1791642763.822 37047 12.163
1791642763.830 37052 7.069
1791642763.835 37050 17.715
1791642763.845 37055 12.194
1791642763.853 37058 12.827
1791642763.858 37060 12.191
1791642763.867 37063 12.196
1791642763.876 37068 7.057
1791642763.881 37066 17.710
1791642763.890 37071 12.129
1791642763.898 37076 7.045
1791642763.903 37074 17.703
1791642763.912 37079 12.122
1791642763.921 37082 12.741
1791642763.926 37084 12.103
1791642763.935 37087 12.205
1791642763.943 37092 7.085
1791642763.948 37090 17.739
1791642763.957 37095 12.072
1791642763.966 37100 7.138
1791642763.971 37098 17.798
1791642763.980 37103 12.120
1791642763.989 37106 12.697
1791642763.994 37108 12.062
1791642764.003 37111 12.221
1791642764.011 37116 6.674
1791642764.016 37114 17.334
1791642764.025 37119 11.790
1791642764.134 37124 107.057
1791642764.139 37122 117.719
1791642764.145 37130 101.178
1791642764.150 37138 83.579
1791642764.155 37146 65.980
1791642764.160 37154 48.381
1791642764.165 37132 115.566
1791642764.170 37140 97.968
1791642764.175 37148 80.371
1791642764.180 37156 62.774
1791642764.185 37127 149.589
1791642764.190 37135 131.618
1791642764.195 37143 114.226
1791642764.200 37151 96.522
1791642764.205 37159 79.119
1791642764.211 37162 77.071
1791642764.216 37170 59.479
1791642764.221 37178 41.886
1791642764.226 37164 86.458
1791642764.231 37172 68.873
1791642764.236 37180 51.279
1791642764.241 37167 92.474
1791642764.246 37175 74.857
1791642764.251 37183 57.210
1791642764.257 37191 40.692
1791642764.262 37199 23.199
1791642764.267 37186 65.492
1791642764.272 37194 47.891
1791642764.277 37188 69.859
1791642764.283 37196 52.263
1791642764.288 37202 41.285
1791642764.293 37210 23.400
1791642764.299 37207 36.398
1791642764.304 37204 50.657
1791642764.309 37212 33.066
1791642764.315 37220 16.531
1791642764.320 37218 27.193
1791642764.325 37215 40.112
1791642764.330 37223 23.367
1791642764.335 37228 14.813
1791642764.340 37226 25.474
1791642764.346 37231 16.630
1791642764.352 37234 14.402
1791642764.357 37236 13.759
1791642764.364 37239 12.094
1791642764.373 37244 7.064
1791642764.378 37242 17.720
1791642764.387 37247 12.099
1791642764.395 37250 12.290
1791642764.400 37252 11.650
1791642764.409 37255 11.910
1791642764.418 37258 12.459
1791642764.423 37260 11.815
1791642764.432 37263 12.510
1791642764.441 37266 12.907
1791642764.446 37268 12.222
1791642764.455 37271 12.401
1791642764.463 37276 6.710
1791642764.468 37274 17.368
1791642764.477 37279 12.174
1791642764.486 37284 6.734
1791642764.491 37282 17.393
1791642764.500 37287 12.020
1791642764.508 37292 6.727
1791642764.513 37290 17.385
1791642764.522 37295 11.913
1791642764.531 37300 6.703
1791642764.536 37298 17.362
1791642764.545 37303 11.992
1791642764.654 37306 112.810
1791642764.659 37308 112.173
1791642764.665 37316 95.748
1791642764.670 37324 78.150
1791642764.675 37332 60.555
1791642764.680 37340 42.954
1791642764.685 37314 121.440
1791642764.690 37322 103.841
1791642764.695 37330 86.243
1791642764.700 37338 68.645
1791642764.705 37311 149.705
1791642764.710 37319 132.099
1791642764.715 37327 114.392
1791642764.720 37335 96.835
1791642764.725 37343 79.028
1791642764.731 37348 71.644
1791642764.736 37356 54.051
1791642764.741 37364 36.453
1791642764.746 37346 92.335
1791642764.751 37354 74.737
1791642764.756 37362 57.145
1791642764.762 37351 92.653
1791642764.767 37359 75.080
1791642764.772 37367 57.461
1791642764.778 37375 41.083
1791642764.783 37383 23.462
1791642764.788 37370 65.841
1791642764.793 37378 48.245
1791642764.798 37372 70.211
1791642764.803 37380 52.614
1791642764.809 37386 41.860
1791642764.814 37394 24.261
1791642764.819 37388 46.214
1791642764.824 37396 28.631
1791642764.829 37391 47.202
1791642764.835 37404 17.242
1791642764.840 37399 35.806
1791642764.845 37402 32.926
1791642764.851 37410 16.150
1791642764.856 37407 29.265
1791642764.861 37412 20.701
1791642764.867 37415 17.498
1791642764.873 37418 15.557
1791642764.878 37420 14.919
1791642764.885 37423 12.131
1791642764.893 37428 7.186
1791642764.898 37426 17.894
1791642764.907 37431 12.146
1791642764.916 37434 12.732
1791642764.921 37436 12.097
1791642764.931 37439 13.235
1791642764.938 37442 12.413
1791642764.943 37444 11.779
1791642764.952 37447 11.796
1791642764.960 37450 12.197
1791642764.965 37452 11.598
1791642764.975 37455 11.881
1791642764.983 37460 6.600
1791642764.988 37458 17.254
1791642764.994 37463 8.930
1791642765.000 37466 7.078
1791642765.008 37468 9.344
1791642765.017 37471 9.410
1791642765.026 37474 9.838
1791642765.034 37476 12.700
1791642765.043 37479 12.721
1791642765.051 37482 12.950
1791642765.056 37484 12.314
1791642765.065 37487 12.150
1791642765.074 37490 12.770
1791642765.079 37492 12.104
1791642765.087 37495 11.637
1791642765.096 37500 6.639
1791642765.101 37498 17.293
1791642765.110 37503 11.954
1791642765.119 37506 12.794
1791642765.124 37508 12.159
1791642765.133 37511 11.844
1791642765.141 37514 12.285
1791642765.146 37516 11.645
1791642765.155 37519 11.827
1791642765.164 37522 12.289
1791642765.169 37524 11.654
1791642765.178 37527 11.803
1791642765.186 37530 11.593
1791642765.192 37532 12.312
1791642765.201 37535 12.758
1791642765.209 37538 12.228
1791642765.214 37540 11.577
1791642765.220 37543 8.897
1791642765.226 37546 7.048
1791642765.235 37548 9.884
1791642765.243 37551 9.889
1791642765.252 37554 10.144
1791642765.261 37556 13.299
1791642765.268 37559 12.322
1791642765.277 37562 12.337
1791642765.282 37564 11.696
1791642765.291 37567 11.984
1791642765.300 37572 7.087
1791642765.305 37570 17.751
1791642765.314 37575 12.527
1791642765.322 37580 7.067
1791642765.327 37578 17.715
1791642765.337 37583 12.089
1791642765.345 37588 7.051
1791642765.350 37586 17.707
1791642765.359 37591 12.117
1791642765.368 37594 12.773
1791642765.373 37596 12.136
1791642765.382 37599 12.161
1791642765.390 37602 12.700
1791642765.395 37604 12.066
1791642765.404 37607 12.141
1791642765.412 37612 6.611
1791642765.417 37610 17.271
1791642765.427 37615 11.871
1791642765.436 37620 7.071
1791642765.441 37618 17.724
1791642765.449 37623 11.563
1791642765.458 37626 12.339
1791642765.463 37628 11.698
1791642765.472 37631 11.619
1791642765.480 37634 12.236
1791642765.485 37636 11.591
1791642765.494 37639 11.748
1791642765.503 37644 6.592
1791642765.508 37642 17.251
1791642765.517 37647 12.032
1791642765.526 37652 7.113
1791642765.531 37650 17.769
1791642765.540 37655 12.208
1791642765.549 37660 7.257
1791642765.554 37658 17.913
1791642765.563 37663 12.148
1791642765.571 37668 7.056
1791642765.576 37666 17.710
1791642765.587 37671 13.257
1791642765.593 37676 6.588
1791642765.598 37674 17.231
1791642765.607 37679 11.819
1791642765.616 37684 6.682
1791642765.621 37682 17.343
1791642765.630 37687 11.928
1791642765.639 37690 12.571
1791642765.644 37692 11.928
1791642765.653 37695 11.850
1791642765.661 37700 6.688
1791642765.666 37698 17.356
1791642765.672 37703 8.959
1791642765.678 37706 6.583
1791642765.686 37708 9.359
1791642765.695 37711 9.351
1791642765.704 37714 9.737
1791642765.713 37716 13.190
1791642765.721 37719 12.705
1791642765.729 37722 12.711
1791642765.734 37724 12.076
1791642765.743 37727 11.618
1791642765.752 37732 6.613
1791642765.757 37730 17.283
1791642765.766 37735 11.704
1791642765.774 37740 6.706
1791642765.779 37738 17.365
1791642765.789 37743 12.160
1791642765.797 37746 12.731
1791642765.802 37748 12.091
1791642765.811 37751 11.813
1791642765.819 37756 6.500
1791642765.824 37754 17.160
1791642765.834 37759 11.972
1791642765.842 37764 6.796
1791642765.847 37762 17.455
1791642765.856 37767 11.750
1791642765.865 37772 7.008
1791642765.870 37770 17.664
1791642765.879 37775 12.099
1791642765.889 37778 12.300
1791642765.894 37780 13.351
1791642765.902 37783 12.524
1791642765.910 37788 6.609
1791642765.915 37786 17.258
1791642765.924 37791 11.585
1791642765.932 37794 12.255
1791642765.937 37796 11.609
1791642765.946 37799 11.566
1791642766.056 37804 107.095
1791642766.061 37802 117.757
1791642766.067 37807 109.595
1791642766.072 37815 91.662
1791642766.077 37823 74.080
1791642766.082 37831 56.797
1791642766.087 37839 39.168
1791642766.092 37810 126.387
1791642766.097 37818 108.791
1791642766.102 37826 91.189
1791642766.107 37834 73.580
1791642766.112 37812 140.777
1791642766.117 37820 123.180
1791642766.122 37828 105.581
1791642766.127 37836 88.001
1791642766.133 37847 62.478
1791642766.138 37855 44.889
1791642766.143 37863 27.295
1791642766.148 37844 86.539
1791642766.153 37852 68.949
1791642766.158 37860 51.348
1791642766.163 37842 107.223
1791642766.168 37850 89.627
1791642766.173 37858 71.991
1791642766.179 37866 55.445
1791642766.184 37874 37.853
1791642766.189 37871 50.804
1791642766.194 37879 33.209
1791642766.199 37868 69.841
1791642766.204 37876 52.242
1791642766.210 37884 35.701
1791642766.215 37892 18.108
1791642766.220 37882 51.375
1791642766.225 37890 33.779
1791642766.230 37887 46.690
1791642766.236 37895 29.641
1791642766.241 37900 21.598
1791642766.246 37898 32.082
1791642766.253 37908 10.159
1791642766.258 37903 28.745
1791642766.263 37906 25.830
1791642766.268 37911 16.914
1791642766.274 37916 9.304
1791642766.279 37914 19.969
1791642766.286 37919 11.887
1791642766.294 37924 6.611
1791642766.299 37922 17.271
1791642766.310 37927 13.101
1791642766.317 37932 6.595
1791642766.322 37930 17.242
1791642766.331 37935 11.851
1791642766.339 37940 6.611
1791642766.344 37938 17.281
1791642766.353 37943 11.634
1791642766.363 37948 7.738
1791642766.368 37946 17.482
1791642766.377 37951 12.461
1791642766.387 37956 8.851
1791642766.392 37954 17.193
1791642766.398 37959 11.106
1791642766.407 37964 6.673
1791642766.412 37962 17.172
1791642766.421 37967 11.783
1791642766.430 37972 6.518
1791642766.435 37970 17.181
1791642766.444 37975 11.643
1791642766.453 37978 12.341
1791642766.458 37980 11.697
1791642766.467 37983 11.786
1791642766.475 37986 12.162
1791642766.480 37988 11.524
1791642766.489 37991 11.940
1791642766.499 37996 7.804
1791642766.504 37994 18.478
1791642766.513 37999 12.595
1791642766.521 38002 12.747
1791642766.526 38004 12.101
1791642766.534 38007 11.525
1791642766.545 38010 13.382
1791642766.550 38012 13.796
1791642766.556 38015 11.200
1791642766.566 38018 12.210
1791642766.571 38020 12.206
1791642766.580 38023 12.482
1791642766.589 38028 7.247
1791642766.594 38026 17.910
1791642766.603 38031 12.393
1791642766.611 38034 12.877
1791642766.616 38036 12.414
1791642766.625 38039 11.657
1791642766.633 38044 6.623
1791642766.638 38042 17.281
1791642766.647 38047 11.672
1791642766.656 38050 12.351
1791642766.661 38052 11.711
1791642766.670 38055 11.765
1791642766.678 38058 12.233
1791642766.683 38060 11.594
1791642766.692 38063 11.960
1791642766.801 38066 112.644
1791642766.807 38068 112.003
1791642766.813 38074 101.105
1791642766.818 38082 83.513
1791642766.823 38090 65.914
1791642766.828 38098 48.314
1791642766.833 38071 129.341
1791642766.838 38079 111.845
1791642766.843 38087 93.812
1791642766.848 38095 76.536
1791642766.853 38103 58.764
1791642766.858 38076 140.558
1791642766.863 38084 122.960
1791642766.868 38092 105.361
1791642766.873 38100 87.759
1791642766.879 38111 62.377
1791642766.884 38119 44.771
1791642766.889 38127 27.185
1791642766.894 38108 86.407
1791642766.899 38116 68.827
1791642766.904 38124 51.224
1791642766.909 38106 107.098
1791642766.914 38114 89.503
1791642766.919 38122 71.904
1791642766.925 38130 55.379
1791642766.930 38138 37.781
1791642766.935 38132 59.742
1791642766.940 38140 42.149
1791642766.945 38135 60.745
1791642766.950 38143 43.156
1791642766.956 38146 41.218
1791642766.961 38154 23.617
1791642766.966 38151 36.557
1791642766.971 38148 50.575
1791642766.976 38156 32.982
1791642766.982 38164 16.331
1791642766.987 38162 26.994
1791642766.992 38159 40.274
1791642766.998 38170 15.368
1791642767.003 38172 14.724
1791642767.008 38167 33.641
1791642767.014 38175 16.849
1791642767.020 38178 14.326
1791642767.025 38180 13.675
1791642767.033 38183 13.177
1791642767.040 38186 11.730
1791642767.046 38188 12.208
1791642767.054 38191 12.168
1791642767.063 38196 6.705
1791642767.068 38194 17.362
1791642767.077 38199 12.138
1791642767.086 38204 6.675
1791642767.091 38202 17.334
1791642767.099 38207 11.989
1791642767.109 38210 12.778
1791642767.114 38212 12.141
1791642767.123 38215 12.442
1791642767.131 38218 12.691
1791642767.136 38220 12.054
1791642767.146 38223 12.454
1791642767.154 38228 7.432
1791642767.159 38226 18.094
1791642767.168 38231 12.217
1791642767.176 38236 7.196
1791642767.181 38234 17.852
1791642767.191 38239 12.386
1791642767.199 38244 7.088
1791642767.204 38242 17.741
1791642767.213 38247 12.152
1791642767.222 38250 12.720
1791642767.227 38252 12.083
1791642767.236 38255 12.264
1791642767.244 38260 7.100
1791642767.249 38258 17.757
1791642767.258 38263 12.255
1791642767.266 38268 6.566
1791642767.271 38266 17.202
1791642767.281 38271 12.182
1791642767.289 38274 12.268
1791642767.294 38276 11.628
1791642767.300 38279 8.946
1791642767.306 38282 7.086
1791642767.314 38284 9.294
1791642767.323 38287 9.454
1791642767.332 38290 9.633
1791642767.340 38292 12.479
1791642767.348 38295 12.228
1791642767.357 38300 6.578
1791642767.362 38298 17.244
1791642767.371 38303 11.903
1791642767.379 38306 12.271
1791642767.384 38308 11.631
1791642767.390 38311 8.952
1791642767.397 38314 7.146
1791642767.405 38316 9.601
1791642767.413 38319 9.531
1791642767.421 38322 8.980
1791642767.428 38324 9.783
1791642767.436 38327 9.489
1791642767.445 38330 9.826
1791642767.453 38332 12.522
1791642767.461 38335 12.159
1791642767.470 38338 12.185
1791642767.475 38340 11.543
1791642767.484 38343 11.605
1791642767.492 38348 6.483
1791642767.497 38346 17.146
1791642767.507 38351 11.939
1791642767.515 38354 12.229
1791642767.520 38356 11.589
1791642767.530 38359 12.155
1791642767.538 38364 6.777
1791642767.543 38362 17.436
1791642767.552 38367 12.368
1791642767.560 38372 6.654
1791642767.565 38370 17.313
1791642767.574 38375 11.883
1791642767.583 38380 6.809
1791642767.588 38378 17.479
1791642767.597 38383 11.757
1791642767.605 38388 6.548
1791642767.610 38386 17.209
1791642767.620 38391 12.068
1791642767.628 38396 6.619
1791642767.633 38394 17.275
1791642767.639 38399 8.903
1791642767.645 38402 7.043
1791642767.654 38404 9.862
1791642767.662 38407 9.819
1791642767.671 38410 10.089
1791642767.680 38412 12.972
1791642767.688 38415 12.714
1791642767.696 38420 6.865
1791642767.701 38418 17.521
1791642767.710 38423 11.747
1791642767.719 38428 6.654
1791642767.724 38426 17.309
1791642767.733 38431 12.126
1791642767.742 38434 12.735
1791642767.747 38436 12.100
1791642767.756 38439 12.276
1791642767.764 38444 7.250
1791642767.769 38442 17.908
1791642767.778 38447 12.199
1791642767.787 38450 13.028
1791642767.792 38452 12.415
1791642767.801 38455 12.140
1791642767.809 38458 12.853
1791642767.815 38460 12.208
1791642767.823 38463 12.145
1791642767.832 38466 12.824
1791642767.837 38468 12.190
1791642767.846 38471 12.171
1791642767.855 38476 7.407
1791642767.860 38474 18.062
1791642767.868 38479 11.690
1791642767.877 38484 6.981
1791642767.882 38482 17.643
1791642767.891 38487 12.144
1791642767.900 38492 7.104
1791642767.905 38490 17.760
1791642767.914 38495 12.161
1791642767.922 38500 7.105
1791642767.927 38498 17.758
1791642767.937 38503 12.212
1791642767.945 38506 12.887
1791642767.950 38508 12.249
1791642767.960 38511 13.166
1791642767.967 38516 6.609
1791642767.972 38514 17.269
1791642767.981 38519 11.784
1791642767.990 38524 6.596
1791642767.995 38522 17.258
1791642768.004 38527 11.581
1791642768.012 38532 6.634
1791642768.017 38530 17.293
1791642768.026 38535 11.597
1791642768.035 38540 6.556
1791642768.040 38538 17.215
1791642768.049 38543 11.501
1791642768.058 38546 12.235
1791642768.063 38548 11.592
1791642768.072 38551 11.818
1791642768.080 38556 6.667
1791642768.085 38554 17.323
1791642768.094 38559 11.765
1791642768.103 38564 6.665
1791642768.108 38562 17.324
1791642768.113 38567 8.754
1791642768.120 38570 6.786
1791642768.128 38572 9.392
1791642768.137 38575 9.532
1791642768.146 38578 9.796
1791642768.154 38580 12.459
1791642768.162 38583 12.139
1791642768.171 38588 6.851
1791642768.176 38586 17.513
1791642768.185 38591 12.040
1791642768.193 38594 12.312
1791642768.198 38596 11.672
1791642768.207 38599 12.150
1791642768.216 38602 12.275
1791642768.221 38604 11.633
1791642768.230 38607 11.581
1791642768.239 38612 6.700
1791642768.244 38610 17.360
1791642768.253 38615 11.960
1791642768.261 38620 6.811
1791642768.266 38618 17.464
1791642768.275 38623 11.886
1791642768.284 38626 12.514
1791642768.289 38628 11.873
1791642768.298 38631 12.258
1791642768.307 38636 7.181
1791642768.312 38634 17.841
1791642768.320 38639 11.557
1791642768.329 38642 12.635
1791642768.334 38644 11.992
1791642768.343 38647 12.094
1791642768.351 38650 12.219
1791642768.357 38652 11.623
1791642768.362 38655 8.902
1791642768.368 38658 6.531
1791642768.377 38660 9.871
1791642768.386 38663 9.983
1791642768.395 38666 10.078
1791642768.403 38668 12.431
1791642768.411 38671 12.186
1791642768.419 38674 12.244
1791642768.424 38676 11.598
1791642768.433 38679 11.720
1791642768.442 38684 7.172
1791642768.447 38682 17.821
1791642768.457 38687 12.164
1791642768.465 38690 12.871
1791642768.470 38692 12.234
1791642768.479 38695 11.704
1791642768.487 38700 6.660
1791642768.492 38698 17.322
1791642768.501 38703 11.826
1791642768.510 38706 12.254
1791642768.515 38708 11.608
1791642768.524 38711 11.975
1791642768.532 38714 12.210
1791642768.537 38716 11.564
1791642768.546 38719 12.041
1791642768.555 38724 6.686
1791642768.560 38722 17.342
1791642768.570 38727 12.155
1791642768.578 38732 7.149
1791642768.583 38730 17.804
1791642768.592 38735 12.116
1791642768.601 38738 12.785
1791642768.606 38740 12.150
1791642768.616 38743 13.110
1791642768.623 38748 6.703
1791642768.628 38746 17.138
1791642768.637 38751 12.202
1791642768.645 38754 12.282
1791642768.650 38756 11.640
1791642768.659 38759 12.065
1791642768.668 38764 6.629
1791642768.673 38762 17.287
1791642768.679 38767 8.922
1791642768.685 38770 6.816
1791642768.694 38772 9.996
1791642768.702 38775 9.899
1791642768.711 38778 10.214
1791642768.720 38780 13.156
1791642768.727 38783 12.286
1791642768.737 38786 13.109
1791642768.742 38788 12.467
1791642768.751 38791 12.309
1791642768.759 38794 12.753
1791642768.764 38796 12.116
1791642768.773 38799 12.169
1791642768.781 38802 12.384
1791642768.786 38804 11.747
1791642768.795 38807 11.874
1791642768.804 38812 6.723
1791642768.809 38810 17.387
1791642768.818 38815 12.039
1791642768.826 38820 6.694
1791642768.831 38818 17.344
1791642768.841 38823 12.246
1791642768.849 38826 12.776
1791642768.854 38828 12.142
1791642768.863 38831 12.130
1791642768.872 38836 7.065
1791642768.877 38834 17.722
1791642768.886 38839 12.240
1791642768.895 38844 7.074
1791642768.900 38842 17.727
1791642768.909 38847 12.176
1791642768.917 38852 7.079
1791642768.922 38850 17.735
1791642768.931 38855 12.140
1791642768.940 38858 12.776
1791642768.945 38860 12.137
1791642768.954 38863 12.164
1791642768.962 38868 7.102
1791642768.967 38866 17.755
1791642768.977 38871 12.180
1791642768.985 38876 7.212
1791642768.990 38874 17.869
1791642768.999 38879 12.175
1791642769.008 38882 12.925
1791642769.013 38884 12.290
1791642769.022 38887 12.137
1791642769.030 38892 7.213
1791642769.035 38890 17.870
1791642769.044 38895 12.165
1791642769.053 38900 7.196
1791642769.058 38898 17.854
1791642769.067 38903 11.847
1791642769.075 38908 6.790
1791642769.080 38906 17.449
1791642769.089 38911 11.966
1791642769.098 38914 12.342
1791642769.103 38916 11.715
1791642769.113 38919 13.197
1791642769.121 38922 13.019
1791642769.126 38924 12.396
1791642769.135 38927 12.336
1791642769.143 38930 12.799
1791642769.148 38932 12.162
1791642769.157 38935 11.690
1791642769.166 38938 12.568
1791642769.171 38940 11.924
1791642769.179 38943 12.001
1791642769.188 38948 6.673
1791642769.193 38946 17.338
1791642769.202 38951 11.560
1791642769.211 38956 7.112
1791642769.216 38954 17.759
1791642769.225 38959 12.140
1791642769.234 38962 12.799
1791642769.239 38964 12.164
1791642769.248 38967 12.276
1791642769.256 38970 12.784
1791642769.261 38972 12.147
1791642769.272 38975 13.184
1791642769.278 38978 11.959
1791642769.283 38980 11.588
1791642769.294 38983 13.313
1791642769.302 38988 7.196
1791642769.307 38986 17.851
1791642769.316 38991 12.276
1791642769.324 38996 7.201
1791642769.329 38994 17.859
1791642769.338 38999 11.916
1791642769.346 39004 6.661
1791642769.351 39002 17.319
1791642769.361 39007 12.118
1791642769.369 39012 6.638
1791642769.374 39010 17.298
1791642769.384 39015 12.307
1791642769.392 39020 6.779
1791642769.397 39018 17.460
1791642769.406 39023 11.717
1791642769.414 39026 12.512
1791642769.419 39028 11.867
1791642769.429 39031 12.121
1791642769.437 39034 12.736
1791642769.442 39036 12.100
1791642769.451 39039 12.200
1791642769.460 39042 12.767
1791642769.465 39044 12.140
1791642769.474 39047 12.208
1791642769.482 39052 7.158
1791642769.487 39050 17.814
1791642769.497 39055 12.335
1791642769.505 39060 7.277
1791642769.510 39058 17.937
1791642769.519 39063 12.234
1791642769.528 39068 7.271
1791642769.533 39066 17.926
1791642769.542 39071 12.001
1791642769.550 39076 6.859
1791642769.555 39074 17.515
1791642769.564 39079 11.749
1791642769.573 39082 12.444
1791642769.578 39084 11.818
1791642769.586 39087 11.618
1791642769.596 39092 7.334
1791642769.601 39090 17.991
1791642769.610 39095 12.237
1791642769.618 39098 12.875
1791642769.623 39100 12.242
1791642769.632 39103 12.181
1791642769.641 39106 12.830
1791642769.646 39108 12.200
1791642769.655 39111 12.230
1791642769.663 39114 12.731
1791642769.668 39116 12.093
1791642769.677 39119 11.689
1791642769.686 39122 12.609
1791642769.691 39124 11.968
1791642769.700 39127 11.821
1791642769.708 39132 6.746
1791642769.713 39130 17.405
1791642769.722 39135 12.081
1791642769.731 39140 6.670
1791642769.736 39138 17.348
1791642769.745 39143 12.245
1791642769.753 39146 12.222
1791642769.758 39148 11.590
1791642769.768 39151 12.184
1791642769.776 39156 6.739
1791642769.781 39154 17.403
1791642769.790 39159 12.167
1791642769.799 39164 6.925
1791642769.804 39162 17.585
1791642769.813 39167 11.883
1791642769.821 39172 6.988
1791642769.826 39170 17.694
1791642769.835 39175 11.765
1791642769.844 39178 12.629
1791642769.849 39180 11.987
1791642769.858 39183 12.049
1791642769.867 39186 12.931
1791642769.872 39188 12.296
1791642769.881 39191 12.396
1791642769.889 39196 6.618
1791642769.894 39194 17.280
1791642769.903 39199 11.672
1791642769.912 39202 12.439
1791642769.917 39204 11.806
1791642769.926 39207 11.667
1791642769.934 39212 6.760
1791642769.939 39210 17.418
1791642769.948 39215 11.679
1791642769.957 39220 7.250
1791642769.962 39218 17.902
1791642769.971 39223 11.856
1791642769.979 39228 6.593
1791642769.984 39226 17.255
1791642769.994 39231 12.178
1791642770.002 39236 7.124
1791642770.007 39234 17.779
1791642770.016 39239 12.177
1791642770.025 39244 7.080
1791642770.030 39242 17.739
1791642770.039 39247 12.250
1791642770.047 39250 12.161
1791642770.053 39252 12.278
1791642770.062 39255 12.741
1791642770.070 39260 7.149
1791642770.075 39258 17.806
1791642770.084 39263 12.067
1791642770.092 39268 6.696
1791642770.097 39266 17.355
1791642770.106 39271 12.003
1791642770.116 39274 13.020
1791642770.121 39276 12.388
1791642770.130 39279 12.226
1791642770.137 39284 6.562
1791642770.142 39282 17.222
1791642770.152 39287 11.671
1791642770.162 39292 8.014
1791642770.167 39290 17.876
1791642770.174 39295 11.965
1791642770.183 39300 6.813
1791642770.188 39298 17.474
1791642770.197 39303 12.202
1791642770.205 39308 6.645
1791642770.210 39306 17.302
1791642770.219 39311 11.978
1791642770.228 39316 6.665
1791642770.233 39314 17.326
1791642770.242 39319 11.918
1791642770.251 39324 6.651
1791642770.256 39322 17.313
1791642770.265 39327 12.562
1791642770.274 39332 7.175
1791642770.279 39330 17.834
1791642770.288 39335 12.243
1791642770.297 39338 13.019
1791642770.302 39340 12.383
1791642770.311 39343 12.274
1791642770.319 39346 13.304
1791642770.324 39348 12.669
1791642770.333 39351 12.303
1791642770.342 39356 7.204
1791642770.347 39354 17.859
1791642770.356 39359 12.165
1791642770.364 39362 12.834
1791642770.369 39364 12.199
1791642770.378 39367 12.265
1791642770.387 39372 7.202
1791642770.392 39370 17.859
1791642770.401 39375 12.229
1791642770.409 39380 7.178
1791642770.414 39378 17.833
1791642770.423 39383 12.163
1791642770.432 39388 7.207
1791642770.437 39386 17.867
1791642770.447 39391 12.599
1791642770.454 39396 6.693
1791642770.459 39394 17.342
1791642770.468 39399 12.176
1791642770.477 39404 6.676
1791642770.482 39402 17.343
1791642770.491 39407 11.829
1791642770.499 39410 12.264
1791642770.504 39412 11.626
1791642770.514 39415 11.996
1791642770.522 39420 6.719
1791642770.527 39418 17.379
1791642770.536 39423 12.005
1791642770.545 39428 6.689
1791642770.550 39426 17.329
1791642770.559 39431 12.109
1791642770.567 39436 6.804
1791642770.572 39434 17.463
1791642770.581 39439 12.016
1791642770.590 39442 12.838
1791642770.595 39444 12.203
1791642770.604 39447 12.254
1791642770.612 39452 6.687
1791642770.617 39450 17.351
1791642770.626 39455 12.156
1791642770.635 39460 6.595
1791642770.640 39458 17.260
1791642770.649 39463 11.855
1791642770.657 39468 6.608
1791642770.663 39466 17.272
1791642770.672 39471 12.141
1791642770.680 39474 12.370
1791642770.685 39476 11.732
1791642770.694 39479 11.757
1791642770.703 39482 12.304
1791642770.708 39484 11.660
1791642770.717 39487 11.820
1791642770.725 39492 6.723
1791642770.730 39490 17.384
1791642770.739 39495 11.753
1791642770.748 39500 6.639
1791642770.753 39498 17.297
1791642770.762 39503 11.857
1791642770.771 39506 12.690
1791642770.776 39508 12.048
1791642770.785 39511 11.936
1791642770.793 39514 12.432
1791642770.798 39516 11.797
1791642770.808 39519 11.925
1791642770.816 39522 12.894
1791642770.821 39524 12.253
1791642770.830 39527 12.284
1791642770.839 39532 7.178
1791642770.844 39530 17.834
1791642770.853 39535 11.712
1791642770.861 39538 12.190
1791642770.866 39540 11.562
1791642770.872 39543 8.743
1791642770.879 39546 7.314
1791642770.887 39548 10.238
1791642770.895 39551 9.949
1791642770.904 39554 10.252
1791642770.913 39556 12.915
1791642770.921 39559 12.739
1791642770.929 39564 7.093
1791642770.934 39562 17.749
1791642770.943 39567 12.260
1791642770.952 39570 12.804
1791642770.957 39572 12.167
1791642770.966 39575 11.725
1791642770.974 39580 6.778
1791642770.979 39578 17.440
1791642770.988 39583 11.594
1791642770.997 39588 6.622
1791642771.002 39586 17.299
1791642771.011 39591 11.639
1791642771.020 39596 7.156
1791642771.025 39594 17.812
1791642771.034 39599 11.822
1791642771.041 39602 11.461
1791642771.048 39604 12.351
1791642771.056 39607 12.769
1791642771.065 39610 12.924
1791642771.070 39612 12.288
1791642771.079 39615 12.226
1791642771.088 39620 7.130
1791642771.093 39618 17.788
1791642771.103 39623 13.163
1791642771.110 39626 12.706
1791642771.115 39628 12.075
1791642771.124 39631 11.675
1791642771.132 39634 11.843
1791642771.138 39636 11.853
1791642771.147 39639 12.568
1791642771.155 39642 12.831
1791642771.160 39644 12.194
1791642771.169 39647 12.114
1791642771.178 39650 12.862
1791642771.183 39652 12.224
1791642771.192 39655 12.030
1791642771.200 39658 12.336
1791642771.205 39660 11.696
1791642771.215 39663 12.097
1791642771.223 39666 12.654
1791642771.228 39668 12.015
1791642771.237 39671 11.976
1791642771.246 39676 6.900
1791642771.251 39674 17.558
1791642771.259 39679 11.995
1791642771.268 39682 12.621
1791642771.273 39684 11.976
1791642771.282 39687 12.099
1791642771.291 39690 12.330
1791642771.296 39692 11.683
1791642771.305 39695 12.456
1791642771.314 39700 7.095
1791642771.319 39698 17.752
1791642771.327 39703 11.736
1791642771.336 39706 12.223
1791642771.341 39708 11.581
1791642771.351 39711 12.359
1791642771.359 39714 12.851
1791642771.364 39716 12.214
1791642771.373 39719 12.353
1791642771.381 39724 7.170
1791642771.387 39722 17.822
1791642771.395 39727 12.127
1791642771.404 39732 7.117
1791642771.409 39730 17.773
1791642771.418 39735 12.036
1791642771.426 39738 12.237
1791642771.431 39740 11.596
1791642771.440 39743 11.709
1791642771.449 39748 6.783
1791642771.454 39746 17.445
1791642771.463 39751 11.777
1791642771.472 39756 7.670
1791642771.477 39754 18.330
1791642771.486 39759 11.786
1791642771.494 39762 12.390
1791642771.499 39764 11.753
1791642771.508 39767 11.864
1791642771.517 39772 7.235
1791642771.522 39770 17.895
1791642771.531 39775 12.085
1791642771.540 39778 12.808
1791642771.545 39780 12.170
1791642771.555 39783 13.062
1791642771.562 39786 12.663
1791642771.567 39788 11.990
1791642771.576 39791 11.764
1791642771.585 39794 12.438
1791642771.590 39796 11.812
1791642771.600 39799 12.951
1791642771.607 39802 12.545
1791642771.612 39804 11.925
1791642771.622 39807 12.188
1791642771.631 39812 7.734
1791642771.636 39810 18.409
1791642771.645 39815 12.773
1791642771.652 39820 6.667
1791642771.657 39818 17.314
1791642771.666 39823 11.534
1791642771.675 39828 6.804
1791642771.680 39826 17.462
1791642771.689 39831 11.648
1791642771.698 39834 12.371
1791642771.703 39836 11.744
1791642771.713 39839 12.791
1791642771.720 39842 12.405
1791642771.725 39844 11.777
1791642771.736 39847 13.218
1791642771.743 39850 12.485
1791642771.748 39852 11.821
1791642771.759 39855 13.206
1791642771.766 39860 7.248
1791642771.771 39858 17.583
1791642771.780 39863 12.239
1791642771.788 39868 7.175
1791642771.793 39866 17.831
1791642771.802 39871 12.168
1791642771.811 39874 12.878
1791642771.816 39876 12.245
1791642771.825 39879 12.378
1791642771.834 39884 7.318
1791642771.839 39882 17.973
1791642771.848 39887 12.197
1791642771.856 39890 12.775
1791642771.861 39892 12.141
1791642771.870 39895 12.156
1791642771.879 39900 7.376
1791642771.884 39898 18.089
1791642771.893 39903 11.715
1791642771.901 39906 12.349
1791642771.906 39908 11.715
1791642771.915 39911 12.321
1791642771.924 39914 12.395
1791642771.929 39916 11.752
1791642771.938 39919 12.248
1791642771.946 39924 6.560
1791642771.951 39922 17.218
1791642771.960 39927 11.742
1791642771.970 39932 7.373
1791642771.975 39930 18.028
1791642771.983 39935 11.798
1791642771.991 39940 6.739
1791642771.997 39938 17.415
1791642772.006 39943 11.917
1791642772.014 39948 6.616
1791642772.019 39946 17.274
1791642772.029 39951 12.162
1791642772.037 39956 7.160
1791642772.042 39954 17.818
1791642772.051 39959 12.245
1791642772.060 39964 7.225
1791642772.065 39962 17.881
1791642772.074 39967 12.145
1791642772.082 39972 7.065
1791642772.087 39970 17.729
1791642772.097 39975 12.419
1791642772.105 39980 7.223
1791642772.110 39978 17.881
1791642772.119 39983 12.208
1791642772.127 39988 7.094
1791642772.132 39986 17.744
1791642772.142 39991 12.108
1791642772.150 39996 7.102
1791642772.155 39994 17.758
1791642772.164 39999 12.223
1791642772.173 40004 7.196
1791642772.178 40002 17.853
1791642772.187 40007 12.235
1791642772.195 40012 7.110
1791642772.200 40010 17.770
1791642772.209 40015 11.942
1791642772.217 40018 12.258
1791642772.222 40020 11.620
1791642772.232 40023 12.236
1791642772.241 40028 7.142
1791642772.246 40026 17.799
1791642772.255 40031 12.206
1791642772.263 40034 12.815
1791642772.268 40036 12.177
1791642772.277 40039 11.654
1791642772.285 40044 6.597
1791642772.290 40042 17.264
1791642772.300 40047 11.783
1791642772.308 40052 6.616
1791642772.313 40050 17.274
1791642772.322 40055 11.819
1791642772.331 40060 6.857
1791642772.336 40058 17.517
1791642772.345 40063 11.672
1791642772.353 40068 6.636
1791642772.358 40066 17.300
1791642772.368 40071 12.139
1791642772.376 40074 12.926
1791642772.381 40076 12.293
1791642772.390 40079 12.225
1791642772.399 40084 7.161
1791642772.404 40082 17.781
1791642772.414 40087 12.484
1791642772.421 40090 12.245
1791642772.426 40092 11.607
1791642772.436 40095 12.167
1791642772.443 40098 11.915
1791642772.449 40100 11.995
1791642772.458 40103 12.337
1791642772.466 40108 6.812
1791642772.471 40106 17.474
1791642772.481 40111 12.227
1791642772.489 40116 7.100
1791642772.494 40114 17.757
1791642772.503 40119 11.807
1791642772.511 40124 6.589
1791642772.516 40122 17.251
1791642772.525 40127 11.648
1791642772.534 40132 6.817
1791642772.539 40130 17.476
1791642772.548 40135 11.785
1791642772.657 40140 107.089
1791642772.662 40138 117.754
1791642772.668 40146 101.306
1791642772.673 40154 83.701
1791642772.678 40162 66.110
1791642772.683 40170 48.523
1791642772.688 40148 115.709
1791642772.693 40156 98.109
1791642772.698 40164 80.514
1791642772.703 40172 62.919
1791642772.708 40143 149.679
1791642772.713 40151 131.716
1791642772.718 40159 114.457
1791642772.723 40167 96.495
1791642772.728 40175 79.104
1791642772.734 40180 71.439
1791642772.739 40188 53.850
1791642772.744 40196 36.250
1791642772.749 40183 77.435
1791642772.754 40191 59.796
1791642772.759 40199 42.209
1791642772.764 40178 107.155
1791642772.769 40186 89.556
1791642772.775 40194 71.958
1791642772.781 40204 49.760
1791642772.786 40212 32.174
1791642772.791 40202 65.452
1791642772.796 40210 47.857
1791642772.801 40207 60.782
1791642772.806 40215 43.222
1791642772.812 40220 35.836
1791642772.817 40228 18.247
1791642772.822 40223 36.709
1791642772.827 40218 56.535
1791642772.832 40226 38.935
1791642772.838 40236 16.757
1791642772.843 40234 27.418
1791642772.848 40231 40.296
1791642772.854 40244 10.183
1791642772.859 40239 28.748
1791642772.864 40242 25.854
1791642772.870 40247 16.983
1791642772.876 40252 9.130
1791642772.881 40250 19.791
1791642772.887 40255 11.601
1791642772.896 40258 12.864
1791642772.901 40260 12.226
1791642772.910 40263 11.815
1791642772.918 40266 12.322
1791642772.923 40268 11.678
1791642772.932 40271 11.962
1791642772.941 40274 12.390
1791642772.946 40276 11.748
1791642772.955 40279 11.892
1791642772.964 40284 6.769
1791642772.969 40282 17.432
1791642772.978 40287 11.858
1791642772.986 40292 6.685
1791642772.991 40290 17.346
1791642773.000 40295 11.778
1791642773.009 40298 12.408
1791642773.014 40300 11.764
1791642773.023 40303 12.035
1791642773.031 40308 6.710
1791642773.036 40306 17.367
1791642773.045 40311 11.762
1791642773.054 40316 6.679
1791642773.059 40314 17.333
1791642773.069 40319 12.640
1791642773.077 40322 12.378
1791642773.082 40324 11.743
1791642773.091 40327 12.252
1791642773.100 40330 12.878
1791642773.105 40332 12.241
1791642773.114 40335 12.282
1791642773.122 40340 6.726
1791642773.127 40338 17.386
1791642773.136 40343 12.197
1791642773.145 40346 12.732
1791642773.150 40348 12.093
1791642773.159 40351 12.196
1791642773.168 40356 7.382
1791642773.173 40354 18.037
1791642773.182 40359 12.148
1791642773.190 40364 7.450
1791642773.195 40362 18.107
1791642773.204 40367 12.105
1791642773.213 40372 7.121
1791642773.218 40370 17.779
1791642773.227 40375 12.198
1791642773.235 40380 7.095
1791642773.240 40378 17.751
1791642773.249 40383 12.268
1791642773.258 40386 13.083
1791642773.263 40388 12.446
1791642773.272 40391 12.204
1791642773.280 40394 12.320
1791642773.285 40396 11.684
1791642773.295 40399 12.193
1791642773.303 40404 6.584
1791642773.308 40402 17.243
1791642773.313 40407 9.018
1791642773.320 40410 7.256
1791642773.328 40412 9.318
1791642773.337 40415 9.858
1791642773.345 40418 9.909
1791642773.354 40420 13.215
1791642773.363 40423 12.824
1791642773.371 40426 12.924
1791642773.376 40428 12.288
1791642773.385 40431 12.053
1791642773.393 40436 6.800
1791642773.398 40434 17.454
1791642773.407 40439 12.116
1791642773.416 40444 6.697
1791642773.421 40442 17.358
1791642773.430 40447 12.112
1791642773.439 40450 12.861
1791642773.444 40452 12.222
1791642773.453 40455 12.082
1791642773.461 40458 12.280
1791642773.466 40460 11.641
1791642773.475 40463 11.755
1791642773.484 40466 12.912
1791642773.489 40468 12.278
1791642773.498 40471 12.334
1791642773.507 40474 12.757
1791642773.512 40476 12.130
1791642773.520 40479 11.787
1791642773.529 40484 6.679
1791642773.534 40482 17.342
1791642773.543 40487 11.821
1791642773.551 40492 6.584
1791642773.556 40490 17.243
1791642773.566 40495 12.349
1791642773.575 40498 12.972
1791642773.580 40500 12.362
1791642773.589 40503 12.178
1791642773.597 40508 6.610
1791642773.602 40506 17.267
1791642773.607 40511 8.897
1791642773.614 40514 6.709
1791642773.622 40516 9.943
1791642773.631 40519 9.567
1791642773.639 40522 9.790
1791642773.648 40524 12.440
1791642773.656 40527 12.365
1791642773.664 40530 12.369
1791642773.669 40532 11.729
1791642773.678 40535 11.594
1791642773.688 40538 12.905
1791642773.693 40540 12.268
1791642773.701 40543 11.979
1791642773.710 40548 6.612
1791642773.715 40546 17.278
1791642773.725 40551 13.140
1791642773.733 40556 7.239
1791642773.738 40554 17.587
1791642773.747 40559 12.201
1791642773.755 40564 7.301
1791642773.760 40562 17.960
1791642773.769 40567 12.215
1791642773.778 40572 7.335
1791642773.783 40570 17.994
1791642773.792 40575 12.141
1791642773.801 40580 7.127
1791642773.806 40578 17.781
1791642773.814 40583 11.906
1791642773.823 40586 12.387
1791642773.828 40588 11.753
1791642773.837 40591 11.839
1791642773.845 40594 12.490
1791642773.850 40596 11.851
1791642773.859 40599 11.962
1791642773.868 40602 12.912
1791642773.873 40604 12.274
1791642773.883 40607 12.470
1791642773.891 40612 7.330
1791642773.896 40610 17.977
1791642773.905 40615 12.405
1791642773.913 40620 7.075
1791642773.918 40618 17.729
1791642773.928 40623 12.249
1791642773.936 40628 7.184
1791642773.941 40626 17.841
1791642773.950 40631 12.087
1791642773.959 40634 12.764
1791642773.964 40636 12.120
1791642773.973 40639 12.415
1791642773.982 40642 13.105
1791642773.987 40644 12.469
1791642773.996 40647 12.292
1791642774.004 40650 12.758
1791642774.009 40652 12.123
1791642774.018 40655 12.175
1791642774.027 40660 7.078
1791642774.032 40658 17.733
1791642774.041 40663 12.188
1791642774.049 40668 7.090
1791642774.054 40666 17.747
1791642774.063 40671 12.207
1791642774.072 40674 12.971
1791642774.077 40676 12.339
1791642774.086 40679 12.195
1791642774.094 40682 12.777
1791642774.099 40684 12.139
1791642774.108 40687 12.175
1791642774.117 40692 7.314
1791642774.122 40690 17.970
1791642774.131 40695 12.126
1791642774.140 40698 12.742
1791642774.145 40700 12.111
1791642774.154 40703 12.229
1791642774.162 40706 13.028
1791642774.167 40708 12.395
1791642774.176 40711 12.221
1791642774.185 40714 12.888
1791642774.190 40716 12.251
1791642774.198 40719 11.597
1791642774.207 40724 6.620
1791642774.212 40722 17.279
1791642774.221 40727 11.851
1791642774.230 40730 12.275
1791642774.235 40732 11.643
1791642774.244 40735 11.758
1791642774.252 40738 12.409
1791642774.257 40740 11.776
1791642774.267 40743 12.560
1791642774.275 40746 12.243
1791642774.280 40748 11.615
1791642774.289 40751 11.793
1791642774.297 40756 6.611
1791642774.302 40754 17.274
1791642774.311 40759 11.619
1791642774.320 40762 12.213
1791642774.325 40764 11.581
1791642774.334 40767 11.535
1791642774.343 40770 12.347
1791642774.348 40772 11.707
1791642774.357 40775 12.308
1791642774.366 40778 12.889
1791642774.371 40780 12.257
1791642774.381 40783 13.257
1791642774.389 40786 12.933
1791642774.394 40788 12.345
1791642774.403 40791 12.334
1791642774.411 40794 13.020
1791642774.416 40796 12.386
1791642774.425 40799 12.214
1791642774.434 40804 7.224
1791642774.439 40802 17.892
1791642774.448 40807 12.159
1791642774.456 40812 7.106
1791642774.461 40810 17.761
1791642774.470 40815 12.061
1791642774.479 40820 7.093
1791642774.484 40818 17.745
1791642774.493 40823 12.198
1791642774.502 40826 13.137
1791642774.507 40828 12.499
1791642774.515 40831 12.163
1791642774.524 40834 12.684
1791642774.529 40836 12.047
1791642774.538 40839 12.239
1791642774.547 40844 7.310
1791642774.552 40842 17.961
1791642774.561 40847 12.229
1791642774.569 40852 7.084
1791642774.574 40850 17.742
1791642774.583 40855 12.141
1791642774.592 40860 7.157
1791642774.597 40858 17.813
1791642774.606 40863 12.224
1791642774.614 40866 12.325
1791642774.619 40868 11.683
1791642774.629 40871 12.366
1791642774.636 40874 11.531
1791642774.642 40876 12.307
1791642774.650 40879 12.134
1791642774.660 40882 12.800
1791642774.665 40884 12.089
1791642774.674 40887 12.122
1791642774.682 40890 12.738
1791642774.687 40892 12.102
1791642774.696 40895 12.200
1791642774.705 40900 7.166
1791642774.710 40898 17.822
1791642774.719 40903 12.221
1791642774.727 40908 7.169
1791642774.732 40906 17.817
1791642774.742 40911 12.166
1791642774.750 40914 13.133
1791642774.755 40916 12.487
1791642774.765 40919 12.566
1791642774.773 40924 7.134
1791642774.778 40922 17.782
1791642774.787 40927 12.260
1791642774.795 40930 12.257
1791642774.800 40932 11.617
1791642774.809 40935 11.843
1791642774.817 40938 12.215
1791642774.822 40940 11.574
1791642774.832 40943 12.188
1791642774.840 40948 6.625
1791642774.845 40946 17.285
1791642774.854 40951 12.006
1791642774.863 40954 12.859
1791642774.868 40956 12.220
1791642774.877 40959 12.173
1791642774.885 40962 12.243
1791642774.890 40964 11.599
1791642774.899 40967 11.759
1791642774.908 40970 12.268
1791642774.913 40972 11.626
1791642774.922 40975 11.648
1791642774.930 40980 6.609
1791642774.935 40978 17.270
1791642774.944 40983 11.604
1791642774.953 40988 6.665
1791642774.958 40986 17.324
1791642774.967 40991 11.871
1791642774.976 40994 12.286
1791642774.981 40996 11.651
1791642774.990 40999 11.611
1791642774.999 41004 7.131
1791642775.004 41002 17.790
1791642775.012 41007 11.622
1791642775.021 41010 12.338
1791642775.026 41012 11.694
1791642775.036 41015 12.568
1791642775.043 41018 12.123
1791642775.048 41020 11.487
1791642775.058 41023 11.760
1791642775.067 41026 12.831
1791642775.072 41028 12.195
1791642775.081 41031 12.111
1791642775.089 41036 6.586
1791642775.094 41034 17.245
1791642775.099 41039 8.848
1791642775.106 41042 6.822
1791642775.114 41044 9.327
1791642775.123 41047 9.511
1791642775.131 41050 9.518
1791642775.140 41052 12.636
1791642775.148 41055 12.157
1791642775.157 41058 13.056
1791642775.162 41060 12.420
1791642775.171 41063 11.835
1791642775.179 41068 6.566
1791642775.184 41066 17.225
1791642775.190 41071 8.737
1791642775.197 41074 7.100
1791642775.205 41076 9.877
1791642775.213 41079 9.820
1791642775.222 41082 10.113
1791642775.231 41084 12.936
1791642775.239 41087 12.707
1791642775.247 41090 12.747
1791642775.252 41092 12.111
1791642775.261 41095 12.082
1791642775.270 41100 7.140
1791642775.275 41098 17.793
1791642775.284 41103 12.106
1791642775.393 41108 107.052
1791642775.398 41106 117.708
1791642775.404 41116 95.761
1791642775.409 41124 78.165
1791642775.414 41132 60.560
1791642775.419 41140 42.961
1791642775.424 41111 129.363
1791642775.429 41119 112.079
1791642775.434 41127 94.511
1791642775.439 41135 76.779
1791642775.444 41143 59.189
1791642775.449 41114 146.515
1791642775.454 41122 128.917
1791642775.459 41130 111.309
1791642775.464 41138 93.712
1791642775.470 41146 77.267
1791642775.475 41154 59.669
1791642775.480 41162 42.075
1791642775.485 41151 77.581
1791642775.490 41159 59.984
1791642775.495 41167 42.427
1791642775.500 41148 101.658
1791642775.505 41156 84.083
1791642775.510 41164 66.481
1791642775.516 41172 49.940
1791642775.521 41180 32.343
1791642775.526 41175 50.908
1791642775.531 41183 33.321
1791642775.536 41170 75.638
1791642775.541 41178 58.042
1791642775.547 41186 41.541
1791642775.552 41194 23.945
1791642775.557 41191 36.890
1791642775.562 41188 50.907
1791642775.568 41196 33.322
1791642775.573 41204 16.691
1791642775.579 41199 35.233
1791642775.584 41202 32.364
1791642775.589 41212 9.925
1791642775.594 41210 20.586
1791642775.599 41207 33.521
1791642775.605 41215 16.719
1791642775.611 41220 8.922
1791642775.616 41218 19.584
1791642775.623 41223 12.196
1791642775.631 41228 6.689
1791642775.636 41226 17.346
1791642775.645 41231 11.927
1791642775.654 41236 6.671
1791642775.659 41234 17.335
1791642775.670 41239 13.335
1791642775.677 41244 6.717
1791642775.682 41242 17.369
1791642775.692 41247 12.613
1791642775.699 41252 6.662
1791642775.704 41250 17.317
1791642775.713 41255 11.755
1791642775.722 41258 12.428
1791642775.727 41260 11.784
1791642775.736 41263 11.933
1791642775.745 41266 12.769
1791642775.750 41268 12.127
1791642775.758 41271 11.582
1791642775.767 41274 12.336
1791642775.772 41276 11.751
1791642775.781 41279 12.243
1791642775.790 41282 12.896
1791642775.795 41284 12.256
1791642775.804 41287 12.134
1791642775.813 41290 12.934
1791642775.818 41292 12.302
1791642775.827 41295 12.212
1791642775.835 41298 12.400
1791642775.840 41300 11.761
1791642775.849 41303 11.801
1791642775.857 41308 6.491
1791642775.862 41306 17.109
1791642775.871 41311 11.681
1791642775.880 41314 12.524
1791642775.885 41316 11.891
1791642775.895 41319 12.113
1791642775.902 41324 6.583
1791642775.908 41322 17.247
1791642775.917 41327 12.158
1791642775.925 41330 12.285
1791642775.930 41332 11.643
1791642775.941 41335 12.919
1791642775.950 41340 9.283
1791642775.955 41338 17.774
1791642775.961 41343 11.445
1791642775.967 41346 8.576
1791642775.974 41348 9.836
1791642775.982 41351 9.881
1791642775.991 41354 10.114
1791642775.999 41356 12.921
1791642776.008 41359 12.729
1791642776.016 41364 7.142
1791642776.021 41362 17.798
1791642776.030 41367 12.102
1791642776.039 41372 7.255
1791642776.044 41370 17.911
1791642776.053 41375 12.239
1791642776.061 41378 12.805
1791642776.066 41380 12.168
1791642776.075 41383 12.185
1791642776.084 41386 12.796
1791642776.089 41388 12.168
1791642776.098 41391 12.084
1791642776.106 41396 7.096
1791642776.111 41394 17.746
1791642776.121 41399 12.845
1791642776.129 41402 12.780
1791642776.134 41404 12.144
1791642776.143 41407 11.830
1791642776.151 41410 12.257
1791642776.156 41412 11.618
1791642776.165 41415 11.859
1791642776.174 41420 6.714
1791642776.179 41418 17.373
1791642776.188 41423 11.789
1791642776.197 41426 12.364
1791642776.202 41428 11.721
1791642776.211 41431 11.771
1791642776.219 41436 6.635
1791642776.224 41434 17.300
1791642776.234 41439 12.496
1791642776.242 41444 6.654
1791642776.247 41442 17.309
1791642776.256 41447 11.825
1791642776.264 41450 12.268
1791642776.269 41452 11.627
1791642776.279 41455 11.800
1791642776.288 41458 12.945
1791642776.293 41460 12.301
1791642776.301 41463 11.839
1791642776.309 41468 6.628
1791642776.314 41466 17.288
1791642776.324 41471 11.837
1791642776.332 41476 6.923
1791642776.337 41474 17.584
1791642776.346 41479 11.836
1791642776.355 41484 6.584
1791642776.360 41482 17.247
1791642776.369 41487 12.148
1791642776.378 41492 7.309
1791642776.383 41490 17.969
1791642776.392 41495 12.236
1791642776.400 41500 7.149
1791642776.405 41498 17.803
1791642776.414 41503 12.123
1791642776.423 41508 7.067
1791642776.428 41506 17.722
1791642776.437 41511 12.112
1791642776.446 41516 7.123
1791642776.451 41514 17.789
1791642776.460 41519 12.196
1791642776.468 41524 7.229
1791642776.473 41522 17.885
1791642776.482 41527 12.303
1791642776.491 41530 12.864
1791642776.496 41532 12.229
1791642776.505 41535 12.229
1791642776.514 41538 12.884
1791642776.519 41540 12.250
1791642776.528 41543 12.159
1791642776.536 41548 7.077
1791642776.541 41546 17.731
1791642776.550 41551 12.120
1791642776.559 41554 12.797
1791642776.564 41556 12.162
1791642776.573 41559 12.123
1791642776.581 41564 7.141
1791642776.586 41562 17.796
1791642776.595 41567 12.185
1791642776.604 41570 12.720
1791642776.609 41572 12.083
1791642776.618 41575 12.053
1791642776.627 41578 12.808
1791642776.632 41580 12.176
1791642776.641 41583 12.166
1791642776.649 41586 12.856
1791642776.654 41588 12.221
1791642776.663 41591 12.145
1791642776.672 41594 12.735
1791642776.677 41596 12.099
1791642776.686 41599 12.233
1791642776.694 41604 6.652
1791642776.699 41602 17.311
1791642776.705 41607 8.896
1791642776.711 41610 7.049
1791642776.720 41612 9.910
1791642776.728 41615 10.036
1791642776.737 41618 10.186
1791642776.745 41620 12.954
1791642776.754 41623 12.771
1791642776.762 41628 7.100
1791642776.767 41626 17.755
1791642776.776 41631 11.832
1791642776.785 41636 7.122
1791642776.790 41634 17.771
1791642776.798 41639 11.696
1791642776.807 41642 12.301
1791642776.812 41644 11.659
1791642776.821 41647 11.943
1791642776.830 41652 6.677
1791642776.835 41650 17.338
1791642776.843 41655 11.972
1791642776.853 41660 7.108
1791642776.858 41658 17.764
1791642776.866 41663 11.754
1791642776.875 41666 12.871
1791642776.880 41668 12.244
1791642776.890 41671 13.214
1791642776.897 41676 6.730
1791642776.902 41674 17.391
1791642776.912 41679 12.159
1791642776.920 41682 12.741
1791642776.925 41684 12.103
1791642776.934 41687 11.765
1791642776.942 41690 12.118
1791642776.947 41692 11.475
1791642776.956 41695 11.565
1791642776.965 41700 6.897
1791642776.970 41698 17.555
1791642776.979 41703 11.915
1791642777.089 41706 113.216
1791642777.094 41708 112.583
1791642777.100 41716 96.285
1791642777.105 41724 78.684
1791642777.110 41732 61.086
1791642777.115 41740 43.488
1791642777.120 41711 130.062
1791642777.125 41719 112.340
1791642777.130 41727 94.701
1791642777.135 41735 77.076
1791642777.140 41743 59.865
1791642777.145 41714 147.015
1791642777.150 41722 129.421
1791642777.155 41730 111.820
1791642777.160 41738 94.222
1791642777.166 41748 72.049
1791642777.171 41756 54.458
1791642777.176 41764 36.860
1791642777.181 41751 78.072
1791642777.186 41759 60.457
1791642777.191 41767 42.856
1791642777.196 41746 107.762
1791642777.201 41754 90.169
1791642777.206 41762 72.570
1791642777.212 41775 41.373
1791642777.217 41783 23.777
1791642777.222 41772 60.423
1791642777.227 41780 42.830
1791642777.232 41770 76.097
1791642777.237 41778 58.497
1791642777.243 41786 41.969
1791642777.248 41794 24.367
1791642777.254 41791 37.298
1791642777.259 41788 51.333
1791642777.264 41796 33.740
1791642777.270 41802 22.767
1791642777.275 41799 35.683
1791642777.280 41804 27.135
1791642777.285 41807 24.072
1791642777.290 41810 21.175
1791642777.295 41812 20.506
1791642777.306 41815 21.562
1791642777.312 41818 20.054
1791642777.317 41820 19.418
1791642777.323 41823 16.055
1791642777.328 41828 8.216
1791642777.333 41826 18.876
1791642777.339 41831 10.354
1791642777.345 41834 7.566
1791642777.353 41836 9.858
1791642777.361 41839 9.830
1791642777.370 41842 10.129
1791642777.378 41844 13.034
1791642777.387 41847 12.850
1791642777.395 41850 12.752
1791642777.400 41852 12.116
1791642777.409 41855 12.340
1791642777.418 41860 7.343
1791642777.423 41858 18.006
1791642777.432 41863 12.301
1791642777.441 41866 12.919
1791642777.446 41868 12.289
1791642777.455 41871 12.159
1791642777.463 41876 7.250
1791642777.468 41874 17.906
1791642777.477 41879 12.122
1791642777.486 41884 7.195
1791642777.491 41882 17.848
1791642777.500 41887 12.234
1791642777.609 41892 107.855
1791642777.614 41890 118.516
1791642777.620 41900 96.658
1791642777.625 41908 79.058
1791642777.630 41916 61.468
1791642777.635 41924 43.883
1791642777.640 41895 130.232
1791642777.645 41903 112.572
1791642777.650 41911 95.352
1791642777.655 41919 77.477
1791642777.660 41927 59.923
1791642777.665 41898 147.440
1791642777.670 41906 129.842
1791642777.675 41914 112.249
1791642777.680 41922 94.642
1791642777.687 41932 72.707
1791642777.692 41940 55.072
1791642777.697 41948 37.514
1791642777.702 41935 78.435
1791642777.707 41943 60.760
1791642777.712 41951 43.409
1791642777.717 41930 108.449
1791642777.722 41938 90.726
1791642777.727 41946 73.141
1791642777.733 41956 51.266
1791642777.738 41964 33.668
1791642777.743 41959 52.115
1791642777.748 41967 34.518
1791642777.753 41954 76.951
1791642777.758 41962 59.355
1791642777.764 41972 37.290
1791642777.769 41980 19.690
1791642777.774 41970 52.962
1791642777.779 41978 35.360
1791642777.784 41975 48.151
1791642777.790 41983 31.491
1791642777.795 41988 23.058
1791642777.800 41986 33.714
1791642777.806 41994 16.852
1791642777.811 41996 16.214
1791642777.816 41991 34.793
1791642777.822 41999 18.050
1791642777.828 42002 15.916
1791642777.833 42004 15.275
1791642777.839 42007 12.371
1791642777.847 42010 12.300
1791642777.852 42012 11.657
1791642777.861 42015 11.808
1791642777.869 42020 6.496
1791642777.874 42018 17.157
1791642777.884 42023 11.604
1791642777.893 42028 7.724
1791642777.898 42026 17.481
1791642777.906 42031 11.644
1791642777.916 42036 7.965
1791642777.921 42034 17.323
1791642777.929 42039 11.960
1791642777.938 42044 7.131
1791642777.943 42042 17.793
1791642777.952 42047 12.165
1791642777.960 42052 7.044
1791642777.965 42050 17.696
1791642777.974 42055 12.128
1791642777.983 42060 7.050
1791642777.988 42058 17.703
1791642777.997 42063 12.183
1791642778.006 42068 7.125
1791642778.011 42066 17.777
1791642778.020 42071 12.091
1791642778.028 42076 7.105
1791642778.033 42074 17.762
1791642778.042 42079 12.110
1791642778.051 42084 7.002
1791642778.056 42082 17.657
1791642778.064 42087 11.761
1791642778.073 42092 6.611
1791642778.078 42090 17.271
1791642778.084 42095 8.801
1791642778.090 42098 6.826
1791642778.099 42100 9.883
1791642778.107 42103 9.390
1791642778.115 42106 9.644
1791642778.124 42108 12.889
1791642778.132 42111 12.310
1791642778.143 42116 8.440
1791642778.148 42114 17.886
1791642778.156 42119 12.452
1791642778.163 42124 6.609
1791642778.168 42122 17.269
1791642778.174 42127 8.940
1791642778.180 42130 6.494
1791642778.189 42132 9.851
1791642778.198 42135 9.865
1791642778.206 42138 9.694
1791642778.214 42140 12.489
1791642778.223 42143 12.167
1791642778.231 42148 6.731
1791642778.236 42146 17.390
1791642778.245 42151 11.938
1791642778.355 42154 113.257
1791642778.360 42156 112.618
1791642778.366 42159 109.759
1791642778.371 42167 92.132
1791642778.376 42175 74.813
1791642778.381 42183 57.195
1791642778.386 42191 39.386
1791642778.391 42162 126.831
1791642778.396 42170 109.244
1791642778.401 42178 91.641
1791642778.406 42186 74.045
1791642778.411 42164 141.228
1791642778.416 42172 123.642
1791642778.421 42180 106.042
1791642778.426 42188 88.453
1791642778.432 42199 62.961
1791642778.437 42207 45.341
1791642778.442 42215 27.708
1791642778.447 42196 87.025
1791642778.452 42204 69.441
1791642778.457 42212 51.845
1791642778.462 42194 107.715
1791642778.467 42202 90.122
1791642778.472 42210 72.519
1791642778.478 42220 50.383
1791642778.483 42228 32.790
1791642778.488 42223 51.366
1791642778.493 42231 33.798
1791642778.498 42218 76.077
1791642778.503 42226 58.494
1791642778.510 42234 42.033
1791642778.515 42242 24.432
1791642778.520 42239 37.371
1791642778.525 42236 51.399
1791642778.530 42244 33.829
1791642778.536 42252 17.293
1791642778.541 42250 27.953
1791642778.546 42247 40.757
1791642778.552 42255 24.315
1791642778.557 42260 15.742
1791642778.562 42258 26.421
1791642778.568 42263 17.908
1791642778.573 42266 15.374
1791642778.578 42268 14.731
1791642778.585 42271 12.016
1791642778.593 42276 6.611
1791642778.598 42274 17.271
1791642778.607 42279 11.857
1791642778.615 42284 6.627
1791642778.620 42282 17.289
1791642778.630 42287 11.744
1791642778.638 42290 12.394
1791642778.643 42292 11.752
1791642778.652 42295 11.745
1791642778.661 42300 6.621
1791642778.666 42298 17.287
1791642778.675 42303 11.789
1791642778.683 42308 6.542
1791642778.688 42306 17.201
1791642778.698 42311 12.130
1791642778.706 42316 7.064
1791642778.711 42314 17.716
1791642778.721 42319 12.238
1791642778.729 42324 7.110
1791642778.734 42322 17.767
1791642778.743 42327 12.123
1791642778.752 42330 12.721
1791642778.757 42332 12.089
1791642778.766 42335 12.165
1791642778.774 42340 7.075
1791642778.779 42338 17.735
1791642778.788 42343 12.208
1791642778.797 42346 12.808
1791642778.802 42348 12.168
1791642778.811 42351 12.244
1791642778.819 42356 7.105
1791642778.824 42354 17.760
1791642778.835 42359 13.231
1791642778.841 42362 12.197
1791642778.847 42364 11.565
1791642778.856 42367 12.209
1791642778.865 42372 7.113
1791642778.870 42370 17.766
1791642778.878 42375 11.645
1791642778.888 42378 12.353
1791642778.893 42380 12.849
1791642778.901 42383 12.314
1791642778.909 42388 6.706
1791642778.914 42386 17.365
1791642778.924 42391 11.641
1791642778.932 42396 6.600
1791642778.937 42394 17.261
1791642778.947 42399 12.331
1791642778.956 42404 7.640
1791642778.961 42402 18.296
1791642778.969 42407 12.222
1791642778.978 42410 12.760
1791642778.983 42412 12.125
1791642778.991 42415 11.604
1791642779.000 42420 6.616
1791642779.005 42418 16.595
1791642779.014 42423 12.046
1791642779.022 42428 6.667
1791642779.027 42426 17.326
1791642779.036 42431 11.954
1791642779.046 42436 7.100
1791642779.051 42434 17.710
1791642779.060 42439 12.290
1791642779.068 42442 12.836
1791642779.073 42444 12.197
1791642779.082 42447 11.662
1791642779.090 42450 12.323
1791642779.095 42452 11.680
1791642779.104 42455 11.643
1791642779.113 42460 6.574
1791642779.118 42458 17.235
1791642779.128 42463 12.597
1791642779.136 42466 12.286
1791642779.141 42468 11.678
1791642779.150 42471 11.602
1791642779.158 42474 12.474
1791642779.163 42476 11.842
1791642779.172 42479 11.901
1791642779.181 42482 12.311
1791642779.186 42484 11.682
1791642779.195 42487 11.690
1791642779.203 42490 12.286
1791642779.208 42492 11.647
1791642779.218 42495 12.496
1791642779.226 42498 12.301
1791642779.231 42500 11.707
1791642779.240 42503 11.598
1791642779.249 42506 12.318
1791642779.254 42508 11.684
1791642779.263 42511 11.713
1791642779.271 42516 6.706
1791642779.276 42514 17.366
1791642779.286 42519 12.282
1791642779.294 42524 7.107
1791642779.299 42522 17.766
1791642779.308 42527 12.157
1791642779.316 42532 6.737
1791642779.321 42530 17.393
1791642779.331 42535 11.802
1791642779.339 42538 12.295
1791642779.344 42540 11.654
1791642779.353 42543 11.692
1791642779.361 42546 12.174
1791642779.366 42548 11.539
1791642779.376 42551 12.146
1791642779.385 42554 12.714
1791642779.390 42556 12.080
1791642779.399 42559 12.098
1791642779.407 42564 7.026
1791642779.412 42562 17.683
1791642779.421 42567 12.170
1791642779.430 42572 7.082
1791642779.435 42570 17.738
1791642779.444 42575 12.265
1791642779.453 42578 12.849
1791642779.458 42580 12.215
1791642779.467 42583 12.208
1791642779.475 42586 12.888
1791642779.480 42588 12.249
1791642779.489 42591 12.084
1791642779.498 42596 7.050
1791642779.503 42594 17.698
1791642779.512 42599 12.176
1791642779.520 42602 12.703
1791642779.525 42604 12.067
1791642779.534 42607 12.175
1791642779.543 42610 12.818
1791642779.548 42612 12.181
1791642779.557 42615 11.714
1791642779.566 42620 7.213
1791642779.571 42618 17.867
1791642779.580 42623 12.132
1791642779.588 42626 12.272
1791642779.593 42628 11.640
1791642779.602 42631 11.710
1791642779.611 42634 12.794
1791642779.616 42636 12.158
1791642779.625 42639 12.235
1791642779.633 42642 12.803
1791642779.638 42644 12.161
1791642779.647 42647 12.178
1791642779.656 42650 12.574
1791642779.661 42652 11.936
1791642779.670 42655 11.719
1791642779.678 42658 12.354
1791642779.683 42660 11.722
1791642779.692 42663 11.707
1791642779.701 42668 7.234
1791642779.706 42666 17.889
1791642779.715 42671 12.235
1791642779.723 42676 6.624
1791642779.728 42674 17.292
1791642779.738 42679 12.100
1791642779.746 42682 12.197
1791642779.751 42684 11.555
1791642779.760 42687 11.678
1791642779.769 42692 6.682
1791642779.774 42690 17.342
1791642779.783 42695 11.773
1791642779.791 42698 12.153
1791642779.796 42700 11.516
1791642779.805 42703 11.773
1791642779.814 42706 12.343
1791642779.819 42708 11.698
1791642779.828 42711 11.909
1791642779.836 42714 12.306
1791642779.841 42716 11.666
1791642779.850 42719 11.971
1791642779.859 42722 12.376
1791642779.864 42724 11.743
1791642779.873 42727 11.724
1791642779.881 42732 6.547
1791642779.886 42730 17.209
1791642779.896 42735 11.604
1791642779.904 42740 6.595
1791642779.909 42738 17.254
1791642779.918 42743 11.660
1791642779.927 42748 6.733
1791642779.932 42746 17.394
1791642779.941 42751 11.923
1791642779.949 42756 6.650
1791642779.954 42754 17.312
1791642779.964 42759 11.783
1791642779.972 42762 12.664
1791642779.977 42764 12.021
1791642779.986 42767 12.089
1791642779.995 42772 6.999
1791642780.000 42770 17.657
1791642780.009 42775 12.059
1791642780.017 42778 12.537
1791642780.022 42780 11.895
1791642780.031 42783 11.687
1791642780.040 42786 12.564
1791642780.045 42788 11.925
1791642780.054 42791 12.102
1791642780.063 42796 7.102
1791642780.068 42794 17.759
1791642780.076 42799 11.568
1791642780.085 42802 12.310
1791642780.090 42804 11.671
1791642780.099 42807 11.784
1791642780.108 42810 12.844
1791642780.113 42812 12.207
1791642780.122 42815 11.623
1791642780.131 42818 12.975
1791642780.136 42820 12.338
1791642780.144 42823 11.600
1791642780.154 42826 12.318
1791642780.159 42828 12.790
1791642780.167 42831 11.973
1791642780.175 42834 12.272
1791642780.180 42836 11.630
1791642780.190 42839 11.848
1791642780.198 42844 6.719
1791642780.203 42842 17.378
1791642780.212 42847 11.773
1791642780.221 42852 7.049
1791642780.226 42850 17.705
1791642780.235 42855 11.701
1791642780.243 42860 6.711
1791642780.248 42858 17.374
1791642780.257 42863 11.797
1791642780.266 42868 6.543
1791642780.271 42866 17.206
1791642780.280 42871 11.778
1791642780.289 42874 12.821
1791642780.294 42876 12.179
1791642780.303 42879 12.136
1791642780.312 42882 12.739
1791642780.317 42884 12.111
1791642780.326 42887 12.300
1791642780.334 42890 12.901
1791642780.339 42892 12.264
1791642780.348 42895 12.135
1791642780.357 42898 12.760
1791642780.362 42900 12.128
1791642780.371 42903 12.197
1791642780.379 42908 7.148
1791642780.384 42906 17.806
1791642780.393 42911 11.714
1791642780.402 42914 12.420
1791642780.407 42916 11.754
1791642780.416 42919 12.185
1791642780.424 42922 12.280
1791642780.429 42924 11.641
1791642780.439 42927 11.995
1791642780.447 42930 12.242
1791642780.452 42932 11.603
1791642780.461 42935 11.596
1791642780.469 42940 6.614
1791642780.474 42938 17.275
1791642780.484 42943 11.714
1791642780.492 42946 12.477
1791642780.497 42948 11.841
1791642780.506 42951 11.774
1791642780.515 42954 12.434
1791642780.520 42956 11.791
1791642780.529 42959 11.751
1791642780.537 42964 6.619
1791642780.542 42962 17.281
1791642780.552 42967 12.284
1791642780.560 42972 6.715
1791642780.565 42970 17.380
1791642780.574 42975 12.170
1791642780.582 42978 12.236
1791642780.587 42980 11.593
1791642780.596 42983 11.877
1791642780.605 42986 12.386
1791642780.610 42988 11.740
1791642780.619 42991 11.962
1791642780.628 42996 7.201
1791642780.633 42994 17.477
1791642780.642 42999 11.583
1791642780.650 43004 6.709
1791642780.655 43002 17.364
1791642780.665 43007 12.493
1791642780.673 43010 12.240
1791642780.678 43012 11.614
1791642780.687 43015 11.623
1791642780.695 43020 6.678
1791642780.700 43018 16.813
1791642780.710 43023 12.016
1791642780.718 43028 6.585
1791642780.723 43026 17.244
1791642780.729 43031 8.892
1791642780.735 43034 6.854
1791642780.743 43036 9.306
1791642780.752 43039 9.341
1791642780.761 43042 9.735
1791642780.769 43044 12.470
1791642780.777 43047 12.211
1791642780.787 43052 7.402
1791642780.792 43050 18.062
1791642780.800 43055 12.178
1791642780.809 43060 7.114
1791642780.814 43058 17.771
1791642780.823 43063 12.173
1791642780.831 43068 6.643
1791642780.836 43066 17.304
1791642780.845 43071 11.842
1791642780.854 43074 12.358
1791642780.859 43076 11.715
1791642780.868 43079 11.735
1791642780.876 43082 12.182
1791642780.881 43084 11.538
1791642780.890 43087 11.772
1791642780.899 43092 6.670
1791642780.904 43090 17.333
1791642780.913 43095 12.329
1791642780.921 43098 11.719
1791642780.928 43100 12.353
1791642780.936 43103 12.303
1791642780.944 43108 6.637
1791642780.949 43106 17.301
1791642780.958 43111 11.690
1791642780.967 43114 12.309
1791642780.972 43116 11.678
1791642780.981 43119 12.202
1791642780.990 43124 7.134
1791642780.995 43122 17.790
1791642781.004 43127 12.587
1791642781.013 43132 7.579
1791642781.018 43130 18.355
1791642781.026 43135 12.134
1791642781.035 43140 6.794
1791642781.040 43138 17.367
1791642781.049 43143 12.137
1791642781.057 43146 12.439
1791642781.062 43148 11.800
1791642781.071 43151 12.074
1791642781.080 43154 12.756
1791642781.085 43156 12.118
1791642781.094 43159 11.794
1791642781.203 43164 107.056
1791642781.208 43162 117.717
1791642781.214 43170 101.351
1791642781.219 43178 83.754
1791642781.224 43186 66.150
1791642781.229 43194 48.550
1791642781.234 43167 129.681
1791642781.239 43175 111.723
1791642781.244 43183 94.067
1791642781.249 43191 76.515
1791642781.254 43199 59.216
1791642781.259 43172 140.783
1791642781.264 43180 123.185
1791642781.269 43188 105.587
1791642781.274 43196 87.989
1791642781.280 43207 62.838
1791642781.285 43215 44.916
1791642781.290 43223 27.315
1791642781.295 43202 92.231
1791642781.300 43210 74.624
1791642781.305 43218 57.025
1791642781.310 43204 101.584
1791642781.315 43212 84.002
1791642781.320 43220 66.401
1791642781.327 43228 49.929
1791642781.332 43236 32.332
1791642781.337 43226 65.603
1791642781.342 43234 48.007
1791642781.347 43231 60.973
1791642781.352 43239 43.136
1791642781.358 43247 26.814
1791642781.363 43244 40.940
1791642781.368 43252 23.349
1791642781.373 43242 56.607
1791642781.378 43250 39.021
1791642781.384 43258 22.505
1791642781.389 43260 21.864
1791642781.394 43255 40.401
1791642781.400 43266 15.916
1791642781.405 43268 15.282
1791642781.410 43263 33.853
1791642781.416 43271 17.081
1791642781.422 43276 9.334
1791642781.427 43274 19.996
1791642781.433 43279 11.922
1791642781.442 43282 12.637
1791642781.447 43284 12.000
1791642781.456 43287 11.892
1791642781.464 43292 6.763
1791642781.469 43290 17.427
1791642781.478 43295 12.031
1791642781.487 43300 6.758
1791642781.492 43298 17.419
1791642781.501 43303 12.312
1791642781.510 43306 12.778
1791642781.515 43308 12.141
1791642781.524 43311 11.890
1791642781.533 43316 7.498
1791642781.538 43314 18.157
1791642781.546 43319 12.117
1791642781.554 43324 6.557
1791642781.559 43322 17.219
1791642781.569 43327 11.891
1791642781.577 43330 12.322
1791642781.582 43332 11.667
1791642781.592 43335 12.224
1791642781.600 43338 12.803
1791642781.605 43340 12.168
1791642781.614 43343 12.245
1791642781.623 43348 7.132
1791642781.628 43346 17.787
1791642781.637 43351 11.785
1791642781.645 43354 12.633
1791642781.650 43356 11.991
1791642781.659 43359 12.216
1791642781.668 43362 12.421
1791642781.673 43364 11.775
1791642781.682 43367 11.990
1791642781.690 43372 6.710
1791642781.695 43370 17.369
1791642781.705 43375 12.218
1791642781.713 43380 7.030
1791642781.718 43378 17.688
1791642781.727 43383 12.166
1791642781.736 43386 12.836
1791642781.741 43388 12.184
1791642781.750 43391 12.233
1791642781.759 43396 7.159
1791642781.764 43394 17.817
1791642781.773 43399 12.184
1791642781.781 43404 7.224
1791642781.786 43402 17.879
1791642781.795 43407 12.240
1791642781.803 43410 12.263
1791642781.808 43412 11.625
1791642781.818 43415 11.860
1791642781.826 43420 6.863
1791642781.831 43418 17.520
1791642781.840 43423 11.733
1791642781.849 43428 6.894
1791642781.854 43426 17.555
1791642781.863 43431 11.797
1791642781.871 43434 12.438
1791642781.876 43436 11.804
1791642781.886 43439 12.287
1791642781.894 43442 12.838
1791642781.899 43444 12.201
1791642781.909 43447 12.569
1791642781.916 43452 6.653
1791642781.921 43450 17.314
1791642781.927 43455 8.957
1791642781.933 43458 6.700
1791642781.942 43460 9.640
1791642781.950 43463 9.332
1791642781.959 43466 9.647
1791642781.967 43468 12.651
1791642781.975 43471 12.149
1791642781.984 43474 12.210
1791642781.989 43476 11.570
1791642781.998 43479 11.635
1791642782.007 43484 7.244
1791642782.012 43482 17.902
1791642782.021 43487 12.172
1791642782.030 43492 7.239
1791642782.035 43490 17.898
1791642782.044 43495 11.730
1791642782.052 43498 12.777
1791642782.057 43500 12.143
1791642782.066 43503 11.776
1791642782.075 43508 6.942
1791642782.080 43506 17.603
1791642782.089 43511 11.640
1791642782.098 43516 7.438
1791642782.103 43514 18.090
1791642782.111 43519 11.898
1791642782.120 43524 6.705
1791642782.125 43522 17.371
1791642782.134 43527 12.314
1791642782.142 43530 12.264
1791642782.147 43532 11.624
1791642782.157 43535 12.223
1791642782.166 43538 13.054
1791642782.171 43540 12.427
1791642782.180 43543 12.219
1791642782.188 43546 12.540
1791642782.193 43548 11.901
1791642782.202 43551 12.078
1791642782.211 43554 12.895
1791642782.216 43556 12.240
1791642782.225 43559 12.202
1791642782.233 43564 7.162
1791642782.238 43562 17.817
1791642782.247 43567 12.160
1791642782.256 43572 7.119
1791642782.261 43570 17.779
1791642782.270 43575 12.237
1791642782.278 43578 12.790
1791642782.283 43580 12.157
1791642782.293 43583 12.113
1791642782.301 43586 12.283
1791642782.306 43588 11.641
1791642782.312 43591 9.200
1791642782.318 43594 7.065
1791642782.326 43596 9.920
1791642782.335 43599 9.922
1791642782.344 43602 10.194
1791642782.352 43604 12.878
1791642782.360 43607 12.769
1791642782.369 43612 7.171
1791642782.374 43610 17.828
1791642782.383 43615 12.129
1791642782.392 43618 12.795
1791642782.397 43620 12.161
1791642782.405 43623 11.740
1791642782.414 43626 12.380
1791642782.419 43628 11.745
1791642782.428 43631 11.942
1791642782.436 43634 12.410
1791642782.441 43636 11.763
1791642782.450 43639 11.954
1791642782.459 43642 12.760
1791642782.464 43644 12.127
1791642782.473 43647 12.246
1791642782.482 43650 12.885
1791642782.487 43652 12.244
1791642782.496 43655 12.236
1791642782.505 43658 13.096
1791642782.510 43660 12.469
1791642782.519 43663 12.338
1791642782.527 43666 12.955
1791642782.532 43668 12.334
1791642782.541 43671 12.215
1791642782.549 43676 6.696
1791642782.554 43674 17.352
1791642782.563 43679 12.147
1791642782.572 43682 12.381
1791642782.577 43684 11.737
1791642782.586 43687 11.884
1791642782.595 43690 12.576
1791642782.600 43692 11.938
1791642782.609 43695 11.997
1791642782.617 43700 6.719
1791642782.622 43698 17.386
1791642782.631 43703 11.795
1791642782.640 43708 6.688
1791642782.645 43706 17.349
1791642782.654 43711 12.336
1791642782.663 43716 7.442
1791642782.668 43714 18.117
1791642782.677 43719 12.310
1791642782.686 43724 7.400
1791642782.691 43722 18.058
1791642782.700 43727 12.206
1791642782.708 43730 12.903
1791642782.713 43732 12.267
1791642782.722 43735 12.233
1791642782.730 43740 6.670
1791642782.735 43738 17.328
1791642782.744 43743 11.748
1791642782.753 43746 12.357
1791642782.758 43748 11.712
1791642782.767 43751 12.153
1791642782.776 43756 7.088
1791642782.781 43754 17.745
1791642782.790 43759 12.118
1791642782.798 43762 12.295
1791642782.803 43764 11.663
1791642782.812 43767 11.768
1791642782.821 43772 6.668
1791642782.826 43770 17.330
1791642782.835 43775 11.905
1791642782.843 43780 6.772
1791642782.848 43778 17.431
1791642782.857 43783 11.976
1791642782.866 43788 7.182
1791642782.871 43786 17.844
1791642782.880 43791 12.087
1791642782.889 43794 12.842
1791642782.894 43796 12.204
1791642782.903 43799 11.941
1791642782.911 43802 12.551
1791642782.916 43804 11.912
1791642782.926 43807 12.250
1791642782.934 43810 13.075
1791642782.939 43812 12.435
1791642782.948 43815 12.175
1791642782.957 43818 12.815
1791642782.962 43820 12.176
1791642782.971 43823 12.250
1791642782.979 43826 12.747
1791642782.984 43828 12.110
1791642782.993 43831 12.161
1791642783.002 43834 12.988
1791642783.007 43836 12.357
1791642783.016 43839 12.181
1791642783.025 43842 12.797
1791642783.030 43844 12.166
1791642783.039 43847 12.367
1791642783.047 43850 12.996
1791642783.052 43852 12.360
1791642783.061 43855 12.272
1791642783.070 43860 7.309
1791642783.075 43858 17.966
1791642783.084 43863 12.247
1791642783.092 43866 12.820
1791642783.097 43868 12.184
1791642783.107 43871 12.246
1791642783.115 43874 12.974
1791642783.120 43876 12.339
1791642783.129 43879 12.197
1791642783.138 43884 7.387
1791642783.143 43882 18.019
1791642783.153 43887 13.189
1791642783.160 43892 7.215
1791642783.165 43890 17.882
1791642783.174 43895 12.259
1791642783.183 43898 12.934
1791642783.188 43900 12.289
1791642783.197 43903 12.190
1791642783.206 43908 7.261
1791642783.211 43906 17.917
1791642783.220 43911 12.209
1791642783.228 43916 7.246
1791642783.233 43914 17.902
1791642783.242 43919 12.216
1791642783.251 43922 12.767
1791642783.256 43924 12.135
1791642783.265 43927 12.344
1791642783.273 43932 7.367
1791642783.278 43930 18.026
1791642783.287 43935 12.244
1791642783.397 43940 108.805
1791642783.403 43938 117.862
1791642783.409 43946 102.938
1791642783.414 43954 85.353
1791642783.419 43962 67.758
1791642783.424 43970 50.172
1791642783.429 43978 32.580
1791642783.434 43943 135.642
1791642783.439 43951 118.602
1791642783.444 43959 100.748
1791642783.449 43967 83.463
1791642783.454 43975 65.886
1791642783.459 43948 147.410
1791642783.464 43956 129.812
1791642783.469 43964 112.219
1791642783.474 43972 94.614
1791642783.479 43980 77.022
1791642783.485 43988 60.593
1791642783.490 43996 42.995
1791642783.495 44004 25.397
1791642783.500 43986 81.271
1791642783.505 43994 63.675
1791642783.510 44002 46.073
1791642783.515 43983 104.160
1791642783.520 43991 86.626
1791642783.525 43999 69.022
1791642783.531 44007 52.586
1791642783.536 44015 34.988
1791642783.541 44012 49.033
1791642783.546 44020 31.440
1791642783.551 44010 64.709
1791642783.556 44018 47.112
1791642783.562 44023 38.541
1791642783.567 44031 20.986
1791642783.572 44026 40.700
1791642783.577 44028 40.051
1791642783.583 44034 29.120
1791642783.588 44036 28.478
1791642783.593 44039 24.418
1791642783.599 44042 22.533
1791642783.604 44044 21.893
1791642783.611 44047 18.785
1791642783.616 44050 16.778
1791642783.621 44052 16.126
1791642783.627 44055 12.872
1791642783.634 44058 12.314
1791642783.639 44060 11.655
1791642783.649 44063 11.965
1791642783.657 44068 6.882
1791642783.662 44066 17.541
1791642783.672 44071 12.238
1791642783.680 44074 12.781
1791642783.685 44076 12.148
1791642783.694 44079 12.215
1791642783.702 44084 6.785
1791642783.707 44082 17.452
1791642783.716 44087 11.736
1791642783.725 44092 6.630
1791642783.730 44090 17.292
1791642783.740 44095 12.217
1791642783.748 44100 6.695
1791642783.753 44098 17.360
1791642783.762 44103 12.138
1791642783.770 44106 12.456
1791642783.775 44108 11.815
1791642783.785 44111 12.004
1791642783.793 44116 6.838
1791642783.798 44114 17.497
1791642783.807 44119 11.871
1791642783.815 44124 6.681
1791642783.820 44122 17.342
1791642783.831 44127 13.242
1791642783.839 44130 13.103
1791642783.844 44132 12.470
1791642783.852 44135 12.029
1791642783.861 44138 12.293
1791642783.866 44140 11.651
1791642783.875 44143 11.907
1791642783.883 44146 12.559
1791642783.888 44148 11.918
1791642783.897 44151 12.162
1791642783.906 44156 7.317
1791642783.911 44154 17.977
1791642783.920 44159 12.171
1791642783.929 44162 13.103
1791642783.934 44164 12.470
1791642783.943 44167 12.131
1791642783.951 44170 12.733
1791642783.956 44172 12.099
1791642783.966 44175 12.215
1791642783.974 44178 12.887
1791642783.979 44180 12.252
1791642783.988 44183 12.310
1791642783.997 44188 7.265
1791642784.002 44186 17.923
1791642784.011 44191 12.241
1791642784.019 44194 12.450
1791642784.024 44196 11.815
1791642784.033 44199 11.690
1791642784.042 44204 7.390
1791642784.047 44202 18.045
1791642784.056 44207 12.236
1791642784.064 44210 12.312
1791642784.071 44212 12.413
1791642784.078 44215 12.313
1791642784.087 44218 12.533
1791642784.092 44220 11.894
1791642784.101 44223 11.819
1791642784.109 44226 12.328
1791642784.114 44228 11.690
1791642784.124 44231 12.123
1791642784.132 44236 7.084
1791642784.137 44234 17.745
1791642784.146 44239 11.780
1791642784.155 44242 12.372
1791642784.160 44244 11.731
1791642784.169 44247 11.863
1791642784.177 44252 6.577
1791642784.182 44250 17.237
1791642784.192 44255 12.096
1791642784.200 44258 12.968
1791642784.205 44260 12.331
1791642784.214 44263 11.757
1791642784.222 44266 12.412
1791642784.227 44268 11.771
1791642784.237 44271 12.253
1791642784.245 44274 12.541
1791642784.250 44276 11.903
1791642784.259 44279 11.643
1791642784.269 44282 13.409
1791642784.274 44284 12.773
1791642784.282 44287 12.156
1791642784.290 44292 6.713
1791642784.295 44290 17.374
1791642784.304 44295 11.850
1791642784.313 44300 6.872
1791642784.318 44298 17.534
1791642784.327 44303 12.221
1791642784.335 44306 12.379
1791642784.340 44308 11.735
1791642784.350 44311 11.775
1791642784.358 44316 7.073
1791642784.363 44314 17.728
1791642784.373 44319 12.178
1791642784.381 44322 12.388
1791642784.386 44324 11.750
1791642784.395 44327 11.707
1791642784.403 44332 6.766
1791642784.408 44330 17.428
1791642784.417 44335 11.582
1791642784.426 44340 6.634
1791642784.431 44338 17.298
1791642784.440 44343 11.669
1791642784.448 44346 12.346
1791642784.453 44348 11.744
1791642784.464 44351 12.627
1791642784.471 44356 6.934
1791642784.476 44354 17.575
1791642784.485 44359 11.729
1791642784.494 44364 7.300
1791642784.499 44362 17.550
1791642784.508 44367 12.164
1791642784.517 44370 12.804
1791642784.522 44372 12.168
1791642784.531 44375 12.267
1791642784.539 44380 6.863
1791642784.544 44378 17.524
1791642784.553 44383 11.754
1791642784.562 44386 12.481
1791642784.567 44388 11.843
1791642784.576 44391 12.042
1791642784.584 44394 12.540
1791642784.589 44396 11.900
1791642784.598 44399 11.645
1791642784.607 44402 12.817
1791642784.612 44404 12.181
1791642784.621 44407 11.787
1791642784.629 44410 12.187
1791642784.634 44412 11.546
1791642784.644 44415 11.991
1791642784.652 44420 6.923
1791642784.657 44418 17.585
1791642784.666 44423 12.161
1791642784.675 44428 7.650
1791642784.680 44426 18.308
1791642784.689 44431 12.334
1791642784.698 44436 7.183
1791642784.703 44434 17.837
1791642784.712 44439 12.205
1791642784.720 44442 12.815
1791642784.725 44444 12.179
1791642784.734 44447 12.019
1791642784.742 44450 12.327
1791642784.747 44452 11.688
1791642784.756 44455 11.749
1791642784.765 44460 6.711
1791642784.770 44458 17.373
1791642784.879 44463 112.473
1791642784.886 44471 96.783
1791642784.891 44479 78.773
1791642784.896 44487 61.582
1791642784.901 44495 43.703
1791642784.906 44466 131.194
1791642784.911 44474 113.594
1791642784.916 44482 95.995
1791642784.921 44490 78.398
1791642784.926 44498 60.801
1791642784.931 44468 150.597
1791642784.936 44476 132.998
1791642784.941 44484 115.399
1791642784.946 44492 97.801
1791642784.951 44500 80.201
1791642784.958 44506 69.941
1791642784.963 44514 52.337
1791642784.968 44522 34.737
1791642784.973 44503 92.870
1791642784.978 44511 75.266
1791642784.983 44519 57.657
1791642784.988 44508 94.319
1791642784.993 44516 76.714
1791642784.998 44524 59.113
1791642785.004 44527 55.797
1791642785.010 44532 48.216
1791642785.015 44540 30.618
1791642785.020 44530 63.885
1791642785.025 44538 46.288
1791642785.030 44535 59.552
1791642785.035 44543 41.959
1791642785.041 44548 34.083
1791642785.046 44556 16.450
1791642785.051 44546 49.754
1791642785.056 44554 32.153
1791642785.061 44551 45.058
1791642785.067 44564 15.157
1791642785.072 44559 33.755
1791642785.077 44562 30.827
1791642785.083 44572 8.587
1791642785.088 44570 19.247
1791642785.093 44567 32.161
1791642785.099 44575 15.396
1791642785.105 44580 7.777
1791642785.110 44578 18.410
1791642785.119 44583 12.571
1791642785.127 44586 12.342
1791642785.132 44588 11.713
1791642785.141 44591 11.963
1791642785.149 44596 6.654
1791642785.154 44594 17.311
1791642785.163 44599 12.043
1791642785.172 44602 12.366
1791642785.177 44604 11.721
1791642785.186 44607 11.817
1791642785.194 44612 6.696
1791642785.199 44610 17.355
1791642785.209 44615 11.653
1791642785.217 44620 6.920
1791642785.222 44618 17.577
1791642785.232 44623 12.151
1791642785.240 44626 12.950
1791642785.245 44628 12.313
1791642785.254 44631 12.254
1791642785.262 44636 6.759
1791642785.267 44634 17.419
1791642785.276 44639 12.110
1791642785.285 44644 6.950
1791642785.290 44642 17.607
1791642785.299 44647 12.094
1791642785.308 44652 6.770
1791642785.313 44650 17.432
1791642785.322 44655 12.061
1791642785.330 44660 6.811
1791642785.335 44658 17.471
1791642785.344 44663 12.114
1791642785.353 44668 6.680
1791642785.358 44666 17.345
1791642785.367 44671 11.918
1791642785.375 44674 12.471
1791642785.380 44676 11.828
1791642785.389 44679 12.045
1791642785.398 44682 12.294
1791642785.403 44684 11.649
1791642785.412 44687 12.090
1791642785.421 44690 12.426
1791642785.426 44692 11.784
1791642785.435 44695 12.080
1791642785.443 44698 12.366
1791642785.448 44700 11.726
1791642785.457 44703 12.071
1791642785.466 44708 7.245
1791642785.471 44706 17.906
1791642785.480 44711 12.193
1791642785.489 44714 12.900
1791642785.494 44716 12.257
1791642785.503 44719 12.289
1791642785.512 44722 13.146
1791642785.517 44724 12.512
1791642785.526 44727 12.172
1791642785.534 44732 7.254
1791642785.539 44730 17.911
1791642785.548 44735 12.165
1791642785.557 44740 7.104
1791642785.562 44738 17.760
1791642785.571 44743 12.250
1791642785.579 44748 7.340
1791642785.584 44746 17.996
1791642785.594 44751 12.345
1791642785.602 44756 7.344
1791642785.607 44754 17.957
1791642785.616 44759 12.154
1791642785.625 44764 7.264
1791642785.630 44762 17.863
1791642785.639 44767 12.165
1791642785.647 44770 12.846
1791642785.652 44772 12.209
1791642785.661 44775 11.962
1791642785.669 44780 6.816
1791642785.674 44778 17.474
1791642785.684 44783 12.313
1791642785.692 44788 7.177
1791642785.697 44786 17.832
1791642785.706 44791 12.267
1791642785.715 44796 7.165
1791642785.720 44794 17.849
1791642785.729 44799 12.146
1791642785.737 44804 7.087
1791642785.742 44802 17.740
1791642785.752 44807 12.188
1791642785.760 44810 12.778
1791642785.765 44812 12.148
1791642785.774 44815 11.941
1791642785.782 44818 12.445
1791642785.787 44820 11.808
1791642785.798 44823 12.808
1791642785.805 44828 6.810
1791642785.810 44826 17.463
1791642785.819 44831 11.761
1791642785.828 44834 12.443
1791642785.833 44836 11.804
1791642785.842 44839 12.007
1791642785.851 44844 7.523
1791642785.856 44842 18.191
1791642785.864 44847 11.898
1791642785.873 44850 12.448
1791642785.878 44852 11.802
1791642785.887 44855 11.940
1791642785.895 44860 6.710
1791642785.900 44858 17.363
1791642785.910 44863 12.231
1791642785.918 44866 12.282
1791642785.923 44868 11.644
1791642785.929 44871 8.901
1791642785.935 44874 6.899
1791642785.943 44876 9.490
1791642785.952 44879 9.391
1791642785.961 44882 10.327
1791642785.969 44884 13.010
1791642785.978 44887 12.783
1791642785.986 44890 12.805
1791642785.991 44892 12.169
1791642786.000 44895 12.182
1791642786.009 44898 12.810
1791642786.014 44900 12.174
1791642786.023 44903 12.397
1791642786.032 44908 7.368
1791642786.037 44906 18.025
1791642786.045 44911 12.160
1791642786.054 44916 7.267
1791642786.059 44914 17.926
1791642786.068 44919 12.344
1791642786.077 44924 7.331
1791642786.082 44922 17.992
1791642786.092 44927 13.588
1791642786.099 44932 7.277
1791642786.104 44930 17.959
1791642786.113 44935 12.274
1791642786.121 44940 6.803
1791642786.127 44938 17.471
1791642786.136 44943 12.108
1791642786.144 44948 6.628
1791642786.149 44946 17.290
1791642786.159 44951 12.228
1791642786.167 44956 7.238
1791642786.172 44954 17.896
1791642786.181 44959 12.253
1791642786.190 44964 7.408
1791642786.195 44962 18.061
1791642786.204 44967 12.318
1791642786.212 44970 12.496
1791642786.217 44972 11.859
1791642786.226 44975 11.862
1791642786.235 44978 13.197
1791642786.240 44980 12.562
1791642786.248 44983 11.657
1791642786.257 44988 6.794
1791642786.262 44986 17.474
1791642786.271 44991 11.787
1791642786.280 44996 6.803
1791642786.285 44994 17.470
1791642786.295 44999 12.548
1791642786.302 45004 6.544
1791642786.307 45002 17.200
1791642786.316 45007 11.740
1791642786.325 45012 6.894
1791642786.330 45010 17.561
1791642786.339 45015 11.807
1791642786.347 45018 12.365
1791642786.352 45020 11.721
1791642786.362 45023 11.868
1791642786.370 45026 12.338
1791642786.375 45028 11.698
1791642786.384 45031 11.736
1791642786.393 45034 12.615
1791642786.398 45036 11.969
1791642786.407 45039 11.876
1791642786.416 45044 7.334
1791642786.421 45042 17.995
1791642786.429 45047 11.988
1791642786.438 45052 6.698
1791642786.443 45050 17.356
1791642786.452 45055 12.000
1791642786.460 45058 12.328
1791642786.465 45060 11.697
1791642786.475 45063 11.730
1791642786.483 45066 12.568
1791642786.488 45068 11.928
1791642786.497 45071 12.198
1791642786.507 45074 13.805
1791642786.512 45076 13.119
1791642786.521 45079 12.605
1791642786.529 45084 7.266
1791642786.534 45082 17.919
1791642786.543 45087 12.264
1791642786.551 45090 12.819
1791642786.556 45092 12.181
1791642786.566 45095 12.593
1791642786.574 45100 7.298
1791642786.579 45098 17.904
1791642786.588 45103 12.179
1791642786.597 45108 7.181
1791642786.602 45106 17.847
1791642786.611 45111 12.217
1791642786.619 45114 12.916
1791642786.624 45116 12.262
1791642786.634 45119 12.919
1791642786.642 45122 13.205
1791642786.647 45124 12.505
1791642786.656 45127 12.222
1791642786.665 45130 12.930
1791642786.670 45132 12.294
1791642786.679 45135 12.367
1791642786.687 45140 7.386
1791642786.692 45138 18.048
1791642786.701 45143 12.291
1791642786.710 45148 7.218
1791642786.715 45146 17.874
1791642786.724 45151 12.353
1791642786.732 45154 12.926
1791642786.737 45156 12.289
1791642786.746 45159 12.241
1791642786.755 45164 7.222
1791642786.760 45162 17.831
1791642786.769 45167 12.246
1791642786.777 45172 7.155
1791642786.782 45170 17.807
1791642786.792 45175 12.259
1791642786.800 45180 7.231
1791642786.805 45178 17.886
1791642786.814 45183 12.163
1791642786.823 45188 7.165
1791642786.828 45186 17.820
1791642786.836 45191 11.721
1791642786.845 45196 6.599
1791642786.850 45194 17.259
1791642786.859 45199 11.855
1791642786.867 45202 12.243
1791642786.872 45204 11.610
1791642786.883 45207 13.249
1791642786.890 45212 6.847
1791642786.895 45210 17.497
1791642786.904 45215 12.045
1791642786.913 45220 6.672
1791642786.918 45218 17.347
1791642786.927 45223 12.140
1791642786.935 45228 6.750
1791642786.940 45226 17.411
1791642786.951 45231 13.195
1791642786.958 45236 6.691
1791642786.963 45234 17.342
1791642786.973 45239 12.282
1791642786.981 45242 12.866
1791642786.986 45244 12.227
1791642786.995 45247 12.164
1791642787.003 45250 12.430
1791642787.008 45252 11.792
1791642787.017 45255 11.963
1791642787.026 45260 6.808
1791642787.031 45258 17.481
1791642787.041 45263 12.644
1791642787.048 45268 6.554
1791642787.053 45266 17.204
1791642787.063 45271 12.321
1791642787.071 45276 7.043
1791642787.076 45274 17.706
1791642787.085 45279 12.113
1791642787.093 45282 12.312
1791642787.098 45284 11.671
1791642787.108 45287 12.267
1791642787.116 45290 12.367
1791642787.121 45292 11.727
1791642787.130 45295 12.155
1791642787.139 45298 12.536
1791642787.144 45300 11.885
1791642787.153 45303 12.349
1791642787.161 45306 12.346
1791642787.166 45308 11.702
1791642787.176 45311 12.234
1791642787.184 45316 6.807
1791642787.189 45314 17.468
1791642787.198 45319 11.848
1791642787.206 45322 11.747
1791642787.213 45324 12.193
1791642787.221 45327 12.326
1791642787.229 45332 6.562
1791642787.234 45330 17.229
1791642787.243 45335 11.598
1791642787.252 45338 12.374
1791642787.257 45340 11.732
1791642787.266 45343 11.935
1791642787.275 45348 7.231
1791642787.280 45346 17.885
1791642787.289 45351 12.290
1791642787.297 45354 12.775
1791642787.302 45356 12.142
1791642787.311 45359 11.888
1791642787.320 45364 6.621
1791642787.325 45362 17.284
1791642787.334 45367 12.252
1791642787.342 45370 12.320
1791642787.347 45372 11.679
1791642787.357 45375 12.234
1791642787.365 45378 12.742
1791642787.370 45380 12.106
1791642787.379 45383 12.156
1791642787.388 45388 7.328
1791642787.393 45386 17.985
1791642787.401 45391 11.511
1791642787.411 45394 12.839
1791642787.416 45396 12.208
1791642787.425 45399 12.182
1791642787.433 45404 7.164
1791642787.438 45402 17.821
1791642787.447 45407 12.152
1791642787.456 45412 7.252
1791642787.461 45410 17.903
1791642787.469 45415 11.646
1791642787.478 45418 12.438
1791642787.483 45420 11.794
1791642787.492 45423 11.844
1791642787.500 45428 6.567
1791642787.505 45426 17.227
1791642787.514 45431 11.623
1791642787.523 45434 12.223
1791642787.528 45436 11.579
1791642787.537 45439 11.697
1791642787.546 45442 12.744
1791642787.551 45444 12.107
1791642787.560 45447 12.202
1791642787.569 45450 12.788
1791642787.574 45452 12.153
1791642787.582 45455 11.569
1791642787.591 45460 6.785
1791642787.596 45458 17.448
1791642787.606 45463 12.607
1791642787.614 45466 12.792
1791642787.619 45468 12.165
1791642787.628 45471 11.688
1791642787.636 45476 6.661
1791642787.641 45474 17.321
1791642787.650 45479 11.971
1791642787.659 45484 6.942
1791642787.664 45482 17.604
1791642787.673 45487 12.003
1791642787.682 45490 12.964
1791642787.687 45492 12.332
1791642787.696 45495 12.174
1791642787.704 45500 7.249
1791642787.709 45498 17.907
1791642787.718 45503 12.222
1791642787.727 45506 12.954
1791642787.732 45508 12.319
1791642787.741 45511 12.137
1791642787.750 45516 7.077
1791642787.755 45514 17.731
1791642787.764 45519 12.133
1791642787.772 45522 12.768
1791642787.777 45524 12.127
1791642787.786 45527 12.206
1791642787.795 45532 7.107
1791642787.800 45530 17.762
1791642787.809 45535 12.204
1791642787.817 45540 7.145
1791642787.822 45538 17.799
1791642787.832 45543 12.228
1791642787.840 45548 7.129
1791642787.845 45546 17.786
1791642787.854 45551 11.914
1791642787.862 45556 6.877
1791642787.867 45554 17.537
1791642787.877 45559 12.248
1791642787.885 45562 12.754
1791642787.890 45564 12.117
1791642787.899 45567 12.175
1791642787.908 45572 7.162
1791642787.913 45570 17.818
1791642787.922 45575 11.803
1791642787.930 45580 6.665
1791642787.935 45578 17.321
1791642787.944 45583 11.754
1791642787.953 45588 6.825
1791642787.958 45586 17.488
1791642787.967 45591 11.624
1791642787.975 45596 6.603
1791642787.980 45594 17.257
1791642787.989 45599 11.926
1791642787.998 45604 6.735
1791642788.003 45602 17.398
1791642788.013 45607 12.290
1791642788.021 45610 13.074
1791642788.026 45612 12.436
1791642788.035 45615 12.235
1791642788.043 45620 6.878
1791642788.048 45618 17.530
1791642788.057 45623 12.078
1791642788.166 45628 107.165
1791642788.171 45626 117.833
1791642788.177 45636 95.922
1791642788.182 45644 78.327
1791642788.188 45652 60.730
1791642788.193 45660 43.132
1791642788.198 45634 121.616
1791642788.203 45642 104.024
1791642788.208 45650 86.425
1791642788.213 45658 68.828
1791642788.218 45631 149.879
1791642788.223 45639 132.264
1791642788.228 45647 114.682
1791642788.233 45655 96.755
1791642788.238 45663 79.039
1791642788.244 45668 71.606
1791642788.249 45676 54.015
1791642788.254 45684 36.427
1791642788.259 45671 77.582
1791642788.264 45679 59.998
1791642788.269 45687 42.416
1791642788.274 45666 107.335
1791642788.279 45674 89.740
1791642788.284 45682 72.144
1791642788.290 45695 40.739
1791642788.295 45703 23.319
1791642788.300 45690 65.704
1791642788.305 45698 48.070
1791642788.310 45692 70.079
1791642788.315 45700 52.487
1791642788.321 45711 27.020
1791642788.326 45706 46.729
1791642788.331 45714 29.128
1791642788.336 45708 51.094
1791642788.341 45716 33.492
1791642788.347 45719 30.435
1791642788.352 45722 27.659
1791642788.357 45724 27.018
1791642788.363 45727 23.948
1791642788.368 45730 21.018
1791642788.373 45732 20.373
1791642788.379 45735 17.158
1791642788.385 45738 14.988
1791642788.390 45740 14.349
1791642788.396 45743 11.899
1791642788.405 45748 6.691
1791642788.410 45746 17.345
1791642788.419 45751 12.038
1791642788.428 45754 12.829
1791642788.433 45756 12.193
1791642788.442 45759 11.815
1791642788.450 45764 6.843
1791642788.455 45762 17.505
1791642788.464 45767 11.894
1791642788.473 45772 6.794
1791642788.478 45770 17.455
1791642788.487 45775 12.154
1791642788.496 45778 12.724
1791642788.501 45780 12.088
1791642788.510 45783 12.235
1791642788.518 45788 7.267
1791642788.523 45786 17.924
1791642788.532 45791 12.229
1791642788.541 45794 12.760
1791642788.546 45796 12.123
1791642788.555 45799 12.155
1791642788.564 45802 12.926
1791642788.569 45804 12.291
1791642788.578 45807 12.265
1791642788.586 45810 12.843
1791642788.591 45812 12.211
1791642788.600 45815 12.046
1791642788.608 45818 12.440
1791642788.613 45820 11.800
1791642788.623 45823 12.427
1791642788.631 45826 12.329
1791642788.636 45828 11.687
1791642788.645 45831 11.920
1791642788.653 45834 12.327
1791642788.658 45836 11.690
1791642788.668 45839 12.230
1791642788.676 45842 12.403
1791642788.681 45844 11.760
1791642788.691 45847 12.214
1791642788.699 45852 6.964
1791642788.704 45850 17.628
1791642788.713 45855 12.058
1791642788.721 45858 12.407
1791642788.726 45860 11.763
1791642788.736 45863 12.148
1791642788.744 45866 12.269
1791642788.749 45868 11.627
1791642788.755 45871 9.141
1791642788.761 45874 6.868
1791642788.769 45876 9.418
1791642788.778 45879 9.575
1791642788.787 45882 9.903
1791642788.795 45884 12.588
1791642788.803 45887 12.294
1791642788.813 45890 12.708
1791642788.818 45892 13.353
1791642788.827 45895 13.029
1791642788.835 45900 7.147
1791642788.840 45898 17.530
1791642788.849 45903 12.183
1791642788.857 45908 7.138
1791642788.862 45906 17.793
1791642788.872 45911 12.264
1791642788.880 45914 13.099
1791642788.885 45916 12.464
1791642788.894 45919 12.111
1791642788.902 45924 6.897
1791642788.907 45922 17.557
1791642788.916 45927 11.772
1791642788.925 45932 6.938
1791642788.930 45930 17.599
1791642788.939 45935 11.828
1791642788.947 45940 6.615
1791642788.952 45938 17.275
1791642788.962 45943 12.035
1791642788.970 45948 7.002
1791642788.975 45946 17.664
1791642788.984 45951 12.172
1791642788.992 45954 12.250
1791642788.997 45956 11.611
1791642789.007 45959 12.064
1791642789.016 45962 12.928
1791642789.021 45964 12.295
1791642789.029 45967 11.753
1791642789.038 45970 12.332
1791642789.043 45972 11.693
1791642789.052 45975 11.972
1791642789.060 45980 6.788
1791642789.066 45978 17.448
1791642789.075 45983 12.206
1791642789.084 45986 12.873
1791642789.089 45988 12.242
1791642789.098 45991 12.172
1791642789.106 45996 7.279
1791642789.111 45994 17.939
1791642789.120 45999 12.083
1791642789.128 46004 6.728
1791642789.133 46002 17.389
1791642789.143 46007 12.267
1791642789.149 46010 8.518
1791642789.156 46012 8.621
1791642789.170 46015 12.621
1791642789.177 46018 9.229
1791642789.184 46020 9.003
1791642789.198 46023 12.755
1791642789.204 46026 9.016
1791642789.211 46028 8.688
1791642789.224 46031 11.983
1791642789.231 46034 8.683
1791642789.238 46036 8.963
1791642789.252 46039 12.351
1791642789.258 46042 9.118
1791642789.265 46044 8.707
1791642789.275 46047 8.455
1791642789.289 46050 12.668
1791642789.295 46052 12.160
1791642789.302 46055 8.996
1791642789.316 46058 12.004
1791642789.322 46060 11.803
1791642789.329 46063 8.673
1791642789.343 46066 12.113
1791642789.349 46068 11.900
1791642789.357 46071 9.040
1791642789.370 46074 12.100
1791642789.377 46076 12.522
1791642789.384 46079 8.779
1791642789.397 46082 12.366
1791642789.404 46084 12.194
1791642789.411 46087 8.575
1791642789.424 46090 12.047
1791642789.431 46092 11.864
1791642789.437 46095 8.412
1791642789.451 46098 11.976
1791642789.458 46100 11.872
1791642789.465 46103 8.469
1791642789.478 46106 11.940
1791642789.485 46108 11.745
1791642789.492 46111 8.535
1791642789.505 46114 11.895
1791642789.512 46116 11.953
1791642789.519 46119 8.483
1791642789.533 46122 11.944
1791642789.539 46124 11.815
1791642789.546 46127 8.439
1791642789.560 46130 12.170
1791642789.567 46132 11.912
1791642789.574 46135 9.072
1791642789.588 46138 12.649
1791642789.594 46140 12.172
1791642789.601 46143 8.764
1791642789.614 46146 11.960
1791642789.621 46148 12.035
1791642789.628 46151 8.695
1791642789.641 46154 12.113
1791642789.648 46156 11.928
1791642789.655 46159 8.604
1791642789.668 46162 12.098
1791642789.675 46164 11.893
1791642789.682 46167 8.493
1791642789.696 46170 12.295
1791642789.702 46172 12.069
1791642789.709 46175 8.587
1791642789.723 46178 12.290
1791642789.729 46180 11.942
1791642789.736 46183 8.974
1791642789.750 46186 12.127
1791642789.757 46188 12.302
1791642789.764 46191 8.868
1791642789.777 46194 12.105
1791642789.784 46196 11.882
1791642789.790 46199 8.542
1791642789.804 46202 12.179
1791642789.811 46204 12.135
1791642789.817 46207 8.574
1791642789.831 46210 12.017
1791642789.838 46212 11.894
1791642789.845 46215 8.524
1791642789.858 46218 12.238
1791642789.865 46220 11.892
1791642789.872 46223 8.781
1791642789.886 46226 12.138
1791642789.893 46228 12.622
1791642789.899 46231 8.879
1791642789.913 46234 12.157
1791642789.919 46236 11.852
1791642789.929 46239 11.561
1791642789.936 46242 8.865
1791642789.943 46244 8.853
1791642789.957 46247 12.201
1791642789.964 46250 8.887
1791642789.971 46252 9.166
1791642789.984 46255 12.127
1791642789.991 46258 8.807
1791642789.998 46260 9.102
1791642790.011 46263 12.260
1791642790.018 46266 8.728
1791642790.024 46268 8.649
1791642790.038 46271 11.930
1791642790.047 46274 11.295
1791642790.055 46276 12.282
1791642790.062 46279 9.044
1791642790.076 46282 12.328
1791642790.082 46284 12.189
1791642790.089 46287 9.237
1791642790.103 46290 12.602
1791642790.109 46292 12.291
1791642790.116 46295 8.658
1791642790.130 46298 12.119
1791642790.136 46300 11.771
1791642790.143 46303 8.537
1791642790.157 46306 12.494
1791642790.163 46308 12.033
1791642790.171 46311 9.513
1791642790.185 46314 12.581
1791642790.192 46316 12.654
1791642790.199 46319 10.138
1791642790.212 46322 12.319
1791642790.218 46324 12.012
1791642790.225 46327 9.007
1791642790.238 46330 12.170
1791642790.245 46332 11.881
1791642790.252 46335 9.026
1791642790.265 46338 12.103
1791642790.276 46340 13.131
1791642790.283 46343 12.623
1791642790.289 46346 8.927
1791642790.296 46348 8.910
1791642790.309 46351 12.182
1791642790.316 46354 8.605
1791642790.323 46356 8.509
1791642790.336 46359 11.955
1791642790.343 46362 8.437
1791642790.350 46364 8.507
1791642790.364 46367 12.137
1791642790.372 46370 10.743
1791642790.381 46372 12.178
1791642790.387 46375 8.543
1791642790.401 46378 11.890
1791642790.407 46380 11.914
1791642790.414 46383 8.475
1791642790.428 46386 12.009
1791642790.434 46388 11.728
1791642790.441 46391 8.348
1791642790.455 46394 12.196
1791642790.462 46396 11.868
1791642790.469 46399 8.603
1791642790.482 46402 12.117
1791642790.489 46404 11.835
1791642790.496 46407 8.543
1791642790.509 46410 12.097
1791642790.516 46412 12.172
1791642790.523 46415 8.739
1791642790.537 46418 12.185
1791642790.543 46420 12.253
1791642790.550 46423 9.054
1791642790.564 46426 12.065
1791642790.570 46428 11.778
1791642790.577 46431 8.504
1791642790.591 46434 12.321
1791642790.598 46436 12.403
1791642790.604 46439 8.860
1791642790.618 46442 12.107
1791642790.625 46444 12.178
1791642790.632 46447 8.815
1791642790.645 46450 11.841
1791642790.652 46452 12.685
1791642790.659 46455 9.236
1791642790.672 46458 11.874
1791642790.681 46460 12.819
1791642790.690 46463 12.561
1791642790.696 46466 9.180
1791642790.703 46468 9.093
1791642790.716 46471 11.919
1791642790.723 46474 8.976
1791642790.730 46476 8.835
1791642790.743 46479 11.882
1791642790.750 46482 8.544
1791642790.757 46484 8.584
1791642790.771 46487 12.143
1791642790.777 46490 8.558
1791642790.784 46492 8.694
1791642790.798 46495 12.004
1791642790.805 46498 8.849
1791642790.812 46500 9.337
1791642790.825 46503 11.963
1791642790.831 46506 8.563
1791642790.838 46508 8.523
1791642790.852 46511 12.059
1791642790.858 46514 8.543
1791642790.865 46516 8.424
1791642790.879 46519 12.121
1791642790.886 46522 8.951
1791642790.893 46524 8.848
1791642790.908 46527 14.132
1791642790.914 46530 9.818
1791642790.920 46532 8.869
1791642790.933 46535 12.034
1791642790.940 46538 8.407
1791642790.947 46540 8.371
1791642790.960 46543 11.972
1791642790.968 46546 9.573
1791642790.975 46548 9.586
1791642790.987 46551 11.723
1791642790.997 46554 10.889
1791642791.004 46556 12.033
1791642791.011 46559 8.679
1791642791.025 46562 12.248
1791642791.032 46564 12.047
1791642791.039 46567 9.119
1791642791.052 46570 12.294
1791642791.059 46572 12.235
1791642791.066 46575 8.737
1791642791.079 46578 12.105
1791642791.086 46580 12.074
1791642791.093 46583 8.754
1791642791.106 46586 12.073
1791642791.113 46588 12.052
1791642791.120 46591 8.840
1791642791.133 46594 12.075
1791642791.140 46596 12.025
1791642791.147 46599 8.538
1791642791.160 46602 12.087
1791642791.167 46604 11.969
1791642791.174 46607 8.574
1791642791.188 46610 12.139
1791642791.194 46612 12.040
1791642791.202 46615 9.192
1791642791.215 46618 12.447
1791642791.221 46620 11.729
1791642791.228 46623 8.775
1791642791.242 46626 11.918
1791642791.249 46628 12.370
1791642791.256 46631 9.090
1791642791.270 46634 12.622
1791642791.276 46636 12.572
1791642791.282 46639 8.656
1791642791.296 46642 11.989
1791642791.303 46644 11.927
1791642791.310 46647 8.616
1791642791.323 46650 12.044
1791642791.330 46652 11.942
1791642791.338 46655 10.058
1791642791.352 46658 12.742
1791642791.358 46660 12.428
1791642791.365 46663 9.889
1791642791.378 46666 12.058
1791642791.386 46668 12.942
1791642791.392 46671 9.973
1791642791.406 46674 12.617
1791642791.413 46676 12.643
1791642791.419 46679 9.643
1791642791.433 46682 12.848
1791642791.439 46684 12.121
1791642791.446 46687 9.489
1791642791.460 46690 12.554
1791642791.467 46692 12.925
1791642791.473 46695 9.565
1791642791.487 46698 12.060
1791642791.494 46700 12.762
1791642791.500 46703 9.566
1791642791.515 46706 12.741
1791642791.521 46708 12.183
1791642791.527 46711 9.467
1791642791.541 46714 11.992
1791642791.547 46716 11.899
1791642791.554 46719 8.671
1791642791.567 46722 12.017
1791642791.574 46724 12.320
1791642791.581 46727 8.907
1791642791.595 46730 12.354
1791642791.601 46732 12.156
1791642791.608 46735 9.021
1791642791.622 46738 12.150
1791642791.628 46740 11.924
1791642791.635 46743 8.959
1791642791.649 46746 12.039
1791642791.656 46748 12.063
1791642791.663 46751 9.080
1791642791.676 46754 12.070
1791642791.682 46756 11.812
1791642791.689 46759 8.491
1791642791.703 46762 12.231
1791642791.710 46764 11.880
1791642791.716 46767 8.552
1791642791.831 46770 112.396
1791642791.837 46775 101.775
1791642791.842 46783 79.692
1791642791.847 46791 57.594
1791642791.852 46799 35.464
1791642791.857 46772 131.992
1791642791.862 46780 109.918
1791642791.867 46788 87.785
1791642791.872 46796 65.610
1791642791.877 46778 131.686
1791642791.882 46786 109.614
1791642791.887 46794 87.430
1791642791.893 46807 49.636
1791642791.898 46815 27.579
1791642791.903 46804 69.809
1791642791.908 46812 47.549
1791642791.913 46802 86.637
1791642791.918 46810 64.475
1791642791.924 46823 26.566
1791642791.929 46818 48.439
1791642791.934 46826 26.297
1791642791.939 46820 51.664
1791642791.945 46831 20.241
1791642791.950 46828 35.370
1791642791.956 46836 14.263
1791642791.961 46834 26.042
1791642791.967 46839 15.009
1791642791.974 46842 11.919
1791642791.981 46844 11.954
1791642791.988 46847 8.623
1791642792.002 46850 12.170
1791642792.008 46852 12.270
1791642792.015 46855 8.996
1791642792.029 46858 12.309
1791642792.036 46860 12.331
1791642792.042 46863 8.869
1791642792.056 46866 12.326
1791642792.063 46868 12.292
1791642792.070 46871 9.174
1791642792.083 46874 12.453
1791642792.090 46876 12.331
1791642792.096 46879 8.755
1791642792.110 46882 11.932
1791642792.117 46884 11.925
1791642792.123 46887 8.466
1791642792.137 46890 11.813
1791642792.144 46892 12.465
1791642792.151 46895 8.825
1791642792.164 46898 12.178
1791642792.171 46900 12.282
1791642792.178 46903 8.679
1791642792.191 46906 12.008
1791642792.198 46908 11.926
1791642792.205 46911 8.400
1791642792.218 46914 11.824
1791642792.225 46916 11.806
1791642792.232 46919 8.447
1791642792.246 46922 12.324
1791642792.253 46924 12.262
1791642792.260 46927 9.047
1791642792.273 46930 12.827
1791642792.279 46932 11.942
1791642792.286 46935 8.839
1791642792.300 46938 12.249
1791642792.307 46940 12.307
1791642792.314 46943 8.785
1791642792.327 46946 12.006
1791642792.334 46948 11.811
1791642792.340 46951 8.458
1791642792.354 46954 11.923
1791642792.361 46956 11.839
1791642792.367 46959 8.460
1791642792.381 46962 11.813
1791642792.388 46964 11.902
1791642792.395 46967 8.399
1791642792.408 46970 11.998
1791642792.415 46972 11.777
1791642792.422 46975 8.496
1791642792.435 46978 11.922
1791642792.442 46980 11.795
1791642792.449 46983 8.403
1791642792.463 46986 12.011
1791642792.469 46988 11.798
1791642792.476 46991 8.392
1791642792.490 46994 11.983
1791642792.496 46996 11.796
1791642792.503 46999 8.365
1791642792.517 47002 11.760
1791642792.523 47004 11.718
1791642792.530 47007 8.544
1791642792.544 47010 12.514
1791642792.551 47012 12.303
1791642792.558 47015 8.955
1791642792.571 47018 11.908
1791642792.578 47020 12.272
1791642792.585 47023 8.837
1791642792.598 47026 11.881
1791642792.605 47028 12.278
1791642792.612 47031 8.850
1791642792.626 47034 12.675
1791642792.632 47036 12.215
1791642792.639 47039 8.812
1791642792.653 47042 12.015
1791642792.659 47044 11.768
1791642792.666 47047 8.767
1791642792.680 47050 12.236
1791642792.687 47052 12.023
1791642792.693 47055 8.802
1791642792.707 47058 12.259
1791642792.715 47060 12.846
1791642792.721 47063 9.495
1791642792.734 47066 11.967
1791642792.741 47068 11.862
1791642792.747 47071 8.458
1791642792.761 47074 12.261
1791642792.768 47076 11.872
1791642792.774 47079 8.439
1791642792.788 47082 11.790
1791642792.795 47084 12.265
1791642792.802 47087 8.944
1791642792.815 47090 11.904
1791642792.822 47092 12.212
1791642792.829 47095 9.025
1791642792.843 47098 12.249
1791642792.850 47100 12.348
1791642792.856 47103 8.859
1791642792.870 47106 12.074
1791642792.876 47108 11.747
1791642792.883 47111 8.385
1791642792.897 47114 12.024
1791642792.903 47116 11.839
1791642792.910 47119 8.501
1791642792.924 47122 12.004
1791642792.930 47124 11.798
1791642792.937 47127 8.429
1791642792.951 47130 11.926
1791642792.957 47132 11.719
1791642792.964 47135 8.374
1791642792.978 47138 11.942
1791642792.985 47140 11.949
1791642792.991 47143 8.429
1791642793.005 47146 11.760
1791642793.012 47148 11.810
1791642793.019 47151 8.466
1791642793.032 47154 11.906
1791642793.039 47156 12.216
1791642793.046 47159 8.879
1791642793.060 47162 12.321
1791642793.067 47164 12.297
1791642793.073 47167 8.496
1791642793.087 47170 12.251
1791642793.094 47172 12.275
1791642793.100 47175 8.789
1791642793.114 47178 11.972
1791642793.121 47180 12.446
1791642793.127 47183 8.849
1791642793.141 47186 11.827
1791642793.148 47188 12.570
1791642793.154 47191 8.695
1791642793.168 47194 11.825
1791642793.175 47196 12.236
1791642793.182 47199 8.781
1791642793.195 47202 12.142
1791642793.202 47204 12.473
1791642793.209 47207 8.757
1791642793.222 47210 11.857
1791642793.229 47212 12.149
1791642793.236 47215 8.902
1791642793.249 47218 12.036
1791642793.256 47220 12.213
1791642793.263 47223 8.761
1791642793.276 47226 11.920
1791642793.283 47228 11.874
1791642793.290 47231 8.416
1791642793.304 47234 11.938
1791642793.310 47236 11.708
1791642793.317 47239 8.381
1791642793.431 47242 112.685
1791642793.438 47247 101.889
1791642793.443 47255 79.765
1791642793.448 47263 57.632
1791642793.453 47271 35.514
1791642793.458 47244 132.007
1791642793.463 47252 110.006
1791642793.468 47260 87.766
1791642793.473 47268 65.726
1791642793.478 47250 131.807
1791642793.483 47258 109.713
1791642793.488 47266 87.501
1791642793.494 47279 49.810
1791642793.499 47287 27.641
1791642793.504 47274 76.719
1791642793.509 47282 54.478
1791642793.514 47276 79.894
1791642793.519 47284 57.790
1791642793.525 47292 36.885
1791642793.530 47290 48.663
1791642793.535 47298 26.547
1791642793.540 47295 41.747
1791642793.546 47300 30.606
1791642793.551 47303 25.387
1791642793.557 47306 20.690
1791642793.562 47308 19.001
1791642793.568 47311 15.357
1791642793.575 47314 11.823
1791642793.581 47316 11.777
1791642793.588 47319 8.388
1791642793.602 47322 12.025
1791642793.609 47324 11.695
1791642793.615 47327 8.388
1791642793.629 47330 11.916
1791642793.636 47332 11.763
1791642793.642 47335 8.404
1791642793.656 47338 12.041
1791642793.663 47340 11.654
1791642793.670 47343 8.409
1791642793.683 47346 11.896
1791642793.690 47348 11.802
1791642793.697 47351 8.440
1791642793.710 47354 11.905
1791642793.717 47356 12.202
1791642793.724 47359 8.776
1791642793.738 47362 11.906
1791642793.745 47364 12.373
1791642793.752 47367 9.023
1791642793.765 47370 11.873
1791642793.771 47372 11.837
1791642793.778 47375 8.610
1791642793.792 47378 12.118
1791642793.799 47380 11.956
1791642793.805 47383 8.430
1791642793.819 47386 12.015
1791642793.826 47388 11.693
1791642793.832 47391 8.390
1791642793.846 47394 11.682
1791642793.853 47396 11.762
1791642793.859 47399 8.390
1791642793.873 47402 12.086
1791642793.880 47404 11.785
1791642793.887 47407 8.872
1791642793.900 47410 12.064
1791642793.907 47412 11.780
1791642793.914 47415 8.384
1791642793.928 47418 12.051
1791642793.934 47420 11.716
1791642793.941 47423 8.389
1791642793.955 47426 11.919
1791642793.961 47428 11.793
1791642793.968 47431 8.686
1791642793.982 47434 12.122
1791642793.989 47436 12.190
1791642793.995 47439 8.385
1791642794.009 47442 12.075
1791642794.016 47444 11.694
1791642794.022 47447 8.426
1791642794.036 47450 12.064
1791642794.043 47452 11.894
1791642794.050 47455 8.903
1791642794.064 47458 12.373
1791642794.070 47460 11.982
1791642794.077 47463 8.386
1791642794.090 47466 12.083
1791642794.097 47468 11.812
1791642794.104 47471 8.474
1791642794.117 47474 12.046
1791642794.124 47476 11.743
1791642794.131 47479 8.520
1791642794.145 47482 11.860
1791642794.152 47484 12.441
1791642794.158 47487 8.775
1791642794.172 47490 12.066
1791642794.180 47492 11.933
1791642794.186 47495 9.372
1791642794.200 47498 12.389
1791642794.207 47500 12.485
1791642794.213 47503 9.557
1791642794.226 47506 11.510
1791642794.233 47508 11.753
1791642794.239 47511 8.386
1791642794.253 47514 11.856
1791642794.260 47516 11.784
1791642794.267 47519 8.547
1791642794.280 47522 11.958
1791642794.287 47524 12.079
1791642794.294 47527 8.723
1791642794.308 47530 12.674
1791642794.315 47532 12.340
1791642794.321 47535 8.533
1791642794.334 47538 11.859
1791642794.341 47540 11.694
1791642794.348 47543 8.715
1791642794.358 47546 8.216
1791642794.365 47548 8.752
1791642794.379 47551 12.190
1791642794.386 47554 8.893
1791642794.392 47556 8.822
1791642794.406 47559 12.071
1791642794.412 47562 8.503
1791642794.419 47564 8.426
1791642794.433 47567 11.983
1791642794.439 47570 8.418
1791642794.446 47572 8.426
1791642794.460 47575 11.945
1791642794.467 47578 8.733
1791642794.473 47580 8.467
1791642794.487 47583 11.905
1791642794.494 47586 8.575
1791642794.501 47588 8.578
1791642794.514 47591 12.055
1791642794.521 47594 8.540
1791642794.528 47596 8.500
1791642794.542 47599 12.115
1791642794.548 47602 8.503
1791642794.555 47604 8.529
1791642794.568 47607 11.928
1791642794.575 47610 8.468
1791642794.582 47612 8.755
1791642794.596 47615 11.900
1791642794.603 47618 8.842
1791642794.609 47620 8.851
1791642794.623 47623 12.120
1791642794.629 47626 8.418
1791642794.636 47628 8.425
1791642794.650 47631 11.864
1791642794.657 47634 8.835
1791642794.664 47636 8.739
1791642794.677 47639 12.114
1791642794.684 47642 8.737
1791642794.691 47644 8.769
1791642794.704 47647 12.231
1791642794.711 47650 8.756
1791642794.718 47652 8.916
1791642794.731 47655 11.741
1791642794.738 47658 8.417
1791642794.745 47660 8.486
1791642794.759 47663 12.171
1791642794.765 47666 8.741
1791642794.772 47668 8.840
1791642794.786 47671 12.056
1791642794.792 47674 8.588
1791642794.799 47676 8.444
1791642794.813 47679 11.981
1791642794.820 47682 9.180
1791642794.826 47684 8.583
1791642794.840 47687 12.281
1791642794.847 47690 8.807
1791642794.854 47692 8.776
1791642794.867 47695 11.983
1791642794.874 47698 8.818
1791642794.881 47700 8.805
1791642794.894 47703 12.303
1791642794.901 47706 9.033
1791642794.908 47708 8.551
1791642794.921 47711 12.106
1791642794.928 47714 8.548
1791642794.935 47716 8.540
1791642794.948 47719 11.823
1791642794.955 47722 8.400
1791642794.962 47724 8.407
1791642794.975 47727 11.720
1791642794.982 47730 8.571
1791642794.989 47732 8.438
1791642795.003 47735 12.039
1791642795.009 47738 8.439
1791642795.016 47740 8.408
1791642795.130 47743 112.287
1791642795.136 47751 91.297
1791642795.141 47759 69.171
1791642795.146 47767 47.048
1791642795.151 47748 116.551
1791642795.156 47756 94.387
1791642795.161 47764 72.264
1791642795.166 47772 50.133
1791642795.171 47746 143.345
1791642795.176 47754 121.202
1791642795.181 47762 99.078
1791642795.186 47770 76.918
1791642795.192 47775 66.012
1791642795.197 47783 43.420
1791642795.202 47778 65.842
1791642795.207 47786 43.758
1791642795.212 47780 69.072
1791642795.217 47788 46.997
1791642795.223 47791 42.180
1791642795.228 47799 19.903
1791642795.233 47796 35.785
1791642795.238 47794 47.604
1791642795.244 47802 26.278
1791642795.249 47804 24.521
1791642795.255 47810 10.008
1791642795.260 47807 24.571
1791642795.266 47812 13.888
1791642795.275 47815 12.281
1791642795.281 47818 8.941
1791642795.287 47820 8.575
1791642795.301 47823 11.998
1791642795.308 47826 8.452
1791642795.315 47828 8.588
1791642795.328 47831 12.159
1791642795.335 47834 8.811
1791642795.342 47836 8.867
1791642795.356 47839 12.135
1791642795.362 47842 8.831
1791642795.369 47844 8.596
1791642795.383 47847 12.384
1791642795.389 47850 8.850
1791642795.397 47852 9.872
1791642795.411 47855 12.395
1791642795.417 47858 9.470
1791642795.423 47860 8.919
1791642795.437 47863 12.054
1791642795.443 47866 8.491
1791642795.450 47868 8.437
1791642795.464 47871 12.199
1791642795.470 47874 8.500
1791642795.477 47876 8.397
1791642795.491 47879 12.031
1791642795.498 47882 8.534
1791642795.504 47884 8.466
1791642795.518 47887 12.144
1791642795.525 47890 8.561
1791642795.532 47892 8.547
1791642795.545 47895 12.094
1791642795.552 47898 8.769
1791642795.559 47900 9.138
1791642795.573 47903 12.708
1791642795.579 47906 8.993
1791642795.586 47908 8.696
1791642795.599 47911 12.021
1791642795.607 47914 9.550
1791642795.614 47916 9.865
1791642795.628 47919 12.656
1791642795.635 47922 9.914
1791642795.641 47924 9.437
1791642795.654 47927 11.811
1791642795.661 47930 8.582
1791642795.667 47932 8.578
1791642795.681 47935 11.882
1791642795.687 47938 8.471
1791642795.694 47940 8.455
1791642795.708 47943 11.879
1791642795.715 47946 8.556
1791642795.722 47948 8.656
1791642795.735 47951 11.932
1791642795.742 47954 8.400
1791642795.749 47956 8.584
1791642795.762 47959 12.236
1791642795.769 47962 8.946
1791642795.776 47964 8.645
1791642795.786 47967 8.138
1791642795.800 47970 12.221
1791642795.806 47972 11.904
1791642795.813 47975 8.807
1791642795.827 47978 12.021
1791642795.834 47980 11.991
1791642795.840 47983 8.634
1791642795.854 47986 12.028
1791642795.860 47988 11.895
1791642795.867 47991 8.517
1791642795.881 47994 11.961
1791642795.888 47996 11.899
1791642795.894 47999 8.587
1791642795.908 48002 11.960
1791642795.915 48004 12.027
1791642795.922 48007 8.628
1791642795.935 48010 12.296
1791642795.942 48012 11.897
1791642795.949 48015 8.565
1791642795.962 48018 11.942
1791642795.969 48020 12.210
1791642795.976 48023 8.663
1791642795.990 48026 12.043
1791642795.996 48028 11.949
1791642796.003 48031 8.692
1791642796.017 48034 12.241
1791642796.023 48036 11.970
1791642796.030 48039 8.502
1791642796.044 48042 12.147
1791642796.050 48044 11.804
1791642796.057 48047 8.432
1791642796.071 48050 11.897
1791642796.078 48052 12.430
1791642796.084 48055 8.470
1791642796.098 48058 12.018
1791642796.105 48060 12.032
1791642796.111 48063 8.379
1791642796.125 48066 11.917
1791642796.132 48068 11.695
1791642796.138 48071 8.381
1791642796.152 48074 12.112
1791642796.159 48076 12.032
1791642796.166 48079 8.520
1791642796.179 48082 12.070
1791642796.186 48084 11.972
1791642796.193 48087 8.551
1791642796.206 48090 11.869
1791642796.213 48092 11.755
1791642796.220 48095 8.455
1791642796.234 48098 11.987
1791642796.240 48100 11.837
1791642796.249 48103 10.534
1791642796.261 48106 12.248
1791642796.267 48108 11.654
1791642796.274 48111 8.368
1791642796.288 48114 11.978
1791642796.295 48116 12.251
1791642796.302 48119 8.961
1791642796.315 48122 12.011
1791642796.322 48124 12.254
1791642796.329 48127 8.943
1791642796.342 48130 11.827
1791642796.349 48132 12.490
1791642796.356 48135 8.754
1791642796.370 48138 12.190
1791642796.376 48140 12.332
1791642796.383 48143 8.841
1791642796.396 48146 11.807
1791642796.403 48148 12.093
1791642796.410 48151 8.464
1791642796.423 48154 11.883
1791642796.430 48156 11.866
1791642796.437 48159 8.460
1791642796.451 48162 11.859
1791642796.457 48164 11.581
1791642796.464 48167 8.396
1791642796.478 48170 12.074
1791642796.484 48172 11.715
1791642796.491 48175 8.374
1791642796.505 48178 12.031
1791642796.512 48180 11.869
1791642796.518 48183 8.407
1791642796.532 48186 12.025
1791642796.539 48188 11.700
1791642796.546 48191 8.711
1791642796.559 48194 12.102
1791642796.566 48196 11.786
1791642796.572 48199 8.389
1791642796.586 48202 11.982
1791642796.593 48204 11.756
1791642796.600 48207 8.373
1791642796.613 48210 11.965
1791642796.620 48212 11.809
1791642796.627 48215 8.928
1791642796.640 48218 11.865
1791642796.647 48220 11.717
1791642796.654 48223 8.421
1791642796.667 48226 11.764
1791642796.674 48228 11.695
1791642796.681 48231 8.387
1791642796.695 48234 12.035
1791642796.701 48236 11.692
1791642796.708 48239 8.375
1791642796.722 48242 11.928
1791642796.728 48244 11.706
1791642796.735 48247 8.399
1791642796.749 48250 12.151
1791642796.756 48252 11.706
1791642796.762 48255 8.388
1791642796.776 48258 11.937
1791642796.783 48260 11.789
1791642796.790 48263 8.422
1791642796.803 48266 12.123
1791642796.810 48268 11.910
1791642796.819 48271 10.594
1791642796.827 48274 8.867
1791642796.834 48276 8.913
1791642796.848 48279 12.334
1791642796.855 48282 9.173
1791642796.861 48284 8.843
1791642796.875 48287 12.165
1791642796.881 48290 8.843
1791642796.889 48292 9.045
1791642796.902 48295 12.040
1791642796.909 48298 8.754
1791642796.915 48300 8.602
1791642796.929 48303 11.940
1791642796.936 48306 8.534
1791642796.942 48308 8.469
1791642796.956 48311 12.068
1791642796.963 48314 8.501
1791642796.970 48316 8.728
1791642796.983 48319 11.924
1791642796.990 48322 8.458
1791642796.997 48324 8.498
1791642797.010 48327 11.972
1791642797.017 48330 8.471
1791642797.024 48332 8.401
1791642797.037 48335 12.051
1791642797.044 48338 8.617
1791642797.051 48340 8.586
1791642797.065 48343 12.321
1791642797.072 48346 8.920
1791642797.078 48348 8.594
1791642797.092 48351 12.216
1791642797.099 48354 8.921
1791642797.105 48356 8.646
1791642797.119 48359 11.892
1791642797.126 48362 8.917
1791642797.132 48364 8.449
1791642797.146 48367 11.921
1791642797.152 48370 8.442
1791642797.159 48372 8.377
1791642797.173 48375 11.892
1791642797.180 48378 8.389
1791642797.186 48380 8.548
1791642797.200 48383 12.158
1791642797.210 48386 11.972
1791642797.217 48388 11.853
1791642797.224 48391 8.580
1791642797.238 48394 12.300
1791642797.244 48396 11.889
1791642797.251 48399 8.779
1791642797.264 48402 11.897
1791642797.271 48404 12.236
1791642797.278 48407 8.891
1791642797.292 48410 12.229
1791642797.299 48412 12.390
1791642797.305 48415 8.787
1791642797.319 48418 12.008
1791642797.326 48420 12.255
1791642797.333 48423 8.866
1791642797.346 48426 12.147
1791642797.356 48428 12.836
1791642797.363 48431 12.348
1791642797.370 48434 8.906
1791642797.377 48436 8.976
1791642797.390 48439 12.214
1791642797.397 48442 8.785
1791642797.404 48444 8.978
1791642797.418 48447 12.709
1791642797.424 48450 8.994
1791642797.431 48452 8.578
1791642797.444 48455 11.872
1791642797.451 48458 8.573
1791642797.458 48460 8.618
1791642797.471 48463 11.966
1791642797.478 48466 8.476
1791642797.485 48468 8.535
1791642797.499 48471 12.243
1791642797.506 48474 8.817
1791642797.512 48476 8.515
1791642797.526 48479 12.009
1791642797.533 48482 8.975
1791642797.539 48484 8.615
1791642797.553 48487 11.963
1791642797.559 48490 8.411
1791642797.566 48492 8.428
1791642797.580 48495 12.040
1791642797.586 48498 8.443
1791642797.594 48500 8.829
1791642797.607 48503 11.934
1791642797.614 48506 8.965
1791642797.621 48508 8.852
1791642797.635 48511 13.020
1791642797.641 48514 8.872
1791642797.648 48516 8.672
1791642797.662 48519 12.214
1791642797.668 48522 8.561
1791642797.675 48524 8.452
1791642797.689 48527 12.264
1791642797.695 48530 8.787
1791642797.702 48532 8.837
1791642797.716 48535 12.092
1791642797.723 48538 8.849
1791642797.729 48540 8.849
1791642797.743 48543 12.024
1791642797.749 48546 8.540
1791642797.756 48548 8.440
1791642797.770 48551 11.891
1791642797.776 48554 8.486
1791642797.783 48556 8.432
1791642797.797 48559 11.944
1791642797.804 48562 8.472
1791642797.810 48564 8.404
1791642797.824 48567 11.966
1791642797.831 48570 8.832
1791642797.838 48572 8.840
1791642797.852 48575 12.191
1791642797.858 48578 8.612
1791642797.865 48580 8.839
1791642797.878 48583 12.152
1791642797.885 48586 8.786
1791642797.892 48588 8.650
1791642797.905 48591 11.776
1791642797.912 48594 8.632
1791642797.919 48596 8.519
1791642797.933 48599 12.005
1791642797.939 48602 8.421
1791642797.946 48604 8.436
1791642797.960 48607 11.996
1791642797.966 48610 8.442
1791642797.973 48612 8.563
1791642797.987 48615 11.943
1791642797.993 48618 8.448
1791642798.000 48620 8.468
1791642798.014 48623 12.174
1791642798.021 48626 8.625
1791642798.027 48628 8.509
1791642798.041 48631 11.987
1791642798.048 48634 8.479
1791642798.054 48636 8.398
1791642798.068 48639 11.989
1791642798.075 48642 8.540
1791642798.082 48644 8.637
1791642798.096 48647 12.215
1791642798.102 48650 8.574
1791642798.109 48652 8.503
1791642798.123 48655 12.329
1791642798.130 48658 9.087
1791642798.136 48660 8.629
1791642798.150 48663 12.032
1791642798.157 48666 8.954
1791642798.164 48668 9.167
1791642798.177 48671 11.839
1791642798.184 48674 8.548
1791642798.190 48676 8.587
1791642798.204 48679 11.953
1791642798.211 48682 8.566
1791642798.217 48684 8.490
1791642798.231 48687 12.083
1791642798.240 48690 10.719
1791642798.248 48692 12.194
1791642798.255 48695 8.915
1791642798.268 48698 11.967
1791642798.275 48700 12.255
1791642798.282 48703 8.780
1791642798.295 48706 11.861
1791642798.302 48708 11.833
1791642798.309 48711 8.462
1791642798.322 48714 11.862
1791642798.329 48716 11.977
1791642798.336 48719 8.408
1791642798.350 48722 11.837
1791642798.356 48724 11.862
1791642798.363 48727 8.537
1791642798.377 48730 12.082
1791642798.384 48732 12.098
1791642798.390 48735 8.567
1791642798.404 48738 11.962
1791642798.411 48740 11.919
1791642798.417 48743 8.397
1791642798.431 48746 11.968
1791642798.438 48748 11.634
1791642798.444 48751 8.367
1791642798.458 48754 12.053
1791642798.465 48756 11.732
1791642798.472 48759 8.463
1791642798.485 48762 12.084
1791642798.492 48764 11.709
1791642798.499 48767 8.428
1791642798.512 48770 11.808
1791642798.520 48772 12.425
1791642798.526 48775 8.914
1791642798.539 48778 11.791
1791642798.547 48780 12.170
1791642798.553 48783 8.936
1791642798.567 48786 11.921
1791642798.574 48788 12.384
1791642798.580 48791 8.555
1791642798.594 48794 12.019
1791642798.600 48796 11.700
1791642798.607 48799 8.431
1791642798.621 48802 12.099
1791642798.628 48804 11.993
1791642798.634 48807 8.475
1791642798.648 48810 11.774
1791642798.655 48812 11.877
1791642798.662 48815 8.452
1791642798.675 48818 12.043
1791642798.682 48820 12.187
1791642798.689 48823 8.532
1791642798.702 48826 11.899
1791642798.709 48828 12.265
1791642798.716 48831 8.528
1791642798.729 48834 11.934
1791642798.736 48836 11.824
1791642798.743 48839 8.388
1791642798.757 48842 12.001
1791642798.763 48844 11.685
1791642798.770 48847 8.395
1791642798.784 48850 12.065
1791642798.790 48852 11.711
1791642798.797 48855 8.418
1791642798.811 48858 11.949
1791642798.817 48860 11.714
1791642798.824 48863 8.385
1791642798.838 48866 12.069
1791642798.845 48868 11.689
1791642798.851 48871 8.382
1791642798.865 48874 11.992
1791642798.872 48876 11.782
1791642798.879 48879 8.400
1791642798.892 48882 11.847
1791642798.899 48884 11.840
1791642798.906 48887 8.494
1791642798.920 48890 12.092
1791642798.926 48892 11.760
1791642798.933 48895 8.534
1791642798.947 48898 12.365
1791642798.953 48900 11.738
1791642798.960 48903 8.495
1791642798.974 48906 12.134
1791642798.981 48908 12.438
1791642798.987 48911 8.628
1791642799.001 48914 11.941
1791642799.008 48916 11.976
1791642799.014 48919 8.471
1791642799.028 48922 12.101
1791642799.035 48924 11.829
1791642799.041 48927 8.420
1791642799.055 48930 11.883
1791642799.062 48932 12.007
1791642799.069 48935 8.954
1791642799.082 48938 12.159
1791642799.089 48940 12.061
1791642799.096 48943 8.530
1791642799.109 48946 11.845
1791642799.116 48948 12.298
1791642799.123 48951 8.615
1791642799.136 48954 11.796
1791642799.143 48956 11.823
1791642799.150 48959 8.428
1791642799.164 48962 12.007
1791642799.171 48964 12.363
1791642799.178 48967 9.191
1791642799.191 48970 12.161
1791642799.198 48972 12.011
1791642799.205 48975 8.957
1791642799.218 48978 11.991
1791642799.225 48980 12.232
1791642799.231 48983 8.763
1791642799.245 48986 11.864
1791642799.252 48988 11.851
1791642799.258 48991 8.393
1791642799.272 48994 11.988
1791642799.279 48996 11.771
1791642799.285 48999 8.405
1791642799.299 49002 11.844
1791642799.306 49004 11.810
1791642799.313 49007 8.399
1791642799.326 49010 12.035
1791642799.333 49012 11.749
1791642799.340 49015 8.439
1791642799.353 49018 11.765
1791642799.360 49020 11.725
1791642799.367 49023 8.460
1791642799.381 49026 11.826
1791642799.387 49028 11.726
1791642799.394 49031 8.478
1791642799.408 49034 12.182
1791642799.415 49036 12.150
1791642799.422 49039 9.727
1791642799.437 49042 13.460
1791642799.443 49044 12.147
1791642799.450 49047 10.037
1791642799.463 49050 11.985
1791642799.470 49052 12.847
1791642799.476 49055 9.488
1791642799.490 49058 11.964
1791642799.496 49060 11.462
1791642799.503 49063 8.475
1791642799.516 49066 11.885
1791642799.523 49068 12.344
1791642799.530 49071 8.793
1791642799.544 49074 12.176
1791642799.550 49076 12.008
1791642799.557 49079 8.787
1791642799.570 49082 11.833
1791642799.577 49084 11.817
1791642799.584 49087 8.685
1791642799.598 49090 12.064
1791642799.604 49092 11.764
1791642799.611 49095 8.384
1791642799.625 49098 12.088
1791642799.631 49100 11.763
1791642799.638 49103 8.356
1791642799.652 49106 12.072
1791642799.659 49108 11.737
1791642799.665 49111 8.378
1791642799.679 49114 11.991
1791642799.686 49116 11.748
1791642799.692 49119 8.416
1791642799.706 49122 11.781
1791642799.713 49124 11.858
1791642799.720 49127 8.414
1791642799.733 49130 11.798
1791642799.740 49132 11.729
1791642799.747 49135 8.399
1791642799.760 49138 11.757
1791642799.767 49140 12.116
1791642799.774 49143 8.782
1791642799.788 49146 12.032
1791642799.794 49148 11.706
1791642799.801 49151 8.458
1791642799.815 49154 11.899
1791642799.821 49156 11.753
1791642799.828 49159 8.554
1791642799.842 49162 11.997
1791642799.849 49164 12.333
1791642799.856 49167 8.810
1791642799.869 49170 12.339
1791642799.876 49172 12.032
1791642799.882 49175 8.433
1791642799.896 49178 11.984
1791642799.903 49180 11.840
1791642799.910 49183 8.901
1791642799.923 49186 12.006
1791642799.930 49188 11.964
1791642799.937 49191 8.673
1791642799.950 49194 11.931
1791642799.957 49196 11.786
1791642799.964 49199 8.496
1791642799.977 49202 11.724
1791642799.984 49204 11.843
1791642799.991 49207 8.429
1791642800.005 49210 12.001
1791642800.011 49212 11.826
1791642800.018 49215 8.649
1791642800.032 49218 12.100
1791642800.038 49220 11.713
1791642800.045 49223 8.739
1791642800.059 49226 11.856
1791642800.066 49228 12.180
1791642800.073 49231 8.876
1791642800.086 49234 11.933
1791642800.093 49236 11.964
1791642800.099 49239 8.467
1791642800.113 49242 12.067
1791642800.120 49244 12.522
1791642800.127 49247 8.757
1791642800.140 49250 12.116
1791642800.147 49252 12.383
1791642800.154 49255 8.643
1791642800.167 49258 11.993
1791642800.174 49260 11.715
1791642800.181 49263 8.466
1791642800.194 49266 12.041
1791642800.201 49268 11.674
1791642800.208 49271 8.391
1791642800.222 49274 11.896
1791642800.228 49276 11.773
1791642800.235 49279 8.389
1791642800.249 49282 11.883
1791642800.255 49284 11.792
1791642800.262 49287 8.358
1791642800.276 49290 12.014
1791642800.283 49292 11.769
1791642800.289 49295 8.383
1791642800.303 49298 12.013
1791642800.310 49300 11.509
1791642800.316 49303 8.365
1791642800.330 49306 11.772
1791642800.337 49308 11.894
1791642800.344 49311 8.477
1791642800.357 49314 11.900
1791642800.364 49316 11.738
1791642800.371 49319 8.466
1791642800.384 49322 11.885
1791642800.391 49324 11.846
1791642800.398 49327 8.484
1791642800.412 49330 12.770
1791642800.418 49332 12.062
1791642800.425 49335 8.525
1791642800.439 49338 11.992
1791642800.445 49340 11.779
1791642800.452 49343 8.847
1791642800.466 49346 11.976
1791642800.472 49348 11.846
1791642800.479 49351 8.432
1791642800.493 49354 12.080
1791642800.500 49356 11.734
1791642800.506 49359 8.388
1791642800.520 49362 11.907
1791642800.527 49364 11.855
1791642800.533 49367 8.445
1791642800.547 49370 11.873
1791642800.554 49372 11.905
1791642800.561 49375 8.399
1791642800.574 49378 11.867
1791642800.581 49380 11.778
1791642800.588 49383 8.438
1791642800.601 49386 12.030
1791642800.608 49388 11.761
1791642800.615 49391 8.386
1791642800.629 49394 12.060
1791642800.635 49396 11.892
1791642800.642 49399 8.428
1791642800.656 49402 11.916
1791642800.662 49404 11.859
1791642800.669 49407 8.359
1791642800.683 49410 12.081
1791642800.690 49412 11.897
1791642800.696 49415 8.501
1791642800.710 49418 11.924
1791642800.717 49420 11.753
1791642800.723 49423 8.496
1791642800.737 49426 11.893
1791642800.744 49428 11.970
1791642800.751 49431 8.895
1791642800.764 49434 11.743
1791642800.771 49436 12.217
1791642800.778 49439 8.810
1791642800.791 49442 11.771
1791642800.798 49444 11.893
1791642800.805 49447 8.555
1791642800.819 49450 12.127
1791642800.825 49452 11.740
1791642800.832 49455 8.583
1791642800.846 49458 12.182
1791642800.852 49460 11.766
1791642800.859 49463 8.478
1791642800.873 49466 11.929
1791642800.880 49468 12.152
1791642800.886 49471 8.443
1791642800.900 49474 11.817
1791642800.907 49476 11.926
1791642800.914 49479 9.226
1791642800.927 49482 11.825
1791642800.934 49484 12.089
1791642800.941 49487 8.576
1791642800.954 49490 11.907
1791642800.961 49492 11.914
1791642800.967 49495 8.386
1791642800.981 49498 12.033
1791642800.988 49500 11.791
1791642800.995 49503 8.523
1791642801.008 49506 11.718
1791642801.015 49508 11.725
1791642801.022 49511 8.441
1791642801.036 49514 12.116
1791642801.042 49516 11.741
1791642801.049 49519 8.432
1791642801.063 49522 12.095
1791642801.069 49524 11.726
1791642801.076 49527 8.479
1791642801.090 49530 11.867
1791642801.096 49532 11.847
1791642801.103 49535 8.395
1791642801.117 49538 11.911
1791642801.124 49540 11.843
1791642801.130 49543 8.434
1791642801.144 49546 12.017
1791642801.151 49548 11.929
1791642801.157 49551 8.525
1791642801.171 49554 11.917
1791642801.178 49556 11.816
1791642801.185 49559 8.749
1791642801.198 49562 12.081
1791642801.205 49564 11.949
1791642801.212 49567 8.570
1791642801.221 49570 7.730
1791642801.229 49572 8.496
1791642801.242 49575 11.868
1791642801.249 49578 8.616
1791642801.256 49580 8.668
1791642801.269 49583 11.825
1791642801.276 49586 8.491
1791642801.283 49588 8.454
1791642801.297 49591 12.251
1791642801.306 49594 11.067
1791642801.314 49596 12.070
1791642801.321 49599 8.838
1791642801.334 49602 11.988
1791642801.341 49604 11.670
1791642801.347 49607 8.503
1791642801.361 49610 12.140
1791642801.368 49612 11.845
1791642801.374 49615 8.424
1791642801.388 49618 11.891
1791642801.395 49620 11.880
1791642801.402 49623 8.628
1791642801.415 49626 11.863
1791642801.422 49628 11.849
1791642801.429 49631 8.475
1791642801.443 49634 12.181
1791642801.449 49636 12.108
1791642801.456 49639 8.594
1791642801.470 49642 12.495
1791642801.477 49644 12.424
1791642801.483 49647 8.869
1791642801.497 49650 12.201
1791642801.504 49652 12.220
1791642801.511 49655 9.194
1791642801.524 49658 12.125
1791642801.531 49660 11.963
1791642801.538 49663 8.807
1791642801.551 49666 12.025
1791642801.558 49668 11.973
1791642801.565 49671 8.678
1791642801.578 49674 12.093
1791642801.589 49676 12.894
1791642801.595 49679 12.180
1791642801.602 49682 8.923
1791642801.609 49684 9.200
1791642801.622 49687 11.840
1791642801.629 49690 8.517
1791642801.636 49692 8.456
1791642801.649 49695 11.867
1791642801.656 49698 8.939
1791642801.663 49700 8.527
1791642801.676 49703 12.011
1791642801.683 49706 8.636
1791642801.690 49708 8.886
1791642801.704 49711 12.117
1791642801.711 49714 8.789
1791642801.718 49716 9.022
1791642801.731 49719 12.303
1791642801.738 49722 8.675
1791642801.744 49724 8.801
1791642801.758 49727 12.164
1791642801.766 49730 9.621
1791642801.772 49732 9.473
1791642801.785 49735 11.983
1791642801.792 49738 8.443
1791642801.799 49740 8.555
1791642801.812 49743 11.885
1791642801.819 49746 8.467
1791642801.826 49748 8.518
1791642801.839 49751 11.937
1791642801.846 49754 8.559
1791642801.853 49756 8.528
1791642801.866 49759 11.857
1791642801.873 49762 8.667
1791642801.880 49764 8.607
1791642801.893 49767 11.851
1791642801.900 49770 8.512
1791642801.907 49772 8.640
1791642801.927 49775 18.188
1791642801.933 49778 13.927
1791642801.939 49780 13.008
1791642801.948 49783 11.989
1791642801.955 49786 8.687
1791642801.961 49788 8.591
1791642801.975 49791 12.350
1791642801.982 49794 8.905
1791642801.988 49796 8.569
1791642802.002 49799 12.128
1791642802.009 49802 8.533
1791642802.015 49804 8.418
1791642802.029 49807 12.115
1791642802.036 49810 8.691
1791642802.046 49812 11.694
1791642802.053 49815 8.462
1791642802.067 49818 12.356
1791642802.074 49820 12.063
1791642802.080 49823 8.826
1791642802.094 49826 12.372
1791642802.101 49828 12.142
1791642802.107 49831 8.500
1791642802.121 49834 12.342
1791642802.128 49836 12.155
1791642802.134 49839 8.590
1791642802.148 49842 12.001
1791642802.155 49844 11.879
1791642802.161 49847 8.501
1791642802.175 49850 11.970
1791642802.182 49852 12.328
1791642802.189 49855 8.845
1791642802.203 49858 12.780
1791642802.209 49860 12.193
1791642802.216 49863 8.555
1791642802.229 49866 12.194
1791642802.237 49868 12.371
1791642802.244 49871 9.945
1791642802.258 49874 12.751
1791642802.264 49876 12.334
1791642802.271 49879 9.592
1791642802.284 49882 12.006
1791642802.291 49884 12.322
1791642802.297 49887 8.867
1791642802.311 49890 12.264
1791642802.318 49892 12.008
1791642802.324 49895 8.634
1791642802.338 49898 12.003
1791642802.344 49900 11.995
1791642802.351 49903 8.490
1791642802.365 49906 11.884
1791642802.372 49908 12.181
1791642802.378 49911 8.568
1791642802.392 49914 12.135
1791642802.399 49916 11.974
1791642802.406 49919 8.635
1791642802.419 49922 12.112
1791642802.426 49924 11.955
1791642802.433 49927 8.981
1791642802.446 49930 12.073
1791642802.453 49932 11.847
1791642802.460 49935 8.558
1791642802.474 49938 12.467
1791642802.481 49940 12.516
1791642802.487 49943 9.054
1791642802.501 49946 12.065
1791642802.508 49948 12.252
1791642802.515 49951 9.396
1791642802.528 49954 11.920
1791642802.534 49956 11.772
1791642802.541 49959 8.390
1791642802.555 49962 11.937
1791642802.561 49964 11.898
1791642802.568 49967 8.446
1791642802.582 49970 11.894
1791642802.589 49972 11.829
1791642802.595 49975 8.638
1791642802.609 49978 12.272
1791642802.617 49980 12.155
1791642802.624 49983 10.154
1791642802.638 49986 13.099
1791642802.644 49988 12.505
1791642802.651 49991 9.547
1791642802.665 49994 12.470
1791642802.671 49996 12.467
1791642802.678 49999 9.932
1791642802.692 50002 12.208
1791642802.698 50004 12.587
1791642802.705 50007 9.543
1791642802.719 50010 12.639
1791642802.725 50012 12.244
1791642802.732 50015 9.020
1791642802.745 50018 11.911
1791642802.751 50020 11.711
1791642802.758 50023 8.445
1791642802.772 50026 11.985
1791642802.779 50028 12.150
1791642802.786 50031 8.736
1791642802.799 50034 11.840
1791642802.806 50036 12.252
1791642802.813 50039 8.993
1791642802.826 50042 12.359
1791642802.833 50044 12.134
1791642802.840 50047 8.875
1791642802.853 50050 11.811
1791642802.863 50052 13.135
1791642802.870 50055 12.035
1791642802.877 50058 8.552
1791642802.884 50060 8.469
1791642802.897 50063 11.867
1791642802.904 50066 8.522
1791642802.911 50068 8.693
1791642802.925 50071 12.270
1791642802.931 50074 8.793
1791642802.938 50076 8.946
1791642802.952 50079 12.357
1791642802.958 50082 8.581
1791642802.965 50084 8.521
1791642802.979 50087 12.337
1791642802.986 50090 8.924
1791642802.993 50092 9.004
1791642803.006 50095 12.121
1791642803.013 50098 9.437
1791642803.020 50100 8.758
1791642803.033 50103 11.852
1791642803.040 50106 8.474
1791642803.047 50108 8.958
1791642803.060 50111 12.149
1791642803.067 50114 8.494
1791642803.074 50116 8.527
1791642803.087 50119 11.885
1791642803.094 50122 8.457
1791642803.101 50124 8.437
1791642803.115 50127 12.693
1791642803.121 50130 8.781
1791642803.128 50132 8.896
1791642803.142 50135 12.055
1791642803.148 50138 8.519
1791642803.155 50140 8.390
1791642803.168 50143 11.880
1791642803.175 50146 8.375
1791642803.182 50148 8.417
1791642803.196 50151 11.950
1791642803.202 50154 8.481
1791642803.209 50156 8.486
1791642803.223 50159 11.931
1791642803.230 50162 8.853
1791642803.239 50164 11.022
1791642803.246 50167 8.416
1791642803.260 50170 11.846
1791642803.267 50172 11.825
1791642803.274 50175 8.696
1791642803.283 50178 7.737
1791642803.290 50180 8.443
1791642803.304 50183 11.890
1791642803.311 50186 8.479
1791642803.318 50188 8.376
1791642803.331 50191 11.910
1791642803.338 50194 8.464
1791642803.345 50196 8.459
1791642803.358 50199 11.949
1791642803.365 50202 8.397
1791642803.372 50204 8.475
1791642803.386 50207 11.975
1791642803.392 50210 8.449
1791642803.399 50212 8.402
1791642803.413 50215 11.797
1791642803.419 50218 8.427
1791642803.426 50220 8.381
1791642803.440 50223 12.056
1791642803.446 50226 8.437
1791642803.453 50228 8.396
1791642803.467 50231 11.956
1791642803.474 50234 8.860
1791642803.481 50236 8.799
1791642803.494 50239 12.220
1791642803.501 50242 8.899
1791642803.508 50244 9.189
1791642803.521 50247 11.809
1791642803.528 50250 8.534
1791642803.535 50252 8.395
1791642803.548 50255 11.914
1791642803.555 50258 8.473
1791642803.562 50260 8.507
1791642803.575 50263 11.921
1791642803.582 50266 8.647
1791642803.589 50268 8.511
1791642803.603 50271 12.226
1791642803.610 50274 8.757
1791642803.616 50276 8.882
1791642803.630 50279 12.121
1791642803.637 50282 8.600
1791642803.643 50284 8.382
1791642803.657 50287 12.071
1791642803.664 50290 9.106
1791642803.670 50292 8.597
1791642803.684 50295 12.084
1791642803.691 50298 8.481
1791642803.697 50300 8.402
1791642803.711 50303 11.898
1791642803.718 50306 8.600
1791642803.725 50308 8.443
1791642803.738 50311 12.145
1791642803.745 50314 8.684
1791642803.752 50316 8.618
1791642803.766 50319 12.102
1791642803.773 50322 9.572
1791642803.780 50324 9.523
1791642803.793 50327 12.137
1791642803.799 50330 8.583
1791642803.806 50332 8.873
1791642803.820 50335 12.320
1791642803.827 50338 8.781
1791642803.833 50340 8.788
1791642803.847 50343 12.190
1791642803.854 50346 8.908
1791642803.861 50348 8.768
1791642803.874 50351 11.980
1791642803.881 50354 8.584
1791642803.887 50356 8.524
1791642803.901 50359 12.044
1791642803.908 50362 8.511
1791642803.914 50364 8.431
1791642803.928 50367 11.819
1791642803.935 50370 8.517
1791642803.942 50372 8.418
1791642803.955 50375 12.077
1791642803.962 50378 8.515
1791642803.969 50380 8.565
1791642803.983 50383 12.220
1791642803.989 50386 8.616
1791642803.996 50388 8.651
1791642804.009 50391 11.872
1791642804.016 50394 8.468
1791642804.023 50396 8.483
1791642804.037 50399 12.009
1791642804.043 50402 8.432
1791642804.050 50404 8.695
1791642804.059 50407 7.044
1791642804.074 50410 12.015
1791642804.081 50412 12.195
1791642804.088 50415 8.599
1791642804.101 50418 12.022
1791642804.108 50420 11.746
1791642804.114 50423 8.401
1791642804.128 50426 11.849
1791642804.135 50428 12.251
1791642804.142 50431 8.777
1791642804.155 50434 12.084
1791642804.162 50436 11.779
1791642804.169 50439 8.424
1791642804.182 50442 11.859
1791642804.189 50444 11.961
1791642804.196 50447 8.590
1791642804.210 50450 11.804
1791642804.216 50452 11.871
1791642804.223 50455 8.374
1791642804.237 50458 11.715
1791642804.243 50460 11.736
1791642804.250 50463 8.386
1791642804.264 50466 11.861
1791642804.270 50468 11.686
1791642804.277 50471 8.490
1791642804.291 50474 11.857
1791642804.298 50476 11.862
1791642804.304 50479 8.409
1791642804.318 50482 11.826
1791642804.325 50484 11.749
1791642804.331 50487 8.388
1791642804.345 50490 11.923
1791642804.352 50492 12.243
1791642804.359 50495 8.860
1791642804.372 50498 11.978
1791642804.380 50500 12.557
1791642804.386 50503 8.916
1791642804.399 50506 11.896
1791642804.406 50508 11.762
1791642804.413 50511 8.416
1791642804.427 50514 11.878
1791642804.433 50516 11.809
1791642804.440 50519 8.364
1791642804.454 50522 12.053
1791642804.460 50524 11.711
1791642804.467 50527 8.547
1791642804.481 50530 12.037
1791642804.488 50532 12.006
1791642804.497 50535 10.889
1791642804.505 50538 9.028
1791642804.512 50540 9.012
1791642804.525 50543 11.946
1791642804.533 50546 9.460
1791642804.540 50548 9.882
1791642804.553 50551 12.166
1791642804.560 50554 9.835
1791642804.567 50556 9.853
1791642804.579 50559 11.696
1791642804.586 50562 8.750
1791642804.593 50564 8.923
1791642804.606 50567 11.835
1791642804.613 50570 8.445
1791642804.620 50572 8.417
1791642804.633 50575 11.906
1791642804.640 50578 8.675
1791642804.647 50580 8.885
1791642804.661 50583 12.258
1791642804.667 50586 8.485
1791642804.674 50588 8.770
1791642804.688 50591 12.193
1791642804.695 50594 8.920
1791642804.702 50596 8.815
1791642804.715 50599 11.845
1791642804.721 50602 8.359
1791642804.728 50604 8.379
1791642804.742 50607 11.917
1791642804.749 50610 8.473
1791642804.756 50612 8.449
1791642804.769 50615 11.959
1791642804.776 50618 8.464
1791642804.783 50620 8.439
1791642804.796 50623 12.122
1791642804.806 50626 11.649
1791642804.814 50628 12.220
1791642804.820 50631 8.690
1791642804.834 50634 12.557
1791642804.841 50636 12.254
1791642804.847 50639 8.812
1791642804.861 50642 12.000
1791642804.868 50644 12.226
1791642804.874 50647 8.450
1791642804.888 50650 11.946
1791642804.894 50652 11.851
1791642804.901 50655 8.421
1791642804.915 50658 11.978
1791642804.922 50660 11.751
1791642804.929 50663 8.488
1791642804.942 50666 12.126
1791642804.949 50668 12.338
1791642804.956 50671 8.465
1791642804.969 50674 11.992
1791642804.976 50676 11.817
1791642804.983 50679 8.429
1791642804.997 50682 12.112
1791642805.003 50684 12.149
1791642805.010 50687 8.754
1791642805.023 50690 11.994
1791642805.030 50692 11.884
1791642805.037 50695 8.494
1791642805.051 50698 11.931
1791642805.057 50700 11.720
1791642805.064 50703 8.383
1791642805.078 50706 11.913
1791642805.084 50708 11.851
1791642805.091 50711 8.548
1791642805.105 50714 11.882
1791642805.111 50716 11.701
1791642805.118 50719 8.432
1791642805.132 50722 11.890
1791642805.139 50724 11.877
1791642805.145 50727 8.354
1791642805.159 50730 11.923
1791642805.166 50732 11.932
1791642805.173 50735 8.399
1791642805.186 50738 11.951
1791642805.193 50740 11.836
1791642805.200 50743 8.467
1791642805.213 50746 11.850
1791642805.220 50748 11.776
1791642805.227 50751 8.394
1791642805.241 50754 11.843
1791642805.247 50756 11.743
1791642805.254 50759 8.434
1791642805.268 50762 11.889
1791642805.274 50764 11.869
1791642805.281 50767 8.405
1791642805.295 50770 11.929
1791642805.301 50772 11.728
1791642805.309 50775 8.905
1791642805.322 50778 11.871
1791642805.329 50780 11.851
1791642805.335 50783 8.443
1791642805.349 50786 11.854
1791642805.356 50788 11.934
1791642805.362 50791 8.386
1791642805.376 50794 11.974
1791642805.383 50796 11.550
1791642805.390 50799 8.482
1791642805.403 50802 12.165
1791642805.410 50804 11.736
1791642805.417 50807 8.474
1791642805.430 50810 12.003
1791642805.437 50812 11.989
1791642805.444 50815 8.437
1791642805.458 50818 12.094
1791642805.464 50820 11.827
1791642805.471 50823 8.910
1791642805.485 50826 11.981
1791642805.491 50828 11.787
1791642805.498 50831 8.413
1791642805.512 50834 12.362
1791642805.519 50836 11.696
1791642805.526 50839 8.776
1791642805.539 50842 12.129
1791642805.547 50844 12.004
1791642805.553 50847 9.412
1791642805.567 50850 12.409
1791642805.574 50852 12.093
1791642805.581 50855 9.857
1791642805.594 50858 12.005
1791642805.601 50860 12.356
1791642805.607 50863 8.913
1791642805.620 50866 11.774
1791642805.627 50868 11.733
1791642805.634 50871 8.387
1791642805.647 50874 11.783
1791642805.654 50876 11.716
1791642805.661 50879 8.418
1791642805.675 50882 12.065
1791642805.681 50884 11.794
1791642805.688 50887 8.443
1791642805.702 50890 12.031
1791642805.708 50892 11.813
1791642805.715 50895 8.440
1791642805.729 50898 12.457
1791642805.736 50900 12.562
1791642805.743 50903 9.300
1791642805.757 50906 12.633
1791642805.763 50908 12.570
1791642805.770 50911 9.104
1791642805.785 50914 12.436
1791642805.791 50916 12.089
1791642805.797 50919 9.102
1791642805.811 50922 12.621
1791642805.818 50924 12.616
1791642805.824 50927 9.096
1791642805.837 50930 11.853
1791642805.844 50932 11.736
1791642805.851 50935 8.621
1791642805.865 50938 12.043
1791642805.871 50940 11.815
1791642805.878 50943 8.459
1791642805.892 50946 12.248
1791642805.899 50948 12.385
1791642805.905 50951 8.827
1791642805.919 50954 12.212
1791642805.926 50956 12.263
1791642805.933 50959 8.822
1791642805.947 50962 12.545
1791642805.953 50964 12.196
1791642805.960 50967 8.901
1791642805.973 50970 12.159
1791642805.980 50972 12.038
1791642805.987 50975 8.492
1791642806.000 50978 12.236
1791642806.007 50980 12.290
1791642806.014 50983 8.618
1791642806.027 50986 11.975
1791642806.034 50988 12.085
1791642806.041 50991 8.795
1791642806.054 50994 11.854
1791642806.061 50996 11.786
1791642806.068 50999 8.614
1791642806.082 51002 12.126
1791642806.088 51004 11.866
1791642806.095 51007 8.692
1791642806.109 51010 11.998
1791642806.116 51012 11.985
1791642806.122 51015 8.547
1791642806.136 51018 12.040
1791642806.143 51020 11.921
1791642806.149 51023 8.420
1791642806.163 51026 12.228
1791642806.170 51028 11.881
1791642806.176 51031 8.399
1791642806.190 51034 11.944
1791642806.197 51036 11.896
1791642806.203 51039 8.424
1791642806.217 51042 12.132
1791642806.224 51044 11.880
1791642806.231 51047 8.626
1791642806.244 51050 11.715
1791642806.252 51052 13.284
1791642806.260 51055 10.238
1791642806.272 51058 12.374
1791642806.279 51060 12.224
1791642806.285 51063 8.915
1791642806.299 51066 12.374
1791642806.306 51068 12.404
1791642806.312 51071 8.860
1791642806.326 51074 12.011
1791642806.332 51076 11.795
1791642806.339 51079 8.620
1791642806.353 51082 12.120
1791642806.360 51084 11.901
1791642806.366 51087 8.428
1791642806.380 51090 12.066
1791642806.387 51092 11.732
1791642806.394 51095 8.566
1791642806.407 51098 12.310
1791642806.414 51100 11.798
1791642806.421 51103 8.614
1791642806.434 51106 12.052
1791642806.441 51108 11.748
1791642806.448 51111 8.418
1791642806.461 51114 11.995
1791642806.468 51116 12.032
1791642806.475 51119 8.597
1791642806.489 51122 12.072
1791642806.495 51124 11.667
1791642806.502 51127 8.499
1791642806.516 51130 12.063
1791642806.522 51132 11.924
1791642806.529 51135 8.512
1791642806.543 51138 12.139
1791642806.550 51140 11.919
1791642806.558 51143 9.942
1791642806.571 51146 12.369
1791642806.578 51148 12.518
1791642806.585 51151 9.885
1791642806.598 51154 12.838
1791642806.605 51156 12.122
1791642806.612 51159 9.517
1791642806.626 51162 12.947
1791642806.632 51164 12.169
1791642806.639 51167 9.422
1791642806.652 51170 12.267
1791642806.658 51172 12.270
1791642806.665 51175 8.924
1791642806.678 51178 12.071
1791642806.685 51180 11.691
1791642806.692 51183 8.393
1791642806.706 51186 11.902
1791642806.712 51188 11.792
1791642806.719 51191 8.464
1791642806.733 51194 11.870
1791642806.739 51196 11.923
1791642806.746 51199 8.425
1791642806.760 51202 12.209
1791642806.767 51204 12.116
1791642806.774 51207 8.906
1791642806.787 51210 12.016
1791642806.794 51212 12.355
1791642806.801 51215 8.979
1791642806.815 51218 12.381
1791642806.821 51220 12.368
1791642806.828 51223 8.964
1791642806.842 51226 12.282
1791642806.848 51228 12.408
1791642806.855 51231 8.906
1791642806.868 51234 11.961
1791642806.878 51236 13.105
1791642806.886 51239 12.481
1791642806.892 51242 8.934
1791642806.899 51244 8.942
1791642806.912 51247 12.007
1791642806.919 51250 8.434
1791642806.926 51252 8.493
1791642806.939 51255 11.886
1791642806.946 51258 8.403
1791642806.953 51260 8.397
1791642806.967 51263 12.143
1791642806.973 51266 8.453
1791642806.980 51268 8.519
1791642806.994 51271 12.009
1791642807.000 51274 8.475
1791642807.007 51276 8.557
1791642807.021 51279 12.047
1791642807.028 51282 8.629
1791642807.034 51284 8.424
1791642807.048 51287 12.389
1791642807.055 51290 8.706
1791642807.062 51292 8.527
1791642807.075 51295 12.228
1791642807.085 51298 12.036
1791642807.092 51300 11.839
1791642807.099 51303 8.473
1791642807.113 51306 12.042
1791642807.119 51308 11.893
1791642807.126 51311 8.465
1791642807.140 51314 12.038
1791642807.147 51316 12.097
1791642807.154 51319 9.099
1791642807.167 51322 12.191
1791642807.174 51324 12.276
1791642807.181 51327 8.977
1791642807.194 51330 12.287
1791642807.201 51332 12.358
1791642807.208 51335 8.847
1791642807.222 51338 12.537
1791642807.228 51340 12.595
1791642807.235 51343 8.988
1791642807.248 51346 11.993
1791642807.255 51348 12.084
1791642807.262 51351 8.539
1791642807.275 51354 11.966
1791642807.282 51356 11.794
1791642807.289 51359 8.636
1791642807.302 51362 11.838
1791642807.309 51364 12.020
1791642807.316 51367 8.524
1791642807.330 51370 12.058
1791642807.337 51372 12.107
1791642807.343 51375 8.652
1791642807.357 51378 12.277
1791642807.364 51380 11.875
1791642807.370 51383 8.502
1791642807.384 51386 12.074
1791642807.391 51388 11.881
1791642807.397 51391 8.398
1791642807.411 51394 12.013
1791642807.420 51396 12.365
1791642807.428 51399 11.844
1791642807.435 51402 8.555
1791642807.441 51404 8.404
1791642807.455 51407 11.964
1791642807.462 51410 8.517
1791642807.469 51412 8.624
1791642807.482 51415 12.044
1791642807.489 51418 8.502
1791642807.496 51420 8.470
1791642807.509 51423 11.729
1791642807.516 51426 8.473
1791642807.523 51428 8.551
1791642807.536 51431 11.916
1791642807.543 51434 8.484
1791642807.550 51436 8.440
1791642807.564 51439 12.512
1791642807.570 51442 8.704
1791642807.577 51444 8.768
1791642807.591 51447 12.631
1791642807.597 51450 8.634
1791642807.604 51452 8.579
1791642807.618 51455 12.058
1791642807.625 51458 8.680
1791642807.631 51460 8.564
1791642807.645 51463 11.884
1791642807.652 51466 8.672
1791642807.658 51468 8.567
1791642807.672 51471 11.921
1791642807.679 51474 8.496
1791642807.685 51476 8.499
1791642807.699 51479 12.014
1791642807.706 51482 8.445
1791642807.713 51484 8.404
1791642807.726 51487 11.922
1791642807.733 51490 8.503
1791642807.740 51492 8.577
1791642807.754 51495 12.157
1791642807.760 51498 8.471
1791642807.767 51500 8.804
1791642807.781 51503 12.213
1791642807.788 51506 8.805
1791642807.794 51508 8.867
1791642807.808 51511 12.133
1791642807.815 51514 8.931
1791642807.821 51516 8.752
1791642807.835 51519 12.260
1791642807.842 51522 8.867
1791642807.849 51524 8.744
1791642807.862 51527 12.198
1791642807.869 51530 8.835
1791642807.879 51532 11.703
1791642807.886 51535 8.822
1791642807.899 51538 11.856
1791642807.906 51540 11.713
1791642807.913 51543 8.383
1791642807.926 51546 12.062
1791642807.933 51548 11.708
1791642807.940 51551 8.436
1791642807.953 51554 11.948
1791642807.960 51556 11.929
1791642807.967 51559 8.432
1791642807.981 51562 12.104
1791642807.987 51564 11.714
1791642807.994 51567 8.414
1791642808.008 51570 11.870
1791642808.014 51572 11.783
1791642808.021 51575 8.442
1791642808.035 51578 12.438
1791642808.042 51580 11.923
1791642808.048 51583 8.595
1791642808.062 51586 11.995
1791642808.069 51588 11.725
1791642808.075 51591 8.388
1791642808.089 51594 11.949
1791642808.096 51596 11.770
1791642808.103 51599 8.729
1791642808.116 51602 12.011
1791642808.123 51604 12.044
1791642808.130 51607 8.455
1791642808.143 51610 11.969
1791642808.150 51612 11.702
1791642808.157 51615 8.478
1791642808.171 51618 12.029
1791642808.177 51620 11.714
1791642808.184 51623 8.576
1791642808.198 51626 12.101
1791642808.204 51628 11.846
1791642808.211 51631 8.493
1791642808.225 51634 12.014
1791642808.232 51636 12.131
1791642808.238 51639 8.587
1791642808.252 51642 12.223
1791642808.259 51644 11.757
1791642808.265 51647 8.402
1791642808.279 51650 12.339
1791642808.286 51652 12.143
1791642808.293 51655 9.041
1791642808.306 51658 11.828
1791642808.313 51660 11.883
1791642808.320 51663 8.860
1791642808.333 51666 11.975
1791642808.340 51668 12.287
1791642808.347 51671 8.837
1791642808.360 51674 11.933
1791642808.367 51676 11.748
1791642808.374 51679 8.464
1791642808.388 51682 12.001
1791642808.394 51684 11.912
1791642808.401 51687 8.804
1791642808.415 51690 12.602
1791642808.422 51692 12.306
1791642808.428 51695 8.586
1791642808.442 51698 12.165
1791642808.449 51700 11.711
1791642808.455 51703 8.396
1791642808.469 51706 12.369
1791642808.476 51708 11.729
1791642808.482 51711 8.412
1791642808.496 51714 12.136
1791642808.503 51716 11.909
1791642808.510 51719 8.544
1791642808.523 51722 11.957
1791642808.530 51724 11.775
1791642808.537 51727 8.382
1791642808.550 51730 11.806
1791642808.557 51732 11.831
1791642808.564 51735 8.463
1791642808.577 51738 11.692
1791642808.584 51740 11.717
1791642808.591 51743 8.788
1791642808.606 51746 12.165
1791642808.613 51748 12.853
1791642808.620 51751 9.940
1791642808.633 51754 12.636
1791642808.640 51756 12.789
1791642808.647 51759 9.943
1791642808.660 51762 12.475
1791642808.667 51764 12.339
1791642808.673 51767 9.478
1791642808.686 51770 11.503
1791642808.693 51772 11.755
1791642808.700 51775 8.535
1791642808.713 51778 11.916
1791642808.720 51780 11.884
1791642808.727 51783 8.547
1791642808.740 51786 11.782
1791642808.747 51788 11.894
1791642808.754 51791 8.523
1791642808.767 51794 11.907
1791642808.774 51796 11.769
1791642808.781 51799 8.543
1791642808.795 51802 11.957
1791642808.801 51804 12.002
1791642808.808 51807 8.573
1791642808.822 51810 11.962
1791642808.828 51812 11.830
1791642808.835 51815 8.608
1791642808.849 51818 11.972
1791642808.855 51820 11.791
1791642808.862 51823 8.390
1791642808.876 51826 12.088
1791642808.883 51828 11.998
1791642808.890 51831 9.032
1791642808.903 51834 11.915
1791642808.910 51836 12.187
1791642808.917 51839 8.889
1791642808.930 51842 12.150
1791642808.937 51844 12.334
1791642808.944 51847 8.891
1791642808.957 51850 11.911
1791642808.964 51852 12.100
1791642808.971 51855 8.767
1791642808.985 51858 12.428
1791642808.991 51860 12.210
1791642808.998 51863 8.811
1791642809.012 51866 12.036
1791642809.019 51868 12.210
1791642809.025 51871 8.744
1791642809.039 51874 12.064
1791642809.045 51876 11.948
1791642809.052 51879 8.707
1791642809.067 51882 12.232
1791642809.074 51884 12.766
1791642809.080 51887 9.495
1791642809.094 51890 11.999
1791642809.101 51892 13.000
1791642809.108 51895 9.693
1791642809.122 51898 13.019
1791642809.128 51900 12.276
1791642809.135 51903 9.764
1791642809.149 51906 12.695
1791642809.155 51908 12.223
1791642809.162 51911 9.483
1791642809.176 51914 12.438
1791642809.182 51916 12.048
1791642809.189 51919 9.654
1791642809.203 51922 12.806
1791642809.210 51924 12.551
1791642809.216 51927 9.441
1791642809.230 51930 12.390
1791642809.237 51932 12.475
1791642809.243 51935 9.865
1791642809.257 51938 12.429
1791642809.263 51940 12.104
1791642809.271 51943 9.972
1791642809.284 51946 12.739
1791642809.291 51948 12.227
1791642809.298 51951 9.934
1791642809.311 51954 12.023
1791642809.318 51956 12.761
1791642809.325 51959 9.853
1791642809.338 51962 12.755
1791642809.345 51964 12.414
1791642809.352 51967 9.852
1791642809.366 51970 12.369
1791642809.372 51972 12.351
1791642809.379 51975 9.837
1791642809.392 51978 12.021
1791642809.398 51980 11.789
1791642809.405 51983 8.843
1791642809.418 51986 11.939
1791642809.425 51988 12.184
1791642809.432 51991 8.771
1791642809.446 51994 11.979
1791642809.452 51996 12.034
1791642809.459 51999 8.375
1791642809.473 52002 12.054
1791642809.479 52004 11.874
1791642809.486 52007 8.358
1791642809.500 52010 11.797
1791642809.507 52012 11.841
1791642809.513 52015 8.424
1791642809.527 52018 11.993
1791642809.534 52020 11.769
1791642809.540 52023 8.421
1791642809.554 52026 11.830
1791642809.561 52028 11.966
1791642809.568 52031 8.390
1791642809.581 52034 11.982
1791642809.588 52036 11.705
1791642809.595 52039 9.170
1791642809.609 52042 11.949
1791642809.615 52044 11.756
1791642809.622 52047 8.474
1791642809.636 52050 12.031
1791642809.642 52052 11.620
1791642809.649 52055 8.394
1791642809.663 52058 11.887
1791642809.669 52060 11.749
1791642809.676 52063 8.372
1791642809.690 52066 11.805
1791642809.696 52068 11.823
1791642809.703 52071 8.374
1791642809.717 52074 12.051
1791642809.724 52076 11.723
1791642809.730 52079 8.506
1791642809.744 52082 12.046
1791642809.751 52084 12.094
1791642809.758 52087 8.767
1791642809.771 52090 11.880
1791642809.778 52092 11.846
1791642809.785 52095 8.411
1791642809.798 52098 11.873
1791642809.805 52100 11.940
1791642809.812 52103 8.505
1791642809.825 52106 12.031
1791642809.832 52108 11.671
1791642809.839 52111 8.409
1791642809.852 52114 11.957
1791642809.859 52116 12.002
1791642809.866 52119 8.402
1791642809.880 52122 12.143
1791642809.886 52124 11.756
1791642809.894 52127 9.805
1791642809.902 52130 7.115
1791642809.910 52132 8.860
1791642809.924 52135 11.982
1791642809.931 52138 8.887
1791642809.937 52140 8.491
1791642809.951 52143 11.839
1791642809.957 52146 8.404
1791642809.964 52148 8.361
1791642809.978 52151 11.898
1791642809.985 52154 8.515
1791642809.992 52156 8.445
1791642810.005 52159 12.020
1791642810.012 52162 8.465
1791642810.019 52164 8.845
1791642810.033 52167 12.264
1791642810.039 52170 8.833
1791642810.046 52172 8.726
1791642810.060 52175 12.258
1791642810.066 52178 8.911
1791642810.074 52180 9.842
1791642810.088 52183 12.746
1791642810.095 52186 9.811
1791642810.102 52188 10.594
1791642810.111 52191 9.058
1791642810.124 52194 12.186
1791642810.131 52196 12.362
1791642810.138 52199 8.853
1791642810.151 52202 12.143
1791642810.158 52204 12.150
1791642810.165 52207 8.794
1791642810.178 52210 12.063
1791642810.185 52212 11.831
1791642810.192 52215 8.781
1791642810.205 52218 11.812
1791642810.212 52220 12.162
1791642810.219 52223 8.490
1791642810.232 52226 12.012
1791642810.239 52228 11.810
1791642810.246 52231 8.473
1791642810.259 52234 11.827
1791642810.266 52236 11.775
1791642810.273 52239 8.446
1791642810.287 52242 11.915
1791642810.293 52244 11.992
1791642810.300 52247 8.416
1791642810.314 52250 12.070
1791642810.320 52252 11.812
1791642810.327 52255 8.398
1791642810.341 52258 11.956
1791642810.348 52260 11.758
1791642810.354 52263 8.392
1791642810.368 52266 11.894
1791642810.375 52268 11.843
1791642810.381 52271 8.442
1791642810.395 52274 11.750
1791642810.402 52276 11.846
1791642810.409 52279 8.511
1791642810.422 52282 11.938
1791642810.429 52284 11.945
1791642810.436 52287 8.563
1791642810.449 52290 11.995
1791642810.456 52292 11.835
1791642810.463 52295 8.398
1791642810.476 52298 11.938
1791642810.483 52300 11.674
1791642810.490 52303 8.490
1791642810.504 52306 12.061
1791642810.510 52308 11.789
1791642810.517 52311 8.436
1791642810.531 52314 12.130
1791642810.538 52316 11.888
1791642810.544 52319 8.529
1791642810.558 52322 11.943
1791642810.565 52324 11.864
1791642810.571 52327 8.377
1791642810.585 52330 12.148
1791642810.593 52332 12.147
1791642810.600 52335 10.152
1791642810.614 52338 12.738
1791642810.620 52340 12.394
1791642810.627 52343 9.579
1791642810.641 52346 12.392
1791642810.647 52348 12.052
1791642810.654 52351 9.877
1791642810.668 52354 12.782
1791642810.675 52356 12.423
1791642810.681 52359 9.886
1791642810.695 52362 12.450
1791642810.701 52364 12.153
1791642810.708 52367 9.868
1791642810.722 52370 12.434
1791642810.729 52372 12.171
1791642810.735 52375 9.523
1791642810.749 52378 12.049
1791642810.756 52380 12.795
1791642810.763 52383 9.845
1791642810.776 52386 12.336
1791642810.783 52388 12.412
1791642810.790 52391 9.878
1791642810.803 52394 11.994
1791642810.809 52396 11.840
1791642810.816 52399 8.569
1791642810.829 52402 11.832
1791642810.836 52404 12.243
1791642810.843 52407 9.003
1791642810.856 52410 11.975
1791642810.863 52412 11.802
1791642810.870 52415 8.454
1791642810.883 52418 12.023
1791642810.891 52420 12.200
1791642810.897 52423 8.534
1791642810.911 52426 12.117
1791642810.917 52428 11.712
1791642810.924 52431 8.428
1791642810.938 52434 11.959
1791642810.945 52436 12.254
1791642810.951 52439 8.832
1791642810.965 52442 12.026
1791642810.971 52444 11.783
1791642810.978 52447 8.412
1791642810.992 52450 12.045
1791642810.999 52452 11.744
1791642811.005 52455 8.380
1791642811.019 52458 11.977
1791642811.026 52460 11.719
1791642811.032 52463 8.375
1791642811.046 52466 11.913
1791642811.053 52468 11.976
1791642811.060 52471 8.560
1791642811.073 52474 11.938
1791642811.080 52476 11.834
1791642811.087 52479 8.464
1791642811.101 52482 12.052
1791642811.107 52484 11.719
1791642811.114 52487 8.419
1791642811.128 52490 12.442
1791642811.135 52492 12.379
1791642811.142 52495 8.922
1791642811.155 52498 11.964
1791642811.161 52500 11.897
1791642811.168 52503 8.449
1791642811.182 52506 12.281
1791642811.189 52508 12.215
1791642811.195 52511 8.463
1791642811.209 52514 12.231
1791642811.216 52516 12.227
1791642811.223 52519 8.849
1791642811.236 52522 12.025
1791642811.243 52524 11.831
1791642811.250 52527 8.524
1791642811.263 52530 11.939
1791642811.270 52532 11.723
1791642811.277 52535 8.378
1791642811.290 52538 11.941
1791642811.297 52540 11.794
1791642811.304 52543 8.439
1791642811.318 52546 12.044
1791642811.324 52548 11.826
1791642811.331 52551 8.478
1791642811.345 52554 11.992
1791642811.351 52556 11.749
1791642811.358 52559 8.414
1791642811.372 52562 12.150
1791642811.379 52564 11.915
1791642811.385 52567 8.456
1791642811.399 52570 12.288
1791642811.406 52572 12.278
1791642811.413 52575 8.941
1791642811.426 52578 11.762
1791642811.433 52580 11.764
1791642811.440 52583 8.470
1791642811.453 52586 12.033
1791642811.460 52588 11.947
1791642811.467 52591 8.421
1791642811.480 52594 11.849
1791642811.487 52596 11.737
1791642811.494 52599 8.469
1791642811.508 52602 12.217
1791642811.515 52604 12.005
1791642811.521 52607 8.834
1791642811.534 52610 11.642
1791642811.542 52612 12.191
1791642811.549 52615 9.090
1791642811.562 52618 12.085
1791642811.568 52620 11.664
1791642811.575 52623 8.624
1791642811.589 52626 12.200
1791642811.596 52628 12.283
1791642811.603 52631 8.764
1791642811.617 52634 12.511
1791642811.623 52636 12.164
1791642811.630 52639 8.647
1791642811.643 52642 11.967
1791642811.650 52644 12.113
1791642811.657 52647 8.861
1791642811.670 52650 11.950
1791642811.677 52652 12.255
1791642811.684 52655 8.919
1791642811.697 52658 11.804
1791642811.704 52660 11.718
1791642811.711 52663 8.404
1791642811.724 52666 11.882
1791642811.731 52668 11.783
1791642811.738 52671 8.395
1791642811.752 52674 12.070
1791642811.758 52676 11.701
1791642811.765 52679 8.414
1791642811.779 52682 11.883
1791642811.785 52684 11.842
1791642811.792 52687 8.384
1791642811.806 52690 11.982
1791642811.813 52692 11.774
1791642811.819 52695 8.640
1791642811.833 52698 12.149
1791642811.840 52700 11.844
1791642811.846 52703 8.390
1791642811.860 52706 12.165
1791642811.867 52708 11.797
1791642811.874 52711 8.634
1791642811.887 52714 12.001
1791642811.894 52716 11.900
1791642811.901 52719 8.452
1791642811.915 52722 12.193
1791642811.921 52724 11.787
1791642811.928 52727 8.511
1791642811.942 52730 12.020
1791642811.948 52732 11.716
1791642811.955 52735 8.412
1791642811.969 52738 12.249
1791642811.975 52740 11.752
1791642811.982 52743 8.409
1791642811.996 52746 12.564
1791642812.003 52748 12.177
1791642812.010 52751 9.224
1791642812.023 52754 11.876
1791642812.030 52756 11.912
1791642812.036 52759 8.470
1791642812.050 52762 11.850
1791642812.057 52764 11.788
1791642812.064 52767 8.519
1791642812.077 52770 11.931
1791642812.084 52772 11.898
1791642812.091 52775 8.511
1791642812.105 52778 12.278
1791642812.112 52780 12.557
1791642812.118 52783 8.770
1791642812.132 52786 12.107
1791642812.138 52788 11.948
1791642812.145 52791 8.562
1791642812.159 52794 11.867
1791642812.165 52796 11.863
1791642812.172 52799 8.663
1791642812.186 52802 12.133
1791642812.192 52804 11.805
1791642812.199 52807 8.691
1791642812.213 52810 12.058
1791642812.220 52812 11.868
1791642812.226 52815 8.464
1791642812.240 52818 11.976
1791642812.247 52820 11.930
1791642812.254 52823 8.546
1791642812.267 52826 11.993
1791642812.274 52828 11.814
1791642812.281 52831 8.489
1791642812.294 52834 12.263
1791642812.304 52836 12.605
1791642812.311 52839 12.198
1791642812.318 52842 8.927
1791642812.325 52844 8.720
1791642812.338 52847 11.652
1791642812.345 52850 8.637
1791642812.352 52852 8.561
1791642812.365 52855 11.976
1791642812.372 52858 8.449
1791642812.379 52860 8.409
1791642812.393 52863 12.065
1791642812.399 52866 8.522
1791642812.406 52868 8.459
1791642812.420 52871 11.987
1791642812.426 52874 8.403
1791642812.433 52876 8.403
1791642812.447 52879 12.364
1791642812.454 52882 8.732
1791642812.460 52884 8.337
1791642812.474 52887 11.949
1791642812.482 52890 9.526
1791642812.489 52892 9.953
1791642812.501 52895 11.797
1791642812.511 52898 11.686
1791642812.518 52900 12.140
1791642812.525 52903 8.771
1791642812.539 52906 12.242
1791642812.546 52908 12.540
1791642812.552 52911 8.642
1791642812.565 52914 11.876
1791642812.572 52916 12.100
1791642812.579 52919 8.771
1791642812.593 52922 11.964
1791642812.600 52924 12.136
1791642812.607 52927 9.098
1791642812.620 52930 11.797
1791642812.627 52932 12.229
1791642812.634 52935 9.061
1791642812.648 52938 12.579
1791642812.654 52940 12.189
1791642812.661 52943 8.958
1791642812.674 52946 12.045
1791642812.681 52948 11.755
1791642812.688 52951 8.533
1791642812.701 52954 12.160
1791642812.708 52956 12.005
1791642812.715 52959 8.527
1791642812.729 52962 12.265
1791642812.735 52964 11.893
1791642812.742 52967 8.851
1791642812.752 52970 8.902
1791642812.759 52972 8.685
1791642812.772 52975 11.895
1791642812.779 52978 8.450
1791642812.786 52980 9.026
1791642812.800 52983 12.241
1791642812.806 52986 8.689
1791642812.813 52988 8.513
1791642812.827 52991 11.931
1791642812.833 52994 8.465
1791642812.840 52996 8.673
1791642812.854 52999 11.943
1791642812.861 53002 9.042
1791642812.867 53004 8.505
1791642812.881 53007 11.974
1791642812.888 53010 9.227
1791642812.895 53012 8.934
1791642812.909 53015 12.433
1791642812.915 53018 8.647
1791642812.922 53020 8.921
1791642812.935 53023 12.134
1791642812.945 53026 12.005
1791642812.952 53028 11.976
1791642812.959 53031 8.729
1791642812.973 53034 11.978
1791642812.979 53036 11.877
1791642812.986 53039 8.483
1791642813.000 53042 12.078
1791642813.006 53044 11.885
1791642813.013 53047 8.646
1791642813.027 53050 12.298
1791642813.034 53052 11.855
1791642813.041 53055 8.947
1791642813.054 53058 12.091
1791642813.061 53060 12.023
1791642813.067 53063 8.631
1791642813.081 53066 12.478
1791642813.088 53068 12.458
1791642813.095 53071 8.981
1791642813.109 53074 12.559
1791642813.115 53076 12.568
1791642813.122 53079 8.959
1791642813.136 53082 12.323
1791642813.142 53084 12.059
1791642813.149 53087 8.539
1791642813.163 53090 12.137
1791642813.169 53092 12.115
1791642813.176 53095 8.649
1791642813.189 53098 12.034
1791642813.196 53100 11.918
1791642813.203 53103 8.490
1791642813.217 53106 12.211
1791642813.224 53108 12.216
1791642813.230 53111 8.879
1791642813.244 53114 11.982
1791642813.251 53116 12.611
1791642813.257 53119 8.554
1791642813.271 53122 11.980
1791642813.278 53124 11.963
1791642813.284 53127 8.429
1791642813.298 53130 11.955
1791642813.305 53132 11.712
1791642813.311 53135 8.391
1791642813.325 53138 11.771
1791642813.332 53140 11.802
1791642813.338 53143 8.407
1791642813.352 53146 12.079
1791642813.359 53148 11.547
1791642813.366 53151 8.508
1791642813.380 53154 12.096
1791642813.386 53156 11.988
1791642813.393 53159 8.529
1791642813.407 53162 11.812
1791642813.413 53164 11.969
1791642813.421 53167 9.442
1791642813.434 53170 12.305
1791642813.441 53172 12.380
1791642813.448 53175 8.963
1791642813.461 53178 11.769
1791642813.467 53180 11.828
1791642813.474 53183 8.371
1791642813.488 53186 12.108
1791642813.495 53188 11.732
1791642813.501 53191 8.468
1791642813.515 53194 11.753
1791642813.522 53196 11.708
1791642813.529 53199 8.456
1791642813.542 53202 12.279
1791642813.550 53204 12.547
1791642813.557 53207 9.456
1791642813.571 53210 12.428
1791642813.577 53212 12.062
1791642813.584 53215 9.497
1791642813.598 53218 12.630
1791642813.604 53220 12.218
1791642813.610 53223 8.822
1791642813.623 53226 11.909
1791642813.630 53228 12.044
1791642813.637 53231 8.730
1791642813.651 53234 12.100
1791642813.657 53236 11.803
1791642813.664 53239 8.735
1791642813.678 53242 12.282
1791642813.685 53244 12.336
1791642813.691 53247 8.507
1791642813.705 53250 12.068
1791642813.711 53252 11.719
1791642813.718 53255 8.427
1791642813.732 53258 12.088
1791642813.739 53260 11.858
1791642813.746 53263 8.567
1791642813.759 53266 12.036
1791642813.766 53268 11.910
1791642813.773 53271 8.450
1791642813.786 53274 11.993
1791642813.793 53276 11.844
1791642813.800 53279 8.506
1791642813.814 53282 11.987
1791642813.820 53284 11.903
1791642813.828 53287 9.045
1791642813.841 53290 11.804
1791642813.847 53292 11.793
1791642813.854 53295 8.454
1791642813.868 53298 11.825
1791642813.874 53300 11.817
1791642813.881 53303 8.741
1791642813.895 53306 11.856
1791642813.902 53308 12.234
1791642813.909 53311 8.985
1791642813.922 53314 12.291
1791642813.929 53316 12.143
1791642813.936 53319 8.952
1791642813.949 53322 11.931
1791642813.956 53324 12.066
1791642813.963 53327 8.481
1791642813.976 53330 12.184
1791642813.983 53332 11.800
1791642813.990 53335 8.426
1791642814.004 53338 12.430
1791642814.011 53340 12.450
1791642814.017 53343 8.922
1791642814.031 53346 11.966
1791642814.037 53348 11.942
1791642814.044 53351 8.463
1791642814.058 53354 12.177
1791642814.065 53356 12.104
1791642814.071 53359 8.798
1791642814.085 53362 11.778
1791642814.092 53364 12.203
1791642814.099 53367 9.205
1791642814.112 53370 12.000
1791642814.119 53372 12.178
1791642814.125 53375 8.609
1791642814.139 53378 11.951
1791642814.146 53380 11.962
1791642814.153 53383 8.947
1791642814.166 53386 11.919
1791642814.173 53388 11.823
1791642814.180 53391 8.828
1791642814.194 53394 12.620
1791642814.200 53396 12.400
1791642814.207 53399 9.029
1791642814.220 53402 11.980
1791642814.227 53404 12.240
1791642814.237 53407 11.728
1791642814.244 53410 8.852
1791642814.251 53412 8.980
1791642814.265 53415 12.072
1791642814.271 53418 8.389
1791642814.278 53420 8.930
1791642814.292 53423 11.858
1791642814.298 53426 8.386
1791642814.305 53428 8.425
1791642814.319 53431 11.974
1791642814.325 53434 8.490
1791642814.332 53436 8.420
1791642814.346 53439 11.934
1791642814.353 53442 8.553
1791642814.359 53444 8.401
1791642814.373 53447 12.175
1791642814.380 53450 8.622
1791642814.386 53452 8.492
1791642814.400 53455 11.879
1791642814.407 53458 8.402
1791642814.414 53460 8.369
1791642814.427 53463 12.011
1791642814.434 53466 8.802
1791642814.441 53468 8.752
1791642814.454 53471 11.739
1791642814.461 53474 8.514
1791642814.468 53476 8.691
1791642814.481 53479 11.903
1791642814.488 53482 8.443
1791642814.495 53484 8.463
1791642814.509 53487 12.625
1791642814.515 53490 8.561
1791642814.522 53492 8.433
1791642814.536 53495 12.129
1791642814.543 53498 8.797
1791642814.550 53500 8.976
1791642814.563 53503 12.051
1791642814.570 53506 8.846
1791642814.577 53508 9.105
1791642814.590 53511 11.775
1791642814.597 53514 8.402
1791642814.604 53516 8.439
1791642814.617 53519 11.925
1791642814.624 53522 8.524
1791642814.631 53524 8.398
1791642814.644 53527 11.851
1791642814.651 53530 8.431
1791642814.658 53532 8.466
1791642814.672 53535 12.065
1791642814.678 53538 8.466
1791642814.685 53540 8.449
1791642814.699 53543 12.421
1791642814.706 53546 8.790
1791642814.712 53548 8.595
1791642814.726 53551 12.021
1791642814.732 53554 8.402
1791642814.739 53556 8.628
1791642814.753 53559 11.891
1791642814.760 53562 8.897
1791642814.767 53564 8.856
1791642814.780 53567 12.141
1791642814.787 53570 8.876
1791642814.793 53572 8.537
1791642814.807 53575 11.905
1791642814.814 53578 8.436
1791642814.820 53580 8.395
1791642814.834 53583 11.758
1791642814.841 53586 8.412
1791642814.848 53588 8.453
1791642814.862 53591 12.237
1791642814.868 53594 8.578
1791642814.875 53596 8.584
1791642814.889 53599 12.170
1791642814.898 53602 11.351
1791642814.906 53604 12.313
1791642814.912 53607 8.744
1791642814.926 53610 12.188
1791642814.933 53612 12.154
1791642814.940 53615 8.893
1791642814.953 53618 11.877
1791642814.960 53620 12.352
1791642814.967 53623 8.793
1791642814.980 53626 11.889
1791642814.987 53628 12.593
1791642814.994 53631 8.778
1791642815.007 53634 11.934
1791642815.014 53636 12.204
1791642815.021 53639 8.744
1791642815.034 53642 12.021
1791642815.041 53644 11.750
1791642815.048 53647 8.451
1791642815.061 53650 11.989
1791642815.068 53652 11.853
1791642815.075 53655 8.410
1791642815.089 53658 11.973
1791642815.095 53660 11.796
1791642815.102 53663 8.475
1791642815.116 53666 12.148
1791642815.122 53668 11.861
1791642815.129 53671 8.789
1791642815.143 53674 11.957
1791642815.150 53676 12.263
1791642815.157 53679 8.818
1791642815.170 53682 11.947
1791642815.177 53684 12.293
1791642815.184 53687 8.618
1791642815.197 53690 11.970
1791642815.204 53692 11.742
1791642815.210 53695 8.377
1791642815.224 53698 12.149
1791642815.231 53700 12.032
1791642815.238 53703 8.522
1791642815.251 53706 11.821
1791642815.258 53708 11.827
1791642815.265 53711 8.459
1791642815.278 53714 11.841
1791642815.285 53716 11.867
1791642815.292 53719 8.398
1791642815.306 53722 12.057
1791642815.312 53724 11.785
1791642815.319 53727 8.429
1791642815.333 53730 11.977
1791642815.339 53732 11.766
1791642815.346 53735 8.382
1791642815.360 53738 11.902
1791642815.366 53740 11.828
1791642815.373 53743 8.452
1791642815.387 53746 12.085
1791642815.394 53748 11.864
1791642815.400 53751 8.418
1791642815.515 53754 112.415
1791642815.521 53759 101.517
1791642815.526 53767 79.346
1791642815.531 53775 57.302
1791642815.536 53783 35.207
1791642815.541 53756 131.685
1791642815.546 53764 109.599
1791642815.551 53772 87.467
1791642815.556 53780 65.370
1791642815.561 53762 131.391
1791642815.566 53770 109.289
1791642815.571 53778 87.213
1791642815.577 53791 49.315
1791642815.582 53799 27.151
1791642815.587 53786 76.284
1791642815.592 53794 54.196
1791642815.597 53788 79.440
1791642815.602 53796 57.326
1791642815.608 53802 42.886
1791642815.613 53810 21.012
1791642815.618 53807 36.146
1791642815.623 53804 51.346
1791642815.629 53815 19.771
1791642815.634 53812 34.965
1791642815.639 53818 20.329
1791642815.644 53820 18.253
1791642815.650 53823 13.989
1791642815.658 53826 11.747
1791642815.665 53828 11.713
1791642815.672 53831 8.372
1791642815.686 53834 12.146
1791642815.693 53836 12.198
1791642815.699 53839 8.542
1791642815.712 53842 11.825
1791642815.719 53844 11.863
1791642815.726 53847 8.859
1791642815.740 53850 12.108
1791642815.746 53852 11.732
1791642815.753 53855 8.393
1791642815.767 53858 11.749
1791642815.773 53860 11.773
1791642815.780 53863 8.386
1791642815.794 53866 12.037
1791642815.801 53868 11.877
1791642815.807 53871 8.377
1791642815.821 53874 12.280
1791642815.828 53876 12.186
1791642815.835 53879 8.824
1791642815.848 53882 11.854
1791642815.855 53884 11.889
1791642815.862 53887 8.525
1791642815.875 53890 11.822
1791642815.882 53892 11.914
1791642815.889 53895 8.476
1791642815.902 53898 11.819
1791642815.909 53900 11.783
1791642815.916 53903 8.459
1791642815.929 53906 11.858
1791642815.936 53908 11.773
1791642815.943 53911 8.476
1791642815.957 53914 11.827
1791642815.963 53916 11.851
1791642815.970 53919 8.401
1791642815.984 53922 11.850
1791642815.990 53924 11.851
1791642815.997 53927 8.364
1791642816.011 53930 11.782
1791642816.018 53932 11.751
1791642816.024 53935 8.545
1791642816.038 53938 12.403
1791642816.045 53940 11.843
1791642816.052 53943 8.458
1791642816.065 53946 12.120
1791642816.076 53948 13.053
1791642816.082 53951 11.828
1791642816.089 53954 8.388
1791642816.096 53956 8.387
1791642816.109 53959 11.853
1791642816.116 53962 8.501
1791642816.123 53964 8.452
1791642816.136 53967 11.735
1791642816.143 53970 8.724
1791642816.151 53972 9.571
1791642816.164 53975 11.743
1791642816.171 53978 8.797
1791642816.177 53980 8.879
1791642816.191 53983 12.074
1791642816.198 53986 8.828
1791642816.206 53988 9.860
1791642816.219 53991 12.854
1791642816.226 53994 9.883
1791642816.233 53996 9.697
1791642816.245 53999 12.013
1791642816.252 54002 8.891
1791642816.259 54004 8.791
1791642816.272 54007 11.817
1791642816.279 54010 8.384
1791642816.285 54012 8.410
1791642816.299 54015 11.941
1791642816.306 54018 8.479
1791642816.313 54020 8.474
1791642816.326 54023 11.861
1791642816.333 54026 8.507
1791642816.340 54028 8.462
1791642816.354 54031 12.019
1791642816.360 54034 8.397
1791642816.367 54036 8.448
1791642816.381 54039 11.946
1791642816.388 54042 8.774
1791642816.394 54044 8.863
1791642816.408 54047 12.046
1791642816.415 54050 8.889
1791642816.421 54052 8.478
1791642816.435 54055 11.942
1791642816.441 54058 8.383
1791642816.448 54060 8.385
1791642816.462 54063 11.918
1791642816.469 54066 8.485
1791642816.475 54068 8.409
1791642816.489 54071 11.844
1791642816.496 54074 8.433
1791642816.502 54076 8.382
1791642816.516 54079 11.901
1791642816.523 54082 8.468
1791642816.530 54084 8.466
1791642816.543 54087 11.933
1791642816.550 54090 8.708
1791642816.558 54092 9.895
1791642816.571 54095 11.752
1791642816.577 54098 8.479
1791642816.584 54100 8.425
1791642816.598 54103 12.161
1791642816.604 54106 8.430
1791642816.611 54108 8.772
1791642816.625 54111 12.132
1791642816.632 54114 8.582
1791642816.638 54116 8.490
1791642816.652 54119 12.312
1791642816.659 54122 8.509
1791642816.666 54124 8.617
1791642816.679 54127 12.157
1791642816.686 54130 8.960
1791642816.693 54132 8.912
1791642816.706 54135 12.149
1791642816.713 54138 8.781
1791642816.720 54140 9.094
1791642816.734 54143 12.115
1791642816.740 54146 8.649
1791642816.747 54148 8.800
1791642816.761 54151 12.725
1791642816.768 54154 8.997
1791642816.774 54156 8.988
1791642816.788 54159 12.145
1791642816.794 54162 8.701
1791642816.801 54164 8.699
1791642816.815 54167 12.264
1791642816.822 54170 9.277
1791642816.829 54172 8.956
1791642816.842 54175 12.336
1791642816.849 54178 8.970
1791642816.856 54180 8.949
1791642816.869 54183 12.232
1791642816.876 54186 8.750
1791642816.883 54188 9.321
1791642816.896 54191 11.873
1791642816.903 54194 8.589
1791642816.910 54196 8.622
1791642816.924 54199 12.312
1791642816.930 54202 9.025
1791642816.937 54204 8.983
1791642816.951 54207 12.095
1791642816.958 54210 9.009
1791642816.964 54212 8.843
1791642816.978 54215 12.198
1791642816.984 54218 8.797
1791642816.991 54220 8.771
1791642817.005 54223 12.240
1791642817.012 54226 8.952
1791642817.018 54228 8.757
1791642817.032 54231 12.182
1791642817.039 54234 8.819
1791642817.046 54236 8.923
1791642817.059 54239 12.084
1791642817.066 54242 8.625
1791642817.072 54244 8.475
1791642817.086 54247 12.121
1791642817.095 54250 10.866
1791642817.103 54252 11.879
1791642817.110 54255 8.545
1791642817.123 54258 12.037
1791642817.130 54260 11.881
1791642817.137 54263 8.812
1791642817.151 54266 12.139
1791642817.158 54268 11.505
1791642817.165 54271 9.858
1791642817.179 54274 12.062
1791642817.186 54276 12.813
1791642817.192 54279 9.884
1791642817.206 54282 12.607
1791642817.213 54284 12.679
1791642817.219 54287 9.814
1791642817.233 54290 12.620
1791642817.240 54292 12.400
1791642817.246 54295 9.598
1791642817.260 54298 12.474
1791642817.267 54300 12.243
1791642817.274 54303 9.999
1791642817.287 54306 11.575
1791642817.293 54308 11.695
1791642817.300 54311 8.820
1791642817.313 54314 11.998
1791642817.320 54316 11.790
1791642817.327 54319 8.389
1791642817.340 54322 11.824
1791642817.347 54324 11.817
1791642817.354 54327 8.402
1791642817.367 54330 11.982
1791642817.374 54332 11.814
1791642817.381 54335 8.413
1791642817.395 54338 12.110
1791642817.401 54340 11.667
1791642817.408 54343 8.403
1791642817.422 54346 11.963
1791642817.429 54348 12.066
1791642817.435 54351 8.410
1791642817.449 54354 11.993
1791642817.456 54356 11.831
1791642817.462 54359 8.407
1791642817.476 54362 11.920
1791642817.482 54364 11.706
1791642817.489 54367 8.368
1791642817.503 54370 12.037
1791642817.510 54372 11.847
1791642817.516 54375 8.348
1791642817.530 54378 11.842
1791642817.537 54380 11.864
1791642817.544 54383 8.415
1791642817.557 54386 11.937
1791642817.564 54388 11.850
1791642817.571 54391 8.451
1791642817.585 54394 12.094
1791642817.591 54396 11.677
1791642817.598 54399 8.411
1791642817.612 54402 12.032
1791642817.618 54404 11.691
1791642817.625 54407 8.403
1791642817.639 54410 12.058
1791642817.645 54412 11.808
1791642817.652 54415 8.367
1791642817.666 54418 11.913
1791642817.673 54420 11.904
1791642817.679 54423 8.486
1791642817.693 54426 11.930
1791642817.700 54428 11.841
1791642817.706 54431 8.421
1791642817.720 54434 11.967
1791642817.727 54436 11.790
1791642817.733 54439 8.418
1791642817.747 54442 12.014
1791642817.754 54444 12.279
1791642817.762 54447 9.770
1791642817.776 54450 12.535
1791642817.782 54452 12.206
1791642817.789 54455 9.724
1791642817.803 54458 12.471
1791642817.809 54460 12.225
1791642817.816 54463 9.486
1791642817.829 54466 11.945
1791642817.835 54468 11.935
1791642817.842 54471 8.470
1791642817.856 54474 12.089
1791642817.862 54476 11.548
1791642817.869 54479 8.686
1791642817.883 54482 12.273
1791642817.890 54484 12.037
1791642817.896 54487 8.426
1791642817.910 54490 12.074
1791642817.917 54492 11.819
1791642817.923 54495 8.415
1791642817.937 54498 12.074
1791642817.944 54500 11.778
1791642817.950 54503 8.378
1791642817.964 54506 11.984
1791642817.971 54508 11.697
1791642817.978 54511 8.461
1791642817.991 54514 11.867
1791642817.998 54516 11.902
1791642818.005 54519 8.648
1791642818.019 54522 11.993
1791642818.025 54524 11.881
1791642818.032 54527 8.671
1791642818.046 54530 11.832
1791642818.052 54532 11.725
1791642818.059 54535 8.419
1791642818.073 54538 12.285
1791642818.080 54540 11.763
1791642818.086 54543 8.380
1791642818.100 54546 12.129
1791642818.107 54548 11.884
1791642818.113 54551 8.444
1791642818.127 54554 11.940
1791642818.134 54556 12.115
1791642818.141 54559 9.185
1791642818.154 54562 12.002
1791642818.161 54564 12.233
1791642818.168 54567 8.576
1791642818.182 54570 12.443
1791642818.188 54572 12.145
1791642818.195 54575 8.847
1791642818.209 54578 12.632
1791642818.215 54580 12.010
1791642818.222 54583 8.487
1791642818.236 54586 12.091
1791642818.242 54588 11.882
1791642818.249 54591 8.598
1791642818.263 54594 12.182
1791642818.270 54596 11.779
1791642818.277 54599 9.126
1791642818.290 54602 12.196
1791642818.299 54604 12.551
1791642818.307 54607 11.754
1791642818.314 54610 8.908
1791642818.321 54612 8.789
1791642818.334 54615 12.336
1791642818.341 54618 8.833
1791642818.348 54620 8.770
1791642818.361 54623 12.155
1791642818.368 54626 8.737
1791642818.375 54628 8.916
1791642818.388 54631 12.001
1791642818.395 54634 8.835
1791642818.402 54636 8.805
1791642818.416 54639 12.176
1791642818.422 54642 8.869
1791642818.429 54644 8.877
1791642818.443 54647 11.964
1791642818.449 54650 8.738
1791642818.456 54652 8.749
1791642818.470 54655 12.335
1791642818.477 54658 9.028
1791642818.483 54660 8.651
1791642818.497 54663 12.334
1791642818.504 54666 9.391
1791642818.511 54668 8.892
1791642818.524 54671 12.009
1791642818.532 54674 10.257
1791642818.539 54676 9.746
1791642818.552 54679 12.568
1791642818.559 54682 9.621
1791642818.566 54684 10.152
1791642818.579 54687 12.427
1791642818.586 54690 9.614
1791642818.593 54692 9.677
1791642818.605 54695 11.932
1791642818.612 54698 8.569
1791642818.619 54700 8.373
1791642818.632 54703 12.073
1791642818.639 54706 8.503
1791642818.646 54708 8.429
1791642818.659 54711 11.944
1791642818.666 54714 8.373
1791642818.673 54716 8.394
1791642818.687 54719 12.276
1791642818.694 54722 8.736
1791642818.701 54724 8.985
1791642818.714 54727 12.479
1791642818.721 54730 9.082
1791642818.728 54732 8.895
1791642818.741 54735 11.964
1791642818.748 54738 8.499
1791642818.754 54740 8.629
1791642818.768 54743 11.942
1791642818.775 54746 8.498
1791642818.782 54748 8.612
1791642818.795 54751 12.132
1791642818.802 54754 8.650
1791642818.809 54756 8.673
1791642818.822 54759 11.976
1791642818.829 54762 8.683
1791642818.836 54764 8.578
1791642818.849 54767 11.837
1791642818.856 54770 8.489
1791642818.863 54772 8.417
1791642818.876 54775 11.914
1791642818.883 54778 8.407
1791642818.890 54780 8.400
1791642818.904 54783 11.944
1791642818.910 54786 8.435
1791642818.917 54788 8.584
1791642818.931 54791 11.920
1791642818.937 54794 8.455
1791642818.944 54796 8.405
1791642818.958 54799 11.930
1791642818.964 54802 8.383
1791642818.971 54804 8.376
1791642818.985 54807 11.937
1791642818.992 54810 8.477
1791642818.998 54812 8.480
1791642819.012 54815 11.871
1791642819.019 54818 8.447
1791642819.026 54820 9.063
1791642819.040 54823 12.361
1791642819.047 54826 9.953
1791642819.054 54828 9.786
1791642819.068 54831 12.667
1791642819.075 54834 10.370
1791642819.081 54836 9.779
1791642819.095 54839 12.663
1791642819.101 54842 9.526
1791642819.108 54844 9.679
1791642819.122 54847 12.799
1791642819.129 54850 9.865
1791642819.135 54852 10.499
1791642819.149 54855 12.032
1791642819.158 54858 7.770
1791642819.166 54860 7.462
1791642819.183 54863 12.057
1791642819.191 54866 7.740
1791642819.200 54868 7.774
1791642819.217 54871 12.072
1791642819.225 54874 7.764
1791642819.234 54876 7.871
1791642819.251 54879 12.147
1791642819.260 54882 8.016
1791642819.268 54884 7.769
1791642819.285 54887 12.328
1791642819.294 54890 8.045
1791642819.302 54892 7.875
1791642819.319 54895 12.035
1791642819.327 54898 7.756
1791642819.336 54900 7.739
1791642819.353 54903 12.081
1791642819.361 54906 7.860
1791642819.370 54908 7.752
1791642819.386 54911 11.748
1791642819.395 54914 7.889
1791642819.403 54916 7.744
1791642819.420 54919 11.690
1791642819.429 54922 7.417
1791642819.437 54924 7.428
1791642819.454 54927 11.792
1791642819.462 54930 7.356
1791642819.471 54932 7.818
1791642819.488 54935 11.720
1791642819.496 54938 7.533
1791642819.505 54940 7.421
1791642819.522 54943 11.765
1791642819.530 54946 7.374
1791642819.539 54948 7.448
1791642819.556 54951 11.753
1791642819.564 54954 7.382
1791642819.573 54956 7.371
1791642819.590 54959 11.727
1791642819.598 54962 7.401
1791642819.607 54964 7.502
1791642819.624 54967 12.126
1791642819.632 54970 7.424
1791642819.640 54972 7.395
1791642819.658 54975 11.726
1791642819.666 54978 7.380
1791642819.675 54980 7.685
1791642819.691 54983 11.620
1791642819.700 54986 7.365
1791642819.709 54988 7.815
1791642819.725 54991 11.755
1791642819.734 54994 7.396
1791642819.743 54996 7.762
1791642819.759 54999 11.733
1791642819.768 55002 7.502
1791642819.776 55004 7.492
1791642819.793 55007 11.700
1791642819.802 55010 7.563
1791642819.810 55012 7.533
1791642819.827 55015 12.151
1791642819.836 55018 7.932
1791642819.845 55020 8.074
1791642819.861 55023 12.147
1791642819.870 55026 7.794
1791642819.878 55028 7.774
1791642819.895 55031 12.034
1791642819.904 55034 7.772
1791642819.912 55036 7.714
1791642819.929 55039 12.034
1791642819.938 55042 7.746
1791642819.946 55044 7.879
1791642819.963 55047 11.938
1791642819.971 55050 7.728
1791642819.980 55052 7.756
1791642819.997 55055 12.068
1791642820.005 55058 7.752
1791642820.014 55060 7.788
1791642820.031 55063 12.188
1791642820.040 55066 8.183
1791642820.048 55068 7.830
1791642820.065 55071 12.156
1791642820.073 55074 7.930
1791642820.082 55076 7.682
1791642820.098 55079 11.760
1791642820.107 55082 7.463
1791642820.115 55084 7.638
1791642820.132 55087 11.707
1791642820.141 55090 7.444
1791642820.149 55092 7.404
1791642820.166 55095 11.682
1791642820.175 55098 7.485
1791642820.183 55100 7.781
1791642820.200 55103 12.047
1791642820.209 55106 7.782
1791642820.217 55108 7.482
1791642820.234 55111 11.882
1791642820.242 55114 7.427
1791642820.251 55116 7.411
1791642820.268 55119 11.807
1791642820.277 55122 7.626
1791642820.285 55124 7.625
1791642820.302 55127 12.325
1791642820.310 55130 7.392
1791642820.319 55132 7.629
1791642820.336 55135 11.848
1791642820.344 55138 7.508
1791642820.353 55140 7.491
1791642820.370 55143 11.649
1791642820.378 55146 7.349
1791642820.387 55148 7.826
1791642820.404 55151 11.668
1791642820.412 55154 7.518
1791642820.420 55156 7.429
1791642820.437 55159 11.696
1791642820.446 55162 7.443
1791642820.454 55164 7.403
1791642820.471 55167 11.685
1791642820.480 55170 7.426
1791642820.488 55172 7.406
1791642820.505 55175 11.819
1791642820.514 55178 7.475
1791642820.522 55180 7.337
1791642820.539 55183 11.657
1791642820.548 55186 7.475
1791642820.556 55188 7.365
1791642820.573 55191 11.736
1791642820.582 55194 7.513
1791642820.590 55196 7.498
1791642820.607 55199 11.754
1791642820.615 55202 7.459
1791642820.624 55204 7.701
1791642820.641 55207 11.749
1791642820.649 55210 7.461
1791642820.658 55212 7.421
1791642820.675 55215 11.665
1791642820.683 55218 7.444
1791642820.692 55220 7.449
1791642820.709 55223 11.727
1791642820.717 55226 7.376
1791642820.726 55228 7.553
1791642820.743 55231 11.664
1791642820.751 55234 7.365
1791642820.760 55236 7.418
1791642820.777 55239 11.697
1791642820.785 55242 7.486
1791642820.794 55244 7.509
1791642820.811 55247 12.157
1791642820.819 55250 7.649
1791642820.828 55252 7.794
1791642820.845 55255 12.021
1791642820.853 55258 7.762
1791642820.861 55260 7.447
1791642820.878 55263 11.716
1791642820.887 55266 7.409
1791642820.895 55268 7.355
1791642820.912 55271 11.710
1791642820.921 55274 7.476
1791642820.929 55276 7.440
1791642820.946 55279 11.627
1791642820.955 55282 7.398
1791642820.963 55284 7.629
1791642820.980 55287 11.696
1791642820.988 55290 7.389
1791642820.997 55292 7.406
1791642821.014 55295 11.786
1791642821.022 55298 7.413
1791642821.031 55300 7.398
1791642821.048 55303 11.651
1791642821.056 55306 7.467
1791642821.065 55308 7.410
1791642821.082 55311 11.654
1791642821.090 55314 7.388
1791642821.099 55316 7.390
1791642821.116 55319 11.720
1791642821.124 55322 7.444
1791642821.133 55324 7.403
1791642821.150 55327 11.999
1791642821.158 55330 7.395
1791642821.166 55332 7.390
1791642821.184 55335 11.767
1791642821.192 55338 7.421
1791642821.201 55340 7.557
1791642821.217 55343 11.653
1791642821.226 55346 7.430
1791642821.234 55348 7.397
1791642821.251 55351 11.762
1791642821.260 55354 7.531
1791642821.268 55356 7.412
1791642821.285 55359 11.654
1791642821.294 55362 7.439
1791642821.302 55364 7.365
1791642821.319 55367 11.782
1791642821.328 55370 7.573
1791642821.336 55372 7.420
1791642821.354 55375 12.203
1791642821.362 55378 7.508
1791642821.370 55380 7.438
1791642821.387 55383 11.767
1791642821.395 55386 7.400
1791642821.404 55388 7.700
1791642821.421 55391 11.796
1791642821.429 55394 7.434
1791642821.438 55396 7.474
1791642821.455 55399 11.720
1791642821.463 55402 7.422
1791642821.472 55404 7.544
1791642821.489 55407 11.688
1791642821.497 55410 7.430
1791642821.506 55412 7.385
1791642821.523 55415 11.744
1791642821.531 55418 7.478
1791642821.540 55420 7.416
1791642821.557 55423 11.793
1791642821.565 55426 7.642
1791642821.573 55428 7.382
1791642821.590 55431 11.744
1791642821.600 55434 8.051
1791642821.608 55436 7.939
1791642821.625 55439 12.042
1791642821.633 55442 7.739
1791642821.642 55444 7.816
1791642821.659 55447 12.001
1791642821.667 55450 7.771
1791642821.676 55452 7.723
1791642821.692 55455 11.724
1791642821.701 55458 7.520
1791642821.709 55460 7.449
1791642821.726 55463 11.675
1791642821.735 55466 7.625
1791642821.743 55468 7.404
1791642821.760 55471 11.687
1791642821.769 55474 7.466
1791642821.777 55476 7.429
1791642821.795 55479 12.289
1791642821.802 55482 7.519
1791642821.811 55484 7.682
1791642821.828 55487 11.687
1791642821.836 55490 7.373
1791642821.845 55492 7.494
1791642821.862 55495 11.844
1791642821.870 55498 7.404
1791642821.879 55500 7.430
1791642821.896 55503 11.686
1791642821.904 55506 7.436
1791642821.913 55508 7.578
1791642821.930 55511 12.090
1791642821.938 55514 7.796
1791642821.947 55516 7.772
1791642821.964 55519 12.095
1791642821.972 55522 7.828
1791642821.981 55524 7.766
1791642821.998 55527 11.967
1791642822.006 55530 7.746
1791642822.015 55532 7.707
1791642822.032 55535 12.031
1791642822.040 55538 7.549
1791642822.048 55540 7.411
1791642822.065 55543 11.730
1791642822.074 55546 7.514
1791642822.082 55548 7.492
1791642822.099 55551 11.748
1791642822.108 55554 7.500
1791642822.116 55556 7.519
1791642822.133 55559 11.760
1791642822.142 55562 7.612
1791642822.150 55564 7.453
1791642822.167 55567 11.730
1791642822.175 55570 7.477
1791642822.184 55572 7.906
1791642822.201 55575 11.700
1791642822.209 55578 7.383
1791642822.218 55580 7.409
1791642822.235 55583 11.842
1791642822.243 55586 7.623
1791642822.252 55588 7.501
1791642822.269 55591 11.763
1791642822.277 55594 7.513
1791642822.286 55596 7.432
1791642822.303 55599 11.845
1791642822.311 55602 7.690
1791642822.320 55604 7.636
1791642822.336 55607 11.672
1791642822.345 55610 7.588
1791642822.354 55612 7.764
1791642822.371 55615 11.872
1791642822.379 55618 7.627
1791642822.388 55620 7.857
1791642822.405 55623 12.104
1791642822.413 55626 7.477
1791642822.421 55628 7.489
1791642822.438 55631 11.913
1791642822.447 55634 7.484
1791642822.456 55636 7.791
1791642822.473 55639 12.059
1791642822.481 55642 7.771
1791642822.489 55644 7.729
1791642822.506 55647 11.966
1791642822.515 55650 7.758
1791642822.523 55652 7.709
1791642822.540 55655 11.979
1791642822.549 55658 7.810
1791642822.557 55660 7.813
1791642822.574 55663 12.246
1791642822.583 55666 7.774
1791642822.591 55668 7.748
1791642822.608 55671 12.013
1791642822.616 55674 7.346
1791642822.625 55676 7.802
1791642822.642 55679 12.144
1791642822.650 55682 7.729
1791642822.659 55684 7.812
1791642822.676 55687 11.721
1791642822.684 55690 7.487
1791642822.693 55692 7.413
1791642822.710 55695 11.746
1791642822.718 55698 7.550
1791642822.727 55700 7.564
1791642822.743 55703 11.705
1791642822.752 55706 7.381
1791642822.760 55708 7.365
1791642822.777 55711 11.646
1791642822.786 55714 7.433
1791642822.794 55716 7.351
1791642822.811 55719 11.871
1791642822.821 55722 8.795
1791642822.829 55724 7.804
1791642822.846 55727 12.248
1791642822.854 55730 7.714
1791642822.862 55732 7.487
1791642822.879 55735 11.853
1791642822.888 55738 7.546
1791642822.896 55740 7.423
1791642822.913 55743 11.832
1791642822.921 55746 7.439
1791642822.930 55748 7.422
1791642822.947 55751 11.670
1791642822.955 55754 7.377
1791642822.964 55756 7.755
1791642822.981 55759 11.897
1791642822.989 55762 7.458
1791642822.998 55764 7.521
1791642823.015 55767 11.660
1791642823.023 55770 7.348
1791642823.032 55772 7.460
1791642823.049 55775 11.656
1791642823.057 55778 7.559
1791642823.066 55780 7.405
1791642823.083 55783 11.799
1791642823.091 55786 7.635
1791642823.100 55788 7.425
1791642823.117 55791 11.809
1791642823.125 55794 7.717
1791642823.133 55796 7.411
1791642823.151 55799 12.035
1791642823.159 55802 7.757
1791642823.168 55804 8.153
1791642823.185 55807 12.444
1791642823.193 55810 7.577
1791642823.201 55812 7.447
1791642823.218 55815 11.836
1791642823.227 55818 7.621
1791642823.235 55820 7.718
1791642823.253 55823 12.272
1791642823.261 55826 7.426
1791642823.269 55828 7.433
1791642823.286 55831 12.004
1791642823.296 55834 9.304
1791642823.303 55836 7.564
1791642823.320 55839 11.941
1791642823.329 55842 7.552
1791642823.337 55844 7.472
1791642823.355 55847 12.517
1791642823.363 55850 7.682
1791642823.371 55852 7.689
1791642823.388 55855 12.320
1791642823.396 55858 7.456
1791642823.405 55860 7.676
1791642823.422 55863 12.055
1791642823.430 55866 7.487
1791642823.439 55868 7.705
1791642823.456 55871 11.989
1791642823.464 55874 7.580
1791642823.473 55876 7.679
1791642823.490 55879 12.040
1791642823.498 55882 7.668
1791642823.507 55884 7.720
1791642823.523 55887 11.712
1791642823.532 55890 7.615
1791642823.540 55892 7.516
1791642823.557 55895 11.787
1791642823.566 55898 7.758
1791642823.574 55900 7.620
1791642823.592 55903 12.447
1791642823.600 55906 7.551
1791642823.608 55908 7.622
1791642823.626 55911 12.107
1791642823.634 55914 7.519
1791642823.642 55916 7.792
1791642823.659 55919 12.044
1791642823.668 55922 8.111
1791642823.677 55924 8.078
1791642823.693 55927 12.197
1791642823.702 55930 7.839
1791642823.710 55932 7.914
1791642823.727 55935 12.168
1791642823.736 55938 7.851
1791642823.745 55940 8.111
1791642823.761 55943 12.133
1791642823.770 55946 8.460
1791642823.778 55948 7.596
1791642823.795 55951 11.882
1791642823.803 55954 7.591
1791642823.812 55956 7.945
1791642823.829 55959 12.140
1791642823.837 55962 7.778
1791642823.846 55964 7.971
1791642823.863 55967 12.227
1791642823.871 55970 7.842
1791642823.880 55972 7.713
1791642823.897 55975 11.899
1791642823.905 55978 7.555
1791642823.914 55980 7.940
1791642823.931 55983 11.937
1791642823.939 55986 7.753
1791642823.947 55988 7.619
1791642823.964 55991 11.743
1791642823.973 55994 7.866
1791642823.981 55996 7.512
1791642823.999 55999 12.325
1791642824.007 56002 7.998
1791642824.015 56004 7.430
1791642824.033 56007 12.130
1791642824.041 56010 7.386
1791642824.049 56012 7.454
1791642824.066 56015 11.703
1791642824.075 56018 7.503
1791642824.083 56020 7.522
1791642824.100 56023 11.709
1791642824.108 56026 7.528
1791642824.117 56028 7.476
1791642824.134 56031 11.876
1791642824.142 56034 7.517
1791642824.151 56036 7.630
1791642824.168 56039 11.859
1791642824.176 56042 7.593
1791642824.185 56044 7.514
1791642824.202 56047 11.619
1791642824.210 56050 7.420
1791642824.221 56052 9.857
1791642824.236 56055 11.625
1791642824.244 56058 7.395
1791642824.253 56060 7.441
1791642824.270 56063 12.043
1791642824.278 56066 7.519
1791642824.287 56068 7.567
1791642824.304 56071 11.886
1791642824.312 56074 7.705
1791642824.320 56076 7.573
1791642824.337 56079 11.745
1791642824.346 56082 7.600
1791642824.354 56084 7.523
1791642824.371 56087 11.672
1791642824.380 56090 7.695
1791642824.389 56092 8.361
1791642824.405 56095 11.987
1791642824.414 56098 7.502
1791642824.422 56100 7.502
1791642824.440 56103 12.325
1791642824.448 56106 7.511
1791642824.456 56108 7.498
1791642824.473 56111 11.859
1791642824.482 56114 7.675
1791642824.490 56116 7.463
1791642824.507 56119 11.660
1791642824.515 56122 7.451
1791642824.524 56124 7.821
1791642824.541 56127 11.685
1791642824.549 56130 7.655
1791642824.558 56132 7.522
1791642824.575 56135 11.714
1791642824.583 56138 7.490
1791642824.592 56140 7.490
1791642824.609 56143 11.702
1791642824.617 56146 7.431
1791642824.626 56148 7.489
1791642824.643 56151 11.944
1791642824.652 56154 8.578
1791642824.660 56156 7.478
1791642824.676 56159 11.688
1791642824.685 56162 7.504
1791642824.694 56164 7.567
1791642824.710 56167 11.818
1791642824.719 56170 7.666
1791642824.727 56172 7.517
1791642824.744 56175 11.777
1791642824.753 56178 7.556
1791642824.761 56180 7.399
1791642824.778 56183 11.727
1791642824.787 56186 7.612
1791642824.795 56188 7.545
1791642824.812 56191 11.845
1791642824.821 56194 7.568
1791642824.829 56196 7.489
1791642824.847 56199 12.208
1791642824.854 56202 7.475
1791642824.863 56204 7.436
1791642824.880 56207 12.030
1791642824.889 56210 7.758
1791642824.897 56212 7.642
1791642824.914 56215 12.376
1791642824.922 56218 7.517
1791642824.931 56220 7.499
1791642824.948 56223 12.220
1791642824.956 56226 7.395
1791642824.965 56228 7.500
1791642824.982 56231 12.103
1791642824.990 56234 7.496
1791642824.999 56236 7.542
1791642825.016 56239 11.730
1791642825.024 56242 7.482
1791642825.033 56244 7.660
1791642825.050 56247 11.784
1791642825.058 56250 7.589
1791642825.067 56252 7.610
1791642825.083 56255 11.702
1791642825.092 56258 7.453
1791642825.100 56260 7.510
1791642825.117 56263 11.706
1791642825.126 56266 7.519
1791642825.134 56268 7.477
1791642825.151 56271 11.812
1791642825.160 56274 7.716
1791642825.168 56276 7.501
1791642825.185 56279 11.698
1791642825.194 56282 7.470
1791642825.202 56284 7.584
1791642825.219 56287 12.011
1791642825.227 56290 7.362
1791642825.236 56292 7.500
1791642825.253 56295 11.871
1791642825.261 56298 7.507
1791642825.270 56300 7.403
1791642825.287 56303 12.005
1791642825.295 56306 7.453
1791642825.304 56308 7.692
1791642825.321 56311 11.677
1791642825.329 56314 7.475
1791642825.338 56316 7.764
1791642825.355 56319 11.698
1791642825.363 56322 7.465
1791642825.372 56324 7.886
1791642825.389 56327 12.379
1791642825.397 56330 7.614
1791642825.406 56332 7.610
1791642825.423 56335 11.987
1791642825.431 56338 7.523
1791642825.440 56340 8.029
1791642825.457 56343 11.828
1791642825.465 56346 7.509
1791642825.474 56348 7.602
1791642825.491 56351 12.100
1791642825.499 56354 7.871
1791642825.507 56356 7.474
1791642825.524 56359 11.728
1791642825.533 56362 7.891
1791642825.541 56364 7.601
1791642825.558 56367 11.729
1791642825.567 56370 7.725
1791642825.575 56372 7.445
1791642825.592 56375 12.053
1791642825.601 56378 7.565
1791642825.609 56380 7.500
1791642825.626 56383 11.713
1791642825.634 56386 7.368
1791642825.643 56388 7.579
1791642825.660 56391 11.975
1791642825.668 56394 7.391
1791642825.677 56396 7.502
1791642825.694 56399 11.943
1791642825.703 56402 8.145
1791642825.711 56404 7.467
1791642825.728 56407 12.197
1791642825.736 56410 7.546
1791642825.745 56412 7.601
1791642825.762 56415 11.782
1791642825.770 56418 7.528
1791642825.779 56420 7.770
1791642825.796 56423 12.428
1791642825.804 56426 7.691
1791642825.813 56428 7.653
1791642825.830 56431 12.485
1791642825.838 56434 7.762
1791642825.847 56436 7.586
1791642825.864 56439 12.114
1791642825.872 56442 7.688
1791642825.880 56444 7.604
1791642825.897 56447 11.862
1791642825.906 56450 7.711
1791642825.915 56452 7.756
1791642825.932 56455 12.277
1791642825.940 56458 7.753
1791642825.948 56460 7.560
1791642825.965 56463 12.092
1791642825.974 56466 7.886
1791642825.982 56468 7.686
1791642825.999 56471 12.087
1791642826.007 56474 7.467
1791642826.016 56476 7.462
1791642826.033 56479 11.753
1791642826.041 56482 7.438
1791642826.050 56484 7.602
1791642826.067 56487 12.038
1791642826.076 56490 7.925
1791642826.084 56492 7.893
1791642826.101 56495 12.285
1791642826.110 56498 7.770
1791642826.118 56500 7.651
1791642826.135 56503 12.122
1791642826.143 56506 7.601
1791642826.152 56508 7.736
1791642826.169 56511 11.750
1791642826.177 56514 7.533
1791642826.186 56516 7.561
1791642826.203 56519 11.930
1791642826.211 56522 7.752
1791642826.220 56524 7.575
1791642826.237 56527 12.165
1791642826.245 56530 7.538
1791642826.254 56532 7.707
1791642826.271 56535 11.925
1791642826.280 56538 8.385
1791642826.288 56540 8.209
1791642826.304 56543 11.770
1791642826.313 56546 7.741
1791642826.321 56548 7.590
1791642826.339 56551 12.284
1791642826.347 56554 7.925
1791642826.356 56556 8.480
1791642826.372 56559 11.925
1791642826.382 56562 8.573
1791642826.390 56564 8.527
1791642826.406 56567 12.058
1791642826.415 56570 7.651
1791642826.423 56572 7.714
1791642826.440 56575 12.162
1791642826.449 56578 7.655
1791642826.457 56580 7.436
1791642826.474 56583 12.056
1791642826.482 56586 7.554
1791642826.491 56588 7.473
1791642826.508 56591 11.862
1791642826.516 56594 7.509
1791642826.525 56596 7.556
1791642826.542 56599 12.099
1791642826.550 56602 7.589
1791642826.559 56604 7.757
1791642826.576 56607 12.062
1791642826.584 56610 7.506
1791642826.593 56612 7.594
1791642826.609 56615 11.763
1791642826.618 56618 7.464
1791642826.626 56620 7.514
1791642826.643 56623 11.742
1791642826.652 56626 7.599
1791642826.660 56628 7.578
1791642826.677 56631 11.700
1791642826.686 56634 7.686
1791642826.694 56636 7.567
1791642826.711 56639 11.753
1791642826.720 56642 7.566
1791642826.728 56644 7.364
1791642826.745 56647 12.015
1791642826.754 56650 7.525
1791642826.762 56652 7.665
1791642826.779 56655 11.728
1791642826.787 56658 7.488
1791642826.796 56660 7.451
1791642826.813 56663 11.775
1791642826.822 56666 7.648
1791642826.830 56668 7.539
1791642826.847 56671 11.865
1791642826.855 56674 7.586
1791642826.864 56676 7.809
1791642826.881 56679 11.788
1791642826.889 56682 7.439
1791642826.898 56684 7.598
1791642826.915 56687 12.501
1791642826.923 56690 7.735
1791642826.932 56692 7.513
1791642826.949 56695 12.162
1791642826.957 56698 7.643
1791642826.966 56700 8.077
1791642826.983 56703 12.146
1791642826.991 56706 7.540
1791642826.999 56708 7.526
1791642827.017 56711 12.354
1791642827.025 56714 7.544
1791642827.034 56716 7.883
1791642827.050 56719 11.770
1791642827.060 56722 8.763
1791642827.067 56724 7.433
1791642827.085 56727 12.136
1791642827.093 56730 7.503
1791642827.101 56732 7.623
1791642827.118 56735 11.928
1791642827.127 56738 7.684
1791642827.135 56740 7.440
1791642827.152 56743 11.953
1791642827.161 56746 7.664
1791642827.169 56748 7.535
1791642827.186 56751 11.856
1791642827.195 56754 7.590
1791642827.203 56756 7.392
1791642827.220 56759 11.887
1791642827.229 56762 7.756
1791642827.237 56764 7.667
1791642827.254 56767 12.055
1791642827.262 56770 7.468
1791642827.271 56772 7.481
1791642827.288 56775 11.967
1791642827.296 56778 7.521
1791642827.305 56780 7.803
1791642827.322 56783 11.947
1791642827.330 56786 7.669
1791642827.339 56788 7.554
1791642827.356 56791 12.021
1791642827.364 56794 7.710
1791642827.373 56796 8.104
1791642827.390 56799 12.143
1791642827.398 56802 7.575
1791642827.407 56804 7.785
1791642827.423 56807 11.824
1791642827.432 56810 7.551
1791642827.441 56812 8.233
1791642827.457 56815 11.820
1791642827.466 56818 7.581
1791642827.474 56820 7.520
1791642827.491 56823 11.653
1791642827.500 56826 7.518
1791642827.508 56828 7.394
1791642827.525 56831 11.734
1791642827.534 56834 7.495
1791642827.542 56836 7.368
1791642827.559 56839 11.776
1791642827.567 56842 7.408
1791642827.576 56844 7.427
1791642827.593 56847 12.033
1791642827.602 56850 7.635
1791642827.610 56852 7.611
1791642827.627 56855 11.929
1791642827.635 56858 7.442
1791642827.646 56860 9.751
1791642827.661 56863 12.054
1791642827.669 56866 7.467
1791642827.678 56868 7.511
1791642827.695 56871 11.655
1791642827.703 56874 7.370
1791642827.712 56876 7.512
1791642827.729 56879 11.712
1791642827.737 56882 7.492
1791642827.746 56884 7.764
1791642827.763 56887 11.985
1791642827.771 56890 7.704
1791642827.780 56892 7.942
1791642827.797 56895 12.075
1791642827.805 56898 7.798
1791642827.814 56900 8.193
1791642827.830 56903 11.741
1791642827.839 56906 7.814
1791642827.847 56908 7.663
1791642827.864 56911 11.872
1791642827.873 56914 7.759
1791642827.882 56916 8.359
1791642827.898 56919 11.711
1791642827.907 56922 7.741
1791642827.915 56924 7.667
1791642827.932 56927 11.739
1791642827.941 56930 7.965
1791642827.950 56932 8.610
1791642827.967 56935 13.202
1791642827.975 56938 8.571
1791642827.984 56940 8.128
1791642828.001 56943 12.705
1791642828.009 56946 7.992
1791642828.017 56948 7.800
1791642828.034 56951 12.371
1791642828.042 56954 7.664
1791642828.051 56956 7.596
1791642828.069 56959 12.652
1791642828.079 56962 10.451
1791642828.085 56964 7.920
1791642828.102 56967 11.930
1791642828.110 56970 7.709
1791642828.119 56972 7.703
1791642828.136 56975 12.248
1791642828.144 56978 7.572
1791642828.152 56980 7.465
1791642828.169 56983 11.696
1791642828.178 56986 7.722
1791642828.187 56988 8.578
1791642828.203 56991 11.735
1791642828.212 56994 7.579
1791642828.220 56996 7.548
1791642828.237 56999 11.847
1791642828.246 57002 7.592
1791642828.254 57004 7.617
1791642828.272 57007 12.114
1791642828.280 57010 7.620
1791642828.288 57012 7.564
1791642828.305 57015 12.090
1791642828.314 57018 7.759
1791642828.324 57020 9.511
1791642828.339 57023 12.066
1791642828.348 57026 7.764
1791642828.356 57028 7.574
1791642828.373 57031 12.204
1791642828.382 57034 8.132
1791642828.391 57036 8.759
1791642828.407 57039 12.029
1791642828.415 57042 7.684
1791642828.424 57044 7.806
1791642828.441 57047 12.055
1791642828.450 57050 7.843
1791642828.458 57052 7.585
1791642828.475 57055 12.124
1791642828.483 57058 7.874
1791642828.492 57060 7.640
1791642828.509 57063 11.913
1791642828.517 57066 7.681
1791642828.526 57068 7.616
1791642828.543 57071 11.842
1791642828.551 57074 7.581
1791642828.559 57076 7.554
1791642828.576 57079 11.753
1791642828.585 57082 7.569
1791642828.593 57084 7.512
1791642828.610 57087 11.665
1791642828.619 57090 7.747
1791642828.627 57092 7.583
1791642828.645 57095 12.206
1791642828.653 57098 7.707
1791642828.661 57100 7.513
1791642828.678 57103 11.743
1791642828.687 57106 7.570
1791642828.695 57108 7.603
1791642828.712 57111 12.119
1791642828.721 57114 7.632
1791642828.729 57116 7.550
1791642828.746 57119 11.858
1791642828.754 57122 7.493
1791642828.763 57124 7.622
1791642828.780 57127 11.899
1791642828.788 57130 7.665
1791642828.797 57132 7.579
1791642828.814 57135 12.269
1791642828.822 57138 7.591
1791642828.831 57140 7.561
1791642828.848 57143 11.977
1791642828.856 57146 7.653
1791642828.865 57148 7.578
1791642828.882 57151 11.902
1791642828.890 57154 7.723
1791642828.899 57156 7.661
1791642828.916 57159 11.827
1791642828.924 57162 7.675
1791642828.933 57164 8.109
1791642828.949 57167 11.771
1791642828.958 57170 7.541
1791642828.966 57172 7.556
1791642828.984 57175 12.042
1791642828.992 57178 7.676
1791642829.000 57180 7.558
1791642829.017 57183 11.928
1791642829.026 57186 7.565
1791642829.034 57188 7.516
1791642829.051 57191 11.778
1791642829.060 57194 7.538
1791642829.068 57196 7.535
1791642829.085 57199 11.808
1791642829.094 57202 7.513
1791642829.102 57204 7.470
1791642829.120 57207 12.539
1791642829.128 57210 8.374
1791642829.137 57212 8.131
1791642829.154 57215 12.488
1791642829.162 57218 8.013
1791642829.170 57220 7.687
1791642829.187 57223 11.850
1791642829.195 57226 7.487
1791642829.204 57228 7.712
1791642829.221 57231 11.739
1791642829.229 57234 7.448
1791642829.238 57236 7.512
1791642829.255 57239 12.109
1791642829.263 57242 7.482
1791642829.272 57244 7.612
1791642829.289 57247 11.818
1791642829.297 57250 7.533
1791642829.305 57252 7.521
1791642829.323 57255 11.828
1791642829.331 57258 7.588
1791642829.339 57260 7.375
1791642829.356 57263 11.711
1791642829.367 57266 9.165
1791642829.375 57268 9.082
1791642829.390 57271 11.794
1791642829.399 57274 7.768
1791642829.407 57276 7.398
1791642829.424 57279 11.991
1791642829.433 57282 7.503
1791642829.441 57284 7.473
1791642829.458 57287 12.122
1791642829.467 57290 7.593
1791642829.475 57292 7.847
1791642829.492 57295 11.909
1791642829.500 57298 7.539
1791642829.509 57300 7.566
1791642829.526 57303 11.954
1791642829.534 57306 7.449
1791642829.543 57308 7.557
1791642829.560 57311 11.994
1791642829.568 57314 7.584
1791642829.577 57316 7.551
1791642829.594 57319 12.125
1791642829.602 57322 7.602
1791642829.611 57324 7.748
1791642829.628 57327 11.973
1791642829.636 57330 7.669
1791642829.645 57332 7.472
1791642829.662 57335 11.924
1791642829.670 57338 7.580
1791642829.678 57340 7.490
1791642829.695 57343 11.740
1791642829.704 57346 7.524
1791642829.712 57348 7.462
1791642829.729 57351 11.858
1791642829.738 57354 7.529
1791642829.746 57356 7.511
1791642829.763 57359 11.715
1791642829.772 57362 7.481
1791642829.780 57364 7.561
1791642829.797 57367 11.724
1791642829.806 57370 7.484
1791642829.814 57372 7.683
1791642829.831 57375 11.959
1791642829.840 57378 7.746
1791642829.848 57380 7.692
1791642829.865 57383 11.826
1791642829.874 57386 7.777
1791642829.882 57388 7.525
1791642829.899 57391 11.873
1791642829.907 57394 7.518
1791642829.916 57396 7.650
1791642829.933 57399 11.726
1791642829.941 57402 7.524
1791642829.950 57404 7.666
1791642829.967 57407 12.125
1791642829.975 57410 7.581
1791642829.984 57412 7.805
1791642830.001 57415 11.909
1791642830.009 57418 7.489
1791642830.018 57420 7.674
1791642830.035 57423 11.894
1791642830.043 57426 7.645
1791642830.051 57428 7.465
1791642830.069 57431 12.332
1791642830.077 57434 7.784
1791642830.086 57436 7.616
1791642830.102 57439 11.778
1791642830.111 57442 7.495
1791642830.120 57444 7.683
1791642830.136 57447 11.760
1791642830.145 57450 7.568
1791642830.153 57452 7.648
1791642830.170 57455 11.780
1791642830.179 57458 7.962
1791642830.187 57460 7.672
1791642830.204 57463 11.763
1791642830.213 57466 7.623
1791642830.221 57468 7.509
1791642830.238 57471 11.790
1791642830.247 57474 7.559
1791642830.255 57476 7.459
1791642830.272 57479 11.700
1791642830.280 57482 7.428
1791642830.289 57484 7.546
1791642830.306 57487 11.750
1791642830.314 57490 7.552
1791642830.323 57492 7.667
1791642830.340 57495 11.892
1791642830.348 57498 7.489
1791642830.357 57500 7.590
1791642830.374 57503 12.016
1791642830.382 57506 7.512
1791642830.391 57508 7.489
1791642830.408 57511 11.691
1791642830.416 57514 7.380
1791642830.424 57516 7.458
1791642830.441 57519 11.726
1791642830.450 57522 7.601
1791642830.459 57524 7.650
1791642830.476 57527 11.906
1791642830.484 57530 7.637
1791642830.492 57532 7.448
1791642830.510 57535 12.214
1791642830.518 57538 7.583
1791642830.526 57540 7.501
1791642830.543 57543 11.799
1791642830.552 57546 7.577
1791642830.560 57548 7.619
1791642830.577 57551 11.811
1791642830.586 57554 7.402
1791642830.594 57556 7.494
1791642830.611 57559 11.716
1791642830.619 57562 7.465
1791642830.628 57564 7.529
1791642830.645 57567 11.695
1791642830.653 57570 7.516
1791642830.662 57572 7.454
1791642830.679 57575 11.866
1791642830.687 57578 7.549
1791642830.696 57580 7.535
1791642830.713 57583 11.909
1791642830.721 57586 7.411
1791642830.730 57588 7.517
1791642830.747 57591 11.843
1791642830.755 57594 7.423
1791642830.764 57596 7.753
1791642830.781 57599 11.891
1791642830.789 57602 7.786
1791642830.798 57604 7.815
1791642830.815 57607 12.107
1791642830.823 57610 7.796
1791642830.832 57612 7.963
1791642830.848 57615 11.680
1791642830.857 57618 7.658
1791642830.865 57620 7.561
1791642830.882 57623 11.778
1791642830.891 57626 7.725
1791642830.900 57628 7.719
1791642830.916 57631 11.703
1791642830.925 57634 7.480
1791642830.933 57636 7.572
1791642830.950 57639 11.682
1791642830.959 57642 7.729
1791642830.967 57644 7.678
1791642830.984 57647 11.720
1791642830.993 57650 7.526
1791642831.001 57652 7.495
1791642831.019 57655 12.325
1791642831.027 57658 8.044
1791642831.035 57660 7.701
1791642831.053 57663 12.422
1791642831.061 57666 7.672
1791642831.069 57668 7.571
1791642831.086 57671 12.052
1791642831.094 57674 7.472
1791642831.103 57676 7.620
1791642831.120 57679 11.756
1791642831.128 57682 7.537
1791642831.137 57684 7.672
1791642831.154 57687 12.380
1791642831.162 57690 7.727
1791642831.171 57692 7.606
1791642831.188 57695 11.816
1791642831.196 57698 7.625
1791642831.204 57700 7.415
1791642831.222 57703 12.140
1791642831.230 57706 7.524
1791642831.239 57708 7.597
1791642831.255 57711 11.813
1791642831.264 57714 7.641
1791642831.272 57716 7.591
1791642831.290 57719 12.152
1791642831.298 57722 7.516
1791642831.306 57724 7.489
1791642831.323 57727 11.826
1791642831.332 57730 7.561
1791642831.340 57732 7.533
1791642831.357 57735 11.742
1791642831.366 57738 7.524
1791642831.375 57740 8.412
1791642831.391 57743 12.216
1791642831.400 57746 7.570
1791642831.408 57748 7.383
1791642831.425 57751 12.053
1791642831.434 57754 7.621
1791642831.442 57756 7.503
1791642831.459 57759 12.179
1791642831.467 57762 7.659
1791642831.476 57764 7.759
1791642831.493 57767 12.208
1791642831.501 57770 7.544
1791642831.510 57772 7.925
1791642831.527 57775 11.879
1791642831.535 57778 7.552
1791642831.544 57780 7.731
1791642831.561 57783 12.172
1791642831.569 57786 7.538
1791642831.578 57788 7.493
1791642831.594 57791 11.713
1791642831.603 57794 7.456
1791642831.611 57796 7.400
1791642831.629 57799 11.869
1791642831.637 57802 7.424
1791642831.645 57804 7.345
1791642831.662 57807 11.851
1791642831.671 57810 7.586
1791642831.679 57812 7.413
1791642831.696 57815 11.621
1791642831.705 57818 7.466
1791642831.713 57820 7.428
1791642831.730 57823 11.822
1791642831.739 57826 7.992
1791642831.747 57828 7.900
1791642831.764 57831 11.762
1791642831.773 57834 7.516
1791642831.782 57836 8.105
1791642831.798 57839 11.713
1791642831.806 57842 7.463
1791642831.815 57844 7.722
1791642831.832 57847 11.773
1791642831.841 57850 7.892
1791642831.849 57852 7.432
1791642831.866 57855 11.780
1791642831.874 57858 7.624
1791642831.883 57860 7.788
1791642831.900 57863 12.083
1791642831.908 57866 7.633
1791642831.917 57868 7.604
1791642831.934 57871 12.151
1791642831.942 57874 7.518
1791642831.951 57876 7.532
1791642831.968 57879 11.827
1791642831.976 57882 7.464
1791642831.985 57884 8.140
1791642832.002 57887 12.209
1791642832.010 57890 7.671
1791642832.018 57892 7.593
1791642832.036 57895 12.157
1791642832.044 57898 7.716
1791642832.052 57900 7.602
1791642832.070 57903 12.344
1791642832.078 57906 7.651
1791642832.086 57908 7.548
1791642832.103 57911 12.057
1791642832.112 57914 7.675
1791642832.120 57916 7.610
1791642832.137 57919 11.794
1791642832.146 57922 7.501
1791642832.154 57924 7.405
1791642832.171 57927 11.743
1791642832.180 57930 7.726
1791642832.188 57932 7.685
1791642832.205 57935 11.688
1791642832.214 57938 7.627
1791642832.222 57940 7.784
1791642832.239 57943 11.905
1791642832.247 57946 7.553
1791642832.256 57948 7.569
1791642832.273 57951 11.943
1791642832.281 57954 7.526
1791642832.290 57956 7.615
1791642832.307 57959 11.773
1791642832.315 57962 7.492
1791642832.324 57964 7.679
1791642832.341 57967 12.142
1791642832.349 57970 7.459
1791642832.358 57972 8.005
1791642832.374 57975 11.717
1791642832.383 57978 7.378
1791642832.392 57980 8.100
1791642832.409 57983 12.081
1791642832.417 57986 7.508
1791642832.425 57988 7.356
1791642832.443 57991 12.325
1791642832.451 57994 7.728
1791642832.459 57996 7.477
1791642832.476 57999 11.766
1791642832.485 58002 7.506
1791642832.493 58004 7.366
1791642832.510 58007 12.106
1791642832.520 58010 8.737
1791642832.527 58012 7.538
1791642832.544 58015 12.137
1791642832.553 58018 7.723
1791642832.561 58020 7.639
1791642832.578 58023 11.703
1791642832.586 58026 7.455
1791642832.595 58028 7.513
1791642832.612 58031 12.128
1791642832.620 58034 7.524
1791642832.629 58036 7.652
1791642832.646 58039 11.780
1791642832.655 58042 7.973
1791642832.663 58044 7.537
1791642832.680 58047 12.095
1791642832.688 58050 7.534
1791642832.697 58052 7.540
1791642832.714 58055 12.475
1791642832.722 58058 7.583
1791642832.731 58060 7.501
1791642832.747 58063 11.720
1791642832.756 58066 7.407
1791642832.764 58068 7.455
1791642832.781 58071 11.761
1791642832.790 58074 7.450
1791642832.798 58076 7.600
1791642832.815 58079 11.766
1791642832.824 58082 7.520
1791642832.832 58084 7.546
1791642832.849 58087 11.674
1791642832.858 58090 7.632
1791642832.866 58092 7.462
1791642832.883 58095 11.686
1791642832.892 58098 7.536
1791642832.900 58100 7.349
1791642832.917 58103 12.078
1791642832.926 58106 7.561
1791642832.934 58108 7.493
1791642832.951 58111 11.949
1791642832.959 58114 7.509
1791642832.968 58116 7.551
1791642832.985 58119 12.076
1791642832.993 58122 7.440
1791642833.002 58124 7.488
1791642833.019 58127 12.240
1791642833.027 58130 7.514
1791642833.036 58132 7.647
1791642833.053 58135 12.008
1791642833.061 58138 7.551
1791642833.070 58140 7.663
1791642833.087 58143 11.886
1791642833.095 58146 7.532
1791642833.104 58148 7.702
1791642833.121 58151 12.138
1791642833.129 58154 7.556
1791642833.138 58156 7.582
1791642833.155 58159 11.825
1791642833.163 58162 7.688
1791642833.171 58164 7.514
1791642833.188 58167 11.724
1791642833.197 58170 7.942
1791642833.205 58172 7.577
1791642833.222 58175 11.810
1791642833.231 58178 7.452
1791642833.239 58180 7.388
1791642833.256 58183 11.782
1791642833.265 58186 7.469
1791642833.273 58188 7.433
1791642833.290 58191 12.041
1791642833.299 58194 8.010
1791642833.307 58196 7.603
1791642833.324 58199 11.714
1791642833.332 58202 7.421
1791642833.341 58204 7.533
1791642833.358 58207 12.228
1791642833.366 58210 7.407
1791642833.375 58212 7.415
1791642833.392 58215 12.022
1791642833.400 58218 7.380
1791642833.409 58220 7.683
1791642833.426 58223 12.034
1791642833.434 58226 7.431
1791642833.443 58228 7.545
1791642833.460 58231 11.837
1791642833.468 58234 7.627
1791642833.477 58236 7.652
1791642833.494 58239 11.997
1791642833.502 58242 7.631
1791642833.510 58244 7.460
1791642833.528 58247 12.213
1791642833.536 58250 7.751
1791642833.545 58252 7.822
1791642833.562 58255 12.254
1791642833.570 58258 7.699
1791642833.578 58260 7.609
1791642833.596 58263 12.051
1791642833.607 58266 10.960
1791642833.616 58268 11.643
1791642833.625 58271 7.530
1791642833.642 58274 12.182
1791642833.651 58276 11.926
1791642833.659 58279 7.503
1791642833.676 58282 11.659
1791642833.685 58284 12.120
1791642833.693 58287 7.590
1791642833.710 58290 11.719
1791642833.718 58292 11.776
1791642833.727 58295 7.820
1791642833.744 58298 11.708
1791642833.752 58300 11.980
1791642833.761 58303 7.602
1791642833.778 58306 12.019
1791642833.786 58308 11.956
1791642833.795 58311 8.358
1791642833.812 58314 11.955
1791642833.820 58316 11.816
1791642833.828 58319 7.503
1791642833.846 58322 12.037
1791642833.854 58324 11.777
1791642833.862 58327 7.600
1791642833.879 58330 11.728
1791642833.888 58332 11.750
1791642833.899 58335 10.203
1791642833.913 58338 11.695
1791642833.922 58340 11.867
1791642833.930 58343 7.721
1791642833.947 58346 11.788
1791642833.956 58348 11.850
1791642833.964 58351 7.495
1791642833.981 58354 11.626
1791642833.989 58356 11.659
1791642833.998 58359 7.528
1791642834.015 58362 11.726
1791642834.023 58364 11.783
1791642834.032 58367 7.697
1791642834.049 58370 11.702
1791642834.057 58372 11.763
1791642834.066 58375 7.686
1791642834.083 58378 11.891
1791642834.091 58380 11.819
1791642834.100 58383 7.554
1791642834.117 58386 11.638
1791642834.125 58388 11.833
1791642834.134 58391 7.514
1791642834.150 58394 11.615
1791642834.160 58396 12.642
1791642834.168 58399 7.516
1791642834.184 58402 11.733
1791642834.193 58404 11.812
1791642834.201 58407 7.474
1791642834.219 58410 12.057
1791642834.227 58412 11.889
1791642834.236 58415 8.433
1791642834.252 58418 11.589
1791642834.261 58420 11.763
1791642834.269 58423 7.405
1791642834.286 58426 11.705
1791642834.295 58428 11.842
1791642834.303 58431 7.528
1791642834.320 58434 12.011
1791642834.329 58436 11.884
1791642834.337 58439 7.489
1791642834.354 58442 12.064
1791642834.363 58444 11.947
1791642834.371 58447 7.484
1791642834.388 58450 11.657
1791642834.396 58452 11.703
1791642834.405 58455 7.370
1791642834.422 58458 11.673
1791642834.431 58460 12.392
1791642834.439 58463 7.528
1791642834.456 58466 11.683
1791642834.464 58468 11.715
1791642834.473 58471 7.747
1791642834.490 58474 12.144
1791642834.498 58476 11.662
1791642834.507 58479 7.572
1791642834.524 58482 11.670
1791642834.532 58484 11.867
1791642834.541 58487 7.510
1791642834.558 58490 12.141
1791642834.566 58492 12.135
1791642834.575 58495 7.706
1791642834.592 58498 12.081
1791642834.600 58500 12.142
1791642834.609 58503 7.699
1791642834.626 58506 11.912
1791642834.634 58508 11.840
1791642834.642 58511 7.418
1791642834.659 58514 11.793
1791642834.668 58516 11.767
1791642834.676 58519 7.378
1791642834.694 58522 12.403
1791642834.702 58524 12.015
1791642834.710 58527 7.655
1791642834.728 58530 12.186
1791642834.736 58532 11.990
1791642834.744 58535 7.712
1791642834.761 58538 11.710
1791642834.769 58540 11.690
1791642834.778 58543 7.657
1791642834.795 58546 12.065
1791642834.804 58548 12.071
1791642834.812 58551 7.604
1791642834.829 58554 11.812
1791642834.837 58556 11.816
1791642834.846 58559 7.515
1791642834.863 58562 11.622
1791642834.871 58564 11.681
1791642834.880 58567 7.401
1791642834.897 58570 11.994
1791642834.905 58572 11.823
1791642834.914 58575 7.515
1791642834.931 58578 11.717
1791642834.939 58580 11.978
1791642834.947 58583 7.405
1791642834.964 58586 11.655
1791642834.973 58588 11.719
1791642834.981 58591 7.458
1791642834.998 58594 11.742
1791642835.007 58596 11.709
1791642835.015 58599 7.339
1791642835.033 58602 12.128
1791642835.041 58604 11.747
1791642835.049 58607 7.505
1791642835.067 58610 12.472
1791642835.075 58612 12.060
1791642835.083 58615 7.469
1791642835.100 58618 11.828
1791642835.109 58620 11.882
1791642835.117 58623 7.407
1791642835.134 58626 11.644
1791642835.143 58628 11.837
1791642835.151 58631 7.464
1791642835.168 58634 11.671
1791642835.176 58636 11.729
1791642835.185 58639 7.731
1791642835.202 58642 12.183
1791642835.210 58644 11.722
1791642835.219 58647 7.477
1791642835.236 58650 12.231
1791642835.244 58652 11.704
1791642835.253 58655 7.475
1791642835.270 58658 11.631
1791642835.278 58660 11.675
1791642835.287 58663 7.710
1791642835.304 58666 11.838
1791642835.313 58668 12.748
1791642835.321 58671 7.664
1791642835.338 58674 12.007
1791642835.346 58676 11.875
1791642835.355 58679 7.628
1791642835.371 58682 11.715
1791642835.380 58684 11.827
1791642835.388 58687 7.373
1791642835.405 58690 11.762
1791642835.414 58692 11.733
1791642835.422 58695 7.493
1791642835.439 58698 11.805
1791642835.448 58700 11.856
1791642835.456 58703 7.586
1791642835.473 58706 11.756
1791642835.482 58708 12.155
1791642835.490 58711 7.491
1791642835.507 58714 11.720
1791642835.516 58716 11.981
1791642835.524 58719 7.564
1791642835.541 58722 11.655
1791642835.550 58724 12.241
1791642835.558 58727 7.519
1791642835.575 58730 11.748
1791642835.583 58732 11.810
1791642835.592 58735 7.541
1791642835.609 58738 12.018
1791642835.617 58740 11.880
1791642835.626 58743 7.735
1791642835.643 58746 11.816
1791642835.651 58748 11.751
1791642835.660 58751 7.358
1791642835.677 58754 11.998
1791642835.685 58756 11.868
1791642835.694 58759 7.476
1791642835.711 58762 12.101
1791642835.719 58764 11.750
1791642835.727 58767 7.488
1791642835.744 58770 11.685
1791642835.753 58772 11.777
1791642835.761 58775 7.474
1791642835.779 58778 12.093
1791642835.787 58780 11.931
1791642835.795 58783 7.478
1791642835.813 58786 12.042
1791642835.821 58788 11.861
1791642835.829 58791 7.606
1791642835.846 58794 11.618
1791642835.857 58796 14.077
1791642835.863 58799 7.605
1791642835.880 58802 11.717
1791642835.889 58804 11.668
1791642835.897 58807 7.442
1791642835.914 58810 12.038
1791642835.923 58812 11.804
1791642835.931 58815 7.426
1791642835.948 58818 11.675
1791642835.956 58820 11.733
1791642835.965 58823 7.538
1791642835.982 58826 11.607
1791642835.990 58828 11.710
1791642835.999 58831 7.424
1791642836.016 58834 11.709
1791642836.024 58836 11.566
1791642836.033 58839 7.372
1791642836.050 58842 11.743
1791642836.058 58844 11.684
1791642836.067 58847 7.465
1791642836.084 58850 11.843
1791642836.092 58852 11.718
1791642836.101 58855 7.860
1791642836.118 58858 12.154
1791642836.126 58860 12.123
1791642836.135 58863 7.786
1791642836.151 58866 11.704
1791642836.160 58868 11.759
1791642836.168 58871 7.473
1791642836.185 58874 11.810
1791642836.194 58876 11.736
1791642836.202 58879 7.649
1791642836.219 58882 11.723
1791642836.228 58884 11.796
1791642836.236 58887 7.495
1791642836.253 58890 11.656
1791642836.261 58892 11.631
1791642836.270 58895 7.464
1791642836.288 58898 12.377
1791642836.295 58900 11.665
1791642836.304 58903 7.418
1791642836.321 58906 11.901
1791642836.329 58908 11.705
1791642836.338 58911 7.468
1791642836.355 58914 12.124
1791642836.363 58916 11.682
1791642836.372 58919 7.450
1791642836.389 58922 11.674
1791642836.397 58924 11.701
1791642836.406 58927 7.433
1791642836.423 58930 12.011
1791642836.431 58932 12.055
1791642836.440 58935 7.405
1791642836.456 58938 11.627
1791642836.466 58940 12.670
1791642836.473 58943 7.426
1791642836.490 58946 11.663
1791642836.499 58948 11.810
1791642836.507 58951 7.501
1791642836.525 58954 12.059
1791642836.533 58956 11.820
1791642836.541 58959 7.442
1791642836.558 58962 11.803
1791642836.567 58964 11.903
1791642836.575 58967 7.526
1791642836.593 58970 12.050
1791642836.601 58972 11.831
1791642836.609 58975 7.516
1791642836.626 58978 11.700
1791642836.635 58980 12.169
1791642836.643 58983 7.458
1791642836.660 58986 12.105
1791642836.669 58988 11.892
1791642836.677 58991 7.457
1791642836.694 58994 11.673
1791642836.702 58996 11.715
1791642836.711 58999 7.449
1791642836.728 59002 12.099
1791642836.736 59004 11.717
1791642836.745 59007 7.498
1791642836.762 59010 11.715
1791642836.770 59012 11.716
1791642836.779 59015 7.680
1791642836.796 59018 11.711
1791642836.804 59020 11.776
1791642836.813 59023 7.753
1791642836.830 59026 12.036
1791642836.838 59028 12.007
1791642836.847 59031 7.452
1791642836.864 59034 11.716
1791642836.872 59036 12.036
1791642836.881 59039 7.603
1791642836.898 59042 11.786
1791642836.906 59044 12.218
1791642836.914 59047 7.458
1791642836.932 59050 12.197
1791642836.940 59052 11.932
1791642836.948 59055 7.553
1791642836.965 59058 11.761
1791642836.974 59060 11.908
1791642836.982 59063 7.591
1791642836.999 59066 11.780
1791642837.008 59068 11.861
1791642837.016 59071 7.533
1791642837.034 59074 12.329
1791642837.042 59076 11.943
1791642837.050 59079 7.613
1791642837.067 59082 12.139
1791642837.076 59084 12.360
1791642837.084 59087 7.552
1791642837.101 59090 12.048
1791642837.110 59092 11.951
1791642837.118 59095 7.472
1791642837.136 59098 12.451
1791642837.144 59100 12.206
1791642837.152 59103 7.678
1791642837.169 59106 12.043
1791642837.178 59108 12.456
1791642837.186 59111 7.880
1791642837.203 59114 12.191
1791642837.211 59116 11.699
1791642837.220 59119 7.677
1791642837.237 59122 12.109
1791642837.245 59124 11.878
1791642837.254 59127 7.481
1791642837.270 59130 11.676
1791642837.279 59132 12.016
1791642837.288 59135 7.667
1791642837.304 59138 11.823
1791642837.313 59140 12.172
1791642837.321 59143 7.524
1791642837.338 59146 11.724
1791642837.347 59148 12.112
1791642837.355 59151 7.576
1791642837.373 59154 12.073
1791642837.381 59156 11.872
1791642837.390 59159 8.354
1791642837.406 59162 11.881
1791642837.415 59164 11.966
1791642837.423 59167 7.690
1791642837.441 59170 12.247
1791642837.449 59172 12.024
1791642837.458 59175 8.596
1791642837.474 59178 11.717
1791642837.485 59180 14.264
1791642837.492 59183 8.571
1791642837.508 59186 11.677
1791642837.516 59188 11.667
1791642837.525 59191 7.354
1791642837.542 59194 11.930
1791642837.550 59196 11.673
1791642837.559 59199 7.419
1791642837.576 59202 11.669
1791642837.584 59204 11.685
1791642837.593 59207 7.453
1791642837.610 59210 11.689
1791642837.618 59212 11.647
1791642837.627 59215 7.542
1791642837.644 59218 11.910
1791642837.652 59220 11.780
1791642837.661 59223 7.771
1791642837.678 59226 12.256
1791642837.686 59228 11.751
1791642837.694 59231 7.513
1791642837.711 59234 11.848
1791642837.720 59236 11.690
1791642837.728 59239 7.371
1791642837.746 59242 12.020
1791642837.754 59244 12.275
1791642837.762 59247 7.473
1791642837.779 59250 11.953
1791642837.788 59252 11.898
1791642837.796 59255 7.562
1791642837.813 59258 11.782
1791642837.822 59260 11.698
1791642837.830 59263 7.488
1791642837.847 59266 11.715
1791642837.855 59268 11.691
1791642837.864 59271 7.390
1791642837.881 59274 11.679
1791642837.889 59276 11.667
1791642837.898 59279 7.453
1791642837.915 59282 11.773
1791642837.923 59284 11.758
1791642837.932 59287 7.520
1791642837.949 59290 11.829
1791642837.957 59292 11.846
1791642837.966 59295 7.588
1791642837.983 59298 11.734
1791642837.991 59300 11.941
1791642838.000 59303 7.599
1791642838.017 59306 12.119
1791642838.025 59308 11.780
1791642838.034 59311 7.541
1791642838.051 59314 11.836
1791642838.059 59316 12.074
1791642838.067 59319 7.431
1791642838.084 59322 11.701
1791642838.093 59324 11.892
1791642838.101 59327 7.467
1791642838.118 59330 11.698
1791642838.127 59332 11.903
1791642838.135 59335 7.515
1791642838.152 59338 11.815
1791642838.161 59340 12.039
1791642838.170 59343 7.864
1791642838.186 59346 11.996
1791642838.195 59348 12.094
1791642838.203 59351 7.776
1791642838.221 59354 12.256
1791642838.229 59356 12.159
1791642838.237 59359 7.482
1791642838.254 59362 12.232
1791642838.263 59364 11.869
1791642838.271 59367 7.504
1791642838.288 59370 11.828
1791642838.296 59372 11.824
1791642838.305 59375 7.451
1791642838.322 59378 12.003
1791642838.330 59380 11.761
1791642838.339 59383 7.501
1791642838.356 59386 12.148
1791642838.366 59388 13.602
1791642838.373 59391 7.536
1791642838.390 59394 11.711
1791642838.398 59396 11.681
1791642838.406 59399 7.420
1791642838.424 59402 12.246
1791642838.432 59404 11.832
1791642838.441 59407 7.848
1791642838.457 59410 11.766
1791642838.466 59412 12.023
1791642838.475 59415 7.667
1791642838.492 59418 12.174
1791642838.500 59420 12.318
1791642838.508 59423 7.528
1791642838.525 59426 11.653
1791642838.534 59428 11.986
1791642838.543 59431 8.445
1791642838.560 59434 12.169
1791642838.568 59436 12.223
1791642838.576 59439 7.534
1791642838.593 59442 11.712
1791642838.602 59444 11.825
1791642838.610 59447 7.495
1791642838.627 59450 11.836
1791642838.636 59452 11.790
1791642838.644 59455 7.561
1791642838.661 59458 12.006
1791642838.670 59460 11.897
1791642838.678 59463 7.548
1791642838.695 59466 11.771
1791642838.703 59468 11.713
1791642838.712 59471 7.441
1791642838.729 59474 11.727
1791642838.737 59476 11.593
1791642838.746 59479 7.405
1791642838.762 59482 11.616
1791642838.771 59484 11.620
1791642838.779 59487 7.419
1791642838.796 59490 11.646
1791642838.805 59492 11.610
1791642838.814 59495 7.808
1791642838.830 59498 11.606
1791642838.839 59500 12.023
1791642838.847 59503 7.393
1791642838.864 59506 11.569
1791642838.873 59508 11.626
1791642838.882 59511 7.793
1791642838.898 59514 11.724
1791642838.907 59516 11.629
1791642838.915 59519 7.356
1791642838.933 59522 12.190
1791642838.941 59524 11.659
1791642838.949 59527 7.458
1791642838.966 59530 11.746
1791642838.974 59532 11.670
1791642838.983 59535 7.517
1791642839.001 59538 12.271
1791642839.008 59540 11.751
1791642839.017 59543 7.469
1791642839.034 59546 12.178
1791642839.043 59548 12.014
1791642839.051 59551 7.804
1791642839.068 59554 12.035
1791642839.076 59556 11.769
1791642839.085 59559 7.465
1791642839.102 59562 11.697
1791642839.110 59564 11.731
1791642839.119 59567 7.438
1791642839.136 59570 11.702
1791642839.144 59572 11.852
1791642839.153 59575 7.480
1791642839.170 59578 12.063
1791642839.178 59580 11.998
1791642839.187 59583 7.608
1791642839.203 59586 11.719
1791642839.212 59588 11.734
1791642839.220 59591 7.540
1791642839.238 59594 12.141
1791642839.246 59596 11.910
1791642839.254 59599 7.531
1791642839.271 59602 11.711
1791642839.280 59604 11.885
1791642839.288 59607 7.430
1791642839.305 59610 11.679
1791642839.314 59612 11.841
1791642839.323 59615 8.422
1791642839.339 59618 12.024
1791642839.348 59620 11.706
1791642839.356 59623 7.480
1791642839.373 59626 11.786
1791642839.382 59628 11.778
1791642839.390 59631 7.418
1791642839.407 59634 12.091
1791642839.416 59636 12.205
1791642839.426 59639 9.649
1791642839.441 59642 11.806
1791642839.449 59644 11.748
1791642839.460 59647 9.664
1791642839.475 59650 11.755
1791642839.483 59652 11.755
1791642839.492 59655 7.361
1791642839.509 59658 11.782
1791642839.517 59660 11.817
1791642839.526 59663 7.485
1791642839.542 59666 11.648
1791642839.551 59668 11.804
1791642839.560 59671 7.769
1791642839.577 59674 12.046
1791642839.585 59676 11.827
1791642839.593 59679 7.487
1791642839.611 59682 11.890
1791642839.619 59684 11.754
1791642839.628 59687 7.682
1791642839.644 59690 11.913
1791642839.653 59692 11.816
1791642839.662 59695 7.819
1791642839.679 59698 12.302
1791642839.689 59700 14.241
1791642839.696 59703 7.820
1791642839.712 59706 11.826
1791642839.721 59708 12.106
1791642839.729 59711 7.734
1791642839.752 59716 9.065
1791642839.757 59714 17.446
1791642839.767 59719 11.694
1791642839.776 59722 7.477
1791642839.784 59724 7.502
1791642839.801 59727 11.713
1791642839.810 59730 7.576
1791642839.818 59732 7.455
1791642839.835 59735 12.078
1791642839.844 59738 7.571
1791642839.852 59740 7.456
1791642839.869 59743 11.777
1791642839.878 59746 7.566
1791642839.886 59748 7.616
1791642839.903 59751 11.754
1791642839.911 59754 7.462
1791642839.920 59756 7.625
1791642839.937 59759 11.840
1791642839.945 59762 7.542
1791642839.954 59764 7.582
1791642839.971 59767 12.109
1791642839.979 59770 7.783
1791642839.988 59772 7.526
1791642840.005 59775 11.802
1791642840.013 59778 7.704
1791642840.022 59780 7.857
1791642840.039 59783 12.126
1791642840.047 59786 7.599
1791642840.056 59788 7.728
1791642840.072 59791 11.771
1791642840.081 59794 7.614
1791642840.089 59796 7.453
1791642840.106 59799 11.723
1791642840.115 59802 7.524
1791642840.123 59804 7.559
1791642840.141 59807 12.169
1791642840.149 59810 7.509
1791642840.157 59812 7.547
1791642840.174 59815 11.672
1791642840.183 59818 7.779
1791642840.191 59820 7.693
1791642840.208 59823 11.805
1791642840.217 59826 7.857
1791642840.225 59828 7.536
1791642840.242 59831 11.760
1791642840.250 59834 7.377
1791642840.259 59836 7.549
1791642840.276 59839 12.031
1791642840.284 59842 7.445
1791642840.293 59844 7.441
1791642840.310 59847 12.040
1791642840.318 59850 7.501
1791642840.327 59852 7.772
1791642840.344 59855 12.100
1791642840.352 59858 7.436
1791642840.361 59860 7.544
1791642840.378 59863 11.692
1791642840.386 59866 7.394
1791642840.395 59868 7.525
1791642840.411 59871 11.628
1791642840.420 59874 7.569
1791642840.428 59876 7.350
1791642840.446 59879 11.972
1791642840.454 59882 7.469
1791642840.462 59884 7.384
1791642840.479 59887 11.790
1791642840.488 59890 7.570
1791642840.497 59892 8.129
1791642840.513 59895 11.641
1791642840.522 59898 7.415
1791642840.530 59900 7.543
1791642840.547 59903 11.741
1791642840.556 59906 7.562
1791642840.564 59908 7.729
1791642840.581 59911 11.883
1791642840.590 59914 7.761
1791642840.598 59916 7.494
1791642840.615 59919 11.836
1791642840.624 59922 7.516
1791642840.632 59924 7.514
1791642840.649 59927 11.675
1791642840.658 59930 7.796
1791642840.666 59932 7.522
1791642840.683 59935 11.726
1791642840.691 59938 7.547
1791642840.700 59940 7.544
1791642840.717 59943 12.285
1791642840.725 59946 7.588
1791642840.734 59948 7.671
1791642840.751 59951 11.863
1791642840.759 59954 7.462
1791642840.768 59956 7.663
1791642840.785 59959 11.952
1791642840.793 59962 7.700
1791642840.802 59964 7.476
1791642840.819 59967 11.997
1791642840.828 59970 8.638
1791642840.836 59972 8.080
1791642840.853 59975 11.845
1791642840.861 59978 7.688
1791642840.869 59980 7.564
1791642840.886 59983 11.778
1791642840.895 59986 7.494
1791642840.903 59988 7.488
1791642840.920 59991 11.720
1791642840.929 59994 7.487
1791642840.937 59996 7.581
1791642840.954 59999 11.833
1791642840.963 60002 7.606
1791642840.971 60004 7.732
1791642840.988 60007 12.144
1791642840.997 60010 7.732
1791642841.005 60012 7.504
1791642841.022 60015 12.044
1791642841.030 60018 7.526
1791642841.039 60020 7.563
1791642841.056 60023 12.201
1791642841.064 60026 7.538
1791642841.073 60028 7.523
1791642841.090 60031 11.939
1791642841.098 60034 7.516
1791642841.107 60036 7.572
1791642841.124 60039 12.222
1791642841.133 60042 7.963
1791642841.141 60044 7.545
1791642841.158 60047 12.239
1791642841.166 60050 7.581
1791642841.175 60052 7.521
1791642841.192 60055 12.126
1791642841.200 60058 7.606
1791642841.208 60060 7.439
1791642841.226 60063 11.943
1791642841.234 60066 7.671
1791642841.242 60068 7.498
1791642841.260 60071 12.085
1791642841.268 60074 7.511
1791642841.276 60076 7.560
1791642841.293 60079 11.804
1791642841.302 60082 7.630
1791642841.310 60084 7.597
1791642841.327 60087 11.929
1791642841.336 60090 7.565
1791642841.344 60092 7.794
1791642841.361 60095 11.766
1791642841.370 60098 7.479
1791642841.378 60100 7.696
1791642841.395 60103 11.709
1791642841.403 60106 7.466
1791642841.412 60108 7.495
1791642841.429 60111 12.041
1791642841.437 60114 7.505
1791642841.446 60116 7.471
1791642841.463 60119 12.241
1791642841.471 60122 7.664
1791642841.480 60124 7.667
1791642841.497 60127 12.216
1791642841.505 60130 7.680
1791642841.514 60132 7.626
1791642841.531 60135 12.277
1791642841.539 60138 7.620
1791642841.548 60140 7.501
1791642841.565 60143 11.769
1791642841.573 60146 7.527
1791642841.582 60148 7.731
1791642841.599 60151 11.791
1791642841.607 60154 7.641
1791642841.616 60156 7.614
1791642841.632 60159 11.799
1791642841.641 60162 7.652
1791642841.649 60164 7.419
1791642841.667 60167 12.111
1791642841.675 60170 7.584
1791642841.683 60172 7.462
1791642841.700 60175 11.896
1791642841.709 60178 7.531
1791642841.717 60180 7.523
1791642841.735 60183 12.447
1791642841.743 60186 7.955
1791642841.751 60188 7.608
1791642841.768 60191 11.675
1791642841.776 60194 7.470
1791642841.785 60196 7.451
1791642841.802 60199 11.641
1791642841.810 60202 7.352
1791642841.819 60204 7.617
1791642841.836 60207 11.726
1791642841.844 60210 7.440
1791642841.853 60212 7.482
1791642841.870 60215 11.850
1791642841.878 60218 7.652
1791642841.887 60220 7.601
1791642841.904 60223 12.013
1791642841.913 60226 7.898
1791642841.921 60228 7.536
1791642841.938 60231 12.123
1791642841.946 60234 7.514
1791642841.955 60236 7.450
1791642841.972 60239 12.393
1791642841.980 60242 7.726
1791642841.988 60244 7.526
1791642842.005 60247 11.688
1791642842.014 60250 7.449
1791642842.022 60252 7.497
1791642842.040 60255 12.596
1791642842.048 60258 7.610
1791642842.056 60260 7.579
1791642842.073 60263 11.797
1791642842.082 60266 7.605
1791642842.091 60268 7.796
1791642842.107 60271 11.773
1791642842.116 60274 7.594
1791642842.124 60276 7.703
1791642842.141 60279 12.082
1791642842.150 60282 7.757
1791642842.159 60284 8.550
1791642842.175 60287 12.126
1791642842.184 60290 7.742
1791642842.192 60292 7.615
1791642842.209 60295 12.148
1791642842.218 60298 7.903
1791642842.226 60300 7.813
1791642842.243 60303 11.873
1791642842.251 60306 7.705
1791642842.260 60308 7.755
1791642842.277 60311 11.891
1791642842.286 60314 7.919
1791642842.294 60316 7.775
1791642842.311 60319 12.319
1791642842.319 60322 7.708
1791642842.328 60324 7.656
1791642842.345 60327 12.179
1791642842.353 60330 7.849
1791642842.362 60332 7.981
1791642842.379 60335 11.924
1791642842.387 60338 7.840
1791642842.396 60340 7.601
1791642842.413 60343 12.254
1791642842.421 60346 7.692
1791642842.429 60348 7.575
1791642842.446 60351 11.955
1791642842.455 60354 7.717
1791642842.463 60356 7.626
1791642842.480 60359 11.929
1791642842.489 60362 7.666
1791642842.497 60364 7.656
1791642842.514 60367 11.875
1791642842.523 60370 8.096
1791642842.531 60372 7.733
1791642842.548 60375 12.041
1791642842.557 60378 7.692
1791642842.565 60380 7.958
1791642842.582 60383 12.286
1791642842.591 60386 8.034
1791642842.599 60388 7.977
1791642842.616 60391 11.952
1791642842.626 60394 8.689
1791642842.633 60396 7.506
1791642842.650 60399 11.856
1791642842.659 60402 8.162
1791642842.667 60404 7.557
1791642842.684 60407 12.028
1791642842.692 60410 7.547
1791642842.701 60412 7.556
1791642842.718 60415 12.182
1791642842.726 60418 7.703
1791642842.736 60420 8.685
1791642842.752 60423 11.856
1791642842.761 60426 8.733
1791642842.771 60428 10.191
1791642842.786 60431 12.246
1791642842.794 60434 7.680
1791642842.802 60436 7.555
1791642842.820 60439 12.228
1791642842.828 60442 7.948
1791642842.836 60444 7.553
1791642842.854 60447 12.217
1791642842.862 60450 7.643
1791642842.870 60452 7.570
1791642842.887 60455 11.840
1791642842.896 60458 7.509
1791642842.904 60460 7.512
1791642842.921 60463 11.845
1791642842.929 60466 7.410
1791642842.938 60468 7.658
1791642842.955 60471 11.860
1791642842.964 60474 7.644
1791642842.972 60476 7.637
1791642842.989 60479 11.810
1791642842.997 60482 7.534
1791642843.006 60484 7.431
1791642843.023 60487 11.754
1791642843.031 60490 7.708
1791642843.040 60492 7.471
1791642843.057 60495 12.059
1791642843.065 60498 7.684
1791642843.074 60500 7.570
1791642843.091 60503 11.822
1791642843.099 60506 7.682
1791642843.108 60508 7.469
1791642843.125 60511 11.824
1791642843.133 60514 7.586
1791642843.141 60516 7.427
1791642843.159 60519 11.865
1791642843.167 60522 7.575
1791642843.176 60524 7.728
1791642843.192 60527 11.824
1791642843.201 60530 7.621
1791642843.209 60532 7.539
1791642843.227 60535 12.119
1791642843.235 60538 7.502
1791642843.243 60540 7.594
1791642843.261 60543 12.105
1791642843.269 60546 7.565
1791642843.277 60548 7.638
1791642843.294 60551 11.833
1791642843.303 60554 7.469
1791642843.311 60556 7.520
1791642843.328 60559 11.715
1791642843.336 60562 7.379
1791642843.345 60564 7.562
1791642843.362 60567 11.775
1791642843.370 60570 7.468
1791642843.379 60572 7.607
1791642843.396 60575 11.783
1791642843.405 60578 8.121
1791642843.413 60580 7.883
1791642843.430 60583 12.059
1791642843.438 60586 7.767
1791642843.447 60588 7.795
1791642843.464 60591 12.001
1791642843.472 60594 7.740
1791642843.481 60596 7.837
1791642843.498 60599 11.986
1791642843.506 60602 7.712
1791642843.515 60604 7.774
1791642843.532 60607 12.024
1791642843.540 60610 7.794
1791642843.549 60612 7.789
1791642843.566 60615 12.060
1791642843.574 60618 7.735
1791642843.583 60620 7.760
1791642843.599 60623 11.663
1791642843.608 60626 7.533
1791642843.616 60628 7.418
1791642843.633 60631 12.016
1791642843.642 60634 7.510
1791642843.650 60636 7.396
1791642843.667 60639 11.769
1791642843.676 60642 7.469
1791642843.684 60644 7.470
1791642843.701 60647 11.772
1791642843.709 60650 7.481
1791642843.718 60652 7.651
1791642843.735 60655 11.848
1791642843.743 60658 7.388
1791642843.752 60660 7.561
1791642843.769 60663 12.215
1791642843.777 60666 7.665
1791642843.786 60668 7.550
1791642843.803 60671 11.764
1791642843.811 60674 7.483
1791642843.820 60676 7.424
1791642843.837 60679 11.972
1791642843.845 60682 7.506
1791642843.854 60684 7.400
1791642843.871 60687 11.699
1791642843.879 60690 7.446
1791642843.888 60692 7.522
1791642843.905 60695 12.068
1791642843.913 60698 7.441
1791642843.921 60700 7.502
1791642843.939 60703 12.220
1791642843.947 60706 7.514
1791642843.955 60708 7.493
1791642843.972 60711 11.699
1791642843.981 60714 7.499
1791642843.989 60716 7.473
1791642844.006 60719 11.633
1791642844.015 60722 7.361
1791642844.023 60724 7.471
1791642844.040 60727 11.737
1791642844.049 60730 7.466
1791642844.057 60732 7.361
1791642844.074 60735 11.756
1791642844.083 60738 7.545
1791642844.091 60740 7.487
1791642844.108 60743 11.898
1791642844.116 60746 7.512
1791642844.125 60748 7.402
1791642844.142 60751 11.926
1791642844.151 60754 7.998
1791642844.159 60756 7.564
1791642844.176 60759 11.742
1791642844.184 60762 7.419
1791642844.193 60764 7.491
1791642844.210 60767 11.662
1791642844.219 60770 7.789
1791642844.227 60772 7.424
1791642844.244 60775 11.662
1791642844.252 60778 7.477
1791642844.261 60780 7.470
1791642844.277 60783 11.705
1791642844.287 60786 8.030
1791642844.295 60788 8.023
1791642844.312 60791 12.082
1791642844.320 60794 7.716
1791642844.329 60796 7.795
1791642844.346 60799 11.971
1791642844.354 60802 7.800
1791642844.363 60804 7.799
1791642844.379 60807 11.971
1791642844.388 60810 7.507
1791642844.396 60812 7.360
1791642844.413 60815 11.772
1791642844.422 60818 7.440
1791642844.430 60820 7.427
1791642844.447 60823 11.677
1791642844.455 60826 7.376
1791642844.464 60828 7.450
1791642844.481 60831 11.901
1791642844.489 60834 7.484
1791642844.498 60836 7.617
1791642844.515 60839 11.759
1791642844.524 60842 7.646
1791642844.534 60844 9.686
1791642844.549 60847 12.096
1791642844.557 60850 7.528
1791642844.566 60852 7.539
1791642844.583 60855 11.775
1791642844.591 60858 7.508
1791642844.600 60860 7.519
1791642844.617 60863 11.768
1791642844.625 60866 7.576
1791642844.634 60868 7.638
1791642844.651 60871 12.245
1791642844.659 60874 7.557
1791642844.668 60876 7.526
1791642844.685 60879 11.852
1791642844.693 60882 7.523
1791642844.702 60884 7.651
1791642844.719 60887 12.058
1791642844.727 60890 7.518
1791642844.735 60892 7.488
1791642844.752 60895 11.796
1791642844.761 60898 7.556
1791642844.769 60900 7.561
1791642844.786 60903 11.864
1791642844.795 60906 7.912
1791642844.803 60908 7.718
1791642844.820 60911 11.995
1791642844.829 60914 7.614
1791642844.837 60916 7.601
1791642844.854 60919 11.948
1791642844.863 60922 7.738
1791642844.871 60924 7.564
1791642844.888 60927 11.855
1791642844.897 60930 7.813
1791642844.905 60932 7.500
1791642844.922 60935 12.130
1791642844.930 60938 7.648
1791642844.939 60940 7.539
1791642844.956 60943 12.229
1791642844.964 60946 7.574
1791642844.973 60948 7.644
1791642844.990 60951 11.778
1791642844.998 60954 7.500
1791642845.007 60956 7.560
1791642845.024 60959 11.862
1791642845.032 60962 7.642
1791642845.040 60964 7.456
1791642845.058 60967 11.809
1791642845.066 60970 7.607
1791642845.075 60972 7.558
1791642845.092 60975 12.034
1791642845.101 60978 8.541
1791642845.108 60980 7.518
1791642845.126 60983 12.052
1791642845.134 60986 7.546
1791642845.142 60988 7.485
1791642845.160 60991 12.027
1791642845.168 60994 7.651
1791642845.176 60996 7.536
1791642845.193 60999 12.063
1791642845.202 61002 7.877
1791642845.210 61004 7.489
1791642845.227 61007 11.757
1791642845.236 61010 7.516
1791642845.244 61012 7.473
1791642845.261 61015 12.265
1791642845.270 61018 8.052
1791642845.278 61020 7.875
1791642845.295 61023 11.949
1791642845.304 61026 8.498
1791642845.312 61028 7.621
1791642845.329 61031 12.022
1791642845.337 61034 7.656
1791642845.346 61036 7.704
1791642845.363 61039 11.906
1791642845.371 61042 7.619
1791642845.380 61044 7.578
1791642845.397 61047 11.683
1791642845.405 61050 7.479
1791642845.414 61052 7.912
1791642845.431 61055 12.144
1791642845.439 61058 7.509
1791642845.448 61060 8.059
1791642845.465 61063 11.866
1791642845.473 61066 7.743
1791642845.482 61068 7.891
1791642845.498 61071 11.890
1791642845.507 61074 7.579
1791642845.516 61076 7.897
1791642845.532 61079 11.671
1791642845.541 61082 7.484
1791642845.549 61084 7.540
1791642845.566 61087 11.849
1791642845.575 61090 7.704
1791642845.583 61092 7.559
1791642845.600 61095 11.801
1791642845.609 61098 7.566
1791642845.617 61100 7.492
1791642845.634 61103 12.099
1791642845.643 61106 7.608
1791642845.651 61108 7.536
1791642845.668 61111 12.216
1791642845.677 61114 7.630
1791642845.685 61116 7.576
1791642845.702 61119 11.830
1791642845.710 61122 7.623
1791642845.719 61124 7.715
1791642845.736 61127 12.204
1791642845.744 61130 7.624
1791642845.753 61132 7.655
1791642845.770 61135 11.905
1791642845.778 61138 7.815
1791642845.787 61140 7.457
1791642845.804 61143 11.688
1791642845.812 61146 7.486
1791642845.821 61148 7.651
1791642845.838 61151 11.871
1791642845.846 61154 7.674
1791642845.854 61156 7.473
1791642845.872 61159 11.879
1791642845.880 61162 7.610
1791642845.888 61164 7.360
1791642845.906 61167 11.973
1791642845.914 61170 7.493
1791642845.923 61172 8.255
1791642845.939 61175 11.977
1791642845.948 61178 7.425
1791642845.957 61180 8.363
1791642845.973 61183 11.847
1791642845.982 61186 7.529
1791642845.990 61188 7.526
1791642846.007 61191 11.759
1791642846.016 61194 7.706
1791642846.024 61196 7.639
1791642846.041 61199 11.749
1791642846.049 61202 7.547
1791642846.058 61204 7.694
1791642846.075 61207 12.062
1791642846.083 61210 7.523
1791642846.092 61212 7.537
1791642846.109 61215 11.760
1791642846.117 61218 7.455
1791642846.126 61220 7.656
1791642846.143 61223 12.157
1791642846.151 61226 7.490
1791642846.160 61228 7.534
1791642846.177 61231 12.139
1791642846.185 61234 7.584
1791642846.194 61236 7.502
1791642846.211 61239 12.014
1791642846.219 61242 7.529
1791642846.227 61244 7.507
1791642846.244 61247 11.742
1791642846.253 61250 7.595
1791642846.261 61252 7.363
1791642846.278 61255 11.675
1791642846.287 61258 7.492
1791642846.296 61260 8.150
1791642846.313 61263 12.193
1791642846.321 61266 7.517
1791642846.329 61268 7.346
1791642846.347 61271 12.307
1791642846.355 61274 7.690
1791642846.363 61276 7.505
1791642846.380 61279 11.884
1791642846.389 61282 7.696
1791642846.397 61284 7.345
1791642846.414 61287 11.999
1791642846.422 61290 7.409
1791642846.432 61292 8.515
1791642846.448 61295 11.644
1791642846.456 61298 7.450
1791642846.465 61300 7.471
1791642846.482 61303 11.864
1791642846.490 61306 7.616
1791642846.500 61308 8.477
1791642846.516 61311 11.707
1791642846.524 61314 7.492
1791642846.533 61316 7.815
1791642846.550 61319 11.710
1791642846.558 61322 7.737
1791642846.567 61324 7.532
1791642846.584 61327 11.717
1791642846.592 61330 7.572
1791642846.600 61332 7.405
1791642846.618 61335 11.830
1791642846.626 61338 7.741
1791642846.634 61340 7.425
1791642846.651 61343 11.741
1791642846.660 61346 7.563
1791642846.668 61348 7.516
1791642846.685 61351 11.731
1791642846.694 61354 7.483
1791642846.702 61356 7.501
1791642846.719 61359 11.761
1791642846.728 61362 7.394
1791642846.736 61364 7.386
1791642846.753 61367 11.701
1791642846.762 61370 7.683
1791642846.770 61372 7.424
1791642846.787 61375 11.705
1791642846.795 61378 7.525
1791642846.804 61380 7.405
1791642846.821 61383 11.814
1791642846.829 61386 7.509
1791642846.838 61388 7.437
1791642846.855 61391 12.098
1791642846.863 61394 7.500
1791642846.872 61396 7.573
1791642846.889 61399 11.881
1791642846.897 61402 7.454
1791642846.906 61404 7.506
1791642846.923 61407 11.798
1791642846.931 61410 7.472
1791642846.940 61412 7.516
1791642846.957 61415 11.939
1791642846.965 61418 7.700
1791642846.974 61420 7.603
1791642846.991 61423 11.906
1791642846.999 61426 7.974
1791642847.008 61428 7.999
1791642847.025 61431 12.180
1791642847.033 61434 7.880
1791642847.042 61436 8.193
1791642847.059 61439 12.257
1791642847.067 61442 7.941
1791642847.076 61444 7.794
1791642847.093 61447 12.097
1791642847.101 61450 7.766
1791642847.109 61452 7.738
1791642847.126 61455 12.033
1791642847.135 61458 7.947
1791642847.143 61460 7.825
1791642847.160 61463 11.757
1791642847.169 61466 7.498
1791642847.177 61468 7.467
1791642847.194 61471 11.766
1791642847.202 61474 7.476
1791642847.211 61476 7.422
1791642847.228 61479 12.366
1791642847.237 61482 8.159
1791642847.245 61484 7.775
1791642847.262 61487 11.807
1791642847.270 61490 7.449
1791642847.279 61492 7.557
1791642847.296 61495 11.922
1791642847.304 61498 7.389
1791642847.313 61500 7.520
1791642847.330 61503 11.867
1791642847.338 61506 7.574
1791642847.346 61508 7.408
1791642847.364 61511 12.027
1791642847.372 61514 7.392
1791642847.381 61516 7.606
1791642847.398 61519 11.847
1791642847.406 61522 7.560
1791642847.415 61524 8.217
1791642847.432 61527 12.030
1791642847.440 61530 7.451
1791642847.448 61532 7.444
1791642847.465 61535 11.770
1791642847.474 61538 7.489
1791642847.483 61540 8.381
1791642847.499 61543 11.702
1791642847.508 61546 7.572
1791642847.516 61548 7.472
1791642847.533 61551 11.763
1791642847.541 61554 7.364
1791642847.550 61556 7.440
1791642847.567 61559 11.665
1791642847.575 61562 7.421
1791642847.584 61564 7.516
1791642847.601 61567 11.988
1791642847.609 61570 7.387
1791642847.618 61572 7.495
1791642847.635 61575 11.672
1791642847.643 61578 7.401
1791642847.652 61580 7.488
1791642847.669 61583 11.673
1791642847.677 61586 7.464
1791642847.686 61588 7.524
1791642847.702 61591 11.622
1791642847.711 61594 7.416
1791642847.720 61596 7.581
1791642847.736 61599 11.624
1791642847.745 61602 7.414
1791642847.754 61604 7.563
1791642847.770 61607 11.634
1791642847.779 61610 7.482
1791642847.787 61612 7.457
1791642847.804 61615 11.586
1791642847.813 61618 7.452
1791642847.821 61620 7.411
1791642847.838 61623 11.625
1791642847.847 61626 7.542
1791642847.855 61628 7.570
1791642847.873 61631 12.134
1791642847.881 61634 8.010
1791642847.891 61636 8.895
1791642847.907 61639 12.195
1791642847.915 61642 7.513
1791642847.923 61644 7.442
1791642847.940 61647 11.698
1791642847.948 61650 7.384
1791642847.957 61652 7.571
1791642847.974 61655 12.003
1791642847.982 61658 7.455
1791642847.991 61660 7.422
1791642848.008 61663 12.044
1791642848.016 61666 7.443
1791642848.025 61668 7.373
1791642848.042 61671 11.714
1791642848.050 61674 7.480
1791642848.059 61676 7.492
1791642848.076 61679 11.699
1791642848.084 61682 7.551
1791642848.093 61684 7.486
1791642848.110 61687 12.013
1791642848.118 61690 7.470
1791642848.128 61692 9.023
1791642848.143 61695 11.627
1791642848.152 61698 7.453
1791642848.160 61700 7.492
1791642848.177 61703 11.654
1791642848.186 61706 7.465
1791642848.194 61708 7.442
1791642848.211 61711 11.635
1791642848.220 61714 7.520
1791642848.228 61716 7.476
1791642848.245 61719 11.651
1791642848.254 61722 7.563
1791642848.262 61724 7.411
1791642848.279 61727 11.915
1791642848.288 61730 7.681
1791642848.297 61732 8.484
1791642848.313 61735 12.125
1791642848.321 61738 7.457
1791642848.330 61740 7.478
1791642848.347 61743 11.957
1791642848.356 61746 7.587
1791642848.364 61748 7.475
1791642848.381 61751 11.888
1791642848.389 61754 7.559
1791642848.398 61756 7.510
1791642848.415 61759 11.862
1791642848.423 61762 7.596
1791642848.432 61764 7.537
1791642848.449 61767 12.060
1791642848.457 61770 7.395
1791642848.466 61772 7.914
1791642848.483 61775 11.735
1791642848.491 61778 7.426
1791642848.500 61780 7.620
1791642848.516 61783 11.719
1791642848.525 61786 7.583
1791642848.534 61788 7.547
1791642848.550 61791 11.795
1791642848.559 61794 7.534
1791642848.568 61796 8.238
1791642848.585 61799 12.120
1791642848.593 61802 7.562
1791642848.601 61804 7.397
1791642848.618 61807 11.795
1791642848.627 61810 7.600
1791642848.636 61812 8.333
1791642848.653 61815 12.086
1791642848.661 61818 7.692
1791642848.669 61820 7.626
1791642848.686 61823 11.785
1791642848.695 61826 7.489
1791642848.703 61828 7.519
1791642848.720 61831 11.816
1791642848.728 61834 7.543
1791642848.737 61836 7.485
1791642848.754 61839 11.970
1791642848.763 61842 7.728
1791642848.771 61844 7.603
1791642848.788 61847 11.755
1791642848.796 61850 7.686
1791642848.805 61852 7.744
1791642848.822 61855 11.759
1791642848.830 61858 7.551
1791642848.839 61860 7.821
1791642848.856 61863 11.651
1791642848.864 61866 7.459
1791642848.873 61868 7.525
1791642848.890 61871 11.730
1791642848.898 61874 7.535
1791642848.907 61876 7.522
1791642848.923 61879 11.786
1791642848.932 61882 7.668
1791642848.940 61884 7.561
1791642848.957 61887 11.687
1791642848.966 61890 7.531
1791642848.974 61892 7.462
1791642848.991 61895 11.973
1791642849.000 61898 7.473
1791642849.008 61900 7.460
1791642849.025 61903 11.594
1791642849.034 61906 7.659
1791642849.042 61908 7.450
1791642849.059 61911 12.112
1791642849.068 61914 7.447
1791642849.076 61916 7.482
1791642849.093 61919 12.002
1791642849.101 61922 7.459
1791642849.110 61924 7.531
1791642849.128 61927 12.875
1791642849.135 61930 10.546
1791642849.148 61932 12.004
1791642849.165 61935 12.065
1791642849.182 61938 12.024
1791642849.193 61940 11.816
1791642849.210 61943 11.288
1791642849.222 61946 6.372
1791642849.239 61948 11.944
1791642849.256 61951 12.121
1791642849.272 61954 11.655
1791642849.278 61956 6.257
1791642849.295 61959 6.531
1791642849.312 61962 6.583
1791642849.330 61964 12.743
1791642849.346 61967 12.030
1791642849.363 61970 11.515
1791642849.369 61972 6.475
1791642849.386 61975 6.546
1791642849.408 61978 11.671
1791642849.419 61980 11.645
1791642849.436 61983 11.875
1791642849.453 61986 11.527
1791642849.459 61988 6.575
1791642849.482 61991 11.883
1791642849.499 61994 12.063
1791642849.509 61996 11.238
1791642849.522 61999 6.654
1791642849.544 62002 11.895
1791642849.554 62004 11.296
1791642849.567 62007 6.782
1791642849.589 62010 11.605
1791642849.600 62012 11.345
1791642849.612 62015 6.399
1791642849.629 62018 6.633
1791642849.646 62020 11.958
1791642849.663 62023 12.085
1791642849.680 62026 12.045
1791642849.690 62028 11.213
1791642849.702 62031 6.507
1791642849.719 62034 6.499
1791642849.736 62036 11.700
1791642849.752 62039 11.431
1791642849.769 62042 11.356
1791642849.776 62044 6.601
1791642849.793 62047 6.636
1791642849.816 62050 12.496
1791642849.826 62052 11.304
1791642849.838 62055 6.521
1791642849.855 62058 6.599
1791642849.872 62060 11.973
1791642849.889 62063 12.160
1791642849.906 62066 11.924
1791642849.911 62068 6.505
1791642849.929 62071 6.727
1791642849.946 62074 7.034
1791642849.963 62076 12.524
1791642849.979 62079 12.328
1791642849.996 62082 12.211
1791642850.007 62084 11.571
1791642850.024 62087 11.868
1791642850.041 62090 11.807
1791642850.047 62092 6.574
1791642850.065 62095 7.021
1791642850.081 62098 6.858
1791642850.098 62100 12.430
1791642850.115 62103 12.253
1791642850.132 62106 12.103
1791642850.142 62108 11.386
1791642850.160 62111 11.624
1791642850.176 62114 11.578
1791642850.183 62116 6.626
1791642850.205 62119 11.637
1791642850.223 62122 12.846
1791642850.233 62124 11.329
1791642850.245 62127 6.830
1791642850.262 62130 6.471
1791642850.278 62132 11.763
1791642850.295 62135 11.592
1791642850.312 62138 11.574
1791642850.318 62140 6.579
1791642850.335 62143 6.423
1791642850.352 62146 6.604
1791642850.369 62148 11.735
1791642850.385 62151 11.375
1791642850.403 62154 11.692
1791642850.409 62156 6.558
1791642850.431 62159 11.670
1791642850.448 62162 11.685
1791642850.454 62164 6.404
1791642850.477 62167 11.872
1791642850.494 62170 12.113
1791642850.504 62172 11.203
1791642850.516 62175 6.817
1791642850.539 62178 11.728
1791642850.549 62180 11.416
1791642850.566 62183 11.536
1791642850.583 62186 11.465
1791642850.590 62188 6.498
1791642850.607 62191 6.506
1791642850.629 62194 11.763
1791642850.640 62196 11.426
1791642850.652 62199 6.580
1791642850.669 62202 6.558
1791642850.685 62204 11.635
1791642850.702 62207 11.267
1791642850.714 62210 6.323
1791642850.731 62212 12.062
1791642850.747 62215 11.522
1791642850.764 62218 11.295
1791642850.776 62220 11.561
1791642850.793 62223 11.770
1791642850.810 62226 11.520
1791642850.816 62228 6.322
1791642850.833 62231 6.591
1791642850.850 62234 6.664
1791642850.866 62236 11.519
1791642850.883 62239 11.258
1791642850.895 62242 6.610
1791642850.913 62244 13.303
1791642850.929 62247 11.891
1791642850.946 62250 12.574
1791642850.956 62252 11.343
1791642850.974 62255 11.790
1791642850.990 62258 11.519
1791642850.996 62260 6.382
1791642851.013 62263 6.467
1791642851.036 62266 11.779
1791642851.047 62268 11.287
1791642851.064 62271 11.929
1791642851.081 62274 11.360
1791642851.093 62276 11.559
1791642851.110 62279 12.098
1791642851.127 62282 12.127
1791642851.137 62284 11.346
1791642851.149 62287 6.450
1791642851.166 62290 6.526
1791642851.183 62292 12.048
1791642851.200 62295 11.599
1791642851.216 62298 11.420
1791642851.222 62300 6.339
1791642851.240 62303 6.626
1791642851.257 62306 7.071
1791642851.273 62308 11.567
1791642851.290 62311 11.421
1791642851.302 62314 6.433
1791642851.319 62316 11.804
1791642851.335 62319 11.562
1791642851.352 62322 11.640
1791642851.358 62324 6.438
1791642851.375 62327 6.490
1791642851.392 62330 6.669
1791642851.409 62332 12.096
1791642851.426 62335 12.167
1791642851.443 62338 11.595
1791642851.450 62340 7.725
1791642851.466 62343 6.651
1791642851.483 62346 6.690
1791642851.500 62348 12.427
1791642851.517 62351 12.068
1791642851.534 62354 12.175
1791642851.544 62356 11.403
1791642851.561 62359 11.684
1791642851.578 62362 11.494
1791642851.584 62364 6.484
1791642851.601 62367 6.651
1791642851.618 62370 6.438
1791642851.636 62372 12.133
1791642851.652 62375 11.773
1791642851.668 62378 11.386
1791642851.675 62380 6.522
1791642851.692 62383 6.552
1791642851.715 62386 11.831
1791642851.725 62388 11.314
1791642851.737 62391 6.395
1791642851.759 62394 11.450
1791642851.770 62396 11.339
1791642851.783 62399 7.429
1791642851.805 62402 11.486
1791642851.815 62404 11.257
1791642851.832 62407 11.439
1791642851.844 62410 6.414
1791642851.861 62412 11.546
1791642851.878 62415 11.705
1791642851.895 62418 11.612
1791642851.901 62420 6.362
1791642851.918 62423 6.577
1791642851.941 62426 11.764
1791642851.951 62428 11.382
1791642851.968 62431 11.310
1791642851.980 62434 6.943
1791642851.997 62436 11.769
1791642852.013 62439 11.358
1791642852.025 62442 6.415
1791642852.042 62444 11.714
1791642852.058 62447 11.482
1791642852.075 62450 11.544
1791642852.082 62452 6.554
1791642852.104 62455 11.763
1791642852.121 62458 11.886
1791642852.130 62460 9.594
1791642852.150 62463 11.870
1791642852.166 62466 11.607
1791642852.173 62468 7.361
1791642852.195 62471 11.812
1791642852.211 62474 11.929
1791642852.217 62476 6.585
1791642852.234 62479 6.622
1791642852.251 62482 6.478
1791642852.268 62484 12.178
1791642852.285 62487 11.909
1791642852.302 62490 12.072
1791642852.313 62492 11.286
1791642852.325 62495 6.527
1791642852.342 62498 6.912
1791642852.358 62500 11.866
1791642852.375 62503 11.428
1791642852.392 62506 11.345
1791642852.398 62508 6.555
1791642852.415 62511 6.519
1791642852.438 62514 11.964
1791642852.448 62516 11.318
1791642852.460 62519 6.539
1791642852.477 62522 6.356
1791642852.494 62524 11.543
1791642852.511 62527 11.882
1791642852.528 62530 11.710
1791642852.534 62532 6.720
1791642852.551 62535 6.465
1791642852.568 62538 6.515
1791642852.584 62540 11.792
1791642852.601 62543 11.493
1791642852.618 62546 11.461
1791642852.624 62548 6.476
1791642852.641 62551 6.732
1791642852.658 62554 6.352
1791642852.676 62556 12.946
1791642852.692 62559 11.790
1791642852.709 62562 12.013
1791642852.720 62564 11.325
1791642852.732 62567 6.521
1791642852.754 62570 11.914
1791642852.765 62572 11.309
1791642852.783 62575 12.093
1791642852.800 62578 11.798
1791642852.810 62580 11.533
1791642852.827 62583 11.670
1791642852.844 62586 11.437
1791642852.856 62588 11.647
1791642852.873 62591 12.268
1791642852.890 62594 11.638
1791642852.896 62596 6.691
1791642852.918 62599 11.748
1791642852.935 62602 11.674
1791642852.941 62604 6.476
1791642852.958 62607 6.680
1791642852.975 62610 6.548
1791642852.992 62612 12.270
1791642853.009 62615 12.367
1791642853.026 62618 12.132
1791642853.036 62620 11.533
1791642853.054 62623 11.775
1791642853.070 62626 11.417
1791642853.082 62628 11.641
1791642853.099 62631 12.140
1791642853.116 62634 11.754
1791642853.122 62636 6.656
1791642853.144 62639 11.826
1791642853.161 62642 11.638
1791642853.167 62644 6.446
1791642853.184 62647 6.656
1791642853.201 62650 6.723
1791642853.218 62652 12.138
1791642853.234 62655 11.649
1791642853.251 62658 11.462
1791642853.257 62660 6.585
1791642853.275 62663 6.785
1791642853.291 62666 6.684
1791642853.310 62668 13.871
1791642853.325 62671 11.959
1791642853.341 62674 11.452
1791642853.348 62676 6.377
1791642853.371 62679 11.904
1791642853.387 62682 11.762
1791642853.393 62684 6.387
1791642853.416 62687 11.638
1791642853.433 62690 12.122
1791642853.443 62692 11.352
1791642853.456 62695 7.346
1791642853.472 62698 6.522
1791642853.489 62700 11.500
1791642853.505 62703 11.538
1791642853.522 62706 11.255
1791642853.537 62708 14.292
1791642853.551 62711 11.557
1791642853.567 62714 11.361
1791642853.580 62716 11.825
1791642853.596 62719 11.465
1791642853.613 62722 11.455
1791642853.619 62724 6.450
1791642853.636 62727 6.457
1791642853.659 62730 11.856
1791642853.669 62732 11.308
1791642853.681 62735 6.297
1791642853.698 62738 6.403
1791642853.715 62740 12.032
1791642853.732 62743 11.988
1791642853.749 62746 11.958
1791642853.760 62748 11.315
1791642853.772 62751 6.744
1791642853.794 62754 11.657
1791642853.805 62756 11.484
1791642853.822 62759 11.495
1791642853.839 62762 11.482
1791642853.851 62764 11.775
1791642853.868 62767 11.943
1791642853.885 62770 12.029
1791642853.895 62772 11.252
1791642853.907 62775 6.595
1791642853.930 62778 11.654
1791642853.941 62780 11.533
1791642853.957 62783 11.350
1791642853.974 62786 11.294
1791642853.981 62788 6.340
1791642854.004 62791 11.778
1791642854.020 62794 11.730
1791642854.026 62796 6.603
1791642854.043 62799 6.871
1791642854.067 62802 12.352
1791642854.076 62804 11.329
1791642854.093 62807 11.659
1791642854.110 62810 11.665
1791642854.117 62812 6.786
1791642854.133 62815 6.380
1791642854.156 62818 11.575
1791642854.167 62820 11.461
1791642854.179 62823 6.607
1791642854.201 62826 11.770
1791642854.212 62828 11.212
1791642854.224 62831 6.553
1791642854.246 62834 11.723
1791642854.257 62836 11.327
1791642854.269 62839 6.427
1791642854.286 62842 6.611
1791642854.302 62844 11.574
1791642854.319 62847 11.460
1791642854.336 62850 11.369
1791642854.342 62852 6.312
1791642854.365 62855 11.720
1791642854.382 62858 11.875
1791642854.393 62860 11.359
1791642854.405 62863 6.619
1791642854.422 62866 6.632
1791642854.439 62868 12.080
1791642854.456 62871 12.035
1791642854.473 62874 12.296
1791642854.483 62876 11.405
1791642854.501 62879 11.882
1791642854.517 62882 11.823
1791642854.523 62884 6.361
1791642854.541 62887 6.912
1791642854.557 62890 6.576
1791642854.574 62892 12.071
1791642854.591 62895 12.101
1791642854.608 62898 11.585
1791642854.614 62900 6.735
1791642854.631 62903 6.606
1791642854.654 62906 12.050
1791642854.664 62908 11.356
1791642854.681 62911 11.849
1791642854.698 62914 11.807
1791642854.705 62916 7.313
1791642854.722 62919 6.846
1791642854.738 62922 6.479
1791642854.755 62924 12.092
1791642854.772 62927 11.803
1791642854.789 62930 11.931
1791642854.800 62932 11.497
1791642854.817 62935 11.428
1791642854.834 62938 11.480
1791642854.840 62940 6.468
1791642854.857 62943 6.476
1791642854.880 62946 11.887
1791642854.890 62948 11.356
1791642854.904 62951 8.508
1791642854.919 62954 6.422
1791642854.936 62956 12.087
1791642854.952 62959 11.567
1791642854.969 62962 11.702
1791642854.976 62964 6.527
1791642854.998 62967 11.904
1791642855.015 62970 12.298
1791642855.026 62972 11.345
1791642855.043 62975 11.765
1791642855.060 62978 12.266
1791642855.072 62980 12.179
1791642855.088 62983 11.923
1791642855.106 62986 12.139
1791642855.116 62988 11.372
1791642855.128 62991 6.670
1791642855.151 62994 11.827
1791642855.161 62996 11.479
1791642855.178 62999 11.552
1791642855.195 63002 11.366
1791642855.207 63004 11.498
1791642855.224 63007 12.126
1791642855.241 63010 11.577
1791642855.247 63012 6.376
1791642855.264 63015 6.642
1791642855.281 63018 6.668
1791642855.298 63020 12.044
1791642855.315 63023 12.155
1791642855.331 63026 11.515
1791642855.337 63028 6.423
1791642855.354 63031 6.653
1791642855.371 63034 6.429
1791642855.389 63036 12.959
1791642855.405 63039 12.107
1791642855.422 63042 11.667
1791642855.428 63044 6.438
1791642855.445 63047 6.452
1791642855.468 63050 12.059
1791642855.478 63052 11.348
1791642855.490 63055 6.302
1791642855.513 63058 11.743
1791642855.523 63060 11.205
1791642855.535 63063 6.764
1791642855.558 63066 11.917
1791642855.568 63068 11.470
1791642855.586 63071 11.748
1791642855.602 63074 11.235
1791642855.614 63076 11.668
1791642855.631 63079 11.511
1791642855.647 63082 11.407
1791642855.654 63084 6.643
1791642855.676 63087 11.799
1791642855.693 63090 11.566
1791642855.699 63092 6.606
1791642855.722 63095 11.925
1791642855.738 63098 11.541
1791642855.744 63100 6.712
1791642855.761 63103 6.614
1791642855.778 63106 6.753
1791642855.795 63108 12.106
1791642855.812 63111 12.214
1791642855.829 63114 11.592
1791642855.835 63116 6.572
1791642855.858 63119 12.024
1791642855.874 63122 11.651
1791642855.880 63124 6.588
1791642855.902 63127 11.575
1791642855.920 63130 12.134
1791642855.930 63132 11.234
1791642855.942 63135 6.596
1791642855.965 63138 11.786
1791642855.975 63140 11.383
1791642855.987 63143 6.514
1791642856.005 63146 7.427
1791642856.021 63148 11.950
1791642856.038 63151 11.859
1791642856.055 63154 11.679
1791642856.061 63156 6.808
1791642856.078 63159 6.907
1791642856.095 63162 6.626
1791642856.112 63164 12.277
1791642856.129 63167 11.990
1791642856.146 63170 12.174
1791642856.156 63172 11.459
1791642856.173 63175 11.536
1791642856.190 63178 11.550
1791642856.202 63180 11.573
1791642856.218 63183 11.481
1791642856.235 63186 11.291
1791642856.247 63188 11.558
1791642856.264 63191 11.498
1791642856.280 63194 11.314
1791642856.292 63196 11.425
1791642856.310 63199 12.052
1791642856.327 63202 12.108
1791642856.337 63204 11.606
1791642856.355 63207 12.545
1791642856.371 63210 11.455
1791642856.377 63212 6.623
1791642856.394 63215 6.257
1791642856.411 63218 6.280
1791642856.428 63220 11.624
1791642856.444 63223 11.315
1791642856.456 63226 6.456
1791642856.474 63228 12.444
1791642856.490 63231 11.561
1791642856.506 63234 11.400
1791642856.518 63236 11.665
1791642856.535 63239 11.484
1791642856.552 63242 11.264
1791642856.564 63244 11.626
1791642856.580 63247 11.532
1791642856.597 63250 11.817
1791642856.604 63252 6.892
1791642856.626 63255 11.563
1791642856.643 63258 11.746
1791642856.649 63260 6.629
1791642856.665 63263 6.485
1791642856.688 63266 11.702
1791642856.699 63268 11.344
1791642856.716 63271 11.727
1791642856.733 63274 11.351
1791642856.739 63276 6.462
1791642856.761 63279 11.626
1791642856.779 63282 12.216
1791642856.789 63284 11.281
1791642856.801 63287 6.470
1791642856.818 63290 6.545
1791642856.834 63292 11.562
1791642856.851 63295 11.224
1791642856.863 63298 6.243
1791642856.880 63300 12.083
1791642856.897 63303 11.630
1791642856.913 63306 11.306
1791642856.926 63308 11.849
1791642856.942 63311 11.992
1791642856.959 63314 11.729
1791642856.965 63316 6.681
1791642856.982 63319 6.433
1791642857.005 63322 11.798
1791642857.015 63324 11.422
1791642857.032 63327 11.579
1791642857.049 63330 11.459
1791642857.055 63332 6.438
1791642857.073 63335 7.164
1791642857.095 63338 11.737
1791642857.106 63340 11.639
1791642857.123 63343 11.715
1791642857.139 63346 11.304
1791642857.153 63348 13.121
1791642857.168 63351 11.623
1791642857.185 63354 11.562
1791642857.191 63356 6.504
1791642857.211 63359 9.534
1791642857.225 63362 6.432
1791642857.242 63364 12.158
1791642857.258 63367 11.604
1791642857.275 63370 11.559
1791642857.282 63372 6.661
1791642857.299 63375 6.739
1791642857.316 63378 6.603
1791642857.333 63380 12.205
1791642857.349 63383 12.014
1791642857.367 63386 12.288
1791642857.377 63388 11.520
1791642857.394 63391 11.696
1791642857.411 63394 11.797
1791642857.417 63396 6.491
1791642857.434 63399 6.661
1791642857.457 63402 11.770
1791642857.468 63404 11.776
1791642857.484 63407 11.435
1791642857.501 63410 11.479
1791642857.508 63412 6.670
1791642857.531 63415 12.216
1791642857.547 63418 12.185
1791642857.558 63420 11.562
1791642857.575 63423 11.694
1791642857.592 63426 11.669
1791642857.598 63428 6.516
1791642857.615 63431 6.912
1791642857.632 63434 6.749
1791642857.649 63436 12.269
1791642857.666 63439 12.178
1791642857.683 63442 11.968
1791642857.694 63444 11.475
1791642857.710 63447 11.439
1791642857.728 63450 11.704
1791642857.734 63452 6.604
1791642857.756 63455 11.548
1791642857.773 63458 11.584
1791642857.779 63460 6.386
1791642857.802 63463 11.897
1791642857.819 63466 12.165
1791642857.829 63468 11.372
1791642857.841 63471 6.501
1791642857.864 63474 11.635
1791642857.874 63476 11.389
1791642857.886 63479 6.665
1791642857.909 63482 11.894
1791642857.919 63484 11.193
1791642857.932 63487 6.524
1791642857.948 63490 6.403
1791642857.965 63492 12.076
1791642857.982 63495 12.009
1791642857.999 63498 11.877
1791642858.006 63500 7.555
1791642858.028 63503 11.648
1791642858.044 63506 11.510
1791642858.051 63508 7.356
1791642858.073 63511 11.693
1791642858.089 63514 11.572
1791642858.095 63516 6.546
1791642858.112 63519 6.565
1791642858.135 63522 11.701
1791642858.146 63524 11.474
1791642858.162 63527 11.307
1791642858.180 63530 11.432
1791642858.192 63532 11.919
1791642858.208 63535 11.961
1791642858.225 63538 12.052
1791642858.236 63540 11.670
1791642858.253 63543 11.554
1791642858.270 63546 11.676
1791642858.277 63548 7.232
1791642858.293 63551 6.516
1791642858.316 63554 11.762
1791642858.326 63556 11.368
1791642858.343 63559 11.399
1791642858.355 63562 6.380
1791642858.372 63564 11.634
1791642858.389 63567 11.436
1791642858.406 63570 11.469
1791642858.412 63572 6.402
1791642858.435 63575 11.720
1791642858.451 63578 11.509
1791642858.458 63580 7.318
1791642858.480 63583 11.605
1791642858.496 63586 11.612
1791642858.502 63588 6.343
1791642858.525 63591 11.775
1791642858.542 63594 12.101
1791642858.553 63596 11.431
1791642858.569 63599 11.368
1791642858.581 63602 6.332
1791642858.599 63604 12.581
1791642858.615 63607 12.062
1791642858.633 63610 12.186
1791642858.643 63612 11.481
1791642858.660 63615 11.498
1791642858.677 63618 11.531
1791642858.684 63620 6.775
1791642858.706 63623 11.914
1791642858.722 63626 11.583
1791642858.728 63628 6.541
1791642858.745 63631 6.360
1791642858.762 63634 6.492
1791642858.780 63636 12.347
1791642858.796 63639 12.040
1791642858.813 63642 12.290
1791642858.824 63644 11.389
1791642858.836 63647 6.654
1791642858.858 63650 11.703
1791642858.869 63652 11.498
1791642858.886 63655 11.502
1791642858.903 63658 11.850
1791642858.910 63660 6.866
1791642858.927 63663 7.375
1791642858.943 63666 6.534
1791642858.960 63668 11.668
1791642858.977 63671 11.548
1791642858.993 63674 11.461
1791642859.000 63676 6.592
1791642859.022 63679 11.752
1791642859.039 63682 11.944
1791642859.050 63684 11.475
1791642859.067 63687 11.383
1791642859.079 63690 6.419
1791642859.096 63692 12.024
1791642859.112 63695 11.753
1791642859.129 63698 11.884
1791642859.135 63700 6.536
1791642859.158 63703 11.835
1791642859.175 63706 12.223
1791642859.185 63708 11.295
1791642859.202 63711 11.324
1791642859.214 63714 6.444
1791642859.231 63716 12.067
1791642859.248 63719 11.730
1791642859.265 63722 11.548
1791642859.271 63724 6.320
1791642859.294 63727 11.797
1791642859.311 63730 12.042
1791642859.321 63732 11.258
1791642859.334 63735 7.276
1791642859.356 63738 11.568
1791642859.366 63740 11.300
1791642859.378 63743 6.336
1791642859.395 63746 6.469
1791642859.412 63748 12.028
1791642859.429 63751 11.740
1791642859.446 63754 11.893
1791642859.457 63756 11.293
1791642859.469 63759 6.648
1791642859.486 63762 6.452
1791642859.502 63764 11.474
1791642859.519 63767 11.488
1791642859.536 63770 11.737
1791642859.542 63772 6.561
1791642859.565 63775 12.049
1791642859.581 63778 11.481
1791642859.587 63780 6.291
1791642859.605 63783 6.585
1791642859.627 63786 11.931
1791642859.638 63788 11.273
1791642859.650 63791 6.309
1791642859.667 63794 6.849
1791642859.683 63796 11.791
1791642859.700 63799 11.502
1791642859.717 63802 11.254
1791642859.729 63804 11.805
1791642859.745 63807 11.660
1791642859.762 63810 11.427
1791642859.768 63812 6.521
1791642859.785 63815 6.465
1791642859.802 63818 6.394
1791642859.819 63820 12.075
1791642859.836 63823 11.872
1791642859.853 63826 11.696
1791642859.859 63828 6.702
1791642859.882 63831 11.836
1791642859.898 63834 11.419
1791642859.904 63836 6.396
1791642859.921 63839 6.573
1791642859.938 63842 6.466
1791642859.955 63844 12.013
1791642859.972 63847 11.980
1791642859.988 63850 11.623
1791642859.994 63852 6.366
1791642860.017 63855 11.841
1791642860.034 63858 12.108
1791642860.044 63860 11.263
1791642860.057 63863 6.563
1791642860.079 63866 11.811
1791642860.090 63868 11.291
1791642860.102 63871 6.467
1791642860.119 63874 6.451
1791642860.135 63876 11.645
1791642860.152 63879 11.621
1791642860.170 63882 12.036
1791642860.176 63884 6.665
1791642860.192 63887 6.650
1791642860.215 63890 11.906
1791642860.226 63892 11.531
1791642860.242 63895 11.409
1791642860.260 63898 11.609
1791642860.266 63900 6.568
1791642860.289 63903 11.915
1791642860.305 63906 12.105
1791642860.316 63908 11.412
1791642860.328 63911 6.664
1791642860.351 63914 11.960
1791642860.361 63916 11.444
1791642860.373 63919 6.778
1791642860.390 63922 6.434
1791642860.407 63924 12.171
1791642860.424 63927 11.610
1791642860.440 63930 11.444
1791642860.447 63932 6.518
1791642860.469 63935 11.651
1791642860.486 63938 12.072
1791642860.497 63940 11.300
1791642860.509 63943 6.668
1791642860.531 63946 11.527
1791642860.542 63948 11.303
1791642860.559 63951 11.672
1791642860.576 63954 11.964
1791642860.585 63956 9.033
1791642860.600 63959 6.788
1791642860.622 63962 11.902
1791642860.633 63964 11.482
1791642860.649 63967 11.449
1791642860.667 63970 11.915
1791642860.673 63972 6.838
1791642860.690 63975 6.655
1791642860.712 63978 11.554
1791642860.723 63980 11.148
1791642860.735 63983 6.454
1791642860.758 63986 11.689
1791642860.768 63988 11.281
1791642860.780 63991 6.414
1791642860.797 63994 6.392
1791642860.814 63996 11.881
1791642860.830 63999 11.307
1791642860.842 64002 6.570
1791642860.859 64004 11.596
1791642860.875 64007 11.384
1791642860.892 64010 11.210
1791642860.899 64012 6.564
1791642860.921 64015 11.697
1791642860.938 64018 11.974
1791642860.949 64020 11.380
1791642860.966 64023 11.316
1791642860.978 64026 6.297
1791642860.995 64028 12.101
1791642861.011 64031 11.518
1791642861.028 64034 11.302
1791642861.040 64036 11.417
1791642861.057 64039 11.993
1791642861.074 64042 11.921
1791642861.084 64044 11.253
1791642861.101 64047 11.243
1791642861.113 64050 6.378
1791642861.130 64052 11.975
1791642861.148 64055 12.286
1791642861.165 64058 12.229
1791642861.175 64060 11.472
1791642861.192 64063 11.760
1791642861.209 64066 11.203
1791642861.215 64068 6.425
1791642861.233 64071 7.343
1791642861.249 64074 6.522
1791642861.266 64076 11.853
1791642861.282 64079 11.412
1791642861.295 64082 6.619
1791642861.312 64084 12.200
1791642861.328 64087 11.756
1791642861.345 64090 11.409
1791642861.357 64092 11.956
1791642861.374 64095 12.151
1791642861.390 64098 11.601
1791642861.397 64100 7.291
1791642861.413 64103 6.295
1791642861.436 64106 11.898
1791642861.446 64108 11.316
1791642861.463 64111 11.529
1791642861.480 64114 11.637
1791642861.487 64116 6.584
1791642861.509 64119 11.578
1791642861.526 64122 11.774
1791642861.532 64124 6.777
1791642861.554 64127 11.584
1791642861.571 64130 11.735
1791642861.577 64132 6.533
1791642861.594 64135 6.455
1791642861.611 64138 6.477
1791642861.628 64140 11.995
1791642861.645 64143 12.197
1791642861.662 64146 12.172
1791642861.673 64148 11.561
1791642861.690 64151 11.562
1791642861.706 64154 11.511
1791642861.713 64156 6.579
1791642861.736 64159 11.794
1791642861.752 64162 11.862
1791642861.758 64164 6.595
1791642861.775 64167 6.877
1791642861.797 64170 11.500
1791642861.808 64172 11.522
1791642861.825 64175 11.568
1791642861.842 64178 11.347
1791642861.854 64180 11.645
1791642861.871 64183 11.668
1791642861.887 64186 11.609
1791642861.894 64188 6.483
1791642861.916 64191 11.779
1791642861.933 64194 11.449
1791642861.939 64196 6.330
1791642861.963 64199 13.285
1791642861.978 64202 11.544
1791642861.984 64204 6.538
1791642862.007 64207 12.001
1791642862.024 64210 12.144
1791642862.034 64212 11.625
1791642862.051 64215 11.520
1791642862.068 64218 11.789
1791642862.074 64220 6.525
1791642862.092 64223 6.884
1791642862.108 64226 6.630
1791642862.125 64228 12.162
1791642862.142 64231 12.079
1791642862.159 64234 11.686
1791642862.165 64236 6.652
1791642862.182 64239 6.559
1791642862.199 64242 6.556
1791642862.216 64244 11.946
1791642862.232 64247 11.563
1791642862.249 64250 11.595
1791642862.255 64252 6.682
1791642862.278 64255 11.746
1791642862.295 64258 11.842
1791642862.305 64260 11.457
1791642862.322 64263 11.340
1791642862.339 64266 11.465
1791642862.352 64268 12.266
1791642862.368 64271 11.817
1791642862.385 64274 12.125
1791642862.396 64276 11.293
1791642862.408 64279 6.516
1791642862.430 64282 11.710
1791642862.441 64284 11.295
1791642862.453 64287 6.588
1791642862.476 64290 11.848
1791642862.486 64292 11.307
1791642862.499 64295 7.175
1791642862.521 64298 11.568
1791642862.531 64300 11.454
1791642862.549 64303 11.484
1791642862.566 64306 11.510
1791642862.572 64308 6.413
1791642862.595 64311 11.850
1791642862.611 64314 11.527
1791642862.617 64316 6.535
1791642862.634 64319 6.610
1791642862.651 64322 6.513
1791642862.668 64324 12.324
1791642862.685 64327 12.195
1791642862.702 64330 12.294
1791642862.712 64332 11.299
1791642862.725 64335 6.846
1791642862.747 64338 11.996
1791642862.758 64340 11.516
1791642862.774 64343 11.262
1791642862.788 64346 7.290
1791642862.804 64348 11.940
1791642862.820 64351 11.540
1791642862.837 64354 11.982
1791642862.844 64356 7.337
1791642862.860 64359 6.853
1791642862.877 64362 6.396
1791642862.894 64364 11.897
1791642862.911 64367 12.092
1791642862.927 64370 11.663
1791642862.933 64372 6.297
1791642862.956 64375 11.674
1791642862.973 64378 11.538
1791642862.979 64380 6.530
1791642862.996 64383 6.569
1791642863.013 64386 6.513
1791642863.029 64388 11.480
1791642863.046 64391 11.366
1791642863.063 64394 11.423
1791642863.069 64396 6.557
1791642863.092 64399 11.645
1791642863.108 64402 11.530
1791642863.115 64404 6.671
1791642863.131 64407 6.415
1791642863.148 64410 6.691
1791642863.166 64412 12.245
1791642863.182 64415 11.942
1791642863.199 64418 11.773
1791642863.205 64420 6.733
1791642863.222 64423 6.591
1791642863.245 64426 11.845
1791642863.255 64428 11.407
1791642863.267 64431 6.399
1791642863.284 64434 6.612
1791642863.301 64436 11.991
1791642863.317 64439 11.695
1791642863.334 64442 11.413
1791642863.346 64444 11.859
1791642863.363 64447 11.667
1791642863.380 64450 12.121
1791642863.391 64452 11.560
1791642863.408 64455 11.441
1791642863.424 64458 11.250
1791642863.437 64460 11.709
1791642863.453 64463 11.638
1791642863.470 64466 11.380
1791642863.476 64468 6.433
1791642863.493 64471 6.551
1791642863.516 64474 11.910
1791642863.526 64476 11.278
1791642863.543 64479 11.519
1791642863.560 64482 11.526
1791642863.567 64484 6.468
1791642863.589 64487 11.879
1791642863.606 64490 11.981
1791642863.617 64492 11.396
1791642863.629 64495 6.569
1791642863.651 64498 11.558
1791642863.662 64500 11.549
1791642863.679 64503 11.372
1791642863.691 64506 6.579
1791642863.708 64508 12.055
1791642863.724 64511 11.590
1791642863.741 64514 11.433
1791642863.747 64516 6.396
1791642863.764 64519 6.349
1791642863.787 64522 11.869
1791642863.797 64524 11.240
1791642863.815 64527 11.477
1791642863.831 64530 11.343
1791642863.843 64532 11.645
1791642863.860 64535 11.903
1791642863.877 64538 12.026
1791642863.888 64540 11.274
1791642863.900 64543 6.450
1791642863.918 64546 7.645
1791642863.933 64548 11.527
1791642863.950 64551 11.527
1791642863.967 64554 11.494
1791642863.973 64556 6.364
1791642863.990 64559 6.366
1791642864.008 64562 6.669
1791642864.024 64564 11.994
1791642864.041 64567 11.580
1791642864.057 64570 11.284
1791642864.070 64572 11.799
1791642864.086 64575 11.640
1791642864.103 64578 11.617
1791642864.109 64580 6.560
1791642864.132 64583 11.852
1791642864.149 64586 11.919
1791642864.159 64588 11.523
1791642864.176 64591 11.436
1791642864.194 64594 11.832
1791642864.200 64596 6.842
1791642864.217 64599 6.681
1791642864.233 64602 6.571
1791642864.250 64604 11.870
1791642864.267 64607 11.438
1791642864.284 64610 11.607
1791642864.290 64612 6.424
1791642864.313 64615 11.887
1791642864.329 64618 11.814
1791642864.340 64620 11.487
1791642864.357 64623 11.708
1791642864.374 64626 11.312
1791642864.386 64628 11.829
1791642864.403 64631 11.853
1791642864.420 64634 11.944
1791642864.430 64636 11.189
1791642864.443 64639 6.494
1791642864.465 64642 11.564
1791642864.476 64644 11.483
1791642864.493 64647 11.481
1791642864.510 64650 11.581
1791642864.516 64652 6.427
1791642864.539 64655 11.590
1791642864.555 64658 11.680
1791642864.561 64660 6.280
1791642864.584 64663 11.918
1791642864.600 64666 11.598
1791642864.607 64668 6.556
1791642864.623 64671 6.509
1791642864.646 64674 11.723
1791642864.657 64676 11.325
1791642864.669 64679 6.642
1791642864.692 64682 12.608
1791642864.702 64684 11.672
1791642864.719 64687 11.646
1791642864.736 64690 11.689
1791642864.742 64692 6.436
1791642864.759 64695 6.584
1791642864.782 64698 11.799
1791642864.792 64700 11.285
1791642864.805 64703 6.717
1791642864.821 64706 6.557
1791642864.838 64708 11.554
1791642864.855 64711 11.856
1791642864.872 64714 11.503
1791642864.884 64716 11.566
1791642864.900 64719 12.004
1791642864.917 64722 12.086
1791642864.928 64724 11.550
1791642864.945 64727 11.498
1791642864.962 64730 11.822
1791642864.969 64732 6.848
1791642864.991 64735 11.910
1791642865.008 64738 11.946
1791642865.018 64740 11.398
1791642865.035 64743 11.557
1791642865.052 64746 11.509
1791642865.059 64748 6.570
1791642865.081 64751 11.759
1791642865.098 64754 11.639
1791642865.104 64756 6.340
1791642865.127 64759 11.809
1791642865.144 64762 12.151
1791642865.154 64764 11.386
1791642865.171 64767 11.562
1791642865.188 64770 11.550
1791642865.194 64772 6.633
1791642865.211 64775 6.649
1791642865.234 64778 11.699
1791642865.244 64780 11.337
1791642865.257 64783 6.574
1791642865.273 64786 6.440
1791642865.290 64788 12.123
1791642865.307 64791 12.023
1791642865.324 64794 12.062
1791642865.335 64796 11.257
1791642865.347 64799 6.480
1791642865.370 64802 11.736
1791642865.380 64804 11.371
1791642865.392 64807 6.433
1791642865.409 64810 6.453
1791642865.426 64812 11.697
1791642865.442 64815 11.226
1791642865.455 64818 6.775
1791642865.471 64820 11.984
1791642865.488 64823 11.439
1791642865.504 64826 11.218
1791642865.517 64828 11.964
1791642865.533 64831 11.758
1791642865.550 64834 11.567
1791642865.556 64836 6.632
1791642865.579 64839 11.703
1791642865.596 64842 11.846
1791642865.606 64844 11.257
1791642865.618 64847 6.667
1791642865.641 64850 11.869
1791642865.651 64852 11.405
1791642865.669 64855 11.596
1791642865.685 64858 11.463
1791642865.698 64860 12.251
1791642865.714 64863 12.244
1791642865.731 64866 11.582
1791642865.737 64868 6.546
1791642865.754 64871 6.476
1791642865.771 64874 6.427
1791642865.788 64876 12.188
1791642865.804 64879 11.447
1791642865.821 64882 11.248
1791642865.833 64884 11.889
1791642865.850 64887 11.888
1791642865.867 64890 11.776
1791642865.877 64892 11.236
1791642865.890 64895 6.736
1791642865.912 64898 11.720
1791642865.923 64900 11.300
1791642865.935 64903 6.402
1791642865.957 64906 11.574
1791642865.968 64908 11.288
1791642865.980 64911 6.541
1791642866.002 64914 11.523
1791642866.013 64916 11.394
1791642866.030 64919 11.352
1791642866.047 64922 11.382
1791642866.053 64924 6.296
1791642866.070 64927 6.652
1791642866.087 64930 6.459
1791642866.104 64932 12.027
1791642866.121 64935 11.584
1791642866.137 64938 11.256
1791642866.149 64940 11.641
1791642866.166 64943 12.102
1791642866.183 64946 12.071
1791642866.194 64948 11.348
1791642866.206 64951 6.403
1791642866.229 64954 11.872
1791642866.239 64956 11.480
1791642866.256 64959 11.470
1791642866.273 64962 11.344
1791642866.286 64964 12.729
1791642866.302 64967 11.578
1791642866.318 64970 11.552
1791642866.325 64972 6.637
1791642866.347 64975 11.684
1791642866.364 64978 11.552
1791642866.370 64980 6.397
1791642866.387 64983 6.549
1791642866.404 64986 6.604
1791642866.421 64988 12.039
1791642866.437 64991 11.685
1791642866.454 64994 11.323
1791642866.466 64996 12.044
1791642866.483 64999 12.113
1791642866.500 65002 12.201
1791642866.510 65004 11.244
1791642866.522 65007 6.269
1791642866.540 65010 6.762
1791642866.557 65012 12.091
1791642866.573 65015 11.943
1791642866.590 65018 11.768
1791642866.601 65020 11.427
1791642866.613 65023 6.638
1791642866.630 65026 6.621
1791642866.647 65028 12.051
1791642866.663 65031 11.533
1791642866.680 65034 11.557
1791642866.686 65036 6.422
1791642866.704 65039 6.688
1791642866.721 65042 6.701
1791642866.737 65044 11.973
1791642866.754 65047 12.045
1791642866.771 65050 12.192
1791642866.782 65052 11.420
1791642866.799 65055 11.599
1791642866.816 65058 11.767
1791642866.822 65060 6.523
1791642866.839 65063 6.637
1791642866.856 65066 6.504
1791642866.873 65068 11.937
1791642866.890 65071 12.069
1791642866.907 65074 12.106
1791642866.917 65076 11.316
1791642866.934 65079 11.493
1791642866.951 65082 11.298
1791642866.958 65084 6.535
1791642866.975 65087 6.571
1791642866.991 65090 6.338
1791642867.008 65092 11.604
1791642867.025 65095 11.510
1791642867.042 65098 11.421
1791642867.048 65100 6.608
1791642867.065 65103 6.588
1791642867.082 65106 6.643
1791642867.099 65108 12.081
1791642867.116 65111 12.205
1791642867.132 65114 11.460
1791642867.138 65116 6.304
1791642867.161 65119 11.462
1791642867.178 65122 11.655
1791642867.185 65124 7.713
1791642867.201 65127 6.483
1791642867.224 65130 12.246
1791642867.234 65132 11.509
1791642867.251 65135 11.707
1791642867.268 65138 11.852
1791642867.274 65140 6.411
1791642867.291 65143 6.434
1791642867.308 65146 6.409
1791642867.325 65148 12.127
1791642867.342 65151 11.932
1791642867.359 65154 12.057
1791642867.365 65156 6.654
1791642867.387 65159 11.769
1791642867.404 65162 11.970
1791642867.415 65164 11.366
1791642867.432 65167 11.274
1791642867.449 65170 11.603
1791642867.455 65172 6.421
1791642867.472 65175 6.473
1791642867.489 65178 6.472
1791642867.506 65180 12.085
1791642867.522 65183 11.539
1791642867.539 65186 11.397
1791642867.546 65188 6.549
1791642867.567 65191 11.467
1791642867.580 65194 6.740
1791642867.596 65196 11.507
1791642867.613 65199 11.349
1791642867.625 65202 6.444
1791642867.643 65204 13.328
1791642867.658 65207 11.521
1791642867.675 65210 11.317
1791642867.690 65212 14.422
1791642867.705 65215 12.789
1791642867.720 65218 11.573
1791642867.726 65220 6.386
1791642867.749 65223 11.775
1791642867.766 65226 12.047
1791642867.776 65228 11.310
1791642867.789 65231 6.480
1791642867.806 65234 6.691
1791642867.823 65236 12.227
1791642867.839 65239 11.682
1791642867.856 65242 11.636
1791642867.862 65244 6.520
1791642867.885 65247 11.767
1791642867.901 65250 11.447
1791642867.908 65252 6.883
1791642867.930 65255 11.941
1791642867.947 65258 12.065
1791642867.957 65260 11.251
1791642867.969 65263 6.467
1791642867.986 65266 6.396
1791642868.004 65268 12.191
1791642868.020 65271 11.783
1791642868.037 65274 11.618
1791642868.043 65276 6.589
1791642868.065 65279 11.622
1791642868.082 65282 11.971
1791642868.093 65284 11.502
1791642868.110 65287 11.513
1791642868.127 65290 11.388
1791642868.133 65292 6.329
1791642868.150 65295 6.445
1791642868.167 65298 6.525
1791642868.184 65300 11.856
1791642868.201 65303 11.528
1791642868.217 65306 11.363
1791642868.224 65308 6.408
1791642868.241 65311 6.365
1791642868.263 65314 11.776
1791642868.274 65316 11.336
1791642868.287 65319 7.144
1791642868.303 65322 6.638
1791642868.320 65324 12.020
1791642868.336 65327 11.452
1791642868.353 65330 11.318
1791642868.366 65332 12.729
1791642868.382 65335 11.572
1791642868.398 65338 11.426
1791642868.405 65340 6.432
1791642868.427 65343 11.651
1791642868.444 65346 11.607
1791642868.450 65348 6.471
1791642868.472 65351 11.653
1791642868.489 65354 11.732
1791642868.495 65356 6.711
1791642868.512 65359 6.373
1791642868.529 65362 6.758
1791642868.546 65364 12.403
1791642868.563 65367 12.158
1791642868.580 65370 11.829
1791642868.590 65372 11.464
1791642868.608 65375 11.562
1791642868.625 65378 11.649
1791642868.631 65380 6.387
1791642868.648 65383 6.585
1791642868.670 65386 11.662
1791642868.681 65388 11.377
1791642868.693 65391 6.499
1791642868.716 65394 11.583
1791642868.726 65396 11.304
1791642868.738 65399 6.645
1791642868.761 65402 11.634
1791642868.771 65404 11.605
1791642868.789 65407 11.904
1791642868.805 65410 11.603
1791642868.812 65412 6.787
1791642868.829 65415 6.637
1791642868.846 65418 6.762
1791642868.862 65420 12.044
1791642868.879 65423 12.058
1791642868.896 65426 12.057
1791642868.907 65428 11.434
1791642868.924 65431 11.803
1791642868.941 65434 11.623
1791642868.947 65436 6.514
1791642868.964 65439 6.601
1791642868.983 65442 8.460
1791642868.998 65444 11.705
1791642869.014 65447 11.476
1791642869.031 65450 11.458
1791642869.037 65452 6.359
1791642869.060 65455 11.797
1791642869.077 65458 12.290
1791642869.083 65460 6.922
1791642869.100 65463 6.895
1791642869.117 65466 6.555
1791642869.134 65468 12.175
1791642869.151 65471 12.098
1791642869.168 65474 12.053
1791642869.178 65476 11.440
1791642869.195 65479 11.680
1791642869.212 65482 11.627
1791642869.219 65484 6.721
1791642869.236 65487 6.717
1791642869.253 65490 6.834
1791642869.269 65492 12.081
1791642869.287 65495 12.192
1791642869.303 65498 12.062
1791642869.314 65500 11.588
1791642869.331 65503 11.524
1791642869.348 65506 11.575
1791642869.354 65508 6.576
1791642869.377 65511 11.655
1791642869.394 65514 11.994
1791642869.404 65516 11.356
1791642869.416 65519 6.519
1791642869.433 65522 6.308
1791642869.450 65524 11.690
1791642869.467 65527 11.520
1791642869.483 65530 11.414
1791642869.495 65532 11.926
1791642869.512 65535 11.523
1791642869.529 65538 11.490
1791642869.535 65540 6.362
1791642869.552 65543 6.533
1791642869.575 65546 12.014
1791642869.585 65548 11.409
1791642869.602 65551 11.417
1791642869.619 65554 11.533
1791642869.626 65556 7.072
1791642869.642 65559 6.321
1791642869.665 65562 11.717
1791642869.675 65564 11.188
1791642869.688 65567 6.469
1791642869.705 65570 6.588
1791642869.721 65572 11.697
1791642869.738 65575 11.655
1791642869.755 65578 11.457
1791642869.761 65580 6.700
1791642869.784 65583 11.643
1791642869.801 65586 11.970
1791642869.811 65588 11.232
1791642869.824 65591 7.067
1791642869.840 65594 6.722
1791642869.857 65596 12.091
1791642869.874 65599 12.105
1791642869.891 65602 11.963
1791642869.902 65604 11.436
1791642869.914 65607 6.724
1791642869.936 65610 11.788
1791642869.947 65612 11.294
1791642869.959 65615 6.542
1791642869.976 65618 6.602
1791642869.992 65620 11.608
1791642870.009 65623 11.877
1791642870.026 65626 11.637
1791642870.032 65628 6.427
1791642870.055 65631 11.933
1791642870.071 65634 11.478
1791642870.077 65636 6.362
1791642870.100 65639 11.780
1791642870.117 65642 11.500
1791642870.123 65644 6.370
1791642870.140 65647 6.586
1791642870.162 65650 11.482
1791642870.173 65652 11.335
1791642870.190 65655 11.285
1791642870.202 65658 6.531
1791642870.218 65660 11.596
1791642870.235 65663 11.446
1791642870.252 65666 11.484
1791642870.258 65668 6.468
1791642870.281 65671 12.022
1791642870.298 65674 11.717
1791642870.304 65676 6.376
1791642870.321 65679 6.917
1791642870.338 65682 6.531
1791642870.355 65684 12.038
1791642870.372 65687 12.068
1791642870.388 65690 11.555
1791642870.394 65692 6.352
1791642870.411 65695 6.543
1791642870.434 65698 12.003
1791642870.444 65700 11.349
1791642870.461 65703 11.402
1791642870.478 65706 11.424
1791642870.485 65708 6.523
1791642870.502 65711 7.009
1791642870.524 65714 11.860
1791642870.535 65716 11.243
1791642870.547 65719 6.541
1791642870.569 65722 11.738
1791642870.580 65724 11.366
1791642870.597 65727 11.400
1791642870.614 65730 11.708
1791642870.621 65732 7.371
1791642870.637 65735 6.489
1791642870.660 65738 11.594
1791642870.670 65740 11.521
1791642870.687 65743 11.477
1791642870.705 65746 11.741
1791642870.711 65748 6.406
1791642870.733 65751 11.779
1791642870.750 65754 11.864
1791642870.761 65756 11.312
1791642870.775 65759 8.661
1791642870.790 65762 6.596
1791642870.806 65764 11.648
1791642870.824 65767 11.985
1791642870.840 65770 11.505
1791642870.846 65772 6.599
1791642870.864 65775 7.262
1791642870.880 65778 6.561
1791642870.897 65780 11.840
1791642870.914 65783 11.652
1791642870.930 65786 11.451
1791642870.937 65788 6.364
1791642870.959 65791 11.845
1791642870.976 65794 11.957
1791642870.987 65796 11.495
1791642871.004 65799 11.804
1791642871.021 65802 11.644
1791642871.027 65804 6.474
1791642871.045 65807 7.430
1791642871.067 65810 11.884
1791642871.077 65812 11.495
1791642871.094 65815 11.455
1791642871.111 65818 11.420
1791642871.117 65820 6.344
1791642871.140 65823 11.545
1791642871.157 65826 11.446
1791642871.163 65828 6.386
1791642871.180 65831 6.641
1791642871.197 65834 6.542
1791642871.213 65836 11.447
1791642871.230 65839 11.545
1791642871.247 65842 11.486
1791642871.254 65844 6.883
1791642871.276 65847 11.621
1791642871.292 65850 11.676
1791642871.299 65852 6.665
1791642871.316 65855 6.871
1791642871.332 65858 6.544
1791642871.349 65860 12.133
1791642871.366 65863 12.091
1791642871.383 65866 11.996
1791642871.394 65868 11.305
1791642871.409 65871 9.753
1791642871.428 65874 11.624
1791642871.439 65876 11.483
1791642871.451 65879 6.535
1791642871.468 65882 6.396
1791642871.485 65884 11.982
1791642871.502 65887 12.098
1791642871.518 65890 11.569
1791642871.525 65892 6.622
1791642871.541 65895 6.580
1791642871.558 65898 6.511
1791642871.576 65900 12.127
1791642871.592 65903 11.893
1791642871.609 65906 12.089
1791642871.620 65908 11.344
1791642871.632 65911 6.588
1791642871.649 65914 6.627
1791642871.666 65916 12.363
1791642871.683 65919 12.135
1791642871.700 65922 11.900
1791642871.706 65924 6.679
1791642871.722 65927 6.492
1791642871.745 65930 11.697
1791642871.755 65932 11.287
1791642871.767 65935 6.359
1791642871.790 65938 11.726
1791642871.801 65940 11.408
1791642871.818 65943 11.430
1791642871.835 65946 11.423
1791642871.842 65948 7.559
1791642871.858 65951 6.871
1791642871.881 65954 11.867
1791642871.891 65956 11.230
1791642871.903 65959 6.249
1791642871.920 65962 6.444
1791642871.937 65964 11.527
1791642871.953 65967 11.299
1791642871.971 65970 11.939
1791642871.977 65972 6.719
1791642871.994 65975 6.478
1791642872.011 65978 6.450
1791642872.027 65980 11.495
1791642872.044 65983 11.447
1791642872.061 65986 11.280
1791642872.074 65988 12.861
1791642872.089 65991 11.569
1791642872.106 65994 11.339
1791642872.118 65996 11.769
1791642872.135 65999 12.099
1791642872.151 66002 11.518
1791642872.158 66004 6.458
1791642872.180 66007 11.665
1791642872.197 66010 11.752
1791642872.203 66012 6.524
1791642872.220 66015 6.814
1791642872.237 66018 6.660
1791642872.253 66020 11.711
1791642872.270 66023 11.453
1791642872.287 66026 11.414
1791642872.293 66028 6.380
1791642872.316 66031 11.924
1791642872.333 66034 12.029
1791642872.343 66036 11.430
1791642872.361 66039 11.875
1791642872.377 66042 11.285
1791642872.389 66044 11.586
1791642872.406 66047 12.044
1791642872.423 66050 11.464
1791642872.429 66052 6.458
1791642872.452 66055 11.847
1791642872.468 66058 12.158
1791642872.479 66060 11.276
1791642872.491 66063 6.495
1791642872.513 66066 11.505
1791642872.524 66068 11.450
1791642872.541 66071 11.675
1791642872.558 66074 11.621
1791642872.565 66076 6.839
1791642872.581 66079 6.466
1791642872.604 66082 11.810
1791642872.614 66084 11.184
1791642872.626 66087 6.300
1791642872.644 66090 6.557
1791642872.660 66092 11.901
1791642872.677 66095 11.522
1791642872.694 66098 11.415
1791642872.700 66100 6.379
1791642872.717 66103 6.486
1791642872.734 66106 6.504
1791642872.751 66108 12.124
1791642872.768 66111 11.909
1791642872.785 66114 12.079
1791642872.795 66116 11.224
1791642872.807 66119 6.363
1791642872.825 66122 6.641
1791642872.842 66124 12.298
1791642872.859 66127 12.154
1791642872.875 66130 11.772
1791642872.881 66132 6.680
1791642872.899 66135 7.612
1791642872.915 66138 6.601
1791642872.931 66140 11.548
1791642872.948 66143 11.369
1791642872.965 66146 11.752
1791642872.971 66148 6.422
1791642872.988 66151 6.537
1791642873.005 66154 6.650
1791642873.022 66156 12.205
1791642873.039 66159 12.044
1791642873.056 66162 12.094
1791642873.067 66164 11.630
1791642873.084 66167 11.515
1791642873.101 66170 11.286
1791642873.113 66172 11.769
1791642873.130 66175 12.087
1791642873.147 66178 12.411
1791642873.157 66180 11.383
1791642873.174 66183 11.455
1791642873.191 66186 11.436
1791642873.204 66188 12.408
1791642873.220 66191 12.022
1791642873.237 66194 12.193
1791642873.248 66196 11.523
1791642873.265 66199 11.667
1791642873.282 66202 11.824
1791642873.288 66204 6.749
1791642873.305 66207 6.613
1791642873.322 66210 6.612
1791642873.338 66212 11.581
1791642873.356 66215 11.955
1791642873.372 66218 11.664
1791642873.378 66220 6.478
1791642873.401 66223 11.695
1791642873.418 66226 11.682
1791642873.424 66228 6.729
1791642873.441 66231 6.485
1791642873.457 66234 6.376
1791642873.475 66236 12.415
1791642873.492 66239 12.200
1791642873.509 66242 12.251
1791642873.519 66244 11.705
1791642873.536 66247 11.656
1791642873.553 66250 11.557
1791642873.560 66252 7.315
1791642873.576 66255 6.432
1791642873.599 66258 11.808
1791642873.609 66260 11.178
1791642873.623 66263 8.075
1791642873.638 66266 6.581
1791642873.655 66268 11.992
1791642873.672 66271 11.767
1791642873.689 66274 11.591
1791642873.695 66276 6.770
1791642873.718 66279 11.707
1791642873.734 66282 11.647
1791642873.740 66284 6.402
1791642873.762 66287 11.450
1791642873.779 66290 11.634
1791642873.786 66292 7.173
1791642873.808 66295 11.596
1791642873.825 66298 11.726
1791642873.830 66300 6.224
1791642873.847 66303 6.494
1791642873.870 66306 11.585
1791642873.881 66308 11.701
1791642873.898 66311 11.733
1791642873.915 66314 11.596
1791642873.921 66316 6.631
1791642873.943 66319 11.679
1791642873.960 66322 11.562
1791642873.966 66324 6.462
1791642873.989 66327 11.621
1791642874.005 66330 11.621
1791642874.011 66332 6.283
1791642874.028 66335 6.590
1791642874.045 66338 6.571
1791642874.062 66340 12.162
1791642874.079 66343 12.125
1791642874.096 66346 12.207
1791642874.107 66348 11.484
1791642874.124 66351 11.759
1791642874.141 66354 11.572
1791642874.147 66356 6.636
1791642874.165 66359 7.616
1791642874.187 66362 11.731
1791642874.197 66364 11.239
1791642874.209 66367 6.770
1791642874.232 66370 11.880
1791642874.242 66372 11.225
1791642874.254 66375 6.468
1791642874.277 66378 11.773
1791642874.287 66380 11.244
1791642874.300 66383 6.608
1791642874.322 66386 11.738
1791642874.333 66388 11.320
1791642874.345 66391 6.503
1791642874.362 66394 6.560
1791642874.378 66396 11.672
1791642874.395 66399 11.365
1791642874.412 66402 11.690
1791642874.418 66404 6.550
1791642874.435 66407 6.448
1791642874.458 66410 11.678
1791642874.468 66412 11.318
1791642874.480 66415 6.310
1791642874.497 66418 6.362
1791642874.514 66420 11.943
1791642874.531 66423 11.397
1791642874.548 66426 11.379
1791642874.554 66428 6.563
1791642874.577 66431 11.792
1791642874.593 66434 11.753
1791642874.599 66436 6.522
1791642874.616 66439 6.464
1791642874.633 66442 6.624
1791642874.650 66444 11.687
1791642874.666 66447 11.616
1791642874.683 66450 11.492
1791642874.690 66452 6.590
1791642874.707 66455 6.533
1791642874.724 66458 6.614
1791642874.741 66460 12.261
1791642874.758 66463 12.037
1791642874.775 66466 12.301
1791642874.785 66468 11.570
1791642874.802 66471 11.464
1791642874.819 66474 11.479
1791642874.825 66476 6.606
1791642874.848 66479 11.629
1791642874.865 66482 11.905
1791642874.875 66484 11.431
1791642874.892 66487 11.466
1791642874.910 66490 11.879
1791642874.916 66492 6.753
1791642874.933 66495 6.556
1791642874.950 66498 6.638
1791642874.967 66500 12.054
1791642874.984 66503 12.563
1791642875.000 66506 11.930
1791642875.011 66508 11.399
1791642875.023 66511 6.638
1791642875.040 66514 6.716
1791642875.057 66516 12.060
1791642875.074 66519 11.698
1791642875.091 66522 12.633
1791642875.097 66524 7.260
1791642875.114 66527 6.520
1791642875.131 66530 6.618
1791642875.147 66532 12.089
1791642875.165 66535 12.235
1791642875.181 66538 12.057
1791642875.192 66540 11.454
1791642875.209 66543 11.857
1791642875.226 66546 11.404
1791642875.232 66548 6.418
1791642875.255 66551 11.775
1791642875.272 66554 12.055
1791642875.282 66556 11.330
1791642875.294 66559 6.347
1791642875.311 66562 6.473
1791642875.330 66564 13.284
1791642875.345 66567 12.137
1791642875.362 66570 12.087
1791642875.373 66572 11.521
1791642875.390 66575 11.479
1791642875.402 66578 7.190
1791642875.419 66580 12.036
1791642875.435 66583 11.704
1791642875.452 66586 11.586
1791642875.459 66588 7.242
1791642875.475 66591 6.722
1791642875.493 66594 7.161
1791642875.509 66596 11.858
1791642875.525 66599 11.489
1791642875.543 66602 12.001
1791642875.550 66604 7.481
1791642875.571 66607 11.924
1791642875.588 66610 12.090
1791642875.599 66612 11.347
1791642875.611 66615 6.663
1791642875.628 66618 6.551
1791642875.644 66620 11.540
1791642875.661 66623 11.612
1791642875.678 66626 11.629
1791642875.684 66628 6.513
1791642875.707 66631 11.845
1791642875.724 66634 12.060
1791642875.734 66636 11.230
1791642875.747 66639 6.884
1791642875.769 66642 11.750
1791642875.780 66644 11.564
1791642875.797 66647 11.412
1791642875.809 66650 6.569
1791642875.825 66652 11.723
1791642875.842 66655 11.429
1791642875.854 66658 6.767
1791642875.870 66660 11.572
1791642875.887 66663 11.653
1791642875.904 66666 11.584
1791642875.911 66668 6.835
1791642875.927 66671 6.442
1791642875.950 66674 11.787
1791642875.961 66676 11.335
1791642875.973 66679 6.629
1791642875.990 66682 6.515
1791642876.006 66684 11.554
1791642876.023 66687 11.490
1791642876.040 66690 11.430
1791642876.052 66692 11.796
1791642876.069 66695 12.237
1791642876.085 66698 11.679
1791642876.091 66700 6.596
1791642876.108 66703 6.526
1791642876.131 66706 11.579
1791642876.141 66708 11.482
1791642876.158 66711 11.319
1791642876.170 66714 6.391
1791642876.187 66716 11.499
1791642876.203 66719 11.276
1791642876.216 66722 6.380
1791642876.232 66724 11.433
1791642876.249 66727 11.322
1791642876.261 66730 6.468
1791642876.278 66732 12.009
1791642876.295 66735 11.851
1791642876.312 66738 12.015
1791642876.322 66740 11.481
1791642876.339 66743 11.543
1791642876.356 66746 11.429
1791642876.363 66748 6.455
1791642876.385 66751 11.680
1791642876.402 66754 11.535
1791642876.408 66756 6.522
1791642876.425 66759 6.642
1791642876.442 66762 6.603
1791642876.458 66764 11.482
1791642876.475 66767 11.372
1791642876.487 66770 6.640
1791642876.503 66772 11.432
1791642876.520 66775 11.371
1791642876.532 66778 6.536
1791642876.549 66780 12.103
1791642876.566 66783 11.955
1791642876.583 66786 11.934
1791642876.589 66788 6.614
1791642876.611 66791 11.572
1791642876.629 66794 12.272
1791642876.639 66796 11.499
1791642876.652 66799 7.873
1791642876.668 66802 6.865
1791642876.684 66804 11.583
1791642876.701 66807 11.759
1791642876.718 66810 11.865
1791642876.724 66812 6.386
1791642876.741 66815 6.363
1791642876.758 66818 6.617
1791642876.775 66820 11.580
1791642876.791 66823 11.415
1791642876.804 66826 6.675
1791642876.821 66828 12.116
1791642876.837 66831 11.844
1791642876.854 66834 11.463
1791642876.860 66836 6.618
1791642876.877 66839 6.628
1791642876.894 66842 6.488
1791642876.911 66844 12.145
1791642876.928 66847 12.018
1791642876.944 66850 11.763
1791642876.951 66852 6.812
1791642876.967 66855 6.525
1791642876.990 66858 11.718
1791642877.001 66860 11.374
1791642877.018 66863 11.657
1791642877.035 66866 11.533
1791642877.041 66868 6.350
1791642877.058 66871 6.469
1791642877.075 66874 6.467
1791642877.092 66876 12.115
1791642877.108 66879 11.736
1791642877.125 66882 11.565
1791642877.131 66884 6.723
1791642877.149 66887 6.755
1791642877.165 66890 6.686
1791642877.182 66892 12.185
1791642877.199 66895 11.804
1791642877.216 66898 11.524
1791642877.222 66900 6.618
1791642877.239 66903 6.405
1791642877.256 66906 6.459
1791642877.273 66908 12.098
1791642877.290 66911 12.019
1791642877.306 66914 11.598
1791642877.312 66916 6.535
1791642877.329 66919 6.668
1791642877.346 66922 6.451
1791642877.363 66924 12.144
1791642877.380 66927 11.684
1791642877.396 66930 11.515
1791642877.409 66932 12.484
1791642877.425 66935 12.058
1791642877.543 66938 113.025
1791642877.549 66940 107.901
1791642877.554 66948 67.206
1791642877.559 66956 27.502
1791642877.564 66943 105.955
1791642877.569 66951 65.698
1791642877.574 66946 99.053
1791642877.579 66954 58.752
1791642877.585 66959 36.462
1791642877.590 66962 24.515
1791642877.595 66964 18.234
1791642877.601 66967 7.076
1791642877.617 66970 6.424
1791642877.635 66972 12.245
1791642877.651 66975 11.562
1791642877.667 66978 11.335
1791642877.674 66980 6.508
1791642877.697 66983 11.672
1791642877.713 66986 11.630
1791642877.719 66988 6.575
1791642877.736 66991 6.642
1791642877.753 66994 6.594
1791642877.770 66996 12.130
1791642877.786 66999 11.537
1791642877.803 67002 11.428
1791642877.809 67004 6.425
1791642877.832 67007 11.896
1791642877.849 67010 11.775
1791642877.857 67012 8.812
1791642877.872 67015 6.621
1791642877.894 67018 11.688
1791642877.905 67020 11.255
1791642877.917 67023 6.494
1791642877.939 67026 11.693
1791642877.950 67028 11.439
1791642877.967 67031 11.424
1791642877.985 67034 11.946
1791642877.991 67036 6.780
1791642878.007 67039 6.561
1791642878.030 67042 11.644
1791642878.040 67044 11.307
1791642878.052 67047 6.339
1791642878.070 67050 6.592
1791642878.086 67052 11.614
1791642878.103 67055 11.622
1791642878.120 67058 11.302
1791642878.126 67060 6.407
1791642878.149 67063 11.896
1791642878.165 67066 11.645
1791642878.171 67068 6.655
1791642878.194 67071 11.549
1791642878.211 67074 11.749
1791642878.222 67076 11.566
1791642878.238 67079 11.279
1791642878.251 67082 6.651
1791642878.267 67084 11.639
1791642878.284 67087 11.589
1791642878.301 67090 11.447
1791642878.307 67092 6.587
1791642878.329 67095 11.602
1791642878.346 67098 12.138
1791642878.357 67100 11.473
1791642878.374 67103 11.682
1791642878.391 67106 11.451
1791642878.397 67108 6.344
1791642878.414 67111 6.555
1791642878.437 67114 12.034
1791642878.447 67116 11.249
1791642878.459 67119 6.406
1791642878.477 67122 6.912
1791642878.493 67124 11.623
1791642878.509 67127 11.194
1791642878.527 67130 11.592
1791642878.533 67132 6.423
1791642878.550 67135 6.550
1791642878.569 67138 8.767
1791642878.583 67140 11.674
1791642878.601 67143 11.881
1791642878.617 67146 11.703
1791642878.624 67148 6.936
1791642878.641 67151 6.705
1791642878.663 67154 11.709
1791642878.674 67156 11.473
1791642878.691 67159 11.437
1791642878.707 67162 11.437
1791642878.719 67164 11.690
1791642878.736 67167 11.700
1791642878.753 67170 11.390
1791642878.765 67172 12.074
1791642878.782 67175 12.283
1791642878.799 67178 12.128
1791642878.809 67180 11.401
1791642878.826 67183 11.407
1791642878.843 67186 11.619
1791642878.849 67188 6.486
1791642878.866 67191 6.425
1791642878.883 67194 6.366
1791642878.901 67196 12.219
1791642878.917 67199 12.099
1791642878.934 67202 12.234
1791642878.945 67204 11.446
1791642878.957 67207 6.456
1791642878.974 67210 6.680
1791642878.991 67212 11.815
1791642879.007 67215 11.843
1791642879.024 67218 11.492
1791642879.030 67220 6.624
1791642879.048 67223 6.741
1791642879.064 67226 6.546
1791642879.082 67228 12.955
1791642879.098 67231 12.072
1791642879.115 67234 11.875
1791642879.121 67236 6.955
1791642879.146 67239 11.221
1791642879.171 67242 11.333
1791642879.188 67244 11.358
1791642879.214 67247 11.480
1791642879.239 67250 11.452
1791642879.256 67252 11.380
1791642879.281 67255 11.464
1791642879.307 67258 11.448
1791642879.324 67260 11.484
1791642879.349 67263 11.472
1791642879.375 67266 11.389
1791642879.392 67268 11.563
1791642879.417 67271 11.523
1791642879.442 67274 11.394
1791642879.459 67276 11.401
1791642879.485 67279 11.501
1791642879.510 67282 11.484
1791642879.527 67284 11.476
1791642879.553 67287 11.456
1791642879.578 67290 11.510
1791642879.595 67292 11.479
1791642879.621 67295 11.484
1791642879.646 67298 11.354
1791642879.663 67300 11.326
1791642879.688 67303 11.482
1791642879.714 67306 11.453
1791642879.731 67308 11.420
1791642879.756 67311 11.400
1791642879.782 67314 11.468
1791642879.799 67316 11.533
1791642879.824 67319 11.580
1791642879.849 67322 11.468
1791642879.866 67324 11.418
1791642879.892 67327 11.507
1791642879.917 67330 11.507
1791642879.934 67332 11.472
1791642879.960 67335 11.359
1791642879.985 67338 11.521
1791642880.002 67340 11.520
1791642880.027 67343 11.472
1791642880.053 67346 11.572
1791642880.070 67348 11.459
1791642880.095 67351 11.299
1791642880.121 67354 11.369
1791642880.138 67356 11.339
1791642880.163 67359 11.294
1791642880.189 67362 11.507
1791642880.205 67364 11.340
1791642880.231 67367 11.294
1791642880.256 67370 11.333
1791642880.273 67372 11.249
1791642880.299 67375 11.293
1791642880.324 67378 11.297
1791642880.341 67380 11.360
1791642880.367 67383 11.394
1791642880.392 67386 11.358
1791642880.409 67388 11.462
1791642880.434 67391 11.420
1791642880.460 67394 11.352
1791642880.477 67396 11.412
1791642880.502 67399 11.513
1791642880.528 67402 11.570
1791642880.545 67404 11.682
1791642880.570 67407 11.526
1791642880.596 67410 11.670
1791642880.612 67412 11.428
1791642880.638 67415 11.462
1791642880.663 67418 11.342
1791642880.680 67420 11.327
1791642880.706 67423 11.493
1791642880.731 67426 11.376
1791642880.748 67428 11.433
1791642880.773 67431 11.414
1791642880.799 67434 11.419
1791642880.816 67436 11.456
1791642880.842 67439 11.651
1791642880.867 67442 11.410
1791642880.884 67444 11.393
1791642880.909 67447 11.384
1791642880.935 67450 11.416
1791642880.952 67452 11.452
1791642880.977 67455 11.417
1791642881.002 67458 11.528
1791642881.019 67460 11.490
1791642881.045 67463 11.612
1791642881.070 67466 11.491
1791642881.087 67468 11.435
1791642881.113 67471 11.745
1791642881.138 67474 11.547
1791642881.155 67476 11.511
1791642881.180 67479 11.474
1791642881.206 67482 11.405
1791642881.223 67484 11.578
1791642881.248 67487 11.477
1791642881.274 67490 11.474
1791642881.291 67492 11.485
1791642881.316 67495 11.403
1791642881.341 67498 11.400
1791642881.358 67500 11.328
1791642881.384 67503 11.463
1791642881.409 67506 11.552
1791642881.426 67508 11.603
1791642881.452 67511 11.558
1791642881.477 67514 11.620
1791642881.494 67516 11.443
1791642881.520 67519 11.480
1791642881.545 67522 11.448
1791642881.562 67524 11.523
1791642881.587 67527 11.489
1791642881.613 67530 11.552
1791642881.630 67532 11.451
1791642881.655 67535 11.403
1791642881.681 67538 11.513
1791642881.698 67540 11.359
1791642881.723 67543 11.631
1791642881.749 67546 11.514
1791642881.765 67548 11.388
1791642881.791 67551 11.399
1791642881.816 67554 11.487
1791642881.833 67556 11.387
1791642881.859 67559 11.319
1791642881.884 67562 11.445
1791642881.901 67564 11.298
1791642881.926 67567 11.340
1791642881.952 67570 11.378
1791642881.969 67572 11.310
1791642881.994 67575 11.323
1791642882.020 67578 11.357
1791642882.037 67580 11.270
1791642882.062 67583 11.398
1791642882.088 67586 11.432
1791642882.105 67588 11.411
1791642882.130 67591 11.403
1791642882.155 67594 11.459
1791642882.172 67596 11.322
1791642882.198 67599 11.440
1791642882.223 67602 11.460
1791642882.240 67604 11.370
1791642882.266 67607 11.524
1791642882.291 67610 11.434
1791642882.308 67612 11.321
1791642882.333 67615 11.475
1791642882.359 67618 11.485
1791642882.376 67620 11.698
1791642882.401 67623 11.471
1791642882.427 67626 11.620
1791642882.444 67628 11.499
1791642882.469 67631 11.630
1791642882.495 67634 11.451
1791642882.511 67636 11.386
1791642882.537 67639 11.491
1791642882.563 67642 11.655
1791642882.579 67644 11.519
1791642882.605 67647 11.720
1791642882.630 67650 11.504
1791642882.647 67652 11.387
1791642882.673 67655 11.429
1791642882.698 67658 11.451
1791642882.715 67660 11.392
1791642882.740 67663 11.409
1791642882.766 67666 11.622
1791642882.783 67668 11.634
1791642882.808 67671 11.542
1791642882.834 67674 11.366
1791642882.851 67676 11.394
1791642882.876 67679 11.628
1791642882.902 67682 11.504
1791642882.918 67684 11.434
1791642882.944 67687 11.543
1791642882.969 67690 11.635
1791642882.986 67692 11.347
1791642883.012 67695 11.702
1791642883.037 67698 11.547
1791642883.054 67700 11.468
1791642883.080 67703 11.456
1791642883.105 67706 11.674
1791642883.122 67708 11.523
1791642883.147 67711 11.563
1791642883.173 67714 11.644
1791642883.190 67716 11.551
1791642883.215 67719 11.431
1791642883.240 67722 11.346
1791642883.257 67724 11.344
1791642883.283 67727 11.458
1791642883.309 67730 11.559
1791642883.325 67732 11.371
1791642883.351 67735 11.472
1791642883.376 67738 11.476
1791642883.393 67740 11.508
1791642883.419 67743 11.338
1791642883.444 67746 11.264
1791642883.461 67748 11.308
1791642883.486 67751 11.340
1791642883.512 67754 11.450
1791642883.529 67756 11.569
1791642883.554 67759 11.364
1791642883.580 67762 11.489
1791642883.597 67764 11.580
1791642883.622 67767 11.486
1791642883.647 67770 11.403
1791642883.664 67772 11.360
1791642883.690 67775 11.530
1791642883.715 67778 11.482
1791642883.732 67780 11.396
1791642883.758 67783 11.396
1791642883.783 67786 11.459
1791642883.800 67788 11.345
1791642883.825 67791 11.363
1791642883.851 67794 11.383
1791642883.868 67796 11.398
1791642883.893 67799 11.316
1791642883.919 67802 11.393
1791642883.936 67804 11.370
1791642883.961 67807 11.250
1791642883.987 67810 11.334
1791642884.003 67812 11.324
1791642884.029 67815 11.318
1791642884.054 67818 11.357
1791642884.071 67820 11.331
1791642884.097 67823 11.630
1791642884.123 67826 11.731
1791642884.139 67828 11.332
1791642884.165 67831 11.278
1791642884.190 67834 11.377
1791642884.207 67836 11.261
1791642884.232 67839 11.392
1791642884.258 67842 11.380
1791642884.275 67844 11.306
1791642884.300 67847 11.254
1791642884.326 67850 11.251
1791642884.343 67852 11.436
1791642884.368 67855 11.345
1791642884.393 67858 11.240
1791642884.410 67860 11.321
1791642884.436 67863 11.404
1791642884.461 67866 11.329
1791642884.478 67868 11.427
1791642884.504 67871 11.314
1791642884.529 67874 11.321
1791642884.546 67876 11.408
1791642884.572 67879 11.374
1791642884.597 67882 11.502
1791642884.614 67884 11.514
1791642884.640 67887 11.501
1791642884.665 67890 11.313
1791642884.682 67892 11.239
1791642884.707 67895 11.186
1791642884.733 67898 11.324
1791642884.750 67900 11.435
1791642884.775 67903 11.369
1791642884.800 67906 11.373
1791642884.817 67908 11.394
1791642884.843 67911 11.596
1791642884.868 67914 11.273
1791642884.885 67916 11.240
1791642884.911 67919 11.440
1791642884.936 67922 11.337
1791642884.953 67924 11.432
1791642884.978 67927 11.348
1791642885.004 67930 11.346
1791642885.021 67932 11.389
1791642885.046 67935 11.333
1791642885.072 67938 11.445
1791642885.089 67940 11.408
1791642885.114 67943 11.571
1791642885.140 67946 11.507
1791642885.157 67948 11.449
1791642885.182 67951 11.407
1791642885.207 67954 11.381
1791642885.224 67956 11.368
1791642885.250 67959 11.464
1791642885.275 67962 11.289
1791642885.292 67964 11.321
1791642885.318 67967 11.489
1791642885.343 67970 11.266
1791642885.360 67972 11.339
1791642885.386 67975 11.436
1791642885.411 67978 11.335
1791642885.428 67980 11.353
1791642885.453 67983 11.344
1791642885.479 67986 11.538
1791642885.496 67988 11.314
1791642885.521 67991 11.255
1791642885.546 67994 11.292
1791642885.563 67996 11.287
1791642885.589 67999 11.486
1791642885.614 68002 11.291
1791642885.631 68004 11.498
1791642885.657 68007 11.523
1791642885.682 68010 11.331
1791642885.699 68012 11.297
1791642885.724 68015 11.302
1791642885.750 68018 11.327
1791642885.767 68020 11.313
1791642885.792 68023 11.321
1791642885.818 68026 11.373
1791642885.835 68028 11.196
1791642885.860 68031 11.190
1791642885.885 68034 11.228
1791642885.903 68036 11.282
1791642885.928 68039 11.326
1791642885.953 68042 11.345
1791642885.970 68044 11.329
1791642885.996 68047 11.245
1791642886.021 68050 11.183
1791642886.038 68052 11.249
1791642886.064 68055 11.275
1791642886.089 68058 11.554
1791642886.106 68060 11.359
1791642886.132 68063 11.602
1791642886.157 68066 11.538
1791642886.174 68068 11.340
1791642886.199 68071 11.448
1791642886.225 68074 11.443
1791642886.242 68076 11.384
1791642886.267 68079 11.257
1791642886.293 68082 11.489
1791642886.310 68084 11.435
1791642886.335 68087 11.422
1791642886.360 68090 11.366
1791642886.377 68092 11.283
1791642886.403 68095 11.380
1791642886.428 68098 11.316
1791642886.445 68100 11.202
1791642886.470 68103 11.253
1791642886.496 68106 11.382
1791642886.513 68108 11.264
1791642886.538 68111 11.405
1791642886.564 68114 11.486
1791642886.581 68116 11.394
1791642886.606 68119 11.342
1791642886.632 68122 11.557
1791642886.649 68124 11.492
1791642886.674 68127 11.277
1791642886.699 68130 11.284
1791642886.717 68132 11.473
1791642886.742 68135 11.381
1791642886.767 68138 11.388
1791642886.784 68140 11.279
1791642886.810 68143 11.405
1791642886.835 68146 11.349
1791642886.852 68148 11.376
1791642886.877 68151 11.273
1791642886.903 68154 11.368
1791642886.920 68156 11.235
1791642886.945 68159 11.280
1791642886.971 68162 11.342
1791642886.988 68164 11.297
1791642887.013 68167 11.381
1791642887.039 68170 11.331
1791642887.056 68172 11.326
1791642887.081 68175 11.339
1791642887.107 68178 11.493
1791642887.123 68180 11.385
1791642887.149 68183 11.540
1791642887.174 68186 11.489
1791642887.191 68188 11.358
1791642887.217 68191 11.273
1791642887.242 68194 11.435
1791642887.259 68196 11.347
1791642887.285 68199 11.571
1791642887.310 68202 11.508
1791642887.327 68204 11.387
1791642887.352 68207 11.424
1791642887.378 68210 11.498
1791642887.395 68212 11.342
1791642887.420 68215 11.553
1791642887.446 68218 11.366
1791642887.462 68220 11.292
1791642887.488 68223 11.306
1791642887.513 68226 11.277
1791642887.530 68228 11.275
1791642887.556 68231 11.292
1791642887.581 68234 11.284
1791642887.598 68236 11.305
1791642887.624 68239 11.419
1791642887.649 68242 11.319
1791642887.666 68244 11.606
1791642887.692 68247 11.494
1791642887.717 68250 11.303
1791642887.734 68252 11.542
1791642887.759 68255 11.306
1791642887.785 68258 11.565
1791642887.802 68260 11.555
1791642887.827 68263 11.425
1791642887.853 68266 11.630
1791642887.870 68268 11.440
1791642887.895 68271 11.508
1791642887.920 68274 11.437
1791642887.937 68276 11.284
1791642887.963 68279 11.423
1791642887.988 68282 11.368
1791642888.005 68284 11.353
1791642888.031 68287 11.390
1791642888.056 68290 11.319
1791642888.073 68292 11.415
1791642888.098 68295 11.316
1791642888.124 68298 11.407
1791642888.141 68300 11.380
1791642888.166 68303 11.444
1791642888.192 68306 11.499
1791642888.209 68308 11.380
1791642888.234 68311 11.398
1791642888.259 68314 11.279
1791642888.276 68316 11.283
1791642888.302 68319 11.438
1791642888.327 68322 11.420
1791642888.344 68324 11.465
1791642888.370 68327 11.403
1791642888.395 68330 11.364
1791642888.412 68332 11.576
1791642888.438 68335 11.485
1791642888.463 68338 11.426
1791642888.480 68340 11.408
1791642888.505 68343 11.370
1791642888.531 68346 11.383
1791642888.548 68348 11.404
1791642888.573 68351 11.347
1791642888.599 68354 11.521
1791642888.616 68356 11.379
1791642888.641 68359 11.449
1791642888.667 68362 11.482
1791642888.683 68364 11.458
1791642888.709 68367 11.553
1791642888.734 68370 11.410
1791642888.751 68372 11.511
1791642888.777 68375 11.618
1791642888.802 68378 11.540
1791642888.819 68380 11.706
1791642888.845 68383 11.640
1791642888.870 68386 11.399
1791642888.887 68388 11.378
1791642888.912 68391 11.315
1791642888.938 68394 11.519
1791642888.955 68396 11.256
1791642888.980 68399 11.426
1791642889.006 68402 11.354
1791642889.022 68404 11.309
1791642889.048 68407 11.506
1791642889.073 68410 11.372
1791642889.090 68412 11.379
1791642889.116 68415 11.418
1791642889.141 68418 11.399
1791642889.158 68420 11.475
1791642889.184 68423 11.540
1791642889.209 68426 11.564
1791642889.226 68428 11.522
1791642889.251 68431 11.465
1791642889.277 68434 11.394
1791642889.294 68436 11.376
1791642889.319 68439 11.452
1791642889.345 68442 11.450
1791642889.362 68444 11.458
1791642889.387 68447 11.411
1791642889.413 68450 11.559
1791642889.429 68452 11.357
1791642889.455 68455 11.400
1791642889.480 68458 11.317
1791642889.497 68460 11.287
1791642889.523 68463 11.484
1791642889.548 68466 11.293
1791642889.565 68468 11.440
1791642889.590 68471 11.322
1791642889.616 68474 11.524
1791642889.633 68476 11.381
1791642889.658 68479 11.327
1791642889.684 68482 11.461
1791642889.701 68484 11.466
1791642889.726 68487 11.463
1791642889.752 68490 11.371
1791642889.768 68492 11.176
1791642889.794 68495 11.402
1791642889.819 68498 11.241
1791642889.836 68500 11.332
1791642889.862 68503 11.223
1791642889.887 68506 11.316
1791642889.904 68508 11.233
1791642889.930 68511 11.310
1791642889.955 68514 11.309
1791642889.972 68516 11.354
1791642889.997 68519 11.338
1791642890.023 68522 11.331
1791642890.040 68524 11.312
1791642890.065 68527 11.456
1791642890.091 68530 11.418
1791642890.108 68532 11.306
1791642890.133 68535 11.602
1791642890.159 68538 11.429
1791642890.175 68540 11.372
1791642890.201 68543 11.415
1791642890.227 68546 11.678
1791642890.243 68548 11.434
1791642890.269 68551 11.466
1791642890.294 68554 11.481
1791642890.311 68556 11.322
1791642890.337 68559 11.386
1791642890.362 68562 11.346
1791642890.379 68564 11.416
1791642890.404 68567 11.367
1791642890.430 68570 11.374
1791642890.447 68572 11.406
1791642890.472 68575 11.538
1791642890.498 68578 11.325
1791642890.515 68580 11.389
1791642890.540 68583 11.400
1791642890.566 68586 11.529
1791642890.582 68588 11.294
1791642890.608 68591 11.390
1791642890.633 68594 11.220
1791642890.650 68596 11.327
1791642890.676 68599 11.391
1791642890.701 68602 11.505
1791642890.718 68604 11.366
1791642890.744 68607 11.557
1791642890.769 68610 11.409
1791642890.786 68612 11.428
1791642890.811 68615 11.443
1791642890.837 68618 11.461
1791642890.854 68620 11.462
1791642890.880 68623 12.112
1791642890.905 68626 12.177
1791642890.922 68628 11.498
1791642890.947 68631 11.389
1791642890.973 68634 11.458
1791642890.989 68636 11.262
1791642891.015 68639 11.343
1791642891.040 68642 11.411
1791642891.058 68644 11.937
1791642891.083 68647 11.500
1791642891.110 68650 12.868
1791642891.125 68652 11.422
1791642891.150 68655 11.342
1791642891.176 68658 11.396
1791642891.193 68660 11.383
1791642891.218 68663 11.224
1791642891.244 68666 11.403
1791642891.261 68668 11.438
1791642891.286 68671 11.318
1791642891.312 68674 11.432
1791642891.328 68676 11.350
1791642891.354 68679 11.463
1791642891.379 68682 11.432
1791642891.396 68684 11.387
1791642891.422 68687 11.246
1791642891.447 68690 11.307
1791642891.464 68692 11.327
1791642891.490 68695 11.515
1791642891.515 68698 11.400
1791642891.532 68700 11.395
1791642891.557 68703 11.327
1791642891.583 68706 11.485
1791642891.600 68708 11.404
1791642891.625 68711 11.417
1791642891.651 68714 11.475
1791642891.668 68716 11.555
1791642891.693 68719 11.384
1791642891.719 68722 11.517
1791642891.735 68724 11.404
1791642891.761 68727 11.353
1791642891.786 68730 11.310
1791642891.803 68732 11.359
1791642891.829 68735 11.379
1791642891.854 68738 11.429
1791642891.871 68740 11.333
1791642891.896 68743 11.297
1791642891.922 68746 11.399
1791642891.939 68748 11.469
1791642891.964 68751 11.242
1791642891.990 68754 11.220
1791642892.007 68756 11.225
1791642892.032 68759 11.209
1791642892.057 68762 11.255
1791642892.074 68764 11.208
1791642892.100 68767 11.273
1791642892.125 68770 11.240
1791642892.142 68772 11.376
1791642892.168 68775 11.308
1791642892.193 68778 11.426
1791642892.210 68780 11.432
1791642892.236 68783 11.505
1791642892.261 68786 11.586
1791642892.279 68788 12.031
1791642892.304 68791 11.441
1791642892.329 68794 11.377
1791642892.346 68796 11.471
1791642892.371 68799 11.361
1791642892.397 68802 11.418
1791642892.414 68804 11.441
1791642892.439 68807 11.261
1791642892.464 68810 11.282
1791642892.481 68812 11.335
1791642892.507 68815 11.470
1791642892.532 68818 11.395
1791642892.549 68820 11.427
1791642892.575 68823 11.384
1791642892.600 68826 11.389
1791642892.617 68828 11.320
1791642892.642 68831 11.251
1791642892.668 68834 11.386
1791642892.685 68836 11.306
1791642892.710 68839 11.364
1791642892.736 68842 11.309
1791642892.753 68844 11.557
1791642892.778 68847 11.375
1791642892.804 68850 11.304
1791642892.820 68852 11.252
1791642892.846 68855 11.427
1791642892.871 68858 11.386
1791642892.888 68860 11.288
1791642892.914 68863 11.418
1791642892.939 68866 11.333
1791642892.956 68868 11.331
1791642892.982 68871 11.309
1791642893.007 68874 11.478
1791642893.024 68876 11.253
1791642893.050 68879 11.455
1791642893.075 68882 11.525
1791642893.092 68884 11.398
1791642893.117 68887 11.458
1791642893.143 68890 11.746
1791642893.160 68892 11.276
1791642893.185 68895 11.309
1791642893.211 68898 11.509
1791642893.228 68900 11.410
1791642893.253 68903 11.586
1791642893.279 68906 11.630
1791642893.296 68908 11.564
1791642893.321 68911 11.470
1791642893.346 68914 11.394
1791642893.363 68916 11.394
1791642893.389 68919 11.371
1791642893.414 68922 11.471
1791642893.431 68924 11.424
1791642893.456 68927 11.406
1791642893.482 68930 11.362
1791642893.499 68932 11.288
1791642893.524 68935 11.297
1791642893.550 68938 11.462
1791642893.567 68940 11.452
1791642893.592 68943 11.363
1791642893.618 68946 11.435
1791642893.634 68948 11.318
1791642893.660 68951 11.306
1791642893.685 68954 11.321
1791642893.702 68956 11.400
1791642893.728 68959 11.339
1791642893.754 68962 11.833
1791642893.770 68964 11.379
1791642893.796 68967 11.526
1791642893.821 68970 11.396
1791642893.838 68972 11.461
1791642893.863 68975 11.278
1791642893.889 68978 11.380
1791642893.906 68980 11.481
1791642893.931 68983 11.260
1791642893.957 68986 11.304
1791642893.974 68988 11.325
1791642893.999 68991 11.336
1791642894.024 68994 11.305
1791642894.041 68996 11.317
1791642894.067 68999 11.481
1791642894.092 69002 11.528
1791642894.109 69004 11.253
1791642894.135 69007 11.275
1791642894.160 69010 11.325
1791642894.177 69012 11.255
1791642894.203 69015 11.368
1791642894.228 69018 11.264
1791642894.245 69020 11.336
1791642894.270 69023 11.509
1791642894.296 69026 11.305
1791642894.313 69028 11.461
1791642894.338 69031 11.236
1791642894.364 69034 11.341
1791642894.381 69036 11.450
1791642894.407 69039 12.173
1791642894.433 69042 12.427
1791642894.449 69044 11.622
1791642894.474 69047 11.482
1791642894.499 69050 11.370
1791642894.516 69052 11.279
1791642894.542 69055 12.042
1791642894.568 69058 12.081
1791642894.584 69060 11.541
1791642894.610 69063 11.486
1791642894.635 69066 11.599
1791642894.652 69068 11.293
1791642894.677 69071 11.466
1791642894.703 69074 11.451
1791642894.720 69076 11.420
1791642894.745 69079 11.359
1791642894.770 69082 11.251
1791642894.788 69084 11.647
1791642894.814 69087 12.266
1791642894.838 69090 11.378
1791642894.855 69092 11.406
1791642894.881 69095 11.486
1791642894.907 69098 12.497
1791642894.925 69100 13.148
1791642894.949 69103 11.389
1791642894.974 69106 11.415
1791642894.991 69108 11.413
1791642895.016 69111 11.365
1791642895.042 69114 11.536
1791642895.059 69116 11.426
1791642895.084 69119 11.493
1791642895.110 69122 11.446
1791642895.127 69124 11.374
1791642895.152 69127 11.566
1791642895.178 69130 11.526
1791642895.195 69132 11.457
1791642895.220 69135 11.426
1791642895.245 69138 11.310
1791642895.262 69140 11.524
1791642895.288 69143 11.764
1791642895.313 69146 11.574
1791642895.330 69148 11.346
1791642895.356 69151 11.545
1791642895.381 69154 11.496
1791642895.398 69156 11.339
1791642895.423 69159 11.379
1791642895.449 69162 11.377
1791642895.466 69164 11.642
1791642895.491 69167 11.458
1791642895.517 69170 11.478
1791642895.534 69172 11.426
1791642895.559 69175 11.533
1791642895.584 69178 11.409
1791642895.601 69180 11.363
1791642895.627 69183 11.405
1791642895.652 69186 11.362
1791642895.669 69188 11.238
1791642895.695 69191 11.443
1791642895.720 69194 11.489
1791642895.737 69196 11.378
1791642895.762 69199 11.400
1791642895.788 69202 11.341
1791642895.805 69204 11.361
1791642895.830 69207 11.500
1791642895.856 69210 11.612
1791642895.873 69212 11.500
1791642895.898 69215 11.434
1791642895.924 69218 11.394
1791642895.940 69220 11.361
1791642895.966 69223 11.481
1791642895.991 69226 11.458
1791642896.008 69228 11.336
1791642896.034 69231 11.349
1791642896.059 69234 11.593
1791642896.076 69236 11.398
1791642896.102 69239 11.377
1791642896.127 69242 11.297
1791642896.144 69244 11.307
1791642896.169 69247 11.289
1791642896.195 69250 11.276
1791642896.212 69252 11.244
1791642896.237 69255 11.217
1791642896.263 69258 11.378
1791642896.280 69260 11.289
1791642896.305 69263 11.299
1791642896.331 69266 11.469
1791642896.348 69268 11.408
1791642896.373 69271 11.543
1791642896.398 69274 11.308
1791642896.415 69276 11.285
1791642896.441 69279 11.540
1791642896.466 69282 11.310
1791642896.483 69284 11.403
1791642896.508 69287 11.286
1791642896.534 69290 11.386
1791642896.551 69292 11.255
1791642896.576 69295 11.251
1791642896.602 69298 11.356
1791642896.619 69300 11.414
1791642896.644 69303 11.376
1791642896.670 69306 11.284
1791642896.687 69308 11.365
1791642896.712 69311 11.401
1791642896.737 69314 11.436
1791642896.754 69316 11.361
1791642896.780 69319 11.344
1791642896.805 69322 11.349
1791642896.823 69324 11.766
1791642896.848 69327 11.470
1791642896.873 69330 11.323
1791642896.890 69332 11.325
1791642896.915 69335 11.346
1791642896.941 69338 11.453
1791642896.958 69340 11.342
1791642896.983 69343 11.410
1791642897.009 69346 11.226
1791642897.026 69348 11.304
1791642897.051 69351 11.382
1791642897.077 69354 11.407
1791642897.094 69356 11.418
1791642897.119 69359 11.394
1791642897.144 69362 11.477
1791642897.161 69364 11.499
1791642897.187 69367 11.444
1791642897.212 69370 11.385
1791642897.229 69372 11.448
1791642897.255 69375 11.310
1791642897.280 69378 11.528
1791642897.297 69380 11.503
1791642897.323 69383 11.552
1791642897.348 69386 11.454
1791642897.365 69388 11.588
1791642897.390 69391 11.576
1791642897.416 69394 11.530
1791642897.433 69396 11.358
1791642897.458 69399 11.420
1791642897.484 69402 11.615
1791642897.501 69404 11.556
1791642897.526 69407 11.537
1791642897.551 69410 11.354
1791642897.568 69412 11.325
1791642897.594 69415 11.395
1791642897.619 69418 11.454
1791642897.636 69420 11.418
1791642897.662 69423 11.380
1791642897.687 69426 11.501
1791642897.704 69428 11.474
1791642897.729 69431 11.343
1791642897.755 69434 11.412
1791642897.772 69436 11.260
1791642897.797 69439 11.282
1791642897.823 69442 11.321
1791642897.840 69444 11.314
1791642897.865 69447 11.465
1791642897.890 69450 11.384
1791642897.907 69452 11.357
1791642897.933 69455 11.336
1791642897.958 69458 11.370
1791642897.975 69460 11.369
1791642898.001 69463 11.566
1791642898.026 69466 11.444
1791642898.043 69468 11.389
1791642898.068 69471 11.355
1791642898.094 69474 11.490
1791642898.111 69476 11.327
1791642898.136 69479 11.269
1791642898.162 69482 11.265
1791642898.179 69484 11.261
1791642898.204 69487 11.366
1791642898.230 69490 11.446
1791642898.246 69492 11.263
1791642898.272 69495 11.376
1791642898.297 69498 11.398
1791642898.314 69500 11.443
1791642898.340 69503 11.423
1791642898.365 69506 11.360
1791642898.383 69508 11.722
1791642898.408 69511 11.475
1791642898.433 69514 11.289
1791642898.450 69516 11.217
1791642898.475 69519 11.228
1791642898.501 69522 11.301
1791642898.518 69524 11.355
1791642898.543 69527 11.375
1791642898.569 69530 11.424
1791642898.586 69532 11.514
1791642898.611 69535 11.605
1791642898.637 69538 11.451
1791642898.653 69540 11.396
1791642898.679 69543 11.425
1791642898.704 69546 11.283
1791642898.721 69548 11.357
1791642898.747 69551 11.382
1791642898.772 69554 11.307
1791642898.789 69556 11.380
1791642898.814 69559 11.335
1791642898.840 69562 11.459
1791642898.857 69564 11.433
1791642898.883 69567 11.558
1791642898.908 69570 11.432
1791642898.925 69572 11.345
1791642898.950 69575 11.312
1791642898.976 69578 11.311
1791642898.992 69580 11.279
1791642899.018 69583 11.339
1791642899.043 69586 11.375
1791642899.060 69588 11.405
1791642899.086 69591 11.375
1791642899.111 69594 11.183
1791642899.128 69596 11.256
1791642899.154 69599 12.154
1791642899.179 69602 11.298
1791642899.196 69604 11.345
1791642899.221 69607 11.340
1791642899.247 69610 11.345
1791642899.264 69612 11.309
1791642899.289 69615 11.246
1791642899.315 69618 11.325
1791642899.332 69620 11.440
1791642899.357 69623 11.387
1791642899.383 69626 11.615
1791642899.400 69628 11.372
1791642899.425 69631 11.433
1791642899.450 69634 11.349
1791642899.467 69636 11.278
1791642899.493 69639 11.403
1791642899.518 69642 11.315
1791642899.535 69644 11.398
1791642899.561 69647 11.493
1791642899.586 69650 11.356
1791642899.603 69652 11.469
1791642899.628 69655 11.375
1791642899.654 69658 11.528
1791642899.671 69660 11.305
1791642899.696 69663 11.378
1791642899.722 69666 11.437
1791642899.739 69668 11.306
1791642899.764 69671 11.461
1791642899.789 69674 11.362
1791642899.806 69676 11.328
1791642899.832 69679 11.389
1791642899.857 69682 11.423
1791642899.874 69684 11.533
1791642899.900 69687 11.479
1791642899.925 69690 11.495
1791642899.942 69692 11.504
1791642899.968 69695 11.471
1791642899.993 69698 11.448
1791642900.010 69700 11.712
1791642900.036 69703 11.771
1791642900.061 69706 11.896
1791642900.078 69708 11.620
1791642900.103 69711 11.426
1791642900.129 69714 11.498
1791642900.146 69716 11.481
1791642900.171 69719 11.407
1791642900.197 69722 11.460
1791642900.213 69724 11.384
1791642900.239 69727 11.408
1791642900.264 69730 11.498
1791642900.281 69732 11.380
1791642900.307 69735 11.302
1791642900.332 69738 11.344
1791642900.349 69740 11.343
1791642900.374 69743 11.325
1791642900.400 69746 11.481
1791642900.417 69748 11.540
1791642900.442 69751 11.339
1791642900.468 69754 11.342
1791642900.485 69756 11.307
1791642900.510 69759 11.395
1791642900.535 69762 11.228
1791642900.552 69764 11.300
1791642900.578 69767 11.237
1791642900.603 69770 11.318
1791642900.620 69772 11.294
1791642900.646 69775 11.331
1791642900.671 69778 11.328
1791642900.688 69780 11.303
1791642900.714 69783 11.316
1791642900.739 69786 11.382
1791642900.756 69788 11.352
1791642900.781 69791 11.271
1791642900.807 69794 11.358
1791642900.824 69796 11.607
1791642900.849 69799 11.337
1791642900.875 69802 11.230
1791642900.892 69804 11.337
1791642900.917 69807 11.655
1791642900.943 69810 11.392
1791642900.959 69812 11.274
1791642900.985 69815 11.279
1791642901.010 69818 11.316
1791642901.027 69820 11.246
1791642901.053 69823 11.250
1791642901.078 69826 11.358
1791642901.095 69828 11.301
1791642901.120 69831 11.273
1791642901.146 69834 11.356
1791642901.163 69836 11.391
1791642901.188 69839 11.394
1791642901.214 69842 11.400
1791642901.231 69844 11.381
1791642901.256 69847 11.241
1791642901.282 69850 11.376
1791642901.299 69852 11.363
1791642901.324 69855 11.428
1791642901.349 69858 11.412
1791642901.366 69860 11.348
1791642901.392 69863 11.542
1791642901.417 69866 11.570
1791642901.434 69868 11.429
1791642901.460 69871 11.396
1791642901.485 69874 11.442
1791642901.502 69876 11.474
1791642901.528 69879 11.479
1791642901.553 69882 11.386
1791642901.570 69884 11.474
1791642901.596 69887 11.631
1791642901.621 69890 11.518
1791642901.638 69892 11.556
1791642901.663 69895 11.421
1791642901.689 69898 11.398
1791642901.705 69900 11.332
1791642901.731 69903 11.370
1791642901.756 69906 11.431
1791642901.773 69908 11.274
1791642901.799 69911 11.422
1791642901.824 69914 11.273
1791642901.841 69916 11.368
1791642901.867 69919 11.467
1791642901.892 69922 11.470
1791642901.909 69924 11.789
1791642901.935 69927 11.576
1791642901.960 69930 11.351
1791642901.977 69932 11.350
1791642902.002 69935 11.385
1791642902.028 69938 11.319
1791642902.045 69940 11.252
1791642902.070 69943 11.405
1791642902.096 69946 11.441
1791642902.112 69948 11.323
1791642902.138 69951 11.313
1791642902.163 69954 11.471
1791642902.180 69956 11.350
1791642902.206 69959 11.430
1791642902.231 69962 11.439
1791642902.248 69964 11.428
1791642902.274 69967 11.551
1791642902.299 69970 11.535
1791642902.316 69972 11.541
1791642902.341 69975 11.482
1791642902.367 69978 11.513
1791642902.384 69980 11.343
1791642902.410 69983 11.862
1791642902.435 69986 11.596
1791642902.452 69988 11.343
1791642902.477 69991 11.373
1791642902.503 69994 11.543
1791642902.520 69996 11.558
1791642902.545 69999 11.411
1791642902.570 70002 11.383
1791642902.587 70004 11.310
1791642902.613 70007 11.463
1791642902.638 70010 11.578
1791642902.655 70012 11.555
1791642902.681 70015 11.427
1791642902.706 70018 11.431
1791642902.723 70020 11.399
1791642902.748 70023 11.423
1791642902.774 70026 11.481
1791642902.791 70028 11.475
1791642902.816 70031 11.577
1791642902.842 70034 11.533
1791642902.859 70036 11.373
1791642902.884 70039 11.542
1791642902.910 70042 11.503
1791642902.926 70044 11.387
1791642902.952 70047 11.419
1791642902.977 70050 11.400
1791642902.994 70052 11.379
1791642903.020 70055 11.349
1791642903.045 70058 11.343
1791642903.062 70060 11.437
1791642903.087 70063 11.420
1791642903.113 70066 11.286
1791642903.130 70068 11.305
1791642903.155 70071 11.286
1791642903.181 70074 11.471
1791642903.198 70076 11.365
1791642903.223 70079 11.332
1791642903.249 70082 11.435
1791642903.265 70084 11.402
1791642903.291 70087 11.383
1791642903.316 70090 11.285
1791642903.333 70092 11.346
1791642903.359 70095 11.393
1791642903.384 70098 11.328
1791642903.401 70100 11.338
1791642903.427 70103 11.394
1791642903.452 70106 11.533
1791642903.469 70108 11.536
1791642903.494 70111 11.357
1791642903.520 70114 11.236
1791642903.537 70116 11.340
1791642903.562 70119 11.259
1791642903.588 70122 11.280
1791642903.605 70124 11.319
1791642903.630 70127 11.301
1791642903.655 70130 11.392
1791642903.672 70132 11.324
1791642903.698 70135 11.330
1791642903.723 70138 11.368
1791642903.740 70140 11.307
1791642903.766 70143 11.307
1791642903.791 70146 11.296
1791642903.808 70148 11.310
1791642903.833 70151 11.355
1791642903.859 70154 11.279
1791642903.876 70156 11.329
1791642903.901 70159 11.311
1791642903.927 70162 11.380
1791642903.944 70164 11.307
1791642903.969 70167 11.330
1791642903.995 70170 11.413
1791642904.012 70172 11.461
1791642904.037 70175 11.430
1791642904.062 70178 11.428
1791642904.079 70180 11.402
1791642904.105 70183 11.420
1791642904.130 70186 11.265
1791642904.147 70188 11.330
1791642904.173 70191 11.334
1791642904.198 70194 11.504
1791642904.215 70196 11.433
1791642904.240 70199 11.413
1791642904.266 70202 11.408
1791642904.283 70204 11.344
1791642904.308 70207 11.340
1791642904.334 70210 11.358
1791642904.351 70212 11.520
1791642904.376 70215 11.400
1791642904.402 70218 11.443
1791642904.418 70220 11.319
1791642904.444 70223 11.354
1791642904.469 70226 11.323
1791642904.486 70228 11.417
1791642904.512 70231 11.472
1791642904.537 70234 11.367
1791642904.554 70236 11.320
1791642904.580 70239 11.365
1791642904.605 70242 11.497
1791642904.622 70244 11.366
1791642904.647 70247 11.500
1791642904.673 70250 11.322
1791642904.690 70252 11.393
1791642904.715 70255 11.307
1791642904.741 70258 11.433
1791642904.758 70260 11.373
1791642904.783 70263 11.399
1791642904.808 70266 11.316
1791642904.825 70268 11.383
1791642904.851 70271 11.367
1791642904.876 70274 11.407
1791642904.893 70276 11.382
1791642904.919 70279 11.440
1791642904.944 70282 11.448
1791642904.961 70284 11.429
1791642904.986 70287 11.350
1791642905.012 70290 11.599
1791642905.029 70292 11.604
1791642905.054 70295 11.361
1791642905.080 70298 11.421
1791642905.097 70300 11.409
1791642905.122 70303 11.354
1791642905.147 70306 11.275
1791642905.164 70308 11.307
1791642905.190 70311 11.520
1791642905.216 70314 11.526
1791642905.233 70316 11.532
1791642905.258 70319 11.441
1791642905.283 70322 11.423
1791642905.300 70324 11.249
1791642905.326 70327 11.541
1791642905.351 70330 11.384
1791642905.368 70332 11.480
1791642905.394 70335 11.518
1791642905.419 70338 11.501
1791642905.436 70340 11.353
1791642905.461 70343 11.452
1791642905.487 70346 11.496
1791642905.504 70348 11.673
1791642905.529 70351 11.514
1791642905.555 70354 11.382
1791642905.571 70356 11.385
1791642905.597 70359 11.563
1791642905.622 70362 11.410
1791642905.639 70364 11.325
1791642905.665 70367 11.510
1791642905.690 70370 11.605
1791642905.707 70372 11.519
1791642905.733 70375 11.439
1791642905.758 70378 11.537
1791642905.775 70380 11.391
1791642905.800 70383 11.454
1791642905.826 70386 11.338
1791642905.843 70388 11.283
1791642905.868 70391 11.298
1791642905.894 70394 11.562
1791642905.911 70396 11.504
1791642905.936 70399 11.390
1791642905.961 70402 11.391
1791642905.979 70404 11.501
1791642906.004 70407 11.635
1791642906.029 70410 11.564
1791642906.046 70412 11.364
1791642906.072 70415 11.583
1791642906.097 70418 11.590
1791642906.114 70420 11.517
1791642906.139 70423 11.298
1791642906.165 70426 11.622
1791642906.182 70428 11.484
1791642906.207 70431 11.368
1791642906.233 70434 11.431
1791642906.250 70436 11.269
1791642906.275 70439 11.314
1791642906.301 70442 11.369
1791642906.317 70444 11.276
1791642906.343 70447 11.295
1791642906.368 70450 11.391
1791642906.385 70452 11.323
1791642906.411 70455 11.383
1791642906.436 70458 11.295
1791642906.453 70460 11.348
1791642906.479 70463 11.504
1791642906.504 70466 11.549
1791642906.521 70468 11.436
1791642906.546 70471 11.291
1791642906.572 70474 11.364
1791642906.589 70476 11.299
1791642906.614 70479 11.292
1791642906.640 70482 11.315
1791642906.657 70484 11.333
1791642906.682 70487 11.374
1791642906.707 70490 11.292
1791642906.724 70492 11.352
1791642906.750 70495 11.426
1791642906.775 70498 11.304
1791642906.792 70500 11.322
1791642906.818 70503 11.461
1791642906.843 70506 11.367
1791642906.860 70508 11.355
1791642906.885 70511 11.283
1791642906.911 70514 11.426
1791642906.928 70516 11.449
1791642906.953 70519 11.332
1791642906.979 70522 11.328
1791642906.996 70524 11.356
1791642907.021 70527 11.548
1791642907.047 70530 11.507
1791642907.064 70532 11.319
1791642907.089 70535 11.385
1791642907.115 70538 11.435
1791642907.131 70540 11.244
1791642907.157 70543 11.283
1791642907.182 70546 11.262
1791642907.199 70548 11.310
1791642907.225 70551 11.273
1791642907.250 70554 11.372
1791642907.267 70556 11.360
1791642907.293 70559 11.474
1791642907.318 70562 11.549
1791642907.335 70564 11.779
1791642907.360 70567 11.424
1791642907.386 70570 11.359
1791642907.403 70572 11.277
1791642907.428 70575 11.422
1791642907.454 70578 11.496
1791642907.471 70580 11.557
1791642907.496 70583 11.464
1791642907.521 70586 11.348
1791642907.539 70588 11.641
1791642907.564 70591 11.448
1791642907.589 70594 11.405
1791642907.606 70596 11.358
1791642907.632 70599 11.357
1791642907.657 70602 11.484
1791642907.674 70604 11.378
1791642907.699 70607 11.420
1791642907.725 70610 11.450
1791642907.742 70612 11.401
1791642907.767 70615 11.485
1791642907.793 70618 11.390
1791642907.810 70620 11.454
1791642907.835 70623 11.495
1791642907.861 70626 11.455
1791642907.878 70628 11.405
1791642907.903 70631 11.304
1791642907.928 70634 11.382
1791642907.945 70636 11.308
1791642907.971 70639 11.486
1791642907.996 70642 11.325
1791642908.013 70644 11.389
1791642908.039 70647 11.680
1791642908.064 70650 11.455
1791642908.081 70652 11.317
1791642908.106 70655 11.370
1791642908.132 70658 11.317
1791642908.149 70660 11.308
1791642908.174 70663 11.654
1791642908.200 70666 11.259
1791642908.217 70668 11.459
1791642908.242 70671 11.334
1791642908.267 70674 11.385
1791642908.285 70676 11.520
1791642908.310 70679 11.355
1791642908.335 70682 11.284
1791642908.352 70684 11.411
1791642908.378 70687 11.436
1791642908.403 70690 11.384
1791642908.420 70692 11.435
1791642908.446 70695 11.420
1791642908.471 70698 11.484
1791642908.488 70700 11.434
1791642908.513 70703 11.282
1791642908.539 70706 11.398
1791642908.556 70708 11.346
1791642908.581 70711 11.364
1791642908.607 70714 11.496
1791642908.624 70716 11.517
1791642908.649 70719 11.397
1791642908.674 70722 11.320
1791642908.691 70724 11.159
1791642908.717 70727 11.468
1791642908.742 70730 11.372
1791642908.759 70732 11.378
1791642908.785 70735 11.352
1791642908.810 70738 11.466
1791642908.827 70740 11.446
1791642908.852 70743 11.405
1791642908.878 70746 11.463
1791642908.895 70748 11.351
1791642908.920 70751 11.488
1791642908.946 70754 11.230
1791642908.962 70756 11.209
1791642908.988 70759 11.510
1791642909.014 70762 11.414
1791642909.031 70764 11.479
1791642909.056 70767 11.238
1791642909.081 70770 11.398
1791642909.098 70772 11.343
1791642909.124 70775 11.454
1791642909.155 70778 11.319
1791642909.189 70780 11.428
1791642909.240 70783 11.509
1791642909.291 70786 11.492
1791642909.325 70788 11.413
1791642909.375 70791 11.495
1791642909.426 70794 11.435
1791642909.460 70796 11.409
1791642909.511 70799 11.758
1791642909.562 70802 11.742
1791642909.596 70804 11.581
1791642909.647 70807 11.576
1791642909.698 70810 11.492
1791642909.732 70812 11.484
1791642909.783 70815 11.622
1791642909.833 70818 11.689
1791642909.867 70820 11.424
1791642909.918 70823 11.708
1791642909.969 70826 11.730
1791642910.003 70828 11.731
1791642910.054 70831 11.787
1791642910.105 70834 11.925
1791642910.139 70836 11.884
1791642910.190 70839 11.807
1791642910.240 70842 11.602
1791642910.274 70844 11.479
1791642910.325 70847 11.719
1791642910.376 70850 11.790
1791642910.410 70852 11.763
1791642910.461 70855 11.526
1791642910.512 70858 11.596
1791642910.545 70860 11.501
1791642910.597 70863 11.803
1791642910.647 70866 11.749
1791642910.681 70868 11.612
1791642910.732 70871 11.592
1791642910.783 70874 11.975
1791642910.817 70876 11.558
1791642910.868 70879 11.656
1791642910.919 70882 11.576
1791642910.952 70884 11.506
1791642911.003 70887 11.537
1791642911.054 70890 11.528
1791642911.088 70892 11.559
1791642911.139 70895 11.592
1791642911.190 70898 11.564
1791642911.224 70900 11.584
1791642911.275 70903 11.591
1791642911.326 70906 11.619
1791642911.359 70908 11.518
1791642911.410 70911 11.450
1791642911.461 70914 11.728
1791642911.495 70916 11.552
1791642911.546 70919 11.692
1791642911.597 70922 11.726
1791642911.631 70924 11.807
1791642911.682 70927 11.589
1791642911.732 70930 11.525
1791642911.766 70932 11.563
1791642911.817 70935 11.509
1791642911.868 70938 11.509
1791642911.902 70940 11.556
1791642911.953 70943 11.539
1791642912.004 70946 11.568
1791642912.038 70948 11.568
1791642912.088 70951 11.532
1791642912.139 70954 11.587
1791642912.173 70956 11.651
1791642912.224 70959 11.681
1791642912.275 70962 11.412
1791642912.309 70964 11.579
1791642912.360 70967 11.757
1791642912.411 70970 11.668
1791642912.445 70972 11.581
1791642912.495 70975 11.455
1791642912.546 70978 11.534
1791642912.580 70980 11.655
1791642912.631 70983 11.576
1791642912.682 70986 11.724
1791642912.716 70988 11.635
1791642912.767 70991 11.657
1791642912.818 70994 11.819
1791642912.852 70996 11.658
1791642912.902 70999 11.498
1791642912.953 71002 11.634
1791642912.987 71004 11.670
1791642913.038 71007 11.589
1791642913.089 71010 11.687
1791642913.123 71012 11.349
1791642913.174 71015 11.792
1791642913.225 71018 11.718
1791642913.259 71020 11.789
1791642913.309 71023 11.511
1791642913.360 71026 11.615
1791642913.394 71028 11.463
1791642913.445 71031 11.511
1791642913.496 71034 11.556
1791642913.530 71036 11.705
1791642913.581 71039 11.640
1791642913.631 71042 11.472
1791642913.665 71044 11.409
1791642913.716 71047 11.673
1791642913.767 71050 11.589
1791642913.801 71052 11.536
1791642913.852 71055 11.567
1791642913.903 71058 11.545
1791642913.937 71060 11.474
1791642913.987 71063 11.484
1791642914.038 71066 11.486
1791642914.072 71068 11.310
1791642914.123 71071 11.456
1791642914.174 71074 11.719
1791642914.208 71076 11.556
1791642914.259 71079 11.512
1791642914.310 71082 11.435
1791642914.343 71084 11.348
1791642914.394 71087 11.518
1791642914.445 71090 11.502
1791642914.479 71092 11.513
1791642914.530 71095 11.569
1791642914.581 71098 11.565
1791642914.615 71100 11.720
1791642914.666 71103 11.492
1791642914.717 71106 11.633
1791642914.751 71108 11.713
1791642914.801 71111 11.574
1791642914.852 71114 11.527
1791642914.886 71116 11.517
1791642914.937 71119 11.489
1791642914.988 71122 11.552
1791642915.022 71124 11.628
1791642915.073 71127 11.360
1791642915.124 71130 11.514
1791642915.158 71132 11.629
1791642915.208 71135 11.512
1791642915.259 71138 11.665
1791642915.293 71140 11.538
1791642915.344 71143 11.593
1791642915.395 71146 11.611
1791642915.429 71148 11.507
1791642915.480 71151 11.742
1791642915.531 71154 11.555
1791642915.564 71156 11.590
1791642915.615 71159 11.443
1791642915.666 71162 11.622
1791642915.700 71164 11.611
1791642915.751 71167 11.487
1791642915.802 71170 11.612
1791642915.836 71172 11.650
1791642915.887 71175 11.569
1791642915.938 71178 11.598
1791642915.971 71180 11.567
1791642916.022 71183 11.572
1791642916.073 71186 11.495
1791642916.107 71188 11.680
1791642916.158 71191 11.641
1791642916.209 71194 11.558
1791642916.243 71196 11.599
1791642916.294 71199 11.563
1791642916.344 71202 11.386
1791642916.378 71204 11.452
1791642916.429 71207 11.471
1791642916.480 71210 11.570
1791642916.514 71212 11.387
1791642916.565 71215 11.322
1791642916.616 71218 11.588
1791642916.649 71220 11.362
1791642916.700 71223 11.524
1791642916.751 71226 11.489
1791642916.785 71228 11.577
1791642916.836 71231 11.484
1791642916.887 71234 11.546
1791642916.921 71236 11.416
1791642916.972 71239 11.518
1791642917.023 71242 11.417
1791642917.056 71244 11.319
1791642917.107 71247 11.549
1791642917.158 71250 11.435
1791642917.192 71252 11.423
1791642917.243 71255 11.523
1791642917.294 71258 11.835
1791642917.328 71260 11.465
1791642917.378 71263 11.303
1791642917.429 71266 11.355
1791642917.464 71268 11.664
1791642917.514 71271 11.474
1791642917.565 71274 11.526
1791642917.599 71276 11.618
1791642917.650 71279 11.491
1791642917.701 71282 11.540
1791642917.735 71284 11.574
1791642917.786 71287 11.769
1791642917.837 71290 11.617
1791642917.870 71292 11.573
1791642917.921 71295 11.657
1791642917.972 71298 11.626
1791642918.006 71300 11.865
1791642918.057 71303 11.675
1791642918.108 71306 11.685
1791642918.142 71308 11.568
1791642918.193 71311 11.783
1791642918.243 71314 11.560
1791642918.278 71316 11.736
1791642918.329 71319 11.837
1791642918.379 71322 11.645
1791642918.413 71324 11.655
1791642918.464 71327 11.639
1791642918.515 71330 11.543
1791642918.549 71332 11.644
1791642918.600 71335 11.628
1791642918.651 71338 11.637
1791642918.685 71340 11.781
1791642918.735 71343 11.675
1791642918.786 71346 11.787
1791642918.820 71348 11.822
1791642918.871 71351 11.799
1791642918.922 71354 11.536
1791642918.956 71356 11.488
1791642919.006 71359 11.455
1791642919.057 71362 11.366
1791642919.091 71364 11.506
1791642919.142 71367 11.477
1791642919.193 71370 11.536
1791642919.227 71372 11.511
1791642919.278 71375 11.564
1791642919.328 71378 11.390
1791642919.363 71380 11.739
1791642919.413 71383 11.414
1791642919.464 71386 11.485
1791642919.498 71388 11.406
1791642919.549 71391 11.618
1791642919.600 71394 11.513
1791642919.634 71396 11.489
1791642919.685 71399 11.461
1791642919.736 71402 11.573
1791642919.769 71404 11.453
1791642919.821 71407 11.746
1791642919.871 71410 11.741
1791642919.905 71412 11.660
1791642919.956 71415 11.502
1791642920.007 71418 11.622
1791642920.041 71420 11.701
1791642920.092 71423 11.676
1791642920.143 71426 11.559
1791642920.177 71428 11.673
1791642920.227 71431 11.601
1791642920.279 71434 11.985
1791642920.312 71436 11.698
1791642920.363 71439 11.771
1791642920.414 71442 11.651
1791642920.448 71444 11.774
1791642920.499 71447 11.769
1791642920.549 71450 11.563
1791642920.584 71452 11.664
1791642920.634 71455 11.612
1791642920.685 71458 11.804
1791642920.719 71460 11.928
1791642920.770 71463 11.633
1791642920.821 71466 11.766
1791642920.855 71468 11.806
1791642920.906 71471 11.727
1791642920.957 71474 11.861
1791642920.990 71476 11.591
1791642921.041 71479 11.713
1791642921.092 71482 11.711
1791642921.126 71484 11.498
1791642921.177 71487 11.542
1791642921.228 71490 11.459
1791642921.262 71492 11.673
1791642921.313 71495 11.573
1791642921.363 71498 11.511
1791642921.397 71500 11.552
1791642921.448 71503 11.736
1791642921.499 71506 11.616
1791642921.533 71508 11.668
1791642921.584 71511 11.668
1791642921.635 71514 11.519
1791642921.669 71516 11.726
1791642921.720 71519 11.833
1791642921.770 71522 11.650
1791642921.804 71524 11.654
1791642921.855 71527 11.727
1791642921.906 71530 11.705
1791642921.940 71532 11.846
1791642921.991 71535 11.611
1791642922.042 71538 11.640
1791642922.076 71540 11.602
1791642922.126 71543 11.623
1791642922.177 71546 11.748
1791642922.211 71548 11.773
1791642922.262 71551 11.840
1791642922.313 71554 11.634
1791642922.347 71556 11.709
1791642922.398 71559 11.794
1791642922.449 71562 11.745
1791642922.483 71564 11.670
1791642922.533 71567 11.572
1791642922.584 71570 11.650
1791642922.618 71572 11.599
1791642922.669 71575 11.527
1791642922.720 71578 11.686
1791642922.754 71580 11.731
1791642922.805 71583 11.725
1791642922.856 71586 11.884
1791642922.890 71588 11.696
1791642922.940 71591 11.627
1791642922.991 71594 11.721
1791642923.025 71596 11.582
1791642923.076 71599 11.647
1791642923.127 71602 11.860
1791642923.161 71604 11.734
1791642923.212 71607 11.674
1791642923.263 71610 11.706
1791642923.297 71612 12.172
1791642923.348 71615 11.846
1791642923.398 71618 11.578
1791642923.432 71620 11.638
1791642923.483 71623 11.687
1791642923.534 71626 11.730
1791642923.568 71628 11.709
1791642923.619 71631 11.806
1791642923.670 71634 11.700
1791642923.703 71636 11.526
1791642923.754 71639 11.623
1791642923.805 71642 11.686
1791642923.839 71644 11.723
1791642923.890 71647 11.619
1791642923.941 71650 11.580
1791642923.975 71652 11.564
1791642924.026 71655 11.620
1791642924.076 71658 11.471
1791642924.110 71660 11.625
1791642924.161 71663 11.516
1791642924.212 71666 11.377
1791642924.246 71668 11.418
1791642924.297 71671 11.618
1791642924.348 71674 11.649
1791642924.382 71676 11.737
1791642924.432 71679 11.444
1791642924.483 71682 11.610
1791642924.517 71684 11.541
1791642924.568 71687 11.478
1791642924.619 71690 11.677
1791642924.653 71692 11.700
1791642924.704 71695 11.558
1791642924.755 71698 11.516
1791642924.788 71700 11.569
1791642924.839 71703 11.571
1791642924.890 71706 11.661
1791642924.924 71708 11.590
1791642924.975 71711 11.759
1791642925.026 71714 11.802
1791642925.060 71716 11.551
1791642925.111 71719 11.447
1791642925.162 71722 11.764
1791642925.195 71724 11.546
1791642925.246 71727 11.568
1791642925.297 71730 11.738
1791642925.331 71732 11.404
1791642925.382 71735 11.588
1791642925.433 71738 11.487
1791642925.467 71740 11.766
1791642925.518 71743 11.696
1791642925.568 71746 11.463
1791642925.602 71748 11.687
1791642925.653 71751 11.540
1791642925.704 71754 11.559
1791642925.738 71756 11.481
1791642925.789 71759 11.810
1791642925.840 71762 11.568
1791642925.874 71764 11.635
1791642925.925 71767 11.552
1791642925.976 71770 11.696
1791642926.009 71772 11.627
1791642926.060 71775 11.646
1791642926.111 71778 11.633
1791642926.145 71780 11.412
1791642926.196 71783 11.568
1791642926.247 71786 11.373
1791642926.281 71788 11.671
1791642926.331 71791 11.339
1791642926.382 71794 11.610
1791642926.416 71796 11.489
1791642926.467 71799 11.618
1791642926.518 71802 11.541
1791642926.552 71804 11.524
1791642926.603 71807 11.725
1791642926.654 71810 11.682
1791642926.688 71812 11.788
1791642926.738 71815 11.488
1791642926.789 71818 11.553
1791642926.823 71820 11.437
1791642926.874 71823 11.495
1791642926.925 71826 11.554
1791642926.959 71828 11.573
1791642927.010 71831 11.821
1791642927.060 71834 11.493
1791642927.094 71836 11.549
1791642927.145 71839 11.524
1791642927.196 71842 11.627
1791642927.230 71844 11.572
1791642927.281 71847 11.711
1791642927.332 71850 11.516
1791642927.366 71852 11.636
1791642927.417 71855 11.697
1791642927.468 71858 11.725
1791642927.501 71860 11.513
1791642927.552 71863 11.707
1791642927.603 71866 11.668
1791642927.637 71868 11.594
1791642927.688 71871 11.543
1791642927.739 71874 11.560
1791642927.773 71876 11.524
1791642927.824 71879 11.591
1791642927.874 71882 11.602
1791642927.908 71884 11.577
1791642927.959 71887 11.732
1791642928.010 71890 11.806
1791642928.044 71892 11.813
1791642928.095 71895 11.644
1791642928.146 71898 11.657
1791642928.180 71900 11.670
1791642928.231 71903 11.778
1791642928.281 71906 11.534
1791642928.315 71908 11.651
1791642928.366 71911 11.620
1791642928.417 71914 11.681
1791642928.451 71916 11.587
1791642928.502 71919 11.707
1791642928.553 71922 11.724
1791642928.587 71924 11.536
1791642928.638 71927 11.627
1791642928.688 71930 11.521
1791642928.722 71932 11.449
1791642928.773 71935 11.411
1791642928.824 71938 11.681
1791642928.858 71940 11.700
1791642928.909 71943 11.730
1791642928.960 71946 11.732
1791642928.994 71948 11.767
1791642929.045 71951 12.023
1791642929.095 71954 11.776
1791642929.129 71956 11.660
1791642929.180 71959 11.507
1791642929.231 71962 11.530
1791642929.265 71964 11.522
1791642929.316 71967 11.585
1791642929.366 71970 11.400
1791642929.400 71972 11.349
1791642929.451 71975 11.424
1791642929.502 71978 11.421
1791642929.536 71980 11.558
1791642929.587 71983 11.600
1791642929.638 71986 11.508
1791642929.672 71988 11.470
1791642929.723 71991 11.519
1791642929.773 71994 11.478
1791642929.807 71996 11.477
1791642929.858 71999 11.453
1791642929.909 72002 11.379
1791642929.943 72004 11.450
1791642929.994 72007 11.551
1791642930.045 72010 11.776
1791642930.079 72012 11.516
1791642930.130 72015 11.595
1791642930.180 72018 11.448
1791642930.214 72020 11.339
1791642930.265 72023 11.392
1791642930.316 72026 11.419
1791642930.350 72028 11.368
1791642930.401 72031 11.464
1791642930.452 72034 11.446
1791642930.486 72036 11.469
1791642930.537 72039 11.569
1791642930.588 72042 11.725
1791642930.621 72044 11.537
1791642930.672 72047 11.494
1791642930.723 72050 11.441
1791642930.757 72052 11.414
1791642930.808 72055 11.591
1791642930.859 72058 11.461
1791642930.892 72060 11.391
1791642930.943 72063 11.470
1791642930.994 72066 11.491
1791642931.028 72068 11.386
1791642931.079 72071 11.626
1791642931.130 72074 11.738
1791642931.164 72076 11.529
1791642931.215 72079 11.361
1791642931.265 72082 11.431
1791642931.299 72084 11.396
1791642931.350 72087 11.394
1791642931.401 72090 11.457
1791642931.435 72092 11.360
1791642931.486 72095 11.518
1791642931.537 72098 11.483
1791642931.571 72100 11.833
1791642931.622 72103 11.790
1791642931.673 72106 11.535
1791642931.706 72108 11.442
1791642931.757 72111 11.496
1791642931.808 72114 11.645
1791642931.842 72116 11.514
1791642931.893 72119 11.517
1791642931.944 72122 11.478
1791642931.978 72124 11.588
1791642932.029 72127 11.509
1791642932.080 72130 11.741
1791642932.113 72132 11.625
1791642932.164 72135 11.493
1791642932.215 72138 11.625
1791642932.249 72140 11.700
1791642932.300 72143 11.724
1791642932.351 72146 11.758
1791642932.385 72148 11.670
1791642932.436 72151 11.815
1791642932.487 72154 11.677
1791642932.521 72156 11.701
1791642932.571 72159 11.632
1791642932.622 72162 11.778
1791642932.656 72164 11.596
1791642932.707 72167 11.656
1791642932.758 72170 11.742
1791642932.792 72172 11.669
1791642932.843 72175 11.711
1791642932.893 72178 11.581
1791642932.927 72180 11.481
1791642932.978 72183 11.565
1791642933.029 72186 11.510
1791642933.063 72188 11.662
1791642933.114 72191 11.682
1791642933.165 72194 11.621
1791642933.199 72196 11.562
1791642933.249 72199 11.568
1791642933.300 72202 11.658
1791642933.334 72204 11.469
1791642933.385 72207 11.563
1791642933.436 72210 11.593
1791642933.470 72212 11.491
1791642933.521 72215 11.400
1791642933.572 72218 11.441
1791642933.606 72220 11.744
1791642933.656 72223 11.532
1791642933.707 72226 11.458
1791642933.741 72228 11.411
1791642933.792 72231 11.528
1791642933.843 72234 11.475
1791642933.877 72236 11.490
1791642933.928 72239 11.644
1791642933.979 72242 11.773
1791642934.012 72244 11.567
1791642934.063 72247 11.450
1791642934.114 72250 11.645
1791642934.148 72252 11.565
1791642934.199 72255 11.549
1791642934.250 72258 11.666
1791642934.284 72260 11.668
1791642934.335 72263 11.953
1791642934.386 72266 11.675
1791642934.420 72268 11.865
1791642934.470 72271 11.709
1791642934.521 72274 11.675
1791642934.555 72276 11.577
1791642934.606 72279 11.603
1791642934.657 72282 11.613
1791642934.690 72284 11.324
1791642934.742 72287 11.746
1791642934.793 72290 11.705
1791642934.826 72292 11.408
1791642934.877 72295 11.391
1791642934.928 72298 11.538
1791642934.962 72300 11.511
1791642935.013 72303 11.398
1791642935.064 72306 11.610
1791642935.098 72308 11.442
1791642935.149 72311 11.637
1791642935.199 72314 11.433
1791642935.233 72316 11.457
1791642935.284 72319 11.607
1791642935.335 72322 11.694
1791642935.369 72324 11.399
1791642935.420 72327 11.574
1791642935.471 72330 11.692
1791642935.504 72332 11.334
1791642935.555 72335 11.394
1791642935.606 72338 11.582
1791642935.640 72340 11.745
1791642935.691 72343 11.471
1791642935.742 72346 11.471
1791642935.776 72348 11.541
1791642935.827 72351 11.701
1791642935.878 72354 11.541
1791642935.912 72356 11.511
1791642935.962 72359 11.367
1791642936.013 72362 11.443
1791642936.047 72364 11.489
1791642936.098 72367 11.633
1791642936.149 72370 11.713
1791642936.183 72372 11.638
1791642936.234 72375 11.596
1791642936.285 72378 11.562
1791642936.318 72380 11.504
1791642936.369 72383 11.609
1791642936.420 72386 11.545
1791642936.454 72388 11.583
1791642936.505 72391 11.523
1791642936.556 72394 11.593
1791642936.590 72396 11.511
1791642936.641 72399 11.765
1791642936.692 72402 11.720
1791642936.725 72404 11.433
1791642936.776 72407 11.467
1791642936.827 72410 11.576
1791642936.861 72412 11.556
1791642936.912 72415 11.493
1791642936.963 72418 11.583
1791642936.997 72420 11.457
1791642937.047 72423 11.391
1791642937.098 72426 11.478
1791642937.132 72428 11.493
1791642937.183 72431 11.535
1791642937.234 72434 11.551
1791642937.268 72436 11.521
1791642937.319 72439 11.487
1791642937.370 72442 11.615
1791642937.404 72444 11.500
1791642937.455 72447 11.618
1791642937.505 72450 11.636
1791642937.540 72452 11.780
1791642937.590 72455 11.659
1791642937.641 72458 11.485
1791642937.675 72460 11.497
1791642937.726 72463 11.720
1791642937.777 72466 11.698
1791642937.811 72468 11.712
1791642937.862 72471 11.680
1791642937.912 72474 11.646
1791642937.946 72476 11.628
1791642937.997 72479 11.483
1791642938.048 72482 11.484
1791642938.082 72484 11.511
1791642938.133 72487 11.504
1791642938.184 72490 11.699
1791642938.218 72492 11.598
1791642938.268 72495 11.556
1791642938.319 72498 11.635
1791642938.353 72500 11.645
1791642938.404 72503 11.486
1791642938.455 72506 11.737
1791642938.489 72508 11.728
1791642938.540 72511 11.556
1791642938.591 72514 11.544
1791642938.624 72516 11.461
1791642938.675 72519 11.633
1791642938.726 72522 11.530
1791642938.760 72524 11.470
1791642938.811 72527 11.466
1791642938.862 72530 11.561
1791642938.896 72532 11.387
1791642938.947 72535 11.410
1791642938.997 72538 11.389
1791642939.032 72540 11.659
1791642939.082 72543 11.436
1791642939.133 72546 11.527
1791642939.147 72548 11.295
1791642939.173 72551 11.369
1791642939.198 72554 11.643
1791642939.215 72556 11.439
1791642939.240 72559 11.348
1791642939.266 72562 11.340
1791642939.283 72564 11.407
1791642939.308 72567 11.409
1791642939.334 72570 11.452
1791642939.351 72572 11.403
1791642939.376 72575 11.448
1791642939.402 72578 11.484
1791642939.419 72580 11.356
1791642939.444 72583 11.543
1791642939.470 72586 11.458
1791642939.486 72588 11.345
1791642939.512 72591 11.367
1791642939.537 72594 11.328
1791642939.554 72596 11.322
1791642939.580 72599 11.348
1791642939.605 72602 11.348
1791642939.622 72604 11.329
1791642939.648 72607 11.525
1791642939.673 72610 11.330
1791642939.690 72612 11.368
1791642939.715 72615 11.500
1791642939.741 72618 11.600
1791642939.758 72620 11.368
1791642939.783 72623 11.460
1791642939.809 72626 11.350
1791642939.826 72628 11.392
1791642939.851 72631 11.336
1791642939.876 72634 11.423
1791642939.893 72636 11.388
1791642939.919 72639 11.402
1791642939.944 72642 11.296
1791642939.961 72644 11.265
1791642939.987 72647 11.488
1791642940.012 72650 11.361
1791642940.029 72652 11.413
1791642940.054 72655 11.371
1791642940.080 72658 11.536
1791642940.097 72660 11.499
1791642940.122 72663 11.355
1791642940.148 72666 11.451
1791642940.165 72668 11.478
1791642940.190 72671 11.610
1791642940.216 72674 11.467
1791642940.233 72676 11.605
1791642940.258 72679 11.472
1791642940.283 72682 11.444
1791642940.300 72684 11.304
1791642940.326 72687 11.330
1791642940.351 72690 11.313
1791642940.368 72692 11.312
1791642940.394 72695 11.430
1791642940.419 72698 11.398
1791642940.436 72700 11.381
1791642940.461 72703 11.437
1791642940.487 72706 11.400
1791642940.504 72708 11.342
1791642940.529 72711 11.392
1791642940.555 72714 11.500
1791642940.572 72716 11.362
1791642940.597 72719 11.479
1791642940.623 72722 11.486
1791642940.639 72724 11.349
1791642940.665 72727 11.469
1791642940.690 72730 11.372
1791642940.707 72732 11.331
1791642940.733 72735 11.587
1791642940.758 72738 11.506
1791642940.775 72740 11.368
1791642940.801 72743 11.440
1791642940.826 72746 11.320
1791642940.843 72748 11.329
1791642940.868 72751 11.407
1791642940.894 72754 11.362
1791642940.911 72756 11.318
1791642940.936 72759 11.281
1791642940.962 72762 11.364
1791642940.978 72764 11.362
1791642941.004 72767 11.429
1791642941.029 72770 11.486
1791642941.046 72772 11.374
1791642941.072 72775 11.438
1791642941.097 72778 11.398
1791642941.114 72780 11.321
1791642941.140 72783 11.415
1791642941.165 72786 11.408
1791642941.182 72788 11.482
1791642941.208 72791 11.486
1791642941.233 72794 11.667
1791642941.250 72796 11.383
1791642941.275 72799 11.449
1791642941.301 72802 11.386
1791642941.317 72804 11.251
1791642941.343 72807 11.671
1791642941.368 72810 11.291
1791642941.385 72812 11.287
1791642941.411 72815 11.386
1791642941.436 72818 11.292
1791642941.453 72820 11.334
1791642941.479 72823 11.443
1791642941.504 72826 11.449
1791642941.521 72828 11.384
1791642941.546 72831 11.286
1791642941.572 72834 11.347
1791642941.589 72836 11.330
1791642941.614 72839 11.402
1791642941.640 72842 11.264
1791642941.657 72844 11.363
1791642941.682 72847 11.252
1791642941.708 72850 11.380
1791642941.725 72852 11.505
1791642941.750 72855 11.382
1791642941.776 72858 11.473
1791642941.792 72860 11.290
1791642941.818 72863 11.224
1791642941.843 72866 11.374
1791642941.860 72868 11.364
1791642941.886 72871 11.438
1791642941.911 72874 11.401
1791642941.928 72876 11.249
1791642941.953 72879 11.221
1791642941.979 72882 11.436
1791642941.996 72884 11.245
1791642942.021 72887 11.307
1791642942.047 72890 11.258
1791642942.064 72892 11.253
1791642942.089 72895 11.331
1791642942.115 72898 11.369
1791642942.131 72900 11.331
1791642942.157 72903 11.273
1791642942.183 72906 11.500
1791642942.199 72908 11.439
1791642942.225 72911 11.374
1791642942.250 72914 11.367
1791642942.267 72916 11.486
1791642942.293 72919 11.412
1791642942.318 72922 11.315
1791642942.335 72924 11.282
1791642942.360 72927 11.315
1791642942.386 72930 11.363
1791642942.403 72932 11.521
1791642942.428 72935 11.312
1791642942.454 72938 11.329
1791642942.471 72940 11.482
1791642942.496 72943 11.368
1791642942.521 72946 11.283
1791642942.538 72948 11.303
1791642942.564 72951 11.248
1791642942.589 72954 11.276
1791642942.606 72956 11.321
1791642942.632 72959 11.392
1791642942.657 72962 11.486
1791642942.674 72964 11.307
1791642942.700 72967 11.381
1791642942.725 72970 11.328
1791642942.742 72972 11.350
1791642942.768 72975 11.621
1791642942.793 72978 11.411
1791642942.810 72980 11.400
1791642942.835 72983 11.387
1791642942.861 72986 11.349
1791642942.877 72988 11.272
1791642942.903 72991 11.366
1791642942.928 72994 11.268
1791642942.945 72996 11.275
1791642942.971 72999 11.371
1791642942.996 73002 11.566
1791642943.013 73004 11.332
1791642943.039 73007 11.341
1791642943.064 73010 11.556
1791642943.081 73012 11.415
1791642943.107 73015 11.531
1791642943.132 73018 11.421
1791642943.149 73020 11.344
1791642943.174 73023 11.374
1791642943.200 73026 11.458
1791642943.217 73028 11.535
1791642943.242 73031 11.535
1791642943.268 73034 11.634
1791642943.285 73036 11.379
1791642943.310 73039 11.491
1791642943.335 73042 11.442
1791642943.352 73044 11.360
1791642943.378 73047 11.455
1791642943.403 73050 11.486
1791642943.420 73052 11.444
1791642943.446 73055 11.337
1791642943.471 73058 11.499
1791642943.488 73060 11.273
1791642943.513 73063 11.371
1791642943.539 73066 11.359
1791642943.556 73068 11.302
1791642943.581 73071 11.354
1791642943.607 73074 11.369
1791642943.624 73076 11.326
1791642943.649 73079 11.255
1791642943.674 73082 11.344
1791642943.691 73084 11.309
1791642943.717 73087 11.499
1791642943.742 73090 11.484
1791642943.759 73092 11.303
1791642943.785 73095 11.692
1791642943.810 73098 11.461
1791642943.827 73100 11.326
1791642943.853 73103 11.483
1791642943.878 73106 11.300
1791642943.895 73108 11.368
1791642943.920 73111 11.385
1791642943.946 73114 11.348
1791642943.963 73116 11.336
1791642943.988 73119 11.248
1791642944.014 73122 11.402
1791642944.030 73124 11.260
1791642944.056 73127 11.278
1791642944.081 73130 11.349
1791642944.098 73132 11.351
1791642944.124 73135 11.312
1791642944.149 73138 11.316
1791642944.166 73140 11.265
1791642944.192 73143 11.495
1791642944.217 73146 11.349
1791642944.234 73148 11.353
1791642944.260 73151 11.452
1791642944.285 73154 11.602
1791642944.302 73156 11.516
1791642944.327 73159 11.280
1791642944.353 73162 11.447
1791642944.370 73164 11.257
1791642944.395 73167 11.333
1791642944.421 73170 11.595
1791642944.437 73172 11.242
1791642944.463 73175 11.367
1791642944.488 73178 11.396
1791642944.505 73180 11.259
1791642944.531 73183 11.245
1791642944.556 73186 11.297
1791642944.573 73188 11.348
1791642944.598 73191 11.276
1791642944.624 73194 11.382
1791642944.741 73196 111.815
1791642944.747 73204 49.828
1791642944.752 73199 97.228
1791642944.757 73207 34.413
1791642944.762 73202 81.814
1791642944.768 73210 19.897
1791642944.777 73212 11.274
1791642944.802 73215 11.445
1791642944.828 73218 11.664
1791642944.845 73220 11.592
1791642944.870 73223 11.394
1791642944.895 73226 11.280
1791642944.912 73228 11.342
1791642944.938 73231 11.453
1791642944.963 73234 11.325
1791642944.980 73236 11.339
1791642945.005 73239 11.280
1791642945.031 73242 11.547
1791642945.048 73244 11.322
1791642945.073 73247 11.386
1791642945.099 73250 11.476
1791642945.116 73252 11.360
1791642945.141 73255 11.394
1791642945.167 73258 11.318
1791642945.183 73260 11.305
1791642945.209 73263 11.262
1791642945.234 73266 11.304
1791642945.251 73268 11.382
1791642945.277 73271 11.402
1791642945.302 73274 11.476
1791642945.320 73276 11.697
1791642945.345 73279 11.508
1791642945.370 73282 11.286
1791642945.387 73284 11.410
1791642945.413 73287 11.474
1791642945.438 73290 11.290
1791642945.455 73292 11.451
1791642945.480 73295 11.525
1791642945.506 73298 11.443
1791642945.523 73300 11.419
1791642945.548 73303 11.273
1791642945.574 73306 11.363
1791642945.590 73308 11.334
1791642945.616 73311 11.374
1791642945.641 73314 11.293
1791642945.658 73316 11.310
1791642945.684 73319 11.327
1791642945.709 73322 11.218
1791642945.726 73324 11.323
1791642945.752 73327 11.375
1791642945.777 73330 11.382
1791642945.794 73332 11.379
1791642945.820 73335 11.767
1791642945.845 73338 11.429
1791642945.862 73340 11.367
1791642945.887 73343 11.381
1791642945.913 73346 11.366
1791642945.930 73348 11.316
1791642945.955 73351 11.223
1791642945.980 73354 11.338
1791642945.997 73356 11.281
1791642946.023 73359 11.314
1791642946.048 73362 11.163
1791642946.065 73364 11.206
1791642946.091 73367 11.515
1791642946.116 73370 11.428
1791642946.133 73372 11.383
1791642946.158 73375 11.294
1791642946.184 73378 11.368
1791642946.201 73380 11.348
1791642946.226 73383 11.367
1791642946.252 73386 11.335
1791642946.269 73388 11.323
1791642946.294 73391 11.445
1791642946.320 73394 11.464
1791642946.337 73396 11.324
1791642946.362 73399 11.457
1791642946.388 73402 11.949
1791642946.404 73404 11.348
1791642946.430 73407 11.334
1791642946.455 73410 11.289
1791642946.472 73412 11.303
1791642946.498 73415 11.294
1791642946.523 73418 11.316
1791642946.540 73420 11.342
1791642946.566 73423 11.639
1791642946.591 73426 11.499
1791642946.608 73428 11.412
1791642946.633 73431 11.376
1791642946.659 73434 11.502
1791642946.676 73436 11.301
1791642946.701 73439 11.394
1791642946.727 73442 11.333
1791642946.744 73444 11.463
1791642946.769 73447 11.569
1791642946.794 73450 11.455
1791642946.811 73452 11.454
1791642946.837 73455 11.499
1791642946.862 73458 11.388
1791642946.879 73460 11.427
1791642946.905 73463 11.395
1791642946.930 73466 11.404
1791642946.947 73468 11.335
1791642946.972 73471 11.433
1791642946.998 73474 11.452
1791642947.015 73476 11.463
1791642947.040 73479 11.399
1791642947.066 73482 11.501
1791642947.083 73484 11.442
1791642947.108 73487 11.454
1791642947.133 73490 11.330
1791642947.150 73492 11.338
1791642947.176 73495 11.409
1791642947.201 73498 11.300
1791642947.218 73500 11.401
1791642947.244 73503 11.399
1791642947.269 73506 11.480
1791642947.286 73508 11.313
1791642947.312 73511 11.550
1791642947.337 73514 11.356
1791642947.354 73516 11.670
1791642947.379 73519 11.434
1791642947.405 73522 11.369
1791642947.422 73524 11.219
1791642947.447 73527 11.328
1791642947.473 73530 11.468
1791642947.490 73532 11.417
1791642947.515 73535 11.637
1791642947.541 73538 11.604
1791642947.558 73540 11.568
1791642947.583 73543 11.637
1791642947.608 73546 11.433
1791642947.625 73548 11.339
1791642947.651 73551 11.425
1791642947.676 73554 11.403
1791642947.693 73556 11.311
1791642947.718 73559 11.377
1791642947.744 73562 11.355
1791642947.761 73564 11.322
1791642947.786 73567 11.311
1791642947.812 73570 11.267
1791642947.829 73572 11.354
1791642947.854 73575 11.598
1791642947.880 73578 11.554
1791642947.897 73580 11.365
1791642947.922 73583 11.409
1791642947.947 73586 11.328
1791642947.965 73588 11.579
1791642947.990 73591 11.488
1791642948.015 73594 11.358
1791642948.032 73596 11.294
1791642948.058 73599 11.402
1791642948.083 73602 11.437
1791642948.100 73604 11.341
1791642948.125 73607 11.251
1791642948.151 73610 11.261
1791642948.168 73612 11.431
1791642948.193 73615 11.357
1791642948.219 73618 11.539
1791642948.236 73620 11.375
1791642948.261 73623 11.440
1791642948.286 73626 11.331
1791642948.303 73628 11.289
1791642948.329 73631 11.413
1791642948.355 73634 11.613
1791642948.371 73636 11.472
1791642948.397 73639 11.393
1791642948.422 73642 11.302
1791642948.439 73644 11.285
1791642948.465 73647 11.419
1791642948.490 73650 11.307
1791642948.507 73652 11.326
1791642948.532 73655 11.505
1791642948.558 73658 11.399
1791642948.575 73660 11.425
1791642948.600 73663 11.329
1791642948.626 73666 11.344
1791642948.643 73668 11.517
1791642948.668 73671 11.383
1791642948.694 73674 11.467
1791642948.710 73676 11.417
1791642948.736 73679 11.547
1791642948.761 73682 11.388
1791642948.778 73684 11.541
1791642948.804 73687 11.520
1791642948.829 73690 11.597
1791642948.846 73692 11.689
1791642948.872 73695 11.552
1791642948.897 73698 11.390
1791642948.914 73700 11.325
1791642948.939 73703 11.440
1791642948.965 73706 11.352
1791642948.982 73708 11.389
1791642949.007 73711 11.445
1791642949.033 73714 11.482
1791642949.049 73716 11.345
1791642949.075 73719 11.462
1791642949.100 73722 11.355
1791642949.117 73724 11.351
1791642949.143 73727 11.543
1791642949.168 73730 11.365
1791642949.185 73732 11.328
1791642949.211 73735 11.393
1791642949.236 73738 11.434
1791642949.253 73740 11.304
1791642949.278 73743 11.307
1791642949.304 73746 11.335
1791642949.321 73748 11.420
1791642949.346 73751 11.541
1791642949.372 73754 11.400
1791642949.389 73756 11.566
1791642949.414 73759 11.391
1791642949.440 73762 11.458
1791642949.456 73764 11.393
1791642949.482 73767 11.511
1791642949.507 73770 11.301
1791642949.524 73772 11.265
1791642949.550 73775 11.328
1791642949.575 73778 11.356
1791642949.592 73780 11.240
1791642949.617 73783 11.253
1791642949.643 73786 11.253
1791642949.660 73788 11.296
1791642949.685 73791 11.326
1791642949.711 73794 11.244
1791642949.728 73796 11.238
1791642949.753 73799 11.256
1791642949.779 73802 11.300
1791642949.796 73804 11.531
1791642949.821 73807 11.494
1791642949.846 73810 11.298
1791642949.863 73812 11.242
1791642949.889 73815 11.539
1791642949.914 73818 11.343
1791642949.931 73820 11.460
1791642949.957 73823 11.355
1791642949.982 73826 11.384
1791642949.999 73828 11.322
1791642950.025 73831 11.415
1791642950.050 73834 11.240
1791642950.067 73836 11.336
1791642950.092 73839 11.252
1791642950.118 73842 11.324
1791642950.135 73844 11.301
1791642950.160 73847 11.508
1791642950.186 73850 11.407
1791642950.203 73852 11.377
1791642950.228 73855 11.328
1791642950.253 73858 11.274
1791642950.270 73860 11.338
1791642950.296 73863 11.386
1791642950.321 73866 11.378
1791642950.338 73868 11.384
1791642950.364 73871 11.453
1791642950.389 73874 11.340
1791642950.406 73876 11.468
1791642950.432 73879 11.671
1791642950.457 73882 11.354
1791642950.474 73884 11.373
1791642950.499 73887 11.338
1791642950.525 73890 11.480
1791642950.542 73892 11.426
1791642950.567 73895 11.405
1791642950.592 73898 11.348
1791642950.609 73900 11.303
1791642950.635 73903 11.358
1791642950.660 73906 11.461
1791642950.677 73908 11.333
1791642950.703 73911 11.400
1791642950.728 73914 11.426
1791642950.745 73916 11.261
1791642950.771 73919 11.414
1791642950.796 73922 11.346
1791642950.813 73924 11.245
1791642950.838 73927 11.315
1791642950.864 73930 11.526
1791642950.881 73932 11.437
1791642950.906 73935 11.478
1791642950.932 73938 11.506
1791642950.949 73940 11.376
1791642950.974 73943 11.347
1791642950.999 73946 11.313
1791642951.016 73948 11.253
1791642951.042 73951 11.385
1791642951.067 73954 11.354
1791642951.084 73956 11.295
1791642951.110 73959 11.358
1791642951.135 73962 11.336
1791642951.152 73964 11.311
1791642951.178 73967 11.423
1791642951.203 73970 11.283
1791642951.220 73972 11.276
1791642951.245 73975 11.353
1791642951.271 73978 11.315
1791642951.288 73980 11.189
1791642951.313 73983 11.353
1791642951.339 73986 11.363
1791642951.356 73988 11.382
1791642951.381 73991 11.342
1791642951.406 73994 11.361
1791642951.423 73996 11.432
1791642951.449 73999 11.249
1791642951.474 74002 11.217
1791642951.491 74004 11.226
1791642951.516 74007 11.261
1791642951.542 74010 11.319
1791642951.559 74012 11.394
1791642951.584 74015 11.389
1791642951.610 74018 11.308
1791642951.627 74020 11.282
1791642951.652 74023 11.216
1791642951.678 74026 11.377
1791642951.694 74028 11.218
1791642951.720 74031 11.362
1791642951.745 74034 11.358
1791642951.762 74036 11.352
1791642951.788 74039 11.401
1791642951.813 74042 11.335
1791642951.830 74044 11.208
1791642951.856 74047 11.536
1791642951.881 74050 11.518
1791642951.898 74052 11.318
1791642951.924 74055 11.333
1791642951.949 74058 11.589
1791642951.966 74060 11.467
1791642951.991 74063 11.301
1791642952.017 74066 11.314
1791642952.034 74068 11.307
1791642952.059 74071 11.355
1791642952.085 74074 11.525
1791642952.102 74076 11.499
1791642952.127 74079 11.426
1791642952.153 74082 11.508
1791642952.169 74084 11.365
1791642952.195 74087 11.358
1791642952.220 74090 11.320
1791642952.237 74092 11.304
1791642952.263 74095 11.536
1791642952.288 74098 11.388
1791642952.305 74100 11.388
1791642952.331 74103 11.468
1791642952.356 74106 11.480
1791642952.373 74108 11.410
1791642952.398 74111 11.299
1791642952.424 74114 11.505
1791642952.441 74116 11.508
1791642952.466 74119 11.436
1791642952.492 74122 11.312
1791642952.508 74124 11.235
1791642952.534 74127 11.516
1791642952.560 74130 11.484
1791642952.576 74132 11.515
1791642952.602 74135 11.471
1791642952.627 74138 11.458
1791642952.644 74140 11.347
1791642952.670 74143 11.354
1791642952.695 74146 11.293
1791642952.712 74148 11.242
1791642952.737 74151 11.271
1791642952.763 74154 11.261
1791642952.780 74156 11.273
1791642952.805 74159 11.336
1791642952.831 74162 11.390
1791642952.848 74164 11.300
1791642952.873 74167 11.383
1791642952.898 74170 11.337
1791642952.915 74172 11.347
1791642952.941 74175 11.383
1791642952.966 74178 11.420
1791642952.984 74180 11.699
1791642953.009 74183 11.389
1791642953.034 74186 11.362
1791642953.051 74188 11.329
1791642953.077 74191 11.407
1791642953.102 74194 11.488
1791642953.119 74196 11.472
1791642953.144 74199 11.390
1791642953.170 74202 11.385
1791642953.187 74204 11.317
1791642953.212 74207 11.214
1791642953.238 74210 11.277
1791642953.255 74212 11.289
1791642953.280 74215 11.400
1791642953.305 74218 11.354
1791642953.322 74220 11.273
1791642953.348 74223 11.399
1791642953.373 74226 11.382
1791642953.390 74228 11.291
1791642953.416 74231 11.333
1791642953.441 74234 11.323
1791642953.458 74236 11.503
1791642953.484 74239 11.597
1791642953.509 74242 11.514
1791642953.526 74244 11.358
1791642953.551 74247 11.279
1791642953.577 74250 11.581
1791642953.594 74252 11.750
1791642953.619 74255 11.593
1791642953.645 74258 11.638
1791642953.662 74260 11.377
1791642953.687 74263 11.517
1791642953.712 74266 11.379
1791642953.729 74268 11.271
1791642953.755 74271 11.308
1791642953.780 74274 11.363
1791642953.797 74276 11.420
1791642953.823 74279 11.314
1791642953.848 74282 11.225
1791642953.865 74284 11.275
1791642953.890 74287 11.299
1791642953.916 74290 11.304
1791642953.933 74292 11.260
1791642953.958 74295 11.302
1791642953.984 74298 11.392
1791642954.001 74300 11.290
1791642954.026 74303 11.406
1791642954.051 74306 11.303
1791642954.068 74308 11.257
1791642954.094 74311 11.380
1791642954.119 74314 11.278
1791642954.136 74316 11.224
1791642954.162 74319 11.407
1791642954.187 74322 11.291
1791642954.204 74324 11.271
1791642954.230 74327 11.430
1791642954.255 74330 11.313
1791642954.272 74332 11.313
1791642954.297 74335 11.288
1791642954.323 74338 11.315
1791642954.340 74340 11.309
1791642954.365 74343 11.157
1791642954.390 74346 11.231
1791642954.407 74348 11.241
1791642954.433 74351 11.365
1791642954.459 74354 11.454
1791642954.475 74356 11.339
1791642954.501 74359 11.400
1791642954.526 74362 11.477
1791642954.543 74364 11.415
1791642954.569 74367 11.416
1791642954.594 74370 11.428
1791642954.611 74372 11.431
1791642954.636 74375 11.361
1791642954.662 74378 11.387
1791642954.679 74380 11.280
1791642954.704 74383 11.143
1791642954.730 74386 11.374
1791642954.747 74388 11.291
1791642954.772 74391 11.422
1791642954.798 74394 11.395
1791642954.815 74396 11.515
1791642954.840 74399 11.384
1791642954.865 74402 11.296
1791642954.882 74404 11.374
1791642954.908 74407 11.446
1791642954.933 74410 11.302
1791642954.950 74412 11.158
1791642954.976 74415 11.328
1791642955.001 74418 11.403
1791642955.118 74420 111.821
1791642955.124 74428 49.987
1791642955.129 74423 97.396
1791642955.134 74431 34.576
1791642955.139 74426 81.974
1791642955.145 74434 19.942
1791642955.154 74436 11.393
1791642955.179 74439 11.390
1791642955.205 74442 11.413
1791642955.222 74444 11.508
1791642955.247 74447 11.611
1791642955.272 74450 11.436
1791642955.289 74452 11.317
1791642955.315 74455 11.418
1791642955.340 74458 11.314
1791642955.357 74460 11.344
1791642955.383 74463 11.489
1791642955.408 74466 11.469
1791642955.425 74468 11.360
1791642955.450 74471 11.356
1791642955.476 74474 11.471
1791642955.493 74476 11.305
1791642955.518 74479 11.339
1791642955.544 74482 11.325
1791642955.561 74484 11.290
1791642955.586 74487 11.435
1791642955.612 74490 11.439
1791642955.628 74492 11.418
1791642955.654 74495 11.386
1791642955.679 74498 11.317
1791642955.696 74500 11.140
1791642955.722 74503 11.314
1791642955.747 74506 11.363
1791642955.764 74508 11.235
1791642955.789 74511 11.372
1791642955.815 74514 11.357
1791642955.832 74516 11.282
1791642955.857 74519 11.556
1791642955.883 74522 11.425
1791642955.900 74524 11.281
1791642955.925 74527 11.318
1791642955.951 74530 11.301
1791642955.967 74532 11.306
1791642955.993 74535 11.314
1791642956.019 74538 11.497
1791642956.035 74540 11.307
1791642956.061 74543 11.308
1791642956.086 74546 11.311
1791642956.103 74548 11.227
1791642956.129 74551 11.450
1791642956.154 74554 11.368
1791642956.171 74556 11.257
1791642956.196 74559 11.380
1791642956.222 74562 11.319
1791642956.239 74564 11.373
1791642956.264 74567 11.371
1791642956.290 74570 11.393
1791642956.307 74572 11.316
1791642956.332 74575 11.300
1791642956.358 74578 11.426
1791642956.375 74580 11.456
1791642956.400 74583 11.258
1791642956.425 74586 11.307
1791642956.442 74588 11.226
1791642956.468 74591 11.256
1791642956.493 74594 11.323
1791642956.510 74596 11.307
1791642956.536 74599 11.418
1791642956.561 74602 11.426
1791642956.578 74604 11.320
1791642956.603 74607 11.345
1791642956.629 74610 11.323
1791642956.646 74612 11.276
1791642956.671 74615 11.346
1791642956.697 74618 11.340
1791642956.714 74620 11.311
1791642956.739 74623 11.385
1791642956.764 74626 11.227
1791642956.781 74628 11.339
1791642956.807 74631 11.374
1791642956.832 74634 11.489
1791642956.849 74636 11.303
1791642956.875 74639 11.423
1791642956.900 74642 11.343
1791642956.917 74644 11.388
1791642956.942 74647 11.284
1791642956.968 74650 11.348
1791642956.985 74652 11.243
1791642957.010 74655 11.271
1791642957.036 74658 11.302
1791642957.053 74660 11.221
1791642957.078 74663 11.256
1791642957.104 74666 11.410
1791642957.120 74668 11.284
1791642957.146 74671 11.347
1791642957.171 74674 11.184
1791642957.188 74676 11.262
1791642957.214 74679 11.319
1791642957.239 74682 11.379
1791642957.256 74684 11.328
1791642957.282 74687 11.298
1791642957.307 74690 11.324
1791642957.324 74692 11.292
1791642957.349 74695 11.321
1791642957.375 74698 11.398
1791642957.392 74700 11.348
1791642957.417 74703 11.578
1791642957.443 74706 11.639
1791642957.460 74708 11.497
1791642957.485 74711 11.587
1791642957.511 74714 11.448
1791642957.528 74716 11.657
1791642957.553 74719 11.459
1791642957.578 74722 11.442
1791642957.596 74724 11.627
1791642957.621 74727 11.511
1791642957.646 74730 11.437
1791642957.663 74732 11.484
1791642957.689 74735 11.612
1791642957.714 74738 11.584
1791642957.731 74740 11.668
1791642957.757 74743 11.514
1791642957.782 74746 11.576
1791642957.799 74748 11.572
1791642957.824 74751 11.454
1791642957.850 74754 11.515
1791642957.867 74756 11.524
1791642957.892 74759 11.481
1791642957.918 74762 11.569
1791642957.934 74764 11.390
1791642957.960 74767 11.487
1791642957.985 74770 11.529
1791642958.002 74772 11.514
1791642958.028 74775 11.442
1791642958.053 74778 11.493
1791642958.070 74780 11.436
1791642958.096 74783 11.447
1791642958.121 74786 11.580
1791642958.138 74788 11.546
1791642958.164 74791 11.558
1791642958.189 74794 11.490
1791642958.206 74796 11.527
1791642958.231 74799 11.513
1791642958.257 74802 11.557
1791642958.274 74804 11.640
1791642958.299 74807 11.642
1791642958.325 74810 11.705
1791642958.342 74812 11.781
1791642958.367 74815 11.539
1791642958.392 74818 11.570
1791642958.409 74820 11.518
1791642958.435 74823 11.545
1791642958.460 74826 11.651
1791642958.477 74828 11.608
1791642958.503 74831 11.466
1791642958.528 74834 11.552
1791642958.545 74836 11.576
1791642958.570 74839 11.429
1791642958.596 74842 11.637
1791642958.613 74844 11.564
1791642958.638 74847 11.587
1791642958.664 74850 11.540
1791642958.680 74852 11.331
1791642958.706 74855 11.597
1791642958.731 74858 11.508
1791642958.748 74860 11.456
1791642958.774 74863 11.506
1791642958.799 74866 11.490
1791642958.816 74868 11.554
1791642958.842 74871 11.621
1791642958.867 74874 11.563
1791642958.884 74876 11.475
1791642958.910 74879 11.598
1791642958.935 74882 11.463
1791642958.952 74884 11.511
1791642958.977 74887 11.574
1791642959.003 74890 11.543
1791642959.020 74892 11.399
1791642959.045 74895 11.528
1791642959.071 74898 11.506
1791642959.088 74900 11.482
1791642959.113 74903 11.411
1791642959.138 74906 11.430
1791642959.155 74908 11.420
1791642959.181 74911 11.551
1791642959.206 74914 11.563
1791642959.223 74916 11.498
1791642959.249 74919 11.382
1791642959.274 74922 11.532
1791642959.291 74924 11.609
1791642959.316 74927 11.507
1791642959.342 74930 11.543
1791642959.359 74932 11.584
1791642959.384 74935 11.526
1791642959.410 74938 11.595
1791642959.427 74940 11.552
1791642959.452 74943 11.789
1791642959.478 74946 11.660
1791642959.494 74948 11.456
1791642959.520 74951 11.535
1791642959.545 74954 11.408
1791642959.562 74956 11.636
1791642959.588 74959 11.505
1791642959.613 74962 11.490
1791642959.630 74964 11.525
1791642959.656 74967 11.483
1791642959.681 74970 11.450
1791642959.698 74972 11.302
1791642959.723 74975 11.382
1791642959.749 74978 11.539
1791642959.766 74980 11.488
1791642959.791 74983 11.293
1791642959.817 74986 11.433
1791642959.833 74988 11.355
1791642959.859 74991 11.482
1791642959.884 74994 11.418
1791642959.901 74996 11.380
1791642959.927 74999 11.331
1791642959.952 75002 11.255
1791642959.969 75004 11.324
1791642959.995 75007 11.386
1791642960.020 75010 11.752
1791642960.037 75012 11.532
1791642960.063 75015 11.588
1791642960.088 75018 11.380
1791642960.105 75020 11.350
1791642960.130 75023 11.344
1791642960.156 75026 11.513
1791642960.173 75028 11.443
1791642960.198 75031 11.383
1791642960.224 75034 11.523
1791642960.240 75036 11.397
1791642960.266 75039 11.356
1791642960.291 75042 11.354
1791642960.308 75044 11.245
1791642960.334 75047 11.553
1791642960.359 75050 11.358
1791642960.376 75052 11.581
1791642960.402 75055 11.477
1791642960.427 75058 11.574
1791642960.444 75060 11.421
1791642960.469 75063 11.510
1791642960.495 75066 11.532
1791642960.512 75068 11.530
1791642960.537 75071 11.476
1791642960.563 75074 11.611
1791642960.580 75076 11.623
1791642960.605 75079 11.534
1791642960.631 75082 11.560
1791642960.648 75084 11.673
1791642960.673 75087 11.498
1791642960.698 75090 11.463
1791642960.715 75092 11.459
1791642960.741 75095 11.528
1791642960.766 75098 11.470
1791642960.783 75100 11.512
1791642960.809 75103 11.534
1791642960.834 75106 11.588
1791642960.851 75108 11.419
1791642960.876 75111 11.542
1791642960.902 75114 11.610
1791642960.919 75116 11.402
1791642960.944 75119 11.453
1791642960.970 75122 11.546
1791642960.987 75124 11.645
1791642961.012 75127 11.553
1791642961.038 75130 11.617
1791642961.055 75132 11.660
1791642961.080 75135 11.675
1791642961.106 75138 11.699
1791642961.122 75140 11.489
1791642961.148 75143 11.582
1791642961.173 75146 11.576
1791642961.190 75148 11.488
1791642961.216 75151 11.722
1791642961.241 75154 11.514
1791642961.258 75156 11.522
1791642961.283 75159 11.470
1791642961.309 75162 11.667
1791642961.326 75164 11.527
1791642961.351 75167 11.512
1791642961.377 75170 11.590
1791642961.394 75172 11.629
1791642961.419 75175 11.604
1791642961.445 75178 11.609
1791642961.461 75180 11.516
1791642961.487 75183 11.595
1791642961.512 75186 11.492
1791642961.529 75188 11.582
1791642961.555 75191 11.639
1791642961.580 75194 11.688
1791642961.597 75196 11.643
1791642961.623 75199 11.562
1791642961.648 75202 11.650
1791642961.665 75204 11.616
1791642961.690 75207 11.565
1791642961.716 75210 11.671
1791642961.733 75212 11.549
1791642961.758 75215 11.648
1791642961.784 75218 11.560
1791642961.800 75220 11.437
1791642961.826 75223 11.555
1791642961.851 75226 11.535
1791642961.868 75228 11.545
1791642961.894 75231 11.591
1791642961.919 75234 11.514
1791642961.936 75236 11.430
1791642961.962 75239 11.703
1791642961.987 75242 11.469
1791642962.004 75244 11.469
1791642962.029 75247 11.493
1791642962.055 75250 11.510
1791642962.072 75252 11.488
1791642962.097 75255 11.465
1791642962.123 75258 11.576
1791642962.140 75260 11.448
1791642962.165 75263 11.650
1791642962.191 75266 11.535
1791642962.207 75268 11.552
1791642962.233 75271 11.541
1791642962.258 75274 11.602
1791642962.275 75276 11.538
1791642962.301 75279 11.634
1791642962.326 75282 11.654
1791642962.343 75284 11.628
1791642962.369 75287 11.547
1791642962.394 75290 11.531
1791642962.411 75292 11.697
1791642962.436 75295 11.487
1791642962.462 75298 11.751
1791642962.479 75300 11.763
1791642962.504 75303 11.443
1791642962.530 75306 11.700
1791642962.547 75308 11.476
1791642962.572 75311 11.594
1791642962.597 75314 11.471
1791642962.614 75316 11.463
1791642962.640 75319 11.460
1791642962.665 75322 11.492
1791642962.682 75324 11.386
1791642962.708 75327 11.454
1791642962.733 75330 11.478
1791642962.750 75332 11.472
1791642962.775 75335 11.440
1791642962.801 75338 11.448
1791642962.818 75340 11.545
1791642962.843 75343 11.449
1791642962.869 75346 11.594
1791642962.886 75348 11.541
1791642962.911 75351 11.502
1791642962.937 75354 11.474
1791642962.953 75356 11.445
1791642962.979 75359 11.665
1791642963.004 75362 11.533
1791642963.021 75364 11.484
1791642963.047 75367 11.582
1791642963.072 75370 11.544
1791642963.089 75372 11.498
1791642963.115 75375 11.437
1791642963.140 75378 11.373
1791642963.157 75380 11.337
1791642963.182 75383 11.469
1791642963.208 75386 11.546
1791642963.225 75388 11.550
1791642963.250 75391 11.627
1791642963.276 75394 11.468
1791642963.293 75396 11.432
1791642963.318 75399 11.444
1791642963.343 75402 11.421
1791642963.360 75404 11.384
1791642963.386 75407 11.491
1791642963.411 75410 11.594
1791642963.428 75412 11.360
1791642963.454 75415 11.510
1791642963.479 75418 11.516
1791642963.496 75420 11.418
1791642963.521 75423 11.395
1791642963.547 75426 11.327
1791642963.564 75428 11.390
1791642963.589 75431 11.428
1791642963.615 75434 11.453
1791642963.632 75436 11.531
1791642963.657 75439 11.373
1791642963.683 75442 11.425
1791642963.700 75444 11.457
1791642963.725 75447 11.495
1791642963.750 75450 11.477
1791642963.767 75452 11.330
1791642963.793 75455 11.442
1791642963.818 75458 11.379
1791642963.835 75460 11.415
1791642963.861 75463 11.389
1791642963.886 75466 11.483
1791642963.903 75468 11.576
1791642963.929 75471 11.608
1791642963.954 75474 11.510
1791642963.971 75476 11.532
1791642963.996 75479 11.511
1791642964.022 75482 11.576
1791642964.039 75484 11.403
1791642964.064 75487 11.426
1791642964.089 75490 11.390
1791642964.106 75492 11.450
1791642964.132 75495 11.503
1791642964.157 75498 11.382
1791642964.174 75500 11.309
1791642964.200 75503 11.317
1791642964.225 75506 11.481
1791642964.242 75508 11.374
1791642964.268 75511 11.468
1791642964.293 75514 11.495
1791642964.310 75516 11.453
1791642964.335 75519 11.538
1791642964.361 75522 11.413
1791642964.378 75524 11.409
1791642964.403 75527 11.438
1791642964.429 75530 11.557
1791642964.446 75532 11.396
1791642964.471 75535 11.501
1791642964.497 75538 11.563
1791642964.513 75540 11.493
1791642964.539 75543 11.485
1791642964.564 75546 11.487
1791642964.581 75548 11.366
1791642964.607 75551 11.404
1791642964.633 75554 12.539
1791642964.649 75556 11.279
1791642964.674 75559 11.469
1791642964.700 75562 11.501
1791642964.717 75564 11.508
1791642964.742 75567 11.408
1791642964.768 75570 11.492
1791642964.785 75572 11.448
1791642964.810 75575 11.430
1791642964.836 75578 11.584
1791642964.852 75580 11.403
1791642964.878 75583 11.658
1791642964.903 75586 11.493
1791642964.920 75588 11.449
1791642964.946 75591 11.535
1791642964.971 75594 11.566
1791642964.988 75596 11.513
1791642965.014 75599 11.701
1791642965.039 75602 11.475
1791642965.056 75604 11.700
1791642965.082 75607 11.635
1791642965.107 75610 11.665
1791642965.124 75612 11.676
1791642965.149 75615 11.505
1791642965.175 75618 11.612
1791642965.192 75620 11.585
1791642965.217 75623 11.676
1791642965.242 75626 11.427
1791642965.260 75628 11.531
1791642965.285 75631 11.585
1791642965.310 75634 11.611
1791642965.327 75636 11.607
1791642965.353 75639 11.598
1791642965.378 75642 11.456
1791642965.395 75644 11.513
1791642965.421 75647 11.687
1791642965.446 75650 11.462
1791642965.463 75652 11.621
1791642965.488 75655 11.579
1791642965.514 75658 11.563
1791642965.531 75660 11.644
1791642965.556 75663 11.558
1791642965.582 75666 11.596
1791642965.599 75668 11.477
1791642965.624 75671 11.643
1791642965.649 75674 11.403
1791642965.666 75676 11.413
1791642965.692 75679 11.554
1791642965.717 75682 11.447
1791642965.734 75684 11.590
1791642965.760 75687 11.567
1791642965.785 75690 11.469
1791642965.802 75692 11.585
1791642965.827 75695 11.450
1791642965.853 75698 11.485
1791642965.870 75700 11.660
1791642965.895 75703 11.425
1791642965.921 75706 11.494
1791642965.938 75708 11.534
1791642965.963 75711 11.565
1791642965.989 75714 11.664
1791642966.006 75716 11.516
1791642966.031 75719 11.558
1791642966.056 75722 11.466
1791642966.073 75724 11.596
1791642966.099 75727 11.427
1791642966.124 75730 11.557
1791642966.141 75732 11.452
1791642966.167 75735 11.605
1791642966.192 75738 11.501
1791642966.209 75740 11.432
1791642966.234 75743 11.499
1791642966.260 75746 11.472
1791642966.277 75748 11.482
1791642966.302 75751 11.450
1791642966.328 75754 11.570
1791642966.345 75756 11.489
1791642966.370 75759 11.515
1791642966.396 75762 11.566
1791642966.413 75764 11.486
1791642966.438 75767 11.601
1791642966.463 75770 11.433
1791642966.480 75772 11.504
1791642966.506 75775 11.562
1791642966.531 75778 11.568
1791642966.548 75780 11.520
1791642966.574 75783 11.456
1791642966.599 75786 11.336
1791642966.616 75788 11.451
1791642966.641 75791 11.554
1791642966.667 75794 11.474
1791642966.684 75796 11.516
1791642966.709 75799 11.536
1791642966.735 75802 11.405
1791642966.752 75804 11.554
1791642966.777 75807 11.585
1791642966.803 75810 11.573
1791642966.819 75812 11.529
1791642966.845 75815 11.455
1791642966.870 75818 11.604
1791642966.887 75820 11.467
1791642966.913 75823 11.576
1791642966.938 75826 11.598
1791642966.955 75828 11.513
1791642966.981 75831 11.684
1791642967.006 75834 11.493
1791642967.023 75836 11.357
1791642967.048 75839 11.585
1791642967.074 75842 11.630
1791642967.091 75844 11.493
1791642967.116 75847 11.636
1791642967.142 75850 11.498
1791642967.158 75852 11.402
1791642967.184 75855 11.498
1791642967.209 75858 11.510
1791642967.226 75860 11.568
1791642967.252 75863 11.623
1791642967.277 75866 11.603
1791642967.294 75868 11.534
1791642967.320 75871 11.611
1791642967.345 75874 11.534
1791642967.362 75876 11.502
1791642967.388 75879 11.684
1791642967.413 75882 11.539
1791642967.430 75884 11.445
1791642967.455 75887 11.494
1791642967.481 75890 11.465
1791642967.498 75892 11.674
1791642967.523 75895 11.512
1791642967.549 75898 11.632
1791642967.566 75900 11.605
1791642967.591 75903 11.488
1791642967.616 75906 11.533
1791642967.633 75908 11.457
1791642967.659 75911 11.580
1791642967.684 75914 11.482
1791642967.701 75916 11.464
1791642967.727 75919 11.616
1791642967.752 75922 11.446
1791642967.769 75924 11.356
1791642967.794 75927 11.559
1791642967.820 75930 11.452
1791642967.837 75932 11.645
1791642967.862 75935 11.495
1791642967.888 75938 11.633
1791642967.905 75940 11.658
1791642967.930 75943 11.541
1791642967.955 75946 11.496
1791642967.973 75948 11.580
1791642967.998 75951 11.428
1791642968.023 75954 11.448
1791642968.040 75956 11.536
1791642968.066 75959 11.618
1791642968.091 75962 11.632
1791642968.108 75964 11.537
1791642968.134 75967 11.538
1791642968.159 75970 11.593
1791642968.176 75972 11.610
1791642968.201 75975 11.618
1791642968.227 75978 11.465
1791642968.244 75980 11.539
1791642968.269 75983 11.620
1791642968.295 75986 11.687
1791642968.312 75988 11.559
1791642968.337 75991 11.475
1791642968.362 75994 11.480
1791642968.379 75996 11.428
1791642968.405 75999 11.529
1791642968.430 76002 11.397
1791642968.447 76004 11.391
1791642968.473 76007 11.429
1791642968.498 76010 11.504
1791642968.515 76012 11.495
1791642968.540 76015 11.446
1791642968.566 76018 11.571
1791642968.583 76020 11.408
1791642968.608 76023 11.451
1791642968.634 76026 11.453
1791642968.651 76028 11.354
1791642968.676 76031 11.437
1791642968.702 76034 11.536
1791642968.718 76036 11.430
1791642968.744 76039 11.454
1791642968.769 76042 11.405
1791642968.786 76044 11.398
1791642968.812 76047 11.466
1791642968.837 76050 11.464
1791642968.854 76052 11.330
1791642968.880 76055 11.467
1791642968.905 76058 11.534
1791642968.922 76060 11.387
1791642968.947 76063 11.488
1791642968.973 76066 11.459
1791642968.990 76068 11.413
1791642969.015 76071 11.476
1791642969.041 76074 11.571
1791642969.058 76076 11.439
1791642969.083 76079 11.563
1791642969.108 76082 11.450
1791642969.125 76084 11.538
1791642969.157 76087 11.768
1791642969.208 76090 11.613
1791642969.242 76092 11.679
1791642969.293 76095 12.115
1791642969.344 76098 11.749
1791642969.377 76100 11.677
1791642969.428 76103 11.710
1791642969.479 76106 11.677
1791642969.513 76108 11.793
1791642969.564 76111 11.638
1791642969.615 76114 11.681
1791642969.649 76116 11.652
1791642969.699 76119 11.618
1791642969.750 76122 11.694
1791642969.784 76124 11.645
1791642969.835 76127 11.821
1791642969.886 76130 11.600
1791642969.920 76132 11.584
1791642969.971 76135 11.820
1791642970.022 76138 11.679
1791642970.056 76140 11.590
1791642970.107 76143 11.735
1791642970.157 76146 11.704
1791642970.191 76148 11.692
1791642970.242 76151 11.739
1791642970.293 76154 11.814
1791642970.327 76156 11.686
1791642970.378 76159 11.742
1791642970.428 76162 11.455
1791642970.462 76164 11.404
1791642970.513 76167 11.602
1791642970.564 76170 11.582
1791642970.598 76172 11.630
1791642970.649 76175 11.567
1791642970.700 76178 11.717
1791642970.734 76180 11.609
1791642970.785 76183 11.721
1791642970.836 76186 11.657
1791642970.869 76188 11.565
1791642970.920 76191 11.555
1791642970.971 76194 11.637
1791642971.005 76196 11.741
1791642971.056 76199 11.527
1791642971.107 76202 11.426
1791642971.141 76204 11.747
1791642971.192 76207 11.765
1791642971.243 76210 11.671
1791642971.276 76212 11.695
1791642971.327 76215 11.840
1791642971.378 76218 11.855
1791642971.412 76220 11.782
1791642971.463 76223 11.668
1791642971.514 76226 11.685
1791642971.548 76228 11.639
1791642971.599 76231 11.657
1791642971.649 76234 11.704
1791642971.683 76236 11.682
1791642971.734 76239 11.705
1791642971.785 76242 11.785
1791642971.819 76244 11.782
1791642971.870 76247 11.525
1791642971.921 76250 11.751
1791642971.955 76252 11.792
1791642972.006 76255 11.693
1791642972.056 76258 11.571
1791642972.090 76260 11.658
1791642972.141 76263 11.571
1791642972.192 76266 11.688
1791642972.226 76268 11.680
1791642972.277 76271 11.577
1791642972.328 76274 11.750
1791642972.362 76276 11.675
1791642972.412 76279 11.694
1791642972.463 76282 11.642
1791642972.497 76284 11.675
1791642972.548 76287 11.658
1791642972.599 76290 11.745
1791642972.633 76292 11.665
1791642972.684 76295 11.890
1791642972.735 76298 11.714
1791642972.769 76300 11.703
1791642972.820 76303 11.791
1791642972.870 76306 11.813
1791642972.904 76308 11.926
1791642972.955 76311 11.700
1791642973.006 76314 11.770
1791642973.040 76316 11.697
1791642973.091 76319 11.771
1791642973.141 76322 11.550
1791642973.176 76324 11.811
1791642973.227 76327 11.829
1791642973.277 76330 11.862
1791642973.311 76332 11.904
1791642973.362 76335 11.777
1791642973.413 76338 11.759
1791642973.447 76340 11.714
1791642973.498 76343 11.780
1791642973.549 76346 11.727
1791642973.583 76348 11.810
1791642973.633 76351 11.628
1791642973.684 76354 11.792
1791642973.718 76356 11.773
1791642973.769 76359 11.926
1791642973.820 76362 11.747
1791642973.854 76364 11.726
1791642973.905 76367 11.696
1791642973.955 76370 11.669
1791642973.989 76372 11.683
1791642974.040 76375 11.604
1791642974.091 76378 11.747
1791642974.125 76380 11.685
1791642974.176 76383 11.766
1791642974.227 76386 11.891
1791642974.261 76388 11.815
1791642974.312 76391 11.774
1791642974.363 76394 11.802
1791642974.397 76396 11.871
1791642974.447 76399 11.819
1791642974.498 76402 11.846
1791642974.532 76404 12.016
1791642974.583 76407 11.831
1791642974.634 76410 11.717
1791642974.668 76412 11.683
1791642974.718 76415 11.680
1791642974.769 76418 11.654
1791642974.803 76420 11.737
1791642974.854 76423 11.649
1791642974.905 76426 11.787
1791642974.939 76428 11.704
1791642974.990 76431 11.718
1791642975.041 76434 11.669
1791642975.074 76436 11.555
1791642975.125 76439 11.650
1791642975.176 76442 11.632
1791642975.210 76444 11.657
1791642975.261 76447 11.811
1791642975.312 76450 11.684
1791642975.346 76452 11.607
1791642975.397 76455 11.726
1791642975.448 76458 11.723
1791642975.481 76460 11.623
1791642975.532 76463 11.621
1791642975.583 76466 11.735
1791642975.617 76468 11.607
1791642975.668 76471 11.660
1791642975.719 76474 11.739
1791642975.753 76476 11.757
1791642975.804 76479 11.607
1791642975.855 76482 11.748
1791642975.888 76484 11.611
1791642975.939 76487 11.606
1791642975.990 76490 11.756
1791642976.024 76492 11.704
1791642976.075 76495 11.797
1791642976.126 76498 11.723
1791642976.160 76500 11.721
1791642976.211 76503 11.612
1791642976.262 76506 11.772
1791642976.295 76508 11.770
1791642976.346 76511 11.662
1791642976.397 76514 11.869
1791642976.431 76516 11.716
1791642976.482 76519 11.721
1791642976.533 76522 11.689
1791642976.567 76524 11.548
1791642976.618 76527 11.712
1791642976.668 76530 11.698
1791642976.702 76532 11.746
1791642976.753 76535 11.639
1791642976.804 76538 11.654
1791642976.838 76540 11.789
1791642976.889 76543 11.670
1791642976.940 76546 11.676
1791642976.974 76548 11.605
1791642977.024 76551 11.623
1791642977.075 76554 11.649
1791642977.109 76556 11.553
1791642977.160 76559 11.655
1791642977.211 76562 11.688
1791642977.245 76564 11.822
1791642977.296 76567 11.682
1791642977.347 76570 11.845
1791642977.381 76572 11.679
1791642977.431 76575 11.654
1791642977.482 76578 11.591
1791642977.516 76580 11.716
1791642977.567 76583 11.780
1791642977.618 76586 11.855
1791642977.652 76588 11.788
1791642977.703 76591 11.665
1791642977.754 76594 11.850
1791642977.788 76596 11.803
1791642977.838 76599 11.690
1791642977.889 76602 11.706
1791642977.923 76604 11.652
1791642977.974 76607 11.727
1791642978.025 76610 11.829
1791642978.059 76612 11.691
1791642978.110 76615 11.852
1791642978.160 76618 11.638
1791642978.194 76620 11.737
1791642978.245 76623 11.724
1791642978.296 76626 11.795
1791642978.330 76628 11.912
1791642978.381 76631 11.832
1791642978.432 76634 11.814
1791642978.466 76636 11.755
1791642978.517 76639 11.692
1791642978.568 76642 11.741
1791642978.602 76644 11.891
1791642978.652 76647 11.744
1791642978.703 76650 11.803
1791642978.737 76652 11.571
1791642978.788 76655 11.661
1791642978.839 76658 11.775
1791642978.873 76660 11.820
1791642978.924 76663 11.655
1791642978.974 76666 11.623
1791642979.008 76668 11.633
1791642979.059 76671 11.730
1791642979.110 76674 11.658
1791642979.144 76676 11.465
1791642979.195 76679 11.778
1791642979.246 76682 11.720
1791642979.280 76684 11.729
1791642979.331 76687 11.702
1791642979.381 76690 11.714
1791642979.415 76692 11.726
1791642979.466 76695 11.756
1791642979.517 76698 11.779
1791642979.551 76700 11.795
1791642979.602 76703 11.718
1791642979.653 76706 11.895
1791642979.687 76708 11.652
1791642979.737 76711 11.607
1791642979.788 76714 11.624
1791642979.822 76716 11.775
1791642979.873 76719 11.643
1791642979.924 76722 11.644
1791642979.958 76724 11.659
1791642980.009 76727 11.647
1791642980.060 76730 11.674
1791642980.093 76732 11.642
1791642980.144 76735 11.647
1791642980.195 76738 11.656
1791642980.229 76740 11.843
1791642980.280 76743 11.764
1791642980.331 76746 11.670
1791642980.365 76748 11.826
1791642980.416 76751 11.792
1791642980.467 76754 11.744
1791642980.500 76756 11.599
1791642980.551 76759 11.718
1791642980.602 76762 11.740
1791642980.636 76764 11.713
1791642980.687 76767 11.800
1791642980.738 76770 11.723
1791642980.772 76772 11.705
1791642980.823 76775 11.646
1791642980.873 76778 11.633
1791642980.907 76780 11.596
1791642980.958 76783 11.804
1791642981.009 76786 11.660
1791642981.043 76788 11.606
1791642981.094 76791 11.555
1791642981.145 76794 11.503
1791642981.179 76796 11.672
1791642981.230 76799 11.668
1791642981.280 76802 11.628
1791642981.314 76804 11.498
1791642981.365 76807 11.650
1791642981.416 76810 11.519
1791642981.450 76812 11.579
1791642981.501 76815 11.622
1791642981.552 76818 11.809
1791642981.586 76820 11.570
1791642981.637 76823 11.724
1791642981.687 76826 11.588
1791642981.721 76828 11.710
1791642981.772 76831 11.819
1791642981.823 76834 11.669
1791642981.857 76836 11.870
1791642981.908 76839 11.829
1791642981.959 76842 11.780
1791642981.992 76844 11.526
1791642982.043 76847 11.695
1791642982.094 76850 11.533
1791642982.128 76852 11.582
1791642982.179 76855 11.641
1791642982.230 76858 11.530
1791642982.264 76860 11.605
1791642982.315 76863 11.715
1791642982.366 76866 11.607
1791642982.399 76868 11.529
1791642982.450 76871 11.713
1791642982.501 76874 11.768
1791642982.535 76876 11.783
1791642982.586 76879 11.598
1791642982.637 76882 11.643
1791642982.671 76884 11.673
1791642982.721 76887 11.508
1791642982.773 76890 11.711
1791642982.806 76892 11.622
1791642982.857 76895 11.701
1791642982.908 76898 11.580
1791642982.942 76900 11.713
1791642982.993 76903 11.499
1791642983.044 76906 11.667
1791642983.078 76908 11.511
1791642983.129 76911 11.607
1791642983.179 76914 11.561
1791642983.213 76916 11.576
1791642983.264 76919 11.545
1791642983.315 76922 11.542
1791642983.349 76924 11.665
1791642983.400 76927 11.616
1791642983.451 76930 11.661
1791642983.485 76932 11.787
1791642983.536 76935 11.734
1791642983.587 76938 12.107
1791642983.620 76940 11.695
1791642983.671 76943 11.566
1791642983.722 76946 11.617
1791642983.756 76948 11.620
1791642983.807 76951 11.577
1791642983.858 76954 11.630
1791642983.892 76956 11.569
1791642983.942 76959 11.685
1791642983.993 76962 11.517
1791642984.027 76964 11.451
1791642984.078 76967 11.468
1791642984.129 76970 11.530
1791642984.163 76972 11.545
1791642984.214 76975 11.476
1791642984.264 76978 11.457
1791642984.298 76980 11.408
1791642984.349 76983 11.513
1791642984.400 76986 11.548
1791642984.434 76988 11.513
1791642984.485 76991 11.559
1791642984.536 76994 11.605
1791642984.570 76996 11.691
1791642984.621 76999 11.632
1791642984.672 77002 11.628
1791642984.705 77004 11.508
1791642984.756 77007 11.635
1791642984.807 77010 11.657
1791642984.841 77012 11.685
1791642984.892 77015 11.491
1791642984.943 77018 11.554
1791642984.977 77020 11.532
1791642985.028 77023 11.714
1791642985.079 77026 11.672
1791642985.112 77028 11.607
1791642985.163 77031 11.614
1791642985.214 77034 11.689
1791642985.248 77036 11.755
1791642985.299 77039 11.694
1791642985.350 77042 11.670
1791642985.384 77044 11.659
1791642985.435 77047 11.629
1791642985.485 77050 11.687
1791642985.519 77052 11.744
1791642985.570 77055 11.788
1791642985.621 77058 11.663
1791642985.655 77060 11.683
1791642985.706 77063 11.735
1791642985.757 77066 11.697
1791642985.791 77068 11.853
1791642985.842 77071 11.708
1791642985.892 77074 11.623
1791642985.926 77076 11.632
1791642985.977 77079 11.484
1791642986.028 77082 11.552
1791642986.062 77084 11.621
1791642986.113 77087 11.621
1791642986.164 77090 11.571
1791642986.198 77092 11.645
1791642986.248 77095 11.633
1791642986.299 77098 11.677
1791642986.333 77100 11.734
1791642986.384 77103 11.681
1791642986.435 77106 11.624
1791642986.469 77108 11.801
1791642986.520 77111 11.755
1791642986.571 77114 11.700
1791642986.605 77116 11.955
1791642986.655 77119 11.648
1791642986.706 77122 11.817
1791642986.740 77124 11.583
1791642986.791 77127 11.593
1791642986.842 77130 11.706
1791642986.876 77132 11.732
1791642986.927 77135 11.521
1791642986.978 77138 11.642
1791642987.012 77140 11.892
1791642987.062 77143 11.615
1791642987.113 77146 11.613
1791642987.147 77148 11.594
1791642987.198 77151 11.679
1791642987.249 77154 11.644
1791642987.283 77156 11.704
1791642987.334 77159 11.704
1791642987.385 77162 11.713
1791642987.418 77164 11.694
1791642987.469 77167 11.615
1791642987.520 77170 11.739
1791642987.554 77172 11.676
1791642987.605 77175 11.685
1791642987.656 77178 11.830
1791642987.690 77180 11.755
1791642987.740 77183 11.534
1791642987.791 77186 11.615
1791642987.825 77188 11.654
1791642987.876 77191 11.784
1791642987.927 77194 11.718
1791642987.961 77196 11.685
1791642988.012 77199 11.740
1791642988.063 77202 11.711
1791642988.097 77204 11.728
1791642988.147 77207 11.516
1791642988.198 77210 11.678
1791642988.232 77212 11.703
1791642988.283 77215 11.738
1791642988.334 77218 11.675
1791642988.368 77220 11.685
1791642988.419 77223 11.719
1791642988.470 77226 11.745
1791642988.504 77228 11.672
1791642988.554 77231 11.583
1791642988.605 77234 11.558
1791642988.639 77236 11.735
1791642988.690 77239 11.752
1791642988.741 77242 11.746
1791642988.775 77244 11.616
1791642988.826 77247 11.684
1791642988.877 77250 11.795
1791642988.911 77252 11.855
1791642988.961 77255 11.657
1791642989.012 77258 11.595
1791642989.046 77260 11.725
1791642989.097 77263 11.713
1791642989.148 77266 11.868
1791642989.182 77268 11.785
1791642989.233 77271 11.716
1791642989.283 77274 11.549
1791642989.318 77276 11.709
1791642989.368 77279 11.680
1791642989.419 77282 11.880
1791642989.453 77284 11.709
1791642989.504 77287 11.740
1791642989.555 77290 11.715
1791642989.589 77292 11.734
1791642989.640 77295 12.051
1791642989.691 77298 11.800
1791642989.725 77300 11.832
1791642989.775 77303 11.747
1791642989.826 77306 11.683
1791642989.860 77308 11.709
1791642989.911 77311 11.795
1791642989.962 77314 11.704
1791642989.996 77316 11.873
1791642990.047 77319 11.853
1791642990.098 77322 11.784
1791642990.131 77324 11.689
1791642990.182 77327 11.774
1791642990.233 77330 11.784
1791642990.267 77332 11.718
1791642990.318 77335 11.715
1791642990.369 77338 11.768
1791642990.403 77340 11.822
1791642990.454 77343 11.790
1791642990.504 77346 11.604
1791642990.538 77348 11.726
1791642990.589 77351 11.564
1791642990.640 77354 11.543
1791642990.674 77356 11.650
1791642990.725 77359 11.593
1791642990.776 77362 11.499
1791642990.810 77364 11.572
1791642990.860 77367 11.659
1791642990.911 77370 11.743
1791642990.945 77372 11.813
1791642990.996 77375 11.589
1791642991.047 77378 11.703
1791642991.081 77380 11.697
1791642991.132 77383 11.715
1791642991.183 77386 11.686
1791642991.217 77388 11.702
1791642991.268 77391 11.815
1791642991.318 77394 11.663
1791642991.352 77396 11.646
1791642991.403 77399 11.764
1791642991.454 77402 11.603
1791642991.488 77404 11.645
1791642991.539 77407 11.741
1791642991.590 77410 11.626
1791642991.624 77412 11.686
1791642991.675 77415 11.801
1791642991.725 77418 11.730
1791642991.759 77420 11.753
1791642991.810 77423 11.790
1791642991.861 77426 11.547
1791642991.895 77428 11.710
1791642991.946 77431 11.586
1791642991.997 77434 11.631
1791642992.030 77436 11.513
1791642992.081 77439 11.698
1791642992.132 77442 11.570
1791642992.166 77444 11.753
1791642992.217 77447 11.728
1791642992.268 77450 11.622
1791642992.302 77452 11.751
1791642992.353 77455 11.733
1791642992.404 77458 11.926
1791642992.438 77460 11.983
1791642992.488 77463 11.712
1791642992.539 77466 11.669
1791642992.573 77468 11.705
1791642992.624 77471 11.723
1791642992.675 77474 11.706
1791642992.709 77476 11.662
1791642992.760 77479 11.635
1791642992.811 77482 11.830
1791642992.844 77484 11.812
1791642992.895 77487 11.850
1791642992.946 77490 11.877
1791642992.980 77492 11.753
1791642993.031 77495 11.858
1791642993.082 77498 11.849
1791642993.116 77500 11.918
1791642993.167 77503 11.905
1791642993.217 77506 11.718
1791642993.251 77508 11.739
1791642993.302 77511 11.817
1791642993.353 77514 11.723
1791642993.387 77516 11.704
1791642993.438 77519 11.876
1791642993.489 77522 11.728
1791642993.523 77524 11.875
1791642993.574 77527 11.913
1791642993.625 77530 11.884
1791642993.658 77532 11.722
1791642993.709 77535 11.689
1791642993.760 77538 11.684
1791642993.794 77540 11.795
1791642993.845 77543 11.824
1791642993.896 77546 11.822
1791642993.930 77548 11.730
1791642993.980 77551 11.644
1791642994.031 77554 11.762
1791642994.065 77556 11.736
1791642994.116 77559 11.581
1791642994.167 77562 11.608
1791642994.201 77564 11.649
1791642994.252 77567 11.879
1791642994.303 77570 11.674
1791642994.337 77572 11.726
1791642994.387 77575 11.704
1791642994.438 77578 11.739
1791642994.472 77580 11.672
1791642994.523 77583 11.647
1791642994.574 77586 11.724
1791642994.608 77588 11.706
1791642994.659 77591 11.608
1791642994.710 77594 11.793
1791642994.743 77596 11.642
1791642994.794 77599 11.716
1791642994.845 77602 11.770
1791642994.879 77604 11.678
1791642994.930 77607 11.678
1791642994.981 77610 11.721
1791642995.015 77612 11.559
1791642995.065 77615 11.480
1791642995.116 77618 11.478
1791642995.150 77620 11.448
1791642995.201 77623 11.421
1791642995.252 77626 11.757
1791642995.286 77628 11.655
1791642995.337 77631 11.701
1791642995.388 77634 11.734
1791642995.422 77636 11.647
1791642995.473 77639 11.778
1791642995.523 77642 11.769
1791642995.557 77644 11.810
1791642995.608 77647 11.742
1791642995.659 77650 11.775
1791642995.693 77652 11.648
1791642995.744 77655 11.646
1791642995.794 77658 11.498
1791642995.829 77660 11.634
1791642995.879 77663 11.683
1791642995.930 77666 11.576
1791642995.964 77668 11.590
1791642996.015 77671 11.610
1791642996.066 77674 11.760
1791642996.100 77676 11.777
1791642996.151 77679 11.732
1791642996.202 77682 11.774
1791642996.236 77684 11.743
1791642996.286 77687 11.621
1791642996.337 77690 11.680
1791642996.371 77692 11.743
1791642996.422 77695 11.667
1791642996.473 77698 11.699
1791642996.507 77700 11.737
1791642996.558 77703 11.658
1791642996.608 77706 11.574
1791642996.642 77708 11.585
1791642996.693 77711 11.559
1791642996.744 77714 11.549
1791642996.778 77716 11.775
1791642996.829 77719 11.642
1791642996.880 77722 11.535
1791642996.914 77724 11.725
1791642996.965 77727 11.654
1791642997.016 77730 11.773
1791642997.049 77732 11.706
1791642997.100 77735 11.662
1791642997.151 77738 11.591
1791642997.185 77740 11.525
1791642997.236 77743 11.648
1791642997.287 77746 11.663
1791642997.321 77748 11.853
1791642997.372 77751 11.714
1791642997.423 77754 11.745
1791642997.456 77756 11.605
1791642997.507 77759 11.772
1791642997.558 77762 11.768
1791642997.592 77764 11.699
1791642997.643 77767 11.720
1791642997.694 77770 11.805
1791642997.728 77772 11.588
1791642997.778 77775 11.569
1791642997.829 77778 11.563
1791642997.863 77780 11.691
1791642997.914 77783 11.719
1791642997.965 77786 11.550
1791642997.999 77788 11.637
1791642998.050 77791 11.480
1791642998.101 77794 11.728
1791642998.135 77796 11.586
1791642998.185 77799 11.583
1791642998.236 77802 11.527
1791642998.270 77804 11.648
1791642998.321 77807 11.730
1791642998.372 77810 11.789
1791642998.406 77812 11.688
1791642998.457 77815 11.647
1791642998.508 77818 11.756
1791642998.542 77820 11.645
1791642998.592 77823 11.545
1791642998.643 77826 11.582
1791642998.677 77828 11.691
1791642998.728 77831 11.498
1791642998.779 77834 11.546
1791642998.813 77836 11.741
1791642998.863 77839 11.413
1791642998.915 77842 11.628
1791642998.948 77844 11.646
1791642998.999 77847 11.541
1791642999.050 77850 11.647
1791642999.084 77852 11.704
1791642999.135 77855 11.657
