elapsed_seconds,latency_ms,ok
0.2,214.4,1
0.4,212.3,1
0.7,223.2,1
0.9,204.3,1
1.0,126.6,1
6.1,95.3,1
6.2,107.9,1
6.3,109.3,1
6.4,93.4,1
6.5,95.2,1
11.6,135.4,1
11.7,96.8,1
11.8,94.4,1
11.9,96.0,1
12.0,105.9,1
17.1,102.4,1
17.2,96.3,1
17.3,93.2,1
17.4,94.6,1
17.5,94.7,1
22.6,96.3,1
22.7,94.5,1
22.8,95.7,1
22.9,99.1,1
23.0,94.9,1
28.1,93.8,1
28.2,104.1,1
28.3,92.4,1
28.4,102.3,1
28.5,94.1,1
33.6,112.1,1
33.7,95.8,1
33.8,94.9,1
33.9,95.7,1
34.0,95.5,1
39.1,94.8,1
39.2,94.2,1
39.3,94.8,1
39.4,95.2,1
39.5,95.2,1
44.6,94.4,1
44.7,98.0,1
44.8,104.0,1
44.9,102.5,1
45.0,95.2,1
50.1,95.2,1
50.2,108.1,1
50.3,96.1,1
50.4,104.7,1
50.5,95.5,1
55.6,97.0,1
55.7,130.5,1
55.8,119.9,1
55.9,113.5,1
56.0,103.5,1
61.1,95.5,1
61.2,94.9,1
61.3,104.3,1
61.4,96.3,1
61.5,95.5,1
66.6,100.1,1
66.7,103.4,1
66.8,109.8,1
66.9,111.1,1
67.1,102.9,1
72.4,308.1,1
72.5,105.0,1
72.6,143.7,1
72.7,103.8,1
72.9,143.1,1
78.0,95.3,1
78.1,93.6,1
78.2,195.7,1
78.3,97.5,1
78.4,95.5,1
83.5,98.1,1
83.6,97.9,1
83.7,97.1,1
83.8,109.7,1
83.9,92.3,1
89.0,97.2,1
89.1,96.3,1
89.2,93.9,1
89.3,95.7,1
89.4,97.5,1
94.5,94.6,1
94.6,102.0,1
94.7,95.2,1
94.8,97.3,1
94.9,97.5,1
100.0,114.4,1
100.1,96.4,1
100.2,95.0,1
100.3,97.0,1
100.4,97.6,1
105.5,114.0,1
105.6,100.4,1
105.8,129.3,1
105.9,95.3,1
106.0,107.2,1
111.1,100.2,1
111.2,97.0,1
111.3,98.2,1
111.4,101.1,1
111.5,96.1,1
116.6,108.8,1
116.7,97.4,1
116.8,103.6,1
116.9,104.5,1
117.0,95.6,1
122.1,95.8,1
122.2,106.6,1
122.3,94.5,1
122.4,96.5,1
122.5,95.5,1
127.6,96.1,1
127.7,103.6,1
127.8,96.1,1
127.9,95.3,1
128.0,99.2,1
133.1,96.2,1
133.2,123.5,1
133.3,106.0,1
133.4,109.8,1
133.5,96.2,1
138.6,114.9,1
138.7,96.1,1
138.8,95.6,1
138.9,123.5,1
139.1,136.4,1
144.2,134.3,1
144.3,119.4,1
144.5,125.4,1
144.6,137.9,1
144.7,124.6,1
149.8,96.0,1
149.9,95.1,1
150.0,125.9,1
150.1,95.6,1
150.2,97.2,1
155.3,96.3,1
155.4,97.2,1
155.5,97.2,1
155.6,96.7,1
155.7,104.5,1
160.9,155.6,1
161.0,101.9,1
161.1,97.3,1
161.2,95.6,1
161.3,110.4,1
166.4,95.1,1
166.5,97.6,1
166.6,98.2,1
166.7,112.1,1
166.8,95.2,1
171.9,101.8,1
172.0,95.2,1
172.1,96.7,1
172.2,104.0,1
172.3,107.1,1
177.4,99.5,1
177.5,95.9,1
177.6,99.2,1
177.7,95.7,1
177.8,95.4,1
182.9,96.0,1
183.0,95.3,1
183.1,95.1,1
183.2,105.0,1
183.3,105.1,1
188.4,109.4,1
188.5,96.0,1
188.6,101.0,1
188.7,104.5,1
188.8,98.3,1
193.9,97.9,1
194.0,97.5,1
194.1,103.6,1
194.3,138.0,1
194.4,104.0,1
199.5,124.3,1
199.6,114.9,1
199.7,96.5,1
199.8,95.8,1
199.9,125.5,1
205.0,95.0,1
205.1,95.1,1
205.2,96.2,1
205.3,96.4,1
205.4,102.4,1
210.5,95.9,1
210.7,142.8,1
210.8,95.4,1
210.8,93.3,1
210.9,94.8,1
216.1,114.2,1
216.2,94.0,1
216.2,95.1,1
216.3,93.1,1
216.4,106.3,1
221.5,96.1,1
221.7,101.8,1
221.7,93.8,1
221.8,95.4,1
221.9,94.8,1
227.1,123.6,1
227.2,96.6,1
227.3,116.0,1
227.4,96.5,1
227.5,98.4,1
232.6,136.2,1
232.7,114.6,1
232.8,95.3,1
232.9,98.1,1
233.1,156.7,1
238.2,114.2,1
238.3,108.3,1
238.4,96.8,1
238.5,95.7,1
238.6,125.3,1
243.7,97.4,1
243.8,102.6,1
243.9,96.2,1
244.0,95.5,1
244.1,110.1,1
249.2,96.6,1
249.3,96.5,1
249.4,119.1,1
249.5,95.1,1
249.6,105.3,1
254.8,103.9,1
254.9,105.1,1
255.0,94.9,1
255.1,102.6,1
255.1,95.3,1
260.3,109.1,1
260.4,108.4,1
260.5,121.4,1
260.6,98.5,1
260.7,109.9,1
265.8,99.3,1
265.9,94.2,1
266.0,91.9,1
266.1,94.4,1
266.2,95.0,1
271.3,120.0,1
271.4,97.2,1
271.5,135.5,1
271.7,126.0,1
271.8,97.1,1
276.9,136.0,1
277.0,105.8,1
277.1,132.4,1
277.3,148.6,1
277.4,152.6,1
282.6,112.7,1
282.7,104.2,1
282.8,96.0,1
282.9,133.5,1
283.0,101.1,1
288.1,113.1,1
288.2,115.3,1
288.4,153.9,1
288.5,132.1,1
288.6,128.9,1
293.7,100.0,1
293.9,110.9,1
294.0,105.3,1
294.1,110.7,1
294.2,96.7,1
299.3,103.5,1
299.4,96.4,1
299.5,94.7,1
299.6,96.1,1
299.7,101.4,1
304.8,105.6,1
304.9,105.1,1
305.0,121.1,1
305.1,132.0,1
305.3,131.7,1
310.4,97.2,1
310.5,127.0,1
310.6,99.2,1
310.7,97.6,1
310.8,95.3,1
315.9,97.6,1
316.0,101.5,1
316.1,106.6,1
316.2,113.3,1
316.3,128.7,1
321.5,124.2,1
321.6,119.1,1
321.7,118.3,1
321.8,126.2,1
321.9,116.9,1
327.1,119.7,1
327.2,95.6,1
327.3,95.7,1
327.4,116.7,1
327.5,123.7,1
332.6,128.7,1
332.7,116.6,1
332.9,123.4,1
333.0,110.6,1
333.1,96.6,1
338.2,115.1,1
338.3,103.8,1
338.4,103.8,1
338.5,94.6,1
338.6,145.0,1
343.8,108.0,1
343.9,128.1,1
344.0,94.4,1
344.1,96.1,1
344.2,106.1,1
349.3,138.4,1
349.4,96.4,1
349.5,105.4,1
349.6,100.0,1
349.7,95.3,1
354.8,95.1,1
354.9,94.2,1
355.0,95.7,1
355.1,106.4,1
355.2,112.4,1
360.3,113.7,1
360.5,143.2,1
360.6,127.4,1
360.8,145.6,1
360.9,100.1,1
366.0,128.1,1
366.1,95.7,1
366.2,137.7,1
366.3,96.8,1
366.4,97.9,1
371.5,111.9,1
371.7,134.3,1
371.8,147.7,1
371.9,111.6,1
372.0,97.4,1
377.2,128.3,1
377.3,97.0,1
377.4,101.2,1
377.5,123.1,1
377.6,136.4,1
382.7,114.6,1
382.8,96.2,1
382.9,96.4,1
383.0,104.3,1
383.1,108.6,1
388.2,94.9,1
388.3,95.3,1
388.4,96.0,1
388.5,104.4,1
388.6,97.9,1
393.7,94.6,1
393.8,102.0,1
393.9,95.6,1
394.0,111.3,1
394.1,95.9,1
399.2,97.8,1
399.3,99.8,1
399.4,97.7,1
399.6,155.7,1
399.7,99.4,1
404.8,111.2,1
404.9,109.3,1
405.0,111.6,1
405.1,97.2,1
405.2,105.2,1
410.4,132.4,1
410.5,127.9,1
410.6,101.2,1
410.7,127.9,1
410.8,108.1,1
416.0,147.1,1
416.1,144.9,1
416.3,128.4,1
416.4,103.8,1
416.5,132.8,1
421.6,144.5,1
421.8,128.3,1
422.0,193.2,1
422.1,150.2,1
422.2,111.3,1
427.3,97.1,1
427.5,147.1,1
427.6,149.4,1
427.7,97.7,1
427.9,126.7,1
433.0,102.1,1
433.1,96.6,1
433.2,118.2,1
433.3,95.0,1
433.4,96.1,1
438.5,98.0,1
438.6,148.7,1
438.7,131.1,1
438.8,98.2,1
439.0,118.0,1
444.1,123.4,1
444.2,132.0,1
444.3,112.3,1
444.4,100.1,1
444.6,130.9,1
449.7,100.7,1
449.8,97.8,1
449.9,121.2,1
450.0,149.0,1
450.2,120.3,1
455.3,120.2,1
455.4,141.3,1
455.6,149.8,1
455.7,151.1,1
455.9,141.4,1
461.0,138.3,1
461.2,142.5,1
461.3,138.8,1
461.4,113.7,1
461.6,150.5,1
466.7,163.1,1
466.9,147.7,1
467.0,140.2,1
467.2,144.4,1
467.3,136.3,1
472.4,110.4,1
472.5,97.1,1
472.6,100.5,1
472.7,140.7,1
472.8,94.8,1
477.9,99.8,1
478.1,133.5,1
478.2,97.0,1
478.3,96.9,1
478.4,95.8,1
483.5,134.7,1
483.6,138.0,1
483.8,151.9,1
483.9,103.4,1
484.0,124.0,1
489.2,134.4,1
489.3,141.8,1
489.4,139.9,1
489.6,106.9,1
489.7,130.6,1
494.8,97.6,1
494.9,96.8,1
495.0,102.1,1
495.1,95.8,1
495.2,137.6,1
500.4,130.2,1
500.5,139.0,1
500.6,130.1,1
500.7,123.4,1
500.9,133.0,1
506.0,112.7,1
506.1,137.4,1
506.3,137.0,1
506.4,119.1,1
506.5,121.7,1
511.6,117.2,1
511.8,135.0,1
511.9,143.6,1
512.1,146.8,1
512.2,146.7,1
517.3,95.9,1
517.4,144.9,1
517.6,102.5,1
517.7,135.7,1
517.8,98.4,1
522.9,131.5,1
523.1,128.6,1
523.2,149.5,1
523.3,129.5,1
523.4,112.2,1
528.6,123.5,1
528.7,145.1,1
528.9,137.1,1
528.9,96.1,1
529.1,112.9,1
534.2,104.3,1
534.3,98.7,1
534.4,131.7,1
534.5,117.8,1
534.6,117.1,1
539.7,99.6,1
539.9,114.9,1
540.0,117.3,1
540.1,121.2,1
540.2,110.7,1
545.3,138.7,1
545.5,140.0,1
545.6,106.9,1
545.7,147.6,1
545.8,107.7,1
551.0,109.1,1
551.1,110.0,1
551.2,138.0,1
551.3,126.9,1
551.5,156.3,1
556.6,140.3,1
556.8,121.8,1
556.9,117.8,1
557.0,123.8,1
557.1,138.4,1
562.3,109.0,1
562.3,93.8,1
562.4,96.7,1
562.6,135.3,1
562.7,106.7,1
567.8,98.9,1
567.9,97.0,1
568.0,107.9,1
568.1,140.7,1
568.2,96.1,1
573.3,97.0,1
573.4,97.3,1
573.5,98.9,1
573.6,120.1,1
573.8,110.2,1
578.9,122.9,1
579.0,106.3,1
579.1,98.3,1
579.2,149.9,1
579.3,94.0,1
584.5,125.5,1
584.6,102.5,1
584.7,120.1,1
584.8,106.6,1
584.9,96.5,1
590.0,152.0,1
590.2,132.4,1
590.3,133.0,1
590.5,145.6,1
590.6,149.7,1
595.8,143.8,1
595.9,167.9,1
596.1,176.3,1
596.3,198.9,1
596.5,191.9,1
601.6,140.1,1
601.8,163.2,1
602.0,179.5,1
602.1,151.1,1
602.3,137.6,1
607.4,101.3,1
607.5,150.8,1
607.7,138.1,1
607.8,128.5,1
607.9,138.8,1
613.1,152.6,1
613.2,158.9,1
613.4,151.1,1
613.5,152.6,1
613.7,125.9,1
618.8,137.5,1
618.9,121.5,1
619.1,148.6,1
619.2,98.5,1
619.3,130.0,1
624.5,146.4,1
624.6,136.9,1
624.7,102.4,1
624.8,139.9,1
625.0,134.9,1
630.1,114.3,1
630.2,99.9,1
630.3,134.5,1
630.5,115.4,1
630.6,145.0,1
635.7,148.4,1
635.9,144.1,1
636.0,151.9,1
636.2,110.8,1
636.3,136.8,1
641.5,157.5,1
641.6,140.9,1
641.8,190.8,1
641.9,144.6,1
642.1,172.5,1
647.2,140.8,1
647.4,131.6,1
647.5,151.2,1
647.7,123.1,1
647.8,164.6,1
653.0,126.6,1
653.1,130.6,1
653.2,162.3,1
653.4,121.0,1
653.5,149.5,1
658.7,134.8,1
658.8,129.3,1
658.9,121.7,1
659.0,129.8,1
659.1,107.8,1
664.2,96.3,1
664.4,110.2,1
664.5,123.3,1
664.6,124.8,1
664.7,132.8,1
669.8,96.5,1
670.0,126.5,1
670.1,125.2,1
670.2,96.3,1
670.3,123.3,1
675.5,211.4,1
675.7,169.3,1
675.8,147.3,1
676.0,137.1,1
676.1,133.1,1
681.2,123.1,1
681.4,146.6,1
681.5,139.9,1
681.7,148.0,1
681.8,150.0,1
686.9,121.9,1
687.1,149.8,1
687.3,155.6,1
687.4,135.6,1
687.5,141.2,1
692.7,146.9,1
692.8,150.7,1
693.0,149.5,1
693.1,135.4,1
693.3,138.6,1
698.4,103.0,1
698.5,122.0,1
698.6,137.1,1
698.7,98.5,1
698.9,126.0,1
704.0,105.8,1
704.1,127.8,1
704.2,117.1,1
704.4,148.2,1
704.5,121.6,1
709.6,113.0,1
709.7,138.1,1
709.8,106.3,1
710.0,141.5,1
710.1,96.9,1
715.2,101.9,1
715.3,132.6,1
715.4,117.6,1
715.5,100.9,1
715.7,126.1,1
720.8,100.0,1
720.9,154.6,1
721.1,136.9,1
721.2,137.6,1
721.3,138.3,1
726.5,136.9,1
726.6,146.1,1
726.8,169.9,1
726.9,157.3,1
727.1,156.2,1
732.2,137.8,1
732.4,137.5,1
732.5,147.8,1
732.7,150.3,1
732.8,136.9,1
738.0,142.8,1
738.1,140.9,1
738.2,135.2,1
738.4,151.6,1
738.5,148.0,1
743.7,129.7,1
743.8,145.8,1
744.0,143.8,1
744.1,158.4,1
744.3,134.3,1
749.4,148.8,1
749.6,140.4,1
749.7,108.0,1
749.8,108.0,1
749.9,107.9,1
755.0,98.7,1
755.1,119.0,1
755.2,119.4,1
755.4,151.8,1
755.5,140.5,1
760.7,133.8,1
760.8,150.1,1
760.9,118.0,1
761.1,136.5,1
761.2,123.7,1
766.3,136.5,1
766.5,134.5,1
766.6,128.5,1
766.8,167.9,1
766.9,143.1,1
772.0,138.0,1
772.2,140.1,1
772.3,152.9,1
772.5,142.8,1
772.6,142.9,1
777.8,139.0,1
777.9,150.1,1
778.0,129.2,1
778.2,130.7,1
778.3,129.2,1
783.4,135.8,1
783.6,134.5,1
783.7,156.9,1
783.9,137.4,1
784.0,172.5,1
789.2,149.7,1
789.3,110.8,1
789.4,99.3,1
789.5,116.4,1
789.6,116.9,1
794.8,135.3,1
794.9,102.5,1
795.0,105.1,1
795.1,100.9,1
795.2,133.3,1
800.4,146.1,1
800.5,113.1,1
800.6,122.2,1
800.7,132.1,1
800.9,137.4,1
806.0,106.4,1
806.1,125.1,1
806.2,124.8,1
806.4,135.5,1
806.5,146.5,1
811.7,155.1,1
811.8,143.5,1
812.0,148.9,1
812.1,151.9,1
812.3,144.7,1
817.4,141.3,1
817.6,140.4,1
817.7,131.8,1
817.8,132.2,1
818.0,158.8,1
823.1,149.0,1
823.3,140.1,1
823.4,146.8,1
823.6,145.0,1
823.7,158.9,1
828.9,142.7,1
829.0,140.4,1
829.2,138.2,1
829.3,144.9,1
829.4,113.1,1
834.5,102.5,1
834.7,149.8,1
834.8,128.8,1
834.9,140.3,1
835.1,142.7,1
840.2,110.2,1
840.3,112.3,1
840.4,136.3,1
840.6,130.7,1
840.7,143.5,1
845.9,127.7,1
846.0,141.6,1
846.1,106.8,1
846.2,102.3,1
846.3,134.2,1
851.5,125.1,1
851.6,101.5,1
851.7,141.5,1
851.8,123.3,1
852.0,129.0,1
857.1,177.3,1
857.3,156.6,1
857.5,159.0,1
857.6,174.8,1
857.8,144.6,1
862.9,101.6,1
863.0,127.5,1
863.2,143.6,1
863.3,136.5,1
863.4,144.0,1
868.6,145.5,1
868.7,135.8,1
868.9,162.3,1
869.0,152.1,1
869.2,146.2,1
874.3,151.3,1
874.5,157.7,1
874.7,209.2,1
874.9,163.2,1
875.1,218.0,1
880.2,120.7,1
880.4,151.3,1
880.5,95.8,1
880.6,114.4,1
880.7,104.1,1
885.8,133.0,1
885.9,131.0,1
886.1,127.9,1
886.2,131.4,1
886.3,100.1,1
891.4,136.8,1
891.6,174.6,1
891.8,149.4,1
891.9,142.3,1
892.1,143.7,1
897.2,128.1,1
897.3,119.0,1
897.4,134.0,1
897.6,144.4,1
897.7,136.6,1
902.9,139.7,1
903.0,144.1,1
903.2,145.2,1
903.3,134.7,1
903.4,139.7,1
908.5,101.1,1
908.7,150.8,1
908.8,151.4,1
909.1,209.5,1
909.2,134.7,1
914.3,147.7,1
914.5,150.9,1
914.6,160.6,1
914.8,148.9,1
914.9,146.2,1
920.1,127.6,1
920.2,146.6,1
920.4,148.8,1
920.5,165.8,1
920.7,165.4,1
925.9,144.6,1
925.9,96.5,1
926.1,123.1,1
926.2,105.5,1
926.3,109.3,1
931.4,140.6,1
931.6,130.4,1
931.7,133.0,1
931.8,140.2,1
932.0,150.2,1
937.1,124.0,1
937.2,102.0,1
937.3,118.6,1
937.5,133.9,1
937.6,142.6,1
942.8,152.9,1
942.9,112.2,1
943.0,113.4,1
943.1,143.8,1
943.3,144.8,1
948.4,152.5,1
948.6,151.7,1
948.8,157.8,1
948.9,147.6,1
949.0,147.0,1
954.2,155.1,1
954.4,158.1,1
954.5,154.4,1
954.7,152.7,1
954.8,146.8,1
960.0,141.6,1
960.1,140.4,1
960.2,143.4,1
960.4,175.8,1
960.6,162.8,1
965.7,120.3,1
965.8,125.2,1
966.0,147.3,1
966.1,144.3,1
966.3,154.2,1
971.4,126.5,1
971.5,122.9,1
971.7,124.8,1
971.8,104.5,1
971.9,101.1,1
977.0,140.5,1
977.1,135.3,1
977.2,102.1,1
977.3,99.9,1
977.5,144.9,1
982.6,125.0,1
982.7,119.4,1
982.9,123.0,1
983.0,147.7,1
983.1,133.2,1
988.3,103.8,1
988.4,126.5,1
988.5,120.2,1
988.7,160.8,1
988.8,135.1,1
993.9,142.8,1
994.1,142.6,1
994.2,143.0,1
994.4,144.7,1
994.5,145.4,1
999.7,139.9,1
999.8,133.4,1
1000.0,160.1,1
1000.1,158.6,1
1000.3,189.0,1
1005.5,180.4,1
1005.7,172.7,1
1005.9,232.9,1
1006.1,219.8,1
1006.3,169.3,1
1011.5,153.2,1
1011.6,153.4,1
1011.8,153.7,1
1011.9,131.6,1
1012.0,151.8,1
1017.2,133.7,1
1017.3,145.7,1
1017.5,125.4,1
1017.6,137.7,1
1017.7,125.0,1
1022.9,139.1,1
1023.0,128.4,1
1023.1,95.8,1
1023.2,106.2,1
1023.3,119.1,1
1028.5,150.6,1
1028.6,158.5,1
1028.8,148.9,1
1028.9,122.5,1
1029.0,138.8,1
1034.1,96.9,1
1034.2,107.2,1
1034.4,138.8,1
1034.5,147.9,1
1034.6,123.7,1
1039.8,118.0,1
1039.9,142.6,1
1040.1,149.6,1
1040.2,140.5,1
1040.3,142.2,1
1045.5,139.5,1
1045.7,158.3,1
1045.8,147.2,1
1045.9,133.6,1
1046.1,124.7,1
1051.2,141.9,1
1051.3,135.9,1
1051.5,154.2,1
1051.6,108.0,1
1051.7,145.6,1
1056.9,153.9,1
1057.1,146.7,1
1057.2,141.7,1
1057.3,104.7,1
1057.4,117.9,1
1062.5,108.9,1
1062.7,154.1,1
1062.8,115.7,1
1062.9,142.9,1
1063.1,128.6,1
1068.2,129.1,1
1068.3,97.9,1
1068.4,122.6,1
1068.6,143.3,1
1068.7,118.8,1
1073.8,111.6,1
1074.0,146.0,1
1074.1,115.9,1
1074.2,133.0,1
1074.3,114.0,1
1079.4,133.0,1
1079.6,132.2,1
1079.7,144.2,1
1079.9,152.0,1
1080.0,104.2,1
1085.1,146.2,1
1085.3,124.8,1
1085.4,119.2,1
1085.5,130.4,1
1085.7,145.6,1
1090.8,146.6,1
1090.9,144.4,1
1091.1,142.9,1
1091.2,122.3,1
1091.4,146.3,1
1096.5,125.8,1
1096.6,124.7,1
1096.7,125.1,1
1096.9,133.3,1
1097.0,122.1,1
1102.1,136.4,1
1102.3,149.7,1
1102.4,131.9,1
1102.6,145.8,1
1102.7,141.4,1
1107.8,132.2,1
1108.0,107.6,1
1108.1,100.6,1
1108.2,142.7,1
1108.3,131.3,1
1113.4,101.6,1
1113.5,107.1,1
1113.7,139.1,1
1113.8,119.9,1
1114.0,151.8,1
1119.1,139.3,1
1119.2,126.6,1
1119.4,146.5,1
1119.5,149.6,1
1119.7,147.3,1
1124.8,137.1,1
1124.9,109.0,1
1125.0,125.2,1
1125.2,130.3,1
1125.3,149.2,1
1130.5,144.6,1
1130.6,141.9,1
1130.8,150.7,1
1130.9,146.5,1
1131.0,130.3,1
1136.2,157.5,1
1136.4,156.7,1
1136.5,157.3,1
1136.7,159.5,1
1136.9,193.6,1
1142.0,138.8,1
1142.2,140.9,1
1142.3,149.9,1
1142.5,157.7,1
1142.6,147.7,1
1147.7,123.3,1
1147.8,97.8,1
1147.9,111.8,1
1148.1,145.0,1
1148.2,113.3,1
1153.3,141.0,1
1153.5,118.7,1
1153.6,145.7,1
1153.7,131.9,1
1153.9,128.5,1
1159.0,130.4,1
1159.1,106.0,1
1159.2,117.8,1
1159.4,130.5,1
1159.5,102.0,1
1164.6,98.7,1
1164.7,140.0,1
1164.8,98.6,1
1164.9,127.9,1
1165.1,145.4,1
1170.2,98.7,1
1170.3,133.0,1
1170.5,182.3,1
1170.6,146.2,1
1170.8,149.3,1
1175.9,140.0,1
1176.1,158.3,1
1176.2,146.9,1
1176.4,155.0,1
1176.5,145.4,1
1181.7,145.4,1
1181.8,135.4,1
1181.9,118.1,1
1182.1,138.2,1
1182.2,135.9,1
1187.4,137.5,1
1187.5,150.9,1
1187.7,142.1,1
1187.8,143.8,1
1188.0,157.0,1
1193.1,139.7,1
1193.2,120.3,1
1193.3,114.3,1
1193.4,102.0,1
1193.6,124.0,1
1198.7,129.2,1
1198.8,126.7,1
1198.9,126.5,1
1199.1,144.9,1
1199.2,123.7,1
1204.3,113.3,1
1204.5,145.0,1
1204.6,137.8,1
1204.8,140.2,1
1204.9,97.5,1
1210.0,114.1,1
1210.1,135.0,1
1210.3,161.1,1
1210.4,103.9,1
1210.5,147.7,1
1215.7,150.6,1
1215.8,127.1,1
1215.9,145.6,1
1216.1,136.5,1
1216.2,132.3,1
1221.4,144.3,1
1221.5,141.2,1
1221.6,135.4,1
1221.8,139.7,1
1221.9,151.3,1
1227.1,118.6,1
1227.2,121.8,1
1227.3,133.1,1
1227.5,174.4,1
1227.6,131.0,1
1232.7,102.2,1
1232.8,128.1,1
1233.0,146.4,1
1233.1,149.9,1
1233.3,145.5,1
1238.4,125.5,1
1238.6,135.5,1
1238.7,150.8,1
1238.8,126.7,1
1238.9,97.4,1
1244.1,126.1,1
1244.2,139.7,1
1244.3,102.2,1
1244.4,117.7,1
1244.6,140.0,1
1249.7,139.2,1
1249.8,127.1,1
1250.0,132.1,1
1250.1,142.6,1
1250.3,175.3,1
1255.4,117.5,1
1255.5,127.9,1
1255.7,146.6,1
1255.8,129.1,1
1255.9,95.5,1
1261.0,133.0,1
1261.2,137.9,1
1261.3,150.4,1
1261.5,154.2,1
1261.6,150.8,1
1266.8,159.0,1
1267.0,165.8,1
1267.1,151.3,1
1267.3,147.5,1
1267.4,170.4,1
1272.6,126.7,1
1272.7,145.1,1
1272.8,126.2,1
1273.0,149.8,1
1273.1,149.4,1
1278.3,134.1,1
1278.4,151.8,1
1278.6,151.2,1
1278.7,156.7,1
1278.9,153.3,1
1284.0,150.7,1
1284.2,123.6,1
1284.3,115.1,1
1284.4,115.3,1
1284.5,133.7,1
1289.7,146.8,1
1289.8,147.2,1
1290.0,140.5,1
1290.1,150.8,1
1290.2,97.8,1
1295.3,112.4,1
1295.5,132.0,1
1295.6,156.6,1
1295.8,142.1,1
1295.9,150.4,1
1301.1,129.9,1
1301.2,126.3,1
1301.3,151.0,1
1301.4,98.0,1
1301.6,156.5,1
1306.7,132.8,1
1306.9,137.3,1
1307.0,150.4,1
1307.2,148.1,1
1307.3,149.5,1
1312.4,121.6,1
1312.6,150.9,1
1312.7,143.2,1
1312.9,139.5,1
1313.0,141.8,1
1318.2,138.6,1
1318.3,140.8,1
1318.4,153.8,1
1318.6,158.6,1
1318.8,152.8,1
1323.9,143.2,1
1324.1,149.2,1
1324.2,145.5,1
1324.3,136.1,1
1324.5,150.8,1
1329.6,112.2,1
1329.8,147.3,1
1329.9,121.6,1
1330.0,137.7,1
1330.1,98.1,1
1335.2,120.0,1
1335.4,131.6,1
1335.5,138.3,1
1335.6,127.0,1
1335.8,134.0,1
1340.9,109.6,1
1341.0,146.4,1
1341.2,133.3,1
1341.3,131.2,1
1341.4,98.9,1
1346.5,117.4,1
1346.6,135.7,1
1346.8,128.7,1
1346.9,99.0,1
1347.0,124.7,1
1352.1,135.1,1
1352.3,149.8,1
1352.4,154.0,1
1352.6,136.1,1
1352.7,142.3,1
1357.9,132.3,1
1358.0,138.5,1
1358.2,156.6,1
1358.3,149.1,1
1358.5,152.8,1
1363.6,121.5,1
1363.7,159.0,1
1363.9,162.4,1
1364.0,139.2,1
1364.2,139.9,1
1369.3,118.9,1
1369.5,154.5,1
1369.6,156.9,1
1369.8,146.2,1
1369.9,147.1,1
1375.0,131.9,1
1375.2,136.0,1
1375.3,97.2,1
1375.4,119.1,1
1375.5,134.5,1
1380.7,143.4,1
1380.8,152.1,1
1381.0,145.4,1
1381.1,145.4,1
1381.3,147.9,1
1386.4,118.2,1
1386.5,146.2,1
1386.7,123.8,1
1386.8,99.2,1
1386.9,113.2,1
1392.0,133.4,1
1392.1,99.7,1
1392.2,120.8,1
1392.4,135.0,1
1392.5,131.3,1
1397.7,177.6,1
1397.8,152.9,1
1398.0,169.2,1
1398.2,149.6,1
1398.3,179.0,1
1403.5,117.5,1
1403.6,148.1,1
1403.8,154.8,1
1403.9,139.7,1
1404.0,140.0,1
1409.2,146.8,1
1409.3,145.0,1
1409.5,120.0,1
1409.6,134.6,1
1409.7,145.7,1
1414.9,157.5,1
1415.1,162.8,1
1415.2,155.3,1
1415.4,165.6,1
1415.5,164.1,1
1420.7,123.5,1
1420.8,136.4,1
1420.9,101.9,1
1421.1,144.4,1
1421.2,147.1,1
1426.3,98.2,1
1426.4,122.9,1
1426.6,135.1,1
1426.7,113.7,1
1426.8,134.1,1
1431.9,116.6,1
1432.1,142.1,1
1432.2,125.0,1
1432.4,149.8,1
1432.5,125.0,1
1437.6,100.7,1
1437.7,139.8,1
1437.8,101.7,1
1437.9,108.4,1
1438.0,103.5,1
1443.2,144.8,1
1443.3,137.8,1
1443.5,142.7,1
1443.6,136.6,1
1443.8,148.4,1
1449.0,195.3,1
1449.1,139.8,1
1449.2,147.1,1
1449.4,145.7,1
1449.5,150.5,1
1454.7,146.3,1
1454.8,149.2,1
1455.0,168.3,1
1455.1,138.0,1
1455.3,143.9,1
1460.4,151.7,1
1460.6,146.9,1
1460.7,143.2,1
1460.9,141.8,1
1461.0,154.3,1
1466.2,124.3,1
1466.3,149.4,1
1466.4,96.4,1
1466.5,129.1,1
1466.7,116.2,1
1471.8,138.0,1
1471.9,131.5,1
1472.1,143.8,1
1472.2,96.5,1
1472.3,141.9,1
1477.4,106.9,1
1477.6,140.0,1
1477.7,139.6,1
1477.8,110.0,1
1477.9,120.7,1
1483.1,148.5,1
1483.2,132.8,1
1483.3,98.0,1
1483.4,132.5,1
1483.6,110.8,1
1488.7,132.7,1
1488.8,116.9,1
1488.9,130.7,1
1489.1,159.6,1
1489.2,149.3,1
1494.4,151.9,1
1494.5,129.3,1
1494.7,128.0,1
1494.8,132.7,1
1494.9,147.5,1
1500.1,128.6,1
1500.2,139.8,1
1500.4,141.6,1
1500.5,137.9,1
1500.6,127.9,1
1505.8,128.9,1
1505.9,144.4,1
1506.1,154.9,1
1506.2,139.2,1
1506.3,139.8,1
1511.5,148.4,1
1511.6,142.4,1
1511.8,147.7,1
1511.9,146.1,1
1512.1,126.6,1
1517.2,125.8,1
1517.3,143.4,1
1517.5,126.2,1
1517.6,106.8,1
1517.8,215.8,1
1522.9,96.8,1
1523.0,99.9,1
1523.1,143.8,1
1523.3,134.9,1
1523.4,148.3,1
1528.6,152.3,1
1528.7,152.8,1
1528.9,193.3,1
1529.1,150.0,1
1529.2,143.0,1
1534.4,153.1,1
1534.5,140.8,1
1534.7,160.6,1
1534.8,147.0,1
1535.0,157.3,1
1540.1,138.9,1
1540.2,134.0,1
1540.4,133.0,1
1540.5,132.6,1
1540.7,163.8,1
1545.8,132.2,1
1546.0,151.6,1
1546.1,143.0,1
1546.3,149.6,1
1546.4,148.9,1
1551.6,153.4,1
1551.7,144.6,1
1551.8,144.7,1
1552.0,145.5,1
1552.1,136.0,1
1557.3,147.9,1
1557.4,129.9,1
1557.5,132.7,1
1557.7,138.8,1
1557.8,148.4,1
1562.9,110.4,1
1563.1,127.9,1
1563.2,99.5,1
1563.4,179.9,1
1563.5,139.9,1
1568.6,132.9,1
1568.8,128.0,1
1568.9,130.7,1
1569.0,129.3,1
1569.2,146.4,1
1574.3,125.2,1
1574.4,105.7,1
1574.5,144.7,1
1574.7,116.5,1
1574.8,144.5,1
1580.0,153.5,1
1580.1,149.2,1
1580.3,143.7,1
1580.4,148.9,1
1580.6,161.5,1
1585.7,154.9,1
1585.9,158.6,1
1586.0,151.5,1
1586.2,138.6,1
1586.3,138.7,1
1591.5,134.5,1
1591.6,150.5,1
1591.8,144.2,1
1591.9,141.9,1
1592.0,137.4,1
1597.2,137.3,1
1597.3,130.2,1
1597.4,103.4,1
1597.6,146.8,1
1597.7,116.6,1
1602.8,136.7,1
1602.9,98.7,1
1603.0,115.4,1
1603.2,148.9,1
1603.3,156.9,1
1608.5,130.3,1
1608.6,123.1,1
1608.7,137.0,1
1608.9,152.4,1
1609.0,149.3,1
1614.2,129.8,1
1614.3,123.9,1
1614.4,129.2,1
1614.5,121.3,1
1614.7,145.2,1
1619.8,146.0,1
1620.0,141.0,1
1620.1,136.3,1
1620.2,121.8,1
1620.4,132.0,1
1625.5,152.2,1
1625.7,150.1,1
1625.8,159.0,1
1626.0,147.8,1
1626.1,156.3,1
1631.3,129.7,1
1631.4,138.6,1
1631.6,162.9,1
1631.7,142.4,1
1631.8,136.6,1
1637.0,135.1,1
1637.1,136.2,1
1637.3,131.3,1
1637.4,154.6,1
1637.6,155.2,1
1642.7,155.2,1
1642.8,121.5,1
1643.0,147.1,1
1643.1,147.5,1
1643.3,151.2,1
1648.4,132.7,1
1648.5,101.4,1
1648.7,130.5,1
1648.8,125.4,1
1648.9,111.3,1
1654.0,96.3,1
1654.1,136.3,1
1654.3,118.5,1
1654.4,114.5,1
1654.5,130.4,1
1659.6,144.2,1
1659.8,138.9,1
1659.9,147.0,1
1660.1,134.3,1
1660.2,124.1,1
1665.3,124.2,1
1665.5,150.3,1
1665.6,137.1,1
1665.8,146.3,1
1665.9,143.5,1
1671.0,144.9,1
1671.2,160.2,1
1671.3,122.1,1
1671.5,151.0,1
1671.6,155.4,1
1676.8,137.2,1
1676.9,147.6,1
1677.1,150.1,1
1677.2,142.6,1
1677.3,126.2,1
1682.5,145.1,1
1682.6,140.6,1
1682.8,125.8,1
1682.9,127.3,1
1683.0,147.6,1
1688.2,152.3,1
1688.3,141.5,1
1688.5,141.9,1
1688.6,141.7,1
1688.7,102.8,1
1693.8,113.3,1
1694.0,125.0,1
1694.1,122.0,1
1694.2,139.3,1
1694.3,111.8,1
1699.5,167.7,1
1699.6,141.8,1
1699.8,146.9,1
1699.9,111.4,1
1700.0,127.5,1
1705.2,142.5,1
1705.3,138.5,1
1705.5,139.7,1
1705.6,147.5,1
1705.7,128.8,1
1710.9,136.9,1
1711.0,146.2,1
1711.2,148.1,1
1711.3,147.3,1
1711.5,144.5,1
1716.6,144.7,1
1716.7,134.7,1
1716.9,105.6,1
1717.0,152.6,1
1717.2,144.8,1
1722.3,142.3,1
1722.5,151.3,1
1722.6,144.5,1
1722.7,133.8,1
1722.9,135.3,1
1728.0,149.6,1
1728.1,127.7,1
1728.3,144.1,1
1728.4,145.1,1
1728.6,145.0,1
1733.7,125.3,1
1733.8,133.9,1
1734.0,120.1,1
1734.1,132.5,1
1734.2,114.1,1
1739.3,121.5,1
1739.5,131.2,1
1739.6,130.7,1
1739.7,102.2,1
1739.8,119.4,1
1744.9,124.8,1
1745.1,113.4,1
1745.2,137.5,1
1745.3,148.2,1
1745.5,174.1,1
1750.7,137.4,1
1750.8,101.4,1
1750.9,130.4,1
1751.0,138.1,1
1751.1,99.7,1
1756.3,119.7,1
1756.4,114.2,1
1756.5,150.8,1
1756.7,144.7,1
1756.9,218.5,1
1762.0,152.9,1
1762.2,125.7,1
1762.3,142.6,1
1762.5,137.8,1
1762.6,152.0,1
1767.7,131.2,1
1767.9,146.1,1
1768.0,137.2,1
1768.2,131.6,1
1768.3,139.4,1
1773.5,171.9,1
1773.6,161.9,1
1773.8,190.9,1
1774.0,154.6,1
1774.2,183.9,1
1779.3,113.4,1
1779.4,137.9,1
1779.5,129.1,1
1779.7,138.1,1
1779.8,130.8,1
1785.0,136.3,1
1785.1,97.8,1
1785.2,107.8,1
1785.3,127.0,1
1785.4,128.9,1
1790.6,130.8,1
1790.7,132.9,1
1790.8,156.8,1
1791.0,147.6,1
1791.1,96.6,1
1796.2,135.8,1
1796.4,140.0,1
1796.5,99.8,1
1796.6,158.7,1
1796.8,138.0,1
1801.9,132.4,1
1802.1,150.6,1
1802.2,134.9,1
1802.3,102.9,1
1802.4,149.5,1
1807.6,138.8,1
1807.7,137.2,1
1807.9,130.6,1
1808.0,153.7,1
1808.1,138.0,1
1813.3,150.2,1
1813.4,142.4,1
1813.6,146.5,1
1813.7,154.8,1
1813.9,146.3,1
1819.0,143.5,1
1819.2,136.1,1
1819.3,136.5,1
1819.5,151.9,1
1819.6,144.5,1
1824.8,143.4,1
1824.9,139.7,1
1825.0,99.4,1
1825.1,138.3,1
1825.3,120.5,1
1830.4,146.5,1
1830.6,152.3,1
1830.7,149.1,1
1830.9,149.9,1
1831.0,120.8,1
1836.1,126.7,1
1836.3,138.3,1
1836.4,177.2,1
1836.6,130.0,1
1836.7,122.3,1
1841.8,113.4,1
1841.9,123.5,1
1842.0,99.0,1
1842.2,135.2,1
1842.3,148.6,1
1847.5,157.8,1
1847.6,148.8,1
1847.8,143.4,1
1847.9,147.3,1
1848.0,140.3,1
1853.2,137.1,1
1853.3,140.9,1
1853.5,159.2,1
1853.6,128.4,1
1853.8,140.7,1
1858.9,178.7,1
1859.1,133.6,1
1859.2,111.7,1
1859.3,141.8,1
1859.5,145.3,1
1864.6,162.7,1
1864.8,144.6,1
1864.9,142.7,1
1865.1,140.6,1
1865.2,152.5,1
1870.4,140.8,1
1870.5,135.2,1
1870.6,140.7,1
1870.8,130.7,1
1870.9,130.3,1
1876.0,104.9,1
1876.1,101.9,1
1876.2,134.3,1
1876.4,106.3,1
1876.5,148.5,1
1881.6,131.3,1
1881.7,95.3,1
1881.8,96.0,1
1882.0,140.1,1
1882.1,113.9,1
1887.2,148.0,1
1887.4,117.9,1
1887.5,130.9,1
1887.6,154.6,1
1887.8,142.1,1
1892.9,145.2,1
1893.1,141.5,1
1893.2,157.4,1
1893.4,144.9,1
1893.5,137.6,1
1898.7,141.4,1
1898.8,134.4,1
1898.9,150.1,1
1899.1,132.5,1
1899.2,143.1,1
1904.4,169.0,1
1904.6,168.9,1
1904.7,159.1,1
1904.9,208.3,1
1905.1,156.4,1
1910.2,126.9,1
1910.3,126.3,1
1910.5,145.9,1
1910.6,140.4,1
1910.8,151.1,1
1915.9,96.3,1
1916.0,111.9,1
1916.1,125.6,1
1916.2,123.0,1
1916.4,148.3,1
1921.5,146.5,1
1921.7,140.2,1
1921.8,123.9,1
1921.9,99.4,1
1922.0,120.8,1
1927.1,99.2,1
1927.3,127.1,1
1927.4,127.5,1
1927.5,140.8,1
1927.6,119.2,1
1932.8,117.0,1
1932.9,131.6,1
1933.0,117.9,1
1933.2,151.7,1
1933.3,127.9,1
1938.5,150.3,1
1938.6,132.4,1
1938.7,140.9,1
1938.9,154.9,1
1939.0,111.7,1
1944.1,147.8,1
1944.3,146.5,1
1944.4,156.1,1
1944.6,148.4,1
1944.8,166.3,1
1949.9,151.5,1
1950.1,135.5,1
1950.2,145.2,1
1950.3,136.2,1
1950.5,158.0,1
1955.7,151.6,1
1955.8,167.0,1
1956.0,146.5,1
1956.1,160.2,1
1956.3,146.9,1
1961.4,123.8,1
1961.5,130.5,1
1961.6,110.0,1
1961.8,148.3,1
1961.9,132.7,1
1967.1,140.0,1
1967.2,136.2,1
1967.4,150.0,1
1967.5,100.4,1
1967.6,174.9,1
1972.7,114.3,1
1972.9,114.5,1
1973.0,139.5,1
1973.2,150.5,1
1973.3,100.6,1
1978.4,131.7,1
1978.5,124.6,1
1978.6,121.5,1
1978.8,152.1,1
1978.9,131.4,1
1984.1,137.4,1
1984.2,147.3,1
1984.3,138.4,1
1984.5,150.3,1
1984.6,131.3,1
1989.8,199.7,1
1990.0,152.0,1
1990.1,140.4,1
1990.3,128.7,1
1990.4,149.5,1
1995.5,130.1,1
1995.7,145.4,1
1995.8,141.9,1
1996.0,147.1,1
1996.1,144.0,1
2001.3,137.1,1
2001.4,129.4,1
2001.5,139.9,1
2001.7,140.3,1
2001.8,136.3,1
2006.9,103.3,1
2007.0,126.8,1
2007.1,101.6,1
2007.3,161.7,1
2007.4,97.8,1
2012.6,149.5,1
2012.7,145.1,1
2012.8,127.4,1
2013.0,144.2,1
2013.1,127.7,1
2018.3,148.6,1
2018.4,115.2,1
2018.5,125.8,1
2018.6,137.1,1
2018.8,160.1,1
2023.9,145.4,1
2024.1,129.8,1
2024.2,138.9,1
2024.3,134.1,1
2024.5,125.5,1
2029.6,137.1,1
2029.7,134.8,1
2029.9,134.5,1
2030.0,145.5,1
2030.2,132.0,1
2035.3,152.5,1
2035.5,178.2,1
2035.7,177.3,1
2035.9,180.6,1
2036.0,159.9,1
2041.1,121.1,1
2041.3,137.7,1
2041.4,136.3,1
2041.5,137.2,1
2041.7,156.7,1
2046.8,110.6,1
2047.0,157.0,1
2047.1,149.6,1
2047.3,124.6,1
2047.4,128.3,1
2052.5,122.8,1
2052.7,152.8,1
2052.8,110.7,1
2052.9,107.2,1
2053.0,101.7,1
2058.1,119.3,1
2058.2,129.8,1
2058.3,96.3,1
2058.4,103.8,1
2058.6,131.4,1
2063.7,136.7,1
2063.8,126.1,1
2064.0,131.8,1
2064.1,133.4,1
2064.2,132.1,1
2069.4,137.6,1
2069.5,143.1,1
2069.7,139.0,1
2069.8,109.0,1
2069.9,125.5,1
2075.0,120.4,1
2075.2,150.7,1
2075.3,148.3,1
2075.5,150.8,1
2075.6,153.8,1
2080.8,152.5,1
2080.9,167.6,1
2081.1,154.1,1
2081.3,155.7,1
2081.4,146.2,1
2086.5,113.1,1
2086.6,125.5,1
2086.8,158.1,1
2086.9,150.0,1
2087.1,141.2,1
2092.2,152.3,1
2092.4,119.9,1
2092.5,126.8,1
2092.6,99.5,1
2092.7,103.5,1
2097.8,98.0,1
2097.9,111.7,1
2098.1,142.2,1
2098.2,144.9,1
2098.3,117.0,1
2103.5,134.3,1
2103.6,124.3,1
2103.7,144.6,1
2103.9,133.1,1
2104.0,105.7,1
2109.1,139.3,1
2109.2,105.8,1
2109.4,144.9,1
2109.5,125.9,1
2109.6,114.3,1
2114.7,127.3,1
2114.9,148.4,1
2115.0,129.0,1
2115.2,149.0,1
2115.3,102.4,1
2120.4,141.4,1
2120.6,146.2,1
2120.7,170.7,1
2120.9,145.6,1
2121.0,156.0,1
2126.2,146.6,1
2126.3,138.2,1
2126.5,144.6,1
2126.6,164.1,1
2126.8,140.2,1
2131.9,145.3,1
2132.1,149.5,1
2132.2,134.9,1
2132.3,141.5,1
2132.4,107.7,1
2137.6,113.2,1
2137.7,125.4,1
2137.8,115.2,1
2138.0,156.2,1
2138.1,127.9,1
2143.2,141.6,1
2143.3,108.7,1
2143.5,144.6,1
2143.6,132.3,1
2143.7,129.4,1
2148.9,147.6,1
2149.0,111.1,1
2149.1,109.3,1
2149.2,103.0,1
2149.4,138.2,1
2154.5,147.8,1
2154.6,128.2,1
2154.8,125.3,1
2154.9,148.7,1
2155.0,99.9,1
2160.2,145.3,1
2160.3,153.7,1
2160.5,139.9,1
2160.6,144.0,1
2160.8,166.1,1
2165.9,146.6,1
2166.1,146.5,1
2166.3,201.9,1
2166.4,162.5,1
2166.6,177.2,1
2171.8,164.3,1
2171.9,136.1,1
2172.1,135.5,1
2172.2,144.9,1
2172.3,126.7,1
2177.5,124.7,1
2177.6,144.6,1
2177.7,148.9,1
2177.9,159.1,1
2178.1,153.5,1
2183.2,142.8,1
2183.3,144.7,1
2183.5,107.3,1
2183.6,132.1,1
2183.7,140.4,1
2188.9,138.9,1
2189.0,145.2,1
2189.2,139.8,1
2189.3,140.4,1
2189.4,101.5,1
2194.5,133.1,1
2194.7,127.6,1
2194.8,115.2,1
2194.9,99.7,1
2195.0,104.0,1
2200.1,138.4,1
2200.2,100.5,1
2200.4,157.4,1
2200.5,124.3,1
2200.6,115.9,1
2205.8,159.0,1
2205.9,126.8,1
2206.0,125.6,1
2206.2,133.8,1
2206.3,142.5,1
2211.5,153.8,1
2211.6,133.7,1
2211.7,129.3,1
2211.9,145.7,1
2212.0,129.8,1
2217.2,148.8,1
2217.3,137.6,1
2217.5,148.7,1
2217.6,134.6,1
2217.7,122.4,1
2222.9,144.5,1
2223.0,130.5,1
2223.1,134.3,1
2223.3,142.5,1
2223.4,145.1,1
2228.5,122.1,1
2228.7,136.9,1
2228.8,109.6,1
2228.9,102.2,1
2229.0,128.0,1
2234.1,119.0,1
2234.3,151.3,1
2234.4,106.7,1
2234.5,124.5,1
2234.6,111.4,1
2239.8,117.5,1
2239.9,124.5,1
2240.0,106.6,1
2240.1,127.1,1
2240.3,143.7,1
2245.4,142.5,1
2245.5,131.0,1
2245.7,140.5,1
2245.8,98.5,1
2245.9,121.0,1
2251.0,142.5,1
2251.1,113.8,1
2251.3,149.3,1
2251.4,148.8,1
2251.6,125.4,1
2256.7,128.3,1
2256.8,113.9,1
2257.0,154.2,1
2257.1,148.8,1
2257.3,132.6,1
2262.4,140.9,1
2262.5,146.6,1
2262.7,154.6,1
2262.8,138.3,1
2263.0,136.9,1
2268.1,143.8,1
2268.2,118.2,1
2268.4,133.5,1
2268.5,151.3,1
2268.7,140.9,1
2273.8,137.8,1
2274.0,143.2,1
2274.1,109.9,1
2274.2,116.9,1
2274.3,137.6,1
2279.4,112.6,1
2279.6,119.1,1
2279.7,150.8,1
2279.9,147.9,1
2280.0,143.9,1
2285.1,114.3,1
2285.2,130.7,1
2285.4,139.7,1
2285.5,122.5,1
2285.6,124.9,1
2290.8,111.1,1
2290.9,117.7,1
2291.0,120.7,1
2291.1,121.7,1
2291.2,122.3,1
2296.4,126.5,1
2296.5,153.5,1
2296.7,186.3,1
2296.9,151.8,1
2297.1,198.6,1
2302.2,170.4,1
2302.4,150.4,1
2302.5,150.8,1
2302.7,127.0,1
2302.8,150.3,1
2307.9,115.8,1
2308.1,137.2,1
2308.2,137.2,1
2308.3,124.7,1
2308.5,121.2,1
2313.6,152.3,1
2313.8,175.0,1
2314.0,169.4,1
2314.1,138.2,1
2314.2,157.9,1
2319.4,148.1,1
2319.5,109.5,1
2319.6,114.7,1
2319.8,131.1,1
2319.9,101.3,1
2325.0,119.2,1
2325.1,145.4,1
2325.3,147.7,1
2325.4,154.4,1
2325.6,148.1,1
2330.7,141.1,1
2330.8,124.5,1
2331.0,135.5,1
2331.1,128.6,1
2331.2,117.6,1
2336.3,111.6,1
2336.5,153.8,1
2336.6,110.3,1
2336.8,148.0,1
2336.9,151.8,1
2342.1,145.6,1
2342.2,134.7,1
2342.3,139.8,1
2342.5,135.9,1
2342.6,140.8,1
2347.8,154.3,1
2347.9,153.9,1
2348.1,153.0,1
2348.2,138.0,1
2348.3,126.7,1
2353.5,156.3,1
2353.6,147.7,1
2353.8,172.7,1
2354.0,158.6,1
2354.1,154.4,1
2359.3,155.3,1
2359.4,138.8,1
2359.6,146.3,1
2359.7,158.0,1
2359.9,139.6,1
2365.0,114.1,1
2365.1,98.4,1
2365.2,128.9,1
2365.3,122.6,1
2365.5,146.5,1
2370.6,130.4,1
2370.8,147.6,1
2370.9,123.4,1
2371.0,133.1,1
2371.1,97.5,1
2376.2,104.4,1
2376.4,135.0,1
2376.5,151.0,1
2376.7,136.0,1
2376.8,153.8,1
2381.9,116.9,1
2382.1,133.0,1
2382.2,170.0,1
2382.4,125.9,1
2382.5,148.6,1
2387.7,149.8,1
2387.8,131.5,1
2387.9,145.9,1
2388.1,135.1,1
2388.2,137.1,1
2393.4,150.5,1
2393.5,144.4,1
2393.7,137.2,1
2393.8,148.0,1
2394.0,147.7,1
2399.1,152.2,1
2399.3,152.4,1
2399.4,149.5,1
2399.5,134.4,1
2399.7,145.3,1
2404.8,117.2,1
2405.0,138.9,1
2405.1,147.0,1
2405.2,138.8,1
2405.4,132.4,1
2410.5,134.9,1
2410.6,101.9,1
2410.7,123.0,1
2410.9,121.3,1
2411.0,119.6,1
2416.1,109.3,1
2416.2,135.2,1
2416.3,117.6,1
2416.5,124.4,1
2416.6,140.7,1
2421.7,125.4,1
2421.9,148.5,1
2422.0,96.9,1
2422.1,109.9,1
2422.2,137.2,1
2427.4,125.7,1
2427.5,132.6,1
2427.6,149.4,1
2427.8,147.6,1
2427.9,128.9,1
2433.1,151.4,1
2433.2,145.1,1
2433.4,153.6,1
2433.5,118.0,1
2433.6,145.0,1
2438.8,135.2,1
2438.9,147.9,1
2439.1,139.7,1
2439.2,138.4,1
2439.4,148.1,1
2444.5,165.3,1
2444.7,168.8,1
2444.9,183.5,1
2445.1,202.1,1
2445.2,169.5,1
2450.4,139.3,1
2450.5,139.8,1
2450.7,150.3,1
2450.8,142.8,1
2451.0,143.6,1
2456.1,144.4,1
2456.2,99.5,1
2456.4,138.0,1
2456.5,114.6,1
2456.6,130.5,1
2461.7,101.1,1
2461.8,134.1,1
2462.0,124.9,1
2462.1,139.2,1
2462.2,121.5,1
2467.3,122.5,1
2467.4,96.7,1
2467.6,146.1,1
2467.7,121.2,1
2467.8,100.2,1
2473.0,147.2,1
2473.1,110.6,1
2473.2,130.2,1
2473.3,128.7,1
2473.5,121.3,1
2478.6,140.3,1
2478.7,135.3,1
2478.9,148.3,1
2479.0,129.4,1
2479.1,133.1,1
2484.3,151.0,1
2484.4,136.8,1
2484.6,129.9,1
2484.7,152.6,1
2484.9,134.4,1
2490.0,152.2,1
2490.2,144.1,1
2490.3,156.3,1
2490.5,136.2,1
2490.6,137.2,1
2495.7,137.9,1
2495.9,129.5,1
2496.0,141.8,1
2496.1,142.7,1
2496.3,116.6,1
2501.4,130.7,1
2501.5,147.1,1
2501.6,101.1,1
2501.8,103.5,1
2501.8,96.5,1
2507.0,141.9,1
2507.1,112.2,1
2507.2,122.0,1
2507.3,98.1,1
2507.5,135.5,1
2512.6,116.0,1
2512.7,137.6,1
2512.8,109.6,1
2513.0,151.0,1
2513.1,130.8,1
2518.2,97.7,1
2518.3,131.1,1
2518.5,125.6,1
2518.6,97.8,1
2518.7,146.7,1
2523.9,139.0,1
2524.0,147.4,1
2524.1,130.9,1
2524.3,133.8,1
2524.4,151.5,1
2529.6,124.4,1
2529.7,155.2,1
2529.9,142.7,1
2530.0,137.6,1
2530.1,150.8,1
2535.3,158.0,1
2535.4,134.8,1
2535.6,156.5,1
2535.7,132.5,1
2535.9,158.7,1
2541.0,118.3,1
2541.2,149.6,1
2541.3,152.8,1
2541.5,140.1,1
2541.6,136.7,1
2546.7,144.5,1
2546.8,96.8,1
2547.0,120.8,1
2547.1,128.1,1
2547.2,132.6,1
2552.4,145.5,1
2552.5,121.7,1
2552.6,149.9,1
2552.8,116.4,1
2552.9,126.3,1
2558.0,127.5,1
2558.2,150.1,1
2558.3,149.5,1
2558.4,120.6,1
2558.6,134.2,1
2563.7,108.5,1
2563.8,117.4,1
2563.9,118.9,1
2564.0,123.2,1
2564.2,138.2,1
2569.3,124.6,1
2569.5,162.8,1
2569.6,143.2,1
2569.7,133.1,1
2569.9,174.1,1
2575.1,168.2,1
2575.3,162.5,1
2575.5,193.9,1
2575.7,271.1,1
2575.9,157.3,1
2581.0,130.6,1
2581.1,118.3,1
2581.3,154.4,1
2581.4,137.0,1
2581.6,144.3,1
2586.7,154.0,1
2586.9,144.4,1
2587.0,127.0,1
2587.1,146.1,1
2587.3,141.0,1
2592.4,133.6,1
2592.6,147.6,1
2592.7,120.6,1
2592.8,152.3,1
2593.0,124.6,1
2598.1,139.3,1
2598.2,116.4,1
2598.4,154.5,1
2598.5,108.8,1
2598.6,108.9,1
2603.7,114.2,1
2603.9,147.4,1
2604.0,138.9,1
2604.2,148.9,1
2604.3,115.8,1
2609.4,130.8,1
2609.5,112.2,1
2609.7,147.6,1
2609.9,208.7,1
2610.0,130.9,1
2615.1,109.4,1
2615.3,133.7,1
2615.4,130.2,1
2615.5,132.2,1
2615.7,161.9,1
2620.8,130.3,1
2620.9,137.9,1
2621.1,139.9,1
2621.2,147.4,1
2621.3,110.3,1
2626.5,158.3,1
2626.7,146.4,1
2626.8,147.3,1
2627.0,153.0,1
2627.1,133.5,1
2632.2,122.5,1
2632.4,135.9,1
2632.5,126.4,1
2632.6,118.7,1
2632.7,146.3,1
2637.9,115.3,1
2638.0,137.6,1
2638.1,143.2,1
2638.3,126.0,1
2638.4,113.3,1
2643.5,131.5,1
2643.7,131.5,1
2643.8,140.6,1
2643.9,131.2,1
2644.1,207.2,1
2649.3,130.6,1
2649.4,110.3,1
2649.5,111.5,1
2649.7,181.7,1
2649.8,146.4,1
2655.0,137.1,1
2655.1,141.1,1
2655.3,152.8,1
2655.4,140.8,1
2655.5,136.5,1
2660.7,149.8,1
2660.8,138.0,1
2661.0,140.3,1
2661.1,119.7,1
2661.2,137.9,1
2666.4,142.0,1
2666.5,138.9,1
2666.7,150.7,1
2666.8,142.9,1
2666.9,128.4,1
2672.1,144.2,1
2672.2,149.6,1
2672.4,133.4,1
2672.5,145.3,1
2672.6,140.9,1
2677.8,98.7,1
2677.9,109.6,1
2678.0,126.5,1
2678.1,149.2,1
2678.3,121.5,1
2683.4,154.2,1
2683.5,123.8,1
2683.6,102.6,1
2683.8,146.4,1
2683.9,145.0,1
2689.1,138.2,1
2689.2,158.9,1
2689.4,136.3,1
2689.5,120.5,1
2689.6,138.7,1
2694.8,146.5,1
2694.9,131.1,1
2695.0,107.6,1
2695.2,133.5,1
2695.3,153.8,1
2700.4,128.9,1
2700.6,155.8,1
2700.8,177.3,1
2700.9,138.7,1
2701.0,129.3,1
2706.2,141.5,1
2706.4,163.3,1
2706.5,164.6,1
2706.7,168.7,1
2706.9,174.6,1
2712.0,115.2,1
2712.1,157.3,1
2712.3,131.8,1
2712.4,146.3,1
2712.6,136.2,1
2717.7,136.8,1
2717.8,135.1,1
2718.0,136.6,1
2718.1,147.5,1
2718.3,143.4,1
2723.4,136.9,1
2723.5,151.0,1
2723.7,123.3,1
2723.8,123.6,1
2723.9,115.3,1
2729.0,96.2,1
2729.2,150.7,1
2729.3,153.5,1
2729.4,109.0,1
2729.5,97.2,1
2734.6,110.8,1
2734.8,137.5,1
2734.9,139.8,1
2735.0,131.0,1
2735.2,148.9,1
2740.3,136.3,1
2740.5,147.2,1
2740.6,124.8,1
2740.7,137.3,1
2740.9,143.6,1
2746.0,137.5,1
2746.2,160.3,1
2746.3,148.1,1
2746.5,142.7,1
2746.6,155.8,1
2751.8,155.1,1
2751.9,143.3,1
2752.1,128.7,1
2752.2,136.6,1
2752.4,154.3,1
2757.5,121.4,1
2757.6,129.9,1
2757.8,140.3,1
2757.9,156.8,1
2758.0,136.0,1
2763.2,138.2,1
2763.3,137.6,1
2763.5,157.3,1
2763.6,142.5,1
2763.8,153.5,1
2768.9,129.4,1
2769.0,112.7,1
2769.2,151.1,1
2769.3,97.7,1
2769.4,104.2,1
2774.5,114.4,1
2774.7,152.8,1
2774.8,100.3,1
2774.9,143.6,1
2775.0,148.0,1
2780.2,115.5,1
2780.3,130.9,1
2780.4,112.7,1
2780.6,141.0,1
2780.7,134.4,1
2785.8,137.1,1
2786.0,125.7,1
2786.1,134.6,1
2786.2,141.8,1
2786.4,126.1,1
2791.5,125.5,1
2791.7,172.0,1
2791.8,150.8,1
2792.0,166.6,1
2792.1,147.5,1
2797.3,153.5,1
2797.4,144.8,1
2797.6,132.4,1
2797.7,153.1,1
2797.9,155.8,1
2803.0,128.4,1
2803.1,146.4,1
2803.3,151.2,1
2803.5,162.0,1
2803.6,141.7,1
2808.7,121.5,1
2808.9,150.1,1
2809.0,150.4,1
2809.2,150.8,1
2809.3,141.3,1
2814.4,110.6,1
2814.6,161.7,1
2814.7,142.1,1
2814.9,159.8,1
2815.1,154.4,1
2820.2,145.6,1
2820.4,149.1,1
2820.5,150.6,1
2820.7,164.9,1
2820.8,164.5,1
2826.0,142.4,1
2826.1,117.5,1
2826.2,148.5,1
2826.4,132.6,1
2826.5,115.2,1
2831.6,126.2,1
2831.8,138.4,1
2831.9,123.1,1
2832.0,118.0,1
2832.1,108.3,1
2837.3,154.5,1
2837.4,144.0,1
2837.6,173.1,1
2837.8,181.5,1
2837.9,155.0,1
2843.1,131.6,1
2843.2,141.4,1
2843.4,150.4,1
2843.5,133.9,1
2843.6,148.8,1
2848.8,141.4,1
2849.0,165.8,1
2849.1,136.8,1
2849.2,158.8,1
2849.4,136.9,1
2854.5,122.0,1
2854.7,141.4,1
2854.8,148.6,1
2855.0,148.5,1
2855.1,155.3,1
2860.2,135.2,1
2860.4,141.1,1
2860.5,146.7,1
2860.7,142.5,1
2860.8,149.8,1
2866.0,143.5,1
2866.1,114.6,1
2866.2,150.3,1
2866.3,108.5,1
2866.5,136.1,1
2871.6,134.6,1
2871.8,138.7,1
2871.9,153.4,1
2872.0,122.7,1
2872.2,132.2,1
2877.3,146.5,1
2877.4,113.7,1
2877.6,150.1,1
2877.7,103.2,1
2877.8,118.7,1
2883.0,144.6,1
2883.1,132.1,1
2883.2,141.2,1
2883.4,138.6,1
2883.5,145.1,1
2888.7,142.9,1
2888.8,145.6,1
2889.0,153.5,1
2889.1,140.5,1
2889.2,132.5,1
2894.4,142.6,1
2894.5,124.5,1
2894.6,140.4,1
2894.8,150.3,1
2894.9,144.6,1
2900.1,111.4,1
2900.2,137.7,1
2900.3,137.9,1
2900.5,152.0,1
2900.6,130.3,1
2905.8,137.2,1
2905.9,105.4,1
2906.0,150.1,1
2906.1,108.1,1
2906.2,127.6,1
2911.4,128.0,1
2911.5,139.0,1
2911.7,155.2,1
2911.8,144.6,1
2912.0,152.2,1
2917.1,122.8,1
2917.2,135.8,1
2917.4,115.3,1
2917.5,135.7,1
2917.6,109.4,1
2922.7,127.1,1
2922.9,140.9,1
2923.0,109.3,1
2923.1,144.4,1
2923.3,151.0,1
2928.4,118.9,1
2928.5,106.5,1
2928.6,145.1,1
2928.8,135.1,1
2928.9,142.2,1
2934.1,139.0,1
2934.2,152.1,1
2934.4,153.8,1
2934.5,152.0,1
2934.7,159.1,1
2939.8,129.7,1
2940.0,129.5,1
2940.1,146.8,1
2940.2,142.7,1
2940.4,170.3,1
2945.6,135.1,1
2945.7,155.8,1
2945.8,139.4,1
2946.0,172.7,1
2946.2,136.1,1
2951.4,189.6,1
2951.5,146.2,1
2951.6,149.9,1
2951.8,147.0,1
2951.9,142.4,1
2957.1,146.7,1
2957.2,137.6,1
2957.4,132.0,1
2957.5,149.6,1
2957.6,139.9,1
2962.8,109.5,1
2962.9,143.1,1
2963.1,153.8,1
2963.2,102.9,1
2963.3,97.3,1
2968.4,151.4,1
2968.6,142.2,1
2968.7,141.0,1
2968.8,120.2,1
2968.9,125.2,1
2974.1,147.5,1
2974.2,148.3,1
2974.4,149.8,1
2974.5,154.6,1
2974.7,133.0,1
2979.8,153.3,1
2980.0,140.1,1
2980.1,152.0,1
2980.3,149.0,1
2980.4,131.3,1
2985.6,140.1,1
2985.7,161.9,1
2985.9,150.8,1
2986.0,154.0,1
2986.1,120.6,1
2991.3,126.9,1
2991.4,148.3,1
2991.6,139.8,1
2991.7,142.9,1
2991.9,144.2,1
2997.0,139.3,1
2997.1,111.2,1
2997.3,151.9,1
2997.4,109.8,1
2997.5,127.3,1
3002.6,135.4,1
3002.7,106.3,1
3002.9,145.0,1
3003.0,153.7,1
3003.2,156.4,1
3008.3,126.4,1
3008.5,129.8,1
3008.6,121.6,1
3008.7,138.9,1
3008.9,140.1,1
3014.0,130.2,1
3014.1,115.7,1
3014.2,127.7,1
3014.4,140.9,1
3014.5,140.7,1
3019.7,141.3,1
3019.8,147.0,1
3019.9,122.6,1
3020.1,121.0,1
3020.2,132.0,1
3025.3,151.3,1
3025.5,149.7,1
3025.6,133.0,1
3025.8,144.9,1
3025.9,137.7,1
3031.1,139.4,1
3031.2,155.0,1
3031.4,154.4,1
3031.5,144.8,1
3031.7,146.6,1
3036.8,132.9,1
3036.9,146.9,1
3037.1,139.1,1
3037.2,140.6,1
3037.4,132.2,1
3042.5,138.4,1
3042.6,101.9,1
3042.7,102.2,1
3042.8,134.2,1
3042.9,99.3,1
3048.0,99.3,1
3048.2,131.1,1
3048.3,132.5,1
3048.5,148.8,1
3048.6,106.6,1
3053.7,103.2,1
3053.8,136.4,1
3053.9,113.4,1
3054.0,108.1,1
3054.1,100.0,1
3059.3,131.6,1
3059.4,138.7,1
3059.5,124.2,1
3059.7,131.0,1
3059.8,158.7,1
3065.0,140.5,1
3065.1,147.8,1
3065.3,152.4,1
3065.4,179.7,1
3065.6,156.3,1
3070.8,166.0,1
3070.9,147.0,1
3071.0,133.7,1
3071.2,157.7,1
3071.4,154.4,1
3076.6,217.2,1
3076.7,159.9,1
3076.9,130.8,1
3077.0,141.6,1
3077.2,143.9,1
3082.3,144.3,1
3082.5,173.1,1
3082.7,178.9,1
3082.8,149.3,1
3083.0,148.0,1
3088.1,99.5,1
3088.2,115.2,1
3088.3,130.5,1
3088.5,146.8,1
3088.6,144.6,1
3093.7,123.0,1
3093.8,115.4,1
3094.0,137.9,1
3094.2,173.1,1
3094.3,147.1,1
3099.4,138.5,1
3099.6,138.8,1
3099.7,131.8,1
3099.8,129.6,1
3100.0,121.9,1
3105.1,113.0,1
3105.2,150.8,1
3105.4,137.8,1
3105.5,149.3,1
3105.7,138.6,1
3110.8,162.6,1
3111.0,150.4,1
3111.1,145.5,1
3111.2,121.0,1
3111.4,149.1,1
3116.5,132.3,1
3116.7,157.2,1
3116.8,140.4,1
3117.0,141.2,1
3117.1,140.5,1
3122.3,143.9,1
3122.4,141.4,1
3122.5,146.6,1
3122.7,139.3,1
3122.8,138.6,1
3127.9,96.7,1
3128.1,142.7,1
3128.2,145.4,1
3128.3,106.6,1
3128.5,133.7,1
3133.6,119.3,1
3133.7,151.3,1
3133.9,139.7,1
3134.0,147.0,1
3134.1,128.6,1
3139.2,96.8,1
3139.3,102.6,1
3139.5,123.2,1
3139.6,133.5,1
3139.7,114.7,1
3144.8,113.6,1
3144.9,97.3,1
3145.0,105.6,1
3145.2,119.2,1
3145.3,137.2,1
3150.5,152.7,1
3150.6,125.9,1
3150.7,149.5,1
3150.9,144.0,1
3151.0,144.8,1
3156.2,156.1,1
3156.3,126.5,1
3156.5,160.8,1
3156.6,109.7,1
3156.7,159.1,1
3161.9,144.6,1
3162.1,169.8,1
3162.2,141.9,1
3162.4,152.5,1
3162.5,117.8,1
3167.6,139.8,1
3167.8,139.9,1
3167.9,138.5,1
3168.0,139.5,1
3168.2,148.9,1
3173.3,121.8,1
3173.5,144.8,1
3173.6,142.8,1
3173.7,141.4,1
3173.9,147.7,1
3179.0,150.3,1
3179.2,146.6,1
3179.3,143.1,1
3179.4,100.7,1
3179.6,131.8,1
3184.7,107.4,1
3184.8,126.6,1
3184.9,97.8,1
3185.0,130.7,1
3185.1,120.1,1
3190.3,136.2,1
3190.4,148.1,1
3190.6,149.4,1
3190.7,137.1,1
3190.8,116.8,1
3196.0,117.4,1
3196.1,145.3,1
3196.2,134.2,1
3196.4,184.4,1
3196.6,147.0,1
3201.7,149.9,1
3201.9,150.8,1
3202.0,132.9,1
3202.2,165.8,1
3202.4,211.1,1
3207.5,126.3,1
3207.7,139.9,1
3207.8,147.1,1
3208.0,145.0,1
3208.1,137.7,1
3213.3,156.5,1
3213.4,153.0,1
3213.6,145.9,1
3213.7,145.2,1
3213.9,186.2,1
3219.0,147.1,1
3219.2,118.7,1
3219.3,127.3,1
3219.4,111.0,1
3219.5,134.5,1
3224.6,115.5,1
3224.8,144.9,1
3224.9,127.7,1
3225.0,111.8,1
3225.2,124.2,1
3230.3,136.9,1
3230.4,133.2,1
3230.6,139.3,1
3230.7,144.8,1
3230.8,127.1,1
3236.0,148.9,1
3236.1,120.5,1
3236.2,116.5,1
3236.4,120.5,1
3236.5,131.3,1
3241.6,141.6,1
3241.8,147.6,1
3241.9,138.4,1
3242.1,150.5,1
3242.2,152.7,1
3247.4,140.4,1
3247.5,144.4,1
3247.6,121.5,1
3247.8,149.9,1
3247.9,142.9,1
3253.1,139.9,1
3253.2,139.9,1
3253.4,140.7,1
3253.5,132.7,1
3253.6,122.9,1
3258.7,131.9,1
3258.9,135.2,1
3259.0,152.4,1
3259.2,134.8,1
3259.4,211.2,1
3264.5,125.5,1
3264.6,133.1,1
3264.8,145.0,1
3264.9,118.1,1
3265.1,149.2,1
3270.2,129.4,1
3270.3,148.4,1
3270.5,162.1,1
3270.6,126.4,1
3270.8,150.6,1
3275.9,99.0,1
3276.0,129.6,1
3276.2,147.1,1
3276.3,97.6,1
3276.4,102.3,1
3281.5,108.9,1
3281.6,141.6,1
3281.7,140.2,1
3281.9,117.4,1
3282.0,114.5,1
3287.1,138.7,1
3287.3,135.2,1
3287.4,130.6,1
3287.5,156.7,1
3287.7,132.3,1
3292.8,151.6,1
3293.0,121.6,1
3293.1,117.3,1
3293.2,142.7,1
3293.4,138.9,1
3298.5,160.8,1
3298.7,129.9,1
3298.8,154.7,1
3299.0,225.3,1
3299.2,131.7,1
3304.3,157.5,1
3304.5,137.0,1
3304.6,143.9,1
3304.8,148.3,1
3304.9,144.0,1
3310.0,110.6,1
3310.1,113.3,1
3310.2,103.2,1
3310.4,127.6,1
3310.5,134.5,1
3315.6,138.8,1
3315.7,113.4,1
3315.9,108.0,1
3316.0,141.1,1
3316.1,149.4,1
3321.3,112.6,1
3321.4,123.6,1
3321.5,150.4,1
3321.7,155.8,1
3321.8,112.9,1
3326.9,137.2,1
3327.1,123.3,1
3327.2,131.9,1
3327.3,142.5,1
3327.5,149.1,1
3332.6,145.0,1
3332.8,134.5,1
3332.9,142.7,1
3333.1,146.2,1
3333.2,146.4,1
3338.4,130.9,1
3338.5,130.1,1
3338.6,129.5,1
3338.8,148.2,1
3338.9,140.3,1
3344.1,166.4,1
3344.2,157.1,1
3344.4,171.8,1
3344.6,157.7,1
3344.9,327.8,1
3350.0,142.5,1
3350.2,138.4,1
3350.3,136.3,1
3350.4,134.4,1
3350.6,151.2,1
3355.7,139.9,1
3355.9,118.1,1
3356.0,124.0,1
3356.1,131.3,1
3356.2,128.8,1
3361.4,149.9,1
3361.5,136.3,1
3361.7,131.6,1
3361.8,140.8,1
3361.9,131.0,1
3367.1,148.2,1
3367.2,136.8,1
3367.3,118.7,1
3367.5,110.8,1
3367.6,145.1,1
3372.7,132.6,1
3372.9,143.9,1
3373.0,111.5,1
3373.1,99.2,1
3373.2,103.9,1
3378.3,145.8,1
3378.5,141.8,1
3378.6,146.4,1
3378.8,136.5,1
3378.9,150.1,1
3384.0,117.8,1
3384.2,139.5,1
3384.3,164.7,1
3384.5,147.8,1
3384.6,134.6,1
3389.8,156.4,1
3389.9,133.5,1
3390.1,140.6,1
3390.2,132.0,1
3390.3,149.1,1
3395.5,149.6,1
3395.6,145.2,1
3395.8,144.9,1
3395.9,138.7,1
3396.1,132.5,1
3401.2,120.7,1
3401.3,100.0,1
3401.4,135.1,1
3401.6,144.8,1
3401.7,121.8,1
3406.8,114.2,1
3406.9,132.8,1
3407.0,105.8,1
3407.2,136.5,1
3407.3,119.4,1
3412.4,97.3,1
3412.5,113.1,1
3412.6,125.9,1
3412.8,115.0,1
3412.9,127.0,1
3418.0,128.6,1
3418.1,123.5,1
3418.3,120.6,1
3418.4,113.5,1
3418.5,128.7,1
3423.7,141.4,1
3423.8,133.5,1
3423.9,125.0,1
3424.0,138.0,1
3424.2,143.7,1
3429.3,130.3,1
3429.5,170.9,1
3429.7,155.0,1
3429.8,142.0,1
3429.9,137.3,1
3435.1,147.3,1
3435.2,145.2,1
3435.4,138.7,1
3435.5,136.7,1
3435.7,160.7,1
3440.8,109.9,1
3440.9,139.5,1
3441.1,141.3,1
3441.2,137.8,1
3441.3,130.0,1
3446.5,119.9,1
3446.6,121.3,1
3446.7,104.2,1
3446.8,127.6,1
3446.9,108.1,1
3452.1,147.6,1
3452.2,117.2,1
3452.3,150.3,1
3452.5,129.7,1
3452.6,142.4,1
3457.8,153.7,1
3457.9,115.1,1
3458.0,97.5,1
3458.1,129.5,1
3458.2,111.2,1
3463.4,170.8,1
3463.5,151.2,1
3463.7,109.0,1
3463.8,132.3,1
3463.9,129.0,1
3469.0,122.9,1
3469.2,132.1,1
3469.3,115.9,1
3469.4,145.8,1
3469.6,141.5,1
3474.7,147.9,1
3474.9,211.6,1
3475.2,213.7,1
3475.3,187.1,1
3475.6,251.3,1
3480.7,138.8,1
3480.9,140.1,1
3481.0,153.3,1
3481.2,149.4,1
3481.3,144.0,1
3486.5,147.7,1
3486.6,152.6,1
3486.8,144.2,1
3486.9,150.6,1
3487.1,141.4,1
3492.2,122.0,1
3492.3,135.0,1
3492.5,127.7,1
3492.6,143.9,1
3492.7,104.7,1
3497.8,115.8,1
3497.9,96.7,1
3498.1,142.6,1
3498.2,98.6,1
3498.3,156.5,1
3503.5,134.0,1
3503.6,139.7,1
3503.7,128.6,1
3503.8,116.8,1
3504.0,144.8,1
3509.1,133.5,1
3509.3,128.1,1
3509.4,141.7,1
3509.5,127.0,1
3509.7,185.2,1
3514.9,141.3,1
3515.0,151.9,1
3515.1,132.5,1
3515.3,158.2,1
3515.4,120.4,1
3520.6,143.0,1
3520.7,148.9,1
3520.9,144.1,1
3521.0,137.1,1
3521.1,135.4,1
3526.3,131.7,1
3526.4,151.3,1
3526.6,223.0,1
3526.8,147.4,1
3526.9,142.1,1
3532.1,138.5,1
3532.2,137.8,1
3532.4,152.0,1
3532.5,153.7,1
3532.7,148.0,1
3537.8,124.8,1
3537.9,149.7,1
3538.1,123.9,1
3538.2,135.7,1
3538.4,149.8,1
3543.5,147.0,1
3543.7,149.3,1
3543.8,146.0,1
3543.9,99.2,1
3544.0,119.1,1
3549.2,153.9,1
3549.3,130.2,1
3549.4,138.1,1
3549.6,137.8,1
3549.7,138.4,1
3554.9,140.1,1
3555.0,144.1,1
3555.1,130.3,1
3555.2,104.1,1
3555.4,144.6,1
3560.5,148.7,1
3560.7,134.2,1
3560.8,117.1,1
3560.9,139.6,1
3561.1,144.6,1
3566.3,216.9,1
3566.4,139.9,1
3566.6,149.0,1
3566.7,133.6,1
3566.9,143.7,1
3572.0,162.5,1
3572.2,153.8,1
3572.3,128.9,1
3572.4,107.8,1
3572.6,140.8,1
3577.7,129.0,1
3577.8,125.1,1
3577.9,113.2,1
3578.1,141.2,1
3578.2,148.6,1
3583.4,122.5,1
3583.5,128.4,1
3583.6,135.3,1
3583.7,118.0,1
3583.9,142.8,1
3589.0,124.0,1
3589.1,131.9,1
3589.3,132.2,1
3589.4,153.0,1
3589.6,136.6,1
3594.7,135.1,1
3594.8,136.5,1
3595.0,138.5,1
3595.1,122.3,1
3595.2,142.1,1
3600.4,157.2,1
3600.6,161.3,1
3600.7,129.8,1
3600.8,123.3,1
3600.9,129.7,1
3606.1,198.3,1
3606.3,164.2,1
3606.5,172.3,1
3606.7,176.6,1
3606.8,182.2,1
3612.0,157.1,1
3612.2,150.4,1
3612.3,154.7,1
3612.4,139.2,1
3612.6,151.0,1
3617.7,142.6,1
3617.9,154.6,1
3618.0,135.7,1
3618.2,138.2,1
3618.3,148.1,1
3623.4,116.8,1
3623.6,109.8,1
3623.7,126.8,1
3623.8,110.9,1
3623.9,103.1,1
3629.0,146.6,1
3629.2,131.9,1
3629.3,134.7,1
3629.4,97.8,1
3629.5,133.5,1
3634.7,146.7,1
3634.8,119.6,1
3634.9,130.0,1
3635.1,113.2,1
3635.2,139.7,1
3640.3,149.6,1
3640.5,122.5,1
3640.6,139.0,1
3640.7,129.4,1
3640.9,128.4,1
3646.0,139.6,1
3646.2,147.4,1
3646.3,146.2,1
3646.5,144.7,1
3646.6,139.3,1
3651.7,153.9,1
3651.9,130.1,1
3652.0,145.3,1
3652.2,135.6,1
3652.3,143.8,1
3657.5,147.8,1
3657.6,123.2,1
3657.7,146.6,1
3657.9,134.6,1
3658.0,144.0,1
3663.2,200.4,1
3663.4,144.2,1
3663.5,122.3,1
3663.6,147.5,1
3663.8,130.7,1
3668.9,110.4,1
3669.0,140.9,1
3669.1,129.4,1
3669.3,134.3,1
3669.4,135.9,1
3674.5,131.3,1
3674.7,128.8,1
3674.8,129.6,1
3674.9,113.7,1
3675.0,98.9,1
3680.2,140.3,1
3680.3,106.6,1
3680.4,122.3,1
3680.5,121.9,1
3680.7,146.2,1
3685.8,121.1,1
3685.9,98.9,1
3686.0,128.0,1
3686.1,131.9,1
3686.3,122.2,1
3691.4,150.4,1
3691.6,135.7,1
3691.7,132.0,1
3691.8,152.1,1
3692.0,146.0,1
3697.1,129.5,1
3697.3,140.4,1
3697.4,141.0,1
3697.5,140.2,1
3697.7,137.3,1
3702.8,121.8,1
3702.9,140.1,1
3703.1,141.9,1
3703.2,153.7,1
3703.4,162.2,1
3708.6,149.0,1
3708.7,149.5,1
3708.8,140.0,1
3709.0,142.0,1
3709.1,133.7,1
3714.2,120.3,1
3714.4,158.8,1
3714.5,120.7,1
3714.7,149.3,1
3714.8,104.6,1
3719.9,143.5,1
3720.1,149.0,1
3720.2,164.1,1
3720.4,146.1,1
3720.5,155.7,1
3725.7,124.5,1
3725.8,150.9,1
3725.9,112.7,1
3726.0,113.1,1
3726.2,134.2,1
3731.3,141.2,1
3731.4,102.2,1
3731.6,148.6,1
3731.7,136.1,1
3731.9,146.1,1
3737.0,158.4,1
3737.2,183.7,1
3737.4,179.2,1
3737.6,166.4,1
3737.7,154.7,1
3742.9,135.7,1
3743.0,144.6,1
3743.1,145.8,1
3743.3,149.5,1
3743.4,139.7,1
3748.6,139.0,1
3748.7,130.5,1
3748.9,167.8,1
3749.0,138.1,1
3749.2,149.4,1
3754.3,121.3,1
3754.4,157.7,1
3754.6,147.1,1
3754.7,147.1,1
3754.9,136.3,1
3760.0,140.6,1
3760.1,126.0,1
3760.3,137.0,1
3760.4,139.6,1
3760.5,109.4,1
3765.7,142.3,1
3765.8,169.0,1
3766.0,142.1,1
3766.1,139.9,1
3766.2,120.5,1
3771.4,135.1,1
3771.5,127.8,1
3771.7,141.5,1
3771.8,123.3,1
3771.9,117.7,1
3777.0,120.6,1
3777.2,139.5,1
3777.3,142.5,1
3777.4,136.5,1
3777.6,136.3,1
3782.8,179.4,1
3782.9,155.3,1
3783.0,124.7,1
3783.2,113.3,1
3783.3,154.5,1
3788.5,159.1,1
3788.6,151.7,1
3788.8,134.3,1
3788.9,107.4,1
3789.0,149.2,1
3794.2,159.6,1
3794.3,148.4,1
3794.5,153.3,1
3794.6,145.6,1
3794.8,121.6,1
3799.9,95.7,1
3800.0,147.1,1
3800.1,144.5,1
3800.3,125.6,1
3800.4,126.1,1
3805.5,143.2,1
3805.7,150.6,1
3805.8,115.8,1
3806.0,143.0,1
3806.1,151.5,1
3811.2,120.5,1
3811.4,152.3,1
3811.5,143.2,1
3811.7,133.6,1
3811.8,96.0,1
3816.9,145.2,1
3817.0,122.9,1
3817.1,95.1,1
3817.2,124.1,1
3817.4,109.3,1
3822.5,125.5,1
3822.6,132.2,1
3822.7,122.6,1
3822.9,147.5,1
3823.0,145.0,1
3828.2,127.9,1
3828.3,118.2,1
3828.4,131.8,1
3828.6,150.0,1
3828.7,133.9,1
3833.8,138.5,1
3834.0,147.2,1
3834.1,142.7,1
3834.4,215.2,1
3834.5,155.6,1
3839.6,114.7,1
3839.8,133.6,1
3839.9,137.3,1
3840.0,125.6,1
3840.2,135.3,1
3845.3,133.8,1
3845.4,133.1,1
3845.6,145.9,1
3845.7,163.0,1
3845.9,149.8,1
3851.0,130.5,1
3851.2,141.2,1
3851.3,140.7,1
3851.4,142.2,1
3851.6,133.1,1
3856.7,114.4,1
3856.8,143.1,1
3857.0,123.4,1
3857.1,125.4,1
3857.2,148.5,1
3862.3,97.6,1
3862.5,124.0,1
3862.6,132.2,1
3862.7,147.6,1
3862.9,121.3,1
3868.0,152.5,1
3868.1,125.5,1
3868.3,122.8,1
3868.4,139.1,1
3868.6,151.2,1
3873.7,154.6,1
3873.9,151.1,1
3874.0,150.2,1
3874.2,137.6,1
3874.3,140.0,1
3879.4,138.8,1
3879.6,142.0,1
3879.7,139.8,1
3879.9,144.1,1
3880.0,146.6,1
3885.2,147.1,1
3885.3,139.9,1
3885.5,146.5,1
3885.6,135.7,1
3885.8,170.7,1
3890.9,141.3,1
3891.1,148.4,1
3891.2,138.8,1
3891.3,140.9,1
3891.5,145.9,1
3896.6,115.1,1
3896.7,136.1,1
3896.9,127.9,1
3897.0,115.0,1
3897.1,109.1,1
3902.3,161.4,1
3902.4,148.6,1
3902.6,186.8,1
3902.7,158.1,1
3902.9,106.8,1
3908.0,180.6,1
3908.2,114.9,1
3908.3,103.7,1
3908.4,119.7,1
3908.5,126.0,1
3913.6,121.9,1
3913.8,141.8,1
3913.9,129.9,1
3914.0,98.9,1
3914.2,150.8,1
3919.3,111.6,1
3919.5,189.4,1
3919.6,149.1,1
3919.7,130.7,1
3919.9,164.0,1
3925.0,136.2,1
3925.2,131.6,1
3925.4,205.8,1
3925.5,160.2,1
3925.7,158.0,1
3930.8,119.5,1
3931.0,148.3,1
3931.1,152.5,1
3931.2,117.9,1
3931.4,149.3,1
3936.5,118.5,1
3936.7,146.8,1
3936.8,145.2,1
3937.0,182.0,1
3937.1,145.3,1
3942.2,99.6,1
3942.3,105.8,1
3942.5,138.4,1
3942.6,102.3,1
3942.7,108.2,1
3947.8,125.5,1
3947.9,126.5,1
3948.1,105.2,1
3948.2,116.5,1
3948.3,106.1,1
3953.4,137.4,1
3953.6,133.4,1
3953.7,136.9,1
3953.8,157.2,1
3954.0,119.1,1
3959.1,144.3,1
3959.3,139.8,1
3959.4,106.8,1
3959.5,128.3,1
3959.6,152.0,1
3964.8,119.4,1
3964.9,143.7,1
3965.0,140.7,1
3965.2,135.9,1
3965.3,141.6,1
3970.5,130.3,1
3970.6,120.5,1
3970.7,144.3,1
3970.9,143.3,1
3971.0,154.0,1
3976.2,127.3,1
3976.3,145.1,1
3976.4,139.1,1
3976.6,140.8,1
3976.7,139.7,1
3981.9,130.2,1
3982.0,156.3,1
3982.2,142.3,1
3982.3,185.9,1
3982.5,167.5,1
3987.6,127.4,1
3987.7,102.5,1
3987.9,123.0,1
3988.0,101.6,1
3988.1,117.4,1
3993.2,121.3,1
3993.4,143.5,1
3993.5,104.1,1
3993.6,103.9,1
3993.7,141.0,1
3998.8,139.3,1
3999.0,126.2,1
3999.1,150.0,1
3999.3,160.5,1
3999.4,130.3,1
4004.6,149.0,1
4004.7,147.4,1
4004.9,141.3,1
4005.0,128.3,1
4005.1,104.1,1
4010.2,143.4,1
4010.4,148.3,1
4010.5,138.2,1
4010.7,136.4,1
4010.8,145.3,1
4016.0,161.7,1
4016.1,142.9,1
4016.3,137.1,1
4016.4,149.5,1
4016.6,151.3,1
4021.7,141.1,1
4021.8,136.6,1
4022.0,147.7,1
4022.1,153.8,1
4022.3,146.8,1
4027.4,147.7,1
4027.6,119.8,1
4027.7,137.0,1
4027.8,122.0,1
4027.9,125.8,1
4033.1,151.3,1
4033.2,139.4,1
4033.4,122.5,1
4033.5,97.4,1
4033.6,124.2,1
4038.7,129.7,1
4038.9,133.2,1
4039.0,124.6,1
4039.1,146.2,1
4039.2,124.4,1
4044.4,101.1,1
4044.5,141.5,1
4044.6,102.7,1
4044.7,136.8,1
4044.9,139.7,1
4050.0,104.1,1
4050.1,121.9,1
4050.2,132.8,1
4050.4,129.8,1
4050.5,175.9,1
4055.7,140.8,1
4055.8,123.7,1
4055.9,140.9,1
4056.1,150.8,1
4056.2,139.3,1
4061.4,145.4,1
4061.5,146.8,1
4061.7,135.3,1
4061.8,128.5,1
4061.9,125.8,1
4067.1,137.4,1
4067.2,136.5,1
4067.4,143.9,1
4067.5,151.7,1
4067.7,153.6,1
4072.8,109.6,1
4072.9,139.8,1
4073.0,107.0,1
4073.1,111.9,1
4073.3,129.1,1
4078.4,127.8,1
4078.5,145.5,1
4078.7,143.1,1
4078.8,152.0,1
4078.9,105.8,1
4084.1,124.5,1
4084.2,118.2,1
4084.3,112.3,1
4084.4,144.5,1
4084.6,135.2,1
4089.7,117.0,1
4089.8,136.5,1
4090.0,138.4,1
4090.1,120.7,1
4090.2,133.3,1
4095.4,139.0,1
4095.5,130.7,1
4095.6,144.3,1
4095.8,141.7,1
4095.9,128.8,1
4101.1,149.2,1
4101.2,125.6,1
4101.3,133.1,1
4101.5,133.1,1
4101.6,143.5,1
4106.8,148.6,1
4106.9,141.6,1
4107.0,139.2,1
4107.2,137.9,1
4107.3,117.7,1
4112.4,146.1,1
4112.6,152.4,1
4112.7,148.5,1
4112.9,151.3,1
4113.1,186.7,1
4118.2,116.4,1
4118.3,147.8,1
4118.5,117.1,1
4118.6,152.7,1
4118.8,168.1,1
4123.9,141.9,1
4124.0,97.8,1
4124.2,158.5,1
4124.3,132.1,1
4124.4,96.8,1
4129.6,148.1,1
4129.7,144.5,1
4129.9,141.9,1
4130.0,154.3,1
4130.1,136.3,1
4135.3,138.0,1
4135.4,157.2,1
4135.6,148.8,1
4135.7,98.9,1
4135.8,130.6,1
4141.0,156.7,1
4141.1,148.7,1
4141.3,126.8,1
4141.4,147.8,1
4141.6,149.1,1
4146.7,148.2,1
4146.9,173.3,1
4147.0,129.3,1
4147.2,139.4,1
4147.3,141.9,1
4152.4,122.8,1
4152.6,137.3,1
4152.7,138.3,1
4152.9,149.9,1
4153.0,142.1,1
4158.1,121.4,1
4158.2,124.3,1
4158.4,146.8,1
4158.5,150.9,1
4158.7,157.1,1
4163.8,143.4,1
4163.9,98.4,1
4164.1,128.3,1
4164.2,128.8,1
4164.3,130.9,1
4169.5,133.9,1
4169.6,140.0,1
4169.7,128.6,1
4169.9,110.1,1
4170.0,117.5,1
4175.1,135.4,1
4175.2,136.8,1
4175.4,117.4,1
4175.5,98.8,1
4175.6,149.3,1
4180.7,131.1,1
4180.9,147.4,1
4181.0,120.2,1
4181.1,120.8,1
4181.3,115.6,1
4186.4,137.3,1
4186.5,143.8,1
4186.7,139.6,1
4186.8,127.3,1
4187.0,161.2,1
4192.1,139.7,1
4192.3,143.6,1
4192.4,137.5,1
4192.5,140.6,1
4192.7,137.0,1
4197.8,148.6,1
4198.0,147.8,1
4198.1,143.4,1
4198.3,144.7,1
4198.4,144.6,1
4203.5,126.2,1
4203.7,139.3,1
4203.8,142.1,1
4204.0,141.9,1
4204.1,148.6,1
4209.2,132.9,1
4209.4,151.3,1
4209.5,142.4,1
4209.7,146.6,1
4209.8,110.4,1
4214.9,96.5,1
4215.0,135.5,1
4215.2,133.4,1
4215.3,141.2,1
4215.5,165.1,1
4220.6,108.8,1
4220.7,127.8,1
4220.8,105.5,1
4220.9,111.4,1
4221.1,145.1,1
4226.2,139.2,1
4226.4,146.6,1
4226.5,140.2,1
4226.6,113.6,1
4226.7,116.2,1
4231.9,137.7,1
4232.0,139.3,1
4232.2,135.6,1
4232.3,134.3,1
4232.4,137.3,1
4237.6,147.3,1
4237.7,139.1,1
4237.9,138.1,1
4238.0,138.5,1
4238.1,139.1,1
4243.3,161.6,1
4243.5,157.0,1
4243.7,233.4,1
4243.9,180.5,1
4244.1,195.3,1
4249.2,123.0,1
4249.3,145.0,1
4249.5,136.0,1
4249.6,141.4,1
4249.8,138.2,1
4254.9,124.7,1
4255.0,125.3,1
4255.1,118.6,1
4255.3,152.6,1
4255.4,112.9,1
4260.5,136.3,1
4260.7,149.5,1
4260.8,144.3,1
4261.0,152.6,1
4261.1,124.8,1
4266.2,130.7,1
4266.4,142.1,1
4266.5,110.5,1
4266.6,134.4,1
4266.7,108.2,1
4271.9,113.7,1
4272.0,138.9,1
4272.1,113.0,1
4272.2,141.2,1
4272.3,95.1,1
4277.5,157.3,1
4277.6,134.3,1
4277.8,147.3,1
4277.9,142.5,1
4278.1,139.3,1
4283.2,152.0,1
4283.4,165.7,1
4283.6,181.4,1
4283.8,181.1,1
4283.9,160.0,1
4289.1,155.1,1
4289.2,154.4,1
4289.4,122.3,1
4289.5,128.0,1
4289.6,137.5,1
4294.8,147.4,1
4294.9,131.2,1
4295.1,148.5,1
4295.2,118.9,1
4295.3,162.1,1
4300.5,126.4,1
4300.6,120.5,1
4300.7,135.2,1
4300.9,137.4,1
4301.0,113.5,1
4306.1,142.6,1
4306.2,100.5,1
4306.4,144.8,1
4306.5,99.1,1
4306.6,136.9,1
4311.7,130.6,1
4311.9,148.2,1
4312.0,99.3,1
4312.1,147.1,1
4312.3,124.6,1
4317.4,98.7,1
4317.5,114.3,1
4317.6,127.8,1
4317.7,124.3,1
4317.8,121.8,1
4323.0,143.7,1
4323.1,127.5,1
4323.3,173.6,1
4323.4,136.0,1
4323.6,132.8,1
4328.7,150.2,1
4328.9,154.3,1
4329.0,152.0,1
4329.2,133.0,1
4329.3,143.8,1
4334.4,134.4,1
4334.6,139.4,1
4334.7,142.3,1
4334.9,143.9,1
4335.0,138.5,1
4340.2,147.0,1
4340.3,129.2,1
4340.4,105.0,1
4340.5,147.7,1
4340.7,143.4,1
4345.8,133.4,1
4345.9,116.7,1
4346.1,118.1,1
4346.2,134.4,1
4346.3,124.2,1
4351.5,152.5,1
4351.6,126.5,1
4351.7,134.0,1
4351.8,96.0,1
4351.9,113.1,1
4357.0,100.6,1
4357.1,97.5,1
4357.2,103.3,1
4357.4,148.3,1
4357.5,103.5,1
4362.6,123.4,1
4362.7,116.4,1
4362.9,135.9,1
4363.0,104.4,1
4363.1,128.9,1
4368.3,139.1,1
4368.4,142.3,1
4368.5,145.5,1
4368.7,135.4,1
4368.8,133.7,1
4374.0,137.5,1
4374.1,149.9,1
4374.3,154.6,1
4374.4,183.3,1
4374.7,235.3,1
4379.8,156.8,1
4380.0,143.8,1
4380.1,145.7,1
4380.3,124.9,1
4380.4,131.9,1
4385.5,104.6,1
4385.6,139.3,1
4385.8,154.0,1
4385.9,136.6,1
4386.1,136.7,1
4391.2,156.1,1
4391.4,135.5,1
4391.5,133.8,1
4391.6,154.6,1
4391.8,155.5,1
4397.0,146.9,1
4397.1,194.0,1
4397.3,140.3,1
4397.4,131.2,1
4397.6,144.5,1
4402.7,107.1,1
4402.8,123.2,1
4402.9,131.0,1
4403.1,132.7,1
4403.2,133.1,1
4408.3,127.3,1
4408.5,123.3,1
4408.6,146.3,1
4408.7,95.8,1
4408.9,160.1,1
4414.0,120.3,1
4414.1,138.1,1
4414.3,149.8,1
4414.4,140.5,1
4414.5,139.1,1
4419.7,134.7,1
4419.8,147.9,1
4420.0,146.7,1
4420.1,144.0,1
4420.3,139.1,1
4425.4,143.5,1
4425.5,136.6,1
4425.7,130.1,1
4425.8,159.2,1
4426.0,125.1,1
4431.1,141.5,1
4431.3,154.5,1
4431.4,149.1,1
4431.5,117.5,1
4431.7,145.0,1
4436.8,98.2,1
4436.9,143.7,1
4437.0,115.1,1
4437.1,100.9,1
4437.3,126.6,1
4442.4,139.1,1
4442.5,98.9,1
4442.6,107.8,1
4442.7,134.6,1
4442.8,97.5,1
4448.0,100.7,1
4448.1,145.6,1
4448.2,130.0,1
4448.4,132.8,1
4448.5,126.7,1
4453.6,144.4,1
4453.8,153.0,1
4453.9,128.0,1
4454.0,131.2,1
4454.2,126.0,1
4459.3,133.4,1
4459.5,145.0,1
4459.6,154.6,1
4459.8,147.4,1
4459.9,141.3,1
4465.0,100.7,1
4465.1,145.5,1
4465.3,133.7,1
4465.4,138.7,1
4465.6,140.0,1
4470.7,141.9,1
4470.8,138.4,1
4471.0,146.2,1
4471.1,119.1,1
4471.3,143.3,1
4476.4,127.9,1
4476.5,133.1,1
4476.7,140.9,1
4476.8,133.9,1
4476.9,142.0,1
4482.1,111.7,1
4482.2,103.0,1
4482.3,99.8,1
4482.4,119.1,1
4482.5,94.7,1
4487.6,153.1,1
4487.7,101.0,1
4487.9,135.3,1
4488.0,98.9,1
4488.1,134.3,1
4493.2,127.7,1
4493.4,131.0,1
4493.5,120.1,1
4493.6,132.3,1
4493.7,135.9,1
4498.9,143.2,1
4499.0,123.4,1
4499.1,123.9,1
4499.2,99.5,1
4499.4,111.2,1
4504.5,125.1,1
4504.7,176.2,1
4504.8,136.7,1
4504.9,150.5,1
4505.1,150.2,1
4510.2,135.3,1
4510.4,145.2,1
4510.5,145.7,1
4510.7,163.2,1
4510.8,145.0,1
4516.0,151.0,1
4516.1,107.6,1
4516.2,143.4,1
4516.4,158.1,1
4516.5,140.7,1
4521.7,166.5,1
4521.9,168.0,1
4522.0,158.5,1
4522.2,187.7,1
4522.4,160.8,1
4527.5,136.3,1
4527.7,141.5,1
4527.8,128.7,1
4527.9,128.3,1
4528.0,104.4,1
4533.1,101.4,1
4533.3,116.3,1
4533.4,110.5,1
4533.5,132.1,1
4533.6,125.5,1
4538.7,120.9,1
4538.9,152.8,1
4539.1,153.9,1
4539.2,111.0,1
4539.3,99.5,1
4544.4,123.5,1
4544.5,147.1,1
4544.7,149.3,1
4544.8,144.7,1
4545.0,140.0,1
4550.1,137.0,1
4550.2,125.2,1
4550.4,142.6,1
4550.5,136.5,1
4550.7,135.9,1
4555.8,127.8,1
4555.9,148.1,1
4556.1,152.1,1
4556.2,146.5,1
4556.4,156.6,1
4561.5,142.3,1
4561.7,142.0,1
4561.8,138.8,1
4562.0,138.7,1
4562.1,133.9,1
4567.2,110.4,1
4567.4,147.7,1
4567.5,141.2,1
4567.6,147.2,1
4567.8,148.1,1
4572.9,132.4,1
4573.1,121.5,1
4573.2,110.9,1
4573.3,138.7,1
4573.4,104.1,1
4578.6,148.8,1
4578.7,124.6,1
4578.8,151.5,1
4579.0,138.4,1
4579.1,148.0,1
4584.2,117.3,1
4584.4,132.4,1
4584.5,100.9,1
4584.6,121.7,1
4584.7,117.9,1
4589.9,147.2,1
4590.0,137.1,1
4590.2,179.2,1
4590.3,136.5,1
4590.5,141.6,1
4595.6,137.4,1
4595.7,139.7,1
4595.9,138.3,1
4596.0,145.2,1
4596.2,140.8,1
4601.3,140.3,1
4601.5,154.8,1
4601.6,159.9,1
4601.8,132.0,1
4601.9,179.7,1
4607.1,140.4,1
4607.2,148.5,1
4607.4,120.4,1
4607.5,138.9,1
4607.6,118.3,1
4612.7,122.6,1
4612.9,130.4,1
4613.0,145.2,1
4613.2,144.3,1
4613.3,131.3,1
4618.4,137.0,1
4618.5,117.5,1
4618.7,128.3,1
4618.8,126.7,1
4618.9,104.7,1
4624.1,148.3,1
4624.2,124.9,1
4624.3,137.0,1
4624.5,149.3,1
4624.6,119.6,1
4629.7,129.2,1
4629.8,108.5,1
4630.0,146.4,1
4630.1,116.8,1
4630.2,150.2,1
4635.4,144.5,1
4635.5,128.1,1
4635.7,147.3,1
4635.8,150.9,1
4636.0,170.9,1
4641.1,133.1,1
4641.3,133.7,1
4641.4,146.0,1
4641.6,145.2,1
4641.7,141.0,1
4646.8,135.6,1
4647.0,207.3,1
4647.2,152.5,1
4647.3,139.0,1
4647.5,139.8,1
4652.7,208.6,1
4652.9,170.0,1
4653.1,193.3,1
4653.3,204.9,1
4653.5,196.9,1
4658.6,139.8,1
4658.7,123.9,1
4658.9,150.0,1
4659.0,147.2,1
4659.1,128.0,1
4664.3,101.4,1
4664.4,142.4,1
4664.5,108.9,1
4664.6,130.5,1
4664.8,141.8,1
4669.9,150.7,1
4670.1,118.4,1
4670.2,113.6,1
4670.3,142.2,1
4670.5,143.4,1
4675.6,122.6,1
4675.7,113.3,1
4675.9,204.0,1
4676.0,146.9,1
4676.1,102.6,1
4681.3,147.7,1
4681.5,186.7,1
4681.6,160.4,1
4681.8,150.8,1
4681.9,131.7,1
4687.1,140.2,1
4687.2,167.3,1
4687.4,164.0,1
4687.5,141.9,1
4687.7,141.7,1
4692.8,134.6,1
4693.0,147.1,1
4693.1,160.6,1
4693.3,122.6,1
4693.4,154.3,1
4698.5,127.5,1
4698.7,139.5,1
4698.8,145.5,1
4699.0,148.7,1
4699.1,134.5,1
4704.3,154.4,1
4704.4,131.8,1
4704.6,160.7,1
4704.7,138.7,1
4704.8,100.5,1
4709.9,118.6,1
4710.1,132.8,1
4710.2,137.4,1
4710.3,150.7,1
4710.4,101.8,1
4715.6,148.6,1
4715.7,96.5,1
4715.9,150.5,1
4716.0,126.3,1
4716.1,118.7,1
4721.2,127.2,1
4721.4,207.8,1
4721.6,116.3,1
4721.7,135.8,1
4721.8,145.7,1
4727.0,151.0,1
4727.1,130.0,1
4727.2,128.1,1
4727.4,148.3,1
4727.5,142.8,1
4732.7,153.1,1
4732.8,138.5,1
4733.0,140.3,1
4733.1,142.5,1
4733.3,159.8,1
4738.4,129.1,1
4738.6,139.8,1
4738.7,145.5,1
4738.9,159.3,1
4739.0,160.1,1
4744.1,120.6,1
4744.3,143.4,1
4744.4,145.4,1
4744.6,148.4,1
4744.7,159.3,1
4749.9,138.5,1
4750.0,141.9,1
4750.2,149.2,1
4750.3,146.5,1
4750.5,141.2,1
4755.6,101.3,1
4755.7,103.5,1
4755.8,127.7,1
4755.9,114.2,1
4756.1,138.5,1
4761.2,130.5,1
4761.3,147.6,1
4761.5,138.5,1
4761.6,138.4,1
4761.7,101.0,1
4766.9,150.9,1
4767.0,138.2,1
4767.1,134.9,1
4767.3,144.1,1
4767.4,140.2,1
4772.6,155.3,1
4772.7,163.1,1
4772.9,133.8,1
4773.0,153.2,1
4773.2,166.6,1
4778.4,160.6,1
4778.5,125.3,1
4778.6,154.1,1
4778.8,158.4,1
4779.0,155.5,1
4784.1,167.9,1
4784.3,166.5,1
4784.5,217.1,1
4784.7,153.2,1
4784.8,155.6,1
4790.0,149.5,1
4790.1,130.9,1
4790.3,149.1,1
4790.4,138.0,1
4790.5,139.7,1
4795.7,109.2,1
4795.8,144.1,1
4795.9,117.4,1
4796.0,131.2,1
4796.2,122.9,1
4801.3,147.7,1
4801.4,131.1,1
4801.6,145.5,1
4801.7,119.0,1
4801.8,99.0,1
4806.9,128.3,1
4807.1,115.6,1
4807.2,122.7,1
4807.3,145.6,1
4807.5,124.1,1
4812.6,142.6,1
4812.7,137.2,1
4812.9,152.5,1
4813.0,153.0,1
4813.1,96.2,1
4818.3,127.0,1
4818.4,136.5,1
4818.6,151.9,1
4818.7,141.3,1
4818.9,154.1,1
4824.0,135.8,1
4824.1,146.6,1
4824.3,148.7,1
4824.4,128.5,1
4824.6,137.7,1
4829.7,153.8,1
4829.9,140.4,1
4830.0,142.6,1
4830.2,152.4,1
4830.3,145.8,1
4835.4,143.2,1
4835.6,155.4,1
4835.7,140.7,1
4835.9,146.1,1
4836.0,147.4,1
4841.2,118.2,1
4841.3,113.5,1
4841.4,126.2,1
4841.5,102.8,1
4841.7,151.1,1
4846.8,148.4,1
4846.9,119.0,1
4847.1,133.2,1
4847.1,97.9,1
4847.3,130.7,1
4852.4,133.2,1
4852.5,110.2,1
4852.7,127.9,1
4852.8,136.6,1
4852.9,141.9,1
4858.0,105.7,1
4858.2,121.3,1
4858.3,108.1,1
4858.4,123.0,1
4858.5,140.3,1
4863.7,154.8,1
4863.9,155.4,1
4864.0,166.0,1
4864.2,143.5,1
4864.3,145.4,1
4869.4,132.3,1
4869.6,151.6,1
4869.7,143.9,1
4869.9,143.0,1
4870.0,141.0,1
4875.2,145.1,1
4875.4,195.6,1
4875.5,143.4,1
4875.7,174.0,1
4875.8,161.4,1
4881.0,151.2,1
4881.1,142.9,1
4881.3,138.7,1
4881.4,143.3,1
4881.6,149.4,1
4886.7,139.7,1
4886.8,120.8,1
4887.0,136.1,1
4887.1,131.9,1
4887.2,107.2,1
4892.3,118.1,1
4892.5,133.3,1
4892.6,139.8,1
4892.8,145.5,1
4892.9,137.1,1
4898.0,107.1,1
4898.1,136.3,1
4898.3,146.2,1
4898.5,159.7,1
4898.6,161.9,1
4903.8,131.9,1
4903.9,135.2,1
4904.0,149.8,1
4904.2,132.5,1
4904.3,121.0,1
4909.4,128.0,1
4909.6,146.6,1
4909.7,141.3,1
4909.8,132.8,1
4910.0,147.2,1
4915.2,180.5,1
4915.4,183.9,1
4915.6,198.6,1
4915.8,204.1,1
4915.9,172.0,1
4921.1,140.9,1
4921.2,155.2,1
4921.4,143.5,1
4921.5,137.2,1
4921.7,157.5,1
4926.8,151.1,1
4927.0,137.1,1
4927.1,138.3,1
4927.2,150.0,1
4927.4,138.4,1
4932.5,135.1,1
4932.7,149.9,1
4932.8,152.0,1
4933.0,132.5,1
4933.1,116.5,1
4938.2,151.6,1
4938.4,123.6,1
4938.5,108.3,1
4938.6,97.1,1
4938.7,151.9,1
4943.9,137.9,1
4944.0,118.6,1
4944.1,104.5,1
4944.2,117.0,1
4944.3,140.6,1
4949.5,124.3,1
4949.6,142.2,1
4949.7,138.5,1
4949.9,119.1,1
4950.0,132.8,1
4955.1,135.5,1
4955.3,125.1,1
4955.4,148.3,1
4955.5,131.3,1
4955.7,145.5,1
4960.8,136.5,1
4961.0,155.9,1
4961.1,139.4,1
4961.3,142.6,1
4961.4,135.7,1
4966.6,152.7,1
4966.7,152.2,1
4966.8,125.9,1
4967.0,155.3,1
4967.1,140.3,1
4972.3,147.0,1
4972.4,141.8,1
4972.5,117.4,1
4972.7,142.0,1
4972.8,146.0,1
4978.0,115.6,1
4978.1,127.2,1
4978.2,131.1,1
4978.3,134.4,1
4978.5,132.8,1
4983.6,139.8,1
4983.8,140.0,1
4983.9,118.0,1
4984.0,139.3,1
4984.1,118.3,1
4989.2,96.3,1
4989.4,118.5,1
4989.5,119.8,1
4989.6,96.7,1
4989.7,130.8,1
4994.9,144.9,1
4995.0,137.2,1
4995.1,113.2,1
4995.2,116.3,1
4995.4,147.6,1
5000.5,140.8,1
5000.7,152.9,1
5000.8,141.2,1
5000.9,135.9,1
5001.1,137.9,1
5006.2,151.7,1
5006.4,130.1,1
5006.5,145.9,1
5006.7,158.1,1
5006.8,152.0,1
5012.0,137.8,1
5012.1,140.7,1
5012.3,143.0,1
5012.4,148.4,1
5012.6,154.1,1
5017.7,135.8,1
5017.8,149.1,1
5018.0,135.4,1
5018.1,116.2,1
5018.2,147.9,1
5023.4,108.9,1
5023.5,133.3,1
5023.6,157.6,1
5023.8,123.9,1
5023.9,142.2,1
5029.1,147.4,1
5029.2,133.3,1
5029.3,127.1,1
5029.5,150.8,1
5029.6,151.7,1
5034.7,106.6,1
5034.8,96.4,1
5035.0,142.9,1
5035.1,127.7,1
5035.2,136.6,1
5040.4,132.7,1
5040.5,142.0,1
5040.7,166.7,1
5040.8,141.4,1
5041.0,151.9,1
5046.1,160.3,1
5046.3,170.3,1
5046.5,153.2,1
5046.6,157.8,1
5046.8,173.8,1
5051.9,120.4,1
5052.1,140.6,1
5052.2,143.7,1
5052.3,116.6,1
5052.5,143.4,1
5057.6,117.3,1
5057.8,159.9,1
5057.9,143.7,1
5058.0,140.5,1
5058.2,141.1,1
5063.3,127.3,1
5063.4,110.6,1
5063.5,126.8,1
5063.7,158.9,1
5063.8,120.7,1
5069.0,151.6,1
5069.1,124.2,1
5069.3,148.8,1
5069.4,96.1,1
5069.5,130.8,1
5074.6,133.1,1
5074.8,155.0,1
5074.9,144.6,1
5075.1,134.5,1
5075.2,144.7,1
5080.3,98.5,1
5080.4,118.6,1
5080.6,140.4,1
5080.7,118.5,1
5080.8,113.0,1
5085.9,137.7,1
5086.1,145.6,1
5086.2,141.0,1
5086.4,130.4,1
5086.5,148.2,1
5091.6,141.9,1
5091.8,138.8,1
5091.9,150.9,1
5092.1,126.0,1
5092.2,158.2,1
5097.4,147.3,1
5097.5,133.6,1
5097.6,120.2,1
5097.8,135.4,1
5097.9,126.4,1
5103.0,148.9,1
5103.2,141.5,1
5103.3,139.3,1
5103.5,146.1,1
5103.6,143.0,1
5108.7,101.2,1
5108.8,106.3,1
5109.0,136.0,1
5109.1,144.4,1
5109.2,115.2,1
5114.3,116.1,1
5114.5,139.2,1
5114.6,98.6,1
5114.7,114.6,1
5114.8,108.9,1
5119.9,134.8,1
5120.1,184.1,1
5120.2,107.2,1
5120.4,144.5,1
5120.5,154.4,1
5125.6,103.2,1
5125.8,118.5,1
5125.9,124.0,1
5126.0,146.0,1
5126.2,146.5,1
5131.3,142.2,1
5131.5,137.6,1
5131.6,138.1,1
5131.7,114.0,1
5131.9,156.5,1
5137.0,135.3,1
5137.2,140.2,1
5137.3,136.1,1
5137.4,143.3,1
5137.6,148.4,1
5142.7,141.4,1
5142.9,129.9,1
5143.0,145.2,1
5143.1,135.6,1
5143.3,149.6,1
5148.4,152.0,1
5148.6,131.4,1
5148.7,137.7,1
5148.9,139.4,1
5149.0,112.4,1
5154.1,118.3,1
5154.2,101.2,1
5154.3,105.2,1
5154.4,146.9,1
5154.6,128.6,1
5159.7,171.4,1
5159.9,129.6,1
5160.0,155.8,1
5160.2,148.1,1
5160.3,153.6,1
5165.5,137.7,1
5165.6,137.4,1
5165.7,104.2,1
5165.8,135.8,1
5166.0,118.2,1
5171.1,102.7,1
5171.2,142.6,1
5171.3,121.5,1
5171.5,134.1,1
5171.6,142.3,1
5176.8,140.4,1
5176.9,144.8,1
5177.0,145.3,1
5177.2,150.7,1
5177.4,175.1,1
5182.5,141.9,1
5182.7,150.5,1
5182.8,137.1,1
5182.9,112.9,1
5183.1,152.3,1
5188.2,139.9,1
5188.4,139.6,1
5188.5,158.7,1
5188.7,133.9,1
5188.8,147.2,1
5193.9,145.4,1
5194.1,151.0,1
5194.2,123.9,1
5194.3,125.1,1
5194.5,145.2,1
5199.6,124.2,1
5199.7,106.5,1
5199.8,106.5,1
5200.0,126.3,1
5200.1,144.0,1
5205.2,137.6,1
5205.4,137.3,1
5205.5,140.4,1
5205.7,137.3,1
5205.8,150.7,1
5211.0,144.1,1
5211.1,129.5,1
5211.2,142.3,1
5211.4,128.8,1
5211.5,124.9,1
5216.6,153.7,1
5216.8,150.0,1
5216.9,123.4,1
5217.0,116.5,1
5217.1,99.6,1
5222.3,128.0,1
5222.4,114.8,1
5222.5,131.3,1
5222.7,142.5,1
5222.8,132.9,1
5227.9,132.9,1
5228.1,139.2,1
5228.2,142.4,1
5228.3,133.3,1
5228.5,142.1,1
5233.6,115.6,1
5233.7,132.9,1
5233.9,141.0,1
5234.0,154.2,1
5234.2,149.7,1
5239.3,118.7,1
5239.4,129.8,1
5239.6,123.9,1
5239.7,152.4,1
5239.9,145.7,1
5245.0,141.8,1
5245.1,131.2,1
5245.3,156.9,1
5245.4,107.6,1
5245.5,123.3,1
5250.6,102.4,1
5250.7,104.3,1
5250.9,145.9,1
5251.0,116.0,1
5251.1,136.3,1
5256.3,143.8,1
5256.4,141.9,1
5256.5,123.0,1
5256.7,112.4,1
5256.8,108.1,1
5261.9,108.8,1
5262.0,124.2,1
5262.1,111.8,1
5262.3,137.9,1
5262.4,125.4,1
5267.6,166.3,1
5267.7,157.1,1
5267.9,150.9,1
5268.0,134.8,1
5268.1,124.2,1
5273.3,128.8,1
5273.4,141.8,1
5273.5,152.2,1
5273.7,158.5,1
5273.8,139.4,1
5279.0,160.8,1
5279.2,150.5,1
5279.3,151.0,1
5279.5,145.4,1
5279.6,176.5,1
5284.8,156.9,1
5284.9,139.0,1
5285.1,149.9,1
5285.2,138.0,1
5285.4,145.6,1
5290.5,147.2,1
5290.7,133.2,1
5290.8,148.2,1
5290.9,137.1,1
5291.1,128.7,1
5296.2,140.2,1
5296.3,95.0,1
5296.5,151.9,1
5296.6,96.7,1
5296.7,125.0,1
5301.8,97.7,1
5301.9,115.5,1
5302.0,140.2,1
5302.2,148.5,1
5302.3,127.0,1
5307.5,144.7,1
5307.6,143.4,1
5307.8,156.1,1
5307.9,148.4,1
5308.1,145.3,1
5313.2,148.3,1
5313.4,144.3,1
5313.5,152.3,1
5313.6,140.3,1
5313.8,125.0,1
5318.9,137.8,1
5319.0,135.2,1
5319.2,135.1,1
5319.3,162.2,1
5319.5,140.1,1
5324.6,155.9,1
5324.8,161.8,1
5325.0,161.1,1
5325.1,144.7,1
5325.3,161.5,1
5330.4,136.2,1
5330.6,145.2,1
5330.7,145.4,1
5330.8,141.5,1
5331.0,143.1,1
5336.1,109.5,1
5336.2,144.3,1
5336.4,138.3,1
5336.5,99.8,1
5336.6,126.2,1
5341.7,125.3,1
5341.9,143.1,1
5342.0,129.1,1
5342.2,150.0,1
5342.3,129.1,1
5347.4,143.1,1
5347.6,137.6,1
5347.7,130.3,1
5347.8,99.1,1
5347.9,111.9,1
5353.0,121.1,1
5353.2,141.7,1
5353.3,137.8,1
5353.5,150.3,1
5353.6,99.1,1
5358.7,132.1,1
5358.8,134.3,1
5359.0,138.6,1
5359.1,129.5,1
5359.3,138.4,1
5364.4,162.3,1
5364.6,150.4,1
5364.7,146.7,1
5364.8,125.5,1
5365.0,168.0,1
5370.2,133.8,1
5370.3,132.7,1
5370.4,152.1,1
5370.6,159.8,1
5370.7,146.7,1
5375.9,134.3,1
5376.0,104.5,1
5376.1,145.7,1
5376.3,151.1,1
5376.4,145.8,1
5381.5,103.1,1
5381.7,139.6,1
5381.8,150.5,1
5381.9,121.5,1
5382.1,139.8,1
5387.2,97.1,1
5387.3,95.5,1
5387.4,128.7,1
5387.5,123.8,1
5387.6,102.2,1
5392.8,114.4,1
5392.9,145.9,1
5393.0,131.0,1
5393.1,96.6,1
5393.3,120.7,1
5398.4,126.8,1
5398.5,121.2,1
5398.6,135.6,1
5398.8,139.9,1
5398.9,109.0,1
5404.1,170.4,1
5404.2,140.4,1
5404.3,131.4,1
5404.5,153.2,1
5404.6,137.4,1
5409.8,143.3,1
5409.9,137.5,1
5410.1,175.9,1
5410.2,152.2,1
5410.4,153.8,1
5415.5,118.4,1
5415.7,145.1,1
5415.8,153.7,1
5416.0,157.1,1
5416.1,125.4,1
5421.3,160.4,1
5421.4,159.7,1
5421.6,208.1,1
5421.8,145.0,1
5422.0,201.0,1
5427.1,98.8,1
5427.2,103.0,1
5427.3,147.1,1
5427.4,101.7,1
5427.5,118.0,1
5432.7,146.6,1
5432.8,116.8,1
5432.9,127.6,1
5433.1,123.8,1
5433.2,100.3,1
5438.3,144.2,1
5438.4,110.8,1
5438.6,124.4,1
5438.7,148.0,1
5438.8,139.8,1
5444.0,126.7,1
5444.1,128.1,1
5444.2,133.0,1
5444.4,125.1,1
5444.5,125.4,1
5449.6,145.2,1
5449.8,140.8,1
5449.9,151.9,1
5450.1,145.3,1
5450.2,133.4,1
5455.4,186.8,1
5455.6,198.5,1
5455.7,153.5,1
5455.9,154.8,1
5456.1,155.7,1
5461.2,118.4,1
5461.3,150.8,1
5461.5,155.5,1
5461.6,141.2,1
5461.8,149.9,1
5466.9,138.3,1
5467.1,134.6,1
5467.2,144.2,1
5467.3,145.1,1
5467.5,130.1,1
5472.6,147.2,1
5472.8,136.5,1
5472.9,150.3,1
5473.0,112.5,1
5473.2,127.4,1
5478.3,122.0,1
5478.4,95.7,1
5478.5,129.8,1
5478.6,137.2,1
5478.8,108.9,1
5483.9,103.7,1
5484.0,132.5,1
5484.1,140.7,1
5484.3,139.2,1
5484.4,125.9,1
5489.5,99.8,1
5489.6,143.7,1
5489.8,137.5,1
5489.9,144.3,1
5490.1,127.0,1
5495.2,120.2,1
5495.3,132.8,1
5495.4,138.0,1
5495.6,134.7,1
5495.7,138.8,1
5500.9,126.8,1
5501.0,145.7,1
5501.1,147.3,1
5501.3,132.8,1
5501.4,146.7,1
5506.6,157.2,1
5506.7,147.1,1
5506.9,153.2,1
5507.0,150.7,1
5507.2,117.8,1
5512.3,150.5,1
5512.5,147.9,1
5512.6,137.9,1
5512.7,122.3,1
5512.8,118.1,1
5518.0,114.2,1
5518.1,111.1,1
5518.2,138.8,1
5518.3,97.4,1
5518.5,148.3,1
5523.6,102.9,1
5523.7,119.9,1
5523.8,152.0,1
5524.0,136.8,1
5524.1,100.2,1
5529.2,149.7,1
5529.3,122.8,1
5529.5,122.9,1
5529.6,127.1,1
5529.7,114.9,1
5534.8,117.7,1
5535.0,118.7,1
5535.1,140.3,1
5535.2,114.7,1
5535.3,128.4,1
5540.5,145.5,1
5540.6,160.3,1
5540.8,143.4,1
5540.9,140.1,1
5541.1,136.7,1
5546.2,149.6,1
5546.4,134.5,1
5546.5,143.4,1
5546.7,162.9,1
5546.8,132.4,1
5551.9,149.9,1
5552.1,147.7,1
5552.3,156.9,1
5552.4,193.9,1
5552.6,176.0,1
5557.8,152.5,1
5557.9,124.0,1
5558.0,120.3,1
5558.2,146.8,1
5558.3,142.6,1
5563.4,98.1,1
5563.5,109.3,1
5563.7,130.2,1
5563.8,122.2,1
5563.9,129.4,1
5569.0,136.5,1
5569.2,152.3,1
5569.3,147.9,1
5569.5,147.9,1
5569.6,147.8,1
5574.8,149.8,1
5574.9,149.8,1
5575.1,127.2,1
5575.2,137.9,1
5575.3,120.9,1
5580.5,127.9,1
5580.6,137.9,1
5580.7,141.1,1
5580.9,162.0,1
5581.0,132.4,1
5586.2,161.2,1
5586.4,150.0,1
5586.5,154.9,1
5586.7,149.4,1
5586.8,143.3,1
5592.0,147.5,1
5592.1,120.8,1
5592.2,146.2,1
5592.4,136.6,1
5592.5,161.2,1
5597.7,144.7,1
5597.8,126.5,1
5597.9,143.9,1
5598.1,143.4,1
5598.2,125.8,1
5603.4,147.5,1
5603.5,135.9,1
5603.6,99.4,1
5603.7,145.0,1
5603.8,105.0,1
5609.0,117.0,1
5609.1,143.6,1
5609.2,139.6,1
5609.4,137.4,1
5609.5,127.2,1
5614.6,105.2,1
5614.7,99.2,1
5614.9,142.2,1
5615.0,135.5,1
5615.2,151.7,1
5620.3,152.2,1
5620.4,129.7,1
5620.6,148.1,1
5620.7,117.3,1
5620.8,146.5,1
5626.0,129.5,1
5626.1,137.7,1
5626.3,134.4,1
5626.4,132.3,1
5626.5,135.7,1
5631.7,159.9,1
5631.9,163.3,1
5632.0,160.9,1
5632.2,144.2,1
5632.3,184.9,1
5637.5,135.5,1
5637.6,147.9,1
5637.8,139.1,1
5637.9,141.8,1
5638.1,138.9,1
5643.2,148.3,1
5643.3,130.0,1
5643.5,130.5,1
5643.6,149.5,1
5643.7,130.7,1
5648.9,138.4,1
5649.0,149.0,1
5649.2,150.8,1
5649.3,121.0,1
5649.4,137.8,1
5654.6,156.5,1
5654.8,142.3,1
5654.9,116.7,1
5655.0,99.2,1
5655.1,106.9,1
5660.2,125.6,1
5660.3,93.5,1
5660.4,119.5,1
5660.5,100.5,1
5660.6,108.9,1
5665.8,135.2,1
5665.9,95.3,1
5666.0,115.2,1
5666.1,127.8,1
5666.3,146.7,1
5671.4,159.6,1
5671.5,125.1,1
5671.7,135.6,1
5671.8,148.3,1
5672.0,144.2,1
5677.1,147.3,1
5677.3,142.1,1
5677.4,141.9,1
5677.5,141.2,1
5677.7,133.2,1
5682.8,149.1,1
5683.0,164.2,1
5683.2,208.9,1
5683.3,140.7,1
5683.5,152.4,1
5688.6,132.7,1
5688.8,144.6,1
5688.9,144.2,1
5689.1,136.8,1
5689.2,137.4,1
5694.3,121.6,1
5694.4,112.7,1
5694.6,128.7,1
5694.7,149.2,1
5694.8,109.7,1
5700.0,134.1,1
5700.1,136.4,1
5700.3,152.0,1
5700.4,155.1,1
5700.6,146.1,1
5705.7,143.3,1
5705.8,149.4,1
5706.0,118.9,1
5706.1,148.0,1
5706.2,128.0,1
5711.3,98.7,1
5711.5,142.7,1
5711.6,111.6,1
5711.7,126.9,1
5711.9,137.0,1
5717.0,153.3,1
5717.2,154.7,1
5717.3,140.6,1
5717.5,152.3,1
5717.6,137.3,1
5722.8,141.5,1
5722.9,130.3,1
5723.0,152.9,1
5723.2,145.5,1
5723.3,142.6,1
5728.5,151.3,1
5728.6,141.1,1
5728.8,174.5,1
5728.9,133.7,1
5729.1,150.3,1
5734.2,151.2,1
5734.4,124.7,1
5734.5,136.8,1
5734.7,160.0,1
5734.8,154.8,1
5739.9,106.1,1
5740.0,123.6,1
5740.2,143.6,1
5740.3,143.5,1
5740.5,143.3,1
5745.6,104.6,1
5745.7,132.6,1
5745.8,102.6,1
5746.0,156.5,1
5746.1,125.3,1
5751.2,116.2,1
5751.3,96.7,1
5751.5,145.2,1
5751.6,147.6,1
5751.7,126.2,1
5756.9,122.7,1
5757.0,125.8,1
5757.1,142.7,1
5757.3,116.5,1
5757.4,144.3,1
5762.5,113.7,1
5762.6,124.1,1
5762.8,131.3,1
5762.9,138.5,1
5763.0,126.8,1
5768.2,123.8,1
5768.3,139.3,1
5768.4,139.4,1
5768.6,151.3,1
5768.7,152.2,1
5773.9,147.2,1
5774.0,127.7,1
5774.2,138.2,1
5774.3,145.0,1
5774.5,148.7,1
5779.6,144.0,1
5779.7,139.5,1
5779.9,134.4,1
5780.0,143.0,1
5780.2,138.1,1
5785.3,128.4,1
5785.4,151.6,1
5785.6,133.7,1
5785.7,140.7,1
5785.8,106.7,1
5791.0,131.2,1
5791.1,104.0,1
5791.2,130.3,1
5791.3,94.2,1
5791.4,155.0,1
5796.6,120.9,1
5796.7,111.9,1
5796.8,139.6,1
5797.0,179.0,1
5797.1,139.9,1
5802.3,133.5,1
5802.4,152.1,1
5802.5,108.6,1
5802.7,132.2,1
5802.8,145.0,1
5808.0,143.0,1
5808.1,151.0,1
5808.2,135.7,1
5808.4,122.1,1
5808.5,138.6,1
5813.7,166.3,1
5813.9,178.9,1
5814.0,165.5,1
5814.2,144.2,1
5814.3,141.1,1
5819.4,124.4,1
5819.6,127.8,1
5819.7,151.7,1
5819.9,139.2,1
5820.0,137.9,1
5825.1,139.2,1
5825.3,153.2,1
5825.4,148.9,1
5825.6,137.3,1
5825.7,136.4,1
5830.9,137.9,1
5831.0,148.8,1
5831.2,162.0,1
5831.3,152.2,1
5831.5,134.4,1
5836.6,115.3,1
5836.7,129.8,1
5836.8,99.0,1
5836.9,105.0,1
5837.0,122.3,1
5842.1,99.5,1
5842.3,144.8,1
5842.4,121.4,1
5842.5,130.2,1
5842.7,124.7,1
5847.8,139.7,1
5847.9,149.6,1
5848.1,119.5,1
5848.2,119.9,1
5848.3,140.9,1
5853.5,141.7,1
5853.6,147.8,1
5853.8,130.3,1
5853.9,148.4,1
5854.0,141.4,1
5859.2,136.6,1
5859.3,137.2,1
5859.5,149.6,1
5859.6,153.2,1
5859.7,123.5,1
5864.9,134.7,1
5865.0,151.6,1
5865.2,141.0,1
5865.3,129.9,1
5865.5,152.5,1
5870.6,125.4,1
5870.7,137.2,1
5870.9,142.1,1
5871.0,120.6,1
5871.1,137.5,1
5876.2,110.6,1
5876.4,156.5,1
5876.5,144.5,1
5876.7,128.1,1
5876.8,97.7,1
5881.9,95.3,1
5882.0,129.9,1
5882.1,116.7,1
5882.2,125.8,1
5882.3,97.2,1
5887.5,104.7,1
5887.6,109.0,1
5887.7,145.3,1
5887.8,135.3,1
5887.9,104.7,1
5893.1,100.4,1
5893.2,145.4,1
5893.3,114.9,1
5893.4,99.0,1
5893.5,136.6,1
5898.7,150.4,1
5898.8,144.2,1
5899.0,137.7,1
5899.1,118.4,1
5899.2,131.0,1
5904.4,138.0,1
5904.5,139.8,1
5904.7,131.9,1
5904.8,133.0,1
5904.9,147.7,1
5910.1,135.1,1
5910.2,119.3,1
5910.4,159.2,1
5910.5,117.0,1
5910.6,141.8,1
5915.8,138.9,1
5915.9,137.6,1
5916.0,136.2,1
5916.2,137.3,1
5916.3,125.6,1
5921.4,109.1,1
5921.5,113.9,1
5921.6,123.3,1
5921.8,132.9,1
5921.9,141.3,1
5927.1,144.5,1
5927.2,139.0,1
5927.3,136.5,1
5927.5,126.2,1
5927.6,107.6,1
5932.7,146.1,1
5932.8,125.8,1
5933.0,148.6,1
5933.1,150.2,1
5933.3,136.5,1
5938.4,142.4,1
5938.5,109.5,1
5938.7,129.4,1
5938.8,138.7,1
5938.9,128.7,1
5944.1,112.3,1
5944.2,133.5,1
5944.3,140.7,1
5944.5,155.2,1
5944.6,144.8,1
5949.7,101.8,1
5949.9,140.6,1
5950.0,139.8,1
5950.2,139.2,1
5950.3,135.8,1
5955.4,140.1,1
5955.6,160.8,1
5955.7,150.1,1
5955.9,129.9,1
5956.0,120.6,1
5961.2,161.9,1
5961.3,146.5,1
5961.5,188.5,1
5961.7,175.5,1
5961.9,199.9,1
5967.0,150.8,1
5967.2,143.0,1
5967.3,135.9,1
5967.4,133.4,1
5967.6,123.7,1
5972.7,101.7,1
5972.8,121.1,1
5972.9,107.6,1
5973.0,137.1,1
5973.1,107.6,1
5978.3,132.6,1
5978.4,149.8,1
5978.6,139.4,1
5978.7,134.9,1
5978.9,204.6,1
5984.1,158.8,1
5984.2,126.4,1
5984.3,105.0,1
5984.5,144.4,1
5984.6,133.3,1
5989.7,153.6,1
5989.9,146.2,1
5990.0,143.2,1
5990.2,128.9,1
5990.3,135.1,1
5995.4,123.2,1
5995.6,168.8,1
5995.8,192.3,1
5995.9,142.3,1
5996.1,138.3,1
6001.2,145.1,1
6001.4,146.1,1
6001.5,151.9,1
6001.7,136.0,1
6001.8,128.7,1
6006.9,141.8,1
6007.1,158.3,1
6007.2,143.1,1
6007.4,151.9,1
6007.5,136.4,1
6012.6,115.8,1
6012.8,115.2,1
6013.0,195.1,1
6013.1,137.7,1
6013.2,109.7,1
6018.3,113.7,1
6018.4,128.8,1
6018.6,157.7,1
6018.7,123.6,1
6018.9,127.5,1
6024.0,121.4,1
6024.1,132.8,1
6024.3,141.5,1
6024.4,122.7,1
6024.5,129.9,1
6029.7,142.1,1
6029.8,141.2,1
6030.0,180.8,1
6030.1,159.3,1
6030.3,155.2,1
6035.4,139.9,1
6035.6,167.2,1
6035.7,136.3,1
6035.9,137.1,1
6036.0,136.7,1
6041.2,139.3,1
6041.3,136.4,1
6041.4,128.1,1
6041.6,142.4,1
6041.7,147.5,1
6046.8,129.5,1
6047.0,185.2,1
6047.2,156.4,1
6047.3,128.0,1
6047.5,145.3,1
6052.6,145.6,1
6052.7,139.8,1
6052.9,119.1,1
6053.0,114.2,1
6053.1,125.3,1
6058.2,113.9,1
6058.4,134.6,1
6058.5,152.4,1
6058.6,110.9,1
6058.7,125.0,1
6063.9,110.8,1
6064.0,102.0,1
6064.1,147.8,1
6064.2,131.1,1
6064.4,132.2,1
6069.5,109.3,1
6069.6,115.6,1
6069.7,121.3,1
6069.8,97.4,1
6070.0,127.2,1
6075.1,116.4,1
6075.2,109.6,1
6075.3,136.3,1
6075.5,165.6,1
6075.7,197.5,1
6080.8,146.4,1
6081.0,138.5,1
6081.1,133.0,1
6081.2,129.0,1
6081.4,146.2,1
6086.5,148.6,1
6086.7,142.6,1
6086.8,145.9,1
6087.0,153.2,1
6087.1,153.9,1
6092.3,147.5,1
6092.4,153.3,1
6092.6,166.9,1
6092.8,168.3,1
6092.9,166.7,1
6098.1,130.8,1
6098.2,121.9,1
6098.3,125.2,1
6098.5,143.4,1
6098.6,105.4,1
6103.7,137.4,1
6103.9,145.2,1
6104.0,131.0,1
6104.1,107.6,1
6104.2,124.8,1
6109.4,138.0,1
6109.5,155.5,1
6109.7,137.1,1
6109.8,133.7,1
6109.9,136.0,1
6115.0,109.7,1
6115.2,142.7,1
6115.3,107.4,1
6115.4,111.8,1
6115.5,145.6,1
6120.7,127.5,1
6120.8,159.2,1
6121.0,160.5,1
6121.1,143.1,1
6121.3,123.6,1
6126.4,136.1,1
6126.5,123.3,1
6126.7,145.9,1
6126.8,115.1,1
6126.9,124.5,1
6132.1,151.1,1
6132.2,141.0,1
6132.4,143.4,1
6132.5,140.1,1
6132.6,154.7,1
6137.8,108.8,1
6137.9,119.2,1
6138.0,145.5,1
6138.2,153.8,1
6138.3,138.8,1
6143.4,97.3,1
6143.6,132.0,1
6143.7,123.1,1
6143.8,95.2,1
6143.9,141.8,1
6149.0,98.9,1
6149.2,134.8,1
6149.3,122.2,1
6149.4,139.9,1
6149.5,136.5,1
6154.7,135.0,1
6154.8,122.1,1
6154.9,128.3,1
6155.1,133.9,1
6155.2,127.4,1
6160.3,118.3,1
6160.4,101.7,1
6160.5,119.5,1
6160.7,113.8,1
6160.8,121.9,1
6165.9,149.7,1
6166.1,128.5,1
6166.2,162.5,1
6166.4,154.3,1
6166.5,146.9,1
6171.7,138.3,1
6171.8,116.4,1
6171.9,159.7,1
6172.1,135.9,1
6172.2,150.9,1
6177.4,123.2,1
6177.5,141.5,1
6177.6,138.6,1
6177.8,149.4,1
6177.9,138.3,1
6183.1,127.6,1
6183.2,163.0,1
6183.4,165.1,1
6183.5,151.5,1
6183.7,149.0,1
6188.8,136.0,1
6188.9,108.9,1
6189.1,139.2,1
6189.2,131.9,1
6189.3,135.8,1
6194.5,128.8,1
6194.6,132.3,1
6194.7,143.2,1
6194.9,138.8,1
6195.0,144.9,1
6200.2,138.7,1
6200.3,129.4,1
6200.5,147.8,1
6200.6,131.4,1
6200.7,104.2,1
6205.8,112.1,1
6205.9,123.0,1
6206.1,144.9,1
6206.2,98.4,1
6206.3,130.7,1
6211.4,117.2,1
6211.6,130.6,1
6211.7,145.0,1
6211.8,139.0,1
6212.0,120.0,1
6217.1,145.8,1
6217.3,152.1,1
6217.4,156.2,1
6217.6,144.5,1
6217.7,155.0,1
6222.9,164.1,1
6223.1,199.6,1
6223.3,172.7,1
6223.4,171.2,1
6223.6,155.4,1
6228.7,122.1,1
6228.9,147.2,1
6229.0,136.1,1
6229.1,128.3,1
6229.3,136.1,1
6234.4,110.7,1
6234.5,148.2,1
6234.6,108.3,1
6234.8,128.1,1
6234.9,153.4,1
6240.1,135.2,1
6240.2,152.1,1
6240.4,156.6,1
6240.5,153.9,1
6240.7,156.9,1
6245.8,114.6,1
6245.9,150.4,1
6246.0,94.2,1
6246.2,132.0,1
6246.3,123.7,1
6251.4,134.9,1
6251.6,123.4,1
6251.7,124.9,1
6251.8,134.0,1
6252.0,144.2,1
6257.1,140.5,1
6257.2,135.8,1
6257.4,113.3,1
6257.5,139.0,1
6257.6,135.0,1
6262.8,148.1,1
6262.9,140.7,1
6263.1,148.5,1
6263.2,140.4,1
6263.4,145.1,1
6268.5,149.2,1
6268.7,154.4,1
6268.8,138.0,1
6268.9,138.5,1
6269.1,156.0,1
6274.2,145.0,1
6274.4,146.9,1
6274.5,138.5,1
6274.7,143.4,1
6274.8,126.1,1
6279.9,135.2,1
6280.0,101.7,1
6280.2,125.5,1
6280.3,138.7,1
6280.4,118.1,1
6285.6,149.4,1
6285.7,131.6,1
6285.8,131.2,1
6286.0,121.5,1
6286.1,141.9,1
6291.2,112.4,1
6291.4,132.0,1
6291.5,101.3,1
6291.6,118.3,1
6291.7,133.9,1
6296.8,131.5,1
6297.0,111.6,1
6297.1,99.6,1
6297.2,145.4,1
6297.3,122.0,1
6302.5,141.6,1
6302.6,136.2,1
6302.7,141.0,1
6302.9,121.2,1
6303.0,149.1,1
6308.1,123.1,1
6308.3,137.6,1
6308.4,147.0,1
6308.6,129.9,1
6308.7,152.9,1
6313.9,154.3,1
6314.0,146.0,1
6314.2,151.6,1
6314.3,120.8,1
6314.4,145.8,1
6319.6,134.7,1
6319.7,132.7,1
6319.9,158.9,1
6320.0,148.8,1
6320.2,148.1,1
6325.3,116.2,1
6325.4,99.1,1
6325.5,102.4,1
6325.6,118.4,1
6325.7,101.9,1
6330.8,109.2,1
6331.0,146.2,1
6331.1,141.4,1
6331.2,123.5,1
6331.4,134.9,1
6336.5,150.1,1
6336.7,143.0,1
6336.8,149.3,1
6336.9,131.3,1
6337.1,113.7,1
6342.2,99.2,1
6342.3,153.9,1
6342.4,131.2,1
6342.6,153.1,1
6342.7,112.8,1
6347.9,136.1,1
6348.0,132.6,1
6348.1,133.7,1
6348.3,148.3,1
6348.4,145.6,1
6353.6,155.0,1
6353.7,164.6,1
6353.9,160.5,1
6354.0,148.3,1
6354.2,142.8,1
6359.3,139.2,1
6359.5,129.9,1
6359.6,171.8,1
6359.8,148.2,1
6359.9,150.1,1
6365.1,137.0,1
6365.2,110.4,1
6365.4,168.3,1
6365.5,143.6,1
6365.6,148.1,1
6370.8,145.2,1
6370.9,135.2,1
6371.1,138.3,1
6371.2,152.0,1
6371.4,142.7,1
6376.5,127.3,1
6376.6,106.4,1
6376.8,160.6,1
6376.9,117.6,1
6377.0,139.4,1
6382.1,124.2,1
6382.3,122.0,1
6382.4,134.6,1
6382.5,129.1,1
6382.6,109.5,1
6387.8,127.5,1
6387.9,140.4,1
6388.0,118.4,1
6388.1,97.6,1
6388.3,138.5,1
6393.4,119.6,1
6393.5,143.5,1
6393.7,175.4,1
6393.9,138.2,1
6394.0,140.4,1
6399.1,142.3,1
6399.3,160.0,1
6399.4,135.8,1
6399.6,147.9,1
6399.7,151.5,1
6404.9,139.8,1
6405.0,152.7,1
6405.2,171.0,1
6405.3,146.2,1
6405.5,128.9,1
6410.6,158.6,1
6410.8,127.3,1
6410.9,125.4,1
6411.0,148.4,1
6411.2,136.9,1
6416.3,142.0,1
6416.5,129.8,1
6416.6,143.0,1
6416.7,131.7,1
6416.9,135.8,1
6422.0,100.9,1
6422.1,126.0,1
6422.2,130.0,1
6422.4,145.7,1
6422.5,122.5,1
6427.6,105.6,1
6427.7,143.1,1
6427.9,121.5,1
6428.0,99.5,1
6428.1,110.1,1
6433.2,109.5,1
6433.3,127.3,1
6433.4,97.6,1
6433.5,123.3,1
6433.7,120.6,1
6438.8,143.9,1
6439.0,147.9,1
6439.1,136.9,1
6439.3,164.8,1
6439.4,151.6,1
6444.6,162.9,1
6444.7,160.9,1
6444.9,123.9,1
6445.0,149.0,1
6445.2,146.2,1
6450.3,153.1,1
6450.5,136.3,1
6450.6,155.3,1
6450.8,156.2,1
6450.9,138.5,1
6456.1,151.2,1
6456.2,137.5,1
6456.3,146.3,1
6456.5,134.4,1
6456.6,136.8,1
6461.8,150.2,1
6461.9,117.0,1
6462.0,142.2,1
6462.2,125.4,1
6462.3,145.6,1
6467.4,114.2,1
6467.5,113.6,1
6467.7,154.5,1
6467.8,126.2,1
6468.0,148.7,1
6473.1,150.7,1
6473.3,149.4,1
6473.4,111.3,1
6473.5,133.7,1
6473.6,108.7,1
6478.8,125.2,1
6478.9,126.6,1
6479.0,134.7,1
6479.2,142.0,1
6479.3,112.9,1
6484.4,165.9,1
6484.6,179.2,1
6484.8,165.7,1
6485.0,218.6,1
6485.2,207.0,1
6490.4,161.8,1
6490.5,147.8,1
6490.7,166.5,1
6490.8,141.9,1
6491.0,152.9,1
6496.1,131.0,1
6496.3,150.1,1
6496.4,126.9,1
6496.5,147.9,1
6496.7,156.1,1
6501.9,155.4,1
6502.0,157.0,1
6502.3,248.0,1
6502.4,181.7,1
6502.6,160.1,1
6507.8,136.1,1
6507.9,143.0,1
6508.0,126.6,1
6508.1,129.0,1
6508.3,135.5,1
6513.4,121.4,1
6513.5,121.6,1
6513.7,134.1,1
6513.8,111.7,1
6513.9,111.8,1
6519.0,112.9,1
6519.1,128.8,1
6519.3,131.2,1
6519.4,97.0,1
6519.5,142.8,1
6524.6,126.6,1
6524.8,146.5,1
6524.9,95.8,1
6525.0,151.4,1
6525.1,111.0,1
6530.3,142.2,1
6530.4,153.2,1
6530.6,157.0,1
6530.7,143.7,1
6530.9,152.9,1
6536.0,143.9,1
6536.2,146.0,1
6536.3,152.4,1
6536.5,147.9,1
6536.6,139.7,1
6541.8,138.7,1
6541.9,134.5,1
6542.0,139.0,1
6542.2,124.7,1
6542.3,149.6,1
6547.5,153.8,1
6547.6,119.7,1
6547.7,135.0,1
6547.9,150.4,1
6548.0,144.9,1
6553.1,112.3,1
6553.3,133.1,1
6553.4,158.0,1
6553.6,135.6,1
6553.7,125.3,1
6558.8,139.4,1
6559.0,109.6,1
6559.1,144.8,1
6559.2,143.8,1
6559.4,126.6,1
6564.5,145.3,1
6564.7,135.0,1
6564.8,117.4,1
6564.9,147.4,1
6565.0,131.5,1
6570.2,139.8,1
6570.3,136.1,1
6570.5,149.7,1
6570.7,178.8,1
6570.8,150.1,1
6576.0,139.8,1
6576.1,140.6,1
6576.2,135.4,1
6576.4,139.1,1
6576.5,146.7,1
6581.6,130.2,1
6581.8,139.7,1
6581.9,147.2,1
6582.1,132.7,1
6582.2,141.5,1
6587.4,190.7,1
6587.6,153.9,1
6587.7,146.7,1
6587.9,151.8,1
6588.0,143.8,1
6593.1,116.7,1
6593.3,129.8,1
6593.4,96.9,1
6593.5,155.5,1
6593.6,111.7,1
6598.7,113.6,1
6598.9,132.0,1
6599.0,146.0,1
6599.1,111.1,1
6599.3,147.8,1
6604.4,110.4,1
6604.5,144.4,1
6604.6,102.3,1
6604.8,146.5,1
6604.9,124.0,1
6610.0,110.8,1
6610.1,118.4,1
6610.3,129.6,1
6610.4,129.1,1
6610.5,130.6,1
6615.7,157.9,1
6615.8,148.3,1
6616.0,205.9,1
6616.2,180.2,1
6616.5,229.3,1
6621.6,135.3,1
6621.7,141.5,1
6621.9,135.6,1
6622.0,130.7,1
6622.1,129.2,1
6627.3,120.3,1
6627.4,156.8,1
6627.6,152.1,1
6627.7,156.3,1
6627.9,141.0,1
6633.0,162.7,1
6633.2,165.3,1
6633.3,150.6,1
6633.5,134.3,1
6633.6,154.2,1
6638.7,103.7,1
6638.8,100.2,1
6639.0,151.3,1
6639.1,135.1,1
6639.3,139.6,1
6644.4,112.6,1
6644.5,142.0,1
6644.7,143.5,1
6644.8,129.6,1
6644.9,136.3,1
6650.0,106.0,1
6650.2,151.0,1
6650.3,98.6,1
6650.4,98.5,1
6650.5,131.6,1
6655.7,147.6,1
6655.8,144.0,1
6656.0,132.1,1
6656.1,131.3,1
6656.2,134.8,1
6661.4,135.0,1
6661.5,147.8,1
6661.7,152.0,1
6661.8,144.5,1
6661.9,131.2,1
6667.1,144.1,1
6667.2,150.3,1
6667.4,127.9,1
6667.5,168.8,1
6667.7,148.1,1
6672.8,135.6,1
6673.0,136.1,1
6673.1,141.9,1
6673.2,136.7,1
6673.4,145.0,1
6678.5,137.2,1
6678.6,125.6,1
6678.8,140.4,1
6678.9,145.6,1
6679.1,142.0,1
6684.2,122.7,1
6684.3,142.8,1
6684.5,141.6,1
6684.6,143.3,1
6684.8,151.8,1
6689.9,96.1,1
6690.0,151.6,1
6690.2,141.9,1
6690.3,146.3,1
6690.5,128.8,1
6695.6,118.1,1
6695.7,102.3,1
6695.8,136.8,1
6696.0,144.4,1
6696.1,123.1,1
6701.2,114.8,1
6701.3,141.0,1
6701.5,138.5,1
6701.6,98.1,1
6701.7,141.6,1
6706.9,136.5,1
6707.0,140.0,1
6707.1,138.1,1
6707.3,127.9,1
6707.4,147.5,1
6712.6,133.1,1
6712.7,138.9,1
6712.8,135.3,1
6713.0,144.9,1
6713.1,156.9,1
6718.3,147.2,1
6718.4,142.4,1
6718.6,130.7,1
6718.7,140.2,1
6718.9,158.2,1
6724.0,136.2,1
6724.1,150.2,1
6724.3,142.0,1
6724.4,145.6,1
6724.6,150.0,1
6729.7,111.4,1
6729.8,124.4,1
6730.0,134.6,1
6730.1,127.3,1
6730.2,162.1,1
6735.4,142.6,1
6735.5,136.1,1
6735.7,143.2,1
6735.8,132.1,1
6736.0,154.4,1
6741.1,120.8,1
6741.2,149.1,1
6741.4,120.8,1
6741.5,102.3,1
6741.6,97.3,1
6746.7,140.5,1
6746.8,143.5,1
6747.0,147.7,1
6747.1,141.7,1
6747.3,142.0,1
6752.4,139.4,1
6752.6,141.0,1
6752.7,136.5,1
6752.9,159.5,1
6753.0,128.8,1
6758.1,149.2,1
6758.3,142.6,1
6758.4,139.2,1
6758.6,155.6,1
6758.7,123.1,1
6763.9,165.4,1
6764.0,169.8,1
6764.2,150.1,1
6764.3,140.7,1
6764.5,143.0,1
6769.6,154.1,1
6769.8,147.4,1
6769.9,135.6,1
6770.0,126.4,1
6770.2,148.3,1
6775.3,139.7,1
6775.5,119.7,1
6775.6,127.3,1
6775.7,150.9,1
6775.9,155.2,1
6781.0,137.9,1
6781.2,141.6,1
6781.3,130.3,1
6781.4,132.0,1
6781.6,140.0,1
6786.7,135.4,1
6786.8,122.2,1
6786.9,101.6,1
6787.0,107.2,1
6787.2,121.9,1
6792.3,128.8,1
6792.4,104.8,1
6792.5,138.5,1
6792.7,118.1,1
6792.8,131.9,1
6797.9,133.2,1
6798.1,137.3,1
6798.2,140.2,1
6798.3,136.6,1
6798.5,144.3,1
6803.6,102.8,1
6803.7,124.2,1
6803.9,138.1,1
6804.0,139.1,1
6804.1,139.7,1
6809.3,140.7,1
6809.4,140.2,1
6809.6,156.7,1
6809.7,148.0,1
6809.8,112.7,1
6815.0,143.1,1
6815.1,147.7,1
6815.3,155.2,1
6815.4,128.3,1
6815.6,152.8,1
6820.7,145.9,1
6820.8,126.3,1
6821.0,113.2,1
6821.1,134.7,1
6821.2,106.1,1
6826.3,123.3,1
6826.5,135.9,1
6826.6,140.4,1
6826.7,121.1,1
6826.8,113.2,1
6832.0,119.5,1
6832.1,127.9,1
6832.2,117.8,1
6832.3,129.1,1
6832.5,123.2,1
6837.6,137.6,1
6837.7,130.7,1
6837.9,130.8,1
6838.0,149.2,1
6838.2,143.7,1
6843.3,150.5,1
6843.5,141.0,1
6843.6,145.8,1
6843.7,134.0,1
6843.9,145.9,1
6849.0,123.7,1
6849.2,160.5,1
6849.3,137.9,1
6849.4,131.1,1
6849.6,143.2,1
6854.8,162.6,1
6854.9,142.5,1
6855.0,137.5,1
6855.2,142.7,1
6855.3,138.1,1
6860.5,137.3,1
6860.6,136.5,1
6860.7,146.4,1
6860.8,110.5,1
6861.0,141.0,1
6866.1,131.5,1
6866.2,122.3,1
6866.4,110.6,1
6866.5,118.4,1
6866.6,113.2,1
6871.7,140.0,1
6871.9,133.2,1
6872.0,141.3,1
6872.1,132.2,1
6872.3,115.4,1
6877.4,121.1,1
6877.5,147.1,1
6877.7,147.8,1
6877.8,147.2,1
6877.9,114.9,1
6883.1,142.4,1
6883.2,111.2,1
6883.3,149.3,1
6883.5,114.1,1
6883.6,143.9,1
6888.7,140.4,1
6888.9,139.4,1
6889.0,136.1,1
6889.2,138.7,1
6889.3,133.2,1
6894.5,152.6,1
6894.6,189.2,1
6894.8,149.4,1
6895.0,160.7,1
6895.2,204.1,1
6900.3,143.3,1
6900.5,147.9,1
6900.6,145.3,1
6900.7,134.5,1
6900.9,156.0,1
6906.0,134.8,1
6906.2,143.3,1
6906.3,133.1,1
6906.5,151.2,1
6906.6,99.0,1
6911.7,105.1,1
6911.8,114.4,1
6911.9,143.7,1
6912.1,138.8,1
6912.2,131.8,1
6917.3,129.1,1
6917.5,131.8,1
6917.6,139.7,1
6917.7,148.2,1
6917.9,146.1,1
6923.0,144.3,1
6923.2,144.8,1
6923.3,147.3,1
6923.4,118.4,1
6923.6,143.1,1
6928.7,98.2,1
6928.8,117.5,1
6929.0,152.9,1
6929.1,141.1,1
6929.2,141.7,1
6934.4,157.4,1
6934.5,132.8,1
6934.7,144.4,1
6934.8,154.8,1
6935.0,124.4,1
6940.1,144.2,1
6940.2,116.7,1
6940.4,132.3,1
6940.5,154.9,1
6940.7,146.9,1
6945.8,130.1,1
6945.9,149.3,1
6946.1,143.9,1
6946.2,145.7,1
6946.4,115.4,1
6951.5,127.9,1
6951.6,148.4,1
6951.8,145.4,1
6951.9,150.5,1
6952.1,139.0,1
6957.2,173.2,1
6957.4,127.7,1
6957.5,157.5,1
6957.7,133.8,1
6957.8,122.9,1
6962.9,128.0,1
6963.0,115.7,1
6963.2,133.6,1
6963.3,153.0,1
6963.4,114.7,1
6968.6,114.9,1
6968.7,123.8,1
6968.8,95.2,1
6968.9,127.2,1
6969.0,121.6,1
6974.2,124.5,1
6974.3,124.1,1
6974.4,116.4,1
6974.5,109.6,1
6974.7,148.4,1
6979.8,157.5,1
6979.9,123.1,1
6980.1,147.3,1
6980.2,142.7,1
6980.4,133.8,1
6985.5,137.5,1
6985.7,149.0,1
6985.8,145.9,1
6985.9,117.4,1
6986.0,119.4,1
6991.2,142.2,1
6991.3,144.2,1
6991.5,144.5,1
6991.6,147.9,1
6991.8,144.3,1
6996.9,123.1,1
6997.0,148.5,1
6997.2,122.4,1
6997.3,139.8,1
6997.4,139.6,1
7002.6,131.0,1
7002.7,108.0,1
7002.8,131.6,1
7003.0,220.2,1
7003.2,121.3,1
7008.3,130.9,1
7008.5,153.0,1
7008.6,146.8,1
7008.7,149.5,1
7008.9,144.4,1
7014.0,118.0,1
7014.1,106.6,1
7014.3,144.8,1
7014.4,148.5,1
7014.5,124.1,1
7019.7,127.9,1
7019.8,117.0,1
7019.9,134.6,1
7020.1,142.0,1
7020.2,146.5,1
7025.4,207.8,1
7025.6,176.7,1
7025.8,152.6,1
7025.9,162.1,1
7026.1,144.4,1
7031.2,135.7,1
7031.3,138.1,1
7031.5,141.7,1
7031.6,137.3,1
7031.8,143.7,1
7036.9,139.6,1
7037.1,151.0,1
7037.2,139.6,1
7037.3,141.8,1
7037.5,137.4,1
7042.6,166.7,1
7042.8,187.9,1
7043.0,152.0,1
7043.1,134.4,1
7043.3,159.0,1
7048.4,135.6,1
7048.5,126.5,1
7048.7,141.5,1
7048.8,161.5,1
7049.0,142.6,1
7054.1,123.8,1
7054.2,114.3,1
7054.4,127.1,1
7054.5,128.5,1
7054.6,154.0,1
7059.8,128.5,1
7059.9,129.0,1
7060.0,138.0,1
7060.2,130.7,1
7060.3,152.0,1
7065.5,129.2,1
7065.6,128.0,1
7065.7,161.7,1
7065.9,145.3,1
7066.0,118.3,1
7071.1,138.0,1
7071.3,141.3,1
7071.4,141.5,1
7071.6,131.4,1
7071.7,144.6,1
7076.8,125.5,1
7077.0,152.4,1
7077.1,145.5,1
7077.3,153.5,1
7077.4,137.6,1
7082.6,159.9,1
7082.7,149.0,1
7082.9,117.1,1
7083.0,135.4,1
7083.1,148.3,1
7088.3,133.6,1
7088.4,113.7,1
7088.5,138.5,1
7088.6,119.8,1
7088.8,127.9,1
7093.9,130.6,1
7094.0,136.6,1
7094.2,149.1,1
7094.4,196.9,1
7094.5,138.5,1
7099.7,126.1,1
7099.8,127.2,1
7099.9,141.0,1
7100.1,120.2,1
7100.2,139.5,1
7105.3,101.5,1
7105.4,143.4,1
7105.6,154.6,1
7105.7,144.5,1
7105.9,125.5,1
7111.0,164.2,1
7111.2,153.5,1
7111.3,137.4,1
7111.5,136.8,1
7111.6,142.6,1
7116.7,115.3,1
7116.9,153.0,1
7117.0,143.5,1
7117.2,135.7,1
7117.3,136.2,1
7122.4,122.8,1
7122.6,151.3,1
7122.7,165.1,1
7122.9,198.5,1
7123.1,178.8,1
7128.3,153.7,1
7128.4,124.4,1
7128.5,142.6,1
7128.7,139.1,1
7128.8,137.3,1
7133.9,115.2,1
7134.1,132.1,1
7134.2,127.5,1
7134.3,130.8,1
7134.4,112.0,1
7139.6,139.3,1
7139.7,144.6,1
7139.9,151.6,1
7140.1,189.6,1
7140.2,128.9,1
7145.4,154.4,1
7145.5,140.1,1
7145.6,128.6,1
7145.8,127.2,1
7145.9,128.7,1
7151.0,126.1,1
7151.1,99.2,1
7151.2,117.6,1
7151.4,142.4,1
7151.5,120.1,1
7156.7,154.4,1
7156.8,142.6,1
7156.9,139.2,1
7157.1,144.3,1
7157.2,143.5,1
7162.4,142.9,1
7162.5,145.3,1
7162.7,152.4,1
7162.8,127.4,1
7162.9,135.3,1
7168.1,133.1,1
7168.2,141.7,1
7168.4,150.0,1
7168.5,127.1,1
7168.6,148.7,1
7173.8,133.7,1
7173.9,126.8,1
7174.0,145.3,1
7174.2,135.4,1
7174.3,129.6,1
7179.5,143.1,1
7179.6,108.2,1
7179.7,147.2,1
7179.9,149.7,1
7180.0,117.0,1
7185.1,122.3,1
7185.2,132.1,1
7185.4,135.9,1
7185.5,134.6,1
7185.6,114.5,1
7190.8,120.0,1
7190.9,149.9,1
7191.0,141.1,1
7191.2,132.6,1
7191.3,120.4,1
7196.4,120.5,1
7196.5,122.0,1
7196.7,111.5,1
7196.8,142.2,1
7196.9,132.5,1
7202.1,137.9,1
7202.2,125.5,1
7202.3,137.1,1
7202.4,120.2,1
7202.6,154.5,1
7207.7,117.8,1
7207.9,125.4,1
7208.0,151.7,1
7208.1,124.1,1
7208.3,149.6,1
7213.4,155.3,1
7213.6,153.0,1
7213.7,150.8,1
7213.9,139.8,1
7214.0,145.4,1
7219.2,130.2,1
7219.3,152.0,1
7219.5,139.7,1
7219.6,157.4,1
7219.8,153.6,1
7224.9,113.5,1
7225.0,123.1,1
7225.1,138.3,1
7225.3,110.3,1
7225.4,123.2,1
7230.5,139.0,1
7230.7,130.3,1
7230.8,139.9,1
7230.9,133.6,1
7231.0,121.0,1
7236.2,114.8,1
7236.3,126.2,1
7236.4,136.9,1
7236.6,144.6,1
7236.7,172.4,1
7241.9,105.3,1
7242.0,134.4,1
7242.1,107.5,1
7242.2,99.9,1
7242.3,145.0,1
7247.5,155.4,1
7247.6,140.3,1
7247.8,147.1,1
7248.0,158.2,1
7248.1,147.4,1
7253.2,133.8,1
7253.4,139.5,1
7253.5,159.6,1
7253.8,214.7,1
7253.9,155.3,1
7259.1,151.7,1
7259.2,140.1,1
7259.3,135.0,1
7259.5,136.9,1
7259.7,201.6,1
7264.8,148.9,1
7265.0,149.1,1
7265.1,143.0,1
7265.3,138.3,1
7265.4,163.1,1
7270.6,128.6,1
7270.7,162.0,1
7270.9,139.5,1
7271.0,154.6,1
7271.1,125.5,1
7276.3,142.7,1
7276.4,142.3,1
7276.5,96.4,1
7276.7,144.0,1
7276.8,133.5,1
7282.0,152.3,1
7282.1,181.3,1
7282.2,96.2,1
7282.4,154.1,1
7282.5,127.7,1
7287.7,168.1,1
7287.8,139.3,1
7288.0,135.2,1
7288.1,129.0,1
7288.2,106.9,1
7293.3,121.3,1
7293.5,145.5,1
7293.6,154.8,1
7293.8,146.7,1
7293.9,127.0,1
7299.0,142.4,1
7299.2,137.7,1
7299.3,134.0,1
7299.5,137.4,1
7299.6,140.5,1
7304.8,146.2,1
7304.9,120.2,1
7305.0,136.3,1
7305.1,140.6,1
7305.3,144.8,1
7310.4,141.1,1
7310.6,142.5,1
7310.7,147.8,1
7310.9,153.0,1
7311.0,152.8,1
7316.2,143.6,1
7316.3,141.5,1
7316.4,97.1,1
7316.5,106.7,1
7316.7,127.1,1
7321.8,94.7,1
7321.9,144.7,1
7322.0,118.9,1
7322.1,104.2,1
7322.3,130.1,1
7327.4,145.3,1
7327.5,140.2,1
7327.7,122.4,1
7327.8,115.0,1
7327.9,127.1,1
7333.1,143.2,1
7333.2,101.0,1
7333.3,115.1,1
7333.4,135.6,1
7333.5,142.7,1
7338.7,150.6,1
7338.8,135.3,1
7339.0,147.2,1
7339.1,136.6,1
7339.3,148.5,1
7344.4,110.7,1
7344.5,133.1,1
7344.7,144.9,1
7344.8,141.7,1
7345.0,147.0,1
7350.1,130.2,1
7350.2,143.5,1
7350.4,156.6,1
7350.5,121.1,1
7350.7,141.1,1
7355.8,144.4,1
7355.9,115.4,1
7356.0,118.1,1
7356.2,150.9,1
7356.3,149.0,1
7361.4,97.6,1
7361.6,112.7,1
7361.7,133.0,1
7361.8,137.2,1
7362.0,128.5,1
7367.1,148.6,1
7367.2,113.2,1
7367.3,122.7,1
7367.5,134.3,1
7367.6,146.9,1
7372.7,96.3,1
7372.8,122.7,1
7373.0,121.4,1
7373.1,138.0,1
7373.2,100.8,1
7378.3,133.2,1
7378.4,104.3,1
7378.5,97.5,1
7378.7,110.0,1
7378.8,145.7,1
7383.9,100.7,1
7384.1,152.4,1
7384.2,191.7,1
7384.4,198.9,1
7384.6,143.3,1
7389.7,144.7,1
7389.9,151.3,1
7390.0,121.3,1
7390.2,139.4,1
7390.3,152.6,1
7395.5,148.1,1
7395.6,145.6,1
7395.8,188.5,1
7395.9,143.4,1
7396.1,157.7,1
7401.3,149.7,1
7401.4,139.4,1
7401.5,147.6,1
7401.7,153.7,1
7401.9,206.7,1
7407.0,113.2,1
7407.2,142.2,1
7407.3,123.4,1
7407.4,145.2,1
7407.6,122.3,1
7412.7,119.7,1
7412.8,131.3,1
7412.9,121.5,1
7413.1,136.6,1
7413.2,122.3,1
7418.3,106.1,1
7418.4,115.0,1
7418.5,123.0,1
7418.6,111.7,1
7418.8,103.9,1
7423.9,160.2,1
7424.0,112.7,1
7424.1,106.7,1
7424.3,116.9,1
7424.3,95.9,1
7429.5,137.9,1
7429.6,149.2,1
7429.8,146.8,1
7429.9,146.7,1
7430.1,125.1,1
7435.2,134.7,1
7435.3,147.5,1
7435.5,140.9,1
7435.6,146.7,1
7435.8,140.1,1
7440.9,111.4,1
7441.0,136.4,1
7441.2,150.5,1
7441.3,154.8,1
7441.5,123.8,1
7446.6,152.2,1
7446.8,137.0,1
7446.9,136.6,1
7447.0,155.2,1
7447.2,170.8,1
7452.3,122.6,1
7452.5,121.7,1
7452.6,140.3,1
7452.7,108.6,1
7452.8,121.0,1
7458.0,138.3,1
7458.1,124.8,1
7458.2,120.8,1
7458.3,124.8,1
7458.5,132.4,1
7463.6,145.3,1
7463.7,115.7,1
7463.9,125.0,1
7464.0,149.7,1
7464.2,181.4,1
7469.3,96.7,1
7469.4,137.4,1
7469.6,143.6,1
7469.7,128.7,1
7469.8,129.7,1
7475.0,152.0,1
7475.1,142.5,1
7475.3,148.1,1
7475.4,127.3,1
7475.6,144.1,1
7480.7,148.5,1
7480.9,148.3,1
7481.0,139.7,1
7481.1,133.1,1
7481.3,149.5,1
7486.4,140.7,1
7486.6,133.5,1
7486.7,150.1,1
7486.9,146.0,1
7487.0,153.0,1
7492.2,152.8,1
7492.3,153.6,1
7492.5,144.0,1
7492.6,147.8,1
7492.7,131.5,1
7497.9,114.8,1
7498.0,115.1,1
7498.1,133.7,1
7498.2,119.0,1
7498.4,143.2,1
7503.5,117.4,1
7503.6,120.9,1
7503.8,136.7,1
7503.9,127.3,1
7504.0,96.9,1
7509.1,136.7,1
7509.2,114.5,1
7509.4,126.4,1
7509.5,140.0,1
7509.6,123.5,1
7514.8,127.5,1
7514.9,155.1,1
7515.1,138.3,1
7515.2,135.4,1
7515.3,145.4,1
7520.5,126.4,1
7520.6,141.6,1
7520.8,148.7,1
7520.9,126.6,1
7521.0,149.6,1
7526.2,117.5,1
7526.3,139.6,1
7526.4,142.5,1
7526.6,139.9,1
7526.7,125.9,1
7531.9,165.0,1
7532.0,166.7,1
7532.3,216.4,1
7532.4,167.2,1
7532.7,236.3,1
7537.8,113.0,1
7537.9,137.4,1
7538.1,151.3,1
7538.2,149.7,1
7538.3,132.0,1
7543.5,145.6,1
7543.6,139.6,1
7543.8,137.8,1
7543.9,108.7,1
7544.0,133.2,1
7549.2,142.6,1
7549.3,100.0,1
7549.4,127.6,1
7549.5,123.2,1
7549.7,142.0,1
7554.8,122.7,1
7554.9,145.5,1
7555.0,99.1,1
7555.2,138.2,1
7555.3,145.2,1
7560.4,130.1,1
7560.6,134.5,1
7560.7,122.1,1
7560.9,155.4,1
7561.0,116.2,1
7566.1,142.6,1
7566.2,130.7,1
7566.4,117.6,1
7566.5,145.1,1
7566.6,124.1,1
7571.8,144.3,1
7571.9,149.1,1
7572.1,165.3,1
7572.2,137.6,1
7572.4,129.9,1
7577.5,145.5,1
7577.7,147.9,1
7577.8,142.9,1
7577.9,122.4,1
7578.1,142.8,1
7583.2,148.9,1
7583.4,156.4,1
7583.5,122.7,1
7583.6,140.2,1
7583.8,127.3,1
7588.9,109.5,1
7589.0,139.0,1
7589.2,181.7,1
7589.3,138.9,1
7589.4,100.3,1
7594.6,141.9,1
7594.7,112.7,1
7594.8,119.2,1
7594.9,122.2,1
7595.1,134.8,1
7600.2,110.1,1
7600.3,147.4,1
7600.5,108.6,1
7600.6,126.2,1
7600.7,137.2,1
7605.9,138.2,1
7606.0,147.0,1
7606.1,133.7,1
7606.3,144.2,1
7606.4,132.6,1
7611.6,136.1,1
7611.7,145.0,1
7611.8,139.6,1
7612.0,174.4,1
7612.2,153.6,1
7617.3,149.4,1
7617.5,142.6,1
7617.6,153.3,1
7617.8,160.0,1
7617.9,149.3,1
7623.1,138.3,1
7623.2,141.5,1
7623.4,142.0,1
7623.5,141.0,1
7623.6,137.0,1
7628.8,145.5,1
7628.9,143.5,1
7629.1,136.3,1
7629.2,134.6,1
7629.3,144.5,1
7634.5,130.7,1
7634.6,142.8,1
7634.7,103.5,1
7634.9,132.6,1
7635.0,95.2,1
7640.1,116.9,1
7640.2,127.2,1
7640.3,126.0,1
7640.5,131.9,1
7640.6,151.6,1
7645.7,124.6,1
7646.0,227.6,1
7646.1,138.5,1
7646.3,168.8,1
7646.4,152.2,1
7651.6,122.3,1
7651.7,143.1,1
7651.8,139.2,1
7652.0,146.8,1
7652.1,143.1,1
7657.3,157.6,1
7657.4,146.2,1
7657.6,121.4,1
7657.7,142.7,1
7657.8,143.2,1
7663.0,175.4,1
7663.2,145.2,1
7663.3,160.9,1
7663.5,162.8,1
7663.6,147.1,1
7668.8,127.4,1
7668.9,138.3,1
7669.1,145.5,1
7669.2,143.5,1
7669.3,135.2,1
7674.5,115.9,1
7674.6,124.6,1
7674.7,146.9,1
7674.8,121.2,1
7674.9,99.2,1
7680.1,122.2,1
7680.2,130.2,1
7680.3,147.7,1
7680.5,121.3,1
7680.6,145.1,1
7685.7,118.0,1
7685.9,127.7,1
7686.0,132.4,1
7686.1,127.1,1
7686.3,133.0,1
7691.4,125.1,1
7691.5,138.6,1
7691.7,142.9,1
7691.8,152.7,1
7691.9,131.2,1
7697.1,144.9,1
7697.3,154.0,1
7697.4,136.7,1
7697.5,142.0,1
7697.7,140.8,1
7702.8,151.0,1
7703.0,149.9,1
7703.1,142.5,1
7703.2,130.9,1
7703.4,118.9,1
7708.5,121.5,1
7708.6,144.0,1
7708.8,134.0,1
7708.9,152.8,1
7709.1,142.8,1
7714.2,139.2,1
7714.3,135.7,1
7714.5,123.7,1
7714.6,144.2,1
7714.8,144.1,1
7719.9,130.3,1
7720.0,130.7,1
7720.2,195.7,1
7720.4,151.5,1
7720.5,153.6,1
7725.7,127.3,1
7725.8,132.7,1
7725.9,143.5,1
7726.1,137.0,1
7726.2,112.0,1
7731.3,122.0,1
7731.4,129.9,1
7731.6,132.1,1
7731.7,129.6,1
7731.8,145.4,1
7737.0,133.2,1
7737.1,139.0,1
7737.3,141.9,1
7737.4,144.7,1
7737.6,140.4,1
7742.7,155.5,1
7742.9,156.8,1
7743.0,138.5,1
7743.1,137.1,1
7743.3,151.1,1
7748.4,135.7,1
7748.6,131.5,1
7748.7,139.0,1
7748.8,143.0,1
7749.0,147.9,1
7754.1,138.3,1
7754.3,124.3,1
7754.4,144.6,1
7754.5,132.0,1
7754.7,113.1,1
7759.8,137.6,1
7759.9,151.8,1
7760.1,151.7,1
7760.3,171.5,1
7760.4,163.2,1
7765.6,139.4,1
7765.7,164.6,1
7765.8,97.8,1
7765.9,103.9,1
7766.1,108.2,1
7771.2,133.7,1
7771.3,114.7,1
7771.4,132.8,1
7771.5,106.9,1
7771.7,158.3,1
7776.8,127.6,1
7777.0,162.0,1
7777.2,154.5,1
7777.3,142.7,1
7777.4,146.4,1
7782.6,135.3,1
7782.7,99.4,1
7782.8,133.8,1
7783.0,144.9,1
7783.1,143.5,1
7788.2,134.6,1
7788.4,127.6,1
7788.5,139.3,1
7788.7,146.9,1
7788.8,152.0,1
7794.0,164.8,1
7794.1,156.2,1
7794.3,144.1,1
7794.4,136.9,1
7794.6,135.8,1
7799.7,149.5,1
7799.8,128.8,1
7800.0,121.2,1
7800.1,150.1,1
7800.2,139.1,1
7805.4,120.6,1
7805.5,148.1,1
7805.7,176.9,1
7805.9,165.8,1
7806.0,158.7,1
7811.1,109.7,1
7811.3,130.4,1
7811.4,118.6,1
7811.5,107.5,1
7811.6,133.0,1
7816.7,95.9,1
7816.8,98.3,1
7816.9,126.4,1
7817.0,98.2,1
7817.2,116.5,1
7822.3,136.2,1
7822.4,117.9,1
7822.5,127.6,1
7822.7,148.7,1
7822.8,137.2,1
7828.0,119.8,1
7828.1,133.0,1
7828.2,127.0,1
7828.3,119.7,1
7828.5,119.2,1
7833.6,144.2,1
7833.7,147.7,1
7833.9,147.5,1
7834.0,148.3,1
7834.2,130.8,1
7839.3,123.7,1
7839.5,170.6,1
7839.6,150.3,1
7839.8,150.9,1
7839.9,148.1,1
7845.1,128.0,1
7845.2,147.6,1
7845.4,152.3,1
7845.5,152.4,1
7845.7,144.0,1
7850.8,138.2,1
7850.9,104.5,1
7851.0,140.2,1
7851.2,122.7,1
7851.3,135.8,1
7856.4,125.5,1
7856.6,132.7,1
7856.7,140.5,1
7856.8,134.4,1
7857.0,140.7,1
7862.1,119.9,1
7862.2,120.2,1
7862.4,151.4,1
7862.5,124.4,1
7862.6,101.8,1
7867.7,138.4,1
7867.9,141.8,1
7868.0,141.3,1
7868.1,111.8,1
7868.2,105.8,1
7873.3,97.3,1
7873.5,114.9,1
7873.6,124.6,1
7873.7,103.4,1
7873.8,120.0,1
7879.0,145.9,1
7879.1,150.2,1
7879.3,141.3,1
7879.4,125.5,1
7879.5,149.3,1
7884.7,147.9,1
7884.8,139.2,1
7885.0,156.9,1
7885.1,132.7,1
7885.2,130.0,1
7890.4,144.0,1
7890.5,153.4,1
7890.7,172.7,1
7890.9,172.2,1
7891.1,190.0,1
7896.2,137.3,1
7896.4,154.1,1
7896.5,135.0,1
7896.7,149.1,1
7896.8,141.8,1
7902.0,149.0,1
7902.1,144.0,1
7902.3,156.9,1
7902.4,160.1,1
7902.6,149.3,1
7907.7,140.2,1
7907.8,140.2,1
7908.0,123.9,1
7908.1,157.4,1
7908.3,130.7,1
7913.4,99.5,1
7913.5,115.6,1
7913.6,101.2,1
7913.7,107.2,1
7913.8,117.9,1
7918.9,125.5,1
7919.1,147.3,1
7919.2,100.2,1
7919.3,135.3,1
7919.4,127.2,1
7924.6,170.9,1
7924.8,142.2,1
7924.9,152.3,1
7925.1,148.4,1
7925.2,154.6,1
7930.3,121.5,1
7930.5,141.0,1
7930.6,141.9,1
7930.8,137.5,1
7930.9,140.4,1
7936.1,143.1,1
7936.2,144.7,1
7936.4,149.0,1
7936.5,142.9,1
7936.6,137.9,1
7941.8,147.9,1
7941.9,147.5,1
7942.1,137.2,1
7942.2,147.6,1
7942.3,124.3,1
7947.5,146.9,1
7947.6,134.4,1
7947.8,141.0,1
7947.9,127.5,1
7948.0,132.4,1
7953.1,107.0,1
7953.3,129.5,1
7953.4,138.3,1
7953.5,127.4,1
7953.7,133.2,1
7958.8,95.7,1
7958.9,143.5,1
7959.0,128.8,1
7959.1,103.1,1
7959.3,151.7,1
7964.4,110.2,1
7964.5,127.8,1
7964.7,146.7,1
7964.8,107.8,1
7964.9,149.2,1
7970.1,128.8,1
7970.2,147.8,1
7970.4,127.3,1
7970.5,139.2,1
7970.6,140.8,1
7975.8,147.7,1
7975.9,139.3,1
7976.1,146.3,1
7976.2,174.1,1
7976.4,146.2,1
7981.5,123.0,1
7981.7,139.6,1
7981.8,143.5,1
7981.9,123.7,1
7982.1,140.0,1
7987.2,149.2,1
7987.4,140.8,1
7987.5,139.7,1
7987.6,145.2,1
7987.8,153.6,1
7992.9,96.6,1
7993.0,133.0,1
7993.1,97.5,1
7993.3,151.7,1
7993.4,119.4,1
7998.5,125.8,1
7998.7,143.4,1
7998.8,95.6,1
7998.9,131.3,1
7999.0,118.4,1
8004.1,98.9,1
8004.3,127.9,1
8004.4,135.9,1
8004.5,111.4,1
8004.6,139.6,1
8009.8,123.7,1
8009.9,101.4,1
8010.0,145.6,1
8010.1,100.1,1
8010.2,127.6,1
8015.4,142.5,1
8015.5,124.7,1
8015.7,155.1,1
8015.8,139.5,1
8016.0,147.1,1
8021.1,151.3,1
8021.3,141.3,1
8021.4,157.1,1
8021.6,147.9,1
8021.7,163.0,1
8026.9,138.6,1
8027.0,154.2,1
8027.2,149.1,1
8027.3,118.1,1
8027.4,142.2,1
8032.6,148.3,1
8032.7,151.5,1
8032.9,145.8,1
8033.0,147.2,1
8033.2,152.3,1
8038.3,139.9,1
8038.4,121.0,1
8038.6,166.8,1
8038.8,151.3,1
8038.9,162.4,1
8044.1,141.9,1
8044.2,135.0,1
8044.3,138.3,1
8044.5,117.0,1
8044.6,113.4,1
8049.7,140.2,1
8049.8,131.6,1
8050.0,116.8,1
8050.1,101.0,1
8050.3,201.8,1
8055.4,127.3,1
8055.5,120.6,1
8055.7,134.2,1
8055.8,149.0,1
8055.9,127.2,1
8061.1,138.7,1
8061.2,144.1,1
8061.3,132.7,1
8061.5,152.1,1
8061.6,140.1,1
8066.8,147.5,1
8066.9,151.2,1
8067.1,143.8,1
8067.2,138.8,1
8067.4,126.8,1
8072.5,138.2,1
8072.6,136.0,1
8072.8,119.0,1
8072.9,133.9,1
8073.0,139.6,1
8078.2,145.5,1
8078.3,153.9,1
8078.5,134.1,1
8078.6,115.0,1
8078.7,110.6,1
8083.8,127.8,1
8084.0,138.3,1
8084.1,120.6,1
8084.2,144.6,1
8084.3,119.4,1
8089.5,106.0,1
8089.6,138.8,1
8089.7,150.4,1
8089.9,148.2,1
8090.0,102.9,1
8095.1,139.4,1
8095.3,150.4,1
8095.4,99.6,1
8095.5,114.6,1
8095.6,139.0,1
8100.8,152.3,1
8100.9,135.4,1
8101.1,145.9,1
8101.2,131.8,1
8101.3,137.9,1
8106.5,136.2,1
8106.6,135.5,1
8106.8,156.0,1
8106.9,129.7,1
8107.1,168.9,1
8112.2,108.5,1
8112.3,139.1,1
8112.5,155.3,1
8112.6,139.0,1
8112.8,141.1,1
8117.9,124.8,1
8118.0,119.8,1
8118.2,145.9,1
8118.3,136.3,1
8118.4,143.4,1
8123.6,153.1,1
8123.7,104.0,1
8123.8,136.5,1
8124.0,149.5,1
8124.1,131.2,1
8129.2,97.8,1
8129.3,112.1,1
8129.5,132.5,1
8129.6,127.3,1
8129.7,116.7,1
8134.8,119.4,1
8135.0,121.8,1
8135.1,127.6,1
8135.2,141.5,1
8135.4,132.4,1
8140.5,136.8,1
8140.6,113.0,1
8140.8,135.2,1
8140.9,123.2,1
8141.0,134.4,1
8146.2,149.4,1
8146.3,142.0,1
8146.4,128.7,1
8146.6,150.2,1
8146.7,154.3,1
8151.9,153.7,1
8152.0,139.6,1
8152.2,145.0,1
8152.3,167.0,1
8152.5,167.6,1
8157.7,146.9,1
8157.8,145.5,1
8157.9,130.0,1
8158.1,151.6,1
8158.2,145.5,1
8163.4,133.5,1
8163.6,207.9,1
8163.7,143.4,1
8163.9,146.2,1
8164.0,142.0,1
8169.2,154.3,1
8169.3,149.0,1
8169.5,160.4,1
8169.6,141.5,1
8169.7,117.2,1
8174.9,137.8,1
8175.0,154.2,1
8175.2,116.5,1
8175.3,112.6,1
8175.4,98.8,1
8180.5,97.3,1
8180.6,130.2,1
8180.8,147.2,1
8180.9,114.0,1
8181.0,140.7,1
8186.2,145.2,1
8186.3,126.8,1
8186.4,126.9,1
8186.5,115.2,1
8186.7,137.0,1
8191.8,123.6,1
8191.9,145.3,1
8192.1,141.4,1
8192.2,144.5,1
8192.4,133.0,1
8197.5,135.3,1
8197.6,149.2,1
8197.8,142.8,1
8197.9,141.3,1
8198.1,130.9,1
8203.2,114.9,1
8203.3,143.6,1
8203.5,141.0,1
8203.6,152.4,1
8203.8,145.8,1
8208.9,133.8,1
8209.0,132.3,1
8209.2,148.3,1
8209.3,145.4,1
8209.5,132.0,1
8214.6,154.1,1
8214.8,144.9,1
8214.9,134.3,1
8215.0,138.0,1
8215.2,147.6,1
8220.4,199.0,1
8220.5,130.2,1
8220.6,128.9,1
8220.7,101.1,1
8220.9,126.2,1
8226.0,120.2,1
8226.1,129.6,1
8226.3,134.0,1
8226.4,154.7,1
8226.5,97.0,1
8231.6,112.3,1
8231.8,148.4,1
8231.9,129.1,1
8232.0,118.6,1
8232.1,101.4,1
8237.3,150.9,1
8237.4,125.4,1
8237.6,148.0,1
8237.7,132.5,1
8237.8,135.9,1
8243.0,141.7,1
8243.1,131.8,1
8243.2,135.7,1
8243.4,138.9,1
8243.5,148.4,1
8248.7,146.5,1
8248.8,158.3,1
8249.0,136.1,1
8249.1,153.1,1
8249.3,152.3,1
8254.4,120.1,1
8254.5,129.6,1
8254.7,163.6,1
8254.8,151.0,1
8255.0,126.1,1
8260.1,129.2,1
8260.2,137.4,1
8260.4,118.1,1
8260.5,126.8,1
8260.6,132.0,1
8265.8,133.7,1
8265.9,120.8,1
8266.0,95.3,1
8266.1,124.5,1
8266.2,147.2,1
8271.3,104.6,1
8271.5,146.8,1
8271.6,147.2,1
8271.7,95.4,1
8271.8,98.0,1
8276.9,99.2,1
8277.1,143.4,1
8277.2,128.8,1
8277.3,111.0,1
8277.4,121.1,1
8282.6,125.0,1
8282.7,140.7,1
8282.9,143.9,1
8283.0,156.8,1
8283.2,165.9,1
8288.3,122.6,1
8288.5,166.8,1
8288.6,131.5,1
8288.8,147.2,1
8288.9,157.3,1
8294.0,121.3,1
8294.2,134.6,1
8294.3,141.2,1
8294.5,159.6,1
8294.6,151.8,1
8299.8,171.6,1
8300.0,206.6,1
8300.2,165.6,1
8300.3,160.0,1
8300.5,187.7,1
8305.7,140.1,1
8305.8,109.7,1
8305.9,96.5,1
8306.0,105.2,1
8306.1,122.5,1
8311.2,136.1,1
8311.3,106.0,1
8311.5,128.6,1
8311.6,133.1,1
8311.7,137.1,1
8316.9,159.2,1
8317.0,131.7,1
8317.2,132.9,1
8317.3,97.7,1
8317.4,150.5,1
8322.5,108.3,1
8322.7,139.6,1
8322.8,120.1,1
8322.9,106.4,1
8323.0,141.3,1
8328.2,158.7,1
8328.3,122.7,1
8328.5,151.7,1
8328.6,145.3,1
8328.8,122.1,1
8333.9,108.9,1
8334.0,154.9,1
8334.2,161.7,1
8334.4,167.4,1
8334.5,156.3,1
8339.7,139.9,1
8339.8,146.4,1
8339.9,147.6,1
8340.1,148.0,1
8340.2,138.3,1
8345.4,117.3,1
8345.5,148.1,1
8345.6,127.4,1
8345.8,153.3,1
8345.9,132.6,1
8351.1,133.2,1
8351.2,112.0,1
8351.3,140.9,1
8351.4,138.2,1
8351.5,98.1,1
8356.7,123.1,1
8356.8,96.0,1
8356.9,110.7,1
8357.0,110.2,1
8357.1,120.9,1
8362.3,148.2,1
8362.4,121.6,1
8362.5,124.2,1
8362.6,104.6,1
8362.7,113.6,1
8367.8,109.3,1
8368.0,127.8,1
8368.1,131.9,1
8368.2,138.0,1
8368.4,119.3,1
8373.5,116.8,1
8373.6,162.4,1
8373.8,162.4,1
8373.9,131.4,1
8374.1,125.5,1
8379.2,143.1,1
8379.3,139.4,1
8379.5,131.7,1
8379.6,149.4,1
8379.8,195.1,1
8385.0,133.8,1
8385.1,126.8,1
8385.2,158.7,1
8385.4,144.3,1
8385.6,166.7,1
8390.7,130.4,1
8390.8,147.8,1
8391.0,139.9,1
8391.1,137.3,1
8391.3,162.0,1
8396.4,143.7,1
8396.5,102.1,1
8396.7,131.4,1
8396.8,133.6,1
8396.9,118.7,1
8402.0,97.2,1
8402.1,96.7,1
8402.2,97.8,1
8402.3,111.9,1
8402.4,119.8,1
8407.5,97.0,1
8407.7,129.5,1
8407.8,149.2,1
8407.9,102.3,1
8408.0,123.8,1
8413.2,125.1,1
8413.3,137.1,1
8413.5,147.4,1
8413.6,160.0,1
8413.8,130.5,1
8418.9,139.3,1
8419.0,140.8,1
8419.2,186.5,1
8419.4,161.8,1
8419.5,144.5,1
8424.7,138.9,1
8424.8,153.8,1
8425.0,141.3,1
8425.1,143.2,1
8425.3,149.0,1
8430.4,156.9,1
8430.6,190.5,1
8430.8,154.9,1
8431.0,213.1,1
8431.2,194.5,1
8436.3,105.1,1
8436.4,144.5,1
8436.6,161.9,1
8436.7,149.0,1
8436.9,136.1,1
8442.0,109.3,1
8442.1,147.3,1
8442.2,96.6,1
8442.4,137.7,1
8442.5,124.3,1
8447.6,142.9,1
8447.8,126.5,1
8447.9,142.0,1
8448.0,127.0,1
8448.2,140.4,1
8453.3,140.0,1
8453.4,103.9,1
8453.5,103.0,1
8453.6,115.1,1
8453.8,154.0,1
8458.9,136.1,1
8459.1,114.4,1
8459.2,121.7,1
8459.3,108.4,1
8459.4,148.3,1
8464.6,158.2,1
8464.8,153.4,1
8464.9,139.6,1
8465.0,148.0,1
8465.2,138.2,1
8470.3,146.8,1
8470.5,149.1,1
8470.6,135.9,1
8470.7,132.6,1
8470.9,135.6,1
8476.0,152.5,1
8476.2,149.7,1
8476.3,137.8,1
8476.5,153.0,1
8476.6,142.8,1
8481.8,152.3,1
8481.9,131.1,1
8482.1,149.9,1
8482.2,129.0,1
8482.3,147.5,1
8487.5,137.5,1
8487.6,141.0,1
8487.8,134.7,1
8487.9,123.3,1
8488.0,141.7,1
8493.2,128.3,1
8493.3,130.9,1
8493.4,136.6,1
8493.6,141.2,1
8493.7,112.1,1
8498.8,154.2,1
8498.9,113.8,1
8499.1,139.4,1
8499.2,127.4,1
8499.4,140.5,1
8504.5,97.7,1
8504.6,114.8,1
8504.7,133.3,1
8504.8,129.6,1
8505.0,123.3,1
8510.1,133.6,1
8510.2,142.0,1
8510.3,109.0,1
8510.5,127.4,1
8510.6,123.4,1
8515.7,138.2,1
8515.9,135.3,1
8516.0,134.7,1
8516.2,145.7,1
8516.3,139.6,1
8521.4,98.4,1
8521.5,131.0,1
8521.7,161.8,1
8521.8,135.5,1
8522.0,136.7,1
8527.1,157.5,1
8527.3,145.1,1
8527.4,115.9,1
8527.5,139.8,1
8527.7,154.1,1
8532.8,126.1,1
8532.9,98.8,1
8533.0,110.1,1
8533.1,129.8,1
8533.3,154.3,1
8538.5,146.0,1
8538.6,111.2,1
8538.7,136.9,1
8538.8,128.3,1
8539.0,126.7,1
8544.1,124.7,1
8544.2,100.2,1
8544.3,132.9,1
8544.5,135.7,1
8544.6,130.9,1
8549.7,116.5,1
8549.8,144.0,1
8550.0,121.0,1
8550.1,114.1,1
8550.2,152.7,1
8555.4,131.0,1
8555.5,135.4,1
8555.6,134.4,1
8555.8,152.4,1
8555.9,154.3,1
8561.1,147.7,1
8561.3,151.0,1
8561.4,146.5,1
8561.6,244.2,1
8561.8,157.2,1
8566.9,132.8,1
8567.1,151.7,1
8567.2,139.7,1
8567.4,142.2,1
8567.5,149.7,1
8572.7,134.5,1
8572.8,133.8,1
8572.9,120.8,1
8573.1,147.7,1
8573.2,135.7,1
8578.4,143.8,1
8578.5,155.3,1
8578.7,144.5,1
8578.8,134.2,1
8578.9,127.9,1
8584.0,113.5,1
8584.1,112.5,1
8584.3,141.6,1
8584.4,112.4,1
8584.5,150.4,1
8589.7,118.6,1
8589.8,95.7,1
8589.9,144.4,1
8590.0,133.8,1
8590.2,110.4,1
8595.3,109.2,1
8595.4,145.1,1
8595.6,143.2,1
8595.7,148.8,1
8595.9,164.3,1
8601.0,126.7,1
8601.1,125.1,1
8601.3,133.3,1
8601.4,135.7,1
8601.5,113.6,1
8606.7,165.4,1
8606.8,145.4,1
8607.0,138.8,1
8607.1,139.8,1
8607.2,126.2,1
8612.4,154.1,1
8612.5,142.5,1
8612.7,148.8,1
8612.8,140.3,1
8613.0,140.2,1
8618.1,135.5,1
8618.2,141.8,1
8618.4,117.5,1
8618.5,148.3,1
8618.7,149.7,1
8623.8,114.1,1
8623.9,130.2,1
8624.0,132.1,1
8624.2,117.3,1
8624.3,130.3,1
8629.4,146.3,1
8629.5,100.9,1
8629.7,115.3,1
8629.8,120.8,1
8629.9,133.6,1
8635.1,147.8,1
8635.2,109.5,1
8635.3,121.6,1
8635.4,133.3,1
8635.5,112.2,1
8640.7,151.0,1
8640.9,197.3,1
8641.1,158.3,1
8641.2,171.7,1
8641.4,159.1,1
8646.5,120.7,1
8646.7,150.7,1
8646.8,144.0,1
8647.0,152.6,1
8647.1,134.2,1
8652.2,126.2,1
8652.4,139.1,1
8652.5,121.5,1
8652.6,142.0,1
8652.7,104.8,1
8657.9,149.8,1
8658.0,125.4,1
8658.1,136.9,1
8658.3,125.5,1
8658.4,135.0,1
8663.5,117.9,1
8663.6,117.4,1
8663.8,133.2,1
8663.9,131.9,1
8664.0,132.3,1
8669.2,148.5,1
8669.3,143.9,1
8669.5,142.9,1
8669.6,145.7,1
8669.7,118.5,1
8674.9,134.2,1
8675.0,142.1,1
8675.2,143.3,1
8675.3,108.3,1
8675.4,114.3,1
8680.5,145.9,1
8680.7,130.4,1
8680.8,118.7,1
8680.9,144.0,1
8681.0,109.8,1
8686.2,127.9,1
8686.3,138.3,1
8686.5,151.1,1
8686.6,152.4,1
8686.8,154.1,1
8691.9,162.2,1
8692.1,147.8,1
8692.3,169.2,1
8692.4,178.7,1
8692.6,177.3,1
8697.8,136.0,1
8697.9,108.9,1
8698.0,132.5,1
8698.2,154.1,1
8698.3,127.7,1
8703.4,121.8,1
8703.5,139.4,1
8703.7,145.3,1
8703.8,138.4,1
8704.0,132.8,1
8709.1,139.9,1
8709.2,136.4,1
8709.4,138.7,1
8709.5,166.5,1
8709.7,165.3,1
8714.8,129.2,1
8715.0,149.3,1
8715.1,106.3,1
8715.3,152.5,1
8715.4,144.2,1
8720.5,97.5,1
8720.7,148.8,1
8720.8,126.8,1
8720.9,148.7,1
8721.0,118.6,1
8726.2,131.5,1
8726.3,134.1,1
8726.4,108.3,1
8726.5,104.5,1
8726.7,146.1,1
8731.8,145.4,1
8732.0,154.0,1
8732.1,124.0,1
8732.2,114.5,1
8732.4,140.4,1
8737.5,148.7,1
8737.7,161.5,1
8737.8,156.9,1
8738.0,194.8,1
8738.2,146.3,1
8743.3,155.4,1
8743.5,124.7,1
8743.6,147.9,1
8743.7,145.9,1
8743.9,137.4,1
8749.0,157.0,1
8749.2,139.9,1
8749.3,135.7,1
8749.5,139.8,1
8749.6,135.9,1
8754.7,97.4,1
8754.8,130.4,1
8755.0,139.2,1
8755.1,128.3,1
8755.3,153.3,1
8760.4,100.9,1
8760.5,113.0,1
8760.6,103.2,1
8760.7,110.6,1
8760.8,102.8,1
8765.9,137.0,1
8766.1,143.3,1
8766.2,122.1,1
8766.3,145.4,1
8766.5,152.6,1
8771.6,117.0,1
8771.8,148.7,1
8771.9,95.4,1
8772.0,97.6,1
8772.1,149.8,1
8777.3,145.0,1
8777.4,113.8,1
8777.5,145.2,1
8777.7,155.6,1
8777.8,132.3,1
8782.9,139.3,1
8783.1,139.9,1
8783.2,143.9,1
8783.4,132.5,1
8783.5,128.5,1
8788.6,124.3,1
8788.8,135.0,1
8788.9,170.9,1
8789.1,147.4,1
8789.2,139.2,1
8794.3,114.1,1
8794.5,136.8,1
8794.6,135.2,1
8794.8,190.3,1
8794.9,138.5,1
8800.1,209.9,1
8800.3,128.6,1
8800.4,133.4,1
8800.5,115.0,1
8800.6,118.4,1
8805.8,134.1,1
8805.9,141.6,1
8806.1,144.9,1
8806.2,118.0,1
8806.3,137.9,1
8811.5,146.8,1
8811.6,148.9,1
8811.7,104.5,1
8811.9,122.2,1
8812.0,113.6,1
8817.1,126.7,1
8817.2,106.9,1
8817.3,133.3,1
8817.5,143.8,1
8817.6,135.6,1
8822.8,152.1,1
8822.9,160.1,1
8823.1,172.1,1
8823.3,155.1,1
8823.4,162.7,1
8828.6,140.5,1
8828.7,146.7,1
8828.9,154.2,1
8829.0,131.1,1
8829.1,135.0,1
8834.3,146.4,1
8834.4,147.8,1
8834.6,140.3,1
8834.7,140.5,1
8834.9,151.1,1
8840.0,153.4,1
8840.2,139.6,1
8840.3,177.2,1
8840.5,164.8,1
8840.7,153.7,1
8845.8,135.1,1
8845.9,141.2,1
8846.1,122.0,1
8846.2,142.7,1
8846.3,133.3,1
8851.5,111.4,1
8851.6,98.6,1
8851.7,151.6,1
8851.8,114.4,1
8851.9,121.8,1
8857.1,116.7,1
8857.2,132.7,1
8857.3,97.9,1
8857.4,122.8,1
8857.6,147.7,1
8862.7,150.4,1
8862.8,99.4,1
8863.0,132.8,1
8863.1,127.4,1
8863.2,116.9,1
8868.3,146.3,1
8868.5,147.1,1
8868.6,139.8,1
8868.8,142.8,1
8868.9,133.7,1
8874.0,132.2,1
8874.2,137.6,1
8874.3,147.3,1
8874.5,132.8,1
8874.6,147.5,1
8879.7,131.1,1
8879.9,150.5,1
8880.0,134.6,1
8880.2,137.3,1
8880.3,150.0,1
8885.5,130.7,1
8885.6,140.2,1
8885.7,141.1,1
8885.9,153.0,1
8886.0,138.7,1
8891.2,125.8,1
8891.3,104.8,1
8891.4,121.5,1
8891.5,126.6,1
8891.6,101.0,1
8896.7,123.5,1
8896.9,140.2,1
8897.0,114.6,1
8897.1,136.0,1
8897.3,133.2,1
8902.4,121.5,1
8902.5,113.1,1
8902.6,128.8,1
8902.8,122.1,1
8902.9,149.9,1
8908.0,129.2,1
8908.2,118.3,1
8908.3,111.8,1
8908.4,134.5,1
8908.5,145.8,1
8913.7,134.0,1
8913.8,154.2,1
8914.0,148.8,1
8914.1,122.4,1
8914.3,149.4,1
8919.4,140.4,1
8919.6,159.9,1
8919.7,140.8,1
8919.9,200.1,1
8920.1,142.9,1
8925.2,138.3,1
8925.3,138.1,1
8925.5,138.3,1
8925.6,143.1,1
8925.8,154.9,1
8930.9,134.4,1
8931.1,146.9,1
8931.2,134.1,1
8931.3,149.3,1
8931.5,140.0,1
8936.6,100.1,1
8936.7,131.0,1
8936.9,149.9,1
8937.0,130.8,1
8937.1,147.7,1
8942.3,150.1,1
8942.4,126.8,1
8942.6,136.7,1
8942.7,108.1,1
8942.8,139.3,1
8947.9,122.2,1
8948.0,98.8,1
8948.2,129.3,1
8948.3,100.2,1
8948.4,146.3,1
8953.5,119.7,1
8953.7,146.9,1
8953.8,162.3,1
8954.0,153.7,1
8954.1,149.6,1
8959.3,135.3,1
8959.4,139.2,1
8959.6,125.5,1
8959.7,135.1,1
8959.8,140.4,1
8965.0,145.4,1
8965.1,128.8,1
8965.2,139.1,1
8965.4,115.3,1
8965.5,151.0,1
8970.7,181.6,1
8970.9,156.7,1
8971.0,148.3,1
8971.1,143.0,1
8971.3,162.9,1
8976.4,120.3,1
8976.6,140.2,1
8976.7,143.1,1
8976.9,147.3,1
8977.0,146.6,1
8982.1,123.7,1
8982.3,124.1,1
8982.4,149.6,1
8982.6,145.5,1
8982.7,121.8,1
8987.8,148.5,1
8988.0,125.2,1
8988.1,121.2,1
8988.2,98.8,1
8988.3,126.9,1
8993.4,118.7,1
8993.6,145.9,1
8993.7,145.5,1
8993.8,102.1,1
8993.9,110.8,1
8999.1,130.3,1
8999.2,130.3,1
8999.3,140.1,1
8999.5,117.8,1
8999.6,135.7,1
9004.8,156.7,1
9004.9,151.7,1
9005.0,137.9,1
9005.2,156.1,1
9005.3,144.0,1
9010.5,130.3,1
9010.6,150.0,1
9010.8,135.4,1
9010.9,135.8,1
9011.0,137.5,1
9016.2,137.2,1
9016.3,132.2,1
9016.5,151.7,1
9016.6,138.7,1
9016.7,143.5,1
9021.9,136.8,1
9022.0,149.6,1
9022.2,139.0,1
9022.3,155.4,1
9022.5,135.7,1
9027.6,104.7,1
9027.7,105.9,1
9027.8,131.4,1
9027.9,108.5,1
9028.1,149.6,1
9033.2,140.8,1
9033.4,140.9,1
9033.5,120.5,1
9033.6,102.0,1
9033.7,136.3,1
9038.8,128.4,1
9039.0,135.4,1
9039.1,112.8,1
9039.2,96.4,1
9039.3,125.4,1
9044.4,97.6,1
9044.6,133.8,1
9044.7,151.8,1
9044.8,122.5,1
9045.0,143.4,1
9050.1,151.4,1
9050.3,137.8,1
9050.4,147.9,1
9050.6,150.2,1
9050.7,138.9,1
9055.8,126.7,1
9056.0,126.1,1
9056.1,149.2,1
9056.2,112.7,1
9056.4,157.2,1
9061.5,136.5,1
9061.7,136.8,1
9061.8,142.4,1
9061.9,134.4,1
9062.1,160.3,1
9067.2,137.0,1
9067.3,106.6,1
9067.5,138.8,1
9067.6,141.1,1
9067.8,145.0,1
9072.9,103.4,1
9073.0,151.1,1
9073.2,147.9,1
9073.3,138.3,1
9073.5,136.7,1
9078.6,141.2,1
9078.7,126.2,1
9078.8,116.7,1
9079.0,144.4,1
9079.1,108.2,1
9084.2,120.3,1
9084.4,137.9,1
9084.5,158.8,1
9084.7,150.0,1
9084.8,147.3,1
9089.9,126.0,1
9090.1,116.8,1
9090.2,96.3,1
9090.3,135.5,1
9090.4,118.0,1
9095.6,146.3,1
9095.7,148.0,1
9095.9,149.3,1
9096.0,145.6,1
9096.1,128.2,1
9101.3,152.8,1
9101.4,156.5,1
9101.6,183.6,1
9101.8,168.1,1
9101.9,148.0,1
9107.1,152.0,1
9107.2,141.5,1
9107.4,129.9,1
9107.5,148.0,1
9107.7,140.0,1
9112.8,119.4,1
9112.9,149.8,1
9113.1,139.3,1
9113.2,151.0,1
9113.4,146.3,1
9118.5,116.5,1
9118.6,128.5,1
9118.7,116.5,1
9118.9,154.8,1
9119.0,120.6,1
9124.1,114.7,1
9124.3,140.2,1
9124.4,149.2,1
9124.5,119.8,1
9124.7,139.2,1
9129.8,145.9,1
9129.9,111.1,1
9130.1,131.9,1
9130.2,142.2,1
9130.4,145.3,1
9135.5,141.7,1
9135.7,142.7,1
9135.8,149.0,1
9135.9,139.7,1
9136.1,134.5,1
9141.2,112.2,1
9141.3,145.9,1
9141.5,145.1,1
9141.6,149.1,1
9141.8,154.0,1
9147.0,221.6,1
9147.1,132.8,1
9147.3,135.9,1
9147.4,151.7,1
9147.6,151.4,1
9152.7,137.2,1
9152.9,159.3,1
9153.0,157.9,1
9153.2,145.3,1
9153.3,136.8,1
9158.5,149.6,1
9158.6,139.7,1
9158.8,143.3,1
9158.9,153.8,1
9159.0,129.8,1
9164.2,98.3,1
9164.3,130.2,1
9164.4,131.0,1
9164.5,102.3,1
9164.6,128.4,1
9169.8,114.7,1
9169.9,96.7,1
9170.0,135.1,1
9170.1,121.8,1
9170.2,127.6,1
9175.4,145.6,1
9175.5,133.8,1
9175.7,134.8,1
9175.8,126.8,1
9175.9,119.2,1
9181.0,112.3,1
9181.2,127.5,1
9181.3,136.0,1
9181.4,140.5,1
9181.6,137.0,1
9186.7,157.7,1
9186.9,134.7,1
9187.0,136.4,1
9187.2,151.4,1
9187.3,143.1,1
9192.4,138.2,1
9192.6,135.4,1
9192.7,139.1,1
9192.9,150.7,1
9193.0,135.3,1
9198.1,139.1,1
9198.3,144.8,1
9198.4,146.8,1
9198.6,164.1,1
9198.8,152.3,1
9203.9,127.3,1
9204.0,142.0,1
9204.2,143.6,1
9204.3,132.5,1
9204.4,130.8,1
9209.6,119.3,1
9209.7,130.3,1
9209.8,135.7,1
9210.0,142.4,1
9210.1,115.7,1
9215.2,153.4,1
9215.4,141.2,1
9215.5,152.3,1
9215.7,143.7,1
9215.8,140.9,1
9220.9,117.0,1
9221.1,144.9,1
9221.2,133.6,1
9221.4,142.0,1
9221.5,129.8,1
9226.6,125.2,1
9226.8,148.4,1
9226.9,137.6,1
9227.0,131.8,1
9227.2,145.7,1
9232.4,173.2,1
9232.5,162.2,1
9232.7,146.5,1
9232.8,144.8,1
9233.0,145.4,1
9238.1,124.3,1
9238.2,131.6,1
9238.4,137.5,1
9238.5,136.0,1
9238.6,143.5,1
9243.7,98.7,1
9243.9,139.0,1
9244.0,135.3,1
9244.1,110.8,1
9244.3,119.4,1
9249.4,141.2,1
9249.5,137.0,1
9249.7,148.5,1
9249.8,102.2,1
9249.9,134.3,1
9255.1,145.1,1
9255.2,120.3,1
9255.3,120.2,1
9255.4,129.3,1
9255.6,128.3,1
9260.7,103.4,1
9260.8,147.0,1
9261.0,146.9,1
9261.1,122.7,1
9261.2,142.4,1
9266.4,132.1,1
9266.5,139.0,1
9266.6,125.0,1
9266.7,111.8,1
9266.9,138.3,1
9272.0,134.6,1
9272.2,133.4,1
9272.3,135.1,1
9272.4,146.2,1
9272.6,164.6,1
9277.8,154.0,1
9277.9,137.1,1
9278.1,154.8,1
9278.2,137.0,1
9278.3,136.1,1
9283.5,139.9,1
9283.6,156.7,1
9283.8,156.2,1
9283.9,155.2,1
9284.1,136.4,1
9289.2,147.8,1
9289.4,163.6,1
9289.5,131.9,1
9289.7,158.0,1
9289.8,130.9,1
9295.0,132.1,1
9295.1,109.4,1
9295.2,122.2,1
9295.3,144.7,1
9295.5,138.3,1
9300.6,100.8,1
9300.7,130.4,1
9300.8,121.3,1
9300.9,118.3,1
9301.0,97.5,1
9306.2,118.5,1
9306.3,129.0,1
9306.4,136.5,1
9306.5,117.2,1
9306.7,124.0,1
9311.8,103.3,1
9311.9,100.0,1
9312.0,118.1,1
9312.1,148.1,1
9312.3,136.6,1
9317.4,142.8,1
9317.6,129.9,1
9317.7,143.9,1
9317.8,127.8,1
9318.0,155.4,1
9323.1,150.4,1
9323.3,138.2,1
9323.4,138.8,1
9323.6,146.4,1
9323.7,148.6,1
9328.9,154.7,1
9329.0,161.5,1
9329.2,144.1,1
9329.3,150.9,1
9329.6,264.7,1
9334.8,166.5,1
9334.9,136.1,1
9335.1,156.9,1
9335.2,135.7,1
9335.3,134.9,1
9340.4,98.5,1
9340.5,109.1,1
9340.7,111.5,1
9340.8,133.3,1
9340.9,110.7,1
9346.1,153.2,1
9346.2,137.7,1
9346.3,128.4,1
9346.4,128.5,1
9346.6,145.0,1
9351.7,119.8,1
9351.9,145.0,1
9352.0,94.3,1
9352.1,139.3,1
9352.2,96.4,1
9357.3,123.8,1
9357.5,132.0,1
9357.6,133.8,1
9357.7,153.3,1
9357.9,148.8,1
9363.0,153.0,1
9363.2,147.3,1
9363.4,158.4,1
9363.5,147.7,1
9363.6,131.0,1
9368.8,122.8,1
9368.9,126.9,1
9369.0,109.0,1
9369.1,147.0,1
9369.3,138.2,1
9374.4,140.7,1
9374.6,137.8,1
9374.7,161.2,1
9374.9,152.0,1
9375.0,124.2,1
9380.2,145.9,1
9380.3,141.8,1
9380.4,152.1,1
9380.6,163.4,1
9380.8,173.2,1
9385.9,107.6,1
9386.0,95.5,1
9386.1,102.7,1
9386.2,127.3,1
9386.4,141.2,1
9391.5,102.5,1
9391.6,138.7,1
9391.7,127.9,1
9391.9,124.3,1
9392.0,96.5,1
9397.1,99.2,1
9397.2,139.4,1
9397.3,105.7,1
9397.4,123.7,1
9397.6,147.6,1
9402.7,106.5,1
9402.8,142.5,1
9402.9,117.1,1
9403.1,109.9,1
9403.2,139.0,1
9408.3,136.8,1
9408.5,150.8,1
9408.6,137.6,1
9408.8,145.6,1
9408.9,143.5,1
9414.1,147.3,1
9414.2,164.4,1
9414.4,155.3,1
9414.5,129.7,1
9414.7,150.6,1
9419.8,142.2,1
9419.9,128.6,1
9420.1,148.2,1
9420.2,119.1,1
9420.3,131.1,1
9425.5,147.5,1
9425.6,139.3,1
9425.8,148.1,1
9425.9,146.7,1
9426.1,149.9,1
9431.2,131.0,1
9431.3,129.4,1
9431.5,124.8,1
9431.6,124.7,1
9431.7,131.4,1
9436.9,195.5,1
9437.1,128.2,1
9437.2,133.8,1
9437.3,112.0,1
9437.4,101.2,1
9442.5,101.3,1
9442.6,137.2,1
9442.8,139.7,1
9442.9,120.4,1
9443.0,98.5,1
9448.1,130.7,1
9448.3,129.5,1
9448.4,137.4,1
9448.5,135.3,1
9448.7,116.2,1
9453.8,142.7,1
9453.9,144.9,1
9454.1,138.2,1
9454.2,141.2,1
9454.4,150.3,1
9459.5,137.7,1
9459.7,136.5,1
9459.8,133.4,1
9459.9,120.8,1
9460.1,148.0,1
9465.2,144.7,1
9465.4,148.4,1
9465.5,132.7,1
9465.6,144.1,1
9465.8,140.5,1
9470.9,130.1,1
9471.0,132.9,1
9471.2,129.6,1
9471.3,134.5,1
9471.4,136.1,1
9476.6,139.7,1
9476.7,137.6,1
9476.9,154.7,1
9477.0,146.0,1
9477.2,148.6,1
9482.3,146.0,1
9482.4,120.5,1
9482.6,109.6,1
9482.7,108.4,1
9482.8,143.2,1
9487.9,141.6,1
9488.1,131.6,1
9488.2,144.1,1
9488.3,111.4,1
9488.4,97.5,1
9493.5,111.4,1
9493.7,158.7,1
9493.9,172.7,1
9494.0,157.1,1
9494.2,148.9,1
9499.3,154.6,1
9499.5,144.5,1
9499.6,139.1,1
9499.8,139.4,1
9499.9,127.5,1
9505.0,149.4,1
9505.2,142.1,1
9505.3,142.2,1
9505.5,156.5,1
9505.7,211.6,1
9510.8,140.6,1
9511.0,132.7,1
9511.1,128.4,1
9511.2,125.1,1
9511.4,128.5,1
9516.5,139.1,1
9516.7,158.9,1
9516.8,140.3,1
9516.9,136.7,1
9517.1,143.9,1
9522.2,98.1,1
9522.3,130.6,1
9522.5,133.9,1
9522.6,152.3,1
9522.7,142.6,1
9527.9,127.9,1
9528.0,128.2,1
9528.1,120.2,1
9528.3,149.7,1
9528.4,96.3,1
9533.5,138.1,1
9533.7,148.5,1
9533.8,137.2,1
9533.9,112.2,1
9534.0,122.9,1
9539.2,135.2,1
9539.3,143.2,1
9539.4,122.5,1
9539.6,151.0,1
9539.7,139.8,1
9544.9,152.9,1
9545.0,120.7,1
9545.2,148.2,1
9545.3,124.9,1
9545.4,148.0,1
9550.6,150.8,1
9550.7,133.9,1
9550.8,110.9,1
9551.0,152.7,1
9551.1,146.5,1
9556.3,193.8,1
9556.5,142.8,1
9556.6,143.6,1
9556.8,142.7,1
9556.9,144.4,1
9562.1,140.7,1
9562.2,148.3,1
9562.3,142.3,1
9562.5,146.2,1
9562.6,138.3,1
9567.8,118.5,1
9567.9,135.5,1
9568.0,119.2,1
9568.1,127.6,1
9568.3,132.1,1
9573.4,96.3,1
9573.5,113.1,1
9573.6,149.5,1
9573.8,119.5,1
9573.9,143.7,1
9579.0,109.4,1
9579.1,132.7,1
9579.3,155.7,1
9579.4,144.0,1
9579.6,156.4,1
9584.7,97.2,1
9584.8,112.1,1
9584.9,111.4,1
9585.1,137.1,1
9585.2,101.1,1
9590.3,136.0,1
9590.5,162.8,1
9590.6,138.3,1
9590.8,154.1,1
9590.9,138.3,1
9596.0,138.9,1
9596.2,154.3,1
9596.3,144.7,1
9596.5,143.2,1
9596.6,146.4,1
9601.8,148.6,1
9601.9,134.6,1
9602.0,131.6,1
9602.2,134.6,1
9602.3,136.8,1
9607.5,169.4,1
9607.6,152.5,1
9607.8,146.8,1
9607.9,153.7,1
9608.1,184.8,1
9613.2,99.5,1
9613.4,126.6,1
9613.5,107.4,1
9613.6,103.6,1
9613.7,152.1,1
9618.9,123.0,1
9619.0,121.8,1
9619.1,149.2,1
9619.3,140.8,1
9619.4,109.9,1
9624.5,133.6,1
9624.7,146.0,1
9624.8,147.7,1
9624.9,121.3,1
9625.1,136.5,1
9630.2,94.4,1
9630.3,125.4,1
9630.4,151.6,1
9630.6,147.5,1
9630.7,145.7,1
9635.9,149.4,1
9636.0,132.0,1
9636.1,113.8,1
9636.3,129.0,1
9636.4,135.1,1
9641.5,132.3,1
9641.7,152.3,1
9641.8,149.2,1
9642.0,151.6,1
9642.1,124.4,1
9647.3,147.6,1
9647.4,125.3,1
9647.5,129.9,1
9647.7,136.0,1
9647.8,135.0,1
9652.9,147.8,1
9653.1,158.0,1
9653.2,138.1,1
9653.4,153.5,1
9653.5,151.3,1
9658.7,124.4,1
9658.8,112.9,1
9658.9,139.9,1
9659.1,128.4,1
9659.2,116.8,1
9664.3,99.5,1
9664.4,108.6,1
9664.5,113.9,1
9664.6,147.4,1
9664.8,122.9,1
9669.9,138.4,1
9670.0,110.3,1
9670.1,124.2,1
9670.3,133.1,1
9670.4,142.3,1
9675.6,154.4,1
9675.7,141.6,1
9675.8,126.3,1
9676.0,121.4,1
9676.1,152.5,1
9681.3,123.9,1
9681.4,148.3,1
9681.5,140.8,1
9681.7,159.2,1
9681.9,154.5,1
9687.0,143.2,1
9687.2,162.0,1
9687.3,129.3,1
9687.5,157.7,1
9687.6,157.0,1
9692.7,103.2,1
9692.9,151.1,1
9693.0,137.0,1
9693.2,153.4,1
9693.3,127.7,1
9698.4,138.1,1
9698.6,129.8,1
9698.7,142.9,1
9698.8,129.1,1
9698.9,114.0,1
9704.1,120.3,1
9704.2,104.5,1
9704.3,141.7,1
9704.4,133.9,1
9704.6,110.0,1
9709.7,138.8,1
9709.8,135.3,1
9710.0,126.6,1
9710.1,138.7,1
9710.2,101.1,1
9715.4,140.8,1
9715.5,136.6,1
9715.6,143.3,1
9715.8,129.5,1
9715.9,113.8,1
9721.0,136.4,1
9721.1,128.0,1
9721.3,129.1,1
9721.4,109.3,1
9721.5,120.2,1
9726.6,141.4,1
9726.8,136.2,1
9726.9,137.3,1
9727.1,147.3,1
9727.2,154.9,1
9732.4,138.9,1
9732.5,132.5,1
9732.6,136.8,1
9732.8,135.8,1
9732.9,144.4,1
9738.1,167.9,1
9738.3,189.6,1
9738.4,159.4,1
9738.6,201.4,1
9738.8,140.8,1
9743.9,135.1,1
9744.1,159.7,1
9744.2,141.2,1
9744.3,119.3,1
9744.5,150.1,1
9749.7,170.3,1
9749.8,120.4,1
9749.9,116.3,1
9750.0,134.9,1
9750.2,121.5,1
9755.3,141.2,1
9755.5,173.1,1
9755.6,150.7,1
9755.8,141.0,1
9755.9,154.3,1
9761.1,148.4,1
9761.2,108.3,1
9761.3,132.1,1
9761.5,137.6,1
9761.6,132.7,1
9766.7,127.9,1
9766.9,141.4,1
9767.0,145.9,1
9767.2,149.1,1
9767.3,150.8,1
9772.5,140.3,1
9772.6,148.4,1
9772.8,225.4,1
9773.0,151.2,1
9773.1,145.3,1
9778.3,138.3,1
9778.4,126.0,1
9778.5,147.3,1
9778.7,139.0,1
9778.8,128.7,1
9783.9,121.4,1
9784.0,112.6,1
9784.2,153.8,1
9784.3,142.7,1
9784.5,152.0,1
9789.6,118.9,1
9789.8,129.4,1
9789.9,122.8,1
9790.0,104.1,1
9790.1,147.2,1
9795.3,142.1,1
9795.4,126.4,1
9795.5,118.8,1
9795.7,138.7,1
9795.8,158.3,1
9801.0,132.8,1
9801.1,117.9,1
9801.2,94.5,1
9801.3,135.1,1
9801.4,133.8,1
9806.6,112.1,1
9806.7,138.0,1
9806.8,126.8,1
9806.9,115.4,1
9807.0,113.1,1
9812.2,147.4,1
9812.3,114.4,1
9812.4,139.1,1
9812.6,137.4,1
9812.7,147.0,1
9817.9,144.2,1
9818.0,146.5,1
9818.2,141.0,1
9818.3,137.3,1
9818.4,142.3,1
9823.6,144.2,1
9823.7,128.5,1
9823.9,140.5,1
9824.0,156.3,1
9824.2,129.8,1
9829.3,126.9,1
9829.4,114.2,1
9829.5,141.4,1
9829.7,143.6,1
9829.8,148.1,1
9835.0,129.8,1
9835.1,122.3,1
9835.2,117.5,1
9835.3,103.7,1
9835.4,119.4,1
9840.6,142.5,1
9840.7,100.1,1
9840.8,125.0,1
9840.9,115.9,1
9841.1,147.1,1
9846.2,103.6,1
9846.3,116.5,1
9846.4,147.9,1
9846.6,120.8,1
9846.7,158.3,1
9851.9,135.1,1
9852.0,130.7,1
9852.1,140.6,1
9852.3,151.9,1
9852.4,130.0,1
9857.5,119.1,1
9857.7,136.9,1
9857.8,148.5,1
9858.0,147.4,1
9858.1,124.0,1
9863.3,158.5,1
9863.4,148.2,1
9863.5,140.5,1
9863.7,132.6,1
9863.8,149.3,1
9869.0,187.2,1
9869.2,182.0,1
9869.4,198.5,1
9869.6,206.5,1
9869.8,204.3,1
9875.0,151.5,1
9875.1,147.1,1
9875.3,155.0,1
9875.4,124.3,1
9875.5,146.0,1
9880.7,117.4,1
9880.8,143.8,1
9880.9,116.0,1
9881.0,114.4,1
9881.2,122.3,1
9886.3,143.3,1
9886.4,125.8,1
9886.6,129.5,1
9886.7,110.7,1
9886.8,125.3,1
9891.9,117.5,1
9892.0,96.3,1
9892.1,134.6,1
9892.3,158.4,1
9892.4,108.4,1
9897.5,123.5,1
9897.7,132.0,1
9897.8,120.5,1
9897.9,126.1,1
9898.1,142.0,1
9903.2,146.5,1
9903.3,137.3,1
9903.5,118.9,1
9903.6,164.5,1
9903.8,147.9,1
9908.9,139.2,1
9909.1,142.3,1
9909.2,151.9,1
9909.4,159.3,1
9909.5,153.4,1
9914.7,157.6,1
9914.8,141.4,1
9915.0,135.8,1
9915.1,137.7,1
9915.2,136.0,1
9920.4,127.8,1
9920.5,122.0,1
9920.6,134.3,1
9920.8,136.3,1
9920.9,165.6,1
9926.1,113.3,1
9926.1,96.8,1
9926.3,144.1,1
9926.4,135.9,1
9926.6,129.1,1
9931.7,100.0,1
9931.8,134.5,1
9931.9,133.2,1
9932.1,131.3,1
9932.2,99.7,1
9937.3,149.8,1
9937.5,144.6,1
9937.6,127.8,1
9937.7,146.2,1
9937.9,127.0,1
9943.0,129.0,1
9943.1,134.7,1
9943.3,122.5,1
9943.4,140.0,1
9943.6,214.5,1
9948.8,149.5,1
9948.9,147.1,1
9949.0,114.0,1
9949.2,150.6,1
9949.3,159.9,1
9954.5,134.1,1
9954.6,137.5,1
9954.8,139.4,1
9954.9,143.1,1
9955.0,126.0,1
9960.1,123.1,1
9960.3,150.9,1
9960.4,145.6,1
9960.6,153.9,1
9960.7,150.2,1
9965.9,148.4,1
9966.0,130.7,1
9966.2,125.9,1
9966.3,151.4,1
9966.4,127.9,1
9971.6,147.3,1
9971.7,155.4,1
9971.9,148.8,1
9972.0,96.5,1
9972.1,131.4,1
9977.3,134.8,1
9977.4,147.3,1
9977.5,113.6,1
9977.6,103.6,1
9977.8,133.1,1
9982.9,137.3,1
9983.0,144.4,1
9983.2,152.9,1
9983.4,153.8,1
9983.5,163.8,1
9988.6,117.5,1
9988.8,139.3,1
9988.9,140.9,1
9989.1,146.4,1
9989.2,98.2,1
9994.3,140.9,1
9994.4,139.8,1
9994.6,136.7,1
9994.7,146.9,1
9994.9,133.3,1
10000.0,179.1,1
10000.2,146.9,1
10000.4,179.5,1
10000.5,155.7,1
10000.7,197.1,1
10005.9,131.1,1
10006.0,143.7,1
10006.1,139.0,1
10006.3,127.5,1
10006.4,162.6,1
10011.6,155.8,1
10011.8,158.8,1
10011.9,136.7,1
10012.0,149.9,1
10012.2,133.6,1
10017.3,114.3,1
10017.4,149.3,1
10017.6,150.7,1
10017.8,157.2,1
10017.9,165.2,1
10023.0,95.6,1
10023.1,130.6,1
10023.3,129.3,1
10023.4,147.9,1
10023.6,150.7,1
10028.7,137.1,1
10028.8,103.1,1
10028.9,114.3,1
10029.1,127.8,1
10029.2,142.3,1
10034.3,122.5,1
10034.5,157.3,1
10034.6,107.0,1
10034.7,138.7,1
10034.8,97.1,1
10040.0,137.6,1
10040.1,140.6,1
10040.3,143.9,1
10040.4,154.5,1
10040.5,134.4,1
10045.7,157.7,1
10045.8,137.5,1
10046.0,144.3,1
10046.1,135.7,1
10046.3,152.9,1
10051.4,142.6,1
10051.6,142.2,1
10051.7,143.8,1
10051.8,125.1,1
10052.0,139.2,1
10057.1,122.4,1
10057.2,108.5,1
10057.4,134.1,1
10057.5,111.8,1
10057.6,128.7,1
10062.7,112.7,1
10062.8,131.7,1
10063.0,130.5,1
10063.1,161.5,1
10063.3,131.7,1
10068.4,123.6,1
10068.5,123.4,1
10068.6,130.4,1
10068.8,141.5,1
10068.9,138.7,1
10074.0,110.6,1
10074.2,136.0,1
10074.3,95.8,1
10074.4,130.4,1
10074.5,126.6,1
10079.7,119.2,1
10079.8,137.3,1
10079.9,95.2,1
10080.0,118.4,1
10080.2,152.8,1
10085.3,161.9,1
10085.5,146.4,1
10085.6,143.0,1
10085.8,137.4,1
10085.9,143.2,1
10091.0,113.7,1
10091.1,126.8,1
10091.3,135.3,1
10091.4,150.6,1
10091.6,123.5,1
10096.7,167.4,1
10096.9,130.5,1
10097.0,155.5,1
10097.1,135.4,1
10097.3,149.2,1
10102.4,126.0,1
10102.5,108.4,1
10102.7,139.3,1
10102.8,98.1,1
10102.9,138.0,1
10108.0,133.4,1
10108.2,107.0,1
10108.3,132.1,1
10108.4,141.8,1
10108.5,112.2,1
10113.7,133.4,1
10113.8,137.9,1
10113.9,107.3,1
10114.1,142.1,1
10114.2,123.9,1
10119.3,113.2,1
10119.4,136.0,1
10119.6,143.7,1
10119.7,146.8,1
10119.9,144.9,1
10125.0,110.2,1
10125.1,104.3,1
10125.2,137.1,1
10125.4,123.8,1
10125.5,149.4,1
10130.7,157.9,1
10130.8,169.9,1
10131.1,226.5,1
10131.2,174.6,1
10131.5,220.6,1
10136.6,124.9,1
10136.8,166.1,1
10136.9,130.6,1
10137.0,153.6,1
10137.1,108.6,1
10142.3,145.7,1
10142.5,178.1,1
10142.6,155.5,1
10142.8,139.3,1
10142.9,141.2,1
10148.1,161.4,1
10148.2,154.9,1
10148.4,146.3,1
10148.5,143.2,1
10148.7,150.2,1
10153.8,148.2,1
10154.0,128.1,1
10154.1,144.8,1
10154.3,152.2,1
10154.4,112.0,1
10159.5,98.6,1
10159.6,145.1,1
10159.8,144.1,1
10159.9,130.4,1
10160.0,132.7,1
10165.2,140.5,1
10165.3,145.2,1
10165.4,130.8,1
10165.5,104.1,1
10165.7,108.4,1
10170.8,134.2,1
10170.9,134.0,1
10171.1,147.6,1
10171.2,128.7,1
10171.3,140.2,1
10176.5,109.8,1
10176.6,126.0,1
10176.7,153.1,1
10176.9,137.0,1
10177.0,125.1,1
10182.2,151.6,1
10182.3,121.9,1
10182.4,153.6,1
10182.6,145.5,1
10182.7,146.7,1
10187.9,133.6,1
10188.0,144.0,1
10188.1,142.8,1
10188.3,150.2,1
10188.4,140.1,1
10193.6,147.4,1
10193.7,121.5,1
10193.8,108.2,1
10194.0,143.5,1
10194.1,152.3,1
10199.3,143.3,1
10199.4,145.9,1
10199.5,99.9,1
10199.7,141.9,1
10199.8,128.7,1
10204.9,137.5,1
10205.1,140.3,1
10205.2,117.5,1
10205.3,104.6,1
10205.4,107.6,1
10210.5,150.2,1
10210.6,100.0,1
10210.8,115.9,1
10210.9,135.5,1
10211.0,146.2,1
10216.2,141.8,1
10216.3,136.6,1
10216.5,119.2,1
10216.6,158.8,1
10216.8,139.8,1
10221.9,131.6,1
10222.0,150.0,1
10222.2,139.1,1
10222.3,159.1,1
10222.5,132.8,1
10227.6,142.5,1
10227.8,141.3,1
10227.9,106.7,1
10228.0,149.8,1
10228.2,162.7,1
10233.3,148.7,1
10233.5,140.1,1
10233.6,141.9,1
10233.8,155.8,1
10233.9,146.0,1
10239.0,115.8,1
10239.2,145.8,1
10239.3,125.1,1
10239.4,123.3,1
10239.6,134.1,1
10244.7,116.2,1
10244.8,111.6,1
10244.9,141.8,1
10245.1,152.1,1
10245.2,130.7,1
10250.3,112.9,1
10250.4,107.8,1
10250.6,115.1,1
10250.7,112.1,1
10250.8,128.0,1
10255.9,102.4,1
10256.0,138.6,1
10256.2,141.4,1
10256.3,97.0,1
10256.4,113.1,1
10261.6,158.7,1
10261.7,153.6,1
10261.9,160.8,1
10262.0,162.6,1
10262.2,183.9,1
10267.4,151.9,1
10267.5,139.9,1
10267.7,161.8,1
10267.8,142.7,1
10268.0,136.7,1
10273.1,146.4,1
10273.2,139.9,1
10273.4,196.4,1
10273.6,130.8,1
10273.7,148.4,1
10278.9,151.4,1
10279.0,143.9,1
10279.2,143.2,1
10279.3,156.5,1
10279.5,141.7,1
10284.6,138.6,1
10284.7,120.6,1
10284.8,99.5,1
10284.9,101.2,1
10285.0,104.4,1
10290.2,128.6,1
10290.3,120.5,1
10290.4,123.7,1
10290.5,130.6,1
10290.7,147.2,1
10295.8,145.5,1
10296.0,132.5,1
10296.1,109.8,1
10296.2,132.6,1
10296.3,131.8,1
10301.5,124.6,1
10301.6,127.3,1
10301.7,117.1,1
10301.9,134.6,1
10302.0,129.6,1
10307.1,140.4,1
10307.3,143.2,1
10307.4,148.7,1
10307.6,149.5,1
10307.7,121.3,1
10312.8,144.4,1
10313.0,162.1,1
10313.1,146.7,1
10313.3,149.0,1
10313.4,135.0,1
10318.5,116.7,1
10318.7,142.5,1
10318.8,155.9,1
10319.0,152.5,1
10319.1,139.0,1
10324.3,129.4,1
10324.4,143.0,1
10324.6,150.3,1
10324.7,146.6,1
10324.9,148.3,1
10330.0,137.4,1
10330.1,127.3,1
10330.2,119.0,1
10330.4,127.5,1
10330.5,144.4,1
10335.6,123.8,1
10335.8,135.1,1
10335.9,139.5,1
10336.0,110.4,1
10336.2,143.8,1
10341.3,132.0,1
10341.5,138.9,1
10341.6,144.6,1
10341.7,102.8,1
10341.8,127.6,1
10347.0,143.8,1
10347.1,142.8,1
10347.3,145.5,1
10347.4,123.3,1
10347.5,127.6,1
10352.6,127.1,1
10352.8,149.9,1
10352.9,146.3,1
10353.1,149.1,1
10353.2,137.8,1
10358.4,129.6,1
10358.5,149.6,1
10358.7,148.3,1
10358.8,152.3,1
10358.9,126.7,1
10364.1,125.1,1
10364.2,124.0,1
10364.3,140.4,1
10364.5,145.5,1
10364.6,149.1,1
10369.8,122.4,1
10369.9,132.8,1
10370.0,148.6,1
10370.2,143.1,1
10370.3,147.9,1
10375.5,120.8,1
10375.6,112.4,1
10375.7,144.5,1
10375.8,132.3,1
10376.0,143.5,1
10381.1,116.2,1
10381.2,138.2,1
10381.4,144.6,1
10381.5,150.4,1
10381.7,144.6,1
10386.8,149.5,1
10387.0,140.3,1
10387.1,126.3,1
10387.3,148.1,1
10387.4,108.9,1
10392.5,142.4,1
10392.7,144.9,1
10392.8,153.5,1
10392.9,133.9,1
10393.1,147.6,1
10398.2,152.8,1
10398.4,134.2,1
10398.5,136.4,1
10398.6,123.7,1
10398.8,140.1,1
10403.9,105.9,1
10404.0,129.2,1
10404.2,155.4,1
10404.3,126.5,1
10404.4,144.9,1
10409.6,150.7,1
10409.7,119.0,1
10409.9,143.9,1
10410.0,143.3,1
10410.1,128.3,1
10415.3,144.3,1
10415.4,125.7,1
10415.5,109.9,1
10415.7,144.8,1
10415.8,106.4,1
10420.9,122.2,1
10421.0,132.9,1
10421.2,134.2,1
10421.3,143.4,1
10421.5,147.3,1
10426.6,121.2,1
10426.7,150.6,1
10426.9,123.9,1
10427.0,98.7,1
10427.1,125.8,1
10432.2,115.9,1
10432.3,124.5,1
10432.5,149.3,1
10432.6,160.6,1
10432.8,144.7,1
10437.9,116.1,1
10438.1,149.3,1
10438.2,97.2,1
10438.3,136.8,1
10438.4,136.7,1
10443.6,133.2,1
10443.7,149.8,1
10443.9,146.6,1
10444.0,157.2,1
10444.2,146.0,1
10449.3,149.0,1
10449.5,134.0,1
10449.6,137.3,1
10449.7,138.8,1
10449.9,132.5,1
10455.0,127.9,1
10455.1,154.6,1
10455.3,125.0,1
10455.4,159.2,1
10455.6,136.4,1
10460.7,118.3,1
10460.8,152.2,1
10461.0,127.7,1
10461.1,162.0,1
10461.3,134.7,1
10466.4,117.4,1
10466.5,116.0,1
10466.7,152.4,1
10466.8,141.3,1
10466.9,130.0,1
10472.1,116.0,1
10472.2,127.3,1
10472.3,146.8,1
10472.5,142.1,1
10472.6,121.6,1
10477.7,128.6,1
10477.8,95.6,1
10477.9,100.8,1
10478.0,124.3,1
10478.1,97.9,1
10483.3,146.5,1
10483.4,130.2,1
10483.5,118.3,1
10483.7,127.7,1
10483.8,111.8,1
10488.9,134.3,1
10489.1,134.8,1
10489.2,146.4,1
10489.3,127.0,1
10489.5,158.8,1
10494.6,107.1,1
10494.8,154.1,1
10494.9,132.6,1
10495.0,150.5,1
10495.2,144.4,1
10500.3,121.2,1
10500.4,135.3,1
10500.6,141.1,1
10500.7,147.6,1
10500.9,141.8,1
10506.0,129.8,1
10506.2,150.0,1
10506.3,151.0,1
10506.5,159.7,1
10506.7,197.8,1
10511.8,106.0,1
10511.9,137.7,1
10512.0,113.7,1
10512.2,149.7,1
10512.3,111.4,1
10517.4,146.4,1
10517.6,124.1,1
10517.7,127.2,1
10517.8,138.7,1
10518.0,119.6,1
10523.1,127.1,1
10523.2,136.5,1
10523.4,144.2,1
10523.5,160.3,1
10523.7,155.0,1
10528.8,135.6,1
10529.0,148.1,1
10529.1,102.3,1
10529.2,145.3,1
10529.3,96.0,1
10534.4,106.2,1
10534.6,144.6,1
10534.7,146.2,1
10534.9,154.1,1
10535.0,137.3,1
10540.2,145.6,1
10540.3,159.6,1
10540.5,168.1,1
10540.6,142.6,1
10540.8,142.5,1
10545.9,142.2,1
10546.1,154.8,1
10546.2,145.0,1
10546.3,130.0,1
10546.5,138.6,1
10551.6,131.7,1
10551.7,96.8,1
10551.8,123.0,1
10551.9,106.0,1
10552.1,144.6,1
10557.2,134.7,1
10557.3,105.4,1
10557.5,153.4,1
10557.6,151.1,1
10557.8,118.8,1
10562.9,137.7,1
10563.0,95.9,1
10563.1,139.8,1
10563.2,105.4,1
10563.4,107.9,1
10568.5,138.2,1
10568.6,145.8,1
10568.8,151.9,1
10568.9,140.9,1
10569.0,107.7,1
10574.2,130.5,1
10574.3,116.4,1
10574.4,97.3,1
10574.5,136.6,1
10574.6,122.8,1
10579.8,117.3,1
10579.9,134.3,1
10580.1,162.0,1
10580.2,137.9,1
10580.3,137.7,1
10585.5,142.4,1
10585.6,149.3,1
10585.8,131.3,1
10585.9,141.3,1
10586.1,147.8,1
10591.2,145.3,1
10591.4,149.9,1
10591.5,145.5,1
10591.6,123.8,1
10591.8,137.3,1
10596.9,131.3,1
10597.0,110.6,1
10597.1,132.8,1
10597.3,129.1,1
10597.4,101.1,1
10602.5,118.4,1
10602.6,107.0,1
10602.7,143.5,1
10602.9,114.9,1
10603.0,115.6,1
10608.1,132.0,1
10608.3,138.7,1
10608.4,128.9,1
10608.5,129.8,1
10608.6,120.5,1
10613.8,136.5,1
10613.9,122.8,1
10614.0,149.2,1
10614.2,112.2,1
10614.3,147.8,1
10619.4,112.4,1
10619.6,127.8,1
10619.7,109.0,1
10619.8,148.3,1
10620.0,144.8,1
10625.1,149.2,1
10625.2,134.3,1
10625.4,143.4,1
10625.5,141.5,1
10625.7,145.0,1
10630.8,142.1,1
10631.0,135.3,1
10631.1,139.1,1
10631.2,150.1,1
10631.4,154.1,1
10636.5,135.7,1
10636.7,159.4,1
10636.8,128.8,1
10637.0,156.4,1
10637.1,161.3,1
10642.3,128.7,1
10642.4,101.7,1
10642.5,125.2,1
10642.7,147.7,1
10642.8,142.2,1
10647.9,119.5,1
10648.1,138.2,1
10648.2,120.6,1
10648.3,95.4,1
10648.4,117.8,1
10653.5,147.5,1
10653.7,172.9,1
10653.9,158.9,1
10654.0,141.6,1
10654.2,153.1,1
10659.3,95.9,1
10659.4,100.0,1
10659.5,100.7,1
10659.6,100.0,1
10659.7,136.1,1
10664.8,122.0,1
10665.0,150.0,1
10665.1,102.6,1
10665.2,118.3,1
10665.3,120.8,1
10670.5,157.3,1
10670.7,201.2,1
10670.9,181.7,1
10671.0,167.7,1
10671.2,153.0,1
10676.3,148.3,1
10676.5,114.1,1
10676.6,155.5,1
10676.8,154.7,1
10676.9,145.7,1
10682.1,142.0,1
10682.2,148.7,1
10682.4,141.8,1
10682.5,155.8,1
10682.7,152.2,1
10687.8,129.7,1
10687.9,115.4,1
10688.0,119.1,1
10688.2,129.5,1
10688.3,110.6,1
10693.4,138.5,1
10693.5,101.7,1
10693.6,123.6,1
10693.8,156.9,1
10693.9,149.3,1
10699.1,126.3,1
10699.2,144.1,1
10699.3,121.7,1
10699.5,124.2,1
10699.6,128.0,1
10704.7,144.4,1
10704.8,100.8,1
10705.0,111.2,1
10705.1,129.3,1
10705.2,147.6,1
10710.4,128.7,1
10710.5,179.2,1
10710.7,128.5,1
10710.8,137.1,1
10710.9,139.5,1
10716.1,110.4,1
10716.2,122.5,1
10716.3,115.2,1
10716.4,129.8,1
10716.6,160.1,1
10721.7,142.2,1
10721.9,154.2,1
10722.0,158.3,1
10722.2,142.7,1
10722.3,156.6,1
10727.5,131.8,1
10727.6,141.4,1
10727.8,157.1,1
10727.9,145.8,1
10728.1,135.2,1
10733.2,110.7,1
10733.3,125.6,1
10733.4,117.6,1
10733.6,146.5,1
10733.7,140.8,1
10738.9,140.3,1
10739.0,136.7,1
10739.1,128.8,1
10739.3,135.6,1
10739.4,136.9,1
10744.5,134.0,1
10744.7,119.6,1
10744.8,135.2,1
10744.9,107.4,1
10745.0,98.9,1
10750.1,98.3,1
10750.2,95.9,1
10750.3,132.9,1
10750.4,117.3,1
10750.6,131.7,1
10755.7,145.3,1
10755.9,147.2,1
10756.0,126.9,1
10756.1,127.9,1
10756.3,130.7,1
10761.4,128.2,1
10761.5,146.9,1
10761.7,136.4,1
10761.8,136.6,1
10761.9,136.6,1
10767.1,134.9,1
10767.2,144.8,1
10767.4,140.8,1
10767.5,146.9,1
10767.7,158.3,1
10772.8,118.9,1
10772.9,130.6,1
10773.1,132.9,1
10773.2,142.1,1
10773.3,141.9,1
10778.4,98.3,1
10778.6,129.9,1
10778.7,138.6,1
10778.8,111.8,1
10779.0,128.9,1
10784.1,120.2,1
10784.2,146.2,1
10784.4,134.0,1
10784.5,145.9,1
10784.7,149.4,1
10789.8,123.6,1
10789.9,114.1,1
10790.1,157.6,1
10790.2,143.1,1
10790.3,96.5,1
10795.4,136.8,1
10795.5,112.1,1
10795.7,134.4,1
10795.8,142.8,1
10796.0,131.1,1
