elapsed_seconds,latency_ms,ok
0.2,173.0,1
0.4,194.0,1
0.6,197.6,1
0.8,206.5,1
0.9,125.4,1
6.0,92.5,1
6.1,92.9,1
6.2,99.2,1
6.3,119.0,1
6.4,94.4,1
11.5,93.2,1
11.6,131.9,1
11.7,102.9,1
11.8,101.3,1
11.9,92.9,1
17.0,106.6,1
17.1,94.2,1
17.2,93.7,1
17.3,96.6,1
17.4,106.4,1
22.5,118.8,1
22.6,99.6,1
22.8,117.6,1
22.9,93.0,1
23.0,91.8,1
28.0,91.3,1
28.1,94.9,1
28.2,91.3,1
28.3,92.0,1
28.4,92.7,1
33.5,92.3,1
33.6,93.0,1
33.7,102.3,1
33.8,96.5,1
33.9,94.6,1
39.0,102.8,1
39.1,91.6,1
39.2,102.7,1
39.3,90.6,1
39.4,120.1,1
44.5,125.0,1
44.6,92.2,1
44.7,92.6,1
44.8,118.2,1
44.9,102.1,1
50.0,93.1,1
50.1,94.0,1
50.2,100.6,1
50.4,116.6,1
50.5,94.2,1
55.5,91.8,1
55.6,101.0,1
55.7,93.9,1
55.9,120.7,1
56.0,94.3,1
61.1,112.6,1
61.2,94.7,1
61.3,102.3,1
61.4,104.8,1
61.5,102.8,1
66.6,137.2,1
66.7,95.7,1
66.8,96.4,1
66.9,97.9,1
67.0,90.4,1
72.1,93.5,1
72.5,422.3,1
72.8,318.5,1
72.9,100.6,1
73.2,295.3,1
78.3,94.0,1
78.4,94.7,1
78.6,124.6,1
78.6,94.0,1
79.0,391.3,1
84.1,101.1,1
84.3,104.7,1
84.3,94.9,1
84.4,93.1,1
84.5,92.6,1
89.6,103.9,1
89.8,127.6,1
89.9,95.2,1
90.0,144.6,1
90.1,93.3,1
95.2,101.5,1
95.5,311.0,1
95.6,93.3,1
95.7,92.1,1
95.8,92.5,1
100.9,96.0,1
101.0,131.3,1
101.1,99.8,1
101.2,97.3,1
101.3,94.3,1
106.4,115.6,1
106.5,97.8,1
106.6,92.0,1
106.7,91.9,1
106.8,92.8,1
111.9,99.5,1
112.0,101.3,1
112.1,91.0,1
112.2,93.0,1
112.3,98.5,1
117.4,92.1,1
117.5,94.3,1
117.6,94.8,1
117.7,95.1,1
117.8,117.2,1
122.9,94.0,1
123.0,113.9,1
123.1,100.4,1
123.2,103.3,1
123.3,97.7,1
128.4,97.2,1
128.5,98.4,1
128.6,129.3,1
128.7,97.9,1
128.8,94.8,1
133.9,95.5,1
134.0,105.8,1
134.1,93.1,1
134.2,93.0,1
134.3,93.8,1
139.5,123.3,1
139.5,96.9,1
139.7,113.5,1
139.8,114.5,1
139.9,110.2,1
145.0,123.8,1
145.1,119.9,1
145.2,93.2,1
145.3,114.3,1
145.5,113.3,1
150.6,93.9,1
150.6,93.2,1
150.8,106.1,1
150.9,125.7,1
151.0,94.3,1
156.1,104.7,1
156.2,93.1,1
156.3,92.2,1
156.4,93.5,1
156.5,94.3,1
161.6,122.6,1
161.7,117.4,1
161.8,95.6,1
161.9,118.4,1
162.0,116.0,1
167.1,101.7,1
167.2,109.0,1
167.3,107.2,1
167.4,92.8,1
167.5,92.5,1
172.7,125.3,1
172.8,117.5,1
172.9,102.3,1
173.0,101.3,1
173.1,92.9,1
178.2,117.9,1
178.3,92.7,1
178.4,99.9,1
178.5,94.6,1
178.6,93.9,1
183.7,102.0,1
183.8,99.0,1
183.9,123.2,1
184.0,124.3,1
184.2,121.6,1
189.3,117.9,1
189.4,140.3,1
189.5,119.7,1
189.7,114.6,1
189.8,113.0,1
194.9,94.2,1
195.0,93.4,1
195.1,124.1,1
195.2,93.8,1
195.3,95.7,1
200.4,96.0,1
200.5,95.7,1
200.6,104.4,1
200.7,112.5,1
200.8,113.1,1
205.9,102.9,1
206.0,99.9,1
206.1,92.9,1
206.2,92.7,1
206.3,92.7,1
211.4,96.0,1
211.5,94.4,1
211.6,97.8,1
211.7,110.7,1
211.8,92.3,1
216.9,92.6,1
217.0,92.3,1
217.1,92.8,1
217.2,98.9,1
217.3,93.7,1
222.4,95.2,1
222.5,99.3,1
222.5,93.7,1
222.6,90.9,1
222.7,90.9,1
227.8,105.9,1
227.9,94.2,1
228.1,124.1,1
228.2,99.7,1
228.3,127.2,1
233.4,94.5,1
233.5,119.9,1
233.6,121.0,1
233.7,110.7,1
233.8,93.4,1
239.0,120.9,1
239.1,140.6,1
239.2,118.9,1
239.3,95.9,1
239.4,98.8,1
244.5,91.0,1
244.6,91.9,1
244.7,97.1,1
244.8,142.5,1
244.9,105.1,1
250.0,101.6,1
250.1,97.5,1
250.2,102.7,1
250.4,108.4,1
250.5,119.6,1
255.6,95.3,1
255.7,90.6,1
255.8,99.4,1
255.9,114.0,1
256.0,135.7,1
261.2,135.0,1
261.3,104.3,1
261.4,98.0,1
261.5,94.9,1
261.6,127.5,1
266.7,105.1,1
266.8,103.5,1
266.9,102.9,1
267.0,103.1,1
267.1,94.3,1
272.2,134.5,1
272.4,138.5,1
272.5,146.5,1
272.7,149.5,1
272.8,128.9,1
277.9,95.0,1
278.0,124.4,1
278.1,98.1,1
278.2,99.9,1
278.4,149.1,1
283.5,124.7,1
283.6,122.5,1
283.7,122.6,1
283.9,128.7,1
284.0,136.9,1
289.1,117.7,1
289.2,111.8,1
289.4,130.5,1
289.5,105.2,1
289.6,146.6,1
294.7,90.9,1
294.8,95.8,1
294.9,110.5,1
295.0,95.4,1
295.1,92.3,1
300.2,101.0,1
300.3,97.8,1
300.4,94.7,1
300.5,95.5,1
300.6,103.0,1
305.8,154.5,1
305.9,113.1,1
306.0,107.2,1
306.1,110.5,1
306.2,120.7,1
311.3,104.0,1
311.4,111.4,1
311.5,92.2,1
311.6,97.0,1
311.7,121.9,1
316.9,112.3,1
317.0,100.4,1
317.1,96.5,1
317.2,123.4,1
317.3,94.9,1
322.4,99.7,1
322.5,95.7,1
322.6,98.0,1
322.7,137.3,1
322.8,100.1,1
327.9,117.8,1
328.1,118.5,1
328.1,94.5,1
328.2,93.6,1
328.4,110.4,1
333.5,136.5,1
333.6,135.7,1
333.8,123.3,1
333.9,136.7,1
334.0,113.6,1
339.1,93.7,1
339.2,96.1,1
339.3,105.1,1
339.4,128.5,1
339.5,107.3,1
344.6,93.7,1
344.7,93.0,1
344.8,98.7,1
344.9,93.7,1
345.0,103.5,1
350.2,131.5,1
350.3,114.7,1
350.4,114.0,1
350.5,122.0,1
350.6,94.4,1
355.7,96.4,1
355.8,102.3,1
355.9,107.4,1
356.0,97.8,1
356.1,95.7,1
361.2,109.1,1
361.3,100.8,1
361.4,93.0,1
361.5,99.3,1
361.6,104.5,1
366.7,110.5,1
366.8,101.9,1
367.0,119.7,1
367.1,141.4,1
367.2,118.2,1
372.3,106.3,1
372.5,146.4,1
372.6,124.6,1
372.8,155.0,1
372.9,123.7,1
378.0,116.1,1
378.1,104.1,1
378.2,114.5,1
378.3,97.0,1
378.5,137.9,1
383.6,117.7,1
383.7,101.7,1
383.8,118.2,1
383.9,116.7,1
384.0,105.5,1
389.1,95.4,1
389.2,96.4,1
389.3,115.9,1
389.4,100.9,1
389.5,107.5,1
394.6,94.3,1
394.7,94.3,1
394.8,96.0,1
394.9,108.1,1
395.0,93.9,1
400.1,95.5,1
400.2,107.2,1
400.3,94.7,1
400.4,96.3,1
400.5,95.0,1
405.6,94.1,1
405.8,158.5,1
405.9,130.3,1
406.0,111.1,1
406.1,127.3,1
411.3,98.4,1
411.4,100.2,1
411.5,121.5,1
411.6,141.1,1
411.7,131.5,1
416.9,135.9,1
417.0,149.3,1
417.2,123.2,1
417.3,131.0,1
417.4,142.4,1
422.6,118.3,1
422.7,136.6,1
422.8,132.8,1
423.0,131.9,1
423.1,129.6,1
428.2,96.1,1
428.3,118.5,1
428.4,139.7,1
428.5,104.7,1
428.7,118.1,1
433.8,145.9,1
433.9,124.4,1
434.1,130.5,1
434.2,120.4,1
434.3,136.1,1
439.4,112.3,1
439.6,145.8,1
439.7,114.9,1
439.8,119.7,1
440.0,139.4,1
445.1,142.9,1
445.2,97.3,1
445.3,122.1,1
445.4,113.1,1
445.6,112.7,1
450.7,149.2,1
450.8,128.4,1
450.9,97.2,1
451.0,100.5,1
451.2,147.7,1
456.3,140.3,1
456.5,144.0,1
456.6,112.8,1
456.7,134.9,1
456.9,146.2,1
462.0,108.8,1
462.1,106.0,1
462.2,154.3,1
462.4,133.9,1
462.5,145.0,1
467.6,117.4,1
467.8,150.3,1
467.9,121.1,1
468.0,119.9,1
468.2,136.7,1
473.3,97.0,1
473.4,117.1,1
473.5,99.0,1
473.6,95.3,1
473.7,125.6,1
478.8,116.0,1
479.0,128.3,1
479.1,97.2,1
479.2,125.3,1
479.3,101.7,1
484.4,109.6,1
484.5,107.0,1
484.6,100.9,1
484.7,122.6,1
484.8,103.1,1
490.0,149.2,1
490.1,147.6,1
490.3,138.7,1
490.4,149.7,1
490.5,129.3,1
495.7,135.0,1
495.8,144.7,1
496.0,120.6,1
496.1,145.3,1
496.2,105.7,1
501.3,102.1,1
501.4,101.9,1
501.6,138.7,1
501.7,98.9,1
501.8,133.9,1
506.9,124.6,1
507.0,98.4,1
507.1,135.4,1
507.3,117.0,1
507.4,115.0,1
512.5,126.9,1
512.6,116.6,1
512.8,134.8,1
512.9,132.1,1
513.0,110.2,1
518.1,118.1,1
518.2,123.2,1
518.4,127.7,1
518.5,142.1,1
518.6,129.2,1
523.8,98.0,1
523.8,94.6,1
523.9,103.1,1
524.1,117.9,1
524.2,97.8,1
529.3,102.6,1
529.4,96.1,1
529.5,105.3,1
529.6,135.6,1
529.7,130.9,1
534.8,101.7,1
534.9,99.3,1
535.1,113.4,1
535.2,100.9,1
535.3,102.9,1
540.4,146.7,1
540.5,136.0,1
540.7,119.7,1
540.8,127.0,1
540.9,150.3,1
546.1,144.8,1
546.2,128.5,1
546.4,129.6,1
546.5,141.5,1
546.6,137.7,1
551.8,145.2,1
551.9,115.3,1
552.0,124.1,1
552.2,144.5,1
552.3,148.3,1
557.4,127.5,1
557.6,110.8,1
557.7,145.0,1
557.8,134.4,1
558.0,137.1,1
563.1,107.3,1
563.2,111.4,1
563.3,116.0,1
563.4,127.3,1
563.6,113.9,1
568.7,144.1,1
568.8,110.3,1
568.9,116.7,1
569.0,122.0,1
569.1,96.6,1
574.3,115.3,1
574.4,98.8,1
574.5,148.4,1
574.6,109.8,1
574.7,120.3,1
579.9,130.2,1
580.0,167.5,1
580.2,110.4,1
580.3,94.5,1
580.4,137.8,1
585.5,153.4,1
585.7,109.3,1
585.8,105.2,1
585.9,136.2,1
586.0,141.9,1
591.2,128.6,1
591.3,136.3,1
591.4,135.3,1
591.6,137.6,1
591.7,141.8,1
596.9,121.4,1
597.0,140.9,1
597.1,138.7,1
597.3,140.1,1
597.4,149.2,1
602.6,150.3,1
602.7,135.1,1
602.9,150.2,1
603.0,147.7,1
603.2,143.2,1
608.3,128.7,1
608.4,142.8,1
608.6,135.0,1
608.7,167.4,1
608.9,149.9,1
614.0,143.0,1
614.1,98.6,1
614.3,135.6,1
614.4,138.5,1
614.5,118.1,1
619.7,145.8,1
619.8,106.8,1
619.9,147.2,1
620.0,104.5,1
620.1,108.2,1
625.2,93.8,1
625.3,97.3,1
625.5,124.6,1
625.6,105.2,1
625.7,125.0,1
630.8,147.4,1
631.0,147.0,1
631.1,137.3,1
631.3,136.2,1
631.4,139.2,1
636.5,144.9,1
636.7,136.7,1
636.8,149.4,1
637.0,129.3,1
637.1,148.1,1
642.3,141.3,1
642.4,149.6,1
642.6,148.7,1
642.7,146.9,1
642.9,162.3,1
648.0,117.3,1
648.1,107.3,1
648.2,129.4,1
648.4,154.3,1
648.5,139.3,1
653.6,104.5,1
653.7,116.0,1
653.8,110.5,1
654.0,103.2,1
654.1,121.9,1
659.2,118.2,1
659.3,99.3,1
659.4,145.0,1
659.6,119.4,1
659.7,138.8,1
664.8,137.7,1
665.0,132.8,1
665.1,138.3,1
665.2,110.8,1
665.3,125.0,1
670.5,132.5,1
670.6,147.9,1
670.8,132.0,1
670.9,115.8,1
671.0,146.9,1
676.2,124.2,1
676.3,167.0,1
676.5,129.1,1
676.6,144.5,1
676.7,144.6,1
681.9,162.4,1
682.0,135.0,1
682.2,136.2,1
682.3,139.2,1
682.5,153.3,1
687.6,138.3,1
687.8,137.5,1
687.9,133.1,1
688.0,138.6,1
688.2,148.4,1
693.3,151.5,1
693.5,186.2,1
693.7,204.9,1
693.9,163.0,1
694.0,143.1,1
699.2,123.8,1
699.3,143.5,1
699.4,123.6,1
699.6,168.0,1
699.7,147.4,1
704.9,130.6,1
705.0,146.3,1
705.1,93.9,1
705.2,123.2,1
705.4,141.3,1
710.5,151.8,1
710.7,134.1,1
710.8,145.5,1
710.9,127.6,1
711.1,146.5,1
716.2,137.6,1
716.4,134.4,1
716.5,139.5,1
716.6,128.5,1
716.8,119.5,1
721.9,139.4,1
722.0,133.9,1
722.2,163.1,1
722.3,133.1,1
722.5,134.9,1
727.6,95.3,1
727.7,149.8,1
727.8,113.7,1
728.0,152.8,1
728.1,125.2,1
733.3,163.6,1
733.5,176.8,1
733.6,108.9,1
733.7,166.4,1
733.9,142.8,1
739.0,136.3,1
739.2,142.3,1
739.3,149.1,1
739.5,164.6,1
739.6,150.4,1
744.8,142.4,1
744.9,95.7,1
745.0,139.5,1
745.2,168.0,1
745.3,101.9,1
750.4,122.5,1
750.5,105.2,1
750.7,160.7,1
750.8,122.8,1
750.9,126.6,1
756.0,98.2,1
756.1,101.1,1
756.2,129.7,1
756.4,150.3,1
756.5,135.0,1
761.6,95.5,1
761.8,125.9,1
761.9,118.3,1
762.0,97.5,1
762.1,103.5,1
767.2,126.9,1
767.3,135.1,1
767.5,138.8,1
767.6,137.1,1
767.8,134.6,1
772.9,136.5,1
773.0,144.9,1
773.2,151.2,1
773.4,169.6,1
773.5,106.4,1
778.7,175.0,1
778.8,139.2,1
778.9,134.4,1
779.1,137.6,1
779.2,141.9,1
784.4,146.6,1
784.5,136.6,1
784.6,136.4,1
784.8,136.7,1
784.9,146.2,1
790.0,126.0,1
790.2,142.4,1
790.3,96.8,1
790.4,115.5,1
790.5,149.8,1
795.6,95.7,1
795.8,117.5,1
795.9,129.5,1
796.0,118.3,1
796.1,94.9,1
801.2,127.1,1
801.4,139.1,1
801.5,133.6,1
801.7,147.6,1
801.8,134.1,1
806.9,148.3,1
807.1,109.9,1
807.2,117.7,1
807.3,146.1,1
807.5,138.7,1
812.6,148.6,1
812.8,173.7,1
812.9,130.6,1
813.1,145.5,1
813.2,149.1,1
818.4,145.7,1
818.5,153.7,1
818.6,119.3,1
818.8,153.4,1
818.9,141.2,1
824.1,145.9,1
824.2,168.6,1
824.4,153.8,1
824.6,151.5,1
824.7,179.4,1
829.9,147.3,1
830.0,135.1,1
830.2,167.6,1
830.3,121.3,1
830.5,149.6,1
835.6,134.0,1
835.7,145.4,1
835.9,143.9,1
836.0,127.3,1
836.1,98.1,1
841.3,150.4,1
841.4,137.3,1
841.6,153.1,1
841.7,104.7,1
841.8,141.5,1
847.0,146.0,1
847.1,117.3,1
847.2,137.3,1
847.3,134.3,1
847.5,129.8,1
852.6,120.8,1
852.7,128.6,1
852.9,135.4,1
853.0,96.8,1
853.1,100.2,1
858.2,136.5,1
858.4,150.1,1
858.5,140.7,1
858.6,151.2,1
858.8,147.9,1
863.9,127.2,1
864.1,136.5,1
864.2,135.3,1
864.3,147.5,1
864.5,140.9,1
869.7,163.9,1
869.8,136.9,1
869.9,129.9,1
870.1,161.3,1
870.2,118.2,1
875.4,151.7,1
875.5,144.6,1
875.6,144.8,1
875.8,139.7,1
875.9,155.4,1
881.0,102.2,1
881.2,121.6,1
881.3,142.4,1
881.4,130.5,1
881.6,113.6,1
886.7,114.5,1
886.8,104.0,1
886.9,126.1,1
887.0,116.5,1
887.2,141.5,1
892.3,115.7,1
892.4,145.0,1
892.6,142.9,1
892.7,130.4,1
892.8,120.4,1
898.0,132.3,1
898.1,143.9,1
898.2,146.3,1
898.4,134.5,1
898.5,122.8,1
903.7,149.2,1
903.8,134.1,1
903.9,136.2,1
904.1,140.9,1
904.2,147.0,1
909.4,142.7,1
909.5,142.3,1
909.6,137.6,1
909.8,141.4,1
909.9,145.3,1
915.1,147.4,1
915.2,141.1,1
915.4,149.4,1
915.5,145.7,1
915.7,137.7,1
920.8,146.4,1
920.9,115.2,1
921.1,132.9,1
921.2,139.3,1
921.3,105.8,1
926.4,97.0,1
926.5,123.5,1
926.6,99.4,1
926.8,121.6,1
926.9,124.5,1
932.0,93.4,1
932.1,152.8,1
932.3,141.3,1
932.4,104.7,1
932.5,150.6,1
937.7,133.0,1
937.8,114.7,1
937.9,126.6,1
938.0,122.9,1
938.2,126.9,1
943.3,128.6,1
943.4,106.9,1
943.5,144.5,1
943.7,149.2,1
943.8,151.2,1
948.9,104.8,1
949.1,178.2,1
949.2,123.1,1
949.4,149.3,1
949.5,150.2,1
954.7,170.1,1
954.9,185.2,1
955.1,161.2,1
955.2,167.9,1
955.4,161.6,1
960.5,104.1,1
960.6,124.4,1
960.8,141.0,1
960.9,138.0,1
961.1,140.6,1
966.2,118.1,1
966.3,146.2,1
966.5,146.8,1
966.6,125.2,1
966.7,136.6,1
971.9,146.4,1
972.0,145.8,1
972.2,144.1,1
972.3,167.1,1
972.5,145.7,1
977.6,120.8,1
977.7,118.2,1
977.9,134.3,1
978.0,137.1,1
978.1,132.7,1
983.3,118.3,1
983.4,117.6,1
983.5,100.2,1
983.6,128.1,1
983.7,120.4,1
988.8,112.2,1
989.0,121.1,1
989.1,136.9,1
989.2,136.4,1
989.4,124.6,1
994.5,132.2,1
994.6,127.3,1
994.8,134.1,1
994.9,131.9,1
995.0,151.5,1
1000.2,142.5,1
1000.3,140.0,1
1000.5,167.6,1
1000.6,144.1,1
1000.8,146.8,1
1005.9,148.0,1
1006.1,131.7,1
1006.2,135.0,1
1006.3,115.8,1
1006.5,146.0,1
1011.6,160.1,1
1011.8,153.8,1
1011.9,146.0,1
1012.1,137.2,1
1012.2,110.4,1
1017.3,111.2,1
1017.4,130.0,1
1017.6,138.1,1
1017.7,122.3,1
1017.8,120.9,1
1022.9,115.0,1
1023.0,124.6,1
1023.2,120.9,1
1023.3,134.5,1
1023.4,128.3,1
1028.6,144.7,1
1028.7,123.4,1
1028.8,95.6,1
1028.9,133.7,1
1029.1,122.6,1
1034.2,97.8,1
1034.3,126.0,1
1034.4,135.3,1
1034.6,148.4,1
1034.7,125.5,1
1039.9,167.6,1
1040.0,142.4,1
1040.2,139.8,1
1040.3,137.8,1
1040.4,152.1,1
1045.6,120.3,1
1045.7,164.4,1
1045.8,99.6,1
1046.0,153.0,1
1046.1,142.1,1
1051.3,133.6,1
1051.4,150.5,1
1051.6,149.0,1
1051.7,156.1,1
1051.8,126.3,1
1057.0,152.4,1
1057.1,140.7,1
1057.3,116.4,1
1057.4,108.2,1
1057.5,100.8,1
1062.6,116.6,1
1062.7,123.2,1
1062.8,134.8,1
1063.0,115.0,1
1063.1,114.3,1
1068.2,123.1,1
1068.3,109.6,1
1068.5,149.4,1
1068.6,104.5,1
1068.7,103.7,1
1073.8,141.7,1
1074.0,132.6,1
1074.1,122.2,1
1074.2,114.1,1
1074.3,116.7,1
1079.4,121.5,1
1079.5,108.6,1
1079.7,116.4,1
1079.8,122.5,1
1079.9,139.0,1
1085.1,165.1,1
1085.2,140.3,1
1085.4,186.4,1
1085.6,156.9,1
1085.7,146.1,1
1090.9,151.2,1
1091.0,155.2,1
1091.2,135.0,1
1091.3,128.4,1
1091.4,136.7,1
1096.6,147.6,1
1096.7,155.4,1
1096.9,147.8,1
1097.0,135.6,1
1097.2,134.9,1
1102.3,161.2,1
1102.5,183.8,1
1102.7,144.6,1
1102.8,154.0,1
1103.0,185.9,1
1108.1,122.4,1
1108.2,128.8,1
1108.4,155.2,1
1108.5,135.6,1
1108.6,111.0,1
1113.8,107.9,1
1113.9,119.0,1
1114.0,132.4,1
1114.2,143.3,1
1114.3,127.5,1
1119.4,118.1,1
1119.5,130.4,1
1119.7,132.2,1
1119.8,119.3,1
1119.9,110.3,1
1125.0,144.5,1
1125.2,105.2,1
1125.3,108.8,1
1125.4,118.6,1
1125.5,149.7,1
1130.7,136.5,1
1130.8,143.2,1
1131.0,142.7,1
1131.1,129.2,1
1131.2,126.9,1
1136.4,140.2,1
1136.5,141.3,1
1136.6,139.8,1
1136.8,122.2,1
1136.9,137.6,1
1142.1,150.5,1
1142.2,146.7,1
1142.3,145.8,1
1142.5,166.0,1
1142.7,158.5,1
1147.8,132.4,1
1147.9,118.0,1
1148.0,122.2,1
1148.2,111.6,1
1148.3,144.1,1
1153.4,140.9,1
1153.6,107.8,1
1153.7,124.3,1
1153.8,136.4,1
1154.0,141.2,1
1159.1,132.5,1
1159.2,134.9,1
1159.4,154.1,1
1159.5,148.3,1
1159.6,104.4,1
1164.8,136.0,1
1164.9,105.2,1
1165.0,132.4,1
1165.1,113.7,1
1165.2,101.0,1
1170.4,147.1,1
1170.5,139.7,1
1170.7,141.9,1
1170.8,141.7,1
1170.9,133.8,1
1176.1,122.3,1
1176.2,139.0,1
1176.4,162.3,1
1176.5,136.9,1
1176.6,124.5,1
1181.8,147.1,1
1181.9,136.3,1
1182.1,143.7,1
1182.2,121.0,1
1182.3,151.4,1
1187.5,136.6,1
1187.6,167.3,1
1187.8,135.2,1
1187.9,147.5,1
1188.1,149.4,1
1193.2,105.0,1
1193.3,148.2,1
1193.5,123.2,1
1193.6,136.7,1
1193.7,115.2,1
1198.8,115.2,1
1199.0,130.7,1
1199.1,129.7,1
1199.2,148.1,1
1199.4,137.1,1
1204.5,119.5,1
1204.6,145.9,1
1204.8,115.9,1
1204.9,117.2,1
1205.0,144.8,1
1210.2,140.1,1
1210.3,137.3,1
1210.4,97.5,1
1210.5,107.0,1
1210.6,142.8,1
1215.8,154.2,1
1216.0,157.7,1
1216.1,148.8,1
1216.3,180.3,1
1216.5,199.4,1
1221.6,144.5,1
1221.8,144.0,1
1221.9,127.1,1
1222.0,106.2,1
1222.2,173.7,1
1227.4,187.1,1
1227.5,157.0,1
1227.7,154.3,1
1227.8,117.8,1
1228.0,148.4,1
1233.1,145.4,1
1233.3,165.1,1
1233.4,163.2,1
1233.6,178.9,1
1233.8,177.2,1
1238.9,100.9,1
1239.0,97.4,1
1239.1,122.2,1
1239.2,115.6,1
1239.4,123.1,1
1244.5,97.3,1
1244.6,139.2,1
1244.7,124.0,1
1244.9,142.8,1
1245.0,114.7,1
1250.1,118.9,1
1250.2,133.2,1
1250.4,119.1,1
1250.5,147.5,1
1250.6,99.2,1
1255.7,136.8,1
1255.9,136.1,1
1256.0,137.5,1
1256.2,146.0,1
1256.3,115.6,1
1261.4,132.7,1
1261.6,150.5,1
1261.7,140.1,1
1261.8,132.9,1
1262.0,124.5,1
1267.1,111.0,1
1267.2,144.8,1
1267.4,146.0,1
1267.5,140.2,1
1267.7,148.3,1
1272.8,126.5,1
1272.9,136.8,1
1273.1,138.0,1
1273.2,124.8,1
1273.3,120.1,1
1278.4,115.5,1
1278.6,124.8,1
1278.7,152.6,1
1278.9,152.8,1
1279.0,146.4,1
1284.2,142.0,1
1284.3,129.0,1
1284.4,138.6,1
1284.6,135.9,1
1284.7,122.7,1
1289.8,127.9,1
1289.9,124.3,1
1290.1,145.3,1
1290.2,121.8,1
1290.3,134.7,1
1295.5,126.4,1
1295.6,133.7,1
1295.7,102.1,1
1295.8,99.0,1
1296.0,146.8,1
1301.1,115.6,1
1301.2,96.6,1
1301.3,138.7,1
1301.4,105.8,1
1301.5,131.7,1
1306.7,149.5,1
1306.8,131.0,1
1307.0,146.7,1
1307.1,141.1,1
1307.3,143.0,1
1312.4,137.8,1
1312.6,147.7,1
1312.7,120.7,1
1312.8,137.4,1
1313.0,149.0,1
1318.1,148.2,1
1318.3,146.6,1
1318.4,139.1,1
1318.5,144.4,1
1318.7,126.1,1
1323.8,159.3,1
1324.0,163.2,1
1324.1,149.8,1
1324.3,141.8,1
1324.4,145.7,1
1329.6,145.2,1
1329.7,107.7,1
1329.8,111.9,1
1329.9,103.5,1
1330.0,120.1,1
1335.2,130.5,1
1335.3,123.7,1
1335.4,137.6,1
1335.6,145.6,1
1335.7,104.0,1
1340.8,137.3,1
1340.9,131.1,1
1341.0,96.1,1
1341.2,144.0,1
1341.3,141.5,1
1346.5,139.4,1
1346.6,138.8,1
1346.8,146.8,1
1346.9,143.0,1
1347.0,136.6,1
1352.2,139.1,1
1352.3,115.8,1
1352.4,143.9,1
1352.6,149.8,1
1352.7,141.6,1
1357.9,168.9,1
1358.0,113.2,1
1358.2,162.3,1
1358.3,144.7,1
1358.5,157.2,1
1363.7,175.2,1
1363.8,150.6,1
1363.9,134.7,1
1364.1,147.1,1
1364.2,147.1,1
1369.4,136.3,1
1369.5,148.1,1
1369.7,154.1,1
1369.8,128.8,1
1369.9,134.4,1
1375.0,92.3,1
1375.2,115.0,1
1375.3,156.2,1
1375.5,161.2,1
1375.6,126.7,1
1380.7,120.2,1
1380.9,122.0,1
1381.0,135.5,1
1381.1,132.0,1
1381.3,147.9,1
1386.4,118.1,1
1386.5,144.5,1
1386.7,119.1,1
1386.8,139.5,1
1386.9,98.6,1
1392.0,109.4,1
1392.1,134.9,1
1392.3,156.6,1
1392.4,141.3,1
1392.6,144.9,1
1397.7,134.4,1
1397.9,143.1,1
1398.0,132.4,1
1398.1,139.8,1
1398.3,134.2,1
1403.4,128.6,1
1403.5,137.6,1
1403.7,128.0,1
1403.8,157.6,1
1404.0,139.4,1
1409.1,126.8,1
1409.3,155.3,1
1409.4,139.0,1
1409.5,137.3,1
1409.7,141.5,1
1414.8,121.2,1
1415.0,150.6,1
1415.1,122.0,1
1415.2,147.1,1
1415.4,136.2,1
1420.5,116.5,1
1420.6,97.7,1
1420.7,96.8,1
1420.8,120.6,1
1420.9,100.1,1
1426.0,134.0,1
1426.2,148.8,1
1426.3,131.6,1
1426.5,142.1,1
1426.6,105.0,1
1431.7,118.3,1
1431.8,112.9,1
1431.9,122.4,1
1432.1,145.5,1
1432.2,138.7,1
1437.3,115.2,1
1437.4,98.0,1
1437.5,124.5,1
1437.7,129.8,1
1437.8,119.3,1
1442.9,127.2,1
1443.1,151.0,1
1443.2,142.2,1
1443.4,140.8,1
1443.5,142.7,1
1448.7,147.4,1
1448.8,150.4,1
1449.0,149.4,1
1449.1,162.1,1
1449.3,168.0,1
1454.4,140.4,1
1454.6,170.6,1
1454.7,107.7,1
1454.9,154.1,1
1455.0,139.1,1
1460.1,138.3,1
1460.3,135.1,1
1460.4,125.9,1
1460.6,141.5,1
1460.7,146.1,1
1465.8,103.8,1
1465.9,129.6,1
1466.1,129.3,1
1466.2,113.0,1
1466.3,136.0,1
1471.4,113.7,1
1471.5,92.8,1
1471.7,145.3,1
1471.8,147.9,1
1471.9,130.1,1
1477.1,139.7,1
1477.2,120.9,1
1477.3,111.7,1
1477.4,113.7,1
1477.6,131.0,1
1482.7,131.7,1
1482.9,143.3,1
1483.0,142.2,1
1483.1,121.0,1
1483.3,143.6,1
1488.4,150.3,1
1488.6,155.3,1
1488.7,136.1,1
1488.9,161.8,1
1489.0,135.7,1
1494.1,136.3,1
1494.3,170.3,1
1494.5,173.8,1
1494.7,170.1,1
1494.8,157.7,1
1499.9,127.1,1
1500.1,128.3,1
1500.2,127.9,1
1500.3,144.7,1
1500.5,148.1,1
1505.7,154.7,1
1505.8,145.0,1
1505.9,131.5,1
1506.1,148.4,1
1506.2,130.9,1
1511.3,132.2,1
1511.5,132.3,1
1511.6,104.5,1
1511.7,95.2,1
1511.8,95.2,1
1516.9,95.7,1
1517.0,93.6,1
1517.1,131.8,1
1517.2,115.9,1
1517.4,137.4,1
1522.5,124.9,1
1522.6,106.4,1
1522.7,136.6,1
1522.8,121.3,1
1523.0,133.0,1
1528.1,125.4,1
1528.3,137.4,1
1528.4,130.7,1
1528.5,167.3,1
1528.7,140.9,1
1533.8,136.2,1
1534.0,149.0,1
1534.1,140.0,1
1534.3,151.2,1
1534.4,156.9,1
1539.6,150.8,1
1539.7,121.9,1
1539.9,164.8,1
1540.0,141.3,1
1540.2,141.2,1
1545.3,147.5,1
1545.4,142.7,1
1545.6,147.9,1
1545.8,176.5,1
1545.9,153.8,1
1551.0,108.0,1
1551.2,119.2,1
1551.3,148.9,1
1551.5,141.8,1
1551.6,132.9,1
1556.7,127.5,1
1556.8,122.7,1
1557.0,141.3,1
1557.1,113.1,1
1557.2,148.9,1
1562.4,139.1,1
1562.5,146.0,1
1562.7,151.7,1
1562.8,115.1,1
1562.9,112.9,1
1568.0,114.7,1
1568.2,129.7,1
1568.3,127.1,1
1568.4,143.5,1
1568.6,139.9,1
1573.7,128.7,1
1573.8,113.3,1
1573.9,101.7,1
1574.0,119.5,1
1574.2,133.4,1
1579.3,129.4,1
1579.4,137.1,1
1579.6,163.7,1
1579.7,132.5,1
1579.9,147.1,1
1585.0,143.6,1
1585.2,140.2,1
1585.3,150.7,1
1585.5,139.3,1
1585.6,139.6,1
1590.8,144.0,1
1590.9,139.2,1
1591.0,138.8,1
1591.2,133.8,1
1591.3,137.3,1
1596.5,149.7,1
1596.6,117.4,1
1596.7,125.3,1
1596.8,108.9,1
1596.9,123.9,1
1602.0,111.6,1
1602.2,147.5,1
1602.3,149.6,1
1602.5,136.3,1
1602.6,118.7,1
1607.7,95.7,1
1607.8,145.6,1
1608.0,120.8,1
1608.1,133.1,1
1608.2,133.3,1
1613.4,135.0,1
1613.5,99.5,1
1613.6,128.0,1
1613.7,124.6,1
1613.9,146.5,1
1619.0,99.6,1
1619.1,125.0,1
1619.2,135.7,1
1619.4,146.2,1
1619.5,108.7,1
1624.6,139.7,1
1624.8,146.0,1
1625.0,171.6,1
1625.1,173.8,1
1625.3,158.1,1
1630.4,155.3,1
1630.6,150.1,1
1630.7,150.1,1
1630.9,142.9,1
1631.0,141.9,1
1636.2,137.3,1
1636.3,144.7,1
1636.5,136.1,1
1636.6,140.2,1
1636.8,159.2,1
1641.9,150.2,1
1642.0,128.9,1
1642.2,141.6,1
1642.3,149.4,1
1642.5,134.5,1
1647.6,140.7,1
1647.7,140.6,1
1647.9,110.0,1
1648.0,138.8,1
1648.1,125.3,1
1653.3,131.8,1
1653.4,105.5,1
1653.5,114.9,1
1653.6,149.7,1
1653.8,124.2,1
1658.9,134.2,1
1659.0,99.2,1
1659.1,95.9,1
1659.2,130.9,1
1659.3,122.2,1
1664.5,131.9,1
1664.6,138.9,1
1664.7,135.6,1
1664.9,108.2,1
1665.0,126.5,1
1670.1,134.6,1
1670.3,129.0,1
1670.4,151.7,1
1670.5,138.0,1
1670.7,129.0,1
1675.8,146.0,1
1676.0,140.9,1
1676.1,144.7,1
1676.2,140.7,1
1676.4,137.9,1
1681.5,109.4,1
1681.6,102.9,1
1681.8,172.7,1
1681.9,147.3,1
1682.0,120.4,1
1687.2,128.5,1
1687.3,150.5,1
1687.5,135.2,1
1687.6,129.9,1
1687.7,120.6,1
1692.8,126.6,1
1693.0,108.7,1
1693.1,145.1,1
1693.3,151.9,1
1693.4,132.5,1
1698.5,151.7,1
1698.6,109.6,1
1698.8,123.5,1
1698.9,128.7,1
1699.0,144.5,1
1704.2,126.1,1
1704.3,101.2,1
1704.4,135.3,1
1704.6,142.6,1
1704.7,138.9,1
1709.8,100.9,1
1709.9,126.8,1
1710.1,137.6,1
1710.2,132.5,1
1710.3,127.1,1
1715.5,141.8,1
1715.6,162.4,1
1715.8,132.5,1
1715.9,154.8,1
1716.1,167.5,1
1721.2,147.3,1
1721.4,134.5,1
1721.5,167.6,1
1721.7,136.7,1
1721.8,138.5,1
1727.0,132.5,1
1727.1,133.2,1
1727.2,126.5,1
1727.4,154.2,1
1727.5,147.5,1
1732.7,150.5,1
1732.8,104.7,1
1732.9,136.1,1
1733.1,163.2,1
1733.2,112.3,1
1738.3,112.1,1
1738.4,139.9,1
1738.6,136.3,1
1738.7,142.7,1
1738.9,135.3,1
1744.0,113.3,1
1744.1,122.1,1
1744.2,95.1,1
1744.3,112.9,1
1744.5,146.7,1
1749.6,131.3,1
1749.7,139.7,1
1749.8,103.5,1
1750.0,134.1,1
1750.1,92.2,1
1755.2,153.4,1
1755.4,147.5,1
1755.5,157.1,1
1755.7,157.9,1
1755.8,168.1,1
1761.0,147.3,1
1761.1,136.9,1
1761.3,122.9,1
1761.4,143.8,1
1761.6,151.1,1
1766.7,119.2,1
1766.8,144.3,1
1767.0,147.7,1
1767.1,141.5,1
1767.3,179.0,1
1772.4,146.6,1
1772.6,177.4,1
1772.8,180.0,1
1773.0,160.2,1
1773.1,127.9,1
1778.2,141.2,1
1778.4,133.1,1
1778.5,140.1,1
1778.6,117.3,1
1778.8,128.7,1
1783.9,142.2,1
1784.0,139.1,1
1784.2,133.8,1
1784.3,117.1,1
1784.4,114.7,1
1789.5,100.7,1
1789.7,139.7,1
1789.8,111.0,1
1789.9,136.3,1
1790.0,103.1,1
1795.1,94.6,1
1795.2,135.4,1
1795.4,121.0,1
1795.5,98.3,1
1795.6,154.3,1
1800.8,140.1,1
1800.9,139.8,1
1801.0,131.7,1
1801.2,151.3,1
1801.3,134.5,1
1806.5,146.9,1
1806.6,180.4,1
1806.8,133.7,1
1806.9,137.7,1
1807.0,132.0,1
1812.2,165.6,1
1812.4,191.9,1
1812.6,145.3,1
1812.7,145.8,1
1812.8,146.6,1
1818.0,139.5,1
1818.1,115.4,1
1818.2,114.7,1
1818.4,141.1,1
1818.5,163.6,1
1823.7,156.9,1
1823.8,102.8,1
1823.9,122.9,1
1824.0,112.3,1
1824.1,123.3,1
1829.3,104.8,1
1829.4,135.2,1
1829.5,130.2,1
1829.6,112.7,1
1829.8,131.5,1
1834.9,133.1,1
1835.0,121.1,1
1835.2,131.1,1
1835.3,115.9,1
1835.4,134.9,1
1840.5,102.3,1
1840.6,121.3,1
1840.8,136.4,1
1840.9,105.0,1
1841.0,137.3,1
1846.2,130.4,1
1846.3,143.9,1
1846.4,151.9,1
1846.6,137.1,1
1846.7,133.2,1
1851.9,151.0,1
1852.0,152.3,1
1852.2,140.5,1
1852.3,124.5,1
1852.4,137.8,1
1857.6,162.5,1
1857.7,144.2,1
1857.9,146.1,1
1858.0,126.6,1
1858.2,149.8,1
1863.3,152.2,1
1863.4,128.7,1
1863.6,156.2,1
1863.7,140.8,1
1863.9,146.6,1
1869.0,107.1,1
1869.1,138.0,1
1869.3,130.5,1
1869.4,133.2,1
1869.6,149.3,1
1874.7,146.7,1
1874.8,91.4,1
1874.9,142.7,1
1875.1,158.9,1
1875.2,109.3,1
1880.4,171.2,1
1880.5,162.9,1
1880.7,106.4,1
1880.8,139.2,1
1880.9,129.5,1
1886.1,139.5,1
1886.2,144.2,1
1886.4,185.1,1
1886.6,175.1,1
1886.7,139.0,1
1891.8,132.4,1
1892.0,130.8,1
1892.1,148.3,1
1892.3,138.2,1
1892.4,140.5,1
1897.6,138.8,1
1897.7,127.7,1
1897.8,142.8,1
1898.0,150.0,1
1898.1,141.2,1
1903.3,153.6,1
1903.4,167.8,1
1903.6,156.1,1
1903.7,147.2,1
1903.9,139.4,1
1909.0,132.9,1
1909.1,123.0,1
1909.3,139.8,1
1909.4,129.3,1
1909.6,153.3,1
1914.7,94.9,1
1914.8,107.7,1
1914.9,93.9,1
1915.0,146.0,1
1915.2,152.6,1
1920.3,120.1,1
1920.4,145.7,1
1920.5,111.1,1
1920.7,105.5,1
1920.8,135.9,1
1925.9,122.0,1
1926.0,123.1,1
1926.2,122.1,1
1926.3,116.9,1
1926.4,122.3,1
1931.5,129.0,1
1931.6,101.5,1
1931.8,132.0,1
1931.9,143.3,1
1932.0,96.7,1
1937.1,127.0,1
1937.3,118.1,1
1937.4,122.5,1
1937.5,127.0,1
1937.6,136.1,1
1942.8,142.4,1
1942.9,139.1,1
1943.1,124.9,1
1943.2,136.6,1
1943.3,134.4,1
1948.5,135.2,1
1948.6,143.0,1
1948.7,136.4,1
1948.9,137.6,1
1949.0,145.7,1
1954.2,144.8,1
1954.3,141.0,1
1954.5,137.1,1
1954.6,129.4,1
1954.7,134.4,1
1959.8,93.7,1
1959.9,108.7,1
1960.0,102.2,1
1960.2,131.6,1
1960.3,126.8,1
1965.4,111.1,1
1965.5,115.6,1
1965.6,131.1,1
1965.7,101.5,1
1965.9,133.1,1
1971.0,92.9,1
1971.1,95.4,1
1971.2,116.2,1
1971.3,140.8,1
1971.5,135.4,1
1976.6,144.4,1
1976.8,157.9,1
1976.9,147.1,1
1977.0,127.2,1
1977.1,94.9,1
1982.3,148.7,1
1982.4,140.0,1
1982.6,149.5,1
1982.7,150.1,1
1982.9,129.5,1
1988.0,139.2,1
1988.1,136.1,1
1988.3,153.2,1
1988.4,151.2,1
1988.6,149.7,1
1993.7,126.4,1
1993.9,146.4,1
1994.0,132.2,1
1994.1,134.2,1
1994.3,134.7,1
1999.4,133.7,1
1999.6,153.7,1
1999.7,152.2,1
1999.9,137.5,1
2000.0,177.4,1
2005.2,133.5,1
2005.3,130.2,1
2005.4,121.3,1
2005.5,109.9,1
2005.7,131.6,1
2010.8,106.0,1
2010.9,115.4,1
2011.0,144.8,1
2011.2,140.2,1
2011.3,122.9,1
2016.5,163.7,1
2016.6,127.9,1
2016.7,148.6,1
2016.9,141.1,1
2017.0,150.5,1
2022.2,135.3,1
2022.3,108.5,1
2022.4,142.3,1
2022.6,142.1,1
2022.7,98.0,1
2027.8,145.2,1
2028.0,141.3,1
2028.1,129.5,1
2028.2,148.2,1
2028.4,153.0,1
2033.5,151.7,1
2033.7,145.3,1
2033.9,203.8,1
2034.0,134.2,1
2034.2,138.5,1
2039.3,113.3,1
2039.4,135.0,1
2039.6,151.5,1
2039.7,124.3,1
2039.8,146.4,1
2045.0,137.6,1
2045.1,134.8,1
2045.3,157.5,1
2045.4,145.6,1
2045.6,147.8,1
2050.7,122.8,1
2050.8,115.9,1
2050.9,128.4,1
2051.1,115.2,1
2051.2,134.0,1
2056.3,133.5,1
2056.5,126.8,1
2056.6,118.2,1
2056.7,108.4,1
2056.8,140.2,1
2062.0,129.1,1
2062.1,144.6,1
2062.3,157.1,1
2062.4,128.5,1
2062.5,141.5,1
2067.7,119.5,1
2067.8,121.4,1
2067.9,143.4,1
2068.0,125.4,1
2068.2,126.1,1
2073.3,106.2,1
2073.4,149.6,1
2073.6,142.0,1
2073.7,175.2,1
2073.9,139.1,1
2079.0,146.2,1
2079.2,144.9,1
2079.3,149.8,1
2079.5,136.8,1
2079.6,162.9,1
2084.8,147.3,1
2084.9,144.8,1
2085.1,131.3,1
2085.2,147.0,1
2085.4,147.3,1
2090.5,109.7,1
2090.6,121.3,1
2090.7,119.8,1
2090.9,143.9,1
2091.0,151.4,1
2096.1,128.5,1
2096.3,131.2,1
2096.4,135.0,1
2096.5,134.9,1
2096.7,125.6,1
2101.8,144.0,1
2102.0,136.1,1
2102.1,149.9,1
2102.2,105.1,1
2102.3,130.3,1
2107.5,137.7,1
2107.6,131.5,1
2107.7,129.8,1
2107.9,121.4,1
2108.0,147.5,1
2113.1,115.6,1
2113.3,140.5,1
2113.4,137.0,1
2113.5,132.0,1
2113.7,123.1,1
2118.8,118.9,1
2118.9,125.2,1
2119.0,130.2,1
2119.2,129.3,1
2119.3,104.5,1
2124.4,156.3,1
2124.6,140.0,1
2124.7,144.5,1
2124.8,95.2,1
2125.0,135.5,1
2130.1,136.7,1
2130.2,151.1,1
2130.4,164.0,1
2130.6,170.7,1
2130.7,155.5,1
2135.9,174.6,1
2136.0,136.7,1
2136.2,172.9,1
2136.3,127.0,1
2136.5,123.7,1
2141.6,136.9,1
2141.7,101.9,1
2141.8,115.7,1
2141.9,106.4,1
2142.1,120.2,1
2147.2,149.1,1
2147.3,134.3,1
2147.5,144.8,1
2147.6,140.7,1
2147.8,148.5,1
2152.9,128.0,1
2153.0,116.0,1
2153.2,136.8,1
2153.3,118.8,1
2153.4,153.5,1
2158.6,140.4,1
2158.7,126.1,1
2158.8,108.2,1
2159.0,149.8,1
2159.1,131.3,1
2164.3,153.5,1
2164.4,170.3,1
2164.6,183.5,1
2164.8,150.0,1
2164.9,129.6,1
2170.0,140.7,1
2170.2,151.0,1
2170.3,157.5,1
2170.5,146.1,1
2170.6,136.6,1
2175.8,141.4,1
2175.9,128.9,1
2176.0,147.8,1
2176.2,126.4,1
2176.3,143.5,1
2181.4,114.0,1
2181.6,134.8,1
2181.7,118.1,1
2181.8,100.8,1
2181.9,123.7,1
2187.1,143.2,1
2187.2,118.1,1
2187.3,128.7,1
2187.5,149.5,1
2187.6,144.9,1
2192.7,140.9,1
2192.9,134.8,1
2193.0,143.8,1
2193.1,123.9,1
2193.2,97.7,1
2198.4,120.0,1
2198.5,163.5,1
2198.6,112.5,1
2198.8,127.9,1
2198.9,136.6,1
2204.1,142.1,1
2204.2,124.4,1
2204.3,128.4,1
2204.4,105.3,1
2204.5,132.6,1
2209.7,145.6,1
2209.8,132.6,1
2210.0,134.7,1
2210.1,149.6,1
2210.3,133.8,1
2215.4,126.9,1
2215.5,139.0,1
2215.7,146.4,1
2215.8,132.7,1
2216.0,149.9,1
2221.1,135.7,1
2221.3,162.3,1
2221.4,131.3,1
2221.5,161.7,1
2221.7,132.0,1
2226.8,97.6,1
2226.9,130.3,1
2227.0,100.2,1
2227.2,152.4,1
2227.3,117.9,1
2232.4,113.7,1
2232.5,140.5,1
2232.7,121.4,1
2232.8,128.5,1
2232.9,142.9,1
2238.1,136.0,1
2238.2,136.5,1
2238.4,135.7,1
2238.5,106.2,1
2238.6,167.5,1
2243.7,100.1,1
2243.9,144.1,1
2244.0,140.6,1
2244.1,128.5,1
2244.3,117.8,1
2249.4,111.5,1
2249.5,164.4,1
2249.7,161.7,1
2249.8,104.6,1
2250.0,144.8,1
2255.1,130.8,1
2255.2,140.3,1
2255.4,136.6,1
2255.5,138.5,1
2255.6,136.7,1
2260.8,136.7,1
2260.9,166.5,1
2261.1,173.7,1
2261.3,173.3,1
2261.5,190.6,1
2266.6,148.7,1
2266.8,150.3,1
2266.9,132.1,1
2267.1,143.6,1
2267.2,132.2,1
2272.3,119.7,1
2272.5,158.8,1
2272.6,138.6,1
2272.8,135.5,1
2272.9,126.6,1
2278.0,135.0,1
2278.2,146.4,1
2278.3,142.5,1
2278.5,176.3,1
2278.6,152.5,1
2283.8,109.4,1
2283.9,126.9,1
2284.0,134.9,1
2284.2,141.3,1
2284.3,128.2,1
2289.4,149.6,1
2289.6,144.3,1
2289.7,110.1,1
2289.8,125.2,1
2289.9,119.2,1
2295.1,128.2,1
2295.2,126.2,1
2295.4,163.1,1
2295.5,172.0,1
2295.7,124.2,1
2300.8,143.6,1
2300.9,135.2,1
2301.1,139.1,1
2301.2,158.9,1
2301.4,140.0,1
2306.5,159.8,1
2306.7,149.8,1
2306.8,143.0,1
2307.0,133.9,1
2307.1,131.1,1
2312.2,110.5,1
2312.4,137.7,1
2312.5,156.0,1
2312.6,139.0,1
2312.8,119.1,1
2317.9,144.9,1
2318.0,98.3,1
2318.1,97.2,1
2318.2,132.9,1
2318.3,101.8,1
2323.5,117.2,1
2323.6,157.2,1
2323.8,145.8,1
2323.9,147.1,1
2324.1,131.4,1
2329.2,109.5,1
2329.3,107.4,1
2329.4,113.5,1
2329.5,133.6,1
2329.6,115.4,1
2334.8,135.3,1
2334.9,137.4,1
2335.0,131.3,1
2335.2,124.5,1
2335.3,98.4,1
2340.4,108.9,1
2340.5,130.8,1
2340.7,144.9,1
2340.8,122.2,1
2340.9,148.5,1
2346.1,137.5,1
2346.2,125.2,1
2346.3,136.4,1
2346.5,143.1,1
2346.6,140.8,1
2351.8,142.0,1
2351.9,155.5,1
2352.0,127.1,1
2352.2,136.4,1
2352.4,185.5,1
2357.5,131.6,1
2357.6,133.5,1
2357.8,149.7,1
2357.9,127.7,1
2358.0,131.9,1
2363.2,123.3,1
2363.3,128.3,1
2363.4,103.7,1
2363.5,136.6,1
2363.7,139.4,1
2368.8,95.0,1
2368.9,94.5,1
2369.0,149.9,1
2369.2,131.3,1
2369.3,125.0,1
2374.4,125.2,1
2374.6,145.3,1
2374.7,126.5,1
2374.8,144.9,1
2375.0,129.3,1
2380.1,132.3,1
2380.2,118.5,1
2380.3,113.1,1
2380.4,111.5,1
2380.5,99.1,1
2385.7,132.1,1
2385.8,143.9,1
2386.0,136.0,1
2386.1,139.8,1
2386.2,140.0,1
2391.4,127.2,1
2391.5,152.4,1
2391.7,148.9,1
2391.8,175.4,1
2392.0,148.4,1
2397.1,129.0,1
2397.3,165.2,1
2397.4,139.0,1
2397.6,140.4,1
2397.7,168.8,1
2402.9,134.1,1
2403.0,136.7,1
2403.1,135.6,1
2403.3,135.2,1
2403.4,149.4,1
2408.6,149.9,1
2408.7,147.1,1
2408.9,142.4,1
2409.0,140.4,1
2409.2,139.5,1
2414.3,102.1,1
2414.4,120.2,1
2414.5,115.6,1
2414.6,145.1,1
2414.8,114.3,1
2419.9,123.4,1
2420.0,143.4,1
2420.2,147.1,1
2420.3,152.3,1
2420.5,160.9,1
2425.6,122.6,1
2425.7,111.0,1
2425.9,130.6,1
2426.0,123.3,1
2426.1,119.0,1
2431.2,138.5,1
2431.4,171.4,1
2431.6,145.3,1
2431.7,128.5,1
2431.8,112.4,1
2437.0,154.8,1
2437.1,128.6,1
2437.2,140.3,1
2437.4,138.9,1
2437.5,146.5,1
2442.7,137.3,1
2442.8,135.6,1
2442.9,134.5,1
2443.1,133.9,1
2443.2,133.2,1
2448.3,146.3,1
2448.5,133.5,1
2448.6,158.3,1
2448.8,155.6,1
2448.9,136.3,1
2454.1,133.3,1
2454.2,134.8,1
2454.4,169.3,1
2454.5,134.0,1
2454.6,124.1,1
2459.8,130.2,1
2459.9,142.3,1
2460.0,95.2,1
2460.1,125.5,1
2460.3,142.2,1
2465.4,106.6,1
2465.5,134.7,1
2465.6,95.0,1
2465.7,111.5,1
2465.9,126.6,1
2471.0,131.8,1
2471.1,146.3,1
2471.3,145.0,1
2471.4,128.4,1
2471.6,148.9,1
2476.7,143.9,1
2476.8,139.5,1
2477.0,123.4,1
2477.1,125.4,1
2477.2,140.3,1
2482.4,157.6,1
2482.6,156.6,1
2482.7,143.3,1
2482.8,132.2,1
2483.0,142.7,1
2488.1,134.7,1
2488.3,138.0,1
2488.4,138.1,1
2488.5,135.4,1
2488.6,120.8,1
2493.8,143.0,1
2493.9,107.5,1
2494.0,127.7,1
2494.1,111.4,1
2494.3,148.7,1
2499.4,125.8,1
2499.6,137.1,1
2499.7,109.5,1
2499.8,118.6,1
2499.9,121.7,1
2505.0,94.2,1
2505.1,126.6,1
2505.2,114.5,1
2505.4,144.6,1
2505.5,96.2,1
2510.6,115.8,1
2510.7,116.8,1
2510.8,98.7,1
2510.9,114.1,1
2511.1,149.1,1
2516.2,115.7,1
2516.3,138.1,1
2516.5,120.0,1
2516.6,113.1,1
2516.7,106.3,1
2521.8,145.7,1
2522.0,148.1,1
2522.1,152.7,1
2522.3,167.1,1
2522.5,163.4,1
2527.6,125.2,1
2527.7,133.4,1
2527.9,151.5,1
2528.0,112.6,1
2528.1,137.7,1
2533.3,141.3,1
2533.4,146.1,1
2533.6,170.2,1
2533.7,147.5,1
2533.9,129.7,1
2539.0,147.9,1
2539.2,156.8,1
2539.4,177.6,1
2539.5,179.2,1
2539.7,172.2,1
2544.9,145.1,1
2545.0,128.3,1
2545.1,116.4,1
2545.2,121.5,1
2545.4,135.8,1
2550.5,146.1,1
2550.6,137.1,1
2550.8,121.4,1
2550.9,152.9,1
2551.1,135.7,1
2556.2,119.9,1
2556.3,142.2,1
2556.4,109.8,1
2556.6,137.4,1
2556.7,124.9,1
2561.9,147.3,1
2562.0,129.3,1
2562.1,128.0,1
2562.2,141.2,1
2562.4,137.9,1
2567.5,121.9,1
2567.6,125.7,1
2567.8,131.5,1
2567.9,115.3,1
2568.0,120.3,1
2573.2,158.5,1
2573.3,128.5,1
2573.5,153.4,1
2573.6,141.0,1
2573.7,140.9,1
2578.9,139.1,1
2579.0,147.8,1
2579.2,135.6,1
2579.3,141.1,1
2579.4,133.6,1
2584.6,135.7,1
2584.7,125.5,1
2584.8,136.6,1
2585.0,135.8,1
2585.1,120.7,1
2590.3,159.0,1
2590.4,104.9,1
2590.5,121.1,1
2590.6,135.5,1
2590.7,124.4,1
2595.9,109.5,1
2596.0,141.9,1
2596.1,125.1,1
2596.2,95.9,1
2596.3,108.0,1
2601.4,105.5,1
2601.6,117.6,1
2601.7,141.4,1
2601.8,134.4,1
2602.0,148.1,1
2607.1,118.8,1
2607.2,139.5,1
2607.4,130.1,1
2607.5,109.1,1
2607.6,122.4,1
2612.8,144.8,1
2612.9,145.0,1
2613.0,135.5,1
2613.2,120.5,1
2613.3,136.1,1
2618.4,139.6,1
2618.6,131.1,1
2618.7,135.5,1
2618.9,143.4,1
2619.0,124.1,1
2624.1,140.6,1
2624.3,133.9,1
2624.4,132.9,1
2624.5,136.2,1
2624.6,122.3,1
2629.8,156.3,1
2630.0,153.6,1
2630.1,144.8,1
2630.2,130.3,1
2630.4,144.5,1
2635.5,107.2,1
2635.6,100.2,1
2635.7,128.4,1
2635.8,121.6,1
2636.0,141.7,1
2641.1,103.0,1
2641.2,140.9,1
2641.3,99.6,1
2641.5,151.1,1
2641.6,117.9,1
2646.7,106.0,1
2646.8,132.1,1
2647.0,145.8,1
2647.1,119.8,1
2647.3,148.3,1
2652.4,127.6,1
2652.5,141.6,1
2652.7,140.3,1
2652.8,134.4,1
2652.9,137.1,1
2658.1,138.4,1
2658.2,130.0,1
2658.4,139.7,1
2658.5,125.6,1
2658.6,136.8,1
2663.8,141.9,1
2663.9,141.2,1
2664.1,141.2,1
2664.2,135.4,1
2664.3,153.8,1
2669.5,173.7,1
2669.7,186.1,1
2669.9,155.0,1
2670.0,167.6,1
2670.2,157.8,1
2675.3,130.1,1
2675.5,179.0,1
2675.6,145.9,1
2675.8,141.8,1
2675.9,140.0,1
2681.1,137.3,1
2681.2,157.0,1
2681.4,147.6,1
2681.5,151.5,1
2681.7,144.6,1
2686.8,95.1,1
2686.9,110.2,1
2687.0,93.1,1
2687.1,134.8,1
2687.2,107.4,1
2692.3,123.2,1
2692.4,104.7,1
2692.6,120.2,1
2692.7,143.3,1
2692.8,137.9,1
2697.9,94.6,1
2698.1,137.0,1
2698.2,98.5,1
2698.3,147.9,1
2698.5,122.5,1
2703.6,134.6,1
2703.7,150.5,1
2703.9,127.0,1
2704.0,120.8,1
2704.1,147.5,1
2709.3,149.7,1
2709.5,161.7,1
2709.6,136.9,1
2709.7,135.3,1
2709.9,141.5,1
2715.0,139.9,1
2715.2,149.3,1
2715.3,184.5,1
2715.5,149.2,1
2715.6,134.0,1
2720.8,145.8,1
2720.9,132.6,1
2721.1,152.1,1
2721.2,137.2,1
2721.4,175.6,1
2726.5,132.5,1
2726.7,145.4,1
2726.8,157.0,1
2726.9,104.2,1
2727.0,123.5,1
2732.2,137.0,1
2732.3,140.4,1
2732.5,145.9,1
2732.6,122.3,1
2732.7,138.9,1
2737.9,139.3,1
2738.0,156.9,1
2738.2,122.3,1
2738.3,126.2,1
2738.4,120.1,1
2743.5,97.2,1
2743.7,154.2,1
2743.8,131.1,1
2743.9,135.3,1
2744.1,126.0,1
2749.2,127.7,1
2749.3,130.2,1
2749.5,150.4,1
2749.6,152.2,1
2749.8,146.5,1
2754.9,136.5,1
2755.0,129.7,1
2755.2,153.5,1
2755.3,140.3,1
2755.5,135.9,1
2760.6,127.6,1
2760.7,121.4,1
2760.9,137.1,1
2761.0,121.6,1
2761.1,147.2,1
2766.3,131.2,1
2766.4,124.1,1
2766.5,131.7,1
2766.6,116.5,1
2766.8,134.1,1
2771.9,166.7,1
2772.1,147.8,1
2772.2,110.2,1
2772.4,161.1,1
2772.5,116.0,1
2777.6,133.2,1
2777.7,116.9,1
2777.8,114.4,1
2777.9,101.8,1
2778.1,126.5,1
2783.2,154.1,1
2783.4,121.7,1
2783.5,145.4,1
2783.6,131.6,1
2783.8,152.9,1
2788.9,108.4,1
2789.0,117.0,1
2789.2,148.7,1
2789.3,147.7,1
2789.4,137.5,1
2794.6,150.9,1
2794.7,145.0,1
2794.9,135.5,1
2795.0,136.0,1
2795.2,142.3,1
2800.3,152.5,1
2800.5,145.5,1
2800.6,164.3,1
2800.8,176.4,1
2801.0,188.2,1
2806.1,138.4,1
2806.3,146.4,1
2806.4,146.6,1
2806.6,142.9,1
2806.7,146.8,1
2811.9,136.0,1
2812.0,149.9,1
2812.1,120.2,1
2812.3,145.1,1
2812.4,117.2,1
2817.6,152.7,1
2817.7,115.5,1
2817.8,145.2,1
2817.9,135.5,1
2818.1,143.2,1
2823.2,145.7,1
2823.4,144.2,1
2823.5,136.6,1
2823.6,113.1,1
2823.8,124.1,1
2828.9,123.6,1
2829.0,143.4,1
2829.2,126.5,1
2829.3,121.0,1
2829.4,140.3,1
2834.5,108.4,1
2834.6,116.3,1
2834.8,136.5,1
2834.9,136.0,1
2835.0,109.4,1
2840.2,137.0,1
2840.3,126.1,1
2840.4,137.2,1
2840.6,136.1,1
2840.7,139.6,1
2845.9,136.9,1
2846.0,133.1,1
2846.1,139.6,1
2846.3,138.2,1
2846.4,147.7,1
2851.6,135.0,1
2851.7,136.6,1
2851.8,149.3,1
2852.0,137.2,1
2852.1,141.4,1
2857.2,97.5,1
2857.3,120.2,1
2857.5,131.5,1
2857.6,108.6,1
2857.7,136.3,1
2862.8,96.3,1
2862.9,95.0,1
2863.0,121.8,1
2863.2,136.9,1
2863.3,123.3,1
2868.4,125.7,1
2868.6,146.8,1
2868.7,137.8,1
2868.8,130.4,1
2869.0,120.7,1
2874.1,141.1,1
2874.3,150.8,1
2874.4,129.6,1
2874.5,164.5,1
2874.7,132.7,1
2879.8,105.5,1
2879.9,145.5,1
2880.1,139.0,1
2880.2,111.7,1
2880.3,135.2,1
2885.4,121.3,1
2885.6,170.0,1
2885.7,120.2,1
2885.9,154.2,1
2886.0,140.4,1
2891.2,133.3,1
2891.3,142.0,1
2891.5,142.5,1
2891.6,116.4,1
2891.7,141.0,1
2896.8,119.3,1
2897.0,124.4,1
2897.1,150.4,1
2897.3,151.8,1
2897.4,150.4,1
2902.6,149.0,1
2902.7,145.6,1
2902.8,106.5,1
2902.9,98.3,1
2903.0,130.2,1
2908.2,135.0,1
2908.3,149.2,1
2908.4,102.2,1
2908.5,107.8,1
2908.6,94.0,1
2913.7,101.6,1
2913.9,135.0,1
2914.0,130.3,1
2914.2,160.8,1
2914.3,158.8,1
2919.4,112.8,1
2919.5,96.8,1
2919.7,139.9,1
2919.8,144.4,1
2920.0,144.1,1
2925.1,120.7,1
2925.2,136.6,1
2925.4,142.2,1
2925.5,121.4,1
2925.6,141.1,1
2930.8,147.4,1
2931.0,180.7,1
2931.1,150.2,1
2931.3,139.1,1
2931.4,182.3,1
2936.6,139.5,1
2936.7,137.1,1
2936.9,146.8,1
2937.0,128.1,1
2937.1,140.8,1
2942.3,161.3,1
2942.4,120.8,1
2942.6,146.4,1
2942.7,143.5,1
2942.8,133.1,1
2948.0,142.4,1
2948.1,143.5,1
2948.3,144.0,1
2948.4,128.9,1
2948.5,107.2,1
2953.6,109.2,1
2953.8,134.6,1
2953.9,131.6,1
2954.0,125.4,1
2954.2,138.0,1
2959.3,99.8,1
2959.4,141.1,1
2959.6,144.7,1
2959.7,132.2,1
2959.8,134.2,1
2965.0,144.8,1
2965.1,119.7,1
2965.2,122.2,1
2965.4,141.9,1
2965.5,104.2,1
2970.6,123.8,1
2970.7,133.4,1
2970.9,147.7,1
2971.0,136.0,1
2971.1,139.6,1
2976.3,131.2,1
2976.4,159.0,1
2976.6,147.3,1
2976.7,125.3,1
2976.8,133.4,1
2982.0,147.7,1
2982.1,137.1,1
2982.3,163.9,1
2982.4,141.2,1
2982.6,146.3,1
2987.7,147.5,1
2987.9,135.1,1
2988.0,136.6,1
2988.2,141.2,1
2988.3,158.6,1
2993.4,114.7,1
2993.5,113.6,1
2993.6,104.7,1
2993.7,95.5,1
2993.8,102.9,1
2999.0,141.1,1
2999.1,104.2,1
2999.2,118.1,1
2999.3,112.6,1
2999.5,126.5,1
3004.6,95.0,1
3004.7,140.8,1
3004.8,129.0,1
3004.9,125.5,1
3005.1,130.2,1
3010.2,115.4,1
3010.3,125.1,1
3010.4,117.0,1
3010.5,108.9,1
3010.7,122.5,1
3015.8,144.6,1
3016.0,146.0,1
3016.1,110.6,1
3016.2,136.0,1
3016.4,142.7,1
3021.5,128.4,1
3021.6,148.2,1
3021.8,138.3,1
3021.9,148.0,1
3022.0,123.3,1
3027.2,136.1,1
3027.4,160.3,1
3027.5,143.4,1
3027.6,138.8,1
3027.8,130.2,1
3032.9,133.4,1
3033.0,131.8,1
3033.2,126.0,1
3033.3,141.5,1
3033.4,139.3,1
3038.6,130.7,1
3038.7,124.4,1
3038.8,110.8,1
3038.9,123.3,1
3039.0,108.7,1
3044.2,118.5,1
3044.3,101.0,1
3044.4,139.9,1
3044.5,136.1,1
3044.7,146.3,1
3049.8,127.5,1
3049.9,104.0,1
3050.0,116.0,1
3050.2,119.8,1
3050.3,133.9,1
3055.4,141.9,1
3055.5,101.7,1
3055.7,130.1,1
3055.8,133.3,1
3055.9,103.7,1
3061.1,145.4,1
3061.2,145.2,1
3061.4,172.7,1
3061.5,148.2,1
3061.7,199.7,1
3066.9,152.6,1
3067.0,146.8,1
3067.2,120.5,1
3067.3,124.0,1
3067.4,144.5,1
3072.6,125.6,1
3072.7,148.6,1
3072.9,166.2,1
3073.0,120.6,1
3073.1,128.7,1
3078.3,174.5,1
3078.5,160.6,1
3078.6,163.3,1
3078.8,183.9,1
3079.0,154.1,1
3084.1,115.0,1
3084.2,117.6,1
3084.3,101.6,1
3084.4,114.4,1
3084.6,140.7,1
3089.7,120.8,1
3089.8,116.7,1
3089.9,107.1,1
3090.0,145.0,1
3090.1,94.4,1
3095.2,95.7,1
3095.4,133.2,1
3095.5,108.4,1
3095.6,141.4,1
3095.7,123.7,1
3100.9,147.3,1
3101.0,134.2,1
3101.2,131.6,1
3101.3,112.4,1
3101.4,125.0,1
3106.5,136.7,1
3106.7,140.9,1
3106.8,147.7,1
3107.0,135.7,1
3107.1,133.9,1
3112.2,125.1,1
3112.4,177.7,1
3112.5,129.9,1
3112.7,142.4,1
3112.8,119.0,1
3117.9,134.7,1
3118.1,148.3,1
3118.3,171.4,1
3118.4,143.0,1
3118.5,144.7,1
3123.7,147.1,1
3123.8,135.4,1
3124.0,131.6,1
3124.1,140.2,1
3124.2,126.2,1
3129.4,145.1,1
3129.5,137.7,1
3129.7,158.6,1
3129.8,124.2,1
3129.9,141.3,1
3135.1,106.2,1
3135.2,112.2,1
3135.3,120.7,1
3135.4,100.5,1
3135.5,96.3,1
3140.6,93.3,1
3140.7,96.5,1
3140.8,122.9,1
3141.0,154.3,1
3141.1,133.0,1
3146.2,144.7,1
3146.4,125.6,1
3146.5,127.8,1
3146.6,94.0,1
3146.7,144.3,1
3151.9,133.5,1
3152.0,134.6,1
3152.1,136.6,1
3152.3,149.7,1
3152.4,150.2,1
3157.6,138.8,1
3157.7,143.2,1
3157.9,145.4,1
3158.0,142.7,1
3158.1,130.6,1
3163.3,161.6,1
3163.4,137.2,1
3163.6,148.5,1
3163.7,144.1,1
3163.9,133.3,1
3169.0,130.3,1
3169.2,142.3,1
3169.3,165.4,1
3169.5,145.4,1
3169.6,126.5,1
3174.7,113.9,1
3174.9,144.2,1
3175.0,121.7,1
3175.1,114.7,1
3175.2,104.8,1
3180.3,144.7,1
3180.5,150.7,1
3180.6,114.8,1
3180.7,111.9,1
3180.8,127.4,1
3186.0,139.6,1
3186.1,128.8,1
3186.2,103.9,1
3186.4,129.4,1
3186.5,137.6,1
3191.6,149.1,1
3191.8,136.4,1
3191.9,138.4,1
3192.1,142.1,1
3192.2,156.3,1
3197.3,127.7,1
3197.5,135.5,1
3197.7,179.5,1
3197.8,131.5,1
3197.9,145.7,1
3203.1,136.7,1
3203.2,145.3,1
3203.4,154.5,1
3203.5,137.3,1
3203.7,135.6,1
3208.9,196.6,1
3209.0,185.1,1
3209.2,147.9,1
3209.4,161.7,1
3209.5,159.0,1
3214.7,134.1,1
3214.8,138.7,1
3214.9,137.4,1
3215.1,132.1,1
3215.2,152.0,1
3220.3,97.4,1
3220.5,158.7,1
3220.6,144.4,1
3220.7,100.4,1
3220.9,147.0,1
3226.0,129.3,1
3226.1,122.8,1
3226.2,116.9,1
3226.3,114.5,1
3226.5,120.5,1
3231.6,123.1,1
3231.7,110.5,1
3231.9,142.6,1
3232.0,130.8,1
3232.1,162.3,1
3237.3,113.1,1
3237.4,140.7,1
3237.6,165.3,1
3237.7,129.1,1
3237.8,105.4,1
3243.0,149.3,1
3243.1,139.7,1
3243.2,139.0,1
3243.4,137.1,1
3243.5,138.4,1
3248.6,122.7,1
3248.8,137.9,1
3248.9,148.3,1
3249.1,141.6,1
3249.2,148.0,1
3254.3,127.7,1
3254.5,136.4,1
3254.6,137.0,1
3254.8,141.4,1
3254.9,136.0,1
3260.0,135.1,1
3260.2,119.8,1
3260.3,151.6,1
3260.5,153.0,1
3260.6,137.2,1
3265.7,98.0,1
3265.8,100.2,1
3265.9,100.6,1
3266.0,100.0,1
3266.1,93.0,1
3271.2,97.5,1
3271.3,143.1,1
3271.4,109.0,1
3271.6,119.7,1
3271.7,110.3,1
3276.8,95.0,1
3276.9,99.2,1
3277.0,133.6,1
3277.1,140.8,1
3277.3,124.7,1
3282.4,105.3,1
3282.5,128.2,1
3282.7,150.6,1
3282.8,133.3,1
3282.9,125.0,1
3288.0,112.5,1
3288.2,125.7,1
3288.3,138.1,1
3288.4,131.2,1
3288.6,151.0,1
3293.7,140.9,1
3293.9,141.2,1
3294.0,119.1,1
3294.1,143.8,1
3294.3,137.5,1
3299.4,162.1,1
3299.6,150.0,1
3299.7,121.2,1
3299.9,144.0,1
3300.0,170.1,1
3305.1,115.5,1
3305.3,142.4,1
3305.4,134.8,1
3305.6,150.0,1
3305.7,150.4,1
3310.9,122.4,1
3311.0,131.8,1
3311.1,132.7,1
3311.2,111.0,1
3311.4,143.1,1
3316.5,128.9,1
3316.6,112.3,1
3316.7,111.9,1
3316.9,131.0,1
3317.0,144.8,1
3322.1,95.5,1
3322.2,93.3,1
3322.3,99.2,1
3322.4,114.6,1
3322.6,142.1,1
3327.7,109.2,1
3327.8,118.4,1
3327.9,132.2,1
3328.1,134.4,1
3328.2,128.4,1
3333.3,147.3,1
3333.5,168.9,1
3333.6,121.6,1
3333.8,129.5,1
3333.9,141.6,1
3339.0,134.4,1
3339.2,136.4,1
3339.3,140.5,1
3339.5,141.5,1
3339.6,163.5,1
3344.7,120.9,1
3344.9,141.4,1
3345.0,138.0,1
3345.2,137.5,1
3345.3,138.6,1
3350.4,147.7,1
3350.6,147.8,1
3350.7,144.8,1
3350.9,131.2,1
3351.0,152.3,1
3356.1,119.4,1
3356.3,163.5,1
3356.5,147.0,1
3356.6,141.8,1
3356.7,145.6,1
3361.9,118.7,1
3362.0,112.2,1
3362.1,122.9,1
3362.2,141.5,1
3362.4,129.0,1
3367.5,139.9,1
3367.6,106.4,1
3367.8,127.3,1
3367.8,93.0,1
3368.0,133.7,1
3373.1,133.6,1
3373.3,134.1,1
3373.4,120.3,1
3373.5,147.3,1
3373.7,149.2,1
3378.8,116.4,1
3378.9,150.0,1
3379.1,133.8,1
3379.2,139.0,1
3379.4,147.8,1
3384.5,143.6,1
3384.7,141.9,1
3384.8,138.1,1
3384.9,137.8,1
3385.1,144.4,1
3390.2,147.9,1
3390.4,128.4,1
3390.5,148.5,1
3390.6,138.5,1
3390.8,139.3,1
3395.9,140.2,1
3396.1,145.4,1
3396.2,131.8,1
3396.3,146.7,1
3396.5,150.9,1
3401.6,133.1,1
3401.7,110.2,1
3401.9,143.6,1
3402.1,163.1,1
3402.2,130.6,1
3407.3,145.1,1
3407.5,117.0,1
3407.6,138.3,1
3407.7,92.0,1
3407.8,138.7,1
3412.9,120.8,1
3413.1,158.3,1
3413.2,102.3,1
3413.4,144.4,1
3413.5,111.0,1
3418.6,105.5,1
3418.7,132.7,1
3418.9,150.6,1
3419.0,122.9,1
3419.1,94.2,1
3424.2,133.8,1
3424.4,158.9,1
3424.5,150.1,1
3424.7,137.0,1
3424.8,144.2,1
3429.9,101.7,1
3430.1,142.3,1
3430.2,125.3,1
3430.3,139.2,1
3430.5,148.5,1
3435.6,135.5,1
3435.7,136.2,1
3435.9,160.3,1
3436.0,143.4,1
3436.2,124.1,1
3441.3,140.3,1
3441.5,138.7,1
3441.6,138.8,1
3441.7,134.1,1
3441.9,126.3,1
3447.0,120.4,1
3447.1,132.9,1
3447.2,127.3,1
3447.4,147.4,1
3447.5,151.5,1
3452.6,95.1,1
3452.8,140.8,1
3452.9,143.9,1
3453.0,107.0,1
3453.1,112.9,1
3458.3,136.5,1
3458.4,110.9,1
3458.5,102.2,1
3458.6,123.4,1
3458.7,125.0,1
3463.9,108.3,1
3464.0,134.5,1
3464.1,141.4,1
3464.3,140.5,1
3464.4,140.1,1
3469.5,122.0,1
3469.7,148.4,1
3469.8,139.1,1
3470.0,188.9,1
3470.2,185.8,1
3475.4,152.5,1
3475.5,122.4,1
3475.6,138.6,1
3475.8,137.7,1
3475.9,143.0,1
3481.0,127.3,1
3481.1,115.3,1
3481.3,143.5,1
3481.4,149.7,1
3481.6,151.4,1
3486.8,164.8,1
3487.0,188.1,1
3487.2,296.1,1
3487.4,169.2,1
3487.6,148.3,1
3492.7,131.2,1
3492.8,108.0,1
3492.9,133.6,1
3493.0,97.8,1
3493.2,146.9,1
3498.3,145.1,1
3498.4,105.7,1
3498.6,140.2,1
3498.7,140.8,1
3498.9,146.2,1
3504.0,119.6,1
3504.1,133.5,1
3504.2,121.2,1
3504.4,145.5,1
3504.5,148.9,1
3509.7,112.7,1
3509.8,97.3,1
3509.9,112.0,1
3510.0,125.7,1
3510.1,94.6,1
3515.2,120.5,1
3515.4,153.9,1
3515.5,143.0,1
3515.6,129.7,1
3515.8,151.0,1
3520.9,132.5,1
3521.1,130.3,1
3521.2,151.6,1
3521.3,127.4,1
3521.5,130.5,1
3526.6,137.8,1
3526.7,138.0,1
3526.9,134.1,1
3527.0,149.7,1
3527.2,139.6,1
3532.3,96.0,1
3532.4,140.2,1
3532.6,142.5,1
3532.7,133.1,1
3532.8,127.7,1
3537.9,104.7,1
3538.1,127.5,1
3538.1,93.7,1
3538.2,91.9,1
3538.4,145.7,1
3543.5,99.8,1
3543.6,143.7,1
3543.7,107.0,1
3543.9,117.9,1
3544.0,133.0,1
3549.1,109.3,1
3549.2,133.4,1
3549.3,97.5,1
3549.5,145.6,1
3549.6,125.6,1
3554.7,127.4,1
3554.8,97.1,1
3555.0,120.2,1
3555.1,141.8,1
3555.2,101.1,1
3560.3,145.3,1
3560.5,115.8,1
3560.6,160.6,1
3560.7,122.6,1
3560.9,161.3,1
3566.1,146.6,1
3566.2,121.0,1
3566.3,131.9,1
3566.5,149.6,1
3566.6,139.2,1
3571.8,155.4,1
3571.9,136.9,1
3572.0,134.4,1
3572.2,147.4,1
3572.3,134.4,1
3577.4,105.4,1
3577.6,141.2,1
3577.7,134.6,1
3577.8,122.1,1
3577.9,101.8,1
3583.0,112.4,1
3583.1,99.5,1
3583.2,97.5,1
3583.4,111.4,1
3583.5,119.3,1
3588.6,97.4,1
3588.7,99.5,1
3588.8,167.5,1
3588.9,111.0,1
3589.1,150.6,1
3594.2,127.9,1
3594.4,140.1,1
3594.5,134.4,1
3594.7,146.6,1
3594.8,141.4,1
3599.9,102.6,1
3600.0,97.5,1
3600.1,106.6,1
3600.2,105.5,1
3600.4,144.8,1
3605.5,126.5,1
3605.6,146.8,1
3605.8,137.3,1
3605.9,150.3,1
3606.0,116.9,1
3611.2,130.3,1
3611.3,141.5,1
3611.5,145.5,1
3611.6,148.3,1
3611.7,132.1,1
3616.9,106.4,1
3617.0,161.1,1
3617.2,167.9,1
3617.3,147.0,1
3617.5,199.0,1
3622.6,93.9,1
3622.8,126.9,1
3622.9,119.1,1
3623.0,133.7,1
3623.1,96.6,1
3628.2,134.0,1
3628.4,152.4,1
3628.5,133.3,1
3628.6,109.8,1
3628.8,123.5,1
3633.9,148.5,1
3634.1,144.3,1
3634.2,144.0,1
3634.3,144.3,1
3634.5,140.1,1
3639.6,98.3,1
3639.7,130.8,1
3639.8,107.1,1
3640.0,123.9,1
3640.1,111.8,1
3645.2,145.7,1
3645.3,103.4,1
3645.5,135.1,1
3645.6,139.0,1
3645.7,145.9,1
3650.9,196.3,1
3651.1,170.5,1
3651.3,158.1,1
3651.4,145.8,1
3651.6,138.2,1
3656.7,141.4,1
3656.8,129.1,1
3657.0,134.0,1
3657.1,139.1,1
3657.3,164.4,1
3662.4,143.7,1
3662.5,123.4,1
3662.7,135.7,1
3662.8,146.6,1
3663.0,146.6,1
3668.1,96.2,1
3668.2,121.3,1
3668.3,146.9,1
3668.5,133.2,1
3668.6,138.8,1
3673.7,96.0,1
3673.8,125.1,1
3674.0,151.6,1
3674.1,116.0,1
3674.2,132.9,1
3679.4,122.9,1
3679.5,118.3,1
3679.6,112.2,1
3679.7,142.0,1
3679.9,144.4,1
3685.0,160.3,1
3685.2,141.9,1
3685.4,176.4,1
3685.5,166.4,1
3685.7,149.6,1
3690.8,132.3,1
3690.9,129.7,1
3691.1,139.2,1
3691.2,150.3,1
3691.4,129.2,1
3696.5,134.8,1
3696.6,137.4,1
3696.8,129.2,1
3696.9,150.2,1
3697.0,129.2,1
3702.2,107.4,1
3702.3,169.2,1
3702.5,129.6,1
3702.6,137.5,1
3702.7,139.2,1
3707.9,132.9,1
3708.0,128.7,1
3708.1,135.0,1
3708.3,130.4,1
3708.4,156.9,1
3713.6,137.1,1
3713.7,147.1,1
3713.8,132.6,1
3714.0,116.5,1
3714.1,109.0,1
3719.2,132.0,1
3719.3,128.8,1
3719.5,136.7,1
3719.6,109.4,1
3719.7,95.7,1
3724.8,107.8,1
3724.9,93.8,1
3725.0,110.4,1
3725.1,108.4,1
3725.3,156.9,1
3730.4,110.0,1
3730.5,146.4,1
3730.7,144.4,1
3730.8,91.8,1
3730.9,143.7,1
3736.0,138.0,1
3736.2,135.6,1
3736.3,152.3,1
3736.5,135.3,1
3736.6,134.1,1
3741.7,135.7,1
3741.9,132.7,1
3742.0,137.6,1
3742.2,152.8,1
3742.3,126.4,1
3747.5,165.1,1
3747.6,152.9,1
3747.8,140.3,1
3747.9,166.3,1
3748.1,150.0,1
3753.2,143.0,1
3753.4,135.6,1
3753.5,147.0,1
3753.6,137.8,1
3753.8,126.1,1
3758.9,96.7,1
3759.0,116.2,1
3759.1,116.6,1
3759.3,148.0,1
3759.4,130.3,1
3764.5,138.4,1
3764.7,149.5,1
3764.8,149.2,1
3765.0,150.4,1
3765.1,145.6,1
3770.3,130.5,1
3770.4,135.8,1
3770.5,127.7,1
3770.7,143.2,1
3770.8,103.6,1
3775.9,120.2,1
3776.0,117.5,1
3776.1,95.9,1
3776.2,137.2,1
3776.4,115.7,1
3781.5,168.6,1
3781.7,150.5,1
3781.9,179.5,1
3782.0,142.9,1
3782.1,147.0,1
3787.3,133.1,1
3787.4,130.8,1
3787.6,137.8,1
3787.7,151.3,1
3787.8,121.1,1
3793.0,140.8,1
3793.1,149.4,1
3793.3,145.6,1
3793.4,142.1,1
3793.6,144.7,1
3798.7,123.6,1
3798.8,142.2,1
3799.0,139.7,1
3799.1,144.7,1
3799.3,147.7,1
3804.4,106.4,1
3804.5,101.5,1
3804.6,102.1,1
3804.7,129.7,1
3804.8,111.1,1
3810.0,134.1,1
3810.1,127.2,1
3810.2,103.1,1
3810.3,135.5,1
3810.4,128.9,1
3815.6,100.6,1
3815.7,140.4,1
3815.8,123.6,1
3816.0,141.0,1
3816.1,120.1,1
3821.2,122.1,1
3821.3,141.2,1
3821.5,126.2,1
3821.6,123.7,1
3821.7,99.9,1
3826.8,142.3,1
3827.0,148.7,1
3827.1,146.8,1
3827.3,140.4,1
3827.4,137.8,1
3832.6,140.9,1
3832.7,129.8,1
3832.8,145.2,1
3833.0,162.5,1
3833.1,137.1,1
3838.3,138.2,1
3838.4,137.9,1
3838.6,136.3,1
3838.7,137.2,1
3838.8,126.7,1
3844.0,144.3,1
3844.1,131.6,1
3844.2,125.6,1
3844.4,133.3,1
3844.5,133.0,1
3849.6,126.0,1
3849.7,118.4,1
3849.9,132.5,1
3850.0,145.5,1
3850.1,124.8,1
3855.3,115.2,1
3855.4,134.7,1
3855.6,155.0,1
3855.7,119.9,1
3855.8,99.0,1
3860.9,132.8,1
3861.0,104.7,1
3861.1,126.8,1
3861.3,116.3,1
3861.4,133.5,1
3866.5,129.8,1
3866.7,144.8,1
3866.8,93.2,1
3866.9,115.0,1
3867.0,110.0,1
3872.1,139.0,1
3872.3,132.1,1
3872.4,143.8,1
3872.5,135.0,1
3872.7,134.9,1
3877.8,119.5,1
3877.9,119.8,1
3878.0,124.8,1
3878.2,127.9,1
3878.3,141.9,1
3883.4,128.3,1
3883.6,153.0,1
3883.7,127.1,1
3883.9,128.2,1
3884.0,145.9,1
3889.2,145.0,1
3889.3,124.7,1
3889.4,137.5,1
3889.6,151.0,1
3889.7,122.2,1
3894.8,108.2,1
3894.9,117.6,1
3895.1,131.8,1
3895.2,153.0,1
3895.4,157.6,1
3900.5,122.2,1
3900.6,126.2,1
3900.7,128.1,1
3900.9,136.0,1
3901.0,112.9,1
3906.1,126.2,1
3906.2,99.4,1
3906.4,146.8,1
3906.5,143.7,1
3906.6,124.3,1
3911.8,137.1,1
3911.9,150.6,1
3912.1,127.3,1
3912.2,152.0,1
3912.4,164.6,1
3917.5,107.3,1
3917.6,125.3,1
3917.7,143.5,1
3917.9,151.8,1
3918.0,138.1,1
3923.2,150.4,1
3923.3,145.9,1
3923.5,138.1,1
3923.6,146.1,1
3923.8,155.4,1
3928.9,148.0,1
3929.1,145.4,1
3929.2,134.5,1
3929.3,136.9,1
3929.5,142.3,1
3934.6,117.2,1
3934.7,130.5,1
3934.9,144.4,1
3935.0,133.5,1
3935.2,144.0,1
3940.3,114.7,1
3940.4,115.7,1
3940.5,126.4,1
3940.7,125.5,1
3940.8,105.8,1
3945.9,137.1,1
3946.0,136.4,1
3946.2,116.5,1
3946.3,144.0,1
3946.4,103.0,1
3951.5,97.4,1
3951.6,140.3,1
3951.8,124.5,1
3951.9,116.2,1
3952.0,139.6,1
3957.2,124.8,1
3957.3,145.6,1
3957.4,100.5,1
3957.5,96.7,1
3957.6,129.3,1
3962.8,136.0,1
3962.9,168.1,1
3963.1,154.0,1
3963.2,133.5,1
3963.4,146.6,1
3968.5,103.3,1
3968.6,145.4,1
3968.8,138.5,1
3968.9,137.7,1
3969.1,167.7,1
3974.2,113.3,1
3974.3,154.1,1
3974.5,147.6,1
3974.6,136.6,1
3974.8,136.0,1
3979.9,150.8,1
3980.1,139.1,1
3980.2,151.4,1
3980.3,147.0,1
3980.5,139.0,1
3985.6,113.3,1
3985.7,102.3,1
3985.9,168.1,1
3986.0,96.9,1
3986.1,96.4,1
3991.2,131.6,1
3991.3,141.2,1
3991.5,118.3,1
3991.6,95.9,1
3991.7,123.1,1
3996.8,106.8,1
3996.9,142.1,1
3997.1,113.8,1
3997.2,142.5,1
3997.3,132.3,1
4002.4,105.3,1
4002.6,139.2,1
4002.7,132.3,1
4002.8,107.3,1
4002.9,116.4,1
4008.0,97.9,1
4008.2,128.2,1
4008.3,155.8,1
4008.4,117.4,1
4008.6,145.3,1
4013.7,136.9,1
4013.9,137.5,1
4014.0,136.8,1
4014.1,144.5,1
4014.3,131.6,1
4019.4,155.8,1
4019.6,157.6,1
4019.7,122.0,1
4019.8,130.3,1
4020.0,137.0,1
4025.1,154.4,1
4025.3,136.0,1
4025.4,134.9,1
4025.6,145.0,1
4025.7,164.2,1
4030.8,112.8,1
4031.0,120.1,1
4031.1,144.3,1
4031.2,120.6,1
4031.4,133.6,1
4036.5,138.5,1
4036.6,104.8,1
4036.7,99.4,1
4036.8,113.4,1
4037.0,136.0,1
4042.1,110.5,1
4042.2,110.7,1
4042.3,163.6,1
4042.5,143.3,1
4042.6,120.1,1
4047.7,133.3,1
4047.9,128.0,1
4048.0,95.3,1
4048.1,117.8,1
4048.2,102.9,1
4053.4,163.1,1
4053.5,138.4,1
4053.6,138.4,1
4053.8,167.9,1
4053.9,121.1,1
4059.1,151.4,1
4059.3,174.6,1
4059.5,196.6,1
4059.7,197.3,1
4059.8,168.2,1
4065.0,146.0,1
4065.1,141.2,1
4065.3,148.7,1
4065.4,147.6,1
4065.6,179.4,1
4070.7,128.4,1
4070.9,149.4,1
4071.0,123.8,1
4071.1,142.8,1
4071.3,132.9,1
4076.4,145.5,1
4076.6,127.5,1
4076.7,117.7,1
4076.8,139.4,1
4076.9,107.6,1
4082.0,115.0,1
4082.1,95.9,1
4082.3,134.3,1
4082.4,129.8,1
4082.5,112.3,1
4087.6,97.0,1
4087.7,95.8,1
4087.8,139.3,1
4088.0,112.0,1
4088.1,144.4,1
4093.2,139.5,1
4093.4,153.1,1
4093.5,136.8,1
4093.6,96.6,1
4093.8,126.4,1
4098.9,155.2,1
4099.1,159.1,1
4099.2,136.4,1
4099.4,140.6,1
4099.5,157.0,1
4104.7,146.8,1
4104.8,125.3,1
4104.9,141.5,1
4105.1,120.8,1
4105.2,148.9,1
4110.3,122.3,1
4110.5,151.4,1
4110.6,140.6,1
4110.8,138.8,1
4110.9,139.1,1
4116.0,127.6,1
4116.2,143.9,1
4116.3,141.1,1
4116.4,124.8,1
4116.6,148.7,1
4121.7,145.4,1
4121.9,145.3,1
4122.0,133.9,1
4122.1,130.9,1
4122.3,121.9,1
4127.4,148.9,1
4127.6,128.5,1
4127.7,131.5,1
4127.8,117.1,1
4127.9,115.3,1
4133.0,125.9,1
4133.2,127.6,1
4133.3,138.0,1
4133.4,122.4,1
4133.6,132.9,1
4138.7,100.8,1
4138.8,144.2,1
4138.9,100.1,1
4139.1,146.3,1
4139.2,149.3,1
4144.4,158.2,1
4144.5,143.9,1
4144.6,121.8,1
4144.8,146.5,1
4144.9,136.3,1
4150.1,132.0,1
4150.2,151.1,1
4150.3,133.3,1
4150.5,148.3,1
4150.6,140.8,1
4155.8,144.3,1
4155.9,148.4,1
4156.1,141.6,1
4156.2,129.0,1
4156.4,150.1,1
4161.5,124.3,1
4161.6,119.3,1
4161.7,141.9,1
4161.9,141.0,1
4162.0,139.2,1
4167.1,112.9,1
4167.3,127.7,1
4167.4,134.3,1
4167.5,128.5,1
4167.7,146.5,1
4172.8,144.6,1
4173.0,146.8,1
4173.1,105.5,1
4173.2,132.0,1
4173.3,130.3,1
4178.5,132.5,1
4178.6,119.9,1
4178.7,140.7,1
4178.9,131.8,1
4179.0,120.1,1
4184.1,146.7,1
4184.3,135.8,1
4184.4,132.1,1
4184.6,157.1,1
4184.7,124.9,1
4189.8,151.7,1
4190.0,149.6,1
4190.2,181.9,1
4190.4,231.4,1
4190.6,181.2,1
4195.7,144.2,1
4195.9,156.9,1
4196.0,136.6,1
4196.2,151.2,1
4196.3,139.9,1
4201.5,141.9,1
4201.6,149.5,1
4201.8,151.4,1
4201.9,146.2,1
4202.1,138.8,1
4207.2,143.0,1
4207.3,144.5,1
4207.5,151.9,1
4207.6,137.0,1
4207.8,132.4,1
4212.9,122.9,1
4213.0,141.6,1
4213.2,121.2,1
4213.3,127.9,1
4213.4,132.6,1
4218.6,143.6,1
4218.7,95.8,1
4218.8,114.7,1
4218.9,137.4,1
4219.1,138.6,1
4224.2,112.3,1
4224.3,147.9,1
4224.4,119.1,1
4224.6,139.1,1
4224.7,141.0,1
4229.8,109.2,1
4229.9,104.0,1
4230.1,145.4,1
4230.2,106.0,1
4230.3,113.6,1
4235.4,137.2,1
4235.6,149.8,1
4235.7,128.7,1
4235.9,139.8,1
4236.0,170.9,1
4241.2,139.7,1
4241.3,140.2,1
4241.5,155.5,1
4241.6,155.7,1
4241.8,148.0,1
4246.9,140.3,1
4247.1,149.3,1
4247.2,130.2,1
4247.4,148.8,1
4247.5,142.9,1
4252.6,141.5,1
4252.8,152.0,1
4252.9,144.2,1
4253.1,134.5,1
4253.2,108.7,1
4258.3,113.9,1
4258.4,116.4,1
4258.5,126.9,1
4258.7,132.9,1
4258.8,127.3,1
4263.9,130.7,1
4264.0,101.9,1
4264.2,131.7,1
4264.3,139.9,1
4264.4,114.1,1
4269.6,121.5,1
4269.7,140.7,1
4269.8,130.4,1
4269.9,116.2,1
4270.1,129.6,1
4275.2,147.9,1
4275.4,134.9,1
4275.5,141.4,1
4275.6,132.5,1
4275.8,135.9,1
4280.9,140.6,1
4281.1,142.0,1
4281.2,133.1,1
4281.4,167.4,1
4281.5,145.6,1
4286.6,127.4,1
4286.8,142.4,1
4286.9,147.9,1
4287.1,128.6,1
4287.2,153.2,1
4292.4,174.9,1
4292.5,136.2,1
4292.7,135.8,1
4292.8,175.6,1
4293.0,135.1,1
4298.1,97.2,1
4298.2,133.4,1
4298.3,99.4,1
4298.4,136.3,1
4298.6,137.3,1
4303.7,151.4,1
4303.9,143.6,1
4304.0,132.7,1
4304.1,138.0,1
4304.3,140.3,1
4309.4,110.2,1
4309.5,100.1,1
4309.6,141.9,1
4309.8,125.9,1
4309.9,147.6,1
4315.1,134.3,1
4315.2,115.2,1
4315.3,130.9,1
4315.4,124.3,1
4315.6,126.3,1
4320.8,234.5,1
4320.9,157.7,1
4321.1,175.3,1
4321.3,182.1,1
4321.5,191.0,1
4326.6,134.7,1
4326.8,128.8,1
4326.9,131.5,1
4327.0,134.9,1
4327.2,142.3,1
4332.3,158.8,1
4332.5,170.9,1
4332.7,141.9,1
4332.8,137.2,1
4332.9,141.0,1
4338.1,134.6,1
4338.2,115.9,1
4338.3,140.3,1
4338.5,151.2,1
4338.6,134.8,1
4343.7,129.9,1
4343.9,123.5,1
4344.0,136.7,1
4344.1,141.8,1
4344.3,126.4,1
4349.4,127.4,1
4349.5,116.3,1
4349.7,149.3,1
4349.8,147.1,1
4349.9,120.2,1
4355.1,118.0,1
4355.2,95.0,1
4355.3,101.2,1
4355.4,127.6,1
4355.5,97.4,1
4360.6,111.8,1
4360.7,110.4,1
4360.8,107.6,1
4361.0,138.6,1
4361.1,164.5,1
4366.3,133.4,1
4366.4,153.9,1
4366.5,126.4,1
4366.7,135.5,1
4366.9,175.6,1
4372.0,142.3,1
4372.2,174.3,1
4372.3,136.2,1
4372.4,136.1,1
4372.6,136.9,1
4377.7,149.9,1
4377.9,142.3,1
4378.0,137.3,1
4378.2,172.2,1
4378.3,145.0,1
4383.5,119.2,1
4383.6,143.5,1
4383.7,139.7,1
4383.9,115.9,1
4384.0,151.2,1
4389.1,95.6,1
4389.2,94.9,1
4389.3,100.5,1
4389.4,121.8,1
4389.5,124.6,1
4394.6,98.1,1
4394.8,124.2,1
4394.9,93.3,1
4395.0,96.0,1
4395.1,98.6,1
4400.2,122.4,1
4400.3,103.7,1
4400.4,153.1,1
4400.5,101.6,1
4400.7,143.5,1
4405.8,115.0,1
4405.9,94.9,1
4406.0,131.1,1
4406.2,131.9,1
4406.3,125.2,1
4411.4,142.3,1
4411.6,151.4,1
4411.7,135.3,1
4411.9,139.0,1
4412.0,136.6,1
4417.2,145.5,1
4417.3,143.0,1
4417.4,141.1,1
4417.6,140.8,1
4417.7,148.0,1
4422.9,141.9,1
4423.0,147.2,1
4423.2,135.4,1
4423.3,145.7,1
4423.4,129.5,1
4428.6,117.1,1
4428.7,147.3,1
4428.9,160.0,1
4429.0,154.9,1
4429.1,130.7,1
4434.3,127.2,1
4434.4,125.3,1
4434.5,103.9,1
4434.6,115.4,1
4434.8,133.6,1
4439.9,114.0,1
4440.0,125.6,1
4440.1,102.0,1
4440.2,109.0,1
4440.3,135.1,1
4445.5,111.3,1
4445.6,125.1,1
4445.7,144.5,1
4445.9,129.8,1
4446.0,134.4,1
4451.1,141.9,1
4451.3,129.8,1
4451.4,139.9,1
4451.5,125.6,1
4451.7,130.6,1
4456.8,141.3,1
4456.9,125.2,1
4457.1,149.1,1
4457.2,141.2,1
4457.4,144.6,1
4462.5,127.8,1
4462.6,130.7,1
4462.8,153.5,1
4462.9,119.7,1
4463.1,141.1,1
4468.2,170.3,1
4468.4,157.2,1
4468.6,184.0,1
4468.7,176.9,1
4468.9,145.4,1
4474.0,120.4,1
4474.1,133.9,1
4474.3,142.1,1
4474.4,144.6,1
4474.6,155.4,1
4479.7,115.7,1
4479.8,119.6,1
4480.0,129.2,1
4480.1,120.9,1
4480.2,123.5,1
4485.3,98.4,1
4485.4,123.0,1
4485.5,108.6,1
4485.7,119.2,1
4485.8,128.5,1
4490.9,116.9,1
4491.0,135.6,1
4491.1,106.1,1
4491.3,150.1,1
4491.5,154.2,1
4496.6,112.8,1
4496.7,115.5,1
4496.8,149.2,1
4496.9,109.3,1
4497.1,122.3,1
4502.2,140.5,1
4502.3,127.5,1
4502.5,138.2,1
4502.6,139.3,1
4502.7,128.7,1
4507.9,129.9,1
4508.0,126.5,1
4508.2,145.7,1
4508.3,143.4,1
4508.4,151.3,1
4513.6,139.3,1
4513.7,125.0,1
4513.9,144.8,1
4514.0,136.4,1
4514.1,146.8,1
4519.3,138.6,1
4519.4,141.8,1
4519.6,158.0,1
4519.7,143.7,1
4519.9,145.5,1
4525.0,112.1,1
4525.1,129.7,1
4525.2,97.9,1
4525.4,147.4,1
4525.5,131.0,1
4530.6,115.8,1
4530.8,133.4,1
4530.9,138.1,1
4531.0,134.7,1
4531.2,141.1,1
4536.3,145.8,1
4536.4,118.2,1
4536.6,125.1,1
4536.7,142.3,1
4536.8,131.4,1
4541.9,101.9,1
4542.0,96.0,1
4542.2,153.0,1
4542.3,160.6,1
4542.5,117.6,1
4547.6,146.1,1
4547.7,130.3,1
4547.9,148.7,1
4548.0,111.4,1
4548.2,146.6,1
4553.3,135.7,1
4553.4,136.5,1
4553.6,133.7,1
4553.7,134.7,1
4553.8,135.1,1
4559.0,142.2,1
4559.1,141.8,1
4559.3,168.9,1
4559.5,176.1,1
4559.6,139.5,1
4564.7,132.6,1
4564.9,129.1,1
4565.0,135.5,1
4565.1,138.2,1
4565.3,147.2,1
4570.4,98.1,1
4570.5,131.6,1
4570.6,96.3,1
4570.8,145.8,1
4570.9,135.1,1
4576.0,105.0,1
4576.1,94.5,1
4576.2,120.5,1
4576.4,137.5,1
4576.5,134.2,1
4581.7,149.0,1
4581.8,126.3,1
4581.9,138.0,1
4582.1,139.7,1
4582.2,125.3,1
4587.3,147.1,1
4587.5,143.0,1
4587.6,148.0,1
4587.8,129.2,1
4587.9,143.3,1
4593.0,135.7,1
4593.2,138.0,1
4593.3,142.4,1
4593.5,149.7,1
4593.6,154.4,1
4598.8,174.0,1
4599.0,168.8,1
4599.2,192.8,1
4599.3,185.0,1
4599.5,168.8,1
4604.7,136.4,1
4604.8,127.5,1
4604.9,132.4,1
4605.1,137.9,1
4605.2,134.9,1
4610.3,140.6,1
4610.5,155.3,1
4610.6,133.0,1
4610.8,139.0,1
4610.9,149.3,1
4616.0,116.9,1
4616.2,147.4,1
4616.3,131.8,1
4616.5,136.1,1
4616.6,145.8,1
4621.7,144.5,1
4621.9,121.5,1
4622.0,137.9,1
4622.1,120.0,1
4622.2,109.5,1
4627.4,129.2,1
4627.5,131.1,1
4627.6,127.8,1
4627.8,122.6,1
4627.9,119.5,1
4633.0,98.8,1
4633.1,139.2,1
4633.2,127.4,1
4633.4,121.8,1
4633.5,114.7,1
4638.6,135.2,1
4638.7,129.0,1
4638.9,165.7,1
4639.1,143.8,1
4639.2,142.4,1
4644.3,144.0,1
4644.5,133.3,1
4644.6,150.3,1
4644.8,119.1,1
4644.9,134.0,1
4650.1,164.4,1
4650.2,135.3,1
4650.3,152.1,1
4650.5,147.6,1
4650.6,118.9,1
4655.7,131.7,1
4655.9,148.0,1
4656.0,132.2,1
4656.2,133.7,1
4656.3,135.7,1
4661.4,99.5,1
4661.5,114.6,1
4661.6,101.2,1
4661.7,126.5,1
4661.9,146.4,1
4667.0,135.7,1
4667.1,108.9,1
4667.2,96.7,1
4667.3,110.8,1
4667.5,124.7,1
4672.6,165.2,1
4672.7,100.5,1
4672.8,97.9,1
4672.9,111.6,1
4673.1,143.9,1
4678.2,132.9,1
4678.3,114.4,1
4678.5,131.5,1
4678.6,119.0,1
4678.7,150.5,1
4683.9,129.6,1
4684.0,149.9,1
4684.2,129.1,1
4684.3,140.2,1
4684.5,163.4,1
4689.6,112.1,1
4689.7,122.5,1
4689.8,139.5,1
4690.0,135.5,1
4690.1,142.4,1
4695.3,146.9,1
4695.4,161.3,1
4695.6,119.8,1
4695.7,151.6,1
4695.9,176.2,1
4701.0,143.8,1
4701.2,154.6,1
4701.3,140.8,1
4701.5,165.2,1
4701.6,134.8,1
4706.7,113.7,1
4706.9,128.8,1
4707.0,104.6,1
4707.1,127.9,1
4707.2,117.4,1
4712.4,131.9,1
4712.5,148.3,1
4712.6,136.5,1
4712.8,135.4,1
4712.9,143.1,1
4718.0,97.8,1
4718.2,145.2,1
4718.3,142.7,1
4718.5,144.4,1
4718.6,118.5,1
4723.7,143.6,1
4723.9,142.6,1
4724.0,139.8,1
4724.1,134.0,1
4724.2,96.1,1
4729.4,160.8,1
4729.6,189.1,1
4729.7,156.0,1
4730.0,244.8,1
4730.1,153.3,1
4735.3,150.0,1
4735.4,138.7,1
4735.6,162.7,1
4735.7,131.6,1
4735.9,149.6,1
4741.0,122.9,1
4741.2,153.3,1
4741.3,142.1,1
4741.4,140.6,1
4741.6,136.3,1
4746.7,110.6,1
4746.8,144.0,1
4747.0,130.5,1
4747.1,137.8,1
4747.3,149.8,1
4752.4,154.1,1
4752.5,122.0,1
4752.7,146.9,1
4752.8,147.5,1
4752.9,101.7,1
4758.1,121.8,1
4758.2,129.3,1
4758.3,129.4,1
4758.5,140.8,1
4758.6,132.8,1
4763.7,121.2,1
4763.8,126.8,1
4763.9,98.3,1
4764.1,124.9,1
4764.2,139.5,1
4769.3,125.9,1
4769.5,139.6,1
4769.6,139.7,1
4769.7,113.9,1
4769.9,121.7,1
4775.0,106.7,1
4775.1,123.6,1
4775.2,141.7,1
4775.4,141.6,1
4775.5,137.2,1
4780.7,137.1,1
4780.8,150.5,1
4780.9,134.4,1
4781.1,141.3,1
4781.2,144.0,1
4786.4,125.1,1
4786.5,136.4,1
4786.6,134.2,1
4786.7,114.5,1
4786.9,135.1,1
4792.0,144.2,1
4792.1,107.7,1
4792.3,133.0,1
4792.4,140.0,1
4792.5,102.9,1
4797.6,137.1,1
4797.8,124.0,1
4797.9,120.6,1
4798.0,126.2,1
4798.2,135.1,1
4803.3,119.2,1
4803.4,144.1,1
4803.6,130.6,1
4803.7,115.3,1
4803.8,150.9,1
4808.9,105.3,1
4809.0,93.2,1
4809.1,114.0,1
4809.2,96.0,1
4809.4,137.7,1
4814.5,134.0,1
4814.6,100.8,1
4814.7,132.5,1
4814.9,134.1,1
4815.0,102.4,1
4820.1,145.6,1
4820.3,136.4,1
4820.4,143.9,1
4820.6,150.4,1
4820.7,138.3,1
4825.8,129.3,1
4826.0,133.1,1
4826.1,139.2,1
4826.2,142.4,1
4826.4,138.9,1
4831.5,134.3,1
4831.7,151.2,1
4831.8,149.8,1
4832.0,127.2,1
4832.1,140.2,1
4837.2,145.7,1
4837.4,147.5,1
4837.5,138.2,1
4837.7,124.8,1
4837.8,112.3,1
4842.9,143.3,1
4843.0,124.5,1
4843.2,118.3,1
4843.3,160.3,1
4843.5,134.1,1
4848.6,159.0,1
4848.7,121.4,1
4848.9,140.5,1
4849.0,117.9,1
4849.1,106.3,1
4854.2,102.6,1
4854.3,116.8,1
4854.5,142.2,1
4854.6,127.3,1
4854.7,116.8,1
4859.9,141.9,1
4860.0,138.6,1
4860.1,132.6,1
4860.3,145.6,1
4860.5,190.7,1
4865.6,141.3,1
4865.7,131.7,1
4865.9,143.4,1
4866.0,147.4,1
4866.2,138.5,1
4871.3,143.4,1
4871.4,124.3,1
4871.6,137.0,1
4871.7,155.7,1
4871.9,146.0,1
4877.0,143.0,1
4877.2,146.1,1
4877.3,138.0,1
4877.5,140.0,1
4877.6,142.5,1
4882.7,95.6,1
4882.8,108.1,1
4882.9,96.2,1
4883.0,140.0,1
4883.2,133.1,1
4888.3,122.2,1
4888.4,124.0,1
4888.6,119.7,1
4888.7,137.6,1
4888.8,94.0,1
4893.9,125.4,1
4894.0,99.7,1
4894.1,112.0,1
4894.3,155.2,1
4894.4,128.9,1
4899.5,116.0,1
4899.6,102.1,1
4899.8,143.8,1
4899.9,150.0,1
4900.0,97.6,1
4905.1,111.7,1
4905.3,114.0,1
4905.4,104.9,1
4905.5,130.5,1
4905.6,127.1,1
4910.8,146.0,1
4910.9,142.9,1
4911.1,148.8,1
4911.2,141.0,1
4911.3,141.3,1
4916.5,116.1,1
4916.6,129.3,1
4916.7,126.1,1
4916.8,132.1,1
4917.0,147.1,1
4922.1,117.4,1
4922.3,132.7,1
4922.4,132.6,1
4922.5,160.0,1
4922.7,146.8,1
4927.8,121.4,1
4927.9,126.5,1
4928.1,146.0,1
4928.2,133.5,1
4928.4,156.7,1
4933.5,121.5,1
4933.6,142.3,1
4933.8,105.0,1
4933.8,96.4,1
4934.0,113.8,1
4939.1,163.2,1
4939.3,130.6,1
4939.4,125.0,1
4939.5,145.4,1
4939.7,124.1,1
4944.8,103.6,1
4944.9,148.3,1
4945.0,92.7,1
4945.1,96.4,1
4945.2,138.2,1
4950.4,151.0,1
4950.5,128.1,1
4950.7,128.1,1
4950.8,140.1,1
4950.9,145.2,1
4956.1,114.1,1
4956.2,168.9,1
4956.4,147.1,1
4956.5,142.4,1
4956.7,143.6,1
4961.8,138.4,1
4961.9,137.5,1
4962.1,137.5,1
4962.2,129.1,1
4962.3,127.3,1
4967.5,136.0,1
4967.6,143.0,1
4967.7,129.4,1
4967.9,149.4,1
4968.0,137.8,1
4973.2,120.7,1
4973.3,97.6,1
4973.4,144.7,1
4973.5,97.5,1
4973.7,169.2,1
4978.8,104.5,1
4978.9,138.4,1
4979.0,133.8,1
4979.2,124.8,1
4979.3,119.3,1
4984.4,120.0,1
4984.6,131.7,1
4984.7,104.6,1
4984.8,134.9,1
4984.9,143.3,1
4990.1,111.8,1
4990.2,123.9,1
4990.3,130.6,1
4990.4,140.6,1
4990.6,179.7,1
4995.8,130.8,1
4995.9,167.7,1
4996.1,125.0,1
4996.2,135.4,1
4996.3,152.9,1
5001.5,132.6,1
5001.6,140.7,1
5001.7,130.2,1
5001.9,136.6,1
5002.0,138.9,1
5007.2,186.7,1
5007.4,192.1,1
5007.6,187.3,1
5007.8,174.5,1
5007.9,130.1,1
5013.0,126.1,1
5013.2,131.6,1
5013.3,142.9,1
5013.5,149.9,1
5013.6,110.4,1
5018.7,135.4,1
5018.8,129.8,1
5019.0,164.5,1
5019.1,108.8,1
5019.2,106.4,1
5024.3,104.7,1
5024.4,113.9,1
5024.6,142.6,1
5024.7,134.5,1
5024.8,129.9,1
5030.0,133.5,1
5030.1,112.8,1
5030.2,107.5,1
5030.3,124.9,1
5030.4,113.9,1
5035.6,140.8,1
5035.7,144.9,1
5035.8,110.1,1
5036.0,118.7,1
5036.1,132.2,1
5041.2,135.1,1
5041.4,143.1,1
5041.5,148.6,1
5041.7,131.4,1
5041.8,125.5,1
5046.9,136.1,1
5047.0,115.0,1
5047.2,154.4,1
5047.3,109.0,1
5047.5,150.9,1
5052.6,149.6,1
5052.7,138.0,1
5052.9,164.3,1
5053.1,143.6,1
5053.2,123.5,1
5058.3,109.6,1
5058.4,134.4,1
5058.6,137.6,1
5058.7,118.1,1
5058.8,149.6,1
5063.9,93.6,1
5064.1,145.2,1
5064.2,134.5,1
5064.4,138.3,1
5064.5,136.9,1
5069.6,114.7,1
5069.7,112.8,1
5069.9,143.5,1
5070.0,147.9,1
5070.2,141.9,1
5075.3,141.4,1
5075.4,148.0,1
5075.6,120.1,1
5075.7,123.3,1
5075.8,154.9,1
5081.0,125.9,1
5081.1,144.5,1
5081.3,139.9,1
5081.4,113.0,1
5081.5,150.6,1
5086.7,129.9,1
5086.8,148.6,1
5086.9,137.9,1
5087.1,140.0,1
5087.3,170.0,1
5092.4,139.3,1
5092.5,140.8,1
5092.7,122.8,1
5092.8,142.1,1
5092.9,134.5,1
5098.1,147.7,1
5098.2,140.5,1
5098.4,142.2,1
5098.5,146.5,1
5098.7,137.3,1
5103.8,136.3,1
5103.9,137.7,1
5104.1,171.4,1
5104.3,169.6,1
5104.5,178.3,1
5109.6,124.6,1
5109.7,145.6,1
5109.8,98.1,1
5110.0,132.8,1
5110.1,133.2,1
5115.2,146.2,1
5115.4,110.2,1
5115.5,148.1,1
5115.6,143.8,1
5115.8,133.2,1
5120.9,154.5,1
5121.1,135.9,1
5121.2,138.8,1
5121.3,111.2,1
5121.5,143.3,1
5126.6,97.2,1
5126.7,131.3,1
5126.8,143.9,1
5126.9,101.2,1
5127.1,115.4,1
5132.2,141.3,1
5132.3,131.6,1
5132.5,146.7,1
5132.6,129.7,1
5132.7,131.6,1
5137.9,170.5,1
5138.1,158.7,1
5138.2,145.7,1
5138.4,145.3,1
5138.5,158.0,1
5143.7,163.2,1
5143.8,133.0,1
5144.0,146.9,1
5144.1,152.4,1
5144.3,123.6,1
5149.4,128.2,1
5149.5,138.2,1
5149.7,147.5,1
5149.8,164.6,1
5150.0,147.8,1
5155.1,94.0,1
5155.2,144.1,1
5155.3,105.2,1
5155.5,135.7,1
5155.6,142.7,1
5160.8,135.7,1
5160.9,134.9,1
5161.0,108.8,1
5161.1,121.7,1
5161.3,130.7,1
5166.4,137.5,1
5166.5,143.6,1
5166.7,145.5,1
5166.8,95.0,1
5166.9,131.0,1
5172.0,125.8,1
5172.2,166.0,1
5172.3,121.5,1
5172.4,124.4,1
5172.6,132.8,1
5177.7,111.8,1
5177.8,143.0,1
5178.0,146.9,1
5178.1,149.8,1
5178.3,139.3,1
5183.4,137.0,1
5183.6,152.8,1
5183.7,123.2,1
5183.8,130.6,1
5184.0,144.9,1
5189.1,129.9,1
5189.2,142.9,1
5189.4,142.1,1
5189.5,130.9,1
5189.7,148.3,1
5194.8,131.3,1
5194.9,131.2,1
5195.1,137.5,1
5195.2,125.4,1
5195.3,143.3,1
5200.5,137.0,1
5200.6,140.2,1
5200.8,163.3,1
5200.9,112.6,1
5201.0,146.4,1
5206.2,133.9,1
5206.3,131.2,1
5206.4,116.5,1
5206.5,99.8,1
5206.7,133.6,1
5211.8,134.4,1
5211.9,111.5,1
5212.0,113.6,1
5212.2,138.5,1
5212.3,121.7,1
5217.4,116.0,1
5217.5,137.6,1
5217.7,134.0,1
5217.8,116.1,1
5217.9,125.6,1
5223.1,133.7,1
5223.2,147.7,1
5223.4,150.5,1
5223.5,150.8,1
5223.7,160.4,1
5228.8,138.3,1
5229.0,138.4,1
5229.1,126.2,1
5229.2,137.6,1
5229.3,132.9,1
5234.5,153.5,1
5234.6,137.5,1
5234.8,154.3,1
5235.0,168.6,1
5235.1,166.2,1
5240.2,109.6,1
5240.4,149.5,1
5240.5,121.4,1
5240.7,139.2,1
5240.8,132.7,1
5245.9,97.9,1
5246.0,126.7,1
5246.1,126.8,1
5246.2,99.5,1
5246.4,135.9,1
5251.5,149.5,1
5251.7,131.0,1
5251.8,122.4,1
5251.9,154.0,1
5252.1,134.2,1
5257.2,137.4,1
5257.4,136.2,1
5257.5,138.1,1
5257.6,113.7,1
5257.7,141.1,1
5262.9,120.8,1
5263.0,106.5,1
5263.1,132.6,1
5263.3,150.8,1
5263.4,147.6,1
5268.6,144.0,1
5268.7,139.5,1
5268.9,165.2,1
5269.0,148.6,1
5269.2,145.4,1
5274.3,148.5,1
5274.5,147.5,1
5274.6,142.9,1
5274.7,138.3,1
5274.9,145.0,1
5280.0,136.8,1
5280.2,145.5,1
5280.3,144.4,1
5280.5,137.0,1
5280.6,142.8,1
5285.7,143.6,1
5285.9,150.4,1
5286.0,144.0,1
5286.2,138.5,1
5286.3,144.0,1
5291.4,110.1,1
5291.6,133.9,1
5291.7,111.1,1
5291.8,131.6,1
5292.0,141.5,1
5297.1,96.8,1
5297.2,96.1,1
5297.3,104.3,1
5297.4,120.3,1
5297.5,100.1,1
5302.6,98.1,1
5302.7,106.2,1
5302.8,119.1,1
5303.0,146.2,1
5303.1,140.4,1
5308.2,137.7,1
5308.3,107.8,1
5308.5,138.6,1
5308.6,119.2,1
5308.8,158.6,1
5313.9,153.0,1
5314.1,136.7,1
5314.2,134.9,1
5314.3,144.4,1
5314.5,141.8,1
5319.6,150.2,1
5319.8,148.0,1
5319.9,153.0,1
5320.1,129.1,1
5320.2,170.7,1
5325.3,106.2,1
5325.5,120.6,1
5325.6,142.1,1
5325.8,173.2,1
5325.9,151.7,1
5331.1,132.3,1
5331.2,110.7,1
5331.3,144.0,1
5331.5,146.4,1
5331.6,151.8,1
5336.8,166.2,1
5336.9,114.0,1
5337.1,145.5,1
5337.2,135.4,1
5337.3,136.6,1
5342.4,112.3,1
5342.6,108.2,1
5342.6,96.6,1
5342.7,100.2,1
5342.9,121.7,1
5348.0,132.3,1
5348.1,132.3,1
5348.3,122.3,1
5348.4,131.4,1
5348.5,109.2,1
5353.6,135.9,1
5353.8,119.8,1
5353.9,141.5,1
5354.0,131.0,1
5354.2,149.3,1
5359.3,134.3,1
5359.5,145.4,1
5359.6,135.9,1
5359.7,137.3,1
5359.9,166.1,1
5365.1,141.2,1
5365.2,171.6,1
5365.4,142.0,1
5365.5,164.9,1
5365.7,156.2,1
5370.8,124.7,1
5371.0,143.2,1
5371.1,162.7,1
5371.3,133.7,1
5371.4,141.3,1
5376.5,128.4,1
5376.6,110.9,1
5376.8,145.0,1
5376.9,143.9,1
5377.1,129.9,1
5382.2,141.9,1
5382.4,145.8,1
5382.5,153.9,1
5382.6,138.5,1
5382.8,139.9,1
5387.9,122.6,1
5388.0,119.6,1
5388.1,97.6,1
5388.3,128.0,1
5388.4,140.1,1
5393.5,143.2,1
5393.7,152.6,1
5393.8,114.0,1
5393.9,98.3,1
5394.0,120.8,1
5399.2,129.7,1
5399.3,139.6,1
5399.4,116.7,1
5399.5,118.9,1
5399.7,149.2,1
5404.8,133.3,1
5405.0,123.3,1
5405.1,138.4,1
5405.2,130.6,1
5405.4,148.5,1
5410.5,137.5,1
5410.7,142.1,1
5410.8,125.4,1
5410.9,160.0,1
5411.1,146.4,1
5416.2,151.0,1
5416.4,158.7,1
5416.5,139.3,1
5416.7,134.2,1
5416.8,161.3,1
5422.0,126.4,1
5422.1,145.7,1
5422.2,130.0,1
5422.4,152.7,1
5422.5,119.2,1
5427.6,109.3,1
5427.7,110.1,1
5427.8,106.3,1
5427.9,102.3,1
5428.0,100.2,1
5433.2,120.3,1
5433.3,125.6,1
5433.4,101.3,1
5433.5,100.2,1
5433.6,145.6,1
5438.8,128.8,1
5438.9,129.1,1
5439.1,147.6,1
5439.2,128.4,1
5439.3,150.4,1
5444.5,133.7,1
5444.6,128.5,1
5444.7,128.4,1
5444.8,116.8,1
5445.0,149.5,1
5450.1,135.2,1
5450.3,131.2,1
5450.4,131.9,1
5450.5,129.4,1
5450.7,140.9,1
5455.8,160.6,1
5456.0,130.9,1
5456.1,145.1,1
5456.2,121.0,1
5456.4,145.9,1
5461.5,145.1,1
5461.7,139.0,1
5461.8,139.1,1
5461.9,136.3,1
5462.1,132.9,1
5467.2,140.7,1
5467.4,137.2,1
5467.5,108.8,1
5467.6,120.9,1
5467.7,155.8,1
5472.9,125.3,1
5473.0,120.6,1
5473.1,97.7,1
5473.2,98.6,1
5473.3,103.7,1
5478.4,109.1,1
5478.6,147.3,1
5478.7,118.7,1
5478.8,140.3,1
5479.0,135.7,1
5484.1,113.4,1
5484.2,121.9,1
5484.3,98.9,1
5484.4,121.0,1
5484.6,146.7,1
5489.7,93.6,1
5489.8,100.6,1
5489.9,138.9,1
5490.0,136.0,1
5490.1,108.5,1
5495.3,147.9,1
5495.5,160.0,1
5495.6,165.0,1
5495.8,142.3,1
5495.9,115.2,1
5501.0,144.4,1
5501.2,130.8,1
5501.3,160.1,1
5501.5,149.0,1
5501.6,129.0,1
5506.7,149.8,1
5506.9,146.5,1
5507.1,167.5,1
5507.2,140.5,1
5507.3,108.5,1
5512.5,147.4,1
5512.6,151.1,1
5512.8,164.5,1
5512.9,142.5,1
5513.1,130.6,1
5518.2,94.5,1
5518.3,124.7,1
5518.4,139.5,1
5518.5,133.0,1
5518.7,130.9,1
5523.8,165.5,1
5523.9,96.8,1
5524.1,106.2,1
5524.2,139.1,1
5524.3,97.6,1
5529.4,151.3,1
5529.6,128.0,1
5529.7,125.4,1
5529.8,142.2,1
5530.0,154.5,1
5535.1,110.4,1
5535.2,129.8,1
5535.4,143.2,1
5535.5,128.3,1
5535.7,149.1,1
5540.8,148.2,1
5541.0,137.4,1
5541.1,140.0,1
5541.2,153.2,1
5541.4,168.8,1
5546.6,154.0,1
5546.7,139.3,1
5546.9,148.5,1
5547.0,149.3,1
5547.2,151.1,1
5552.3,144.1,1
5552.5,154.1,1
5552.6,127.9,1
5552.7,144.4,1
5552.9,145.4,1
5558.0,140.2,1
5558.1,111.5,1
5558.3,130.8,1
5558.4,117.3,1
5558.5,126.6,1
5563.7,145.9,1
5563.8,161.0,1
5564.0,143.2,1
5564.1,114.9,1
5564.2,135.7,1
5569.3,107.1,1
5569.4,105.9,1
5569.6,129.5,1
5569.7,109.0,1
5569.8,107.5,1
5574.9,144.9,1
5575.0,106.6,1
5575.2,135.9,1
5575.3,133.8,1
5575.4,135.7,1
5580.6,142.9,1
5580.7,127.3,1
5580.8,139.1,1
5581.0,145.6,1
5581.2,169.2,1
5586.3,147.7,1
5586.4,124.9,1
5586.6,155.2,1
5586.7,138.6,1
5586.9,136.1,1
5592.0,143.2,1
5592.2,140.0,1
5592.3,153.6,1
5592.4,135.0,1
5592.6,122.7,1
5597.7,144.2,1
5597.9,143.1,1
5598.0,139.4,1
5598.1,135.7,1
5598.3,134.5,1
5603.4,107.1,1
5603.5,118.7,1
5603.6,100.7,1
5603.7,127.1,1
5603.8,94.0,1
5609.0,139.4,1
5609.1,98.5,1
5609.2,119.1,1
5609.3,136.9,1
5609.5,141.4,1
5614.6,112.5,1
5614.7,127.4,1
5614.8,115.9,1
5615.0,137.7,1
5615.1,123.7,1
5620.2,96.8,1
5620.3,95.9,1
5620.4,151.8,1
5620.6,118.8,1
5620.7,136.8,1
5625.8,125.1,1
5626.0,147.3,1
5626.1,143.0,1
5626.2,132.8,1
5626.4,127.2,1
5631.5,159.2,1
5631.7,139.8,1
5631.8,147.5,1
5632.0,156.8,1
5632.1,127.3,1
5637.2,123.5,1
5637.4,144.8,1
5637.5,139.5,1
5637.7,149.3,1
5637.8,130.9,1
5643.0,146.7,1
5643.1,164.0,1
5643.3,177.6,1
5643.5,179.6,1
5643.6,169.5,1
5648.8,129.9,1
5648.9,139.8,1
5649.1,174.8,1
5649.2,142.7,1
5649.4,138.1,1
5654.5,117.4,1
5654.6,148.5,1
5654.8,132.3,1
5654.9,96.5,1
5655.0,125.6,1
5660.1,146.4,1
5660.3,125.5,1
5660.4,165.2,1
5660.6,135.5,1
5660.7,129.3,1
5665.8,111.5,1
5666.0,136.2,1
5666.1,128.7,1
5666.2,130.7,1
5666.4,133.1,1
5671.5,145.3,1
5671.6,139.7,1
5671.8,143.6,1
5671.9,134.9,1
5672.1,133.5,1
5677.2,118.6,1
5677.3,137.0,1
5677.4,136.8,1
5677.6,164.2,1
5677.8,146.7,1
5682.9,146.5,1
5683.0,130.3,1
5683.2,132.2,1
5683.3,149.3,1
5683.5,136.8,1
5688.6,158.4,1
5688.8,135.2,1
5688.9,121.8,1
5689.0,149.4,1
5689.2,133.0,1
5694.3,144.2,1
5694.4,111.8,1
5694.5,117.7,1
5694.7,118.5,1
5694.8,119.7,1
5699.9,130.6,1
5700.0,110.4,1
5700.2,144.8,1
5700.3,136.0,1
5700.4,99.7,1
5705.6,142.5,1
5705.6,96.0,1
5705.8,130.6,1
5705.9,116.4,1
5706.0,136.2,1
5711.2,119.6,1
5711.3,116.0,1
5711.4,119.8,1
5711.5,132.1,1
5711.6,95.5,1
5716.7,99.9,1
5716.8,111.5,1
5717.0,126.5,1
5717.1,139.9,1
5717.2,115.4,1
5722.3,119.1,1
5722.5,143.9,1
5722.6,139.6,1
5722.8,150.2,1
5722.9,163.4,1
5728.1,138.3,1
5728.2,148.9,1
5728.4,146.5,1
5728.5,138.1,1
5728.7,137.5,1
5733.8,136.5,1
5733.9,136.7,1
5734.1,133.3,1
5734.2,149.6,1
5734.4,161.4,1
5739.5,118.9,1
5739.6,111.9,1
5739.7,106.1,1
5739.8,106.8,1
5740.0,143.9,1
5745.1,126.9,1
5745.2,111.7,1
5745.3,121.4,1
5745.5,128.9,1
5745.6,128.5,1
5750.7,145.0,1
5750.8,113.4,1
5751.0,146.3,1
5751.1,113.4,1
5751.3,152.3,1
5756.4,118.4,1
5756.5,148.7,1
5756.7,142.1,1
5756.8,148.6,1
5756.9,127.0,1
5762.1,127.4,1
5762.2,138.4,1
5762.4,145.8,1
5762.5,157.1,1
5762.7,136.4,1
5767.8,135.2,1
5767.9,144.3,1
5768.1,139.6,1
5768.2,146.4,1
5768.3,109.0,1
5773.5,127.6,1
5773.6,171.1,1
5773.8,161.8,1
5774.0,160.7,1
5774.1,173.9,1
5779.3,143.2,1
5779.4,134.2,1
5779.6,148.9,1
5779.7,161.1,1
5779.9,134.9,1
5785.0,121.7,1
5785.1,126.3,1
5785.2,129.1,1
5785.4,139.1,1
5785.5,133.0,1
5790.7,133.3,1
5790.8,136.3,1
5790.9,135.4,1
5791.1,129.7,1
5791.2,147.8,1
5796.3,128.7,1
5796.5,139.7,1
5796.6,121.0,1
5796.8,151.4,1
5796.9,98.1,1
5802.0,112.5,1
5802.1,136.4,1
5802.2,129.3,1
5802.4,122.6,1
5802.5,155.3,1
5807.7,164.1,1
5807.8,152.6,1
5808.0,135.8,1
5808.1,151.8,1
5808.3,154.0,1
5813.4,126.8,1
5813.5,127.5,1
5813.6,113.1,1
5813.8,127.0,1
5813.9,136.2,1
5819.1,141.2,1
5819.2,108.6,1
5819.3,148.8,1
5819.4,125.2,1
5819.6,142.6,1
5824.7,137.7,1
5824.8,113.4,1
5825.0,125.0,1
5825.1,140.1,1
5825.2,121.8,1
5830.4,146.0,1
5830.5,107.7,1
5830.6,109.5,1
5830.7,123.0,1
5830.8,119.9,1
5836.0,123.5,1
5836.1,95.5,1
5836.2,118.3,1
5836.3,138.1,1
5836.4,105.9,1
5841.6,125.7,1
5841.6,97.0,1
5841.8,144.6,1
5841.9,102.6,1
5842.0,127.4,1
5847.1,101.1,1
5847.3,123.3,1
5847.4,138.8,1
5847.5,140.7,1
5847.7,149.5,1
5852.8,148.9,1
5853.0,121.8,1
5853.1,120.5,1
5853.2,123.5,1
5853.4,161.1,1
5858.5,139.0,1
5858.6,143.9,1
5858.8,152.6,1
5858.9,131.6,1
5859.1,138.6,1
5864.2,116.4,1
5864.3,143.5,1
5864.5,152.8,1
5864.6,138.0,1
5864.8,148.1,1
5869.9,139.7,1
5870.1,135.1,1
5870.2,140.8,1
5870.4,169.5,1
5870.5,136.2,1
5875.6,139.2,1
5875.8,119.1,1
5875.9,99.5,1
5876.0,109.7,1
5876.1,119.9,1
5881.2,98.2,1
5881.3,98.1,1
5881.4,147.3,1
5881.6,118.4,1
5881.7,127.3,1
5886.8,107.7,1
5886.9,130.4,1
5887.1,136.4,1
5887.2,161.5,1
5887.4,133.9,1
5892.5,137.6,1
5892.7,144.0,1
5892.8,116.6,1
5892.9,124.9,1
5893.0,112.1,1
5898.1,132.4,1
5898.3,121.7,1
5898.4,166.2,1
5898.6,139.9,1
5898.7,152.2,1
5903.9,134.5,1
5904.0,137.0,1
5904.1,141.5,1
5904.3,137.1,1
5904.4,171.4,1
5909.6,144.5,1
5909.7,139.6,1
5909.9,138.3,1
5910.0,162.6,1
5910.2,155.9,1
5915.3,134.3,1
5915.5,138.8,1
5915.6,135.7,1
5915.8,145.9,1
5915.9,144.1,1
5921.0,143.2,1
5921.2,135.7,1
5921.3,144.8,1
5921.5,153.5,1
5921.6,138.1,1
5926.7,122.0,1
5926.9,144.4,1
5927.0,115.7,1
5927.1,135.2,1
5927.3,121.1,1
5932.4,134.3,1
5932.5,136.0,1
5932.7,129.7,1
5932.8,119.2,1
5932.9,142.0,1
5938.1,155.4,1
5938.2,146.8,1
5938.4,119.2,1
5938.5,146.7,1
5938.6,116.7,1
5943.8,139.4,1
5943.9,147.4,1
5944.1,150.4,1
5944.2,136.6,1
5944.3,128.2,1
5949.5,144.5,1
5949.6,147.4,1
5949.8,142.8,1
5949.9,144.2,1
5950.0,141.0,1
5955.2,119.7,1
5955.3,139.4,1
5955.4,123.6,1
5955.6,137.3,1
5955.7,142.8,1
5960.9,138.7,1
5961.0,133.8,1
5961.1,137.9,1
5961.3,140.0,1
5961.4,129.7,1
5966.5,139.0,1
5966.7,124.6,1
5966.8,136.8,1
5966.9,120.7,1
5967.1,143.2,1
5972.2,112.2,1
5972.3,102.5,1
5972.4,131.8,1
5972.5,125.5,1
5972.7,146.4,1
5977.8,127.0,1
5977.9,114.8,1
5978.1,148.9,1
5978.2,153.1,1
5978.4,141.6,1
5983.5,97.1,1
5983.6,138.2,1
5983.8,143.9,1
5983.9,148.1,1
5984.0,92.5,1
5989.2,144.3,1
5989.3,148.5,1
5989.5,163.2,1
5989.6,149.7,1
5989.8,136.1,1
5994.9,130.4,1
5995.0,135.6,1
5995.2,128.0,1
5995.3,154.7,1
5995.4,136.1,1
6000.6,132.4,1
6000.7,167.1,1
6000.9,169.4,1
6001.1,164.3,1
6001.2,162.2,1
6006.4,121.2,1
6006.5,112.7,1
6006.6,140.8,1
6006.8,133.6,1
6006.9,126.2,1
6012.0,156.7,1
6012.2,135.0,1
6012.3,140.7,1
6012.4,123.4,1
6012.6,145.9,1
6017.7,124.5,1
6017.8,115.9,1
6017.9,113.1,1
6018.1,127.8,1
6018.2,136.2,1
6023.3,97.9,1
6023.4,106.1,1
6023.5,99.8,1
6023.7,150.2,1
6023.8,96.1,1
6028.9,96.7,1
6029.0,116.0,1
6029.1,135.3,1
6029.2,116.3,1
6029.3,113.9,1
6034.5,143.6,1
6034.7,163.8,1
6034.8,164.6,1
6035.0,148.9,1
6035.1,162.7,1
6040.3,140.4,1
6040.4,138.6,1
6040.5,127.6,1
6040.7,141.7,1
6040.8,136.2,1
6046.0,133.4,1
6046.1,136.1,1
6046.2,144.6,1
6046.4,142.8,1
6046.5,156.9,1
6051.7,138.7,1
6051.8,158.0,1
6052.0,156.0,1
6052.2,170.8,1
6052.3,143.1,1
6057.4,118.5,1
6057.6,131.6,1
6057.7,133.4,1
6057.8,138.5,1
6058.0,166.2,1
6063.1,114.7,1
6063.3,139.3,1
6063.4,125.0,1
6063.5,114.6,1
6063.6,135.7,1
6068.8,143.3,1
6068.9,131.0,1
6069.1,174.5,1
6069.2,143.2,1
6069.4,141.6,1
6074.5,108.3,1
6074.6,104.1,1
6074.7,119.9,1
6074.9,141.0,1
6075.0,119.3,1
6080.1,154.9,1
6080.3,130.3,1
6080.4,148.0,1
6080.6,141.6,1
6080.7,142.6,1
6085.8,113.0,1
6086.0,144.3,1
6086.1,143.3,1
6086.2,147.2,1
6086.4,150.4,1
6091.5,143.8,1
6091.7,119.0,1
6091.8,135.6,1
6092.0,160.0,1
6092.1,142.6,1
6097.3,138.4,1
6097.4,138.7,1
6097.5,147.7,1
6097.7,136.5,1
6097.8,131.2,1
6102.9,102.1,1
6103.0,136.6,1
6103.2,135.4,1
6103.3,115.2,1
6103.4,137.9,1
6108.6,116.2,1
6108.7,103.5,1
6108.8,139.9,1
6108.9,122.9,1
6109.0,117.8,1
6114.2,119.5,1
6114.3,107.1,1
6114.4,151.1,1
6114.5,115.5,1
6114.7,117.6,1
6119.8,99.3,1
6119.9,100.6,1
6120.0,96.2,1
6120.1,108.1,1
6120.2,97.5,1
6125.3,139.3,1
6125.4,141.3,1
6125.6,124.2,1
6125.7,132.7,1
6125.8,141.9,1
6131.0,123.5,1
6131.1,145.2,1
6131.3,150.4,1
6131.4,146.9,1
6131.6,141.2,1
6136.7,153.8,1
6136.9,144.7,1
6137.0,121.2,1
6137.1,140.7,1
6137.3,149.8,1
6142.4,127.7,1
6142.6,147.7,1
6142.7,138.2,1
6142.8,127.3,1
6143.0,140.4,1
6148.1,123.2,1
6148.2,94.1,1
6148.3,98.1,1
6148.4,145.9,1
6148.6,133.3,1
6153.7,105.0,1
6153.8,139.3,1
6153.9,108.9,1
6154.1,143.9,1
6154.2,105.9,1
6159.3,97.6,1
6159.4,134.6,1
6159.5,102.3,1
6159.6,127.3,1
6159.8,123.7,1
6164.9,123.2,1
6165.0,135.7,1
6165.1,97.0,1
6165.3,142.2,1
6165.4,146.2,1
6170.6,149.3,1
6170.7,146.3,1
6170.8,129.8,1
6171.0,151.8,1
6171.1,147.5,1
6176.3,128.5,1
6176.4,151.0,1
6176.6,145.8,1
6176.7,144.5,1
6176.8,115.0,1
6182.0,160.0,1
6182.1,136.8,1
6182.3,189.8,1
6182.5,175.2,1
6182.7,171.7,1
6187.8,134.2,1
6187.9,114.2,1
6188.1,138.3,1
6188.2,133.5,1
6188.3,111.6,1
6193.4,138.1,1
6193.6,110.2,1
6193.7,108.3,1
6193.8,135.8,1
6193.9,95.7,1
6199.0,132.8,1
6199.2,171.7,1
6199.3,120.7,1
6199.5,172.5,1
6199.6,107.0,1
6204.7,123.1,1
6204.9,126.9,1
6205.0,138.6,1
6205.1,123.7,1
6205.2,120.2,1
6210.4,140.4,1
6210.5,143.2,1
6210.7,136.5,1
6210.8,144.7,1
6211.0,144.0,1
6216.1,158.7,1
6216.3,153.2,1
6216.4,145.9,1
6216.5,125.6,1
6216.7,139.6,1
6221.8,152.4,1
6222.0,136.8,1
6222.1,152.2,1
6222.3,146.0,1
6222.4,139.2,1
6227.6,148.5,1
6227.7,143.4,1
6227.8,123.0,1
6228.0,133.6,1
6228.1,132.3,1
6233.2,128.6,1
6233.4,125.3,1
6233.5,131.0,1
6233.6,107.1,1
6233.7,136.9,1
6238.9,163.4,1
6239.0,111.6,1
6239.2,133.7,1
6239.3,138.2,1
6239.4,148.8,1
6244.6,118.7,1
6244.7,154.6,1
6244.8,124.5,1
6245.0,133.4,1
6245.1,97.7,1
6250.2,93.5,1
6250.3,114.7,1
6250.4,121.0,1
6250.5,146.5,1
6250.7,104.7,1
6255.8,160.8,1
6256.0,151.2,1
6256.1,166.6,1
6256.3,117.9,1
6256.4,135.5,1
6261.5,122.3,1
6261.6,128.7,1
6261.8,144.6,1
6262.0,160.4,1
6262.1,142.2,1
6267.2,147.5,1
6267.4,145.0,1
6267.5,138.5,1
6267.7,163.1,1
6267.8,151.6,1
6273.0,170.2,1
6273.1,127.3,1
6273.3,129.7,1
6273.4,144.5,1
6273.6,134.6,1
6278.7,127.6,1
6278.8,116.4,1
6279.0,149.0,1
6279.1,138.5,1
6279.2,142.2,1
6284.3,99.2,1
6284.5,132.4,1
6284.6,135.1,1
6284.7,96.6,1
6284.8,126.9,1
6290.0,145.0,1
6290.1,123.5,1
6290.3,164.6,1
6290.4,127.4,1
6290.5,121.2,1
6295.6,123.3,1
6295.8,135.2,1
6295.9,148.4,1
6296.0,107.8,1
6296.2,118.4,1
6301.3,132.8,1
6301.4,156.5,1
6301.6,132.1,1
6301.7,110.6,1
6301.8,138.2,1
6307.0,133.7,1
6307.1,143.0,1
6307.2,134.6,1
6307.4,128.7,1
6307.5,135.1,1
6312.7,140.0,1
6312.8,154.8,1
6313.0,175.6,1
6313.1,143.5,1
6313.4,243.0,1
6318.5,139.6,1
6318.7,146.2,1
6318.8,138.4,1
6318.9,139.5,1
6319.1,135.4,1
6324.2,139.0,1
6324.3,131.1,1
6324.5,132.9,1
6324.6,133.0,1
6324.7,126.0,1
6329.9,143.7,1
6330.0,141.6,1
6330.2,132.0,1
6330.3,142.8,1
6330.4,141.1,1
6335.6,130.5,1
6335.7,121.1,1
6335.8,116.3,1
6335.9,96.7,1
6336.0,100.0,1
6341.1,115.3,1
6341.3,129.9,1
6341.4,104.7,1
6341.5,98.5,1
6341.6,108.1,1
6346.7,158.3,1
6346.9,166.3,1
6347.1,148.8,1
6347.2,126.9,1
6347.3,137.1,1
6352.5,136.9,1
6352.6,176.5,1
6352.8,164.9,1
6352.9,148.7,1
6353.1,144.7,1
6358.2,146.4,1
6358.4,115.5,1
6358.5,155.9,1
6358.6,133.5,1
6358.8,134.4,1
6363.9,147.7,1
6364.1,156.1,1
6364.3,184.6,1
6364.5,186.7,1
6364.6,159.9,1
6369.8,142.3,1
6369.9,119.1,1
6370.0,129.7,1
6370.1,127.8,1
6370.3,142.3,1
6375.4,146.8,1
6375.6,145.0,1
6375.7,124.4,1
6375.8,93.7,1
6375.9,126.0,1
6381.1,128.5,1
6381.2,109.8,1
6381.3,123.7,1
6381.4,148.7,1
6381.6,130.6,1
6386.7,108.4,1
6386.8,131.9,1
6386.9,111.6,1
6387.1,126.9,1
6387.2,126.4,1
6392.3,157.6,1
6392.5,117.9,1
6392.6,135.0,1
6392.7,137.8,1
6392.9,171.4,1
6398.0,119.8,1
6398.2,120.2,1
6398.3,124.0,1
6398.4,155.3,1
6398.6,140.8,1
6403.7,138.4,1
6403.9,144.2,1
6404.0,154.1,1
6404.1,133.2,1
6404.3,155.9,1
6409.4,140.7,1
6409.6,162.2,1
6409.8,139.6,1
6409.9,137.2,1
6410.0,151.1,1
6415.1,104.6,1
6415.3,113.0,1
6415.4,104.3,1
6415.5,132.9,1
6415.6,115.8,1
6420.8,131.8,1
6420.9,133.8,1
6421.0,146.2,1
6421.2,131.0,1
6421.3,107.5,1
6426.4,106.6,1
6426.5,147.7,1
6426.6,96.3,1
6426.7,122.7,1
6426.9,129.3,1
6432.0,122.2,1
6432.1,121.1,1
6432.2,119.3,1
6432.4,132.8,1
6432.5,113.8,1
6437.6,138.6,1
6437.8,139.9,1
6437.9,143.0,1
6438.1,147.9,1
6438.2,156.7,1
6443.4,148.5,1
6443.5,135.0,1
6443.6,139.0,1
6443.8,197.9,1
6444.0,150.5,1
6449.2,153.5,1
6449.3,133.9,1
6449.4,139.6,1
6449.6,142.2,1
6449.7,133.3,1
6454.9,152.6,1
6455.0,146.3,1
6455.1,135.4,1
6455.3,129.3,1
6455.4,155.7,1
6460.6,136.9,1
6460.7,168.0,1
6460.9,153.0,1
6461.1,160.0,1
6461.2,171.8,1
6466.4,126.6,1
6466.5,130.7,1
6466.6,118.8,1
6466.7,121.0,1
6466.9,133.6,1
6472.0,135.7,1
6472.1,141.2,1
6472.3,145.6,1
6472.4,140.4,1
6472.5,104.1,1
6477.7,156.8,1
6477.8,138.9,1
6477.9,117.0,1
6478.1,135.1,1
6478.2,145.3,1
6483.4,139.9,1
6483.5,131.9,1
6483.7,148.8,1
6483.8,147.0,1
6483.9,140.1,1
6489.1,152.4,1
6489.2,136.1,1
6489.4,124.3,1
6489.5,153.9,1
6489.6,128.4,1
6494.8,143.4,1
6494.9,122.5,1
6495.0,139.8,1
6495.2,146.0,1
6495.3,99.2,1
6500.5,153.5,1
6500.6,134.8,1
6500.7,135.7,1
6500.9,135.3,1
6501.0,147.8,1
6506.1,108.0,1
6506.3,138.1,1
6506.4,115.2,1
6506.5,123.6,1
6506.6,124.4,1
6511.8,131.7,1
6511.9,138.6,1
6512.0,125.8,1
6512.1,96.9,1
6512.2,111.6,1
6517.4,120.9,1
6517.5,117.3,1
6517.6,148.2,1
6517.8,149.1,1
6517.9,113.4,1
6523.0,97.9,1
6523.1,96.9,1
6523.2,145.9,1
6523.3,112.9,1
6523.4,100.4,1
6528.6,154.2,1
6528.8,168.7,1
6528.9,157.4,1
6529.1,167.5,1
6529.2,145.7,1
6534.4,179.5,1
6534.6,151.7,1
6534.7,131.9,1
6534.9,155.1,1
6535.0,143.6,1
6540.1,142.2,1
6540.3,127.9,1
6540.4,148.2,1
6540.5,110.3,1
6540.7,119.1,1
6545.8,128.2,1
6545.9,141.7,1
6546.1,124.8,1
6546.2,121.7,1
6546.3,129.2,1
6551.5,160.2,1
6551.6,127.5,1
6551.7,122.6,1
6551.8,111.3,1
6552.0,131.7,1
6557.1,107.3,1
6557.2,116.7,1
6557.3,122.7,1
6557.4,121.7,1
6557.6,144.5,1
6562.7,131.0,1
6562.8,100.0,1
6562.9,136.9,1
6563.1,138.4,1
6563.2,127.2,1
6568.3,131.5,1
6568.5,142.4,1
6568.6,132.6,1
6568.8,127.2,1
6568.9,159.7,1
6574.1,168.0,1
6574.2,110.3,1
6574.3,137.0,1
6574.5,178.3,1
6574.7,185.3,1
6579.9,148.5,1
6580.0,146.6,1
6580.1,140.4,1
6580.3,125.7,1
6580.4,151.4,1
6585.6,147.8,1
6585.7,137.1,1
6585.9,154.4,1
6586.0,142.9,1
6586.1,133.5,1
6591.3,174.4,1
6591.5,142.9,1
6591.7,202.2,1
6591.8,166.7,1
6592.0,166.4,1
6597.1,140.5,1
6597.3,132.9,1
6597.4,115.5,1
6597.5,124.0,1
6597.7,145.7,1
6602.8,107.0,1
6602.9,136.3,1
6603.0,138.7,1
6603.2,135.8,1
6603.3,125.0,1
6608.5,145.4,1
6608.6,140.1,1
6608.7,135.7,1
6608.9,139.5,1
6609.0,127.4,1
6614.1,122.4,1
6614.2,99.1,1
6614.3,101.7,1
6614.4,120.6,1
6614.5,95.1,1
6619.7,147.7,1
6619.9,163.6,1
6620.0,125.9,1
6620.1,139.1,1
6620.3,140.1,1
6625.4,128.6,1
6625.5,127.3,1
6625.7,148.0,1
6625.8,142.3,1
6625.9,114.5,1
6631.1,133.9,1
6631.2,110.1,1
6631.3,141.6,1
6631.5,149.6,1
6631.6,124.6,1
6636.7,119.4,1
6636.8,122.8,1
6637.0,146.3,1
6637.1,128.1,1
6637.2,129.2,1
6642.4,139.0,1
6642.5,140.4,1
6642.7,133.0,1
6642.8,127.8,1
6642.9,141.6,1
6648.1,161.2,1
6648.2,118.4,1
6648.4,142.4,1
6648.5,132.4,1
6648.6,146.0,1
6653.8,115.4,1
6653.9,135.5,1
6654.0,110.1,1
6654.1,111.0,1
6654.3,150.9,1
6659.4,139.5,1
6659.5,129.0,1
6659.7,139.8,1
6659.8,105.8,1
6659.9,100.4,1
6665.0,135.1,1
6665.2,128.4,1
6665.3,136.1,1
6665.4,146.7,1
6665.6,130.1,1
6670.7,173.0,1
6670.9,175.5,1
6671.1,163.8,1
6671.2,151.9,1
6671.4,188.0,1
6676.6,149.3,1
6676.7,141.3,1
6676.9,139.5,1
6677.0,120.3,1
6677.1,144.6,1
6682.3,130.9,1
6682.4,141.3,1
6682.5,137.2,1
6682.7,133.0,1
6682.8,126.6,1
6687.9,108.1,1
6688.0,114.3,1
6688.2,134.9,1
6688.3,119.4,1
6688.4,130.6,1
6693.5,114.8,1
6693.6,99.9,1
6693.8,131.6,1
6693.9,132.4,1
6694.0,143.6,1
6699.1,101.8,1
6699.3,126.3,1
6699.4,125.5,1
6699.5,129.4,1
6699.7,159.3,1
6704.8,140.8,1
6705.0,130.0,1
6705.1,143.0,1
6705.2,125.4,1
6705.4,169.6,1
6710.6,158.9,1
6710.7,146.2,1
6710.8,139.1,1
6711.0,146.5,1
6711.1,109.4,1
6716.2,137.2,1
6716.4,150.4,1
6716.5,154.2,1
6716.7,136.5,1
6716.8,134.7,1
6722.0,191.3,1
6722.2,183.0,1
6722.4,172.0,1
6722.5,145.4,1
6722.7,204.4,1
6727.8,96.2,1
6727.9,124.6,1
6728.1,134.7,1
6728.2,139.9,1
6728.3,107.9,1
6733.5,127.2,1
6733.6,98.5,1
6733.7,123.6,1
6733.8,129.7,1
6733.9,116.0,1
6739.1,132.9,1
6739.2,131.9,1
6739.3,143.9,1
6739.5,143.8,1
6739.6,142.3,1
6744.7,121.5,1
6744.9,129.6,1
6745.0,113.0,1
6745.1,113.5,1
6745.2,137.6,1
6750.4,135.1,1
6750.5,142.4,1
6750.7,127.4,1
6750.8,124.9,1
6750.9,171.9,1
6756.1,142.2,1
6756.2,138.4,1
6756.4,130.7,1
6756.5,169.4,1
6756.7,148.5,1
6761.8,130.5,1
6761.9,120.5,1
6762.1,147.8,1
6762.2,130.2,1
6762.4,157.9,1
6767.5,148.3,1
6767.7,139.5,1
6767.8,152.6,1
6768.0,146.1,1
6768.1,144.5,1
6773.3,138.3,1
6773.4,160.4,1
6773.5,113.4,1
6773.7,144.1,1
6773.8,145.3,1
6778.9,95.6,1
6779.1,137.1,1
6779.2,114.6,1
6779.3,103.2,1
6779.4,139.5,1
6784.5,122.6,1
6784.7,123.9,1
6784.8,100.1,1
6784.9,130.5,1
6785.0,133.7,1
6790.2,127.6,1
6790.3,113.4,1
6790.4,124.2,1
6790.5,112.4,1
6790.7,158.5,1
6795.8,129.2,1
6795.9,126.9,1
6796.1,162.3,1
6796.3,164.2,1
6796.4,157.7,1
6801.6,147.6,1
6801.7,129.7,1
6801.8,139.5,1
6802.0,154.8,1
6802.2,177.6,1
6807.3,157.5,1
6807.5,140.9,1
6807.6,140.1,1
6807.7,136.8,1
6807.9,148.0,1
6813.0,139.5,1
6813.2,133.8,1
6813.3,135.2,1
6813.4,138.0,1
6813.6,134.2,1
6818.7,104.1,1
6818.8,138.1,1
6818.9,118.5,1
6819.1,120.9,1
6819.2,113.6,1
6824.3,149.2,1
6824.5,120.9,1
6824.6,137.8,1
6824.7,143.0,1
6824.8,114.0,1
6830.0,101.1,1
6830.1,131.0,1
6830.2,115.3,1
6830.3,109.7,1
6830.4,122.4,1
6835.6,113.9,1
6835.7,136.0,1
6835.8,101.8,1
6835.9,120.6,1
6836.0,136.7,1
6841.2,140.7,1
6841.3,139.1,1
6841.5,135.8,1
6841.6,140.8,1
6841.7,123.3,1
6846.9,129.2,1
6847.0,136.5,1
6847.1,119.9,1
6847.3,153.1,1
6847.4,137.5,1
6852.6,175.1,1
6852.7,146.6,1
6852.9,201.6,1
6853.1,167.9,1
6853.3,184.3,1
6858.4,135.9,1
6858.6,164.2,1
6858.7,113.6,1
6858.9,150.3,1
6859.0,128.3,1
6864.1,132.8,1
6864.2,118.1,1
6864.4,142.3,1
6864.5,116.4,1
6864.6,145.1,1
6869.8,139.7,1
6869.9,151.6,1
6870.1,153.0,1
6870.2,135.6,1
6870.3,98.5,1
6875.5,116.7,1
6875.6,146.7,1
6875.7,102.6,1
6875.8,142.6,1
6876.0,134.9,1
6881.1,133.5,1
6881.2,96.9,1
6881.4,137.2,1
6881.5,118.6,1
6881.6,143.3,1
6886.8,144.6,1
6886.9,128.5,1
6887.0,129.5,1
6887.2,148.5,1
6887.3,144.8,1
6892.5,147.3,1
6892.6,136.5,1
6892.8,144.6,1
6892.9,135.8,1
6893.0,132.9,1
6898.2,136.5,1
6898.3,132.5,1
6898.5,164.5,1
6898.6,123.8,1
6898.7,139.9,1
6903.9,133.4,1
6904.0,117.2,1
6904.1,118.2,1
6904.2,148.8,1
6904.4,147.1,1
6909.5,148.0,1
6909.7,141.9,1
6909.8,142.3,1
6909.9,113.6,1
6910.1,148.2,1
6915.2,136.7,1
6915.4,140.8,1
6915.5,133.8,1
6915.6,132.6,1
6915.8,134.8,1
6920.9,122.9,1
6921.1,159.8,1
6921.2,96.7,1
6921.3,144.8,1
6921.5,150.6,1
6926.6,96.0,1
6926.7,118.0,1
6926.8,117.1,1
6926.9,114.0,1
6927.0,97.0,1
6932.2,147.8,1
6932.3,137.1,1
6932.5,161.6,1
6932.6,159.2,1
6932.8,143.0,1
6937.9,132.8,1
6938.0,133.9,1
6938.2,133.1,1
6938.3,150.7,1
6938.4,134.2,1
6943.6,146.8,1
6943.7,142.0,1
6943.9,162.6,1
6944.0,143.3,1
6944.2,143.0,1
6949.3,135.9,1
6949.5,135.0,1
6949.6,147.2,1
6949.8,143.0,1
6949.9,141.2,1
6955.0,118.8,1
6955.2,136.3,1
6955.3,125.7,1
6955.4,129.8,1
6955.5,109.5,1
6960.7,138.7,1
6960.8,108.7,1
6960.9,113.8,1
6961.0,144.1,1
6961.2,129.2,1
6966.3,145.1,1
6966.5,150.5,1
6966.6,136.4,1
6966.7,97.8,1
6966.8,103.5,1
6971.9,145.9,1
6972.1,121.0,1
6972.2,115.3,1
6972.3,141.6,1
6972.5,139.9,1
6977.7,200.2,1
6977.8,163.8,1
6978.0,150.5,1
6978.1,147.4,1
6978.3,122.0,1
6983.4,174.5,1
6983.6,170.8,1
6983.8,176.6,1
6984.0,224.5,1
6984.2,152.8,1
6989.3,137.9,1
6989.4,139.8,1
6989.6,130.2,1
6989.7,131.4,1
6989.8,130.7,1
6995.0,129.2,1
6995.1,145.8,1
6995.3,142.2,1
6995.4,146.1,1
6995.5,135.3,1
7000.7,148.1,1
7000.8,117.8,1
7000.9,137.8,1
7001.1,115.0,1
7001.2,147.0,1
7006.4,145.0,1
7006.5,103.3,1
7006.6,104.1,1
7006.7,155.7,1
7006.8,123.2,1
7012.0,129.9,1
7012.1,144.3,1
7012.3,137.8,1
7012.4,104.8,1
7012.5,128.1,1
7017.6,108.6,1
7017.7,114.7,1
7017.9,138.2,1
7018.0,140.9,1
7018.1,137.8,1
7023.3,133.9,1
7023.4,133.4,1
7023.6,144.4,1
7023.7,142.1,1
7023.8,151.4,1
7029.0,149.3,1
7029.1,139.1,1
7029.3,146.4,1
7029.4,136.3,1
7029.6,146.3,1
7034.7,151.8,1
7034.8,124.2,1
7035.0,160.7,1
7035.1,135.4,1
7035.3,129.9,1
7040.4,137.8,1
7040.6,153.5,1
7040.7,160.7,1
7040.9,139.6,1
7041.0,122.3,1
7046.1,146.2,1
7046.2,92.7,1
7046.3,111.3,1
7046.5,137.6,1
7046.6,111.3,1
7051.7,107.5,1
7051.8,138.2,1
7052.0,134.1,1
7052.1,135.7,1
7052.2,114.5,1
7057.3,101.6,1
7057.5,142.1,1
7057.6,112.3,1
7057.7,97.6,1
7057.8,101.5,1
7062.9,118.2,1
7063.0,114.4,1
7063.2,127.6,1
7063.3,95.4,1
7063.4,121.6,1
7068.5,121.3,1
7068.6,136.9,1
7068.8,140.5,1
7068.9,133.7,1
7069.0,125.4,1
7074.2,135.1,1
7074.3,119.2,1
7074.5,168.6,1
7074.6,138.3,1
7074.7,138.6,1
7079.9,183.3,1
7080.1,137.7,1
7080.2,136.9,1
7080.4,154.0,1
7080.5,142.7,1
7085.6,138.3,1
7085.8,136.0,1
7085.9,134.8,1
7086.0,129.6,1
7086.2,149.9,1
7091.3,113.1,1
7091.5,146.1,1
7091.6,146.3,1
7091.7,136.8,1
7091.9,133.1,1
7097.0,133.6,1
7097.1,123.6,1
7097.3,140.3,1
7097.4,130.5,1
7097.5,122.6,1
7102.6,114.7,1
7102.7,98.9,1
7102.9,135.6,1
7103.0,109.3,1
7103.1,132.4,1
7108.3,145.2,1
7108.4,112.1,1
7108.5,128.0,1
7108.6,131.2,1
7108.8,118.7,1
7113.9,154.2,1
7114.1,152.2,1
7114.2,146.4,1
7114.4,154.9,1
7114.5,173.2,1
7119.7,139.7,1
7119.8,139.4,1
7120.0,170.8,1
7120.1,144.4,1
7120.3,146.3,1
7125.4,141.0,1
7125.6,140.9,1
7125.7,146.7,1
7125.9,135.5,1
7126.0,148.1,1
7131.2,186.7,1
7131.3,149.5,1
7131.5,185.6,1
7131.7,183.3,1
7131.9,157.2,1
7137.0,138.1,1
7137.1,112.5,1
7137.3,132.3,1
7137.4,123.6,1
7137.5,121.1,1
7142.6,110.8,1
7142.7,97.9,1
7142.9,134.8,1
7143.0,124.2,1
7143.1,130.8,1
7148.2,120.5,1
7148.4,142.0,1
7148.5,136.6,1
7148.7,143.1,1
7148.8,102.4,1
7153.9,128.7,1
7154.0,130.5,1
7154.2,127.9,1
7154.3,126.3,1
7154.4,136.1,1
7159.6,158.2,1
7159.7,135.2,1
7159.9,147.5,1
7160.0,108.7,1
7160.1,139.9,1
7165.2,129.3,1
7165.4,144.7,1
7165.5,141.3,1
7165.7,150.8,1
7165.8,159.2,1
7171.0,146.4,1
7171.1,158.7,1
7171.3,141.4,1
7171.4,153.2,1
7171.6,143.6,1
7176.7,136.2,1
7176.9,135.7,1
7177.0,113.0,1
7177.1,136.1,1
7177.3,152.9,1
7182.4,121.8,1
7182.5,141.5,1
7182.6,101.8,1
7182.8,133.4,1
7182.9,125.0,1
7188.0,134.3,1
7188.1,117.0,1
7188.3,136.8,1
7188.4,121.2,1
7188.5,139.9,1
7193.7,128.6,1
7193.8,125.6,1
7193.9,94.2,1
7194.0,111.8,1
7194.2,139.4,1
7199.3,119.6,1
7199.4,123.1,1
7199.5,94.0,1
7199.6,118.6,1
7199.8,155.5,1
7204.9,145.1,1
7205.1,166.8,1
7205.3,189.1,1
7205.5,182.0,1
7205.7,210.2,1
7210.8,138.3,1
7210.9,139.8,1
7211.1,145.9,1
7211.2,144.1,1
7211.4,199.9,1
7216.6,160.4,1
7216.8,156.5,1
7216.9,150.7,1
7217.1,154.8,1
7217.2,175.7,1
7222.4,133.8,1
7222.6,189.0,1
7222.8,229.6,1
7223.0,156.1,1
7223.1,146.6,1
7228.2,135.9,1
7228.4,123.6,1
7228.5,140.6,1
7228.7,146.1,1
7228.8,137.4,1
7233.9,150.3,1
7234.1,132.8,1
7234.2,150.5,1
7234.4,146.9,1
7234.5,147.3,1
7239.7,148.3,1
7239.8,147.4,1
7240.0,142.4,1
7240.1,134.0,1
7240.2,125.3,1
7245.4,155.4,1
7245.5,148.0,1
7245.8,261.2,1
7246.2,359.0,1
7246.3,175.0,1
7251.5,139.9,1
7251.7,183.4,1
7251.8,158.8,1
7252.0,154.0,1
7252.1,178.0,1
7257.3,181.2,1
7257.5,158.0,1
7257.7,164.6,1
7257.9,199.8,1
7258.0,171.7,1
7263.2,171.7,1
7263.5,251.5,1
7263.8,290.6,1
7264.2,433.0,1
7264.4,261.4,1
7269.6,149.6,1
7269.7,136.8,1
7269.9,151.1,1
7270.0,125.6,1
7270.2,155.5,1
7275.3,139.6,1
7275.5,172.0,1
7275.6,145.8,1
7275.8,148.4,1
7275.9,158.6,1
7281.1,112.6,1
7281.2,132.9,1
7281.3,123.5,1
7281.5,149.0,1
7281.6,122.6,1
7286.7,110.7,1
7286.8,95.1,1
7286.9,112.8,1
7287.0,119.7,1
7287.1,104.0,1
7292.3,149.4,1
7292.4,139.3,1
7292.6,148.6,1
7292.7,136.0,1
7292.8,136.3,1
7298.0,143.9,1
7298.1,135.4,1
7298.3,140.1,1
7298.4,166.7,1
7298.6,139.8,1
7303.7,112.8,1
7303.8,126.5,1
7304.0,160.8,1
7304.1,135.7,1
7304.3,148.0,1
7309.4,137.5,1
7309.6,148.1,1
7309.7,145.0,1
7309.9,163.7,1
7310.0,134.4,1
7315.1,119.7,1
7315.2,118.1,1
7315.4,134.5,1
7315.5,112.3,1
7315.6,103.0,1
7320.7,127.9,1
7320.8,123.7,1
7321.0,124.2,1
7321.1,125.7,1
7321.2,124.0,1
7326.4,133.9,1
7326.5,122.0,1
7326.6,99.8,1
7326.7,125.2,1
7326.8,129.3,1
7332.0,136.0,1
7332.1,138.5,1
7332.2,107.2,1
7332.3,116.5,1
7332.5,146.6,1
7337.6,143.3,1
7337.8,129.8,1
7337.9,139.4,1
7338.1,167.2,1
7338.2,146.5,1
7343.4,135.3,1
7343.5,152.5,1
7343.6,140.1,1
7343.8,150.8,1
7343.9,137.9,1
7349.1,147.9,1
7349.2,127.5,1
7349.4,144.7,1
7349.5,137.1,1
7349.6,126.2,1
7354.7,99.0,1
7354.9,140.8,1
7355.0,153.0,1
7355.2,143.7,1
7355.3,154.7,1
7360.4,110.9,1
7360.6,137.9,1
7360.7,147.2,1
7360.8,118.8,1
7361.0,132.6,1
7366.1,130.1,1
7366.2,122.2,1
7366.4,132.2,1
7366.5,110.7,1
7366.6,164.8,1
7371.7,97.2,1
7371.9,137.5,1
7372.0,118.9,1
7372.1,123.4,1
7372.3,150.7,1
7377.4,162.3,1
7377.6,131.7,1
7377.7,163.1,1
7377.9,150.0,1
7378.0,169.8,1
7383.2,134.6,1
7383.3,115.1,1
7383.4,139.2,1
7383.6,146.6,1
7383.7,137.0,1
7388.8,115.5,1
7389.0,143.4,1
7389.1,131.9,1
7389.3,131.0,1
7389.4,141.5,1
7394.6,164.6,1
7394.7,154.6,1
7394.9,186.0,1
7395.1,148.7,1
7395.2,142.4,1
7400.3,100.5,1
7400.4,143.6,1
7400.6,143.0,1
7400.7,138.9,1
7400.9,125.8,1
7406.0,123.3,1
7406.1,131.0,1
7406.2,100.0,1
7406.3,138.7,1
7406.5,109.9,1
7411.6,152.1,1
7411.7,112.7,1
7411.9,144.2,1
7412.0,108.8,1
7412.1,107.7,1
7417.2,94.3,1
7417.3,152.1,1
7417.5,172.1,1
7417.6,100.7,1
7417.7,110.4,1
7422.9,144.4,1
7423.0,131.0,1
7423.1,119.6,1
7423.2,106.4,1
7423.4,128.8,1
7428.5,135.8,1
7428.6,133.8,1
7428.8,139.2,1
7428.9,149.0,1
7429.0,120.8,1
7434.2,141.3,1
7434.3,144.0,1
7434.5,153.7,1
7434.6,141.2,1
7434.8,136.5,1
7439.9,147.8,1
7440.0,124.0,1
7440.2,134.9,1
7440.3,130.5,1
7440.5,153.5,1
7445.6,114.1,1
7445.7,117.9,1
7445.8,143.0,1
7446.0,139.1,1
7446.1,116.0,1
7451.2,136.1,1
7451.4,125.7,1
7451.5,139.4,1
7451.6,110.9,1
7451.8,142.8,1
7456.9,142.2,1
7457.0,124.0,1
7457.2,127.4,1
7457.3,123.1,1
7457.4,132.5,1
7462.6,148.6,1
7462.7,120.5,1
7462.8,131.4,1
7462.9,115.1,1
7463.0,121.6,1
7468.2,123.3,1
7468.3,119.2,1
7468.4,103.3,1
7468.5,122.3,1
7468.7,130.3,1
7473.8,157.0,1
7474.0,142.4,1
7474.1,157.9,1
7474.3,153.4,1
7474.4,149.6,1
7479.6,137.9,1
7479.7,126.5,1
7479.8,121.2,1
7479.9,133.4,1
7480.1,153.0,1
7485.2,111.7,1
7485.3,109.8,1
7485.5,142.5,1
7485.6,138.1,1
7485.7,140.3,1
7490.9,131.2,1
7491.0,144.6,1
7491.2,133.6,1
7491.3,133.7,1
7491.4,138.9,1
7496.5,105.1,1
7496.7,132.6,1
7496.8,141.2,1
7496.9,120.9,1
7497.1,134.8,1
7502.2,98.4,1
7502.3,140.3,1
7502.4,114.1,1
7502.6,150.4,1
7502.7,112.2,1
7507.8,132.2,1
7508.0,145.2,1
7508.1,148.3,1
7508.3,139.1,1
7508.4,140.7,1
7513.5,132.8,1
7513.7,165.1,1
7513.8,101.8,1
7513.9,144.2,1
7514.1,140.0,1
7519.2,133.5,1
7519.4,141.8,1
7519.5,146.8,1
7519.7,145.9,1
7519.8,147.7,1
7525.0,149.7,1
7525.2,193.3,1
7525.3,172.3,1
7525.5,144.8,1
7525.7,179.8,1
7530.8,142.9,1
7530.9,144.2,1
7531.1,152.2,1
7531.2,126.0,1
7531.4,130.5,1
7536.5,138.5,1
7536.6,108.3,1
7536.7,130.3,1
7536.9,136.7,1
7537.0,141.8,1
7542.1,109.5,1
7542.3,139.5,1
7542.4,144.4,1
7542.5,136.1,1
7542.7,129.3,1
7547.8,96.1,1
7547.9,116.8,1
7548.0,97.1,1
7548.1,131.7,1
7548.2,112.7,1
7553.4,119.9,1
7553.5,121.5,1
7553.6,127.8,1
7553.7,107.6,1
7553.9,146.8,1
7559.0,126.7,1
7559.1,94.0,1
7559.2,138.3,1
7559.4,130.3,1
7559.5,127.7,1
7564.6,137.2,1
7564.8,174.1,1
7564.9,122.3,1
7565.1,136.4,1
7565.2,136.8,1
7570.3,137.9,1
7570.5,137.6,1
7570.6,132.8,1
7570.8,140.4,1
7570.9,164.5,1
7576.1,151.3,1
7576.2,125.9,1
7576.3,147.9,1
7576.5,146.2,1
7576.6,137.0,1
7581.8,127.6,1
7581.9,154.8,1
7582.0,131.9,1
7582.2,144.7,1
7582.3,149.1,1
7587.5,146.3,1
7587.6,99.6,1
7587.7,97.9,1
7587.8,116.6,1
7587.9,138.2,1
7593.1,160.7,1
7593.2,116.9,1
7593.4,122.3,1
7593.5,122.0,1
7593.6,104.2,1
7598.7,146.3,1
7598.9,147.2,1
7599.0,132.2,1
7599.1,131.8,1
7599.3,126.7,1
7604.4,113.9,1
7604.5,129.5,1
7604.6,130.2,1
7604.8,140.9,1
7604.9,141.6,1
7610.1,149.4,1
7610.2,121.3,1
7610.3,143.2,1
7610.5,134.1,1
7610.6,139.2,1
7615.7,123.9,1
7615.9,140.5,1
7616.0,142.8,1
7616.2,137.8,1
7616.3,133.4,1
7621.4,139.8,1
7621.6,137.7,1
7621.8,171.7,1
7621.9,144.7,1
7622.0,137.5,1
7627.2,130.4,1
7627.3,133.8,1
7627.5,144.6,1
7627.6,152.2,1
7627.7,129.4,1
7632.8,93.2,1
7632.9,95.5,1
7633.1,140.8,1
7633.2,101.6,1
7633.3,124.2,1
7638.4,134.7,1
7638.6,165.2,1
7638.8,153.1,1
7638.9,154.4,1
7639.0,139.7,1
7644.1,98.6,1
7644.2,96.4,1
7644.4,118.8,1
7644.5,143.9,1
7644.6,129.5,1
7649.8,130.5,1
7649.9,148.7,1
7650.0,119.4,1
7650.2,142.7,1
7650.3,163.4,1
7655.5,138.9,1
7655.6,151.1,1
7655.8,148.1,1
7655.9,154.1,1
7656.2,218.3,1
7661.3,132.0,1
7661.4,128.8,1
7661.6,143.8,1
7661.7,138.5,1
7661.8,134.2,1
7667.0,124.8,1
7667.1,134.3,1
7667.2,129.2,1
7667.4,134.8,1
7667.5,147.2,1
7672.7,152.6,1
7672.8,122.8,1
7672.9,120.5,1
7673.1,145.3,1
7673.2,118.3,1
7678.3,134.5,1
7678.4,107.7,1
7678.6,142.1,1
7678.7,149.9,1
7678.9,141.9,1
7684.0,130.3,1
7684.1,120.9,1
7684.3,131.2,1
7684.4,134.1,1
7684.5,147.5,1
7689.7,132.7,1
7689.8,95.0,1
7689.9,149.2,1
7690.1,137.5,1
7690.2,115.8,1
7695.3,114.9,1
7695.4,125.6,1
7695.5,124.8,1
7695.7,150.8,1
7695.8,137.1,1
7701.0,128.1,1
7701.1,147.2,1
7701.2,108.5,1
7701.3,133.0,1
7701.5,139.3,1
7706.6,142.5,1
7706.8,136.3,1
7706.9,135.9,1
7707.0,136.5,1
7707.2,148.0,1
7712.3,131.2,1
7712.5,179.1,1
7712.7,149.2,1
7712.8,125.5,1
7713.0,171.4,1
7718.1,138.4,1
7718.2,141.9,1
7718.4,139.1,1
7718.5,129.8,1
7718.6,134.7,1
7723.8,124.2,1
7723.9,131.2,1
7724.0,139.0,1
7724.2,116.9,1
7724.3,132.4,1
7729.4,145.1,1
7729.6,133.4,1
7729.7,144.6,1
7729.9,143.2,1
7730.0,106.5,1
7735.1,106.5,1
7735.2,108.5,1
7735.3,157.0,1
7735.5,149.0,1
7735.6,147.3,1
7740.8,147.9,1
7740.9,129.9,1
7741.1,137.9,1
7741.2,124.4,1
7741.3,133.2,1
7746.5,163.6,1
7746.6,132.5,1
7746.8,134.9,1
7746.9,132.3,1
7747.0,133.4,1
7752.1,100.6,1
7752.3,162.6,1
7752.4,155.0,1
7752.6,138.6,1
7752.7,145.7,1
7757.9,137.1,1
7758.0,139.6,1
7758.1,143.7,1
7758.3,149.9,1
7758.4,145.6,1
7763.6,128.5,1
7763.7,137.5,1
7763.8,127.4,1
7764.0,145.1,1
7764.1,103.9,1
7769.2,123.3,1
7769.4,142.0,1
7769.5,142.3,1
7769.7,153.8,1
7769.8,159.8,1
7775.0,129.7,1
7775.1,139.3,1
7775.2,139.1,1
7775.4,121.4,1
7775.5,134.3,1
7780.6,95.1,1
7780.7,96.6,1
7780.8,119.3,1
7780.9,142.7,1
7781.0,96.5,1
7786.2,148.1,1
7786.4,168.9,1
7786.5,159.4,1
7786.7,185.1,1
7786.9,159.1,1
7792.0,138.6,1
7792.1,137.8,1
7792.3,149.7,1
7792.4,138.4,1
7792.6,135.0,1
7797.7,146.3,1
7797.9,152.1,1
7798.1,176.5,1
7798.2,140.2,1
7798.3,150.0,1
7803.5,124.6,1
7803.6,130.8,1
7803.7,124.5,1
7803.9,143.7,1
7804.0,151.4,1
7809.1,110.1,1
7809.2,93.2,1
7809.4,164.9,1
7809.5,134.5,1
7809.6,97.7,1
7814.7,111.6,1
7814.9,135.2,1
7815.0,103.7,1
7815.1,102.5,1
7815.2,145.7,1
7820.4,123.0,1
7820.5,129.3,1
7820.6,145.1,1
7820.7,97.0,1
7820.9,133.5,1
7826.0,133.9,1
7826.1,128.3,1
7826.3,138.2,1
7826.4,147.4,1
7826.5,106.4,1
7831.7,137.0,1
7831.8,139.1,1
7831.9,147.8,1
7832.1,135.9,1
7832.2,137.8,1
7837.4,139.7,1
7837.5,143.8,1
7837.7,149.0,1
7837.8,145.3,1
7837.9,143.1,1
7843.1,133.9,1
7843.2,134.8,1
7843.3,122.1,1
7843.5,176.3,1
7843.7,150.1,1
7848.8,122.9,1
7848.9,144.3,1
7849.1,131.9,1
7849.2,166.7,1
7849.4,138.3,1
7854.5,99.6,1
7854.6,122.3,1
7854.7,125.3,1
7854.9,135.7,1
7855.0,123.2,1
7860.1,122.1,1
7860.2,121.9,1
7860.4,121.2,1
7860.5,102.0,1
7860.6,132.5,1
7865.7,123.2,1
7865.8,96.0,1
7865.9,127.3,1
7866.1,118.9,1
7866.2,122.8,1
7871.3,116.9,1
7871.4,104.9,1
7871.5,103.7,1
7871.6,95.0,1
7871.7,107.8,1
7876.8,120.0,1
7877.0,138.6,1
7877.1,133.7,1
7877.3,136.1,1
7877.4,137.0,1
7882.5,151.0,1
7882.7,130.8,1
7882.8,150.2,1
7883.0,158.9,1
7883.1,133.9,1
7888.3,143.3,1
7888.4,159.7,1
7888.6,143.4,1
7888.7,144.6,1
7888.9,137.0,1
7894.0,129.0,1
7894.1,143.8,1
7894.3,136.5,1
7894.4,139.9,1
7894.5,143.0,1
7899.7,102.0,1
7899.8,127.3,1
7899.9,97.9,1
7900.0,137.6,1
7900.2,140.6,1
7905.3,133.2,1
7905.4,99.1,1
7905.5,115.6,1
7905.6,125.3,1
7905.8,118.5,1
7910.9,95.7,1
7911.0,130.4,1
7911.1,135.8,1
7911.2,105.2,1
7911.3,123.8,1
7916.5,125.2,1
7916.6,139.5,1
7916.8,141.2,1
7916.9,129.8,1
7917.0,150.4,1
7922.2,139.2,1
7922.3,136.0,1
7922.5,139.3,1
7922.6,133.8,1
7922.8,160.7,1
7927.9,137.2,1
7928.0,151.4,1
7928.2,126.3,1
7928.3,148.1,1
7928.5,137.1,1
7933.6,158.8,1
7933.8,134.1,1
7933.9,147.1,1
7934.1,151.1,1
7934.2,136.7,1
7939.3,112.2,1
7939.4,130.6,1
7939.6,167.9,1
7939.7,130.5,1
7939.9,138.7,1
7945.0,116.1,1
7945.1,135.8,1
7945.3,113.9,1
7945.4,125.8,1
7945.5,121.7,1
7950.6,127.8,1
7950.8,130.7,1
7950.9,132.2,1
7951.0,122.6,1
7951.1,123.4,1
7956.3,135.6,1
7956.4,129.0,1
7956.5,138.3,1
7956.6,102.2,1
7956.8,141.0,1
7961.9,124.2,1
7962.1,136.4,1
7962.2,133.7,1
7962.3,152.6,1
7962.5,132.9,1
7967.6,140.4,1
7967.8,142.9,1
7967.9,121.9,1
7968.0,147.9,1
7968.2,134.0,1
7973.3,148.1,1
7973.4,126.9,1
7973.6,135.3,1
7973.7,124.8,1
7973.8,142.5,1
7979.0,150.0,1
7979.1,135.2,1
7979.3,154.6,1
7979.4,137.8,1
7979.6,154.2,1
7984.7,121.3,1
7984.8,114.2,1
7985.0,151.1,1
7985.1,150.1,1
7985.3,137.7,1
7990.4,133.4,1
7990.5,117.2,1
7990.7,134.3,1
7990.8,122.5,1
7990.9,126.8,1
7996.0,126.1,1
7996.2,115.5,1
7996.3,146.7,1
7996.4,125.9,1
7996.5,107.1,1
8001.6,97.4,1
8001.8,127.8,1
8001.9,132.4,1
8002.0,138.5,1
8002.1,118.4,1
8007.3,114.6,1
8007.4,122.4,1
8007.5,115.1,1
8007.6,110.4,1
8007.8,142.1,1
8012.9,120.9,1
8013.0,132.9,1
8013.2,157.2,1
8013.3,140.4,1
8013.5,142.3,1
8018.6,142.9,1
8018.7,137.0,1
8018.9,138.4,1
8019.0,152.4,1
8019.2,129.3,1
8024.3,133.6,1
8024.5,160.8,1
8024.6,141.7,1
8024.7,143.2,1
8024.9,137.4,1
8030.0,146.3,1
8030.2,126.2,1
8030.3,136.9,1
8030.4,142.0,1
8030.6,151.0,1
8035.7,97.4,1
8035.8,108.0,1
8035.9,121.6,1
8036.1,141.3,1
8036.2,119.9,1
8041.3,110.6,1
8041.4,102.7,1
8041.5,101.6,1
8041.6,126.1,1
8041.8,145.0,1
8046.9,144.7,1
8047.1,130.5,1
8047.2,141.1,1
8047.3,147.9,1
8047.5,149.6,1
8052.6,108.4,1
8052.7,109.0,1
8052.8,104.5,1
8052.9,125.9,1
8053.1,119.4,1
8058.2,144.3,1
8058.4,135.8,1
8058.5,160.0,1
8058.6,134.7,1
8058.8,134.7,1
8063.9,140.4,1
8064.1,146.3,1
8064.2,158.5,1
8064.4,197.1,1
8064.6,158.6,1
8069.7,138.5,1
8069.9,124.9,1
8070.0,139.2,1
8070.1,135.5,1
8070.3,135.0,1
8075.4,169.2,1
8075.6,147.9,1
8075.7,147.2,1
8075.9,136.0,1
8076.0,133.7,1
8081.1,119.4,1
8081.3,141.4,1
8081.4,135.1,1
8081.5,130.9,1
8081.7,123.8,1
8086.8,126.6,1
8086.9,98.5,1
8087.0,145.1,1
8087.2,146.3,1
8087.3,99.1,1
8092.4,144.9,1
8092.6,123.5,1
8092.6,94.6,1
8092.8,132.6,1
8092.9,119.4,1
8098.0,127.8,1
8098.2,131.3,1
8098.3,95.2,1
8098.4,103.4,1
8098.5,129.5,1
8103.6,147.5,1
8103.8,142.9,1
8103.9,158.0,1
8104.1,152.0,1
8104.2,140.4,1
8109.4,146.8,1
8109.5,153.4,1
8109.7,142.1,1
8109.8,148.5,1
8110.0,154.7,1
8115.1,135.5,1
8115.3,136.1,1
8115.4,151.1,1
8115.6,136.0,1
8115.7,134.8,1
8120.8,115.1,1
8120.9,138.7,1
8121.1,148.5,1
8121.2,139.4,1
8121.4,153.7,1
8126.5,113.9,1
8126.6,141.8,1
8126.8,137.0,1
8126.9,103.9,1
8127.0,128.8,1
8132.1,120.8,1
8132.3,110.9,1
8132.4,118.5,1
8132.5,143.4,1
8132.6,134.6,1
8137.8,127.2,1
8137.9,113.0,1
8138.0,109.6,1
8138.1,105.8,1
8138.2,109.6,1
8143.4,149.1,1
8143.5,101.7,1
8143.6,110.1,1
8143.7,111.1,1
8143.8,133.4,1
8149.0,141.2,1
8149.1,129.8,1
8149.2,139.6,1
8149.4,140.7,1
8149.5,152.6,1
8154.7,138.8,1
8154.8,122.1,1
8154.9,142.6,1
8155.1,120.6,1
8155.2,143.4,1
8160.4,137.4,1
8160.5,139.8,1
8160.6,127.9,1
8160.8,146.1,1
8160.9,127.7,1
8166.0,126.7,1
8166.1,120.4,1
8166.3,149.6,1
8166.4,135.2,1
8166.6,145.6,1
8171.7,95.9,1
8171.8,146.9,1
8172.0,138.9,1
8172.1,136.7,1
8172.2,144.1,1
8177.4,115.1,1
8177.5,145.5,1
8177.7,141.3,1
8177.7,95.7,1
8177.9,141.5,1
8183.0,113.4,1
8183.1,133.0,1
8183.3,120.3,1
8183.4,138.7,1
8183.5,117.2,1
8188.6,99.2,1
8188.8,141.9,1
8188.9,107.7,1
8189.0,116.9,1
8189.1,150.3,1
8194.3,188.1,1
8194.5,137.2,1
8194.6,163.8,1
8194.8,159.8,1
8195.0,180.5,1
8200.1,148.9,1
8200.3,142.1,1
8200.4,141.9,1
8200.6,172.5,1
8200.7,136.0,1
8205.8,114.2,1
8206.0,141.3,1
8206.1,145.3,1
8206.3,131.0,1
8206.4,132.5,1
8211.6,175.0,1
8211.8,187.2,1
8211.9,189.4,1
8212.1,165.3,1
8212.3,140.9,1
8217.4,170.4,1
8217.6,141.0,1
8217.7,110.8,1
8217.8,133.9,1
8217.9,119.9,1
8223.0,94.9,1
8223.1,110.7,1
8223.3,142.6,1
8223.4,125.9,1
8223.6,139.3,1
8228.6,94.3,1
8228.8,141.0,1
8228.9,122.8,1
8229.1,143.6,1
8229.2,135.1,1
8234.3,107.1,1
8234.4,121.7,1
8234.5,96.7,1
8234.6,123.6,1
8234.8,146.1,1
8239.9,134.7,1
8240.1,121.5,1
8240.2,145.3,1
8240.3,138.1,1
8240.5,145.8,1
8245.6,129.4,1
8245.8,139.5,1
8245.9,150.4,1
8246.1,148.6,1
8246.2,128.5,1
8251.3,147.8,1
8251.5,137.7,1
8251.6,147.7,1
8251.8,136.9,1
8251.9,153.4,1
8257.0,114.4,1
8257.1,112.0,1
8257.3,134.8,1
8257.4,162.6,1
8257.6,158.6,1
8262.7,131.5,1
8262.9,129.1,1
8263.0,140.1,1
8263.2,147.9,1
8263.3,142.2,1
8268.4,117.3,1
8268.5,114.3,1
8268.7,145.8,1
8268.8,125.5,1
8268.9,142.4,1
8274.1,146.6,1
8274.2,115.6,1
8274.3,137.8,1
8274.5,141.2,1
8274.6,97.8,1
8279.7,114.6,1
8279.8,143.7,1
8280.0,112.3,1
8280.1,98.2,1
8280.2,134.4,1
8285.3,144.3,1
8285.5,176.4,1
8285.7,146.6,1
8285.8,148.9,1
8285.9,119.4,1
8291.1,144.6,1
8291.2,146.2,1
8291.4,137.5,1
8291.5,143.9,1
8291.7,149.5,1
8296.8,133.0,1
8297.0,152.2,1
8297.1,138.0,1
8297.2,138.2,1
8297.4,127.9,1
8302.5,123.5,1
8302.6,140.3,1
8302.7,105.2,1
8302.9,147.7,1
8303.0,132.8,1
8308.1,97.2,1
8308.2,111.6,1
8308.4,131.1,1
8308.5,115.4,1
8308.6,104.6,1
8313.7,105.5,1
8313.8,145.6,1
8314.0,120.3,1
8314.1,117.7,1
8314.2,116.3,1
8319.3,126.7,1
8319.4,119.4,1
8319.5,111.8,1
8319.7,140.9,1
8319.8,141.9,1
8325.0,132.6,1
8325.1,134.2,1
8325.2,146.6,1
8325.4,158.7,1
8325.6,158.4,1
8330.7,141.4,1
8330.8,138.8,1
8331.0,175.7,1
8331.2,142.3,1
8331.3,167.7,1
8336.5,123.5,1
8336.6,151.8,1
8336.7,129.7,1
8336.9,141.1,1
8337.0,147.0,1
8342.2,179.1,1
8342.4,139.6,1
8342.5,145.4,1
8342.7,177.1,1
8342.8,142.9,1
8348.0,131.2,1
8348.1,153.1,1
8348.3,141.0,1
8348.4,159.5,1
8348.6,140.7,1
8353.7,131.8,1
8353.8,127.3,1
8354.0,145.3,1
8354.1,110.7,1
8354.2,122.7,1
8359.3,139.1,1
8359.4,105.5,1
8359.6,148.0,1
8359.7,140.1,1
8359.9,130.4,1
8365.0,134.5,1
8365.1,128.1,1
8365.3,136.7,1
8365.4,94.2,1
8365.5,121.4,1
8370.6,138.3,1
8370.8,128.7,1
8370.9,137.0,1
8371.0,128.1,1
8371.1,124.6,1
8376.3,139.4,1
8376.4,143.5,1
8376.6,145.6,1
8376.7,141.4,1
8376.9,141.3,1
8382.0,146.0,1
8382.2,136.1,1
8382.3,152.2,1
8382.5,165.4,1
8382.6,140.0,1
8387.8,157.8,1
8387.9,141.9,1
8388.1,155.0,1
8388.2,142.8,1
8388.3,137.6,1
8393.5,133.3,1
8393.6,146.8,1
8393.8,142.4,1
8393.9,161.8,1
8394.1,158.2,1
8399.2,106.7,1
8399.3,100.8,1
8399.4,133.2,1
8399.6,115.0,1
8399.7,134.7,1
8404.8,132.3,1
8404.9,119.0,1
8405.0,99.5,1
8405.2,147.5,1
8405.3,136.7,1
8410.4,100.9,1
8410.6,116.4,1
8410.7,131.0,1
8410.8,100.2,1
8410.9,114.3,1
8416.0,144.6,1
8416.2,150.0,1
8416.3,146.0,1
8416.5,144.9,1
8416.6,141.5,1
8421.8,150.3,1
8421.9,144.4,1
8422.1,131.8,1
8422.2,141.8,1
8422.3,138.4,1
8427.5,152.5,1
8427.6,140.3,1
8427.8,146.9,1
8427.9,125.8,1
8428.0,126.0,1
8433.2,147.4,1
8433.3,101.2,1
8433.4,120.1,1
8433.5,132.2,1
8433.7,142.3,1
8438.8,98.0,1
8438.9,112.4,1
8439.0,126.0,1
8439.1,104.1,1
8439.2,100.2,1
8444.3,112.5,1
8444.5,126.8,1
8444.6,127.2,1
8444.7,112.8,1
8444.8,135.9,1
8450.0,126.0,1
8450.1,116.6,1
8450.2,125.8,1
8450.4,151.8,1
8450.5,147.3,1
8455.7,145.1,1
8455.8,134.6,1
8455.9,137.4,1
8456.1,163.1,1
8456.2,139.1,1
8461.4,136.3,1
8461.5,143.1,1
8461.7,148.9,1
8461.8,139.2,1
8462.0,137.5,1
8467.1,127.7,1
8467.2,146.3,1
8467.4,154.3,1
8467.5,142.3,1
8467.7,144.4,1
8472.8,156.5,1
8473.0,162.4,1
8473.2,189.5,1
8473.3,151.4,1
8473.5,156.6,1
8478.6,145.2,1
8478.8,127.7,1
8478.9,151.4,1
8479.1,133.1,1
8479.2,135.7,1
8484.3,114.2,1
8484.4,115.0,1
8484.6,135.7,1
8484.7,151.6,1
8484.9,154.6,1
8490.0,107.9,1
8490.1,101.0,1
8490.2,149.6,1
8490.4,126.9,1
8490.5,119.4,1
8495.6,97.8,1
8495.7,98.1,1
8495.8,96.6,1
8495.9,122.9,1
8496.0,119.5,1
8501.2,136.7,1
8501.3,120.8,1
8501.4,128.2,1
8501.5,129.0,1
8501.6,95.3,1
8506.8,153.7,1
8506.9,137.9,1
8507.1,138.9,1
8507.2,145.3,1
8507.3,133.9,1
8512.5,164.6,1
8512.6,138.9,1
8512.8,140.1,1
8512.9,136.4,1
8513.1,148.9,1
8518.2,144.5,1
8518.4,151.0,1
8518.5,131.7,1
8518.7,148.9,1
8518.8,140.2,1
8524.0,151.1,1
8524.1,131.3,1
8524.2,138.5,1
8524.4,133.4,1
8524.5,144.5,1
8529.6,110.4,1
8529.7,116.1,1
8529.9,143.9,1
8530.0,132.7,1
8530.1,97.0,1
8535.2,130.5,1
8535.4,139.7,1
8535.5,101.0,1
8535.6,133.3,1
8535.7,116.0,1
8540.8,109.4,1
8540.9,94.2,1
8541.1,125.6,1
8541.2,128.2,1
8541.3,139.0,1
8546.4,100.3,1
8546.6,143.3,1
8546.7,98.6,1
8546.8,137.6,1
8546.9,117.2,1
8552.1,137.7,1
8552.2,132.4,1
8552.4,145.4,1
8552.5,151.1,1
8552.7,154.6,1
8557.8,161.3,1
8557.9,117.5,1
8558.1,122.2,1
8558.2,138.0,1
8558.3,127.0,1
8563.5,145.3,1
8563.6,131.0,1
8563.8,137.2,1
8563.9,146.1,1
8564.0,133.0,1
8569.2,163.0,1
8569.3,146.7,1
8569.5,143.7,1
8569.6,139.6,1
8569.8,157.9,1
8574.9,143.8,1
8575.1,134.5,1
8575.2,129.4,1
8575.3,147.0,1
8575.5,112.3,1
8580.6,112.3,1
8580.7,104.8,1
8580.8,145.7,1
8580.9,122.2,1
8581.1,112.1,1
8586.2,141.9,1
8586.3,122.6,1
8586.5,138.1,1
8586.6,125.4,1
8586.7,137.7,1
8591.9,147.5,1
8592.0,101.6,1
8592.1,137.4,1
8592.3,149.4,1
8592.4,140.8,1
8597.5,110.0,1
8597.7,130.1,1
8597.8,139.2,1
8597.9,143.8,1
8598.1,152.6,1
8603.2,154.7,1
8603.4,144.4,1
8603.5,145.7,1
8603.7,152.1,1
8603.8,159.2,1
8609.0,139.2,1
8609.1,138.0,1
8609.3,139.1,1
8609.4,135.5,1
8609.5,138.4,1
8614.7,148.4,1
8614.9,163.8,1
8615.0,145.1,1
8615.2,149.8,1
8615.3,127.8,1
8620.4,108.1,1
8620.5,143.4,1
8620.7,150.1,1
8620.8,96.0,1
8620.9,133.3,1
8626.0,102.1,1
8626.2,140.3,1
8626.3,144.1,1
8626.4,114.6,1
8626.6,123.5,1
8631.7,143.6,1
8631.8,120.0,1
8631.9,124.8,1
8632.1,132.4,1
8632.2,100.6,1
8637.3,113.6,1
8637.4,147.2,1
8637.6,138.8,1
8637.7,122.8,1
8637.8,95.2,1
8642.9,127.0,1
8643.1,154.0,1
8643.2,136.3,1
8643.4,143.8,1
8643.5,142.0,1
8648.6,100.1,1
8648.8,141.3,1
8648.9,144.5,1
8649.0,129.3,1
8649.2,159.1,1
8654.3,137.3,1
8654.5,147.2,1
8654.6,144.9,1
8654.8,136.8,1
8654.9,134.3,1
8660.0,144.8,1
8660.2,136.4,1
8660.3,136.5,1
8660.5,152.7,1
8660.6,144.6,1
8665.8,142.3,1
8665.9,96.2,1
8666.0,135.3,1
8666.1,105.8,1
8666.2,118.2,1
8671.4,149.1,1
8671.5,119.2,1
8671.6,124.7,1
8671.7,124.4,1
8671.9,144.9,1
8677.0,133.6,1
8677.2,158.9,1
8677.3,132.6,1
8677.4,121.5,1
8677.6,132.4,1
8682.7,121.5,1
8682.8,141.7,1
8682.9,112.9,1
8683.1,132.7,1
8683.2,168.7,1
8688.4,150.2,1
8688.5,134.6,1
8688.7,139.2,1
8688.8,146.5,1
8689.0,150.4,1
8694.1,128.1,1
8694.2,128.1,1
8694.4,143.0,1
8694.5,137.3,1
8694.6,135.9,1
8699.8,148.4,1
8700.0,159.3,1
8700.1,148.6,1
8700.3,147.0,1
8700.4,136.7,1
8705.5,143.0,1
8705.7,147.3,1
8705.9,182.0,1
8706.0,141.8,1
8706.2,136.4,1
8711.3,127.5,1
8711.4,123.8,1
8711.5,130.6,1
8711.7,141.8,1
8711.8,127.7,1
8716.9,131.5,1
8717.1,135.5,1
8717.2,139.1,1
8717.3,134.2,1
8717.5,142.9,1
8722.6,143.7,1
8722.7,104.0,1
8722.8,93.4,1
8723.0,133.5,1
8723.1,101.4,1
8728.2,143.2,1
8728.3,103.7,1
8728.4,113.5,1
8728.6,123.9,1
8728.7,116.2,1
8733.9,184.6,1
8734.0,133.3,1
8734.2,175.5,1
8734.3,149.0,1
8734.5,151.4,1
8739.6,124.1,1
8739.7,135.3,1
8739.9,135.2,1
8740.0,136.5,1
8740.1,141.8,1
8745.3,138.0,1
8745.4,144.1,1
8745.6,133.7,1
8745.7,140.4,1
8745.8,138.7,1
8751.0,130.6,1
8751.2,166.8,1
8751.3,130.2,1
8751.4,147.9,1
8751.6,143.0,1
8756.7,120.6,1
8756.8,108.8,1
8756.9,99.4,1
8757.0,140.4,1
8757.2,134.0,1
8762.3,101.4,1
8762.4,124.0,1
8762.5,126.3,1
8762.7,141.8,1
8762.8,137.2,1
8767.9,105.6,1
8768.1,162.4,1
8768.2,130.7,1
8768.4,144.3,1
8768.5,122.6,1
8773.6,146.8,1
8773.8,133.0,1
8773.9,136.6,1
8774.0,113.5,1
8774.2,155.0,1
8779.3,102.6,1
8779.4,156.8,1
8779.6,150.7,1
8779.7,142.7,1
8779.9,143.4,1
8785.0,135.4,1
8785.2,149.8,1
8785.3,151.0,1
8785.4,117.7,1
8785.6,136.8,1
8790.7,114.6,1
8790.8,136.2,1
8791.0,128.6,1
8791.1,112.7,1
8791.2,140.0,1
8796.3,116.6,1
8796.5,172.4,1
8796.6,135.8,1
8796.8,133.8,1
8796.9,132.6,1
8802.0,105.4,1
8802.1,118.1,1
8802.3,133.9,1
8802.4,134.5,1
8802.5,142.2,1
8807.7,144.8,1
8807.8,136.5,1
8808.0,148.8,1
8808.1,156.6,1
8808.3,129.2,1
8813.4,127.0,1
8813.5,123.7,1
8813.7,142.5,1
8813.8,136.5,1
8813.9,136.0,1
8819.0,94.1,1
8819.2,119.9,1
8819.3,132.6,1
8819.4,149.0,1
8819.5,99.8,1
8824.7,139.2,1
8824.8,148.5,1
8825.0,140.2,1
8825.1,146.0,1
8825.2,127.6,1
8830.4,109.8,1
8830.5,143.9,1
8830.6,139.5,1
8830.8,148.4,1
8830.9,151.2,1
8836.1,144.2,1
8836.2,136.4,1
8836.4,138.9,1
8836.5,155.7,1
8836.6,128.5,1
8841.8,133.2,1
8841.9,140.0,1
8842.1,135.9,1
8842.2,113.0,1
8842.3,143.3,1
8847.4,125.1,1
8847.6,134.0,1
8847.7,136.4,1
8847.9,151.4,1
8848.0,123.3,1
8853.1,129.8,1
8853.3,135.6,1
8853.4,137.4,1
8853.5,131.3,1
8853.7,121.2,1
8858.8,135.2,1
8858.9,105.1,1
8859.0,110.8,1
8859.2,148.5,1
8859.3,146.6,1
8864.5,147.8,1
8864.6,123.7,1
8864.7,130.6,1
8864.9,142.4,1
8865.0,124.5,1
8870.1,145.7,1
8870.3,128.1,1
8870.4,140.9,1
8870.5,132.7,1
8870.7,147.3,1
8875.8,139.0,1
8876.0,143.8,1
8876.1,165.4,1
8876.3,154.1,1
8876.5,186.2,1
8881.6,154.4,1
8881.8,137.9,1
8881.9,153.2,1
8882.1,148.5,1
8882.2,117.2,1
8887.3,144.4,1
8887.5,157.0,1
8887.6,136.9,1
8887.8,143.1,1
8887.9,129.5,1
8893.0,98.3,1
8893.1,133.1,1
8893.3,149.7,1
8893.4,125.9,1
8893.6,136.2,1
8898.7,112.4,1
8898.8,134.3,1
8898.9,143.8,1
8899.1,127.5,1
8899.2,153.9,1
8904.4,148.1,1
8904.5,134.9,1
8904.6,131.7,1
8904.8,132.4,1
8904.9,142.5,1
8910.1,145.7,1
8910.2,140.4,1
8910.4,157.6,1
8910.5,144.7,1
8910.7,147.3,1
8915.8,175.6,1
8916.0,146.3,1
8916.1,134.7,1
8916.3,135.0,1
8916.4,125.2,1
8921.5,138.2,1
8921.7,148.8,1
8921.8,127.8,1
8921.9,144.7,1
8922.1,142.0,1
8927.2,154.8,1
8927.4,136.4,1
8927.5,134.1,1
8927.7,133.3,1
8927.8,137.7,1
8932.9,150.3,1
8933.1,138.6,1
8933.2,146.2,1
8933.4,134.2,1
8933.5,135.5,1
8938.6,144.8,1
8938.8,118.2,1
8938.9,108.1,1
8939.0,142.3,1
8939.2,136.5,1
8944.3,135.4,1
8944.4,99.7,1
8944.5,129.1,1
8944.7,128.0,1
8944.8,115.2,1
8949.9,133.2,1
8950.0,120.3,1
8950.1,98.1,1
8950.3,133.4,1
8950.4,132.8,1
8955.5,131.0,1
8955.6,124.1,1
8955.8,148.0,1
8955.9,147.5,1
8956.1,111.0,1
8961.2,137.3,1
8961.3,135.4,1
8961.5,141.8,1
8961.6,142.3,1
8961.8,152.4,1
8966.9,127.5,1
8967.0,139.5,1
8967.2,151.0,1
8967.3,141.9,1
8967.5,130.7,1
8972.6,145.2,1
8972.8,137.3,1
8972.9,137.5,1
8973.0,162.4,1
8973.2,134.4,1
8978.3,151.7,1
8978.5,140.5,1
8978.6,140.3,1
8978.7,121.1,1
8978.9,140.4,1
8984.0,137.1,1
8984.1,113.8,1
8984.3,126.1,1
8984.4,131.4,1
8984.5,105.7,1
8989.6,105.3,1
8989.7,114.2,1
8989.9,144.4,1
8990.0,125.4,1
8990.1,130.9,1
8995.3,119.0,1
8995.4,143.3,1
8995.5,141.1,1
8995.7,143.4,1
8995.8,140.8,1
9000.9,126.5,1
9001.1,143.5,1
9001.2,139.0,1
9001.4,149.6,1
9001.5,154.2,1
9006.7,166.2,1
9006.9,156.0,1
9007.0,157.7,1
9007.2,168.9,1
9007.3,149.9,1
9012.5,134.4,1
9012.6,110.8,1
9012.7,136.7,1
9012.9,144.1,1
9013.0,137.6,1
9018.2,143.7,1
9018.3,151.9,1
9018.4,138.7,1
9018.6,153.0,1
9018.7,118.9,1
9023.9,153.8,1
9024.0,131.8,1
9024.2,153.2,1
9024.3,111.0,1
9024.4,133.6,1
9029.5,134.6,1
9029.7,139.7,1
9029.8,133.0,1
9029.9,99.6,1
9030.0,114.4,1
9035.2,127.9,1
9035.3,94.3,1
9035.4,137.9,1
9035.5,120.6,1
9035.6,98.3,1
9040.8,129.5,1
9040.9,143.6,1
9041.0,145.9,1
9041.2,130.5,1
9041.3,127.3,1
9046.4,138.1,1
9046.6,126.9,1
9046.7,130.6,1
9046.9,148.0,1
9047.0,121.5,1
9052.1,141.6,1
9052.2,129.2,1
9052.4,137.7,1
9052.5,138.1,1
9052.7,146.5,1
9057.8,138.1,1
9057.9,135.8,1
9058.1,119.2,1
9058.2,123.3,1
9058.3,141.0,1
9063.5,133.6,1
9063.6,106.3,1
9063.7,132.2,1
9063.8,129.1,1
9064.0,147.0,1
9069.1,112.9,1
9069.2,119.2,1
9069.3,115.8,1
9069.5,144.5,1
9069.6,112.9,1
9074.7,119.6,1
9074.8,93.7,1
9075.0,147.2,1
9075.1,133.1,1
9075.2,153.1,1
9080.4,126.8,1
9080.5,117.0,1
9080.6,140.4,1
9080.8,154.1,1
9080.9,119.6,1
9086.0,98.6,1
9086.2,143.3,1
9086.3,115.8,1
9086.4,112.7,1
9086.5,141.9,1
9091.7,137.0,1
9091.8,114.7,1
9091.9,126.6,1
9092.1,177.2,1
9092.2,147.5,1
9097.4,120.8,1
9097.5,135.1,1
9097.6,135.3,1
9097.8,119.9,1
9097.9,137.7,1
9103.0,135.2,1
9103.2,152.9,1
9103.3,137.1,1
9103.4,128.3,1
9103.6,147.3,1
9108.7,148.3,1
9108.9,144.4,1
9109.1,197.0,1
9109.2,152.6,1
9109.4,185.8,1
9114.5,96.0,1
9114.6,118.7,1
9114.8,132.9,1
9114.9,109.2,1
9115.0,126.4,1
9120.2,133.2,1
9120.3,149.8,1
9120.4,97.1,1
9120.5,118.4,1
9120.6,129.9,1
9125.8,138.1,1
9125.9,129.9,1
9126.1,144.4,1
9126.2,132.6,1
9126.3,148.4,1
9131.5,158.1,1
9131.7,162.3,1
9131.8,150.2,1
9131.9,116.8,1
9132.1,134.2,1
9137.2,129.2,1
9137.4,148.3,1
9137.5,153.7,1
9137.6,124.0,1
9137.8,128.2,1
9142.9,142.0,1
9143.0,134.2,1
9143.2,122.3,1
9143.3,145.7,1
9143.4,136.6,1
9148.6,123.1,1
9148.7,143.0,1
9148.9,147.9,1
9149.0,134.9,1
9149.1,128.5,1
9154.3,119.6,1
9154.4,133.2,1
9154.5,140.6,1
9154.7,150.8,1
9154.8,146.7,1
9160.0,126.9,1
9160.1,134.8,1
9160.2,151.9,1
9160.4,125.2,1
9160.5,145.6,1
9165.6,129.3,1
9165.8,143.2,1
9165.9,109.2,1
9166.0,129.7,1
9166.1,113.8,1
9171.3,129.6,1
9171.4,127.9,1
9171.5,113.4,1
9171.7,148.5,1
9171.8,96.9,1
9176.9,99.4,1
9177.0,139.4,1
9177.2,145.9,1
9177.3,113.2,1
9177.4,112.3,1
9182.5,137.7,1
9182.7,148.2,1
9182.8,134.4,1
9182.9,136.2,1
9183.1,124.3,1
9188.2,143.3,1
9188.3,135.4,1
9188.5,152.6,1
9188.6,146.4,1
9188.8,136.8,1
9193.9,124.5,1
9194.0,135.2,1
9194.2,150.1,1
9194.3,143.9,1
9194.5,139.9,1
9199.6,148.3,1
9199.8,147.0,1
9199.9,137.0,1
9200.0,132.1,1
9200.2,141.5,1
9205.3,137.0,1
9205.5,133.6,1
9205.6,136.4,1
9205.7,120.4,1
9205.9,139.9,1
9211.0,127.3,1
9211.2,157.0,1
9211.3,127.2,1
9211.4,147.4,1
9211.5,107.5,1
9216.7,142.6,1
9216.8,112.6,1
9216.9,97.0,1
9217.0,143.0,1
9217.2,120.9,1
9222.3,138.3,1
9222.4,130.4,1
9222.6,133.0,1
9222.7,135.1,1
9222.8,110.3,1
9227.9,135.9,1
9228.1,134.3,1
9228.2,140.3,1
9228.4,147.5,1
9228.5,165.3,1
9233.7,145.5,1
9233.8,145.4,1
9234.0,146.9,1
9234.1,134.9,1
9234.2,136.8,1
9239.4,157.9,1
9239.6,149.4,1
9239.7,148.2,1
9239.8,134.6,1
9240.0,151.4,1
9245.1,133.9,1
9245.3,136.7,1
9245.4,151.9,1
9245.6,136.0,1
9245.7,121.7,1
9250.8,100.1,1
9250.9,148.7,1
9251.1,145.8,1
9251.2,109.7,1
9251.3,139.2,1
9256.5,128.6,1
9256.6,149.0,1
9256.8,153.0,1
9256.9,135.7,1
9257.0,139.7,1
9262.2,145.0,1
9262.3,145.4,1
9262.5,146.7,1
9262.6,156.5,1
9262.7,99.7,1
9267.8,99.3,1
9268.0,129.6,1
9268.1,125.9,1
9268.2,97.5,1
9268.3,146.9,1
9273.5,138.7,1
9273.6,143.8,1
9273.8,145.4,1
9273.9,148.8,1
9274.1,154.1,1
9279.2,119.8,1
9279.3,142.8,1
9279.5,131.2,1
9279.6,139.9,1
9279.8,142.2,1
9284.9,132.3,1
9285.0,140.5,1
9285.2,135.6,1
9285.3,127.4,1
9285.4,141.6,1
9290.6,117.1,1
9290.7,136.9,1
9290.8,141.9,1
9291.0,138.2,1
9291.1,119.6,1
9296.2,99.4,1
9296.3,104.5,1
9296.4,123.2,1
9296.6,132.1,1
9296.7,112.2,1
9301.8,105.0,1
9301.9,149.9,1
9302.1,120.9,1
9302.2,97.3,1
9302.3,97.2,1
9307.4,131.5,1
9307.5,144.8,1
9307.6,94.1,1
9307.7,109.9,1
9307.9,123.1,1
9313.0,113.2,1
9313.1,132.9,1
9313.3,145.5,1
9313.4,135.2,1
9313.5,122.5,1
9318.7,151.8,1
9318.8,138.4,1
9318.9,119.5,1
9319.1,153.6,1
9319.2,139.1,1
9324.4,141.8,1
9324.5,155.1,1
9324.7,152.3,1
9324.8,152.1,1
9325.0,169.7,1
9330.1,130.4,1
9330.3,142.2,1
9330.4,150.5,1
9330.6,148.2,1
9330.7,126.5,1
9335.8,139.2,1
9336.0,145.9,1
9336.1,131.1,1
9336.3,130.7,1
9336.4,170.7,1
9341.5,96.6,1
9341.7,140.3,1
9341.8,125.0,1
9341.9,135.4,1
9342.1,139.6,1
9347.2,111.9,1
9347.3,163.1,1
9347.5,120.3,1
9347.6,152.2,1
9347.7,133.0,1
9352.9,116.6,1
9353.0,126.8,1
9353.1,134.1,1
9353.2,92.6,1
9353.3,112.0,1
9358.5,132.4,1
9358.6,132.8,1
9358.7,103.1,1
9358.8,137.1,1
9359.0,137.2,1
9364.1,118.0,1
9364.3,150.6,1
9364.4,130.0,1
9364.5,148.7,1
9364.7,171.1,1
9369.9,151.7,1
9370.0,150.6,1
9370.2,183.3,1
9370.3,149.8,1
9370.5,136.8,1
9375.7,167.0,1
9375.8,159.2,1
9376.0,172.7,1
9376.1,156.4,1
9376.3,159.6,1
9381.4,138.0,1
9381.6,139.6,1
9381.7,141.7,1
9381.9,142.8,1
9382.0,135.8,1
9387.2,145.6,1
9387.3,160.2,1
9387.5,154.6,1
9387.6,142.8,1
9387.8,140.2,1
9392.9,137.1,1
9393.0,103.4,1
9393.1,125.8,1
9393.2,102.7,1
9393.4,127.5,1
9398.5,116.2,1
9398.6,136.3,1
9398.7,104.9,1
9398.9,153.8,1
9399.0,94.7,1
9404.1,108.6,1
9404.2,143.8,1
9404.4,145.7,1
9404.5,128.9,1
9404.6,135.0,1
9409.8,146.6,1
9409.9,153.7,1
9410.1,133.7,1
9410.2,133.0,1
9410.3,135.4,1
9415.5,141.5,1
9415.6,126.5,1
9415.8,138.1,1
9415.9,145.6,1
9416.1,157.4,1
9421.2,150.3,1
9421.4,140.5,1
9421.5,136.3,1
9421.6,137.1,1
9421.8,153.0,1
9426.9,128.8,1
9427.0,137.6,1
9427.2,123.8,1
9427.3,133.7,1
9427.4,143.8,1
9432.6,126.1,1
9432.7,129.5,1
9432.8,131.8,1
9433.0,143.0,1
9433.1,145.4,1
9438.2,105.9,1
9438.4,136.9,1
9438.5,125.8,1
9438.6,118.4,1
9438.7,128.2,1
9443.9,120.9,1
9444.0,152.0,1
9444.2,127.1,1
9444.3,126.0,1
9444.4,128.0,1
9449.5,122.5,1
9449.7,132.2,1
9449.8,138.9,1
9450.0,148.6,1
9450.1,144.3,1
9455.2,145.8,1
9455.4,140.4,1
9455.5,143.3,1
9455.7,132.3,1
9455.8,133.8,1
9460.9,140.2,1
9461.1,133.3,1
9461.2,134.1,1
9461.3,125.7,1
9461.5,145.8,1
9466.6,150.6,1
9466.8,111.7,1
9466.9,133.9,1
9467.0,137.7,1
9467.1,125.2,1
9472.3,140.2,1
9472.4,153.5,1
9472.6,150.5,1
9472.7,144.2,1
9472.9,128.1,1
9478.0,130.8,1
9478.1,137.9,1
9478.3,131.9,1
9478.4,133.3,1
9478.5,106.7,1
9483.6,127.5,1
9483.8,122.5,1
9483.9,147.3,1
9484.0,124.6,1
9484.2,146.4,1
9489.3,94.0,1
9489.4,138.6,1
9489.5,127.2,1
9489.6,95.2,1
9489.8,127.9,1
9494.9,130.1,1
9495.0,127.8,1
9495.1,98.7,1
9495.3,148.5,1
9495.4,134.3,1
9500.6,132.3,1
9500.7,139.0,1
9500.8,157.9,1
9501.0,171.1,1
9501.2,149.7,1
9506.3,137.5,1
9506.5,141.6,1
9506.6,168.9,1
9506.8,139.9,1
9506.9,145.7,1
9512.0,106.5,1
9512.2,133.6,1
9512.3,135.6,1
9512.4,155.0,1
9512.6,134.7,1
9517.7,145.3,1
9517.9,136.5,1
9518.0,149.8,1
9518.2,146.3,1
9518.3,143.8,1
9523.4,106.2,1
9523.6,147.2,1
9523.7,112.9,1
9523.8,136.2,1
9524.0,150.7,1
9529.1,104.5,1
9529.2,112.7,1
9529.3,116.3,1
9529.4,146.9,1
9529.6,147.1,1
9534.7,142.5,1
9534.9,121.9,1
9535.0,145.9,1
9535.1,130.8,1
9535.3,144.7,1
9540.4,143.8,1
9540.6,140.6,1
9540.7,122.7,1
9540.8,132.5,1
9541.0,121.1,1
9546.1,121.6,1
9546.2,138.7,1
9546.4,135.8,1
9546.5,148.0,1
9546.6,144.0,1
9551.8,137.8,1
9551.9,135.4,1
9552.1,145.8,1
9552.2,118.9,1
9552.4,184.6,1
9557.5,131.6,1
9557.7,152.7,1
9557.8,140.9,1
9557.9,139.7,1
9558.1,151.3,1
9563.2,140.3,1
9563.4,157.0,1
9563.5,127.4,1
9563.7,135.5,1
9563.8,143.9,1
9568.9,94.8,1
9569.0,110.4,1
9569.2,146.8,1
9569.3,123.7,1
9569.4,110.4,1
9574.5,105.2,1
9574.6,116.0,1
9574.7,107.3,1
9574.8,100.2,1
9575.0,129.4,1
9580.1,139.6,1
9580.2,142.3,1
9580.4,123.2,1
9580.5,145.7,1
9580.7,143.9,1
9585.8,140.1,1
9585.9,119.2,1
9586.1,141.2,1
9586.2,141.4,1
9586.3,144.8,1
9591.5,121.3,1
9591.6,124.5,1
9591.7,149.0,1
9591.9,147.4,1
9592.0,146.0,1
9597.2,112.3,1
9597.3,139.8,1
9597.4,150.5,1
9597.6,149.3,1
9597.7,146.2,1
9602.9,135.3,1
9603.0,111.9,1
9603.1,133.2,1
9603.3,142.8,1
9603.4,150.4,1
9608.6,161.1,1
9608.7,135.1,1
9608.9,132.7,1
9609.0,130.4,1
9609.2,170.7,1
9614.3,144.2,1
9614.4,126.5,1
9614.6,121.4,1
9614.7,105.8,1
9614.8,94.5,1
9619.9,128.2,1
9620.0,132.7,1
9620.2,150.5,1
9620.3,102.1,1
9620.4,127.3,1
9625.5,132.1,1
9625.6,100.9,1
9625.8,146.2,1
9625.9,134.8,1
9626.0,132.3,1
9631.2,132.7,1
9631.3,144.8,1
9631.5,171.8,1
9631.7,168.7,1
9631.8,166.0,1
9637.0,147.4,1
9637.1,136.0,1
9637.3,137.7,1
9637.4,168.2,1
9637.6,163.6,1
9642.7,132.2,1
9642.9,142.6,1
9643.0,157.3,1
9643.2,147.3,1
9643.3,139.9,1
9648.5,185.4,1
9648.6,140.4,1
9648.8,145.4,1
9649.0,163.9,1
9649.1,156.8,1
9654.2,112.6,1
9654.4,124.2,1
9654.5,143.2,1
9654.6,132.7,1
9654.7,102.1,1
9659.9,119.6,1
9660.0,149.5,1
9660.1,99.7,1
9660.2,107.7,1
9660.4,136.7,1
9665.5,132.3,1
9665.6,116.4,1
9665.7,120.1,1
9665.8,99.2,1
9666.0,135.2,1
9671.1,94.7,1
9671.2,117.3,1
9671.3,144.1,1
9671.5,145.2,1
9671.6,124.4,1
9676.7,133.4,1
9676.9,139.1,1
9677.0,138.0,1
9677.1,134.7,1
9677.3,131.9,1
9682.4,131.7,1
9682.6,144.5,1
9682.7,172.9,1
9682.9,168.4,1
9683.0,142.7,1
9688.2,130.2,1
9688.3,140.2,1
9688.5,152.0,1
9688.6,143.5,1
9688.8,146.0,1
9693.9,138.3,1
9694.0,139.8,1
9694.2,147.4,1
9694.3,150.9,1
9694.5,144.6,1
9699.6,139.9,1
9699.7,102.2,1
9699.8,107.6,1
9700.0,140.3,1
9700.1,113.5,1
9705.2,113.0,1
9705.4,147.4,1
9705.5,135.1,1
9705.6,103.2,1
9705.7,142.8,1
9710.8,98.3,1
9711.0,145.5,1
9711.1,112.6,1
9711.2,139.2,1
9711.4,144.6,1
9716.5,133.1,1
9716.6,131.0,1
9716.8,168.4,1
9717.0,146.9,1
9717.1,148.2,1
9722.3,140.3,1
9722.4,140.2,1
9722.5,150.0,1
9722.7,128.8,1
9722.8,148.8,1
9728.0,148.5,1
9728.1,133.3,1
9728.2,115.4,1
9728.4,140.8,1
9728.5,155.9,1
9733.7,126.7,1
9733.8,169.4,1
9734.0,149.9,1
9734.1,141.6,1
9734.2,137.4,1
9739.4,124.0,1
9739.5,151.2,1
9739.7,147.9,1
9739.8,144.3,1
9740.0,139.8,1
9745.1,152.7,1
9745.3,140.7,1
9745.4,136.8,1
9745.5,152.3,1
9745.7,133.5,1
9750.8,119.8,1
9751.0,149.4,1
9751.1,120.6,1
9751.2,113.4,1
9751.3,145.0,1
9756.5,170.2,1
9756.6,99.3,1
9756.7,119.9,1
9756.8,112.2,1
9757.0,141.7,1
9762.1,134.3,1
9762.3,153.5,1
9762.4,149.3,1
9762.6,152.1,1
9762.7,150.0,1
9767.9,140.4,1
9768.0,131.8,1
9768.1,117.8,1
9768.3,148.3,1
9768.4,129.1,1
9773.5,138.0,1
9773.7,123.6,1
9773.8,131.7,1
9773.9,146.1,1
9774.1,133.5,1
9779.3,188.9,1
9779.4,156.5,1
9779.6,172.4,1
9779.8,169.3,1
9779.9,143.3,1
9785.0,121.8,1
9785.2,138.2,1
9785.3,101.9,1
9785.4,129.1,1
9785.5,137.7,1
9790.7,98.5,1
9790.8,125.8,1
9790.9,132.6,1
9791.0,106.3,1
9791.1,115.2,1
9796.3,141.4,1
9796.4,136.6,1
9796.5,100.2,1
9796.6,96.1,1
9796.8,144.8,1
9801.9,126.8,1
9802.0,128.8,1
9802.2,137.8,1
9802.3,142.1,1
9802.4,138.3,1
9807.6,120.8,1
9807.7,97.9,1
9807.8,133.2,1
9807.9,139.4,1
9808.1,139.3,1
9813.2,151.0,1
9813.3,126.7,1
9813.5,133.4,1
9813.6,141.0,1
9813.8,135.4,1
9818.9,137.3,1
9819.0,141.3,1
9819.2,118.7,1
9819.3,151.5,1
9819.5,143.0,1
9824.6,135.4,1
9824.7,141.3,1
9824.9,140.2,1
9825.0,137.5,1
9825.2,144.4,1
9830.3,120.3,1
9830.4,107.4,1
9830.5,138.4,1
9830.7,149.4,1
9830.8,132.2,1
9835.9,112.6,1
9836.1,136.2,1
9836.2,140.7,1
9836.3,136.7,1
9836.5,134.8,1
9841.6,114.0,1
9841.7,134.0,1
9841.9,135.8,1
9842.0,115.5,1
9842.1,135.0,1
9847.2,119.3,1
9847.4,131.4,1
9847.5,127.9,1
9847.6,143.1,1
9847.8,126.0,1
9852.9,123.4,1
9853.0,94.4,1
9853.1,107.6,1
9853.2,105.4,1
9853.3,138.4,1
9858.5,123.7,1
9858.6,156.1,1
9858.8,145.6,1
9858.9,144.0,1
9859.0,123.4,1
9864.2,162.7,1
9864.3,138.0,1
9864.5,131.2,1
9864.6,116.1,1
9864.7,135.4,1
9869.9,127.8,1
9870.0,134.8,1
9870.1,147.7,1
9870.3,136.4,1
9870.4,170.1,1
9875.6,139.4,1
9875.7,122.7,1
9875.8,132.3,1
9876.0,111.6,1
9876.1,138.1,1
9881.2,98.7,1
9881.3,121.5,1
9881.4,100.3,1
9881.6,145.5,1
9881.7,140.5,1
9886.8,139.0,1
9887.0,118.7,1
9887.1,126.8,1
9887.2,121.6,1
9887.3,96.7,1
9892.4,111.8,1
9892.5,116.8,1
9892.6,102.2,1
9892.8,138.4,1
9892.9,147.4,1
9898.0,105.1,1
9898.2,141.1,1
9898.3,116.3,1
9898.4,114.3,1
9898.6,150.2,1
9903.7,155.6,1
9903.9,143.3,1
9904.0,167.9,1
9904.2,145.9,1
9904.3,152.5,1
9909.5,162.3,1
9909.6,139.8,1
9909.8,175.1,1
9910.0,149.8,1
9910.1,153.7,1
9915.3,135.6,1
9915.4,147.5,1
9915.5,135.7,1
9915.7,134.6,1
9915.8,133.6,1
9920.9,104.3,1
9921.0,94.6,1
9921.1,127.5,1
9921.2,94.8,1
9921.3,99.9,1
9926.5,122.7,1
9926.6,139.4,1
9926.7,123.9,1
9926.8,120.3,1
9927.0,138.1,1
9932.1,122.2,1
9932.2,118.6,1
9932.4,138.2,1
9932.5,122.0,1
9932.6,98.0,1
9937.7,127.6,1
9937.9,136.3,1
9938.0,114.3,1
9938.1,99.7,1
9938.2,121.8,1
9943.3,97.7,1
9943.4,139.5,1
9943.6,135.9,1
9943.7,103.5,1
9943.8,112.3,1
9948.9,150.8,1
9949.1,149.5,1
9949.2,136.8,1
9949.4,144.3,1
9949.5,148.1,1
9954.7,146.9,1
9954.8,151.8,1
9955.0,147.8,1
9955.1,130.1,1
9955.2,124.9,1
9960.4,153.6,1
9960.5,154.7,1
9960.7,152.3,1
9960.8,132.1,1
9961.0,143.6,1
9966.1,140.8,1
9966.2,117.8,1
9966.4,139.0,1
9966.5,130.1,1
9966.6,119.9,1
9971.8,133.4,1
9971.9,108.8,1
9972.0,136.9,1
9972.1,106.9,1
9972.2,136.5,1
9977.4,119.3,1
9977.5,118.5,1
9977.6,136.8,1
9977.8,151.1,1
9977.9,130.0,1
9983.0,109.5,1
9983.2,135.5,1
9983.3,96.7,1
9983.4,137.1,1
9983.5,143.6,1
9988.7,148.3,1
9988.8,114.5,1
9988.9,127.9,1
9989.1,143.5,1
9989.2,138.0,1
9994.4,147.2,1
9994.5,145.1,1
9994.7,142.5,1
9994.8,127.5,1
9994.9,137.1,1
10000.1,135.6,1
10000.2,117.0,1
10000.3,147.8,1
10000.4,125.8,1
10000.6,120.6,1
10005.7,131.0,1
10005.9,157.0,1
10006.0,145.5,1
10006.1,139.8,1
10006.3,142.5,1
10011.4,137.4,1
10011.5,114.0,1
10011.7,112.0,1
10011.8,135.9,1
10011.9,154.2,1
10017.1,136.8,1
10017.2,109.8,1
10017.3,142.5,1
10017.4,105.5,1
10017.6,152.4,1
10022.7,115.2,1
10022.9,145.6,1
10023.0,171.7,1
10023.2,141.8,1
10023.3,118.6,1
10028.4,97.0,1
10028.5,97.7,1
10028.6,127.5,1
10028.7,108.0,1
10028.9,130.7,1
10034.0,138.8,1
10034.1,113.9,1
10034.2,97.4,1
10034.3,98.3,1
10034.4,103.7,1
10039.6,157.9,1
10039.7,131.3,1
10039.9,158.5,1
10040.0,153.5,1
10040.2,158.4,1
10045.3,140.9,1
10045.5,144.6,1
10045.6,138.2,1
10045.7,117.0,1
10045.9,151.3,1
10051.0,131.8,1
10051.2,144.5,1
10051.3,140.9,1
10051.5,150.0,1
10051.6,162.7,1
10056.8,166.5,1
10056.9,148.0,1
10057.0,104.4,1
10057.2,145.8,1
10057.3,132.4,1
10062.5,138.1,1
10062.6,95.3,1
10062.7,97.7,1
10062.7,93.0,1
10062.8,95.9,1
10067.9,99.3,1
10068.1,125.8,1
10068.2,151.5,1
10068.3,110.1,1
10068.5,128.0,1
10073.6,144.2,1
10073.7,120.0,1
10073.9,129.2,1
10074.0,130.1,1
10074.1,127.8,1
10079.2,116.3,1
10079.4,120.1,1
10079.5,130.6,1
10079.6,106.0,1
10079.7,140.0,1
10084.9,143.3,1
10085.0,132.7,1
10085.2,147.7,1
10085.3,136.9,1
10085.4,142.7,1
10090.6,120.2,1
10090.7,134.1,1
10090.8,135.0,1
10091.0,142.0,1
10091.1,148.7,1
10096.3,136.7,1
10096.4,147.1,1
10096.6,153.1,1
10096.7,135.6,1
10096.8,133.8,1
10102.0,158.1,1
10102.1,131.7,1
10102.3,128.3,1
10102.4,122.0,1
10102.5,161.2,1
10107.7,134.3,1
10107.8,141.5,1
10108.0,136.1,1
10108.1,104.8,1
10108.2,93.7,1
10113.3,142.9,1
10113.4,136.9,1
10113.6,110.5,1
10113.7,130.5,1
10113.8,136.5,1
10118.9,118.5,1
10119.0,97.7,1
10119.2,125.9,1
10119.3,128.3,1
10119.5,163.1,1
10124.6,149.6,1
10124.7,128.5,1
10124.9,145.5,1
10125.0,122.1,1
10125.1,124.8,1
10130.3,155.1,1
10130.4,143.5,1
10130.6,172.5,1
10130.7,126.9,1
10130.9,148.4,1
10136.0,140.6,1
10136.2,135.8,1
10136.3,134.2,1
10136.4,130.3,1
10136.6,138.1,1
10141.7,129.5,1
10141.9,146.3,1
10142.0,147.6,1
10142.1,137.6,1
10142.3,124.0,1
10147.4,117.9,1
10147.5,135.3,1
10147.6,94.5,1
10147.7,112.9,1
10147.8,120.2,1
10153.0,134.1,1
10153.1,108.9,1
10153.2,105.0,1
10153.3,104.6,1
10153.4,132.3,1
10158.6,138.7,1
10158.7,119.4,1
10158.8,112.4,1
10159.0,146.6,1
10159.1,133.4,1
10164.2,126.2,1
10164.3,129.3,1
10164.5,119.6,1
10164.6,144.3,1
10164.7,133.3,1
10169.9,115.4,1
10170.0,135.7,1
10170.1,118.7,1
10170.2,97.8,1
10170.4,155.3,1
10175.5,149.8,1
10175.6,123.5,1
10175.8,143.9,1
10175.9,150.2,1
10176.1,136.3,1
10181.2,121.6,1
10181.4,148.6,1
10181.5,137.4,1
10181.6,147.8,1
10181.8,148.4,1
10187.0,161.4,1
10187.1,154.6,1
10187.3,166.2,1
10187.5,175.3,1
10187.6,192.6,1
10192.8,134.4,1
10192.9,97.9,1
10193.0,124.3,1
10193.1,132.7,1
10193.3,138.1,1
10198.4,115.9,1
10198.5,124.4,1
10198.6,93.6,1
10198.7,131.2,1
10198.9,116.9,1
10204.0,160.5,1
10204.2,161.6,1
10204.4,167.3,1
10204.5,145.9,1
10204.6,143.9,1
10209.8,146.2,1
10209.9,94.4,1
10210.0,145.7,1
10210.2,149.7,1
10210.3,114.5,1
10215.4,129.8,1
10215.6,140.3,1
10215.7,131.1,1
10215.9,140.2,1
10216.0,141.2,1
10221.1,128.9,1
10221.3,142.9,1
10221.4,146.5,1
10221.6,144.6,1
10221.7,129.3,1
10226.8,131.7,1
10227.0,150.2,1
10227.1,127.3,1
10227.2,142.9,1
10227.4,151.0,1
10232.5,139.2,1
10232.7,112.2,1
10232.8,152.8,1
10233.0,145.0,1
10233.1,125.2,1
10238.2,107.3,1
10238.3,144.4,1
10238.5,136.2,1
10238.6,147.3,1
10238.8,138.3,1
10243.9,99.3,1
10244.0,121.8,1
10244.1,97.9,1
10244.2,135.4,1
10244.3,116.6,1
10249.5,140.1,1
10249.6,127.2,1
10249.7,109.3,1
10249.8,134.6,1
10250.0,142.0,1
10255.1,121.7,1
10255.2,121.3,1
10255.4,120.1,1
10255.5,148.1,1
10255.6,137.8,1
10260.8,126.2,1
10260.9,142.3,1
10261.1,148.1,1
10261.2,167.8,1
10261.4,142.0,1
10266.5,143.0,1
10266.7,129.6,1
10266.8,136.9,1
10266.9,129.0,1
10267.0,114.2,1
10272.2,139.6,1
10272.4,190.9,1
10272.5,167.3,1
10272.7,131.5,1
10272.8,126.9,1
10277.9,147.3,1
10278.1,138.9,1
10278.2,148.4,1
10278.4,137.8,1
10278.5,152.4,1
10283.7,136.2,1
10283.8,114.9,1
10283.9,137.0,1
10284.1,134.4,1
10284.2,135.4,1
10289.3,124.9,1
10289.4,118.9,1
10289.6,139.1,1
10289.7,150.5,1
10289.9,131.2,1
10295.0,130.9,1
10295.1,126.9,1
10295.3,136.7,1
10295.4,150.6,1
10295.5,126.2,1
10300.7,121.7,1
10300.8,106.3,1
10300.9,134.8,1
10301.0,106.0,1
10301.2,155.1,1
10306.3,130.3,1
10306.4,137.7,1
10306.6,135.5,1
10306.7,135.3,1
10306.8,133.6,1
10312.0,146.7,1
10312.2,166.3,1
10312.3,125.1,1
10312.4,166.9,1
10312.6,145.7,1
10317.8,169.8,1
10317.9,166.7,1
10318.1,199.1,1
10318.3,154.7,1
10318.5,258.1,1
10323.7,148.3,1
10323.8,134.0,1
10324.0,141.1,1
10324.1,148.8,1
10324.3,140.8,1
10329.4,140.3,1
10329.5,116.1,1
10329.6,119.4,1
10329.8,135.0,1
10329.9,137.5,1
10335.0,135.3,1
10335.2,119.4,1
10335.3,95.7,1
10335.4,107.9,1
10335.5,127.3,1
10340.6,133.4,1
10340.8,132.9,1
10340.9,142.6,1
10341.0,110.4,1
10341.2,137.8,1
10346.3,138.6,1
10346.4,125.6,1
10346.6,149.1,1
10346.7,138.0,1
10346.8,116.9,1
10352.0,128.2,1
10352.1,148.6,1
10352.2,120.2,1
10352.4,141.1,1
10352.5,151.7,1
10357.7,133.3,1
10357.8,135.9,1
10357.9,141.9,1
10358.1,135.3,1
10358.2,133.8,1
10363.4,134.7,1
10363.5,147.5,1
10363.6,141.2,1
10363.8,143.7,1
10363.9,159.9,1
10369.1,138.3,1
10369.2,141.0,1
10369.4,141.2,1
10369.5,160.6,1
10369.7,144.6,1
10374.8,109.4,1
10374.9,109.4,1
10375.0,118.5,1
10375.1,110.0,1
10375.3,128.8,1
10380.4,99.1,1
10380.5,113.5,1
10380.6,124.8,1
10380.7,126.8,1
10380.9,149.9,1
10386.0,93.9,1
10386.1,95.9,1
10386.2,118.5,1
10386.3,130.1,1
10386.5,132.9,1
10391.6,114.2,1
10391.7,104.6,1
10391.8,128.4,1
10392.0,144.0,1
10392.1,110.9,1
10397.2,135.6,1
10397.3,127.7,1
10397.5,139.1,1
10397.6,130.4,1
10397.7,132.8,1
10402.9,121.4,1
10403.0,140.7,1
10403.1,145.3,1
10403.3,125.9,1
10403.4,141.1,1
10408.5,127.5,1
10408.7,147.2,1
10408.8,135.4,1
10409.0,147.9,1
10409.1,135.9,1
10414.2,133.5,1
10414.4,146.1,1
10414.5,147.5,1
10414.7,134.6,1
10414.8,132.8,1
10420.0,141.3,1
10420.1,160.8,1
10420.2,111.2,1
10420.4,146.2,1
10420.5,120.5,1
10425.6,136.9,1
10425.8,132.9,1
10425.9,134.5,1
10426.0,120.8,1
10426.1,123.5,1
10431.3,112.9,1
10431.4,165.2,1
10431.6,146.8,1
10431.7,140.5,1
10431.9,145.4,1
10437.0,122.2,1
10437.1,119.8,1
10437.3,156.7,1
10437.4,113.2,1
10437.5,133.4,1
10442.7,135.5,1
10442.8,139.4,1
10442.9,148.1,1
10443.1,130.7,1
10443.2,120.9,1
10448.3,144.9,1
10448.5,164.5,1
10448.6,136.9,1
10448.8,156.5,1
10449.0,168.1,1
10454.1,135.1,1
10454.2,141.1,1
10454.4,135.5,1
10454.5,159.8,1
10454.7,141.7,1
10459.8,119.6,1
10460.0,151.2,1
10460.1,144.0,1
10460.3,155.0,1
10460.4,136.6,1
10465.5,128.7,1
10465.7,122.2,1
10465.8,99.8,1
10465.9,97.4,1
10466.0,143.8,1
10471.1,143.9,1
10471.3,110.2,1
10471.4,123.5,1
10471.5,115.9,1
10471.6,145.7,1
10476.8,119.4,1
10476.9,95.5,1
10477.0,106.6,1
10477.1,93.1,1
10477.2,96.2,1
10482.3,148.7,1
10482.4,101.7,1
10482.5,127.2,1
10482.7,136.2,1
10482.8,109.4,1
10487.9,125.2,1
10488.0,125.9,1
10488.2,137.3,1
10488.3,143.0,1
10488.5,147.8,1
10493.6,130.0,1
10493.7,147.3,1
10493.9,125.3,1
10494.0,137.6,1
10494.1,127.0,1
10499.3,144.3,1
10499.4,139.0,1
10499.6,146.8,1
10499.7,161.3,1
10499.9,142.5,1
10505.0,145.2,1
10505.1,118.5,1
10505.3,137.8,1
10505.4,128.1,1
10505.6,150.7,1
10510.7,96.8,1
10510.8,137.5,1
10510.9,117.8,1
10511.0,93.5,1
10511.1,126.6,1
10516.3,155.1,1
10516.4,124.5,1
10516.6,151.9,1
10516.7,123.6,1
10516.8,95.2,1
10521.9,111.7,1
10522.1,143.9,1
10522.2,119.6,1
10522.3,151.5,1
10522.4,99.1,1
10527.5,114.0,1
10527.7,128.6,1
10527.8,125.7,1
10527.9,115.8,1
10528.1,141.2,1
10533.2,103.2,1
10533.3,174.1,1
10533.5,157.4,1
10533.6,135.4,1
10533.8,143.1,1
10538.9,135.1,1
10539.0,136.0,1
10539.2,138.2,1
10539.3,134.2,1
10539.5,135.9,1
10544.6,134.9,1
10544.7,110.5,1
10544.8,127.2,1
10545.0,145.0,1
10545.2,173.8,1
10550.3,126.6,1
10550.4,123.3,1
10550.5,133.4,1
10550.6,101.4,1
10550.8,136.8,1
10555.9,129.4,1
10556.0,117.1,1
10556.2,134.3,1
10556.3,106.6,1
10556.4,139.1,1
10561.6,144.7,1
10561.7,175.4,1
10561.9,134.7,1
10562.0,128.8,1
10562.1,103.3,1
10567.2,121.9,1
10567.3,99.5,1
10567.4,105.7,1
10567.6,122.4,1
10567.7,115.5,1
10572.8,112.3,1
10572.9,135.3,1
10573.1,128.8,1
10573.2,118.3,1
10573.3,129.1,1
10578.5,179.7,1
10578.7,169.5,1
10578.9,232.8,1
10579.0,148.4,1
10579.2,177.5,1
10584.4,139.2,1
10584.5,134.7,1
10584.6,147.8,1
10584.8,132.9,1
10584.9,132.6,1
10590.1,148.8,1
10590.2,142.2,1
10590.4,151.9,1
10590.5,134.1,1
10590.6,144.2,1
10595.8,121.3,1
10595.9,142.0,1
10596.1,169.5,1
10596.2,143.9,1
10596.4,157.3,1
10601.5,115.8,1
10601.6,113.4,1
10601.7,129.2,1
10601.8,114.7,1
10602.0,128.3,1
10607.1,114.9,1
10607.2,145.0,1
10607.4,140.0,1
10607.5,141.0,1
10607.7,139.9,1
10612.8,125.3,1
10612.9,129.5,1
10613.0,126.1,1
10613.2,123.0,1
10613.3,129.1,1
10618.4,124.0,1
10618.5,100.6,1
10618.7,136.3,1
10618.8,127.7,1
10618.9,128.6,1
10624.1,148.9,1
10624.2,170.2,1
10624.4,146.3,1
10624.5,149.8,1
10624.7,141.7,1
10629.8,142.7,1
10630.0,126.1,1
10630.1,140.6,1
10630.2,139.3,1
10630.4,129.3,1
10635.5,134.2,1
10635.6,137.0,1
10635.8,153.2,1
10635.9,147.3,1
10636.1,140.7,1
10641.2,99.0,1
10641.3,116.7,1
10641.5,148.2,1
10641.6,115.2,1
10641.7,114.4,1
10646.8,126.9,1
10646.9,104.3,1
10647.0,125.5,1
10647.2,118.9,1
10647.3,126.0,1
10652.4,99.9,1
10652.5,113.0,1
10652.7,145.4,1
10652.8,116.4,1
10652.9,110.4,1
10658.0,133.1,1
10658.1,121.4,1
10658.3,134.2,1
10658.4,112.5,1
10658.5,112.4,1
10663.6,96.7,1
10663.7,138.1,1
10663.9,149.6,1
10664.0,121.1,1
10664.1,134.8,1
10669.3,122.8,1
10669.4,122.8,1
10669.5,146.4,1
10669.7,143.5,1
10669.8,145.3,1
10675.0,145.1,1
10675.1,142.1,1
10675.3,147.0,1
10675.4,124.6,1
10675.6,165.4,1
10680.7,139.0,1
10680.8,136.3,1
10681.0,139.3,1
10681.1,136.7,1
10681.3,152.0,1
10686.4,146.0,1
10686.6,138.8,1
10686.7,139.0,1
10686.8,146.5,1
10687.0,139.4,1
10692.1,130.9,1
10692.2,131.4,1
10692.4,115.0,1
10692.5,102.9,1
10692.6,98.7,1
10697.7,144.2,1
10697.8,129.2,1
10698.0,146.5,1
10698.1,135.4,1
10698.3,162.1,1
10703.4,141.0,1
10703.6,120.6,1
10703.7,145.5,1
10703.8,126.1,1
10703.9,123.8,1
10709.1,136.5,1
10709.2,141.1,1
10709.4,144.1,1
10709.5,131.3,1
10709.6,137.9,1
10714.8,119.9,1
10714.9,149.9,1
10715.0,129.8,1
10715.2,148.3,1
10715.3,128.5,1
10720.5,140.9,1
10720.6,122.6,1
10720.7,138.2,1
10720.9,138.9,1
10721.0,141.2,1
10726.2,149.2,1
10726.3,154.3,1
10726.5,154.2,1
10726.6,145.9,1
10726.8,167.1,1
10731.9,135.7,1
10732.0,101.0,1
10732.2,129.7,1
10732.3,111.8,1
10732.4,139.4,1
10737.5,105.0,1
10737.6,122.1,1
10737.8,142.6,1
10737.9,147.4,1
10738.0,112.6,1
10743.2,144.5,1
10743.3,135.7,1
10743.5,152.9,1
10743.6,117.1,1
10743.7,108.3,1
10748.8,95.1,1
10748.9,122.2,1
10749.0,96.1,1
10749.2,134.9,1
10749.3,121.7,1
10754.4,103.7,1
10754.5,151.5,1
10754.6,91.9,1
10754.7,105.1,1
10754.9,131.7,1
10760.0,135.5,1
10760.2,140.2,1
10760.3,135.2,1
10760.4,148.8,1
10760.6,153.9,1
10765.7,141.1,1
10765.9,148.2,1
10766.0,129.3,1
10766.1,120.2,1
10766.3,138.2,1
10771.4,111.1,1
10771.5,117.7,1
10771.7,148.7,1
10771.8,144.3,1
10771.9,139.9,1
10777.0,93.2,1
10777.2,118.2,1
10777.3,123.5,1
10777.4,100.9,1
10777.5,120.0,1
10782.6,119.0,1
10782.8,131.1,1
10782.9,131.7,1
10783.0,141.3,1
10783.2,132.0,1
10788.3,101.4,1
10788.4,118.4,1
10788.5,148.7,1
10788.7,151.2,1
10788.8,140.8,1
10793.9,95.4,1
10794.0,104.3,1
10794.2,134.8,1
10794.3,118.8,1
10794.4,110.4,1
10799.5,123.9,1
10799.6,121.0,1
10799.8,137.4,1
10799.9,121.8,1
10800.0,120.4,1
