1791599440.900 0 25.850
1791599440.901 8 24.033
1791599440.902 16 24.670
1791599440.903 24 24.098
1791599440.904 32 23.505
1791599440.905 40 22.909
1791599440.906 5 29.251
1791599440.907 6 30.179
1791599440.908 13 30.931
1791599440.909 14 31.916
1791599440.910 21 31.710
1791599440.911 22 32.544
1791599440.912 29 32.145
1791599440.913 30 32.949
1791599440.914 37 32.553
1791599440.915 38 33.364
1791599440.916 45 32.877
1791599440.917 46 33.811
1791599440.918 1 41.641
1791599440.919 3 42.474
1791599440.920 9 43.121
1791599440.921 11 44.073
1791599440.922 17 44.614
1791599440.923 19 45.179
1791599440.924 25 45.026
1791599440.925 27 45.631
1791599440.926 33 45.435
1791599440.927 35 46.039
1791599440.928 41 45.842
1791599440.929 43 46.355
1791599440.931 48 45.844
1791599440.932 56 46.500
1791599440.933 64 46.084
1791599440.934 72 45.505
1791599440.935 80 44.912
1791599440.936 49 50.828
1791599440.937 51 51.745
1791599440.938 57 52.526
1791599440.939 59 53.217
1791599440.940 65 52.944
1791599440.941 67 53.560
1791599440.942 73 53.363
1791599440.943 75 53.967
1791599440.944 81 53.752
1791599440.945 83 54.373
1791599440.946 53 60.699
1791599440.947 54 61.657
1791599440.948 61 61.772
1791599440.949 62 62.579
1791599440.950 69 62.194
1791599440.951 70 62.999
1791599440.952 77 62.605
1791599440.953 78 63.400
1791599440.957 85 63.206
1791599440.958 86 64.103
1791599440.959 93 64.592
1791599440.960 94 65.547
1791599440.961 101 66.191
1791599440.962 102 67.154
1791599440.963 109 67.221
1791599440.965 110 68.995
1791599440.966 117 68.605
1791599440.967 118 69.102
1791599440.968 125 68.630
1791599440.969 126 69.583
1791599440.970 133 63.652
1791599440.971 134 64.583
1791599440.972 141 65.246
1791599440.973 142 66.218
1791599440.974 149 66.979
1791599440.975 150 67.951
1791599440.976 157 68.702
1791599440.977 158 69.673
1791599440.978 165 70.392
1791599440.979 166 71.354
1791599440.980 173 71.487
1791599440.981 174 72.302
1791599440.982 181 71.940
1791599440.983 182 72.744
1791599440.984 189 70.974
1791599440.985 190 71.899
1791599440.986 197 71.498
1791599440.987 198 72.456
1791599440.988 205 73.134
1791599440.989 206 73.575
1791599440.990 213 73.596
1791599440.991 214 74.365
1791599440.992 221 73.932
1791599440.993 222 72.949
1791599440.994 229 73.378
1791599440.995 230 74.329
1791599440.996 237 74.777
1791599440.997 238 75.575
1791599440.998 245 74.544
1791599440.999 246 75.504
1791599441.000 253 75.666
1791599441.001 254 76.417
1791599441.002 261 75.291
1791599441.003 262 76.207
1791599441.004 269 76.492
1791599441.005 270 77.224
1791599441.006 277 76.832
1791599441.007 278 77.661
1791599441.009 285 78.086
1791599441.010 286 78.885
1791599441.011 293 77.443
1791599441.012 294 78.406
1791599441.013 301 78.741
1791599441.014 302 79.681
1791599441.015 309 79.239
1791599441.016 310 80.172
1791599441.017 317 79.519
1791599441.018 318 80.497
1791599441.019 325 80.155
1791599441.020 326 80.941
1791599441.021 333 79.966
1791599441.022 334 80.901
1791599441.023 341 79.905
1791599441.024 342 80.863
1791599441.025 349 81.358
1791599441.026 350 82.169
1791599441.027 357 81.723
1791599441.028 358 82.679
1791599441.029 89 135.067
1791599441.030 91 135.910
1791599441.031 97 136.586
1791599441.032 99 137.496
1791599441.033 105 138.214
1791599441.034 107 138.828
1791599441.035 113 137.975
1791599441.036 115 138.878
1791599441.037 121 139.001
1791599441.038 123 138.962
1791599441.039 129 133.149
1791599441.040 131 133.966
1791599441.041 137 134.584
1791599441.042 139 135.512
1791599441.043 145 136.315
1791599441.044 147 137.248
1791599441.045 153 138.028
1791599441.046 155 138.962
1791599441.047 161 139.719
1791599441.048 163 140.646
1791599441.049 169 141.420
1791599441.050 171 142.042
1791599441.051 177 141.777
1791599441.052 179 142.514
1791599441.053 185 142.320
1791599441.054 187 142.925
1791599441.055 193 141.632
1791599441.056 195 141.807
1791599441.057 201 142.499
1791599441.058 203 143.408
1791599441.060 209 144.432
1791599441.061 211 144.898
1791599441.062 217 144.666
1791599441.063 219 145.059
1791599441.064 225 143.708
1791599441.065 227 144.528
1791599441.066 233 145.219
1791599441.067 235 146.132
1791599441.068 241 145.953
1791599441.069 243 146.605
1791599441.070 249 146.393
1791599441.071 251 146.761
1791599441.072 257 146.836
1791599441.073 259 146.468
1791599441.074 265 146.977
1791599441.075 267 147.910
1791599441.076 273 147.676
1791599441.077 275 148.240
1791599441.078 281 148.040
1791599441.079 283 148.688
1791599441.080 289 146.824
1791599441.081 291 147.681
1791599441.082 297 148.446
1791599441.083 299 149.401
1791599441.084 305 149.272
1791599441.085 307 149.877
1791599441.086 313 149.603
1791599441.087 315 149.773
1791599441.088 321 150.110
1791599441.089 323 150.714
1791599441.090 329 149.430
1791599441.091 331 150.246
1791599441.092 337 150.886
1791599441.093 339 150.169
1791599441.094 345 150.884
1791599441.095 347 151.807
1791599441.096 353 151.058
1791599441.097 355 151.962
1791599441.098 88 204.276
1791599441.099 96 204.762
1791599441.100 104 205.370
1791599441.101 112 204.420
1791599441.102 120 204.302
1791599441.103 128 203.788
1791599441.104 136 197.753
1791599441.105 144 198.440
1791599441.106 152 199.153
1791599441.107 160 199.864
1791599441.108 168 200.538
1791599441.109 176 200.181
1791599441.112 184 201.035
1791599441.113 192 199.406
1791599441.114 200 199.055
1791599441.115 208 199.146
1791599441.116 216 198.375
1791599441.117 224 196.445
1791599441.118 232 196.915
1791599441.119 240 196.817
1791599441.120 248 196.082
1791599441.121 256 195.681
1791599441.122 264 194.747
1791599441.123 272 194.474
1791599441.124 280 193.867
1791599441.125 288 193.321
1791599441.126 296 192.110
1791599441.127 304 192.091
1791599441.128 312 191.285
1791599441.129 320 190.911
1791599441.130 328 190.319
1791599441.131 336 189.550
1791599441.132 344 188.522
1791599441.133 352 187.713
1791599441.134 360 187.964
1791599441.135 361 187.658
1791599441.136 363 188.199
1791599441.137 369 188.827
1791599441.138 371 189.763
1791599441.139 377 189.487
1791599441.140 379 190.145
1791599441.141 385 189.954
1791599441.142 387 189.331
1791599441.143 393 190.136
1791599441.144 395 189.040
1791599441.145 401 189.625
1791599441.146 403 190.530
1791599441.147 409 191.069
1791599441.148 411 191.772
1791599441.149 417 191.579
1791599441.150 419 192.195
1791599441.151 425 191.347
1791599441.152 427 192.249
1791599441.153 433 190.191
1791599441.154 435 190.967
1791599441.155 441 191.648
1791599441.156 443 192.579
1791599441.157 449 193.209
1791599441.158 451 193.076
1791599441.159 457 193.626
1791599441.160 459 194.210
1791599441.161 465 193.799
1791599441.162 467 194.381
1791599441.163 473 193.583
1791599441.164 475 193.492
1791599441.165 481 194.094
1791599441.166 483 195.044
1791599441.167 489 194.463
1791599441.168 491 195.388
1791599441.169 497 195.755
1791599441.170 499 196.006
1791599441.171 505 195.992
1791599441.172 507 195.759
1791599441.173 513 196.444
1791599441.174 515 197.181
1791599441.175 521 196.997
1791599441.176 523 197.430
1791599441.177 529 196.715
1791599441.178 531 197.608
1791599441.179 537 197.727
1791599441.180 539 198.423
1791599441.181 545 197.442
1791599441.182 547 198.363
1791599441.183 553 198.715
1791599441.184 555 199.213
1791599441.185 561 199.008
1791599441.186 563 199.580
1791599441.187 569 199.452
1791599441.188 571 200.062
1791599441.189 577 198.572
1791599441.190 579 199.455
1791599441.191 585 200.239
1791599441.192 587 199.189
1791599441.193 593 199.939
1791599441.194 595 200.866
1791599441.195 601 200.862
1791599441.196 603 201.726
1791599441.197 609 201.505
1791599441.198 611 202.109
1791599441.199 617 201.242
1791599441.200 619 202.167
1791599441.201 625 202.286
1791599441.202 627 202.871
1791599441.203 633 202.574
1791599441.204 635 202.877
1791599441.205 641 203.134
1791599441.206 643 203.742
1791599441.207 649 202.783
1791599441.208 651 203.706
1791599441.209 657 202.482
1791599441.210 659 203.434
1791599441.211 665 204.303
1791599441.213 667 205.225
1791599441.214 673 205.003
1791599441.215 675 205.606
1791599441.216 681 204.560
1791599441.217 683 205.476
1791599441.218 689 205.257
1791599441.219 691 206.200
1791599441.220 697 206.038
1791599441.221 699 206.344
1791599441.222 705 206.623
1791599441.223 707 207.208
1791599441.224 713 205.972
1791599441.225 715 206.788
1791599441.226 721 207.475
1791599441.227 723 207.883
1791599441.228 729 207.837
1791599441.229 731 208.418
1791599441.230 737 208.252
1791599441.231 739 208.843
1791599441.232 745 207.561
1791599441.233 747 208.416
1791599441.234 753 209.080
1791599441.235 755 209.642
1791599441.236 761 209.428
1791599441.237 763 210.120
1791599441.238 769 209.932
1791599441.239 771 210.542
1791599441.240 777 210.385
1791599441.241 779 209.086
1791599441.242 785 209.537
1791599441.243 787 210.440
1791599441.244 793 211.125
1791599441.245 795 211.835
1791599441.246 801 211.568
1791599441.247 803 212.061
1791599441.248 809 212.012
1791599441.249 811 212.624
1791599441.250 817 211.445
1791599441.251 819 212.362
1791599441.252 825 212.776
1791599441.253 827 213.433
1791599441.254 833 212.995
1791599441.255 835 213.899
1791599441.256 841 213.481
1791599441.257 843 213.765
1791599441.258 849 212.359
1791599441.259 851 213.156
1791599441.260 857 213.741
1791599441.261 859 214.653
1791599441.262 865 214.912
1791599441.265 867 217.037
1791599441.266 873 216.305
1791599441.267 875 217.209
1791599441.268 881 217.283
1791599441.269 883 217.875
1791599441.270 365 321.641
1791599441.271 366 322.571
1791599441.272 373 322.878
1791599441.273 374 323.677
1791599441.274 381 323.311
1791599441.275 382 324.135
1791599441.276 389 322.856
1791599441.277 390 323.830
1791599441.278 397 322.484
1791599441.279 398 323.420
1791599441.280 405 324.081
1791599441.281 406 325.020
1791599441.282 413 325.044
1791599441.283 414 325.812
1791599441.284 421 325.415
1791599441.285 422 326.218
1791599441.286 429 325.825
1791599441.287 430 326.572
1791599441.288 437 324.544
1791599441.289 438 325.495
1791599441.290 445 326.201
1791599441.291 446 327.144
1791599441.292 453 326.686
1791599441.293 454 327.669
1791599441.294 461 327.462
1791599441.295 462 328.410
1791599441.296 469 327.914
1791599441.297 470 328.766
1791599441.298 477 326.943
1791599441.299 478 327.852
1791599441.300 485 328.603
1791599441.301 486 329.583
1791599441.302 493 328.921
1791599441.303 494 329.886
1791599441.304 501 329.510
1791599441.305 502 330.473
1791599441.306 509 329.210
1791599441.307 510 330.160
1791599441.308 517 330.334
1791599441.309 518 331.243
1791599441.310 525 330.810
1791599441.311 526 331.615
1791599441.312 533 331.137
1791599441.313 534 332.109
1791599441.314 541 331.660
1791599441.316 542 333.122
1791599441.317 549 332.581
1791599441.318 550 333.553
1791599441.319 557 333.097
1791599441.320 558 334.040
1791599441.322 565 334.317
1791599441.323 566 335.277
1791599441.324 573 335.023
1791599441.325 574 335.788
1791599441.326 581 334.725
1791599441.327 582 335.691
1791599441.328 589 334.441
1791599441.329 590 335.408
1791599441.330 597 336.152
1791599441.331 598 337.122
1791599441.332 605 336.639
1791599441.333 606 337.455
1791599441.334 613 337.091
1791599441.335 614 336.844
1791599441.336 621 337.483
1791599441.337 622 338.222
1791599441.338 629 337.975
1791599441.339 630 338.699
1791599441.340 637 338.164
1791599441.341 638 339.143
1791599441.342 645 338.769
1791599441.343 646 339.575
1791599441.344 653 339.062
1791599441.345 654 340.032
1791599441.346 661 338.820
1791599441.347 662 339.811
1791599441.348 669 340.051
1791599441.349 670 340.817
1791599441.350 677 340.428
1791599441.351 678 341.238
1791599441.352 685 340.632
1791599441.353 686 341.599
1791599441.354 693 341.214
1791599441.355 694 342.016
1791599441.356 701 341.484
1791599441.357 702 342.444
1791599441.358 709 342.048
1791599441.359 710 342.852
1791599441.360 717 341.937
1791599441.361 718 342.870
1791599441.362 725 342.578
1791599441.363 726 343.539
1791599441.364 733 343.260
1791599441.365 734 344.207
1791599441.366 741 343.699
1791599441.369 742 346.615
1791599441.370 749 345.674
1791599441.371 750 346.612
1791599441.372 757 346.673
1791599441.373 758 347.273
1791599441.374 765 347.113
1791599441.375 766 347.919
1791599441.376 773 346.999
1791599441.377 774 347.970
1791599441.378 781 346.314
1791599441.379 782 347.249
1791599441.380 789 347.743
1791599441.381 790 348.703
1791599441.382 797 348.737
1791599441.383 798 349.526
1791599441.384 805 349.094
1791599441.385 806 350.066
1791599441.386 813 349.621
1791599441.387 814 350.430
1791599441.388 821 349.673
1791599441.389 822 350.630
1791599441.390 829 350.427
1791599441.391 830 351.227
1791599441.392 837 350.840
1791599441.393 838 351.558
1791599441.394 845 351.061
1791599441.395 846 352.026
1791599441.396 853 350.416
1791599441.397 854 351.342
1791599441.398 861 351.963
1791599441.399 862 352.926
1791599441.400 869 352.259
1791599441.401 870 353.210
1791599441.402 877 353.004
1791599441.403 878 353.243
1791599441.404 885 353.349
1791599441.405 889 352.891
1791599441.406 891 353.771
1791599441.407 897 353.900
1791599441.408 899 354.554
1791599441.409 905 354.359
1791599441.410 907 353.218
1791599441.411 913 353.936
1791599441.412 915 354.810
1791599441.413 921 353.197
1791599441.414 923 354.057
1791599441.415 929 354.695
1791599441.416 931 355.621
1791599441.418 937 355.956
1791599441.419 939 356.635
1791599441.420 945 354.056
1791599441.421 947 355.013
1791599441.422 953 355.869
1791599441.423 955 356.829
1791599441.424 961 357.556
1791599441.425 963 354.912
1791599441.426 969 355.499
1791599441.427 971 356.433
1791599441.428 977 357.287
1791599441.429 979 358.221
1791599441.430 985 358.713
1791599441.431 987 359.409
1791599441.432 993 358.469
1791599441.433 995 359.404
1791599441.434 1001 359.605
1791599441.435 1003 360.230
1791599441.436 1009 358.403
1791599441.437 1011 359.257
1791599441.438 1017 360.016
1791599441.439 1019 360.960
1791599441.440 1025 360.319
1791599441.441 1027 361.232
1791599441.442 1033 361.010
1791599441.443 1035 361.921
1791599441.444 1041 361.709
1791599441.445 1043 362.276
1791599441.446 1049 361.229
1791599441.447 1051 362.090
1791599441.448 1057 360.650
1791599441.449 1059 361.547
1791599441.450 1065 362.254
1791599441.451 1067 363.210
1791599441.452 1073 363.382
1791599441.453 1075 363.985
1791599441.454 1081 363.800
1791599441.455 1083 363.442
1791599441.456 1089 364.213
1791599441.457 1091 363.181
1791599441.458 1097 364.012
1791599441.459 1099 364.968
1791599441.460 1105 365.017
1791599441.461 1107 365.629
1791599441.462 1113 365.440
1791599441.463 1115 365.185
1791599441.464 1121 365.765
1791599441.465 1123 365.434
1791599441.466 1129 366.203
1791599441.467 1131 366.648
1791599441.468 1137 366.681
1791599441.469 1139 367.283
1791599441.470 1145 367.173
1791599441.471 1147 367.783
1791599441.472 1153 367.275
1791599441.473 1155 367.998
1791599441.474 1161 367.905
1791599441.475 1163 368.498
1791599441.476 1169 368.406
1791599441.477 1171 369.013
1791599441.478 1177 368.816
1791599441.479 1179 369.427
1791599441.480 1185 367.323
1791599441.481 1187 368.194
1791599441.482 1193 368.922
1791599441.483 1195 369.859
1791599441.484 1201 370.051
1791599441.485 1203 370.165
1791599441.486 1209 370.496
1791599441.487 1211 371.109
1791599441.488 1217 369.821
1791599441.489 1219 370.623
1791599441.490 1225 371.286
1791599441.491 1227 371.991
1791599441.492 1233 371.503
1791599441.493 1235 372.413
1791599441.494 1241 371.879
1791599441.495 1243 372.772
1791599441.496 1249 370.862
1791599441.497 1251 371.700
1791599441.498 1257 372.223
1791599441.499 1259 373.155
1791599441.500 1265 372.032
1791599441.501 1267 372.934
1791599441.502 1273 373.690
1791599441.503 1275 374.029
1791599441.504 1281 374.228
1791599441.506 1283 374.843
1791599441.507 1289 373.707
1791599441.508 1291 373.322
1791599441.509 1297 374.009
1791599441.510 1299 374.962
1791599441.511 1305 375.341
1791599441.512 1307 376.061
1791599441.513 1313 375.869
1791599441.514 1315 376.471
1791599441.515 1321 373.713
1791599441.516 1323 374.599
1791599441.517 1329 375.390
1791599441.518 1331 376.341
1791599441.519 1337 376.966
1791599441.520 1339 377.684
1791599441.521 1345 377.118
1791599441.522 1347 378.042
1791599441.523 1353 378.074
1791599441.524 1355 378.678
1791599441.525 1361 378.480
1791599441.526 1363 377.922
1791599441.527 1369 378.264
1791599441.528 1371 379.181
1791599441.529 1377 378.959
1791599441.530 1379 379.871
1791599441.531 1385 379.527
1791599441.532 1387 380.342
1791599441.533 1393 380.150
1791599441.534 1395 380.753
1791599441.535 1401 380.101
1791599441.536 1403 378.822
1791599441.537 1409 379.465
1791599441.538 1411 380.390
1791599441.539 1417 381.102
1791599441.540 1419 382.015
1791599441.541 1425 381.818
1791599441.542 1427 382.434
1791599441.543 1433 380.939
1791599441.544 1435 381.824
1791599441.545 1441 382.588
1791599441.546 1443 381.308
1791599441.547 1449 381.999
1791599441.548 1451 382.919
1791599441.549 1457 383.505
1791599441.550 1459 384.139
1791599441.551 1465 381.343
1791599441.552 1467 382.165
1791599441.553 1473 382.849
1791599441.554 1475 383.778
1791599441.555 1481 384.541
1791599441.556 1483 385.292
1791599441.557 1489 383.746
1791599441.558 1491 384.654
1791599441.559 1497 385.391
1791599441.560 1499 385.666
1791599441.561 1505 386.008
1791599441.562 1507 385.368
1791599441.563 1513 385.933
1791599441.564 1515 386.841
1791599441.565 1521 386.119
1791599441.566 1523 387.037
1791599441.567 1529 386.353
1791599441.568 1531 387.264
1791599441.569 1537 387.665
1791599441.570 1539 388.276
1791599441.571 1545 386.287
1791599441.572 1547 387.166
1791599441.573 1553 387.893
1791599441.574 1555 388.651
1791599441.575 1561 389.100
1791599441.576 1563 388.093
1791599441.577 1569 388.808
1791599441.578 1571 389.736
1791599441.579 1577 389.667
1791599441.580 1579 390.442
1791599441.581 1585 388.588
1791599441.582 1587 389.448
1791599441.583 1593 390.107
1791599441.584 1595 391.020
1791599441.585 1601 389.554
1791599441.586 1603 390.459
1791599441.587 1609 391.200
1791599441.588 1611 392.130
1791599441.589 1617 391.929
1791599441.590 1619 392.545
1791599441.591 1625 391.148
1791599441.592 1627 392.002
1791599441.593 1633 392.643
1791599441.594 1635 391.785
1791599441.595 1641 392.499
1791599441.596 1643 393.423
1791599441.597 1649 393.597
1791599441.598 1651 394.210
1791599441.599 1657 392.920
1791599441.600 1659 393.719
1791599441.601 1665 394.306
1791599441.603 1667 394.982
1791599441.604 1673 394.415
1791599441.605 1675 395.307
1791599441.606 1681 395.270
1791599441.607 1683 395.872
1791599441.608 1689 395.691
1791599441.609 1691 395.397
1791599441.610 1697 395.927
1791599441.611 1699 396.635
1791599441.612 1705 396.569
1791599441.613 1707 396.785
1791599441.614 1713 396.927
1791599441.615 1715 397.582
1791599441.616 1721 397.391
1791599441.617 1723 397.980
1791599441.618 1729 397.193
1791599441.619 1731 398.021
1791599441.620 1737 398.004
1791599441.621 1739 398.613
1791599441.624 1745 398.247
1791599441.625 1747 399.506
1791599441.626 1753 400.385
1791599441.627 1755 401.353
1791599441.628 1761 400.175
1791599441.629 1763 400.882
1791599441.630 1769 401.572
1791599441.631 1771 402.513
1791599441.632 1777 402.845
1791599441.633 1779 403.452
1791599441.634 1785 403.263
1791599441.635 1787 403.870
1791599441.636 1793 403.673
1791599441.637 1795 404.281
1791599441.638 1801 402.399
1791599441.639 1803 403.288
1791599441.640 1809 404.073
1791599441.641 1811 405.017
1791599441.642 1817 404.923
1791599441.643 1819 405.527
1791599441.644 1825 405.172
1791599441.645 1827 405.936
1791599441.646 1833 405.749
1791599441.647 1835 406.360
1791599441.648 1841 404.924
1791599441.649 1843 405.800
1791599441.650 1849 406.607
1791599441.651 1851 407.186
1791599441.652 1857 406.659
1791599441.653 1859 407.591
1791599441.654 1865 407.411
1791599441.655 1867 408.021
1791599441.656 1873 407.823
1791599441.657 1875 406.668
1791599441.658 1881 407.347
1791599441.659 1883 408.283
1791599441.660 1889 408.625
1791599441.662 1891 409.239
1791599441.663 1897 409.050
1791599441.664 1899 409.664
1791599441.665 1905 409.475
1791599441.666 1907 410.094
1791599441.667 368 718.473
1791599441.668 376 718.260
1791599441.669 384 717.722
1791599441.670 392 716.767
1791599441.671 400 715.291
1791599441.672 408 715.923
1791599441.673 416 715.392
1791599441.674 424 714.004
1791599441.675 432 711.977
1791599441.676 440 712.387
1791599441.677 448 713.069
1791599441.678 456 712.461
1791599441.679 464 711.542
1791599441.680 472 710.275
1791599441.681 480 709.698
1791599441.682 488 709.073
1791599441.683 496 709.515
1791599441.684 504 708.593
1791599441.685 512 708.023
1791599441.686 520 707.741
1791599441.687 528 706.319
1791599441.688 536 706.304
1791599441.689 544 705.025
1791599441.690 552 705.297
1791599441.691 560 704.732
1791599441.692 568 704.165
1791599441.693 576 703.568
1791599441.694 584 702.789
1791599441.695 592 701.495
1791599441.696 600 701.438
1791599441.697 608 701.221
1791599441.698 616 699.796
1791599441.699 624 700.003
1791599441.700 632 699.385
1791599441.701 640 698.826
1791599441.702 648 697.349
1791599441.703 656 696.014
1791599441.704 664 696.823
1791599441.705 672 696.462
1791599441.706 680 694.877
1791599441.707 688 694.575
1791599441.708 696 694.760
1791599441.709 704 694.076
1791599441.710 712 692.504
1791599441.711 720 692.777
1791599441.712 728 692.328
1791599441.713 736 691.697
1791599441.714 744 689.880
1791599441.715 752 690.349
1791599441.716 760 689.997
1791599441.717 768 689.347
1791599441.718 776 688.745
1791599441.719 784 686.832
1791599441.720 792 687.379
1791599441.721 800 687.044
1791599441.722 808 686.388
1791599441.723 816 684.676
1791599441.724 824 685.154
1791599441.725 832 684.335
1791599441.726 840 684.133
1791599441.727 848 683.546
1791599441.728 856 682.081
1791599441.729 864 682.362
1791599441.730 872 681.759
1791599441.731 880 681.017
1791599441.732 888 679.778
1791599441.733 896 679.914
1791599441.734 904 679.437
1791599441.735 912 677.798
1791599441.736 920 676.094
1791599441.737 928 676.544
1791599441.738 936 677.015
1791599441.739 944 673.614
1791599441.740 952 674.413
1791599441.741 960 675.233
1791599441.742 968 672.074
1791599441.743 976 672.800
1791599441.744 984 673.527
1791599441.745 992 671.976
1791599441.746 1000 672.238
1791599441.747 1008 669.913
1791599441.748 1016 670.495
1791599441.749 1024 669.829
1791599441.750 1032 669.482
1791599441.751 1040 669.346
1791599441.752 1048 667.715
1791599441.753 1056 668.233
1791599441.754 1064 666.687
1791599441.755 1072 666.989
1791599441.756 1080 666.397
1791599441.757 1088 665.638
1791599441.758 1096 664.425
1791599441.759 1104 664.642
1791599441.760 1112 664.021
1791599441.761 1120 663.214
1791599441.763 1128 662.597
1791599441.764 1136 662.257
1791599441.765 1144 661.666
1791599441.766 1152 660.628
1791599441.767 1160 660.431
1791599441.768 1168 659.880
1791599441.769 1176 659.294
1791599441.770 1184 658.148
1791599441.771 1192 657.204
1791599441.772 1200 657.481
1791599441.773 1208 656.911
1791599441.774 1216 655.245
1791599441.775 1224 655.510
1791599441.776 1232 654.843
1791599441.777 1240 654.227
1791599441.778 1248 652.236
1791599441.779 1256 652.536
1791599441.780 1264 651.355
1791599441.781 1272 651.973
1791599441.782 1280 651.673
1791599441.783 1288 650.031
1791599441.784 1296 649.276
1791599441.785 1304 649.634
1791599441.786 1312 649.313
1791599441.787 1320 648.736
1791599441.788 1328 646.655
1791599441.789 1336 647.456
1791599441.790 1344 646.234
1791599441.791 1352 646.331
1791599441.792 1360 645.744
1791599441.793 1368 644.389
1791599441.794 1376 644.050
1791599441.795 1384 643.599
1791599441.796 1392 643.372
1791599441.797 1400 642.190
1791599441.798 1408 640.506
1791599441.799 1416 641.117
1791599441.800 1424 641.008
1791599441.801 1432 638.952
1791599441.802 1440 639.554
1791599441.803 1448 637.953
1791599441.804 1456 638.602
1791599441.805 1464 637.940
1791599441.806 1472 635.762
1791599441.807 1480 636.424
1791599441.808 1488 634.662
1791599441.809 1496 635.284
1791599441.810 1504 635.048
1791599441.811 1512 633.823
1791599441.812 1520 632.977
1791599441.813 1528 632.205
1791599441.814 1536 632.649
1791599441.815 1544 630.056
1791599441.816 1552 630.605
1791599441.817 1560 630.828
1791599441.818 1568 629.498
1791599441.819 1576 629.396
1791599441.820 1584 627.310
1791599441.821 1592 627.771
1791599441.822 1600 626.206
1791599441.823 1608 626.844
1791599441.824 1616 626.729
1791599441.825 1624 624.819
1791599441.835 1632 634.190
1791599441.836 1640 633.042
1791599441.837 1648 633.293
1791599441.838 1656 632.711
1791599441.839 1664 632.031
1791599441.840 1672 631.457
1791599441.841 1680 630.921
1791599441.842 1688 630.326
1791599441.843 1696 629.645
1791599441.844 1704 629.066
1791599441.845 1712 628.550
1791599441.846 1720 627.961
1791599441.847 1728 626.640
1791599441.848 1736 626.731
1791599441.849 1744 623.376
1791599441.850 1752 624.189
1791599441.851 1760 625.021
1791599441.852 1768 623.386
1791599441.853 1776 623.867
1791599441.854 1784 623.201
1791599441.855 1792 622.572
1791599441.856 1800 620.182
1791599441.857 1808 620.809
1791599441.858 1816 620.678
1791599441.859 1824 619.905
1791599441.860 1832 619.629
1791599441.861 1840 617.654
1791599441.862 1848 618.315
1791599441.863 1856 617.385
1791599441.864 1864 617.274
1791599441.865 1872 616.684
1791599441.866 1880 615.062
1791599441.867 1888 615.455
1791599441.868 1896 614.886
1791599441.869 1904 614.315
1791599441.870 886 817.819
1791599441.871 893 818.481
1791599441.872 894 819.299
1791599441.873 901 818.918
1791599441.874 902 819.518
1791599441.875 909 817.909
1791599441.876 910 818.876
1791599441.877 917 819.508
1791599441.878 918 820.470
1791599441.879 925 818.763
1791599441.880 926 819.710
1791599441.881 933 820.353
1791599441.882 934 821.319
1791599441.883 941 821.039
1791599441.884 942 821.849
1791599441.886 949 819.721
1791599441.887 950 820.707
1791599441.888 957 821.538
1791599441.889 958 822.524
1791599441.890 965 819.508
1791599441.891 966 820.446
1791599441.892 973 821.144
1791599441.893 974 822.130
1791599441.894 981 822.920
1791599441.895 982 823.892
1791599441.896 989 822.428
1791599441.897 990 823.380
1791599441.898 997 824.095
1791599441.899 998 825.040
1791599441.900 1005 824.618
1791599441.901 1006 823.362
1791599441.902 1013 823.918
1791599441.903 1014 824.879
1791599441.904 1021 825.395
1791599441.905 1022 825.267
1791599441.906 1029 825.904
1791599441.907 1030 825.921
1791599441.908 1037 826.315
1791599441.909 1038 826.799
1791599441.910 1045 825.337
1791599441.911 1046 826.244
1791599441.912 1053 826.742
1791599441.913 1054 827.699
1791599441.914 1061 826.226
1791599441.915 1062 827.158
1791599441.916 1069 827.955
1791599441.917 1070 828.770
1791599441.918 1077 828.387
1791599441.919 1078 829.201
1791599441.920 1085 828.151
1791599441.921 1086 829.121
1791599441.922 1093 827.917
1791599441.923 1094 828.899
1791599441.924 1101 829.538
1791599441.925 1102 830.501
1791599441.926 1109 830.066
1791599441.927 1110 830.879
1791599441.928 1117 829.868
1791599441.929 1118 830.802
1791599441.930 1125 830.176
1791599441.931 1126 831.138
1791599441.932 1133 831.302
1791599441.933 1134 832.124
1791599441.934 1141 831.732
1791599441.935 1142 832.541
1791599441.936 1149 831.423
1791599441.937 1150 832.344
1791599441.938 1157 832.349
1791599441.939 1158 833.288
1791599441.940 1165 833.079
1791599441.941 1166 833.893
1791599441.942 1173 833.497
1791599441.943 1174 834.304
1791599441.944 1181 832.979
1791599441.945 1182 833.894
1791599441.946 1189 832.951
1791599441.947 1190 833.919
1791599441.948 1197 834.670
1791599441.949 1198 835.249
1791599441.950 1205 834.971
1791599441.951 1206 835.955
1791599441.952 1213 835.592
1791599441.953 1214 836.402
1791599441.954 1221 835.393
1791599441.955 1222 836.315
1791599441.956 1229 835.570
1791599441.957 1230 836.528
1791599441.959 1237 837.156
1791599441.960 1238 838.009
1791599441.961 1245 837.582
1791599441.962 1246 838.393
1791599441.963 1253 836.690
1791599441.964 1254 837.619
1791599441.965 1261 838.308
1791599441.966 1262 839.274
1791599441.967 1269 838.061
1791599441.968 1270 839.023
1791599441.969 1277 839.175
1791599441.970 1278 840.134
1791599441.971 1285 839.679
1791599441.972 1286 840.487
1791599441.973 1293 838.444
1791599441.974 1294 839.386
1791599441.975 1301 840.133
1791599441.976 1302 841.106
1791599441.977 1309 840.917
1791599441.978 1310 841.720
1791599441.979 1317 841.328
1791599441.980 1318 842.135
1791599441.981 1325 839.781
1791599441.982 1326 840.751
1791599441.983 1333 841.563
1791599441.984 1334 842.552
1791599441.985 1341 842.563
1791599441.986 1342 843.368
1791599441.987 1349 843.106
1791599441.988 1350 843.923
1791599441.989 1357 843.536
1791599441.990 1358 844.349
1791599441.991 1365 842.769
1791599441.992 1366 843.701
1791599441.993 1373 844.361
1791599441.994 1374 844.397
1791599441.995 1381 844.723
1791599441.996 1382 845.669
1791599441.997 1389 845.210
1791599441.998 1390 846.021
1791599441.999 1397 844.698
1791599442.000 1398 845.608
1791599442.001 1405 843.930
1791599442.002 1406 844.879
1791599442.003 1413 845.554
1791599442.004 1414 846.491
1791599442.005 1421 846.935
1791599442.006 1422 847.402
1791599442.007 1429 845.437
1791599442.008 1430 846.348
1791599442.009 1437 846.954
1791599442.010 1438 847.920
1791599442.011 1445 846.398
1791599442.012 1446 847.362
1791599442.013 1453 848.044
1791599442.014 1454 849.007
1791599442.015 1461 848.931
1791599442.016 1462 849.358
1791599442.017 1469 847.258
1791599442.018 1470 848.201
1791599442.019 1477 848.880
1791599442.020 1478 849.848
1791599442.021 1485 850.164
1791599442.022 1486 850.982
1791599442.023 1493 849.779
1791599442.024 1494 850.743
1791599442.025 1501 850.754
1791599442.026 1502 851.717
1791599442.027 1509 850.374
1791599442.028 1510 851.302
1791599442.029 1517 850.531
1791599442.030 1518 851.471
1791599442.031 1525 852.165
1791599442.032 1526 853.136
1791599442.033 1533 852.365
1791599442.034 1534 853.327
1791599442.035 1541 853.087
1791599442.036 1542 853.895
1791599442.037 1549 852.280
1791599442.038 1550 853.234
1791599442.039 1557 853.748
1791599442.041 1558 854.704
1791599442.042 1565 853.167
1791599442.043 1566 854.131
1791599442.044 1573 854.832
1791599442.045 1574 855.537
1791599442.046 1581 855.260
1791599442.047 1582 856.071
1791599442.048 1589 854.523
1791599442.049 1590 855.454
1791599442.050 1597 856.112
1791599442.051 1598 854.921
1791599442.052 1605 855.560
1791599442.053 1606 856.523
1791599442.054 1613 856.944
1791599442.055 1614 857.761
1791599442.056 1621 855.684
1791599442.057 1622 856.594
1791599442.058 1629 857.117
1791599442.059 1630 858.050
1791599442.060 1637 856.922
1791599442.061 1638 857.881
1791599442.062 1645 858.588
1791599442.063 1646 859.420
1791599442.064 1653 859.103
1791599442.065 1654 859.912
1791599442.066 1661 858.934
1791599442.067 1662 859.905
1791599442.068 1669 859.909
1791599442.069 1670 860.699
1791599442.070 1677 860.332
1791599442.071 1678 861.142
1791599442.072 1685 860.750
1791599442.073 1686 861.564
1791599442.074 1693 860.592
1791599442.075 1694 861.563
1791599442.076 1701 861.572
1791599442.077 1702 862.368
1791599442.078 1709 862.006
1791599442.079 1710 862.816
1791599442.080 1717 862.427
1791599442.081 1718 863.231
1791599442.082 1725 861.730
1791599442.083 1726 862.652
1791599442.084 1733 863.168
1791599442.085 1734 864.126
1791599442.086 1741 863.669
1791599442.087 1742 864.483
1791599442.088 1749 862.250
1791599442.089 1750 863.232
1791599442.090 1757 864.089
1791599442.091 1758 865.076
1791599442.092 1765 863.567
1791599442.093 1766 864.523
1791599442.094 1773 865.227
1791599442.095 1774 866.202
1791599442.096 1781 865.812
1791599442.097 1782 866.624
1791599442.098 1789 866.239
1791599442.099 1790 866.693
1791599442.100 1797 866.658
1791599442.101 1798 865.623
1791599442.102 1805 865.965
1791599442.103 1806 866.937
1791599442.104 1813 867.479
1791599442.105 1814 868.289
1791599442.106 1821 867.904
1791599442.107 1822 868.711
1791599442.108 1829 868.313
1791599442.109 1830 869.121
1791599442.110 1837 866.899
1791599442.111 1838 867.841
1791599442.112 1845 868.495
1791599442.113 1846 869.471
1791599442.114 1853 869.554
1791599442.115 1854 870.359
1791599442.116 1861 869.969
1791599442.117 1862 870.777
1791599442.118 1869 870.351
1791599442.119 1870 871.190
1791599442.120 1877 869.325
1791599442.121 1878 870.275
1791599442.122 1885 871.003
1791599442.123 1886 871.980
1791599442.124 1893 871.630
1791599442.125 1894 872.100
1791599442.126 1901 872.046
1791599442.127 1902 872.852
1791599442.128 1909 872.460
1791599442.129 1910 873.261
1791599442.130 1917 871.765
1791599442.131 1918 872.689
1791599442.132 1925 873.195
1791599442.133 1926 874.155
1791599442.134 1933 872.732
1791599442.135 1934 873.682
1791599442.136 1941 874.007
1791599442.137 1942 874.971
1791599442.139 1949 874.648
1791599442.140 1950 875.458
1791599442.141 1957 875.065
1791599442.142 1958 873.659
1791599442.143 1965 874.115
1791599442.144 1966 875.089
1791599442.145 1973 875.838
1791599442.146 1974 876.514
1791599442.147 1981 875.765
1791599442.148 1982 876.738
1791599442.149 1989 876.716
1791599442.150 1990 877.524
1791599442.151 1997 877.127
1791599442.152 1998 875.971
1791599442.153 2005 876.545
1791599442.154 2006 877.513
1791599442.155 2013 877.468
1791599442.156 2014 878.413
1791599442.157 2021 878.379
1791599442.158 2022 878.861
1791599442.159 2029 878.798
1791599442.160 2030 879.609
1791599442.161 2037 877.503
1791599442.162 2038 878.430
1791599442.163 2045 879.147
1791599442.164 2046 880.124
1791599442.165 2053 880.077
1791599442.166 2054 880.847
1791599442.167 2061 880.305
1791599442.168 2062 881.276
1791599442.169 2069 880.876
1791599442.170 2070 881.684
1791599442.171 2077 879.832
1791599442.172 2078 880.788
1791599442.173 2085 881.521
1791599442.174 2086 882.491
1791599442.175 2093 881.865
1791599442.176 2094 882.839
1791599442.177 2101 882.528
1791599442.178 2102 883.345
1791599442.179 2109 882.931
1791599442.180 2110 883.743
1791599442.181 2117 881.558
1791599442.182 2118 882.513
1791599442.183 2125 883.239
1791599442.184 2126 884.179
1791599442.185 2133 884.205
1791599442.186 2134 884.983
1791599442.187 2141 884.646
1791599442.188 2142 885.387
1791599442.189 2149 885.129
1791599442.190 2150 885.940
1791599442.191 2157 883.649
1791599442.192 2158 884.600
1791599442.193 2165 883.867
1791599442.194 2166 884.842
1791599442.195 2173 885.632
1791599442.196 2174 886.605
1791599442.197 2181 885.785
1791599442.198 2182 886.763
1791599442.199 2189 887.253
1791599442.200 2190 888.026
1791599442.201 2197 886.096
1791599442.202 2198 887.054
1791599442.203 2205 887.839
1791599442.204 2206 888.814
1791599442.205 2213 888.521
1791599442.206 2214 886.523
1791599442.207 2221 887.264
1791599442.208 2222 888.240
1791599442.209 2229 889.024
1791599442.210 2230 890.001
1791599442.211 2237 888.233
1791599442.212 2238 889.185
1791599442.213 2245 889.945
1791599442.214 2246 890.922
1791599442.215 2253 890.586
1791599442.216 2254 888.950
1791599442.217 2261 889.678
1791599442.218 2262 890.648
1791599442.219 2269 891.265
1791599442.220 2270 892.244
1791599442.221 2277 889.367
1791599442.222 2278 890.315
1791599442.223 2285 891.091
1791599442.224 2286 892.066
1791599442.225 2293 891.960
1791599442.226 2294 892.905
1791599442.227 2301 893.063
1791599442.228 2302 893.876
1791599442.229 2309 893.484
1791599442.230 2310 892.417
1791599442.231 2317 892.158
1791599442.232 2318 893.119
1791599442.233 2325 893.904
1791599442.234 2326 894.878
1791599442.235 2333 894.732
1791599442.236 2334 895.540
1791599442.237 2341 895.151
1791599442.238 2342 895.953
1791599442.240 2349 894.223
1791599442.241 2350 895.172
1791599442.242 2357 895.517
1791599442.243 2358 896.476
1791599442.244 2365 893.907
1791599442.245 2366 894.853
1791599442.246 2373 895.608
1791599442.247 2374 896.578
1791599442.248 2381 897.350
1791599442.249 2382 898.143
1791599442.250 2389 896.829
1791599442.251 2390 897.789
1791599442.252 2397 898.145
1791599442.253 2398 898.948
1791599442.254 2405 898.555
1791599442.255 2406 899.359
1791599442.256 2413 898.966
1791599442.257 2414 899.399
1791599442.258 2421 899.384
1791599442.259 2422 898.279
1791599442.260 2429 898.879
1791599442.261 2430 899.848
1791599442.262 2437 898.891
1791599442.263 2438 899.862
1791599442.264 2445 900.636
1791599442.265 2446 901.055
1791599442.266 2453 901.042
1791599442.267 2454 901.851
1791599442.268 2461 901.450
1791599442.269 2462 902.259
1791599442.270 2469 899.530
1791599442.271 2470 900.476
1791599442.272 2477 901.157
1791599442.273 2478 902.110
1791599442.274 2485 902.611
1791599442.275 2486 903.568
1791599442.276 2493 903.068
1791599442.277 2494 903.907
1791599442.278 2501 903.538
1791599442.279 2502 904.348
1791599442.280 2509 898.049
1791599442.281 2510 898.993
1791599442.282 2517 899.691
1791599442.283 2518 900.671
1791599442.284 2525 901.448
1791599442.285 2526 902.424
1791599442.286 2533 903.182
1791599442.287 2534 904.157
1791599442.288 2541 904.945
1791599442.289 2542 905.922
1791599442.290 2549 905.980
1791599442.291 2550 906.955
1791599442.292 2557 906.543
1791599442.293 2558 907.350
1791599442.294 2565 904.391
1791599442.295 2566 905.318
1791599442.296 2573 905.863
1791599442.297 2574 906.841
1791599442.298 2581 907.637
1791599442.299 2582 908.614
1791599442.300 2589 907.859
1791599442.301 2590 908.805
1791599442.302 2597 908.620
1791599442.303 2598 909.427
1791599442.304 2605 909.035
1791599442.305 2606 909.841
1791599442.306 2613 908.296
1791599442.307 2614 909.245
1791599442.308 2621 909.860
1791599442.309 2622 910.676
1791599442.310 2629 910.289
1791599442.311 2630 911.099
1791599442.312 2637 910.705
1791599442.313 2638 911.515
1791599442.314 2645 911.127
1791599442.315 2646 911.937
1791599442.316 2653 910.238
1791599442.317 2654 911.187
1791599442.318 2661 911.943
1791599442.319 2662 912.767
1791599442.320 2669 912.147
1791599442.321 2670 913.110
1791599442.322 2677 912.800
1791599442.323 2678 913.611
1791599442.324 2685 913.215
1791599442.325 2686 914.022
1791599442.326 2693 912.350
1791599442.327 2694 913.307
1791599442.328 2701 914.073
1791599442.329 2702 914.845
1791599442.330 2709 914.401
1791599442.331 2710 915.235
1791599442.332 2717 914.876
1791599442.333 2718 915.681
1791599442.334 2725 915.290
1791599442.335 2726 916.097
1791599442.336 2733 914.257
1791599442.337 2734 915.209
1791599442.338 2741 915.962
1791599442.339 2742 916.941
1791599442.341 2749 916.359
1791599442.342 2750 917.320
1791599442.343 2757 917.060
1791599442.344 2758 917.867
1791599442.345 2765 917.477
1791599442.346 2766 916.382
1791599442.347 2773 916.619
1791599442.348 2774 917.589
1791599442.349 2781 918.374
1791599442.350 2782 919.105
1791599442.351 2789 918.713
1791599442.352 2790 919.528
1791599442.353 2797 919.158
1791599442.354 2798 919.970
1791599442.355 2805 917.882
1791599442.356 2806 918.839
1791599442.357 2813 919.553
1791599442.358 2814 920.530
1791599442.359 2821 920.284
1791599442.360 2822 921.247
1791599442.361 2829 920.822
1791599442.362 2830 921.632
1791599442.363 2837 921.240
1791599442.364 2838 922.047
1791599442.365 2845 920.132
1791599442.366 2846 921.064
1791599442.367 2853 921.804
1791599442.368 2854 922.782
1791599442.369 2861 922.017
1791599442.370 2862 922.968
1791599442.371 2869 922.933
1791599442.372 2870 923.707
1791599442.373 2877 923.317
1791599442.374 2878 924.122
1791599442.375 2885 922.833
1791599442.376 2886 923.789
1791599442.377 2893 924.145
1791599442.378 2894 924.688
1791599442.379 2901 924.568
1791599442.380 2902 925.378
1791599442.381 2909 925.357
1791599442.382 2910 926.165
1791599442.383 2917 925.774
1791599442.384 2918 926.590
1791599442.385 2925 924.905
1791599442.386 2926 925.861
1791599442.387 2933 924.992
1791599442.388 2934 925.966
1791599442.389 2941 926.751
1791599442.390 2942 927.728
1791599442.392 2949 928.255
1791599442.393 2950 929.066
1791599442.394 2957 928.677
1791599442.395 2958 929.490
1791599442.396 2965 927.894
1791599442.397 2966 928.852
1791599442.398 2973 929.483
1791599442.399 2974 930.297
1791599442.400 2981 929.919
1791599442.401 2982 930.727
1791599442.402 2989 930.277
1791599442.403 2990 931.103
1791599442.404 2997 930.751
1791599442.405 2998 931.557
1791599442.406 3005 929.976
1791599442.407 3006 930.923
1791599442.408 3013 931.531
1791599442.409 3014 931.528
1791599442.410 3021 932.063
1791599442.411 3022 932.564
1791599442.412 3029 932.409
1791599442.413 3030 933.217
1791599442.414 3037 932.830
1791599442.415 3038 933.642
1791599442.416 3045 932.073
1791599442.417 3046 933.030
1791599442.418 3053 932.357
1791599442.419 3054 933.302
1791599442.420 3061 934.059
1791599442.421 3062 932.710
1791599442.422 3069 933.449
1791599442.423 3070 934.425
1791599442.424 3077 934.926
1791599442.425 3078 930.475
1791599442.426 3085 931.097
1791599442.427 3086 932.067
1791599442.428 3093 932.850
1791599442.429 3094 933.832
1791599442.430 3101 934.593
1791599442.431 3102 935.571
1791599442.432 3109 936.364
1791599442.433 3110 937.343
1791599442.434 3117 936.571
1791599442.435 3118 937.530
1791599442.436 3125 937.420
1791599442.437 3126 938.218
1791599442.439 3133 935.323
1791599442.440 3134 936.235
1791599442.441 3141 936.829
1791599442.442 3142 937.801
1791599442.443 3149 938.710
1791599442.444 3150 939.423
1791599442.445 3157 939.215
1791599442.446 3158 940.013
1791599442.447 3165 939.626
1791599442.448 3166 940.439
1791599442.449 3173 937.969
1791599442.450 3174 938.918
1791599442.451 3181 939.620
1791599442.452 3182 940.594
1791599442.453 3189 940.806
1791599442.454 3190 941.636
1791599442.455 3197 941.289
1791599442.456 3198 942.097
1791599442.457 3205 941.704
1791599442.458 3206 942.512
1791599442.459 3213 940.535
1791599442.460 3214 941.485
1791599442.461 3221 942.204
1791599442.462 3222 943.157
1791599442.463 3229 942.953
1791599442.464 3230 943.460
1791599442.465 3237 943.365
1791599442.466 3238 944.177
1791599442.467 3245 943.776
1791599442.468 3246 944.589
1791599442.469 3253 943.100
1791599442.470 3254 944.056
1791599442.471 3261 944.604
1791599442.472 3262 945.421
1791599442.473 3269 945.038
1791599442.474 3270 945.846
1791599442.475 3277 945.515
1791599442.476 3278 946.252
1791599442.477 3285 945.870
1791599442.478 3286 946.679
1791599442.479 3293 945.079
1791599442.480 3294 946.037
1791599442.481 3301 946.644
1791599442.482 3302 947.471
1791599442.483 3309 947.112
1791599442.484 3310 947.921
1791599442.485 3317 947.527
1791599442.486 3318 947.707
1791599442.487 3325 947.954
1791599442.488 3326 948.764
1791599442.489 3333 947.054
1791599442.490 3334 948.012
1791599442.491 3341 948.796
1791599442.492 3342 949.516
1791599442.493 3349 949.312
1791599442.494 3350 950.125
1791599442.495 3357 949.784
1791599442.496 3358 950.544
1791599442.497 3365 949.163
1791599442.498 3366 950.135
1791599442.499 3373 948.427
1791599442.500 3374 949.347
1791599442.501 3381 949.931
1791599442.502 3382 950.902
1791599442.503 3389 951.527
1791599442.504 3390 950.699
1791599442.505 3397 951.409
1791599442.506 3398 952.379
1791599442.507 3405 952.282
1791599442.508 3406 953.088
1791599442.509 3413 950.660
1791599442.510 3414 951.588
1791599442.511 3421 952.266
1791599442.512 3422 953.239
1791599442.513 3429 953.160
1791599442.514 3430 954.131
1791599442.515 3437 953.939
1791599442.516 3438 954.745
1791599442.517 3445 954.360
1791599442.518 3446 955.169
1791599442.519 3453 953.209
1791599442.520 3454 954.163
1791599442.521 3461 954.210
1791599442.522 3462 954.227
1791599442.523 3469 954.984
1791599442.524 3470 955.958
1791599442.525 3477 956.017
1791599442.527 3478 956.867
1791599442.528 3485 956.447
1791599442.529 3486 957.255
1791599442.530 3493 955.865
1791599442.531 3494 956.819
1791599442.532 3501 957.077
1791599442.533 3502 958.038
1791599442.534 3509 957.690
1791599442.535 3510 958.497
1791599442.536 3517 958.102
1791599442.537 3518 958.908
1791599442.538 3525 958.517
1791599442.539 3526 957.486
1791599442.540 3533 958.126
1791599442.541 3534 959.130
1791599442.542 3541 956.896
1791599442.543 3542 957.870
1791599442.547 3549 961.848
1791599442.548 3550 962.830
1791599442.549 3557 963.415
1791599442.550 3558 964.267
1791599442.551 3565 962.143
1791599442.552 3566 963.093
1791599442.553 3573 963.806
1791599442.554 3574 964.785
1791599442.555 3581 963.984
1791599442.556 3582 964.959
1791599442.557 3589 965.101
1791599442.558 3590 965.910
1791599442.559 3597 965.519
1791599442.560 3598 966.325
1791599442.561 3605 962.914
1791599442.562 3606 963.835
1791599442.563 3613 964.546
1791599442.564 3614 965.522
1791599442.565 3621 966.281
1791599442.566 3622 967.261
1791599442.567 3629 967.183
1791599442.568 3630 967.990
1791599442.569 3637 967.596
1791599442.570 3638 968.399
1791599442.571 3645 966.503
1791599442.572 3646 967.436
1791599442.573 3653 968.171
1791599442.574 3654 969.140
1791599442.575 3661 968.767
1791599442.576 3662 969.611
1791599442.577 3669 969.241
1791599442.578 3670 970.047
1791599442.579 3677 969.653
1791599442.580 3678 970.461
1791599442.581 3685 968.579
1791599442.582 3686 969.512
1791599442.583 3693 970.210
1791599442.584 3694 971.181
1791599442.585 3701 970.670
1791599442.586 3702 971.626
1791599442.587 3709 971.290
1791599442.588 3710 972.095
1791599442.589 3717 971.698
1791599442.590 1913 1331.794
1791599442.591 1915 1332.687
1791599442.592 1921 1333.413
1791599442.593 1923 1334.355
1791599442.594 1929 1334.311
1791599442.595 1931 1334.915
1791599442.596 1937 1334.386
1791599442.597 1939 1335.443
1791599442.598 1945 1335.240
1791599442.599 1947 1335.838
1791599442.600 1953 1335.311
1791599442.601 1955 1336.215
1791599442.602 1961 1334.110
1791599442.603 1963 1334.998
1791599442.604 1969 1335.776
1791599442.605 1971 1336.684
1791599442.606 1977 1336.879
1791599442.607 1979 1336.622
1791599442.608 1985 1337.278
1791599442.609 1987 1337.891
1791599442.610 1993 1337.698
1791599442.611 1995 1338.312
1791599442.612 2001 1336.530
1791599442.613 2003 1337.420
1791599442.614 2009 1338.186
1791599442.615 2011 1339.124
1791599442.616 2017 1338.927
1791599442.617 2019 1339.539
1791599442.618 2025 1339.339
1791599442.619 2027 1339.956
1791599442.620 2033 1339.772
1791599442.621 2035 1338.428
1791599442.622 2041 1339.023
1791599442.623 2043 1339.956
1791599442.624 2049 1340.575
1791599442.625 2051 1341.178
1791599442.626 2057 1340.986
1791599442.627 2059 1341.123
1791599442.628 2065 1341.394
1791599442.629 2067 1341.999
1791599442.630 2073 1339.775
1791599442.631 2075 1340.638
1791599442.632 2081 1341.364
1791599442.633 2083 1342.304
1791599442.634 2089 1341.760
1791599442.636 2091 1342.655
1791599442.637 2097 1342.724
1791599442.638 2099 1343.643
1791599442.639 2105 1343.030
1791599442.640 2107 1343.965
1791599442.641 2113 1343.822
1791599442.642 2115 1342.425
1791599442.643 2121 1343.106
1791599442.644 2123 1344.027
1791599442.645 2129 1344.759
1791599442.646 2131 1345.326
1791599442.647 2137 1345.080
1791599442.648 2139 1345.589
1791599442.649 2145 1345.642
1791599442.650 2147 1346.251
1791599442.651 2153 1346.065
1791599442.652 2155 1346.670
1791599442.653 2161 1343.732
1791599442.654 2163 1344.633
1791599442.655 2169 1345.444
1791599442.656 2171 1346.392
1791599442.657 2177 1347.214
1791599442.658 2179 1346.562
1791599442.659 2185 1347.360
1791599442.660 2187 1348.299
1791599442.661 2193 1345.965
1791599442.662 2195 1346.866
1791599442.663 2201 1347.634
1791599442.664 2203 1348.579
1791599442.665 2209 1348.943
1791599442.666 2211 1349.314
1791599442.667 2217 1347.060
1791599442.668 2219 1347.999
1791599442.669 2225 1348.817
1791599442.670 2227 1349.757
1791599442.671 2233 1348.124
1791599442.672 2235 1349.002
1791599442.673 2241 1349.735
1791599442.674 2243 1350.681
1791599442.675 2249 1351.019
1791599442.676 2251 1351.630
1791599442.677 2257 1349.483
1791599442.678 2259 1350.423
1791599442.679 2265 1351.072
1791599442.680 2267 1352.015
1791599442.681 2273 1349.290
1791599442.682 2275 1350.145
1791599442.683 2281 1350.884
1791599442.684 2283 1351.827
1791599442.685 2289 1352.640
1791599442.686 2291 1353.587
1791599442.687 2297 1353.470
1791599442.688 2299 1354.133
1791599442.689 2305 1353.947
1791599442.690 2307 1354.557
1791599442.691 2313 1352.684
1791599442.692 2315 1353.046
1791599442.693 2321 1353.688
1791599442.694 2323 1354.637
1791599442.695 2329 1354.856
1791599442.696 2331 1355.790
1791599442.697 2337 1355.609
1791599442.698 2339 1356.298
1791599442.699 2345 1356.104
1791599442.700 2347 1355.010
1791599442.701 2353 1355.534
1791599442.702 2355 1356.312
1791599442.703 2361 1356.971
1791599442.704 2363 1357.485
1791599442.705 2369 1355.382
1791599442.706 2371 1356.319
1791599442.707 2377 1357.122
1791599442.708 2379 1358.070
1791599442.709 2385 1356.703
1791599442.710 2387 1357.575
1791599442.711 2393 1358.336
1791599442.712 2395 1358.886
1791599442.713 2401 1358.993
1791599442.714 2403 1359.601
1791599442.715 2409 1359.413
1791599442.716 2411 1360.017
1791599442.717 2417 1359.805
1791599442.718 2419 1360.436
1791599442.719 2425 1358.736
1791599442.720 2427 1359.617
1791599442.721 2433 1360.407
1791599442.722 2435 1359.656
1791599442.723 2441 1360.417
1791599442.724 2443 1361.360
1791599442.725 2449 1361.439
1791599442.726 2451 1362.094
1791599442.727 2457 1361.890
1791599442.728 2459 1362.476
1791599442.729 2465 1362.310
1791599442.730 2467 1362.916
1791599442.731 2473 1360.970
1791599442.732 2475 1361.878
1791599442.733 2481 1362.665
1791599442.734 2483 1363.615
1791599442.735 2489 1363.573
1791599442.736 2491 1363.943
1791599442.737 2497 1363.991
1791599442.738 2499 1364.598
1791599442.739 2505 1364.410
1791599442.740 2507 1365.023
1791599442.741 2513 1359.517
1791599442.743 2515 1360.423
1791599442.744 2521 1361.229
1791599442.745 2523 1362.169
1791599442.746 2529 1362.987
1791599442.747 2531 1363.910
1791599442.748 2537 1364.721
1791599442.749 2539 1365.822
1791599442.750 2545 1366.644
1791599442.751 2547 1366.774
1791599442.752 2553 1367.049
1791599442.753 2555 1367.653
1791599442.754 2561 1367.460
1791599442.755 2563 1368.066
1791599442.756 2569 1365.882
1791599442.757 2571 1366.669
1791599442.758 2577 1367.465
1791599442.759 2579 1368.410
1791599442.760 2585 1368.709
1791599442.761 2587 1369.316
1791599442.762 2593 1369.073
1791599442.763 2595 1369.718
1791599442.764 2601 1369.542
1791599442.765 2603 1370.152
1791599442.766 2609 1368.262
1791599442.767 2611 1369.121
1791599442.768 2617 1369.864
1791599442.769 2619 1370.813
1791599442.770 2625 1370.795
1791599442.771 2627 1371.303
1791599442.772 2633 1371.213
1791599442.773 2635 1371.823
1791599442.774 2641 1371.631
1791599442.775 2643 1372.233
1791599442.776 2649 1370.155
1791599442.777 2651 1371.026
1791599442.778 2657 1371.751
1791599442.779 2659 1372.693
1791599442.780 2665 1372.862
1791599442.781 2667 1373.470
1791599442.782 2673 1373.005
1791599442.783 2675 1373.926
1791599442.784 2681 1373.684
1791599442.785 2683 1374.290
1791599442.786 2689 1372.213
1791599442.787 2691 1373.116
1791599442.788 2697 1373.873
1791599442.789 2699 1374.816
1791599442.790 2705 1374.925
1791599442.791 2707 1375.528
1791599442.792 2713 1375.329
1791599442.793 2715 1375.937
1791599442.794 2721 1375.743
1791599442.795 2723 1376.335
1791599442.796 2729 1374.131
1791599442.797 2731 1375.023
1791599442.798 2737 1375.760
1791599442.799 2739 1376.788
1791599442.800 2745 1377.121
1791599442.801 2747 1377.489
1791599442.802 2753 1377.498
1791599442.803 2755 1378.112
1791599442.804 2761 1377.924
1791599442.805 2763 1378.538
1791599442.806 2769 1376.493
1791599442.807 2771 1377.386
1791599442.808 2777 1378.165
1791599442.809 2779 1379.114
1791599442.810 2785 1379.185
1791599442.811 2787 1379.800
1791599442.812 2793 1379.674
1791599442.813 2795 1380.217
1791599442.814 2801 1380.028
1791599442.815 2803 1378.678
1791599442.816 2809 1379.352
1791599442.817 2811 1380.278
1791599442.818 2817 1380.855
1791599442.819 2819 1381.447
1791599442.821 2825 1381.585
1791599442.822 2827 1382.197
1791599442.823 2833 1382.003
1791599442.824 2835 1382.613
1791599442.825 2841 1382.422
1791599442.826 2843 1381.220
1791599442.827 2849 1381.906
1791599442.828 2851 1382.849
1791599442.829 2857 1383.231
1791599442.830 2859 1383.865
1791599442.831 2865 1383.665
1791599442.832 2867 1384.279
1791599442.833 2873 1384.088
1791599442.834 2875 1384.698
1791599442.835 2881 1383.001
1791599442.836 2883 1383.905
1791599442.837 2889 1384.675
1791599442.838 2891 1385.407
1791599442.839 2897 1385.046
1791599442.840 2899 1386.295
1791599442.841 2905 1386.080
1791599442.842 2907 1386.694
1791599442.843 2913 1386.502
1791599442.844 2915 1387.106
1791599442.845 2921 1385.037
1791599442.846 2923 1385.925
1791599442.847 2929 1385.058
1791599442.848 2931 1385.991
1791599442.849 2937 1386.805
1791599442.850 2939 1387.859
1791599442.851 2945 1388.273
1791599442.852 2947 1388.881
1791599442.853 2953 1388.687
1791599442.854 2955 1389.294
1791599442.855 2961 1387.292
1791599442.856 2963 1388.194
1791599442.857 2969 1388.846
1791599442.858 2971 1389.789
1791599442.859 2977 1389.916
1791599442.860 2979 1390.529
1791599442.861 2985 1390.204
1791599442.862 2987 1390.707
1791599442.863 2993 1390.750
1791599442.864 2995 1391.357
1791599442.865 3001 1389.378
1791599442.866 3003 1390.281
1791599442.867 3009 1391.032
1791599442.868 3011 1391.977
1791599442.869 3017 1391.591
1791599442.870 3019 1392.531
1791599442.871 3025 1392.392
1791599442.872 3027 1393.002
1791599442.874 3033 1392.862
1791599442.875 3035 1393.473
1791599442.876 3041 1391.502
1791599442.877 3043 1392.397
1791599442.878 3049 1393.146
1791599442.879 3051 1394.088
1791599442.880 3057 1393.428
1791599442.881 3059 1394.361
1791599442.882 3065 1393.215
1791599442.883 3067 1394.161
1791599442.884 3073 1394.978
1791599442.885 3075 1395.923
1791599442.886 3081 1390.925
1791599442.887 3083 1391.827
1791599442.888 3089 1392.615
1791599442.889 3091 1393.556
1791599442.890 3097 1394.341
1791599442.894 3099 1398.096
1791599442.895 3105 1398.923
1791599442.896 3107 1399.869
1791599442.897 3113 1399.239
1791599442.898 3115 1400.111
1791599442.899 3121 1400.451
1791599442.900 3123 1401.292
1791599442.901 3129 1401.062
1791599442.902 3131 1401.672
1791599442.903 3137 1399.496
1791599442.904 3139 1400.493
1791599442.905 3145 1401.244
1791599442.906 3147 1402.185
1791599442.907 3153 1402.218
1791599442.908 3155 1402.702
1791599442.909 3161 1402.826
1791599442.910 3163 1403.436
1791599442.911 3169 1403.249
1791599442.912 3171 1403.862
1791599442.913 3177 1402.196
1791599442.914 3179 1403.105
1791599442.915 3185 1403.903
1791599442.916 3187 1404.475
1791599442.917 3193 1404.158
1791599442.918 3195 1405.085
1791599442.919 3201 1404.925
1791599442.920 3203 1405.530
1791599442.921 3209 1405.339
1791599442.922 3211 1404.089
1791599442.923 3217 1404.765
1791599442.924 3219 1405.688
1791599442.925 3225 1406.119
1791599442.926 3227 1406.764
1791599442.927 3233 1406.570
1791599442.928 3235 1407.183
1791599442.929 3241 1406.993
1791599442.930 3243 1407.585
1791599442.931 3249 1405.733
1791599442.932 3251 1406.605
1791599442.933 3257 1407.374
1791599442.934 3259 1408.311
1791599442.935 3265 1408.288
1791599442.936 3267 1408.823
1791599442.937 3273 1408.649
1791599442.938 3275 1409.069
1791599442.939 3281 1409.132
1791599442.940 3283 1409.742
1791599442.941 3289 1407.733
1791599442.942 3291 1408.633
1791599442.943 3297 1409.407
1791599442.944 3299 1410.350
1791599442.945 3305 1410.381
1791599442.946 3307 1410.992
1791599442.947 3313 1410.799
1791599442.948 3315 1411.410
1791599442.949 3321 1411.039
1791599442.951 3323 1411.852
1791599442.952 3329 1409.737
1791599442.953 3331 1410.630
1791599442.954 3337 1411.579
1791599442.955 3339 1412.635
1791599442.956 3345 1412.676
1791599442.957 3347 1413.543
1791599442.958 3353 1413.345
1791599442.959 3355 1413.693
1791599442.960 3361 1413.769
1791599442.961 3363 1413.007
1791599442.962 3369 1413.801
1791599442.964 3371 1415.599
1791599442.965 3377 1413.780
1791599442.966 3379 1414.646
1791599442.967 3385 1415.388
1791599442.968 3387 1416.257
1791599442.969 3393 1415.185
1791599442.970 3395 1416.116
1791599442.971 3401 1416.697
1791599442.972 3403 1417.369
1791599442.973 3409 1417.186
1791599442.974 3411 1417.796
1791599442.975 3417 1416.144
1791599442.976 3419 1417.055
1791599442.977 3425 1417.851
1791599442.978 3427 1417.974
1791599442.979 3433 1418.116
1791599442.980 3435 1419.039
1791599442.981 3441 1418.852
1791599442.982 3443 1419.474
1791599442.983 3449 1419.283
1791599442.984 3451 1418.079
1791599442.985 3457 1418.166
1791599442.986 3459 1418.990
1791599442.987 3465 1418.821
1791599442.988 3467 1419.766
1791599442.989 3473 1420.560
1791599442.990 3475 1421.168
1791599442.991 3481 1420.954
1791599442.992 3483 1421.589
1791599442.993 3489 1419.775
1791599442.994 3491 1420.680
1791599442.995 3497 1421.424
1791599442.996 3499 1422.376
1791599442.997 3505 1422.162
1791599442.998 3507 1422.805
1791599442.999 3513 1422.615
1791599443.000 3515 1423.218
1791599443.001 3521 1423.021
1791599443.002 3523 1423.628
1791599443.003 3529 1422.020
1791599443.004 3531 1422.933
1791599443.005 3537 1423.727
1791599443.007 3539 1422.268
1791599443.008 3545 1423.036
1791599443.009 3547 1423.982
1791599443.010 3553 1424.805
1791599443.011 3555 1425.752
1791599443.012 3561 1425.689
1791599443.013 3563 1424.490
1791599443.014 3569 1425.010
1791599443.015 3571 1425.935
1791599443.016 3577 1425.198
1791599443.017 3579 1426.101
1791599443.018 3585 1426.901
1791599443.019 3587 1427.538
1791599443.020 3593 1427.345
1791599443.021 3595 1427.960
1791599443.022 3601 1427.770
1791599443.023 3603 1426.541
1791599443.024 3609 1425.713
1791599443.025 3611 1426.645
1791599443.026 3617 1427.459
1791599443.027 3619 1428.375
1791599443.028 3625 1428.785
1791599443.029 3627 1429.580
1791599443.030 3633 1429.428
1791599443.031 3635 1430.039
1791599443.032 3641 1429.847
1791599443.033 3643 1428.663
1791599443.034 3649 1429.348
1791599443.035 3651 1430.288
1791599443.036 3657 1430.539
1791599443.037 3659 1430.900
1791599443.038 3665 1431.093
1791599443.039 3667 1431.702
1791599443.040 3673 1431.509
1791599443.041 3675 1432.117
1791599443.042 3681 1431.924
1791599443.043 3683 1430.761
1791599443.044 3689 1431.400
1791599443.045 3691 1432.333
1791599443.046 3697 1432.726
1791599443.047 3699 1433.357
1791599443.048 3705 1433.166
1791599443.049 3707 1433.774
1791599443.050 3713 1433.584
1791599443.051 3715 1434.191
1791599443.066 1912 1807.514
1791599443.067 1920 1808.106
1791599443.068 1928 1808.173
1791599443.069 1936 1807.078
1791599443.070 1944 1806.979
1791599443.071 1952 1806.398
1791599443.072 1960 1803.719
1791599443.073 1968 1804.359
1791599443.074 1976 1804.625
1791599443.075 1984 1803.997
1791599443.076 1992 1803.443
1791599443.077 2000 1801.121
1791599443.078 2008 1801.742
1791599443.079 2016 1801.623
1791599443.080 2024 1801.058
1791599443.081 2032 1800.482
1791599443.082 2040 1798.594
1791599443.083 2048 1799.284
1791599443.084 2056 1798.701
1791599443.085 2064 1798.107
1791599443.086 2072 1797.724
1791599443.087 2080 1796.142
1791599443.088 2088 1795.538
1791599443.089 2096 1795.941
1791599443.090 2104 1794.771
1791599443.091 2112 1794.767
1791599443.092 2120 1792.846
1791599443.093 2128 1793.495
1791599443.094 2136 1792.978
1791599443.095 2144 1792.403
1791599443.096 2152 1791.813
1791599443.097 2160 1788.342
1791599443.098 2168 1789.020
1791599443.099 2176 1789.791
1791599443.101 2184 1789.124
1791599443.102 2192 1786.756
1791599443.103 2200 1787.394
1791599443.104 2208 1787.895
1791599443.105 2216 1784.810
1791599443.106 2224 1785.556
1791599443.107 2232 1783.921
1791599443.108 2240 1784.456
1791599443.109 2248 1784.976
1791599443.110 2256 1782.194
1791599443.111 2264 1782.768
1791599443.112 2272 1781.160
1791599443.113 2280 1780.556
1791599443.114 2288 1781.319
1791599443.115 2296 1781.136
1791599443.116 2304 1780.763
1791599443.117 2312 1778.461
1791599443.118 2320 1778.423
1791599443.119 2328 1778.602
1791599443.120 2336 1778.493
1791599443.121 2344 1777.898
1791599443.122 2352 1776.330
1791599443.123 2360 1776.600
1791599443.124 2368 1774.001
1791599443.125 2376 1774.738
1791599443.126 2384 1773.330
1791599443.127 2392 1773.937
1791599443.128 2400 1773.745
1791599443.129 2408 1773.154
1791599443.130 2416 1772.498
1791599443.131 2424 1770.314
1791599443.132 2432 1770.951
1791599443.133 2440 1769.964
1791599443.134 2448 1770.115
1791599443.135 2456 1769.592
1791599443.136 2464 1769.004
1791599443.137 2472 1766.514
1791599443.138 2480 1767.170
1791599443.139 2488 1767.231
1791599443.140 2496 1766.638
1791599443.141 2504 1766.048
1791599443.142 2512 1759.992
1791599443.143 2520 1760.678
1791599443.144 2528 1761.426
1791599443.145 2536 1762.150
1791599443.146 2544 1762.910
1791599443.147 2552 1762.480
1791599443.148 2560 1761.896
1791599443.149 2568 1759.160
1791599443.150 2576 1759.707
1791599443.151 2584 1760.095
1791599443.153 2592 1759.994
1791599443.154 2600 1759.457
1791599443.155 2608 1757.025
1791599443.156 2616 1757.594
1791599443.157 2624 1757.651
1791599443.158 2632 1757.085
1791599443.159 2640 1756.495
1791599443.160 2648 1753.905
1791599443.161 2656 1754.456
1791599443.162 2664 1754.740
1791599443.163 2672 1754.129
1791599443.164 2680 1753.552
1791599443.165 2688 1750.952
1791599443.166 2696 1751.556
1791599443.167 2704 1751.755
1791599443.168 2712 1751.272
1791599443.169 2720 1750.681
1791599443.170 2728 1747.939
1791599443.171 2736 1748.512
1791599443.172 2744 1748.779
1791599443.173 2752 1748.299
1791599443.174 2760 1747.710
1791599443.175 2768 1745.304
1791599443.176 2776 1745.751
1791599443.177 2784 1745.929
1791599443.178 2792 1745.243
1791599443.179 2800 1744.753
1791599443.180 2808 1742.914
1791599443.181 2816 1743.623
1791599443.182 2824 1742.962
1791599443.186 2832 1745.168
1791599443.187 2840 1744.577
1791599443.188 2848 1742.895
1791599443.189 2856 1743.342
1791599443.190 2864 1742.794
1791599443.191 2872 1742.206
1791599443.192 2880 1739.968
1791599443.193 2888 1740.610
1791599443.194 2896 1740.471
1791599443.195 2904 1739.849
1791599443.196 2912 1739.258
1791599443.197 2920 1736.671
1791599443.198 2928 1735.646
1791599443.199 2936 1736.366
1791599443.200 2944 1736.881
1791599443.201 2952 1736.298
1791599443.202 2960 1733.754
1791599443.203 2968 1734.272
1791599443.204 2976 1734.581
1791599443.205 2984 1733.915
1791599443.206 2992 1733.324
1791599443.207 3000 1730.811
1791599443.208 3008 1731.437
1791599443.209 3016 1730.992
1791599443.210 3024 1731.028
1791599443.211 3032 1730.358
1791599443.212 3040 1727.860
1791599443.213 3048 1728.458
1791599443.214 3056 1727.739
1791599443.215 3064 1726.117
1791599443.216 3072 1726.867
1791599443.217 3080 1721.832
1791599443.218 3088 1722.497
1791599443.219 3096 1723.218
1791599443.220 3104 1723.978
1791599443.221 3112 1724.492
1791599443.222 3120 1724.009
1791599443.223 3128 1723.408
1791599443.224 3136 1720.657
1791599443.225 3144 1721.276
1791599443.226 3152 1721.599
1791599443.227 3160 1721.012
1791599443.228 3168 1720.422
1791599443.229 3176 1718.201
1791599443.230 3184 1718.886
1791599443.231 3192 1718.644
1791599443.232 3200 1718.054
1791599443.233 3208 1717.459
1791599443.234 3216 1715.733
1791599443.235 3224 1716.201
1791599443.236 3232 1715.686
1791599443.237 3240 1715.082
1791599443.238 3248 1712.680
1791599443.239 3256 1713.284
1791599443.240 3264 1713.312
1791599443.241 3272 1712.721
1791599443.242 3280 1712.132
1791599443.243 3288 1709.617
1791599443.244 3296 1710.225
1791599443.245 3304 1710.358
1791599443.246 3312 1709.771
1791599443.247 3320 1708.833
1791599443.248 3328 1706.540
1791599443.249 3336 1707.145
1791599443.250 3344 1707.135
1791599443.252 3352 1707.224
1791599443.253 3360 1706.636
1791599443.254 3368 1705.493
1791599443.255 3376 1703.643
1791599443.256 3384 1704.211
1791599443.257 3392 1702.986
1791599443.258 3400 1703.685
1791599443.259 3408 1703.064
1791599443.260 3416 1700.865
1791599443.261 3424 1701.542
1791599443.262 3432 1701.236
1791599443.263 3440 1700.703
1791599443.264 3448 1700.106
1791599443.265 3456 1697.840
1791599443.266 3464 1697.463
1791599443.267 3472 1698.211
1791599443.268 3480 1697.746
1791599443.269 3488 1695.425
1791599443.270 3496 1696.037
1791599443.271 3504 1695.760
1791599443.272 3512 1695.445
1791599443.273 3520 1694.855
1791599443.274 3528 1692.700
1791599443.275 3536 1693.374
1791599443.276 3544 1691.096
1791599443.277 3552 1691.849
1791599443.278 3560 1691.890
1791599443.279 3568 1690.041
1791599443.280 3576 1690.744
1791599443.281 3584 1689.902
1791599443.282 3592 1689.512
1791599443.283 3600 1688.923
1791599443.284 3608 1685.716
1791599443.285 3616 1686.432
1791599443.286 3624 1687.154
1791599443.287 3632 1686.535
1791599443.288 3640 1685.941
1791599443.289 3648 1684.286
1791599443.290 3656 1684.745
1791599443.291 3664 1684.171
1791599443.292 3672 1683.575
1791599443.293 3680 1682.978
1791599443.294 3688 1681.301
1791599443.295 3696 1681.739
1791599443.296 3704 1681.185
1791599443.297 3712 1680.603
1791599443.298 3720 1678.299
1791599443.299 3728 1678.938
1791599443.300 3736 1678.367
1791599443.301 3744 1677.237
1791599443.302 3752 1677.122
1791599443.303 3760 1676.297
1791599443.304 3768 1674.376
1791599443.305 3776 1675.046
1791599443.306 3784 1675.342
1791599443.307 3792 1674.172
1791599443.308 3800 1674.075
1791599443.309 3808 1671.922
1791599443.310 3816 1672.517
1791599443.311 3824 1671.922
1791599443.312 3832 1671.350
1791599443.313 3840 1671.127
1791599443.314 3848 1668.266
1791599443.315 3856 1668.770
1791599443.316 3864 1668.086
1791599443.317 3872 1668.796
1791599443.318 3880 1668.152
1791599443.319 3888 1665.774
1791599443.320 3896 1666.408
1791599443.321 3904 1666.357
1791599443.322 3912 1665.912
1791599443.323 3920 1665.317
1791599443.324 3928 1660.129
1791599443.325 3936 1660.707
1791599443.326 3944 1661.417
1791599443.327 3952 1662.134
1791599443.328 3960 1662.347
1791599443.329 3968 1660.180
1791599443.330 3976 1660.888
1791599443.331 3984 1660.260
1791599443.332 3992 1659.988
1791599443.333 4000 1659.409
1791599443.334 4008 1657.959
1791599443.335 4016 1657.589
1791599443.337 4024 1657.588
1791599443.338 4032 1657.051
1791599443.339 4040 1654.772
1791599443.340 4048 1655.416
1791599443.341 4056 1655.078
1791599443.342 4064 1654.697
1791599443.343 4072 1654.107
1791599443.344 4080 1652.160
1791599443.345 4088 1652.819
1791599443.346 4096 1652.387
1791599443.347 4104 1651.778
1791599443.348 4112 1651.189
1791599443.349 4120 1649.159
1791599443.350 4128 1649.811
1791599443.351 4136 1647.307
1791599443.352 4144 1648.052
1791599443.353 4152 1648.637
1791599443.354 4160 1646.999
1791599443.355 4168 1647.294
1791599443.356 4176 1646.875
1791599443.357 4184 1646.277
1791599443.358 4192 1645.687
1791599443.359 4200 1644.070
1791599443.360 4208 1644.056
1791599443.361 4216 1643.916
1791599443.362 4224 1643.329
1791599443.363 4232 1641.194
1791599443.364 4240 1641.869
1791599443.365 4248 1641.560
1791599443.366 4256 1640.971
1791599443.367 4264 1640.384
1791599443.368 4272 1638.327
1791599443.369 4280 1638.818
1791599443.370 4288 1638.620
1791599443.371 4296 1638.021
1791599443.372 4304 1635.748
1791599443.373 4312 1636.468
1791599443.374 4320 1636.207
1791599443.375 4328 1635.770
1791599443.376 4336 1635.181
1791599443.377 4344 1633.363
1791599443.378 4352 1634.054
1791599443.379 4360 1632.421
1791599443.380 4368 1632.658
1791599443.381 4376 1632.228
1791599443.383 4384 1630.366
1791599443.384 4392 1631.001
1791599443.385 4400 1629.554
1791599443.386 4408 1629.904
1791599443.387 4416 1629.269
1791599443.388 4424 1627.782
1791599443.389 4432 1628.089
1791599443.390 4440 1627.497
1791599443.391 4448 1626.939
1791599443.392 4456 1624.790
1791599443.393 4464 1625.461
1791599443.394 4472 1624.955
1791599443.395 4480 1624.521
1791599443.396 4488 1623.958
1791599443.397 4496 1621.670
1791599443.398 4504 1622.331
1791599443.399 4512 1622.166
1791599443.400 4520 1621.575
1791599443.401 4528 1620.980
1791599443.402 4536 1619.057
1791599443.403 4544 1619.718
1791599443.404 4552 1619.189
1791599443.405 4560 1618.588
1791599443.406 4568 1617.991
1791599443.407 4576 1614.813
1791599443.408 4584 1615.547
1791599443.409 4592 1615.874
1791599443.410 4600 1615.600
1791599443.411 4608 1615.005
1791599443.412 4616 1613.345
1791599443.413 4624 1613.764
1791599443.414 4632 1613.211
1791599443.415 4640 1612.620
1791599443.416 4648 1609.969
1791599443.417 4656 1610.546
1791599443.418 4664 1610.802
1791599443.419 4672 1610.291
1791599443.420 4680 1609.641
1791599443.421 4688 1607.175
1791599443.422 4696 1607.788
1791599443.423 4704 1607.904
1791599443.424 4712 1607.368
1791599443.425 4720 1606.763
1791599443.426 4728 1604.561
1791599443.427 4736 1605.199
1791599443.428 4744 1604.982
1791599443.429 4752 1604.330
1791599443.430 4760 1603.801
1791599443.431 4768 1602.069
1791599443.432 4776 1602.622
1791599443.433 4784 1602.025
1791599443.434 4792 1601.433
1791599443.435 4800 1599.167
1791599443.436 4808 1599.870
1791599443.437 4816 1599.323
1791599443.438 4824 1599.067
1791599443.439 4832 1598.483
1791599443.440 4840 1596.773
1791599443.441 4848 1595.296
1791599443.442 4856 1595.994
1791599443.443 4864 1596.105
1791599443.444 4872 1595.516
1791599443.445 4880 1593.565
1791599443.446 4888 1594.264
1791599443.447 4896 1593.725
1791599443.448 4904 1593.145
1791599443.449 4912 1590.696
1791599443.450 4920 1591.290
1791599443.451 4928 1591.352
1791599443.452 4936 1590.769
1791599443.453 4944 1590.180
1791599443.454 4952 1587.632
1791599443.455 4960 1588.266
1791599443.456 4968 1588.066
1791599443.457 4976 1588.174
1791599443.458 4984 1587.587
1791599443.459 4992 1585.128
1791599443.460 5000 1585.757
1791599443.461 5008 1585.450
1791599443.462 5016 1584.230
1791599443.463 5024 1584.627
1791599443.464 5032 1582.234
1791599443.466 5040 1582.868
1791599443.467 5048 1582.836
1791599443.468 5056 1582.241
1791599443.469 5064 1581.650
1791599443.470 5072 1579.488
1791599443.471 5080 1580.174
1791599443.472 5088 1579.853
1791599443.473 5096 1579.262
1791599443.474 5104 1578.669
1791599443.475 5112 1576.697
1791599443.476 5120 1577.396
1791599443.477 5128 1576.596
1791599443.478 5136 1576.454
1791599443.479 5144 1575.964
1791599443.480 5152 1574.394
1791599443.481 5160 1574.686
1791599443.482 5168 1574.214
1791599443.483 5176 1573.628
1791599443.484 5184 1572.998
1791599443.485 5192 1571.238
1791599443.486 5200 1570.487
1791599443.487 5208 1570.098
1791599443.488 5216 1570.604
1791599443.489 5224 1570.028
1791599443.490 5232 1568.185
1791599443.491 5240 1568.917
1791599443.492 5248 1568.329
1791599443.493 5256 1567.658
1791599443.494 5264 1567.072
1791599443.495 5272 1565.293
1791599443.496 5280 1565.838
1791599443.497 5288 1565.434
1791599443.498 5296 1564.845
1791599443.499 5304 1562.697
1791599443.500 5312 1562.023
1791599443.501 5320 1562.753
1791599443.502 5328 1562.474
1791599443.503 5336 1561.879
1791599443.504 5344 1559.065
1791599443.505 5352 1559.676
1791599443.506 5360 1557.464
1791599443.507 5368 1558.196
1791599443.508 5376 1558.936
1791599443.509 5384 1556.493
1791599443.510 5392 1557.143
1791599443.511 5400 1557.194
1791599443.512 5408 1556.575
1791599443.513 5416 1555.948
1791599443.514 5424 1553.491
1791599443.515 5432 1554.083
1791599443.516 5440 1553.447
1791599443.517 5448 1553.574
1791599443.518 5456 1552.978
1791599443.519 5464 1550.423
1791599443.520 5472 1550.987
1791599443.521 5480 1551.122
1791599443.522 5488 1550.613
1791599443.523 5496 1550.024
1791599443.524 5504 1547.409
1791599443.525 5512 1548.065
1791599443.526 5520 1548.350
1791599443.527 5528 1547.522
1791599443.528 5536 1545.613
1791599443.529 5544 1546.341
1791599443.530 5552 1544.740
1791599443.531 5560 1545.463
1791599443.532 5568 1544.712
1791599443.533 5576 1544.211
1791599443.534 5584 1543.620
1791599443.535 5592 1541.649
1791599443.537 5600 1542.350
1791599443.538 5608 1541.809
1791599443.539 5616 1541.262
1791599443.540 5624 1540.671
1791599443.541 5632 1538.750
1791599443.542 5640 1539.462
1791599443.543 5648 1538.724
1791599443.544 5656 1538.300
1791599443.545 5664 1537.714
1791599443.546 5672 1536.170
1791599443.547 5680 1536.506
1791599443.548 5688 1535.849
1791599443.549 5696 1535.368
1791599443.550 5704 1532.770
1791599443.551 5712 1533.360
1791599443.552 5720 1533.655
1791599443.553 5728 1533.000
1791599443.554 5736 1532.410
1791599443.555 5744 1531.816
1791599443.556 5752 1530.109
1791599443.557 5760 1530.042
1791599443.558 5768 1530.079
1791599443.559 5776 1529.449
1791599443.560 5784 1528.279
1791599443.561 5792 1526.700
1791599443.562 5800 1527.402
1791599443.563 5808 1527.083
1791599443.564 5816 1526.491
1791599443.565 5824 1525.896
1791599443.566 5832 1524.150
1791599443.567 5840 1524.708
1791599443.568 5848 1523.800
1791599443.569 5856 1523.529
1791599443.570 5864 1522.937
1791599443.571 5872 1521.449
1791599443.572 5880 1521.720
1791599443.573 5888 1521.190
1791599443.574 5896 1520.568
1791599443.575 5904 1518.070
1791599443.576 5912 1518.772
1791599443.577 5920 1518.742
1791599443.578 5928 1518.323
1791599443.579 5936 1517.737
1791599443.580 5944 1515.706
1791599443.581 5952 1516.343
1791599443.582 5960 1515.964
1791599443.583 5968 1515.374
1791599443.584 5976 1514.873
1791599443.585 5984 1512.344
1791599443.586 5992 1513.034
1791599443.587 6000 1513.079
1791599443.588 6008 1512.508
1791599443.589 6016 1511.914
1791599443.591 6024 1510.288
1791599443.592 6032 1510.985
1791599443.593 6040 1510.430
1791599443.594 6048 1509.914
1791599443.595 6056 1509.280
1791599443.596 6064 1507.115
1791599443.597 6072 1507.706
1791599443.598 6080 1507.516
1791599443.599 6088 1506.910
1791599443.600 6096 1506.324
1791599443.601 6104 1504.352
1791599443.602 6112 1505.066
1791599443.603 6120 1504.573
1791599443.604 6128 1503.750
1791599443.605 6136 1503.377
1791599443.606 6144 1501.441
1791599443.607 6152 1502.725
1791599443.608 6160 1502.253
1791599443.609 6168 1501.607
1791599443.610 6176 1501.016
1791599443.611 6184 1498.907
1791599443.612 6192 1499.545
1791599443.613 6200 1498.977
1791599443.614 6208 1498.644
1791599443.615 6216 1498.051
1791599443.616 6224 1496.623
1791599443.617 6232 1496.865
1791599443.618 6240 1496.275
1791599443.619 6248 1495.681
1791599443.620 6256 1493.652
1791599443.621 6264 1494.318
1791599443.622 6272 1493.898
1791599443.623 6280 1493.307
1791599443.624 6288 1492.712
1791599443.625 6296 1490.903
1791599443.626 6304 1491.110
1791599443.627 6312 1491.029
1791599443.629 6320 1490.437
1791599443.630 6328 1489.843
1791599443.631 6336 1487.961
1791599443.632 6344 1488.662
1791599443.633 6352 1488.067
1791599443.634 6360 1487.474
1791599443.635 6368 1486.879
1791599443.636 6376 1485.361
1791599443.637 6384 1485.259
1791599443.638 6392 1485.101
1791599443.639 6400 1484.509
1791599443.640 6408 1482.170
1791599443.641 6416 1482.784
1791599443.642 6424 1482.383
1791599443.643 6432 1482.151
1791599443.644 6440 1482.062
1791599443.645 6448 1479.783
1791599443.646 6456 1480.417
1791599443.647 6464 1480.255
1791599443.648 6472 1479.698
1791599443.649 6480 1479.105
1791599443.650 6488 1477.199
1791599443.651 6496 1477.910
1791599443.652 6504 1477.327
1791599443.653 6512 1476.738
1791599443.654 6520 1474.283
1791599443.655 6528 1474.892
1791599443.656 6536 1474.651
1791599443.657 6544 1474.363
1791599443.658 6552 1473.772
1791599443.659 6560 1471.297
1791599443.660 6568 1471.935
1791599443.661 6576 1471.791
1791599443.662 6584 1471.405
1791599443.663 6592 1470.816
1791599443.664 6600 1468.456
1791599443.665 6608 1469.105
1791599443.666 6616 1468.824
1791599443.667 6624 1468.316
1791599443.668 6632 1467.855
1791599443.669 6640 1465.819
1791599443.670 6648 1466.444
1791599443.671 6656 1465.661
1791599443.672 6664 1465.492
1791599443.673 6672 1464.899
1791599443.674 6680 1463.411
1791599443.675 6688 1463.438
1791599443.676 6696 1463.114
1791599443.677 6704 1462.526
1791599443.679 6712 1460.197
1791599443.680 6720 1460.813
1791599443.681 6728 1460.509
1791599443.682 6736 1460.252
1791599443.683 6744 1459.668
1791599443.684 6752 1457.412
1791599443.685 6760 1458.003
1791599443.686 6768 1457.315
1791599443.687 6776 1457.295
1791599443.688 6784 1456.707
1791599443.689 6792 1454.303
1791599443.690 6800 1454.927
1791599443.691 6808 1454.951
1791599443.692 6816 1454.332
1791599443.693 6824 1453.767
1791599443.694 6832 1451.878
1791599443.695 6840 1452.569
1791599443.696 6848 1451.987
1791599443.697 6856 1451.391
1791599443.698 6864 1450.796
1791599443.699 6872 1449.436
1791599443.700 6880 1449.352
1791599443.701 6888 1449.026
1791599443.702 6896 1448.431
1791599443.703 6904 1445.626
1791599443.704 6912 1445.663
1791599443.705 6920 1446.420
1791599443.706 6928 1446.050
1791599443.707 6936 1445.463
1791599443.708 6944 1443.177
1791599443.709 6952 1443.865
1791599443.710 6960 1443.686
1791599443.711 6968 1443.090
1791599443.712 6976 1442.498
1791599443.713 6984 1440.731
1791599443.714 6992 1439.983
1791599443.715 7000 1440.720
1791599443.716 7008 1439.862
1791599443.717 7016 1439.532
1791599443.718 7024 1437.937
1791599443.719 7032 1438.160
1791599443.720 7040 1437.748
1791599443.721 7048 1437.160
1791599443.722 7056 1436.569
1791599443.723 7064 1435.089
1791599443.724 7072 1435.113
1791599443.725 7080 1434.784
1791599443.726 7088 1434.199
1791599443.727 7096 1431.666
1791599443.728 7104 1421.345
1791599443.729 7112 1419.149
1791599443.730 7120 1419.904
1791599443.731 7128 1420.659
1791599443.732 7136 1421.425
1791599443.733 7144 1422.164
1791599443.734 7152 1422.934
1791599443.735 7160 1423.697
1791599443.736 7168 1424.470
1791599443.737 7176 1425.209
1791599443.738 7184 1421.275
1791599443.739 7192 1421.889
1791599443.740 7200 1422.634
1791599443.741 7208 1423.332
1791599443.742 7216 1424.084
1791599443.743 7224 1422.132
1791599443.744 7232 1422.886
1791599443.745 7240 1416.476
1791599443.746 7248 1417.110
1791599443.747 7256 1417.870
1791599443.748 7264 1418.536
1791599443.749 7272 1419.284
1791599443.750 7280 1420.042
1791599443.751 7288 1419.104
1791599443.752 7296 1418.934
1791599443.753 7304 1416.298
1791599443.754 7312 1417.002
1791599443.755 7320 1416.372
1791599443.756 7328 1416.452
1791599443.757 7336 1415.955
1791599443.758 7344 1413.721
1791599443.759 7352 1414.374
1791599443.760 7360 1414.189
1791599443.761 7368 1413.599
1791599443.762 7376 1413.013
1791599443.763 7384 1411.250
1791599443.764 7392 1411.822
1791599443.765 7400 1411.232
1791599443.766 7408 1410.641
1791599443.767 7416 1408.208
1791599443.768 7424 1408.677
1791599443.769 7432 1408.870
1791599443.770 7440 1408.272
1791599443.771 7448 1407.678
1791599443.772 7456 1405.664
1791599443.773 7464 1406.351
1791599443.774 7472 1405.896
1791599443.775 7480 1405.315
1791599443.776 7488 1404.730
1791599443.777 7496 1402.836
1791599443.778 7504 1403.489
1791599443.780 7512 1402.822
1791599443.781 7520 1402.454
1791599443.782 7528 1401.793
1791599443.783 7536 1399.561
1791599443.784 7544 1400.223
1791599443.785 7552 1400.100
1791599443.786 7560 1399.504
1791599443.787 7568 1398.907
1791599443.788 7576 1397.035
1791599443.789 7584 1397.731
1791599443.790 7592 1396.969
1791599443.791 7600 1396.565
1791599443.792 7608 1393.974
1791599443.793 7616 1394.515
1791599443.794 7624 1394.651
1791599443.795 7632 1394.284
1791599443.796 7640 1393.693
1791599443.797 7648 1391.683
1791599443.798 7656 1392.345
1791599443.799 7664 1391.922
1791599443.800 7672 1391.321
1791599443.801 7680 1390.724
1791599443.802 7688 1389.333
1791599443.803 7696 1389.233
1791599443.804 7704 1388.950
1791599443.805 7712 1388.357
1791599443.806 7720 1386.131
1791599443.807 7728 1385.547
1791599443.808 7736 1386.287
1791599443.809 7744 1385.975
1791599443.810 7752 1385.507
1791599443.811 7760 1383.476
1791599443.812 7768 1384.001
1791599443.813 7776 1383.689
1791599443.814 7784 1383.138
1791599443.815 7792 1382.540
1791599443.816 7800 1380.820
1791599443.817 7808 1381.355
1791599443.818 7816 1380.766
1791599443.819 7824 1380.178
1791599443.820 7832 1379.585
1791599443.821 7840 1377.792
1791599443.822 7848 1378.378
1791599443.823 7856 1377.793
1791599443.824 7864 1377.202
1791599443.825 7872 1376.616
1791599443.826 7880 1374.588
1791599443.827 7888 1375.247
1791599443.828 7896 1374.862
1791599443.829 7904 1374.237
1791599443.830 7912 1373.729
1791599443.831 7920 1371.468
1791599443.832 7928 1372.134
1791599443.833 7936 1371.634
1791599443.834 7944 1371.362
1791599443.835 7952 1370.768
1791599443.836 7960 1368.433
1791599443.837 7968 1369.090
1791599443.838 7976 1368.670
1791599443.839 7984 1368.386
1791599443.840 7992 1367.797
1791599443.841 8000 1365.260
1791599443.842 8008 1365.893
1791599443.843 8016 1365.976
1791599443.844 8024 1365.416
1791599443.845 8032 1364.819
1791599443.846 8040 1364.220
1791599443.847 8048 1362.011
1791599443.848 8056 1362.677
1791599443.849 8064 1362.451
1791599443.850 8072 1361.857
1791599443.851 8080 1361.260
1791599443.852 8088 1359.524
1791599443.853 8096 1359.998
1791599443.854 8104 1358.761
1791599443.855 8112 1358.881
1791599443.856 8120 1358.301
1791599443.857 8128 1356.038
1791599443.858 8136 1356.692
1791599443.859 8144 1356.511
1791599443.860 8152 1355.913
1791599443.861 8160 1353.970
1791599443.862 8168 1354.622
1791599443.863 8176 1354.142
1791599443.864 8184 1353.549
1791599443.865 8192 1352.952
1791599443.866 8200 1350.788
1791599443.867 8208 1350.432
1791599443.868 8216 1351.190
1791599443.869 8224 1350.573
1791599443.870 8232 1349.984
1791599443.871 8240 1347.533
1791599443.872 8248 1347.123
1791599443.873 8256 1347.837
1791599443.874 8264 1347.586
1791599443.875 8272 1347.012
1791599443.876 8280 1344.836
1791599443.877 8288 1345.539
1791599443.879 8296 1345.244
1791599443.880 8304 1344.677
1791599443.881 8312 1344.189
1791599443.882 8320 1342.752
1791599443.883 8328 1342.249
1791599443.884 8336 1342.420
1791599443.885 8344 1341.820
1791599443.886 8352 1339.673
1791599443.887 8360 1340.349
1791599443.888 8368 1333.699
1791599443.889 8376 1334.399
1791599443.890 8384 1335.146
1791599443.891 8392 1335.853
1791599443.892 8400 1336.607
1791599443.893 8408 1337.084
1791599443.894 8416 1336.495
1791599443.895 8424 1335.907
1791599443.896 8432 1332.856
1791599443.897 8440 1333.538
1791599443.898 8448 1333.438
1791599443.899 8456 1333.383
1791599443.900 8464 1332.953
1791599443.902 8472 1333.056
1791599443.903 8480 1331.576
1791599443.904 8488 1332.094
1791599443.905 8496 1331.547
1791599443.906 8504 1330.886
1791599443.907 8512 1330.291
1791599443.908 8520 1328.713
1791599443.909 8528 1328.601
1791599443.910 8536 1328.503
1791599443.911 8544 1327.919
1791599443.912 8552 1325.638
1791599443.913 8560 1326.246
1791599443.914 8568 1325.815
1791599443.915 8576 1325.541
1791599443.916 8584 1324.949
1791599443.917 8592 1322.740
1791599443.918 8600 1323.400
1791599443.919 8608 1322.630
1791599443.920 8616 1322.591
1791599443.921 8624 1322.002
1791599443.922 8632 1320.395
1791599443.923 8640 1320.302
1791599443.924 8648 1320.230
1791599443.925 8656 1319.645
1791599443.926 8664 1319.050
1791599443.927 8672 1317.142
1791599443.928 8680 1317.843
1791599443.929 8688 1317.257
1791599443.930 8696 1316.663
1791599443.931 8704 1314.132
1791599443.932 8712 1314.702
1791599443.933 8720 1314.981
1791599443.934 8728 1314.416
1791599443.935 8736 1313.805
1791599443.936 8744 1311.733
1791599443.937 8752 1312.368
1791599443.938 8760 1311.879
1791599443.939 8768 1311.416
1791599443.940 8776 1310.825
1791599443.941 8784 1308.863
1791599443.942 8792 1309.537
1791599443.943 8800 1309.043
1791599443.944 8808 1308.443
1791599443.945 8816 1305.979
1791599443.946 8824 1306.583
1791599443.947 8832 1306.642
1791599443.948 8840 1306.078
1791599443.949 8848 1305.492
1791599443.950 8856 1303.579
1791599443.951 8864 1304.224
1791599443.952 8872 1303.227
1791599443.953 8880 1303.131
1791599443.954 8888 1302.572
1791599443.955 8896 1300.499
1791599443.956 8904 1301.148
1791599443.957 8912 1300.770
1791599443.958 8920 1300.183
1791599443.959 8928 1299.594
1791599443.960 8936 1298.048
1791599443.961 8944 1298.089
1791599443.962 8952 1297.830
1791599443.963 8960 1297.239
1791599443.964 8968 1295.110
1791599443.965 8976 1295.785
1791599443.966 8984 1295.429
1791599443.967 8992 1294.884
1791599443.968 9000 1294.294
1791599443.969 9008 1290.912
1791599443.970 9016 1291.361
1791599443.971 9024 1292.118
1791599443.972 9032 1291.930
1791599443.973 9040 1291.338
1791599443.974 9048 1289.210
1791599443.975 9056 1289.871
1791599443.976 9064 1289.560
1791599443.977 9072 1288.972
1791599443.978 9080 1288.382
1791599443.979 9088 1286.709
1791599443.980 9096 1286.775
1791599443.981 9104 1286.606
1791599443.983 9112 1286.124
1791599443.984 9120 1283.823
1791599443.985 9128 1284.503
1791599443.986 9136 1284.364
1791599443.987 9144 1283.775
1791599443.988 9152 1283.188
1791599443.989 9160 1281.331
1791599443.990 9168 1282.009
1791599443.991 9176 1281.441
1791599443.992 9184 1280.847
1791599443.993 9192 1280.254
1791599443.994 9200 1278.023
1791599443.995 9208 1278.686
1791599443.996 9216 1278.444
1791599443.997 9224 1277.888
1791599443.998 9232 1277.299
1791599443.999 9240 1275.466
1791599444.000 9248 1276.156
1791599444.001 9256 1275.162
1791599444.002 9264 1274.933
1791599444.003 9272 1274.343
1791599444.004 9280 1272.693
1791599444.005 9288 1273.064
1791599444.006 9296 1272.483
1791599444.007 9304 1271.977
1791599444.008 9312 1268.635
1791599444.009 9320 1267.667
1791599444.010 9328 1268.397
1791599444.011 9336 1269.148
1791599444.012 9344 1269.172
1791599444.013 9352 1268.594
1791599444.014 9360 1266.968
1791599444.015 9368 1266.930
1791599444.016 9376 1266.816
1791599444.017 9384 1266.221
1791599444.018 9392 1263.858
1791599444.019 9400 1264.448
1791599444.020 9408 1264.245
1791599444.022 9416 1261.992
1791599444.023 9424 1262.909
1791599444.024 9432 1261.487
1791599444.025 9440 1259.957
1791599444.026 9448 1260.693
1791599444.027 9456 1261.444
1791599444.028 9464 1261.048
1791599444.029 9472 1258.664
1791599444.030 9480 1259.258
1791599444.031 9488 1258.798
1791599444.032 9496 1258.677
1791599444.033 9504 1258.081
1791599444.034 9512 1255.966
1791599444.035 9520 1256.390
1791599444.036 9528 1256.525
1791599444.037 9536 1256.048
1791599444.038 9544 1255.450
1791599444.040 9552 1254.511
1791599444.041 9560 1255.155
1791599444.042 9568 1254.595
1791599444.043 9576 1254.160
1791599444.044 9584 1253.562
1791599444.045 9592 1251.422
1791599444.046 9600 1252.092
1791599444.047 9608 1251.793
1791599444.048 9616 1251.201
1791599444.049 9624 1250.612
1791599444.050 9632 1249.052
1791599444.051 9640 1249.422
1791599444.052 9648 1248.808
1791599444.054 9656 1248.235
1791599444.055 9664 1246.011
1791599444.056 9672 1246.612
1791599444.057 9680 1246.447
1791599444.058 9688 1245.823
1791599444.059 9696 1245.272
1791599444.060 9704 1243.535
1791599444.061 9712 1244.060
1791599444.062 9720 1243.486
1791599444.063 9728 1242.889
1791599444.064 9736 1240.431
1791599444.065 9744 1241.061
1791599444.066 9752 1240.672
1791599444.067 9760 1240.518
1791599444.068 9768 1239.921
1791599444.069 9776 1237.391
1791599444.070 9784 1238.041
1791599444.071 9792 1237.881
1791599444.072 9800 1237.791
1791599444.073 9808 1237.205
1791599444.074 9816 1235.008
1791599444.075 9824 1235.523
1791599444.076 9832 1235.050
1791599444.077 9840 1234.036
1791599444.078 9848 1233.850
1791599444.079 9856 1233.540
1791599444.080 9864 1220.394
1791599444.081 9872 1221.019
1791599444.082 9880 1221.779
1791599444.083 9888 1222.541
1791599444.084 9896 1222.980
1791599444.085 9904 1222.372
1791599444.086 9912 1221.835
1791599444.087 9920 1221.676
1791599444.088 9928 1222.411
1791599444.089 9936 1223.177
1791599444.090 9944 1209.947
1791599444.091 9952 1210.662
1791599444.092 9960 1211.369
1791599444.093 9968 1212.090
1791599444.094 9976 1212.843
1791599444.095 9984 1213.574
1791599444.096 9992 1214.300
1791599444.097 10000 1215.017
1791599444.098 10008 1215.739
1791599444.099 10016 1215.312
1791599444.100 10024 1216.051
1791599444.101 10032 1216.821
1791599444.102 10040 1217.591
1791599444.103 10048 1218.327
1791599444.104 10056 1208.640
1791599444.105 10064 1203.346
1791599444.106 10072 1202.280
1791599444.107 10080 1202.118
1791599444.108 10088 1200.148
1791599444.109 10096 1199.100
1791599444.110 10104 1198.068
1791599444.111 10112 1194.145
1791599444.112 10120 1194.853
1791599444.113 10128 1194.715
1791599444.114 10136 1194.106
1791599444.115 10144 1194.138
1791599444.116 10152 1194.756
1791599444.117 10160 1195.469
1791599444.118 10168 1196.219
1791599444.119 10176 1196.962
1791599444.120 10184 1197.723
1791599444.121 10192 1196.568
1791599444.122 10200 1197.267
1791599444.123 10208 1198.068
1791599444.124 10216 1198.819
1791599444.125 10224 1199.553
1791599444.126 10232 1200.305
1791599444.127 10240 1201.048
1791599444.128 10248 1201.725
1791599444.129 10256 1199.541
1791599444.130 10264 1200.294
1791599444.131 10272 1200.992
1791599444.132 10280 1201.719
1791599444.133 10288 1201.814
1791599444.134 10296 1198.466
1791599444.135 10304 1199.202
1791599444.149 10312 1212.342
1791599444.150 10320 1211.800
1791599444.151 10328 1211.237
1791599444.152 10336 1210.623
1791599444.153 10344 1207.701
1791599444.154 10352 1208.396
1791599444.155 10360 1208.861
1791599444.156 10368 1208.274
1791599444.157 10376 1207.684
1791599444.158 10384 1203.674
1791599444.159 10392 1204.215
1791599444.160 10400 1204.960
1791599444.161 10408 1205.338
1791599444.162 10416 1204.499
1791599444.163 10424 1204.119
1791599444.164 10432 1203.532
1791599444.165 10440 1201.324
1791599444.166 10448 1201.967
1791599444.167 10456 1200.484
1791599444.168 10464 1201.195
1791599444.169 10472 1200.565
1791599444.170 10480 1198.918
1791599444.171 10488 1199.044
1791599444.172 10496 1197.198
1791599444.173 10504 1197.938
1791599444.174 10512 1197.609
1791599444.175 10520 1194.093
1791599444.176 10528 1194.271
1791599444.177 10536 1195.025
1791599444.178 10544 1195.230
1791599444.179 10552 1194.515
1791599444.180 10560 1192.183
1791599444.181 10568 1192.879
1791599444.182 10576 1192.848
1791599444.183 10584 1192.250
1791599444.184 10592 1191.655
1791599444.185 10600 1189.921
1791599444.186 10608 1190.454
1791599444.187 10616 1189.362
1791599444.188 10624 1189.272
1791599444.189 10632 1188.681
1791599444.190 3721 2570.298
1791599444.191 3723 2571.193
1791599444.192 3729 2571.982
1791599444.193 3731 2572.923
1791599444.194 3737 2572.404
1791599444.195 3739 2573.341
1791599444.196 3745 2572.276
1791599444.197 3747 2573.213
1791599444.198 3753 2573.144
1791599444.199 3755 2574.159
1791599444.200 3761 2573.451
1791599444.201 3763 2574.388
1791599444.202 3769 2572.514
1791599444.203 3771 2573.413
1791599444.204 3777 2574.202
1791599444.205 3779 2575.146
1791599444.206 3785 2575.250
1791599444.207 3787 2575.869
1791599444.208 3793 2575.323
1791599444.209 3795 2576.256
1791599444.210 3801 2576.085
1791599444.211 3803 2576.687
1791599444.212 3809 2575.076
1791599444.213 3811 2575.947
1791599444.214 3817 2576.715
1791599444.215 3819 2576.310
1791599444.216 3825 2577.145
1791599444.217 3827 2576.760
1791599444.218 3833 2577.550
1791599444.219 3835 2578.357
1791599444.220 3841 2578.169
1791599444.221 3843 2578.777
1791599444.222 3849 2576.438
1791599444.223 3851 2577.314
1791599444.224 3857 2578.021
1791599444.226 3859 2578.956
1791599444.227 3865 2578.335
1791599444.228 3867 2579.268
1791599444.229 3873 2579.861
1791599444.230 3875 2580.472
1791599444.231 3881 2580.281
1791599444.232 3883 2580.892
1791599444.233 3889 2579.056
1791599444.234 3891 2579.931
1791599444.235 3897 2580.710
1791599444.236 3899 2581.659
1791599444.237 3905 2581.523
1791599444.238 3907 2582.133
1791599444.239 3913 2581.955
1791599444.240 3915 2582.554
1791599444.241 3921 2582.366
1791599444.242 3923 2582.976
1791599444.243 3929 2578.307
1791599444.244 3931 2579.189
1791599444.245 3937 2579.933
1791599444.246 3939 2580.871
1791599444.247 3945 2581.658
1791599444.248 3947 2582.592
1791599444.249 3953 2583.380
1791599444.250 3955 2584.400
1791599444.251 3961 2584.474
1791599444.252 3963 2582.984
1791599444.253 3969 2583.500
1791599444.254 3971 2584.419
1791599444.255 3977 2585.233
1791599444.256 3979 2585.701
1791599444.257 3985 2585.597
1791599444.258 3987 2585.834
1791599444.259 3993 2586.182
1791599444.260 3995 2586.792
1791599444.261 4001 2584.732
1791599444.262 4003 2585.583
1791599444.263 4009 2586.310
1791599444.264 4011 2587.225
1791599444.265 4017 2586.956
1791599444.266 4019 2587.898
1791599444.267 4025 2587.820
1791599444.268 4027 2588.455
1791599444.269 4033 2588.263
1791599444.270 4035 2588.871
1791599444.271 4041 2587.124
1791599444.272 4043 2588.025
1791599444.273 4049 2588.899
1791599444.274 4051 2589.847
1791599444.275 4057 2589.570
1791599444.276 4059 2589.914
1791599444.277 4065 2590.032
1791599444.278 4067 2590.644
1791599444.279 4073 2590.459
1791599444.280 4075 2591.073
1791599444.281 4081 2589.666
1791599444.282 4083 2590.575
1791599444.283 4089 2591.358
1791599444.284 4091 2591.863
1791599444.285 4097 2591.710
1791599444.286 4099 2592.326
1791599444.287 4105 2592.134
1791599444.288 4107 2592.745
1791599444.289 4113 2592.559
1791599444.290 4115 2593.174
1791599444.291 4121 2591.685
1791599444.292 4123 2592.560
1791599444.293 4129 2593.373
1791599444.294 4131 2593.969
1791599444.295 4137 2591.457
1791599444.296 4139 2592.397
1791599444.297 4145 2593.216
1791599444.298 4147 2594.166
1791599444.299 4153 2594.673
1791599444.300 4155 2593.604
1791599444.301 4161 2594.250
1791599444.302 4163 2595.188
1791599444.303 4169 2595.559
1791599444.304 4171 2595.933
1791599444.305 4177 2596.012
1791599444.306 4179 2596.621
1791599444.307 4185 2596.433
1791599444.309 4187 2597.054
1791599444.310 4193 2594.995
1791599444.311 4195 2595.700
1791599444.312 4201 2596.386
1791599444.313 4203 2597.330
1791599444.314 4209 2597.399
1791599444.315 4211 2598.334
1791599444.316 4217 2598.114
1791599444.317 4219 2598.720
1791599444.318 4225 2598.529
1791599444.319 4227 2599.133
1791599444.320 4233 2597.567
1791599444.321 4235 2598.474
1791599444.322 4241 2599.266
1791599444.323 4243 2599.980
1791599444.324 4249 2599.787
1791599444.325 4251 2600.391
1791599444.326 4257 2600.195
1791599444.327 4259 2600.814
1791599444.328 4265 2600.607
1791599444.329 4267 2599.362
1791599444.330 4273 2599.683
1791599444.331 4275 2600.409
1791599444.332 4281 2601.207
1791599444.333 4283 2602.254
1791599444.334 4289 2602.155
1791599444.335 4291 2602.762
1791599444.336 4297 2602.569
1791599444.337 4299 2603.172
1791599444.338 4305 2601.413
1791599444.339 4307 2602.303
1791599444.340 4313 2603.068
1791599444.341 4315 2604.005
1791599444.342 4321 2603.780
1791599444.343 4323 2604.437
1791599444.344 4329 2604.212
1791599444.345 4331 2604.821
1791599444.346 4337 2604.631
1791599444.347 4339 2603.323
1791599444.348 4345 2603.959
1791599444.349 4347 2604.878
1791599444.350 4353 2605.317
1791599444.352 4355 2606.257
1791599444.353 4361 2605.469
1791599444.354 4363 2606.397
1791599444.355 4369 2606.722
1791599444.356 4371 2607.326
1791599444.357 4377 2607.167
1791599444.358 4379 2605.804
1791599444.359 4385 2606.460
1791599444.360 4387 2607.379
1791599444.361 4393 2606.028
1791599444.362 4395 2606.925
1791599444.363 4401 2607.692
1791599444.364 4403 2608.625
1791599444.365 4409 2609.293
1791599444.366 4411 2609.902
1791599444.367 4417 2607.862
1791599444.368 4419 2608.712
1791599444.369 4425 2609.381
1791599444.370 4427 2610.321
1791599444.371 4433 2610.592
1791599444.372 4435 2611.104
1791599444.373 4441 2610.701
1791599444.374 4443 2611.606
1791599444.375 4449 2611.396
1791599444.376 4451 2612.008
1791599444.377 4457 2610.443
1791599444.378 4459 2611.355
1791599444.379 4465 2612.154
1791599444.380 4467 2612.929
1791599444.382 4473 2613.102
1791599444.383 4475 2613.730
1791599444.384 4481 2613.541
1791599444.385 4483 2614.213
1791599444.386 4489 2614.028
1791599444.387 4491 2614.638
1791599444.388 4497 2612.905
1791599444.389 4499 2613.813
1791599444.390 4505 2614.604
1791599444.391 4507 2615.548
1791599444.392 4513 2615.278
1791599444.393 4515 2615.893
1791599444.394 4521 2615.707
1791599444.395 4523 2616.315
1791599444.396 4529 2616.131
1791599444.397 4531 2614.693
1791599444.398 4537 2615.333
1791599444.399 4539 2616.246
1791599444.400 4545 2616.888
1791599444.401 4547 2617.360
1791599444.402 4553 2617.381
1791599444.403 4555 2618.048
1791599444.404 4561 2617.851
1791599444.405 4563 2618.457
1791599444.406 4569 2616.231
1791599444.407 4571 2615.536
1791599444.408 4577 2616.236
1791599444.409 4579 2617.173
1791599444.410 4585 2617.994
1791599444.411 4587 2618.936
1791599444.412 4593 2619.311
1791599444.413 4595 2620.087
1791599444.414 4601 2619.897
1791599444.415 4603 2620.501
1791599444.416 4609 2618.196
1791599444.417 4611 2619.076
1791599444.418 4617 2619.818
1791599444.419 4619 2620.759
1791599444.420 4625 2620.853
1791599444.421 4627 2621.776
1791599444.422 4633 2621.553
1791599444.423 4635 2622.161
1791599444.425 4641 2622.238
1791599444.426 4643 2622.851
1791599444.427 4649 2620.716
1791599444.428 4651 2621.600
1791599444.429 4657 2622.353
1791599444.430 4659 2623.289
1791599444.431 4665 2623.649
1791599444.432 4667 2624.259
1791599444.433 4673 2624.064
1791599444.434 4675 2624.674
1791599444.435 4681 2624.481
1791599444.436 4683 2625.091
1791599444.437 4689 2623.137
1791599444.438 4691 2624.028
1791599444.439 4697 2624.791
1791599444.440 4699 2625.740
1791599444.441 4705 2625.721
1791599444.442 4707 2626.335
1791599444.443 4713 2626.142
1791599444.444 4715 2626.750
1791599444.445 4721 2626.548
1791599444.446 4723 2627.156
1791599444.447 4729 2625.497
1791599444.448 4731 2626.403
1791599444.449 4737 2627.170
1791599444.450 4739 2627.954
1791599444.451 4745 2627.797
1791599444.452 4747 2628.413
1791599444.453 4753 2628.182
1791599444.454 4755 2628.922
1791599444.455 4761 2628.732
1791599444.456 4763 2627.508
1791599444.457 4769 2628.004
1791599444.458 4771 2628.919
1791599444.459 4777 2629.473
1791599444.460 4779 2630.156
1791599444.461 4785 2629.971
1791599444.462 4787 2630.576
1791599444.463 4793 2630.388
1791599444.464 4795 2628.640
1791599444.465 4801 2629.287
1791599444.466 4803 2630.212
1791599444.467 4809 2631.027
1791599444.468 4811 2631.812
1791599444.469 4817 2631.454
1791599444.470 4819 2632.260
1791599444.471 4825 2632.074
1791599444.472 4827 2632.682
1791599444.473 4833 2630.585
1791599444.474 4835 2631.248
1791599444.475 4841 2631.928
1791599444.476 4843 2632.863
1791599444.477 4849 2631.450
1791599444.478 4851 2632.382
1791599444.479 4857 2633.194
1791599444.480 4859 2634.135
1791599444.481 4865 2634.145
1791599444.482 4867 2634.755
1791599444.483 4873 2634.564
1791599444.484 4875 2633.062
1791599444.485 4881 2633.761
1791599444.486 4883 2634.703
1791599444.487 4889 2635.335
1791599444.488 4891 2635.947
1791599444.489 4897 2635.800
1791599444.490 4899 2636.416
1791599444.491 4905 2636.227
1791599444.492 4907 2636.833
1791599444.493 4913 2634.923
1791599444.494 4915 2635.825
1791599444.495 4921 2636.559
1791599444.496 4923 2637.503
1791599444.497 4929 2637.468
1791599444.498 4931 2638.058
1791599444.499 4937 2637.888
1791599444.500 4939 2638.500
1791599444.501 4945 2638.309
1791599444.502 4947 2638.920
1791599444.503 4953 2636.911
1791599444.505 4955 2637.935
1791599444.506 4961 2638.696
1791599444.507 4963 2639.642
1791599444.508 4969 2639.493
1791599444.509 4971 2640.270
1791599444.510 4977 2640.089
1791599444.511 4979 2640.695
1791599444.512 4985 2640.502
1791599444.513 4987 2641.106
1791599444.514 4993 2639.190
1791599444.515 4995 2640.091
1791599444.516 5001 2640.848
1791599444.517 5003 2641.815
1791599444.518 5009 2641.542
1791599444.519 5011 2642.341
1791599444.520 5017 2641.325
1791599444.521 5019 2642.259
1791599444.522 5025 2642.597
1791599444.523 5027 2643.196
1791599444.524 5033 2641.359
1791599444.525 5035 2642.263
1791599444.526 5041 2643.021
1791599444.527 5043 2643.964
1791599444.528 5049 2643.844
1791599444.529 5051 2644.454
1791599444.530 5057 2644.261
1791599444.531 5059 2644.867
1791599444.532 5065 2644.678
1791599444.533 5067 2645.286
1791599444.534 5073 2643.671
1791599444.535 5075 2644.576
1791599444.536 5081 2645.390
1791599444.537 5083 2646.138
1791599444.538 5089 2645.919
1791599444.539 5091 2646.541
1791599444.540 5097 2646.350
1791599444.541 5099 2646.953
1791599444.542 5105 2646.760
1791599444.543 5107 2647.363
1791599444.544 5113 2645.790
1791599444.545 5115 2646.692
1791599444.546 5121 2647.511
1791599444.547 5123 2648.222
1791599444.548 5129 2647.698
1791599444.549 5131 2648.631
1791599444.550 5137 2648.414
1791599444.551 5139 2649.021
1791599444.552 5145 2646.816
1791599444.553 5147 2647.680
1791599444.554 5153 2648.415
1791599444.555 5155 2649.447
1791599444.556 5161 2649.802
1791599444.557 5163 2650.381
1791599444.558 5169 2650.155
1791599444.559 5171 2650.021
1791599444.560 5177 2650.569
1791599444.561 5179 2651.185
1791599444.562 5185 2650.998
1791599444.563 5187 2649.736
1791599444.564 5193 2650.379
1791599444.565 5195 2651.315
1791599444.566 5201 2650.642
1791599444.567 5203 2651.572
1791599444.568 5209 2651.292
1791599444.569 5211 2652.234
1791599444.570 5217 2652.660
1791599444.571 5219 2653.271
1791599444.572 5225 2653.084
1791599444.573 5227 2651.729
1791599444.574 5233 2652.394
1791599444.575 5235 2653.331
1791599444.576 5241 2653.808
1791599444.577 5243 2654.459
1791599444.578 5249 2654.004
1791599444.579 5251 2654.917
1791599444.580 5257 2654.734
1791599444.581 5259 2655.343
1791599444.582 5265 2653.132
1791599444.583 5267 2653.977
1791599444.584 5273 2654.522
1791599444.585 5275 2655.460
1791599444.586 5281 2655.946
1791599444.587 5283 2656.586
1791599444.588 5289 2656.395
1791599444.589 5291 2657.003
1791599444.590 5297 2656.806
1791599444.591 5299 2657.410
1791599444.592 5305 2655.816
1791599444.593 5307 2656.719
1791599444.594 5313 2656.160
1791599444.595 5315 2657.098
1791599444.596 5321 2657.908
1791599444.597 5323 2658.200
1791599444.598 5329 2658.465
1791599444.599 5331 2659.073
1791599444.600 5337 2658.881
1791599444.601 5339 2659.484
1791599444.602 5345 2657.203
1791599444.603 5347 2658.081
1791599444.604 5353 2658.859
1791599444.605 5355 2659.907
1791599444.606 5361 2657.746
1791599444.607 5363 2658.680
1791599444.609 5369 2659.499
1791599444.610 5371 2660.444
1791599444.611 5377 2661.096
1791599444.612 5379 2661.663
1791599444.613 5385 2659.783
1791599444.614 5387 2660.685
1791599444.615 5393 2661.468
1791599444.616 5395 2662.411
1791599444.617 5401 2662.130
1791599444.618 5403 2662.937
1791599444.619 5409 2662.716
1791599444.620 5411 2663.323
1791599444.621 5417 2663.032
1791599444.622 5419 2663.752
1791599444.623 5425 2661.836
1791599444.624 5427 2662.716
1791599444.625 5433 2663.460
1791599444.626 5435 2664.395
1791599444.627 5441 2663.824
1791599444.628 5443 2664.762
1791599444.629 5449 2664.800
1791599444.630 5451 2665.411
1791599444.631 5457 2665.217
1791599444.632 5459 2665.818
1791599444.633 5465 2663.775
1791599444.634 5467 2664.651
1791599444.635 5473 2665.401
1791599444.636 5475 2666.219
1791599444.637 5481 2665.995
1791599444.638 5483 2666.922
1791599444.639 5489 2666.876
1791599444.640 5491 2667.482
1791599444.641 5497 2667.287
1791599444.642 5499 2667.889
1791599444.643 5505 2665.797
1791599444.644 5507 2666.677
1791599444.645 5513 2667.405
1791599444.646 5515 2668.349
1791599444.647 5521 2668.531
1791599444.648 5523 2669.129
1791599444.649 5529 2668.862
1791599444.650 5531 2669.536
1791599444.651 5537 2667.951
1791599444.652 5539 2668.890
1791599444.653 5545 2669.702
1791599444.654 5547 2668.428
1791599444.655 5553 2669.091
1791599444.656 5555 2670.133
1791599444.657 5561 2670.643
1791599444.658 5563 2671.347
1791599444.659 5569 2671.196
1791599444.660 5571 2671.543
1791599444.661 5577 2671.537
1791599444.662 5579 2672.142
1791599444.663 5585 2671.980
1791599444.664 5587 2672.552
1791599444.665 5593 2671.135
1791599444.666 5595 2672.040
1791599444.667 5601 2672.634
1791599444.668 5603 2672.931
1791599444.669 5609 2672.889
1791599444.670 5611 2673.808
1791599444.671 5617 2673.608
1791599444.672 5619 2674.212
1791599444.673 5625 2674.021
1791599444.674 5627 2672.616
1791599444.675 5633 2673.257
1791599444.676 5635 2674.180
1791599444.677 5641 2674.374
1791599444.678 5643 2675.283
1791599444.679 5649 2675.335
1791599444.680 5651 2675.951
1791599444.681 5657 2675.767
1791599444.682 5659 2676.379
1791599444.683 5665 2674.202
1791599444.684 5667 2675.076
1791599444.685 5673 2675.809
1791599444.686 5675 2676.748
1791599444.687 5681 2677.051
1791599444.688 5683 2677.645
1791599444.689 5689 2677.509
1791599444.690 5691 2678.064
1791599444.691 5697 2677.876
1791599444.692 5699 2678.486
1791599444.693 5705 2676.415
1791599444.694 5707 2677.315
1791599444.695 5713 2678.068
1791599444.696 5715 2679.017
1791599444.697 5721 2679.133
1791599444.698 5723 2679.397
1791599444.699 5729 2679.568
1791599444.700 5731 2680.179
1791599444.701 5737 2679.988
1791599444.702 5739 2680.596
1791599444.703 5745 2678.317
1791599444.704 5747 2679.159
1791599444.705 5753 2679.769
1791599444.707 5755 2680.811
1791599444.708 5761 2680.910
1791599444.709 5763 2681.841
1791599444.710 5769 2681.783
1791599444.711 5771 2682.395
1791599444.712 5777 2682.197
1791599444.713 5779 2681.405
1791599444.714 5785 2682.198
1791599444.715 5787 2683.142
1791599444.716 5793 2681.603
1791599444.717 5795 2682.508
1791599444.718 5801 2683.321
1791599444.719 5803 2684.025
1791599444.720 5809 2683.831
1791599444.721 5811 2684.435
1791599444.722 5817 2684.238
1791599444.723 5819 2684.502
1791599444.724 5825 2684.643
1791599444.725 5827 2683.385
1791599444.726 5833 2684.036
1791599444.727 5835 2684.954
1791599444.728 5841 2685.452
1791599444.729 5843 2686.053
1791599444.730 5849 2685.691
1791599444.731 5851 2686.465
1791599444.732 5857 2686.276
1791599444.733 5859 2686.888
1791599444.734 5865 2684.752
1791599444.735 5867 2685.628
1791599444.736 5873 2686.367
1791599444.737 5875 2687.190
1791599444.738 5881 2687.450
1791599444.739 5883 2688.096
1791599444.740 5889 2687.941
1791599444.741 5891 2688.549
1791599444.742 5897 2688.348
1791599444.743 5899 2688.967
1791599444.744 5905 2686.985
1791599444.745 5907 2687.876
1791599444.746 5913 2688.618
1791599444.747 5915 2689.719
1791599444.748 5921 2689.757
1791599444.749 5923 2690.348
1791599444.750 5929 2690.173
1791599444.751 5931 2690.784
1791599444.752 5937 2690.593
1791599444.753 5939 2691.200
1791599444.754 5945 2689.710
1791599444.755 5947 2690.615
1791599444.756 5953 2691.373
1791599444.757 5955 2692.103
1791599444.758 5961 2691.923
1791599444.759 5963 2692.530
1791599444.760 5969 2692.336
1791599444.761 5971 2692.942
1791599444.762 5977 2692.750
1791599444.763 5979 2691.447
1791599444.764 5985 2691.361
1791599444.765 5987 2692.275
1791599444.766 5993 2693.084
1791599444.767 5995 2694.030
1791599444.768 6001 2693.987
1791599444.769 6003 2694.595
1791599444.770 6009 2694.402
1791599444.771 6011 2695.013
1791599444.772 6017 2694.821
1791599444.773 6019 2695.428
1791599444.774 6025 2694.011
1791599444.775 6027 2694.914
1791599444.776 6033 2695.684
1791599444.777 6035 2696.249
1791599444.778 6041 2696.043
1791599444.779 6043 2696.700
1791599444.780 6049 2696.478
1791599444.781 6051 2697.069
1791599444.782 6057 2696.884
1791599444.783 6059 2697.493
1791599444.784 6065 2695.863
1791599444.785 6067 2696.720
1791599444.786 6073 2697.490
1791599444.787 6075 2698.140
1791599444.788 6081 2698.125
1791599444.789 6083 2698.731
1791599444.790 6089 2698.542
1791599444.791 6091 2699.149
1791599444.792 6097 2698.946
1791599444.793 6099 2699.563
1791599444.794 6105 2698.137
1791599444.795 6107 2699.043
1791599444.796 6113 2699.856
1791599444.797 6115 2700.385
1791599444.798 6121 2700.191
1791599444.799 6123 2700.800
1791599444.800 6129 2700.531
1791599444.801 6131 2701.205
1791599444.802 6137 2701.025
1791599444.803 6139 2701.629
1791599444.805 6145 2700.232
1791599444.806 6147 2701.142
1791599444.807 6153 2701.883
1791599444.808 6155 2702.432
1791599444.809 6161 2702.374
1791599444.810 6163 2702.988
1791599444.811 6169 2702.800
1791599444.812 6171 2703.404
1791599444.813 6177 2703.213
1791599444.814 6179 2703.820
1791599444.815 6185 2702.259
1791599444.816 6187 2703.164
1791599444.817 6193 2703.925
1791599444.818 6195 2704.648
1791599444.819 6201 2704.353
1791599444.820 6203 2705.067
1791599444.821 6209 2704.878
1791599444.822 6211 2705.483
1791599444.823 6217 2703.443
1791599444.824 6219 2704.305
1791599444.825 6225 2705.014
1791599444.826 6227 2705.955
1791599444.827 6233 2706.113
1791599444.828 6235 2706.721
1791599444.829 6241 2706.279
1791599444.830 6243 2707.205
1791599444.831 6249 2706.943
1791599444.832 6251 2707.550
1791599444.833 6257 2706.068
1791599444.834 6259 2706.971
1791599444.835 6265 2707.768
1791599444.836 6267 2707.872
1791599444.837 6273 2708.198
1791599444.838 6275 2708.808
1791599444.839 6281 2708.617
1791599444.840 6283 2709.224
1791599444.841 6289 2709.033
1791599444.842 6291 2707.861
1791599444.843 6297 2708.375
1791599444.844 6299 2709.294
1791599444.845 6305 2709.584
1791599444.846 6307 2710.513
1791599444.847 6313 2710.274
1791599444.848 6315 2710.881
1791599444.849 6321 2710.688
1791599444.850 6323 2711.292
1791599444.851 6329 2711.102
1791599444.852 6331 2709.689
1791599444.853 6337 2710.349
1791599444.854 6339 2711.284
1791599444.855 6345 2711.924
1791599444.856 6347 2712.265
1791599444.857 6353 2712.334
1791599444.858 6355 2713.041
1791599444.859 6361 2712.847
1791599444.860 6363 2713.449
1791599444.861 6369 2711.316
1791599444.862 6371 2712.170
1791599444.863 6377 2712.890
1791599444.864 6379 2713.829
1791599444.865 6385 2713.788
1791599444.866 6387 2714.721
1791599444.867 6393 2714.475
1791599444.868 6395 2715.081
1791599444.869 6401 2714.884
1791599444.870 6403 2715.485
1791599444.871 6409 2713.687
1791599444.872 6411 2714.589
1791599444.873 6417 2715.330
1791599444.874 6419 2716.271
1791599444.875 6425 2715.923
1791599444.876 6427 2716.705
1791599444.877 6433 2716.510
1791599444.878 6435 2717.115
1791599444.879 6441 2716.918
1791599444.880 6443 2717.521
1791599444.881 6449 2715.776
1791599444.882 6451 2716.675
1791599444.883 6457 2717.435
1791599444.884 6459 2718.377
1791599444.885 6465 2718.137
1791599444.886 6467 2718.744
1791599444.887 6473 2718.551
1791599444.888 6475 2719.158
1791599444.889 6481 2718.961
1791599444.890 6483 2717.677
1791599444.891 6489 2718.206
1791599444.892 6491 2719.125
1791599444.893 6497 2719.770
1791599444.894 6499 2720.259
1791599444.895 6505 2720.182
1791599444.896 6507 2720.786
1791599444.897 6513 2720.588
1791599444.898 6515 2721.198
1791599444.899 6521 2719.270
1791599444.900 6523 2720.167
1791599444.901 6529 2720.918
1791599444.902 6531 2721.858
1791599444.903 6537 2721.640
1791599444.904 6539 2722.421
1791599444.905 6545 2722.230
1791599444.906 6547 2722.834
1791599444.907 6553 2722.637
1791599444.908 6555 2723.364
1791599444.909 6561 2721.419
1791599444.910 6563 2722.315
1791599444.911 6569 2723.092
1791599444.912 6571 2724.038
1791599444.913 6577 2723.951
1791599444.914 6579 2724.664
1791599444.915 6585 2724.398
1791599444.916 6587 2725.002
1791599444.917 6593 2724.804
1791599444.918 6595 2725.408
1791599444.919 6601 2723.582
1791599444.920 6603 2724.476
1791599444.921 6609 2725.259
1791599444.922 6611 2726.198
1791599444.923 6617 2725.974
1791599444.924 6619 2725.676
1791599444.925 6625 2726.470
1791599444.927 6627 2727.034
1791599444.928 6633 2726.844
1791599444.929 6635 2727.450
1791599444.930 6641 2725.949
1791599444.931 6643 2726.814
1791599444.932 6649 2727.594
1791599444.933 6651 2728.098
1791599444.934 6657 2727.803
1791599444.935 6659 2728.739
1791599444.936 6665 2728.475
1791599444.937 6667 2729.074
1791599444.938 6673 2726.982
1791599444.939 6675 2727.819
1791599444.940 6681 2728.542
1791599444.941 6683 2729.478
1791599444.942 6689 2729.576
1791599444.943 6691 2730.288
1791599444.944 6697 2730.099
1791599444.945 6699 2730.703
1791599444.946 6705 2730.507
1791599444.947 6707 2731.112
1791599444.948 6713 2729.220
1791599444.949 6715 2730.120
1791599444.950 6721 2730.862
1791599444.951 6723 2731.800
1791599444.952 6729 2731.527
1791599444.953 6731 2732.326
1791599444.954 6737 2732.152
1791599444.955 6739 2732.758
1791599444.956 6745 2732.562
1791599444.957 6747 2733.165
1791599444.958 6753 2731.443
1791599444.959 6755 2732.443
1791599444.960 6761 2733.173
1791599444.961 6763 2734.063
1791599444.962 6769 2733.491
1791599444.963 6771 2734.428
1791599444.964 6777 2734.306
1791599444.965 6779 2734.911
1791599444.966 6785 2734.714
1791599444.967 6787 2735.315
1791599444.968 6793 2733.449
1791599444.969 6795 2734.345
1791599444.970 6801 2735.112
1791599444.971 6803 2736.055
1791599444.972 6809 2735.945
1791599444.973 6811 2736.558
1791599444.974 6817 2736.363
1791599444.975 6819 2736.969
1791599444.976 6825 2736.751
1791599444.977 6827 2737.381
1791599444.978 6833 2736.038
1791599444.979 6835 2736.945
1791599444.980 6841 2737.054
1791599444.981 6843 2737.965
1791599444.982 6849 2738.021
1791599444.983 6851 2738.632
1791599444.984 6857 2738.435
1791599444.985 6859 2739.041
1791599444.986 6865 2737.063
1791599444.987 6867 2737.919
1791599444.988 6873 2738.648
1791599444.989 6875 2739.588
1791599444.990 6881 2739.569
1791599444.991 6883 2740.284
1791599444.992 6889 2740.094
1791599444.993 6891 2740.701
1791599444.994 6897 2740.506
1791599444.995 6899 2741.112
1791599444.996 6905 2738.836
1791599444.997 6907 2739.151
1791599444.998 6913 2739.924
1791599444.999 6915 2740.870
1791599445.000 6921 2741.689
1791599445.001 6923 2742.331
1791599445.002 6929 2742.160
1791599445.003 6931 2742.767
1791599445.004 6937 2742.575
1791599445.005 6939 2741.506
1791599445.006 6945 2741.408
1791599445.007 6947 2742.340
1791599445.008 6953 2743.157
1791599445.009 6955 2743.626
1791599445.010 6961 2743.910
1791599445.011 6963 2744.514
1791599445.012 6969 2744.320
1791599445.013 6971 2744.930
1791599445.014 6977 2744.737
1791599445.015 6979 2743.445
1791599445.016 6985 2744.130
1791599445.017 6987 2745.071
1791599445.018 6993 2744.389
1791599445.019 6995 2745.329
1791599445.020 7001 2744.602
1791599445.021 7003 2745.508
1791599445.022 7009 2746.309
1791599445.023 7011 2747.011
1791599445.024 7017 2744.860
1791599445.025 7019 2745.714
1791599445.026 7025 2746.385
1791599445.027 7027 2747.320
1791599445.028 7033 2747.623
1791599445.029 7035 2748.001
1791599445.030 7041 2748.068
1791599445.031 7043 2748.673
1791599445.032 7049 2748.480
1791599445.033 7051 2749.088
1791599445.034 7057 2747.013
1791599445.035 7059 2747.870
1791599445.036 7065 2748.570
1791599445.037 7067 2749.510
1791599445.038 7073 2749.588
1791599445.039 7075 2750.147
1791599445.040 7081 2750.135
1791599445.041 7083 2750.738
1791599445.042 7089 2750.551
1791599445.043 7091 2751.161
1791599445.044 7097 2749.138
1791599445.045 7099 2739.397
1791599445.046 7105 2739.857
1791599445.047 7107 2740.452
1791599445.048 7113 2738.579
1791599445.049 7115 2739.521
1791599445.050 7121 2740.340
1791599445.051 7123 2741.285
1791599445.052 7129 2742.111
1791599445.054 7131 2743.057
1791599445.055 7137 2743.859
1791599445.056 7139 2744.801
1791599445.057 7145 2745.629
1791599445.058 7147 2746.574
1791599445.059 7153 2747.404
1791599445.060 7155 2748.618
1791599445.061 7161 2749.447
1791599445.062 7163 2750.396
1791599445.063 7169 2751.196
1791599445.064 7171 2752.137
1791599445.065 7177 2752.963
1791599445.066 7179 2753.909
1791599445.067 7185 2749.997
1791599445.068 7187 2750.893
1791599445.069 7193 2751.659
1791599445.070 7195 2752.602
1791599445.071 7201 2753.415
1791599445.072 7203 2754.354
1791599445.073 7209 2755.118
1791599445.074 7211 2756.062
1791599445.075 7217 2756.881
1791599445.076 7219 2757.826
1791599445.077 7225 2755.918
1791599445.078 7227 2756.861
1791599445.079 7233 2757.676
1791599445.080 7235 2758.619
1791599445.081 7241 2752.223
1791599445.082 7243 2753.122
1791599445.083 7249 2753.914
1791599445.084 7251 2754.855
1791599445.085 7257 2755.676
1791599445.086 7259 2756.621
1791599445.087 7265 2757.334
1791599445.088 7267 2758.277
1791599445.089 7273 2759.093
1791599445.090 7275 2760.037
1791599445.091 7281 2760.270
1791599445.092 7283 2761.184
1791599445.093 7289 2760.889
1791599445.094 7291 2761.817
1791599445.095 7297 2761.589
1791599445.096 7299 2759.437
1791599445.097 7305 2760.105
1791599445.098 7307 2761.028
1791599445.099 7313 2761.843
1791599445.100 7315 2762.787
1791599445.101 7321 2762.222
1791599445.102 7323 2763.160
1791599445.103 7329 2763.295
1791599445.104 7331 2763.850
1791599445.105 7337 2763.659
1791599445.106 7339 2764.268
1791599445.107 7345 2762.573
1791599445.108 7347 2763.439
1791599445.109 7353 2764.251
1791599445.110 7355 2764.837
1791599445.111 7361 2764.978
1791599445.112 7363 2765.584
1791599445.113 7369 2765.395
1791599445.114 7371 2766.004
1791599445.115 7377 2765.815
1791599445.116 7379 2764.504
1791599445.117 7385 2765.201
1791599445.118 7387 2766.142
1791599445.119 7393 2766.672
1791599445.120 7395 2767.161
1791599445.121 7401 2767.057
1791599445.122 7403 2767.660
1791599445.123 7409 2767.469
1791599445.124 7411 2768.074
1791599445.125 7417 2766.151
1791599445.126 7419 2767.043
1791599445.127 7425 2767.668
1791599445.128 7427 2768.609
1791599445.129 7433 2768.703
1791599445.130 7435 2769.314
1791599445.131 7441 2769.123
1791599445.132 7443 2769.727
1791599445.133 7449 2769.536
1791599445.134 7451 2770.144
1791599445.135 7457 2768.674
1791599445.136 7459 2769.574
1791599445.137 7465 2770.389
1791599445.138 7467 2770.967
1791599445.139 7473 2770.771
1791599445.140 7475 2771.385
1791599445.141 7481 2771.196
1791599445.142 7483 2771.804
1791599445.143 7489 2771.610
1791599445.144 7491 2772.209
1791599445.145 7497 2770.843
1791599445.146 7499 2771.739
1791599445.147 7505 2772.331
1791599445.148 7507 2773.025
1791599445.150 7513 2772.756
1791599445.151 7515 2772.860
1791599445.152 7521 2773.252
1791599445.153 7523 2773.865
1791599445.154 7529 2773.736
1791599445.155 7531 2774.261
1791599445.156 7537 2772.502
1791599445.157 7539 2773.404
1791599445.158 7545 2774.194
1791599445.159 7547 2775.138
1791599445.160 7553 2774.907
1791599445.161 7555 2775.770
1791599445.162 7561 2775.578
1791599445.163 7563 2776.192
1791599445.164 7569 2773.752
1791599445.165 7571 2774.596
1791599445.166 7577 2775.291
1791599445.167 7579 2776.200
1791599445.168 7585 2776.508
1791599445.169 7587 2777.414
1791599445.170 7593 2777.244
1791599445.171 7595 2777.854
1791599445.172 7601 2777.664
1791599445.173 7603 2778.287
1791599445.174 7609 2776.184
1791599445.175 7611 2777.054
1791599445.176 7617 2777.792
1791599445.177 7619 2778.727
1791599445.178 7625 2778.937
1791599445.179 7627 2779.508
1791599445.180 7633 2779.314
1791599445.181 7635 2779.921
1791599445.182 7641 2779.726
1791599445.183 7643 2780.334
1791599445.184 7649 2778.865
1791599445.185 7651 2779.759
1791599445.186 7657 2780.550
1791599445.187 7659 2780.823
1791599445.188 7665 2780.969
1791599445.189 7667 2781.547
1791599445.190 7673 2781.451
1791599445.191 7675 2781.986
1791599445.192 7681 2779.955
1791599445.193 7683 2780.829
1791599445.194 7689 2781.561
1791599445.195 7691 2782.505
1791599445.196 7697 2782.467
1791599445.197 7699 2783.229
1791599445.198 7705 2783.037
1791599445.199 7707 2783.639
1791599445.200 7713 2783.448
1791599445.201 7715 2784.061
1791599445.202 7721 2782.378
1791599445.203 7723 2783.280
1791599445.204 7729 2782.824
1791599445.205 7731 2783.758
1791599445.206 7737 2784.567
1791599445.207 7739 2784.942
1791599445.208 7745 2785.094
1791599445.209 7747 2785.700
1791599445.210 7753 2785.509
1791599445.211 7755 2786.221
1791599445.212 7761 2784.723
1791599445.213 7763 2785.497
1791599445.214 7769 2786.278
1791599445.215 7771 2786.636
1791599445.216 7777 2786.063
1791599445.217 7779 2786.966
1791599445.218 7785 2787.267
1791599445.219 7787 2787.873
1791599445.220 7793 2787.684
1791599445.221 7795 2786.417
1791599445.222 7801 2787.103
1791599445.223 7803 2788.041
1791599445.224 7809 2788.499
1791599445.225 7811 2789.137
1791599445.226 7817 2788.921
1791599445.227 7819 2789.527
1791599445.228 7825 2789.334
1791599445.229 7827 2789.939
1791599445.230 7833 2789.748
1791599445.231 7835 2788.413
1791599445.232 7841 2789.110
1791599445.233 7843 2790.049
1791599445.234 7849 2790.539
1791599445.235 7851 2791.176
1791599445.236 7857 2790.539
1791599445.237 7859 2791.461
1791599445.238 7865 2791.404
1791599445.239 7867 2792.013
1791599445.240 7873 2791.823
1791599445.241 7875 2792.432
1791599445.243 7881 2790.946
1791599445.244 7883 2791.820
1791599445.245 7889 2792.632
1791599445.246 7891 2793.215
1791599445.247 7897 2793.058
1791599445.248 7899 2793.669
1791599445.249 7905 2793.478
1791599445.250 7907 2794.085
1791599445.251 7913 2793.885
1791599445.252 7915 2794.505
1791599445.253 7921 2792.790
1791599445.254 7923 2793.688
1791599445.255 7929 2794.485
1791599445.256 7931 2795.324
1791599445.257 7937 2794.985
1791599445.258 7939 2795.772
1791599445.259 7945 2795.582
1791599445.260 7947 2796.191
1791599445.261 7953 2796.005
1791599445.262 7955 2796.721
1791599445.263 7961 2794.933
1791599445.264 7963 2795.836
1791599445.265 7969 2796.622
1791599445.266 7971 2797.672
1791599445.267 7977 2797.273
1791599445.268 7979 2798.064
1791599445.269 7985 2797.876
1791599445.270 7987 2798.477
1791599445.271 7993 2798.301
1791599445.272 7995 2798.908
1791599445.273 8001 2796.914
1791599445.274 8003 2797.812
1791599445.275 8009 2798.581
1791599445.276 8011 2799.532
1791599445.277 8017 2799.166
1791599445.278 8019 2800.086
1791599445.279 8025 2799.959
1791599445.280 8027 2800.568
1791599445.281 8033 2800.374
1791599445.282 8035 2800.976
1791599445.283 8041 2798.786
1791599445.284 8043 2799.069
1791599445.285 8049 2799.702
1791599445.286 8051 2800.636
1791599445.287 8057 2801.422
1791599445.288 8059 2801.824
1791599445.289 8065 2802.039
1791599445.290 8067 2802.647
1791599445.291 8073 2802.455
1791599445.292 8075 2803.063
1791599445.293 8081 2802.870
1791599445.294 8083 2801.623
1791599445.295 8089 2802.292
1791599445.296 8091 2803.234
1791599445.297 8097 2803.648
1791599445.298 8099 2802.770
1791599445.299 8105 2803.544
1791599445.300 8107 2804.483
1791599445.301 8113 2804.527
1791599445.302 8115 2805.123
1791599445.303 8121 2803.090
1791599445.304 8123 2803.947
1791599445.305 8129 2803.813
1791599445.306 8131 2804.741
1791599445.307 8137 2805.517
1791599445.308 8139 2805.932
1791599445.309 8145 2806.181
1791599445.310 8147 2806.786
1791599445.311 8153 2806.596
1791599445.312 8155 2807.298
1791599445.313 8161 2805.902
1791599445.314 8163 2806.811
1791599445.315 8169 2807.583
1791599445.316 8171 2807.979
1791599445.317 8177 2807.934
1791599445.318 8179 2808.547
1791599445.319 8185 2808.357
1791599445.320 8187 2808.960
1791599445.321 8193 2808.764
1791599445.322 8195 2809.366
1791599445.323 8201 2807.633
1791599445.324 8203 2808.534
1791599445.325 8209 2808.424
1791599445.326 8211 2809.377
1791599445.327 8217 2810.004
1791599445.328 8219 2810.620
1791599445.330 8225 2810.434
1791599445.331 8227 2811.043
1791599445.332 8233 2810.851
1791599445.333 8235 2811.455
1791599445.334 8241 2809.544
1791599445.335 8243 2809.432
1791599445.336 8249 2810.173
1791599445.337 8251 2811.106
1791599445.338 8257 2811.891
1791599445.339 8259 2812.310
1791599445.340 8265 2812.502
1791599445.341 8267 2813.111
1791599445.342 8273 2812.913
1791599445.343 8275 2813.528
1791599445.344 8281 2811.894
1791599445.345 8283 2812.816
1791599445.346 8289 2813.640
1791599445.347 8291 2814.059
1791599445.348 8297 2814.175
1791599445.349 8299 2814.786
1791599445.350 8305 2814.592
1791599445.351 8307 2815.202
1791599445.352 8313 2813.137
1791599445.353 8315 2813.992
1791599445.354 8321 2814.730
1791599445.355 8323 2815.672
1791599445.356 8329 2815.244
1791599445.357 8331 2816.186
1791599445.358 8337 2816.260
1791599445.359 8339 2816.866
1791599445.360 8345 2816.664
1791599445.361 8347 2817.273
1791599445.362 8353 2815.664
1791599445.363 8355 2816.686
1791599445.364 8361 2817.488
1791599445.365 8363 2811.176
1791599445.366 8369 2811.823
1791599445.367 8371 2812.744
1791599445.368 8377 2813.558
1791599445.369 8379 2814.500
1791599445.370 8385 2815.278
1791599445.371 8387 2816.218
1791599445.372 8393 2817.035
1791599445.373 8395 2817.984
1791599445.374 8401 2818.801
1791599445.375 8403 2819.742
1791599445.376 8409 2820.113
1791599445.377 8411 2820.727
1791599445.378 8417 2820.534
1791599445.379 8419 2821.143
1791599445.380 8425 2820.950
1791599445.381 8427 2821.557
1791599445.382 8433 2819.058
1791599445.383 8435 2819.974
1791599445.384 8441 2820.773
1791599445.385 8443 2821.721
1791599445.386 8449 2821.643
1791599445.387 8451 2822.570
1791599445.388 8457 2822.623
1791599445.389 8459 2823.232
1791599445.390 8465 2823.043
1791599445.391 8467 2823.652
1791599445.392 8473 2821.342
1791599445.393 8475 2822.215
1791599445.394 8481 2822.953
1791599445.395 8483 2823.890
1791599445.396 8489 2824.291
1791599445.397 8491 2824.898
1791599445.398 8497 2824.670
1791599445.399 8499 2825.304
1791599445.400 8505 2825.127
1791599445.401 8507 2825.731
1791599445.402 8513 2825.558
1791599445.403 8515 2824.396
1791599445.404 8521 2825.114
1791599445.405 8523 2826.056
1791599445.406 8529 2826.013
1791599445.407 8531 2826.951
1791599445.408 8537 2826.775
1791599445.409 8539 2827.258
1791599445.410 8545 2827.183
1791599445.411 8547 2827.785
1791599445.412 8553 2826.043
1791599445.413 8555 2827.051
1791599445.414 8561 2827.807
1791599445.415 8563 2828.703
1791599445.416 8569 2828.381
1791599445.417 8571 2829.110
1791599445.418 8577 2828.955
1791599445.419 8579 2829.561
1791599445.420 8585 2829.371
1791599445.421 8587 2829.979
1791599445.422 8593 2828.313
1791599445.423 8595 2829.221
1791599445.424 8601 2830.013
1791599445.425 8603 2830.147
1791599445.426 8609 2830.225
1791599445.427 8611 2831.154
1791599445.429 8617 2831.041
1791599445.430 8619 2831.644
1791599445.431 8625 2831.460
1791599445.432 8627 2830.319
1791599445.433 8633 2831.004
1791599445.434 8635 2831.896
1791599445.435 8641 2831.887
1791599445.436 8643 2832.818
1791599445.437 8649 2832.689
1791599445.438 8651 2833.298
1791599445.439 8657 2833.109
1791599445.440 8659 2833.717
1791599445.441 8665 2833.523
1791599445.442 8667 2832.166
1791599445.443 8673 2832.766
1791599445.444 8675 2833.704
1791599445.445 8681 2833.929
1791599445.446 8683 2834.842
1791599445.447 8689 2834.778
1791599445.448 8691 2835.382
1791599445.449 8697 2835.187
1791599445.450 8699 2835.788
1791599445.451 8705 2833.785
1791599445.452 8707 2834.677
1791599445.453 8713 2835.296
1791599445.454 8715 2836.240
1791599445.455 8721 2836.429
1791599445.456 8723 2837.033
1791599445.457 8729 2836.624
1791599445.458 8731 2837.413
1791599445.459 8737 2837.249
1791599445.460 8739 2837.865
1791599445.461 8745 2836.345
1791599445.462 8747 2837.246
1791599445.463 8753 2838.004
1791599445.464 8755 2838.745
1791599445.465 8761 2838.601
1791599445.466 8763 2839.083
1791599445.467 8769 2838.993
1791599445.468 8771 2839.602
1791599445.469 8777 2839.411
1791599445.470 8779 2840.021
1791599445.471 8785 2838.594
1791599445.472 8787 2839.494
1791599445.473 8793 2840.301
1791599445.474 8795 2840.658
1791599445.475 8801 2840.653
1791599445.476 8803 2841.259
1791599445.477 8809 2841.064
1791599445.478 8811 2841.668
1791599445.479 8817 2839.721
1791599445.480 8819 2840.618
1791599445.481 8825 2841.370
1791599445.482 8827 2842.293
1791599445.483 8833 2842.304
1791599445.484 8835 2842.900
1791599445.485 8841 2842.716
1791599445.486 8843 2843.318
1791599445.487 8849 2843.126
1791599445.488 8851 2843.733
1791599445.489 8857 2842.324
1791599445.490 8859 2843.219
1791599445.491 8865 2843.904
1791599445.492 8867 2844.368
1791599445.493 8873 2844.037
1791599445.494 8875 2844.973
1791599445.495 8881 2844.781
1791599445.496 8883 2845.427
1791599445.497 8889 2845.204
1791599445.498 8891 2845.813
1791599445.499 8897 2844.294
1791599445.500 8899 2845.172
1791599445.501 8905 2845.977
1791599445.502 8907 2846.181
1791599445.503 8913 2846.433
1791599445.504 8915 2847.044
1791599445.505 8921 2846.853
1791599445.506 8923 2847.457
1791599445.507 8929 2847.259
1791599445.508 8931 2846.169
1791599445.509 8937 2846.862
1791599445.510 8939 2847.801
1791599445.511 8945 2847.924
1791599445.512 8947 2848.696
1791599445.513 8953 2848.502
1791599445.514 8955 2849.200
1791599445.515 8961 2849.006
1791599445.516 8963 2849.613
1791599445.517 8969 2848.025
1791599445.518 8971 2848.937
1791599445.519 8977 2849.733
1791599445.520 8979 2850.086
1791599445.521 8985 2850.239
1791599445.522 8987 2850.852
1791599445.523 8993 2850.657
1791599445.524 8995 2851.264
1791599445.525 9001 2851.078
1791599445.526 9003 2851.687
1791599445.527 9009 2848.833
1791599445.528 9011 2849.551
1791599445.529 9017 2850.326
1791599445.530 9019 2851.269
1791599445.531 9025 2852.091
1791599445.532 9027 2852.479
1791599445.534 9033 2852.950
1791599445.535 9035 2853.565
1791599445.536 9041 2853.370
1791599445.537 9043 2853.977
1791599445.538 9049 2852.398
1791599445.539 9051 2853.302
1791599445.540 9057 2854.087
1791599445.541 9059 2854.393
1791599445.542 9065 2854.618
1791599445.543 9067 2855.227
1791599445.544 9073 2855.035
1791599445.545 9075 2855.643
1791599445.546 9081 2855.447
1791599445.547 9083 2854.346
1791599445.548 9089 2854.941
1791599445.549 9091 2855.878
1791599445.550 9097 2856.004
1791599445.551 9099 2856.932
1791599445.552 9105 2856.703
1791599445.553 9107 2857.309
1791599445.554 9113 2857.116
1791599445.555 9115 2857.729
1791599445.556 9121 2855.977
1791599445.557 9123 2856.879
1791599445.558 9129 2857.677
1791599445.559 9131 2858.625
1791599445.560 9137 2858.381
1791599445.561 9139 2858.989
1791599445.562 9145 2858.800
1791599445.563 9147 2859.413
1791599445.564 9153 2859.224
1791599445.565 9155 2857.927
1791599445.566 9161 2858.603
1791599445.567 9163 2859.525
1791599445.568 9169 2859.892
1791599445.569 9171 2860.814
1791599445.570 9177 2860.588
1791599445.571 9179 2861.198
1791599445.572 9185 2860.996
1791599445.573 9187 2861.610
1791599445.574 9193 2861.422
1791599445.575 9195 2862.032
1791599445.576 9201 2860.339
1791599445.577 9203 2861.240
1791599445.578 9209 2862.032
1791599445.579 9211 2862.151
1791599445.580 9217 2862.660
1791599445.581 9219 2863.270
1791599445.582 9225 2863.077
1791599445.583 9227 2863.681
1791599445.584 9233 2863.486
1791599445.585 9235 2862.156
1791599445.586 9241 2862.810
1791599445.587 9243 2863.736
1791599445.588 9249 2864.329
1791599445.589 9251 2864.828
1791599445.590 9257 2864.535
1791599445.591 9259 2865.316
1791599445.592 9265 2865.147
1791599445.593 9267 2865.750
1791599445.594 9273 2865.589
1791599445.595 9275 2864.442
1791599445.596 9281 2865.050
1791599445.597 9283 2865.984
1791599445.598 9289 2866.436
1791599445.599 9291 2866.975
1791599445.600 9297 2866.722
1791599445.601 9299 2867.363
1791599445.602 9305 2867.186
1791599445.603 9307 2867.788
1791599445.604 9313 2864.931
1791599445.605 9315 2864.167
1791599445.606 9321 2864.868
1791599445.607 9323 2865.806
1791599445.608 9329 2866.597
1791599445.609 9331 2867.532
1791599445.610 9337 2868.355
1791599445.611 9339 2869.296
1791599445.612 9345 2869.228
1791599445.613 9347 2869.830
1791599445.614 9353 2867.558
1791599445.615 9355 2868.508
1791599445.616 9361 2869.249
1791599445.617 9363 2870.189
1791599445.618 9369 2870.209
1791599445.619 9371 2871.144
1791599445.620 9377 2870.945
1791599445.621 9379 2871.551
1791599445.622 9385 2871.355
1791599445.623 9387 2871.955
1791599445.624 9393 2870.123
1791599445.625 9395 2871.008
1791599445.626 9401 2871.747
1791599445.627 9403 2872.696
1791599445.628 9409 2872.541
1791599445.629 9411 2872.585
1791599445.630 9417 2870.732
1791599445.631 9419 2871.651
1791599445.632 9425 2872.453
1791599445.633 9427 2873.396
1791599445.634 9433 2871.982
1791599445.635 9435 2871.147
1791599445.636 9441 2871.513
1791599445.638 9443 2872.453
1791599445.639 9449 2873.270
1791599445.640 9451 2874.211
1791599445.641 9457 2875.025
1791599445.642 9459 2875.656
1791599445.643 9465 2875.479
1791599445.644 9467 2876.087
1791599445.645 9473 2874.235
1791599445.646 9475 2875.116
1791599445.647 9481 2875.858
1791599445.648 9483 2876.802
1791599445.649 9489 2876.381
1791599445.650 9491 2877.314
1791599445.651 9497 2877.129
1791599445.652 9499 2877.735
1791599445.653 9505 2877.561
1791599445.654 9507 2878.164
1791599445.655 9513 2876.235
1791599445.656 9515 2876.950
1791599445.657 9521 2877.716
1791599445.658 9523 2878.656
1791599445.659 9529 2878.853
1791599445.660 9531 2879.406
1791599445.661 9537 2879.208
1791599445.662 9539 2879.816
1791599445.663 9545 2879.620
1791599445.664 9547 2880.225
1791599445.665 9553 2878.744
1791599445.666 9555 2879.725
1791599445.667 9561 2880.515
1791599445.668 9563 2880.673
1791599445.669 9569 2880.955
1791599445.670 9571 2881.558
1791599445.671 9577 2881.362
1791599445.672 9579 2881.969
1791599445.673 9585 2881.775
1791599445.674 9587 2882.389
1791599445.675 9593 2880.786
1791599445.676 9595 2881.692
1791599445.677 9601 2882.486
1791599445.678 9603 2882.923
1791599445.679 9609 2883.202
1791599445.680 9611 2883.812
1791599445.681 9617 2883.620
1791599445.682 9619 2884.229
1791599445.683 9625 2884.034
1791599445.684 9627 2882.926
1791599445.685 9633 2883.630
1791599445.686 9635 2884.575
1791599445.687 9641 2884.861
1791599445.688 9643 2885.423
1791599445.689 9649 2885.273
1791599445.690 9651 2885.880
1791599445.691 9657 2885.687
1791599445.693 9659 2886.639
1791599445.694 9665 2884.956
1791599445.695 9667 2885.825
1791599445.696 9673 2886.597
1791599445.697 9675 2887.539
1791599445.698 9681 2886.743
1791599445.699 9683 2887.637
1791599445.700 9689 2888.123
1791599445.701 9691 2888.741
1791599445.702 9697 2888.555
1791599445.703 9699 2887.395
1791599445.704 9705 2887.800
1791599445.705 9707 2888.714
1791599445.706 9713 2888.998
1791599445.707 9715 2889.904
1791599445.708 9721 2889.779
1791599445.709 9723 2890.395
1791599445.710 9729 2890.201
1791599445.711 9731 2890.814
1791599445.712 9737 2888.889
1791599445.713 9739 2889.792
1791599445.714 9745 2890.566
1791599445.715 9747 2891.507
1791599445.716 9753 2891.161
1791599445.717 9755 2892.189
1791599445.718 9761 2891.956
1791599445.719 9763 2892.562
1791599445.720 9769 2892.369
1791599445.721 9771 2892.975
1791599445.722 9777 2890.977
1791599445.723 9779 2891.876
1791599445.724 9785 2892.620
1791599445.725 9787 2893.559
1791599445.726 9793 2893.493
1791599445.727 9795 2893.871
1791599445.728 9801 2894.024
1791599445.729 9803 2894.632
1791599445.730 9809 2894.446
1791599445.731 9811 2895.052
1791599445.732 9817 2893.402
1791599445.733 9819 2894.153
1791599445.734 9825 2894.944
1791599445.735 9827 2895.869
1791599445.736 9833 2895.454
1791599445.737 9835 2894.707
1791599445.738 9841 2895.463
1791599445.739 9843 2896.409
1791599445.740 9849 2896.261
1791599445.741 9851 2897.040
1791599445.742 9857 2896.976
1791599445.743 9859 2897.451
1791599445.744 9865 2884.815
1791599445.745 9867 2885.693
1791599445.746 9873 2886.485
1791599445.747 9875 2887.430
1791599445.748 9881 2888.258
1791599445.749 9883 2889.205
1791599445.750 9889 2890.031
1791599445.751 9891 2890.978
1791599445.753 9897 2891.152
1791599445.754 9899 2892.080
1791599445.755 9905 2891.955
1791599445.756 9907 2892.468
1791599445.757 9913 2891.917
1791599445.758 9915 2892.419
1791599445.759 9921 2893.198
1791599445.760 9923 2894.150
1791599445.761 9929 2894.946
1791599445.762 9931 2895.895
1791599445.763 9937 2889.480
1791599445.764 9939 2890.181
1791599445.765 9945 2884.493
1791599445.766 9947 2885.429
1791599445.767 9953 2886.217
1791599445.768 9955 2887.261
1791599445.769 9961 2888.047
1791599445.770 9963 2888.985
1791599445.771 9969 2889.769
1791599445.772 9971 2890.709
1791599445.773 9977 2891.531
1791599445.774 9979 2892.465
1791599445.775 9985 2893.273
1791599445.776 9987 2894.191
1791599445.777 9993 2895.000
1791599445.778 9995 2895.935
1791599445.779 10001 2896.720
1791599445.780 10003 2897.644
1791599445.781 10009 2898.450
1791599445.782 10011 2899.399
1791599445.783 10017 2899.038
1791599445.784 10019 2899.983
1791599445.785 10025 2900.791
1791599445.786 10027 2901.738
1791599445.787 10033 2902.571
1791599445.788 10035 2903.520
1791599445.789 10041 2904.324
1791599445.790 10043 2905.271
1791599445.791 10049 2906.095
1791599445.792 10051 2907.019
1791599445.793 10057 2897.299
1791599445.794 10059 2892.578
1791599445.795 10065 2893.112
1791599445.796 10067 2893.608
1791599445.797 10073 2893.045
1791599445.798 10075 2893.552
1791599445.799 10081 2893.478
1791599445.800 10083 2893.952
1791599445.801 10089 2892.927
1791599445.802 10091 2893.407
1791599445.803 10097 2892.471
1791599445.804 10099 2892.950
1791599445.805 10105 2892.876
1791599445.806 10107 2893.364
1791599445.807 10113 2889.927
1791599445.808 10115 2890.845
1791599445.809 10121 2891.662
1791599445.810 10123 2892.606
1791599445.811 10129 2892.514
1791599445.812 10131 2892.581
1791599445.813 10137 2892.930
1791599445.814 10139 2893.872
1791599445.815 10145 2893.957
1791599445.816 10147 2894.772
1791599445.817 10153 2895.581
1791599445.818 10155 2896.594
1791599445.819 10161 2897.400
1791599445.820 10163 2898.344
1791599445.821 10169 2899.163
1791599445.822 10171 2900.108
1791599445.823 10177 2900.908
1791599445.824 10179 2901.854
1791599445.825 10185 2902.644
1791599445.826 10187 2901.834
1791599445.827 10193 2902.506
1791599445.828 10195 2903.444
1791599445.829 10201 2904.234
1791599445.830 10203 2905.172
1791599445.831 10209 2905.983
1791599445.832 10211 2906.927
1791599445.833 10217 2907.718
1791599445.834 10219 2908.665
1791599445.835 10225 2909.489
1791599445.836 10227 2910.435
1791599445.837 10233 2911.249
1791599445.838 10235 2912.187
1791599445.839 10241 2912.988
1791599445.840 10243 2913.931
1791599445.841 10249 2914.660
1791599445.842 10251 2912.752
1791599445.843 10257 2913.498
1791599445.844 10259 2914.444
1791599445.845 10265 2915.265
1791599445.846 10267 2916.214
1791599445.847 10273 2916.974
1791599445.848 10275 2917.920
1791599445.849 10281 2918.712
1791599445.851 10283 2919.650
1791599445.852 10289 2919.579
1791599445.853 10291 2916.764
1791599445.854 10297 2917.463
1791599445.855 10299 2918.404
1791599445.856 10305 2919.229
1791599445.857 10307 2920.174
1791599445.858 10313 2920.911
1791599445.859 10315 2921.413
1791599445.860 10321 2920.824
1791599445.861 10323 2921.749
1791599445.862 10329 2921.730
1791599445.863 10331 2922.349
1791599445.864 10337 2922.436
1791599445.865 10339 2920.080
1791599445.866 10345 2920.652
1791599445.867 10347 2921.573
1791599445.868 10353 2922.372
1791599445.869 10355 2923.364
1791599445.870 10361 2923.689
1791599445.871 10363 2924.296
1791599445.872 10369 2924.173
1791599445.873 10371 2924.786
1791599445.874 10377 2924.596
1791599445.875 10379 2925.203
1791599445.876 10385 2921.713
1791599445.877 10387 2922.604
1791599445.878 10393 2923.308
1791599445.879 10395 2924.251
1791599445.880 10401 2925.067
1791599445.881 10403 2926.012
1791599445.882 10409 2926.254
1791599445.883 10411 2926.619
1791599445.884 10417 2926.619
1791599445.885 10419 2927.247
1791599445.886 10425 2927.084
1791599445.887 10427 2927.643
1791599445.888 10433 2925.020
1791599445.889 10435 2925.857
1791599445.890 10441 2926.424
1791599445.891 10443 2927.326
1791599445.892 10449 2928.122
1791599445.893 10451 2926.891
1791599445.894 10457 2927.647
1791599445.895 10459 2928.560
1791599445.896 10465 2929.156
1791599445.897 10467 2929.772
1791599445.898 10473 2927.527
1791599445.899 10475 2928.365
1791599445.900 10481 2929.079
1791599445.901 10483 2930.020
1791599445.902 10489 2930.221
1791599445.903 10491 2928.639
1791599445.904 10497 2929.400
1791599445.905 10499 2930.340
1791599445.906 10505 2931.150
1791599445.907 10507 2931.634
1791599445.908 10513 2931.692
1791599445.909 10515 2930.393
1791599445.910 10521 2928.814
1791599445.911 10523 2929.696
1791599445.912 10529 2930.506
1791599445.913 10531 2931.452
1791599445.914 10537 2932.271
1791599445.915 10539 2933.215
1791599445.916 10545 2933.310
1791599445.917 10547 2933.920
1791599445.918 10553 2933.730
1791599445.931 10555 2944.263
1791599445.932 10561 2944.410
1791599445.933 10563 2945.332
1791599445.934 10569 2946.153
1791599445.935 10571 2947.098
1791599445.936 10577 2946.968
1791599445.937 10579 2947.574
1791599445.938 10585 2947.379
1791599445.939 10587 2947.988
1791599445.940 10593 2947.798
1791599445.941 10595 2946.550
1791599445.942 10601 2947.224
1791599445.943 10603 2948.165
1791599445.944 10609 2948.630
1791599445.946 10611 2949.240
1791599445.947 10617 2948.709
1791599445.948 10619 2949.649
1791599445.949 10625 2949.462
1791599445.950 10627 2950.068
1791599445.951 10633 2949.874
1791599445.952 3718 4332.145
1791599445.953 3725 4332.509
1791599445.954 3726 4333.480
1791599445.955 3733 4332.985
1791599445.956 3734 4333.927
1791599445.957 3741 4332.859
1791599445.958 3742 4333.813
1791599445.959 3749 4334.580
1791599445.960 3750 4335.590
1791599445.961 3757 4333.989
1791599445.962 3758 4334.933
1791599445.963 3765 4333.267
1791599445.964 3766 4334.190
1791599445.965 3773 4334.701
1791599445.966 3774 4335.675
1791599445.967 3781 4336.467
1791599445.968 3782 4337.012
1791599445.969 3789 4336.661
1791599445.970 3790 4337.566
1791599445.971 3797 4337.259
1791599445.972 3798 4338.066
1791599445.973 3805 4335.694
1791599445.974 3806 4336.635
1791599445.975 3813 4337.252
1791599445.976 3814 4338.224
1791599445.977 3821 4337.621
1791599445.978 3822 4338.607
1791599445.979 3829 4338.059
1791599445.980 3830 4339.032
1791599445.981 3837 4339.342
1791599445.986 3838 4344.198
1791599445.987 3845 4343.809
1791599445.988 3846 4342.700
1791599445.989 3853 4342.582
1791599445.990 3854 4343.542
1791599445.991 3861 4344.247
1791599445.992 3862 4345.219
1791599445.993 3869 4344.610
1791599445.994 3870 4345.586
1791599445.995 3877 4345.473
1791599445.996 3878 4346.326
1791599445.997 3885 4345.896
1791599445.998 3886 4344.654
1791599445.999 3893 4345.244
1791599446.000 3894 4346.217
1791599446.001 3901 4346.358
1791599446.002 3902 4347.313
1791599446.003 3909 4347.141
1791599446.004 3910 4347.947
1791599446.005 3917 4347.555
1791599446.006 3918 4348.361
1791599446.007 3925 4346.097
1791599446.008 3926 4347.030
1791599446.009 3933 4344.511
1791599446.010 3934 4345.478
1791599446.011 3941 4346.196
1791599446.012 3942 4347.167
1791599446.013 3949 4347.918
1791599446.014 3950 4348.887
1791599446.015 3957 4349.641
1791599446.016 3958 4350.450
1791599446.017 3965 4348.164
1791599446.018 3966 4348.965
1791599446.019 3973 4349.669
1791599446.020 3974 4350.644
1791599446.021 3981 4350.917
1791599446.022 3982 4351.055
1791599446.023 3989 4351.074
1791599446.024 3990 4352.048
1791599446.025 3997 4351.722
1791599446.026 3998 4352.532
1791599446.027 4005 4350.815
1791599446.028 4006 4351.770
1791599446.029 4013 4352.488
1791599446.030 4014 4352.424
1791599446.031 4021 4352.574
1791599446.032 4022 4353.532
1791599446.033 4029 4353.392
1791599446.034 4030 4354.202
1791599446.035 4037 4353.808
1791599446.036 4038 4354.703
1791599446.037 4045 4353.370
1791599446.038 4046 4354.327
1791599446.039 4053 4354.038
1791599446.040 4054 4355.003
1791599446.041 4061 4355.151
1791599446.042 4062 4355.936
1791599446.043 4069 4355.578
1791599446.044 4070 4356.357
1791599446.045 4077 4354.152
1791599446.046 4078 4355.105
1791599446.047 4085 4355.769
1791599446.048 4086 4356.743
1791599446.049 4093 4356.340
1791599446.050 4094 4357.292
1791599446.051 4101 4357.209
1791599446.052 4102 4358.016
1791599446.053 4109 4357.627
1791599446.055 4110 4358.440
1791599446.056 4117 4356.154
1791599446.057 4118 4357.100
1791599446.058 4125 4357.758
1791599446.059 4126 4358.730
1791599446.060 4133 4355.894
1791599446.061 4134 4356.836
1791599446.062 4141 4357.593
1791599446.063 4142 4358.571
1791599446.064 4149 4359.357
1791599446.065 4150 4360.332
1791599446.066 4157 4358.609
1791599446.067 4158 4359.553
1791599446.068 4165 4360.262
1791599446.069 4166 4361.241
1791599446.070 4173 4360.992
1791599446.071 4174 4361.767
1791599446.072 4181 4361.376
1791599446.073 4182 4362.179
1791599446.074 4189 4361.780
1791599446.075 4190 4362.589
1791599446.076 4197 4360.715
1791599446.077 4198 4361.667
1791599446.078 4205 4362.397
1791599446.079 4206 4363.373
1791599446.080 4213 4362.936
1791599446.081 4214 4363.898
1791599446.082 4221 4363.427
1791599446.083 4222 4364.234
1791599446.084 4229 4362.086
1791599446.085 4230 4362.815
1791599446.086 4237 4363.476
1791599446.087 4238 4364.547
1791599446.088 4245 4364.773
1791599446.089 4246 4365.584
1791599446.090 4253 4365.108
1791599446.091 4254 4366.064
1791599446.092 4261 4365.550
1791599446.093 4262 4366.396
1791599446.094 4269 4364.414
1791599446.095 4270 4365.195
1791599446.096 4277 4365.543
1791599446.097 4278 4366.517
1791599446.098 4285 4366.408
1791599446.099 4286 4367.364
1791599446.100 4293 4367.264
1791599446.101 4294 4368.068
1791599446.102 4301 4367.671
1791599446.103 4302 4368.474
1791599446.104 4309 4367.115
1791599446.105 4310 4368.107
1791599446.106 4317 4368.603
1791599446.107 4318 4369.376
1791599446.108 4325 4368.957
1791599446.109 4326 4369.771
1791599446.110 4333 4369.227
1791599446.111 4334 4370.200
1791599446.112 4341 4368.131
1791599446.113 4342 4369.081
1791599446.114 4349 4369.768
1791599446.115 4350 4370.747
1791599446.116 4357 4370.703
1791599446.117 4358 4371.438
1791599446.118 4365 4370.870
1791599446.119 4366 4371.848
1791599446.120 4373 4371.475
1791599446.121 4374 4372.296
1791599446.122 4381 4370.170
1791599446.123 4382 4371.118
1791599446.124 4389 4371.819
1791599446.125 4390 4372.794
1791599446.126 4397 4371.328
1791599446.127 4398 4372.292
1791599446.128 4405 4373.042
1791599446.129 4406 4373.879
1791599446.130 4413 4373.540
1791599446.131 4414 4374.350
1791599446.132 4421 4372.646
1791599446.133 4422 4373.565
1791599446.134 4429 4374.278
1791599446.135 4430 4375.122
1791599446.136 4437 4374.783
1791599446.137 4438 4375.716
1791599446.138 4445 4375.293
1791599446.139 4446 4376.104
1791599446.140 4453 4373.789
1791599446.141 4454 4374.691
1791599446.142 4461 4375.356
1791599446.143 4462 4376.325
1791599446.144 4469 4376.523
1791599446.145 4470 4376.866
1791599446.146 4477 4376.940
1791599446.147 4478 4377.688
1791599446.148 4485 4377.352
1791599446.149 4486 4378.158
1791599446.150 4493 4375.651
1791599446.151 4494 4376.577
1791599446.152 4501 4377.244
1791599446.153 4502 4378.219
1791599446.154 4509 4378.276
1791599446.155 4510 4379.226
1791599446.156 4517 4378.999
1791599446.157 4518 4379.801
1791599446.158 4525 4379.409
1791599446.159 4526 4380.221
1791599446.160 4533 4378.051
1791599446.162 4534 4379.003
1791599446.163 4541 4379.674
1791599446.164 4542 4380.645
1791599446.165 4549 4380.647
1791599446.166 4550 4381.452
1791599446.167 4557 4381.057
1791599446.168 4558 4381.836
1791599446.169 4565 4381.471
1791599446.170 4566 4382.280
1791599446.171 4573 4378.842
1791599446.172 4574 4379.795
1791599446.173 4581 4380.536
1791599446.174 4582 4381.512
1791599446.175 4589 4382.301
1791599446.176 4590 4383.280
1791599446.177 4597 4383.127
1791599446.178 4598 4383.962
1791599446.179 4605 4383.534
1791599446.180 4606 4384.350
1791599446.181 4613 4382.427
1791599446.182 4614 4383.385
1791599446.183 4621 4384.133
1791599446.184 4622 4385.113
1791599446.185 4629 4384.786
1791599446.186 4630 4385.592
1791599446.187 4637 4385.196
1791599446.188 4638 4386.082
1791599446.189 4645 4385.692
1791599446.190 4646 4386.499
1791599446.191 4653 4384.759
1791599446.192 4654 4385.717
1791599446.193 4661 4386.471
1791599446.194 4662 4387.276
1791599446.195 4669 4386.512
1791599446.196 4670 4387.472
1791599446.197 4677 4387.349
1791599446.198 4678 4388.160
1791599446.199 4685 4387.774
1791599446.200 4686 4388.580
1791599446.201 4693 4387.022
1791599446.202 4694 4387.973
1791599446.203 4701 4388.581
1791599446.204 4702 4389.105
1791599446.205 4709 4389.001
1791599446.206 4710 4389.811
1791599446.207 4717 4389.425
1791599446.208 4718 4390.232
1791599446.209 4725 4387.796
1791599446.210 4726 4388.720
1791599446.211 4733 4389.388
1791599446.212 4734 4390.361
1791599446.213 4741 4390.657
1791599446.214 4742 4391.470
1791599446.215 4749 4391.079
1791599446.216 4750 4391.510
1791599446.217 4757 4391.493
1791599446.218 4758 4392.300
1791599446.219 4765 4390.312
1791599446.220 4766 4391.260
1791599446.221 4773 4391.817
1791599446.222 4774 4392.796
1791599446.223 4781 4392.734
1791599446.224 4782 4393.539
1791599446.225 4789 4393.143
1791599446.226 4790 4393.946
1791599446.227 4797 4391.454
1791599446.228 4798 4392.380
1791599446.229 4805 4393.092
1791599446.230 4806 4394.069
1791599446.231 4813 4394.343
1791599446.232 4814 4395.165
1791599446.233 4821 4394.796
1791599446.234 4822 4395.601
1791599446.235 4829 4395.211
1791599446.236 4830 4396.017
1791599446.237 4837 4394.069
1791599446.238 4838 4395.120
1791599446.239 4845 4395.836
1791599446.240 4846 4396.808
1791599446.241 4853 4395.344
1791599446.242 4854 4396.317
1791599446.243 4861 4396.962
1791599446.244 4862 4397.780
1791599446.245 4869 4397.390
1791599446.246 4870 4398.197
1791599446.247 4877 4395.986
1791599446.248 4878 4396.953
1791599446.249 4885 4397.672
1791599446.250 4886 4398.642
1791599446.251 4893 4398.162
1791599446.252 4894 4399.120
1791599446.253 4901 4399.066
1791599446.254 4902 4399.875
1791599446.255 4909 4399.483
1791599446.256 4910 4400.286
1791599446.257 4917 4398.782
1791599446.258 4918 4399.710
1791599446.259 4925 4400.285
1791599446.260 4926 4401.071
1791599446.261 4933 4400.573
1791599446.262 4934 4401.539
1791599446.263 4941 4401.132
1791599446.264 4942 4401.940
1791599446.265 4949 4399.190
1791599446.266 4950 4400.099
1791599446.267 4957 4400.730
1791599446.268 4958 4401.702
1791599446.269 4965 4402.345
1791599446.270 4966 4403.168
1791599446.271 4973 4402.781
1791599446.272 4974 4403.587
1791599446.273 4981 4403.190
1791599446.274 4982 4404.004
1791599446.275 4989 4403.618
1791599446.276 4990 4402.290
1791599446.277 4997 4402.906
1791599446.278 4998 4403.848
1791599446.280 5005 4404.316
1791599446.281 5006 4405.274
1791599446.282 5013 4404.653
1791599446.283 5014 4405.624
1791599446.284 5021 4405.070
1791599446.285 5022 4406.043
1791599446.286 5029 4405.619
1791599446.287 5030 4404.423
1791599446.288 5037 4405.043
1791599446.289 5038 4406.153
1791599446.290 5045 4406.328
1791599446.291 5046 4407.287
1791599446.292 5053 4407.060
1791599446.293 5054 4407.868
1791599446.294 5061 4407.478
1791599446.295 5062 4408.287
1791599446.296 5069 4406.023
1791599446.297 5070 4406.971
1791599446.298 5077 4407.528
1791599446.299 5078 4408.504
1791599446.300 5085 4408.452
1791599446.301 5086 4409.416
1791599446.302 5093 4409.150
1791599446.303 5094 4409.965
1791599446.304 5101 4409.573
1791599446.305 5102 4410.380
1791599446.306 5109 4408.020
1791599446.307 5110 4408.966
1791599446.308 5117 4409.662
1791599446.309 5118 4410.633
1791599446.310 5125 4410.805
1791599446.311 5126 4411.609
1791599446.312 5133 4411.219
1791599446.313 5134 4412.033
1791599446.314 5141 4411.646
1791599446.315 5142 4412.459
1791599446.316 5149 4410.629
1791599446.317 5150 4411.589
1791599446.318 5157 4412.220
1791599446.319 5158 4413.184
1791599446.320 5165 4412.901
1791599446.321 5166 4413.711
1791599446.322 5173 4412.877
1791599446.323 5174 4413.846
1791599446.324 5181 4413.747
1791599446.325 5182 4414.554
1791599446.326 5189 4412.567
1791599446.327 5190 4413.515
1791599446.328 5197 4414.200
1791599446.329 5198 4415.178
1791599446.330 5205 4414.462
1791599446.331 5206 4414.368
1791599446.332 5213 4415.129
1791599446.333 5214 4416.103
1791599446.334 5221 4415.829
1791599446.335 5222 4416.638
1791599446.336 5229 4414.572
1791599446.337 5230 4415.527
1791599446.338 5237 4416.230
1791599446.339 5238 4417.318
1791599446.340 5245 4417.168
1791599446.341 5246 4418.002
1791599446.342 5253 4417.605
1791599446.343 5254 4418.411
1791599446.344 5261 4418.018
1791599446.345 5262 4418.827
1791599446.346 5269 4416.961
1791599446.347 5270 4417.778
1791599446.348 5277 4418.478
1791599446.349 5278 4419.453
1791599446.350 5285 4419.076
1791599446.351 5286 4420.046
1791599446.352 5293 4419.676
1791599446.353 5294 4420.481
1791599446.354 5301 4420.081
1791599446.355 5302 4419.078
1791599446.356 5309 4419.683
1791599446.357 5310 4420.662
1791599446.358 5317 4420.119
1791599446.359 5318 4421.098
1791599446.360 5325 4421.207
1791599446.361 5326 4422.183
1791599446.362 5333 4421.775
1791599446.363 5334 4422.584
1791599446.364 5341 4420.270
1791599446.365 5342 4421.202
1791599446.366 5349 4421.099
1791599446.367 5350 4422.071
1791599446.369 5357 4422.835
1791599446.370 5358 4423.814
1791599446.371 5365 4421.641
1791599446.372 5366 4422.620
1791599446.373 5373 4423.406
1791599446.374 5374 4424.383
1791599446.375 5381 4424.293
1791599446.376 5382 4423.054
1791599446.377 5389 4423.626
1791599446.378 5390 4424.597
1791599446.379 5397 4425.105
1791599446.380 5398 4425.964
1791599446.381 5405 4425.562
1791599446.382 5406 4426.376
1791599446.383 5413 4426.026
1791599446.384 5414 4426.801
1791599446.385 5421 4426.395
1791599446.386 5422 4427.198
1791599446.387 5429 4425.670
1791599446.388 5430 4426.614
1791599446.389 5437 4427.221
1791599446.390 5438 4427.122
1791599446.391 5445 4427.725
1791599446.392 5446 4428.553
1791599446.393 5453 4428.156
1791599446.394 5454 4428.966
1791599446.395 5461 4428.571
1791599446.396 5462 4429.373
1791599446.397 5469 4427.706
1791599446.398 5470 4428.664
1791599446.399 5477 4429.293
1791599446.400 5478 4430.266
1791599446.401 5485 4429.799
1791599446.402 5486 4430.606
1791599446.403 5493 4430.211
1791599446.404 5494 4431.021
1791599446.405 5501 4430.634
1791599446.406 5502 4431.443
1791599446.407 5509 4429.815
1791599446.408 5510 4430.765
1791599446.409 5517 4431.513
1791599446.410 5518 4432.346
1791599446.411 5525 4431.964
1791599446.412 5526 4432.773
1791599446.413 5533 4430.347
1791599446.414 5534 4431.310
1791599446.415 5541 4432.053
1791599446.416 5542 4433.024
1791599446.417 5549 4431.530
1791599446.418 5550 4432.483
1791599446.419 5557 4433.180
1791599446.420 5558 4434.155
1791599446.421 5565 4434.026
1791599446.422 5566 4434.450
1791599446.423 5573 4434.384
1791599446.424 5574 4435.205
1791599446.425 5581 4434.853
1791599446.426 5582 4435.656
1791599446.427 5589 4433.432
1791599446.428 5590 4434.378
1791599446.429 5597 4435.084
1791599446.430 5598 4436.060
1791599446.431 5605 4435.935
1791599446.432 5606 4436.905
1791599446.433 5613 4436.499
1791599446.434 5614 4437.305
1791599446.435 5621 4436.914
1791599446.436 5622 4437.724
1791599446.437 5629 4435.558
1791599446.438 5630 4436.504
1791599446.439 5637 4437.216
1791599446.440 5638 4438.282
1791599446.441 5645 4438.138
1791599446.442 5646 4439.089
1791599446.443 5653 4438.657
1791599446.444 5654 4439.468
1791599446.445 5661 4439.074
1791599446.446 5662 4439.882
1791599446.447 5669 4438.071
1791599446.448 5670 4439.023
1791599446.449 5677 4439.712
1791599446.450 5678 4440.678
1791599446.451 5685 4440.314
1791599446.452 5686 4440.700
1791599446.453 5693 4440.731
1791599446.454 5694 4441.536
1791599446.455 5701 4441.143
1791599446.456 5702 4441.947
1791599446.457 5709 4440.269
1791599446.458 5710 4441.223
1791599446.459 5717 4441.989
1791599446.460 5718 4442.792
1791599446.461 5725 4442.327
1791599446.462 5726 4443.156
1791599446.463 5733 4442.792
1791599446.464 5734 4443.596
1791599446.465 5741 4443.194
1791599446.466 5742 4444.008
1791599446.467 5749 4442.077
1791599446.469 5750 4443.029
1791599446.470 5757 4443.663
1791599446.471 5758 4444.636
1791599446.472 5765 4444.236
1791599446.473 5766 4445.185
1791599446.474 5773 4444.904
1791599446.475 5774 4445.677
1791599446.476 5781 4444.214
1791599446.477 5782 4445.185
1791599446.478 5789 4443.688
1791599446.479 5790 4444.626
1791599446.480 5797 4445.327
1791599446.481 5798 4446.303
1791599446.482 5805 4446.524
1791599446.483 5806 4447.310
1791599446.484 5813 4446.959
1791599446.485 5814 4447.764
1791599446.486 5821 4447.351
1791599446.487 5822 4448.168
1791599446.488 5829 4446.182
1791599446.489 5830 4447.134
1791599446.490 5837 4447.835
1791599446.491 5838 4448.920
1791599446.492 5845 4448.332
1791599446.493 5846 4449.296
1791599446.494 5853 4449.125
1791599446.495 5854 4449.934
1791599446.496 5861 4449.539
1791599446.497 5862 4450.352
1791599446.498 5869 4448.596
1791599446.499 5870 4449.548
1791599446.500 5877 4450.148
1791599446.501 5878 4451.123
1791599446.502 5885 4450.781
1791599446.503 5886 4451.586
1791599446.504 5893 4451.240
1791599446.505 5894 4452.011
1791599446.506 5901 4451.621
1791599446.507 5902 4452.426
1791599446.508 5909 4450.833
1791599446.509 5910 4451.788
1791599446.510 5917 4451.799
1791599446.511 5918 4452.752
1791599446.512 5925 4452.854
1791599446.513 5926 4453.662
1791599446.514 5933 4453.271
1791599446.515 5934 4454.074
1791599446.516 5941 4451.827
1791599446.517 5942 4452.749
1791599446.518 5949 4453.409
1791599446.519 5950 4454.386
1791599446.520 5957 4454.161
1791599446.521 5958 4455.125
1791599446.522 5965 4454.924
1791599446.523 5966 4455.726
1791599446.524 5973 4455.329
1791599446.525 5974 4456.134
1791599446.526 5981 4453.382
1791599446.527 5982 4454.312
1791599446.528 5989 4454.992
1791599446.529 5990 4455.967
1791599446.530 5997 4456.199
1791599446.531 5998 4457.154
1791599446.532 6005 4456.986
1791599446.533 6006 4457.791
1791599446.534 6013 4457.402
1791599446.535 6014 4458.211
1791599446.536 6021 4455.995
1791599446.537 6022 4456.942
1791599446.538 6029 4457.636
1791599446.539 6030 4458.612
1791599446.540 6037 4458.616
1791599446.541 6038 4459.439
1791599446.542 6045 4459.138
1791599446.543 6046 4459.937
1791599446.544 6053 4459.549
1791599446.545 6054 4460.353
1791599446.546 6061 4457.971
1791599446.547 6062 4458.892
1791599446.548 6069 4459.479
1791599446.549 6070 4460.454
1791599446.550 6077 4460.324
1791599446.551 6078 4461.284
1791599446.552 6085 4461.207
1791599446.553 6086 4462.017
1791599446.554 6093 4461.621
1791599446.555 6094 4462.427
1791599446.556 6101 4460.231
1791599446.557 6102 4461.151
1791599446.558 6109 4461.846
1791599446.559 6110 4462.817
1791599446.560 6117 4462.853
1791599446.561 6118 4463.657
1791599446.562 6125 4463.000
1791599446.563 6126 4463.962
1791599446.564 6133 4463.676
1791599446.565 6134 4464.482
1791599446.566 6141 4462.292
1791599446.567 6142 4463.241
1791599446.568 6149 4463.932
1791599446.569 6150 4464.903
1791599446.570 6157 4464.486
1791599446.571 6158 4465.443
1791599446.572 6165 4465.326
1791599446.573 6166 4466.131
1791599446.574 6173 4465.741
1791599446.575 6174 4466.547
1791599446.576 6181 4464.351
1791599446.577 6182 4465.141
1791599446.578 6189 4465.779
1791599446.579 6190 4466.751
1791599446.580 6197 4466.990
1791599446.581 6198 4467.794
1791599446.582 6205 4467.406
1791599446.583 6206 4468.207
1791599446.584 6213 4467.817
1791599446.585 6214 4468.626
1791599446.586 6221 4466.957
1791599446.588 6222 4467.916
1791599446.589 6229 4468.634
1791599446.590 6230 4469.298
1791599446.591 6237 4469.063
1791599446.592 6238 4469.998
1791599446.593 6245 4469.608
1791599446.594 6246 4470.420
1791599446.595 6253 4468.192
1791599446.596 6254 4469.122
1791599446.597 6261 4469.771
1791599446.598 6262 4470.744
1791599446.599 6269 4470.654
1791599446.600 6270 4471.630
1791599446.601 6277 4471.279
1791599446.602 6278 4472.089
1791599446.603 6285 4471.716
1791599446.604 6286 4472.501
1791599446.605 6293 4470.453
1791599446.606 6294 4471.394
1791599446.607 6301 4472.095
1791599446.608 6302 4473.075
1791599446.609 6309 4472.866
1791599446.610 6310 4473.712
1791599446.611 6317 4473.363
1791599446.612 6318 4474.179
1791599446.613 6325 4473.791
1791599446.614 6326 4474.601
1791599446.615 6333 4472.456
1791599446.616 6334 4473.411
1791599446.617 6341 4474.121
1791599446.618 6342 4475.097
1791599446.619 6349 4475.091
1791599446.620 6350 4475.848
1791599446.621 6357 4475.459
1791599446.622 6358 4476.265
1791599446.623 6365 4475.876
1791599446.624 6366 4476.684
1791599446.625 6373 4474.909
1791599446.626 6374 4475.862
1791599446.627 6381 4476.611
1791599446.628 6382 4477.588
1791599446.629 6389 4477.126
1791599446.630 6390 4477.934
1791599446.631 6397 4477.543
1791599446.632 6398 4478.348
1791599446.633 6405 4477.958
1791599446.634 6406 4478.763
1791599446.635 6413 4477.350
1791599446.636 6414 4478.304
1791599446.637 6421 4478.782
1791599446.638 6422 4479.590
1791599446.639 6429 4479.195
1791599446.640 6430 4480.003
1791599446.641 6437 4479.609
1791599446.642 6438 4480.521
1791599446.643 6445 4480.130
1791599446.644 6446 4478.991
1791599446.645 6453 4479.582
1791599446.646 6454 4480.551
1791599446.647 6461 4480.582
1791599446.648 6462 4481.556
1791599446.649 6469 4481.380
1791599446.650 6470 4482.191
1791599446.651 6477 4481.795
1791599446.652 6478 4482.597
1791599446.653 6485 4480.565
1791599446.654 6486 4481.393
1791599446.655 6493 4482.112
1791599446.656 6494 4483.089
1791599446.657 6501 4483.042
1791599446.658 6502 4483.853
1791599446.659 6509 4483.459
1791599446.660 6510 4484.266
1791599446.661 6517 4483.873
1791599446.662 6518 4484.680
1791599446.663 6525 4483.161
1791599446.664 6526 4484.118
1791599446.665 6533 4484.626
1791599446.666 6534 4485.584
1791599446.667 6541 4485.113
1791599446.668 6542 4485.916
1791599446.669 6549 4485.524
1791599446.670 6550 4486.333
1791599446.671 6557 4485.941
1791599446.672 6558 4484.815
1791599446.673 6565 4485.208
1791599446.674 6566 4486.179
1791599446.675 6573 4486.092
1791599446.676 6574 4487.045
1791599446.677 6581 4487.167
1791599446.678 6582 4487.984
1791599446.679 6589 4487.601
1791599446.680 6590 4488.431
1791599446.681 6597 4488.031
1791599446.683 6598 4486.815
1791599446.684 6605 4487.415
1791599446.685 6606 4488.389
1791599446.686 6613 4488.154
1791599446.687 6614 4489.119
1791599446.688 6621 4488.641
1791599446.689 6622 4489.614
1791599446.690 6629 4489.682
1791599446.691 6630 4490.492
1791599446.692 6637 4488.232
1791599446.693 6638 4489.275
1791599446.694 6645 4489.903
1791599446.695 6646 4490.875
1791599446.696 6653 4491.042
1791599446.697 6654 4491.854
1791599446.698 6661 4491.456
1791599446.699 6662 4492.266
1791599446.700 6669 4491.878
1791599446.701 6670 4492.684
1791599446.702 6677 4490.933
1791599446.703 6678 4491.888
1791599446.704 6685 4492.623
1791599446.705 6686 4493.432
1791599446.706 6693 4493.109
1791599446.707 6694 4493.918
1791599446.708 6701 4493.524
1791599446.709 6702 4494.332
1791599446.710 6709 4493.941
1791599446.711 6710 4494.748
1791599446.712 6717 4493.267
1791599446.713 6718 4494.229
1791599446.714 6725 4494.763
1791599446.715 6726 4495.574
1791599446.716 6733 4494.934
1791599446.717 6734 4495.901
1791599446.718 6741 4495.609
1791599446.719 6742 4496.414
1791599446.720 6749 4493.965
1791599446.721 6750 4494.879
1791599446.722 6757 4495.480
1791599446.723 6758 4496.444
1791599446.724 6765 4495.804
1791599446.725 6766 4496.760
1791599446.726 6773 4496.936
1791599446.727 6774 4497.898
1791599446.728 6781 4497.680
1791599446.729 6782 4498.490
1791599446.730 6789 4496.052
1791599446.731 6790 4496.969
1791599446.732 6797 4497.447
1791599446.733 6798 4498.420
1791599446.734 6805 4498.477
1791599446.735 6806 4499.447
1791599446.736 6813 4499.338
1791599446.737 6814 4500.144
1791599446.738 6821 4499.752
1791599446.739 6822 4500.559
1791599446.740 6829 4498.447
1791599446.741 6830 4499.367
1791599446.742 6837 4500.060
1791599446.743 6838 4501.134
1791599446.744 6845 4501.046
1791599446.745 6846 4501.881
1791599446.746 6853 4501.506
1791599446.747 6854 4502.310
1791599446.748 6861 4501.917
1791599446.749 6862 4502.721
1791599446.750 6869 4501.096
1791599446.751 6870 4502.051
1791599446.752 6877 4502.797
1791599446.753 6878 4503.405
1791599446.754 6885 4503.155
1791599446.755 6886 4503.963
1791599446.756 6893 4503.569
1791599446.757 6894 4504.390
1791599446.758 6901 4503.984
1791599446.759 6902 4502.934
1791599446.760 6909 4502.327
1791599446.761 6910 4503.298
1791599446.762 6917 4504.087
1791599446.763 6918 4505.064
1791599446.764 6925 4505.220
1791599446.765 6926 4506.031
1791599446.766 6933 4505.642
1791599446.767 6934 4506.451
1791599446.768 6941 4503.914
1791599446.769 6942 4504.859
1791599446.770 6949 4505.553
1791599446.771 6950 4506.528
1791599446.772 6957 4506.701
1791599446.773 6958 4507.673
1791599446.774 6965 4507.306
1791599446.775 6966 4508.113
1791599446.776 6973 4507.719
1791599446.777 6974 4508.524
1791599446.778 6981 4506.497
1791599446.779 6982 4507.453
1791599446.780 6989 4508.192
1791599446.781 6990 4509.167
1791599446.782 6997 4508.445
1791599446.783 6998 4509.419
1791599446.784 7005 4508.604
1791599446.785 7006 4509.578
1791599446.786 7013 4509.782
1791599446.787 7014 4510.589
1791599446.788 7021 4508.757
1791599446.789 7022 4509.704
1791599446.790 7029 4510.430
1791599446.791 7030 4511.406
1791599446.792 7037 4511.101
1791599446.794 7038 4511.920
1791599446.795 7045 4511.533
1791599446.796 7046 4512.363
1791599446.797 7053 4511.970
1791599446.798 7054 4512.778
1791599446.799 7061 4511.067
1791599446.800 7062 4511.999
1791599446.801 7069 4512.736
1791599446.802 7070 4513.577
1791599446.803 7077 4513.211
1791599446.804 7078 4514.028
1791599446.805 7085 4513.637
1791599446.806 7086 4514.446
1791599446.807 7093 4513.999
1791599446.808 7094 4514.829
1791599446.809 7101 4502.358
1791599446.810 7102 4503.305
1791599446.811 7109 4501.007
1791599446.812 7110 4501.972
1791599446.813 7117 4502.749
1791599446.814 7118 4503.724
1791599446.815 7125 4504.510
1791599446.816 7126 4505.484
1791599446.817 7133 4506.282
1791599446.818 7134 4507.264
1791599446.819 7141 4508.031
1791599446.820 7142 4509.009
1791599446.821 7149 4509.807
1791599446.822 7150 4510.780
1791599446.823 7157 4511.570
1791599446.824 7158 4512.544
1791599446.825 7165 4513.347
1791599446.826 7166 4514.324
1791599446.827 7173 4515.090
1791599446.828 7174 4516.069
1791599446.829 7181 4516.872
1791599446.830 7182 4517.851
1791599446.831 7189 4513.822
1791599446.832 7190 4514.780
1791599446.833 7197 4515.556
1791599446.834 7198 4516.528
1791599446.835 7205 4517.272
1791599446.836 7206 4518.235
1791599446.837 7213 4519.015
1791599446.838 7214 4519.988
1791599446.839 7221 4518.103
1791599446.840 7222 4519.046
1791599446.841 7229 4519.810
1791599446.842 7230 4520.785
1791599446.843 7237 4521.573
1791599446.844 7238 4515.612
1791599446.845 7245 4516.156
1791599446.846 7246 4517.125
1791599446.847 7253 4517.910
1791599446.848 7254 4518.892
1791599446.849 7261 4519.618
1791599446.850 7262 4520.595
1791599446.851 7269 4521.352
1791599446.852 7270 4522.333
1791599446.853 7277 4523.126
1791599446.854 7278 4524.107
1791599446.855 7285 4524.122
1791599446.856 7286 4524.942
1791599446.857 7293 4524.549
1791599446.858 7294 4525.362
1791599446.859 7301 4522.477
1791599446.860 7302 4523.431
1791599446.861 7309 4524.148
1791599446.862 7310 4525.123
1791599446.863 7317 4524.581
1791599446.864 7318 4525.531
1791599446.865 7325 4526.286
1791599446.866 7326 4526.952
1791599446.867 7333 4526.645
1791599446.868 7334 4527.454
1791599446.869 7341 4525.047
1791599446.870 7342 4525.993
1791599446.871 7349 4526.568
1791599446.872 7350 4527.544
1791599446.873 7357 4527.873
1791599446.874 7358 4528.691
1791599446.875 7365 4528.305
1791599446.876 7366 4529.113
1791599446.877 7373 4528.723
1791599446.878 7374 4529.533
1791599446.879 7381 4527.508
1791599446.880 7382 4528.463
1791599446.881 7389 4529.204
1791599446.882 7390 4530.180
1791599446.883 7397 4529.973
1791599446.884 7398 4530.782
1791599446.885 7405 4530.395
1791599446.886 7406 4531.202
1791599446.887 7413 4530.807
1791599446.888 7414 4531.615
1791599446.889 7421 4530.002
1791599446.890 7422 4530.953
1791599446.892 7429 4531.680
1791599446.893 7430 4532.131
1791599446.894 7437 4532.052
1791599446.895 7438 4532.991
1791599446.896 7445 4532.605
1791599446.897 7446 4533.417
1791599446.898 7453 4531.187
1791599446.899 7454 4532.135
1791599446.900 7461 4532.794
1791599446.901 7462 4533.768
1791599446.902 7469 4533.906
1791599446.903 7470 4534.475
1791599446.904 7477 4534.265
1791599446.905 7478 4535.071
1791599446.906 7485 4534.679
1791599446.907 7486 4535.484
1791599446.908 7493 4533.340
1791599446.909 7494 4534.287
1791599446.910 7501 4534.951
1791599446.911 7502 4535.923
1791599446.912 7509 4535.887
1791599446.913 7510 4536.717
1791599446.914 7517 4536.028
1791599446.915 7518 4536.997
1791599446.916 7525 4536.739
1791599446.917 7526 4537.544
1791599446.918 7533 4537.184
1791599446.919 7534 4535.971
1791599446.920 7541 4536.588
1791599446.921 7542 4537.558
1791599446.922 7549 4537.758
1791599446.923 7550 4538.724
1791599446.924 7557 4538.380
1791599446.925 7558 4539.187
1791599446.926 7565 4538.796
1791599446.927 7566 4539.593
1791599446.928 7573 4537.482
1791599446.929 7574 4538.423
1791599446.930 7581 4539.120
1791599446.931 7582 4540.095
1791599446.932 7589 4539.908
1791599446.933 7590 4540.857
1791599446.934 7597 4540.444
1791599446.935 7598 4541.287
1791599446.936 7605 4540.857
1791599446.937 7606 4541.664
1791599446.938 7613 4539.950
1791599446.939 7614 4540.901
1791599446.940 7621 4541.655
1791599446.941 7622 4542.050
1791599446.942 7629 4542.094
1791599446.943 7630 4542.900
1791599446.944 7637 4542.506
1791599446.945 7638 4543.425
1791599446.946 7645 4541.192
1791599446.947 7646 4542.118
1791599446.948 7653 4542.774
1791599446.949 7654 4543.746
1791599446.950 7661 4543.852
1791599446.951 7662 4544.663
1791599446.952 7669 4544.270
1791599446.953 7670 4545.076
1791599446.954 7677 4544.682
1791599446.955 7678 4545.487
1791599446.956 7685 4543.828
1791599446.957 7686 4544.783
1791599446.958 7693 4545.505
1791599446.959 7694 4546.102
1791599446.960 7701 4545.914
1791599446.961 7702 4546.718
1791599446.962 7709 4546.331
1791599446.963 7710 4547.137
1791599446.964 7717 4546.740
1791599446.965 7718 4545.677
1791599446.966 7725 4545.042
1791599446.967 7726 4546.005
1791599446.968 7733 4546.776
1791599446.969 7734 4547.749
1791599446.970 7741 4547.948
1791599446.971 7742 4548.778
1791599446.972 7749 4548.390
1791599446.973 7750 4549.198
1791599446.974 7757 4546.952
1791599446.975 7758 4547.871
1791599446.976 7765 4548.388
1791599446.977 7766 4549.362
1791599446.978 7773 4549.524
1791599446.979 7774 4550.495
1791599446.980 7781 4549.889
1791599446.981 7782 4550.862
1791599446.982 7789 4550.469
1791599446.983 7790 4551.275
1791599446.984 7797 4549.305
1791599446.985 7798 4550.263
1791599446.986 7805 4550.979
1791599446.987 7806 4551.954
1791599446.988 7813 4551.638
1791599446.989 7814 4552.601
1791599446.990 7821 4552.134
1791599446.991 7822 4552.939
1791599446.992 7829 4552.553
1791599446.993 7830 4553.362
1791599446.994 7837 4551.313
1791599446.996 7838 4552.353
1791599446.997 7845 4553.089
1791599446.998 7846 4554.063
1791599446.999 7853 4553.910
1791599447.000 7854 4554.682
1791599447.001 7861 4554.289
1791599447.002 7862 4555.103
1791599447.003 7869 4554.709
1791599447.004 7870 4555.515
1791599447.005 7877 4553.227
1791599447.006 7878 4554.171
1791599447.007 7885 4554.834
1791599447.008 7886 4555.807
1791599447.009 7893 4555.923
1791599447.010 7894 4556.481
1791599447.011 7901 4556.385
1791599447.012 7902 4557.195
1791599447.013 7909 4556.801
1791599447.014 7910 4557.607
1791599447.015 7917 4555.140
1791599447.016 7918 4556.050
1791599447.017 7925 4556.715
1791599447.018 7926 4557.690
1791599447.019 7933 4558.004
1791599447.020 7934 4558.796
1791599447.021 7941 4558.454
1791599447.022 7942 4559.258
1791599447.023 7949 4558.862
1791599447.024 7950 4559.669
1791599447.025 7957 4557.120
1791599447.026 7958 4558.049
1791599447.027 7965 4558.716
1791599447.028 7966 4559.685
1791599447.029 7973 4560.166
1791599447.030 7974 4560.898
1791599447.031 7981 4560.513
1791599447.032 7982 4561.323
1791599447.033 7989 4560.845
1791599447.034 7990 4561.800
1791599447.035 7997 4561.350
1791599447.036 7998 4562.157
1791599447.037 8005 4560.560
1791599447.038 8006 4561.517
1791599447.039 8013 4562.151
1791599447.040 8014 4562.931
1791599447.041 8021 4562.564
1791599447.042 8022 4563.402
1791599447.043 8029 4563.014
1791599447.044 8030 4563.821
1791599447.045 8037 4563.442
1791599447.046 8038 4564.363
1791599447.047 8045 4561.914
1791599447.048 8046 4562.857
1791599447.049 8053 4563.537
1791599447.050 8054 4564.516
1791599447.051 8061 4564.705
1791599447.052 8062 4565.678
1791599447.053 8069 4565.221
1791599447.054 8070 4566.030
1791599447.055 8077 4565.637
1791599447.056 8078 4566.444
1791599447.057 8085 4564.462
1791599447.058 8086 4565.415
1791599447.059 8093 4566.156
1791599447.060 8094 4567.135
1791599447.061 8101 4565.671
1791599447.062 8102 4566.646
1791599447.063 8109 4567.015
1791599447.064 8110 4567.977
1791599447.065 8117 4567.702
1791599447.066 8118 4568.529
1791599447.067 8125 4566.838
1791599447.068 8126 4567.792
1791599447.069 8133 4567.661
1791599447.070 8134 4568.638
1791599447.071 8141 4568.831
1791599447.072 8142 4569.803
1791599447.073 8149 4569.382
1791599447.074 8150 4570.189
1791599447.075 8157 4568.017
1791599447.076 8158 4568.953
1791599447.077 8165 4569.609
1791599447.078 8166 4570.583
1791599447.079 8173 4570.629
1791599447.080 8174 4571.443
1791599447.081 8181 4571.055
1791599447.082 8182 4571.858
1791599447.083 8189 4571.463
1791599447.084 8190 4572.267
1791599447.085 8197 4569.899
1791599447.086 8198 4570.824
1791599447.087 8205 4570.490
1791599447.088 8206 4571.443
1791599447.089 8213 4572.219
1791599447.090 8214 4573.192
1791599447.091 8221 4573.112
1791599447.092 8222 4573.913
1791599447.093 8229 4573.523
1791599447.094 8230 4574.329
1791599447.095 8237 4573.938
1791599447.097 8238 4572.907
1791599447.098 8245 4572.283
1791599447.099 8246 4573.250
1791599447.100 8253 4574.021
1791599447.101 8254 4574.996
1791599447.102 8261 4575.205
1791599447.103 8262 4576.046
1791599447.104 8269 4575.701
1791599447.105 8270 4576.505
1791599447.106 8277 4574.103
1791599447.107 8278 4575.047
1791599447.108 8285 4575.719
1791599447.109 8286 4576.695
1791599447.110 8293 4576.963
1791599447.111 8294 4577.772
1791599447.112 8301 4577.357
1791599447.113 8302 4578.190
1791599447.114 8309 4577.800
1791599447.115 8310 4578.611
1791599447.116 8317 4576.900
1791599447.117 8318 4577.859
1791599447.118 8325 4578.615
1791599447.119 8326 4578.387
1791599447.120 8333 4579.127
1791599447.121 8334 4579.857
1791599447.122 8341 4579.469
1791599447.123 8342 4580.278
1791599447.124 8349 4579.875
1791599447.125 8350 4578.865
1791599447.126 8357 4579.492
1791599447.127 8358 4580.468
1791599447.128 8365 4573.905
1791599447.129 8366 4574.854
1791599447.130 8373 4575.561
1791599447.131 8374 4576.538
1791599447.132 8381 4577.318
1791599447.133 8382 4578.296
1791599447.134 8389 4579.043
1791599447.135 8390 4580.018
1791599447.136 8397 4580.814
1791599447.137 8398 4581.792
1791599447.138 8405 4582.452
1791599447.139 8406 4583.426
1791599447.140 8413 4583.224
1791599447.141 8414 4584.034
1791599447.142 8421 4583.644
1791599447.143 8422 4584.456
1791599447.144 8429 4581.167
1791599447.145 8430 4582.100
1791599447.146 8437 4582.786
1791599447.147 8438 4583.850
1791599447.148 8445 4584.646
1791599447.149 8446 4585.626
1791599447.150 8453 4585.440
1791599447.151 8454 4585.752
1791599447.152 8461 4585.821
1791599447.153 8462 4586.631
1791599447.154 8469 4586.240
1791599447.155 8470 4587.050
1791599447.156 8477 4585.111
1791599447.157 8478 4586.068
1791599447.158 8485 4586.809
1791599447.159 8486 4587.784
1791599447.160 8493 4587.389
1791599447.161 8494 4588.356
1791599447.162 8501 4587.897
1791599447.163 8502 4588.712
1791599447.164 8509 4588.324
1791599447.165 8510 4589.132
1791599447.166 8517 4587.288
1791599447.167 8518 4588.246
1791599447.168 8525 4588.999
1791599447.169 8526 4589.974
1791599447.170 8533 4589.207
1791599447.171 8534 4590.177
1791599447.172 8541 4589.986
1791599447.173 8542 4590.799
1791599447.174 8549 4590.412
1791599447.175 8550 4589.275
1791599447.176 8557 4589.853
1791599447.177 8558 4590.819
1791599447.178 8565 4591.232
1791599447.179 8566 4592.040
1791599447.180 8573 4591.471
1791599447.181 8574 4592.439
1791599447.182 8581 4592.072
1791599447.183 8582 4592.879
1791599447.184 8589 4592.482
1791599447.185 8590 4591.400
1791599447.186 8597 4592.032
1791599447.187 8598 4593.004
1791599447.188 8605 4592.935
1791599447.189 8606 4593.905
1791599447.190 8613 4593.696
1791599447.191 8614 4594.525
1791599447.192 8621 4594.149
1791599447.193 8622 4594.959
1791599447.194 8629 4593.086
1791599447.195 8630 4594.045
1791599447.196 8637 4594.738
1791599447.198 8638 4595.833
1791599447.199 8645 4595.249
1791599447.200 8646 4596.229
1791599447.201 8653 4595.952
1791599447.202 8654 4596.758
1791599447.203 8661 4596.373
1791599447.204 8662 4597.185
1791599447.205 8669 4595.072
1791599447.206 8670 4595.989
1791599447.207 8677 4596.694
1791599447.208 8678 4597.667
1791599447.209 8685 4597.612
1791599447.210 8686 4598.427
1791599447.211 8693 4598.038
1791599447.212 8694 4598.846
1791599447.213 8701 4598.455
1791599447.214 8702 4599.263
1791599447.215 8709 4597.525
1791599447.216 8710 4598.473
1791599447.217 8717 4599.228
1791599447.218 8718 4600.077
1791599447.219 8725 4599.703
1791599447.220 8726 4600.509
1791599447.221 8733 4600.110
1791599447.222 8734 4600.918
1791599447.223 8741 4598.622
1791599447.224 8742 4599.559
1791599447.225 8749 4600.233
1791599447.226 8750 4601.177
1791599447.227 8757 4601.350
1791599447.228 8758 4602.188
1791599447.229 8765 4601.755
1791599447.230 8766 4602.565
1791599447.231 8773 4602.181
1791599447.232 8774 4602.991
1791599447.233 8781 4600.787
1791599447.234 8782 4601.726
1791599447.235 8789 4602.405
1791599447.236 8790 4603.373
1791599447.237 8797 4603.413
1791599447.238 8798 4604.221
1791599447.239 8805 4603.834
1791599447.240 8806 4604.646
1791599447.241 8813 4604.252
1791599447.242 8814 4605.072
1791599447.243 8821 4603.514
1791599447.244 8822 4604.467
1791599447.245 8829 4604.565
1791599447.246 8830 4605.525
1791599447.247 8837 4605.485
1791599447.248 8838 4606.522
1791599447.249 8845 4606.131
1791599447.250 8846 4606.934
1791599447.251 8853 4604.797
1791599447.252 8854 4605.747
1791599447.253 8861 4606.357
1791599447.254 8862 4607.336
1791599447.255 8869 4606.429
1791599447.256 8870 4607.376
1791599447.257 8877 4607.796
1791599447.258 8878 4608.640
1791599447.259 8885 4608.223
1791599447.260 8886 4609.031
1791599447.261 8893 4606.796
1791599447.262 8894 4607.731
1791599447.263 8901 4608.339
1791599447.264 8902 4609.313
1791599447.265 8909 4609.347
1791599447.266 8910 4610.319
1791599447.267 8917 4609.882
1791599447.268 8918 4610.684
1791599447.269 8925 4610.295
1791599447.270 8926 4611.101
1791599447.271 8933 4609.287
1791599447.272 8934 4610.240
1791599447.273 8941 4610.982
1791599447.274 8942 4611.958
1791599447.275 8949 4611.529
1791599447.276 8950 4612.339
1791599447.277 8957 4611.947
1791599447.278 8958 4612.752
1791599447.279 8965 4612.359
1791599447.280 8966 4611.359
1791599447.281 8973 4611.994
1791599447.282 8974 4612.963
1791599447.283 8981 4613.122
1791599447.284 8982 4613.646
1791599447.285 8989 4613.599
1791599447.286 8990 4614.401
1791599447.287 8997 4614.005
1791599447.288 8998 4614.806
1791599447.289 9005 4612.554
1791599447.290 9006 4613.478
1791599447.291 9013 4612.581
1791599447.293 9014 4613.554
1791599447.294 9021 4614.337
1791599447.295 9022 4615.314
1791599447.296 9029 4615.520
1791599447.297 9030 4616.495
1791599447.298 9037 4616.592
1791599447.299 9038 4617.528
1791599447.300 9045 4615.187
1791599447.301 9046 4616.114
1791599447.302 9053 4616.774
1791599447.303 9054 4617.745
1791599447.304 9061 4617.853
1791599447.305 9062 4618.820
1791599447.306 9069 4618.381
1791599447.307 9070 4619.193
1791599447.308 9077 4618.803
1791599447.309 9078 4619.615
1791599447.310 9085 4617.715
1791599447.311 9086 4618.638
1791599447.312 9093 4619.356
1791599447.313 9094 4620.323
1791599447.314 9101 4620.027
1791599447.315 9102 4620.837
1791599447.316 9109 4620.447
1791599447.317 9110 4621.256
1791599447.318 9117 4620.857
1791599447.319 9118 4619.697
1791599447.320 9125 4620.311
1791599447.321 9126 4621.288
1791599447.322 9133 4621.468
1791599447.323 9134 4622.432
1791599447.324 9141 4622.089
1791599447.325 9142 4622.892
1791599447.326 9149 4622.494
1791599447.327 9150 4623.295
1791599447.328 9157 4621.149
1791599447.329 9158 4622.102
1791599447.330 9165 4622.819
1791599447.331 9166 4623.796
1791599447.332 9173 4623.729
1791599447.333 9174 4624.532
1791599447.334 9181 4624.137
1791599447.335 9182 4624.941
1791599447.336 9189 4624.552
1791599447.337 9190 4625.364
1791599447.338 9197 4622.946
1791599447.339 9198 4623.865
1791599447.340 9205 4624.497
1791599447.341 9206 4625.466
1791599447.342 9213 4625.392
1791599447.343 9214 4626.361
1791599447.344 9221 4626.209
1791599447.345 9222 4627.019
1791599447.346 9229 4626.625
1791599447.347 9230 4627.431
1791599447.349 9237 4625.345
1791599447.350 9238 4626.444
1791599447.351 9245 4627.160
1791599447.352 9246 4628.139
1791599447.353 9253 4627.966
1791599447.354 9254 4628.840
1791599447.355 9261 4628.492
1791599447.356 9262 4629.300
1791599447.357 9269 4628.910
1791599447.358 9270 4629.718
1791599447.359 9277 4627.829
1791599447.360 9278 4628.774
1791599447.361 9285 4629.486
1791599447.362 9286 4630.457
1791599447.363 9293 4630.176
1791599447.364 9294 4630.549
1791599447.365 9301 4630.547
1791599447.366 9302 4631.355
1791599447.367 9309 4630.967
1791599447.368 9310 4631.712
1791599447.369 9317 4627.639
1791599447.370 9318 4628.583
1791599447.371 9325 4629.332
1791599447.372 9326 4630.303
1791599447.373 9333 4631.061
1791599447.374 9334 4632.260
1791599447.375 9341 4632.516
1791599447.376 9342 4633.468
1791599447.377 9349 4633.257
1791599447.378 9350 4634.060
1791599447.379 9357 4632.158
1791599447.380 9358 4633.113
1791599447.381 9365 4633.869
1791599447.382 9366 4634.848
1791599447.383 9373 4634.494
1791599447.384 9374 4635.272
1791599447.385 9381 4634.901
1791599447.386 9382 4635.704
1791599447.387 9389 4635.309
1791599447.388 9390 4636.116
1791599447.389 9397 4634.675
1791599447.390 9398 4635.636
1791599447.391 9405 4636.133
1791599447.392 9406 4636.942
1791599447.393 9413 4636.274
1791599447.394 9414 4637.242
1791599447.395 9421 4635.346
1791599447.396 9422 4636.319
1791599447.397 9429 4637.105
1791599447.398 9430 4638.082
1791599447.399 9437 4634.704
1791599447.400 9438 4635.596
1791599447.401 9445 4636.222
1791599447.402 9446 4637.197
1791599447.403 9453 4637.985
1791599447.404 9454 4638.965
1791599447.405 9461 4639.106
1791599447.406 9462 4639.913
1791599447.407 9469 4639.517
1791599447.408 9470 4638.309
1791599447.409 9477 4638.850
1791599447.410 9478 4639.818
1791599447.411 9485 4640.215
1791599447.412 9486 4641.168
1791599447.413 9493 4640.753
1791599447.414 9494 4641.557
1791599447.415 9501 4641.163
1791599447.416 9502 4641.967
1791599447.417 9509 4641.574
1791599447.418 9510 4642.379
1791599447.419 9517 4640.667
1791599447.420 9518 4641.625
1791599447.421 9525 4642.400
1791599447.422 9526 4642.786
1791599447.423 9533 4642.809
1791599447.424 9534 4643.613
1791599447.425 9541 4643.214
1791599447.426 9542 4644.023
1791599447.427 9549 4641.824
1791599447.429 9550 4642.751
1791599447.430 9557 4643.347
1791599447.431 9558 4644.314
1791599447.432 9565 4644.300
1791599447.433 9566 4645.273
1791599447.434 9573 4644.856
1791599447.435 9574 4645.662
1791599447.436 9581 4645.275
1791599447.437 9582 4646.081
1791599447.438 9589 4643.698
1791599447.439 9590 4644.623
1791599447.440 9597 4645.290
1791599447.441 9598 4646.259
1791599447.442 9605 4646.328
1791599447.443 9606 4647.306
1791599447.444 9613 4646.919
1791599447.445 9614 4647.729
1791599447.446 9621 4647.333
1791599447.447 9622 4648.152
1791599447.448 9629 4646.328
1791599447.449 9630 4647.282
1791599447.450 9637 4648.401
1791599447.451 9638 4649.490
1791599447.452 9645 4648.757
1791599447.453 9646 4649.719
1791599447.454 9653 4649.533
1791599447.455 9654 4650.343
1791599447.456 9661 4649.951
1791599447.457 9662 4650.747
1791599447.458 9669 4649.444
1791599447.459 9670 4650.397
1791599447.460 9677 4650.817
1791599447.461 9678 4651.595
1791599447.462 9685 4650.693
1791599447.463 9686 4651.620
1791599447.464 9693 4651.585
1791599447.465 9694 4652.391
1791599447.466 9701 4650.515
1791599447.467 9702 4651.409
1791599447.468 9709 4651.895
1791599447.469 9710 4652.872
1791599447.470 9717 4652.753
1791599447.471 9718 4653.330
1791599447.472 9725 4653.243
1791599447.473 9726 4654.053
1791599447.474 9733 4653.661
1791599447.475 9734 4654.469
1791599447.476 9741 4652.950
1791599447.477 9742 4653.907
1791599447.478 9749 4654.362
1791599447.479 9750 4655.314
1791599447.480 9757 4654.897
1791599447.481 9758 4655.705
1791599447.482 9765 4655.313
1791599447.483 9766 4656.118
1791599447.484 9773 4655.728
1791599447.485 9774 4656.534
1791599447.486 9781 4654.938
1791599447.487 9782 4655.894
1791599447.488 9789 4656.492
1791599447.489 9790 4656.777
1791599447.490 9797 4656.925
1791599447.491 9798 4657.746
1791599447.492 9805 4657.377
1791599447.493 9806 4658.183
1791599447.494 9813 4655.765
1791599447.495 9814 4656.693
1791599447.496 9821 4657.210
1791599447.497 9822 4658.183
1791599447.498 9829 4658.613
1791599447.499 9830 4659.425
1791599447.501 9837 4657.761
1791599447.502 9838 4658.864
1791599447.503 9845 4659.634
1791599447.504 9846 4660.390
1791599447.505 9853 4659.869
1791599447.506 9854 4660.827
1791599447.507 9861 4648.037
1791599447.508 9862 4648.514
1791599447.509 9869 4648.893
1791599447.510 9870 4649.861
1791599447.511 9877 4650.650
1791599447.512 9878 4651.627
1791599447.513 9885 4652.421
1791599447.514 9886 4653.396
1791599447.515 9893 4654.188
1791599447.516 9894 4655.165
1791599447.517 9901 4655.056
1791599447.518 9902 4656.027
1791599447.519 9909 4655.445
1791599447.520 9910 4655.981
1791599447.521 9917 4655.829
1791599447.522 9918 4656.800
1791599447.523 9925 4657.588
1791599447.524 9926 4658.560
1791599447.525 9933 4659.328
1791599447.526 9934 4660.305
1791599447.527 9941 4647.215
1791599447.528 9942 4648.137
1791599447.529 9949 4648.856
1791599447.530 9950 4649.822
1791599447.531 9957 4650.554
1791599447.532 9958 4651.526
1791599447.533 9965 4652.301
1791599447.534 9966 4653.272
1791599447.535 9973 4654.046
1791599447.536 9974 4655.018
1791599447.537 9981 4655.783
1791599447.538 9982 4656.752
1791599447.539 9989 4657.506
1791599447.540 9990 4658.490
1791599447.541 9997 4659.251
1791599447.542 9998 4660.218
1791599447.543 10005 4660.961
1791599447.544 10006 4661.932
1791599447.545 10013 4662.719
1791599447.546 10014 4662.554
1791599447.547 10021 4663.299
1791599447.548 10022 4664.278
1791599447.549 10029 4665.075
1791599447.550 10030 4666.052
1791599447.551 10037 4666.851
1791599447.552 10038 4667.914
1791599447.553 10045 4668.684
1791599447.554 10046 4669.665
1791599447.555 10053 4670.430
1791599447.556 10054 4671.404
1791599447.558 10061 4655.944
1791599447.559 10062 4656.750
1791599447.560 10069 4656.582
1791599447.561 10070 4657.124
1791599447.562 10077 4656.996
1791599447.563 10078 4657.528
1791599447.564 10085 4656.977
1791599447.565 10086 4657.497
1791599447.566 10093 4656.435
1791599447.567 10094 4656.959
1791599447.568 10101 4655.968
1791599447.569 10102 4656.954
1791599447.570 10109 4652.961
1791599447.571 10110 4653.647
1791599447.572 10117 4654.340
1791599447.573 10118 4655.312
1791599447.574 10125 4656.096
1791599447.575 10126 4657.068
1791599447.576 10133 4655.603
1791599447.577 10134 4656.563
1791599447.578 10141 4656.885
1791599447.579 10142 4657.616
1791599447.580 10149 4658.253
1791599447.581 10150 4659.231
1791599447.582 10157 4659.986
1791599447.583 10158 4660.963
1791599447.584 10165 4661.738
1791599447.585 10166 4662.710
1791599447.586 10173 4663.486
1791599447.587 10174 4664.463
1791599447.588 10181 4665.240
1791599447.589 10182 4666.211
1791599447.590 10189 4665.100
1791599447.591 10190 4666.060
1791599447.592 10197 4666.803
1791599447.593 10198 4667.774
1791599447.594 10205 4668.536
1791599447.595 10206 4669.510
1791599447.596 10213 4670.291
1791599447.597 10214 4671.265
1791599447.598 10221 4672.031
1791599447.599 10222 4673.007
1791599447.600 10229 4673.792
1791599447.601 10230 4674.769
1791599447.602 10237 4675.556
1791599447.603 10238 4676.644
1791599447.604 10245 4677.434
1791599447.605 10246 4678.413
1791599447.606 10253 4676.237
1791599447.607 10254 4677.189
1791599447.608 10261 4677.944
1791599447.609 10262 4678.923
1791599447.610 10269 4679.713
1791599447.611 10270 4680.693
1791599447.612 10277 4681.395
1791599447.613 10278 4682.370
1791599447.614 10285 4682.624
1791599447.615 10286 4683.573
1791599447.616 10293 4680.210
1791599447.617 10294 4681.170
1791599447.618 10301 4681.912
1791599447.619 10302 4682.885
1791599447.620 10309 4683.664
1791599447.621 10310 4684.636
1791599447.622 10317 4684.479
1791599447.623 10318 4685.421
1791599447.624 10325 4685.046
1791599447.625 10326 4685.867
1791599447.626 10333 4685.484
1791599447.627 10334 4686.288
1791599447.628 10341 4683.078
1791599447.629 10342 4684.022
1791599447.630 10349 4684.734
1791599447.631 10350 4685.704
1791599447.632 10357 4686.456
1791599447.633 10358 4687.435
1791599447.634 10365 4687.105
1791599447.635 10366 4687.923
1791599447.636 10373 4687.525
1791599447.637 10374 4688.328
1791599447.638 10381 4687.932
1791599447.639 10382 4688.736
1791599447.640 10389 4685.630
1791599447.641 10390 4686.550
1791599447.642 10397 4687.294
1791599447.643 10398 4688.263
1791599447.644 10405 4689.048
1791599447.645 10406 4690.020
1791599447.646 10413 4689.574
1791599447.647 10414 4690.353
1791599447.648 10421 4689.959
1791599447.649 10422 4690.768
1791599447.650 10429 4690.353
1791599447.651 10430 4691.173
1791599447.652 10437 4688.794
1791599447.673 10438 4709.735
1791599447.674 10445 4710.325
1791599447.675 10446 4711.300
1791599447.676 10453 4709.868
1791599447.677 10454 4710.838
1791599447.678 10461 4711.573
1791599447.679 10462 4712.544
1791599447.680 10469 4712.452
1791599447.681 10470 4713.260
1791599447.682 10477 4711.366
1791599447.683 10478 4712.317
1791599447.684 10485 4713.049
1791599447.685 10486 4714.023
1791599447.686 10493 4711.621
1791599447.687 10494 4712.590
1791599447.688 10501 4713.359
1791599447.689 10502 4714.337
1791599447.690 10509 4714.501
1791599447.691 10510 4715.329
1791599447.692 10517 4711.590
1791599447.693 10518 4712.535
1791599447.694 10525 4712.715
1791599447.695 10526 4713.688
1791599447.696 10533 4714.477
1791599447.697 10534 4715.457
1791599447.698 10541 4716.250
1791599447.699 10542 4716.718
1791599447.700 10549 4716.623
1791599447.701 10550 4717.429
1791599447.703 10557 4714.774
1791599447.704 10558 4715.697
1791599447.705 10565 4716.381
1791599447.706 10566 4717.359
1791599447.707 10573 4717.697
1791599447.708 10574 4718.666
1791599447.709 10581 4718.287
1791599447.710 10582 4719.094
1791599447.711 10589 4718.700
1791599447.712 10590 4719.508
1791599447.713 10597 4717.533
1791599447.714 10598 4718.484
1791599447.715 10605 4719.226
1791599447.716 10606 4720.202
1791599447.717 10613 4719.965
1791599447.718 10614 4720.771
1791599447.719 10621 4720.397
1791599447.720 10622 4721.202
1791599447.721 10629 4720.803
1791599447.722 10630 4721.614
1791599447.723 10635 4719.800
1791599447.724 10641 4720.645
1791599447.725 10643 4721.592
1791599447.726 10649 4721.835
1791599447.727 10651 4722.599
1791599447.728 10657 4722.413
1791599447.729 10659 4723.018
1791599447.730 10665 4722.463
1791599447.731 10667 4723.402
1791599447.732 10673 4723.258
1791599447.733 10675 4721.866
1791599447.734 10681 4722.489
1791599447.735 10683 4723.405
1791599447.736 10689 4724.059
1791599447.737 10691 4724.459
1791599447.738 10697 4724.490
1791599447.739 10699 4725.124
1791599447.740 10705 4724.932
1791599447.741 10707 4725.541
1791599447.742 10713 4725.345
1791599447.743 10715 4725.948
1791599447.744 10721 4724.329
1791599447.745 10723 4725.238
1791599447.746 10729 4726.053
1791599447.747 10731 4726.725
1791599447.748 10737 4726.588
1791599447.749 10739 4727.201
1791599447.750 10745 4727.012
1791599447.751 10747 4727.620
1791599447.752 10753 4727.427
1791599447.753 10755 4725.044
1791599447.754 10761 4725.666
1791599447.755 10763 4726.581
1791599447.756 10769 4727.362
1791599447.757 10771 4728.309
1791599447.758 10777 4728.693
1791599447.759 10779 4729.305
1791599447.760 10785 4729.118
1791599447.761 10787 4729.731
1791599447.762 10793 4729.543
1791599447.763 10795 4730.156
1791599447.764 10801 4727.810
1791599447.765 10803 4728.163
1791599447.766 10809 4728.803
1791599447.767 10811 4729.740
1791599447.768 10817 4730.535
1791599447.769 10819 4731.481
1791599447.770 10825 4731.222
1791599447.771 10827 4731.833
1791599447.772 10833 4731.641
1791599447.773 10835 4732.250
1791599447.774 10841 4732.175
1791599447.775 10843 4730.798
1791599447.776 10849 4731.441
1791599447.777 10851 4732.354
1791599447.778 10857 4732.557
1791599447.779 10859 4733.478
1791599447.780 10865 4733.423
1791599447.781 10867 4734.027
1791599447.783 10873 4733.836
1791599447.784 10875 4734.444
1791599447.785 10881 4732.396
1791599447.786 10883 4732.294
1791599447.787 10889 4733.093
1791599447.788 10891 4734.056
1791599447.789 10897 4734.893
1791599447.790 10899 4734.897
1791599447.791 10905 4735.474
1791599447.792 10907 4736.095
1791599447.793 10913 4735.935
1791599447.794 10915 4736.484
1791599447.795 10921 4733.448
1791599447.796 10923 4734.189
1791599447.797 10929 4734.842
1791599447.798 10931 4735.772
1791599447.799 10937 4736.562
1791599447.800 10939 4737.497
1791599447.801 10945 4737.586
1791599447.802 10947 4738.201
1791599447.803 10953 4738.012
1791599447.804 10955 4738.627
1791599447.805 10961 4738.437
1791599447.806 10963 4739.048
1791599447.807 10969 4737.153
1791599447.808 10971 4738.023
1791599447.809 10977 4738.809
1791599447.810 10979 4739.759
1791599447.811 10985 4739.393
1791599447.812 10987 4740.312
1791599447.813 10993 4740.097
1791599447.814 10995 4740.704
1791599447.815 11001 4740.511
1791599447.816 11003 4741.123
1791599447.817 11009 4738.875
1791599447.818 11011 4739.768
1791599447.819 11017 4740.515
1791599447.820 11019 4741.459
1791599447.821 11025 4741.716
1791599447.822 11027 4742.364
1791599447.823 11033 4742.171
1791599447.824 11035 4742.776
1791599447.825 11041 4742.716
1791599447.826 11043 4743.331
1791599447.827 11049 4741.511
1791599447.828 11051 4742.069
1791599447.829 11057 4742.259
1791599447.830 11059 4743.196
1791599447.831 11065 4743.999
1791599447.832 11067 4744.339
1791599447.833 11073 4744.394
1791599447.834 11075 4745.012
1791599447.835 11081 4744.822
1791599447.836 11083 4743.544
1791599447.837 11089 4744.033
1791599447.838 11091 4744.955
1791599447.839 11097 4745.217
1791599447.840 11099 4746.136
1791599447.841 11105 4746.087
1791599447.842 11107 4746.694
1791599447.843 11113 4746.503
1791599447.844 11115 4747.111
1791599447.845 11121 4745.166
1791599447.846 11123 4745.836
1791599447.847 11129 4746.444
1791599447.848 11131 4747.385
1791599447.849 11137 4747.654
1791599447.850 11139 4748.358
1791599447.851 11145 4748.163
1791599447.852 11147 4748.765
1791599447.853 11153 4748.566
1791599447.854 11155 4749.170
1791599447.855 11161 4747.521
1791599447.856 11163 4748.431
1791599447.857 11169 4749.231
1791599447.858 11171 4749.561
1791599447.859 11177 4749.803
1791599447.860 11179 4750.405
1791599447.861 11185 4750.212
1791599447.862 11187 4750.819
1791599447.863 11193 4750.629
1791599447.864 11195 4749.556
1791599447.865 11201 4750.127
1791599447.866 11203 4751.028
1791599447.867 11209 4751.220
1791599447.868 11211 4752.020
1791599447.869 11217 4751.862
1791599447.870 11219 4752.471
1791599447.871 11225 4752.287
1791599447.872 11227 4752.899
1791599447.873 11233 4751.138
1791599447.874 11235 4751.973
1791599447.876 11241 4752.729
1791599447.877 11243 4753.675
1791599447.878 11249 4753.664
1791599447.879 11251 4754.275
1791599447.880 11257 4754.091
1791599447.881 11259 4754.700
1791599447.882 11265 4754.514
1791599447.883 11267 4755.127
1791599447.884 11273 4753.589
1791599447.885 11275 4754.494
1791599447.886 11281 4755.307
1791599447.887 11283 4756.128
1791599447.888 11289 4755.941
1791599447.889 11291 4756.547
1791599447.890 11297 4756.350
1791599447.891 11299 4756.952
1791599447.892 11305 4756.753
1791599447.893 11307 4755.588
1791599447.894 11313 4756.237
1791599447.895 11315 4757.154
1791599447.896 11321 4757.258
1791599447.897 11323 4758.168
1791599447.898 11329 4758.001
1791599447.899 11331 4758.610
1791599447.900 11337 4758.419
1791599447.901 11339 4759.025
1791599447.902 11345 4757.205
1791599447.903 11347 4758.094
1791599447.904 11353 4758.869
1791599447.905 11355 4759.814
1791599447.906 11361 4759.655
1791599447.907 11363 4759.963
1791599447.908 11369 4760.076
1791599447.909 11371 4760.680
1791599447.910 11377 4760.491
1791599447.911 11379 4761.099
1791599447.912 11385 4759.680
1791599447.913 11387 4760.515
1791599447.914 11393 4761.271
1791599447.915 11395 4761.921
1791599447.916 11401 4761.733
1791599447.917 11403 4762.336
1791599447.918 11409 4761.730
1791599447.919 11411 4762.659
1791599447.920 11417 4760.749
1791599447.921 11419 4760.402
1791599447.922 11425 4761.071
1791599447.923 11427 4762.012
1791599447.924 11433 4762.830
1791599447.925 11435 4763.771
1791599447.926 11441 4763.929
1791599447.927 11443 4764.532
1791599447.928 11449 4764.340
1791599447.929 11451 4764.944
1791599447.930 11457 4763.482
1791599447.931 11459 4764.370
1791599447.932 11465 4765.167
1791599447.933 11467 4765.514
1791599447.934 11473 4765.576
1791599447.935 11475 4766.189
1791599447.936 11481 4765.999
1791599447.937 11483 4766.607
1791599447.938 11489 4764.676
1791599447.939 11491 4765.528
1791599447.940 11497 4766.230
1791599447.941 11499 4767.174
1791599447.942 11505 4767.246
1791599447.943 11507 4767.856
1791599447.944 11513 4767.611
1791599447.945 11515 4768.274
1791599447.946 11521 4768.083
1791599447.947 11523 4768.688
1791599447.948 11529 4766.590
1791599447.949 11531 4767.447
1791599447.950 11537 4768.005
1791599447.951 11539 4768.914
1791599447.952 11545 4769.324
1791599447.953 11547 4769.933
1791599447.954 11553 4769.742
1791599447.955 11555 4770.346
1791599447.956 11561 4770.152
1791599447.957 11563 4770.762
1791599447.958 11569 4765.953
1791599447.959 11571 4766.772
1791599447.960 11577 4767.480
1791599447.961 11579 4768.424
1791599447.962 11585 4769.238
1791599447.963 11587 4770.178
1791599447.964 11593 4770.998
1791599447.965 11595 4771.942
1791599447.966 11601 4772.225
1791599447.968 11603 4772.834
1791599447.969 11609 4772.643
1791599447.970 11611 4771.382
1791599447.971 11617 4772.085
1791599447.972 11619 4772.883
1791599447.973 11625 4773.127
1791599447.974 11627 4774.049
1791599447.975 11633 4773.887
1791599447.976 11635 4774.495
1791599447.977 11641 4774.422
1791599447.978 11643 4775.028
1791599447.979 11649 4773.100
1791599447.980 11651 4773.961
1791599447.981 11657 4774.657
1791599447.982 11659 4775.596
1791599447.983 11665 4775.661
1791599447.984 11667 4776.267
1791599447.985 11673 4776.068
1791599447.986 11675 4776.671
1791599447.987 11681 4776.486
1791599447.988 11683 4777.093
1791599447.989 11689 4775.322
1791599447.990 11691 4776.189
1791599447.991 11697 4775.908
1791599447.992 11699 4776.806
1791599447.993 11705 4777.605
1791599447.994 11707 4777.911
1791599447.995 11713 4778.148
1791599447.996 11715 4778.760
1791599447.997 11721 4778.571
1791599447.998 11723 4779.181
1791599447.999 11729 4775.767
1791599448.000 11731 4776.658
1791599448.001 11737 4777.462
1791599448.002 11739 4778.410
1791599448.003 11745 4779.200
1791599448.004 11747 4780.144
1791599448.005 11753 4780.234
1791599448.006 11755 4780.845
1791599448.007 11761 4780.652
1791599448.008 11763 4778.852
1791599448.009 11769 4779.497
1791599448.010 11771 4780.438
1791599448.011 11777 4781.226
1791599448.012 11779 4781.759
1791599448.013 11785 4781.896
1791599448.014 11787 4782.502
1791599448.015 11793 4782.308
1791599448.016 11795 4782.916
1791599448.017 11801 4780.736
1791599448.018 11803 4781.597
1791599448.019 11809 4782.303
1791599448.020 11811 4783.244
1791599448.021 11817 4783.549
1791599448.022 11819 4784.155
1791599448.023 11825 4783.961
1791599448.024 11827 4784.566
1791599448.025 11833 4784.380
1791599448.026 11835 4784.993
1791599448.027 11841 4783.414
1791599448.028 11843 4784.268
1791599448.029 11849 4784.977
1791599448.030 11851 4785.918
1791599448.031 11857 4785.733
1791599448.032 11859 4786.337
1791599448.033 11865 4786.143
1791599448.034 11867 4786.744
1791599448.035 11873 4786.550
1791599448.036 11875 4785.164
1791599448.037 11881 4785.841
1791599448.038 11883 4786.756
1791599448.039 11889 4787.045
1791599448.040 11891 4787.963
1791599448.041 11897 4787.762
1791599448.042 11899 4788.373
1791599448.043 11905 4788.177
1791599448.044 11907 4788.778
1791599448.045 11913 4786.763
1791599448.046 11915 4787.653
1791599448.047 11921 4788.379
1791599448.048 11923 4789.190
1791599448.049 11929 4789.399
1791599448.050 11931 4790.024
1791599448.051 11937 4789.832
1791599448.052 11939 4790.439
1791599448.053 11945 4790.248
1791599448.054 11947 4790.853
1791599448.055 11953 4789.253
1791599448.056 11955 4790.152
1791599448.057 11961 4790.946
1791599448.058 11963 4791.676
1791599448.059 11969 4791.481
1791599448.060 11971 4792.079
1791599448.061 11977 4791.880
1791599448.062 11979 4792.496
1791599448.063 11985 4792.305
1791599448.064 11987 4791.170
1791599448.065 11993 4791.868
1791599448.066 11995 4792.809
1791599448.067 12001 4792.927
1791599448.068 12003 4793.715
1791599448.069 12009 4793.542
1791599448.070 12011 4794.151
1791599448.071 12017 4793.958
1791599448.072 12019 4794.562
1791599448.073 12025 4792.794
1791599448.074 12027 4793.444
1791599448.075 12033 4794.168
1791599448.076 12035 4795.109
1791599448.078 12041 4795.309
1791599448.079 12043 4795.922
1791599448.080 12049 4795.732
1791599448.081 12051 4796.352
1791599448.082 12057 4796.162
1791599448.083 12059 4796.743
1791599448.084 12065 4795.378
1791599448.085 12067 4796.288
1791599448.086 12073 4796.817
1791599448.087 12075 4797.194
1791599448.088 12081 4797.404
1791599448.089 12083 4798.013
1791599448.090 12089 4797.822
1791599448.091 12091 4798.425
1791599448.092 12097 4796.395
1791599448.093 12099 4797.267
1791599448.094 12105 4797.962
1791599448.095 12107 4798.899
1791599448.096 12113 4798.717
1791599448.097 12115 4799.752
1791599448.098 12121 4799.598
1791599448.099 12123 4800.203
1791599448.100 12129 4800.016
1791599448.101 12131 4800.626
1791599448.102 12137 4798.675
1791599448.103 12139 4799.574
1791599448.104 12145 4800.332
1791599448.105 12147 4801.249
1791599448.106 12153 4801.247
1791599448.107 12155 4801.768
1791599448.108 12161 4801.682
1791599448.109 12163 4802.289
1791599448.110 12169 4802.096
1791599448.111 12171 4802.704
1791599448.112 12177 4800.677
1791599448.113 12179 4801.549
1791599448.114 12185 4802.244
1791599448.115 12187 4803.187
1791599448.116 12193 4803.339
1791599448.117 12195 4803.947
1791599448.118 12201 4803.750
1791599448.119 12203 4804.356
1791599448.120 12209 4804.164
1791599448.121 12211 4804.773
1791599448.122 12217 4802.803
1791599448.123 12219 4803.689
1791599448.124 12225 4804.411
1791599448.125 12227 4805.354
1791599448.126 12233 4804.733
1791599448.127 12235 4805.636
1791599448.128 12241 4805.920
1791599448.129 12243 4806.528
1791599448.130 12249 4806.336
1791599448.131 12251 4806.943
1791599448.132 12257 4805.510
1791599448.133 12259 4806.414
1791599448.134 12265 4807.224
1791599448.135 12267 4807.766
1791599448.136 12273 4807.576
1791599448.137 12275 4808.135
1791599448.138 12281 4807.996
1791599448.139 12283 4808.601
1791599448.140 12289 4806.552
1791599448.141 12291 4807.395
1791599448.142 12297 4808.083
1791599448.143 12299 4809.019
1791599448.144 12305 4807.517
1791599448.145 12307 4808.456
1791599448.146 12313 4809.257
1791599448.147 12315 4810.200
1791599448.148 12321 4810.069
1791599448.149 12323 4810.670
1791599448.150 12329 4808.493
1791599448.151 12331 4806.626
1791599448.152 12337 4807.170
1791599448.153 12339 4808.111
1791599448.154 12345 4808.929
1791599448.155 12347 4809.877
1791599448.156 12353 4810.664
1791599448.157 12355 4811.614
1791599448.158 12361 4811.879
1791599448.159 12363 4812.766
1791599448.160 12369 4810.701
1791599448.161 12371 4811.574
1791599448.162 12377 4812.302
1791599448.163 12379 4813.241
1791599448.164 12385 4813.167
1791599448.165 12387 4813.670
1791599448.166 12393 4813.825
1791599448.168 12395 4814.440
1791599448.169 12401 4814.239
1791599448.170 12403 4814.843
1791599448.171 12409 4813.391
1791599448.172 12411 4814.275
1791599448.173 12417 4815.047
1791599448.174 12419 4815.493
1791599448.175 12425 4814.880
1791599448.176 12427 4815.779
1791599448.177 12433 4815.862
1791599448.178 12435 4816.470
1791599448.179 12441 4816.376
1791599448.180 12443 4815.001
1791599448.181 12449 4815.665
1791599448.182 12451 4816.580
1791599448.183 12457 4817.178
1791599448.184 12459 4817.786
1791599448.185 12465 4817.557
1791599448.186 12467 4818.193
1791599448.187 12473 4817.995
1791599448.188 12475 4818.598
1791599448.189 12481 4816.328
1791599448.190 12483 4817.212
1791599448.191 12489 4817.923
1791599448.192 12491 4818.862
1791599448.193 12497 4818.890
1791599448.194 12499 4819.822
1791599448.195 12505 4819.615
1791599448.196 12507 4820.220
1791599448.197 12513 4820.021
1791599448.198 12515 4820.622
1791599448.199 12521 4818.695
1791599448.200 12523 4819.579
1791599448.201 12529 4820.342
1791599448.202 12531 4821.283
1791599448.203 12537 4821.237
1791599448.204 12539 4820.913
1791599448.205 12545 4821.712
1791599448.206 12547 4822.254
1791599448.207 12553 4822.057
1791599448.208 12555 4822.671
1791599448.209 12561 4820.706
1791599448.210 12563 4821.604
1791599448.211 12569 4822.350
1791599448.212 12571 4823.295
1791599448.213 12577 4823.091
1791599448.214 12579 4823.879
1791599448.215 12585 4823.713
1791599448.216 12587 4824.321
1791599448.217 12593 4824.126
1791599448.218 12595 4824.735
1791599448.219 12601 4822.751
1791599448.220 12603 4823.644
1791599448.221 12609 4824.415
1791599448.222 12611 4825.363
1791599448.223 12617 4825.089
1791599448.224 12619 4826.016
1791599448.225 12625 4825.798
1791599448.226 12627 4826.406
1791599448.227 12633 4826.212
1791599448.228 12635 4826.816
1791599448.229 12641 4824.719
1791599448.230 12643 4825.612
1791599448.231 12649 4826.333
1791599448.232 12651 4827.274
1791599448.233 12657 4827.581
1791599448.234 12659 4828.181
1791599448.235 12665 4827.985
1791599448.236 12667 4828.599
1791599448.237 12673 4828.408
1791599448.238 12675 4829.020
1791599448.239 12681 4827.039
1791599448.240 12683 4827.930
1791599448.241 12689 4828.677
1791599448.242 12691 4829.614
1791599448.243 12697 4829.528
1791599448.244 12699 4830.262
1791599448.245 12705 4830.077
1791599448.246 12707 4830.686
1791599448.247 12713 4830.495
1791599448.248 12715 4831.100
1791599448.249 12721 4828.964
1791599448.250 12723 4829.846
1791599448.251 12729 4830.608
1791599448.252 12731 4831.523
1791599448.253 12737 4831.632
1791599448.254 12739 4832.365
1791599448.255 12745 4832.133
1791599448.256 12747 4832.741
1791599448.257 12753 4832.547
1791599448.258 12755 4833.159
1791599448.259 12761 4831.299
1791599448.260 12763 4832.202
1791599448.261 12769 4832.986
1791599448.262 12771 4833.926
1791599448.263 12777 4833.782
1791599448.264 12779 4834.391
1791599448.265 12785 4834.194
1791599448.266 12787 4834.804
1791599448.267 12793 4834.614
1791599448.268 12795 4833.338
1791599448.269 12801 4833.996
1791599448.270 12803 4834.910
1791599448.271 12809 4832.836
1791599448.272 12811 4833.759
1791599448.273 12817 4834.529
1791599448.274 12819 4835.474
1791599448.275 12825 4836.287
1791599448.276 12827 4836.863
1791599448.277 12833 4834.788
1791599448.278 12835 4835.489
1791599448.279 12841 4835.576
1791599448.280 12843 4836.504
1791599448.281 12849 4837.314
1791599448.282 12851 4838.255
1791599448.283 12857 4838.011
1791599448.284 12859 4838.618
1791599448.285 12865 4838.422
1791599448.286 12867 4839.026
1791599448.287 12873 4837.578
1791599448.289 12875 4838.483
1791599448.290 12881 4839.270
1791599448.291 12883 4839.561
1791599448.292 12889 4839.666
1791599448.293 12891 4840.273
1791599448.294 12897 4840.076
1791599448.295 12899 4840.677
1791599448.296 12905 4838.685
1791599448.297 12907 4839.533
1791599448.298 12913 4840.095
1791599448.299 12915 4841.033
1791599448.300 12921 4841.253
1791599448.301 12923 4841.909
1791599448.302 12929 4841.730
1791599448.303 12931 4842.334
1791599448.304 12937 4842.158
1791599448.305 12939 4842.758
1791599448.306 12945 4839.565
1791599448.307 12947 4840.475
1791599448.308 12953 4841.266
1791599448.309 12955 4842.207
1791599448.310 12961 4842.995
1791599448.311 12963 4843.934
1791599448.312 12969 4843.465
1791599448.313 12971 4844.388
1791599448.314 12977 4844.231
1791599448.315 12979 4844.839
1791599448.316 12985 4844.645
1791599448.317 12987 4842.708
1791599448.318 12993 4843.344
1791599448.319 12995 4844.283
1791599448.320 13001 4845.073
1791599448.321 13003 4846.016
1791599448.322 13009 4843.893
1791599448.323 13011 4844.831
1791599448.324 13017 4845.646
1791599448.325 13019 4846.587
1791599448.326 13025 4846.699
1791599448.327 13027 4845.455
1791599448.328 13033 4846.106
1791599448.329 13035 4847.045
1791599448.330 13041 4847.238
1791599448.331 13043 4848.140
1791599448.332 13049 4848.033
1791599448.333 13051 4848.640
1791599448.334 13057 4848.448
1791599448.335 13059 4849.054
1791599448.336 13065 4848.862
1791599448.337 13067 4847.534
1791599448.338 13073 4848.177
1791599448.339 13075 4849.098
1791599448.340 13081 4849.368
1791599448.341 13083 4850.246
1791599448.342 13089 4850.090
1791599448.343 13091 4850.702
1791599448.344 13097 4850.512
1791599448.345 13099 4851.117
1791599448.346 13105 4849.307
1791599448.347 13107 4850.125
1791599448.348 13113 4850.765
1791599448.349 13115 4851.705
1791599448.350 13121 4851.744
1791599448.351 13123 4852.360
1791599448.352 13129 4852.168
1791599448.353 13131 4852.771
1791599448.354 13137 4852.579
1791599448.355 13139 4853.188
1791599448.356 13145 4851.690
1791599448.357 13147 4852.588
1791599448.358 13153 4853.381
1791599448.359 13155 4854.085
1791599448.360 13161 4853.830
1791599448.361 13163 4854.425
1791599448.362 13169 4854.234
1791599448.363 13171 4854.837
1791599448.364 13177 4854.645
1791599448.365 13179 4853.369
1791599448.366 13185 4853.780
1791599448.367 13187 4854.700
1791599448.368 13193 4855.486
1791599448.369 13195 4856.074
1791599448.370 13201 4855.549
1791599448.371 13203 4856.438
1791599448.372 13209 4856.290
1791599448.373 13211 4856.867
1791599448.374 13217 4856.706
1791599448.375 13219 4855.296
1791599448.376 13225 4855.959
1791599448.377 13227 4856.891
1791599448.378 13233 4857.522
1791599448.379 13235 4858.047
1791599448.380 13241 4858.076
1791599448.381 13243 4858.679
1791599448.382 13249 4858.488
1791599448.383 13251 4859.100
1791599448.384 13257 4857.086
1791599448.385 13259 4857.927
1791599448.386 13265 4857.840
1791599448.387 13267 4858.755
1791599448.388 13273 4859.568
1791599448.389 13275 4860.016
1791599448.390 13281 4860.164
1791599448.391 13283 4860.767
1791599448.392 13289 4860.585
1791599448.393 13291 4861.192
1791599448.394 13297 4859.641
1791599448.395 13299 4860.530
1791599448.396 13305 4861.336
1791599448.397 13307 4862.069
1791599448.398 13313 4861.889
1791599448.399 13315 4862.320
1791599448.401 13321 4862.234
1791599448.402 13323 4862.840
1791599448.403 13329 4862.649
1791599448.404 13331 4863.252
1791599448.405 13337 4861.704
1791599448.406 13339 4862.607
1791599448.407 13345 4863.283
1791599448.408 13347 4863.709
1791599448.409 13353 4863.758
1791599448.410 13355 4864.481
1791599448.411 13361 4864.291
1791599448.412 13363 4864.893
1791599448.413 13369 4864.702
1791599448.414 13371 4863.439
1791599448.415 13377 4864.150
1791599448.416 13379 4865.094
1791599448.417 13385 4865.600
1791599448.418 13387 4866.144
1791599448.419 13393 4865.955
1791599448.420 13395 4866.560
1791599448.421 13401 4866.369
1791599448.422 13403 4866.978
1791599448.423 13409 4866.790
1791599448.424 13411 4865.361
1791599448.425 13417 4866.010
1791599448.426 13419 4866.919
1791599448.427 13425 4867.550
1791599448.428 13427 4868.008
1791599448.429 13433 4868.016
1791599448.430 13435 4868.626
1791599448.431 13441 4868.526
1791599448.432 13443 4869.139
1791599448.433 13449 4868.949
1791599448.434 13451 4869.557
1791599448.435 13457 4867.940
1791599448.436 13459 4868.841
1791599448.437 13465 4869.624
1791599448.438 13467 4870.348
1791599448.439 13473 4870.200
1791599448.440 13475 4870.792
1791599448.441 13481 4870.603
1791599448.442 13483 4871.211
1791599448.443 13489 4871.013
1791599448.444 13491 4871.617
1791599448.445 13497 4869.801
1791599448.446 13499 4870.705
1791599448.447 13505 4871.499
1791599448.448 13507 4872.449
1791599448.449 13513 4870.127
1791599448.450 13515 4871.063
1791599448.451 13521 4871.876
1791599448.452 13523 4872.815
1791599448.453 13529 4873.139
1791599448.454 13531 4873.682
1791599448.455 13537 4871.861
1791599448.456 13539 4872.748
1791599448.457 13545 4873.525
1791599448.458 13547 4874.466
1791599448.459 13553 4872.269
1791599448.460 13555 4873.221
1791599448.461 13561 4874.088
1791599448.462 13563 4875.051
1791599448.463 13569 4875.157
1791599448.464 13571 4873.905
1791599448.465 13577 4874.661
1791599448.466 13579 4875.603
1791599448.467 13585 4875.975
1791599448.468 13587 4876.401
1791599448.469 13593 4876.426
1791599448.470 13595 4876.985
1791599448.471 13601 4876.797
1791599448.472 13603 4877.399
1791599448.473 13609 4875.371
1791599448.474 13611 4876.245
1791599448.475 13617 4876.980
1791599448.476 13619 4877.922
1791599448.477 13625 4877.807
1791599448.478 13627 4878.602
1791599448.479 13633 4878.442
1791599448.480 13635 4879.046
1791599448.481 13641 4878.951
1791599448.482 13643 4879.561
1791599448.483 13649 4876.511
1791599448.484 13651 4877.409
1791599448.485 13657 4878.228
1791599448.486 13659 4879.186
1791599448.487 13665 4880.060
1791599448.488 13667 4880.774
1791599448.489 13673 4880.589
1791599448.490 13675 4881.197
1791599448.491 13681 4881.006
1791599448.492 13683 4881.615
1791599448.493 13689 4879.628
1791599448.494 13691 4880.520
1791599448.495 13697 4881.291
1791599448.496 13699 4882.231
1791599448.497 13705 4882.242
1791599448.498 13707 4882.851
1791599448.499 13713 4882.663
1791599448.500 13715 4883.270
1791599448.501 13721 4883.074
1791599448.502 13723 4883.676
1791599448.503 13729 4882.328
1791599448.504 13731 4883.234
1791599448.505 13737 4883.458
1791599448.506 13739 4884.373
1791599448.507 13745 4884.314
1791599448.508 13747 4884.921
1791599448.509 13753 4884.724
1791599448.510 13755 4885.328
1791599448.511 13761 4883.450
1791599448.512 13763 4884.349
1791599448.513 13769 4885.105
1791599448.514 13771 4886.052
1791599448.515 13777 4885.961
1791599448.516 13779 4886.563
1791599448.517 13785 4886.367
1791599448.518 13787 4886.970
1791599448.519 13793 4886.775
1791599448.520 13795 4887.382
1791599448.521 13801 4886.181
1791599448.522 13803 4887.089
1791599448.523 13809 4887.360
1791599448.524 13811 4888.162
1791599448.525 13817 4888.020
1791599448.526 13819 4888.623
1791599448.527 13825 4888.428
1791599448.529 13827 4889.036
1791599448.530 13833 4888.844
1791599448.531 13835 4889.457
1791599448.532 13841 4887.977
1791599448.533 13843 4888.830
1791599448.534 13849 4889.400
1791599448.535 13851 4890.335
1791599448.536 13857 4890.188
1791599448.537 13859 4890.794
1791599448.538 13865 4890.606
1791599448.539 13867 4891.220
1791599448.540 13873 4891.031
1791599448.541 13875 4889.569
1791599448.542 13881 4890.237
1791599448.543 13883 4891.157
1791599448.544 13889 4891.508
1791599448.545 13891 4892.428
1791599448.546 13897 4892.260
1791599448.547 13899 4892.869
1791599448.548 13905 4892.674
1791599448.549 13907 4893.277
1791599448.550 13913 4893.083
1791599448.551 13915 4893.964
1791599448.552 13921 4892.067
1791599448.553 13923 4892.929
1791599448.554 13929 4893.700
1791599448.555 13931 4894.641
1791599448.556 13937 4894.593
1791599448.557 13939 4895.195
1791599448.558 13945 4895.005
1791599448.559 13947 4895.610
1791599448.560 13953 4895.428
1791599448.561 13955 4896.041
1791599448.562 13961 4893.876
1791599448.563 13963 4894.783
1791599448.564 13969 4895.599
1791599448.565 13971 4896.546
1791599448.566 13977 4896.671
1791599448.567 13979 4897.289
1791599448.568 13985 4897.101
1791599448.569 13987 4897.703
1791599448.570 13993 4897.509
1791599448.571 13995 4898.113
1791599448.572 14001 4896.339
1791599448.573 14003 4897.230
1791599448.574 14009 4898.018
1791599448.575 14011 4898.958
1791599448.576 14017 4898.799
1791599448.577 14019 4899.334
1791599448.578 14025 4899.141
1791599448.579 14027 4899.744
1791599448.580 14033 4899.548
1791599448.581 14035 4900.137
1791599448.582 14041 4898.536
1791599448.583 14043 4899.438
1791599448.584 14049 4900.235
1791599448.585 14051 4900.611
1791599448.586 14057 4900.868
1791599448.587 14059 4901.470
1791599448.588 14065 4901.272
1791599448.589 14067 4901.874
1791599448.590 14073 4901.683
1791599448.591 14075 4900.435
1791599448.592 14081 4901.082
1791599448.593 14083 4902.002
1791599448.594 14089 4901.936
1791599448.595 14091 4902.866
1791599448.596 14097 4902.919
1791599448.597 14099 4903.523
1791599448.598 14105 4903.332
1791599448.599 14107 4903.941
1791599448.600 14113 4902.166
1791599448.601 14115 4903.058
1791599448.602 14121 4903.805
1791599448.603 14123 4904.739
1791599448.604 14129 4904.564
1791599448.605 14131 4905.167
1791599448.606 14137 4904.980
1791599448.607 14139 4905.585
1791599448.608 14145 4905.398
1791599448.609 14147 4904.229
1791599448.610 14153 4903.210
1791599448.611 14155 4904.118
1791599448.612 14161 4904.932
1791599448.613 14163 4905.852
1791599448.615 14169 4906.667
1791599448.616 14171 4907.076
1791599448.617 14177 4907.050
1791599448.618 14179 4907.651
1791599448.619 14185 4906.030
1791599448.620 14187 4906.928
1791599448.621 14193 4907.684
1791599448.622 14195 4908.479
1791599448.623 14201 4908.290
1791599448.624 14203 4908.893
1791599448.625 14209 4908.697
1791599448.626 14211 4909.299
1791599448.627 14217 4909.102
1791599448.628 14219 4907.924
1791599448.629 14225 4908.589
1791599448.630 14227 4909.512
1791599448.631 14233 4910.029
1791599448.632 14235 4910.513
1791599448.633 14241 4910.459
1791599448.634 14243 4911.065
1791599448.635 14249 4910.873
1791599448.636 14251 4911.479
1791599448.637 14257 4909.424
1791599448.638 14259 4910.318
1791599448.639 14265 4911.028
1791599448.640 14267 4911.967
1791599448.641 14273 4912.154
1791599448.642 14275 4912.712
1791599448.643 14281 4912.516
1791599448.644 14283 4913.129
1791599448.645 14289 4912.940
1791599448.646 14291 4913.544
1791599448.647 14297 4912.038
1791599448.648 14299 4912.927
1791599448.649 14305 4913.712
1791599448.650 14307 4913.834
1791599448.651 14313 4914.176
1791599448.652 14315 4914.786
1791599448.653 14321 4914.587
1791599448.654 14323 4915.207
1791599448.655 14329 4914.940
1791599448.656 14331 4913.701
1791599448.657 14337 4914.347
1791599448.658 14339 4915.296
1791599448.659 14345 4915.663
1791599448.660 14347 4915.997
1791599448.661 14353 4916.237
1791599448.662 14355 4916.840
1791599448.663 14361 4916.491
1791599448.664 14363 4917.165
1791599448.665 14369 4917.067
1791599448.666 14371 4915.833
1791599448.667 14377 4916.509
1791599448.668 14379 4917.447
1791599448.669 14385 4917.559
1791599448.670 14387 4918.466
1791599448.671 14393 4918.300
1791599448.672 14395 4918.909
1791599448.673 14401 4918.721
1791599448.674 14403 4919.327
1791599448.675 14409 4917.508
1791599448.676 14411 4918.373
1791599448.677 14417 4919.129
1791599448.678 14419 4920.076
1791599448.679 14425 4920.011
1791599448.680 14427 4920.148
1791599448.681 14433 4920.368
1791599448.682 14435 4920.973
1791599448.683 14441 4920.864
1791599448.684 14443 4921.470
1791599448.685 14449 4919.982
1791599448.686 14451 4920.866
1791599448.687 14457 4921.474
1791599448.688 14459 4921.856
1791599448.689 14465 4922.104
1791599448.690 14467 4922.706
1791599448.691 14473 4922.510
1791599448.692 14475 4923.119
1791599448.693 14481 4922.919
1791599448.694 14483 4921.773
1791599448.695 14489 4922.353
1791599448.696 14491 4923.288
1791599448.697 14497 4923.747
1791599448.698 14499 4924.349
1791599448.699 14505 4924.156
1791599448.700 14507 4924.764
1791599448.701 14513 4924.572
1791599448.702 14515 4925.183
1791599448.703 14521 4923.336
1791599448.704 14523 4924.222
1791599448.705 14529 4924.954
1791599448.706 14531 4925.887
1791599448.707 14537 4925.095
1791599448.708 14539 4926.035
1791599448.709 14545 4926.222
1791599448.710 14547 4926.832
1791599448.711 14553 4926.634
1791599448.712 14555 4927.239
1791599448.713 14561 4925.081
1791599448.714 14563 4925.971
1791599448.715 14569 4926.735
1791599448.716 14571 4927.657
1791599448.717 14577 4927.868
1791599448.718 14579 4928.036
1791599448.719 14585 4928.281
1791599448.720 14587 4928.885
1791599448.721 14593 4928.691
1791599448.722 14595 4929.295
1791599448.723 14601 4927.847
1791599448.724 14603 4928.726
1791599448.725 14609 4929.504
1791599448.726 14611 4929.882
1791599448.727 14617 4929.926
1791599448.728 14619 4930.531
1791599448.729 14625 4930.339
1791599448.730 14627 4930.953
1791599448.731 14633 4929.024
1791599448.732 14635 4929.895
1791599448.734 14641 4930.635
1791599448.735 14643 4931.572
1791599448.736 14649 4931.666
1791599448.737 14651 4932.275
1791599448.738 14657 4932.088
1791599448.739 14659 4932.713
1791599448.740 14665 4932.503
1791599448.741 14667 4933.107
1791599448.742 14673 4931.487
1791599448.743 14675 4932.381
1791599448.744 14681 4933.191
1791599448.745 14683 4933.622
1791599448.746 14689 4933.763
1791599448.747 14691 4934.371
1791599448.748 14697 4934.180
1791599448.749 14699 4934.783
1791599448.750 14705 4932.687
1791599448.751 14707 4933.550
1791599448.752 14713 4934.246
1791599448.753 14715 4935.192
1791599448.754 14721 4935.435
1791599448.755 14723 4936.024
1791599448.756 14729 4935.827
1791599448.757 14731 4936.430
1791599448.758 14737 4936.237
1791599448.759 14739 4936.844
1791599448.760 14745 4935.406
1791599448.761 14747 4936.312
1791599448.762 14753 4937.078
1791599448.763 14755 4937.352
1791599448.764 14761 4937.483
1791599448.765 14763 4938.092
1791599448.766 14769 4937.901
1791599448.767 14771 4938.502
1791599448.768 14777 4936.486
1791599448.769 14779 4937.360
1791599448.770 14785 4938.068
1791599448.771 14787 4939.009
1791599448.772 14793 4939.132
1791599448.773 14795 4939.749
1791599448.774 14801 4939.554
1791599448.775 14803 4940.167
1791599448.776 14809 4939.979
1791599448.777 14811 4940.587
1791599448.778 14817 4939.219
1791599448.779 14819 4940.120
1791599448.780 14825 4940.371
1791599448.781 14827 4941.294
1791599448.782 14833 4941.228
1791599448.783 14835 4941.840
1791599448.784 14841 4941.762
1791599448.785 14843 4942.373
1791599448.786 14849 4942.184
1791599448.787 14851 4942.793
1791599448.788 14857 4941.213
1791599448.789 14859 4941.943
1791599448.790 14865 4942.716
1791599448.791 14867 4943.664
1791599448.792 14873 4943.296
1791599448.793 14875 4944.038
1791599448.794 14881 4943.854
1791599448.795 14883 4944.460
1791599448.796 14889 4944.268
1791599448.797 14891 4942.652
1791599448.798 14897 4943.317
1791599448.799 14899 4944.260
1791599448.800 14905 4945.081
1791599448.801 14907 4945.404
1791599448.802 14913 4945.510
1791599448.803 14915 4946.119
1791599448.804 14921 4945.925
1791599448.805 14923 4946.529
1791599448.806 14929 4944.344
1791599448.807 14931 4945.221
1791599448.808 14937 4945.957
1791599448.809 14939 4946.898
1791599448.810 14945 4947.135
1791599448.811 14947 4947.769
1791599448.812 14953 4947.574
1791599448.813 14955 4948.182
1791599448.814 14961 4947.990
1791599448.815 14963 4948.596
1791599448.816 14969 4947.045
1791599448.817 14971 4947.950
1791599448.818 14977 4948.743
1791599448.819 14979 4949.367
1791599448.820 14985 4949.217
1791599448.821 14987 4949.828
1791599448.822 14993 4949.633
1791599448.823 14995 4950.244
1791599448.824 15001 4950.052
1791599448.825 15003 4948.951
1791599448.826 15009 4949.613
1791599448.827 15011 4950.551
1791599448.828 15017 4950.524
1791599448.829 15019 4951.463
1791599448.830 15025 4950.415
1791599448.831 15027 4951.346
1791599448.832 15033 4951.742
1791599448.833 15035 4952.313
1791599448.834 15041 4952.208
1791599448.835 15043 4950.962
1791599448.836 15049 4951.574
1791599448.838 15051 4952.510
1791599448.839 15057 4953.084
1791599448.840 15059 4953.504
1791599448.841 15065 4953.453
1791599448.842 15067 4954.066
1791599448.843 15073 4953.847
1791599448.844 15075 4954.482
1791599448.845 15081 4950.208
1791599448.846 15083 4951.047
1791599448.847 15089 4951.712
1791599448.848 15091 4952.649
1791599448.849 15097 4953.459
1791599448.850 15099 4954.395
1791599448.851 15105 4955.214
1791599448.852 15107 4956.158
1791599448.853 15113 4955.319
1791599448.854 15115 4956.257
1791599448.855 15121 4954.736
1791599448.856 15123 4954.958
1791599448.857 15129 4955.543
1791599448.858 15131 4956.470
1791599448.859 15137 4957.243
1791599448.860 15139 4957.007
1791599448.861 15145 4957.610
1791599448.862 15147 4958.224
1791599448.863 15153 4958.031
1791599448.864 15155 4956.762
1791599448.865 15161 4957.032
1791599448.866 15163 4957.926
1791599448.867 15169 4958.728
1791599448.868 15171 4959.148
1791599448.869 15177 4959.278
1791599448.870 15179 4959.882
1791599448.871 15185 4959.691
1791599448.872 15187 4960.298
1791599448.873 15193 4958.086
1791599448.874 15195 4958.944
1791599448.875 15201 4959.636
1791599448.876 15203 4960.573
1791599448.877 15209 4960.801
1791599448.878 15211 4961.532
1791599448.879 15217 4961.342
1791599448.880 15219 4961.943
1791599448.881 15225 4961.753
1791599448.882 15227 4962.366
1791599448.883 15233 4960.504
1791599448.884 15235 4961.409
1791599448.885 15241 4961.407
1791599448.886 15243 4962.319
1791599448.887 15249 4963.124
1791599448.888 15251 4963.712
1791599448.889 15257 4963.527
1791599448.890 15259 4964.134
1791599448.891 15265 4963.939
1791599448.892 15267 4964.550
1791599448.893 15273 4962.611
1791599448.894 15275 4963.515
1791599448.895 15281 4964.282
1791599448.896 15283 4965.221
1791599448.897 15289 4965.045
1791599448.898 15291 4965.804
1791599448.899 15297 4965.615
1791599448.900 15299 4966.223
1791599448.901 15305 4966.030
1791599448.902 15307 4966.637
1791599448.903 15313 4964.683
1791599448.904 15315 4965.586
1791599448.905 15321 4966.321
1791599448.906 15323 4967.264
1791599448.907 15329 4966.976
1791599448.908 15331 4967.896
1791599448.909 15337 4967.686
1791599448.910 15339 4968.292
1791599448.911 15345 4968.098
1791599448.912 15347 4968.708
1791599448.913 15353 4966.606
1791599448.914 15355 4967.410
1791599448.915 15361 4965.735
1791599448.916 15363 4966.666
1791599448.917 15369 4965.969
1791599448.918 15371 4966.913
1791599448.919 15377 4967.730
1791599448.920 15379 4968.678
1791599448.921 15385 4969.463
1791599448.922 15387 4970.402
1791599448.923 15393 4968.390
1791599448.924 15395 4969.288
1791599448.925 15401 4970.068
1791599448.926 15403 4971.011
1791599448.927 15409 4971.233
1791599448.928 15411 4972.015
1791599448.929 15417 4971.821
1791599448.930 15419 4972.428
1791599448.931 15425 4972.231
1791599448.932 15427 4972.836
1791599448.933 15433 4970.944
1791599448.934 15435 4971.828
1791599448.935 15441 4972.672
1791599448.936 15443 4973.616
1791599448.937 15449 4972.645
1791599448.938 15451 4973.583
1791599448.939 15457 4974.006
1791599448.940 15459 4974.615
1791599448.941 15465 4974.427
1791599448.943 15467 4975.032
1791599448.944 15473 4973.435
1791599448.945 15475 4974.344
1791599448.946 15481 4975.121
1791599448.947 15483 4975.764
1791599448.948 15489 4975.577
1791599448.949 15491 4976.050
1791599448.950 15497 4976.108
1791599448.951 15499 4976.714
1791599448.952 15505 4976.529
1791599448.953 15507 4977.167
1791599448.954 15513 4975.681
1791599448.955 15515 4976.587
1791599448.956 15521 4977.398
1791599448.957 15523 4978.035
1791599448.958 15529 4977.806
1791599448.959 15531 4978.419
1791599448.960 15537 4978.226
1791599448.961 15539 4978.834
1791599448.962 15545 4978.641
1791599448.963 15547 4979.244
1791599448.964 15553 4977.765
1791599448.965 15555 4978.667
1791599448.966 15561 4979.478
1791599448.967 15563 4980.033
1791599448.968 15569 4979.813
1791599448.969 15571 4980.465
1791599448.970 15577 4980.266
1791599448.971 15579 4980.867
1791599448.972 15585 4980.670
1791599448.973 15587 4981.923
1791599448.974 15593 4980.137
1791599448.975 15595 4981.043
1791599448.976 15601 4981.833
1791599448.977 15603 4982.751
1791599448.978 15609 4982.555
1791599448.979 15611 4982.900
1791599448.980 15617 4982.961
1791599448.981 15619 4983.570
1791599448.982 15625 4983.389
1791599448.983 15627 4984.003
1791599448.984 15633 4982.503
1791599448.985 15635 4983.409
1791599448.987 15641 4984.309
1791599448.988 15643 4984.967
1791599448.989 15649 4984.729
1791599448.990 15651 4985.371
1791599448.991 15657 4985.182
1791599448.992 15659 4985.780
1791599448.993 15665 4985.590
1791599448.994 15667 4986.106
1791599448.995 15673 4984.509
1791599448.996 15675 4985.412
1791599448.997 15681 4986.190
1791599448.998 15683 4987.137
1791599448.999 15689 4986.875
1791599449.000 15691 4987.162
1791599449.001 15697 4987.285
1791599449.002 15699 4987.888
1791599449.003 15705 4987.698
1791599449.004 15707 4988.304
1791599449.005 15713 4986.796
1791599449.006 15715 4987.707
1791599449.007 15721 4988.510
1791599449.008 15723 4989.178
1791599449.009 15729 4988.884
1791599449.010 15731 4989.542
1791599449.011 15737 4989.486
1791599449.012 15739 4989.281
1791599449.013 15745 4989.906
1791599449.014 15747 4988.749
1791599449.015 15753 4989.459
1791599449.016 15755 4990.398
1791599449.017 15761 4990.787
1791599449.018 15763 4991.369
1791599449.019 15769 4991.149
1791599449.020 15771 4991.759
1791599449.021 15777 4991.560
1791599449.022 15779 4992.166
1791599449.023 15785 4990.313
1791599449.024 15787 4991.210
1791599449.025 15793 4992.228
1791599449.026 15795 4993.180
1791599449.027 15801 4992.917
1791599449.028 15803 4993.633
1791599449.029 15809 4993.439
1791599449.030 15811 4994.043
1791599449.031 15817 4993.848
1791599449.032 15819 4994.458
1791599449.033 15825 4992.748
1791599449.034 15827 4993.628
1791599449.035 15833 4994.414
1791599449.036 15835 4995.356
1791599449.037 15841 4995.185
1791599449.038 15843 4995.777
1791599449.039 15849 4995.595
1791599449.040 15851 4995.965
1791599449.041 15857 4996.017
1791599449.042 15859 4994.658
1791599449.043 15865 4995.325
1791599449.045 15867 4996.249
1791599449.046 15873 4996.789
1791599449.047 15875 4997.507
1791599449.048 15881 4997.266
1791599449.049 15883 4997.873
1791599449.050 15889 4997.682
1791599449.051 15891 4998.288
1791599449.052 15897 4998.092
1791599449.053 15899 4996.748
1791599449.054 15905 4997.456
1791599449.055 15907 4998.396
1791599449.056 15913 4998.889
1791599449.057 15915 4999.590
1791599449.058 15921 4999.367
1791599449.059 15923 4999.975
1791599449.060 15929 4999.783
1791599449.061 15931 5000.393
1791599449.062 15937 4998.120
1791599449.063 15939 4998.955
1791599449.064 15945 4999.680
1791599449.065 15947 5000.621
1791599449.066 15953 5000.924
1791599449.067 15955 5001.573
1791599449.068 15961 5001.444
1791599449.069 15963 5002.056
1791599449.070 15969 5001.864
1791599449.071 15971 5002.478
1791599449.072 15977 5000.302
1791599449.073 15979 5000.917
1791599449.074 15985 5001.612
1791599449.075 15987 5002.552
1791599449.076 15993 5002.748
1791599449.077 15995 5003.664
1791599449.078 16001 5003.637
1791599449.079 16003 5004.273
1791599449.080 16009 5004.575
1791599449.081 16011 5005.187
1791599449.082 16017 5003.208
1791599449.083 16019 5004.109
1791599449.084 16025 5004.570
1791599449.086 16027 5005.513
1791599449.087 16033 5005.906
1791599449.088 16035 5006.458
1791599449.089 16041 5006.397
1791599449.090 16043 5007.006
1791599449.091 16049 5006.815
1791599449.092 16051 5007.424
1791599449.093 16057 5006.039
1791599449.094 16059 5006.872
1791599449.095 16065 5007.608
1791599449.096 16067 5008.000
1791599449.097 16073 5008.249
1791599449.098 16075 5008.859
1791599449.099 16081 5008.666
1791599449.100 16083 5009.274
1791599449.101 16089 5009.080
1791599449.102 16091 5007.985
1791599449.103 16097 5008.700
1791599449.104 16099 5009.643
1791599449.105 16105 5009.893
1791599449.106 16107 5010.518
1791599449.107 16113 5010.324
1791599449.108 16115 5010.931
1791599449.109 16121 5010.735
1791599449.110 16123 5011.348
1791599449.111 16129 5011.154
1791599449.112 16131 5009.500
1791599449.113 16137 5010.105
1791599449.114 16139 5011.047
1791599449.115 16145 5011.872
1791599449.116 16147 5012.263
1791599449.117 16153 5012.407
1791599449.118 16155 5013.016
1791599449.119 16161 5012.826
1791599449.120 16163 5013.434
1791599449.121 16169 5011.246
1791599449.122 16171 5011.604
1791599449.123 16177 5012.144
1791599449.124 16179 5013.076
1791599449.125 16185 5013.890
1791599449.126 16187 5014.329
1791599449.127 16193 5014.491
1791599449.128 16195 5015.099
1791599449.129 16201 5014.908
1791599449.130 16203 5015.514
1791599449.131 16209 5015.321
1791599449.132 16211 5013.620
1791599449.133 16217 5014.245
1791599449.134 16219 5015.186
1791599449.135 16225 5015.996
1791599449.136 16227 5016.422
1791599449.137 16233 5016.559
1791599449.138 16235 5017.162
1791599449.139 16241 5017.056
1791599449.140 16243 5017.659
1791599449.141 16249 5015.467
1791599449.142 16251 5016.321
1791599449.143 16257 5017.025
1791599449.144 16259 5017.960
1791599449.145 16265 5017.961
1791599449.146 16267 5018.875
1791599449.147 16273 5018.684
1791599449.148 16275 5019.288
1791599449.149 16281 5019.091
1791599449.150 16283 5019.705
1791599449.151 16289 5017.657
1791599449.152 16291 5018.482
1791599449.153 16297 5019.161
1791599449.154 16299 5020.103
1791599449.155 16305 5020.328
1791599449.156 16307 5020.930
1791599449.157 16313 5020.732
1791599449.158 16315 5021.340
1791599449.159 16321 5021.142
1791599449.160 16323 5021.746
1791599449.161 16329 5020.195
1791599449.162 16331 5021.080
1791599449.163 16337 5021.797
1791599449.164 16339 5022.552
1791599449.165 16345 5022.367
1791599449.166 16347 5022.970
1791599449.167 16353 5022.774
1791599449.168 16355 5023.376
1791599449.169 16361 5023.177
1791599449.170 16363 5022.072
1791599449.171 16369 5022.555
1791599449.172 16371 5023.482
1791599449.173 16377 5022.542
1791599449.174 16379 5023.467
1791599449.175 16385 5024.109
1791599449.176 16387 5025.047
1791599449.177 16393 5024.821
1791599449.178 16395 5025.422
1791599449.179 16401 5023.705
1791599449.180 16403 5024.600
1791599449.182 16409 5025.368
1791599449.183 16411 5026.312
1791599449.184 16417 5026.048
1791599449.185 16419 5026.653
1791599449.186 16425 5026.455
1791599449.187 16427 5027.058
1791599449.188 16433 5026.860
1791599449.189 16435 5025.244
1791599449.190 16441 5025.959
1791599449.191 16443 5026.894
1791599449.192 16449 5027.704
1791599449.193 16451 5028.143
1791599449.194 16457 5028.185
1791599449.195 16459 5028.787
1791599449.196 16465 5028.594
1791599449.197 16467 5029.201
1791599449.198 16473 5027.173
1791599449.199 16475 5028.013
1791599449.200 16481 5028.592
1791599449.201 16483 5029.520
1791599449.202 16489 5028.947
1791599449.203 16491 5029.878
1791599449.204 16497 5030.246
1791599449.205 16499 5030.847
1791599449.206 16505 5030.666
1791599449.207 16507 5031.279
1791599449.208 16513 5029.313
1791599449.209 16515 5030.216
1791599449.210 16521 5030.944
1791599449.211 16523 5031.890
1791599449.212 16529 5031.788
1791599449.213 16531 5032.521
1791599449.214 16537 5032.338
1791599449.215 16539 5032.941
1791599449.216 16545 5032.742
1791599449.217 16547 5033.349
1791599449.218 16553 5031.521
1791599449.219 16555 5032.426
1791599449.220 16561 5033.200
1791599449.221 16563 5034.135
1791599449.222 16569 5034.032
1791599449.223 16571 5034.587
1791599449.224 16577 5034.392
1791599449.225 16579 5034.997
1791599449.226 16585 5034.804
1791599449.227 16587 5034.215
1791599449.228 16593 5035.028
1791599449.229 16595 5033.602
1791599449.230 16601 5034.260
1791599449.231 16603 5035.172
1791599449.232 16609 5035.982
1791599449.233 16611 5036.611
1791599449.234 16617 5036.455
1791599449.235 16619 5037.067
1791599449.236 16625 5036.874
1791599449.237 16627 5037.478
1791599449.238 16633 5037.283
1791599449.239 16635 5037.878
1791599449.240 16641 5036.581
1791599449.241 16643 5037.491
1791599449.242 16649 5038.283
1791599449.243 16651 5038.541
1791599449.244 16657 5038.610
1791599449.245 16659 5039.218
1791599449.246 16665 5039.025
1791599449.247 16667 5039.632
1791599449.248 16673 5039.441
1791599449.249 16675 5040.049
1791599449.250 16681 5038.485
1791599449.251 16683 5039.264
1791599449.252 16689 5040.071
1791599449.253 16691 5040.638
1791599449.254 16697 5040.427
1791599449.255 16699 5041.233
1791599449.256 16705 5041.086
1791599449.257 16707 5041.696
1791599449.258 16713 5041.507
1791599449.259 16715 5040.250
1791599449.260 16721 5040.953
1791599449.261 16723 5041.894
1791599449.262 16729 5042.022
1791599449.263 16731 5042.951
1791599449.264 16737 5042.738
1791599449.265 16739 5043.349
1791599449.266 16745 5043.161
1791599449.267 16747 5043.766
1791599449.268 16753 5041.915
1791599449.269 16755 5042.791
1791599449.270 16761 5043.497
1791599449.271 16763 5044.439
1791599449.272 16769 5044.267
1791599449.273 16771 5045.002
1791599449.274 16777 5044.811
1791599449.275 16779 5045.417
1791599449.276 16785 5045.231
1791599449.277 16787 5045.838
1791599449.278 16793 5043.487
1791599449.279 16795 5044.378
1791599449.280 16801 5045.166
1791599449.281 16803 5046.111
1791599449.282 16809 5046.338
1791599449.283 16811 5047.077
1791599449.284 16817 5046.886
1791599449.285 16819 5047.495
1791599449.286 16825 5047.298
1791599449.287 16827 5047.914
1791599449.288 16833 5046.183
1791599449.289 16835 5047.077
1791599449.290 16841 5047.934
1791599449.292 16843 5048.850
1791599449.293 16849 5048.266
1791599449.294 16851 5049.180
1791599449.295 16857 5049.064
1791599449.296 16859 5049.676
1791599449.297 16865 5049.489
1791599449.298 16867 5048.200
1791599449.299 16873 5048.812
1791599449.300 16875 5049.730
1791599449.301 16881 5050.154
1791599449.302 16883 5050.530
1791599449.303 16889 5050.785
1791599449.304 16891 5051.399
1791599449.305 16897 5051.207
1791599449.306 16899 5051.815
1791599449.307 16905 5051.627
1791599449.308 16907 5050.231
1791599449.309 16913 5050.845
1791599449.310 16915 5051.783
1791599449.311 16921 5052.348
1791599449.312 16923 5052.857
1791599449.313 16929 5052.881
1791599449.314 16931 5053.494
1791599449.315 16937 5053.302
1791599449.316 16939 5053.911
1791599449.317 16945 5051.839
1791599449.318 16947 5052.709
1791599449.319 16953 5053.438
1791599449.320 16955 5054.380
1791599449.321 16961 5054.598
1791599449.322 16963 5055.171
1791599449.323 16969 5054.981
1791599449.324 16971 5055.588
1791599449.325 16977 5055.396
1791599449.326 16979 5056.002
1791599449.327 16985 5054.584
1791599449.328 16987 5055.345
1791599449.329 16993 5056.010
1791599449.330 16995 5054.259
1791599449.331 17001 5055.023
1791599449.332 17003 5055.965
1791599449.333 17009 5056.779
1791599449.334 17011 5057.722
1791599449.335 17017 5057.476
1791599449.336 17019 5056.197
1791599449.337 17025 5056.898
1791599449.338 17027 5057.836
1791599449.339 17033 5058.168
1791599449.340 17035 5058.901
1791599449.341 17041 5058.747
1791599449.342 17043 5059.447
1791599449.343 17049 5059.260
1791599449.344 17051 5059.870
1791599449.345 17057 5057.566
1791599449.346 17059 5058.409
1791599449.347 17065 5059.138
1791599449.348 17067 5060.078
1791599449.349 17073 5060.203
1791599449.350 17075 5061.122
1791599449.351 17081 5060.911
1791599449.352 17083 5061.530
1791599449.353 17089 5061.337
1791599449.354 17091 5061.943
1791599449.355 17097 5059.839
1791599449.356 17099 5060.731
1791599449.357 17105 5061.457
1791599449.358 17107 5062.398
1791599449.359 17113 5062.579
1791599449.360 17115 5063.189
1791599449.361 17121 5062.997
1791599449.362 17123 5063.606
1791599449.363 17129 5063.419
1791599449.364 17131 5064.031
1791599449.365 17137 5062.276
1791599449.366 17139 5063.179
1791599449.367 17145 5063.977
1791599449.368 17147 5064.922
1791599449.369 17153 5064.690
1791599449.370 17155 5065.300
1791599449.371 17161 5065.179
1791599449.372 17163 5065.718
1791599449.373 17169 5065.530
1791599449.374 17171 5064.125
1791599449.375 17177 5064.751
1791599449.376 17179 5065.670
1791599449.377 17185 5066.310
1791599449.378 17187 5066.942
1791599449.379 17193 5066.730
1791599449.380 17195 5067.242
1791599449.381 17201 5066.317
1791599449.382 17203 5067.243
1791599449.383 17209 5067.604
1791599449.385 17211 5065.723
1791599449.386 17217 5066.358
1791599449.387 17219 5067.276
1791599449.388 17225 5068.088
1791599449.389 17227 5069.033
1791599449.390 17233 5068.918
1791599449.391 17235 5069.535
1791599449.392 17241 5069.968
1791599449.393 17243 5070.578
1791599449.394 17249 5070.391
1791599449.395 17251 5069.759
1791599449.396 17257 5070.335
1791599449.397 17259 5071.241
1791599449.398 17265 5070.899
1791599449.399 17267 5071.828
1791599449.400 17273 5071.636
1791599449.401 17275 5072.249
1791599449.402 17281 5072.062
1791599449.403 17283 5072.673
1791599449.404 17289 5071.538
1791599449.405 17291 5072.257
1791599449.406 17297 5072.478
1791599449.407 17299 5073.435
1791599449.408 17305 5073.304
1791599449.409 17307 5073.911
1791599449.410 17313 5073.718
1791599449.411 17315 5074.327
1791599449.412 17321 5072.664
1791599449.413 17323 5073.511
1791599449.414 17329 5074.168
1791599449.415 17331 5075.125
1791599449.416 17337 5074.964
1791599449.417 17339 5075.570
1791599449.418 17345 5075.376
1791599449.419 17347 5075.984
1791599449.420 17353 5075.789
1791599449.421 17355 5074.610
1791599449.422 17361 5075.106
1791599449.423 17363 5076.042
1791599449.424 17369 5076.300
1791599449.425 17371 5077.218
1791599449.427 17377 5077.038
1791599449.428 17379 5077.644
1791599449.429 17385 5077.452
1791599449.430 17387 5078.072
1791599449.431 17393 5075.891
1791599449.432 17395 5076.780
1791599449.433 17401 5077.549
1791599449.434 17403 5078.493
1791599449.435 17409 5078.594
1791599449.436 17411 5079.101
1791599449.437 17417 5079.124
1791599449.438 17419 5079.760
1791599449.439 17425 5079.571
1791599449.440 17427 5080.176
1791599449.441 17433 5077.610
1791599449.442 17435 5078.516
1791599449.443 17441 5079.437
1791599449.444 17443 5080.378
1791599449.445 17449 5080.864
1791599449.446 17451 5081.505
1791599449.447 17457 5080.855
1791599449.448 17459 5081.766
1791599449.449 17465 5081.748
1791599449.450 17467 5080.987
1791599449.451 17473 5081.732
1791599449.452 17475 5082.676
1791599449.453 17481 5080.945
1791599449.454 17483 5081.843
1791599449.455 17489 5082.633
1791599449.456 17491 5083.574
1791599449.457 17497 5083.419
1791599449.458 17499 5084.056
1791599449.459 17505 5083.807
1791599449.460 17507 5084.459
1791599449.461 17513 5084.303
1791599449.462 17515 5084.876
1791599449.463 17521 5080.887
1791599449.464 17523 5081.777
1791599449.465 17529 5082.555
1791599449.466 17531 5083.495
1791599449.467 17537 5084.252
1791599449.468 17539 5085.191
1791599449.469 17545 5085.980
1791599449.470 17547 5084.334
1791599449.471 17553 5085.126
1791599449.472 17555 5086.074
1791599449.473 17561 5086.879
1791599449.474 17563 5085.863
1791599449.475 17569 5086.630
1791599449.476 17571 5087.566
1791599449.477 17577 5085.379
1791599449.478 17579 5086.250
1791599449.479 17585 5087.016
1791599449.480 17587 5087.964
1791599449.481 17593 5087.889
1791599449.482 17595 5088.792
1791599449.483 17601 5088.871
1791599449.484 17603 5089.522
1791599449.485 17609 5089.340
1791599449.486 17611 5089.952
1791599449.487 17617 5087.589
1791599449.488 17619 5088.460
1791599449.489 17625 5089.176
1791599449.490 17627 5090.119
1791599449.491 17633 5090.197
1791599449.492 17635 5091.129
1791599449.495 17641 5092.434
1791599449.496 17643 5093.049
1791599449.497 17649 5092.861
1791599449.498 17651 5093.469
1791599449.499 17657 5093.276
1791599449.500 17659 5091.840
1791599449.501 17665 5092.515
1791599449.502 17667 5093.441
1791599449.503 17673 5094.143
1791599449.504 17675 5094.716
1791599449.505 17681 5092.866
1791599449.506 17683 5093.764
1791599449.507 17689 5094.567
1791599449.508 17691 5095.517
1791599449.509 17697 5095.363
1791599449.510 17699 5095.969
1791599449.511 17705 5093.967
1791599449.512 17707 5094.857
1791599449.513 17713 5095.674
1791599449.514 17715 5096.621
1791599449.515 17721 5096.614
1791599449.516 17723 5097.226
1791599449.517 17729 5097.032
1791599449.518 17731 5097.637
1791599449.519 17737 5097.447
1791599449.520 17739 5098.055
1791599449.521 17745 5096.552
1791599449.522 17747 5097.399
1791599449.523 17753 5098.163
1791599449.524 17755 5098.762
1791599449.525 17761 5097.531
1791599449.526 17763 5098.480
1791599449.527 17769 5099.113
1791599449.528 17771 5099.725
1791599449.529 17777 5097.678
1791599449.530 17779 5098.541
1791599449.531 17785 5099.231
1791599449.532 17787 5100.172
1791599449.533 17793 5100.433
1791599449.534 17795 5100.970
1791599449.535 17801 5100.779
1791599449.536 17803 5101.387
1791599449.537 17809 5101.191
1791599449.538 17811 5101.800
1791599449.539 17817 5099.928
1791599449.540 17819 5100.820
1791599449.541 17825 5101.601
1791599449.542 17827 5102.551
1791599449.543 17833 5102.436
1791599449.544 17835 5103.049
1791599449.545 17841 5102.970
1791599449.546 17843 5103.578
1791599449.547 17849 5103.387
1791599449.548 17851 5102.134
1791599449.549 17857 5102.637
1791599449.550 17859 5103.377
1791599449.551 17865 5104.175
1791599449.552 17867 5104.824
1791599449.553 17873 5104.635
1791599449.554 17875 5105.242
1791599449.555 17881 5104.946
1791599449.556 17883 5105.654
1791599449.557 17889 5103.865
1791599449.558 17891 5104.765
1791599449.559 17897 5105.509
1791599449.560 17899 5106.437
1791599449.561 17905 5105.998
1791599449.562 17907 5106.936
1791599449.563 17913 5106.715
1791599449.564 17915 5107.320
1791599449.565 17921 5107.147
1791599449.566 17923 5107.755
1791599449.567 17929 5105.239
1791599449.568 17931 5106.105
1791599449.569 17937 5106.864
1791599449.570 17939 5107.775
1791599449.571 17945 5108.050
1791599449.572 17947 5108.966
1791599449.573 17953 5108.814
1791599449.574 17955 5109.422
1791599449.575 17961 5109.231
1791599449.577 17963 5109.850
1791599449.578 17969 5107.687
1791599449.579 17971 5108.585
1791599449.580 17977 5109.349
1791599449.581 17979 5110.292
1791599449.582 17985 5110.496
1791599449.583 17987 5111.094
1791599449.584 17993 5110.939
1791599449.585 17995 5111.515
1791599449.586 18001 5111.324
1791599449.587 18003 5111.966
1791599449.588 18009 5109.857
1791599449.589 18011 5110.764
1791599449.590 18017 5111.550
1791599449.591 18019 5112.495
1791599449.592 18025 5112.580
1791599449.593 18027 5113.187
1791599449.594 18033 5112.996
1791599449.595 18035 5113.606
1791599449.596 18041 5113.662
1791599449.597 18043 5114.273
1791599449.598 18049 5112.773
1791599449.599 18051 5113.656
1791599449.600 18057 5114.472
1791599449.601 18059 5114.698
1791599449.602 18065 5114.921
1791599449.603 18067 5115.529
1791599449.604 18073 5115.306
1791599449.605 18075 5115.941
1791599449.606 18081 5115.752
1791599449.607 18083 5114.644
1791599449.608 18089 5115.331
1791599449.609 18091 5116.272
1791599449.610 18097 5116.530
1791599449.611 18099 5117.194
1791599449.612 18105 5117.003
1791599449.613 18107 5117.609
1791599449.614 18113 5117.415
1791599449.615 18115 5118.022
1791599449.616 18121 5116.049
1791599449.617 18123 5116.943
1791599449.618 18129 5117.724
1791599449.619 18131 5118.668
1791599449.620 18137 5118.656
1791599449.621 18139 5119.266
1791599449.622 18145 5119.072
1791599449.623 18147 5119.670
1791599449.624 18153 5119.483
1791599449.625 18155 5120.091
1791599449.626 18161 5118.654
1791599449.627 18163 5119.512
1791599449.628 18169 5120.314
1791599449.629 18171 5120.953
1791599449.630 18177 5120.733
1791599449.631 18179 5121.341
1791599449.632 18185 5121.150
1791599449.633 18187 5121.756
1791599449.634 18193 5121.556
1791599449.635 18195 5122.166
1791599449.636 18201 5120.755
1791599449.637 18203 5121.655
1791599449.638 18209 5122.439
1791599449.639 18211 5122.736
1791599449.640 18217 5122.790
1791599449.641 18219 5123.410
1791599449.642 18225 5123.217
1791599449.643 18227 5123.823
1791599449.644 18233 5121.778
1791599449.645 18235 5122.622
1791599449.646 18241 5123.452
1791599449.647 18243 5124.394
1791599449.648 18249 5124.605
1791599449.649 18251 5125.186
1791599449.650 18257 5124.997
1791599449.651 18259 5125.562
1791599449.652 18265 5125.383
1791599449.653 18267 5126.016
1791599449.654 18273 5124.138
1791599449.655 18275 5125.035
1791599449.657 18281 5125.796
1791599449.658 18283 5126.722
1791599449.659 18289 5126.649
1791599449.660 18291 5127.259
1791599449.661 18297 5127.071
1791599449.662 18299 5127.676
1791599449.663 18305 5127.485
1791599449.664 18307 5126.216
1791599449.665 18313 5126.829
1791599449.666 18315 5127.745
1791599449.667 18321 5127.877
1791599449.668 18323 5128.805
1791599449.669 18329 5128.775
1791599449.670 18331 5129.391
1791599449.671 18337 5129.198
1791599449.672 18339 5129.805
1791599449.673 18345 5128.054
1791599449.674 18347 5128.914
1791599449.675 18353 5129.666
1791599449.676 18355 5130.612
1791599449.677 18361 5130.276
1791599449.678 18363 5131.050
1791599449.679 18369 5130.861
1791599449.680 18371 5131.460
1791599449.681 18377 5131.269
1791599449.682 18379 5131.878
1791599449.683 18385 5130.094
1791599449.684 18387 5130.996
1791599449.685 18393 5131.782
1791599449.686 18395 5132.726
1791599449.687 18401 5132.506
1791599449.688 18403 5133.112
1791599449.689 18409 5132.918
1791599449.690 18411 5133.526
1791599449.691 18417 5133.339
1791599449.692 18419 5132.144
1791599449.693 18425 5132.400
1791599449.694 18427 5133.314
1791599449.695 18433 5134.097
1791599449.696 18435 5134.695
1791599449.697 18441 5134.847
1791599449.698 18443 5135.492
1791599449.699 18449 5135.265
1791599449.700 18451 5135.820
1791599449.701 18457 5135.678
1791599449.702 18459 5134.310
1791599449.703 18465 5133.294
1791599449.704 18467 5134.529
1791599449.705 18473 5135.340
1791599449.706 18475 5136.284
1791599449.708 18481 5137.100
1791599449.709 18483 5137.524
1791599449.710 18489 5137.659
1791599449.711 18491 5138.270
1791599449.712 18497 5136.422
1791599449.713 18499 5137.324
1791599449.714 18505 5138.102
1791599449.715 18507 5139.050
1791599449.716 18513 5138.922
1791599449.717 18515 5139.534
1791599449.718 18521 5139.365
1791599449.719 18523 5139.978
1791599449.720 18529 5139.786
1791599449.721 18531 5138.566
1791599449.722 18537 5139.238
1791599449.723 18539 5140.166
1791599449.724 18545 5140.382
1791599449.725 18547 5141.188
1791599449.726 18553 5141.036
1791599449.727 18555 5141.644
1791599449.728 18561 5141.452
1791599449.729 18563 5142.066
1791599449.730 18569 5140.243
1791599449.731 18571 5141.121
1791599449.732 18577 5141.879
1791599449.733 18579 5142.808
1791599449.734 18585 5142.726
1791599449.735 18587 5143.339
1791599449.736 18593 5143.152
1791599449.737 18595 5143.765
1791599449.738 18601 5143.568
1791599449.739 18603 5144.180
1791599449.740 18609 5142.869
1791599449.741 18611 5143.778
1791599449.742 18617 5144.005
1791599449.743 18619 5144.923
1791599449.744 18625 5144.812
1791599449.745 18627 5145.413
1791599449.746 18633 5145.218
1791599449.747 18635 5145.830
1791599449.748 18641 5144.134
1791599449.749 18643 5145.024
1791599449.750 18649 5145.777
1791599449.751 18651 5146.719
1791599449.752 18657 5146.591
1791599449.753 18659 5147.202
1791599449.754 18665 5147.007
1791599449.755 18667 5147.613
1791599449.756 18673 5147.402
1791599449.757 18675 5148.025
1791599449.758 18681 5145.966
1791599449.759 18683 5146.831
1791599449.760 18689 5147.525
1791599449.761 18691 5148.441
1791599449.762 18697 5148.640
1791599449.763 18699 5149.241
1791599449.764 18705 5149.048
1791599449.765 18707 5149.652
1791599449.766 18713 5149.457
1791599449.767 18715 5150.062
1791599449.768 18721 5148.330
1791599449.769 18723 5149.228
1791599449.770 18729 5150.005
1791599449.771 18731 5150.946
1791599449.772 18737 5150.682
1791599449.773 18739 5151.286
1791599449.774 18745 5151.100
1791599449.775 18747 5151.711
1791599449.776 18753 5151.520
1791599449.777 18755 5150.371
1791599449.778 18761 5150.919
1791599449.779 18763 5151.834
1791599449.780 18769 5151.507
1791599449.781 18771 5152.438
1791599449.782 18777 5152.776
1791599449.783 18779 5153.385
1791599449.784 18785 5153.197
1791599449.785 18787 5153.805
1791599449.786 18793 5151.750
1791599449.787 18795 5152.579
1791599449.788 18801 5153.291
1791599449.789 18803 5154.235
1791599449.790 18809 5154.038
1791599449.791 18811 5154.957
1791599449.792 18817 5154.860
1791599449.793 18819 5155.465
1791599449.794 18825 5155.265
1791599449.795 18827 5155.878
1791599449.796 18833 5153.855
1791599449.797 18835 5154.704
1791599449.799 18841 5155.668
1791599449.800 18843 5156.611
1791599449.801 18849 5156.768
1791599449.802 18851 5157.200
1791599449.803 18857 5157.172
1791599449.804 18859 5157.785
1791599449.805 18865 5157.600
1791599449.806 18867 5158.209
1791599449.807 18873 5155.951
1791599449.808 18875 5156.849
1791599449.809 18881 5157.603
1791599449.810 18883 5158.542
1791599449.811 18889 5158.754
1791599449.812 18891 5159.449
1791599449.813 18897 5159.259
1791599449.814 18899 5159.863
1791599449.815 18905 5159.665
1791599449.816 18907 5160.280
1791599449.817 18913 5158.571
1791599449.818 18915 5159.478
1791599449.819 18921 5160.272
1791599449.820 18923 5160.636
1791599449.821 18929 5160.914
1791599449.822 18931 5161.519
1791599449.823 18937 5161.333
1791599449.824 18939 5161.941
1791599449.825 18945 5161.744
1791599449.826 18947 5160.605
1791599449.827 18953 5161.313
1791599449.828 18955 5162.253
1791599449.829 18961 5162.443
1791599449.830 18963 5163.182
1791599449.831 18969 5161.497
1791599449.832 18971 5162.432
1791599449.833 18977 5163.226
1791599449.834 18979 5164.011
1791599449.835 18985 5162.401
1791599449.836 18987 5163.308
1791599449.837 18993 5164.081
1791599449.838 18995 5164.841
1791599449.839 19001 5164.649
1791599449.840 19003 5165.054
1791599449.841 19009 5164.227
1791599449.842 19011 5165.146
1791599449.843 19017 5165.438
1791599449.844 19019 5166.080
1791599449.845 19025 5164.202
1791599449.846 19027 5162.209
1791599449.847 19033 5162.960
1791599449.848 19035 5163.906
1791599449.849 19041 5164.798
1791599449.850 19043 5165.741
1791599449.851 19049 5166.564
1791599449.852 19051 5167.488
1791599449.853 19057 5167.693
1791599449.854 19059 5168.268
1791599449.855 19065 5166.842
1791599449.856 19067 5167.578
1791599449.857 19073 5168.358
1791599449.858 19075 5164.793
1791599449.859 19081 5165.523
1791599449.860 19083 5166.459
1791599449.861 19089 5167.260
1791599449.862 19091 5168.199
1791599449.863 19097 5169.021
1791599449.864 19099 5169.966
1791599449.865 19105 5166.743
1791599449.866 19107 5167.644
1791599449.867 19113 5168.390
1791599449.868 19115 5169.334
1791599449.869 19121 5170.149
1791599449.870 19123 5171.095
1791599449.871 19129 5171.431
1791599449.872 19131 5171.636
1791599449.873 19137 5171.810
1791599449.874 19139 5172.418
1791599449.875 19145 5172.229
1791599449.876 19147 5172.835
1791599449.877 19153 5171.138
1791599449.878 19155 5172.040
1791599449.879 19161 5172.856
1791599449.880 19163 5173.682
1791599449.881 19169 5173.422
1791599449.882 19171 5174.105
1791599449.883 19177 5173.894
1791599449.884 19179 5174.502
1791599449.885 19185 5174.311
1791599449.886 19187 5174.918
1791599449.887 19193 5173.154
1791599449.888 19195 5174.058
1791599449.889 19201 5174.850
1791599449.890 19203 5175.769
1791599449.891 19209 5175.278
1791599449.892 19211 5176.211
1791599449.893 19217 5175.969
1791599449.894 19219 5176.576
1791599449.895 19225 5176.388
1791599449.896 19227 5176.997
1791599449.897 19233 5175.022
1791599449.898 19235 5175.918
1791599449.900 19241 5176.801
1791599449.901 19243 5177.747
1791599449.902 19249 5177.674
1791599449.903 19251 5178.352
1791599449.904 19257 5178.283
1791599449.905 19259 5178.892
1791599449.906 19265 5178.699
1791599449.907 19267 5179.304
1791599449.908 19273 5177.196
1791599449.909 19275 5178.065
1791599449.910 19281 5178.827
1791599449.911 19283 5179.768
1791599449.912 19289 5179.932
1791599449.913 19291 5180.550
1791599449.914 19297 5180.353
1791599449.915 19299 5180.939
1791599449.916 19305 5180.770
1791599449.917 19307 5181.378
1791599449.918 19313 5179.825
1791599449.919 19315 5180.728
1791599449.920 19321 5181.518
1791599449.921 19323 5182.087
1791599449.922 19329 5182.015
1791599449.923 19331 5182.608
1791599449.924 19337 5182.393
1791599449.925 19339 5183.007
1791599449.926 19345 5182.854
1791599449.927 19347 5180.777
1791599449.928 19353 5181.379
1791599449.929 19355 5182.311
1791599449.930 19361 5183.179
1791599449.931 19363 5184.146
1791599449.932 19369 5184.096
1791599449.933 19371 5184.703
1791599449.934 19377 5184.509
1791599449.935 19379 5185.117
1791599449.936 19385 5182.924
1791599449.937 19387 5183.795
1791599449.938 19393 5184.509
1791599449.939 19395 5185.450
1791599449.940 19401 5185.668
1791599449.941 19403 5186.333
1791599449.942 19409 5186.165
1791599449.943 19411 5186.763
1791599449.944 19417 5186.575
1791599449.945 19419 5187.187
1791599449.946 19425 5185.612
1791599449.947 19427 5186.520
1791599449.948 19433 5187.288
1791599449.949 19435 5187.838
1791599449.950 19441 5187.910
1791599449.951 19443 5188.499
1791599449.952 19449 5188.327
1791599449.953 19451 5188.932
1791599449.954 19457 5188.741
1791599449.955 19459 5187.449
1791599449.956 19465 5188.113
1791599449.957 19467 5188.901
1791599449.958 19473 5189.134
1791599449.959 19475 5190.056
1791599449.960 19481 5189.985
1791599449.961 19483 5190.593
1791599449.962 19489 5190.402
1791599449.963 19491 5191.011
1791599449.964 19497 5189.105
1791599449.965 19499 5190.001
1791599449.966 19505 5190.760
1791599449.967 19507 5191.687
1791599449.968 19513 5191.623
1791599449.969 19515 5192.261
1791599449.970 19521 5192.070
1791599449.971 19523 5192.677
1791599449.972 19529 5192.484
1791599449.973 19531 5193.088
1791599449.974 19537 5191.836
1791599449.975 19539 5192.722
1791599449.976 19545 5192.991
1791599449.977 19547 5193.917
1791599449.978 19553 5193.739
1791599449.979 19555 5194.351
1791599449.980 19561 5194.160
1791599449.981 19563 5194.770
1791599449.982 19569 5193.000
1791599449.983 19571 5193.740
1791599449.984 19577 5194.510
1791599449.985 19579 5195.458
1791599449.986 19585 5195.420
1791599449.987 19587 5196.030
1791599449.989 19593 5195.841
1791599449.990 19595 5196.453
1791599449.991 19601 5196.265
1791599449.992 19603 5195.010
1791599449.993 19609 5195.677
1791599449.994 19611 5196.602
1791599449.995 19617 5196.838
1791599449.996 19619 5197.775
1791599449.997 19625 5197.506
1791599449.998 19627 5198.114
1791599449.999 19633 5197.921
1791599450.000 19635 5198.529
1791599450.001 19641 5196.054
1791599450.002 19643 5196.909
1791599450.003 19649 5197.650
1791599450.004 19651 5198.591
1791599450.005 19657 5199.278
1791599450.006 19659 5199.902
1791599450.007 19665 5199.709
1791599450.008 19667 5200.316
1791599450.009 19673 5200.120
1791599450.010 19675 5200.740
1791599450.011 19681 5199.042
1791599450.012 19683 5199.945
1791599450.013 19689 5200.740
1791599450.014 19691 5201.098
1791599450.015 19697 5201.362
1791599450.016 19699 5201.969
1791599450.017 19705 5201.776
1791599450.018 19707 5202.384
1791599450.019 19713 5202.190
1791599450.020 19715 5201.087
1791599450.021 19721 5201.788
1791599450.022 19723 5202.731
1791599450.023 19729 5202.896
1791599450.024 19731 5203.633
1791599450.025 19737 5203.443
1791599450.026 19739 5204.046
1791599450.027 19745 5203.863
1791599450.028 19747 5204.473
1791599450.029 19753 5202.884
1791599450.030 19755 5203.786
1791599450.031 19761 5204.581
1791599450.032 19763 5205.295
1791599450.033 19769 5205.105
1791599450.034 19771 5205.712
1791599450.035 19777 5205.371
1791599450.036 19779 5206.122
1791599450.037 19785 5205.932
1791599450.038 19787 5206.538
1791599450.039 19793 5205.007
1791599450.040 19795 5205.912
1791599450.041 19801 5206.724
1791599450.042 19803 5207.318
1791599450.043 19809 5207.166
1791599450.044 19811 5207.777
1791599450.045 19817 5207.589
1791599450.046 19819 5208.197
1791599450.047 19825 5208.006
1791599450.048 19827 5208.609
1791599450.049 19833 5206.983
1791599450.050 19835 5207.891
1791599450.051 19841 5208.805
1791599450.052 19843 5209.208
1791599450.053 19849 5209.348
1791599450.054 19851 5209.956
1791599450.055 19857 5209.763
1791599450.056 19859 5210.371
1791599450.057 19865 5208.265
1791599450.058 19867 5209.143
1791599450.059 19873 5209.715
1791599450.060 19875 5210.634
1791599450.061 19881 5211.019
1791599450.062 19883 5211.227
1791599450.063 19889 5211.435
1791599450.064 19891 5212.006
1791599450.065 19897 5211.855
1791599450.066 19899 5212.448
1791599450.067 19905 5212.263
1791599450.068 19907 5211.755
1791599450.069 19913 5212.208
1791599450.070 19915 5213.146
1791599450.071 19921 5213.094
1791599450.072 19923 5213.702
1791599450.073 19929 5213.508
1791599450.074 19931 5214.114
1791599450.075 19937 5213.920
1791599450.076 19939 5213.567
1791599450.077 19945 5213.814
1791599450.078 19947 5214.662
1791599450.079 19953 5214.716
1791599450.080 19955 5215.354
1791599450.081 19961 5215.159
1791599450.082 19963 5215.765
1791599450.083 19969 5215.572
1791599450.084 19971 5216.180
1791599450.085 19977 5215.257
1791599450.086 19979 5216.105
1791599450.087 19985 5216.391
1791599450.088 19987 5217.008
1791599450.089 19993 5216.818
1791599450.090 19995 5217.426
1791599450.091 20001 5217.234
1791599450.093 20003 5217.841
1791599450.094 20009 5217.188
1791599450.095 20011 5218.062
1791599450.096 20017 5217.927
1791599450.097 20019 5218.665
1791599450.098 20025 5218.458
1791599450.099 20027 5219.067
1791599450.100 20033 5218.887
1791599450.101 20035 5219.483
1791599450.102 20041 5218.724
1791599450.103 20043 5219.592
1791599450.104 20049 5219.640
1791599450.105 20051 5220.438
1791599450.106 20057 5218.925
1791599450.107 20059 5219.848
1791599450.108 20065 5220.668
1791599450.109 20067 5221.284
1791599450.110 20073 5220.117
1791599450.111 20075 5220.945
1791599450.112 20081 5221.287
1791599450.113 20083 5222.091
1791599450.114 20089 5221.922
1791599450.115 20091 5222.526
1791599450.116 20097 5222.338
1791599450.117 20099 5222.946
1791599450.118 20105 5222.032
1791599450.119 20107 5222.904
1791599450.120 20113 5223.157
1791599450.121 20115 5223.696
1791599450.122 20121 5223.579
1791599450.123 20123 5224.182
1791599450.124 20129 5223.990
1791599450.125 20131 5224.600
1791599450.126 20137 5223.514
1791599450.127 20139 5224.374
1791599450.128 20145 5224.556
1791599450.129 20147 5225.481
1791599450.130 20153 5225.236
1791599450.131 20155 5225.845
1791599450.132 20161 5225.654
1791599450.133 20163 5226.261
1791599450.134 20169 5226.068
1791599450.135 20171 5226.676
1791599450.136 20177 5224.386
1791599450.137 20179 5225.227
1791599450.138 20185 5226.068
1791599450.139 20187 5227.032
1791599450.140 20193 5227.309
1791599450.141 20195 5227.918
1791599450.142 20201 5227.723
1791599450.143 20203 5228.332
1791599450.144 20209 5228.135
1791599450.145 20211 5228.743
1791599450.146 20217 5227.957
1791599450.147 20219 5228.808
1791599450.148 20225 5228.930
1791599450.149 20227 5229.576
1791599450.150 20233 5229.383
1791599450.151 20235 5229.990
1791599450.152 20241 5229.903
1791599450.153 20243 5230.510
1791599450.154 20249 5229.895
1791599450.155 20251 5230.770
1791599450.156 20257 5230.442
1791599450.157 20259 5231.344
1791599450.158 20265 5231.117
1791599450.159 20267 5231.715
1791599450.160 20273 5231.528
1791599450.161 20275 5232.131
1791599450.162 20281 5230.207
1791599450.163 20283 5231.087
1791599450.164 20289 5231.825
1791599450.165 20291 5232.757
1791599450.166 20297 5232.794
1791599450.167 20299 5233.440
1791599450.168 20305 5233.172
1791599450.169 20307 5233.814
1791599450.170 20313 5233.613
1791599450.171 20315 5234.194
1791599450.172 20321 5232.146
1791599450.173 20323 5233.027
1791599450.174 20329 5233.688
1791599450.175 20331 5234.623
1791599450.176 20337 5234.794
1791599450.177 20339 5235.479
1791599450.178 20345 5235.041
1791599450.179 20347 5235.958
1791599450.180 20353 5235.713
1791599450.181 20355 5236.320
1791599450.182 20361 5235.142
1791599450.183 20363 5235.990
1791599450.184 20369 5236.371
1791599450.185 20371 5237.110
1791599450.186 20377 5236.951
1791599450.187 20379 5237.556
1791599450.188 20385 5237.366
1791599450.189 20387 5237.970
1791599450.190 20393 5237.778
1791599450.191 20395 5237.052
1791599450.192 20401 5237.288
1791599450.193 20403 5238.232
1791599450.194 20409 5238.620
1791599450.195 20411 5239.229
1791599450.196 20417 5239.025
1791599450.198 20419 5239.641
1791599450.199 20425 5239.457
1791599450.200 20427 5240.068
1791599450.201 20433 5239.405
1791599450.202 20435 5240.273
1791599450.203 20441 5240.298
1791599450.204 20443 5241.011
1791599450.205 20449 5240.818
1791599450.206 20451 5241.427
1791599450.207 20457 5241.233
1791599450.208 20459 5241.837
1791599450.209 20465 5240.254
1791599450.210 20467 5240.754
1791599450.211 20473 5241.514
1791599450.212 20475 5242.455
1791599450.213 20481 5242.454
1791599450.214 20483 5243.083
1791599450.215 20489 5242.891
1791599450.216 20491 5243.500
1791599450.217 20497 5243.307
1791599450.218 20499 5243.912
1791599450.219 20505 5242.580
1791599450.220 20507 5243.466
1791599450.221 20513 5243.716
1791599450.222 20515 5244.643
1791599450.223 20521 5244.565
1791599450.224 20523 5245.174
1791599450.225 20529 5244.983
1791599450.226 20531 5245.587
1791599450.227 20537 5243.735
1791599450.228 20539 5244.631
1791599450.229 20545 5245.193
1791599450.230 20547 5246.127
1791599450.231 20553 5246.205
1791599450.232 20555 5246.807
1791599450.233 20561 5246.611
1791599450.234 20563 5247.214
1791599450.235 20569 5247.016
1791599450.236 20571 5247.618
1791599450.237 20577 5246.163
1791599450.238 20579 5247.065
1791599450.239 20585 5247.877
1791599450.240 20587 5248.260
1791599450.241 20593 5248.230
1791599450.242 20595 5248.832
1791599450.243 20601 5248.645
1791599450.244 20603 5249.257
1791599450.245 20609 5247.320
1791599450.246 20611 5248.177
1791599450.247 20617 5248.905
1791599450.248 20619 5249.845
1791599450.249 20625 5249.868
1791599450.250 20627 5250.475
1791599450.251 20633 5250.283
1791599450.252 20635 5250.885
1791599450.253 20641 5250.800
1791599450.254 20643 5251.410
1791599450.255 20649 5250.157
1791599450.256 20651 5251.069
1791599450.257 20657 5251.313
1791599450.258 20659 5252.238
1791599450.259 20665 5252.058
1791599450.260 20667 5252.663
1791599450.261 20673 5252.466
1791599450.262 20675 5253.076
1791599450.263 20681 5251.286
1791599450.264 20683 5252.189
1791599450.265 20689 5252.964
1791599450.266 20691 5253.907
1791599450.267 20697 5253.063
1791599450.268 20699 5253.965
1791599450.269 20705 5254.122
1791599450.270 20707 5254.731
1791599450.271 20713 5254.542
1791599450.272 20715 5255.150
1791599450.273 20721 5253.801
1791599450.274 20723 5254.708
1791599450.275 20729 5254.679
1791599450.276 20731 5255.554
1791599450.277 20737 5255.786
1791599450.278 20739 5256.398
1791599450.279 20745 5256.207
1791599450.280 20747 5256.814
1791599450.281 20753 5254.692
1791599450.282 20755 5255.519
1791599450.283 20761 5256.226
1791599450.284 20763 5257.159
1791599450.285 20769 5257.231
1791599450.286 20771 5258.036
1791599450.287 20777 5257.864
1791599450.288 20779 5258.473
1791599450.289 20785 5258.280
1791599450.290 20787 5258.885
1791599450.291 20793 5257.121
1791599450.292 20795 5258.024
1791599450.293 20801 5258.791
1791599450.294 20803 5259.709
1791599450.295 20809 5259.523
1791599450.296 20811 5260.131
1791599450.297 20817 5259.936
1791599450.298 20819 5260.541
1791599450.299 20825 5260.349
1791599450.300 20827 5259.205
1791599450.301 20833 5259.882
1791599450.302 20835 5260.775
1791599450.304 20841 5261.138
1791599450.305 20843 5261.510
1791599450.306 20849 5261.722
1791599450.307 20851 5262.333
1791599450.308 20857 5262.162
1791599450.309 20859 5262.771
1791599450.310 20865 5262.579
1791599450.311 20867 5261.422
1791599450.312 20873 5261.429
1791599450.313 20875 5262.359
1791599450.314 20881 5263.180
1791599450.315 20883 5263.555
1791599450.316 20889 5263.836
1791599450.317 20891 5264.445
1791599450.318 20897 5264.254
1791599450.319 20899 5264.861
1791599450.320 20905 5264.670
1791599450.321 20907 5263.425
1791599450.322 20913 5264.069
1791599450.323 20915 5264.407
1791599450.324 20921 5265.187
1791599450.325 20923 5266.074
1791599450.326 20929 5265.911
1791599450.327 20931 5266.525
1791599450.328 20937 5266.333
1791599450.329 20939 5266.942
1791599450.330 20945 5266.752
1791599450.331 20947 5265.417
1791599450.332 20953 5266.059
1791599450.333 20955 5266.980
1791599450.334 20961 5267.247
1791599450.335 20963 5268.165
1791599450.336 20969 5267.995
1791599450.337 20971 5268.608
1791599450.338 20977 5268.417
1791599450.339 20979 5269.026
1791599450.340 20985 5267.170
1791599450.341 20987 5268.068
1791599450.342 20993 5268.821
1791599450.343 20995 5269.765
1791599450.344 21001 5269.668
1791599450.345 21003 5270.281
1791599450.346 21009 5270.099
1791599450.347 21011 5270.669
1791599450.348 21017 5270.516
1791599450.349 21019 5271.129
1791599450.350 21025 5269.056
1791599450.351 21027 5269.935
1791599450.352 21033 5270.667
1791599450.353 21035 5271.610
1791599450.354 21041 5271.852
1791599450.355 21043 5272.501
1791599450.356 21049 5272.309
1791599450.357 21051 5272.919
1791599450.358 21057 5272.727
1791599450.359 21059 5273.333
1791599450.360 21065 5271.803
1791599450.361 21067 5272.705
1791599450.362 21073 5273.332
1791599450.363 21075 5273.721
1791599450.364 21081 5273.966
1791599450.365 21083 5274.576
1791599450.366 21089 5274.384
1791599450.367 21091 5274.994
1791599450.368 21097 5274.803
1791599450.369 21099 5273.557
1791599450.370 21105 5274.257
1791599450.371 21107 5275.193
1791599450.372 21113 5275.457
1791599450.373 21115 5276.240
1791599450.374 21121 5276.049
1791599450.375 21123 5276.658
1791599450.376 21129 5276.464
1791599450.377 21131 5277.071
1791599450.378 21137 5275.405
1791599450.379 21139 5276.311
1791599450.380 21145 5277.106
1791599450.381 21147 5277.470
1791599450.382 21153 5277.723
1791599450.383 21155 5278.336
1791599450.384 21161 5278.143
1791599450.385 21163 5278.751
1791599450.386 21169 5278.555
1791599450.387 21171 5277.497
1791599450.388 21177 5278.058
1791599450.389 21179 5279.002
1791599450.390 21185 5279.261
1791599450.391 21187 5280.002
1791599450.392 21193 5279.812
1791599450.393 21195 5280.419
1791599450.394 21201 5280.226
1791599450.396 21203 5280.838
1791599450.397 21209 5279.263
1791599450.398 21211 5280.153
1791599450.399 21217 5280.916
1791599450.400 21219 5281.683
1791599450.401 21225 5281.498
1791599450.402 21227 5282.109
1791599450.403 21233 5281.922
1791599450.404 21235 5282.535
1791599450.405 21241 5282.490
1791599450.406 21243 5281.425
1791599450.407 21249 5282.110
1791599450.408 21251 5283.055
1791599450.409 21257 5283.302
1791599450.410 21259 5283.950
1791599450.411 21265 5283.762
1791599450.412 21267 5284.374
1791599450.413 21273 5284.187
1791599450.414 21275 5284.799
1791599450.415 21281 5283.107
1791599450.416 21283 5283.855
1791599450.417 21289 5284.629
1791599450.418 21291 5285.577
1791599450.419 21297 5285.437
1791599450.420 21299 5286.046
1791599450.421 21305 5285.855
1791599450.422 21307 5286.460
1791599450.423 21313 5286.270
1791599450.424 21315 5285.081
1791599450.425 21321 5285.779
1791599450.426 21323 5284.796
1791599450.427 21329 5285.563
1791599450.428 21331 5286.505
1791599450.429 21337 5287.296
1791599450.430 21339 5288.093
1791599450.431 21345 5287.950
1791599450.432 21347 5288.558
1791599450.433 21353 5288.367
1791599450.434 21355 5286.989
1791599450.435 21361 5287.649
1791599450.436 21363 5288.544
1791599450.437 21369 5288.772
1791599450.438 21371 5289.691
1791599450.439 21377 5288.730
1791599450.440 21379 5289.676
1791599450.441 21385 5290.032
1791599450.442 21387 5290.640
1791599450.443 21393 5288.741
1791599450.444 21395 5289.639
1791599450.445 21401 5290.362
1791599450.446 21403 5291.306
1791599450.447 21409 5291.270
1791599450.448 21411 5291.878
1791599450.449 21417 5291.685
1791599450.450 21419 5292.290
1791599450.451 21425 5292.102
1791599450.452 21427 5292.709
1791599450.453 21433 5290.454
1791599450.454 21435 5291.358
1791599450.455 21441 5292.280
1791599450.456 21443 5293.225
1791599450.457 21449 5293.441
1791599450.458 21451 5294.068
1791599450.459 21457 5293.875
1791599450.460 21459 5294.482
1791599450.461 21465 5294.291
1791599450.462 21467 5292.955
1791599450.463 21473 5293.577
1791599450.464 21475 5294.372
1791599450.465 21481 5295.176
1791599450.466 21483 5295.538
1791599450.467 21489 5295.530
1791599450.468 21491 5296.139
1791599450.469 21497 5295.946
1791599450.470 21499 5296.553
1791599450.471 21505 5294.566
1791599450.472 21507 5295.458
1791599450.473 21513 5296.184
1791599450.474 21515 5297.127
1791599450.475 21521 5297.060
1791599450.476 21523 5297.798
1791599450.477 21529 5297.607
1791599450.478 21531 5298.215
1791599450.479 21537 5298.022
1791599450.481 21539 5298.629
1791599450.482 21545 5296.947
1791599450.483 21547 5297.822
1791599450.484 21553 5298.616
1791599450.485 21555 5299.023
1791599450.486 21561 5299.274
1791599450.487 21563 5299.880
1791599450.488 21569 5299.687
1791599450.489 21571 5300.294
1791599450.490 21577 5300.101
1791599450.491 21579 5299.048
1791599450.492 21585 5299.594
1791599450.493 21587 5300.535
1791599450.494 21593 5300.763
1791599450.495 21595 5301.555
1791599450.496 21601 5301.367
1791599450.497 21603 5301.974
1791599450.498 21609 5301.782
1791599450.499 21611 5302.395
1791599450.500 21617 5300.785
1791599450.501 21619 5301.692
1791599450.502 21625 5302.482
1791599450.503 21627 5302.880
1791599450.504 21633 5303.032
1791599450.505 21635 5303.639
1791599450.506 21641 5303.568
1791599450.507 21643 5304.177
1791599450.508 21649 5303.989
1791599450.509 21651 5304.598
1791599450.510 21657 5302.731
1791599450.511 21659 5303.629
1791599450.512 21665 5304.400
1791599450.513 21667 5305.337
1791599450.514 21673 5305.229
1791599450.515 21675 5305.844
1791599450.516 21681 5305.667
1791599450.517 21683 5306.259
1791599450.518 21689 5306.068
1791599450.519 21691 5304.773
1791599450.520 21697 5305.453
1791599450.521 21699 5306.370
1791599450.522 21705 5306.586
1791599450.523 21707 5307.507
1791599450.524 21713 5307.310
1791599450.525 21715 5307.916
1791599450.526 21721 5307.721
1791599450.527 21723 5308.333
1791599450.528 21729 5306.536
1791599450.529 21731 5307.438
1791599450.530 21737 5308.158
1791599450.531 21739 5309.100
1791599450.532 21745 5308.967
1791599450.533 21747 5309.546
1791599450.534 21753 5309.302
1791599450.535 21755 5309.986
1791599450.536 21761 5309.794
1791599450.537 21763 5308.611
1791599450.538 21769 5309.270
1791599450.539 21771 5310.196
1791599450.540 21777 5310.280
1791599450.541 21779 5311.216
1791599450.542 21785 5311.042
1791599450.543 21787 5311.647
1791599450.544 21793 5311.456
1791599450.545 21795 5312.038
1791599450.546 21801 5310.106
1791599450.547 21803 5310.987
1791599450.548 21809 5311.744
1791599450.549 21811 5312.686
1791599450.550 21817 5312.762
1791599450.551 21819 5313.297
1791599450.552 21825 5313.107
1791599450.553 21827 5313.715
1791599450.554 21833 5313.519
1791599450.555 21835 5314.131
1791599450.556 21841 5312.738
1791599450.557 21843 5313.615
1791599450.558 21849 5314.407
1791599450.559 21851 5314.798
1791599450.560 21857 5314.890
1791599450.561 21859 5315.496
1791599450.562 21865 5315.310
1791599450.563 21867 5315.915
1791599450.564 21873 5313.928
1791599450.565 21875 5314.638
1791599450.566 21881 5315.228
1791599450.567 21883 5316.168
1791599450.568 21889 5316.257
1791599450.569 21891 5317.193
1791599450.570 21897 5316.961
1791599450.571 21899 5317.566
1791599450.572 21905 5317.373
1791599450.573 21907 5317.981
1791599450.574 21913 5316.170
1791599450.575 21915 5317.054
1791599450.576 21921 5317.780
1791599450.577 21923 5318.723
1791599450.578 21929 5318.437
1791599450.579 21931 5319.218
1791599450.580 21937 5319.033
1791599450.582 21939 5319.637
1791599450.583 21945 5319.440
1791599450.584 21947 5320.050
1791599450.585 21953 5318.263
1791599450.586 21955 5319.161
1791599450.587 21961 5319.949
1791599450.588 21963 5320.863
1791599450.589 21969 5320.686
1791599450.590 21971 5321.294
1791599450.591 21977 5321.101
1791599450.592 21979 5321.706
1791599450.593 21985 5321.508
1791599450.594 21987 5322.135
1791599450.595 21993 5320.801
1791599450.596 21995 5321.707
1791599450.597 22001 5321.947
1791599450.598 22003 5322.883
1791599450.599 22009 5322.762
1791599450.600 22011 5323.368
1791599450.601 22017 5323.174
1791599450.602 22019 5323.778
1791599450.603 22025 5321.989
1791599450.604 22027 5322.861
1791599450.605 22033 5323.604
1791599450.606 22035 5324.543
1791599450.607 22041 5324.485
1791599450.608 22043 5325.135
1791599450.609 22049 5324.941
1791599450.610 22051 5325.547
1791599450.611 22057 5325.354
1791599450.612 22059 5324.229
1791599450.613 22065 5324.874
1791599450.614 22067 5325.791
1791599450.615 22073 5326.001
1791599450.616 22075 5326.781
1791599450.617 22081 5326.589
1791599450.618 22083 5327.195
1791599450.619 22089 5327.007
1791599450.620 22091 5327.591
1791599450.621 22097 5326.068
1791599450.622 22099 5326.964
1791599450.623 22105 5327.755
1791599450.624 22107 5327.688
1791599450.625 22113 5328.237
1791599450.626 22115 5328.857
1791599450.627 22121 5328.663
1791599450.628 22123 5329.270
1791599450.629 22129 5329.077
1791599450.630 22131 5327.824
1791599450.631 22137 5328.497
1791599450.632 22139 5329.430
1791599450.633 22145 5329.662
1791599450.634 22147 5330.464
1791599450.635 22153 5330.324
1791599450.636 22155 5330.932
1791599450.637 22161 5330.736
1791599450.638 22163 5331.345
1791599450.639 22169 5329.667
1791599450.640 22171 5330.568
1791599450.641 22177 5331.316
1791599450.642 22179 5331.597
1791599450.643 22185 5331.985
1791599450.644 22187 5332.589
1791599450.645 22193 5332.404
1791599450.646 22195 5333.011
1791599450.647 22201 5332.816
1791599450.648 22203 5331.677
1791599450.649 22209 5331.246
1791599450.650 22211 5332.165
1791599450.651 22217 5332.979
1791599450.652 22219 5333.924
1791599450.653 22225 5334.056
1791599450.654 22227 5334.658
1791599450.655 22233 5334.468
1791599450.656 22235 5335.075
1791599450.657 22241 5335.012
1791599450.658 22243 5333.667
1791599450.659 22249 5334.332
1791599450.660 22251 5335.247
1791599450.661 22257 5335.833
1791599450.662 22259 5336.386
1791599450.663 22265 5336.183
1791599450.664 22267 5336.844
1791599450.665 22273 5336.667
1791599450.666 22275 5337.270
1791599450.667 22281 5335.226
1791599450.668 22283 5336.075
1791599450.669 22289 5336.589
1791599450.670 22291 5337.524
1791599450.671 22297 5337.732
1791599450.672 22299 5338.504
1791599450.673 22305 5338.313
1791599450.674 22307 5338.919
1791599450.675 22313 5338.722
1791599450.676 22315 5339.330
1791599450.677 22321 5337.667
1791599450.678 22323 5338.569
1791599450.679 22329 5339.355
1791599450.680 22331 5339.721
1791599450.681 22337 5339.962
1791599450.682 22339 5340.571
1791599450.683 22345 5340.374
1791599450.684 22347 5340.980
1791599450.685 22353 5340.783
1791599450.686 22355 5339.766
1791599450.687 22361 5340.457
1791599450.688 22363 5341.395
1791599450.689 22369 5341.584
1791599450.690 22371 5342.225
1791599450.691 22377 5342.032
1791599450.693 22379 5342.636
1791599450.694 22385 5342.444
1791599450.695 22387 5343.050
1791599450.696 22393 5341.562
1791599450.697 22395 5342.468
1791599450.698 22401 5343.261
1791599450.699 22403 5343.928
1791599450.700 22409 5343.673
1791599450.701 22411 5344.281
1791599450.702 22417 5344.085
1791599450.703 22419 5344.690
1791599450.704 22425 5344.501
1791599450.705 22427 5343.078
1791599450.706 22433 5343.702
1791599450.707 22435 5344.613
1791599450.708 22441 5345.110
1791599450.709 22443 5346.029
1791599450.710 22449 5345.888
1791599450.711 22451 5346.495
1791599450.712 22457 5346.300
1791599450.713 22459 5346.909
1791599450.714 22465 5346.713
1791599450.715 22467 5347.322
1791599450.716 22473 5345.517
1791599450.717 22475 5346.422
1791599450.718 22481 5347.214
1791599450.719 22483 5348.129
1791599450.720 22489 5347.916
1791599450.721 22491 5348.568
1791599450.722 22497 5348.378
1791599450.723 22499 5348.991
1791599450.724 22505 5348.801
1791599450.725 22507 5349.417
1791599450.726 22513 5347.829
1791599450.727 22515 5348.740
1791599450.728 22521 5349.556
1791599450.729 22523 5350.082
1791599450.730 22529 5350.074
1791599450.731 22531 5350.683
1791599450.732 22537 5350.482
1791599450.733 22539 5350.991
1791599450.734 22545 5350.907
1791599450.735 22547 5351.517
1791599450.736 22553 5349.466
1791599450.737 22555 5350.336
1791599450.738 22561 5351.123
1791599450.739 22563 5352.069
1791599450.740 22569 5352.157
1791599450.741 22571 5352.449
1791599450.742 22577 5352.577
1791599450.743 22579 5353.183
1791599450.744 22585 5352.991
1791599450.745 22587 5353.593
1791599450.746 22593 5351.696
1791599450.747 22595 5352.641
1791599450.748 22601 5353.437
1791599450.749 22603 5354.381
1791599450.750 22609 5352.021
1791599450.754 22611 5355.498
1791599450.755 22617 5356.312
1791599450.756 22619 5357.256
1791599450.757 22625 5357.561
1791599450.758 22627 5358.221
1791599450.759 22633 5358.052
1791599450.760 22635 5358.665
1791599450.761 22641 5358.565
1791599450.762 22643 5359.172
1791599450.763 22649 5357.380
1791599450.764 22651 5358.276
1791599450.765 22657 5359.037
1791599450.766 22659 5359.983
1791599450.767 22665 5359.806
1791599450.768 22667 5360.419
1791599450.769 22673 5360.231
1791599450.770 22675 5360.845
1791599450.771 22681 5360.655
1791599450.772 22683 5359.367
1791599450.773 22689 5359.191
1791599450.774 22691 5360.109
1791599450.775 22697 5360.927
1791599450.776 22699 5361.874
1791599450.777 22705 5361.920
1791599450.778 22707 5362.529
1791599450.779 22713 5362.338
1791599450.780 22715 5362.948
1791599450.781 22721 5362.755
1791599450.782 22723 5361.303
1791599450.783 22729 5361.042
1791599450.784 22731 5361.963
1791599450.785 22737 5362.771
1791599450.786 22739 5363.713
1791599450.787 22745 5363.839
1791599450.788 22747 5364.409
1791599450.789 22753 5364.404
1791599450.790 22755 5365.013
1791599450.791 22761 5364.819
1791599450.792 22763 5365.424
1791599450.793 22769 5363.464
1791599450.794 22771 5364.338
1791599450.795 22777 5365.130
1791599450.796 22779 5366.081
1791599450.797 22785 5366.066
1791599450.798 22787 5366.677
1791599450.799 22793 5366.480
1791599450.800 22795 5367.087
1791599450.801 22801 5366.895
1791599450.802 22803 5367.508
1791599450.803 22809 5366.116
1791599450.804 22811 5367.027
1791599450.805 22817 5367.246
1791599450.806 22819 5368.170
1791599450.807 22825 5368.160
1791599450.808 22827 5368.765
1791599450.809 22833 5368.574
1791599450.810 22835 5369.182
1791599450.811 22841 5367.363
1791599450.812 22843 5368.254
1791599450.813 22849 5369.015
1791599450.814 22851 5369.961
1791599450.815 22857 5369.956
1791599450.816 22859 5370.565
1791599450.817 22865 5370.378
1791599450.818 22867 5370.986
1791599450.819 22873 5370.790
1791599450.820 22875 5371.405
1791599450.821 22881 5370.156
1791599450.822 22883 5371.055
1791599450.823 22889 5371.041
1791599450.825 22891 5371.955
1791599450.826 22897 5372.048
1791599450.827 22899 5372.655
1791599450.828 22905 5372.464
1791599450.829 22907 5373.071
1791599450.830 22913 5371.109
1791599450.831 22915 5371.979
1791599450.832 22921 5372.679
1791599450.833 22923 5373.621
1791599450.834 22929 5373.704
1791599450.835 22931 5374.312
1791599450.836 22937 5374.118
1791599450.837 22939 5374.726
1791599450.838 22945 5374.530
1791599450.839 22947 5375.163
1791599450.840 22953 5373.668
1791599450.841 22955 5374.559
1791599450.842 22961 5375.346
1791599450.843 22963 5375.969
1791599450.844 22969 5375.803
1791599450.845 22971 5376.412
1791599450.846 22977 5376.216
1791599450.847 22979 5376.823
1791599450.848 22985 5376.635
1791599450.849 22987 5375.489
1791599450.850 22993 5376.023
1791599450.851 22995 5376.962
1791599450.852 23001 5377.213
1791599450.853 23003 5378.138
1791599450.854 23009 5377.884
1791599450.855 23011 5378.495
1791599450.856 23017 5378.303
1791599450.857 23019 5378.917
1791599450.858 23025 5377.118
1791599450.859 23027 5378.006
1791599450.860 23033 5378.772
1791599450.861 23035 5379.718
1791599450.862 23041 5379.686
1791599450.863 23043 5380.298
1791599450.864 23049 5380.106
1791599450.865 23051 5380.713
1791599450.866 23057 5380.519
1791599450.867 23059 5381.126
1791599450.868 23065 5379.667
1791599450.869 23067 5380.570
1791599450.870 23073 5381.322
1791599450.871 23075 5381.676
1791599450.872 23081 5381.759
1791599450.873 23083 5382.365
1791599450.874 23089 5382.173
1791599450.875 23091 5382.781
1791599450.876 23097 5380.635
1791599450.877 23099 5381.510
1791599450.878 23105 5382.219
1791599450.879 23107 5383.163
1791599450.880 23113 5383.402
1791599450.881 23115 5384.025
1791599450.882 23121 5383.838
1791599450.883 23123 5384.450
1791599450.884 23129 5384.261
1791599450.885 23131 5384.869
1791599450.886 23137 5383.381
1791599450.887 23139 5384.264
1791599450.888 23145 5385.053
1791599450.889 23147 5385.661
1791599450.890 23153 5385.495
1791599450.891 23155 5386.100
1791599450.892 23161 5385.911
1791599450.893 23163 5386.521
1791599450.894 23169 5386.327
1791599450.895 23171 5385.266
1791599450.896 23177 5385.971
1791599450.897 23179 5386.915
1791599450.898 23185 5387.141
1791599450.899 23187 5387.768
1791599450.900 23193 5387.550
1791599450.901 23195 5388.181
1791599450.902 23201 5387.996
1791599450.903 23203 5388.598
1791599450.904 23209 5387.106
1791599450.905 23211 5388.017
1791599450.906 23217 5388.814
1791599450.907 23219 5389.092
1791599450.908 23225 5389.241
1791599450.909 23227 5389.853
1791599450.910 23233 5389.659
1791599450.911 23235 5390.266
1791599450.912 23241 5388.313
1791599450.913 23243 5389.182
1791599450.914 23249 5389.911
1791599450.915 23251 5390.836
1791599450.916 23257 5390.963
1791599450.917 23259 5391.617
1791599450.918 23265 5391.423
1791599450.919 23267 5392.028
1791599450.921 23273 5391.828
1791599450.922 23275 5392.446
1791599450.923 23281 5391.030
1791599450.924 23283 5391.927
1791599450.925 23289 5392.685
1791599450.926 23291 5392.954
1791599450.927 23297 5393.065
1791599450.928 23299 5393.685
1791599450.929 23305 5393.494
1791599450.930 23307 5394.097
1791599450.931 23313 5392.085
1791599450.932 23315 5392.939
1791599450.933 23321 5393.664
1791599450.934 23323 5394.605
1791599450.935 23329 5394.730
1791599450.936 23331 5395.363
1791599450.937 23337 5395.170
1791599450.938 23339 5395.773
1791599450.939 23345 5395.585
1791599450.940 23347 5396.196
1791599450.941 23353 5394.819
1791599450.942 23355 5395.726
1791599450.943 23361 5395.766
1791599450.944 23363 5396.709
1791599450.945 23369 5396.855
1791599450.946 23371 5397.445
1791599450.947 23377 5397.253
1791599450.948 23379 5397.863
1791599450.949 23385 5396.000
1791599450.950 23387 5396.872
1791599450.951 23393 5395.748
1791599450.952 23395 5396.687
1791599450.953 23401 5397.502
1791599450.954 23403 5398.446
1791599450.955 23409 5398.733
1791599450.956 23411 5399.513
1791599450.957 23417 5399.324
1791599450.958 23419 5399.937
1791599450.959 23425 5398.503
1791599450.960 23427 5399.405
1791599450.961 23433 5400.187
1791599450.962 23435 5400.733
1791599450.963 23441 5400.692
1791599450.964 23443 5401.298
1791599450.965 23449 5401.109
1791599450.966 23451 5401.717
1791599450.967 23457 5401.627
1791599450.968 23459 5402.239
1791599450.969 23465 5400.695
1791599450.970 23467 5401.863
1791599450.971 23473 5402.636
1791599450.972 23475 5403.395
1791599450.973 23481 5403.125
1791599450.974 23483 5403.737
1791599450.975 23489 5403.547
1791599450.976 23491 5404.154
1791599450.977 23497 5403.927
1791599450.978 23499 5404.555
1791599450.979 23505 5402.724
1791599450.980 23507 5403.632
1791599450.981 23513 5404.429
1791599450.982 23515 5405.374
1791599450.983 23521 5405.097
1791599450.984 23523 5405.811
1791599450.985 23529 5405.625
1791599450.986 23531 5406.230
1791599450.988 23537 5406.041
1791599450.989 23539 5406.650
1791599450.990 23545 5404.686
1791599450.991 23547 5405.581
1791599450.992 23553 5406.347
1791599450.993 23555 5407.288
1791599450.994 23561 5407.009
1791599450.995 23563 5407.902
1791599450.996 23569 5407.691
1791599450.997 23571 5408.301
1791599450.998 23577 5408.107
1791599450.999 23579 5408.713
1791599451.000 23585 5406.622
1791599451.001 23587 5407.513
1791599451.002 23593 5408.258
1791599451.003 23595 5409.231
1791599451.004 23601 5409.284
1791599451.005 23603 5409.787
1791599451.006 23609 5409.805
1791599451.007 23611 5410.415
1791599451.008 23617 5410.224
1791599451.009 23619 5410.830
1791599451.010 23625 5408.483
1791599451.011 23627 5409.355
1791599451.012 23633 5410.053
1791599451.013 23635 5410.989
1791599451.014 23641 5411.399
1791599451.015 23643 5412.186
1791599451.016 23649 5411.973
1791599451.017 23651 5412.582
1791599451.018 23657 5412.391
1791599451.019 23659 5413.000
1791599451.020 23665 5412.766
1791599451.021 23667 5411.368
1791599451.022 23673 5412.012
1791599451.023 23675 5412.924
1791599451.024 23681 5413.717
1791599451.025 23683 5414.110
1791599451.026 23689 5414.054
1791599451.027 23691 5414.664
1791599451.028 23697 5414.471
1791599451.029 23699 5415.077
1791599451.030 23705 5414.884
1791599451.031 23707 5415.494
1791599451.032 23713 5413.927
1791599451.033 23715 5414.833
1791599451.034 23721 5415.641
1791599451.035 23723 5416.275
1791599451.036 23729 5416.121
1791599451.037 23731 5416.728
1791599451.038 23737 5416.537
1791599451.039 23739 5417.142
1791599451.040 23745 5416.953
1791599451.041 23747 5417.554
1791599451.042 23753 5415.437
1791599451.043 23755 5416.281
1791599451.044 23761 5417.092
1791599451.045 23763 5418.042
1791599451.046 23769 5418.196
1791599451.047 23771 5418.805
1791599451.048 23777 5418.621
1791599451.049 23779 5419.234
1791599451.050 23785 5419.045
1791599451.051 23787 5417.765
1791599451.052 23793 5416.759
1791599451.053 23795 5417.664
1791599451.054 23801 5418.433
1791599451.055 23803 5419.380
1791599451.056 23809 5420.203
1791599451.057 23811 5420.583
1791599451.058 23817 5420.701
1791599451.059 23819 5421.308
1791599451.060 23825 5419.563
1791599451.061 23827 5420.308
1791599451.062 23833 5421.051
1791599451.063 23835 5422.000
1791599451.064 23841 5422.052
1791599451.065 23843 5422.661
1791599451.066 23849 5422.469
1791599451.067 23851 5423.076
1791599451.068 23857 5422.883
1791599451.069 23859 5423.487
1791599451.070 23865 5422.214
1791599451.071 23867 5423.106
1791599451.072 23873 5423.362
1791599451.073 23875 5424.288
1791599451.074 23881 5424.125
1791599451.075 23883 5424.730
1791599451.076 23889 5424.535
1791599451.077 23891 5425.144
1791599451.078 23897 5420.767
1791599451.079 23899 5421.608
1791599451.080 23905 5422.325
1791599451.081 23907 5423.266
1791599451.082 23913 5424.083
1791599451.083 23915 5425.021
1791599451.084 23921 5425.822
1791599451.085 23923 5426.759
1791599451.086 23929 5426.604
1791599451.087 23931 5427.213
1791599451.088 23937 5425.332
1791599451.089 23939 5426.229
1791599451.091 23945 5426.992
1791599451.092 23947 5427.932
1791599451.093 23953 5427.853
1791599451.094 23955 5428.460
1791599451.095 23961 5428.267
1791599451.096 23963 5428.873
1791599451.097 23969 5428.677
1791599451.098 23971 5429.287
1791599451.099 23977 5427.823
1791599451.100 23979 5428.727
1791599451.101 23985 5429.534
1791599451.102 23987 5429.941
1791599451.103 23993 5429.921
1791599451.104 23995 5430.537
1791599451.105 24001 5430.334
1791599451.106 24003 5430.955
1791599451.107 24009 5429.048
1791599451.108 24011 5429.867
1791599451.109 24017 5430.483
1791599451.110 24019 5431.428
1791599451.111 24025 5431.650
1791599451.112 24027 5432.207
1791599451.113 24033 5432.011
1791599451.114 24035 5432.621
1791599451.115 24041 5432.532
1791599451.116 24043 5433.140
1791599451.117 24049 5431.707
1791599451.118 24051 5432.594
1791599451.119 24057 5433.374
1791599451.120 24059 5433.743
1791599451.121 24065 5433.777
1791599451.122 24067 5434.385
1791599451.123 24073 5434.193
1791599451.124 24075 5434.803
1791599451.125 24081 5432.857
1791599451.126 24083 5433.693
1791599451.127 24089 5434.247
1791599451.128 24091 5435.180
1791599451.129 24097 5435.305
1791599451.130 24099 5436.044
1791599451.131 24105 5435.857
1791599451.132 24107 5436.464
1791599451.133 24113 5436.269
1791599451.134 24115 5436.877
1791599451.135 24121 5435.072
1791599451.136 24123 5435.793
1791599451.137 24129 5436.566
1791599451.138 24131 5437.510
1791599451.139 24137 5437.513
1791599451.140 24139 5438.120
1791599451.141 24145 5437.927
1791599451.142 24147 5438.532
1791599451.143 24153 5438.342
1791599451.144 24155 5438.949
1791599451.145 24161 5437.626
1791599451.146 24163 5438.531
1791599451.147 24169 5438.775
1791599451.148 24171 5439.698
1791599451.149 24177 5439.581
1791599451.150 24179 5440.189
1791599451.151 24185 5439.997
1791599451.152 24187 5440.608
1791599451.153 24193 5438.770
1791599451.154 24195 5439.607
1791599451.155 24201 5440.173
1791599451.156 24203 5441.111
1791599451.157 24209 5440.983
1791599451.158 24211 5441.894
1791599451.159 24217 5441.660
1791599451.160 24219 5442.266
1791599451.161 24225 5442.074
1791599451.162 24227 5442.679
1791599451.163 24233 5440.832
1791599451.164 24235 5441.733
1791599451.165 24241 5442.585
1791599451.166 24243 5443.532
1791599451.167 24249 5443.426
1791599451.168 24251 5444.036
1791599451.169 24257 5443.845
1791599451.170 24259 5444.454
1791599451.171 24265 5444.261
1791599451.172 24267 5443.011
1791599451.173 24273 5443.674
1791599451.174 24275 5444.594
1791599451.175 24281 5444.861
1791599451.176 24283 5445.666
1791599451.177 24289 5445.502
1791599451.178 24291 5446.109
1791599451.179 24297 5445.914
1791599451.180 24299 5446.524
1791599451.181 24305 5444.674
1791599451.182 24307 5445.506
1791599451.183 24313 5446.221
1791599451.184 24315 5447.164
1791599451.185 24321 5447.162
1791599451.186 24323 5447.772
1791599451.187 24329 5447.579
1791599451.188 24331 5448.188
1791599451.189 24337 5447.995
1791599451.190 24339 5448.591
1791599451.191 24345 5447.200
1791599451.192 24347 5448.100
1791599451.193 24353 5448.356
1791599451.195 24355 5449.279
1791599451.196 24361 5449.244
1791599451.197 24363 5449.857
1791599451.198 24369 5449.508
1791599451.199 24371 5450.258
1791599451.200 24377 5448.347
1791599451.201 24379 5449.235
1791599451.202 24385 5449.976
1791599451.203 24387 5450.890
1791599451.204 24393 5450.902
1791599451.205 24395 5451.514
1791599451.206 24401 5451.324
1791599451.207 24403 5451.955
1791599451.208 24409 5451.765
1791599451.209 24411 5452.373
1791599451.210 24417 5451.119
1791599451.211 24419 5451.997
1791599451.212 24425 5452.267
1791599451.213 24427 5453.193
1791599451.214 24433 5453.011
1791599451.215 24435 5453.621
1791599451.216 24441 5453.531
1791599451.217 24443 5454.141
1791599451.218 24449 5452.329
1791599451.219 24451 5453.222
1791599451.220 24457 5453.929
1791599451.221 24459 5454.875
1791599451.222 24465 5454.780
1791599451.223 24467 5455.385
1791599451.224 24473 5455.186
1791599451.225 24475 5455.790
1791599451.226 24481 5455.598
1791599451.227 24483 5456.206
1791599451.228 24489 5454.580
1791599451.229 24491 5455.473
1791599451.230 24497 5456.197
1791599451.231 24499 5456.999
1791599451.232 24505 5456.838
1791599451.233 24507 5457.443
1791599451.234 24513 5457.250
1791599451.235 24515 5457.857
1791599451.236 24521 5457.671
1791599451.237 24523 5458.278
1791599451.238 24529 5456.817
1791599451.239 24531 5457.709
1791599451.240 24537 5458.519
1791599451.241 24539 5458.581
1791599451.242 24545 5458.888
1791599451.243 24547 5459.515
1791599451.244 24553 5459.324
1791599451.245 24555 5459.931
1791599451.246 24561 5459.740
1791599451.247 24563 5458.126
1791599451.248 24569 5458.761
1791599451.249 24571 5459.700
1791599451.250 24577 5460.521
1791599451.251 24579 5460.886
1791599451.252 24585 5460.983
1791599451.253 24587 5461.590
1791599451.254 24593 5461.393
1791599451.255 24595 5461.998
1791599451.256 24601 5459.898
1791599451.257 24603 5460.767
1791599451.258 24609 5461.306
1791599451.259 24611 5462.246
1791599451.260 24617 5462.511
1791599451.261 24619 5463.246
1791599451.262 24625 5463.048
1791599451.263 24627 5463.658
1791599451.264 24633 5463.464
1791599451.265 24635 5464.071
1791599451.266 24641 5462.535
1791599451.267 24643 5463.430
1791599451.268 24649 5464.213
1791599451.269 24651 5464.591
1791599451.270 24657 5464.827
1791599451.271 24659 5465.435
1791599451.272 24665 5465.240
1791599451.273 24667 5465.855
1791599451.274 24673 5465.664
1791599451.275 24675 5464.603
1791599451.276 24681 5465.251
1791599451.277 24683 5466.181
1791599451.278 24689 5466.400
1791599451.279 24691 5467.078
1791599451.280 24697 5466.900
1791599451.281 24699 5467.509
1791599451.282 24705 5467.313
1791599451.283 24707 5467.933
1791599451.284 24713 5466.293
1791599451.285 24715 5467.197
1791599451.286 24721 5467.993
1791599451.287 24723 5468.745
1791599451.288 24729 5468.557
1791599451.289 24731 5469.166
1791599451.290 24737 5468.973
1791599451.291 24739 5469.578
1791599451.292 24745 5469.381
1791599451.293 24747 5468.002
1791599451.294 24753 5468.614
1791599451.295 24755 5469.559
1791599451.296 24761 5470.208
1791599451.297 24763 5470.693
1791599451.298 24769 5470.625
1791599451.299 24771 5471.227
1791599451.301 24777 5471.034
1791599451.302 24779 5471.643
1791599451.303 24785 5469.682
1791599451.304 24787 5470.583
1791599451.305 24793 5471.322
1791599451.306 24795 5472.262
1791599451.307 24801 5471.993
1791599451.308 24803 5472.900
1791599451.309 24809 5472.686
1791599451.310 24811 5473.295
1791599451.311 24817 5473.106
1791599451.312 24819 5473.715
1791599451.313 24825 5471.731
1791599451.314 24827 5472.614
1791599451.315 24833 5473.368
1791599451.316 24835 5474.312
1791599451.317 24841 5474.461
1791599451.318 24843 5474.815
1791599451.319 24849 5474.884
1791599451.320 24851 5475.488
1791599451.321 24857 5475.289
1791599451.322 24859 5475.894
1791599451.323 24865 5474.512
1791599451.324 24867 5475.412
1791599451.325 24873 5475.866
1791599451.326 24875 5476.787
1791599451.327 24881 5476.535
1791599451.328 24883 5477.137
1791599451.329 24889 5476.941
1791599451.330 24891 5477.545
1791599451.331 24897 5475.456
1791599451.332 24899 5476.304
1791599451.333 24905 5476.826
1791599451.334 24907 5477.765
1791599451.335 24913 5478.005
1791599451.336 24915 5478.787
1791599451.337 24921 5478.593
1791599451.338 24923 5479.199
1791599451.339 24929 5479.007
1791599451.340 24931 5479.621
1791599451.341 24937 5477.924
1791599451.342 24939 5478.806
1791599451.343 24945 5479.583
1791599451.344 24947 5480.332
1791599451.345 24953 5480.248
1791599451.346 24955 5480.854
1791599451.347 24961 5480.668
1791599451.348 24963 5481.280
1791599451.349 24969 5481.086
1791599451.350 24971 5481.692
1791599451.351 24977 5480.244
1791599451.352 24979 5481.128
1791599451.353 24985 5481.930
1791599451.354 24987 5482.207
1791599451.355 24993 5482.324
1791599451.356 24995 5482.931
1791599451.357 25001 5481.488
1791599451.358 25003 5482.420
1791599451.359 25009 5483.201
1791599451.360 25011 5482.107
1791599451.361 25017 5482.791
1791599451.362 25019 5483.733
1791599451.363 25025 5483.861
1791599451.364 25027 5484.598
1791599451.365 25033 5484.319
1791599451.366 25035 5484.890
1791599451.367 25041 5484.929
1791599451.368 25043 5485.539
1791599451.369 25049 5483.906
1791599451.370 25051 5484.818
1791599451.371 25057 5485.580
1791599451.372 25059 5485.988
1791599451.373 25065 5486.179
1791599451.374 25067 5486.782
1791599451.375 25073 5486.584
1791599451.376 25075 5487.191
1791599451.377 25081 5486.997
1791599451.378 25083 5485.962
1791599451.379 25089 5486.290
1791599451.380 25091 5487.211
1791599451.381 25097 5487.567
1791599451.382 25099 5488.489
1791599451.383 25105 5488.254
1791599451.384 25107 5488.878
1791599451.385 25113 5488.687
1791599451.386 25115 5489.297
1791599451.387 25121 5487.180
1791599451.388 25123 5488.042
1791599451.389 25129 5486.574
1791599451.390 25131 5487.503
1791599451.391 25137 5488.309
1791599451.392 25139 5489.249
1791599451.393 25145 5490.070
1791599451.394 25147 5491.017
1791599451.395 25153 5490.758
1791599451.396 25155 5491.365
1791599451.397 25161 5489.237
1791599451.398 25163 5490.116
1791599451.399 25169 5490.823
1791599451.400 25171 5491.758
1791599451.401 25177 5492.016
1791599451.402 25179 5492.627
1791599451.404 25185 5492.441
1791599451.405 25187 5493.049
1791599451.406 25193 5492.859
1791599451.407 25195 5493.466
1791599451.408 25201 5491.828
1791599451.409 25203 5492.213
1791599451.410 25209 5492.974
1791599451.411 25211 5493.891
1791599451.412 25217 5494.095
1791599451.413 25219 5494.703
1791599451.414 25225 5494.504
1791599451.415 25227 5495.115
1791599451.416 25233 5494.926
1791599451.417 25235 5493.696
1791599451.434 25241 5509.953
1791599451.435 25243 5510.863
1791599451.436 25249 5511.653
1791599451.437 25251 5512.176
1791599451.438 25257 5512.269
1791599451.439 25259 5512.878
1791599451.440 25265 5512.675
1791599451.441 25267 5513.298
1791599451.442 10640 8438.632
1791599451.443 10648 8438.794
1791599451.444 10656 8438.518
1791599451.445 10664 8437.400
1791599451.446 10672 8437.338
1791599451.447 10680 8435.416
1791599451.448 10688 8436.081
1791599451.449 10696 8435.511
1791599451.450 10704 8434.963
1791599451.451 10712 8434.373
1791599451.452 10720 8432.215
1791599451.453 10728 8432.898
1791599451.454 10736 8432.579
1791599451.455 10744 8432.003
1791599451.456 10752 8431.411
1791599451.457 10760 8428.498
1791599451.458 10768 8429.151
1791599451.459 10776 8429.615
1791599451.460 10784 8429.037
1791599451.461 10792 8428.443
1791599451.462 10800 8427.860
1791599451.463 10808 8425.548
1791599451.464 10816 8426.246
1791599451.465 10824 8426.087
1791599451.466 10832 8425.495
1791599451.467 10840 8424.902
1791599451.468 10848 8423.014
1791599451.469 10856 8423.705
1791599451.470 10864 8423.123
1791599451.471 10872 8422.529
1791599451.472 10880 8419.977
1791599451.473 10888 8419.598
1791599451.474 10896 8420.422
1791599451.475 10904 8420.147
1791599451.476 10912 8419.563
1791599451.477 10920 8418.967
1791599451.478 10928 8416.317
1791599451.479 10936 8417.007
1791599451.480 10944 8417.171
1791599451.481 10952 8416.602
1791599451.482 10960 8416.017
1791599451.483 10968 8413.590
1791599451.484 10976 8414.364
1791599451.485 10984 8414.358
1791599451.486 10992 8413.808
1791599451.487 11000 8413.216
1791599451.488 11008 8410.449
1791599451.489 11016 8411.035
1791599451.490 11024 8411.231
1791599451.491 11032 8410.844
1791599451.492 11040 8410.251
1791599451.493 11048 8407.898
1791599451.494 11056 8407.621
1791599451.495 11064 8408.332
1791599451.496 11072 8407.879
1791599451.497 11080 8407.283
1791599451.498 11088 8405.332
1791599451.499 11096 8406.035
1791599451.500 11104 8405.506
1791599451.501 11112 8404.912
1791599451.502 11120 8402.458
1791599451.503 11128 8402.678
1791599451.504 11136 8402.869
1791599451.505 11144 8402.542
1791599451.506 11152 8401.950
1791599451.507 11160 8399.762
1791599451.508 11168 8400.429
1791599451.509 11176 8400.170
1791599451.510 11184 8399.577
1791599451.511 11192 8398.984
1791599451.512 11200 8397.345
1791599451.513 11208 8397.419
1791599451.514 11216 8397.206
1791599451.515 11224 8396.614
1791599451.516 11232 8394.332
1791599451.517 11240 8394.747
1791599451.519 11248 8394.811
1791599451.520 11256 8394.243
1791599451.521 11264 8393.652
1791599451.522 11272 8391.554
1791599451.523 11280 8392.245
1791599451.524 11288 8391.874
1791599451.525 11296 8391.283
1791599451.526 11304 8390.690
1791599451.527 11312 8389.034
1791599451.528 11320 8389.029
1791599451.529 11328 8388.914
1791599451.530 11336 8388.324
1791599451.531 11344 8385.992
1791599451.532 11352 8386.608
1791599451.533 11360 8386.557
1791599451.534 11368 8385.965
1791599451.539 11376 8389.296
1791599451.540 11384 8387.366
1791599451.541 11392 8387.890
1791599451.542 11400 8387.489
1791599451.543 11408 8387.038
1791599451.544 11416 8386.448
1791599451.545 11424 8383.782
1791599451.546 11432 8384.502
1791599451.547 11440 8384.662
1791599451.548 11448 8384.063
1791599451.549 11456 8382.069
1791599451.550 11464 8382.715
1791599451.551 11472 8382.279
1791599451.552 11480 8381.683
1791599451.553 11488 8381.086
1791599451.554 11496 8379.757
1791599451.555 11504 8380.080
1791599451.556 11512 8379.279
1791599451.557 11520 8378.898
1791599451.558 11528 8378.331
1791599451.559 11536 8376.721
1791599451.560 11544 8377.141
1791599451.561 11552 8376.551
1791599451.562 11560 8375.955
1791599451.563 11568 8373.297
1791599451.564 11576 8371.098
1791599451.565 11584 8371.836
1791599451.566 11592 8372.589
1791599451.567 11600 8372.969
1791599451.568 11608 8372.374
1791599451.569 11616 8370.657
1791599451.570 11624 8371.224
1791599451.571 11632 8370.588
1791599451.572 11640 8369.992
1791599451.573 11648 8367.539
1791599451.574 11656 8368.039
1791599451.575 11664 8368.173
1791599451.576 11672 8367.608
1791599451.577 11680 8367.010
1791599451.578 11688 8364.725
1791599451.579 11696 8365.090
1791599451.580 11704 8364.934
1791599451.581 11712 8364.626
1791599451.582 11720 8364.031
1791599451.583 11728 8360.145
1791599451.584 11736 8360.810
1791599451.585 11744 8361.536
1791599451.586 11752 8361.718
1791599451.587 11760 8361.131
1791599451.588 11768 8358.822
1791599451.594 11776 8364.323
1791599451.595 11784 8364.155
1791599451.596 11792 8363.559
1791599451.597 11800 8362.963
1791599451.598 11808 8361.385
1791599451.599 11816 8361.766
1791599451.600 11824 8361.173
1791599451.601 11832 8360.555
1791599451.602 11840 8358.362
1791599451.603 11848 8358.867
1791599451.604 11856 8358.788
1791599451.605 11864 8358.193
1791599451.606 11872 8357.596
1791599451.607 11880 8355.741
1791599451.608 11888 8356.414
1791599451.609 11896 8355.808
1791599451.610 11904 8355.210
1791599451.611 11912 8352.671
1791599451.612 11920 8353.232
1791599451.613 11928 8353.375
1791599451.614 11936 8352.826
1791599451.615 11944 8352.229
1791599451.616 11952 8350.085
1791599451.617 11960 8350.737
1791599451.618 11968 8350.439
1791599451.619 11976 8349.844
1791599451.620 11984 8349.245
1791599451.621 11992 8347.650
1791599451.622 12000 8348.068
1791599451.623 12008 8347.458
1791599451.624 12016 8346.862
1791599451.625 12024 8344.591
1791599451.626 12032 8344.884
1791599451.627 12040 8345.069
1791599451.628 12048 8344.473
1791599451.629 12056 8343.881
1791599451.630 12064 8341.942
1791599451.631 12072 8342.640
1791599451.632 12080 8342.089
1791599451.633 12088 8341.492
1791599451.634 12096 8340.894
1791599451.635 12104 8339.459
1791599451.636 12112 8339.660
1791599451.637 12120 8339.107
1791599451.638 12128 8338.511
1791599451.639 12136 8336.034
1791599451.640 12144 8336.631
1791599451.641 12152 8336.549
1791599451.642 12160 8336.126
1791599451.643 12168 8335.528
1791599451.644 12176 8333.075
1791599451.645 12184 8333.588
1791599451.646 12192 8333.830
1791599451.647 12200 8333.231
1791599451.648 12208 8332.640
1791599451.649 12216 8330.144
1791599451.650 12224 8330.719
1791599451.651 12232 8330.820
1791599451.652 12240 8330.258
1791599451.653 12248 8329.661
1791599451.654 12256 8327.684
1791599451.655 12264 8328.364
1791599451.656 12272 8327.875
1791599451.657 12280 8327.273
1791599451.658 12288 8326.681
1791599451.659 12296 8325.204
1791599451.660 12304 8323.604
1791599451.661 12312 8324.326
1791599451.662 12320 8324.296
1791599451.663 12328 8323.701
1791599451.664 12336 8319.225
1791599451.665 12344 8319.939
1791599451.666 12352 8320.657
1791599451.667 12360 8321.263
1791599451.668 12368 8318.733
1791599451.669 12376 8319.252
1791599451.670 12384 8319.113
1791599451.671 12392 8318.929
1791599451.672 12400 8318.333
1791599451.673 12408 8316.343
1791599451.674 12416 8316.968
1791599451.675 12424 8316.563
1791599451.676 12432 8315.947
1791599451.677 12440 8315.353
1791599451.678 12448 8313.493
1791599451.679 12456 8314.195
1791599451.680 12464 8313.497
1791599451.681 12472 8312.964
1791599451.682 12480 8310.179
1791599451.683 12488 8310.722
1791599451.684 12496 8310.692
1791599451.685 12504 8310.578
1791599451.686 12512 8309.983
1791599451.687 12520 8307.514
1791599451.688 12528 8308.133
1791599451.689 12536 8308.190
1791599451.690 12544 8307.492
1791599451.691 12552 8307.000
1791599451.692 12560 8304.495
1791599451.693 12568 8305.102
1791599451.695 12576 8305.369
1791599451.696 12584 8304.725
1791599451.697 12592 8304.129
1791599451.698 12600 8301.602
1791599451.699 12608 8302.546
1791599451.700 12616 8302.228
1791599451.701 12624 8302.069
1791599451.702 12632 8301.474
1791599451.703 12640 8298.860
1791599451.704 12648 8299.282
1791599451.705 12656 8299.681
1791599451.706 12664 8299.166
1791599451.707 12672 8298.486
1791599451.708 12680 8295.984
1791599451.709 12688 8296.572
1791599451.710 12696 8296.417
1791599451.711 12704 8296.109
1791599451.712 12712 8295.514
1791599451.713 12720 8292.860
1791599451.714 12728 8293.452
1791599451.715 12736 8293.464
1791599451.716 12744 8293.128
1791599451.717 12752 8292.532
1791599451.718 12760 8290.130
1791599451.719 12768 8290.781
1791599451.720 12776 8290.741
1791599451.721 12784 8290.147
1791599451.722 12792 8289.551
1791599451.723 12800 8287.783
1791599451.724 12808 8285.628
1791599451.725 12816 8286.283
1791599451.726 12824 8287.022
1791599451.727 12832 8286.572
1791599451.728 12840 8284.248
1791599451.729 12848 8284.926
1791599451.730 12856 8284.779
1791599451.731 12864 8284.184
1791599451.732 12872 8282.188
1791599451.733 12880 8282.851
1791599451.734 12888 8282.395
1791599451.735 12896 8281.800
1791599451.736 12904 8281.204
1791599451.737 12912 8279.673
1791599451.738 12920 8279.775
1791599451.739 12928 8279.413
1791599451.740 12936 8278.819
1791599451.741 12944 8275.067
1791599451.742 12952 8275.735
1791599451.743 12960 8276.464
1791599451.744 12968 8276.452
1791599451.745 12976 8275.944
1791599451.746 12984 8275.337
1791599451.747 12992 8272.910
1791599451.748 13000 8273.631
1791599451.749 13008 8271.602
1791599451.750 13016 8272.357
1791599451.751 13024 8272.570
1791599451.752 13032 8270.854
1791599451.753 13040 8271.417
1791599451.754 13048 8270.786
1791599451.755 13056 8270.201
1791599451.756 13064 8269.605
1791599451.757 13072 8267.765
1791599451.758 13080 8268.478
1791599451.759 13088 8267.819
1791599451.760 13096 8267.223
1791599451.761 13104 8264.919
1791599451.762 13112 8265.297
1791599451.763 13120 8265.454
1791599451.765 13128 8264.838
1791599451.766 13136 8264.242
1791599451.767 13144 8262.197
1791599451.768 13152 8262.851
1791599451.769 13160 8262.448
1791599451.770 13168 8261.857
1791599451.771 13176 8261.260
1791599451.772 13184 8259.242
1791599451.773 13192 8259.938
1791599451.774 13200 8259.422
1791599451.775 13208 8258.877
1791599451.776 13216 8258.276
1791599451.777 13224 8256.376
1791599451.778 13232 8257.092
1791599451.779 13240 8256.489
1791599451.780 13248 8255.890
1791599451.781 13256 8253.346
1791599451.782 13264 8253.047
1791599451.783 13272 8253.751
1791599451.784 13280 8253.506
1791599451.785 13288 8252.911
1791599451.786 13296 8250.815
1791599451.787 13304 8251.482
1791599451.788 13312 8251.047
1791599451.789 13320 8250.522
1791599451.790 13328 8249.927
1791599451.791 13336 8247.834
1791599451.792 13344 8248.381
1791599451.793 13352 8247.871
1791599451.794 13360 8247.551
1791599451.795 13368 8246.956
1791599451.796 13376 8245.355
1791599451.797 13384 8245.782
1791599451.798 13392 8245.279
1791599451.799 13400 8244.685
1791599451.800 13408 8244.091
1791599451.801 13416 8242.180
1791599451.802 13424 8242.850
1791599451.803 13432 8242.293
1791599451.804 13440 8241.707
1791599451.805 13448 8241.114
1791599451.806 13456 8238.952
1791599451.807 13464 8239.610
1791599451.808 13472 8239.211
1791599451.809 13480 8238.724
1791599451.810 13488 8238.134
1791599451.811 13496 8235.775
1791599451.812 13504 8236.438
1791599451.813 13512 8234.052
1791599451.814 13520 8234.792
1791599451.815 13528 8235.057
1791599451.816 13536 8232.796
1791599451.817 13544 8233.408
1791599451.818 13552 8231.149
1791599451.819 13560 8231.951
1791599451.820 13568 8232.220
1791599451.821 13576 8230.516
1791599451.822 13584 8230.958
1791599451.823 13592 8230.396
1791599451.824 13600 8229.789
1791599451.825 13608 8227.271
1791599451.826 13616 8227.797
1791599451.827 13624 8228.023
1791599451.828 13632 8227.403
1791599451.829 13640 8226.800
1791599451.830 13648 8223.233
1791599451.831 13656 8223.889
1791599451.832 13664 8224.714
1791599451.833 13672 8224.422
1791599451.834 13680 8223.826
1791599451.835 13688 8221.322
1791599451.836 13696 8221.924
1791599451.837 13704 8222.058
1791599451.838 13712 8221.440
1791599451.839 13720 8220.845
1791599451.840 13728 8218.949
1791599451.841 13736 8219.644
1791599451.842 13744 8219.055
1791599451.843 13752 8218.459
1791599451.844 13760 8216.062
1791599451.845 13768 8216.663
1791599451.846 13776 8216.758
1791599451.847 13784 8216.193
1791599451.848 13792 8215.597
1791599451.849 13800 8213.843
1791599451.850 13808 8214.005
1791599451.851 13816 8213.809
1791599451.852 13824 8213.213
1791599451.853 13832 8212.616
1791599451.854 13840 8210.513
1791599451.855 13848 8210.891
1791599451.856 13856 8210.826
1791599451.857 13864 8210.234
1791599451.858 13872 8209.638
1791599451.859 13880 8207.697
1791599451.860 13888 8208.368
1791599451.861 13896 8207.848
1791599451.862 13904 8207.255
1791599451.863 13912 8206.659
1791599451.864 13920 8204.238
1791599451.865 13928 8204.808
1791599451.866 13936 8204.859
1791599451.867 13944 8204.272
1791599451.868 13952 8203.674
1791599451.869 13960 8200.958
1791599451.870 13968 8201.640
1791599451.871 13976 8201.853
1791599451.872 13984 8201.290
1791599451.873 13992 8200.692
1791599451.874 14000 8198.377
1791599451.875 14008 8199.032
1791599451.876 14016 8198.810
1791599451.877 14024 8198.305
1791599451.878 14032 8197.710
1791599451.879 14040 8195.458
1791599451.880 14048 8196.121
1791599451.881 14056 8195.919
1791599451.882 14064 8195.322
1791599451.883 14072 8194.728
1791599451.884 14080 8192.971
1791599451.885 14088 8192.804
1791599451.886 14096 8192.931
1791599451.887 14104 8192.341
1791599451.888 14112 8190.029
1791599451.889 14120 8190.645
1791599451.890 14128 8190.551
1791599451.891 14136 8189.959
1791599451.892 14144 8189.359
1791599451.893 14152 8186.038
1791599451.894 14160 8186.716
1791599451.895 14168 8187.438
1791599451.896 14176 8187.084
1791599451.897 14184 8184.921
1791599451.898 14192 8185.541
1791599451.899 14200 8185.295
1791599451.900 14208 8184.700
1791599451.901 14216 8184.106
1791599451.902 14224 8182.428
1791599451.903 14232 8182.833
1791599451.904 14240 8182.314
1791599451.905 14248 8181.720
1791599451.906 14256 8179.294
1791599451.907 14264 8179.696
1791599451.908 14272 8179.822
1791599451.909 14280 8179.338
1791599451.910 14288 8178.735
1791599451.911 14296 8176.706
1791599451.912 14304 8177.350
1791599451.913 14312 8176.967
1791599451.914 14320 8176.369
1791599451.915 14328 8175.759
1791599451.916 14336 8173.966
1791599451.917 14344 8174.249
1791599451.918 14352 8173.984
1791599451.919 14360 8173.088
1791599451.920 14368 8172.789
1791599451.921 14376 8171.070
1791599451.922 14384 8171.125
1791599451.923 14392 8171.001
1791599451.924 14400 8170.404
1791599451.925 14408 8168.059
1791599451.926 14416 8168.637
1791599451.927 14424 8168.508
1791599451.928 14432 8168.017
1791599451.929 14440 8167.423
1791599451.930 14448 8165.394
1791599451.931 14456 8165.853
1791599451.932 14464 8165.633
1791599451.934 14472 8165.040
1791599451.935 14480 8164.449
1791599451.936 14488 8162.717
1791599451.937 14496 8163.245
1791599451.938 14504 8162.637
1791599451.939 14512 8162.058
1791599451.940 14520 8159.675
1791599451.941 14528 8160.262
1791599451.942 14536 8159.404
1791599451.943 14544 8159.647
1791599451.944 14552 8159.074
1791599451.945 14560 8156.391
1791599451.946 14568 8156.995
1791599451.947 14576 8157.418
1791599451.948 14584 8156.807
1791599451.949 14592 8156.215
1791599451.950 14600 8154.210
1791599451.951 14608 8154.839
1791599451.952 14616 8154.427
1791599451.953 14624 8153.829
1791599451.954 14632 8153.234
1791599451.955 14640 8151.879
1791599451.956 14648 8152.042
1791599451.957 14656 8151.450
1791599451.958 14664 8150.849
1791599451.959 14672 8148.688
1791599451.960 14680 8149.372
1791599451.961 14688 8149.065
1791599451.962 14696 8148.470
1791599451.963 14704 8147.873
1791599451.964 14712 8146.380
1791599451.965 14720 8146.527
1791599451.966 14728 8146.087
1791599451.967 14736 8145.493
1791599451.968 14744 8143.502
1791599451.969 14752 8144.164
1791599451.970 14760 8143.704
1791599451.971 14768 8143.107
1791599451.972 14776 8142.511
1791599451.973 14784 8141.112
1791599451.974 14792 8141.283
1791599451.975 14800 8140.723
1791599451.976 14808 8140.127
1791599451.977 14816 8138.226
1791599451.978 14824 8138.868
1791599451.979 14832 8138.338
1791599451.980 14840 8137.743
1791599451.981 14848 8137.146
1791599451.982 14856 8135.013
1791599451.983 14864 8135.487
1791599451.984 14872 8135.053
1791599451.985 14880 8134.763
1791599451.986 14888 8134.166
1791599451.987 14896 8132.059
1791599451.988 14904 8132.788
1791599451.989 14912 8132.377
1791599451.990 14920 8131.784
1791599451.991 14928 8131.186
1791599451.992 14936 8129.646
1791599451.993 14944 8129.801
1791599451.994 14952 8129.396
1791599451.995 14960 8128.801
1791599451.996 14968 8126.697
1791599451.997 14976 8127.477
1791599451.998 14984 8127.119
1791599451.999 14992 8126.525
1791599452.000 15000 8125.929
1791599452.001 15008 8124.331
1791599452.002 15016 8124.231
1791599452.003 15024 8123.123
1791599452.004 15032 8123.474
1791599452.005 15040 8122.947
1791599452.006 15048 8121.158
1791599452.007 15056 8121.661
1791599452.008 15064 8121.193
1791599452.009 15072 8120.565
1791599452.010 15080 8118.049
1791599452.011 15088 8116.228
1791599452.012 15096 8116.959
1791599452.013 15104 8117.704
1791599452.014 15112 8116.785
1791599452.015 15120 8115.227
1791599452.016 15128 8114.997
1791599452.019 15136 8118.066
1791599452.020 15144 8117.592
1791599452.021 15152 8116.990
1791599452.022 15160 8114.893
1791599452.023 15168 8115.497
1791599452.024 15176 8115.202
1791599452.025 15184 8114.604
1791599452.026 15192 8114.011
1791599452.027 15200 8112.394
1791599452.028 15208 8112.527
1791599452.029 15216 8112.222
1791599452.030 15224 8111.623
1791599452.031 15232 8109.216
1791599452.032 15240 8108.975
1791599452.034 15248 8109.683
1791599452.035 15256 8109.243
1791599452.036 15264 8108.647
1791599452.037 15272 8106.170
1791599452.038 15280 8106.791
1791599452.039 15288 8106.555
1791599452.040 15296 8106.257
1791599452.041 15304 8105.665
1791599452.042 15312 8103.170
1791599452.043 15320 8103.768
1791599452.044 15328 8103.848
1791599452.045 15336 8103.278
1791599452.046 15344 8102.686
1791599452.047 15352 8100.063
1791599452.048 15360 8098.137
1791599452.049 15368 8097.357
1791599452.050 15376 8098.226
1791599452.051 15384 8098.949
1791599452.052 15392 8096.899
1791599452.053 15400 8097.550
1791599452.054 15408 8098.075
1791599452.055 15416 8097.440
1791599452.056 15424 8096.842
1791599452.057 15432 8094.423
1791599452.058 15440 8094.979
1791599452.059 15448 8093.939
1791599452.060 15456 8094.454
1791599452.061 15464 8093.865
1791599452.062 15472 8091.715
1791599452.063 15480 8092.372
1791599452.064 15488 8091.829
1791599452.065 15496 8091.483
1791599452.066 15504 8090.890
1791599452.067 15512 8088.848
1791599452.068 15520 8089.527
1791599452.069 15528 8089.125
1791599452.070 15536 8088.503
1791599452.071 15544 8087.909
1791599452.072 15552 8085.888
1791599452.073 15560 8086.580
1791599452.074 15568 8086.048
1791599452.075 15576 8085.526
1791599452.076 15584 8084.929
1791599452.077 15592 8082.594
1791599452.078 15600 8083.262
1791599452.079 15608 8083.144
1791599452.080 15616 8082.517
1791599452.081 15624 8081.955
1791599452.082 15632 8079.902
1791599452.083 15640 8080.588
1791599452.084 15648 8080.196
1791599452.085 15656 8079.574
1791599452.086 15664 8078.974
1791599452.087 15672 8076.703
1791599452.088 15680 8077.344
1791599452.089 15688 8077.184
1791599452.090 15696 8076.587
1791599452.091 15704 8075.996
1791599452.092 15712 8073.932
1791599452.093 15720 8074.604
1791599452.094 15728 8073.976
1791599452.095 15736 8073.611
1791599452.096 15744 8073.033
1791599452.097 15752 8071.414
1791599452.098 15760 8071.728
1791599452.099 15768 8071.261
1791599452.100 15776 8070.735
1791599452.101 15784 8068.346
1791599452.102 15792 8068.981
1791599452.103 15800 8068.659
1791599452.104 15808 8068.339
1791599452.105 15816 8067.747
1791599452.106 15824 8065.485
1791599452.107 15832 8066.114
1791599452.108 15840 8065.959
1791599452.109 15848 8065.359
1791599452.110 15856 8064.766
1791599452.111 15864 8062.914
1791599452.112 15872 8063.488
1791599452.113 15880 8062.978
1791599452.114 15888 8062.379
1791599452.115 15896 8061.784
1791599452.116 15904 8059.994
1791599452.117 15912 8060.582
1791599452.118 15920 8059.997
1791599452.119 15928 8059.400
1791599452.120 15936 8058.807
1791599452.121 15944 8057.123
1791599452.122 15952 8057.570
1791599452.123 15960 8057.015
1791599452.124 15968 8056.418
1791599452.125 15976 8053.748
1791599452.126 15984 8053.974
1791599452.127 15992 8054.569
1791599452.128 16000 8054.037
1791599452.129 16008 8053.441
1791599452.130 16016 8050.936
1791599452.131 16024 8051.247
1791599452.132 16032 8051.551
1791599452.133 16040 8051.058
1791599452.134 16048 8050.462
1791599452.135 16056 8048.390
1791599452.136 16064 8048.880
1791599452.137 16072 8048.673
1791599452.138 16080 8048.075
1791599452.139 16088 8047.481
1791599452.140 16096 8045.936
1791599452.141 16104 8046.107
1791599452.142 16112 8045.693
1791599452.143 16120 8045.098
1791599452.144 16128 8044.503
1791599452.145 16136 8042.303
1791599452.146 16144 8043.024
1791599452.147 16152 8042.715
1791599452.148 16160 8042.119
1791599452.149 16168 8041.522
1791599452.150 16176 8039.486
1791599452.151 16184 8040.080
1791599452.152 16192 8039.830
1791599452.153 16200 8039.234
1791599452.154 16208 8038.637
1791599452.155 16216 8036.401
1791599452.156 16224 8037.118
1791599452.157 16232 8036.847
1791599452.158 16240 8036.255
1791599452.159 16248 8035.659
1791599452.160 16256 8034.073
1791599452.161 16264 8034.391
1791599452.162 16272 8033.863
1791599452.163 16280 8033.275
1791599452.164 16288 8030.734
1791599452.165 16296 8031.160
1791599452.166 16304 8031.323
1791599452.167 16312 8030.880
1791599452.168 16320 8030.285
1791599452.169 16328 8028.195
1791599452.170 16336 8028.794
1791599452.171 16344 8028.495
1791599452.172 16352 8027.902
1791599452.173 16360 8027.304
1791599452.174 16368 8025.563
1791599452.175 16376 8024.522
1791599452.176 16384 8025.052
1791599452.177 16392 8024.933
1791599452.178 16400 8022.676
1791599452.179 16408 8023.301
1791599452.180 16416 8023.144
1791599452.181 16424 8022.548
1791599452.182 16432 8021.952
1791599452.183 16440 8019.827
1791599452.184 16448 8020.516
1791599452.185 16456 8020.164
1791599452.186 16464 8019.568
1791599452.187 16472 8018.972
1791599452.188 16480 8017.515
1791599452.189 16488 8016.736
1791599452.190 16496 8017.181
1791599452.191 16504 8016.586
1791599452.192 16512 8014.076
1791599452.193 16520 8014.670
1791599452.194 16528 8014.512
1791599452.195 16536 8014.204
1791599452.196 16544 8013.608
1791599452.197 16552 8011.239
1791599452.198 16560 8011.898
1791599452.199 16568 8011.700
1791599452.201 16576 8011.318
1791599452.202 16584 8010.723
1791599452.203 16592 8009.758
1791599452.204 16600 8008.028
1791599452.205 16608 8008.702
1791599452.206 16616 8008.335
1791599452.207 16624 8008.004
1791599452.208 16632 8007.416
1791599452.209 16640 8005.462
1791599452.210 16648 8006.130
1791599452.211 16656 8005.607
1791599452.212 16664 8005.031
1791599452.213 16672 8004.434
1791599452.214 16680 8002.341
1791599452.215 16688 8002.875
1791599452.216 16696 8002.249
1791599452.217 16704 8002.048
1791599452.218 16712 8001.451
1791599452.219 16720 7999.745
1791599452.220 16728 7999.813
1791599452.221 16736 7999.657
1791599452.222 16744 7999.066
1791599452.223 16752 7996.686
1791599452.224 16760 7997.227
1791599452.225 16768 7997.004
1791599452.226 16776 7996.685
1791599452.227 16784 7996.084
1791599452.228 16792 7993.194
1791599452.229 16800 7993.824
1791599452.230 16808 7993.993
1791599452.231 16816 7993.700
1791599452.232 16824 7993.103
1791599452.233 16832 7990.807
1791599452.234 16840 7991.445
1791599452.235 16848 7991.348
1791599452.236 16856 7990.720
1791599452.237 16864 7990.123
1791599452.238 16872 7988.285
1791599452.239 16880 7988.974
1791599452.240 16888 7988.334
1791599452.241 16896 7987.738
1791599452.242 16904 7987.140
1791599452.243 16912 7985.207
1791599452.244 16920 7985.919
1791599452.245 16928 7985.352
1791599452.246 16936 7984.756
1791599452.247 16944 7984.160
1791599452.248 16952 7982.719
1791599452.249 16960 7982.836
1791599452.250 16968 7982.370
1791599452.251 16976 7981.886
1791599452.252 16984 7979.920
1791599452.253 16992 7980.325
1791599452.254 17000 7978.309
1791599452.255 17008 7979.052
1791599452.256 17016 7978.904
1791599452.257 17024 7977.167
1791599452.258 17032 7977.437
1791599452.259 17040 7976.869
1791599452.260 17048 7976.521
1791599452.261 17056 7975.928
1791599452.262 17064 7974.225
1791599452.263 17072 7974.726
1791599452.264 17080 7974.153
1791599452.265 17088 7973.540
1791599452.266 17096 7970.910
1791599452.267 17104 7971.472
1791599452.268 17112 7971.749
1791599452.269 17120 7971.154
1791599452.270 17128 7970.557
1791599452.271 17136 7968.250
1791599452.272 17144 7968.912
1791599452.273 17152 7968.774
1791599452.274 17160 7968.087
1791599452.275 17168 7967.613
1791599452.276 17176 7965.672
1791599452.277 17184 7966.338
1791599452.278 17192 7965.811
1791599452.279 17200 7964.178
1791599452.280 17208 7964.567
1791599452.281 17216 7962.139
1791599452.282 17224 7962.828
1791599452.283 17232 7962.808
1791599452.284 17240 7962.227
1791599452.285 17248 7961.633
1791599452.286 17256 7960.431
1791599452.287 17264 7960.397
1791599452.288 17272 7959.843
1791599452.289 17280 7959.248
1791599452.290 17288 7957.587
1791599452.291 17296 7957.471
1791599452.292 17304 7957.454
1791599452.293 17312 7956.864
1791599452.294 17320 7954.687
1791599452.295 17328 7955.139
1791599452.296 17336 7955.074
1791599452.297 17344 7954.470
1791599452.298 17352 7953.870
1791599452.299 17360 7952.048
1791599452.300 17368 7952.757
1791599452.301 17376 7952.187
1791599452.302 17384 7951.579
1791599452.303 17392 7949.068
1791599452.304 17400 7949.478
1791599452.305 17408 7949.748
1791599452.306 17416 7949.184
1791599452.307 17424 7948.605
1791599452.308 17432 7945.492
1791599452.309 17440 7946.171
1791599452.310 17448 7946.787
1791599452.311 17456 7946.185
1791599452.313 17464 7945.602
1791599452.314 17472 7944.433
1791599452.315 17480 7942.662
1791599452.316 17488 7943.323
1791599452.317 17496 7943.249
1791599452.318 17504 7942.456
1791599452.319 17512 7942.055
1791599452.320 17520 7937.516
1791599452.321 17528 7938.138
1791599452.322 17536 7938.811
1791599452.323 17544 7939.515
1791599452.324 17552 7937.639
1791599452.325 17560 7938.370
1791599452.326 17568 7937.109
1791599452.327 17576 7934.870
1791599452.328 17584 7935.454
1791599452.329 17592 7936.033
1791599452.330 17600 7935.297
1791599452.331 17608 7934.904
1791599452.332 17616 7934.314
1791599452.333 17624 7932.565
1791599452.334 17632 7932.577
1791599452.335 17640 7932.549
1791599452.336 17648 7931.963
1791599452.337 17656 7931.375
1791599452.338 17664 7929.454
1791599452.339 17672 7930.157
1791599452.340 17680 7929.553
1791599452.341 17688 7928.444
1791599452.342 17696 7928.392
1791599452.343 17704 7925.856
1791599452.344 17712 7926.511
1791599452.345 17720 7926.671
1791599452.346 17728 7926.018
1791599452.347 17736 7925.422
1791599452.348 17744 7923.404
1791599452.349 17752 7923.945
1791599452.350 17760 7922.305
1791599452.351 17768 7923.031
1791599452.352 17776 7922.557
1791599452.353 17784 7921.095
1791599452.354 17792 7921.266
1791599452.355 17800 7920.769
1791599452.356 17808 7920.171
1791599452.357 17816 7917.760
1791599452.358 17824 7918.390
1791599452.359 17832 7918.381
1791599452.360 17840 7917.791
1791599452.361 17848 7917.194
1791599452.362 17856 7915.427
1791599452.363 17864 7915.792
1791599452.364 17872 7915.408
1791599452.365 17880 7914.552
1791599452.366 17888 7912.482
1791599452.367 17896 7913.080
1791599452.368 17904 7912.566
1791599452.369 17912 7912.427
1791599452.370 17920 7911.828
1791599452.371 17928 7909.382
1791599452.372 17936 7909.346
1791599452.373 17944 7910.054
1791599452.374 17952 7909.443
1791599452.375 17960 7908.847
1791599452.376 17968 7906.148
1791599452.377 17976 7906.769
1791599452.378 17984 7906.906
1791599452.379 17992 7906.465
1791599452.380 18000 7905.869
1791599452.381 18008 7903.257
1791599452.382 18016 7903.885
1791599452.383 18024 7904.051
1791599452.384 18032 7903.480
1791599452.385 18040 7902.885
1791599452.386 18048 7900.840
1791599452.387 18056 7901.494
1791599452.388 18064 7901.097
1791599452.389 18072 7900.466
1791599452.390 18080 7899.892
1791599452.391 18088 7898.337
1791599452.392 18096 7898.505
1791599452.393 18104 7898.140
1791599452.394 18112 7897.546
1791599452.395 18120 7895.038
1791599452.396 18128 7895.668
1791599452.397 18136 7895.827
1791599452.398 18144 7895.162
1791599452.399 18152 7894.566
1791599452.400 18160 7892.708
1791599452.401 18168 7893.204
1791599452.402 18176 7892.888
1791599452.403 18184 7892.310
1791599452.404 18192 7891.711
1791599452.405 18200 7889.757
1791599452.406 18208 7890.402
1791599452.407 18216 7889.923
1791599452.408 18224 7889.326
1791599452.409 18232 7888.730
1791599452.410 18240 7887.282
1791599452.411 18248 7887.399
1791599452.412 18256 7886.947
1791599452.413 18264 7886.294
1791599452.414 18272 7883.928
1791599452.415 18280 7884.544
1791599452.416 18288 7884.555
1791599452.417 18296 7883.954
1791599452.418 18304 7883.363
1791599452.419 18312 7881.554
1791599452.420 18320 7881.587
1791599452.421 18328 7881.577
1791599452.422 18336 7880.982
1791599452.423 18344 7878.718
1791599452.424 18352 7879.262
1791599452.425 18360 7878.879
1791599452.426 18368 7878.632
1791599452.427 18376 7878.002
1791599452.428 18384 7875.691
1791599452.429 18392 7876.326
1791599452.430 18400 7876.204
1791599452.431 18408 7875.616
1791599452.432 18416 7875.020
1791599452.433 18424 7872.935
1791599452.434 18432 7873.586
1791599452.435 18440 7873.234
1791599452.436 18448 7872.636
1791599452.437 18456 7872.036
1791599452.438 18464 7868.503
1791599452.439 18472 7869.204
1791599452.440 18480 7869.947
1791599452.441 18488 7869.652
1791599452.442 18496 7867.255
1791599452.443 18504 7867.889
1791599452.444 18512 7867.862
1791599452.445 18520 7867.269
1791599452.446 18528 7866.672
1791599452.447 18536 7864.962
1791599452.448 18544 7865.087
1791599452.449 18552 7864.883
1791599452.450 18560 7864.287
1791599452.451 18568 7861.910
1791599452.452 18576 7862.601
1791599452.453 18584 7862.621
1791599452.454 18592 7862.003
1791599452.455 18600 7861.407
1791599452.456 18608 7859.539
1791599452.457 18616 7860.229
1791599452.458 18624 7859.617
1791599452.459 18632 7859.020
1791599452.460 18640 7856.664
1791599452.461 18648 7857.261
1791599452.463 18656 7857.233
1791599452.464 18664 7856.640
1791599452.465 18672 7856.020
1791599452.466 18680 7853.471
1791599452.467 18688 7853.988
1791599452.468 18696 7854.260
1791599452.469 18704 7853.666
1791599452.470 18712 7853.071
1791599452.471 18720 7850.798
1791599452.472 18728 7851.445
1791599452.473 18736 7851.283
1791599452.474 18744 7850.686
1791599452.475 18752 7850.093
1791599452.476 18760 7848.454
1791599452.477 18768 7847.914
1791599452.478 18776 7848.307
1791599452.479 18784 7847.711
1791599452.480 18792 7847.117
1791599452.481 18800 7845.641
1791599452.482 18808 7845.890
1791599452.483 18816 7845.326
1791599452.484 18824 7844.721
1791599452.485 18832 7842.199
1791599452.486 18840 7842.705
1791599452.487 18848 7842.811
1791599452.488 18856 7842.358
1791599452.489 18864 7841.764
1791599452.490 18872 7838.982
1791599452.491 18880 7839.576
1791599452.492 18888 7839.981
1791599452.493 18896 7839.383
1791599452.494 18904 7838.789
1791599452.495 18912 7836.544
1791599452.496 18920 7837.203
1791599452.497 18928 7837.008
1791599452.498 18936 7836.414
1791599452.499 18944 7835.817
1791599452.500 18952 7834.225
1791599452.501 18960 7834.329
1791599452.502 18968 7832.366
1791599452.503 18976 7833.220
1791599452.504 18984 7831.392
1791599452.505 18992 7832.030
1791599452.506 19000 7831.761
1791599452.507 19008 7830.192
1791599452.508 19016 7830.532
1791599452.509 19024 7828.155
1791599452.510 19032 7825.863
1791599452.511 19040 7826.586
1791599452.512 19048 7827.335
1791599452.513 19056 7827.457
1791599452.514 19064 7825.621
1791599452.515 19072 7826.094
1791599452.516 19080 7822.282
1791599452.517 19088 7822.977
1791599452.518 19096 7823.728
1791599452.519 19104 7820.463
1791599452.520 19112 7821.078
1791599452.521 19120 7821.829
1791599452.522 19128 7822.133
1791599452.523 19136 7821.632
1791599452.524 19144 7821.042
1791599452.525 19152 7818.793
1791599452.526 19160 7819.474
1791599452.527 19168 7819.257
1791599452.528 19176 7818.650
1791599452.529 19184 7818.056
1791599452.530 19192 7815.744
1791599452.531 19200 7816.412
1791599452.532 19208 7815.850
1791599452.533 19216 7815.678
1791599452.534 19224 7815.085
1791599452.535 19232 7812.571
1791599452.536 19240 7813.167
1791599452.537 19248 7813.327
1791599452.538 19256 7812.694
1791599452.539 19264 7812.106
1791599452.540 19272 7809.458
1791599452.541 19280 7810.046
1791599452.542 19288 7810.145
1791599452.543 19296 7809.726
1791599452.544 19304 7809.126
1791599452.545 19312 7807.148
1791599452.546 19320 7807.806
1791599452.547 19328 7807.461
1791599452.548 19336 7806.865
1791599452.549 19344 7806.274
1791599452.550 19352 7803.644
1791599452.551 19360 7804.403
1791599452.552 19368 7804.484
1791599452.553 19376 7804.004
1791599452.554 19384 7803.410
1791599452.555 19392 7801.834
1791599452.556 19400 7801.971
1791599452.557 19408 7801.620
1791599452.558 19416 7801.023
1791599452.559 19424 7798.896
1791599452.560 19432 7799.539
1791599452.561 19440 7799.235
1791599452.562 19448 7798.641
1791599452.563 19456 7798.044
1791599452.564 19464 7796.260
1791599452.565 19472 7796.829
1791599452.566 19480 7796.257
1791599452.567 19488 7795.659
1791599452.568 19496 7793.229
1791599452.569 19504 7793.825
1791599452.570 19512 7793.818
1791599452.571 19520 7793.275
1791599452.572 19528 7792.677
1791599452.573 19536 7790.866
1791599452.574 19544 7791.527
1791599452.575 19552 7790.887
1791599452.576 19560 7790.292
1791599452.577 19568 7787.978
1791599452.578 19576 7788.436
1791599452.579 19584 7788.520
1791599452.580 19592 7787.904
1791599452.581 19600 7787.309
1791599452.582 19608 7785.558
1791599452.583 19616 7785.710
1791599452.584 19624 7785.520
1791599452.585 19632 7784.924
1791599452.586 19640 7782.722
1791599452.587 19648 7782.332
1791599452.588 19656 7783.095
1791599452.589 19664 7782.545
1791599452.590 19672 7781.950
1791599452.591 19680 7779.716
1791599452.592 19688 7780.381
1791599452.593 19696 7780.163
1791599452.594 19704 7779.565
1791599452.595 19712 7778.970
1791599452.596 19720 7777.400
1791599452.597 19728 7777.488
1791599452.598 19736 7777.189
1791599452.599 19744 7776.591
1791599452.600 19752 7774.457
1791599452.601 19760 7775.121
1791599452.602 19768 7774.806
1791599452.604 19776 7774.029
1791599452.605 19784 7773.728
1791599452.606 19792 7771.648
1791599452.607 19800 7772.354
1791599452.608 19808 7771.938
1791599452.609 19816 7771.361
1791599452.610 19824 7770.765
1791599452.611 19832 7768.585
1791599452.612 19840 7769.278
1791599452.613 19848 7768.980
1791599452.614 19856 7768.385
1791599452.615 19864 7767.793
1791599452.616 19872 7766.163
1791599452.617 19880 7766.586
1791599452.618 19888 7766.002
1791599452.619 19896 7765.410
1791599452.620 19904 7764.812
1791599452.621 19912 7763.621
1791599452.622 19920 7763.620
1791599452.623 19928 7763.025
1791599452.624 19936 7762.429
1791599452.625 19944 7761.186
1791599452.626 19952 7761.053
1791599452.627 19960 7760.638
1791599452.628 19968 7760.043
1791599452.629 19976 7758.603
1791599452.630 19984 7758.671
1791599452.631 19992 7758.256
1791599452.632 20000 7757.661
1791599452.633 20008 7756.479
1791599452.634 20016 7756.180
1791599452.635 20024 7755.854
1791599452.636 20032 7755.277
1791599452.637 20040 7753.849
1791599452.638 20048 7753.724
1791599452.639 20056 7753.462
1791599452.640 20064 7752.707
1791599452.641 20072 7751.570
1791599452.642 20080 7751.727
1791599452.643 20088 7751.104
1791599452.644 20096 7750.507
1791599452.645 20104 7749.062
1791599452.646 20112 7749.365
1791599452.647 20120 7748.719
1791599452.648 20128 7748.124
1791599452.649 20136 7746.534
1791599452.650 20144 7746.963
1791599452.651 20152 7746.353
1791599452.652 20160 7745.760
1791599452.653 20168 7745.164
1791599452.654 20176 7742.550
1791599452.655 20184 7743.069
1791599452.656 20192 7743.553
1791599452.657 20200 7742.887
1791599452.658 20208 7742.290
1791599452.659 20216 7740.972
1791599452.660 20224 7741.020
1791599452.661 20232 7740.509
1791599452.662 20240 7739.917
1791599452.663 20248 7738.774
1791599452.664 20256 7738.299
1791599452.665 20264 7738.190
1791599452.666 20272 7737.503
1791599452.667 20280 7735.043
1791599452.668 20288 7735.614
1791599452.669 20296 7735.734
1791599452.670 20304 7735.087
1791599452.671 20312 7734.532
1791599452.672 20320 7731.918
1791599452.673 20328 7732.444
1791599452.674 20336 7732.697
1791599452.675 20344 7731.757
1791599452.676 20352 7731.569
1791599452.677 20360 7729.875
1791599452.678 20368 7730.054
1791599452.679 20376 7729.781
1791599452.680 20384 7729.187
1791599452.681 20392 7728.552
1791599452.682 20400 7726.951
1791599452.683 20408 7727.398
1791599452.684 20416 7726.805
1791599452.685 20424 7726.208
1791599452.686 20432 7725.013
1791599452.687 20440 7724.747
1791599452.688 20448 7724.414
1791599452.689 20456 7723.819
1791599452.690 20464 7721.692
1791599452.691 20472 7721.910
1791599452.692 20480 7721.989
1791599452.693 20488 7721.433
1791599452.694 20496 7720.837
1791599452.695 20504 7718.961
1791599452.696 20512 7719.618
1791599452.697 20520 7719.046
1791599452.698 20528 7718.449
1791599452.699 20536 7716.074
1791599452.700 20544 7716.500
1791599452.701 20552 7716.728
1791599452.702 20560 7716.066
1791599452.703 20568 7715.472
1791599452.704 20576 7713.577
1791599452.705 20584 7714.271
1791599452.706 20592 7713.794
1791599452.707 20600 7713.196
1791599452.708 20608 7710.744
1791599452.709 20616 7711.282
1791599452.710 20624 7711.441
1791599452.711 20632 7710.813
1791599452.712 20640 7710.220
1791599452.713 20648 7708.414
1791599452.714 20656 7709.112
1791599452.715 20664 7708.531
1791599452.716 20672 7707.944
1791599452.717 20680 7705.617
1791599452.718 20688 7706.259
1791599452.719 20696 7706.154
1791599452.720 20704 7705.573
1791599452.721 20712 7704.980
1791599452.722 20720 7703.089
1791599452.724 20728 7703.914
1791599452.725 20736 7703.371
1791599452.726 20744 7702.779
1791599452.727 20752 7702.187
1791599452.728 20760 7700.639
1791599452.729 20768 7700.636
1791599452.730 20776 7700.413
1791599452.731 20784 7699.816
1791599452.732 20792 7697.510
1791599452.733 20800 7698.143
1791599452.734 20808 7698.029
1791599452.735 20816 7697.434
1791599452.736 20824 7696.839
1791599452.737 20832 7695.213
1791599452.738 20840 7695.310
1791599452.739 20848 7695.051
1791599452.740 20856 7694.456
1791599452.741 20864 7693.859
1791599452.742 20872 7691.559
1791599452.743 20880 7692.263
1791599452.744 20888 7692.071
1791599452.745 20896 7691.479
1791599452.746 20904 7690.883
1791599452.747 20912 7689.154
1791599452.748 20920 7689.218
1791599452.749 20928 7689.093
1791599452.750 20936 7688.499
1791599452.751 20944 7687.901
1791599452.752 20952 7686.053
1791599452.753 20960 7686.756
1791599452.754 20968 7686.115
1791599452.755 20976 7685.649
1791599452.756 20984 7683.269
1791599452.757 20992 7683.877
1791599452.758 21000 7683.875
1791599452.759 21008 7683.290
1791599452.760 21016 7682.695
1791599452.761 21024 7680.095
1791599452.762 21032 7680.654
1791599452.763 21040 7680.711
1791599452.764 21048 7680.327
1791599452.765 21056 7679.734
1791599452.766 21064 7677.660
1791599452.767 21072 7678.297
1791599452.768 21080 7677.954
1791599452.769 21088 7677.361
1791599452.770 21096 7676.769
1791599452.771 21104 7675.072
1791599452.772 21112 7675.267
1791599452.773 21120 7675.002
1791599452.774 21128 7674.410
1791599452.775 21136 7672.201
1791599452.776 21144 7672.866
1791599452.777 21152 7672.634
1791599452.778 21160 7672.044
1791599452.779 21168 7671.452
1791599452.780 21176 7669.801
1791599452.781 21184 7669.967
1791599452.782 21192 7669.675
1791599452.783 21200 7669.079
1791599452.784 21208 7666.958
1791599452.785 21216 7667.589
1791599452.786 21224 7667.303
1791599452.787 21232 7666.709
1791599452.788 21240 7666.117
1791599452.789 21248 7664.598
1791599452.790 21256 7664.729
1791599452.791 21264 7664.361
1791599452.792 21272 7663.746
1791599452.793 21280 7661.506
1791599452.794 21288 7661.997
1791599452.795 21296 7661.965
1791599452.796 21304 7661.376
1791599452.797 21312 7660.782
1791599452.798 21320 7659.128
1791599452.799 21328 7657.897
1791599452.800 21336 7658.600
1791599452.801 21344 7658.412
1791599452.802 21352 7657.824
1791599452.803 21360 7655.953
1791599452.804 21368 7656.591
1791599452.805 21376 7655.105
1791599452.806 21384 7655.562
1791599452.807 21392 7653.146
1791599452.808 21400 7653.723
1791599452.809 21408 7653.789
1791599452.810 21416 7653.202
1791599452.811 21424 7652.609
1791599452.812 21432 7649.812
1791599452.813 21440 7650.489
1791599452.814 21448 7650.790
1791599452.816 21456 7650.239
1791599452.817 21464 7649.651
1791599452.818 21472 7647.785
1791599452.819 21480 7648.354
1791599452.820 21488 7647.871
1791599452.821 21496 7647.279
1791599452.822 21504 7644.769
1791599452.823 21512 7645.338
1791599452.824 21520 7645.223
1791599452.825 21528 7644.910
1791599452.826 21536 7644.320
1791599452.827 21544 7642.079
1791599452.828 21552 7642.714
1791599452.829 21560 7642.528
1791599452.830 21568 7641.956
1791599452.831 21576 7641.368
1791599452.832 21584 7639.705
1791599452.833 21592 7639.861
1791599452.834 21600 7639.602
1791599452.835 21608 7639.010
1791599452.836 21616 7636.856
1791599452.837 21624 7637.520
1791599452.838 21632 7637.229
1791599452.839 21640 7636.634
1791599452.840 21648 7636.042
1791599452.841 21656 7633.631
1791599452.842 21664 7634.284
1791599452.843 21672 7634.263
1791599452.844 21680 7633.674
1791599452.845 21688 7633.079
1791599452.846 21696 7631.307
1791599452.847 21704 7631.932
1791599452.848 21712 7631.303
1791599452.849 21720 7630.713
1791599452.850 21728 7628.374
1791599452.851 21736 7628.963
1791599452.852 21744 7628.931
1791599452.853 21752 7628.335
1791599452.854 21760 7627.748
1791599452.855 21768 7626.148
1791599452.856 21776 7626.257
1791599452.857 21784 7626.160
1791599452.858 21792 7625.563
1791599452.859 21800 7623.110
1791599452.860 21808 7623.694
1791599452.861 21816 7623.713
1791599452.862 21824 7623.214
1791599452.863 21832 7622.602
1791599452.864 21840 7620.562
1791599452.865 21848 7621.196
1791599452.866 21856 7620.842
1791599452.867 21864 7620.252
1791599452.868 21872 7619.660
1791599452.869 21880 7618.021
1791599452.870 21888 7618.206
1791599452.871 21896 7618.055
1791599452.872 21904 7617.461
1791599452.873 21912 7615.126
1791599452.874 21920 7615.693
1791599452.875 21928 7615.357
1791599452.876 21936 7615.095
1791599452.877 21944 7614.492
1791599452.878 21952 7612.165
1791599452.879 21960 7612.823
1791599452.880 21968 7612.707
1791599452.881 21976 7612.128
1791599452.882 21984 7611.542
1791599452.883 21992 7609.671
1791599452.884 22000 7610.362
1791599452.885 22008 7609.761
1791599452.886 22016 7609.172
1791599452.887 22024 7606.858
1791599452.888 22032 7607.433
1791599452.889 22040 7607.400
1791599452.890 22048 7606.814
1791599452.891 22056 7606.220
1791599452.892 22064 7604.586
1791599452.893 22072 7604.690
1791599452.895 22080 7604.437
1791599452.896 22088 7603.848
1791599452.897 22096 7601.759
1791599452.898 22104 7602.415
1791599452.899 22112 7602.140
1791599452.900 22120 7601.476
1791599452.901 22128 7600.881
1791599452.902 22136 7599.147
1791599452.903 22144 7599.294
1791599452.904 22152 7599.103
1791599452.905 22160 7598.509
1791599452.906 22168 7596.295
1791599452.907 22176 7597.017
1791599452.908 22184 7596.807
1791599452.909 22192 7596.246
1791599452.910 22200 7595.658
1791599452.911 22208 7592.935
1791599452.912 22216 7593.639
1791599452.913 22224 7593.876
1791599452.914 22232 7593.284
1791599452.915 22240 7592.692
1791599452.916 22248 7590.856
1791599452.917 22256 7591.555
1791599452.918 22264 7590.681
1791599452.919 22272 7590.318
1791599452.920 22280 7589.726
1791599452.921 22288 7588.095
1791599452.922 22296 7588.227
1791599452.923 22304 7587.943
1791599452.924 22312 7587.355
1791599452.925 22320 7585.155
1791599452.926 22328 7585.815
1791599452.927 22336 7585.580
1791599452.928 22344 7584.982
1791599452.929 22352 7584.386
1791599452.930 22360 7582.899
1791599452.931 22368 7582.999
1791599452.932 22376 7582.601
1791599452.933 22384 7582.004
1791599452.934 22392 7579.966
1791599452.935 22400 7580.638
1791599452.936 22408 7580.211
1791599452.937 22416 7579.619
1791599452.938 22424 7579.025
1791599452.939 22432 7577.080
1791599452.940 22440 7577.772
1791599452.941 22448 7577.251
1791599452.942 22456 7576.664
1791599452.943 22464 7576.076
1791599452.944 22472 7573.729
1791599452.945 22480 7574.403
1791599452.946 22488 7574.248
1791599452.947 22496 7573.725
1791599452.948 22504 7573.137
1791599452.949 22512 7571.005
1791599452.950 22520 7571.694
1791599452.951 22528 7571.366
1791599452.952 22536 7570.601
1791599452.953 22544 7570.184
1791599452.954 22552 7567.593
1791599452.955 22560 7568.219
1791599452.956 22568 7568.450
1791599452.957 22576 7567.948
1791599452.958 22584 7567.359
1791599452.959 22592 7564.893
1791599452.960 22600 7565.654
1791599452.961 22608 7563.242
1791599452.962 22616 7563.909
1791599452.963 22624 7564.169
1791599452.964 22632 7563.811
1791599452.965 22640 7563.218
1791599452.966 22648 7560.888
1791599452.967 22656 7561.512
1791599452.968 22664 7561.442
1791599452.969 22672 7560.850
1791599452.970 22680 7560.258
1791599452.971 22688 7557.645
1791599452.972 22696 7558.331
1791599452.973 22704 7558.483
1791599452.974 22712 7557.894
1791599452.975 22720 7557.303
1791599452.976 22728 7554.439
1791599452.977 22736 7555.142
1791599452.978 22744 7555.211
1791599452.979 22752 7554.932
1791599452.980 22760 7554.346
1791599452.981 22768 7551.871
1791599452.982 22776 7552.478
1791599452.983 22784 7552.583
1791599452.984 22792 7551.993
1791599452.985 22800 7551.387
1791599452.986 22808 7549.439
1791599452.987 22816 7550.138
1791599452.988 22824 7549.608
1791599452.989 22832 7549.013
1791599452.990 22840 7546.542
1791599452.991 22848 7547.141
1791599452.993 22856 7547.289
1791599452.994 22864 7546.649
1791599452.995 22872 7546.061
1791599452.996 22880 7544.263
1791599452.997 22888 7544.944
1791599452.998 22896 7544.286
1791599452.999 22904 7543.693
1791599453.000 22912 7543.101
1791599453.001 22920 7541.753
1791599453.002 22928 7541.900
1791599453.003 22936 7541.326
1791599453.004 22944 7540.697
1791599453.005 22952 7538.718
1791599453.006 22960 7539.354
1791599453.007 22968 7538.973
1791599453.008 22976 7538.495
1791599453.009 22984 7537.900
1791599453.010 22992 7536.142
1791599453.011 23000 7536.711
1791599453.012 23008 7536.121
1791599453.013 23016 7535.529
1791599453.014 23024 7533.213
1791599453.015 23032 7533.799
1791599453.016 23040 7533.710
1791599453.017 23048 7533.154
1791599453.018 23056 7532.562
1791599453.019 23064 7530.556
1791599453.020 23072 7531.185
1791599453.021 23080 7530.779
1791599453.022 23088 7530.187
1791599453.023 23096 7529.588
1791599453.024 23104 7528.065
1791599453.025 23112 7528.243
1791599453.026 23120 7527.812
1791599453.027 23128 7527.219
1791599453.028 23136 7525.189
1791599453.029 23144 7525.835
1791599453.030 23152 7525.432
1791599453.031 23160 7524.838
1791599453.032 23168 7524.245
1791599453.033 23176 7522.732
1791599453.034 23184 7522.880
1791599453.035 23192 7522.478
1791599453.036 23200 7521.887
1791599453.037 23208 7519.838
1791599453.038 23216 7520.514
1791599453.039 23224 7520.103
1791599453.040 23232 7519.509
1791599453.041 23240 7518.915
1791599453.042 23248 7517.716
1791599453.043 23256 7517.870
1791599453.044 23264 7517.331
1791599453.045 23272 7516.737
1791599453.046 23280 7514.841
1791599453.047 23288 7515.454
1791599453.048 23296 7515.053
1791599453.049 23304 7514.419
1791599453.050 23312 7513.826
1791599453.051 23320 7512.428
1791599453.052 23328 7512.579
1791599453.053 23336 7512.046
1791599453.054 23344 7511.431
1791599453.055 23352 7509.529
1791599453.056 23360 7509.443
1791599453.057 23368 7509.675
1791599453.058 23376 7509.213
1791599453.059 23384 7506.834
1791599453.061 23392 7505.537
1791599453.062 23400 7506.284
1791599453.063 23408 7506.529
1791599453.064 23416 7506.267
1791599453.065 23424 7504.287
1791599453.066 23432 7504.966
1791599453.067 23440 7504.471
1791599453.068 23448 7503.885
1791599453.069 23456 7503.293
1791599453.070 23464 7501.207
1791599453.071 23472 7501.851
1791599453.072 23480 7501.528
1791599453.073 23488 7500.904
1791599453.074 23496 7500.307
1791599453.075 23504 7497.921
1791599453.076 23512 7498.580
1791599453.077 23520 7498.250
1791599453.078 23528 7497.915
1791599453.079 23536 7497.322
1791599453.080 23544 7494.818
1791599453.081 23552 7495.437
1791599453.082 23560 7495.836
1791599453.083 23568 7495.268
1791599453.084 23576 7494.679
1791599453.085 23584 7492.071
1791599453.086 23592 7492.651
1791599453.087 23600 7492.940
1791599453.088 23608 7492.304
1791599453.089 23616 7491.712
1791599453.090 23624 7491.121
1791599453.091 23632 7489.411
1791599453.092 23640 7489.642
1791599453.093 23648 7489.349
1791599453.094 23656 7488.758
1791599453.095 23664 7488.168
1791599453.096 23672 7486.216
1791599453.097 23680 7486.891
1791599453.098 23688 7486.387
1791599453.099 23696 7485.805
1791599453.100 23704 7485.253
1791599453.101 23712 7483.111
1791599453.102 23720 7483.796
1791599453.103 23728 7483.434
1791599453.104 23736 7482.849
1791599453.105 23744 7482.258
1791599453.106 23752 7480.212
1791599453.107 23760 7480.218
1791599453.108 23768 7480.479
1791599453.109 23776 7479.969
1791599453.110 23784 7479.383
1791599453.111 23792 7477.590
1791599453.112 23800 7476.582
1791599453.113 23808 7477.340
1791599453.114 23816 7477.005
1791599453.115 23824 7474.738
1791599453.116 23832 7475.184
1791599453.117 23840 7475.206
1791599453.118 23848 7474.633
1791599453.119 23856 7474.036
1791599453.120 23864 7472.218
1791599453.121 23872 7472.889
1791599453.122 23880 7472.253
1791599453.123 23888 7471.655
1791599453.124 23896 7469.308
1791599453.125 23904 7467.259
1791599453.126 23912 7468.003
1791599453.127 23920 7468.755
1791599453.128 23928 7468.677
1791599453.129 23936 7466.264
1791599453.130 23944 7466.881
1791599453.131 23952 7466.896
1791599453.132 23960 7466.300
1791599453.133 23968 7465.703
1791599453.134 23976 7463.692
1791599453.135 23984 7464.372
1791599453.136 23992 7463.923
1791599453.137 24000 7463.327
1791599453.138 24008 7460.887
1791599453.139 24016 7461.279
1791599453.140 24024 7461.426
1791599453.141 24032 7460.947
1791599453.142 24040 7460.353
1791599453.143 24048 7458.389
1791599453.144 24056 7459.023
1791599453.145 24064 7458.587
1791599453.146 24072 7457.978
1791599453.147 24080 7457.392
1791599453.148 24088 7455.914
1791599453.149 24096 7455.908
1791599453.150 24104 7455.613
1791599453.151 24112 7455.025
1791599453.152 24120 7452.705
1791599453.154 24128 7453.133
1791599453.155 24136 7453.307
1791599453.156 24144 7452.644
1791599453.157 24152 7452.050
1791599453.158 24160 7450.177
1791599453.159 24168 7450.851
1791599453.160 24176 7450.427
1791599453.161 24184 7449.841
1791599453.162 24192 7447.480
1791599453.163 24200 7447.836
1791599453.164 24208 7448.070
1791599453.165 24216 7447.473
1791599453.166 24224 7446.886
1791599453.167 24232 7444.502
1791599453.168 24240 7445.119
1791599453.169 24248 7445.120
1791599453.170 24256 7444.535
1791599453.171 24264 7443.946
1791599453.172 24272 7442.232
1791599453.173 24280 7442.385
1791599453.174 24288 7442.172
1791599453.175 24296 7441.585
1791599453.176 24304 7439.240
1791599453.177 24312 7439.705
1791599453.178 24320 7439.877
1791599453.179 24328 7439.217
1791599453.180 24336 7438.624
1791599453.181 24344 7436.670
1791599453.182 24352 7437.350
1791599453.183 24360 7436.889
1791599453.184 24368 7436.226
1791599453.185 24376 7433.811
1791599453.186 24384 7434.386
1791599453.187 24392 7434.531
1791599453.188 24400 7433.868
1791599453.189 24408 7433.275
1791599453.190 24416 7431.467
1791599453.191 24424 7432.123
1791599453.192 24432 7431.489
1791599453.193 24440 7430.891
1791599453.194 24448 7428.555
1791599453.195 24456 7429.096
1791599453.196 24464 7428.936
1791599453.197 24472 7428.503
1791599453.198 24480 7427.915
1791599453.199 24488 7425.752
1791599453.200 24496 7426.332
1791599453.201 24504 7426.137
1791599453.202 24512 7425.560
1791599453.203 24520 7424.969
1791599453.204 24528 7422.970
1791599453.205 24536 7423.650
1791599453.206 24544 7423.162
1791599453.207 24552 7422.607
1791599453.208 24560 7422.017
1791599453.209 24568 7419.898
1791599453.210 24576 7420.713
1791599453.211 24584 7420.332
1791599453.212 24592 7419.736
1791599453.213 24600 7419.144
1791599453.214 24608 7417.493
1791599453.215 24616 7417.664
1791599453.216 24624 7417.367
1791599453.217 24632 7416.774
1791599453.218 24640 7414.581
1791599453.219 24648 7415.218
1791599453.220 24656 7415.001
1791599453.221 24664 7414.412
1791599453.222 24672 7413.823
1791599453.223 24680 7412.320
1791599453.224 24688 7412.645
1791599453.225 24696 7412.046
1791599453.226 24704 7411.455
1791599453.227 24712 7409.288
1791599453.228 24720 7409.949
1791599453.229 24728 7409.671
1791599453.230 24736 7409.078
1791599453.231 24744 7408.486
1791599453.232 24752 7406.570
1791599453.233 24760 7407.289
1791599453.234 24768 7406.704
1791599453.235 24776 7406.107
1791599453.236 24784 7403.622
1791599453.237 24792 7404.209
1791599453.238 24800 7403.896
1791599453.239 24808 7403.734
1791599453.240 24816 7403.143
1791599453.241 24824 7400.637
1791599453.242 24832 7401.229
1791599453.243 24840 7401.352
1791599453.244 24848 7400.766
1791599453.245 24856 7400.173
1791599453.246 24864 7398.250
1791599453.247 24872 7398.927
1791599453.248 24880 7398.400
1791599453.249 24888 7397.803
1791599453.250 24896 7397.213
1791599453.251 24904 7395.537
1791599453.252 24912 7395.701
1791599453.254 24920 7395.430
1791599453.255 24928 7394.845
1791599453.256 24936 7392.607
1791599453.257 24944 7393.235
1791599453.258 24952 7393.086
1791599453.259 24960 7392.473
1791599453.260 24968 7391.882
1791599453.316 24976 7445.547
1791599453.317 24984 7446.208
1791599453.318 24992 7445.764
1791599453.319 25000 7445.176
1791599453.320 25008 7444.463
1791599453.321 25016 7443.061
1791599453.322 25024 7443.111
1791599453.323 25032 7442.557
1791599453.324 25040 7442.205
1791599453.325 25048 7440.030
1791599453.326 25056 7440.692
1791599453.327 25064 7440.431
1791599453.328 25072 7439.839
1791599453.329 25080 7439.241
1791599453.330 25088 7437.745
1791599453.331 25096 7438.073
1791599453.332 25104 7437.451
1791599453.333 25112 7436.863
1791599453.334 25120 7436.278
1791599453.335 25128 7432.610
1791599453.336 25136 7433.300
1791599453.337 25144 7434.052
1791599453.338 25152 7433.896
1791599453.339 25160 7433.304
1791599453.340 25168 7431.809
1791599453.341 25176 7431.955
1791599453.342 25184 7431.524
1791599453.343 25192 7430.929
1791599453.344 25200 7428.897
1791599453.345 25208 7428.863
1791599453.346 25216 7429.152
1791599453.348 25224 7428.772
1791599453.349 25232 7428.182
1791599453.350 10637 10346.663
1791599453.351 10638 10347.619
1791599453.352 10645 10348.363
1791599453.353 10646 10349.337
1791599453.354 10653 10349.020
1791599453.355 10654 10349.830
1791599453.356 10661 10349.436
1791599453.357 10662 10350.246
1791599453.358 10669 10349.870
1791599453.359 10670 10350.645
1791599453.360 10677 10348.498
1791599453.361 10678 10349.438
1791599453.362 10685 10350.105
1791599453.363 10686 10351.075
1791599453.364 10693 10350.716
1791599453.365 10694 10351.668
1791599453.366 10701 10351.514
1791599453.367 10702 10352.414
1791599453.368 10709 10352.013
1791599453.369 10710 10352.817
1791599453.370 10717 10350.586
1791599453.371 10718 10351.520
1791599453.372 10725 10352.049
1791599453.373 10726 10353.025
1791599453.374 10733 10352.997
1791599453.375 10734 10353.960
1791599453.376 10741 10353.657
1791599453.377 10742 10354.465
1791599453.378 10749 10354.072
1791599453.379 10750 10354.882
1791599453.380 10757 10351.735
1791599453.381 10758 10352.677
1791599453.382 10765 10353.331
1791599453.383 10766 10354.297
1791599453.384 10773 10355.072
1791599453.385 10774 10356.046
1791599453.386 10781 10355.724
1791599453.387 10782 10356.536
1791599453.388 10789 10356.141
1791599453.389 10790 10356.918
1791599453.390 10797 10356.559
1791599453.391 10798 10357.365
1791599453.392 10805 10354.824
1791599453.393 10806 10355.751
1791599453.394 10813 10356.463
1791599453.395 10814 10357.419
1791599453.396 10821 10357.533
1791599453.397 10822 10358.504
1791599453.398 10829 10358.212
1791599453.399 10830 10359.016
1791599453.400 10837 10358.620
1791599453.401 10838 10359.428
1791599453.402 10845 10357.303
1791599453.403 10846 10358.247
1791599453.404 10853 10358.939
1791599453.405 10854 10359.915
1791599453.406 10861 10359.861
1791599453.407 10862 10360.667
1791599453.408 10869 10360.270
1791599453.409 10870 10361.078
1791599453.410 10877 10360.683
1791599453.411 10878 10361.495
1791599453.412 10885 10358.866
1791599453.413 10886 10359.829
1791599453.414 10893 10360.651
1791599453.415 10894 10361.632
1791599453.416 10901 10361.429
1791599453.417 10902 10362.512
1791599453.418 10909 10362.453
1791599453.419 10910 10363.263
1791599453.420 10917 10362.866
1791599453.421 10918 10363.674
1791599453.422 10925 10360.807
1791599453.423 10926 10361.725
1791599453.424 10933 10362.419
1791599453.425 10934 10363.388
1791599453.426 10941 10364.147
1791599453.427 10942 10364.883
1791599453.428 10949 10364.517
1791599453.429 10950 10365.320
1791599453.430 10957 10364.930
1791599453.431 10958 10365.735
1791599453.432 10965 10363.071
1791599453.433 10966 10364.003
1791599453.434 10973 10364.638
1791599453.435 10974 10365.610
1791599453.436 10981 10366.164
1791599453.437 10982 10366.969
1791599453.438 10989 10366.576
1791599453.439 10990 10367.384
1791599453.440 10997 10366.993
1791599453.441 10998 10367.801
1791599453.442 11005 10367.409
1791599453.443 11006 10368.214
1791599453.444 11013 10366.352
1791599453.445 11014 10367.310
1791599453.446 11021 10368.076
1791599453.448 11022 10369.051
1791599453.449 11029 10368.644
1791599453.450 11030 10369.452
1791599453.451 11037 10369.066
1791599453.452 11038 10369.872
1791599453.453 11045 10369.481
1791599453.454 11046 10368.294
1791599453.455 11053 10368.496
1791599453.456 11054 10369.462
1791599453.457 11061 10369.670
1791599453.458 11062 10370.645
1791599453.459 11069 10370.675
1791599453.460 11070 10371.520
1791599453.461 11077 10371.157
1791599453.462 11078 10371.965
1791599453.463 11085 10369.772
1791599453.464 11086 10370.716
1791599453.465 11093 10371.435
1791599453.466 11094 10372.413
1791599453.467 11101 10372.421
1791599453.468 11102 10373.331
1791599453.469 11109 10372.942
1791599453.470 11110 10373.749
1791599453.471 11117 10373.357
1791599453.472 11118 10374.165
1791599453.473 11125 10372.323
1791599453.474 11126 10373.262
1791599453.475 11133 10373.985
1791599453.476 11134 10374.963
1791599453.477 11141 10374.620
1791599453.478 11142 10375.428
1791599453.479 11149 10375.036
1791599453.480 11150 10375.843
1791599453.481 11157 10375.450
1791599453.482 11158 10374.432
1791599453.483 11165 10375.034
1791599453.484 11166 10376.009
1791599453.485 11173 10376.164
1791599453.486 11174 10377.138
1791599453.487 11181 10376.705
1791599453.488 11182 10377.511
1791599453.489 11189 10377.120
1791599453.490 11190 10377.938
1791599453.491 11197 10376.116
1791599453.492 11198 10377.043
1791599453.493 11205 10377.671
1791599453.494 11206 10378.645
1791599453.495 11213 10378.375
1791599453.496 11214 10379.181
1791599453.497 11221 10378.793
1791599453.498 11222 10379.607
1791599453.499 11229 10379.247
1791599453.500 11230 10380.024
1791599453.501 11237 10378.549
1791599453.502 11238 10379.448
1791599453.503 11245 10379.676
1791599453.505 11246 10381.069
1791599453.506 11253 10380.904
1791599453.507 11254 10381.713
1791599453.508 11261 10381.322
1791599453.509 11262 10382.129
1791599453.510 11269 10380.079
1791599453.511 11270 10380.765
1791599453.512 11277 10381.439
1791599453.513 11278 10382.419
1791599453.514 11285 10382.480
1791599453.515 11286 10383.455
1791599453.516 11293 10383.010
1791599453.517 11294 10383.811
1791599453.518 11301 10383.426
1791599453.519 11302 10384.342
1791599453.520 11309 10382.451
1791599453.521 11310 10383.399
1791599453.522 11317 10384.091
1791599453.523 11318 10385.068
1791599453.524 11325 10384.787
1791599453.525 11326 10385.597
1791599453.526 11333 10385.205
1791599453.527 11334 10386.015
1791599453.528 11341 10385.624
1791599453.529 11342 10386.434
1791599453.530 11349 10385.017
1791599453.531 11350 10385.977
1791599453.532 11357 10386.464
1791599453.533 11358 10387.270
1791599453.534 11365 10386.906
1791599453.535 11366 10387.686
1791599453.536 11373 10387.295
1791599453.537 11374 10388.105
1791599453.538 11381 10385.999
1791599453.539 11382 10386.928
1791599453.540 11389 10387.443
1791599453.541 11390 10388.418
1791599453.542 11397 10388.548
1791599453.543 11398 10389.289
1791599453.544 11405 10388.965
1791599453.545 11406 10389.773
1791599453.546 11413 10389.378
1791599453.547 11414 10390.192
1791599453.548 11421 10387.288
1791599453.549 11422 10388.233
1791599453.550 11429 10388.959
1791599453.551 11430 10389.936
1791599453.552 11437 10390.591
1791599453.553 11438 10391.477
1791599453.554 11445 10391.054
1791599453.555 11446 10391.864
1791599453.556 11453 10389.674
1791599453.557 11454 10390.601
1791599453.558 11461 10391.224
1791599453.559 11462 10392.200
1791599453.560 11469 10392.380
1791599453.561 11470 10393.110
1791599453.562 11477 10392.722
1791599453.563 11478 10393.531
1791599453.564 11485 10393.140
1791599453.565 11486 10393.948
1791599453.566 11493 10392.367
1791599453.567 11494 10393.323
1791599453.568 11501 10394.045
1791599453.569 11502 10394.899
1791599453.570 11509 10394.514
1791599453.571 11510 10395.326
1791599453.572 11517 10394.939
1791599453.573 11518 10395.746
1791599453.574 11525 10395.354
1791599453.575 11526 10396.161
1791599453.576 11533 10394.380
1791599453.577 11534 10395.298
1791599453.578 11541 10395.888
1791599453.579 11542 10396.828
1791599453.580 11549 10396.613
1791599453.581 11550 10397.425
1791599453.582 11557 10396.992
1791599453.584 11558 10397.838
1791599453.585 11565 10397.452
1791599453.586 11566 10398.258
1791599453.587 11573 10393.759
1791599453.588 11574 10394.710
1791599453.589 11581 10395.452
1791599453.590 11582 10396.430
1791599453.591 11589 10397.218
1791599453.592 11590 10398.194
1791599453.593 11597 10398.959
1791599453.594 11598 10399.928
1791599453.595 11605 10399.531
1791599453.596 11606 10400.365
1791599453.597 11613 10398.390
1791599453.598 11614 10399.352
1791599453.599 11621 10399.941
1791599453.600 11622 10400.917
1791599453.601 11629 10400.814
1791599453.602 11630 10401.624
1791599453.603 11637 10401.231
1791599453.604 11638 10402.039
1791599453.605 11645 10401.651
1791599453.606 11646 10402.461
1791599453.607 11653 10400.885
1791599453.608 11654 10401.823
1791599453.609 11661 10402.555
1791599453.610 11662 10402.954
1791599453.611 11669 10402.902
1791599453.612 11670 10403.708
1791599453.613 11677 10403.320
1791599453.614 11678 10404.129
1791599453.615 11685 10401.946
1791599453.616 11686 10402.894
1791599453.617 11693 10403.128
1791599453.618 11694 10404.102
1791599453.619 11701 10403.774
1791599453.620 11702 10404.847
1791599453.621 11709 10404.960
1791599453.622 11710 10405.932
1791599453.623 11717 10405.498
1791599453.624 11718 10406.305
1791599453.625 11725 10402.134
1791599453.626 11726 10403.065
1791599453.627 11733 10403.717
1791599453.628 11734 10404.692
1791599453.629 11741 10405.482
1791599453.630 11742 10406.456
1791599453.631 11749 10407.214
1791599453.632 11750 10407.653
1791599453.633 11757 10407.575
1791599453.634 11758 10408.382
1791599453.635 11765 10405.833
1791599453.636 11766 10406.782
1791599453.637 11773 10407.511
1791599453.638 11774 10408.490
1791599453.639 11781 10408.810
1791599453.640 11782 10409.634
1791599453.641 11789 10409.247
1791599453.642 11790 10410.056
1791599453.643 11797 10409.661
1791599453.644 11798 10410.469
1791599453.645 11805 10408.657
1791599453.646 11806 10409.614
1791599453.647 11813 10410.335
1791599453.648 11814 10411.313
1791599453.649 11821 10410.909
1791599453.650 11822 10411.716
1791599453.651 11829 10411.245
1791599453.652 11830 10411.806
1791599453.653 11837 10409.742
1791599453.654 11838 10410.674
1791599453.655 11845 10411.182
1791599453.656 11846 10412.139
1791599453.657 11853 10412.438
1791599453.658 11854 10413.407
1791599453.659 11861 10412.997
1791599453.660 11862 10413.806
1791599453.661 11869 10413.417
1791599453.662 11870 10414.228
1791599453.663 11877 10412.116
1791599453.664 11878 10413.072
1791599453.665 11885 10413.786
1791599453.667 11886 10414.965
1791599453.668 11893 10414.871
1791599453.669 11894 10415.682
1791599453.670 11901 10415.291
1791599453.671 11902 10416.244
1791599453.672 11909 10415.858
1791599453.673 11910 10416.666
1791599453.674 11917 10415.019
1791599453.675 11918 10416.066
1791599453.676 11925 10416.695
1791599453.677 11926 10417.232
1791599453.678 11933 10417.197
1791599453.679 11934 10418.008
1791599453.680 11941 10417.617
1791599453.681 11942 10418.428
1791599453.682 11949 10416.299
1791599453.683 11950 10417.005
1791599453.684 11957 10417.646
1791599453.685 11958 10418.621
1791599453.686 11965 10418.752
1791599453.687 11966 10419.723
1791599453.688 11973 10419.278
1791599453.689 11974 10420.085
1791599453.690 11981 10419.692
1791599453.691 11982 10420.501
1791599453.692 11989 10418.643
1791599453.693 11990 10419.599
1791599453.694 11997 10420.318
1791599453.695 11998 10421.293
1791599453.696 12005 10420.939
1791599453.697 12006 10421.747
1791599453.698 12013 10421.353
1791599453.699 12014 10422.161
1791599453.700 12021 10421.773
1791599453.701 12022 10422.583
1791599453.702 12029 10420.938
1791599453.703 12030 10421.886
1791599453.704 12037 10422.670
1791599453.705 12038 10423.105
1791599453.706 12045 10423.268
1791599453.707 12046 10424.081
1791599453.708 12053 10423.695
1791599453.709 12054 10424.502
1791599453.710 12061 10422.326
1791599453.711 12062 10423.268
1791599453.712 12069 10423.967
1791599453.713 12070 10424.944
1791599453.714 12077 10424.834
1791599453.715 12078 10425.787
1791599453.716 12085 10425.359
1791599453.717 12086 10426.161
1791599453.718 12093 10425.770
1791599453.719 12094 10426.575
1791599453.720 12101 10424.905
1791599453.722 12102 10425.953
1791599453.723 12109 10426.662
1791599453.724 12110 10427.494
1791599453.725 12117 10427.107
1791599453.726 12118 10427.910
1791599453.727 12125 10427.517
1791599453.728 12126 10428.319
1791599453.729 12133 10427.924
1791599453.730 12134 10428.732
1791599453.731 12141 10427.214
1791599453.732 12142 10428.174
1791599453.733 12149 10428.641
1791599453.734 12150 10429.596
1791599453.735 12157 10429.181
1791599453.736 12158 10429.991
1791599453.737 12165 10429.643
1791599453.738 12166 10430.447
1791599453.739 12173 10430.063
1791599453.740 12174 10430.867
1791599453.741 12181 10429.208
1791599453.742 12182 10430.151
1791599453.743 12189 10430.874
1791599453.744 12190 10431.557
1791599453.745 12197 10431.293
1791599453.746 12198 10432.103
1791599453.747 12205 10431.715
1791599453.748 12206 10432.518
1791599453.749 12213 10432.120
1791599453.750 12214 10432.923
1791599453.751 12221 10431.336
1791599453.752 12222 10432.290
1791599453.753 12229 10432.917
1791599453.754 12230 10433.757
1791599453.755 12237 10433.324
1791599453.756 12238 10434.158
1791599453.757 12245 10433.792
1791599453.758 12246 10434.598
1791599453.759 12253 10432.400
1791599453.760 12254 10433.349
1791599453.761 12261 10434.021
1791599453.762 12262 10434.997
1791599453.763 12269 10435.042
1791599453.764 12270 10435.846
1791599453.765 12277 10435.237
1791599453.766 12278 10436.194
1791599453.767 12285 10435.866
1791599453.768 12286 10436.651
1791599453.769 12293 10434.958
1791599453.770 12294 10435.902
1791599453.771 12301 10436.612
1791599453.772 12302 10435.411
1791599453.773 12309 10436.135
1791599453.774 12310 10437.101
1791599453.775 12317 10437.587
1791599453.776 12318 10438.410
1791599453.777 12325 10438.030
1791599453.778 12326 10438.834
1791599453.779 12333 10434.120
1791599453.780 12334 10435.057
1791599453.781 12341 10435.774
1791599453.782 12342 10436.748
1791599453.783 12349 10437.539
1791599453.784 12350 10438.490
1791599453.785 12357 10439.269
1791599453.786 12358 10440.241
1791599453.787 12365 10440.085
1791599453.788 12366 10440.893
1791599453.789 12373 10439.175
1791599453.790 12374 10440.128
1791599453.791 12381 10440.880
1791599453.792 12382 10441.005
1791599453.793 12389 10441.283
1791599453.794 12390 10442.120
1791599453.795 12397 10441.731
1791599453.796 12398 10442.567
1791599453.797 12405 10440.340
1791599453.798 12406 10441.259
1791599453.799 12413 10441.874
1791599453.800 12414 10442.843
1791599453.801 12421 10442.511
1791599453.802 12422 10443.454
1791599453.803 12429 10443.414
1791599453.804 12430 10444.162
1791599453.805 12437 10443.774
1791599453.806 12438 10444.542
1791599453.807 12445 10442.463
1791599453.808 12446 10443.412
1791599453.809 12453 10444.117
1791599453.810 12454 10445.090
1791599453.811 12461 10444.955
1791599453.812 12462 10445.420
1791599453.813 12469 10445.405
1791599453.814 12470 10446.203
1791599453.815 12477 10445.810
1791599453.816 12478 10446.615
1791599453.817 12485 10444.736
1791599453.818 12486 10445.688
1791599453.819 12493 10446.414
1791599453.820 12494 10447.387
1791599453.821 12501 10447.030
1791599453.822 12502 10447.966
1791599453.823 12509 10447.571
1791599453.824 12510 10448.374
1791599453.825 12517 10447.980
1791599453.826 12518 10448.785
1791599453.827 12525 10447.248
1791599453.828 12526 10448.204
1791599453.829 12533 10448.729
1791599453.830 12534 10449.564
1791599453.831 12541 10448.600
1791599453.832 12542 10449.568
1791599453.833 12549 10449.610
1791599453.834 12550 10450.414
1791599453.835 12557 10450.022
1791599453.836 12558 10450.847
1791599453.837 12565 10449.242
1791599453.838 12566 10450.190
1791599453.839 12573 10450.852
1791599453.841 12574 10451.626
1791599453.842 12581 10451.238
1791599453.843 12582 10452.048
1791599453.844 12589 10451.653
1791599453.845 12590 10452.458
1791599453.846 12597 10452.061
1791599453.847 12598 10452.869
1791599453.848 12605 10451.281
1791599453.849 12606 10452.233
1791599453.850 12613 10452.854
1791599453.851 12614 10453.634
1791599453.852 12621 10453.284
1791599453.853 12622 10454.090
1791599453.854 12629 10453.695
1791599453.855 12630 10454.500
1791599453.856 12637 10454.102
1791599453.857 12638 10454.909
1791599453.858 12645 10453.073
1791599453.859 12646 10454.026
1791599453.860 12653 10454.752
1791599453.861 12654 10455.729
1791599453.862 12661 10455.202
1791599453.863 12662 10456.157
1791599453.864 12669 10455.752
1791599453.865 12670 10456.549
1791599453.866 12677 10456.154
1791599453.867 12678 10456.962
1791599453.868 12685 10455.371
1791599453.869 12686 10456.322
1791599453.870 12693 10456.757
1791599453.871 12694 10457.710
1791599453.872 12701 10457.379
1791599453.873 12702 10458.292
1791599453.874 12709 10457.901
1791599453.875 12710 10458.706
1791599453.876 12717 10458.312
1791599453.877 12718 10457.244
1791599453.878 12725 10457.362
1791599453.879 12726 10458.319
1791599453.880 12733 10459.064
1791599453.881 12734 10459.362
1791599453.882 12741 10459.537
1791599453.883 12742 10460.342
1791599453.884 12749 10459.946
1791599453.885 12750 10460.749
1791599453.886 12757 10460.350
1791599453.887 12758 10459.254
1791599453.888 12765 10459.702
1791599453.889 12766 10460.671
1791599453.890 12773 10460.882
1791599453.891 12774 10461.836
1791599453.892 12781 10461.573
1791599453.893 12782 10462.380
1791599453.894 12789 10461.983
1791599453.895 12790 10462.794
1791599453.896 12797 10460.780
1791599453.897 12798 10461.727
1791599453.898 12805 10462.425
1791599453.899 12806 10463.398
1791599453.900 12813 10461.246
1791599453.901 12814 10462.211
1791599453.902 12821 10462.987
1791599453.903 12822 10463.968
1791599453.904 12829 10464.075
1791599453.905 12830 10464.845
1791599453.906 12837 10462.980
1791599453.907 12838 10463.795
1791599453.908 12845 10463.913
1791599453.909 12846 10464.884
1791599453.910 12853 10465.127
1791599453.911 12854 10466.096
1791599453.912 12861 10465.684
1791599453.913 12862 10466.489
1791599453.914 12869 10464.259
1791599453.915 12870 10465.191
1791599453.916 12877 10465.861
1791599453.917 12878 10466.830
1791599453.918 12885 10466.944
1791599453.919 12886 10467.709
1791599453.920 12893 10467.317
1791599453.921 12894 10468.120
1791599453.922 12901 10467.724
1791599453.923 12902 10468.654
1791599453.924 12909 10466.955
1791599453.925 12910 10467.869
1791599453.926 12917 10468.486
1791599453.927 12918 10469.456
1791599453.928 12925 10469.079
1791599453.929 12926 10469.883
1791599453.930 12933 10469.487
1791599453.931 12934 10470.291
1791599453.932 12941 10469.892
1791599453.933 12942 10467.284
1791599453.934 12949 10467.914
1791599453.935 12950 10468.884
1791599453.936 12957 10469.668
1791599453.937 12958 10470.641
1791599453.938 12965 10470.683
1791599453.939 12966 10471.648
1791599453.940 12973 10471.537
1791599453.941 12974 10472.340
1791599453.942 12981 10471.949
1791599453.943 12982 10472.753
1791599453.944 12989 10470.067
1791599453.945 12990 10471.010
1791599453.946 12997 10471.729
1791599453.947 12998 10472.705
1791599453.948 13005 10470.540
1791599453.949 13006 10471.498
1791599453.950 13013 10472.264
1791599453.951 13014 10473.236
1791599453.952 13021 10474.027
1791599453.953 13022 10474.792
1791599453.954 13029 10472.825
1791599453.955 13030 10473.771
1791599453.956 13037 10474.347
1791599453.957 13038 10475.312
1791599453.958 13045 10475.055
1791599453.959 13046 10476.009
1791599453.960 13053 10475.627
1791599453.961 13054 10476.432
1791599453.962 13061 10476.036
1791599453.963 13062 10476.841
1791599453.964 13069 10474.762
1791599453.965 13070 10475.693
1791599453.966 13077 10476.409
1791599453.967 13078 10477.380
1791599453.968 13085 10477.255
1791599453.969 13086 10478.061
1791599453.970 13093 10477.664
1791599453.971 13094 10478.468
1791599453.972 13101 10478.072
1791599453.973 13102 10478.986
1791599453.974 13109 10477.447
1791599453.975 13110 10478.338
1791599453.976 13117 10478.537
1791599453.977 13118 10479.490
1791599453.978 13125 10479.404
1791599453.979 13126 10480.205
1791599453.980 13133 10479.814
1791599453.981 13134 10480.651
1791599453.982 13141 10478.461
1791599453.983 13142 10479.272
1791599453.984 13149 10479.946
1791599453.985 13150 10480.918
1791599453.986 13157 10480.772
1791599453.988 13158 10481.739
1791599453.989 13165 10481.441
1791599453.990 13166 10482.243
1791599453.991 13173 10481.848
1791599453.992 13174 10482.653
1791599453.993 13181 10480.401
1791599453.994 13182 10481.343
1791599453.995 13189 10482.037
1791599453.996 13190 10483.009
1791599453.997 13197 10483.080
1791599453.998 13198 10483.914
1791599453.999 13205 10483.492
1791599454.000 13206 10484.296
1791599454.001 13213 10483.903
1791599454.002 13214 10484.705
1791599454.003 13221 10482.559
1791599454.004 13222 10483.507
1791599454.005 13229 10484.222
1791599454.006 13230 10485.193
1791599454.007 13237 10485.100
1791599454.008 13238 10485.923
1791599454.009 13245 10485.572
1791599454.010 13246 10486.345
1791599454.011 13253 10485.955
1791599454.012 13254 10486.759
1791599454.013 13261 10485.028
1791599454.014 13262 10485.242
1791599454.015 13269 10485.913
1791599454.016 13270 10486.885
1791599454.017 13277 10487.151
1791599454.018 13278 10487.978
1791599454.019 13285 10487.583
1791599454.020 13286 10488.389
1791599454.021 13293 10486.075
1791599454.022 13294 10486.993
1791599454.023 13301 10487.667
1791599454.024 13302 10488.744
1791599454.025 13309 10488.578
1791599454.026 13310 10489.538
1791599454.027 13317 10489.316
1791599454.028 13318 10490.123
1791599454.029 13325 10489.732
1791599454.030 13326 10490.536
1791599454.031 13333 10488.224
1791599454.032 13334 10489.141
1791599454.033 13341 10489.695
1791599454.034 13342 10490.665
1791599454.035 13349 10490.877
1791599454.036 13350 10491.673
1791599454.037 13357 10491.363
1791599454.038 13358 10492.165
1791599454.039 13365 10491.773
1791599454.040 13366 10492.577
1791599454.041 13373 10490.605
1791599454.042 13374 10491.558
1791599454.043 13381 10492.296
1791599454.044 13382 10493.269
1791599454.045 13389 10492.866
1791599454.046 13390 10493.840
1791599454.047 13397 10493.420
1791599454.048 13398 10494.226
1791599454.049 13405 10493.830
1791599454.050 13406 10494.636
1791599454.051 13413 10492.468
1791599454.052 13414 10493.418
1791599454.053 13421 10494.095
1791599454.054 13422 10495.067
1791599454.055 13429 10494.743
1791599454.056 13430 10495.689
1791599454.057 13437 10495.463
1791599454.058 13438 10496.267
1791599454.059 13445 10495.871
1791599454.060 13446 10496.676
1791599454.061 13453 10494.289
1791599454.062 13454 10495.216
1791599454.063 13461 10495.877
1791599454.064 13462 10496.845
1791599454.065 13469 10497.080
1791599454.066 13470 10497.895
1791599454.067 13477 10497.502
1791599454.068 13478 10498.258
1791599454.069 13485 10497.908
1791599454.070 13486 10498.713
1791599454.071 13493 10498.319
1791599454.072 13494 10497.094
1791599454.073 13501 10497.716
1791599454.074 13502 10498.801
1791599454.075 13509 10499.156
1791599454.076 13510 10497.455
1791599454.077 13517 10498.191
1791599454.078 13518 10499.163
1791599454.079 13525 10499.943
1791599454.080 13526 10500.915
1791599454.081 13533 10500.399
1791599454.082 13534 10499.272
1791599454.083 13541 10499.824
1791599454.084 13542 10500.791
1791599454.085 13549 10501.210
1791599454.086 13550 10502.157
1791599454.087 13557 10500.341
1791599454.088 13558 10501.322
1791599454.089 13565 10502.168
1791599454.090 13566 10502.905
1791599454.091 13573 10500.944
1791599454.092 13574 10501.908
1791599454.093 13581 10502.703
1791599454.094 13582 10503.684
1791599454.095 13589 10503.326
1791599454.096 13590 10504.132
1791599454.097 13597 10503.723
1791599454.098 13598 10504.527
1791599454.099 13605 10504.133
1791599454.100 13606 10504.938
1791599454.101 13613 10503.288
1791599454.102 13614 10504.235
1791599454.103 13621 10504.991
1791599454.104 13622 10505.478
1791599454.105 13629 10505.357
1791599454.106 13630 10506.160
1791599454.107 13637 10505.751
1791599454.108 13638 10506.466
1791599454.109 13645 10506.172
1791599454.110 13646 10506.978
1791599454.111 13653 10504.347
1791599454.112 13654 10505.307
1791599454.113 13661 10506.146
1791599454.114 13662 10507.128
1791599454.115 13669 10507.392
1791599454.116 13670 10508.197
1791599454.117 13677 10507.799
1791599454.118 13678 10508.602
1791599454.119 13685 10508.206
1791599454.120 13686 10509.010
1791599454.121 13693 10507.422
1791599454.122 13694 10508.373
1791599454.123 13701 10508.560
1791599454.124 13702 10509.610
1791599454.125 13709 10509.526
1791599454.126 13710 10510.321
1791599454.127 13717 10509.933
1791599454.128 13718 10510.737
1791599454.129 13725 10508.586
1791599454.130 13726 10509.532
1791599454.131 13733 10510.232
1791599454.132 13734 10511.205
1791599454.133 13741 10511.153
1791599454.134 13742 10511.957
1791599454.135 13749 10511.551
1791599454.136 13750 10512.364
1791599454.137 13757 10511.968
1791599454.138 13758 10512.775
1791599454.139 13765 10511.307
1791599454.140 13766 10512.261
1791599454.141 13773 10512.406
1791599454.142 13774 10513.359
1791599454.143 13781 10513.195
1791599454.144 13782 10514.000
1791599454.145 13789 10513.603
1791599454.146 13790 10514.408
1791599454.147 13797 10512.397
1791599454.148 13798 10513.346
1791599454.149 13805 10514.051
1791599454.150 13806 10515.024
1791599454.151 13813 10514.825
1791599454.152 13814 10515.632
1791599454.154 13821 10515.240
1791599454.155 13822 10516.043
1791599454.156 13829 10515.646
1791599454.157 13830 10516.450
1791599454.158 13837 10514.096
1791599454.159 13838 10515.040
1791599454.160 13845 10515.607
1791599454.161 13846 10516.562
1791599454.162 13853 10516.683
1791599454.163 13854 10517.650
1791599454.164 13861 10517.273
1791599454.165 13862 10518.078
1791599454.166 13869 10517.681
1791599454.167 13870 10518.486
1791599454.168 13877 10516.285
1791599454.169 13878 10517.235
1791599454.170 13885 10517.922
1791599454.171 13886 10518.889
1791599454.172 13893 10518.902
1791599454.173 13894 10519.707
1791599454.174 13901 10519.311
1791599454.175 13902 10520.223
1791599454.176 13909 10519.828
1791599454.177 13910 10520.634
1791599454.178 13917 10518.039
1791599454.179 13918 10518.952
1791599454.180 13925 10519.493
1791599454.181 13926 10520.461
1791599454.182 13933 10521.002
1791599454.183 13934 10521.679
1791599454.184 13941 10521.461
1791599454.185 13942 10522.264
1791599454.186 13949 10521.868
1791599454.187 13950 10522.673
1791599454.188 13957 10519.715
1791599454.189 13958 10520.656
1791599454.190 13965 10521.337
1791599454.191 13966 10522.309
1791599454.192 13973 10523.062
1791599454.193 13974 10523.814
1791599454.194 13981 10523.500
1791599454.195 13982 10524.302
1791599454.196 13989 10523.908
1791599454.197 13990 10524.712
1791599454.198 13997 10522.193
1791599454.199 13998 10523.099
1791599454.200 14005 10523.758
1791599454.201 14006 10524.727
1791599454.202 14013 10525.132
1791599454.203 14014 10525.532
1791599454.204 14021 10525.541
1791599454.205 14022 10526.337
1791599454.206 14029 10525.949
1791599454.207 14030 10526.752
1791599454.208 14037 10524.306
1791599454.209 14038 10525.232
1791599454.210 14045 10525.867
1791599454.211 14046 10526.836
1791599454.212 14053 10527.030
1791599454.213 14054 10527.998
1791599454.214 14061 10527.568
1791599454.215 14062 10528.381
1791599454.216 14069 10527.934
1791599454.217 14070 10528.763
1791599454.218 14077 10526.789
1791599454.219 14078 10527.731
1791599454.220 14085 10528.422
1791599454.221 14086 10529.393
1791599454.222 14093 10528.725
1791599454.223 14094 10529.675
1791599454.224 14101 10529.613
1791599454.225 14102 10530.521
1791599454.226 14109 10530.124
1791599454.227 14110 10530.929
1791599454.228 14117 10529.546
1791599454.229 14118 10530.499
1791599454.230 14125 10530.661
1791599454.231 14126 10531.628
1791599454.232 14133 10531.346
1791599454.233 14134 10532.148
1791599454.234 14141 10531.755
1791599454.235 14142 10532.559
1791599454.236 14149 10530.649
1791599454.237 14150 10531.591
1791599454.238 14157 10530.609
1791599454.239 14158 10531.580
1791599454.240 14165 10532.333
1791599454.241 14166 10533.304
1791599454.242 14173 10533.380
1791599454.243 14174 10534.184
1791599454.244 14181 10533.791
1791599454.245 14182 10532.765
1791599454.246 14189 10533.346
1791599454.247 14190 10534.320
1791599454.248 14197 10534.399
1791599454.249 14198 10535.369
1791599454.250 14205 10535.020
1791599454.251 14206 10535.841
1791599454.252 14213 10535.451
1791599454.253 14214 10536.259
1791599454.254 14221 10534.335
1791599454.255 14222 10535.285
1791599454.256 14229 10535.994
1791599454.257 14230 10536.967
1791599454.258 14237 10536.690
1791599454.259 14238 10537.496
1791599454.260 14245 10537.103
1791599454.261 14246 10537.910
1791599454.262 14253 10537.511
1791599454.263 14254 10538.316
1791599454.264 14261 10536.665
1791599454.265 14262 10537.625
1791599454.266 14269 10538.347
1791599454.267 14270 10539.143
1791599454.268 14277 10538.757
1791599454.269 14278 10539.562
1791599454.270 14285 10539.172
1791599454.271 14286 10539.978
1791599454.272 14293 10537.734
1791599454.273 14294 10538.660
1791599454.274 14301 10539.287
1791599454.275 14302 10540.357
1791599454.276 14309 10540.298
1791599454.277 14310 10541.271
1791599454.278 14317 10540.927
1791599454.279 14318 10541.733
1791599454.280 14325 10541.334
1791599454.281 14326 10542.190
1791599454.282 14333 10540.087
1791599454.283 14334 10541.039
1791599454.284 14341 10541.753
1791599454.285 14342 10542.729
1791599454.286 14349 10542.456
1791599454.287 14350 10543.428
1791599454.288 14357 10543.003
1791599454.289 14358 10543.811
1791599454.290 14365 10543.412
1791599454.291 14366 10544.222
1791599454.293 14373 10542.271
1791599454.294 14374 10543.216
1791599454.295 14381 10543.949
1791599454.296 14382 10544.904
1791599454.297 14389 10544.662
1791599454.298 14390 10545.478
1791599454.299 14397 10545.088
1791599454.300 14398 10545.896
1791599454.301 14405 10545.501
1791599454.302 14406 10546.310
1791599454.303 14413 10544.865
1791599454.304 14414 10545.820
1791599454.305 14421 10545.753
1791599454.306 14422 10546.719
1791599454.307 14429 10546.670
1791599454.308 14430 10547.645
1791599454.309 14437 10547.180
1791599454.310 14438 10547.989
1791599454.311 14445 10545.750
1791599454.312 14446 10546.684
1791599454.313 14453 10547.175
1791599454.314 14454 10548.144
1791599454.315 14461 10548.299
1791599454.316 14462 10549.271
1791599454.317 14469 10548.850
1791599454.318 14470 10549.655
1791599454.319 14477 10549.181
1791599454.320 14478 10550.141
1791599454.321 14485 10548.198
1791599454.322 14486 10549.089
1791599454.323 14493 10549.779
1791599454.324 14494 10550.758
1791599454.325 14501 10550.512
1791599454.326 14502 10551.122
1791599454.327 14509 10551.064
1791599454.328 14510 10551.872
1791599454.329 14517 10551.479
1791599454.330 14518 10552.283
1791599454.331 14525 10550.836
1791599454.332 14526 10551.771
1791599454.333 14533 10552.204
1791599454.334 14534 10553.161
1791599454.335 14541 10552.675
1791599454.336 14542 10553.198
1791599454.337 14549 10553.137
1791599454.338 14550 10553.947
1791599454.339 14557 10553.556
1791599454.340 14558 10554.363
1791599454.341 14565 10552.602
1791599454.342 14566 10553.556
1791599454.343 14573 10554.313
1791599454.344 14574 10555.158
1791599454.345 14581 10554.686
1791599454.346 14582 10555.663
1791599454.347 14589 10555.224
1791599454.348 14590 10556.035
1791599454.349 14597 10553.807
1791599454.350 14598 10554.738
1791599454.351 14605 10555.378
1791599454.352 14606 10556.348
1791599454.353 14613 10556.426
1791599454.354 14614 10557.258
1791599454.355 14621 10556.892
1791599454.356 14622 10557.699
1791599454.357 14629 10557.305
1791599454.358 14630 10558.115
1791599454.359 14637 10556.531
1791599454.360 14638 10557.471
1791599454.361 14645 10558.187
1791599454.362 14646 10558.637
1791599454.363 14653 10558.555
1791599454.364 14654 10559.362
1791599454.365 14661 10558.970
1791599454.366 14662 10559.753
1791599454.367 14669 10557.396
1791599454.368 14670 10558.328
1791599454.369 14677 10559.008
1791599454.370 14678 10559.986
1791599454.371 14685 10560.230
1791599454.372 14686 10561.028
1791599454.373 14693 10560.632
1791599454.374 14694 10561.441
1791599454.375 14701 10561.051
1791599454.376 14702 10561.957
1791599454.377 14709 10560.221
1791599454.378 14710 10561.168
1791599454.379 14717 10561.893
1791599454.380 14718 10562.315
1791599454.381 14725 10562.388
1791599454.382 14726 10563.199
1791599454.383 14733 10562.807
1791599454.384 14734 10563.620
1791599454.386 14741 10561.414
1791599454.387 14742 10562.349
1791599454.388 14749 10563.018
1791599454.389 14750 10563.992
1791599454.390 14757 10564.075
1791599454.391 14758 10564.879
1791599454.392 14765 10564.488
1791599454.393 14766 10565.295
1791599454.394 14773 10564.902
1791599454.395 14774 10565.710
1791599454.396 14781 10564.070
1791599454.397 14782 10565.029
1791599454.398 14789 10565.744
1791599454.399 14790 10566.199
1791599454.400 14797 10566.158
1791599454.401 14798 10566.965
1791599454.402 14805 10566.573
1791599454.403 14806 10567.378
1791599454.404 14813 10565.250
1791599454.405 14814 10566.182
1791599454.406 14821 10566.833
1791599454.407 14822 10567.808
1791599454.408 14829 10567.819
1791599454.409 14830 10568.628
1791599454.410 14837 10568.228
1791599454.411 14838 10569.038
1791599454.412 14845 10568.650
1791599454.413 14846 10569.457
1791599454.414 14853 10567.129
1791599454.415 14854 10568.050
1791599454.416 14861 10568.514
1791599454.417 14862 10569.480
1791599454.418 14869 10569.101
1791599454.419 14870 10570.068
1791599454.420 14877 10570.308
1791599454.421 14878 10571.115
1791599454.422 14885 10570.724
1791599454.423 14886 10571.530
1791599454.424 14893 10569.179
1791599454.425 14894 10570.122
1791599454.426 14901 10570.857
1791599454.427 14902 10572.432
1791599454.428 14909 10572.582
1791599454.429 14910 10573.380
1791599454.430 14917 10572.991
1791599454.431 14918 10573.797
1791599454.432 14925 10573.406
1791599454.433 14926 10574.215
1791599454.434 14933 10572.415
1791599454.435 14934 10573.371
1791599454.437 14941 10574.116
1791599454.438 14942 10575.094
1791599454.439 14949 10574.654
1791599454.440 14950 10575.463
1791599454.441 14957 10575.070
1791599454.442 14958 10575.876
1791599454.443 14965 10575.503
1791599454.444 14966 10574.519
1791599454.445 14973 10575.156
1791599454.446 14974 10576.129
1791599454.447 14981 10576.165
1791599454.448 14982 10577.143
1791599454.449 14989 10576.728
1791599454.450 14990 10577.549
1791599454.451 14997 10577.158
1791599454.452 14998 10577.962
1791599454.453 15005 10576.145
1791599454.454 15006 10577.098
1791599454.455 15013 10577.815
1791599454.456 15014 10578.795
1791599454.457 15021 10578.298
1791599454.458 15022 10579.270
1791599454.459 15029 10578.733
1791599454.460 15030 10579.711
1791599454.461 15037 10579.374
1791599454.462 15038 10580.182
1791599454.463 15045 10578.164
1791599454.464 15046 10579.103
1791599454.465 15053 10579.813
1791599454.466 15054 10580.789
1791599454.467 15061 10580.179
1791599454.468 15062 10581.136
1791599454.469 15069 10581.040
1791599454.470 15070 10581.845
1791599454.471 15077 10581.457
1791599454.472 15078 10582.294
1791599454.473 15085 10578.296
1791599454.474 15086 10579.234
1791599454.475 15093 10579.965
1791599454.476 15094 10580.939
1791599454.477 15101 10581.718
1791599454.478 15102 10582.803
1791599454.479 15109 10581.939
1791599454.480 15110 10582.905
1791599454.481 15117 10583.677
1791599454.482 15118 10584.444
1791599454.483 15125 10582.283
1791599454.484 15126 10583.200
1791599454.485 15133 10583.884
1791599454.486 15134 10584.856
1791599454.487 15141 10584.408
1791599454.488 15142 10585.378
1791599454.489 15149 10585.301
1791599454.490 15150 10586.111
1791599454.491 15157 10584.037
1791599454.492 15158 10584.957
1791599454.493 15165 10585.329
1791599454.494 15166 10586.308
1791599454.495 15173 10586.520
1791599454.496 15174 10587.357
1791599454.497 15181 10586.968
1791599454.498 15182 10587.775
1791599454.499 15189 10587.382
1791599454.500 15190 10588.191
1791599454.501 15197 10586.336
1791599454.502 15198 10587.284
1791599454.503 15205 10588.008
1791599454.504 15206 10588.986
1791599454.505 15213 10588.635
1791599454.506 15214 10589.441
1791599454.507 15221 10589.047
1791599454.508 15222 10589.855
1791599454.509 15229 10589.459
1791599454.510 15230 10588.206
1791599454.511 15237 10587.945
1791599454.512 15238 10588.900
1791599454.513 15245 10589.634
1791599454.514 15246 10590.607
1791599454.515 15253 10590.700
1791599454.516 15254 10591.508
1791599454.517 15261 10591.117
1791599454.518 15262 10591.923
1791599454.519 15269 10591.532
1791599454.520 15270 10590.189
1791599454.521 15277 10590.809
1791599454.522 15278 10591.754
1791599454.523 15285 10592.268
1791599454.524 15286 10593.227
1791599454.525 15293 10592.804
1791599454.526 15294 10593.577
1791599454.527 15301 10593.193
1791599454.529 15302 10594.107
1791599454.530 15309 10593.718
1791599454.531 15310 10594.521
1791599454.532 15317 10592.955
1791599454.533 15318 10593.925
1791599454.534 15325 10594.540
1791599454.535 15326 10595.344
1791599454.536 15333 10594.982
1791599454.537 15334 10595.793
1791599454.538 15341 10595.402
1791599454.539 15342 10596.213
1791599454.540 15349 10595.813
1791599454.541 15350 10596.630
1791599454.542 15357 10592.459
1791599454.543 15358 10593.390
1791599454.544 15365 10592.625
1791599454.545 15366 10593.590
1791599454.546 15373 10594.365
1791599454.547 15374 10595.340
1791599454.548 15381 10596.107
1791599454.549 15382 10597.083
1791599454.550 15389 10597.863
1791599454.551 15390 10596.130
1791599454.552 15397 10596.728
1791599454.553 15398 10597.698
1791599454.554 15405 10598.485
1791599454.555 15406 10599.463
1791599454.556 15413 10599.182
1791599454.557 15414 10599.950
1791599454.558 15421 10599.554
1791599454.559 15422 10600.362
1791599454.560 15429 10599.972
1791599454.561 15430 10600.783
1791599454.562 15437 10599.278
1791599454.563 15438 10600.201
1791599454.564 15445 10599.236
1791599454.565 15446 10600.182
1791599454.566 15453 10600.948
1791599454.567 15454 10602.122
1791599454.568 15461 10601.840
1791599454.569 15462 10602.650
1791599454.570 15469 10600.410
1791599454.571 15470 10601.344
1791599454.572 15477 10601.882
1791599454.573 15478 10602.854
1791599454.574 15485 10603.086
1791599454.575 15486 10603.900
1791599454.576 15493 10603.573
1791599454.577 15494 10604.306
1791599454.578 15501 10603.927
1791599454.579 15502 10604.838
1791599454.580 15509 10602.550
1791599454.581 15510 10603.494
1791599454.582 15517 10604.181
1791599454.583 15518 10605.153
1791599454.584 15525 10604.845
1791599454.585 15526 10605.801
1791599454.586 15533 10605.679
1791599454.587 15534 10606.488
1791599454.588 15541 10606.099
1791599454.589 15542 10606.907
1791599454.590 15549 10604.638
1791599454.591 15550 10605.585
1791599454.592 15557 10606.283
1791599454.593 15558 10607.262
1791599454.594 15565 10607.353
1791599454.595 15566 10607.769
1791599454.596 15573 10607.753
1791599454.597 15574 10608.561
1791599454.598 15581 10608.166
1791599454.599 15582 10608.973
1791599454.600 15589 10606.407
1791599454.601 15590 10607.341
1791599454.602 15597 10608.014
1791599454.603 15598 10608.984
1791599454.604 15605 10609.465
1791599454.605 15606 10610.200
1791599454.606 15613 10609.881
1791599454.607 15614 10610.619
1791599454.609 15621 10610.237
1791599454.610 15622 10611.048
1791599454.611 15629 10608.755
1791599454.612 15630 10609.700
1791599454.613 15637 10610.393
1791599454.614 15638 10611.368
1791599454.615 15645 10611.066
1791599454.616 15646 10612.022
1791599454.617 15653 10611.941
1791599454.618 15654 10612.714
1791599454.619 15661 10612.316
1791599454.620 15662 10613.119
1791599454.621 15669 10610.772
1791599454.622 15670 10611.718
1791599454.623 15677 10612.237
1791599454.624 15678 10613.204
1791599454.625 15685 10613.534
1791599454.626 15686 10614.361
1791599454.627 15693 10613.972
1791599454.628 15694 10614.790
1791599454.629 15701 10614.399
1791599454.630 15702 10615.319
1791599454.631 15709 10613.014
1791599454.632 15710 10613.971
1791599454.633 15717 10614.663
1791599454.634 15718 10615.635
1791599454.635 15725 10615.752
1791599454.636 15726 10616.519
1791599454.637 15733 10616.167
1791599454.638 15734 10616.974
1791599454.639 15741 10616.100
1791599454.640 15742 10617.079
1791599454.641 15749 10615.536
1791599454.642 15750 10616.490
1791599454.643 15757 10617.202
1791599454.644 15758 10618.176
1791599454.645 15765 10617.829
1791599454.646 15766 10618.643
1791599454.647 15773 10618.288
1791599454.648 15774 10619.107
1791599454.649 15781 10618.664
1791599454.650 15782 10619.468
1791599454.651 15789 10618.025
1791599454.652 15790 10618.984
1791599454.653 15797 10619.274
1791599454.654 15798 10620.241
1791599454.655 15805 10619.900
1791599454.656 15806 10620.704
1791599454.657 15813 10620.305
1791599454.658 15814 10621.111
1791599454.659 15821 10620.722
1791599454.660 15822 10619.599
1791599454.661 15829 10620.199
1791599454.662 15830 10621.168
1791599454.663 15837 10621.551
1791599454.664 15838 10622.352
1791599454.665 15845 10621.929
1791599454.666 15846 10622.755
1791599454.667 15853 10622.437
1791599454.668 15854 10623.169
1791599454.669 15861 10621.072
1791599454.670 15862 10622.021
1791599454.671 15869 10622.738
1791599454.672 15870 10623.714
1791599454.673 15877 10623.564
1791599454.674 15878 10624.388
1791599454.675 15885 10624.029
1791599454.676 15886 10624.839
1791599454.677 15893 10624.444
1791599454.678 15894 10625.250
1791599454.679 15901 10623.197
1791599454.680 15902 10624.227
1791599454.681 15909 10624.971
1791599454.682 15910 10625.947
1791599454.683 15917 10625.736
1791599454.684 15918 10626.550
1791599454.685 15925 10626.176
1791599454.686 15926 10626.980
1791599454.687 15933 10626.584
1791599454.688 15934 10627.385
1791599454.689 15941 10625.443
1791599454.690 15942 10626.399
1791599454.691 15949 10627.146
1791599454.692 15950 10628.122
1791599454.693 15957 10627.811
1791599454.694 15958 10628.637
1791599454.695 15965 10628.248
1791599454.696 15966 10629.057
1791599454.697 15973 10628.667
1791599454.698 15974 10629.476
1791599454.699 15981 10627.384
1791599454.700 15982 10628.325
1791599454.701 15989 10629.068
1791599454.702 15990 10630.042
1791599454.703 15997 10629.905
1791599454.704 15998 10630.712
1791599454.705 16005 10630.319
1791599454.706 16006 10631.129
1791599454.707 16013 10630.733
1791599454.708 16014 10631.537
1791599454.709 16021 10629.960
1791599454.710 16022 10630.918
1791599454.711 16029 10631.375
1791599454.712 16030 10632.351
1791599454.713 16037 10631.985
1791599454.714 16038 10632.819
1791599454.715 16045 10632.399
1791599454.716 16046 10633.209
1791599454.717 16053 10630.982
1791599454.718 16054 10631.905
1791599454.719 16061 10632.358
1791599454.721 16062 10633.319
1791599454.722 16069 10633.522
1791599454.723 16070 10634.496
1791599454.724 16077 10634.070
1791599454.725 16078 10634.876
1791599454.726 16085 10634.483
1791599454.727 16086 10635.288
1791599454.728 16093 10633.486
1791599454.729 16094 10634.441
1791599454.730 16101 10635.189
1791599454.731 16102 10636.298
1791599454.732 16109 10635.862
1791599454.733 16110 10636.669
1791599454.734 16117 10636.276
1791599454.735 16118 10637.082
1791599454.736 16125 10636.691
1791599454.737 16126 10637.495
1791599454.738 16133 10635.058
1791599454.739 16134 10636.005
1791599454.740 16141 10636.729
1791599454.741 16142 10637.705
1791599454.742 16149 10637.911
1791599454.743 16150 10638.740
1791599454.744 16157 10638.351
1791599454.745 16158 10639.157
1791599454.746 16165 10638.768
1791599454.747 16166 10639.575
1791599454.748 16173 10637.220
1791599454.749 16174 10638.163
1791599454.750 16181 10638.762
1791599454.751 16182 10639.739
1791599454.752 16189 10639.992
1791599454.753 16190 10640.832
1791599454.754 16197 10640.445
1791599454.755 16198 10641.258
1791599454.756 16205 10640.869
1791599454.757 16206 10641.679
1791599454.758 16213 10639.205
1791599454.759 16214 10640.152
1791599454.760 16221 10640.871
1791599454.761 16222 10641.847
1791599454.762 16229 10642.094
1791599454.763 16230 10642.922
1791599454.764 16237 10642.531
1791599454.765 16238 10643.341
1791599454.766 16245 10642.951
1791599454.767 16246 10643.762
1791599454.768 16253 10641.926
1791599454.769 16254 10642.877
1791599454.770 16261 10643.603
1791599454.771 16262 10644.575
1791599454.772 16269 10644.200
1791599454.773 16270 10645.009
1791599454.774 16277 10644.613
1791599454.775 16278 10645.425
1791599454.776 16285 10645.040
1791599454.777 16286 10645.851
1791599454.778 16293 10644.084
1791599454.779 16294 10645.017
1791599454.780 16301 10645.792
1791599454.781 16302 10646.319
1791599454.782 16309 10646.392
1791599454.783 16310 10647.202
1791599454.784 16317 10646.812
1791599454.785 16318 10647.706
1791599454.786 16325 10645.412
1791599454.787 16326 10646.336
1791599454.788 16333 10646.952
1791599454.789 16334 10647.914
1791599454.790 16341 10648.033
1791599454.791 16342 10649.003
1791599454.792 16349 10648.562
1791599454.793 16350 10649.369
1791599454.794 16357 10648.981
1791599454.795 16358 10649.791
1791599454.796 16365 10647.914
1791599454.797 16366 10648.800
1791599454.798 16373 10649.445
1791599454.799 16374 10650.425
1791599454.801 16381 10649.273
1791599454.802 16382 10650.243
1791599454.803 16389 10650.657
1791599454.804 16390 10651.464
1791599454.805 16397 10651.076
1791599454.806 16398 10651.882
1791599454.807 16405 10650.572
1791599454.808 16406 10651.531
1791599454.809 16413 10651.737
1791599454.810 16414 10652.710
1791599454.811 16421 10652.328
1791599454.812 16422 10653.152
1791599454.813 16429 10652.761
1791599454.814 16430 10653.566
1791599454.815 16437 10651.202
1791599454.816 16438 10652.151
1791599454.817 16445 10652.849
1791599454.818 16446 10653.826
1791599454.819 16453 10653.967
1791599454.820 16454 10654.800
1791599454.821 16461 10654.432
1791599454.822 16462 10655.238
1791599454.823 16469 10654.846
1791599454.824 16470 10655.655
1791599454.825 16477 10653.958
1791599454.826 16478 10654.903
1791599454.827 16485 10655.504
1791599454.828 16486 10656.479
1791599454.829 16493 10655.861
1791599454.830 16494 10656.836
1791599454.831 16501 10656.514
1791599454.832 16502 10657.430
1791599454.833 16509 10657.041
1791599454.834 16510 10657.849
1791599454.835 16517 10656.253
1791599454.836 16518 10657.204
1791599454.837 16525 10657.819
1791599454.838 16526 10658.641
1791599454.839 16533 10658.285
1791599454.840 16534 10659.095
1791599454.841 16541 10658.698
1791599454.842 16542 10659.502
1791599454.843 16549 10659.106
1791599454.844 16550 10657.871
1791599454.845 16557 10658.496
1791599454.846 16558 10659.474
1791599454.847 16565 10659.928
1791599454.848 16566 10660.312
1791599454.849 16573 10660.341
1791599454.850 16574 10661.149
1791599454.851 16581 10660.758
1791599454.852 16582 10661.565
1791599454.853 16589 10660.301
1791599454.854 16590 10661.278
1791599454.855 16597 10659.626
1791599454.856 16598 10660.575
1791599454.857 16605 10661.260
1791599454.858 16606 10662.235
1791599454.859 16613 10662.057
1791599454.860 16614 10663.021
1791599454.861 16621 10662.834
1791599454.862 16622 10663.641
1791599454.863 16629 10663.244
1791599454.864 16630 10664.046
1791599454.865 16637 10661.839
1791599454.866 16638 10662.788
1791599454.867 16645 10663.470
1791599454.868 16646 10664.447
1791599454.869 16653 10664.503
1791599454.870 16654 10664.957
1791599454.871 16661 10664.896
1791599454.872 16662 10665.701
1791599454.873 16669 10665.309
1791599454.874 16670 10666.116
1791599454.875 16677 10663.778
1791599454.876 16678 10664.726
1791599454.877 16685 10665.266
1791599454.878 16686 10666.236
1791599454.879 16693 10666.484
1791599454.880 16694 10667.262
1791599454.881 16701 10666.962
1791599454.882 16702 10667.887
1791599454.883 16709 10667.501
1791599454.884 16710 10668.307
1791599454.885 16717 10666.337
1791599454.886 16718 10667.297
1791599454.887 16725 10668.038
1791599454.888 16726 10669.020
1791599454.889 16733 10668.727
1791599454.890 16734 10669.414
1791599454.891 16741 10669.177
1791599454.892 16742 10669.985
1791599454.893 16749 10669.599
1791599454.894 16750 10670.408
1791599454.895 16757 10668.929
1791599454.896 16758 10669.857
1791599454.897 16765 10670.133
1791599454.899 16766 10671.078
1791599454.900 16773 10670.849
1791599454.901 16774 10671.658
1791599454.902 16781 10671.263
1791599454.903 16782 10672.069
1791599454.904 16789 10671.679
1791599454.905 16790 10670.537
1791599454.906 16797 10670.519
1791599454.907 16798 10671.492
1791599454.908 16805 10672.277
1791599454.909 16806 10673.252
1791599454.910 16813 10672.916
1791599454.911 16814 10673.724
1791599454.912 16821 10673.331
1791599454.913 16822 10674.155
1791599454.914 16829 10673.765
1791599454.915 16830 10672.659
1791599454.916 16837 10673.219
1791599454.917 16838 10674.193
1791599454.918 16845 10674.449
1791599454.919 16846 10675.417
1791599454.920 16853 10675.004
1791599454.921 16854 10675.823
1791599454.922 16861 10675.432
1791599454.923 16862 10676.241
1791599454.924 16869 10674.190
1791599454.925 16870 10675.139
1791599454.926 16877 10675.802
1791599454.927 16878 10676.774
1791599454.928 16885 10676.546
1791599454.929 16886 10677.519
1791599454.930 16893 10677.093
1791599454.931 16894 10677.897
1791599454.932 16901 10677.506
1791599454.933 16902 10678.413
1791599454.934 16909 10676.241
1791599454.935 16910 10677.184
1791599454.936 16917 10677.901
1791599454.937 16918 10678.878
1791599454.938 16925 10678.819
1791599454.939 16926 10679.654
1791599454.940 16933 10679.269
1791599454.941 16934 10680.075
1791599454.942 16941 10679.680
1791599454.943 16942 10680.490
1791599454.944 16949 10678.787
1791599454.945 16950 10679.746
1791599454.946 16957 10680.474
1791599454.947 16958 10680.876
1791599454.948 16965 10680.928
1791599454.949 16966 10681.734
1791599454.950 16973 10681.344
1791599454.951 16974 10682.150
1791599454.952 16981 10679.954
1791599454.953 16982 10680.889
1791599454.954 16989 10681.362
1791599454.955 16990 10682.317
1791599454.956 16997 10680.295
1791599454.957 16998 10681.265
1791599454.958 17005 10682.046
1791599454.959 17006 10683.023
1791599454.960 17013 10683.402
1791599454.961 17014 10684.223
1791599454.962 17021 10682.227
1791599454.963 17022 10683.179
1791599454.964 17029 10683.914
1791599454.965 17030 10684.891
1791599454.966 17037 10684.660
1791599454.967 17038 10685.466
1791599454.968 17045 10685.073
1791599454.969 17046 10685.879
1791599454.970 17053 10685.487
1791599454.971 17054 10686.297
1791599454.972 17061 10684.337
1791599454.973 17062 10685.298
1791599454.974 17069 10686.040
1791599454.975 17070 10687.014
1791599454.976 17077 10686.735
1791599454.977 17078 10687.544
1791599454.978 17085 10687.149
1791599454.979 17086 10687.956
1791599454.980 17093 10687.566
1791599454.981 17094 10688.383
1791599454.982 17101 10686.666
1791599454.983 17102 10687.709
1791599454.984 17109 10688.467
1791599454.985 17110 10689.282
1791599454.986 17117 10688.826
1791599454.987 17118 10689.795
1791599454.988 17125 10689.331
1791599454.989 17126 10690.138
1791599454.990 17133 10689.746
1791599454.991 17134 10688.570
1791599454.992 17141 10689.193
1791599454.993 17142 10690.169
1791599454.994 17149 10690.550
1791599454.995 17150 10691.378
1791599454.996 17157 10690.990
1791599454.997 17158 10691.800
1791599454.998 17165 10691.412
1791599454.999 17166 10692.216
1791599455.000 17173 10690.054
1791599455.001 17174 10691.002
1791599455.003 17181 10691.679
1791599455.004 17182 10692.655
1791599455.005 17189 10692.337
1791599455.006 17190 10693.303
1791599455.007 17197 10693.054
1791599455.008 17198 10693.872
1791599455.009 17205 10693.243
1791599455.010 17206 10694.216
1791599455.011 17213 10691.594
1791599455.012 17214 10692.538
1791599455.013 17221 10693.222
1791599455.014 17222 10694.197
1791599455.015 17229 10694.201
1791599455.016 17230 10695.172
1791599455.017 17237 10695.161
1791599455.018 17238 10695.970
1791599455.019 17245 10695.577
1791599455.020 17246 10696.385
1791599455.021 17253 10694.964
1791599455.022 17254 10695.897
1791599455.023 17261 10696.289
1791599455.024 17262 10697.235
1791599455.025 17269 10696.824
1791599455.026 17270 10697.633
1791599455.027 17277 10697.242
1791599455.028 17278 10698.050
1791599455.029 17285 10697.656
1791599455.030 17286 10698.460
1791599455.031 17293 10697.515
1791599455.032 17294 10697.967
1791599455.033 17301 10698.482
1791599455.034 17302 10699.383
1791599455.035 17309 10698.995
1791599455.036 17310 10699.802
1791599455.037 17317 10699.406
1791599455.038 17318 10700.213
1791599455.039 17325 10698.863
1791599455.040 17326 10699.794
1791599455.041 17333 10700.072
1791599455.042 17334 10701.050
1791599455.043 17341 10700.647
1791599455.044 17342 10701.451
1791599455.045 17349 10701.055
1791599455.046 17350 10701.867
1791599455.047 17357 10699.876
1791599455.048 17358 10700.792
1791599455.049 17365 10701.458
1791599455.050 17366 10702.431
1791599455.051 17373 10702.303
1791599455.052 17374 10703.107
1791599455.053 17381 10702.719
1791599455.054 17382 10703.527
1791599455.055 17389 10703.135
1791599455.056 17390 10703.942
1791599455.057 17397 10702.139
1791599455.058 17398 10703.095
1791599455.059 17405 10703.873
1791599455.060 17406 10704.667
1791599455.061 17413 10704.329
1791599455.062 17414 10705.147
1791599455.063 17421 10704.786
1791599455.064 17422 10705.594
1791599455.065 17429 10702.227
1791599455.066 17430 10703.172
1791599455.067 17437 10703.856
1791599455.068 17438 10704.837
1791599455.069 17445 10705.622
1791599455.070 17446 10706.597
1791599455.071 17453 10706.436
1791599455.072 17454 10707.226
1791599455.073 17461 10706.846
1791599455.074 17462 10707.329
1791599455.075 17469 10706.159
1791599455.076 17470 10707.137
1791599455.077 17477 10705.484
1791599455.078 17478 10706.407
1791599455.079 17485 10707.068
1791599455.080 17486 10708.039
1791599455.081 17493 10708.511
1791599455.082 17494 10709.312
1791599455.083 17501 10708.916
1791599455.084 17502 10709.817
1791599455.085 17509 10709.412
1791599455.086 17510 10710.231
1791599455.087 17517 10705.485
1791599455.088 17518 10706.415
1791599455.089 17525 10707.051
1791599455.090 17526 10708.018
1791599455.091 17533 10708.762
1791599455.092 17534 10709.710
1791599455.093 17541 10710.448
1791599455.094 17542 10711.415
1791599455.095 17549 10709.567
1791599455.096 17550 10710.535
1791599455.097 17557 10711.303
1791599455.098 17558 10712.275
1791599455.099 17565 10711.071
1791599455.100 17566 10712.040
1791599455.101 17573 10712.742
1791599455.102 17574 10710.922
1791599455.103 17581 10711.419
1791599455.104 17582 10712.388
1791599455.105 17589 10713.168
1791599455.106 17590 10714.146
1791599455.107 17597 10713.994
1791599455.108 17598 10714.712
1791599455.109 17605 10714.397
1791599455.110 17606 10715.201
1791599455.111 17613 10714.806
1791599455.112 17614 10715.612
1791599455.113 17621 10713.608
1791599455.114 17622 10714.564
1791599455.116 17629 10715.300
1791599455.117 17630 10716.274
1791599455.118 17637 10715.749
1791599455.119 17638 10716.708
1791599455.120 17645 10716.455
1791599455.121 17646 10717.262
1791599455.122 17653 10716.869
1791599455.123 17654 10717.680
1791599455.124 17661 10715.498
1791599455.125 17662 10716.447
1791599455.126 17669 10717.159
1791599455.127 17670 10718.134
1791599455.128 17677 10718.099
1791599455.129 17678 10718.860
1791599455.130 17685 10717.488
1791599455.131 17686 10718.455
1791599455.132 17693 10718.954
1791599455.133 17694 10719.760
1791599455.134 17701 10717.037
1791599455.135 17702 10718.048
1791599455.136 17709 10718.698
1791599455.137 17710 10719.681
1791599455.138 17717 10719.896
1791599455.139 17718 10720.848
1791599455.140 17725 10720.724
1791599455.141 17726 10721.524
1791599455.142 17733 10721.132
1791599455.143 17734 10721.938
1791599455.144 17741 10719.772
1791599455.145 17742 10720.685
1791599455.146 17749 10721.194
1791599455.147 17750 10722.162
1791599455.148 17757 10720.570
1791599455.149 17758 10721.521
1791599455.150 17765 10722.303
1791599455.151 17766 10723.280
1791599455.152 17773 10723.209
1791599455.153 17774 10724.041
1791599455.154 17781 10722.320
1791599455.155 17782 10723.252
1791599455.156 17789 10723.982
1791599455.157 17790 10724.419
1791599455.158 17797 10724.443
1791599455.159 17798 10725.255
1791599455.160 17805 10724.865
1791599455.161 17806 10725.669
1791599455.162 17813 10723.507
1791599455.163 17814 10723.983
1791599455.164 17821 10724.594
1791599455.165 17822 10725.563
1791599455.166 17829 10725.806
1791599455.167 17830 10726.778
1791599455.168 17837 10726.518
1791599455.169 17838 10727.314
1791599455.170 17845 10726.925
1791599455.171 17846 10727.730
1791599455.172 17853 10725.724
1791599455.173 17854 10726.668
1791599455.174 17861 10727.038
1791599455.175 17862 10728.013
1791599455.176 17869 10728.163
1791599455.177 17870 10728.969
1791599455.178 17877 10728.573
1791599455.179 17878 10729.278
1791599455.180 17885 10728.984
1791599455.181 17886 10729.800
1791599455.182 17893 10728.393
1791599455.183 17894 10729.349
1791599455.184 17901 10729.825
1791599455.185 17902 10730.720
1791599455.186 17909 10730.325
1791599455.187 17910 10731.130
1791599455.188 17917 10730.743
1791599455.189 17918 10731.554
1791599455.190 17925 10731.162
1791599455.191 17926 10731.968
1791599455.192 17933 10729.803
1791599455.193 17934 10730.751
1791599455.194 17941 10731.494
1791599455.195 17942 10732.468
1791599455.196 17949 10732.393
1791599455.197 17950 10733.202
1791599455.198 17957 10732.811
1791599455.199 17958 10733.615
1791599455.200 17965 10733.222
1791599455.201 17966 10734.029
1791599455.202 17973 10732.267
1791599455.203 17974 10733.226
1791599455.204 17981 10734.006
1791599455.205 17982 10734.398
1791599455.206 17989 10734.466
1791599455.207 17990 10735.270
1791599455.208 17997 10734.880
1791599455.209 17998 10735.713
1791599455.210 18005 10733.389
1791599455.211 18006 10733.846
1791599455.212 18013 10734.426
1791599455.213 18014 10735.400
1791599455.214 18021 10736.179
1791599455.215 18022 10736.592
1791599455.216 18029 10736.529
1791599455.217 18030 10737.336
1791599455.218 18037 10736.944
1791599455.219 18038 10737.754
1791599455.220 18045 10735.481
1791599455.221 18046 10736.417
1791599455.222 18053 10737.071
1791599455.223 18054 10738.045
1791599455.224 18061 10738.105
1791599455.225 18062 10738.948
1791599455.226 18069 10738.612
1791599455.227 18070 10739.420
1791599455.228 18077 10739.017
1791599455.229 18078 10739.833
1791599455.231 18085 10738.009
1791599455.232 18086 10738.964
1791599455.233 18093 10739.677
1791599455.234 18094 10740.652
1791599455.235 18101 10740.271
1791599455.236 18102 10741.193
1791599455.237 18109 10740.800
1791599455.238 18110 10741.604
1791599455.239 18117 10741.206
1791599455.240 18118 10740.269
1791599455.241 18125 10740.433
1791599455.242 18126 10741.410
1791599455.243 18133 10741.635
1791599455.244 18134 10742.591
1791599455.245 18141 10742.455
1791599455.246 18142 10743.256
1791599455.247 18149 10742.860
1791599455.248 18150 10743.666
1791599455.249 18157 10741.572
1791599455.250 18158 10742.513
1791599455.251 18165 10743.021
1791599455.252 18166 10744.000
1791599455.253 18173 10744.147
1791599455.254 18174 10744.714
1791599455.255 18181 10744.537
1791599455.256 18182 10745.340
1791599455.257 18189 10744.942
1791599455.258 18190 10745.751
1791599455.259 18197 10743.560
1791599455.260 18198 10744.505
1791599455.261 18205 10745.153
1791599455.262 18206 10746.125
1791599455.263 18213 10746.244
1791599455.264 18214 10746.990
1791599455.265 18221 10746.599
1791599455.266 18222 10747.413
1791599455.267 18229 10747.022
1791599455.268 18230 10747.843
1791599455.269 18237 10746.133
1791599455.270 18238 10747.082
1791599455.271 18245 10747.814
1791599455.272 18246 10748.206
1791599455.273 18253 10748.268
1791599455.274 18254 10749.080
1791599455.275 18261 10748.691
1791599455.276 18262 10749.501
1791599455.277 18269 10749.114
1791599455.278 18270 10748.105
1791599455.279 18277 10748.424
1791599455.280 18278 10749.397
1791599455.281 18285 10749.644
1791599455.282 18286 10750.606
1791599455.283 18293 10750.341
1791599455.284 18294 10751.144
1791599455.285 18301 10750.749
1791599455.286 18302 10751.653
1791599455.287 18309 10749.626
1791599455.288 18310 10750.577
1791599455.289 18317 10751.251
1791599455.290 18318 10752.228
1791599455.291 18325 10752.090
1791599455.292 18326 10752.898
1791599455.293 18333 10752.461
1791599455.294 18334 10753.289
1791599455.295 18341 10752.917
1791599455.296 18342 10753.731
1791599455.297 18349 10752.337
1791599455.298 18350 10753.286
1791599455.299 18357 10753.482
1791599455.300 18358 10754.446
1791599455.301 18365 10754.157
1791599455.302 18366 10754.965
1791599455.303 18373 10754.567
1791599455.304 18374 10755.377
1791599455.305 18381 10754.987
1791599455.306 18382 10753.815
1791599455.307 18389 10754.414
1791599455.308 18390 10755.389
1791599455.309 18397 10755.609
1791599455.310 18398 10756.581
1791599455.311 18405 10756.222
1791599455.312 18406 10757.041
1791599455.313 18413 10756.649
1791599455.314 18414 10757.455
1791599455.315 18421 10755.132
1791599455.316 18422 10756.069
1791599455.317 18429 10756.752
1791599455.318 18430 10757.700
1791599455.319 18437 10757.868
1791599455.320 18438 10758.732
1791599455.321 18445 10758.306
1791599455.322 18446 10759.109
1791599455.323 18453 10758.694
1791599455.324 18454 10759.513
1791599455.325 18461 10757.409
1791599455.326 18462 10756.713
1791599455.327 18469 10757.398
1791599455.328 18470 10758.373
1791599455.329 18477 10759.147
1791599455.330 18478 10760.117
1791599455.331 18485 10760.347
1791599455.332 18486 10761.161
1791599455.333 18493 10760.770
1791599455.334 18494 10761.580
1791599455.335 18501 10760.132
1791599455.337 18502 10761.183
1791599455.338 18509 10761.368
1791599455.339 18510 10762.335
1791599455.340 18517 10762.106
1791599455.341 18518 10762.912
1791599455.342 18525 10762.524
1791599455.343 18526 10763.332
1791599455.344 18533 10761.394
1791599455.345 18534 10762.340
1791599455.346 18541 10763.057
1791599455.347 18542 10764.004
1791599455.348 18549 10763.783
1791599455.349 18550 10764.591
1791599455.350 18557 10764.207
1791599455.351 18558 10765.015
1791599455.352 18565 10764.619
1791599455.353 18566 10765.419
1791599455.354 18573 10763.950
1791599455.355 18574 10764.903
1791599455.356 18581 10764.990
1791599455.357 18582 10765.945
1791599455.358 18589 10765.861
1791599455.359 18590 10766.667
1791599455.360 18597 10766.273
1791599455.361 18598 10767.118
1791599455.362 18605 10764.970
1791599455.363 18606 10765.914
1791599455.364 18613 10766.614
1791599455.365 18614 10767.593
1791599455.366 18621 10767.504
1791599455.367 18622 10768.324
1791599455.368 18629 10767.927
1791599455.369 18630 10768.731
1791599455.370 18637 10768.336
1791599455.371 18638 10769.145
1791599455.372 18645 10767.717
1791599455.373 18646 10768.675
1791599455.374 18653 10768.843
1791599455.375 18654 10769.807
1791599455.376 18661 10769.572
1791599455.377 18662 10770.374
1791599455.378 18669 10769.986
1791599455.379 18670 10770.791
1791599455.380 18677 10770.404
1791599455.381 18678 10771.241
1791599455.382 18685 10769.491
1791599455.383 18686 10770.436
1791599455.384 18693 10771.160
1791599455.385 18694 10771.933
1791599455.386 18701 10771.463
1791599455.387 18702 10772.555
1791599455.388 18709 10772.174
1791599455.389 18710 10772.979
1791599455.390 18717 10770.532
1791599455.391 18718 10771.427
1791599455.392 18725 10772.069
1791599455.393 18726 10773.036
1791599455.394 18733 10773.251
1791599455.395 18734 10774.212
1791599455.396 18741 10773.818
1791599455.397 18742 10774.625
1791599455.398 18749 10774.236
1791599455.399 18750 10775.046
1791599455.400 18757 10773.167
1791599455.401 18758 10774.109
1791599455.402 18765 10774.678
1791599455.403 18766 10775.649
1791599455.404 18773 10775.272
1791599455.405 18774 10776.245
1791599455.406 18781 10775.886
1791599455.407 18782 10776.694
1791599455.408 18789 10776.296
1791599455.409 18790 10777.100
1791599455.410 18797 10775.370
1791599455.411 18798 10776.319
1791599455.412 18805 10777.052
1791599455.413 18806 10777.617
1791599455.414 18813 10777.527
1791599455.415 18814 10778.333
1791599455.416 18821 10777.941
1791599455.417 18822 10778.744
1791599455.418 18829 10778.351
1791599455.419 18830 10779.160
1791599455.420 18837 10777.467
1791599455.421 18838 10778.416
1791599455.422 18845 10779.173
1791599455.423 18846 10779.989
1791599455.424 18853 10779.601
1791599455.425 18854 10780.408
1791599455.426 18861 10780.019
1791599455.427 18862 10780.827
1791599455.428 18869 10780.436
1791599455.429 18870 10781.247
1791599455.430 18877 10779.392
1791599455.431 18878 10780.347
1791599455.432 18885 10781.114
1791599455.433 18886 10782.090
1791599455.434 18893 10781.677
1791599455.435 18894 10782.485
1791599455.436 18901 10782.096
1791599455.437 18902 10783.008
1791599455.438 18909 10782.617
1791599455.439 18910 10781.502
1791599455.440 18917 10782.129
1791599455.442 18918 10783.103
1791599455.443 18925 10783.285
1791599455.444 18926 10784.259
1791599455.445 18933 10783.861
1791599455.446 18934 10784.668
1791599455.447 18941 10784.275
1791599455.448 18942 10785.082
1791599455.449 18949 10783.229
1791599455.450 18950 10784.183
1791599455.451 18957 10784.898
1791599455.452 18958 10785.871
1791599455.453 18965 10783.366
1791599455.454 18966 10784.327
1791599455.455 18973 10785.102
1791599455.456 18974 10786.098
1791599455.457 18981 10786.363
1791599455.458 18982 10785.349
1791599455.459 18989 10785.951
1791599455.460 18990 10786.927
1791599455.461 18997 10787.201
1791599455.462 18998 10788.008
1791599455.463 19005 10787.329
1791599455.464 19006 10788.285
1791599455.465 19013 10787.815
1791599455.466 19014 10788.783
1791599455.467 19021 10788.436
1791599455.468 19022 10787.242
1791599455.469 19029 10784.856
1791599455.470 19030 10785.823
1791599455.471 19037 10786.596
1791599455.472 19038 10787.571
1791599455.473 19045 10788.329
1791599455.474 19046 10789.305
1791599455.475 19053 10790.066
1791599455.476 19054 10790.480
1791599455.477 19061 10788.706
1791599455.478 19062 10789.648
1791599455.479 19069 10790.122
1791599455.480 19070 10791.096
1791599455.481 19077 10787.327
1791599455.482 19078 10788.296
1791599455.483 19085 10789.037
1791599455.484 19086 10790.013
1791599455.485 19093 10790.782
1791599455.486 19094 10791.761
1791599455.487 19101 10792.549
1791599455.488 19102 10789.693
1791599455.489 19109 10790.267
1791599455.490 19110 10791.238
1791599455.491 19117 10792.025
1791599455.492 19118 10793.003
1791599455.493 19125 10793.791
1791599455.494 19126 10794.765
1791599455.495 19133 10794.311
1791599455.496 19134 10795.156
1791599455.497 19141 10794.782
1791599455.498 19142 10795.594
1791599455.499 19149 10793.107
1791599455.500 19150 10794.057
1791599455.501 19157 10794.746
1791599455.502 19158 10795.721
1791599455.503 19165 10796.032
1791599455.504 19166 10796.843
1791599455.505 19173 10796.364
1791599455.506 19174 10797.338
1791599455.507 19181 10796.880
1791599455.508 19182 10797.692
1791599455.509 19189 10797.298
1791599455.510 19190 10796.130
1791599455.511 19197 10796.754
1791599455.512 19198 10797.730
1791599455.513 19205 10797.767
1791599455.514 19206 10798.733
1791599455.515 19213 10798.553
1791599455.516 19214 10799.361
1791599455.517 19221 10798.969
1791599455.518 19222 10799.781
1791599455.519 19229 10799.395
1791599455.520 19230 10800.204
1791599455.521 19237 10798.606
1791599455.522 19238 10799.564
1791599455.523 19245 10800.220
1791599455.524 19246 10801.044
1791599455.525 19253 10800.692
1791599455.526 19254 10801.375
1791599455.527 19261 10801.077
1791599455.528 19262 10801.887
1791599455.529 19269 10801.500
1791599455.530 19270 10802.311
1791599455.531 19277 10800.565
1791599455.532 19278 10801.524
1791599455.533 19285 10802.300
1791599455.534 19286 10802.667
1791599455.535 19293 10802.750
1791599455.536 19294 10803.536
1791599455.537 19301 10803.149
1791599455.539 19302 10804.100
1791599455.540 19309 10801.776
1791599455.541 19310 10802.705
1791599455.542 19317 10803.363
1791599455.543 19318 10804.337
1791599455.544 19325 10804.472
1791599455.545 19326 10805.312
1791599455.546 19333 10804.886
1791599455.547 19334 10805.841
1791599455.548 19341 10805.405
1791599455.549 19342 10806.215
1791599455.550 19349 10803.385
1791599455.551 19350 10804.328
1791599455.552 19357 10805.026
1791599455.553 19358 10806.015
1791599455.554 19365 10806.654
1791599455.555 19366 10807.449
1791599455.556 19373 10807.076
1791599455.557 19374 10807.857
1791599455.558 19381 10807.489
1791599455.559 19382 10808.295
1791599455.560 19389 10806.478
1791599455.561 19390 10807.430
1791599455.562 19397 10808.141
1791599455.563 19398 10809.112
1791599455.564 19405 10808.739
1791599455.565 19406 10809.545
1791599455.566 19413 10809.153
1791599455.567 19414 10809.959
1791599455.568 19421 10809.566
1791599455.569 19422 10808.577
1791599455.570 19429 10809.197
1791599455.571 19430 10810.171
1791599455.572 19437 10810.114
1791599455.573 19438 10811.056
1791599455.574 19445 10810.825
1791599455.575 19446 10811.629
1791599455.576 19453 10811.239
1791599455.577 19454 10812.049
1791599455.578 19461 10810.023
1791599455.579 19462 10810.971
1791599455.580 19469 10811.543
1791599455.581 19470 10812.518
1791599455.582 19477 10812.484
1791599455.583 19478 10813.292
1791599455.584 19485 10812.904
1791599455.585 19486 10813.715
1791599455.586 19493 10813.317
1791599455.587 19494 10814.121
1791599455.588 19501 10812.616
1791599455.589 19502 10813.676
1791599455.590 19509 10814.238
1791599455.591 19510 10814.818
1791599455.592 19517 10814.667
1791599455.593 19518 10815.476
1791599455.594 19525 10815.082
1791599455.595 19526 10815.887
1791599455.596 19533 10813.826
1791599455.597 19534 10814.770
1791599455.598 19541 10815.442
1791599455.599 19542 10816.420
1791599455.600 19549 10816.321
1791599455.601 19550 10817.122
1791599455.602 19557 10816.727
1791599455.603 19558 10817.534
1791599455.604 19565 10817.142
1791599455.605 19566 10817.947
1791599455.606 19573 10816.412
1791599455.607 19574 10817.370
1791599455.608 19581 10817.635
1791599455.609 19582 10818.587
1791599455.610 19589 10818.377
1791599455.611 19590 10819.184
1791599455.612 19597 10818.789
1791599455.613 19598 10819.601
1791599455.614 19605 10817.597
1791599455.615 19606 10818.550
1791599455.616 19613 10819.273
1791599455.617 19614 10820.245
1791599455.618 19621 10820.028
1791599455.619 19622 10820.834
1791599455.620 19629 10820.449
1791599455.621 19630 10821.260
1791599455.622 19637 10820.868
1791599455.623 19638 10821.672
1791599455.624 19645 10819.406
1791599455.625 19646 10820.351
1791599455.626 19653 10821.133
1791599455.627 19654 10822.115
1791599455.628 19661 10822.110
1791599455.629 19662 10822.920
1791599455.630 19669 10822.523
1791599455.631 19670 10823.328
1791599455.632 19677 10822.930
1791599455.633 19678 10821.861
1791599455.634 19685 10822.464
1791599455.635 19686 10823.439
1791599455.636 19693 10823.619
1791599455.637 19694 10824.592
1791599455.638 19701 10824.174
1791599455.640 19702 10825.061
1791599455.641 19709 10824.666
1791599455.642 19710 10825.475
1791599455.643 19717 10823.648
1791599455.644 19718 10824.600
1791599455.645 19725 10825.348
1791599455.646 19726 10826.321
1791599455.647 19733 10825.903
1791599455.648 19734 10826.704
1791599455.649 19741 10826.313
1791599455.650 19742 10827.120
1791599455.651 19749 10826.731
1791599455.652 19750 10825.759
1791599455.653 19757 10826.385
1791599455.654 19758 10827.354
1791599455.655 19765 10827.575
1791599455.656 19766 10828.379
1791599455.657 19773 10827.982
1791599455.658 19774 10828.786
1791599455.659 19781 10828.406
1791599455.660 19782 10829.212
1791599455.661 19789 10826.881
1791599455.662 19790 10827.823
1791599455.663 19797 10828.515
1791599455.664 19798 10829.491
1791599455.665 19805 10829.288
1791599455.666 19806 10830.242
1791599455.667 19813 10830.058
1791599455.668 19814 10830.861
1791599455.669 19821 10830.464
1791599455.670 19822 10831.267
1791599455.671 19829 10828.859
1791599455.672 19830 10829.792
1791599455.673 19837 10830.492
1791599455.674 19838 10831.469
1791599455.675 19845 10831.690
1791599455.676 19846 10832.508
1791599455.677 19853 10832.112
1791599455.678 19854 10832.920
1791599455.679 19861 10832.526
1791599455.680 19862 10833.339
1791599455.681 19869 10831.612
1791599455.682 19870 10832.559
1791599455.683 19877 10833.115
1791599455.684 19878 10834.086
1791599455.685 19885 10833.694
1791599455.686 19886 10834.538
1791599455.687 19893 10834.186
1791599455.688 19894 10834.997
1791599455.689 19901 10834.602
1791599455.690 19902 10835.505
1791599455.691 19909 10834.120
1791599455.692 19910 10835.051
1791599455.693 19917 10835.309
1791599455.694 19918 10836.269
1791599455.695 19925 10835.937
1791599455.696 19926 10836.746
1791599455.697 19933 10836.342
1791599455.698 19934 10837.152
1791599455.699 19941 10835.689
1791599455.700 19942 10836.620
1791599455.701 19949 10837.200
1791599455.702 19950 10837.956
1791599455.703 19957 10837.596
1791599455.704 19958 10838.433
1791599455.705 19965 10838.020
1791599455.706 19966 10838.835
1791599455.707 19973 10837.401
1791599455.708 19974 10838.312
1791599455.709 19981 10838.681
1791599455.710 19982 10839.652
1791599455.711 19989 10839.298
1791599455.712 19990 10840.109
1791599455.713 19997 10839.718
1791599455.714 19998 10840.527
1791599455.715 20005 10839.157
1791599455.716 20006 10840.063
1791599455.717 20013 10840.590
1791599455.718 20014 10841.232
1791599455.719 20021 10840.960
1791599455.720 20022 10841.768
1791599455.721 20029 10841.394
1791599455.722 20030 10842.205
1791599455.723 20037 10841.812
1791599455.724 20038 10841.620
1791599455.725 20045 10842.065
1791599455.726 20046 10843.031
1791599455.727 20053 10842.662
1791599455.728 20054 10843.437
1791599455.729 20061 10842.382
1791599455.730 20062 10843.365
1791599455.731 20069 10843.478
1791599455.732 20070 10843.360
1791599455.733 20077 10843.415
1791599455.734 20078 10844.385
1791599455.735 20085 10844.278
1791599455.736 20086 10845.122
1791599455.737 20093 10844.731
1791599455.738 20094 10845.538
1791599455.739 20101 10845.151
1791599455.741 20102 10846.067
1791599455.742 20109 10845.527
1791599455.743 20110 10846.472
1791599455.744 20117 10846.097
1791599455.745 20118 10846.924
1791599455.746 20125 10846.510
1791599455.747 20126 10847.319
1791599455.748 20133 10846.926
1791599455.749 20134 10847.732
1791599455.750 20141 10846.998
1791599455.751 20142 10847.918
1791599455.752 20149 10847.776
1791599455.753 20150 10848.584
1791599455.754 20157 10848.192
1791599455.755 20158 10848.997
1791599455.756 20165 10848.610
1791599455.757 20166 10849.421
1791599455.758 20173 10846.508
1791599455.759 20174 10847.439
1791599455.760 20181 10847.919
1791599455.761 20182 10848.900
1791599455.762 20189 10849.754
1791599455.763 20190 10850.735
1791599455.764 20197 10850.285
1791599455.765 20198 10851.096
1791599455.766 20205 10850.707
1791599455.767 20206 10851.515
1791599455.768 20213 10850.011
1791599455.769 20214 10850.936
1791599455.770 20221 10851.487
1791599455.771 20222 10852.317
1791599455.772 20229 10851.954
1791599455.773 20230 10852.761
1791599455.774 20237 10852.369
1791599455.775 20238 10853.175
1791599455.776 20245 10851.865
1791599455.777 20246 10852.778
1791599455.778 20253 10852.960
1791599455.779 20254 10853.913
1791599455.780 20261 10853.582
1791599455.781 20262 10854.379
1791599455.782 20269 10853.993
1791599455.783 20270 10854.804
1791599455.784 20277 10854.437
1791599455.785 20278 10855.249
1791599455.786 20285 10853.689
1791599455.787 20286 10854.643
1791599455.788 20293 10855.253
1791599455.789 20294 10856.116
1791599455.790 20301 10855.756
1791599455.791 20302 10856.404
1791599455.792 20309 10856.233
1791599455.793 20310 10857.038
1791599455.794 20317 10856.726
1791599455.795 20318 10857.450
1791599455.796 20325 10855.727
1791599455.797 20326 10856.662
1791599455.798 20333 10857.356
1791599455.799 20334 10858.322
1791599455.800 20341 10857.898
1791599455.801 20342 10858.704
1791599455.802 20349 10858.330
1791599455.803 20350 10859.127
1791599455.804 20357 10858.744
1791599455.805 20358 10859.554
1791599455.806 20365 10858.532
1791599455.807 20366 10859.335
1791599455.808 20373 10859.417
1791599455.809 20374 10860.394
1791599455.810 20381 10859.987
1791599455.811 20382 10860.798
1791599455.812 20389 10860.411
1791599455.813 20390 10861.221
1791599455.814 20397 10859.357
1791599455.815 20398 10860.291
1791599455.816 20405 10861.016
1791599455.817 20406 10862.000
1791599455.818 20413 10861.657
1791599455.819 20414 10862.468
1791599455.820 20421 10862.076
1791599455.821 20422 10862.884
1791599455.822 20429 10861.481
1791599455.823 20430 10862.409
1791599455.824 20437 10862.538
1791599455.825 20438 10863.479
1791599455.826 20445 10863.323
1791599455.827 20446 10864.137
1791599455.828 20453 10863.745
1791599455.829 20454 10864.553
1791599455.830 20461 10864.159
1791599455.831 20462 10863.211
1791599455.832 20469 10863.364
1791599455.833 20470 10864.333
1791599455.834 20477 10864.600
1791599455.835 20478 10865.559
1791599455.836 20485 10865.402
1791599455.837 20486 10866.215
1791599455.838 20493 10865.824
1791599455.839 20494 10866.631
1791599455.841 20501 10864.526
1791599455.842 20502 10865.593
1791599455.843 20509 10866.254
1791599455.844 20510 10867.233
1791599455.845 20517 10867.203
1791599455.846 20518 10868.013
1791599455.847 20525 10867.621
1791599455.848 20526 10868.430
1791599455.849 20533 10868.038
1791599455.850 20534 10868.844
1791599455.851 20541 10867.401
1791599455.852 20542 10868.362
1791599455.853 20549 10868.931
1791599455.854 20550 10869.427
1791599455.855 20557 10869.285
1791599455.856 20558 10870.092
1791599455.857 20565 10869.700
1791599455.858 20566 10870.583
1791599455.859 20573 10868.364
1791599455.860 20574 10869.316
1791599455.861 20581 10869.996
1791599455.862 20582 10870.972
1791599455.863 20589 10871.029
1791599455.864 20590 10871.836
1791599455.865 20597 10871.444
1791599455.866 20598 10872.258
1791599455.867 20605 10871.865
1791599455.868 20606 10872.672
1791599455.869 20613 10871.097
1791599455.870 20614 10872.044
1791599455.871 20621 10872.238
1791599455.872 20622 10873.376
1791599455.873 20629 10873.285
1791599455.874 20630 10874.097
1791599455.875 20637 10873.706
1791599455.876 20638 10874.511
1791599455.877 20645 10872.441
1791599455.878 20646 10873.386
1791599455.879 20653 10874.090
1791599455.880 20654 10875.065
1791599455.881 20661 10874.941
1791599455.882 20662 10875.750
1791599455.883 20669 10875.354
1791599455.884 20670 10876.157
1791599455.885 20677 10875.760
1791599455.886 20678 10876.569
1791599455.887 20685 10875.197
1791599455.888 20686 10876.154
1791599455.889 20693 10876.599
1791599455.890 20694 10877.413
1791599455.891 20701 10877.000
1791599455.892 20702 10877.917
1791599455.893 20709 10877.526
1791599455.894 20710 10878.330
1791599455.895 20717 10876.208
1791599455.896 20718 10877.142
1791599455.897 20725 10877.827
1791599455.898 20726 10878.781
1791599455.899 20733 10878.675
1791599455.900 20734 10879.651
1791599455.901 20741 10879.231
1791599455.903 20742 10880.039
1791599455.904 20749 10879.651
1791599455.905 20750 10880.640
1791599455.906 20757 10878.839
1791599455.907 20758 10879.795
1791599455.908 20765 10880.525
1791599455.909 20766 10881.500
1791599455.910 20773 10881.084
1791599455.911 20774 10881.892
1791599455.912 20781 10881.502
1791599455.913 20782 10882.310
1791599455.914 20789 10881.925
1791599455.915 20790 10882.737
1791599455.916 20797 10881.378
1791599455.917 20798 10882.329
1791599455.918 20805 10882.525
1791599455.919 20806 10883.492
1791599455.920 20813 10883.159
1791599455.921 20814 10883.965
1791599455.922 20821 10883.578
1791599455.923 20822 10884.385
1791599455.924 20829 10882.501
1791599455.925 20830 10883.451
1791599455.926 20837 10883.585
1791599455.927 20838 10884.542
1791599455.928 20845 10884.715
1791599455.929 20846 10885.691
1791599455.930 20853 10885.233
1791599455.931 20854 10886.040
1791599455.932 20861 10885.643
1791599455.933 20862 10886.444
1791599455.934 20869 10884.568
1791599455.935 20870 10885.372
1791599455.936 20877 10885.554
1791599455.937 20878 10886.535
1791599455.938 20885 10886.722
1791599455.939 20886 10887.693
1791599455.940 20893 10887.298
1791599455.941 20894 10888.105
1791599455.942 20901 10887.713
1791599455.943 20902 10888.768
1791599455.944 20909 10886.798
1791599455.945 20910 10887.747
1791599455.946 20917 10887.818
1791599455.947 20918 10888.789
1791599455.948 20925 10888.941
1791599455.949 20926 10889.907
1791599455.950 20933 10889.616
1791599455.951 20934 10890.425
1791599455.952 20941 10890.038
1791599455.953 20942 10890.845
1791599455.954 20949 10888.766
1791599455.955 20950 10889.694
1791599455.956 20957 10890.394
1791599455.957 20958 10891.370
1791599455.958 20965 10891.272
1791599455.959 20966 10892.083
1791599455.960 20973 10891.692
1791599455.961 20974 10892.496
1791599455.962 20981 10892.100
1791599455.963 20982 10892.904
1791599455.964 20989 10891.450
1791599455.965 20990 10892.406
1791599455.966 20997 10892.590
1791599455.967 20998 10893.563
1791599455.968 21005 10893.342
1791599455.969 21006 10894.146
1791599455.970 21013 10893.733
1791599455.971 21014 10894.554
1791599455.972 21021 10894.157
1791599455.973 21022 10894.960
1791599455.974 21029 10893.258
1791599455.975 21030 10894.204
1791599455.976 21037 10894.968
1791599455.977 21038 10895.274
1791599455.978 21045 10895.395
1791599455.979 21046 10896.200
1791599455.980 21053 10895.803
1791599455.981 21054 10896.610
1791599455.983 21061 10894.531
1791599455.984 21062 10895.463
1791599455.985 21069 10896.130
1791599455.986 21070 10897.078
1791599455.987 21077 10897.140
1791599455.988 21078 10898.083
1791599455.989 21085 10897.672
1791599455.990 21086 10898.480
1791599455.991 21093 10898.178
1791599455.992 21094 10898.989
1791599455.993 21101 10897.025
1791599455.994 21102 10898.068
1791599455.995 21109 10898.806
1791599455.996 21110 10899.777
1791599455.997 21117 10899.510
1791599455.998 21118 10900.316
1791599455.999 21125 10899.927
1791599456.000 21126 10900.736
1791599456.001 21133 10900.343
1791599456.002 21134 10899.261
1791599456.003 21141 10899.888
1791599456.004 21142 10900.856
1791599456.005 21149 10901.030
1791599456.006 21150 10902.003
1791599456.007 21157 10901.582
1791599456.008 21158 10902.388
1791599456.009 21165 10901.993
1791599456.010 21166 10902.795
1791599456.011 21173 10901.021
1791599456.012 21174 10901.846
1791599456.013 21181 10902.569
1791599456.014 21182 10903.555
1791599456.015 21189 10903.238
1791599456.016 21190 10904.042
1791599456.017 21197 10903.643
1791599456.018 21198 10904.446
1791599456.019 21205 10904.059
1791599456.020 21206 10903.073
1791599456.021 21213 10903.665
1791599456.022 21214 10904.640
1791599456.023 21221 10904.802
1791599456.024 21222 10905.772
1791599456.025 21229 10905.302
1791599456.026 21230 10906.106
1791599456.027 21237 10905.714
1791599456.028 21238 10906.520
1791599456.029 21245 10904.739
1791599456.030 21246 10905.698
1791599456.031 21253 10906.416
1791599456.032 21254 10907.396
1791599456.033 21261 10906.969
1791599456.034 21262 10907.774
1791599456.035 21269 10907.384
1791599456.036 21270 10908.191
1791599456.037 21277 10907.800
1791599456.038 21278 10906.851
1791599456.039 21285 10907.143
1791599456.040 21286 10908.112
1791599456.041 21293 10908.367
1791599456.042 21294 10909.339
1791599456.043 21301 10909.040
1791599456.045 21302 10910.195
1791599456.046 21309 10909.808
1791599456.047 21310 10910.616
1791599456.048 21317 10908.696
1791599456.049 21318 10909.648
1791599456.050 21325 10908.432
1791599456.051 21326 10909.403
1791599456.052 21333 10910.154
1791599456.053 21334 10911.144
1791599456.054 21341 10911.469
1791599456.055 21342 10912.274
1791599456.056 21349 10911.882
1791599456.057 21350 10912.692
1791599456.058 21357 10910.567
1791599456.059 21358 10911.520
1791599456.060 21365 10912.191
1791599456.061 21366 10913.142
1791599456.062 21373 10913.131
1791599456.063 21374 10912.570
1791599456.064 21381 10913.339
1791599456.065 21382 10914.316
1791599456.066 21389 10913.964
1791599456.067 21390 10914.773
1791599456.068 21397 10913.283
1791599456.069 21398 10914.218
1791599456.070 21405 10914.447
1791599456.071 21406 10915.410
1791599456.072 21413 10915.217
1791599456.073 21414 10916.026
1791599456.074 21421 10915.635
1791599456.075 21422 10916.443
1791599456.076 21429 10913.445
1791599456.077 21430 10914.378
1791599456.078 21437 10915.037
1791599456.079 21438 10916.013
1791599456.080 21445 10916.793
1791599456.081 21446 10917.631
1791599456.082 21453 10917.297
1791599456.083 21454 10918.106
1791599456.084 21461 10917.712
1791599456.085 21462 10918.521
1791599456.086 21469 10916.436
1791599456.087 21470 10917.365
1791599456.088 21477 10917.932
1791599456.089 21478 10918.906
1791599456.090 21485 10918.957
1791599456.091 21486 10919.768
1791599456.092 21493 10919.375
1791599456.093 21494 10920.184
1791599456.094 21501 10919.794
1791599456.095 21502 10920.714
1791599456.096 21509 10919.114
1791599456.097 21510 10920.062
1791599456.098 21517 10920.388
1791599456.099 21518 10921.336
1791599456.100 21525 10921.147
1791599456.101 21526 10921.958
1791599456.102 21533 10921.570
1791599456.103 21534 10922.379
1791599456.104 21541 10921.987
1791599456.105 21542 10920.889
1791599456.106 21549 10921.490
1791599456.107 21550 10922.465
1791599456.108 21557 10922.691
1791599456.109 21558 10923.643
1791599456.110 21565 10923.238
1791599456.111 21566 10924.049
1791599456.112 21573 10923.659
1791599456.113 21574 10924.466
1791599456.114 21581 10922.544
1791599456.115 21582 10923.500
1791599456.116 21589 10924.233
1791599456.117 21590 10925.212
1791599456.118 21597 10924.908
1791599456.119 21598 10925.716
1791599456.120 21605 10925.323
1791599456.121 21606 10926.130
1791599456.122 21613 10925.738
1791599456.123 21614 10924.712
1791599456.124 21621 10925.349
1791599456.125 21622 10926.324
1791599456.126 21629 10926.530
1791599456.127 21630 10927.370
1791599456.128 21637 10926.991
1791599456.129 21638 10927.801
1791599456.130 21645 10927.411
1791599456.131 21646 10928.219
1791599456.132 21653 10927.828
1791599456.134 21654 10926.580
1791599456.135 21661 10927.174
1791599456.136 21662 10928.149
1791599456.137 21669 10928.343
1791599456.138 21670 10929.310
1791599456.139 21677 10929.080
1791599456.140 21678 10929.888
1791599456.141 21685 10929.494
1791599456.142 21686 10930.304
1791599456.143 21693 10928.277
1791599456.144 21694 10929.228
1791599456.145 21701 10929.911
1791599456.146 21702 10930.987
1791599456.147 21709 10930.883
1791599456.148 21710 10931.692
1791599456.149 21717 10931.296
1791599456.150 21718 10932.108
1791599456.151 21725 10931.720
1791599456.152 21726 10932.529
1791599456.153 21733 10931.103
1791599456.154 21734 10932.047
1791599456.155 21741 10932.262
1791599456.156 21742 10933.231
1791599456.157 21749 10932.970
1791599456.158 21750 10933.783
1791599456.159 21757 10933.387
1791599456.160 21758 10934.198
1791599456.161 21765 10932.286
1791599456.162 21766 10933.216
1791599456.163 21773 10933.928
1791599456.164 21774 10934.904
1791599456.165 21781 10934.638
1791599456.166 21782 10935.452
1791599456.167 21789 10935.063
1791599456.168 21790 10935.872
1791599456.169 21797 10935.481
1791599456.170 21798 10936.322
1791599456.171 21805 10934.715
1791599456.172 21806 10935.664
1791599456.173 21813 10936.149
1791599456.174 21814 10937.104
1791599456.175 21821 10936.733
1791599456.176 21822 10937.541
1791599456.177 21829 10937.151
1791599456.178 21830 10937.886
1791599456.179 21837 10935.673
1791599456.180 21838 10936.600
1791599456.181 21845 10937.236
1791599456.182 21846 10938.211
1791599456.183 21853 10938.417
1791599456.184 21854 10939.246
1791599456.185 21861 10938.817
1791599456.186 21862 10939.624
1791599456.187 21869 10939.231
1791599456.188 21870 10940.041
1791599456.189 21877 10938.269
1791599456.190 21878 10939.229
1791599456.191 21885 10939.833
1791599456.192 21886 10940.809
1791599456.193 21893 10940.481
1791599456.194 21894 10941.288
1791599456.195 21901 10940.897
1791599456.196 21902 10941.819
1791599456.197 21909 10941.425
1791599456.198 21910 10942.235
1791599456.199 21917 10940.810
1791599456.200 21918 10941.762
1791599456.201 21925 10941.953
1791599456.202 21926 10942.920
1791599456.203 21933 10942.712
1791599456.204 21934 10943.483
1791599456.205 21941 10943.093
1791599456.206 21942 10943.911
1791599456.207 21949 10943.505
1791599456.208 21950 10942.320
1791599456.209 21957 10942.931
1791599456.210 21958 10943.904
1791599456.211 21965 10943.982
1791599456.212 21966 10944.941
1791599456.213 21973 10944.752
1791599456.214 21974 10945.562
1791599456.215 21981 10945.169
1791599456.216 21982 10945.979
1791599456.217 21989 10943.898
1791599456.218 21990 10944.827
1791599456.219 21997 10945.524
1791599456.220 21998 10946.498
1791599456.221 22005 10946.422
1791599456.223 22006 10947.239
1791599456.224 22013 10946.848
1791599456.225 22014 10947.657
1791599456.226 22021 10947.265
1791599456.227 22022 10948.071
1791599456.228 22029 10946.658
1791599456.229 22030 10947.614
1791599456.230 22037 10947.791
1791599456.231 22038 10948.730
1791599456.232 22045 10948.509
1791599456.233 22046 10949.318
1791599456.234 22053 10948.924
1791599456.235 22054 10949.733
1791599456.236 22061 10947.864
1791599456.237 22062 10948.816
1791599456.238 22069 10949.528
1791599456.239 22070 10950.509
1791599456.240 22077 10950.200
1791599456.241 22078 10951.009
1791599456.242 22085 10950.618
1791599456.243 22086 10951.424
1791599456.244 22093 10951.031
1791599456.245 22094 10950.084
1791599456.246 22101 10950.702
1791599456.247 22102 10951.772
1791599456.248 22109 10951.538
1791599456.249 22110 10952.511
1791599456.250 22117 10952.378
1791599456.251 22118 10953.186
1791599456.252 22125 10952.792
1791599456.253 22126 10953.600
1791599456.254 22133 10951.609
1791599456.255 22134 10952.565
1791599456.256 22141 10953.272
1791599456.257 22142 10954.245
1791599456.258 22149 10954.040
1791599456.259 22150 10954.856
1791599456.260 22157 10954.463
1791599456.261 22158 10955.271
1791599456.262 22165 10954.883
1791599456.263 22166 10955.689
1791599456.264 22173 10954.425
1791599456.265 22174 10955.382
1791599456.266 22181 10955.457
1791599456.267 22182 10956.431
1791599456.268 22189 10956.124
1791599456.269 22190 10956.933
1791599456.270 22197 10956.546
1791599456.271 22198 10957.354
1791599456.272 22205 10954.433
1791599456.273 22206 10955.337
1791599456.274 22213 10956.035
1791599456.275 22214 10957.011
1791599456.276 22221 10957.798
1791599456.277 22222 10958.586
1791599456.278 22229 10958.206
1791599456.279 22230 10959.013
1791599456.280 22237 10958.623
1791599456.281 22238 10959.435
1791599456.282 22245 10957.349
1791599456.283 22246 10958.293
1791599456.284 22253 10958.999
1791599456.285 22254 10959.976
1791599456.286 22261 10959.840
1791599456.287 22262 10960.670
1791599456.288 22269 10960.280
1791599456.289 22270 10961.091
1791599456.290 22277 10960.693
1791599456.291 22278 10961.500
1791599456.292 22285 10959.646
1791599456.293 22286 10960.596
1791599456.294 22293 10961.304
1791599456.295 22294 10962.279
1791599456.296 22301 10961.955
1791599456.297 22302 10962.852
1791599456.298 22309 10962.462
1791599456.299 22310 10963.271
1791599456.300 22317 10962.877
1791599456.301 22318 10961.831
1791599456.302 22325 10962.431
1791599456.303 22326 10963.403
1791599456.304 22333 10963.584
1791599456.305 22334 10964.558
1791599456.306 22341 10964.117
1791599456.307 22342 10964.917
1791599456.308 22349 10964.536
1791599456.309 22350 10965.343
1791599456.310 22357 10963.595
1791599456.311 22358 10964.550
1791599456.312 22365 10965.288
1791599456.313 22366 10966.123
1791599456.314 22373 10965.773
1791599456.315 22374 10966.588
1791599456.316 22381 10966.197
1791599456.317 22382 10967.006
1791599456.318 22389 10964.740
1791599456.319 22390 10965.671
1791599456.320 22397 10966.352
1791599456.322 22398 10967.327
1791599456.323 22405 10967.183
1791599456.324 22406 10968.142
1791599456.325 22413 10967.860
1791599456.326 22414 10968.666
1791599456.327 22421 10968.273
1791599456.328 22422 10969.081
1791599456.329 22429 10966.895
1791599456.330 22430 10967.845
1791599456.331 22437 10968.532
1791599456.332 22438 10969.507
1791599456.333 22445 10969.515
1791599456.334 22446 10970.324
1791599456.335 22453 10969.934
1791599456.336 22454 10970.761
1791599456.337 22461 10970.369
1791599456.338 22462 10971.175
1791599456.339 22469 10968.599
1791599456.340 22470 10969.531
1791599456.341 22477 10970.204
1791599456.342 22478 10971.174
1791599456.343 22485 10971.212
1791599456.344 22486 10972.179
1791599456.345 22493 10972.035
1791599456.346 22494 10972.843
1791599456.347 22501 10972.451
1791599456.348 22502 10973.367
1791599456.349 22509 10970.977
1791599456.350 22510 10971.927
1791599456.351 22517 10972.623
1791599456.352 22518 10973.599
1791599456.353 22525 10973.803
1791599456.354 22526 10974.617
1791599456.355 22533 10973.595
1791599456.356 22534 10974.538
1791599456.357 22541 10974.633
1791599456.358 22542 10975.450
1791599456.359 22549 10975.062
1791599456.360 22550 10973.626
1791599456.361 22557 10974.195
1791599456.362 22558 10975.169
1791599456.363 22565 10976.116
1791599456.364 22566 10976.870
1791599456.365 22573 10976.448
1791599456.366 22574 10977.288
1791599456.367 22581 10976.899
1791599456.368 22582 10977.707
1791599456.369 22589 10974.944
1791599456.370 22590 10975.913
1791599456.371 22597 10976.694
1791599456.372 22598 10977.672
1791599456.373 22605 10975.762
1791599456.374 22606 10976.701
1791599456.375 22613 10976.973
1791599456.376 22614 10977.947
1791599456.377 22621 10978.734
1791599456.378 22622 10979.709
1791599456.379 22629 10979.385
1791599456.380 22630 10980.195
1791599456.381 22637 10979.808
1791599456.382 22638 10980.636
1791599456.383 22645 10980.220
1791599456.384 22646 10979.037
1791599456.385 22653 10979.614
1791599456.386 22654 10980.586
1791599456.387 22661 10980.744
1791599456.388 22662 10981.715
1791599456.389 22669 10981.475
1791599456.390 22670 10982.273
1791599456.391 22677 10981.889
1791599456.392 22678 10982.695
1791599456.393 22685 10980.002
1791599456.394 22686 10980.927
1791599456.395 22693 10981.463
1791599456.396 22694 10982.438
1791599456.397 22701 10982.827
1791599456.399 22702 10983.892
1791599456.400 22709 10983.655
1791599456.401 22710 10984.462
1791599456.402 22717 10984.068
1791599456.403 22718 10984.872
1791599456.404 22725 10981.759
1791599456.405 22726 10982.708
1791599456.406 22733 10983.414
1791599456.407 22734 10984.387
1791599456.408 22741 10985.169
1791599456.409 22742 10986.144
1791599456.410 22749 10985.698
1791599456.411 22750 10986.521
1791599456.412 22757 10986.130
1791599456.413 22758 10986.956
1791599456.414 22765 10986.564
1791599456.415 22766 10985.227
1791599456.416 22773 10985.792
1791599456.417 22774 10986.762
1791599456.418 22781 10986.925
1791599456.419 22782 10987.883
1791599456.420 22789 10987.807
1791599456.421 22790 10988.616
1791599456.422 22797 10988.223
1791599456.423 22798 10989.031
1791599456.424 22805 10986.836
1791599456.425 22806 10987.788
1791599456.426 22813 10988.486
1791599456.427 22814 10989.462
1791599456.428 22821 10989.466
1791599456.429 22822 10990.273
1791599456.430 22829 10989.881
1791599456.431 22830 10990.689
1791599456.432 22837 10990.292
1791599456.433 22838 10991.099
1791599456.434 22845 10989.548
1791599456.435 22846 10990.504
1791599456.436 22853 10990.683
1791599456.437 22854 10991.640
1791599456.438 22861 10991.533
1791599456.439 22862 10992.336
1791599456.440 22869 10991.947
1791599456.441 22870 10992.753
1791599456.442 22877 10990.707
1791599456.443 22878 10991.652
1791599456.444 22885 10992.335
1791599456.445 22886 10993.311
1791599456.446 22893 10993.202
1791599456.447 22894 10993.988
1791599456.448 22901 10993.598
1791599456.449 22902 10994.502
1791599456.450 22909 10994.107
1791599456.451 22910 10994.915
1791599456.452 22917 10993.307
1791599456.453 22918 10994.257
1791599456.454 22925 10994.991
1791599456.455 22926 10995.430
1791599456.456 22933 10995.345
1791599456.457 22934 10996.153
1791599456.458 22941 10995.764
1791599456.459 22942 10996.570
1791599456.460 22949 10994.458
1791599456.461 22950 10995.256
1791599456.462 22957 10995.881
1791599456.463 22958 10996.855
1791599456.464 22965 10996.860
1791599456.465 22966 10997.831
1791599456.466 22973 10997.423
1791599456.467 22974 10998.228
1791599456.468 22981 10997.836
1791599456.469 22982 10998.645
1791599456.470 22989 10996.791
1791599456.471 22990 10997.608
1791599456.472 22997 10998.301
1791599456.473 22998 10999.273
1791599456.474 23005 10999.073
1791599456.475 23006 10999.882
1791599456.476 23013 10999.487
1791599456.477 23014 11000.290
1791599456.478 23021 10999.896
1791599456.479 23022 11000.700
1791599456.480 23029 10999.286
1791599456.481 23030 11000.239
1791599456.482 23037 11000.635
1791599456.483 23038 11001.599
1791599456.484 23045 11001.129
1791599456.485 23046 11001.934
1791599456.486 23053 11001.538
1791599456.487 23054 11002.342
1791599456.488 23061 11000.113
1791599456.489 23062 11001.039
1791599456.490 23069 11001.699
1791599456.491 23070 11002.668
1791599456.492 23077 11002.811
1791599456.493 23078 11003.571
1791599456.494 23085 11003.178
1791599456.495 23086 11003.984
1791599456.496 23093 11003.578
1791599456.497 23094 11004.391
1791599456.498 23101 11002.598
1791599456.499 23102 11003.648
1791599456.500 23109 11004.394
1791599456.501 23110 11005.367
1791599456.502 23117 11004.914
1791599456.503 23118 11005.718
1791599456.504 23125 11005.322
1791599456.505 23126 11006.127
1791599456.506 23133 11003.885
1791599456.507 23134 11004.817
1791599456.508 23141 11005.437
1791599456.509 23142 11006.409
1791599456.510 23149 11006.522
1791599456.511 23150 11007.342
1791599456.512 23157 11006.948
1791599456.513 23158 11007.751
1791599456.514 23165 11007.358
1791599456.515 23166 11008.168
1791599456.516 23173 11006.389
1791599456.517 23174 11007.341
1791599456.518 23181 11008.084
1791599456.519 23182 11009.058
1791599456.520 23189 11008.597
1791599456.521 23190 11009.406
1791599456.522 23197 11009.013
1791599456.523 23198 11009.819
1791599456.524 23205 11007.541
1791599456.525 23206 11008.468
1791599456.526 23213 11009.141
1791599456.527 23214 11010.112
1791599456.529 23221 11010.227
1791599456.530 23222 11011.044
1791599456.531 23229 11010.652
1791599456.532 23230 11011.455
1791599456.533 23237 11011.061
1791599456.534 23238 11011.870
1791599456.535 23245 11010.185
1791599456.536 23246 11011.138
1791599456.537 23253 11011.854
1791599456.538 23254 11012.288
1791599456.539 23261 11012.288
1791599456.540 23262 11013.096
1791599456.541 23269 11012.673
1791599456.542 23270 11013.512
1791599456.543 23277 11011.342
1791599456.544 23278 11012.267
1791599456.545 23285 11012.876
1791599456.546 23286 11013.843
1791599456.547 23293 11013.915
1791599456.548 23294 11014.752
1791599456.549 23301 11014.355
1791599456.550 23302 11015.261
1791599456.551 23309 11014.866
1791599456.552 23310 11015.671
1791599456.553 23317 11014.004
1791599456.554 23318 11014.957
1791599456.555 23325 11015.695
1791599456.556 23326 11016.111
1791599456.557 23333 11016.089
1791599456.558 23334 11016.893
1791599456.559 23341 11016.498
1791599456.560 23342 11017.302
1791599456.561 23349 11015.178
1791599456.562 23350 11016.104
1791599456.563 23357 11016.022
1791599456.564 23358 11016.971
1791599456.565 23365 11017.740
1791599456.566 23366 11018.524
1791599456.567 23373 11018.133
1791599456.568 23374 11018.944
1791599456.569 23381 11018.551
1791599456.570 23382 11019.356
1791599456.571 23389 11017.857
1791599456.572 23390 11016.983
1791599456.573 23397 11017.783
1791599456.574 23398 11018.761
1791599456.575 23405 11019.545
1791599456.576 23406 11020.516
1791599456.577 23413 11020.273
1791599456.578 23414 11021.077
1791599456.579 23421 11018.847
1791599456.580 23422 11019.792
1791599456.581 23429 11020.481
1791599456.582 23430 11021.451
1791599456.583 23437 11021.193
1791599456.584 23438 11022.147
1791599456.585 23445 11021.906
1791599456.586 23446 11022.711
1791599456.587 23453 11022.314
1791599456.588 23454 11023.119
1791599456.589 23461 11020.786
1791599456.590 23462 11021.729
1791599456.591 23469 11022.410
1791599456.592 23470 11023.353
1791599456.593 23477 11023.508
1791599456.594 23478 11024.056
1791599456.595 23485 11023.952
1791599456.596 23486 11024.757
1791599456.597 23493 11024.362
1791599456.598 23494 11025.169
1791599456.599 23501 11024.736
1791599456.600 23502 11023.654
1791599456.601 23509 11024.249
1791599456.602 23510 11025.226
1791599456.603 23517 11025.681
1791599456.604 23518 11026.502
1791599456.605 23525 11026.116
1791599456.606 23526 11026.930
1791599456.607 23533 11026.538
1791599456.608 23534 11027.344
1791599456.609 23541 11026.956
1791599456.610 23542 11027.763
1791599456.611 23549 11026.197
1791599456.612 23550 11027.151
1791599456.613 23557 11027.671
1791599456.614 23558 11028.610
1791599456.615 23565 11028.194
1791599456.616 23566 11029.005
1791599456.617 23573 11028.615
1791599456.618 23574 11029.421
1791599456.619 23581 11029.029
1791599456.620 23582 11029.833
1791599456.621 23589 11028.137
1791599456.622 23590 11029.093
1791599456.623 23597 11029.684
1791599456.624 23598 11030.651
1791599456.625 23605 11030.240
1791599456.626 23606 11031.069
1791599456.627 23613 11030.682
1791599456.628 23614 11031.489
1791599456.629 23621 11031.099
1791599456.630 23622 11031.906
1791599456.631 23629 11029.932
1791599456.632 23630 11030.885
1791599456.633 23637 11031.578
1791599456.634 23638 11032.549
1791599456.635 23645 11032.168
1791599456.636 23646 11033.138
1791599456.637 23653 11032.750
1791599456.638 23654 11033.556
1791599456.639 23661 11033.163
1791599456.640 23662 11033.970
1791599456.641 23669 11031.763
1791599456.642 23670 11032.711
1791599456.643 23677 11033.410
1791599456.644 23678 11034.384
1791599456.645 23685 11034.129
1791599456.646 23686 11035.088
1791599456.647 23693 11034.829
1791599456.649 23694 11035.637
1791599456.650 23701 11035.241
1791599456.651 23702 11036.181
1791599456.652 23709 11033.825
1791599456.653 23710 11034.774
1791599456.654 23717 11035.464
1791599456.655 23718 11036.434
1791599456.656 23725 11036.362
1791599456.657 23726 11037.317
1791599456.658 23733 11037.026
1791599456.659 23734 11037.836
1791599456.660 23741 11037.444
1791599456.661 23742 11038.254
1791599456.662 23749 11035.969
1791599456.663 23750 11036.916
1791599456.664 23757 11036.918
1791599456.665 23758 11037.890
1791599456.666 23765 11038.680
1791599456.667 23766 11039.488
1791599456.668 23773 11039.109
1791599456.669 23774 11039.916
1791599456.670 23781 11039.521
1791599456.671 23782 11040.332
1791599456.672 23789 11038.312
1791599456.673 23790 11039.267
1791599456.674 23797 11038.292
1791599456.675 23798 11039.271
1791599456.676 23805 11040.014
1791599456.677 23806 11040.996
1791599456.678 23813 11041.199
1791599456.679 23814 11042.007
1791599456.680 23821 11041.615
1791599456.681 23822 11042.424
1791599456.682 23829 11040.916
1791599456.683 23830 11041.867
1791599456.684 23837 11042.095
1791599456.685 23838 11043.053
1791599456.686 23845 11042.869
1791599456.687 23846 11043.678
1791599456.688 23853 11043.282
1791599456.689 23854 11044.094
1791599456.690 23861 11042.041
1791599456.691 23862 11042.990
1791599456.692 23869 11043.661
1791599456.693 23870 11044.636
1791599456.694 23877 11044.534
1791599456.695 23878 11045.342
1791599456.696 23885 11044.951
1791599456.697 23886 11045.760
1791599456.698 23893 11045.369
1791599456.699 23894 11046.175
1791599456.700 23901 11042.127
1791599456.701 23902 11043.164
1791599456.702 23909 11043.913
1791599456.703 23910 11044.889
1791599456.704 23917 11045.678
1791599456.705 23918 11046.657
1791599456.706 23925 11047.107
1791599456.707 23926 11047.917
1791599456.708 23933 11047.521
1791599456.709 23934 11048.326
1791599456.710 23941 11046.841
1791599456.711 23942 11047.797
1791599456.712 23949 11048.003
1791599456.713 23950 11048.961
1791599456.714 23957 11048.766
1791599456.715 23958 11049.572
1791599456.716 23965 11049.183
1791599456.717 23966 11049.993
1791599456.718 23973 11047.785
1791599456.719 23974 11048.711
1791599456.720 23981 11049.372
1791599456.721 23982 11050.347
1791599456.722 23989 11050.426
1791599456.723 23990 11051.235
1791599456.724 23997 11050.839
1791599456.725 23998 11051.645
1791599456.726 24005 11051.252
1791599456.727 24006 11052.064
1791599456.728 24013 11050.430
1791599456.729 24014 11051.348
1791599456.730 24021 11052.057
1791599456.731 24022 11052.475
1791599456.732 24029 11052.493
1791599456.733 24030 11053.300
1791599456.734 24037 11052.913
1791599456.735 24038 11053.720
1791599456.736 24045 11051.533
1791599456.737 24046 11052.454
1791599456.738 24053 11053.077
1791599456.739 24054 11054.048
1791599456.740 24061 11054.118
1791599456.741 24062 11054.957
1791599456.742 24069 11054.567
1791599456.743 24070 11055.373
1791599456.744 24077 11054.978
1791599456.745 24078 11055.780
1791599456.746 24085 11054.121
1791599456.747 24086 11055.042
1791599456.748 24093 11055.685
1791599456.749 24094 11056.543
1791599456.750 24101 11056.217
1791599456.752 24102 11057.134
1791599456.753 24109 11056.757
1791599456.754 24110 11057.566
1791599456.755 24117 11057.171
1791599456.756 24118 11056.070
1791599456.757 24125 11056.383
1791599456.758 24126 11057.356
1791599456.759 24133 11057.993
1791599456.760 24134 11058.559
1791599456.761 24141 11058.415
1791599456.762 24142 11059.224
1791599456.763 24149 11058.832
1791599456.764 24150 11059.635
1791599456.765 24157 11057.521
1791599456.766 24158 11058.468
1791599456.767 24165 11059.169
1791599456.768 24166 11060.144
1791599456.769 24173 11060.064
1791599456.770 24174 11060.881
1791599456.771 24181 11060.487
1791599456.772 24182 11061.291
1791599456.773 24189 11060.899
1791599456.774 24190 11061.705
1791599456.775 24197 11060.044
1791599456.776 24198 11060.987
1791599456.777 24205 11061.733
1791599456.778 24206 11062.446
1791599456.779 24213 11062.166
1791599456.780 24214 11062.946
1791599456.781 24221 11062.557
1791599456.782 24222 11063.367
1791599456.783 24229 11062.973
1791599456.784 24230 11063.784
1791599456.785 24237 11062.349
1791599456.786 24238 11063.301
1791599456.787 24245 11063.491
1791599456.788 24246 11064.465
1791599456.790 24253 11064.923
1791599456.791 24254 11065.729
1791599456.792 24261 11065.355
1791599456.793 24262 11066.161
1791599456.794 24269 11064.205
1791599456.795 24270 11065.162
1791599456.796 24277 11065.859
1791599456.797 24278 11066.836
1791599456.798 24285 11066.624
1791599456.799 24286 11067.434
1791599456.800 24293 11067.042
1791599456.801 24294 11067.851
1791599456.802 24301 11067.459
1791599456.803 24302 11068.376
1791599456.804 24309 11066.819
1791599456.805 24310 11067.765
1791599456.806 24317 11067.986
1791599456.807 24318 11068.943
1791599456.808 24325 11068.818
1791599456.809 24326 11069.626
1791599456.810 24333 11069.196
1791599456.811 24334 11070.027
1791599456.812 24341 11067.856
1791599456.813 24342 11068.790
1791599456.814 24349 11069.470
1791599456.815 24350 11070.446
1791599456.816 24357 11070.475
1791599456.817 24358 11071.285
1791599456.818 24365 11070.860
1791599456.819 24366 11071.686
1791599456.820 24373 11071.302
1791599456.821 24374 11072.111
1791599456.822 24381 11070.581
1791599456.823 24382 11071.535
1791599456.824 24389 11071.712
1791599456.825 24390 11072.668
1791599456.826 24397 11072.541
1791599456.827 24398 11073.342
1791599456.828 24405 11072.948
1791599456.829 24406 11073.762
1791599456.830 24413 11071.701
1791599456.831 24414 11072.651
1791599456.832 24421 11073.323
1791599456.833 24422 11074.300
1791599456.834 24429 11074.199
1791599456.835 24430 11075.004
1791599456.836 24437 11074.613
1791599456.837 24438 11075.421
1791599456.838 24445 11075.033
1791599456.839 24446 11075.841
1791599456.840 24453 11074.374
1791599456.841 24454 11075.323
1791599456.842 24461 11075.696
1791599456.843 24462 11076.641
1791599456.844 24469 11076.274
1791599456.845 24470 11077.082
1791599456.846 24477 11076.690
1791599456.847 24478 11077.496
1791599456.848 24485 11075.156
1791599456.849 24486 11076.048
1791599456.850 24493 11076.646
1791599456.851 24494 11077.620
1791599456.852 24501 11077.969
1791599456.853 24502 11078.527
1791599456.854 24509 11078.459
1791599456.855 24510 11079.268
1791599456.856 24517 11078.875
1791599456.857 24518 11079.680
1791599456.858 24525 11077.430
1791599456.859 24526 11078.377
1791599456.860 24533 11079.058
1791599456.861 24534 11080.036
1791599456.862 24541 11079.922
1791599456.863 24542 11080.888
1791599456.864 24549 11080.517
1791599456.865 24550 11081.319
1791599456.866 24557 11080.929
1791599456.867 24558 11081.739
1791599456.868 24565 11079.379
1791599456.869 24566 11080.324
1791599456.870 24573 11081.039
1791599456.871 24574 11082.014
1791599456.872 24581 11082.208
1791599456.873 24582 11082.973
1791599456.874 24589 11082.584
1791599456.875 24590 11083.392
1791599456.876 24597 11083.003
1791599456.877 24598 11083.811
1791599456.878 24605 11081.943
1791599456.879 24606 11082.870
1791599456.880 24613 11083.577
1791599456.882 24614 11084.553
1791599456.883 24621 11084.247
1791599456.884 24622 11085.057
1791599456.885 24629 11084.664
1791599456.886 24630 11085.470
1791599456.887 24637 11085.088
1791599456.888 24638 11084.054
1791599456.889 24645 11084.637
1791599456.890 24646 11085.613
1791599456.891 24653 11085.809
1791599456.892 24654 11086.796
1791599456.893 24661 11086.360
1791599456.894 24662 11087.168
1791599456.895 24669 11086.776
1791599456.896 24670 11087.578
1791599456.897 24677 11085.813
1791599456.898 24678 11086.773
1791599456.899 24685 11087.451
1791599456.900 24686 11088.427
1791599456.901 24693 11088.023
1791599456.902 24694 11088.830
1791599456.903 24701 11088.433
1791599456.904 24702 11089.353
1791599456.905 24709 11088.962
1791599456.906 24710 11087.931
1791599456.907 24717 11088.559
1791599456.908 24718 11089.537
1791599456.909 24725 11089.715
1791599456.910 24726 11090.556
1791599456.911 24733 11090.208
1791599456.912 24734 11091.020
1791599456.913 24741 11090.631
1791599456.914 24742 11091.439
1791599456.915 24749 11089.290
1791599456.916 24750 11090.232
1791599456.917 24757 11090.949
1791599456.918 24758 11091.925
1791599456.919 24765 11091.865
1791599456.920 24766 11092.686
1791599456.921 24773 11092.296
1791599456.922 24774 11093.104
1791599456.923 24781 11092.710
1791599456.924 24782 11093.517
1791599456.925 24789 11091.951
1791599456.926 24790 11092.901
1791599456.927 24797 11093.527
1791599456.928 24798 11094.139
1791599456.929 24805 11093.955
1791599456.930 24806 11094.763
1791599456.931 24813 11094.370
1791599456.932 24814 11095.179
1791599456.933 24821 11094.792
1791599456.934 24822 11095.598
1791599456.935 24829 11094.002
1791599456.936 24830 11094.955
1791599456.937 24837 11095.321
1791599456.938 24838 11096.270
1791599456.939 24845 11096.080
1791599456.940 24846 11096.838
1791599456.941 24853 11096.451
1791599456.942 24854 11097.255
1791599456.943 24861 11095.094
1791599456.944 24862 11096.035
1791599456.945 24869 11096.714
1791599456.946 24870 11097.688
1791599456.947 24877 11097.693
1791599456.948 24878 11098.534
1791599456.949 24885 11098.107
1791599456.950 24886 11098.911
1791599456.951 24893 11098.516
1791599456.952 24894 11099.324
1791599456.953 24901 11097.551
1791599456.954 24902 11098.493
1791599456.955 24909 11099.202
1791599456.956 24910 11100.178
1791599456.957 24917 11099.894
1791599456.958 24918 11100.651
1791599456.959 24925 11100.311
1791599456.960 24926 11101.118
1791599456.961 24933 11100.722
1791599456.962 24934 11099.628
1791599456.963 24941 11100.215
1791599456.964 24942 11101.183
1791599456.965 24949 11101.528
1791599456.966 24950 11102.065
1791599456.967 24957 11101.965
1791599456.968 24958 11102.771
1791599456.969 24965 11102.376
1791599456.970 24966 11103.189
1791599456.971 24973 11100.998
1791599456.972 24974 11101.936
1791599456.973 24981 11102.567
1791599456.974 24982 11103.539
1791599456.975 24989 11103.645
1791599456.977 24990 11104.428
1791599456.978 24997 11104.044
1791599456.979 24998 11104.848
1791599456.980 25005 11103.826
1791599456.981 25006 11104.803
1791599456.982 25013 11103.490
1791599456.983 25014 11104.440
1791599456.984 25021 11105.175
1791599456.985 25022 11106.151
1791599456.986 25029 11105.698
1791599456.987 25030 11106.504
1791599456.988 25037 11106.104
1791599456.989 25038 11106.917
1791599456.990 25045 11106.528
1791599456.991 25046 11105.499
1791599456.992 25053 11106.121
1791599456.993 25054 11107.092
1791599456.994 25061 11107.295
1791599456.995 25062 11108.137
1791599456.996 25069 11107.776
1791599456.997 25070 11108.589
1791599456.998 25077 11108.197
1791599456.999 25078 11109.005
1791599457.000 25085 11107.247
1791599457.001 25086 11108.197
1791599457.002 25093 11108.537
1791599457.003 25094 11109.514
1791599457.004 25101 11109.455
1791599457.005 25102 11110.334
1791599457.006 25109 11109.941
1791599457.007 25110 11110.750
1791599457.008 25117 11110.357
1791599457.009 25118 11111.165
1791599457.010 25125 11109.422
1791599457.011 25126 11110.378
1791599457.012 25133 11108.903
1791599457.013 25134 11109.879
1791599457.014 25141 11110.661
1791599457.015 25142 11111.638
1791599457.016 25149 11111.818
1791599457.017 25150 11112.781
1791599457.018 25157 11112.436
1791599457.019 25158 11113.246
1791599457.020 25165 11111.490
1791599457.021 25166 11112.448
1791599457.022 25173 11113.158
1791599457.023 25174 11114.133
1791599457.024 25181 11113.684
1791599457.025 25182 11114.490
1791599457.026 25189 11114.103
1791599457.027 25190 11114.911
1791599457.028 25197 11112.644
1791599457.029 25198 11113.574
1791599457.030 25205 11113.555
1791599457.031 25206 11114.527
1791599457.032 25213 11115.284
1791599457.033 25214 11116.124
1791599457.034 25221 11115.765
1791599457.035 25222 11116.550
1791599457.036 25229 11116.170
1791599457.037 25230 11116.983
1791599457.038 25237 11114.594
1791599457.039 25238 11115.527
1791599457.040 25245 11116.154
1791599457.041 25246 11117.126
1791599457.042 25253 11117.424
1791599457.043 25254 11118.227
1791599457.044 25261 11117.840
1791599457.045 25262 11118.647
1791599457.046 25269 11118.255
1791599457.047 25270 11119.066
1791599457.048 25277 11114.418
1791599457.049 25278 11115.358
1791599457.050 25285 11116.073
1791599457.051 25286 11117.049
1791599457.052 25293 11117.832
1791599457.053 25294 11118.806
1791599457.054 25301 11119.597
1791599457.055 25302 11120.630
1791599457.056 25309 11120.431
1791599457.057 25310 11119.365
1791599457.058 25317 11120.004
1791599457.059 25318 11120.979
1791599457.060 25325 11119.070
1791599457.061 25326 11120.038
1791599457.062 25333 11120.799
1791599457.063 25334 11121.770
1791599457.064 25341 11122.095
1791599457.065 25342 11122.902
1791599457.066 25349 11122.511
1791599457.067 25350 11123.318
1791599457.068 25357 11121.616
1791599457.069 25358 11122.572
1791599457.070 25365 11123.346
1791599457.071 25366 11123.809
1791599457.072 25373 11123.750
1791599457.073 25374 11124.554
1791599457.074 25381 11124.160
1791599457.075 25382 11124.962
1791599457.076 25389 11122.211
1791599457.077 25390 11122.739
1791599457.078 25397 11123.230
1791599457.079 25398 11124.205
1791599457.080 25405 11124.987
1791599457.081 25406 11125.964
1791599457.082 25413 11125.829
1791599457.084 25414 11126.634
1791599457.085 25421 11126.240
1791599457.086 25422 11127.045
1791599457.087 25429 11125.336
1791599457.088 25430 11126.287
1791599457.089 25437 11127.017
1791599457.090 25438 11127.758
1791599457.091 25445 11127.487
1791599457.092 25446 11128.292
1791599457.093 25453 11127.903
1791599457.094 25454 11128.711
1791599457.095 25461 11128.319
1791599457.096 25462 11129.126
1791599457.097 25469 11127.492
1791599457.098 25470 11128.463
1791599457.099 25477 11129.219
1791599457.100 25478 11129.622
1791599457.101 25485 11129.573
1791599457.102 25486 11130.382
1791599457.103 25493 11130.130
1791599457.104 25494 11130.937
1791599457.105 25501 11128.554
1791599457.106 25502 11129.555
1791599457.107 25509 11129.387
1791599457.108 25510 11130.363
1791599457.109 25517 11131.099
1791599457.110 25518 11132.076
1791599457.111 25525 11131.864
1791599457.112 25526 11132.671
1791599457.113 25533 11132.277
1791599457.114 25534 11133.075
1791599457.115 25541 11131.629
1791599457.116 25542 11132.527
1791599457.117 25549 11132.836
1791599457.118 25550 11133.791
1791599457.119 25557 11132.171
1791599457.120 25558 11133.143
1791599457.121 25565 11133.921
1791599457.122 25566 11134.729
1791599457.123 25573 11134.348
1791599457.124 25574 11135.156
1791599457.125 25581 11133.734
1791599457.126 25582 11134.690
1791599457.127 25589 11135.164
1791599457.128 25590 11135.602
1791599457.129 25597 11135.588
1791599457.130 25598 11136.395
1791599457.131 25605 11136.016
1791599457.132 25606 11136.807
1791599457.133 25613 11134.622
1791599457.134 25614 11135.557
1791599457.135 25621 11136.206
1791599457.136 25622 11137.180
1791599457.137 25629 11137.014
1791599457.138 25630 11137.968
1791599457.139 25637 11137.661
1791599457.140 25638 11138.470
1791599457.141 25645 11138.078
1791599457.142 25646 11138.886
1791599457.143 25653 11136.774
1791599457.144 25654 11137.725
1791599457.145 25661 11138.387
1791599457.146 25662 11139.369
1791599457.147 25669 11139.139
1791599457.148 25670 11140.109
1791599457.149 25677 11139.741
1791599457.150 25678 11140.547
1791599457.151 25685 11140.145
1791599457.152 25686 11140.960
1791599457.153 25693 11139.012
1791599457.154 25694 11139.969
1791599457.155 25701 11140.708
1791599457.156 25702 11141.803
1791599457.157 25709 11141.533
1791599457.158 25710 11142.315
1791599457.159 25717 11141.930
1791599457.160 25718 11142.735
1791599457.161 25725 11142.345
1791599457.162 25726 11143.151
1791599457.163 25733 11141.130
1791599457.164 25734 11142.086
1791599457.165 25741 11142.807
1791599457.166 25742 11143.779
1791599457.167 25749 11143.581
1791599457.168 25750 11144.389
1791599457.169 25757 11144.001
1791599457.170 25758 11144.810
1791599457.171 25765 11144.392
1791599457.172 25766 11145.225
1791599457.174 25773 11143.348
1791599457.175 25774 11144.307
1791599457.176 25781 11145.042
1791599457.177 25782 11146.018
1791599457.178 25789 11145.657
1791599457.179 25790 11146.475
1791599457.180 25797 11146.078
1791599457.181 25798 11146.886
1791599457.182 25805 11146.493
1791599457.183 25806 11147.300
1791599457.184 25813 11145.349
1791599457.185 25814 11146.304
1791599457.186 25821 11147.026
1791599457.187 25822 11148.001
1791599457.188 25829 11147.733
1791599457.189 25830 11148.554
1791599457.190 25837 11148.166
1791599457.191 25838 11148.996
1791599457.192 25845 11148.574
1791599457.193 25846 11149.383
1791599457.194 25853 11147.961
1791599457.195 25854 11148.913
1791599457.196 25861 11149.139
1791599457.197 25862 11150.111
1791599457.198 25869 11149.803
1791599457.199 25870 11150.637
1791599457.200 25877 11150.241
1791599457.201 25878 11151.050
1791599457.202 25885 11149.150
1791599457.203 25886 11150.073
1791599457.204 25893 11150.765
1791599457.205 25894 11151.739
1791599457.206 25901 11151.481
1791599457.207 25902 11152.403
1791599457.208 25909 11152.020
1791599457.209 25910 11152.818
1791599457.210 25917 11152.425
1791599457.211 25918 11153.324
1791599457.212 25925 11151.689
1791599457.213 25926 11152.643
1791599457.214 25933 11153.180
1791599457.215 25934 11154.156
1791599457.216 25941 11153.761
1791599457.217 25942 11154.567
1791599457.218 25949 11154.175
1791599457.219 25950 11154.988
1791599457.220 25957 11152.655
1791599457.221 25958 11153.576
1791599457.222 25965 11153.849
1791599457.223 25966 11154.823
1791599457.224 25973 11155.051
1791599457.225 25974 11156.001
1791599457.226 25981 11155.833
1791599457.227 25982 11156.637
1791599457.228 25989 11156.240
1791599457.229 25990 11157.047
1791599457.230 25997 11154.797
1791599457.231 25998 11155.722
1791599457.232 26005 11156.356
1791599457.233 26006 11157.330
1791599457.234 26013 11157.273
1791599457.235 26014 11158.225
1791599457.236 26021 11157.898
1791599457.237 26022 11158.709
1791599457.238 26029 11158.315
1791599457.239 26030 11159.122
1791599457.240 26037 11157.119
1791599457.241 26038 11158.066
1791599457.242 26045 11158.761
1791599457.243 26046 11159.733
1791599457.244 26053 11159.563
1791599457.245 26054 11160.359
1791599457.246 26061 11159.976
1791599457.247 26062 11160.787
1791599457.248 26069 11160.398
1791599457.249 26070 11161.207
1791599457.250 26077 11159.618
1791599457.251 26078 11160.565
1791599457.252 26085 11161.300
1791599457.253 26086 11161.699
1791599457.254 26093 11161.640
1791599457.255 26094 11162.448
1791599457.256 26101 11162.060
1791599457.257 26102 11162.957
1791599457.258 26109 11160.800
1791599457.259 26110 11161.739
1791599457.260 26117 11162.270
1791599457.261 26118 11163.250
1791599457.262 26125 11163.450
1791599457.263 26126 11164.205
1791599457.264 26133 11163.814
1791599457.265 26134 11164.615
1791599457.266 26141 11164.229
1791599457.268 26142 11165.038
1791599457.269 26149 11163.377
1791599457.270 26150 11164.326
1791599457.271 26157 11165.065
1791599457.272 26158 11165.878
1791599457.273 26165 11165.460
1791599457.274 26166 11166.285
1791599457.275 26173 11165.894
1791599457.276 26174 11166.700
1791599457.277 26181 11166.307
1791599457.278 26182 11167.114
1791599457.279 26189 11165.546
1791599457.280 26190 11166.502
1791599457.281 26197 11166.949
1791599457.282 26198 11167.910
1791599457.283 26205 11166.086
1791599457.284 26206 11167.063
1791599457.285 26213 11167.817
1791599457.286 26214 11168.797
1791599457.287 26221 11168.036
1791599457.288 26222 11169.000
1791599457.289 26229 11167.314
1791599457.290 26230 11168.272
1791599457.291 26237 11168.992
1791599457.292 26238 11169.967
1791599457.293 26245 11169.432
1791599457.294 26246 11170.388
1791599457.295 26253 11170.059
1791599457.296 26254 11170.869
1791599457.297 26261 11170.488
1791599457.298 26262 11171.300
1791599457.299 26269 11168.550
1791599457.300 26270 11169.486
1791599457.301 26277 11170.139
1791599457.302 26278 11171.103
1791599457.303 26285 11171.714
1791599457.304 26286 11172.536
1791599457.305 26293 11172.144
1791599457.306 26294 11172.956
1791599457.307 26301 11172.526
1791599457.308 26302 11173.478
1791599457.309 26309 11171.422
1791599457.310 26310 11172.352
1791599457.311 26317 11173.082
1791599457.312 26318 11174.057
1791599457.313 26325 11173.931
1791599457.314 26326 11174.736
1791599457.315 26333 11174.339
1791599457.316 26334 11175.147
1791599457.317 26341 11174.748
1791599457.318 26342 11175.559
1791599457.319 26349 11174.135
1791599457.320 26350 11175.086
1791599457.321 26357 11175.245
1791599457.322 26358 11176.215
1791599457.323 26365 11176.003
1791599457.324 26366 11176.808
1791599457.325 26373 11176.417
1791599457.326 26374 11177.226
1791599457.327 26381 11175.269
1791599457.328 26382 11176.224
1791599457.329 26389 11176.944
1791599457.330 26390 11177.921
1791599457.331 26397 11177.665
1791599457.332 26398 11178.467
1791599457.333 26405 11178.078
1791599457.334 26406 11178.885
1791599457.335 26413 11178.491
1791599457.336 26414 11179.300
1791599457.337 26421 11178.044
1791599457.338 26422 11179.001
1791599457.339 26429 11179.194
1791599457.340 26430 11180.168
1791599457.341 26437 11179.730
1791599457.342 26438 11180.537
1791599457.343 26445 11180.146
1791599457.344 26446 11180.950
1791599457.345 26453 11180.559
1791599457.346 26454 11181.366
1791599457.347 26461 11179.896
1791599457.348 26462 11180.848
1791599457.349 26469 11181.067
1791599457.350 26470 11182.041
1791599457.351 26477 11181.807
1791599457.352 26478 11182.611
1791599457.353 26485 11182.216
1791599457.354 26486 11183.018
1791599457.355 26493 11180.907
1791599457.356 26494 11181.844
1791599457.357 26501 11182.502
1791599457.358 26502 11183.570
1791599457.359 26509 11183.504
1791599457.360 26510 11184.337
1791599457.361 26517 11183.948
1791599457.362 26518 11184.751
1791599457.363 26525 11184.357
1791599457.364 26526 11185.162
1791599457.365 26533 11183.319
1791599457.366 26534 11184.272
1791599457.367 26541 11185.016
1791599457.368 26542 11185.988
1791599457.369 26549 11185.584
1791599457.370 26550 11186.387
1791599457.371 26557 11185.989
1791599457.372 26558 11186.796
1791599457.373 26565 11186.399
1791599457.374 26566 11185.442
1791599457.375 26573 11185.742
1791599457.376 26574 11186.708
1791599457.377 26581 11186.725
1791599457.378 26582 11187.685
1791599457.379 26589 11187.614
1791599457.380 26590 11188.428
1791599457.382 26597 11188.037
1791599457.383 26598 11188.841
1791599457.384 26605 11186.674
1791599457.385 26606 11187.618
1791599457.386 26613 11186.714
1791599457.387 26614 11187.686
1791599457.388 26621 11188.501
1791599457.389 26622 11189.482
1791599457.390 26629 11189.690
1791599457.391 26630 11190.586
1791599457.392 26637 11190.202
1791599457.393 26638 11191.014
1791599457.394 26645 11188.722
1791599457.395 26646 11189.652
1791599457.396 26653 11190.254
1791599457.397 26654 11191.219
1791599457.398 26661 11191.363
1791599457.399 26662 11192.336
1791599457.400 26669 11191.881
1791599457.401 26670 11192.692
1791599457.402 26677 11192.303
1791599457.403 26678 11193.110
1791599457.404 26685 11190.930
1791599457.405 26686 11191.880
1791599457.406 26693 11192.300
1791599457.407 26694 11193.272
1791599457.408 26701 11193.601
1791599457.409 26702 11194.495
1791599457.410 26709 11194.106
1791599457.411 26710 11194.916
1791599457.412 26717 11194.512
1791599457.413 26718 11195.333
1791599457.414 26725 11192.890
1791599457.415 26726 11193.835
1791599457.416 26733 11194.564
1791599457.417 26734 11195.539
1791599457.418 26741 11195.758
1791599457.419 26742 11196.565
1791599457.420 26749 11196.169
1791599457.421 26750 11196.975
1791599457.422 26757 11196.582
1791599457.423 26758 11197.393
1791599457.424 26765 11195.873
1791599457.425 26766 11196.829
1791599457.426 26773 11197.228
1791599457.427 26774 11198.186
1791599457.428 26781 11197.824
1791599457.429 26782 11198.634
1791599457.430 26789 11198.237
1791599457.431 26790 11199.038
1791599457.432 26797 11196.548
1791599457.433 26798 11197.443
1791599457.434 26805 11198.096
1791599457.435 26806 11199.067
1791599457.436 26813 11199.151
1791599457.437 26814 11200.113
1791599457.438 26821 11199.864
1791599457.439 26822 11200.670
1791599457.440 26829 11200.273
1791599457.441 26830 11201.084
1791599457.442 26837 11199.006
1791599457.443 26838 11199.939
1791599457.444 26845 11200.471
1791599457.445 26846 11201.445
1791599457.446 26853 11201.520
1791599457.447 26854 11202.331
1791599457.448 26861 11201.934
1791599457.449 26862 11202.740
1791599457.450 26869 11202.352
1791599457.451 26870 11203.158
1791599457.452 26877 11200.226
1791599457.453 26878 11201.178
1791599457.454 26885 11201.900
1791599457.455 26886 11202.876
1791599457.456 26893 11203.640
1791599457.457 26894 11204.186
1791599457.458 26901 11204.022
1791599457.459 26902 11204.944
1791599457.460 26909 11204.550
1791599457.461 26910 11205.368
1791599457.462 26917 11203.797
1791599457.463 26918 11204.735
1791599457.464 26925 11204.959
1791599457.465 26926 11205.914
1791599457.466 26933 11205.790
1791599457.467 26934 11206.595
1791599457.468 26941 11206.212
1791599457.469 26942 11207.023
1791599457.470 26949 11204.963
1791599457.471 26950 11205.902
1791599457.473 26957 11206.538
1791599457.474 26958 11207.510
1791599457.475 26965 11207.435
1791599457.476 26966 11208.245
1791599457.477 26973 11207.867
1791599457.478 26974 11208.674
1791599457.479 26981 11208.283
1791599457.480 26982 11209.086
1791599457.481 26989 11207.640
1791599457.482 26990 11208.593
1791599457.483 26997 11209.020
1791599457.484 26998 11209.727
1791599457.485 27005 11209.516
1791599457.486 27006 11210.325
1791599457.487 27013 11209.928
1791599457.488 27014 11210.732
1791599457.489 27021 11208.548
1791599457.490 27022 11209.492
1791599457.491 27029 11210.175
1791599457.492 27030 11211.155
1791599457.493 27037 11211.068
1791599457.494 27038 11212.034
1791599457.495 27045 11211.602
1791599457.496 27046 11212.406
1791599457.497 27053 11212.010
1791599457.498 27054 11212.818
1791599457.499 27061 11210.723
1791599457.500 27062 11211.831
1791599457.501 27069 11212.324
1791599457.502 27070 11213.299
1791599457.503 27077 11213.428
1791599457.504 27078 11211.249
1791599457.505 27085 11211.994
1791599457.506 27086 11212.994
1791599457.507 27093 11213.793
1791599457.508 27094 11214.771
1791599457.509 27101 11212.619
1791599457.510 27102 11213.655
1791599457.511 27109 11214.316
1791599457.512 27110 11215.288
1791599457.513 27117 11215.608
1791599457.514 27118 11215.871
1791599457.515 27125 11216.023
1791599457.516 27126 11216.832
1791599457.517 27133 11216.439
1791599457.518 27134 11217.242
1791599457.519 27141 11214.957
1791599457.520 27142 11215.897
1791599457.521 27149 11216.606
1791599457.522 27150 11217.581
1791599457.523 27157 11217.713
1791599457.524 27158 11218.483
1791599457.525 27165 11218.091
1791599457.526 27166 11218.893
1791599457.527 27173 11218.498
1791599457.528 27174 11219.309
1791599457.529 27181 11217.518
1791599457.530 27182 11218.468
1791599457.531 27189 11219.172
1791599457.532 27190 11220.143
1791599457.533 27197 11219.624
1791599457.534 27198 11220.558
1791599457.535 27205 11220.141
1791599457.536 27206 11220.977
1791599457.537 27213 11220.549
1791599457.538 27214 11221.357
1791599457.539 27221 11219.575
1791599457.540 27222 11220.523
1791599457.541 27229 11221.285
1791599457.542 27230 11222.108
1791599457.543 27237 11221.763
1791599457.544 27238 11222.575
1791599457.545 27245 11222.180
1791599457.546 27246 11222.986
1791599457.547 27253 11222.595
1791599457.548 27254 11223.400
1791599457.549 27261 11221.841
1791599457.550 27262 11222.793
1791599457.551 27269 11223.406
1791599457.552 27270 11224.193
1791599457.553 27277 11223.865
1791599457.554 27278 11224.672
1791599457.555 27285 11224.288
1791599457.556 27286 11225.095
1791599457.557 27293 11224.701
1791599457.558 27294 11223.475
1791599457.559 27301 11223.973
1791599457.560 27302 11225.042
1791599457.561 27309 11225.587
1791599457.562 27310 11226.400
1791599457.563 27317 11226.080
1791599457.564 27318 11226.825
1791599457.566 27325 11226.435
1791599457.567 27326 11227.239
1791599457.568 27333 11224.969
1791599457.569 27334 11225.913
1791599457.570 27341 11226.565
1791599457.571 27342 11227.536
1791599457.572 27349 11227.610
1791599457.573 27350 11228.124
1791599457.574 27357 11228.065
1791599457.575 27358 11228.866
1791599457.576 27365 11228.472
1791599457.577 27366 11229.276
1791599457.578 27373 11226.747
1791599457.579 27374 11227.662
1791599457.580 27381 11228.293
1791599457.581 27382 11229.262
1791599457.582 27389 11229.482
1791599457.583 27390 11230.443
1791599457.584 27397 11228.743
1791599457.585 27398 11229.715
1791599457.586 27405 11230.500
1791599457.587 27406 11231.201
1791599457.588 27413 11228.858
1791599457.589 27414 11229.804
1791599457.590 27421 11230.484
1791599457.591 27422 11231.454
1791599457.592 27429 11231.455
1791599457.593 27430 11232.422
1791599457.594 27437 11232.181
1791599457.595 27438 11232.987
1791599457.596 27445 11232.599
1791599457.597 27446 11233.406
1791599457.598 27453 11233.013
1791599457.599 27454 11233.814
1791599457.600 27461 11232.083
1791599457.601 27462 11233.010
1791599457.602 27469 11233.789
1791599457.603 27470 11234.625
1791599457.604 27477 11234.251
1791599457.605 27478 11235.058
1791599457.606 27485 11234.663
1791599457.607 27486 11235.468
1791599457.608 27493 11235.072
1791599457.609 27494 11235.881
1791599457.610 27501 11217.458
1791599457.611 27502 11218.554
1791599457.612 27509 11219.080
1791599457.613 27510 11220.056
1791599457.614 27517 11220.835
1791599457.615 27518 11221.807
1791599457.617 27525 11223.258
1791599457.618 27526 11224.228
1791599457.619 27533 11225.039
1791599457.620 27534 11225.992
1791599457.621 27541 11226.779
1791599457.622 27542 11227.752
1791599457.623 27549 11228.545
1791599457.624 27550 11229.524
1791599457.625 27557 11230.504
1791599457.626 27558 11231.489
1791599457.627 27565 11232.290
1791599457.628 27566 11233.245
1791599457.629 27573 11234.029
1791599457.630 27574 11235.001
1791599457.631 27581 11235.799
1791599457.632 27582 11236.779
1791599457.633 27589 11237.579
1791599457.634 27590 11238.505
1791599457.635 27597 11239.275
1791599457.636 27598 11240.245
1791599457.637 27605 11241.043
1791599457.638 27606 11242.016
1791599457.639 27613 11242.276
1791599457.640 27614 11243.084
1791599457.641 27621 11238.180
1791599457.642 27622 11239.134
1791599457.643 27629 11239.881
1791599457.644 27630 11240.859
1791599457.645 27637 11241.651
1791599457.646 27638 11242.620
1791599457.647 27645 11243.414
1791599457.648 27646 11244.372
1791599457.649 27653 11244.344
1791599457.650 27654 11245.155
1791599457.651 27661 11244.759
1791599457.652 27662 11245.561
1791599457.653 27669 11245.165
1791599457.654 27670 11245.974
1791599457.655 27677 11243.633
1791599457.656 27678 11244.587
1791599457.657 27685 11245.326
1791599457.658 27686 11246.300
1791599457.659 27693 11246.091
1791599457.660 27694 11247.042
1791599457.661 27701 11246.816
1791599457.662 27702 11247.745
1791599457.663 27709 11247.355
1791599457.664 27710 11248.163
1791599457.665 27717 11245.001
1791599457.666 27718 11245.940
1791599457.667 27725 11246.599
1791599457.668 27726 11247.567
1791599457.669 27733 11248.355
1791599457.670 27734 11249.331
1791599457.671 27741 11249.004
1791599457.672 27742 11249.814
1791599457.673 27749 11249.422
1791599457.674 27750 11250.226
1791599457.675 27757 11247.553
1791599457.676 27758 11248.474
1791599457.677 27765 11249.146
1791599457.678 27766 11250.123
1791599457.679 27773 11250.723
1791599457.680 27774 11251.290
1791599457.681 27781 11251.071
1791599457.682 27782 11251.874
1791599457.683 27789 11251.476
1791599457.684 27790 11252.283
1791599457.686 27797 11250.389
1791599457.687 27798 11250.984
1791599457.688 27805 11251.650
1791599457.689 27806 11252.625
1791599457.690 27813 11252.837
1791599457.691 27814 11253.804
1791599457.692 27821 11253.431
1791599457.693 27822 11254.240
1791599457.694 27829 11253.842
1791599457.695 27830 11254.654
1791599457.696 27837 11252.705
1791599457.697 27838 11253.657
1791599457.698 27845 11254.261
1791599457.699 27846 11255.233
1791599457.700 27853 11255.085
1791599457.701 27854 11255.891
1791599457.702 27861 11255.502
1791599457.703 27862 11256.314
1791599457.704 27869 11255.895
1791599457.705 27870 11256.727
1791599457.706 27877 11254.700
1791599457.707 27878 11255.645
1791599457.708 27885 11256.420
1791599457.709 27886 11257.396
1791599457.710 27893 11257.156
1791599457.711 27894 11257.964
1791599457.712 27901 11257.570
1791599457.713 27902 11258.468
1791599457.714 27909 11258.073
1791599457.715 27910 11258.883
1791599457.716 27917 11257.372
1791599457.717 27918 11258.304
1791599457.718 27925 11258.551
1791599457.719 27926 11259.508
1791599457.720 27933 11259.317
1791599457.721 27934 11260.121
1791599457.722 27941 11259.729
1791599457.723 27942 11260.539
1791599457.724 27949 11258.487
1791599457.725 27950 11259.441
1791599457.726 27957 11260.096
1791599457.727 27958 11261.072
1791599457.728 27965 11260.760
1791599457.729 27966 11261.726
1791599457.730 27973 11261.389
1791599457.731 27974 11262.196
1791599457.732 27981 11261.806
1791599457.733 27982 11262.616
1791599457.734 27989 11260.572
1791599457.735 27990 11261.517
1791599457.736 27997 11262.197
1791599457.737 27998 11263.173
1791599457.738 28005 11263.021
1791599457.739 28006 11263.853
1791599457.740 28013 11263.462
1791599457.741 28014 11264.269
1791599457.742 28021 11263.875
1791599457.743 28022 11264.678
1791599457.744 28029 11263.068
1791599457.745 28030 11264.023
1791599457.746 28037 11264.287
1791599457.747 28038 11265.249
1791599457.748 28045 11265.256
1791599457.750 28046 11266.278
1791599457.751 28053 11265.888
1791599457.752 28054 11266.693
1791599457.753 28061 11264.481
1791599457.754 28062 11265.414
1791599457.755 28069 11266.075
1791599457.756 28070 11267.050
1791599457.757 28077 11267.175
1791599457.758 28078 11267.940
1791599457.759 28085 11267.551
1791599457.760 28086 11268.369
1791599457.761 28093 11267.977
1791599457.762 28094 11268.788
1791599457.763 28101 11267.176
1791599457.764 28102 11268.217
1791599457.765 28109 11268.937
1791599457.766 28110 11269.371
1791599457.767 28117 11269.320
1791599457.768 28118 11270.134
1791599457.769 28125 11269.737
1791599457.770 28126 11270.547
1791599457.771 28133 11268.018
1791599457.772 28134 11268.935
1791599457.773 28141 11269.589
1791599457.774 28142 11270.561
1791599457.775 28149 11270.814
1791599457.776 28150 11271.766
1791599457.777 28157 11271.400
1791599457.778 28158 11272.208
1791599457.779 28165 11271.825
1791599457.780 28166 11272.629
1791599457.781 28173 11270.330
1791599457.782 28174 11271.247
1791599457.783 28181 11271.968
1791599457.784 28182 11272.942
1791599457.785 28189 11273.023
1791599457.786 28190 11273.860
1791599457.787 28197 11273.472
1791599457.788 28198 11274.277
1791599457.789 28205 11273.880
1791599457.790 28206 11274.687
1791599457.791 28213 11272.963
1791599457.792 28214 11273.927
1791599457.793 28221 11274.538
1791599457.794 28222 11275.509
1791599457.795 28229 11275.121
1791599457.796 28230 11275.924
1791599457.797 28237 11275.531
1791599457.798 28238 11276.338
1791599457.799 28245 11275.952
1791599457.800 28246 11274.981
1791599457.801 28253 11275.372
1791599457.802 28254 11276.338
1791599457.803 28261 11276.600
1791599457.804 28262 11277.567
1791599457.805 28269 11277.185
1791599457.806 28270 11277.992
1791599457.807 28277 11277.602
1791599457.808 28278 11278.412
1791599457.809 28285 11276.547
1791599457.810 28286 11277.499
1791599457.811 28293 11277.942
1791599457.812 28294 11278.919
1791599457.813 28301 11278.834
1791599457.814 28302 11279.746
1791599457.815 28309 11279.312
1791599457.816 28310 11280.141
1791599457.817 28317 11279.760
1791599457.818 28318 11280.560
1791599457.819 28325 11279.268
1791599457.820 28326 11280.221
1791599457.821 28333 11280.464
1791599457.822 28334 11281.421
1791599457.823 28341 11281.009
1791599457.824 28342 11281.784
1791599457.825 28349 11281.413
1791599457.826 28350 11282.222
1791599457.827 28357 11280.002
1791599457.828 28358 11280.942
1791599457.829 28365 11281.563
1791599457.830 28366 11282.533
1791599457.831 28373 11282.678
1791599457.832 28374 11283.438
1791599457.833 28381 11283.072
1791599457.834 28382 11283.879
1791599457.835 28389 11283.485
1791599457.836 28390 11284.297
1791599457.837 28397 11282.464
1791599457.838 28398 11283.416
1791599457.839 28405 11284.041
1791599457.840 28406 11285.012
1791599457.841 28413 11284.720
1791599457.842 28414 11285.524
1791599457.843 28421 11285.138
1791599457.844 28422 11285.947
1791599457.845 28429 11285.551
1791599457.846 28430 11284.464
1791599457.847 28437 11285.047
1791599457.848 28438 11286.016
1791599457.849 28445 11286.207
1791599457.850 28446 11287.187
1791599457.851 28453 11286.792
1791599457.852 28454 11287.596
1791599457.853 28461 11287.200
1791599457.854 28462 11288.002
1791599457.855 28469 11286.191
1791599457.856 28470 11287.146
1791599457.857 28477 11287.861
1791599457.859 28478 11288.832
1791599457.860 28485 11288.443
1791599457.861 28486 11289.249
1791599457.862 28493 11288.855
1791599457.863 28494 11289.670
1791599457.864 28501 11289.278
1791599457.865 28502 11288.456
1791599457.866 28509 11289.048
1791599457.867 28510 11290.014
1791599457.868 28517 11290.242
1791599457.869 28518 11291.048
1791599457.870 28525 11290.657
1791599457.871 28526 11291.462
1791599457.872 28533 11291.073
1791599457.873 28534 11291.884
1791599457.874 28541 11290.223
1791599457.875 28542 11291.177
1791599457.876 28549 11291.889
1791599457.877 28550 11292.329
1791599457.878 28557 11292.311
1791599457.879 28558 11293.118
1791599457.880 28565 11292.728
1791599457.881 28566 11293.535
1791599457.882 28573 11291.405
1791599457.883 28574 11292.341
1791599457.884 28581 11292.933
1791599457.885 28582 11293.900
1791599457.886 28589 11293.411
1791599457.887 28590 11294.390
1791599457.888 28597 11294.046
1791599457.889 28598 11295.008
1791599457.890 28605 11294.810
1791599457.891 28606 11295.618
1791599457.892 28613 11293.793
1791599457.893 28614 11294.738
1791599457.894 28621 11295.462
1791599457.895 28622 11296.440
1791599457.896 28629 11295.635
1791599457.897 28630 11296.612
1791599457.898 28637 11296.466
1791599457.899 28638 11297.271
1791599457.900 28645 11296.875
1791599457.901 28646 11295.912
1791599457.902 28653 11296.505
1791599457.903 28654 11297.475
1791599457.904 28661 11297.473
1791599457.905 28662 11298.448
1791599457.906 28669 11298.112
1791599457.907 28670 11298.918
1791599457.908 28677 11298.520
1791599457.909 28678 11299.326
1791599457.910 28685 11297.350
1791599457.911 28686 11298.188
1791599457.912 28693 11298.928
1791599457.913 28694 11299.904
1791599457.914 28701 11299.533
1791599457.915 28702 11300.559
1791599457.916 28709 11300.248
1791599457.917 28710 11301.056
1791599457.918 28717 11300.661
1791599457.919 28718 11301.481
1791599457.920 28725 11299.617
1791599457.921 28726 11300.570
1791599457.922 28733 11301.276
1791599457.923 28734 11302.249
1791599457.924 28741 11301.855
1791599457.925 28742 11302.680
1791599457.926 28749 11302.317
1791599457.927 28750 11303.125
1791599457.928 28757 11302.730
1791599457.929 28758 11303.541
1791599457.930 28765 11301.618
1791599457.931 28766 11302.543
1791599457.932 28773 11303.279
1791599457.933 28774 11304.257
1791599457.934 28781 11303.941
1791599457.935 28782 11304.703
1791599457.936 28789 11304.399
1791599457.937 28790 11305.233
1791599457.938 28797 11304.818
1791599457.939 28798 11305.658
1791599457.940 28805 11303.784
1791599457.941 28806 11304.739
1791599457.942 28813 11305.449
1791599457.943 28814 11306.427
1791599457.944 28821 11306.040
1791599457.945 28822 11306.858
1791599457.946 28829 11306.459
1791599457.947 28830 11307.276
1791599457.948 28837 11306.883
1791599457.949 28838 11307.687
1791599457.950 28845 11305.572
1791599457.951 28846 11306.524
1791599457.952 28853 11307.265
1791599457.953 28854 11308.237
1791599457.954 28861 11307.947
1791599457.955 28862 11308.904
1791599457.956 28869 11308.522
1791599457.957 28870 11309.295
1791599457.958 28877 11308.935
1791599457.959 28878 11309.745
1791599457.960 28885 11305.741
1791599457.961 28886 11306.676
1791599457.962 28893 11307.220
1791599457.963 28894 11308.196
1791599457.964 28901 11308.985
1791599457.966 28902 11310.086
1791599457.967 28909 11310.311
1791599457.968 28910 11311.267
1791599457.969 28917 11311.131
1791599457.970 28918 11311.955
1791599457.971 28925 11310.115
1791599457.972 28926 11311.074
1791599457.973 28933 11311.791
1791599457.974 28934 11312.770
1791599457.975 28941 11312.408
1791599457.976 28942 11313.217
1791599457.977 28949 11312.829
1791599457.978 28950 11313.633
1791599457.979 28957 11313.235
1791599457.980 28958 11312.272
1791599457.981 28965 11312.856
1791599457.982 28966 11313.828
1791599457.983 28973 11314.024
1791599457.984 28974 11314.865
1791599457.985 28981 11314.484
1791599457.986 28982 11315.289
1791599457.987 28989 11314.897
1791599457.988 28990 11315.704
1791599457.989 28997 11313.895
1791599457.990 28998 11314.848
1791599457.991 29005 11315.588
1791599457.992 29006 11316.569
1791599457.993 29013 11316.139
1791599457.994 29014 11316.947
1791599457.995 29021 11316.555
1791599457.996 29022 11317.361
1791599457.997 29029 11316.966
1791599457.998 29030 11315.949
1791599457.999 29037 11316.573
1791599458.000 29038 11317.541
1791599458.001 29045 11317.741
1791599458.002 29046 11318.586
1791599458.003 29053 11318.209
1791599458.004 29054 11319.018
1791599458.005 29061 11318.628
1791599458.006 29062 11319.435
1791599458.007 29069 11317.705
1791599458.008 29070 11318.674
1791599458.009 29077 11319.411
1791599458.010 29078 11319.824
1791599458.011 29085 11319.879
1791599458.012 29086 11320.686
1791599458.013 29093 11320.291
1791599458.014 29094 11321.117
1791599458.015 29101 11320.703
1791599458.016 29102 11321.616
1791599458.017 29109 11319.693
1791599458.018 29110 11320.652
1791599458.019 29117 11321.360
1791599458.020 29118 11322.285
1791599458.021 29125 11322.065
1791599458.022 29126 11322.868
1791599458.023 29133 11322.480
1791599458.024 29134 11323.286
1791599458.025 29141 11322.896
1791599458.026 29142 11323.700
1791599458.027 29149 11322.266
1791599458.028 29150 11323.210
1791599458.029 29157 11323.416
1791599458.030 29158 11324.386
1791599458.031 29165 11324.134
1791599458.032 29166 11324.915
1791599458.033 29173 11324.544
1791599458.034 29174 11325.350
1791599458.035 29181 11322.934
1791599458.036 29182 11323.874
1791599458.037 29189 11324.538
1791599458.038 29190 11325.516
1791599458.039 29197 11325.686
1791599458.040 29198 11326.659
1791599458.041 29205 11326.204
1791599458.042 29206 11327.013
1791599458.043 29213 11326.621
1791599458.044 29214 11327.429
1791599458.045 29221 11325.508
1791599458.046 29222 11326.465
1791599458.047 29229 11327.202
1791599458.048 29230 11328.180
1791599458.049 29237 11327.865
1791599458.050 29238 11328.671
1791599458.051 29245 11328.199
1791599458.052 29246 11329.151
1791599458.053 29253 11328.690
1791599458.054 29254 11327.667
1791599458.055 29261 11328.145
1791599458.056 29262 11329.116
1791599458.057 29269 11329.362
1791599458.058 29270 11330.333
1791599458.059 29277 11329.933
1791599458.060 29278 11330.739
1791599458.061 29285 11330.346
1791599458.062 29286 11331.154
1791599458.063 29293 11329.267
1791599458.064 29294 11330.087
1791599458.065 29301 11330.787
1791599458.067 29302 11331.857
1791599458.068 29309 11331.680
1791599458.069 29310 11332.491
1791599458.070 29317 11332.102
1791599458.071 29318 11332.907
1791599458.072 29325 11332.513
1791599458.073 29326 11333.320
1791599458.074 29333 11331.811
1791599458.075 29334 11332.753
1791599458.076 29341 11332.523
1791599458.077 29342 11333.470
1791599458.078 29349 11333.777
1791599458.079 29350 11334.591
1791599458.080 29357 11334.177
1791599458.081 29358 11335.001
1791599458.082 29365 11332.786
1791599458.083 29366 11333.733
1791599458.084 29373 11334.399
1791599458.085 29374 11335.375
1791599458.086 29381 11335.438
1791599458.087 29382 11336.255
1791599458.088 29389 11335.864
1791599458.089 29390 11336.668
1791599458.090 29397 11336.279
1791599458.091 29398 11337.087
1791599458.092 29405 11335.269
1791599458.093 29406 11336.224
1791599458.094 29413 11336.929
1791599458.095 29414 11337.904
1791599458.096 29421 11337.520
1791599458.097 29422 11338.329
1791599458.098 29429 11337.937
1791599458.099 29430 11338.745
1791599458.100 29437 11338.351
1791599458.101 29438 11337.395
1791599458.102 29445 11337.998
1791599458.103 29446 11338.971
1791599458.104 29453 11339.139
1791599458.105 29454 11339.981
1791599458.106 29461 11339.595
1791599458.107 29462 11340.401
1791599458.108 29469 11340.012
1791599458.109 29470 11340.820
1791599458.110 29477 11338.757
1791599458.111 29478 11339.702
1791599458.112 29485 11340.425
1791599458.113 29486 11341.404
1791599458.114 29493 11341.249
1791599458.115 29494 11342.067
1791599458.116 29501 11341.676
1791599458.117 29502 11342.573
1791599458.118 29509 11342.181
1791599458.119 29510 11342.990
1791599458.120 29517 11341.670
1791599458.121 29518 11342.615
1791599458.122 29525 11342.825
1791599458.123 29526 11343.799
1791599458.124 29533 11343.430
1791599458.125 29534 11344.237
1791599458.126 29541 11343.842
1791599458.127 29542 11344.649
1791599458.128 29549 11342.777
1791599458.129 29550 11343.731
1791599458.130 29557 11344.417
1791599458.131 29558 11345.392
1791599458.132 29565 11345.083
1791599458.133 29566 11345.887
1791599458.134 29573 11345.494
1791599458.135 29574 11346.302
1791599458.136 29581 11345.911
1791599458.137 29582 11346.717
1791599458.138 29589 11344.630
1791599458.139 29590 11345.559
1791599458.140 29597 11346.130
1791599458.141 29598 11347.101
1791599458.142 29605 11347.148
1791599458.143 29606 11347.961
1791599458.144 29613 11347.567
1791599458.145 29614 11348.376
1791599458.146 29621 11347.992
1791599458.147 29622 11348.824
1791599458.148 29629 11347.238
1791599458.149 29630 11348.196
1791599458.150 29637 11348.393
1791599458.151 29638 11349.352
1791599458.152 29645 11349.240
1791599458.153 29646 11350.048
1791599458.154 29653 11349.655
1791599458.155 29654 11350.461
1791599458.156 29661 11348.290
1791599458.157 29662 11349.227
1791599458.158 29669 11349.915
1791599458.159 29670 11350.890
1791599458.160 29677 11350.895
1791599458.161 29678 11351.703
1791599458.162 29685 11351.310
1791599458.163 29686 11352.114
1791599458.164 29693 11351.722
1791599458.165 29694 11352.528
1791599458.166 29701 11350.386
1791599458.168 29702 11351.441
1791599458.169 29709 11352.202
1791599458.170 29710 11353.179
1791599458.171 29717 11352.716
1791599458.172 29718 11353.690
1791599458.173 29725 11353.488
1791599458.174 29726 11354.292
1791599458.175 29733 11353.903
1791599458.176 29734 11354.710
1791599458.177 29741 11353.107
1791599458.178 29742 11354.060
1791599458.179 29749 11354.187
1791599458.180 29750 11355.141
1791599458.181 29757 11355.161
1791599458.182 29758 11355.966
1791599458.183 29765 11355.573
1791599458.184 29766 11356.385
1791599458.185 29773 11354.202
1791599458.186 29774 11354.664
1791599458.187 29781 11355.270
1791599458.188 29782 11356.243
1791599458.189 29789 11354.985
1791599458.190 29790 11355.934
1791599458.191 29797 11356.711
1791599458.192 29798 11357.687
1791599458.193 29805 11357.647
1791599458.194 29806 11358.462
1791599458.195 29813 11356.838
1791599458.196 29814 11357.794
1791599458.197 29821 11358.542
1791599458.198 29822 11358.963
1791599458.199 29829 11358.900
1791599458.200 29830 11359.703
1791599458.201 29837 11359.314
1791599458.202 29838 11360.124
1791599458.203 29845 11359.721
1791599458.204 29846 11360.536
1791599458.205 29853 11358.699
1791599458.206 29854 11358.773
1791599458.207 29861 11359.474
1791599458.208 29862 11360.446
1791599458.209 29869 11360.945
1791599458.210 29870 11361.780
1791599458.211 29877 11361.394
1791599458.212 29878 11362.143
1791599458.213 29885 11361.809
1791599458.214 29886 11362.617
1791599458.215 29893 11360.631
1791599458.216 29894 11361.586
1791599458.217 29901 11362.334
1791599458.218 29902 11363.415
1791599458.219 29909 11363.103
1791599458.220 29910 11363.940
1791599458.221 29917 11363.570
1791599458.222 29918 11364.371
1791599458.223 29925 11363.981
1791599458.224 29926 11364.790
1791599458.225 29933 11362.657
1791599458.226 29934 11363.616
1791599458.227 29941 11364.316
1791599458.228 29942 11365.289
1791599458.229 29949 11364.960
1791599458.230 29950 11365.922
1791599458.231 29957 11365.643
1791599458.232 29958 11366.451
1791599458.233 29965 11366.063
1791599458.234 29966 11366.870
1791599458.235 29973 11364.457
1791599458.236 29974 11365.403
1791599458.237 29981 11366.102
1791599458.238 29982 11367.079
1791599458.239 29989 11367.375
1791599458.240 29990 11368.013
1791599458.241 29997 11367.720
1791599458.242 29998 11368.525
1791599458.243 30005 11368.134
1791599458.244 30006 11368.938
1791599458.245 30013 11368.548
1791599458.246 30014 11367.199
1791599458.247 30021 11367.822
1791599458.248 30022 11368.794
1791599458.249 30029 11369.109
1791599458.250 30030 11370.052
1791599458.251 30037 11369.783
1791599458.252 30038 11370.186
1791599458.253 30045 11369.859
1791599458.254 30046 11370.809
1791599458.255 30053 11370.625
1791599458.256 30054 11371.432
1791599458.257 30061 11369.707
1791599458.258 30062 11370.632
1791599458.259 30069 11371.379
1791599458.260 30070 11371.824
1791599458.261 30077 11371.828
1791599458.262 30078 11372.650
1791599458.263 30085 11372.287
1791599458.264 30086 11373.094
1791599458.265 30093 11370.690
1791599458.266 30094 11371.609
1791599458.267 30101 11372.137
1791599458.269 30102 11373.228
1791599458.270 30109 11373.515
1791599458.271 30110 11374.476
1791599458.272 30117 11374.064
1791599458.273 30118 11374.870
1791599458.274 30125 11374.474
1791599458.275 30126 11375.280
1791599458.276 30133 11372.908
1791599458.277 30134 11373.850
1791599458.278 30141 11374.543
1791599458.279 30142 11375.517
1791599458.280 30149 11375.782
1791599458.281 30150 11376.425
1791599458.282 30157 11376.130
1791599458.283 30158 11376.933
1791599458.284 30165 11376.548
1791599458.285 30166 11377.357
1791599458.286 30173 11374.823
1791599458.287 30174 11375.744
1791599458.288 30181 11376.407
1791599458.289 30182 11377.376
1791599458.290 30189 11377.682
1791599458.291 30190 11378.643
1791599458.292 30197 11378.181
1791599458.293 30198 11379.016
1791599458.294 30205 11378.581
1791599458.295 30206 11379.384
1791599458.296 30213 11378.989
1791599458.297 30214 11379.793
1791599458.298 30221 11378.094
1791599458.299 30222 11379.022
1791599458.300 30229 11379.800
1791599458.301 30230 11380.321
1791599458.302 30237 11380.214
1791599458.303 30238 11381.025
1791599458.304 30245 11380.630
1791599458.305 30246 11381.433
1791599458.306 30253 11381.039
1791599458.307 30254 11381.842
1791599458.308 30261 11379.906
1791599458.309 30262 11380.858
1791599458.310 30269 11381.598
1791599458.311 30270 11382.570
1791599458.312 30277 11382.126
1791599458.313 30278 11383.061
1791599458.314 30285 11382.657
1791599458.315 30286 11383.459
1791599458.316 30293 11383.071
1791599458.317 30294 11383.874
1791599458.318 30301 11381.425
1791599458.319 30302 11382.464
1791599458.320 30309 11383.154
1791599458.321 30310 11384.125
1791599458.322 30317 11384.383
1791599458.323 30318 11385.187
1791599458.324 30325 11384.810
1791599458.325 30326 11385.614
1791599458.326 30333 11385.215
1791599458.327 30334 11386.019
1791599458.328 30341 11385.620
1791599458.329 30342 11384.184
1791599458.330 30349 11384.795
1791599458.331 30350 11385.771
1791599458.332 30357 11386.424
1791599458.333 30358 11387.279
1791599458.334 30365 11386.801
1791599458.335 30366 11387.624
1791599458.336 30373 11387.218
1791599458.337 30374 11388.042
1791599458.338 30381 11385.588
1791599458.339 30382 11386.519
1791599458.340 30389 11387.075
1791599458.341 30390 11388.043
1791599458.342 30397 11388.392
1791599458.343 30398 11389.351
1791599458.344 30405 11388.889
1791599458.345 30406 11389.693
1791599458.346 30413 11389.300
1791599458.347 30414 11390.109
1791599458.348 30421 11388.008
1791599458.349 30422 11388.959
1791599458.350 30429 11389.680
1791599458.351 30430 11390.653
1791599458.352 30437 11390.305
1791599458.353 30438 11391.267
1791599458.354 30445 11390.941
1791599458.355 30446 11391.750
1791599458.356 30453 11391.356
1791599458.357 30454 11392.158
1791599458.358 30461 11390.158
1791599458.359 30462 11391.108
1791599458.360 30469 11391.851
1791599458.361 30470 11392.823
1791599458.362 30477 11392.657
1791599458.363 30478 11393.359
1791599458.364 30485 11393.005
1791599458.365 30486 11393.815
1791599458.366 30493 11393.423
1791599458.367 30494 11394.230
1791599458.368 30501 11391.999
1791599458.369 30502 11392.893
1791599458.370 30509 11393.546
1791599458.371 30510 11394.521
1791599458.372 30517 11394.765
1791599458.373 30518 11395.154
1791599458.374 30525 11395.187
1791599458.375 30526 11395.996
1791599458.376 30533 11395.606
1791599458.377 30534 11396.414
1791599458.378 30541 11394.382
1791599458.379 30542 11395.331
1791599458.380 30549 11396.060
1791599458.381 30550 11397.037
1791599458.382 30557 11396.457
1791599458.383 30558 11397.431
1791599458.384 30565 11397.265
1791599458.385 30566 11398.069
1791599458.386 30573 11397.681
1791599458.387 30574 11398.493
1791599458.388 30581 11396.581
1791599458.389 30582 11397.535
1791599458.390 30589 11398.307
1791599458.391 30590 11399.279
1791599458.392 30597 11398.933
1791599458.393 30598 11399.735
1791599458.394 30605 11399.337
1791599458.395 30606 11400.156
1791599458.396 30613 11399.763
1791599458.397 30614 11398.628
1791599458.398 30621 11398.618
1791599458.399 30622 11399.593
1791599458.400 30629 11400.372
1791599458.401 30630 11401.346
1791599458.402 30637 11401.011
1791599458.403 30638 11401.816
1791599458.404 30645 11401.426
1791599458.405 30646 11402.233
1791599458.407 30653 11401.843
1791599458.408 30654 11400.733
1791599458.409 30661 11399.119
1791599458.410 30662 11400.084
1791599458.411 30669 11400.815
1791599458.412 30670 11401.787
1791599458.413 30677 11402.569
1791599458.414 30678 11403.543
1791599458.415 30685 11403.492
1791599458.416 30686 11404.299
1791599458.417 30693 11403.904
1791599458.418 30694 11402.666
1791599458.419 30701 11402.773
1791599458.420 30702 11403.885
1791599458.421 30709 11404.503
1791599458.422 30710 11405.478
1791599458.423 30717 11405.289
1791599458.424 30718 11406.092
1791599458.425 30725 11405.700
1791599458.426 30726 11406.506
1791599458.427 30733 11406.113
1791599458.428 30734 11406.922
1791599458.429 30741 11405.397
1791599458.430 30742 11406.351
1791599458.431 30749 11406.766
1791599458.432 30750 11407.722
1791599458.433 30757 11407.353
1791599458.434 30758 11408.160
1791599458.435 30765 11407.767
1791599458.436 30766 11408.573
1791599458.437 30773 11405.843
1791599458.438 30774 11406.376
1791599458.439 30781 11406.985
1791599458.440 30782 11407.962
1791599458.441 30789 11408.753
1791599458.442 30790 11409.729
1791599458.443 30797 11409.422
1791599458.444 30798 11410.231
1791599458.445 30805 11409.838
1791599458.446 30806 11410.645
1791599458.447 30813 11408.326
1791599458.448 30814 11408.700
1791599458.449 30821 11409.279
1791599458.450 30822 11410.248
1791599458.451 30829 11411.026
1791599458.452 30830 11411.864
1791599458.453 30837 11411.328
1791599458.454 30838 11412.296
1791599458.455 30845 11411.910
1791599458.456 30846 11412.718
1791599458.457 30853 11410.267
1791599458.458 30854 11411.193
1791599458.459 30861 11411.855
1791599458.460 30862 11412.827
1791599458.461 30869 11412.999
1791599458.462 30870 11413.953
1791599458.463 30877 11413.567
1791599458.464 30878 11414.374
1791599458.465 30885 11413.983
1791599458.466 30886 11414.785
1791599458.467 30893 11414.392
1791599458.468 30894 11413.087
1791599458.469 30901 11413.590
1791599458.470 30902 11414.676
1791599458.471 30909 11415.280
1791599458.472 30910 11416.101
1791599458.473 30917 11415.742
1791599458.474 30918 11416.548
1791599458.475 30925 11416.154
1791599458.476 30926 11416.960
1791599458.477 30933 11416.573
1791599458.478 30934 11415.305
1791599458.479 30941 11415.919
1791599458.480 30942 11416.888
1791599458.481 30949 11417.374
1791599458.482 30950 11418.199
1791599458.483 30957 11417.820
1791599458.484 30958 11418.624
1791599458.485 30965 11418.238
1791599458.486 30966 11419.044
1791599458.487 30973 11418.657
1791599458.488 30974 11419.465
1791599458.489 30981 11417.849
1791599458.490 30982 11418.803
1791599458.491 30989 11417.999
1791599458.492 30990 11418.973
1791599458.493 30997 11419.628
1791599458.494 30998 11420.578
1791599458.495 31005 11420.309
1791599458.496 31006 11421.117
1791599458.497 31013 11418.810
1791599458.498 31014 11419.360
1791599458.499 31021 11419.967
1791599458.500 31022 11420.937
1791599458.501 31029 11421.542
1791599458.502 31030 11422.090
1791599458.503 31037 11421.965
1791599458.504 31038 11422.770
1791599458.505 31045 11422.375
1791599458.506 31046 11423.188
1791599458.507 31053 11420.986
1791599458.508 31054 11421.915
1791599458.509 31061 11422.513
1791599458.510 31062 11423.489
1791599458.511 31069 11423.678
1791599458.513 31070 11424.432
1791599458.514 31077 11424.045
1791599458.515 31078 11424.851
1791599458.516 31085 11424.459
1791599458.517 31086 11425.267
1791599458.518 31093 11423.449
1791599458.519 31094 11424.393
1791599458.520 31101 11425.128
1791599458.521 31102 11426.235
1791599458.522 31109 11425.829
1791599458.523 31110 11426.633
1791599458.524 31117 11426.253
1791599458.525 31118 11427.093
1791599458.526 31125 11426.661
1791599458.527 31126 11425.655
1791599458.528 31133 11426.276
1791599458.529 31134 11427.254
1791599458.530 31141 11427.443
1791599458.531 31142 11428.286
1791599458.532 31149 11427.908
1791599458.533 31150 11428.713
1791599458.534 31157 11428.322
1791599458.535 31158 11429.125
1791599458.536 31165 11427.356
1791599458.537 31166 11428.302
1791599458.538 31173 11426.180
1791599458.539 31174 11427.135
1791599458.540 31181 11427.909
1791599458.541 31182 11428.886
1791599458.542 31189 11429.676
1791599458.543 31190 11430.651
1791599458.544 31197 11430.467
1791599458.545 31198 11429.450
1791599458.546 31205 11430.052
1791599458.547 31206 11431.026
1791599458.548 31213 11431.072
1791599458.549 31214 11432.021
1791599458.550 31221 11431.637
1791599458.551 31222 11432.450
1791599458.552 31229 11432.058
1791599458.553 31230 11432.866
1791599458.554 31237 11430.450
1791599458.555 31238 11431.377
1791599458.556 31245 11432.002
1791599458.557 31246 11432.971
1791599458.558 31253 11433.293
1791599458.559 31254 11434.102
1791599458.560 31261 11433.706
1791599458.561 31262 11434.515
1791599458.562 31269 11434.119
1791599458.563 31270 11434.925
1791599458.564 31277 11432.979
1791599458.565 31278 11433.928
1791599458.566 31285 11434.650
1791599458.567 31286 11435.626
1791599458.568 31293 11435.154
1791599458.569 31294 11436.122
1791599458.570 31301 11435.779
1791599458.571 31302 11436.666
1791599458.572 31309 11436.267
1791599458.573 31310 11437.078
1791599458.574 31317 11435.050
1791599458.575 31318 11436.003
1791599458.576 31325 11436.704
1791599458.577 31326 11437.682
1791599458.578 31333 11437.038
1791599458.579 31334 11437.990
1791599458.580 31341 11437.925
1791599458.581 31342 11438.733
1791599458.582 31349 11438.342
1791599458.583 31350 11439.147
1791599458.584 31357 11437.713
1791599458.585 31358 11438.670
1791599458.586 31365 11439.136
1791599458.587 31366 11439.962
1791599458.588 31373 11439.566
1791599458.589 31374 11440.387
1791599458.590 31381 11439.999
1791599458.591 31382 11440.808
1791599458.592 31389 11438.748
1791599458.593 31390 11439.701
1791599458.594 31397 11440.251
1791599458.595 31398 11441.227
1791599458.596 31405 11440.993
1791599458.597 31406 11441.963
1791599458.598 31413 11441.660
1791599458.599 31414 11442.467
1791599458.600 31421 11442.074
1791599458.601 31422 11442.882
1791599458.602 31429 11440.825
1791599458.603 31430 11441.782
1791599458.604 31437 11442.490
1791599458.605 31438 11443.466
1791599458.606 31445 11443.188
1791599458.607 31446 11444.145
1791599458.608 31453 11443.736
1791599458.609 31454 11444.545
1791599458.610 31461 11444.155
1791599458.611 31462 11444.959
1791599458.612 31469 11443.264
1791599458.613 31470 11444.223
1791599458.614 31477 11444.980
1791599458.615 31478 11445.825
1791599458.616 31485 11445.393
1791599458.617 31486 11446.211
1791599458.618 31493 11445.823
1791599458.620 31494 11446.634
1791599458.621 31501 11446.243
1791599458.622 31502 11447.174
1791599458.623 31509 11445.430
1791599458.624 31510 11446.390
1791599458.625 31517 11447.149
1791599458.626 31518 11448.015
1791599458.627 31525 11447.623
1791599458.628 31526 11448.433
1791599458.629 31533 11448.042
1791599458.630 31534 11448.850
1791599458.631 31541 11448.463
1791599458.632 31542 11449.263
1791599458.633 31549 11447.678
1791599458.634 31550 11448.640
1791599458.635 31557 11448.755
1791599458.636 31558 11449.712
1791599458.637 31565 11449.707
1791599458.638 31566 11450.511
1791599458.639 31573 11450.112
1791599458.640 31574 11450.921
1791599458.641 31581 11448.659
1791599458.642 31582 11449.608
1791599458.643 31589 11450.298
1791599458.644 31590 11451.269
1791599458.645 31597 11451.368
1791599458.646 31598 11452.154
1791599458.647 31605 11451.390
1791599458.648 31606 11452.343
1791599458.649 31613 11452.185
1791599458.650 31614 11452.994
1791599458.651 31621 11450.993
1791599458.652 31622 11451.944
1791599458.653 31629 11452.669
1791599458.654 31630 11453.642
1791599458.655 31637 11453.387
1791599458.656 31638 11454.255
1791599458.657 31645 11453.839
1791599458.658 31646 11454.646
1791599458.659 31653 11454.249
1791599458.660 31654 11455.052
1791599458.661 31661 11453.181
1791599458.662 31662 11454.125
1791599458.663 31669 11454.844
1791599458.664 31670 11455.822
1791599458.665 31677 11455.498
1791599458.666 31678 11456.303
1791599458.667 31685 11455.907
1791599458.668 31686 11456.712
1791599458.669 31693 11456.313
1791599458.670 31694 11455.192
1791599458.671 31701 11455.633
1791599458.672 31702 11456.729
1791599458.673 31709 11457.292
1791599458.674 31710 11458.074
1791599458.675 31717 11457.630
1791599458.676 31718 11458.463
1791599458.677 31725 11458.102
1791599458.678 31726 11458.910
1791599458.679 31733 11456.634
1791599458.680 31734 11457.543
1791599458.681 31741 11458.188
1791599458.682 31742 11459.154
1791599458.683 31749 11459.322
1791599458.684 31750 11460.143
1791599458.685 31757 11459.750
1791599458.686 31758 11460.558
1791599458.687 31765 11460.171
1791599458.688 31766 11460.980
1791599458.689 31773 11457.415
1791599458.690 31774 11458.357
1791599458.691 31781 11459.080
1791599458.692 31782 11460.051
1791599458.693 31789 11460.840
1791599458.694 31790 11461.819
1791599458.695 31797 11461.818
1791599458.696 31798 11462.626
1791599458.697 31805 11462.223
1791599458.698 31806 11463.032
1791599458.699 31813 11461.216
1791599458.700 31814 11462.169
1791599458.701 31821 11462.917
1791599458.702 31822 11463.896
1791599458.703 31829 11463.468
1791599458.704 31830 11464.274
1791599458.705 31837 11463.877
1791599458.706 31838 11464.675
1791599458.707 31845 11464.288
1791599458.708 31846 11463.295
1791599458.709 31853 11463.916
1791599458.710 31854 11464.888
1791599458.711 31861 11465.033
1791599458.712 31862 11465.991
1791599458.713 31869 11465.524
1791599458.714 31870 11466.332
1791599458.715 31877 11465.939
1791599458.716 31878 11466.747
1791599458.717 31885 11464.890
1791599458.718 31886 11465.841
1791599458.719 31893 11466.529
1791599458.720 31894 11467.502
1791599458.721 31901 11467.188
1791599458.723 31902 11468.084
1791599458.724 31909 11467.695
1791599458.725 31910 11468.507
1791599458.726 31917 11468.116
1791599458.727 31918 11468.919
1791599458.728 31925 11467.096
1791599458.729 31926 11468.042
1791599458.730 31933 11468.742
1791599458.731 31934 11469.717
1791599458.732 31941 11469.375
1791599458.733 31942 11470.181
1791599458.734 31949 11469.787
1791599458.735 31950 11470.592
1791599458.736 31957 11470.192
1791599458.737 31958 11469.121
1791599458.738 31965 11469.718
1791599458.739 31966 11470.692
1791599458.740 31973 11470.884
1791599458.741 31974 11471.858
1791599458.742 31981 11471.437
1791599458.743 31982 11472.242
1791599458.744 31989 11471.845
1791599458.745 31990 11472.653
1791599458.746 31997 11470.836
1791599458.747 31998 11471.787
1791599458.748 32005 11472.377
1791599458.749 32006 11473.350
1791599458.750 32013 11473.086
1791599458.751 32014 11473.890
1791599458.752 32021 11473.498
1791599458.753 32022 11474.302
1791599458.754 32029 11473.914
1791599458.755 32030 11474.722
1791599458.756 32037 11473.361
1791599458.757 32038 11474.304
1791599458.758 32045 11474.485
1791599458.759 32046 11475.457
1791599458.760 32053 11475.149
1791599458.761 32054 11475.960
1791599458.762 32061 11475.567
1791599458.763 32062 11476.377
1791599458.764 32069 11474.401
1791599458.765 32070 11475.349
1791599458.766 32077 11476.019
1791599458.767 32078 11476.995
1791599458.768 32085 11476.762
1791599458.769 32086 11477.176
1791599458.770 32093 11477.238
1791599458.771 32094 11478.035
1791599458.772 32101 11477.642
1791599458.773 32102 11478.543
1791599458.774 32109 11476.778
1791599458.775 32110 11477.732
1791599458.776 32117 11478.370
1791599458.777 32118 11479.331
1791599458.778 32125 11478.701
1791599458.779 32126 11479.660
1791599458.780 32133 11479.439
1791599458.781 32134 11480.214
1791599458.782 32141 11479.821
1791599458.783 32142 11478.581
1791599458.784 32149 11479.163
1791599458.785 32150 11480.137
1791599458.786 32157 11480.604
1791599458.787 32158 11481.063
1791599458.788 32165 11481.028
1791599458.789 32166 11481.862
1791599458.790 32173 11481.479
1791599458.791 32174 11482.288
1791599458.792 32181 11480.174
1791599458.793 32182 11481.121
1791599458.794 32189 11481.812
1791599458.795 32190 11482.786
1791599458.796 32197 11481.997
1791599458.797 32198 11482.969
1791599458.798 32205 11482.864
1791599458.799 32206 11483.827
1791599458.800 32213 11483.557
1791599458.801 32214 11484.364
1791599458.802 32221 11482.553
1791599458.803 32222 11483.506
1791599458.804 32229 11484.252
1791599458.805 32230 11485.225
1791599458.806 32237 11484.794
1791599458.807 32238 11485.603
1791599458.808 32245 11485.211
1791599458.809 32246 11486.017
1791599458.810 32253 11485.627
1791599458.811 32254 11486.434
1791599458.812 32261 11484.350
1791599458.813 32262 11485.311
1791599458.814 32269 11486.060
1791599458.815 32270 11487.035
1791599458.816 32277 11486.885
1791599458.817 32278 11487.678
1791599458.818 32285 11487.286
1791599458.819 32286 11488.093
1791599458.820 32293 11487.695
1791599458.821 32294 11488.503
1791599458.822 32301 11486.516
1791599458.823 32302 11487.563
1791599458.824 32309 11488.279
1791599458.825 32310 11489.256
1791599458.826 32317 11489.030
1791599458.828 32318 11489.825
1791599458.829 32325 11489.445
1791599458.830 32326 11490.255
1791599458.831 32333 11489.861
1791599458.832 32334 11490.668
1791599458.833 32341 11489.183
1791599458.834 32342 11490.131
1791599458.835 32349 11490.673
1791599458.836 32350 11491.081
1791599458.837 32357 11491.097
1791599458.838 32358 11491.905
1791599458.839 32365 11491.515
1791599458.840 32366 11492.321
1791599458.841 32373 11490.048
1791599458.842 32374 11490.952
1791599458.843 32381 11491.619
1791599458.844 32382 11492.591
1791599458.845 32389 11492.768
1791599458.846 32390 11493.572
1791599458.847 32397 11493.188
1791599458.848 32398 11493.994
1791599458.849 32405 11493.603
1791599458.850 32406 11494.411
1791599458.851 32413 11492.773
1791599458.852 32414 11493.734
1791599458.853 32421 11494.493
1791599458.854 32422 11494.916
1791599458.855 32429 11494.850
1791599458.856 32430 11495.659
1791599458.857 32437 11495.267
1791599458.858 32438 11496.069
1791599458.859 32445 11495.683
1791599458.860 32446 11496.491
1791599458.861 32453 11494.310
1791599458.862 32454 11495.259
1791599458.863 32461 11495.945
1791599458.864 32462 11496.919
1791599458.865 32469 11496.924
1791599458.866 32470 11497.730
1791599458.867 32477 11497.343
1791599458.868 32478 11498.150
1791599458.869 32485 11497.757
1791599458.870 32486 11498.564
1791599458.871 32493 11496.819
1791599458.872 32494 11497.770
1791599458.873 32501 11498.406
1791599458.874 32502 11499.497
1791599458.875 32509 11499.116
1791599458.876 32510 11499.924
1791599458.877 32517 11499.531
1791599458.878 32518 11500.337
1791599458.879 32525 11499.944
1791599458.880 32526 11498.786
1791599458.881 32533 11499.372
1791599458.882 32534 11500.342
1791599458.883 32541 11500.585
1791599458.884 32542 11501.554
1791599458.885 32549 11501.190
1791599458.886 32550 11502.000
1791599458.887 32557 11501.608
1791599458.888 32558 11502.417
1791599458.889 32565 11500.549
1791599458.890 32566 11501.502
1791599458.891 32573 11502.205
1791599458.892 32574 11503.183
1791599458.893 32581 11502.861
1791599458.894 32582 11503.659
1791599458.895 32589 11503.270
1791599458.896 32590 11504.081
1791599458.897 32597 11503.690
1791599458.898 32598 11502.696
1791599458.899 32605 11502.858
1791599458.900 32606 11503.829
1791599458.901 32613 11504.198
1791599458.902 32614 11505.156
1791599458.903 32621 11504.911
1791599458.904 32622 11505.734
1791599458.905 32629 11505.342
1791599458.906 32630 11506.142
1791599458.907 32637 11503.892
1791599458.908 32638 11504.510
1791599458.909 32645 11505.144
1791599458.910 32646 11506.111
1791599458.911 32653 11506.433
1791599458.912 32654 11507.405
1791599458.913 32661 11507.001
1791599458.914 32662 11507.810
1791599458.915 32669 11507.419
1791599458.916 32670 11508.226
1791599458.917 32677 11506.343
1791599458.918 32678 11507.302
1791599458.919 32685 11508.034
1791599458.920 32686 11509.012
1791599458.921 32693 11508.663
1791599458.922 32694 11509.469
1791599458.923 32701 11509.074
1791599458.924 32702 11509.971
1791599458.925 32709 11509.584
1791599458.926 32710 11508.579
1791599458.927 32717 11509.178
1791599458.928 32718 11510.146
1791599458.929 32725 11510.113
1791599458.930 32726 11511.073
1791599458.931 32733 11510.821
1791599458.933 32734 11511.634
1791599458.934 32741 11511.247
1791599458.935 32742 11512.055
1791599458.936 32749 11509.930
1791599458.937 32750 11510.850
1791599458.938 32757 11511.558
1791599458.939 32758 11512.533
1791599458.940 32765 11512.395
1791599458.941 32766 11513.364
1791599458.942 32773 11512.901
1791599458.943 32774 11513.710
1791599458.944 32781 11513.317
1791599458.945 32782 11514.121
1791599458.946 32789 11511.829
1791599458.947 32790 11512.788
1791599458.948 32797 11513.491
1791599458.949 32798 11514.468
1791599458.950 32805 11514.594
1791599458.951 32806 11515.369
1791599458.952 32813 11514.986
1791599458.953 32814 11515.799
1791599458.954 32821 11515.405
1791599458.955 32822 11516.207
1791599458.956 32829 11514.393
1791599458.957 32830 11515.351
1791599458.958 32837 11516.047
1791599458.959 32838 11517.023
1791599458.960 32845 11516.278
1791599458.961 32846 11517.225
1791599458.962 32853 11517.093
1791599458.963 32854 11517.862
1791599458.964 32861 11517.478
1791599458.965 32862 11518.276
1791599458.966 32869 11516.658
1791599458.967 32870 11517.603
1791599458.968 32877 11518.248
1791599458.969 32878 11519.125
1791599458.970 32885 11518.716
1791599458.971 32886 11519.527
1791599458.972 32893 11519.126
1791599458.973 32894 11519.941
1791599458.974 32901 11519.550
1791599458.975 32902 11520.467
1791599458.976 32909 11518.678
1791599458.977 32910 11519.635
1791599458.978 32917 11520.426
1791599458.979 32918 11521.328
1791599458.980 32925 11520.900
1791599458.981 32926 11521.708
1791599458.982 32933 11521.314
1791599458.983 32934 11522.122
1791599458.984 32941 11519.657
1791599458.985 32942 11520.557
1791599458.986 32949 11521.058
1791599458.987 32950 11522.030
1791599458.988 32957 11522.134
1791599458.989 32958 11523.099
1791599458.990 32965 11522.970
1791599458.991 32966 11523.773
1791599458.992 32973 11523.382
1791599458.993 32974 11524.191
1791599458.994 32981 11522.039
1791599458.995 32982 11522.982
1791599458.996 32989 11523.673
1791599458.997 32990 11524.650
1791599458.998 32997 11524.627
1791599458.999 32998 11525.436
1791599459.000 33005 11525.046
1791599459.001 33006 11525.855
1791599459.002 33013 11525.460
1791599459.003 33014 11526.267
1791599459.004 33021 11524.738
1791599459.005 33022 11525.693
1791599459.006 33029 11525.871
1791599459.007 33030 11526.830
1791599459.008 33037 11526.697
1791599459.009 33038 11527.504
1791599459.010 33045 11527.111
1791599459.011 33046 11527.918
1791599459.012 33053 11525.863
1791599459.013 33054 11526.806
1791599459.014 33061 11527.477
1791599459.015 33062 11528.452
1791599459.016 33069 11528.349
1791599459.017 33070 11529.155
1791599459.018 33077 11528.760
1791599459.019 33078 11529.567
1791599459.020 33085 11529.172
1791599459.021 33086 11529.981
1791599459.022 33093 11528.382
1791599459.023 33094 11529.340
1791599459.024 33101 11529.369
1791599459.025 33102 11530.430
1791599459.026 33109 11530.525
1791599459.027 33110 11531.329
1791599459.028 33117 11530.943
1791599459.029 33118 11531.749
1791599459.030 33125 11529.520
1791599459.031 33126 11530.112
1791599459.032 33133 11530.676
1791599459.033 33134 11531.645
1791599459.034 33141 11531.832
1791599459.035 33142 11532.783
1791599459.036 33149 11532.596
1791599459.037 33150 11533.408
1791599459.038 33157 11533.019
1791599459.039 33158 11533.826
1791599459.041 33165 11531.525
1791599459.042 33166 11532.451
1791599459.043 33173 11533.041
1791599459.044 33174 11534.020
1791599459.045 33181 11533.984
1791599459.046 33182 11534.946
1791599459.047 33189 11534.682
1791599459.048 33190 11535.491
1791599459.049 33197 11535.103
1791599459.050 33198 11535.936
1791599459.051 33205 11533.767
1791599459.052 33206 11534.516
1791599459.053 33213 11535.186
1791599459.054 33214 11536.162
1791599459.055 33221 11536.381
1791599459.056 33222 11537.164
1791599459.057 33229 11536.775
1791599459.058 33230 11537.580
1791599459.059 33237 11537.194
1791599459.060 33238 11538.032
1791599459.061 33245 11536.021
1791599459.062 33246 11536.971
1791599459.063 33253 11537.716
1791599459.064 33254 11538.694
1791599459.065 33261 11538.400
1791599459.066 33262 11539.200
1791599459.067 33269 11538.846
1791599459.068 33270 11539.650
1791599459.069 33277 11537.346
1791599459.070 33278 11538.250
1791599459.071 33285 11538.725
1791599459.072 33286 11539.699
1791599459.073 33293 11539.808
1791599459.074 33294 11540.777
1791599459.075 33301 11540.499
1791599459.076 33302 11541.409
1791599459.077 33309 11541.018
1791599459.078 33310 11541.841
1791599459.079 33317 11539.694
1791599459.080 33318 11540.631
1791599459.081 33325 11541.343
1791599459.082 33326 11542.319
1791599459.083 33333 11542.250
1791599459.084 33334 11543.056
1791599459.085 33341 11542.664
1791599459.086 33342 11543.471
1791599459.087 33349 11543.074
1791599459.088 33350 11543.881
1791599459.089 33357 11542.407
1791599459.090 33358 11543.340
1791599459.091 33365 11543.552
1791599459.092 33366 11544.511
1791599459.093 33373 11544.317
1791599459.094 33374 11545.121
1791599459.095 33381 11544.729
1791599459.096 33382 11545.539
1791599459.097 33389 11543.506
1791599459.098 33390 11544.450
1791599459.099 33397 11545.120
1791599459.100 33398 11546.095
1791599459.101 33405 11545.374
1791599459.102 33406 11546.345
1791599459.103 33413 11546.221
1791599459.104 33414 11547.193
1791599459.105 33421 11546.801
1791599459.106 33422 11547.605
1791599459.107 33429 11545.962
1791599459.108 33430 11546.915
1791599459.109 33437 11547.669
1791599459.110 33438 11548.402
1791599459.111 33445 11548.034
1791599459.112 33446 11548.843
1791599459.113 33453 11548.444
1791599459.114 33454 11549.259
1791599459.115 33461 11548.866
1791599459.116 33462 11549.672
1791599459.117 33469 11548.060
1791599459.118 33470 11549.020
1791599459.119 33477 11549.680
1791599459.120 33478 11550.494
1791599459.121 33485 11550.109
1791599459.122 33486 11550.914
1791599459.123 33493 11550.521
1791599459.124 33494 11551.328
1791599459.125 33501 11550.938
1791599459.126 33502 11551.840
1791599459.127 33509 11550.131
1791599459.128 33510 11551.091
1791599459.129 33517 11551.876
1791599459.130 33518 11552.611
1791599459.131 33525 11552.016
1791599459.132 33526 11552.983
1791599459.133 33533 11552.688
1791599459.134 33534 11553.498
1791599459.135 33541 11553.101
1791599459.136 33542 11552.064
1791599459.137 33549 11552.657
1791599459.138 33550 11553.629
1791599459.139 33557 11553.821
1791599459.140 33558 11554.742
1791599459.141 33565 11554.341
1791599459.142 33566 11555.149
1791599459.143 33573 11554.753
1791599459.144 33574 11555.562
1791599459.145 33581 11553.202
1791599459.146 33582 11554.113
1791599459.147 33589 11554.703
1791599459.148 33590 11555.673
1791599459.149 33597 11555.848
1791599459.150 33598 11556.803
1791599459.151 33605 11556.412
1791599459.152 33606 11557.234
1791599459.153 33613 11556.828
1791599459.155 33614 11557.633
1791599459.156 33621 11555.763
1791599459.157 33622 11556.715
1791599459.158 33629 11555.873
1791599459.159 33630 11556.820
1791599459.160 33637 11557.565
1791599459.161 33638 11558.539
1791599459.162 33645 11558.472
1791599459.163 33646 11559.289
1791599459.164 33653 11558.899
1791599459.165 33654 11559.713
1791599459.166 33661 11557.664
1791599459.167 33662 11558.618
1791599459.168 33669 11559.357
1791599459.169 33670 11560.352
1791599459.170 33677 11560.203
1791599459.171 33678 11560.968
1791599459.172 33685 11560.581
1791599459.173 33686 11561.391
1791599459.174 33693 11561.004
1791599459.175 33694 11561.800
1791599459.176 33701 11559.745
1791599459.177 33702 11560.810
1791599459.178 33709 11561.416
1791599459.179 33710 11562.392
1791599459.180 33717 11562.188
1791599459.181 33718 11563.140
1791599459.182 33725 11562.774
1791599459.183 33726 11563.587
1791599459.184 33733 11563.201
1791599459.185 33734 11564.007
1791599459.186 33741 11562.059
1791599459.187 33742 11563.017
1791599459.188 33749 11563.762
1791599459.189 33750 11564.739
1791599459.190 33757 11564.440
1791599459.191 33758 11565.249
1791599459.192 33765 11564.858
1791599459.193 33766 11565.660
1791599459.194 33773 11565.271
1791599459.195 33774 11566.080
1791599459.196 33781 11564.579
1791599459.197 33782 11565.536
1791599459.198 33789 11566.034
1791599459.199 33790 11566.768
1791599459.200 33797 11566.510
1791599459.201 33798 11567.312
1791599459.202 33805 11566.921
1791599459.203 33806 11567.726
1791599459.204 33813 11567.328
1791599459.205 33814 11565.989
1791599459.206 33821 11566.615
1791599459.207 33822 11567.588
1791599459.208 33829 11567.961
1791599459.209 33830 11568.911
1791599459.210 33837 11568.574
1791599459.211 33838 11569.386
1791599459.212 33845 11568.998
1791599459.213 33846 11569.804
1791599459.214 33853 11569.416
1791599459.215 33854 11570.220
1791599459.216 33861 11568.368
1791599459.217 33862 11569.325
1791599459.218 33869 11570.087
1791599459.219 33870 11571.063
1791599459.220 33877 11570.649
1791599459.221 33878 11571.451
1791599459.222 33885 11571.056
1791599459.223 33886 11571.863
1791599459.224 33893 11571.456
1791599459.225 33894 11570.257
1791599459.226 33901 11570.778
1791599459.227 33902 11571.848
1791599459.228 33909 11572.328
1791599459.229 33910 11573.284
1791599459.230 33917 11572.813
1791599459.231 33918 11573.628
1791599459.232 33925 11573.238
1791599459.233 33926 11574.046
1791599459.234 33933 11571.575
1791599459.235 33934 11572.496
1791599459.236 33941 11573.168
1791599459.237 33942 11574.142
1791599459.238 33949 11574.358
1791599459.239 33950 11575.319
1791599459.240 33957 11574.898
1791599459.241 33958 11575.702
1791599459.242 33965 11575.312
1791599459.243 33966 11576.120
1791599459.244 33973 11573.727
1791599459.245 33974 11574.276
1791599459.246 33981 11574.818
1791599459.247 33982 11575.754
1791599459.248 33989 11576.494
1791599459.249 33990 11577.032
1791599459.250 33997 11576.966
1791599459.251 33998 11577.772
1791599459.252 34005 11577.384
1791599459.253 34006 11578.190
1791599459.254 34013 11577.797
1791599459.255 34014 11576.658
1791599459.256 34021 11577.115
1791599459.257 34022 11578.088
1791599459.258 34029 11578.424
1791599459.260 34030 11579.371
1791599459.261 34037 11578.980
1791599459.262 34038 11579.797
1791599459.263 34045 11579.457
1791599459.264 34046 11580.266
1791599459.265 34053 11577.750
1791599459.266 34054 11578.677
1791599459.267 34061 11579.342
1791599459.268 34062 11580.314
1791599459.269 34069 11580.608
1791599459.270 34070 11581.570
1791599459.271 34077 11581.112
1791599459.272 34078 11581.924
1791599459.273 34085 11581.529
1791599459.274 34086 11582.334
1791599459.275 34093 11581.957
1791599459.276 34094 11580.578
1791599459.277 34101 11581.198
1791599459.278 34102 11582.263
1791599459.279 34109 11582.511
1791599459.280 34110 11583.454
1791599459.281 34117 11583.272
1791599459.282 34118 11584.075
1791599459.283 34125 11583.681
1791599459.284 34126 11584.484
1791599459.285 34133 11584.094
1791599459.286 34134 11584.906
1791599459.287 34141 11583.000
1791599459.288 34142 11583.956
1791599459.289 34149 11584.719
1791599459.290 34150 11585.695
1791599459.291 34157 11585.318
1791599459.292 34158 11586.140
1791599459.293 34165 11585.802
1791599459.294 34166 11586.612
1791599459.295 34173 11586.217
1791599459.296 34174 11587.028
1791599459.297 34181 11585.163
1791599459.298 34182 11586.119
1791599459.299 34189 11586.884
1791599459.300 34190 11587.858
1791599459.301 34197 11587.457
1791599459.302 34198 11588.266
1791599459.303 34205 11587.882
1791599459.304 34206 11588.685
1791599459.305 34213 11588.289
1791599459.306 34214 11589.095
1791599459.307 34221 11586.844
1791599459.308 34222 11587.791
1791599459.309 34229 11588.525
1791599459.310 34230 11589.503
1791599459.311 34237 11589.310
1791599459.312 34238 11590.277
1791599459.313 34245 11589.982
1791599459.314 34246 11590.786
1791599459.315 34253 11590.398
1791599459.316 34254 11591.205
1791599459.317 34261 11589.145
1791599459.318 34262 11590.101
1791599459.319 34269 11590.830
1791599459.320 34270 11591.798
1791599459.321 34277 11591.432
1791599459.322 34278 11592.309
1791599459.323 34285 11592.049
1791599459.324 34286 11592.853
1791599459.325 34293 11592.463
1791599459.326 34294 11593.269
1791599459.327 34301 11591.222
1791599459.328 34302 11592.268
1791599459.329 34309 11593.009
1791599459.330 34310 11593.988
1791599459.331 34317 11593.598
1791599459.332 34318 11594.569
1791599459.333 34325 11594.219
1791599459.334 34326 11595.032
1791599459.335 34333 11594.645
1791599459.336 34334 11595.453
1791599459.337 34341 11593.101
1791599459.338 34342 11594.042
1791599459.339 34349 11594.748
1791599459.340 34350 11595.695
1791599459.341 34357 11595.877
1791599459.342 34358 11596.687
1791599459.343 34365 11596.295
1791599459.344 34366 11597.102
1791599459.345 34373 11596.709
1791599459.346 34374 11597.512
1791599459.347 34381 11595.665
1791599459.348 34382 11596.611
1791599459.349 34389 11597.343
1791599459.350 34390 11598.316
1791599459.351 34397 11597.521
1791599459.352 34398 11598.487
1791599459.353 34405 11598.357
1791599459.354 34406 11599.167
1791599459.355 34413 11598.778
1791599459.356 34414 11599.591
1791599459.357 34421 11597.841
1791599459.358 34422 11598.796
1791599459.359 34429 11599.566
1791599459.360 34430 11600.404
1791599459.361 34437 11600.023
1791599459.362 34438 11600.835
1791599459.364 34445 11600.433
1791599459.365 34446 11601.251
1791599459.366 34453 11600.901
1791599459.367 34454 11601.670
1791599459.368 34461 11600.041
1791599459.369 34462 11600.993
1791599459.370 34469 11601.743
1791599459.371 34470 11602.270
1791599459.372 34477 11602.083
1791599459.373 34478 11602.833
1791599459.374 34485 11602.512
1791599459.375 34486 11603.319
1791599459.376 34493 11602.926
1791599459.377 34494 11603.730
1791599459.378 34501 11601.827
1791599459.379 34502 11602.925
1791599459.380 34509 11603.554
1791599459.381 34510 11604.525
1791599459.382 34517 11604.310
1791599459.383 34518 11604.928
1791599459.384 34525 11604.714
1791599459.385 34526 11605.520
1791599459.386 34533 11605.135
1791599459.387 34534 11605.943
1791599459.388 34541 11603.918
1791599459.389 34542 11604.874
1791599459.390 34549 11605.601
1791599459.391 34550 11606.574
1791599459.392 34557 11606.222
1791599459.393 34558 11607.189
1791599459.394 34565 11606.805
1791599459.395 34566 11607.614
1791599459.396 34573 11607.218
1791599459.397 34574 11608.037
1791599459.398 34581 11605.860
1791599459.399 34582 11606.808
1791599459.400 34589 11607.513
1791599459.401 34590 11608.484
1791599459.402 34597 11608.278
1791599459.403 34598 11609.241
1791599459.404 34605 11608.147
1791599459.405 34606 11609.124
1791599459.406 34613 11609.288
1791599459.407 34614 11610.092
1791599459.408 34621 11607.822
1791599459.409 34622 11608.771
1791599459.410 34629 11609.491
1791599459.411 34630 11610.471
1791599459.412 34637 11610.356
1791599459.413 34638 11611.323
1791599459.414 34645 11610.926
1791599459.415 34646 11611.741
1791599459.416 34653 11611.344
1791599459.417 34654 11612.152
1791599459.418 34661 11609.959
1791599459.419 34662 11610.916
1791599459.420 34669 11611.643
1791599459.421 34670 11612.615
1791599459.422 34677 11612.547
1791599459.423 34678 11613.358
1791599459.424 34685 11612.993
1791599459.425 34686 11613.800
1791599459.426 34693 11613.412
1791599459.427 34694 11614.223
1791599459.428 34701 11612.129
1791599459.429 34702 11613.422
1791599459.430 34709 11614.040
1791599459.431 34710 11615.017
1791599459.432 34717 11614.945
1791599459.433 34718 11615.760
1791599459.434 34725 11615.413
1791599459.435 34726 11616.220
1791599459.436 34733 11615.822
1791599459.437 34734 11616.625
1791599459.438 34741 11614.322
1791599459.440 34742 11615.278
1791599459.441 34749 11616.023
1791599459.442 34750 11617.002
1791599459.443 34757 11616.944
1791599459.444 34758 11617.883
1791599459.445 34765 11617.471
1791599459.446 34766 11618.275
1791599459.447 34773 11617.885
1791599459.448 34774 11618.689
1791599459.449 34781 11616.661
1791599459.450 34782 11617.617
1791599459.451 34789 11618.350
1791599459.452 34790 11619.326
1791599459.453 34797 11617.234
1791599459.454 34798 11618.226
1791599459.455 34805 11619.196
1791599459.456 34806 11620.172
1791599459.457 34813 11620.185
1791599459.458 34814 11620.989
1791599459.459 34821 11619.303
1791599459.460 34822 11620.230
1791599459.461 34829 11620.976
1791599459.462 34830 11621.808
1791599459.463 34837 11621.372
1791599459.464 34838 11622.198
1791599459.465 34845 11621.847
1791599459.466 34846 11622.657
1791599459.467 34853 11620.211
1791599459.468 34854 11621.134
1791599459.469 34861 11621.789
1791599459.470 34862 11622.763
1791599459.471 34869 11623.023
1791599459.472 34870 11623.831
1791599459.473 34877 11623.505
1791599459.474 34878 11624.310
1791599459.475 34885 11623.914
1791599459.476 34886 11624.719
1791599459.477 34893 11622.167
1791599459.478 34894 11623.092
1791599459.479 34901 11623.757
1791599459.480 34902 11624.842
1791599459.481 34909 11624.999
1791599459.482 34910 11625.952
1791599459.483 34917 11625.677
1791599459.484 34918 11626.481
1791599459.485 34925 11626.090
1791599459.486 34926 11626.896
1791599459.487 34933 11624.863
1791599459.488 34934 11625.822
1791599459.489 34941 11626.514
1791599459.490 34942 11627.489
1791599459.491 34949 11627.337
1791599459.492 34950 11628.145
1791599459.493 34957 11627.751
1791599459.494 34958 11628.559
1791599459.495 34965 11628.171
1791599459.496 34966 11628.975
1791599459.497 34973 11627.593
1791599459.498 34974 11628.536
1791599459.499 34981 11628.989
1791599459.500 34982 11629.796
1791599459.501 34989 11629.403
1791599459.502 34990 11630.215
1791599459.503 34997 11629.771
1791599459.504 34998 11630.584
1791599459.505 35005 11630.235
1791599459.506 35006 11628.988
1791599459.507 35013 11629.419
1791599459.508 35014 11630.391
1791599459.509 35021 11631.024
1791599459.510 35022 11631.859
1791599459.511 35029 11631.472
1791599459.512 35030 11632.277
1791599459.513 35037 11631.877
1791599459.514 35038 11632.681
1791599459.515 35045 11632.289
1791599459.516 35046 11633.094
1791599459.517 35053 11631.231
1791599459.518 35054 11632.183
1791599459.519 35061 11632.960
1791599459.520 35062 11633.930
1791599459.521 35069 11633.511
1791599459.522 35070 11634.316
1791599459.523 35077 11633.921
1791599459.524 35078 11634.727
1791599459.525 35085 11634.342
1791599459.526 35086 11632.759
1791599459.527 35093 11633.300
1791599459.528 35094 11634.270
1791599459.529 35101 11635.030
1791599459.531 35102 11636.125
1791599459.532 35109 11635.698
1791599459.533 35110 11636.511
1791599459.534 35117 11636.124
1791599459.535 35118 11636.936
1791599459.536 35125 11634.589
1791599459.537 35126 11635.517
1791599459.538 35133 11636.195
1791599459.539 35134 11637.168
1791599459.540 35141 11637.371
1791599459.541 35142 11638.206
1791599459.542 35149 11637.818
1791599459.543 35150 11638.626
1791599459.544 35157 11638.231
1791599459.545 35158 11639.034
1791599459.546 35165 11636.404
1791599459.547 35166 11637.346
1791599459.548 35173 11638.034
1791599459.549 35174 11639.008
1791599459.550 35181 11639.465
1791599459.551 35182 11640.273
1791599459.552 35189 11639.877
1791599459.553 35190 11640.678
1791599459.554 35197 11640.283
1791599459.555 35198 11641.090
1791599459.556 35205 11639.378
1791599459.557 35206 11640.338
1791599459.558 35213 11639.021
1791599459.559 35214 11639.988
1791599459.560 35221 11640.758
1791599459.561 35222 11641.730
1791599459.562 35229 11641.827
1791599459.563 35230 11642.797
1791599459.564 35237 11642.348
1791599459.565 35238 11643.178
1791599459.566 35245 11641.720
1791599459.567 35246 11642.682
1791599459.568 35253 11643.127
1791599459.569 35254 11643.967
1791599459.570 35261 11643.562
1791599459.571 35262 11644.391
1791599459.572 35269 11644.022
1791599459.573 35270 11644.826
1791599459.574 35277 11644.444
1791599459.575 35278 11643.268
1791599459.576 35285 11643.651
1791599459.577 35286 11644.616
1791599459.578 35293 11645.113
1791599459.579 35294 11646.062
1791599459.580 35301 11645.670
1791599459.581 35302 11646.576
1791599459.582 35309 11646.183
1791599459.583 35310 11646.991
1791599459.584 35317 11644.507
1791599459.585 35318 11644.954
1791599459.586 35325 11645.571
1791599459.587 35326 11646.542
1791599459.588 35333 11647.305
1791599459.589 35334 11648.286
1791599459.590 35341 11647.861
1791599459.591 35342 11648.668
1791599459.592 35349 11648.268
1791599459.593 35350 11649.070
1791599459.594 35357 11648.683
1791599459.595 35358 11647.501
1791599459.596 35365 11648.088
1791599459.597 35366 11649.060
1791599459.598 35373 11649.237
1791599459.599 35374 11650.189
1791599459.600 35381 11649.920
1791599459.601 35382 11650.725
1791599459.602 35389 11650.333
1791599459.603 35390 11651.145
1791599459.604 35397 11649.171
1791599459.605 35398 11650.116
1791599459.606 35405 11650.769
1791599459.607 35406 11651.740
1791599459.608 35413 11651.431
1791599459.609 35414 11652.403
1791599459.610 35421 11651.989
1791599459.611 35422 11652.795
1791599459.612 35429 11652.400
1791599459.613 35430 11653.205
1791599459.614 35437 11651.120
1791599459.615 35438 11652.063
1791599459.616 35445 11652.803
1791599459.617 35446 11653.783
1791599459.618 35453 11653.643
1791599459.619 35454 11654.444
1791599459.620 35461 11654.052
1791599459.621 35462 11654.855
1791599459.622 35469 11654.458
1791599459.623 35470 11655.266
1791599459.624 35477 11653.757
1791599459.625 35478 11654.682
1791599459.626 35485 11654.808
1791599459.627 35486 11655.764
1791599459.628 35493 11655.695
1791599459.629 35494 11656.500
1791599459.630 35501 11656.111
1791599459.631 35502 11657.016
1791599459.632 35509 11654.922
1791599459.634 35510 11655.851
1791599459.635 35517 11656.384
1791599459.636 35518 11657.365
1791599459.637 35525 11657.430
1791599459.638 35526 11658.269
1791599459.639 35533 11657.900
1791599459.640 35534 11658.712
1791599459.641 35541 11658.322
1791599459.642 35542 11659.129
1791599459.643 35549 11657.180
1791599459.644 35550 11658.130
1791599459.645 35557 11658.677
1791599459.646 35558 11659.658
1791599459.647 35565 11659.611
1791599459.648 35566 11660.416
1791599459.649 35573 11660.018
1791599459.650 35574 11660.825
1791599459.651 35581 11660.434
1791599459.652 35582 11661.246
1791599459.653 35589 11659.679
1791599459.654 35590 11660.627
1791599459.655 35597 11660.902
1791599459.656 35598 11661.846
1791599459.657 35605 11660.393
1791599459.658 35606 11661.366
1791599459.659 35613 11662.130
1791599459.660 35614 11662.891
1791599459.661 35621 11662.531
1791599459.662 35622 11661.458
1791599459.663 35629 11661.721
1791599459.664 35630 11662.688
1791599459.665 35637 11663.314
1791599459.666 35638 11663.864
1791599459.667 35645 11663.739
1791599459.668 35646 11664.548
1791599459.669 35653 11664.151
1791599459.670 35654 11664.953
1791599459.671 35661 11662.780
1791599459.672 35662 11663.730
1791599459.673 35669 11664.407
1791599459.674 35670 11665.386
1791599459.675 35677 11665.388
1791599459.676 35678 11666.192
1791599459.677 35685 11665.803
1791599459.678 35686 11666.614
1791599459.679 35693 11666.221
1791599459.680 35694 11667.027
1791599459.681 35701 11665.309
1791599459.682 35702 11666.341
1791599459.683 35709 11667.072
1791599459.684 35710 11667.512
1791599459.685 35717 11667.554
1791599459.686 35718 11668.362
1791599459.687 35725 11667.969
1791599459.688 35726 11668.783
1791599459.689 35733 11666.581
1791599459.690 35734 11667.520
1791599459.691 35741 11668.139
1791599459.692 35742 11669.113
1791599459.693 35749 11667.314
1791599459.694 35750 11668.289
1791599459.695 35757 11669.066
1791599459.696 35758 11670.044
1791599459.697 35765 11670.072
1791599459.698 35766 11670.872
1791599459.699 35773 11669.288
1791599459.700 35774 11670.245
1791599459.701 35781 11670.321
1791599459.702 35782 11671.271
1791599459.703 35789 11671.334
1791599459.704 35790 11672.143
1791599459.705 35797 11671.756
1791599459.706 35798 11672.565
1791599459.707 35805 11672.173
1791599459.708 35806 11672.978
1791599459.709 35813 11669.474
1791599459.710 35814 11670.428
1791599459.711 35821 11671.193
1791599459.712 35822 11672.168
1791599459.713 35829 11672.961
1791599459.714 35830 11673.939
1791599459.715 35837 11673.638
1791599459.716 35838 11674.586
1791599459.717 35845 11674.239
1791599459.718 35846 11675.045
1791599459.719 35853 11673.053
1791599459.720 35854 11673.999
1791599459.721 35861 11674.756
1791599459.722 35862 11675.707
1791599459.723 35869 11675.482
1791599459.724 35870 11676.287
1791599459.725 35877 11675.889
1791599459.726 35878 11676.697
1791599459.727 35885 11676.303
1791599459.728 35886 11677.114
1791599459.729 35893 11675.617
1791599459.730 35894 11676.565
1791599459.731 35901 11676.664
1791599459.732 35902 11677.709
1791599459.733 35909 11677.681
1791599459.735 35910 11678.452
1791599459.736 35917 11678.050
1791599459.737 35918 11679.059
1791599459.738 35925 11676.916
1791599459.739 35926 11677.857
1791599459.740 35933 11678.541
1791599459.741 35934 11679.517
1791599459.742 35941 11679.489
1791599459.743 35942 11680.304
1791599459.744 35949 11679.916
1791599459.745 35950 11680.720
1791599459.746 35957 11680.323
1791599459.747 35958 11681.126
1791599459.748 35965 11679.670
1791599459.749 35966 11680.625
1791599459.750 35973 11680.841
1791599459.751 35974 11681.802
1791599459.752 35981 11681.568
1791599459.753 35982 11682.370
1791599459.754 35989 11681.974
1791599459.755 35990 11682.778
1791599459.756 35997 11682.384
1791599459.757 35998 11683.192
1791599459.758 36005 11681.424
1791599459.759 36006 11682.372
1791599459.760 36013 11683.080
1791599459.761 36014 11684.052
1791599459.762 36021 11683.617
1791599459.763 36022 11684.425
1791599459.764 36029 11684.032
1791599459.765 36030 11684.843
1791599459.766 36037 11682.568
1791599459.767 36038 11683.500
1791599459.768 36045 11684.148
1791599459.769 36046 11685.123
1791599459.770 36053 11685.325
1791599459.771 36054 11686.091
1791599459.772 36061 11685.700
1791599459.773 36062 11686.509
1791599459.774 36069 11686.119
1791599459.775 36070 11686.927
1791599459.776 36077 11685.266
1791599459.777 36078 11686.220
1791599459.778 36085 11686.961
1791599459.779 36086 11686.920
1791599459.780 36093 11687.360
1791599459.781 36094 11688.170
1791599459.782 36101 11687.785
1791599459.783 36102 11688.699
1791599459.784 36109 11686.234
1791599459.785 36110 11687.040
1791599459.786 36117 11687.660
1791599459.787 36118 11688.634
1791599459.788 36125 11689.128
1791599459.789 36126 11689.703
1791599459.790 36133 11689.554
1791599459.791 36134 11690.361
1791599459.792 36141 11689.968
1791599459.793 36142 11690.776
1791599459.794 36149 11688.304
1791599459.795 36150 11689.234
1791599459.796 36157 11689.899
1791599459.797 36158 11690.874
1791599459.798 36165 11691.197
1791599459.799 36166 11692.024
1791599459.800 36173 11691.633
1791599459.801 36174 11692.442
1791599459.802 36181 11692.048
1791599459.803 36182 11692.857
1791599459.804 36189 11691.126
1791599459.805 36190 11692.081
1791599459.806 36197 11692.807
1791599459.807 36198 11693.224
1791599459.808 36205 11693.294
1791599459.809 36206 11694.093
1791599459.810 36213 11693.712
1791599459.811 36214 11694.521
1791599459.812 36221 11692.315
1791599459.813 36222 11693.246
1791599459.814 36229 11693.909
1791599459.815 36230 11694.881
1791599459.816 36237 11694.953
1791599459.817 36238 11695.762
1791599459.818 36245 11695.368
1791599459.819 36246 11696.177
1791599459.820 36253 11695.787
1791599459.821 36254 11696.597
1791599459.822 36261 11695.021
1791599459.823 36262 11695.980
1791599459.824 36269 11696.682
1791599459.825 36270 11697.142
1791599459.827 36277 11697.045
1791599459.828 36278 11697.856
1791599459.829 36285 11697.463
1791599459.830 36286 11698.268
1791599459.831 36293 11696.170
1791599459.832 36294 11697.116
1791599459.833 36301 11697.756
1791599459.834 36302 11698.744
1791599459.835 36309 11698.888
1791599459.836 36310 11699.655
1791599459.837 36317 11699.264
1791599459.838 36318 11700.069
1791599459.839 36325 11699.678
1791599459.840 36326 11700.485
1791599459.841 36333 11698.786
1791599459.842 36334 11699.741
1791599459.843 36341 11700.496
1791599459.844 36342 11700.896
1791599459.845 36349 11700.922
1791599459.846 36350 11701.730
1791599459.847 36357 11701.336
1791599459.848 36358 11702.136
1791599459.849 36365 11699.886
1791599459.850 36366 11700.687
1791599459.851 36373 11701.340
1791599459.852 36374 11702.316
1791599459.853 36381 11700.103
1791599459.854 36382 11701.072
1791599459.855 36389 11701.851
1791599459.856 36390 11702.826
1791599459.857 36397 11703.408
1791599459.858 36398 11704.224
1791599459.859 36405 11702.478
1791599459.860 36406 11703.282
1791599459.861 36413 11704.013
1791599459.862 36414 11704.989
1791599459.863 36421 11704.510
1791599459.864 36422 11705.483
1791599459.865 36429 11705.088
1791599459.866 36430 11705.894
1791599459.867 36437 11705.519
1791599459.868 36438 11706.329
1791599459.869 36445 11704.231
1791599459.870 36446 11705.189
1791599459.871 36453 11705.922
1791599459.872 36454 11706.898
1791599459.873 36461 11706.713
1791599459.874 36462 11707.561
1791599459.875 36469 11707.192
1791599459.876 36470 11708.002
1791599459.877 36477 11707.605
1791599459.878 36478 11708.411
1791599459.879 36485 11706.529
1791599459.880 36486 11707.484
1791599459.881 36493 11708.191
1791599459.882 36494 11709.172
1791599459.883 36501 11708.884
1791599459.884 36502 11709.732
1791599459.885 36509 11709.345
1791599459.886 36510 11710.151
1791599459.887 36517 11709.758
1791599459.888 36518 11710.568
1791599459.889 36525 11708.806
1791599459.890 36526 11709.771
1791599459.891 36533 11710.510
1791599459.892 36534 11711.487
1791599459.893 36541 11711.013
1791599459.894 36542 11711.824
1791599459.895 36549 11711.437
1791599459.896 36550 11712.244
1791599459.897 36557 11711.851
1791599459.898 36558 11712.664
1791599459.899 36565 11710.829
1791599459.900 36566 11711.784
1791599459.901 36573 11712.480
1791599459.902 36574 11713.456
1791599459.903 36581 11713.075
1791599459.904 36582 11713.896
1791599459.905 36589 11713.514
1791599459.906 36590 11714.323
1791599459.907 36597 11713.928
1791599459.908 36598 11714.739
1791599459.909 36605 11712.651
1791599459.910 36606 11713.607
1791599459.911 36613 11714.194
1791599459.912 36614 11715.171
1791599459.913 36621 11715.189
1791599459.914 36622 11715.900
1791599459.915 36629 11715.597
1791599459.916 36630 11716.406
1791599459.917 36637 11716.015
1791599459.918 36638 11716.823
1791599459.919 36645 11714.358
1791599459.921 36646 11715.300
1791599459.922 36653 11715.968
1791599459.923 36654 11716.939
1791599459.924 36661 11717.127
1791599459.925 36662 11718.098
1791599459.926 36669 11717.676
1791599459.927 36670 11718.485
1791599459.928 36677 11718.092
1791599459.929 36678 11718.899
1791599459.930 36685 11717.044
1791599459.931 36686 11718.005
1791599459.932 36693 11718.715
1791599459.933 36694 11719.708
1791599459.934 36701 11719.362
1791599459.935 36702 11720.289
1791599459.936 36709 11719.895
1791599459.937 36710 11720.705
1791599459.938 36717 11720.312
1791599459.939 36718 11719.232
1791599459.940 36725 11719.549
1791599459.941 36726 11720.521
1791599459.942 36733 11720.762
1791599459.943 36734 11721.718
1791599459.944 36741 11721.557
1791599459.945 36742 11722.366
1791599459.946 36749 11721.972
1791599459.947 36750 11722.786
1791599459.948 36757 11720.698
1791599459.949 36758 11721.644
1791599459.950 36765 11722.323
1791599459.951 36766 11723.299
1791599459.952 36773 11723.215
1791599459.953 36774 11724.035
1791599459.954 36781 11723.646
1791599459.955 36782 11724.451
1791599459.956 36789 11724.053
1791599459.957 36790 11724.862
1791599459.958 36797 11723.109
1791599459.959 36798 11724.054
1791599459.960 36805 11724.772
1791599459.961 36806 11725.753
1791599459.962 36813 11725.255
1791599459.963 36814 11726.087
1791599459.964 36821 11725.712
1791599459.965 36822 11726.516
1791599459.966 36829 11724.228
1791599459.967 36830 11725.153
1791599459.968 36837 11725.828
1791599459.969 36838 11726.801
1791599459.970 36845 11726.173
1791599459.971 36846 11727.140
1791599459.972 36853 11727.367
1791599459.973 36854 11728.173
1791599459.974 36861 11727.781
1791599459.975 36862 11728.593
1791599459.976 36869 11726.794
1791599459.977 36870 11727.747
1791599459.978 36877 11728.489
1791599459.979 36878 11729.440
1791599459.980 36885 11729.020
1791599459.981 36886 11729.826
1791599459.982 36893 11729.438
1791599459.983 36894 11730.248
1791599459.984 36901 11729.859
1791599459.985 36902 11730.748
1791599459.986 36909 11728.524
1791599459.987 36910 11729.464
1791599459.988 36917 11730.041
1791599459.989 36918 11731.017
1791599459.990 36925 11731.206
1791599459.991 36926 11731.987
1791599459.992 36933 11731.593
1791599459.993 36934 11732.397
1791599459.994 36941 11732.001
1791599459.995 36942 11732.809
1791599459.996 36949 11730.724
1791599459.997 36950 11731.652
1791599459.998 36957 11732.366
1791599459.999 36958 11733.339
1791599460.000 36965 11733.240
1791599460.001 36966 11734.042
1791599460.002 36973 11733.650
1791599460.003 36974 11734.456
1791599460.004 36981 11734.057
1791599460.005 36982 11734.876
1791599460.006 36989 11733.046
1791599460.007 36990 11734.001
1791599460.008 36997 11734.795
1791599460.009 36998 11735.750
1791599460.010 37005 11735.341
1791599460.011 37006 11736.150
1791599460.012 37013 11735.765
1791599460.013 37014 11736.577
1791599460.014 37021 11732.751
1791599460.015 37022 11733.684
1791599460.016 37029 11734.360
1791599460.017 37030 11735.331
1791599460.018 37037 11736.127
1791599460.020 37038 11737.107
1791599460.021 37045 11737.328
1791599460.022 37046 11738.306
1791599460.023 37053 11737.851
1791599460.024 37054 11738.676
1791599460.025 37061 11738.288
1791599460.026 37062 11739.096
1791599460.027 37069 11737.013
1791599460.028 37070 11737.947
1791599460.029 37077 11738.665
1791599460.030 37078 11739.642
1791599460.031 37085 11739.564
1791599460.032 37086 11740.373
1791599460.033 37093 11739.979
1791599460.034 37094 11740.787
1791599460.035 37101 11740.399
1791599460.036 37102 11741.326
1791599460.037 37109 11739.673
1791599460.038 37110 11740.625
1791599460.039 37117 11741.412
1791599460.040 37118 11741.745
1791599460.041 37125 11741.769
1791599460.042 37126 11742.597
1791599460.043 37133 11742.210
1791599460.044 37134 11743.017
1791599460.045 37141 11740.799
1791599460.046 37142 11741.591
1791599460.047 37149 11742.181
1791599460.048 37150 11743.155
1791599460.049 37157 11743.287
1791599460.050 37158 11744.235
1791599460.051 37165 11743.878
1791599460.052 37166 11744.687
1791599460.053 37173 11744.290
1791599460.054 37174 11745.103
1791599460.055 37181 11742.933
1791599460.056 37182 11743.883
1791599460.057 37189 11744.610
1791599460.058 37190 11745.585
1791599460.059 37197 11745.547
1791599460.060 37198 11746.353
1791599460.061 37205 11745.962
1791599460.062 37206 11746.768
1791599460.063 37213 11746.376
1791599460.064 37214 11747.191
1791599460.065 37221 11745.477
1791599460.066 37222 11746.400
1791599460.067 37229 11747.158
1791599460.068 37230 11747.607
1791599460.069 37237 11747.612
1791599460.070 37238 11748.417
1791599460.071 37245 11748.023
1791599460.072 37246 11748.831
1791599460.073 37253 11746.635
1791599460.074 37254 11747.304
1791599460.075 37261 11747.930
1791599460.076 37262 11748.903
1791599460.077 37269 11749.126
1791599460.078 37270 11750.094
1791599460.079 37277 11749.714
1791599460.080 37278 11750.519
1791599460.081 37285 11750.126
1791599460.082 37286 11750.932
1791599460.083 37293 11748.209
1791599460.084 37294 11749.151
1791599460.085 37301 11749.871
1791599460.086 37302 11750.973
1791599460.087 37309 11751.476
1791599460.088 37310 11752.301
1791599460.089 37317 11751.908
1791599460.090 37318 11752.720
1791599460.091 37325 11752.329
1791599460.092 37326 11753.127
1791599460.093 37333 11751.395
1791599460.094 37334 11752.347
1791599460.095 37341 11753.070
1791599460.096 37342 11753.463
1791599460.097 37349 11753.551
1791599460.098 37350 11754.353
1791599460.099 37357 11753.962
1791599460.100 37358 11754.766
1791599460.101 37365 11752.516
1791599460.102 37366 11753.437
1791599460.103 37373 11754.014
1791599460.104 37374 11754.969
1791599460.105 37381 11752.679
1791599460.106 37382 11753.648
1791599460.107 37389 11754.430
1791599460.108 37390 11755.406
1791599460.109 37397 11756.001
1791599460.110 37398 11756.810
1791599460.111 37405 11754.291
1791599460.112 37406 11755.241
1791599460.113 37413 11755.961
1791599460.114 37414 11756.933
1791599460.115 37421 11757.107
1791599460.117 37422 11758.078
1791599460.118 37429 11757.642
1791599460.119 37430 11758.445
1791599460.120 37437 11758.050
1791599460.121 37438 11758.853
1791599460.122 37445 11756.869
1791599460.123 37446 11757.786
1791599460.124 37453 11757.901
1791599460.125 37454 11758.874
1791599460.126 37461 11759.280
1791599460.127 37462 11760.084
1791599460.128 37469 11759.688
1791599460.129 37470 11760.489
1791599460.130 37477 11760.094
1791599460.131 37478 11760.895
1791599460.132 37485 11758.660
1791599460.133 37486 11759.573
1791599460.134 37493 11760.201
1791599460.135 37494 11761.173
1791599460.136 37501 11761.353
1791599460.137 37502 11762.242
1791599460.138 37509 11761.850
1791599460.139 37510 11762.653
1791599460.140 37517 11762.264
1791599460.141 37518 11763.068
1791599460.142 37525 11760.222
1791599460.143 37526 11761.167
1791599460.144 37533 11761.828
1791599460.145 37534 11762.800
1791599460.146 37541 11762.861
1791599460.147 37542 11763.807
1791599460.148 37549 11763.894
1791599460.149 37550 11764.702
1791599460.150 37557 11764.304
1791599460.151 37558 11765.092
1791599460.152 37565 11764.710
1791599460.153 37566 11765.514
1791599460.154 37573 11762.306
1791599460.155 37574 11763.260
1791599460.156 37581 11764.012
1791599460.157 37582 11764.983
1791599460.158 37589 11765.766
1791599460.159 37590 11766.738
1791599460.160 37597 11766.346
1791599460.161 37598 11767.154
1791599460.162 37605 11766.763
1791599460.163 37606 11767.567
1791599460.164 37613 11765.207
1791599460.165 37614 11766.127
1791599460.166 37621 11766.660
1791599460.167 37622 11767.634
1791599460.168 37629 11767.809
1791599460.169 37630 11768.780
1791599460.170 37637 11768.434
1791599460.171 37638 11769.241
1791599460.172 37645 11768.852
1791599460.173 37646 11769.659
1791599460.174 37653 11767.648
1791599460.175 37654 11768.603
1791599460.176 37661 11769.139
1791599460.177 37662 11770.113
1791599460.178 37669 11770.089
1791599460.179 37670 11770.900
1791599460.180 37677 11770.509
1791599460.181 37678 11771.315
1791599460.182 37685 11770.922
1791599460.183 37686 11771.729
1791599460.184 37693 11770.211
1791599460.185 37694 11771.166
1791599460.186 37701 11771.321
1791599460.187 37702 11772.396
1791599460.188 37709 11772.287
1791599460.189 37710 11773.099
1791599460.190 37717 11772.711
1791599460.191 37718 11773.550
1791599460.192 37725 11771.442
1791599460.193 37726 11772.225
1791599460.194 37733 11772.886
1791599460.195 37734 11773.863
1791599460.196 37741 11773.930
1791599460.197 37742 11774.765
1791599460.198 37749 11774.367
1791599460.199 37750 11775.179
1791599460.200 37757 11774.795
1791599460.201 37758 11775.627
1791599460.202 37765 11771.361
1791599460.203 37766 11772.312
1791599460.204 37773 11773.044
1791599460.205 37774 11774.022
1791599460.206 37781 11774.805
1791599460.207 37782 11775.783
1791599460.208 37789 11776.412
1791599460.209 37790 11777.243
1791599460.210 37797 11776.875
1791599460.211 37798 11777.685
1791599460.212 37805 11777.183
1791599460.213 37806 11778.150
1791599460.214 37813 11775.688
1791599460.215 37814 11776.630
1791599460.216 37821 11777.364
1791599460.217 37822 11778.213
1791599460.218 37829 11778.485
1791599460.219 37830 11778.902
1791599460.220 37837 11778.941
1791599460.221 37838 11779.757
1791599460.222 37845 11779.367
1791599460.223 37846 11780.175
1791599460.224 37853 11777.822
1791599460.225 37854 11778.741
1791599460.226 37861 11779.418
1791599460.227 37862 11780.394
1791599460.228 37869 11780.569
1791599460.229 37870 11781.411
1791599460.230 37877 11781.029
1791599460.232 37878 11781.836
1791599460.233 37885 11781.444
1791599460.234 37886 11782.252
1791599460.235 37893 11780.547
1791599460.236 37894 11781.508
1791599460.237 37901 11782.242
1791599460.238 37902 11783.323
1791599460.239 37909 11782.963
1791599460.240 37910 11783.771
1791599460.241 37917 11783.379
1791599460.242 37918 11784.188
1791599460.243 37925 11783.798
1791599460.244 37926 11782.811
1791599460.245 37933 11783.212
1791599460.246 37934 11784.182
1791599460.247 37941 11784.429
1791599460.248 37942 11785.401
1791599460.249 37949 11785.046
1791599460.250 37950 11785.854
1791599460.251 37957 11785.465
1791599460.252 37958 11786.272
1791599460.253 37965 11784.365
1791599460.254 37966 11785.297
1791599460.255 37973 11785.997
1791599460.256 37974 11786.973
1791599460.257 37981 11786.705
1791599460.258 37982 11787.513
1791599460.259 37989 11787.120
1791599460.260 37990 11787.927
1791599460.261 37997 11787.533
1791599460.262 37998 11788.340
1791599460.263 38005 11787.008
1791599460.264 38006 11787.961
1791599460.265 38013 11788.160
1791599460.266 38014 11789.133
1791599460.267 38021 11788.779
1791599460.268 38022 11789.592
1791599460.269 38029 11789.199
1791599460.270 38030 11790.004
1791599460.271 38037 11788.116
1791599460.272 38038 11789.072
1791599460.273 38045 11789.791
1791599460.274 38046 11790.766
1791599460.275 38053 11790.434
1791599460.276 38054 11791.245
1791599460.277 38061 11790.856
1791599460.278 38062 11791.659
1791599460.279 38069 11791.267
1791599460.280 38070 11792.078
1791599460.281 38077 11790.573
1791599460.282 38078 11791.494
1791599460.283 38085 11791.707
1791599460.284 38086 11792.667
1791599460.285 38093 11792.510
1791599460.286 38094 11793.314
1791599460.287 38101 11792.922
1791599460.288 38102 11793.840
1791599460.289 38109 11791.538
1791599460.290 38110 11792.466
1791599460.291 38117 11793.132
1791599460.292 38118 11794.108
1791599460.293 38125 11794.141
1791599460.294 38126 11795.115
1791599460.295 38133 11794.691
1791599460.296 38134 11795.499
1791599460.297 38141 11795.106
1791599460.298 38142 11795.911
1791599460.299 38149 11794.082
1791599460.300 38150 11795.031
1791599460.301 38157 11795.722
1791599460.302 38158 11796.700
1791599460.303 38165 11796.354
1791599460.304 38166 11797.163
1791599460.305 38173 11796.769
1791599460.306 38174 11797.576
1791599460.307 38181 11797.185
1791599460.308 38182 11797.989
1791599460.309 38189 11796.393
1791599460.310 38190 11797.343
1791599460.311 38197 11798.097
1791599460.312 38198 11798.520
1791599460.314 38205 11798.439
1791599460.315 38206 11799.246
1791599460.316 38213 11798.851
1791599460.317 38214 11799.654
1791599460.318 38221 11795.968
1791599460.319 38222 11796.893
1791599460.320 38229 11797.594
1791599460.321 38230 11798.571
1791599460.322 38237 11799.368
1791599460.323 38238 11800.339
1791599460.324 38245 11800.544
1791599460.325 38246 11801.312
1791599460.326 38253 11800.919
1791599460.327 38254 11801.724
1791599460.328 38261 11801.334
1791599460.329 38262 11802.155
1791599460.330 38269 11800.168
1791599460.331 38270 11801.113
1791599460.332 38277 11801.818
1791599460.333 38278 11802.790
1791599460.334 38285 11802.576
1791599460.335 38286 11803.380
1791599460.336 38293 11802.983
1791599460.337 38294 11803.785
1791599460.338 38301 11803.392
1791599460.339 38302 11804.315
1791599460.340 38309 11802.620
1791599460.341 38310 11803.558
1791599460.342 38317 11804.153
1791599460.343 38318 11805.076
1791599460.344 38325 11804.737
1791599460.345 38326 11805.541
1791599460.346 38333 11805.145
1791599460.347 38334 11805.947
1791599460.348 38341 11803.628
1791599460.349 38342 11804.552
1791599460.350 38349 11805.226
1791599460.351 38350 11806.169
1791599460.352 38357 11806.337
1791599460.353 38358 11807.121
1791599460.354 38365 11806.773
1791599460.355 38366 11807.577
1791599460.356 38373 11807.183
1791599460.357 38374 11807.994
1791599460.358 38381 11806.149
1791599460.359 38382 11807.103
1791599460.360 38389 11807.823
1791599460.361 38390 11808.796
1791599460.362 38397 11808.431
1791599460.363 38398 11809.238
1791599460.364 38405 11808.845
1791599460.365 38406 11809.654
1791599460.366 38413 11809.265
1791599460.367 38414 11810.069
1791599460.368 38421 11808.572
1791599460.369 38422 11809.524
1791599460.370 38429 11810.080
1791599460.371 38430 11810.888
1791599460.372 38437 11810.312
1791599460.373 38438 11811.283
1791599460.374 38445 11810.916
1791599460.375 38446 11811.717
1791599460.376 38453 11809.294
1791599460.377 38454 11810.220
1791599460.378 38461 11810.881
1791599460.379 38462 11811.855
1791599460.380 38469 11812.154
1791599460.381 38470 11812.948
1791599460.382 38477 11812.562
1791599460.383 38478 11813.370
1791599460.384 38485 11812.975
1791599460.385 38486 11813.783
1791599460.386 38493 11813.392
1791599460.387 38494 11814.202
1791599460.388 38501 11812.482
1791599460.389 38502 11813.497
1791599460.390 38509 11814.272
1791599460.391 38510 11814.807
1791599460.392 38517 11814.725
1791599460.393 38518 11815.529
1791599460.394 38525 11815.142
1791599460.395 38526 11815.948
1791599460.396 38533 11813.549
1791599460.397 38534 11814.476
1791599460.398 38541 11815.152
1791599460.399 38542 11816.127
1791599460.400 38549 11816.443
1791599460.401 38550 11817.181
1791599460.402 38557 11816.798
1791599460.403 38558 11817.603
1791599460.404 38565 11817.209
1791599460.405 38566 11818.014
1791599460.406 38573 11817.619
1791599460.407 38574 11818.418
1791599460.408 38581 11816.595
1791599460.409 38582 11817.541
1791599460.410 38589 11818.321
1791599460.411 38590 11819.293
1791599460.412 38597 11818.861
1791599460.413 38598 11819.664
1791599460.414 38605 11819.274
1791599460.415 38606 11820.081
1791599460.416 38613 11817.846
1791599460.417 38614 11818.780
1791599460.418 38621 11819.410
1791599460.419 38622 11820.259
1791599460.420 38629 11820.445
1791599460.421 38630 11821.406
1791599460.422 38637 11820.933
1791599460.423 38638 11821.653
1791599460.424 38645 11821.356
1791599460.425 38646 11822.167
1791599460.426 38653 11820.310
1791599460.427 38654 11821.265
1791599460.428 38661 11821.986
1791599460.429 38662 11822.959
1791599460.430 38669 11822.591
1791599460.431 38670 11823.400
1791599460.432 38677 11823.012
1791599460.433 38678 11823.822
1791599460.434 38685 11823.428
1791599460.435 38686 11822.347
1791599460.437 38693 11822.940
1791599460.438 38694 11823.909
1791599460.439 38701 11824.118
1791599460.440 38702 11825.374
1791599460.441 38709 11824.947
1791599460.442 38710 11825.758
1791599460.443 38717 11825.362
1791599460.444 38718 11826.164
1791599460.445 38725 11824.392
1791599460.446 38726 11825.195
1791599460.447 38733 11825.912
1791599460.448 38734 11826.894
1791599460.449 38741 11826.603
1791599460.450 38742 11827.411
1791599460.451 38749 11827.014
1791599460.452 38750 11827.812
1791599460.453 38757 11827.427
1791599460.454 38758 11826.406
1791599460.455 38765 11826.731
1791599460.456 38766 11827.702
1791599460.457 38773 11828.053
1791599460.458 38774 11829.008
1791599460.459 38781 11828.663
1791599460.460 38782 11829.470
1791599460.461 38789 11829.076
1791599460.462 38790 11829.884
1791599460.463 38797 11827.792
1791599460.464 38798 11828.745
1791599460.465 38805 11829.438
1791599460.466 38806 11830.409
1791599460.467 38813 11830.315
1791599460.468 38814 11831.122
1791599460.469 38821 11830.728
1791599460.470 38822 11831.542
1791599460.471 38829 11831.152
1791599460.472 38830 11831.959
1791599460.473 38837 11830.365
1791599460.474 38838 11831.310
1791599460.475 38845 11831.545
1791599460.476 38846 11832.505
1791599460.477 38853 11832.389
1791599460.478 38854 11833.199
1791599460.479 38861 11832.807
1791599460.480 38862 11833.612
1791599460.481 38869 11831.571
1791599460.482 38870 11832.519
1791599460.483 38877 11833.174
1791599460.484 38878 11834.148
1791599460.485 38885 11834.039
1791599460.486 38886 11834.847
1791599460.487 38893 11834.445
1791599460.488 38894 11835.263
1791599460.489 38901 11834.863
1791599460.490 38902 11835.794
1791599460.491 38909 11834.387
1791599460.492 38910 11835.337
1791599460.493 38917 11835.525
1791599460.494 38918 11836.504
1791599460.495 38925 11836.239
1791599460.496 38926 11837.041
1791599460.497 38933 11836.650
1791599460.498 38934 11837.457
1791599460.499 38941 11835.540
1791599460.500 38942 11836.495
1791599460.501 38949 11836.652
1791599460.502 38950 11837.618
1791599460.503 38957 11837.891
1791599460.504 38958 11838.694
1791599460.505 38965 11838.303
1791599460.506 38966 11839.112
1791599460.507 38973 11838.722
1791599460.508 38974 11839.531
1791599460.509 38981 11838.064
1791599460.510 38982 11839.010
1791599460.511 38989 11839.215
1791599460.512 38990 11840.174
1791599460.513 38997 11839.953
1791599460.514 38998 11840.766
1791599460.515 39005 11840.377
1791599460.516 39006 11841.181
1791599460.517 39013 11839.218
1791599460.518 39014 11840.169
1791599460.519 39021 11840.869
1791599460.520 39022 11841.818
1791599460.521 39029 11841.609
1791599460.522 39030 11842.419
1791599460.523 39037 11842.028
1791599460.525 39038 11842.835
1791599460.526 39045 11842.445
1791599460.527 39046 11843.253
1791599460.528 39053 11841.767
1791599460.529 39054 11842.725
1791599460.530 39061 11842.946
1791599460.531 39062 11843.901
1791599460.532 39069 11843.692
1791599460.533 39070 11844.499
1791599460.534 39077 11844.106
1791599460.535 39078 11844.911
1791599460.536 39085 11842.945
1791599460.537 39086 11843.892
1791599460.538 39093 11844.601
1791599460.539 39094 11845.601
1791599460.540 39101 11845.372
1791599460.541 39102 11846.289
1791599460.542 39109 11845.895
1791599460.543 39110 11846.703
1791599460.544 39117 11846.307
1791599460.545 39118 11847.114
1791599460.546 39125 11845.690
1791599460.547 39126 11846.637
1791599460.548 39133 11846.839
1791599460.549 39134 11847.810
1791599460.550 39141 11847.551
1791599460.551 39142 11848.355
1791599460.552 39149 11847.966
1791599460.553 39150 11848.776
1791599460.554 39157 11846.870
1791599460.555 39158 11847.821
1791599460.556 39165 11848.522
1791599460.557 39166 11849.500
1791599460.558 39173 11849.168
1791599460.559 39174 11849.989
1791599460.560 39181 11849.637
1791599460.561 39182 11850.446
1791599460.562 39189 11850.053
1791599460.563 39190 11850.862
1791599460.564 39197 11849.176
1791599460.565 39198 11850.127
1791599460.566 39205 11850.839
1791599460.567 39206 11851.235
1791599460.568 39213 11851.299
1791599460.569 39214 11852.109
1791599460.570 39221 11851.717
1791599460.571 39222 11852.525
1791599460.572 39229 11850.320
1791599460.573 39230 11851.095
1791599460.574 39237 11851.747
1791599460.575 39238 11852.714
1791599460.576 39245 11852.928
1791599460.577 39246 11853.763
1791599460.578 39253 11853.370
1791599460.579 39254 11854.171
1791599460.580 39261 11853.790
1791599460.581 39262 11854.599
1791599460.582 39269 11852.818
1791599460.583 39270 11853.772
1791599460.584 39277 11854.508
1791599460.585 39278 11855.463
1791599460.586 39285 11855.036
1791599460.587 39286 11855.847
1791599460.588 39293 11855.455
1791599460.589 39294 11856.263
1791599460.590 39301 11855.866
1791599460.591 39302 11854.956
1791599460.592 39309 11855.305
1791599460.593 39310 11856.269
1791599460.594 39317 11856.624
1791599460.595 39318 11857.584
1791599460.596 39325 11857.225
1791599460.597 39326 11857.992
1791599460.598 39333 11857.645
1791599460.599 39334 11858.453
1791599460.600 39341 11856.542
1791599460.601 39342 11857.496
1791599460.602 39349 11858.216
1791599460.603 39350 11859.191
1791599460.604 39357 11858.884
1791599460.605 39358 11859.249
1791599460.606 39365 11859.297
1791599460.607 39366 11860.102
1791599460.608 39373 11859.709
1791599460.609 39374 11860.516
1791599460.610 39381 11859.026
1791599460.611 39382 11859.966
1791599460.612 39389 11860.075
1791599460.613 39390 11861.035
1791599460.614 39397 11860.951
1791599460.615 39398 11861.760
1791599460.616 39405 11861.347
1791599460.617 39406 11862.169
1791599460.618 39413 11860.059
1791599460.619 39414 11861.000
1791599460.620 39421 11861.661
1791599460.621 39422 11862.637
1791599460.622 39429 11861.282
1791599460.623 39430 11862.255
1791599460.624 39437 11863.048
1791599460.625 39438 11863.863
1791599460.627 39445 11863.424
1791599460.628 39446 11864.235
1791599460.629 39453 11862.204
1791599460.630 39454 11863.160
1791599460.631 39461 11863.849
1791599460.632 39462 11864.824
1791599460.633 39469 11864.675
1791599460.634 39470 11865.483
1791599460.635 39477 11865.091
1791599460.636 39478 11865.893
1791599460.637 39485 11865.496
1791599460.638 39486 11866.309
1791599460.639 39493 11863.135
1791599460.640 39494 11864.075
1791599460.641 39501 11864.810
1791599460.642 39502 11865.899
1791599460.643 39509 11866.679
1791599460.644 39510 11867.654
1791599460.645 39517 11867.271
1791599460.646 39518 11868.076
1791599460.647 39525 11867.683
1791599460.648 39526 11868.491
1791599460.649 39533 11864.634
1791599460.650 39534 11865.580
1791599460.651 39541 11866.361
1791599460.652 39542 11867.337
1791599460.653 39549 11868.097
1791599460.654 39550 11869.072
1791599460.655 39557 11869.276
1791599460.656 39558 11870.108
1791599460.657 39565 11869.749
1791599460.658 39566 11870.558
1791599460.659 39573 11868.842
1791599460.660 39574 11869.790
1791599460.661 39581 11870.536
1791599460.662 39582 11871.380
1791599460.663 39589 11870.928
1791599460.664 39590 11871.768
1791599460.665 39597 11871.411
1791599460.666 39598 11872.219
1791599460.667 39605 11870.005
1791599460.668 39606 11870.717
1791599460.669 39613 11871.341
1791599460.670 39614 11871.971
1791599460.671 39621 11872.713
1791599460.672 39622 11873.133
1791599460.673 39629 11873.073
1791599460.674 39630 11873.882
1791599460.675 39637 11873.490
1791599460.676 39638 11874.292
1791599460.677 39645 11872.015
1791599460.678 39646 11872.955
1791599460.679 39653 11873.646
1791599460.680 39654 11874.620
1791599460.681 39661 11874.676
1791599460.682 39662 11875.511
1791599460.683 39669 11875.136
1791599460.684 39670 11875.943
1791599460.685 39677 11875.549
1791599460.686 39678 11876.356
1791599460.687 39685 11874.736
1791599460.688 39686 11875.687
1791599460.689 39693 11876.396
1791599460.690 39694 11877.107
1791599460.691 39701 11876.791
1791599460.692 39702 11877.690
1791599460.693 39709 11877.294
1791599460.694 39710 11878.099
1791599460.695 39717 11877.703
1791599460.696 39718 11876.675
1791599460.697 39725 11876.922
1791599460.698 39726 11877.892
1791599460.699 39733 11878.524
1791599460.700 39734 11879.080
1791599460.701 39741 11878.944
1791599460.702 39742 11879.750
1791599460.703 39749 11879.358
1791599460.704 39750 11880.165
1791599460.705 39757 11878.008
1791599460.706 39758 11878.937
1791599460.707 39765 11879.605
1791599460.708 39766 11880.576
1791599460.709 39773 11880.589
1791599460.710 39774 11881.408
1791599460.711 39781 11881.019
1791599460.712 39782 11881.825
1791599460.713 39789 11881.429
1791599460.714 39790 11882.241
1791599460.715 39797 11880.537
1791599460.716 39798 11881.485
1791599460.717 39805 11882.210
1791599460.718 39806 11882.612
1791599460.719 39813 11882.673
1791599460.720 39814 11883.481
1791599460.721 39821 11883.089
1791599460.722 39822 11883.894
1791599460.723 39829 11881.692
1791599460.724 39830 11882.626
1791599460.725 39837 11883.153
1791599460.726 39838 11884.125
1791599460.727 39845 11884.342
1791599460.728 39846 11885.140
1791599460.729 39853 11884.748
1791599460.730 39854 11885.553
1791599460.731 39861 11885.136
1791599460.732 39862 11885.970
1791599460.733 39869 11883.253
1791599460.734 39870 11884.186
1791599460.735 39877 11884.909
1791599460.736 39878 11885.888
1791599460.737 39885 11886.408
1791599460.738 39886 11887.221
1791599460.740 39893 11886.832
1791599460.741 39894 11887.644
1791599460.742 39901 11887.253
1791599460.743 39902 11888.196
1791599460.744 39909 11885.833
1791599460.745 39910 11886.782
1791599460.746 39917 11887.508
1791599460.747 39918 11888.484
1791599460.748 39925 11888.637
1791599460.749 39926 11889.438
1791599460.750 39933 11889.048
1791599460.751 39934 11889.857
1791599460.752 39941 11889.465
1791599460.753 39942 11890.270
1791599460.754 39949 11888.456
1791599460.755 39950 11889.412
1791599460.756 39957 11890.121
1791599460.757 39958 11891.093
1791599460.758 39965 11890.704
1791599460.759 39966 11891.511
1791599460.760 39973 11891.116
1791599460.761 39974 11891.923
1791599460.762 39981 11891.532
1791599460.763 39982 11890.494
1791599460.764 39989 11891.095
1791599460.765 39990 11892.064
1791599460.766 39997 11892.289
1791599460.767 39998 11893.127
1791599460.768 40005 11892.773
1791599460.769 40006 11893.585
1791599460.770 40013 11893.194
1791599460.771 40014 11893.999
1791599460.772 40021 11892.117
1791599460.773 40022 11893.067
1791599460.774 40029 11893.798
1791599460.775 40030 11894.775
1791599460.776 40037 11894.346
1791599460.777 40038 11895.317
1791599460.778 40045 11894.843
1791599460.779 40046 11895.660
1791599460.780 40053 11895.265
1791599460.781 40054 11896.074
1791599460.782 40061 11894.456
1791599460.783 40062 11895.413
1791599460.784 40069 11895.592
1791599460.785 40070 11896.544
1791599460.786 40077 11896.516
1791599460.787 40078 11897.325
1791599460.788 40085 11896.935
1791599460.789 40086 11897.744
1791599460.790 40093 11895.215
1791599460.791 40094 11896.149
1791599460.792 40101 11896.781
1791599460.793 40102 11897.844
1791599460.794 40109 11898.264
1791599460.795 40110 11898.551
1791599460.796 40117 11898.678
1791599460.797 40118 11899.482
1791599460.798 40125 11899.091
1791599460.799 40126 11899.894
1791599460.800 40133 11897.457
1791599460.801 40134 11898.390
1791599460.802 40141 11898.891
1791599460.803 40142 11899.861
1791599460.804 40149 11899.973
1791599460.805 40150 11900.930
1791599460.806 40157 11900.745
1791599460.807 40158 11901.554
1791599460.808 40165 11901.162
1791599460.809 40166 11901.967
1791599460.810 40173 11899.677
1791599460.811 40174 11900.581
1791599460.812 40181 11901.240
1791599460.813 40182 11902.212
1791599460.814 40189 11902.222
1791599460.815 40190 11903.179
1791599460.816 40197 11902.826
1791599460.817 40198 11903.634
1791599460.818 40205 11903.244
1791599460.819 40206 11904.050
1791599460.820 40213 11901.605
1791599460.821 40214 11902.533
1791599460.822 40221 11903.203
1791599460.823 40222 11904.175
1791599460.824 40229 11904.462
1791599460.825 40230 11905.288
1791599460.826 40237 11904.900
1791599460.827 40238 11905.706
1791599460.828 40245 11905.311
1791599460.829 40246 11906.117
1791599460.830 40253 11905.723
1791599460.831 40254 11904.429
1791599460.832 40261 11904.694
1791599460.833 40262 11905.663
1791599460.834 40269 11906.447
1791599460.835 40270 11907.418
1791599460.836 40277 11906.966
1791599460.837 40278 11907.794
1791599460.838 40285 11907.375
1791599460.839 40286 11908.192
1791599460.840 40293 11905.825
1791599460.841 40294 11906.706
1791599460.842 40301 11907.349
1791599460.844 40302 11908.458
1791599460.845 40309 11908.637
1791599460.846 40310 11909.610
1791599460.847 40317 11909.184
1791599460.848 40318 11909.998
1791599460.849 40325 11909.605
1791599460.850 40326 11910.410
1791599460.851 40333 11908.539
1791599460.852 40334 11909.489
1791599460.853 40341 11910.059
1791599460.854 40342 11911.029
1791599460.855 40349 11910.848
1791599460.856 40350 11911.657
1791599460.857 40357 11911.260
1791599460.858 40358 11912.071
1791599460.859 40365 11911.682
1791599460.860 40366 11910.540
1791599460.861 40373 11911.170
1791599460.862 40374 11912.111
1791599460.863 40381 11912.504
1791599460.864 40382 11913.314
1791599460.865 40389 11911.642
1791599460.866 40390 11912.616
1791599460.867 40397 11913.396
1791599460.868 40398 11914.137
1791599460.869 40405 11913.752
1791599460.870 40406 11914.555
1791599460.871 40413 11912.320
1791599460.872 40414 11913.270
1791599460.873 40421 11914.005
1791599460.874 40422 11914.980
1791599460.875 40429 11914.983
1791599460.876 40430 11915.794
1791599460.877 40437 11915.407
1791599460.878 40438 11916.218
1791599460.879 40445 11915.831
1791599460.880 40446 11916.639
1791599460.881 40453 11914.610
1791599460.882 40454 11915.569
1791599460.883 40461 11916.278
1791599460.884 40462 11917.247
1791599460.885 40469 11916.980
1791599460.886 40470 11917.937
1791599460.887 40477 11917.482
1791599460.888 40478 11918.282
1791599460.889 40485 11917.892
1791599460.890 40486 11918.702
1791599460.891 40493 11917.314
1791599460.892 40494 11918.258
1791599460.893 40501 11918.670
