muscle_id,family,muscle,realm,template,preset,knob,label,primary,primary_lo,primary_hi,work,work_lo,energy,viol_pp,viol_pp_hi,writes_per_run,native_viol_share,valid,fixed_calm_label,fixed_calm_primary
161,AI Inference Serving,model_replicas,compute_ai_cloud,compute_pool,gpu,capacity,NONINFERIOR / INCONCLUSIVE,0.00000,0.00000,0.00000,0.00000,0.00000,0.00000,0.000,0.000,0.0,0.0362,True,,
162,AI Inference Serving,model_route_weight,compute_ai_cloud,compute_pool,gpu,setpoint,NONINFERIOR / INCONCLUSIVE,0.00000,0.00000,0.00000,0.00000,0.00000,0.00000,0.000,0.000,0.0,0.0332,True,ENERGY IMPROVEMENT WITH SERVICE TRADEOFF,0.16695
163,AI Inference Serving,model_load,compute_ai_cloud,compute_pool,gpu,capacity,NONINFERIOR / INCONCLUSIVE,0.00000,0.00000,0.00000,0.00000,0.00000,0.00000,0.000,0.000,0.0,0.0219,True,,
164,AI Inference Serving,model_unload,compute_ai_cloud,compute_pool,gpu,capacity,NONINFERIOR / INCONCLUSIVE,0.00000,0.00000,0.00000,0.00000,0.00000,0.00000,0.000,0.000,0.0,0.0174,True,,
165,AI Inference Serving,model_instance_count,compute_ai_cloud,compute_pool,gpu,capacity,NONINFERIOR / INCONCLUSIVE,0.00000,0.00000,0.00000,0.00000,0.00000,0.00000,0.000,0.000,0.0,0.0401,True,,
166,AI Inference Serving,continuous_batching,compute_ai_cloud,compute_pool,gpu,capacity,NONINFERIOR / INCONCLUSIVE,0.00000,0.00000,0.00000,0.00000,0.00000,0.00000,0.000,0.000,0.0,0.0465,True,,
167,AI Inference Serving,max_batch_size,compute_ai_cloud,compute_pool,gpu,capacity,NONINFERIOR / INCONCLUSIVE,0.00000,0.00000,0.00000,0.00000,0.00000,0.00000,0.000,0.000,0.0,0.0310,True,,
168,AI Inference Serving,batch_queue_delay,compute_ai_cloud,compute_pool,gpu,capacity,NONINFERIOR / INCONCLUSIVE,0.00000,0.00000,0.00000,0.00000,0.00000,0.00000,0.000,0.000,0.0,0.0321,True,,
169,AI Inference Serving,inference_concurrency,compute_ai_cloud,compute_pool,gpu,admission,NONINFERIOR / INCONCLUSIVE,0.00000,0.00000,0.00000,0.00000,0.00000,0.00000,0.000,0.000,0.0,0.0287,True,,
170,AI Inference Serving,inference_max_tokens,compute_ai_cloud,compute_pool,gpu,capacity,NONINFERIOR / INCONCLUSIVE,0.00000,0.00000,0.00000,0.00000,0.00000,0.00000,0.000,0.000,0.0,0.0254,True,,
171,AI Inference Serving,kv_cache_budget,compute_ai_cloud,compute_pool,gpu,admission,NONINFERIOR / INCONCLUSIVE,0.00000,0.00000,0.00000,0.00000,0.00000,0.00000,0.000,0.000,0.0,0.0350,True,,
172,AI Inference Serving,prefix_cache_budget,compute_ai_cloud,compute_pool,gpu,admission,NONINFERIOR / INCONCLUSIVE,0.00000,0.00000,0.00000,0.00000,0.00000,0.00000,0.000,0.000,0.0,0.0224,True,,
173,AI Inference Serving,speculative_decode_budget,compute_ai_cloud,compute_pool,gpu,admission,NONINFERIOR / INCONCLUSIVE,0.00000,0.00000,0.00000,0.00000,0.00000,0.00000,0.000,0.000,0.0,0.0236,True,,
174,AI Inference Serving,model_precision,compute_ai_cloud,compute_pool,gpu,power,SUPERIOR WITHIN GUARDRAILS,0.02472,0.02045,0.02900,0.00003,-0.00004,-0.02407,-0.181,0.387,589.8,0.0265,True,,
175,AI Inference Serving,inference_priority,compute_ai_cloud,compute_pool,gpu,admission,NONINFERIOR / INCONCLUSIVE,0.00000,0.00000,0.00000,0.00000,0.00000,0.00000,0.000,0.000,0.0,0.0406,True,,
176,AI Inference Serving,inference_slo_gate,compute_ai_cloud,compute_pool,gpu,admission,NONINFERIOR / INCONCLUSIVE,0.00000,0.00000,0.00000,0.00000,0.00000,0.00000,0.000,0.000,0.0,0.0399,True,,
177,AI Training,training_workers,compute_ai_cloud,compute_pool,gpu_batch,capacity,NONINFERIOR / INCONCLUSIVE,0.00000,0.00000,0.00000,0.00000,0.00000,0.00000,0.000,0.000,0.0,0.0000,True,,
178,AI Training,global_batch_size,compute_ai_cloud,compute_pool,gpu_batch,capacity,NONINFERIOR / INCONCLUSIVE,0.00000,0.00000,0.00000,0.00000,0.00000,0.00000,0.000,0.000,0.0,0.0000,True,,
179,AI Training,microbatch_size,compute_ai_cloud,compute_pool,gpu_batch,capacity,NONINFERIOR / INCONCLUSIVE,0.00000,0.00000,0.00000,0.00000,0.00000,0.00000,0.000,0.000,0.0,0.0000,True,,
180,AI Training,gradient_accumulation,compute_ai_cloud,compute_pool,gpu_batch,capacity,NONINFERIOR / INCONCLUSIVE,0.00000,0.00000,0.00000,0.00000,0.00000,0.00000,0.000,0.000,0.0,0.0000,True,,
181,AI Training,data_parallelism,compute_ai_cloud,compute_pool,gpu_batch,capacity,NONINFERIOR / INCONCLUSIVE,0.00000,0.00000,0.00000,0.00000,0.00000,0.00000,0.000,0.000,0.0,0.0000,True,,
182,AI Training,tensor_parallelism,compute_ai_cloud,compute_pool,gpu_batch,capacity,NONINFERIOR / INCONCLUSIVE,0.00000,0.00000,0.00000,0.00000,0.00000,0.00000,0.000,0.000,0.0,0.0000,True,,
183,AI Training,pipeline_parallelism,compute_ai_cloud,compute_pool,gpu_batch,capacity,NONINFERIOR / INCONCLUSIVE,0.00000,0.00000,0.00000,0.00000,0.00000,0.00000,0.000,0.000,0.0,0.0000,True,,
184,AI Training,expert_parallelism,compute_ai_cloud,compute_pool,gpu_batch,capacity,NONINFERIOR / INCONCLUSIVE,0.00000,0.00000,0.00000,0.00000,0.00000,0.00000,0.000,0.000,0.0,0.0000,True,,
185,AI Training,checkpoint_interval,compute_ai_cloud,compute_pool,gpu_batch,setpoint,NONINFERIOR / INCONCLUSIVE,0.00000,0.00000,0.00000,0.00000,0.00000,0.00000,0.000,0.000,0.0,0.0000,True,ENERGY IMPROVEMENT WITH SERVICE TRADEOFF,0.16301
186,AI Training,checkpoint_trigger,compute_ai_cloud,compute_pool,gpu_batch,capacity,NONINFERIOR / INCONCLUSIVE,0.00000,0.00000,0.00000,0.00000,0.00000,0.00000,0.000,0.000,0.0,0.0000,True,,
187,AI Training,training_preempt,compute_ai_cloud,compute_pool,gpu_batch,admission,NONINFERIOR / INCONCLUSIVE,0.00000,0.00000,0.00000,0.00000,0.00000,0.00000,0.000,0.000,0.0,0.0000,True,,
188,AI Training,training_gang_size,compute_ai_cloud,compute_pool,gpu_batch,capacity,NONINFERIOR / INCONCLUSIVE,0.00000,0.00000,0.00000,0.00000,0.00000,0.00000,0.000,0.000,0.0,0.0000,True,,
189,AI Training,elastic_worker_count,compute_ai_cloud,compute_pool,gpu_batch,capacity,NONINFERIOR / INCONCLUSIVE,0.00000,0.00000,0.00000,0.00000,0.00000,0.00000,0.000,0.000,0.0,0.0000,True,,
190,AI Training,straggler_mitigation,compute_ai_cloud,compute_pool,gpu_batch,capacity,NONINFERIOR / INCONCLUSIVE,0.00000,0.00000,0.00000,0.00000,0.00000,0.00000,0.000,0.000,0.0,0.0000,True,,
191,AI Training,training_precision,compute_ai_cloud,compute_pool,gpu_batch,power,SUPERIOR WITHIN GUARDRAILS,0.02144,0.01886,0.02402,0.00000,-0.00000,-0.02098,0.000,0.000,587.5,0.0000,True,,
192,AI Training,compute_comm_overlap,compute_ai_cloud,compute_pool,gpu_batch,capacity,NONINFERIOR / INCONCLUSIVE,0.00000,0.00000,0.00000,0.00000,0.00000,0.00000,0.000,0.000,0.0,0.0000,True,,
97,Cloud VM & Capacity,vm_count,compute_ai_cloud,compute_pool,node,capacity,NONINFERIOR / INCONCLUSIVE,0.00000,0.00000,0.00000,0.00000,0.00000,0.00000,0.000,0.000,0.0,0.0215,True,,
98,Cloud VM & Capacity,vm_size,compute_ai_cloud,compute_pool,node,capacity,NONINFERIOR / INCONCLUSIVE,0.00000,0.00000,0.00000,0.00000,0.00000,0.00000,0.000,0.000,0.0,0.0260,True,,
99,Cloud VM & Capacity,vm_start_stop,compute_ai_cloud,compute_pool,node,capacity,NONINFERIOR / INCONCLUSIVE,0.00000,0.00000,0.00000,0.00000,0.00000,0.00000,0.000,0.000,0.0,0.0272,True,,
100,Cloud VM & Capacity,vm_migrate,compute_ai_cloud,compute_pool,node,capacity,NONINFERIOR / INCONCLUSIVE,0.00000,0.00000,0.00000,0.00000,0.00000,0.00000,0.000,0.000,0.0,0.0279,True,,
101,Cloud VM & Capacity,instance_family,compute_ai_cloud,compute_pool,node,capacity,NONINFERIOR / INCONCLUSIVE,0.00000,0.00000,0.00000,0.00000,0.00000,0.00000,0.000,0.000,0.0,0.0240,True,,
102,Cloud VM & Capacity,asg_min,compute_ai_cloud,compute_pool,node,capacity,NONINFERIOR / INCONCLUSIVE,0.00000,0.00000,0.00000,0.00000,0.00000,0.00000,0.000,0.000,0.0,0.0167,True,,
103,Cloud VM & Capacity,asg_max,compute_ai_cloud,compute_pool,node,capacity,NONINFERIOR / INCONCLUSIVE,0.00000,0.00000,0.00000,0.00000,0.00000,0.00000,0.000,0.000,0.0,0.0247,True,,
104,Cloud VM & Capacity,spot_mix,compute_ai_cloud,compute_pool,node,capacity,NONINFERIOR / INCONCLUSIVE,0.00000,0.00000,0.00000,0.00000,0.00000,0.00000,0.000,0.000,0.0,0.0236,True,,
105,Cloud VM & Capacity,reservation_mix,compute_ai_cloud,compute_pool,node,capacity,NONINFERIOR / INCONCLUSIVE,0.00000,0.00000,0.00000,0.00000,0.00000,0.00000,0.000,0.000,0.0,0.0163,True,,
106,Cloud VM & Capacity,zone_selection,compute_ai_cloud,compute_pool,node,capacity,NONINFERIOR / INCONCLUSIVE,0.00000,0.00000,0.00000,0.00000,0.00000,0.00000,0.000,0.000,0.0,0.0242,True,,
107,Cloud VM & Capacity,region_selection,compute_ai_cloud,compute_pool,node,capacity,NONINFERIOR / INCONCLUSIVE,0.00000,0.00000,0.00000,0.00000,0.00000,0.00000,0.000,0.000,0.0,0.0282,True,,
108,Cloud VM & Capacity,architecture_selection,compute_ai_cloud,compute_pool,node,capacity,NONINFERIOR / INCONCLUSIVE,0.00000,0.00000,0.00000,0.00000,0.00000,0.00000,0.000,0.000,0.0,0.0339,True,,
109,Cloud VM & Capacity,accelerator_selection,compute_ai_cloud,compute_pool,node,capacity,NONINFERIOR / INCONCLUSIVE,0.00000,0.00000,0.00000,0.00000,0.00000,0.00000,0.000,0.000,0.0,0.0329,True,,
110,Cloud VM & Capacity,boot_disk_class,compute_ai_cloud,compute_pool,node,capacity,NONINFERIOR / INCONCLUSIVE,0.00000,0.00000,0.00000,0.00000,0.00000,0.00000,0.000,0.000,0.0,0.0217,True,,
111,Cloud VM & Capacity,placement_group,compute_ai_cloud,compute_pool,node,capacity,NONINFERIOR / INCONCLUSIVE,0.00000,0.00000,0.00000,0.00000,0.00000,0.00000,0.000,0.000,0.0,0.0308,True,,
112,Cloud VM & Capacity,interruption_response,compute_ai_cloud,compute_pool,node,capacity,NONINFERIOR / INCONCLUSIVE,0.00000,0.00000,0.00000,0.00000,0.00000,0.00000,0.000,0.000,0.0,0.0254,True,,
33,Container Resources,cpu_request,compute_ai_cloud,compute_pool,server,capacity,NONINFERIOR / INCONCLUSIVE,0.00000,0.00000,0.00000,0.00000,0.00000,0.00000,0.000,0.000,0.0,0.0133,True,,
34,Container Resources,cpu_limit,compute_ai_cloud,compute_pool,server,capacity,NONINFERIOR / INCONCLUSIVE,0.00000,0.00000,0.00000,0.00000,0.00000,0.00000,0.000,0.000,0.0,0.0132,True,,
35,Container Resources,memory_request,compute_ai_cloud,compute_pool,server,capacity,NONINFERIOR / INCONCLUSIVE,0.00000,0.00000,0.00000,0.00000,0.00000,0.00000,0.000,0.000,0.0,0.0107,True,,
36,Container Resources,memory_limit,compute_ai_cloud,compute_pool,server,capacity,NONINFERIOR / INCONCLUSIVE,0.00000,0.00000,0.00000,0.00000,0.00000,0.00000,0.000,0.000,0.0,0.0143,True,,
37,Container Resources,ephemeral_storage,compute_ai_cloud,compute_pool,server,capacity,NONINFERIOR / INCONCLUSIVE,0.00000,0.00000,0.00000,0.00000,0.00000,0.00000,0.000,0.000,0.0,0.0144,True,,
38,Container Resources,hugepages,compute_ai_cloud,compute_pool,server,capacity,NONINFERIOR / INCONCLUSIVE,0.00000,0.00000,0.00000,0.00000,0.00000,0.00000,0.000,0.000,0.0,0.0115,True,,
39,Container Resources,io_weight,compute_ai_cloud,compute_pool,server,setpoint,NONINFERIOR / INCONCLUSIVE,0.00000,0.00000,0.00000,0.00000,0.00000,0.00000,0.000,0.000,0.0,0.0100,True,ENERGY IMPROVEMENT WITH SERVICE TRADEOFF,0.24173
40,Container Resources,pids_limit,compute_ai_cloud,compute_pool,server,capacity,NONINFERIOR / INCONCLUSIVE,0.00000,0.00000,0.00000,0.00000,0.00000,0.00000,0.000,0.000,0.0,0.0137,True,,
41,Container Resources,memory_high,compute_ai_cloud,compute_pool,server,capacity,NONINFERIOR / INCONCLUSIVE,0.00000,0.00000,0.00000,0.00000,0.00000,0.00000,0.000,0.000,0.0,0.0129,True,,
42,Container Resources,memory_reclaim,compute_ai_cloud,compute_pool,server,capacity,NONINFERIOR / INCONCLUSIVE,0.00000,0.00000,0.00000,0.00000,0.00000,0.00000,0.000,0.000,0.0,0.0121,True,,
43,Container Resources,swap_limit,compute_ai_cloud,compute_pool,server,capacity,NONINFERIOR / INCONCLUSIVE,0.00000,0.00000,0.00000,0.00000,0.00000,0.00000,0.000,0.000,0.0,0.0111,True,,
44,Container Resources,cgroup_io_max,compute_ai_cloud,compute_pool,server,capacity,NONINFERIOR / INCONCLUSIVE,0.00000,0.00000,0.00000,0.00000,0.00000,0.00000,0.000,0.000,0.0,0.0126,True,,
45,Container Resources,cpu_weight,compute_ai_cloud,compute_pool,server,setpoint,NONINFERIOR / INCONCLUSIVE,0.00000,0.00000,0.00000,0.00000,0.00000,0.00000,0.000,0.000,0.0,0.0142,True,ENERGY IMPROVEMENT WITH SERVICE TRADEOFF,0.25082
46,Container Resources,cpu_quota,compute_ai_cloud,compute_pool,server,admission,NONINFERIOR / INCONCLUSIVE,0.00000,0.00000,0.00000,0.00000,0.00000,0.00000,0.000,0.000,0.0,0.0161,True,,
47,Container Resources,cpuset,compute_ai_cloud,compute_pool,server,capacity,NONINFERIOR / INCONCLUSIVE,0.00000,0.00000,0.00000,0.00000,0.00000,0.00000,0.000,0.000,0.0,0.0178,True,,
48,Container Resources,runtime_class,compute_ai_cloud,compute_pool,server,capacity,NONINFERIOR / INCONCLUSIVE,0.00000,0.00000,0.00000,0.00000,0.00000,0.00000,0.000,0.000,0.0,0.0172,True,,
609,"Cross-Cluster, Multi-Region & Edge",multi_cluster_dispatch,compute_ai_cloud,compute_pool,node,capacity,NONINFERIOR / INCONCLUSIVE,0.00000,0.00000,0.00000,0.00000,0.00000,0.00000,0.000,0.000,0.0,0.0283,True,,
610,"Cross-Cluster, Multi-Region & Edge",region_dispatch,compute_ai_cloud,compute_pool,node,capacity,NONINFERIOR / INCONCLUSIVE,0.00000,0.00000,0.00000,0.00000,0.00000,0.00000,0.000,0.000,0.0,0.0256,True,,
611,"Cross-Cluster, Multi-Region & Edge",zone_dispatch,compute_ai_cloud,compute_pool,node,capacity,NONINFERIOR / INCONCLUSIVE,0.00000,0.00000,0.00000,0.00000,0.00000,0.00000,0.000,0.000,0.0,0.0315,True,,
612,"Cross-Cluster, Multi-Region & Edge",edge_dispatch,compute_ai_cloud,compute_pool,node,capacity,NONINFERIOR / INCONCLUSIVE,0.00000,0.00000,0.00000,0.00000,0.00000,0.00000,0.000,0.000,0.0,0.0283,True,,
613,"Cross-Cluster, Multi-Region & Edge",cloud_capacity_class,compute_ai_cloud,compute_pool,node,capacity,NONINFERIOR / INCONCLUSIVE,0.00000,0.00000,0.00000,0.00000,0.00000,0.00000,0.000,0.000,0.0,0.0256,True,,
614,"Cross-Cluster, Multi-Region & Edge",workload_migrate_region,compute_ai_cloud,compute_pool,node,capacity,NONINFERIOR / INCONCLUSIVE,0.00000,0.00000,0.00000,0.00000,0.00000,0.00000,0.000,0.000,0.0,0.0285,True,,
615,"Cross-Cluster, Multi-Region & Edge",data_residency_gate,compute_ai_cloud,compute_pool,node,admission,NONINFERIOR / INCONCLUSIVE,0.00000,0.00000,0.00000,0.00000,0.00000,0.00000,0.000,0.000,0.0,0.0246,True,,
616,"Cross-Cluster, Multi-Region & Edge",latency_region_gate,compute_ai_cloud,compute_pool,node,admission,NONINFERIOR / INCONCLUSIVE,0.00000,0.00000,0.00000,0.00000,0.00000,0.00000,0.000,0.000,0.0,0.0251,True,,
617,"Cross-Cluster, Multi-Region & Edge",cost_region_gate,compute_ai_cloud,compute_pool,node,admission,NONINFERIOR / INCONCLUSIVE,0.00000,0.00000,0.00000,0.00000,0.00000,0.00000,0.000,0.000,0.0,0.0215,True,,
618,"Cross-Cluster, Multi-Region & Edge",carbon_region_gate,compute_ai_cloud,compute_pool,node,admission,NONINFERIOR / INCONCLUSIVE,0.00000,0.00000,0.00000,0.00000,0.00000,0.00000,0.000,0.000,0.0,0.0260,True,,
619,"Cross-Cluster, Multi-Region & Edge",global_failover,compute_ai_cloud,compute_pool,node,capacity,NONINFERIOR / INCONCLUSIVE,0.00000,0.00000,0.00000,0.00000,0.00000,0.00000,0.000,0.000,0.0,0.0362,True,,
620,"Cross-Cluster, Multi-Region & Edge",federation_quota,compute_ai_cloud,compute_pool,node,admission,NONINFERIOR / INCONCLUSIVE,0.00000,0.00000,0.00000,0.00000,0.00000,0.00000,0.000,0.000,0.0,0.0268,True,,
621,"Cross-Cluster, Multi-Region & Edge",cross_cluster_replication,compute_ai_cloud,compute_pool,node,capacity,NONINFERIOR / INCONCLUSIVE,0.00092,-0.00117,0.00302,0.00000,0.00000,-0.00092,0.000,0.000,0.1,0.0272,True,,
622,"Cross-Cluster, Multi-Region & Edge",edge_offload,compute_ai_cloud,compute_pool,node,capacity,NONINFERIOR / INCONCLUSIVE,0.00000,0.00000,0.00000,0.00000,0.00000,0.00000,0.000,0.000,0.0,0.0274,True,,
623,"Cross-Cluster, Multi-Region & Edge",global_admission,compute_ai_cloud,compute_pool,node,admission,NONINFERIOR / INCONCLUSIVE,0.00000,0.00000,0.00000,0.00000,0.00000,0.00000,0.000,0.000,0.0,0.0247,True,,
AUDIT-0021,DPU SmartNIC & Programmable IO,dpu_pf_tx_rate,compute_ai_cloud,compute_pool,fabric,capacity,NONINFERIOR / INCONCLUSIVE,0.00000,0.00000,0.00000,0.00000,0.00000,0.00000,0.000,0.000,0.0,0.0032,True,,
AUDIT-0022,DPU SmartNIC & Programmable IO,dpu_vf_tx_rate,compute_ai_cloud,compute_pool,fabric,capacity,NONINFERIOR / INCONCLUSIVE,0.00000,0.00000,0.00000,0.00000,0.00000,0.00000,0.000,0.000,0.0,0.0025,True,,
AUDIT-0023,DPU SmartNIC & Programmable IO,dpu_sf_tx_rate,compute_ai_cloud,compute_pool,fabric,capacity,NONINFERIOR / INCONCLUSIVE,0.00000,0.00000,0.00000,0.00000,0.00000,0.00000,0.000,0.000,0.0,0.0035,True,,
AUDIT-0024,DPU SmartNIC & Programmable IO,dpu_bandwidth_share,compute_ai_cloud,compute_pool,fabric,capacity,NONINFERIOR / INCONCLUSIVE,0.00000,0.00000,0.00000,0.00000,0.00000,0.00000,0.000,0.000,0.0,0.0019,True,,
AUDIT-0025,DPU SmartNIC & Programmable IO,dpu_qos_group,compute_ai_cloud,compute_pool,fabric,capacity,NONINFERIOR / INCONCLUSIVE,0.00000,0.00000,0.00000,0.00000,0.00000,0.00000,0.000,0.000,0.0,0.0026,True,,
AUDIT-0026,DPU SmartNIC & Programmable IO,sriov_vf_count,compute_ai_cloud,compute_pool,fabric,capacity,NONINFERIOR / INCONCLUSIVE,0.00000,0.00000,0.00000,0.00000,0.00000,0.00000,0.000,0.000,0.0,0.0024,True,,
AUDIT-0027,DPU SmartNIC & Programmable IO,smartnic_flow_steering,compute_ai_cloud,compute_pool,fabric,capacity,NONINFERIOR / INCONCLUSIVE,0.00000,0.00000,0.00000,0.00000,0.00000,0.00000,0.000,0.000,0.0,0.0035,True,,
AUDIT-0028,DPU SmartNIC & Programmable IO,smartnic_offload_enable,compute_ai_cloud,compute_pool,fabric,capacity,NONINFERIOR / INCONCLUSIVE,0.00000,0.00000,0.00000,0.00000,0.00000,0.00000,0.000,0.000,0.0,0.0036,True,,
AUDIT-0029,DPU SmartNIC & Programmable IO,dpu_cpu_budget,compute_ai_cloud,compute_pool,fabric,admission,NONINFERIOR / INCONCLUSIVE,0.00000,0.00000,0.00000,0.00000,0.00000,0.00000,0.000,0.000,0.0,0.0032,True,,
AUDIT-0030,DPU SmartNIC & Programmable IO,dpu_memory_budget,compute_ai_cloud,compute_pool,fabric,admission,NONINFERIOR / INCONCLUSIVE,0.00000,0.00000,0.00000,0.00000,0.00000,0.00000,0.000,0.000,0.0,0.0032,True,,
AUDIT-0031,DPU SmartNIC & Programmable IO,dpu_service_placement,compute_ai_cloud,compute_pool,fabric,capacity,NONINFERIOR / INCONCLUSIVE,0.00000,0.00000,0.00000,0.00000,0.00000,0.00000,0.000,0.000,0.0,0.0029,True,,
AUDIT-0032,DPU SmartNIC & Programmable IO,dpu_failover,compute_ai_cloud,compute_pool,fabric,capacity,NONINFERIOR / INCONCLUSIVE,0.00000,0.00000,0.00000,0.00000,0.00000,0.00000,0.000,0.000,0.0,0.0013,True,,
209,Distributed Cluster Managers,task_admission,compute_ai_cloud,compute_pool,batch,admission,NONINFERIOR / INCONCLUSIVE,0.00000,0.00000,0.00000,0.00000,0.00000,0.00000,0.000,0.000,0.0,0.0000,True,,
210,Distributed Cluster Managers,task_priority,compute_ai_cloud,compute_pool,batch,admission,NONINFERIOR / INCONCLUSIVE,0.00000,0.00000,0.00000,0.00000,0.00000,0.00000,0.000,0.000,0.0,0.0000,True,,
211,Distributed Cluster Managers,resource_reservation,compute_ai_cloud,compute_pool,batch,capacity,NONINFERIOR / INCONCLUSIVE,0.00000,0.00000,0.00000,0.00000,0.00000,0.00000,0.000,0.000,0.0,0.0000,True,,
212,Distributed Cluster Managers,cluster_quota,compute_ai_cloud,compute_pool,batch,admission,NONINFERIOR / INCONCLUSIVE,0.00000,0.00000,0.00000,0.00000,0.00000,0.00000,0.000,0.000,0.0,0.0000,True,,
213,Distributed Cluster Managers,task_preemption,compute_ai_cloud,compute_pool,batch,admission,NONINFERIOR / INCONCLUSIVE,0.00000,0.00000,0.00000,0.00000,0.00000,0.00000,0.000,0.000,0.0,0.0000,True,,
214,Distributed Cluster Managers,binpack_pressure,compute_ai_cloud,compute_pool,batch,capacity,NONINFERIOR / INCONCLUSIVE,0.00000,0.00000,0.00000,0.00000,0.00000,0.00000,0.000,0.000,0.0,0.0000,True,,
215,Distributed Cluster Managers,spread_pressure,compute_ai_cloud,compute_pool,batch,capacity,NONINFERIOR / INCONCLUSIVE,0.00000,0.00000,0.00000,0.00000,0.00000,0.00000,0.000,0.000,0.0,0.0000,True,,
216,Distributed Cluster Managers,gang_schedule,compute_ai_cloud,compute_pool,batch,capacity,NONINFERIOR / INCONCLUSIVE,0.00000,0.00000,0.00000,0.00000,0.00000,0.00000,0.000,0.000,0.0,0.0000,True,,
217,Distributed Cluster Managers,worker_allocation,compute_ai_cloud,compute_pool,batch,capacity,NONINFERIOR / INCONCLUSIVE,0.00000,0.00000,0.00000,0.00000,0.00000,0.00000,0.000,0.000,0.0,0.0000,True,,
218,Distributed Cluster Managers,maintenance_evacuation,compute_ai_cloud,compute_pool,batch,capacity,NONINFERIOR / INCONCLUSIVE,0.00000,0.00000,0.00000,0.00000,0.00000,0.00000,0.000,0.000,0.0,0.0000,True,,
219,Distributed Cluster Managers,oversubscription,compute_ai_cloud,compute_pool,batch,capacity,NONINFERIOR / INCONCLUSIVE,0.00000,0.00000,0.00000,0.00000,0.00000,0.00000,0.000,0.000,0.0,0.0000,True,,
220,Distributed Cluster Managers,resource_reclaim,compute_ai_cloud,compute_pool,batch,capacity,NONINFERIOR / INCONCLUSIVE,0.00000,0.00000,0.00000,0.00000,0.00000,0.00000,0.000,0.000,0.0,0.0000,True,,
221,Distributed Cluster Managers,queue_fairness,compute_ai_cloud,compute_pool,batch,admission,NONINFERIOR / INCONCLUSIVE,0.00000,0.00000,0.00000,0.00000,0.00000,0.00000,0.000,0.000,0.0,0.0000,True,,
222,Distributed Cluster Managers,deadline_pressure,compute_ai_cloud,compute_pool,batch,admission,NONINFERIOR / INCONCLUSIVE,0.00000,0.00000,0.00000,0.00000,0.00000,0.00000,0.000,0.000,0.0,0.0000,True,,
223,Distributed Cluster Managers,scheduler_retry,compute_ai_cloud,compute_pool,batch,admission,NONINFERIOR / INCONCLUSIVE,0.00000,0.00000,0.00000,0.00000,0.00000,0.00000,0.000,0.000,0.0,0.0000,True,,
145,GPU Fabric & RDMA,nvlink_placement,compute_ai_cloud,compute_pool,fabric,capacity,NONINFERIOR / INCONCLUSIVE,0.00000,0.00000,0.00000,0.00000,0.00000,0.00000,0.000,0.000,0.0,0.0044,True,,
146,GPU Fabric & RDMA,nvswitch_route,compute_ai_cloud,compute_pool,fabric,capacity,NONINFERIOR / INCONCLUSIVE,0.00000,0.00000,0.00000,0.00000,0.00000,0.00000,0.000,0.000,0.0,0.0031,True,,
147,GPU Fabric & RDMA,gpu_fabric_quarantine,compute_ai_cloud,compute_pool,fabric,admission,NONINFERIOR / INCONCLUSIVE,0.00000,0.00000,0.00000,0.00000,0.00000,0.00000,0.000,0.000,0.0,0.0018,True,,
148,GPU Fabric & RDMA,rdma_bandwidth,compute_ai_cloud,compute_pool,fabric,capacity,NONINFERIOR / INCONCLUSIVE,0.00000,0.00000,0.00000,0.00000,0.00000,0.00000,0.000,0.000,0.0,0.0031,True,,
149,GPU Fabric & RDMA,rdma_route,compute_ai_cloud,compute_pool,fabric,capacity,NONINFERIOR / INCONCLUSIVE,0.00000,0.00000,0.00000,0.00000,0.00000,0.00000,0.000,0.000,0.0,0.0013,True,,
150,GPU Fabric & RDMA,nic_affinity,compute_ai_cloud,compute_pool,fabric,capacity,NONINFERIOR / INCONCLUSIVE,0.00000,0.00000,0.00000,0.00000,0.00000,0.00000,0.000,0.000,0.0,0.0036,True,,
151,GPU Fabric & RDMA,collective_concurrency,compute_ai_cloud,compute_pool,fabric,admission,NONINFERIOR / INCONCLUSIVE,0.00000,0.00000,0.00000,0.00000,0.00000,0.00000,0.000,0.000,0.0,0.0028,True,,
152,GPU Fabric & RDMA,collective_algorithm,compute_ai_cloud,compute_pool,fabric,capacity,NONINFERIOR / INCONCLUSIVE,0.00000,0.00000,0.00000,0.00000,0.00000,0.00000,0.000,0.000,0.0,0.0019,True,,
153,GPU Fabric & RDMA,collective_chunk_size,compute_ai_cloud,compute_pool,fabric,capacity,NONINFERIOR / INCONCLUSIVE,0.00000,0.00000,0.00000,0.00000,0.00000,0.00000,0.000,0.000,0.0,0.0015,True,,
154,GPU Fabric & RDMA,rank_placement,compute_ai_cloud,compute_pool,fabric,capacity,NONINFERIOR / INCONCLUSIVE,0.00000,0.00000,0.00000,0.00000,0.00000,0.00000,0.000,0.000,0.0,0.0019,True,,
155,GPU Fabric & RDMA,gpudirect_policy,compute_ai_cloud,compute_pool,fabric,capacity,NONINFERIOR / INCONCLUSIVE,0.00000,0.00000,0.00000,0.00000,0.00000,0.00000,0.000,0.000,0.0,0.0025,True,,
156,GPU Fabric & RDMA,congestion_response,compute_ai_cloud,compute_pool,fabric,capacity,NONINFERIOR / INCONCLUSIVE,0.00000,0.00000,0.00000,0.00000,0.00000,0.00000,0.000,0.000,0.0,0.0033,True,,
157,GPU Fabric & RDMA,rail_selection,compute_ai_cloud,compute_pool,fabric,capacity,NONINFERIOR / INCONCLUSIVE,0.00000,0.00000,0.00000,0.00000,0.00000,0.00000,0.000,0.000,0.0,0.0033,True,,
158,GPU Fabric & RDMA,fabric_failover,compute_ai_cloud,compute_pool,fabric,capacity,NONINFERIOR / INCONCLUSIVE,0.00000,0.00000,0.00000,0.00000,0.00000,0.00000,0.000,0.000,0.0,0.0018,True,,
159,GPU Fabric & RDMA,communication_priority,compute_ai_cloud,compute_pool,fabric,admission,NONINFERIOR / INCONCLUSIVE,0.00000,0.00000,0.00000,0.00000,0.00000,0.00000,0.000,0.000,0.0,0.0039,True,,
160,GPU Fabric & RDMA,fabric_isolation,compute_ai_cloud,compute_pool,fabric,admission,NONINFERIOR / INCONCLUSIVE,0.00000,0.00000,0.00000,0.00000,0.00000,0.00000,0.000,0.000,0.0,0.0022,True,,
193,HPC & Distributed Compute,job_slots,compute_ai_cloud,compute_pool,batch,capacity,NONINFERIOR / INCONCLUSIVE,0.00000,0.00000,0.00000,0.00000,0.00000,0.00000,0.000,0.000,0.0,0.0000,True,,
194,HPC & Distributed Compute,mpi_ranks,compute_ai_cloud,compute_pool,batch,capacity,NONINFERIOR / INCONCLUSIVE,0.00000,0.00000,0.00000,0.00000,0.00000,0.00000,0.000,0.000,0.0,0.0000,True,,
195,HPC & Distributed Compute,rank_mapping,compute_ai_cloud,compute_pool,batch,capacity,NONINFERIOR / INCONCLUSIVE,0.00000,0.00000,0.00000,0.00000,0.00000,0.00000,0.000,0.000,0.0,0.0000,True,,
196,HPC & Distributed Compute,node_allocation,compute_ai_cloud,compute_pool,batch,capacity,NONINFERIOR / INCONCLUSIVE,0.00000,0.00000,0.00000,0.00000,0.00000,0.00000,0.000,0.000,0.0,0.0000,True,,
197,HPC & Distributed Compute,job_walltime,compute_ai_cloud,compute_pool,batch,capacity,NONINFERIOR / INCONCLUSIVE,0.00000,0.00000,0.00000,0.00000,0.00000,0.00000,0.000,0.000,0.0,0.0000,True,,
198,HPC & Distributed Compute,job_priority,compute_ai_cloud,compute_pool,batch,admission,NONINFERIOR / INCONCLUSIVE,0.00000,0.00000,0.00000,0.00000,0.00000,0.00000,0.000,0.000,0.0,0.0000,True,,
199,HPC & Distributed Compute,job_preemption,compute_ai_cloud,compute_pool,batch,admission,NONINFERIOR / INCONCLUSIVE,0.00000,0.00000,0.00000,0.00000,0.00000,0.00000,0.000,0.000,0.0,0.0000,True,,
200,HPC & Distributed Compute,checkpoint_restart,compute_ai_cloud,compute_pool,batch,capacity,NONINFERIOR / INCONCLUSIVE,0.00000,0.00000,0.00000,0.00000,0.00000,0.00000,0.000,0.000,0.0,0.0000,True,,
201,HPC & Distributed Compute,parallel_io_budget,compute_ai_cloud,compute_pool,batch,admission,NONINFERIOR / INCONCLUSIVE,0.00000,0.00000,0.00000,0.00000,0.00000,0.00000,0.000,0.000,0.0,0.0000,True,,
202,HPC & Distributed Compute,collective_budget,compute_ai_cloud,compute_pool,batch,admission,NONINFERIOR / INCONCLUSIVE,0.00000,0.00000,0.00000,0.00000,0.00000,0.00000,0.000,0.000,0.0,0.0000,True,,
203,HPC & Distributed Compute,accelerator_share,compute_ai_cloud,compute_pool,batch,capacity,NONINFERIOR / INCONCLUSIVE,0.00000,0.00000,0.00000,0.00000,0.00000,0.00000,0.000,0.000,0.0,0.0000,True,,
204,HPC & Distributed Compute,cpu_gpu_ratio,compute_ai_cloud,compute_pool,batch,setpoint,NONINFERIOR / INCONCLUSIVE,0.00000,0.00000,0.00000,0.00000,0.00000,0.00000,0.000,0.000,0.0,0.0000,True,ENERGY IMPROVEMENT WITH SERVICE TRADEOFF,0.24573
205,HPC & Distributed Compute,memory_per_rank,compute_ai_cloud,compute_pool,batch,capacity,NONINFERIOR / INCONCLUSIVE,0.00000,0.00000,0.00000,0.00000,0.00000,0.00000,0.000,0.000,0.0,0.0000,True,,
206,HPC & Distributed Compute,scratch_budget,compute_ai_cloud,compute_pool,batch,admission,NONINFERIOR / INCONCLUSIVE,0.00000,0.00000,0.00000,0.00000,0.00000,0.00000,0.000,0.000,0.0,0.0000,True,,
207,HPC & Distributed Compute,scheduler_fair_share,compute_ai_cloud,compute_pool,batch,admission,NONINFERIOR / INCONCLUSIVE,0.00000,0.00000,0.00000,0.00000,0.00000,0.00000,0.000,0.000,0.0,0.0000,True,,
208,HPC & Distributed Compute,backfill_policy,compute_ai_cloud,compute_pool,batch,capacity,NONINFERIOR / INCONCLUSIVE,0.00000,0.00000,0.00000,0.00000,0.00000,0.00000,0.000,0.000,0.0,0.0000,True,,
113,Host CPU & Memory,cpufreq_min,compute_ai_cloud,compute_pool,cpu_host,power,ENERGY IMPROVEMENT WITH SERVICE TRADEOFF,0.01414,0.01120,0.01708,0.00000,0.00000,-0.01393,0.111,0.258,605.0,0.0121,True,,
114,Host CPU & Memory,cpufreq_max,compute_ai_cloud,compute_pool,cpu_host,power,SUPERIOR WITHIN GUARDRAILS,0.01675,0.01324,0.02025,0.00000,-0.00000,-0.01645,-0.167,0.160,606.0,0.0151,True,,
115,Host CPU & Memory,rapl_package_power,compute_ai_cloud,compute_pool,cpu_host,power,SUPERIOR WITHIN GUARDRAILS,0.01611,0.01238,0.01984,-0.00000,-0.00000,-0.01583,-0.278,0.100,617.6,0.0150,True,,
116,Host CPU & Memory,uncore_frequency,compute_ai_cloud,compute_pool,cpu_host,power,SUPERIOR WITHIN GUARDRAILS,0.01321,0.01051,0.01592,-0.00001,-0.00002,-0.01304,-0.153,0.118,598.4,0.0161,True,,
117,Host CPU & Memory,energy_perf_preference,compute_ai_cloud,compute_pool,cpu_host,power,SUPERIOR WITHIN GUARDRAILS,0.02083,0.01484,0.02681,-0.00000,-0.00000,-0.02034,-0.208,0.237,611.4,0.0140,True,,
118,Host CPU & Memory,cpu_idle_policy,compute_ai_cloud,compute_pool,cpu_host,power,SUPERIOR WITHIN GUARDRAILS,0.01511,0.01139,0.01884,0.00000,-0.00000,-0.01487,-0.278,-0.030,610.9,0.0182,True,,
119,Host CPU & Memory,memory_bandwidth,compute_ai_cloud,compute_pool,cpu_host,capacity,NONINFERIOR / INCONCLUSIVE,0.00000,0.00000,0.00000,0.00000,0.00000,0.00000,0.000,0.000,0.0,0.0133,True,,
120,Host CPU & Memory,numa_balance,compute_ai_cloud,compute_pool,cpu_host,capacity,NONINFERIOR / INCONCLUSIVE,0.00000,0.00000,0.00000,0.00000,0.00000,0.00000,0.000,0.000,0.0,0.0142,True,,
121,Host CPU & Memory,irq_affinity,compute_ai_cloud,compute_pool,cpu_host,capacity,NONINFERIOR / INCONCLUSIVE,0.00000,0.00000,0.00000,0.00000,0.00000,0.00000,0.000,0.000,0.0,0.0115,True,,
122,Host CPU & Memory,llc_allocation,compute_ai_cloud,compute_pool,cpu_host,capacity,NONINFERIOR / INCONCLUSIVE,0.00000,0.00000,0.00000,0.00000,0.00000,0.00000,0.000,0.000,0.0,0.0143,True,,
123,Host CPU & Memory,memory_pressure_gate,compute_ai_cloud,compute_pool,cpu_host,admission,NONINFERIOR / INCONCLUSIVE,0.00000,0.00000,0.00000,0.00000,0.00000,0.00000,0.000,0.000,0.0,0.0163,True,,
124,Host CPU & Memory,page_reclaim_rate,compute_ai_cloud,compute_pool,cpu_host,capacity,NONINFERIOR / INCONCLUSIVE,0.00000,0.00000,0.00000,0.00000,0.00000,0.00000,0.000,0.000,0.0,0.0119,True,,
125,Host CPU & Memory,transparent_hugepages,compute_ai_cloud,compute_pool,cpu_host,capacity,NONINFERIOR / INCONCLUSIVE,0.00000,0.00000,0.00000,0.00000,0.00000,0.00000,0.000,0.000,0.0,0.0103,True,,
126,Host CPU & Memory,core_online_offline,compute_ai_cloud,compute_pool,cpu_host,capacity,NONINFERIOR / INCONCLUSIVE,0.00000,0.00000,0.00000,0.00000,0.00000,0.00000,0.000,0.000,0.0,0.0086,True,,
127,Host CPU & Memory,thermal_throttle_policy,compute_ai_cloud,compute_pool,cpu_host,power,SUPERIOR WITHIN GUARDRAILS,0.01458,0.01057,0.01859,0.00000,-0.00000,-0.01435,-0.292,-0.080,601.3,0.0128,True,,
128,Host CPU & Memory,host_power_profile,compute_ai_cloud,compute_pool,cpu_host,power,SUPERIOR WITHIN GUARDRAILS,0.01778,0.01260,0.02296,0.00000,-0.00000,-0.01743,-0.236,0.082,612.9,0.0144,True,,
AUDIT-0001,Kubernetes Dynamic Device Allocation,dra_device_class_selection,compute_ai_cloud,compute_pool,gpu,capacity,NONINFERIOR / INCONCLUSIVE,0.00000,0.00000,0.00000,0.00000,0.00000,0.00000,0.000,0.000,0.0,0.0343,True,,
AUDIT-0002,Kubernetes Dynamic Device Allocation,dra_claim_capacity,compute_ai_cloud,compute_pool,gpu,capacity,NONINFERIOR / INCONCLUSIVE,0.00000,0.00000,0.00000,0.00000,0.00000,0.00000,0.000,0.000,0.0,0.0418,True,,
AUDIT-0003,Kubernetes Dynamic Device Allocation,dra_claim_sharing,compute_ai_cloud,compute_pool,gpu,capacity,NONINFERIOR / INCONCLUSIVE,0.00000,0.00000,0.00000,0.00000,0.00000,0.00000,0.000,0.000,0.0,0.0233,True,,
AUDIT-0004,Kubernetes Dynamic Device Allocation,dra_device_taint,compute_ai_cloud,compute_pool,gpu,capacity,NONINFERIOR / INCONCLUSIVE,0.00000,0.00000,0.00000,0.00000,0.00000,0.00000,0.000,0.000,0.0,0.0221,True,,
AUDIT-0005,Kubernetes Dynamic Device Allocation,dra_device_eviction,compute_ai_cloud,compute_pool,gpu,admission,NONINFERIOR / INCONCLUSIVE,0.00000,0.00000,0.00000,0.00000,0.00000,0.00000,0.000,0.000,0.0,0.0303,True,,
AUDIT-0006,Kubernetes Dynamic Device Allocation,dra_binding_readiness,compute_ai_cloud,compute_pool,gpu,capacity,NONINFERIOR / INCONCLUSIVE,0.00000,0.00000,0.00000,0.00000,0.00000,0.00000,0.000,0.000,0.0,0.0403,True,,
AUDIT-0007,Kubernetes Dynamic Device Allocation,dra_binding_failure_response,compute_ai_cloud,compute_pool,gpu,capacity,NONINFERIOR / INCONCLUSIVE,0.00000,0.00000,0.00000,0.00000,0.00000,0.00000,0.000,0.000,0.0,0.0375,True,,
AUDIT-0008,Kubernetes Dynamic Device Allocation,dra_device_configuration,compute_ai_cloud,compute_pool,gpu,setpoint,NONINFERIOR / INCONCLUSIVE,0.00000,0.00000,0.00000,0.00000,0.00000,0.00000,0.000,0.000,0.0,0.0332,True,ENERGY IMPROVEMENT WITH SERVICE TRADEOFF,0.17975
49,Kubernetes Placement & Scheduling,node_selector,compute_ai_cloud,compute_pool,server,capacity,NONINFERIOR / INCONCLUSIVE,0.00000,0.00000,0.00000,0.00000,0.00000,0.00000,0.000,0.000,0.0,0.0119,True,,
50,Kubernetes Placement & Scheduling,node_affinity,compute_ai_cloud,compute_pool,server,capacity,NONINFERIOR / INCONCLUSIVE,0.00000,0.00000,0.00000,0.00000,0.00000,0.00000,0.000,0.000,0.0,0.0060,True,,
51,Kubernetes Placement & Scheduling,pod_anti_affinity,compute_ai_cloud,compute_pool,server,capacity,NONINFERIOR / INCONCLUSIVE,0.00000,0.00000,0.00000,0.00000,0.00000,0.00000,0.000,0.000,0.0,0.0135,True,,
52,Kubernetes Placement & Scheduling,topology_spread,compute_ai_cloud,compute_pool,server,capacity,NONINFERIOR / INCONCLUSIVE,0.00000,0.00000,0.00000,0.00000,0.00000,0.00000,0.000,0.000,0.0,0.0160,True,,
53,Kubernetes Placement & Scheduling,numa_placement,compute_ai_cloud,compute_pool,server,capacity,NONINFERIOR / INCONCLUSIVE,0.00000,0.00000,0.00000,0.00000,0.00000,0.00000,0.000,0.000,0.0,0.0112,True,,
54,Kubernetes Placement & Scheduling,gpu_topology,compute_ai_cloud,compute_pool,server,capacity,NONINFERIOR / INCONCLUSIVE,0.00000,0.00000,0.00000,0.00000,0.00000,0.00000,0.000,0.000,0.0,0.0140,True,,
55,Kubernetes Placement & Scheduling,storage_locality,compute_ai_cloud,compute_pool,server,capacity,NONINFERIOR / INCONCLUSIVE,0.00000,0.00000,0.00000,0.00000,0.00000,0.00000,0.000,0.000,0.0,0.0108,True,,
56,Kubernetes Placement & Scheduling,network_locality,compute_ai_cloud,compute_pool,server,capacity,NONINFERIOR / INCONCLUSIVE,0.00000,0.00000,0.00000,0.00000,0.00000,0.00000,0.000,0.000,0.0,0.0131,True,,
57,Kubernetes Placement & Scheduling,taint_toleration,compute_ai_cloud,compute_pool,server,setpoint,NONINFERIOR / INCONCLUSIVE,0.00000,0.00000,0.00000,0.00000,0.00000,0.00000,0.000,0.000,0.0,0.0189,True,ENERGY IMPROVEMENT WITH SERVICE TRADEOFF,0.25156
58,Kubernetes Placement & Scheduling,priority_class,compute_ai_cloud,compute_pool,server,admission,NONINFERIOR / INCONCLUSIVE,0.00000,0.00000,0.00000,0.00000,0.00000,0.00000,0.000,0.000,0.0,0.0154,True,,
59,Kubernetes Placement & Scheduling,preemption_policy,compute_ai_cloud,compute_pool,server,admission,NONINFERIOR / INCONCLUSIVE,0.00000,0.00000,0.00000,0.00000,0.00000,0.00000,0.000,0.000,0.0,0.0150,True,,
60,Kubernetes Placement & Scheduling,device_claim,compute_ai_cloud,compute_pool,server,capacity,NONINFERIOR / INCONCLUSIVE,0.00000,0.00000,0.00000,0.00000,0.00000,0.00000,0.000,0.000,0.0,0.0112,True,,
61,Kubernetes Placement & Scheduling,failure_domain_spread,compute_ai_cloud,compute_pool,server,capacity,NONINFERIOR / INCONCLUSIVE,0.00000,0.00000,0.00000,0.00000,0.00000,0.00000,0.000,0.000,0.0,0.0138,True,,
62,Kubernetes Placement & Scheduling,scheduler_backoff,compute_ai_cloud,compute_pool,server,admission,NONINFERIOR / INCONCLUSIVE,0.00000,0.00000,0.00000,0.00000,0.00000,0.00000,0.000,0.000,0.0,0.0199,True,,
63,Kubernetes Placement & Scheduling,gang_admission,compute_ai_cloud,compute_pool,server,admission,NONINFERIOR / INCONCLUSIVE,0.00000,0.00000,0.00000,0.00000,0.00000,0.00000,0.000,0.000,0.0,0.0189,True,,
64,Kubernetes Placement & Scheduling,deschedule,compute_ai_cloud,compute_pool,server,capacity,NONINFERIOR / INCONCLUSIVE,0.00000,0.00000,0.00000,0.00000,0.00000,0.00000,0.000,0.000,0.0,0.0178,True,,
17,Kubernetes Workload Scaling,replicas,compute_ai_cloud,compute_pool,server,capacity,NONINFERIOR / INCONCLUSIVE,0.00000,0.00000,0.00000,0.00000,0.00000,0.00000,0.000,0.000,0.0,0.0122,True,,
18,Kubernetes Workload Scaling,hpa_cpu_target,compute_ai_cloud,compute_pool,server,setpoint,NONINFERIOR / INCONCLUSIVE,0.00000,0.00000,0.00000,0.00000,0.00000,0.00000,0.000,0.000,0.0,0.0179,True,ENERGY IMPROVEMENT WITH SERVICE TRADEOFF,0.24902
19,Kubernetes Workload Scaling,hpa_memory_target,compute_ai_cloud,compute_pool,server,setpoint,NONINFERIOR / INCONCLUSIVE,0.00000,0.00000,0.00000,0.00000,0.00000,0.00000,0.000,0.000,0.0,0.0114,True,ENERGY IMPROVEMENT WITH SERVICE TRADEOFF,0.23072
20,Kubernetes Workload Scaling,hpa_custom_target,compute_ai_cloud,compute_pool,server,setpoint,NONINFERIOR / INCONCLUSIVE,0.00000,0.00000,0.00000,0.00000,0.00000,0.00000,0.000,0.000,0.0,0.0204,True,ENERGY IMPROVEMENT WITH SERVICE TRADEOFF,0.24376
21,Kubernetes Workload Scaling,vpa_apply,compute_ai_cloud,compute_pool,server,capacity,NONINFERIOR / INCONCLUSIVE,0.00000,0.00000,0.00000,0.00000,0.00000,0.00000,0.000,0.000,0.0,0.0136,True,,
22,Kubernetes Workload Scaling,scale_to_zero,compute_ai_cloud,compute_pool,server,capacity,NONINFERIOR / INCONCLUSIVE,0.00000,0.00000,0.00000,0.00000,0.00000,0.00000,0.000,0.000,0.0,0.0150,True,,
23,Kubernetes Workload Scaling,keda_threshold,compute_ai_cloud,compute_pool,server,admission,NONINFERIOR / INCONCLUSIVE,0.00000,0.00000,0.00000,0.00000,0.00000,0.00000,0.000,0.000,0.0,0.0151,True,,
24,Kubernetes Workload Scaling,rollout_rate,compute_ai_cloud,compute_pool,server,capacity,NONINFERIOR / INCONCLUSIVE,0.00000,0.00000,0.00000,0.00000,0.00000,0.00000,0.000,0.000,0.0,0.0167,True,,
25,Kubernetes Workload Scaling,max_surge,compute_ai_cloud,compute_pool,server,capacity,NONINFERIOR / INCONCLUSIVE,0.00000,0.00000,0.00000,0.00000,0.00000,0.00000,0.000,0.000,0.0,0.0149,True,,
26,Kubernetes Workload Scaling,max_unavailable,compute_ai_cloud,compute_pool,server,capacity,NONINFERIOR / INCONCLUSIVE,0.00000,0.00000,0.00000,0.00000,0.00000,0.00000,0.000,0.000,0.0,0.0079,True,,
27,Kubernetes Workload Scaling,deployment_pause_resume,compute_ai_cloud,compute_pool,server,admission,NONINFERIOR / INCONCLUSIVE,0.00000,0.00000,0.00000,0.00000,0.00000,0.00000,0.000,0.000,0.0,0.0100,True,,
28,Kubernetes Workload Scaling,rollout_abort,compute_ai_cloud,compute_pool,server,admission,NONINFERIOR / INCONCLUSIVE,0.00000,0.00000,0.00000,0.00000,0.00000,0.00000,0.000,0.000,0.0,0.0153,True,,
29,Kubernetes Workload Scaling,pod_eviction,compute_ai_cloud,compute_pool,server,admission,NONINFERIOR / INCONCLUSIVE,0.00000,0.00000,0.00000,0.00000,0.00000,0.00000,0.000,0.000,0.0,0.0143,True,,
30,Kubernetes Workload Scaling,pdb_policy,compute_ai_cloud,compute_pool,server,capacity,NONINFERIOR / INCONCLUSIVE,0.00000,0.00000,0.00000,0.00000,0.00000,0.00000,0.000,0.000,0.0,0.0104,True,,
31,Kubernetes Workload Scaling,scheduler_queue_priority,compute_ai_cloud,compute_pool,server,admission,NONINFERIOR / INCONCLUSIVE,0.00000,0.00000,0.00000,0.00000,0.00000,0.00000,0.000,0.000,0.0,0.0101,True,,
32,Kubernetes Workload Scaling,api_priority_fairness,compute_ai_cloud,compute_pool,server,admission,NONINFERIOR / INCONCLUSIVE,0.00000,0.00000,0.00000,0.00000,0.00000,0.00000,0.000,0.000,0.0,0.0157,True,,
129,NVIDIA GPU Hardware,gpu_allocate,compute_ai_cloud,compute_pool,gpu,capacity,NONINFERIOR / INCONCLUSIVE,0.00000,0.00000,0.00000,0.00000,0.00000,0.00000,0.000,0.000,0.0,0.0235,True,,
130,NVIDIA GPU Hardware,gpu_power_limit,compute_ai_cloud,compute_pool,gpu,power,SUPERIOR WITHIN GUARDRAILS,0.02531,0.02139,0.02924,0.00029,-0.00019,-0.02437,-0.361,-0.033,593.1,0.0254,True,,
131,NVIDIA GPU Hardware,gpu_sm_clock,compute_ai_cloud,compute_pool,gpu,power,SUPERIOR WITHIN GUARDRAILS,0.02197,0.01869,0.02525,0.00011,-0.00002,-0.02138,-0.264,0.179,583.9,0.0246,True,,
132,NVIDIA GPU Hardware,gpu_memory_clock,compute_ai_cloud,compute_pool,gpu,power,SUPERIOR WITHIN GUARDRAILS,0.02201,0.01815,0.02587,-0.00000,-0.00000,-0.02151,-0.472,-0.055,585.9,0.0275,True,,
133,NVIDIA GPU Hardware,gpu_persistence_mode,compute_ai_cloud,compute_pool,gpu,capacity,NONINFERIOR / INCONCLUSIVE,0.00000,0.00000,0.00000,0.00000,0.00000,0.00000,0.000,0.000,0.0,0.0331,True,,
134,NVIDIA GPU Hardware,gpu_compute_mode,compute_ai_cloud,compute_pool,gpu,capacity,NONINFERIOR / INCONCLUSIVE,0.00000,0.00000,0.00000,0.00000,0.00000,0.00000,0.000,0.000,0.0,0.0283,True,,
135,NVIDIA GPU Hardware,mig_mode,compute_ai_cloud,compute_pool,gpu,capacity,NONINFERIOR / INCONCLUSIVE,0.00000,0.00000,0.00000,0.00000,0.00000,0.00000,0.000,0.000,0.0,0.0294,True,,
136,NVIDIA GPU Hardware,mig_geometry,compute_ai_cloud,compute_pool,gpu,capacity,NONINFERIOR / INCONCLUSIVE,0.00000,0.00000,0.00000,0.00000,0.00000,0.00000,0.000,0.000,0.0,0.0243,True,,
137,NVIDIA GPU Hardware,gpu_timeslice,compute_ai_cloud,compute_pool,gpu,capacity,NONINFERIOR / INCONCLUSIVE,0.00000,0.00000,0.00000,0.00000,0.00000,0.00000,0.000,0.000,0.0,0.0243,True,,
138,NVIDIA GPU Hardware,gpu_mps,compute_ai_cloud,compute_pool,gpu,capacity,NONINFERIOR / INCONCLUSIVE,0.00000,0.00000,0.00000,0.00000,0.00000,0.00000,0.000,0.000,0.0,0.0231,True,,
139,NVIDIA GPU Hardware,gpu_quarantine,compute_ai_cloud,compute_pool,gpu,admission,NONINFERIOR / INCONCLUSIVE,0.00000,0.00000,0.00000,0.00000,0.00000,0.00000,0.000,0.000,0.0,0.0326,True,,
140,NVIDIA GPU Hardware,gpu_reset,compute_ai_cloud,compute_pool,gpu,capacity,NONINFERIOR / INCONCLUSIVE,0.00000,0.00000,0.00000,0.00000,0.00000,0.00000,0.000,0.000,0.0,0.0242,True,,
141,NVIDIA GPU Hardware,gpu_thermal_limit,compute_ai_cloud,compute_pool,gpu,power,SUPERIOR WITHIN GUARDRAILS,0.02575,0.02192,0.02958,-0.00000,-0.00000,-0.02508,-0.486,0.038,593.6,0.0253,True,,
142,NVIDIA GPU Hardware,gpu_ecc_response,compute_ai_cloud,compute_pool,gpu,capacity,NONINFERIOR / INCONCLUSIVE,0.00000,0.00000,0.00000,0.00000,0.00000,0.00000,0.000,0.000,0.0,0.0325,True,,
143,NVIDIA GPU Hardware,gpu_job_power_budget,compute_ai_cloud,compute_pool,gpu,admission,NONINFERIOR / INCONCLUSIVE,0.00000,0.00000,0.00000,0.00000,0.00000,0.00000,0.000,0.000,0.0,0.0260,True,,
65,Node Fleet & Karpenter-Class Control,node_desired,compute_ai_cloud,compute_pool,node,capacity,NONINFERIOR / INCONCLUSIVE,0.00000,0.00000,0.00000,0.00000,0.00000,0.00000,0.000,0.000,0.0,0.0232,True,,
66,Node Fleet & Karpenter-Class Control,node_pool_min,compute_ai_cloud,compute_pool,node,capacity,NONINFERIOR / INCONCLUSIVE,0.00000,0.00000,0.00000,0.00000,0.00000,0.00000,0.000,0.000,0.0,0.0281,True,,
67,Node Fleet & Karpenter-Class Control,node_pool_max,compute_ai_cloud,compute_pool,node,capacity,NONINFERIOR / INCONCLUSIVE,0.00000,0.00000,0.00000,0.00000,0.00000,0.00000,0.000,0.000,0.0,0.0239,True,,
68,Node Fleet & Karpenter-Class Control,node_provision,compute_ai_cloud,compute_pool,node,capacity,NONINFERIOR / INCONCLUSIVE,0.00000,0.00000,0.00000,0.00000,0.00000,0.00000,0.000,0.000,0.0,0.0278,True,,
69,Node Fleet & Karpenter-Class Control,node_cordon,compute_ai_cloud,compute_pool,node,admission,NONINFERIOR / INCONCLUSIVE,0.00000,0.00000,0.00000,0.00000,0.00000,0.00000,0.000,0.000,0.0,0.0274,True,,
70,Node Fleet & Karpenter-Class Control,node_drain,compute_ai_cloud,compute_pool,node,admission,NONINFERIOR / INCONCLUSIVE,0.00000,0.00000,0.00000,0.00000,0.00000,0.00000,0.000,0.000,0.0,0.0264,True,,
71,Node Fleet & Karpenter-Class Control,node_consolidate,compute_ai_cloud,compute_pool,node,capacity,NONINFERIOR / INCONCLUSIVE,0.00000,0.00000,0.00000,0.00000,0.00000,0.00000,0.000,0.000,0.0,0.0269,True,,
72,Node Fleet & Karpenter-Class Control,node_replace,compute_ai_cloud,compute_pool,node,capacity,NONINFERIOR / INCONCLUSIVE,0.00000,0.00000,0.00000,0.00000,0.00000,0.00000,0.000,0.000,0.0,0.0265,True,,
73,Node Fleet & Karpenter-Class Control,node_shutdown,compute_ai_cloud,compute_pool,node,capacity,NONINFERIOR / INCONCLUSIVE,0.00000,0.00000,0.00000,0.00000,0.00000,0.00000,0.000,0.000,0.0,0.0297,True,,
74,Node Fleet & Karpenter-Class Control,node_power_on,compute_ai_cloud,compute_pool,node,capacity,NONINFERIOR / INCONCLUSIVE,0.00000,0.00000,0.00000,0.00000,0.00000,0.00000,0.000,0.000,0.0,0.0232,True,,
75,Node Fleet & Karpenter-Class Control,nodepool_weight,compute_ai_cloud,compute_pool,node,setpoint,NONINFERIOR / INCONCLUSIVE,0.00000,0.00000,0.00000,0.00000,0.00000,0.00000,0.000,0.000,0.0,0.0317,True,NONINFERIOR / INCONCLUSIVE,0.00000
76,Node Fleet & Karpenter-Class Control,disruption_budget,compute_ai_cloud,compute_pool,node,admission,NONINFERIOR / INCONCLUSIVE,0.00000,0.00000,0.00000,0.00000,0.00000,0.00000,0.000,0.000,0.0,0.0211,True,,
77,Node Fleet & Karpenter-Class Control,consolidation_policy,compute_ai_cloud,compute_pool,node,capacity,NONINFERIOR / INCONCLUSIVE,0.00000,0.00000,0.00000,0.00000,0.00000,0.00000,0.000,0.000,0.0,0.0206,True,,
78,Node Fleet & Karpenter-Class Control,consolidate_after,compute_ai_cloud,compute_pool,node,capacity,NONINFERIOR / INCONCLUSIVE,0.00000,0.00000,0.00000,0.00000,0.00000,0.00000,0.000,0.000,0.0,0.0238,True,,
79,Node Fleet & Karpenter-Class Control,expire_after,compute_ai_cloud,compute_pool,node,capacity,NONINFERIOR / INCONCLUSIVE,0.00000,0.00000,0.00000,0.00000,0.00000,0.00000,0.000,0.000,0.0,0.0219,True,,
80,Node Fleet & Karpenter-Class Control,capacity_class,compute_ai_cloud,compute_pool,node,capacity,NONINFERIOR / INCONCLUSIVE,0.00000,0.00000,0.00000,0.00000,0.00000,0.00000,0.000,0.000,0.0,0.0238,True,,
85,OpenShift & Machine API,machine_remediation,compute_ai_cloud,compute_pool,node,capacity,NONINFERIOR / INCONCLUSIVE,0.00000,0.00000,0.00000,0.00000,0.00000,0.00000,0.000,0.000,0.0,0.0235,True,,
88,OpenShift & Machine API,machine_health_gate,compute_ai_cloud,compute_pool,node,admission,NONINFERIOR / INCONCLUSIVE,0.00000,0.00000,0.00000,0.00000,0.00000,0.00000,0.000,0.000,0.0,0.0250,True,,
89,OpenShift & Machine API,mcp_pause,compute_ai_cloud,compute_pool,node,admission,NONINFERIOR / INCONCLUSIVE,0.00000,0.00000,0.00000,0.00000,0.00000,0.00000,0.000,0.000,0.0,0.0190,True,,
90,OpenShift & Machine API,mcp_max_unavailable,compute_ai_cloud,compute_pool,node,capacity,NONINFERIOR / INCONCLUSIVE,0.00000,0.00000,0.00000,0.00000,0.00000,0.00000,0.000,0.000,0.0,0.0238,True,,
91,OpenShift & Machine API,node_config_rollout,compute_ai_cloud,compute_pool,node,capacity,NONINFERIOR / INCONCLUSIVE,0.00000,0.00000,0.00000,0.00000,0.00000,0.00000,0.000,0.000,0.0,0.0261,True,,
92,OpenShift & Machine API,operator_reconcile_budget,compute_ai_cloud,compute_pool,node,admission,NONINFERIOR / INCONCLUSIVE,0.00000,0.00000,0.00000,0.00000,0.00000,0.00000,0.000,0.000,0.0,0.0306,True,,
93,OpenShift & Machine API,cluster_version_pacing,compute_ai_cloud,compute_pool,node,capacity,NONINFERIOR / INCONCLUSIVE,0.00000,0.00000,0.00000,0.00000,0.00000,0.00000,0.000,0.000,0.0,0.0233,True,,
94,OpenShift & Machine API,infra_machine_admission,compute_ai_cloud,compute_pool,node,admission,NONINFERIOR / INCONCLUSIVE,0.00000,0.00000,0.00000,0.00000,0.00000,0.00000,0.000,0.000,0.0,0.0282,True,,
95,OpenShift & Machine API,machine_failure_domain,compute_ai_cloud,compute_pool,node,capacity,NONINFERIOR / INCONCLUSIVE,0.00000,0.00000,0.00000,0.00000,0.00000,0.00000,0.000,0.000,0.0,0.0194,True,,
593,Quantum Computing Control Simulation,qubit_mapping,compute_ai_cloud,compute_pool,qpu,capacity,NONINFERIOR / INCONCLUSIVE,0.00000,0.00000,0.00000,0.00000,0.00000,0.00000,0.000,0.000,0.0,0.0092,True,,
594,Quantum Computing Control Simulation,circuit_admission,compute_ai_cloud,compute_pool,qpu,admission,NONINFERIOR / INCONCLUSIVE,0.00000,0.00000,0.00000,0.00000,0.00000,0.00000,0.000,0.000,0.0,0.0164,True,,
595,Quantum Computing Control Simulation,shot_allocation,compute_ai_cloud,compute_pool,qpu,capacity,NONINFERIOR / INCONCLUSIVE,0.00000,0.00000,0.00000,0.00000,0.00000,0.00000,0.000,0.000,0.0,0.0110,True,,
596,Quantum Computing Control Simulation,circuit_scheduling,compute_ai_cloud,compute_pool,qpu,admission,NONINFERIOR / INCONCLUSIVE,0.00000,0.00000,0.00000,0.00000,0.00000,0.00000,0.000,0.000,0.0,0.0114,True,,
597,Quantum Computing Control Simulation,gate_scheduling,compute_ai_cloud,compute_pool,qpu,capacity,NONINFERIOR / INCONCLUSIVE,0.00000,0.00000,0.00000,0.00000,0.00000,0.00000,0.000,0.000,0.0,0.0157,True,,
598,Quantum Computing Control Simulation,pulse_amplitude,compute_ai_cloud,compute_pool,qpu,capacity,NONINFERIOR / INCONCLUSIVE,0.00000,0.00000,0.00000,0.00000,0.00000,0.00000,0.000,0.000,0.0,0.0049,True,,
599,Quantum Computing Control Simulation,pulse_duration,compute_ai_cloud,compute_pool,qpu,setpoint,NONINFERIOR / INCONCLUSIVE,0.00000,0.00000,0.00000,0.00000,0.00000,0.00000,0.000,0.000,0.0,0.0107,True,ENERGY IMPROVEMENT WITH SERVICE TRADEOFF,0.73206
600,Quantum Computing Control Simulation,pulse_phase,compute_ai_cloud,compute_pool,qpu,capacity,NONINFERIOR / INCONCLUSIVE,0.00000,0.00000,0.00000,0.00000,0.00000,0.00000,0.000,0.000,0.0,0.0343,True,,
601,Quantum Computing Control Simulation,pulse_frequency,compute_ai_cloud,compute_pool,qpu,power,NONINFERIOR / INCONCLUSIVE,0.00000,0.00000,0.00000,0.00000,0.00000,0.00000,0.000,0.000,0.0,0.0229,True,,
602,Quantum Computing Control Simulation,coupling_control,compute_ai_cloud,compute_pool,qpu,capacity,NONINFERIOR / INCONCLUSIVE,0.00000,0.00000,0.00000,0.00000,0.00000,0.00000,0.000,0.000,0.0,0.0093,True,,
603,Quantum Computing Control Simulation,reset_scheduling,compute_ai_cloud,compute_pool,qpu,capacity,NONINFERIOR / INCONCLUSIVE,0.00000,0.00000,0.00000,0.00000,0.00000,0.00000,0.000,0.000,0.0,0.0121,True,,
604,Quantum Computing Control Simulation,measurement_scheduling,compute_ai_cloud,compute_pool,qpu,capacity,NONINFERIOR / INCONCLUSIVE,0.00000,0.00000,0.00000,0.00000,0.00000,0.00000,0.000,0.000,0.0,0.0297,True,,
605,Quantum Computing Control Simulation,dynamical_decoupling,compute_ai_cloud,compute_pool,qpu,capacity,NONINFERIOR / INCONCLUSIVE,0.00000,0.00000,0.00000,0.00000,0.00000,0.00000,0.000,0.000,0.0,0.0072,True,,
606,Quantum Computing Control Simulation,noise_aware_routing,compute_ai_cloud,compute_pool,qpu,capacity,NONINFERIOR / INCONCLUSIVE,0.00000,0.00000,0.00000,0.00000,0.00000,0.00000,0.000,0.000,0.0,0.0103,True,,
607,Quantum Computing Control Simulation,error_mitigation_budget,compute_ai_cloud,compute_pool,qpu,admission,NONINFERIOR / INCONCLUSIVE,0.00000,0.00000,0.00000,0.00000,0.00000,0.00000,0.000,0.000,0.0,0.0139,True,,
608,Quantum Computing Control Simulation,quantum_queue_priority,compute_ai_cloud,compute_pool,qpu,admission,NONINFERIOR / INCONCLUSIVE,0.00000,0.00000,0.00000,0.00000,0.00000,0.00000,0.000,0.000,0.0,0.0111,True,,
1,Work Admission & Demand Shaping,api_concurrency,compute_ai_cloud,compute_pool,server,admission,NONINFERIOR / INCONCLUSIVE,0.00000,0.00000,0.00000,0.00000,0.00000,0.00000,0.000,0.000,0.0,0.0153,True,,
2,Work Admission & Demand Shaping,queue_concurrency,compute_ai_cloud,compute_pool,server,admission,NONINFERIOR / INCONCLUSIVE,0.00000,0.00000,0.00000,0.00000,0.00000,0.00000,0.000,0.000,0.0,0.0167,True,,
3,Work Admission & Demand Shaping,queue_backpressure,compute_ai_cloud,compute_pool,server,admission,NONINFERIOR / INCONCLUSIVE,0.00000,0.00000,0.00000,0.00000,0.00000,0.00000,0.000,0.000,0.0,0.0099,True,,
4,Work Admission & Demand Shaping,job_admission,compute_ai_cloud,compute_pool,server,admission,NONINFERIOR / INCONCLUSIVE,0.00000,0.00000,0.00000,0.00000,0.00000,0.00000,0.000,0.000,0.0,0.0149,True,,
5,Work Admission & Demand Shaping,batch_admission,compute_ai_cloud,compute_pool,server,admission,NONINFERIOR / INCONCLUSIVE,0.00000,0.00000,0.00000,0.00000,0.00000,0.00000,0.000,0.000,0.0,0.0203,True,,
6,Work Admission & Demand Shaping,inference_admission,compute_ai_cloud,compute_pool,server,admission,NONINFERIOR / INCONCLUSIVE,0.00000,0.00000,0.00000,0.00000,0.00000,0.00000,0.000,0.000,0.0,0.0174,True,,
7,Work Admission & Demand Shaping,load_shed,compute_ai_cloud,compute_pool,server,admission,NONINFERIOR / INCONCLUSIVE,0.00000,0.00000,0.00000,0.00000,0.00000,0.00000,0.000,0.000,0.0,0.0144,True,,
8,Work Admission & Demand Shaping,priority_gate,compute_ai_cloud,compute_pool,server,admission,NONINFERIOR / INCONCLUSIVE,0.00000,0.00000,0.00000,0.00000,0.00000,0.00000,0.000,0.000,0.0,0.0147,True,,
9,Work Admission & Demand Shaping,tenant_admission,compute_ai_cloud,compute_pool,server,admission,NONINFERIOR / INCONCLUSIVE,0.00000,0.00000,0.00000,0.00000,0.00000,0.00000,0.000,0.000,0.0,0.0132,True,,
10,Work Admission & Demand Shaping,burst_limit,compute_ai_cloud,compute_pool,server,admission,NONINFERIOR / INCONCLUSIVE,0.00000,0.00000,0.00000,0.00000,0.00000,0.00000,0.000,0.000,0.0,0.0149,True,,
11,Work Admission & Demand Shaping,deadline_admission,compute_ai_cloud,compute_pool,server,admission,NONINFERIOR / INCONCLUSIVE,0.00000,0.00000,0.00000,0.00000,0.00000,0.00000,0.000,0.000,0.0,0.0122,True,,
12,Work Admission & Demand Shaping,work_budget,compute_ai_cloud,compute_pool,server,admission,NONINFERIOR / INCONCLUSIVE,0.00000,0.00000,0.00000,0.00000,0.00000,0.00000,0.000,0.000,0.0,0.0114,True,,
13,Work Admission & Demand Shaping,request_queue_limit,compute_ai_cloud,compute_pool,server,admission,NONINFERIOR / INCONCLUSIVE,0.00000,0.00000,0.00000,0.00000,0.00000,0.00000,0.000,0.000,0.0,0.0164,True,,
14,Work Admission & Demand Shaping,retry_admission,compute_ai_cloud,compute_pool,server,admission,NONINFERIOR / INCONCLUSIVE,0.00000,0.00000,0.00000,0.00000,0.00000,0.00000,0.000,0.000,0.0,0.0139,True,,
15,Work Admission & Demand Shaping,background_work_gate,compute_ai_cloud,compute_pool,server,admission,NONINFERIOR / INCONCLUSIVE,0.00000,0.00000,0.00000,0.00000,0.00000,0.00000,0.000,0.000,0.0,0.0157,True,,
16,Work Admission & Demand Shaping,maintenance_work_gate,compute_ai_cloud,compute_pool,server,admission,NONINFERIOR / INCONCLUSIVE,0.00000,0.00000,0.00000,0.00000,0.00000,0.00000,0.000,0.000,0.0,0.0096,True,,
305,Cache & Memory Services,cache_size,distribution_specialized,compute_pool,server,capacity,NONINFERIOR / INCONCLUSIVE,0.00000,0.00000,0.00000,0.00000,0.00000,0.00000,0.000,0.000,0.0,0.0156,True,,
306,Cache & Memory Services,cache_ttl,distribution_specialized,compute_pool,server,setpoint,NONINFERIOR / INCONCLUSIVE,0.00000,0.00000,0.00000,0.00000,0.00000,0.00000,0.000,0.000,0.0,0.0121,True,ENERGY IMPROVEMENT WITH SERVICE TRADEOFF,0.24744
307,Cache & Memory Services,cache_eviction_policy,distribution_specialized,compute_pool,server,admission,NONINFERIOR / INCONCLUSIVE,0.00000,0.00000,0.00000,0.00000,0.00000,0.00000,0.000,0.000,0.0,0.0156,True,,
308,Cache & Memory Services,cache_replicas,distribution_specialized,compute_pool,server,capacity,NONINFERIOR / INCONCLUSIVE,0.00000,0.00000,0.00000,0.00000,0.00000,0.00000,0.000,0.000,0.0,0.0161,True,,
309,Cache & Memory Services,cache_sharding,distribution_specialized,compute_pool,server,capacity,NONINFERIOR / INCONCLUSIVE,0.00000,0.00000,0.00000,0.00000,0.00000,0.00000,0.000,0.000,0.0,0.0139,True,,
310,Cache & Memory Services,cache_prefetch,distribution_specialized,compute_pool,server,capacity,NONINFERIOR / INCONCLUSIVE,0.00000,0.00000,0.00000,0.00000,0.00000,0.00000,0.000,0.000,0.0,0.0112,True,,
311,Cache & Memory Services,cache_writeback_rate,distribution_specialized,compute_pool,server,capacity,NONINFERIOR / INCONCLUSIVE,0.00000,0.00000,0.00000,0.00000,0.00000,0.00000,0.000,0.000,0.0,0.0135,True,,
312,Cache & Memory Services,cache_admission,distribution_specialized,compute_pool,server,admission,NONINFERIOR / INCONCLUSIVE,0.00000,0.00000,0.00000,0.00000,0.00000,0.00000,0.000,0.000,0.0,0.0151,True,,
313,Cache & Memory Services,hot_key_isolation,distribution_specialized,compute_pool,server,admission,NONINFERIOR / INCONCLUSIVE,0.00000,0.00000,0.00000,0.00000,0.00000,0.00000,0.000,0.000,0.0,0.0168,True,,
314,Cache & Memory Services,cache_connection_limit,distribution_specialized,compute_pool,server,admission,NONINFERIOR / INCONCLUSIVE,0.00000,0.00000,0.00000,0.00000,0.00000,0.00000,0.000,0.000,0.0,0.0139,True,,
315,Cache & Memory Services,cache_memory_limit,distribution_specialized,compute_pool,server,capacity,NONINFERIOR / INCONCLUSIVE,0.00000,0.00000,0.00000,0.00000,0.00000,0.00000,0.000,0.000,0.0,0.0100,True,,
316,Cache & Memory Services,cache_compression,distribution_specialized,compute_pool,server,capacity,NONINFERIOR / INCONCLUSIVE,0.00000,0.00000,0.00000,0.00000,0.00000,0.00000,0.000,0.000,0.0,0.0108,True,,
317,Cache & Memory Services,cache_warmup,distribution_specialized,compute_pool,server,capacity,NONINFERIOR / INCONCLUSIVE,0.00000,0.00000,0.00000,0.00000,0.00000,0.00000,0.000,0.000,0.0,0.0099,True,,
318,Cache & Memory Services,cache_failover,distribution_specialized,compute_pool,server,capacity,NONINFERIOR / INCONCLUSIVE,0.00000,0.00000,0.00000,0.00000,0.00000,0.00000,0.000,0.000,0.0,0.0142,True,,
319,Cache & Memory Services,cache_flush_rate,distribution_specialized,compute_pool,server,capacity,NONINFERIOR / INCONCLUSIVE,0.00000,0.00000,0.00000,0.00000,0.00000,0.00000,0.000,0.000,0.0,0.0085,True,,
401,Commerce & Payment Systems,payment_admission,distribution_specialized,compute_pool,commerce,admission,NONINFERIOR / INCONCLUSIVE,0.00000,0.00000,0.00000,0.00000,0.00000,0.00000,0.000,0.000,0.0,0.0629,True,,
402,Commerce & Payment Systems,payment_concurrency,distribution_specialized,compute_pool,commerce,admission,NONINFERIOR / INCONCLUSIVE,0.00000,0.00000,0.00000,0.00000,0.00000,0.00000,0.000,0.000,0.0,0.0693,True,,
403,Commerce & Payment Systems,payment_retry,distribution_specialized,compute_pool,commerce,admission,NONINFERIOR / INCONCLUSIVE,0.00000,0.00000,0.00000,0.00000,0.00000,0.00000,0.000,0.000,0.0,0.0675,True,,
404,Commerce & Payment Systems,payment_timeout,distribution_specialized,compute_pool,commerce,admission,NONINFERIOR / INCONCLUSIVE,0.00000,0.00000,0.00000,0.00000,0.00000,0.00000,0.000,0.000,0.0,0.0507,True,,
405,Commerce & Payment Systems,fraud_review_gate,distribution_specialized,compute_pool,commerce,admission,NONINFERIOR / INCONCLUSIVE,0.00000,0.00000,0.00000,0.00000,0.00000,0.00000,0.000,0.000,0.0,0.0589,True,,
406,Commerce & Payment Systems,authorization_route,distribution_specialized,compute_pool,commerce,capacity,NONINFERIOR / INCONCLUSIVE,0.00000,0.00000,0.00000,0.00000,0.00000,0.00000,0.000,0.000,0.0,0.0601,True,,
407,Commerce & Payment Systems,processor_route_weight,distribution_specialized,compute_pool,commerce,setpoint,NONINFERIOR / INCONCLUSIVE,0.00000,0.00000,0.00000,0.00000,0.00000,0.00000,0.000,0.000,0.0,0.0564,True,ENERGY IMPROVEMENT WITH SERVICE TRADEOFF,0.28577
408,Commerce & Payment Systems,transaction_queue_limit,distribution_specialized,compute_pool,commerce,admission,NONINFERIOR / INCONCLUSIVE,0.00000,0.00000,0.00000,0.00000,0.00000,0.00000,0.000,0.000,0.0,0.0632,True,,
409,Commerce & Payment Systems,idempotency_window,distribution_specialized,compute_pool,commerce,setpoint,NONINFERIOR / INCONCLUSIVE,0.00000,0.00000,0.00000,0.00000,0.00000,0.00000,0.000,0.000,0.0,0.0493,True,ENERGY IMPROVEMENT WITH SERVICE TRADEOFF,0.29508
410,Commerce & Payment Systems,order_reservation,distribution_specialized,compute_pool,commerce,capacity,NONINFERIOR / INCONCLUSIVE,0.00000,0.00000,0.00000,0.00000,0.00000,0.00000,0.000,0.000,0.0,0.0592,True,,
411,Commerce & Payment Systems,inventory_hold,distribution_specialized,compute_pool,commerce,admission,NONINFERIOR / INCONCLUSIVE,0.00000,0.00000,0.00000,0.00000,0.00000,0.00000,0.000,0.000,0.0,0.0469,True,,
412,Commerce & Payment Systems,checkout_load_shed,distribution_specialized,compute_pool,commerce,admission,NONINFERIOR / INCONCLUSIVE,0.00000,0.00000,0.00000,0.00000,0.00000,0.00000,0.000,0.000,0.0,0.0618,True,,
413,Commerce & Payment Systems,refund_queue_rate,distribution_specialized,compute_pool,commerce,capacity,NONINFERIOR / INCONCLUSIVE,0.00000,0.00000,0.00000,0.00000,0.00000,0.00000,0.000,0.000,0.0,0.0436,True,,
414,Commerce & Payment Systems,settlement_batch,distribution_specialized,compute_pool,commerce,capacity,NONINFERIOR / INCONCLUSIVE,0.00000,0.00000,0.00000,0.00000,0.00000,0.00000,0.000,0.000,0.0,0.0674,True,,
415,Commerce & Payment Systems,payment_failover,distribution_specialized,compute_pool,commerce,capacity,NONINFERIOR / INCONCLUSIVE,0.00000,0.00000,0.00000,0.00000,0.00000,0.00000,0.000,0.000,0.0,0.0663,True,,
338,Data Analytics & ETL,executor_size,distribution_specialized,compute_pool,batch,capacity,NONINFERIOR / INCONCLUSIVE,0.00000,0.00000,0.00000,0.00000,0.00000,0.00000,0.000,0.000,0.0,0.0000,True,,
339,Data Analytics & ETL,dynamic_allocation_min,distribution_specialized,compute_pool,batch,capacity,NONINFERIOR / INCONCLUSIVE,0.00000,0.00000,0.00000,0.00000,0.00000,0.00000,0.000,0.000,0.0,0.0000,True,,
340,Data Analytics & ETL,dynamic_allocation_max,distribution_specialized,compute_pool,batch,capacity,NONINFERIOR / INCONCLUSIVE,0.00000,0.00000,0.00000,0.00000,0.00000,0.00000,0.000,0.000,0.0,0.0000,True,,
341,Data Analytics & ETL,shuffle_partitions,distribution_specialized,compute_pool,batch,capacity,NONINFERIOR / INCONCLUSIVE,0.00000,0.00000,0.00000,0.00000,0.00000,0.00000,0.000,0.000,0.0,0.0000,True,,
342,Data Analytics & ETL,shuffle_bandwidth,distribution_specialized,compute_pool,batch,capacity,NONINFERIOR / INCONCLUSIVE,0.00000,0.00000,0.00000,0.00000,0.00000,0.00000,0.000,0.000,0.0,0.0000,True,,
343,Data Analytics & ETL,etl_concurrency,distribution_specialized,compute_pool,batch,admission,NONINFERIOR / INCONCLUSIVE,0.00000,0.00000,0.00000,0.00000,0.00000,0.00000,0.000,0.000,0.0,0.0000,True,,
344,Data Analytics & ETL,stage_parallelism,distribution_specialized,compute_pool,batch,capacity,NONINFERIOR / INCONCLUSIVE,0.00000,0.00000,0.00000,0.00000,0.00000,0.00000,0.000,0.000,0.0,0.0000,True,,
345,Data Analytics & ETL,query_slots,distribution_specialized,compute_pool,batch,capacity,NONINFERIOR / INCONCLUSIVE,0.00000,0.00000,0.00000,0.00000,0.00000,0.00000,0.000,0.000,0.0,0.0000,True,,
346,Data Analytics & ETL,spill_threshold,distribution_specialized,compute_pool,batch,admission,NONINFERIOR / INCONCLUSIVE,0.00000,0.00000,0.00000,0.00000,0.00000,0.00000,0.000,0.000,0.0,0.0000,True,,
347,Data Analytics & ETL,cache_fraction,distribution_specialized,compute_pool,batch,setpoint,NONINFERIOR / INCONCLUSIVE,0.00000,0.00000,0.00000,0.00000,0.00000,0.00000,0.000,0.000,0.0,0.0000,True,ENERGY IMPROVEMENT WITH SERVICE TRADEOFF,0.24905
348,Data Analytics & ETL,batch_interval,distribution_specialized,compute_pool,batch,setpoint,NONINFERIOR / INCONCLUSIVE,0.00000,0.00000,0.00000,0.00000,0.00000,0.00000,0.000,0.000,0.0,0.0000,True,ENERGY IMPROVEMENT WITH SERVICE TRADEOFF,0.23097
349,Data Analytics & ETL,stream_backpressure,distribution_specialized,compute_pool,batch,admission,NONINFERIOR / INCONCLUSIVE,0.00000,0.00000,0.00000,0.00000,0.00000,0.00000,0.000,0.000,0.0,0.0000,True,,
350,Data Analytics & ETL,data_locality_wait,distribution_specialized,compute_pool,batch,capacity,NONINFERIOR / INCONCLUSIVE,0.00000,0.00000,0.00000,0.00000,0.00000,0.00000,0.000,0.000,0.0,0.0000,True,,
351,Data Analytics & ETL,speculation_policy,distribution_specialized,compute_pool,batch,capacity,NONINFERIOR / INCONCLUSIVE,0.00000,0.00000,0.00000,0.00000,0.00000,0.00000,0.000,0.000,0.0,0.0000,True,,
352,Data Analytics & ETL,analytics_admission,distribution_specialized,compute_pool,batch,admission,NONINFERIOR / INCONCLUSIVE,0.00000,0.00000,0.00000,0.00000,0.00000,0.00000,0.000,0.000,0.0,0.0000,True,,
273,Database & Transactions,db_replicas,distribution_specialized,compute_pool,database,capacity,NONINFERIOR / INCONCLUSIVE,0.00000,0.00000,0.00000,0.00000,0.00000,0.00000,0.000,0.000,0.0,0.0779,True,,
275,Database & Transactions,db_memory,distribution_specialized,compute_pool,database,capacity,NONINFERIOR / INCONCLUSIVE,0.00000,0.00000,0.00000,0.00000,0.00000,0.00000,0.000,0.000,0.0,0.0860,True,,
276,Database & Transactions,db_cache,distribution_specialized,compute_pool,database,capacity,NONINFERIOR / INCONCLUSIVE,0.00000,0.00000,0.00000,0.00000,0.00000,0.00000,0.000,0.000,0.0,0.0828,True,,
277,Database & Transactions,query_concurrency,distribution_specialized,compute_pool,database,admission,NONINFERIOR / INCONCLUSIVE,0.00000,0.00000,0.00000,0.00000,0.00000,0.00000,0.000,0.000,0.0,0.0829,True,,
278,Database & Transactions,read_route,distribution_specialized,compute_pool,database,capacity,NONINFERIOR / INCONCLUSIVE,0.00000,0.00000,0.00000,0.00000,0.00000,0.00000,0.000,0.000,0.0,0.0950,True,,
279,Database & Transactions,shard_placement,distribution_specialized,compute_pool,database,capacity,NONINFERIOR / INCONCLUSIVE,0.00000,0.00000,0.00000,0.00000,0.00000,0.00000,0.000,0.000,0.0,0.0800,True,,
280,Database & Transactions,db_failover,distribution_specialized,compute_pool,database,capacity,NONINFERIOR / INCONCLUSIVE,0.00000,0.00000,0.00000,0.00000,0.00000,0.00000,0.000,0.000,0.0,0.0821,True,,
281,Database & Transactions,replication_lag_gate,distribution_specialized,compute_pool,database,admission,NONINFERIOR / INCONCLUSIVE,0.00000,0.00000,0.00000,0.00000,0.00000,0.00000,0.000,0.000,0.0,0.0707,True,,
282,Database & Transactions,db_write_throttle,distribution_specialized,compute_pool,database,admission,NONINFERIOR / INCONCLUSIVE,0.00000,0.00000,0.00000,0.00000,0.00000,0.00000,0.000,0.000,0.0,0.0786,True,,
283,Database & Transactions,db_pool_resize,distribution_specialized,compute_pool,database,capacity,NONINFERIOR / INCONCLUSIVE,0.00000,0.00000,0.00000,0.00000,0.00000,0.00000,0.000,0.000,0.0,0.0843,True,,
284,Database & Transactions,transaction_concurrency,distribution_specialized,compute_pool,database,admission,NONINFERIOR / INCONCLUSIVE,0.00000,0.00000,0.00000,0.00000,0.00000,0.00000,0.000,0.000,0.0,0.0461,True,,
285,Database & Transactions,lock_timeout,distribution_specialized,compute_pool,database,admission,NONINFERIOR / INCONCLUSIVE,0.00000,0.00000,0.00000,0.00000,0.00000,0.00000,0.000,0.000,0.0,0.0710,True,,
286,Database & Transactions,checkpoint_rate,distribution_specialized,compute_pool,database,capacity,NONINFERIOR / INCONCLUSIVE,0.00000,0.00000,0.00000,0.00000,0.00000,0.00000,0.000,0.000,0.0,0.0846,True,,
287,Database & Transactions,vacuum_compaction_rate,distribution_specialized,compute_pool,database,capacity,NONINFERIOR / INCONCLUSIVE,0.00000,0.00000,0.00000,0.00000,0.00000,0.00000,0.000,0.000,0.0,0.0882,True,,
289,Messaging & Streaming,partition_count,distribution_specialized,compute_pool,server,capacity,NONINFERIOR / INCONCLUSIVE,0.00000,0.00000,0.00000,0.00000,0.00000,0.00000,0.000,0.000,0.0,0.0118,True,,
290,Messaging & Streaming,partition_placement,distribution_specialized,compute_pool,server,capacity,NONINFERIOR / INCONCLUSIVE,0.00000,0.00000,0.00000,0.00000,0.00000,0.00000,0.000,0.000,0.0,0.0101,True,,
291,Messaging & Streaming,producer_quota,distribution_specialized,compute_pool,server,admission,NONINFERIOR / INCONCLUSIVE,0.00000,0.00000,0.00000,0.00000,0.00000,0.00000,0.000,0.000,0.0,0.0126,True,,
292,Messaging & Streaming,consumer_quota,distribution_specialized,compute_pool,server,admission,NONINFERIOR / INCONCLUSIVE,0.00000,0.00000,0.00000,0.00000,0.00000,0.00000,0.000,0.000,0.0,0.0128,True,,
293,Messaging & Streaming,broker_io_quota,distribution_specialized,compute_pool,server,admission,NONINFERIOR / INCONCLUSIVE,0.00000,0.00000,0.00000,0.00000,0.00000,0.00000,0.000,0.000,0.0,0.0104,True,,
294,Messaging & Streaming,message_retention,distribution_specialized,compute_pool,server,capacity,NONINFERIOR / INCONCLUSIVE,0.00000,0.00000,0.00000,0.00000,0.00000,0.00000,0.000,0.000,0.0,0.0114,True,,
295,Messaging & Streaming,queue_depth_limit,distribution_specialized,compute_pool,server,admission,NONINFERIOR / INCONCLUSIVE,0.00000,0.00000,0.00000,0.00000,0.00000,0.00000,0.000,0.000,0.0,0.0143,True,,
296,Messaging & Streaming,consumer_concurrency,distribution_specialized,compute_pool,server,admission,NONINFERIOR / INCONCLUSIVE,0.00000,0.00000,0.00000,0.00000,0.00000,0.00000,0.000,0.000,0.0,0.0138,True,,
297,Messaging & Streaming,producer_batch_size,distribution_specialized,compute_pool,server,capacity,NONINFERIOR / INCONCLUSIVE,0.00000,0.00000,0.00000,0.00000,0.00000,0.00000,0.000,0.000,0.0,0.0129,True,,
298,Messaging & Streaming,fetch_batch_size,distribution_specialized,compute_pool,server,capacity,NONINFERIOR / INCONCLUSIVE,0.00000,0.00000,0.00000,0.00000,0.00000,0.00000,0.000,0.000,0.0,0.0153,True,,
299,Messaging & Streaming,rebalance_rate,distribution_specialized,compute_pool,server,capacity,NONINFERIOR / INCONCLUSIVE,0.00000,0.00000,0.00000,0.00000,0.00000,0.00000,0.000,0.000,0.0,0.0122,True,,
300,Messaging & Streaming,replication_factor,distribution_specialized,compute_pool,server,capacity,NONINFERIOR / INCONCLUSIVE,0.00000,0.00000,0.00000,0.00000,0.00000,0.00000,0.000,0.000,0.0,0.0108,True,,
301,Messaging & Streaming,retry_backoff,distribution_specialized,compute_pool,server,admission,NONINFERIOR / INCONCLUSIVE,0.00000,0.00000,0.00000,0.00000,0.00000,0.00000,0.000,0.000,0.0,0.0149,True,,
302,Messaging & Streaming,dead_letter_divert,distribution_specialized,compute_pool,server,capacity,NONINFERIOR / INCONCLUSIVE,0.00000,0.00000,0.00000,0.00000,0.00000,0.00000,0.000,0.000,0.0,0.0126,True,,
303,Messaging & Streaming,stream_priority,distribution_specialized,compute_pool,server,admission,NONINFERIOR / INCONCLUSIVE,0.00000,0.00000,0.00000,0.00000,0.00000,0.00000,0.000,0.000,0.0,0.0169,True,,
304,Messaging & Streaming,broker_failover,distribution_specialized,compute_pool,server,capacity,NONINFERIOR / INCONCLUSIVE,0.00000,0.00000,0.00000,0.00000,0.00000,0.00000,0.000,0.000,0.0,0.0131,True,,
225,Network Routing & Switching,lb_weight,distribution_specialized,compute_pool,network,setpoint,NONINFERIOR / INCONCLUSIVE,0.00000,0.00000,0.00000,0.00000,0.00000,0.00000,0.000,0.000,0.0,0.0056,True,ENERGY IMPROVEMENT WITH SERVICE TRADEOFF,0.47477
226,Network Routing & Switching,route_weight,distribution_specialized,compute_pool,network,setpoint,NONINFERIOR / INCONCLUSIVE,0.00000,0.00000,0.00000,0.00000,0.00000,0.00000,0.000,0.000,0.0,0.0071,True,ENERGY IMPROVEMENT WITH SERVICE TRADEOFF,0.47423
227,Network Routing & Switching,rate_limit,distribution_specialized,compute_pool,network,admission,NONINFERIOR / INCONCLUSIVE,0.00000,0.00000,0.00000,0.00000,0.00000,0.00000,0.000,0.000,0.0,0.0049,True,,
228,Network Routing & Switching,bandwidth_limit,distribution_specialized,compute_pool,network,capacity,NONINFERIOR / INCONCLUSIVE,0.00000,0.00000,0.00000,0.00000,0.00000,0.00000,0.000,0.000,0.0,0.0079,True,,
229,Network Routing & Switching,qos_class,distribution_specialized,compute_pool,network,capacity,NONINFERIOR / INCONCLUSIVE,0.00000,0.00000,0.00000,0.00000,0.00000,0.00000,0.000,0.000,0.0,0.0075,True,,
230,Network Routing & Switching,connection_limit,distribution_specialized,compute_pool,network,admission,NONINFERIOR / INCONCLUSIVE,0.00000,0.00000,0.00000,0.00000,0.00000,0.00000,0.000,0.000,0.0,0.0100,True,,
231,Network Routing & Switching,failover_route,distribution_specialized,compute_pool,network,capacity,NONINFERIOR / INCONCLUSIVE,0.00000,0.00000,0.00000,0.00000,0.00000,0.00000,0.000,0.000,0.0,0.0046,True,,
232,Network Routing & Switching,nic_rate_limit,distribution_specialized,compute_pool,network,admission,NONINFERIOR / INCONCLUSIVE,0.00000,0.00000,0.00000,0.00000,0.00000,0.00000,0.000,0.000,0.0,0.0064,True,,
233,Network Routing & Switching,nic_queue_count,distribution_specialized,compute_pool,network,capacity,NONINFERIOR / INCONCLUSIVE,0.00000,0.00000,0.00000,0.00000,0.00000,0.00000,0.000,0.000,0.0,0.0078,True,,
234,Network Routing & Switching,queue_discipline,distribution_specialized,compute_pool,network,capacity,NONINFERIOR / INCONCLUSIVE,0.00000,0.00000,0.00000,0.00000,0.00000,0.00000,0.000,0.000,0.0,0.0064,True,,
235,Network Routing & Switching,congestion_control,distribution_specialized,compute_pool,network,capacity,NONINFERIOR / INCONCLUSIVE,0.00000,0.00000,0.00000,0.00000,0.00000,0.00000,0.000,0.000,0.0,0.0039,True,,
236,Network Routing & Switching,egress_budget,distribution_specialized,compute_pool,network,admission,NONINFERIOR / INCONCLUSIVE,0.00000,0.00000,0.00000,0.00000,0.00000,0.00000,0.000,0.000,0.0,0.0074,True,,
237,Network Routing & Switching,ingress_budget,distribution_specialized,compute_pool,network,admission,NONINFERIOR / INCONCLUSIVE,0.00000,0.00000,0.00000,0.00000,0.00000,0.00000,0.000,0.000,0.0,0.0056,True,,
238,Network Routing & Switching,ecmp_weight,distribution_specialized,compute_pool,network,setpoint,NONINFERIOR / INCONCLUSIVE,0.00000,0.00000,0.00000,0.00000,0.00000,0.00000,0.000,0.000,0.0,0.0042,True,ENERGY IMPROVEMENT WITH SERVICE TRADEOFF,0.43246
239,Network Routing & Switching,path_selection,distribution_specialized,compute_pool,network,capacity,NONINFERIOR / INCONCLUSIVE,0.00000,0.00000,0.00000,0.00000,0.00000,0.00000,0.000,0.000,0.0,0.0050,True,,
240,Network Routing & Switching,network_isolation,distribution_specialized,compute_pool,network,admission,NONINFERIOR / INCONCLUSIVE,0.00000,0.00000,0.00000,0.00000,0.00000,0.00000,0.000,0.000,0.0,0.0079,True,,
373,Observability & Telemetry,collector_memory_limit,distribution_specialized,compute_pool,server,capacity,NONINFERIOR / INCONCLUSIVE,0.00000,0.00000,0.00000,0.00000,0.00000,0.00000,0.000,0.000,0.0,0.0190,True,,
374,Observability & Telemetry,export_concurrency,distribution_specialized,compute_pool,server,admission,NONINFERIOR / INCONCLUSIVE,0.00000,0.00000,0.00000,0.00000,0.00000,0.00000,0.000,0.000,0.0,0.0114,True,,
376,Observability & Telemetry,cardinality_budget,distribution_specialized,compute_pool,server,admission,NONINFERIOR / INCONCLUSIVE,0.00000,0.00000,0.00000,0.00000,0.00000,0.00000,0.000,0.000,0.0,0.0114,True,,
377,Observability & Telemetry,retention_window,distribution_specialized,compute_pool,server,setpoint,NONINFERIOR / INCONCLUSIVE,0.00000,0.00000,0.00000,0.00000,0.00000,0.00000,0.000,0.000,0.0,0.0121,True,ENERGY IMPROVEMENT WITH SERVICE TRADEOFF,0.24587
378,Observability & Telemetry,remote_write_queue,distribution_specialized,compute_pool,server,capacity,NONINFERIOR / INCONCLUSIVE,0.00000,0.00000,0.00000,0.00000,0.00000,0.00000,0.000,0.000,0.0,0.0100,True,,
379,Observability & Telemetry,telemetry_shed,distribution_specialized,compute_pool,server,admission,NONINFERIOR / INCONCLUSIVE,0.00000,0.00000,0.00000,0.00000,0.00000,0.00000,0.000,0.000,0.0,0.0164,True,,
385,"Reliability, Security & Recovery",restart,distribution_specialized,compute_pool,server,capacity,NONINFERIOR / INCONCLUSIVE,0.00000,0.00000,0.00000,0.00000,0.00000,0.00000,0.000,0.000,0.0,0.0111,True,,
386,"Reliability, Security & Recovery",rollback,distribution_specialized,compute_pool,server,capacity,NONINFERIOR / INCONCLUSIVE,0.00000,0.00000,0.00000,0.00000,0.00000,0.00000,0.000,0.000,0.0,0.0108,True,,
388,"Reliability, Security & Recovery",traffic_divert_recovery,distribution_specialized,compute_pool,server,capacity,NONINFERIOR / INCONCLUSIVE,0.00000,0.00000,0.00000,0.00000,0.00000,0.00000,0.000,0.000,0.0,0.0115,True,,
389,"Reliability, Security & Recovery",degraded_mode,distribution_specialized,compute_pool,server,capacity,NONINFERIOR / INCONCLUSIVE,0.00000,0.00000,0.00000,0.00000,0.00000,0.00000,0.000,0.000,0.0,0.0165,True,,
390,"Reliability, Security & Recovery",actuator_freeze,distribution_specialized,compute_pool,server,admission,NONINFERIOR / INCONCLUSIVE,0.00000,0.00000,0.00000,0.00000,0.00000,0.00000,0.000,0.000,0.0,0.0108,True,,
391,"Reliability, Security & Recovery",workload_isolate,distribution_specialized,compute_pool,server,admission,NONINFERIOR / INCONCLUSIVE,0.00000,0.00000,0.00000,0.00000,0.00000,0.00000,0.000,0.000,0.0,0.0108,True,,
393,"Reliability, Security & Recovery",credential_rotation_gate,distribution_specialized,compute_pool,server,admission,NONINFERIOR / INCONCLUSIVE,0.00000,0.00000,0.00000,0.00000,0.00000,0.00000,0.000,0.000,0.0,0.0114,True,,
394,"Reliability, Security & Recovery",policy_enforcement,distribution_specialized,compute_pool,server,capacity,NONINFERIOR / INCONCLUSIVE,0.00000,0.00000,0.00000,0.00000,0.00000,0.00000,0.000,0.000,0.0,0.0104,True,,
395,"Reliability, Security & Recovery",rate_abuse_gate,distribution_specialized,compute_pool,server,admission,NONINFERIOR / INCONCLUSIVE,0.00000,0.00000,0.00000,0.00000,0.00000,0.00000,0.000,0.000,0.0,0.0163,True,,
396,"Reliability, Security & Recovery",fault_domain_isolate,distribution_specialized,compute_pool,server,admission,NONINFERIOR / INCONCLUSIVE,0.00000,0.00000,0.00000,0.00000,0.00000,0.00000,0.000,0.000,0.0,0.0174,True,,
397,"Reliability, Security & Recovery",backup_trigger,distribution_specialized,compute_pool,server,capacity,NONINFERIOR / INCONCLUSIVE,0.00000,0.00000,0.00000,0.00000,0.00000,0.00000,0.000,0.000,0.0,0.0140,True,,
400,"Reliability, Security & Recovery",kill_switch,distribution_specialized,compute_pool,server,admission,NONINFERIOR / INCONCLUSIVE,0.00000,0.00000,0.00000,0.00000,0.00000,0.00000,0.000,0.000,0.0,0.0132,True,,
353,Runtime & Application,worker_count,distribution_specialized,compute_pool,server,capacity,NONINFERIOR / INCONCLUSIVE,0.00000,0.00000,0.00000,0.00000,0.00000,0.00000,0.000,0.000,0.0,0.0111,True,,
354,Runtime & Application,thread_pool,distribution_specialized,compute_pool,server,capacity,NONINFERIOR / INCONCLUSIVE,0.00000,0.00000,0.00000,0.00000,0.00000,0.00000,0.000,0.000,0.0,0.0174,True,,
355,Runtime & Application,jvm_heap,distribution_specialized,compute_pool,server,capacity,NONINFERIOR / INCONCLUSIVE,0.00000,0.00000,0.00000,0.00000,0.00000,0.00000,0.000,0.000,0.0,0.0129,True,,
356,Runtime & Application,gc_budget,distribution_specialized,compute_pool,server,admission,NONINFERIOR / INCONCLUSIVE,0.00000,0.00000,0.00000,0.00000,0.00000,0.00000,0.000,0.000,0.0,0.0099,True,,
357,Runtime & Application,connection_pool_runtime,distribution_specialized,compute_pool,server,capacity,NONINFERIOR / INCONCLUSIVE,0.00000,0.00000,0.00000,0.00000,0.00000,0.00000,0.000,0.000,0.0,0.0090,True,,
358,Runtime & Application,application_cache_size,distribution_specialized,compute_pool,server,capacity,NONINFERIOR / INCONCLUSIVE,0.00000,0.00000,0.00000,0.00000,0.00000,0.00000,0.000,0.000,0.0,0.0132,True,,
359,Runtime & Application,runtime_memory,distribution_specialized,compute_pool,server,capacity,NONINFERIOR / INCONCLUSIVE,0.00000,0.00000,0.00000,0.00000,0.00000,0.00000,0.000,0.000,0.0,0.0200,True,,
360,Runtime & Application,async_concurrency,distribution_specialized,compute_pool,server,admission,NONINFERIOR / INCONCLUSIVE,0.00000,0.00000,0.00000,0.00000,0.00000,0.00000,0.000,0.000,0.0,0.0096,True,,
361,Runtime & Application,event_loop_workers,distribution_specialized,compute_pool,server,capacity,NONINFERIOR / INCONCLUSIVE,0.00000,0.00000,0.00000,0.00000,0.00000,0.00000,0.000,0.000,0.0,0.0171,True,,
362,Runtime & Application,process_count,distribution_specialized,compute_pool,server,capacity,NONINFERIOR / INCONCLUSIVE,0.00000,0.00000,0.00000,0.00000,0.00000,0.00000,0.000,0.000,0.0,0.0118,True,,
363,Runtime & Application,request_timeout,distribution_specialized,compute_pool,server,admission,NONINFERIOR / INCONCLUSIVE,0.00000,0.00000,0.00000,0.00000,0.00000,0.00000,0.000,0.000,0.0,0.0121,True,,
364,Runtime & Application,background_workers,distribution_specialized,compute_pool,server,capacity,NONINFERIOR / INCONCLUSIVE,0.00000,0.00000,0.00000,0.00000,0.00000,0.00000,0.000,0.000,0.0,0.0222,True,,
365,Runtime & Application,runtime_cpu_budget,distribution_specialized,compute_pool,server,admission,NONINFERIOR / INCONCLUSIVE,0.00000,0.00000,0.00000,0.00000,0.00000,0.00000,0.000,0.000,0.0,0.0147,True,,
366,Runtime & Application,runtime_io_budget,distribution_specialized,compute_pool,server,admission,NONINFERIOR / INCONCLUSIVE,0.00000,0.00000,0.00000,0.00000,0.00000,0.00000,0.000,0.000,0.0,0.0124,True,,
367,Runtime & Application,runtime_restart,distribution_specialized,compute_pool,server,capacity,NONINFERIOR / INCONCLUSIVE,0.00000,0.00000,0.00000,0.00000,0.00000,0.00000,0.000,0.000,0.0,0.0090,True,,
321,"Search, Indexing & Vector DB",index_workers,distribution_specialized,compute_pool,server,capacity,NONINFERIOR / INCONCLUSIVE,0.00000,0.00000,0.00000,0.00000,0.00000,0.00000,0.000,0.000,0.0,0.0175,True,,
322,"Search, Indexing & Vector DB",index_refresh_rate,distribution_specialized,compute_pool,server,capacity,NONINFERIOR / INCONCLUSIVE,0.00000,0.00000,0.00000,0.00000,0.00000,0.00000,0.000,0.000,0.0,0.0117,True,,
323,"Search, Indexing & Vector DB",segment_merge_rate,distribution_specialized,compute_pool,server,capacity,NONINFERIOR / INCONCLUSIVE,0.00000,0.00000,0.00000,0.00000,0.00000,0.00000,0.000,0.000,0.0,0.0143,True,,
324,"Search, Indexing & Vector DB",search_concurrency,distribution_specialized,compute_pool,server,admission,NONINFERIOR / INCONCLUSIVE,0.00000,0.00000,0.00000,0.00000,0.00000,0.00000,0.000,0.000,0.0,0.0108,True,,
325,"Search, Indexing & Vector DB",search_timeout,distribution_specialized,compute_pool,server,admission,NONINFERIOR / INCONCLUSIVE,0.00000,0.00000,0.00000,0.00000,0.00000,0.00000,0.000,0.000,0.0,0.0174,True,,
326,"Search, Indexing & Vector DB",shard_count,distribution_specialized,compute_pool,server,capacity,NONINFERIOR / INCONCLUSIVE,0.00000,0.00000,0.00000,0.00000,0.00000,0.00000,0.000,0.000,0.0,0.0132,True,,
327,"Search, Indexing & Vector DB",shard_replication,distribution_specialized,compute_pool,server,capacity,NONINFERIOR / INCONCLUSIVE,0.00000,0.00000,0.00000,0.00000,0.00000,0.00000,0.000,0.000,0.0,0.0119,True,,
328,"Search, Indexing & Vector DB",shard_rebalance,distribution_specialized,compute_pool,server,capacity,NONINFERIOR / INCONCLUSIVE,0.00000,0.00000,0.00000,0.00000,0.00000,0.00000,0.000,0.000,0.0,0.0122,True,,
329,"Search, Indexing & Vector DB",vector_search_k,distribution_specialized,compute_pool,server,capacity,NONINFERIOR / INCONCLUSIVE,0.00000,0.00000,0.00000,0.00000,0.00000,0.00000,0.000,0.000,0.0,0.0107,True,,
330,"Search, Indexing & Vector DB",vector_batch_size,distribution_specialized,compute_pool,server,capacity,NONINFERIOR / INCONCLUSIVE,0.00000,0.00000,0.00000,0.00000,0.00000,0.00000,0.000,0.000,0.0,0.0115,True,,
331,"Search, Indexing & Vector DB",embedding_workers,distribution_specialized,compute_pool,server,capacity,NONINFERIOR / INCONCLUSIVE,0.00000,0.00000,0.00000,0.00000,0.00000,0.00000,0.000,0.000,0.0,0.0147,True,,
332,"Search, Indexing & Vector DB",index_memory_budget,distribution_specialized,compute_pool,server,admission,NONINFERIOR / INCONCLUSIVE,0.00000,0.00000,0.00000,0.00000,0.00000,0.00000,0.000,0.000,0.0,0.0119,True,,
333,"Search, Indexing & Vector DB",query_route,distribution_specialized,compute_pool,server,capacity,NONINFERIOR / INCONCLUSIVE,0.00000,0.00000,0.00000,0.00000,0.00000,0.00000,0.000,0.000,0.0,0.0122,True,,
334,"Search, Indexing & Vector DB",hot_shard_isolation,distribution_specialized,compute_pool,server,admission,NONINFERIOR / INCONCLUSIVE,0.00000,0.00000,0.00000,0.00000,0.00000,0.00000,0.000,0.000,0.0,0.0126,True,,
335,"Search, Indexing & Vector DB",search_admission,distribution_specialized,compute_pool,server,admission,NONINFERIOR / INCONCLUSIVE,0.00000,0.00000,0.00000,0.00000,0.00000,0.00000,0.000,0.000,0.0,0.0094,True,,
241,Service Mesh & API Reliability,circuit_breaker,distribution_specialized,compute_pool,server,admission,NONINFERIOR / INCONCLUSIVE,0.00000,0.00000,0.00000,0.00000,0.00000,0.00000,0.000,0.000,0.0,0.0157,True,,
242,Service Mesh & API Reliability,retry_budget,distribution_specialized,compute_pool,server,admission,NONINFERIOR / INCONCLUSIVE,0.00000,0.00000,0.00000,0.00000,0.00000,0.00000,0.000,0.000,0.0,0.0086,True,,
243,Service Mesh & API Reliability,service_timeout,distribution_specialized,compute_pool,server,admission,NONINFERIOR / INCONCLUSIVE,0.00000,0.00000,0.00000,0.00000,0.00000,0.00000,0.000,0.000,0.0,0.0169,True,,
244,Service Mesh & API Reliability,service_concurrency,distribution_specialized,compute_pool,server,admission,NONINFERIOR / INCONCLUSIVE,0.00000,0.00000,0.00000,0.00000,0.00000,0.00000,0.000,0.000,0.0,0.0146,True,,
245,Service Mesh & API Reliability,connection_pool,distribution_specialized,compute_pool,server,capacity,NONINFERIOR / INCONCLUSIVE,0.00000,0.00000,0.00000,0.00000,0.00000,0.00000,0.000,0.000,0.0,0.0069,True,,
246,Service Mesh & API Reliability,traffic_divert,distribution_specialized,compute_pool,server,capacity,NONINFERIOR / INCONCLUSIVE,0.00000,0.00000,0.00000,0.00000,0.00000,0.00000,0.000,0.000,0.0,0.0126,True,,
247,Service Mesh & API Reliability,traffic_mirror,distribution_specialized,compute_pool,server,capacity,NONINFERIOR / INCONCLUSIVE,0.00000,0.00000,0.00000,0.00000,0.00000,0.00000,0.000,0.000,0.0,0.0118,True,,
248,Service Mesh & API Reliability,canary_weight,distribution_specialized,compute_pool,server,setpoint,NONINFERIOR / INCONCLUSIVE,0.00000,0.00000,0.00000,0.00000,0.00000,0.00000,0.000,0.000,0.0,0.0129,True,ENERGY IMPROVEMENT WITH SERVICE TRADEOFF,0.24419
249,Service Mesh & API Reliability,outlier_ejection,distribution_specialized,compute_pool,server,admission,NONINFERIOR / INCONCLUSIVE,0.00000,0.00000,0.00000,0.00000,0.00000,0.00000,0.000,0.000,0.0,0.0114,True,,
250,Service Mesh & API Reliability,health_threshold,distribution_specialized,compute_pool,server,admission,NONINFERIOR / INCONCLUSIVE,0.00000,0.00000,0.00000,0.00000,0.00000,0.00000,0.000,0.000,0.0,0.0085,True,,
251,Service Mesh & API Reliability,dns_traffic_weight,distribution_specialized,compute_pool,server,setpoint,NONINFERIOR / INCONCLUSIVE,0.00000,0.00000,0.00000,0.00000,0.00000,0.00000,0.000,0.000,0.0,0.0133,True,ENERGY IMPROVEMENT WITH SERVICE TRADEOFF,0.24364
252,Service Mesh & API Reliability,session_affinity,distribution_specialized,compute_pool,server,capacity,NONINFERIOR / INCONCLUSIVE,0.00000,0.00000,0.00000,0.00000,0.00000,0.00000,0.000,0.000,0.0,0.0142,True,,
253,Service Mesh & API Reliability,request_hedging,distribution_specialized,compute_pool,server,capacity,NONINFERIOR / INCONCLUSIVE,0.00000,0.00000,0.00000,0.00000,0.00000,0.00000,0.000,0.000,0.0,0.0144,True,,
254,Service Mesh & API Reliability,fault_injection_gate,distribution_specialized,compute_pool,server,admission,NONINFERIOR / INCONCLUSIVE,0.00000,0.00000,0.00000,0.00000,0.00000,0.00000,0.000,0.000,0.0,0.0119,True,,
255,Service Mesh & API Reliability,service_failover,distribution_specialized,compute_pool,server,capacity,NONINFERIOR / INCONCLUSIVE,0.00000,0.00000,0.00000,0.00000,0.00000,0.00000,0.000,0.000,0.0,0.0249,True,,
257,Storage Block/File/Object,volume_size,distribution_specialized,compute_pool,storage,capacity,NONINFERIOR / INCONCLUSIVE,0.00000,0.00000,0.00000,0.00000,0.00000,0.00000,0.000,0.000,0.0,0.0056,True,,
258,Storage Block/File/Object,iops_limit,distribution_specialized,compute_pool,storage,capacity,NONINFERIOR / INCONCLUSIVE,0.00000,0.00000,0.00000,0.00000,0.00000,0.00000,0.000,0.000,0.0,0.0036,True,,
259,Storage Block/File/Object,throughput_limit,distribution_specialized,compute_pool,storage,capacity,NONINFERIOR / INCONCLUSIVE,0.00000,0.00000,0.00000,0.00000,0.00000,0.00000,0.000,0.000,0.0,0.0081,True,,
260,Storage Block/File/Object,replica_count,distribution_specialized,compute_pool,storage,capacity,NONINFERIOR / INCONCLUSIVE,0.00000,0.00000,0.00000,0.00000,0.00000,0.00000,0.000,0.000,0.0,0.0060,True,,
261,Storage Block/File/Object,storage_tier,distribution_specialized,compute_pool,storage,capacity,NONINFERIOR / INCONCLUSIVE,0.00000,0.00000,0.00000,0.00000,0.00000,0.00000,0.000,0.000,0.0,0.0069,True,,
262,Storage Block/File/Object,volume_placement,distribution_specialized,compute_pool,storage,capacity,NONINFERIOR / INCONCLUSIVE,0.00000,0.00000,0.00000,0.00000,0.00000,0.00000,0.000,0.000,0.0,0.0069,True,,
263,Storage Block/File/Object,snapshot_trigger,distribution_specialized,compute_pool,storage,capacity,NONINFERIOR / INCONCLUSIVE,0.00000,0.00000,0.00000,0.00000,0.00000,0.00000,0.000,0.000,0.0,0.0056,True,,
264,Storage Block/File/Object,rebalance,distribution_specialized,compute_pool,storage,capacity,NONINFERIOR / INCONCLUSIVE,0.00000,0.00000,0.00000,0.00000,0.00000,0.00000,0.000,0.000,0.0,0.0044,True,,
265,Storage Block/File/Object,recovery_rate,distribution_specialized,compute_pool,storage,capacity,NONINFERIOR / INCONCLUSIVE,0.00000,0.00000,0.00000,0.00000,0.00000,0.00000,0.000,0.000,0.0,0.0069,True,,
266,Storage Block/File/Object,backfill_rate,distribution_specialized,compute_pool,storage,capacity,NONINFERIOR / INCONCLUSIVE,0.00000,0.00000,0.00000,0.00000,0.00000,0.00000,0.000,0.000,0.0,0.0060,True,,
267,Storage Block/File/Object,compaction_pressure,distribution_specialized,compute_pool,storage,capacity,NONINFERIOR / INCONCLUSIVE,0.00000,0.00000,0.00000,0.00000,0.00000,0.00000,0.000,0.000,0.0,0.0043,True,,
268,Storage Block/File/Object,cache_allocation,distribution_specialized,compute_pool,storage,capacity,NONINFERIOR / INCONCLUSIVE,0.00000,0.00000,0.00000,0.00000,0.00000,0.00000,0.000,0.000,0.0,0.0064,True,,
269,Storage Block/File/Object,object_replication,distribution_specialized,compute_pool,storage,capacity,NONINFERIOR / INCONCLUSIVE,0.00000,0.00000,0.00000,0.00000,0.00000,0.00000,0.000,0.000,0.0,0.0081,True,,
270,Storage Block/File/Object,erasure_code_profile,distribution_specialized,compute_pool,storage,capacity,NONINFERIOR / INCONCLUSIVE,0.00000,0.00000,0.00000,0.00000,0.00000,0.00000,0.000,0.000,0.0,0.0087,True,,
271,Storage Block/File/Object,storage_admission,distribution_specialized,compute_pool,storage,admission,NONINFERIOR / INCONCLUSIVE,0.00000,0.00000,0.00000,0.00000,0.00000,0.00000,0.000,0.000,0.0,0.0075,True,,
272,Storage Block/File/Object,degraded_storage_gate,distribution_specialized,compute_pool,storage,admission,NONINFERIOR / INCONCLUSIVE,0.00000,0.00000,0.00000,0.00000,0.00000,0.00000,0.000,0.000,0.0,0.0081,True,,
AUDIT-0009,Telecom RAN & Edge Radio,ran_connection_admission,distribution_specialized,compute_pool,ran,admission,NONINFERIOR / INCONCLUSIVE,0.00000,0.00000,0.00000,0.00000,0.00000,0.00000,0.000,0.000,0.0,0.0131,True,,
AUDIT-0010,Telecom RAN & Edge Radio,ran_ue_handover,distribution_specialized,compute_pool,ran,capacity,NONINFERIOR / INCONCLUSIVE,0.00000,0.00000,0.00000,0.00000,0.00000,0.00000,0.000,0.000,0.0,0.0119,True,,
AUDIT-0011,Telecom RAN & Edge Radio,ran_cell_traffic_steering,distribution_specialized,compute_pool,ran,capacity,NONINFERIOR / INCONCLUSIVE,0.00000,0.00000,0.00000,0.00000,0.00000,0.00000,0.000,0.000,0.0,0.0404,True,,
AUDIT-0012,Telecom RAN & Edge Radio,ran_slice_resource_budget,distribution_specialized,compute_pool,ran,admission,NONINFERIOR / INCONCLUSIVE,0.00000,0.00000,0.00000,0.00000,0.00000,0.00000,0.000,0.000,0.0,0.0158,True,,
AUDIT-0013,Telecom RAN & Edge Radio,ran_prb_allocation,distribution_specialized,compute_pool,ran,capacity,NONINFERIOR / INCONCLUSIVE,0.00000,0.00000,0.00000,0.00000,0.00000,0.00000,0.000,0.000,0.0,0.0115,True,,
AUDIT-0014,Telecom RAN & Edge Radio,ran_scheduler_weight,distribution_specialized,compute_pool,ran,setpoint,NONINFERIOR / INCONCLUSIVE,0.00000,0.00000,0.00000,0.00000,0.00000,0.00000,0.000,0.000,0.0,0.0457,True,ENERGY IMPROVEMENT WITH SERVICE TRADEOFF,0.19820
AUDIT-0015,Telecom RAN & Edge Radio,ran_tx_power,distribution_specialized,compute_pool,ran,power,SUPERIOR WITHIN GUARDRAILS,0.01244,0.01108,0.01380,-0.00000,-0.00000,-0.01228,-0.083,0.137,597.9,0.0114,True,,
AUDIT-0016,Telecom RAN & Edge Radio,ran_antenna_tilt,distribution_specialized,compute_pool,ran,capacity,NONINFERIOR / INCONCLUSIVE,0.00000,0.00000,0.00000,0.00000,0.00000,0.00000,0.000,0.000,0.0,0.0154,True,,
AUDIT-0017,Telecom RAN & Edge Radio,ran_carrier_enable,distribution_specialized,compute_pool,ran,capacity,NONINFERIOR / INCONCLUSIVE,0.00000,0.00000,0.00000,0.00000,0.00000,0.00000,0.000,0.000,0.0,0.0394,True,,
AUDIT-0018,Telecom RAN & Edge Radio,ran_cell_sleep,distribution_specialized,compute_pool,ran,capacity,NONINFERIOR / INCONCLUSIVE,0.00000,0.00000,0.00000,0.00000,0.00000,0.00000,0.000,0.000,0.0,0.0221,True,,
AUDIT-0019,Telecom RAN & Edge Radio,ran_du_cu_placement,distribution_specialized,compute_pool,ran,capacity,NONINFERIOR / INCONCLUSIVE,0.00000,0.00000,0.00000,0.00000,0.00000,0.00000,0.000,0.000,0.0,0.0161,True,,
AUDIT-0020,Telecom RAN & Edge Radio,ran_fronthaul_budget,distribution_specialized,compute_pool,ran,admission,NONINFERIOR / INCONCLUSIVE,0.00000,0.00000,0.00000,0.00000,0.00000,0.00000,0.000,0.000,0.0,0.0110,True,,
417,"Workflow, Logistics & Fulfillment",workflow_admission,distribution_specialized,compute_pool,workflow,admission,NONINFERIOR / INCONCLUSIVE,0.00000,0.00000,0.00000,0.00000,0.00000,0.00000,0.000,0.000,0.0,0.0000,True,,
418,"Workflow, Logistics & Fulfillment",workflow_worker_rate,distribution_specialized,compute_pool,workflow,capacity,NONINFERIOR / INCONCLUSIVE,0.00000,0.00000,0.00000,0.00000,0.00000,0.00000,0.000,0.000,0.0,0.0000,True,,
419,"Workflow, Logistics & Fulfillment",task_queue_rate,distribution_specialized,compute_pool,workflow,capacity,NONINFERIOR / INCONCLUSIVE,0.00000,0.00000,0.00000,0.00000,0.00000,0.00000,0.000,0.000,0.0,0.0000,True,,
420,"Workflow, Logistics & Fulfillment",workflow_retry,distribution_specialized,compute_pool,workflow,admission,NONINFERIOR / INCONCLUSIVE,0.00000,0.00000,0.00000,0.00000,0.00000,0.00000,0.000,0.000,0.0,0.0008,True,,
421,"Workflow, Logistics & Fulfillment",workflow_backoff,distribution_specialized,compute_pool,workflow,admission,NONINFERIOR / INCONCLUSIVE,0.00000,0.00000,0.00000,0.00000,0.00000,0.00000,0.000,0.000,0.0,0.0014,True,,
422,"Workflow, Logistics & Fulfillment",workflow_timeout,distribution_specialized,compute_pool,workflow,admission,NONINFERIOR / INCONCLUSIVE,0.00000,0.00000,0.00000,0.00000,0.00000,0.00000,0.000,0.000,0.0,0.0003,True,,
423,"Workflow, Logistics & Fulfillment",inventory_allocation,distribution_specialized,compute_pool,workflow,capacity,NONINFERIOR / INCONCLUSIVE,0.00000,0.00000,0.00000,0.00000,0.00000,0.00000,0.000,0.000,0.0,0.0000,True,,
424,"Workflow, Logistics & Fulfillment",fulfillment_route,distribution_specialized,compute_pool,workflow,capacity,NONINFERIOR / INCONCLUSIVE,0.00000,0.00000,0.00000,0.00000,0.00000,0.00000,0.000,0.000,0.0,0.0001,True,,
425,"Workflow, Logistics & Fulfillment",warehouse_queue,distribution_specialized,compute_pool,workflow,capacity,NONINFERIOR / INCONCLUSIVE,0.00000,0.00000,0.00000,0.00000,0.00000,0.00000,0.000,0.000,0.0,0.0000,True,,
426,"Workflow, Logistics & Fulfillment",carrier_selection,distribution_specialized,compute_pool,workflow,capacity,NONINFERIOR / INCONCLUSIVE,0.00000,0.00000,0.00000,0.00000,0.00000,0.00000,0.000,0.000,0.0,0.0000,True,,
427,"Workflow, Logistics & Fulfillment",dispatch_priority,distribution_specialized,compute_pool,workflow,admission,NONINFERIOR / INCONCLUSIVE,0.00000,0.00000,0.00000,0.00000,0.00000,0.00000,0.000,0.000,0.0,0.0000,True,,
428,"Workflow, Logistics & Fulfillment",shipment_batch,distribution_specialized,compute_pool,workflow,capacity,NONINFERIOR / INCONCLUSIVE,0.00000,0.00000,0.00000,0.00000,0.00000,0.00000,0.000,0.000,0.0,0.0006,True,,
429,"Workflow, Logistics & Fulfillment",route_replan,distribution_specialized,compute_pool,workflow,capacity,NONINFERIOR / INCONCLUSIVE,0.00000,0.00000,0.00000,0.00000,0.00000,0.00000,0.000,0.000,0.0,0.0014,True,,
430,"Workflow, Logistics & Fulfillment",sla_escalation,distribution_specialized,compute_pool,workflow,capacity,NONINFERIOR / INCONCLUSIVE,0.00000,0.00000,0.00000,0.00000,0.00000,0.00000,0.000,0.000,0.0,0.0000,True,,
431,"Workflow, Logistics & Fulfillment",compensation_action,distribution_specialized,compute_pool,workflow,capacity,NONINFERIOR / INCONCLUSIVE,0.00000,0.00000,0.00000,0.00000,0.00000,0.00000,0.000,0.000,0.0,0.0013,True,,
AUDIT-0081,Building & Critical Environment HVAC,zone_temperature_target,energy_facility_industrial,thermal_zone,building,setpoint,SUPERIOR WITHIN GUARDRAILS,0.04965,0.04817,0.05113,0.00000,0.00000,-0.04730,0.000,0.000,648.0,0.0000,True,SUPERIOR WITHIN GUARDRAILS,0.13873
AUDIT-0082,Building & Critical Environment HVAC,zone_airflow,energy_facility_industrial,thermal_zone,building,capacity,NONINFERIOR / INCONCLUSIVE,0.00000,0.00000,0.00000,0.00000,0.00000,0.00000,0.000,0.000,1.0,0.0000,True,,
AUDIT-0083,Building & Critical Environment HVAC,ahu_fan_speed,energy_facility_industrial,thermal_zone,building,capacity,NONINFERIOR / INCONCLUSIVE,0.00000,0.00000,0.00000,0.00000,0.00000,0.00000,0.000,0.000,1.0,0.0000,True,,
AUDIT-0084,Building & Critical Environment HVAC,damper_position,energy_facility_industrial,thermal_zone,building,capacity,NONINFERIOR / INCONCLUSIVE,0.00000,-0.00001,0.00002,0.00000,0.00000,-0.00000,0.000,0.000,1.0,0.0000,True,,
AUDIT-0085,Building & Critical Environment HVAC,economizer_position,energy_facility_industrial,thermal_zone,building,capacity,NONINFERIOR / INCONCLUSIVE,0.00000,-0.00001,0.00001,0.00000,0.00000,-0.00000,0.000,0.000,1.0,0.0000,True,,
AUDIT-0086,Building & Critical Environment HVAC,boiler_setpoint,energy_facility_industrial,thermal_zone,building,setpoint,SUPERIOR WITHIN GUARDRAILS,0.04818,0.04637,0.04998,0.00000,0.00000,-0.04596,0.000,0.000,648.0,0.0000,True,SUPERIOR WITHIN GUARDRAILS,0.13187
AUDIT-0087,Building & Critical Environment HVAC,heat_pump_mode,energy_facility_industrial,thermal_zone,building,admission,NONINFERIOR / INCONCLUSIVE,0.00000,0.00000,0.00000,0.00000,0.00000,0.00000,0.000,0.000,0.0,0.0000,True,,
AUDIT-0088,Building & Critical Environment HVAC,humidity_target,energy_facility_industrial,thermal_zone,building,setpoint,SUPERIOR WITHIN GUARDRAILS,0.04965,0.04763,0.05166,0.00000,0.00000,-0.04729,0.000,0.000,648.0,0.0000,True,SUPERIOR WITHIN GUARDRAILS,0.13714
AUDIT-0089,Building & Critical Environment HVAC,occupancy_ventilation,energy_facility_industrial,thermal_zone,building,admission,NONINFERIOR / INCONCLUSIVE,0.00000,0.00000,0.00000,0.00000,0.00000,0.00000,0.000,0.000,0.0,0.0000,True,,
AUDIT-0090,Building & Critical Environment HVAC,building_demand_limit,energy_facility_industrial,thermal_zone,building,power,NONINFERIOR / INCONCLUSIVE,0.00000,0.00000,0.00000,0.00000,0.00000,0.00000,0.000,0.000,0.0,0.0000,True,,
AUDIT-0091,Building & Critical Environment HVAC,thermal_storage_dispatch,energy_facility_industrial,thermal_zone,building,capacity,NONINFERIOR / INCONCLUSIVE,0.00000,-0.00001,0.00002,0.00000,0.00000,-0.00000,0.000,0.000,1.0,0.0000,True,,
AUDIT-0092,Building & Critical Environment HVAC,hvac_emergency_mode,energy_facility_industrial,thermal_zone,building,admission,NONINFERIOR / INCONCLUSIVE,0.00000,0.00000,0.00000,0.00000,0.00000,0.00000,0.000,0.000,0.0,0.0000,True,,
545,"Cooling, Chillers & Thermodynamics",supply_air_temperature,energy_facility_industrial,thermal_zone,data_hall,setpoint,SUPERIOR WITHIN GUARDRAILS,0.01831,0.01823,0.01839,0.00000,0.00000,-0.01798,0.000,0.000,648.0,0.0000,True,SUPERIOR WITHIN GUARDRAILS,0.09591
546,"Cooling, Chillers & Thermodynamics",return_air_target,energy_facility_industrial,thermal_zone,data_hall,setpoint,SUPERIOR WITHIN GUARDRAILS,0.01817,0.01798,0.01837,0.00000,0.00000,-0.01785,0.000,0.000,648.0,0.0000,True,SUPERIOR WITHIN GUARDRAILS,0.09626
547,"Cooling, Chillers & Thermodynamics",coolant_supply_temperature,energy_facility_industrial,thermal_zone,data_hall,setpoint,SUPERIOR WITHIN GUARDRAILS,0.01842,0.01825,0.01858,0.00000,0.00000,-0.01808,0.000,0.000,648.0,0.0000,True,SUPERIOR WITHIN GUARDRAILS,0.09651
548,"Cooling, Chillers & Thermodynamics",coolant_flow,energy_facility_industrial,thermal_zone,data_hall,capacity,NONINFERIOR / INCONCLUSIVE,0.00000,0.00000,0.00000,0.00000,0.00000,0.00000,0.000,0.000,0.0,0.0000,True,,
549,"Cooling, Chillers & Thermodynamics",pump_speed,energy_facility_industrial,thermal_zone,data_hall,capacity,NONINFERIOR / INCONCLUSIVE,0.00000,0.00000,0.00000,0.00000,0.00000,0.00000,0.000,0.000,0.0,0.0000,True,,
550,"Cooling, Chillers & Thermodynamics",fan_speed,energy_facility_industrial,thermal_zone,data_hall,capacity,NONINFERIOR / INCONCLUSIVE,0.00000,0.00000,0.00000,0.00000,0.00000,0.00000,0.000,0.000,0.0,0.0000,True,,
551,"Cooling, Chillers & Thermodynamics",chiller_setpoint,energy_facility_industrial,thermal_zone,data_hall,setpoint,SUPERIOR WITHIN GUARDRAILS,0.01828,0.01815,0.01841,0.00000,0.00000,-0.01795,0.000,0.000,648.0,0.0000,True,SUPERIOR WITHIN GUARDRAILS,0.09653
552,"Cooling, Chillers & Thermodynamics",compressor_authority,energy_facility_industrial,thermal_zone,data_hall,power,NONINFERIOR / INCONCLUSIVE,0.00000,0.00000,0.00000,0.00000,0.00000,0.00000,0.000,0.000,0.0,0.0000,True,,
553,"Cooling, Chillers & Thermodynamics",cooling_tower_fan,energy_facility_industrial,thermal_zone,data_hall,capacity,NONINFERIOR / INCONCLUSIVE,0.00000,0.00000,0.00000,0.00000,0.00000,0.00000,0.000,0.000,0.0,0.0000,True,,
554,"Cooling, Chillers & Thermodynamics",cooling_capacity,energy_facility_industrial,thermal_zone,data_hall,capacity,NONINFERIOR / INCONCLUSIVE,0.00000,0.00000,0.00000,0.00000,0.00000,0.00000,0.000,0.000,0.0,0.0000,True,,
555,"Cooling, Chillers & Thermodynamics",rack_thermal_budget,energy_facility_industrial,thermal_zone,data_hall,power,NONINFERIOR / INCONCLUSIVE,0.00000,0.00000,0.00000,0.00000,0.00000,0.00000,0.000,0.000,0.0,0.0000,True,,
556,"Cooling, Chillers & Thermodynamics",gpu_thermal_envelope,energy_facility_industrial,thermal_zone,data_hall,setpoint,SUPERIOR WITHIN GUARDRAILS,0.01842,0.01823,0.01862,0.00000,0.00000,-0.01809,0.000,0.000,648.0,0.0000,True,SUPERIOR WITHIN GUARDRAILS,0.09602
557,"Cooling, Chillers & Thermodynamics",cpu_thermal_envelope,energy_facility_industrial,thermal_zone,data_hall,setpoint,SUPERIOR WITHIN GUARDRAILS,0.01841,0.01822,0.01859,0.00000,0.00000,-0.01808,0.000,0.000,648.0,0.0000,True,SUPERIOR WITHIN GUARDRAILS,0.09688
558,"Cooling, Chillers & Thermodynamics",thermal_workload_migrate,energy_facility_industrial,thermal_zone,data_hall,admission,NONINFERIOR / INCONCLUSIVE,0.00000,0.00000,0.00000,0.00000,0.00000,0.00000,0.000,0.000,0.0,0.0000,True,,
559,"Cooling, Chillers & Thermodynamics",thermal_load_shed,energy_facility_industrial,thermal_zone,data_hall,admission,NONINFERIOR / INCONCLUSIVE,0.00000,0.00000,0.00000,0.00000,0.00000,0.00000,0.000,0.000,0.0,0.0000,True,,
513,Energy Storage & Microgrid,battery_charge_power,energy_facility_industrial,energy_storage,microgrid,power,NONINFERIOR / INCONCLUSIVE,0.00000,0.00000,0.00000,0.00000,0.00000,0.00000,0.000,0.000,0.0,0.2315,True,,
514,Energy Storage & Microgrid,battery_discharge_power,energy_facility_industrial,energy_storage,microgrid,power,NONINFERIOR / INCONCLUSIVE,0.00000,0.00000,0.00000,0.00000,0.00000,0.00000,0.000,0.000,0.0,0.2322,True,,
515,Energy Storage & Microgrid,battery_soc_reserve,energy_facility_industrial,energy_storage,microgrid,setpoint,SERVICE IMPROVEMENT WITH ENERGY TRADEOFF,-0.00215,-0.00224,-0.00206,0.00000,0.00000,0.00215,-1.403,-1.219,16.4,0.2440,True,ENERGY IMPROVEMENT WITH SERVICE TRADEOFF,0.00650
516,Energy Storage & Microgrid,grid_import_limit,energy_facility_industrial,energy_storage,microgrid,power,NONINFERIOR / INCONCLUSIVE,0.00000,0.00000,0.00000,0.00000,0.00000,0.00000,0.000,0.000,0.0,0.2332,True,,
517,Energy Storage & Microgrid,grid_export_limit,energy_facility_industrial,energy_storage,microgrid,power,NONINFERIOR / INCONCLUSIVE,0.00000,0.00000,0.00000,0.00000,0.00000,0.00000,0.000,0.000,0.0,0.2462,True,,
518,Energy Storage & Microgrid,pv_curtailment,energy_facility_industrial,energy_storage,microgrid,power,NONINFERIOR / INCONCLUSIVE,0.00000,0.00000,0.00000,0.00000,0.00000,0.00000,0.000,0.000,0.0,0.2376,True,,
519,Energy Storage & Microgrid,ev_charge_power,energy_facility_industrial,energy_storage,microgrid,power,NONINFERIOR / INCONCLUSIVE,0.00000,0.00000,0.00000,0.00000,0.00000,0.00000,0.000,0.000,0.0,0.2333,True,,
520,Energy Storage & Microgrid,heat_pump_power,energy_facility_industrial,energy_storage,microgrid,power,NONINFERIOR / INCONCLUSIVE,0.00000,0.00000,0.00000,0.00000,0.00000,0.00000,0.000,0.000,0.0,0.2318,True,,
521,Energy Storage & Microgrid,electrolyzer_power,energy_facility_industrial,energy_storage,microgrid,power,NONINFERIOR / INCONCLUSIVE,0.00000,0.00000,0.00000,0.00000,0.00000,0.00000,0.000,0.000,0.0,0.2250,True,,
522,Energy Storage & Microgrid,microgrid_demand_limit,energy_facility_industrial,energy_storage,microgrid,power,NONINFERIOR / INCONCLUSIVE,0.00000,0.00000,0.00000,0.00000,0.00000,0.00000,0.000,0.000,0.0,0.2429,True,,
523,Energy Storage & Microgrid,peak_shaving,energy_facility_industrial,energy_storage,microgrid,capacity,NONINFERIOR / INCONCLUSIVE,0.00000,0.00000,0.00000,0.00000,0.00000,0.00000,0.000,0.000,0.0,0.2282,True,,
524,Energy Storage & Microgrid,time_of_use_schedule,energy_facility_industrial,energy_storage,microgrid,setpoint,SERVICE IMPROVEMENT WITH ENERGY TRADEOFF,-0.00213,-0.00219,-0.00208,0.00000,0.00000,0.00214,-1.389,-1.284,14.3,0.2368,True,ENERGY IMPROVEMENT WITH SERVICE TRADEOFF,0.00646
525,Energy Storage & Microgrid,energy_load_shed,energy_facility_industrial,energy_storage,microgrid,admission,NONINFERIOR / INCONCLUSIVE,0.00000,0.00000,0.00000,0.00000,0.00000,0.00000,0.000,0.000,0.0,0.2075,True,,
526,Energy Storage & Microgrid,flex_load_admission,energy_facility_industrial,energy_storage,microgrid,admission,NONINFERIOR / INCONCLUSIVE,0.00000,0.00000,0.00000,0.00000,0.00000,0.00000,0.000,0.000,0.0,0.2426,True,,
527,Energy Storage & Microgrid,storage_dispatch,energy_facility_industrial,energy_storage,microgrid,capacity,NONINFERIOR / INCONCLUSIVE,0.00000,0.00000,0.00000,0.00000,0.00000,0.00000,0.000,0.000,0.0,0.2325,True,,
528,Energy Storage & Microgrid,microgrid_emergency_reserve,energy_facility_industrial,energy_storage,microgrid,setpoint,SERVICE IMPROVEMENT WITH ENERGY TRADEOFF,-0.00208,-0.00214,-0.00201,0.00000,0.00000,0.00208,-1.403,-1.284,15.5,0.2192,True,ENERGY IMPROVEMENT WITH SERVICE TRADEOFF,0.00629
561,Facility & Grid Optimization,facility_power_budget,energy_facility_industrial,energy_storage,facility,power,NONINFERIOR / INCONCLUSIVE,0.00000,0.00000,0.00000,0.00000,0.00000,0.00000,0.000,0.000,0.0,0.1707,True,,
562,Facility & Grid Optimization,utility_demand_limit,energy_facility_industrial,energy_storage,facility,power,NONINFERIOR / INCONCLUSIVE,0.00000,0.00000,0.00000,0.00000,0.00000,0.00000,0.000,0.000,0.0,0.1522,True,,
563,Facility & Grid Optimization,demand_response,energy_facility_industrial,energy_storage,facility,admission,NONINFERIOR / INCONCLUSIVE,0.00000,0.00000,0.00000,0.00000,0.00000,0.00000,0.000,0.000,0.0,0.1696,True,,
564,Facility & Grid Optimization,electricity_price_gate,energy_facility_industrial,energy_storage,facility,admission,NONINFERIOR / INCONCLUSIVE,0.00000,0.00000,0.00000,0.00000,0.00000,0.00000,0.000,0.000,0.0,0.1865,True,,
565,Facility & Grid Optimization,carbon_intensity_gate,energy_facility_industrial,energy_storage,facility,admission,NONINFERIOR / INCONCLUSIVE,0.00000,0.00000,0.00000,0.00000,0.00000,0.00000,0.000,0.000,0.0,0.1875,True,,
566,Facility & Grid Optimization,renewable_dispatch,energy_facility_industrial,energy_storage,facility,capacity,NONINFERIOR / INCONCLUSIVE,0.00000,0.00000,0.00000,0.00000,0.00000,0.00000,0.000,0.000,0.0,0.1826,True,,
567,Facility & Grid Optimization,generator_start_stop,energy_facility_industrial,energy_storage,facility,capacity,NONINFERIOR / INCONCLUSIVE,0.00000,0.00000,0.00000,0.00000,0.00000,0.00000,0.000,0.000,0.0,0.1656,True,,
568,Facility & Grid Optimization,site_battery_dispatch,energy_facility_industrial,energy_storage,facility,capacity,NONINFERIOR / INCONCLUSIVE,0.00000,0.00000,0.00000,0.00000,0.00000,0.00000,0.000,0.000,0.0,0.1847,True,,
569,Facility & Grid Optimization,pue_target,energy_facility_industrial,energy_storage,facility,setpoint,SERVICE IMPROVEMENT WITH ENERGY TRADEOFF,-0.00124,-0.00127,-0.00122,0.00000,0.00000,0.00124,-0.806,-0.592,17.0,0.1619,True,ENERGY IMPROVEMENT WITH SERVICE TRADEOFF,0.00374
570,Facility & Grid Optimization,cooling_power_budget,energy_facility_industrial,energy_storage,facility,power,NONINFERIOR / INCONCLUSIVE,0.00000,0.00000,0.00000,0.00000,0.00000,0.00000,0.000,0.000,0.0,0.1701,True,,
571,Facility & Grid Optimization,it_power_budget,energy_facility_industrial,energy_storage,facility,power,NONINFERIOR / INCONCLUSIVE,0.00000,0.00000,0.00000,0.00000,0.00000,0.00000,0.000,0.000,0.0,0.1769,True,,
572,Facility & Grid Optimization,rack_power_allocation,energy_facility_industrial,energy_storage,facility,power,NONINFERIOR / INCONCLUSIVE,0.00000,0.00000,0.00000,0.00000,0.00000,0.00000,0.000,0.000,0.0,0.1797,True,,
573,Facility & Grid Optimization,facility_peak_guard,energy_facility_industrial,energy_storage,facility,capacity,NONINFERIOR / INCONCLUSIVE,0.00000,0.00000,0.00000,0.00000,0.00000,0.00000,0.000,0.000,0.0,0.1603,True,,
574,Facility & Grid Optimization,grid_frequency_response,energy_facility_industrial,energy_storage,facility,admission,NONINFERIOR / INCONCLUSIVE,0.00000,0.00000,0.00000,0.00000,0.00000,0.00000,0.000,0.000,0.0,0.1900,True,,
575,Facility & Grid Optimization,facility_islanding,energy_facility_industrial,energy_storage,facility,admission,NONINFERIOR / INCONCLUSIVE,0.00000,0.00000,0.00000,0.00000,0.00000,0.00000,0.000,0.000,0.0,0.1757,True,,
AUDIT-0033,Grid Transmission & Distribution,capacitor_bank_switch,energy_facility_industrial,process_loop,feeder_voltage,capacity,NONINFERIOR / INCONCLUSIVE,0.00000,0.00000,0.00000,0.00000,0.00000,0.00000,0.000,0.000,647.2,0.0000,True,,
AUDIT-0034,Grid Transmission & Distribution,voltage_regulator_tap,energy_facility_industrial,process_loop,feeder_voltage,setpoint,SUPERIOR WITHIN GUARDRAILS,0.02249,0.02185,0.02313,0.00000,0.00000,-0.02199,0.000,0.000,138.7,0.0000,True,ENERGY IMPROVEMENT WITH SERVICE TRADEOFF,0.02785
AUDIT-0035,Grid Transmission & Distribution,transformer_tap,energy_facility_industrial,process_loop,feeder_voltage,setpoint,SUPERIOR WITHIN GUARDRAILS,0.02265,0.02196,0.02333,0.00000,0.00000,-0.02214,0.000,0.000,143.7,0.0000,True,SUPERIOR WITHIN GUARDRAILS,0.02812
AUDIT-0036,Grid Transmission & Distribution,inverter_real_power,energy_facility_industrial,process_loop,feeder_voltage,power,NONINFERIOR / INCONCLUSIVE,0.00000,0.00000,0.00000,0.00000,0.00000,0.00000,0.000,0.000,647.5,0.0000,True,,
AUDIT-0037,Grid Transmission & Distribution,inverter_reactive_power,energy_facility_industrial,process_loop,feeder_voltage,power,NONINFERIOR / INCONCLUSIVE,0.00000,0.00000,0.00000,0.00000,0.00000,0.00000,0.000,0.000,647.0,0.0000,True,,
AUDIT-0038,Grid Transmission & Distribution,feeder_voltage_target,energy_facility_industrial,process_loop,feeder_voltage,setpoint,SUPERIOR WITHIN GUARDRAILS,0.02226,0.02169,0.02282,0.00000,0.00000,-0.02177,0.000,0.000,139.0,0.0000,True,ENERGY IMPROVEMENT WITH SERVICE TRADEOFF,0.02763
AUDIT-0039,Grid Transmission & Distribution,feeder_load_transfer,energy_facility_industrial,process_loop,feeder_voltage,capacity,NONINFERIOR / INCONCLUSIVE,0.00000,0.00000,0.00000,0.00000,0.00000,0.00000,0.000,0.000,647.1,0.0000,True,,
AUDIT-0040,Grid Transmission & Distribution,distribution_storage_dispatch,energy_facility_industrial,process_loop,feeder_voltage,admission,NONINFERIOR / INCONCLUSIVE,0.00000,0.00000,0.00000,0.00000,0.00000,0.00000,0.000,0.000,0.0,0.0000,True,,
AUDIT-0041,Grid Transmission & Distribution,demand_response_dispatch,energy_facility_industrial,process_loop,feeder_voltage,admission,NONINFERIOR / INCONCLUSIVE,0.00000,0.00000,0.00000,0.00000,0.00000,0.00000,0.000,0.000,0.0,0.0000,True,,
AUDIT-0042,Grid Transmission & Distribution,frequency_droop_setpoint,energy_facility_industrial,process_loop,feeder_voltage,setpoint,SUPERIOR WITHIN GUARDRAILS,0.02227,0.02165,0.02289,0.00000,0.00000,-0.02178,0.000,0.000,142.9,0.0000,True,ENERGY IMPROVEMENT WITH SERVICE TRADEOFF,0.02773
AUDIT-0043,Grid Transmission & Distribution,grid_protection_mode,energy_facility_industrial,process_loop,feeder_voltage,admission,NONINFERIOR / INCONCLUSIVE,0.00000,0.00000,0.00000,0.00000,0.00000,0.00000,0.000,0.000,0.0,0.0000,True,,
AUDIT-0044,Grid Transmission & Distribution,grid_restoration_sequence,energy_facility_industrial,process_loop,feeder_voltage,admission,NONINFERIOR / INCONCLUSIVE,0.00000,0.00000,0.00000,0.00000,0.00000,0.00000,0.000,0.000,0.0,0.0000,True,,
465,Industrial PLC & Process Automation,plc_cycle_authority,energy_facility_industrial,process_loop,process,admission,NONINFERIOR / INCONCLUSIVE,0.00000,0.00000,0.00000,0.00000,0.00000,0.00000,0.000,0.000,0.0,0.0000,True,,
466,Industrial PLC & Process Automation,machine_cell_admission,energy_facility_industrial,process_loop,process,admission,NONINFERIOR / INCONCLUSIVE,0.00000,0.00000,0.00000,0.00000,0.00000,0.00000,0.000,0.000,0.0,0.0000,True,,
467,Industrial PLC & Process Automation,valve_position,energy_facility_industrial,process_loop,process,setpoint,SUPERIOR WITHIN GUARDRAILS,0.31787,0.29751,0.33824,0.00000,0.00000,-0.24089,0.000,0.000,122.8,0.0000,True,SUPERIOR WITHIN GUARDRAILS,0.42584
468,Industrial PLC & Process Automation,pump_flow,energy_facility_industrial,process_loop,process,capacity,NONINFERIOR / INCONCLUSIVE,0.00000,0.00000,0.00000,0.00000,0.00000,0.00000,0.000,0.000,648.0,0.0000,True,,
469,Industrial PLC & Process Automation,compressor_speed,energy_facility_industrial,process_loop,process,capacity,NONINFERIOR / INCONCLUSIVE,0.00000,0.00000,0.00000,0.00000,0.00000,0.00000,0.000,0.000,648.0,0.0000,True,,
470,Industrial PLC & Process Automation,heater_power,energy_facility_industrial,process_loop,process,power,NONINFERIOR / INCONCLUSIVE,0.00000,0.00000,0.00000,0.00000,0.00000,0.00000,0.000,0.000,130.7,0.0000,True,,
471,Industrial PLC & Process Automation,furnace_setpoint,energy_facility_industrial,process_loop,process,setpoint,SUPERIOR WITHIN GUARDRAILS,0.31862,0.30144,0.33581,0.00000,0.00000,-0.24141,0.000,0.000,120.4,0.0000,True,SUPERIOR WITHIN GUARDRAILS,0.42637
472,Industrial PLC & Process Automation,pressure_setpoint,energy_facility_industrial,process_loop,process,setpoint,SUPERIOR WITHIN GUARDRAILS,0.32018,0.29958,0.34078,0.00000,0.00000,-0.24220,0.000,0.000,121.5,0.0000,True,SUPERIOR WITHIN GUARDRAILS,0.42961
473,Industrial PLC & Process Automation,temperature_setpoint,energy_facility_industrial,process_loop,process,setpoint,SUPERIOR WITHIN GUARDRAILS,0.32306,0.30529,0.34083,0.00000,0.00000,-0.24394,0.000,0.000,121.7,0.0000,True,SUPERIOR WITHIN GUARDRAILS,0.43191
474,Industrial PLC & Process Automation,mass_flow_setpoint,energy_facility_industrial,process_loop,process,setpoint,SUPERIOR WITHIN GUARDRAILS,0.31702,0.29953,0.33452,0.00000,0.00000,-0.24048,0.000,0.000,120.4,0.0000,True,SUPERIOR WITHIN GUARDRAILS,0.42070
475,Industrial PLC & Process Automation,tank_level_target,energy_facility_industrial,process_loop,process,setpoint,SUPERIOR WITHIN GUARDRAILS,0.33551,0.31557,0.35545,0.00000,0.00000,-0.25092,0.000,0.000,121.1,0.0000,True,SUPERIOR WITHIN GUARDRAILS,0.45124
476,Industrial PLC & Process Automation,conveyor_rate,energy_facility_industrial,process_loop,process,capacity,NONINFERIOR / INCONCLUSIVE,0.00000,0.00000,0.00000,0.00000,0.00000,0.00000,0.000,0.000,648.0,0.0000,True,,
477,Industrial PLC & Process Automation,feed_rate,energy_facility_industrial,process_loop,process,capacity,NONINFERIOR / INCONCLUSIVE,0.00000,0.00000,0.00000,0.00000,0.00000,0.00000,0.000,0.000,648.0,0.0000,True,,
478,Industrial PLC & Process Automation,purge_vent_action,energy_facility_industrial,process_loop,process,admission,NONINFERIOR / INCONCLUSIVE,0.00000,0.00000,0.00000,0.00000,0.00000,0.00000,0.000,0.000,0.0,0.0000,True,,
529,"PDU, UPS & Electrical Distribution",server_power_cap,energy_facility_industrial,energy_storage,ups,power,NONINFERIOR / INCONCLUSIVE,0.00000,0.00000,0.00000,0.00000,0.00000,0.00000,0.000,0.000,0.0,0.0217,True,,
530,"PDU, UPS & Electrical Distribution",rack_power_cap,energy_facility_industrial,energy_storage,ups,power,NONINFERIOR / INCONCLUSIVE,0.00000,0.00000,0.00000,0.00000,0.00000,0.00000,0.000,0.000,0.0,0.0233,True,,
531,"PDU, UPS & Electrical Distribution",pdu_branch_power_limit,energy_facility_industrial,energy_storage,ups,power,NONINFERIOR / INCONCLUSIVE,0.00000,0.00000,0.00000,0.00000,0.00000,0.00000,0.000,0.000,0.0,0.0239,True,,
532,"PDU, UPS & Electrical Distribution",pdu_outlet_control,energy_facility_industrial,energy_storage,ups,capacity,NONINFERIOR / INCONCLUSIVE,0.00000,0.00000,0.00000,0.00000,0.00000,0.00000,0.000,0.000,0.0,0.0239,True,,
534,"PDU, UPS & Electrical Distribution",ups_operating_mode,energy_facility_industrial,energy_storage,ups,capacity,NONINFERIOR / INCONCLUSIVE,0.00000,0.00000,0.00000,0.00000,0.00000,0.00000,0.000,0.000,0.0,0.0165,True,,
535,"PDU, UPS & Electrical Distribution",ups_charge_rate,energy_facility_industrial,energy_storage,ups,power,NONINFERIOR / INCONCLUSIVE,0.00000,0.00000,0.00000,0.00000,0.00000,0.00000,0.000,0.000,0.0,0.0217,True,,
536,"PDU, UPS & Electrical Distribution",ups_discharge_rate,energy_facility_industrial,energy_storage,ups,power,NONINFERIOR / INCONCLUSIVE,0.00000,0.00000,0.00000,0.00000,0.00000,0.00000,0.000,0.000,0.0,0.0210,True,,
537,"PDU, UPS & Electrical Distribution",phase_balance,energy_facility_industrial,energy_storage,ups,capacity,NONINFERIOR / INCONCLUSIVE,0.00000,0.00000,0.00000,0.00000,0.00000,0.00000,0.000,0.000,0.0,0.0219,True,,
538,"PDU, UPS & Electrical Distribution",load_transfer,energy_facility_industrial,energy_storage,ups,admission,NONINFERIOR / INCONCLUSIVE,0.00000,0.00000,0.00000,0.00000,0.00000,0.00000,0.000,0.000,0.0,0.0274,True,,
539,"PDU, UPS & Electrical Distribution",reactive_power_target,energy_facility_industrial,energy_storage,ups,setpoint,NONINFERIOR / INCONCLUSIVE,0.00000,0.00000,0.00000,0.00000,0.00000,0.00000,0.000,0.000,0.0,0.0293,True,SUPERIOR WITHIN GUARDRAILS,0.00023
540,"PDU, UPS & Electrical Distribution",voltage_target,energy_facility_industrial,energy_storage,ups,setpoint,NONINFERIOR / INCONCLUSIVE,0.00000,0.00000,0.00000,0.00000,0.00000,0.00000,0.000,0.000,0.0,0.0210,True,SUPERIOR WITHIN GUARDRAILS,0.00023
541,"PDU, UPS & Electrical Distribution",generator_dispatch,energy_facility_industrial,energy_storage,ups,capacity,NONINFERIOR / INCONCLUSIVE,0.00000,0.00000,0.00000,0.00000,0.00000,0.00000,0.000,0.000,0.0,0.0207,True,,
542,"PDU, UPS & Electrical Distribution",electrical_isolation,energy_facility_industrial,energy_storage,ups,admission,NONINFERIOR / INCONCLUSIVE,0.00000,0.00000,0.00000,0.00000,0.00000,0.00000,0.000,0.000,0.0,0.0182,True,,
543,"PDU, UPS & Electrical Distribution",breaker_trip_gate,energy_facility_industrial,energy_storage,ups,admission,NONINFERIOR / INCONCLUSIVE,0.00000,0.00000,0.00000,0.00000,0.00000,0.00000,0.000,0.000,0.0,0.0244,True,,
AUDIT-0057,Semiconductor Fab & Precision Manufacturing,tool_job_dispatch,energy_facility_industrial,process_loop,chamber,admission,NONINFERIOR / INCONCLUSIVE,0.00000,0.00000,0.00000,0.00000,0.00000,0.00000,0.000,0.000,0.0,0.0000,True,,
AUDIT-0058,Semiconductor Fab & Precision Manufacturing,wafer_route,energy_facility_industrial,process_loop,chamber,capacity,NONINFERIOR / INCONCLUSIVE,0.00000,0.00000,0.00000,0.00000,0.00000,0.00000,0.000,0.000,648.0,0.0000,True,,
AUDIT-0059,Semiconductor Fab & Precision Manufacturing,chamber_recipe_selection,energy_facility_industrial,process_loop,chamber,admission,NONINFERIOR / INCONCLUSIVE,0.00000,0.00000,0.00000,0.00000,0.00000,0.00000,0.000,0.000,0.0,0.0000,True,,
AUDIT-0060,Semiconductor Fab & Precision Manufacturing,chamber_temperature,energy_facility_industrial,process_loop,chamber,setpoint,SUPERIOR WITHIN GUARDRAILS,0.00272,0.00270,0.00275,0.00000,0.00000,-0.00272,0.000,0.000,118.8,0.0000,True,SUPERIOR WITHIN GUARDRAILS,0.00346
AUDIT-0061,Semiconductor Fab & Precision Manufacturing,chamber_pressure,energy_facility_industrial,process_loop,chamber,setpoint,SUPERIOR WITHIN GUARDRAILS,0.00271,0.00269,0.00273,0.00000,0.00000,-0.00270,0.000,0.000,117.3,0.0000,True,SUPERIOR WITHIN GUARDRAILS,0.00344
AUDIT-0062,Semiconductor Fab & Precision Manufacturing,gas_flow,energy_facility_industrial,process_loop,chamber,capacity,NONINFERIOR / INCONCLUSIVE,0.00000,0.00000,0.00000,0.00000,0.00000,0.00000,0.000,0.000,648.0,0.0000,True,,
AUDIT-0063,Semiconductor Fab & Precision Manufacturing,rf_power,energy_facility_industrial,process_loop,chamber,power,NONINFERIOR / INCONCLUSIVE,0.00000,0.00000,0.00000,0.00000,0.00000,0.00000,0.000,0.000,648.0,0.0000,True,,
AUDIT-0064,Semiconductor Fab & Precision Manufacturing,vacuum_pump_speed,energy_facility_industrial,process_loop,chamber,capacity,NONINFERIOR / INCONCLUSIVE,0.00000,0.00000,0.00000,0.00000,0.00000,0.00000,0.000,0.000,648.0,0.0000,True,,
AUDIT-0065,Semiconductor Fab & Precision Manufacturing,robot_transfer_rate,energy_facility_industrial,process_loop,chamber,capacity,NONINFERIOR / INCONCLUSIVE,0.00000,0.00000,0.00000,0.00000,0.00000,0.00000,0.000,0.000,648.0,0.0000,True,,
AUDIT-0066,Semiconductor Fab & Precision Manufacturing,lot_priority,energy_facility_industrial,process_loop,chamber,admission,NONINFERIOR / INCONCLUSIVE,0.00000,0.00000,0.00000,0.00000,0.00000,0.00000,0.000,0.000,0.0,0.0000,True,,
AUDIT-0068,Semiconductor Fab & Precision Manufacturing,tool_quarantine,energy_facility_industrial,process_loop,chamber,admission,NONINFERIOR / INCONCLUSIVE,0.00000,0.00000,0.00000,0.00000,0.00000,0.00000,0.000,0.000,0.0,0.0000,True,,
AUDIT-0069,Water Wastewater & Pumping,pump_speed_water,energy_facility_industrial,process_loop,water,capacity,NONINFERIOR / INCONCLUSIVE,0.00000,0.00000,0.00000,0.00000,0.00000,0.00000,0.000,0.000,645.8,0.0000,True,,
AUDIT-0070,Water Wastewater & Pumping,valve_position_water,energy_facility_industrial,process_loop,water,setpoint,SUPERIOR WITHIN GUARDRAILS,0.12213,0.11100,0.13326,0.00000,0.00000,-0.10868,0.000,0.000,289.6,0.0000,True,ENERGY IMPROVEMENT WITH SERVICE TRADEOFF,0.16418
AUDIT-0071,Water Wastewater & Pumping,reservoir_level_target,energy_facility_industrial,process_loop,water,setpoint,SUPERIOR WITHIN GUARDRAILS,0.12581,0.11369,0.13793,0.00000,0.00000,-0.11157,0.000,0.000,291.6,0.0000,True,SUPERIOR WITHIN GUARDRAILS,0.16905
AUDIT-0072,Water Wastewater & Pumping,line_pressure_target,energy_facility_industrial,process_loop,water,setpoint,SUPERIOR WITHIN GUARDRAILS,0.11512,0.10633,0.12391,0.00000,0.00000,-0.10314,0.000,0.000,247.7,0.0000,True,ENERGY IMPROVEMENT WITH SERVICE TRADEOFF,0.15296
AUDIT-0073,Water Wastewater & Pumping,flow_target_water,energy_facility_industrial,process_loop,water,setpoint,SUPERIOR WITHIN GUARDRAILS,0.12410,0.11460,0.13360,0.00000,0.00000,-0.11029,0.000,0.000,299.3,0.0000,True,SUPERIOR WITHIN GUARDRAILS,0.16882
AUDIT-0074,Water Wastewater & Pumping,aeration_rate,energy_facility_industrial,process_loop,water,power,NONINFERIOR / INCONCLUSIVE,0.00000,0.00000,0.00000,0.00000,0.00000,0.00000,0.000,0.000,444.1,0.0000,True,,
AUDIT-0075,Water Wastewater & Pumping,chemical_dose_rate,energy_facility_industrial,process_loop,water,power,NONINFERIOR / INCONCLUSIVE,0.00000,0.00000,0.00000,0.00000,0.00000,0.00000,0.000,0.000,430.5,0.0000,True,,
AUDIT-0076,Water Wastewater & Pumping,filtration_backwash,energy_facility_industrial,process_loop,water,admission,NONINFERIOR / INCONCLUSIVE,0.00000,0.00000,0.00000,0.00000,0.00000,0.00000,0.000,0.000,0.0,0.0000,True,,
AUDIT-0077,Water Wastewater & Pumping,lift_station_dispatch,energy_facility_industrial,process_loop,water,admission,NONINFERIOR / INCONCLUSIVE,0.00000,0.00000,0.00000,0.00000,0.00000,0.00000,0.000,0.000,0.0,0.0000,True,,
AUDIT-0078,Water Wastewater & Pumping,leak_isolation,energy_facility_industrial,process_loop,water,admission,NONINFERIOR / INCONCLUSIVE,0.00000,0.00000,0.00000,0.00000,0.00000,0.00000,0.000,0.000,0.0,0.0000,True,,
AUDIT-0079,Water Wastewater & Pumping,water_demand_shed,energy_facility_industrial,process_loop,water,admission,NONINFERIOR / INCONCLUSIVE,0.00000,0.00000,0.00000,0.00000,0.00000,0.00000,0.000,0.000,0.0,0.0000,True,,
AUDIT-0080,Water Wastewater & Pumping,water_emergency_shutdown,energy_facility_industrial,process_loop,water,admission,NONINFERIOR / INCONCLUSIVE,0.00000,0.00000,0.00000,0.00000,0.00000,0.00000,0.000,0.000,0.0,0.0000,True,,
AUDIT-0045,Automotive EV & Mobile Powertrain,traction_torque_limit,physics_robotics_autonomous,motion_axis,ev_traction,power,NONINFERIOR / INCONCLUSIVE,0.00000,0.00000,0.00000,0.00000,0.00000,0.00000,0.000,0.000,0.0,0.0000,True,,
AUDIT-0046,Automotive EV & Mobile Powertrain,regen_braking_level,physics_robotics_autonomous,motion_axis,ev_traction,power,NONINFERIOR / INCONCLUSIVE,0.00000,0.00000,0.00000,0.00000,0.00000,0.00000,0.000,0.000,0.0,0.0236,True,,
AUDIT-0047,Automotive EV & Mobile Powertrain,battery_charge_limit,physics_robotics_autonomous,motion_axis,ev_traction,power,NONINFERIOR / INCONCLUSIVE,0.00000,0.00000,0.00000,0.00000,0.00000,0.00000,0.000,0.000,0.0,0.0167,True,,
AUDIT-0048,Automotive EV & Mobile Powertrain,battery_discharge_limit,physics_robotics_autonomous,motion_axis,ev_traction,power,NONINFERIOR / INCONCLUSIVE,0.00000,0.00000,0.00000,0.00000,0.00000,0.00000,0.000,0.000,0.0,0.0067,True,,
AUDIT-0049,Automotive EV & Mobile Powertrain,battery_thermal_target,physics_robotics_autonomous,motion_axis,ev_traction,power,NONINFERIOR / INCONCLUSIVE,0.00000,0.00000,0.00000,0.00000,0.00000,0.00000,0.000,0.000,0.0,0.2931,True,,
AUDIT-0050,Automotive EV & Mobile Powertrain,motor_thermal_limit,physics_robotics_autonomous,motion_axis,ev_traction,power,NONINFERIOR / INCONCLUSIVE,0.00000,0.00000,0.00000,0.00000,0.00000,0.00000,0.000,0.000,0.0,0.2817,True,,
AUDIT-0051,Automotive EV & Mobile Powertrain,vehicle_speed_envelope,physics_robotics_autonomous,motion_axis,ev_traction,capacity,ENERGY IMPROVEMENT WITH SERVICE TRADEOFF,0.01386,0.00478,0.02294,0.00000,0.00000,-0.01353,0.194,0.506,36.1,0.1253,True,,
AUDIT-0052,Automotive EV & Mobile Powertrain,energy_recovery_target,physics_robotics_autonomous,motion_axis,ev_traction,power,NONINFERIOR / INCONCLUSIVE,0.00000,0.00000,0.00000,0.00000,0.00000,0.00000,0.000,0.000,0.0,0.1317,True,,
AUDIT-0053,Automotive EV & Mobile Powertrain,auxiliary_power_budget,physics_robotics_autonomous,motion_axis,ev_traction,power,NONINFERIOR / INCONCLUSIVE,0.00000,0.00000,0.00000,0.00000,0.00000,0.00000,0.000,0.000,0.0,0.0367,True,,
AUDIT-0054,Automotive EV & Mobile Powertrain,fast_charge_current,physics_robotics_autonomous,motion_axis,ev_traction,power,NONINFERIOR / INCONCLUSIVE,0.00000,0.00000,0.00000,0.00000,0.00000,0.00000,0.000,0.000,0.0,0.1389,True,,
AUDIT-0055,Automotive EV & Mobile Powertrain,fast_charge_voltage,physics_robotics_autonomous,motion_axis,ev_traction,power,NONINFERIOR / INCONCLUSIVE,0.00000,0.00000,0.00000,0.00000,0.00000,0.00000,0.000,0.000,0.0,0.0719,True,,
AUDIT-0056,Automotive EV & Mobile Powertrain,vehicle_safe_state,physics_robotics_autonomous,motion_axis,ev_traction,admission,NONINFERIOR / INCONCLUSIVE,0.00000,0.00000,0.00000,0.00000,0.00000,0.00000,0.000,0.000,0.0,0.2461,True,,
481,Aviation & Autonomous Flight,throttle_envelope,physics_robotics_autonomous,motion_axis,flight_axis,power,NONINFERIOR / INCONCLUSIVE,0.00000,0.00000,0.00000,0.00000,0.00000,0.00000,0.000,0.000,0.0,0.0000,True,,
482,Aviation & Autonomous Flight,attitude_target,physics_robotics_autonomous,motion_axis,flight_axis,capacity,SUPERIOR WITHIN GUARDRAILS,0.00061,0.00054,0.00067,0.00000,0.00000,-0.00061,0.000,0.000,253.8,0.0000,True,,
483,Aviation & Autonomous Flight,attitude_rate_target,physics_robotics_autonomous,motion_axis,flight_axis,capacity,SUPERIOR WITHIN GUARDRAILS,0.00066,0.00057,0.00074,0.00000,0.00000,-0.00066,0.000,0.000,279.4,0.0000,True,,
484,Aviation & Autonomous Flight,velocity_target,physics_robotics_autonomous,motion_axis,flight_axis,capacity,SUPERIOR WITHIN GUARDRAILS,0.00057,0.00047,0.00068,0.00000,0.00000,-0.00057,0.000,0.000,249.5,0.0000,True,,
485,Aviation & Autonomous Flight,altitude_target,physics_robotics_autonomous,motion_axis,flight_axis,capacity,SUPERIOR WITHIN GUARDRAILS,0.00069,0.00064,0.00075,0.00000,0.00000,-0.00069,0.000,0.000,270.6,0.0000,True,,
486,Aviation & Autonomous Flight,waypoint_authority,physics_robotics_autonomous,motion_axis,flight_axis,capacity,SUPERIOR WITHIN GUARDRAILS,0.00059,0.00052,0.00066,0.00000,0.00000,-0.00059,0.000,0.000,262.1,0.0000,True,,
487,Aviation & Autonomous Flight,flight_hold,physics_robotics_autonomous,motion_axis,flight_axis,admission,NONINFERIOR / INCONCLUSIVE,0.00000,0.00000,0.00000,0.00000,0.00000,0.00000,0.000,0.000,0.0,0.0000,True,,
488,Aviation & Autonomous Flight,return_to_home,physics_robotics_autonomous,motion_axis,flight_axis,admission,NONINFERIOR / INCONCLUSIVE,0.00000,0.00000,0.00000,0.00000,0.00000,0.00000,0.000,0.000,0.0,0.0000,True,,
489,Aviation & Autonomous Flight,land_action,physics_robotics_autonomous,motion_axis,flight_axis,admission,NONINFERIOR / INCONCLUSIVE,0.00000,0.00000,0.00000,0.00000,0.00000,0.00000,0.000,0.000,0.0,0.0000,True,,
490,Aviation & Autonomous Flight,mission_admission,physics_robotics_autonomous,motion_axis,flight_axis,admission,NONINFERIOR / INCONCLUSIVE,0.00000,0.00000,0.00000,0.00000,0.00000,0.00000,0.000,0.000,0.0,0.0000,True,,
491,Aviation & Autonomous Flight,geofence_response,physics_robotics_autonomous,motion_axis,flight_axis,admission,NONINFERIOR / INCONCLUSIVE,0.00000,0.00000,0.00000,0.00000,0.00000,0.00000,0.000,0.000,0.0,0.0000,True,,
492,Aviation & Autonomous Flight,failsafe_selection,physics_robotics_autonomous,motion_axis,flight_axis,admission,NONINFERIOR / INCONCLUSIVE,0.00000,0.00000,0.00000,0.00000,0.00000,0.00000,0.000,0.000,0.0,0.0000,True,,
493,Aviation & Autonomous Flight,battery_reserve_threshold,physics_robotics_autonomous,motion_axis,flight_axis,admission,NONINFERIOR / INCONCLUSIVE,0.00000,0.00000,0.00000,0.00000,0.00000,0.00000,0.000,0.000,0.0,0.0000,True,,
494,Aviation & Autonomous Flight,actuator_saturation_envelope,physics_robotics_autonomous,motion_axis,flight_axis,capacity,SUPERIOR WITHIN GUARDRAILS,0.00062,0.00055,0.00069,0.00000,0.00000,-0.00062,0.000,0.000,269.2,0.0000,True,,
495,Aviation & Autonomous Flight,flight_mode_transition,physics_robotics_autonomous,motion_axis,flight_axis,admission,NONINFERIOR / INCONCLUSIVE,0.00000,0.00000,0.00000,0.00000,0.00000,0.00000,0.000,0.000,0.0,0.0000,True,,
496,Aviation & Autonomous Flight,flight_termination_safe_state,physics_robotics_autonomous,motion_axis,flight_axis,admission,NONINFERIOR / INCONCLUSIVE,0.00000,0.00000,0.00000,0.00000,0.00000,0.00000,0.000,0.000,0.0,0.0000,True,,
449,Robotics Fleet & Warehouse Automation,robot_dispatch,physics_robotics_autonomous,compute_pool,robot_fleet,capacity,NONINFERIOR / INCONCLUSIVE,0.00000,0.00000,0.00000,0.00000,0.00000,0.00000,0.000,0.000,0.0,0.0000,True,,
450,Robotics Fleet & Warehouse Automation,task_assignment,physics_robotics_autonomous,compute_pool,robot_fleet,capacity,NONINFERIOR / INCONCLUSIVE,0.00000,0.00000,0.00000,0.00000,0.00000,0.00000,0.000,0.000,0.0,0.0006,True,,
451,Robotics Fleet & Warehouse Automation,traffic_reservation,physics_robotics_autonomous,compute_pool,robot_fleet,capacity,NONINFERIOR / INCONCLUSIVE,0.00000,0.00000,0.00000,0.00000,0.00000,0.00000,0.000,0.000,0.0,0.0003,True,,
452,Robotics Fleet & Warehouse Automation,robot_route,physics_robotics_autonomous,compute_pool,robot_fleet,capacity,NONINFERIOR / INCONCLUSIVE,0.00000,0.00000,0.00000,0.00000,0.00000,0.00000,0.000,0.000,0.0,0.0001,True,,
453,Robotics Fleet & Warehouse Automation,charging_dispatch,physics_robotics_autonomous,compute_pool,robot_fleet,capacity,NONINFERIOR / INCONCLUSIVE,0.00000,0.00000,0.00000,0.00000,0.00000,0.00000,0.000,0.000,0.0,0.0000,True,,
454,Robotics Fleet & Warehouse Automation,battery_reserve,physics_robotics_autonomous,compute_pool,robot_fleet,capacity,NONINFERIOR / INCONCLUSIVE,0.00000,0.00000,0.00000,0.00000,0.00000,0.00000,0.000,0.000,0.0,0.0000,True,,
455,Robotics Fleet & Warehouse Automation,elevator_request,physics_robotics_autonomous,compute_pool,robot_fleet,capacity,NONINFERIOR / INCONCLUSIVE,0.00000,0.00000,0.00000,0.00000,0.00000,0.00000,0.000,0.000,0.0,0.0003,True,,
456,Robotics Fleet & Warehouse Automation,door_request,physics_robotics_autonomous,compute_pool,robot_fleet,capacity,NONINFERIOR / INCONCLUSIVE,0.00000,0.00000,0.00000,0.00000,0.00000,0.00000,0.000,0.000,0.0,0.0000,True,,
457,Robotics Fleet & Warehouse Automation,conveyor_speed,physics_robotics_autonomous,compute_pool,robot_fleet,capacity,NONINFERIOR / INCONCLUSIVE,0.00000,0.00000,0.00000,0.00000,0.00000,0.00000,0.000,0.000,0.0,0.0013,True,,
458,Robotics Fleet & Warehouse Automation,agv_speed,physics_robotics_autonomous,compute_pool,robot_fleet,capacity,NONINFERIOR / INCONCLUSIVE,0.00000,0.00000,0.00000,0.00000,0.00000,0.00000,0.000,0.000,0.0,0.0021,True,,
459,Robotics Fleet & Warehouse Automation,warehouse_zone_admission,physics_robotics_autonomous,compute_pool,robot_fleet,admission,NONINFERIOR / INCONCLUSIVE,0.00000,0.00000,0.00000,0.00000,0.00000,0.00000,0.000,0.000,0.0,0.0001,True,,
460,Robotics Fleet & Warehouse Automation,robot_quarantine,physics_robotics_autonomous,compute_pool,robot_fleet,admission,NONINFERIOR / INCONCLUSIVE,0.00000,0.00000,0.00000,0.00000,0.00000,0.00000,0.000,0.000,0.0,0.0001,True,,
461,Robotics Fleet & Warehouse Automation,fleet_failover,physics_robotics_autonomous,compute_pool,robot_fleet,capacity,NONINFERIOR / INCONCLUSIVE,0.00000,0.00000,0.00000,0.00000,0.00000,0.00000,0.000,0.000,0.0,0.0000,True,,
462,Robotics Fleet & Warehouse Automation,human_safe_stop,physics_robotics_autonomous,compute_pool,robot_fleet,capacity,NONINFERIOR / INCONCLUSIVE,0.00000,0.00000,0.00000,0.00000,0.00000,0.00000,0.000,0.000,0.0,0.0000,True,,
463,Robotics Fleet & Warehouse Automation,fleet_concurrency,physics_robotics_autonomous,compute_pool,robot_fleet,admission,NONINFERIOR / INCONCLUSIVE,0.00000,0.00000,0.00000,0.00000,0.00000,0.00000,0.000,0.000,0.0,0.0000,True,,
433,Robotics Motion Control,joint_position,physics_robotics_autonomous,motion_axis,robot_joint,capacity,ENERGY IMPROVEMENT WITH SERVICE TRADEOFF,0.00121,0.00003,0.00239,-0.00032,-0.00105,-0.00153,0.028,0.091,210.5,0.0561,True,,
434,Robotics Motion Control,joint_velocity,physics_robotics_autonomous,motion_axis,robot_joint,capacity,ENERGY IMPROVEMENT WITH SERVICE TRADEOFF,0.00103,0.00041,0.00165,0.00000,0.00000,-0.00103,0.083,0.217,175.5,0.0947,True,,
435,Robotics Motion Control,joint_acceleration,physics_robotics_autonomous,motion_axis,robot_joint,capacity,SUPERIOR WITHIN GUARDRAILS,0.00248,0.00159,0.00338,0.00000,0.00000,-0.00248,0.000,0.000,274.1,0.0000,True,,
436,Robotics Motion Control,joint_effort,physics_robotics_autonomous,motion_axis,robot_joint,power,NONINFERIOR / INCONCLUSIVE,0.00000,0.00000,0.00000,0.00000,0.00000,0.00000,0.000,0.000,0.0,0.0000,True,,
437,Robotics Motion Control,cartesian_velocity,physics_robotics_autonomous,motion_axis,robot_joint,capacity,SUPERIOR WITHIN GUARDRAILS,0.00365,0.00317,0.00413,0.00000,0.00000,-0.00364,0.000,0.000,302.8,0.0000,True,,
438,Robotics Motion Control,trajectory_speed,physics_robotics_autonomous,motion_axis,robot_joint,capacity,SUPERIOR WITHIN GUARDRAILS,0.00388,0.00299,0.00477,0.00000,0.00000,-0.00386,0.000,0.000,293.4,0.0000,True,,
439,Robotics Motion Control,trajectory_acceleration,physics_robotics_autonomous,motion_axis,robot_joint,capacity,SUPERIOR WITHIN GUARDRAILS,0.00447,0.00360,0.00534,0.00000,0.00000,-0.00445,0.000,0.000,310.4,0.0000,True,,
440,Robotics Motion Control,jerk_limit,physics_robotics_autonomous,motion_axis,robot_joint,capacity,ENERGY IMPROVEMENT WITH SERVICE TRADEOFF,0.00108,0.00030,0.00186,0.00000,0.00000,-0.00108,0.083,0.179,174.6,0.0975,True,,
441,Robotics Motion Control,collision_margin,physics_robotics_autonomous,motion_axis,robot_joint,capacity,SUPERIOR WITHIN GUARDRAILS,0.00375,0.00287,0.00463,0.00000,0.00000,-0.00373,0.000,0.000,294.3,0.0000,True,,
442,Robotics Motion Control,force_limit,physics_robotics_autonomous,motion_axis,robot_joint,power,NONINFERIOR / INCONCLUSIVE,0.00000,0.00000,0.00000,0.00000,0.00000,0.00000,0.000,0.000,0.0,0.0000,True,,
443,Robotics Motion Control,gripper_force,physics_robotics_autonomous,motion_axis,robot_joint,power,NONINFERIOR / INCONCLUSIVE,0.00000,0.00000,0.00000,0.00000,0.00000,0.00000,0.000,0.000,0.0,0.0000,True,,
444,Robotics Motion Control,locomotion_speed,physics_robotics_autonomous,motion_axis,robot_joint,capacity,SUPERIOR WITHIN GUARDRAILS,0.00311,0.00220,0.00401,0.00000,0.00000,-0.00309,0.000,0.000,274.6,0.0142,True,,
445,Robotics Motion Control,steering_angle,physics_robotics_autonomous,motion_axis,robot_joint,capacity,SUPERIOR WITHIN GUARDRAILS,0.00389,0.00331,0.00446,0.00000,0.00000,-0.00387,0.000,0.000,310.3,0.0000,True,,
446,Robotics Motion Control,braking_force,physics_robotics_autonomous,motion_axis,robot_joint,power,NONINFERIOR / INCONCLUSIVE,0.00000,0.00000,0.00000,0.00000,0.00000,0.00000,0.000,0.000,0.0,0.0058,True,,
447,Robotics Motion Control,balance_correction,physics_robotics_autonomous,motion_axis,robot_joint,capacity,SUPERIOR WITHIN GUARDRAILS,0.00147,0.00078,0.00216,0.00000,0.00000,-0.00147,0.000,0.000,237.4,0.0028,True,,
497,Spacecraft & Flight Software,space_command_admission,physics_robotics_autonomous,motion_axis,reaction_wheel,admission,NONINFERIOR / INCONCLUSIVE,0.00000,0.00000,0.00000,0.00000,0.00000,0.00000,0.000,0.000,0.0,0.0000,True,,
499,Spacecraft & Flight Software,flight_task_schedule,physics_robotics_autonomous,motion_axis,reaction_wheel,admission,NONINFERIOR / INCONCLUSIVE,0.00000,0.00000,0.00000,0.00000,0.00000,0.00000,0.000,0.000,0.0,0.0000,True,,
500,Spacecraft & Flight Software,space_mode_transition,physics_robotics_autonomous,motion_axis,reaction_wheel,admission,NONINFERIOR / INCONCLUSIVE,0.00000,0.00000,0.00000,0.00000,0.00000,0.00000,0.000,0.000,0.0,0.0000,True,,
501,Spacecraft & Flight Software,payload_duty_cycle,physics_robotics_autonomous,motion_axis,reaction_wheel,power,ENERGY IMPROVEMENT WITH SERVICE TRADEOFF,0.00820,0.00662,0.00977,0.00000,0.00000,-0.00812,0.917,1.198,248.6,0.0000,True,,
502,Spacecraft & Flight Software,communication_allocation,physics_robotics_autonomous,motion_axis,reaction_wheel,capacity,SUPERIOR WITHIN GUARDRAILS,0.03103,0.02719,0.03486,0.00000,0.00000,-0.03007,0.000,0.000,225.6,0.0000,True,,
503,Spacecraft & Flight Software,space_power_budget,physics_robotics_autonomous,motion_axis,reaction_wheel,power,ENERGY IMPROVEMENT WITH SERVICE TRADEOFF,0.00751,0.00662,0.00841,0.00000,0.00000,-0.00746,0.500,0.808,203.7,0.0000,True,,
504,Spacecraft & Flight Software,space_thermal_command,physics_robotics_autonomous,motion_axis,reaction_wheel,power,ENERGY IMPROVEMENT WITH SERVICE TRADEOFF,0.00803,0.00755,0.00850,0.00000,0.00000,-0.00796,0.361,0.525,194.2,0.0000,True,,
505,Spacecraft & Flight Software,attitude_command_envelope,physics_robotics_autonomous,motion_axis,reaction_wheel,capacity,SUPERIOR WITHIN GUARDRAILS,0.02252,0.01923,0.02581,0.00000,0.00000,-0.02200,0.000,0.000,178.9,0.0000,True,,
506,Spacecraft & Flight Software,reaction_wheel_allocation,physics_robotics_autonomous,motion_axis,reaction_wheel,capacity,SUPERIOR WITHIN GUARDRAILS,0.02648,0.02319,0.02976,0.00000,0.00000,-0.02578,0.000,0.000,195.8,0.0000,True,,
507,Spacecraft & Flight Software,rcs_authority,physics_robotics_autonomous,motion_axis,reaction_wheel,power,ENERGY IMPROVEMENT WITH SERVICE TRADEOFF,0.00838,0.00749,0.00926,0.00000,0.00000,-0.00830,0.361,0.550,213.4,0.0000,True,,
508,Spacecraft & Flight Software,safe_mode_transition,physics_robotics_autonomous,motion_axis,reaction_wheel,admission,NONINFERIOR / INCONCLUSIVE,0.00000,0.00000,0.00000,0.00000,0.00000,0.00000,0.000,0.000,0.0,0.0000,True,,
509,Spacecraft & Flight Software,watchdog_recovery,physics_robotics_autonomous,motion_axis,reaction_wheel,admission,NONINFERIOR / INCONCLUSIVE,0.00000,0.00000,0.00000,0.00000,0.00000,0.00000,0.000,0.000,0.0,0.0000,True,,
510,Spacecraft & Flight Software,instrument_activation,physics_robotics_autonomous,motion_axis,reaction_wheel,capacity,SUPERIOR WITHIN GUARDRAILS,0.03247,0.02938,0.03556,0.00000,0.00000,-0.03143,0.000,0.000,235.7,0.0000,True,,
511,Spacecraft & Flight Software,fault_isolation,physics_robotics_autonomous,motion_axis,reaction_wheel,admission,NONINFERIOR / INCONCLUSIVE,0.00000,0.00000,0.00000,0.00000,0.00000,0.00000,0.000,0.000,0.0,0.0000,True,,
1001,Kubernetes Workload Scaling,hpa_min_replicas,compute_ai_cloud,compute_pool,server,capacity,NONINFERIOR / INCONCLUSIVE,0.00000,0.00000,0.00000,0.00000,0.00000,0.00000,0.000,0.000,0.0,0.0115,True,,
1002,Kubernetes Workload Scaling,hpa_max_replicas,compute_ai_cloud,compute_pool,server,capacity,NONINFERIOR / INCONCLUSIVE,0.00000,0.00000,0.00000,0.00000,0.00000,0.00000,0.000,0.000,0.0,0.0118,True,,
1003,Kubernetes Workload Scaling,hpa_scale_down_stabilisation_window,compute_ai_cloud,compute_pool,server,setpoint,NONINFERIOR / INCONCLUSIVE,0.00000,0.00000,0.00000,0.00000,0.00000,0.00000,0.000,0.000,0.0,0.0138,True,ENERGY IMPROVEMENT WITH SERVICE TRADEOFF,0.25479
1004,Kubernetes Workload Scaling,hpa_scale_up_stabilisation_window,compute_ai_cloud,compute_pool,server,setpoint,NONINFERIOR / INCONCLUSIVE,0.00000,0.00000,0.00000,0.00000,0.00000,0.00000,0.000,0.000,0.0,0.0119,True,ENERGY IMPROVEMENT WITH SERVICE TRADEOFF,0.23809
1005,Kubernetes Workload Scaling,hpa_scaling_rate_policies,compute_ai_cloud,compute_pool,server,capacity,NONINFERIOR / INCONCLUSIVE,0.00000,0.00000,0.00000,0.00000,0.00000,0.00000,0.000,0.000,0.0,0.0119,True,,
1006,Kubernetes Workload Scaling,hpa_policy_selection,compute_ai_cloud,compute_pool,server,capacity,NONINFERIOR / INCONCLUSIVE,0.00000,0.00000,0.00000,0.00000,0.00000,0.00000,0.000,0.000,0.0,0.0108,True,,
1007,Kubernetes Workload Scaling,hpa_tolerance,compute_ai_cloud,compute_pool,server,capacity,NONINFERIOR / INCONCLUSIVE,0.00000,0.00000,0.00000,0.00000,0.00000,0.00000,0.000,0.000,0.0,0.0128,True,,
1008,Kubernetes Workload Scaling,hpa_sync_period,compute_ai_cloud,compute_pool,server,capacity,NONINFERIOR / INCONCLUSIVE,0.00000,0.00000,0.00000,0.00000,0.00000,0.00000,0.000,0.000,0.0,0.0117,True,,
1009,Kubernetes Workload Scaling,vpa_minmax_allowed_resources,compute_ai_cloud,compute_pool,server,capacity,NONINFERIOR / INCONCLUSIVE,0.00000,0.00000,0.00000,0.00000,0.00000,0.00000,0.000,0.000,0.0,0.0179,True,,
1010,Kubernetes Workload Scaling,keda_polling_interval,compute_ai_cloud,compute_pool,server,setpoint,NONINFERIOR / INCONCLUSIVE,0.00000,0.00000,0.00000,0.00000,0.00000,0.00000,0.000,0.000,0.0,0.0125,True,ENERGY IMPROVEMENT WITH SERVICE TRADEOFF,0.23638
1011,Kubernetes Workload Scaling,rollout_progress_deadline,compute_ai_cloud,compute_pool,server,admission,NONINFERIOR / INCONCLUSIVE,0.00000,0.00000,0.00000,0.00000,0.00000,0.00000,0.000,0.000,0.0,0.0143,True,,
1012,Kubernetes Workload Scaling,rollout_readiness_delay,compute_ai_cloud,compute_pool,server,capacity,NONINFERIOR / INCONCLUSIVE,0.00000,0.00000,0.00000,0.00000,0.00000,0.00000,0.000,0.000,0.0,0.0114,True,,
1014,Kubernetes Workload Scaling,unhealthy_pod_eviction_policy,compute_ai_cloud,compute_pool,server,admission,NONINFERIOR / INCONCLUSIVE,0.00000,0.00000,0.00000,0.00000,0.00000,0.00000,0.000,0.000,0.0,0.0183,True,,
1015,Kubernetes Workload Scaling,graceful_termination,compute_ai_cloud,compute_pool,server,capacity,NONINFERIOR / INCONCLUSIVE,0.00000,0.00000,0.00000,0.00000,0.00000,0.00000,0.000,0.000,0.0,0.0122,True,,
1016,Kubernetes Workload Scaling,probes,compute_ai_cloud,compute_pool,server,capacity,NONINFERIOR / INCONCLUSIVE,0.00000,0.00000,0.00000,0.00000,0.00000,0.00000,0.000,0.000,0.0,0.0129,True,,
1017,Container Resources,in_place_resize,compute_ai_cloud,compute_pool,server,capacity,NONINFERIOR / INCONCLUSIVE,0.00000,0.00000,0.00000,0.00000,0.00000,0.00000,0.000,0.000,0.0,0.0150,True,,
1019,Container Resources,namespace_quota,compute_ai_cloud,compute_pool,server,admission,NONINFERIOR / INCONCLUSIVE,0.00000,0.00000,0.00000,0.00000,0.00000,0.00000,0.000,0.000,0.0,0.0133,True,,
1020,Container Resources,default_limits,compute_ai_cloud,compute_pool,server,capacity,NONINFERIOR / INCONCLUSIVE,0.00000,0.00000,0.00000,0.00000,0.00000,0.00000,0.000,0.000,0.0,0.0186,True,,
1022,Container Resources,memory_hard_limit,compute_ai_cloud,compute_pool,server,capacity,NONINFERIOR / INCONCLUSIVE,0.00000,0.00000,0.00000,0.00000,0.00000,0.00000,0.000,0.000,0.0,0.0175,True,,
1023,Container Resources,memory_protection,compute_ai_cloud,compute_pool,server,capacity,NONINFERIOR / INCONCLUSIVE,0.00000,0.00000,0.00000,0.00000,0.00000,0.00000,0.000,0.000,0.0,0.0096,True,,
1024,Container Resources,io_latency_target,compute_ai_cloud,compute_pool,server,setpoint,NONINFERIOR / INCONCLUSIVE,0.00000,0.00000,0.00000,0.00000,0.00000,0.00000,0.000,0.000,0.0,0.0168,True,ENERGY IMPROVEMENT WITH SERVICE TRADEOFF,0.23776
1025,Container Resources,freeze,compute_ai_cloud,compute_pool,server,admission,NONINFERIOR / INCONCLUSIVE,0.00000,0.00000,0.00000,0.00000,0.00000,0.00000,0.000,0.000,0.0,0.0131,True,,
1026,Kubernetes Placement & Scheduling,scheduler_scoring_strategy,compute_ai_cloud,compute_pool,server,capacity,NONINFERIOR / INCONCLUSIVE,0.00000,0.00000,0.00000,0.00000,0.00000,0.00000,0.000,0.000,0.0,0.0182,True,,
1027,Kubernetes Placement & Scheduling,scheduler_plugin_weights,compute_ai_cloud,compute_pool,server,setpoint,NONINFERIOR / INCONCLUSIVE,0.00000,0.00000,0.00000,0.00000,0.00000,0.00000,0.000,0.000,0.0,0.0139,True,ENERGY IMPROVEMENT WITH SERVICE TRADEOFF,0.24975
1028,Kubernetes Placement & Scheduling,scheduling_gates,compute_ai_cloud,compute_pool,server,admission,NONINFERIOR / INCONCLUSIVE,0.00000,0.00000,0.00000,0.00000,0.00000,0.00000,0.000,0.000,0.0,0.0125,True,,
1029,Kubernetes Placement & Scheduling,cpu_manager,compute_ai_cloud,compute_pool,server,capacity,NONINFERIOR / INCONCLUSIVE,0.00000,0.00000,0.00000,0.00000,0.00000,0.00000,0.000,0.000,0.0,0.0199,True,,
1030,Node Fleet & Karpenter-Class Control,scale_down_utilisation_threshold,compute_ai_cloud,compute_pool,node,admission,NONINFERIOR / INCONCLUSIVE,0.00000,0.00000,0.00000,0.00000,0.00000,0.00000,0.000,0.000,0.0,0.0383,True,,
1031,Node Fleet & Karpenter-Class Control,scale_down_unneeded_time,compute_ai_cloud,compute_pool,node,capacity,NONINFERIOR / INCONCLUSIVE,0.00000,0.00000,0.00000,0.00000,0.00000,0.00000,0.000,0.000,0.0,0.0208,True,,
1032,Node Fleet & Karpenter-Class Control,scale_down_delay_after_add,compute_ai_cloud,compute_pool,node,capacity,NONINFERIOR / INCONCLUSIVE,0.00000,0.00000,0.00000,0.00000,0.00000,0.00000,0.000,0.000,0.0,0.0176,True,,
1033,Node Fleet & Karpenter-Class Control,expander,compute_ai_cloud,compute_pool,node,capacity,NONINFERIOR / INCONCLUSIVE,0.00000,0.00000,0.00000,0.00000,0.00000,0.00000,0.000,0.000,0.0,0.0249,True,,
1034,Node Fleet & Karpenter-Class Control,node_pool_limits,compute_ai_cloud,compute_pool,node,capacity,NONINFERIOR / INCONCLUSIVE,0.00000,0.00000,0.00000,0.00000,0.00000,0.00000,0.000,0.000,0.0,0.0196,True,,
1035,Node Fleet & Karpenter-Class Control,kubelet_eviction_thresholds,compute_ai_cloud,compute_pool,node,admission,NONINFERIOR / INCONCLUSIVE,0.00000,0.00000,0.00000,0.00000,0.00000,0.00000,0.000,0.000,0.0,0.0249,True,,
1036,Node Fleet & Karpenter-Class Control,kubelet_reserved_resources,compute_ai_cloud,compute_pool,node,capacity,NONINFERIOR / INCONCLUSIVE,0.00000,0.00000,0.00000,0.00000,0.00000,0.00000,0.000,0.000,0.0,0.0253,True,,
1037,Node Fleet & Karpenter-Class Control,max_pods_per_node,compute_ai_cloud,compute_pool,node,capacity,NONINFERIOR / INCONCLUSIVE,0.00000,0.00000,0.00000,0.00000,0.00000,0.00000,0.000,0.000,0.0,0.0268,True,,
1038,Cloud VM & Capacity,target_tracking_policy,compute_ai_cloud,compute_pool,node,setpoint,NONINFERIOR / INCONCLUSIVE,0.00000,0.00000,0.00000,0.00000,0.00000,0.00000,0.000,0.000,0.0,0.0249,True,NONINFERIOR / INCONCLUSIVE,0.00000
1039,Cloud VM & Capacity,scaling_cooldown_warmup,compute_ai_cloud,compute_pool,node,capacity,NONINFERIOR / INCONCLUSIVE,0.00000,0.00000,0.00000,0.00000,0.00000,0.00000,0.000,0.000,0.0,0.0204,True,,
1040,Host CPU & Memory,frequency_governor,compute_ai_cloud,compute_pool,cpu_host,power,SUPERIOR WITHIN GUARDRAILS,0.01491,0.00799,0.02182,-0.00000,-0.00000,-0.01461,-0.194,0.045,613.6,0.0118,True,,
1041,Host CPU & Memory,turbo_boost,compute_ai_cloud,compute_pool,cpu_host,capacity,NONINFERIOR / INCONCLUSIVE,0.00000,0.00000,0.00000,0.00000,0.00000,0.00000,0.000,0.000,0.0,0.0090,True,,
1042,Host CPU & Memory,dram_power_limit,compute_ai_cloud,compute_pool,cpu_host,power,SUPERIOR WITHIN GUARDRAILS,0.02020,0.01500,0.02540,0.00000,-0.00000,-0.01976,-0.278,-0.058,611.5,0.0149,True,,
1043,Host CPU & Memory,swappiness_reclaim,compute_ai_cloud,compute_pool,cpu_host,capacity,NONINFERIOR / INCONCLUSIVE,0.00000,0.00000,0.00000,0.00000,0.00000,0.00000,0.000,0.000,0.0,0.0151,True,,
1044,NVIDIA GPU Hardware,application_clocks,compute_ai_cloud,compute_pool,gpu,power,SUPERIOR WITHIN GUARDRAILS,0.02154,0.01930,0.02379,0.00005,-0.00006,-0.02104,-0.014,0.257,575.6,0.0267,True,,
1045,NVIDIA GPU Hardware,gpu_temperature_target,compute_ai_cloud,compute_pool,gpu,setpoint,NONINFERIOR / INCONCLUSIVE,0.00000,0.00000,0.00000,0.00000,0.00000,0.00000,0.000,0.000,0.0,0.0269,True,ENERGY IMPROVEMENT WITH SERVICE TRADEOFF,0.16338
1046,Network Routing & Switching,nic_interrupt_coalescing,distribution_specialized,compute_pool,network,capacity,NONINFERIOR / INCONCLUSIVE,0.00000,0.00000,0.00000,0.00000,0.00000,0.00000,0.000,0.000,0.0,0.0061,True,,
1047,Network Routing & Switching,nic_ring_size,distribution_specialized,compute_pool,network,capacity,NONINFERIOR / INCONCLUSIVE,0.00000,0.00000,0.00000,0.00000,0.00000,0.00000,0.000,0.000,0.0,0.0058,True,,
1048,Network Routing & Switching,port_link_power,distribution_specialized,compute_pool,network,power,NONINFERIOR / INCONCLUSIVE,0.00000,0.00000,0.00000,0.00000,0.00000,0.00000,0.000,0.000,0.0,0.0074,True,,
1049,Storage Block/File/Object,scrub_schedule,distribution_specialized,compute_pool,storage,capacity,NONINFERIOR / INCONCLUSIVE,0.00000,0.00000,0.00000,0.00000,0.00000,0.00000,0.000,0.000,0.0,0.0065,True,,
1050,Storage Block/File/Object,io_scheduler,distribution_specialized,compute_pool,storage,capacity,NONINFERIOR / INCONCLUSIVE,0.00000,0.00000,0.00000,0.00000,0.00000,0.00000,0.000,0.000,0.0,0.0063,True,,
1051,Storage Block/File/Object,disk_power_spin_down,distribution_specialized,compute_pool,storage,power,NONINFERIOR / INCONCLUSIVE,0.00000,0.00000,0.00000,0.00000,0.00000,0.00000,0.000,0.000,0.0,0.0067,True,,
1052,Storage Block/File/Object,lifecycle_tiering,distribution_specialized,compute_pool,storage,capacity,NONINFERIOR / INCONCLUSIVE,0.00000,0.00000,0.00000,0.00000,0.00000,0.00000,0.000,0.000,0.0,0.0099,True,,
1053,Observability & Telemetry,metric_scrape_interval,distribution_specialized,compute_pool,server,setpoint,NONINFERIOR / INCONCLUSIVE,0.00000,0.00000,0.00000,0.00000,0.00000,0.00000,0.000,0.000,0.0,0.0122,True,ENERGY IMPROVEMENT WITH SERVICE TRADEOFF,0.23306
1054,Observability & Telemetry,batching,distribution_specialized,compute_pool,server,capacity,NONINFERIOR / INCONCLUSIVE,0.00000,0.00000,0.00000,0.00000,0.00000,0.00000,0.000,0.000,0.0,0.0071,True,,
1055,"Cooling, Chillers & Thermodynamics",server_fan_speed,energy_facility_industrial,thermal_zone,data_hall,capacity,NONINFERIOR / INCONCLUSIVE,0.00000,0.00000,0.00000,0.00000,0.00000,0.00000,0.000,0.000,0.0,0.0000,True,,
1056,"Cooling, Chillers & Thermodynamics",economiser,energy_facility_industrial,thermal_zone,data_hall,capacity,NONINFERIOR / INCONCLUSIVE,0.00000,0.00000,0.00000,0.00000,0.00000,0.00000,0.000,0.000,0.0,0.0000,True,,
1057,"PDU, UPS & Electrical Distribution",ups_shutdown_battery_test,energy_facility_industrial,energy_storage,ups,capacity,NONINFERIOR / INCONCLUSIVE,0.00000,0.00000,0.00000,0.00000,0.00000,0.00000,0.000,0.000,0.0,0.0133,True,,
1058,AI Inference Serving,autoscaling_target_concurrency_qps,compute_ai_cloud,compute_pool,gpu,admission,NONINFERIOR / INCONCLUSIVE,0.00000,0.00000,0.00000,0.00000,0.00000,0.00000,0.000,0.000,0.0,0.0381,True,,
1059,AI Inference Serving,scale_to_zero_panic_window,compute_ai_cloud,compute_pool,gpu,setpoint,NONINFERIOR / INCONCLUSIVE,0.00000,0.00000,0.00000,0.00000,0.00000,0.00000,0.000,0.000,0.0,0.0176,True,ENERGY IMPROVEMENT WITH SERVICE TRADEOFF,0.16064
1060,AI Inference Serving,request_priority_levels,compute_ai_cloud,compute_pool,gpu,admission,NONINFERIOR / INCONCLUSIVE,0.00000,0.00000,0.00000,0.00000,0.00000,0.00000,0.000,0.000,0.0,0.0332,True,,
1061,AI Inference Serving,kv_cache_swap_space,compute_ai_cloud,compute_pool,gpu,capacity,NONINFERIOR / INCONCLUSIVE,0.00000,0.00000,0.00000,0.00000,0.00000,0.00000,0.000,0.000,0.0,0.0301,True,,
1062,AI Inference Serving,chunked_prefill,compute_ai_cloud,compute_pool,gpu,capacity,NONINFERIOR / INCONCLUSIVE,0.00000,0.00000,0.00000,0.00000,0.00000,0.00000,0.000,0.000,0.0,0.0297,True,,
1063,AI Inference Serving,tensor_parallel_degree,compute_ai_cloud,compute_pool,gpu,capacity,NONINFERIOR / INCONCLUSIVE,0.00000,0.00000,0.00000,0.00000,0.00000,0.00000,0.000,0.000,0.0,0.0299,True,,
1064,AI Inference Serving,disaggregated_prefill_decode,compute_ai_cloud,compute_pool,gpu,capacity,NONINFERIOR / INCONCLUSIVE,0.00000,0.00000,0.00000,0.00000,0.00000,0.00000,0.000,0.000,0.0,0.0224,True,,
1065,AI Inference Serving,lora_adapter_load,compute_ai_cloud,compute_pool,gpu,capacity,NONINFERIOR / INCONCLUSIVE,0.00000,0.00000,0.00000,0.00000,0.00000,0.00000,0.000,0.000,0.0,0.0392,True,,
1066,AI Training,activation_checkpointing,compute_ai_cloud,compute_pool,gpu_batch,capacity,NONINFERIOR / INCONCLUSIVE,0.00000,0.00000,0.00000,0.00000,0.00000,0.00000,0.000,0.000,0.0,0.0000,True,,
1067,AI Training,dataloader_workers,compute_ai_cloud,compute_pool,gpu_batch,capacity,NONINFERIOR / INCONCLUSIVE,0.00000,0.00000,0.00000,0.00000,0.00000,0.00000,0.000,0.000,0.0,0.0000,True,,
1068,GPU Fabric & RDMA,collective_protocol,compute_ai_cloud,compute_pool,fabric,capacity,NONINFERIOR / INCONCLUSIVE,0.00000,0.00000,0.00000,0.00000,0.00000,0.00000,0.000,0.000,0.0,0.0025,True,,
1069,GPU Fabric & RDMA,nic_hca_selection,compute_ai_cloud,compute_pool,fabric,capacity,NONINFERIOR / INCONCLUSIVE,0.00000,0.00000,0.00000,0.00000,0.00000,0.00000,0.000,0.000,0.0,0.0019,True,,
1070,HPC & Distributed Compute,node_power_saving,compute_ai_cloud,compute_pool,batch,power,SUPERIOR WITHIN GUARDRAILS,0.01620,0.01275,0.01964,0.00000,-0.00000,-0.01592,0.000,0.000,588.6,0.0000,True,,
1071,HPC & Distributed Compute,cpu_frequency_per_job,compute_ai_cloud,compute_pool,batch,power,SUPERIOR WITHIN GUARDRAILS,0.01753,0.01313,0.02193,0.00000,-0.00000,-0.01720,0.000,0.000,598.2,0.0000,True,,
1072,HPC & Distributed Compute,partition_limits,compute_ai_cloud,compute_pool,batch,capacity,NONINFERIOR / INCONCLUSIVE,0.00000,0.00000,0.00000,0.00000,0.00000,0.00000,0.000,0.000,0.0,0.0000,True,,
1074,Work Admission & Demand Shaping,request_concurrency_limit,compute_ai_cloud,compute_pool,server,admission,NONINFERIOR / INCONCLUSIVE,0.00000,0.00000,0.00000,0.00000,0.00000,0.00000,0.000,0.000,0.0,0.0147,True,,
1076,Robotics Motion Control,trajectory_tolerances,physics_robotics_autonomous,motion_axis,robot_joint,capacity,SUPERIOR WITHIN GUARDRAILS,0.00256,0.00151,0.00361,0.00000,0.00000,-0.00256,0.000,0.000,275.1,0.0000,True,,
1077,Robotics Motion Control,velocity_acceleration_scaling,physics_robotics_autonomous,motion_axis,robot_joint,capacity,ENERGY IMPROVEMENT WITH SERVICE TRADEOFF,0.00140,0.00081,0.00199,0.00000,0.00000,-0.00139,0.028,0.091,217.2,0.0336,True,,
1078,Robotics Motion Control,controller_update_rate,physics_robotics_autonomous,motion_axis,robot_joint,capacity,NONINFERIOR / INCONCLUSIVE,0.00068,-0.00025,0.00160,-0.00031,-0.00101,-0.00099,0.000,0.000,178.5,0.0994,True,,
1079,Aviation & Autonomous Flight,attitude_rate_gains,physics_robotics_autonomous,motion_axis,flight_axis,capacity,SUPERIOR WITHIN GUARDRAILS,0.00055,0.00047,0.00064,0.00000,0.00000,-0.00055,0.000,0.000,256.1,0.0000,True,,
1080,Aviation & Autonomous Flight,horizontal_speed_limit,physics_robotics_autonomous,motion_axis,flight_axis,power,NONINFERIOR / INCONCLUSIVE,0.00000,0.00000,0.00000,0.00000,0.00000,0.00000,0.000,0.000,0.0,0.0000,True,,
1081,Aviation & Autonomous Flight,vertical_speed_limits,physics_robotics_autonomous,motion_axis,flight_axis,power,NONINFERIOR / INCONCLUSIVE,0.00000,0.00000,0.00000,0.00000,0.00000,0.00000,0.000,0.000,0.0,0.0053,True,,
1082,Aviation & Autonomous Flight,acceleration_jerk_limits,physics_robotics_autonomous,motion_axis,flight_axis,power,NONINFERIOR / INCONCLUSIVE,0.00000,0.00000,0.00000,0.00000,0.00000,0.00000,0.000,0.000,0.0,0.0000,True,,
1083,Automotive EV & Mobile Powertrain,state_of_charge_limits,physics_robotics_autonomous,motion_axis,ev_traction,power,NONINFERIOR / INCONCLUSIVE,0.00000,0.00000,0.00000,0.00000,0.00000,0.00000,0.000,0.000,0.0,0.0075,True,,
1084,Automotive EV & Mobile Powertrain,smart_charging_schedule,physics_robotics_autonomous,motion_axis,ev_traction,admission,NONINFERIOR / INCONCLUSIVE,0.00000,0.00000,0.00000,0.00000,0.00000,0.00000,0.000,0.000,0.0,0.0519,True,,
1085,Energy Storage & Microgrid,volt_var,energy_facility_industrial,energy_storage,microgrid,capacity,NONINFERIOR / INCONCLUSIVE,0.00000,0.00000,0.00000,0.00000,0.00000,0.00000,0.000,0.000,0.0,0.2496,True,,
1086,Energy Storage & Microgrid,volt_watt,energy_facility_industrial,energy_storage,microgrid,capacity,NONINFERIOR / INCONCLUSIVE,0.00000,0.00000,0.00000,0.00000,0.00000,0.00000,0.000,0.000,0.0,0.2383,True,,
1087,Energy Storage & Microgrid,constant_power_factor_reactive_power,energy_facility_industrial,energy_storage,microgrid,power,NONINFERIOR / INCONCLUSIVE,0.00000,0.00000,0.00000,0.00000,0.00000,0.00000,0.000,0.000,0.0,0.2418,True,,
1088,Industrial PLC & Process Automation,controller_mode,energy_facility_industrial,process_loop,process,capacity,NONINFERIOR / INCONCLUSIVE,0.00000,0.00000,0.00000,0.00000,0.00000,0.00000,0.000,0.000,648.0,0.0000,True,,
1089,Industrial PLC & Process Automation,alarm_limits,energy_facility_industrial,process_loop,process,capacity,NONINFERIOR / INCONCLUSIVE,0.00000,0.00000,0.00000,0.00000,0.00000,0.00000,0.000,0.000,648.0,0.0000,True,,
1090,Industrial PLC & Process Automation,safety_interlock_trip,energy_facility_industrial,process_loop,process,capacity,NONINFERIOR / INCONCLUSIVE,0.00000,0.00000,0.00000,0.00000,0.00000,0.00000,0.000,0.000,648.0,0.0000,True,,
1091,Industrial PLC & Process Automation,opc_ua_writes,energy_facility_industrial,process_loop,process,capacity,NONINFERIOR / INCONCLUSIVE,0.00000,0.00000,0.00000,0.00000,0.00000,0.00000,0.000,0.000,648.0,0.0000,True,,
1092,Semiconductor Fab & Precision Manufacturing,run_to_run_control,energy_facility_industrial,process_loop,chamber,capacity,NONINFERIOR / INCONCLUSIVE,0.00000,0.00000,0.00000,0.00000,0.00000,0.00000,0.000,0.000,648.0,0.0000,True,,
1093,Semiconductor Fab & Precision Manufacturing,idle_sleep_mode,energy_facility_industrial,process_loop,chamber,capacity,NONINFERIOR / INCONCLUSIVE,0.00000,0.00000,0.00000,0.00000,0.00000,0.00000,0.000,0.000,648.0,0.0000,True,,
1094,Building & Critical Environment HVAC,setpoint_reset_trim_and_respond,energy_facility_industrial,thermal_zone,building,setpoint,SUPERIOR WITHIN GUARDRAILS,0.04892,0.04708,0.05076,0.00000,0.00000,-0.04663,0.000,0.000,648.0,0.0000,True,SUPERIOR WITHIN GUARDRAILS,0.13615
1095,Building & Critical Environment HVAC,duct_static_pressure_setpoint,energy_facility_industrial,thermal_zone,building,setpoint,SUPERIOR WITHIN GUARDRAILS,0.05024,0.04808,0.05240,0.00000,0.00000,-0.04783,0.000,0.000,648.0,0.0000,True,ENERGY IMPROVEMENT WITH SERVICE TRADEOFF,0.13907
1096,Building & Critical Environment HVAC,optimal_start_stop,energy_facility_industrial,thermal_zone,building,capacity,NONINFERIOR / INCONCLUSIVE,0.00001,-0.00001,0.00002,0.00000,0.00000,-0.00001,0.000,0.000,1.0,0.0000,True,,
1097,Service Mesh & API Reliability,load_balancing_policy,distribution_specialized,compute_pool,server,capacity,NONINFERIOR / INCONCLUSIVE,0.00000,0.00000,0.00000,0.00000,0.00000,0.00000,0.000,0.000,0.0,0.0153,True,,
1099,Database & Transactions,parallel_workers,distribution_specialized,compute_pool,database,capacity,NONINFERIOR / INCONCLUSIVE,0.00000,0.00000,0.00000,0.00000,0.00000,0.00000,0.000,0.000,0.0,0.0660,True,,
1100,Database & Transactions,background_writer,distribution_specialized,compute_pool,database,capacity,NONINFERIOR / INCONCLUSIVE,0.00000,0.00000,0.00000,0.00000,0.00000,0.00000,0.000,0.000,0.0,0.0725,True,,
1101,Database & Transactions,synchronous_replication,distribution_specialized,compute_pool,database,capacity,NONINFERIOR / INCONCLUSIVE,0.00000,0.00000,0.00000,0.00000,0.00000,0.00000,0.000,0.000,0.0,0.0744,True,,
1102,Database & Transactions,buffer_pool,distribution_specialized,compute_pool,database,capacity,NONINFERIOR / INCONCLUSIVE,0.00000,0.00000,0.00000,0.00000,0.00000,0.00000,0.000,0.000,0.0,0.0547,True,,
1103,Database & Transactions,io_capacity,distribution_specialized,compute_pool,database,capacity,NONINFERIOR / INCONCLUSIVE,0.00000,0.00000,0.00000,0.00000,0.00000,0.00000,0.000,0.000,0.0,0.0933,True,,
1104,Messaging & Streaming,prefetch,distribution_specialized,compute_pool,server,capacity,NONINFERIOR / INCONCLUSIVE,0.00000,0.00000,0.00000,0.00000,0.00000,0.00000,0.000,0.000,0.0,0.0067,True,,
1105,Messaging & Streaming,memory_disk_alarm,distribution_specialized,compute_pool,server,capacity,NONINFERIOR / INCONCLUSIVE,0.00000,0.00000,0.00000,0.00000,0.00000,0.00000,0.000,0.000,0.0,0.0075,True,,
1106,Cache & Memory Services,memory_size_threads,distribution_specialized,compute_pool,server,capacity,NONINFERIOR / INCONCLUSIVE,0.00000,0.00000,0.00000,0.00000,0.00000,0.00000,0.000,0.000,0.0,0.0146,True,,
1107,"Search, Indexing & Vector DB",circuit_breakers,distribution_specialized,compute_pool,server,admission,NONINFERIOR / INCONCLUSIVE,0.00000,0.00000,0.00000,0.00000,0.00000,0.00000,0.000,0.000,0.0,0.0172,True,,
1108,Runtime & Application,go_runtime,distribution_specialized,compute_pool,server,capacity,NONINFERIOR / INCONCLUSIVE,0.00000,0.00000,0.00000,0.00000,0.00000,0.00000,0.000,0.000,0.0,0.0144,True,,
1109,Runtime & Application,keepalive_connection_reuse,distribution_specialized,compute_pool,server,capacity,NONINFERIOR / INCONCLUSIVE,0.00000,0.00000,0.00000,0.00000,0.00000,0.00000,0.000,0.000,0.0,0.0125,True,,
1110,"PDU, UPS & Electrical Distribution",hierarchical_power_budget_row_pdu_switchboard_controllers,energy_facility_industrial,energy_storage,ups,power,NONINFERIOR / INCONCLUSIVE,0.00000,0.00000,0.00000,0.00000,0.00000,0.00000,0.000,0.000,0.0,0.0281,True,,
1111,"PDU, UPS & Electrical Distribution",priority_aware_capping_throttle_low_priority_first,energy_facility_industrial,energy_storage,ups,power,NONINFERIOR / INCONCLUSIVE,0.00000,0.00000,0.00000,0.00000,0.00000,0.00000,0.000,0.000,0.0,0.0164,True,,
1112,Host CPU & Memory,core_packing,compute_ai_cloud,compute_pool,cpu_host,capacity,NONINFERIOR / INCONCLUSIVE,0.00000,0.00000,0.00000,0.00000,0.00000,0.00000,0.000,0.000,0.0,0.0196,True,,
1113,"PDU, UPS & Electrical Distribution",power_oversubscription_with_prediction,energy_facility_industrial,energy_storage,ups,power,NONINFERIOR / INCONCLUSIVE,0.00000,0.00000,0.00000,0.00000,0.00000,0.00000,0.000,0.000,0.0,0.0208,True,,
1114,Cloud VM & Capacity,vm_cpu_cap_by_priority,compute_ai_cloud,compute_pool,node,admission,NONINFERIOR / INCONCLUSIVE,0.00000,0.00000,0.00000,0.00000,0.00000,0.00000,0.000,0.000,0.0,0.0253,True,,
1115,Host CPU & Memory,per_pod_cpu_frequency_range_and_c_state_access,compute_ai_cloud,compute_pool,cpu_host,power,SUPERIOR WITHIN GUARDRAILS,0.01544,0.01337,0.01751,0.00000,-0.00000,-0.01520,-0.236,-0.048,612.3,0.0128,True,,
1116,Host CPU & Memory,uncore_frequency_per_node,compute_ai_cloud,compute_pool,cpu_host,power,SUPERIOR WITHIN GUARDRAILS,0.01795,0.01339,0.02250,-0.00000,-0.00000,-0.01760,-0.097,0.142,612.1,0.0111,True,,
1117,NVIDIA GPU Hardware,sync_boost,compute_ai_cloud,compute_pool,gpu,capacity,NONINFERIOR / INCONCLUSIVE,0.00000,0.00000,0.00000,0.00000,0.00000,0.00000,0.000,0.000,0.0,0.0393,True,,
1118,NVIDIA GPU Hardware,target_clocks,compute_ai_cloud,compute_pool,gpu,power,SUPERIOR WITHIN GUARDRAILS,0.02472,0.02070,0.02874,0.00005,-0.00007,-0.02404,-0.556,-0.111,582.7,0.0296,True,,
1119,Observability & Telemetry,per_pod_energy_attribution,distribution_specialized,compute_pool,server,capacity,NONINFERIOR / INCONCLUSIVE,0.00000,0.00000,0.00000,0.00000,0.00000,0.00000,0.000,0.000,0.0,0.0147,True,,
1120,Cloud VM & Capacity,predictive_scaling,compute_ai_cloud,compute_pool,node,capacity,NONINFERIOR / INCONCLUSIVE,0.00000,0.00000,0.00000,0.00000,0.00000,0.00000,0.000,0.000,0.0,0.0197,True,,
1121,Cloud VM & Capacity,instance_refresh,compute_ai_cloud,compute_pool,node,capacity,NONINFERIOR / INCONCLUSIVE,0.00000,0.00000,0.00000,0.00000,0.00000,0.00000,0.000,0.000,0.0,0.0328,True,,
1122,"Cooling, Chillers & Thermodynamics",chiller_plant_supervisory_control_rl_with_safety_layer,energy_facility_industrial,thermal_zone,data_hall,capacity,NONINFERIOR / INCONCLUSIVE,0.00000,0.00000,0.00000,0.00000,0.00000,0.00000,0.000,0.000,0.0,0.0000,True,,
1123,Work Admission & Demand Shaping,adaptive_concurrency_limit,compute_ai_cloud,compute_pool,server,admission,NONINFERIOR / INCONCLUSIVE,0.00000,0.00000,0.00000,0.00000,0.00000,0.00000,0.000,0.000,0.0,0.0143,True,,
1124,Work Admission & Demand Shaping,priority_request_queue_under_limit,compute_ai_cloud,compute_pool,server,admission,NONINFERIOR / INCONCLUSIVE,0.00000,0.00000,0.00000,0.00000,0.00000,0.00000,0.000,0.000,0.0,0.0118,True,,
2001,Healthcare Critical Environments,operating_room_air_change_setpoint,energy_facility_industrial,thermal_zone,hospital,setpoint,SUPERIOR WITHIN GUARDRAILS,0.05199,0.05068,0.05330,0.00000,0.00000,-0.04942,0.000,0.000,648.0,0.0000,True,SUPERIOR WITHIN GUARDRAILS,0.08563
2002,Healthcare Critical Environments,isolation_room_pressure_target,energy_facility_industrial,thermal_zone,hospital,setpoint,SUPERIOR WITHIN GUARDRAILS,0.05142,0.05027,0.05256,0.00000,0.00000,-0.04890,0.000,0.000,648.0,0.0000,True,SUPERIOR WITHIN GUARDRAILS,0.08427
2003,Healthcare Critical Environments,patient_room_temperature_setpoint,energy_facility_industrial,thermal_zone,hospital,setpoint,SUPERIOR WITHIN GUARDRAILS,0.05165,0.05054,0.05276,0.00000,0.00000,-0.04911,0.000,0.000,648.0,0.0000,True,SUPERIOR WITHIN GUARDRAILS,0.08435
2004,Healthcare Critical Environments,surgical_suite_humidity_target,energy_facility_industrial,thermal_zone,hospital,setpoint,SUPERIOR WITHIN GUARDRAILS,0.05089,0.05005,0.05173,0.00000,0.00000,-0.04842,0.000,0.000,648.0,0.0000,True,SUPERIOR WITHIN GUARDRAILS,0.08228
2005,Healthcare Critical Environments,ahu_supply_air_temperature,energy_facility_industrial,thermal_zone,hospital,setpoint,SUPERIOR WITHIN GUARDRAILS,0.05187,0.05093,0.05281,0.00000,0.00000,-0.04931,0.000,0.000,648.0,0.0000,True,SUPERIOR WITHIN GUARDRAILS,0.08518
2006,Healthcare Critical Environments,pharmacy_cold_room_setpoint,energy_facility_industrial,thermal_zone,hospital,setpoint,SUPERIOR WITHIN GUARDRAILS,0.05116,0.05023,0.05210,0.00000,0.00000,-0.04867,0.000,0.000,648.0,0.0000,True,SUPERIOR WITHIN GUARDRAILS,0.08339
2007,Healthcare Critical Environments,sterile_storage_humidity_setpoint,energy_facility_industrial,thermal_zone,hospital,setpoint,SUPERIOR WITHIN GUARDRAILS,0.05128,0.05041,0.05215,0.00000,0.00000,-0.04878,0.000,0.000,648.0,0.0000,True,SUPERIOR WITHIN GUARDRAILS,0.08368
2008,Healthcare Critical Environments,imaging_suite_cooling_capacity,energy_facility_industrial,thermal_zone,hospital,capacity,NONINFERIOR / INCONCLUSIVE,0.00001,-0.00001,0.00003,0.00000,0.00000,-0.00001,0.000,0.000,1.0,0.0000,True,,
2009,Healthcare Critical Environments,chiller_plant_staging,energy_facility_industrial,thermal_zone,hospital,capacity,NONINFERIOR / INCONCLUSIVE,0.00000,0.00000,0.00000,0.00000,0.00000,0.00000,0.000,0.000,1.0,0.0000,True,,
2010,Healthcare Critical Environments,exhaust_fan_capacity,energy_facility_industrial,thermal_zone,hospital,capacity,NONINFERIOR / INCONCLUSIVE,0.00002,-0.00000,0.00004,0.00000,0.00000,-0.00002,0.000,0.000,1.0,0.0000,True,,
2011,Healthcare Critical Environments,ward_night_setback_mode,energy_facility_industrial,thermal_zone,hospital,admission,NONINFERIOR / INCONCLUSIVE,0.00000,0.00000,0.00000,0.00000,0.00000,0.00000,0.000,0.000,0.0,0.0000,True,,
2012,Healthcare Critical Environments,medical_gas_plant_demand_limit,energy_facility_industrial,thermal_zone,hospital,power,NONINFERIOR / INCONCLUSIVE,0.00000,0.00000,0.00000,0.00000,0.00000,0.00000,0.000,0.000,0.0,0.0000,True,,
2013,Healthcare Critical Environments,emergency_power_load_shed,energy_facility_industrial,thermal_zone,hospital,admission,NONINFERIOR / INCONCLUSIVE,0.00000,0.00000,0.00000,0.00000,0.00000,0.00000,0.000,0.000,0.0,0.0000,True,,
2014,Medical Imaging & Clinical Systems,pacs_archive_tier_target,distribution_specialized,compute_pool,clinical,setpoint,NONINFERIOR / INCONCLUSIVE,0.00000,0.00000,0.00000,0.00000,0.00000,0.00000,0.000,0.000,0.0,0.0326,True,ENERGY IMPROVEMENT WITH SERVICE TRADEOFF,0.31934
2015,Medical Imaging & Clinical Systems,dicom_router_concurrency,distribution_specialized,compute_pool,clinical,admission,NONINFERIOR / INCONCLUSIVE,0.00000,0.00000,0.00000,0.00000,0.00000,0.00000,0.000,0.000,0.0,0.0336,True,,
2016,Medical Imaging & Clinical Systems,ehr_application_replicas,distribution_specialized,compute_pool,clinical,capacity,NONINFERIOR / INCONCLUSIVE,0.00000,0.00000,0.00000,0.00000,0.00000,0.00000,0.000,0.000,0.0,0.0342,True,,
2017,Medical Imaging & Clinical Systems,hl7_interface_queue_limit,distribution_specialized,compute_pool,clinical,admission,NONINFERIOR / INCONCLUSIVE,0.00000,0.00000,0.00000,0.00000,0.00000,0.00000,0.000,0.000,0.0,0.0275,True,,
2018,Medical Imaging & Clinical Systems,fhir_api_rate_limit,distribution_specialized,compute_pool,clinical,admission,NONINFERIOR / INCONCLUSIVE,0.00000,0.00000,0.00000,0.00000,0.00000,0.00000,0.000,0.000,0.0,0.0207,True,,
2019,Medical Imaging & Clinical Systems,reconstruction_gpu_workers,distribution_specialized,compute_pool,clinical,capacity,NONINFERIOR / INCONCLUSIVE,0.00000,0.00000,0.00000,0.00000,0.00000,0.00000,0.000,0.000,0.0,0.0301,True,,
2020,Medical Imaging & Clinical Systems,modality_worklist_timeout,distribution_specialized,compute_pool,clinical,admission,NONINFERIOR / INCONCLUSIVE,0.00000,0.00000,0.00000,0.00000,0.00000,0.00000,0.000,0.000,0.0,0.0346,True,,
2021,Medical Imaging & Clinical Systems,patient_monitoring_gateway_capacity,distribution_specialized,compute_pool,clinical,admission,NONINFERIOR / INCONCLUSIVE,0.00000,0.00000,0.00000,0.00000,0.00000,0.00000,0.000,0.000,0.0,0.0294,True,,
2022,Medical Imaging & Clinical Systems,lab_analyzer_batch_window,distribution_specialized,compute_pool,clinical,admission,NONINFERIOR / INCONCLUSIVE,0.00000,0.00000,0.00000,0.00000,0.00000,0.00000,0.000,0.000,0.0,0.0389,True,,
2023,Medical Imaging & Clinical Systems,telehealth_session_admission,distribution_specialized,compute_pool,clinical,admission,NONINFERIOR / INCONCLUSIVE,0.00000,0.00000,0.00000,0.00000,0.00000,0.00000,0.000,0.000,0.0,0.0475,True,,
2024,Medical Imaging & Clinical Systems,clinical_backup_window,distribution_specialized,compute_pool,clinical,admission,NONINFERIOR / INCONCLUSIVE,0.00000,0.00000,0.00000,0.00000,0.00000,0.00000,0.000,0.000,0.0,0.0303,True,,
2025,Medical Imaging & Clinical Systems,imaging_prefetch_priority,distribution_specialized,compute_pool,clinical,admission,NONINFERIOR / INCONCLUSIVE,0.00000,0.00000,0.00000,0.00000,0.00000,0.00000,0.000,0.000,0.0,0.0307,True,,
2026,Agriculture & Irrigation,irrigation_pump_speed,energy_facility_industrial,process_loop,irrigation,capacity,NONINFERIOR / INCONCLUSIVE,0.00000,0.00000,0.00000,0.00000,0.00000,0.00000,0.000,0.000,644.5,0.0000,True,,
2027,Agriculture & Irrigation,mainline_pressure_setpoint,energy_facility_industrial,process_loop,irrigation,setpoint,SUPERIOR WITHIN GUARDRAILS,0.17956,0.16570,0.19343,0.00000,0.00000,-0.15202,0.000,0.000,181.2,0.0000,True,SUPERIOR WITHIN GUARDRAILS,0.23603
2028,Agriculture & Irrigation,soil_moisture_target,energy_facility_industrial,process_loop,irrigation,setpoint,SUPERIOR WITHIN GUARDRAILS,0.17005,0.15130,0.18880,0.00000,0.00000,-0.14496,0.000,0.000,176.6,0.0000,True,SUPERIOR WITHIN GUARDRAILS,0.22404
2029,Agriculture & Irrigation,pivot_speed_setpoint,energy_facility_industrial,process_loop,irrigation,setpoint,SUPERIOR WITHIN GUARDRAILS,0.18245,0.16596,0.19893,0.00000,0.00000,-0.15401,0.000,0.000,180.3,0.0000,True,SUPERIOR WITHIN GUARDRAILS,0.24181
2030,Agriculture & Irrigation,fertigation_dose,energy_facility_industrial,process_loop,irrigation,power,NONINFERIOR / INCONCLUSIVE,0.00000,0.00000,0.00000,0.00000,0.00000,0.00000,0.000,0.000,190.3,0.0000,True,,
2031,Agriculture & Irrigation,greenhouse_temperature_setpoint,energy_facility_industrial,process_loop,irrigation,setpoint,SUPERIOR WITHIN GUARDRAILS,0.19448,0.17925,0.20971,0.00000,0.00000,-0.16257,0.000,0.000,174.3,0.0000,True,SUPERIOR WITHIN GUARDRAILS,0.25736
2032,Agriculture & Irrigation,greenhouse_co2_target,energy_facility_industrial,process_loop,irrigation,setpoint,SUPERIOR WITHIN GUARDRAILS,0.17196,0.15442,0.18949,0.00000,0.00000,-0.14639,0.000,0.000,180.7,0.0000,True,SUPERIOR WITHIN GUARDRAILS,0.22683
2033,Agriculture & Irrigation,vent_position_setpoint,energy_facility_industrial,process_loop,irrigation,setpoint,SUPERIOR WITHIN GUARDRAILS,0.16537,0.14802,0.18272,0.00000,0.00000,-0.14157,0.000,0.000,184.7,0.0000,True,SUPERIOR WITHIN GUARDRAILS,0.21820
2034,Agriculture & Irrigation,grain_dryer_temperature_setpoint,energy_facility_industrial,process_loop,irrigation,setpoint,SUPERIOR WITHIN GUARDRAILS,0.17481,0.15898,0.19063,0.00000,0.00000,-0.14853,0.000,0.000,181.7,0.0000,True,SUPERIOR WITHIN GUARDRAILS,0.23213
2035,Agriculture & Irrigation,cold_storage_temperature_setpoint,energy_facility_industrial,process_loop,irrigation,setpoint,SUPERIOR WITHIN GUARDRAILS,0.16872,0.14963,0.18780,0.00000,0.00000,-0.14396,0.000,0.000,173.0,0.0000,True,SUPERIOR WITHIN GUARDRAILS,0.22141
2036,Agriculture & Irrigation,barn_ventilation_rate,energy_facility_industrial,process_loop,irrigation,capacity,NONINFERIOR / INCONCLUSIVE,0.00000,0.00000,0.00000,0.00000,0.00000,0.00000,0.000,0.000,644.5,0.0000,True,,
2037,Agriculture & Irrigation,milking_vacuum_level_setpoint,energy_facility_industrial,process_loop,irrigation,setpoint,SUPERIOR WITHIN GUARDRAILS,0.16448,0.15051,0.17844,0.00000,0.00000,-0.14103,0.000,0.000,173.3,0.0000,True,SUPERIOR WITHIN GUARDRAILS,0.21539
2038,Agriculture & Irrigation,well_drawdown_level_target,energy_facility_industrial,process_loop,irrigation,setpoint,SUPERIOR WITHIN GUARDRAILS,0.18497,0.16786,0.20208,0.00000,0.00000,-0.15578,0.000,0.000,175.7,0.0000,True,SUPERIOR WITHIN GUARDRAILS,0.24447
2039,Agriculture & Irrigation,drip_zone_dispatch,energy_facility_industrial,process_loop,irrigation,admission,NONINFERIOR / INCONCLUSIVE,0.00000,0.00000,0.00000,0.00000,0.00000,0.00000,0.000,0.000,0.0,0.0000,True,,
2040,Oil & Gas Pipelines,compressor_discharge_pressure_setpoint,energy_facility_industrial,process_loop,pipeline,setpoint,SUPERIOR WITHIN GUARDRAILS,0.08267,0.07749,0.08785,0.00000,0.00000,-0.07632,0.000,0.000,185.2,0.0000,True,SUPERIOR WITHIN GUARDRAILS,0.11316
2041,Oil & Gas Pipelines,pump_station_suction_pressure_target,energy_facility_industrial,process_loop,pipeline,setpoint,SUPERIOR WITHIN GUARDRAILS,0.08164,0.07711,0.08618,0.00000,0.00000,-0.07545,0.000,0.000,184.0,0.0000,True,SUPERIOR WITHIN GUARDRAILS,0.11011
2042,Oil & Gas Pipelines,line_pack_target,energy_facility_industrial,process_loop,pipeline,setpoint,SUPERIOR WITHIN GUARDRAILS,0.07594,0.06978,0.08209,0.00000,0.00000,-0.07052,0.000,0.000,209.1,0.0000,True,SUPERIOR WITHIN GUARDRAILS,0.10604
2043,Oil & Gas Pipelines,pipeline_flow_setpoint,energy_facility_industrial,process_loop,pipeline,setpoint,SUPERIOR WITHIN GUARDRAILS,0.08150,0.07575,0.08725,0.00000,0.00000,-0.07531,0.000,0.000,178.3,0.0000,True,SUPERIOR WITHIN GUARDRAILS,0.11069
2044,Oil & Gas Pipelines,compressor_unit_staging,energy_facility_industrial,process_loop,pipeline,capacity,NONINFERIOR / INCONCLUSIVE,0.00000,0.00000,0.00000,0.00000,0.00000,0.00000,0.000,0.000,647.5,0.0000,True,,
2045,Oil & Gas Pipelines,vfd_pump_speed,energy_facility_industrial,process_loop,pipeline,capacity,NONINFERIOR / INCONCLUSIVE,0.00000,0.00000,0.00000,0.00000,0.00000,0.00000,0.000,0.000,646.1,0.0000,True,,
2046,Oil & Gas Pipelines,terminal_tank_level_target,energy_facility_industrial,process_loop,pipeline,setpoint,SUPERIOR WITHIN GUARDRAILS,0.07571,0.06964,0.08178,0.00000,0.00000,-0.07033,0.000,0.000,222.2,0.0000,True,SUPERIOR WITHIN GUARDRAILS,0.10657
2047,Oil & Gas Pipelines,leak_detection_shutdown,energy_facility_industrial,process_loop,pipeline,admission,NONINFERIOR / INCONCLUSIVE,0.00000,0.00000,0.00000,0.00000,0.00000,0.00000,0.000,0.000,0.0,0.0000,True,,
2048,Oil & Gas Pipelines,batch_interface_dispatch,energy_facility_industrial,process_loop,pipeline,admission,NONINFERIOR / INCONCLUSIVE,0.00000,0.00000,0.00000,0.00000,0.00000,0.00000,0.000,0.000,0.0,0.0000,True,,
2049,Oil & Gas Pipelines,heater_outlet_temperature_setpoint,energy_facility_industrial,process_loop,pipeline,setpoint,SUPERIOR WITHIN GUARDRAILS,0.07885,0.07371,0.08399,0.00000,0.00000,-0.07305,0.000,0.000,183.7,0.0000,True,SUPERIOR WITHIN GUARDRAILS,0.10619
2050,Oil & Gas Pipelines,drag_reducing_agent_dose,energy_facility_industrial,process_loop,pipeline,power,NONINFERIOR / INCONCLUSIVE,0.00000,0.00000,0.00000,0.00000,0.00000,0.00000,0.000,0.000,609.6,0.0000,True,,
2051,Oil & Gas Pipelines,valve_position_target,energy_facility_industrial,process_loop,pipeline,setpoint,SUPERIOR WITHIN GUARDRAILS,0.07978,0.07483,0.08473,0.00000,0.00000,-0.07385,0.000,0.000,187.4,0.0000,True,SUPERIOR WITHIN GUARDRAILS,0.10926
2052,Oil & Gas Pipelines,cathodic_protection_voltage,energy_facility_industrial,process_loop,pipeline,setpoint,SUPERIOR WITHIN GUARDRAILS,0.08160,0.07839,0.08481,0.00000,0.00000,-0.07543,0.000,0.000,183.3,0.0000,True,SUPERIOR WITHIN GUARDRAILS,0.11005
2053,Oil & Gas Pipelines,pressure_protection_priority,energy_facility_industrial,process_loop,pipeline,admission,NONINFERIOR / INCONCLUSIVE,0.00000,0.00000,0.00000,0.00000,0.00000,0.00000,0.000,0.000,0.0,0.0000,True,,
2054,Rail Traction & Train Control,traction_effort_limit,physics_robotics_autonomous,motion_axis,rail_traction,power,NONINFERIOR / INCONCLUSIVE,0.00000,0.00000,0.00000,0.00000,0.00000,0.00000,0.000,0.000,0.0,0.0531,True,,
2055,Rail Traction & Train Control,regenerative_braking_share,physics_robotics_autonomous,motion_axis,rail_traction,power,NONINFERIOR / INCONCLUSIVE,0.00000,0.00000,0.00000,0.00000,0.00000,0.00000,0.000,0.000,0.0,0.0756,True,,
2056,Rail Traction & Train Control,coasting_speed_target,physics_robotics_autonomous,motion_axis,rail_traction,capacity,NOT ESTABLISHED,0.27438,-0.05145,0.60022,-0.09000,-0.20898,-0.24734,2.583,5.654,85.5,0.0461,True,,
2057,Rail Traction & Train Control,dwell_time_schedule,physics_robotics_autonomous,motion_axis,rail_traction,admission,NONINFERIOR / INCONCLUSIVE,0.00000,0.00000,0.00000,0.00000,0.00000,0.00000,0.000,0.000,0.0,0.0764,True,,
2058,Rail Traction & Train Control,hvac_duty_cycle,physics_robotics_autonomous,motion_axis,rail_traction,power,NONINFERIOR / INCONCLUSIVE,0.00000,0.00000,0.00000,0.00000,0.00000,0.00000,0.000,0.000,0.0,0.1178,True,,
2059,Rail Traction & Train Control,train_auxiliary_power_budget,physics_robotics_autonomous,motion_axis,rail_traction,power,NONINFERIOR / INCONCLUSIVE,0.00000,0.00000,0.00000,0.00000,0.00000,0.00000,0.000,0.000,0.0,0.1261,True,,
2060,Rail Traction & Train Control,platform_approach_speed,physics_robotics_autonomous,motion_axis,rail_traction,capacity,NOT ESTABLISHED,0.07794,-0.13531,0.29120,-0.17333,-0.36827,-0.21014,2.722,7.201,109.2,0.0483,True,,
2061,Rail Traction & Train Control,acceleration_rate_setpoint,physics_robotics_autonomous,motion_axis,rail_traction,capacity,NOT ESTABLISHED,0.02589,-0.07096,0.12274,-0.09357,-0.16736,-0.11078,1.583,3.927,92.7,0.0333,True,,
2062,Rail Traction & Train Control,wheel_slip_protection_mode,physics_robotics_autonomous,motion_axis,rail_traction,admission,NONINFERIOR / INCONCLUSIVE,0.00000,0.00000,0.00000,0.00000,0.00000,0.00000,0.000,0.000,0.0,0.0097,True,,
2063,Rail Traction & Train Control,traction_motor_thermal_derate,physics_robotics_autonomous,motion_axis,rail_traction,power,NONINFERIOR / INCONCLUSIVE,0.00000,0.00000,0.00000,0.00000,0.00000,0.00000,0.000,0.000,0.0,0.1972,True,,
2064,Rail Traction & Train Control,catenary_voltage_limit,physics_robotics_autonomous,motion_axis,rail_traction,power,NONINFERIOR / INCONCLUSIVE,0.00000,0.00000,0.00000,0.00000,0.00000,0.00000,0.000,0.000,0.0,0.0797,True,,
2065,Rail Traction & Train Control,timetable_recovery_margin,physics_robotics_autonomous,motion_axis,rail_traction,admission,NONINFERIOR / INCONCLUSIVE,0.00000,0.00000,0.00000,0.00000,0.00000,0.00000,0.000,0.000,0.0,0.0344,True,,
2066,Rail Traction & Train Control,headway_target,physics_robotics_autonomous,motion_axis,rail_traction,capacity,ENERGY IMPROVEMENT WITH SERVICE TRADEOFF,0.15089,0.01644,0.28533,-0.01667,-0.05437,-0.12924,0.194,0.634,92.0,0.0072,True,,
2067,Rail Traction & Train Control,door_release_hold,physics_robotics_autonomous,motion_axis,rail_traction,admission,NONINFERIOR / INCONCLUSIVE,0.00000,0.00000,0.00000,0.00000,0.00000,0.00000,0.000,0.000,0.0,0.0011,True,,
2068,Marine Propulsion & Vessel Automation,shaft_speed_target,physics_robotics_autonomous,motion_axis,marine_propulsion,capacity,NONINFERIOR / INCONCLUSIVE,0.02078,-0.00656,0.04812,0.00000,0.00000,-0.01915,0.000,0.000,179.1,0.0000,True,,
2069,Marine Propulsion & Vessel Automation,propeller_pitch_limit,physics_robotics_autonomous,motion_axis,marine_propulsion,power,NONINFERIOR / INCONCLUSIVE,0.00000,0.00000,0.00000,0.00000,0.00000,0.00000,0.000,0.000,0.0,0.0000,True,,
2070,Marine Propulsion & Vessel Automation,shaft_power_limit,physics_robotics_autonomous,motion_axis,marine_propulsion,power,NONINFERIOR / INCONCLUSIVE,0.00000,0.00000,0.00000,0.00000,0.00000,0.00000,0.000,0.000,0.0,0.0000,True,,
2071,Marine Propulsion & Vessel Automation,bow_thruster_duty,physics_robotics_autonomous,motion_axis,marine_propulsion,power,NONINFERIOR / INCONCLUSIVE,0.00000,0.00000,0.00000,0.00000,0.00000,0.00000,0.000,0.000,0.0,0.0000,True,,
2072,Marine Propulsion & Vessel Automation,ballast_pump_mode,physics_robotics_autonomous,motion_axis,marine_propulsion,admission,NONINFERIOR / INCONCLUSIVE,0.00000,0.00000,0.00000,0.00000,0.00000,0.00000,0.000,0.000,0.0,0.0000,True,,
2073,Marine Propulsion & Vessel Automation,engine_load_sharing_setpoint,physics_robotics_autonomous,motion_axis,marine_propulsion,capacity,NOT ESTABLISHED,-0.01052,-0.07384,0.05280,-0.02500,-0.08155,-0.01361,0.000,0.000,190.0,0.0000,True,,
2074,Marine Propulsion & Vessel Automation,slow_steaming_speed_target,physics_robotics_autonomous,motion_axis,marine_propulsion,capacity,SUPERIOR WITHIN GUARDRAILS,0.01588,0.00341,0.02835,0.00000,0.00000,-0.01537,0.000,0.000,193.8,0.0000,True,,
2075,Marine Propulsion & Vessel Automation,auxiliary_engine_staging,physics_robotics_autonomous,motion_axis,marine_propulsion,capacity,NONINFERIOR / INCONCLUSIVE,0.01665,-0.01188,0.04518,0.00000,0.00000,-0.01500,0.000,0.000,163.5,0.0000,True,,
2076,Marine Propulsion & Vessel Automation,shore_power_mode,physics_robotics_autonomous,motion_axis,marine_propulsion,admission,NONINFERIOR / INCONCLUSIVE,0.00000,0.00000,0.00000,0.00000,0.00000,0.00000,0.000,0.000,0.0,0.0000,True,,
2077,Marine Propulsion & Vessel Automation,hotel_load_budget,physics_robotics_autonomous,motion_axis,marine_propulsion,power,NONINFERIOR / INCONCLUSIVE,0.00000,0.00000,0.00000,0.00000,0.00000,0.00000,0.000,0.000,0.0,0.0000,True,,
2078,Marine Propulsion & Vessel Automation,trim_target,physics_robotics_autonomous,motion_axis,marine_propulsion,capacity,NOT ESTABLISHED,-0.01259,-0.06058,0.03539,-0.02000,-0.06524,-0.00661,0.000,0.000,159.8,0.0000,True,,
2079,Marine Propulsion & Vessel Automation,rudder_rate_limit,physics_robotics_autonomous,motion_axis,marine_propulsion,power,NONINFERIOR / INCONCLUSIVE,0.00000,0.00000,0.00000,0.00000,0.00000,0.00000,0.000,0.000,0.0,0.0000,True,,
2080,Ports & Maritime Logistics,quay_crane_allocation,distribution_specialized,compute_pool,port,capacity,NONINFERIOR / INCONCLUSIVE,0.00000,0.00000,0.00000,0.00000,0.00000,0.00000,0.000,0.000,0.0,0.0000,True,,
2081,Ports & Maritime Logistics,yard_crane_fleet_size,distribution_specialized,compute_pool,port,capacity,NONINFERIOR / INCONCLUSIVE,0.00000,0.00000,0.00000,0.00000,0.00000,0.00000,0.000,0.000,0.0,0.0000,True,,
2082,Ports & Maritime Logistics,berth_window_admission,distribution_specialized,compute_pool,port,admission,NONINFERIOR / INCONCLUSIVE,0.00000,0.00000,0.00000,0.00000,0.00000,0.00000,0.000,0.000,0.0,0.0000,True,,
2083,Ports & Maritime Logistics,truck_gate_rate_limit,distribution_specialized,compute_pool,port,admission,NONINFERIOR / INCONCLUSIVE,0.00000,0.00000,0.00000,0.00000,0.00000,0.00000,0.000,0.000,0.0,0.0000,True,,
2084,Ports & Maritime Logistics,horizontal_transport_fleet_size,distribution_specialized,compute_pool,port,capacity,NONINFERIOR / INCONCLUSIVE,0.00000,0.00000,0.00000,0.00000,0.00000,0.00000,0.000,0.000,0.0,0.0000,True,,
2085,Ports & Maritime Logistics,reefer_plug_power_budget,distribution_specialized,compute_pool,port,power,SUPERIOR WITHIN GUARDRAILS,0.04466,0.03907,0.05026,0.00000,-0.00000,-0.04271,0.000,0.000,618.8,0.0000,True,,
2086,Ports & Maritime Logistics,shore_power_connection_capacity,distribution_specialized,compute_pool,port,capacity,NONINFERIOR / INCONCLUSIVE,0.00000,0.00000,0.00000,0.00000,0.00000,0.00000,0.000,0.000,0.0,0.0000,True,,
2087,Ports & Maritime Logistics,rail_mounted_gantry_dispatch,distribution_specialized,compute_pool,port,capacity,NONINFERIOR / INCONCLUSIVE,0.00000,0.00000,0.00000,0.00000,0.00000,0.00000,0.000,0.000,0.0,0.0000,True,,
2088,Ports & Maritime Logistics,container_dwell_priority,distribution_specialized,compute_pool,port,admission,NONINFERIOR / INCONCLUSIVE,0.00000,0.00000,0.00000,0.00000,0.00000,0.00000,0.000,0.000,0.0,0.0000,True,,
2089,Ports & Maritime Logistics,vessel_arrival_pacing,distribution_specialized,compute_pool,port,admission,NONINFERIOR / INCONCLUSIVE,0.00000,0.00000,0.00000,0.00000,0.00000,0.00000,0.000,0.000,0.0,0.0000,True,,
2090,Ports & Maritime Logistics,stacking_height_target,distribution_specialized,compute_pool,port,setpoint,NONINFERIOR / INCONCLUSIVE,0.00000,0.00000,0.00000,0.00000,0.00000,0.00000,0.000,0.000,0.0,0.0000,True,ENERGY IMPROVEMENT WITH SERVICE TRADEOFF,0.07664
2091,Ports & Maritime Logistics,equipment_charging_window,distribution_specialized,compute_pool,port,admission,NONINFERIOR / INCONCLUSIVE,0.00000,0.00000,0.00000,0.00000,0.00000,0.00000,0.000,0.000,0.0,0.0000,True,,
2092,Mining & Mineral Processing,sag_mill_load_setpoint,energy_facility_industrial,process_loop,mill,setpoint,NONINFERIOR / INCONCLUSIVE,0.00781,-0.00189,0.01750,0.00000,0.00000,-0.00759,0.000,0.000,342.0,0.0000,True,SUPERIOR WITHIN GUARDRAILS,0.10003
2093,Mining & Mineral Processing,mill_speed_target,energy_facility_industrial,process_loop,mill,setpoint,SUPERIOR WITHIN GUARDRAILS,0.02124,0.00190,0.04058,0.00000,0.00000,-0.02019,0.000,0.000,368.0,0.0000,True,SUPERIOR WITHIN GUARDRAILS,0.10257
2094,Mining & Mineral Processing,crusher_gap_setpoint,energy_facility_industrial,process_loop,mill,setpoint,SUPERIOR WITHIN GUARDRAILS,0.01930,0.00021,0.03839,0.00000,0.00000,-0.01834,0.000,0.000,311.8,0.0000,True,SUPERIOR WITHIN GUARDRAILS,0.10177
2095,Mining & Mineral Processing,flotation_aeration_rate,energy_facility_industrial,process_loop,mill,power,NONINFERIOR / INCONCLUSIVE,0.00000,0.00000,0.00000,0.00000,0.00000,0.00000,0.000,0.000,394.0,0.0000,True,,
2096,Mining & Mineral Processing,cyclone_feed_pressure_target,energy_facility_industrial,process_loop,mill,setpoint,SUPERIOR WITHIN GUARDRAILS,0.02513,0.00194,0.04832,0.00000,0.00000,-0.02365,0.000,0.000,371.4,0.0000,True,SUPERIOR WITHIN GUARDRAILS,0.10360
2097,Mining & Mineral Processing,thickener_underflow_density_target,energy_facility_industrial,process_loop,mill,setpoint,NONINFERIOR / INCONCLUSIVE,0.00729,-0.00890,0.02348,0.00000,0.00000,-0.00681,0.000,0.000,156.3,0.0000,True,SUPERIOR WITHIN GUARDRAILS,0.09705
2098,Mining & Mineral Processing,reagent_dose,energy_facility_industrial,process_loop,mill,power,NONINFERIOR / INCONCLUSIVE,0.00000,0.00000,0.00000,0.00000,0.00000,0.00000,0.000,0.000,419.5,0.0000,True,,
2099,Mining & Mineral Processing,conveyor_speed_setpoint,energy_facility_industrial,process_loop,mill,setpoint,NONINFERIOR / INCONCLUSIVE,0.01750,-0.00174,0.03674,0.00000,0.00000,-0.01660,0.000,0.000,319.2,0.0000,True,SUPERIOR WITHIN GUARDRAILS,0.10144
2100,Mining & Mineral Processing,dewatering_pump_level_target,energy_facility_industrial,process_loop,mill,setpoint,SUPERIOR WITHIN GUARDRAILS,0.02955,0.00854,0.05055,0.00000,0.00000,-0.02799,0.000,0.000,414.8,0.0000,True,SUPERIOR WITHIN GUARDRAILS,0.10469
2101,Mining & Mineral Processing,ventilation_on_demand_airflow,energy_facility_industrial,process_loop,mill,capacity,NONINFERIOR / INCONCLUSIVE,0.00000,0.00000,0.00000,0.00000,0.00000,0.00000,0.000,0.000,374.8,0.0000,True,,
2102,Mining & Mineral Processing,stockpile_level_target,energy_facility_industrial,process_loop,mill,setpoint,SUPERIOR WITHIN GUARDRAILS,0.01926,0.00233,0.03619,0.00000,0.00000,-0.01842,0.000,0.000,359.2,0.0000,True,SUPERIOR WITHIN GUARDRAILS,0.10157
2103,Mining & Mineral Processing,slurry_pump_speed,energy_facility_industrial,process_loop,mill,capacity,NONINFERIOR / INCONCLUSIVE,0.00000,0.00000,0.00000,0.00000,0.00000,0.00000,0.000,0.000,478.3,0.0000,True,,
2104,Mining & Mineral Processing,tailings_discharge_shutdown,energy_facility_industrial,process_loop,mill,admission,NONINFERIOR / INCONCLUSIVE,0.00000,0.00000,0.00000,0.00000,0.00000,0.00000,0.000,0.000,0.0,0.0000,True,,
2105,Mining & Mineral Processing,ore_blend_dispatch,energy_facility_industrial,process_loop,mill,admission,NONINFERIOR / INCONCLUSIVE,0.00000,0.00000,0.00000,0.00000,0.00000,0.00000,0.000,0.000,0.0,0.0000,True,,
2106,District Heating & Cooling,supply_temperature_setpoint,energy_facility_industrial,process_loop,district_heat,setpoint,SUPERIOR WITHIN GUARDRAILS,0.04344,0.01177,0.07511,0.00000,0.00000,-0.04010,0.000,0.000,192.0,0.0000,True,ENERGY IMPROVEMENT WITH SERVICE TRADEOFF,0.13103
2107,District Heating & Cooling,return_temperature_target,energy_facility_industrial,process_loop,district_heat,setpoint,ENERGY IMPROVEMENT WITH SERVICE TRADEOFF,0.05146,0.02488,0.07803,-0.00022,-0.00072,-0.04807,0.042,0.136,257.8,0.0000,True,ENERGY IMPROVEMENT WITH SERVICE TRADEOFF,0.14100
2108,District Heating & Cooling,differential_pressure_setpoint,energy_facility_industrial,process_loop,district_heat,setpoint,ENERGY IMPROVEMENT WITH SERVICE TRADEOFF,0.03745,0.00618,0.06872,-0.00060,-0.00197,-0.03516,0.056,0.181,205.9,0.0000,True,ENERGY IMPROVEMENT WITH SERVICE TRADEOFF,0.10891
2109,District Heating & Cooling,network_pump_speed,energy_facility_industrial,process_loop,district_heat,capacity,NONINFERIOR / INCONCLUSIVE,0.00000,0.00000,0.00000,0.00000,0.00000,0.00000,0.000,0.000,387.3,0.0000,True,,
2110,District Heating & Cooling,heat_pump_staging,energy_facility_industrial,process_loop,district_heat,capacity,NONINFERIOR / INCONCLUSIVE,0.00000,0.00000,0.00000,0.00000,0.00000,0.00000,0.000,0.000,357.5,0.0000,True,,
2111,District Heating & Cooling,chp_dispatch,energy_facility_industrial,process_loop,district_heat,admission,NONINFERIOR / INCONCLUSIVE,0.00000,0.00000,0.00000,0.00000,0.00000,0.00000,0.000,0.000,0.0,0.0000,True,,
2112,District Heating & Cooling,thermal_storage_level_target,energy_facility_industrial,process_loop,district_heat,setpoint,ENERGY IMPROVEMENT WITH SERVICE TRADEOFF,0.03884,0.01082,0.06686,-0.00029,-0.00096,-0.03647,0.056,0.181,220.5,0.0000,True,ENERGY IMPROVEMENT WITH SERVICE TRADEOFF,0.11218
2113,District Heating & Cooling,peak_boiler_heater_output,energy_facility_industrial,process_loop,district_heat,power,NONINFERIOR / INCONCLUSIVE,0.00000,0.00000,0.00000,0.00000,0.00000,0.00000,0.000,0.000,322.8,0.0000,True,,
2114,District Heating & Cooling,substation_flow_limit,energy_facility_industrial,process_loop,district_heat,capacity,NONINFERIOR / INCONCLUSIVE,0.00000,0.00000,0.00000,0.00000,0.00000,0.00000,0.000,0.000,342.2,0.0000,True,,
2115,District Heating & Cooling,peak_demand_shed,energy_facility_industrial,process_loop,district_heat,admission,NONINFERIOR / INCONCLUSIVE,0.00000,0.00000,0.00000,0.00000,0.00000,0.00000,0.000,0.000,0.0,0.0000,True,,
2116,District Heating & Cooling,outdoor_reset_setpoint,energy_facility_industrial,process_loop,district_heat,setpoint,SUPERIOR WITHIN GUARDRAILS,0.04000,0.00812,0.07187,0.00000,0.00000,-0.03691,0.000,0.000,191.3,0.0000,True,ENERGY IMPROVEMENT WITH SERVICE TRADEOFF,0.12866
2117,District Heating & Cooling,cooling_network_supply_temperature,energy_facility_industrial,process_loop,district_heat,setpoint,SUPERIOR WITHIN GUARDRAILS,0.05776,0.02495,0.09058,0.00000,0.00000,-0.05299,0.000,0.000,213.1,0.0000,True,ENERGY IMPROVEMENT WITH SERVICE TRADEOFF,0.14441
2118,District Heating & Cooling,cooling_storage_level_target,energy_facility_industrial,process_loop,district_heat,setpoint,ENERGY IMPROVEMENT WITH SERVICE TRADEOFF,0.03471,0.00513,0.06430,-0.00112,-0.00282,-0.03324,0.097,0.246,172.8,0.0000,True,ENERGY IMPROVEMENT WITH SERVICE TRADEOFF,0.12455
2119,Power Generation & Turbine Control,turbine_speed_droop_setpoint,energy_facility_industrial,process_loop,turbine,setpoint,SUPERIOR WITHIN GUARDRAILS,0.01226,0.00573,0.01879,0.00000,0.00000,-0.01204,0.000,0.000,371.2,0.0000,True,ENERGY IMPROVEMENT WITH SERVICE TRADEOFF,0.02630
2120,Power Generation & Turbine Control,unit_load_setpoint,energy_facility_industrial,process_loop,turbine,setpoint,SUPERIOR WITHIN GUARDRAILS,0.01217,0.00600,0.01833,0.00000,0.00000,-0.01195,0.000,0.000,385.7,0.0000,True,ENERGY IMPROVEMENT WITH SERVICE TRADEOFF,0.02616
2121,Power Generation & Turbine Control,boiler_steam_pressure_setpoint,energy_facility_industrial,process_loop,turbine,setpoint,SUPERIOR WITHIN GUARDRAILS,0.00742,0.00213,0.01271,0.00000,0.00000,-0.00732,0.000,0.000,539.5,0.0000,True,SUPERIOR WITHIN GUARDRAILS,0.02583
2122,Power Generation & Turbine Control,feedwater_level_target,energy_facility_industrial,process_loop,turbine,setpoint,SUPERIOR WITHIN GUARDRAILS,0.01142,0.00538,0.01745,0.00000,0.00000,-0.01123,0.000,0.000,421.2,0.0000,True,ENERGY IMPROVEMENT WITH SERVICE TRADEOFF,0.02605
2123,Power Generation & Turbine Control,agc_participation_limit,energy_facility_industrial,process_loop,turbine,capacity,NONINFERIOR / INCONCLUSIVE,0.00000,0.00000,0.00000,0.00000,0.00000,0.00000,0.000,0.000,535.6,0.0000,True,,
2124,Power Generation & Turbine Control,excitation_voltage_setpoint,energy_facility_industrial,process_loop,turbine,setpoint,SUPERIOR WITHIN GUARDRAILS,0.00862,0.00235,0.01489,0.00000,0.00000,-0.00848,0.000,0.000,411.5,0.0000,True,ENERGY IMPROVEMENT WITH SERVICE TRADEOFF,0.02536
2125,Power Generation & Turbine Control,hydro_gate_position_target,energy_facility_industrial,process_loop,turbine,setpoint,SUPERIOR WITHIN GUARDRAILS,0.00794,0.00175,0.01414,0.00000,0.00000,-0.00782,0.000,0.000,390.0,0.0000,True,ENERGY IMPROVEMENT WITH SERVICE TRADEOFF,0.02501
2126,Power Generation & Turbine Control,combustion_air_ratio_setpoint,energy_facility_industrial,process_loop,turbine,setpoint,SUPERIOR WITHIN GUARDRAILS,0.01762,0.01590,0.01934,0.00000,0.00000,-0.01731,0.000,0.000,348.4,0.0000,True,SUPERIOR WITHIN GUARDRAILS,0.02725
2127,Power Generation & Turbine Control,cooling_water_flow_setpoint,energy_facility_industrial,process_loop,turbine,setpoint,SUPERIOR WITHIN GUARDRAILS,0.01151,0.00532,0.01770,0.00000,0.00000,-0.01132,0.000,0.000,430.8,0.0000,True,SUPERIOR WITHIN GUARDRAILS,0.02660
2128,Power Generation & Turbine Control,inlet_guide_vane_position,energy_facility_industrial,process_loop,turbine,setpoint,SUPERIOR WITHIN GUARDRAILS,0.01102,0.00372,0.01831,0.00000,0.00000,-0.01081,0.000,0.000,343.5,0.0000,True,ENERGY IMPROVEMENT WITH SERVICE TRADEOFF,0.02626
2129,Power Generation & Turbine Control,reserve_dispatch_priority,energy_facility_industrial,process_loop,turbine,admission,NONINFERIOR / INCONCLUSIVE,0.00000,0.00000,0.00000,0.00000,0.00000,0.00000,0.000,0.000,0.0,0.0000,True,,
2130,Power Generation & Turbine Control,turbine_ramp_rate_limit,energy_facility_industrial,process_loop,turbine,capacity,NONINFERIOR / INCONCLUSIVE,0.00000,0.00000,0.00000,0.00000,0.00000,0.00000,0.000,0.000,552.6,0.0000,True,,
2131,Power Generation & Turbine Control,emissions_shutdown,energy_facility_industrial,process_loop,turbine,admission,NONINFERIOR / INCONCLUSIVE,0.00000,0.00000,0.00000,0.00000,0.00000,0.00000,0.000,0.000,0.0,0.0000,True,,
2132,Power Generation & Turbine Control,nuclear_rod_position_target,energy_facility_industrial,process_loop,turbine,setpoint,SUPERIOR WITHIN GUARDRAILS,0.01136,0.00525,0.01747,0.00000,0.00000,-0.01117,0.000,0.000,415.0,0.0000,True,ENERGY IMPROVEMENT WITH SERVICE TRADEOFF,0.02583
2133,Renewable Generation & Inverter Control,inverter_volt_var_setpoint,energy_facility_industrial,process_loop,inverter,setpoint,NONINFERIOR / INCONCLUSIVE,0.00002,-0.00000,0.00003,0.00000,0.00000,-0.00002,0.000,0.000,94.2,0.0056,True,ENERGY IMPROVEMENT WITH SERVICE TRADEOFF,0.01934
2134,Renewable Generation & Inverter Control,inverter_volt_watt_setpoint,energy_facility_industrial,process_loop,inverter,setpoint,NONINFERIOR / INCONCLUSIVE,0.00001,-0.00000,0.00003,0.00000,0.00000,-0.00001,0.000,0.000,75.7,0.0015,True,ENERGY IMPROVEMENT WITH SERVICE TRADEOFF,0.01882
2135,Renewable Generation & Inverter Control,active_power_curtailment,energy_facility_industrial,process_loop,inverter,power,NONINFERIOR / INCONCLUSIVE,0.00000,0.00000,0.00000,0.00000,0.00000,0.00000,0.000,0.000,130.2,0.0006,True,,
2136,Renewable Generation & Inverter Control,plant_reactive_power_target,energy_facility_industrial,process_loop,inverter,setpoint,NONINFERIOR / INCONCLUSIVE,0.00001,-0.00001,0.00002,0.00000,0.00000,-0.00001,0.000,0.000,52.7,0.0039,True,ENERGY IMPROVEMENT WITH SERVICE TRADEOFF,0.01836
2137,Renewable Generation & Inverter Control,wind_turbine_yaw_offset,energy_facility_industrial,process_loop,inverter,capacity,NONINFERIOR / INCONCLUSIVE,0.00000,0.00000,0.00000,0.00000,0.00000,0.00000,0.000,0.000,145.4,0.0011,True,,
2138,Renewable Generation & Inverter Control,pitch_angle_limit,energy_facility_industrial,process_loop,inverter,capacity,NONINFERIOR / INCONCLUSIVE,0.00000,0.00000,0.00000,0.00000,0.00000,0.00000,0.000,0.000,79.6,0.0043,True,,
2139,Renewable Generation & Inverter Control,rotor_speed_setpoint,energy_facility_industrial,process_loop,inverter,setpoint,SUPERIOR WITHIN GUARDRAILS,0.00003,0.00000,0.00005,0.00000,0.00000,-0.00003,0.000,0.000,125.2,0.0007,True,ENERGY IMPROVEMENT WITH SERVICE TRADEOFF,0.02029
2140,Renewable Generation & Inverter Control,inverter_frequency_droop_setpoint,energy_facility_industrial,process_loop,inverter,setpoint,NONINFERIOR / INCONCLUSIVE,0.00002,-0.00000,0.00004,0.00000,0.00000,-0.00002,0.000,0.000,102.0,0.0011,True,ENERGY IMPROVEMENT WITH SERVICE TRADEOFF,0.01997
2141,Renewable Generation & Inverter Control,ramp_rate_limit,energy_facility_industrial,process_loop,inverter,capacity,NONINFERIOR / INCONCLUSIVE,0.00000,0.00000,0.00000,0.00000,0.00000,0.00000,0.000,0.000,78.1,0.0054,True,,
2142,Renewable Generation & Inverter Control,tracker_stow_mode,energy_facility_industrial,process_loop,inverter,admission,NONINFERIOR / INCONCLUSIVE,0.00000,0.00000,0.00000,0.00000,0.00000,0.00000,0.000,0.000,0.0,0.0003,True,,
2143,Renewable Generation & Inverter Control,string_mppt_voltage_setpoint,energy_facility_industrial,process_loop,inverter,setpoint,SUPERIOR WITHIN GUARDRAILS,0.00003,0.00000,0.00006,0.00000,0.00000,-0.00003,0.000,0.000,149.1,0.0008,True,ENERGY IMPROVEMENT WITH SERVICE TRADEOFF,0.02089
2144,Renewable Generation & Inverter Control,noise_mode_schedule,energy_facility_industrial,process_loop,inverter,admission,NONINFERIOR / INCONCLUSIVE,0.00000,0.00000,0.00000,0.00000,0.00000,0.00000,0.000,0.000,0.0,0.0049,True,,
2145,Renewable Generation & Inverter Control,ice_detection_shutdown,energy_facility_industrial,process_loop,inverter,admission,NONINFERIOR / INCONCLUSIVE,0.00000,0.00000,0.00000,0.00000,0.00000,0.00000,0.000,0.000,0.0,0.0049,True,,
2146,Elevators & Vertical Transport,hoist_speed_target,physics_robotics_autonomous,motion_axis,elevator_hoist,capacity,NOT ESTABLISHED,-0.01628,-0.07647,0.04392,-0.02500,-0.08155,-0.00828,0.000,0.000,190.4,0.0000,True,,
2147,Elevators & Vertical Transport,acceleration_limit,physics_robotics_autonomous,motion_axis,elevator_hoist,capacity,NOT ESTABLISHED,0.00210,-0.00460,0.00880,-0.00714,-0.02330,-0.00931,0.000,0.000,111.8,0.0425,True,,
2148,Elevators & Vertical Transport,regen_drive_mode,physics_robotics_autonomous,motion_axis,elevator_hoist,power,NONINFERIOR / INCONCLUSIVE,0.00000,0.00000,0.00000,0.00000,0.00000,0.00000,0.000,0.000,0.0,0.0000,True,,
2149,Elevators & Vertical Transport,standby_power_mode,physics_robotics_autonomous,motion_axis,elevator_hoist,admission,NONINFERIOR / INCONCLUSIVE,0.00000,0.00000,0.00000,0.00000,0.00000,0.00000,0.000,0.000,0.0,0.0239,True,,
2150,Elevators & Vertical Transport,destination_dispatch_schedule,physics_robotics_autonomous,motion_axis,elevator_hoist,admission,NONINFERIOR / INCONCLUSIVE,0.00000,0.00000,0.00000,0.00000,0.00000,0.00000,0.000,0.000,0.0,0.0014,True,,
2151,Elevators & Vertical Transport,car_parking_mode,physics_robotics_autonomous,motion_axis,elevator_hoist,admission,NONINFERIOR / INCONCLUSIVE,0.00000,0.00000,0.00000,0.00000,0.00000,0.00000,0.000,0.000,0.0,0.0019,True,,
2152,Elevators & Vertical Transport,door_dwell_hold,physics_robotics_autonomous,motion_axis,elevator_hoist,admission,NONINFERIOR / INCONCLUSIVE,0.00000,0.00000,0.00000,0.00000,0.00000,0.00000,0.000,0.000,0.0,0.0000,True,,
2153,Elevators & Vertical Transport,escalator_speed_target,physics_robotics_autonomous,motion_axis,elevator_hoist,capacity,NONINFERIOR / INCONCLUSIVE,0.00367,-0.00553,0.01287,0.00000,0.00000,-0.00351,0.000,0.000,163.4,0.0000,True,,
2154,Elevators & Vertical Transport,group_capacity_mode,physics_robotics_autonomous,motion_axis,elevator_hoist,admission,NONINFERIOR / INCONCLUSIVE,0.00000,0.00000,0.00000,0.00000,0.00000,0.00000,0.000,0.000,0.0,0.0000,True,,
2155,Elevators & Vertical Transport,motor_thermal_derate,physics_robotics_autonomous,motion_axis,elevator_hoist,power,NONINFERIOR / INCONCLUSIVE,0.00000,0.00000,0.00000,0.00000,0.00000,0.00000,0.000,0.000,0.0,0.0000,True,,
2156,Elevators & Vertical Transport,brake_test_schedule,physics_robotics_autonomous,motion_axis,elevator_hoist,admission,NONINFERIOR / INCONCLUSIVE,0.00000,0.00000,0.00000,0.00000,0.00000,0.00000,0.000,0.000,0.0,0.0000,True,,
2157,Elevators & Vertical Transport,fire_recall_mode,physics_robotics_autonomous,motion_axis,elevator_hoist,admission,NONINFERIOR / INCONCLUSIVE,0.00000,0.00000,0.00000,0.00000,0.00000,0.00000,0.000,0.000,0.0,0.0000,True,,
2158,Pharmaceutical & Food Manufacturing,reactor_temperature_setpoint,energy_facility_industrial,process_loop,batch_reactor,setpoint,SUPERIOR WITHIN GUARDRAILS,0.01086,0.01068,0.01104,0.00000,0.00000,-0.01074,0.000,0.000,121.0,0.0000,True,SUPERIOR WITHIN GUARDRAILS,0.01436
2159,Pharmaceutical & Food Manufacturing,agitator_speed_setpoint,energy_facility_industrial,process_loop,batch_reactor,setpoint,SUPERIOR WITHIN GUARDRAILS,0.01091,0.01075,0.01107,0.00000,0.00000,-0.01079,0.000,0.000,122.2,0.0000,True,SUPERIOR WITHIN GUARDRAILS,0.01444
2160,Pharmaceutical & Food Manufacturing,fermenter_dissolved_oxygen_target,energy_facility_industrial,process_loop,batch_reactor,setpoint,SUPERIOR WITHIN GUARDRAILS,0.01094,0.01079,0.01109,0.00000,0.00000,-0.01082,0.000,0.000,120.9,0.0000,True,SUPERIOR WITHIN GUARDRAILS,0.01444
2161,Pharmaceutical & Food Manufacturing,ph_setpoint,energy_facility_industrial,process_loop,batch_reactor,setpoint,SUPERIOR WITHIN GUARDRAILS,0.01089,0.01073,0.01104,0.00000,0.00000,-0.01077,0.000,0.000,123.3,0.0000,True,SUPERIOR WITHIN GUARDRAILS,0.01444
2162,Pharmaceutical & Food Manufacturing,pasteurizer_holding_temperature_setpoint,energy_facility_industrial,process_loop,batch_reactor,setpoint,SUPERIOR WITHIN GUARDRAILS,0.01100,0.01086,0.01114,0.00000,0.00000,-0.01088,0.000,0.000,125.8,0.0000,True,SUPERIOR WITHIN GUARDRAILS,0.01462
2163,Pharmaceutical & Food Manufacturing,freezer_tunnel_temperature_setpoint,energy_facility_industrial,process_loop,batch_reactor,setpoint,SUPERIOR WITHIN GUARDRAILS,0.01095,0.01084,0.01107,0.00000,0.00000,-0.01084,0.000,0.000,123.3,0.0000,True,SUPERIOR WITHIN GUARDRAILS,0.01452
2164,Pharmaceutical & Food Manufacturing,cip_cycle_dispatch,energy_facility_industrial,process_loop,batch_reactor,admission,NONINFERIOR / INCONCLUSIVE,0.00000,0.00000,0.00000,0.00000,0.00000,0.00000,0.000,0.000,0.0,0.0000,True,,
2165,Pharmaceutical & Food Manufacturing,cleanroom_pressure_cascade_setpoint,energy_facility_industrial,process_loop,batch_reactor,setpoint,SUPERIOR WITHIN GUARDRAILS,0.01091,0.01075,0.01108,0.00000,0.00000,-0.01080,0.000,0.000,125.0,0.0000,True,SUPERIOR WITHIN GUARDRAILS,0.01450
2166,Pharmaceutical & Food Manufacturing,lyophilizer_shelf_temperature_setpoint,energy_facility_industrial,process_loop,batch_reactor,setpoint,SUPERIOR WITHIN GUARDRAILS,0.01087,0.01070,0.01104,0.00000,0.00000,-0.01075,0.000,0.000,123.7,0.0000,True,SUPERIOR WITHIN GUARDRAILS,0.01442
2167,Pharmaceutical & Food Manufacturing,chromatography_flow_setpoint,energy_facility_industrial,process_loop,batch_reactor,setpoint,SUPERIOR WITHIN GUARDRAILS,0.01104,0.01091,0.01118,0.00000,0.00000,-0.01092,0.000,0.000,126.8,0.0000,True,SUPERIOR WITHIN GUARDRAILS,0.01470
2168,Pharmaceutical & Food Manufacturing,steam_sterilizer_cycle_priority,energy_facility_industrial,process_loop,batch_reactor,admission,NONINFERIOR / INCONCLUSIVE,0.00000,0.00000,0.00000,0.00000,0.00000,0.00000,0.000,0.000,0.0,0.0000,True,,
2169,Pharmaceutical & Food Manufacturing,oven_zone_temperature_setpoint,energy_facility_industrial,process_loop,batch_reactor,setpoint,SUPERIOR WITHIN GUARDRAILS,0.01097,0.01084,0.01110,0.00000,0.00000,-0.01085,0.000,0.000,122.7,0.0000,True,SUPERIOR WITHIN GUARDRAILS,0.01452
2170,Pharmaceutical & Food Manufacturing,refrigerant_compressor_authority,energy_facility_industrial,process_loop,batch_reactor,admission,NONINFERIOR / INCONCLUSIVE,0.00000,0.00000,0.00000,0.00000,0.00000,0.00000,0.000,0.000,0.0,0.0000,True,,
2171,Pharmaceutical & Food Manufacturing,batch_hold_quarantine,energy_facility_industrial,process_loop,batch_reactor,admission,NONINFERIOR / INCONCLUSIVE,0.00000,0.00000,0.00000,0.00000,0.00000,0.00000,0.000,0.000,0.0,0.0000,True,,
