muscle_id,family,muscle,realm,template,preset,knob,label,primary,primary_lo,primary_hi,work,work_lo,energy,viol_pp,viol_pp_hi,writes_per_run,native_viol_share,valid,fixed_calm_label,fixed_calm_primary
161,AI Inference Serving,model_replicas,compute_ai_cloud,compute_pool,gpu,capacity,NONINFERIOR / INCONCLUSIVE,0.00000,0.00000,0.00000,0.00000,0.00000,0.00000,0.000,0.000,1.2,0.0363,True,,
162,AI Inference Serving,model_route_weight,compute_ai_cloud,compute_pool,gpu,setpoint,NONINFERIOR / INCONCLUSIVE,-0.00000,-0.00001,0.00001,0.00000,0.00000,0.00000,0.000,0.000,1.2,0.0332,True,ENERGY IMPROVEMENT WITH SERVICE TRADEOFF,0.16695
163,AI Inference Serving,model_load,compute_ai_cloud,compute_pool,gpu,capacity,NONINFERIOR / INCONCLUSIVE,-0.00002,-0.00004,0.00001,0.00000,0.00000,0.00002,0.000,0.000,2.0,0.0219,True,,
164,AI Inference Serving,model_unload,compute_ai_cloud,compute_pool,gpu,capacity,NONINFERIOR / INCONCLUSIVE,0.00000,0.00000,0.00000,0.00000,0.00000,0.00000,0.000,0.000,1.6,0.0174,True,,
165,AI Inference Serving,model_instance_count,compute_ai_cloud,compute_pool,gpu,capacity,NONINFERIOR / INCONCLUSIVE,-0.00001,-0.00003,0.00001,0.00000,0.00000,0.00001,0.000,0.000,1.6,0.0401,True,,
166,AI Inference Serving,continuous_batching,compute_ai_cloud,compute_pool,gpu,capacity,NONINFERIOR / INCONCLUSIVE,0.00000,0.00000,0.00000,0.00000,0.00000,0.00000,0.000,0.000,1.0,0.0465,True,,
167,AI Inference Serving,max_batch_size,compute_ai_cloud,compute_pool,gpu,capacity,NONINFERIOR / INCONCLUSIVE,0.00000,0.00000,0.00000,0.00000,0.00000,0.00000,0.000,0.000,1.2,0.0310,True,,
168,AI Inference Serving,batch_queue_delay,compute_ai_cloud,compute_pool,gpu,capacity,NONINFERIOR / INCONCLUSIVE,0.00000,0.00000,0.00000,0.00000,0.00000,0.00000,0.000,0.000,1.3,0.0321,True,,
169,AI Inference Serving,inference_concurrency,compute_ai_cloud,compute_pool,gpu,admission,NONINFERIOR / INCONCLUSIVE,0.00000,0.00000,0.00000,0.00000,0.00000,0.00000,0.000,0.000,0.0,0.0288,True,,
170,AI Inference Serving,inference_max_tokens,compute_ai_cloud,compute_pool,gpu,capacity,NONINFERIOR / INCONCLUSIVE,-0.00055,-0.00139,0.00029,0.00000,0.00000,0.00055,0.000,0.000,1.4,0.0254,True,,
171,AI Inference Serving,kv_cache_budget,compute_ai_cloud,compute_pool,gpu,admission,NONINFERIOR / INCONCLUSIVE,0.00000,0.00000,0.00000,0.00000,0.00000,0.00000,0.000,0.000,0.0,0.0350,True,,
172,AI Inference Serving,prefix_cache_budget,compute_ai_cloud,compute_pool,gpu,admission,NONINFERIOR / INCONCLUSIVE,0.00000,0.00000,0.00000,0.00000,0.00000,0.00000,0.000,0.000,0.0,0.0224,True,,
173,AI Inference Serving,speculative_decode_budget,compute_ai_cloud,compute_pool,gpu,admission,NONINFERIOR / INCONCLUSIVE,0.00000,0.00000,0.00000,0.00000,0.00000,0.00000,0.000,0.000,0.0,0.0236,True,,
174,AI Inference Serving,model_precision,compute_ai_cloud,compute_pool,gpu,power,SUPERIOR WITHIN GUARDRAILS,0.02840,0.02463,0.03217,0.00003,-0.00004,-0.02756,-0.569,-0.026,337.3,0.0265,True,,
175,AI Inference Serving,inference_priority,compute_ai_cloud,compute_pool,gpu,admission,NONINFERIOR / INCONCLUSIVE,0.00000,0.00000,0.00000,0.00000,0.00000,0.00000,0.000,0.000,0.0,0.0406,True,,
176,AI Inference Serving,inference_slo_gate,compute_ai_cloud,compute_pool,gpu,admission,NONINFERIOR / INCONCLUSIVE,0.00000,0.00000,0.00000,0.00000,0.00000,0.00000,0.000,0.000,0.0,0.0399,True,,
177,AI Training,training_workers,compute_ai_cloud,compute_pool,gpu_batch,capacity,NONINFERIOR / INCONCLUSIVE,-0.00018,-0.00055,0.00020,0.00000,0.00000,0.00018,0.000,0.000,1.6,0.0000,True,,
178,AI Training,global_batch_size,compute_ai_cloud,compute_pool,gpu_batch,capacity,NONINFERIOR / INCONCLUSIVE,-0.00027,-0.00082,0.00028,0.00000,0.00000,0.00027,0.000,0.000,1.8,0.0000,True,,
179,AI Training,microbatch_size,compute_ai_cloud,compute_pool,gpu_batch,capacity,NONINFERIOR / INCONCLUSIVE,-0.00016,-0.00053,0.00020,0.00000,0.00000,0.00016,0.000,0.000,1.4,0.0000,True,,
180,AI Training,gradient_accumulation,compute_ai_cloud,compute_pool,gpu_batch,capacity,NONINFERIOR / INCONCLUSIVE,-0.00027,-0.00061,0.00006,0.00000,0.00000,0.00027,0.000,0.000,2.2,0.0000,True,,
181,AI Training,data_parallelism,compute_ai_cloud,compute_pool,gpu_batch,capacity,NONINFERIOR / INCONCLUSIVE,-0.00025,-0.00069,0.00020,0.00000,0.00000,0.00025,0.000,0.000,1.3,0.0000,True,,
182,AI Training,tensor_parallelism,compute_ai_cloud,compute_pool,gpu_batch,capacity,NONINFERIOR / INCONCLUSIVE,-0.00016,-0.00043,0.00011,0.00000,0.00000,0.00016,0.000,0.000,1.5,0.0000,True,,
183,AI Training,pipeline_parallelism,compute_ai_cloud,compute_pool,gpu_batch,capacity,NONINFERIOR / INCONCLUSIVE,-0.00011,-0.00029,0.00007,0.00000,0.00000,0.00011,0.000,0.000,1.6,0.0000,True,,
184,AI Training,expert_parallelism,compute_ai_cloud,compute_pool,gpu_batch,capacity,NONINFERIOR / INCONCLUSIVE,-0.00027,-0.00077,0.00023,0.00000,0.00000,0.00027,0.000,0.000,2.6,0.0000,True,,
185,AI Training,checkpoint_interval,compute_ai_cloud,compute_pool,gpu_batch,setpoint,NONINFERIOR / INCONCLUSIVE,-0.00008,-0.00026,0.00010,0.00000,0.00000,0.00008,0.000,0.000,1.4,0.0000,True,ENERGY IMPROVEMENT WITH SERVICE TRADEOFF,0.16301
186,AI Training,checkpoint_trigger,compute_ai_cloud,compute_pool,gpu_batch,capacity,NONINFERIOR / INCONCLUSIVE,-0.00072,-0.00143,0.00000,0.00000,0.00000,0.00072,0.000,0.000,1.9,0.0000,True,,
187,AI Training,training_preempt,compute_ai_cloud,compute_pool,gpu_batch,admission,WORSE,-0.19866,-0.22239,-0.17492,0.00000,-0.00000,0.24982,10.611,13.398,1.0,0.0000,True,,
188,AI Training,training_gang_size,compute_ai_cloud,compute_pool,gpu_batch,capacity,NONINFERIOR / INCONCLUSIVE,-0.00086,-0.00222,0.00050,0.00000,0.00000,0.00087,0.000,0.000,2.0,0.0000,True,,
189,AI Training,elastic_worker_count,compute_ai_cloud,compute_pool,gpu_batch,capacity,NONINFERIOR / INCONCLUSIVE,-0.00009,-0.00033,0.00015,0.00000,0.00000,0.00009,0.000,0.000,1.6,0.0000,True,,
190,AI Training,straggler_mitigation,compute_ai_cloud,compute_pool,gpu_batch,capacity,NONINFERIOR / INCONCLUSIVE,-0.00008,-0.00018,0.00003,0.00000,0.00000,0.00008,0.000,0.000,1.8,0.0000,True,,
191,AI Training,training_precision,compute_ai_cloud,compute_pool,gpu_batch,power,SUPERIOR WITHIN GUARDRAILS,0.02695,0.02338,0.03051,0.00000,-0.00000,-0.02622,0.000,0.000,327.7,0.0000,True,,
192,AI Training,compute_comm_overlap,compute_ai_cloud,compute_pool,gpu_batch,capacity,NONINFERIOR / INCONCLUSIVE,-0.00052,-0.00113,0.00010,0.00000,0.00000,0.00052,0.000,0.000,2.2,0.0000,True,,
97,Cloud VM & Capacity,vm_count,compute_ai_cloud,compute_pool,node,capacity,ENERGY IMPROVEMENT WITH SERVICE TRADEOFF,0.16007,0.12721,0.19293,-0.01393,-0.02004,-0.14880,21.056,22.403,1.0,0.0215,True,,
98,Cloud VM & Capacity,vm_size,compute_ai_cloud,compute_pool,node,capacity,ENERGY IMPROVEMENT WITH SERVICE TRADEOFF,0.14235,0.10014,0.18455,-0.01368,-0.01776,-0.13469,20.306,24.048,1.0,0.0260,True,,
99,Cloud VM & Capacity,vm_start_stop,compute_ai_cloud,compute_pool,node,capacity,ENERGY IMPROVEMENT WITH SERVICE TRADEOFF,0.12668,0.08780,0.16556,-0.01085,-0.01466,-0.12019,20.194,23.551,1.0,0.0272,True,,
100,Cloud VM & Capacity,vm_migrate,compute_ai_cloud,compute_pool,node,capacity,ENERGY IMPROVEMENT WITH SERVICE TRADEOFF,0.16019,0.11727,0.20310,-0.01420,-0.02026,-0.14843,21.264,23.818,1.0,0.0279,True,,
101,Cloud VM & Capacity,instance_family,compute_ai_cloud,compute_pool,node,capacity,ENERGY IMPROVEMENT WITH SERVICE TRADEOFF,0.09502,0.07120,0.11884,-0.01045,-0.01386,-0.09561,15.556,17.356,1.0,0.0240,True,,
102,Cloud VM & Capacity,asg_min,compute_ai_cloud,compute_pool,node,capacity,ENERGY IMPROVEMENT WITH SERVICE TRADEOFF,0.13668,0.10098,0.17237,-0.01576,-0.02218,-0.13253,20.875,23.746,1.0,0.0167,True,,
103,Cloud VM & Capacity,asg_max,compute_ai_cloud,compute_pool,node,capacity,ENERGY IMPROVEMENT WITH SERVICE TRADEOFF,0.14038,0.11181,0.16895,-0.01130,-0.01778,-0.13210,18.264,20.700,1.0,0.0247,True,,
104,Cloud VM & Capacity,spot_mix,compute_ai_cloud,compute_pool,node,capacity,ENERGY IMPROVEMENT WITH SERVICE TRADEOFF,0.12872,0.08814,0.16929,-0.01154,-0.01688,-0.12241,20.472,23.145,1.0,0.0236,True,,
105,Cloud VM & Capacity,reservation_mix,compute_ai_cloud,compute_pool,node,capacity,ENERGY IMPROVEMENT WITH SERVICE TRADEOFF,0.12654,0.09991,0.15317,-0.01110,-0.01482,-0.12129,18.819,21.064,1.0,0.0163,True,,
106,Cloud VM & Capacity,zone_selection,compute_ai_cloud,compute_pool,node,capacity,ENERGY IMPROVEMENT WITH SERVICE TRADEOFF,0.14851,0.12037,0.17664,-0.01368,-0.01895,-0.14031,22.903,24.398,1.0,0.0242,True,,
107,Cloud VM & Capacity,region_selection,compute_ai_cloud,compute_pool,node,capacity,ENERGY IMPROVEMENT WITH SERVICE TRADEOFF,0.14686,0.12114,0.17258,-0.01608,-0.02184,-0.14131,18.722,20.568,1.0,0.0282,True,,
108,Cloud VM & Capacity,architecture_selection,compute_ai_cloud,compute_pool,node,capacity,ENERGY IMPROVEMENT WITH SERVICE TRADEOFF,0.13563,0.09636,0.17490,-0.02036,-0.02596,-0.13562,19.833,22.632,1.0,0.0339,True,,
109,Cloud VM & Capacity,accelerator_selection,compute_ai_cloud,compute_pool,node,capacity,ENERGY IMPROVEMENT WITH SERVICE TRADEOFF,0.15092,0.10678,0.19506,-0.01201,-0.01774,-0.13959,16.097,19.148,1.0,0.0329,True,,
110,Cloud VM & Capacity,boot_disk_class,compute_ai_cloud,compute_pool,node,capacity,ENERGY IMPROVEMENT WITH SERVICE TRADEOFF,0.13755,0.09816,0.17695,-0.01573,-0.02163,-0.13309,21.833,23.367,1.0,0.0217,True,,
111,Cloud VM & Capacity,placement_group,compute_ai_cloud,compute_pool,node,capacity,ENERGY IMPROVEMENT WITH SERVICE TRADEOFF,0.16862,0.11858,0.21866,-0.02032,-0.02665,-0.15912,22.819,25.620,1.0,0.0308,True,,
112,Cloud VM & Capacity,interruption_response,compute_ai_cloud,compute_pool,node,capacity,ENERGY IMPROVEMENT WITH SERVICE TRADEOFF,0.17541,0.14722,0.20361,-0.01579,-0.01877,-0.16177,22.667,25.506,1.0,0.0254,True,,
33,Container Resources,cpu_request,compute_ai_cloud,compute_pool,server,capacity,NONINFERIOR / INCONCLUSIVE,0.00000,0.00000,0.00000,0.00000,0.00000,0.00000,0.000,0.000,1.0,0.0133,True,,
34,Container Resources,cpu_limit,compute_ai_cloud,compute_pool,server,capacity,NONINFERIOR / INCONCLUSIVE,0.00000,0.00000,0.00000,0.00000,0.00000,0.00000,0.000,0.000,1.0,0.0132,True,,
35,Container Resources,memory_request,compute_ai_cloud,compute_pool,server,capacity,NONINFERIOR / INCONCLUSIVE,0.00000,0.00000,0.00000,0.00000,0.00000,0.00000,0.000,0.000,1.2,0.0107,True,,
36,Container Resources,memory_limit,compute_ai_cloud,compute_pool,server,capacity,NONINFERIOR / INCONCLUSIVE,0.00000,0.00000,0.00000,0.00000,0.00000,0.00000,0.000,0.000,1.0,0.0143,True,,
37,Container Resources,ephemeral_storage,compute_ai_cloud,compute_pool,server,capacity,NONINFERIOR / INCONCLUSIVE,0.00000,0.00000,0.00000,0.00000,0.00000,0.00000,0.000,0.000,1.0,0.0144,True,,
38,Container Resources,hugepages,compute_ai_cloud,compute_pool,server,capacity,NONINFERIOR / INCONCLUSIVE,0.00000,0.00000,0.00000,0.00000,0.00000,0.00000,0.000,0.000,1.2,0.0115,True,,
39,Container Resources,io_weight,compute_ai_cloud,compute_pool,server,setpoint,NONINFERIOR / INCONCLUSIVE,-0.00036,-0.00092,0.00020,0.00000,0.00000,0.00036,0.000,0.000,1.4,0.0100,True,ENERGY IMPROVEMENT WITH SERVICE TRADEOFF,0.24173
40,Container Resources,pids_limit,compute_ai_cloud,compute_pool,server,capacity,NONINFERIOR / INCONCLUSIVE,0.00000,0.00000,0.00000,0.00000,0.00000,0.00000,0.000,0.000,1.0,0.0137,True,,
41,Container Resources,memory_high,compute_ai_cloud,compute_pool,server,capacity,NONINFERIOR / INCONCLUSIVE,0.00000,0.00000,0.00000,0.00000,0.00000,0.00000,0.000,0.000,1.0,0.0129,True,,
42,Container Resources,memory_reclaim,compute_ai_cloud,compute_pool,server,capacity,NONINFERIOR / INCONCLUSIVE,0.00000,0.00000,0.00000,0.00000,0.00000,0.00000,0.000,0.000,1.1,0.0121,True,,
43,Container Resources,swap_limit,compute_ai_cloud,compute_pool,server,capacity,NONINFERIOR / INCONCLUSIVE,0.00000,0.00000,0.00000,0.00000,0.00000,0.00000,0.000,0.000,1.0,0.0111,True,,
44,Container Resources,cgroup_io_max,compute_ai_cloud,compute_pool,server,capacity,NONINFERIOR / INCONCLUSIVE,0.00000,0.00000,0.00000,0.00000,0.00000,0.00000,0.000,0.000,1.0,0.0126,True,,
45,Container Resources,cpu_weight,compute_ai_cloud,compute_pool,server,setpoint,NONINFERIOR / INCONCLUSIVE,-0.00025,-0.00067,0.00016,0.00000,0.00000,0.00025,0.000,0.000,1.3,0.0142,True,ENERGY IMPROVEMENT WITH SERVICE TRADEOFF,0.25082
46,Container Resources,cpu_quota,compute_ai_cloud,compute_pool,server,admission,NONINFERIOR / INCONCLUSIVE,0.00000,0.00000,0.00000,0.00000,0.00000,0.00000,0.000,0.000,0.0,0.0161,True,,
47,Container Resources,cpuset,compute_ai_cloud,compute_pool,server,capacity,NONINFERIOR / INCONCLUSIVE,0.00000,0.00000,0.00000,0.00000,0.00000,0.00000,0.000,0.000,1.0,0.0178,True,,
48,Container Resources,runtime_class,compute_ai_cloud,compute_pool,server,capacity,NONINFERIOR / INCONCLUSIVE,0.00000,0.00000,0.00000,0.00000,0.00000,0.00000,0.000,0.000,1.0,0.0172,True,,
609,"Cross-Cluster, Multi-Region & Edge",multi_cluster_dispatch,compute_ai_cloud,compute_pool,node,capacity,ENERGY IMPROVEMENT WITH SERVICE TRADEOFF,0.12518,0.09313,0.15724,-0.01064,-0.01670,-0.11934,18.778,20.989,1.0,0.0283,True,,
610,"Cross-Cluster, Multi-Region & Edge",region_dispatch,compute_ai_cloud,compute_pool,node,capacity,ENERGY IMPROVEMENT WITH SERVICE TRADEOFF,0.15045,0.11630,0.18461,-0.01430,-0.01890,-0.14185,17.819,20.480,1.0,0.0256,True,,
611,"Cross-Cluster, Multi-Region & Edge",zone_dispatch,compute_ai_cloud,compute_pool,node,capacity,ENERGY IMPROVEMENT WITH SERVICE TRADEOFF,0.20616,0.14105,0.27128,-0.01461,-0.01855,-0.17882,24.778,26.247,1.0,0.0315,True,,
612,"Cross-Cluster, Multi-Region & Edge",edge_dispatch,compute_ai_cloud,compute_pool,node,capacity,ENERGY IMPROVEMENT WITH SERVICE TRADEOFF,0.13893,0.11201,0.16585,-0.01250,-0.01682,-0.13215,18.472,21.172,1.0,0.0283,True,,
613,"Cross-Cluster, Multi-Region & Edge",cloud_capacity_class,compute_ai_cloud,compute_pool,node,capacity,ENERGY IMPROVEMENT WITH SERVICE TRADEOFF,0.15270,0.10159,0.20382,-0.01472,-0.02025,-0.14228,23.250,25.731,1.0,0.0256,True,,
614,"Cross-Cluster, Multi-Region & Edge",workload_migrate_region,compute_ai_cloud,compute_pool,node,capacity,ENERGY IMPROVEMENT WITH SERVICE TRADEOFF,0.16734,0.12812,0.20656,-0.01205,-0.01498,-0.15188,21.042,23.684,1.0,0.0285,True,,
615,"Cross-Cluster, Multi-Region & Edge",data_residency_gate,compute_ai_cloud,compute_pool,node,admission,NONINFERIOR / INCONCLUSIVE,0.00000,0.00000,0.00000,0.00000,0.00000,0.00000,0.000,0.000,0.0,0.0246,True,,
616,"Cross-Cluster, Multi-Region & Edge",latency_region_gate,compute_ai_cloud,compute_pool,node,admission,NONINFERIOR / INCONCLUSIVE,0.00000,0.00000,0.00000,0.00000,0.00000,0.00000,0.000,0.000,0.0,0.0251,True,,
617,"Cross-Cluster, Multi-Region & Edge",cost_region_gate,compute_ai_cloud,compute_pool,node,admission,NONINFERIOR / INCONCLUSIVE,0.00000,0.00000,0.00000,0.00000,0.00000,0.00000,0.000,0.000,0.0,0.0215,True,,
618,"Cross-Cluster, Multi-Region & Edge",carbon_region_gate,compute_ai_cloud,compute_pool,node,admission,NONINFERIOR / INCONCLUSIVE,0.00000,0.00000,0.00000,0.00000,0.00000,0.00000,0.000,0.000,0.0,0.0260,True,,
619,"Cross-Cluster, Multi-Region & Edge",global_failover,compute_ai_cloud,compute_pool,node,capacity,ENERGY IMPROVEMENT WITH SERVICE TRADEOFF,0.13621,0.10471,0.16772,-0.02253,-0.02961,-0.13846,23.208,26.250,1.0,0.0362,True,,
620,"Cross-Cluster, Multi-Region & Edge",federation_quota,compute_ai_cloud,compute_pool,node,admission,NONINFERIOR / INCONCLUSIVE,0.00000,0.00000,0.00000,0.00000,0.00000,0.00000,0.000,0.000,0.0,0.0268,True,,
621,"Cross-Cluster, Multi-Region & Edge",cross_cluster_replication,compute_ai_cloud,compute_pool,node,capacity,ENERGY IMPROVEMENT WITH SERVICE TRADEOFF,0.16614,0.13120,0.20109,-0.01730,-0.02506,-0.15594,20.111,22.671,1.0,0.0272,True,,
622,"Cross-Cluster, Multi-Region & Edge",edge_offload,compute_ai_cloud,compute_pool,node,capacity,ENERGY IMPROVEMENT WITH SERVICE TRADEOFF,0.17091,0.13209,0.20974,-0.01441,-0.01949,-0.15666,22.819,25.876,1.0,0.0274,True,,
623,"Cross-Cluster, Multi-Region & Edge",global_admission,compute_ai_cloud,compute_pool,node,admission,NONINFERIOR / INCONCLUSIVE,0.00000,0.00000,0.00000,0.00000,0.00000,0.00000,0.000,0.000,0.0,0.0247,True,,
AUDIT-0021,DPU SmartNIC & Programmable IO,dpu_pf_tx_rate,compute_ai_cloud,compute_pool,fabric,capacity,NONINFERIOR / INCONCLUSIVE,0.00000,0.00000,0.00000,0.00000,0.00000,0.00000,0.000,0.000,1.0,0.0032,True,,
AUDIT-0022,DPU SmartNIC & Programmable IO,dpu_vf_tx_rate,compute_ai_cloud,compute_pool,fabric,capacity,NONINFERIOR / INCONCLUSIVE,0.00000,0.00000,0.00000,0.00000,0.00000,0.00000,0.000,0.000,1.0,0.0025,True,,
AUDIT-0023,DPU SmartNIC & Programmable IO,dpu_sf_tx_rate,compute_ai_cloud,compute_pool,fabric,capacity,NONINFERIOR / INCONCLUSIVE,0.00000,0.00000,0.00000,0.00000,0.00000,0.00000,0.000,0.000,1.0,0.0035,True,,
AUDIT-0024,DPU SmartNIC & Programmable IO,dpu_bandwidth_share,compute_ai_cloud,compute_pool,fabric,capacity,NONINFERIOR / INCONCLUSIVE,0.00000,0.00000,0.00000,0.00000,0.00000,0.00000,0.000,0.000,1.0,0.0019,True,,
AUDIT-0025,DPU SmartNIC & Programmable IO,dpu_qos_group,compute_ai_cloud,compute_pool,fabric,capacity,NONINFERIOR / INCONCLUSIVE,-0.00015,-0.00048,0.00018,0.00000,0.00000,0.00015,0.000,0.000,1.2,0.0026,True,,
AUDIT-0026,DPU SmartNIC & Programmable IO,sriov_vf_count,compute_ai_cloud,compute_pool,fabric,capacity,NONINFERIOR / INCONCLUSIVE,0.00000,0.00000,0.00000,0.00000,0.00000,0.00000,0.000,0.000,1.0,0.0024,True,,
AUDIT-0027,DPU SmartNIC & Programmable IO,smartnic_flow_steering,compute_ai_cloud,compute_pool,fabric,capacity,NONINFERIOR / INCONCLUSIVE,0.00000,0.00000,0.00000,0.00000,0.00000,0.00000,0.000,0.000,1.0,0.0035,True,,
AUDIT-0028,DPU SmartNIC & Programmable IO,smartnic_offload_enable,compute_ai_cloud,compute_pool,fabric,capacity,NONINFERIOR / INCONCLUSIVE,0.00000,0.00000,0.00000,0.00000,0.00000,0.00000,0.000,0.000,1.0,0.0036,True,,
AUDIT-0029,DPU SmartNIC & Programmable IO,dpu_cpu_budget,compute_ai_cloud,compute_pool,fabric,admission,NONINFERIOR / INCONCLUSIVE,0.00000,0.00000,0.00000,0.00000,0.00000,0.00000,0.000,0.000,0.0,0.0032,True,,
AUDIT-0030,DPU SmartNIC & Programmable IO,dpu_memory_budget,compute_ai_cloud,compute_pool,fabric,admission,NONINFERIOR / INCONCLUSIVE,0.00000,0.00000,0.00000,0.00000,0.00000,0.00000,0.000,0.000,0.0,0.0032,True,,
AUDIT-0031,DPU SmartNIC & Programmable IO,dpu_service_placement,compute_ai_cloud,compute_pool,fabric,capacity,NONINFERIOR / INCONCLUSIVE,0.00000,0.00000,0.00000,0.00000,0.00000,0.00000,0.000,0.000,1.0,0.0029,True,,
AUDIT-0032,DPU SmartNIC & Programmable IO,dpu_failover,compute_ai_cloud,compute_pool,fabric,capacity,NONINFERIOR / INCONCLUSIVE,0.00000,0.00000,0.00000,0.00000,0.00000,0.00000,0.000,0.000,1.0,0.0013,True,,
209,Distributed Cluster Managers,task_admission,compute_ai_cloud,compute_pool,batch,admission,WORSE,-0.21092,-0.21832,-0.20352,0.00000,-0.00000,0.26750,39.069,40.813,1.0,0.0000,True,,
210,Distributed Cluster Managers,task_priority,compute_ai_cloud,compute_pool,batch,admission,WORSE,-0.20017,-0.21731,-0.18304,0.00000,-0.00000,0.25127,36.653,42.315,1.0,0.0000,True,,
211,Distributed Cluster Managers,resource_reservation,compute_ai_cloud,compute_pool,batch,capacity,NONINFERIOR / INCONCLUSIVE,-0.00076,-0.00223,0.00070,0.00000,0.00000,0.00077,0.000,0.000,1.8,0.0000,True,,
212,Distributed Cluster Managers,cluster_quota,compute_ai_cloud,compute_pool,batch,admission,WORSE,-0.19121,-0.19927,-0.18316,-0.00292,-0.00659,0.23299,46.861,49.165,1.0,0.0000,True,,
213,Distributed Cluster Managers,task_preemption,compute_ai_cloud,compute_pool,batch,admission,WORSE,-0.20174,-0.22237,-0.18111,-0.00000,-0.00000,0.25415,41.597,46.430,1.0,0.0000,True,,
214,Distributed Cluster Managers,binpack_pressure,compute_ai_cloud,compute_pool,batch,capacity,NONINFERIOR / INCONCLUSIVE,-0.00063,-0.00155,0.00029,0.00000,0.00000,0.00063,0.000,0.000,2.2,0.0000,True,,
215,Distributed Cluster Managers,spread_pressure,compute_ai_cloud,compute_pool,batch,capacity,WORSE,-0.00223,-0.00415,-0.00031,0.00000,0.00000,0.00224,0.000,0.000,3.8,0.0000,True,,
216,Distributed Cluster Managers,gang_schedule,compute_ai_cloud,compute_pool,batch,capacity,NONINFERIOR / INCONCLUSIVE,-0.00148,-0.00305,0.00010,0.00000,0.00000,0.00149,0.000,0.000,3.0,0.0000,True,,
217,Distributed Cluster Managers,worker_allocation,compute_ai_cloud,compute_pool,batch,capacity,NONINFERIOR / INCONCLUSIVE,-0.00008,-0.00028,0.00011,0.00000,0.00000,0.00008,0.000,0.000,1.3,0.0000,True,,
218,Distributed Cluster Managers,maintenance_evacuation,compute_ai_cloud,compute_pool,batch,capacity,NONINFERIOR / INCONCLUSIVE,-0.00038,-0.00090,0.00014,0.00000,0.00000,0.00038,0.000,0.000,2.5,0.0000,True,,
219,Distributed Cluster Managers,oversubscription,compute_ai_cloud,compute_pool,batch,capacity,NONINFERIOR / INCONCLUSIVE,-0.00058,-0.00146,0.00030,0.00000,0.00000,0.00058,0.000,0.000,2.8,0.0000,True,,
220,Distributed Cluster Managers,resource_reclaim,compute_ai_cloud,compute_pool,batch,capacity,NONINFERIOR / INCONCLUSIVE,-0.00052,-0.00170,0.00066,0.00000,0.00000,0.00052,0.000,0.000,2.4,0.0000,True,,
221,Distributed Cluster Managers,queue_fairness,compute_ai_cloud,compute_pool,batch,admission,WORSE,-0.19608,-0.21791,-0.17426,0.00000,-0.00000,0.24542,32.708,37.825,1.0,0.0000,True,,
222,Distributed Cluster Managers,deadline_pressure,compute_ai_cloud,compute_pool,batch,admission,WORSE,-0.22469,-0.23903,-0.21035,-0.00000,-0.00000,0.29057,35.861,39.074,1.0,0.0000,True,,
223,Distributed Cluster Managers,scheduler_retry,compute_ai_cloud,compute_pool,batch,admission,WORSE,-0.21038,-0.22571,-0.19505,-0.00000,-0.00000,0.26726,29.889,32.165,1.0,0.0000,True,,
145,GPU Fabric & RDMA,nvlink_placement,compute_ai_cloud,compute_pool,fabric,capacity,NONINFERIOR / INCONCLUSIVE,-0.00001,-0.00002,0.00001,0.00000,0.00000,0.00001,0.000,0.000,1.2,0.0044,True,,
146,GPU Fabric & RDMA,nvswitch_route,compute_ai_cloud,compute_pool,fabric,capacity,NONINFERIOR / INCONCLUSIVE,0.00000,0.00000,0.00000,0.00000,0.00000,0.00000,0.000,0.000,1.0,0.0031,True,,
147,GPU Fabric & RDMA,gpu_fabric_quarantine,compute_ai_cloud,compute_pool,fabric,admission,NONINFERIOR / INCONCLUSIVE,0.00000,0.00000,0.00000,0.00000,0.00000,0.00000,0.000,0.000,0.0,0.0018,True,,
148,GPU Fabric & RDMA,rdma_bandwidth,compute_ai_cloud,compute_pool,fabric,capacity,NONINFERIOR / INCONCLUSIVE,0.00000,0.00000,0.00000,0.00000,0.00000,0.00000,0.000,0.000,1.0,0.0031,True,,
149,GPU Fabric & RDMA,rdma_route,compute_ai_cloud,compute_pool,fabric,capacity,NONINFERIOR / INCONCLUSIVE,0.00000,0.00000,0.00000,0.00000,0.00000,0.00000,0.000,0.000,1.2,0.0013,True,,
150,GPU Fabric & RDMA,nic_affinity,compute_ai_cloud,compute_pool,fabric,capacity,NONINFERIOR / INCONCLUSIVE,0.00000,0.00000,0.00000,0.00000,0.00000,0.00000,0.000,0.000,1.0,0.0036,True,,
151,GPU Fabric & RDMA,collective_concurrency,compute_ai_cloud,compute_pool,fabric,admission,NONINFERIOR / INCONCLUSIVE,0.00000,0.00000,0.00000,0.00000,0.00000,0.00000,0.000,0.000,0.0,0.0028,True,,
152,GPU Fabric & RDMA,collective_algorithm,compute_ai_cloud,compute_pool,fabric,capacity,NONINFERIOR / INCONCLUSIVE,0.00000,0.00000,0.00000,0.00000,0.00000,0.00000,0.000,0.000,1.0,0.0019,True,,
153,GPU Fabric & RDMA,collective_chunk_size,compute_ai_cloud,compute_pool,fabric,capacity,NONINFERIOR / INCONCLUSIVE,-0.00018,-0.00056,0.00020,0.00000,0.00000,0.00018,0.000,0.000,1.4,0.0015,True,,
154,GPU Fabric & RDMA,rank_placement,compute_ai_cloud,compute_pool,fabric,capacity,NONINFERIOR / INCONCLUSIVE,0.00000,0.00000,0.00000,0.00000,0.00000,0.00000,0.000,0.000,1.0,0.0019,True,,
155,GPU Fabric & RDMA,gpudirect_policy,compute_ai_cloud,compute_pool,fabric,capacity,NONINFERIOR / INCONCLUSIVE,0.00000,0.00000,0.00000,0.00000,0.00000,0.00000,0.000,0.000,1.0,0.0025,True,,
156,GPU Fabric & RDMA,congestion_response,compute_ai_cloud,compute_pool,fabric,capacity,NONINFERIOR / INCONCLUSIVE,0.00000,0.00000,0.00000,0.00000,0.00000,0.00000,0.000,0.000,1.0,0.0033,True,,
157,GPU Fabric & RDMA,rail_selection,compute_ai_cloud,compute_pool,fabric,capacity,NONINFERIOR / INCONCLUSIVE,0.00000,0.00000,0.00000,0.00000,0.00000,0.00000,0.000,0.000,1.0,0.0033,True,,
158,GPU Fabric & RDMA,fabric_failover,compute_ai_cloud,compute_pool,fabric,capacity,NONINFERIOR / INCONCLUSIVE,0.00000,0.00000,0.00000,0.00000,0.00000,0.00000,0.000,0.000,1.0,0.0018,True,,
159,GPU Fabric & RDMA,communication_priority,compute_ai_cloud,compute_pool,fabric,admission,NONINFERIOR / INCONCLUSIVE,0.00000,0.00000,0.00000,0.00000,0.00000,0.00000,0.000,0.000,0.0,0.0039,True,,
160,GPU Fabric & RDMA,fabric_isolation,compute_ai_cloud,compute_pool,fabric,admission,NONINFERIOR / INCONCLUSIVE,0.00000,0.00000,0.00000,0.00000,0.00000,0.00000,0.000,0.000,0.0,0.0022,True,,
193,HPC & Distributed Compute,job_slots,compute_ai_cloud,compute_pool,batch,capacity,NONINFERIOR / INCONCLUSIVE,-0.00017,-0.00044,0.00009,0.00000,0.00000,0.00017,0.000,0.000,2.3,0.0000,True,,
194,HPC & Distributed Compute,mpi_ranks,compute_ai_cloud,compute_pool,batch,capacity,NONINFERIOR / INCONCLUSIVE,-0.00057,-0.00142,0.00029,0.00000,0.00000,0.00057,0.000,0.000,2.6,0.0000,True,,
195,HPC & Distributed Compute,rank_mapping,compute_ai_cloud,compute_pool,batch,capacity,NONINFERIOR / INCONCLUSIVE,-0.00057,-0.00137,0.00023,0.00000,0.00000,0.00057,0.000,0.000,2.2,0.0000,True,,
196,HPC & Distributed Compute,node_allocation,compute_ai_cloud,compute_pool,batch,capacity,NONINFERIOR / INCONCLUSIVE,-0.00090,-0.00185,0.00005,0.00000,0.00000,0.00090,0.000,0.000,2.9,0.0000,True,,
197,HPC & Distributed Compute,job_walltime,compute_ai_cloud,compute_pool,batch,capacity,NONINFERIOR / INCONCLUSIVE,-0.00017,-0.00084,0.00050,0.00000,0.00000,0.00017,0.000,0.000,2.2,0.0000,True,,
198,HPC & Distributed Compute,job_priority,compute_ai_cloud,compute_pool,batch,admission,WORSE,-0.19747,-0.22131,-0.17363,0.00000,-0.00000,0.24795,36.028,42.757,1.0,0.0000,True,,
199,HPC & Distributed Compute,job_preemption,compute_ai_cloud,compute_pool,batch,admission,WORSE,-0.20615,-0.23606,-0.17624,-0.00000,-0.00000,0.26271,32.264,39.494,1.0,0.0000,True,,
200,HPC & Distributed Compute,checkpoint_restart,compute_ai_cloud,compute_pool,batch,capacity,NONINFERIOR / INCONCLUSIVE,-0.00025,-0.00079,0.00029,0.00000,0.00000,0.00025,0.000,0.000,1.8,0.0000,True,,
201,HPC & Distributed Compute,parallel_io_budget,compute_ai_cloud,compute_pool,batch,admission,WORSE,-0.23237,-0.24620,-0.21855,0.00000,-0.00000,0.30346,32.000,35.607,1.0,0.0000,True,,
202,HPC & Distributed Compute,collective_budget,compute_ai_cloud,compute_pool,batch,admission,WORSE,-0.19836,-0.21683,-0.17989,0.00000,-0.00000,0.24858,37.361,43.002,1.0,0.0000,True,,
203,HPC & Distributed Compute,accelerator_share,compute_ai_cloud,compute_pool,batch,capacity,NONINFERIOR / INCONCLUSIVE,-0.00016,-0.00039,0.00007,0.00000,0.00000,0.00016,0.000,0.000,2.2,0.0000,True,,
204,HPC & Distributed Compute,cpu_gpu_ratio,compute_ai_cloud,compute_pool,batch,setpoint,NONINFERIOR / INCONCLUSIVE,-0.00017,-0.00052,0.00018,0.00000,0.00000,0.00017,0.000,0.000,1.8,0.0000,True,ENERGY IMPROVEMENT WITH SERVICE TRADEOFF,0.24573
205,HPC & Distributed Compute,memory_per_rank,compute_ai_cloud,compute_pool,batch,capacity,NONINFERIOR / INCONCLUSIVE,-0.00076,-0.00209,0.00057,0.00000,0.00000,0.00076,0.000,0.000,1.8,0.0000,True,,
206,HPC & Distributed Compute,scratch_budget,compute_ai_cloud,compute_pool,batch,admission,WORSE,-0.20855,-0.22193,-0.19518,-0.00000,-0.00000,0.26415,33.236,36.672,1.0,0.0000,True,,
207,HPC & Distributed Compute,scheduler_fair_share,compute_ai_cloud,compute_pool,batch,admission,WORSE,-0.21798,-0.24271,-0.19324,-0.00000,-0.00000,0.28091,34.306,39.088,1.0,0.0000,True,,
208,HPC & Distributed Compute,backfill_policy,compute_ai_cloud,compute_pool,batch,capacity,NONINFERIOR / INCONCLUSIVE,-0.00045,-0.00114,0.00025,0.00000,0.00000,0.00045,0.000,0.000,1.6,0.0000,True,,
113,Host CPU & Memory,cpufreq_min,compute_ai_cloud,compute_pool,cpu_host,power,SUPERIOR WITHIN GUARDRAILS,0.01502,0.01250,0.01754,0.00000,-0.00000,-0.01479,-0.056,0.070,171.9,0.0121,True,,
114,Host CPU & Memory,cpufreq_max,compute_ai_cloud,compute_pool,cpu_host,power,SUPERIOR WITHIN GUARDRAILS,0.01673,0.01222,0.02124,-0.00000,-0.00000,-0.01642,-0.389,-0.082,177.7,0.0151,True,,
115,Host CPU & Memory,rapl_package_power,compute_ai_cloud,compute_pool,cpu_host,power,SUPERIOR WITHIN GUARDRAILS,0.01315,0.00936,0.01693,-0.00000,-0.00000,-0.01295,-0.347,-0.058,172.2,0.0150,True,,
116,Host CPU & Memory,uncore_frequency,compute_ai_cloud,compute_pool,cpu_host,power,SUPERIOR WITHIN GUARDRAILS,0.01656,0.01403,0.01910,0.00000,0.00000,-0.01628,-0.264,-0.057,188.6,0.0161,True,,
117,Host CPU & Memory,energy_perf_preference,compute_ai_cloud,compute_pool,cpu_host,power,SUPERIOR WITHIN GUARDRAILS,0.01559,0.01275,0.01843,0.00000,0.00000,-0.01534,-0.194,0.113,176.7,0.0140,True,,
118,Host CPU & Memory,cpu_idle_policy,compute_ai_cloud,compute_pool,cpu_host,power,SUPERIOR WITHIN GUARDRAILS,0.01642,0.01217,0.02068,0.00000,-0.00000,-0.01613,-0.306,-0.025,166.9,0.0182,True,,
119,Host CPU & Memory,memory_bandwidth,compute_ai_cloud,compute_pool,cpu_host,capacity,NONINFERIOR / INCONCLUSIVE,0.00000,0.00000,0.00000,0.00000,0.00000,0.00000,0.000,0.000,1.0,0.0133,True,,
120,Host CPU & Memory,numa_balance,compute_ai_cloud,compute_pool,cpu_host,capacity,NONINFERIOR / INCONCLUSIVE,0.00000,0.00000,0.00000,0.00000,0.00000,0.00000,0.000,0.000,1.0,0.0142,True,,
121,Host CPU & Memory,irq_affinity,compute_ai_cloud,compute_pool,cpu_host,capacity,NONINFERIOR / INCONCLUSIVE,0.00000,0.00000,0.00000,0.00000,0.00000,0.00000,0.000,0.000,1.0,0.0115,True,,
122,Host CPU & Memory,llc_allocation,compute_ai_cloud,compute_pool,cpu_host,capacity,NONINFERIOR / INCONCLUSIVE,0.00000,0.00000,0.00000,0.00000,0.00000,0.00000,0.000,0.000,1.0,0.0143,True,,
123,Host CPU & Memory,memory_pressure_gate,compute_ai_cloud,compute_pool,cpu_host,admission,NONINFERIOR / INCONCLUSIVE,0.00000,0.00000,0.00000,0.00000,0.00000,0.00000,0.000,0.000,0.0,0.0162,True,,
124,Host CPU & Memory,page_reclaim_rate,compute_ai_cloud,compute_pool,cpu_host,capacity,NONINFERIOR / INCONCLUSIVE,0.00000,0.00000,0.00000,0.00000,0.00000,0.00000,0.000,0.000,1.0,0.0119,True,,
125,Host CPU & Memory,transparent_hugepages,compute_ai_cloud,compute_pool,cpu_host,capacity,NONINFERIOR / INCONCLUSIVE,0.00000,0.00000,0.00000,0.00000,0.00000,0.00000,0.000,0.000,1.2,0.0103,True,,
126,Host CPU & Memory,core_online_offline,compute_ai_cloud,compute_pool,cpu_host,capacity,NONINFERIOR / INCONCLUSIVE,-0.00023,-0.00076,0.00029,0.00000,0.00000,0.00023,0.000,0.000,1.2,0.0086,True,,
127,Host CPU & Memory,thermal_throttle_policy,compute_ai_cloud,compute_pool,cpu_host,power,SUPERIOR WITHIN GUARDRAILS,0.01568,0.00913,0.02222,0.00007,-0.00008,-0.01530,-0.236,0.057,185.0,0.0128,True,,
128,Host CPU & Memory,host_power_profile,compute_ai_cloud,compute_pool,cpu_host,power,SUPERIOR WITHIN GUARDRAILS,0.01993,0.01637,0.02348,0.00000,0.00000,-0.01952,-0.153,0.069,197.9,0.0144,True,,
AUDIT-0001,Kubernetes Dynamic Device Allocation,dra_device_class_selection,compute_ai_cloud,compute_pool,gpu,capacity,NONINFERIOR / INCONCLUSIVE,-0.00001,-0.00003,0.00001,0.00000,0.00000,0.00001,0.000,0.000,1.4,0.0343,True,,
AUDIT-0002,Kubernetes Dynamic Device Allocation,dra_claim_capacity,compute_ai_cloud,compute_pool,gpu,capacity,NONINFERIOR / INCONCLUSIVE,0.00000,0.00000,0.00000,0.00000,0.00000,0.00000,0.000,0.000,1.4,0.0418,True,,
AUDIT-0003,Kubernetes Dynamic Device Allocation,dra_claim_sharing,compute_ai_cloud,compute_pool,gpu,capacity,NONINFERIOR / INCONCLUSIVE,-0.00045,-0.00103,0.00013,0.00000,0.00000,0.00045,0.000,0.000,1.8,0.0233,True,,
AUDIT-0004,Kubernetes Dynamic Device Allocation,dra_device_taint,compute_ai_cloud,compute_pool,gpu,capacity,NONINFERIOR / INCONCLUSIVE,0.00002,-0.00022,0.00026,0.00000,0.00000,-0.00002,0.000,0.000,1.6,0.0221,True,,
AUDIT-0005,Kubernetes Dynamic Device Allocation,dra_device_eviction,compute_ai_cloud,compute_pool,gpu,admission,NONINFERIOR / INCONCLUSIVE,0.00000,0.00000,0.00000,0.00000,0.00000,0.00000,0.000,0.000,0.0,0.0303,True,,
AUDIT-0006,Kubernetes Dynamic Device Allocation,dra_binding_readiness,compute_ai_cloud,compute_pool,gpu,capacity,NONINFERIOR / INCONCLUSIVE,0.00000,0.00000,0.00000,0.00000,0.00000,0.00000,0.000,0.000,1.0,0.0403,True,,
AUDIT-0007,Kubernetes Dynamic Device Allocation,dra_binding_failure_response,compute_ai_cloud,compute_pool,gpu,capacity,NONINFERIOR / INCONCLUSIVE,-0.00019,-0.00057,0.00019,0.00000,0.00000,0.00019,0.000,0.000,1.6,0.0375,True,,
AUDIT-0008,Kubernetes Dynamic Device Allocation,dra_device_configuration,compute_ai_cloud,compute_pool,gpu,setpoint,NONINFERIOR / INCONCLUSIVE,-0.00014,-0.00039,0.00012,0.00000,0.00000,0.00014,0.000,0.000,1.4,0.0332,True,ENERGY IMPROVEMENT WITH SERVICE TRADEOFF,0.17975
49,Kubernetes Placement & Scheduling,node_selector,compute_ai_cloud,compute_pool,server,capacity,NONINFERIOR / INCONCLUSIVE,0.00000,0.00000,0.00000,0.00000,0.00000,0.00000,0.000,0.000,1.2,0.0119,True,,
50,Kubernetes Placement & Scheduling,node_affinity,compute_ai_cloud,compute_pool,server,capacity,NONINFERIOR / INCONCLUSIVE,-0.00004,-0.00013,0.00005,0.00000,0.00000,0.00004,0.000,0.000,1.4,0.0060,True,,
51,Kubernetes Placement & Scheduling,pod_anti_affinity,compute_ai_cloud,compute_pool,server,capacity,NONINFERIOR / INCONCLUSIVE,0.00000,0.00000,0.00000,0.00000,0.00000,0.00000,0.000,0.000,1.0,0.0135,True,,
52,Kubernetes Placement & Scheduling,topology_spread,compute_ai_cloud,compute_pool,server,capacity,NONINFERIOR / INCONCLUSIVE,0.00000,0.00000,0.00000,0.00000,0.00000,0.00000,0.000,0.000,1.2,0.0160,True,,
53,Kubernetes Placement & Scheduling,numa_placement,compute_ai_cloud,compute_pool,server,capacity,NONINFERIOR / INCONCLUSIVE,-0.00011,-0.00037,0.00014,0.00000,0.00000,0.00011,0.000,0.000,1.4,0.0112,True,,
54,Kubernetes Placement & Scheduling,gpu_topology,compute_ai_cloud,compute_pool,server,capacity,NONINFERIOR / INCONCLUSIVE,0.00000,0.00000,0.00000,0.00000,0.00000,0.00000,0.000,0.000,1.0,0.0140,True,,
55,Kubernetes Placement & Scheduling,storage_locality,compute_ai_cloud,compute_pool,server,capacity,NONINFERIOR / INCONCLUSIVE,0.00000,0.00000,0.00000,0.00000,0.00000,0.00000,0.000,0.000,1.2,0.0108,True,,
56,Kubernetes Placement & Scheduling,network_locality,compute_ai_cloud,compute_pool,server,capacity,NONINFERIOR / INCONCLUSIVE,0.00000,0.00000,0.00000,0.00000,0.00000,0.00000,0.000,0.000,1.0,0.0131,True,,
57,Kubernetes Placement & Scheduling,taint_toleration,compute_ai_cloud,compute_pool,server,setpoint,NONINFERIOR / INCONCLUSIVE,0.00000,0.00000,0.00000,0.00000,0.00000,0.00000,0.000,0.000,1.0,0.0189,True,ENERGY IMPROVEMENT WITH SERVICE TRADEOFF,0.25156
58,Kubernetes Placement & Scheduling,priority_class,compute_ai_cloud,compute_pool,server,admission,NONINFERIOR / INCONCLUSIVE,0.00000,0.00000,0.00000,0.00000,0.00000,0.00000,0.000,0.000,0.0,0.0154,True,,
59,Kubernetes Placement & Scheduling,preemption_policy,compute_ai_cloud,compute_pool,server,admission,NONINFERIOR / INCONCLUSIVE,0.00000,0.00000,0.00000,0.00000,0.00000,0.00000,0.000,0.000,0.0,0.0150,True,,
60,Kubernetes Placement & Scheduling,device_claim,compute_ai_cloud,compute_pool,server,capacity,NONINFERIOR / INCONCLUSIVE,0.00000,0.00000,0.00000,0.00000,0.00000,0.00000,0.000,0.000,1.0,0.0113,True,,
61,Kubernetes Placement & Scheduling,failure_domain_spread,compute_ai_cloud,compute_pool,server,capacity,NONINFERIOR / INCONCLUSIVE,0.00000,0.00000,0.00000,0.00000,0.00000,0.00000,0.000,0.000,1.0,0.0138,True,,
62,Kubernetes Placement & Scheduling,scheduler_backoff,compute_ai_cloud,compute_pool,server,admission,NONINFERIOR / INCONCLUSIVE,0.00000,0.00000,0.00000,0.00000,0.00000,0.00000,0.000,0.000,0.0,0.0199,True,,
63,Kubernetes Placement & Scheduling,gang_admission,compute_ai_cloud,compute_pool,server,admission,NONINFERIOR / INCONCLUSIVE,0.00000,0.00000,0.00000,0.00000,0.00000,0.00000,0.000,0.000,0.0,0.0189,True,,
64,Kubernetes Placement & Scheduling,deschedule,compute_ai_cloud,compute_pool,server,capacity,NONINFERIOR / INCONCLUSIVE,0.00000,0.00000,0.00000,0.00000,0.00000,0.00000,0.000,0.000,1.0,0.0178,True,,
17,Kubernetes Workload Scaling,replicas,compute_ai_cloud,compute_pool,server,capacity,NONINFERIOR / INCONCLUSIVE,-0.00023,-0.00075,0.00029,0.00000,0.00000,0.00023,0.000,0.000,1.2,0.0122,True,,
18,Kubernetes Workload Scaling,hpa_cpu_target,compute_ai_cloud,compute_pool,server,setpoint,NONINFERIOR / INCONCLUSIVE,0.00000,0.00000,0.00000,0.00000,0.00000,0.00000,0.000,0.000,1.0,0.0179,True,ENERGY IMPROVEMENT WITH SERVICE TRADEOFF,0.24902
19,Kubernetes Workload Scaling,hpa_memory_target,compute_ai_cloud,compute_pool,server,setpoint,NONINFERIOR / INCONCLUSIVE,0.00000,0.00000,0.00000,0.00000,0.00000,0.00000,0.000,0.000,1.0,0.0114,True,ENERGY IMPROVEMENT WITH SERVICE TRADEOFF,0.23072
20,Kubernetes Workload Scaling,hpa_custom_target,compute_ai_cloud,compute_pool,server,setpoint,NONINFERIOR / INCONCLUSIVE,0.00000,0.00000,0.00000,0.00000,0.00000,0.00000,0.000,0.000,1.2,0.0204,True,ENERGY IMPROVEMENT WITH SERVICE TRADEOFF,0.24376
21,Kubernetes Workload Scaling,vpa_apply,compute_ai_cloud,compute_pool,server,capacity,NONINFERIOR / INCONCLUSIVE,0.00000,0.00000,0.00000,0.00000,0.00000,0.00000,0.000,0.000,1.0,0.0136,True,,
22,Kubernetes Workload Scaling,scale_to_zero,compute_ai_cloud,compute_pool,server,capacity,NONINFERIOR / INCONCLUSIVE,0.00000,0.00000,0.00000,0.00000,0.00000,0.00000,0.000,0.000,1.2,0.0150,True,,
23,Kubernetes Workload Scaling,keda_threshold,compute_ai_cloud,compute_pool,server,admission,NONINFERIOR / INCONCLUSIVE,0.00000,0.00000,0.00000,0.00000,0.00000,0.00000,0.000,0.000,0.0,0.0151,True,,
24,Kubernetes Workload Scaling,rollout_rate,compute_ai_cloud,compute_pool,server,capacity,NONINFERIOR / INCONCLUSIVE,-0.00013,-0.00041,0.00016,0.00000,0.00000,0.00013,-0.014,0.018,1.2,0.0167,True,,
25,Kubernetes Workload Scaling,max_surge,compute_ai_cloud,compute_pool,server,capacity,NONINFERIOR / INCONCLUSIVE,0.00000,0.00000,0.00000,0.00000,0.00000,0.00000,0.000,0.000,1.0,0.0149,True,,
26,Kubernetes Workload Scaling,max_unavailable,compute_ai_cloud,compute_pool,server,capacity,NONINFERIOR / INCONCLUSIVE,0.00000,0.00000,0.00000,0.00000,0.00000,0.00000,0.000,0.000,1.0,0.0079,True,,
27,Kubernetes Workload Scaling,deployment_pause_resume,compute_ai_cloud,compute_pool,server,admission,NONINFERIOR / INCONCLUSIVE,0.00000,0.00000,0.00000,0.00000,0.00000,0.00000,0.000,0.000,0.0,0.0100,True,,
28,Kubernetes Workload Scaling,rollout_abort,compute_ai_cloud,compute_pool,server,admission,NONINFERIOR / INCONCLUSIVE,0.00000,0.00000,0.00000,0.00000,0.00000,0.00000,0.000,0.000,0.0,0.0153,True,,
29,Kubernetes Workload Scaling,pod_eviction,compute_ai_cloud,compute_pool,server,admission,NONINFERIOR / INCONCLUSIVE,0.00000,0.00000,0.00000,0.00000,0.00000,0.00000,0.000,0.000,0.0,0.0143,True,,
30,Kubernetes Workload Scaling,pdb_policy,compute_ai_cloud,compute_pool,server,capacity,NONINFERIOR / INCONCLUSIVE,0.00000,0.00000,0.00000,0.00000,0.00000,0.00000,0.000,0.000,1.0,0.0104,True,,
31,Kubernetes Workload Scaling,scheduler_queue_priority,compute_ai_cloud,compute_pool,server,admission,NONINFERIOR / INCONCLUSIVE,0.00000,0.00000,0.00000,0.00000,0.00000,0.00000,0.000,0.000,0.0,0.0101,True,,
32,Kubernetes Workload Scaling,api_priority_fairness,compute_ai_cloud,compute_pool,server,admission,NONINFERIOR / INCONCLUSIVE,0.00000,0.00000,0.00000,0.00000,0.00000,0.00000,0.000,0.000,0.0,0.0157,True,,
129,NVIDIA GPU Hardware,gpu_allocate,compute_ai_cloud,compute_pool,gpu,capacity,NONINFERIOR / INCONCLUSIVE,0.00000,0.00000,0.00000,0.00000,0.00000,0.00000,0.000,0.000,1.4,0.0235,True,,
130,NVIDIA GPU Hardware,gpu_power_limit,compute_ai_cloud,compute_pool,gpu,power,SUPERIOR WITHIN GUARDRAILS,0.02836,0.02466,0.03207,0.00021,-0.00022,-0.02736,-0.833,-0.314,353.3,0.0254,True,,
131,NVIDIA GPU Hardware,gpu_sm_clock,compute_ai_cloud,compute_pool,gpu,power,SUPERIOR WITHIN GUARDRAILS,0.02805,0.02499,0.03111,0.00013,-0.00013,-0.02715,-0.208,0.137,338.5,0.0246,True,,
132,NVIDIA GPU Hardware,gpu_memory_clock,compute_ai_cloud,compute_pool,gpu,power,SUPERIOR WITHIN GUARDRAILS,0.02868,0.02552,0.03183,-0.00000,-0.00000,-0.02786,-0.528,-0.011,341.6,0.0275,True,,
133,NVIDIA GPU Hardware,gpu_persistence_mode,compute_ai_cloud,compute_pool,gpu,capacity,NONINFERIOR / INCONCLUSIVE,-0.00013,-0.00042,0.00016,0.00000,0.00000,0.00013,0.000,0.000,1.5,0.0331,True,,
134,NVIDIA GPU Hardware,gpu_compute_mode,compute_ai_cloud,compute_pool,gpu,capacity,NONINFERIOR / INCONCLUSIVE,0.00000,0.00000,0.00000,0.00000,0.00000,0.00000,0.000,0.000,1.0,0.0283,True,,
135,NVIDIA GPU Hardware,mig_mode,compute_ai_cloud,compute_pool,gpu,capacity,NONINFERIOR / INCONCLUSIVE,0.00000,0.00000,0.00000,0.00000,0.00000,0.00000,0.000,0.000,1.0,0.0294,True,,
136,NVIDIA GPU Hardware,mig_geometry,compute_ai_cloud,compute_pool,gpu,capacity,NONINFERIOR / INCONCLUSIVE,-0.00006,-0.00063,0.00051,0.00000,0.00000,0.00006,0.000,0.000,1.4,0.0243,True,,
137,NVIDIA GPU Hardware,gpu_timeslice,compute_ai_cloud,compute_pool,gpu,capacity,NONINFERIOR / INCONCLUSIVE,-0.00001,-0.00003,0.00001,0.00000,0.00000,0.00001,0.000,0.000,1.2,0.0243,True,,
138,NVIDIA GPU Hardware,gpu_mps,compute_ai_cloud,compute_pool,gpu,capacity,NONINFERIOR / INCONCLUSIVE,-0.00017,-0.00055,0.00021,0.00000,0.00000,0.00017,0.000,0.000,1.4,0.0231,True,,
139,NVIDIA GPU Hardware,gpu_quarantine,compute_ai_cloud,compute_pool,gpu,admission,NONINFERIOR / INCONCLUSIVE,0.00000,0.00000,0.00000,0.00000,0.00000,0.00000,0.000,0.000,0.0,0.0326,True,,
140,NVIDIA GPU Hardware,gpu_reset,compute_ai_cloud,compute_pool,gpu,capacity,NONINFERIOR / INCONCLUSIVE,0.00000,0.00000,0.00000,0.00000,0.00000,0.00000,0.000,0.000,1.0,0.0242,True,,
141,NVIDIA GPU Hardware,gpu_thermal_limit,compute_ai_cloud,compute_pool,gpu,power,SUPERIOR WITHIN GUARDRAILS,0.03019,0.02787,0.03251,-0.00000,-0.00000,-0.02929,-0.833,-0.074,336.9,0.0253,True,,
142,NVIDIA GPU Hardware,gpu_ecc_response,compute_ai_cloud,compute_pool,gpu,capacity,NONINFERIOR / INCONCLUSIVE,0.00076,-0.00070,0.00222,0.00000,0.00000,-0.00076,-0.194,0.099,1.7,0.0325,True,,
143,NVIDIA GPU Hardware,gpu_job_power_budget,compute_ai_cloud,compute_pool,gpu,admission,NONINFERIOR / INCONCLUSIVE,0.00000,0.00000,0.00000,0.00000,0.00000,0.00000,0.000,0.000,0.0,0.0260,True,,
65,Node Fleet & Karpenter-Class Control,node_desired,compute_ai_cloud,compute_pool,node,capacity,ENERGY IMPROVEMENT WITH SERVICE TRADEOFF,0.11983,0.08723,0.15243,-0.01393,-0.02119,-0.11821,16.931,19.445,1.0,0.0232,True,,
66,Node Fleet & Karpenter-Class Control,node_pool_min,compute_ai_cloud,compute_pool,node,capacity,ENERGY IMPROVEMENT WITH SERVICE TRADEOFF,0.13643,0.10700,0.16585,-0.01342,-0.01794,-0.13081,19.667,21.785,1.0,0.0281,True,,
67,Node Fleet & Karpenter-Class Control,node_pool_max,compute_ai_cloud,compute_pool,node,capacity,ENERGY IMPROVEMENT WITH SERVICE TRADEOFF,0.14241,0.10063,0.18420,-0.01380,-0.02055,-0.13456,20.569,22.570,1.0,0.0239,True,,
68,Node Fleet & Karpenter-Class Control,node_provision,compute_ai_cloud,compute_pool,node,capacity,ENERGY IMPROVEMENT WITH SERVICE TRADEOFF,0.15860,0.11141,0.20579,-0.01993,-0.02783,-0.15166,22.944,25.941,1.0,0.0278,True,,
69,Node Fleet & Karpenter-Class Control,node_cordon,compute_ai_cloud,compute_pool,node,admission,NONINFERIOR / INCONCLUSIVE,0.00000,0.00000,0.00000,0.00000,0.00000,0.00000,0.000,0.000,0.0,0.0274,True,,
70,Node Fleet & Karpenter-Class Control,node_drain,compute_ai_cloud,compute_pool,node,admission,NONINFERIOR / INCONCLUSIVE,0.00000,0.00000,0.00000,0.00000,0.00000,0.00000,0.000,0.000,0.0,0.0264,True,,
71,Node Fleet & Karpenter-Class Control,node_consolidate,compute_ai_cloud,compute_pool,node,capacity,ENERGY IMPROVEMENT WITH SERVICE TRADEOFF,0.13367,0.10167,0.16567,-0.02115,-0.02793,-0.13532,24.236,25.461,1.0,0.0269,True,,
72,Node Fleet & Karpenter-Class Control,node_replace,compute_ai_cloud,compute_pool,node,capacity,ENERGY IMPROVEMENT WITH SERVICE TRADEOFF,0.14320,0.10359,0.18282,-0.01398,-0.01863,-0.13573,21.083,23.884,1.0,0.0265,True,,
73,Node Fleet & Karpenter-Class Control,node_shutdown,compute_ai_cloud,compute_pool,node,capacity,ENERGY IMPROVEMENT WITH SERVICE TRADEOFF,0.12614,0.08595,0.16633,-0.01512,-0.01937,-0.12356,22.069,24.251,1.0,0.0297,True,,
74,Node Fleet & Karpenter-Class Control,node_power_on,compute_ai_cloud,compute_pool,node,capacity,ENERGY IMPROVEMENT WITH SERVICE TRADEOFF,0.12993,0.08471,0.17514,-0.01359,-0.02096,-0.12489,21.597,24.342,1.0,0.0232,True,,
75,Node Fleet & Karpenter-Class Control,nodepool_weight,compute_ai_cloud,compute_pool,node,setpoint,ENERGY IMPROVEMENT WITH SERVICE TRADEOFF,0.14525,0.12619,0.16431,-0.01711,-0.02222,-0.14141,21.833,24.539,1.0,0.0317,True,NONINFERIOR / INCONCLUSIVE,0.00000
76,Node Fleet & Karpenter-Class Control,disruption_budget,compute_ai_cloud,compute_pool,node,admission,NONINFERIOR / INCONCLUSIVE,0.00000,0.00000,0.00000,0.00000,0.00000,0.00000,0.000,0.000,0.0,0.0211,True,,
77,Node Fleet & Karpenter-Class Control,consolidation_policy,compute_ai_cloud,compute_pool,node,capacity,ENERGY IMPROVEMENT WITH SERVICE TRADEOFF,0.14374,0.10105,0.18643,-0.01346,-0.02206,-0.13539,20.542,23.739,1.0,0.0206,True,,
78,Node Fleet & Karpenter-Class Control,consolidate_after,compute_ai_cloud,compute_pool,node,capacity,ENERGY IMPROVEMENT WITH SERVICE TRADEOFF,0.11654,0.09320,0.13988,-0.01608,-0.02181,-0.11801,19.611,21.846,1.0,0.0238,True,,
79,Node Fleet & Karpenter-Class Control,expire_after,compute_ai_cloud,compute_pool,node,capacity,ENERGY IMPROVEMENT WITH SERVICE TRADEOFF,0.13381,0.09763,0.16999,-0.01800,-0.02406,-0.13229,22.000,25.171,1.0,0.0219,True,,
80,Node Fleet & Karpenter-Class Control,capacity_class,compute_ai_cloud,compute_pool,node,capacity,ENERGY IMPROVEMENT WITH SERVICE TRADEOFF,0.14050,0.11001,0.17100,-0.01336,-0.01832,-0.13376,20.083,22.369,1.0,0.0238,True,,
85,OpenShift & Machine API,machine_remediation,compute_ai_cloud,compute_pool,node,capacity,ENERGY IMPROVEMENT WITH SERVICE TRADEOFF,0.14358,0.10694,0.18022,-0.01848,-0.02276,-0.14010,22.528,25.566,1.0,0.0235,True,,
88,OpenShift & Machine API,machine_health_gate,compute_ai_cloud,compute_pool,node,admission,NONINFERIOR / INCONCLUSIVE,0.00000,0.00000,0.00000,0.00000,0.00000,0.00000,0.000,0.000,0.0,0.0250,True,,
89,OpenShift & Machine API,mcp_pause,compute_ai_cloud,compute_pool,node,admission,NONINFERIOR / INCONCLUSIVE,0.00000,0.00000,0.00000,0.00000,0.00000,0.00000,0.000,0.000,0.0,0.0190,True,,
90,OpenShift & Machine API,mcp_max_unavailable,compute_ai_cloud,compute_pool,node,capacity,ENERGY IMPROVEMENT WITH SERVICE TRADEOFF,0.13856,0.11241,0.16471,-0.01345,-0.01916,-0.13275,21.167,22.731,1.0,0.0238,True,,
91,OpenShift & Machine API,node_config_rollout,compute_ai_cloud,compute_pool,node,capacity,ENERGY IMPROVEMENT WITH SERVICE TRADEOFF,0.15027,0.11715,0.18340,-0.01573,-0.02246,-0.14301,19.167,21.866,1.0,0.0261,True,,
92,OpenShift & Machine API,operator_reconcile_budget,compute_ai_cloud,compute_pool,node,admission,NONINFERIOR / INCONCLUSIVE,0.00000,0.00000,0.00000,0.00000,0.00000,0.00000,0.000,0.000,0.0,0.0306,True,,
93,OpenShift & Machine API,cluster_version_pacing,compute_ai_cloud,compute_pool,node,capacity,ENERGY IMPROVEMENT WITH SERVICE TRADEOFF,0.15793,0.13919,0.17668,-0.01709,-0.02514,-0.15075,21.361,23.178,1.0,0.0233,True,,
94,OpenShift & Machine API,infra_machine_admission,compute_ai_cloud,compute_pool,node,admission,NONINFERIOR / INCONCLUSIVE,0.00000,0.00000,0.00000,0.00000,0.00000,0.00000,0.000,0.000,0.0,0.0282,True,,
95,OpenShift & Machine API,machine_failure_domain,compute_ai_cloud,compute_pool,node,capacity,ENERGY IMPROVEMENT WITH SERVICE TRADEOFF,0.13853,0.08608,0.19098,-0.01731,-0.02432,-0.13388,21.736,23.722,1.0,0.0194,True,,
593,Quantum Computing Control Simulation,qubit_mapping,compute_ai_cloud,compute_pool,qpu,capacity,NONINFERIOR / INCONCLUSIVE,-0.00041,-0.00103,0.00021,0.00000,0.00000,0.00041,-0.028,0.035,2.7,0.0092,True,,
594,Quantum Computing Control Simulation,circuit_admission,compute_ai_cloud,compute_pool,qpu,admission,WORSE,-0.04941,-0.07391,-0.02490,-0.15911,-0.19266,-0.11556,72.986,86.280,1.0,0.0164,True,,
595,Quantum Computing Control Simulation,shot_allocation,compute_ai_cloud,compute_pool,qpu,capacity,NONINFERIOR / INCONCLUSIVE,-0.00092,-0.00231,0.00047,0.00000,0.00000,0.00092,0.000,0.000,2.7,0.0110,True,,
596,Quantum Computing Control Simulation,circuit_scheduling,compute_ai_cloud,compute_pool,qpu,admission,WORSE,-0.07418,-0.09837,-0.04998,-0.19787,-0.22829,-0.13313,70.194,82.702,1.0,0.0114,True,,
597,Quantum Computing Control Simulation,gate_scheduling,compute_ai_cloud,compute_pool,qpu,capacity,NONINFERIOR / INCONCLUSIVE,-0.00064,-0.00156,0.00028,0.00000,0.00000,0.00064,0.000,0.000,2.9,0.0157,True,,
598,Quantum Computing Control Simulation,pulse_amplitude,compute_ai_cloud,compute_pool,qpu,capacity,NONINFERIOR / INCONCLUSIVE,-0.00052,-0.00114,0.00011,0.00000,0.00000,0.00052,0.000,0.000,3.6,0.0049,True,,
599,Quantum Computing Control Simulation,pulse_duration,compute_ai_cloud,compute_pool,qpu,setpoint,NONINFERIOR / INCONCLUSIVE,-0.00119,-0.00264,0.00025,0.00000,0.00000,0.00120,0.000,0.000,5.1,0.0107,True,ENERGY IMPROVEMENT WITH SERVICE TRADEOFF,0.73206
600,Quantum Computing Control Simulation,pulse_phase,compute_ai_cloud,compute_pool,qpu,capacity,NONINFERIOR / INCONCLUSIVE,-0.00411,-0.00846,0.00024,0.00000,0.00000,0.00416,0.000,0.000,5.5,0.0343,True,,
601,Quantum Computing Control Simulation,pulse_frequency,compute_ai_cloud,compute_pool,qpu,power,NONINFERIOR / INCONCLUSIVE,0.00000,0.00000,0.00000,0.00000,0.00000,0.00000,0.000,0.000,0.0,0.0229,True,,
602,Quantum Computing Control Simulation,coupling_control,compute_ai_cloud,compute_pool,qpu,capacity,WORSE,-0.00278,-0.00496,-0.00061,0.00000,0.00000,0.00280,0.000,0.000,5.2,0.0093,True,,
603,Quantum Computing Control Simulation,reset_scheduling,compute_ai_cloud,compute_pool,qpu,capacity,WORSE,-0.00264,-0.00500,-0.00028,0.00000,0.00000,0.00266,0.000,0.000,6.5,0.0121,True,,
604,Quantum Computing Control Simulation,measurement_scheduling,compute_ai_cloud,compute_pool,qpu,capacity,NONINFERIOR / INCONCLUSIVE,-0.00305,-0.00728,0.00117,0.00000,-0.00000,0.00309,0.000,0.000,5.2,0.0297,True,,
605,Quantum Computing Control Simulation,dynamical_decoupling,compute_ai_cloud,compute_pool,qpu,capacity,NONINFERIOR / INCONCLUSIVE,-0.00119,-0.00272,0.00034,0.00000,0.00000,0.00119,0.000,0.000,5.1,0.0072,True,,
606,Quantum Computing Control Simulation,noise_aware_routing,compute_ai_cloud,compute_pool,qpu,capacity,NONINFERIOR / INCONCLUSIVE,-0.00111,-0.00292,0.00071,0.00000,0.00000,0.00111,0.000,0.000,3.6,0.0103,True,,
607,Quantum Computing Control Simulation,error_mitigation_budget,compute_ai_cloud,compute_pool,qpu,admission,WORSE,-0.12182,-0.14448,-0.09916,-0.12169,-0.14159,0.00102,80.722,93.500,1.0,0.0139,True,,
608,Quantum Computing Control Simulation,quantum_queue_priority,compute_ai_cloud,compute_pool,qpu,admission,WORSE,-0.14518,-0.17156,-0.11880,-0.07660,-0.10142,0.08205,71.875,83.303,1.0,0.0111,True,,
1,Work Admission & Demand Shaping,api_concurrency,compute_ai_cloud,compute_pool,server,admission,NONINFERIOR / INCONCLUSIVE,0.00000,0.00000,0.00000,0.00000,0.00000,0.00000,0.000,0.000,0.0,0.0153,True,,
2,Work Admission & Demand Shaping,queue_concurrency,compute_ai_cloud,compute_pool,server,admission,NONINFERIOR / INCONCLUSIVE,0.00000,0.00000,0.00000,0.00000,0.00000,0.00000,0.000,0.000,0.0,0.0167,True,,
3,Work Admission & Demand Shaping,queue_backpressure,compute_ai_cloud,compute_pool,server,admission,NONINFERIOR / INCONCLUSIVE,0.00000,0.00000,0.00000,0.00000,0.00000,0.00000,0.000,0.000,0.0,0.0099,True,,
4,Work Admission & Demand Shaping,job_admission,compute_ai_cloud,compute_pool,server,admission,NONINFERIOR / INCONCLUSIVE,0.00000,0.00000,0.00000,0.00000,0.00000,0.00000,0.000,0.000,0.0,0.0149,True,,
5,Work Admission & Demand Shaping,batch_admission,compute_ai_cloud,compute_pool,server,admission,NONINFERIOR / INCONCLUSIVE,0.00000,0.00000,0.00000,0.00000,0.00000,0.00000,0.000,0.000,0.0,0.0203,True,,
6,Work Admission & Demand Shaping,inference_admission,compute_ai_cloud,compute_pool,server,admission,NONINFERIOR / INCONCLUSIVE,0.00000,0.00000,0.00000,0.00000,0.00000,0.00000,0.000,0.000,0.0,0.0174,True,,
7,Work Admission & Demand Shaping,load_shed,compute_ai_cloud,compute_pool,server,admission,NONINFERIOR / INCONCLUSIVE,0.00000,0.00000,0.00000,0.00000,0.00000,0.00000,0.000,0.000,0.0,0.0144,True,,
8,Work Admission & Demand Shaping,priority_gate,compute_ai_cloud,compute_pool,server,admission,NONINFERIOR / INCONCLUSIVE,0.00000,0.00000,0.00000,0.00000,0.00000,0.00000,0.000,0.000,0.0,0.0147,True,,
9,Work Admission & Demand Shaping,tenant_admission,compute_ai_cloud,compute_pool,server,admission,NONINFERIOR / INCONCLUSIVE,0.00000,0.00000,0.00000,0.00000,0.00000,0.00000,0.000,0.000,0.0,0.0132,True,,
10,Work Admission & Demand Shaping,burst_limit,compute_ai_cloud,compute_pool,server,admission,NONINFERIOR / INCONCLUSIVE,0.00000,0.00000,0.00000,0.00000,0.00000,0.00000,0.000,0.000,0.0,0.0149,True,,
11,Work Admission & Demand Shaping,deadline_admission,compute_ai_cloud,compute_pool,server,admission,NONINFERIOR / INCONCLUSIVE,0.00000,0.00000,0.00000,0.00000,0.00000,0.00000,0.000,0.000,0.0,0.0122,True,,
12,Work Admission & Demand Shaping,work_budget,compute_ai_cloud,compute_pool,server,admission,NONINFERIOR / INCONCLUSIVE,0.00000,0.00000,0.00000,0.00000,0.00000,0.00000,0.000,0.000,0.0,0.0114,True,,
13,Work Admission & Demand Shaping,request_queue_limit,compute_ai_cloud,compute_pool,server,admission,NONINFERIOR / INCONCLUSIVE,0.00000,0.00000,0.00000,0.00000,0.00000,0.00000,0.000,0.000,0.0,0.0164,True,,
14,Work Admission & Demand Shaping,retry_admission,compute_ai_cloud,compute_pool,server,admission,NONINFERIOR / INCONCLUSIVE,0.00000,0.00000,0.00000,0.00000,0.00000,0.00000,0.000,0.000,0.0,0.0139,True,,
15,Work Admission & Demand Shaping,background_work_gate,compute_ai_cloud,compute_pool,server,admission,NONINFERIOR / INCONCLUSIVE,0.00000,0.00000,0.00000,0.00000,0.00000,0.00000,0.000,0.000,0.0,0.0157,True,,
16,Work Admission & Demand Shaping,maintenance_work_gate,compute_ai_cloud,compute_pool,server,admission,NONINFERIOR / INCONCLUSIVE,0.00000,0.00000,0.00000,0.00000,0.00000,0.00000,0.000,0.000,0.0,0.0096,True,,
305,Cache & Memory Services,cache_size,distribution_specialized,compute_pool,server,capacity,NONINFERIOR / INCONCLUSIVE,0.00000,0.00000,0.00000,0.00000,0.00000,0.00000,0.000,0.000,1.2,0.0156,True,,
306,Cache & Memory Services,cache_ttl,distribution_specialized,compute_pool,server,setpoint,NONINFERIOR / INCONCLUSIVE,0.00000,0.00000,0.00000,0.00000,0.00000,0.00000,0.000,0.000,1.0,0.0121,True,ENERGY IMPROVEMENT WITH SERVICE TRADEOFF,0.24744
307,Cache & Memory Services,cache_eviction_policy,distribution_specialized,compute_pool,server,admission,NONINFERIOR / INCONCLUSIVE,0.00000,0.00000,0.00000,0.00000,0.00000,0.00000,0.000,0.000,0.0,0.0156,True,,
308,Cache & Memory Services,cache_replicas,distribution_specialized,compute_pool,server,capacity,NONINFERIOR / INCONCLUSIVE,-0.00038,-0.00123,0.00048,0.00000,0.00000,0.00038,0.000,0.000,1.2,0.0161,True,,
309,Cache & Memory Services,cache_sharding,distribution_specialized,compute_pool,server,capacity,NONINFERIOR / INCONCLUSIVE,-0.00001,-0.00003,0.00001,0.00000,0.00000,0.00001,0.000,0.000,1.2,0.0139,True,,
310,Cache & Memory Services,cache_prefetch,distribution_specialized,compute_pool,server,capacity,NONINFERIOR / INCONCLUSIVE,-0.00004,-0.00013,0.00005,0.00000,0.00000,0.00004,0.000,0.000,1.2,0.0112,True,,
311,Cache & Memory Services,cache_writeback_rate,distribution_specialized,compute_pool,server,capacity,NONINFERIOR / INCONCLUSIVE,-0.00003,-0.00010,0.00004,0.00000,0.00000,0.00003,0.000,0.000,1.2,0.0135,True,,
312,Cache & Memory Services,cache_admission,distribution_specialized,compute_pool,server,admission,NONINFERIOR / INCONCLUSIVE,0.00000,0.00000,0.00000,0.00000,0.00000,0.00000,0.000,0.000,0.0,0.0151,True,,
313,Cache & Memory Services,hot_key_isolation,distribution_specialized,compute_pool,server,admission,NONINFERIOR / INCONCLUSIVE,0.00000,0.00000,0.00000,0.00000,0.00000,0.00000,0.000,0.000,0.0,0.0168,True,,
314,Cache & Memory Services,cache_connection_limit,distribution_specialized,compute_pool,server,admission,NONINFERIOR / INCONCLUSIVE,0.00000,0.00000,0.00000,0.00000,0.00000,0.00000,0.000,0.000,0.0,0.0139,True,,
315,Cache & Memory Services,cache_memory_limit,distribution_specialized,compute_pool,server,capacity,NONINFERIOR / INCONCLUSIVE,0.00000,0.00000,0.00000,0.00000,0.00000,0.00000,0.000,0.000,1.0,0.0100,True,,
316,Cache & Memory Services,cache_compression,distribution_specialized,compute_pool,server,capacity,NONINFERIOR / INCONCLUSIVE,0.00000,0.00000,0.00000,0.00000,0.00000,0.00000,0.000,0.000,1.0,0.0108,True,,
317,Cache & Memory Services,cache_warmup,distribution_specialized,compute_pool,server,capacity,NONINFERIOR / INCONCLUSIVE,0.00000,0.00000,0.00000,0.00000,0.00000,0.00000,0.000,0.000,1.0,0.0099,True,,
318,Cache & Memory Services,cache_failover,distribution_specialized,compute_pool,server,capacity,NONINFERIOR / INCONCLUSIVE,0.00000,0.00000,0.00000,0.00000,0.00000,0.00000,0.000,0.000,1.0,0.0142,True,,
319,Cache & Memory Services,cache_flush_rate,distribution_specialized,compute_pool,server,capacity,NONINFERIOR / INCONCLUSIVE,0.00000,0.00000,0.00000,0.00000,0.00000,0.00000,0.000,0.000,1.0,0.0085,True,,
401,Commerce & Payment Systems,payment_admission,distribution_specialized,compute_pool,commerce,admission,NONINFERIOR / INCONCLUSIVE,0.00000,0.00000,0.00000,0.00000,0.00000,0.00000,0.000,0.000,0.0,0.0629,True,,
402,Commerce & Payment Systems,payment_concurrency,distribution_specialized,compute_pool,commerce,admission,NONINFERIOR / INCONCLUSIVE,0.00000,0.00000,0.00000,0.00000,0.00000,0.00000,0.000,0.000,0.0,0.0693,True,,
403,Commerce & Payment Systems,payment_retry,distribution_specialized,compute_pool,commerce,admission,NONINFERIOR / INCONCLUSIVE,0.00000,0.00000,0.00000,0.00000,0.00000,0.00000,0.000,0.000,0.0,0.0675,True,,
404,Commerce & Payment Systems,payment_timeout,distribution_specialized,compute_pool,commerce,admission,NONINFERIOR / INCONCLUSIVE,0.00000,0.00000,0.00000,0.00000,0.00000,0.00000,0.000,0.000,0.0,0.0507,True,,
405,Commerce & Payment Systems,fraud_review_gate,distribution_specialized,compute_pool,commerce,admission,NONINFERIOR / INCONCLUSIVE,0.00000,0.00000,0.00000,0.00000,0.00000,0.00000,0.000,0.000,0.0,0.0589,True,,
406,Commerce & Payment Systems,authorization_route,distribution_specialized,compute_pool,commerce,capacity,NONINFERIOR / INCONCLUSIVE,-0.00001,-0.00005,0.00002,0.00000,0.00000,0.00001,0.000,0.000,1.2,0.0601,True,,
407,Commerce & Payment Systems,processor_route_weight,distribution_specialized,compute_pool,commerce,setpoint,NONINFERIOR / INCONCLUSIVE,-0.00011,-0.00036,0.00014,0.00000,0.00000,0.00011,0.000,0.000,1.2,0.0564,True,ENERGY IMPROVEMENT WITH SERVICE TRADEOFF,0.28577
408,Commerce & Payment Systems,transaction_queue_limit,distribution_specialized,compute_pool,commerce,admission,NONINFERIOR / INCONCLUSIVE,0.00000,0.00000,0.00000,0.00000,0.00000,0.00000,0.000,0.000,0.0,0.0632,True,,
409,Commerce & Payment Systems,idempotency_window,distribution_specialized,compute_pool,commerce,setpoint,NONINFERIOR / INCONCLUSIVE,0.00000,0.00000,0.00000,0.00000,0.00000,0.00000,0.000,0.000,1.0,0.0493,True,ENERGY IMPROVEMENT WITH SERVICE TRADEOFF,0.29508
410,Commerce & Payment Systems,order_reservation,distribution_specialized,compute_pool,commerce,capacity,NONINFERIOR / INCONCLUSIVE,0.00000,0.00000,0.00000,0.00000,0.00000,0.00000,0.000,0.000,1.6,0.0592,True,,
411,Commerce & Payment Systems,inventory_hold,distribution_specialized,compute_pool,commerce,admission,NONINFERIOR / INCONCLUSIVE,0.00000,0.00000,0.00000,0.00000,0.00000,0.00000,0.000,0.000,0.0,0.0469,True,,
412,Commerce & Payment Systems,checkout_load_shed,distribution_specialized,compute_pool,commerce,admission,NONINFERIOR / INCONCLUSIVE,0.00000,0.00000,0.00000,0.00000,0.00000,0.00000,0.000,0.000,0.0,0.0618,True,,
413,Commerce & Payment Systems,refund_queue_rate,distribution_specialized,compute_pool,commerce,capacity,NONINFERIOR / INCONCLUSIVE,-0.00011,-0.00037,0.00014,0.00000,0.00000,0.00011,0.000,0.000,1.4,0.0436,True,,
414,Commerce & Payment Systems,settlement_batch,distribution_specialized,compute_pool,commerce,capacity,NONINFERIOR / INCONCLUSIVE,-0.00035,-0.00084,0.00014,0.00000,0.00000,0.00035,0.000,0.000,1.6,0.0674,True,,
415,Commerce & Payment Systems,payment_failover,distribution_specialized,compute_pool,commerce,capacity,NONINFERIOR / INCONCLUSIVE,0.00000,0.00000,0.00000,0.00000,0.00000,0.00000,0.000,0.000,1.0,0.0663,True,,
338,Data Analytics & ETL,executor_size,distribution_specialized,compute_pool,batch,capacity,NONINFERIOR / INCONCLUSIVE,-0.00033,-0.00077,0.00012,0.00000,0.00000,0.00033,0.000,0.000,2.6,0.0000,True,,
339,Data Analytics & ETL,dynamic_allocation_min,distribution_specialized,compute_pool,batch,capacity,NONINFERIOR / INCONCLUSIVE,-0.00060,-0.00166,0.00047,0.00000,0.00000,0.00060,0.000,0.000,1.8,0.0000,True,,
340,Data Analytics & ETL,dynamic_allocation_max,distribution_specialized,compute_pool,batch,capacity,WORSE,-0.00119,-0.00230,-0.00008,0.00000,0.00000,0.00120,0.000,0.000,3.0,0.0000,True,,
341,Data Analytics & ETL,shuffle_partitions,distribution_specialized,compute_pool,batch,capacity,NONINFERIOR / INCONCLUSIVE,-0.00070,-0.00180,0.00040,0.00000,0.00000,0.00070,0.000,0.000,2.6,0.0000,True,,
342,Data Analytics & ETL,shuffle_bandwidth,distribution_specialized,compute_pool,batch,capacity,NONINFERIOR / INCONCLUSIVE,-0.00058,-0.00148,0.00031,0.00000,0.00000,0.00059,0.000,0.000,2.1,0.0000,True,,
343,Data Analytics & ETL,etl_concurrency,distribution_specialized,compute_pool,batch,admission,WORSE,-0.22195,-0.24754,-0.19636,-0.00000,-0.00000,0.28763,26.542,32.303,1.0,0.0000,True,,
344,Data Analytics & ETL,stage_parallelism,distribution_specialized,compute_pool,batch,capacity,NONINFERIOR / INCONCLUSIVE,-0.00096,-0.00262,0.00069,0.00000,0.00000,0.00097,0.000,0.000,3.3,0.0000,True,,
345,Data Analytics & ETL,query_slots,distribution_specialized,compute_pool,batch,capacity,NONINFERIOR / INCONCLUSIVE,-0.00132,-0.00265,0.00000,0.00000,0.00000,0.00133,0.000,0.000,2.8,0.0000,True,,
346,Data Analytics & ETL,spill_threshold,distribution_specialized,compute_pool,batch,admission,WORSE,-0.20848,-0.21881,-0.19815,-0.00000,-0.00000,0.26377,36.847,39.555,1.0,0.0000,True,,
347,Data Analytics & ETL,cache_fraction,distribution_specialized,compute_pool,batch,setpoint,NONINFERIOR / INCONCLUSIVE,-0.00007,-0.00113,0.00100,0.00000,0.00000,0.00007,0.000,0.000,2.2,0.0000,True,ENERGY IMPROVEMENT WITH SERVICE TRADEOFF,0.24905
348,Data Analytics & ETL,batch_interval,distribution_specialized,compute_pool,batch,setpoint,NONINFERIOR / INCONCLUSIVE,-0.00003,-0.00009,0.00002,0.00000,0.00000,0.00003,0.000,0.000,1.6,0.0000,True,ENERGY IMPROVEMENT WITH SERVICE TRADEOFF,0.23097
349,Data Analytics & ETL,stream_backpressure,distribution_specialized,compute_pool,batch,admission,WORSE,-0.19914,-0.22044,-0.17784,-0.00000,-0.00000,0.25015,35.056,40.452,1.0,0.0000,True,,
350,Data Analytics & ETL,data_locality_wait,distribution_specialized,compute_pool,batch,capacity,NONINFERIOR / INCONCLUSIVE,-0.00098,-0.00210,0.00014,0.00000,0.00000,0.00098,0.000,0.000,2.9,0.0000,True,,
351,Data Analytics & ETL,speculation_policy,distribution_specialized,compute_pool,batch,capacity,NONINFERIOR / INCONCLUSIVE,-0.00040,-0.00120,0.00040,0.00000,0.00000,0.00040,0.000,0.000,3.0,0.0000,True,,
352,Data Analytics & ETL,analytics_admission,distribution_specialized,compute_pool,batch,admission,WORSE,-0.22487,-0.24482,-0.20491,-0.00000,-0.00000,0.29160,35.125,38.943,1.0,0.0000,True,,
273,Database & Transactions,db_replicas,distribution_specialized,compute_pool,database,capacity,NONINFERIOR / INCONCLUSIVE,-0.00004,-0.00012,0.00005,0.00000,0.00000,0.00004,0.000,0.000,2.0,0.0779,True,,
275,Database & Transactions,db_memory,distribution_specialized,compute_pool,database,capacity,NONINFERIOR / INCONCLUSIVE,0.00000,0.00000,0.00000,0.00000,0.00000,0.00000,0.000,0.000,1.0,0.0860,True,,
276,Database & Transactions,db_cache,distribution_specialized,compute_pool,database,capacity,NONINFERIOR / INCONCLUSIVE,0.00000,0.00000,0.00000,0.00000,0.00000,0.00000,0.000,0.000,1.6,0.0828,True,,
277,Database & Transactions,query_concurrency,distribution_specialized,compute_pool,database,admission,NONINFERIOR / INCONCLUSIVE,0.00000,0.00000,0.00000,0.00000,0.00000,0.00000,0.000,0.000,0.0,0.0829,True,,
278,Database & Transactions,read_route,distribution_specialized,compute_pool,database,capacity,NONINFERIOR / INCONCLUSIVE,0.00000,0.00000,0.00000,0.00000,0.00000,0.00000,0.000,0.000,1.4,0.0950,True,,
279,Database & Transactions,shard_placement,distribution_specialized,compute_pool,database,capacity,NONINFERIOR / INCONCLUSIVE,0.00000,0.00000,0.00000,0.00000,0.00000,0.00000,0.000,0.000,1.0,0.0800,True,,
280,Database & Transactions,db_failover,distribution_specialized,compute_pool,database,capacity,NONINFERIOR / INCONCLUSIVE,0.00000,0.00000,0.00000,0.00000,0.00000,0.00000,0.000,0.000,1.2,0.0821,True,,
281,Database & Transactions,replication_lag_gate,distribution_specialized,compute_pool,database,admission,NONINFERIOR / INCONCLUSIVE,0.00000,0.00000,0.00000,0.00000,0.00000,0.00000,0.000,0.000,0.0,0.0707,True,,
282,Database & Transactions,db_write_throttle,distribution_specialized,compute_pool,database,admission,NONINFERIOR / INCONCLUSIVE,0.00000,0.00000,0.00000,0.00000,0.00000,0.00000,0.000,0.000,0.0,0.0786,True,,
283,Database & Transactions,db_pool_resize,distribution_specialized,compute_pool,database,capacity,NONINFERIOR / INCONCLUSIVE,0.00000,0.00000,0.00000,0.00000,0.00000,0.00000,0.000,0.000,1.0,0.0843,True,,
284,Database & Transactions,transaction_concurrency,distribution_specialized,compute_pool,database,admission,NONINFERIOR / INCONCLUSIVE,0.00000,0.00000,0.00000,0.00000,0.00000,0.00000,0.000,0.000,0.0,0.0461,True,,
285,Database & Transactions,lock_timeout,distribution_specialized,compute_pool,database,admission,NONINFERIOR / INCONCLUSIVE,0.00000,0.00000,0.00000,0.00000,0.00000,0.00000,0.000,0.000,0.0,0.0710,True,,
286,Database & Transactions,checkpoint_rate,distribution_specialized,compute_pool,database,capacity,NONINFERIOR / INCONCLUSIVE,0.00000,0.00000,0.00000,0.00000,0.00000,0.00000,0.000,0.000,1.6,0.0846,True,,
287,Database & Transactions,vacuum_compaction_rate,distribution_specialized,compute_pool,database,capacity,NONINFERIOR / INCONCLUSIVE,0.00000,0.00000,0.00000,0.00000,0.00000,0.00000,0.000,0.000,1.2,0.0882,True,,
289,Messaging & Streaming,partition_count,distribution_specialized,compute_pool,server,capacity,NONINFERIOR / INCONCLUSIVE,0.00000,0.00000,0.00000,0.00000,0.00000,0.00000,0.000,0.000,1.0,0.0118,True,,
290,Messaging & Streaming,partition_placement,distribution_specialized,compute_pool,server,capacity,NONINFERIOR / INCONCLUSIVE,0.00000,0.00000,0.00000,0.00000,0.00000,0.00000,0.000,0.000,1.0,0.0101,True,,
291,Messaging & Streaming,producer_quota,distribution_specialized,compute_pool,server,admission,NONINFERIOR / INCONCLUSIVE,0.00000,0.00000,0.00000,0.00000,0.00000,0.00000,0.000,0.000,0.0,0.0126,True,,
292,Messaging & Streaming,consumer_quota,distribution_specialized,compute_pool,server,admission,NONINFERIOR / INCONCLUSIVE,0.00000,0.00000,0.00000,0.00000,0.00000,0.00000,0.000,0.000,0.0,0.0128,True,,
293,Messaging & Streaming,broker_io_quota,distribution_specialized,compute_pool,server,admission,NONINFERIOR / INCONCLUSIVE,0.00000,0.00000,0.00000,0.00000,0.00000,0.00000,0.000,0.000,0.0,0.0104,True,,
294,Messaging & Streaming,message_retention,distribution_specialized,compute_pool,server,capacity,NONINFERIOR / INCONCLUSIVE,0.00000,0.00000,0.00000,0.00000,0.00000,0.00000,0.000,0.000,1.0,0.0114,True,,
295,Messaging & Streaming,queue_depth_limit,distribution_specialized,compute_pool,server,admission,NONINFERIOR / INCONCLUSIVE,0.00000,0.00000,0.00000,0.00000,0.00000,0.00000,0.000,0.000,0.0,0.0143,True,,
296,Messaging & Streaming,consumer_concurrency,distribution_specialized,compute_pool,server,admission,NONINFERIOR / INCONCLUSIVE,0.00000,0.00000,0.00000,0.00000,0.00000,0.00000,0.000,0.000,0.0,0.0137,True,,
297,Messaging & Streaming,producer_batch_size,distribution_specialized,compute_pool,server,capacity,NONINFERIOR / INCONCLUSIVE,0.00000,0.00000,0.00000,0.00000,0.00000,0.00000,0.000,0.000,1.0,0.0129,True,,
298,Messaging & Streaming,fetch_batch_size,distribution_specialized,compute_pool,server,capacity,NONINFERIOR / INCONCLUSIVE,0.00000,0.00000,0.00000,0.00000,0.00000,0.00000,0.000,0.000,1.2,0.0153,True,,
299,Messaging & Streaming,rebalance_rate,distribution_specialized,compute_pool,server,capacity,NONINFERIOR / INCONCLUSIVE,0.00000,0.00000,0.00000,0.00000,0.00000,0.00000,0.000,0.000,1.0,0.0122,True,,
300,Messaging & Streaming,replication_factor,distribution_specialized,compute_pool,server,capacity,NONINFERIOR / INCONCLUSIVE,0.00000,0.00000,0.00000,0.00000,0.00000,0.00000,0.000,0.000,1.0,0.0108,True,,
301,Messaging & Streaming,retry_backoff,distribution_specialized,compute_pool,server,admission,NONINFERIOR / INCONCLUSIVE,0.00000,0.00000,0.00000,0.00000,0.00000,0.00000,0.000,0.000,0.0,0.0149,True,,
302,Messaging & Streaming,dead_letter_divert,distribution_specialized,compute_pool,server,capacity,NONINFERIOR / INCONCLUSIVE,0.00000,0.00000,0.00000,0.00000,0.00000,0.00000,0.000,0.000,1.0,0.0126,True,,
303,Messaging & Streaming,stream_priority,distribution_specialized,compute_pool,server,admission,NONINFERIOR / INCONCLUSIVE,0.00000,0.00000,0.00000,0.00000,0.00000,0.00000,0.000,0.000,0.0,0.0169,True,,
304,Messaging & Streaming,broker_failover,distribution_specialized,compute_pool,server,capacity,NONINFERIOR / INCONCLUSIVE,0.00000,0.00000,0.00000,0.00000,0.00000,0.00000,0.000,0.000,1.0,0.0131,True,,
225,Network Routing & Switching,lb_weight,distribution_specialized,compute_pool,network,setpoint,NONINFERIOR / INCONCLUSIVE,0.00000,0.00000,0.00000,0.00000,0.00000,0.00000,0.000,0.000,1.2,0.0056,True,ENERGY IMPROVEMENT WITH SERVICE TRADEOFF,0.47477
226,Network Routing & Switching,route_weight,distribution_specialized,compute_pool,network,setpoint,NONINFERIOR / INCONCLUSIVE,0.00000,0.00000,0.00000,0.00000,0.00000,0.00000,0.000,0.000,1.0,0.0071,True,ENERGY IMPROVEMENT WITH SERVICE TRADEOFF,0.47423
227,Network Routing & Switching,rate_limit,distribution_specialized,compute_pool,network,admission,NONINFERIOR / INCONCLUSIVE,0.00000,0.00000,0.00000,0.00000,0.00000,0.00000,0.000,0.000,0.0,0.0049,True,,
228,Network Routing & Switching,bandwidth_limit,distribution_specialized,compute_pool,network,capacity,NONINFERIOR / INCONCLUSIVE,0.00000,0.00000,0.00000,0.00000,0.00000,0.00000,0.000,0.000,1.0,0.0079,True,,
229,Network Routing & Switching,qos_class,distribution_specialized,compute_pool,network,capacity,NONINFERIOR / INCONCLUSIVE,-0.00002,-0.00007,0.00003,0.00000,0.00000,0.00002,0.000,0.000,1.2,0.0075,True,,
230,Network Routing & Switching,connection_limit,distribution_specialized,compute_pool,network,admission,NONINFERIOR / INCONCLUSIVE,0.00000,0.00000,0.00000,0.00000,0.00000,0.00000,0.000,0.000,0.0,0.0100,True,,
231,Network Routing & Switching,failover_route,distribution_specialized,compute_pool,network,capacity,NONINFERIOR / INCONCLUSIVE,0.00000,0.00000,0.00000,0.00000,0.00000,0.00000,0.000,0.000,1.0,0.0046,True,,
232,Network Routing & Switching,nic_rate_limit,distribution_specialized,compute_pool,network,admission,NONINFERIOR / INCONCLUSIVE,0.00000,0.00000,0.00000,0.00000,0.00000,0.00000,0.000,0.000,0.0,0.0064,True,,
233,Network Routing & Switching,nic_queue_count,distribution_specialized,compute_pool,network,capacity,NONINFERIOR / INCONCLUSIVE,0.00000,0.00000,0.00000,0.00000,0.00000,0.00000,0.000,0.000,1.0,0.0078,True,,
234,Network Routing & Switching,queue_discipline,distribution_specialized,compute_pool,network,capacity,NONINFERIOR / INCONCLUSIVE,0.00000,0.00000,0.00000,0.00000,0.00000,0.00000,0.000,0.000,1.0,0.0064,True,,
235,Network Routing & Switching,congestion_control,distribution_specialized,compute_pool,network,capacity,NONINFERIOR / INCONCLUSIVE,0.00000,0.00000,0.00000,0.00000,0.00000,0.00000,0.000,0.000,1.0,0.0039,True,,
236,Network Routing & Switching,egress_budget,distribution_specialized,compute_pool,network,admission,NONINFERIOR / INCONCLUSIVE,0.00000,0.00000,0.00000,0.00000,0.00000,0.00000,0.000,0.000,0.0,0.0074,True,,
237,Network Routing & Switching,ingress_budget,distribution_specialized,compute_pool,network,admission,NONINFERIOR / INCONCLUSIVE,0.00000,0.00000,0.00000,0.00000,0.00000,0.00000,0.000,0.000,0.0,0.0056,True,,
238,Network Routing & Switching,ecmp_weight,distribution_specialized,compute_pool,network,setpoint,NONINFERIOR / INCONCLUSIVE,0.00000,0.00000,0.00000,0.00000,0.00000,0.00000,0.000,0.000,1.0,0.0042,True,ENERGY IMPROVEMENT WITH SERVICE TRADEOFF,0.43246
239,Network Routing & Switching,path_selection,distribution_specialized,compute_pool,network,capacity,NONINFERIOR / INCONCLUSIVE,0.00000,0.00000,0.00000,0.00000,0.00000,0.00000,0.000,0.000,1.0,0.0050,True,,
240,Network Routing & Switching,network_isolation,distribution_specialized,compute_pool,network,admission,NONINFERIOR / INCONCLUSIVE,0.00000,0.00000,0.00000,0.00000,0.00000,0.00000,0.000,0.000,0.0,0.0079,True,,
373,Observability & Telemetry,collector_memory_limit,distribution_specialized,compute_pool,server,capacity,NONINFERIOR / INCONCLUSIVE,0.00000,0.00000,0.00000,0.00000,0.00000,0.00000,0.000,0.000,1.0,0.0190,True,,
374,Observability & Telemetry,export_concurrency,distribution_specialized,compute_pool,server,admission,NONINFERIOR / INCONCLUSIVE,0.00000,0.00000,0.00000,0.00000,0.00000,0.00000,0.000,0.000,0.0,0.0114,True,,
376,Observability & Telemetry,cardinality_budget,distribution_specialized,compute_pool,server,admission,NONINFERIOR / INCONCLUSIVE,0.00000,0.00000,0.00000,0.00000,0.00000,0.00000,0.000,0.000,0.0,0.0114,True,,
377,Observability & Telemetry,retention_window,distribution_specialized,compute_pool,server,setpoint,NONINFERIOR / INCONCLUSIVE,0.00000,0.00000,0.00000,0.00000,0.00000,0.00000,0.000,0.000,1.0,0.0121,True,ENERGY IMPROVEMENT WITH SERVICE TRADEOFF,0.24587
378,Observability & Telemetry,remote_write_queue,distribution_specialized,compute_pool,server,capacity,NONINFERIOR / INCONCLUSIVE,0.00000,0.00000,0.00000,0.00000,0.00000,0.00000,0.000,0.000,1.0,0.0100,True,,
379,Observability & Telemetry,telemetry_shed,distribution_specialized,compute_pool,server,admission,NONINFERIOR / INCONCLUSIVE,0.00000,0.00000,0.00000,0.00000,0.00000,0.00000,0.000,0.000,0.0,0.0164,True,,
385,"Reliability, Security & Recovery",restart,distribution_specialized,compute_pool,server,capacity,NONINFERIOR / INCONCLUSIVE,0.00000,0.00000,0.00000,0.00000,0.00000,0.00000,0.000,0.000,1.0,0.0111,True,,
386,"Reliability, Security & Recovery",rollback,distribution_specialized,compute_pool,server,capacity,NONINFERIOR / INCONCLUSIVE,0.00000,0.00000,0.00000,0.00000,0.00000,0.00000,0.000,0.000,1.2,0.0108,True,,
388,"Reliability, Security & Recovery",traffic_divert_recovery,distribution_specialized,compute_pool,server,capacity,NONINFERIOR / INCONCLUSIVE,-0.00009,-0.00031,0.00012,0.00000,0.00000,0.00009,0.000,0.000,1.2,0.0115,True,,
389,"Reliability, Security & Recovery",degraded_mode,distribution_specialized,compute_pool,server,capacity,NONINFERIOR / INCONCLUSIVE,0.00000,0.00000,0.00000,0.00000,0.00000,0.00000,0.000,0.000,1.0,0.0165,True,,
390,"Reliability, Security & Recovery",actuator_freeze,distribution_specialized,compute_pool,server,admission,NONINFERIOR / INCONCLUSIVE,0.00000,0.00000,0.00000,0.00000,0.00000,0.00000,0.000,0.000,0.0,0.0108,True,,
391,"Reliability, Security & Recovery",workload_isolate,distribution_specialized,compute_pool,server,admission,NONINFERIOR / INCONCLUSIVE,0.00000,0.00000,0.00000,0.00000,0.00000,0.00000,0.000,0.000,0.0,0.0108,True,,
393,"Reliability, Security & Recovery",credential_rotation_gate,distribution_specialized,compute_pool,server,admission,NONINFERIOR / INCONCLUSIVE,0.00000,0.00000,0.00000,0.00000,0.00000,0.00000,0.000,0.000,0.0,0.0114,True,,
394,"Reliability, Security & Recovery",policy_enforcement,distribution_specialized,compute_pool,server,capacity,NONINFERIOR / INCONCLUSIVE,0.00000,0.00000,0.00000,0.00000,0.00000,0.00000,0.000,0.000,1.0,0.0104,True,,
395,"Reliability, Security & Recovery",rate_abuse_gate,distribution_specialized,compute_pool,server,admission,NONINFERIOR / INCONCLUSIVE,0.00000,0.00000,0.00000,0.00000,0.00000,0.00000,0.000,0.000,0.0,0.0163,True,,
396,"Reliability, Security & Recovery",fault_domain_isolate,distribution_specialized,compute_pool,server,admission,NONINFERIOR / INCONCLUSIVE,0.00000,0.00000,0.00000,0.00000,0.00000,0.00000,0.000,0.000,0.0,0.0174,True,,
397,"Reliability, Security & Recovery",backup_trigger,distribution_specialized,compute_pool,server,capacity,NONINFERIOR / INCONCLUSIVE,0.00000,0.00000,0.00000,0.00000,0.00000,0.00000,0.000,0.000,1.0,0.0140,True,,
400,"Reliability, Security & Recovery",kill_switch,distribution_specialized,compute_pool,server,admission,NONINFERIOR / INCONCLUSIVE,0.00000,0.00000,0.00000,0.00000,0.00000,0.00000,0.000,0.000,0.0,0.0132,True,,
353,Runtime & Application,worker_count,distribution_specialized,compute_pool,server,capacity,NONINFERIOR / INCONCLUSIVE,0.00000,0.00000,0.00000,0.00000,0.00000,0.00000,0.000,0.000,1.0,0.0111,True,,
354,Runtime & Application,thread_pool,distribution_specialized,compute_pool,server,capacity,NONINFERIOR / INCONCLUSIVE,0.00000,0.00000,0.00000,0.00000,0.00000,0.00000,0.000,0.000,1.0,0.0174,True,,
355,Runtime & Application,jvm_heap,distribution_specialized,compute_pool,server,capacity,NONINFERIOR / INCONCLUSIVE,0.00000,0.00000,0.00000,0.00000,0.00000,0.00000,0.000,0.000,1.0,0.0129,True,,
356,Runtime & Application,gc_budget,distribution_specialized,compute_pool,server,admission,NONINFERIOR / INCONCLUSIVE,0.00000,0.00000,0.00000,0.00000,0.00000,0.00000,0.000,0.000,0.0,0.0099,True,,
357,Runtime & Application,connection_pool_runtime,distribution_specialized,compute_pool,server,capacity,NONINFERIOR / INCONCLUSIVE,-0.00001,-0.00003,0.00001,0.00000,0.00000,0.00001,0.000,0.000,1.2,0.0090,True,,
358,Runtime & Application,application_cache_size,distribution_specialized,compute_pool,server,capacity,NONINFERIOR / INCONCLUSIVE,0.00000,0.00000,0.00000,0.00000,0.00000,0.00000,0.000,0.000,1.0,0.0132,True,,
359,Runtime & Application,runtime_memory,distribution_specialized,compute_pool,server,capacity,NONINFERIOR / INCONCLUSIVE,0.00000,0.00000,0.00000,0.00000,0.00000,0.00000,0.000,0.000,1.0,0.0200,True,,
360,Runtime & Application,async_concurrency,distribution_specialized,compute_pool,server,admission,NONINFERIOR / INCONCLUSIVE,0.00000,0.00000,0.00000,0.00000,0.00000,0.00000,0.000,0.000,0.0,0.0096,True,,
361,Runtime & Application,event_loop_workers,distribution_specialized,compute_pool,server,capacity,NONINFERIOR / INCONCLUSIVE,0.00000,0.00000,0.00000,0.00000,0.00000,0.00000,0.000,0.000,1.0,0.0171,True,,
362,Runtime & Application,process_count,distribution_specialized,compute_pool,server,capacity,NONINFERIOR / INCONCLUSIVE,-0.00006,-0.00018,0.00006,0.00000,0.00000,0.00006,0.000,0.000,1.6,0.0118,True,,
363,Runtime & Application,request_timeout,distribution_specialized,compute_pool,server,admission,NONINFERIOR / INCONCLUSIVE,0.00000,0.00000,0.00000,0.00000,0.00000,0.00000,0.000,0.000,0.0,0.0121,True,,
364,Runtime & Application,background_workers,distribution_specialized,compute_pool,server,capacity,NONINFERIOR / INCONCLUSIVE,0.00000,0.00000,0.00000,0.00000,0.00000,0.00000,0.000,0.000,1.0,0.0222,True,,
365,Runtime & Application,runtime_cpu_budget,distribution_specialized,compute_pool,server,admission,NONINFERIOR / INCONCLUSIVE,0.00000,0.00000,0.00000,0.00000,0.00000,0.00000,0.000,0.000,0.0,0.0147,True,,
366,Runtime & Application,runtime_io_budget,distribution_specialized,compute_pool,server,admission,NONINFERIOR / INCONCLUSIVE,0.00000,0.00000,0.00000,0.00000,0.00000,0.00000,0.000,0.000,0.0,0.0124,True,,
367,Runtime & Application,runtime_restart,distribution_specialized,compute_pool,server,capacity,NONINFERIOR / INCONCLUSIVE,-0.00019,-0.00063,0.00024,0.00000,0.00000,0.00019,0.000,0.000,1.2,0.0090,True,,
321,"Search, Indexing & Vector DB",index_workers,distribution_specialized,compute_pool,server,capacity,NONINFERIOR / INCONCLUSIVE,0.00000,0.00000,0.00000,0.00000,0.00000,0.00000,0.000,0.000,1.0,0.0175,True,,
322,"Search, Indexing & Vector DB",index_refresh_rate,distribution_specialized,compute_pool,server,capacity,NONINFERIOR / INCONCLUSIVE,0.00000,0.00000,0.00000,0.00000,0.00000,0.00000,0.000,0.000,1.2,0.0117,True,,
323,"Search, Indexing & Vector DB",segment_merge_rate,distribution_specialized,compute_pool,server,capacity,NONINFERIOR / INCONCLUSIVE,0.00000,0.00000,0.00000,0.00000,0.00000,0.00000,0.000,0.000,1.0,0.0143,True,,
324,"Search, Indexing & Vector DB",search_concurrency,distribution_specialized,compute_pool,server,admission,NONINFERIOR / INCONCLUSIVE,0.00000,0.00000,0.00000,0.00000,0.00000,0.00000,0.000,0.000,0.0,0.0108,True,,
325,"Search, Indexing & Vector DB",search_timeout,distribution_specialized,compute_pool,server,admission,NONINFERIOR / INCONCLUSIVE,0.00000,0.00000,0.00000,0.00000,0.00000,0.00000,0.000,0.000,0.0,0.0174,True,,
326,"Search, Indexing & Vector DB",shard_count,distribution_specialized,compute_pool,server,capacity,NONINFERIOR / INCONCLUSIVE,0.00000,0.00000,0.00000,0.00000,0.00000,0.00000,0.000,0.000,1.2,0.0132,True,,
327,"Search, Indexing & Vector DB",shard_replication,distribution_specialized,compute_pool,server,capacity,NONINFERIOR / INCONCLUSIVE,0.00000,0.00000,0.00000,0.00000,0.00000,0.00000,0.000,0.000,1.0,0.0119,True,,
328,"Search, Indexing & Vector DB",shard_rebalance,distribution_specialized,compute_pool,server,capacity,NONINFERIOR / INCONCLUSIVE,-0.00002,-0.00006,0.00002,0.00000,0.00000,0.00002,0.000,0.000,1.2,0.0122,True,,
329,"Search, Indexing & Vector DB",vector_search_k,distribution_specialized,compute_pool,server,capacity,NONINFERIOR / INCONCLUSIVE,0.00000,0.00000,0.00000,0.00000,0.00000,0.00000,0.000,0.000,1.0,0.0107,True,,
330,"Search, Indexing & Vector DB",vector_batch_size,distribution_specialized,compute_pool,server,capacity,NONINFERIOR / INCONCLUSIVE,0.00000,0.00000,0.00000,0.00000,0.00000,0.00000,0.000,0.000,1.0,0.0115,True,,
331,"Search, Indexing & Vector DB",embedding_workers,distribution_specialized,compute_pool,server,capacity,NONINFERIOR / INCONCLUSIVE,0.00000,0.00000,0.00000,0.00000,0.00000,0.00000,0.000,0.000,1.2,0.0147,True,,
332,"Search, Indexing & Vector DB",index_memory_budget,distribution_specialized,compute_pool,server,admission,NONINFERIOR / INCONCLUSIVE,0.00000,0.00000,0.00000,0.00000,0.00000,0.00000,0.000,0.000,0.0,0.0119,True,,
333,"Search, Indexing & Vector DB",query_route,distribution_specialized,compute_pool,server,capacity,NONINFERIOR / INCONCLUSIVE,0.00000,0.00000,0.00000,0.00000,0.00000,0.00000,0.000,0.000,1.0,0.0122,True,,
334,"Search, Indexing & Vector DB",hot_shard_isolation,distribution_specialized,compute_pool,server,admission,NONINFERIOR / INCONCLUSIVE,0.00000,0.00000,0.00000,0.00000,0.00000,0.00000,0.000,0.000,0.0,0.0126,True,,
335,"Search, Indexing & Vector DB",search_admission,distribution_specialized,compute_pool,server,admission,NONINFERIOR / INCONCLUSIVE,0.00000,0.00000,0.00000,0.00000,0.00000,0.00000,0.000,0.000,0.0,0.0094,True,,
241,Service Mesh & API Reliability,circuit_breaker,distribution_specialized,compute_pool,server,admission,NONINFERIOR / INCONCLUSIVE,0.00000,0.00000,0.00000,0.00000,0.00000,0.00000,0.000,0.000,0.0,0.0157,True,,
242,Service Mesh & API Reliability,retry_budget,distribution_specialized,compute_pool,server,admission,NONINFERIOR / INCONCLUSIVE,0.00000,0.00000,0.00000,0.00000,0.00000,0.00000,0.000,0.000,0.0,0.0086,True,,
243,Service Mesh & API Reliability,service_timeout,distribution_specialized,compute_pool,server,admission,NONINFERIOR / INCONCLUSIVE,0.00000,0.00000,0.00000,0.00000,0.00000,0.00000,0.000,0.000,0.0,0.0169,True,,
244,Service Mesh & API Reliability,service_concurrency,distribution_specialized,compute_pool,server,admission,NONINFERIOR / INCONCLUSIVE,0.00000,0.00000,0.00000,0.00000,0.00000,0.00000,0.000,0.000,0.0,0.0146,True,,
245,Service Mesh & API Reliability,connection_pool,distribution_specialized,compute_pool,server,capacity,NONINFERIOR / INCONCLUSIVE,0.00000,0.00000,0.00000,0.00000,0.00000,0.00000,0.000,0.000,1.0,0.0069,True,,
246,Service Mesh & API Reliability,traffic_divert,distribution_specialized,compute_pool,server,capacity,NONINFERIOR / INCONCLUSIVE,0.00000,0.00000,0.00000,0.00000,0.00000,0.00000,0.000,0.000,1.0,0.0126,True,,
247,Service Mesh & API Reliability,traffic_mirror,distribution_specialized,compute_pool,server,capacity,NONINFERIOR / INCONCLUSIVE,0.00000,0.00000,0.00000,0.00000,0.00000,0.00000,0.000,0.000,1.0,0.0118,True,,
248,Service Mesh & API Reliability,canary_weight,distribution_specialized,compute_pool,server,setpoint,NONINFERIOR / INCONCLUSIVE,0.00000,0.00000,0.00000,0.00000,0.00000,0.00000,0.000,0.000,1.0,0.0129,True,ENERGY IMPROVEMENT WITH SERVICE TRADEOFF,0.24419
249,Service Mesh & API Reliability,outlier_ejection,distribution_specialized,compute_pool,server,admission,NONINFERIOR / INCONCLUSIVE,0.00000,0.00000,0.00000,0.00000,0.00000,0.00000,0.000,0.000,0.0,0.0114,True,,
250,Service Mesh & API Reliability,health_threshold,distribution_specialized,compute_pool,server,admission,NONINFERIOR / INCONCLUSIVE,0.00000,0.00000,0.00000,0.00000,0.00000,0.00000,0.000,0.000,0.0,0.0085,True,,
251,Service Mesh & API Reliability,dns_traffic_weight,distribution_specialized,compute_pool,server,setpoint,NONINFERIOR / INCONCLUSIVE,0.00000,0.00000,0.00000,0.00000,0.00000,0.00000,0.000,0.000,1.0,0.0133,True,ENERGY IMPROVEMENT WITH SERVICE TRADEOFF,0.24364
252,Service Mesh & API Reliability,session_affinity,distribution_specialized,compute_pool,server,capacity,NONINFERIOR / INCONCLUSIVE,0.00000,0.00000,0.00000,0.00000,0.00000,0.00000,0.000,0.000,1.0,0.0142,True,,
253,Service Mesh & API Reliability,request_hedging,distribution_specialized,compute_pool,server,capacity,NONINFERIOR / INCONCLUSIVE,-0.00001,-0.00002,0.00001,0.00000,0.00000,0.00001,0.000,0.000,1.2,0.0144,True,,
254,Service Mesh & API Reliability,fault_injection_gate,distribution_specialized,compute_pool,server,admission,NONINFERIOR / INCONCLUSIVE,0.00000,0.00000,0.00000,0.00000,0.00000,0.00000,0.000,0.000,0.0,0.0119,True,,
255,Service Mesh & API Reliability,service_failover,distribution_specialized,compute_pool,server,capacity,NONINFERIOR / INCONCLUSIVE,-0.00003,-0.00009,0.00003,0.00000,0.00000,0.00003,0.000,0.000,1.2,0.0249,True,,
257,Storage Block/File/Object,volume_size,distribution_specialized,compute_pool,storage,capacity,NONINFERIOR / INCONCLUSIVE,0.00000,0.00000,0.00000,0.00000,0.00000,0.00000,0.000,0.000,1.0,0.0056,True,,
258,Storage Block/File/Object,iops_limit,distribution_specialized,compute_pool,storage,capacity,NONINFERIOR / INCONCLUSIVE,0.00000,0.00000,0.00000,0.00000,0.00000,0.00000,0.000,0.000,1.0,0.0036,True,,
259,Storage Block/File/Object,throughput_limit,distribution_specialized,compute_pool,storage,capacity,NONINFERIOR / INCONCLUSIVE,0.00000,0.00000,0.00000,0.00000,0.00000,0.00000,0.000,0.000,1.0,0.0081,True,,
260,Storage Block/File/Object,replica_count,distribution_specialized,compute_pool,storage,capacity,NONINFERIOR / INCONCLUSIVE,0.00000,0.00000,0.00000,0.00000,0.00000,0.00000,0.000,0.000,1.0,0.0060,True,,
261,Storage Block/File/Object,storage_tier,distribution_specialized,compute_pool,storage,capacity,NONINFERIOR / INCONCLUSIVE,0.00000,0.00000,0.00000,0.00000,0.00000,0.00000,0.000,0.000,1.0,0.0069,True,,
262,Storage Block/File/Object,volume_placement,distribution_specialized,compute_pool,storage,capacity,NONINFERIOR / INCONCLUSIVE,0.00000,0.00000,0.00000,0.00000,0.00000,0.00000,0.000,0.000,1.0,0.0069,True,,
263,Storage Block/File/Object,snapshot_trigger,distribution_specialized,compute_pool,storage,capacity,NONINFERIOR / INCONCLUSIVE,0.00000,0.00000,0.00000,0.00000,0.00000,0.00000,0.000,0.000,1.0,0.0056,True,,
264,Storage Block/File/Object,rebalance,distribution_specialized,compute_pool,storage,capacity,NONINFERIOR / INCONCLUSIVE,0.00000,0.00000,0.00000,0.00000,0.00000,0.00000,0.000,0.000,1.0,0.0044,True,,
265,Storage Block/File/Object,recovery_rate,distribution_specialized,compute_pool,storage,capacity,NONINFERIOR / INCONCLUSIVE,0.00000,0.00000,0.00000,0.00000,0.00000,0.00000,0.000,0.000,1.0,0.0069,True,,
266,Storage Block/File/Object,backfill_rate,distribution_specialized,compute_pool,storage,capacity,NONINFERIOR / INCONCLUSIVE,0.00000,0.00000,0.00000,0.00000,0.00000,0.00000,0.000,0.000,1.0,0.0060,True,,
267,Storage Block/File/Object,compaction_pressure,distribution_specialized,compute_pool,storage,capacity,NONINFERIOR / INCONCLUSIVE,0.00000,0.00000,0.00000,0.00000,0.00000,0.00000,0.000,0.000,1.0,0.0043,True,,
268,Storage Block/File/Object,cache_allocation,distribution_specialized,compute_pool,storage,capacity,NONINFERIOR / INCONCLUSIVE,0.00000,0.00000,0.00000,0.00000,0.00000,0.00000,0.000,0.000,1.0,0.0064,True,,
269,Storage Block/File/Object,object_replication,distribution_specialized,compute_pool,storage,capacity,NONINFERIOR / INCONCLUSIVE,0.00000,0.00000,0.00000,0.00000,0.00000,0.00000,0.000,0.000,1.0,0.0081,True,,
270,Storage Block/File/Object,erasure_code_profile,distribution_specialized,compute_pool,storage,capacity,NONINFERIOR / INCONCLUSIVE,0.00000,0.00000,0.00000,0.00000,0.00000,0.00000,0.000,0.000,1.0,0.0088,True,,
271,Storage Block/File/Object,storage_admission,distribution_specialized,compute_pool,storage,admission,NONINFERIOR / INCONCLUSIVE,0.00000,0.00000,0.00000,0.00000,0.00000,0.00000,0.000,0.000,0.0,0.0075,True,,
272,Storage Block/File/Object,degraded_storage_gate,distribution_specialized,compute_pool,storage,admission,NONINFERIOR / INCONCLUSIVE,0.00000,0.00000,0.00000,0.00000,0.00000,0.00000,0.000,0.000,0.0,0.0081,True,,
AUDIT-0009,Telecom RAN & Edge Radio,ran_connection_admission,distribution_specialized,compute_pool,ran,admission,NONINFERIOR / INCONCLUSIVE,0.00000,0.00000,0.00000,0.00000,0.00000,0.00000,0.000,0.000,0.0,0.0131,True,,
AUDIT-0010,Telecom RAN & Edge Radio,ran_ue_handover,distribution_specialized,compute_pool,ran,capacity,NONINFERIOR / INCONCLUSIVE,-0.00001,-0.00005,0.00002,0.00000,0.00000,0.00001,0.000,0.000,1.2,0.0119,True,,
AUDIT-0011,Telecom RAN & Edge Radio,ran_cell_traffic_steering,distribution_specialized,compute_pool,ran,capacity,NONINFERIOR / INCONCLUSIVE,0.00000,0.00000,0.00000,0.00000,0.00000,0.00000,0.000,0.000,1.0,0.0404,True,,
AUDIT-0012,Telecom RAN & Edge Radio,ran_slice_resource_budget,distribution_specialized,compute_pool,ran,admission,NONINFERIOR / INCONCLUSIVE,0.00000,0.00000,0.00000,0.00000,0.00000,0.00000,0.000,0.000,0.0,0.0158,True,,
AUDIT-0013,Telecom RAN & Edge Radio,ran_prb_allocation,distribution_specialized,compute_pool,ran,capacity,NONINFERIOR / INCONCLUSIVE,0.00000,0.00000,0.00000,0.00000,0.00000,0.00000,0.000,0.000,1.0,0.0115,True,,
AUDIT-0014,Telecom RAN & Edge Radio,ran_scheduler_weight,distribution_specialized,compute_pool,ran,setpoint,NONINFERIOR / INCONCLUSIVE,0.00000,0.00000,0.00000,0.00000,0.00000,0.00000,0.000,0.000,1.0,0.0457,True,ENERGY IMPROVEMENT WITH SERVICE TRADEOFF,0.19820
AUDIT-0015,Telecom RAN & Edge Radio,ran_tx_power,distribution_specialized,compute_pool,ran,power,NONINFERIOR / INCONCLUSIVE,0.00000,0.00000,0.00000,0.00000,0.00000,0.00000,0.000,0.000,0.0,0.0114,True,,
AUDIT-0016,Telecom RAN & Edge Radio,ran_antenna_tilt,distribution_specialized,compute_pool,ran,capacity,NONINFERIOR / INCONCLUSIVE,0.00000,0.00000,0.00000,0.00000,0.00000,0.00000,0.000,0.000,1.3,0.0154,True,,
AUDIT-0017,Telecom RAN & Edge Radio,ran_carrier_enable,distribution_specialized,compute_pool,ran,capacity,NONINFERIOR / INCONCLUSIVE,0.00000,0.00000,0.00000,0.00000,0.00000,0.00000,0.000,0.000,1.0,0.0394,True,,
AUDIT-0018,Telecom RAN & Edge Radio,ran_cell_sleep,distribution_specialized,compute_pool,ran,capacity,NONINFERIOR / INCONCLUSIVE,0.00000,0.00000,0.00000,0.00000,0.00000,0.00000,0.000,0.000,1.0,0.0221,True,,
AUDIT-0019,Telecom RAN & Edge Radio,ran_du_cu_placement,distribution_specialized,compute_pool,ran,capacity,NONINFERIOR / INCONCLUSIVE,0.00000,0.00000,0.00000,0.00000,0.00000,0.00000,0.000,0.000,1.0,0.0161,True,,
AUDIT-0020,Telecom RAN & Edge Radio,ran_fronthaul_budget,distribution_specialized,compute_pool,ran,admission,NONINFERIOR / INCONCLUSIVE,0.00000,0.00000,0.00000,0.00000,0.00000,0.00000,0.000,0.000,0.0,0.0110,True,,
417,"Workflow, Logistics & Fulfillment",workflow_admission,distribution_specialized,compute_pool,workflow,admission,WORSE,-0.29885,-0.33113,-0.26657,-0.16144,-0.17554,0.19992,54.625,62.024,1.0,0.0000,True,,
418,"Workflow, Logistics & Fulfillment",workflow_worker_rate,distribution_specialized,compute_pool,workflow,capacity,NONINFERIOR / INCONCLUSIVE,0.00000,-0.00005,0.00006,0.00000,0.00000,-0.00000,0.000,0.000,1.6,0.0000,True,,
419,"Workflow, Logistics & Fulfillment",task_queue_rate,distribution_specialized,compute_pool,workflow,capacity,WORSE,-0.00059,-0.00113,-0.00005,0.00000,0.00000,0.00059,0.000,0.000,2.6,0.0000,True,,
420,"Workflow, Logistics & Fulfillment",workflow_retry,distribution_specialized,compute_pool,workflow,admission,WORSE,-0.28774,-0.32223,-0.25324,-0.19129,-0.20273,0.13903,59.736,67.159,1.0,0.0008,True,,
421,"Workflow, Logistics & Fulfillment",workflow_backoff,distribution_specialized,compute_pool,workflow,admission,WORSE,-0.32297,-0.33405,-0.31189,-0.11427,-0.13653,0.30900,59.528,62.970,1.0,0.0014,True,,
422,"Workflow, Logistics & Fulfillment",workflow_timeout,distribution_specialized,compute_pool,workflow,admission,WORSE,-0.31260,-0.34502,-0.28018,-0.10997,-0.13431,0.29991,53.542,61.139,1.0,0.0003,True,,
423,"Workflow, Logistics & Fulfillment",inventory_allocation,distribution_specialized,compute_pool,workflow,capacity,NONINFERIOR / INCONCLUSIVE,0.00013,-0.00038,0.00064,0.00000,0.00000,-0.00013,0.000,0.000,1.8,0.0000,True,,
424,"Workflow, Logistics & Fulfillment",fulfillment_route,distribution_specialized,compute_pool,workflow,capacity,NONINFERIOR / INCONCLUSIVE,-0.00071,-0.00196,0.00054,0.00000,0.00000,0.00072,0.000,0.000,2.0,0.0001,True,,
425,"Workflow, Logistics & Fulfillment",warehouse_queue,distribution_specialized,compute_pool,workflow,capacity,NONINFERIOR / INCONCLUSIVE,-0.00017,-0.00041,0.00007,0.00000,0.00000,0.00017,0.000,0.000,1.8,0.0000,True,,
426,"Workflow, Logistics & Fulfillment",carrier_selection,distribution_specialized,compute_pool,workflow,capacity,NONINFERIOR / INCONCLUSIVE,-0.00036,-0.00111,0.00038,0.00000,0.00000,0.00036,0.000,0.000,1.6,0.0000,True,,
427,"Workflow, Logistics & Fulfillment",dispatch_priority,distribution_specialized,compute_pool,workflow,admission,WORSE,-0.33468,-0.35107,-0.31829,-0.10598,-0.12862,0.34544,56.306,60.375,1.0,0.0000,True,,
428,"Workflow, Logistics & Fulfillment",shipment_batch,distribution_specialized,compute_pool,workflow,capacity,NONINFERIOR / INCONCLUSIVE,-0.00072,-0.00160,0.00016,0.00000,0.00000,0.00072,0.000,0.000,2.0,0.0006,True,,
429,"Workflow, Logistics & Fulfillment",route_replan,distribution_specialized,compute_pool,workflow,capacity,NONINFERIOR / INCONCLUSIVE,-0.00024,-0.00059,0.00011,0.00000,0.00000,0.00024,0.000,0.000,1.8,0.0014,True,,
430,"Workflow, Logistics & Fulfillment",sla_escalation,distribution_specialized,compute_pool,workflow,capacity,NONINFERIOR / INCONCLUSIVE,-0.00021,-0.00068,0.00026,0.00000,0.00000,0.00021,0.000,0.000,1.4,0.0000,True,,
431,"Workflow, Logistics & Fulfillment",compensation_action,distribution_specialized,compute_pool,workflow,capacity,NONINFERIOR / INCONCLUSIVE,-0.00054,-0.00148,0.00040,0.00000,0.00000,0.00054,0.000,0.000,1.5,0.0013,True,,
AUDIT-0081,Building & Critical Environment HVAC,zone_temperature_target,energy_facility_industrial,thermal_zone,building,setpoint,SUPERIOR WITHIN GUARDRAILS,0.01090,0.00921,0.01259,0.00000,0.00000,-0.01078,0.000,0.000,648.0,0.0000,True,SUPERIOR WITHIN GUARDRAILS,0.13873
AUDIT-0082,Building & Critical Environment HVAC,zone_airflow,energy_facility_industrial,thermal_zone,building,capacity,SUPERIOR WITHIN GUARDRAILS,0.00110,0.00057,0.00163,0.00000,0.00000,-0.00110,0.000,0.000,1.0,0.0000,True,,
AUDIT-0083,Building & Critical Environment HVAC,ahu_fan_speed,energy_facility_industrial,thermal_zone,building,capacity,SUPERIOR WITHIN GUARDRAILS,0.00128,0.00081,0.00175,0.00000,0.00000,-0.00127,0.000,0.000,1.0,0.0000,True,,
AUDIT-0084,Building & Critical Environment HVAC,damper_position,energy_facility_industrial,thermal_zone,building,capacity,SUPERIOR WITHIN GUARDRAILS,0.00142,0.00115,0.00168,0.00000,0.00000,-0.00141,0.000,0.000,1.0,0.0000,True,,
AUDIT-0085,Building & Critical Environment HVAC,economizer_position,energy_facility_industrial,thermal_zone,building,capacity,SUPERIOR WITHIN GUARDRAILS,0.00109,0.00061,0.00158,0.00000,0.00000,-0.00109,0.000,0.000,1.0,0.0000,True,,
AUDIT-0086,Building & Critical Environment HVAC,boiler_setpoint,energy_facility_industrial,thermal_zone,building,setpoint,SUPERIOR WITHIN GUARDRAILS,0.00921,0.00742,0.01100,0.00000,0.00000,-0.00912,0.000,0.000,648.0,0.0000,True,SUPERIOR WITHIN GUARDRAILS,0.13187
AUDIT-0087,Building & Critical Environment HVAC,heat_pump_mode,energy_facility_industrial,thermal_zone,building,admission,WORSE,-0.00682,-0.01105,-0.00260,-0.02166,-0.03534,-0.01501,0.000,0.000,0.7,0.0000,True,,
AUDIT-0088,Building & Critical Environment HVAC,humidity_target,energy_facility_industrial,thermal_zone,building,setpoint,SUPERIOR WITHIN GUARDRAILS,0.01097,0.00885,0.01309,0.00000,0.00000,-0.01084,0.000,0.000,648.0,0.0000,True,SUPERIOR WITHIN GUARDRAILS,0.13714
AUDIT-0089,Building & Critical Environment HVAC,occupancy_ventilation,energy_facility_industrial,thermal_zone,building,admission,NOT ESTABLISHED,-0.00328,-0.00691,0.00036,-0.01031,-0.02181,-0.00711,0.000,0.000,0.4,0.0000,True,,
AUDIT-0090,Building & Critical Environment HVAC,building_demand_limit,energy_facility_industrial,thermal_zone,building,power,NONINFERIOR / INCONCLUSIVE,0.00000,-0.00000,0.00000,0.00000,0.00000,-0.00000,0.000,0.000,408.2,0.0000,True,,
AUDIT-0091,Building & Critical Environment HVAC,thermal_storage_dispatch,energy_facility_industrial,thermal_zone,building,capacity,SUPERIOR WITHIN GUARDRAILS,0.00109,0.00061,0.00156,0.00000,0.00000,-0.00109,0.000,0.000,1.0,0.0000,True,,
AUDIT-0092,Building & Critical Environment HVAC,hvac_emergency_mode,energy_facility_industrial,thermal_zone,building,admission,WORSE,-0.00783,-0.01116,-0.00451,-0.02438,-0.03508,-0.01672,0.000,0.000,0.9,0.0000,True,,
545,"Cooling, Chillers & Thermodynamics",supply_air_temperature,energy_facility_industrial,thermal_zone,data_hall,setpoint,WORSE,-0.01480,-0.01585,-0.01375,0.00000,0.00000,0.01502,0.000,0.000,648.0,0.0000,True,SUPERIOR WITHIN GUARDRAILS,0.09591
546,"Cooling, Chillers & Thermodynamics",return_air_target,energy_facility_industrial,thermal_zone,data_hall,setpoint,WORSE,-0.01390,-0.01538,-0.01242,0.00000,0.00000,0.01410,0.000,0.000,648.0,0.0000,True,SUPERIOR WITHIN GUARDRAILS,0.09626
547,"Cooling, Chillers & Thermodynamics",coolant_supply_temperature,energy_facility_industrial,thermal_zone,data_hall,setpoint,WORSE,-0.01412,-0.01492,-0.01332,0.00000,0.00000,0.01432,0.000,0.000,648.0,0.0000,True,SUPERIOR WITHIN GUARDRAILS,0.09651
548,"Cooling, Chillers & Thermodynamics",coolant_flow,energy_facility_industrial,thermal_zone,data_hall,capacity,SUPERIOR WITHIN GUARDRAILS,0.00451,0.00404,0.00499,0.00000,0.00000,-0.00449,0.000,0.000,1.0,0.0000,True,,
549,"Cooling, Chillers & Thermodynamics",pump_speed,energy_facility_industrial,thermal_zone,data_hall,capacity,SUPERIOR WITHIN GUARDRAILS,0.00432,0.00384,0.00480,0.00000,0.00000,-0.00430,0.000,0.000,1.0,0.0000,True,,
550,"Cooling, Chillers & Thermodynamics",fan_speed,energy_facility_industrial,thermal_zone,data_hall,capacity,SUPERIOR WITHIN GUARDRAILS,0.00407,0.00365,0.00450,0.00000,0.00000,-0.00406,0.000,0.000,1.0,0.0000,True,,
551,"Cooling, Chillers & Thermodynamics",chiller_setpoint,energy_facility_industrial,thermal_zone,data_hall,setpoint,WORSE,-0.01388,-0.01518,-0.01258,0.00000,0.00000,0.01408,0.000,0.000,648.0,0.0000,True,SUPERIOR WITHIN GUARDRAILS,0.09653
552,"Cooling, Chillers & Thermodynamics",compressor_authority,energy_facility_industrial,thermal_zone,data_hall,power,NONINFERIOR / INCONCLUSIVE,0.00000,-0.00000,0.00000,0.00000,0.00000,-0.00000,0.000,0.000,383.2,0.0000,True,,
553,"Cooling, Chillers & Thermodynamics",cooling_tower_fan,energy_facility_industrial,thermal_zone,data_hall,capacity,SUPERIOR WITHIN GUARDRAILS,0.00343,0.00278,0.00408,0.00000,0.00000,-0.00342,0.000,0.000,1.0,0.0000,True,,
554,"Cooling, Chillers & Thermodynamics",cooling_capacity,energy_facility_industrial,thermal_zone,data_hall,capacity,SUPERIOR WITHIN GUARDRAILS,0.00436,0.00373,0.00499,0.00000,0.00000,-0.00434,0.000,0.000,1.0,0.0000,True,,
555,"Cooling, Chillers & Thermodynamics",rack_thermal_budget,energy_facility_industrial,thermal_zone,data_hall,power,NONINFERIOR / INCONCLUSIVE,0.00000,-0.00000,0.00000,0.00000,0.00000,-0.00000,0.000,0.000,384.9,0.0000,True,,
556,"Cooling, Chillers & Thermodynamics",gpu_thermal_envelope,energy_facility_industrial,thermal_zone,data_hall,setpoint,WORSE,-0.01447,-0.01553,-0.01342,0.00000,0.00000,0.01469,0.000,0.000,648.0,0.0000,True,SUPERIOR WITHIN GUARDRAILS,0.09602
557,"Cooling, Chillers & Thermodynamics",cpu_thermal_envelope,energy_facility_industrial,thermal_zone,data_hall,setpoint,WORSE,-0.01338,-0.01452,-0.01223,0.00000,0.00000,0.01356,0.000,0.000,648.0,0.0000,True,SUPERIOR WITHIN GUARDRAILS,0.09688
558,"Cooling, Chillers & Thermodynamics",thermal_workload_migrate,energy_facility_industrial,thermal_zone,data_hall,admission,NOT ESTABLISHED,-0.00066,-0.00161,0.00029,-0.03013,-0.04364,-0.02949,0.000,0.000,1.0,0.0000,True,,
559,"Cooling, Chillers & Thermodynamics",thermal_load_shed,energy_facility_industrial,thermal_zone,data_hall,admission,NOT ESTABLISHED,-0.00059,-0.00203,0.00086,-0.03743,-0.05562,-0.03688,0.000,0.000,1.0,0.0000,True,,
513,Energy Storage & Microgrid,battery_charge_power,energy_facility_industrial,energy_storage,microgrid,power,NONINFERIOR / INCONCLUSIVE,-0.00006,-0.00018,0.00007,0.00000,0.00000,0.00006,-0.111,0.020,77.5,0.2315,True,,
514,Energy Storage & Microgrid,battery_discharge_power,energy_facility_industrial,energy_storage,microgrid,power,NONINFERIOR / INCONCLUSIVE,0.00000,-0.00000,0.00000,0.00000,0.00000,-0.00000,-0.028,0.014,101.3,0.2322,True,,
515,Energy Storage & Microgrid,battery_soc_reserve,energy_facility_industrial,energy_storage,microgrid,setpoint,WORSE,-0.00215,-0.00224,-0.00206,0.00000,0.00000,0.00215,-2.431,-1.802,265.7,0.2440,True,ENERGY IMPROVEMENT WITH SERVICE TRADEOFF,0.00650
516,Energy Storage & Microgrid,grid_import_limit,energy_facility_industrial,energy_storage,microgrid,power,NONINFERIOR / INCONCLUSIVE,-0.00001,-0.00003,0.00001,0.00000,0.00000,0.00001,0.000,0.000,93.2,0.2332,True,,
517,Energy Storage & Microgrid,grid_export_limit,energy_facility_industrial,energy_storage,microgrid,power,NONINFERIOR / INCONCLUSIVE,-0.00003,-0.00009,0.00003,0.00000,0.00000,0.00003,-0.028,0.035,88.3,0.2463,True,,
518,Energy Storage & Microgrid,pv_curtailment,energy_facility_industrial,energy_storage,microgrid,power,NONINFERIOR / INCONCLUSIVE,-0.00003,-0.00008,0.00003,0.00000,0.00000,0.00003,0.000,0.000,92.6,0.2376,True,,
519,Energy Storage & Microgrid,ev_charge_power,energy_facility_industrial,energy_storage,microgrid,power,SUPERIOR WITHIN GUARDRAILS,0.00000,0.00000,0.00000,0.00000,0.00000,-0.00000,0.000,0.000,87.8,0.2333,True,,
520,Energy Storage & Microgrid,heat_pump_power,energy_facility_industrial,energy_storage,microgrid,power,NONINFERIOR / INCONCLUSIVE,-0.00002,-0.00004,0.00000,0.00000,0.00000,0.00002,-0.014,0.018,81.9,0.2318,True,,
521,Energy Storage & Microgrid,electrolyzer_power,energy_facility_industrial,energy_storage,microgrid,power,NONINFERIOR / INCONCLUSIVE,-0.00000,-0.00000,0.00000,0.00000,0.00000,0.00000,0.000,0.000,89.2,0.2250,True,,
522,Energy Storage & Microgrid,microgrid_demand_limit,energy_facility_industrial,energy_storage,microgrid,power,NONINFERIOR / INCONCLUSIVE,0.00000,-0.00000,0.00000,0.00000,0.00000,0.00000,-0.056,0.014,80.1,0.2429,True,,
523,Energy Storage & Microgrid,peak_shaving,energy_facility_industrial,energy_storage,microgrid,capacity,WORSE,-0.00431,-0.00446,-0.00416,0.00000,0.00000,0.00433,-7.139,-6.100,454.8,0.2282,True,,
524,Energy Storage & Microgrid,time_of_use_schedule,energy_facility_industrial,energy_storage,microgrid,setpoint,WORSE,-0.00213,-0.00219,-0.00208,0.00000,0.00000,0.00214,-2.111,-1.636,264.6,0.2368,True,SUPERIOR WITHIN GUARDRAILS,0.00646
525,Energy Storage & Microgrid,energy_load_shed,energy_facility_industrial,energy_storage,microgrid,admission,ENERGY IMPROVEMENT WITH SERVICE TRADEOFF,0.01626,0.01403,0.01849,-0.03486,-0.03938,-0.05028,-8.042,-6.337,1.0,0.2075,True,,
526,Energy Storage & Microgrid,flex_load_admission,energy_facility_industrial,energy_storage,microgrid,admission,ENERGY IMPROVEMENT WITH SERVICE TRADEOFF,0.01716,0.01485,0.01946,-0.03682,-0.03878,-0.05306,-8.472,-7.391,1.0,0.2426,True,,
527,Energy Storage & Microgrid,storage_dispatch,energy_facility_industrial,energy_storage,microgrid,capacity,WORSE,-0.00427,-0.00441,-0.00414,0.00000,0.00000,0.00429,-7.056,-6.380,457.2,0.2325,True,,
528,Energy Storage & Microgrid,microgrid_emergency_reserve,energy_facility_industrial,energy_storage,microgrid,setpoint,WORSE,-0.00208,-0.00214,-0.00201,0.00000,0.00000,0.00208,-1.681,-1.114,275.3,0.2192,True,ENERGY IMPROVEMENT WITH SERVICE TRADEOFF,0.00629
561,Facility & Grid Optimization,facility_power_budget,energy_facility_industrial,energy_storage,facility,power,NONINFERIOR / INCONCLUSIVE,-0.00000,-0.00000,0.00000,0.00000,0.00000,0.00000,0.000,0.000,180.2,0.1707,True,,
562,Facility & Grid Optimization,utility_demand_limit,energy_facility_industrial,energy_storage,facility,power,WORSE,-0.00000,-0.00000,-0.00000,0.00000,0.00000,0.00000,0.000,0.000,190.6,0.1522,True,,
563,Facility & Grid Optimization,demand_response,energy_facility_industrial,energy_storage,facility,admission,ENERGY IMPROVEMENT WITH SERVICE TRADEOFF,0.00376,0.00331,0.00421,-0.02742,-0.02970,-0.03106,-10.139,-8.301,1.0,0.1696,True,,
564,Facility & Grid Optimization,electricity_price_gate,energy_facility_industrial,energy_storage,facility,admission,ENERGY IMPROVEMENT WITH SERVICE TRADEOFF,0.00357,0.00308,0.00406,-0.02791,-0.03124,-0.03136,-10.569,-8.569,1.0,0.1865,True,,
565,Facility & Grid Optimization,carbon_intensity_gate,energy_facility_industrial,energy_storage,facility,admission,ENERGY IMPROVEMENT WITH SERVICE TRADEOFF,0.00386,0.00337,0.00435,-0.02784,-0.03092,-0.03157,-10.167,-8.213,1.0,0.1875,True,,
566,Facility & Grid Optimization,renewable_dispatch,energy_facility_industrial,energy_storage,facility,capacity,WORSE,-0.00250,-0.00254,-0.00245,0.00000,0.00000,0.00250,-6.375,-5.857,509.9,0.1826,True,,
567,Facility & Grid Optimization,generator_start_stop,energy_facility_industrial,energy_storage,facility,capacity,WORSE,-0.00250,-0.00255,-0.00246,0.00000,0.00000,0.00251,-6.347,-5.888,513.0,0.1656,True,,
568,Facility & Grid Optimization,site_battery_dispatch,energy_facility_industrial,energy_storage,facility,capacity,WORSE,-0.00245,-0.00250,-0.00241,0.00000,0.00000,0.00246,-6.208,-5.442,519.2,0.1847,True,,
569,Facility & Grid Optimization,pue_target,energy_facility_industrial,energy_storage,facility,setpoint,WORSE,-0.00124,-0.00127,-0.00122,0.00000,0.00000,0.00124,-0.486,-0.336,483.1,0.1619,True,SUPERIOR WITHIN GUARDRAILS,0.00374
570,Facility & Grid Optimization,cooling_power_budget,energy_facility_industrial,energy_storage,facility,power,NONINFERIOR / INCONCLUSIVE,-0.00000,-0.00000,0.00000,0.00000,0.00000,0.00000,0.000,0.000,181.7,0.1701,True,,
571,Facility & Grid Optimization,it_power_budget,energy_facility_industrial,energy_storage,facility,power,NONINFERIOR / INCONCLUSIVE,-0.00000,-0.00000,0.00000,0.00000,0.00000,0.00000,0.000,0.000,190.6,0.1769,True,,
572,Facility & Grid Optimization,rack_power_allocation,energy_facility_industrial,energy_storage,facility,power,NONINFERIOR / INCONCLUSIVE,-0.00000,-0.00000,0.00000,0.00000,0.00000,0.00000,0.000,0.000,187.6,0.1797,True,,
573,Facility & Grid Optimization,facility_peak_guard,energy_facility_industrial,energy_storage,facility,capacity,WORSE,-0.00247,-0.00253,-0.00241,0.00000,0.00000,0.00248,-6.278,-5.884,515.8,0.1603,True,,
574,Facility & Grid Optimization,grid_frequency_response,energy_facility_industrial,energy_storage,facility,admission,ENERGY IMPROVEMENT WITH SERVICE TRADEOFF,0.00379,0.00342,0.00416,-0.02672,-0.02906,-0.03039,-9.306,-7.995,1.0,0.1900,True,,
575,Facility & Grid Optimization,facility_islanding,energy_facility_industrial,energy_storage,facility,admission,ENERGY IMPROVEMENT WITH SERVICE TRADEOFF,0.00367,0.00310,0.00424,-0.02507,-0.02733,-0.02863,-9.111,-7.462,1.0,0.1757,True,,
AUDIT-0033,Grid Transmission & Distribution,capacitor_bank_switch,energy_facility_industrial,process_loop,feeder_voltage,capacity,NONINFERIOR / INCONCLUSIVE,0.00000,0.00000,0.00000,0.00000,0.00000,0.00000,0.000,0.000,417.7,0.0000,True,,
AUDIT-0034,Grid Transmission & Distribution,voltage_regulator_tap,energy_facility_industrial,process_loop,feeder_voltage,setpoint,SUPERIOR WITHIN GUARDRAILS,0.01900,0.01825,0.01975,0.00000,0.00000,-0.01864,0.000,0.000,141.2,0.0000,True,SUPERIOR WITHIN GUARDRAILS,0.02785
AUDIT-0035,Grid Transmission & Distribution,transformer_tap,energy_facility_industrial,process_loop,feeder_voltage,setpoint,SUPERIOR WITHIN GUARDRAILS,0.01929,0.01864,0.01995,0.00000,0.00000,-0.01893,0.000,0.000,138.9,0.0000,True,SUPERIOR WITHIN GUARDRAILS,0.02812
AUDIT-0036,Grid Transmission & Distribution,inverter_real_power,energy_facility_industrial,process_loop,feeder_voltage,power,NONINFERIOR / INCONCLUSIVE,0.00000,0.00000,0.00000,0.00000,0.00000,0.00000,0.000,0.000,496.2,0.0000,True,,
AUDIT-0037,Grid Transmission & Distribution,inverter_reactive_power,energy_facility_industrial,process_loop,feeder_voltage,power,NONINFERIOR / INCONCLUSIVE,0.00000,0.00000,0.00000,0.00000,0.00000,0.00000,0.000,0.000,493.1,0.0000,True,,
AUDIT-0038,Grid Transmission & Distribution,feeder_voltage_target,energy_facility_industrial,process_loop,feeder_voltage,setpoint,SUPERIOR WITHIN GUARDRAILS,0.01897,0.01830,0.01964,0.00000,0.00000,-0.01862,0.000,0.000,140.4,0.0000,True,SUPERIOR WITHIN GUARDRAILS,0.02763
AUDIT-0039,Grid Transmission & Distribution,feeder_load_transfer,energy_facility_industrial,process_loop,feeder_voltage,capacity,NONINFERIOR / INCONCLUSIVE,0.00000,0.00000,0.00000,0.00000,0.00000,0.00000,0.000,0.000,418.2,0.0000,True,,
AUDIT-0040,Grid Transmission & Distribution,distribution_storage_dispatch,energy_facility_industrial,process_loop,feeder_voltage,admission,NONINFERIOR / INCONCLUSIVE,0.00000,0.00000,0.00000,0.00000,0.00000,0.00000,0.000,0.000,0.0,0.0000,True,,
AUDIT-0041,Grid Transmission & Distribution,demand_response_dispatch,energy_facility_industrial,process_loop,feeder_voltage,admission,NONINFERIOR / INCONCLUSIVE,0.00000,0.00000,0.00000,0.00000,0.00000,0.00000,0.000,0.000,0.0,0.0000,True,,
AUDIT-0042,Grid Transmission & Distribution,frequency_droop_setpoint,energy_facility_industrial,process_loop,feeder_voltage,setpoint,SUPERIOR WITHIN GUARDRAILS,0.01883,0.01828,0.01938,0.00000,0.00000,-0.01848,0.000,0.000,139.4,0.0000,True,SUPERIOR WITHIN GUARDRAILS,0.02773
AUDIT-0043,Grid Transmission & Distribution,grid_protection_mode,energy_facility_industrial,process_loop,feeder_voltage,admission,NONINFERIOR / INCONCLUSIVE,0.00000,0.00000,0.00000,0.00000,0.00000,0.00000,0.000,0.000,0.0,0.0000,True,,
AUDIT-0044,Grid Transmission & Distribution,grid_restoration_sequence,energy_facility_industrial,process_loop,feeder_voltage,admission,NONINFERIOR / INCONCLUSIVE,0.00000,0.00000,0.00000,0.00000,0.00000,0.00000,0.000,0.000,0.0,0.0000,True,,
465,Industrial PLC & Process Automation,plc_cycle_authority,energy_facility_industrial,process_loop,process,admission,NONINFERIOR / INCONCLUSIVE,0.00000,0.00000,0.00000,0.00000,0.00000,0.00000,0.000,0.000,0.0,0.0000,True,,
466,Industrial PLC & Process Automation,machine_cell_admission,energy_facility_industrial,process_loop,process,admission,NONINFERIOR / INCONCLUSIVE,0.00000,0.00000,0.00000,0.00000,0.00000,0.00000,0.000,0.000,0.0,0.0000,True,,
467,Industrial PLC & Process Automation,valve_position,energy_facility_industrial,process_loop,process,setpoint,SUPERIOR WITHIN GUARDRAILS,0.35510,0.33324,0.37697,0.00000,0.00000,-0.26171,0.000,0.000,30.8,0.0000,True,SUPERIOR WITHIN GUARDRAILS,0.42584
468,Industrial PLC & Process Automation,pump_flow,energy_facility_industrial,process_loop,process,capacity,NONINFERIOR / INCONCLUSIVE,0.00000,0.00000,0.00000,0.00000,0.00000,0.00000,0.000,0.000,512.6,0.0000,True,,
469,Industrial PLC & Process Automation,compressor_speed,energy_facility_industrial,process_loop,process,capacity,NONINFERIOR / INCONCLUSIVE,0.00000,0.00000,0.00000,0.00000,0.00000,0.00000,0.000,0.000,515.0,0.0000,True,,
470,Industrial PLC & Process Automation,heater_power,energy_facility_industrial,process_loop,process,power,NONINFERIOR / INCONCLUSIVE,0.00000,0.00000,0.00000,0.00000,0.00000,0.00000,0.000,0.000,60.6,0.0000,True,,
471,Industrial PLC & Process Automation,furnace_setpoint,energy_facility_industrial,process_loop,process,setpoint,SUPERIOR WITHIN GUARDRAILS,0.35718,0.33783,0.37652,0.00000,0.00000,-0.26292,0.000,0.000,29.0,0.0000,True,SUPERIOR WITHIN GUARDRAILS,0.42637
472,Industrial PLC & Process Automation,pressure_setpoint,energy_facility_industrial,process_loop,process,setpoint,SUPERIOR WITHIN GUARDRAILS,0.35857,0.33566,0.38148,0.00000,0.00000,-0.26357,0.000,0.000,32.0,0.0000,True,SUPERIOR WITHIN GUARDRAILS,0.42961
473,Industrial PLC & Process Automation,temperature_setpoint,energy_facility_industrial,process_loop,process,setpoint,SUPERIOR WITHIN GUARDRAILS,0.36215,0.34197,0.38233,0.00000,0.00000,-0.26558,0.000,0.000,28.6,0.0000,True,SUPERIOR WITHIN GUARDRAILS,0.43191
474,Industrial PLC & Process Automation,mass_flow_setpoint,energy_facility_industrial,process_loop,process,setpoint,SUPERIOR WITHIN GUARDRAILS,0.35281,0.33304,0.37258,0.00000,0.00000,-0.26052,0.000,0.000,29.5,0.0000,True,SUPERIOR WITHIN GUARDRAILS,0.42070
475,Industrial PLC & Process Automation,tank_level_target,energy_facility_industrial,process_loop,process,setpoint,SUPERIOR WITHIN GUARDRAILS,0.37661,0.35389,0.39933,0.00000,0.00000,-0.27322,0.000,0.000,30.0,0.0000,True,SUPERIOR WITHIN GUARDRAILS,0.45124
476,Industrial PLC & Process Automation,conveyor_rate,energy_facility_industrial,process_loop,process,capacity,NONINFERIOR / INCONCLUSIVE,0.00000,0.00000,0.00000,0.00000,0.00000,0.00000,0.000,0.000,515.9,0.0000,True,,
477,Industrial PLC & Process Automation,feed_rate,energy_facility_industrial,process_loop,process,capacity,NONINFERIOR / INCONCLUSIVE,0.00000,0.00000,0.00000,0.00000,0.00000,0.00000,0.000,0.000,520.2,0.0000,True,,
478,Industrial PLC & Process Automation,purge_vent_action,energy_facility_industrial,process_loop,process,admission,NONINFERIOR / INCONCLUSIVE,0.00000,0.00000,0.00000,0.00000,0.00000,0.00000,0.000,0.000,0.0,0.0000,True,,
529,"PDU, UPS & Electrical Distribution",server_power_cap,energy_facility_industrial,energy_storage,ups,power,NONINFERIOR / INCONCLUSIVE,0.00000,0.00000,0.00000,0.00000,0.00000,0.00000,0.000,0.000,398.5,0.0217,True,,
530,"PDU, UPS & Electrical Distribution",rack_power_cap,energy_facility_industrial,energy_storage,ups,power,NONINFERIOR / INCONCLUSIVE,0.00000,0.00000,0.00000,0.00000,0.00000,0.00000,0.000,0.000,393.0,0.0233,True,,
531,"PDU, UPS & Electrical Distribution",pdu_branch_power_limit,energy_facility_industrial,energy_storage,ups,power,NONINFERIOR / INCONCLUSIVE,0.00000,0.00000,0.00000,0.00000,0.00000,0.00000,0.000,0.000,392.7,0.0239,True,,
532,"PDU, UPS & Electrical Distribution",pdu_outlet_control,energy_facility_industrial,energy_storage,ups,capacity,WORSE,-0.00069,-0.00070,-0.00069,0.00000,0.00000,0.00069,-1.250,-0.853,485.1,0.0239,True,,
534,"PDU, UPS & Electrical Distribution",ups_operating_mode,energy_facility_industrial,energy_storage,ups,capacity,WORSE,-0.00069,-0.00070,-0.00069,0.00000,0.00000,0.00069,-0.597,-0.332,484.0,0.0165,True,,
535,"PDU, UPS & Electrical Distribution",ups_charge_rate,energy_facility_industrial,energy_storage,ups,power,NONINFERIOR / INCONCLUSIVE,0.00000,0.00000,0.00000,0.00000,0.00000,0.00000,0.000,0.000,399.9,0.0217,True,,
536,"PDU, UPS & Electrical Distribution",ups_discharge_rate,energy_facility_industrial,energy_storage,ups,power,NONINFERIOR / INCONCLUSIVE,0.00000,0.00000,0.00000,0.00000,0.00000,0.00000,0.000,0.000,398.1,0.0210,True,,
537,"PDU, UPS & Electrical Distribution",phase_balance,energy_facility_industrial,energy_storage,ups,capacity,WORSE,-0.00069,-0.00070,-0.00069,0.00000,0.00000,0.00069,-0.819,-0.418,486.2,0.0219,True,,
538,"PDU, UPS & Electrical Distribution",load_transfer,energy_facility_industrial,energy_storage,ups,admission,WORSE,-0.00000,-0.00000,-0.00000,-0.01010,-0.01269,-0.01009,-2.319,-1.626,1.0,0.0274,True,,
539,"PDU, UPS & Electrical Distribution",reactive_power_target,energy_facility_industrial,energy_storage,ups,setpoint,WORSE,-0.00012,-0.00012,-0.00011,0.00000,0.00000,0.00012,-0.125,-0.052,578.9,0.0293,True,SUPERIOR WITHIN GUARDRAILS,0.00023
540,"PDU, UPS & Electrical Distribution",voltage_target,energy_facility_industrial,energy_storage,ups,setpoint,WORSE,-0.00012,-0.00012,-0.00011,0.00000,0.00000,0.00012,-0.153,-0.054,580.5,0.0210,True,SUPERIOR WITHIN GUARDRAILS,0.00023
541,"PDU, UPS & Electrical Distribution",generator_dispatch,energy_facility_industrial,energy_storage,ups,capacity,WORSE,-0.00069,-0.00070,-0.00069,0.00000,0.00000,0.00069,-1.083,-0.746,489.8,0.0207,True,,
542,"PDU, UPS & Electrical Distribution",electrical_isolation,energy_facility_industrial,energy_storage,ups,admission,WORSE,-0.00000,-0.00000,-0.00000,-0.00687,-0.01068,-0.00687,-1.556,-0.986,1.0,0.0182,True,,
543,"PDU, UPS & Electrical Distribution",breaker_trip_gate,energy_facility_industrial,energy_storage,ups,admission,WORSE,-0.00000,-0.00000,-0.00000,-0.00990,-0.01171,-0.00990,-2.153,-1.670,1.0,0.0244,True,,
AUDIT-0057,Semiconductor Fab & Precision Manufacturing,tool_job_dispatch,energy_facility_industrial,process_loop,chamber,admission,NONINFERIOR / INCONCLUSIVE,0.00000,0.00000,0.00000,0.00000,0.00000,0.00000,0.000,0.000,0.0,0.0000,True,,
AUDIT-0058,Semiconductor Fab & Precision Manufacturing,wafer_route,energy_facility_industrial,process_loop,chamber,capacity,NONINFERIOR / INCONCLUSIVE,0.00000,0.00000,0.00000,0.00000,0.00000,0.00000,0.000,0.000,504.8,0.0000,True,,
AUDIT-0059,Semiconductor Fab & Precision Manufacturing,chamber_recipe_selection,energy_facility_industrial,process_loop,chamber,admission,NONINFERIOR / INCONCLUSIVE,0.00000,0.00000,0.00000,0.00000,0.00000,0.00000,0.000,0.000,0.0,0.0000,True,,
AUDIT-0060,Semiconductor Fab & Precision Manufacturing,chamber_temperature,energy_facility_industrial,process_loop,chamber,setpoint,SUPERIOR WITHIN GUARDRAILS,0.00289,0.00284,0.00294,0.00000,0.00000,-0.00288,0.000,0.000,60.0,0.0000,True,SUPERIOR WITHIN GUARDRAILS,0.00346
AUDIT-0061,Semiconductor Fab & Precision Manufacturing,chamber_pressure,energy_facility_industrial,process_loop,chamber,setpoint,SUPERIOR WITHIN GUARDRAILS,0.00286,0.00281,0.00291,0.00000,0.00000,-0.00285,0.000,0.000,66.2,0.0000,True,SUPERIOR WITHIN GUARDRAILS,0.00344
AUDIT-0062,Semiconductor Fab & Precision Manufacturing,gas_flow,energy_facility_industrial,process_loop,chamber,capacity,NONINFERIOR / INCONCLUSIVE,0.00000,0.00000,0.00000,0.00000,0.00000,0.00000,0.000,0.000,502.4,0.0000,True,,
AUDIT-0063,Semiconductor Fab & Precision Manufacturing,rf_power,energy_facility_industrial,process_loop,chamber,power,NONINFERIOR / INCONCLUSIVE,0.00000,0.00000,0.00000,0.00000,0.00000,0.00000,0.000,0.000,308.1,0.0000,True,,
AUDIT-0064,Semiconductor Fab & Precision Manufacturing,vacuum_pump_speed,energy_facility_industrial,process_loop,chamber,capacity,NONINFERIOR / INCONCLUSIVE,0.00000,0.00000,0.00000,0.00000,0.00000,0.00000,0.000,0.000,493.5,0.0000,True,,
AUDIT-0065,Semiconductor Fab & Precision Manufacturing,robot_transfer_rate,energy_facility_industrial,process_loop,chamber,capacity,NONINFERIOR / INCONCLUSIVE,0.00000,0.00000,0.00000,0.00000,0.00000,0.00000,0.000,0.000,503.4,0.0000,True,,
AUDIT-0066,Semiconductor Fab & Precision Manufacturing,lot_priority,energy_facility_industrial,process_loop,chamber,admission,NONINFERIOR / INCONCLUSIVE,0.00000,0.00000,0.00000,0.00000,0.00000,0.00000,0.000,0.000,0.0,0.0000,True,,
AUDIT-0068,Semiconductor Fab & Precision Manufacturing,tool_quarantine,energy_facility_industrial,process_loop,chamber,admission,NONINFERIOR / INCONCLUSIVE,0.00000,0.00000,0.00000,0.00000,0.00000,0.00000,0.000,0.000,0.0,0.0000,True,,
AUDIT-0069,Water Wastewater & Pumping,pump_speed_water,energy_facility_industrial,process_loop,water,capacity,NONINFERIOR / INCONCLUSIVE,0.00000,0.00000,0.00000,0.00000,0.00000,0.00000,0.000,0.000,472.8,0.0000,True,,
AUDIT-0070,Water Wastewater & Pumping,valve_position_water,energy_facility_industrial,process_loop,water,setpoint,SUPERIOR WITHIN GUARDRAILS,0.13735,0.12451,0.15019,0.00000,0.00000,-0.12056,0.000,0.000,103.3,0.0000,True,SUPERIOR WITHIN GUARDRAILS,0.16418
AUDIT-0071,Water Wastewater & Pumping,reservoir_level_target,energy_facility_industrial,process_loop,water,setpoint,SUPERIOR WITHIN GUARDRAILS,0.14137,0.12713,0.15561,0.00000,0.00000,-0.12362,0.000,0.000,90.0,0.0000,True,SUPERIOR WITHIN GUARDRAILS,0.16905
AUDIT-0072,Water Wastewater & Pumping,line_pressure_target,energy_facility_industrial,process_loop,water,setpoint,SUPERIOR WITHIN GUARDRAILS,0.12557,0.11381,0.13733,-0.00007,-0.00024,-0.11146,0.028,0.091,108.8,0.0000,True,SUPERIOR WITHIN GUARDRAILS,0.15296
AUDIT-0073,Water Wastewater & Pumping,flow_target_water,energy_facility_industrial,process_loop,water,setpoint,SUPERIOR WITHIN GUARDRAILS,0.14112,0.12829,0.15395,0.00000,0.00000,-0.12347,0.000,0.000,93.3,0.0000,True,SUPERIOR WITHIN GUARDRAILS,0.16882
AUDIT-0074,Water Wastewater & Pumping,aeration_rate,energy_facility_industrial,process_loop,water,power,NONINFERIOR / INCONCLUSIVE,0.00000,0.00000,0.00000,0.00000,0.00000,0.00000,0.000,0.000,124.1,0.0000,True,,
AUDIT-0075,Water Wastewater & Pumping,chemical_dose_rate,energy_facility_industrial,process_loop,water,power,NONINFERIOR / INCONCLUSIVE,0.00000,0.00000,0.00000,0.00000,0.00000,0.00000,0.000,0.000,117.2,0.0000,True,,
AUDIT-0076,Water Wastewater & Pumping,filtration_backwash,energy_facility_industrial,process_loop,water,admission,NONINFERIOR / INCONCLUSIVE,0.00000,0.00000,0.00000,0.00000,0.00000,0.00000,0.000,0.000,0.0,0.0000,True,,
AUDIT-0077,Water Wastewater & Pumping,lift_station_dispatch,energy_facility_industrial,process_loop,water,admission,NONINFERIOR / INCONCLUSIVE,0.00000,0.00000,0.00000,0.00000,0.00000,0.00000,0.000,0.000,0.0,0.0000,True,,
AUDIT-0078,Water Wastewater & Pumping,leak_isolation,energy_facility_industrial,process_loop,water,admission,NONINFERIOR / INCONCLUSIVE,0.00000,0.00000,0.00000,0.00000,0.00000,0.00000,0.000,0.000,0.0,0.0000,True,,
AUDIT-0079,Water Wastewater & Pumping,water_demand_shed,energy_facility_industrial,process_loop,water,admission,NONINFERIOR / INCONCLUSIVE,0.00000,0.00000,0.00000,0.00000,0.00000,0.00000,0.000,0.000,0.0,0.0000,True,,
AUDIT-0080,Water Wastewater & Pumping,water_emergency_shutdown,energy_facility_industrial,process_loop,water,admission,NONINFERIOR / INCONCLUSIVE,0.00000,0.00000,0.00000,0.00000,0.00000,0.00000,0.000,0.000,0.0,0.0000,True,,
AUDIT-0045,Automotive EV & Mobile Powertrain,traction_torque_limit,physics_robotics_autonomous,motion_axis,ev_traction,power,NONINFERIOR / INCONCLUSIVE,0.00000,0.00000,0.00000,0.00000,0.00000,0.00000,0.000,0.000,139.6,0.0000,True,,
AUDIT-0046,Automotive EV & Mobile Powertrain,regen_braking_level,physics_robotics_autonomous,motion_axis,ev_traction,power,NONINFERIOR / INCONCLUSIVE,0.00000,0.00000,0.00000,0.00000,0.00000,0.00000,0.000,0.000,74.7,0.0236,True,,
AUDIT-0047,Automotive EV & Mobile Powertrain,battery_charge_limit,physics_robotics_autonomous,motion_axis,ev_traction,power,NONINFERIOR / INCONCLUSIVE,0.00000,0.00000,0.00000,0.00000,0.00000,0.00000,0.000,0.000,82.2,0.0167,True,,
AUDIT-0048,Automotive EV & Mobile Powertrain,battery_discharge_limit,physics_robotics_autonomous,motion_axis,ev_traction,power,NONINFERIOR / INCONCLUSIVE,0.00000,0.00000,0.00000,0.00000,0.00000,0.00000,0.000,0.000,126.2,0.0067,True,,
AUDIT-0049,Automotive EV & Mobile Powertrain,battery_thermal_target,physics_robotics_autonomous,motion_axis,ev_traction,power,NONINFERIOR / INCONCLUSIVE,0.00000,0.00000,0.00000,0.00000,0.00000,0.00000,0.000,0.000,28.6,0.2931,True,,
AUDIT-0050,Automotive EV & Mobile Powertrain,motor_thermal_limit,physics_robotics_autonomous,motion_axis,ev_traction,power,NONINFERIOR / INCONCLUSIVE,0.00000,0.00000,0.00000,0.00000,0.00000,0.00000,0.000,0.000,19.4,0.2817,True,,
AUDIT-0051,Automotive EV & Mobile Powertrain,vehicle_speed_envelope,physics_robotics_autonomous,motion_axis,ev_traction,capacity,NOT ESTABLISHED,0.02820,-0.02083,0.07722,-0.01098,-0.02114,-0.03483,3.333,6.592,9.4,0.1253,True,,
AUDIT-0052,Automotive EV & Mobile Powertrain,energy_recovery_target,physics_robotics_autonomous,motion_axis,ev_traction,power,NONINFERIOR / INCONCLUSIVE,0.00000,0.00000,0.00000,0.00000,0.00000,0.00000,0.000,0.000,56.9,0.1317,True,,
AUDIT-0053,Automotive EV & Mobile Powertrain,auxiliary_power_budget,physics_robotics_autonomous,motion_axis,ev_traction,power,NONINFERIOR / INCONCLUSIVE,0.00000,0.00000,0.00000,0.00000,0.00000,0.00000,0.000,0.000,109.2,0.0367,True,,
AUDIT-0054,Automotive EV & Mobile Powertrain,fast_charge_current,physics_robotics_autonomous,motion_axis,ev_traction,power,NONINFERIOR / INCONCLUSIVE,0.00000,0.00000,0.00000,0.00000,0.00000,0.00000,0.000,0.000,44.7,0.1389,True,,
AUDIT-0055,Automotive EV & Mobile Powertrain,fast_charge_voltage,physics_robotics_autonomous,motion_axis,ev_traction,power,NONINFERIOR / INCONCLUSIVE,0.00000,0.00000,0.00000,0.00000,0.00000,0.00000,0.000,0.000,61.3,0.0719,True,,
AUDIT-0056,Automotive EV & Mobile Powertrain,vehicle_safe_state,physics_robotics_autonomous,motion_axis,ev_traction,admission,NONINFERIOR / INCONCLUSIVE,0.00000,0.00000,0.00000,0.00000,0.00000,0.00000,0.000,0.000,1.0,0.2461,True,,
481,Aviation & Autonomous Flight,throttle_envelope,physics_robotics_autonomous,motion_axis,flight_axis,power,NONINFERIOR / INCONCLUSIVE,0.00000,0.00000,0.00000,0.00000,0.00000,0.00000,0.000,0.000,171.0,0.0000,True,,
482,Aviation & Autonomous Flight,attitude_target,physics_robotics_autonomous,motion_axis,flight_axis,capacity,SUPERIOR WITHIN GUARDRAILS,0.00193,0.00137,0.00250,0.00000,0.00000,-0.00193,0.000,0.000,40.0,0.0000,True,,
483,Aviation & Autonomous Flight,attitude_rate_target,physics_robotics_autonomous,motion_axis,flight_axis,capacity,SUPERIOR WITHIN GUARDRAILS,0.00177,0.00140,0.00215,0.00000,0.00000,-0.00177,0.000,0.000,32.0,0.0000,True,,
484,Aviation & Autonomous Flight,velocity_target,physics_robotics_autonomous,motion_axis,flight_axis,capacity,SUPERIOR WITHIN GUARDRAILS,0.00203,0.00147,0.00259,0.00000,0.00000,-0.00203,0.000,0.000,44.1,0.0000,True,,
485,Aviation & Autonomous Flight,altitude_target,physics_robotics_autonomous,motion_axis,flight_axis,capacity,SUPERIOR WITHIN GUARDRAILS,0.00161,0.00114,0.00208,0.00000,0.00000,-0.00161,0.000,0.000,37.4,0.0000,True,,
486,Aviation & Autonomous Flight,waypoint_authority,physics_robotics_autonomous,motion_axis,flight_axis,capacity,SUPERIOR WITHIN GUARDRAILS,0.00205,0.00151,0.00260,0.00000,0.00000,-0.00205,0.000,0.000,37.6,0.0000,True,,
487,Aviation & Autonomous Flight,flight_hold,physics_robotics_autonomous,motion_axis,flight_axis,admission,NOT ESTABLISHED,-0.05564,-0.13271,0.02142,-0.05888,-0.13850,-0.00397,8.944,22.059,1.0,0.0000,True,,
488,Aviation & Autonomous Flight,return_to_home,physics_robotics_autonomous,motion_axis,flight_axis,admission,NOT ESTABLISHED,-0.01149,-0.04068,0.01770,-0.01316,-0.04292,-0.00172,13.889,27.802,1.0,0.0000,True,,
489,Aviation & Autonomous Flight,land_action,physics_robotics_autonomous,motion_axis,flight_axis,admission,WORSE,-0.06410,-0.11788,-0.01032,-0.06788,-0.12373,-0.00430,13.083,24.320,1.0,0.0000,True,,
490,Aviation & Autonomous Flight,mission_admission,physics_robotics_autonomous,motion_axis,flight_axis,admission,NOT ESTABLISHED,-0.03980,-0.10167,0.02207,-0.04266,-0.10621,-0.00325,16.278,36.466,1.0,0.0000,True,,
491,Aviation & Autonomous Flight,geofence_response,physics_robotics_autonomous,motion_axis,flight_axis,admission,ENERGY IMPROVEMENT WITH SERVICE TRADEOFF,0.00113,0.00035,0.00191,0.00000,0.00000,-0.00113,4.361,9.441,1.0,0.0000,True,,
492,Aviation & Autonomous Flight,failsafe_selection,physics_robotics_autonomous,motion_axis,flight_axis,admission,NOT ESTABLISHED,-0.00044,-0.00545,0.00456,-0.00227,-0.00741,-0.00183,14.417,27.444,1.0,0.0000,True,,
493,Aviation & Autonomous Flight,battery_reserve_threshold,physics_robotics_autonomous,motion_axis,flight_axis,admission,ENERGY IMPROVEMENT WITH SERVICE TRADEOFF,0.00180,0.00118,0.00241,0.00000,0.00000,-0.00179,9.417,18.365,1.0,0.0000,True,,
494,Aviation & Autonomous Flight,actuator_saturation_envelope,physics_robotics_autonomous,motion_axis,flight_axis,capacity,SUPERIOR WITHIN GUARDRAILS,0.00197,0.00168,0.00226,0.00000,0.00000,-0.00196,0.000,0.000,44.9,0.0000,True,,
495,Aviation & Autonomous Flight,flight_mode_transition,physics_robotics_autonomous,motion_axis,flight_axis,admission,NOT ESTABLISHED,-0.01362,-0.04873,0.02150,-0.01607,-0.05242,-0.00258,8.889,19.289,1.0,0.0000,True,,
496,Aviation & Autonomous Flight,flight_termination_safe_state,physics_robotics_autonomous,motion_axis,flight_axis,admission,ENERGY IMPROVEMENT WITH SERVICE TRADEOFF,0.00073,0.00016,0.00130,0.00000,0.00000,-0.00073,5.028,11.705,1.0,0.0000,True,,
449,Robotics Fleet & Warehouse Automation,robot_dispatch,physics_robotics_autonomous,compute_pool,robot_fleet,capacity,NONINFERIOR / INCONCLUSIVE,-0.00000,-0.00001,0.00000,0.00000,0.00000,0.00000,0.000,0.000,1.2,0.0000,True,,
450,Robotics Fleet & Warehouse Automation,task_assignment,physics_robotics_autonomous,compute_pool,robot_fleet,capacity,NONINFERIOR / INCONCLUSIVE,0.00000,0.00000,0.00000,0.00000,0.00000,0.00000,0.000,0.000,1.2,0.0006,True,,
451,Robotics Fleet & Warehouse Automation,traffic_reservation,physics_robotics_autonomous,compute_pool,robot_fleet,capacity,NONINFERIOR / INCONCLUSIVE,0.00000,0.00000,0.00000,0.00000,0.00000,0.00000,0.000,0.000,1.0,0.0003,True,,
452,Robotics Fleet & Warehouse Automation,robot_route,physics_robotics_autonomous,compute_pool,robot_fleet,capacity,NONINFERIOR / INCONCLUSIVE,0.00000,0.00000,0.00000,0.00000,0.00000,0.00000,0.000,0.000,1.0,0.0001,True,,
453,Robotics Fleet & Warehouse Automation,charging_dispatch,physics_robotics_autonomous,compute_pool,robot_fleet,capacity,NONINFERIOR / INCONCLUSIVE,0.00000,0.00000,0.00000,0.00000,0.00000,0.00000,0.000,0.000,1.0,0.0000,True,,
454,Robotics Fleet & Warehouse Automation,battery_reserve,physics_robotics_autonomous,compute_pool,robot_fleet,capacity,NONINFERIOR / INCONCLUSIVE,0.00000,0.00000,0.00000,0.00000,0.00000,0.00000,0.000,0.000,1.2,0.0000,True,,
455,Robotics Fleet & Warehouse Automation,elevator_request,physics_robotics_autonomous,compute_pool,robot_fleet,capacity,NONINFERIOR / INCONCLUSIVE,0.00000,0.00000,0.00000,0.00000,0.00000,0.00000,0.000,0.000,1.0,0.0003,True,,
456,Robotics Fleet & Warehouse Automation,door_request,physics_robotics_autonomous,compute_pool,robot_fleet,capacity,NONINFERIOR / INCONCLUSIVE,0.00000,0.00000,0.00000,0.00000,0.00000,0.00000,0.000,0.000,1.0,0.0000,True,,
457,Robotics Fleet & Warehouse Automation,conveyor_speed,physics_robotics_autonomous,compute_pool,robot_fleet,capacity,NONINFERIOR / INCONCLUSIVE,-0.00001,-0.00003,0.00001,0.00000,0.00000,0.00001,0.000,0.000,1.2,0.0013,True,,
458,Robotics Fleet & Warehouse Automation,agv_speed,physics_robotics_autonomous,compute_pool,robot_fleet,capacity,NONINFERIOR / INCONCLUSIVE,0.00000,0.00000,0.00000,0.00000,0.00000,0.00000,0.000,0.000,1.0,0.0021,True,,
459,Robotics Fleet & Warehouse Automation,warehouse_zone_admission,physics_robotics_autonomous,compute_pool,robot_fleet,admission,NONINFERIOR / INCONCLUSIVE,0.00000,0.00000,0.00000,0.00000,0.00000,0.00000,0.000,0.000,0.0,0.0001,True,,
460,Robotics Fleet & Warehouse Automation,robot_quarantine,physics_robotics_autonomous,compute_pool,robot_fleet,admission,NONINFERIOR / INCONCLUSIVE,0.00000,0.00000,0.00000,0.00000,0.00000,0.00000,0.000,0.000,0.0,0.0001,True,,
461,Robotics Fleet & Warehouse Automation,fleet_failover,physics_robotics_autonomous,compute_pool,robot_fleet,capacity,NONINFERIOR / INCONCLUSIVE,0.00000,0.00000,0.00000,0.00000,0.00000,0.00000,0.000,0.000,1.0,0.0000,True,,
462,Robotics Fleet & Warehouse Automation,human_safe_stop,physics_robotics_autonomous,compute_pool,robot_fleet,capacity,NONINFERIOR / INCONCLUSIVE,0.00000,0.00000,0.00000,0.00000,0.00000,0.00000,0.000,0.000,1.2,0.0000,True,,
463,Robotics Fleet & Warehouse Automation,fleet_concurrency,physics_robotics_autonomous,compute_pool,robot_fleet,admission,NONINFERIOR / INCONCLUSIVE,0.00000,0.00000,0.00000,0.00000,0.00000,0.00000,0.000,0.000,0.0,0.0000,True,,
433,Robotics Motion Control,joint_position,physics_robotics_autonomous,motion_axis,robot_joint,capacity,ENERGY IMPROVEMENT WITH SERVICE TRADEOFF,0.00556,0.00230,0.00883,-0.00130,-0.00352,-0.00681,0.528,1.347,133.1,0.0561,True,,
434,Robotics Motion Control,joint_velocity,physics_robotics_autonomous,motion_axis,robot_joint,capacity,NOT ESTABLISHED,0.00329,-0.00091,0.00749,-0.00218,-0.00460,-0.00543,0.917,2.184,123.2,0.0947,True,,
435,Robotics Motion Control,joint_acceleration,physics_robotics_autonomous,motion_axis,robot_joint,capacity,SUPERIOR WITHIN GUARDRAILS,0.00817,0.00720,0.00914,0.00000,0.00000,-0.00811,0.000,0.000,162.4,0.0000,True,,
436,Robotics Motion Control,joint_effort,physics_robotics_autonomous,motion_axis,robot_joint,power,NONINFERIOR / INCONCLUSIVE,0.00000,0.00000,0.00000,0.00000,0.00000,0.00000,0.000,0.000,162.4,0.0000,True,,
437,Robotics Motion Control,cartesian_velocity,physics_robotics_autonomous,motion_axis,robot_joint,capacity,SUPERIOR WITHIN GUARDRAILS,0.00794,0.00706,0.00882,0.00000,0.00000,-0.00787,0.000,0.000,99.2,0.0000,True,,
438,Robotics Motion Control,trajectory_speed,physics_robotics_autonomous,motion_axis,robot_joint,capacity,SUPERIOR WITHIN GUARDRAILS,0.00776,0.00666,0.00886,0.00000,0.00000,-0.00769,0.000,0.000,93.5,0.0000,True,,
439,Robotics Motion Control,trajectory_acceleration,physics_robotics_autonomous,motion_axis,robot_joint,capacity,SUPERIOR WITHIN GUARDRAILS,0.00753,0.00589,0.00917,-0.00058,-0.00190,-0.00805,0.000,0.000,86.6,0.0000,True,,
440,Robotics Motion Control,jerk_limit,physics_robotics_autonomous,motion_axis,robot_joint,capacity,ENERGY IMPROVEMENT WITH SERVICE TRADEOFF,0.00336,0.00046,0.00626,-0.00209,-0.00454,-0.00543,1.472,3.524,125.0,0.0975,True,,
441,Robotics Motion Control,collision_margin,physics_robotics_autonomous,motion_axis,robot_joint,capacity,SUPERIOR WITHIN GUARDRAILS,0.00824,0.00776,0.00872,0.00000,0.00000,-0.00817,0.000,0.000,111.1,0.0000,True,,
442,Robotics Motion Control,force_limit,physics_robotics_autonomous,motion_axis,robot_joint,power,NONINFERIOR / INCONCLUSIVE,0.00000,0.00000,0.00000,0.00000,0.00000,0.00000,0.000,0.000,137.7,0.0000,True,,
443,Robotics Motion Control,gripper_force,physics_robotics_autonomous,motion_axis,robot_joint,power,NONINFERIOR / INCONCLUSIVE,0.00000,0.00000,0.00000,0.00000,0.00000,0.00000,0.000,0.000,148.1,0.0000,True,,
444,Robotics Motion Control,locomotion_speed,physics_robotics_autonomous,motion_axis,robot_joint,capacity,ENERGY IMPROVEMENT WITH SERVICE TRADEOFF,0.00698,0.00483,0.00912,-0.00093,-0.00302,-0.00785,0.556,1.680,116.2,0.0142,True,,
445,Robotics Motion Control,steering_angle,physics_robotics_autonomous,motion_axis,robot_joint,capacity,SUPERIOR WITHIN GUARDRAILS,0.00846,0.00776,0.00917,0.00000,0.00000,-0.00839,0.000,0.000,96.5,0.0000,True,,
446,Robotics Motion Control,braking_force,physics_robotics_autonomous,motion_axis,robot_joint,power,NONINFERIOR / INCONCLUSIVE,0.00000,0.00000,0.00000,0.00000,0.00000,0.00000,0.000,0.000,123.1,0.0058,True,,
447,Robotics Motion Control,balance_correction,physics_robotics_autonomous,motion_axis,robot_joint,capacity,SUPERIOR WITHIN GUARDRAILS,0.00594,0.00271,0.00917,-0.00181,-0.00456,-0.00770,0.028,0.091,170.0,0.0028,True,,
497,Spacecraft & Flight Software,space_command_admission,physics_robotics_autonomous,motion_axis,reaction_wheel,admission,NOT ESTABLISHED,-0.00421,-0.00934,0.00092,-0.00674,-0.01565,-0.00257,0.889,2.900,1.0,0.0000,True,,
499,Spacecraft & Flight Software,flight_task_schedule,physics_robotics_autonomous,motion_axis,reaction_wheel,admission,NOT ESTABLISHED,-0.00210,-0.00683,0.00264,-0.00448,-0.01461,-0.00243,0.000,0.000,1.0,0.0000,True,,
500,Spacecraft & Flight Software,space_mode_transition,physics_robotics_autonomous,motion_axis,reaction_wheel,admission,NONINFERIOR / INCONCLUSIVE,0.00001,-0.00004,0.00006,0.00000,0.00000,-0.00001,0.000,0.000,1.0,0.0000,True,,
501,Spacecraft & Flight Software,payload_duty_cycle,physics_robotics_autonomous,motion_axis,reaction_wheel,power,ENERGY IMPROVEMENT WITH SERVICE TRADEOFF,0.01113,0.00938,0.01288,0.00000,0.00000,-0.01101,5.472,6.210,173.9,0.0000,True,,
502,Spacecraft & Flight Software,communication_allocation,physics_robotics_autonomous,motion_axis,reaction_wheel,capacity,SUPERIOR WITHIN GUARDRAILS,0.13632,0.11523,0.15741,0.00000,0.00000,-0.11943,0.000,0.000,49.0,0.0000,True,,
503,Spacecraft & Flight Software,space_power_budget,physics_robotics_autonomous,motion_axis,reaction_wheel,power,ENERGY IMPROVEMENT WITH SERVICE TRADEOFF,0.01078,0.00938,0.01219,0.00000,0.00000,-0.01067,5.583,6.392,157.1,0.0000,True,,
504,Spacecraft & Flight Software,space_thermal_command,physics_robotics_autonomous,motion_axis,reaction_wheel,power,ENERGY IMPROVEMENT WITH SERVICE TRADEOFF,0.01168,0.01110,0.01226,0.00000,0.00000,-0.01155,6.222,6.683,156.1,0.0000,True,,
505,Spacecraft & Flight Software,attitude_command_envelope,physics_robotics_autonomous,motion_axis,reaction_wheel,capacity,SUPERIOR WITHIN GUARDRAILS,0.10556,0.08607,0.12504,0.00000,0.00000,-0.09499,0.000,0.000,56.3,0.0000,True,,
506,Spacecraft & Flight Software,reaction_wheel_allocation,physics_robotics_autonomous,motion_axis,reaction_wheel,capacity,SUPERIOR WITHIN GUARDRAILS,0.12313,0.10217,0.14409,-0.00244,-0.00796,-0.11125,0.000,0.000,57.8,0.0000,True,,
507,Spacecraft & Flight Software,rcs_authority,physics_robotics_autonomous,motion_axis,reaction_wheel,power,ENERGY IMPROVEMENT WITH SERVICE TRADEOFF,0.01108,0.00972,0.01243,0.00000,0.00000,-0.01095,5.806,6.829,156.1,0.0000,True,,
508,Spacecraft & Flight Software,safe_mode_transition,physics_robotics_autonomous,motion_axis,reaction_wheel,admission,WORSE,-0.00008,-0.00015,-0.00001,0.00000,0.00000,0.00008,0.000,0.000,1.0,0.0000,True,,
509,Spacecraft & Flight Software,watchdog_recovery,physics_robotics_autonomous,motion_axis,reaction_wheel,admission,NONINFERIOR / INCONCLUSIVE,-0.00001,-0.00007,0.00005,0.00000,0.00000,0.00001,0.000,0.000,1.0,0.0000,True,,
510,Spacecraft & Flight Software,instrument_activation,physics_robotics_autonomous,motion_axis,reaction_wheel,capacity,SUPERIOR WITHIN GUARDRAILS,0.13724,0.11121,0.16327,0.00000,0.00000,-0.11988,0.000,0.000,47.3,0.0000,True,,
511,Spacecraft & Flight Software,fault_isolation,physics_robotics_autonomous,motion_axis,reaction_wheel,admission,NONINFERIOR / INCONCLUSIVE,-0.00005,-0.00010,0.00000,0.00000,0.00000,0.00005,0.000,0.000,1.0,0.0000,True,,
