kind,domain,knob,case,counted,confirmed_better,confirmed_worse,inside_the_noise,runs_disagree,verdict,index_resource_pct,index_service_pct,why,source
real knob,"Real Kubernetes (GitHub, kind)","the autoscaler's replicas, the floor and the machines",steady work,yes,machines -2.9% to -1.5%; machine-hours -2.7% to -1.5%; standby-model energy -2.1% to -1.3%; mean response -48% to -47%; p95 -65%; p99 -72% to -68%; time over the line -99% to -97%,,5,0,write,30.81,69.38,"confirmed better on 7 gauges, nothing confirmed worse; 5 gauges inside the noise. Omni holds the knob",results/live/V3_STEADY.md
real knob,"Real Kubernetes (GitHub, kind)","the autoscaler's replicas, the floor and the machines",demand that wanders,yes,mean response -49% to -46%; p95 -63% to -57%; p99 -51% to -40%; time over the line -40% to -39%; failed requests -12% to -8%,,8,0,write,36.95,156.88,"confirmed better on 5 gauges, nothing confirmed worse; 8 gauges inside the noise. Omni holds the knob",results/live/V3_WANDERING.md
real knob,"Real Kubernetes (GitHub, kind)","the autoscaler's replicas, the floor and the machines",all four at once,yes,work inside the line +35% to +49%; mean response -46% to -45%; p95 -66% to -61%; time over the line -45% to -39%; failed requests -14% to -11%,,9,0,write,39.93,95.80,"confirmed better on 5 gauges, nothing confirmed worse; 9 gauges inside the noise. Omni holds the knob",results/live/V3_ALL_FOUR.md
real knob,"Real Kubernetes (GitHub, kind)","the autoscaler's replicas, the floor and the machines",a noisy neighbour,yes,,,17,0,watch,0.00,0.00,"every judged gauge inside the noise or the same (17 inside the noise, 2 the same), the neighbour's own rows included: Omni neither helped nor hurt beside a noisy neighbour, so under this demand there is nothing to earn and nothing lost. The same knob writes under the other six demands",results/live/V3_FAIRNESS.md
real knob,"Real Kubernetes (GitHub, kind)","the autoscaler's replicas, the floor and the machines",faults,yes,mean response -51% to -37%; p95 -62% to -47%; p99 -62% to -39%; time over the line -42% to -22%,,9,0,write,31.67,128.29,"confirmed better on 4 gauges, nothing confirmed worse; 9 gauges inside the noise. Omni holds the knob",results/live/V3_FAULTS.md
real knob,"Real Kubernetes (GitHub, kind)","the autoscaler's replicas, the floor and the machines",a queue of jobs,yes,machines -23% to -18%; machine-hours -22% to -18%; standby-model energy -16% to -13%; mean response -14% to -10%; time over the line -3.8% to -2.4%; machines after the queue -35% to -29%,,9,0,write,18.53,13.60,"confirmed better on 6 gauges, nothing confirmed worse; 9 gauges inside the noise. Omni holds the knob",results/live/V3_BATCH.md
real knob,"Real Kubernetes (GitHub, kind)","the autoscaler's replicas, the floor and the machines",a public day of demand (Google 2011),yes,machines -9.5% to -5.9%; machine-hours -9.4% to -5.8%; standby-model energy -6.7% to -4.3%; mean response -55% to -51%; p95 -71% to -65%; p99 -61% to -49%; time over the line -84% to -81%; failed requests -17% to -8%; replicas -6.3% to -4.8%,,4,0,write,49.97,213.16,"confirmed better on 9 gauges, nothing confirmed worse; 4 gauges inside the noise. Omni holds the knob",results/live/V3_TRACE_GOOGLE2011.md
real knob,"Real database (PostgreSQL behind PgBouncer, GitHub)",the pooler's pool size (server connections),select,yes,connections held open -38% to -36%,,9,0,write,12.46,0.00, Nothing worse: Omni holds the knob.,results/live/V3_PGBENCH.md
real knob,"Real database (PostgreSQL behind PgBouncer, GitHub)",the pooler's pool size (server connections),simple_update,yes,,connections most at once +72% to +80%,10,0,watch,0.00,0.00,"Why: connections most at once +72% to +80%: amendment 1's add rule (""slow, clients waiting for a server: add"") fired 4 to 15 times an arm on this slow write workload and bought servers above the operator's 20, up to 36 at the peak; work, latency and CPU inside the noise, so nothing was bought for them (`docs/POSTGRES_PREREGISTRATION.md`, the second set). The rule stands as written and the verdict for this workload is to watch.",results/live/V3_PGBENCH.md
real knob,"Real database (PostgreSQL behind PgBouncer, GitHub)",the pooler's pool size (server connections),tpcb_hot,yes,,,10,1,watch,0.00,0.00,"the runs disagree on connections held open -48% to +5%; nothing confirmed either way (10 gauges inside the noise, 1 the same). Nothing is settled here, so the knob stays native until three runs agree.",results/live/V3_PGBENCH.md
real knob,"Real messaging (Apache Kafka, GitHub)",the consumer group's size,"tuning (tuning workload: shown, never counted)",no,"work inside the line +15% to +16%; p95 -99%; p99 -100% to -99%; median -15% to -14%; mean -97% to -96%; messages waiting, most -96% to -94%; messages waiting, mean -97% to -96%; CPU per 1,000 inside the line -9.8% to -5.8%",consumers running +264% to +297%; consumers most at once +267% to +300%; host CPU busy +5.1% to +8.6%; host CPU-seconds +4.9% to +8.7%,1,0,operator's choice,,,"Why: consumers running +264% to +297%: the knob itself: Omni adds consumers while messages wait and the queue is kept short; the consumers running are the price, declared in advance as the cost that reads worse (`docs/KAFKA_PREREGISTRATION.md`, the gauges); consumers most at once +267% to +300%: the same price at its peak: the group grown to the partition count while the burst is drained; host CPU busy +5.1% to +8.6%: more consumers polling cost the host CPU on the light workload, where the broker had slack; on the heavy and burst workloads the CPU is inside the noise; host CPU-seconds +4.9% to +8.7%: the same CPU, counted over the run.",results/live/V3_KAFKA.md
real knob,"Real messaging (Apache Kafka, GitHub)",the consumer group's size,burst,yes,"work inside the line +20% to +21%; p95 -99%; p99 -99%; median -22% to -19%; mean -97%; messages waiting, most -96% to -95%; messages waiting, mean -97%; CPU per 1,000 inside the line -12% to -10%",consumers running +183% to +208%; consumers most at once +267% to +300%,3,0,operator's choice,182.46,1268.21,"Why: consumers running +183% to +208%: the knob itself: Omni adds consumers while messages wait and the queue is kept short; the consumers running are the price, declared in advance as the cost that reads worse (`docs/KAFKA_PREREGISTRATION.md`, the gauges); consumers most at once +267% to +300%: the same price at its peak: the group grown to the partition count while the burst is drained. The trade pays under both readings of the index (resource +182.5%, service +1268.2%): the operator who runs Kafka for its service wires in and pays in consumers; an operator who counts that resource above the service watches.",results/live/V3_KAFKA.md
real knob,"Real messaging (Apache Kafka, GitHub)",the consumer group's size,heavy,yes,"work inside the line +16%; p95 -99%; p99 -99% to -88%; mean -95% to -92%; messages waiting, most -94% to -73%; messages waiting, mean -95% to -92%",consumers running +158% to +192%; consumers most at once +300%,5,0,operator's choice,155.78,990.36,"Why: consumers running +158% to +192%: the knob itself: Omni adds consumers while messages wait and the queue is kept short; the consumers running are the price, declared in advance as the cost that reads worse (`docs/KAFKA_PREREGISTRATION.md`, the gauges); consumers most at once +300%: the same price at its peak: the group grown to the partition count while the burst is drained. The trade pays under both readings of the index (resource +155.8%, service +990.4%): the operator who runs Kafka for its service wires in and pays in consumers; an operator who counts that resource above the service watches.",results/live/V3_KAFKA.md
real knob,"Real messaging (Apache Kafka, GitHub)",the consumer group's size,light,yes,"work inside the line +16%; p95 -99%; p99 -100%; median -28% to -20%; mean -97%; messages waiting, most -96% to -94%; messages waiting, mean -97%",consumers running +255% to +297%; consumers most at once +300%; host CPU busy +10% to +19%; host CPU-seconds +10% to +20%,2,0,operator's choice,163.23,1348.35,"Why: consumers running +255% to +297%: the knob itself: Omni adds consumers while messages wait and the queue is kept short; the consumers running are the price, declared in advance as the cost that reads worse (`docs/KAFKA_PREREGISTRATION.md`, the gauges); consumers most at once +300%: the same price at its peak: the group grown to the partition count while the burst is drained; host CPU busy +10% to +19%: more consumers polling cost the host CPU on the light workload, where the broker had slack; on the heavy and burst workloads the CPU is inside the noise; host CPU-seconds +10% to +20%: the same CPU, counted over the run. The trade pays under both readings of the index (resource +163.2%, service +1348.3%): the operator who runs Kafka for its service wires in and pays in consumers; an operator who counts that resource above the service watches.",results/live/V3_KAFKA.md
real knob,"Real cache (Redis, GitHub)",the cache's memory ceiling,"tuning (tuning workload: shown, never counted)",no,work inside the line +15%; hit rate +15%; p95 -1.3% to -1.0%; mean -43% to -42%,memory ceiling held +363% to +367%; memory used +336% to +341%,5,0,operator's choice,,,"Why: memory ceiling held +363% to +367%: the knob itself: the ceiling grows while the cache is full and misses, so a wide working set is held instead of evicted; the memory is the price of the hit rate, declared in advance as the cost that reads worse (`docs/REDIS_PREREGISTRATION.md`, the gauges); memory used +336% to +341%: the memory actually used follows the ceiling: the working set the operator's 64 MB could not hold is held.",results/live/V3_REDIS.md
real knob,"Real cache (Redis, GitHub)",the cache's memory ceiling,burst,yes,work inside the line +14% to +15%; hit rate +14% to +15%; p95 -0.6% to -0.2%; mean -30% to -29%,memory ceiling held +205% to +215%; memory used +171% to +174%,5,0,operator's choice,-21.90,7.06,"Why: memory ceiling held +205% to +215%: the knob itself: the ceiling grows while the cache is full and misses, so a wide working set is held instead of evicted; the memory is the price of the hit rate, declared in advance as the cost that reads worse (`docs/REDIS_PREREGISTRATION.md`, the gauges); memory used +171% to +174%: the memory actually used follows the ceiling: the working set the operator's 64 MB could not hold is held. The trade pays under the service reading (+7.1%) and not under the resource reading (-21.9%, the preregistered headline): the operator who runs Redis for its speed and has the memory wires in; the operator who counts the memory as the cost watches.",results/live/V3_REDIS.md
real knob,"Real cache (Redis, GitHub)",the cache's memory ceiling,large,yes,work inside the line +14%; hit rate +14%; p99 -1.1% to -0.5%; mean -61% to -58%,memory ceiling held +294% to +301%; memory used +255% to +262%,5,0,operator's choice,-26.84,6.69,"Why: memory ceiling held +294% to +301%: the knob itself: the ceiling grows while the cache is full and misses, so a wide working set is held instead of evicted; the memory is the price of the hit rate, declared in advance as the cost that reads worse (`docs/REDIS_PREREGISTRATION.md`, the gauges); memory used +255% to +262%: the memory actually used follows the ceiling: the working set the operator's 64 MB could not hold is held. The trade pays under the service reading (+6.7%) and not under the resource reading (-26.8%, the preregistered headline): the operator who runs Redis for its speed and has the memory wires in; the operator who counts the memory as the cost watches.",results/live/V3_REDIS.md
real knob,"Real cache (Redis, GitHub)",the cache's memory ceiling,small,yes,work inside the line +26% to +27%; hit rate +26% to +27%; p95 -0.6% to -0.4%; mean -31%,memory ceiling held +320% to +325%; memory used +248% to +251%,5,0,operator's choice,-25.97,12.63,"Why: memory ceiling held +320% to +325%: the knob itself: the ceiling grows while the cache is full and misses, so a wide working set is held instead of evicted; the memory is the price of the hit rate, declared in advance as the cost that reads worse (`docs/REDIS_PREREGISTRATION.md`, the gauges); memory used +248% to +251%: the memory actually used follows the ceiling: the working set the operator's 64 MB could not hold is held. The trade pays under the service reading (+12.6%) and not under the resource reading (-26.0%, the preregistered headline): the operator who runs Redis for its speed and has the memory wires in; the operator who counts the memory as the cost watches.",results/live/V3_REDIS.md
real knob,"Real database cache (MongoDB under YCSB, GitHub)",the storage engine's cache size,"tuning (tuning workload: shown, never counted)",no,cache size held -24% to -20%; cache in use -23% to -19%,,8,0,write,,, Nothing worse: Omni holds the knob.,results/live/V3_YCSB.md
real knob,"Real database cache (MongoDB under YCSB, GitHub)",the storage engine's cache size,b,yes,cache size held -36% to -28%; cache in use -36% to -27%,,8,0,write,9.61,0.00, Nothing worse: Omni holds the knob.,results/live/V3_YCSB.md
real knob,"Real database cache (MongoDB under YCSB, GitHub)",the storage engine's cache size,burst,yes,cache size held -26% to -21%; cache in use -27% to -21%,,8,0,write,6.83,0.00, Nothing worse: Omni holds the knob.,results/live/V3_YCSB.md
real knob,"Real database cache (MongoDB under YCSB, GitHub)",the storage engine's cache size,c,yes,cache size held -24%; cache in use -23% to -22%,,8,0,write,7.10,0.00, Nothing worse: Omni holds the knob.,results/live/V3_YCSB.md
real knob,"Real database cache (MongoDB under YCSB, GitHub)",the storage engine's cache size,f,yes,cache size held -36% to -28%; cache in use -36% to -28%,,8,0,write,10.71,0.00, Nothing worse: Omni holds the knob.,results/live/V3_YCSB.md
real knob,"Real database buffer pool (MySQL under sysbench, GitHub)",the buffer pool's size,"tuning (tuning workload: shown, never counted)",no,,,11,0,watch,,,"nothing confirmed either way (11 gauges inside the noise, 1 the same). Nothing to earn under this workload, nothing lost: the knob stays native and Omni reads it.",results/live/V3_SYSBENCH.md
real knob,"Real database buffer pool (MySQL under sysbench, GitHub)",the buffer pool's size,burst,yes,pool held -56% to -49%; pages holding data -57% to -51%,,9,0,write,21.08,0.00, Nothing worse: Omni holds the knob.,results/live/V3_SYSBENCH.md
real knob,"Real database buffer pool (MySQL under sysbench, GitHub)",the buffer pool's size,read_only,yes,,,11,0,watch,0.00,0.00,"nothing confirmed either way (11 gauges inside the noise, 1 the same). Nothing to earn under this workload, nothing lost: the knob stays native and Omni reads it.",results/live/V3_SYSBENCH.md
real knob,"Real database buffer pool (MySQL under sysbench, GitHub)",the buffer pool's size,read_write,yes,host CPU busy -5.6% to -4.1%; host CPU-seconds -5.7% to -4.2%,pages holding data +44% to +52%,8,0,operator's choice,1.24,0.00,"Why: pages holding data +44% to +52%: memory bought on real misses: a written working set keeps the pool missing above one percent, so the growth gate lets the pool grow to 1.1 to 1.6 GB in the wide notches; the host's CPU fell 4% to 6% for it, confirmed better, and latency did not move (`docs/MYSQL_PREREGISTRATION.md`, the third set). Under the index's own scoring the gain outweighs the loss by +1.2% (resource reading); the service reading is +0.0%: a small trade, the operator's to take or leave.",results/live/V3_SYSBENCH.md
real knob,"Real database buffer pool (MySQL under sysbench, GitHub)",the buffer pool's size,update_index,yes,,,10,1,watch,0.00,0.00,"the runs disagree on pool held -12% to +13%; nothing confirmed either way (10 gauges inside the noise, 1 the same). Nothing is settled here, so the knob stays native until three runs agree.",results/live/V3_SYSBENCH.md
modelled simulator,"Robot arms (MuJoCo Menagerie, Google DeepMind)",the servo's speed override inside the takt,kinova_gen3,yes,"energy per takt -0.8%; copper loss per cycle -11%; mechanical work per cycle -6.6%; peak joint torque -29%; tracking error, RMS -21%; end-point error at the waypoints -11%",,0,0,write,,,"Nothing worse: the same job inside the same takt, hit more accurately with less force; the cycle is slower inside the takt (shown, not judged).",results/live/V3_MUJOCO.md
modelled simulator,"Robot arms (MuJoCo Menagerie, Google DeepMind)",the servo's speed override inside the takt,kuka_iiwa_14,yes,,,0,0,watch,,,"The engine's own verdict: one cycle at full speed and one at override 0.8, in native mode before the counted cycles, showed a slower cycle no cheaper on the robot's own figures (the gravity-holding torque is paid for longer), so the override was left at 1.0 and both arms are the same (`omnicompass/verdict.py`, left native). The trial's figures: 3157.3 J at full speed against 3757.3 J at the trial speed, reproduced over A, B, C: yes",results/live/V3_MUJOCO.md
modelled simulator,"Robot arms (MuJoCo Menagerie, Google DeepMind)",the servo's speed override inside the takt,universal_robots_ur5e,yes,,,0,0,watch,,,"The engine's own verdict: one cycle at full speed and one at override 0.8, in native mode before the counted cycles, showed a slower cycle no cheaper on the robot's own figures (the gravity-holding torque is paid for longer), so the override was left at 1.0 and both arms are the same (`omnicompass/verdict.py`, left native). The trial's figures: 189.9 J at full speed against 210.5 J at the trial speed, reproduced over A, B, C: yes",results/live/V3_MUJOCO.md
modelled simulator,"The power grid (pandapower, SimBench grids)","the substation's voltage setpoint, one tap at a time",1-MV-comm--0-sw (ZIP loads),yes,energy the loads drew -1.5%; line and transformer losses -1.0%; net import from the upstream grid -2.9%; tap operations -34%,,0,0,write,,,Nothing worse: Omni holds the knob.,results/live/V3_PANDAPOWER.md
modelled simulator,"The power grid (pandapower, SimBench grids)","the substation's voltage setpoint, one tap at a time",1-MV-comm--1-sw (ZIP loads),yes,energy the loads drew -1.4%; line and transformer losses -0.8%; net import from the upstream grid -15%; tap operations -36%,,0,0,write,,,Nothing worse: Omni holds the knob.,results/live/V3_PANDAPOWER.md
modelled simulator,"The power grid (pandapower, SimBench grids)","the substation's voltage setpoint, one tap at a time",1-MV-comm--2-sw (ZIP loads),yes,energy the loads drew -1.4%; line and transformer losses -0.3%; net import from the upstream grid -6.4%; tap operations -36%,,0,0,write,,,Nothing worse: Omni holds the knob.,results/live/V3_PANDAPOWER.md
modelled simulator,"The power grid (pandapower, SimBench grids)","the substation's voltage setpoint, one tap at a time",1-MV-rural--1-sw (ZIP loads),yes,energy the loads drew -1.4%; net import from the upstream grid -1.4%,line and transformer losses +0.8%; tap operations +100%,0,0,operator's choice,,,"Why: losses: an exporting grid pays the lower voltage in line losses (the analysis under the table); taps: the declared cost on a grid that barely taps on its own (4 a year, doubled). The operator who wants the loads' energy and the upstream import down wires in and accepts the line losses; the operator who runs the grid to its losses watches.",results/live/V3_PANDAPOWER.md
modelled simulator,"The power grid (pandapower, SimBench grids)","the substation's voltage setpoint, one tap at a time",1-MV-rural--2-sw (ZIP loads),yes,energy the loads drew -1.3%; net import from the upstream grid -1.1%; bus-steps outside 0.95-1.05 -1.4e-04; tap operations -27%,line and transformer losses +1.5%,0,0,operator's choice,,,Why: losses: an exporting grid pays the lower voltage in line losses (the analysis under the table). The operator who wants the loads' energy and the upstream import down wires in and accepts the line losses; the operator who runs the grid to its losses watches.,results/live/V3_PANDAPOWER.md
modelled simulator,"The power grid (pandapower, SimBench grids)","the substation's voltage setpoint, one tap at a time",1-MV-semiurb--0-sw (ZIP loads),yes,energy the loads drew -1.4%; line and transformer losses -1.0%; net import from the upstream grid -7.0%; tap operations -38%,,0,0,write,,,Nothing worse: Omni holds the knob.,results/live/V3_PANDAPOWER.md
modelled simulator,"The power grid (pandapower, SimBench grids)","the substation's voltage setpoint, one tap at a time",1-MV-semiurb--1-sw (ZIP loads),yes,energy the loads drew -1.4%; net import from the upstream grid -1.1%; tap operations -34%,line and transformer losses +0.7%,0,0,operator's choice,,,Why: losses: an exporting grid pays the lower voltage in line losses (the analysis under the table). The operator who wants the loads' energy and the upstream import down wires in and accepts the line losses; the operator who runs the grid to its losses watches.,results/live/V3_PANDAPOWER.md
modelled simulator,"The power grid (pandapower, SimBench grids)","the substation's voltage setpoint, one tap at a time",1-MV-semiurb--2-sw (ZIP loads),yes,energy the loads drew -1.4%; net import from the upstream grid -0.9%; bus-steps outside 0.95-1.05 -1.4e-05; tap operations -24%,line and transformer losses +1.1%,0,0,operator's choice,,,Why: losses: an exporting grid pays the lower voltage in line losses (the analysis under the table). The operator who wants the loads' energy and the upstream import down wires in and accepts the line losses; the operator who runs the grid to its losses watches.,results/live/V3_PANDAPOWER.md
modelled simulator,"The power grid (pandapower, SimBench grids)","the substation's voltage setpoint, one tap at a time",1-MV-urban--0-sw (ZIP loads),yes,energy the loads drew -1.5%; line and transformer losses -2.4%; net import from the upstream grid -2.0%; tap operations -31%,,0,0,write,,,Nothing worse: Omni holds the knob.,results/live/V3_PANDAPOWER.md
modelled simulator,"The power grid (pandapower, SimBench grids)","the substation's voltage setpoint, one tap at a time",1-MV-urban--1-sw (ZIP loads),yes,energy the loads drew -1.5%; line and transformer losses -2.4%; net import from the upstream grid -2.2%; tap operations -30%,,0,0,write,,,Nothing worse: Omni holds the knob.,results/live/V3_PANDAPOWER.md
modelled simulator,"The power grid (pandapower, SimBench grids)","the substation's voltage setpoint, one tap at a time",1-MV-urban--2-sw (ZIP loads),yes,energy the loads drew -1.5%; line and transformer losses -2.2%; net import from the upstream grid -3.1%; tap operations -23%,,0,0,write,,,Nothing worse: Omni holds the knob.,results/live/V3_PANDAPOWER.md
modelled simulator,"The power grid (pandapower, SimBench grids)","the substation's voltage setpoint, one tap at a time",1-MV-comm--0-sw (constant-power loads),yes,line and transformer losses -0.5%; net import from the upstream grid -0.0%; tap operations -31%,,0,0,write,,,Nothing worse: Omni holds the knob.,results/live/V3_PANDAPOWER.md
modelled simulator,"The power grid (pandapower, SimBench grids)","the substation's voltage setpoint, one tap at a time",1-MV-comm--1-sw (constant-power loads),yes,line and transformer losses -0.4%; net import from the upstream grid -0.0%; tap operations -31%,,0,0,write,,,Nothing worse: Omni holds the knob.,results/live/V3_PANDAPOWER.md
modelled simulator,"The power grid (pandapower, SimBench grids)","the substation's voltage setpoint, one tap at a time",1-MV-comm--2-sw (constant-power loads),yes,line and transformer losses -0.0%; net import from the upstream grid -0.0%; tap operations -31%,,0,0,write,,,Nothing worse: Omni holds the knob.,results/live/V3_PANDAPOWER.md
modelled simulator,"The power grid (pandapower, SimBench grids)","the substation's voltage setpoint, one tap at a time",1-MV-rural--1-sw (constant-power loads),yes,,line and transformer losses +0.6%; net import from the upstream grid +0.0%; tap operations +100%,0,0,watch,,,"Why: losses: an exporting grid pays the lower voltage in line losses (the analysis under the table); taps: the declared cost on a grid that barely taps on its own (4 a year, doubled); import: follows the losses, hundredths of a percent.",results/live/V3_PANDAPOWER.md
modelled simulator,"The power grid (pandapower, SimBench grids)","the substation's voltage setpoint, one tap at a time",1-MV-rural--2-sw (constant-power loads),yes,bus-steps outside 0.95-1.05 -1.4e-04; tap operations -16%,line and transformer losses +1.2%; net import from the upstream grid +0.0%,0,0,operator's choice,,,"Why: losses: an exporting grid pays the lower voltage in line losses (the analysis under the table); import: follows the losses, hundredths of a percent. The operator who wants the loads' energy and the upstream import down wires in and accepts the line losses; the operator who runs the grid to its losses watches.",results/live/V3_PANDAPOWER.md
modelled simulator,"The power grid (pandapower, SimBench grids)","the substation's voltage setpoint, one tap at a time",1-MV-semiurb--0-sw (constant-power loads),yes,line and transformer losses -0.9%; net import from the upstream grid -0.1%; tap operations -29%,,0,0,write,,,Nothing worse: Omni holds the knob.,results/live/V3_PANDAPOWER.md
modelled simulator,"The power grid (pandapower, SimBench grids)","the substation's voltage setpoint, one tap at a time",1-MV-semiurb--1-sw (constant-power loads),yes,tap operations -31%,line and transformer losses +0.6%; net import from the upstream grid +0.0%,0,0,operator's choice,,,"Why: losses: an exporting grid pays the lower voltage in line losses (the analysis under the table); import: follows the losses, hundredths of a percent. The operator who wants the loads' energy and the upstream import down wires in and accepts the line losses; the operator who runs the grid to its losses watches.",results/live/V3_PANDAPOWER.md
modelled simulator,"The power grid (pandapower, SimBench grids)","the substation's voltage setpoint, one tap at a time",1-MV-semiurb--2-sw (constant-power loads),yes,bus-steps outside 0.95-1.05 -1.7e-05; tap operations -21%,line and transformer losses +0.9%; net import from the upstream grid +0.0%,0,0,operator's choice,,,"Why: losses: an exporting grid pays the lower voltage in line losses (the analysis under the table); import: follows the losses, hundredths of a percent. The operator who wants the loads' energy and the upstream import down wires in and accepts the line losses; the operator who runs the grid to its losses watches.",results/live/V3_PANDAPOWER.md
modelled simulator,"The power grid (pandapower, SimBench grids)","the substation's voltage setpoint, one tap at a time",1-MV-urban--0-sw (constant-power loads),yes,line and transformer losses -1.9%; net import from the upstream grid -0.0%; tap operations -30%,,0,0,write,,,Nothing worse: Omni holds the knob.,results/live/V3_PANDAPOWER.md
modelled simulator,"The power grid (pandapower, SimBench grids)","the substation's voltage setpoint, one tap at a time",1-MV-urban--1-sw (constant-power loads),yes,line and transformer losses -1.9%; net import from the upstream grid -0.0%; tap operations -27%,,0,0,write,,,Nothing worse: Omni holds the knob.,results/live/V3_PANDAPOWER.md
modelled simulator,"The power grid (pandapower, SimBench grids)","the substation's voltage setpoint, one tap at a time",1-MV-urban--2-sw (constant-power loads),yes,line and transformer losses -1.8%; net import from the upstream grid -0.0%; tap operations -22%,,0,0,write,,,Nothing worse: Omni holds the knob.,results/live/V3_PANDAPOWER.md
modelled simulator,"Buildings and batteries (CityLearn, UT Austin)",the electric batteries' charge and discharge commands,ca_alameda_county_neighborhood,yes,electricity bought -5.9%; daily peak draw -3.6%; highest peak -3.0%; ramping -3.9%; daily load unevenness -1.0%; monthly load unevenness -0.7%; distance from zero net energy -0.1%,,0,1,write,,,the runs differ on time uncomfortable +0.0%. Nothing worse: Omni holds the knob.,results/live/V3_CITYLEARN.md
modelled simulator,"Buildings and batteries (CityLearn, UT Austin)",the electric batteries' charge and discharge commands,citylearn_challenge_2022_phase_all_robustness,yes,electricity bill -8.6%; electricity bought -15%; carbon -12%; daily peak draw -14%; highest peak -2.7%; ramping -7.2%; daily load unevenness -2.9%; distance from zero net energy -6.1%,monthly load unevenness +0.1%,0,0,operator's choice,,,Why: the monthly load factor moved by a tenth of a percent against a bill 8.6% lower.,results/live/V3_CITYLEARN.md
modelled simulator,"Buildings and batteries (CityLearn, UT Austin)",the electric batteries' charge and discharge commands,citylearn_challenge_2023_phase_2_local_evaluation,yes,electricity bought -0.3%; carbon -0.2%; daily peak draw -1.6%; daily load unevenness -2.9%; distance from zero net energy -0.1%,electricity bill +0.3%; ramping +6.2%; monthly load unevenness +0.1%; energy not served +6.0%; time uncomfortable +0.1%,0,0,operator's choice,,,"Why: the 2023 pattern: the bill, the ramping and the energy not served up, the electricity bought, the carbon and the daily peak down (the analysis under the table). By rule a trade; by what the battery is for (the bill), a watch.",results/live/V3_CITYLEARN.md
modelled simulator,"Buildings and batteries (CityLearn, UT Austin)",the electric batteries' charge and discharge commands,citylearn_challenge_2023_phase_2_online_evaluation_1,yes,electricity bought -0.1%; carbon -0.2%; daily peak draw -1.3%; highest peak -3.5%; daily load unevenness -2.0%; monthly load unevenness -1.9%; distance from zero net energy -0.1%,electricity bill +0.3%; ramping +5.6%; energy not served +5.5%; time uncomfortable +0.0%,0,0,operator's choice,,,"Why: the 2023 pattern: the bill, the ramping and the energy not served up, the electricity bought, the carbon and the daily peak down (the analysis under the table). By rule a trade; by what the battery is for (the bill), a watch.",results/live/V3_CITYLEARN.md
modelled simulator,"Buildings and batteries (CityLearn, UT Austin)",the electric batteries' charge and discharge commands,citylearn_challenge_2023_phase_2_online_evaluation_2,yes,electricity bought -0.2%; carbon -0.2%; daily peak draw -1.3%; highest peak -3.5%; daily load unevenness -1.7%; monthly load unevenness -1.9%; distance from zero net energy -0.1%,electricity bill +0.3%; ramping +5.6%; energy not served +6.2%; time uncomfortable +0.1%,0,0,operator's choice,,,"Why: the 2023 pattern: the bill, the ramping and the energy not served up, the electricity bought, the carbon and the daily peak down (the analysis under the table). By rule a trade; by what the battery is for (the bill), a watch.",results/live/V3_CITYLEARN.md
modelled simulator,"Buildings and batteries (CityLearn, UT Austin)",the electric batteries' charge and discharge commands,citylearn_challenge_2023_phase_2_online_evaluation_3,yes,electricity bought -0.2%; carbon -0.2%; daily peak draw -1.5%; highest peak -3.5%; daily load unevenness -2.3%; monthly load unevenness -1.9%; distance from zero net energy -0.1%; time uncomfortable -0.0%,electricity bill +0.3%; ramping +5.5%; energy not served +9.8%,0,0,operator's choice,,,"Why: the 2023 pattern: the bill, the ramping and the energy not served up, the electricity bought, the carbon and the daily peak down (the analysis under the table). By rule a trade; by what the battery is for (the bill), a watch.",results/live/V3_CITYLEARN.md
modelled simulator,"Buildings and batteries (CityLearn, UT Austin)",the electric batteries' charge and discharge commands,citylearn_challenge_2023_phase_3_1,yes,electricity bought -0.1%; carbon -0.1%; daily peak draw -2.2%; daily load unevenness -4.0%; monthly load unevenness -1.2%; distance from zero net energy -0.0%,electricity bill +0.3%; highest peak +2.5%; ramping +4.5%; energy not served +2.0%; time uncomfortable +0.0%,0,0,operator's choice,,,"Why: the 2023 pattern: the bill, the ramping and the energy not served up, the electricity bought, the carbon and the daily peak down (the analysis under the table). By rule a trade; by what the battery is for (the bill), a watch.",results/live/V3_CITYLEARN.md
modelled simulator,"Buildings and batteries (CityLearn, UT Austin)",the electric batteries' charge and discharge commands,citylearn_challenge_2023_phase_3_2,yes,electricity bought -0.1%; carbon -0.1%; daily peak draw -2.2%; daily load unevenness -4.1%; monthly load unevenness -0.5%,electricity bill +0.2%; highest peak +2.5%; ramping +4.9%; distance from zero net energy +0.0%; energy not served +4.1%; time uncomfortable +0.1%,0,0,operator's choice,,,"Why: the 2023 pattern: the bill, the ramping and the energy not served up, the electricity bought, the carbon and the daily peak down (the analysis under the table). By rule a trade; by what the battery is for (the bill), a watch.",results/live/V3_CITYLEARN.md
modelled simulator,"Buildings and batteries (CityLearn, UT Austin)",the electric batteries' charge and discharge commands,citylearn_challenge_2023_phase_3_3,yes,electricity bought -0.1%; carbon -0.1%; daily peak draw -2.6%; daily load unevenness -4.7%; monthly load unevenness -1.0%; distance from zero net energy -0.0%,electricity bill +0.3%; highest peak +2.5%; ramping +4.8%; energy not served +2.2%; time uncomfortable +0.0%,0,0,operator's choice,,,"Why: the 2023 pattern: the bill, the ramping and the energy not served up, the electricity bought, the carbon and the daily peak down (the analysis under the table). By rule a trade; by what the battery is for (the bill), a watch.",results/live/V3_CITYLEARN.md
modelled simulator,"Buildings and batteries (CityLearn, UT Austin)",the electric batteries' charge and discharge commands,tx_travis_county_neighborhood,yes,electricity bought -3.0%; daily peak draw -1.9%; ramping -2.9%; daily load unevenness -1.1%; monthly load unevenness -0.7%; distance from zero net energy -0.6%,,0,0,write,,,Nothing worse: Omni holds the knob.,results/live/V3_CITYLEARN.md
modelled simulator,"Buildings and batteries (CityLearn, UT Austin)",the electric batteries' charge and discharge commands,vt_chittenden_county_neighborhood,yes,electricity bought -2.1%; daily peak draw -0.8%; ramping -1.3%; daily load unevenness -0.3%; monthly load unevenness -0.2%; distance from zero net energy -0.3%,,0,0,write,,,Nothing worse: Omni holds the knob.,results/live/V3_CITYLEARN.md
modelled simulator,"Buildings and batteries (CityLearn, UT Austin)",the electric batteries' charge and discharge commands,baeda_3dem,no,,,,,no knob,,,"no electric battery in the district (4 buildings, 7 water tanks left native): there is nothing for Omni to hold, so there is nothing to decide; any difference between the arms is CityLearn's own run-to-run variation (scores that differ in A: none; reproduced: yes)",results/live/V3_CITYLEARN.md
modelled simulator,"Buildings and batteries (CityLearn, UT Austin)",the electric batteries' charge and discharge commands,quebec_neighborhood_with_demand_response_set_points,no,,,,,no knob,,,"no electric battery in the district (20 buildings, 0 water tanks left native): there is nothing for Omni to hold, so there is nothing to decide; any difference between the arms is CityLearn's own run-to-run variation (scores that differ in A: time uncomfortable +0.41%; reproduced: no)",results/live/V3_CITYLEARN.md
modelled simulator,"Buildings and batteries (CityLearn, UT Austin)",the electric batteries' charge and discharge commands,quebec_neighborhood_without_demand_response_set_points,no,,,,,no knob,,,"no electric battery in the district (20 buildings, 0 water tanks left native): there is nothing for Omni to hold, so there is nothing to decide; any difference between the arms is CityLearn's own run-to-run variation (scores that differ in A: time uncomfortable +0.18%; reproduced: no)",results/live/V3_CITYLEARN.md
modelled simulator,"Drone swarms (gym-pybullet-drones, University of Toronto)",the autopilot's cruise override,"tuning (the tuning swarm: shown, never counted)",no,energy per mission -16%; fleet energy over the window -16%; missions per charge at the autopilot's reserve +19%,,0,3,write,,,"the runs differ on closest two drones ever came -51% to -45%, tracking error, RMS +88% to +91%, cruise override, mean +49%. Nothing worse: the tracking error is spent inside the compass's band (shown, the runs differ on its exact figure) and no safety gauge moved.",results/live/V3_SWARM.md
modelled simulator,"Drone swarms (gym-pybullet-drones, University of Toronto)",the autopilot's cruise override,long,yes,energy per mission -20%; fleet energy over the window -20%; missions per charge at the autopilot's reserve +25%,,0,3,write,,,"the runs differ on closest two drones ever came -5.7% to -1.5%, tracking error, RMS +92% to +93%, cruise override, mean +52%. Nothing worse: the tracking error is spent inside the compass's band (shown, the runs differ on its exact figure) and no safety gauge moved.",results/live/V3_SWARM.md
modelled simulator,"Drone swarms (gym-pybullet-drones, University of Toronto)",the autopilot's cruise override,mixed,yes,energy per mission -18%; fleet energy over the window -18%; missions per charge at the autopilot's reserve +22%,,0,3,write,,,"the runs differ on closest two drones ever came -46% to -42%, tracking error, RMS +83% to +86%, cruise override, mean +48% to +49%. Nothing worse: the tracking error is spent inside the compass's band (shown, the runs differ on its exact figure) and no safety gauge moved.",results/live/V3_SWARM.md
modelled simulator,"Drone swarms (gym-pybullet-drones, University of Toronto)",the autopilot's cruise override,short,yes,energy per mission -7.4%; fleet energy over the window -7.4%; missions per charge at the autopilot's reserve +8.0%,,0,0,write,,,"Nothing worse: the tracking error is spent inside the compass's band (shown, the runs differ on its exact figure) and no safety gauge moved.",results/live/V3_SWARM.md
modelled muscle,Compute / AI / Cloud: AI Inference Serving,capacity,model_replicas,yes,,,,,watch,,,"wrote nothing in any run: the native controller held the reading inside the band, the law never left its cushion and had nothing to push; nothing to earn, nothing lost",results/realms/MUSCLES.csv
modelled muscle,Compute / AI / Cloud: AI Inference Serving,setpoint,model_route_weight,yes,,,,,watch,,,"wrote nothing in any run: the native controller held the reading inside the band, the law never left its cushion and had nothing to push; nothing to earn, nothing lost",results/realms/MUSCLES.csv
modelled muscle,Compute / AI / Cloud: AI Inference Serving,capacity,model_load,yes,,,,,watch,,,"wrote nothing in any run: the native controller held the reading inside the band, the law never left its cushion and had nothing to push; nothing to earn, nothing lost",results/realms/MUSCLES.csv
modelled muscle,Compute / AI / Cloud: AI Inference Serving,capacity,model_unload,yes,,,,,watch,,,"wrote nothing in any run: the native controller held the reading inside the band, the law never left its cushion and had nothing to push; nothing to earn, nothing lost",results/realms/MUSCLES.csv
modelled muscle,Compute / AI / Cloud: AI Inference Serving,capacity,model_instance_count,yes,,,,,watch,,,"wrote nothing in any run: the native controller held the reading inside the band, the law never left its cushion and had nothing to push; nothing to earn, nothing lost",results/realms/MUSCLES.csv
modelled muscle,Compute / AI / Cloud: AI Inference Serving,capacity,continuous_batching,yes,,,,,watch,,,"wrote nothing in any run: the native controller held the reading inside the band, the law never left its cushion and had nothing to push; nothing to earn, nothing lost",results/realms/MUSCLES.csv
modelled muscle,Compute / AI / Cloud: AI Inference Serving,capacity,max_batch_size,yes,,,,,watch,,,"wrote nothing in any run: the native controller held the reading inside the band, the law never left its cushion and had nothing to push; nothing to earn, nothing lost",results/realms/MUSCLES.csv
modelled muscle,Compute / AI / Cloud: AI Inference Serving,capacity,batch_queue_delay,yes,,,,,watch,,,"wrote nothing in any run: the native controller held the reading inside the band, the law never left its cushion and had nothing to push; nothing to earn, nothing lost",results/realms/MUSCLES.csv
modelled muscle,Compute / AI / Cloud: AI Inference Serving,admission,inference_concurrency,yes,,,,,watch,,,"wrote nothing in any run: the native controller held the reading inside the band, the law never left its cushion and had nothing to push; nothing to earn, nothing lost",results/realms/MUSCLES.csv
modelled muscle,Compute / AI / Cloud: AI Inference Serving,capacity,inference_max_tokens,yes,,,,,watch,,,"wrote nothing in any run: the native controller held the reading inside the band, the law never left its cushion and had nothing to push; nothing to earn, nothing lost",results/realms/MUSCLES.csv
modelled muscle,Compute / AI / Cloud: AI Inference Serving,admission,kv_cache_budget,yes,,,,,watch,,,"wrote nothing in any run: the native controller held the reading inside the band, the law never left its cushion and had nothing to push; nothing to earn, nothing lost",results/realms/MUSCLES.csv
modelled muscle,Compute / AI / Cloud: AI Inference Serving,admission,prefix_cache_budget,yes,,,,,watch,,,"wrote nothing in any run: the native controller held the reading inside the band, the law never left its cushion and had nothing to push; nothing to earn, nothing lost",results/realms/MUSCLES.csv
modelled muscle,Compute / AI / Cloud: AI Inference Serving,admission,speculative_decode_budget,yes,,,,,watch,,,"wrote nothing in any run: the native controller held the reading inside the band, the law never left its cushion and had nothing to push; nothing to earn, nothing lost",results/realms/MUSCLES.csv
modelled muscle,Compute / AI / Cloud: AI Inference Serving,power,model_precision,yes,,,,,write,,,"work per energy +2.5% (+2.0% to +2.9%), work +0.0%, violations -0.18 pp, guardrails held",results/realms/MUSCLES.csv
modelled muscle,Compute / AI / Cloud: AI Inference Serving,admission,inference_priority,yes,,,,,watch,,,"wrote nothing in any run: the native controller held the reading inside the band, the law never left its cushion and had nothing to push; nothing to earn, nothing lost",results/realms/MUSCLES.csv
modelled muscle,Compute / AI / Cloud: AI Inference Serving,admission,inference_slo_gate,yes,,,,,watch,,,"wrote nothing in any run: the native controller held the reading inside the band, the law never left its cushion and had nothing to push; nothing to earn, nothing lost",results/realms/MUSCLES.csv
modelled muscle,Compute / AI / Cloud: AI Training,capacity,training_workers,yes,,,,,watch,,,"wrote nothing in any run: the native controller held the reading inside the band, the law never left its cushion and had nothing to push; nothing to earn, nothing lost",results/realms/MUSCLES.csv
modelled muscle,Compute / AI / Cloud: AI Training,capacity,global_batch_size,yes,,,,,watch,,,"wrote nothing in any run: the native controller held the reading inside the band, the law never left its cushion and had nothing to push; nothing to earn, nothing lost",results/realms/MUSCLES.csv
modelled muscle,Compute / AI / Cloud: AI Training,capacity,microbatch_size,yes,,,,,watch,,,"wrote nothing in any run: the native controller held the reading inside the band, the law never left its cushion and had nothing to push; nothing to earn, nothing lost",results/realms/MUSCLES.csv
modelled muscle,Compute / AI / Cloud: AI Training,capacity,gradient_accumulation,yes,,,,,watch,,,"wrote nothing in any run: the native controller held the reading inside the band, the law never left its cushion and had nothing to push; nothing to earn, nothing lost",results/realms/MUSCLES.csv
modelled muscle,Compute / AI / Cloud: AI Training,capacity,data_parallelism,yes,,,,,watch,,,"wrote nothing in any run: the native controller held the reading inside the band, the law never left its cushion and had nothing to push; nothing to earn, nothing lost",results/realms/MUSCLES.csv
modelled muscle,Compute / AI / Cloud: AI Training,capacity,tensor_parallelism,yes,,,,,watch,,,"wrote nothing in any run: the native controller held the reading inside the band, the law never left its cushion and had nothing to push; nothing to earn, nothing lost",results/realms/MUSCLES.csv
modelled muscle,Compute / AI / Cloud: AI Training,capacity,pipeline_parallelism,yes,,,,,watch,,,"wrote nothing in any run: the native controller held the reading inside the band, the law never left its cushion and had nothing to push; nothing to earn, nothing lost",results/realms/MUSCLES.csv
modelled muscle,Compute / AI / Cloud: AI Training,capacity,expert_parallelism,yes,,,,,watch,,,"wrote nothing in any run: the native controller held the reading inside the band, the law never left its cushion and had nothing to push; nothing to earn, nothing lost",results/realms/MUSCLES.csv
modelled muscle,Compute / AI / Cloud: AI Training,setpoint,checkpoint_interval,yes,,,,,watch,,,"wrote nothing in any run: the native controller held the reading inside the band, the law never left its cushion and had nothing to push; nothing to earn, nothing lost",results/realms/MUSCLES.csv
modelled muscle,Compute / AI / Cloud: AI Training,capacity,checkpoint_trigger,yes,,,,,watch,,,"wrote nothing in any run: the native controller held the reading inside the band, the law never left its cushion and had nothing to push; nothing to earn, nothing lost",results/realms/MUSCLES.csv
modelled muscle,Compute / AI / Cloud: AI Training,admission,training_preempt,yes,,,,,watch,,,"wrote nothing in any run: the native controller held the reading inside the band, the law never left its cushion and had nothing to push; nothing to earn, nothing lost",results/realms/MUSCLES.csv
modelled muscle,Compute / AI / Cloud: AI Training,capacity,training_gang_size,yes,,,,,watch,,,"wrote nothing in any run: the native controller held the reading inside the band, the law never left its cushion and had nothing to push; nothing to earn, nothing lost",results/realms/MUSCLES.csv
modelled muscle,Compute / AI / Cloud: AI Training,capacity,elastic_worker_count,yes,,,,,watch,,,"wrote nothing in any run: the native controller held the reading inside the band, the law never left its cushion and had nothing to push; nothing to earn, nothing lost",results/realms/MUSCLES.csv
modelled muscle,Compute / AI / Cloud: AI Training,capacity,straggler_mitigation,yes,,,,,watch,,,"wrote nothing in any run: the native controller held the reading inside the band, the law never left its cushion and had nothing to push; nothing to earn, nothing lost",results/realms/MUSCLES.csv
modelled muscle,Compute / AI / Cloud: AI Training,power,training_precision,yes,,,,,write,,,"work per energy +2.1% (+1.9% to +2.4%), work +0.0%, violations +0.00 pp, guardrails held",results/realms/MUSCLES.csv
modelled muscle,Compute / AI / Cloud: AI Training,capacity,compute_comm_overlap,yes,,,,,watch,,,"wrote nothing in any run: the native controller held the reading inside the band, the law never left its cushion and had nothing to push; nothing to earn, nothing lost",results/realms/MUSCLES.csv
modelled muscle,Compute / AI / Cloud: Cloud VM & Capacity,capacity,vm_count,yes,,,,,watch,,,"wrote nothing in any run: the native controller held the reading inside the band, the law never left its cushion and had nothing to push; nothing to earn, nothing lost",results/realms/MUSCLES.csv
modelled muscle,Compute / AI / Cloud: Cloud VM & Capacity,capacity,vm_size,yes,,,,,watch,,,"wrote nothing in any run: the native controller held the reading inside the band, the law never left its cushion and had nothing to push; nothing to earn, nothing lost",results/realms/MUSCLES.csv
modelled muscle,Compute / AI / Cloud: Cloud VM & Capacity,capacity,vm_start_stop,yes,,,,,watch,,,"wrote nothing in any run: the native controller held the reading inside the band, the law never left its cushion and had nothing to push; nothing to earn, nothing lost",results/realms/MUSCLES.csv
modelled muscle,Compute / AI / Cloud: Cloud VM & Capacity,capacity,vm_migrate,yes,,,,,watch,,,"wrote nothing in any run: the native controller held the reading inside the band, the law never left its cushion and had nothing to push; nothing to earn, nothing lost",results/realms/MUSCLES.csv
modelled muscle,Compute / AI / Cloud: Cloud VM & Capacity,capacity,instance_family,yes,,,,,watch,,,"wrote nothing in any run: the native controller held the reading inside the band, the law never left its cushion and had nothing to push; nothing to earn, nothing lost",results/realms/MUSCLES.csv
modelled muscle,Compute / AI / Cloud: Cloud VM & Capacity,capacity,asg_min,yes,,,,,watch,,,"wrote nothing in any run: the native controller held the reading inside the band, the law never left its cushion and had nothing to push; nothing to earn, nothing lost",results/realms/MUSCLES.csv
modelled muscle,Compute / AI / Cloud: Cloud VM & Capacity,capacity,asg_max,yes,,,,,watch,,,"wrote nothing in any run: the native controller held the reading inside the band, the law never left its cushion and had nothing to push; nothing to earn, nothing lost",results/realms/MUSCLES.csv
modelled muscle,Compute / AI / Cloud: Cloud VM & Capacity,capacity,spot_mix,yes,,,,,watch,,,"wrote nothing in any run: the native controller held the reading inside the band, the law never left its cushion and had nothing to push; nothing to earn, nothing lost",results/realms/MUSCLES.csv
modelled muscle,Compute / AI / Cloud: Cloud VM & Capacity,capacity,reservation_mix,yes,,,,,watch,,,"wrote nothing in any run: the native controller held the reading inside the band, the law never left its cushion and had nothing to push; nothing to earn, nothing lost",results/realms/MUSCLES.csv
modelled muscle,Compute / AI / Cloud: Cloud VM & Capacity,capacity,zone_selection,yes,,,,,watch,,,"wrote nothing in any run: the native controller held the reading inside the band, the law never left its cushion and had nothing to push; nothing to earn, nothing lost",results/realms/MUSCLES.csv
modelled muscle,Compute / AI / Cloud: Cloud VM & Capacity,capacity,region_selection,yes,,,,,watch,,,"wrote nothing in any run: the native controller held the reading inside the band, the law never left its cushion and had nothing to push; nothing to earn, nothing lost",results/realms/MUSCLES.csv
modelled muscle,Compute / AI / Cloud: Cloud VM & Capacity,capacity,architecture_selection,yes,,,,,watch,,,"wrote nothing in any run: the native controller held the reading inside the band, the law never left its cushion and had nothing to push; nothing to earn, nothing lost",results/realms/MUSCLES.csv
modelled muscle,Compute / AI / Cloud: Cloud VM & Capacity,capacity,accelerator_selection,yes,,,,,watch,,,"wrote nothing in any run: the native controller held the reading inside the band, the law never left its cushion and had nothing to push; nothing to earn, nothing lost",results/realms/MUSCLES.csv
modelled muscle,Compute / AI / Cloud: Cloud VM & Capacity,capacity,boot_disk_class,yes,,,,,watch,,,"wrote nothing in any run: the native controller held the reading inside the band, the law never left its cushion and had nothing to push; nothing to earn, nothing lost",results/realms/MUSCLES.csv
modelled muscle,Compute / AI / Cloud: Cloud VM & Capacity,capacity,placement_group,yes,,,,,watch,,,"wrote nothing in any run: the native controller held the reading inside the band, the law never left its cushion and had nothing to push; nothing to earn, nothing lost",results/realms/MUSCLES.csv
modelled muscle,Compute / AI / Cloud: Cloud VM & Capacity,capacity,interruption_response,yes,,,,,watch,,,"wrote nothing in any run: the native controller held the reading inside the band, the law never left its cushion and had nothing to push; nothing to earn, nothing lost",results/realms/MUSCLES.csv
modelled muscle,Compute / AI / Cloud: Container Resources,capacity,cpu_request,yes,,,,,watch,,,"wrote nothing in any run: the native controller held the reading inside the band, the law never left its cushion and had nothing to push; nothing to earn, nothing lost",results/realms/MUSCLES.csv
modelled muscle,Compute / AI / Cloud: Container Resources,capacity,cpu_limit,yes,,,,,watch,,,"wrote nothing in any run: the native controller held the reading inside the band, the law never left its cushion and had nothing to push; nothing to earn, nothing lost",results/realms/MUSCLES.csv
modelled muscle,Compute / AI / Cloud: Container Resources,capacity,memory_request,yes,,,,,watch,,,"wrote nothing in any run: the native controller held the reading inside the band, the law never left its cushion and had nothing to push; nothing to earn, nothing lost",results/realms/MUSCLES.csv
modelled muscle,Compute / AI / Cloud: Container Resources,capacity,memory_limit,yes,,,,,watch,,,"wrote nothing in any run: the native controller held the reading inside the band, the law never left its cushion and had nothing to push; nothing to earn, nothing lost",results/realms/MUSCLES.csv
modelled muscle,Compute / AI / Cloud: Container Resources,capacity,ephemeral_storage,yes,,,,,watch,,,"wrote nothing in any run: the native controller held the reading inside the band, the law never left its cushion and had nothing to push; nothing to earn, nothing lost",results/realms/MUSCLES.csv
modelled muscle,Compute / AI / Cloud: Container Resources,capacity,hugepages,yes,,,,,watch,,,"wrote nothing in any run: the native controller held the reading inside the band, the law never left its cushion and had nothing to push; nothing to earn, nothing lost",results/realms/MUSCLES.csv
modelled muscle,Compute / AI / Cloud: Container Resources,setpoint,io_weight,yes,,,,,watch,,,"wrote nothing in any run: the native controller held the reading inside the band, the law never left its cushion and had nothing to push; nothing to earn, nothing lost",results/realms/MUSCLES.csv
modelled muscle,Compute / AI / Cloud: Container Resources,capacity,pids_limit,yes,,,,,watch,,,"wrote nothing in any run: the native controller held the reading inside the band, the law never left its cushion and had nothing to push; nothing to earn, nothing lost",results/realms/MUSCLES.csv
modelled muscle,Compute / AI / Cloud: Container Resources,capacity,memory_high,yes,,,,,watch,,,"wrote nothing in any run: the native controller held the reading inside the band, the law never left its cushion and had nothing to push; nothing to earn, nothing lost",results/realms/MUSCLES.csv
modelled muscle,Compute / AI / Cloud: Container Resources,capacity,memory_reclaim,yes,,,,,watch,,,"wrote nothing in any run: the native controller held the reading inside the band, the law never left its cushion and had nothing to push; nothing to earn, nothing lost",results/realms/MUSCLES.csv
modelled muscle,Compute / AI / Cloud: Container Resources,capacity,swap_limit,yes,,,,,watch,,,"wrote nothing in any run: the native controller held the reading inside the band, the law never left its cushion and had nothing to push; nothing to earn, nothing lost",results/realms/MUSCLES.csv
modelled muscle,Compute / AI / Cloud: Container Resources,capacity,cgroup_io_max,yes,,,,,watch,,,"wrote nothing in any run: the native controller held the reading inside the band, the law never left its cushion and had nothing to push; nothing to earn, nothing lost",results/realms/MUSCLES.csv
modelled muscle,Compute / AI / Cloud: Container Resources,setpoint,cpu_weight,yes,,,,,watch,,,"wrote nothing in any run: the native controller held the reading inside the band, the law never left its cushion and had nothing to push; nothing to earn, nothing lost",results/realms/MUSCLES.csv
modelled muscle,Compute / AI / Cloud: Container Resources,admission,cpu_quota,yes,,,,,watch,,,"wrote nothing in any run: the native controller held the reading inside the band, the law never left its cushion and had nothing to push; nothing to earn, nothing lost",results/realms/MUSCLES.csv
modelled muscle,Compute / AI / Cloud: Container Resources,capacity,cpuset,yes,,,,,watch,,,"wrote nothing in any run: the native controller held the reading inside the band, the law never left its cushion and had nothing to push; nothing to earn, nothing lost",results/realms/MUSCLES.csv
modelled muscle,Compute / AI / Cloud: Container Resources,capacity,runtime_class,yes,,,,,watch,,,"wrote nothing in any run: the native controller held the reading inside the band, the law never left its cushion and had nothing to push; nothing to earn, nothing lost",results/realms/MUSCLES.csv
modelled muscle,"Compute / AI / Cloud: Cross-Cluster, Multi-Region & Edge",capacity,multi_cluster_dispatch,yes,,,,,watch,,,"wrote nothing in any run: the native controller held the reading inside the band, the law never left its cushion and had nothing to push; nothing to earn, nothing lost",results/realms/MUSCLES.csv
modelled muscle,"Compute / AI / Cloud: Cross-Cluster, Multi-Region & Edge",capacity,region_dispatch,yes,,,,,watch,,,"wrote nothing in any run: the native controller held the reading inside the band, the law never left its cushion and had nothing to push; nothing to earn, nothing lost",results/realms/MUSCLES.csv
modelled muscle,"Compute / AI / Cloud: Cross-Cluster, Multi-Region & Edge",capacity,zone_dispatch,yes,,,,,watch,,,"wrote nothing in any run: the native controller held the reading inside the band, the law never left its cushion and had nothing to push; nothing to earn, nothing lost",results/realms/MUSCLES.csv
modelled muscle,"Compute / AI / Cloud: Cross-Cluster, Multi-Region & Edge",capacity,edge_dispatch,yes,,,,,watch,,,"wrote nothing in any run: the native controller held the reading inside the band, the law never left its cushion and had nothing to push; nothing to earn, nothing lost",results/realms/MUSCLES.csv
modelled muscle,"Compute / AI / Cloud: Cross-Cluster, Multi-Region & Edge",capacity,cloud_capacity_class,yes,,,,,watch,,,"wrote nothing in any run: the native controller held the reading inside the band, the law never left its cushion and had nothing to push; nothing to earn, nothing lost",results/realms/MUSCLES.csv
modelled muscle,"Compute / AI / Cloud: Cross-Cluster, Multi-Region & Edge",capacity,workload_migrate_region,yes,,,,,watch,,,"wrote nothing in any run: the native controller held the reading inside the band, the law never left its cushion and had nothing to push; nothing to earn, nothing lost",results/realms/MUSCLES.csv
modelled muscle,"Compute / AI / Cloud: Cross-Cluster, Multi-Region & Edge",admission,data_residency_gate,yes,,,,,watch,,,"wrote nothing in any run: the native controller held the reading inside the band, the law never left its cushion and had nothing to push; nothing to earn, nothing lost",results/realms/MUSCLES.csv
modelled muscle,"Compute / AI / Cloud: Cross-Cluster, Multi-Region & Edge",admission,latency_region_gate,yes,,,,,watch,,,"wrote nothing in any run: the native controller held the reading inside the band, the law never left its cushion and had nothing to push; nothing to earn, nothing lost",results/realms/MUSCLES.csv
modelled muscle,"Compute / AI / Cloud: Cross-Cluster, Multi-Region & Edge",admission,cost_region_gate,yes,,,,,watch,,,"wrote nothing in any run: the native controller held the reading inside the band, the law never left its cushion and had nothing to push; nothing to earn, nothing lost",results/realms/MUSCLES.csv
modelled muscle,"Compute / AI / Cloud: Cross-Cluster, Multi-Region & Edge",admission,carbon_region_gate,yes,,,,,watch,,,"wrote nothing in any run: the native controller held the reading inside the band, the law never left its cushion and had nothing to push; nothing to earn, nothing lost",results/realms/MUSCLES.csv
modelled muscle,"Compute / AI / Cloud: Cross-Cluster, Multi-Region & Edge",capacity,global_failover,yes,,,,,watch,,,"wrote nothing in any run: the native controller held the reading inside the band, the law never left its cushion and had nothing to push; nothing to earn, nothing lost",results/realms/MUSCLES.csv
modelled muscle,"Compute / AI / Cloud: Cross-Cluster, Multi-Region & Edge",admission,federation_quota,yes,,,,,watch,,,"wrote nothing in any run: the native controller held the reading inside the band, the law never left its cushion and had nothing to push; nothing to earn, nothing lost",results/realms/MUSCLES.csv
modelled muscle,"Compute / AI / Cloud: Cross-Cluster, Multi-Region & Edge",capacity,cross_cluster_replication,yes,,,,,watch,,,"wrote 0 times a run with no measurable change in work per energy (+0.1%, -0.1% to +0.3%): the interval includes zero, so nothing is claimed either way",results/realms/MUSCLES.csv
modelled muscle,"Compute / AI / Cloud: Cross-Cluster, Multi-Region & Edge",capacity,edge_offload,yes,,,,,watch,,,"wrote nothing in any run: the native controller held the reading inside the band, the law never left its cushion and had nothing to push; nothing to earn, nothing lost",results/realms/MUSCLES.csv
modelled muscle,"Compute / AI / Cloud: Cross-Cluster, Multi-Region & Edge",admission,global_admission,yes,,,,,watch,,,"wrote nothing in any run: the native controller held the reading inside the band, the law never left its cushion and had nothing to push; nothing to earn, nothing lost",results/realms/MUSCLES.csv
modelled muscle,Compute / AI / Cloud: DPU SmartNIC & Programmable IO,capacity,dpu_pf_tx_rate,yes,,,,,watch,,,"wrote nothing in any run: the native controller held the reading inside the band, the law never left its cushion and had nothing to push; nothing to earn, nothing lost",results/realms/MUSCLES.csv
modelled muscle,Compute / AI / Cloud: DPU SmartNIC & Programmable IO,capacity,dpu_vf_tx_rate,yes,,,,,watch,,,"wrote nothing in any run: the native controller held the reading inside the band, the law never left its cushion and had nothing to push; nothing to earn, nothing lost",results/realms/MUSCLES.csv
modelled muscle,Compute / AI / Cloud: DPU SmartNIC & Programmable IO,capacity,dpu_sf_tx_rate,yes,,,,,watch,,,"wrote nothing in any run: the native controller held the reading inside the band, the law never left its cushion and had nothing to push; nothing to earn, nothing lost",results/realms/MUSCLES.csv
modelled muscle,Compute / AI / Cloud: DPU SmartNIC & Programmable IO,capacity,dpu_bandwidth_share,yes,,,,,watch,,,"wrote nothing in any run: the native controller held the reading inside the band, the law never left its cushion and had nothing to push; nothing to earn, nothing lost",results/realms/MUSCLES.csv
modelled muscle,Compute / AI / Cloud: DPU SmartNIC & Programmable IO,capacity,dpu_qos_group,yes,,,,,watch,,,"wrote nothing in any run: the native controller held the reading inside the band, the law never left its cushion and had nothing to push; nothing to earn, nothing lost",results/realms/MUSCLES.csv
modelled muscle,Compute / AI / Cloud: DPU SmartNIC & Programmable IO,capacity,sriov_vf_count,yes,,,,,watch,,,"wrote nothing in any run: the native controller held the reading inside the band, the law never left its cushion and had nothing to push; nothing to earn, nothing lost",results/realms/MUSCLES.csv
modelled muscle,Compute / AI / Cloud: DPU SmartNIC & Programmable IO,capacity,smartnic_flow_steering,yes,,,,,watch,,,"wrote nothing in any run: the native controller held the reading inside the band, the law never left its cushion and had nothing to push; nothing to earn, nothing lost",results/realms/MUSCLES.csv
modelled muscle,Compute / AI / Cloud: DPU SmartNIC & Programmable IO,capacity,smartnic_offload_enable,yes,,,,,watch,,,"wrote nothing in any run: the native controller held the reading inside the band, the law never left its cushion and had nothing to push; nothing to earn, nothing lost",results/realms/MUSCLES.csv
modelled muscle,Compute / AI / Cloud: DPU SmartNIC & Programmable IO,admission,dpu_cpu_budget,yes,,,,,watch,,,"wrote nothing in any run: the native controller held the reading inside the band, the law never left its cushion and had nothing to push; nothing to earn, nothing lost",results/realms/MUSCLES.csv
modelled muscle,Compute / AI / Cloud: DPU SmartNIC & Programmable IO,admission,dpu_memory_budget,yes,,,,,watch,,,"wrote nothing in any run: the native controller held the reading inside the band, the law never left its cushion and had nothing to push; nothing to earn, nothing lost",results/realms/MUSCLES.csv
modelled muscle,Compute / AI / Cloud: DPU SmartNIC & Programmable IO,capacity,dpu_service_placement,yes,,,,,watch,,,"wrote nothing in any run: the native controller held the reading inside the band, the law never left its cushion and had nothing to push; nothing to earn, nothing lost",results/realms/MUSCLES.csv
modelled muscle,Compute / AI / Cloud: DPU SmartNIC & Programmable IO,capacity,dpu_failover,yes,,,,,watch,,,"wrote nothing in any run: the native controller held the reading inside the band, the law never left its cushion and had nothing to push; nothing to earn, nothing lost",results/realms/MUSCLES.csv
modelled muscle,Compute / AI / Cloud: Distributed Cluster Managers,admission,task_admission,yes,,,,,watch,,,"wrote nothing in any run: the native controller held the reading inside the band, the law never left its cushion and had nothing to push; nothing to earn, nothing lost",results/realms/MUSCLES.csv
modelled muscle,Compute / AI / Cloud: Distributed Cluster Managers,admission,task_priority,yes,,,,,watch,,,"wrote nothing in any run: the native controller held the reading inside the band, the law never left its cushion and had nothing to push; nothing to earn, nothing lost",results/realms/MUSCLES.csv
modelled muscle,Compute / AI / Cloud: Distributed Cluster Managers,capacity,resource_reservation,yes,,,,,watch,,,"wrote nothing in any run: the native controller held the reading inside the band, the law never left its cushion and had nothing to push; nothing to earn, nothing lost",results/realms/MUSCLES.csv
modelled muscle,Compute / AI / Cloud: Distributed Cluster Managers,admission,cluster_quota,yes,,,,,watch,,,"wrote nothing in any run: the native controller held the reading inside the band, the law never left its cushion and had nothing to push; nothing to earn, nothing lost",results/realms/MUSCLES.csv
modelled muscle,Compute / AI / Cloud: Distributed Cluster Managers,admission,task_preemption,yes,,,,,watch,,,"wrote nothing in any run: the native controller held the reading inside the band, the law never left its cushion and had nothing to push; nothing to earn, nothing lost",results/realms/MUSCLES.csv
modelled muscle,Compute / AI / Cloud: Distributed Cluster Managers,capacity,binpack_pressure,yes,,,,,watch,,,"wrote nothing in any run: the native controller held the reading inside the band, the law never left its cushion and had nothing to push; nothing to earn, nothing lost",results/realms/MUSCLES.csv
modelled muscle,Compute / AI / Cloud: Distributed Cluster Managers,capacity,spread_pressure,yes,,,,,watch,,,"wrote nothing in any run: the native controller held the reading inside the band, the law never left its cushion and had nothing to push; nothing to earn, nothing lost",results/realms/MUSCLES.csv
modelled muscle,Compute / AI / Cloud: Distributed Cluster Managers,capacity,gang_schedule,yes,,,,,watch,,,"wrote nothing in any run: the native controller held the reading inside the band, the law never left its cushion and had nothing to push; nothing to earn, nothing lost",results/realms/MUSCLES.csv
modelled muscle,Compute / AI / Cloud: Distributed Cluster Managers,capacity,worker_allocation,yes,,,,,watch,,,"wrote nothing in any run: the native controller held the reading inside the band, the law never left its cushion and had nothing to push; nothing to earn, nothing lost",results/realms/MUSCLES.csv
modelled muscle,Compute / AI / Cloud: Distributed Cluster Managers,capacity,maintenance_evacuation,yes,,,,,watch,,,"wrote nothing in any run: the native controller held the reading inside the band, the law never left its cushion and had nothing to push; nothing to earn, nothing lost",results/realms/MUSCLES.csv
modelled muscle,Compute / AI / Cloud: Distributed Cluster Managers,capacity,oversubscription,yes,,,,,watch,,,"wrote nothing in any run: the native controller held the reading inside the band, the law never left its cushion and had nothing to push; nothing to earn, nothing lost",results/realms/MUSCLES.csv
modelled muscle,Compute / AI / Cloud: Distributed Cluster Managers,capacity,resource_reclaim,yes,,,,,watch,,,"wrote nothing in any run: the native controller held the reading inside the band, the law never left its cushion and had nothing to push; nothing to earn, nothing lost",results/realms/MUSCLES.csv
modelled muscle,Compute / AI / Cloud: Distributed Cluster Managers,admission,queue_fairness,yes,,,,,watch,,,"wrote nothing in any run: the native controller held the reading inside the band, the law never left its cushion and had nothing to push; nothing to earn, nothing lost",results/realms/MUSCLES.csv
modelled muscle,Compute / AI / Cloud: Distributed Cluster Managers,admission,deadline_pressure,yes,,,,,watch,,,"wrote nothing in any run: the native controller held the reading inside the band, the law never left its cushion and had nothing to push; nothing to earn, nothing lost",results/realms/MUSCLES.csv
modelled muscle,Compute / AI / Cloud: Distributed Cluster Managers,admission,scheduler_retry,yes,,,,,watch,,,"wrote nothing in any run: the native controller held the reading inside the band, the law never left its cushion and had nothing to push; nothing to earn, nothing lost",results/realms/MUSCLES.csv
modelled muscle,Compute / AI / Cloud: GPU Fabric & RDMA,capacity,nvlink_placement,yes,,,,,watch,,,"wrote nothing in any run: the native controller held the reading inside the band, the law never left its cushion and had nothing to push; nothing to earn, nothing lost",results/realms/MUSCLES.csv
modelled muscle,Compute / AI / Cloud: GPU Fabric & RDMA,capacity,nvswitch_route,yes,,,,,watch,,,"wrote nothing in any run: the native controller held the reading inside the band, the law never left its cushion and had nothing to push; nothing to earn, nothing lost",results/realms/MUSCLES.csv
modelled muscle,Compute / AI / Cloud: GPU Fabric & RDMA,admission,gpu_fabric_quarantine,yes,,,,,watch,,,"wrote nothing in any run: the native controller held the reading inside the band, the law never left its cushion and had nothing to push; nothing to earn, nothing lost",results/realms/MUSCLES.csv
modelled muscle,Compute / AI / Cloud: GPU Fabric & RDMA,capacity,rdma_bandwidth,yes,,,,,watch,,,"wrote nothing in any run: the native controller held the reading inside the band, the law never left its cushion and had nothing to push; nothing to earn, nothing lost",results/realms/MUSCLES.csv
modelled muscle,Compute / AI / Cloud: GPU Fabric & RDMA,capacity,rdma_route,yes,,,,,watch,,,"wrote nothing in any run: the native controller held the reading inside the band, the law never left its cushion and had nothing to push; nothing to earn, nothing lost",results/realms/MUSCLES.csv
modelled muscle,Compute / AI / Cloud: GPU Fabric & RDMA,capacity,nic_affinity,yes,,,,,watch,,,"wrote nothing in any run: the native controller held the reading inside the band, the law never left its cushion and had nothing to push; nothing to earn, nothing lost",results/realms/MUSCLES.csv
modelled muscle,Compute / AI / Cloud: GPU Fabric & RDMA,admission,collective_concurrency,yes,,,,,watch,,,"wrote nothing in any run: the native controller held the reading inside the band, the law never left its cushion and had nothing to push; nothing to earn, nothing lost",results/realms/MUSCLES.csv
modelled muscle,Compute / AI / Cloud: GPU Fabric & RDMA,capacity,collective_algorithm,yes,,,,,watch,,,"wrote nothing in any run: the native controller held the reading inside the band, the law never left its cushion and had nothing to push; nothing to earn, nothing lost",results/realms/MUSCLES.csv
modelled muscle,Compute / AI / Cloud: GPU Fabric & RDMA,capacity,collective_chunk_size,yes,,,,,watch,,,"wrote nothing in any run: the native controller held the reading inside the band, the law never left its cushion and had nothing to push; nothing to earn, nothing lost",results/realms/MUSCLES.csv
modelled muscle,Compute / AI / Cloud: GPU Fabric & RDMA,capacity,rank_placement,yes,,,,,watch,,,"wrote nothing in any run: the native controller held the reading inside the band, the law never left its cushion and had nothing to push; nothing to earn, nothing lost",results/realms/MUSCLES.csv
modelled muscle,Compute / AI / Cloud: GPU Fabric & RDMA,capacity,gpudirect_policy,yes,,,,,watch,,,"wrote nothing in any run: the native controller held the reading inside the band, the law never left its cushion and had nothing to push; nothing to earn, nothing lost",results/realms/MUSCLES.csv
modelled muscle,Compute / AI / Cloud: GPU Fabric & RDMA,capacity,congestion_response,yes,,,,,watch,,,"wrote nothing in any run: the native controller held the reading inside the band, the law never left its cushion and had nothing to push; nothing to earn, nothing lost",results/realms/MUSCLES.csv
modelled muscle,Compute / AI / Cloud: GPU Fabric & RDMA,capacity,rail_selection,yes,,,,,watch,,,"wrote nothing in any run: the native controller held the reading inside the band, the law never left its cushion and had nothing to push; nothing to earn, nothing lost",results/realms/MUSCLES.csv
modelled muscle,Compute / AI / Cloud: GPU Fabric & RDMA,capacity,fabric_failover,yes,,,,,watch,,,"wrote nothing in any run: the native controller held the reading inside the band, the law never left its cushion and had nothing to push; nothing to earn, nothing lost",results/realms/MUSCLES.csv
modelled muscle,Compute / AI / Cloud: GPU Fabric & RDMA,admission,communication_priority,yes,,,,,watch,,,"wrote nothing in any run: the native controller held the reading inside the band, the law never left its cushion and had nothing to push; nothing to earn, nothing lost",results/realms/MUSCLES.csv
modelled muscle,Compute / AI / Cloud: GPU Fabric & RDMA,admission,fabric_isolation,yes,,,,,watch,,,"wrote nothing in any run: the native controller held the reading inside the band, the law never left its cushion and had nothing to push; nothing to earn, nothing lost",results/realms/MUSCLES.csv
modelled muscle,Compute / AI / Cloud: HPC & Distributed Compute,capacity,job_slots,yes,,,,,watch,,,"wrote nothing in any run: the native controller held the reading inside the band, the law never left its cushion and had nothing to push; nothing to earn, nothing lost",results/realms/MUSCLES.csv
modelled muscle,Compute / AI / Cloud: HPC & Distributed Compute,capacity,mpi_ranks,yes,,,,,watch,,,"wrote nothing in any run: the native controller held the reading inside the band, the law never left its cushion and had nothing to push; nothing to earn, nothing lost",results/realms/MUSCLES.csv
modelled muscle,Compute / AI / Cloud: HPC & Distributed Compute,capacity,rank_mapping,yes,,,,,watch,,,"wrote nothing in any run: the native controller held the reading inside the band, the law never left its cushion and had nothing to push; nothing to earn, nothing lost",results/realms/MUSCLES.csv
modelled muscle,Compute / AI / Cloud: HPC & Distributed Compute,capacity,node_allocation,yes,,,,,watch,,,"wrote nothing in any run: the native controller held the reading inside the band, the law never left its cushion and had nothing to push; nothing to earn, nothing lost",results/realms/MUSCLES.csv
modelled muscle,Compute / AI / Cloud: HPC & Distributed Compute,capacity,job_walltime,yes,,,,,watch,,,"wrote nothing in any run: the native controller held the reading inside the band, the law never left its cushion and had nothing to push; nothing to earn, nothing lost",results/realms/MUSCLES.csv
modelled muscle,Compute / AI / Cloud: HPC & Distributed Compute,admission,job_priority,yes,,,,,watch,,,"wrote nothing in any run: the native controller held the reading inside the band, the law never left its cushion and had nothing to push; nothing to earn, nothing lost",results/realms/MUSCLES.csv
modelled muscle,Compute / AI / Cloud: HPC & Distributed Compute,admission,job_preemption,yes,,,,,watch,,,"wrote nothing in any run: the native controller held the reading inside the band, the law never left its cushion and had nothing to push; nothing to earn, nothing lost",results/realms/MUSCLES.csv
modelled muscle,Compute / AI / Cloud: HPC & Distributed Compute,capacity,checkpoint_restart,yes,,,,,watch,,,"wrote nothing in any run: the native controller held the reading inside the band, the law never left its cushion and had nothing to push; nothing to earn, nothing lost",results/realms/MUSCLES.csv
modelled muscle,Compute / AI / Cloud: HPC & Distributed Compute,admission,parallel_io_budget,yes,,,,,watch,,,"wrote nothing in any run: the native controller held the reading inside the band, the law never left its cushion and had nothing to push; nothing to earn, nothing lost",results/realms/MUSCLES.csv
modelled muscle,Compute / AI / Cloud: HPC & Distributed Compute,admission,collective_budget,yes,,,,,watch,,,"wrote nothing in any run: the native controller held the reading inside the band, the law never left its cushion and had nothing to push; nothing to earn, nothing lost",results/realms/MUSCLES.csv
modelled muscle,Compute / AI / Cloud: HPC & Distributed Compute,capacity,accelerator_share,yes,,,,,watch,,,"wrote nothing in any run: the native controller held the reading inside the band, the law never left its cushion and had nothing to push; nothing to earn, nothing lost",results/realms/MUSCLES.csv
modelled muscle,Compute / AI / Cloud: HPC & Distributed Compute,setpoint,cpu_gpu_ratio,yes,,,,,watch,,,"wrote nothing in any run: the native controller held the reading inside the band, the law never left its cushion and had nothing to push; nothing to earn, nothing lost",results/realms/MUSCLES.csv
modelled muscle,Compute / AI / Cloud: HPC & Distributed Compute,capacity,memory_per_rank,yes,,,,,watch,,,"wrote nothing in any run: the native controller held the reading inside the band, the law never left its cushion and had nothing to push; nothing to earn, nothing lost",results/realms/MUSCLES.csv
modelled muscle,Compute / AI / Cloud: HPC & Distributed Compute,admission,scratch_budget,yes,,,,,watch,,,"wrote nothing in any run: the native controller held the reading inside the band, the law never left its cushion and had nothing to push; nothing to earn, nothing lost",results/realms/MUSCLES.csv
modelled muscle,Compute / AI / Cloud: HPC & Distributed Compute,admission,scheduler_fair_share,yes,,,,,watch,,,"wrote nothing in any run: the native controller held the reading inside the band, the law never left its cushion and had nothing to push; nothing to earn, nothing lost",results/realms/MUSCLES.csv
modelled muscle,Compute / AI / Cloud: HPC & Distributed Compute,capacity,backfill_policy,yes,,,,,watch,,,"wrote nothing in any run: the native controller held the reading inside the band, the law never left its cushion and had nothing to push; nothing to earn, nothing lost",results/realms/MUSCLES.csv
modelled muscle,Compute / AI / Cloud: Host CPU & Memory,power,cpufreq_min,yes,,,,,operator's choice,,,"work per energy +1.4% (+1.1% to +1.7%) but a service guardrail broke: work +0.0%, violations +0.11 pp (upper +0.26); energy saved at the service's expense: the operator's to take or leave",results/realms/MUSCLES.csv
modelled muscle,Compute / AI / Cloud: Host CPU & Memory,power,cpufreq_max,yes,,,,,write,,,"work per energy +1.7% (+1.3% to +2.0%), work +0.0%, violations -0.17 pp, guardrails held",results/realms/MUSCLES.csv
modelled muscle,Compute / AI / Cloud: Host CPU & Memory,power,rapl_package_power,yes,,,,,write,,,"work per energy +1.6% (+1.2% to +2.0%), work -0.0%, violations -0.28 pp, guardrails held",results/realms/MUSCLES.csv
modelled muscle,Compute / AI / Cloud: Host CPU & Memory,power,uncore_frequency,yes,,,,,write,,,"work per energy +1.3% (+1.1% to +1.6%), work -0.0%, violations -0.15 pp, guardrails held",results/realms/MUSCLES.csv
modelled muscle,Compute / AI / Cloud: Host CPU & Memory,power,energy_perf_preference,yes,,,,,write,,,"work per energy +2.1% (+1.5% to +2.7%), work -0.0%, violations -0.21 pp, guardrails held",results/realms/MUSCLES.csv
modelled muscle,Compute / AI / Cloud: Host CPU & Memory,power,cpu_idle_policy,yes,,,,,write,,,"work per energy +1.5% (+1.1% to +1.9%), work +0.0%, violations -0.28 pp, guardrails held",results/realms/MUSCLES.csv
modelled muscle,Compute / AI / Cloud: Host CPU & Memory,capacity,memory_bandwidth,yes,,,,,watch,,,"wrote nothing in any run: the native controller held the reading inside the band, the law never left its cushion and had nothing to push; nothing to earn, nothing lost",results/realms/MUSCLES.csv
modelled muscle,Compute / AI / Cloud: Host CPU & Memory,capacity,numa_balance,yes,,,,,watch,,,"wrote nothing in any run: the native controller held the reading inside the band, the law never left its cushion and had nothing to push; nothing to earn, nothing lost",results/realms/MUSCLES.csv
modelled muscle,Compute / AI / Cloud: Host CPU & Memory,capacity,irq_affinity,yes,,,,,watch,,,"wrote nothing in any run: the native controller held the reading inside the band, the law never left its cushion and had nothing to push; nothing to earn, nothing lost",results/realms/MUSCLES.csv
modelled muscle,Compute / AI / Cloud: Host CPU & Memory,capacity,llc_allocation,yes,,,,,watch,,,"wrote nothing in any run: the native controller held the reading inside the band, the law never left its cushion and had nothing to push; nothing to earn, nothing lost",results/realms/MUSCLES.csv
modelled muscle,Compute / AI / Cloud: Host CPU & Memory,admission,memory_pressure_gate,yes,,,,,watch,,,"wrote nothing in any run: the native controller held the reading inside the band, the law never left its cushion and had nothing to push; nothing to earn, nothing lost",results/realms/MUSCLES.csv
modelled muscle,Compute / AI / Cloud: Host CPU & Memory,capacity,page_reclaim_rate,yes,,,,,watch,,,"wrote nothing in any run: the native controller held the reading inside the band, the law never left its cushion and had nothing to push; nothing to earn, nothing lost",results/realms/MUSCLES.csv
modelled muscle,Compute / AI / Cloud: Host CPU & Memory,capacity,transparent_hugepages,yes,,,,,watch,,,"wrote nothing in any run: the native controller held the reading inside the band, the law never left its cushion and had nothing to push; nothing to earn, nothing lost",results/realms/MUSCLES.csv
modelled muscle,Compute / AI / Cloud: Host CPU & Memory,capacity,core_online_offline,yes,,,,,watch,,,"wrote nothing in any run: the native controller held the reading inside the band, the law never left its cushion and had nothing to push; nothing to earn, nothing lost",results/realms/MUSCLES.csv
modelled muscle,Compute / AI / Cloud: Host CPU & Memory,power,thermal_throttle_policy,yes,,,,,write,,,"work per energy +1.5% (+1.1% to +1.9%), work +0.0%, violations -0.29 pp, guardrails held",results/realms/MUSCLES.csv
modelled muscle,Compute / AI / Cloud: Host CPU & Memory,power,host_power_profile,yes,,,,,write,,,"work per energy +1.8% (+1.3% to +2.3%), work +0.0%, violations -0.24 pp, guardrails held",results/realms/MUSCLES.csv
modelled muscle,Compute / AI / Cloud: Kubernetes Dynamic Device Allocation,capacity,dra_device_class_selection,yes,,,,,watch,,,"wrote nothing in any run: the native controller held the reading inside the band, the law never left its cushion and had nothing to push; nothing to earn, nothing lost",results/realms/MUSCLES.csv
modelled muscle,Compute / AI / Cloud: Kubernetes Dynamic Device Allocation,capacity,dra_claim_capacity,yes,,,,,watch,,,"wrote nothing in any run: the native controller held the reading inside the band, the law never left its cushion and had nothing to push; nothing to earn, nothing lost",results/realms/MUSCLES.csv
modelled muscle,Compute / AI / Cloud: Kubernetes Dynamic Device Allocation,capacity,dra_claim_sharing,yes,,,,,watch,,,"wrote nothing in any run: the native controller held the reading inside the band, the law never left its cushion and had nothing to push; nothing to earn, nothing lost",results/realms/MUSCLES.csv
modelled muscle,Compute / AI / Cloud: Kubernetes Dynamic Device Allocation,capacity,dra_device_taint,yes,,,,,watch,,,"wrote nothing in any run: the native controller held the reading inside the band, the law never left its cushion and had nothing to push; nothing to earn, nothing lost",results/realms/MUSCLES.csv
modelled muscle,Compute / AI / Cloud: Kubernetes Dynamic Device Allocation,admission,dra_device_eviction,yes,,,,,watch,,,"wrote nothing in any run: the native controller held the reading inside the band, the law never left its cushion and had nothing to push; nothing to earn, nothing lost",results/realms/MUSCLES.csv
modelled muscle,Compute / AI / Cloud: Kubernetes Dynamic Device Allocation,capacity,dra_binding_readiness,yes,,,,,watch,,,"wrote nothing in any run: the native controller held the reading inside the band, the law never left its cushion and had nothing to push; nothing to earn, nothing lost",results/realms/MUSCLES.csv
modelled muscle,Compute / AI / Cloud: Kubernetes Dynamic Device Allocation,capacity,dra_binding_failure_response,yes,,,,,watch,,,"wrote nothing in any run: the native controller held the reading inside the band, the law never left its cushion and had nothing to push; nothing to earn, nothing lost",results/realms/MUSCLES.csv
modelled muscle,Compute / AI / Cloud: Kubernetes Dynamic Device Allocation,setpoint,dra_device_configuration,yes,,,,,watch,,,"wrote nothing in any run: the native controller held the reading inside the band, the law never left its cushion and had nothing to push; nothing to earn, nothing lost",results/realms/MUSCLES.csv
modelled muscle,Compute / AI / Cloud: Kubernetes Placement & Scheduling,capacity,node_selector,yes,,,,,watch,,,"wrote nothing in any run: the native controller held the reading inside the band, the law never left its cushion and had nothing to push; nothing to earn, nothing lost",results/realms/MUSCLES.csv
modelled muscle,Compute / AI / Cloud: Kubernetes Placement & Scheduling,capacity,node_affinity,yes,,,,,watch,,,"wrote nothing in any run: the native controller held the reading inside the band, the law never left its cushion and had nothing to push; nothing to earn, nothing lost",results/realms/MUSCLES.csv
modelled muscle,Compute / AI / Cloud: Kubernetes Placement & Scheduling,capacity,pod_anti_affinity,yes,,,,,watch,,,"wrote nothing in any run: the native controller held the reading inside the band, the law never left its cushion and had nothing to push; nothing to earn, nothing lost",results/realms/MUSCLES.csv
modelled muscle,Compute / AI / Cloud: Kubernetes Placement & Scheduling,capacity,topology_spread,yes,,,,,watch,,,"wrote nothing in any run: the native controller held the reading inside the band, the law never left its cushion and had nothing to push; nothing to earn, nothing lost",results/realms/MUSCLES.csv
modelled muscle,Compute / AI / Cloud: Kubernetes Placement & Scheduling,capacity,numa_placement,yes,,,,,watch,,,"wrote nothing in any run: the native controller held the reading inside the band, the law never left its cushion and had nothing to push; nothing to earn, nothing lost",results/realms/MUSCLES.csv
modelled muscle,Compute / AI / Cloud: Kubernetes Placement & Scheduling,capacity,gpu_topology,yes,,,,,watch,,,"wrote nothing in any run: the native controller held the reading inside the band, the law never left its cushion and had nothing to push; nothing to earn, nothing lost",results/realms/MUSCLES.csv
modelled muscle,Compute / AI / Cloud: Kubernetes Placement & Scheduling,capacity,storage_locality,yes,,,,,watch,,,"wrote nothing in any run: the native controller held the reading inside the band, the law never left its cushion and had nothing to push; nothing to earn, nothing lost",results/realms/MUSCLES.csv
modelled muscle,Compute / AI / Cloud: Kubernetes Placement & Scheduling,capacity,network_locality,yes,,,,,watch,,,"wrote nothing in any run: the native controller held the reading inside the band, the law never left its cushion and had nothing to push; nothing to earn, nothing lost",results/realms/MUSCLES.csv
modelled muscle,Compute / AI / Cloud: Kubernetes Placement & Scheduling,setpoint,taint_toleration,yes,,,,,watch,,,"wrote nothing in any run: the native controller held the reading inside the band, the law never left its cushion and had nothing to push; nothing to earn, nothing lost",results/realms/MUSCLES.csv
modelled muscle,Compute / AI / Cloud: Kubernetes Placement & Scheduling,admission,priority_class,yes,,,,,watch,,,"wrote nothing in any run: the native controller held the reading inside the band, the law never left its cushion and had nothing to push; nothing to earn, nothing lost",results/realms/MUSCLES.csv
modelled muscle,Compute / AI / Cloud: Kubernetes Placement & Scheduling,admission,preemption_policy,yes,,,,,watch,,,"wrote nothing in any run: the native controller held the reading inside the band, the law never left its cushion and had nothing to push; nothing to earn, nothing lost",results/realms/MUSCLES.csv
modelled muscle,Compute / AI / Cloud: Kubernetes Placement & Scheduling,capacity,device_claim,yes,,,,,watch,,,"wrote nothing in any run: the native controller held the reading inside the band, the law never left its cushion and had nothing to push; nothing to earn, nothing lost",results/realms/MUSCLES.csv
modelled muscle,Compute / AI / Cloud: Kubernetes Placement & Scheduling,capacity,failure_domain_spread,yes,,,,,watch,,,"wrote nothing in any run: the native controller held the reading inside the band, the law never left its cushion and had nothing to push; nothing to earn, nothing lost",results/realms/MUSCLES.csv
modelled muscle,Compute / AI / Cloud: Kubernetes Placement & Scheduling,admission,scheduler_backoff,yes,,,,,watch,,,"wrote nothing in any run: the native controller held the reading inside the band, the law never left its cushion and had nothing to push; nothing to earn, nothing lost",results/realms/MUSCLES.csv
modelled muscle,Compute / AI / Cloud: Kubernetes Placement & Scheduling,admission,gang_admission,yes,,,,,watch,,,"wrote nothing in any run: the native controller held the reading inside the band, the law never left its cushion and had nothing to push; nothing to earn, nothing lost",results/realms/MUSCLES.csv
modelled muscle,Compute / AI / Cloud: Kubernetes Placement & Scheduling,capacity,deschedule,yes,,,,,watch,,,"wrote nothing in any run: the native controller held the reading inside the band, the law never left its cushion and had nothing to push; nothing to earn, nothing lost",results/realms/MUSCLES.csv
modelled muscle,Compute / AI / Cloud: Kubernetes Workload Scaling,capacity,replicas,yes,,,,,watch,,,"wrote nothing in any run: the native controller held the reading inside the band, the law never left its cushion and had nothing to push; nothing to earn, nothing lost",results/realms/MUSCLES.csv
modelled muscle,Compute / AI / Cloud: Kubernetes Workload Scaling,setpoint,hpa_cpu_target,yes,,,,,watch,,,"wrote nothing in any run: the native controller held the reading inside the band, the law never left its cushion and had nothing to push; nothing to earn, nothing lost",results/realms/MUSCLES.csv
modelled muscle,Compute / AI / Cloud: Kubernetes Workload Scaling,setpoint,hpa_memory_target,yes,,,,,watch,,,"wrote nothing in any run: the native controller held the reading inside the band, the law never left its cushion and had nothing to push; nothing to earn, nothing lost",results/realms/MUSCLES.csv
modelled muscle,Compute / AI / Cloud: Kubernetes Workload Scaling,setpoint,hpa_custom_target,yes,,,,,watch,,,"wrote nothing in any run: the native controller held the reading inside the band, the law never left its cushion and had nothing to push; nothing to earn, nothing lost",results/realms/MUSCLES.csv
modelled muscle,Compute / AI / Cloud: Kubernetes Workload Scaling,capacity,vpa_apply,yes,,,,,watch,,,"wrote nothing in any run: the native controller held the reading inside the band, the law never left its cushion and had nothing to push; nothing to earn, nothing lost",results/realms/MUSCLES.csv
modelled muscle,Compute / AI / Cloud: Kubernetes Workload Scaling,capacity,scale_to_zero,yes,,,,,watch,,,"wrote nothing in any run: the native controller held the reading inside the band, the law never left its cushion and had nothing to push; nothing to earn, nothing lost",results/realms/MUSCLES.csv
modelled muscle,Compute / AI / Cloud: Kubernetes Workload Scaling,admission,keda_threshold,yes,,,,,watch,,,"wrote nothing in any run: the native controller held the reading inside the band, the law never left its cushion and had nothing to push; nothing to earn, nothing lost",results/realms/MUSCLES.csv
modelled muscle,Compute / AI / Cloud: Kubernetes Workload Scaling,capacity,rollout_rate,yes,,,,,watch,,,"wrote nothing in any run: the native controller held the reading inside the band, the law never left its cushion and had nothing to push; nothing to earn, nothing lost",results/realms/MUSCLES.csv
modelled muscle,Compute / AI / Cloud: Kubernetes Workload Scaling,capacity,max_surge,yes,,,,,watch,,,"wrote nothing in any run: the native controller held the reading inside the band, the law never left its cushion and had nothing to push; nothing to earn, nothing lost",results/realms/MUSCLES.csv
modelled muscle,Compute / AI / Cloud: Kubernetes Workload Scaling,capacity,max_unavailable,yes,,,,,watch,,,"wrote nothing in any run: the native controller held the reading inside the band, the law never left its cushion and had nothing to push; nothing to earn, nothing lost",results/realms/MUSCLES.csv
modelled muscle,Compute / AI / Cloud: Kubernetes Workload Scaling,admission,deployment_pause_resume,yes,,,,,watch,,,"wrote nothing in any run: the native controller held the reading inside the band, the law never left its cushion and had nothing to push; nothing to earn, nothing lost",results/realms/MUSCLES.csv
modelled muscle,Compute / AI / Cloud: Kubernetes Workload Scaling,admission,rollout_abort,yes,,,,,watch,,,"wrote nothing in any run: the native controller held the reading inside the band, the law never left its cushion and had nothing to push; nothing to earn, nothing lost",results/realms/MUSCLES.csv
modelled muscle,Compute / AI / Cloud: Kubernetes Workload Scaling,admission,pod_eviction,yes,,,,,watch,,,"wrote nothing in any run: the native controller held the reading inside the band, the law never left its cushion and had nothing to push; nothing to earn, nothing lost",results/realms/MUSCLES.csv
modelled muscle,Compute / AI / Cloud: Kubernetes Workload Scaling,capacity,pdb_policy,yes,,,,,watch,,,"wrote nothing in any run: the native controller held the reading inside the band, the law never left its cushion and had nothing to push; nothing to earn, nothing lost",results/realms/MUSCLES.csv
modelled muscle,Compute / AI / Cloud: Kubernetes Workload Scaling,admission,scheduler_queue_priority,yes,,,,,watch,,,"wrote nothing in any run: the native controller held the reading inside the band, the law never left its cushion and had nothing to push; nothing to earn, nothing lost",results/realms/MUSCLES.csv
modelled muscle,Compute / AI / Cloud: Kubernetes Workload Scaling,admission,api_priority_fairness,yes,,,,,watch,,,"wrote nothing in any run: the native controller held the reading inside the band, the law never left its cushion and had nothing to push; nothing to earn, nothing lost",results/realms/MUSCLES.csv
modelled muscle,Compute / AI / Cloud: NVIDIA GPU Hardware,capacity,gpu_allocate,yes,,,,,watch,,,"wrote nothing in any run: the native controller held the reading inside the band, the law never left its cushion and had nothing to push; nothing to earn, nothing lost",results/realms/MUSCLES.csv
modelled muscle,Compute / AI / Cloud: NVIDIA GPU Hardware,power,gpu_power_limit,yes,,,,,write,,,"work per energy +2.5% (+2.1% to +2.9%), work +0.0%, violations -0.36 pp, guardrails held",results/realms/MUSCLES.csv
modelled muscle,Compute / AI / Cloud: NVIDIA GPU Hardware,power,gpu_sm_clock,yes,,,,,write,,,"work per energy +2.2% (+1.9% to +2.5%), work +0.0%, violations -0.26 pp, guardrails held",results/realms/MUSCLES.csv
modelled muscle,Compute / AI / Cloud: NVIDIA GPU Hardware,power,gpu_memory_clock,yes,,,,,write,,,"work per energy +2.2% (+1.8% to +2.6%), work -0.0%, violations -0.47 pp, guardrails held",results/realms/MUSCLES.csv
modelled muscle,Compute / AI / Cloud: NVIDIA GPU Hardware,capacity,gpu_persistence_mode,yes,,,,,watch,,,"wrote nothing in any run: the native controller held the reading inside the band, the law never left its cushion and had nothing to push; nothing to earn, nothing lost",results/realms/MUSCLES.csv
modelled muscle,Compute / AI / Cloud: NVIDIA GPU Hardware,capacity,gpu_compute_mode,yes,,,,,watch,,,"wrote nothing in any run: the native controller held the reading inside the band, the law never left its cushion and had nothing to push; nothing to earn, nothing lost",results/realms/MUSCLES.csv
modelled muscle,Compute / AI / Cloud: NVIDIA GPU Hardware,capacity,mig_mode,yes,,,,,watch,,,"wrote nothing in any run: the native controller held the reading inside the band, the law never left its cushion and had nothing to push; nothing to earn, nothing lost",results/realms/MUSCLES.csv
modelled muscle,Compute / AI / Cloud: NVIDIA GPU Hardware,capacity,mig_geometry,yes,,,,,watch,,,"wrote nothing in any run: the native controller held the reading inside the band, the law never left its cushion and had nothing to push; nothing to earn, nothing lost",results/realms/MUSCLES.csv
modelled muscle,Compute / AI / Cloud: NVIDIA GPU Hardware,capacity,gpu_timeslice,yes,,,,,watch,,,"wrote nothing in any run: the native controller held the reading inside the band, the law never left its cushion and had nothing to push; nothing to earn, nothing lost",results/realms/MUSCLES.csv
modelled muscle,Compute / AI / Cloud: NVIDIA GPU Hardware,capacity,gpu_mps,yes,,,,,watch,,,"wrote nothing in any run: the native controller held the reading inside the band, the law never left its cushion and had nothing to push; nothing to earn, nothing lost",results/realms/MUSCLES.csv
modelled muscle,Compute / AI / Cloud: NVIDIA GPU Hardware,admission,gpu_quarantine,yes,,,,,watch,,,"wrote nothing in any run: the native controller held the reading inside the band, the law never left its cushion and had nothing to push; nothing to earn, nothing lost",results/realms/MUSCLES.csv
modelled muscle,Compute / AI / Cloud: NVIDIA GPU Hardware,capacity,gpu_reset,yes,,,,,watch,,,"wrote nothing in any run: the native controller held the reading inside the band, the law never left its cushion and had nothing to push; nothing to earn, nothing lost",results/realms/MUSCLES.csv
modelled muscle,Compute / AI / Cloud: NVIDIA GPU Hardware,power,gpu_thermal_limit,yes,,,,,write,,,"work per energy +2.6% (+2.2% to +3.0%), work -0.0%, violations -0.49 pp, guardrails held",results/realms/MUSCLES.csv
modelled muscle,Compute / AI / Cloud: NVIDIA GPU Hardware,capacity,gpu_ecc_response,yes,,,,,watch,,,"wrote nothing in any run: the native controller held the reading inside the band, the law never left its cushion and had nothing to push; nothing to earn, nothing lost",results/realms/MUSCLES.csv
modelled muscle,Compute / AI / Cloud: NVIDIA GPU Hardware,admission,gpu_job_power_budget,yes,,,,,watch,,,"wrote nothing in any run: the native controller held the reading inside the band, the law never left its cushion and had nothing to push; nothing to earn, nothing lost",results/realms/MUSCLES.csv
modelled muscle,Compute / AI / Cloud: Node Fleet & Karpenter-Class Control,capacity,node_desired,yes,,,,,watch,,,"wrote nothing in any run: the native controller held the reading inside the band, the law never left its cushion and had nothing to push; nothing to earn, nothing lost",results/realms/MUSCLES.csv
modelled muscle,Compute / AI / Cloud: Node Fleet & Karpenter-Class Control,capacity,node_pool_min,yes,,,,,watch,,,"wrote nothing in any run: the native controller held the reading inside the band, the law never left its cushion and had nothing to push; nothing to earn, nothing lost",results/realms/MUSCLES.csv
modelled muscle,Compute / AI / Cloud: Node Fleet & Karpenter-Class Control,capacity,node_pool_max,yes,,,,,watch,,,"wrote nothing in any run: the native controller held the reading inside the band, the law never left its cushion and had nothing to push; nothing to earn, nothing lost",results/realms/MUSCLES.csv
modelled muscle,Compute / AI / Cloud: Node Fleet & Karpenter-Class Control,capacity,node_provision,yes,,,,,watch,,,"wrote nothing in any run: the native controller held the reading inside the band, the law never left its cushion and had nothing to push; nothing to earn, nothing lost",results/realms/MUSCLES.csv
modelled muscle,Compute / AI / Cloud: Node Fleet & Karpenter-Class Control,admission,node_cordon,yes,,,,,watch,,,"wrote nothing in any run: the native controller held the reading inside the band, the law never left its cushion and had nothing to push; nothing to earn, nothing lost",results/realms/MUSCLES.csv
modelled muscle,Compute / AI / Cloud: Node Fleet & Karpenter-Class Control,admission,node_drain,yes,,,,,watch,,,"wrote nothing in any run: the native controller held the reading inside the band, the law never left its cushion and had nothing to push; nothing to earn, nothing lost",results/realms/MUSCLES.csv
modelled muscle,Compute / AI / Cloud: Node Fleet & Karpenter-Class Control,capacity,node_consolidate,yes,,,,,watch,,,"wrote nothing in any run: the native controller held the reading inside the band, the law never left its cushion and had nothing to push; nothing to earn, nothing lost",results/realms/MUSCLES.csv
modelled muscle,Compute / AI / Cloud: Node Fleet & Karpenter-Class Control,capacity,node_replace,yes,,,,,watch,,,"wrote nothing in any run: the native controller held the reading inside the band, the law never left its cushion and had nothing to push; nothing to earn, nothing lost",results/realms/MUSCLES.csv
modelled muscle,Compute / AI / Cloud: Node Fleet & Karpenter-Class Control,capacity,node_shutdown,yes,,,,,watch,,,"wrote nothing in any run: the native controller held the reading inside the band, the law never left its cushion and had nothing to push; nothing to earn, nothing lost",results/realms/MUSCLES.csv
modelled muscle,Compute / AI / Cloud: Node Fleet & Karpenter-Class Control,capacity,node_power_on,yes,,,,,watch,,,"wrote nothing in any run: the native controller held the reading inside the band, the law never left its cushion and had nothing to push; nothing to earn, nothing lost",results/realms/MUSCLES.csv
modelled muscle,Compute / AI / Cloud: Node Fleet & Karpenter-Class Control,setpoint,nodepool_weight,yes,,,,,watch,,,"wrote nothing in any run: the native controller held the reading inside the band, the law never left its cushion and had nothing to push; nothing to earn, nothing lost",results/realms/MUSCLES.csv
modelled muscle,Compute / AI / Cloud: Node Fleet & Karpenter-Class Control,admission,disruption_budget,yes,,,,,watch,,,"wrote nothing in any run: the native controller held the reading inside the band, the law never left its cushion and had nothing to push; nothing to earn, nothing lost",results/realms/MUSCLES.csv
modelled muscle,Compute / AI / Cloud: Node Fleet & Karpenter-Class Control,capacity,consolidation_policy,yes,,,,,watch,,,"wrote nothing in any run: the native controller held the reading inside the band, the law never left its cushion and had nothing to push; nothing to earn, nothing lost",results/realms/MUSCLES.csv
modelled muscle,Compute / AI / Cloud: Node Fleet & Karpenter-Class Control,capacity,consolidate_after,yes,,,,,watch,,,"wrote nothing in any run: the native controller held the reading inside the band, the law never left its cushion and had nothing to push; nothing to earn, nothing lost",results/realms/MUSCLES.csv
modelled muscle,Compute / AI / Cloud: Node Fleet & Karpenter-Class Control,capacity,expire_after,yes,,,,,watch,,,"wrote nothing in any run: the native controller held the reading inside the band, the law never left its cushion and had nothing to push; nothing to earn, nothing lost",results/realms/MUSCLES.csv
modelled muscle,Compute / AI / Cloud: Node Fleet & Karpenter-Class Control,capacity,capacity_class,yes,,,,,watch,,,"wrote nothing in any run: the native controller held the reading inside the band, the law never left its cushion and had nothing to push; nothing to earn, nothing lost",results/realms/MUSCLES.csv
modelled muscle,Compute / AI / Cloud: OpenShift & Machine API,capacity,machine_remediation,yes,,,,,watch,,,"wrote nothing in any run: the native controller held the reading inside the band, the law never left its cushion and had nothing to push; nothing to earn, nothing lost",results/realms/MUSCLES.csv
modelled muscle,Compute / AI / Cloud: OpenShift & Machine API,admission,machine_health_gate,yes,,,,,watch,,,"wrote nothing in any run: the native controller held the reading inside the band, the law never left its cushion and had nothing to push; nothing to earn, nothing lost",results/realms/MUSCLES.csv
modelled muscle,Compute / AI / Cloud: OpenShift & Machine API,admission,mcp_pause,yes,,,,,watch,,,"wrote nothing in any run: the native controller held the reading inside the band, the law never left its cushion and had nothing to push; nothing to earn, nothing lost",results/realms/MUSCLES.csv
modelled muscle,Compute / AI / Cloud: OpenShift & Machine API,capacity,mcp_max_unavailable,yes,,,,,watch,,,"wrote nothing in any run: the native controller held the reading inside the band, the law never left its cushion and had nothing to push; nothing to earn, nothing lost",results/realms/MUSCLES.csv
modelled muscle,Compute / AI / Cloud: OpenShift & Machine API,capacity,node_config_rollout,yes,,,,,watch,,,"wrote nothing in any run: the native controller held the reading inside the band, the law never left its cushion and had nothing to push; nothing to earn, nothing lost",results/realms/MUSCLES.csv
modelled muscle,Compute / AI / Cloud: OpenShift & Machine API,admission,operator_reconcile_budget,yes,,,,,watch,,,"wrote nothing in any run: the native controller held the reading inside the band, the law never left its cushion and had nothing to push; nothing to earn, nothing lost",results/realms/MUSCLES.csv
modelled muscle,Compute / AI / Cloud: OpenShift & Machine API,capacity,cluster_version_pacing,yes,,,,,watch,,,"wrote nothing in any run: the native controller held the reading inside the band, the law never left its cushion and had nothing to push; nothing to earn, nothing lost",results/realms/MUSCLES.csv
modelled muscle,Compute / AI / Cloud: OpenShift & Machine API,admission,infra_machine_admission,yes,,,,,watch,,,"wrote nothing in any run: the native controller held the reading inside the band, the law never left its cushion and had nothing to push; nothing to earn, nothing lost",results/realms/MUSCLES.csv
modelled muscle,Compute / AI / Cloud: OpenShift & Machine API,capacity,machine_failure_domain,yes,,,,,watch,,,"wrote nothing in any run: the native controller held the reading inside the band, the law never left its cushion and had nothing to push; nothing to earn, nothing lost",results/realms/MUSCLES.csv
modelled muscle,Compute / AI / Cloud: Quantum Computing Control Simulation,capacity,qubit_mapping,yes,,,,,watch,,,"wrote nothing in any run: the native controller held the reading inside the band, the law never left its cushion and had nothing to push; nothing to earn, nothing lost",results/realms/MUSCLES.csv
modelled muscle,Compute / AI / Cloud: Quantum Computing Control Simulation,admission,circuit_admission,yes,,,,,watch,,,"wrote nothing in any run: the native controller held the reading inside the band, the law never left its cushion and had nothing to push; nothing to earn, nothing lost",results/realms/MUSCLES.csv
modelled muscle,Compute / AI / Cloud: Quantum Computing Control Simulation,capacity,shot_allocation,yes,,,,,watch,,,"wrote nothing in any run: the native controller held the reading inside the band, the law never left its cushion and had nothing to push; nothing to earn, nothing lost",results/realms/MUSCLES.csv
modelled muscle,Compute / AI / Cloud: Quantum Computing Control Simulation,admission,circuit_scheduling,yes,,,,,watch,,,"wrote nothing in any run: the native controller held the reading inside the band, the law never left its cushion and had nothing to push; nothing to earn, nothing lost",results/realms/MUSCLES.csv
modelled muscle,Compute / AI / Cloud: Quantum Computing Control Simulation,capacity,gate_scheduling,yes,,,,,watch,,,"wrote nothing in any run: the native controller held the reading inside the band, the law never left its cushion and had nothing to push; nothing to earn, nothing lost",results/realms/MUSCLES.csv
modelled muscle,Compute / AI / Cloud: Quantum Computing Control Simulation,capacity,pulse_amplitude,yes,,,,,watch,,,"wrote nothing in any run: the native controller held the reading inside the band, the law never left its cushion and had nothing to push; nothing to earn, nothing lost",results/realms/MUSCLES.csv
modelled muscle,Compute / AI / Cloud: Quantum Computing Control Simulation,setpoint,pulse_duration,yes,,,,,watch,,,"wrote nothing in any run: the native controller held the reading inside the band, the law never left its cushion and had nothing to push; nothing to earn, nothing lost",results/realms/MUSCLES.csv
modelled muscle,Compute / AI / Cloud: Quantum Computing Control Simulation,capacity,pulse_phase,yes,,,,,watch,,,"wrote nothing in any run: the native controller held the reading inside the band, the law never left its cushion and had nothing to push; nothing to earn, nothing lost",results/realms/MUSCLES.csv
modelled muscle,Compute / AI / Cloud: Quantum Computing Control Simulation,power,pulse_frequency,yes,,,,,watch,,,"wrote nothing in any run: the native controller held the reading inside the band, the law never left its cushion and had nothing to push; nothing to earn, nothing lost",results/realms/MUSCLES.csv
modelled muscle,Compute / AI / Cloud: Quantum Computing Control Simulation,capacity,coupling_control,yes,,,,,watch,,,"wrote nothing in any run: the native controller held the reading inside the band, the law never left its cushion and had nothing to push; nothing to earn, nothing lost",results/realms/MUSCLES.csv
modelled muscle,Compute / AI / Cloud: Quantum Computing Control Simulation,capacity,reset_scheduling,yes,,,,,watch,,,"wrote nothing in any run: the native controller held the reading inside the band, the law never left its cushion and had nothing to push; nothing to earn, nothing lost",results/realms/MUSCLES.csv
modelled muscle,Compute / AI / Cloud: Quantum Computing Control Simulation,capacity,measurement_scheduling,yes,,,,,watch,,,"wrote nothing in any run: the native controller held the reading inside the band, the law never left its cushion and had nothing to push; nothing to earn, nothing lost",results/realms/MUSCLES.csv
modelled muscle,Compute / AI / Cloud: Quantum Computing Control Simulation,capacity,dynamical_decoupling,yes,,,,,watch,,,"wrote nothing in any run: the native controller held the reading inside the band, the law never left its cushion and had nothing to push; nothing to earn, nothing lost",results/realms/MUSCLES.csv
modelled muscle,Compute / AI / Cloud: Quantum Computing Control Simulation,capacity,noise_aware_routing,yes,,,,,watch,,,"wrote nothing in any run: the native controller held the reading inside the band, the law never left its cushion and had nothing to push; nothing to earn, nothing lost",results/realms/MUSCLES.csv
modelled muscle,Compute / AI / Cloud: Quantum Computing Control Simulation,admission,error_mitigation_budget,yes,,,,,watch,,,"wrote nothing in any run: the native controller held the reading inside the band, the law never left its cushion and had nothing to push; nothing to earn, nothing lost",results/realms/MUSCLES.csv
modelled muscle,Compute / AI / Cloud: Quantum Computing Control Simulation,admission,quantum_queue_priority,yes,,,,,watch,,,"wrote nothing in any run: the native controller held the reading inside the band, the law never left its cushion and had nothing to push; nothing to earn, nothing lost",results/realms/MUSCLES.csv
modelled muscle,Compute / AI / Cloud: Work Admission & Demand Shaping,admission,api_concurrency,yes,,,,,watch,,,"wrote nothing in any run: the native controller held the reading inside the band, the law never left its cushion and had nothing to push; nothing to earn, nothing lost",results/realms/MUSCLES.csv
modelled muscle,Compute / AI / Cloud: Work Admission & Demand Shaping,admission,queue_concurrency,yes,,,,,watch,,,"wrote nothing in any run: the native controller held the reading inside the band, the law never left its cushion and had nothing to push; nothing to earn, nothing lost",results/realms/MUSCLES.csv
modelled muscle,Compute / AI / Cloud: Work Admission & Demand Shaping,admission,queue_backpressure,yes,,,,,watch,,,"wrote nothing in any run: the native controller held the reading inside the band, the law never left its cushion and had nothing to push; nothing to earn, nothing lost",results/realms/MUSCLES.csv
modelled muscle,Compute / AI / Cloud: Work Admission & Demand Shaping,admission,job_admission,yes,,,,,watch,,,"wrote nothing in any run: the native controller held the reading inside the band, the law never left its cushion and had nothing to push; nothing to earn, nothing lost",results/realms/MUSCLES.csv
modelled muscle,Compute / AI / Cloud: Work Admission & Demand Shaping,admission,batch_admission,yes,,,,,watch,,,"wrote nothing in any run: the native controller held the reading inside the band, the law never left its cushion and had nothing to push; nothing to earn, nothing lost",results/realms/MUSCLES.csv
modelled muscle,Compute / AI / Cloud: Work Admission & Demand Shaping,admission,inference_admission,yes,,,,,watch,,,"wrote nothing in any run: the native controller held the reading inside the band, the law never left its cushion and had nothing to push; nothing to earn, nothing lost",results/realms/MUSCLES.csv
modelled muscle,Compute / AI / Cloud: Work Admission & Demand Shaping,admission,load_shed,yes,,,,,watch,,,"wrote nothing in any run: the native controller held the reading inside the band, the law never left its cushion and had nothing to push; nothing to earn, nothing lost",results/realms/MUSCLES.csv
modelled muscle,Compute / AI / Cloud: Work Admission & Demand Shaping,admission,priority_gate,yes,,,,,watch,,,"wrote nothing in any run: the native controller held the reading inside the band, the law never left its cushion and had nothing to push; nothing to earn, nothing lost",results/realms/MUSCLES.csv
modelled muscle,Compute / AI / Cloud: Work Admission & Demand Shaping,admission,tenant_admission,yes,,,,,watch,,,"wrote nothing in any run: the native controller held the reading inside the band, the law never left its cushion and had nothing to push; nothing to earn, nothing lost",results/realms/MUSCLES.csv
modelled muscle,Compute / AI / Cloud: Work Admission & Demand Shaping,admission,burst_limit,yes,,,,,watch,,,"wrote nothing in any run: the native controller held the reading inside the band, the law never left its cushion and had nothing to push; nothing to earn, nothing lost",results/realms/MUSCLES.csv
modelled muscle,Compute / AI / Cloud: Work Admission & Demand Shaping,admission,deadline_admission,yes,,,,,watch,,,"wrote nothing in any run: the native controller held the reading inside the band, the law never left its cushion and had nothing to push; nothing to earn, nothing lost",results/realms/MUSCLES.csv
modelled muscle,Compute / AI / Cloud: Work Admission & Demand Shaping,admission,work_budget,yes,,,,,watch,,,"wrote nothing in any run: the native controller held the reading inside the band, the law never left its cushion and had nothing to push; nothing to earn, nothing lost",results/realms/MUSCLES.csv
modelled muscle,Compute / AI / Cloud: Work Admission & Demand Shaping,admission,request_queue_limit,yes,,,,,watch,,,"wrote nothing in any run: the native controller held the reading inside the band, the law never left its cushion and had nothing to push; nothing to earn, nothing lost",results/realms/MUSCLES.csv
modelled muscle,Compute / AI / Cloud: Work Admission & Demand Shaping,admission,retry_admission,yes,,,,,watch,,,"wrote nothing in any run: the native controller held the reading inside the band, the law never left its cushion and had nothing to push; nothing to earn, nothing lost",results/realms/MUSCLES.csv
modelled muscle,Compute / AI / Cloud: Work Admission & Demand Shaping,admission,background_work_gate,yes,,,,,watch,,,"wrote nothing in any run: the native controller held the reading inside the band, the law never left its cushion and had nothing to push; nothing to earn, nothing lost",results/realms/MUSCLES.csv
modelled muscle,Compute / AI / Cloud: Work Admission & Demand Shaping,admission,maintenance_work_gate,yes,,,,,watch,,,"wrote nothing in any run: the native controller held the reading inside the band, the law never left its cushion and had nothing to push; nothing to earn, nothing lost",results/realms/MUSCLES.csv
modelled muscle,Distribution / Specialized: Cache & Memory Services,capacity,cache_size,yes,,,,,watch,,,"wrote nothing in any run: the native controller held the reading inside the band, the law never left its cushion and had nothing to push; nothing to earn, nothing lost",results/realms/MUSCLES.csv
modelled muscle,Distribution / Specialized: Cache & Memory Services,setpoint,cache_ttl,yes,,,,,watch,,,"wrote nothing in any run: the native controller held the reading inside the band, the law never left its cushion and had nothing to push; nothing to earn, nothing lost",results/realms/MUSCLES.csv
modelled muscle,Distribution / Specialized: Cache & Memory Services,admission,cache_eviction_policy,yes,,,,,watch,,,"wrote nothing in any run: the native controller held the reading inside the band, the law never left its cushion and had nothing to push; nothing to earn, nothing lost",results/realms/MUSCLES.csv
modelled muscle,Distribution / Specialized: Cache & Memory Services,capacity,cache_replicas,yes,,,,,watch,,,"wrote nothing in any run: the native controller held the reading inside the band, the law never left its cushion and had nothing to push; nothing to earn, nothing lost",results/realms/MUSCLES.csv
modelled muscle,Distribution / Specialized: Cache & Memory Services,capacity,cache_sharding,yes,,,,,watch,,,"wrote nothing in any run: the native controller held the reading inside the band, the law never left its cushion and had nothing to push; nothing to earn, nothing lost",results/realms/MUSCLES.csv
modelled muscle,Distribution / Specialized: Cache & Memory Services,capacity,cache_prefetch,yes,,,,,watch,,,"wrote nothing in any run: the native controller held the reading inside the band, the law never left its cushion and had nothing to push; nothing to earn, nothing lost",results/realms/MUSCLES.csv
modelled muscle,Distribution / Specialized: Cache & Memory Services,capacity,cache_writeback_rate,yes,,,,,watch,,,"wrote nothing in any run: the native controller held the reading inside the band, the law never left its cushion and had nothing to push; nothing to earn, nothing lost",results/realms/MUSCLES.csv
modelled muscle,Distribution / Specialized: Cache & Memory Services,admission,cache_admission,yes,,,,,watch,,,"wrote nothing in any run: the native controller held the reading inside the band, the law never left its cushion and had nothing to push; nothing to earn, nothing lost",results/realms/MUSCLES.csv
modelled muscle,Distribution / Specialized: Cache & Memory Services,admission,hot_key_isolation,yes,,,,,watch,,,"wrote nothing in any run: the native controller held the reading inside the band, the law never left its cushion and had nothing to push; nothing to earn, nothing lost",results/realms/MUSCLES.csv
modelled muscle,Distribution / Specialized: Cache & Memory Services,admission,cache_connection_limit,yes,,,,,watch,,,"wrote nothing in any run: the native controller held the reading inside the band, the law never left its cushion and had nothing to push; nothing to earn, nothing lost",results/realms/MUSCLES.csv
modelled muscle,Distribution / Specialized: Cache & Memory Services,capacity,cache_memory_limit,yes,,,,,watch,,,"wrote nothing in any run: the native controller held the reading inside the band, the law never left its cushion and had nothing to push; nothing to earn, nothing lost",results/realms/MUSCLES.csv
modelled muscle,Distribution / Specialized: Cache & Memory Services,capacity,cache_compression,yes,,,,,watch,,,"wrote nothing in any run: the native controller held the reading inside the band, the law never left its cushion and had nothing to push; nothing to earn, nothing lost",results/realms/MUSCLES.csv
modelled muscle,Distribution / Specialized: Cache & Memory Services,capacity,cache_warmup,yes,,,,,watch,,,"wrote nothing in any run: the native controller held the reading inside the band, the law never left its cushion and had nothing to push; nothing to earn, nothing lost",results/realms/MUSCLES.csv
modelled muscle,Distribution / Specialized: Cache & Memory Services,capacity,cache_failover,yes,,,,,watch,,,"wrote nothing in any run: the native controller held the reading inside the band, the law never left its cushion and had nothing to push; nothing to earn, nothing lost",results/realms/MUSCLES.csv
modelled muscle,Distribution / Specialized: Cache & Memory Services,capacity,cache_flush_rate,yes,,,,,watch,,,"wrote nothing in any run: the native controller held the reading inside the band, the law never left its cushion and had nothing to push; nothing to earn, nothing lost",results/realms/MUSCLES.csv
modelled muscle,Distribution / Specialized: Commerce & Payment Systems,admission,payment_admission,yes,,,,,watch,,,"wrote nothing in any run: the native controller held the reading inside the band, the law never left its cushion and had nothing to push; nothing to earn, nothing lost",results/realms/MUSCLES.csv
modelled muscle,Distribution / Specialized: Commerce & Payment Systems,admission,payment_concurrency,yes,,,,,watch,,,"wrote nothing in any run: the native controller held the reading inside the band, the law never left its cushion and had nothing to push; nothing to earn, nothing lost",results/realms/MUSCLES.csv
modelled muscle,Distribution / Specialized: Commerce & Payment Systems,admission,payment_retry,yes,,,,,watch,,,"wrote nothing in any run: the native controller held the reading inside the band, the law never left its cushion and had nothing to push; nothing to earn, nothing lost",results/realms/MUSCLES.csv
modelled muscle,Distribution / Specialized: Commerce & Payment Systems,admission,payment_timeout,yes,,,,,watch,,,"wrote nothing in any run: the native controller held the reading inside the band, the law never left its cushion and had nothing to push; nothing to earn, nothing lost",results/realms/MUSCLES.csv
modelled muscle,Distribution / Specialized: Commerce & Payment Systems,admission,fraud_review_gate,yes,,,,,watch,,,"wrote nothing in any run: the native controller held the reading inside the band, the law never left its cushion and had nothing to push; nothing to earn, nothing lost",results/realms/MUSCLES.csv
modelled muscle,Distribution / Specialized: Commerce & Payment Systems,capacity,authorization_route,yes,,,,,watch,,,"wrote nothing in any run: the native controller held the reading inside the band, the law never left its cushion and had nothing to push; nothing to earn, nothing lost",results/realms/MUSCLES.csv
modelled muscle,Distribution / Specialized: Commerce & Payment Systems,setpoint,processor_route_weight,yes,,,,,watch,,,"wrote nothing in any run: the native controller held the reading inside the band, the law never left its cushion and had nothing to push; nothing to earn, nothing lost",results/realms/MUSCLES.csv
modelled muscle,Distribution / Specialized: Commerce & Payment Systems,admission,transaction_queue_limit,yes,,,,,watch,,,"wrote nothing in any run: the native controller held the reading inside the band, the law never left its cushion and had nothing to push; nothing to earn, nothing lost",results/realms/MUSCLES.csv
modelled muscle,Distribution / Specialized: Commerce & Payment Systems,setpoint,idempotency_window,yes,,,,,watch,,,"wrote nothing in any run: the native controller held the reading inside the band, the law never left its cushion and had nothing to push; nothing to earn, nothing lost",results/realms/MUSCLES.csv
modelled muscle,Distribution / Specialized: Commerce & Payment Systems,capacity,order_reservation,yes,,,,,watch,,,"wrote nothing in any run: the native controller held the reading inside the band, the law never left its cushion and had nothing to push; nothing to earn, nothing lost",results/realms/MUSCLES.csv
modelled muscle,Distribution / Specialized: Commerce & Payment Systems,admission,inventory_hold,yes,,,,,watch,,,"wrote nothing in any run: the native controller held the reading inside the band, the law never left its cushion and had nothing to push; nothing to earn, nothing lost",results/realms/MUSCLES.csv
modelled muscle,Distribution / Specialized: Commerce & Payment Systems,admission,checkout_load_shed,yes,,,,,watch,,,"wrote nothing in any run: the native controller held the reading inside the band, the law never left its cushion and had nothing to push; nothing to earn, nothing lost",results/realms/MUSCLES.csv
modelled muscle,Distribution / Specialized: Commerce & Payment Systems,capacity,refund_queue_rate,yes,,,,,watch,,,"wrote nothing in any run: the native controller held the reading inside the band, the law never left its cushion and had nothing to push; nothing to earn, nothing lost",results/realms/MUSCLES.csv
modelled muscle,Distribution / Specialized: Commerce & Payment Systems,capacity,settlement_batch,yes,,,,,watch,,,"wrote nothing in any run: the native controller held the reading inside the band, the law never left its cushion and had nothing to push; nothing to earn, nothing lost",results/realms/MUSCLES.csv
modelled muscle,Distribution / Specialized: Commerce & Payment Systems,capacity,payment_failover,yes,,,,,watch,,,"wrote nothing in any run: the native controller held the reading inside the band, the law never left its cushion and had nothing to push; nothing to earn, nothing lost",results/realms/MUSCLES.csv
modelled muscle,Distribution / Specialized: Data Analytics & ETL,capacity,executor_size,yes,,,,,watch,,,"wrote nothing in any run: the native controller held the reading inside the band, the law never left its cushion and had nothing to push; nothing to earn, nothing lost",results/realms/MUSCLES.csv
modelled muscle,Distribution / Specialized: Data Analytics & ETL,capacity,dynamic_allocation_min,yes,,,,,watch,,,"wrote nothing in any run: the native controller held the reading inside the band, the law never left its cushion and had nothing to push; nothing to earn, nothing lost",results/realms/MUSCLES.csv
modelled muscle,Distribution / Specialized: Data Analytics & ETL,capacity,dynamic_allocation_max,yes,,,,,watch,,,"wrote nothing in any run: the native controller held the reading inside the band, the law never left its cushion and had nothing to push; nothing to earn, nothing lost",results/realms/MUSCLES.csv
modelled muscle,Distribution / Specialized: Data Analytics & ETL,capacity,shuffle_partitions,yes,,,,,watch,,,"wrote nothing in any run: the native controller held the reading inside the band, the law never left its cushion and had nothing to push; nothing to earn, nothing lost",results/realms/MUSCLES.csv
modelled muscle,Distribution / Specialized: Data Analytics & ETL,capacity,shuffle_bandwidth,yes,,,,,watch,,,"wrote nothing in any run: the native controller held the reading inside the band, the law never left its cushion and had nothing to push; nothing to earn, nothing lost",results/realms/MUSCLES.csv
modelled muscle,Distribution / Specialized: Data Analytics & ETL,admission,etl_concurrency,yes,,,,,watch,,,"wrote nothing in any run: the native controller held the reading inside the band, the law never left its cushion and had nothing to push; nothing to earn, nothing lost",results/realms/MUSCLES.csv
modelled muscle,Distribution / Specialized: Data Analytics & ETL,capacity,stage_parallelism,yes,,,,,watch,,,"wrote nothing in any run: the native controller held the reading inside the band, the law never left its cushion and had nothing to push; nothing to earn, nothing lost",results/realms/MUSCLES.csv
modelled muscle,Distribution / Specialized: Data Analytics & ETL,capacity,query_slots,yes,,,,,watch,,,"wrote nothing in any run: the native controller held the reading inside the band, the law never left its cushion and had nothing to push; nothing to earn, nothing lost",results/realms/MUSCLES.csv
modelled muscle,Distribution / Specialized: Data Analytics & ETL,admission,spill_threshold,yes,,,,,watch,,,"wrote nothing in any run: the native controller held the reading inside the band, the law never left its cushion and had nothing to push; nothing to earn, nothing lost",results/realms/MUSCLES.csv
modelled muscle,Distribution / Specialized: Data Analytics & ETL,setpoint,cache_fraction,yes,,,,,watch,,,"wrote nothing in any run: the native controller held the reading inside the band, the law never left its cushion and had nothing to push; nothing to earn, nothing lost",results/realms/MUSCLES.csv
modelled muscle,Distribution / Specialized: Data Analytics & ETL,setpoint,batch_interval,yes,,,,,watch,,,"wrote nothing in any run: the native controller held the reading inside the band, the law never left its cushion and had nothing to push; nothing to earn, nothing lost",results/realms/MUSCLES.csv
modelled muscle,Distribution / Specialized: Data Analytics & ETL,admission,stream_backpressure,yes,,,,,watch,,,"wrote nothing in any run: the native controller held the reading inside the band, the law never left its cushion and had nothing to push; nothing to earn, nothing lost",results/realms/MUSCLES.csv
modelled muscle,Distribution / Specialized: Data Analytics & ETL,capacity,data_locality_wait,yes,,,,,watch,,,"wrote nothing in any run: the native controller held the reading inside the band, the law never left its cushion and had nothing to push; nothing to earn, nothing lost",results/realms/MUSCLES.csv
modelled muscle,Distribution / Specialized: Data Analytics & ETL,capacity,speculation_policy,yes,,,,,watch,,,"wrote nothing in any run: the native controller held the reading inside the band, the law never left its cushion and had nothing to push; nothing to earn, nothing lost",results/realms/MUSCLES.csv
modelled muscle,Distribution / Specialized: Data Analytics & ETL,admission,analytics_admission,yes,,,,,watch,,,"wrote nothing in any run: the native controller held the reading inside the band, the law never left its cushion and had nothing to push; nothing to earn, nothing lost",results/realms/MUSCLES.csv
modelled muscle,Distribution / Specialized: Database & Transactions,capacity,db_replicas,yes,,,,,watch,,,"wrote nothing in any run: the native controller held the reading inside the band, the law never left its cushion and had nothing to push; nothing to earn, nothing lost",results/realms/MUSCLES.csv
modelled muscle,Distribution / Specialized: Database & Transactions,capacity,db_memory,yes,,,,,watch,,,"wrote nothing in any run: the native controller held the reading inside the band, the law never left its cushion and had nothing to push; nothing to earn, nothing lost",results/realms/MUSCLES.csv
modelled muscle,Distribution / Specialized: Database & Transactions,capacity,db_cache,yes,,,,,watch,,,"wrote nothing in any run: the native controller held the reading inside the band, the law never left its cushion and had nothing to push; nothing to earn, nothing lost",results/realms/MUSCLES.csv
modelled muscle,Distribution / Specialized: Database & Transactions,admission,query_concurrency,yes,,,,,watch,,,"wrote nothing in any run: the native controller held the reading inside the band, the law never left its cushion and had nothing to push; nothing to earn, nothing lost",results/realms/MUSCLES.csv
modelled muscle,Distribution / Specialized: Database & Transactions,capacity,read_route,yes,,,,,watch,,,"wrote nothing in any run: the native controller held the reading inside the band, the law never left its cushion and had nothing to push; nothing to earn, nothing lost",results/realms/MUSCLES.csv
modelled muscle,Distribution / Specialized: Database & Transactions,capacity,shard_placement,yes,,,,,watch,,,"wrote nothing in any run: the native controller held the reading inside the band, the law never left its cushion and had nothing to push; nothing to earn, nothing lost",results/realms/MUSCLES.csv
modelled muscle,Distribution / Specialized: Database & Transactions,capacity,db_failover,yes,,,,,watch,,,"wrote nothing in any run: the native controller held the reading inside the band, the law never left its cushion and had nothing to push; nothing to earn, nothing lost",results/realms/MUSCLES.csv
modelled muscle,Distribution / Specialized: Database & Transactions,admission,replication_lag_gate,yes,,,,,watch,,,"wrote nothing in any run: the native controller held the reading inside the band, the law never left its cushion and had nothing to push; nothing to earn, nothing lost",results/realms/MUSCLES.csv
modelled muscle,Distribution / Specialized: Database & Transactions,admission,db_write_throttle,yes,,,,,watch,,,"wrote nothing in any run: the native controller held the reading inside the band, the law never left its cushion and had nothing to push; nothing to earn, nothing lost",results/realms/MUSCLES.csv
modelled muscle,Distribution / Specialized: Database & Transactions,capacity,db_pool_resize,yes,,,,,watch,,,"wrote nothing in any run: the native controller held the reading inside the band, the law never left its cushion and had nothing to push; nothing to earn, nothing lost",results/realms/MUSCLES.csv
modelled muscle,Distribution / Specialized: Database & Transactions,admission,transaction_concurrency,yes,,,,,watch,,,"wrote nothing in any run: the native controller held the reading inside the band, the law never left its cushion and had nothing to push; nothing to earn, nothing lost",results/realms/MUSCLES.csv
modelled muscle,Distribution / Specialized: Database & Transactions,admission,lock_timeout,yes,,,,,watch,,,"wrote nothing in any run: the native controller held the reading inside the band, the law never left its cushion and had nothing to push; nothing to earn, nothing lost",results/realms/MUSCLES.csv
modelled muscle,Distribution / Specialized: Database & Transactions,capacity,checkpoint_rate,yes,,,,,watch,,,"wrote nothing in any run: the native controller held the reading inside the band, the law never left its cushion and had nothing to push; nothing to earn, nothing lost",results/realms/MUSCLES.csv
modelled muscle,Distribution / Specialized: Database & Transactions,capacity,vacuum_compaction_rate,yes,,,,,watch,,,"wrote nothing in any run: the native controller held the reading inside the band, the law never left its cushion and had nothing to push; nothing to earn, nothing lost",results/realms/MUSCLES.csv
modelled muscle,Distribution / Specialized: Messaging & Streaming,capacity,partition_count,yes,,,,,watch,,,"wrote nothing in any run: the native controller held the reading inside the band, the law never left its cushion and had nothing to push; nothing to earn, nothing lost",results/realms/MUSCLES.csv
modelled muscle,Distribution / Specialized: Messaging & Streaming,capacity,partition_placement,yes,,,,,watch,,,"wrote nothing in any run: the native controller held the reading inside the band, the law never left its cushion and had nothing to push; nothing to earn, nothing lost",results/realms/MUSCLES.csv
modelled muscle,Distribution / Specialized: Messaging & Streaming,admission,producer_quota,yes,,,,,watch,,,"wrote nothing in any run: the native controller held the reading inside the band, the law never left its cushion and had nothing to push; nothing to earn, nothing lost",results/realms/MUSCLES.csv
modelled muscle,Distribution / Specialized: Messaging & Streaming,admission,consumer_quota,yes,,,,,watch,,,"wrote nothing in any run: the native controller held the reading inside the band, the law never left its cushion and had nothing to push; nothing to earn, nothing lost",results/realms/MUSCLES.csv
modelled muscle,Distribution / Specialized: Messaging & Streaming,admission,broker_io_quota,yes,,,,,watch,,,"wrote nothing in any run: the native controller held the reading inside the band, the law never left its cushion and had nothing to push; nothing to earn, nothing lost",results/realms/MUSCLES.csv
modelled muscle,Distribution / Specialized: Messaging & Streaming,capacity,message_retention,yes,,,,,watch,,,"wrote nothing in any run: the native controller held the reading inside the band, the law never left its cushion and had nothing to push; nothing to earn, nothing lost",results/realms/MUSCLES.csv
modelled muscle,Distribution / Specialized: Messaging & Streaming,admission,queue_depth_limit,yes,,,,,watch,,,"wrote nothing in any run: the native controller held the reading inside the band, the law never left its cushion and had nothing to push; nothing to earn, nothing lost",results/realms/MUSCLES.csv
modelled muscle,Distribution / Specialized: Messaging & Streaming,admission,consumer_concurrency,yes,,,,,watch,,,"wrote nothing in any run: the native controller held the reading inside the band, the law never left its cushion and had nothing to push; nothing to earn, nothing lost",results/realms/MUSCLES.csv
modelled muscle,Distribution / Specialized: Messaging & Streaming,capacity,producer_batch_size,yes,,,,,watch,,,"wrote nothing in any run: the native controller held the reading inside the band, the law never left its cushion and had nothing to push; nothing to earn, nothing lost",results/realms/MUSCLES.csv
modelled muscle,Distribution / Specialized: Messaging & Streaming,capacity,fetch_batch_size,yes,,,,,watch,,,"wrote nothing in any run: the native controller held the reading inside the band, the law never left its cushion and had nothing to push; nothing to earn, nothing lost",results/realms/MUSCLES.csv
modelled muscle,Distribution / Specialized: Messaging & Streaming,capacity,rebalance_rate,yes,,,,,watch,,,"wrote nothing in any run: the native controller held the reading inside the band, the law never left its cushion and had nothing to push; nothing to earn, nothing lost",results/realms/MUSCLES.csv
modelled muscle,Distribution / Specialized: Messaging & Streaming,capacity,replication_factor,yes,,,,,watch,,,"wrote nothing in any run: the native controller held the reading inside the band, the law never left its cushion and had nothing to push; nothing to earn, nothing lost",results/realms/MUSCLES.csv
modelled muscle,Distribution / Specialized: Messaging & Streaming,admission,retry_backoff,yes,,,,,watch,,,"wrote nothing in any run: the native controller held the reading inside the band, the law never left its cushion and had nothing to push; nothing to earn, nothing lost",results/realms/MUSCLES.csv
modelled muscle,Distribution / Specialized: Messaging & Streaming,capacity,dead_letter_divert,yes,,,,,watch,,,"wrote nothing in any run: the native controller held the reading inside the band, the law never left its cushion and had nothing to push; nothing to earn, nothing lost",results/realms/MUSCLES.csv
modelled muscle,Distribution / Specialized: Messaging & Streaming,admission,stream_priority,yes,,,,,watch,,,"wrote nothing in any run: the native controller held the reading inside the band, the law never left its cushion and had nothing to push; nothing to earn, nothing lost",results/realms/MUSCLES.csv
modelled muscle,Distribution / Specialized: Messaging & Streaming,capacity,broker_failover,yes,,,,,watch,,,"wrote nothing in any run: the native controller held the reading inside the band, the law never left its cushion and had nothing to push; nothing to earn, nothing lost",results/realms/MUSCLES.csv
modelled muscle,Distribution / Specialized: Network Routing & Switching,setpoint,lb_weight,yes,,,,,watch,,,"wrote nothing in any run: the native controller held the reading inside the band, the law never left its cushion and had nothing to push; nothing to earn, nothing lost",results/realms/MUSCLES.csv
modelled muscle,Distribution / Specialized: Network Routing & Switching,setpoint,route_weight,yes,,,,,watch,,,"wrote nothing in any run: the native controller held the reading inside the band, the law never left its cushion and had nothing to push; nothing to earn, nothing lost",results/realms/MUSCLES.csv
modelled muscle,Distribution / Specialized: Network Routing & Switching,admission,rate_limit,yes,,,,,watch,,,"wrote nothing in any run: the native controller held the reading inside the band, the law never left its cushion and had nothing to push; nothing to earn, nothing lost",results/realms/MUSCLES.csv
modelled muscle,Distribution / Specialized: Network Routing & Switching,capacity,bandwidth_limit,yes,,,,,watch,,,"wrote nothing in any run: the native controller held the reading inside the band, the law never left its cushion and had nothing to push; nothing to earn, nothing lost",results/realms/MUSCLES.csv
modelled muscle,Distribution / Specialized: Network Routing & Switching,capacity,qos_class,yes,,,,,watch,,,"wrote nothing in any run: the native controller held the reading inside the band, the law never left its cushion and had nothing to push; nothing to earn, nothing lost",results/realms/MUSCLES.csv
modelled muscle,Distribution / Specialized: Network Routing & Switching,admission,connection_limit,yes,,,,,watch,,,"wrote nothing in any run: the native controller held the reading inside the band, the law never left its cushion and had nothing to push; nothing to earn, nothing lost",results/realms/MUSCLES.csv
modelled muscle,Distribution / Specialized: Network Routing & Switching,capacity,failover_route,yes,,,,,watch,,,"wrote nothing in any run: the native controller held the reading inside the band, the law never left its cushion and had nothing to push; nothing to earn, nothing lost",results/realms/MUSCLES.csv
modelled muscle,Distribution / Specialized: Network Routing & Switching,admission,nic_rate_limit,yes,,,,,watch,,,"wrote nothing in any run: the native controller held the reading inside the band, the law never left its cushion and had nothing to push; nothing to earn, nothing lost",results/realms/MUSCLES.csv
modelled muscle,Distribution / Specialized: Network Routing & Switching,capacity,nic_queue_count,yes,,,,,watch,,,"wrote nothing in any run: the native controller held the reading inside the band, the law never left its cushion and had nothing to push; nothing to earn, nothing lost",results/realms/MUSCLES.csv
modelled muscle,Distribution / Specialized: Network Routing & Switching,capacity,queue_discipline,yes,,,,,watch,,,"wrote nothing in any run: the native controller held the reading inside the band, the law never left its cushion and had nothing to push; nothing to earn, nothing lost",results/realms/MUSCLES.csv
modelled muscle,Distribution / Specialized: Network Routing & Switching,capacity,congestion_control,yes,,,,,watch,,,"wrote nothing in any run: the native controller held the reading inside the band, the law never left its cushion and had nothing to push; nothing to earn, nothing lost",results/realms/MUSCLES.csv
modelled muscle,Distribution / Specialized: Network Routing & Switching,admission,egress_budget,yes,,,,,watch,,,"wrote nothing in any run: the native controller held the reading inside the band, the law never left its cushion and had nothing to push; nothing to earn, nothing lost",results/realms/MUSCLES.csv
modelled muscle,Distribution / Specialized: Network Routing & Switching,admission,ingress_budget,yes,,,,,watch,,,"wrote nothing in any run: the native controller held the reading inside the band, the law never left its cushion and had nothing to push; nothing to earn, nothing lost",results/realms/MUSCLES.csv
modelled muscle,Distribution / Specialized: Network Routing & Switching,setpoint,ecmp_weight,yes,,,,,watch,,,"wrote nothing in any run: the native controller held the reading inside the band, the law never left its cushion and had nothing to push; nothing to earn, nothing lost",results/realms/MUSCLES.csv
modelled muscle,Distribution / Specialized: Network Routing & Switching,capacity,path_selection,yes,,,,,watch,,,"wrote nothing in any run: the native controller held the reading inside the band, the law never left its cushion and had nothing to push; nothing to earn, nothing lost",results/realms/MUSCLES.csv
modelled muscle,Distribution / Specialized: Network Routing & Switching,admission,network_isolation,yes,,,,,watch,,,"wrote nothing in any run: the native controller held the reading inside the band, the law never left its cushion and had nothing to push; nothing to earn, nothing lost",results/realms/MUSCLES.csv
modelled muscle,Distribution / Specialized: Observability & Telemetry,capacity,collector_memory_limit,yes,,,,,watch,,,"wrote nothing in any run: the native controller held the reading inside the band, the law never left its cushion and had nothing to push; nothing to earn, nothing lost",results/realms/MUSCLES.csv
modelled muscle,Distribution / Specialized: Observability & Telemetry,admission,export_concurrency,yes,,,,,watch,,,"wrote nothing in any run: the native controller held the reading inside the band, the law never left its cushion and had nothing to push; nothing to earn, nothing lost",results/realms/MUSCLES.csv
modelled muscle,Distribution / Specialized: Observability & Telemetry,admission,cardinality_budget,yes,,,,,watch,,,"wrote nothing in any run: the native controller held the reading inside the band, the law never left its cushion and had nothing to push; nothing to earn, nothing lost",results/realms/MUSCLES.csv
modelled muscle,Distribution / Specialized: Observability & Telemetry,setpoint,retention_window,yes,,,,,watch,,,"wrote nothing in any run: the native controller held the reading inside the band, the law never left its cushion and had nothing to push; nothing to earn, nothing lost",results/realms/MUSCLES.csv
modelled muscle,Distribution / Specialized: Observability & Telemetry,capacity,remote_write_queue,yes,,,,,watch,,,"wrote nothing in any run: the native controller held the reading inside the band, the law never left its cushion and had nothing to push; nothing to earn, nothing lost",results/realms/MUSCLES.csv
modelled muscle,Distribution / Specialized: Observability & Telemetry,admission,telemetry_shed,yes,,,,,watch,,,"wrote nothing in any run: the native controller held the reading inside the band, the law never left its cushion and had nothing to push; nothing to earn, nothing lost",results/realms/MUSCLES.csv
modelled muscle,"Distribution / Specialized: Reliability, Security & Recovery",capacity,restart,yes,,,,,watch,,,"wrote nothing in any run: the native controller held the reading inside the band, the law never left its cushion and had nothing to push; nothing to earn, nothing lost",results/realms/MUSCLES.csv
modelled muscle,"Distribution / Specialized: Reliability, Security & Recovery",capacity,rollback,yes,,,,,watch,,,"wrote nothing in any run: the native controller held the reading inside the band, the law never left its cushion and had nothing to push; nothing to earn, nothing lost",results/realms/MUSCLES.csv
modelled muscle,"Distribution / Specialized: Reliability, Security & Recovery",capacity,traffic_divert_recovery,yes,,,,,watch,,,"wrote nothing in any run: the native controller held the reading inside the band, the law never left its cushion and had nothing to push; nothing to earn, nothing lost",results/realms/MUSCLES.csv
modelled muscle,"Distribution / Specialized: Reliability, Security & Recovery",capacity,degraded_mode,yes,,,,,watch,,,"wrote nothing in any run: the native controller held the reading inside the band, the law never left its cushion and had nothing to push; nothing to earn, nothing lost",results/realms/MUSCLES.csv
modelled muscle,"Distribution / Specialized: Reliability, Security & Recovery",admission,actuator_freeze,yes,,,,,watch,,,"wrote nothing in any run: the native controller held the reading inside the band, the law never left its cushion and had nothing to push; nothing to earn, nothing lost",results/realms/MUSCLES.csv
modelled muscle,"Distribution / Specialized: Reliability, Security & Recovery",admission,workload_isolate,yes,,,,,watch,,,"wrote nothing in any run: the native controller held the reading inside the band, the law never left its cushion and had nothing to push; nothing to earn, nothing lost",results/realms/MUSCLES.csv
modelled muscle,"Distribution / Specialized: Reliability, Security & Recovery",admission,credential_rotation_gate,yes,,,,,watch,,,"wrote nothing in any run: the native controller held the reading inside the band, the law never left its cushion and had nothing to push; nothing to earn, nothing lost",results/realms/MUSCLES.csv
modelled muscle,"Distribution / Specialized: Reliability, Security & Recovery",capacity,policy_enforcement,yes,,,,,watch,,,"wrote nothing in any run: the native controller held the reading inside the band, the law never left its cushion and had nothing to push; nothing to earn, nothing lost",results/realms/MUSCLES.csv
modelled muscle,"Distribution / Specialized: Reliability, Security & Recovery",admission,rate_abuse_gate,yes,,,,,watch,,,"wrote nothing in any run: the native controller held the reading inside the band, the law never left its cushion and had nothing to push; nothing to earn, nothing lost",results/realms/MUSCLES.csv
modelled muscle,"Distribution / Specialized: Reliability, Security & Recovery",admission,fault_domain_isolate,yes,,,,,watch,,,"wrote nothing in any run: the native controller held the reading inside the band, the law never left its cushion and had nothing to push; nothing to earn, nothing lost",results/realms/MUSCLES.csv
modelled muscle,"Distribution / Specialized: Reliability, Security & Recovery",capacity,backup_trigger,yes,,,,,watch,,,"wrote nothing in any run: the native controller held the reading inside the band, the law never left its cushion and had nothing to push; nothing to earn, nothing lost",results/realms/MUSCLES.csv
modelled muscle,"Distribution / Specialized: Reliability, Security & Recovery",admission,kill_switch,yes,,,,,watch,,,"wrote nothing in any run: the native controller held the reading inside the band, the law never left its cushion and had nothing to push; nothing to earn, nothing lost",results/realms/MUSCLES.csv
modelled muscle,Distribution / Specialized: Runtime & Application,capacity,worker_count,yes,,,,,watch,,,"wrote nothing in any run: the native controller held the reading inside the band, the law never left its cushion and had nothing to push; nothing to earn, nothing lost",results/realms/MUSCLES.csv
modelled muscle,Distribution / Specialized: Runtime & Application,capacity,thread_pool,yes,,,,,watch,,,"wrote nothing in any run: the native controller held the reading inside the band, the law never left its cushion and had nothing to push; nothing to earn, nothing lost",results/realms/MUSCLES.csv
modelled muscle,Distribution / Specialized: Runtime & Application,capacity,jvm_heap,yes,,,,,watch,,,"wrote nothing in any run: the native controller held the reading inside the band, the law never left its cushion and had nothing to push; nothing to earn, nothing lost",results/realms/MUSCLES.csv
modelled muscle,Distribution / Specialized: Runtime & Application,admission,gc_budget,yes,,,,,watch,,,"wrote nothing in any run: the native controller held the reading inside the band, the law never left its cushion and had nothing to push; nothing to earn, nothing lost",results/realms/MUSCLES.csv
modelled muscle,Distribution / Specialized: Runtime & Application,capacity,connection_pool_runtime,yes,,,,,watch,,,"wrote nothing in any run: the native controller held the reading inside the band, the law never left its cushion and had nothing to push; nothing to earn, nothing lost",results/realms/MUSCLES.csv
modelled muscle,Distribution / Specialized: Runtime & Application,capacity,application_cache_size,yes,,,,,watch,,,"wrote nothing in any run: the native controller held the reading inside the band, the law never left its cushion and had nothing to push; nothing to earn, nothing lost",results/realms/MUSCLES.csv
modelled muscle,Distribution / Specialized: Runtime & Application,capacity,runtime_memory,yes,,,,,watch,,,"wrote nothing in any run: the native controller held the reading inside the band, the law never left its cushion and had nothing to push; nothing to earn, nothing lost",results/realms/MUSCLES.csv
modelled muscle,Distribution / Specialized: Runtime & Application,admission,async_concurrency,yes,,,,,watch,,,"wrote nothing in any run: the native controller held the reading inside the band, the law never left its cushion and had nothing to push; nothing to earn, nothing lost",results/realms/MUSCLES.csv
modelled muscle,Distribution / Specialized: Runtime & Application,capacity,event_loop_workers,yes,,,,,watch,,,"wrote nothing in any run: the native controller held the reading inside the band, the law never left its cushion and had nothing to push; nothing to earn, nothing lost",results/realms/MUSCLES.csv
modelled muscle,Distribution / Specialized: Runtime & Application,capacity,process_count,yes,,,,,watch,,,"wrote nothing in any run: the native controller held the reading inside the band, the law never left its cushion and had nothing to push; nothing to earn, nothing lost",results/realms/MUSCLES.csv
modelled muscle,Distribution / Specialized: Runtime & Application,admission,request_timeout,yes,,,,,watch,,,"wrote nothing in any run: the native controller held the reading inside the band, the law never left its cushion and had nothing to push; nothing to earn, nothing lost",results/realms/MUSCLES.csv
modelled muscle,Distribution / Specialized: Runtime & Application,capacity,background_workers,yes,,,,,watch,,,"wrote nothing in any run: the native controller held the reading inside the band, the law never left its cushion and had nothing to push; nothing to earn, nothing lost",results/realms/MUSCLES.csv
modelled muscle,Distribution / Specialized: Runtime & Application,admission,runtime_cpu_budget,yes,,,,,watch,,,"wrote nothing in any run: the native controller held the reading inside the band, the law never left its cushion and had nothing to push; nothing to earn, nothing lost",results/realms/MUSCLES.csv
modelled muscle,Distribution / Specialized: Runtime & Application,admission,runtime_io_budget,yes,,,,,watch,,,"wrote nothing in any run: the native controller held the reading inside the band, the law never left its cushion and had nothing to push; nothing to earn, nothing lost",results/realms/MUSCLES.csv
modelled muscle,Distribution / Specialized: Runtime & Application,capacity,runtime_restart,yes,,,,,watch,,,"wrote nothing in any run: the native controller held the reading inside the band, the law never left its cushion and had nothing to push; nothing to earn, nothing lost",results/realms/MUSCLES.csv
modelled muscle,"Distribution / Specialized: Search, Indexing & Vector DB",capacity,index_workers,yes,,,,,watch,,,"wrote nothing in any run: the native controller held the reading inside the band, the law never left its cushion and had nothing to push; nothing to earn, nothing lost",results/realms/MUSCLES.csv
modelled muscle,"Distribution / Specialized: Search, Indexing & Vector DB",capacity,index_refresh_rate,yes,,,,,watch,,,"wrote nothing in any run: the native controller held the reading inside the band, the law never left its cushion and had nothing to push; nothing to earn, nothing lost",results/realms/MUSCLES.csv
modelled muscle,"Distribution / Specialized: Search, Indexing & Vector DB",capacity,segment_merge_rate,yes,,,,,watch,,,"wrote nothing in any run: the native controller held the reading inside the band, the law never left its cushion and had nothing to push; nothing to earn, nothing lost",results/realms/MUSCLES.csv
modelled muscle,"Distribution / Specialized: Search, Indexing & Vector DB",admission,search_concurrency,yes,,,,,watch,,,"wrote nothing in any run: the native controller held the reading inside the band, the law never left its cushion and had nothing to push; nothing to earn, nothing lost",results/realms/MUSCLES.csv
modelled muscle,"Distribution / Specialized: Search, Indexing & Vector DB",admission,search_timeout,yes,,,,,watch,,,"wrote nothing in any run: the native controller held the reading inside the band, the law never left its cushion and had nothing to push; nothing to earn, nothing lost",results/realms/MUSCLES.csv
modelled muscle,"Distribution / Specialized: Search, Indexing & Vector DB",capacity,shard_count,yes,,,,,watch,,,"wrote nothing in any run: the native controller held the reading inside the band, the law never left its cushion and had nothing to push; nothing to earn, nothing lost",results/realms/MUSCLES.csv
modelled muscle,"Distribution / Specialized: Search, Indexing & Vector DB",capacity,shard_replication,yes,,,,,watch,,,"wrote nothing in any run: the native controller held the reading inside the band, the law never left its cushion and had nothing to push; nothing to earn, nothing lost",results/realms/MUSCLES.csv
modelled muscle,"Distribution / Specialized: Search, Indexing & Vector DB",capacity,shard_rebalance,yes,,,,,watch,,,"wrote nothing in any run: the native controller held the reading inside the band, the law never left its cushion and had nothing to push; nothing to earn, nothing lost",results/realms/MUSCLES.csv
modelled muscle,"Distribution / Specialized: Search, Indexing & Vector DB",capacity,vector_search_k,yes,,,,,watch,,,"wrote nothing in any run: the native controller held the reading inside the band, the law never left its cushion and had nothing to push; nothing to earn, nothing lost",results/realms/MUSCLES.csv
modelled muscle,"Distribution / Specialized: Search, Indexing & Vector DB",capacity,vector_batch_size,yes,,,,,watch,,,"wrote nothing in any run: the native controller held the reading inside the band, the law never left its cushion and had nothing to push; nothing to earn, nothing lost",results/realms/MUSCLES.csv
modelled muscle,"Distribution / Specialized: Search, Indexing & Vector DB",capacity,embedding_workers,yes,,,,,watch,,,"wrote nothing in any run: the native controller held the reading inside the band, the law never left its cushion and had nothing to push; nothing to earn, nothing lost",results/realms/MUSCLES.csv
modelled muscle,"Distribution / Specialized: Search, Indexing & Vector DB",admission,index_memory_budget,yes,,,,,watch,,,"wrote nothing in any run: the native controller held the reading inside the band, the law never left its cushion and had nothing to push; nothing to earn, nothing lost",results/realms/MUSCLES.csv
modelled muscle,"Distribution / Specialized: Search, Indexing & Vector DB",capacity,query_route,yes,,,,,watch,,,"wrote nothing in any run: the native controller held the reading inside the band, the law never left its cushion and had nothing to push; nothing to earn, nothing lost",results/realms/MUSCLES.csv
modelled muscle,"Distribution / Specialized: Search, Indexing & Vector DB",admission,hot_shard_isolation,yes,,,,,watch,,,"wrote nothing in any run: the native controller held the reading inside the band, the law never left its cushion and had nothing to push; nothing to earn, nothing lost",results/realms/MUSCLES.csv
modelled muscle,"Distribution / Specialized: Search, Indexing & Vector DB",admission,search_admission,yes,,,,,watch,,,"wrote nothing in any run: the native controller held the reading inside the band, the law never left its cushion and had nothing to push; nothing to earn, nothing lost",results/realms/MUSCLES.csv
modelled muscle,Distribution / Specialized: Service Mesh & API Reliability,admission,circuit_breaker,yes,,,,,watch,,,"wrote nothing in any run: the native controller held the reading inside the band, the law never left its cushion and had nothing to push; nothing to earn, nothing lost",results/realms/MUSCLES.csv
modelled muscle,Distribution / Specialized: Service Mesh & API Reliability,admission,retry_budget,yes,,,,,watch,,,"wrote nothing in any run: the native controller held the reading inside the band, the law never left its cushion and had nothing to push; nothing to earn, nothing lost",results/realms/MUSCLES.csv
modelled muscle,Distribution / Specialized: Service Mesh & API Reliability,admission,service_timeout,yes,,,,,watch,,,"wrote nothing in any run: the native controller held the reading inside the band, the law never left its cushion and had nothing to push; nothing to earn, nothing lost",results/realms/MUSCLES.csv
modelled muscle,Distribution / Specialized: Service Mesh & API Reliability,admission,service_concurrency,yes,,,,,watch,,,"wrote nothing in any run: the native controller held the reading inside the band, the law never left its cushion and had nothing to push; nothing to earn, nothing lost",results/realms/MUSCLES.csv
modelled muscle,Distribution / Specialized: Service Mesh & API Reliability,capacity,connection_pool,yes,,,,,watch,,,"wrote nothing in any run: the native controller held the reading inside the band, the law never left its cushion and had nothing to push; nothing to earn, nothing lost",results/realms/MUSCLES.csv
modelled muscle,Distribution / Specialized: Service Mesh & API Reliability,capacity,traffic_divert,yes,,,,,watch,,,"wrote nothing in any run: the native controller held the reading inside the band, the law never left its cushion and had nothing to push; nothing to earn, nothing lost",results/realms/MUSCLES.csv
modelled muscle,Distribution / Specialized: Service Mesh & API Reliability,capacity,traffic_mirror,yes,,,,,watch,,,"wrote nothing in any run: the native controller held the reading inside the band, the law never left its cushion and had nothing to push; nothing to earn, nothing lost",results/realms/MUSCLES.csv
modelled muscle,Distribution / Specialized: Service Mesh & API Reliability,setpoint,canary_weight,yes,,,,,watch,,,"wrote nothing in any run: the native controller held the reading inside the band, the law never left its cushion and had nothing to push; nothing to earn, nothing lost",results/realms/MUSCLES.csv
modelled muscle,Distribution / Specialized: Service Mesh & API Reliability,admission,outlier_ejection,yes,,,,,watch,,,"wrote nothing in any run: the native controller held the reading inside the band, the law never left its cushion and had nothing to push; nothing to earn, nothing lost",results/realms/MUSCLES.csv
modelled muscle,Distribution / Specialized: Service Mesh & API Reliability,admission,health_threshold,yes,,,,,watch,,,"wrote nothing in any run: the native controller held the reading inside the band, the law never left its cushion and had nothing to push; nothing to earn, nothing lost",results/realms/MUSCLES.csv
modelled muscle,Distribution / Specialized: Service Mesh & API Reliability,setpoint,dns_traffic_weight,yes,,,,,watch,,,"wrote nothing in any run: the native controller held the reading inside the band, the law never left its cushion and had nothing to push; nothing to earn, nothing lost",results/realms/MUSCLES.csv
modelled muscle,Distribution / Specialized: Service Mesh & API Reliability,capacity,session_affinity,yes,,,,,watch,,,"wrote nothing in any run: the native controller held the reading inside the band, the law never left its cushion and had nothing to push; nothing to earn, nothing lost",results/realms/MUSCLES.csv
modelled muscle,Distribution / Specialized: Service Mesh & API Reliability,capacity,request_hedging,yes,,,,,watch,,,"wrote nothing in any run: the native controller held the reading inside the band, the law never left its cushion and had nothing to push; nothing to earn, nothing lost",results/realms/MUSCLES.csv
modelled muscle,Distribution / Specialized: Service Mesh & API Reliability,admission,fault_injection_gate,yes,,,,,watch,,,"wrote nothing in any run: the native controller held the reading inside the band, the law never left its cushion and had nothing to push; nothing to earn, nothing lost",results/realms/MUSCLES.csv
modelled muscle,Distribution / Specialized: Service Mesh & API Reliability,capacity,service_failover,yes,,,,,watch,,,"wrote nothing in any run: the native controller held the reading inside the band, the law never left its cushion and had nothing to push; nothing to earn, nothing lost",results/realms/MUSCLES.csv
modelled muscle,Distribution / Specialized: Storage Block/File/Object,capacity,volume_size,yes,,,,,watch,,,"wrote nothing in any run: the native controller held the reading inside the band, the law never left its cushion and had nothing to push; nothing to earn, nothing lost",results/realms/MUSCLES.csv
modelled muscle,Distribution / Specialized: Storage Block/File/Object,capacity,iops_limit,yes,,,,,watch,,,"wrote nothing in any run: the native controller held the reading inside the band, the law never left its cushion and had nothing to push; nothing to earn, nothing lost",results/realms/MUSCLES.csv
modelled muscle,Distribution / Specialized: Storage Block/File/Object,capacity,throughput_limit,yes,,,,,watch,,,"wrote nothing in any run: the native controller held the reading inside the band, the law never left its cushion and had nothing to push; nothing to earn, nothing lost",results/realms/MUSCLES.csv
modelled muscle,Distribution / Specialized: Storage Block/File/Object,capacity,replica_count,yes,,,,,watch,,,"wrote nothing in any run: the native controller held the reading inside the band, the law never left its cushion and had nothing to push; nothing to earn, nothing lost",results/realms/MUSCLES.csv
modelled muscle,Distribution / Specialized: Storage Block/File/Object,capacity,storage_tier,yes,,,,,watch,,,"wrote nothing in any run: the native controller held the reading inside the band, the law never left its cushion and had nothing to push; nothing to earn, nothing lost",results/realms/MUSCLES.csv
modelled muscle,Distribution / Specialized: Storage Block/File/Object,capacity,volume_placement,yes,,,,,watch,,,"wrote nothing in any run: the native controller held the reading inside the band, the law never left its cushion and had nothing to push; nothing to earn, nothing lost",results/realms/MUSCLES.csv
modelled muscle,Distribution / Specialized: Storage Block/File/Object,capacity,snapshot_trigger,yes,,,,,watch,,,"wrote nothing in any run: the native controller held the reading inside the band, the law never left its cushion and had nothing to push; nothing to earn, nothing lost",results/realms/MUSCLES.csv
modelled muscle,Distribution / Specialized: Storage Block/File/Object,capacity,rebalance,yes,,,,,watch,,,"wrote nothing in any run: the native controller held the reading inside the band, the law never left its cushion and had nothing to push; nothing to earn, nothing lost",results/realms/MUSCLES.csv
modelled muscle,Distribution / Specialized: Storage Block/File/Object,capacity,recovery_rate,yes,,,,,watch,,,"wrote nothing in any run: the native controller held the reading inside the band, the law never left its cushion and had nothing to push; nothing to earn, nothing lost",results/realms/MUSCLES.csv
modelled muscle,Distribution / Specialized: Storage Block/File/Object,capacity,backfill_rate,yes,,,,,watch,,,"wrote nothing in any run: the native controller held the reading inside the band, the law never left its cushion and had nothing to push; nothing to earn, nothing lost",results/realms/MUSCLES.csv
modelled muscle,Distribution / Specialized: Storage Block/File/Object,capacity,compaction_pressure,yes,,,,,watch,,,"wrote nothing in any run: the native controller held the reading inside the band, the law never left its cushion and had nothing to push; nothing to earn, nothing lost",results/realms/MUSCLES.csv
modelled muscle,Distribution / Specialized: Storage Block/File/Object,capacity,cache_allocation,yes,,,,,watch,,,"wrote nothing in any run: the native controller held the reading inside the band, the law never left its cushion and had nothing to push; nothing to earn, nothing lost",results/realms/MUSCLES.csv
modelled muscle,Distribution / Specialized: Storage Block/File/Object,capacity,object_replication,yes,,,,,watch,,,"wrote nothing in any run: the native controller held the reading inside the band, the law never left its cushion and had nothing to push; nothing to earn, nothing lost",results/realms/MUSCLES.csv
modelled muscle,Distribution / Specialized: Storage Block/File/Object,capacity,erasure_code_profile,yes,,,,,watch,,,"wrote nothing in any run: the native controller held the reading inside the band, the law never left its cushion and had nothing to push; nothing to earn, nothing lost",results/realms/MUSCLES.csv
modelled muscle,Distribution / Specialized: Storage Block/File/Object,admission,storage_admission,yes,,,,,watch,,,"wrote nothing in any run: the native controller held the reading inside the band, the law never left its cushion and had nothing to push; nothing to earn, nothing lost",results/realms/MUSCLES.csv
modelled muscle,Distribution / Specialized: Storage Block/File/Object,admission,degraded_storage_gate,yes,,,,,watch,,,"wrote nothing in any run: the native controller held the reading inside the band, the law never left its cushion and had nothing to push; nothing to earn, nothing lost",results/realms/MUSCLES.csv
modelled muscle,Distribution / Specialized: Telecom RAN & Edge Radio,admission,ran_connection_admission,yes,,,,,watch,,,"wrote nothing in any run: the native controller held the reading inside the band, the law never left its cushion and had nothing to push; nothing to earn, nothing lost",results/realms/MUSCLES.csv
modelled muscle,Distribution / Specialized: Telecom RAN & Edge Radio,capacity,ran_ue_handover,yes,,,,,watch,,,"wrote nothing in any run: the native controller held the reading inside the band, the law never left its cushion and had nothing to push; nothing to earn, nothing lost",results/realms/MUSCLES.csv
modelled muscle,Distribution / Specialized: Telecom RAN & Edge Radio,capacity,ran_cell_traffic_steering,yes,,,,,watch,,,"wrote nothing in any run: the native controller held the reading inside the band, the law never left its cushion and had nothing to push; nothing to earn, nothing lost",results/realms/MUSCLES.csv
modelled muscle,Distribution / Specialized: Telecom RAN & Edge Radio,admission,ran_slice_resource_budget,yes,,,,,watch,,,"wrote nothing in any run: the native controller held the reading inside the band, the law never left its cushion and had nothing to push; nothing to earn, nothing lost",results/realms/MUSCLES.csv
modelled muscle,Distribution / Specialized: Telecom RAN & Edge Radio,capacity,ran_prb_allocation,yes,,,,,watch,,,"wrote nothing in any run: the native controller held the reading inside the band, the law never left its cushion and had nothing to push; nothing to earn, nothing lost",results/realms/MUSCLES.csv
modelled muscle,Distribution / Specialized: Telecom RAN & Edge Radio,setpoint,ran_scheduler_weight,yes,,,,,watch,,,"wrote nothing in any run: the native controller held the reading inside the band, the law never left its cushion and had nothing to push; nothing to earn, nothing lost",results/realms/MUSCLES.csv
modelled muscle,Distribution / Specialized: Telecom RAN & Edge Radio,power,ran_tx_power,yes,,,,,write,,,"work per energy +1.2% (+1.1% to +1.4%), work -0.0%, violations -0.08 pp, guardrails held",results/realms/MUSCLES.csv
modelled muscle,Distribution / Specialized: Telecom RAN & Edge Radio,capacity,ran_antenna_tilt,yes,,,,,watch,,,"wrote nothing in any run: the native controller held the reading inside the band, the law never left its cushion and had nothing to push; nothing to earn, nothing lost",results/realms/MUSCLES.csv
modelled muscle,Distribution / Specialized: Telecom RAN & Edge Radio,capacity,ran_carrier_enable,yes,,,,,watch,,,"wrote nothing in any run: the native controller held the reading inside the band, the law never left its cushion and had nothing to push; nothing to earn, nothing lost",results/realms/MUSCLES.csv
modelled muscle,Distribution / Specialized: Telecom RAN & Edge Radio,capacity,ran_cell_sleep,yes,,,,,watch,,,"wrote nothing in any run: the native controller held the reading inside the band, the law never left its cushion and had nothing to push; nothing to earn, nothing lost",results/realms/MUSCLES.csv
modelled muscle,Distribution / Specialized: Telecom RAN & Edge Radio,capacity,ran_du_cu_placement,yes,,,,,watch,,,"wrote nothing in any run: the native controller held the reading inside the band, the law never left its cushion and had nothing to push; nothing to earn, nothing lost",results/realms/MUSCLES.csv
modelled muscle,Distribution / Specialized: Telecom RAN & Edge Radio,admission,ran_fronthaul_budget,yes,,,,,watch,,,"wrote nothing in any run: the native controller held the reading inside the band, the law never left its cushion and had nothing to push; nothing to earn, nothing lost",results/realms/MUSCLES.csv
modelled muscle,"Distribution / Specialized: Workflow, Logistics & Fulfillment",admission,workflow_admission,yes,,,,,watch,,,"wrote nothing in any run: the native controller held the reading inside the band, the law never left its cushion and had nothing to push; nothing to earn, nothing lost",results/realms/MUSCLES.csv
modelled muscle,"Distribution / Specialized: Workflow, Logistics & Fulfillment",capacity,workflow_worker_rate,yes,,,,,watch,,,"wrote nothing in any run: the native controller held the reading inside the band, the law never left its cushion and had nothing to push; nothing to earn, nothing lost",results/realms/MUSCLES.csv
modelled muscle,"Distribution / Specialized: Workflow, Logistics & Fulfillment",capacity,task_queue_rate,yes,,,,,watch,,,"wrote nothing in any run: the native controller held the reading inside the band, the law never left its cushion and had nothing to push; nothing to earn, nothing lost",results/realms/MUSCLES.csv
modelled muscle,"Distribution / Specialized: Workflow, Logistics & Fulfillment",admission,workflow_retry,yes,,,,,watch,,,"wrote nothing in any run: the native controller held the reading inside the band, the law never left its cushion and had nothing to push; nothing to earn, nothing lost",results/realms/MUSCLES.csv
modelled muscle,"Distribution / Specialized: Workflow, Logistics & Fulfillment",admission,workflow_backoff,yes,,,,,watch,,,"wrote nothing in any run: the native controller held the reading inside the band, the law never left its cushion and had nothing to push; nothing to earn, nothing lost",results/realms/MUSCLES.csv
modelled muscle,"Distribution / Specialized: Workflow, Logistics & Fulfillment",admission,workflow_timeout,yes,,,,,watch,,,"wrote nothing in any run: the native controller held the reading inside the band, the law never left its cushion and had nothing to push; nothing to earn, nothing lost",results/realms/MUSCLES.csv
modelled muscle,"Distribution / Specialized: Workflow, Logistics & Fulfillment",capacity,inventory_allocation,yes,,,,,watch,,,"wrote nothing in any run: the native controller held the reading inside the band, the law never left its cushion and had nothing to push; nothing to earn, nothing lost",results/realms/MUSCLES.csv
modelled muscle,"Distribution / Specialized: Workflow, Logistics & Fulfillment",capacity,fulfillment_route,yes,,,,,watch,,,"wrote nothing in any run: the native controller held the reading inside the band, the law never left its cushion and had nothing to push; nothing to earn, nothing lost",results/realms/MUSCLES.csv
modelled muscle,"Distribution / Specialized: Workflow, Logistics & Fulfillment",capacity,warehouse_queue,yes,,,,,watch,,,"wrote nothing in any run: the native controller held the reading inside the band, the law never left its cushion and had nothing to push; nothing to earn, nothing lost",results/realms/MUSCLES.csv
modelled muscle,"Distribution / Specialized: Workflow, Logistics & Fulfillment",capacity,carrier_selection,yes,,,,,watch,,,"wrote nothing in any run: the native controller held the reading inside the band, the law never left its cushion and had nothing to push; nothing to earn, nothing lost",results/realms/MUSCLES.csv
modelled muscle,"Distribution / Specialized: Workflow, Logistics & Fulfillment",admission,dispatch_priority,yes,,,,,watch,,,"wrote nothing in any run: the native controller held the reading inside the band, the law never left its cushion and had nothing to push; nothing to earn, nothing lost",results/realms/MUSCLES.csv
modelled muscle,"Distribution / Specialized: Workflow, Logistics & Fulfillment",capacity,shipment_batch,yes,,,,,watch,,,"wrote nothing in any run: the native controller held the reading inside the band, the law never left its cushion and had nothing to push; nothing to earn, nothing lost",results/realms/MUSCLES.csv
modelled muscle,"Distribution / Specialized: Workflow, Logistics & Fulfillment",capacity,route_replan,yes,,,,,watch,,,"wrote nothing in any run: the native controller held the reading inside the band, the law never left its cushion and had nothing to push; nothing to earn, nothing lost",results/realms/MUSCLES.csv
modelled muscle,"Distribution / Specialized: Workflow, Logistics & Fulfillment",capacity,sla_escalation,yes,,,,,watch,,,"wrote nothing in any run: the native controller held the reading inside the band, the law never left its cushion and had nothing to push; nothing to earn, nothing lost",results/realms/MUSCLES.csv
modelled muscle,"Distribution / Specialized: Workflow, Logistics & Fulfillment",capacity,compensation_action,yes,,,,,watch,,,"wrote nothing in any run: the native controller held the reading inside the band, the law never left its cushion and had nothing to push; nothing to earn, nothing lost",results/realms/MUSCLES.csv
modelled muscle,Energy / Facility / Industrial: Building & Critical Environment HVAC,setpoint,zone_temperature_target,yes,,,,,write,,,"work per energy +5.0% (+4.8% to +5.1%), work +0.0%, violations +0.00 pp, guardrails held; a fixed setpoint at the band's calm end gave +13.9% within the same guardrails: the gain is the band's, and an operator may fix the setpoint instead of wiring in",results/realms/MUSCLES.csv
modelled muscle,Energy / Facility / Industrial: Building & Critical Environment HVAC,capacity,zone_airflow,yes,,,,,watch,,,"wrote 1 times a run with no measurable change in work per energy (+0.0%, +0.0% to +0.0%): the interval includes zero, so nothing is claimed either way",results/realms/MUSCLES.csv
modelled muscle,Energy / Facility / Industrial: Building & Critical Environment HVAC,capacity,ahu_fan_speed,yes,,,,,watch,,,"wrote 1 times a run with no measurable change in work per energy (+0.0%, +0.0% to +0.0%): the interval includes zero, so nothing is claimed either way",results/realms/MUSCLES.csv
modelled muscle,Energy / Facility / Industrial: Building & Critical Environment HVAC,capacity,damper_position,yes,,,,,watch,,,"wrote 1 times a run with no measurable change in work per energy (+0.0%, -0.0% to +0.0%): the interval includes zero, so nothing is claimed either way",results/realms/MUSCLES.csv
modelled muscle,Energy / Facility / Industrial: Building & Critical Environment HVAC,capacity,economizer_position,yes,,,,,watch,,,"wrote 1 times a run with no measurable change in work per energy (+0.0%, -0.0% to +0.0%): the interval includes zero, so nothing is claimed either way",results/realms/MUSCLES.csv
modelled muscle,Energy / Facility / Industrial: Building & Critical Environment HVAC,setpoint,boiler_setpoint,yes,,,,,write,,,"work per energy +4.8% (+4.6% to +5.0%), work +0.0%, violations +0.00 pp, guardrails held; a fixed setpoint at the band's calm end gave +13.2% within the same guardrails: the gain is the band's, and an operator may fix the setpoint instead of wiring in",results/realms/MUSCLES.csv
modelled muscle,Energy / Facility / Industrial: Building & Critical Environment HVAC,admission,heat_pump_mode,yes,,,,,watch,,,"wrote nothing in any run: the native controller held the reading inside the band, the law never left its cushion and had nothing to push; nothing to earn, nothing lost",results/realms/MUSCLES.csv
modelled muscle,Energy / Facility / Industrial: Building & Critical Environment HVAC,setpoint,humidity_target,yes,,,,,write,,,"work per energy +5.0% (+4.8% to +5.2%), work +0.0%, violations +0.00 pp, guardrails held; a fixed setpoint at the band's calm end gave +13.7% within the same guardrails: the gain is the band's, and an operator may fix the setpoint instead of wiring in",results/realms/MUSCLES.csv
modelled muscle,Energy / Facility / Industrial: Building & Critical Environment HVAC,admission,occupancy_ventilation,yes,,,,,watch,,,"wrote nothing in any run: the native controller held the reading inside the band, the law never left its cushion and had nothing to push; nothing to earn, nothing lost",results/realms/MUSCLES.csv
modelled muscle,Energy / Facility / Industrial: Building & Critical Environment HVAC,power,building_demand_limit,yes,,,,,watch,,,"wrote nothing in any run: the native controller held the reading inside the band, the law never left its cushion and had nothing to push; nothing to earn, nothing lost",results/realms/MUSCLES.csv
modelled muscle,Energy / Facility / Industrial: Building & Critical Environment HVAC,capacity,thermal_storage_dispatch,yes,,,,,watch,,,"wrote 1 times a run with no measurable change in work per energy (+0.0%, -0.0% to +0.0%): the interval includes zero, so nothing is claimed either way",results/realms/MUSCLES.csv
modelled muscle,Energy / Facility / Industrial: Building & Critical Environment HVAC,admission,hvac_emergency_mode,yes,,,,,watch,,,"wrote nothing in any run: the native controller held the reading inside the band, the law never left its cushion and had nothing to push; nothing to earn, nothing lost",results/realms/MUSCLES.csv
modelled muscle,"Energy / Facility / Industrial: Cooling, Chillers & Thermodynamics",setpoint,supply_air_temperature,yes,,,,,write,,,"work per energy +1.8% (+1.8% to +1.8%), work +0.0%, violations +0.00 pp, guardrails held; a fixed setpoint at the band's calm end gave +9.6% within the same guardrails: the gain is the band's, and an operator may fix the setpoint instead of wiring in",results/realms/MUSCLES.csv
modelled muscle,"Energy / Facility / Industrial: Cooling, Chillers & Thermodynamics",setpoint,return_air_target,yes,,,,,write,,,"work per energy +1.8% (+1.8% to +1.8%), work +0.0%, violations +0.00 pp, guardrails held; a fixed setpoint at the band's calm end gave +9.6% within the same guardrails: the gain is the band's, and an operator may fix the setpoint instead of wiring in",results/realms/MUSCLES.csv
modelled muscle,"Energy / Facility / Industrial: Cooling, Chillers & Thermodynamics",setpoint,coolant_supply_temperature,yes,,,,,write,,,"work per energy +1.8% (+1.8% to +1.9%), work +0.0%, violations +0.00 pp, guardrails held; a fixed setpoint at the band's calm end gave +9.7% within the same guardrails: the gain is the band's, and an operator may fix the setpoint instead of wiring in",results/realms/MUSCLES.csv
modelled muscle,"Energy / Facility / Industrial: Cooling, Chillers & Thermodynamics",capacity,coolant_flow,yes,,,,,watch,,,"wrote nothing in any run: the native controller held the reading inside the band, the law never left its cushion and had nothing to push; nothing to earn, nothing lost",results/realms/MUSCLES.csv
modelled muscle,"Energy / Facility / Industrial: Cooling, Chillers & Thermodynamics",capacity,pump_speed,yes,,,,,watch,,,"wrote nothing in any run: the native controller held the reading inside the band, the law never left its cushion and had nothing to push; nothing to earn, nothing lost",results/realms/MUSCLES.csv
modelled muscle,"Energy / Facility / Industrial: Cooling, Chillers & Thermodynamics",capacity,fan_speed,yes,,,,,watch,,,"wrote nothing in any run: the native controller held the reading inside the band, the law never left its cushion and had nothing to push; nothing to earn, nothing lost",results/realms/MUSCLES.csv
modelled muscle,"Energy / Facility / Industrial: Cooling, Chillers & Thermodynamics",setpoint,chiller_setpoint,yes,,,,,write,,,"work per energy +1.8% (+1.8% to +1.8%), work +0.0%, violations +0.00 pp, guardrails held; a fixed setpoint at the band's calm end gave +9.7% within the same guardrails: the gain is the band's, and an operator may fix the setpoint instead of wiring in",results/realms/MUSCLES.csv
modelled muscle,"Energy / Facility / Industrial: Cooling, Chillers & Thermodynamics",power,compressor_authority,yes,,,,,watch,,,"wrote nothing in any run: the native controller held the reading inside the band, the law never left its cushion and had nothing to push; nothing to earn, nothing lost",results/realms/MUSCLES.csv
modelled muscle,"Energy / Facility / Industrial: Cooling, Chillers & Thermodynamics",capacity,cooling_tower_fan,yes,,,,,watch,,,"wrote nothing in any run: the native controller held the reading inside the band, the law never left its cushion and had nothing to push; nothing to earn, nothing lost",results/realms/MUSCLES.csv
modelled muscle,"Energy / Facility / Industrial: Cooling, Chillers & Thermodynamics",capacity,cooling_capacity,yes,,,,,watch,,,"wrote nothing in any run: the native controller held the reading inside the band, the law never left its cushion and had nothing to push; nothing to earn, nothing lost",results/realms/MUSCLES.csv
modelled muscle,"Energy / Facility / Industrial: Cooling, Chillers & Thermodynamics",power,rack_thermal_budget,yes,,,,,watch,,,"wrote nothing in any run: the native controller held the reading inside the band, the law never left its cushion and had nothing to push; nothing to earn, nothing lost",results/realms/MUSCLES.csv
modelled muscle,"Energy / Facility / Industrial: Cooling, Chillers & Thermodynamics",setpoint,gpu_thermal_envelope,yes,,,,,write,,,"work per energy +1.8% (+1.8% to +1.9%), work +0.0%, violations +0.00 pp, guardrails held; a fixed setpoint at the band's calm end gave +9.6% within the same guardrails: the gain is the band's, and an operator may fix the setpoint instead of wiring in",results/realms/MUSCLES.csv
modelled muscle,"Energy / Facility / Industrial: Cooling, Chillers & Thermodynamics",setpoint,cpu_thermal_envelope,yes,,,,,write,,,"work per energy +1.8% (+1.8% to +1.9%), work +0.0%, violations +0.00 pp, guardrails held; a fixed setpoint at the band's calm end gave +9.7% within the same guardrails: the gain is the band's, and an operator may fix the setpoint instead of wiring in",results/realms/MUSCLES.csv
modelled muscle,"Energy / Facility / Industrial: Cooling, Chillers & Thermodynamics",admission,thermal_workload_migrate,yes,,,,,watch,,,"wrote nothing in any run: the native controller held the reading inside the band, the law never left its cushion and had nothing to push; nothing to earn, nothing lost",results/realms/MUSCLES.csv
modelled muscle,"Energy / Facility / Industrial: Cooling, Chillers & Thermodynamics",admission,thermal_load_shed,yes,,,,,watch,,,"wrote nothing in any run: the native controller held the reading inside the band, the law never left its cushion and had nothing to push; nothing to earn, nothing lost",results/realms/MUSCLES.csv
modelled muscle,Energy / Facility / Industrial: Energy Storage & Microgrid,power,battery_charge_power,yes,,,,,watch,,,"wrote nothing in any run: the native controller held the reading inside the band, the law never left its cushion and had nothing to push; nothing to earn, nothing lost",results/realms/MUSCLES.csv
modelled muscle,Energy / Facility / Industrial: Energy Storage & Microgrid,power,battery_discharge_power,yes,,,,,watch,,,"wrote nothing in any run: the native controller held the reading inside the band, the law never left its cushion and had nothing to push; nothing to earn, nothing lost",results/realms/MUSCLES.csv
modelled muscle,Energy / Facility / Industrial: Energy Storage & Microgrid,setpoint,battery_soc_reserve,yes,,,,,operator's choice,,,"violations -1.40 pp (proven lower) at work per energy -0.2% (-0.2% to -0.2%): energy bought service (a battery's round trip, a plant held nearer its line); the operator's to take or leave",results/realms/MUSCLES.csv
modelled muscle,Energy / Facility / Industrial: Energy Storage & Microgrid,power,grid_import_limit,yes,,,,,watch,,,"wrote nothing in any run: the native controller held the reading inside the band, the law never left its cushion and had nothing to push; nothing to earn, nothing lost",results/realms/MUSCLES.csv
modelled muscle,Energy / Facility / Industrial: Energy Storage & Microgrid,power,grid_export_limit,yes,,,,,watch,,,"wrote nothing in any run: the native controller held the reading inside the band, the law never left its cushion and had nothing to push; nothing to earn, nothing lost",results/realms/MUSCLES.csv
modelled muscle,Energy / Facility / Industrial: Energy Storage & Microgrid,power,pv_curtailment,yes,,,,,watch,,,"wrote nothing in any run: the native controller held the reading inside the band, the law never left its cushion and had nothing to push; nothing to earn, nothing lost",results/realms/MUSCLES.csv
modelled muscle,Energy / Facility / Industrial: Energy Storage & Microgrid,power,ev_charge_power,yes,,,,,watch,,,"wrote nothing in any run: the native controller held the reading inside the band, the law never left its cushion and had nothing to push; nothing to earn, nothing lost",results/realms/MUSCLES.csv
modelled muscle,Energy / Facility / Industrial: Energy Storage & Microgrid,power,heat_pump_power,yes,,,,,watch,,,"wrote nothing in any run: the native controller held the reading inside the band, the law never left its cushion and had nothing to push; nothing to earn, nothing lost",results/realms/MUSCLES.csv
modelled muscle,Energy / Facility / Industrial: Energy Storage & Microgrid,power,electrolyzer_power,yes,,,,,watch,,,"wrote nothing in any run: the native controller held the reading inside the band, the law never left its cushion and had nothing to push; nothing to earn, nothing lost",results/realms/MUSCLES.csv
modelled muscle,Energy / Facility / Industrial: Energy Storage & Microgrid,power,microgrid_demand_limit,yes,,,,,watch,,,"wrote nothing in any run: the native controller held the reading inside the band, the law never left its cushion and had nothing to push; nothing to earn, nothing lost",results/realms/MUSCLES.csv
modelled muscle,Energy / Facility / Industrial: Energy Storage & Microgrid,capacity,peak_shaving,yes,,,,,watch,,,"wrote nothing in any run: the native controller held the reading inside the band, the law never left its cushion and had nothing to push; nothing to earn, nothing lost",results/realms/MUSCLES.csv
modelled muscle,Energy / Facility / Industrial: Energy Storage & Microgrid,setpoint,time_of_use_schedule,yes,,,,,operator's choice,,,"violations -1.39 pp (proven lower) at work per energy -0.2% (-0.2% to -0.2%): energy bought service (a battery's round trip, a plant held nearer its line); the operator's to take or leave",results/realms/MUSCLES.csv
modelled muscle,Energy / Facility / Industrial: Energy Storage & Microgrid,admission,energy_load_shed,yes,,,,,watch,,,"wrote nothing in any run: the native controller held the reading inside the band, the law never left its cushion and had nothing to push; nothing to earn, nothing lost",results/realms/MUSCLES.csv
modelled muscle,Energy / Facility / Industrial: Energy Storage & Microgrid,admission,flex_load_admission,yes,,,,,watch,,,"wrote nothing in any run: the native controller held the reading inside the band, the law never left its cushion and had nothing to push; nothing to earn, nothing lost",results/realms/MUSCLES.csv
modelled muscle,Energy / Facility / Industrial: Energy Storage & Microgrid,capacity,storage_dispatch,yes,,,,,watch,,,"wrote nothing in any run: the native controller held the reading inside the band, the law never left its cushion and had nothing to push; nothing to earn, nothing lost",results/realms/MUSCLES.csv
modelled muscle,Energy / Facility / Industrial: Energy Storage & Microgrid,setpoint,microgrid_emergency_reserve,yes,,,,,operator's choice,,,"violations -1.40 pp (proven lower) at work per energy -0.2% (-0.2% to -0.2%): energy bought service (a battery's round trip, a plant held nearer its line); the operator's to take or leave",results/realms/MUSCLES.csv
modelled muscle,Energy / Facility / Industrial: Facility & Grid Optimization,power,facility_power_budget,yes,,,,,watch,,,"wrote nothing in any run: the native controller held the reading inside the band, the law never left its cushion and had nothing to push; nothing to earn, nothing lost",results/realms/MUSCLES.csv
modelled muscle,Energy / Facility / Industrial: Facility & Grid Optimization,power,utility_demand_limit,yes,,,,,watch,,,"wrote nothing in any run: the native controller held the reading inside the band, the law never left its cushion and had nothing to push; nothing to earn, nothing lost",results/realms/MUSCLES.csv
modelled muscle,Energy / Facility / Industrial: Facility & Grid Optimization,admission,demand_response,yes,,,,,watch,,,"wrote nothing in any run: the native controller held the reading inside the band, the law never left its cushion and had nothing to push; nothing to earn, nothing lost",results/realms/MUSCLES.csv
modelled muscle,Energy / Facility / Industrial: Facility & Grid Optimization,admission,electricity_price_gate,yes,,,,,watch,,,"wrote nothing in any run: the native controller held the reading inside the band, the law never left its cushion and had nothing to push; nothing to earn, nothing lost",results/realms/MUSCLES.csv
modelled muscle,Energy / Facility / Industrial: Facility & Grid Optimization,admission,carbon_intensity_gate,yes,,,,,watch,,,"wrote nothing in any run: the native controller held the reading inside the band, the law never left its cushion and had nothing to push; nothing to earn, nothing lost",results/realms/MUSCLES.csv
modelled muscle,Energy / Facility / Industrial: Facility & Grid Optimization,capacity,renewable_dispatch,yes,,,,,watch,,,"wrote nothing in any run: the native controller held the reading inside the band, the law never left its cushion and had nothing to push; nothing to earn, nothing lost",results/realms/MUSCLES.csv
modelled muscle,Energy / Facility / Industrial: Facility & Grid Optimization,capacity,generator_start_stop,yes,,,,,watch,,,"wrote nothing in any run: the native controller held the reading inside the band, the law never left its cushion and had nothing to push; nothing to earn, nothing lost",results/realms/MUSCLES.csv
modelled muscle,Energy / Facility / Industrial: Facility & Grid Optimization,capacity,site_battery_dispatch,yes,,,,,watch,,,"wrote nothing in any run: the native controller held the reading inside the band, the law never left its cushion and had nothing to push; nothing to earn, nothing lost",results/realms/MUSCLES.csv
modelled muscle,Energy / Facility / Industrial: Facility & Grid Optimization,setpoint,pue_target,yes,,,,,operator's choice,,,"violations -0.81 pp (proven lower) at work per energy -0.1% (-0.1% to -0.1%): energy bought service (a battery's round trip, a plant held nearer its line); the operator's to take or leave",results/realms/MUSCLES.csv
modelled muscle,Energy / Facility / Industrial: Facility & Grid Optimization,power,cooling_power_budget,yes,,,,,watch,,,"wrote nothing in any run: the native controller held the reading inside the band, the law never left its cushion and had nothing to push; nothing to earn, nothing lost",results/realms/MUSCLES.csv
modelled muscle,Energy / Facility / Industrial: Facility & Grid Optimization,power,it_power_budget,yes,,,,,watch,,,"wrote nothing in any run: the native controller held the reading inside the band, the law never left its cushion and had nothing to push; nothing to earn, nothing lost",results/realms/MUSCLES.csv
modelled muscle,Energy / Facility / Industrial: Facility & Grid Optimization,power,rack_power_allocation,yes,,,,,watch,,,"wrote nothing in any run: the native controller held the reading inside the band, the law never left its cushion and had nothing to push; nothing to earn, nothing lost",results/realms/MUSCLES.csv
modelled muscle,Energy / Facility / Industrial: Facility & Grid Optimization,capacity,facility_peak_guard,yes,,,,,watch,,,"wrote nothing in any run: the native controller held the reading inside the band, the law never left its cushion and had nothing to push; nothing to earn, nothing lost",results/realms/MUSCLES.csv
modelled muscle,Energy / Facility / Industrial: Facility & Grid Optimization,admission,grid_frequency_response,yes,,,,,watch,,,"wrote nothing in any run: the native controller held the reading inside the band, the law never left its cushion and had nothing to push; nothing to earn, nothing lost",results/realms/MUSCLES.csv
modelled muscle,Energy / Facility / Industrial: Facility & Grid Optimization,admission,facility_islanding,yes,,,,,watch,,,"wrote nothing in any run: the native controller held the reading inside the band, the law never left its cushion and had nothing to push; nothing to earn, nothing lost",results/realms/MUSCLES.csv
modelled muscle,Energy / Facility / Industrial: Grid Transmission & Distribution,capacity,capacitor_bank_switch,yes,,,,,watch,,,"wrote 647 times a run with no measurable change in work per energy (+0.0%, +0.0% to +0.0%): the interval includes zero, so nothing is claimed either way",results/realms/MUSCLES.csv
modelled muscle,Energy / Facility / Industrial: Grid Transmission & Distribution,setpoint,voltage_regulator_tap,yes,,,,,write,,,"work per energy +2.2% (+2.2% to +2.3%), work +0.0%, violations +0.00 pp, guardrails held; a fixed setpoint at the calm end gave +2.8% but broke the service guardrail (energy improvement with service tradeoff): the moving hand is what keeps the service",results/realms/MUSCLES.csv
modelled muscle,Energy / Facility / Industrial: Grid Transmission & Distribution,setpoint,transformer_tap,yes,,,,,write,,,"work per energy +2.3% (+2.2% to +2.3%), work +0.0%, violations +0.00 pp, guardrails held; a fixed setpoint at the band's calm end gave +2.8% within the same guardrails: the gain is the band's, and an operator may fix the setpoint instead of wiring in",results/realms/MUSCLES.csv
modelled muscle,Energy / Facility / Industrial: Grid Transmission & Distribution,power,inverter_real_power,yes,,,,,watch,,,"wrote 648 times a run with no measurable change in work per energy (+0.0%, +0.0% to +0.0%): the interval includes zero, so nothing is claimed either way",results/realms/MUSCLES.csv
modelled muscle,Energy / Facility / Industrial: Grid Transmission & Distribution,power,inverter_reactive_power,yes,,,,,watch,,,"wrote 647 times a run with no measurable change in work per energy (+0.0%, +0.0% to +0.0%): the interval includes zero, so nothing is claimed either way",results/realms/MUSCLES.csv
modelled muscle,Energy / Facility / Industrial: Grid Transmission & Distribution,setpoint,feeder_voltage_target,yes,,,,,write,,,"work per energy +2.2% (+2.2% to +2.3%), work +0.0%, violations +0.00 pp, guardrails held; a fixed setpoint at the calm end gave +2.8% but broke the service guardrail (energy improvement with service tradeoff): the moving hand is what keeps the service",results/realms/MUSCLES.csv
modelled muscle,Energy / Facility / Industrial: Grid Transmission & Distribution,capacity,feeder_load_transfer,yes,,,,,watch,,,"wrote 647 times a run with no measurable change in work per energy (+0.0%, +0.0% to +0.0%): the interval includes zero, so nothing is claimed either way",results/realms/MUSCLES.csv
modelled muscle,Energy / Facility / Industrial: Grid Transmission & Distribution,admission,distribution_storage_dispatch,yes,,,,,watch,,,"wrote nothing in any run: the native controller held the reading inside the band, the law never left its cushion and had nothing to push; nothing to earn, nothing lost",results/realms/MUSCLES.csv
modelled muscle,Energy / Facility / Industrial: Grid Transmission & Distribution,admission,demand_response_dispatch,yes,,,,,watch,,,"wrote nothing in any run: the native controller held the reading inside the band, the law never left its cushion and had nothing to push; nothing to earn, nothing lost",results/realms/MUSCLES.csv
modelled muscle,Energy / Facility / Industrial: Grid Transmission & Distribution,setpoint,frequency_droop_setpoint,yes,,,,,write,,,"work per energy +2.2% (+2.2% to +2.3%), work +0.0%, violations +0.00 pp, guardrails held; a fixed setpoint at the calm end gave +2.8% but broke the service guardrail (energy improvement with service tradeoff): the moving hand is what keeps the service",results/realms/MUSCLES.csv
modelled muscle,Energy / Facility / Industrial: Grid Transmission & Distribution,admission,grid_protection_mode,yes,,,,,watch,,,"wrote nothing in any run: the native controller held the reading inside the band, the law never left its cushion and had nothing to push; nothing to earn, nothing lost",results/realms/MUSCLES.csv
modelled muscle,Energy / Facility / Industrial: Grid Transmission & Distribution,admission,grid_restoration_sequence,yes,,,,,watch,,,"wrote nothing in any run: the native controller held the reading inside the band, the law never left its cushion and had nothing to push; nothing to earn, nothing lost",results/realms/MUSCLES.csv
modelled muscle,Energy / Facility / Industrial: Industrial PLC & Process Automation,admission,plc_cycle_authority,yes,,,,,watch,,,"wrote nothing in any run: the native controller held the reading inside the band, the law never left its cushion and had nothing to push; nothing to earn, nothing lost",results/realms/MUSCLES.csv
modelled muscle,Energy / Facility / Industrial: Industrial PLC & Process Automation,admission,machine_cell_admission,yes,,,,,watch,,,"wrote nothing in any run: the native controller held the reading inside the band, the law never left its cushion and had nothing to push; nothing to earn, nothing lost",results/realms/MUSCLES.csv
modelled muscle,Energy / Facility / Industrial: Industrial PLC & Process Automation,setpoint,valve_position,yes,,,,,write,,,"work per energy +31.8% (+29.8% to +33.8%), work +0.0%, violations +0.00 pp, guardrails held; a fixed setpoint at the band's calm end gave +42.6% within the same guardrails: the gain is the band's, and an operator may fix the setpoint instead of wiring in",results/realms/MUSCLES.csv
modelled muscle,Energy / Facility / Industrial: Industrial PLC & Process Automation,capacity,pump_flow,yes,,,,,watch,,,"wrote 648 times a run with no measurable change in work per energy (+0.0%, +0.0% to +0.0%): the interval includes zero, so nothing is claimed either way",results/realms/MUSCLES.csv
modelled muscle,Energy / Facility / Industrial: Industrial PLC & Process Automation,capacity,compressor_speed,yes,,,,,watch,,,"wrote 648 times a run with no measurable change in work per energy (+0.0%, +0.0% to +0.0%): the interval includes zero, so nothing is claimed either way",results/realms/MUSCLES.csv
modelled muscle,Energy / Facility / Industrial: Industrial PLC & Process Automation,power,heater_power,yes,,,,,watch,,,"wrote 131 times a run with no measurable change in work per energy (+0.0%, +0.0% to +0.0%): the interval includes zero, so nothing is claimed either way",results/realms/MUSCLES.csv
modelled muscle,Energy / Facility / Industrial: Industrial PLC & Process Automation,setpoint,furnace_setpoint,yes,,,,,write,,,"work per energy +31.9% (+30.1% to +33.6%), work +0.0%, violations +0.00 pp, guardrails held; a fixed setpoint at the band's calm end gave +42.6% within the same guardrails: the gain is the band's, and an operator may fix the setpoint instead of wiring in",results/realms/MUSCLES.csv
modelled muscle,Energy / Facility / Industrial: Industrial PLC & Process Automation,setpoint,pressure_setpoint,yes,,,,,write,,,"work per energy +32.0% (+30.0% to +34.1%), work +0.0%, violations +0.00 pp, guardrails held; a fixed setpoint at the band's calm end gave +43.0% within the same guardrails: the gain is the band's, and an operator may fix the setpoint instead of wiring in",results/realms/MUSCLES.csv
modelled muscle,Energy / Facility / Industrial: Industrial PLC & Process Automation,setpoint,temperature_setpoint,yes,,,,,write,,,"work per energy +32.3% (+30.5% to +34.1%), work +0.0%, violations +0.00 pp, guardrails held; a fixed setpoint at the band's calm end gave +43.2% within the same guardrails: the gain is the band's, and an operator may fix the setpoint instead of wiring in",results/realms/MUSCLES.csv
modelled muscle,Energy / Facility / Industrial: Industrial PLC & Process Automation,setpoint,mass_flow_setpoint,yes,,,,,write,,,"work per energy +31.7% (+30.0% to +33.5%), work +0.0%, violations +0.00 pp, guardrails held; a fixed setpoint at the band's calm end gave +42.1% within the same guardrails: the gain is the band's, and an operator may fix the setpoint instead of wiring in",results/realms/MUSCLES.csv
modelled muscle,Energy / Facility / Industrial: Industrial PLC & Process Automation,setpoint,tank_level_target,yes,,,,,write,,,"work per energy +33.6% (+31.6% to +35.5%), work +0.0%, violations +0.00 pp, guardrails held; a fixed setpoint at the band's calm end gave +45.1% within the same guardrails: the gain is the band's, and an operator may fix the setpoint instead of wiring in",results/realms/MUSCLES.csv
modelled muscle,Energy / Facility / Industrial: Industrial PLC & Process Automation,capacity,conveyor_rate,yes,,,,,watch,,,"wrote 648 times a run with no measurable change in work per energy (+0.0%, +0.0% to +0.0%): the interval includes zero, so nothing is claimed either way",results/realms/MUSCLES.csv
modelled muscle,Energy / Facility / Industrial: Industrial PLC & Process Automation,capacity,feed_rate,yes,,,,,watch,,,"wrote 648 times a run with no measurable change in work per energy (+0.0%, +0.0% to +0.0%): the interval includes zero, so nothing is claimed either way",results/realms/MUSCLES.csv
modelled muscle,Energy / Facility / Industrial: Industrial PLC & Process Automation,admission,purge_vent_action,yes,,,,,watch,,,"wrote nothing in any run: the native controller held the reading inside the band, the law never left its cushion and had nothing to push; nothing to earn, nothing lost",results/realms/MUSCLES.csv
modelled muscle,"Energy / Facility / Industrial: PDU, UPS & Electrical Distribution",power,server_power_cap,yes,,,,,watch,,,"wrote nothing in any run: the native controller held the reading inside the band, the law never left its cushion and had nothing to push; nothing to earn, nothing lost",results/realms/MUSCLES.csv
modelled muscle,"Energy / Facility / Industrial: PDU, UPS & Electrical Distribution",power,rack_power_cap,yes,,,,,watch,,,"wrote nothing in any run: the native controller held the reading inside the band, the law never left its cushion and had nothing to push; nothing to earn, nothing lost",results/realms/MUSCLES.csv
modelled muscle,"Energy / Facility / Industrial: PDU, UPS & Electrical Distribution",power,pdu_branch_power_limit,yes,,,,,watch,,,"wrote nothing in any run: the native controller held the reading inside the band, the law never left its cushion and had nothing to push; nothing to earn, nothing lost",results/realms/MUSCLES.csv
modelled muscle,"Energy / Facility / Industrial: PDU, UPS & Electrical Distribution",capacity,pdu_outlet_control,yes,,,,,watch,,,"wrote nothing in any run: the native controller held the reading inside the band, the law never left its cushion and had nothing to push; nothing to earn, nothing lost",results/realms/MUSCLES.csv
modelled muscle,"Energy / Facility / Industrial: PDU, UPS & Electrical Distribution",capacity,ups_operating_mode,yes,,,,,watch,,,"wrote nothing in any run: the native controller held the reading inside the band, the law never left its cushion and had nothing to push; nothing to earn, nothing lost",results/realms/MUSCLES.csv
modelled muscle,"Energy / Facility / Industrial: PDU, UPS & Electrical Distribution",power,ups_charge_rate,yes,,,,,watch,,,"wrote nothing in any run: the native controller held the reading inside the band, the law never left its cushion and had nothing to push; nothing to earn, nothing lost",results/realms/MUSCLES.csv
modelled muscle,"Energy / Facility / Industrial: PDU, UPS & Electrical Distribution",power,ups_discharge_rate,yes,,,,,watch,,,"wrote nothing in any run: the native controller held the reading inside the band, the law never left its cushion and had nothing to push; nothing to earn, nothing lost",results/realms/MUSCLES.csv
modelled muscle,"Energy / Facility / Industrial: PDU, UPS & Electrical Distribution",capacity,phase_balance,yes,,,,,watch,,,"wrote nothing in any run: the native controller held the reading inside the band, the law never left its cushion and had nothing to push; nothing to earn, nothing lost",results/realms/MUSCLES.csv
modelled muscle,"Energy / Facility / Industrial: PDU, UPS & Electrical Distribution",admission,load_transfer,yes,,,,,watch,,,"wrote nothing in any run: the native controller held the reading inside the band, the law never left its cushion and had nothing to push; nothing to earn, nothing lost",results/realms/MUSCLES.csv
modelled muscle,"Energy / Facility / Industrial: PDU, UPS & Electrical Distribution",setpoint,reactive_power_target,yes,,,,,watch,,,"wrote nothing in any run: the native controller held the reading inside the band, the law never left its cushion and had nothing to push; nothing to earn, nothing lost",results/realms/MUSCLES.csv
modelled muscle,"Energy / Facility / Industrial: PDU, UPS & Electrical Distribution",setpoint,voltage_target,yes,,,,,watch,,,"wrote nothing in any run: the native controller held the reading inside the band, the law never left its cushion and had nothing to push; nothing to earn, nothing lost",results/realms/MUSCLES.csv
modelled muscle,"Energy / Facility / Industrial: PDU, UPS & Electrical Distribution",capacity,generator_dispatch,yes,,,,,watch,,,"wrote nothing in any run: the native controller held the reading inside the band, the law never left its cushion and had nothing to push; nothing to earn, nothing lost",results/realms/MUSCLES.csv
modelled muscle,"Energy / Facility / Industrial: PDU, UPS & Electrical Distribution",admission,electrical_isolation,yes,,,,,watch,,,"wrote nothing in any run: the native controller held the reading inside the band, the law never left its cushion and had nothing to push; nothing to earn, nothing lost",results/realms/MUSCLES.csv
modelled muscle,"Energy / Facility / Industrial: PDU, UPS & Electrical Distribution",admission,breaker_trip_gate,yes,,,,,watch,,,"wrote nothing in any run: the native controller held the reading inside the band, the law never left its cushion and had nothing to push; nothing to earn, nothing lost",results/realms/MUSCLES.csv
modelled muscle,Energy / Facility / Industrial: Semiconductor Fab & Precision Manufacturing,admission,tool_job_dispatch,yes,,,,,watch,,,"wrote nothing in any run: the native controller held the reading inside the band, the law never left its cushion and had nothing to push; nothing to earn, nothing lost",results/realms/MUSCLES.csv
modelled muscle,Energy / Facility / Industrial: Semiconductor Fab & Precision Manufacturing,capacity,wafer_route,yes,,,,,watch,,,"wrote 648 times a run with no measurable change in work per energy (+0.0%, +0.0% to +0.0%): the interval includes zero, so nothing is claimed either way",results/realms/MUSCLES.csv
modelled muscle,Energy / Facility / Industrial: Semiconductor Fab & Precision Manufacturing,admission,chamber_recipe_selection,yes,,,,,watch,,,"wrote nothing in any run: the native controller held the reading inside the band, the law never left its cushion and had nothing to push; nothing to earn, nothing lost",results/realms/MUSCLES.csv
modelled muscle,Energy / Facility / Industrial: Semiconductor Fab & Precision Manufacturing,setpoint,chamber_temperature,yes,,,,,write,,,"work per energy +0.3% (+0.3% to +0.3%), work +0.0%, violations +0.00 pp, guardrails held; a fixed setpoint at the band's calm end gave +0.3% within the same guardrails: the gain is the band's, and an operator may fix the setpoint instead of wiring in",results/realms/MUSCLES.csv
modelled muscle,Energy / Facility / Industrial: Semiconductor Fab & Precision Manufacturing,setpoint,chamber_pressure,yes,,,,,write,,,"work per energy +0.3% (+0.3% to +0.3%), work +0.0%, violations +0.00 pp, guardrails held; a fixed setpoint at the band's calm end gave +0.3% within the same guardrails: the gain is the band's, and an operator may fix the setpoint instead of wiring in",results/realms/MUSCLES.csv
modelled muscle,Energy / Facility / Industrial: Semiconductor Fab & Precision Manufacturing,capacity,gas_flow,yes,,,,,watch,,,"wrote 648 times a run with no measurable change in work per energy (+0.0%, +0.0% to +0.0%): the interval includes zero, so nothing is claimed either way",results/realms/MUSCLES.csv
modelled muscle,Energy / Facility / Industrial: Semiconductor Fab & Precision Manufacturing,power,rf_power,yes,,,,,watch,,,"wrote 648 times a run with no measurable change in work per energy (+0.0%, +0.0% to +0.0%): the interval includes zero, so nothing is claimed either way",results/realms/MUSCLES.csv
modelled muscle,Energy / Facility / Industrial: Semiconductor Fab & Precision Manufacturing,capacity,vacuum_pump_speed,yes,,,,,watch,,,"wrote 648 times a run with no measurable change in work per energy (+0.0%, +0.0% to +0.0%): the interval includes zero, so nothing is claimed either way",results/realms/MUSCLES.csv
modelled muscle,Energy / Facility / Industrial: Semiconductor Fab & Precision Manufacturing,capacity,robot_transfer_rate,yes,,,,,watch,,,"wrote 648 times a run with no measurable change in work per energy (+0.0%, +0.0% to +0.0%): the interval includes zero, so nothing is claimed either way",results/realms/MUSCLES.csv
modelled muscle,Energy / Facility / Industrial: Semiconductor Fab & Precision Manufacturing,admission,lot_priority,yes,,,,,watch,,,"wrote nothing in any run: the native controller held the reading inside the band, the law never left its cushion and had nothing to push; nothing to earn, nothing lost",results/realms/MUSCLES.csv
modelled muscle,Energy / Facility / Industrial: Semiconductor Fab & Precision Manufacturing,admission,tool_quarantine,yes,,,,,watch,,,"wrote nothing in any run: the native controller held the reading inside the band, the law never left its cushion and had nothing to push; nothing to earn, nothing lost",results/realms/MUSCLES.csv
modelled muscle,Energy / Facility / Industrial: Water Wastewater & Pumping,capacity,pump_speed_water,yes,,,,,watch,,,"wrote 646 times a run with no measurable change in work per energy (+0.0%, +0.0% to +0.0%): the interval includes zero, so nothing is claimed either way",results/realms/MUSCLES.csv
modelled muscle,Energy / Facility / Industrial: Water Wastewater & Pumping,setpoint,valve_position_water,yes,,,,,write,,,"work per energy +12.2% (+11.1% to +13.3%), work +0.0%, violations +0.00 pp, guardrails held; a fixed setpoint at the calm end gave +16.4% but broke the service guardrail (energy improvement with service tradeoff): the moving hand is what keeps the service",results/realms/MUSCLES.csv
modelled muscle,Energy / Facility / Industrial: Water Wastewater & Pumping,setpoint,reservoir_level_target,yes,,,,,write,,,"work per energy +12.6% (+11.4% to +13.8%), work +0.0%, violations +0.00 pp, guardrails held; a fixed setpoint at the band's calm end gave +16.9% within the same guardrails: the gain is the band's, and an operator may fix the setpoint instead of wiring in",results/realms/MUSCLES.csv
modelled muscle,Energy / Facility / Industrial: Water Wastewater & Pumping,setpoint,line_pressure_target,yes,,,,,write,,,"work per energy +11.5% (+10.6% to +12.4%), work +0.0%, violations +0.00 pp, guardrails held; a fixed setpoint at the calm end gave +15.3% but broke the service guardrail (energy improvement with service tradeoff): the moving hand is what keeps the service",results/realms/MUSCLES.csv
modelled muscle,Energy / Facility / Industrial: Water Wastewater & Pumping,setpoint,flow_target_water,yes,,,,,write,,,"work per energy +12.4% (+11.5% to +13.4%), work +0.0%, violations +0.00 pp, guardrails held; a fixed setpoint at the band's calm end gave +16.9% within the same guardrails: the gain is the band's, and an operator may fix the setpoint instead of wiring in",results/realms/MUSCLES.csv
modelled muscle,Energy / Facility / Industrial: Water Wastewater & Pumping,power,aeration_rate,yes,,,,,watch,,,"wrote 444 times a run with no measurable change in work per energy (+0.0%, +0.0% to +0.0%): the interval includes zero, so nothing is claimed either way",results/realms/MUSCLES.csv
modelled muscle,Energy / Facility / Industrial: Water Wastewater & Pumping,power,chemical_dose_rate,yes,,,,,watch,,,"wrote 430 times a run with no measurable change in work per energy (+0.0%, +0.0% to +0.0%): the interval includes zero, so nothing is claimed either way",results/realms/MUSCLES.csv
modelled muscle,Energy / Facility / Industrial: Water Wastewater & Pumping,admission,filtration_backwash,yes,,,,,watch,,,"wrote nothing in any run: the native controller held the reading inside the band, the law never left its cushion and had nothing to push; nothing to earn, nothing lost",results/realms/MUSCLES.csv
modelled muscle,Energy / Facility / Industrial: Water Wastewater & Pumping,admission,lift_station_dispatch,yes,,,,,watch,,,"wrote nothing in any run: the native controller held the reading inside the band, the law never left its cushion and had nothing to push; nothing to earn, nothing lost",results/realms/MUSCLES.csv
modelled muscle,Energy / Facility / Industrial: Water Wastewater & Pumping,admission,leak_isolation,yes,,,,,watch,,,"wrote nothing in any run: the native controller held the reading inside the band, the law never left its cushion and had nothing to push; nothing to earn, nothing lost",results/realms/MUSCLES.csv
modelled muscle,Energy / Facility / Industrial: Water Wastewater & Pumping,admission,water_demand_shed,yes,,,,,watch,,,"wrote nothing in any run: the native controller held the reading inside the band, the law never left its cushion and had nothing to push; nothing to earn, nothing lost",results/realms/MUSCLES.csv
modelled muscle,Energy / Facility / Industrial: Water Wastewater & Pumping,admission,water_emergency_shutdown,yes,,,,,watch,,,"wrote nothing in any run: the native controller held the reading inside the band, the law never left its cushion and had nothing to push; nothing to earn, nothing lost",results/realms/MUSCLES.csv
modelled muscle,Physics / Robotics / Autonomous: Automotive EV & Mobile Powertrain,power,traction_torque_limit,yes,,,,,watch,,,"wrote nothing in any run: the native controller held the reading inside the band, the law never left its cushion and had nothing to push; nothing to earn, nothing lost",results/realms/MUSCLES.csv
modelled muscle,Physics / Robotics / Autonomous: Automotive EV & Mobile Powertrain,power,regen_braking_level,yes,,,,,watch,,,"wrote nothing in any run: the native controller held the reading inside the band, the law never left its cushion and had nothing to push; nothing to earn, nothing lost",results/realms/MUSCLES.csv
modelled muscle,Physics / Robotics / Autonomous: Automotive EV & Mobile Powertrain,power,battery_charge_limit,yes,,,,,watch,,,"wrote nothing in any run: the native controller held the reading inside the band, the law never left its cushion and had nothing to push; nothing to earn, nothing lost",results/realms/MUSCLES.csv
modelled muscle,Physics / Robotics / Autonomous: Automotive EV & Mobile Powertrain,power,battery_discharge_limit,yes,,,,,watch,,,"wrote nothing in any run: the native controller held the reading inside the band, the law never left its cushion and had nothing to push; nothing to earn, nothing lost",results/realms/MUSCLES.csv
modelled muscle,Physics / Robotics / Autonomous: Automotive EV & Mobile Powertrain,power,battery_thermal_target,yes,,,,,watch,,,"wrote nothing in any run: the native controller held the reading inside the band, the law never left its cushion and had nothing to push; nothing to earn, nothing lost",results/realms/MUSCLES.csv
modelled muscle,Physics / Robotics / Autonomous: Automotive EV & Mobile Powertrain,power,motor_thermal_limit,yes,,,,,watch,,,"wrote nothing in any run: the native controller held the reading inside the band, the law never left its cushion and had nothing to push; nothing to earn, nothing lost",results/realms/MUSCLES.csv
modelled muscle,Physics / Robotics / Autonomous: Automotive EV & Mobile Powertrain,capacity,vehicle_speed_envelope,yes,,,,,watch,,,"wrote nothing in any run: the native controller held the reading inside the band, the law never left its cushion and had nothing to push; nothing to earn, nothing lost",results/realms/MUSCLES.csv
modelled muscle,Physics / Robotics / Autonomous: Automotive EV & Mobile Powertrain,power,energy_recovery_target,yes,,,,,watch,,,"wrote nothing in any run: the native controller held the reading inside the band, the law never left its cushion and had nothing to push; nothing to earn, nothing lost",results/realms/MUSCLES.csv
modelled muscle,Physics / Robotics / Autonomous: Automotive EV & Mobile Powertrain,power,auxiliary_power_budget,yes,,,,,watch,,,"wrote nothing in any run: the native controller held the reading inside the band, the law never left its cushion and had nothing to push; nothing to earn, nothing lost",results/realms/MUSCLES.csv
modelled muscle,Physics / Robotics / Autonomous: Automotive EV & Mobile Powertrain,power,fast_charge_current,yes,,,,,watch,,,"wrote nothing in any run: the native controller held the reading inside the band, the law never left its cushion and had nothing to push; nothing to earn, nothing lost",results/realms/MUSCLES.csv
modelled muscle,Physics / Robotics / Autonomous: Automotive EV & Mobile Powertrain,power,fast_charge_voltage,yes,,,,,watch,,,"wrote nothing in any run: the native controller held the reading inside the band, the law never left its cushion and had nothing to push; nothing to earn, nothing lost",results/realms/MUSCLES.csv
modelled muscle,Physics / Robotics / Autonomous: Automotive EV & Mobile Powertrain,admission,vehicle_safe_state,yes,,,,,watch,,,"wrote nothing in any run: the native controller held the reading inside the band, the law never left its cushion and had nothing to push; nothing to earn, nothing lost",results/realms/MUSCLES.csv
modelled muscle,Physics / Robotics / Autonomous: Aviation & Autonomous Flight,power,throttle_envelope,yes,,,,,watch,,,"wrote nothing in any run: the native controller held the reading inside the band, the law never left its cushion and had nothing to push; nothing to earn, nothing lost",results/realms/MUSCLES.csv
modelled muscle,Physics / Robotics / Autonomous: Aviation & Autonomous Flight,capacity,attitude_target,yes,,,,,write,,,"work per energy +0.1% (+0.1% to +0.1%), work +0.0%, violations +0.00 pp, guardrails held",results/realms/MUSCLES.csv
modelled muscle,Physics / Robotics / Autonomous: Aviation & Autonomous Flight,capacity,attitude_rate_target,yes,,,,,write,,,"work per energy +0.1% (+0.1% to +0.1%), work +0.0%, violations +0.00 pp, guardrails held",results/realms/MUSCLES.csv
modelled muscle,Physics / Robotics / Autonomous: Aviation & Autonomous Flight,capacity,velocity_target,yes,,,,,write,,,"work per energy +0.1% (+0.0% to +0.1%), work +0.0%, violations +0.00 pp, guardrails held",results/realms/MUSCLES.csv
modelled muscle,Physics / Robotics / Autonomous: Aviation & Autonomous Flight,capacity,altitude_target,yes,,,,,write,,,"work per energy +0.1% (+0.1% to +0.1%), work +0.0%, violations +0.00 pp, guardrails held",results/realms/MUSCLES.csv
modelled muscle,Physics / Robotics / Autonomous: Aviation & Autonomous Flight,capacity,waypoint_authority,yes,,,,,write,,,"work per energy +0.1% (+0.1% to +0.1%), work +0.0%, violations +0.00 pp, guardrails held",results/realms/MUSCLES.csv
modelled muscle,Physics / Robotics / Autonomous: Aviation & Autonomous Flight,admission,flight_hold,yes,,,,,watch,,,"wrote nothing in any run: the native controller held the reading inside the band, the law never left its cushion and had nothing to push; nothing to earn, nothing lost",results/realms/MUSCLES.csv
modelled muscle,Physics / Robotics / Autonomous: Aviation & Autonomous Flight,admission,return_to_home,yes,,,,,watch,,,"wrote nothing in any run: the native controller held the reading inside the band, the law never left its cushion and had nothing to push; nothing to earn, nothing lost",results/realms/MUSCLES.csv
modelled muscle,Physics / Robotics / Autonomous: Aviation & Autonomous Flight,admission,land_action,yes,,,,,watch,,,"wrote nothing in any run: the native controller held the reading inside the band, the law never left its cushion and had nothing to push; nothing to earn, nothing lost",results/realms/MUSCLES.csv
modelled muscle,Physics / Robotics / Autonomous: Aviation & Autonomous Flight,admission,mission_admission,yes,,,,,watch,,,"wrote nothing in any run: the native controller held the reading inside the band, the law never left its cushion and had nothing to push; nothing to earn, nothing lost",results/realms/MUSCLES.csv
modelled muscle,Physics / Robotics / Autonomous: Aviation & Autonomous Flight,admission,geofence_response,yes,,,,,watch,,,"wrote nothing in any run: the native controller held the reading inside the band, the law never left its cushion and had nothing to push; nothing to earn, nothing lost",results/realms/MUSCLES.csv
modelled muscle,Physics / Robotics / Autonomous: Aviation & Autonomous Flight,admission,failsafe_selection,yes,,,,,watch,,,"wrote nothing in any run: the native controller held the reading inside the band, the law never left its cushion and had nothing to push; nothing to earn, nothing lost",results/realms/MUSCLES.csv
modelled muscle,Physics / Robotics / Autonomous: Aviation & Autonomous Flight,admission,battery_reserve_threshold,yes,,,,,watch,,,"wrote nothing in any run: the native controller held the reading inside the band, the law never left its cushion and had nothing to push; nothing to earn, nothing lost",results/realms/MUSCLES.csv
modelled muscle,Physics / Robotics / Autonomous: Aviation & Autonomous Flight,capacity,actuator_saturation_envelope,yes,,,,,write,,,"work per energy +0.1% (+0.1% to +0.1%), work +0.0%, violations +0.00 pp, guardrails held",results/realms/MUSCLES.csv
modelled muscle,Physics / Robotics / Autonomous: Aviation & Autonomous Flight,admission,flight_mode_transition,yes,,,,,watch,,,"wrote nothing in any run: the native controller held the reading inside the band, the law never left its cushion and had nothing to push; nothing to earn, nothing lost",results/realms/MUSCLES.csv
modelled muscle,Physics / Robotics / Autonomous: Aviation & Autonomous Flight,admission,flight_termination_safe_state,yes,,,,,watch,,,"wrote nothing in any run: the native controller held the reading inside the band, the law never left its cushion and had nothing to push; nothing to earn, nothing lost",results/realms/MUSCLES.csv
modelled muscle,Physics / Robotics / Autonomous: Robotics Fleet & Warehouse Automation,capacity,robot_dispatch,yes,,,,,watch,,,"wrote nothing in any run: the native controller held the reading inside the band, the law never left its cushion and had nothing to push; nothing to earn, nothing lost",results/realms/MUSCLES.csv
modelled muscle,Physics / Robotics / Autonomous: Robotics Fleet & Warehouse Automation,capacity,task_assignment,yes,,,,,watch,,,"wrote nothing in any run: the native controller held the reading inside the band, the law never left its cushion and had nothing to push; nothing to earn, nothing lost",results/realms/MUSCLES.csv
modelled muscle,Physics / Robotics / Autonomous: Robotics Fleet & Warehouse Automation,capacity,traffic_reservation,yes,,,,,watch,,,"wrote nothing in any run: the native controller held the reading inside the band, the law never left its cushion and had nothing to push; nothing to earn, nothing lost",results/realms/MUSCLES.csv
modelled muscle,Physics / Robotics / Autonomous: Robotics Fleet & Warehouse Automation,capacity,robot_route,yes,,,,,watch,,,"wrote nothing in any run: the native controller held the reading inside the band, the law never left its cushion and had nothing to push; nothing to earn, nothing lost",results/realms/MUSCLES.csv
modelled muscle,Physics / Robotics / Autonomous: Robotics Fleet & Warehouse Automation,capacity,charging_dispatch,yes,,,,,watch,,,"wrote nothing in any run: the native controller held the reading inside the band, the law never left its cushion and had nothing to push; nothing to earn, nothing lost",results/realms/MUSCLES.csv
modelled muscle,Physics / Robotics / Autonomous: Robotics Fleet & Warehouse Automation,capacity,battery_reserve,yes,,,,,watch,,,"wrote nothing in any run: the native controller held the reading inside the band, the law never left its cushion and had nothing to push; nothing to earn, nothing lost",results/realms/MUSCLES.csv
modelled muscle,Physics / Robotics / Autonomous: Robotics Fleet & Warehouse Automation,capacity,elevator_request,yes,,,,,watch,,,"wrote nothing in any run: the native controller held the reading inside the band, the law never left its cushion and had nothing to push; nothing to earn, nothing lost",results/realms/MUSCLES.csv
modelled muscle,Physics / Robotics / Autonomous: Robotics Fleet & Warehouse Automation,capacity,door_request,yes,,,,,watch,,,"wrote nothing in any run: the native controller held the reading inside the band, the law never left its cushion and had nothing to push; nothing to earn, nothing lost",results/realms/MUSCLES.csv
modelled muscle,Physics / Robotics / Autonomous: Robotics Fleet & Warehouse Automation,capacity,conveyor_speed,yes,,,,,watch,,,"wrote nothing in any run: the native controller held the reading inside the band, the law never left its cushion and had nothing to push; nothing to earn, nothing lost",results/realms/MUSCLES.csv
modelled muscle,Physics / Robotics / Autonomous: Robotics Fleet & Warehouse Automation,capacity,agv_speed,yes,,,,,watch,,,"wrote nothing in any run: the native controller held the reading inside the band, the law never left its cushion and had nothing to push; nothing to earn, nothing lost",results/realms/MUSCLES.csv
modelled muscle,Physics / Robotics / Autonomous: Robotics Fleet & Warehouse Automation,admission,warehouse_zone_admission,yes,,,,,watch,,,"wrote nothing in any run: the native controller held the reading inside the band, the law never left its cushion and had nothing to push; nothing to earn, nothing lost",results/realms/MUSCLES.csv
modelled muscle,Physics / Robotics / Autonomous: Robotics Fleet & Warehouse Automation,admission,robot_quarantine,yes,,,,,watch,,,"wrote nothing in any run: the native controller held the reading inside the band, the law never left its cushion and had nothing to push; nothing to earn, nothing lost",results/realms/MUSCLES.csv
modelled muscle,Physics / Robotics / Autonomous: Robotics Fleet & Warehouse Automation,capacity,fleet_failover,yes,,,,,watch,,,"wrote nothing in any run: the native controller held the reading inside the band, the law never left its cushion and had nothing to push; nothing to earn, nothing lost",results/realms/MUSCLES.csv
modelled muscle,Physics / Robotics / Autonomous: Robotics Fleet & Warehouse Automation,capacity,human_safe_stop,yes,,,,,watch,,,"wrote nothing in any run: the native controller held the reading inside the band, the law never left its cushion and had nothing to push; nothing to earn, nothing lost",results/realms/MUSCLES.csv
modelled muscle,Physics / Robotics / Autonomous: Robotics Fleet & Warehouse Automation,admission,fleet_concurrency,yes,,,,,watch,,,"wrote nothing in any run: the native controller held the reading inside the band, the law never left its cushion and had nothing to push; nothing to earn, nothing lost",results/realms/MUSCLES.csv
modelled muscle,Physics / Robotics / Autonomous: Robotics Motion Control,capacity,joint_position,yes,,,,,watch,,,"wrote nothing in any run: the native controller held the reading inside the band, the law never left its cushion and had nothing to push; nothing to earn, nothing lost",results/realms/MUSCLES.csv
modelled muscle,Physics / Robotics / Autonomous: Robotics Motion Control,capacity,joint_velocity,yes,,,,,watch,,,"wrote nothing in any run: the native controller held the reading inside the band, the law never left its cushion and had nothing to push; nothing to earn, nothing lost",results/realms/MUSCLES.csv
modelled muscle,Physics / Robotics / Autonomous: Robotics Motion Control,capacity,joint_acceleration,yes,,,,,write,,,"work per energy +0.2% (+0.2% to +0.3%), work +0.0%, violations +0.00 pp, guardrails held",results/realms/MUSCLES.csv
modelled muscle,Physics / Robotics / Autonomous: Robotics Motion Control,power,joint_effort,yes,,,,,watch,,,"wrote nothing in any run: the native controller held the reading inside the band, the law never left its cushion and had nothing to push; nothing to earn, nothing lost",results/realms/MUSCLES.csv
modelled muscle,Physics / Robotics / Autonomous: Robotics Motion Control,capacity,cartesian_velocity,yes,,,,,write,,,"work per energy +0.4% (+0.3% to +0.4%), work +0.0%, violations +0.00 pp, guardrails held",results/realms/MUSCLES.csv
modelled muscle,Physics / Robotics / Autonomous: Robotics Motion Control,capacity,trajectory_speed,yes,,,,,write,,,"work per energy +0.4% (+0.3% to +0.5%), work +0.0%, violations +0.00 pp, guardrails held",results/realms/MUSCLES.csv
modelled muscle,Physics / Robotics / Autonomous: Robotics Motion Control,capacity,trajectory_acceleration,yes,,,,,write,,,"work per energy +0.4% (+0.4% to +0.5%), work +0.0%, violations +0.00 pp, guardrails held",results/realms/MUSCLES.csv
modelled muscle,Physics / Robotics / Autonomous: Robotics Motion Control,capacity,jerk_limit,yes,,,,,watch,,,"wrote nothing in any run: the native controller held the reading inside the band, the law never left its cushion and had nothing to push; nothing to earn, nothing lost",results/realms/MUSCLES.csv
modelled muscle,Physics / Robotics / Autonomous: Robotics Motion Control,capacity,collision_margin,yes,,,,,write,,,"work per energy +0.4% (+0.3% to +0.5%), work +0.0%, violations +0.00 pp, guardrails held",results/realms/MUSCLES.csv
modelled muscle,Physics / Robotics / Autonomous: Robotics Motion Control,power,force_limit,yes,,,,,watch,,,"wrote nothing in any run: the native controller held the reading inside the band, the law never left its cushion and had nothing to push; nothing to earn, nothing lost",results/realms/MUSCLES.csv
modelled muscle,Physics / Robotics / Autonomous: Robotics Motion Control,power,gripper_force,yes,,,,,watch,,,"wrote nothing in any run: the native controller held the reading inside the band, the law never left its cushion and had nothing to push; nothing to earn, nothing lost",results/realms/MUSCLES.csv
modelled muscle,Physics / Robotics / Autonomous: Robotics Motion Control,capacity,locomotion_speed,yes,,,,,write,,,"work per energy +0.3% (+0.2% to +0.4%), work +0.0%, violations +0.00 pp, guardrails held",results/realms/MUSCLES.csv
modelled muscle,Physics / Robotics / Autonomous: Robotics Motion Control,capacity,steering_angle,yes,,,,,write,,,"work per energy +0.4% (+0.3% to +0.4%), work +0.0%, violations +0.00 pp, guardrails held",results/realms/MUSCLES.csv
modelled muscle,Physics / Robotics / Autonomous: Robotics Motion Control,power,braking_force,yes,,,,,watch,,,"wrote nothing in any run: the native controller held the reading inside the band, the law never left its cushion and had nothing to push; nothing to earn, nothing lost",results/realms/MUSCLES.csv
modelled muscle,Physics / Robotics / Autonomous: Robotics Motion Control,capacity,balance_correction,yes,,,,,watch,,,"wrote nothing in any run: the native controller held the reading inside the band, the law never left its cushion and had nothing to push; nothing to earn, nothing lost",results/realms/MUSCLES.csv
modelled muscle,Physics / Robotics / Autonomous: Spacecraft & Flight Software,admission,space_command_admission,yes,,,,,watch,,,"wrote nothing in any run: the native controller held the reading inside the band, the law never left its cushion and had nothing to push; nothing to earn, nothing lost",results/realms/MUSCLES.csv
modelled muscle,Physics / Robotics / Autonomous: Spacecraft & Flight Software,admission,flight_task_schedule,yes,,,,,watch,,,"wrote nothing in any run: the native controller held the reading inside the band, the law never left its cushion and had nothing to push; nothing to earn, nothing lost",results/realms/MUSCLES.csv
modelled muscle,Physics / Robotics / Autonomous: Spacecraft & Flight Software,admission,space_mode_transition,yes,,,,,watch,,,"wrote nothing in any run: the native controller held the reading inside the band, the law never left its cushion and had nothing to push; nothing to earn, nothing lost",results/realms/MUSCLES.csv
modelled muscle,Physics / Robotics / Autonomous: Spacecraft & Flight Software,power,payload_duty_cycle,yes,,,,,operator's choice,,,"work per energy +0.8% (+0.7% to +1.0%) but a service guardrail broke: work +0.0%, violations +0.92 pp (upper +1.20); energy saved at the service's expense: the operator's to take or leave",results/realms/MUSCLES.csv
modelled muscle,Physics / Robotics / Autonomous: Spacecraft & Flight Software,capacity,communication_allocation,yes,,,,,write,,,"work per energy +3.1% (+2.7% to +3.5%), work +0.0%, violations +0.00 pp, guardrails held",results/realms/MUSCLES.csv
modelled muscle,Physics / Robotics / Autonomous: Spacecraft & Flight Software,power,space_power_budget,yes,,,,,operator's choice,,,"work per energy +0.8% (+0.7% to +0.8%) but a service guardrail broke: work +0.0%, violations +0.50 pp (upper +0.81); energy saved at the service's expense: the operator's to take or leave",results/realms/MUSCLES.csv
modelled muscle,Physics / Robotics / Autonomous: Spacecraft & Flight Software,power,space_thermal_command,yes,,,,,operator's choice,,,"work per energy +0.8% (+0.8% to +0.9%) but a service guardrail broke: work +0.0%, violations +0.36 pp (upper +0.53); energy saved at the service's expense: the operator's to take or leave",results/realms/MUSCLES.csv
modelled muscle,Physics / Robotics / Autonomous: Spacecraft & Flight Software,capacity,attitude_command_envelope,yes,,,,,write,,,"work per energy +2.3% (+1.9% to +2.6%), work +0.0%, violations +0.00 pp, guardrails held",results/realms/MUSCLES.csv
modelled muscle,Physics / Robotics / Autonomous: Spacecraft & Flight Software,capacity,reaction_wheel_allocation,yes,,,,,write,,,"work per energy +2.6% (+2.3% to +3.0%), work +0.0%, violations +0.00 pp, guardrails held",results/realms/MUSCLES.csv
modelled muscle,Physics / Robotics / Autonomous: Spacecraft & Flight Software,power,rcs_authority,yes,,,,,operator's choice,,,"work per energy +0.8% (+0.7% to +0.9%) but a service guardrail broke: work +0.0%, violations +0.36 pp (upper +0.55); energy saved at the service's expense: the operator's to take or leave",results/realms/MUSCLES.csv
modelled muscle,Physics / Robotics / Autonomous: Spacecraft & Flight Software,admission,safe_mode_transition,yes,,,,,watch,,,"wrote nothing in any run: the native controller held the reading inside the band, the law never left its cushion and had nothing to push; nothing to earn, nothing lost",results/realms/MUSCLES.csv
modelled muscle,Physics / Robotics / Autonomous: Spacecraft & Flight Software,admission,watchdog_recovery,yes,,,,,watch,,,"wrote nothing in any run: the native controller held the reading inside the band, the law never left its cushion and had nothing to push; nothing to earn, nothing lost",results/realms/MUSCLES.csv
modelled muscle,Physics / Robotics / Autonomous: Spacecraft & Flight Software,capacity,instrument_activation,yes,,,,,write,,,"work per energy +3.2% (+2.9% to +3.6%), work +0.0%, violations +0.00 pp, guardrails held",results/realms/MUSCLES.csv
modelled muscle,Physics / Robotics / Autonomous: Spacecraft & Flight Software,admission,fault_isolation,yes,,,,,watch,,,"wrote nothing in any run: the native controller held the reading inside the band, the law never left its cushion and had nothing to push; nothing to earn, nothing lost",results/realms/MUSCLES.csv
modelled muscle,Compute / AI / Cloud: Kubernetes Workload Scaling,capacity,hpa_min_replicas,yes,,,,,watch,,,"wrote nothing in any run: the native controller held the reading inside the band, the law never left its cushion and had nothing to push; nothing to earn, nothing lost",results/realms/MUSCLES.csv
modelled muscle,Compute / AI / Cloud: Kubernetes Workload Scaling,capacity,hpa_max_replicas,yes,,,,,watch,,,"wrote nothing in any run: the native controller held the reading inside the band, the law never left its cushion and had nothing to push; nothing to earn, nothing lost",results/realms/MUSCLES.csv
modelled muscle,Compute / AI / Cloud: Kubernetes Workload Scaling,setpoint,hpa_scale_down_stabilisation_window,yes,,,,,watch,,,"wrote nothing in any run: the native controller held the reading inside the band, the law never left its cushion and had nothing to push; nothing to earn, nothing lost",results/realms/MUSCLES.csv
modelled muscle,Compute / AI / Cloud: Kubernetes Workload Scaling,setpoint,hpa_scale_up_stabilisation_window,yes,,,,,watch,,,"wrote nothing in any run: the native controller held the reading inside the band, the law never left its cushion and had nothing to push; nothing to earn, nothing lost",results/realms/MUSCLES.csv
modelled muscle,Compute / AI / Cloud: Kubernetes Workload Scaling,capacity,hpa_scaling_rate_policies,yes,,,,,watch,,,"wrote nothing in any run: the native controller held the reading inside the band, the law never left its cushion and had nothing to push; nothing to earn, nothing lost",results/realms/MUSCLES.csv
modelled muscle,Compute / AI / Cloud: Kubernetes Workload Scaling,capacity,hpa_policy_selection,yes,,,,,watch,,,"wrote nothing in any run: the native controller held the reading inside the band, the law never left its cushion and had nothing to push; nothing to earn, nothing lost",results/realms/MUSCLES.csv
modelled muscle,Compute / AI / Cloud: Kubernetes Workload Scaling,capacity,hpa_tolerance,yes,,,,,watch,,,"wrote nothing in any run: the native controller held the reading inside the band, the law never left its cushion and had nothing to push; nothing to earn, nothing lost",results/realms/MUSCLES.csv
modelled muscle,Compute / AI / Cloud: Kubernetes Workload Scaling,capacity,hpa_sync_period,yes,,,,,watch,,,"wrote nothing in any run: the native controller held the reading inside the band, the law never left its cushion and had nothing to push; nothing to earn, nothing lost",results/realms/MUSCLES.csv
modelled muscle,Compute / AI / Cloud: Kubernetes Workload Scaling,capacity,vpa_minmax_allowed_resources,yes,,,,,watch,,,"wrote nothing in any run: the native controller held the reading inside the band, the law never left its cushion and had nothing to push; nothing to earn, nothing lost",results/realms/MUSCLES.csv
modelled muscle,Compute / AI / Cloud: Kubernetes Workload Scaling,setpoint,keda_polling_interval,yes,,,,,watch,,,"wrote nothing in any run: the native controller held the reading inside the band, the law never left its cushion and had nothing to push; nothing to earn, nothing lost",results/realms/MUSCLES.csv
modelled muscle,Compute / AI / Cloud: Kubernetes Workload Scaling,admission,rollout_progress_deadline,yes,,,,,watch,,,"wrote nothing in any run: the native controller held the reading inside the band, the law never left its cushion and had nothing to push; nothing to earn, nothing lost",results/realms/MUSCLES.csv
modelled muscle,Compute / AI / Cloud: Kubernetes Workload Scaling,capacity,rollout_readiness_delay,yes,,,,,watch,,,"wrote nothing in any run: the native controller held the reading inside the band, the law never left its cushion and had nothing to push; nothing to earn, nothing lost",results/realms/MUSCLES.csv
modelled muscle,Compute / AI / Cloud: Kubernetes Workload Scaling,admission,unhealthy_pod_eviction_policy,yes,,,,,watch,,,"wrote nothing in any run: the native controller held the reading inside the band, the law never left its cushion and had nothing to push; nothing to earn, nothing lost",results/realms/MUSCLES.csv
modelled muscle,Compute / AI / Cloud: Kubernetes Workload Scaling,capacity,graceful_termination,yes,,,,,watch,,,"wrote nothing in any run: the native controller held the reading inside the band, the law never left its cushion and had nothing to push; nothing to earn, nothing lost",results/realms/MUSCLES.csv
modelled muscle,Compute / AI / Cloud: Kubernetes Workload Scaling,capacity,probes,yes,,,,,watch,,,"wrote nothing in any run: the native controller held the reading inside the band, the law never left its cushion and had nothing to push; nothing to earn, nothing lost",results/realms/MUSCLES.csv
modelled muscle,Compute / AI / Cloud: Container Resources,capacity,in_place_resize,yes,,,,,watch,,,"wrote nothing in any run: the native controller held the reading inside the band, the law never left its cushion and had nothing to push; nothing to earn, nothing lost",results/realms/MUSCLES.csv
modelled muscle,Compute / AI / Cloud: Container Resources,admission,namespace_quota,yes,,,,,watch,,,"wrote nothing in any run: the native controller held the reading inside the band, the law never left its cushion and had nothing to push; nothing to earn, nothing lost",results/realms/MUSCLES.csv
modelled muscle,Compute / AI / Cloud: Container Resources,capacity,default_limits,yes,,,,,watch,,,"wrote nothing in any run: the native controller held the reading inside the band, the law never left its cushion and had nothing to push; nothing to earn, nothing lost",results/realms/MUSCLES.csv
modelled muscle,Compute / AI / Cloud: Container Resources,capacity,memory_hard_limit,yes,,,,,watch,,,"wrote nothing in any run: the native controller held the reading inside the band, the law never left its cushion and had nothing to push; nothing to earn, nothing lost",results/realms/MUSCLES.csv
modelled muscle,Compute / AI / Cloud: Container Resources,capacity,memory_protection,yes,,,,,watch,,,"wrote nothing in any run: the native controller held the reading inside the band, the law never left its cushion and had nothing to push; nothing to earn, nothing lost",results/realms/MUSCLES.csv
modelled muscle,Compute / AI / Cloud: Container Resources,setpoint,io_latency_target,yes,,,,,watch,,,"wrote nothing in any run: the native controller held the reading inside the band, the law never left its cushion and had nothing to push; nothing to earn, nothing lost",results/realms/MUSCLES.csv
modelled muscle,Compute / AI / Cloud: Container Resources,admission,freeze,yes,,,,,watch,,,"wrote nothing in any run: the native controller held the reading inside the band, the law never left its cushion and had nothing to push; nothing to earn, nothing lost",results/realms/MUSCLES.csv
modelled muscle,Compute / AI / Cloud: Kubernetes Placement & Scheduling,capacity,scheduler_scoring_strategy,yes,,,,,watch,,,"wrote nothing in any run: the native controller held the reading inside the band, the law never left its cushion and had nothing to push; nothing to earn, nothing lost",results/realms/MUSCLES.csv
modelled muscle,Compute / AI / Cloud: Kubernetes Placement & Scheduling,setpoint,scheduler_plugin_weights,yes,,,,,watch,,,"wrote nothing in any run: the native controller held the reading inside the band, the law never left its cushion and had nothing to push; nothing to earn, nothing lost",results/realms/MUSCLES.csv
modelled muscle,Compute / AI / Cloud: Kubernetes Placement & Scheduling,admission,scheduling_gates,yes,,,,,watch,,,"wrote nothing in any run: the native controller held the reading inside the band, the law never left its cushion and had nothing to push; nothing to earn, nothing lost",results/realms/MUSCLES.csv
modelled muscle,Compute / AI / Cloud: Kubernetes Placement & Scheduling,capacity,cpu_manager,yes,,,,,watch,,,"wrote nothing in any run: the native controller held the reading inside the band, the law never left its cushion and had nothing to push; nothing to earn, nothing lost",results/realms/MUSCLES.csv
modelled muscle,Compute / AI / Cloud: Node Fleet & Karpenter-Class Control,admission,scale_down_utilisation_threshold,yes,,,,,watch,,,"wrote nothing in any run: the native controller held the reading inside the band, the law never left its cushion and had nothing to push; nothing to earn, nothing lost",results/realms/MUSCLES.csv
modelled muscle,Compute / AI / Cloud: Node Fleet & Karpenter-Class Control,capacity,scale_down_unneeded_time,yes,,,,,watch,,,"wrote nothing in any run: the native controller held the reading inside the band, the law never left its cushion and had nothing to push; nothing to earn, nothing lost",results/realms/MUSCLES.csv
modelled muscle,Compute / AI / Cloud: Node Fleet & Karpenter-Class Control,capacity,scale_down_delay_after_add,yes,,,,,watch,,,"wrote nothing in any run: the native controller held the reading inside the band, the law never left its cushion and had nothing to push; nothing to earn, nothing lost",results/realms/MUSCLES.csv
modelled muscle,Compute / AI / Cloud: Node Fleet & Karpenter-Class Control,capacity,expander,yes,,,,,watch,,,"wrote nothing in any run: the native controller held the reading inside the band, the law never left its cushion and had nothing to push; nothing to earn, nothing lost",results/realms/MUSCLES.csv
modelled muscle,Compute / AI / Cloud: Node Fleet & Karpenter-Class Control,capacity,node_pool_limits,yes,,,,,watch,,,"wrote nothing in any run: the native controller held the reading inside the band, the law never left its cushion and had nothing to push; nothing to earn, nothing lost",results/realms/MUSCLES.csv
modelled muscle,Compute / AI / Cloud: Node Fleet & Karpenter-Class Control,admission,kubelet_eviction_thresholds,yes,,,,,watch,,,"wrote nothing in any run: the native controller held the reading inside the band, the law never left its cushion and had nothing to push; nothing to earn, nothing lost",results/realms/MUSCLES.csv
modelled muscle,Compute / AI / Cloud: Node Fleet & Karpenter-Class Control,capacity,kubelet_reserved_resources,yes,,,,,watch,,,"wrote nothing in any run: the native controller held the reading inside the band, the law never left its cushion and had nothing to push; nothing to earn, nothing lost",results/realms/MUSCLES.csv
modelled muscle,Compute / AI / Cloud: Node Fleet & Karpenter-Class Control,capacity,max_pods_per_node,yes,,,,,watch,,,"wrote nothing in any run: the native controller held the reading inside the band, the law never left its cushion and had nothing to push; nothing to earn, nothing lost",results/realms/MUSCLES.csv
modelled muscle,Compute / AI / Cloud: Cloud VM & Capacity,setpoint,target_tracking_policy,yes,,,,,watch,,,"wrote nothing in any run: the native controller held the reading inside the band, the law never left its cushion and had nothing to push; nothing to earn, nothing lost",results/realms/MUSCLES.csv
modelled muscle,Compute / AI / Cloud: Cloud VM & Capacity,capacity,scaling_cooldown_warmup,yes,,,,,watch,,,"wrote nothing in any run: the native controller held the reading inside the band, the law never left its cushion and had nothing to push; nothing to earn, nothing lost",results/realms/MUSCLES.csv
modelled muscle,Compute / AI / Cloud: Host CPU & Memory,power,frequency_governor,yes,,,,,write,,,"work per energy +1.5% (+0.8% to +2.2%), work -0.0%, violations -0.19 pp, guardrails held",results/realms/MUSCLES.csv
modelled muscle,Compute / AI / Cloud: Host CPU & Memory,capacity,turbo_boost,yes,,,,,watch,,,"wrote nothing in any run: the native controller held the reading inside the band, the law never left its cushion and had nothing to push; nothing to earn, nothing lost",results/realms/MUSCLES.csv
modelled muscle,Compute / AI / Cloud: Host CPU & Memory,power,dram_power_limit,yes,,,,,write,,,"work per energy +2.0% (+1.5% to +2.5%), work +0.0%, violations -0.28 pp, guardrails held",results/realms/MUSCLES.csv
modelled muscle,Compute / AI / Cloud: Host CPU & Memory,capacity,swappiness_reclaim,yes,,,,,watch,,,"wrote nothing in any run: the native controller held the reading inside the band, the law never left its cushion and had nothing to push; nothing to earn, nothing lost",results/realms/MUSCLES.csv
modelled muscle,Compute / AI / Cloud: NVIDIA GPU Hardware,power,application_clocks,yes,,,,,write,,,"work per energy +2.2% (+1.9% to +2.4%), work +0.0%, violations -0.01 pp, guardrails held",results/realms/MUSCLES.csv
modelled muscle,Compute / AI / Cloud: NVIDIA GPU Hardware,setpoint,gpu_temperature_target,yes,,,,,watch,,,"wrote nothing in any run: the native controller held the reading inside the band, the law never left its cushion and had nothing to push; nothing to earn, nothing lost",results/realms/MUSCLES.csv
modelled muscle,Distribution / Specialized: Network Routing & Switching,capacity,nic_interrupt_coalescing,yes,,,,,watch,,,"wrote nothing in any run: the native controller held the reading inside the band, the law never left its cushion and had nothing to push; nothing to earn, nothing lost",results/realms/MUSCLES.csv
modelled muscle,Distribution / Specialized: Network Routing & Switching,capacity,nic_ring_size,yes,,,,,watch,,,"wrote nothing in any run: the native controller held the reading inside the band, the law never left its cushion and had nothing to push; nothing to earn, nothing lost",results/realms/MUSCLES.csv
modelled muscle,Distribution / Specialized: Network Routing & Switching,power,port_link_power,yes,,,,,watch,,,"wrote nothing in any run: the native controller held the reading inside the band, the law never left its cushion and had nothing to push; nothing to earn, nothing lost",results/realms/MUSCLES.csv
modelled muscle,Distribution / Specialized: Storage Block/File/Object,capacity,scrub_schedule,yes,,,,,watch,,,"wrote nothing in any run: the native controller held the reading inside the band, the law never left its cushion and had nothing to push; nothing to earn, nothing lost",results/realms/MUSCLES.csv
modelled muscle,Distribution / Specialized: Storage Block/File/Object,capacity,io_scheduler,yes,,,,,watch,,,"wrote nothing in any run: the native controller held the reading inside the band, the law never left its cushion and had nothing to push; nothing to earn, nothing lost",results/realms/MUSCLES.csv
modelled muscle,Distribution / Specialized: Storage Block/File/Object,power,disk_power_spin_down,yes,,,,,watch,,,"wrote nothing in any run: the native controller held the reading inside the band, the law never left its cushion and had nothing to push; nothing to earn, nothing lost",results/realms/MUSCLES.csv
modelled muscle,Distribution / Specialized: Storage Block/File/Object,capacity,lifecycle_tiering,yes,,,,,watch,,,"wrote nothing in any run: the native controller held the reading inside the band, the law never left its cushion and had nothing to push; nothing to earn, nothing lost",results/realms/MUSCLES.csv
modelled muscle,Distribution / Specialized: Observability & Telemetry,setpoint,metric_scrape_interval,yes,,,,,watch,,,"wrote nothing in any run: the native controller held the reading inside the band, the law never left its cushion and had nothing to push; nothing to earn, nothing lost",results/realms/MUSCLES.csv
modelled muscle,Distribution / Specialized: Observability & Telemetry,capacity,batching,yes,,,,,watch,,,"wrote nothing in any run: the native controller held the reading inside the band, the law never left its cushion and had nothing to push; nothing to earn, nothing lost",results/realms/MUSCLES.csv
modelled muscle,"Energy / Facility / Industrial: Cooling, Chillers & Thermodynamics",capacity,server_fan_speed,yes,,,,,watch,,,"wrote nothing in any run: the native controller held the reading inside the band, the law never left its cushion and had nothing to push; nothing to earn, nothing lost",results/realms/MUSCLES.csv
modelled muscle,"Energy / Facility / Industrial: Cooling, Chillers & Thermodynamics",capacity,economiser,yes,,,,,watch,,,"wrote nothing in any run: the native controller held the reading inside the band, the law never left its cushion and had nothing to push; nothing to earn, nothing lost",results/realms/MUSCLES.csv
modelled muscle,"Energy / Facility / Industrial: PDU, UPS & Electrical Distribution",capacity,ups_shutdown_battery_test,yes,,,,,watch,,,"wrote nothing in any run: the native controller held the reading inside the band, the law never left its cushion and had nothing to push; nothing to earn, nothing lost",results/realms/MUSCLES.csv
modelled muscle,Compute / AI / Cloud: AI Inference Serving,admission,autoscaling_target_concurrency_qps,yes,,,,,watch,,,"wrote nothing in any run: the native controller held the reading inside the band, the law never left its cushion and had nothing to push; nothing to earn, nothing lost",results/realms/MUSCLES.csv
modelled muscle,Compute / AI / Cloud: AI Inference Serving,setpoint,scale_to_zero_panic_window,yes,,,,,watch,,,"wrote nothing in any run: the native controller held the reading inside the band, the law never left its cushion and had nothing to push; nothing to earn, nothing lost",results/realms/MUSCLES.csv
modelled muscle,Compute / AI / Cloud: AI Inference Serving,admission,request_priority_levels,yes,,,,,watch,,,"wrote nothing in any run: the native controller held the reading inside the band, the law never left its cushion and had nothing to push; nothing to earn, nothing lost",results/realms/MUSCLES.csv
modelled muscle,Compute / AI / Cloud: AI Inference Serving,capacity,kv_cache_swap_space,yes,,,,,watch,,,"wrote nothing in any run: the native controller held the reading inside the band, the law never left its cushion and had nothing to push; nothing to earn, nothing lost",results/realms/MUSCLES.csv
modelled muscle,Compute / AI / Cloud: AI Inference Serving,capacity,chunked_prefill,yes,,,,,watch,,,"wrote nothing in any run: the native controller held the reading inside the band, the law never left its cushion and had nothing to push; nothing to earn, nothing lost",results/realms/MUSCLES.csv
modelled muscle,Compute / AI / Cloud: AI Inference Serving,capacity,tensor_parallel_degree,yes,,,,,watch,,,"wrote nothing in any run: the native controller held the reading inside the band, the law never left its cushion and had nothing to push; nothing to earn, nothing lost",results/realms/MUSCLES.csv
modelled muscle,Compute / AI / Cloud: AI Inference Serving,capacity,disaggregated_prefill_decode,yes,,,,,watch,,,"wrote nothing in any run: the native controller held the reading inside the band, the law never left its cushion and had nothing to push; nothing to earn, nothing lost",results/realms/MUSCLES.csv
modelled muscle,Compute / AI / Cloud: AI Inference Serving,capacity,lora_adapter_load,yes,,,,,watch,,,"wrote nothing in any run: the native controller held the reading inside the band, the law never left its cushion and had nothing to push; nothing to earn, nothing lost",results/realms/MUSCLES.csv
modelled muscle,Compute / AI / Cloud: AI Training,capacity,activation_checkpointing,yes,,,,,watch,,,"wrote nothing in any run: the native controller held the reading inside the band, the law never left its cushion and had nothing to push; nothing to earn, nothing lost",results/realms/MUSCLES.csv
modelled muscle,Compute / AI / Cloud: AI Training,capacity,dataloader_workers,yes,,,,,watch,,,"wrote nothing in any run: the native controller held the reading inside the band, the law never left its cushion and had nothing to push; nothing to earn, nothing lost",results/realms/MUSCLES.csv
modelled muscle,Compute / AI / Cloud: GPU Fabric & RDMA,capacity,collective_protocol,yes,,,,,watch,,,"wrote nothing in any run: the native controller held the reading inside the band, the law never left its cushion and had nothing to push; nothing to earn, nothing lost",results/realms/MUSCLES.csv
modelled muscle,Compute / AI / Cloud: GPU Fabric & RDMA,capacity,nic_hca_selection,yes,,,,,watch,,,"wrote nothing in any run: the native controller held the reading inside the band, the law never left its cushion and had nothing to push; nothing to earn, nothing lost",results/realms/MUSCLES.csv
modelled muscle,Compute / AI / Cloud: HPC & Distributed Compute,power,node_power_saving,yes,,,,,write,,,"work per energy +1.6% (+1.3% to +2.0%), work +0.0%, violations +0.00 pp, guardrails held",results/realms/MUSCLES.csv
modelled muscle,Compute / AI / Cloud: HPC & Distributed Compute,power,cpu_frequency_per_job,yes,,,,,write,,,"work per energy +1.8% (+1.3% to +2.2%), work +0.0%, violations +0.00 pp, guardrails held",results/realms/MUSCLES.csv
modelled muscle,Compute / AI / Cloud: HPC & Distributed Compute,capacity,partition_limits,yes,,,,,watch,,,"wrote nothing in any run: the native controller held the reading inside the band, the law never left its cushion and had nothing to push; nothing to earn, nothing lost",results/realms/MUSCLES.csv
modelled muscle,Compute / AI / Cloud: Work Admission & Demand Shaping,admission,request_concurrency_limit,yes,,,,,watch,,,"wrote nothing in any run: the native controller held the reading inside the band, the law never left its cushion and had nothing to push; nothing to earn, nothing lost",results/realms/MUSCLES.csv
modelled muscle,Physics / Robotics / Autonomous: Robotics Motion Control,capacity,trajectory_tolerances,yes,,,,,write,,,"work per energy +0.3% (+0.2% to +0.4%), work +0.0%, violations +0.00 pp, guardrails held",results/realms/MUSCLES.csv
modelled muscle,Physics / Robotics / Autonomous: Robotics Motion Control,capacity,velocity_acceleration_scaling,yes,,,,,watch,,,"wrote nothing in any run: the native controller held the reading inside the band, the law never left its cushion and had nothing to push; nothing to earn, nothing lost",results/realms/MUSCLES.csv
modelled muscle,Physics / Robotics / Autonomous: Robotics Motion Control,capacity,controller_update_rate,yes,,,,,watch,,,"wrote nothing in any run: the native controller held the reading inside the band, the law never left its cushion and had nothing to push; nothing to earn, nothing lost",results/realms/MUSCLES.csv
modelled muscle,Physics / Robotics / Autonomous: Aviation & Autonomous Flight,capacity,attitude_rate_gains,yes,,,,,write,,,"work per energy +0.1% (+0.0% to +0.1%), work +0.0%, violations +0.00 pp, guardrails held",results/realms/MUSCLES.csv
modelled muscle,Physics / Robotics / Autonomous: Aviation & Autonomous Flight,power,horizontal_speed_limit,yes,,,,,watch,,,"wrote nothing in any run: the native controller held the reading inside the band, the law never left its cushion and had nothing to push; nothing to earn, nothing lost",results/realms/MUSCLES.csv
modelled muscle,Physics / Robotics / Autonomous: Aviation & Autonomous Flight,power,vertical_speed_limits,yes,,,,,watch,,,"wrote nothing in any run: the native controller held the reading inside the band, the law never left its cushion and had nothing to push; nothing to earn, nothing lost",results/realms/MUSCLES.csv
modelled muscle,Physics / Robotics / Autonomous: Aviation & Autonomous Flight,power,acceleration_jerk_limits,yes,,,,,watch,,,"wrote nothing in any run: the native controller held the reading inside the band, the law never left its cushion and had nothing to push; nothing to earn, nothing lost",results/realms/MUSCLES.csv
modelled muscle,Physics / Robotics / Autonomous: Automotive EV & Mobile Powertrain,power,state_of_charge_limits,yes,,,,,watch,,,"wrote nothing in any run: the native controller held the reading inside the band, the law never left its cushion and had nothing to push; nothing to earn, nothing lost",results/realms/MUSCLES.csv
modelled muscle,Physics / Robotics / Autonomous: Automotive EV & Mobile Powertrain,admission,smart_charging_schedule,yes,,,,,watch,,,"wrote nothing in any run: the native controller held the reading inside the band, the law never left its cushion and had nothing to push; nothing to earn, nothing lost",results/realms/MUSCLES.csv
modelled muscle,Energy / Facility / Industrial: Energy Storage & Microgrid,capacity,volt_var,yes,,,,,watch,,,"wrote nothing in any run: the native controller held the reading inside the band, the law never left its cushion and had nothing to push; nothing to earn, nothing lost",results/realms/MUSCLES.csv
modelled muscle,Energy / Facility / Industrial: Energy Storage & Microgrid,capacity,volt_watt,yes,,,,,watch,,,"wrote nothing in any run: the native controller held the reading inside the band, the law never left its cushion and had nothing to push; nothing to earn, nothing lost",results/realms/MUSCLES.csv
modelled muscle,Energy / Facility / Industrial: Energy Storage & Microgrid,power,constant_power_factor_reactive_power,yes,,,,,watch,,,"wrote nothing in any run: the native controller held the reading inside the band, the law never left its cushion and had nothing to push; nothing to earn, nothing lost",results/realms/MUSCLES.csv
modelled muscle,Energy / Facility / Industrial: Industrial PLC & Process Automation,capacity,controller_mode,yes,,,,,watch,,,"wrote 648 times a run with no measurable change in work per energy (+0.0%, +0.0% to +0.0%): the interval includes zero, so nothing is claimed either way",results/realms/MUSCLES.csv
modelled muscle,Energy / Facility / Industrial: Industrial PLC & Process Automation,capacity,alarm_limits,yes,,,,,watch,,,"wrote 648 times a run with no measurable change in work per energy (+0.0%, +0.0% to +0.0%): the interval includes zero, so nothing is claimed either way",results/realms/MUSCLES.csv
modelled muscle,Energy / Facility / Industrial: Industrial PLC & Process Automation,capacity,safety_interlock_trip,yes,,,,,watch,,,"wrote 648 times a run with no measurable change in work per energy (+0.0%, +0.0% to +0.0%): the interval includes zero, so nothing is claimed either way",results/realms/MUSCLES.csv
modelled muscle,Energy / Facility / Industrial: Industrial PLC & Process Automation,capacity,opc_ua_writes,yes,,,,,watch,,,"wrote 648 times a run with no measurable change in work per energy (+0.0%, +0.0% to +0.0%): the interval includes zero, so nothing is claimed either way",results/realms/MUSCLES.csv
modelled muscle,Energy / Facility / Industrial: Semiconductor Fab & Precision Manufacturing,capacity,run_to_run_control,yes,,,,,watch,,,"wrote 648 times a run with no measurable change in work per energy (+0.0%, +0.0% to +0.0%): the interval includes zero, so nothing is claimed either way",results/realms/MUSCLES.csv
modelled muscle,Energy / Facility / Industrial: Semiconductor Fab & Precision Manufacturing,capacity,idle_sleep_mode,yes,,,,,watch,,,"wrote 648 times a run with no measurable change in work per energy (+0.0%, +0.0% to +0.0%): the interval includes zero, so nothing is claimed either way",results/realms/MUSCLES.csv
modelled muscle,Energy / Facility / Industrial: Building & Critical Environment HVAC,setpoint,setpoint_reset_trim_and_respond,yes,,,,,write,,,"work per energy +4.9% (+4.7% to +5.1%), work +0.0%, violations +0.00 pp, guardrails held; a fixed setpoint at the band's calm end gave +13.6% within the same guardrails: the gain is the band's, and an operator may fix the setpoint instead of wiring in",results/realms/MUSCLES.csv
modelled muscle,Energy / Facility / Industrial: Building & Critical Environment HVAC,setpoint,duct_static_pressure_setpoint,yes,,,,,write,,,"work per energy +5.0% (+4.8% to +5.2%), work +0.0%, violations +0.00 pp, guardrails held; a fixed setpoint at the calm end gave +13.9% but broke the service guardrail (energy improvement with service tradeoff): the moving hand is what keeps the service",results/realms/MUSCLES.csv
modelled muscle,Energy / Facility / Industrial: Building & Critical Environment HVAC,capacity,optimal_start_stop,yes,,,,,watch,,,"wrote 1 times a run with no measurable change in work per energy (+0.0%, -0.0% to +0.0%): the interval includes zero, so nothing is claimed either way",results/realms/MUSCLES.csv
modelled muscle,Distribution / Specialized: Service Mesh & API Reliability,capacity,load_balancing_policy,yes,,,,,watch,,,"wrote nothing in any run: the native controller held the reading inside the band, the law never left its cushion and had nothing to push; nothing to earn, nothing lost",results/realms/MUSCLES.csv
modelled muscle,Distribution / Specialized: Database & Transactions,capacity,parallel_workers,yes,,,,,watch,,,"wrote nothing in any run: the native controller held the reading inside the band, the law never left its cushion and had nothing to push; nothing to earn, nothing lost",results/realms/MUSCLES.csv
modelled muscle,Distribution / Specialized: Database & Transactions,capacity,background_writer,yes,,,,,watch,,,"wrote nothing in any run: the native controller held the reading inside the band, the law never left its cushion and had nothing to push; nothing to earn, nothing lost",results/realms/MUSCLES.csv
modelled muscle,Distribution / Specialized: Database & Transactions,capacity,synchronous_replication,yes,,,,,watch,,,"wrote nothing in any run: the native controller held the reading inside the band, the law never left its cushion and had nothing to push; nothing to earn, nothing lost",results/realms/MUSCLES.csv
modelled muscle,Distribution / Specialized: Database & Transactions,capacity,buffer_pool,yes,,,,,watch,,,"wrote nothing in any run: the native controller held the reading inside the band, the law never left its cushion and had nothing to push; nothing to earn, nothing lost",results/realms/MUSCLES.csv
modelled muscle,Distribution / Specialized: Database & Transactions,capacity,io_capacity,yes,,,,,watch,,,"wrote nothing in any run: the native controller held the reading inside the band, the law never left its cushion and had nothing to push; nothing to earn, nothing lost",results/realms/MUSCLES.csv
modelled muscle,Distribution / Specialized: Messaging & Streaming,capacity,prefetch,yes,,,,,watch,,,"wrote nothing in any run: the native controller held the reading inside the band, the law never left its cushion and had nothing to push; nothing to earn, nothing lost",results/realms/MUSCLES.csv
modelled muscle,Distribution / Specialized: Messaging & Streaming,capacity,memory_disk_alarm,yes,,,,,watch,,,"wrote nothing in any run: the native controller held the reading inside the band, the law never left its cushion and had nothing to push; nothing to earn, nothing lost",results/realms/MUSCLES.csv
modelled muscle,Distribution / Specialized: Cache & Memory Services,capacity,memory_size_threads,yes,,,,,watch,,,"wrote nothing in any run: the native controller held the reading inside the band, the law never left its cushion and had nothing to push; nothing to earn, nothing lost",results/realms/MUSCLES.csv
modelled muscle,"Distribution / Specialized: Search, Indexing & Vector DB",admission,circuit_breakers,yes,,,,,watch,,,"wrote nothing in any run: the native controller held the reading inside the band, the law never left its cushion and had nothing to push; nothing to earn, nothing lost",results/realms/MUSCLES.csv
modelled muscle,Distribution / Specialized: Runtime & Application,capacity,go_runtime,yes,,,,,watch,,,"wrote nothing in any run: the native controller held the reading inside the band, the law never left its cushion and had nothing to push; nothing to earn, nothing lost",results/realms/MUSCLES.csv
modelled muscle,Distribution / Specialized: Runtime & Application,capacity,keepalive_connection_reuse,yes,,,,,watch,,,"wrote nothing in any run: the native controller held the reading inside the band, the law never left its cushion and had nothing to push; nothing to earn, nothing lost",results/realms/MUSCLES.csv
modelled muscle,"Energy / Facility / Industrial: PDU, UPS & Electrical Distribution",power,hierarchical_power_budget_row_pdu_switchboard_controllers,yes,,,,,watch,,,"wrote nothing in any run: the native controller held the reading inside the band, the law never left its cushion and had nothing to push; nothing to earn, nothing lost",results/realms/MUSCLES.csv
modelled muscle,"Energy / Facility / Industrial: PDU, UPS & Electrical Distribution",power,priority_aware_capping_throttle_low_priority_first,yes,,,,,watch,,,"wrote nothing in any run: the native controller held the reading inside the band, the law never left its cushion and had nothing to push; nothing to earn, nothing lost",results/realms/MUSCLES.csv
modelled muscle,Compute / AI / Cloud: Host CPU & Memory,capacity,core_packing,yes,,,,,watch,,,"wrote nothing in any run: the native controller held the reading inside the band, the law never left its cushion and had nothing to push; nothing to earn, nothing lost",results/realms/MUSCLES.csv
modelled muscle,"Energy / Facility / Industrial: PDU, UPS & Electrical Distribution",power,power_oversubscription_with_prediction,yes,,,,,watch,,,"wrote nothing in any run: the native controller held the reading inside the band, the law never left its cushion and had nothing to push; nothing to earn, nothing lost",results/realms/MUSCLES.csv
modelled muscle,Compute / AI / Cloud: Cloud VM & Capacity,admission,vm_cpu_cap_by_priority,yes,,,,,watch,,,"wrote nothing in any run: the native controller held the reading inside the band, the law never left its cushion and had nothing to push; nothing to earn, nothing lost",results/realms/MUSCLES.csv
modelled muscle,Compute / AI / Cloud: Host CPU & Memory,power,per_pod_cpu_frequency_range_and_c_state_access,yes,,,,,write,,,"work per energy +1.5% (+1.3% to +1.8%), work +0.0%, violations -0.24 pp, guardrails held",results/realms/MUSCLES.csv
modelled muscle,Compute / AI / Cloud: Host CPU & Memory,power,uncore_frequency_per_node,yes,,,,,write,,,"work per energy +1.8% (+1.3% to +2.2%), work -0.0%, violations -0.10 pp, guardrails held",results/realms/MUSCLES.csv
modelled muscle,Compute / AI / Cloud: NVIDIA GPU Hardware,capacity,sync_boost,yes,,,,,watch,,,"wrote nothing in any run: the native controller held the reading inside the band, the law never left its cushion and had nothing to push; nothing to earn, nothing lost",results/realms/MUSCLES.csv
modelled muscle,Compute / AI / Cloud: NVIDIA GPU Hardware,power,target_clocks,yes,,,,,write,,,"work per energy +2.5% (+2.1% to +2.9%), work +0.0%, violations -0.56 pp, guardrails held",results/realms/MUSCLES.csv
modelled muscle,Distribution / Specialized: Observability & Telemetry,capacity,per_pod_energy_attribution,yes,,,,,watch,,,"wrote nothing in any run: the native controller held the reading inside the band, the law never left its cushion and had nothing to push; nothing to earn, nothing lost",results/realms/MUSCLES.csv
modelled muscle,Compute / AI / Cloud: Cloud VM & Capacity,capacity,predictive_scaling,yes,,,,,watch,,,"wrote nothing in any run: the native controller held the reading inside the band, the law never left its cushion and had nothing to push; nothing to earn, nothing lost",results/realms/MUSCLES.csv
modelled muscle,Compute / AI / Cloud: Cloud VM & Capacity,capacity,instance_refresh,yes,,,,,watch,,,"wrote nothing in any run: the native controller held the reading inside the band, the law never left its cushion and had nothing to push; nothing to earn, nothing lost",results/realms/MUSCLES.csv
modelled muscle,"Energy / Facility / Industrial: Cooling, Chillers & Thermodynamics",capacity,chiller_plant_supervisory_control_rl_with_safety_layer,yes,,,,,watch,,,"wrote nothing in any run: the native controller held the reading inside the band, the law never left its cushion and had nothing to push; nothing to earn, nothing lost",results/realms/MUSCLES.csv
modelled muscle,Compute / AI / Cloud: Work Admission & Demand Shaping,admission,adaptive_concurrency_limit,yes,,,,,watch,,,"wrote nothing in any run: the native controller held the reading inside the band, the law never left its cushion and had nothing to push; nothing to earn, nothing lost",results/realms/MUSCLES.csv
modelled muscle,Compute / AI / Cloud: Work Admission & Demand Shaping,admission,priority_request_queue_under_limit,yes,,,,,watch,,,"wrote nothing in any run: the native controller held the reading inside the band, the law never left its cushion and had nothing to push; nothing to earn, nothing lost",results/realms/MUSCLES.csv
modelled muscle,Energy / Facility / Industrial: Healthcare Critical Environments,setpoint,operating_room_air_change_setpoint,yes,,,,,write,,,"work per energy +5.2% (+5.1% to +5.3%), work +0.0%, violations +0.00 pp, guardrails held; a fixed setpoint at the band's calm end gave +8.6% within the same guardrails: the gain is the band's, and an operator may fix the setpoint instead of wiring in",results/realms/MUSCLES.csv
modelled muscle,Energy / Facility / Industrial: Healthcare Critical Environments,setpoint,isolation_room_pressure_target,yes,,,,,write,,,"work per energy +5.1% (+5.0% to +5.3%), work +0.0%, violations +0.00 pp, guardrails held; a fixed setpoint at the band's calm end gave +8.4% within the same guardrails: the gain is the band's, and an operator may fix the setpoint instead of wiring in",results/realms/MUSCLES.csv
modelled muscle,Energy / Facility / Industrial: Healthcare Critical Environments,setpoint,patient_room_temperature_setpoint,yes,,,,,write,,,"work per energy +5.2% (+5.1% to +5.3%), work +0.0%, violations +0.00 pp, guardrails held; a fixed setpoint at the band's calm end gave +8.4% within the same guardrails: the gain is the band's, and an operator may fix the setpoint instead of wiring in",results/realms/MUSCLES.csv
modelled muscle,Energy / Facility / Industrial: Healthcare Critical Environments,setpoint,surgical_suite_humidity_target,yes,,,,,write,,,"work per energy +5.1% (+5.0% to +5.2%), work +0.0%, violations +0.00 pp, guardrails held; a fixed setpoint at the band's calm end gave +8.2% within the same guardrails: the gain is the band's, and an operator may fix the setpoint instead of wiring in",results/realms/MUSCLES.csv
modelled muscle,Energy / Facility / Industrial: Healthcare Critical Environments,setpoint,ahu_supply_air_temperature,yes,,,,,write,,,"work per energy +5.2% (+5.1% to +5.3%), work +0.0%, violations +0.00 pp, guardrails held; a fixed setpoint at the band's calm end gave +8.5% within the same guardrails: the gain is the band's, and an operator may fix the setpoint instead of wiring in",results/realms/MUSCLES.csv
modelled muscle,Energy / Facility / Industrial: Healthcare Critical Environments,setpoint,pharmacy_cold_room_setpoint,yes,,,,,write,,,"work per energy +5.1% (+5.0% to +5.2%), work +0.0%, violations +0.00 pp, guardrails held; a fixed setpoint at the band's calm end gave +8.3% within the same guardrails: the gain is the band's, and an operator may fix the setpoint instead of wiring in",results/realms/MUSCLES.csv
modelled muscle,Energy / Facility / Industrial: Healthcare Critical Environments,setpoint,sterile_storage_humidity_setpoint,yes,,,,,write,,,"work per energy +5.1% (+5.0% to +5.2%), work +0.0%, violations +0.00 pp, guardrails held; a fixed setpoint at the band's calm end gave +8.4% within the same guardrails: the gain is the band's, and an operator may fix the setpoint instead of wiring in",results/realms/MUSCLES.csv
modelled muscle,Energy / Facility / Industrial: Healthcare Critical Environments,capacity,imaging_suite_cooling_capacity,yes,,,,,watch,,,"wrote 1 times a run with no measurable change in work per energy (+0.0%, -0.0% to +0.0%): the interval includes zero, so nothing is claimed either way",results/realms/MUSCLES.csv
modelled muscle,Energy / Facility / Industrial: Healthcare Critical Environments,capacity,chiller_plant_staging,yes,,,,,watch,,,"wrote 1 times a run with no measurable change in work per energy (+0.0%, +0.0% to +0.0%): the interval includes zero, so nothing is claimed either way",results/realms/MUSCLES.csv
modelled muscle,Energy / Facility / Industrial: Healthcare Critical Environments,capacity,exhaust_fan_capacity,yes,,,,,watch,,,"wrote 1 times a run with no measurable change in work per energy (+0.0%, -0.0% to +0.0%): the interval includes zero, so nothing is claimed either way",results/realms/MUSCLES.csv
modelled muscle,Energy / Facility / Industrial: Healthcare Critical Environments,admission,ward_night_setback_mode,yes,,,,,watch,,,"wrote nothing in any run: the native controller held the reading inside the band, the law never left its cushion and had nothing to push; nothing to earn, nothing lost",results/realms/MUSCLES.csv
modelled muscle,Energy / Facility / Industrial: Healthcare Critical Environments,power,medical_gas_plant_demand_limit,yes,,,,,watch,,,"wrote nothing in any run: the native controller held the reading inside the band, the law never left its cushion and had nothing to push; nothing to earn, nothing lost",results/realms/MUSCLES.csv
modelled muscle,Energy / Facility / Industrial: Healthcare Critical Environments,admission,emergency_power_load_shed,yes,,,,,watch,,,"wrote nothing in any run: the native controller held the reading inside the band, the law never left its cushion and had nothing to push; nothing to earn, nothing lost",results/realms/MUSCLES.csv
modelled muscle,Distribution / Specialized: Medical Imaging & Clinical Systems,setpoint,pacs_archive_tier_target,yes,,,,,watch,,,"wrote nothing in any run: the native controller held the reading inside the band, the law never left its cushion and had nothing to push; nothing to earn, nothing lost",results/realms/MUSCLES.csv
modelled muscle,Distribution / Specialized: Medical Imaging & Clinical Systems,admission,dicom_router_concurrency,yes,,,,,watch,,,"wrote nothing in any run: the native controller held the reading inside the band, the law never left its cushion and had nothing to push; nothing to earn, nothing lost",results/realms/MUSCLES.csv
modelled muscle,Distribution / Specialized: Medical Imaging & Clinical Systems,capacity,ehr_application_replicas,yes,,,,,watch,,,"wrote nothing in any run: the native controller held the reading inside the band, the law never left its cushion and had nothing to push; nothing to earn, nothing lost",results/realms/MUSCLES.csv
modelled muscle,Distribution / Specialized: Medical Imaging & Clinical Systems,admission,hl7_interface_queue_limit,yes,,,,,watch,,,"wrote nothing in any run: the native controller held the reading inside the band, the law never left its cushion and had nothing to push; nothing to earn, nothing lost",results/realms/MUSCLES.csv
modelled muscle,Distribution / Specialized: Medical Imaging & Clinical Systems,admission,fhir_api_rate_limit,yes,,,,,watch,,,"wrote nothing in any run: the native controller held the reading inside the band, the law never left its cushion and had nothing to push; nothing to earn, nothing lost",results/realms/MUSCLES.csv
modelled muscle,Distribution / Specialized: Medical Imaging & Clinical Systems,capacity,reconstruction_gpu_workers,yes,,,,,watch,,,"wrote nothing in any run: the native controller held the reading inside the band, the law never left its cushion and had nothing to push; nothing to earn, nothing lost",results/realms/MUSCLES.csv
modelled muscle,Distribution / Specialized: Medical Imaging & Clinical Systems,admission,modality_worklist_timeout,yes,,,,,watch,,,"wrote nothing in any run: the native controller held the reading inside the band, the law never left its cushion and had nothing to push; nothing to earn, nothing lost",results/realms/MUSCLES.csv
modelled muscle,Distribution / Specialized: Medical Imaging & Clinical Systems,admission,patient_monitoring_gateway_capacity,yes,,,,,watch,,,"wrote nothing in any run: the native controller held the reading inside the band, the law never left its cushion and had nothing to push; nothing to earn, nothing lost",results/realms/MUSCLES.csv
modelled muscle,Distribution / Specialized: Medical Imaging & Clinical Systems,admission,lab_analyzer_batch_window,yes,,,,,watch,,,"wrote nothing in any run: the native controller held the reading inside the band, the law never left its cushion and had nothing to push; nothing to earn, nothing lost",results/realms/MUSCLES.csv
modelled muscle,Distribution / Specialized: Medical Imaging & Clinical Systems,admission,telehealth_session_admission,yes,,,,,watch,,,"wrote nothing in any run: the native controller held the reading inside the band, the law never left its cushion and had nothing to push; nothing to earn, nothing lost",results/realms/MUSCLES.csv
modelled muscle,Distribution / Specialized: Medical Imaging & Clinical Systems,admission,clinical_backup_window,yes,,,,,watch,,,"wrote nothing in any run: the native controller held the reading inside the band, the law never left its cushion and had nothing to push; nothing to earn, nothing lost",results/realms/MUSCLES.csv
modelled muscle,Distribution / Specialized: Medical Imaging & Clinical Systems,admission,imaging_prefetch_priority,yes,,,,,watch,,,"wrote nothing in any run: the native controller held the reading inside the band, the law never left its cushion and had nothing to push; nothing to earn, nothing lost",results/realms/MUSCLES.csv
modelled muscle,Energy / Facility / Industrial: Agriculture & Irrigation,capacity,irrigation_pump_speed,yes,,,,,watch,,,"wrote 644 times a run with no measurable change in work per energy (+0.0%, +0.0% to +0.0%): the interval includes zero, so nothing is claimed either way",results/realms/MUSCLES.csv
modelled muscle,Energy / Facility / Industrial: Agriculture & Irrigation,setpoint,mainline_pressure_setpoint,yes,,,,,write,,,"work per energy +18.0% (+16.6% to +19.3%), work +0.0%, violations +0.00 pp, guardrails held; a fixed setpoint at the band's calm end gave +23.6% within the same guardrails: the gain is the band's, and an operator may fix the setpoint instead of wiring in",results/realms/MUSCLES.csv
modelled muscle,Energy / Facility / Industrial: Agriculture & Irrigation,setpoint,soil_moisture_target,yes,,,,,write,,,"work per energy +17.0% (+15.1% to +18.9%), work +0.0%, violations +0.00 pp, guardrails held; a fixed setpoint at the band's calm end gave +22.4% within the same guardrails: the gain is the band's, and an operator may fix the setpoint instead of wiring in",results/realms/MUSCLES.csv
modelled muscle,Energy / Facility / Industrial: Agriculture & Irrigation,setpoint,pivot_speed_setpoint,yes,,,,,write,,,"work per energy +18.2% (+16.6% to +19.9%), work +0.0%, violations +0.00 pp, guardrails held; a fixed setpoint at the band's calm end gave +24.2% within the same guardrails: the gain is the band's, and an operator may fix the setpoint instead of wiring in",results/realms/MUSCLES.csv
modelled muscle,Energy / Facility / Industrial: Agriculture & Irrigation,power,fertigation_dose,yes,,,,,watch,,,"wrote 190 times a run with no measurable change in work per energy (+0.0%, +0.0% to +0.0%): the interval includes zero, so nothing is claimed either way",results/realms/MUSCLES.csv
modelled muscle,Energy / Facility / Industrial: Agriculture & Irrigation,setpoint,greenhouse_temperature_setpoint,yes,,,,,write,,,"work per energy +19.4% (+17.9% to +21.0%), work +0.0%, violations +0.00 pp, guardrails held; a fixed setpoint at the band's calm end gave +25.7% within the same guardrails: the gain is the band's, and an operator may fix the setpoint instead of wiring in",results/realms/MUSCLES.csv
modelled muscle,Energy / Facility / Industrial: Agriculture & Irrigation,setpoint,greenhouse_co2_target,yes,,,,,write,,,"work per energy +17.2% (+15.4% to +18.9%), work +0.0%, violations +0.00 pp, guardrails held; a fixed setpoint at the band's calm end gave +22.7% within the same guardrails: the gain is the band's, and an operator may fix the setpoint instead of wiring in",results/realms/MUSCLES.csv
modelled muscle,Energy / Facility / Industrial: Agriculture & Irrigation,setpoint,vent_position_setpoint,yes,,,,,write,,,"work per energy +16.5% (+14.8% to +18.3%), work +0.0%, violations +0.00 pp, guardrails held; a fixed setpoint at the band's calm end gave +21.8% within the same guardrails: the gain is the band's, and an operator may fix the setpoint instead of wiring in",results/realms/MUSCLES.csv
modelled muscle,Energy / Facility / Industrial: Agriculture & Irrigation,setpoint,grain_dryer_temperature_setpoint,yes,,,,,write,,,"work per energy +17.5% (+15.9% to +19.1%), work +0.0%, violations +0.00 pp, guardrails held; a fixed setpoint at the band's calm end gave +23.2% within the same guardrails: the gain is the band's, and an operator may fix the setpoint instead of wiring in",results/realms/MUSCLES.csv
modelled muscle,Energy / Facility / Industrial: Agriculture & Irrigation,setpoint,cold_storage_temperature_setpoint,yes,,,,,write,,,"work per energy +16.9% (+15.0% to +18.8%), work +0.0%, violations +0.00 pp, guardrails held; a fixed setpoint at the band's calm end gave +22.1% within the same guardrails: the gain is the band's, and an operator may fix the setpoint instead of wiring in",results/realms/MUSCLES.csv
modelled muscle,Energy / Facility / Industrial: Agriculture & Irrigation,capacity,barn_ventilation_rate,yes,,,,,watch,,,"wrote 644 times a run with no measurable change in work per energy (+0.0%, +0.0% to +0.0%): the interval includes zero, so nothing is claimed either way",results/realms/MUSCLES.csv
modelled muscle,Energy / Facility / Industrial: Agriculture & Irrigation,setpoint,milking_vacuum_level_setpoint,yes,,,,,write,,,"work per energy +16.4% (+15.1% to +17.8%), work +0.0%, violations +0.00 pp, guardrails held; a fixed setpoint at the band's calm end gave +21.5% within the same guardrails: the gain is the band's, and an operator may fix the setpoint instead of wiring in",results/realms/MUSCLES.csv
modelled muscle,Energy / Facility / Industrial: Agriculture & Irrigation,setpoint,well_drawdown_level_target,yes,,,,,write,,,"work per energy +18.5% (+16.8% to +20.2%), work +0.0%, violations +0.00 pp, guardrails held; a fixed setpoint at the band's calm end gave +24.4% within the same guardrails: the gain is the band's, and an operator may fix the setpoint instead of wiring in",results/realms/MUSCLES.csv
modelled muscle,Energy / Facility / Industrial: Agriculture & Irrigation,admission,drip_zone_dispatch,yes,,,,,watch,,,"wrote nothing in any run: the native controller held the reading inside the band, the law never left its cushion and had nothing to push; nothing to earn, nothing lost",results/realms/MUSCLES.csv
modelled muscle,Energy / Facility / Industrial: Oil & Gas Pipelines,setpoint,compressor_discharge_pressure_setpoint,yes,,,,,write,,,"work per energy +8.3% (+7.7% to +8.8%), work +0.0%, violations +0.00 pp, guardrails held; a fixed setpoint at the band's calm end gave +11.3% within the same guardrails: the gain is the band's, and an operator may fix the setpoint instead of wiring in",results/realms/MUSCLES.csv
modelled muscle,Energy / Facility / Industrial: Oil & Gas Pipelines,setpoint,pump_station_suction_pressure_target,yes,,,,,write,,,"work per energy +8.2% (+7.7% to +8.6%), work +0.0%, violations +0.00 pp, guardrails held; a fixed setpoint at the band's calm end gave +11.0% within the same guardrails: the gain is the band's, and an operator may fix the setpoint instead of wiring in",results/realms/MUSCLES.csv
modelled muscle,Energy / Facility / Industrial: Oil & Gas Pipelines,setpoint,line_pack_target,yes,,,,,write,,,"work per energy +7.6% (+7.0% to +8.2%), work +0.0%, violations +0.00 pp, guardrails held; a fixed setpoint at the band's calm end gave +10.6% within the same guardrails: the gain is the band's, and an operator may fix the setpoint instead of wiring in",results/realms/MUSCLES.csv
modelled muscle,Energy / Facility / Industrial: Oil & Gas Pipelines,setpoint,pipeline_flow_setpoint,yes,,,,,write,,,"work per energy +8.2% (+7.6% to +8.7%), work +0.0%, violations +0.00 pp, guardrails held; a fixed setpoint at the band's calm end gave +11.1% within the same guardrails: the gain is the band's, and an operator may fix the setpoint instead of wiring in",results/realms/MUSCLES.csv
modelled muscle,Energy / Facility / Industrial: Oil & Gas Pipelines,capacity,compressor_unit_staging,yes,,,,,watch,,,"wrote 648 times a run with no measurable change in work per energy (+0.0%, +0.0% to +0.0%): the interval includes zero, so nothing is claimed either way",results/realms/MUSCLES.csv
modelled muscle,Energy / Facility / Industrial: Oil & Gas Pipelines,capacity,vfd_pump_speed,yes,,,,,watch,,,"wrote 646 times a run with no measurable change in work per energy (+0.0%, +0.0% to +0.0%): the interval includes zero, so nothing is claimed either way",results/realms/MUSCLES.csv
modelled muscle,Energy / Facility / Industrial: Oil & Gas Pipelines,setpoint,terminal_tank_level_target,yes,,,,,write,,,"work per energy +7.6% (+7.0% to +8.2%), work +0.0%, violations +0.00 pp, guardrails held; a fixed setpoint at the band's calm end gave +10.7% within the same guardrails: the gain is the band's, and an operator may fix the setpoint instead of wiring in",results/realms/MUSCLES.csv
modelled muscle,Energy / Facility / Industrial: Oil & Gas Pipelines,admission,leak_detection_shutdown,yes,,,,,watch,,,"wrote nothing in any run: the native controller held the reading inside the band, the law never left its cushion and had nothing to push; nothing to earn, nothing lost",results/realms/MUSCLES.csv
modelled muscle,Energy / Facility / Industrial: Oil & Gas Pipelines,admission,batch_interface_dispatch,yes,,,,,watch,,,"wrote nothing in any run: the native controller held the reading inside the band, the law never left its cushion and had nothing to push; nothing to earn, nothing lost",results/realms/MUSCLES.csv
modelled muscle,Energy / Facility / Industrial: Oil & Gas Pipelines,setpoint,heater_outlet_temperature_setpoint,yes,,,,,write,,,"work per energy +7.9% (+7.4% to +8.4%), work +0.0%, violations +0.00 pp, guardrails held; a fixed setpoint at the band's calm end gave +10.6% within the same guardrails: the gain is the band's, and an operator may fix the setpoint instead of wiring in",results/realms/MUSCLES.csv
modelled muscle,Energy / Facility / Industrial: Oil & Gas Pipelines,power,drag_reducing_agent_dose,yes,,,,,watch,,,"wrote 610 times a run with no measurable change in work per energy (+0.0%, +0.0% to +0.0%): the interval includes zero, so nothing is claimed either way",results/realms/MUSCLES.csv
modelled muscle,Energy / Facility / Industrial: Oil & Gas Pipelines,setpoint,valve_position_target,yes,,,,,write,,,"work per energy +8.0% (+7.5% to +8.5%), work +0.0%, violations +0.00 pp, guardrails held; a fixed setpoint at the band's calm end gave +10.9% within the same guardrails: the gain is the band's, and an operator may fix the setpoint instead of wiring in",results/realms/MUSCLES.csv
modelled muscle,Energy / Facility / Industrial: Oil & Gas Pipelines,setpoint,cathodic_protection_voltage,yes,,,,,write,,,"work per energy +8.2% (+7.8% to +8.5%), work +0.0%, violations +0.00 pp, guardrails held; a fixed setpoint at the band's calm end gave +11.0% within the same guardrails: the gain is the band's, and an operator may fix the setpoint instead of wiring in",results/realms/MUSCLES.csv
modelled muscle,Energy / Facility / Industrial: Oil & Gas Pipelines,admission,pressure_protection_priority,yes,,,,,watch,,,"wrote nothing in any run: the native controller held the reading inside the band, the law never left its cushion and had nothing to push; nothing to earn, nothing lost",results/realms/MUSCLES.csv
modelled muscle,Physics / Robotics / Autonomous: Rail Traction & Train Control,power,traction_effort_limit,yes,,,,,watch,,,"wrote nothing in any run: the native controller held the reading inside the band, the law never left its cushion and had nothing to push; nothing to earn, nothing lost",results/realms/MUSCLES.csv
modelled muscle,Physics / Robotics / Autonomous: Rail Traction & Train Control,power,regenerative_braking_share,yes,,,,,watch,,,"wrote nothing in any run: the native controller held the reading inside the band, the law never left its cushion and had nothing to push; nothing to earn, nothing lost",results/realms/MUSCLES.csv
modelled muscle,Physics / Robotics / Autonomous: Rail Traction & Train Control,capacity,coasting_speed_target,yes,,,,,watch,,,"wrote nothing in any run: the native controller held the reading inside the band, the law never left its cushion and had nothing to push; nothing to earn, nothing lost",results/realms/MUSCLES.csv
modelled muscle,Physics / Robotics / Autonomous: Rail Traction & Train Control,admission,dwell_time_schedule,yes,,,,,watch,,,"wrote nothing in any run: the native controller held the reading inside the band, the law never left its cushion and had nothing to push; nothing to earn, nothing lost",results/realms/MUSCLES.csv
modelled muscle,Physics / Robotics / Autonomous: Rail Traction & Train Control,power,hvac_duty_cycle,yes,,,,,watch,,,"wrote nothing in any run: the native controller held the reading inside the band, the law never left its cushion and had nothing to push; nothing to earn, nothing lost",results/realms/MUSCLES.csv
modelled muscle,Physics / Robotics / Autonomous: Rail Traction & Train Control,power,train_auxiliary_power_budget,yes,,,,,watch,,,"wrote nothing in any run: the native controller held the reading inside the band, the law never left its cushion and had nothing to push; nothing to earn, nothing lost",results/realms/MUSCLES.csv
modelled muscle,Physics / Robotics / Autonomous: Rail Traction & Train Control,capacity,platform_approach_speed,yes,,,,,watch,,,"wrote nothing in any run: the native controller held the reading inside the band, the law never left its cushion and had nothing to push; nothing to earn, nothing lost",results/realms/MUSCLES.csv
modelled muscle,Physics / Robotics / Autonomous: Rail Traction & Train Control,capacity,acceleration_rate_setpoint,yes,,,,,watch,,,"wrote nothing in any run: the native controller held the reading inside the band, the law never left its cushion and had nothing to push; nothing to earn, nothing lost",results/realms/MUSCLES.csv
modelled muscle,Physics / Robotics / Autonomous: Rail Traction & Train Control,admission,wheel_slip_protection_mode,yes,,,,,watch,,,"wrote nothing in any run: the native controller held the reading inside the band, the law never left its cushion and had nothing to push; nothing to earn, nothing lost",results/realms/MUSCLES.csv
modelled muscle,Physics / Robotics / Autonomous: Rail Traction & Train Control,power,traction_motor_thermal_derate,yes,,,,,watch,,,"wrote nothing in any run: the native controller held the reading inside the band, the law never left its cushion and had nothing to push; nothing to earn, nothing lost",results/realms/MUSCLES.csv
modelled muscle,Physics / Robotics / Autonomous: Rail Traction & Train Control,power,catenary_voltage_limit,yes,,,,,watch,,,"wrote nothing in any run: the native controller held the reading inside the band, the law never left its cushion and had nothing to push; nothing to earn, nothing lost",results/realms/MUSCLES.csv
modelled muscle,Physics / Robotics / Autonomous: Rail Traction & Train Control,admission,timetable_recovery_margin,yes,,,,,watch,,,"wrote nothing in any run: the native controller held the reading inside the band, the law never left its cushion and had nothing to push; nothing to earn, nothing lost",results/realms/MUSCLES.csv
modelled muscle,Physics / Robotics / Autonomous: Rail Traction & Train Control,capacity,headway_target,yes,,,,,watch,,,"wrote nothing in any run: the native controller held the reading inside the band, the law never left its cushion and had nothing to push; nothing to earn, nothing lost",results/realms/MUSCLES.csv
modelled muscle,Physics / Robotics / Autonomous: Rail Traction & Train Control,admission,door_release_hold,yes,,,,,watch,,,"wrote nothing in any run: the native controller held the reading inside the band, the law never left its cushion and had nothing to push; nothing to earn, nothing lost",results/realms/MUSCLES.csv
modelled muscle,Physics / Robotics / Autonomous: Marine Propulsion & Vessel Automation,capacity,shaft_speed_target,yes,,,,,watch,,,"wrote nothing in any run: the native controller held the reading inside the band, the law never left its cushion and had nothing to push; nothing to earn, nothing lost",results/realms/MUSCLES.csv
modelled muscle,Physics / Robotics / Autonomous: Marine Propulsion & Vessel Automation,power,propeller_pitch_limit,yes,,,,,watch,,,"wrote nothing in any run: the native controller held the reading inside the band, the law never left its cushion and had nothing to push; nothing to earn, nothing lost",results/realms/MUSCLES.csv
modelled muscle,Physics / Robotics / Autonomous: Marine Propulsion & Vessel Automation,power,shaft_power_limit,yes,,,,,watch,,,"wrote nothing in any run: the native controller held the reading inside the band, the law never left its cushion and had nothing to push; nothing to earn, nothing lost",results/realms/MUSCLES.csv
modelled muscle,Physics / Robotics / Autonomous: Marine Propulsion & Vessel Automation,power,bow_thruster_duty,yes,,,,,watch,,,"wrote nothing in any run: the native controller held the reading inside the band, the law never left its cushion and had nothing to push; nothing to earn, nothing lost",results/realms/MUSCLES.csv
modelled muscle,Physics / Robotics / Autonomous: Marine Propulsion & Vessel Automation,admission,ballast_pump_mode,yes,,,,,watch,,,"wrote nothing in any run: the native controller held the reading inside the band, the law never left its cushion and had nothing to push; nothing to earn, nothing lost",results/realms/MUSCLES.csv
modelled muscle,Physics / Robotics / Autonomous: Marine Propulsion & Vessel Automation,capacity,engine_load_sharing_setpoint,yes,,,,,watch,,,"wrote nothing in any run: the native controller held the reading inside the band, the law never left its cushion and had nothing to push; nothing to earn, nothing lost",results/realms/MUSCLES.csv
modelled muscle,Physics / Robotics / Autonomous: Marine Propulsion & Vessel Automation,capacity,slow_steaming_speed_target,yes,,,,,watch,,,"wrote 211 times a run with no measurable change in work per energy (+0.4%, -0.2% to +0.9%): the interval includes zero, so nothing is claimed either way",results/realms/MUSCLES.csv
modelled muscle,Physics / Robotics / Autonomous: Marine Propulsion & Vessel Automation,capacity,auxiliary_engine_staging,yes,,,,,watch,,,"wrote nothing in any run: the native controller held the reading inside the band, the law never left its cushion and had nothing to push; nothing to earn, nothing lost",results/realms/MUSCLES.csv
modelled muscle,Physics / Robotics / Autonomous: Marine Propulsion & Vessel Automation,admission,shore_power_mode,yes,,,,,watch,,,"wrote nothing in any run: the native controller held the reading inside the band, the law never left its cushion and had nothing to push; nothing to earn, nothing lost",results/realms/MUSCLES.csv
modelled muscle,Physics / Robotics / Autonomous: Marine Propulsion & Vessel Automation,power,hotel_load_budget,yes,,,,,watch,,,"wrote nothing in any run: the native controller held the reading inside the band, the law never left its cushion and had nothing to push; nothing to earn, nothing lost",results/realms/MUSCLES.csv
modelled muscle,Physics / Robotics / Autonomous: Marine Propulsion & Vessel Automation,capacity,trim_target,yes,,,,,watch,,,"wrote nothing in any run: the native controller held the reading inside the band, the law never left its cushion and had nothing to push; nothing to earn, nothing lost",results/realms/MUSCLES.csv
modelled muscle,Physics / Robotics / Autonomous: Marine Propulsion & Vessel Automation,power,rudder_rate_limit,yes,,,,,watch,,,"wrote nothing in any run: the native controller held the reading inside the band, the law never left its cushion and had nothing to push; nothing to earn, nothing lost",results/realms/MUSCLES.csv
modelled muscle,Distribution / Specialized: Ports & Maritime Logistics,capacity,quay_crane_allocation,yes,,,,,watch,,,"wrote nothing in any run: the native controller held the reading inside the band, the law never left its cushion and had nothing to push; nothing to earn, nothing lost",results/realms/MUSCLES.csv
modelled muscle,Distribution / Specialized: Ports & Maritime Logistics,capacity,yard_crane_fleet_size,yes,,,,,watch,,,"wrote nothing in any run: the native controller held the reading inside the band, the law never left its cushion and had nothing to push; nothing to earn, nothing lost",results/realms/MUSCLES.csv
modelled muscle,Distribution / Specialized: Ports & Maritime Logistics,admission,berth_window_admission,yes,,,,,watch,,,"wrote nothing in any run: the native controller held the reading inside the band, the law never left its cushion and had nothing to push; nothing to earn, nothing lost",results/realms/MUSCLES.csv
modelled muscle,Distribution / Specialized: Ports & Maritime Logistics,admission,truck_gate_rate_limit,yes,,,,,watch,,,"wrote nothing in any run: the native controller held the reading inside the band, the law never left its cushion and had nothing to push; nothing to earn, nothing lost",results/realms/MUSCLES.csv
modelled muscle,Distribution / Specialized: Ports & Maritime Logistics,capacity,horizontal_transport_fleet_size,yes,,,,,watch,,,"wrote nothing in any run: the native controller held the reading inside the band, the law never left its cushion and had nothing to push; nothing to earn, nothing lost",results/realms/MUSCLES.csv
modelled muscle,Distribution / Specialized: Ports & Maritime Logistics,power,reefer_plug_power_budget,yes,,,,,write,,,"work per energy +4.5% (+3.9% to +5.0%), work +0.0%, violations +0.00 pp, guardrails held",results/realms/MUSCLES.csv
modelled muscle,Distribution / Specialized: Ports & Maritime Logistics,capacity,shore_power_connection_capacity,yes,,,,,watch,,,"wrote nothing in any run: the native controller held the reading inside the band, the law never left its cushion and had nothing to push; nothing to earn, nothing lost",results/realms/MUSCLES.csv
modelled muscle,Distribution / Specialized: Ports & Maritime Logistics,capacity,rail_mounted_gantry_dispatch,yes,,,,,watch,,,"wrote nothing in any run: the native controller held the reading inside the band, the law never left its cushion and had nothing to push; nothing to earn, nothing lost",results/realms/MUSCLES.csv
modelled muscle,Distribution / Specialized: Ports & Maritime Logistics,admission,container_dwell_priority,yes,,,,,watch,,,"wrote nothing in any run: the native controller held the reading inside the band, the law never left its cushion and had nothing to push; nothing to earn, nothing lost",results/realms/MUSCLES.csv
modelled muscle,Distribution / Specialized: Ports & Maritime Logistics,admission,vessel_arrival_pacing,yes,,,,,watch,,,"wrote nothing in any run: the native controller held the reading inside the band, the law never left its cushion and had nothing to push; nothing to earn, nothing lost",results/realms/MUSCLES.csv
modelled muscle,Distribution / Specialized: Ports & Maritime Logistics,setpoint,stacking_height_target,yes,,,,,watch,,,"wrote nothing in any run: the native controller held the reading inside the band, the law never left its cushion and had nothing to push; nothing to earn, nothing lost",results/realms/MUSCLES.csv
modelled muscle,Distribution / Specialized: Ports & Maritime Logistics,admission,equipment_charging_window,yes,,,,,watch,,,"wrote nothing in any run: the native controller held the reading inside the band, the law never left its cushion and had nothing to push; nothing to earn, nothing lost",results/realms/MUSCLES.csv
modelled muscle,Energy / Facility / Industrial: Mining & Mineral Processing,setpoint,sag_mill_load_setpoint,yes,,,,,watch,,,"wrote 342 times a run with no measurable change in work per energy (+0.8%, -0.2% to +1.8%): the interval includes zero, so nothing is claimed either way",results/realms/MUSCLES.csv
modelled muscle,Energy / Facility / Industrial: Mining & Mineral Processing,setpoint,mill_speed_target,yes,,,,,write,,,"work per energy +2.1% (+0.2% to +4.1%), work +0.0%, violations +0.00 pp, guardrails held; a fixed setpoint at the band's calm end gave +10.3% within the same guardrails: the gain is the band's, and an operator may fix the setpoint instead of wiring in",results/realms/MUSCLES.csv
modelled muscle,Energy / Facility / Industrial: Mining & Mineral Processing,setpoint,crusher_gap_setpoint,yes,,,,,write,,,"work per energy +1.9% (+0.0% to +3.8%), work +0.0%, violations +0.00 pp, guardrails held; a fixed setpoint at the band's calm end gave +10.2% within the same guardrails: the gain is the band's, and an operator may fix the setpoint instead of wiring in",results/realms/MUSCLES.csv
modelled muscle,Energy / Facility / Industrial: Mining & Mineral Processing,power,flotation_aeration_rate,yes,,,,,watch,,,"wrote 394 times a run with no measurable change in work per energy (+0.0%, +0.0% to +0.0%): the interval includes zero, so nothing is claimed either way",results/realms/MUSCLES.csv
modelled muscle,Energy / Facility / Industrial: Mining & Mineral Processing,setpoint,cyclone_feed_pressure_target,yes,,,,,write,,,"work per energy +2.5% (+0.2% to +4.8%), work +0.0%, violations +0.00 pp, guardrails held; a fixed setpoint at the band's calm end gave +10.4% within the same guardrails: the gain is the band's, and an operator may fix the setpoint instead of wiring in",results/realms/MUSCLES.csv
modelled muscle,Energy / Facility / Industrial: Mining & Mineral Processing,setpoint,thickener_underflow_density_target,yes,,,,,watch,,,"wrote 156 times a run with no measurable change in work per energy (+0.7%, -0.9% to +2.3%): the interval includes zero, so nothing is claimed either way",results/realms/MUSCLES.csv
modelled muscle,Energy / Facility / Industrial: Mining & Mineral Processing,power,reagent_dose,yes,,,,,watch,,,"wrote 420 times a run with no measurable change in work per energy (+0.0%, +0.0% to +0.0%): the interval includes zero, so nothing is claimed either way",results/realms/MUSCLES.csv
modelled muscle,Energy / Facility / Industrial: Mining & Mineral Processing,setpoint,conveyor_speed_setpoint,yes,,,,,watch,,,"wrote 319 times a run with no measurable change in work per energy (+1.8%, -0.2% to +3.7%): the interval includes zero, so nothing is claimed either way",results/realms/MUSCLES.csv
modelled muscle,Energy / Facility / Industrial: Mining & Mineral Processing,setpoint,dewatering_pump_level_target,yes,,,,,write,,,"work per energy +3.0% (+0.9% to +5.1%), work +0.0%, violations +0.00 pp, guardrails held; a fixed setpoint at the band's calm end gave +10.5% within the same guardrails: the gain is the band's, and an operator may fix the setpoint instead of wiring in",results/realms/MUSCLES.csv
modelled muscle,Energy / Facility / Industrial: Mining & Mineral Processing,capacity,ventilation_on_demand_airflow,yes,,,,,watch,,,"wrote 375 times a run with no measurable change in work per energy (+0.0%, +0.0% to +0.0%): the interval includes zero, so nothing is claimed either way",results/realms/MUSCLES.csv
modelled muscle,Energy / Facility / Industrial: Mining & Mineral Processing,setpoint,stockpile_level_target,yes,,,,,write,,,"work per energy +1.9% (+0.2% to +3.6%), work +0.0%, violations +0.00 pp, guardrails held; a fixed setpoint at the band's calm end gave +10.2% within the same guardrails: the gain is the band's, and an operator may fix the setpoint instead of wiring in",results/realms/MUSCLES.csv
modelled muscle,Energy / Facility / Industrial: Mining & Mineral Processing,capacity,slurry_pump_speed,yes,,,,,watch,,,"wrote 478 times a run with no measurable change in work per energy (+0.0%, +0.0% to +0.0%): the interval includes zero, so nothing is claimed either way",results/realms/MUSCLES.csv
modelled muscle,Energy / Facility / Industrial: Mining & Mineral Processing,admission,tailings_discharge_shutdown,yes,,,,,watch,,,"wrote nothing in any run: the native controller held the reading inside the band, the law never left its cushion and had nothing to push; nothing to earn, nothing lost",results/realms/MUSCLES.csv
modelled muscle,Energy / Facility / Industrial: Mining & Mineral Processing,admission,ore_blend_dispatch,yes,,,,,watch,,,"wrote nothing in any run: the native controller held the reading inside the band, the law never left its cushion and had nothing to push; nothing to earn, nothing lost",results/realms/MUSCLES.csv
modelled muscle,Energy / Facility / Industrial: District Heating & Cooling,setpoint,supply_temperature_setpoint,yes,,,,,write,,,"work per energy +4.3% (+1.2% to +7.5%), work +0.0%, violations +0.00 pp, guardrails held; a fixed setpoint at the calm end gave +13.1% but broke the service guardrail (energy improvement with service tradeoff): the moving hand is what keeps the service",results/realms/MUSCLES.csv
modelled muscle,Energy / Facility / Industrial: District Heating & Cooling,setpoint,return_temperature_target,yes,,,,,operator's choice,,,"work per energy +5.1% (+2.5% to +7.8%) but a service guardrail broke: work -0.0%, violations +0.04 pp (upper +0.14); energy saved at the service's expense: the operator's to take or leave",results/realms/MUSCLES.csv
modelled muscle,Energy / Facility / Industrial: District Heating & Cooling,setpoint,differential_pressure_setpoint,yes,,,,,operator's choice,,,"work per energy +3.7% (+0.6% to +6.9%) but a service guardrail broke: work -0.1%, violations +0.06 pp (upper +0.18); energy saved at the service's expense: the operator's to take or leave",results/realms/MUSCLES.csv
modelled muscle,Energy / Facility / Industrial: District Heating & Cooling,capacity,network_pump_speed,yes,,,,,watch,,,"wrote 387 times a run with no measurable change in work per energy (+0.0%, +0.0% to +0.0%): the interval includes zero, so nothing is claimed either way",results/realms/MUSCLES.csv
modelled muscle,Energy / Facility / Industrial: District Heating & Cooling,capacity,heat_pump_staging,yes,,,,,watch,,,"wrote 358 times a run with no measurable change in work per energy (+0.0%, +0.0% to +0.0%): the interval includes zero, so nothing is claimed either way",results/realms/MUSCLES.csv
modelled muscle,Energy / Facility / Industrial: District Heating & Cooling,admission,chp_dispatch,yes,,,,,watch,,,"wrote nothing in any run: the native controller held the reading inside the band, the law never left its cushion and had nothing to push; nothing to earn, nothing lost",results/realms/MUSCLES.csv
modelled muscle,Energy / Facility / Industrial: District Heating & Cooling,setpoint,thermal_storage_level_target,yes,,,,,operator's choice,,,"work per energy +3.9% (+1.1% to +6.7%) but a service guardrail broke: work -0.0%, violations +0.06 pp (upper +0.18); energy saved at the service's expense: the operator's to take or leave",results/realms/MUSCLES.csv
modelled muscle,Energy / Facility / Industrial: District Heating & Cooling,power,peak_boiler_heater_output,yes,,,,,watch,,,"wrote 323 times a run with no measurable change in work per energy (+0.0%, +0.0% to +0.0%): the interval includes zero, so nothing is claimed either way",results/realms/MUSCLES.csv
modelled muscle,Energy / Facility / Industrial: District Heating & Cooling,capacity,substation_flow_limit,yes,,,,,watch,,,"wrote 342 times a run with no measurable change in work per energy (+0.0%, +0.0% to +0.0%): the interval includes zero, so nothing is claimed either way",results/realms/MUSCLES.csv
modelled muscle,Energy / Facility / Industrial: District Heating & Cooling,admission,peak_demand_shed,yes,,,,,watch,,,"wrote nothing in any run: the native controller held the reading inside the band, the law never left its cushion and had nothing to push; nothing to earn, nothing lost",results/realms/MUSCLES.csv
modelled muscle,Energy / Facility / Industrial: District Heating & Cooling,setpoint,outdoor_reset_setpoint,yes,,,,,write,,,"work per energy +4.0% (+0.8% to +7.2%), work +0.0%, violations +0.00 pp, guardrails held; a fixed setpoint at the calm end gave +12.9% but broke the service guardrail (energy improvement with service tradeoff): the moving hand is what keeps the service",results/realms/MUSCLES.csv
modelled muscle,Energy / Facility / Industrial: District Heating & Cooling,setpoint,cooling_network_supply_temperature,yes,,,,,write,,,"work per energy +5.8% (+2.5% to +9.1%), work +0.0%, violations +0.00 pp, guardrails held; a fixed setpoint at the calm end gave +14.4% but broke the service guardrail (energy improvement with service tradeoff): the moving hand is what keeps the service",results/realms/MUSCLES.csv
modelled muscle,Energy / Facility / Industrial: District Heating & Cooling,setpoint,cooling_storage_level_target,yes,,,,,operator's choice,,,"work per energy +3.5% (+0.5% to +6.4%) but a service guardrail broke: work -0.1%, violations +0.10 pp (upper +0.25); energy saved at the service's expense: the operator's to take or leave",results/realms/MUSCLES.csv
modelled muscle,Energy / Facility / Industrial: Power Generation & Turbine Control,setpoint,turbine_speed_droop_setpoint,yes,,,,,write,,,"work per energy +1.2% (+0.6% to +1.9%), work +0.0%, violations +0.00 pp, guardrails held; a fixed setpoint at the calm end gave +2.6% but broke the service guardrail (energy improvement with service tradeoff): the moving hand is what keeps the service",results/realms/MUSCLES.csv
modelled muscle,Energy / Facility / Industrial: Power Generation & Turbine Control,setpoint,unit_load_setpoint,yes,,,,,write,,,"work per energy +1.2% (+0.6% to +1.8%), work +0.0%, violations +0.00 pp, guardrails held; a fixed setpoint at the calm end gave +2.6% but broke the service guardrail (energy improvement with service tradeoff): the moving hand is what keeps the service",results/realms/MUSCLES.csv
modelled muscle,Energy / Facility / Industrial: Power Generation & Turbine Control,setpoint,boiler_steam_pressure_setpoint,yes,,,,,write,,,"work per energy +0.7% (+0.2% to +1.3%), work +0.0%, violations +0.00 pp, guardrails held; a fixed setpoint at the band's calm end gave +2.6% within the same guardrails: the gain is the band's, and an operator may fix the setpoint instead of wiring in",results/realms/MUSCLES.csv
modelled muscle,Energy / Facility / Industrial: Power Generation & Turbine Control,setpoint,feedwater_level_target,yes,,,,,write,,,"work per energy +1.1% (+0.5% to +1.7%), work +0.0%, violations +0.00 pp, guardrails held; a fixed setpoint at the calm end gave +2.6% but broke the service guardrail (energy improvement with service tradeoff): the moving hand is what keeps the service",results/realms/MUSCLES.csv
modelled muscle,Energy / Facility / Industrial: Power Generation & Turbine Control,capacity,agc_participation_limit,yes,,,,,watch,,,"wrote 536 times a run with no measurable change in work per energy (+0.0%, +0.0% to +0.0%): the interval includes zero, so nothing is claimed either way",results/realms/MUSCLES.csv
modelled muscle,Energy / Facility / Industrial: Power Generation & Turbine Control,setpoint,excitation_voltage_setpoint,yes,,,,,write,,,"work per energy +0.9% (+0.2% to +1.5%), work +0.0%, violations +0.00 pp, guardrails held; a fixed setpoint at the calm end gave +2.5% but broke the service guardrail (energy improvement with service tradeoff): the moving hand is what keeps the service",results/realms/MUSCLES.csv
modelled muscle,Energy / Facility / Industrial: Power Generation & Turbine Control,setpoint,hydro_gate_position_target,yes,,,,,write,,,"work per energy +0.8% (+0.2% to +1.4%), work +0.0%, violations +0.00 pp, guardrails held; a fixed setpoint at the calm end gave +2.5% but broke the service guardrail (energy improvement with service tradeoff): the moving hand is what keeps the service",results/realms/MUSCLES.csv
modelled muscle,Energy / Facility / Industrial: Power Generation & Turbine Control,setpoint,combustion_air_ratio_setpoint,yes,,,,,write,,,"work per energy +1.8% (+1.6% to +1.9%), work +0.0%, violations +0.00 pp, guardrails held; a fixed setpoint at the band's calm end gave +2.7% within the same guardrails: the gain is the band's, and an operator may fix the setpoint instead of wiring in",results/realms/MUSCLES.csv
modelled muscle,Energy / Facility / Industrial: Power Generation & Turbine Control,setpoint,cooling_water_flow_setpoint,yes,,,,,write,,,"work per energy +1.2% (+0.5% to +1.8%), work +0.0%, violations +0.00 pp, guardrails held; a fixed setpoint at the band's calm end gave +2.7% within the same guardrails: the gain is the band's, and an operator may fix the setpoint instead of wiring in",results/realms/MUSCLES.csv
modelled muscle,Energy / Facility / Industrial: Power Generation & Turbine Control,setpoint,inlet_guide_vane_position,yes,,,,,write,,,"work per energy +1.1% (+0.4% to +1.8%), work +0.0%, violations +0.00 pp, guardrails held; a fixed setpoint at the calm end gave +2.6% but broke the service guardrail (energy improvement with service tradeoff): the moving hand is what keeps the service",results/realms/MUSCLES.csv
modelled muscle,Energy / Facility / Industrial: Power Generation & Turbine Control,admission,reserve_dispatch_priority,yes,,,,,watch,,,"wrote nothing in any run: the native controller held the reading inside the band, the law never left its cushion and had nothing to push; nothing to earn, nothing lost",results/realms/MUSCLES.csv
modelled muscle,Energy / Facility / Industrial: Power Generation & Turbine Control,capacity,turbine_ramp_rate_limit,yes,,,,,watch,,,"wrote 553 times a run with no measurable change in work per energy (+0.0%, +0.0% to +0.0%): the interval includes zero, so nothing is claimed either way",results/realms/MUSCLES.csv
modelled muscle,Energy / Facility / Industrial: Power Generation & Turbine Control,admission,emissions_shutdown,yes,,,,,watch,,,"wrote nothing in any run: the native controller held the reading inside the band, the law never left its cushion and had nothing to push; nothing to earn, nothing lost",results/realms/MUSCLES.csv
modelled muscle,Energy / Facility / Industrial: Power Generation & Turbine Control,setpoint,nuclear_rod_position_target,yes,,,,,write,,,"work per energy +1.1% (+0.5% to +1.7%), work +0.0%, violations +0.00 pp, guardrails held; a fixed setpoint at the calm end gave +2.6% but broke the service guardrail (energy improvement with service tradeoff): the moving hand is what keeps the service",results/realms/MUSCLES.csv
modelled muscle,Energy / Facility / Industrial: Renewable Generation & Inverter Control,setpoint,inverter_volt_var_setpoint,yes,,,,,watch,,,"wrote 94 times a run with no measurable change in work per energy (+0.0%, -0.0% to +0.0%): the interval includes zero, so nothing is claimed either way",results/realms/MUSCLES.csv
modelled muscle,Energy / Facility / Industrial: Renewable Generation & Inverter Control,setpoint,inverter_volt_watt_setpoint,yes,,,,,watch,,,"wrote 76 times a run with no measurable change in work per energy (+0.0%, -0.0% to +0.0%): the interval includes zero, so nothing is claimed either way",results/realms/MUSCLES.csv
modelled muscle,Energy / Facility / Industrial: Renewable Generation & Inverter Control,power,active_power_curtailment,yes,,,,,watch,,,"wrote 130 times a run with no measurable change in work per energy (+0.0%, +0.0% to +0.0%): the interval includes zero, so nothing is claimed either way",results/realms/MUSCLES.csv
modelled muscle,Energy / Facility / Industrial: Renewable Generation & Inverter Control,setpoint,plant_reactive_power_target,yes,,,,,watch,,,"wrote 53 times a run with no measurable change in work per energy (+0.0%, -0.0% to +0.0%): the interval includes zero, so nothing is claimed either way",results/realms/MUSCLES.csv
modelled muscle,Energy / Facility / Industrial: Renewable Generation & Inverter Control,capacity,wind_turbine_yaw_offset,yes,,,,,watch,,,"wrote 145 times a run with no measurable change in work per energy (+0.0%, +0.0% to +0.0%): the interval includes zero, so nothing is claimed either way",results/realms/MUSCLES.csv
modelled muscle,Energy / Facility / Industrial: Renewable Generation & Inverter Control,capacity,pitch_angle_limit,yes,,,,,watch,,,"wrote 80 times a run with no measurable change in work per energy (+0.0%, +0.0% to +0.0%): the interval includes zero, so nothing is claimed either way",results/realms/MUSCLES.csv
modelled muscle,Energy / Facility / Industrial: Renewable Generation & Inverter Control,setpoint,rotor_speed_setpoint,yes,,,,,write,,,"work per energy +0.0% (+0.0% to +0.0%), work +0.0%, violations +0.00 pp, guardrails held; a fixed setpoint at the calm end gave +2.0% but broke the service guardrail (energy improvement with service tradeoff): the moving hand is what keeps the service",results/realms/MUSCLES.csv
modelled muscle,Energy / Facility / Industrial: Renewable Generation & Inverter Control,setpoint,inverter_frequency_droop_setpoint,yes,,,,,watch,,,"wrote 102 times a run with no measurable change in work per energy (+0.0%, -0.0% to +0.0%): the interval includes zero, so nothing is claimed either way",results/realms/MUSCLES.csv
modelled muscle,Energy / Facility / Industrial: Renewable Generation & Inverter Control,capacity,ramp_rate_limit,yes,,,,,watch,,,"wrote 78 times a run with no measurable change in work per energy (+0.0%, +0.0% to +0.0%): the interval includes zero, so nothing is claimed either way",results/realms/MUSCLES.csv
modelled muscle,Energy / Facility / Industrial: Renewable Generation & Inverter Control,admission,tracker_stow_mode,yes,,,,,watch,,,"wrote nothing in any run: the native controller held the reading inside the band, the law never left its cushion and had nothing to push; nothing to earn, nothing lost",results/realms/MUSCLES.csv
modelled muscle,Energy / Facility / Industrial: Renewable Generation & Inverter Control,setpoint,string_mppt_voltage_setpoint,yes,,,,,write,,,"work per energy +0.0% (+0.0% to +0.0%), work +0.0%, violations +0.00 pp, guardrails held; a fixed setpoint at the calm end gave +2.1% but broke the service guardrail (energy improvement with service tradeoff): the moving hand is what keeps the service",results/realms/MUSCLES.csv
modelled muscle,Energy / Facility / Industrial: Renewable Generation & Inverter Control,admission,noise_mode_schedule,yes,,,,,watch,,,"wrote nothing in any run: the native controller held the reading inside the band, the law never left its cushion and had nothing to push; nothing to earn, nothing lost",results/realms/MUSCLES.csv
modelled muscle,Energy / Facility / Industrial: Renewable Generation & Inverter Control,admission,ice_detection_shutdown,yes,,,,,watch,,,"wrote nothing in any run: the native controller held the reading inside the band, the law never left its cushion and had nothing to push; nothing to earn, nothing lost",results/realms/MUSCLES.csv
modelled muscle,Physics / Robotics / Autonomous: Elevators & Vertical Transport,capacity,hoist_speed_target,yes,,,,,watch,,,"the interval is too wide to read (-7.6% to +4.4%) and a guardrail did not hold (work -2.5%): nothing is established, the knob stays native",results/realms/MUSCLES.csv
modelled muscle,Physics / Robotics / Autonomous: Elevators & Vertical Transport,capacity,acceleration_limit,yes,,,,,watch,,,"wrote nothing in any run: the native controller held the reading inside the band, the law never left its cushion and had nothing to push; nothing to earn, nothing lost",results/realms/MUSCLES.csv
modelled muscle,Physics / Robotics / Autonomous: Elevators & Vertical Transport,power,regen_drive_mode,yes,,,,,watch,,,"wrote nothing in any run: the native controller held the reading inside the band, the law never left its cushion and had nothing to push; nothing to earn, nothing lost",results/realms/MUSCLES.csv
modelled muscle,Physics / Robotics / Autonomous: Elevators & Vertical Transport,admission,standby_power_mode,yes,,,,,watch,,,"wrote nothing in any run: the native controller held the reading inside the band, the law never left its cushion and had nothing to push; nothing to earn, nothing lost",results/realms/MUSCLES.csv
modelled muscle,Physics / Robotics / Autonomous: Elevators & Vertical Transport,admission,destination_dispatch_schedule,yes,,,,,watch,,,"wrote nothing in any run: the native controller held the reading inside the band, the law never left its cushion and had nothing to push; nothing to earn, nothing lost",results/realms/MUSCLES.csv
modelled muscle,Physics / Robotics / Autonomous: Elevators & Vertical Transport,admission,car_parking_mode,yes,,,,,watch,,,"wrote nothing in any run: the native controller held the reading inside the band, the law never left its cushion and had nothing to push; nothing to earn, nothing lost",results/realms/MUSCLES.csv
modelled muscle,Physics / Robotics / Autonomous: Elevators & Vertical Transport,admission,door_dwell_hold,yes,,,,,watch,,,"wrote nothing in any run: the native controller held the reading inside the band, the law never left its cushion and had nothing to push; nothing to earn, nothing lost",results/realms/MUSCLES.csv
modelled muscle,Physics / Robotics / Autonomous: Elevators & Vertical Transport,capacity,escalator_speed_target,yes,,,,,watch,,,"wrote nothing in any run: the native controller held the reading inside the band, the law never left its cushion and had nothing to push; nothing to earn, nothing lost",results/realms/MUSCLES.csv
modelled muscle,Physics / Robotics / Autonomous: Elevators & Vertical Transport,admission,group_capacity_mode,yes,,,,,watch,,,"wrote nothing in any run: the native controller held the reading inside the band, the law never left its cushion and had nothing to push; nothing to earn, nothing lost",results/realms/MUSCLES.csv
modelled muscle,Physics / Robotics / Autonomous: Elevators & Vertical Transport,power,motor_thermal_derate,yes,,,,,watch,,,"wrote nothing in any run: the native controller held the reading inside the band, the law never left its cushion and had nothing to push; nothing to earn, nothing lost",results/realms/MUSCLES.csv
modelled muscle,Physics / Robotics / Autonomous: Elevators & Vertical Transport,admission,brake_test_schedule,yes,,,,,watch,,,"wrote nothing in any run: the native controller held the reading inside the band, the law never left its cushion and had nothing to push; nothing to earn, nothing lost",results/realms/MUSCLES.csv
modelled muscle,Physics / Robotics / Autonomous: Elevators & Vertical Transport,admission,fire_recall_mode,yes,,,,,watch,,,"wrote nothing in any run: the native controller held the reading inside the band, the law never left its cushion and had nothing to push; nothing to earn, nothing lost",results/realms/MUSCLES.csv
modelled muscle,Energy / Facility / Industrial: Pharmaceutical & Food Manufacturing,setpoint,reactor_temperature_setpoint,yes,,,,,write,,,"work per energy +1.1% (+1.1% to +1.1%), work +0.0%, violations +0.00 pp, guardrails held; a fixed setpoint at the band's calm end gave +1.4% within the same guardrails: the gain is the band's, and an operator may fix the setpoint instead of wiring in",results/realms/MUSCLES.csv
modelled muscle,Energy / Facility / Industrial: Pharmaceutical & Food Manufacturing,setpoint,agitator_speed_setpoint,yes,,,,,write,,,"work per energy +1.1% (+1.1% to +1.1%), work +0.0%, violations +0.00 pp, guardrails held; a fixed setpoint at the band's calm end gave +1.4% within the same guardrails: the gain is the band's, and an operator may fix the setpoint instead of wiring in",results/realms/MUSCLES.csv
modelled muscle,Energy / Facility / Industrial: Pharmaceutical & Food Manufacturing,setpoint,fermenter_dissolved_oxygen_target,yes,,,,,write,,,"work per energy +1.1% (+1.1% to +1.1%), work +0.0%, violations +0.00 pp, guardrails held; a fixed setpoint at the band's calm end gave +1.4% within the same guardrails: the gain is the band's, and an operator may fix the setpoint instead of wiring in",results/realms/MUSCLES.csv
modelled muscle,Energy / Facility / Industrial: Pharmaceutical & Food Manufacturing,setpoint,ph_setpoint,yes,,,,,write,,,"work per energy +1.1% (+1.1% to +1.1%), work +0.0%, violations +0.00 pp, guardrails held; a fixed setpoint at the band's calm end gave +1.4% within the same guardrails: the gain is the band's, and an operator may fix the setpoint instead of wiring in",results/realms/MUSCLES.csv
modelled muscle,Energy / Facility / Industrial: Pharmaceutical & Food Manufacturing,setpoint,pasteurizer_holding_temperature_setpoint,yes,,,,,write,,,"work per energy +1.1% (+1.1% to +1.1%), work +0.0%, violations +0.00 pp, guardrails held; a fixed setpoint at the band's calm end gave +1.5% within the same guardrails: the gain is the band's, and an operator may fix the setpoint instead of wiring in",results/realms/MUSCLES.csv
modelled muscle,Energy / Facility / Industrial: Pharmaceutical & Food Manufacturing,setpoint,freezer_tunnel_temperature_setpoint,yes,,,,,write,,,"work per energy +1.1% (+1.1% to +1.1%), work +0.0%, violations +0.00 pp, guardrails held; a fixed setpoint at the band's calm end gave +1.5% within the same guardrails: the gain is the band's, and an operator may fix the setpoint instead of wiring in",results/realms/MUSCLES.csv
modelled muscle,Energy / Facility / Industrial: Pharmaceutical & Food Manufacturing,admission,cip_cycle_dispatch,yes,,,,,watch,,,"wrote nothing in any run: the native controller held the reading inside the band, the law never left its cushion and had nothing to push; nothing to earn, nothing lost",results/realms/MUSCLES.csv
modelled muscle,Energy / Facility / Industrial: Pharmaceutical & Food Manufacturing,setpoint,cleanroom_pressure_cascade_setpoint,yes,,,,,write,,,"work per energy +1.1% (+1.1% to +1.1%), work +0.0%, violations +0.00 pp, guardrails held; a fixed setpoint at the band's calm end gave +1.5% within the same guardrails: the gain is the band's, and an operator may fix the setpoint instead of wiring in",results/realms/MUSCLES.csv
modelled muscle,Energy / Facility / Industrial: Pharmaceutical & Food Manufacturing,setpoint,lyophilizer_shelf_temperature_setpoint,yes,,,,,write,,,"work per energy +1.1% (+1.1% to +1.1%), work +0.0%, violations +0.00 pp, guardrails held; a fixed setpoint at the band's calm end gave +1.4% within the same guardrails: the gain is the band's, and an operator may fix the setpoint instead of wiring in",results/realms/MUSCLES.csv
modelled muscle,Energy / Facility / Industrial: Pharmaceutical & Food Manufacturing,setpoint,chromatography_flow_setpoint,yes,,,,,write,,,"work per energy +1.1% (+1.1% to +1.1%), work +0.0%, violations +0.00 pp, guardrails held; a fixed setpoint at the band's calm end gave +1.5% within the same guardrails: the gain is the band's, and an operator may fix the setpoint instead of wiring in",results/realms/MUSCLES.csv
modelled muscle,Energy / Facility / Industrial: Pharmaceutical & Food Manufacturing,admission,steam_sterilizer_cycle_priority,yes,,,,,watch,,,"wrote nothing in any run: the native controller held the reading inside the band, the law never left its cushion and had nothing to push; nothing to earn, nothing lost",results/realms/MUSCLES.csv
modelled muscle,Energy / Facility / Industrial: Pharmaceutical & Food Manufacturing,setpoint,oven_zone_temperature_setpoint,yes,,,,,write,,,"work per energy +1.1% (+1.1% to +1.1%), work +0.0%, violations +0.00 pp, guardrails held; a fixed setpoint at the band's calm end gave +1.5% within the same guardrails: the gain is the band's, and an operator may fix the setpoint instead of wiring in",results/realms/MUSCLES.csv
modelled muscle,Energy / Facility / Industrial: Pharmaceutical & Food Manufacturing,admission,refrigerant_compressor_authority,yes,,,,,watch,,,"wrote nothing in any run: the native controller held the reading inside the band, the law never left its cushion and had nothing to push; nothing to earn, nothing lost",results/realms/MUSCLES.csv
modelled muscle,Energy / Facility / Industrial: Pharmaceutical & Food Manufacturing,admission,batch_hold_quarantine,yes,,,,,watch,,,"wrote nothing in any run: the native controller held the reading inside the band, the law never left its cushion and had nothing to push; nothing to earn, nothing lost",results/realms/MUSCLES.csv
modelled organism,Compute / AI / Cloud,"every muscle of the organism, one governor",430 muscles,yes,,,,,write,,,"SUPERIOR WITHIN GUARDRAILS: work per energy +0.1% (+0.1 to +0.1), work +0.0%, energy -0.1%, violations -0.012 pp; valid: yes",results/realms/REALMS.md
modelled organism,Physics / Robotics / Autonomous,"every muscle of the organism, one governor",376 muscles,yes,,,,,write,,,"SUPERIOR WITHIN GUARDRAILS: work per energy +0.1% (+0.1 to +0.1), work +0.0%, energy -0.1%, violations -0.003 pp; valid: yes",results/realms/REALMS.md
modelled organism,Energy / Facility / Industrial,"every muscle of the organism, one governor",470 muscles,yes,,,,,write,,,"SUPERIOR WITHIN GUARDRAILS: work per energy +0.3% (+0.2 to +0.4), work +0.0%, energy -0.3%, violations -0.013 pp; valid: yes",results/realms/REALMS.md
modelled organism,Distribution / Specialized,"every muscle of the organism, one governor",440 muscles,yes,,,,,write,,,"SUPERIOR WITHIN GUARDRAILS: work per energy +0.2% (+0.1 to +0.2), work +0.0%, energy -0.2%, violations -0.009 pp; valid: yes",results/realms/REALMS.md
modelled organism,"The whole tower, every muscle once","every muscle of the organism, one governor",945 muscles,yes,,,,,write,,,"SUPERIOR WITHIN GUARDRAILS: work per energy +0.3% (+0.2 to +0.4), work +0.0%, energy -0.3%, violations -0.004 pp; valid: yes",results/realms/REALMS.md
organism with the cluster inside,"the six organisms with the real cluster inside (GitHub, 10 and 100 copies)","the autoscaler's replicas, the floor and the machines under the organism's demand",compute_ai_cloud at 10 copies,yes,,,,,write,,,"the table's own reading: better on 4, worse on 0, inside the noise on 7. The cluster's gauges: 1 better (time over the line), 0 worse. The organism's modelled energy -0.1%.",results/live/V3_SIX_KUBE.md
organism with the cluster inside,"the six organisms with the real cluster inside (GitHub, 10 and 100 copies)","the autoscaler's replicas, the floor and the machines under the organism's demand",physics_robotics_autonomous at 10 copies,yes,,,,,write,,,"the table's own reading: better on 4, worse on 0, inside the noise on 7. The cluster's gauges: 1 better (time over the line), 0 worse. The organism's modelled energy -0.1%.",results/live/V3_SIX_KUBE.md
organism with the cluster inside,"the six organisms with the real cluster inside (GitHub, 10 and 100 copies)","the autoscaler's replicas, the floor and the machines under the organism's demand",energy_facility_industrial at 10 copies,yes,,,,,write,,,"the table's own reading: better on 5, worse on 0, inside the noise on 6. The cluster's gauges: 2 better (time over the line, failed requests), 0 worse. The organism's modelled energy -0.3%.",results/live/V3_SIX_KUBE.md
organism with the cluster inside,"the six organisms with the real cluster inside (GitHub, 10 and 100 copies)","the autoscaler's replicas, the floor and the machines under the organism's demand",distribution_specialized at 10 copies,yes,,,,,write,,,"the table's own reading: better on 4, worse on 0, inside the noise on 6. The cluster's gauges: 1 better (time over the line), 0 worse. The organism's modelled energy -0.2%.",results/live/V3_SIX_KUBE.md
organism with the cluster inside,"the six organisms with the real cluster inside (GitHub, 10 and 100 copies)","the autoscaler's replicas, the floor and the machines under the organism's demand",tower at 10 copies,yes,,,,,write,,,"the table's own reading: better on 4, worse on 0, inside the noise on 6. The cluster's gauges: 1 better (time over the line), 0 worse. The organism's modelled energy -0.3%.",results/live/V3_SIX_KUBE.md
organism with the cluster inside,"the six organisms with the real cluster inside (GitHub, 10 and 100 copies)","the autoscaler's replicas, the floor and the machines under the organism's demand",stack at 10 copies,yes,,,,,write,,,"the table's own reading: better on 5, worse on 1 (organism work), inside the noise on 6. The cluster's gauges: 2 better (p99, time over the line), 0 worse. The organism's modelled work -0.0006% (6 parts in a million, rounding level), the one worse row, is a model gauge judged muscle by muscle in the realms table and shown here beside the cluster's. The organism's modelled energy -0.4%.",results/live/V3_SIX_KUBE.md
organism with the cluster inside,"the six organisms with the real cluster inside (GitHub, 10 and 100 copies)","the autoscaler's replicas, the floor and the machines under the organism's demand",compute_ai_cloud at 100 copies,yes,,,,,write,,,"the table's own reading: better on 5, worse on 1 (organism work), inside the noise on 6. The cluster's gauges: 2 better (p95, time over the line), 0 worse. The organism's modelled work -0.0008% (8 parts in a million, rounding level), the one worse row, is a model gauge judged muscle by muscle in the realms table and shown here beside the cluster's. The organism's modelled energy -0.1%.",results/live/V3_SIX_KUBE.md
organism with the cluster inside,"the six organisms with the real cluster inside (GitHub, 10 and 100 copies)","the autoscaler's replicas, the floor and the machines under the organism's demand",physics_robotics_autonomous at 100 copies,yes,,,,,write,,,"the table's own reading: better on 4, worse on 1 (organism work), inside the noise on 7. The cluster's gauges: 1 better (p99), 0 worse. The organism's modelled work -0.0011% (11 parts in a million, rounding level), the one worse row, is a model gauge judged muscle by muscle in the realms table and shown here beside the cluster's. The organism's modelled energy -0.1%.",results/live/V3_SIX_KUBE.md
organism with the cluster inside,"the six organisms with the real cluster inside (GitHub, 10 and 100 copies)","the autoscaler's replicas, the floor and the machines under the organism's demand",energy_facility_industrial at 100 copies,yes,,,,,write,,,"the table's own reading: better on 6, worse on 0, inside the noise on 6. The cluster's gauges: 2 better (p95, time over the line), 0 worse. The organism's modelled energy -0.4%.",results/live/V3_SIX_KUBE.md
organism with the cluster inside,"the six organisms with the real cluster inside (GitHub, 10 and 100 copies)","the autoscaler's replicas, the floor and the machines under the organism's demand",distribution_specialized at 100 copies,yes,,,,,write,,,"the table's own reading: better on 6, worse on 0, inside the noise on 5. The cluster's gauges: 2 better (parked-worker energy, standby-model energy), 0 worse. The organism's modelled energy -0.2%.",results/live/V3_SIX_KUBE.md
organism with the cluster inside,"the six organisms with the real cluster inside (GitHub, 10 and 100 copies)","the autoscaler's replicas, the floor and the machines under the organism's demand",tower at 100 copies,yes,,,,,write,,,"the table's own reading: better on 5, worse on 0, inside the noise on 6. The cluster's gauges: 1 better (time over the line), 0 worse. The organism's modelled energy -0.4%.",results/live/V3_SIX_KUBE.md
organism with the cluster inside,"the six organisms with the real cluster inside (GitHub, 10 and 100 copies)","the autoscaler's replicas, the floor and the machines under the organism's demand",stack at 100 copies,yes,,,,,write,,,"the table's own reading: better on 6, worse on 1 (organism work), inside the noise on 5; OFF THE CLOCK in 4 of 5 repetitions (the organism ended up to 277 s after its window: the machine could not step this many muscles in time, and the cell's last steps saw a cluster at rest). The cluster's gauges: 3 better (time over the line, parked-worker energy, standby-model energy), 0 worse. The organism's modelled work -0.0008% (8 parts in a million, rounding level), the one worse row, is a model gauge judged muscle by muscle in the realms table and shown here beside the cluster's. The organism's modelled energy -0.4%. Off the clock in 4 of 5 repetitions.",results/live/V3_SIX_KUBE.md
organism with the cluster inside,"the big organisms with the real cluster inside (a rented Azure machine, 1,000 copies)","the autoscaler's replicas, the floor and the machines under the organism's demand",tower at 1000 copies,yes,,,,,write,,,"the table's own reading: better on 7, worse on 1 (organism work), inside the noise on 4. The cluster's gauges: 4 better (p95, p99, time over the line, failed requests), 0 worse. The organism's modelled work -0.0004% (4 parts in a million, rounding level), the one worse row, is a model gauge judged muscle by muscle in the realms table and shown here beside the cluster's. The organism's modelled energy -0.4%.",results/live/V3_BIG_ORGANISM.md
organism with the cluster inside,"the big organisms with the real cluster inside (a rented Azure machine, 1,000 copies)","the autoscaler's replicas, the floor and the machines under the organism's demand",stack at 1000 copies,yes,,,,,write,,,"the table's own reading: better on 7, worse on 1 (organism work), inside the noise on 3. The cluster's gauges: 4 better (p95, p99, time over the line, failed requests), 0 worse. The organism's modelled work -0.0006% (6 parts in a million, rounding level), the one worse row, is a model gauge judged muscle by muscle in the realms table and shown here beside the cluster's. The organism's modelled energy -0.4%.",results/live/V3_BIG_ORGANISM.md
