muscle_id,family_id,family,canonical_name,status,required_benchmark_contract,evidence_status,audit_rank
1,1,Work Admission & Demand Shaping,api_concurrency,CANDIDATE_CANONICAL,observe|normalize|compute|command|actuate|readback|attribute|measure|compare|restore|seal|reproduce,OPEN_UNTIL_EXECUTED,209
2,1,Work Admission & Demand Shaping,queue_concurrency,CANDIDATE_CANONICAL,observe|normalize|compute|command|actuate|readback|attribute|measure|compare|restore|seal|reproduce,OPEN_UNTIL_EXECUTED,210
3,1,Work Admission & Demand Shaping,queue_backpressure,CANDIDATE_CANONICAL,observe|normalize|compute|command|actuate|readback|attribute|measure|compare|restore|seal|reproduce,OPEN_UNTIL_EXECUTED,211
4,1,Work Admission & Demand Shaping,job_admission,CANDIDATE_CANONICAL,observe|normalize|compute|command|actuate|readback|attribute|measure|compare|restore|seal|reproduce,OPEN_UNTIL_EXECUTED,212
5,1,Work Admission & Demand Shaping,batch_admission,CANDIDATE_CANONICAL,observe|normalize|compute|command|actuate|readback|attribute|measure|compare|restore|seal|reproduce,OPEN_UNTIL_EXECUTED,213
6,1,Work Admission & Demand Shaping,inference_admission,CANDIDATE_CANONICAL,observe|normalize|compute|command|actuate|readback|attribute|measure|compare|restore|seal|reproduce,OPEN_UNTIL_EXECUTED,214
7,1,Work Admission & Demand Shaping,load_shed,CANDIDATE_CANONICAL,observe|normalize|compute|command|actuate|readback|attribute|measure|compare|restore|seal|reproduce,OPEN_UNTIL_EXECUTED,215
8,1,Work Admission & Demand Shaping,priority_gate,CANDIDATE_CANONICAL,observe|normalize|compute|command|actuate|readback|attribute|measure|compare|restore|seal|reproduce,OPEN_UNTIL_EXECUTED,216
9,1,Work Admission & Demand Shaping,tenant_admission,CANDIDATE_CANONICAL,observe|normalize|compute|command|actuate|readback|attribute|measure|compare|restore|seal|reproduce,OPEN_UNTIL_EXECUTED,217
10,1,Work Admission & Demand Shaping,burst_limit,CANDIDATE_CANONICAL,observe|normalize|compute|command|actuate|readback|attribute|measure|compare|restore|seal|reproduce,OPEN_UNTIL_EXECUTED,218
11,1,Work Admission & Demand Shaping,deadline_admission,CANDIDATE_CANONICAL,observe|normalize|compute|command|actuate|readback|attribute|measure|compare|restore|seal|reproduce,OPEN_UNTIL_EXECUTED,219
12,1,Work Admission & Demand Shaping,work_budget,CANDIDATE_CANONICAL,observe|normalize|compute|command|actuate|readback|attribute|measure|compare|restore|seal|reproduce,OPEN_UNTIL_EXECUTED,220
13,1,Work Admission & Demand Shaping,request_queue_limit,CANDIDATE_CANONICAL,observe|normalize|compute|command|actuate|readback|attribute|measure|compare|restore|seal|reproduce,OPEN_UNTIL_EXECUTED,221
14,1,Work Admission & Demand Shaping,retry_admission,CANDIDATE_CANONICAL,observe|normalize|compute|command|actuate|readback|attribute|measure|compare|restore|seal|reproduce,OPEN_UNTIL_EXECUTED,222
15,1,Work Admission & Demand Shaping,background_work_gate,CANDIDATE_CANONICAL,observe|normalize|compute|command|actuate|readback|attribute|measure|compare|restore|seal|reproduce,OPEN_UNTIL_EXECUTED,223
16,1,Work Admission & Demand Shaping,maintenance_work_gate,CANDIDATE_CANONICAL,observe|normalize|compute|command|actuate|readback|attribute|measure|compare|restore|seal|reproduce,OPEN_UNTIL_EXECUTED,224
17,2,Kubernetes Workload Scaling,replicas,CANDIDATE_CANONICAL,observe|normalize|compute|command|actuate|readback|attribute|measure|compare|restore|seal|reproduce,OPEN_UNTIL_EXECUTED,1
18,2,Kubernetes Workload Scaling,hpa_cpu_target,CANDIDATE_CANONICAL,observe|normalize|compute|command|actuate|readback|attribute|measure|compare|restore|seal|reproduce,OPEN_UNTIL_EXECUTED,11
19,2,Kubernetes Workload Scaling,hpa_memory_target,CANDIDATE_CANONICAL,observe|normalize|compute|command|actuate|readback|attribute|measure|compare|restore|seal|reproduce,OPEN_UNTIL_EXECUTED,12
20,2,Kubernetes Workload Scaling,hpa_custom_target,CANDIDATE_CANONICAL,observe|normalize|compute|command|actuate|readback|attribute|measure|compare|restore|seal|reproduce,OPEN_UNTIL_EXECUTED,13
21,2,Kubernetes Workload Scaling,vpa_apply,CANDIDATE_CANONICAL,observe|normalize|compute|command|actuate|readback|attribute|measure|compare|restore|seal|reproduce,OPEN_UNTIL_EXECUTED,14
22,2,Kubernetes Workload Scaling,scale_to_zero,CANDIDATE_CANONICAL,observe|normalize|compute|command|actuate|readback|attribute|measure|compare|restore|seal|reproduce,OPEN_UNTIL_EXECUTED,15
23,2,Kubernetes Workload Scaling,keda_threshold,CANDIDATE_CANONICAL,observe|normalize|compute|command|actuate|readback|attribute|measure|compare|restore|seal|reproduce,OPEN_UNTIL_EXECUTED,16
24,2,Kubernetes Workload Scaling,rollout_rate,CANDIDATE_CANONICAL,observe|normalize|compute|command|actuate|readback|attribute|measure|compare|restore|seal|reproduce,OPEN_UNTIL_EXECUTED,17
25,2,Kubernetes Workload Scaling,max_surge,CANDIDATE_CANONICAL,observe|normalize|compute|command|actuate|readback|attribute|measure|compare|restore|seal|reproduce,OPEN_UNTIL_EXECUTED,18
26,2,Kubernetes Workload Scaling,max_unavailable,CANDIDATE_CANONICAL,observe|normalize|compute|command|actuate|readback|attribute|measure|compare|restore|seal|reproduce,OPEN_UNTIL_EXECUTED,19
27,2,Kubernetes Workload Scaling,deployment_pause_resume,CANDIDATE_CANONICAL,observe|normalize|compute|command|actuate|readback|attribute|measure|compare|restore|seal|reproduce,OPEN_UNTIL_EXECUTED,20
28,2,Kubernetes Workload Scaling,rollout_abort,CANDIDATE_CANONICAL,observe|normalize|compute|command|actuate|readback|attribute|measure|compare|restore|seal|reproduce,OPEN_UNTIL_EXECUTED,21
29,2,Kubernetes Workload Scaling,pod_eviction,CANDIDATE_CANONICAL,observe|normalize|compute|command|actuate|readback|attribute|measure|compare|restore|seal|reproduce,OPEN_UNTIL_EXECUTED,22
30,2,Kubernetes Workload Scaling,pdb_policy,CANDIDATE_CANONICAL,observe|normalize|compute|command|actuate|readback|attribute|measure|compare|restore|seal|reproduce,OPEN_UNTIL_EXECUTED,23
31,2,Kubernetes Workload Scaling,scheduler_queue_priority,CANDIDATE_CANONICAL,observe|normalize|compute|command|actuate|readback|attribute|measure|compare|restore|seal|reproduce,OPEN_UNTIL_EXECUTED,24
32,2,Kubernetes Workload Scaling,api_priority_fairness,CANDIDATE_CANONICAL,observe|normalize|compute|command|actuate|readback|attribute|measure|compare|restore|seal|reproduce,OPEN_UNTIL_EXECUTED,25
33,3,Container Resources,cpu_request,CANDIDATE_CANONICAL,observe|normalize|compute|command|actuate|readback|attribute|measure|compare|restore|seal|reproduce,OPEN_UNTIL_EXECUTED,56
34,3,Container Resources,cpu_limit,CANDIDATE_CANONICAL,observe|normalize|compute|command|actuate|readback|attribute|measure|compare|restore|seal|reproduce,OPEN_UNTIL_EXECUTED,57
35,3,Container Resources,memory_request,CANDIDATE_CANONICAL,observe|normalize|compute|command|actuate|readback|attribute|measure|compare|restore|seal|reproduce,OPEN_UNTIL_EXECUTED,58
36,3,Container Resources,memory_limit,CANDIDATE_CANONICAL,observe|normalize|compute|command|actuate|readback|attribute|measure|compare|restore|seal|reproduce,OPEN_UNTIL_EXECUTED,59
37,3,Container Resources,ephemeral_storage,CANDIDATE_CANONICAL,observe|normalize|compute|command|actuate|readback|attribute|measure|compare|restore|seal|reproduce,OPEN_UNTIL_EXECUTED,60
38,3,Container Resources,hugepages,CANDIDATE_CANONICAL,observe|normalize|compute|command|actuate|readback|attribute|measure|compare|restore|seal|reproduce,OPEN_UNTIL_EXECUTED,61
39,3,Container Resources,io_weight,CANDIDATE_CANONICAL,observe|normalize|compute|command|actuate|readback|attribute|measure|compare|restore|seal|reproduce,OPEN_UNTIL_EXECUTED,62
40,3,Container Resources,pids_limit,CANDIDATE_CANONICAL,observe|normalize|compute|command|actuate|readback|attribute|measure|compare|restore|seal|reproduce,OPEN_UNTIL_EXECUTED,63
41,3,Container Resources,memory_high,CANDIDATE_CANONICAL,observe|normalize|compute|command|actuate|readback|attribute|measure|compare|restore|seal|reproduce,OPEN_UNTIL_EXECUTED,4
42,3,Container Resources,memory_reclaim,CANDIDATE_CANONICAL,observe|normalize|compute|command|actuate|readback|attribute|measure|compare|restore|seal|reproduce,OPEN_UNTIL_EXECUTED,64
43,3,Container Resources,swap_limit,CANDIDATE_CANONICAL,observe|normalize|compute|command|actuate|readback|attribute|measure|compare|restore|seal|reproduce,OPEN_UNTIL_EXECUTED,65
44,3,Container Resources,cgroup_io_max,CANDIDATE_CANONICAL,observe|normalize|compute|command|actuate|readback|attribute|measure|compare|restore|seal|reproduce,OPEN_UNTIL_EXECUTED,66
45,3,Container Resources,cpu_weight,CANDIDATE_CANONICAL,observe|normalize|compute|command|actuate|readback|attribute|measure|compare|restore|seal|reproduce,OPEN_UNTIL_EXECUTED,67
46,3,Container Resources,cpu_quota,CANDIDATE_CANONICAL,observe|normalize|compute|command|actuate|readback|attribute|measure|compare|restore|seal|reproduce,OPEN_UNTIL_EXECUTED,68
47,3,Container Resources,cpuset,CANDIDATE_CANONICAL,observe|normalize|compute|command|actuate|readback|attribute|measure|compare|restore|seal|reproduce,OPEN_UNTIL_EXECUTED,69
48,3,Container Resources,runtime_class,CANDIDATE_CANONICAL,observe|normalize|compute|command|actuate|readback|attribute|measure|compare|restore|seal|reproduce,OPEN_UNTIL_EXECUTED,70
49,4,Kubernetes Placement & Scheduling,node_selector,CANDIDATE_CANONICAL,observe|normalize|compute|command|actuate|readback|attribute|measure|compare|restore|seal|reproduce,OPEN_UNTIL_EXECUTED,86
50,4,Kubernetes Placement & Scheduling,node_affinity,CANDIDATE_CANONICAL,observe|normalize|compute|command|actuate|readback|attribute|measure|compare|restore|seal|reproduce,OPEN_UNTIL_EXECUTED,87
51,4,Kubernetes Placement & Scheduling,pod_anti_affinity,CANDIDATE_CANONICAL,observe|normalize|compute|command|actuate|readback|attribute|measure|compare|restore|seal|reproduce,OPEN_UNTIL_EXECUTED,88
52,4,Kubernetes Placement & Scheduling,topology_spread,CANDIDATE_CANONICAL,observe|normalize|compute|command|actuate|readback|attribute|measure|compare|restore|seal|reproduce,OPEN_UNTIL_EXECUTED,89
53,4,Kubernetes Placement & Scheduling,numa_placement,CANDIDATE_CANONICAL,observe|normalize|compute|command|actuate|readback|attribute|measure|compare|restore|seal|reproduce,OPEN_UNTIL_EXECUTED,90
54,4,Kubernetes Placement & Scheduling,gpu_topology,CANDIDATE_CANONICAL,observe|normalize|compute|command|actuate|readback|attribute|measure|compare|restore|seal|reproduce,OPEN_UNTIL_EXECUTED,91
55,4,Kubernetes Placement & Scheduling,storage_locality,CANDIDATE_CANONICAL,observe|normalize|compute|command|actuate|readback|attribute|measure|compare|restore|seal|reproduce,OPEN_UNTIL_EXECUTED,92
56,4,Kubernetes Placement & Scheduling,network_locality,CANDIDATE_CANONICAL,observe|normalize|compute|command|actuate|readback|attribute|measure|compare|restore|seal|reproduce,OPEN_UNTIL_EXECUTED,93
57,4,Kubernetes Placement & Scheduling,taint_toleration,CANDIDATE_CANONICAL,observe|normalize|compute|command|actuate|readback|attribute|measure|compare|restore|seal|reproduce,OPEN_UNTIL_EXECUTED,94
58,4,Kubernetes Placement & Scheduling,priority_class,CANDIDATE_CANONICAL,observe|normalize|compute|command|actuate|readback|attribute|measure|compare|restore|seal|reproduce,OPEN_UNTIL_EXECUTED,95
59,4,Kubernetes Placement & Scheduling,preemption_policy,CANDIDATE_CANONICAL,observe|normalize|compute|command|actuate|readback|attribute|measure|compare|restore|seal|reproduce,OPEN_UNTIL_EXECUTED,96
60,4,Kubernetes Placement & Scheduling,device_claim,CANDIDATE_CANONICAL,observe|normalize|compute|command|actuate|readback|attribute|measure|compare|restore|seal|reproduce,OPEN_UNTIL_EXECUTED,6
61,4,Kubernetes Placement & Scheduling,failure_domain_spread,CANDIDATE_CANONICAL,observe|normalize|compute|command|actuate|readback|attribute|measure|compare|restore|seal|reproduce,OPEN_UNTIL_EXECUTED,97
62,4,Kubernetes Placement & Scheduling,scheduler_backoff,CANDIDATE_CANONICAL,observe|normalize|compute|command|actuate|readback|attribute|measure|compare|restore|seal|reproduce,OPEN_UNTIL_EXECUTED,98
63,4,Kubernetes Placement & Scheduling,gang_admission,CANDIDATE_CANONICAL,observe|normalize|compute|command|actuate|readback|attribute|measure|compare|restore|seal|reproduce,OPEN_UNTIL_EXECUTED,99
64,4,Kubernetes Placement & Scheduling,deschedule,CANDIDATE_CANONICAL,observe|normalize|compute|command|actuate|readback|attribute|measure|compare|restore|seal|reproduce,OPEN_UNTIL_EXECUTED,100
65,5,Node Fleet & Karpenter-Class Control,node_desired,CANDIDATE_CANONICAL,observe|normalize|compute|command|actuate|readback|attribute|measure|compare|restore|seal|reproduce,OPEN_UNTIL_EXECUTED,71
66,5,Node Fleet & Karpenter-Class Control,node_pool_min,CANDIDATE_CANONICAL,observe|normalize|compute|command|actuate|readback|attribute|measure|compare|restore|seal|reproduce,OPEN_UNTIL_EXECUTED,72
67,5,Node Fleet & Karpenter-Class Control,node_pool_max,CANDIDATE_CANONICAL,observe|normalize|compute|command|actuate|readback|attribute|measure|compare|restore|seal|reproduce,OPEN_UNTIL_EXECUTED,73
68,5,Node Fleet & Karpenter-Class Control,node_provision,CANDIDATE_CANONICAL,observe|normalize|compute|command|actuate|readback|attribute|measure|compare|restore|seal|reproduce,OPEN_UNTIL_EXECUTED,5
69,5,Node Fleet & Karpenter-Class Control,node_cordon,CANDIDATE_CANONICAL,observe|normalize|compute|command|actuate|readback|attribute|measure|compare|restore|seal|reproduce,OPEN_UNTIL_EXECUTED,74
70,5,Node Fleet & Karpenter-Class Control,node_drain,CANDIDATE_CANONICAL,observe|normalize|compute|command|actuate|readback|attribute|measure|compare|restore|seal|reproduce,OPEN_UNTIL_EXECUTED,75
71,5,Node Fleet & Karpenter-Class Control,node_consolidate,CANDIDATE_CANONICAL,observe|normalize|compute|command|actuate|readback|attribute|measure|compare|restore|seal|reproduce,OPEN_UNTIL_EXECUTED,76
72,5,Node Fleet & Karpenter-Class Control,node_replace,CANDIDATE_CANONICAL,observe|normalize|compute|command|actuate|readback|attribute|measure|compare|restore|seal|reproduce,OPEN_UNTIL_EXECUTED,77
73,5,Node Fleet & Karpenter-Class Control,node_shutdown,CANDIDATE_CANONICAL,observe|normalize|compute|command|actuate|readback|attribute|measure|compare|restore|seal|reproduce,OPEN_UNTIL_EXECUTED,78
74,5,Node Fleet & Karpenter-Class Control,node_power_on,CANDIDATE_CANONICAL,observe|normalize|compute|command|actuate|readback|attribute|measure|compare|restore|seal|reproduce,OPEN_UNTIL_EXECUTED,79
75,5,Node Fleet & Karpenter-Class Control,nodepool_weight,CANDIDATE_CANONICAL,observe|normalize|compute|command|actuate|readback|attribute|measure|compare|restore|seal|reproduce,OPEN_UNTIL_EXECUTED,80
76,5,Node Fleet & Karpenter-Class Control,disruption_budget,CANDIDATE_CANONICAL,observe|normalize|compute|command|actuate|readback|attribute|measure|compare|restore|seal|reproduce,OPEN_UNTIL_EXECUTED,81
77,5,Node Fleet & Karpenter-Class Control,consolidation_policy,CANDIDATE_CANONICAL,observe|normalize|compute|command|actuate|readback|attribute|measure|compare|restore|seal|reproduce,OPEN_UNTIL_EXECUTED,82
78,5,Node Fleet & Karpenter-Class Control,consolidate_after,CANDIDATE_CANONICAL,observe|normalize|compute|command|actuate|readback|attribute|measure|compare|restore|seal|reproduce,OPEN_UNTIL_EXECUTED,83
79,5,Node Fleet & Karpenter-Class Control,expire_after,CANDIDATE_CANONICAL,observe|normalize|compute|command|actuate|readback|attribute|measure|compare|restore|seal|reproduce,OPEN_UNTIL_EXECUTED,84
80,5,Node Fleet & Karpenter-Class Control,capacity_class,CANDIDATE_CANONICAL,observe|normalize|compute|command|actuate|readback|attribute|measure|compare|restore|seal|reproduce,OPEN_UNTIL_EXECUTED,85
81,6,OpenShift & Machine API,machineset_desired,CANDIDATE_CANONICAL,observe|normalize|compute|command|actuate|readback|attribute|measure|compare|restore|seal|reproduce,OPEN_UNTIL_EXECUTED,341
82,6,OpenShift & Machine API,machineautoscaler_min,CANDIDATE_CANONICAL,observe|normalize|compute|command|actuate|readback|attribute|measure|compare|restore|seal|reproduce,OPEN_UNTIL_EXECUTED,342
83,6,OpenShift & Machine API,machineautoscaler_max,CANDIDATE_CANONICAL,observe|normalize|compute|command|actuate|readback|attribute|measure|compare|restore|seal|reproduce,OPEN_UNTIL_EXECUTED,343
84,6,OpenShift & Machine API,machine_replace,CANDIDATE_CANONICAL,observe|normalize|compute|command|actuate|readback|attribute|measure|compare|restore|seal|reproduce,OPEN_UNTIL_EXECUTED,344
85,6,OpenShift & Machine API,machine_remediation,CANDIDATE_CANONICAL,observe|normalize|compute|command|actuate|readback|attribute|measure|compare|restore|seal|reproduce,OPEN_UNTIL_EXECUTED,345
86,6,OpenShift & Machine API,machine_drain,CANDIDATE_CANONICAL,observe|normalize|compute|command|actuate|readback|attribute|measure|compare|restore|seal|reproduce,OPEN_UNTIL_EXECUTED,346
87,6,OpenShift & Machine API,machine_delete,CANDIDATE_CANONICAL,observe|normalize|compute|command|actuate|readback|attribute|measure|compare|restore|seal|reproduce,OPEN_UNTIL_EXECUTED,347
88,6,OpenShift & Machine API,machine_health_gate,CANDIDATE_CANONICAL,observe|normalize|compute|command|actuate|readback|attribute|measure|compare|restore|seal|reproduce,OPEN_UNTIL_EXECUTED,348
89,6,OpenShift & Machine API,mcp_pause,CANDIDATE_CANONICAL,observe|normalize|compute|command|actuate|readback|attribute|measure|compare|restore|seal|reproduce,OPEN_UNTIL_EXECUTED,349
90,6,OpenShift & Machine API,mcp_max_unavailable,CANDIDATE_CANONICAL,observe|normalize|compute|command|actuate|readback|attribute|measure|compare|restore|seal|reproduce,OPEN_UNTIL_EXECUTED,350
91,6,OpenShift & Machine API,node_config_rollout,CANDIDATE_CANONICAL,observe|normalize|compute|command|actuate|readback|attribute|measure|compare|restore|seal|reproduce,OPEN_UNTIL_EXECUTED,351
92,6,OpenShift & Machine API,operator_reconcile_budget,CANDIDATE_CANONICAL,observe|normalize|compute|command|actuate|readback|attribute|measure|compare|restore|seal|reproduce,OPEN_UNTIL_EXECUTED,352
93,6,OpenShift & Machine API,cluster_version_pacing,CANDIDATE_CANONICAL,observe|normalize|compute|command|actuate|readback|attribute|measure|compare|restore|seal|reproduce,OPEN_UNTIL_EXECUTED,353
94,6,OpenShift & Machine API,infra_machine_admission,CANDIDATE_CANONICAL,observe|normalize|compute|command|actuate|readback|attribute|measure|compare|restore|seal|reproduce,OPEN_UNTIL_EXECUTED,354
95,6,OpenShift & Machine API,machine_failure_domain,CANDIDATE_CANONICAL,observe|normalize|compute|command|actuate|readback|attribute|measure|compare|restore|seal|reproduce,OPEN_UNTIL_EXECUTED,355
96,6,OpenShift & Machine API,native_restore,CANDIDATE_CANONICAL,observe|normalize|compute|command|actuate|readback|attribute|measure|compare|restore|seal|reproduce,OPEN_UNTIL_EXECUTED,356
97,7,Cloud VM & Capacity,vm_count,CANDIDATE_CANONICAL,observe|normalize|compute|command|actuate|readback|attribute|measure|compare|restore|seal|reproduce,OPEN_UNTIL_EXECUTED,225
98,7,Cloud VM & Capacity,vm_size,CANDIDATE_CANONICAL,observe|normalize|compute|command|actuate|readback|attribute|measure|compare|restore|seal|reproduce,OPEN_UNTIL_EXECUTED,226
99,7,Cloud VM & Capacity,vm_start_stop,CANDIDATE_CANONICAL,observe|normalize|compute|command|actuate|readback|attribute|measure|compare|restore|seal|reproduce,OPEN_UNTIL_EXECUTED,227
100,7,Cloud VM & Capacity,vm_migrate,CANDIDATE_CANONICAL,observe|normalize|compute|command|actuate|readback|attribute|measure|compare|restore|seal|reproduce,OPEN_UNTIL_EXECUTED,228
101,7,Cloud VM & Capacity,instance_family,CANDIDATE_CANONICAL,observe|normalize|compute|command|actuate|readback|attribute|measure|compare|restore|seal|reproduce,OPEN_UNTIL_EXECUTED,229
102,7,Cloud VM & Capacity,asg_min,CANDIDATE_CANONICAL,observe|normalize|compute|command|actuate|readback|attribute|measure|compare|restore|seal|reproduce,OPEN_UNTIL_EXECUTED,230
103,7,Cloud VM & Capacity,asg_max,CANDIDATE_CANONICAL,observe|normalize|compute|command|actuate|readback|attribute|measure|compare|restore|seal|reproduce,OPEN_UNTIL_EXECUTED,231
104,7,Cloud VM & Capacity,spot_mix,CANDIDATE_CANONICAL,observe|normalize|compute|command|actuate|readback|attribute|measure|compare|restore|seal|reproduce,OPEN_UNTIL_EXECUTED,232
105,7,Cloud VM & Capacity,reservation_mix,CANDIDATE_CANONICAL,observe|normalize|compute|command|actuate|readback|attribute|measure|compare|restore|seal|reproduce,OPEN_UNTIL_EXECUTED,233
106,7,Cloud VM & Capacity,zone_selection,CANDIDATE_CANONICAL,observe|normalize|compute|command|actuate|readback|attribute|measure|compare|restore|seal|reproduce,OPEN_UNTIL_EXECUTED,234
107,7,Cloud VM & Capacity,region_selection,CANDIDATE_CANONICAL,observe|normalize|compute|command|actuate|readback|attribute|measure|compare|restore|seal|reproduce,OPEN_UNTIL_EXECUTED,235
108,7,Cloud VM & Capacity,architecture_selection,CANDIDATE_CANONICAL,observe|normalize|compute|command|actuate|readback|attribute|measure|compare|restore|seal|reproduce,OPEN_UNTIL_EXECUTED,236
109,7,Cloud VM & Capacity,accelerator_selection,CANDIDATE_CANONICAL,observe|normalize|compute|command|actuate|readback|attribute|measure|compare|restore|seal|reproduce,OPEN_UNTIL_EXECUTED,237
110,7,Cloud VM & Capacity,boot_disk_class,CANDIDATE_CANONICAL,observe|normalize|compute|command|actuate|readback|attribute|measure|compare|restore|seal|reproduce,OPEN_UNTIL_EXECUTED,238
111,7,Cloud VM & Capacity,placement_group,CANDIDATE_CANONICAL,observe|normalize|compute|command|actuate|readback|attribute|measure|compare|restore|seal|reproduce,OPEN_UNTIL_EXECUTED,239
112,7,Cloud VM & Capacity,interruption_response,CANDIDATE_CANONICAL,observe|normalize|compute|command|actuate|readback|attribute|measure|compare|restore|seal|reproduce,OPEN_UNTIL_EXECUTED,240
113,8,Host CPU & Memory,cpufreq_min,CANDIDATE_CANONICAL,observe|normalize|compute|command|actuate|readback|attribute|measure|compare|restore|seal|reproduce,OPEN_UNTIL_EXECUTED,41
114,8,Host CPU & Memory,cpufreq_max,CANDIDATE_CANONICAL,observe|normalize|compute|command|actuate|readback|attribute|measure|compare|restore|seal|reproduce,OPEN_UNTIL_EXECUTED,3
115,8,Host CPU & Memory,rapl_package_power,CANDIDATE_CANONICAL,observe|normalize|compute|command|actuate|readback|attribute|measure|compare|restore|seal|reproduce,OPEN_UNTIL_EXECUTED,42
116,8,Host CPU & Memory,uncore_frequency,CANDIDATE_CANONICAL,observe|normalize|compute|command|actuate|readback|attribute|measure|compare|restore|seal|reproduce,OPEN_UNTIL_EXECUTED,43
117,8,Host CPU & Memory,energy_perf_preference,CANDIDATE_CANONICAL,observe|normalize|compute|command|actuate|readback|attribute|measure|compare|restore|seal|reproduce,OPEN_UNTIL_EXECUTED,44
118,8,Host CPU & Memory,cpu_idle_policy,CANDIDATE_CANONICAL,observe|normalize|compute|command|actuate|readback|attribute|measure|compare|restore|seal|reproduce,OPEN_UNTIL_EXECUTED,45
119,8,Host CPU & Memory,memory_bandwidth,CANDIDATE_CANONICAL,observe|normalize|compute|command|actuate|readback|attribute|measure|compare|restore|seal|reproduce,OPEN_UNTIL_EXECUTED,46
120,8,Host CPU & Memory,numa_balance,CANDIDATE_CANONICAL,observe|normalize|compute|command|actuate|readback|attribute|measure|compare|restore|seal|reproduce,OPEN_UNTIL_EXECUTED,47
121,8,Host CPU & Memory,irq_affinity,CANDIDATE_CANONICAL,observe|normalize|compute|command|actuate|readback|attribute|measure|compare|restore|seal|reproduce,OPEN_UNTIL_EXECUTED,48
122,8,Host CPU & Memory,llc_allocation,CANDIDATE_CANONICAL,observe|normalize|compute|command|actuate|readback|attribute|measure|compare|restore|seal|reproduce,OPEN_UNTIL_EXECUTED,49
123,8,Host CPU & Memory,memory_pressure_gate,CANDIDATE_CANONICAL,observe|normalize|compute|command|actuate|readback|attribute|measure|compare|restore|seal|reproduce,OPEN_UNTIL_EXECUTED,50
124,8,Host CPU & Memory,page_reclaim_rate,CANDIDATE_CANONICAL,observe|normalize|compute|command|actuate|readback|attribute|measure|compare|restore|seal|reproduce,OPEN_UNTIL_EXECUTED,51
125,8,Host CPU & Memory,transparent_hugepages,CANDIDATE_CANONICAL,observe|normalize|compute|command|actuate|readback|attribute|measure|compare|restore|seal|reproduce,OPEN_UNTIL_EXECUTED,52
126,8,Host CPU & Memory,core_online_offline,CANDIDATE_CANONICAL,observe|normalize|compute|command|actuate|readback|attribute|measure|compare|restore|seal|reproduce,OPEN_UNTIL_EXECUTED,53
127,8,Host CPU & Memory,thermal_throttle_policy,CANDIDATE_CANONICAL,observe|normalize|compute|command|actuate|readback|attribute|measure|compare|restore|seal|reproduce,OPEN_UNTIL_EXECUTED,54
128,8,Host CPU & Memory,host_power_profile,CANDIDATE_CANONICAL,observe|normalize|compute|command|actuate|readback|attribute|measure|compare|restore|seal|reproduce,OPEN_UNTIL_EXECUTED,55
129,9,NVIDIA GPU Hardware,gpu_allocate,CANDIDATE_CANONICAL,observe|normalize|compute|command|actuate|readback|attribute|measure|compare|restore|seal|reproduce,OPEN_UNTIL_EXECUTED,26
130,9,NVIDIA GPU Hardware,gpu_power_limit,CANDIDATE_CANONICAL,observe|normalize|compute|command|actuate|readback|attribute|measure|compare|restore|seal|reproduce,OPEN_UNTIL_EXECUTED,2
131,9,NVIDIA GPU Hardware,gpu_sm_clock,CANDIDATE_CANONICAL,observe|normalize|compute|command|actuate|readback|attribute|measure|compare|restore|seal|reproduce,OPEN_UNTIL_EXECUTED,27
132,9,NVIDIA GPU Hardware,gpu_memory_clock,CANDIDATE_CANONICAL,observe|normalize|compute|command|actuate|readback|attribute|measure|compare|restore|seal|reproduce,OPEN_UNTIL_EXECUTED,28
133,9,NVIDIA GPU Hardware,gpu_persistence_mode,CANDIDATE_CANONICAL,observe|normalize|compute|command|actuate|readback|attribute|measure|compare|restore|seal|reproduce,OPEN_UNTIL_EXECUTED,29
134,9,NVIDIA GPU Hardware,gpu_compute_mode,CANDIDATE_CANONICAL,observe|normalize|compute|command|actuate|readback|attribute|measure|compare|restore|seal|reproduce,OPEN_UNTIL_EXECUTED,30
135,9,NVIDIA GPU Hardware,mig_mode,CANDIDATE_CANONICAL,observe|normalize|compute|command|actuate|readback|attribute|measure|compare|restore|seal|reproduce,OPEN_UNTIL_EXECUTED,31
136,9,NVIDIA GPU Hardware,mig_geometry,CANDIDATE_CANONICAL,observe|normalize|compute|command|actuate|readback|attribute|measure|compare|restore|seal|reproduce,OPEN_UNTIL_EXECUTED,32
137,9,NVIDIA GPU Hardware,gpu_timeslice,CANDIDATE_CANONICAL,observe|normalize|compute|command|actuate|readback|attribute|measure|compare|restore|seal|reproduce,OPEN_UNTIL_EXECUTED,33
138,9,NVIDIA GPU Hardware,gpu_mps,CANDIDATE_CANONICAL,observe|normalize|compute|command|actuate|readback|attribute|measure|compare|restore|seal|reproduce,OPEN_UNTIL_EXECUTED,34
139,9,NVIDIA GPU Hardware,gpu_quarantine,CANDIDATE_CANONICAL,observe|normalize|compute|command|actuate|readback|attribute|measure|compare|restore|seal|reproduce,OPEN_UNTIL_EXECUTED,35
140,9,NVIDIA GPU Hardware,gpu_reset,CANDIDATE_CANONICAL,observe|normalize|compute|command|actuate|readback|attribute|measure|compare|restore|seal|reproduce,OPEN_UNTIL_EXECUTED,36
141,9,NVIDIA GPU Hardware,gpu_thermal_limit,CANDIDATE_CANONICAL,observe|normalize|compute|command|actuate|readback|attribute|measure|compare|restore|seal|reproduce,OPEN_UNTIL_EXECUTED,37
142,9,NVIDIA GPU Hardware,gpu_ecc_response,CANDIDATE_CANONICAL,observe|normalize|compute|command|actuate|readback|attribute|measure|compare|restore|seal|reproduce,OPEN_UNTIL_EXECUTED,38
143,9,NVIDIA GPU Hardware,gpu_job_power_budget,CANDIDATE_CANONICAL,observe|normalize|compute|command|actuate|readback|attribute|measure|compare|restore|seal|reproduce,OPEN_UNTIL_EXECUTED,39
144,9,NVIDIA GPU Hardware,gpu_native_restore,CANDIDATE_CANONICAL,observe|normalize|compute|command|actuate|readback|attribute|measure|compare|restore|seal|reproduce,OPEN_UNTIL_EXECUTED,40
145,10,GPU Fabric & RDMA,nvlink_placement,CANDIDATE_CANONICAL,observe|normalize|compute|command|actuate|readback|attribute|measure|compare|restore|seal|reproduce,OPEN_UNTIL_EXECUTED,193
146,10,GPU Fabric & RDMA,nvswitch_route,CANDIDATE_CANONICAL,observe|normalize|compute|command|actuate|readback|attribute|measure|compare|restore|seal|reproduce,OPEN_UNTIL_EXECUTED,194
147,10,GPU Fabric & RDMA,gpu_fabric_quarantine,CANDIDATE_CANONICAL,observe|normalize|compute|command|actuate|readback|attribute|measure|compare|restore|seal|reproduce,OPEN_UNTIL_EXECUTED,195
148,10,GPU Fabric & RDMA,rdma_bandwidth,CANDIDATE_CANONICAL,observe|normalize|compute|command|actuate|readback|attribute|measure|compare|restore|seal|reproduce,OPEN_UNTIL_EXECUTED,196
149,10,GPU Fabric & RDMA,rdma_route,CANDIDATE_CANONICAL,observe|normalize|compute|command|actuate|readback|attribute|measure|compare|restore|seal|reproduce,OPEN_UNTIL_EXECUTED,197
150,10,GPU Fabric & RDMA,nic_affinity,CANDIDATE_CANONICAL,observe|normalize|compute|command|actuate|readback|attribute|measure|compare|restore|seal|reproduce,OPEN_UNTIL_EXECUTED,198
151,10,GPU Fabric & RDMA,collective_concurrency,CANDIDATE_CANONICAL,observe|normalize|compute|command|actuate|readback|attribute|measure|compare|restore|seal|reproduce,OPEN_UNTIL_EXECUTED,199
152,10,GPU Fabric & RDMA,collective_algorithm,CANDIDATE_CANONICAL,observe|normalize|compute|command|actuate|readback|attribute|measure|compare|restore|seal|reproduce,OPEN_UNTIL_EXECUTED,200
153,10,GPU Fabric & RDMA,collective_chunk_size,CANDIDATE_CANONICAL,observe|normalize|compute|command|actuate|readback|attribute|measure|compare|restore|seal|reproduce,OPEN_UNTIL_EXECUTED,201
154,10,GPU Fabric & RDMA,rank_placement,CANDIDATE_CANONICAL,observe|normalize|compute|command|actuate|readback|attribute|measure|compare|restore|seal|reproduce,OPEN_UNTIL_EXECUTED,202
155,10,GPU Fabric & RDMA,gpudirect_policy,CANDIDATE_CANONICAL,observe|normalize|compute|command|actuate|readback|attribute|measure|compare|restore|seal|reproduce,OPEN_UNTIL_EXECUTED,203
156,10,GPU Fabric & RDMA,congestion_response,CANDIDATE_CANONICAL,observe|normalize|compute|command|actuate|readback|attribute|measure|compare|restore|seal|reproduce,OPEN_UNTIL_EXECUTED,204
157,10,GPU Fabric & RDMA,rail_selection,CANDIDATE_CANONICAL,observe|normalize|compute|command|actuate|readback|attribute|measure|compare|restore|seal|reproduce,OPEN_UNTIL_EXECUTED,205
158,10,GPU Fabric & RDMA,fabric_failover,CANDIDATE_CANONICAL,observe|normalize|compute|command|actuate|readback|attribute|measure|compare|restore|seal|reproduce,OPEN_UNTIL_EXECUTED,206
159,10,GPU Fabric & RDMA,communication_priority,CANDIDATE_CANONICAL,observe|normalize|compute|command|actuate|readback|attribute|measure|compare|restore|seal|reproduce,OPEN_UNTIL_EXECUTED,207
160,10,GPU Fabric & RDMA,fabric_isolation,CANDIDATE_CANONICAL,observe|normalize|compute|command|actuate|readback|attribute|measure|compare|restore|seal|reproduce,OPEN_UNTIL_EXECUTED,208
161,11,AI Inference Serving,model_replicas,CANDIDATE_CANONICAL,observe|normalize|compute|command|actuate|readback|attribute|measure|compare|restore|seal|reproduce,OPEN_UNTIL_EXECUTED,9
162,11,AI Inference Serving,model_route_weight,CANDIDATE_CANONICAL,observe|normalize|compute|command|actuate|readback|attribute|measure|compare|restore|seal|reproduce,OPEN_UNTIL_EXECUTED,101
163,11,AI Inference Serving,model_load,CANDIDATE_CANONICAL,observe|normalize|compute|command|actuate|readback|attribute|measure|compare|restore|seal|reproduce,OPEN_UNTIL_EXECUTED,102
164,11,AI Inference Serving,model_unload,CANDIDATE_CANONICAL,observe|normalize|compute|command|actuate|readback|attribute|measure|compare|restore|seal|reproduce,OPEN_UNTIL_EXECUTED,103
165,11,AI Inference Serving,model_instance_count,CANDIDATE_CANONICAL,observe|normalize|compute|command|actuate|readback|attribute|measure|compare|restore|seal|reproduce,OPEN_UNTIL_EXECUTED,104
166,11,AI Inference Serving,continuous_batching,CANDIDATE_CANONICAL,observe|normalize|compute|command|actuate|readback|attribute|measure|compare|restore|seal|reproduce,OPEN_UNTIL_EXECUTED,105
167,11,AI Inference Serving,max_batch_size,CANDIDATE_CANONICAL,observe|normalize|compute|command|actuate|readback|attribute|measure|compare|restore|seal|reproduce,OPEN_UNTIL_EXECUTED,106
168,11,AI Inference Serving,batch_queue_delay,CANDIDATE_CANONICAL,observe|normalize|compute|command|actuate|readback|attribute|measure|compare|restore|seal|reproduce,OPEN_UNTIL_EXECUTED,107
169,11,AI Inference Serving,inference_concurrency,CANDIDATE_CANONICAL,observe|normalize|compute|command|actuate|readback|attribute|measure|compare|restore|seal|reproduce,OPEN_UNTIL_EXECUTED,108
170,11,AI Inference Serving,inference_max_tokens,CANDIDATE_CANONICAL,observe|normalize|compute|command|actuate|readback|attribute|measure|compare|restore|seal|reproduce,OPEN_UNTIL_EXECUTED,109
171,11,AI Inference Serving,kv_cache_budget,CANDIDATE_CANONICAL,observe|normalize|compute|command|actuate|readback|attribute|measure|compare|restore|seal|reproduce,OPEN_UNTIL_EXECUTED,110
172,11,AI Inference Serving,prefix_cache_budget,CANDIDATE_CANONICAL,observe|normalize|compute|command|actuate|readback|attribute|measure|compare|restore|seal|reproduce,OPEN_UNTIL_EXECUTED,111
173,11,AI Inference Serving,speculative_decode_budget,CANDIDATE_CANONICAL,observe|normalize|compute|command|actuate|readback|attribute|measure|compare|restore|seal|reproduce,OPEN_UNTIL_EXECUTED,112
174,11,AI Inference Serving,model_precision,CANDIDATE_CANONICAL,observe|normalize|compute|command|actuate|readback|attribute|measure|compare|restore|seal|reproduce,OPEN_UNTIL_EXECUTED,113
175,11,AI Inference Serving,inference_priority,CANDIDATE_CANONICAL,observe|normalize|compute|command|actuate|readback|attribute|measure|compare|restore|seal|reproduce,OPEN_UNTIL_EXECUTED,114
176,11,AI Inference Serving,inference_slo_gate,CANDIDATE_CANONICAL,observe|normalize|compute|command|actuate|readback|attribute|measure|compare|restore|seal|reproduce,OPEN_UNTIL_EXECUTED,115
177,12,AI Training,training_workers,CANDIDATE_CANONICAL,observe|normalize|compute|command|actuate|readback|attribute|measure|compare|restore|seal|reproduce,OPEN_UNTIL_EXECUTED,177
178,12,AI Training,global_batch_size,CANDIDATE_CANONICAL,observe|normalize|compute|command|actuate|readback|attribute|measure|compare|restore|seal|reproduce,OPEN_UNTIL_EXECUTED,178
179,12,AI Training,microbatch_size,CANDIDATE_CANONICAL,observe|normalize|compute|command|actuate|readback|attribute|measure|compare|restore|seal|reproduce,OPEN_UNTIL_EXECUTED,179
180,12,AI Training,gradient_accumulation,CANDIDATE_CANONICAL,observe|normalize|compute|command|actuate|readback|attribute|measure|compare|restore|seal|reproduce,OPEN_UNTIL_EXECUTED,180
181,12,AI Training,data_parallelism,CANDIDATE_CANONICAL,observe|normalize|compute|command|actuate|readback|attribute|measure|compare|restore|seal|reproduce,OPEN_UNTIL_EXECUTED,181
182,12,AI Training,tensor_parallelism,CANDIDATE_CANONICAL,observe|normalize|compute|command|actuate|readback|attribute|measure|compare|restore|seal|reproduce,OPEN_UNTIL_EXECUTED,182
183,12,AI Training,pipeline_parallelism,CANDIDATE_CANONICAL,observe|normalize|compute|command|actuate|readback|attribute|measure|compare|restore|seal|reproduce,OPEN_UNTIL_EXECUTED,183
184,12,AI Training,expert_parallelism,CANDIDATE_CANONICAL,observe|normalize|compute|command|actuate|readback|attribute|measure|compare|restore|seal|reproduce,OPEN_UNTIL_EXECUTED,184
185,12,AI Training,checkpoint_interval,CANDIDATE_CANONICAL,observe|normalize|compute|command|actuate|readback|attribute|measure|compare|restore|seal|reproduce,OPEN_UNTIL_EXECUTED,185
186,12,AI Training,checkpoint_trigger,CANDIDATE_CANONICAL,observe|normalize|compute|command|actuate|readback|attribute|measure|compare|restore|seal|reproduce,OPEN_UNTIL_EXECUTED,186
187,12,AI Training,training_preempt,CANDIDATE_CANONICAL,observe|normalize|compute|command|actuate|readback|attribute|measure|compare|restore|seal|reproduce,OPEN_UNTIL_EXECUTED,187
188,12,AI Training,training_gang_size,CANDIDATE_CANONICAL,observe|normalize|compute|command|actuate|readback|attribute|measure|compare|restore|seal|reproduce,OPEN_UNTIL_EXECUTED,188
189,12,AI Training,elastic_worker_count,CANDIDATE_CANONICAL,observe|normalize|compute|command|actuate|readback|attribute|measure|compare|restore|seal|reproduce,OPEN_UNTIL_EXECUTED,189
190,12,AI Training,straggler_mitigation,CANDIDATE_CANONICAL,observe|normalize|compute|command|actuate|readback|attribute|measure|compare|restore|seal|reproduce,OPEN_UNTIL_EXECUTED,190
191,12,AI Training,training_precision,CANDIDATE_CANONICAL,observe|normalize|compute|command|actuate|readback|attribute|measure|compare|restore|seal|reproduce,OPEN_UNTIL_EXECUTED,191
192,12,AI Training,compute_comm_overlap,CANDIDATE_CANONICAL,observe|normalize|compute|command|actuate|readback|attribute|measure|compare|restore|seal|reproduce,OPEN_UNTIL_EXECUTED,192
193,13,HPC & Distributed Compute,job_slots,CANDIDATE_CANONICAL,observe|normalize|compute|command|actuate|readback|attribute|measure|compare|restore|seal|reproduce,OPEN_UNTIL_EXECUTED,357
194,13,HPC & Distributed Compute,mpi_ranks,CANDIDATE_CANONICAL,observe|normalize|compute|command|actuate|readback|attribute|measure|compare|restore|seal|reproduce,OPEN_UNTIL_EXECUTED,358
195,13,HPC & Distributed Compute,rank_mapping,CANDIDATE_CANONICAL,observe|normalize|compute|command|actuate|readback|attribute|measure|compare|restore|seal|reproduce,OPEN_UNTIL_EXECUTED,359
196,13,HPC & Distributed Compute,node_allocation,CANDIDATE_CANONICAL,observe|normalize|compute|command|actuate|readback|attribute|measure|compare|restore|seal|reproduce,OPEN_UNTIL_EXECUTED,360
197,13,HPC & Distributed Compute,job_walltime,CANDIDATE_CANONICAL,observe|normalize|compute|command|actuate|readback|attribute|measure|compare|restore|seal|reproduce,OPEN_UNTIL_EXECUTED,361
198,13,HPC & Distributed Compute,job_priority,CANDIDATE_CANONICAL,observe|normalize|compute|command|actuate|readback|attribute|measure|compare|restore|seal|reproduce,OPEN_UNTIL_EXECUTED,362
199,13,HPC & Distributed Compute,job_preemption,CANDIDATE_CANONICAL,observe|normalize|compute|command|actuate|readback|attribute|measure|compare|restore|seal|reproduce,OPEN_UNTIL_EXECUTED,363
200,13,HPC & Distributed Compute,checkpoint_restart,CANDIDATE_CANONICAL,observe|normalize|compute|command|actuate|readback|attribute|measure|compare|restore|seal|reproduce,OPEN_UNTIL_EXECUTED,364
201,13,HPC & Distributed Compute,parallel_io_budget,CANDIDATE_CANONICAL,observe|normalize|compute|command|actuate|readback|attribute|measure|compare|restore|seal|reproduce,OPEN_UNTIL_EXECUTED,365
202,13,HPC & Distributed Compute,collective_budget,CANDIDATE_CANONICAL,observe|normalize|compute|command|actuate|readback|attribute|measure|compare|restore|seal|reproduce,OPEN_UNTIL_EXECUTED,366
203,13,HPC & Distributed Compute,accelerator_share,CANDIDATE_CANONICAL,observe|normalize|compute|command|actuate|readback|attribute|measure|compare|restore|seal|reproduce,OPEN_UNTIL_EXECUTED,367
204,13,HPC & Distributed Compute,cpu_gpu_ratio,CANDIDATE_CANONICAL,observe|normalize|compute|command|actuate|readback|attribute|measure|compare|restore|seal|reproduce,OPEN_UNTIL_EXECUTED,368
205,13,HPC & Distributed Compute,memory_per_rank,CANDIDATE_CANONICAL,observe|normalize|compute|command|actuate|readback|attribute|measure|compare|restore|seal|reproduce,OPEN_UNTIL_EXECUTED,369
206,13,HPC & Distributed Compute,scratch_budget,CANDIDATE_CANONICAL,observe|normalize|compute|command|actuate|readback|attribute|measure|compare|restore|seal|reproduce,OPEN_UNTIL_EXECUTED,370
207,13,HPC & Distributed Compute,scheduler_fair_share,CANDIDATE_CANONICAL,observe|normalize|compute|command|actuate|readback|attribute|measure|compare|restore|seal|reproduce,OPEN_UNTIL_EXECUTED,371
208,13,HPC & Distributed Compute,backfill_policy,CANDIDATE_CANONICAL,observe|normalize|compute|command|actuate|readback|attribute|measure|compare|restore|seal|reproduce,OPEN_UNTIL_EXECUTED,372
209,14,Distributed Cluster Managers,task_admission,CANDIDATE_CANONICAL,observe|normalize|compute|command|actuate|readback|attribute|measure|compare|restore|seal|reproduce,OPEN_UNTIL_EXECUTED,373
210,14,Distributed Cluster Managers,task_priority,CANDIDATE_CANONICAL,observe|normalize|compute|command|actuate|readback|attribute|measure|compare|restore|seal|reproduce,OPEN_UNTIL_EXECUTED,374
211,14,Distributed Cluster Managers,resource_reservation,CANDIDATE_CANONICAL,observe|normalize|compute|command|actuate|readback|attribute|measure|compare|restore|seal|reproduce,OPEN_UNTIL_EXECUTED,375
212,14,Distributed Cluster Managers,cluster_quota,CANDIDATE_CANONICAL,observe|normalize|compute|command|actuate|readback|attribute|measure|compare|restore|seal|reproduce,OPEN_UNTIL_EXECUTED,376
213,14,Distributed Cluster Managers,task_preemption,CANDIDATE_CANONICAL,observe|normalize|compute|command|actuate|readback|attribute|measure|compare|restore|seal|reproduce,OPEN_UNTIL_EXECUTED,377
214,14,Distributed Cluster Managers,binpack_pressure,CANDIDATE_CANONICAL,observe|normalize|compute|command|actuate|readback|attribute|measure|compare|restore|seal|reproduce,OPEN_UNTIL_EXECUTED,378
215,14,Distributed Cluster Managers,spread_pressure,CANDIDATE_CANONICAL,observe|normalize|compute|command|actuate|readback|attribute|measure|compare|restore|seal|reproduce,OPEN_UNTIL_EXECUTED,379
216,14,Distributed Cluster Managers,gang_schedule,CANDIDATE_CANONICAL,observe|normalize|compute|command|actuate|readback|attribute|measure|compare|restore|seal|reproduce,OPEN_UNTIL_EXECUTED,380
217,14,Distributed Cluster Managers,worker_allocation,CANDIDATE_CANONICAL,observe|normalize|compute|command|actuate|readback|attribute|measure|compare|restore|seal|reproduce,OPEN_UNTIL_EXECUTED,381
218,14,Distributed Cluster Managers,maintenance_evacuation,CANDIDATE_CANONICAL,observe|normalize|compute|command|actuate|readback|attribute|measure|compare|restore|seal|reproduce,OPEN_UNTIL_EXECUTED,382
219,14,Distributed Cluster Managers,oversubscription,CANDIDATE_CANONICAL,observe|normalize|compute|command|actuate|readback|attribute|measure|compare|restore|seal|reproduce,OPEN_UNTIL_EXECUTED,383
220,14,Distributed Cluster Managers,resource_reclaim,CANDIDATE_CANONICAL,observe|normalize|compute|command|actuate|readback|attribute|measure|compare|restore|seal|reproduce,OPEN_UNTIL_EXECUTED,384
221,14,Distributed Cluster Managers,queue_fairness,CANDIDATE_CANONICAL,observe|normalize|compute|command|actuate|readback|attribute|measure|compare|restore|seal|reproduce,OPEN_UNTIL_EXECUTED,385
222,14,Distributed Cluster Managers,deadline_pressure,CANDIDATE_CANONICAL,observe|normalize|compute|command|actuate|readback|attribute|measure|compare|restore|seal|reproduce,OPEN_UNTIL_EXECUTED,386
223,14,Distributed Cluster Managers,scheduler_retry,CANDIDATE_CANONICAL,observe|normalize|compute|command|actuate|readback|attribute|measure|compare|restore|seal|reproduce,OPEN_UNTIL_EXECUTED,387
225,15,Network Routing & Switching,lb_weight,CANDIDATE_CANONICAL,observe|normalize|compute|command|actuate|readback|attribute|measure|compare|restore|seal|reproduce,OPEN_UNTIL_EXECUTED,7
226,15,Network Routing & Switching,route_weight,CANDIDATE_CANONICAL,observe|normalize|compute|command|actuate|readback|attribute|measure|compare|restore|seal|reproduce,OPEN_UNTIL_EXECUTED,116
227,15,Network Routing & Switching,rate_limit,CANDIDATE_CANONICAL,observe|normalize|compute|command|actuate|readback|attribute|measure|compare|restore|seal|reproduce,OPEN_UNTIL_EXECUTED,117
228,15,Network Routing & Switching,bandwidth_limit,CANDIDATE_CANONICAL,observe|normalize|compute|command|actuate|readback|attribute|measure|compare|restore|seal|reproduce,OPEN_UNTIL_EXECUTED,118
229,15,Network Routing & Switching,qos_class,CANDIDATE_CANONICAL,observe|normalize|compute|command|actuate|readback|attribute|measure|compare|restore|seal|reproduce,OPEN_UNTIL_EXECUTED,119
230,15,Network Routing & Switching,connection_limit,CANDIDATE_CANONICAL,observe|normalize|compute|command|actuate|readback|attribute|measure|compare|restore|seal|reproduce,OPEN_UNTIL_EXECUTED,120
231,15,Network Routing & Switching,failover_route,CANDIDATE_CANONICAL,observe|normalize|compute|command|actuate|readback|attribute|measure|compare|restore|seal|reproduce,OPEN_UNTIL_EXECUTED,121
232,15,Network Routing & Switching,nic_rate_limit,CANDIDATE_CANONICAL,observe|normalize|compute|command|actuate|readback|attribute|measure|compare|restore|seal|reproduce,OPEN_UNTIL_EXECUTED,122
233,15,Network Routing & Switching,nic_queue_count,CANDIDATE_CANONICAL,observe|normalize|compute|command|actuate|readback|attribute|measure|compare|restore|seal|reproduce,OPEN_UNTIL_EXECUTED,123
234,15,Network Routing & Switching,queue_discipline,CANDIDATE_CANONICAL,observe|normalize|compute|command|actuate|readback|attribute|measure|compare|restore|seal|reproduce,OPEN_UNTIL_EXECUTED,124
235,15,Network Routing & Switching,congestion_control,CANDIDATE_CANONICAL,observe|normalize|compute|command|actuate|readback|attribute|measure|compare|restore|seal|reproduce,OPEN_UNTIL_EXECUTED,125
236,15,Network Routing & Switching,egress_budget,CANDIDATE_CANONICAL,observe|normalize|compute|command|actuate|readback|attribute|measure|compare|restore|seal|reproduce,OPEN_UNTIL_EXECUTED,126
237,15,Network Routing & Switching,ingress_budget,CANDIDATE_CANONICAL,observe|normalize|compute|command|actuate|readback|attribute|measure|compare|restore|seal|reproduce,OPEN_UNTIL_EXECUTED,127
238,15,Network Routing & Switching,ecmp_weight,CANDIDATE_CANONICAL,observe|normalize|compute|command|actuate|readback|attribute|measure|compare|restore|seal|reproduce,OPEN_UNTIL_EXECUTED,128
239,15,Network Routing & Switching,path_selection,CANDIDATE_CANONICAL,observe|normalize|compute|command|actuate|readback|attribute|measure|compare|restore|seal|reproduce,OPEN_UNTIL_EXECUTED,129
240,15,Network Routing & Switching,network_isolation,CANDIDATE_CANONICAL,observe|normalize|compute|command|actuate|readback|attribute|measure|compare|restore|seal|reproduce,OPEN_UNTIL_EXECUTED,130
241,16,Service Mesh & API Reliability,circuit_breaker,CANDIDATE_CANONICAL,observe|normalize|compute|command|actuate|readback|attribute|measure|compare|restore|seal|reproduce,OPEN_UNTIL_EXECUTED,257
242,16,Service Mesh & API Reliability,retry_budget,CANDIDATE_CANONICAL,observe|normalize|compute|command|actuate|readback|attribute|measure|compare|restore|seal|reproduce,OPEN_UNTIL_EXECUTED,258
243,16,Service Mesh & API Reliability,service_timeout,CANDIDATE_CANONICAL,observe|normalize|compute|command|actuate|readback|attribute|measure|compare|restore|seal|reproduce,OPEN_UNTIL_EXECUTED,259
244,16,Service Mesh & API Reliability,service_concurrency,CANDIDATE_CANONICAL,observe|normalize|compute|command|actuate|readback|attribute|measure|compare|restore|seal|reproduce,OPEN_UNTIL_EXECUTED,260
245,16,Service Mesh & API Reliability,connection_pool,CANDIDATE_CANONICAL,observe|normalize|compute|command|actuate|readback|attribute|measure|compare|restore|seal|reproduce,OPEN_UNTIL_EXECUTED,261
246,16,Service Mesh & API Reliability,traffic_divert,CANDIDATE_CANONICAL,observe|normalize|compute|command|actuate|readback|attribute|measure|compare|restore|seal|reproduce,OPEN_UNTIL_EXECUTED,262
247,16,Service Mesh & API Reliability,traffic_mirror,CANDIDATE_CANONICAL,observe|normalize|compute|command|actuate|readback|attribute|measure|compare|restore|seal|reproduce,OPEN_UNTIL_EXECUTED,263
248,16,Service Mesh & API Reliability,canary_weight,CANDIDATE_CANONICAL,observe|normalize|compute|command|actuate|readback|attribute|measure|compare|restore|seal|reproduce,OPEN_UNTIL_EXECUTED,264
249,16,Service Mesh & API Reliability,outlier_ejection,CANDIDATE_CANONICAL,observe|normalize|compute|command|actuate|readback|attribute|measure|compare|restore|seal|reproduce,OPEN_UNTIL_EXECUTED,265
250,16,Service Mesh & API Reliability,health_threshold,CANDIDATE_CANONICAL,observe|normalize|compute|command|actuate|readback|attribute|measure|compare|restore|seal|reproduce,OPEN_UNTIL_EXECUTED,266
251,16,Service Mesh & API Reliability,dns_traffic_weight,CANDIDATE_CANONICAL,observe|normalize|compute|command|actuate|readback|attribute|measure|compare|restore|seal|reproduce,OPEN_UNTIL_EXECUTED,267
252,16,Service Mesh & API Reliability,session_affinity,CANDIDATE_CANONICAL,observe|normalize|compute|command|actuate|readback|attribute|measure|compare|restore|seal|reproduce,OPEN_UNTIL_EXECUTED,268
253,16,Service Mesh & API Reliability,request_hedging,CANDIDATE_CANONICAL,observe|normalize|compute|command|actuate|readback|attribute|measure|compare|restore|seal|reproduce,OPEN_UNTIL_EXECUTED,269
254,16,Service Mesh & API Reliability,fault_injection_gate,CANDIDATE_CANONICAL,observe|normalize|compute|command|actuate|readback|attribute|measure|compare|restore|seal|reproduce,OPEN_UNTIL_EXECUTED,270
255,16,Service Mesh & API Reliability,service_failover,CANDIDATE_CANONICAL,observe|normalize|compute|command|actuate|readback|attribute|measure|compare|restore|seal|reproduce,OPEN_UNTIL_EXECUTED,271
256,16,Service Mesh & API Reliability,mesh_restore,CANDIDATE_CANONICAL,observe|normalize|compute|command|actuate|readback|attribute|measure|compare|restore|seal|reproduce,OPEN_UNTIL_EXECUTED,272
257,17,Storage Block/File/Object,volume_size,CANDIDATE_CANONICAL,observe|normalize|compute|command|actuate|readback|attribute|measure|compare|restore|seal|reproduce,OPEN_UNTIL_EXECUTED,131
258,17,Storage Block/File/Object,iops_limit,CANDIDATE_CANONICAL,observe|normalize|compute|command|actuate|readback|attribute|measure|compare|restore|seal|reproduce,OPEN_UNTIL_EXECUTED,8
259,17,Storage Block/File/Object,throughput_limit,CANDIDATE_CANONICAL,observe|normalize|compute|command|actuate|readback|attribute|measure|compare|restore|seal|reproduce,OPEN_UNTIL_EXECUTED,132
260,17,Storage Block/File/Object,replica_count,CANDIDATE_CANONICAL,observe|normalize|compute|command|actuate|readback|attribute|measure|compare|restore|seal|reproduce,OPEN_UNTIL_EXECUTED,133
261,17,Storage Block/File/Object,storage_tier,CANDIDATE_CANONICAL,observe|normalize|compute|command|actuate|readback|attribute|measure|compare|restore|seal|reproduce,OPEN_UNTIL_EXECUTED,134
262,17,Storage Block/File/Object,volume_placement,CANDIDATE_CANONICAL,observe|normalize|compute|command|actuate|readback|attribute|measure|compare|restore|seal|reproduce,OPEN_UNTIL_EXECUTED,135
263,17,Storage Block/File/Object,snapshot_trigger,CANDIDATE_CANONICAL,observe|normalize|compute|command|actuate|readback|attribute|measure|compare|restore|seal|reproduce,OPEN_UNTIL_EXECUTED,136
264,17,Storage Block/File/Object,rebalance,CANDIDATE_CANONICAL,observe|normalize|compute|command|actuate|readback|attribute|measure|compare|restore|seal|reproduce,OPEN_UNTIL_EXECUTED,137
265,17,Storage Block/File/Object,recovery_rate,CANDIDATE_CANONICAL,observe|normalize|compute|command|actuate|readback|attribute|measure|compare|restore|seal|reproduce,OPEN_UNTIL_EXECUTED,138
266,17,Storage Block/File/Object,backfill_rate,CANDIDATE_CANONICAL,observe|normalize|compute|command|actuate|readback|attribute|measure|compare|restore|seal|reproduce,OPEN_UNTIL_EXECUTED,139
267,17,Storage Block/File/Object,compaction_pressure,CANDIDATE_CANONICAL,observe|normalize|compute|command|actuate|readback|attribute|measure|compare|restore|seal|reproduce,OPEN_UNTIL_EXECUTED,140
268,17,Storage Block/File/Object,cache_allocation,CANDIDATE_CANONICAL,observe|normalize|compute|command|actuate|readback|attribute|measure|compare|restore|seal|reproduce,OPEN_UNTIL_EXECUTED,141
269,17,Storage Block/File/Object,object_replication,CANDIDATE_CANONICAL,observe|normalize|compute|command|actuate|readback|attribute|measure|compare|restore|seal|reproduce,OPEN_UNTIL_EXECUTED,142
270,17,Storage Block/File/Object,erasure_code_profile,CANDIDATE_CANONICAL,observe|normalize|compute|command|actuate|readback|attribute|measure|compare|restore|seal|reproduce,OPEN_UNTIL_EXECUTED,143
271,17,Storage Block/File/Object,storage_admission,CANDIDATE_CANONICAL,observe|normalize|compute|command|actuate|readback|attribute|measure|compare|restore|seal|reproduce,OPEN_UNTIL_EXECUTED,144
272,17,Storage Block/File/Object,degraded_storage_gate,CANDIDATE_CANONICAL,observe|normalize|compute|command|actuate|readback|attribute|measure|compare|restore|seal|reproduce,OPEN_UNTIL_EXECUTED,145
273,18,Database & Transactions,db_replicas,CANDIDATE_CANONICAL,observe|normalize|compute|command|actuate|readback|attribute|measure|compare|restore|seal|reproduce,OPEN_UNTIL_EXECUTED,241
274,18,Database & Transactions,db_connections,CANDIDATE_CANONICAL,observe|normalize|compute|command|actuate|readback|attribute|measure|compare|restore|seal|reproduce,OPEN_UNTIL_EXECUTED,242
275,18,Database & Transactions,db_memory,CANDIDATE_CANONICAL,observe|normalize|compute|command|actuate|readback|attribute|measure|compare|restore|seal|reproduce,OPEN_UNTIL_EXECUTED,243
276,18,Database & Transactions,db_cache,CANDIDATE_CANONICAL,observe|normalize|compute|command|actuate|readback|attribute|measure|compare|restore|seal|reproduce,OPEN_UNTIL_EXECUTED,244
277,18,Database & Transactions,query_concurrency,CANDIDATE_CANONICAL,observe|normalize|compute|command|actuate|readback|attribute|measure|compare|restore|seal|reproduce,OPEN_UNTIL_EXECUTED,245
278,18,Database & Transactions,read_route,CANDIDATE_CANONICAL,observe|normalize|compute|command|actuate|readback|attribute|measure|compare|restore|seal|reproduce,OPEN_UNTIL_EXECUTED,246
279,18,Database & Transactions,shard_placement,CANDIDATE_CANONICAL,observe|normalize|compute|command|actuate|readback|attribute|measure|compare|restore|seal|reproduce,OPEN_UNTIL_EXECUTED,247
280,18,Database & Transactions,db_failover,CANDIDATE_CANONICAL,observe|normalize|compute|command|actuate|readback|attribute|measure|compare|restore|seal|reproduce,OPEN_UNTIL_EXECUTED,248
281,18,Database & Transactions,replication_lag_gate,CANDIDATE_CANONICAL,observe|normalize|compute|command|actuate|readback|attribute|measure|compare|restore|seal|reproduce,OPEN_UNTIL_EXECUTED,249
282,18,Database & Transactions,db_write_throttle,CANDIDATE_CANONICAL,observe|normalize|compute|command|actuate|readback|attribute|measure|compare|restore|seal|reproduce,OPEN_UNTIL_EXECUTED,250
283,18,Database & Transactions,db_pool_resize,CANDIDATE_CANONICAL,observe|normalize|compute|command|actuate|readback|attribute|measure|compare|restore|seal|reproduce,OPEN_UNTIL_EXECUTED,251
284,18,Database & Transactions,transaction_concurrency,CANDIDATE_CANONICAL,observe|normalize|compute|command|actuate|readback|attribute|measure|compare|restore|seal|reproduce,OPEN_UNTIL_EXECUTED,252
285,18,Database & Transactions,lock_timeout,CANDIDATE_CANONICAL,observe|normalize|compute|command|actuate|readback|attribute|measure|compare|restore|seal|reproduce,OPEN_UNTIL_EXECUTED,253
286,18,Database & Transactions,checkpoint_rate,CANDIDATE_CANONICAL,observe|normalize|compute|command|actuate|readback|attribute|measure|compare|restore|seal|reproduce,OPEN_UNTIL_EXECUTED,254
287,18,Database & Transactions,vacuum_compaction_rate,CANDIDATE_CANONICAL,observe|normalize|compute|command|actuate|readback|attribute|measure|compare|restore|seal|reproduce,OPEN_UNTIL_EXECUTED,255
288,18,Database & Transactions,db_restore,CANDIDATE_CANONICAL,observe|normalize|compute|command|actuate|readback|attribute|measure|compare|restore|seal|reproduce,OPEN_UNTIL_EXECUTED,256
289,19,Messaging & Streaming,partition_count,CANDIDATE_CANONICAL,observe|normalize|compute|command|actuate|readback|attribute|measure|compare|restore|seal|reproduce,OPEN_UNTIL_EXECUTED,388
290,19,Messaging & Streaming,partition_placement,CANDIDATE_CANONICAL,observe|normalize|compute|command|actuate|readback|attribute|measure|compare|restore|seal|reproduce,OPEN_UNTIL_EXECUTED,389
291,19,Messaging & Streaming,producer_quota,CANDIDATE_CANONICAL,observe|normalize|compute|command|actuate|readback|attribute|measure|compare|restore|seal|reproduce,OPEN_UNTIL_EXECUTED,390
292,19,Messaging & Streaming,consumer_quota,CANDIDATE_CANONICAL,observe|normalize|compute|command|actuate|readback|attribute|measure|compare|restore|seal|reproduce,OPEN_UNTIL_EXECUTED,391
293,19,Messaging & Streaming,broker_io_quota,CANDIDATE_CANONICAL,observe|normalize|compute|command|actuate|readback|attribute|measure|compare|restore|seal|reproduce,OPEN_UNTIL_EXECUTED,392
294,19,Messaging & Streaming,message_retention,CANDIDATE_CANONICAL,observe|normalize|compute|command|actuate|readback|attribute|measure|compare|restore|seal|reproduce,OPEN_UNTIL_EXECUTED,393
295,19,Messaging & Streaming,queue_depth_limit,CANDIDATE_CANONICAL,observe|normalize|compute|command|actuate|readback|attribute|measure|compare|restore|seal|reproduce,OPEN_UNTIL_EXECUTED,394
296,19,Messaging & Streaming,consumer_concurrency,CANDIDATE_CANONICAL,observe|normalize|compute|command|actuate|readback|attribute|measure|compare|restore|seal|reproduce,OPEN_UNTIL_EXECUTED,395
297,19,Messaging & Streaming,producer_batch_size,CANDIDATE_CANONICAL,observe|normalize|compute|command|actuate|readback|attribute|measure|compare|restore|seal|reproduce,OPEN_UNTIL_EXECUTED,396
298,19,Messaging & Streaming,fetch_batch_size,CANDIDATE_CANONICAL,observe|normalize|compute|command|actuate|readback|attribute|measure|compare|restore|seal|reproduce,OPEN_UNTIL_EXECUTED,397
299,19,Messaging & Streaming,rebalance_rate,CANDIDATE_CANONICAL,observe|normalize|compute|command|actuate|readback|attribute|measure|compare|restore|seal|reproduce,OPEN_UNTIL_EXECUTED,398
300,19,Messaging & Streaming,replication_factor,CANDIDATE_CANONICAL,observe|normalize|compute|command|actuate|readback|attribute|measure|compare|restore|seal|reproduce,OPEN_UNTIL_EXECUTED,399
301,19,Messaging & Streaming,retry_backoff,CANDIDATE_CANONICAL,observe|normalize|compute|command|actuate|readback|attribute|measure|compare|restore|seal|reproduce,OPEN_UNTIL_EXECUTED,400
302,19,Messaging & Streaming,dead_letter_divert,CANDIDATE_CANONICAL,observe|normalize|compute|command|actuate|readback|attribute|measure|compare|restore|seal|reproduce,OPEN_UNTIL_EXECUTED,401
303,19,Messaging & Streaming,stream_priority,CANDIDATE_CANONICAL,observe|normalize|compute|command|actuate|readback|attribute|measure|compare|restore|seal|reproduce,OPEN_UNTIL_EXECUTED,402
304,19,Messaging & Streaming,broker_failover,CANDIDATE_CANONICAL,observe|normalize|compute|command|actuate|readback|attribute|measure|compare|restore|seal|reproduce,OPEN_UNTIL_EXECUTED,403
305,20,Cache & Memory Services,cache_size,CANDIDATE_CANONICAL,observe|normalize|compute|command|actuate|readback|attribute|measure|compare|restore|seal|reproduce,OPEN_UNTIL_EXECUTED,404
306,20,Cache & Memory Services,cache_ttl,CANDIDATE_CANONICAL,observe|normalize|compute|command|actuate|readback|attribute|measure|compare|restore|seal|reproduce,OPEN_UNTIL_EXECUTED,405
307,20,Cache & Memory Services,cache_eviction_policy,CANDIDATE_CANONICAL,observe|normalize|compute|command|actuate|readback|attribute|measure|compare|restore|seal|reproduce,OPEN_UNTIL_EXECUTED,406
308,20,Cache & Memory Services,cache_replicas,CANDIDATE_CANONICAL,observe|normalize|compute|command|actuate|readback|attribute|measure|compare|restore|seal|reproduce,OPEN_UNTIL_EXECUTED,407
309,20,Cache & Memory Services,cache_sharding,CANDIDATE_CANONICAL,observe|normalize|compute|command|actuate|readback|attribute|measure|compare|restore|seal|reproduce,OPEN_UNTIL_EXECUTED,408
310,20,Cache & Memory Services,cache_prefetch,CANDIDATE_CANONICAL,observe|normalize|compute|command|actuate|readback|attribute|measure|compare|restore|seal|reproduce,OPEN_UNTIL_EXECUTED,409
311,20,Cache & Memory Services,cache_writeback_rate,CANDIDATE_CANONICAL,observe|normalize|compute|command|actuate|readback|attribute|measure|compare|restore|seal|reproduce,OPEN_UNTIL_EXECUTED,410
312,20,Cache & Memory Services,cache_admission,CANDIDATE_CANONICAL,observe|normalize|compute|command|actuate|readback|attribute|measure|compare|restore|seal|reproduce,OPEN_UNTIL_EXECUTED,411
313,20,Cache & Memory Services,hot_key_isolation,CANDIDATE_CANONICAL,observe|normalize|compute|command|actuate|readback|attribute|measure|compare|restore|seal|reproduce,OPEN_UNTIL_EXECUTED,412
314,20,Cache & Memory Services,cache_connection_limit,CANDIDATE_CANONICAL,observe|normalize|compute|command|actuate|readback|attribute|measure|compare|restore|seal|reproduce,OPEN_UNTIL_EXECUTED,413
315,20,Cache & Memory Services,cache_memory_limit,CANDIDATE_CANONICAL,observe|normalize|compute|command|actuate|readback|attribute|measure|compare|restore|seal|reproduce,OPEN_UNTIL_EXECUTED,414
316,20,Cache & Memory Services,cache_compression,CANDIDATE_CANONICAL,observe|normalize|compute|command|actuate|readback|attribute|measure|compare|restore|seal|reproduce,OPEN_UNTIL_EXECUTED,415
317,20,Cache & Memory Services,cache_warmup,CANDIDATE_CANONICAL,observe|normalize|compute|command|actuate|readback|attribute|measure|compare|restore|seal|reproduce,OPEN_UNTIL_EXECUTED,416
318,20,Cache & Memory Services,cache_failover,CANDIDATE_CANONICAL,observe|normalize|compute|command|actuate|readback|attribute|measure|compare|restore|seal|reproduce,OPEN_UNTIL_EXECUTED,417
319,20,Cache & Memory Services,cache_flush_rate,CANDIDATE_CANONICAL,observe|normalize|compute|command|actuate|readback|attribute|measure|compare|restore|seal|reproduce,OPEN_UNTIL_EXECUTED,418
320,20,Cache & Memory Services,cache_restore,CANDIDATE_CANONICAL,observe|normalize|compute|command|actuate|readback|attribute|measure|compare|restore|seal|reproduce,OPEN_UNTIL_EXECUTED,419
321,21,"Search, Indexing & Vector DB",index_workers,CANDIDATE_CANONICAL,observe|normalize|compute|command|actuate|readback|attribute|measure|compare|restore|seal|reproduce,OPEN_UNTIL_EXECUTED,420
322,21,"Search, Indexing & Vector DB",index_refresh_rate,CANDIDATE_CANONICAL,observe|normalize|compute|command|actuate|readback|attribute|measure|compare|restore|seal|reproduce,OPEN_UNTIL_EXECUTED,421
323,21,"Search, Indexing & Vector DB",segment_merge_rate,CANDIDATE_CANONICAL,observe|normalize|compute|command|actuate|readback|attribute|measure|compare|restore|seal|reproduce,OPEN_UNTIL_EXECUTED,422
324,21,"Search, Indexing & Vector DB",search_concurrency,CANDIDATE_CANONICAL,observe|normalize|compute|command|actuate|readback|attribute|measure|compare|restore|seal|reproduce,OPEN_UNTIL_EXECUTED,423
325,21,"Search, Indexing & Vector DB",search_timeout,CANDIDATE_CANONICAL,observe|normalize|compute|command|actuate|readback|attribute|measure|compare|restore|seal|reproduce,OPEN_UNTIL_EXECUTED,424
326,21,"Search, Indexing & Vector DB",shard_count,CANDIDATE_CANONICAL,observe|normalize|compute|command|actuate|readback|attribute|measure|compare|restore|seal|reproduce,OPEN_UNTIL_EXECUTED,425
327,21,"Search, Indexing & Vector DB",shard_replication,CANDIDATE_CANONICAL,observe|normalize|compute|command|actuate|readback|attribute|measure|compare|restore|seal|reproduce,OPEN_UNTIL_EXECUTED,426
328,21,"Search, Indexing & Vector DB",shard_rebalance,CANDIDATE_CANONICAL,observe|normalize|compute|command|actuate|readback|attribute|measure|compare|restore|seal|reproduce,OPEN_UNTIL_EXECUTED,427
329,21,"Search, Indexing & Vector DB",vector_search_k,CANDIDATE_CANONICAL,observe|normalize|compute|command|actuate|readback|attribute|measure|compare|restore|seal|reproduce,OPEN_UNTIL_EXECUTED,428
330,21,"Search, Indexing & Vector DB",vector_batch_size,CANDIDATE_CANONICAL,observe|normalize|compute|command|actuate|readback|attribute|measure|compare|restore|seal|reproduce,OPEN_UNTIL_EXECUTED,429
331,21,"Search, Indexing & Vector DB",embedding_workers,CANDIDATE_CANONICAL,observe|normalize|compute|command|actuate|readback|attribute|measure|compare|restore|seal|reproduce,OPEN_UNTIL_EXECUTED,430
332,21,"Search, Indexing & Vector DB",index_memory_budget,CANDIDATE_CANONICAL,observe|normalize|compute|command|actuate|readback|attribute|measure|compare|restore|seal|reproduce,OPEN_UNTIL_EXECUTED,431
333,21,"Search, Indexing & Vector DB",query_route,CANDIDATE_CANONICAL,observe|normalize|compute|command|actuate|readback|attribute|measure|compare|restore|seal|reproduce,OPEN_UNTIL_EXECUTED,432
334,21,"Search, Indexing & Vector DB",hot_shard_isolation,CANDIDATE_CANONICAL,observe|normalize|compute|command|actuate|readback|attribute|measure|compare|restore|seal|reproduce,OPEN_UNTIL_EXECUTED,433
335,21,"Search, Indexing & Vector DB",search_admission,CANDIDATE_CANONICAL,observe|normalize|compute|command|actuate|readback|attribute|measure|compare|restore|seal|reproduce,OPEN_UNTIL_EXECUTED,434
336,21,"Search, Indexing & Vector DB",index_restore,CANDIDATE_CANONICAL,observe|normalize|compute|command|actuate|readback|attribute|measure|compare|restore|seal|reproduce,OPEN_UNTIL_EXECUTED,435
337,22,Data Analytics & ETL,executor_count,CANDIDATE_CANONICAL,observe|normalize|compute|command|actuate|readback|attribute|measure|compare|restore|seal|reproduce,OPEN_UNTIL_EXECUTED,436
338,22,Data Analytics & ETL,executor_size,CANDIDATE_CANONICAL,observe|normalize|compute|command|actuate|readback|attribute|measure|compare|restore|seal|reproduce,OPEN_UNTIL_EXECUTED,437
339,22,Data Analytics & ETL,dynamic_allocation_min,CANDIDATE_CANONICAL,observe|normalize|compute|command|actuate|readback|attribute|measure|compare|restore|seal|reproduce,OPEN_UNTIL_EXECUTED,438
340,22,Data Analytics & ETL,dynamic_allocation_max,CANDIDATE_CANONICAL,observe|normalize|compute|command|actuate|readback|attribute|measure|compare|restore|seal|reproduce,OPEN_UNTIL_EXECUTED,439
341,22,Data Analytics & ETL,shuffle_partitions,CANDIDATE_CANONICAL,observe|normalize|compute|command|actuate|readback|attribute|measure|compare|restore|seal|reproduce,OPEN_UNTIL_EXECUTED,440
342,22,Data Analytics & ETL,shuffle_bandwidth,CANDIDATE_CANONICAL,observe|normalize|compute|command|actuate|readback|attribute|measure|compare|restore|seal|reproduce,OPEN_UNTIL_EXECUTED,441
343,22,Data Analytics & ETL,etl_concurrency,CANDIDATE_CANONICAL,observe|normalize|compute|command|actuate|readback|attribute|measure|compare|restore|seal|reproduce,OPEN_UNTIL_EXECUTED,442
344,22,Data Analytics & ETL,stage_parallelism,CANDIDATE_CANONICAL,observe|normalize|compute|command|actuate|readback|attribute|measure|compare|restore|seal|reproduce,OPEN_UNTIL_EXECUTED,443
345,22,Data Analytics & ETL,query_slots,CANDIDATE_CANONICAL,observe|normalize|compute|command|actuate|readback|attribute|measure|compare|restore|seal|reproduce,OPEN_UNTIL_EXECUTED,444
346,22,Data Analytics & ETL,spill_threshold,CANDIDATE_CANONICAL,observe|normalize|compute|command|actuate|readback|attribute|measure|compare|restore|seal|reproduce,OPEN_UNTIL_EXECUTED,445
347,22,Data Analytics & ETL,cache_fraction,CANDIDATE_CANONICAL,observe|normalize|compute|command|actuate|readback|attribute|measure|compare|restore|seal|reproduce,OPEN_UNTIL_EXECUTED,446
348,22,Data Analytics & ETL,batch_interval,CANDIDATE_CANONICAL,observe|normalize|compute|command|actuate|readback|attribute|measure|compare|restore|seal|reproduce,OPEN_UNTIL_EXECUTED,447
349,22,Data Analytics & ETL,stream_backpressure,CANDIDATE_CANONICAL,observe|normalize|compute|command|actuate|readback|attribute|measure|compare|restore|seal|reproduce,OPEN_UNTIL_EXECUTED,448
350,22,Data Analytics & ETL,data_locality_wait,CANDIDATE_CANONICAL,observe|normalize|compute|command|actuate|readback|attribute|measure|compare|restore|seal|reproduce,OPEN_UNTIL_EXECUTED,449
351,22,Data Analytics & ETL,speculation_policy,CANDIDATE_CANONICAL,observe|normalize|compute|command|actuate|readback|attribute|measure|compare|restore|seal|reproduce,OPEN_UNTIL_EXECUTED,450
352,22,Data Analytics & ETL,analytics_admission,CANDIDATE_CANONICAL,observe|normalize|compute|command|actuate|readback|attribute|measure|compare|restore|seal|reproduce,OPEN_UNTIL_EXECUTED,451
353,23,Runtime & Application,worker_count,CANDIDATE_CANONICAL,observe|normalize|compute|command|actuate|readback|attribute|measure|compare|restore|seal|reproduce,OPEN_UNTIL_EXECUTED,452
354,23,Runtime & Application,thread_pool,CANDIDATE_CANONICAL,observe|normalize|compute|command|actuate|readback|attribute|measure|compare|restore|seal|reproduce,OPEN_UNTIL_EXECUTED,453
355,23,Runtime & Application,jvm_heap,CANDIDATE_CANONICAL,observe|normalize|compute|command|actuate|readback|attribute|measure|compare|restore|seal|reproduce,OPEN_UNTIL_EXECUTED,454
356,23,Runtime & Application,gc_budget,CANDIDATE_CANONICAL,observe|normalize|compute|command|actuate|readback|attribute|measure|compare|restore|seal|reproduce,OPEN_UNTIL_EXECUTED,455
357,23,Runtime & Application,connection_pool_runtime,CANDIDATE_CANONICAL,observe|normalize|compute|command|actuate|readback|attribute|measure|compare|restore|seal|reproduce,OPEN_UNTIL_EXECUTED,456
358,23,Runtime & Application,application_cache_size,CANDIDATE_CANONICAL,observe|normalize|compute|command|actuate|readback|attribute|measure|compare|restore|seal|reproduce,OPEN_UNTIL_EXECUTED,457
359,23,Runtime & Application,runtime_memory,CANDIDATE_CANONICAL,observe|normalize|compute|command|actuate|readback|attribute|measure|compare|restore|seal|reproduce,OPEN_UNTIL_EXECUTED,458
360,23,Runtime & Application,async_concurrency,CANDIDATE_CANONICAL,observe|normalize|compute|command|actuate|readback|attribute|measure|compare|restore|seal|reproduce,OPEN_UNTIL_EXECUTED,459
361,23,Runtime & Application,event_loop_workers,CANDIDATE_CANONICAL,observe|normalize|compute|command|actuate|readback|attribute|measure|compare|restore|seal|reproduce,OPEN_UNTIL_EXECUTED,460
362,23,Runtime & Application,process_count,CANDIDATE_CANONICAL,observe|normalize|compute|command|actuate|readback|attribute|measure|compare|restore|seal|reproduce,OPEN_UNTIL_EXECUTED,461
363,23,Runtime & Application,request_timeout,CANDIDATE_CANONICAL,observe|normalize|compute|command|actuate|readback|attribute|measure|compare|restore|seal|reproduce,OPEN_UNTIL_EXECUTED,462
364,23,Runtime & Application,background_workers,CANDIDATE_CANONICAL,observe|normalize|compute|command|actuate|readback|attribute|measure|compare|restore|seal|reproduce,OPEN_UNTIL_EXECUTED,463
365,23,Runtime & Application,runtime_cpu_budget,CANDIDATE_CANONICAL,observe|normalize|compute|command|actuate|readback|attribute|measure|compare|restore|seal|reproduce,OPEN_UNTIL_EXECUTED,464
366,23,Runtime & Application,runtime_io_budget,CANDIDATE_CANONICAL,observe|normalize|compute|command|actuate|readback|attribute|measure|compare|restore|seal|reproduce,OPEN_UNTIL_EXECUTED,465
367,23,Runtime & Application,runtime_restart,CANDIDATE_CANONICAL,observe|normalize|compute|command|actuate|readback|attribute|measure|compare|restore|seal|reproduce,OPEN_UNTIL_EXECUTED,466
368,23,Runtime & Application,runtime_restore,CANDIDATE_CANONICAL,observe|normalize|compute|command|actuate|readback|attribute|measure|compare|restore|seal|reproduce,OPEN_UNTIL_EXECUTED,467
369,24,Observability & Telemetry,trace_sampling,CANDIDATE_CANONICAL,observe|normalize|compute|command|actuate|readback|attribute|measure|compare|restore|seal|reproduce,OPEN_UNTIL_EXECUTED,468
370,24,Observability & Telemetry,metric_sampling,CANDIDATE_CANONICAL,observe|normalize|compute|command|actuate|readback|attribute|measure|compare|restore|seal|reproduce,OPEN_UNTIL_EXECUTED,469
371,24,Observability & Telemetry,log_sampling,CANDIDATE_CANONICAL,observe|normalize|compute|command|actuate|readback|attribute|measure|compare|restore|seal|reproduce,OPEN_UNTIL_EXECUTED,470
372,24,Observability & Telemetry,telemetry_batching,CANDIDATE_CANONICAL,observe|normalize|compute|command|actuate|readback|attribute|measure|compare|restore|seal|reproduce,OPEN_UNTIL_EXECUTED,471
373,24,Observability & Telemetry,collector_memory_limit,CANDIDATE_CANONICAL,observe|normalize|compute|command|actuate|readback|attribute|measure|compare|restore|seal|reproduce,OPEN_UNTIL_EXECUTED,472
374,24,Observability & Telemetry,export_concurrency,CANDIDATE_CANONICAL,observe|normalize|compute|command|actuate|readback|attribute|measure|compare|restore|seal|reproduce,OPEN_UNTIL_EXECUTED,473
375,24,Observability & Telemetry,scrape_interval,CANDIDATE_CANONICAL,observe|normalize|compute|command|actuate|readback|attribute|measure|compare|restore|seal|reproduce,OPEN_UNTIL_EXECUTED,474
376,24,Observability & Telemetry,cardinality_budget,CANDIDATE_CANONICAL,observe|normalize|compute|command|actuate|readback|attribute|measure|compare|restore|seal|reproduce,OPEN_UNTIL_EXECUTED,475
377,24,Observability & Telemetry,retention_window,CANDIDATE_CANONICAL,observe|normalize|compute|command|actuate|readback|attribute|measure|compare|restore|seal|reproduce,OPEN_UNTIL_EXECUTED,476
378,24,Observability & Telemetry,remote_write_queue,CANDIDATE_CANONICAL,observe|normalize|compute|command|actuate|readback|attribute|measure|compare|restore|seal|reproduce,OPEN_UNTIL_EXECUTED,477
379,24,Observability & Telemetry,telemetry_shed,CANDIDATE_CANONICAL,observe|normalize|compute|command|actuate|readback|attribute|measure|compare|restore|seal|reproduce,OPEN_UNTIL_EXECUTED,478
380,24,Observability & Telemetry,diagnostic_verbosity,CANDIDATE_CANONICAL,observe|normalize|compute|command|actuate|readback|attribute|measure|compare|restore|seal|reproduce,OPEN_UNTIL_EXECUTED,479
381,24,Observability & Telemetry,alert_suppression,CANDIDATE_CANONICAL,observe|normalize|compute|command|actuate|readback|attribute|measure|compare|restore|seal|reproduce,OPEN_UNTIL_EXECUTED,480
382,24,Observability & Telemetry,incident_escalation,CANDIDATE_CANONICAL,observe|normalize|compute|command|actuate|readback|attribute|measure|compare|restore|seal|reproduce,OPEN_UNTIL_EXECUTED,481
383,24,Observability & Telemetry,audit_retention,CANDIDATE_CANONICAL,observe|normalize|compute|command|actuate|readback|attribute|measure|compare|restore|seal|reproduce,OPEN_UNTIL_EXECUTED,482
384,24,Observability & Telemetry,evidence_sealing,CANDIDATE_CANONICAL,observe|normalize|compute|command|actuate|readback|attribute|measure|compare|restore|seal|reproduce,OPEN_UNTIL_EXECUTED,483
385,25,"Reliability, Security & Recovery",restart,CANDIDATE_CANONICAL,observe|normalize|compute|command|actuate|readback|attribute|measure|compare|restore|seal|reproduce,OPEN_UNTIL_EXECUTED,309
386,25,"Reliability, Security & Recovery",rollback,CANDIDATE_CANONICAL,observe|normalize|compute|command|actuate|readback|attribute|measure|compare|restore|seal|reproduce,OPEN_UNTIL_EXECUTED,310
387,25,"Reliability, Security & Recovery",quarantine,CANDIDATE_CANONICAL,observe|normalize|compute|command|actuate|readback|attribute|measure|compare|restore|seal|reproduce,OPEN_UNTIL_EXECUTED,311
388,25,"Reliability, Security & Recovery",traffic_divert_recovery,CANDIDATE_CANONICAL,observe|normalize|compute|command|actuate|readback|attribute|measure|compare|restore|seal|reproduce,OPEN_UNTIL_EXECUTED,312
389,25,"Reliability, Security & Recovery",degraded_mode,CANDIDATE_CANONICAL,observe|normalize|compute|command|actuate|readback|attribute|measure|compare|restore|seal|reproduce,OPEN_UNTIL_EXECUTED,313
390,25,"Reliability, Security & Recovery",actuator_freeze,CANDIDATE_CANONICAL,observe|normalize|compute|command|actuate|readback|attribute|measure|compare|restore|seal|reproduce,OPEN_UNTIL_EXECUTED,314
391,25,"Reliability, Security & Recovery",workload_isolate,CANDIDATE_CANONICAL,observe|normalize|compute|command|actuate|readback|attribute|measure|compare|restore|seal|reproduce,OPEN_UNTIL_EXECUTED,315
392,25,"Reliability, Security & Recovery",restore_native,CANDIDATE_CANONICAL,observe|normalize|compute|command|actuate|readback|attribute|measure|compare|restore|seal|reproduce,OPEN_UNTIL_EXECUTED,316
393,25,"Reliability, Security & Recovery",credential_rotation_gate,CANDIDATE_CANONICAL,observe|normalize|compute|command|actuate|readback|attribute|measure|compare|restore|seal|reproduce,OPEN_UNTIL_EXECUTED,317
394,25,"Reliability, Security & Recovery",policy_enforcement,CANDIDATE_CANONICAL,observe|normalize|compute|command|actuate|readback|attribute|measure|compare|restore|seal|reproduce,OPEN_UNTIL_EXECUTED,318
395,25,"Reliability, Security & Recovery",rate_abuse_gate,CANDIDATE_CANONICAL,observe|normalize|compute|command|actuate|readback|attribute|measure|compare|restore|seal|reproduce,OPEN_UNTIL_EXECUTED,319
396,25,"Reliability, Security & Recovery",fault_domain_isolate,CANDIDATE_CANONICAL,observe|normalize|compute|command|actuate|readback|attribute|measure|compare|restore|seal|reproduce,OPEN_UNTIL_EXECUTED,320
397,25,"Reliability, Security & Recovery",backup_trigger,CANDIDATE_CANONICAL,observe|normalize|compute|command|actuate|readback|attribute|measure|compare|restore|seal|reproduce,OPEN_UNTIL_EXECUTED,321
398,25,"Reliability, Security & Recovery",restore_trigger,CANDIDATE_CANONICAL,observe|normalize|compute|command|actuate|readback|attribute|measure|compare|restore|seal|reproduce,OPEN_UNTIL_EXECUTED,322
399,25,"Reliability, Security & Recovery",safe_mode,CANDIDATE_CANONICAL,observe|normalize|compute|command|actuate|readback|attribute|measure|compare|restore|seal|reproduce,OPEN_UNTIL_EXECUTED,323
400,25,"Reliability, Security & Recovery",kill_switch,CANDIDATE_CANONICAL,observe|normalize|compute|command|actuate|readback|attribute|measure|compare|restore|seal|reproduce,OPEN_UNTIL_EXECUTED,324
401,26,Commerce & Payment Systems,payment_admission,CANDIDATE_CANONICAL,observe|normalize|compute|command|actuate|readback|attribute|measure|compare|restore|seal|reproduce,OPEN_UNTIL_EXECUTED,484
402,26,Commerce & Payment Systems,payment_concurrency,CANDIDATE_CANONICAL,observe|normalize|compute|command|actuate|readback|attribute|measure|compare|restore|seal|reproduce,OPEN_UNTIL_EXECUTED,485
403,26,Commerce & Payment Systems,payment_retry,CANDIDATE_CANONICAL,observe|normalize|compute|command|actuate|readback|attribute|measure|compare|restore|seal|reproduce,OPEN_UNTIL_EXECUTED,486
404,26,Commerce & Payment Systems,payment_timeout,CANDIDATE_CANONICAL,observe|normalize|compute|command|actuate|readback|attribute|measure|compare|restore|seal|reproduce,OPEN_UNTIL_EXECUTED,487
405,26,Commerce & Payment Systems,fraud_review_gate,CANDIDATE_CANONICAL,observe|normalize|compute|command|actuate|readback|attribute|measure|compare|restore|seal|reproduce,OPEN_UNTIL_EXECUTED,488
406,26,Commerce & Payment Systems,authorization_route,CANDIDATE_CANONICAL,observe|normalize|compute|command|actuate|readback|attribute|measure|compare|restore|seal|reproduce,OPEN_UNTIL_EXECUTED,489
407,26,Commerce & Payment Systems,processor_route_weight,CANDIDATE_CANONICAL,observe|normalize|compute|command|actuate|readback|attribute|measure|compare|restore|seal|reproduce,OPEN_UNTIL_EXECUTED,490
408,26,Commerce & Payment Systems,transaction_queue_limit,CANDIDATE_CANONICAL,observe|normalize|compute|command|actuate|readback|attribute|measure|compare|restore|seal|reproduce,OPEN_UNTIL_EXECUTED,491
409,26,Commerce & Payment Systems,idempotency_window,CANDIDATE_CANONICAL,observe|normalize|compute|command|actuate|readback|attribute|measure|compare|restore|seal|reproduce,OPEN_UNTIL_EXECUTED,492
410,26,Commerce & Payment Systems,order_reservation,CANDIDATE_CANONICAL,observe|normalize|compute|command|actuate|readback|attribute|measure|compare|restore|seal|reproduce,OPEN_UNTIL_EXECUTED,493
411,26,Commerce & Payment Systems,inventory_hold,CANDIDATE_CANONICAL,observe|normalize|compute|command|actuate|readback|attribute|measure|compare|restore|seal|reproduce,OPEN_UNTIL_EXECUTED,494
412,26,Commerce & Payment Systems,checkout_load_shed,CANDIDATE_CANONICAL,observe|normalize|compute|command|actuate|readback|attribute|measure|compare|restore|seal|reproduce,OPEN_UNTIL_EXECUTED,495
413,26,Commerce & Payment Systems,refund_queue_rate,CANDIDATE_CANONICAL,observe|normalize|compute|command|actuate|readback|attribute|measure|compare|restore|seal|reproduce,OPEN_UNTIL_EXECUTED,496
414,26,Commerce & Payment Systems,settlement_batch,CANDIDATE_CANONICAL,observe|normalize|compute|command|actuate|readback|attribute|measure|compare|restore|seal|reproduce,OPEN_UNTIL_EXECUTED,497
415,26,Commerce & Payment Systems,payment_failover,CANDIDATE_CANONICAL,observe|normalize|compute|command|actuate|readback|attribute|measure|compare|restore|seal|reproduce,OPEN_UNTIL_EXECUTED,498
416,26,Commerce & Payment Systems,payment_restore,CANDIDATE_CANONICAL,observe|normalize|compute|command|actuate|readback|attribute|measure|compare|restore|seal|reproduce,OPEN_UNTIL_EXECUTED,499
417,27,"Workflow, Logistics & Fulfillment",workflow_admission,CANDIDATE_CANONICAL,observe|normalize|compute|command|actuate|readback|attribute|measure|compare|restore|seal|reproduce,OPEN_UNTIL_EXECUTED,500
418,27,"Workflow, Logistics & Fulfillment",workflow_worker_rate,CANDIDATE_CANONICAL,observe|normalize|compute|command|actuate|readback|attribute|measure|compare|restore|seal|reproduce,OPEN_UNTIL_EXECUTED,501
419,27,"Workflow, Logistics & Fulfillment",task_queue_rate,CANDIDATE_CANONICAL,observe|normalize|compute|command|actuate|readback|attribute|measure|compare|restore|seal|reproduce,OPEN_UNTIL_EXECUTED,502
420,27,"Workflow, Logistics & Fulfillment",workflow_retry,CANDIDATE_CANONICAL,observe|normalize|compute|command|actuate|readback|attribute|measure|compare|restore|seal|reproduce,OPEN_UNTIL_EXECUTED,503
421,27,"Workflow, Logistics & Fulfillment",workflow_backoff,CANDIDATE_CANONICAL,observe|normalize|compute|command|actuate|readback|attribute|measure|compare|restore|seal|reproduce,OPEN_UNTIL_EXECUTED,504
422,27,"Workflow, Logistics & Fulfillment",workflow_timeout,CANDIDATE_CANONICAL,observe|normalize|compute|command|actuate|readback|attribute|measure|compare|restore|seal|reproduce,OPEN_UNTIL_EXECUTED,505
423,27,"Workflow, Logistics & Fulfillment",inventory_allocation,CANDIDATE_CANONICAL,observe|normalize|compute|command|actuate|readback|attribute|measure|compare|restore|seal|reproduce,OPEN_UNTIL_EXECUTED,506
424,27,"Workflow, Logistics & Fulfillment",fulfillment_route,CANDIDATE_CANONICAL,observe|normalize|compute|command|actuate|readback|attribute|measure|compare|restore|seal|reproduce,OPEN_UNTIL_EXECUTED,507
425,27,"Workflow, Logistics & Fulfillment",warehouse_queue,CANDIDATE_CANONICAL,observe|normalize|compute|command|actuate|readback|attribute|measure|compare|restore|seal|reproduce,OPEN_UNTIL_EXECUTED,508
426,27,"Workflow, Logistics & Fulfillment",carrier_selection,CANDIDATE_CANONICAL,observe|normalize|compute|command|actuate|readback|attribute|measure|compare|restore|seal|reproduce,OPEN_UNTIL_EXECUTED,509
427,27,"Workflow, Logistics & Fulfillment",dispatch_priority,CANDIDATE_CANONICAL,observe|normalize|compute|command|actuate|readback|attribute|measure|compare|restore|seal|reproduce,OPEN_UNTIL_EXECUTED,510
428,27,"Workflow, Logistics & Fulfillment",shipment_batch,CANDIDATE_CANONICAL,observe|normalize|compute|command|actuate|readback|attribute|measure|compare|restore|seal|reproduce,OPEN_UNTIL_EXECUTED,511
429,27,"Workflow, Logistics & Fulfillment",route_replan,CANDIDATE_CANONICAL,observe|normalize|compute|command|actuate|readback|attribute|measure|compare|restore|seal|reproduce,OPEN_UNTIL_EXECUTED,512
430,27,"Workflow, Logistics & Fulfillment",sla_escalation,CANDIDATE_CANONICAL,observe|normalize|compute|command|actuate|readback|attribute|measure|compare|restore|seal|reproduce,OPEN_UNTIL_EXECUTED,513
431,27,"Workflow, Logistics & Fulfillment",compensation_action,CANDIDATE_CANONICAL,observe|normalize|compute|command|actuate|readback|attribute|measure|compare|restore|seal|reproduce,OPEN_UNTIL_EXECUTED,514
432,27,"Workflow, Logistics & Fulfillment",workflow_restore,CANDIDATE_CANONICAL,observe|normalize|compute|command|actuate|readback|attribute|measure|compare|restore|seal|reproduce,OPEN_UNTIL_EXECUTED,515
433,28,Robotics Motion Control,joint_position,CANDIDATE_CANONICAL,observe|normalize|compute|command|actuate|readback|attribute|measure|compare|restore|seal|reproduce,OPEN_UNTIL_EXECUTED,516
434,28,Robotics Motion Control,joint_velocity,CANDIDATE_CANONICAL,observe|normalize|compute|command|actuate|readback|attribute|measure|compare|restore|seal|reproduce,OPEN_UNTIL_EXECUTED,517
435,28,Robotics Motion Control,joint_acceleration,CANDIDATE_CANONICAL,observe|normalize|compute|command|actuate|readback|attribute|measure|compare|restore|seal|reproduce,OPEN_UNTIL_EXECUTED,518
436,28,Robotics Motion Control,joint_effort,CANDIDATE_CANONICAL,observe|normalize|compute|command|actuate|readback|attribute|measure|compare|restore|seal|reproduce,OPEN_UNTIL_EXECUTED,519
437,28,Robotics Motion Control,cartesian_velocity,CANDIDATE_CANONICAL,observe|normalize|compute|command|actuate|readback|attribute|measure|compare|restore|seal|reproduce,OPEN_UNTIL_EXECUTED,520
438,28,Robotics Motion Control,trajectory_speed,CANDIDATE_CANONICAL,observe|normalize|compute|command|actuate|readback|attribute|measure|compare|restore|seal|reproduce,OPEN_UNTIL_EXECUTED,521
439,28,Robotics Motion Control,trajectory_acceleration,CANDIDATE_CANONICAL,observe|normalize|compute|command|actuate|readback|attribute|measure|compare|restore|seal|reproduce,OPEN_UNTIL_EXECUTED,522
440,28,Robotics Motion Control,jerk_limit,CANDIDATE_CANONICAL,observe|normalize|compute|command|actuate|readback|attribute|measure|compare|restore|seal|reproduce,OPEN_UNTIL_EXECUTED,523
441,28,Robotics Motion Control,collision_margin,CANDIDATE_CANONICAL,observe|normalize|compute|command|actuate|readback|attribute|measure|compare|restore|seal|reproduce,OPEN_UNTIL_EXECUTED,524
442,28,Robotics Motion Control,force_limit,CANDIDATE_CANONICAL,observe|normalize|compute|command|actuate|readback|attribute|measure|compare|restore|seal|reproduce,OPEN_UNTIL_EXECUTED,525
443,28,Robotics Motion Control,gripper_force,CANDIDATE_CANONICAL,observe|normalize|compute|command|actuate|readback|attribute|measure|compare|restore|seal|reproduce,OPEN_UNTIL_EXECUTED,526
444,28,Robotics Motion Control,locomotion_speed,CANDIDATE_CANONICAL,observe|normalize|compute|command|actuate|readback|attribute|measure|compare|restore|seal|reproduce,OPEN_UNTIL_EXECUTED,527
445,28,Robotics Motion Control,steering_angle,CANDIDATE_CANONICAL,observe|normalize|compute|command|actuate|readback|attribute|measure|compare|restore|seal|reproduce,OPEN_UNTIL_EXECUTED,528
446,28,Robotics Motion Control,braking_force,CANDIDATE_CANONICAL,observe|normalize|compute|command|actuate|readback|attribute|measure|compare|restore|seal|reproduce,OPEN_UNTIL_EXECUTED,529
447,28,Robotics Motion Control,balance_correction,CANDIDATE_CANONICAL,observe|normalize|compute|command|actuate|readback|attribute|measure|compare|restore|seal|reproduce,OPEN_UNTIL_EXECUTED,530
448,28,Robotics Motion Control,emergency_stop,CANDIDATE_CANONICAL,observe|normalize|compute|command|actuate|readback|attribute|measure|compare|restore|seal|reproduce,OPEN_UNTIL_EXECUTED,531
449,29,Robotics Fleet & Warehouse Automation,robot_dispatch,CANDIDATE_CANONICAL,observe|normalize|compute|command|actuate|readback|attribute|measure|compare|restore|seal|reproduce,OPEN_UNTIL_EXECUTED,532
450,29,Robotics Fleet & Warehouse Automation,task_assignment,CANDIDATE_CANONICAL,observe|normalize|compute|command|actuate|readback|attribute|measure|compare|restore|seal|reproduce,OPEN_UNTIL_EXECUTED,533
451,29,Robotics Fleet & Warehouse Automation,traffic_reservation,CANDIDATE_CANONICAL,observe|normalize|compute|command|actuate|readback|attribute|measure|compare|restore|seal|reproduce,OPEN_UNTIL_EXECUTED,534
452,29,Robotics Fleet & Warehouse Automation,robot_route,CANDIDATE_CANONICAL,observe|normalize|compute|command|actuate|readback|attribute|measure|compare|restore|seal|reproduce,OPEN_UNTIL_EXECUTED,535
453,29,Robotics Fleet & Warehouse Automation,charging_dispatch,CANDIDATE_CANONICAL,observe|normalize|compute|command|actuate|readback|attribute|measure|compare|restore|seal|reproduce,OPEN_UNTIL_EXECUTED,536
454,29,Robotics Fleet & Warehouse Automation,battery_reserve,CANDIDATE_CANONICAL,observe|normalize|compute|command|actuate|readback|attribute|measure|compare|restore|seal|reproduce,OPEN_UNTIL_EXECUTED,537
455,29,Robotics Fleet & Warehouse Automation,elevator_request,CANDIDATE_CANONICAL,observe|normalize|compute|command|actuate|readback|attribute|measure|compare|restore|seal|reproduce,OPEN_UNTIL_EXECUTED,538
456,29,Robotics Fleet & Warehouse Automation,door_request,CANDIDATE_CANONICAL,observe|normalize|compute|command|actuate|readback|attribute|measure|compare|restore|seal|reproduce,OPEN_UNTIL_EXECUTED,539
457,29,Robotics Fleet & Warehouse Automation,conveyor_speed,CANDIDATE_CANONICAL,observe|normalize|compute|command|actuate|readback|attribute|measure|compare|restore|seal|reproduce,OPEN_UNTIL_EXECUTED,540
458,29,Robotics Fleet & Warehouse Automation,agv_speed,CANDIDATE_CANONICAL,observe|normalize|compute|command|actuate|readback|attribute|measure|compare|restore|seal|reproduce,OPEN_UNTIL_EXECUTED,541
459,29,Robotics Fleet & Warehouse Automation,warehouse_zone_admission,CANDIDATE_CANONICAL,observe|normalize|compute|command|actuate|readback|attribute|measure|compare|restore|seal|reproduce,OPEN_UNTIL_EXECUTED,542
460,29,Robotics Fleet & Warehouse Automation,robot_quarantine,CANDIDATE_CANONICAL,observe|normalize|compute|command|actuate|readback|attribute|measure|compare|restore|seal|reproduce,OPEN_UNTIL_EXECUTED,543
461,29,Robotics Fleet & Warehouse Automation,fleet_failover,CANDIDATE_CANONICAL,observe|normalize|compute|command|actuate|readback|attribute|measure|compare|restore|seal|reproduce,OPEN_UNTIL_EXECUTED,544
462,29,Robotics Fleet & Warehouse Automation,human_safe_stop,CANDIDATE_CANONICAL,observe|normalize|compute|command|actuate|readback|attribute|measure|compare|restore|seal|reproduce,OPEN_UNTIL_EXECUTED,545
463,29,Robotics Fleet & Warehouse Automation,fleet_concurrency,CANDIDATE_CANONICAL,observe|normalize|compute|command|actuate|readback|attribute|measure|compare|restore|seal|reproduce,OPEN_UNTIL_EXECUTED,546
464,29,Robotics Fleet & Warehouse Automation,fleet_restore,CANDIDATE_CANONICAL,observe|normalize|compute|command|actuate|readback|attribute|measure|compare|restore|seal|reproduce,OPEN_UNTIL_EXECUTED,547
465,30,Industrial PLC & Process Automation,plc_cycle_authority,CANDIDATE_CANONICAL,observe|normalize|compute|command|actuate|readback|attribute|measure|compare|restore|seal|reproduce,OPEN_UNTIL_EXECUTED,548
466,30,Industrial PLC & Process Automation,machine_cell_admission,CANDIDATE_CANONICAL,observe|normalize|compute|command|actuate|readback|attribute|measure|compare|restore|seal|reproduce,OPEN_UNTIL_EXECUTED,549
467,30,Industrial PLC & Process Automation,valve_position,CANDIDATE_CANONICAL,observe|normalize|compute|command|actuate|readback|attribute|measure|compare|restore|seal|reproduce,OPEN_UNTIL_EXECUTED,550
468,30,Industrial PLC & Process Automation,pump_flow,CANDIDATE_CANONICAL,observe|normalize|compute|command|actuate|readback|attribute|measure|compare|restore|seal|reproduce,OPEN_UNTIL_EXECUTED,551
469,30,Industrial PLC & Process Automation,compressor_speed,CANDIDATE_CANONICAL,observe|normalize|compute|command|actuate|readback|attribute|measure|compare|restore|seal|reproduce,OPEN_UNTIL_EXECUTED,552
470,30,Industrial PLC & Process Automation,heater_power,CANDIDATE_CANONICAL,observe|normalize|compute|command|actuate|readback|attribute|measure|compare|restore|seal|reproduce,OPEN_UNTIL_EXECUTED,553
471,30,Industrial PLC & Process Automation,furnace_setpoint,CANDIDATE_CANONICAL,observe|normalize|compute|command|actuate|readback|attribute|measure|compare|restore|seal|reproduce,OPEN_UNTIL_EXECUTED,554
472,30,Industrial PLC & Process Automation,pressure_setpoint,CANDIDATE_CANONICAL,observe|normalize|compute|command|actuate|readback|attribute|measure|compare|restore|seal|reproduce,OPEN_UNTIL_EXECUTED,555
473,30,Industrial PLC & Process Automation,temperature_setpoint,CANDIDATE_CANONICAL,observe|normalize|compute|command|actuate|readback|attribute|measure|compare|restore|seal|reproduce,OPEN_UNTIL_EXECUTED,556
474,30,Industrial PLC & Process Automation,mass_flow_setpoint,CANDIDATE_CANONICAL,observe|normalize|compute|command|actuate|readback|attribute|measure|compare|restore|seal|reproduce,OPEN_UNTIL_EXECUTED,557
475,30,Industrial PLC & Process Automation,tank_level_target,CANDIDATE_CANONICAL,observe|normalize|compute|command|actuate|readback|attribute|measure|compare|restore|seal|reproduce,OPEN_UNTIL_EXECUTED,558
476,30,Industrial PLC & Process Automation,conveyor_rate,CANDIDATE_CANONICAL,observe|normalize|compute|command|actuate|readback|attribute|measure|compare|restore|seal|reproduce,OPEN_UNTIL_EXECUTED,559
477,30,Industrial PLC & Process Automation,feed_rate,CANDIDATE_CANONICAL,observe|normalize|compute|command|actuate|readback|attribute|measure|compare|restore|seal|reproduce,OPEN_UNTIL_EXECUTED,560
478,30,Industrial PLC & Process Automation,purge_vent_action,CANDIDATE_CANONICAL,observe|normalize|compute|command|actuate|readback|attribute|measure|compare|restore|seal|reproduce,OPEN_UNTIL_EXECUTED,561
479,30,Industrial PLC & Process Automation,process_shutdown,CANDIDATE_CANONICAL,observe|normalize|compute|command|actuate|readback|attribute|measure|compare|restore|seal|reproduce,OPEN_UNTIL_EXECUTED,562
480,30,Industrial PLC & Process Automation,process_restore,CANDIDATE_CANONICAL,observe|normalize|compute|command|actuate|readback|attribute|measure|compare|restore|seal|reproduce,OPEN_UNTIL_EXECUTED,563
481,31,Aviation & Autonomous Flight,throttle_envelope,CANDIDATE_CANONICAL,observe|normalize|compute|command|actuate|readback|attribute|measure|compare|restore|seal|reproduce,OPEN_UNTIL_EXECUTED,564
482,31,Aviation & Autonomous Flight,attitude_target,CANDIDATE_CANONICAL,observe|normalize|compute|command|actuate|readback|attribute|measure|compare|restore|seal|reproduce,OPEN_UNTIL_EXECUTED,565
483,31,Aviation & Autonomous Flight,attitude_rate_target,CANDIDATE_CANONICAL,observe|normalize|compute|command|actuate|readback|attribute|measure|compare|restore|seal|reproduce,OPEN_UNTIL_EXECUTED,566
484,31,Aviation & Autonomous Flight,velocity_target,CANDIDATE_CANONICAL,observe|normalize|compute|command|actuate|readback|attribute|measure|compare|restore|seal|reproduce,OPEN_UNTIL_EXECUTED,567
485,31,Aviation & Autonomous Flight,altitude_target,CANDIDATE_CANONICAL,observe|normalize|compute|command|actuate|readback|attribute|measure|compare|restore|seal|reproduce,OPEN_UNTIL_EXECUTED,568
486,31,Aviation & Autonomous Flight,waypoint_authority,CANDIDATE_CANONICAL,observe|normalize|compute|command|actuate|readback|attribute|measure|compare|restore|seal|reproduce,OPEN_UNTIL_EXECUTED,569
487,31,Aviation & Autonomous Flight,flight_hold,CANDIDATE_CANONICAL,observe|normalize|compute|command|actuate|readback|attribute|measure|compare|restore|seal|reproduce,OPEN_UNTIL_EXECUTED,570
488,31,Aviation & Autonomous Flight,return_to_home,CANDIDATE_CANONICAL,observe|normalize|compute|command|actuate|readback|attribute|measure|compare|restore|seal|reproduce,OPEN_UNTIL_EXECUTED,571
489,31,Aviation & Autonomous Flight,land_action,CANDIDATE_CANONICAL,observe|normalize|compute|command|actuate|readback|attribute|measure|compare|restore|seal|reproduce,OPEN_UNTIL_EXECUTED,572
490,31,Aviation & Autonomous Flight,mission_admission,CANDIDATE_CANONICAL,observe|normalize|compute|command|actuate|readback|attribute|measure|compare|restore|seal|reproduce,OPEN_UNTIL_EXECUTED,573
491,31,Aviation & Autonomous Flight,geofence_response,CANDIDATE_CANONICAL,observe|normalize|compute|command|actuate|readback|attribute|measure|compare|restore|seal|reproduce,OPEN_UNTIL_EXECUTED,574
492,31,Aviation & Autonomous Flight,failsafe_selection,CANDIDATE_CANONICAL,observe|normalize|compute|command|actuate|readback|attribute|measure|compare|restore|seal|reproduce,OPEN_UNTIL_EXECUTED,575
493,31,Aviation & Autonomous Flight,battery_reserve_threshold,CANDIDATE_CANONICAL,observe|normalize|compute|command|actuate|readback|attribute|measure|compare|restore|seal|reproduce,OPEN_UNTIL_EXECUTED,576
494,31,Aviation & Autonomous Flight,actuator_saturation_envelope,CANDIDATE_CANONICAL,observe|normalize|compute|command|actuate|readback|attribute|measure|compare|restore|seal|reproduce,OPEN_UNTIL_EXECUTED,577
495,31,Aviation & Autonomous Flight,flight_mode_transition,CANDIDATE_CANONICAL,observe|normalize|compute|command|actuate|readback|attribute|measure|compare|restore|seal|reproduce,OPEN_UNTIL_EXECUTED,578
496,31,Aviation & Autonomous Flight,flight_termination_safe_state,CANDIDATE_CANONICAL,observe|normalize|compute|command|actuate|readback|attribute|measure|compare|restore|seal|reproduce,OPEN_UNTIL_EXECUTED,579
497,32,Spacecraft & Flight Software,space_command_admission,CANDIDATE_CANONICAL,observe|normalize|compute|command|actuate|readback|attribute|measure|compare|restore|seal|reproduce,OPEN_UNTIL_EXECUTED,580
498,32,Spacecraft & Flight Software,telemetry_rate,CANDIDATE_CANONICAL,observe|normalize|compute|command|actuate|readback|attribute|measure|compare|restore|seal|reproduce,OPEN_UNTIL_EXECUTED,581
499,32,Spacecraft & Flight Software,flight_task_schedule,CANDIDATE_CANONICAL,observe|normalize|compute|command|actuate|readback|attribute|measure|compare|restore|seal|reproduce,OPEN_UNTIL_EXECUTED,582
500,32,Spacecraft & Flight Software,space_mode_transition,CANDIDATE_CANONICAL,observe|normalize|compute|command|actuate|readback|attribute|measure|compare|restore|seal|reproduce,OPEN_UNTIL_EXECUTED,583
501,32,Spacecraft & Flight Software,payload_duty_cycle,CANDIDATE_CANONICAL,observe|normalize|compute|command|actuate|readback|attribute|measure|compare|restore|seal|reproduce,OPEN_UNTIL_EXECUTED,584
502,32,Spacecraft & Flight Software,communication_allocation,CANDIDATE_CANONICAL,observe|normalize|compute|command|actuate|readback|attribute|measure|compare|restore|seal|reproduce,OPEN_UNTIL_EXECUTED,585
503,32,Spacecraft & Flight Software,space_power_budget,CANDIDATE_CANONICAL,observe|normalize|compute|command|actuate|readback|attribute|measure|compare|restore|seal|reproduce,OPEN_UNTIL_EXECUTED,586
504,32,Spacecraft & Flight Software,space_thermal_command,CANDIDATE_CANONICAL,observe|normalize|compute|command|actuate|readback|attribute|measure|compare|restore|seal|reproduce,OPEN_UNTIL_EXECUTED,587
505,32,Spacecraft & Flight Software,attitude_command_envelope,CANDIDATE_CANONICAL,observe|normalize|compute|command|actuate|readback|attribute|measure|compare|restore|seal|reproduce,OPEN_UNTIL_EXECUTED,588
506,32,Spacecraft & Flight Software,reaction_wheel_allocation,CANDIDATE_CANONICAL,observe|normalize|compute|command|actuate|readback|attribute|measure|compare|restore|seal|reproduce,OPEN_UNTIL_EXECUTED,589
507,32,Spacecraft & Flight Software,rcs_authority,CANDIDATE_CANONICAL,observe|normalize|compute|command|actuate|readback|attribute|measure|compare|restore|seal|reproduce,OPEN_UNTIL_EXECUTED,590
508,32,Spacecraft & Flight Software,safe_mode_transition,CANDIDATE_CANONICAL,observe|normalize|compute|command|actuate|readback|attribute|measure|compare|restore|seal|reproduce,OPEN_UNTIL_EXECUTED,591
509,32,Spacecraft & Flight Software,watchdog_recovery,CANDIDATE_CANONICAL,observe|normalize|compute|command|actuate|readback|attribute|measure|compare|restore|seal|reproduce,OPEN_UNTIL_EXECUTED,592
510,32,Spacecraft & Flight Software,instrument_activation,CANDIDATE_CANONICAL,observe|normalize|compute|command|actuate|readback|attribute|measure|compare|restore|seal|reproduce,OPEN_UNTIL_EXECUTED,593
511,32,Spacecraft & Flight Software,fault_isolation,CANDIDATE_CANONICAL,observe|normalize|compute|command|actuate|readback|attribute|measure|compare|restore|seal|reproduce,OPEN_UNTIL_EXECUTED,594
512,32,Spacecraft & Flight Software,space_native_restore,CANDIDATE_CANONICAL,observe|normalize|compute|command|actuate|readback|attribute|measure|compare|restore|seal|reproduce,OPEN_UNTIL_EXECUTED,595
513,33,Energy Storage & Microgrid,battery_charge_power,CANDIDATE_CANONICAL,observe|normalize|compute|command|actuate|readback|attribute|measure|compare|restore|seal|reproduce,OPEN_UNTIL_EXECUTED,596
514,33,Energy Storage & Microgrid,battery_discharge_power,CANDIDATE_CANONICAL,observe|normalize|compute|command|actuate|readback|attribute|measure|compare|restore|seal|reproduce,OPEN_UNTIL_EXECUTED,597
515,33,Energy Storage & Microgrid,battery_soc_reserve,CANDIDATE_CANONICAL,observe|normalize|compute|command|actuate|readback|attribute|measure|compare|restore|seal|reproduce,OPEN_UNTIL_EXECUTED,598
516,33,Energy Storage & Microgrid,grid_import_limit,CANDIDATE_CANONICAL,observe|normalize|compute|command|actuate|readback|attribute|measure|compare|restore|seal|reproduce,OPEN_UNTIL_EXECUTED,599
517,33,Energy Storage & Microgrid,grid_export_limit,CANDIDATE_CANONICAL,observe|normalize|compute|command|actuate|readback|attribute|measure|compare|restore|seal|reproduce,OPEN_UNTIL_EXECUTED,600
518,33,Energy Storage & Microgrid,pv_curtailment,CANDIDATE_CANONICAL,observe|normalize|compute|command|actuate|readback|attribute|measure|compare|restore|seal|reproduce,OPEN_UNTIL_EXECUTED,601
519,33,Energy Storage & Microgrid,ev_charge_power,CANDIDATE_CANONICAL,observe|normalize|compute|command|actuate|readback|attribute|measure|compare|restore|seal|reproduce,OPEN_UNTIL_EXECUTED,602
520,33,Energy Storage & Microgrid,heat_pump_power,CANDIDATE_CANONICAL,observe|normalize|compute|command|actuate|readback|attribute|measure|compare|restore|seal|reproduce,OPEN_UNTIL_EXECUTED,603
521,33,Energy Storage & Microgrid,electrolyzer_power,CANDIDATE_CANONICAL,observe|normalize|compute|command|actuate|readback|attribute|measure|compare|restore|seal|reproduce,OPEN_UNTIL_EXECUTED,604
522,33,Energy Storage & Microgrid,microgrid_demand_limit,CANDIDATE_CANONICAL,observe|normalize|compute|command|actuate|readback|attribute|measure|compare|restore|seal|reproduce,OPEN_UNTIL_EXECUTED,605
523,33,Energy Storage & Microgrid,peak_shaving,CANDIDATE_CANONICAL,observe|normalize|compute|command|actuate|readback|attribute|measure|compare|restore|seal|reproduce,OPEN_UNTIL_EXECUTED,606
524,33,Energy Storage & Microgrid,time_of_use_schedule,CANDIDATE_CANONICAL,observe|normalize|compute|command|actuate|readback|attribute|measure|compare|restore|seal|reproduce,OPEN_UNTIL_EXECUTED,607
525,33,Energy Storage & Microgrid,energy_load_shed,CANDIDATE_CANONICAL,observe|normalize|compute|command|actuate|readback|attribute|measure|compare|restore|seal|reproduce,OPEN_UNTIL_EXECUTED,608
526,33,Energy Storage & Microgrid,flex_load_admission,CANDIDATE_CANONICAL,observe|normalize|compute|command|actuate|readback|attribute|measure|compare|restore|seal|reproduce,OPEN_UNTIL_EXECUTED,609
527,33,Energy Storage & Microgrid,storage_dispatch,CANDIDATE_CANONICAL,observe|normalize|compute|command|actuate|readback|attribute|measure|compare|restore|seal|reproduce,OPEN_UNTIL_EXECUTED,610
528,33,Energy Storage & Microgrid,microgrid_emergency_reserve,CANDIDATE_CANONICAL,observe|normalize|compute|command|actuate|readback|attribute|measure|compare|restore|seal|reproduce,OPEN_UNTIL_EXECUTED,611
529,34,"PDU, UPS & Electrical Distribution",server_power_cap,CANDIDATE_CANONICAL,observe|normalize|compute|command|actuate|readback|attribute|measure|compare|restore|seal|reproduce,OPEN_UNTIL_EXECUTED,146
530,34,"PDU, UPS & Electrical Distribution",rack_power_cap,CANDIDATE_CANONICAL,observe|normalize|compute|command|actuate|readback|attribute|measure|compare|restore|seal|reproduce,OPEN_UNTIL_EXECUTED,10
531,34,"PDU, UPS & Electrical Distribution",pdu_branch_power_limit,CANDIDATE_CANONICAL,observe|normalize|compute|command|actuate|readback|attribute|measure|compare|restore|seal|reproduce,OPEN_UNTIL_EXECUTED,147
532,34,"PDU, UPS & Electrical Distribution",pdu_outlet_control,CANDIDATE_CANONICAL,observe|normalize|compute|command|actuate|readback|attribute|measure|compare|restore|seal|reproduce,OPEN_UNTIL_EXECUTED,148
533,34,"PDU, UPS & Electrical Distribution",site_demand_cap,CANDIDATE_CANONICAL,observe|normalize|compute|command|actuate|readback|attribute|measure|compare|restore|seal|reproduce,OPEN_UNTIL_EXECUTED,149
534,34,"PDU, UPS & Electrical Distribution",ups_operating_mode,CANDIDATE_CANONICAL,observe|normalize|compute|command|actuate|readback|attribute|measure|compare|restore|seal|reproduce,OPEN_UNTIL_EXECUTED,150
535,34,"PDU, UPS & Electrical Distribution",ups_charge_rate,CANDIDATE_CANONICAL,observe|normalize|compute|command|actuate|readback|attribute|measure|compare|restore|seal|reproduce,OPEN_UNTIL_EXECUTED,151
536,34,"PDU, UPS & Electrical Distribution",ups_discharge_rate,CANDIDATE_CANONICAL,observe|normalize|compute|command|actuate|readback|attribute|measure|compare|restore|seal|reproduce,OPEN_UNTIL_EXECUTED,152
537,34,"PDU, UPS & Electrical Distribution",phase_balance,CANDIDATE_CANONICAL,observe|normalize|compute|command|actuate|readback|attribute|measure|compare|restore|seal|reproduce,OPEN_UNTIL_EXECUTED,153
538,34,"PDU, UPS & Electrical Distribution",load_transfer,CANDIDATE_CANONICAL,observe|normalize|compute|command|actuate|readback|attribute|measure|compare|restore|seal|reproduce,OPEN_UNTIL_EXECUTED,154
539,34,"PDU, UPS & Electrical Distribution",reactive_power_target,CANDIDATE_CANONICAL,observe|normalize|compute|command|actuate|readback|attribute|measure|compare|restore|seal|reproduce,OPEN_UNTIL_EXECUTED,155
540,34,"PDU, UPS & Electrical Distribution",voltage_target,CANDIDATE_CANONICAL,observe|normalize|compute|command|actuate|readback|attribute|measure|compare|restore|seal|reproduce,OPEN_UNTIL_EXECUTED,156
541,34,"PDU, UPS & Electrical Distribution",generator_dispatch,CANDIDATE_CANONICAL,observe|normalize|compute|command|actuate|readback|attribute|measure|compare|restore|seal|reproduce,OPEN_UNTIL_EXECUTED,157
542,34,"PDU, UPS & Electrical Distribution",electrical_isolation,CANDIDATE_CANONICAL,observe|normalize|compute|command|actuate|readback|attribute|measure|compare|restore|seal|reproduce,OPEN_UNTIL_EXECUTED,158
543,34,"PDU, UPS & Electrical Distribution",breaker_trip_gate,CANDIDATE_CANONICAL,observe|normalize|compute|command|actuate|readback|attribute|measure|compare|restore|seal|reproduce,OPEN_UNTIL_EXECUTED,159
544,34,"PDU, UPS & Electrical Distribution",electrical_restore,CANDIDATE_CANONICAL,observe|normalize|compute|command|actuate|readback|attribute|measure|compare|restore|seal|reproduce,OPEN_UNTIL_EXECUTED,160
545,35,"Cooling, Chillers & Thermodynamics",supply_air_temperature,CANDIDATE_CANONICAL,observe|normalize|compute|command|actuate|readback|attribute|measure|compare|restore|seal|reproduce,OPEN_UNTIL_EXECUTED,161
546,35,"Cooling, Chillers & Thermodynamics",return_air_target,CANDIDATE_CANONICAL,observe|normalize|compute|command|actuate|readback|attribute|measure|compare|restore|seal|reproduce,OPEN_UNTIL_EXECUTED,162
547,35,"Cooling, Chillers & Thermodynamics",coolant_supply_temperature,CANDIDATE_CANONICAL,observe|normalize|compute|command|actuate|readback|attribute|measure|compare|restore|seal|reproduce,OPEN_UNTIL_EXECUTED,163
548,35,"Cooling, Chillers & Thermodynamics",coolant_flow,CANDIDATE_CANONICAL,observe|normalize|compute|command|actuate|readback|attribute|measure|compare|restore|seal|reproduce,OPEN_UNTIL_EXECUTED,164
549,35,"Cooling, Chillers & Thermodynamics",pump_speed,CANDIDATE_CANONICAL,observe|normalize|compute|command|actuate|readback|attribute|measure|compare|restore|seal|reproduce,OPEN_UNTIL_EXECUTED,165
550,35,"Cooling, Chillers & Thermodynamics",fan_speed,CANDIDATE_CANONICAL,observe|normalize|compute|command|actuate|readback|attribute|measure|compare|restore|seal|reproduce,OPEN_UNTIL_EXECUTED,166
551,35,"Cooling, Chillers & Thermodynamics",chiller_setpoint,CANDIDATE_CANONICAL,observe|normalize|compute|command|actuate|readback|attribute|measure|compare|restore|seal|reproduce,OPEN_UNTIL_EXECUTED,167
552,35,"Cooling, Chillers & Thermodynamics",compressor_authority,CANDIDATE_CANONICAL,observe|normalize|compute|command|actuate|readback|attribute|measure|compare|restore|seal|reproduce,OPEN_UNTIL_EXECUTED,168
553,35,"Cooling, Chillers & Thermodynamics",cooling_tower_fan,CANDIDATE_CANONICAL,observe|normalize|compute|command|actuate|readback|attribute|measure|compare|restore|seal|reproduce,OPEN_UNTIL_EXECUTED,169
554,35,"Cooling, Chillers & Thermodynamics",cooling_capacity,CANDIDATE_CANONICAL,observe|normalize|compute|command|actuate|readback|attribute|measure|compare|restore|seal|reproduce,OPEN_UNTIL_EXECUTED,170
555,35,"Cooling, Chillers & Thermodynamics",rack_thermal_budget,CANDIDATE_CANONICAL,observe|normalize|compute|command|actuate|readback|attribute|measure|compare|restore|seal|reproduce,OPEN_UNTIL_EXECUTED,171
556,35,"Cooling, Chillers & Thermodynamics",gpu_thermal_envelope,CANDIDATE_CANONICAL,observe|normalize|compute|command|actuate|readback|attribute|measure|compare|restore|seal|reproduce,OPEN_UNTIL_EXECUTED,172
557,35,"Cooling, Chillers & Thermodynamics",cpu_thermal_envelope,CANDIDATE_CANONICAL,observe|normalize|compute|command|actuate|readback|attribute|measure|compare|restore|seal|reproduce,OPEN_UNTIL_EXECUTED,173
558,35,"Cooling, Chillers & Thermodynamics",thermal_workload_migrate,CANDIDATE_CANONICAL,observe|normalize|compute|command|actuate|readback|attribute|measure|compare|restore|seal|reproduce,OPEN_UNTIL_EXECUTED,174
559,35,"Cooling, Chillers & Thermodynamics",thermal_load_shed,CANDIDATE_CANONICAL,observe|normalize|compute|command|actuate|readback|attribute|measure|compare|restore|seal|reproduce,OPEN_UNTIL_EXECUTED,175
560,35,"Cooling, Chillers & Thermodynamics",thermal_restore,CANDIDATE_CANONICAL,observe|normalize|compute|command|actuate|readback|attribute|measure|compare|restore|seal|reproduce,OPEN_UNTIL_EXECUTED,176
561,36,Facility & Grid Optimization,facility_power_budget,CANDIDATE_CANONICAL,observe|normalize|compute|command|actuate|readback|attribute|measure|compare|restore|seal|reproduce,OPEN_UNTIL_EXECUTED,325
562,36,Facility & Grid Optimization,utility_demand_limit,CANDIDATE_CANONICAL,observe|normalize|compute|command|actuate|readback|attribute|measure|compare|restore|seal|reproduce,OPEN_UNTIL_EXECUTED,326
563,36,Facility & Grid Optimization,demand_response,CANDIDATE_CANONICAL,observe|normalize|compute|command|actuate|readback|attribute|measure|compare|restore|seal|reproduce,OPEN_UNTIL_EXECUTED,327
564,36,Facility & Grid Optimization,electricity_price_gate,CANDIDATE_CANONICAL,observe|normalize|compute|command|actuate|readback|attribute|measure|compare|restore|seal|reproduce,OPEN_UNTIL_EXECUTED,328
565,36,Facility & Grid Optimization,carbon_intensity_gate,CANDIDATE_CANONICAL,observe|normalize|compute|command|actuate|readback|attribute|measure|compare|restore|seal|reproduce,OPEN_UNTIL_EXECUTED,329
566,36,Facility & Grid Optimization,renewable_dispatch,CANDIDATE_CANONICAL,observe|normalize|compute|command|actuate|readback|attribute|measure|compare|restore|seal|reproduce,OPEN_UNTIL_EXECUTED,330
567,36,Facility & Grid Optimization,generator_start_stop,CANDIDATE_CANONICAL,observe|normalize|compute|command|actuate|readback|attribute|measure|compare|restore|seal|reproduce,OPEN_UNTIL_EXECUTED,331
568,36,Facility & Grid Optimization,site_battery_dispatch,CANDIDATE_CANONICAL,observe|normalize|compute|command|actuate|readback|attribute|measure|compare|restore|seal|reproduce,OPEN_UNTIL_EXECUTED,332
569,36,Facility & Grid Optimization,pue_target,CANDIDATE_CANONICAL,observe|normalize|compute|command|actuate|readback|attribute|measure|compare|restore|seal|reproduce,OPEN_UNTIL_EXECUTED,333
570,36,Facility & Grid Optimization,cooling_power_budget,CANDIDATE_CANONICAL,observe|normalize|compute|command|actuate|readback|attribute|measure|compare|restore|seal|reproduce,OPEN_UNTIL_EXECUTED,334
571,36,Facility & Grid Optimization,it_power_budget,CANDIDATE_CANONICAL,observe|normalize|compute|command|actuate|readback|attribute|measure|compare|restore|seal|reproduce,OPEN_UNTIL_EXECUTED,335
572,36,Facility & Grid Optimization,rack_power_allocation,CANDIDATE_CANONICAL,observe|normalize|compute|command|actuate|readback|attribute|measure|compare|restore|seal|reproduce,OPEN_UNTIL_EXECUTED,336
573,36,Facility & Grid Optimization,facility_peak_guard,CANDIDATE_CANONICAL,observe|normalize|compute|command|actuate|readback|attribute|measure|compare|restore|seal|reproduce,OPEN_UNTIL_EXECUTED,337
574,36,Facility & Grid Optimization,grid_frequency_response,CANDIDATE_CANONICAL,observe|normalize|compute|command|actuate|readback|attribute|measure|compare|restore|seal|reproduce,OPEN_UNTIL_EXECUTED,338
575,36,Facility & Grid Optimization,facility_islanding,CANDIDATE_CANONICAL,observe|normalize|compute|command|actuate|readback|attribute|measure|compare|restore|seal|reproduce,OPEN_UNTIL_EXECUTED,339
576,36,Facility & Grid Optimization,facility_restore,CANDIDATE_CANONICAL,observe|normalize|compute|command|actuate|readback|attribute|measure|compare|restore|seal|reproduce,OPEN_UNTIL_EXECUTED,340
593,38,Quantum Computing Control Simulation,qubit_mapping,CANDIDATE_CANONICAL,observe|normalize|compute|command|actuate|readback|attribute|measure|compare|restore|seal|reproduce,OPEN_UNTIL_EXECUTED,612
594,38,Quantum Computing Control Simulation,circuit_admission,CANDIDATE_CANONICAL,observe|normalize|compute|command|actuate|readback|attribute|measure|compare|restore|seal|reproduce,OPEN_UNTIL_EXECUTED,613
595,38,Quantum Computing Control Simulation,shot_allocation,CANDIDATE_CANONICAL,observe|normalize|compute|command|actuate|readback|attribute|measure|compare|restore|seal|reproduce,OPEN_UNTIL_EXECUTED,614
596,38,Quantum Computing Control Simulation,circuit_scheduling,CANDIDATE_CANONICAL,observe|normalize|compute|command|actuate|readback|attribute|measure|compare|restore|seal|reproduce,OPEN_UNTIL_EXECUTED,615
597,38,Quantum Computing Control Simulation,gate_scheduling,CANDIDATE_CANONICAL,observe|normalize|compute|command|actuate|readback|attribute|measure|compare|restore|seal|reproduce,OPEN_UNTIL_EXECUTED,616
598,38,Quantum Computing Control Simulation,pulse_amplitude,CANDIDATE_CANONICAL,observe|normalize|compute|command|actuate|readback|attribute|measure|compare|restore|seal|reproduce,OPEN_UNTIL_EXECUTED,617
599,38,Quantum Computing Control Simulation,pulse_duration,CANDIDATE_CANONICAL,observe|normalize|compute|command|actuate|readback|attribute|measure|compare|restore|seal|reproduce,OPEN_UNTIL_EXECUTED,618
600,38,Quantum Computing Control Simulation,pulse_phase,CANDIDATE_CANONICAL,observe|normalize|compute|command|actuate|readback|attribute|measure|compare|restore|seal|reproduce,OPEN_UNTIL_EXECUTED,619
601,38,Quantum Computing Control Simulation,pulse_frequency,CANDIDATE_CANONICAL,observe|normalize|compute|command|actuate|readback|attribute|measure|compare|restore|seal|reproduce,OPEN_UNTIL_EXECUTED,620
602,38,Quantum Computing Control Simulation,coupling_control,CANDIDATE_CANONICAL,observe|normalize|compute|command|actuate|readback|attribute|measure|compare|restore|seal|reproduce,OPEN_UNTIL_EXECUTED,621
603,38,Quantum Computing Control Simulation,reset_scheduling,CANDIDATE_CANONICAL,observe|normalize|compute|command|actuate|readback|attribute|measure|compare|restore|seal|reproduce,OPEN_UNTIL_EXECUTED,622
604,38,Quantum Computing Control Simulation,measurement_scheduling,CANDIDATE_CANONICAL,observe|normalize|compute|command|actuate|readback|attribute|measure|compare|restore|seal|reproduce,OPEN_UNTIL_EXECUTED,623
605,38,Quantum Computing Control Simulation,dynamical_decoupling,CANDIDATE_CANONICAL,observe|normalize|compute|command|actuate|readback|attribute|measure|compare|restore|seal|reproduce,OPEN_UNTIL_EXECUTED,624
606,38,Quantum Computing Control Simulation,noise_aware_routing,CANDIDATE_CANONICAL,observe|normalize|compute|command|actuate|readback|attribute|measure|compare|restore|seal|reproduce,OPEN_UNTIL_EXECUTED,625
607,38,Quantum Computing Control Simulation,error_mitigation_budget,CANDIDATE_CANONICAL,observe|normalize|compute|command|actuate|readback|attribute|measure|compare|restore|seal|reproduce,OPEN_UNTIL_EXECUTED,626
608,38,Quantum Computing Control Simulation,quantum_queue_priority,CANDIDATE_CANONICAL,observe|normalize|compute|command|actuate|readback|attribute|measure|compare|restore|seal|reproduce,OPEN_UNTIL_EXECUTED,627
609,39,"Cross-Cluster, Multi-Region & Edge",multi_cluster_dispatch,CANDIDATE_CANONICAL,observe|normalize|compute|command|actuate|readback|attribute|measure|compare|restore|seal|reproduce,OPEN_UNTIL_EXECUTED,293
610,39,"Cross-Cluster, Multi-Region & Edge",region_dispatch,CANDIDATE_CANONICAL,observe|normalize|compute|command|actuate|readback|attribute|measure|compare|restore|seal|reproduce,OPEN_UNTIL_EXECUTED,294
611,39,"Cross-Cluster, Multi-Region & Edge",zone_dispatch,CANDIDATE_CANONICAL,observe|normalize|compute|command|actuate|readback|attribute|measure|compare|restore|seal|reproduce,OPEN_UNTIL_EXECUTED,295
612,39,"Cross-Cluster, Multi-Region & Edge",edge_dispatch,CANDIDATE_CANONICAL,observe|normalize|compute|command|actuate|readback|attribute|measure|compare|restore|seal|reproduce,OPEN_UNTIL_EXECUTED,296
613,39,"Cross-Cluster, Multi-Region & Edge",cloud_capacity_class,CANDIDATE_CANONICAL,observe|normalize|compute|command|actuate|readback|attribute|measure|compare|restore|seal|reproduce,OPEN_UNTIL_EXECUTED,297
614,39,"Cross-Cluster, Multi-Region & Edge",workload_migrate_region,CANDIDATE_CANONICAL,observe|normalize|compute|command|actuate|readback|attribute|measure|compare|restore|seal|reproduce,OPEN_UNTIL_EXECUTED,298
615,39,"Cross-Cluster, Multi-Region & Edge",data_residency_gate,CANDIDATE_CANONICAL,observe|normalize|compute|command|actuate|readback|attribute|measure|compare|restore|seal|reproduce,OPEN_UNTIL_EXECUTED,299
616,39,"Cross-Cluster, Multi-Region & Edge",latency_region_gate,CANDIDATE_CANONICAL,observe|normalize|compute|command|actuate|readback|attribute|measure|compare|restore|seal|reproduce,OPEN_UNTIL_EXECUTED,300
617,39,"Cross-Cluster, Multi-Region & Edge",cost_region_gate,CANDIDATE_CANONICAL,observe|normalize|compute|command|actuate|readback|attribute|measure|compare|restore|seal|reproduce,OPEN_UNTIL_EXECUTED,301
618,39,"Cross-Cluster, Multi-Region & Edge",carbon_region_gate,CANDIDATE_CANONICAL,observe|normalize|compute|command|actuate|readback|attribute|measure|compare|restore|seal|reproduce,OPEN_UNTIL_EXECUTED,302
619,39,"Cross-Cluster, Multi-Region & Edge",global_failover,CANDIDATE_CANONICAL,observe|normalize|compute|command|actuate|readback|attribute|measure|compare|restore|seal|reproduce,OPEN_UNTIL_EXECUTED,303
620,39,"Cross-Cluster, Multi-Region & Edge",federation_quota,CANDIDATE_CANONICAL,observe|normalize|compute|command|actuate|readback|attribute|measure|compare|restore|seal|reproduce,OPEN_UNTIL_EXECUTED,304
621,39,"Cross-Cluster, Multi-Region & Edge",cross_cluster_replication,CANDIDATE_CANONICAL,observe|normalize|compute|command|actuate|readback|attribute|measure|compare|restore|seal|reproduce,OPEN_UNTIL_EXECUTED,305
622,39,"Cross-Cluster, Multi-Region & Edge",edge_offload,CANDIDATE_CANONICAL,observe|normalize|compute|command|actuate|readback|attribute|measure|compare|restore|seal|reproduce,OPEN_UNTIL_EXECUTED,306
623,39,"Cross-Cluster, Multi-Region & Edge",global_admission,CANDIDATE_CANONICAL,observe|normalize|compute|command|actuate|readback|attribute|measure|compare|restore|seal|reproduce,OPEN_UNTIL_EXECUTED,307
624,39,"Cross-Cluster, Multi-Region & Edge",global_restore,CANDIDATE_CANONICAL,observe|normalize|compute|command|actuate|readback|attribute|measure|compare|restore|seal|reproduce,OPEN_UNTIL_EXECUTED,308
AUDIT-0001,AUDIT,Kubernetes Dynamic Device Allocation,dra_device_class_selection,ADMITTED_CONTRACT_SURFACE,observe|normalize|compute|command|actuate|readback|attribute|measure|compare|restore|seal|reproduce,OPEN_UNTIL_EXECUTED,273
AUDIT-0002,AUDIT,Kubernetes Dynamic Device Allocation,dra_claim_capacity,ADMITTED_CONTRACT_SURFACE,observe|normalize|compute|command|actuate|readback|attribute|measure|compare|restore|seal|reproduce,OPEN_UNTIL_EXECUTED,274
AUDIT-0003,AUDIT,Kubernetes Dynamic Device Allocation,dra_claim_sharing,ADMITTED_CONTRACT_SURFACE,observe|normalize|compute|command|actuate|readback|attribute|measure|compare|restore|seal|reproduce,OPEN_UNTIL_EXECUTED,275
AUDIT-0004,AUDIT,Kubernetes Dynamic Device Allocation,dra_device_taint,ADMITTED_CONTRACT_SURFACE,observe|normalize|compute|command|actuate|readback|attribute|measure|compare|restore|seal|reproduce,OPEN_UNTIL_EXECUTED,276
AUDIT-0005,AUDIT,Kubernetes Dynamic Device Allocation,dra_device_eviction,ADMITTED_CONTRACT_SURFACE,observe|normalize|compute|command|actuate|readback|attribute|measure|compare|restore|seal|reproduce,OPEN_UNTIL_EXECUTED,277
AUDIT-0006,AUDIT,Kubernetes Dynamic Device Allocation,dra_binding_readiness,ADMITTED_CONTRACT_SURFACE,observe|normalize|compute|command|actuate|readback|attribute|measure|compare|restore|seal|reproduce,OPEN_UNTIL_EXECUTED,278
AUDIT-0007,AUDIT,Kubernetes Dynamic Device Allocation,dra_binding_failure_response,ADMITTED_CONTRACT_SURFACE,observe|normalize|compute|command|actuate|readback|attribute|measure|compare|restore|seal|reproduce,OPEN_UNTIL_EXECUTED,279
AUDIT-0008,AUDIT,Kubernetes Dynamic Device Allocation,dra_device_configuration,ADMITTED_CONTRACT_SURFACE,observe|normalize|compute|command|actuate|readback|attribute|measure|compare|restore|seal|reproduce,OPEN_UNTIL_EXECUTED,280
AUDIT-0009,AUDIT,Telecom RAN & Edge Radio,ran_connection_admission,ADMITTED_CONTRACT_SURFACE,observe|normalize|compute|command|actuate|readback|attribute|measure|compare|restore|seal|reproduce,OPEN_UNTIL_EXECUTED,628
AUDIT-0010,AUDIT,Telecom RAN & Edge Radio,ran_ue_handover,ADMITTED_CONTRACT_SURFACE,observe|normalize|compute|command|actuate|readback|attribute|measure|compare|restore|seal|reproduce,OPEN_UNTIL_EXECUTED,629
AUDIT-0011,AUDIT,Telecom RAN & Edge Radio,ran_cell_traffic_steering,ADMITTED_CONTRACT_SURFACE,observe|normalize|compute|command|actuate|readback|attribute|measure|compare|restore|seal|reproduce,OPEN_UNTIL_EXECUTED,630
AUDIT-0012,AUDIT,Telecom RAN & Edge Radio,ran_slice_resource_budget,ADMITTED_CONTRACT_SURFACE,observe|normalize|compute|command|actuate|readback|attribute|measure|compare|restore|seal|reproduce,OPEN_UNTIL_EXECUTED,631
AUDIT-0013,AUDIT,Telecom RAN & Edge Radio,ran_prb_allocation,ADMITTED_CONTRACT_SURFACE,observe|normalize|compute|command|actuate|readback|attribute|measure|compare|restore|seal|reproduce,OPEN_UNTIL_EXECUTED,632
AUDIT-0014,AUDIT,Telecom RAN & Edge Radio,ran_scheduler_weight,ADMITTED_CONTRACT_SURFACE,observe|normalize|compute|command|actuate|readback|attribute|measure|compare|restore|seal|reproduce,OPEN_UNTIL_EXECUTED,633
AUDIT-0015,AUDIT,Telecom RAN & Edge Radio,ran_tx_power,ADMITTED_CONTRACT_SURFACE,observe|normalize|compute|command|actuate|readback|attribute|measure|compare|restore|seal|reproduce,OPEN_UNTIL_EXECUTED,634
AUDIT-0016,AUDIT,Telecom RAN & Edge Radio,ran_antenna_tilt,ADMITTED_CONTRACT_SURFACE,observe|normalize|compute|command|actuate|readback|attribute|measure|compare|restore|seal|reproduce,OPEN_UNTIL_EXECUTED,635
AUDIT-0017,AUDIT,Telecom RAN & Edge Radio,ran_carrier_enable,ADMITTED_CONTRACT_SURFACE,observe|normalize|compute|command|actuate|readback|attribute|measure|compare|restore|seal|reproduce,OPEN_UNTIL_EXECUTED,636
AUDIT-0018,AUDIT,Telecom RAN & Edge Radio,ran_cell_sleep,ADMITTED_CONTRACT_SURFACE,observe|normalize|compute|command|actuate|readback|attribute|measure|compare|restore|seal|reproduce,OPEN_UNTIL_EXECUTED,637
AUDIT-0019,AUDIT,Telecom RAN & Edge Radio,ran_du_cu_placement,ADMITTED_CONTRACT_SURFACE,observe|normalize|compute|command|actuate|readback|attribute|measure|compare|restore|seal|reproduce,OPEN_UNTIL_EXECUTED,638
AUDIT-0020,AUDIT,Telecom RAN & Edge Radio,ran_fronthaul_budget,ADMITTED_CONTRACT_SURFACE,observe|normalize|compute|command|actuate|readback|attribute|measure|compare|restore|seal|reproduce,OPEN_UNTIL_EXECUTED,639
AUDIT-0021,AUDIT,DPU SmartNIC & Programmable IO,dpu_pf_tx_rate,ADMITTED_CONTRACT_SURFACE,observe|normalize|compute|command|actuate|readback|attribute|measure|compare|restore|seal|reproduce,OPEN_UNTIL_EXECUTED,281
AUDIT-0022,AUDIT,DPU SmartNIC & Programmable IO,dpu_vf_tx_rate,ADMITTED_CONTRACT_SURFACE,observe|normalize|compute|command|actuate|readback|attribute|measure|compare|restore|seal|reproduce,OPEN_UNTIL_EXECUTED,282
AUDIT-0023,AUDIT,DPU SmartNIC & Programmable IO,dpu_sf_tx_rate,ADMITTED_CONTRACT_SURFACE,observe|normalize|compute|command|actuate|readback|attribute|measure|compare|restore|seal|reproduce,OPEN_UNTIL_EXECUTED,283
AUDIT-0024,AUDIT,DPU SmartNIC & Programmable IO,dpu_bandwidth_share,ADMITTED_CONTRACT_SURFACE,observe|normalize|compute|command|actuate|readback|attribute|measure|compare|restore|seal|reproduce,OPEN_UNTIL_EXECUTED,284
AUDIT-0025,AUDIT,DPU SmartNIC & Programmable IO,dpu_qos_group,ADMITTED_CONTRACT_SURFACE,observe|normalize|compute|command|actuate|readback|attribute|measure|compare|restore|seal|reproduce,OPEN_UNTIL_EXECUTED,285
AUDIT-0026,AUDIT,DPU SmartNIC & Programmable IO,sriov_vf_count,ADMITTED_CONTRACT_SURFACE,observe|normalize|compute|command|actuate|readback|attribute|measure|compare|restore|seal|reproduce,OPEN_UNTIL_EXECUTED,286
AUDIT-0027,AUDIT,DPU SmartNIC & Programmable IO,smartnic_flow_steering,ADMITTED_CONTRACT_SURFACE,observe|normalize|compute|command|actuate|readback|attribute|measure|compare|restore|seal|reproduce,OPEN_UNTIL_EXECUTED,287
AUDIT-0028,AUDIT,DPU SmartNIC & Programmable IO,smartnic_offload_enable,ADMITTED_CONTRACT_SURFACE,observe|normalize|compute|command|actuate|readback|attribute|measure|compare|restore|seal|reproduce,OPEN_UNTIL_EXECUTED,288
AUDIT-0029,AUDIT,DPU SmartNIC & Programmable IO,dpu_cpu_budget,ADMITTED_CONTRACT_SURFACE,observe|normalize|compute|command|actuate|readback|attribute|measure|compare|restore|seal|reproduce,OPEN_UNTIL_EXECUTED,289
AUDIT-0030,AUDIT,DPU SmartNIC & Programmable IO,dpu_memory_budget,ADMITTED_CONTRACT_SURFACE,observe|normalize|compute|command|actuate|readback|attribute|measure|compare|restore|seal|reproduce,OPEN_UNTIL_EXECUTED,290
AUDIT-0031,AUDIT,DPU SmartNIC & Programmable IO,dpu_service_placement,ADMITTED_CONTRACT_SURFACE,observe|normalize|compute|command|actuate|readback|attribute|measure|compare|restore|seal|reproduce,OPEN_UNTIL_EXECUTED,291
AUDIT-0032,AUDIT,DPU SmartNIC & Programmable IO,dpu_failover,ADMITTED_CONTRACT_SURFACE,observe|normalize|compute|command|actuate|readback|attribute|measure|compare|restore|seal|reproduce,OPEN_UNTIL_EXECUTED,292
AUDIT-0033,AUDIT,Grid Transmission & Distribution,capacitor_bank_switch,ADMITTED_CONTRACT_SURFACE,observe|normalize|compute|command|actuate|readback|attribute|measure|compare|restore|seal|reproduce,OPEN_UNTIL_EXECUTED,640
AUDIT-0034,AUDIT,Grid Transmission & Distribution,voltage_regulator_tap,ADMITTED_CONTRACT_SURFACE,observe|normalize|compute|command|actuate|readback|attribute|measure|compare|restore|seal|reproduce,OPEN_UNTIL_EXECUTED,641
AUDIT-0035,AUDIT,Grid Transmission & Distribution,transformer_tap,ADMITTED_CONTRACT_SURFACE,observe|normalize|compute|command|actuate|readback|attribute|measure|compare|restore|seal|reproduce,OPEN_UNTIL_EXECUTED,642
AUDIT-0036,AUDIT,Grid Transmission & Distribution,inverter_real_power,ADMITTED_CONTRACT_SURFACE,observe|normalize|compute|command|actuate|readback|attribute|measure|compare|restore|seal|reproduce,OPEN_UNTIL_EXECUTED,643
AUDIT-0037,AUDIT,Grid Transmission & Distribution,inverter_reactive_power,ADMITTED_CONTRACT_SURFACE,observe|normalize|compute|command|actuate|readback|attribute|measure|compare|restore|seal|reproduce,OPEN_UNTIL_EXECUTED,644
AUDIT-0038,AUDIT,Grid Transmission & Distribution,feeder_voltage_target,ADMITTED_CONTRACT_SURFACE,observe|normalize|compute|command|actuate|readback|attribute|measure|compare|restore|seal|reproduce,OPEN_UNTIL_EXECUTED,645
AUDIT-0039,AUDIT,Grid Transmission & Distribution,feeder_load_transfer,ADMITTED_CONTRACT_SURFACE,observe|normalize|compute|command|actuate|readback|attribute|measure|compare|restore|seal|reproduce,OPEN_UNTIL_EXECUTED,646
AUDIT-0040,AUDIT,Grid Transmission & Distribution,distribution_storage_dispatch,ADMITTED_CONTRACT_SURFACE,observe|normalize|compute|command|actuate|readback|attribute|measure|compare|restore|seal|reproduce,OPEN_UNTIL_EXECUTED,647
AUDIT-0041,AUDIT,Grid Transmission & Distribution,demand_response_dispatch,ADMITTED_CONTRACT_SURFACE,observe|normalize|compute|command|actuate|readback|attribute|measure|compare|restore|seal|reproduce,OPEN_UNTIL_EXECUTED,648
AUDIT-0042,AUDIT,Grid Transmission & Distribution,frequency_droop_setpoint,ADMITTED_CONTRACT_SURFACE,observe|normalize|compute|command|actuate|readback|attribute|measure|compare|restore|seal|reproduce,OPEN_UNTIL_EXECUTED,649
AUDIT-0043,AUDIT,Grid Transmission & Distribution,grid_protection_mode,ADMITTED_CONTRACT_SURFACE,observe|normalize|compute|command|actuate|readback|attribute|measure|compare|restore|seal|reproduce,OPEN_UNTIL_EXECUTED,650
AUDIT-0044,AUDIT,Grid Transmission & Distribution,grid_restoration_sequence,ADMITTED_CONTRACT_SURFACE,observe|normalize|compute|command|actuate|readback|attribute|measure|compare|restore|seal|reproduce,OPEN_UNTIL_EXECUTED,651
AUDIT-0045,AUDIT,Automotive EV & Mobile Powertrain,traction_torque_limit,ADMITTED_CONTRACT_SURFACE,observe|normalize|compute|command|actuate|readback|attribute|measure|compare|restore|seal|reproduce,OPEN_UNTIL_EXECUTED,652
AUDIT-0046,AUDIT,Automotive EV & Mobile Powertrain,regen_braking_level,ADMITTED_CONTRACT_SURFACE,observe|normalize|compute|command|actuate|readback|attribute|measure|compare|restore|seal|reproduce,OPEN_UNTIL_EXECUTED,653
AUDIT-0047,AUDIT,Automotive EV & Mobile Powertrain,battery_charge_limit,ADMITTED_CONTRACT_SURFACE,observe|normalize|compute|command|actuate|readback|attribute|measure|compare|restore|seal|reproduce,OPEN_UNTIL_EXECUTED,654
AUDIT-0048,AUDIT,Automotive EV & Mobile Powertrain,battery_discharge_limit,ADMITTED_CONTRACT_SURFACE,observe|normalize|compute|command|actuate|readback|attribute|measure|compare|restore|seal|reproduce,OPEN_UNTIL_EXECUTED,655
AUDIT-0049,AUDIT,Automotive EV & Mobile Powertrain,battery_thermal_target,ADMITTED_CONTRACT_SURFACE,observe|normalize|compute|command|actuate|readback|attribute|measure|compare|restore|seal|reproduce,OPEN_UNTIL_EXECUTED,656
AUDIT-0050,AUDIT,Automotive EV & Mobile Powertrain,motor_thermal_limit,ADMITTED_CONTRACT_SURFACE,observe|normalize|compute|command|actuate|readback|attribute|measure|compare|restore|seal|reproduce,OPEN_UNTIL_EXECUTED,657
AUDIT-0051,AUDIT,Automotive EV & Mobile Powertrain,vehicle_speed_envelope,ADMITTED_CONTRACT_SURFACE,observe|normalize|compute|command|actuate|readback|attribute|measure|compare|restore|seal|reproduce,OPEN_UNTIL_EXECUTED,658
AUDIT-0052,AUDIT,Automotive EV & Mobile Powertrain,energy_recovery_target,ADMITTED_CONTRACT_SURFACE,observe|normalize|compute|command|actuate|readback|attribute|measure|compare|restore|seal|reproduce,OPEN_UNTIL_EXECUTED,659
AUDIT-0053,AUDIT,Automotive EV & Mobile Powertrain,auxiliary_power_budget,ADMITTED_CONTRACT_SURFACE,observe|normalize|compute|command|actuate|readback|attribute|measure|compare|restore|seal|reproduce,OPEN_UNTIL_EXECUTED,660
AUDIT-0054,AUDIT,Automotive EV & Mobile Powertrain,fast_charge_current,ADMITTED_CONTRACT_SURFACE,observe|normalize|compute|command|actuate|readback|attribute|measure|compare|restore|seal|reproduce,OPEN_UNTIL_EXECUTED,661
AUDIT-0055,AUDIT,Automotive EV & Mobile Powertrain,fast_charge_voltage,ADMITTED_CONTRACT_SURFACE,observe|normalize|compute|command|actuate|readback|attribute|measure|compare|restore|seal|reproduce,OPEN_UNTIL_EXECUTED,662
AUDIT-0056,AUDIT,Automotive EV & Mobile Powertrain,vehicle_safe_state,ADMITTED_CONTRACT_SURFACE,observe|normalize|compute|command|actuate|readback|attribute|measure|compare|restore|seal|reproduce,OPEN_UNTIL_EXECUTED,663
AUDIT-0057,AUDIT,Semiconductor Fab & Precision Manufacturing,tool_job_dispatch,ADMITTED_CONTRACT_SURFACE,observe|normalize|compute|command|actuate|readback|attribute|measure|compare|restore|seal|reproduce,OPEN_UNTIL_EXECUTED,664
AUDIT-0058,AUDIT,Semiconductor Fab & Precision Manufacturing,wafer_route,ADMITTED_CONTRACT_SURFACE,observe|normalize|compute|command|actuate|readback|attribute|measure|compare|restore|seal|reproduce,OPEN_UNTIL_EXECUTED,665
AUDIT-0059,AUDIT,Semiconductor Fab & Precision Manufacturing,chamber_recipe_selection,ADMITTED_CONTRACT_SURFACE,observe|normalize|compute|command|actuate|readback|attribute|measure|compare|restore|seal|reproduce,OPEN_UNTIL_EXECUTED,666
AUDIT-0060,AUDIT,Semiconductor Fab & Precision Manufacturing,chamber_temperature,ADMITTED_CONTRACT_SURFACE,observe|normalize|compute|command|actuate|readback|attribute|measure|compare|restore|seal|reproduce,OPEN_UNTIL_EXECUTED,667
AUDIT-0061,AUDIT,Semiconductor Fab & Precision Manufacturing,chamber_pressure,ADMITTED_CONTRACT_SURFACE,observe|normalize|compute|command|actuate|readback|attribute|measure|compare|restore|seal|reproduce,OPEN_UNTIL_EXECUTED,668
AUDIT-0062,AUDIT,Semiconductor Fab & Precision Manufacturing,gas_flow,ADMITTED_CONTRACT_SURFACE,observe|normalize|compute|command|actuate|readback|attribute|measure|compare|restore|seal|reproduce,OPEN_UNTIL_EXECUTED,669
AUDIT-0063,AUDIT,Semiconductor Fab & Precision Manufacturing,rf_power,ADMITTED_CONTRACT_SURFACE,observe|normalize|compute|command|actuate|readback|attribute|measure|compare|restore|seal|reproduce,OPEN_UNTIL_EXECUTED,670
AUDIT-0064,AUDIT,Semiconductor Fab & Precision Manufacturing,vacuum_pump_speed,ADMITTED_CONTRACT_SURFACE,observe|normalize|compute|command|actuate|readback|attribute|measure|compare|restore|seal|reproduce,OPEN_UNTIL_EXECUTED,671
AUDIT-0065,AUDIT,Semiconductor Fab & Precision Manufacturing,robot_transfer_rate,ADMITTED_CONTRACT_SURFACE,observe|normalize|compute|command|actuate|readback|attribute|measure|compare|restore|seal|reproduce,OPEN_UNTIL_EXECUTED,672
AUDIT-0066,AUDIT,Semiconductor Fab & Precision Manufacturing,lot_priority,ADMITTED_CONTRACT_SURFACE,observe|normalize|compute|command|actuate|readback|attribute|measure|compare|restore|seal|reproduce,OPEN_UNTIL_EXECUTED,673
AUDIT-0067,AUDIT,Semiconductor Fab & Precision Manufacturing,metrology_sampling,ADMITTED_CONTRACT_SURFACE,observe|normalize|compute|command|actuate|readback|attribute|measure|compare|restore|seal|reproduce,OPEN_UNTIL_EXECUTED,674
AUDIT-0068,AUDIT,Semiconductor Fab & Precision Manufacturing,tool_quarantine,ADMITTED_CONTRACT_SURFACE,observe|normalize|compute|command|actuate|readback|attribute|measure|compare|restore|seal|reproduce,OPEN_UNTIL_EXECUTED,675
AUDIT-0069,AUDIT,Water Wastewater & Pumping,pump_speed_water,ADMITTED_CONTRACT_SURFACE,observe|normalize|compute|command|actuate|readback|attribute|measure|compare|restore|seal|reproduce,OPEN_UNTIL_EXECUTED,676
AUDIT-0070,AUDIT,Water Wastewater & Pumping,valve_position_water,ADMITTED_CONTRACT_SURFACE,observe|normalize|compute|command|actuate|readback|attribute|measure|compare|restore|seal|reproduce,OPEN_UNTIL_EXECUTED,677
AUDIT-0071,AUDIT,Water Wastewater & Pumping,reservoir_level_target,ADMITTED_CONTRACT_SURFACE,observe|normalize|compute|command|actuate|readback|attribute|measure|compare|restore|seal|reproduce,OPEN_UNTIL_EXECUTED,678
AUDIT-0072,AUDIT,Water Wastewater & Pumping,line_pressure_target,ADMITTED_CONTRACT_SURFACE,observe|normalize|compute|command|actuate|readback|attribute|measure|compare|restore|seal|reproduce,OPEN_UNTIL_EXECUTED,679
AUDIT-0073,AUDIT,Water Wastewater & Pumping,flow_target_water,ADMITTED_CONTRACT_SURFACE,observe|normalize|compute|command|actuate|readback|attribute|measure|compare|restore|seal|reproduce,OPEN_UNTIL_EXECUTED,680
AUDIT-0074,AUDIT,Water Wastewater & Pumping,aeration_rate,ADMITTED_CONTRACT_SURFACE,observe|normalize|compute|command|actuate|readback|attribute|measure|compare|restore|seal|reproduce,OPEN_UNTIL_EXECUTED,681
AUDIT-0075,AUDIT,Water Wastewater & Pumping,chemical_dose_rate,ADMITTED_CONTRACT_SURFACE,observe|normalize|compute|command|actuate|readback|attribute|measure|compare|restore|seal|reproduce,OPEN_UNTIL_EXECUTED,682
AUDIT-0076,AUDIT,Water Wastewater & Pumping,filtration_backwash,ADMITTED_CONTRACT_SURFACE,observe|normalize|compute|command|actuate|readback|attribute|measure|compare|restore|seal|reproduce,OPEN_UNTIL_EXECUTED,683
AUDIT-0077,AUDIT,Water Wastewater & Pumping,lift_station_dispatch,ADMITTED_CONTRACT_SURFACE,observe|normalize|compute|command|actuate|readback|attribute|measure|compare|restore|seal|reproduce,OPEN_UNTIL_EXECUTED,684
AUDIT-0078,AUDIT,Water Wastewater & Pumping,leak_isolation,ADMITTED_CONTRACT_SURFACE,observe|normalize|compute|command|actuate|readback|attribute|measure|compare|restore|seal|reproduce,OPEN_UNTIL_EXECUTED,685
AUDIT-0079,AUDIT,Water Wastewater & Pumping,water_demand_shed,ADMITTED_CONTRACT_SURFACE,observe|normalize|compute|command|actuate|readback|attribute|measure|compare|restore|seal|reproduce,OPEN_UNTIL_EXECUTED,686
AUDIT-0080,AUDIT,Water Wastewater & Pumping,water_emergency_shutdown,ADMITTED_CONTRACT_SURFACE,observe|normalize|compute|command|actuate|readback|attribute|measure|compare|restore|seal|reproduce,OPEN_UNTIL_EXECUTED,687
AUDIT-0081,AUDIT,Building & Critical Environment HVAC,zone_temperature_target,ADMITTED_CONTRACT_SURFACE,observe|normalize|compute|command|actuate|readback|attribute|measure|compare|restore|seal|reproduce,OPEN_UNTIL_EXECUTED,688
AUDIT-0082,AUDIT,Building & Critical Environment HVAC,zone_airflow,ADMITTED_CONTRACT_SURFACE,observe|normalize|compute|command|actuate|readback|attribute|measure|compare|restore|seal|reproduce,OPEN_UNTIL_EXECUTED,689
AUDIT-0083,AUDIT,Building & Critical Environment HVAC,ahu_fan_speed,ADMITTED_CONTRACT_SURFACE,observe|normalize|compute|command|actuate|readback|attribute|measure|compare|restore|seal|reproduce,OPEN_UNTIL_EXECUTED,690
AUDIT-0084,AUDIT,Building & Critical Environment HVAC,damper_position,ADMITTED_CONTRACT_SURFACE,observe|normalize|compute|command|actuate|readback|attribute|measure|compare|restore|seal|reproduce,OPEN_UNTIL_EXECUTED,691
AUDIT-0085,AUDIT,Building & Critical Environment HVAC,economizer_position,ADMITTED_CONTRACT_SURFACE,observe|normalize|compute|command|actuate|readback|attribute|measure|compare|restore|seal|reproduce,OPEN_UNTIL_EXECUTED,692
AUDIT-0086,AUDIT,Building & Critical Environment HVAC,boiler_setpoint,ADMITTED_CONTRACT_SURFACE,observe|normalize|compute|command|actuate|readback|attribute|measure|compare|restore|seal|reproduce,OPEN_UNTIL_EXECUTED,693
AUDIT-0087,AUDIT,Building & Critical Environment HVAC,heat_pump_mode,ADMITTED_CONTRACT_SURFACE,observe|normalize|compute|command|actuate|readback|attribute|measure|compare|restore|seal|reproduce,OPEN_UNTIL_EXECUTED,694
AUDIT-0088,AUDIT,Building & Critical Environment HVAC,humidity_target,ADMITTED_CONTRACT_SURFACE,observe|normalize|compute|command|actuate|readback|attribute|measure|compare|restore|seal|reproduce,OPEN_UNTIL_EXECUTED,695
AUDIT-0089,AUDIT,Building & Critical Environment HVAC,occupancy_ventilation,ADMITTED_CONTRACT_SURFACE,observe|normalize|compute|command|actuate|readback|attribute|measure|compare|restore|seal|reproduce,OPEN_UNTIL_EXECUTED,696
AUDIT-0090,AUDIT,Building & Critical Environment HVAC,building_demand_limit,ADMITTED_CONTRACT_SURFACE,observe|normalize|compute|command|actuate|readback|attribute|measure|compare|restore|seal|reproduce,OPEN_UNTIL_EXECUTED,697
AUDIT-0091,AUDIT,Building & Critical Environment HVAC,thermal_storage_dispatch,ADMITTED_CONTRACT_SURFACE,observe|normalize|compute|command|actuate|readback|attribute|measure|compare|restore|seal|reproduce,OPEN_UNTIL_EXECUTED,698
AUDIT-0092,AUDIT,Building & Critical Environment HVAC,hvac_emergency_mode,ADMITTED_CONTRACT_SURFACE,observe|normalize|compute|command|actuate|readback|attribute|measure|compare|restore|seal|reproduce,OPEN_UNTIL_EXECUTED,699
