elapsed_seconds,latency_ms,ok
0.1,147.6,1
0.4,205.1,1
0.5,136.8,1
0.7,231.0,1
0.9,195.7,1
6.0,77.2,1
6.1,79.4,1
6.2,72.6,1
6.3,114.2,1
6.3,70.5,1
11.4,94.7,1
11.5,71.4,1
11.6,72.2,1
11.6,70.2,1
11.7,72.1,1
16.8,81.3,1
16.9,82.3,1
17.0,77.4,1
17.0,72.6,1
17.1,70.8,1
22.2,71.7,1
22.3,72.0,1
22.3,71.6,1
22.4,72.2,1
22.5,73.1,1
27.5,73.1,1
27.6,72.9,1
27.7,70.6,1
27.8,73.5,1
27.8,72.2,1
32.9,74.1,1
33.0,70.9,1
33.1,70.4,1
33.1,73.1,1
33.2,87.8,1
38.3,70.9,1
38.4,83.0,1
38.4,68.8,1
38.5,69.2,1
38.6,70.3,1
43.7,73.6,1
43.7,71.3,1
43.8,73.7,1
43.9,72.1,1
44.0,70.4,1
49.0,93.9,1
49.1,86.0,1
49.2,70.1,1
49.3,71.7,1
49.4,83.7,1
54.4,69.8,1
54.5,70.3,1
54.6,71.7,1
54.6,71.5,1
54.7,69.8,1
59.8,75.1,1
59.9,78.2,1
60.0,87.0,1
60.0,72.7,1
60.1,74.9,1
65.2,91.6,1
65.3,70.0,1
65.4,87.4,1
65.4,85.5,1
65.5,70.6,1
70.6,85.9,1
70.7,71.4,1
70.8,74.7,1
70.8,70.8,1
70.9,75.4,1
76.1,152.1,1
76.1,72.5,1
76.2,68.9,1
76.3,70.8,1
76.3,71.9,1
81.4,78.1,1
81.5,74.0,1
81.6,73.8,1
81.7,92.8,1
81.8,89.2,1
86.9,124.8,1
87.0,123.1,1
87.1,72.3,1
87.2,71.6,1
87.2,70.2,1
92.3,83.0,1
92.4,70.9,1
92.5,86.7,1
92.6,123.0,1
92.7,80.1,1
97.8,116.6,1
97.9,92.4,1
98.0,88.0,1
98.1,93.6,1
98.1,71.8,1
103.2,78.7,1
103.3,74.9,1
103.5,221.5,1
103.6,71.8,1
103.7,104.0,1
108.8,73.8,1
108.9,100.0,1
108.9,71.4,1
109.0,79.7,1
109.1,84.1,1
114.2,72.5,1
114.3,72.8,1
114.3,72.9,1
114.4,96.0,1
114.5,71.1,1
119.6,72.3,1
119.7,99.5,1
119.7,72.2,1
119.8,73.4,1
119.9,73.2,1
125.0,75.0,1
125.0,71.3,1
125.1,69.1,1
125.2,70.2,1
125.3,72.7,1
130.3,71.7,1
130.4,72.0,1
130.5,73.0,1
130.5,70.2,1
130.6,71.6,1
135.7,121.1,1
135.9,137.4,1
136.0,73.4,1
136.1,100.0,1
136.2,98.4,1
141.3,119.3,1
141.3,74.5,1
141.4,84.2,1
141.5,73.1,1
141.6,75.8,1
146.7,72.2,1
146.8,94.1,1
146.9,112.8,1
147.0,105.7,1
147.1,79.3,1
152.2,109.3,1
152.2,69.8,1
152.3,76.0,1
152.4,90.0,1
152.5,116.7,1
157.6,106.9,1
157.7,121.5,1
157.8,76.9,1
157.9,100.5,1
158.0,81.5,1
163.1,103.7,1
163.2,70.7,1
163.3,82.7,1
163.3,71.5,1
163.4,73.5,1
168.5,85.4,1
168.6,73.2,1
168.6,69.1,1
168.7,85.3,1
168.8,90.1,1
173.9,77.7,1
174.0,71.6,1
174.0,72.8,1
174.1,70.2,1
174.2,79.7,1
179.3,70.8,1
179.3,71.5,1
179.4,72.2,1
179.5,71.5,1
179.6,72.3,1
184.6,72.3,1
184.7,92.4,1
184.8,72.7,1
184.9,76.0,1
184.9,70.1,1
190.0,81.1,1
190.1,72.6,1
190.2,78.2,1
190.3,109.8,1
190.4,74.1,1
195.4,72.4,1
195.5,87.6,1
195.6,71.8,1
195.7,73.2,1
195.8,90.4,1
200.9,78.5,1
200.9,73.9,1
201.0,72.1,1
201.1,71.6,1
201.1,75.0,1
206.2,74.7,1
206.3,74.6,1
206.4,74.2,1
206.5,118.0,1
206.6,83.1,1
211.7,87.9,1
211.7,72.9,1
211.8,92.5,1
211.9,99.4,1
212.0,71.3,1
217.1,71.4,1
217.2,72.8,1
217.2,83.9,1
217.3,69.8,1
217.4,102.0,1
222.5,72.3,1
222.6,80.2,1
222.6,70.1,1
222.7,70.5,1
222.8,73.5,1
227.9,75.7,1
227.9,83.8,1
228.0,79.6,1
228.1,86.8,1
228.2,78.0,1
233.3,71.5,1
233.3,69.4,1
233.4,80.8,1
233.5,79.4,1
233.6,74.0,1
238.6,71.5,1
238.7,72.3,1
238.8,80.2,1
238.9,92.8,1
239.0,72.5,1
244.0,72.0,1
244.1,79.5,1
244.2,71.7,1
244.3,70.8,1
244.4,98.5,1
249.4,88.3,1
249.5,69.9,1
249.6,74.4,1
249.7,86.9,1
249.8,106.1,1
254.9,72.5,1
254.9,71.3,1
255.0,69.5,1
255.1,82.9,1
255.2,76.5,1
260.2,82.7,1
260.3,69.4,1
260.4,97.0,1
260.5,87.0,1
260.6,69.7,1
265.6,74.3,1
265.7,70.9,1
265.8,76.1,1
265.9,72.9,1
266.0,83.2,1
271.1,114.1,1
271.2,152.6,1
271.3,104.6,1
271.4,99.7,1
271.5,83.5,1
276.6,72.3,1
276.7,125.0,1
276.8,102.1,1
276.9,77.5,1
277.0,73.1,1
282.1,83.6,1
282.2,109.0,1
282.2,70.7,1
282.4,137.3,1
282.5,83.2,1
287.6,126.7,1
287.7,122.5,1
287.8,121.4,1
287.9,109.8,1
288.1,135.0,1
293.1,72.8,1
293.2,70.5,1
293.3,78.6,1
293.4,120.8,1
293.5,75.6,1
298.6,88.7,1
298.7,90.0,1
298.8,116.4,1
298.9,73.9,1
299.0,114.5,1
304.1,115.0,1
304.2,72.3,1
304.2,71.1,1
304.3,81.6,1
304.4,89.2,1
309.5,73.4,1
309.6,72.2,1
309.6,79.0,1
309.7,72.7,1
309.8,90.2,1
314.9,75.3,1
315.0,71.3,1
315.0,73.3,1
315.1,71.1,1
315.2,97.5,1
320.3,126.3,1
320.4,114.3,1
320.5,78.2,1
320.6,74.0,1
320.7,71.5,1
325.8,112.4,1
325.9,109.5,1
326.0,110.5,1
326.1,73.2,1
326.2,70.8,1
331.2,75.6,1
331.3,72.5,1
331.4,73.8,1
331.5,78.5,1
331.6,109.2,1
336.7,109.5,1
336.8,90.4,1
336.8,73.2,1
337.0,121.5,1
337.0,78.3,1
342.2,110.4,1
342.3,107.0,1
342.4,114.9,1
342.5,84.3,1
342.5,76.9,1
347.6,74.1,1
347.7,75.8,1
347.8,75.1,1
347.9,89.5,1
347.9,73.9,1
353.0,88.1,1
353.1,70.5,1
353.2,88.3,1
353.3,87.9,1
353.4,88.8,1
358.4,70.1,1
358.5,72.3,1
358.6,72.9,1
358.7,79.6,1
358.7,75.0,1
363.8,77.3,1
363.9,77.3,1
364.0,74.2,1
364.1,83.9,1
364.2,111.9,1
369.3,88.6,1
369.4,137.7,1
369.5,71.3,1
369.5,74.0,1
369.6,74.6,1
374.7,106.9,1
374.8,74.6,1
374.9,77.7,1
375.0,70.3,1
375.0,70.6,1
380.1,75.0,1
380.2,92.2,1
380.3,72.9,1
380.3,71.9,1
380.4,91.3,1
385.5,98.5,1
385.6,78.3,1
385.7,97.9,1
385.8,105.3,1
385.9,120.2,1
391.0,91.2,1
391.1,71.3,1
391.2,94.9,1
391.3,88.5,1
391.4,73.6,1
396.5,93.4,1
396.5,75.3,1
396.6,88.8,1
396.7,74.4,1
396.8,79.6,1
401.9,74.2,1
401.9,71.4,1
402.0,94.3,1
402.1,85.9,1
402.2,80.0,1
407.3,80.6,1
407.4,114.9,1
407.5,124.4,1
407.6,94.4,1
407.7,115.5,1
412.8,91.8,1
412.9,88.6,1
413.0,121.7,1
413.1,85.2,1
413.2,102.4,1
418.3,72.5,1
418.4,72.4,1
418.4,74.5,1
418.5,107.6,1
418.6,71.1,1
423.7,97.4,1
423.8,110.3,1
423.9,86.0,1
424.0,127.6,1
424.1,89.4,1
429.2,104.7,1
429.4,126.8,1
429.5,101.1,1
429.5,73.6,1
429.6,76.7,1
434.7,77.6,1
434.8,122.8,1
435.0,135.9,1
435.1,122.9,1
435.2,72.3,1
440.2,72.3,1
440.3,106.9,1
440.4,78.7,1
440.5,74.7,1
440.6,71.9,1
445.7,82.9,1
445.7,84.6,1
445.8,76.4,1
445.9,104.5,1
446.0,81.0,1
451.1,124.1,1
451.2,77.8,1
451.3,107.2,1
451.4,103.6,1
451.6,147.6,1
456.7,120.1,1
456.8,96.7,1
456.9,125.9,1
457.0,72.9,1
457.1,144.4,1
462.2,72.6,1
462.4,144.1,1
462.5,127.7,1
462.6,128.9,1
462.7,72.1,1
467.8,88.2,1
467.8,73.1,1
468.0,122.4,1
468.1,90.7,1
468.2,137.4,1
473.3,71.9,1
473.3,71.7,1
473.5,138.4,1
473.6,115.3,1
473.7,98.0,1
478.8,89.4,1
478.9,76.7,1
479.0,125.0,1
479.1,142.2,1
479.2,90.8,1
484.3,85.5,1
484.4,72.3,1
484.5,99.1,1
484.6,86.2,1
484.7,84.3,1
489.7,73.9,1
489.9,133.1,1
490.0,103.6,1
490.1,128.8,1
490.2,111.4,1
495.3,77.1,1
495.4,102.8,1
495.5,89.2,1
495.6,107.1,1
495.7,141.5,1
500.8,77.8,1
500.9,81.1,1
501.0,88.2,1
501.1,118.6,1
501.2,119.2,1
506.3,86.4,1
506.4,71.4,1
506.5,120.0,1
506.6,121.8,1
506.7,84.9,1
511.8,97.5,1
511.9,85.8,1
512.0,93.4,1
512.1,129.3,1
512.2,124.8,1
517.3,99.4,1
517.4,71.2,1
517.5,73.4,1
517.6,118.2,1
517.7,100.5,1
522.8,77.1,1
522.9,110.3,1
523.0,75.0,1
523.1,99.7,1
523.2,128.3,1
528.3,97.2,1
528.4,97.1,1
528.5,81.0,1
528.6,85.4,1
528.7,86.1,1
533.7,73.7,1
533.8,91.9,1
533.9,78.9,1
534.0,72.5,1
534.0,72.2,1
539.1,95.7,1
539.2,83.2,1
539.3,71.4,1
539.4,82.2,1
539.5,77.5,1
544.6,130.4,1
544.7,135.6,1
544.8,105.1,1
545.0,135.2,1
545.1,110.8,1
550.2,71.5,1
550.2,72.9,1
550.4,126.3,1
550.4,87.5,1
550.5,85.0,1
555.7,145.2,1
555.8,136.4,1
556.0,144.0,1
556.1,89.8,1
556.2,135.9,1
561.3,129.2,1
561.4,126.9,1
561.6,114.1,1
561.7,109.9,1
561.8,125.1,1
566.9,116.6,1
567.0,115.7,1
567.2,137.7,1
567.3,92.0,1
567.3,73.1,1
572.4,74.0,1
572.5,83.7,1
572.6,74.9,1
572.7,96.0,1
572.8,118.6,1
577.9,111.3,1
578.0,74.8,1
578.1,70.7,1
578.1,72.0,1
578.2,89.1,1
583.3,82.8,1
583.4,86.1,1
583.5,73.3,1
583.6,100.2,1
583.6,77.2,1
588.7,93.9,1
588.9,119.9,1
589.0,111.8,1
589.1,110.9,1
589.2,133.2,1
594.3,114.2,1
594.4,83.3,1
594.5,90.0,1
594.6,120.9,1
594.7,93.1,1
599.8,90.8,1
599.9,122.4,1
600.0,106.4,1
600.2,115.8,1
600.3,121.8,1
605.4,140.3,1
605.5,74.9,1
605.6,145.8,1
605.7,78.3,1
605.8,118.9,1
611.0,145.4,1
611.1,115.7,1
611.2,83.9,1
611.3,115.5,1
611.4,129.1,1
616.6,147.0,1
616.7,71.3,1
616.8,113.0,1
616.9,101.0,1
617.0,133.3,1
622.1,116.4,1
622.2,77.6,1
622.3,74.6,1
622.4,88.8,1
622.5,83.9,1
627.5,76.9,1
627.6,73.7,1
627.7,95.9,1
627.8,147.2,1
627.9,76.5,1
633.0,76.9,1
633.1,89.1,1
633.2,100.3,1
633.3,130.4,1
633.5,125.3,1
638.6,144.3,1
638.7,77.2,1
638.8,150.4,1
638.9,114.2,1
639.1,146.3,1
644.2,119.8,1
644.3,120.8,1
644.5,127.7,1
644.6,100.2,1
644.7,116.6,1
649.8,86.4,1
649.9,96.7,1
650.0,89.6,1
650.1,116.2,1
650.2,106.5,1
655.3,122.5,1
655.4,110.8,1
655.5,124.5,1
655.7,120.6,1
655.8,115.4,1
660.9,112.4,1
661.0,127.0,1
661.1,83.5,1
661.2,141.5,1
661.3,76.3,1
666.4,70.8,1
666.5,143.5,1
666.7,121.1,1
666.8,112.1,1
666.9,129.0,1
672.0,91.5,1
672.1,71.5,1
672.2,126.2,1
672.3,82.0,1
672.4,71.6,1
677.4,82.6,1
677.6,121.1,1
677.7,118.1,1
677.8,148.9,1
677.9,98.7,1
683.1,140.7,1
683.2,104.1,1
683.3,123.0,1
683.4,91.8,1
683.5,135.2,1
688.7,120.8,1
688.8,135.3,1
688.9,124.8,1
689.0,106.5,1
689.1,73.4,1
694.2,117.4,1
694.3,106.8,1
694.5,146.2,1
694.6,141.1,1
694.7,124.0,1
699.8,83.6,1
699.9,88.6,1
700.0,137.4,1
700.2,127.6,1
700.3,113.1,1
705.4,71.9,1
705.5,105.2,1
705.5,79.1,1
705.6,87.3,1
705.8,131.0,1
710.9,148.7,1
711.1,145.9,1
711.1,79.5,1
711.3,109.7,1
711.3,72.3,1
716.5,138.8,1
716.5,74.1,1
716.7,120.1,1
716.8,109.9,1
716.9,127.8,1
722.1,148.2,1
722.2,129.8,1
722.3,144.2,1
722.5,124.1,1
722.6,191.5,1
727.8,123.3,1
727.9,140.5,1
728.0,121.3,1
728.2,120.0,1
728.3,108.0,1
733.4,141.0,1
733.5,113.3,1
733.7,142.1,1
733.8,140.5,1
734.0,145.7,1
739.1,126.0,1
739.2,150.3,1
739.4,142.0,1
739.5,145.3,1
739.7,141.7,1
744.8,144.9,1
744.9,85.1,1
745.0,110.4,1
745.1,88.5,1
745.2,128.1,1
750.3,118.2,1
750.4,84.1,1
750.6,122.6,1
750.6,82.0,1
750.7,115.0,1
755.9,120.8,1
756.0,90.7,1
756.1,106.7,1
756.2,88.6,1
756.3,115.9,1
761.4,106.7,1
761.5,73.9,1
761.6,109.8,1
761.6,74.8,1
761.8,119.0,1
766.9,150.6,1
767.1,133.2,1
767.2,133.4,1
767.3,72.7,1
767.4,149.4,1
772.5,129.7,1
772.7,125.2,1
772.8,92.3,1
772.9,113.9,1
773.0,94.7,1
778.1,105.6,1
778.2,107.6,1
778.3,74.7,1
778.4,146.4,1
778.5,120.9,1
783.7,121.7,1
783.8,127.6,1
783.9,131.1,1
784.0,113.0,1
784.1,116.1,1
789.3,147.4,1
789.4,104.7,1
789.6,150.2,1
789.6,74.9,1
789.7,85.0,1
794.8,84.8,1
794.9,136.3,1
795.0,93.6,1
795.1,113.8,1
795.3,149.2,1
800.4,112.8,1
800.5,74.7,1
800.6,99.4,1
800.7,98.6,1
800.8,89.0,1
805.9,98.3,1
806.0,98.1,1
806.1,140.3,1
806.2,116.3,1
806.3,107.8,1
811.5,114.5,1
811.6,140.4,1
811.7,123.2,1
811.8,120.7,1
812.0,151.8,1
817.1,124.7,1
817.2,117.9,1
817.3,105.4,1
817.4,85.1,1
817.5,119.3,1
822.6,97.3,1
822.8,110.1,1
822.9,128.7,1
823.0,152.1,1
823.1,77.8,1
828.3,142.2,1
828.4,127.4,1
828.5,132.5,1
828.7,136.6,1
828.8,96.0,1
833.9,139.7,1
834.0,136.9,1
834.2,126.7,1
834.3,115.8,1
834.4,73.5,1
839.5,114.8,1
839.6,145.2,1
839.7,118.7,1
839.9,133.8,1
840.0,108.3,1
845.1,96.4,1
845.2,70.4,1
845.3,109.8,1
845.3,83.5,1
845.4,76.9,1
850.6,130.6,1
850.7,100.6,1
850.8,97.7,1
850.8,73.6,1
851.0,134.2,1
856.1,141.2,1
856.2,119.3,1
856.4,135.6,1
856.5,132.7,1
856.6,119.0,1
861.7,127.6,1
861.9,130.1,1
862.0,123.5,1
862.1,111.4,1
862.2,111.8,1
867.3,83.3,1
867.4,117.6,1
867.5,115.4,1
867.7,122.0,1
867.8,112.8,1
872.9,106.8,1
873.0,100.8,1
873.1,90.0,1
873.2,90.1,1
873.3,148.9,1
878.4,122.2,1
878.6,120.8,1
878.7,116.5,1
878.8,121.1,1
878.9,121.7,1
884.0,102.3,1
884.1,109.4,1
884.2,74.8,1
884.4,141.8,1
884.5,133.2,1
889.6,135.3,1
889.7,100.4,1
889.9,119.1,1
890.0,98.4,1
890.0,71.2,1
895.1,103.4,1
895.2,86.0,1
895.3,94.0,1
895.4,85.7,1
895.5,133.9,1
900.7,120.0,1
900.8,126.2,1
901.0,168.8,1
901.1,142.6,1
901.2,135.1,1
906.3,100.8,1
906.5,123.2,1
906.6,122.1,1
906.7,100.7,1
906.8,118.2,1
911.9,142.5,1
912.1,140.0,1
912.2,72.8,1
912.3,93.6,1
912.4,129.9,1
917.5,146.0,1
917.7,175.1,1
917.9,187.9,1
918.1,208.5,1
918.3,149.5,1
923.4,121.4,1
923.5,106.8,1
923.6,123.0,1
923.7,124.1,1
923.9,125.0,1
929.0,131.5,1
929.1,115.8,1
929.2,127.3,1
929.4,147.2,1
929.5,101.4,1
934.6,97.2,1
934.7,74.8,1
934.7,76.7,1
934.8,98.4,1
934.9,110.7,1
940.0,82.1,1
940.2,130.3,1
940.3,131.3,1
940.4,92.2,1
940.5,134.7,1
945.6,121.3,1
945.8,111.0,1
945.9,112.5,1
946.0,108.1,1
946.1,111.1,1
951.2,138.9,1
951.3,104.4,1
951.5,126.9,1
951.6,136.1,1
951.7,115.1,1
956.9,142.4,1
957.0,103.0,1
957.1,94.2,1
957.2,151.8,1
957.3,90.6,1
962.4,129.1,1
962.6,116.2,1
962.7,136.3,1
962.8,102.6,1
962.9,102.4,1
968.0,111.4,1
968.1,77.9,1
968.2,80.5,1
968.3,111.0,1
968.4,118.8,1
973.5,120.1,1
973.7,137.2,1
973.8,112.3,1
973.9,115.4,1
974.0,129.9,1
979.1,70.9,1
979.2,72.5,1
979.3,93.0,1
979.4,91.8,1
979.5,94.2,1
984.5,73.3,1
984.6,85.4,1
984.7,130.8,1
984.9,136.4,1
985.0,108.0,1
990.1,96.9,1
990.2,113.4,1
990.3,120.3,1
990.4,82.6,1
990.5,139.5,1
995.7,131.4,1
995.8,85.7,1
995.9,146.2,1
996.0,125.2,1
996.2,143.0,1
1001.3,72.9,1
1001.4,119.6,1
1001.5,122.5,1
1001.6,124.0,1
1001.7,92.6,1
1006.8,99.2,1
1007.0,146.0,1
1007.1,100.6,1
1007.2,113.0,1
1007.3,124.2,1
1012.4,105.9,1
1012.5,121.3,1
1012.7,116.2,1
1012.8,98.6,1
1012.9,147.4,1
1018.0,137.2,1
1018.1,100.0,1
1018.2,103.6,1
1018.4,119.9,1
1018.5,113.6,1
1023.6,76.0,1
1023.6,82.7,1
1023.7,76.9,1
1023.8,76.9,1
1023.9,85.6,1
1029.0,82.2,1
1029.1,103.7,1
1029.1,70.9,1
1029.3,145.7,1
1029.4,103.0,1
1034.5,90.8,1
1034.6,113.6,1
1034.7,71.3,1
1034.8,98.7,1
1034.9,87.6,1
1040.0,101.4,1
1040.1,148.2,1
1040.2,99.5,1
1040.4,147.2,1
1040.5,118.9,1
1045.6,95.1,1
1045.7,81.2,1
1045.8,105.4,1
1045.9,140.1,1
1046.0,78.9,1
1051.1,82.0,1
1051.2,143.5,1
1051.3,116.1,1
1051.5,132.2,1
1051.6,122.6,1
1056.7,75.9,1
1056.8,106.1,1
1056.9,115.5,1
1057.0,143.2,1
1057.2,137.9,1
1062.3,105.1,1
1062.4,120.3,1
1062.5,76.3,1
1062.6,95.0,1
1062.7,127.5,1
1067.8,82.7,1
1067.9,84.9,1
1068.0,111.0,1
1068.1,73.4,1
1068.2,101.7,1
1073.3,118.4,1
1073.4,109.9,1
1073.5,72.5,1
1073.5,81.1,1
1073.7,136.0,1
1078.8,89.9,1
1078.8,74.1,1
1079.0,129.6,1
1079.0,75.8,1
1079.1,76.0,1
1084.2,120.8,1
1084.4,108.3,1
1084.5,115.2,1
1084.6,120.3,1
1084.7,100.1,1
1089.8,125.5,1
1090.0,131.8,1
1090.1,123.3,1
1090.2,120.7,1
1090.3,131.1,1
1095.5,149.0,1
1095.6,129.6,1
1095.8,140.6,1
1095.9,153.7,1
1096.1,160.5,1
1101.2,118.7,1
1101.3,111.7,1
1101.4,106.9,1
1101.5,104.8,1
1101.6,110.0,1
1106.8,140.5,1
1106.9,148.3,1
1107.0,121.4,1
1107.2,120.4,1
1107.3,146.9,1
1112.5,150.8,1
1112.5,89.3,1
1112.7,123.9,1
1112.8,102.1,1
1112.9,127.7,1
1118.0,109.4,1
1118.1,106.2,1
1118.2,74.3,1
1118.3,79.2,1
1118.4,77.7,1
1123.4,72.0,1
1123.5,73.8,1
1123.6,76.9,1
1123.7,97.9,1
1123.8,74.3,1
1128.9,173.2,1
1129.1,130.6,1
1129.2,175.5,1
1129.4,113.2,1
1129.5,122.8,1
1134.6,109.5,1
1134.7,138.6,1
1134.9,134.1,1
1135.0,120.1,1
1135.1,118.8,1
1140.2,87.7,1
1140.3,96.1,1
1140.4,105.6,1
1140.5,82.5,1
1140.6,85.9,1
1145.7,110.1,1
1145.8,83.8,1
1145.9,125.5,1
1146.0,76.7,1
1146.1,113.3,1
1151.2,106.5,1
1151.3,120.1,1
1151.4,120.5,1
1151.6,150.4,1
1151.7,122.3,1
1156.8,92.1,1
1156.9,130.3,1
1157.1,128.3,1
1157.2,98.5,1
1157.2,81.7,1
1162.3,72.0,1
1162.4,74.1,1
1162.5,99.6,1
1162.6,147.6,1
1162.7,71.1,1
1167.8,91.6,1
1167.9,114.3,1
1168.0,113.9,1
1168.2,133.5,1
1168.3,117.7,1
1173.4,118.7,1
1173.5,109.4,1
1173.7,138.0,1
1173.8,134.1,1
1173.9,124.5,1
1179.0,106.1,1
1179.1,73.0,1
1179.2,120.6,1
1179.3,119.8,1
1179.4,99.1,1
1184.6,120.2,1
1184.7,145.2,1
1184.9,149.8,1
1185.0,118.8,1
1185.1,127.8,1
1190.2,127.2,1
1190.4,139.0,1
1190.5,142.3,1
1190.7,140.7,1
1190.8,102.3,1
1195.9,131.1,1
1196.0,117.3,1
1196.1,120.2,1
1196.2,120.1,1
1196.4,133.1,1
1201.5,131.5,1
1201.6,82.0,1
1201.7,72.4,1
1201.8,79.2,1
1201.8,96.4,1
1207.0,114.3,1
1207.0,72.7,1
1207.1,100.1,1
1207.2,94.9,1
1207.4,123.6,1
1212.4,72.5,1
1212.5,75.7,1
1212.6,89.7,1
1212.7,76.4,1
1212.8,81.2,1
1217.9,102.4,1
1218.0,141.5,1
1218.1,137.5,1
1218.2,97.7,1
1218.4,123.3,1
1223.5,149.9,1
1223.7,142.9,1
1223.8,143.4,1
1224.0,149.5,1
1224.1,149.8,1
1229.3,142.8,1
1229.4,148.0,1
1229.5,136.9,1
1229.7,143.5,1
1229.8,110.9,1
1234.9,105.1,1
1235.0,118.1,1
1235.1,129.6,1
1235.3,129.6,1
1235.4,116.2,1
1240.5,132.3,1
1240.7,125.3,1
1240.8,131.3,1
1240.9,144.2,1
1241.0,110.4,1
1246.1,97.4,1
1246.2,78.8,1
1246.3,104.4,1
1246.4,73.0,1
1246.5,72.9,1
1251.6,74.4,1
1251.6,74.3,1
1251.8,139.8,1
1251.9,87.5,1
1252.0,99.7,1
1257.1,129.2,1
1257.2,87.8,1
1257.3,138.6,1
1257.4,129.6,1
1257.5,93.7,1
1262.7,122.4,1
1262.8,109.9,1
1262.9,127.6,1
1263.0,119.8,1
1263.1,110.2,1
1268.3,117.7,1
1268.4,147.8,1
1268.5,110.6,1
1268.6,108.3,1
1268.7,73.9,1
1273.8,128.4,1
1273.9,117.2,1
1274.1,155.1,1
1274.2,136.8,1
1274.4,130.4,1
1279.5,101.8,1
1279.6,139.7,1
1279.8,141.8,1
1279.9,130.1,1
1280.0,132.9,1
1285.1,114.8,1
1285.3,126.4,1
1285.4,121.4,1
1285.5,112.2,1
1285.6,105.1,1
1290.7,120.3,1
1290.9,182.4,1
1291.1,146.4,1
1291.2,151.2,1
1291.3,139.9,1
1296.4,77.2,1
1296.5,83.5,1
1296.6,84.6,1
1296.7,131.0,1
1296.8,90.4,1
1301.9,107.0,1
1302.0,99.4,1
1302.2,137.2,1
1302.2,73.3,1
1302.3,98.5,1
1307.5,143.3,1
1307.6,136.0,1
1307.8,142.5,1
1307.8,76.5,1
1308.0,125.3,1
1313.1,130.8,1
1313.2,120.1,1
1313.3,121.6,1
1313.4,99.6,1
1313.6,145.3,1
1318.7,142.4,1
1318.9,127.0,1
1319.0,100.9,1
1319.1,134.9,1
1319.2,91.4,1
1324.3,104.6,1
1324.4,125.4,1
1324.6,149.6,1
1324.7,122.3,1
1324.8,88.6,1
1329.9,100.5,1
1330.0,129.0,1
1330.1,122.8,1
1330.3,120.4,1
1330.4,130.6,1
1335.5,139.5,1
1335.7,126.8,1
1335.7,77.8,1
1335.8,72.8,1
1335.9,76.4,1
1341.0,70.4,1
1341.1,100.2,1
1341.2,99.2,1
1341.2,74.4,1
1341.3,74.0,1
1346.4,124.2,1
1346.6,112.5,1
1346.7,103.5,1
1346.8,146.4,1
1346.9,96.0,1
1352.0,74.9,1
1352.1,114.9,1
1352.2,74.5,1
1352.3,133.0,1
1352.4,92.7,1
1357.5,117.4,1
1357.6,133.3,1
1357.8,114.4,1
1357.9,128.8,1
1358.0,126.7,1
1363.2,148.3,1
1363.3,118.8,1
1363.4,94.5,1
1363.5,115.5,1
1363.6,121.1,1
1368.7,99.9,1
1368.9,150.8,1
1369.0,126.6,1
1369.1,101.8,1
1369.2,114.5,1
1374.3,73.7,1
1374.4,146.6,1
1374.5,96.4,1
1374.7,115.4,1
1374.8,112.8,1
1379.9,151.5,1
1380.0,110.5,1
1380.2,120.1,1
1380.3,135.5,1
1380.4,77.4,1
1385.4,74.2,1
1385.6,132.6,1
1385.7,144.1,1
1385.8,75.1,1
1385.9,119.7,1
1391.0,74.3,1
1391.1,146.4,1
1391.2,88.3,1
1391.4,123.6,1
1391.5,118.0,1
1396.6,120.6,1
1396.7,121.9,1
1396.8,110.6,1
1397.0,135.7,1
1397.1,126.4,1
1402.2,73.9,1
1402.3,84.2,1
1402.4,117.2,1
1402.5,130.1,1
1402.6,117.3,1
1407.8,132.5,1
1407.9,120.6,1
1408.0,140.2,1
1408.1,82.8,1
1408.2,130.6,1
1413.4,126.2,1
1413.4,74.1,1
1413.6,116.8,1
1413.7,123.6,1
1413.8,150.6,1
1419.0,134.4,1
1419.1,118.0,1
1419.2,138.1,1
1419.3,71.3,1
1419.4,95.1,1
1424.5,105.2,1
1424.6,119.7,1
1424.7,96.1,1
1424.8,121.6,1
1425.0,133.6,1
1430.1,111.3,1
1430.2,75.9,1
1430.3,137.0,1
1430.4,81.2,1
1430.5,73.9,1
1435.6,93.0,1
1435.6,75.0,1
1435.7,96.6,1
1435.8,119.7,1
1435.9,105.1,1
1441.0,97.6,1
1441.2,115.1,1
1441.3,139.4,1
1441.4,113.1,1
1441.5,104.1,1
1446.6,105.9,1
1446.8,142.6,1
1446.9,120.5,1
1447.0,131.1,1
1447.1,123.0,1
1452.3,125.4,1
1452.4,127.7,1
1452.5,129.0,1
1452.7,144.5,1
1452.8,140.6,1
1457.9,119.1,1
1458.0,105.3,1
1458.2,144.1,1
1458.3,125.5,1
1458.4,125.3,1
1463.5,99.9,1
1463.7,111.3,1
1463.8,112.3,1
1463.9,133.7,1
1464.0,116.9,1
1469.2,121.1,1
1469.3,132.0,1
1469.4,122.7,1
1469.6,145.9,1
1469.7,146.3,1
1474.8,84.0,1
1474.9,112.2,1
1475.0,85.0,1
1475.1,113.4,1
1475.2,74.4,1
1480.3,92.4,1
1480.4,106.8,1
1480.5,78.9,1
1480.6,96.1,1
1480.7,133.6,1
1485.8,144.1,1
1486.0,140.2,1
1486.2,181.9,1
1486.3,152.5,1
1486.4,129.3,1
1491.6,111.7,1
1491.7,149.2,1
1491.8,98.3,1
1491.9,129.6,1
1492.0,83.3,1
1497.2,148.0,1
1497.3,125.1,1
1497.4,117.3,1
1497.5,90.8,1
1497.6,100.4,1
1502.7,131.8,1
1502.9,125.5,1
1503.0,92.3,1
1503.1,113.8,1
1503.2,142.7,1
1508.3,91.4,1
1508.4,91.3,1
1508.5,118.4,1
1508.6,87.6,1
1508.7,104.7,1
1513.8,109.0,1
1513.9,123.9,1
1514.1,113.9,1
1514.2,116.6,1
1514.3,141.0,1
1519.4,88.7,1
1519.5,80.6,1
1519.6,76.3,1
1519.6,76.2,1
1519.7,78.1,1
1524.9,128.9,1
1525.0,99.2,1
1525.1,104.9,1
1525.2,114.7,1
1525.3,107.0,1
1530.4,119.8,1
1530.5,119.1,1
1530.6,120.9,1
1530.8,117.4,1
1530.9,130.2,1
1536.0,96.8,1
1536.1,79.3,1
1536.2,112.9,1
1536.3,99.8,1
1536.4,145.7,1
1541.5,102.7,1
1541.7,131.5,1
1541.8,79.2,1
1541.9,140.4,1
1542.0,98.2,1
1547.1,114.0,1
1547.2,109.4,1
1547.3,114.4,1
1547.5,125.6,1
1547.6,119.7,1
1552.7,146.4,1
1552.8,114.9,1
1553.0,155.1,1
1553.1,123.2,1
1553.3,132.6,1
1558.4,107.7,1
1558.4,80.1,1
1558.6,147.5,1
1558.7,124.4,1
1558.8,96.2,1
1563.9,94.6,1
1564.0,94.8,1
1564.1,117.1,1
1564.3,142.2,1
1564.4,111.7,1
1569.5,126.5,1
1569.6,72.8,1
1569.7,77.3,1
1569.7,81.5,1
1569.9,114.0,1
1575.0,95.5,1
1575.1,113.6,1
1575.2,128.2,1
1575.3,85.3,1
1575.4,124.6,1
1580.5,73.9,1
1580.6,134.9,1
1580.7,126.6,1
1580.9,133.9,1
1581.0,99.9,1
1586.1,70.1,1
1586.2,95.4,1
1586.2,93.4,1
1586.3,98.6,1
1586.4,106.4,1
1591.5,76.2,1
1591.7,126.9,1
1591.8,146.3,1
1591.9,93.0,1
1592.0,76.8,1
1597.1,92.5,1
1597.2,78.1,1
1597.2,94.2,1
1597.3,80.4,1
1597.5,125.2,1
1602.6,117.5,1
1602.7,126.6,1
1602.8,98.2,1
1602.9,132.6,1
1603.1,147.7,1
1608.2,72.1,1
1608.2,72.7,1
1608.4,130.6,1
1608.5,95.4,1
1608.6,140.1,1
1613.7,94.6,1
1613.8,125.2,1
1613.9,83.7,1
1614.0,135.6,1
1614.1,96.1,1
1619.2,83.3,1
1619.3,88.8,1
1619.4,104.5,1
1619.5,101.7,1
1619.6,85.8,1
1624.8,144.0,1
1624.9,147.0,1
1625.0,109.0,1
1625.1,101.5,1
1625.2,122.5,1
1630.4,122.3,1
1630.5,119.9,1
1630.6,118.3,1
1630.7,147.1,1
1630.9,147.6,1
1636.0,130.2,1
1636.1,118.3,1
1636.2,89.1,1
1636.4,121.6,1
1636.5,124.3,1
1641.6,110.8,1
1641.7,140.2,1
1641.9,145.2,1
1642.0,136.5,1
1642.2,132.1,1
1647.2,74.5,1
1647.4,119.5,1
1647.5,135.6,1
1647.6,129.3,1
1647.8,162.0,1
1652.9,77.1,1
1652.9,72.0,1
1653.0,103.0,1
1653.1,103.3,1
1653.3,133.9,1
1658.3,72.2,1
1658.4,73.0,1
1658.5,74.6,1
1658.6,113.1,1
1658.7,111.2,1
1663.9,156.2,1
1664.0,147.2,1
1664.1,108.7,1
1664.3,132.0,1
1664.4,153.0,1
1669.6,134.9,1
1669.7,102.4,1
1669.8,108.7,1
1669.9,85.2,1
1670.0,154.9,1
1675.1,124.7,1
1675.2,91.5,1
1675.3,110.5,1
1675.5,117.9,1
1675.6,136.8,1
1680.8,161.8,1
1680.9,138.4,1
1681.1,145.7,1
1681.2,154.4,1
1681.4,153.6,1
1686.5,118.5,1
1686.6,127.1,1
1686.7,106.3,1
1686.8,122.5,1
1687.0,146.6,1
1692.1,138.7,1
1692.2,107.6,1
1692.4,140.5,1
1692.5,137.4,1
1692.6,101.0,1
1697.7,77.8,1
1697.8,131.0,1
1697.9,92.4,1
1698.0,92.5,1
1698.1,109.3,1
1703.2,82.9,1
1703.3,73.9,1
1703.4,126.2,1
1703.5,124.8,1
1703.6,85.3,1
1708.7,73.9,1
1708.8,102.5,1
1708.9,82.1,1
1709.0,141.6,1
1709.2,146.4,1
1714.3,83.4,1
1714.4,141.4,1
1714.5,138.5,1
1714.7,129.3,1
1714.8,89.8,1
1719.9,130.8,1
1720.0,123.4,1
1720.1,99.3,1
1720.2,92.8,1
1720.3,127.8,1
1725.4,98.2,1
1725.6,125.3,1
1725.7,136.7,1
1725.9,156.3,1
1726.0,101.9,1
1731.1,119.3,1
1731.2,152.6,1
1731.4,131.5,1
1731.5,157.1,1
1731.6,96.1,1
1736.7,112.5,1
1736.9,139.1,1
1737.0,103.3,1
1737.1,125.0,1
1737.2,104.1,1
1742.3,101.2,1
1742.4,72.4,1
1742.5,81.0,1
1742.6,95.9,1
1742.7,150.9,1
1747.8,99.6,1
1747.9,91.4,1
1748.0,80.6,1
1748.1,102.5,1
1748.2,126.4,1
1753.3,105.9,1
1753.4,111.8,1
1753.5,82.3,1
1753.6,82.0,1
1753.7,74.4,1
1758.8,128.5,1
1758.9,120.5,1
1759.1,142.5,1
1759.1,74.1,1
1759.3,118.9,1
1764.4,109.9,1
1764.5,138.6,1
1764.6,122.5,1
1764.8,147.6,1
1764.9,133.4,1
1770.1,147.1,1
1770.2,139.1,1
1770.3,104.7,1
1770.4,84.3,1
1770.5,124.0,1
1775.7,123.3,1
1775.8,151.0,1
1775.9,120.4,1
1776.1,122.6,1
1776.1,85.1,1
1781.3,136.6,1
1781.4,113.2,1
1781.5,75.3,1
1781.6,145.4,1
1781.7,121.1,1
1786.8,85.4,1
1786.9,100.9,1
1787.0,122.6,1
1787.2,106.8,1
1787.2,91.1,1
1792.3,81.2,1
1792.5,136.0,1
1792.6,86.5,1
1792.6,96.4,1
1792.8,114.5,1
1797.9,120.9,1
1798.0,103.0,1
1798.1,133.2,1
1798.2,115.4,1
1798.4,135.8,1
1803.5,144.8,1
1803.6,113.0,1
1803.8,144.3,1
1803.9,138.7,1
1804.0,109.8,1
1809.1,80.2,1
1809.2,95.8,1
1809.3,123.8,1
1809.4,77.3,1
1809.5,135.1,1
1814.6,96.1,1
1814.8,124.7,1
1814.9,118.6,1
1815.0,148.2,1
1815.2,141.8,1
1820.3,113.0,1
1820.4,109.1,1
1820.5,122.5,1
1820.7,121.2,1
1820.8,107.2,1
1825.9,149.3,1
1826.0,131.7,1
1826.2,157.5,1
1826.4,156.1,1
1826.5,144.7,1
1831.7,147.8,1
1831.8,103.6,1
1831.9,116.1,1
1832.0,102.9,1
1832.1,96.9,1
1837.2,74.9,1
1837.3,114.3,1
1837.3,76.8,1
1837.4,79.1,1
1837.5,77.6,1
1842.6,102.3,1
1842.8,139.9,1
1842.9,109.9,1
1843.0,110.3,1
1843.1,110.6,1
1848.2,78.5,1
1848.3,145.1,1
1848.4,123.0,1
1848.6,121.0,1
1848.7,119.9,1
1853.8,82.4,1
1853.9,134.0,1
1854.0,121.3,1
1854.2,145.9,1
1854.3,131.7,1
1859.4,144.1,1
1859.5,103.0,1
1859.7,150.1,1
1859.8,136.2,1
1860.0,128.2,1
1865.1,114.5,1
1865.2,106.1,1
1865.3,82.4,1
1865.4,135.8,1
1865.5,123.8,1
1870.6,73.8,1
1870.7,96.5,1
1870.8,134.6,1
1871.0,125.1,1
1871.1,150.6,1
1876.2,117.3,1
1876.4,129.7,1
1876.5,96.1,1
1876.6,121.5,1
1876.7,124.4,1
1881.8,98.0,1
1881.9,104.7,1
1882.0,109.6,1
1882.1,78.9,1
1882.2,101.1,1
1887.3,91.6,1
1887.4,145.7,1
1887.5,73.3,1
1887.6,76.5,1
1887.7,74.0,1
1892.8,120.0,1
1892.9,118.6,1
1893.0,118.2,1
1893.1,118.5,1
1893.3,118.9,1
1898.4,109.2,1
1898.5,123.5,1
1898.6,112.4,1
1898.7,130.2,1
1898.8,74.1,1
1903.9,117.1,1
1904.1,131.9,1
1904.2,94.8,1
1904.3,149.1,1
1904.4,100.2,1
1909.5,108.9,1
1909.6,116.6,1
1909.7,82.6,1
1909.9,147.2,1
1910.0,96.6,1
1915.1,95.8,1
1915.2,145.2,1
1915.3,73.1,1
1915.4,72.9,1
1915.5,147.4,1
1920.6,94.8,1
1920.7,131.5,1
1920.9,133.0,1
1921.0,128.8,1
1921.1,80.0,1
1926.2,122.9,1
1926.3,114.2,1
1926.4,111.9,1
1926.5,73.5,1
1926.6,74.5,1
1931.7,117.9,1
1931.8,96.7,1
1931.9,108.4,1
1932.0,127.3,1
1932.2,118.6,1
1937.3,123.1,1
1937.4,121.4,1
1937.5,118.2,1
1937.6,80.3,1
1937.7,100.2,1
1942.9,136.7,1
1942.9,81.3,1
1943.0,95.0,1
1943.1,120.0,1
1943.3,138.0,1
1948.4,147.2,1
1948.5,95.5,1
1948.7,136.9,1
1948.8,124.2,1
1948.9,108.4,1
1954.0,128.5,1
1954.1,111.6,1
1954.3,104.2,1
1954.4,114.6,1
1954.5,107.8,1
1959.6,82.2,1
1959.7,133.2,1
1959.8,119.5,1
1959.9,100.8,1
1960.0,131.0,1
1965.1,77.8,1
1965.3,122.9,1
1965.4,100.1,1
1965.5,147.1,1
1965.6,126.5,1
1970.7,93.2,1
1970.8,125.2,1
1971.0,113.9,1
1971.1,106.2,1
1971.1,76.3,1
1976.3,102.9,1
1976.3,71.9,1
1976.4,71.5,1
1976.5,104.2,1
1976.6,72.1,1
1981.7,102.2,1
1981.8,105.0,1
1981.9,130.0,1
1982.0,79.7,1
1982.1,76.9,1
1987.2,115.0,1
1987.3,83.7,1
1987.4,126.4,1
1987.5,136.1,1
1987.7,136.3,1
1992.8,120.2,1
1992.9,124.5,1
1993.1,145.7,1
1993.2,128.1,1
1993.3,142.1,1
1998.4,82.3,1
1998.6,131.1,1
1998.7,120.8,1
1998.8,121.2,1
1998.9,100.2,1
2004.0,86.4,1
2004.1,114.0,1
2004.2,126.2,1
2004.3,119.1,1
2004.5,123.9,1
2009.6,121.6,1
2009.7,80.9,1
2009.8,81.5,1
2009.9,94.0,1
2010.0,151.5,1
2015.1,86.5,1
2015.2,71.2,1
2015.3,120.6,1
2015.4,70.7,1
2015.5,143.5,1
2020.7,153.8,1
2020.8,162.6,1
2021.0,147.9,1
2021.1,141.7,1
2021.3,148.8,1
2026.4,139.6,1
2026.5,90.5,1
2026.6,88.0,1
2026.7,124.6,1
2026.8,143.9,1
2032.0,112.2,1
2032.1,130.2,1
2032.2,109.8,1
2032.3,104.5,1
2032.4,128.1,1
2037.6,120.9,1
2037.7,153.8,1
2037.9,179.2,1
2038.1,181.2,1
2038.2,148.2,1
2043.4,127.5,1
2043.5,122.8,1
2043.6,104.0,1
2043.7,106.6,1
2043.8,132.1,1
2048.9,120.5,1
2049.1,111.8,1
2049.1,83.9,1
2049.2,97.9,1
2049.4,128.4,1
2054.5,77.7,1
2054.6,125.6,1
2054.7,127.8,1
2054.8,117.9,1
2054.9,108.9,1
2060.0,72.8,1
2060.1,73.5,1
2060.2,123.7,1
2060.3,108.7,1
2060.4,77.4,1
2065.5,136.7,1
2065.7,117.6,1
2065.8,133.8,1
2065.9,95.2,1
2066.0,98.0,1
2071.1,120.2,1
2071.2,73.6,1
2071.3,144.9,1
2071.5,126.6,1
2071.6,146.6,1
2076.7,145.2,1
2076.9,145.4,1
2077.0,152.1,1
2077.2,138.1,1
2077.3,143.8,1
2082.4,71.5,1
2082.5,123.0,1
2082.6,86.5,1
2082.7,120.3,1
2082.9,137.9,1
2088.0,125.6,1
2088.1,142.0,1
2088.2,77.7,1
2088.4,151.0,1
2088.5,93.5,1
2093.6,96.2,1
2093.7,84.3,1
2093.8,108.5,1
2093.9,148.5,1
2094.0,112.9,1
2099.1,106.0,1
2099.2,106.2,1
2099.4,147.2,1
2099.5,119.8,1
2099.6,125.7,1
2104.7,103.8,1
2104.8,73.7,1
2105.0,136.5,1
2105.0,74.8,1
2105.2,127.8,1
2110.3,108.4,1
2110.4,100.2,1
2110.4,72.5,1
2110.5,90.0,1
2110.7,138.4,1
2115.7,75.1,1
2115.9,140.5,1
2116.0,76.1,1
2116.1,107.5,1
2116.2,118.0,1
2121.3,80.9,1
2121.4,75.9,1
2121.5,121.6,1
2121.6,81.0,1
2121.6,87.0,1
2126.8,109.8,1
2126.9,95.9,1
2127.0,141.5,1
2127.1,87.7,1
2127.2,124.9,1
2132.3,73.9,1
2132.4,119.0,1
2132.5,125.3,1
2132.7,123.7,1
2132.8,118.3,1
2137.9,151.0,1
2138.0,120.9,1
2138.2,121.8,1
2138.3,121.7,1
2138.4,146.9,1
2143.6,127.0,1
2143.6,74.7,1
2143.7,102.6,1
2143.9,103.4,1
2144.0,138.3,1
2149.1,85.6,1
2149.2,142.7,1
2149.4,132.5,1
2149.5,100.1,1
2149.6,108.7,1
2154.6,80.9,1
2154.7,81.8,1
2154.8,75.1,1
2154.9,132.3,1
2155.1,136.8,1
2160.2,93.8,1
2160.3,123.2,1
2160.4,138.2,1
2160.6,148.4,1
2160.7,75.2,1
2165.8,122.9,1
2165.9,101.5,1
2166.0,139.4,1
2166.2,135.8,1
2166.3,109.0,1
2171.4,133.3,1
2171.5,137.3,1
2171.7,128.8,1
2171.8,127.4,1
2171.9,142.0,1
2177.1,110.3,1
2177.2,129.3,1
2177.3,121.8,1
2177.5,149.9,1
2177.6,146.6,1
2182.7,129.6,1
2182.9,134.3,1
2183.0,166.4,1
2183.2,126.6,1
2183.3,136.5,1
2188.4,134.5,1
2188.5,84.7,1
2188.6,98.6,1
2188.8,145.5,1
2188.9,135.7,1
2194.0,71.6,1
2194.1,73.6,1
2194.2,123.1,1
2194.3,124.1,1
2194.4,74.2,1
2199.5,146.4,1
2199.7,149.4,1
2199.8,115.3,1
2200.0,159.9,1
2200.1,164.7,1
2205.2,86.5,1
2205.4,141.7,1
2205.4,76.0,1
2205.5,91.5,1
2205.6,119.8,1
2210.8,122.9,1
2210.9,100.4,1
2211.0,120.6,1
2211.1,127.2,1
2211.2,123.8,1
2216.4,157.1,1
2216.6,150.6,1
2216.7,142.1,1
2216.8,109.1,1
2216.9,137.3,1
2222.0,80.5,1
2222.1,103.9,1
2222.2,98.4,1
2222.4,120.4,1
2222.5,123.2,1
2227.6,88.6,1
2227.7,92.9,1
2227.8,121.8,1
2227.9,86.4,1
2228.0,146.9,1
2233.1,121.4,1
2233.3,128.0,1
2233.4,121.1,1
2233.5,132.8,1
2233.6,90.9,1
2238.7,84.8,1
2238.8,78.1,1
2238.9,99.9,1
2239.0,139.6,1
2239.2,137.5,1
2244.3,99.3,1
2244.3,80.2,1
2244.4,73.2,1
2244.5,74.6,1
2244.6,89.1,1
2249.7,106.8,1
2249.8,76.4,1
2249.8,72.1,1
2249.9,98.9,1
2250.0,79.8,1
2255.1,114.4,1
2255.3,140.3,1
2255.4,100.9,1
2255.5,104.5,1
2255.6,106.6,1
2260.7,130.3,1
2260.9,187.5,1
2261.0,132.5,1
2261.2,152.1,1
2261.3,124.7,1
2266.5,141.0,1
2266.6,128.8,1
2266.7,98.6,1
2266.8,84.9,1
2266.9,146.0,1
2272.0,80.4,1
2272.1,85.9,1
2272.2,126.8,1
2272.3,113.2,1
2272.4,101.5,1
2277.5,81.6,1
2277.6,83.8,1
2277.7,98.1,1
2277.9,153.1,1
2278.0,145.4,1
2283.1,104.5,1
2283.2,106.2,1
2283.3,101.5,1
2283.4,101.6,1
2283.5,123.9,1
2288.6,73.9,1
2288.7,80.1,1
2288.8,83.7,1
2288.9,134.1,1
2289.1,136.6,1
2294.2,89.7,1
2294.3,121.1,1
2294.4,98.4,1
2294.4,73.8,1
2294.5,77.8,1
2299.6,105.3,1
2299.7,105.2,1
2299.9,160.9,1
2300.0,96.6,1
2300.1,137.9,1
2305.3,120.3,1
2305.3,71.0,1
2305.4,82.1,1
2305.5,115.9,1
2305.7,137.1,1
2310.8,105.8,1
2310.9,142.9,1
2311.1,139.5,1
2311.2,99.8,1
2311.3,125.1,1
2316.4,125.6,1
2316.5,103.0,1
2316.6,112.7,1
2316.8,136.2,1
2316.9,84.0,1
2322.0,135.4,1
2322.1,111.3,1
2322.3,149.5,1
2322.4,131.1,1
2322.5,126.0,1
2327.6,75.4,1
2327.7,91.2,1
2327.8,125.5,1
2327.9,92.0,1
2328.0,143.4,1
2333.1,90.5,1
2333.2,72.0,1
2333.3,74.5,1
2333.4,73.8,1
2333.4,75.1,1
2338.5,74.7,1
2338.6,90.2,1
2338.7,71.1,1
2338.8,138.6,1
2338.9,124.8,1
2344.1,113.4,1
2344.1,83.9,1
2344.2,101.8,1
2344.3,81.1,1
2344.4,109.4,1
2349.6,131.1,1
2349.6,78.9,1
2349.8,122.2,1
2349.9,84.3,1
2349.9,94.3,1
2355.0,87.2,1
2355.1,104.5,1
2355.3,119.7,1
2355.4,119.7,1
2355.5,122.0,1
2360.6,120.9,1
2360.7,117.5,1
2360.8,76.1,1
2361.0,135.8,1
2361.1,123.4,1
2366.2,134.0,1
2366.3,125.8,1
2366.4,101.1,1
2366.6,129.6,1
2366.7,129.2,1
2371.8,91.4,1
2372.0,147.7,1
2372.0,82.9,1
2372.1,73.8,1
2372.2,72.0,1
2377.3,70.9,1
2377.3,74.7,1
2377.4,72.2,1
2377.6,151.1,1
2377.6,87.7,1
2382.7,93.2,1
2382.8,74.3,1
2382.9,82.1,1
2383.0,71.9,1
2383.1,110.6,1
2388.2,96.6,1
2388.3,115.6,1
2388.4,131.7,1
2388.6,151.5,1
2388.7,110.8,1
2393.8,113.4,1
2394.0,166.9,1
2394.1,157.0,1
2394.3,166.9,1
2394.4,149.1,1
2399.6,138.1,1
2399.7,92.3,1
2399.8,116.1,1
2399.9,135.1,1
2400.0,114.1,1
2405.2,118.9,1
2405.3,138.2,1
2405.4,95.6,1
2405.5,132.3,1
2405.7,132.8,1
2410.8,130.0,1
2410.9,141.3,1
2411.1,135.8,1
2411.2,147.1,1
2411.4,135.1,1
2416.5,105.7,1
2416.6,99.6,1
2416.7,123.5,1
2416.8,80.8,1
2416.9,76.3,1
2421.9,76.3,1
2422.0,100.1,1
2422.1,78.9,1
2422.2,71.4,1
2422.3,81.9,1
2427.4,146.7,1
2427.5,94.3,1
2427.6,75.8,1
2427.7,135.6,1
2427.8,82.6,1
2432.9,120.7,1
2433.1,119.5,1
2433.2,147.4,1
2433.3,131.7,1
2433.5,126.2,1
2438.6,146.5,1
2438.8,148.6,1
2438.9,120.9,1
2439.0,127.3,1
2439.2,149.8,1
2444.3,139.2,1
2444.5,148.1,1
2444.6,127.2,1
2444.7,150.6,1
2444.9,151.6,1
2450.0,90.8,1
2450.1,106.2,1
2450.2,96.3,1
2450.3,108.0,1
2450.4,98.6,1
2455.5,115.3,1
2455.6,121.5,1
2455.7,73.5,1
2455.8,149.6,1
2455.9,91.4,1
2461.1,126.7,1
2461.2,125.1,1
2461.3,138.0,1
2461.4,82.5,1
2461.6,134.1,1
2466.7,129.6,1
2466.8,90.1,1
2466.8,76.1,1
2466.9,97.1,1
2467.0,77.3,1
2472.1,79.4,1
2472.2,102.1,1
2472.3,135.2,1
2472.4,93.8,1
2472.5,82.5,1
2477.7,141.3,1
2477.8,92.2,1
2477.8,84.9,1
2478.0,109.9,1
2478.1,159.0,1
2483.2,117.1,1
2483.4,147.7,1
2483.5,137.7,1
2483.6,86.3,1
2483.7,133.7,1
2488.9,137.7,1
2489.0,118.7,1
2489.1,76.3,1
2489.2,114.2,1
2489.3,117.1,1
2494.4,88.9,1
2494.5,111.5,1
2494.7,137.9,1
2494.8,128.6,1
2494.9,152.8,1
2500.1,135.8,1
2500.2,138.0,1
2500.3,103.8,1
2500.4,111.1,1
2500.6,133.3,1
2505.7,141.8,1
2505.8,127.9,1
2506.0,151.6,1
2506.1,124.6,1
2506.2,104.4,1
2511.3,95.7,1
2511.4,81.7,1
2511.5,109.8,1
2511.6,95.3,1
2511.7,80.3,1
2516.8,106.7,1
2516.9,119.6,1
2517.0,117.7,1
2517.1,110.6,1
2517.2,71.4,1
2522.3,85.9,1
2522.4,111.9,1
2522.5,128.2,1
2522.7,127.9,1
2522.8,138.1,1
2527.9,128.6,1
2528.0,94.4,1
2528.1,109.7,1
2528.3,129.4,1
2528.4,109.1,1
2533.5,92.1,1
2533.6,114.7,1
2533.7,120.5,1
2533.8,93.5,1
2533.9,143.9,1
2539.1,115.8,1
2539.2,134.9,1
2539.3,133.5,1
2539.5,153.2,1
2539.6,109.3,1
2544.7,97.7,1
2544.8,130.5,1
2545.0,147.1,1
2545.1,140.7,1
2545.2,100.6,1
2550.3,115.9,1
2550.5,151.4,1
2550.6,85.3,1
2550.7,138.7,1
2550.8,99.4,1
2555.9,78.7,1
2556.0,145.8,1
2556.2,109.3,1
2556.3,122.9,1
2556.4,145.2,1
2561.6,139.7,1
2561.7,119.8,1
2561.8,116.6,1
2561.9,85.9,1
2562.0,75.1,1
2567.1,153.1,1
2567.3,149.7,1
2567.4,141.0,1
2567.6,142.6,1
2567.7,128.4,1
2572.8,126.7,1
2572.9,124.0,1
2573.1,148.8,1
2573.2,127.0,1
2573.3,120.3,1
2578.4,91.9,1
2578.6,147.8,1
2578.7,121.8,1
2578.8,137.3,1
2578.9,100.3,1
2584.1,117.9,1
2584.2,88.5,1
2584.3,118.1,1
2584.4,142.8,1
2584.6,142.8,1
2589.7,145.5,1
2589.8,125.2,1
2590.0,145.6,1
2590.1,101.4,1
2590.2,108.3,1
2595.3,101.7,1
2595.4,86.6,1
2595.5,87.2,1
2595.6,135.8,1
2595.7,142.3,1
2600.8,88.1,1
2601.0,144.1,1
2601.1,108.8,1
2601.2,106.9,1
2601.3,109.0,1
2606.4,73.4,1
2606.5,75.9,1
2606.6,104.0,1
2606.6,73.5,1
2606.7,74.9,1
2611.8,122.8,1
2612.0,133.6,1
2612.1,125.5,1
2612.2,121.7,1
2612.3,122.0,1
2617.5,145.3,1
2617.6,126.3,1
2617.7,125.9,1
2617.9,151.5,1
2618.0,143.8,1
2623.1,94.6,1
2623.2,112.1,1
2623.4,148.1,1
2623.5,102.1,1
2623.6,109.3,1
2628.7,121.1,1
2628.9,130.0,1
2629.0,96.9,1
2629.1,129.7,1
2629.2,111.3,1
2634.3,136.2,1
2634.5,123.4,1
2634.6,143.7,1
2634.7,129.8,1
2634.9,133.6,1
2640.0,78.3,1
2640.0,89.4,1
2640.2,139.9,1
2640.3,133.3,1
2640.4,113.2,1
2645.6,121.4,1
2645.7,95.0,1
2645.8,110.5,1
2645.9,109.1,1
2646.0,130.1,1
2651.1,104.2,1
2651.2,103.3,1
2651.4,149.5,1
2651.5,111.5,1
2651.6,93.8,1
2656.7,133.3,1
2656.8,83.7,1
2656.9,111.4,1
2657.0,144.4,1
2657.2,156.6,1
2662.3,76.2,1
2662.4,105.2,1
2662.5,102.8,1
2662.6,139.8,1
2662.8,134.8,1
2667.9,132.9,1
2668.0,80.4,1
2668.1,92.4,1
2668.2,101.4,1
2668.3,148.2,1
2673.4,103.6,1
2673.6,131.6,1
2673.7,130.7,1
2673.8,132.0,1
2674.0,131.8,1
2679.1,83.6,1
2679.2,100.4,1
2679.3,137.2,1
2679.4,147.3,1
2679.5,90.2,1
2684.6,86.3,1
2684.7,100.9,1
2684.9,144.1,1
2685.0,110.4,1
2685.1,137.6,1
2690.2,83.3,1
2690.3,105.0,1
2690.4,74.8,1
2690.5,112.5,1
2690.6,101.7,1
2695.7,96.1,1
2695.8,86.3,1
2695.9,93.0,1
2695.9,73.2,1
2696.0,82.4,1
2701.2,139.3,1
2701.3,95.0,1
2701.4,119.8,1
2701.5,129.3,1
2701.6,118.2,1
2706.8,149.2,1
2706.9,120.0,1
2707.0,123.3,1
2707.2,140.9,1
2707.2,72.2,1
2712.4,148.0,1
2712.5,122.2,1
2712.6,111.3,1
2712.8,129.6,1
2712.9,117.2,1
2718.0,134.5,1
2718.2,147.8,1
2718.3,134.6,1
2718.4,138.5,1
2718.6,133.8,1
2723.7,140.9,1
2723.9,143.4,1
2724.0,116.4,1
2724.1,126.1,1
2724.2,121.4,1
2729.3,99.2,1
2729.4,88.8,1
2729.5,128.7,1
2729.7,109.1,1
2729.8,144.0,1
2734.9,141.4,1
2735.1,116.1,1
2735.2,108.0,1
2735.3,118.8,1
2735.4,99.2,1
2740.5,74.5,1
2740.5,80.2,1
2740.6,88.5,1
2740.7,113.0,1
2740.9,130.3,1
2746.0,103.6,1
2746.1,127.7,1
2746.2,112.5,1
2746.3,118.5,1
2746.4,85.0,1
2751.6,123.2,1
2751.7,138.5,1
2751.9,175.6,1
2752.0,153.8,1
2752.2,145.6,1
2757.3,144.1,1
2757.4,112.0,1
2757.6,122.5,1
2757.7,142.7,1
2757.8,121.2,1
2762.9,100.3,1
2763.0,73.9,1
2763.1,124.9,1
2763.2,124.8,1
2763.3,103.7,1
2768.5,127.3,1
2768.6,76.7,1
2768.7,103.9,1
2768.8,98.0,1
2768.9,117.5,1
2774.0,79.9,1
2774.1,98.4,1
2774.2,119.7,1
2774.3,100.4,1
2774.4,109.0,1
2779.5,128.9,1
2779.6,77.6,1
2779.7,125.8,1
2779.9,133.8,1
2780.0,113.8,1
2785.1,90.7,1
2785.2,92.1,1
2785.2,72.5,1
2785.4,138.0,1
2785.4,76.3,1
2790.5,86.8,1
2790.7,153.2,1
2790.8,89.7,1
2790.9,111.9,1
2791.0,147.1,1
2796.2,118.4,1
2796.3,99.0,1
2796.4,143.2,1
2796.5,134.6,1
2796.7,117.9,1
2801.8,124.2,1
2801.9,80.3,1
2802.0,81.7,1
2802.1,152.9,1
2802.2,144.8,1
2807.4,117.6,1
2807.5,129.6,1
2807.6,125.8,1
2807.7,119.5,1
2807.9,142.6,1
2813.0,103.2,1
2813.1,74.6,1
2813.2,114.3,1
2813.3,128.0,1
2813.4,133.7,1
2818.6,103.9,1
2818.6,73.4,1
2818.7,121.5,1
2818.9,119.2,1
2819.0,126.8,1
2824.1,126.1,1
2824.2,110.4,1
2824.3,97.5,1
2824.4,102.9,1
2824.5,73.4,1
2829.7,146.0,1
2829.7,84.5,1
2829.8,77.7,1
2830.0,141.6,1
2830.1,94.3,1
2835.1,73.9,1
2835.2,94.0,1
2835.3,114.6,1
2835.4,102.9,1
2835.6,147.3,1
2840.7,73.8,1
2840.8,129.7,1
2840.9,130.0,1
2841.1,124.6,1
2841.2,107.4,1
2846.3,146.4,1
2846.5,139.0,1
2846.6,129.9,1
2846.7,128.0,1
2846.8,134.1,1
2851.9,79.1,1
2852.0,112.5,1
2852.2,120.7,1
2852.3,122.3,1
2852.4,126.9,1
2857.5,97.4,1
2857.6,119.8,1
2857.8,129.2,1
2857.9,107.0,1
2858.0,119.7,1
2863.1,114.0,1
2863.2,93.3,1
2863.3,128.4,1
2863.4,94.9,1
2863.6,138.9,1
2868.6,71.8,1
2868.7,73.6,1
2868.8,119.5,1
2868.9,80.6,1
2869.1,147.4,1
2874.2,96.9,1
2874.2,81.2,1
2874.4,120.1,1
2874.4,88.3,1
2874.5,73.9,1
2879.6,87.6,1
2879.7,110.1,1
2879.8,99.2,1
2879.9,77.1,1
2880.0,146.7,1
2885.2,126.9,1
2885.3,127.2,1
2885.4,104.1,1
2885.5,119.4,1
2885.7,148.4,1
2890.8,88.2,1
2890.9,156.8,1
2891.0,88.8,1
2891.1,127.9,1
2891.2,94.7,1
2896.3,74.2,1
2896.4,75.5,1
2896.5,126.1,1
2896.7,147.6,1
2896.8,100.3,1
2901.9,82.2,1
2902.0,132.9,1
2902.1,96.4,1
2902.2,104.0,1
2902.3,87.1,1
2907.4,120.1,1
2907.5,105.0,1
2907.6,128.8,1
2907.8,141.0,1
2907.9,122.2,1
2913.0,75.7,1
2913.1,107.3,1
2913.2,149.5,1
2913.3,116.7,1
2913.5,137.8,1
2918.6,110.4,1
2918.7,125.8,1
2918.8,110.6,1
2918.9,89.9,1
2919.0,74.5,1
2924.1,75.4,1
2924.2,100.6,1
2924.3,88.0,1
2924.3,72.4,1
2924.4,77.0,1
2929.6,158.5,1
2929.7,163.8,1
2929.9,167.9,1
2930.1,155.3,1
2930.2,138.6,1
2935.3,101.5,1
2935.4,121.3,1
2935.5,89.2,1
2935.6,108.1,1
2935.8,122.5,1
2940.9,125.9,1
2941.0,109.3,1
2941.1,114.8,1
2941.2,107.1,1
2941.3,105.1,1
2946.5,143.8,1
2946.6,131.0,1
2946.7,139.5,1
2946.9,154.5,1
2947.0,146.9,1
2952.1,74.8,1
2952.2,114.9,1
2952.4,141.3,1
2952.5,101.6,1
2952.6,95.0,1
2957.7,72.7,1
2957.7,78.8,1
2957.8,91.4,1
2957.9,97.4,1
2958.0,75.8,1
2963.1,74.3,1
2963.2,74.8,1
2963.2,85.2,1
2963.3,75.2,1
2963.4,133.3,1
2968.5,90.1,1
2968.6,71.6,1
2968.7,76.3,1
2968.8,105.9,1
2968.9,108.9,1
2974.0,124.0,1
2974.1,103.4,1
2974.3,126.2,1
2974.4,140.8,1
2974.5,88.9,1
2979.6,98.3,1
2979.7,93.9,1
2979.8,90.0,1
2979.9,130.5,1
2980.0,136.5,1
2985.2,121.6,1
2985.3,93.9,1
2985.4,113.9,1
2985.5,102.4,1
2985.6,144.9,1
2990.7,116.1,1
2990.8,93.6,1
2991.0,160.0,1
2991.1,132.8,1
2991.2,114.2,1
2996.4,141.4,1
2996.5,109.8,1
2996.6,74.5,1
2996.7,74.6,1
2996.8,97.1,1
3001.9,111.7,1
3002.0,94.6,1
3002.1,112.6,1
3002.2,141.5,1
3002.3,91.8,1
3007.4,95.8,1
3007.5,76.2,1
3007.6,76.3,1
3007.6,73.4,1
3007.7,111.8,1
3012.9,114.0,1
3013.0,139.5,1
3013.1,142.3,1
3013.2,71.8,1
3013.3,113.8,1
3018.4,87.2,1
3018.5,82.4,1
3018.6,136.5,1
3018.8,141.2,1
3018.9,109.8,1
3024.0,116.7,1
3024.1,104.0,1
3024.3,143.7,1
3024.4,104.8,1
3024.5,115.7,1
3029.6,136.7,1
3029.7,128.9,1
3029.9,146.1,1
3030.0,79.5,1
3030.1,105.9,1
3035.2,147.2,1
3035.4,127.0,1
3035.5,136.7,1
3035.6,127.5,1
3035.7,111.7,1
3040.8,90.4,1
3041.0,127.1,1
3041.1,126.1,1
3041.2,102.8,1
3041.3,143.8,1
3046.4,87.7,1
3046.5,109.9,1
3046.6,79.7,1
3046.7,101.7,1
3046.8,77.3,1
3051.9,128.4,1
3052.0,75.3,1
3052.1,107.1,1
3052.2,113.1,1
3052.3,79.1,1
3057.4,73.6,1
3057.5,71.1,1
3057.5,71.9,1
3057.6,74.8,1
3057.7,127.1,1
3062.9,125.3,1
3063.0,103.1,1
3063.1,144.0,1
3063.2,124.2,1
3063.4,143.9,1
3068.4,74.9,1
3068.5,80.5,1
3068.6,113.8,1
3068.8,144.2,1
3068.9,126.0,1
3074.0,118.2,1
3074.2,137.7,1
3074.3,93.3,1
3074.4,132.1,1
3074.5,128.4,1
3079.7,146.3,1
3079.8,96.2,1
3079.9,147.3,1
3080.0,125.9,1
3080.1,97.1,1
3085.3,136.9,1
3085.4,112.7,1
3085.5,116.4,1
3085.6,85.9,1
3085.7,134.3,1
3090.8,97.4,1
3091.0,157.0,1
3091.1,80.0,1
3091.2,139.5,1
3091.3,107.9,1
3096.4,71.3,1
3096.5,89.9,1
3096.6,140.1,1
3096.7,105.5,1
3096.9,139.2,1
3102.0,85.9,1
3102.0,84.6,1
3102.2,113.7,1
3102.3,95.4,1
3102.4,98.1,1
3107.5,137.7,1
3107.6,81.3,1
3107.7,117.3,1
3107.8,122.1,1
3108.0,135.2,1
3113.0,74.1,1
3113.1,104.3,1
3113.2,93.4,1
3113.4,131.7,1
3113.5,135.6,1
3118.6,109.7,1
3118.7,125.4,1
3118.8,98.7,1
3119.0,150.6,1
3119.1,141.9,1
3124.3,142.8,1
3124.4,125.0,1
3124.5,134.6,1
3124.7,139.6,1
3124.8,125.1,1
3129.9,135.9,1
3130.1,148.4,1
3130.2,100.6,1
3130.3,129.6,1
3130.5,138.4,1
3135.6,121.5,1
3135.7,102.4,1
3135.8,115.1,1
3135.9,90.4,1
3136.0,87.0,1
3141.1,142.5,1
3141.3,132.3,1
3141.4,132.4,1
3141.5,144.2,1
3141.6,98.0,1
3146.7,71.5,1
3146.8,97.7,1
3146.9,137.4,1
3147.1,135.7,1
3147.2,72.8,1
3152.3,120.1,1
3152.4,110.2,1
3152.5,75.2,1
3152.6,116.7,1
3152.7,96.7,1
3157.8,131.4,1
3158.0,149.3,1
3158.1,147.8,1
3158.2,103.4,1
3158.3,120.1,1
3163.4,82.2,1
3163.5,86.6,1
3163.6,104.5,1
3163.7,74.8,1
3163.8,99.4,1
3168.9,100.0,1
3169.0,78.5,1
3169.1,110.8,1
3169.2,144.3,1
3169.4,137.0,1
3174.5,121.8,1
3174.6,157.5,1
3174.8,116.4,1
3174.9,139.6,1
3175.0,96.8,1
3180.1,131.9,1
3180.3,147.5,1
3180.4,101.2,1
3180.5,124.9,1
3180.6,125.2,1
3185.7,93.5,1
3185.9,134.8,1
3186.0,111.5,1
3186.1,70.8,1
3186.1,81.5,1
3191.2,89.2,1
3191.3,91.0,1
3191.5,140.7,1
3191.6,104.9,1
3191.6,80.7,1
3196.7,97.4,1
3196.9,135.4,1
3197.0,113.8,1
3197.1,118.6,1
3197.3,144.2,1
3202.4,148.3,1
3202.5,123.0,1
3202.7,118.5,1
3202.8,141.4,1
3202.9,101.1,1
3208.0,125.7,1
3208.1,85.7,1
3208.2,107.9,1
3208.3,91.0,1
3208.4,119.0,1
3213.5,95.9,1
3213.6,107.7,1
3213.8,143.3,1
3213.9,123.3,1
3214.0,134.8,1
3219.2,122.3,1
3219.3,109.4,1
3219.3,72.5,1
3219.5,121.6,1
3219.6,120.4,1
3224.7,125.2,1
3224.8,93.2,1
3224.9,122.2,1
3225.0,113.6,1
3225.1,71.8,1
3230.2,84.4,1
3230.3,81.4,1
3230.4,107.6,1
3230.5,72.4,1
3230.5,71.8,1
3235.6,90.2,1
3235.7,72.9,1
3235.8,74.8,1
3235.9,140.6,1
3236.0,98.0,1
3241.1,117.1,1
3241.2,77.3,1
3241.4,143.5,1
3241.5,135.1,1
3241.6,95.5,1
3246.7,111.3,1
3246.8,102.7,1
3246.9,110.6,1
3247.0,76.7,1
3247.1,89.7,1
3252.2,143.1,1
3252.4,140.8,1
3252.5,96.0,1
3252.6,129.0,1
3252.7,113.0,1
3257.9,144.1,1
3258.0,126.1,1
3258.1,114.9,1
3258.2,117.3,1
3258.3,119.9,1
3263.5,120.2,1
3263.6,133.5,1
3263.7,121.5,1
3263.9,143.1,1
3264.0,144.9,1
3269.1,81.7,1
3269.2,85.1,1
3269.3,144.8,1
3269.4,105.3,1
3269.5,96.3,1
3274.6,95.0,1
3274.7,96.6,1
3274.8,72.8,1
3274.9,91.2,1
3275.0,89.6,1
3280.1,88.8,1
3280.2,95.5,1
3280.2,72.7,1
3280.3,84.7,1
3280.4,98.6,1
3285.5,91.7,1
3285.6,119.4,1
3285.8,140.0,1
3285.9,134.9,1
3286.0,134.7,1
3291.1,78.2,1
3291.2,75.3,1
3291.3,117.2,1
3291.5,142.7,1
3291.6,119.0,1
3296.7,143.1,1
3296.8,80.9,1
3296.9,114.7,1
3297.0,116.0,1
3297.2,126.2,1
3302.3,138.9,1
3302.5,146.0,1
3302.6,142.0,1
3302.8,154.8,1
3302.9,137.8,1
3308.0,103.8,1
3308.1,93.8,1
3308.2,104.9,1
3308.3,121.2,1
3308.4,122.6,1
3313.6,141.6,1
3313.7,141.1,1
3313.9,146.1,1
3314.0,112.1,1
3314.1,150.0,1
3319.2,92.4,1
3319.4,137.6,1
3319.5,108.7,1
3319.6,100.8,1
3319.7,114.1,1
3324.8,137.2,1
3325.0,114.1,1
3325.1,127.7,1
3325.2,109.5,1
3325.3,120.1,1
3330.5,150.4,1
3330.6,132.9,1
3330.7,117.7,1
3330.9,137.7,1
3331.0,126.4,1
3336.1,125.9,1
3336.2,131.6,1
3336.4,151.7,1
3336.5,76.6,1
3336.6,142.0,1
3341.7,120.2,1
3341.9,116.6,1
3341.9,83.3,1
3342.0,98.8,1
3342.1,104.9,1
3347.3,124.3,1
3347.4,97.1,1
3347.4,76.0,1
3347.6,153.7,1
3347.7,138.7,1
3352.9,120.5,1
3352.9,77.6,1
3353.1,119.4,1
3353.2,120.6,1
3353.3,147.3,1
3358.4,116.6,1
3358.6,134.7,1
3358.7,78.9,1
3358.8,131.4,1
3358.9,128.1,1
3364.0,98.2,1
3364.1,75.0,1
3364.2,100.6,1
3364.3,101.5,1
3364.4,132.9,1
3369.6,141.2,1
3369.7,147.9,1
3369.8,102.5,1
3369.9,100.1,1
3370.1,122.0,1
3375.2,113.7,1
3375.3,83.2,1
3375.3,80.7,1
3375.5,134.9,1
3375.6,106.5,1
3380.7,148.5,1
3380.8,86.0,1
3381.0,151.0,1
3381.1,122.9,1
3381.2,115.5,1
3386.4,146.9,1
3386.5,120.2,1
3386.6,141.7,1
3386.8,145.6,1
3386.9,130.4,1
3392.0,104.7,1
3392.1,102.4,1
3392.2,103.7,1
3392.3,92.6,1
3392.4,143.6,1
3397.6,117.6,1
3397.7,138.9,1
3397.8,122.9,1
3398.0,133.8,1
3398.0,83.3,1
3403.2,124.7,1
3403.3,125.5,1
3403.4,121.0,1
3403.6,127.4,1
3403.7,113.5,1
3408.8,126.7,1
3408.9,108.5,1
3409.0,74.9,1
3409.1,144.7,1
3409.2,102.9,1
3414.3,120.2,1
3414.5,137.0,1
3414.6,88.4,1
3414.7,105.4,1
3414.8,74.7,1
3419.9,131.3,1
3420.0,110.6,1
3420.1,112.4,1
3420.2,113.9,1
3420.3,120.3,1
3425.5,104.9,1
3425.6,122.6,1
3425.7,148.7,1
3425.8,101.2,1
3426.0,129.0,1
3431.0,87.7,1
3431.2,141.5,1
3431.3,77.2,1
3431.4,110.9,1
3431.5,85.5,1
3436.6,114.5,1
3436.7,138.3,1
3436.8,106.5,1
3436.9,114.7,1
3437.1,125.2,1
3442.2,121.6,1
3442.3,123.1,1
3442.4,105.9,1
3442.6,139.8,1
3442.7,134.5,1
3447.8,146.1,1
3448.0,136.5,1
3448.1,115.8,1
3448.2,98.5,1
3448.3,129.1,1
3453.4,107.6,1
3453.5,92.3,1
3453.7,125.7,1
3453.8,130.4,1
3453.9,128.2,1
3459.0,111.4,1
3459.1,71.9,1
3459.2,74.4,1
3459.3,73.2,1
3459.3,94.2,1
3464.4,87.1,1
3464.6,128.2,1
3464.7,91.4,1
3464.8,98.2,1
3464.9,102.7,1
3469.9,78.4,1
3470.1,108.6,1
3470.2,143.7,1
3470.3,124.1,1
3470.4,77.9,1
3475.5,113.0,1
3475.6,119.4,1
3475.8,152.4,1
3475.9,99.1,1
3476.0,103.2,1
3481.1,146.6,1
3481.3,120.5,1
3481.4,125.8,1
3481.5,137.4,1
3481.6,114.2,1
3486.8,128.7,1
3486.9,125.6,1
3487.0,120.1,1
3487.2,134.5,1
3487.3,136.1,1
3492.4,122.0,1
3492.5,130.4,1
3492.7,118.4,1
3492.8,110.2,1
3492.9,152.1,1
3498.1,125.3,1
3498.2,124.3,1
3498.3,128.6,1
3498.5,147.5,1
3498.6,121.4,1
3503.7,96.1,1
3503.8,110.4,1
3503.9,106.0,1
3504.0,72.5,1
3504.1,112.4,1
3509.2,100.1,1
3509.3,87.1,1
3509.3,73.0,1
3509.4,96.8,1
3509.6,125.0,1
3514.7,124.3,1
3514.8,142.9,1
3515.0,132.8,1
3515.1,84.6,1
3515.2,131.5,1
3520.3,124.8,1
3520.4,120.6,1
3520.6,143.0,1
3520.7,121.6,1
3520.8,137.9,1
3526.0,131.3,1
3526.1,126.5,1
3526.2,78.1,1
3526.3,125.2,1
3526.4,126.5,1
3531.5,74.5,1
3531.7,145.0,1
3531.8,124.4,1
3531.9,139.5,1
3532.0,120.2,1
3537.2,121.6,1
3537.3,125.5,1
3537.4,132.2,1
3537.6,144.5,1
3537.7,135.6,1
3542.8,76.0,1
3542.9,119.1,1
3543.0,122.1,1
3543.1,86.0,1
3543.3,143.1,1
3548.3,72.4,1
3548.4,89.2,1
3548.5,90.7,1
3548.7,147.6,1
3548.8,125.4,1
3553.9,93.1,1
3554.0,142.8,1
3554.1,73.7,1
3554.2,118.5,1
3554.3,124.7,1
3559.5,117.7,1
3559.6,148.4,1
3559.7,127.9,1
3559.9,126.9,1
3560.0,150.8,1
3565.2,147.0,1
3565.3,138.3,1
3565.4,115.6,1
3565.5,94.5,1
3565.7,147.7,1
3570.8,94.0,1
3570.9,128.3,1
3571.0,130.3,1
3571.1,117.3,1
3571.3,128.2,1
3576.4,121.1,1
3576.5,119.5,1
3576.6,127.6,1
3576.8,115.6,1
3576.9,123.8,1
3582.0,132.2,1
3582.1,104.8,1
3582.3,129.6,1
3582.4,94.2,1
3582.5,132.8,1
3587.6,74.1,1
3587.6,74.2,1
3587.7,103.1,1
3587.9,135.3,1
3588.0,79.1,1
3593.0,73.4,1
3593.1,70.2,1
3593.2,85.5,1
3593.3,72.6,1
3593.4,95.7,1
3598.4,77.0,1
3598.5,93.8,1
3598.6,115.7,1
3598.7,87.8,1
3598.9,149.4,1
3604.0,133.3,1
3604.1,120.3,1
3604.2,84.2,1
3604.3,122.8,1
3604.5,104.0,1
3609.5,78.3,1
3609.7,147.4,1
3609.8,113.9,1
3609.9,97.9,1
3610.0,147.9,1
3615.2,139.1,1
3615.3,127.6,1
3615.5,144.6,1
3615.6,127.5,1
3615.7,115.7,1
3620.9,170.6,1
3621.0,162.6,1
3621.1,103.2,1
3621.2,94.0,1
3621.3,79.0,1
3626.4,94.3,1
3626.5,129.3,1
3626.7,123.5,1
3626.8,100.2,1
3626.8,80.2,1
3631.9,92.3,1
3632.1,114.6,1
3632.2,109.6,1
3632.3,138.3,1
3632.4,104.3,1
3637.5,97.9,1
3637.6,96.6,1
3637.7,126.9,1
3637.8,76.6,1
3637.9,89.0,1
3643.0,84.4,1
3643.1,144.8,1
3643.3,150.1,1
3643.4,95.1,1
3643.5,119.0,1
3648.6,122.3,1
3648.7,104.2,1
3648.8,118.9,1
3649.0,150.8,1
3649.1,115.7,1
3654.3,148.5,1
3654.4,118.3,1
3654.5,118.1,1
3654.6,87.6,1
3654.7,110.8,1
3659.9,144.9,1
3660.0,162.8,1
3660.2,141.3,1
3660.3,138.7,1
3660.4,141.1,1
3665.6,148.0,1
3665.7,126.8,1
3665.8,116.2,1
3665.9,97.6,1
3666.1,122.0,1
3671.2,120.8,1
3671.3,116.5,1
3671.4,113.4,1
3671.5,91.1,1
3671.6,128.7,1
3676.7,111.1,1
3676.9,148.9,1
3677.0,145.1,1
3677.2,155.0,1
3677.3,111.0,1
3682.4,85.3,1
3682.5,142.1,1
3682.6,101.2,1
3682.7,73.3,1
3682.8,134.6,1
3687.9,83.3,1
3688.1,123.9,1
3688.2,92.8,1
3688.3,110.8,1
3688.4,89.1,1
3693.5,119.1,1
3693.6,116.8,1
3693.7,122.6,1
3693.9,138.9,1
3694.0,147.1,1
3699.1,108.7,1
3699.2,128.1,1
3699.4,130.3,1
3699.5,139.1,1
3699.7,145.6,1
3704.8,120.8,1
3704.9,137.5,1
3705.0,89.1,1
3705.2,144.0,1
3705.3,109.4,1
3710.4,124.1,1
3710.5,114.7,1
3710.6,140.3,1
3710.8,115.2,1
3710.9,137.9,1
3716.0,81.3,1
3716.1,130.3,1
3716.3,139.1,1
3716.3,85.6,1
3716.5,123.4,1
3721.6,82.5,1
3721.7,123.9,1
3721.8,97.8,1
3721.9,104.4,1
3722.0,144.3,1
3727.1,72.4,1
3727.2,114.0,1
3727.3,88.1,1
3727.4,72.0,1
3727.5,89.2,1
3732.5,81.8,1
3732.7,114.5,1
3732.8,119.9,1
3732.9,102.2,1
3733.0,79.8,1
3738.1,117.6,1
3738.2,136.0,1
3738.4,128.5,1
3738.5,108.9,1
3738.6,123.8,1
3743.7,122.7,1
3743.9,154.9,1
3744.0,139.3,1
3744.2,145.4,1
3744.3,122.6,1
3749.4,120.9,1
3749.5,137.2,1
3749.7,116.0,1
3749.8,123.3,1
3749.9,123.6,1
3755.0,120.6,1
3755.2,138.8,1
3755.3,106.4,1
3755.4,87.5,1
3755.5,151.6,1
3760.6,100.7,1
3760.7,128.8,1
3760.9,142.3,1
3761.0,116.0,1
3761.1,120.2,1
3766.2,124.6,1
3766.4,141.6,1
3766.5,145.0,1
3766.7,125.2,1
3766.8,97.0,1
3771.9,90.6,1
3771.9,78.1,1
3772.0,74.0,1
3772.1,112.3,1
3772.2,78.1,1
3777.3,95.1,1
3777.4,119.2,1
3777.5,87.8,1
3777.6,87.4,1
3777.7,101.7,1
3782.8,120.7,1
3782.9,128.7,1
3783.0,73.2,1
3783.1,117.0,1
3783.3,153.7,1
3788.4,92.9,1
3788.5,107.9,1
3788.6,132.2,1
3788.8,158.8,1
3788.9,135.8,1
3794.0,80.2,1
3794.1,104.8,1
3794.2,89.5,1
3794.3,85.8,1
3794.4,85.7,1
3799.5,138.9,1
3799.6,109.9,1
3799.7,120.9,1
3799.9,140.9,1
3800.0,100.8,1
3805.1,146.2,1
3805.3,125.9,1
3805.4,138.2,1
3805.5,137.4,1
3805.7,154.0,1
3810.8,88.5,1
3810.9,99.5,1
3811.0,118.8,1
3811.1,84.4,1
3811.2,140.2,1
3816.3,70.9,1
3816.4,79.9,1
3816.5,101.9,1
3816.6,121.8,1
3816.7,93.5,1
3821.8,79.0,1
3821.9,86.6,1
3822.0,105.8,1
3822.1,125.2,1
3822.2,114.1,1
3827.3,93.7,1
3827.4,111.3,1
3827.5,84.5,1
3827.6,136.6,1
3827.8,118.0,1
3832.8,77.0,1
3833.0,110.5,1
3833.1,98.5,1
3833.2,108.3,1
3833.3,145.4,1
3838.5,145.7,1
3838.6,142.7,1
3838.7,144.5,1
3838.9,137.3,1
3839.0,141.3,1
3844.1,80.4,1
3844.2,118.4,1
3844.3,113.6,1
3844.5,114.5,1
3844.6,128.9,1
3849.7,147.3,1
3849.9,122.3,1
3850.0,156.8,1
3850.2,225.9,1
3850.4,148.7,1
3855.5,123.7,1
3855.7,138.0,1
3855.8,121.7,1
3855.9,130.7,1
3856.0,75.1,1
3861.1,114.8,1
3861.2,125.8,1
3861.4,144.1,1
3861.4,70.4,1
3861.6,121.6,1
3866.7,118.6,1
3866.8,111.7,1
3866.9,89.1,1
3867.0,80.4,1
3867.0,72.9,1
3872.2,128.9,1
3872.3,118.5,1
3872.4,139.0,1
3872.5,97.2,1
3872.6,113.3,1
3877.7,80.6,1
3877.8,102.0,1
3878.0,133.5,1
3878.1,127.8,1
3878.2,128.8,1
3883.3,101.8,1
3883.5,128.2,1
3883.6,98.1,1
3883.6,76.3,1
3883.8,143.0,1
3888.9,106.3,1
3889.0,115.9,1
3889.1,142.8,1
3889.2,93.0,1
3889.3,75.6,1
3894.4,81.5,1
3894.5,98.3,1
3894.6,99.0,1
3894.7,153.3,1
3894.8,89.8,1
3900.0,116.3,1
3900.1,126.0,1
3900.2,125.9,1
3900.3,84.9,1
3900.4,117.6,1
3905.6,134.3,1
3905.6,86.6,1
3905.8,132.9,1
3905.9,143.9,1
3906.0,75.0,1
3911.1,77.1,1
3911.2,128.1,1
3911.3,137.9,1
3911.5,115.3,1
3911.6,133.6,1
3916.7,139.8,1
3916.8,104.0,1
3917.0,134.5,1
3917.1,123.7,1
3917.2,122.1,1
3922.3,118.6,1
3922.4,102.7,1
3922.6,139.9,1
3922.7,113.7,1
3922.8,127.4,1
3927.9,85.4,1
3928.0,76.5,1
3928.1,141.6,1
3928.3,133.5,1
3928.4,113.4,1
3933.5,103.4,1
3933.6,146.6,1
3933.7,112.7,1
3933.8,90.0,1
3934.0,139.1,1
3939.1,75.3,1
3939.1,71.0,1
3939.3,129.5,1
3939.4,130.5,1
3939.5,96.0,1
3944.6,138.2,1
3944.7,82.1,1
3944.8,95.9,1
3944.9,127.2,1
3945.0,115.1,1
3950.1,90.4,1
3950.2,109.1,1
3950.3,80.8,1
3950.4,80.0,1
3950.5,112.9,1
3955.6,121.6,1
3955.7,78.2,1
3955.8,75.5,1
3955.9,132.8,1
3956.0,86.6,1
3961.1,76.4,1
3961.2,119.9,1
3961.3,88.4,1
3961.4,121.6,1
3961.6,140.8,1
3966.7,118.6,1
3966.8,144.0,1
3967.0,114.2,1
3967.1,136.2,1
3967.2,132.2,1
3972.3,115.1,1
3972.5,150.9,1
3972.6,127.2,1
3972.7,128.4,1
3972.9,130.9,1
3978.0,129.9,1
3978.1,121.3,1
3978.3,120.3,1
3978.4,105.2,1
3978.4,81.1,1
3983.5,73.8,1
3983.7,139.9,1
3983.8,112.2,1
3983.9,135.0,1
3984.0,125.9,1
3989.2,116.9,1
3989.3,110.7,1
3989.4,105.7,1
3989.5,134.3,1
3989.6,88.2,1
3994.7,72.1,1
3994.8,145.4,1
3994.9,119.0,1
3995.0,72.8,1
3995.1,93.4,1
4000.2,75.9,1
4000.3,86.4,1
4000.4,105.4,1
4000.4,76.2,1
4000.6,121.9,1
4005.7,122.7,1
4005.8,137.4,1
4005.9,112.6,1
4006.1,111.5,1
4006.2,106.4,1
4011.3,141.7,1
4011.4,94.1,1
4011.5,120.2,1
4011.7,125.9,1
4011.8,114.0,1
4016.9,162.5,1
4017.1,161.9,1
4017.3,159.5,1
4017.4,147.7,1
4017.6,157.5,1
4022.7,104.9,1
4022.8,105.9,1
4022.9,97.7,1
4023.0,156.3,1
4023.2,120.4,1
4028.3,131.0,1
4028.4,126.3,1
4028.5,127.6,1
4028.7,121.1,1
4028.7,81.1,1
4033.9,140.7,1
4034.1,186.7,1
4034.2,142.1,1
4034.4,188.9,1
4034.5,136.2,1
4039.6,73.6,1
4039.7,100.0,1
4039.8,89.4,1
4039.9,77.7,1
4040.0,139.5,1
4045.1,76.8,1
4045.2,103.8,1
4045.3,106.6,1
4045.4,104.2,1
4045.5,103.1,1
4050.6,105.2,1
4050.8,143.5,1
4050.9,93.7,1
4051.0,114.9,1
4051.1,115.1,1
4056.2,119.4,1
4056.3,101.6,1
4056.5,137.0,1
4056.6,130.9,1
4056.7,144.9,1
4061.9,116.8,1
4062.0,144.4,1
4062.2,146.1,1
4062.2,82.0,1
4062.4,138.9,1
4067.5,119.3,1
4067.6,143.7,1
4067.8,128.4,1
4067.9,104.9,1
4068.0,150.0,1
4073.1,75.6,1
4073.2,135.1,1
4073.3,97.5,1
4073.5,146.0,1
4073.6,110.2,1
4078.7,82.3,1
4078.8,82.6,1
4078.9,86.2,1
4079.0,118.2,1
4079.1,133.8,1
4084.2,123.2,1
4084.3,108.1,1
4084.4,70.8,1
4084.5,124.4,1
4084.6,98.8,1
4089.7,99.4,1
4089.9,134.8,1
4089.9,71.8,1
4090.1,171.8,1
4090.2,128.5,1
4095.4,125.5,1
4095.5,142.4,1
4095.7,153.8,1
4095.8,156.2,1
4096.0,136.1,1
4101.1,119.1,1
4101.2,89.7,1
4101.3,109.8,1
4101.4,89.6,1
4101.5,103.7,1
4106.6,115.7,1
4106.7,140.1,1
4106.9,109.2,1
4107.0,129.5,1
4107.1,112.1,1
4112.2,128.9,1
4112.3,116.0,1
4112.4,93.7,1
4112.6,127.3,1
4112.7,115.6,1
4117.8,98.2,1
4117.9,124.3,1
4118.0,105.2,1
4118.1,96.2,1
4118.2,136.1,1
4123.4,131.0,1
4123.5,120.1,1
4123.6,120.1,1
4123.7,110.0,1
4123.9,125.8,1
4129.0,97.6,1
4129.1,113.4,1
4129.2,103.9,1
4129.2,74.1,1
4129.3,73.7,1
4134.4,85.4,1
4134.5,74.7,1
4134.6,107.2,1
4134.7,73.7,1
4134.7,75.0,1
4139.9,118.5,1
4140.0,98.0,1
4140.1,139.6,1
4140.2,133.2,1
4140.4,130.2,1
4145.5,91.5,1
4145.6,119.3,1
4145.7,144.5,1
4145.8,113.8,1
4146.0,138.5,1
4151.1,124.6,1
4151.2,125.8,1
4151.4,135.1,1
4151.5,112.6,1
4151.6,146.7,1
4156.8,129.7,1
4156.9,165.5,1
4157.1,151.4,1
4157.2,149.7,1
4157.4,153.7,1
4162.5,90.2,1
4162.6,130.7,1
4162.7,96.5,1
4162.8,149.2,1
4163.0,146.6,1
4168.1,96.1,1
4168.2,104.3,1
4168.3,116.0,1
4168.4,125.4,1
4168.6,132.0,1
4173.6,74.2,1
4173.8,131.2,1
4173.9,103.9,1
4174.0,71.6,1
4174.1,98.4,1
4179.1,90.1,1
4179.2,72.5,1
4179.4,132.7,1
4179.5,102.5,1
4179.6,143.6,1
4184.7,77.3,1
4184.8,85.4,1
4184.9,89.1,1
4184.9,80.9,1
4185.0,72.8,1
4190.2,144.5,1
4190.3,122.8,1
4190.4,147.2,1
4190.5,79.6,1
4190.6,119.4,1
4195.7,112.9,1
4195.9,144.6,1
4196.0,144.4,1
4196.2,165.4,1
4196.3,125.3,1
4201.5,144.0,1
4201.6,113.3,1
4201.7,94.6,1
4201.8,131.9,1
4201.9,131.0,1
4207.1,108.4,1
4207.2,145.2,1
4207.3,74.5,1
4207.3,71.2,1
4207.4,76.6,1
4212.6,145.9,1
4212.7,148.3,1
4212.9,143.2,1
4213.0,150.0,1
4213.2,145.2,1
4218.3,131.2,1
4218.4,137.1,1
4218.6,147.4,1
4218.7,106.6,1
4218.8,75.5,1
4223.9,98.7,1
4224.0,103.4,1
4224.1,87.6,1
4224.2,128.6,1
4224.3,72.6,1
4229.3,80.6,1
4229.5,107.8,1
4229.6,142.3,1
4229.7,91.1,1
4229.8,100.4,1
4234.9,128.6,1
4235.0,122.3,1
4235.2,125.0,1
4235.3,146.0,1
4235.4,77.8,1
4240.5,119.7,1
4240.6,129.1,1
4240.8,111.6,1
4240.9,124.9,1
4241.0,123.3,1
4246.2,143.1,1
4246.3,142.1,1
4246.4,96.5,1
4246.5,92.7,1
4246.6,139.0,1
4251.7,119.5,1
4251.9,109.2,1
4252.0,120.4,1
4252.1,137.5,1
4252.2,127.3,1
4257.4,121.4,1
4257.5,128.5,1
4257.6,74.2,1
4257.6,77.7,1
4257.8,110.9,1
4262.9,136.1,1
4263.0,107.2,1
4263.1,117.6,1
4263.2,98.4,1
4263.3,105.7,1
4268.4,77.2,1
4268.5,130.0,1
4268.6,72.4,1
4268.7,83.0,1
4268.8,118.6,1
4273.9,113.6,1
4274.0,73.4,1
4274.1,74.3,1
4274.2,79.7,1
4274.3,114.8,1
4279.4,140.0,1
4279.6,162.2,1
4279.7,164.3,1
4279.9,188.6,1
4280.1,162.5,1
4285.2,122.6,1
4285.4,140.1,1
4285.5,145.9,1
4285.6,121.9,1
4285.8,147.0,1
4290.9,127.2,1
4291.0,134.7,1
4291.1,91.0,1
4291.3,147.8,1
4291.4,124.8,1
4296.5,93.6,1
4296.6,128.5,1
4296.8,144.1,1
4296.9,114.8,1
4297.0,96.3,1
4302.1,93.7,1
4302.2,76.0,1
4302.3,102.3,1
4302.4,109.6,1
4302.5,88.3,1
4307.5,71.7,1
4307.6,99.9,1
4307.7,71.6,1
4307.8,120.5,1
4307.9,78.8,1
4313.0,72.3,1
4313.1,73.6,1
4313.2,110.5,1
4313.3,98.0,1
4313.4,86.1,1
4318.4,87.8,1
4318.5,72.7,1
4318.6,72.7,1
4318.7,92.6,1
4318.8,73.0,1
4323.8,75.9,1
4323.9,110.2,1
4324.1,128.1,1
4324.2,112.9,1
4324.3,124.9,1
4329.5,145.8,1
4329.6,84.2,1
4329.7,140.2,1
4329.8,125.2,1
4329.9,128.6,1
4335.0,89.4,1
4335.1,109.3,1
4335.2,71.9,1
4335.3,120.3,1
4335.5,120.1,1
4340.6,97.6,1
4340.7,132.0,1
4340.8,121.1,1
4341.0,194.0,1
4341.2,188.5,1
4346.3,90.4,1
4346.4,133.7,1
4346.5,107.3,1
4346.7,115.6,1
4346.8,109.2,1
4351.9,121.4,1
4352.0,92.0,1
4352.1,84.2,1
4352.2,92.4,1
4352.2,93.1,1
4357.3,77.2,1
4357.4,88.3,1
4357.5,72.5,1
4357.6,128.3,1
4357.7,70.3,1
4362.8,147.6,1
4363.0,123.0,1
4363.0,73.4,1
4363.1,83.4,1
4363.2,100.8,1
4368.3,73.9,1
4368.4,145.3,1
4368.6,114.9,1
4368.7,138.8,1
4368.8,110.4,1
4374.0,144.2,1
4374.1,140.6,1
4374.2,128.2,1
4374.4,185.2,1
4374.6,158.1,1
4379.7,131.4,1
4379.8,122.5,1
4380.0,146.7,1
4380.1,121.2,1
4380.2,115.3,1
4385.3,75.0,1
4385.4,122.2,1
4385.5,124.3,1
4385.7,125.5,1
4385.8,95.3,1
4390.9,128.3,1
4391.0,114.5,1
4391.2,143.3,1
4391.4,215.9,1
4391.5,128.7,1
4396.6,111.9,1
4396.7,115.5,1
4396.9,125.4,1
4397.0,95.8,1
4397.0,94.4,1
4402.1,83.1,1
4402.2,105.1,1
4402.4,120.9,1
4402.5,94.6,1
4402.6,103.5,1
4407.7,122.2,1
4407.8,112.6,1
4407.9,76.5,1
4408.0,116.4,1
4408.1,72.1,1
4413.1,76.3,1
4413.2,104.6,1
4413.3,102.8,1
4413.5,127.7,1
4413.6,92.7,1
4418.7,103.6,1
4418.8,80.5,1
4418.9,93.8,1
4419.0,117.9,1
4419.1,139.1,1
4424.2,94.3,1
4424.3,130.3,1
4424.5,127.0,1
4424.6,89.8,1
4424.7,134.8,1
4429.8,134.1,1
4430.0,130.4,1
4430.1,140.1,1
4430.2,112.2,1
4430.3,79.8,1
4435.4,132.2,1
4435.6,136.8,1
4435.7,96.0,1
4435.8,128.9,1
4435.9,131.7,1
4441.0,103.0,1
4441.1,91.3,1
4441.2,113.3,1
4441.4,143.0,1
4441.5,103.1,1
4446.6,87.5,1
4446.6,72.2,1
4446.8,121.6,1
4446.8,74.3,1
4446.9,84.6,1
4452.0,113.9,1
4452.1,75.2,1
4452.2,121.1,1
4452.4,115.2,1
4452.5,117.9,1
4457.6,147.5,1
4457.8,131.8,1
4457.8,91.0,1
4458.0,131.0,1
4458.1,142.4,1
4463.3,131.4,1
4463.4,128.7,1
4463.5,142.1,1
4463.7,195.5,1
4463.9,156.1,1
4469.0,141.4,1
4469.1,104.6,1
4469.2,114.4,1
4469.4,142.5,1
4469.5,123.9,1
4474.6,76.2,1
4474.7,143.8,1
4474.9,144.3,1
4475.0,124.0,1
4475.1,130.3,1
4480.2,78.8,1
4480.4,140.7,1
4480.5,95.3,1
4480.6,101.8,1
4480.6,75.2,1
4485.8,117.9,1
4485.9,120.0,1
4486.0,100.5,1
4486.1,121.7,1
4486.2,96.5,1
4491.3,85.2,1
4491.4,145.8,1
4491.5,74.2,1
4491.6,76.5,1
4491.7,99.0,1
4496.8,79.3,1
4496.8,75.0,1
4496.9,80.9,1
4497.0,89.1,1
4497.1,75.2,1
4502.2,95.3,1
4502.3,126.0,1
4502.4,87.1,1
4502.5,151.8,1
4502.6,73.8,1
4507.7,120.9,1
4507.9,137.3,1
4508.0,119.0,1
4508.1,104.8,1
4508.2,135.4,1
4513.4,120.2,1
4513.5,117.8,1
4513.6,128.4,1
4513.8,146.0,1
4513.9,149.2,1
4519.0,71.6,1
4519.1,97.3,1
4519.2,126.9,1
4519.3,118.8,1
4519.5,126.9,1
4524.6,124.0,1
4524.7,120.8,1
4524.8,126.5,1
4524.9,112.9,1
4525.1,143.1,1
4530.2,147.5,1
4530.3,90.5,1
4530.4,82.4,1
4530.5,122.1,1
4530.6,96.6,1
4535.7,75.6,1
4535.8,95.0,1
4535.9,98.9,1
4536.0,103.3,1
4536.1,92.5,1
4541.2,74.8,1
4541.3,99.1,1
4541.4,104.4,1
4541.5,112.2,1
4541.6,141.9,1
4546.7,105.4,1
4546.9,118.9,1
4547.0,141.9,1
4547.1,124.0,1
4547.3,146.6,1
4552.4,154.5,1
4552.6,136.1,1
4552.7,151.7,1
4552.9,157.7,1
4553.0,152.6,1
4558.2,119.6,1
4558.3,120.3,1
4558.4,120.3,1
4558.5,73.4,1
4558.6,80.9,1
4563.7,126.9,1
4563.8,81.1,1
4563.9,115.4,1
4564.0,72.2,1
4564.1,147.6,1
4569.2,118.3,1
4569.4,131.1,1
4569.5,165.0,1
4569.7,145.2,1
4569.9,182.7,1
4575.0,149.3,1
4575.1,128.1,1
4575.2,111.4,1
4575.4,132.0,1
4575.5,108.3,1
4580.6,75.0,1
4580.7,98.7,1
4580.7,84.2,1
4580.9,140.2,1
4581.0,78.6,1
4586.1,95.8,1
4586.2,132.5,1
4586.3,139.8,1
4586.5,120.6,1
4586.6,124.2,1
4591.7,123.6,1
4591.8,133.0,1
4592.0,120.8,1
4592.1,125.4,1
4592.2,117.3,1
4597.3,76.1,1
4597.4,116.2,1
4597.5,123.5,1
4597.7,135.7,1
4597.8,98.2,1
4602.9,122.0,1
4603.0,124.7,1
4603.1,87.5,1
4603.2,95.8,1
4603.3,117.9,1
4608.4,111.0,1
4608.6,139.2,1
4608.7,147.1,1
4608.8,91.1,1
4608.9,137.8,1
4614.0,75.8,1
4614.1,102.0,1
4614.3,132.3,1
4614.3,75.0,1
4614.5,148.4,1
4619.6,74.8,1
4619.7,120.5,1
4619.8,115.9,1
4619.9,148.6,1
4620.1,128.4,1
4625.2,71.2,1
4625.2,73.9,1
4625.3,91.5,1
4625.4,96.0,1
4625.5,72.3,1
4630.6,72.5,1
4630.7,122.6,1
4630.8,81.8,1
4630.8,77.4,1
4630.9,76.3,1
4636.1,129.7,1
4636.2,146.6,1
4636.3,133.8,1
4636.4,77.3,1
4636.5,73.2,1
4641.6,131.7,1
4641.7,84.7,1
4641.8,134.4,1
4642.0,125.8,1
4642.1,139.5,1
4647.3,143.6,1
4647.4,135.9,1
4647.5,127.4,1
4647.7,145.9,1
4647.8,137.6,1
4652.9,127.9,1
4653.1,148.2,1
4653.2,73.0,1
4653.3,118.5,1
4653.4,120.9,1
4658.5,140.0,1
4658.7,128.8,1
4658.8,102.1,1
4658.8,74.0,1
4658.9,89.1,1
4664.1,145.5,1
4664.2,147.0,1
4664.3,84.9,1
4664.4,111.9,1
4664.5,121.5,1
4669.7,121.1,1
4669.8,122.9,1
4669.9,89.5,1
4670.0,89.9,1
4670.1,132.0,1
4675.2,121.3,1
4675.3,80.0,1
4675.4,72.8,1
4675.5,95.0,1
4675.6,75.5,1
4680.7,121.4,1
4680.8,137.4,1
4680.9,123.4,1
4681.1,141.0,1
4681.2,136.6,1
4686.4,145.3,1
4686.5,125.2,1
4686.6,108.2,1
4686.7,133.7,1
4686.8,105.8,1
4692.0,106.0,1
4692.1,118.8,1
4692.2,133.1,1
4692.3,99.3,1
4692.4,121.7,1
4697.5,103.1,1
4697.7,147.4,1
4697.8,145.8,1
4697.9,113.4,1
4698.1,128.4,1
4703.2,117.3,1
4703.3,115.3,1
4703.4,86.9,1
4703.5,143.2,1
4703.7,124.2,1
4708.8,109.4,1
4708.9,159.8,1
4709.1,146.1,1
4709.2,146.9,1
4709.3,119.0,1
4714.4,76.2,1
4714.5,72.4,1
4714.6,101.4,1
4714.7,78.8,1
4714.8,130.0,1
4719.9,77.1,1
4720.0,124.9,1
4720.1,106.4,1
4720.2,72.5,1
4720.3,85.5,1
4725.4,84.1,1
4725.5,117.0,1
4725.6,136.6,1
4725.7,89.3,1
4725.8,126.2,1
4731.0,149.0,1
4731.2,166.4,1
4731.3,146.8,1
4731.5,166.1,1
4731.6,137.9,1
4736.7,88.4,1
4736.8,124.4,1
4737.0,146.5,1
4737.1,112.2,1
4737.2,71.5,1
4742.3,122.9,1
4742.4,107.1,1
4742.5,124.5,1
4742.7,137.3,1
4742.8,120.8,1
4747.9,139.7,1
4748.1,140.2,1
4748.2,125.6,1
4748.3,122.9,1
4748.5,161.8,1
4753.5,72.4,1
4753.7,131.9,1
4753.8,144.9,1
4753.9,108.6,1
4754.0,112.0,1
4759.1,73.8,1
4759.2,75.3,1
4759.3,73.1,1
4759.4,87.0,1
4759.5,119.7,1
4764.6,98.5,1
4764.7,91.0,1
4764.8,128.8,1
4764.9,118.5,1
4765.0,93.3,1
4770.1,111.6,1
4770.3,128.6,1
4770.4,128.1,1
4770.5,112.4,1
4770.6,121.9,1
4775.7,88.6,1
4775.9,144.5,1
4776.0,112.6,1
4776.0,73.5,1
4776.2,150.2,1
4781.3,129.1,1
4781.4,123.1,1
4781.6,113.9,1
4781.7,150.3,1
4781.8,129.1,1
4786.9,80.0,1
4787.0,118.8,1
4787.1,73.5,1
4787.2,110.4,1
4787.4,143.4,1
4792.5,133.0,1
4792.6,100.8,1
4792.7,103.7,1
4792.8,99.6,1
4793.0,144.9,1
4798.1,93.1,1
4798.2,131.2,1
4798.3,92.8,1
4798.4,127.2,1
4798.5,125.0,1
4803.7,132.2,1
4803.7,76.7,1
4803.9,126.3,1
4804.0,97.7,1
4804.1,142.4,1
4809.2,100.3,1
4809.3,71.5,1
4809.4,100.2,1
4809.5,70.1,1
4809.6,144.0,1
4814.8,146.8,1
4814.9,122.9,1
4815.0,101.4,1
4815.1,124.6,1
4815.2,129.0,1
4820.3,90.2,1
4820.4,119.3,1
4820.6,132.2,1
4820.7,121.9,1
4820.8,128.6,1
4825.9,100.1,1
4826.0,103.0,1
4826.2,112.9,1
4826.3,125.7,1
4826.4,130.5,1
4831.5,122.1,1
4831.7,152.9,1
4831.8,115.4,1
4831.9,124.7,1
4832.0,111.9,1
4837.2,127.5,1
4837.2,71.3,1
4837.4,117.8,1
4837.5,98.1,1
4837.5,85.9,1
4842.7,144.5,1
4842.8,110.2,1
4843.0,152.2,1
4843.1,109.7,1
4843.2,127.3,1
4848.3,134.8,1
4848.5,142.6,1
4848.6,120.2,1
4848.7,145.8,1
4848.9,139.2,1
4854.0,96.4,1
4854.1,103.4,1
4854.2,73.4,1
4854.3,119.4,1
4854.4,78.0,1
4859.4,73.1,1
4859.5,72.1,1
4859.6,73.6,1
4859.7,89.5,1
4859.7,82.1,1
4864.9,140.2,1
4865.0,103.6,1
4865.1,74.3,1
4865.2,125.7,1
4865.3,119.8,1
4870.4,75.4,1
4870.5,138.1,1
4870.6,111.5,1
4870.8,120.8,1
4870.9,137.4,1
4876.1,148.9,1
4876.2,102.8,1
4876.2,76.3,1
4876.4,145.8,1
4876.5,101.0,1
4881.6,75.0,1
4881.6,79.7,1
4881.8,150.9,1
4881.9,135.9,1
4882.1,134.2,1
4887.2,123.8,1
4887.3,105.0,1
4887.4,127.9,1
4887.5,113.4,1
4887.7,151.2,1
4892.8,79.5,1
4892.9,134.1,1
4893.1,145.1,1
4893.2,110.8,1
4893.3,101.0,1
4898.4,108.7,1
4898.5,111.3,1
4898.6,118.4,1
4898.7,110.1,1
4898.8,96.7,1
4904.0,138.1,1
4904.0,91.2,1
4904.2,135.9,1
4904.2,71.3,1
4904.4,118.3,1
4909.5,106.6,1
4909.6,123.8,1
4909.7,146.6,1
4909.9,134.0,1
4910.0,128.2,1
4915.1,118.2,1
4915.3,127.8,1
4915.4,135.3,1
4915.5,90.0,1
4915.6,113.7,1
4920.7,112.2,1
4920.9,150.5,1
4921.0,90.5,1
4921.1,135.8,1
4921.2,134.0,1
4926.4,134.4,1
4926.5,156.6,1
4926.6,124.5,1
4926.8,137.8,1
4926.9,146.8,1
4932.1,111.4,1
4932.2,128.2,1
4932.3,113.5,1
4932.4,113.8,1
4932.5,106.3,1
4937.6,72.8,1
4937.7,100.9,1
4937.8,72.9,1
4937.8,72.8,1
4937.9,79.5,1
4943.0,131.4,1
4943.2,112.1,1
4943.3,115.1,1
4943.4,108.0,1
4943.5,143.0,1
4948.6,73.3,1
4948.7,109.8,1
4948.8,75.3,1
4948.9,121.5,1
4949.0,85.9,1
4954.1,119.1,1
4954.2,116.5,1
4954.3,73.6,1
4954.4,76.9,1
4954.5,133.5,1
4959.7,148.6,1
4959.8,158.4,1
4960.0,207.2,1
4960.2,131.6,1
4960.3,106.4,1
4965.4,110.2,1
4965.5,122.6,1
4965.6,120.5,1
4965.8,127.2,1
4965.9,90.9,1
4971.0,121.0,1
4971.1,128.1,1
4971.2,129.0,1
4971.4,114.1,1
4971.4,97.7,1
4976.6,106.9,1
4976.7,106.5,1
4976.8,130.8,1
4976.9,114.3,1
4977.0,123.9,1
4982.1,99.3,1
4982.3,143.3,1
4982.4,74.6,1
4982.5,118.4,1
4982.6,95.4,1
4987.7,125.1,1
4987.8,146.4,1
4987.9,89.1,1
4988.1,136.0,1
4988.1,72.0,1
4993.3,146.6,1
4993.4,145.6,1
4993.5,73.2,1
4993.6,117.1,1
4993.7,77.9,1
4998.8,87.4,1
4999.0,150.9,1
4999.1,96.9,1
4999.2,143.8,1
4999.3,148.6,1
5004.4,84.4,1
5004.5,110.4,1
5004.6,103.0,1
5004.8,153.2,1
5004.9,123.4,1
5010.0,74.2,1
5010.1,98.8,1
5010.2,112.8,1
5010.3,85.0,1
5010.4,110.1,1
5015.5,107.3,1
5015.6,122.0,1
5015.7,77.3,1
5015.8,117.2,1
5015.9,109.6,1
5021.1,126.1,1
5021.2,146.6,1
5021.4,147.7,1
5021.5,139.6,1
5021.6,109.0,1
5026.7,74.4,1
5026.8,78.3,1
5026.9,86.0,1
5026.9,90.5,1
5027.0,70.2,1
5032.1,82.6,1
5032.2,100.8,1
5032.3,101.3,1
5032.4,117.8,1
5032.5,73.0,1
5037.6,116.3,1
5037.8,138.4,1
5037.9,121.0,1
5038.0,83.5,1
5038.0,71.0,1
5043.2,119.6,1
5043.2,87.5,1
5043.4,147.3,1
5043.5,72.8,1
5043.6,103.0,1
5048.7,143.6,1
5048.9,147.6,1
5049.0,129.3,1
5049.1,146.7,1
5049.3,125.0,1
5054.4,138.4,1
5054.5,78.7,1
5054.6,139.9,1
5054.8,138.9,1
5054.9,136.7,1
5060.0,119.3,1
5060.2,122.9,1
5060.3,97.8,1
5060.4,111.2,1
5060.5,150.0,1
5065.6,111.3,1
5065.8,144.9,1
5065.9,137.6,1
5066.1,164.2,1
5066.2,134.0,1
5071.3,92.5,1
5071.4,128.2,1
5071.5,101.5,1
5071.7,152.4,1
5071.8,132.5,1
5076.9,77.2,1
5077.0,99.4,1
5077.1,111.3,1
5077.2,118.1,1
5077.3,108.6,1
5082.5,107.4,1
5082.5,78.7,1
5082.6,102.2,1
5082.7,107.1,1
5082.9,122.7,1
5088.0,144.7,1
5088.1,118.8,1
5088.3,118.3,1
5088.4,122.3,1
5088.5,124.2,1
5093.6,127.7,1
5093.8,155.1,1
5093.9,128.0,1
5094.0,103.2,1
5094.1,79.2,1
5099.2,118.0,1
5099.3,112.3,1
5099.5,133.0,1
5099.6,124.0,1
5099.7,74.1,1
5104.8,108.4,1
5104.9,146.8,1
5105.1,144.8,1
5105.2,117.4,1
5105.3,142.9,1
5110.5,129.3,1
5110.6,121.5,1
5110.7,146.6,1
5110.9,126.6,1
5111.0,134.9,1
5116.1,125.0,1
5116.2,111.5,1
5116.4,126.0,1
5116.5,146.6,1
5116.6,114.6,1
5121.7,98.0,1
5121.9,143.5,1
5122.0,109.1,1
5122.1,114.3,1
5122.2,117.0,1
5127.3,72.9,1
5127.4,76.5,1
5127.4,74.0,1
5127.5,72.8,1
5127.6,75.4,1
5132.7,74.5,1
5132.8,119.6,1
5132.9,127.0,1
5133.0,126.1,1
5133.1,95.6,1
5138.3,149.9,1
5138.4,132.9,1
5138.6,135.1,1
5138.7,98.6,1
5138.7,78.6,1
5143.9,142.0,1
5144.0,124.2,1
5144.1,115.0,1
5144.2,106.2,1
5144.3,120.1,1
5149.4,81.1,1
5149.6,127.4,1
5149.7,126.5,1
5149.8,146.6,1
5149.9,102.1,1
5155.1,123.5,1
5155.2,102.1,1
5155.3,144.8,1
5155.4,136.3,1
5155.6,106.1,1
5160.7,125.3,1
5160.8,109.5,1
5160.9,101.9,1
5161.0,129.1,1
5161.2,126.9,1
5166.2,71.3,1
5166.3,82.1,1
5166.4,77.8,1
5166.5,74.6,1
5166.6,136.9,1
5171.7,82.7,1
5171.8,74.7,1
5171.9,107.9,1
5172.0,104.8,1
5172.1,105.4,1
5177.2,74.0,1
5177.2,73.5,1
5177.3,110.2,1
5177.5,120.2,1
5177.6,114.9,1
5182.7,120.4,1
5182.8,109.5,1
5182.9,111.8,1
5183.0,72.0,1
5183.1,122.0,1
5188.2,124.5,1
5188.3,80.9,1
5188.4,95.0,1
5188.5,96.4,1
5188.6,133.9,1
5193.8,121.7,1
5193.9,124.1,1
5194.0,139.9,1
5194.1,78.6,1
5194.2,103.1,1
5199.3,112.0,1
5199.5,145.4,1
5199.6,126.7,1
5199.7,116.6,1
5199.9,126.4,1
5205.0,142.2,1
5205.1,125.2,1
5205.2,121.1,1
5205.4,142.4,1
5205.5,119.7,1
5210.6,110.8,1
5210.7,86.9,1
5210.9,141.2,1
5211.0,124.8,1
5211.1,127.2,1
5216.2,72.1,1
5216.3,115.5,1
5216.4,107.7,1
5216.5,73.7,1
5216.5,73.6,1
5221.7,106.1,1
5221.8,116.2,1
5221.9,118.1,1
5222.0,73.9,1
5222.1,113.7,1
5227.2,136.9,1
5227.4,136.9,1
5227.5,114.2,1
5227.6,108.7,1
5227.7,144.0,1
5232.8,110.2,1
5233.0,145.1,1
5233.1,116.9,1
5233.2,140.3,1
5233.3,80.9,1
5238.4,106.9,1
5238.6,125.7,1
5238.7,106.8,1
5238.8,125.8,1
5238.9,142.7,1
5244.0,82.7,1
5244.1,123.8,1
5244.3,127.6,1
5244.4,112.8,1
5244.5,91.1,1
5249.6,73.6,1
5249.7,149.6,1
5249.9,146.0,1
5250.0,112.4,1
5250.1,126.2,1
5255.2,84.2,1
5255.3,123.0,1
5255.4,129.1,1
5255.5,85.6,1
5255.6,124.7,1
5260.7,75.3,1
5260.9,127.1,1
5260.9,98.7,1
5261.1,111.7,1
5261.1,76.2,1
5266.2,77.1,1
5266.3,79.9,1
5266.4,85.0,1
5266.5,92.3,1
5266.6,118.7,1
5271.7,140.7,1
5271.9,148.7,1
5272.0,95.7,1
5272.1,145.9,1
5272.3,145.1,1
5277.4,81.6,1
5277.5,113.1,1
5277.6,110.1,1
5277.7,83.8,1
5277.8,142.8,1
5282.9,86.7,1
5283.0,127.3,1
5283.2,158.6,1
5283.3,126.8,1
5283.5,161.8,1
5288.6,97.9,1
5288.7,74.6,1
5288.8,101.6,1
5288.8,77.9,1
5289.0,147.8,1
5294.1,84.4,1
5294.1,75.2,1
5294.2,82.3,1
5294.4,121.3,1
5294.5,119.2,1
5299.6,117.9,1
5299.7,114.4,1
5299.8,137.5,1
5300.0,141.5,1
5300.1,105.8,1
5305.2,71.6,1
5305.3,115.0,1
5305.4,71.6,1
5305.5,123.8,1
5305.6,146.1,1
5310.7,84.2,1
5310.8,99.3,1
5311.0,148.6,1
5311.1,117.6,1
5311.2,116.6,1
5316.3,137.0,1
5316.5,152.2,1
5316.6,148.9,1
5316.8,155.9,1
5316.9,154.1,1
5322.1,121.1,1
5322.2,107.7,1
5322.3,102.2,1
5322.4,100.8,1
5322.5,126.1,1
5327.6,88.9,1
5327.7,116.4,1
5327.9,136.2,1
5328.0,118.0,1
5328.1,115.1,1
5333.2,148.1,1
5333.4,156.8,1
5333.5,113.2,1
5333.6,115.2,1
5333.7,121.2,1
5338.9,108.2,1
5339.0,120.3,1
5339.1,144.7,1
5339.2,122.9,1
5339.4,151.8,1
5344.5,87.4,1
5344.6,72.7,1
5344.7,131.2,1
5344.8,121.8,1
5344.9,85.7,1
5350.0,87.9,1
5350.1,91.9,1
5350.2,73.8,1
5350.2,76.4,1
5350.3,74.0,1
5355.4,112.7,1
5355.6,136.1,1
5355.7,102.8,1
5355.8,105.5,1
5355.9,119.8,1
5361.0,103.5,1
5361.1,101.9,1
5361.2,105.8,1
5361.3,140.1,1
5361.5,120.6,1
5366.6,114.9,1
5366.7,86.5,1
5366.8,117.7,1
5366.9,126.2,1
5367.0,118.9,1
5372.2,111.2,1
5372.3,150.1,1
5372.4,79.6,1
5372.5,81.0,1
5372.6,116.4,1
5377.7,132.4,1
5377.8,99.7,1
5377.9,91.0,1
5378.0,136.8,1
5378.2,127.8,1
5383.2,73.3,1
5383.4,137.3,1
5383.5,106.0,1
5383.6,137.3,1
5383.8,154.7,1
5388.9,121.1,1
5389.0,100.4,1
5389.1,73.0,1
5389.2,80.2,1
5389.3,143.6,1
5394.4,89.9,1
5394.5,73.4,1
5394.6,85.0,1
5394.7,131.5,1
5394.8,124.6,1
5399.9,79.2,1
5400.0,72.1,1
5400.1,147.1,1
5400.2,126.6,1
5400.3,101.1,1
5405.5,122.8,1
5405.6,128.1,1
5405.7,134.6,1
5405.9,125.4,1
5406.0,151.1,1
5411.2,141.4,1
5411.3,122.6,1
5411.4,128.2,1
5411.5,121.3,1
5411.7,129.9,1
5416.7,76.2,1
5416.9,146.2,1
5417.0,134.6,1
5417.1,120.1,1
5417.3,143.5,1
5422.4,132.0,1
5422.5,106.4,1
5422.7,123.7,1
5422.8,108.7,1
5422.9,131.9,1
5428.0,147.5,1
5428.1,103.1,1
5428.3,133.7,1
5428.4,78.4,1
5428.5,110.4,1
5433.6,110.5,1
5433.7,90.3,1
5433.8,76.9,1
5433.9,108.6,1
5434.0,97.8,1
5439.1,126.5,1
5439.2,84.0,1
5439.3,125.5,1
5439.4,144.8,1
5439.6,124.4,1
5444.6,71.8,1
5444.8,126.6,1
5444.8,71.4,1
5444.9,78.6,1
5445.0,99.9,1
5450.1,121.3,1
5450.3,119.8,1
5450.4,119.6,1
5450.5,123.5,1
5450.6,116.9,1
5455.8,129.7,1
5455.9,135.3,1
5456.0,141.9,1
5456.1,105.1,1
5456.2,93.4,1
5461.4,131.2,1
5461.5,124.1,1
5461.6,95.3,1
5461.7,108.8,1
5461.9,152.5,1
5467.0,113.9,1
5467.1,151.1,1
5467.2,114.4,1
5467.4,122.1,1
5467.5,121.7,1
5472.6,79.5,1
5472.7,114.9,1
5472.8,128.7,1
5473.0,140.8,1
5473.1,137.9,1
5478.2,124.5,1
5478.3,132.2,1
5478.5,105.8,1
5478.6,153.2,1
5478.7,134.6,1
5483.8,89.8,1
5484.0,125.8,1
5484.0,83.2,1
5484.2,140.9,1
5484.3,109.2,1
5489.4,72.7,1
5489.5,100.4,1
5489.5,74.6,1
5489.6,72.8,1
5489.7,85.1,1
5494.8,113.9,1
5495.0,142.8,1
5495.1,156.2,1
5495.3,139.8,1
5495.4,130.4,1
5500.5,90.4,1
5500.6,140.7,1
5500.8,145.3,1
5500.9,111.4,1
5501.0,101.8,1
5506.1,129.6,1
5506.2,102.7,1
5506.4,128.9,1
5506.5,116.2,1
5506.6,141.2,1
5511.8,140.8,1
5511.9,153.6,1
5512.0,115.6,1
5512.1,99.3,1
5512.3,124.0,1
5517.3,75.3,1
5517.4,86.1,1
5517.6,155.0,1
5517.7,132.5,1
5517.8,126.7,1
5523.0,112.8,1
5523.0,91.9,1
5523.2,143.1,1
5523.3,95.9,1
5523.4,125.5,1
5528.5,98.8,1
5528.6,100.5,1
5528.7,76.9,1
5528.8,148.9,1
5529.0,125.6,1
5534.0,78.2,1
5534.1,75.0,1
5534.3,140.5,1
5534.3,71.0,1
5534.4,78.9,1
5539.6,144.7,1
5539.6,89.3,1
5539.8,139.7,1
5539.9,125.3,1
5540.0,121.5,1
5545.1,100.0,1
5545.3,146.7,1
5545.4,129.6,1
5545.5,92.1,1
5545.6,110.0,1
5550.7,72.1,1
5550.8,78.5,1
5550.9,149.1,1
5551.0,95.0,1
5551.1,79.6,1
5556.2,132.3,1
5556.4,117.4,1
5556.5,150.4,1
5556.6,93.7,1
5556.7,124.9,1
5561.8,95.5,1
5561.9,110.4,1
5562.1,122.2,1
5562.2,105.7,1
5562.2,82.3,1
5567.3,88.8,1
5567.4,76.9,1
5567.5,135.1,1
5567.7,125.9,1
5567.8,116.6,1
5572.9,113.1,1
5573.0,73.3,1
5573.1,138.8,1
5573.2,97.2,1
5573.3,108.8,1
5578.4,71.4,1
5578.5,108.3,1
5578.6,74.9,1
5578.7,71.6,1
5578.7,73.3,1
5583.8,109.2,1
5584.0,139.1,1
5584.1,138.4,1
5584.2,81.5,1
5584.3,85.8,1
5589.4,149.9,1
5589.6,123.6,1
5589.7,137.8,1
5589.8,114.0,1
5589.9,103.4,1
5595.0,89.1,1
5595.1,122.8,1
5595.3,121.0,1
5595.4,119.9,1
5595.5,119.0,1
5600.6,78.9,1
5600.7,140.5,1
5600.8,76.5,1
5600.9,81.9,1
5601.0,112.4,1
5606.1,133.7,1
5606.3,137.3,1
5606.4,124.6,1
5606.5,148.6,1
5606.7,126.7,1
5611.8,146.7,1
5611.9,100.7,1
5612.0,126.2,1
5612.2,128.0,1
5612.3,126.8,1
5617.4,142.1,1
5617.5,74.5,1
5617.7,147.1,1
5617.8,127.4,1
5617.9,132.6,1
5623.0,85.7,1
5623.1,80.0,1
5623.2,75.8,1
5623.2,73.4,1
5623.3,84.1,1
5628.5,133.2,1
5628.6,116.5,1
5628.7,121.3,1
5628.8,111.1,1
5629.0,134.9,1
5634.1,144.9,1
5634.2,124.8,1
5634.3,95.8,1
5634.4,104.1,1
5634.6,121.1,1
5639.7,149.0,1
5639.8,132.2,1
5640.0,117.2,1
5640.1,120.8,1
5640.2,77.1,1
5645.2,74.4,1
5645.4,127.6,1
5645.5,145.5,1
5645.6,91.0,1
5645.7,138.9,1
5650.9,136.4,1
5651.0,140.6,1
5651.2,140.8,1
5651.3,130.5,1
5651.4,122.2,1
5656.5,91.8,1
5656.6,113.0,1
5656.8,137.6,1
5656.9,142.7,1
5657.0,109.8,1
5662.1,86.3,1
5662.2,86.4,1
5662.3,103.1,1
5662.4,117.8,1
5662.5,125.0,1
5667.7,116.1,1
5667.8,121.9,1
5667.9,129.3,1
5668.0,72.4,1
5668.1,102.9,1
5673.2,135.1,1
5673.3,124.9,1
5673.5,164.1,1
5673.7,151.9,1
5673.9,195.2,1
5678.9,76.1,1
5679.0,104.6,1
5679.2,121.3,1
5679.3,115.4,1
5679.4,124.8,1
5684.5,97.4,1
5684.6,144.8,1
5684.8,145.4,1
5684.9,112.9,1
5685.0,99.5,1
5690.1,123.6,1
5690.3,141.3,1
5690.4,150.2,1
5690.6,139.4,1
5690.7,133.0,1
5695.8,120.8,1
5695.9,90.8,1
5696.0,127.6,1
5696.2,116.6,1
5696.3,107.8,1
5701.3,75.8,1
5701.5,144.7,1
5701.6,147.2,1
5701.8,147.8,1
5701.9,146.7,1
5707.1,132.0,1
5707.2,85.8,1
5707.3,103.1,1
5707.4,104.4,1
5707.5,100.4,1
5712.6,93.6,1
5712.7,101.8,1
5712.7,74.3,1
5712.8,95.4,1
5713.0,119.1,1
5718.1,127.8,1
5718.2,120.3,1
5718.3,75.3,1
5718.4,91.9,1
5718.5,130.1,1
5723.7,148.6,1
5723.8,133.0,1
5723.9,156.3,1
5724.1,110.3,1
5724.2,148.5,1
5729.3,85.4,1
5729.4,91.1,1
5729.5,137.8,1
5729.7,151.1,1
5729.8,105.5,1
5734.9,117.1,1
5735.0,100.0,1
5735.1,74.2,1
5735.2,119.8,1
5735.3,98.3,1
5740.4,104.5,1
5740.5,102.2,1
5740.6,76.6,1
5740.7,78.0,1
5740.8,144.9,1
5745.9,142.6,1
5746.1,138.6,1
5746.2,105.7,1
5746.3,144.3,1
5746.5,121.8,1
5751.5,77.4,1
5751.6,72.9,1
5751.8,145.2,1
5751.8,89.4,1
5752.0,141.3,1
5757.1,72.7,1
5757.1,72.9,1
5757.2,71.7,1
5757.3,113.3,1
5757.5,135.3,1
5762.6,129.0,1
5762.7,106.9,1
5762.8,116.7,1
5762.9,103.5,1
5763.0,121.5,1
5768.1,90.7,1
5768.3,134.5,1
5768.4,136.7,1
5768.5,121.8,1
5768.7,128.1,1
5773.7,86.8,1
5773.8,89.4,1
5774.0,130.6,1
5774.1,115.7,1
5774.2,145.4,1
5779.3,119.5,1
5779.5,108.7,1
5779.6,103.4,1
5779.7,111.8,1
5779.8,132.1,1
5784.9,132.1,1
5785.1,122.3,1
5785.2,120.4,1
5785.3,141.4,1
5785.4,122.8,1
5790.6,119.4,1
5790.7,130.0,1
5790.8,131.1,1
5791.0,146.0,1
5791.1,93.2,1
5796.2,140.6,1
5796.3,113.6,1
5796.4,91.5,1
5796.5,70.4,1
5796.6,113.2,1
5801.7,121.5,1
5801.9,143.6,1
5802.0,105.6,1
5802.1,72.2,1
5802.1,87.5,1
5807.3,112.0,1
5807.4,127.2,1
5807.5,131.4,1
5807.6,80.4,1
5807.7,128.0,1
5812.9,135.2,1
5813.0,121.4,1
5813.1,122.1,1
5813.2,110.0,1
5813.3,108.3,1
5818.4,87.9,1
5818.5,80.5,1
5818.6,73.6,1
5818.7,120.7,1
5818.8,154.3,1
5823.9,85.2,1
5824.1,131.2,1
5824.2,140.1,1
5824.4,141.0,1
5824.5,144.2,1
5829.6,76.6,1
5829.7,120.8,1
5829.8,88.8,1
5829.9,113.9,1
5830.1,152.7,1
5835.2,134.1,1
5835.3,135.6,1
5835.5,130.6,1
5835.6,147.8,1
5835.8,157.5,1
5840.8,74.8,1
5841.0,111.1,1
5841.0,78.4,1
5841.1,77.5,1
5841.2,77.3,1
5846.3,71.5,1
5846.3,72.7,1
5846.4,84.6,1
5846.5,79.8,1
5846.6,117.8,1
5851.8,132.3,1
5851.9,150.8,1
5852.1,148.7,1
5852.2,152.7,1
5852.4,149.2,1
5857.5,125.3,1
5857.6,136.2,1
5857.7,122.5,1
5857.9,121.0,1
5858.0,129.3,1
5863.1,79.6,1
5863.2,133.7,1
5863.3,122.9,1
5863.5,128.1,1
5863.6,143.9,1
5868.7,129.4,1
5868.9,170.4,1
5869.1,141.6,1
5869.2,134.4,1
5869.3,134.8,1
5874.4,77.1,1
5874.5,98.5,1
5874.6,99.6,1
5874.7,128.2,1
5874.8,120.1,1
5879.9,83.0,1
5880.1,140.7,1
5880.2,91.2,1
5880.3,120.0,1
5880.4,133.6,1
5885.5,74.4,1
5885.6,138.9,1
5885.8,141.7,1
5885.9,99.4,1
5886.0,74.7,1
5891.0,70.4,1
5891.2,139.0,1
5891.3,114.8,1
5891.4,107.1,1
5891.5,125.0,1
5896.7,134.6,1
5896.8,147.7,1
5896.9,141.6,1
5897.1,120.1,1
5897.2,125.8,1
5902.3,99.6,1
5902.4,104.8,1
5902.5,124.7,1
5902.6,119.7,1
5902.8,132.6,1
5907.9,121.4,1
5908.0,142.5,1
5908.2,105.2,1
5908.3,120.0,1
5908.4,149.6,1
5913.6,135.4,1
5913.7,141.9,1
5913.8,116.2,1
5914.0,146.3,1
5914.1,115.3,1
5919.2,118.2,1
5919.3,71.1,1
5919.4,137.1,1
5919.6,154.3,1
5919.7,126.3,1
5924.8,139.2,1
5924.9,106.7,1
5925.1,118.1,1
5925.2,109.7,1
5925.3,124.0,1
5930.4,75.3,1
5930.4,71.9,1
5930.5,73.5,1
5930.6,103.5,1
5930.7,86.7,1
5935.8,80.5,1
5935.9,85.6,1
5936.0,122.9,1
5936.1,81.5,1
5936.2,86.6,1
5941.3,87.3,1
5941.4,140.8,1
5941.5,126.5,1
5941.7,132.2,1
5941.8,129.5,1
5946.9,105.8,1
5947.0,144.9,1
5947.1,87.0,1
5947.2,99.2,1
5947.4,138.8,1
5952.5,109.3,1
5952.6,122.2,1
5952.7,129.8,1
5952.9,126.1,1
5953.0,148.0,1
5958.1,121.7,1
5958.3,122.7,1
5958.3,79.8,1
5958.4,108.2,1
5958.6,139.7,1
5963.7,124.9,1
5963.8,96.5,1
5963.9,134.0,1
5964.1,109.2,1
5964.2,122.6,1
5969.3,135.1,1
5969.4,90.2,1
5969.5,125.9,1
5969.6,102.1,1
5969.7,87.9,1
5974.8,101.4,1
5974.9,112.3,1
5975.1,117.1,1
5975.2,132.6,1
5975.3,72.2,1
5980.4,91.4,1
5980.5,142.1,1
5980.6,93.6,1
5980.7,97.5,1
5980.8,103.7,1
5985.9,116.9,1
5986.0,123.5,1
5986.2,124.4,1
5986.3,113.9,1
5986.4,147.6,1
5991.6,142.6,1
5991.7,118.8,1
5991.9,153.1,1
5992.0,117.8,1
5992.1,144.4,1
5997.2,132.2,1
5997.4,127.5,1
5997.5,122.4,1
5997.6,145.7,1
5997.8,149.7,1
6002.9,94.9,1
6003.0,91.2,1
6003.1,132.4,1
6003.3,150.2,1
6003.4,145.9,1
6008.5,79.8,1
6008.6,75.5,1
6008.7,128.9,1
6008.8,99.3,1
6008.9,137.9,1
6014.1,156.5,1
6014.3,153.3,1
6014.4,187.0,1
6014.6,152.0,1
6014.7,145.0,1
6019.9,129.8,1
6020.0,90.3,1
6020.1,101.0,1
6020.2,107.6,1
6020.3,103.9,1
6025.4,74.3,1
6025.4,82.5,1
6025.5,70.8,1
6025.6,76.2,1
6025.7,87.1,1
6030.8,130.8,1
6031.0,159.2,1
6031.1,136.6,1
6031.2,125.0,1
6031.4,154.2,1
6036.5,103.3,1
6036.6,153.4,1
6036.7,91.5,1
6036.8,98.6,1
6037.0,122.3,1
6042.1,101.4,1
6042.2,120.1,1
6042.3,117.8,1
6042.4,112.0,1
6042.5,132.4,1
6047.7,124.1,1
6047.8,137.4,1
6048.0,162.9,1
6048.1,142.0,1
6048.2,122.5,1
6053.4,133.5,1
6053.5,137.4,1
6053.6,110.8,1
6053.7,95.7,1
6053.9,150.9,1
6059.0,111.5,1
6059.1,142.2,1
6059.2,122.2,1
6059.3,72.9,1
6059.4,110.1,1
6064.5,97.4,1
6064.6,83.5,1
6064.7,75.4,1
6064.8,84.0,1
6064.9,119.2,1
6070.0,78.4,1
6070.1,102.0,1
6070.2,88.0,1
6070.3,94.7,1
6070.4,115.5,1
6075.5,112.8,1
6075.6,116.4,1
6075.7,84.3,1
6075.8,133.2,1
6075.9,97.4,1
6081.1,132.7,1
6081.2,87.7,1
6081.3,139.3,1
6081.4,147.0,1
6081.6,147.8,1
6086.7,88.6,1
6086.8,120.6,1
6086.9,102.9,1
6087.0,144.0,1
6087.1,72.9,1
6092.2,119.4,1
6092.3,93.4,1
6092.4,85.2,1
6092.6,134.5,1
6092.7,154.1,1
6097.9,162.2,1
6098.0,149.7,1
6098.2,127.3,1
6098.3,108.8,1
6098.4,88.2,1
6103.5,90.7,1
6103.6,136.1,1
6103.7,104.5,1
6103.8,124.1,1
6104.0,159.2,1
6109.1,83.0,1
6109.1,85.4,1
6109.2,101.2,1
6109.3,99.4,1
6109.4,72.3,1
6114.6,146.4,1
6114.7,121.9,1
6114.8,89.1,1
6114.9,80.4,1
6115.0,102.0,1
6120.1,94.4,1
6120.2,114.0,1
6120.3,114.4,1
6120.4,131.3,1
6120.5,114.9,1
6125.6,92.6,1
6125.8,119.2,1
6125.9,106.2,1
6126.0,95.6,1
6126.1,101.0,1
6131.2,119.2,1
6131.3,97.0,1
6131.4,125.5,1
6131.5,102.6,1
6131.6,145.5,1
6136.8,128.0,1
6136.9,140.7,1
6137.1,128.9,1
6137.2,148.8,1
6137.3,124.6,1
6142.4,90.5,1
6142.5,123.1,1
6142.6,95.4,1
6142.8,143.3,1
6142.9,126.4,1
6148.0,126.3,1
6148.1,77.4,1
6148.2,101.6,1
6148.3,102.3,1
6148.4,107.7,1
6153.5,80.0,1
6153.6,86.9,1
6153.7,102.1,1
6153.8,79.3,1
6153.9,129.5,1
6159.0,72.2,1
6159.1,97.0,1
6159.2,85.5,1
6159.2,71.1,1
6159.3,77.8,1
6164.4,72.8,1
6164.5,111.7,1
6164.6,73.7,1
6164.7,89.9,1
6164.7,78.7,1
6169.9,158.2,1
6170.0,83.1,1
6170.1,133.4,1
6170.3,128.2,1
6170.4,107.3,1
6175.4,78.9,1
6175.6,119.2,1
6175.7,119.6,1
6175.8,148.4,1
6176.0,121.7,1
6181.1,116.0,1
6181.2,114.5,1
6181.3,134.2,1
6181.4,112.7,1
6181.6,146.4,1
6186.7,116.4,1
6186.8,124.4,1
6187.0,131.3,1
6187.1,130.6,1
6187.2,122.3,1
6192.4,146.1,1
6192.5,143.0,1
6192.6,139.3,1
6192.8,150.1,1
6193.0,166.7,1
6198.1,96.4,1
6198.2,104.0,1
6198.3,103.4,1
6198.4,105.1,1
6198.5,121.5,1
6203.6,75.7,1
6203.7,75.6,1
6203.8,144.4,1
6203.9,84.6,1
6204.0,117.0,1
6209.1,105.1,1
6209.2,102.9,1
6209.4,148.2,1
6209.5,108.5,1
6209.6,121.8,1
6214.7,108.0,1
6214.8,121.5,1
6214.9,118.3,1
6215.1,110.8,1
6215.1,90.8,1
6220.3,121.2,1
6220.4,99.7,1
6220.5,125.4,1
6220.6,98.1,1
6220.7,82.1,1
6225.8,153.4,1
6226.0,151.9,1
6226.1,153.1,1
6226.3,135.3,1
6226.4,124.8,1
6231.5,127.2,1
6231.6,103.4,1
6231.8,121.0,1
6231.9,147.5,1
6232.0,122.4,1
6237.1,75.4,1
6237.3,144.7,1
6237.4,127.2,1
6237.5,123.5,1
6237.6,145.1,1
6242.8,118.4,1
6242.9,96.0,1
6243.0,101.2,1
6243.1,145.4,1
6243.2,79.5,1
6248.3,98.7,1
6248.4,76.9,1
6248.4,70.9,1
6248.6,124.0,1
6248.6,73.4,1
6253.7,100.1,1
6253.9,142.9,1
6254.0,134.3,1
6254.1,115.4,1
6254.2,97.9,1
6259.4,121.4,1
6259.5,150.3,1
6259.6,111.2,1
6259.7,119.2,1
6259.9,119.1,1
6265.0,120.5,1
6265.1,135.9,1
6265.2,115.1,1
6265.3,112.1,1
6265.5,141.6,1
6270.6,126.2,1
6270.8,144.8,1
6270.9,104.9,1
6271.0,127.1,1
6271.1,88.9,1
6276.2,94.6,1
6276.3,130.3,1
6276.4,129.3,1
6276.6,102.6,1
6276.7,116.8,1
6281.8,127.7,1
6281.9,113.9,1
6282.0,114.1,1
6282.2,133.9,1
6282.3,134.6,1
6287.4,141.1,1
6287.6,146.3,1
6287.7,139.2,1
6287.8,75.9,1
6287.9,116.5,1
6293.0,92.2,1
6293.1,76.9,1
6293.2,74.8,1
6293.3,118.7,1
6293.4,100.4,1
6298.5,112.5,1
6298.6,117.6,1
6298.7,72.4,1
6298.8,94.2,1
6298.9,82.3,1
6303.9,75.0,1
6304.1,109.1,1
6304.2,132.8,1
6304.3,98.0,1
6304.4,118.8,1
6309.5,103.7,1
6309.6,134.0,1
6309.7,90.4,1
6309.9,147.8,1
6310.0,115.8,1
6315.1,109.3,1
6315.2,124.0,1
6315.4,130.1,1
6315.5,149.4,1
6315.6,76.7,1
6320.7,107.9,1
6320.8,93.2,1
6320.9,128.3,1
6321.0,110.1,1
6321.2,128.0,1
6326.3,97.8,1
6326.4,107.1,1
6326.5,115.8,1
6326.6,95.6,1
6326.7,120.6,1
6331.8,116.1,1
6332.0,136.0,1
6332.1,122.3,1
6332.2,124.5,1
6332.3,125.6,1
6337.4,72.9,1
6337.5,73.7,1
6337.6,93.9,1
6337.7,77.5,1
6337.8,120.0,1
6342.9,114.1,1
6343.0,141.0,1
6343.2,140.9,1
6343.3,83.2,1
6343.3,79.0,1
6348.4,74.1,1
6348.5,105.3,1
6348.7,141.4,1
6348.8,130.5,1
6348.9,122.0,1
6354.0,121.2,1
6354.2,125.5,1
6354.3,127.4,1
6354.4,136.8,1
6354.6,118.7,1
6359.7,98.9,1
6359.8,129.2,1
6359.9,102.1,1
6360.0,133.1,1
6360.2,145.8,1
6365.3,119.6,1
6365.4,107.0,1
6365.5,132.2,1
6365.7,149.1,1
6365.8,152.2,1
6371.0,121.2,1
6371.1,119.3,1
6371.2,137.4,1
6371.3,132.9,1
6371.5,143.7,1
6376.6,118.7,1
6376.7,124.8,1
6376.9,119.9,1
6376.9,90.3,1
6377.1,104.8,1
6382.2,131.9,1
6382.3,88.2,1
6382.4,74.0,1
6382.5,104.4,1
6382.6,119.0,1
6387.7,152.1,1
6387.9,120.1,1
6388.0,122.8,1
6388.1,127.3,1
6388.2,112.2,1
6393.3,71.6,1
6393.4,90.6,1
6393.5,117.7,1
6393.6,127.8,1
6393.7,117.1,1
6398.9,108.8,1
6399.0,141.8,1
6399.1,128.7,1
6399.3,128.7,1
6399.4,127.4,1
6404.5,117.4,1
6404.6,125.7,1
6404.8,161.6,1
6404.9,152.8,1
6405.1,143.2,1
6410.2,72.7,1
6410.3,138.2,1
6410.4,145.5,1
6410.5,78.7,1
6410.7,128.1,1
6415.8,115.3,1
6415.9,109.7,1
6416.0,148.0,1
6416.2,125.9,1
6416.3,137.1,1
6421.4,118.2,1
6421.5,124.3,1
6421.7,157.1,1
6421.9,162.7,1
6422.0,126.5,1
6427.1,74.9,1
6427.1,74.7,1
6427.3,129.8,1
6427.4,83.0,1
6427.4,75.2,1
6432.6,114.8,1
6432.7,137.5,1
6432.8,114.6,1
6432.9,136.7,1
6433.0,104.7,1
6438.2,119.2,1
6438.3,117.7,1
6438.4,97.8,1
6438.5,116.6,1
6438.6,110.8,1
6443.7,112.8,1
6443.9,141.0,1
6444.0,120.0,1
6444.1,124.9,1
6444.3,134.4,1
6449.3,92.8,1
6449.4,80.9,1
6449.6,123.7,1
6449.7,122.7,1
6449.8,134.2,1
6454.9,124.7,1
6455.1,120.0,1
6455.2,119.4,1
6455.3,150.9,1
6455.5,134.4,1
6460.6,130.4,1
6460.7,95.7,1
6460.8,122.5,1
6461.0,146.5,1
6461.1,126.9,1
6466.2,114.6,1
6466.3,96.3,1
6466.4,137.5,1
6466.5,73.3,1
6466.6,130.1,1
6471.7,74.4,1
6471.9,133.9,1
6472.0,104.3,1
6472.1,87.1,1
6472.2,100.5,1
6477.2,71.7,1
6477.3,107.9,1
6477.5,147.3,1
6477.6,80.6,1
6477.6,73.7,1
6482.8,117.9,1
6482.9,120.2,1
6483.0,141.5,1
6483.2,132.5,1
6483.3,148.2,1
6488.4,71.8,1
6488.5,104.2,1
6488.6,131.5,1
6488.8,145.6,1
6488.9,129.6,1
6494.0,100.0,1
6494.1,88.3,1
6494.2,128.1,1
6494.3,118.6,1
6494.5,119.3,1
6499.5,89.3,1
6499.6,85.1,1
6499.7,117.1,1
6499.9,157.3,1
6500.0,79.5,1
6505.1,136.0,1
6505.2,118.4,1
6505.4,127.3,1
6505.5,95.9,1
6505.6,124.1,1
6510.7,147.3,1
6510.9,149.3,1
6511.0,120.9,1
6511.1,120.2,1
6511.2,98.7,1
6516.3,71.8,1
6516.4,87.6,1
6516.5,72.4,1
6516.6,86.5,1
6516.7,129.9,1
6521.8,96.7,1
6521.9,79.2,1
6521.9,74.5,1
6522.0,72.8,1
6522.1,70.9,1
6527.2,101.9,1
6527.3,137.9,1
6527.5,124.8,1
6527.6,136.2,1
6527.7,123.8,1
6532.8,87.4,1
6532.9,123.8,1
6533.0,110.4,1
6533.2,112.1,1
6533.3,129.2,1
6538.4,123.1,1
6538.5,106.7,1
6538.6,120.0,1
6538.7,107.2,1
6538.9,128.3,1
6544.0,132.2,1
6544.1,124.8,1
6544.3,167.3,1
6544.4,145.3,1
6544.6,130.8,1
6549.7,131.1,1
6549.8,132.9,1
6550.0,177.0,1
6550.2,164.0,1
6550.4,175.0,1
6555.5,113.7,1
6555.6,95.4,1
6555.7,110.6,1
6555.8,156.1,1
6556.0,129.5,1
6561.0,71.5,1
6561.1,73.7,1
6561.2,72.7,1
6561.3,72.9,1
6561.4,106.9,1
6566.5,129.8,1
6566.6,87.1,1
6566.7,94.8,1
6566.8,92.6,1
6566.9,142.3,1
6572.0,119.5,1
6572.2,122.2,1
6572.3,140.3,1
6572.4,123.4,1
6572.5,97.3,1
6577.7,144.0,1
6577.8,127.4,1
6577.9,108.8,1
6578.0,104.9,1
6578.2,148.5,1
6583.3,152.1,1
6583.5,145.4,1
6583.6,145.7,1
6583.7,118.5,1
6583.8,113.2,1
6589.0,127.3,1
6589.1,145.6,1
6589.2,74.6,1
6589.3,94.6,1
6589.4,115.0,1
6594.5,108.0,1
6594.6,81.0,1
6594.7,126.8,1
6594.8,102.6,1
6595.0,149.0,1
6600.1,74.5,1
6600.2,147.2,1
6600.4,146.9,1
6600.5,138.2,1
6600.6,103.0,1
6605.7,124.5,1
6605.9,160.4,1
6606.0,146.0,1
6606.2,130.3,1
6606.3,91.4,1
6611.4,100.8,1
6611.5,110.1,1
6611.6,111.3,1
6611.7,141.7,1
6611.8,96.6,1
6616.9,118.9,1
6617.1,145.8,1
6617.2,145.7,1
6617.4,129.5,1
6617.4,74.8,1
6622.6,120.0,1
6622.7,121.3,1
6622.8,89.7,1
6622.9,127.9,1
6623.0,119.2,1
6628.2,143.8,1
6628.3,90.3,1
6628.4,112.6,1
6628.5,115.4,1
6628.6,85.1,1
6633.7,146.6,1
6633.8,110.4,1
6634.0,145.3,1
6634.1,151.4,1
6634.3,120.4,1
6639.4,145.0,1
6639.5,123.7,1
6639.7,130.7,1
6639.8,144.7,1
6639.9,134.8,1
6645.1,135.0,1
6645.2,146.4,1
6645.4,144.8,1
6645.5,103.8,1
6645.6,96.2,1
6650.6,72.7,1
6650.7,76.0,1
6650.8,101.8,1
6651.0,142.8,1
6651.1,133.5,1
6656.2,72.1,1
6656.3,95.0,1
6656.4,102.1,1
6656.4,76.3,1
6656.5,74.7,1
6661.6,90.4,1
6661.7,106.7,1
6661.9,140.3,1
6662.0,120.5,1
6662.1,73.5,1
6667.2,119.0,1
6667.3,121.2,1
6667.5,155.1,1
6667.6,133.0,1
6667.7,126.7,1
6672.8,95.3,1
6672.9,132.2,1
6673.0,104.8,1
6673.1,76.9,1
6673.3,133.1,1
6678.4,147.8,1
6678.5,90.1,1
6678.6,72.9,1
6678.7,122.5,1
6678.8,106.7,1
6683.9,96.8,1
6684.0,98.8,1
6684.1,113.4,1
6684.2,75.1,1
6684.3,145.6,1
6689.5,123.1,1
6689.6,103.5,1
6689.7,142.9,1
6689.8,102.3,1
6689.9,87.0,1
6695.0,134.2,1
6695.1,70.4,1
6695.2,136.5,1
6695.3,98.9,1
6695.5,115.1,1
6700.5,74.6,1
6700.7,114.9,1
6700.7,76.4,1
6700.9,133.0,1
6701.0,109.3,1
6706.1,121.4,1
6706.2,106.7,1
6706.3,124.2,1
6706.4,74.6,1
6706.5,118.9,1
6711.7,129.0,1
6711.8,156.0,1
6712.0,157.4,1
6712.1,159.9,1
6712.3,122.2,1
6717.3,74.8,1
6717.4,79.4,1
6717.5,102.1,1
6717.6,134.8,1
6717.8,126.3,1
6722.9,123.7,1
6723.0,142.6,1
6723.2,132.3,1
6723.3,130.8,1
6723.4,102.0,1
6728.6,181.3,1
6728.7,147.5,1
6728.9,191.9,1
6729.1,173.6,1
6729.3,161.0,1
6734.4,140.4,1
6734.5,118.4,1
6734.7,143.5,1
6734.7,72.0,1
6734.8,76.0,1
6739.9,100.7,1
6740.0,76.5,1
6740.1,119.8,1
6740.2,115.4,1
6740.4,144.6,1
6745.5,116.8,1
6745.7,144.5,1
6745.8,111.8,1
6745.9,94.9,1
6745.9,73.6,1
6751.1,117.5,1
6751.1,88.7,1
6751.3,144.9,1
6751.4,149.2,1
6751.5,106.3,1
6756.7,133.2,1
6756.8,123.1,1
6756.9,121.4,1
6757.0,111.0,1
6757.2,133.5,1
6762.3,129.2,1
6762.4,92.1,1
6762.5,129.5,1
6762.6,107.8,1
6762.7,74.3,1
6767.8,93.8,1
6768.0,144.7,1
6768.1,106.0,1
6768.2,151.0,1
6768.3,102.7,1
6773.4,119.0,1
6773.6,140.3,1
6773.7,140.0,1
6773.8,118.3,1
6774.0,119.2,1
6779.1,140.6,1
6779.2,83.3,1
6779.3,139.3,1
6779.4,101.0,1
6779.5,101.9,1
6784.6,72.7,1
6784.7,75.1,1
6784.7,76.1,1
6784.9,115.4,1
6784.9,76.1,1
6790.1,113.7,1
6790.2,133.6,1
6790.3,153.0,1
6790.5,134.5,1
6790.6,128.2,1
6795.7,89.5,1
6795.8,117.0,1
6795.9,110.9,1
6796.0,107.9,1
6796.2,135.2,1
6801.3,114.2,1
6801.4,145.8,1
6801.6,130.2,1
6801.7,98.2,1
6801.8,115.5,1
6806.9,128.0,1
6807.0,123.4,1
6807.1,113.5,1
6807.2,99.9,1
6807.4,144.1,1
6812.5,75.6,1
6812.6,130.4,1
6812.7,80.2,1
6812.8,102.8,1
6812.9,128.0,1
6818.0,99.7,1
6818.2,131.7,1
6818.3,120.2,1
6818.4,104.5,1
6818.5,127.9,1
6823.6,129.2,1
6823.8,131.4,1
6823.9,142.8,1
6824.0,126.9,1
6824.2,125.6,1
6829.3,85.2,1
6829.3,71.0,1
6829.4,83.2,1
6829.5,121.3,1
6829.6,104.7,1
6834.7,91.3,1
6834.8,90.8,1
6834.9,111.7,1
6835.0,90.7,1
6835.2,140.3,1
6840.3,90.8,1
6840.4,108.1,1
6840.5,127.3,1
6840.6,138.1,1
6840.7,75.7,1
6845.8,133.0,1
6846.0,117.2,1
6846.1,113.4,1
6846.2,143.0,1
6846.3,124.5,1
6851.5,126.2,1
6851.6,137.1,1
6851.7,132.9,1
6851.9,148.6,1
6852.0,135.4,1
6857.1,72.6,1
6857.2,104.1,1
6857.3,113.6,1
6857.5,129.3,1
6857.6,131.8,1
6862.7,87.4,1
6862.8,106.6,1
6862.9,143.1,1
6863.0,88.2,1
6863.2,145.5,1
6868.3,120.2,1
6868.4,107.0,1
6868.5,115.7,1
6868.6,93.7,1
6868.7,106.0,1
6873.8,75.9,1
6873.9,88.1,1
6873.9,73.4,1
6874.1,109.9,1
6874.2,94.1,1
6879.2,72.8,1
6879.3,80.5,1
6879.4,77.4,1
6879.5,139.0,1
6879.6,91.9,1
6884.7,96.1,1
6884.8,100.8,1
6884.9,77.4,1
6885.0,73.6,1
6885.1,100.3,1
6890.2,90.2,1
6890.3,112.0,1
6890.4,131.9,1
6890.5,139.0,1
6890.7,109.0,1
6895.8,100.2,1
6895.8,78.0,1
6896.0,111.5,1
6896.1,118.0,1
6896.2,136.2,1
6901.3,136.4,1
6901.5,128.5,1
6901.6,136.5,1
6901.7,134.7,1
6901.9,140.0,1
6907.0,146.3,1
6907.2,136.7,1
6907.4,181.4,1
6907.5,162.7,1
6907.7,136.3,1
6912.8,124.1,1
6912.9,154.1,1
6913.1,155.2,1
6913.2,121.3,1
6913.3,123.0,1
6918.5,148.8,1
6918.6,104.5,1
6918.7,102.8,1
6918.8,99.4,1
6918.9,140.7,1
6924.1,131.4,1
6924.2,154.4,1
6924.4,144.3,1
6924.5,125.6,1
6924.6,73.5,1
6929.7,77.0,1
6929.8,99.3,1
6929.9,140.3,1
6930.0,77.8,1
6930.1,97.7,1
6935.2,122.9,1
6935.3,120.0,1
6935.4,118.2,1
6935.6,137.3,1
6935.7,101.0,1
6940.8,145.5,1
6940.9,122.4,1
6941.1,112.8,1
6941.2,127.1,1
6941.3,104.4,1
6946.4,123.8,1
6946.5,119.9,1
6946.7,110.6,1
6946.8,136.5,1
6946.9,135.5,1
6952.1,139.7,1
6952.2,89.2,1
6952.3,133.2,1
6952.4,112.3,1
6952.5,105.8,1
6957.6,120.6,1
6957.8,137.1,1
6957.9,113.4,1
6958.0,97.5,1
6958.1,108.6,1
6963.2,75.6,1
6963.2,74.0,1
6963.4,116.7,1
6963.5,106.1,1
6963.5,70.2,1
6968.7,121.5,1
6968.8,107.8,1
6968.9,109.9,1
6968.9,72.2,1
6969.0,75.1,1
6974.1,97.1,1
6974.2,102.2,1
6974.4,140.6,1
6974.5,126.8,1
6974.6,106.8,1
6979.7,109.3,1
6979.9,151.4,1
6980.0,140.6,1
6980.1,107.9,1
6980.2,83.1,1
6985.3,124.7,1
6985.5,142.4,1
6985.6,106.5,1
6985.7,135.5,1
6985.8,104.2,1
6990.9,119.8,1
6991.1,133.9,1
6991.2,148.7,1
6991.3,90.5,1
6991.4,86.9,1
6996.5,140.4,1
6996.7,115.0,1
6996.8,129.5,1
6996.9,108.5,1
6997.0,136.3,1
7002.1,107.5,1
7002.3,130.8,1
7002.4,135.4,1
7002.5,74.4,1
7002.6,123.6,1
7007.7,95.5,1
7007.8,77.9,1
7007.9,137.0,1
7008.0,92.9,1
7008.1,100.7,1
7013.2,96.3,1
7013.3,90.2,1
7013.4,73.9,1
7013.5,73.1,1
7013.6,95.6,1
7018.7,116.6,1
7018.8,146.6,1
7018.9,95.3,1
7019.0,94.0,1
7019.2,147.8,1
7024.2,73.7,1
7024.4,117.9,1
7024.5,137.6,1
7024.6,84.3,1
7024.6,75.5,1
7029.8,136.3,1
7029.9,108.6,1
7030.0,132.1,1
7030.2,120.5,1
7030.3,113.3,1
7035.4,120.1,1
7035.5,123.7,1
7035.7,161.8,1
7035.8,165.8,1
7036.0,146.8,1
7041.1,146.6,1
7041.3,145.1,1
7041.4,142.9,1
7041.5,102.6,1
7041.6,108.0,1
7046.8,137.3,1
7046.9,138.9,1
7047.0,96.3,1
7047.1,93.4,1
7047.2,120.1,1
7052.3,97.5,1
7052.5,127.3,1
7052.5,71.1,1
7052.6,71.3,1
7052.7,93.6,1
7057.8,99.5,1
7057.9,131.0,1
7058.0,92.7,1
7058.2,131.4,1
7058.2,72.2,1
7063.3,74.1,1
7063.4,72.2,1
7063.5,141.2,1
7063.6,89.8,1
7063.7,117.3,1
7068.8,97.7,1
7069.0,134.6,1
7069.1,104.3,1
7069.2,108.8,1
7069.3,121.0,1
7074.4,101.3,1
7074.5,75.0,1
7074.6,93.6,1
7074.7,141.0,1
7074.8,105.3,1
7080.0,136.5,1
7080.1,138.7,1
7080.2,122.7,1
7080.3,123.0,1
7080.4,103.0,1
7085.6,141.8,1
7085.7,141.1,1
7085.9,157.6,1
7086.0,143.5,1
7086.2,120.3,1
7091.2,74.6,1
7091.3,111.6,1
7091.5,109.6,1
7091.6,147.4,1
7091.7,129.0,1
7096.9,164.2,1
7097.0,147.8,1
7097.2,119.7,1
7097.3,127.7,1
7097.4,120.7,1
7102.5,110.1,1
7102.6,105.9,1
7102.8,117.6,1
7102.9,120.8,1
7103.0,91.3,1
7108.1,114.8,1
7108.2,73.8,1
7108.3,108.7,1
7108.4,102.2,1
7108.4,74.4,1
7113.6,144.0,1
7113.7,101.7,1
7113.8,143.6,1
7114.0,126.4,1
7114.1,124.0,1
7119.2,128.4,1
7119.3,110.6,1
7119.4,81.0,1
7119.6,139.9,1
7119.6,73.5,1
7124.7,107.7,1
7124.8,101.2,1
7125.0,119.9,1
7125.1,116.9,1
7125.2,103.0,1
7130.3,121.5,1
7130.4,86.6,1
7130.5,147.4,1
7130.7,125.2,1
7130.8,105.9,1
7135.9,147.2,1
7136.1,145.8,1
7136.2,123.8,1
7136.3,97.8,1
7136.4,73.5,1
7141.5,101.8,1
7141.6,106.2,1
7141.7,140.0,1
7141.8,97.7,1
7142.0,141.1,1
7147.0,72.0,1
7147.1,81.6,1
7147.2,95.9,1
7147.3,99.8,1
7147.4,98.3,1
7152.5,94.9,1
7152.6,132.7,1
7152.8,128.3,1
7152.9,142.4,1
7153.0,101.3,1
7158.1,134.3,1
7158.3,153.1,1
7158.4,138.0,1
7158.6,151.6,1
7158.8,163.2,1
7163.9,127.7,1
7164.0,114.0,1
7164.1,96.6,1
7164.2,127.9,1
7164.3,82.8,1
7169.4,99.4,1
7169.5,83.8,1
7169.6,110.3,1
7169.7,127.0,1
7169.9,148.7,1
7175.0,85.1,1
7175.1,130.2,1
7175.2,135.4,1
7175.3,93.4,1
7175.4,105.9,1
7180.6,149.1,1
7180.7,119.8,1
7180.8,118.0,1
7180.9,106.7,1
7181.1,131.1,1
7186.2,120.4,1
7186.3,146.9,1
7186.5,124.4,1
7186.5,87.0,1
7186.7,136.1,1
7191.8,142.8,1
7192.0,137.5,1
7192.1,131.1,1
7192.2,109.5,1
7192.3,93.6,1
7197.4,89.9,1
7197.5,76.4,1
7197.6,79.3,1
7197.6,74.5,1
7197.7,74.5,1
7202.8,99.0,1
7202.9,132.4,1
7203.1,114.2,1
7203.2,123.1,1
7203.3,119.7,1
7208.4,102.9,1
7208.5,130.2,1
7208.7,143.8,1
7208.8,86.0,1
7208.8,75.6,1
7214.0,148.6,1
7214.1,129.9,1
7214.3,144.9,1
7214.4,134.9,1
7214.5,142.0,1
7219.7,113.5,1
7219.8,153.2,1
7220.0,188.9,1
7220.1,127.2,1
7220.3,135.4,1
7225.4,78.2,1
7225.5,122.7,1
7225.6,77.3,1
7225.7,127.6,1
7225.8,141.9,1
7230.9,114.7,1
7231.1,121.2,1
7231.2,134.1,1
7231.3,120.8,1
7231.4,134.5,1
7236.5,88.7,1
7236.7,143.7,1
7236.8,121.4,1
7236.9,101.7,1
7237.0,92.3,1
7242.1,100.9,1
7242.2,82.0,1
7242.3,93.3,1
7242.4,72.2,1
7242.5,133.5,1
7247.6,133.5,1
7247.8,131.7,1
7247.9,146.4,1
7248.0,134.1,1
7248.2,142.0,1
7253.3,140.6,1
7253.4,94.0,1
7253.5,95.3,1
7253.6,102.2,1
7253.7,121.2,1
7258.9,142.6,1
7259.0,129.9,1
7259.1,105.0,1
7259.2,91.6,1
7259.4,137.9,1
7264.5,156.7,1
7264.7,156.0,1
7264.8,172.4,1
7265.0,131.1,1
7265.1,173.0,1
7270.2,94.2,1
7270.4,123.1,1
7270.5,104.4,1
7270.6,146.5,1
7270.7,119.0,1
7275.9,120.1,1
7276.0,145.1,1
7276.1,138.2,1
7276.3,122.9,1
7276.4,121.4,1
7281.6,157.7,1
7281.7,154.4,1
7281.8,102.9,1
7281.9,139.7,1
7282.1,115.9,1
7287.1,79.4,1
7287.2,71.5,1
7287.3,73.3,1
7287.4,96.3,1
7287.5,120.5,1
7292.7,149.1,1
7292.8,128.1,1
7292.9,138.7,1
7293.0,73.7,1
7293.1,76.4,1
7298.2,95.7,1
7298.3,73.3,1
7298.4,115.0,1
7298.5,148.6,1
7298.7,147.6,1
7303.8,120.7,1
7303.9,107.9,1
7304.0,96.2,1
7304.1,113.2,1
7304.2,120.1,1
7309.3,99.2,1
7309.4,113.6,1
7309.6,143.3,1
7309.7,116.9,1
7309.8,122.7,1
7314.9,96.9,1
7315.0,109.1,1
7315.2,130.1,1
7315.3,133.5,1
7315.4,105.3,1
7320.5,120.1,1
7320.6,111.8,1
7320.8,113.3,1
7320.9,150.1,1
7321.0,118.1,1
7326.2,138.7,1
7326.2,76.9,1
7326.3,72.0,1
7326.4,92.7,1
7326.5,133.5,1
7331.6,74.8,1
7331.7,117.2,1
7331.9,124.2,1
7332.0,122.3,1
7332.1,76.8,1
7337.1,77.4,1
7337.3,150.0,1
7337.4,125.0,1
7337.6,147.8,1
7337.7,118.4,1
7342.8,127.2,1
7343.0,132.4,1
7343.1,125.1,1
7343.2,143.4,1
7343.4,140.8,1
7348.5,123.1,1
7348.6,121.1,1
7348.7,72.7,1
7348.8,143.7,1
7349.0,130.1,1
7354.1,138.2,1
7354.2,132.4,1
7354.4,140.1,1
7354.5,88.1,1
7354.6,135.1,1
7359.7,82.9,1
7359.8,131.7,1
7359.9,122.2,1
7360.1,125.7,1
7360.2,131.0,1
7365.3,138.5,1
7365.5,133.2,1
7365.6,135.6,1
7365.7,110.7,1
7365.8,132.7,1
7371.0,133.3,1
7371.1,125.4,1
7371.2,92.9,1
7371.3,90.4,1
7371.4,148.3,1
7376.6,110.2,1
7376.6,76.6,1
7376.8,117.0,1
7376.9,117.3,1
7377.0,105.5,1
7382.1,132.6,1
7382.2,125.4,1
7382.4,110.9,1
7382.5,121.3,1
7382.6,96.5,1
7387.7,114.4,1
7387.8,111.9,1
7387.9,93.0,1
7388.0,75.5,1
7388.1,117.6,1
7393.2,121.9,1
7393.3,128.8,1
7393.5,119.8,1
7393.6,128.2,1
7393.7,145.1,1
7398.9,156.3,1
7399.0,121.8,1
7399.1,123.5,1
7399.3,143.6,1
7399.4,134.2,1
7404.6,143.4,1
7404.7,121.4,1
7404.8,140.3,1
7405.0,151.8,1
7405.1,119.1,1
7410.2,135.6,1
7410.4,148.7,1
7410.5,139.2,1
7410.7,139.2,1
7410.8,167.2,1
7416.0,113.7,1
7416.0,73.5,1
7416.1,71.9,1
7416.2,98.7,1
7416.3,112.8,1
7421.4,85.1,1
7421.5,121.3,1
7421.6,119.7,1
7421.7,99.9,1
7421.8,92.7,1
7427.0,140.0,1
7427.1,155.1,1
7427.3,166.6,1
7427.5,152.7,1
7427.6,126.7,1
7432.7,150.6,1
7432.8,102.2,1
7433.0,147.9,1
7433.1,79.7,1
7433.2,152.8,1
7438.3,73.1,1
7438.4,139.3,1
7438.6,132.8,1
7438.7,125.4,1
7438.8,140.6,1
7444.0,153.5,1
7444.1,143.8,1
7444.3,123.4,1
7444.4,156.4,1
7444.5,125.7,1
7449.6,101.1,1
7449.8,136.5,1
7449.9,137.3,1
7450.1,154.1,1
7450.2,126.3,1
7455.3,113.5,1
7455.5,147.9,1
7455.6,121.4,1
7455.7,97.4,1
7455.8,146.0,1
7461.0,125.4,1
7461.1,117.1,1
7461.2,111.7,1
7461.3,97.7,1
7461.4,96.6,1
7466.5,104.6,1
7466.6,84.9,1
7466.7,69.6,1
7466.7,72.3,1
7466.8,118.7,1
7472.0,136.3,1
7472.1,135.8,1
7472.3,132.3,1
7472.3,95.7,1
7472.5,113.7,1
7477.6,139.9,1
7477.7,141.8,1
7477.8,101.7,1
7478.0,141.8,1
7478.1,115.2,1
7483.2,137.6,1
7483.3,83.1,1
7483.5,119.8,1
7483.6,134.3,1
7483.7,76.7,1
7488.8,141.4,1
7488.9,107.8,1
7489.0,118.7,1
7489.2,122.1,1
7489.3,127.3,1
7494.4,94.7,1
7494.5,134.7,1
7494.6,123.2,1
7494.8,135.8,1
7494.9,119.5,1
7500.0,118.0,1
7500.1,129.1,1
7500.3,122.7,1
7500.4,105.9,1
7500.5,83.4,1
7505.6,95.1,1
7505.7,100.4,1
7505.8,109.7,1
7505.9,102.7,1
7506.0,145.3,1
7511.1,92.2,1
7511.2,72.7,1
7511.3,118.2,1
7511.4,135.2,1
7511.5,75.8,1
7516.6,99.0,1
7516.7,132.0,1
7516.9,150.3,1
7517.0,114.0,1
7517.1,137.3,1
7522.3,121.4,1
7522.4,96.9,1
7522.5,148.0,1
7522.6,97.5,1
7522.7,130.2,1
7527.8,94.7,1
7528.0,113.6,1
7528.1,119.8,1
7528.2,74.0,1
7528.2,86.4,1
7533.3,85.8,1
7533.5,122.4,1
7533.5,74.9,1
7533.7,129.2,1
7533.8,127.5,1
7538.9,134.6,1
7539.1,139.8,1
7539.2,131.7,1
7539.3,126.8,1
7539.4,89.9,1
7544.5,108.3,1
7544.6,119.5,1
7544.7,107.6,1
7544.8,80.0,1
7545.0,142.8,1
7550.0,71.8,1
7550.1,77.7,1
7550.2,121.9,1
7550.4,107.7,1
7550.4,75.2,1
7555.6,131.9,1
7555.6,75.0,1
7555.7,76.8,1
7555.8,86.5,1
7555.9,90.6,1
7561.0,130.0,1
7561.1,116.5,1
7561.3,120.9,1
7561.4,115.9,1
7561.5,115.4,1
7566.6,113.5,1
7566.7,90.2,1
7566.8,143.6,1
7567.0,151.1,1
7567.1,123.5,1
7572.2,125.9,1
7572.4,143.7,1
7572.5,112.0,1
7572.6,136.5,1
7572.8,132.5,1
7577.9,82.9,1
7578.0,133.8,1
7578.1,126.0,1
7578.2,123.8,1
7578.4,144.5,1
7583.5,111.7,1
7583.6,79.9,1
7583.7,119.7,1
7583.9,145.1,1
7584.0,142.4,1
7589.1,133.3,1
7589.3,164.2,1
7589.4,153.6,1
7589.6,139.9,1
7589.7,147.2,1
7594.8,84.1,1
7594.9,115.5,1
7595.0,105.0,1
7595.2,148.5,1
7595.3,101.0,1
7600.4,140.7,1
7600.5,91.2,1
7600.6,93.0,1
7600.8,126.2,1
7600.8,83.6,1
7606.0,158.0,1
7606.1,142.5,1
7606.3,137.1,1
7606.4,127.3,1
7606.6,149.8,1
7611.7,138.3,1
7611.8,138.8,1
7612.0,129.2,1
7612.1,141.1,1
7612.2,87.9,1
7617.3,120.6,1
7617.4,106.5,1
7617.6,132.1,1
7617.7,113.6,1
7617.8,123.1,1
7622.9,98.0,1
7623.0,95.5,1
7623.1,136.1,1
7623.2,102.6,1
7623.4,141.9,1
7628.5,72.5,1
7628.6,106.9,1
7628.6,89.7,1
7628.8,137.2,1
7628.9,117.7,1
7634.0,81.0,1
7634.1,113.5,1
7634.2,135.5,1
7634.4,120.6,1
7634.5,103.7,1
7639.6,139.0,1
7639.7,78.2,1
7639.8,107.7,1
7639.9,80.7,1
7639.9,74.6,1
7645.1,120.3,1
7645.2,90.7,1
7645.3,124.4,1
7645.4,121.0,1
7645.5,69.8,1
7650.6,94.1,1
7650.7,77.9,1
7650.8,107.9,1
7650.9,141.0,1
7651.0,100.3,1
7656.1,128.4,1
7656.3,152.5,1
7656.4,90.7,1
7656.5,126.2,1
7656.6,88.8,1
7661.7,138.0,1
7661.8,84.3,1
7661.9,96.8,1
7662.1,146.2,1
7662.2,142.5,1
7667.3,88.8,1
7667.4,114.6,1
7667.5,116.1,1
7667.6,109.7,1
7667.8,110.5,1
7672.8,77.8,1
7672.9,84.4,1
7673.0,123.4,1
7673.2,113.3,1
7673.2,73.3,1
7678.3,109.5,1
7678.5,142.5,1
7678.6,126.2,1
7678.7,78.3,1
7678.8,123.0,1
7683.9,112.2,1
7684.0,73.5,1
7684.1,76.8,1
7684.2,78.9,1
7684.3,96.8,1
7689.4,120.5,1
7689.5,118.6,1
7689.6,73.9,1
7689.7,89.3,1
7689.8,144.4,1
7694.9,136.9,1
7695.1,118.4,1
7695.1,77.8,1
7695.2,93.3,1
7695.4,113.9,1
7700.5,110.9,1
7700.6,135.4,1
7700.7,87.6,1
7700.8,132.8,1
7700.9,113.1,1
7706.1,132.7,1
7706.2,127.0,1
7706.3,132.6,1
7706.5,134.9,1
7706.6,116.1,1
7711.7,142.2,1
7711.8,98.1,1
7712.0,118.8,1
7712.1,105.0,1
7712.2,108.5,1
7717.2,74.1,1
7717.4,149.2,1
7717.5,89.9,1
7717.6,124.5,1
7717.8,147.5,1
7722.9,108.8,1
7723.0,122.2,1
7723.1,121.9,1
7723.2,116.8,1
7723.3,97.5,1
7728.4,86.0,1
7728.5,108.8,1
7728.6,105.1,1
7728.7,69.9,1
7728.8,75.7,1
7733.9,95.0,1
7734.0,147.1,1
7734.1,103.4,1
7734.2,91.9,1
7734.4,140.5,1
7739.5,114.6,1
7739.6,138.8,1
7739.7,97.7,1
7739.8,81.1,1
7739.9,103.5,1
7745.0,106.4,1
7745.1,138.6,1
7745.2,81.1,1
7745.3,87.5,1
7745.4,120.3,1
7750.6,147.3,1
7750.7,131.3,1
7750.8,128.8,1
7751.0,125.2,1
7751.1,135.5,1
7756.2,120.3,1
7756.3,112.3,1
7756.4,72.6,1
7756.5,112.5,1
7756.7,140.1,1
7761.8,78.5,1
7761.9,123.4,1
7762.0,138.3,1
7762.1,124.1,1
7762.3,119.4,1
7767.4,140.1,1
7767.6,151.6,1
7767.7,143.9,1
7767.8,129.3,1
7768.0,135.1,1
7773.1,135.8,1
7773.2,101.0,1
7773.3,100.1,1
7773.4,99.6,1
7773.5,114.3,1
7778.6,72.1,1
7778.7,70.9,1
7778.8,114.5,1
7778.9,104.9,1
7779.0,103.1,1
7784.1,118.6,1
7784.2,113.0,1
7784.3,109.5,1
7784.5,151.4,1
7784.6,146.4,1
7789.7,118.6,1
7789.8,78.5,1
7789.9,116.2,1
7790.0,96.9,1
7790.1,104.9,1
7795.2,81.7,1
7795.3,106.1,1
7795.4,74.9,1
7795.5,82.4,1
7795.6,122.4,1
7800.8,129.3,1
7800.9,163.5,1
7801.1,150.8,1
7801.2,120.3,1
7801.3,119.9,1
7806.4,119.1,1
7806.6,137.8,1
7806.7,126.2,1
7806.8,147.5,1
7807.0,137.9,1
7812.1,79.3,1
7812.2,126.9,1
7812.3,124.3,1
7812.4,120.7,1
7812.6,123.7,1
7817.7,98.0,1
7817.8,105.6,1
7817.9,104.1,1
7818.0,86.4,1
7818.1,95.4,1
7823.1,94.1,1
7823.2,98.0,1
7823.3,72.6,1
7823.4,91.6,1
7823.5,105.9,1
7828.6,96.2,1
7828.8,135.4,1
7828.8,91.5,1
7828.9,79.7,1
7829.1,133.7,1
7834.2,91.9,1
7834.3,151.8,1
7834.4,82.5,1
7834.5,144.2,1
7834.7,131.9,1
7839.8,142.2,1
7840.0,144.6,1
7840.1,116.3,1
7840.2,133.8,1
7840.3,92.4,1
7845.4,112.5,1
7845.5,126.7,1
7845.7,114.9,1
7845.8,115.3,1
7845.9,123.8,1
7851.0,95.3,1
7851.1,103.9,1
7851.2,115.0,1
7851.3,129.2,1
7851.5,132.5,1
7856.6,121.0,1
7856.7,122.6,1
7856.8,97.7,1
7856.9,123.5,1
7857.0,81.6,1
7862.1,91.6,1
7862.2,127.1,1
7862.4,108.3,1
7862.4,90.5,1
7862.6,123.6,1
7867.7,76.6,1
7867.8,114.3,1
7867.9,101.7,1
7868.0,101.4,1
7868.1,116.3,1
7873.2,73.4,1
7873.3,89.6,1
7873.3,91.0,1
7873.4,95.6,1
7873.6,128.8,1
7878.7,147.4,1
7878.9,128.9,1
7879.0,147.0,1
7879.1,115.9,1
7879.2,106.2,1
7884.3,124.1,1
7884.5,107.1,1
7884.6,138.3,1
7884.7,119.2,1
7884.8,116.7,1
7890.0,146.6,1
7890.1,147.2,1
7890.2,119.3,1
7890.4,104.5,1
7890.5,114.9,1
7895.6,79.7,1
7895.7,121.4,1
7895.8,122.2,1
7895.9,146.2,1
7896.0,86.8,1
7901.2,134.0,1
7901.2,71.7,1
7901.3,83.4,1
7901.5,144.8,1
7901.6,96.6,1
7906.7,121.2,1
7906.8,132.0,1
7907.0,136.2,1
7907.0,75.7,1
7907.2,135.8,1
7912.2,73.7,1
7912.3,72.0,1
7912.4,73.6,1
7912.5,89.4,1
7912.6,72.5,1
7917.7,93.8,1
7917.8,128.6,1
7917.9,97.1,1
7918.0,94.7,1
7918.0,72.2,1
7923.1,73.8,1
7923.3,129.6,1
7923.4,96.7,1
7923.5,133.7,1
7923.6,147.9,1
7928.8,134.3,1
7928.9,139.2,1
7929.0,126.7,1
7929.2,121.6,1
7929.3,112.9,1
7934.4,87.1,1
7934.5,136.2,1
7934.6,74.2,1
7934.7,89.9,1
7934.8,116.9,1
7939.9,148.7,1
7940.1,118.0,1
7940.1,86.0,1
7940.3,119.4,1
7940.3,74.3,1
7945.5,144.1,1
7945.6,116.5,1
7945.7,90.1,1
7945.8,131.3,1
7946.0,149.8,1
7951.1,119.7,1
7951.2,96.0,1
7951.3,74.4,1
7951.4,90.2,1
7951.5,118.4,1
7956.6,106.1,1
7956.7,101.4,1
7956.8,79.5,1
7956.9,123.1,1
7957.0,84.4,1
7962.1,113.3,1
7962.2,117.6,1
7962.3,125.7,1
7962.4,109.9,1
7962.5,83.2,1
7967.6,93.3,1
7967.7,90.3,1
7967.8,132.2,1
7968.0,122.4,1
7968.1,100.9,1
7973.2,110.2,1
7973.3,119.7,1
7973.4,75.9,1
7973.5,131.7,1
7973.6,117.8,1
7978.8,129.3,1
7978.9,154.0,1
7979.1,153.0,1
7979.2,137.2,1
7979.4,147.6,1
7984.5,115.0,1
7984.6,102.4,1
7984.7,121.2,1
7984.8,131.9,1
7985.0,131.0,1
7990.1,125.9,1
7990.2,124.4,1
7990.3,124.2,1
7990.5,136.1,1
7990.6,122.7,1
7995.7,115.6,1
7995.9,181.6,1
7996.0,108.2,1
7996.2,143.7,1
7996.2,90.6,1
8001.3,102.3,1
8001.5,103.3,1
8001.5,74.5,1
8001.6,78.1,1
8001.7,73.0,1
8006.8,115.2,1
8006.9,105.4,1
8007.0,128.8,1
8007.1,78.9,1
8007.2,82.5,1
8012.3,124.4,1
8012.4,122.0,1
8012.5,80.2,1
8012.7,130.1,1
8012.8,111.5,1
8017.9,146.1,1
8018.1,148.4,1
8018.2,87.2,1
8018.3,145.4,1
8018.4,122.2,1
8023.6,147.1,1
8023.7,137.5,1
8023.8,109.7,1
8024.0,131.2,1
8024.1,98.8,1
8029.2,124.0,1
8029.3,74.9,1
8029.4,120.8,1
8029.5,134.5,1
8029.6,117.0,1
8034.8,121.7,1
8034.9,143.3,1
8035.0,134.8,1
8035.2,121.2,1
8035.3,139.0,1
8040.4,143.5,1
8040.5,108.0,1
8040.7,116.0,1
8040.8,140.7,1
8040.9,128.6,1
8046.0,78.4,1
8046.1,73.8,1
8046.2,108.1,1
8046.3,98.4,1
8046.4,82.7,1
8051.5,143.4,1
8051.7,123.6,1
8051.7,74.4,1
8051.8,106.5,1
8052.0,131.5,1
8057.0,74.0,1
8057.2,146.7,1
8057.3,90.1,1
8057.4,83.3,1
8057.5,146.4,1
8062.6,72.5,1
8062.7,106.1,1
8062.8,90.3,1
8062.9,135.3,1
8063.0,125.3,1
8068.2,119.5,1
8068.3,113.8,1
8068.4,112.8,1
8068.5,134.1,1
8068.6,122.0,1
8073.8,150.3,1
8073.9,117.8,1
8074.0,115.7,1
8074.2,132.2,1
8074.3,143.9,1
8079.4,125.6,1
8079.6,121.0,1
8079.7,119.6,1
8079.8,122.9,1
8079.9,115.2,1
8085.0,95.7,1
8085.1,84.1,1
8085.2,133.6,1
8085.3,104.0,1
8085.5,135.4,1
8090.6,138.8,1
8090.7,90.8,1
8090.8,112.4,1
8090.9,81.9,1
8091.0,137.1,1
8096.2,132.6,1
8096.3,140.5,1
8096.4,92.5,1
8096.5,131.7,1
8096.6,93.7,1
8101.8,125.9,1
8101.9,142.8,1
8102.0,98.1,1
8102.2,145.8,1
8102.3,122.8,1
8107.4,110.2,1
8107.5,126.6,1
8107.7,137.0,1
8107.8,142.6,1
8107.9,131.2,1
8113.1,136.0,1
8113.2,85.5,1
8113.2,78.3,1
8113.4,163.4,1
8113.5,100.1,1
8118.6,116.0,1
8118.7,91.0,1
8118.9,149.4,1
8119.0,143.6,1
8119.1,96.3,1
8124.2,123.8,1
8124.3,113.5,1
8124.4,95.0,1
8124.6,132.0,1
8124.7,127.4,1
8129.8,107.2,1
8129.9,120.2,1
8130.0,109.3,1
8130.1,104.5,1
8130.2,77.0,1
8135.4,131.4,1
8135.5,98.7,1
8135.6,114.5,1
8135.7,123.7,1
8135.8,115.7,1
8140.9,135.5,1
8141.1,140.4,1
8141.2,161.6,1
8141.4,157.2,1
8141.6,151.7,1
8146.7,133.8,1
8146.8,118.6,1
8146.9,124.5,1
8147.0,100.9,1
8147.2,146.1,1
8152.3,108.0,1
8152.4,139.1,1
8152.6,143.0,1
8152.7,128.0,1
8152.9,144.3,1
8158.0,160.2,1
8158.2,137.4,1
8158.3,137.7,1
8158.5,156.8,1
8158.6,142.8,1
8163.7,116.2,1
8163.8,131.5,1
8164.0,125.5,1
8164.1,102.1,1
8164.2,121.9,1
8169.3,142.8,1
8169.4,101.6,1
8169.6,134.2,1
8169.7,124.5,1
8169.8,142.0,1
8175.0,148.6,1
8175.1,84.3,1
8175.2,143.5,1
8175.3,77.4,1
8175.4,116.6,1
8180.5,112.1,1
8180.7,122.8,1
8180.8,101.8,1
8180.9,99.8,1
8181.0,113.4,1
8186.1,92.3,1
8186.2,105.9,1
8186.3,91.9,1
8186.4,128.6,1
8186.5,133.7,1
8191.7,140.3,1
8191.8,151.9,1
8192.0,118.0,1
8192.1,134.4,1
8192.2,115.0,1
8197.3,76.6,1
8197.4,121.6,1
8197.5,74.6,1
8197.6,78.3,1
8197.7,137.3,1
8202.8,135.2,1
8203.0,146.9,1
8203.1,87.9,1
8203.2,146.7,1
8203.3,125.2,1
8208.4,70.8,1
8208.5,104.6,1
8208.7,127.7,1
8208.8,115.7,1
8208.9,131.6,1
8214.0,129.2,1
8214.2,132.8,1
8214.3,134.4,1
8214.4,133.4,1
8214.6,130.5,1
8219.7,110.8,1
8219.8,126.9,1
8220.0,155.5,1
8220.1,125.8,1
8220.2,138.5,1
8225.3,74.0,1
8225.4,98.9,1
8225.5,104.6,1
8225.6,77.2,1
8225.7,107.2,1
8230.8,75.8,1
8230.9,137.9,1
8231.0,72.7,1
8231.1,74.0,1
8231.2,113.8,1
8236.3,112.5,1
8236.4,139.3,1
8236.5,87.9,1
8236.6,81.5,1
8236.7,125.9,1
8241.8,118.6,1
8242.0,149.8,1
8242.1,127.6,1
8242.2,79.3,1
8242.3,125.0,1
8247.4,122.5,1
8247.6,131.3,1
8247.7,126.5,1
8247.8,121.2,1
8248.0,154.3,1
8253.1,74.2,1
8253.2,136.1,1
8253.3,77.8,1
8253.4,113.4,1
8253.5,122.5,1
8258.6,123.3,1
8258.8,132.1,1
8258.9,129.7,1
8259.0,122.1,1
8259.2,130.6,1
8264.3,137.2,1
8264.4,117.0,1
8264.6,141.4,1
8264.7,120.8,1
8264.8,146.4,1
8269.9,100.6,1
8270.0,107.8,1
8270.1,100.6,1
8270.2,115.1,1
8270.4,112.8,1
8275.4,72.2,1
8275.5,91.4,1
8275.7,139.5,1
8275.8,80.7,1
8275.8,75.3,1
8281.0,120.9,1
8281.1,114.6,1
8281.2,105.0,1
8281.2,77.6,1
8281.4,110.9,1
8286.5,119.7,1
8286.6,160.1,1
8286.8,144.1,1
8286.9,142.9,1
8287.1,134.7,1
8292.2,123.3,1
8292.3,83.7,1
8292.4,144.2,1
8292.5,103.0,1
8292.6,86.7,1
8297.7,102.1,1
8297.9,142.2,1
8298.0,120.9,1
8298.1,101.4,1
8298.2,143.0,1
8303.3,114.9,1
8303.5,154.7,1
8303.6,145.5,1
8303.8,141.4,1
8304.0,250.0,1
8309.1,95.3,1
8309.2,113.4,1
8309.4,106.0,1
8309.4,89.4,1
8309.6,141.1,1
8314.7,106.3,1
8314.8,101.9,1
8314.9,80.2,1
8315.0,100.0,1
8315.1,119.4,1
8320.2,126.5,1
8320.4,151.9,1
8320.5,104.3,1
8320.6,133.2,1
8320.7,112.7,1
8325.8,90.4,1
8326.0,145.8,1
8326.1,115.1,1
8326.2,132.9,1
8326.3,111.1,1
8331.5,132.7,1
8331.6,126.1,1
8331.7,112.8,1
8331.8,113.6,1
8332.0,140.5,1
8337.0,80.1,1
8337.2,126.7,1
8337.3,141.6,1
8337.4,134.0,1
8337.6,151.7,1
8342.7,135.1,1
8342.9,115.3,1
8342.9,89.6,1
8343.1,140.8,1
8343.2,136.7,1
8348.3,121.3,1
8348.5,128.2,1
8348.6,93.0,1
8348.7,137.6,1
8348.8,112.8,1
8354.0,146.7,1
8354.1,147.4,1
8354.2,115.8,1
8354.3,75.7,1
8354.4,101.3,1
8359.5,71.1,1
8359.6,81.1,1
8359.7,122.7,1
8359.8,83.3,1
8359.8,75.9,1
8365.0,153.0,1
8365.1,130.6,1
8365.2,111.1,1
8365.3,81.2,1
8365.4,100.1,1
8370.6,116.0,1
8370.7,146.5,1
8370.8,147.8,1
8370.9,88.3,1
8371.1,137.3,1
8376.2,113.1,1
8376.3,93.3,1
8376.4,127.5,1
8376.5,125.1,1
8376.7,130.4,1
8381.8,103.0,1
8381.9,138.6,1
8382.0,140.4,1
8382.2,126.5,1
8382.3,98.0,1
8387.4,112.3,1
8387.5,107.2,1
8387.7,162.9,1
8387.8,142.3,1
8387.9,132.6,1
8393.0,107.8,1
8393.1,80.5,1
8393.3,139.4,1
8393.4,82.3,1
8393.5,139.1,1
8398.6,143.0,1
8398.8,140.8,1
8398.9,143.5,1
8399.0,117.9,1
8399.2,129.0,1
8404.3,117.7,1
8404.4,136.5,1
8404.6,128.0,1
8404.7,117.5,1
8404.8,87.1,1
8409.8,84.2,1
8410.0,141.2,1
8410.1,124.2,1
8410.2,108.5,1
8410.4,135.2,1
8415.4,83.0,1
8415.6,113.8,1
8415.7,99.8,1
8415.8,132.7,1
8415.9,123.4,1
8421.0,98.5,1
8421.1,121.2,1
8421.2,108.0,1
8421.4,144.5,1
8421.5,123.5,1
8426.6,87.5,1
8426.7,121.5,1
8426.8,110.9,1
8427.0,139.2,1
8427.1,98.8,1
8432.2,88.1,1
8432.3,99.8,1
8432.4,112.2,1
8432.5,96.1,1
8432.6,107.5,1
8437.7,82.9,1
8437.8,130.5,1
8437.9,124.8,1
8438.0,119.7,1
8438.2,119.8,1
8443.3,80.3,1
8443.3,94.8,1
8443.5,127.0,1
8443.6,144.7,1
8443.7,120.7,1
8448.9,108.1,1
8448.9,92.9,1
8449.1,107.7,1
8449.2,144.4,1
8449.3,128.8,1
8454.4,108.2,1
8454.5,96.7,1
8454.6,82.2,1
8454.7,80.2,1
8454.8,132.1,1
8460.0,143.9,1
8460.1,98.0,1
8460.2,76.1,1
8460.2,92.8,1
8460.4,145.0,1
8465.5,120.0,1
8465.6,129.9,1
8465.8,123.3,1
8465.9,162.6,1
8466.1,147.0,1
8471.2,119.2,1
8471.3,117.3,1
8471.4,119.8,1
8471.6,155.5,1
8471.7,144.5,1
8476.9,139.1,1
8477.0,125.6,1
8477.1,77.4,1
8477.2,138.7,1
8477.3,121.4,1
8482.5,129.3,1
8482.6,139.4,1
8482.8,141.7,1
8482.9,179.4,1
8483.1,150.7,1
8488.2,142.6,1
8488.3,71.9,1
8488.4,130.0,1
8488.6,121.9,1
8488.7,137.8,1
8493.8,115.5,1
8493.9,97.1,1
8494.0,112.9,1
8494.1,111.4,1
8494.2,98.4,1
8499.4,115.5,1
8499.4,73.0,1
8499.5,88.0,1
8499.7,134.0,1
8499.7,80.2,1
8504.8,76.2,1
8504.9,108.0,1
8505.0,72.5,1
8505.1,119.0,1
8505.3,141.7,1
8510.4,148.0,1
8510.5,132.0,1
8510.7,134.5,1
8510.8,144.4,1
8511.0,164.2,1
8516.1,85.9,1
8516.2,139.0,1
8516.3,74.2,1
8516.4,132.9,1
8516.5,106.1,1
8521.6,91.9,1
8521.7,124.6,1
8521.9,144.1,1
8522.0,152.1,1
8522.2,109.4,1
8527.2,72.6,1
8527.3,71.3,1
8527.4,126.5,1
8527.5,98.2,1
8527.6,117.3,1
8532.8,148.9,1
8532.9,103.0,1
8533.0,128.7,1
8533.1,109.2,1
8533.3,119.4,1
8538.4,138.1,1
8538.5,110.4,1
8538.6,111.0,1
8538.7,87.3,1
8538.8,120.4,1
8544.0,124.9,1
8544.1,107.9,1
8544.2,124.6,1
8544.3,115.8,1
8544.4,119.0,1
8549.5,96.7,1
8549.6,81.4,1
8549.7,115.4,1
8549.8,79.0,1
8549.9,89.6,1
8555.0,146.1,1
8555.1,103.5,1
8555.2,92.7,1
8555.3,104.7,1
8555.4,93.1,1
8560.6,124.9,1
8560.7,139.7,1
8560.8,141.8,1
8561.0,141.9,1
8561.1,115.9,1
8566.3,146.2,1
8566.3,84.3,1
8566.5,111.8,1
8566.6,126.9,1
8566.7,109.1,1
8571.8,126.3,1
8572.0,141.2,1
8572.1,154.3,1
8572.2,124.3,1
8572.4,180.7,1
8577.5,113.3,1
8577.7,118.5,1
8577.8,129.6,1
8577.9,130.4,1
8578.0,128.2,1
8583.2,106.8,1
8583.3,146.3,1
8583.4,123.0,1
8583.5,119.4,1
8583.6,83.5,1
8588.7,102.9,1
8588.8,74.2,1
8588.9,105.0,1
8589.0,75.1,1
8589.1,74.6,1
8594.2,117.3,1
8594.3,138.3,1
8594.4,76.3,1
8594.5,107.7,1
8594.6,92.5,1
8599.7,133.8,1
8599.8,79.9,1
8599.9,112.8,1
8600.1,126.9,1
8600.2,130.6,1
8605.3,104.7,1
8605.4,109.1,1
8605.5,75.7,1
8605.6,101.1,1
8605.7,130.6,1
8610.9,142.5,1
8611.0,126.7,1
8611.1,120.6,1
8611.2,126.4,1
8611.3,89.2,1
8616.5,146.4,1
8616.6,132.3,1
8616.7,129.8,1
8616.8,95.6,1
8616.9,100.3,1
8622.0,97.1,1
8622.2,111.8,1
8622.3,139.7,1
8622.4,134.8,1
8622.5,84.8,1
8627.7,137.3,1
8627.8,119.6,1
8627.9,108.6,1
8628.0,149.8,1
8628.2,131.1,1
8633.3,144.9,1
8633.4,123.4,1
8633.5,113.0,1
8633.7,149.0,1
8633.8,115.9,1
8638.9,93.2,1
8639.0,89.5,1
8639.1,115.0,1
8639.2,101.4,1
8639.3,78.4,1
8644.4,137.5,1
8644.6,144.6,1
8644.7,150.1,1
8644.9,141.5,1
8645.0,147.9,1
8650.1,115.8,1
8650.3,114.8,1
8650.4,135.1,1
8650.5,143.8,1
8650.6,92.4,1
8655.8,130.4,1
8655.9,123.9,1
8656.0,137.8,1
8656.1,102.7,1
8656.3,127.0,1
8661.4,135.3,1
8661.5,142.5,1
8661.7,170.6,1
8661.9,174.5,1
8662.0,155.2,1
8667.2,123.7,1
8667.3,135.9,1
8667.4,109.4,1
8667.6,142.5,1
8667.7,129.1,1
8672.8,146.0,1
8673.0,150.8,1
8673.1,110.4,1
8673.2,143.1,1
8673.4,137.3,1
8678.5,86.3,1
8678.5,72.5,1
8678.6,110.4,1
8678.7,90.1,1
8678.8,92.3,1
8683.9,92.6,1
8684.0,104.9,1
8684.1,115.2,1
8684.2,70.1,1
8684.3,115.5,1
8689.4,86.4,1
8689.5,98.1,1
8689.6,94.4,1
8689.7,122.2,1
8689.8,93.5,1
8695.0,127.2,1
8695.1,151.6,1
8695.2,127.5,1
8695.4,147.1,1
8695.5,111.7,1
8700.6,120.0,1
8700.8,128.3,1
8700.9,134.1,1
8701.0,90.0,1
8701.1,143.9,1
8706.2,119.9,1
8706.4,135.1,1
8706.5,139.4,1
8706.6,124.5,1
8706.8,126.4,1
8711.9,135.0,1
8712.1,143.2,1
8712.2,129.7,1
8712.3,114.8,1
8712.4,115.0,1
8717.5,120.3,1
8717.7,138.0,1
8717.8,131.5,1
8717.9,104.7,1
8718.0,105.0,1
8723.1,74.5,1
8723.2,90.0,1
8723.3,93.8,1
8723.4,85.5,1
8723.5,137.2,1
8728.6,99.9,1
8728.7,106.9,1
8728.9,148.3,1
8729.0,133.9,1
8729.1,71.9,1
8734.2,112.1,1
8734.3,99.7,1
8734.4,126.9,1
8734.5,129.7,1
8734.7,140.5,1
8739.8,130.5,1
8740.0,142.2,1
8740.1,151.5,1
8740.2,97.5,1
8740.3,137.1,1
8745.5,105.8,1
8745.6,112.0,1
8745.7,93.2,1
8745.8,152.2,1
8745.9,115.3,1
8751.1,150.2,1
8751.2,137.4,1
8751.3,70.5,1
8751.4,130.1,1
8751.5,107.6,1
8756.7,148.6,1
8756.8,86.8,1
8756.9,130.5,1
8757.0,107.5,1
8757.1,120.5,1
8762.3,139.6,1
8762.4,119.5,1
8762.5,91.0,1
8762.6,129.2,1
8762.7,118.0,1
8767.8,99.6,1
8767.9,84.1,1
8768.0,109.4,1
8768.2,123.2,1
8768.2,94.5,1
8773.3,74.5,1
8773.4,117.4,1
8773.5,92.7,1
8773.6,79.3,1
8773.7,99.1,1
8778.9,141.7,1
8778.9,81.4,1
8779.1,150.5,1
8779.2,136.6,1
8779.4,126.9,1
8784.5,136.4,1
8784.6,108.6,1
8784.7,143.5,1
8784.9,123.4,1
8785.0,130.0,1
8790.1,81.2,1
8790.2,90.7,1
8790.3,88.2,1
8790.4,134.4,1
8790.5,117.1,1
8795.7,135.2,1
8795.8,120.9,1
8795.9,131.2,1
8796.0,131.7,1
8796.2,111.1,1
8801.3,105.7,1
8801.4,109.6,1
8801.5,120.7,1
8801.6,112.1,1
8801.8,146.0,1
8806.9,148.5,1
8807.0,113.2,1
8807.2,140.5,1
8807.3,129.2,1
8807.4,157.7,1
8812.5,72.3,1
8812.6,91.1,1
8812.7,73.0,1
8812.8,86.5,1
8812.9,131.6,1
8818.0,75.7,1
8818.1,85.6,1
8818.1,74.2,1
8818.2,101.4,1
8818.3,71.2,1
8823.4,118.3,1
8823.6,131.1,1
8823.7,136.9,1
8823.9,152.1,1
8824.0,148.0,1
8829.1,119.1,1
8829.2,119.6,1
8829.3,96.9,1
8829.5,140.8,1
8829.6,103.3,1
8834.7,121.7,1
8834.8,106.5,1
8834.9,97.1,1
8835.0,117.2,1
8835.2,144.3,1
8840.3,141.8,1
8840.5,124.5,1
8840.6,143.1,1
8840.8,178.9,1
8840.9,125.4,1
8846.0,82.3,1
8846.1,118.3,1
8846.2,107.9,1
8846.3,109.6,1
8846.4,106.1,1
8851.5,84.0,1
8851.6,114.1,1
8851.8,144.4,1
8851.9,145.0,1
8852.0,125.5,1
8857.1,88.1,1
8857.3,118.7,1
8857.4,94.7,1
8857.4,87.1,1
8857.5,73.1,1
8862.6,74.7,1
8862.7,72.1,1
8862.8,94.3,1
8862.9,110.2,1
8863.0,119.0,1
8868.1,90.0,1
8868.2,96.6,1
8868.3,109.5,1
8868.4,124.1,1
8868.5,125.5,1
8873.7,124.8,1
8873.7,80.5,1
8873.9,156.0,1
8874.0,94.8,1
8874.1,98.3,1
8879.2,109.7,1
8879.4,146.2,1
8879.5,108.4,1
8879.6,125.2,1
8879.7,123.1,1
8884.9,151.1,1
8885.0,88.9,1
8885.1,134.8,1
8885.2,85.5,1
8885.3,143.8,1
8890.5,145.5,1
8890.6,128.3,1
8890.7,127.6,1
8890.9,127.7,1
8891.0,117.9,1
8896.1,139.1,1
8896.2,124.2,1
8896.4,136.1,1
8896.5,117.8,1
8896.6,120.0,1
8901.8,126.9,1
8901.9,129.1,1
8902.0,128.8,1
8902.1,79.9,1
8902.2,92.8,1
8907.3,94.3,1
8907.4,74.8,1
8907.4,78.8,1
8907.5,77.0,1
8907.6,104.6,1
8912.7,124.3,1
8912.9,112.8,1
8912.9,89.3,1
8913.1,127.1,1
8913.2,81.8,1
8918.3,145.8,1
8918.5,160.8,1
8918.6,148.6,1
8918.8,138.2,1
8918.9,131.0,1
8924.0,120.0,1
8924.2,149.7,1
8924.3,97.0,1
8924.4,104.8,1
8924.4,72.1,1
8929.6,129.6,1
8929.7,150.3,1
8929.8,127.5,1
8930.0,140.0,1
8930.1,129.2,1
8935.2,129.2,1
8935.4,121.3,1
8935.4,73.6,1
8935.6,111.2,1
8935.7,125.1,1
8940.8,122.4,1
8940.9,136.4,1
8941.0,108.0,1
8941.1,88.1,1
8941.3,116.4,1
8946.3,71.5,1
8946.4,74.5,1
8946.5,118.9,1
8946.6,79.1,1
8946.7,88.4,1
8951.8,119.9,1
8951.9,107.2,1
8952.0,112.5,1
8952.1,84.0,1
8952.2,81.8,1
8957.3,72.8,1
8957.3,74.0,1
8957.5,138.1,1
8957.6,119.1,1
8957.7,123.1,1
8962.8,82.6,1
8963.0,149.3,1
8963.1,91.2,1
8963.2,127.6,1
8963.3,145.5,1
8968.4,113.0,1
8968.6,122.3,1
8968.7,139.3,1
8968.9,140.4,1
8969.0,127.5,1
8974.1,99.3,1
8974.2,123.8,1
8974.3,122.8,1
8974.4,77.4,1
8974.5,140.2,1
8979.7,111.9,1
8979.8,96.1,1
8979.9,121.2,1
8980.0,146.0,1
8980.2,145.6,1
8985.3,136.3,1
8985.4,134.4,1
8985.6,144.7,1
8985.8,182.6,1
8985.9,146.1,1
8991.0,97.1,1
8991.2,130.5,1
8991.3,134.1,1
8991.4,109.1,1
8991.5,72.8,1
8996.6,85.0,1
8996.6,72.3,1
8996.7,73.9,1
8996.8,81.6,1
8996.9,77.2,1
9002.0,163.4,1
9002.2,135.4,1
9002.3,132.0,1
9002.4,142.3,1
9002.6,182.5,1
9007.7,104.3,1
9007.9,139.2,1
9008.0,145.0,1
9008.1,112.4,1
9008.2,113.2,1
9013.4,123.3,1
9013.5,143.4,1
9013.6,125.8,1
9013.8,150.0,1
9013.9,144.8,1
9019.1,124.8,1
9019.2,120.8,1
9019.3,141.9,1
9019.5,129.5,1
9019.6,131.3,1
9024.7,107.3,1
9024.8,126.2,1
9024.9,96.2,1
9025.1,153.9,1
9025.2,120.8,1
9030.3,83.5,1
9030.4,109.2,1
9030.5,131.6,1
9030.7,126.8,1
9030.8,130.1,1
9035.9,108.1,1
9036.0,121.4,1
9036.1,114.7,1
9036.2,76.6,1
9036.3,90.7,1
9041.4,73.6,1
9041.4,72.2,1
9041.5,75.7,1
9041.6,74.6,1
9041.7,91.5,1
9046.8,84.6,1
9046.9,145.8,1
9047.1,145.2,1
9047.2,133.3,1
9047.4,146.2,1
9052.4,86.0,1
9052.6,127.5,1
9052.7,145.4,1
9052.9,139.7,1
9053.0,102.8,1
9058.0,85.7,1
9058.2,125.8,1
9058.3,114.8,1
9058.4,136.2,1
9058.5,95.5,1
9063.6,87.4,1
9063.7,111.7,1
9063.8,119.3,1
9063.9,91.0,1
9064.0,72.4,1
9069.1,135.4,1
9069.3,149.1,1
9069.4,102.9,1
9069.5,97.2,1
9069.6,109.1,1
9074.7,99.0,1
9074.8,97.9,1
9075.0,149.5,1
9075.1,110.2,1
9075.2,110.2,1
9080.3,99.3,1
9080.4,99.9,1
9080.5,128.4,1
9080.6,121.5,1
9080.7,104.0,1
9085.9,132.3,1
9086.0,86.8,1
9086.1,113.2,1
9086.2,142.2,1
9086.3,134.9,1
9091.5,120.0,1
9091.6,119.8,1
9091.7,91.4,1
9091.8,143.3,1
9091.9,97.0,1
9097.0,75.2,1
9097.1,126.1,1
9097.2,93.7,1
9097.3,74.1,1
9097.4,122.0,1
9102.5,121.3,1
9102.6,75.3,1
9102.8,143.7,1
9102.9,114.8,1
9103.0,99.0,1
9108.1,116.9,1
9108.2,111.3,1
9108.3,81.3,1
9108.4,140.4,1
9108.6,133.4,1
9113.6,78.4,1
9113.7,76.7,1
9113.9,132.3,1
9114.0,137.8,1
9114.1,94.4,1
9119.2,138.6,1
9119.3,99.9,1
9119.5,142.2,1
9119.6,110.4,1
9119.7,98.4,1
9124.8,97.0,1
9124.9,103.0,1
9125.0,142.1,1
9125.1,71.8,1
9125.2,72.7,1
9130.3,74.7,1
9130.3,73.1,1
9130.4,110.4,1
9130.6,124.0,1
9130.7,113.6,1
9135.8,130.9,1
9135.9,97.9,1
9136.1,146.7,1
9136.1,85.0,1
9136.3,150.8,1
9141.4,121.8,1
9141.6,146.2,1
9141.7,129.3,1
9141.8,94.0,1
9141.9,132.2,1
9147.0,126.9,1
9147.2,117.1,1
9147.3,122.2,1
9147.4,106.5,1
9147.5,121.9,1
9152.6,124.5,1
9152.8,122.2,1
9152.9,129.5,1
9153.0,91.5,1
9153.1,123.5,1
9158.2,98.1,1
9158.3,112.4,1
9158.5,129.5,1
9158.5,85.0,1
9158.7,143.4,1
9163.8,80.1,1
9163.9,131.3,1
9164.0,115.1,1
9164.2,139.6,1
9164.3,147.4,1
9169.4,92.4,1
9169.5,111.5,1
9169.6,119.3,1
9169.8,131.6,1
9169.9,127.6,1
9175.0,105.5,1
9175.1,138.1,1
9175.2,99.8,1
9175.3,108.2,1
9175.4,74.4,1
9180.6,149.7,1
9180.7,136.6,1
9180.8,128.5,1
9181.0,125.0,1
9181.1,154.8,1
9186.2,120.9,1
9186.3,98.5,1
9186.5,143.4,1
9186.6,104.8,1
9186.7,140.1,1
9191.9,150.6,1
9192.0,151.0,1
9192.2,128.9,1
9192.3,153.9,1
9192.5,132.4,1
9197.6,119.7,1
9197.7,139.2,1
9197.9,146.3,1
9198.0,145.9,1
9198.2,146.3,1
9203.3,131.3,1
9203.4,133.4,1
9203.5,122.0,1
9203.7,145.0,1
9203.8,102.2,1
9208.9,110.7,1
9209.0,123.2,1
9209.1,105.5,1
9209.3,142.6,1
9209.4,91.4,1
9214.5,118.2,1
9214.6,139.1,1
9214.7,113.7,1
9214.8,72.0,1
9214.9,91.3,1
9220.0,105.5,1
9220.1,122.1,1
9220.3,117.9,1
9220.3,81.1,1
9220.4,72.6,1
9225.5,88.9,1
9225.6,97.2,1
9225.7,140.8,1
9225.9,131.3,1
9226.0,124.6,1
9231.1,139.8,1
9231.2,82.0,1
9231.3,104.2,1
9231.4,106.7,1
9231.5,106.0,1
9236.7,111.5,1
9236.7,76.7,1
9236.9,133.7,1
9237.0,141.7,1
9237.1,132.8,1
9242.3,116.7,1
9242.4,141.0,1
9242.5,134.7,1
9242.6,98.2,1
9242.8,141.6,1
9247.9,118.3,1
9248.0,101.0,1
9248.1,75.1,1
9248.2,134.3,1
9248.3,109.2,1
9253.4,82.2,1
9253.5,96.9,1
9253.6,133.8,1
9253.8,138.4,1
9253.9,85.8,1
9259.0,86.1,1
9259.1,120.5,1
9259.2,87.6,1
9259.3,117.3,1
9259.4,112.8,1
9264.5,73.9,1
9264.6,142.6,1
9264.8,146.1,1
9264.9,96.4,1
9265.0,131.3,1
9270.1,144.8,1
9270.3,123.0,1
9270.4,107.8,1
9270.5,96.5,1
9270.6,129.0,1
9275.7,137.7,1
9275.9,145.5,1
9276.0,121.0,1
9276.1,132.0,1
9276.3,134.0,1
9281.4,151.4,1
9281.6,130.7,1
9281.7,136.1,1
9281.8,124.9,1
9282.0,139.0,1
9287.1,125.4,1
9287.2,121.8,1
9287.3,112.1,1
9287.5,134.6,1
9287.6,159.0,1
9292.7,120.8,1
9292.9,146.0,1
9293.0,123.8,1
9293.1,104.6,1
9293.3,147.4,1
9298.4,126.1,1
9298.5,94.4,1
9298.6,127.5,1
9298.7,124.5,1
9298.9,130.8,1
9304.0,83.0,1
9304.1,128.7,1
9304.2,93.4,1
9304.3,126.9,1
9304.4,83.7,1
9309.5,71.1,1
9309.5,70.8,1
9309.6,75.2,1
9309.7,117.1,1
9309.8,104.9,1
9314.9,103.9,1
9315.1,123.8,1
9315.2,113.2,1
9315.3,100.6,1
9315.4,120.0,1
9320.5,137.3,1
9320.7,142.4,1
9320.8,139.5,1
9321.0,138.6,1
9321.1,125.9,1
9326.2,131.3,1
9326.4,128.1,1
9326.5,147.6,1
9326.6,149.3,1
9326.8,134.8,1
9331.9,139.9,1
9332.0,118.1,1
9332.2,146.9,1
9332.3,127.7,1
9332.5,147.2,1
9337.6,90.1,1
9337.7,117.3,1
9337.8,146.3,1
9338.0,141.5,1
9338.1,112.4,1
9343.2,126.9,1
9343.4,157.0,1
9343.5,130.2,1
9343.6,133.2,1
9343.8,137.1,1
9348.9,80.8,1
9349.0,144.2,1
9349.1,111.7,1
9349.2,72.0,1
9349.3,72.9,1
9354.3,73.5,1
9354.4,80.1,1
9354.5,72.0,1
9354.6,71.6,1
9354.7,120.9,1
9359.8,157.1,1
9360.0,120.4,1
9360.1,148.9,1
9360.2,117.4,1
9360.3,86.5,1
9365.4,110.8,1
9365.6,140.3,1
9365.6,76.2,1
9365.8,152.6,1
9365.9,115.1,1
9371.0,119.8,1
9371.1,107.2,1
9371.3,109.4,1
9371.4,126.9,1
9371.5,122.4,1
9376.6,119.3,1
9376.8,141.7,1
9376.9,122.2,1
9377.0,119.5,1
9377.1,88.4,1
9382.2,98.4,1
9382.3,145.3,1
9382.4,81.5,1
9382.6,131.3,1
9382.7,137.7,1
9387.8,92.2,1
9387.9,119.3,1
9388.0,135.3,1
9388.2,101.7,1
9388.3,145.1,1
9393.4,73.2,1
9393.5,88.6,1
9393.6,148.9,1
9393.7,106.7,1
9393.9,140.3,1
9399.0,110.9,1
9399.0,73.4,1
9399.2,112.1,1
9399.2,72.3,1
9399.4,139.6,1
9404.5,147.0,1
9404.6,81.8,1
9404.7,80.2,1
9404.8,85.9,1
9404.8,78.5,1
9410.0,108.4,1
9410.1,118.9,1
9410.2,115.7,1
9410.3,130.6,1
9410.5,125.8,1
9415.5,79.7,1
9415.7,136.6,1
9415.8,111.8,1
9415.9,96.1,1
9416.0,133.6,1
9421.1,113.9,1
9421.2,89.5,1
9421.3,122.4,1
9421.4,101.7,1
9421.6,131.3,1
9426.7,115.3,1
9426.8,150.1,1
9427.0,128.4,1
9427.1,119.9,1
9427.2,94.7,1
9432.3,107.8,1
9432.4,95.4,1
9432.5,136.0,1
9432.7,124.9,1
9432.8,90.0,1
9437.9,139.5,1
9438.0,80.2,1
9438.1,100.3,1
9438.1,73.1,1
9438.2,71.7,1
9443.3,83.3,1
9443.4,77.5,1
9443.5,132.2,1
9443.6,86.6,1
9443.7,99.7,1
9448.8,127.3,1
9448.9,91.1,1
9449.0,82.3,1
9449.2,143.3,1
9449.2,74.9,1
9454.4,119.1,1
9454.5,118.3,1
9454.6,146.7,1
9454.7,107.4,1
9454.9,146.9,1
9460.0,117.8,1
9460.1,124.5,1
9460.2,120.2,1
9460.4,120.4,1
9460.4,82.8,1
9465.6,134.7,1
9465.7,143.1,1
9465.8,100.8,1
9465.9,92.9,1
9466.1,140.0,1
9471.2,133.0,1
9471.3,101.6,1
9471.4,117.1,1
9471.6,151.4,1
9471.7,134.2,1
9476.8,128.8,1
9477.0,129.7,1
9477.1,115.0,1
9477.2,119.7,1
9477.3,87.8,1
9482.4,135.5,1
9482.6,129.0,1
9482.7,106.3,1
9482.8,147.1,1
9482.9,95.3,1
9488.0,106.5,1
9488.1,125.4,1
9488.2,91.5,1
9488.3,105.8,1
9488.4,72.1,1
9493.5,77.0,1
9493.6,79.2,1
9493.7,113.4,1
9493.8,78.2,1
9493.9,117.2,1
9499.0,83.6,1
9499.1,137.2,1
9499.2,111.9,1
9499.3,116.0,1
9499.4,108.7,1
9504.5,91.8,1
9504.6,100.9,1
9504.7,79.7,1
9504.9,137.4,1
9505.0,126.3,1
9510.1,74.5,1
9510.2,101.0,1
9510.3,145.7,1
9510.4,80.2,1
9510.5,82.8,1
9515.6,94.9,1
9515.7,143.5,1
9515.8,126.5,1
9516.0,140.2,1
9516.1,140.5,1
9521.3,129.2,1
9521.4,136.8,1
9521.5,139.2,1
9521.7,152.8,1
9521.8,162.7,1
9527.0,117.7,1
9527.1,98.6,1
9527.2,131.5,1
9527.3,124.6,1
9527.4,121.0,1
9532.5,75.9,1
9532.7,132.7,1
9532.8,123.8,1
9532.9,101.0,1
9533.0,102.3,1
9538.1,119.0,1
9538.2,89.8,1
9538.3,122.2,1
9538.4,101.0,1
9538.5,127.6,1
9543.6,79.3,1
9543.7,76.4,1
9543.8,121.0,1
9543.9,120.4,1
9544.1,118.8,1
9549.2,112.3,1
9549.3,116.7,1
9549.4,70.8,1
9549.5,113.0,1
9549.6,72.4,1
9554.7,104.9,1
9554.8,134.3,1
9554.9,105.8,1
9555.0,135.7,1
9555.2,117.1,1
9560.2,74.6,1
9560.4,116.5,1
9560.5,122.8,1
9560.6,142.9,1
9560.8,133.4,1
9565.9,116.9,1
9566.0,141.3,1
9566.2,153.6,1
9566.3,120.8,1
9566.4,96.1,1
9571.5,106.3,1
9571.6,115.9,1
9571.7,120.4,1
9571.9,159.4,1
9572.0,139.8,1
9577.2,108.1,1
9577.3,116.7,1
9577.4,105.9,1
9577.5,106.0,1
9577.6,72.1,1
9582.7,103.5,1
9582.8,99.5,1
9582.8,77.1,1
9583.0,137.9,1
9583.1,135.0,1
9588.2,117.9,1
9588.3,117.5,1
9588.5,141.2,1
9588.6,95.8,1
9588.7,128.7,1
9593.8,82.0,1
9593.9,139.4,1
9594.1,138.9,1
9594.2,74.4,1
9594.3,141.0,1
9599.4,128.0,1
9599.5,76.8,1
9599.7,147.2,1
9599.8,116.3,1
9599.8,80.5,1
9605.0,109.9,1
9605.0,72.2,1
9605.2,126.1,1
9605.3,116.1,1
9605.4,113.1,1
9610.5,84.0,1
9610.6,123.8,1
9610.7,91.9,1
9610.8,147.3,1
9611.0,121.6,1
9616.1,104.4,1
9616.2,85.4,1
9616.3,113.7,1
9616.4,145.7,1
9616.5,112.5,1
9621.6,108.4,1
9621.7,89.0,1
9621.9,118.9,1
9622.0,102.1,1
9622.0,75.9,1
9627.1,85.7,1
9627.2,77.7,1
9627.3,86.3,1
9627.4,97.4,1
9627.5,81.0,1
9632.6,119.3,1
9632.7,118.5,1
9632.8,103.0,1
9632.9,121.7,1
9633.0,74.8,1
9638.1,82.2,1
9638.2,105.9,1
9638.3,73.2,1
9638.4,137.2,1
9638.5,85.7,1
9643.6,114.0,1
9643.7,103.0,1
9643.8,128.5,1
9643.9,98.1,1
9644.1,130.4,1
9649.2,138.6,1
9649.3,127.9,1
9649.5,114.6,1
9649.6,144.7,1
9649.7,141.5,1
9654.9,119.0,1
9655.0,141.7,1
9655.1,105.9,1
9655.2,129.2,1
9655.3,93.7,1
9660.4,85.4,1
9660.5,85.1,1
9660.6,134.7,1
9660.8,140.9,1
9660.9,148.6,1
9666.1,155.3,1
9666.2,112.9,1
9666.3,118.6,1
9666.4,101.3,1
9666.5,72.4,1
9671.6,73.6,1
9671.7,134.5,1
9671.8,85.7,1
9671.9,111.8,1
9672.0,78.1,1
9677.1,142.3,1
9677.3,130.5,1
9677.4,100.7,1
9677.5,119.3,1
9677.6,131.1,1
9682.7,125.3,1
9682.8,100.7,1
9682.9,84.6,1
9683.1,138.1,1
9683.2,94.7,1
9688.3,89.7,1
9688.4,139.5,1
9688.5,87.9,1
9688.6,97.7,1
9688.7,120.5,1
9693.8,119.8,1
9693.9,98.6,1
9694.1,124.7,1
9694.2,114.8,1
9694.3,141.5,1
9699.4,119.6,1
9699.6,128.0,1
9699.7,162.5,1
9699.9,143.0,1
9700.0,155.3,1
9705.2,132.8,1
9705.3,142.1,1
9705.4,128.9,1
9705.6,133.6,1
9705.7,151.7,1
9710.9,138.5,1
9711.0,112.1,1
9711.1,92.9,1
9711.2,96.0,1
9711.3,104.7,1
9716.4,156.9,1
9716.6,139.0,1
9716.7,139.2,1
9716.8,142.6,1
9717.0,120.5,1
9722.1,114.3,1
9722.2,82.6,1
9722.3,118.6,1
9722.4,97.2,1
9722.5,120.1,1
9727.6,116.0,1
9727.8,147.7,1
9727.9,141.3,1
9728.0,121.1,1
9728.1,97.4,1
9733.3,125.9,1
9733.4,94.4,1
9733.5,95.6,1
9733.6,138.3,1
9733.7,95.5,1
9738.8,148.2,1
9739.0,129.1,1
9739.1,147.6,1
9739.2,73.4,1
9739.3,88.8,1
9744.4,130.2,1
9744.6,149.3,1
9744.7,88.9,1
9744.8,112.9,1
9744.9,102.9,1
9750.0,119.8,1
9750.1,120.2,1
9750.2,97.1,1
9750.3,120.1,1
9750.5,119.9,1
9755.5,87.4,1
9755.6,93.6,1
9755.8,136.5,1
9755.9,123.4,1
9756.0,134.0,1
9761.1,104.0,1
9761.2,108.5,1
9761.3,89.4,1
9761.5,117.4,1
9761.6,136.3,1
9766.7,77.8,1
9766.8,111.0,1
9766.9,126.5,1
9767.1,150.6,1
9767.2,117.2,1
9772.3,116.2,1
9772.4,142.3,1
9772.6,140.8,1
9772.7,121.0,1
9772.8,81.0,1
9777.9,116.9,1
9778.0,73.6,1
9778.1,94.9,1
9778.2,116.7,1
9778.3,120.7,1
9783.4,78.6,1
9783.5,103.2,1
9783.6,104.2,1
9783.7,89.3,1
9783.8,81.2,1
9788.9,142.8,1
9789.0,101.9,1
9789.1,117.8,1
9789.2,98.3,1
9789.4,120.5,1
9794.4,72.1,1
9794.6,135.2,1
9794.7,76.4,1
9794.7,74.4,1
9794.9,132.6,1
9799.9,74.0,1
9800.0,101.7,1
9800.1,71.2,1
9800.2,109.9,1
9800.3,113.5,1
9805.4,72.3,1
9805.5,72.0,1
9805.6,122.2,1
9805.7,118.0,1
9805.9,130.2,1
9811.0,122.1,1
9811.1,137.4,1
9811.2,101.1,1
9811.4,137.2,1
9811.5,150.1,1
9816.6,78.0,1
9816.7,115.5,1
9816.8,89.3,1
9817.0,158.9,1
9817.0,90.4,1
9822.1,71.9,1
9822.2,111.2,1
9822.4,128.2,1
9822.5,103.6,1
9822.5,74.4,1
9827.7,120.2,1
9827.8,121.0,1
9827.9,120.7,1
9828.0,119.8,1
9828.1,89.4,1
9833.2,104.6,1
9833.3,114.1,1
9833.5,138.5,1
9833.6,108.9,1
9833.7,115.7,1
9838.8,101.1,1
9838.9,102.9,1
9839.0,108.7,1
9839.1,101.4,1
9839.2,81.7,1
9844.3,73.8,1
9844.3,71.3,1
9844.4,72.5,1
9844.5,71.6,1
9844.6,142.2,1
9849.8,139.3,1
9849.9,111.2,1
9850.0,117.1,1
9850.1,109.2,1
9850.2,71.2,1
9855.3,92.8,1
9855.4,117.9,1
9855.5,88.4,1
9855.6,117.1,1
9855.7,137.0,1
9860.9,143.9,1
9861.0,123.1,1
9861.2,152.5,1
9861.3,85.2,1
9861.4,137.1,1
9866.5,83.0,1
9866.6,73.8,1
9866.6,94.4,1
9866.8,146.3,1
9866.9,131.3,1
9872.1,132.3,1
9872.2,127.8,1
9872.3,110.8,1
9872.4,73.1,1
9872.5,136.0,1
9877.6,86.1,1
9877.7,102.0,1
9877.8,134.0,1
9878.0,177.1,1
9878.2,156.7,1
9883.3,104.6,1
9883.4,85.3,1
9883.4,71.9,1
9883.5,79.0,1
9883.7,142.3,1
9888.8,141.3,1
9888.9,92.9,1
9889.0,71.9,1
9889.0,73.7,1
9889.1,73.3,1
9894.2,74.6,1
9894.3,84.0,1
9894.4,144.3,1
9894.5,108.3,1
9894.7,129.6,1
9899.8,103.9,1
9899.8,78.8,1
9899.9,76.4,1
9900.1,140.9,1
9900.2,108.6,1
9905.3,101.9,1
9905.4,119.8,1
9905.5,72.2,1
9905.6,139.1,1
9905.7,131.2,1
9910.9,154.2,1
9911.1,149.9,1
9911.2,157.2,1
9911.4,191.3,1
9911.5,133.9,1
9916.6,95.2,1
9916.7,99.4,1
9916.9,133.5,1
9917.0,134.4,1
9917.1,118.5,1
9922.3,147.1,1
9922.3,73.9,1
9922.5,127.0,1
9922.6,131.4,1
9922.7,72.7,1
9927.8,138.8,1
9928.0,151.7,1
9928.1,127.0,1
9928.2,145.8,1
9928.3,81.2,1
9933.4,94.4,1
9933.5,96.2,1
9933.7,137.0,1
9933.8,103.7,1
9933.9,123.7,1
9939.0,109.1,1
9939.1,75.0,1
9939.2,102.5,1
9939.3,110.1,1
9939.4,71.1,1
9944.4,72.9,1
9944.5,93.8,1
9944.6,96.7,1
9944.7,71.5,1
9944.8,114.8,1
9950.0,129.8,1
9950.1,126.6,1
9950.2,122.8,1
9950.3,118.7,1
9950.4,122.3,1
9955.5,74.2,1
9955.6,102.4,1
9955.7,109.1,1
9955.9,132.9,1
9956.0,140.8,1
9961.1,102.5,1
9961.2,123.3,1
9961.4,127.8,1
9961.4,86.5,1
9961.6,140.9,1
9966.7,147.3,1
9966.9,114.8,1
9967.0,122.4,1
9967.1,128.9,1
9967.2,119.8,1
9972.4,128.2,1
9972.5,121.0,1
9972.6,92.4,1
9972.7,122.5,1
9972.8,90.5,1
9977.9,76.3,1
9978.0,106.7,1
9978.1,107.8,1
9978.2,74.2,1
9978.3,105.2,1
9983.4,138.4,1
9983.5,84.2,1
9983.6,75.6,1
9983.6,86.4,1
9983.7,75.7,1
9988.8,85.9,1
9989.0,145.3,1
9989.1,117.4,1
9989.2,140.0,1
9989.3,72.8,1
9994.4,122.7,1
9994.5,131.6,1
9994.7,116.1,1
9994.8,135.1,1
9994.9,130.0,1
10000.1,130.5,1
10000.2,125.0,1
10000.3,80.5,1
10000.4,120.1,1
10000.5,131.3,1
10005.7,138.6,1
10005.8,125.2,1
10005.9,116.4,1
10006.0,128.5,1
10006.2,129.0,1
10011.3,119.1,1
10011.4,125.3,1
10011.5,94.4,1
10011.6,92.4,1
10011.7,122.6,1
10016.8,77.6,1
10016.9,105.5,1
10017.0,103.8,1
10017.1,114.9,1
10017.3,144.4,1
10022.4,77.1,1
10022.4,80.6,1
10022.5,81.1,1
10022.6,81.2,1
10022.7,73.3,1
10027.8,111.3,1
10027.9,96.5,1
10028.0,134.8,1
10028.1,83.8,1
10028.2,100.8,1
10033.3,77.7,1
10033.4,99.1,1
10033.5,107.6,1
10033.6,85.6,1
10033.7,132.9,1
10038.8,124.3,1
10039.0,129.9,1
10039.1,121.7,1
10039.2,125.0,1
10039.3,119.7,1
10044.4,97.9,1
10044.5,101.6,1
10044.7,121.3,1
10044.8,143.7,1
10044.9,126.4,1
10050.0,102.0,1
10050.2,134.4,1
10050.3,109.5,1
10050.4,135.0,1
10050.5,132.7,1
10055.7,102.2,1
10055.8,121.2,1
10055.9,132.5,1
10056.0,127.1,1
10056.1,110.6,1
10061.2,81.9,1
10061.3,78.3,1
10061.4,111.3,1
10061.6,133.9,1
10061.7,110.1,1
10066.8,97.5,1
10066.9,136.6,1
10067.0,74.9,1
10067.1,74.1,1
10067.2,106.2,1
10072.2,71.6,1
10072.3,74.4,1
10072.4,74.4,1
10072.5,100.6,1
10072.6,80.4,1
10077.6,72.5,1
10077.7,76.8,1
10077.9,129.9,1
10078.0,124.9,1
10078.1,95.8,1
10083.2,149.5,1
10083.3,113.9,1
10083.4,95.4,1
10083.6,149.7,1
10083.7,132.8,1
10088.9,147.3,1
10089.0,144.6,1
10089.1,128.2,1
10089.3,169.3,1
10089.5,160.5,1
10094.6,139.8,1
10094.7,125.8,1
10094.8,92.9,1
10095.0,135.1,1
10095.1,127.6,1
10100.2,101.6,1
10100.3,96.7,1
10100.4,95.2,1
10100.5,96.9,1
10100.6,78.7,1
10105.7,127.2,1
10105.9,164.1,1
10106.0,126.5,1
10106.1,123.4,1
10106.3,158.9,1
10111.4,107.6,1
10111.5,78.4,1
10111.6,99.2,1
10111.6,81.8,1
10111.8,118.1,1
10116.8,72.6,1
10117.0,107.3,1
10117.1,101.4,1
10117.1,92.1,1
10117.2,77.6,1
10122.3,102.3,1
10122.5,127.2,1
10122.5,73.4,1
10122.6,75.5,1
10122.7,71.1,1
10127.8,133.2,1
10128.0,137.5,1
10128.1,143.6,1
10128.2,108.1,1
10128.3,134.9,1
10133.4,96.5,1
10133.6,142.2,1
10133.7,122.0,1
10133.8,120.5,1
10134.0,144.4,1
10139.1,144.5,1
10139.2,122.4,1
10139.4,150.4,1
10139.5,105.8,1
10139.6,127.8,1
10144.8,124.5,1
10144.9,141.4,1
10145.0,142.8,1
10145.2,149.3,1
10145.3,99.0,1
10150.4,80.3,1
10150.5,94.1,1
10150.6,114.1,1
10150.7,121.4,1
10150.8,134.2,1
10155.9,80.8,1
10156.0,72.8,1
10156.1,100.9,1
10156.2,71.8,1
10156.3,115.4,1
10161.4,84.6,1
10161.4,71.8,1
10161.5,75.2,1
10161.6,99.7,1
10161.7,75.3,1
10166.8,76.0,1
10166.9,109.7,1
10167.0,74.2,1
10167.1,124.0,1
10167.2,97.6,1
10172.3,132.2,1
10172.4,94.9,1
10172.5,120.6,1
10172.6,113.7,1
10172.7,89.9,1
10177.8,102.3,1
10178.0,146.9,1
10178.1,131.6,1
10178.2,75.3,1
10178.3,127.2,1
10183.4,86.9,1
10183.5,75.4,1
10183.6,138.6,1
10183.8,145.5,1
10183.9,160.3,1
10189.1,153.7,1
10189.2,72.6,1
10189.2,87.7,1
10189.3,86.5,1
10189.4,112.2,1
10194.6,115.9,1
10194.7,120.5,1
10194.8,149.2,1
10195.0,122.3,1
10195.1,127.5,1
10200.2,74.3,1
10200.3,122.2,1
10200.4,100.3,1
10200.5,86.1,1
10200.6,145.4,1
10205.7,79.4,1
10205.8,124.9,1
10206.0,121.2,1
10206.1,122.3,1
10206.2,81.0,1
10211.2,86.0,1
10211.3,72.1,1
10211.4,93.0,1
10211.5,74.5,1
10211.6,101.4,1
10216.7,132.3,1
10216.8,119.0,1
10217.0,146.0,1
10217.1,126.2,1
10217.2,122.4,1
10222.4,130.2,1
10222.5,139.8,1
10222.6,133.9,1
10222.8,131.8,1
10222.9,129.1,1
10228.0,114.3,1
10228.1,117.1,1
10228.2,73.3,1
10228.3,101.1,1
10228.5,141.7,1
10233.6,103.2,1
10233.7,135.5,1
10233.8,103.7,1
10233.9,144.0,1
10234.1,121.3,1
10239.2,78.3,1
10239.2,85.3,1
10239.4,114.5,1
10239.5,125.2,1
10239.6,91.6,1
10244.7,82.8,1
10244.7,84.0,1
10244.8,99.4,1
10245.0,133.5,1
10245.1,80.8,1
10250.1,73.9,1
10250.3,123.9,1
10250.3,71.2,1
10250.4,109.9,1
10250.5,86.6,1
10255.6,75.2,1
10255.7,74.4,1
10255.8,77.7,1
10255.8,90.0,1
10255.9,85.1,1
10261.0,111.0,1
10261.2,121.6,1
10261.3,123.0,1
10261.4,109.0,1
10261.5,117.4,1
10266.6,120.7,1
10266.8,118.5,1
10266.9,139.7,1
10267.0,120.8,1
10267.2,136.4,1
10272.3,91.2,1
10272.4,123.0,1
10272.5,119.4,1
10272.6,112.6,1
10272.7,102.9,1
10277.8,116.4,1
10278.0,137.4,1
10278.1,132.8,1
10278.2,110.9,1
10278.3,106.3,1
10283.5,171.4,1
10283.6,117.6,1
10283.8,157.8,1
10283.9,173.0,1
10284.1,154.4,1
10289.2,86.0,1
10289.3,71.2,1
10289.3,75.0,1
10289.5,118.0,1
10289.6,131.6,1
10294.7,79.6,1
10294.8,80.8,1
10294.9,100.0,1
10295.0,100.2,1
10295.0,76.0,1
10300.2,146.5,1
10300.3,146.7,1
10300.5,151.1,1
10300.6,158.2,1
10300.8,125.4,1
10305.8,77.4,1
10306.0,136.8,1
10306.1,145.6,1
10306.2,71.3,1
10306.3,72.8,1
10311.4,142.2,1
10311.5,116.3,1
10311.7,118.1,1
10311.8,142.0,1
10311.9,149.0,1
10317.1,147.1,1
10317.2,135.9,1
10317.4,131.1,1
10317.4,87.0,1
10317.6,113.0,1
10322.7,149.1,1
10322.8,103.6,1
10322.9,98.0,1
10323.0,124.6,1
10323.2,110.8,1
10328.3,123.1,1
10328.4,87.1,1
10328.5,140.3,1
10328.7,148.9,1
10328.8,144.9,1
10333.9,96.3,1
10334.0,119.8,1
10334.1,110.4,1
10334.3,118.4,1
10334.4,126.6,1
10339.5,78.2,1
10339.6,106.5,1
10339.6,71.3,1
10339.8,130.1,1
10339.9,84.3,1
10344.9,80.1,1
10345.0,105.9,1
10345.2,134.1,1
10345.2,70.6,1
10345.4,125.5,1
10350.5,117.9,1
10350.6,150.5,1
10350.8,133.9,1
10350.9,114.8,1
10351.0,93.9,1
10356.1,121.4,1
10356.2,103.6,1
10356.3,107.3,1
10356.4,89.3,1
10356.5,103.2,1
10361.7,134.3,1
10361.8,122.9,1
10361.9,120.6,1
10362.0,142.3,1
10362.2,121.7,1
10367.3,81.7,1
10367.4,127.4,1
10367.5,121.0,1
10367.6,107.0,1
10367.7,139.3,1
10372.9,140.8,1
10373.0,131.7,1
10373.1,111.5,1
10373.3,128.4,1
10373.4,132.1,1
10378.5,85.7,1
10378.6,127.9,1
10378.8,143.5,1
10378.9,102.6,1
10379.0,122.3,1
10384.1,95.0,1
10384.2,76.3,1
10384.3,90.6,1
10384.3,72.6,1
10384.4,105.3,1
10389.6,118.8,1
10389.6,73.7,1
10389.8,125.4,1
10389.9,110.5,1
10390.0,136.3,1
10395.1,88.0,1
10395.2,105.8,1
10395.3,112.8,1
10395.4,110.5,1
10395.5,123.6,1
10400.7,138.6,1
10400.8,127.1,1
10400.9,129.0,1
10401.1,112.5,1
10401.2,111.4,1
10406.3,132.4,1
10406.4,127.2,1
10406.5,109.4,1
10406.7,127.6,1
10406.8,141.4,1
10411.9,82.8,1
10412.0,120.2,1
10412.2,136.9,1
10412.3,126.7,1
10412.4,88.7,1
10417.5,142.0,1
10417.6,130.5,1
10417.8,109.6,1
10417.9,109.3,1
10418.0,111.9,1
10423.1,121.0,1
10423.2,121.7,1
10423.3,78.8,1
10423.5,146.4,1
10423.6,110.0,1
10428.7,97.7,1
10428.8,86.5,1
10428.9,127.4,1
10429.0,94.9,1
10429.1,108.7,1
10434.2,108.4,1
10434.3,130.8,1
10434.4,93.5,1
10434.5,72.3,1
10434.6,129.8,1
10439.8,131.4,1
10439.9,145.0,1
10440.0,79.3,1
10440.1,92.2,1
10440.2,113.7,1
10445.3,121.3,1
10445.4,131.8,1
10445.6,160.0,1
10445.8,160.6,1
10445.9,140.6,1
10451.0,120.5,1
10451.2,143.3,1
10451.3,99.0,1
10451.3,78.5,1
10451.5,110.3,1
10456.6,139.7,1
10456.7,125.9,1
10456.9,148.4,1
10457.0,136.6,1
10457.1,92.9,1
10462.2,134.3,1
10462.4,142.1,1
10462.5,158.7,1
10462.7,116.4,1
10462.8,170.5,1
10467.9,101.0,1
10468.0,78.8,1
10468.1,128.9,1
10468.3,139.3,1
10468.4,107.9,1
10473.5,72.6,1
10473.5,73.8,1
10473.6,90.8,1
10473.7,101.8,1
10473.9,113.2,1
10478.9,89.4,1
10479.0,98.0,1
10479.1,94.8,1
10479.2,102.5,1
10479.3,79.9,1
10484.4,78.0,1
10484.5,138.4,1
10484.7,129.1,1
10484.8,92.2,1
10484.9,102.8,1
10490.0,105.4,1
10490.1,137.7,1
10490.2,110.6,1
10490.4,151.1,1
10490.5,104.0,1
10495.6,129.2,1
10495.7,121.2,1
10495.9,121.5,1
10496.0,131.4,1
10496.1,137.2,1
10501.3,140.6,1
10501.4,130.8,1
10501.5,127.4,1
10501.6,109.5,1
10501.7,105.3,1
10506.9,133.0,1
10507.0,114.7,1
10507.1,102.4,1
10507.2,108.5,1
10507.3,102.1,1
10512.4,109.9,1
10512.5,117.6,1
10512.6,74.4,1
10512.7,133.9,1
10512.9,113.5,1
10517.9,85.2,1
10518.0,72.9,1
10518.2,146.8,1
10518.3,91.9,1
10518.4,96.1,1
10523.5,135.5,1
10523.6,119.4,1
10523.7,99.6,1
10523.8,75.1,1
10523.9,115.3,1
10529.0,128.1,1
10529.2,141.3,1
10529.3,92.6,1
10529.3,79.8,1
10529.5,129.3,1
10534.6,79.5,1
10534.7,146.5,1
10534.8,139.1,1
10535.0,112.6,1
10535.1,149.9,1
10540.3,138.4,1
10540.4,120.0,1
10540.4,73.1,1
10540.6,121.0,1
10540.6,78.5,1
10545.7,84.7,1
10545.9,124.1,1
10546.0,111.5,1
10546.1,117.3,1
10546.2,119.6,1
10551.3,104.7,1
10551.5,140.3,1
10551.5,81.1,1
10551.6,102.9,1
10551.8,130.1,1
10556.8,74.7,1
10556.9,77.1,1
10557.0,71.6,1
10557.1,75.9,1
10557.1,72.9,1
10562.3,139.7,1
10562.4,145.2,1
10562.5,73.3,1
10562.6,89.2,1
10562.7,122.4,1
10567.8,118.8,1
10567.9,105.0,1
10568.1,142.4,1
10568.2,95.0,1
10568.3,131.0,1
10573.4,94.5,1
10573.5,105.6,1
10573.6,76.8,1
10573.7,114.2,1
10573.9,139.5,1
10579.0,122.1,1
10579.1,108.7,1
10579.2,118.8,1
10579.3,94.0,1
10579.4,125.0,1
10584.6,132.6,1
10584.7,142.6,1
10584.8,84.7,1
10584.9,144.5,1
10585.1,164.4,1
10590.2,124.5,1
10590.3,98.2,1
10590.4,124.3,1
10590.6,149.4,1
10590.7,98.9,1
10595.8,118.2,1
10596.0,163.8,1
10596.1,118.3,1
10596.2,70.9,1
10596.3,105.5,1
10601.4,99.8,1
10601.5,91.0,1
10601.5,73.8,1
10601.6,72.4,1
10601.7,85.5,1
10606.8,120.2,1
10607.0,128.7,1
10607.1,104.5,1
10607.2,117.3,1
10607.3,145.9,1
10612.4,76.6,1
10612.5,78.8,1
10612.6,105.3,1
10612.7,73.6,1
10612.8,101.2,1
10617.8,74.2,1
10618.0,133.8,1
10618.0,71.7,1
10618.1,72.9,1
10618.2,106.9,1
10623.4,123.4,1
10623.5,119.9,1
10623.6,73.9,1
10623.6,83.8,1
10623.7,93.2,1
10628.8,109.6,1
10629.0,129.7,1
10629.1,138.9,1
10629.2,78.0,1
10629.3,117.8,1
10634.5,146.8,1
10634.5,80.1,1
10634.6,76.5,1
10634.7,132.5,1
10634.9,147.3,1
10640.0,104.7,1
10640.1,119.5,1
10640.2,118.6,1
10640.4,150.2,1
10640.5,155.9,1
10645.7,134.7,1
10645.8,146.0,1
10646.0,145.2,1
10646.1,116.0,1
10646.2,138.0,1
10651.3,70.7,1
10651.4,106.6,1
10651.5,111.4,1
10651.6,89.0,1
10651.7,74.8,1
10656.8,126.6,1
10656.9,102.2,1
10657.0,118.8,1
10657.1,95.9,1
10657.3,149.2,1
10662.4,114.9,1
10662.5,71.8,1
10662.6,80.9,1
10662.6,75.5,1
10662.7,70.0,1
10667.8,102.4,1
10667.9,87.7,1
10668.0,119.4,1
10668.2,149.8,1
10668.3,150.9,1
10673.4,111.7,1
10673.6,134.6,1
10673.7,127.0,1
10673.8,145.7,1
10674.0,175.0,1
10679.2,128.5,1
10679.3,136.9,1
10679.4,138.3,1
10679.5,120.9,1
10679.7,146.3,1
10684.8,93.6,1
10684.9,106.9,1
10685.0,103.6,1
10685.1,109.5,1
10685.2,122.1,1
10690.4,133.2,1
10690.5,127.0,1
10690.6,109.3,1
10690.7,125.0,1
10690.8,111.3,1
10696.0,118.1,1
10696.0,72.1,1
10696.1,71.6,1
10696.2,94.8,1
10696.3,90.7,1
10701.4,106.8,1
10701.5,118.4,1
10701.6,113.7,1
10701.8,145.4,1
10701.9,74.5,1
10707.0,130.1,1
10707.1,94.5,1
10707.2,73.4,1
10707.2,73.6,1
10707.3,100.6,1
10712.5,115.7,1
10712.5,71.5,1
10712.6,116.2,1
10712.7,81.1,1
10712.8,107.6,1
10717.9,95.2,1
10718.0,106.1,1
10718.1,88.0,1
10718.3,143.0,1
10718.4,142.4,1
10723.5,110.4,1
10723.6,121.3,1
10723.8,146.2,1
10723.9,117.7,1
10724.0,125.0,1
10729.2,138.2,1
10729.3,148.3,1
10729.4,102.3,1
10729.5,108.6,1
10729.7,114.0,1
10734.8,125.0,1
10734.9,126.5,1
10735.0,134.0,1
10735.2,141.3,1
10735.3,146.8,1
10740.4,74.6,1
10740.5,95.0,1
10740.6,97.8,1
10740.7,74.6,1
10740.8,142.4,1
10745.9,77.5,1
10746.0,86.2,1
10746.1,105.0,1
10746.2,115.0,1
10746.3,117.6,1
10751.4,75.0,1
10751.5,71.1,1
10751.6,74.5,1
10751.6,75.5,1
10751.7,71.8,1
10756.8,75.7,1
10756.9,134.0,1
10757.0,125.8,1
10757.2,123.4,1
10757.3,96.2,1
10762.4,102.6,1
10762.5,116.8,1
10762.6,139.0,1
10762.8,140.7,1
10762.9,88.9,1
10768.0,128.4,1
10768.1,108.6,1
10768.2,122.2,1
10768.3,69.5,1
10768.4,123.4,1
10773.5,73.8,1
10773.6,143.3,1
10773.8,128.0,1
10773.9,129.3,1
10774.0,95.1,1
10779.1,90.3,1
10779.2,121.1,1
10779.3,126.7,1
10779.4,93.0,1
10779.5,86.6,1
10784.6,71.5,1
10784.7,84.1,1
10784.7,73.0,1
10784.8,93.1,1
10785.0,125.5,1
10790.1,109.1,1
10790.2,95.4,1
10790.3,112.3,1
10790.4,72.9,1
10790.4,86.7,1
10795.5,73.2,1
10795.6,75.1,1
10795.7,75.3,1
10795.8,119.7,1
10795.9,75.3,1
