timestamp,elapsed_seconds,nodes_ready,nodes_total,alloc_cpu_m,req_cpu_m,used_cpu_m,pods_pending,hpa_count,hpa_current_replicas,hpa_desired_replicas,power_w
2026-10-09T10:32:04Z,0,6,6,48000,2250,297,0,1,3,3,603.0
2026-10-09T10:32:20Z,15,6,6,48000,2250,332,0,1,3,3,604.5
2026-10-09T10:32:36Z,31,6,6,48000,2250,340,0,1,3,3,604.5
2026-10-09T10:32:51Z,47,6,6,48000,2250,359,0,1,3,3,604.5
2026-10-09T10:33:07Z,62,6,6,48000,2250,591,0,1,3,3,609.0
2026-10-09T10:33:23Z,78,6,6,48000,2650,774,0,1,5,5,612.0
2026-10-09T10:33:38Z,94,6,6,48000,2650,1746,0,1,5,5,630.0
2026-10-09T10:33:54Z,109,6,6,48000,2650,821,3,1,5,8,610.5
2026-10-09T10:34:09Z,125,6,6,48000,3250,855,0,1,8,8,613.5
2026-10-09T10:34:25Z,140,6,6,48000,3250,1244,0,1,8,8,616.5
2026-10-09T10:34:41Z,156,6,6,48000,3250,857,0,1,8,8,612.0
2026-10-09T10:34:57Z,172,6,6,48000,3250,783,0,1,8,8,612.0
2026-10-09T10:35:12Z,188,6,6,48000,3250,849,0,1,8,8,610.5
2026-10-09T10:35:28Z,203,6,6,48000,3250,976,0,1,8,8,613.5
2026-10-09T10:35:44Z,219,6,6,48000,3650,1113,0,1,8,10,615.0
2026-10-09T10:35:59Z,235,6,6,48000,3650,1170,0,1,10,10,619.5
2026-10-09T10:36:15Z,250,6,6,48000,3650,1376,0,1,10,10,621.0
2026-10-09T10:36:31Z,266,6,6,48000,3650,1384,0,1,10,10,621.0
2026-10-09T10:36:46Z,282,6,6,48000,3650,1575,0,1,10,10,625.5
2026-10-09T10:37:02Z,297,6,6,48000,3650,1693,0,1,10,10,627.0
2026-10-09T10:37:18Z,313,6,6,48000,3650,1707,0,1,10,10,630.0
2026-10-09T10:37:33Z,329,6,6,48000,3650,1654,0,1,10,10,625.5
2026-10-09T10:37:49Z,344,6,6,48000,3650,1410,0,1,10,10,622.5
2026-10-09T10:38:05Z,360,6,6,48000,3650,1394,0,1,10,10,622.5
2026-10-09T10:38:20Z,376,6,6,48000,3650,1342,0,1,10,10,621.0
2026-10-09T10:38:36Z,391,6,6,48000,3650,1439,0,1,10,10,624.0
2026-10-09T10:38:52Z,407,6,6,48000,3650,1400,0,1,10,10,621.0
2026-10-09T10:39:07Z,423,6,6,48000,3650,1614,0,1,10,10,627.0
2026-10-09T10:39:23Z,438,6,6,48000,3650,1638,0,1,10,10,627.0
2026-10-09T10:39:39Z,454,6,6,48000,3650,1841,0,1,10,10,630.0
2026-10-09T10:39:54Z,470,6,6,48000,3650,2015,0,1,10,10,634.5
2026-10-09T10:40:10Z,485,6,6,48000,3650,2018,0,1,10,10,633.0
2026-10-09T10:40:26Z,501,6,6,48000,3650,2411,0,1,10,10,640.5
2026-10-09T10:40:42Z,517,6,6,48000,3650,2335,0,1,10,10,640.5
2026-10-09T10:40:57Z,533,6,6,48000,3650,2361,0,1,10,10,639.0
2026-10-09T10:41:13Z,548,6,6,48000,3650,2333,0,1,10,10,637.5
2026-10-09T10:41:29Z,564,6,6,48000,3650,2131,0,1,10,10,636.0
2026-10-09T10:41:44Z,580,6,6,48000,3650,2018,0,1,10,10,631.5
2026-10-09T10:42:00Z,595,6,6,48000,3650,1836,0,1,10,10,630.0
2026-10-09T10:42:16Z,611,6,6,48000,3650,1607,0,1,10,10,625.5
2026-10-09T10:42:31Z,627,6,6,48000,3650,1634,0,1,10,10,627.0
2026-10-09T10:42:47Z,642,6,6,48000,3650,1442,0,1,10,10,622.5
2026-10-09T10:43:03Z,658,6,6,48000,3650,1289,0,1,10,10,619.5
2026-10-09T10:43:18Z,674,6,6,48000,3650,1154,0,1,10,10,615.0
2026-10-09T10:43:34Z,689,6,6,48000,3650,1190,0,1,10,10,618.0
2026-10-09T10:43:50Z,705,6,6,48000,3650,1081,0,1,10,10,615.0
2026-10-09T10:44:05Z,721,6,6,48000,3650,1213,0,1,10,10,619.5
2026-10-09T10:44:21Z,736,6,6,48000,3650,1205,0,1,10,10,618.0
2026-10-09T10:44:37Z,752,6,6,48000,3650,1176,0,1,10,10,616.5
2026-10-09T10:44:53Z,768,6,6,48000,3650,1066,0,1,10,10,615.0
2026-10-09T10:45:08Z,784,6,6,48000,3650,874,0,1,10,10,612.0
2026-10-09T10:45:24Z,799,6,6,48000,3650,876,0,1,10,10,613.5
2026-10-09T10:45:39Z,815,6,6,48000,3650,614,0,1,10,10,607.5
2026-10-09T10:45:55Z,830,6,6,48000,3650,615,0,1,10,10,607.5
2026-10-09T10:46:11Z,846,6,6,48000,3650,486,0,1,10,10,606.0
2026-10-09T10:46:26Z,862,6,6,48000,3650,588,0,1,10,10,606.0
2026-10-09T10:46:42Z,877,6,6,48000,3650,586,0,1,10,10,606.0
2026-10-09T10:46:58Z,893,6,6,48000,3650,592,0,1,10,10,606.0
2026-10-09T10:47:13Z,909,6,6,48000,3650,592,0,1,10,10,606.0
2026-10-09T10:47:29Z,924,6,6,48000,3650,429,0,1,10,10,604.5
2026-10-09T10:47:45Z,940,6,6,48000,3650,369,0,1,10,10,601.5
2026-10-09T10:48:00Z,956,6,6,48000,3650,360,0,1,10,10,600.0
2026-10-09T10:48:16Z,971,5,5,40000,3450,547,0,1,10,9,532.5
2026-10-09T10:48:32Z,987,5,5,40000,3250,542,0,1,9,8,535.5
2026-10-09T10:48:48Z,1003,5,5,40000,3250,822,0,1,8,8,537.0
2026-10-09T10:49:03Z,1019,5,5,40000,3250,802,0,1,8,8,538.5
2026-10-09T10:49:19Z,1034,5,5,40000,3250,798,0,1,8,8,537.0
2026-10-09T10:49:34Z,1050,5,5,40000,3250,813,0,1,8,8,537.0
2026-10-09T10:49:50Z,1065,5,5,40000,3050,750,0,1,8,7,537.0
2026-10-09T10:50:06Z,1081,5,5,40000,2850,837,0,1,7,6,537.0
2026-10-09T10:50:21Z,1097,5,5,40000,2850,953,0,1,6,6,538.5
2026-10-09T10:50:37Z,1112,5,5,40000,2850,1092,0,1,6,6,541.5
2026-10-09T10:50:53Z,1128,5,5,40000,3050,1105,0,1,6,7,543.0
2026-10-09T10:51:08Z,1144,5,5,40000,3050,1410,0,1,7,7,549.0
2026-10-09T10:51:24Z,1159,5,5,40000,3050,1382,2,1,7,9,547.5
2026-10-09T10:51:40Z,1175,5,5,40000,3450,1511,0,1,9,9,549.0
2026-10-09T10:51:55Z,1191,5,5,40000,3650,1725,0,1,9,10,553.5
2026-10-09T10:52:11Z,1206,5,5,40000,3650,1671,0,1,10,10,553.5
2026-10-09T10:52:27Z,1222,5,5,40000,3650,1736,0,1,10,10,556.5
2026-10-09T10:52:42Z,1238,5,5,40000,3650,1722,0,1,10,10,553.5
2026-10-09T10:52:58Z,1253,5,5,40000,3650,1440,0,1,10,10,547.5
2026-10-09T10:53:14Z,1269,5,5,40000,3650,1420,0,1,10,10,546.0
2026-10-09T10:53:29Z,1285,5,5,40000,3650,1283,0,1,10,10,544.5
2026-10-09T10:53:45Z,1300,5,5,40000,3650,1427,0,1,10,10,547.5
2026-10-09T10:54:01Z,1316,5,5,40000,3650,1405,0,1,10,10,547.5
2026-10-09T10:54:16Z,1332,5,5,40000,3650,1671,0,1,10,10,553.5
2026-10-09T10:54:32Z,1347,5,5,40000,3650,1884,0,1,10,10,556.5
2026-10-09T10:54:48Z,1363,5,5,40000,3650,2175,0,1,10,10,561.0
2026-10-09T10:55:04Z,1379,5,5,40000,3650,2053,0,1,10,10,559.5
2026-10-09T10:55:19Z,1395,5,5,40000,3650,2340,0,1,10,10,564.0
2026-10-09T10:55:35Z,1410,5,5,40000,3650,2462,0,1,10,10,565.5
2026-10-09T10:55:51Z,1426,5,5,40000,3650,2421,0,1,10,10,567.0
2026-10-09T10:56:07Z,1442,5,5,40000,3650,2382,0,1,10,10,567.0
2026-10-09T10:56:22Z,1458,5,5,40000,3650,2185,0,1,10,10,561.0
2026-10-09T10:56:38Z,1473,5,5,40000,3650,2145,0,1,10,10,561.0
2026-10-09T10:56:54Z,1489,5,5,40000,3650,1967,0,1,10,10,558.0
2026-10-09T10:57:10Z,1505,5,5,40000,3650,1710,0,1,10,10,553.5
2026-10-09T10:57:25Z,1521,5,5,40000,3650,1759,0,1,10,10,556.5
2026-10-09T10:57:41Z,1536,5,5,40000,3650,1432,0,1,10,10,550.5
2026-10-09T10:57:57Z,1552,5,5,40000,3650,1453,0,1,10,10,547.5
2026-10-09T10:58:12Z,1568,5,5,40000,3650,1331,0,1,10,10,546.0
2026-10-09T10:58:28Z,1583,5,5,40000,3650,1168,0,1,10,10,541.5
2026-10-09T10:58:44Z,1599,5,5,40000,3650,1138,0,1,10,10,541.5
2026-10-09T10:58:59Z,1615,5,5,40000,3650,1037,0,1,10,10,540.0
2026-10-09T10:59:15Z,1630,5,5,40000,3650,1135,0,1,10,10,543.0
2026-10-09T10:59:30Z,1646,5,5,40000,3650,1176,0,1,10,10,543.0
2026-10-09T10:59:46Z,1661,5,5,40000,3650,1169,0,1,10,10,543.0
2026-10-09T11:00:02Z,1677,5,5,40000,3650,903,0,1,10,10,540.0
2026-10-09T11:00:17Z,1693,5,5,40000,3650,931,0,1,10,10,540.0
2026-10-09T11:00:33Z,1708,5,5,40000,3650,623,0,1,10,10,532.5
2026-10-09T11:00:49Z,1724,5,5,40000,3650,608,0,1,10,10,532.5
2026-10-09T11:01:04Z,1740,5,5,40000,3650,520,0,1,10,10,532.5
2026-10-09T11:01:20Z,1755,5,5,40000,3650,605,0,1,10,10,532.5
2026-10-09T11:01:36Z,1771,5,5,40000,3650,617,0,1,10,10,532.5
2026-10-09T11:01:51Z,1787,5,5,40000,3650,608,0,1,10,10,532.5
2026-10-09T11:02:07Z,1802,5,5,40000,3650,601,0,1,10,10,532.5
2026-10-09T11:02:22Z,1818,5,5,40000,3650,448,0,1,10,10,532.5
2026-10-09T11:02:38Z,1833,5,5,40000,3650,352,0,1,10,10,528.0
2026-10-09T11:02:54Z,1849,5,5,40000,3650,350,0,1,10,10,526.5
2026-10-09T11:03:09Z,1865,5,5,40000,3450,596,0,1,9,8,534.0
2026-10-09T11:03:25Z,1880,5,5,40000,3250,641,0,1,8,8,532.5
2026-10-09T11:03:41Z,1896,5,5,40000,3250,744,0,1,8,8,537.0
2026-10-09T11:03:56Z,1912,5,5,40000,3250,841,0,1,8,8,538.5
2026-10-09T11:04:12Z,1927,5,5,40000,3250,848,0,1,8,8,538.5
2026-10-09T11:04:27Z,1943,5,5,40000,3250,838,0,1,8,8,537.0
2026-10-09T11:04:43Z,1958,5,5,40000,3250,835,0,1,8,7,535.5
2026-10-09T11:04:59Z,1974,5,5,40000,3050,779,0,1,7,6,537.0
2026-10-09T11:05:14Z,1990,5,5,40000,2850,836,0,1,6,6,537.0
2026-10-09T11:05:30Z,2005,5,5,40000,2850,934,0,1,6,6,538.5
2026-10-09T11:05:46Z,2021,5,5,40000,3050,1081,0,1,6,7,541.5
2026-10-09T11:06:01Z,2037,5,5,40000,3050,1089,0,1,7,7,541.5
2026-10-09T11:06:17Z,2052,5,5,40000,3450,1375,0,1,7,9,546.0
2026-10-09T11:06:33Z,2068,5,5,40000,3450,1495,0,1,9,9,550.5
2026-10-09T11:06:48Z,2084,5,5,40000,3450,1685,0,1,9,9,552.0
2026-10-09T11:07:04Z,2099,5,5,40000,3650,1663,0,1,9,10,552.0
2026-10-09T11:07:20Z,2115,5,5,40000,3650,1756,0,1,10,10,555.0
2026-10-09T11:07:35Z,2131,5,5,40000,3650,1727,0,1,10,10,555.0
2026-10-09T11:07:51Z,2146,5,5,40000,3650,1447,0,1,10,10,547.5
2026-10-09T11:08:07Z,2162,5,5,40000,3650,1444,0,1,10,10,549.0
2026-10-09T11:08:22Z,2178,5,5,40000,3650,1341,0,1,10,10,547.5
2026-10-09T11:08:38Z,2193,5,5,40000,3650,1368,0,1,10,10,546.0
2026-10-09T11:08:53Z,2209,5,5,40000,3650,1390,0,1,10,10,546.0
2026-10-09T11:09:09Z,2224,5,5,40000,3650,1681,0,1,10,10,552.0
2026-10-09T11:09:25Z,2240,5,5,40000,3650,1695,0,1,10,10,553.5
2026-10-09T11:09:40Z,2256,5,5,40000,3650,1795,0,1,10,10,555.0
2026-10-09T11:09:56Z,2271,5,5,40000,3650,1951,0,1,10,10,558.0
2026-10-09T11:10:12Z,2287,5,5,40000,3650,1923,0,1,10,10,556.5
2026-10-09T11:10:28Z,2303,5,5,40000,3650,2249,0,1,10,10,561.0
2026-10-09T11:10:43Z,2319,5,5,40000,3650,2289,0,1,10,10,564.0
2026-10-09T11:10:59Z,2334,5,5,40000,3650,2285,0,1,10,10,564.0
2026-10-09T11:11:15Z,2350,5,5,40000,3650,2281,0,1,10,10,564.0
2026-10-09T11:11:30Z,2366,5,5,40000,3650,2065,0,1,10,10,559.5
2026-10-09T11:11:46Z,2381,5,5,40000,3650,1976,0,1,10,10,556.5
2026-10-09T11:12:02Z,2397,5,5,40000,3650,1873,0,1,10,10,550.5
2026-10-09T11:12:17Z,2413,5,5,40000,3650,1657,0,1,10,10,553.5
2026-10-09T11:12:33Z,2428,5,5,40000,3650,1424,0,1,10,10,549.0
2026-10-09T11:12:49Z,2444,5,5,40000,3650,1373,0,1,10,10,547.5
2026-10-09T11:13:04Z,2460,5,5,40000,3650,1304,0,1,10,10,546.0
2026-10-09T11:13:20Z,2475,5,5,40000,3650,1142,0,1,10,10,541.5
2026-10-09T11:13:36Z,2491,5,5,40000,3650,1171,0,1,10,10,543.0
2026-10-09T11:13:51Z,2507,5,5,40000,3650,1053,0,1,10,10,540.0
2026-10-09T11:14:07Z,2522,5,5,40000,3650,1186,0,1,10,10,544.5
2026-10-09T11:14:22Z,2538,5,5,40000,3650,1222,0,1,10,10,544.5
2026-10-09T11:14:38Z,2553,5,5,40000,3650,1248,0,1,10,10,546.0
2026-10-09T11:14:54Z,2569,5,5,40000,3650,1118,0,1,10,10,541.5
2026-10-09T11:15:09Z,2585,5,5,40000,3650,888,0,1,10,10,538.5
2026-10-09T11:15:25Z,2600,5,5,40000,3650,894,0,1,10,10,540.0
2026-10-09T11:15:41Z,2616,5,5,40000,3650,604,0,1,10,10,532.5
2026-10-09T11:15:56Z,2632,5,5,40000,3650,598,0,1,10,10,532.5
2026-10-09T11:16:12Z,2647,5,5,40000,3650,519,0,1,10,10,531.0
2026-10-09T11:16:27Z,2663,5,5,40000,3650,539,0,1,10,10,532.5
2026-10-09T11:16:43Z,2678,5,5,40000,3650,578,0,1,10,10,532.5
2026-10-09T11:16:59Z,2694,5,5,40000,3650,564,0,1,10,10,532.5
2026-10-09T11:17:14Z,2710,5,5,40000,3650,558,0,1,10,10,532.5
2026-10-09T11:17:30Z,2725,5,5,40000,3650,441,0,1,10,10,531.0
2026-10-09T11:17:45Z,2741,5,5,40000,3450,336,1,1,10,9,525.0
2026-10-09T11:18:01Z,2756,5,5,40000,3450,343,0,1,9,9,526.5
2026-10-09T11:18:17Z,2772,5,5,40000,3250,595,0,1,9,8,531.0
2026-10-09T11:18:32Z,2788,5,5,40000,3250,705,0,1,8,8,534.0
2026-10-09T11:18:48Z,2803,5,5,40000,3250,823,0,1,8,8,537.0
2026-10-09T11:19:04Z,2819,5,5,40000,3250,822,0,1,8,8,537.0
2026-10-09T11:19:19Z,2835,5,5,40000,3250,832,0,1,8,8,537.0
2026-10-09T11:19:35Z,2850,5,5,40000,3250,824,0,1,8,8,537.0
2026-10-09T11:19:50Z,2866,5,5,40000,3250,754,0,1,8,8,537.0
2026-10-09T11:20:06Z,2881,5,5,40000,2850,837,0,1,8,6,537.0
2026-10-09T11:20:22Z,2897,5,5,40000,2850,933,0,1,6,6,540.0
2026-10-09T11:20:37Z,2913,5,5,40000,2850,1071,0,1,6,6,541.5
2026-10-09T11:20:53Z,2928,5,5,40000,2850,1053,0,1,6,6,543.0
2026-10-09T11:21:09Z,2944,5,5,40000,2850,1322,0,1,6,6,546.0
2026-10-09T11:21:24Z,2960,5,5,40000,3250,1407,0,1,6,8,547.5
2026-10-09T11:21:40Z,2975,5,5,40000,3250,1556,0,1,8,8,550.5
2026-10-09T11:21:56Z,2991,5,5,40000,3650,1745,0,1,10,10,555.0
2026-10-09T11:22:11Z,3007,5,5,40000,3650,1705,0,1,10,10,555.0
2026-10-09T11:22:27Z,3022,5,5,40000,3650,1671,0,1,10,10,552.0
2026-10-09T11:22:42Z,3038,5,5,40000,3650,1729,0,1,10,10,555.0
2026-10-09T11:22:58Z,3054,5,5,40000,3650,1482,0,1,10,10,549.0
2026-10-09T11:23:14Z,3069,5,5,40000,3650,1408,0,1,10,10,547.5
2026-10-09T11:23:29Z,3085,5,5,40000,3650,1309,0,1,10,10,546.0
2026-10-09T11:23:45Z,3100,5,5,40000,3650,1386,0,1,10,10,547.5
2026-10-09T11:24:01Z,3116,5,5,40000,3650,1388,0,1,10,10,546.0
2026-10-09T11:24:16Z,3132,5,5,40000,3650,1664,0,1,10,10,553.5
2026-10-09T11:24:32Z,3147,5,5,40000,3650,1822,0,1,10,10,555.0
2026-10-09T11:24:48Z,3163,5,5,40000,3650,2079,0,1,10,10,559.5
2026-10-09T11:25:03Z,3179,5,5,40000,3650,2080,0,1,10,10,561.0
2026-10-09T11:25:19Z,3194,5,5,40000,3650,2322,0,1,10,10,565.5
2026-10-09T11:25:35Z,3210,5,5,40000,3650,2329,0,1,10,10,565.5
2026-10-09T11:25:51Z,3226,5,5,40000,3650,2358,0,1,10,10,564.0
2026-10-09T11:26:06Z,3242,5,5,40000,3650,2346,0,1,10,10,564.0
2026-10-09T11:26:22Z,3257,5,5,40000,3650,2168,0,1,10,10,561.0
2026-10-09T11:26:38Z,3273,5,5,40000,3650,2093,0,1,10,10,561.0
2026-10-09T11:26:53Z,3289,5,5,40000,3650,1921,0,1,10,10,556.5
2026-10-09T11:27:09Z,3304,5,5,40000,3650,1667,0,1,10,10,553.5
2026-10-09T11:27:24Z,3320,5,5,40000,3650,1698,0,1,10,10,555.0
2026-10-09T11:27:40Z,3336,5,5,40000,3650,1470,0,1,10,10,549.0
2026-10-09T11:27:56Z,3351,5,5,40000,3650,1447,0,1,10,10,549.0
2026-10-09T11:28:11Z,3367,5,5,40000,3650,1432,0,1,10,10,547.5
2026-10-09T11:28:27Z,3382,5,5,40000,3650,1234,0,1,10,10,544.5
2026-10-09T11:28:43Z,3398,5,5,40000,3650,1263,0,1,10,10,544.5
2026-10-09T11:28:58Z,3414,5,5,40000,3650,1077,0,1,10,10,541.5
2026-10-09T11:29:14Z,3429,5,5,40000,3650,1170,0,1,10,10,543.0
2026-10-09T11:29:30Z,3445,5,5,40000,3650,1176,0,1,10,10,543.0
2026-10-09T11:29:45Z,3461,5,5,40000,3650,1125,0,1,10,10,543.0
2026-10-09T11:30:01Z,3476,5,5,40000,3650,1097,0,1,10,10,541.5
2026-10-09T11:30:17Z,3492,5,5,40000,3650,938,0,1,10,10,538.5
2026-10-09T11:30:32Z,3508,5,5,40000,3650,646,0,1,10,10,534.0
2026-10-09T11:30:48Z,3523,5,5,40000,3650,591,0,1,10,10,532.5
2026-10-09T11:31:03Z,3539,5,5,40000,3650,543,0,1,10,10,532.5
2026-10-09T11:31:19Z,3554,5,5,40000,3650,571,0,1,10,10,532.5
2026-10-09T11:31:35Z,3570,5,5,40000,3650,634,0,1,10,10,532.5
2026-10-09T11:31:50Z,3586,5,5,40000,3650,605,0,1,10,10,532.5
2026-10-09T11:32:06Z,3601,5,5,40000,3650,608,0,1,10,10,532.5
2026-10-09T11:32:22Z,3617,5,5,40000,3650,467,0,1,10,10,532.5
2026-10-09T11:32:37Z,3633,5,5,40000,3650,345,0,1,10,10,525.0
2026-10-09T11:32:53Z,3648,5,5,40000,3650,347,0,1,10,10,526.5
2026-10-09T11:33:08Z,3664,5,5,40000,3650,542,0,1,10,10,532.5
2026-10-09T11:33:24Z,3679,5,5,40000,3250,620,0,1,10,8,532.5
2026-10-09T11:33:40Z,3695,5,5,40000,3250,709,0,1,8,8,535.5
2026-10-09T11:33:55Z,3711,5,5,40000,3250,863,0,1,8,8,538.5
2026-10-09T11:34:11Z,3726,5,5,40000,3250,844,0,1,8,8,537.0
2026-10-09T11:34:26Z,3742,5,5,40000,3250,862,0,1,8,8,537.0
2026-10-09T11:34:42Z,3757,5,5,40000,3250,858,0,1,8,8,537.0
2026-10-09T11:34:58Z,3773,5,5,40000,3250,770,0,1,8,6,537.0
2026-10-09T11:35:13Z,3789,5,5,40000,2850,872,0,1,6,6,538.5
2026-10-09T11:35:29Z,3804,5,5,40000,2850,925,0,1,6,6,538.5
2026-10-09T11:35:45Z,3820,5,5,40000,2850,1070,0,1,6,6,541.5
2026-10-09T11:36:00Z,3836,5,5,40000,3050,1112,0,1,6,7,541.5
2026-10-09T11:36:16Z,3851,5,5,40000,3250,1332,0,1,7,8,544.5
2026-10-09T11:36:31Z,3867,5,5,40000,3250,1426,0,1,8,8,550.5
2026-10-09T11:36:47Z,3883,5,5,40000,3650,1767,0,1,8,10,553.5
2026-10-09T11:37:03Z,3898,5,5,40000,3650,1787,0,1,10,10,555.0
2026-10-09T11:37:19Z,3914,5,5,40000,3650,1757,0,1,10,10,553.5
2026-10-09T11:37:34Z,3930,5,5,40000,3650,1755,0,1,10,10,555.0
2026-10-09T11:37:50Z,3945,5,5,40000,3650,1470,0,1,10,10,549.0
2026-10-09T11:38:05Z,3961,5,5,40000,3650,1439,0,1,10,10,547.5
2026-10-09T11:38:21Z,3976,5,5,40000,3650,1362,0,1,10,10,546.0
2026-10-09T11:38:37Z,3992,5,5,40000,3650,1531,0,1,10,10,549.0
2026-10-09T11:38:53Z,4008,5,5,40000,3650,1501,0,1,10,10,550.5
2026-10-09T11:39:08Z,4024,5,5,40000,3650,1722,0,1,10,10,553.5
2026-10-09T11:39:24Z,4039,5,5,40000,3650,1758,0,1,10,10,553.5
2026-10-09T11:39:40Z,4055,5,5,40000,3650,1784,0,1,10,10,553.5
2026-10-09T11:39:56Z,4071,5,5,40000,3650,2009,0,1,10,10,559.5
2026-10-09T11:40:11Z,4087,5,5,40000,3650,2024,0,1,10,10,559.5
2026-10-09T11:40:27Z,4102,5,5,40000,3650,2395,0,1,10,10,565.5
2026-10-09T11:40:43Z,4118,5,5,40000,3650,2415,0,1,10,10,565.5
2026-10-09T11:40:58Z,4134,5,5,40000,3650,2370,0,1,10,10,565.5
2026-10-09T11:41:14Z,4149,5,5,40000,3650,2376,0,1,10,10,564.0
2026-10-09T11:41:30Z,4165,5,5,40000,3650,2192,0,1,10,10,564.0
2026-10-09T11:41:45Z,4181,5,5,40000,3650,2017,0,1,10,10,558.0
2026-10-09T11:42:01Z,4196,5,5,40000,3650,1915,0,1,10,10,556.5
2026-10-09T11:42:17Z,4212,5,5,40000,3650,1697,0,1,10,10,555.0
2026-10-09T11:42:33Z,4228,5,5,40000,3650,1484,0,1,10,10,550.5
2026-10-09T11:42:48Z,4244,5,5,40000,3650,1424,0,1,10,10,549.0
2026-10-09T11:43:04Z,4259,5,5,40000,3650,1370,0,1,10,10,547.5
2026-10-09T11:43:19Z,4275,5,5,40000,3650,1169,0,1,10,10,543.0
2026-10-09T11:43:35Z,4290,5,5,40000,3650,1203,0,1,10,10,543.0
2026-10-09T11:43:51Z,4306,5,5,40000,3650,1069,0,1,10,10,541.5
2026-10-09T11:44:06Z,4322,5,5,40000,3650,1186,0,1,10,10,541.5
2026-10-09T11:44:22Z,4337,5,5,40000,3650,1209,0,1,10,10,543.0
2026-10-09T11:44:38Z,4353,5,5,40000,3650,1245,0,1,10,10,544.5
2026-10-09T11:44:53Z,4369,5,5,40000,3650,1150,0,1,10,10,541.5
2026-10-09T11:45:09Z,4384,5,5,40000,3650,904,0,1,10,10,538.5
2026-10-09T11:45:25Z,4400,5,5,40000,3650,875,0,1,10,10,538.5
2026-10-09T11:45:40Z,4416,5,5,40000,3650,659,0,1,10,10,534.0
2026-10-09T11:45:56Z,4431,5,5,40000,3650,592,0,1,10,10,532.5
2026-10-09T11:46:11Z,4447,5,5,40000,3650,550,0,1,10,10,532.5
2026-10-09T11:46:27Z,4462,5,5,40000,3650,539,0,1,10,10,532.5
2026-10-09T11:46:43Z,4478,5,5,40000,3650,602,0,1,10,10,532.5
2026-10-09T11:46:58Z,4494,5,5,40000,3650,595,0,1,10,10,532.5
2026-10-09T11:47:14Z,4509,5,5,40000,3650,576,0,1,10,10,532.5
2026-10-09T11:47:29Z,4525,5,5,40000,3650,468,0,1,10,10,532.5
2026-10-09T11:47:45Z,4540,5,5,40000,3650,340,0,1,10,9,526.5
2026-10-09T11:48:01Z,4556,5,5,40000,3450,348,0,1,9,9,525.0
2026-10-09T11:48:16Z,4572,5,5,40000,3450,557,0,1,9,8,534.0
2026-10-09T11:48:32Z,4587,5,5,40000,3250,654,0,1,8,8,537.0
2026-10-09T11:48:47Z,4603,5,5,40000,3250,831,0,1,8,8,537.0
2026-10-09T11:49:03Z,4618,5,5,40000,3250,804,0,1,8,8,535.5
2026-10-09T11:49:19Z,4634,5,5,40000,3250,847,0,1,8,8,537.0
2026-10-09T11:49:35Z,4650,5,5,40000,3250,831,0,1,8,8,538.5
2026-10-09T11:49:50Z,4666,5,5,40000,3250,763,0,1,8,8,537.0
2026-10-09T11:50:06Z,4681,5,5,40000,3050,888,0,1,8,7,538.5
2026-10-09T11:50:21Z,4697,5,5,40000,2850,983,0,1,7,6,538.5
2026-10-09T11:50:37Z,4712,5,5,40000,2650,1157,0,1,6,5,543.0
2026-10-09T11:50:53Z,4728,5,5,40000,2650,1145,0,1,5,5,541.5
2026-10-09T11:51:08Z,4744,5,5,40000,2650,1287,0,1,5,5,546.0
2026-10-09T11:51:24Z,4759,5,5,40000,2850,1415,0,1,5,6,547.5
2026-10-09T11:51:40Z,4775,5,5,40000,3050,1456,0,1,6,7,549.0
2026-10-09T11:51:55Z,4791,5,5,40000,3050,1653,0,1,7,7,552.0
2026-10-09T11:52:11Z,4806,5,5,40000,3450,1606,0,1,7,9,552.0
2026-10-09T11:52:27Z,4822,5,5,40000,3450,1704,0,1,9,9,552.0
2026-10-09T11:52:42Z,4838,5,5,40000,3450,1621,0,1,9,9,552.0
2026-10-09T11:52:58Z,4853,5,5,40000,3450,1459,0,1,9,9,550.5
2026-10-09T11:53:13Z,4869,5,5,40000,3450,1335,0,1,9,9,546.0
2026-10-09T11:53:29Z,4884,5,5,40000,3450,1319,0,1,9,9,546.0
2026-10-09T11:53:45Z,4900,5,5,40000,3450,1347,0,1,9,9,546.0
2026-10-09T11:54:00Z,4916,5,5,40000,3450,1371,0,1,9,9,546.0
2026-10-09T11:54:16Z,4931,5,5,40000,3450,1535,0,1,9,9,549.0
2026-10-09T11:54:32Z,4947,5,5,40000,3450,1621,0,1,9,9,553.5
2026-10-09T11:54:47Z,4963,5,5,40000,3450,1920,0,1,9,9,558.0
2026-10-09T11:55:03Z,4978,5,5,40000,3450,1936,0,1,9,9,556.5
2026-10-09T11:55:19Z,4994,5,5,40000,3450,2242,0,1,9,9,564.0
2026-10-09T11:55:34Z,5010,5,5,40000,3650,2373,0,1,9,10,567.0
2026-10-09T11:55:50Z,5025,5,5,40000,3650,2371,0,1,10,10,567.0
2026-10-09T11:56:06Z,5041,5,5,40000,3650,2377,0,1,10,10,565.5
2026-10-09T11:56:21Z,5057,5,5,40000,3650,2223,0,1,10,10,564.0
2026-10-09T11:56:37Z,5072,5,5,40000,3650,1978,0,1,10,10,559.5
2026-10-09T11:56:53Z,5088,5,5,40000,3650,1949,0,1,10,10,558.0
2026-10-09T11:57:08Z,5104,5,5,40000,3650,1649,0,1,10,10,552.0
2026-10-09T11:57:24Z,5119,5,5,40000,3650,1711,0,1,10,10,553.5
2026-10-09T11:57:40Z,5135,5,5,40000,3650,1555,0,1,10,10,549.0
2026-10-09T11:57:55Z,5151,5,5,40000,3650,1395,0,1,10,10,547.5
2026-10-09T11:58:11Z,5166,5,5,40000,3650,1379,0,1,10,10,547.5
2026-10-09T11:58:27Z,5182,5,5,40000,3650,1159,0,1,10,10,543.0
2026-10-09T11:58:42Z,5198,5,5,40000,3650,1212,0,1,10,10,544.5
2026-10-09T11:58:58Z,5213,5,5,40000,3650,1097,0,1,10,10,541.5
2026-10-09T11:59:14Z,5229,5,5,40000,3650,1118,0,1,10,10,543.0
2026-10-09T11:59:29Z,5245,5,5,40000,3650,1141,0,1,10,10,543.0
2026-10-09T11:59:45Z,5260,5,5,40000,3650,1130,0,1,10,10,543.0
2026-10-09T12:00:01Z,5276,5,5,40000,3650,1104,0,1,10,10,541.5
2026-10-09T12:00:16Z,5292,5,5,40000,3650,868,0,1,10,10,538.5
2026-10-09T12:00:32Z,5307,5,5,40000,3650,678,0,1,10,10,534.0
2026-10-09T12:00:47Z,5323,5,5,40000,3650,598,0,1,10,10,532.5
2026-10-09T12:01:03Z,5338,5,5,40000,3650,555,0,1,10,10,532.5
2026-10-09T12:01:19Z,5354,5,5,40000,3650,510,0,1,10,10,532.5
2026-10-09T12:01:34Z,5370,5,5,40000,3650,581,0,1,10,10,532.5
2026-10-09T12:01:50Z,5385,5,5,40000,3650,569,0,1,10,10,532.5
2026-10-09T12:02:05Z,5401,5,5,40000,3450,576,0,1,10,9,532.5
2026-10-09T12:02:21Z,5416,5,5,40000,3450,491,0,1,9,9,531.0
2026-10-09T12:02:37Z,5432,5,5,40000,3250,344,0,1,9,8,528.0
2026-10-09T12:02:52Z,5448,5,5,40000,3250,355,0,1,8,8,526.5
2026-10-09T12:03:08Z,5463,5,5,40000,3050,497,0,1,8,7,531.0
2026-10-09T12:03:24Z,5479,5,5,40000,2850,617,0,1,6,6,534.0
2026-10-09T12:03:39Z,5495,5,5,40000,2850,632,0,1,6,6,534.0
2026-10-09T12:03:55Z,5510,5,5,40000,2850,821,0,1,6,6,534.0
2026-10-09T12:04:10Z,5526,5,5,40000,2850,823,0,1,6,6,535.5
2026-10-09T12:04:26Z,5541,5,5,40000,2850,838,0,1,6,6,537.0
2026-10-09T12:04:42Z,5557,5,5,40000,2850,832,0,1,6,6,537.0
2026-10-09T12:04:57Z,5573,5,5,40000,2850,765,0,1,6,6,534.0
2026-10-09T12:05:13Z,5588,5,5,40000,2650,860,0,1,6,5,537.0
2026-10-09T12:05:29Z,5604,5,5,40000,2450,915,0,1,5,4,540.0
2026-10-09T12:05:44Z,5620,5,5,40000,2450,1149,0,1,4,4,543.0
2026-10-09T12:06:00Z,5635,5,5,40000,2450,1170,0,1,4,4,543.0
2026-10-09T12:06:16Z,5651,5,5,40000,2450,1329,1,1,4,5,546.0
2026-10-09T12:06:31Z,5667,5,5,40000,2650,1444,0,1,5,5,547.5
2026-10-09T12:06:47Z,5682,5,5,40000,2650,1837,0,1,5,5,556.5
2026-10-09T12:07:03Z,5698,5,5,40000,3050,1875,0,1,5,7,556.5
2026-10-09T12:07:18Z,5714,5,5,40000,3050,1952,0,1,7,7,558.0
2026-10-09T12:07:34Z,5729,5,5,40000,3450,1968,0,1,7,9,558.0
2026-10-09T12:07:50Z,5745,5,5,40000,3450,1689,0,1,9,9,553.5
2026-10-09T12:08:05Z,5761,5,5,40000,3450,1502,0,1,9,9,550.5
2026-10-09T12:08:21Z,5776,5,5,40000,3450,1416,0,1,9,9,547.5
2026-10-09T12:08:37Z,5792,5,5,40000,3450,1500,0,1,9,9,549.0
2026-10-09T12:08:53Z,5808,5,5,40000,3450,1528,0,1,9,9,552.0
2026-10-09T12:09:08Z,5824,5,5,40000,3450,1832,0,1,9,9,555.0
2026-10-09T12:09:24Z,5839,5,5,40000,3450,2062,0,1,9,9,559.5
2026-10-09T12:09:40Z,5855,5,5,40000,3450,2029,0,1,9,9,559.5
2026-10-09T12:09:56Z,5871,5,5,40000,3450,2224,0,1,9,9,561.0
2026-10-09T12:10:11Z,5887,5,5,40000,3450,2215,0,1,9,9,561.0
2026-10-09T12:10:27Z,5902,5,5,40000,3450,2383,0,1,9,9,565.5
2026-10-09T12:10:43Z,5918,5,5,40000,3450,2460,0,1,9,9,567.0
2026-10-09T12:10:59Z,5934,5,5,40000,3450,2514,0,1,9,9,567.0
2026-10-09T12:11:14Z,5950,5,5,40000,3450,2436,0,1,9,9,567.0
2026-10-09T12:11:30Z,5965,5,5,40000,3450,2353,0,1,9,9,565.5
2026-10-09T12:11:46Z,5981,5,5,40000,3450,2098,0,1,9,9,561.0
2026-10-09T12:12:01Z,5997,5,5,40000,3450,2104,0,1,9,9,555.0
2026-10-09T12:12:17Z,6012,5,5,40000,3450,1875,0,1,9,9,556.5
2026-10-09T12:12:33Z,6028,5,5,40000,3450,1588,0,1,9,9,552.0
2026-10-09T12:12:49Z,6044,5,5,40000,3450,1497,0,1,9,9,547.5
2026-10-09T12:13:04Z,6060,5,5,40000,3450,1500,0,1,9,9,550.5
2026-10-09T12:13:20Z,6075,5,5,40000,3450,1239,0,1,9,9,544.5
2026-10-09T12:13:36Z,6091,5,5,40000,3450,1236,0,1,9,9,544.5
2026-10-09T12:13:51Z,6107,5,5,40000,3450,1164,0,1,9,9,544.5
2026-10-09T12:14:07Z,6122,5,5,40000,3450,1283,0,1,9,9,546.0
2026-10-09T12:14:23Z,6138,5,5,40000,3450,1275,0,1,9,9,544.5
2026-10-09T12:14:38Z,6154,5,5,40000,3450,1319,0,1,9,9,544.5
2026-10-09T12:14:54Z,6169,5,5,40000,3450,1279,0,1,9,9,544.5
2026-10-09T12:15:09Z,6185,5,5,40000,3450,1017,0,1,9,9,541.5
2026-10-09T12:15:25Z,6200,5,5,40000,3450,934,0,1,9,9,538.5
2026-10-09T12:15:41Z,6216,5,5,40000,3450,810,0,1,9,9,537.0
2026-10-09T12:15:56Z,6232,5,5,40000,3450,632,0,1,9,9,534.0
2026-10-09T12:16:12Z,6247,5,5,40000,3450,624,0,1,9,9,531.0
2026-10-09T12:16:28Z,6263,5,5,40000,3450,478,0,1,9,9,532.5
2026-10-09T12:16:43Z,6279,5,5,40000,3450,607,0,1,9,9,532.5
2026-10-09T12:16:59Z,6294,5,5,40000,3450,612,0,1,9,9,532.5
2026-10-09T12:17:15Z,6310,5,5,40000,3250,622,0,1,9,8,531.0
2026-10-09T12:17:30Z,6326,5,5,40000,3250,662,0,1,8,8,532.5
2026-10-09T12:17:46Z,6341,5,5,40000,3250,384,0,1,8,6,529.5
2026-10-09T12:18:02Z,6357,5,5,40000,2850,453,0,1,6,6,529.5
2026-10-09T12:18:18Z,6373,5,5,40000,2850,613,0,1,6,6,534.0
2026-10-09T12:18:33Z,6389,6,6,48000,2850,598,0,1,6,6,609.0
2026-10-09T12:18:49Z,6404,6,6,48000,2850,875,0,1,6,6,612.0
2026-10-09T12:19:04Z,6420,6,6,48000,2850,870,0,1,6,6,610.5
2026-10-09T12:19:20Z,6435,6,6,48000,2850,895,0,1,6,6,613.5
2026-10-09T12:19:36Z,6451,6,6,48000,2850,874,0,1,6,6,612.0
2026-10-09T12:19:51Z,6467,6,6,48000,2850,769,0,1,6,6,609.0
2026-10-09T12:20:07Z,6482,6,6,48000,2450,848,0,1,6,4,610.5
2026-10-09T12:20:23Z,6498,6,6,48000,2450,961,0,1,4,4,613.5
2026-10-09T12:20:38Z,6514,6,6,48000,2450,1052,0,1,4,4,618.0
2026-10-09T12:20:54Z,6529,6,6,48000,2450,1135,0,1,4,4,618.0
2026-10-09T12:21:10Z,6545,6,6,48000,2650,1225,0,1,4,5,619.5
2026-10-09T12:21:25Z,6561,6,6,48000,2650,1590,0,1,5,5,627.0
2026-10-09T12:21:41Z,6576,6,6,48000,2650,1410,0,1,5,5,622.5
2026-10-09T12:21:57Z,6592,6,6,48000,2650,1794,0,1,5,5,630.0
2026-10-09T12:22:12Z,6608,6,6,48000,3050,1853,0,1,5,7,630.0
2026-10-09T12:22:28Z,6623,6,6,48000,3050,1996,0,1,7,7,633.0
2026-10-09T12:22:44Z,6639,6,6,48000,3050,1767,0,1,7,7,630.0
2026-10-09T12:22:59Z,6655,6,6,48000,3050,1677,0,1,7,7,628.5
2026-10-09T12:23:15Z,6670,6,6,48000,3050,1438,0,1,7,7,621.0
2026-10-09T12:23:31Z,6686,6,6,48000,3050,1463,0,1,7,7,622.5
2026-10-09T12:23:46Z,6702,6,6,48000,3050,1420,0,1,7,7,622.5
2026-10-09T12:24:02Z,6717,6,6,48000,3050,1556,0,1,7,7,624.0
2026-10-09T12:24:18Z,6733,6,6,48000,3050,1794,0,1,7,7,630.0
2026-10-09T12:24:33Z,6749,6,6,48000,3050,1774,0,1,7,7,630.0
2026-10-09T12:24:49Z,6764,6,6,48000,3050,2101,0,1,7,7,636.0
2026-10-09T12:25:05Z,6780,6,6,48000,3050,2002,0,1,7,7,634.5
2026-10-09T12:25:20Z,6796,6,6,48000,3250,2177,0,1,7,8,637.5
2026-10-09T12:25:36Z,6811,6,6,48000,3250,2359,0,1,8,8,642.0
2026-10-09T12:25:52Z,6827,6,6,48000,3250,2417,0,1,8,8,642.0
2026-10-09T12:26:08Z,6843,6,6,48000,3250,2362,0,1,8,8,640.5
2026-10-09T12:26:23Z,6859,6,6,48000,3650,2322,0,1,8,10,640.5
2026-10-09T12:26:39Z,6874,6,6,48000,3650,2088,0,1,10,10,636.0
2026-10-09T12:26:55Z,6890,6,6,48000,3650,2001,0,1,10,10,633.0
2026-10-09T12:27:10Z,6906,6,6,48000,3650,1786,0,1,10,10,630.0
2026-10-09T12:27:26Z,6921,6,6,48000,3650,1676,0,1,10,10,627.0
2026-10-09T12:27:42Z,6937,6,6,48000,3650,1619,0,1,10,10,627.0
2026-10-09T12:27:57Z,6953,6,6,48000,3650,1470,0,1,10,10,625.5
2026-10-09T12:28:13Z,6968,6,6,48000,3650,1451,0,1,10,10,621.0
2026-10-09T12:28:28Z,6984,6,6,48000,3650,1151,0,1,10,10,615.0
2026-10-09T12:28:44Z,6999,6,6,48000,3650,1186,0,1,10,10,619.5
2026-10-09T12:29:00Z,7015,6,6,48000,3650,1031,0,1,10,10,615.0
2026-10-09T12:29:15Z,7031,6,6,48000,3650,1065,0,1,10,10,615.0
2026-10-09T12:29:31Z,7046,6,6,48000,3650,1150,0,1,10,10,616.5
2026-10-09T12:29:47Z,7062,6,6,48000,3650,1048,0,1,10,10,616.5
2026-10-09T12:30:02Z,7078,6,6,48000,3650,896,0,1,10,10,613.5
2026-10-09T12:30:18Z,7093,6,6,48000,3650,870,0,1,10,10,612.0
2026-10-09T12:30:34Z,7109,6,6,48000,3650,788,0,1,10,10,610.5
2026-10-09T12:30:49Z,7125,6,6,48000,3650,621,0,1,10,10,606.0
2026-10-09T12:31:05Z,7140,6,6,48000,3650,592,1,1,10,10,606.0
2026-10-09T12:31:20Z,7156,6,6,48000,3650,464,0,1,10,10,604.5
2026-10-09T12:31:36Z,7171,6,6,48000,3650,620,0,1,10,10,606.0
2026-10-09T12:31:52Z,7187,6,6,48000,3650,625,0,1,10,9,606.0
2026-10-09T12:32:07Z,7203,6,6,48000,3450,610,0,1,9,8,606.0
2026-10-09T12:32:23Z,7218,6,6,48000,3050,645,0,1,8,7,606.0
2026-10-09T12:32:38Z,7234,6,6,48000,3050,404,0,1,7,7,601.5
2026-10-09T12:32:54Z,7249,6,6,48000,2850,357,0,1,7,6,601.5
2026-10-09T12:33:10Z,7265,6,6,48000,2850,427,0,1,6,6,603.0
2026-10-09T12:33:25Z,7281,6,6,48000,2650,610,0,1,6,5,609.0
2026-10-09T12:33:41Z,7296,6,6,48000,2650,575,0,1,5,5,607.5
2026-10-09T12:33:56Z,7312,6,6,48000,2650,784,0,1,5,5,610.5
2026-10-09T12:34:12Z,7327,6,6,48000,2650,800,0,1,5,5,610.5
2026-10-09T12:34:28Z,7343,6,6,48000,2650,820,0,1,5,5,612.0
2026-10-09T12:34:43Z,7359,6,6,48000,2450,806,0,1,5,4,610.5
2026-10-09T12:34:59Z,7374,6,6,48000,2450,756,0,1,4,4,610.5
2026-10-09T12:35:15Z,7390,6,6,48000,2250,796,0,1,4,3,612.0
2026-10-09T12:35:30Z,7406,6,6,48000,2250,868,0,1,3,3,613.5
2026-10-09T12:35:46Z,7421,6,6,48000,2250,981,0,1,3,3,613.5
2026-10-09T12:36:01Z,7437,6,6,48000,2650,1095,0,1,3,5,618.0
2026-10-09T12:36:17Z,7452,6,6,48000,2650,1339,0,1,5,5,622.5
2026-10-09T12:36:33Z,7468,6,6,48000,2650,1361,0,1,5,5,621.0
2026-10-09T12:36:48Z,7484,6,6,48000,2650,1598,1,1,5,6,625.5
2026-10-09T12:37:04Z,7499,6,6,48000,2850,1674,0,1,6,6,627.0
2026-10-09T12:37:20Z,7515,6,6,48000,2850,1634,0,1,6,6,627.0
2026-10-09T12:37:35Z,7531,6,6,48000,2850,1661,0,1,6,6,627.0
2026-10-09T12:37:51Z,7546,6,6,48000,2850,1543,0,1,6,6,622.5
2026-10-09T12:38:07Z,7562,6,6,48000,2850,1332,0,1,6,6,621.0
2026-10-09T12:38:22Z,7578,6,6,48000,2850,1368,0,1,6,6,624.0
2026-10-09T12:38:38Z,7593,6,6,48000,2850,1275,0,1,6,6,618.0
2026-10-09T12:38:54Z,7609,6,6,48000,2850,1301,1,1,6,6,618.0
2026-10-09T12:39:09Z,7625,6,6,48000,2850,1376,0,1,6,6,622.5
2026-10-09T12:39:25Z,7640,6,6,48000,2850,1676,0,1,6,6,627.0
2026-10-09T12:39:40Z,7656,6,6,48000,2850,1671,0,1,6,6,627.0
2026-10-09T12:39:56Z,7671,6,6,48000,3050,1859,0,1,6,7,631.5
2026-10-09T12:40:12Z,7687,6,6,48000,3050,1870,0,1,7,7,628.5
2026-10-09T12:40:27Z,7703,6,6,48000,3050,2007,0,1,7,7,634.5
2026-10-09T12:40:43Z,7718,6,6,48000,3450,2210,0,1,7,9,639.0
2026-10-09T12:40:59Z,7734,6,6,48000,3450,2268,0,1,9,9,637.5
2026-10-09T12:41:15Z,7750,6,6,48000,3450,2192,0,1,9,9,637.5
2026-10-09T12:41:30Z,7766,6,6,48000,3450,2210,0,1,9,9,639.0
2026-10-09T12:41:46Z,7781,6,6,48000,3450,1968,0,1,9,9,633.0
2026-10-09T12:42:02Z,7797,6,6,48000,3450,1922,0,1,9,9,628.5
2026-10-09T12:42:17Z,7813,6,6,48000,3450,1628,0,1,9,9,627.0
2026-10-09T12:42:33Z,7828,6,6,48000,3450,1595,0,1,9,9,627.0
2026-10-09T12:42:49Z,7844,6,6,48000,3450,1403,0,1,9,9,622.5
2026-10-09T12:43:04Z,7860,6,6,48000,3450,1423,0,1,9,9,621.0
2026-10-09T12:43:20Z,7875,6,6,48000,3450,1183,0,1,9,9,618.0
2026-10-09T12:43:36Z,7891,6,6,48000,3450,1099,0,1,9,9,616.5
2026-10-09T12:43:51Z,7907,6,6,48000,3450,1053,0,1,9,9,613.5
2026-10-09T12:44:07Z,7922,6,6,48000,3450,1074,0,1,9,9,613.5
2026-10-09T12:44:23Z,7938,6,6,48000,3450,1243,0,1,9,9,619.5
2026-10-09T12:44:38Z,7954,6,6,48000,3450,1185,0,1,9,9,618.0
2026-10-09T12:44:54Z,7969,6,6,48000,3450,1244,0,1,9,9,619.5
2026-10-09T12:45:09Z,7985,6,6,48000,3450,1062,0,1,9,9,613.5
2026-10-09T12:45:25Z,8000,6,6,48000,3450,927,0,1,9,9,612.0
2026-10-09T12:45:41Z,8016,6,6,48000,3450,829,0,1,9,9,612.0
2026-10-09T12:45:56Z,8032,6,6,48000,3450,587,0,1,9,9,606.0
2026-10-09T12:46:12Z,8047,6,6,48000,3450,607,0,1,9,9,606.0
2026-10-09T12:46:28Z,8063,6,6,48000,3250,433,0,1,9,8,603.0
2026-10-09T12:46:43Z,8079,6,6,48000,3250,611,0,1,8,8,604.5
2026-10-09T12:46:59Z,8094,6,6,48000,3050,597,0,1,8,7,607.5
2026-10-09T12:47:15Z,8110,6,6,48000,3050,601,0,1,7,7,607.5
2026-10-09T12:47:30Z,8126,6,6,48000,3050,595,0,1,7,7,607.5
2026-10-09T12:47:46Z,8141,5,5,40000,2850,333,0,1,7,6,526.5
2026-10-09T12:48:01Z,8157,5,5,40000,2850,325,0,1,6,6,525.0
2026-10-09T12:48:17Z,8172,5,5,40000,2650,591,0,1,6,5,534.0
2026-10-09T12:48:33Z,8188,5,5,40000,2650,598,0,1,5,5,532.5
2026-10-09T12:48:48Z,8204,5,5,40000,2650,783,0,1,5,5,537.0
2026-10-09T12:49:04Z,8219,5,5,40000,2650,829,0,1,5,5,538.5
2026-10-09T12:49:19Z,8235,5,5,40000,2650,860,0,1,5,5,538.5
2026-10-09T12:49:35Z,8250,5,5,40000,2650,821,0,1,5,5,537.0
2026-10-09T12:49:51Z,8266,5,5,40000,2650,802,0,1,5,4,535.5
2026-10-09T12:50:06Z,8282,5,5,40000,2450,831,0,1,4,4,537.0
2026-10-09T12:50:22Z,8297,5,5,40000,2450,885,0,1,4,4,538.5
2026-10-09T12:50:38Z,8313,5,5,40000,2450,977,0,1,4,4,538.5
2026-10-09T12:50:53Z,8329,5,5,40000,2450,1124,0,1,4,4,543.0
2026-10-09T12:51:09Z,8344,6,6,48000,2450,1173,0,1,4,4,618.0
2026-10-09T12:51:24Z,8360,6,6,48000,2850,1406,0,1,4,6,622.5
2026-10-09T12:51:40Z,8375,6,6,48000,2850,1435,0,1,6,6,622.5
2026-10-09T12:51:56Z,8391,6,6,48000,2850,1598,0,1,6,6,627.0
2026-10-09T12:52:11Z,8407,6,6,48000,2850,1672,0,1,6,6,627.0
2026-10-09T12:52:27Z,8422,6,6,48000,2850,1663,0,1,6,6,627.0
2026-10-09T12:52:43Z,8438,6,6,48000,2850,1630,0,1,6,6,627.0
2026-10-09T12:52:58Z,8454,6,6,48000,2850,1583,0,1,6,6,627.0
2026-10-09T12:53:14Z,8469,6,6,48000,2850,1434,0,1,6,6,622.5
2026-10-09T12:53:30Z,8485,6,6,48000,2850,1443,0,1,6,6,624.0
2026-10-09T12:53:45Z,8501,6,6,48000,2850,1323,0,1,6,6,619.5
2026-10-09T12:54:01Z,8516,6,6,48000,2850,1398,0,1,6,6,622.5
2026-10-09T12:54:16Z,8532,6,6,48000,2850,1419,0,1,6,6,627.0
2026-10-09T12:54:32Z,8547,6,6,48000,2850,1666,0,1,6,6,627.0
2026-10-09T12:54:48Z,8563,6,6,48000,2850,1957,0,1,6,6,631.5
2026-10-09T12:55:03Z,8579,6,6,48000,2850,1993,0,1,6,6,633.0
2026-10-09T12:55:19Z,8594,6,6,48000,3250,2156,0,1,6,8,636.0
2026-10-09T12:55:35Z,8610,6,6,48000,3250,2327,1,1,8,9,639.0
2026-10-09T12:55:51Z,8626,6,6,48000,3450,2367,0,1,9,9,640.5
2026-10-09T12:56:06Z,8642,6,6,48000,3450,2328,0,1,9,9,637.5
2026-10-09T12:56:22Z,8657,6,6,48000,3450,2330,0,1,9,9,640.5
2026-10-09T12:56:38Z,8673,6,6,48000,3450,2086,0,1,9,9,637.5
2026-10-09T12:56:53Z,8689,6,6,48000,3450,2099,0,1,9,9,634.5
2026-10-09T12:57:09Z,8704,6,6,48000,3450,1871,0,1,9,9,630.0
2026-10-09T12:57:25Z,8720,6,6,48000,3450,1759,0,1,9,9,628.5
2026-10-09T12:57:40Z,8736,6,6,48000,3450,1652,0,1,9,9,627.0
2026-10-09T12:57:56Z,8751,6,6,48000,3450,1391,0,1,9,9,621.0
2026-10-09T12:58:11Z,8767,6,6,48000,3450,1436,0,1,9,9,624.0
2026-10-09T12:58:27Z,8782,6,6,48000,3450,1266,0,1,9,9,619.5
2026-10-09T12:58:43Z,8798,6,6,48000,3450,1174,0,1,9,9,616.5
2026-10-09T12:58:58Z,8814,6,6,48000,3450,1118,0,1,9,9,616.5
2026-10-09T12:59:14Z,8829,6,6,48000,3450,1100,0,1,9,9,616.5
2026-10-09T12:59:30Z,8845,6,6,48000,3450,1212,0,1,9,9,618.0
2026-10-09T12:59:45Z,8861,6,6,48000,3450,1200,0,1,9,9,618.0
2026-10-09T13:00:01Z,8876,6,6,48000,3450,1186,0,1,9,9,618.0
2026-10-09T13:00:17Z,8892,6,6,48000,3450,1030,0,1,9,9,613.5
2026-10-09T13:00:32Z,8908,6,6,48000,3450,828,0,1,9,9,610.5
2026-10-09T13:00:48Z,8923,6,6,48000,3450,622,0,1,9,9,607.5
2026-10-09T13:01:03Z,8939,6,6,48000,3450,609,0,1,9,9,604.5
2026-10-09T13:01:19Z,8954,6,6,48000,3450,448,0,1,9,9,603.0
2026-10-09T13:01:35Z,8970,5,5,40000,3250,546,0,1,9,8,529.5
2026-10-09T13:01:50Z,8986,5,5,40000,3250,577,0,1,8,8,531.0
2026-10-09T13:02:06Z,9001,5,5,40000,3250,571,0,1,8,7,531.0
2026-10-09T13:02:21Z,9017,5,5,40000,3050,549,0,1,7,7,532.5
2026-10-09T13:02:37Z,9032,5,5,40000,3050,414,0,1,7,6,529.5
2026-10-09T13:02:53Z,9048,5,5,40000,2850,347,0,1,6,6,528.0
2026-10-09T13:03:08Z,9064,5,5,40000,2850,379,0,1,6,5,526.5
2026-10-09T13:03:24Z,9079,5,5,40000,2650,592,0,1,5,5,534.0
2026-10-09T13:03:39Z,9095,5,5,40000,2650,580,0,1,5,5,532.5
2026-10-09T13:03:55Z,9110,5,5,40000,2650,728,0,1,5,5,535.5
2026-10-09T13:04:11Z,9126,5,5,40000,2650,787,0,1,5,5,535.5
2026-10-09T13:04:26Z,9142,5,5,40000,2650,827,0,1,5,5,537.0
2026-10-09T13:04:42Z,9157,5,5,40000,2650,789,0,1,5,5,534.0
2026-10-09T13:04:57Z,9173,5,5,40000,2450,792,0,1,5,4,535.5
2026-10-09T13:05:13Z,9188,5,5,40000,2450,774,0,1,4,4,537.0
2026-10-09T13:05:29Z,9204,5,5,40000,2450,842,0,1,4,4,537.0
2026-10-09T13:05:44Z,9220,5,5,40000,2450,917,0,1,4,4,538.5
2026-10-09T13:06:00Z,9235,5,5,40000,2450,1053,0,1,4,4,541.5
2026-10-09T13:06:16Z,9251,5,5,40000,2450,1078,0,1,4,4,543.0
2026-10-09T13:06:31Z,9267,5,5,40000,2650,1320,0,1,4,5,547.5
2026-10-09T13:06:47Z,9282,5,5,40000,2650,1540,0,1,5,5,550.5
2026-10-09T13:07:03Z,9298,5,5,40000,2850,1644,0,1,5,6,550.5
2026-10-09T13:07:18Z,9314,5,5,40000,2850,1736,0,1,6,6,553.5
2026-10-09T13:07:34Z,9329,5,5,40000,3050,1728,0,1,6,7,553.5
2026-10-09T13:07:49Z,9345,5,5,40000,3050,1717,0,1,7,7,553.5
2026-10-09T13:08:05Z,9360,5,5,40000,3050,1458,0,1,7,7,547.5
2026-10-09T13:08:21Z,9376,5,5,40000,3050,1506,0,1,7,7,549.0
2026-10-09T13:08:37Z,9392,5,5,40000,3050,1335,0,1,7,7,546.0
2026-10-09T13:08:52Z,9408,5,5,40000,3050,1427,0,1,7,7,547.5
2026-10-09T13:09:08Z,9423,5,5,40000,3050,1466,0,1,7,7,547.5
2026-10-09T13:09:24Z,9439,5,5,40000,3050,1813,0,1,7,7,556.5
2026-10-09T13:09:39Z,9455,5,5,40000,3050,1761,0,1,7,7,555.0
2026-10-09T13:09:55Z,9470,5,5,40000,3050,1914,0,1,7,7,558.0
2026-10-09T13:10:11Z,9486,5,5,40000,3050,1996,0,1,7,7,559.5
2026-10-09T13:10:27Z,9502,5,5,40000,3050,1895,0,1,7,7,559.5
2026-10-09T13:10:42Z,9518,5,5,40000,3450,2259,0,1,7,9,562.5
2026-10-09T13:10:58Z,9533,5,5,40000,3450,2270,0,1,9,9,565.5
2026-10-09T13:11:14Z,9549,5,5,40000,3450,2256,0,1,9,9,564.0
2026-10-09T13:11:29Z,9565,5,5,40000,3450,2224,0,1,9,9,561.0
2026-10-09T13:11:45Z,9580,5,5,40000,3450,2004,0,1,9,9,558.0
2026-10-09T13:12:01Z,9596,5,5,40000,3450,1949,0,1,9,9,559.5
2026-10-09T13:12:16Z,9612,5,5,40000,3450,1785,0,1,9,9,555.0
2026-10-09T13:12:32Z,9627,5,5,40000,3450,1601,0,1,9,9,552.0
2026-10-09T13:12:48Z,9643,5,5,40000,3450,1365,0,1,9,9,547.5
2026-10-09T13:13:03Z,9659,5,5,40000,3450,1351,0,1,9,9,546.0
2026-10-09T13:13:19Z,9674,5,5,40000,3450,1195,0,1,9,9,541.5
2026-10-09T13:13:35Z,9690,5,5,40000,3450,1080,0,1,9,9,541.5
2026-10-09T13:13:50Z,9706,5,5,40000,3450,1072,0,1,9,9,540.0
2026-10-09T13:14:06Z,9721,5,5,40000,3450,1014,0,1,9,9,540.0
2026-10-09T13:14:21Z,9737,5,5,40000,3450,1095,0,1,9,9,541.5
2026-10-09T13:14:37Z,9752,5,5,40000,3450,1083,0,1,9,9,540.0
2026-10-09T13:14:53Z,9768,5,5,40000,3450,1101,0,1,9,9,541.5
2026-10-09T13:15:08Z,9784,5,5,40000,3450,1006,0,1,9,9,540.0
2026-10-09T13:15:24Z,9799,5,5,40000,3450,891,0,1,9,9,537.0
2026-10-09T13:15:40Z,9815,5,5,40000,3450,860,0,1,9,9,538.5
2026-10-09T13:15:55Z,9831,5,5,40000,3450,612,0,1,9,9,532.5
2026-10-09T13:16:11Z,9846,5,5,40000,3450,605,0,1,9,9,531.0
2026-10-09T13:16:26Z,9862,5,5,40000,3450,438,0,1,9,9,531.0
2026-10-09T13:16:42Z,9877,5,5,40000,3450,568,0,1,9,8,456.0
2026-10-09T13:16:58Z,9893,4,4,32000,3250,553,0,1,8,8,456.0
2026-10-09T13:17:13Z,9909,4,4,32000,3050,562,0,1,8,7,457.5
2026-10-09T13:17:29Z,9924,4,4,32000,3050,575,0,1,7,7,457.5
2026-10-09T13:17:44Z,9940,4,4,32000,2850,414,0,1,7,6,454.5
2026-10-09T13:18:00Z,9955,4,4,32000,2850,333,0,1,6,6,454.5
2026-10-09T13:18:16Z,9971,4,4,32000,2650,357,0,1,6,5,453.0
2026-10-09T13:18:31Z,9987,4,4,32000,2650,588,0,1,5,5,457.5
2026-10-09T13:18:47Z,10002,4,4,32000,2650,712,0,1,5,5,460.5
2026-10-09T13:19:03Z,10018,4,4,32000,2650,812,0,1,5,5,463.5
2026-10-09T13:19:18Z,10034,4,4,32000,2650,838,0,1,5,5,462.0
2026-10-09T13:19:34Z,10049,4,4,32000,2650,815,0,1,5,5,465.0
2026-10-09T13:19:49Z,10065,4,4,32000,2650,840,0,1,5,5,462.0
2026-10-09T13:20:05Z,10080,4,4,32000,2450,771,0,1,5,4,462.0
2026-10-09T13:20:21Z,10096,4,4,32000,2450,880,0,1,4,4,465.0
2026-10-09T13:20:36Z,10112,5,5,40000,2450,1041,0,1,4,4,541.5
2026-10-09T13:20:52Z,10127,5,5,40000,2450,1243,0,1,4,4,546.0
2026-10-09T13:21:08Z,10143,5,5,40000,2450,1257,1,1,4,5,544.5
2026-10-09T13:21:23Z,10159,5,5,40000,2650,1579,0,1,5,5,552.0
2026-10-09T13:21:39Z,10174,5,5,40000,3050,1524,0,1,5,7,550.5
2026-10-09T13:21:54Z,10190,5,5,40000,3050,1894,0,1,7,7,556.5
2026-10-09T13:22:10Z,10206,5,5,40000,3050,1849,0,1,7,7,555.0
2026-10-09T13:22:26Z,10221,5,5,40000,3050,1938,0,1,7,7,558.0
2026-10-09T13:22:41Z,10237,5,5,40000,3050,1842,0,1,7,7,556.5
2026-10-09T13:22:57Z,10252,5,5,40000,3050,1937,0,1,7,7,558.0
2026-10-09T13:23:13Z,10268,5,5,40000,3050,1493,0,1,7,7,550.5
2026-10-09T13:23:28Z,10284,5,5,40000,3050,1507,0,1,7,7,550.5
2026-10-09T13:23:44Z,10299,5,5,40000,3050,1476,0,1,7,7,549.0
2026-10-09T13:24:00Z,10315,5,5,40000,3050,1509,0,1,7,7,549.0
2026-10-09T13:24:15Z,10331,5,5,40000,3050,1554,0,1,7,7,550.5
2026-10-09T13:24:31Z,10346,5,5,40000,3050,1806,0,1,7,7,555.0
2026-10-09T13:24:47Z,10362,5,5,40000,3050,1784,0,1,7,7,561.0
2026-10-09T13:25:02Z,10378,5,5,40000,3050,2222,0,1,7,7,562.5
2026-10-09T13:25:18Z,10393,5,5,40000,3450,2238,0,1,7,9,562.5
2026-10-09T13:25:34Z,10409,5,5,40000,3450,2397,0,1,9,9,565.5
2026-10-09T13:25:50Z,10425,5,5,40000,3450,2275,0,1,9,9,565.5
2026-10-09T13:26:05Z,10441,5,5,40000,3450,2272,0,1,9,9,564.0
2026-10-09T13:26:21Z,10456,5,5,40000,3450,2294,0,1,9,9,565.5
2026-10-09T13:26:37Z,10472,5,5,40000,3450,2052,0,1,9,9,559.5
2026-10-09T13:26:52Z,10488,5,5,40000,3450,1974,0,1,9,9,559.5
2026-10-09T13:27:08Z,10503,5,5,40000,3450,1874,0,1,9,9,558.0
2026-10-09T13:27:23Z,10519,5,5,40000,3450,1686,0,1,9,9,555.0
2026-10-09T13:27:39Z,10534,5,5,40000,3450,1623,0,1,9,9,552.0
2026-10-09T13:27:55Z,10550,5,5,40000,3450,1367,0,1,9,9,547.5
2026-10-09T13:28:10Z,10566,5,5,40000,3450,1373,0,1,9,9,544.5
2026-10-09T13:28:26Z,10581,5,5,40000,3450,1262,0,1,9,9,547.5
2026-10-09T13:28:42Z,10597,5,5,40000,3450,1189,0,1,9,9,544.5
2026-10-09T13:28:57Z,10613,5,5,40000,3450,1208,0,1,9,9,544.5
2026-10-09T13:29:13Z,10628,5,5,40000,3450,1067,0,1,9,9,541.5
2026-10-09T13:29:29Z,10644,5,5,40000,3450,1150,0,1,9,9,544.5
2026-10-09T13:29:44Z,10660,5,5,40000,3450,1130,0,1,9,9,541.5
2026-10-09T13:30:00Z,10675,5,5,40000,3450,1118,0,1,9,9,541.5
2026-10-09T13:30:15Z,10691,5,5,40000,3450,1017,0,1,9,9,540.0
2026-10-09T13:30:31Z,10706,5,5,40000,3450,908,0,1,9,9,538.5
2026-10-09T13:30:47Z,10722,5,5,40000,3450,870,0,1,9,9,531.0
2026-10-09T13:31:02Z,10738,5,5,40000,3450,588,0,1,9,9,531.0
2026-10-09T13:31:18Z,10753,5,5,40000,3450,472,0,1,9,9,531.0
2026-10-09T13:31:34Z,10769,5,5,40000,3250,606,0,1,9,8,531.0
2026-10-09T13:31:49Z,10785,5,5,40000,3250,605,0,1,8,8,532.5
2026-10-09T13:32:05Z,10800,5,5,40000,3250,589,0,1,8,8,531.0
2026-10-09T13:32:20Z,10816,5,5,40000,3050,610,0,1,8,7,532.5
2026-10-09T13:32:36Z,10831,5,5,40000,3050,431,0,1,7,7,528.0
2026-10-09T13:32:52Z,10847,5,5,40000,2850,361,0,1,7,6,528.0
2026-10-09T13:33:07Z,10863,5,5,40000,2850,365,0,1,6,6,528.0
2026-10-09T13:33:23Z,10878,5,5,40000,2650,575,0,1,6,5,534.0
2026-10-09T13:33:38Z,10894,5,5,40000,2650,590,0,1,5,4,532.5
2026-10-09T13:33:54Z,10909,5,5,40000,2450,730,0,1,4,4,534.0
2026-10-09T13:34:10Z,10925,5,5,40000,2450,803,0,1,4,4,535.5
2026-10-09T13:34:25Z,10941,5,5,40000,2450,830,0,1,4,4,537.0
2026-10-09T13:34:41Z,10956,5,5,40000,2450,791,0,1,4,4,537.0
2026-10-09T13:34:56Z,10972,5,5,40000,2450,798,0,1,4,4,538.5
2026-10-09T13:35:12Z,10987,5,5,40000,2450,748,0,1,4,3,537.0
2026-10-09T13:35:28Z,11003,5,5,40000,2250,850,0,1,3,3,537.0
2026-10-09T13:35:43Z,11019,5,5,40000,2250,914,0,1,3,3,538.5
2026-10-09T13:35:59Z,11034,5,5,40000,2250,1075,1,1,3,3,543.0
2026-10-09T13:36:15Z,11050,5,5,40000,2450,1073,0,1,3,4,543.0
2026-10-09T13:36:30Z,11066,5,5,40000,2450,1367,0,1,4,4,547.5
2026-10-09T13:36:46Z,11081,5,5,40000,2650,1347,0,1,4,5,547.5
2026-10-09T13:37:02Z,11097,5,5,40000,2650,1499,0,1,5,5,549.0
2026-10-09T13:37:17Z,11113,5,5,40000,2650,1641,0,1,5,5,553.5
2026-10-09T13:37:33Z,11128,5,5,40000,2650,1576,0,1,5,5,549.0
2026-10-09T13:37:49Z,11144,5,5,40000,2650,1632,0,1,5,5,552.0
2026-10-09T13:38:04Z,11160,5,5,40000,2650,1332,0,1,5,5,547.5
2026-10-09T13:38:20Z,11175,5,5,40000,2650,1321,0,1,5,5,547.5
2026-10-09T13:38:35Z,11191,5,5,40000,2650,1228,0,1,5,5,544.5
2026-10-09T13:38:51Z,11206,5,5,40000,2650,1362,0,1,5,5,547.5
2026-10-09T13:39:07Z,11222,5,5,40000,2650,1343,0,1,5,5,547.5
2026-10-09T13:39:22Z,11238,5,5,40000,2650,1627,0,1,5,5,553.5
2026-10-09T13:39:38Z,11253,5,5,40000,2650,1588,0,1,5,5,550.5
2026-10-09T13:39:54Z,11269,5,5,40000,2650,1826,0,1,5,5,555.0
2026-10-09T13:40:09Z,11285,5,5,40000,2850,1932,0,1,6,6,558.0
2026-10-09T13:40:25Z,11300,5,5,40000,2850,1884,0,1,6,6,555.0
2026-10-09T13:40:41Z,11316,6,6,48000,3050,2214,0,1,6,7,639.0
2026-10-09T13:40:56Z,11332,6,6,48000,3050,2241,0,1,7,7,639.0
2026-10-09T13:41:12Z,11347,6,6,48000,3050,2286,0,1,7,7,639.0
2026-10-09T13:41:28Z,11363,6,6,48000,3050,2256,0,1,7,7,637.5
2026-10-09T13:41:43Z,11379,5,5,40000,3050,1999,0,1,7,7,558.0
2026-10-09T13:41:59Z,11394,5,5,40000,3050,1918,0,1,7,7,556.5
2026-10-09T13:42:15Z,11410,5,5,40000,3050,1824,0,1,7,7,556.5
2026-10-09T13:42:31Z,11426,5,5,40000,3050,1638,0,1,7,7,552.0
2026-10-09T13:42:46Z,11442,5,5,40000,3050,1610,0,1,7,7,550.5
2026-10-09T13:43:02Z,11457,5,5,40000,3050,1336,0,1,7,7,546.0
2026-10-09T13:43:17Z,11473,5,5,40000,3050,1213,0,1,7,7,544.5
2026-10-09T13:43:33Z,11488,5,5,40000,3050,1105,0,1,7,7,540.0
2026-10-09T13:43:49Z,11504,5,5,40000,3050,1094,0,1,7,7,541.5
2026-10-09T13:44:04Z,11520,5,5,40000,3050,1002,0,1,7,7,540.0
2026-10-09T13:44:20Z,11535,5,5,40000,3050,1073,0,1,7,7,541.5
2026-10-09T13:44:36Z,11551,5,5,40000,3050,1071,0,1,7,7,540.0
2026-10-09T13:44:51Z,11567,5,5,40000,3050,1085,0,1,7,7,540.0
2026-10-09T13:45:07Z,11582,5,5,40000,3050,1014,0,1,7,7,538.5
2026-10-09T13:45:22Z,11598,5,5,40000,3050,841,0,1,7,7,537.0
2026-10-09T13:45:38Z,11613,5,5,40000,3050,856,0,1,7,7,538.5
2026-10-09T13:45:54Z,11629,5,5,40000,3050,599,0,1,7,7,532.5
2026-10-09T13:46:09Z,11645,5,5,40000,3050,584,0,1,7,7,534.0
2026-10-09T13:46:25Z,11660,5,5,40000,3050,483,0,1,7,7,529.5
2026-10-09T13:46:40Z,11676,5,5,40000,3050,552,0,1,7,7,534.0
2026-10-09T13:46:56Z,11691,5,5,40000,3050,585,0,1,7,6,532.5
2026-10-09T13:47:12Z,11707,5,5,40000,2850,582,0,1,6,6,534.0
2026-10-09T13:47:27Z,11723,5,5,40000,2850,580,0,1,6,5,534.0
2026-10-09T13:47:43Z,11738,5,5,40000,2650,416,0,1,5,5,528.0
2026-10-09T13:47:58Z,11754,5,5,40000,2650,341,0,1,5,5,528.0
2026-10-09T13:48:14Z,11769,5,5,40000,2650,321,0,1,5,4,525.0
2026-10-09T13:48:30Z,11785,5,5,40000,2450,566,0,1,4,4,532.5
2026-10-09T13:48:45Z,11801,5,5,40000,2450,576,0,1,4,4,531.0
2026-10-09T13:49:01Z,11816,5,5,40000,2450,681,0,1,4,4,535.5
2026-10-09T13:49:16Z,11832,5,5,40000,2450,831,0,1,4,4,537.0
2026-10-09T13:49:32Z,11847,5,5,40000,2450,854,0,1,4,4,537.0
2026-10-09T13:49:48Z,11863,5,5,40000,2450,857,0,1,4,4,538.5
2026-10-09T13:50:03Z,11879,6,6,48000,2450,729,0,1,4,4,612.0
2026-10-09T13:50:19Z,11894,6,6,48000,2250,836,0,1,4,3,612.0
2026-10-09T13:50:34Z,11910,6,6,48000,2250,957,0,1,3,3,613.5
2026-10-09T13:50:50Z,11925,6,6,48000,2250,1082,0,1,3,3,543.0
2026-10-09T13:51:06Z,11941,5,5,40000,2250,1094,0,1,3,3,541.5
2026-10-09T13:51:21Z,11957,5,5,40000,2450,1335,0,1,3,4,547.5
2026-10-09T13:51:37Z,11972,5,5,40000,2450,1362,0,1,4,4,549.0
2026-10-09T13:51:53Z,11988,5,5,40000,2650,1452,0,1,4,5,549.0
2026-10-09T13:52:08Z,12004,5,5,40000,2650,1597,0,1,5,5,550.5
2026-10-09T13:52:24Z,12019,5,5,40000,2650,1602,0,1,5,5,552.0
2026-10-09T13:52:39Z,12035,5,5,40000,2650,1556,0,1,5,5,550.5
2026-10-09T13:52:55Z,12050,5,5,40000,2650,1624,0,1,5,5,552.0
2026-10-09T13:53:11Z,12066,5,5,40000,2650,1386,0,1,5,5,547.5
2026-10-09T13:53:27Z,12082,5,5,40000,2650,1406,0,1,5,5,547.5
2026-10-09T13:53:42Z,12098,5,5,40000,2650,1296,0,1,5,5,547.5
2026-10-09T13:53:58Z,12113,5,5,40000,2650,1360,0,1,5,5,547.5
2026-10-09T13:54:13Z,12129,5,5,40000,2650,1395,0,1,5,5,547.5
2026-10-09T13:54:29Z,12144,5,5,40000,2650,1678,0,1,5,5,552.0
2026-10-09T13:54:45Z,12160,5,5,40000,2650,1642,0,1,5,5,552.0
2026-10-09T13:55:00Z,12176,5,5,40000,2850,1768,0,1,5,6,555.0
2026-10-09T13:55:16Z,12191,5,5,40000,2850,2015,0,1,6,6,559.5
2026-10-09T13:55:32Z,12207,5,5,40000,2850,2044,0,1,6,6,564.0
2026-10-09T13:55:47Z,12223,5,5,40000,3050,2226,0,1,6,7,564.0
2026-10-09T13:56:03Z,12238,5,5,40000,3050,2265,0,1,7,7,564.0
2026-10-09T13:56:19Z,12254,5,5,40000,3050,2230,0,1,7,7,564.0
2026-10-09T13:56:34Z,12270,5,5,40000,3050,2101,0,1,7,7,561.0
2026-10-09T13:56:50Z,12285,5,5,40000,3050,1967,0,1,7,7,556.5
2026-10-09T13:57:05Z,12301,5,5,40000,3050,1942,0,1,7,7,556.5
2026-10-09T13:57:21Z,12316,5,5,40000,3050,1641,0,1,7,7,552.0
2026-10-09T13:57:37Z,12332,5,5,40000,3050,1630,0,1,7,7,553.5
2026-10-09T13:57:52Z,12348,5,5,40000,3050,1322,0,1,7,7,547.5
2026-10-09T13:58:08Z,12363,5,5,40000,3050,1352,0,1,7,7,546.0
2026-10-09T13:58:24Z,12379,5,5,40000,3050,1331,0,1,7,7,546.0
2026-10-09T13:58:39Z,12395,5,5,40000,3050,1092,0,1,7,7,540.0
2026-10-09T13:58:55Z,12410,5,5,40000,3050,1096,0,1,7,7,541.5
2026-10-09T13:59:11Z,12426,5,5,40000,3050,992,0,1,7,7,538.5
2026-10-09T13:59:26Z,12442,5,5,40000,3050,1055,0,1,7,7,540.0
2026-10-09T13:59:42Z,12457,5,5,40000,3050,1070,0,1,7,7,540.0
2026-10-09T13:59:57Z,12473,5,5,40000,3050,1085,0,1,7,7,541.5
2026-10-09T14:00:13Z,12488,5,5,40000,3050,1013,0,1,7,7,540.0
2026-10-09T14:00:29Z,12504,5,5,40000,3050,887,0,1,7,7,537.0
2026-10-09T14:00:44Z,12520,5,5,40000,3050,844,0,1,7,7,537.0
2026-10-09T14:01:00Z,12535,5,5,40000,3050,560,0,1,7,7,532.5
2026-10-09T14:01:15Z,12551,5,5,40000,3050,568,0,1,7,7,532.5
2026-10-09T14:01:31Z,12566,5,5,40000,3050,479,0,1,7,7,528.0
2026-10-09T14:01:47Z,12582,5,5,40000,3050,517,0,1,7,7,531.0
2026-10-09T14:02:02Z,12598,5,5,40000,3050,540,0,1,7,7,531.0
2026-10-09T14:02:18Z,12613,5,5,40000,2850,560,0,1,7,6,531.0
2026-10-09T14:02:33Z,12629,5,5,40000,2850,430,0,1,6,6,528.0
2026-10-09T14:02:49Z,12644,5,5,40000,2650,328,0,1,6,5,526.5
2026-10-09T14:03:04Z,12660,5,5,40000,2650,335,0,1,5,5,525.0
2026-10-09T14:03:20Z,12675,5,5,40000,2650,535,0,1,5,5,532.5
2026-10-09T14:03:36Z,12691,5,5,40000,2450,550,0,1,5,4,532.5
2026-10-09T14:03:51Z,12707,5,5,40000,2450,631,0,1,4,4,531.0
2026-10-09T14:04:07Z,12722,5,5,40000,2450,760,0,1,4,4,535.5
2026-10-09T14:04:22Z,12738,5,5,40000,2450,784,0,1,4,4,537.0
2026-10-09T14:04:38Z,12753,5,5,40000,2450,763,0,1,4,4,537.0
2026-10-09T14:04:54Z,12769,5,5,40000,2450,769,0,1,4,4,537.0
2026-10-09T14:05:09Z,12785,5,5,40000,2450,720,0,1,4,4,535.5
2026-10-09T14:05:25Z,12800,5,5,40000,2250,795,0,1,4,3,538.5
2026-10-09T14:05:40Z,12816,5,5,40000,2250,877,0,1,3,3,538.5
2026-10-09T14:05:56Z,12831,5,5,40000,2250,1048,0,1,3,3,541.5
2026-10-09T14:06:11Z,12847,5,5,40000,2250,1025,0,1,3,3,543.0
2026-10-09T14:06:27Z,12862,5,5,40000,2250,1269,1,1,3,4,546.0
2026-10-09T14:06:43Z,12878,5,5,40000,2450,1331,0,1,4,4,547.5
2026-10-09T14:06:58Z,12894,5,5,40000,2450,1383,0,1,4,4,549.0
2026-10-09T14:07:14Z,12909,5,5,40000,2650,1536,0,1,4,5,550.5
2026-10-09T14:07:30Z,12925,5,5,40000,2650,1533,0,1,5,5,552.0
2026-10-09T14:07:45Z,12941,5,5,40000,2650,1570,0,1,5,5,550.5
2026-10-09T14:08:01Z,12956,5,5,40000,2650,1543,0,1,5,5,550.5
2026-10-09T14:08:16Z,12972,5,5,40000,2650,1336,0,1,5,5,547.5
2026-10-09T14:08:32Z,12987,5,5,40000,2650,1234,0,1,5,5,544.5
2026-10-09T14:08:48Z,13003,5,5,40000,2650,1350,0,1,5,5,546.0
2026-10-09T14:09:03Z,13019,5,5,40000,2650,1369,0,1,5,5,547.5
2026-10-09T14:09:19Z,13034,5,5,40000,2650,1691,0,1,5,5,555.0
2026-10-09T14:09:35Z,13050,5,5,40000,2650,1661,0,1,5,5,552.0
2026-10-09T14:09:50Z,13066,5,5,40000,2650,1719,0,1,5,5,555.0
2026-10-09T14:10:06Z,13081,5,5,40000,2850,1869,0,1,5,6,556.5
2026-10-09T14:10:21Z,13097,5,5,40000,2850,1929,0,1,6,6,558.0
2026-10-09T14:10:37Z,13112,5,5,40000,2850,2108,0,1,6,6,561.0
2026-10-09T14:10:53Z,13128,5,5,40000,2850,2123,0,1,6,6,561.0
2026-10-09T14:11:08Z,13144,5,5,40000,3050,2163,0,1,6,7,564.0
2026-10-09T14:11:24Z,13159,5,5,40000,3050,2131,0,1,7,7,561.0
2026-10-09T14:11:40Z,13175,5,5,40000,3050,1993,0,1,7,7,556.5
2026-10-09T14:11:55Z,13191,5,5,40000,3050,1841,0,1,7,7,556.5
2026-10-09T14:12:11Z,13206,5,5,40000,3050,1749,0,1,7,7,555.0
2026-10-09T14:12:27Z,13222,5,5,40000,3050,1640,0,1,7,7,552.0
2026-10-09T14:12:42Z,13238,5,5,40000,3050,1578,0,1,7,7,552.0
2026-10-09T14:12:58Z,13253,5,5,40000,3050,1335,0,1,7,7,546.0
2026-10-09T14:13:14Z,13269,5,5,40000,3050,1319,0,1,7,7,546.0
2026-10-09T14:13:29Z,13285,5,5,40000,3050,1251,0,1,7,7,544.5
2026-10-09T14:13:45Z,13300,5,5,40000,3050,1103,0,1,7,7,540.0
2026-10-09T14:14:00Z,13316,5,5,40000,3050,1082,0,1,7,7,541.5
2026-10-09T14:14:16Z,13331,5,5,40000,3050,1008,0,1,7,7,538.5
2026-10-09T14:14:32Z,13347,5,5,40000,3050,1083,0,1,7,7,540.0
2026-10-09T14:14:47Z,13363,5,5,40000,3050,1101,0,1,7,7,540.0
2026-10-09T14:15:03Z,13378,5,5,40000,3050,1060,0,1,7,7,538.5
2026-10-09T14:15:18Z,13394,5,5,40000,3050,877,0,1,7,7,538.5
2026-10-09T14:15:34Z,13409,5,5,40000,3050,870,0,1,7,7,537.0
2026-10-09T14:15:50Z,13425,5,5,40000,3050,593,0,1,7,7,532.5
2026-10-09T14:16:05Z,13441,5,5,40000,3050,561,0,1,7,7,532.5
2026-10-09T14:16:21Z,13456,5,5,40000,3050,518,0,1,7,7,531.0
2026-10-09T14:16:36Z,13472,5,5,40000,3050,500,0,1,7,7,529.5
2026-10-09T14:16:52Z,13487,5,5,40000,2850,550,0,1,7,6,532.5
2026-10-09T14:17:07Z,13503,5,5,40000,2850,564,0,1,6,6,534.0
2026-10-09T14:17:23Z,13519,5,5,40000,2850,559,0,1,6,6,532.5
2026-10-09T14:17:39Z,13534,5,5,40000,2850,423,0,1,6,6,526.5
2026-10-09T14:17:54Z,13550,5,5,40000,2650,321,0,1,6,5,526.5
2026-10-09T14:18:10Z,13565,5,5,40000,2650,329,0,1,5,5,525.0
2026-10-09T14:18:25Z,13581,5,5,40000,2450,512,0,1,5,4,531.0
2026-10-09T14:18:41Z,13596,5,5,40000,2450,576,0,1,4,4,531.0
2026-10-09T14:18:57Z,13612,5,5,40000,2450,581,0,1,4,4,532.5
2026-10-09T14:19:12Z,13628,5,5,40000,2450,815,0,1,4,4,537.0
2026-10-09T14:19:28Z,13643,5,5,40000,2450,852,0,1,4,4,540.0
2026-10-09T14:19:44Z,13659,5,5,40000,2450,846,0,1,4,4,537.0
2026-10-09T14:19:59Z,13675,5,5,40000,2450,845,0,1,4,4,537.0
2026-10-09T14:20:15Z,13690,5,5,40000,2450,751,0,1,4,3,537.0
2026-10-09T14:20:30Z,13706,5,5,40000,2250,876,0,1,3,3,538.5
2026-10-09T14:20:46Z,13721,5,5,40000,2250,918,0,1,3,3,538.5
2026-10-09T14:21:02Z,13737,5,5,40000,2250,1054,0,1,3,3,541.5
2026-10-09T14:21:17Z,13753,5,5,40000,2250,1283,0,1,3,3,547.5
2026-10-09T14:21:33Z,13768,5,5,40000,2450,1326,0,1,3,4,546.0
2026-10-09T14:21:48Z,13784,5,5,40000,2450,1456,0,1,4,4,549.0
2026-10-09T14:22:04Z,13799,5,5,40000,2450,1651,0,1,4,4,553.5
2026-10-09T14:22:20Z,13815,5,5,40000,2850,1587,0,1,4,6,552.0
2026-10-09T14:22:35Z,13831,5,5,40000,2850,1602,0,1,6,6,550.5
2026-10-09T14:22:51Z,13846,5,5,40000,2850,1571,0,1,6,6,550.5
2026-10-09T14:23:07Z,13862,5,5,40000,2850,1355,0,1,6,6,547.5
2026-10-09T14:23:22Z,13878,5,5,40000,2850,1327,0,1,6,6,544.5
2026-10-09T14:23:38Z,13893,5,5,40000,2850,1261,0,1,6,6,544.5
2026-10-09T14:23:53Z,13909,5,5,40000,2850,1399,0,1,6,6,549.0
2026-10-09T14:24:09Z,13924,5,5,40000,2850,1372,0,1,6,6,547.5
2026-10-09T14:24:25Z,13940,5,5,40000,2850,1713,0,1,6,6,553.5
2026-10-09T14:24:40Z,13956,5,5,40000,2850,1662,0,1,6,6,552.0
2026-10-09T14:24:56Z,13971,5,5,40000,2850,1819,0,1,6,6,555.0
2026-10-09T14:25:12Z,13987,5,5,40000,2850,1892,0,1,6,6,556.5
2026-10-09T14:25:27Z,14003,5,5,40000,2850,1794,0,1,6,6,555.0
2026-10-09T14:25:43Z,14018,5,5,40000,2850,2102,0,1,6,6,561.0
2026-10-09T14:25:59Z,14034,5,5,40000,3050,2155,0,1,7,7,561.0
2026-10-09T14:26:14Z,14050,5,5,40000,3050,2151,0,1,7,7,561.0
2026-10-09T14:26:30Z,14065,5,5,40000,3050,2140,0,1,7,7,559.5
2026-10-09T14:26:45Z,14081,5,5,40000,3050,2045,0,1,7,7,559.5
2026-10-09T14:27:01Z,14096,5,5,40000,3050,1863,0,1,7,7,556.5
2026-10-09T14:27:17Z,14112,5,5,40000,3050,1705,0,1,7,7,555.0
2026-10-09T14:27:32Z,14128,5,5,40000,3050,1656,0,1,7,7,552.0
2026-10-09T14:27:48Z,14143,5,5,40000,3050,1436,0,1,7,7,547.5
2026-10-09T14:28:04Z,14159,5,5,40000,3050,1338,0,1,7,7,547.5
2026-10-09T14:28:19Z,14175,5,5,40000,3050,1452,0,1,7,7,547.5
2026-10-09T14:28:35Z,14190,5,5,40000,3050,1118,0,1,7,7,544.5
2026-10-09T14:28:50Z,14206,5,5,40000,3050,1136,0,1,7,7,543.0
2026-10-09T14:29:06Z,14221,5,5,40000,3050,1006,0,1,7,7,540.0
2026-10-09T14:29:22Z,14237,5,5,40000,3050,1111,0,1,7,7,543.0
2026-10-09T14:29:37Z,14253,5,5,40000,3050,1102,0,1,7,7,540.0
2026-10-09T14:29:53Z,14268,5,5,40000,3050,1085,0,1,7,7,541.5
2026-10-09T14:30:08Z,14284,5,5,40000,3050,1050,0,1,7,7,540.0
2026-10-09T14:30:24Z,14300,5,5,40000,3050,921,0,1,7,7,537.0
2026-10-09T14:30:40Z,14315,5,5,40000,3050,819,0,1,7,7,537.0
2026-10-09T14:30:55Z,14331,5,5,40000,3050,720,0,1,7,7,534.0
2026-10-09T14:31:11Z,14346,5,5,40000,3050,595,0,1,7,7,532.5
2026-10-09T14:31:26Z,14362,5,5,40000,3050,521,0,1,7,7,531.0
2026-10-09T14:31:42Z,14377,5,5,40000,3050,481,0,1,7,7,529.5
2026-10-09T14:31:58Z,14393,5,5,40000,3050,578,0,1,7,7,534.0
2026-10-09T14:32:13Z,14409,5,5,40000,3050,560,0,1,7,7,532.5
2026-10-09T14:32:29Z,14424,5,5,40000,2850,580,0,1,7,6,532.5
2026-10-09T14:32:44Z,14440,5,5,40000,2850,540,0,1,6,5,531.0
2026-10-09T14:33:00Z,14455,5,5,40000,2650,313,0,1,5,5,526.5
2026-10-09T14:33:16Z,14471,5,5,40000,2650,325,0,1,5,5,526.5
2026-10-09T14:33:31Z,14487,5,5,40000,2650,469,0,1,5,4,531.0
2026-10-09T14:33:47Z,14502,5,5,40000,2450,537,0,1,4,4,531.0
2026-10-09T14:34:02Z,14518,5,5,40000,2450,756,0,1,4,4,537.0
2026-10-09T14:34:18Z,14533,5,5,40000,2450,749,0,1,4,4,537.0
2026-10-09T14:34:33Z,14549,5,5,40000,2450,785,0,1,4,4,537.0
2026-10-09T14:34:49Z,14564,5,5,40000,2450,739,0,1,4,4,537.0
2026-10-09T14:35:05Z,14580,5,5,40000,2450,639,0,1,4,4,534.0
2026-10-09T14:35:20Z,14596,5,5,40000,2250,773,0,1,4,3,537.0
2026-10-09T14:35:36Z,14611,5,5,40000,2250,817,0,1,3,3,537.0
2026-10-09T14:35:51Z,14627,5,5,40000,2250,975,0,1,3,3,540.0
2026-10-09T14:36:07Z,14642,5,5,40000,2250,1091,0,1,3,3,541.5
2026-10-09T14:36:23Z,14658,5,5,40000,2450,1173,0,1,3,4,544.5
2026-10-09T14:36:38Z,14674,5,5,40000,2450,1363,0,1,4,4,547.5
2026-10-09T14:36:54Z,14689,5,5,40000,2450,1367,0,1,4,4,547.5
2026-10-09T14:37:09Z,14705,5,5,40000,2450,1611,0,1,4,4,552.0
2026-10-09T14:37:25Z,14720,5,5,40000,2850,1695,0,1,4,6,553.5
2026-10-09T14:37:41Z,14736,5,5,40000,2850,1922,0,1,6,6,558.0
2026-10-09T14:37:56Z,14752,5,5,40000,2850,1680,0,1,6,6,552.0
2026-10-09T14:38:12Z,14767,5,5,40000,2850,1530,0,1,6,6,550.5
2026-10-09T14:38:28Z,14783,5,5,40000,2850,1355,0,1,6,6,546.0
2026-10-09T14:38:43Z,14799,5,5,40000,2850,1440,0,1,6,6,549.0
2026-10-09T14:38:59Z,14814,5,5,40000,2850,1429,0,1,6,6,547.5
2026-10-09T14:39:14Z,14830,5,5,40000,2850,1573,0,1,6,6,552.0
2026-10-09T14:39:30Z,14845,5,5,40000,2850,1533,0,1,6,6,549.0
2026-10-09T14:39:46Z,14861,5,5,40000,2850,1707,0,1,6,6,552.0
2026-10-09T14:40:01Z,14877,5,5,40000,2850,1702,0,1,6,6,553.5
2026-10-09T14:40:17Z,14892,5,5,40000,2850,1972,1,1,6,6,561.0
2026-10-09T14:40:33Z,14908,5,5,40000,2850,2117,0,1,6,6,562.5
2026-10-09T14:40:48Z,14924,5,5,40000,2850,2251,0,1,6,6,562.5
2026-10-09T14:41:04Z,14939,5,5,40000,3250,2139,0,1,6,8,561.0
2026-10-09T14:41:20Z,14955,5,5,40000,3250,2194,0,1,8,8,562.5
2026-10-09T14:41:35Z,14971,5,5,40000,3250,2162,0,1,8,8,561.0
2026-10-09T14:41:51Z,14986,5,5,40000,3250,1924,0,1,8,8,556.5
2026-10-09T14:42:07Z,15002,5,5,40000,3250,1860,0,1,8,8,556.5
2026-10-09T14:42:22Z,15018,5,5,40000,3250,1657,0,1,8,8,552.0
2026-10-09T14:42:38Z,15033,5,5,40000,3250,1615,0,1,8,8,552.0
2026-10-09T14:42:53Z,15049,5,5,40000,3250,1425,0,1,8,8,549.0
2026-10-09T14:43:09Z,15064,5,5,40000,3250,1282,0,1,8,8,544.5
2026-10-09T14:43:25Z,15080,5,5,40000,3250,1367,0,1,8,8,547.5
2026-10-09T14:43:40Z,15096,5,5,40000,3250,1103,0,1,8,8,541.5
2026-10-09T14:43:56Z,15111,5,5,40000,3250,1164,0,1,8,8,543.0
2026-10-09T14:44:11Z,15127,5,5,40000,3250,938,0,1,8,8,537.0
2026-10-09T14:44:27Z,15142,5,5,40000,3250,1101,0,1,8,8,540.0
2026-10-09T14:44:43Z,15158,5,5,40000,3250,1069,0,1,8,8,541.5
2026-10-09T14:44:58Z,15174,5,5,40000,3250,1106,0,1,8,8,541.5
2026-10-09T14:45:14Z,15189,5,5,40000,3250,1083,0,1,8,8,541.5
2026-10-09T14:45:29Z,15205,5,5,40000,3250,933,0,1,8,8,537.0
2026-10-09T14:45:45Z,15220,5,5,40000,3250,850,0,1,8,8,537.0
2026-10-09T14:46:01Z,15236,5,5,40000,3250,755,0,1,8,8,537.0
2026-10-09T14:46:16Z,15252,5,5,40000,3250,579,0,1,8,8,531.0
2026-10-09T14:46:32Z,15267,5,5,40000,3250,461,0,1,8,8,529.5
2026-10-09T14:46:48Z,15283,5,5,40000,3250,568,0,1,8,7,529.5
2026-10-09T14:47:03Z,15299,5,5,40000,3050,619,0,1,7,7,534.0
2026-10-09T14:47:19Z,15314,5,5,40000,3050,582,0,1,7,6,532.5
2026-10-09T14:47:34Z,15330,5,5,40000,2850,602,0,1,6,5,534.0
2026-10-09T14:47:50Z,15345,5,5,40000,2650,362,0,1,5,5,526.5
2026-10-09T14:48:06Z,15361,5,5,40000,2650,330,1,1,5,5,526.5
2026-10-09T14:48:21Z,15377,5,5,40000,2650,406,0,1,5,5,529.5
2026-10-09T14:48:37Z,15392,5,5,40000,2450,589,0,1,5,4,532.5
2026-10-09T14:48:52Z,15408,5,5,40000,2450,582,0,1,4,4,531.0
2026-10-09T14:49:08Z,15423,5,5,40000,2450,803,0,1,4,4,537.0
2026-10-09T14:49:24Z,15439,5,5,40000,2450,790,0,1,4,4,537.0
2026-10-09T14:49:39Z,15455,5,5,40000,2450,812,0,1,4,4,537.0
2026-10-09T14:49:55Z,15470,5,5,40000,2450,781,0,1,4,4,537.0
2026-10-09T14:50:10Z,15486,5,5,40000,2450,679,0,1,4,4,535.5
2026-10-09T14:50:26Z,15501,5,5,40000,2450,829,0,1,4,4,537.0
2026-10-09T14:50:41Z,15517,5,5,40000,2250,865,0,1,4,3,537.0
2026-10-09T14:50:57Z,15532,5,5,40000,2250,1019,0,1,3,3,540.0
2026-10-09T14:51:13Z,15548,5,5,40000,2250,1056,0,1,3,3,541.5
2026-10-09T14:51:28Z,15564,5,5,40000,2450,1163,0,1,3,4,544.5
2026-10-09T14:51:44Z,15579,6,6,48000,2450,1403,0,1,4,4,622.5
2026-10-09T14:51:59Z,15595,6,6,48000,2650,1434,0,1,4,5,624.0
2026-10-09T14:52:15Z,15610,6,6,48000,2650,1909,0,1,5,6,631.5
2026-10-09T14:52:31Z,15626,6,6,48000,2850,1795,0,1,6,6,630.0
2026-10-09T14:52:46Z,15642,6,6,48000,2850,1778,0,1,6,6,627.0
2026-10-09T14:53:02Z,15657,6,6,48000,2850,1561,0,1,6,6,625.5
2026-10-09T14:53:18Z,15673,6,6,48000,2850,1356,0,1,6,6,621.0
2026-10-09T14:53:33Z,15689,6,6,48000,2850,1360,0,1,6,6,619.5
2026-10-09T14:53:49Z,15704,6,6,48000,2850,1286,0,1,6,6,619.5
2026-10-09T14:54:05Z,15720,6,6,48000,2850,1416,0,1,6,6,624.0
2026-10-09T14:54:20Z,15736,6,6,48000,2850,1513,0,1,6,6,625.5
2026-10-09T14:54:36Z,15751,6,6,48000,2850,1704,0,1,6,6,628.5
2026-10-09T14:54:52Z,15767,6,6,48000,2850,1653,0,1,6,6,625.5
2026-10-09T14:55:07Z,15783,6,6,48000,2850,1917,0,1,6,6,628.5
2026-10-09T14:55:23Z,15798,6,6,48000,2850,1885,0,1,6,6,631.5
2026-10-09T14:55:39Z,15814,6,6,48000,2850,1957,0,1,6,6,631.5
2026-10-09T14:55:54Z,15830,6,6,48000,2850,2218,0,1,6,6,636.0
2026-10-09T14:56:10Z,15845,6,6,48000,3050,2153,0,1,6,7,636.0
2026-10-09T14:56:26Z,15861,6,6,48000,3050,2209,0,1,7,7,639.0
2026-10-09T14:56:41Z,15877,6,6,48000,3050,2229,0,1,7,7,639.0
2026-10-09T14:56:57Z,15892,6,6,48000,3050,1868,0,1,7,7,631.5
2026-10-09T14:57:13Z,15908,6,6,48000,3050,1845,0,1,7,7,631.5
2026-10-09T14:57:28Z,15924,6,6,48000,3050,1676,0,1,7,7,625.5
2026-10-09T14:57:44Z,15939,6,6,48000,3050,1591,0,1,7,7,625.5
2026-10-09T14:58:00Z,15955,6,6,48000,3050,1467,0,1,7,7,621.0
2026-10-09T14:58:15Z,15971,6,6,48000,3050,1302,0,1,7,7,619.5
2026-10-09T14:58:31Z,15986,6,6,48000,3050,1267,0,1,7,7,619.5
2026-10-09T14:58:46Z,16002,6,6,48000,3050,1058,0,1,7,7,615.0
2026-10-09T14:59:02Z,16017,6,6,48000,3050,938,0,1,7,7,612.0
2026-10-09T14:59:18Z,16033,6,6,48000,3050,1032,0,1,7,7,613.5
2026-10-09T14:59:33Z,16049,6,6,48000,3050,1043,0,1,7,7,615.0
2026-10-09T14:59:49Z,16064,6,6,48000,3050,1026,0,1,7,7,613.5
2026-10-09T15:00:04Z,16080,6,6,48000,3050,1047,0,1,7,7,613.5
2026-10-09T15:00:20Z,16095,6,6,48000,3050,900,0,1,7,7,610.5
2026-10-09T15:00:36Z,16111,6,6,48000,3050,836,0,1,7,7,612.0
2026-10-09T15:00:51Z,16127,6,6,48000,3050,736,0,1,7,7,610.5
2026-10-09T15:01:07Z,16142,6,6,48000,3050,568,0,1,7,7,606.0
2026-10-09T15:01:22Z,16158,6,6,48000,3050,559,0,1,7,7,606.0
2026-10-09T15:01:38Z,16173,6,6,48000,3050,417,0,1,7,7,601.5
2026-10-09T15:01:54Z,16189,6,6,48000,3050,590,0,1,7,7,607.5
2026-10-09T15:02:09Z,16205,6,6,48000,3050,594,0,1,7,7,607.5
2026-10-09T15:02:25Z,16220,5,5,40000,2850,470,0,1,7,6,529.5
2026-10-09T15:02:40Z,16236,5,5,40000,2650,561,0,1,6,5,534.0
2026-10-09T15:02:56Z,16251,5,5,40000,2650,353,0,1,5,5,526.5
2026-10-09T15:03:11Z,16267,5,5,40000,2650,327,0,1,5,5,526.5
2026-10-09T15:03:27Z,16282,5,5,40000,2450,400,0,1,5,4,529.5
2026-10-09T15:03:43Z,16298,5,5,40000,2450,612,1,1,4,4,531.0
2026-10-09T15:03:58Z,16314,5,5,40000,2450,562,0,1,4,4,531.0
2026-10-09T15:04:14Z,16329,5,5,40000,2450,792,0,1,4,4,537.0
2026-10-09T15:04:29Z,16345,5,5,40000,2450,791,0,1,4,4,537.0
2026-10-09T15:04:45Z,16360,5,5,40000,2450,794,0,1,4,4,537.0
2026-10-09T15:05:01Z,16376,5,5,40000,2450,786,0,1,4,4,537.0
2026-10-09T15:05:16Z,16392,5,5,40000,2450,676,0,1,4,4,534.0
2026-10-09T15:05:32Z,16407,5,5,40000,2450,790,0,1,4,3,537.0
2026-10-09T15:05:48Z,16423,5,5,40000,2250,947,0,1,3,3,540.0
2026-10-09T15:06:03Z,16439,5,5,40000,2250,999,0,1,3,3,541.5
2026-10-09T15:06:19Z,16454,5,5,40000,2450,1084,0,1,3,4,543.0
2026-10-09T15:06:34Z,16470,5,5,40000,2450,1275,0,1,4,4,546.0
2026-10-09T15:06:50Z,16485,5,5,40000,2450,1286,0,1,4,4,546.0
2026-10-09T15:07:06Z,16501,5,5,40000,2450,1574,0,1,4,4,550.5
2026-10-09T15:07:21Z,16517,5,5,40000,2650,1554,0,1,4,5,552.0
2026-10-09T15:07:37Z,16532,5,5,40000,2650,1630,0,1,5,5,552.0
2026-10-09T15:07:52Z,16548,5,5,40000,2650,1522,0,1,5,5,549.0
2026-10-09T15:08:08Z,16563,5,5,40000,2650,1446,0,1,5,5,549.0
2026-10-09T15:08:24Z,16579,5,5,40000,2650,1308,0,1,5,5,546.0
2026-10-09T15:08:39Z,16595,5,5,40000,2650,1291,0,1,5,5,544.5
2026-10-09T15:08:55Z,16610,5,5,40000,2650,1223,0,1,5,5,544.5
2026-10-09T15:09:10Z,16626,5,5,40000,2650,1295,0,1,5,5,546.0
2026-10-09T15:09:26Z,16641,5,5,40000,2650,1405,0,1,5,5,547.5
2026-10-09T15:09:42Z,16657,5,5,40000,2650,1672,0,1,5,5,552.0
2026-10-09T15:09:57Z,16673,5,5,40000,2650,1688,0,1,5,5,552.0
2026-10-09T15:10:13Z,16688,5,5,40000,2650,1983,0,1,5,5,559.5
2026-10-09T15:10:29Z,16704,5,5,40000,2850,2013,0,1,5,6,559.5
2026-10-09T15:10:44Z,16720,5,5,40000,2850,2106,0,1,6,6,561.0
2026-10-09T15:11:00Z,16735,5,5,40000,2850,2194,0,1,6,6,562.5
2026-10-09T15:11:17Z,16751,5,5,40000,3050,2165,0,1,6,7,561.0
2026-10-09T15:11:32Z,16768,5,5,40000,3050,2156,0,1,7,7,561.0
2026-10-09T15:11:48Z,16783,5,5,40000,3050,1868,0,1,7,7,558.0
2026-10-09T15:12:03Z,16799,5,5,40000,3050,1820,0,1,7,7,555.0
2026-10-09T15:12:19Z,16815,5,5,40000,3050,1721,0,1,7,7,552.0
2026-10-09T15:12:35Z,16830,5,5,40000,3050,1578,0,1,7,7,549.0
2026-10-09T15:12:50Z,16846,5,5,40000,3050,1528,0,1,7,7,549.0
2026-10-09T15:13:06Z,16861,5,5,40000,3050,1295,0,1,7,7,546.0
2026-10-09T15:13:22Z,16877,5,5,40000,3050,1337,0,1,7,7,547.5
2026-10-09T15:13:37Z,16893,5,5,40000,3050,1028,0,1,7,7,540.0
2026-10-09T15:13:53Z,16908,5,5,40000,3050,1003,0,1,7,7,540.0
2026-10-09T15:14:08Z,16924,5,5,40000,3050,937,0,1,7,7,537.0
2026-10-09T15:14:24Z,16939,5,5,40000,3050,1008,0,1,7,7,540.0
2026-10-09T15:14:40Z,16955,5,5,40000,3050,1005,0,1,7,7,540.0
2026-10-09T15:14:55Z,16971,5,5,40000,3050,1019,0,1,7,7,538.5
2026-10-09T15:15:11Z,16986,5,5,40000,3050,1018,0,1,7,7,540.0
2026-10-09T15:15:26Z,17002,5,5,40000,3050,881,0,1,7,7,538.5
2026-10-09T15:15:42Z,17017,5,5,40000,3050,800,0,1,7,7,537.0
2026-10-09T15:15:58Z,17033,5,5,40000,3050,726,0,1,7,7,535.5
2026-10-09T15:16:13Z,17049,5,5,40000,3050,550,0,1,7,7,531.0
2026-10-09T15:16:29Z,17064,5,5,40000,3050,557,0,1,7,7,532.5
2026-10-09T15:16:44Z,17080,5,5,40000,3050,415,0,1,7,7,529.5
2026-10-09T15:17:00Z,17095,5,5,40000,3050,577,0,1,7,7,532.5
2026-10-09T15:17:16Z,17111,5,5,40000,2850,560,0,1,7,6,532.5
2026-10-09T15:17:31Z,17127,5,5,40000,2850,596,0,1,6,6,532.5
2026-10-09T15:17:47Z,17142,4,4,32000,2650,475,0,1,6,5,451.5
2026-10-09T15:18:02Z,17158,4,4,32000,2650,312,0,1,5,5,453.0
2026-10-09T15:18:18Z,17173,5,5,40000,2650,390,0,1,5,5,528.0
2026-10-09T15:18:33Z,17189,5,5,40000,2650,596,0,1,5,4,532.5
2026-10-09T15:18:49Z,17204,5,5,40000,2450,596,0,1,4,4,532.5
2026-10-09T15:19:05Z,17220,5,5,40000,2450,776,0,1,4,4,537.0
2026-10-09T15:19:20Z,17236,5,5,40000,2450,806,0,1,4,4,537.0
2026-10-09T15:19:36Z,17251,5,5,40000,2450,799,0,1,4,4,537.0
2026-10-09T15:19:51Z,17267,5,5,40000,2450,795,0,1,4,4,537.0
2026-10-09T15:20:07Z,17282,5,5,40000,2450,725,0,1,4,4,537.0
2026-10-09T15:20:23Z,17298,5,5,40000,2250,754,0,1,4,3,537.0
2026-10-09T15:20:38Z,17314,5,5,40000,2250,823,0,1,3,3,537.0
2026-10-09T15:20:54Z,17329,5,5,40000,2250,929,0,1,3,3,540.0
2026-10-09T15:21:09Z,17345,5,5,40000,2250,1025,0,1,3,3,541.5
2026-10-09T15:21:25Z,17360,5,5,40000,2250,1160,0,1,3,3,543.0
2026-10-09T15:21:40Z,17376,5,5,40000,2450,1406,0,1,3,4,547.5
2026-10-09T15:21:56Z,17392,5,5,40000,2450,1381,0,1,4,4,547.5
2026-10-09T15:22:12Z,17407,5,5,40000,2450,1560,0,1,4,4,550.5
2026-10-09T15:22:27Z,17423,5,5,40000,2450,1586,0,1,4,4,552.0
2026-10-09T15:22:43Z,17438,5,5,40000,2450,1576,0,1,4,4,552.0
2026-10-09T15:22:59Z,17454,5,5,40000,2450,1546,0,1,4,4,550.5
2026-10-09T15:23:14Z,17470,5,5,40000,2450,1538,0,1,4,4,552.0
2026-10-09T15:23:30Z,17485,5,5,40000,2450,1402,0,1,4,4,547.5
2026-10-09T15:23:46Z,17501,5,5,40000,2450,1403,0,1,4,4,549.0
2026-10-09T15:24:01Z,17517,5,5,40000,2450,1343,0,1,4,4,546.0
2026-10-09T15:24:17Z,17532,5,5,40000,2450,1468,0,1,4,4,549.0
2026-10-09T15:24:32Z,17548,5,5,40000,2450,1591,0,1,4,4,552.0
2026-10-09T15:24:48Z,17563,5,5,40000,2450,1611,1,1,4,5,552.0
2026-10-09T15:25:04Z,17579,5,5,40000,2650,2007,0,1,5,5,558.0
2026-10-09T15:25:19Z,17595,5,5,40000,2650,1939,0,1,5,5,558.0
2026-10-09T15:25:35Z,17610,5,5,40000,2650,1996,0,1,5,5,558.0
2026-10-09T15:25:51Z,17626,5,5,40000,2850,2169,0,1,5,6,562.5
2026-10-09T15:26:06Z,17642,5,5,40000,2850,2230,0,1,6,6,562.5
2026-10-09T15:26:22Z,17657,5,5,40000,2850,2190,0,1,6,6,562.5
2026-10-09T15:26:38Z,17673,5,5,40000,2850,2235,0,1,6,6,562.5
2026-10-09T15:26:53Z,17689,5,5,40000,2850,1945,0,1,6,6,556.5
2026-10-09T15:27:09Z,17704,5,5,40000,2850,1912,0,1,6,6,556.5
2026-10-09T15:27:25Z,17720,5,5,40000,2850,1754,0,1,6,6,553.5
2026-10-09T15:27:40Z,17736,5,5,40000,2850,1656,0,1,6,6,552.0
2026-10-09T15:27:56Z,17751,5,5,40000,2850,1591,0,1,6,6,550.5
2026-10-09T15:28:12Z,17767,5,5,40000,2850,1373,0,1,6,6,547.5
2026-10-09T15:28:27Z,17783,5,5,40000,2850,1436,0,1,6,6,549.0
2026-10-09T15:28:43Z,17798,5,5,40000,2850,1119,0,1,6,6,543.0
2026-10-09T15:28:58Z,17814,5,5,40000,2850,1133,0,1,6,6,543.0
2026-10-09T15:29:14Z,17829,5,5,40000,2850,1049,0,1,6,6,540.0
2026-10-09T15:29:30Z,17845,5,5,40000,2850,1091,0,1,6,6,543.0
2026-10-09T15:29:45Z,17861,5,5,40000,2850,1177,0,1,6,6,544.5
2026-10-09T15:30:01Z,17876,5,5,40000,2850,1148,0,1,6,6,543.0
2026-10-09T15:30:16Z,17892,5,5,40000,2850,1184,0,1,6,6,540.0
2026-10-09T15:30:32Z,17907,5,5,40000,2850,894,0,1,6,6,537.0
2026-10-09T15:30:48Z,17923,5,5,40000,2850,790,0,1,6,6,535.5
2026-10-09T15:31:03Z,17939,5,5,40000,2850,599,0,1,6,6,532.5
2026-10-09T15:31:19Z,17954,5,5,40000,2850,582,0,1,6,6,534.0
2026-10-09T15:31:34Z,17970,5,5,40000,2850,401,0,1,6,6,528.0
2026-10-09T15:31:50Z,17985,5,5,40000,2850,569,0,1,6,6,534.0
2026-10-09T15:32:06Z,18001,5,5,40000,2850,559,0,1,6,6,532.5
2026-10-09T15:32:21Z,18017,5,5,40000,2850,569,0,1,6,5,534.0
2026-10-09T15:32:37Z,18032,5,5,40000,2650,612,0,1,5,5,534.0
2026-10-09T15:32:53Z,18048,5,5,40000,2650,361,0,1,5,4,526.5
2026-10-09T15:33:08Z,18064,5,5,40000,2450,367,0,1,4,4,528.0
2026-10-09T15:33:24Z,18079,5,5,40000,2450,392,0,1,4,4,531.0
2026-10-09T15:33:39Z,18095,5,5,40000,2450,563,0,1,4,4,532.5
2026-10-09T15:33:55Z,18110,5,5,40000,2450,549,0,1,4,4,531.0
2026-10-09T15:34:11Z,18126,5,5,40000,2450,802,0,1,4,4,537.0
2026-10-09T15:34:26Z,18142,5,5,40000,2250,825,0,1,4,3,537.0
2026-10-09T15:34:42Z,18157,5,5,40000,2250,889,0,1,3,3,538.5
2026-10-09T15:34:57Z,18173,5,5,40000,2250,844,1,1,3,3,538.5
2026-10-09T15:35:13Z,18188,5,5,40000,2250,734,0,1,3,3,534.0
2026-10-09T15:35:29Z,18204,5,5,40000,2250,803,0,1,3,3,538.5
2026-10-09T15:35:44Z,18220,5,5,40000,2050,826,0,1,3,2,538.5
2026-10-09T15:36:00Z,18235,5,5,40000,2050,977,0,1,2,2,540.0
2026-10-09T15:36:16Z,18251,5,5,40000,2250,1089,0,1,2,3,543.0
2026-10-09T15:36:31Z,18267,5,5,40000,2250,1181,0,1,3,3,544.5
2026-10-09T15:36:47Z,18282,5,5,40000,2250,1294,0,1,3,3,547.5
2026-10-09T15:37:02Z,18298,5,5,40000,2250,1570,0,1,3,3,552.0
2026-10-09T15:37:18Z,18313,5,5,40000,2450,1653,0,1,4,4,553.5
2026-10-09T15:37:34Z,18329,4,4,32000,2450,1562,0,1,4,4,475.5
2026-10-09T15:37:49Z,18345,4,4,32000,2450,1593,0,1,4,4,478.5
2026-10-09T15:38:05Z,18360,4,4,32000,2450,1491,0,1,4,4,474.0
2026-10-09T15:38:21Z,18376,4,4,32000,2450,1312,0,1,4,4,471.0
2026-10-09T15:38:36Z,18392,4,4,32000,2450,1305,0,1,4,4,472.5
2026-10-09T15:38:52Z,18407,4,4,32000,2450,1256,0,1,4,4,471.0
2026-10-09T15:39:07Z,18423,4,4,32000,2450,1312,0,1,4,4,471.0
2026-10-09T15:39:23Z,18438,4,4,32000,2450,1393,0,1,4,4,472.5
2026-10-09T15:39:39Z,18454,4,4,32000,2450,1702,0,1,4,4,478.5
2026-10-09T15:39:54Z,18470,4,4,32000,2450,1653,0,1,4,4,478.5
2026-10-09T15:40:10Z,18485,4,4,32000,2450,1861,0,1,4,4,481.5
2026-10-09T15:40:26Z,18501,4,4,32000,2650,1865,0,1,4,5,483.0
2026-10-09T15:40:41Z,18517,5,5,40000,3650,1980,0,1,10,10,561.0
2026-10-09T15:40:57Z,18532,5,5,40000,3650,2512,0,1,10,10,570.0
2026-10-09T15:41:13Z,18548,5,5,40000,3650,2235,0,1,10,10,564.0
2026-10-09T15:41:28Z,18564,5,5,40000,3650,2215,0,1,10,10,562.5
2026-10-09T15:41:44Z,18579,5,5,40000,3650,2220,0,1,10,10,562.5
2026-10-09T15:42:00Z,18595,5,5,40000,3650,1949,0,1,10,10,559.5
2026-10-09T15:42:15Z,18611,5,5,40000,3650,1886,0,1,10,10,558.0
2026-10-09T15:42:31Z,18626,5,5,40000,3650,1806,0,1,10,10,555.0
2026-10-09T15:42:47Z,18642,5,5,40000,3650,1731,0,1,10,10,553.5
2026-10-09T15:43:02Z,18658,5,5,40000,3650,1472,0,1,10,10,549.0
2026-10-09T15:43:18Z,18673,5,5,40000,3650,1478,0,1,10,10,549.0
2026-10-09T15:43:34Z,18689,5,5,40000,3650,1186,0,1,10,10,543.0
2026-10-09T15:43:49Z,18705,5,5,40000,3650,1168,0,1,10,10,543.0
2026-10-09T15:44:05Z,18720,5,5,40000,3650,1108,0,1,10,10,541.5
2026-10-09T15:44:21Z,18736,5,5,40000,3650,1101,0,1,10,10,543.0
2026-10-09T15:44:36Z,18752,5,5,40000,3650,1204,0,1,10,10,543.0
2026-10-09T15:44:52Z,18767,5,5,40000,3650,1213,0,1,10,10,544.5
2026-10-09T15:45:07Z,18783,5,5,40000,3650,1189,0,1,10,10,544.5
2026-10-09T15:45:23Z,18798,5,5,40000,3650,1064,0,1,10,10,541.5
2026-10-09T15:45:39Z,18814,5,5,40000,3650,906,0,1,10,10,538.5
2026-10-09T15:45:54Z,18830,5,5,40000,3650,817,0,1,10,10,537.0
2026-10-09T15:46:10Z,18845,5,5,40000,3650,625,0,1,10,10,534.0
2026-10-09T15:46:25Z,18861,5,5,40000,3650,588,0,1,10,10,534.0
2026-10-09T15:46:41Z,18877,5,5,40000,3650,406,0,1,10,10,531.0
2026-10-09T15:46:57Z,18892,5,5,40000,3650,583,0,1,10,10,532.5
2026-10-09T15:47:12Z,18908,5,5,40000,3650,566,0,1,10,10,531.0
2026-10-09T15:47:28Z,18923,5,5,40000,3650,584,0,1,10,10,534.0
2026-10-09T15:47:44Z,18939,4,4,32000,3650,562,0,1,10,10,457.5
2026-10-09T15:47:59Z,18955,4,4,32000,3650,371,0,1,10,10,454.5
2026-10-09T15:48:15Z,18970,4,4,32000,3650,330,0,1,10,10,453.0
2026-10-09T15:48:30Z,18986,4,4,32000,3650,372,0,1,10,10,453.0
2026-10-09T15:48:46Z,19001,4,4,32000,3250,593,0,1,10,8,457.5
2026-10-09T15:49:02Z,19017,4,4,32000,3250,619,0,1,8,8,462.0
2026-10-09T15:49:17Z,19033,4,4,32000,3250,814,0,1,8,8,462.0
2026-10-09T15:49:33Z,19048,4,4,32000,3250,826,0,1,8,8,462.0
2026-10-09T15:49:49Z,19064,4,4,32000,3250,808,0,1,8,8,462.0
2026-10-09T15:50:04Z,19080,4,4,32000,3250,771,0,1,8,8,462.0
2026-10-09T15:50:20Z,19095,4,4,32000,3250,774,0,1,8,6,462.0
2026-10-09T15:50:35Z,19111,4,4,32000,2850,857,0,1,6,6,463.5
2026-10-09T15:50:51Z,19126,4,4,32000,2850,944,0,1,6,6,465.0
2026-10-09T15:51:07Z,19142,4,4,32000,2850,1035,0,1,6,6,466.5
2026-10-09T15:51:22Z,19158,4,4,32000,3050,1098,0,1,6,7,468.0
2026-10-09T15:51:38Z,19173,4,4,32000,3050,1400,0,1,7,7,474.0
2026-10-09T15:51:54Z,19189,4,4,32000,3450,1294,0,1,7,9,471.0
2026-10-09T15:52:09Z,19205,4,4,32000,3450,1637,0,1,9,9,477.0
2026-10-09T15:52:25Z,19220,4,4,32000,3450,1612,0,1,9,9,475.5
2026-10-09T15:52:41Z,19236,4,4,32000,3450,1598,0,1,9,9,477.0
2026-10-09T15:52:56Z,19252,4,4,32000,3650,1576,0,1,9,10,475.5
2026-10-09T15:53:12Z,19267,4,4,32000,3650,1626,0,1,10,10,477.0
2026-10-09T15:53:27Z,19283,4,4,32000,3650,1379,0,1,10,10,474.0
2026-10-09T15:53:43Z,19298,4,4,32000,3650,1377,0,1,10,10,472.5
2026-10-09T15:53:59Z,19314,4,4,32000,3650,1246,0,1,10,10,471.0
2026-10-09T15:54:14Z,19330,4,4,32000,3650,1323,0,1,10,10,471.0
2026-10-09T15:54:30Z,19345,4,4,32000,3650,1350,0,1,10,10,472.5
2026-10-09T15:54:46Z,19361,4,4,32000,3650,1587,0,1,10,10,477.0
2026-10-09T15:55:01Z,19377,4,4,32000,3650,1552,0,1,10,10,475.5
2026-10-09T15:55:17Z,19392,4,4,32000,3650,1912,0,1,10,10,483.0
2026-10-09T15:55:33Z,19408,4,4,32000,3650,1987,0,1,10,10,486.0
2026-10-09T15:55:48Z,19424,4,4,32000,3650,2260,0,1,10,10,490.5
2026-10-09T15:56:04Z,19439,4,4,32000,3650,2230,0,1,10,10,487.5
2026-10-09T15:56:20Z,19455,4,4,32000,3650,2245,0,1,10,10,489.0
2026-10-09T15:56:35Z,19471,4,4,32000,3650,2284,0,1,10,10,489.0
2026-10-09T15:56:51Z,19486,4,4,32000,3650,1967,0,1,10,10,483.0
2026-10-09T15:57:07Z,19502,4,4,32000,3650,1906,0,1,10,10,483.0
2026-10-09T15:57:22Z,19518,4,4,32000,3650,1788,0,1,10,10,480.0
2026-10-09T15:57:38Z,19533,4,4,32000,3650,1619,0,1,10,10,477.0
2026-10-09T15:57:54Z,19549,4,4,32000,3650,1520,0,1,10,10,477.0
2026-10-09T15:58:09Z,19565,4,4,32000,3650,1358,0,1,10,10,472.5
2026-10-09T15:58:25Z,19580,4,4,32000,3650,1311,0,1,10,10,472.5
2026-10-09T15:58:41Z,19596,4,4,32000,3650,1116,0,1,10,10,468.0
2026-10-09T15:58:56Z,19612,4,4,32000,3650,1101,0,1,10,10,468.0
2026-10-09T15:59:12Z,19627,4,4,32000,3650,1029,0,1,10,10,466.5
2026-10-09T15:59:27Z,19643,4,4,32000,3650,1040,0,1,10,10,465.0
2026-10-09T15:59:43Z,19658,4,4,32000,3650,1086,0,1,10,10,466.5
2026-10-09T15:59:59Z,19674,4,4,32000,3650,1107,0,1,10,10,468.0
2026-10-09T16:00:14Z,19690,4,4,32000,3650,1102,0,1,10,10,466.5
2026-10-09T16:00:30Z,19705,4,4,32000,3650,955,0,1,10,10,465.0
2026-10-09T16:00:46Z,19721,4,4,32000,3650,813,0,1,10,10,462.0
2026-10-09T16:01:01Z,19737,4,4,32000,3650,761,0,1,10,10,460.5
2026-10-09T16:01:17Z,19752,4,4,32000,3650,575,0,1,10,10,459.0
2026-10-09T16:01:32Z,19768,4,4,32000,3650,404,0,1,10,10,456.0
2026-10-09T16:01:48Z,19783,4,4,32000,3650,537,0,1,10,10,456.0
2026-10-09T16:02:03Z,19799,4,4,32000,3650,544,0,1,10,10,457.5
2026-10-09T16:02:19Z,19814,4,4,32000,3650,536,0,1,10,10,457.5
2026-10-09T16:02:35Z,19830,4,4,32000,3650,550,0,1,10,10,457.5
2026-10-09T16:02:50Z,19846,4,4,32000,3650,353,0,1,10,9,454.5
2026-10-09T16:03:06Z,19861,4,4,32000,3450,344,0,1,9,8,454.5
2026-10-09T16:03:21Z,19877,3,3,24000,3250,353,0,1,8,8,379.5
2026-10-09T16:03:37Z,19892,3,3,24000,3250,543,0,1,8,8,382.5
2026-10-09T16:03:53Z,19908,3,3,24000,3250,548,0,1,8,8,382.5
2026-10-09T16:04:08Z,19924,3,3,24000,3250,753,0,1,8,8,385.5
2026-10-09T16:04:24Z,19939,3,3,24000,3250,774,0,1,8,8,387.0
2026-10-09T16:04:39Z,19955,3,3,24000,3250,764,0,1,8,8,387.0
2026-10-09T16:04:55Z,19970,3,3,24000,3050,821,0,1,8,7,388.5
2026-10-09T16:05:11Z,19986,3,3,24000,3050,795,0,1,7,7,388.5
2026-10-09T16:05:26Z,20002,3,3,24000,2850,779,0,1,7,6,388.5
2026-10-09T16:05:42Z,20017,3,3,24000,2850,864,0,1,6,6,390.0
2026-10-09T16:05:57Z,20033,3,3,24000,2850,981,0,1,6,6,390.0
2026-10-09T16:06:13Z,20048,3,3,24000,2850,1113,0,1,6,6,394.5
2026-10-09T16:06:29Z,20064,3,3,24000,3250,1216,0,1,6,8,396.0
2026-10-09T16:06:44Z,20080,3,3,24000,3250,1507,0,1,8,8,402.0
2026-10-09T16:07:00Z,20095,3,3,24000,3650,1371,0,1,8,10,399.0
2026-10-09T16:07:16Z,20111,3,3,24000,3650,1695,0,1,10,10,405.0
2026-10-09T16:07:31Z,20127,3,3,24000,3650,1673,0,1,10,10,403.5
2026-10-09T16:07:47Z,20142,3,3,24000,3650,1677,0,1,10,10,403.5
2026-10-09T16:08:02Z,20158,3,3,24000,3650,1679,0,1,10,10,403.5
2026-10-09T16:08:18Z,20173,3,3,24000,3650,1437,0,1,10,10,400.5
2026-10-09T16:08:34Z,20189,3,3,24000,3650,1460,0,1,10,10,399.0
2026-10-09T16:08:49Z,20205,3,3,24000,3650,1382,0,1,10,10,399.0
2026-10-09T16:09:05Z,20220,3,3,24000,3650,1427,0,1,10,10,400.5
2026-10-09T16:09:21Z,20236,3,3,24000,3650,1545,0,1,10,10,402.0
2026-10-09T16:09:36Z,20252,3,3,24000,3650,1774,0,1,10,10,406.5
2026-10-09T16:09:52Z,20267,3,3,24000,3650,1782,0,1,10,10,406.5
2026-10-09T16:10:08Z,20283,3,3,24000,3650,1950,0,1,10,10,409.5
2026-10-09T16:10:23Z,20299,3,3,24000,3650,2038,0,1,10,10,411.0
2026-10-09T16:10:39Z,20314,3,3,24000,3650,2001,0,1,10,10,409.5
2026-10-09T16:10:55Z,20330,3,3,24000,3650,2245,0,1,10,10,415.5
2026-10-09T16:11:10Z,20346,3,3,24000,3650,2272,0,1,10,10,414.0
2026-10-09T16:11:26Z,20361,3,3,24000,3650,2231,0,1,10,10,414.0
2026-10-09T16:11:42Z,20377,3,3,24000,3650,2295,0,1,10,10,415.5
2026-10-09T16:11:57Z,20393,3,3,24000,3650,2068,0,1,10,10,411.0
2026-10-09T16:12:13Z,20408,3,3,24000,3650,2012,0,1,10,10,411.0
2026-10-09T16:12:29Z,20424,3,3,24000,3650,1879,0,1,10,10,408.0
2026-10-09T16:12:44Z,20440,3,3,24000,3650,1652,0,1,10,10,403.5
2026-10-09T16:13:00Z,20455,3,3,24000,3650,1613,0,1,10,10,403.5
2026-10-09T16:13:16Z,20471,3,3,24000,3650,1310,0,1,10,10,397.5
2026-10-09T16:13:31Z,20487,3,3,24000,3650,1388,0,1,10,10,399.0
2026-10-09T16:13:47Z,20502,3,3,24000,3650,1123,0,1,10,10,394.5
2026-10-09T16:14:03Z,20518,3,3,24000,3650,1086,0,1,10,10,393.0
2026-10-09T16:14:18Z,20534,3,3,24000,3650,1081,0,1,10,10,393.0
2026-10-09T16:14:34Z,20549,3,3,24000,3650,1159,0,1,10,10,394.5
2026-10-09T16:14:49Z,20565,3,3,24000,3650,1169,0,1,10,10,394.5
2026-10-09T16:15:05Z,20580,3,3,24000,3650,1266,0,1,10,10,397.5
2026-10-09T16:15:21Z,20596,3,3,24000,3650,1063,0,1,10,10,393.0
2026-10-09T16:15:36Z,20612,3,3,24000,3650,858,0,1,10,10,390.0
2026-10-09T16:15:52Z,20627,3,3,24000,3650,797,0,1,10,10,388.5
2026-10-09T16:16:08Z,20643,3,3,24000,3650,587,0,1,10,10,384.0
2026-10-09T16:16:23Z,20659,3,3,24000,3650,550,0,1,10,10,382.5
2026-10-09T16:16:39Z,20674,3,3,24000,3650,404,0,1,10,10,381.0
2026-10-09T16:16:54Z,20690,3,3,24000,3650,540,0,1,10,10,384.0
2026-10-09T16:17:10Z,20705,3,3,24000,3650,519,0,1,10,10,381.0
2026-10-09T16:17:26Z,20721,3,3,24000,3650,544,0,1,10,10,382.5
2026-10-09T16:17:41Z,20737,3,3,24000,3650,573,0,1,10,10,382.5
2026-10-09T16:17:57Z,20752,3,3,24000,3650,362,0,1,10,10,381.0
2026-10-09T16:18:12Z,20768,3,3,24000,3650,318,0,1,10,10,379.5
2026-10-09T16:18:28Z,20783,3,3,24000,3250,353,0,1,10,8,379.5
2026-10-09T16:18:44Z,20799,3,3,24000,3250,610,0,1,8,8,384.0
2026-10-09T16:18:59Z,20815,3,3,24000,3250,571,0,1,8,8,384.0
2026-10-09T16:19:15Z,20830,3,3,24000,3250,735,0,1,8,8,387.0
2026-10-09T16:19:30Z,20846,3,3,24000,3250,787,0,1,8,8,387.0
2026-10-09T16:19:46Z,20861,3,3,24000,3250,815,0,1,8,8,388.5
2026-10-09T16:20:02Z,20877,3,3,24000,3250,787,0,1,8,8,388.5
2026-10-09T16:20:17Z,20893,3,3,24000,3250,736,0,1,8,8,387.0
2026-10-09T16:20:33Z,20908,2,2,16000,2850,775,0,1,8,6,313.5
2026-10-09T16:20:49Z,20924,2,2,16000,2850,902,0,1,6,6,315.0
2026-10-09T16:21:04Z,20940,2,2,16000,2850,1067,0,1,6,6,319.5
2026-10-09T16:21:20Z,20955,2,2,16000,3050,1115,0,1,6,7,319.5
2026-10-09T16:21:35Z,20971,2,2,16000,3050,1256,0,1,7,7,322.5
2026-10-09T16:21:51Z,20986,2,2,16000,3050,1289,2,1,7,9,322.5
2026-10-09T16:22:07Z,21002,2,2,16000,3450,1629,0,1,9,9,328.5
2026-10-09T16:22:22Z,21018,2,2,16000,3450,1532,0,1,9,9,328.5
2026-10-09T16:22:38Z,21033,2,2,16000,3650,1615,0,1,9,10,328.5
2026-10-09T16:22:54Z,21049,2,2,16000,3650,1609,0,1,10,10,328.5
2026-10-09T16:23:09Z,21065,2,2,16000,3650,1576,0,1,10,10,328.5
2026-10-09T16:23:25Z,21080,2,2,16000,3650,1363,0,1,10,10,324.0
2026-10-09T16:23:41Z,21096,2,2,16000,3650,1421,0,1,10,10,325.5
2026-10-09T16:23:56Z,21112,2,2,16000,3650,1408,0,1,10,10,325.5
2026-10-09T16:24:12Z,21127,2,2,16000,3650,1503,0,1,10,10,327.0
2026-10-09T16:24:28Z,21143,2,2,16000,3650,1605,0,1,10,10,328.5
2026-10-09T16:24:43Z,21159,2,2,16000,3650,2089,0,1,10,10,337.5
2026-10-09T16:24:59Z,21174,2,2,16000,3650,2032,0,1,10,10,337.5
2026-10-09T16:25:15Z,21190,2,2,16000,3650,2209,0,1,10,10,339.0
2026-10-09T16:25:31Z,21206,2,2,16000,3650,2340,0,1,10,10,342.0
2026-10-09T16:25:46Z,21222,2,2,16000,3650,2383,0,1,10,10,342.0
2026-10-09T16:26:02Z,21237,2,2,16000,3650,2595,0,1,10,10,348.0
2026-10-09T16:26:18Z,21253,2,2,16000,3650,2605,0,1,10,10,348.0
2026-10-09T16:26:33Z,21269,2,2,16000,3650,2414,0,1,10,10,343.5
2026-10-09T16:26:49Z,21284,2,2,16000,3650,2270,0,1,10,10,342.0
2026-10-09T16:27:05Z,21300,2,2,16000,3650,2103,0,1,10,10,337.5
2026-10-09T16:27:21Z,21316,2,2,16000,3650,2080,0,1,10,10,337.5
2026-10-09T16:27:36Z,21332,2,2,16000,3650,1793,0,1,10,10,331.5
2026-10-09T16:27:52Z,21347,2,2,16000,3650,1688,0,1,10,10,330.0
2026-10-09T16:28:08Z,21363,2,2,16000,3650,1509,0,1,10,10,327.0
2026-10-09T16:28:23Z,21379,2,2,16000,3650,1430,0,1,10,10,325.5
2026-10-09T16:28:39Z,21394,2,2,16000,3650,1325,0,1,10,10,324.0
2026-10-09T16:28:55Z,21410,2,2,16000,3650,1105,0,1,10,10,319.5
2026-10-09T16:29:10Z,21426,2,2,16000,3650,1162,0,1,10,10,321.0
2026-10-09T16:29:26Z,21441,2,2,16000,3650,975,0,1,10,10,316.5
2026-10-09T16:29:42Z,21457,2,2,16000,3650,1105,0,1,10,10,319.5
2026-10-09T16:29:57Z,21473,2,2,16000,3650,1164,0,1,10,10,321.0
2026-10-09T16:30:13Z,21488,2,2,16000,3650,1115,0,1,10,10,319.5
2026-10-09T16:30:29Z,21504,2,2,16000,3650,1042,0,1,10,10,318.0
2026-10-09T16:30:44Z,21520,2,2,16000,3650,912,0,1,10,10,315.0
2026-10-09T16:31:00Z,21535,2,2,16000,3650,849,0,1,10,10,315.0
2026-10-09T16:31:15Z,21551,2,2,16000,3650,622,0,1,10,10,310.5
2026-10-09T16:31:31Z,21566,2,2,16000,3650,587,0,1,10,10,309.0
2026-10-09T16:31:47Z,21582,2,2,16000,3650,452,0,1,10,10,309.0
2026-10-09T16:32:02Z,21598,2,2,16000,3650,596,0,1,10,10,309.0
2026-10-09T16:32:18Z,21613,2,2,16000,3650,583,0,1,10,10,309.0
2026-10-09T16:32:34Z,21629,2,2,16000,3650,592,0,1,10,10,309.0
2026-10-09T16:32:49Z,21645,2,2,16000,3650,392,0,1,10,10,306.0
2026-10-09T16:33:05Z,21660,2,2,16000,3650,325,0,1,10,10,304.5
2026-10-09T16:33:21Z,21676,2,2,16000,3650,329,0,1,10,10,304.5
2026-10-09T16:33:36Z,21692,2,2,16000,3650,540,0,1,10,8,307.5
2026-10-09T16:33:52Z,21707,2,2,16000,3250,545,0,1,8,8,309.0
2026-10-09T16:34:08Z,21723,2,2,16000,3250,676,0,1,8,8,312.0
2026-10-09T16:34:23Z,21739,2,2,16000,3250,809,0,1,8,8,313.5
2026-10-09T16:34:39Z,21754,2,2,16000,3250,859,0,1,8,8,315.0
2026-10-09T16:34:54Z,21770,2,2,16000,3250,857,0,1,8,8,313.5
2026-10-09T16:35:10Z,21785,2,2,16000,3250,784,0,1,8,7,313.5
2026-10-09T16:35:26Z,21801,2,2,16000,3050,721,0,1,7,6,312.0
2026-10-09T16:35:41Z,21817,2,2,16000,2850,904,0,1,6,6,315.0
2026-10-09T16:35:57Z,21832,2,2,16000,2850,924,0,1,6,6,316.5
2026-10-09T16:36:13Z,21848,2,2,16000,3050,1067,0,1,6,7,318.0
2026-10-09T16:36:28Z,21864,2,2,16000,3050,1150,0,1,7,7,319.5
2026-10-09T16:36:44Z,21879,2,2,16000,3450,1399,0,1,7,9,325.5
2026-10-09T16:37:00Z,21895,2,2,16000,3450,1398,0,1,9,9,324.0
2026-10-09T16:37:15Z,21911,2,2,16000,3450,1429,0,1,9,9,325.5
2026-10-09T16:37:31Z,21926,2,2,16000,3650,1599,0,1,9,10,328.5
2026-10-09T16:37:47Z,21942,2,2,16000,3650,1675,0,1,10,10,328.5
2026-10-09T16:38:02Z,21958,2,2,16000,3650,1524,0,1,10,10,327.0
2026-10-09T16:38:18Z,21973,2,2,16000,3650,1272,0,1,10,10,322.5
2026-10-09T16:38:33Z,21989,2,2,16000,3650,1292,0,1,10,10,324.0
2026-10-09T16:38:49Z,22004,2,2,16000,3650,1141,0,1,10,10,319.5
2026-10-09T16:39:05Z,22020,2,2,16000,3650,1306,0,1,10,10,324.0
2026-10-09T16:39:20Z,22036,2,2,16000,3650,1326,0,1,10,10,324.0
2026-10-09T16:39:36Z,22051,2,2,16000,3650,1472,0,1,10,10,325.5
2026-10-09T16:39:52Z,22067,2,2,16000,3650,1490,0,1,10,10,327.0
2026-10-09T16:40:07Z,22083,2,2,16000,3650,1602,0,1,10,10,328.5
2026-10-09T16:40:23Z,22098,2,2,16000,3650,1752,0,1,10,10,331.5
2026-10-09T16:40:38Z,22114,2,2,16000,3650,1778,0,1,10,10,331.5
2026-10-09T16:40:54Z,22129,2,2,16000,3650,2054,0,1,10,10,337.5
2026-10-09T16:41:10Z,22145,2,2,16000,3650,1996,0,1,10,10,336.0
2026-10-09T16:41:25Z,22161,2,2,16000,3650,2043,0,1,10,10,337.5
2026-10-09T16:41:41Z,22176,2,2,16000,3650,2019,0,1,10,10,336.0
2026-10-09T16:41:57Z,22192,2,2,16000,3650,1908,0,1,10,10,333.0
2026-10-09T16:42:12Z,22208,2,2,16000,3650,1739,0,1,10,10,331.5
2026-10-09T16:42:28Z,22223,2,2,16000,3650,1729,0,1,10,10,331.5
2026-10-09T16:42:44Z,22239,2,2,16000,3650,1518,0,1,10,10,327.0
2026-10-09T16:42:59Z,22255,2,2,16000,3650,1517,0,1,10,10,327.0
2026-10-09T16:43:15Z,22270,2,2,16000,3650,1326,0,1,10,10,322.5
2026-10-09T16:43:30Z,22286,2,2,16000,3650,1270,0,1,10,10,322.5
2026-10-09T16:43:46Z,22301,2,2,16000,3650,1143,0,1,10,10,319.5
2026-10-09T16:44:02Z,22317,2,2,16000,3650,998,0,1,10,10,318.0
2026-10-09T16:44:17Z,22333,2,2,16000,3650,873,0,1,10,10,315.0
2026-10-09T16:44:33Z,22348,2,2,16000,3650,1039,0,1,10,10,318.0
2026-10-09T16:44:48Z,22364,2,2,16000,3650,1073,0,1,10,10,318.0
2026-10-09T16:45:04Z,22379,2,2,16000,3650,1049,0,1,10,10,318.0
2026-10-09T16:45:20Z,22395,2,2,16000,3650,1024,0,1,10,10,318.0
2026-10-09T16:45:35Z,22411,2,2,16000,3650,808,0,1,10,10,313.5
2026-10-09T16:45:51Z,22426,2,2,16000,3650,809,0,1,10,10,313.5
2026-10-09T16:46:07Z,22442,2,2,16000,3650,645,0,1,10,10,310.5
2026-10-09T16:46:22Z,22458,2,2,16000,3650,572,0,1,10,10,309.0
2026-10-09T16:46:38Z,22473,2,2,16000,3650,480,0,1,10,10,307.5
2026-10-09T16:46:53Z,22489,2,2,16000,3650,568,0,1,10,10,309.0
2026-10-09T16:47:09Z,22504,2,2,16000,3650,576,0,1,10,10,309.0
2026-10-09T16:47:25Z,22520,2,2,16000,3650,583,0,1,10,10,309.0
2026-10-09T16:47:40Z,22536,2,2,16000,3650,557,0,1,10,10,309.0
2026-10-09T16:47:56Z,22551,2,2,16000,3650,442,0,1,10,9,307.5
2026-10-09T16:48:11Z,22567,2,2,16000,3450,325,0,1,9,9,304.5
2026-10-09T16:48:27Z,22582,2,2,16000,3450,331,0,1,9,8,306.0
2026-10-09T16:48:43Z,22598,2,2,16000,3050,464,0,1,7,7,307.5
2026-10-09T16:48:58Z,22614,2,2,16000,3050,561,0,1,7,7,309.0
2026-10-09T16:49:14Z,22629,2,2,16000,3050,622,0,1,7,7,310.5
2026-10-09T16:49:30Z,22645,2,2,16000,3050,751,0,1,7,7,312.0
2026-10-09T16:49:45Z,22661,2,2,16000,3050,741,0,1,7,7,312.0
2026-10-09T16:50:01Z,22676,2,2,16000,3050,733,0,1,7,7,312.0
2026-10-09T16:50:16Z,22692,2,2,16000,3050,736,0,1,7,7,312.0
2026-10-09T16:50:32Z,22707,2,2,16000,2850,814,0,1,7,6,313.5
2026-10-09T16:50:47Z,22723,2,2,16000,2650,832,0,1,6,5,313.5
2026-10-09T16:51:03Z,22738,2,2,16000,2650,1042,0,1,5,5,318.0
2026-10-09T16:51:19Z,22754,2,2,16000,2650,1039,0,1,5,5,318.0
2026-10-09T16:51:34Z,22770,2,2,16000,2650,1181,0,1,5,5,321.0
2026-10-09T16:51:50Z,22785,2,2,16000,2850,1254,0,1,5,6,322.5
2026-10-09T16:52:06Z,22801,2,2,16000,2850,1376,0,1,6,6,324.0
2026-10-09T16:52:21Z,22817,2,2,16000,2850,1589,0,1,6,6,328.5
2026-10-09T16:52:37Z,22832,2,2,16000,3250,1611,0,1,6,8,328.5
2026-10-09T16:52:52Z,22848,2,2,16000,3250,1629,0,1,8,8,328.5
2026-10-09T16:53:08Z,22863,2,2,16000,3250,1565,0,1,8,8,328.5
2026-10-09T16:53:24Z,22879,2,2,16000,3250,1292,0,1,8,8,324.0
2026-10-09T16:53:39Z,22895,2,2,16000,3250,1271,0,1,8,8,322.5
2026-10-09T16:53:55Z,22910,2,2,16000,3250,1119,0,1,8,8,319.5
2026-10-09T16:54:11Z,22926,2,2,16000,3250,1282,0,1,8,8,322.5
2026-10-09T16:54:26Z,22942,2,2,16000,3250,1297,0,1,8,8,324.0
2026-10-09T16:54:42Z,22957,2,2,16000,3250,1517,0,1,8,8,327.0
2026-10-09T16:54:57Z,22973,2,2,16000,3250,1620,0,1,8,8,328.5
2026-10-09T16:55:13Z,22988,2,2,16000,3250,1701,0,1,8,8,330.0
2026-10-09T16:55:29Z,23004,2,2,16000,3450,1865,0,1,8,9,333.0
2026-10-09T16:55:44Z,23020,2,2,16000,3450,1924,0,1,9,9,334.5
2026-10-09T16:56:00Z,23035,2,2,16000,3450,2208,0,1,9,9,339.0
2026-10-09T16:56:16Z,23051,2,2,16000,3650,2147,0,1,9,10,339.0
2026-10-09T16:56:31Z,23067,2,2,16000,3650,2231,0,1,10,10,340.5
2026-10-09T16:56:47Z,23082,2,2,16000,3650,1999,0,1,10,10,336.0
2026-10-09T16:57:03Z,23098,2,2,16000,3650,1869,0,1,10,10,333.0
2026-10-09T16:57:18Z,23114,2,2,16000,3650,1849,0,1,10,10,333.0
2026-10-09T16:57:34Z,23129,2,2,16000,3650,1623,0,1,10,10,328.5
2026-10-09T16:57:50Z,23145,2,2,16000,3650,1678,0,1,10,10,330.0
2026-10-09T16:58:05Z,23161,2,2,16000,3650,1436,0,1,10,10,325.5
2026-10-09T16:58:21Z,23176,2,2,16000,3650,1376,0,1,10,10,324.0
2026-10-09T16:58:37Z,23192,2,2,16000,3650,1280,0,1,10,10,322.5
2026-10-09T16:58:52Z,23208,2,2,16000,3650,1052,0,1,10,10,319.5
2026-10-09T16:59:08Z,23223,2,2,16000,3650,1087,0,1,10,10,318.0
2026-10-09T16:59:23Z,23239,2,2,16000,3650,908,0,1,10,10,315.0
2026-10-09T16:59:39Z,23254,2,2,16000,3650,1024,0,1,10,10,318.0
2026-10-09T16:59:55Z,23270,2,2,16000,3650,1057,0,1,10,10,318.0
2026-10-09T17:00:10Z,23286,2,2,16000,3650,1019,0,1,10,10,318.0
2026-10-09T17:00:26Z,23301,2,2,16000,3650,1052,0,1,10,10,318.0
2026-10-09T17:00:42Z,23317,2,2,16000,3650,842,0,1,10,10,315.0
2026-10-09T17:00:57Z,23333,2,2,16000,3650,824,0,1,10,10,315.0
2026-10-09T17:01:13Z,23348,2,2,16000,3650,664,0,1,10,10,312.0
2026-10-09T17:01:28Z,23364,2,2,16000,3650,540,1,1,10,10,309.0
2026-10-09T17:01:44Z,23379,2,2,16000,3650,461,0,1,10,10,306.0
2026-10-09T17:02:00Z,23395,2,2,16000,3650,535,0,1,10,10,307.5
2026-10-09T17:02:15Z,23411,2,2,16000,3450,552,0,1,10,9,309.0
2026-10-09T17:02:31Z,23426,2,2,16000,3450,556,0,1,9,9,309.0
2026-10-09T17:02:46Z,23442,2,2,16000,3250,562,0,1,9,8,310.5
2026-10-09T17:03:02Z,23457,2,2,16000,3250,310,0,1,8,8,304.5
2026-10-09T17:03:18Z,23473,2,2,16000,3050,319,0,1,8,7,304.5
2026-10-09T17:03:33Z,23489,2,2,16000,3050,448,0,1,7,7,307.5
2026-10-09T17:03:49Z,23504,2,2,16000,2850,522,0,1,7,6,309.0
2026-10-09T17:04:04Z,23520,2,2,16000,2850,593,0,1,6,6,309.0
2026-10-09T17:04:20Z,23535,2,2,16000,2850,757,0,1,6,6,312.0
2026-10-09T17:04:36Z,23551,2,2,16000,2850,745,0,1,6,6,313.5
2026-10-09T17:04:51Z,23567,2,2,16000,2850,723,0,1,6,6,312.0
2026-10-09T17:05:07Z,23582,2,2,16000,2650,748,0,1,6,5,312.0
2026-10-09T17:05:22Z,23598,2,2,16000,2650,632,0,1,5,5,310.5
2026-10-09T17:05:38Z,23613,2,2,16000,2650,788,0,1,5,5,313.5
2026-10-09T17:05:54Z,23629,2,2,16000,2450,803,0,1,4,4,313.5
2026-10-09T17:06:09Z,23645,2,2,16000,2450,991,0,1,4,4,318.0
2026-10-09T17:06:25Z,23660,2,2,16000,2450,1032,0,1,4,4,318.0
2026-10-09T17:06:40Z,23676,2,2,16000,2650,1171,0,1,4,5,321.0
2026-10-09T17:06:56Z,23691,2,2,16000,2650,1269,0,1,5,5,322.5
2026-10-09T17:07:12Z,23707,2,2,16000,2650,1380,0,1,5,5,324.0
2026-10-09T17:07:27Z,23723,2,2,16000,2850,1518,0,1,5,6,327.0
2026-10-09T17:07:43Z,23738,2,2,16000,2850,1518,0,1,6,6,327.0
2026-10-09T17:07:58Z,23754,2,2,16000,2850,1452,0,1,6,6,325.5
2026-10-09T17:08:14Z,23769,2,2,16000,2850,1496,0,1,6,6,327.0
2026-10-09T17:08:30Z,23785,2,2,16000,2850,1323,0,1,6,6,324.0
2026-10-09T17:08:45Z,23801,2,2,16000,2850,1265,0,1,6,6,322.5
2026-10-09T17:09:01Z,23816,2,2,16000,2850,1143,0,1,6,6,319.5
2026-10-09T17:09:17Z,23832,2,2,16000,2850,1266,0,1,6,6,322.5
2026-10-09T17:09:32Z,23848,2,2,16000,2850,1528,0,1,6,6,327.0
2026-10-09T17:09:48Z,23863,2,2,16000,2850,1673,0,1,6,6,328.5
2026-10-09T17:10:03Z,23879,2,2,16000,2850,1737,0,1,6,6,331.5
2026-10-09T17:10:19Z,23894,2,2,16000,3050,1954,0,1,6,7,334.5
2026-10-09T17:10:35Z,23910,2,2,16000,3050,1908,0,1,7,7,334.5
2026-10-09T17:10:50Z,23926,2,2,16000,3050,2156,0,1,7,7,337.5
2026-10-09T17:11:06Z,23941,2,2,16000,3250,2192,0,1,7,8,339.0
2026-10-09T17:11:22Z,23957,2,2,16000,3250,2178,0,1,8,8,339.0
2026-10-09T17:11:37Z,23973,2,2,16000,3250,2180,0,1,8,8,340.5
2026-10-09T17:11:53Z,23988,2,2,16000,3250,2018,0,1,8,8,336.0
2026-10-09T17:12:09Z,24004,2,2,16000,3250,1831,0,1,8,8,333.0
2026-10-09T17:12:24Z,24020,2,2,16000,3250,1843,0,1,8,8,333.0
2026-10-09T17:12:40Z,24035,2,2,16000,3250,1619,0,1,8,8,330.0
2026-10-09T17:12:56Z,24051,2,2,16000,3250,1618,0,1,8,8,330.0
2026-10-09T17:13:11Z,24067,2,2,16000,3250,1464,0,1,8,8,325.5
2026-10-09T17:13:27Z,24082,2,2,16000,3250,1340,0,1,8,8,324.0
2026-10-09T17:13:42Z,24098,2,2,16000,3250,1314,0,1,8,8,324.0
2026-10-09T17:13:58Z,24113,2,2,16000,3250,1175,0,1,8,8,321.0
2026-10-09T17:14:14Z,24129,2,2,16000,3250,1154,0,1,8,8,321.0
2026-10-09T17:14:29Z,24145,2,2,16000,3250,924,0,1,8,8,315.0
2026-10-09T17:14:45Z,24160,2,2,16000,3250,1043,0,1,8,8,318.0
2026-10-09T17:15:01Z,24176,2,2,16000,3250,1047,0,1,8,8,318.0
2026-10-09T17:15:16Z,24192,2,2,16000,3250,1096,0,1,8,8,319.5
2026-10-09T17:15:32Z,24207,2,2,16000,3250,1099,0,1,8,8,313.5
2026-10-09T17:15:47Z,24223,2,2,16000,3250,813,0,1,8,8,315.0
2026-10-09T17:16:03Z,24238,2,2,16000,3250,650,0,1,8,8,310.5
2026-10-09T17:16:19Z,24254,2,2,16000,3250,562,0,1,8,8,309.0
2026-10-09T17:16:34Z,24270,2,2,16000,3250,481,0,1,8,8,307.5
2026-10-09T17:16:50Z,24285,2,2,16000,3250,521,0,1,8,8,309.0
2026-10-09T17:17:05Z,24301,2,2,16000,3250,543,0,1,8,8,309.0
2026-10-09T17:17:21Z,24316,2,2,16000,3250,548,0,1,8,8,309.0
2026-10-09T17:17:37Z,24332,2,2,16000,3050,534,0,1,8,7,309.0
2026-10-09T17:17:52Z,24348,2,2,16000,3050,433,0,1,7,7,306.0
2026-10-09T17:18:08Z,24363,2,2,16000,2850,297,0,1,7,6,304.5
2026-10-09T17:18:23Z,24379,2,2,16000,2850,323,0,1,6,6,304.5
2026-10-09T17:18:39Z,24394,2,2,16000,2850,420,0,1,6,5,306.0
2026-10-09T17:18:54Z,24410,2,2,16000,2650,509,0,1,5,5,307.5
2026-10-09T17:19:10Z,24425,2,2,16000,2650,589,0,1,5,5,309.0
2026-10-09T17:19:26Z,24441,2,2,16000,2650,776,0,1,5,5,312.0
2026-10-09T17:19:41Z,24457,2,2,16000,2650,765,0,1,5,5,313.5
2026-10-09T17:19:57Z,24472,2,2,16000,2650,756,0,1,5,5,312.0
2026-10-09T17:20:12Z,24488,2,2,16000,2650,797,0,1,5,5,313.5
2026-10-09T17:20:28Z,24503,2,2,16000,2650,607,0,1,5,4,310.5
2026-10-09T17:20:44Z,24519,2,2,16000,2450,784,0,1,4,4,312.0
2026-10-09T17:20:59Z,24535,2,2,16000,2450,813,0,1,4,3,313.5
2026-10-09T17:21:15Z,24550,2,2,16000,2250,1023,0,1,3,3,316.5
2026-10-09T17:21:30Z,24566,2,2,16000,2450,1087,0,1,3,4,319.5
2026-10-09T17:21:46Z,24581,2,2,16000,2650,1211,0,1,4,5,321.0
2026-10-09T17:22:02Z,24597,2,2,16000,2650,1296,0,1,5,5,324.0
2026-10-09T17:22:17Z,24613,2,2,16000,2650,1483,0,1,5,5,327.0
2026-10-09T17:22:33Z,24628,2,2,16000,2850,1568,0,1,5,6,328.5
2026-10-09T17:22:48Z,24644,2,2,16000,2850,1599,0,1,6,6,328.5
2026-10-09T17:23:04Z,24660,2,2,16000,2850,1571,0,1,6,6,328.5
2026-10-09T17:23:20Z,24675,2,2,16000,2850,1368,0,1,6,6,324.0
2026-10-09T17:23:35Z,24691,2,2,16000,2850,1293,0,1,6,6,322.5
2026-10-09T17:23:51Z,24706,2,2,16000,2850,1251,0,1,6,6,322.5
2026-10-09T17:24:07Z,24722,2,2,16000,2850,1253,0,1,6,6,321.0
2026-10-09T17:24:22Z,24738,2,2,16000,2850,1302,0,1,6,6,322.5
2026-10-09T17:24:38Z,24753,2,2,16000,2850,1504,0,1,6,6,327.0
2026-10-09T17:24:53Z,24769,2,2,16000,2850,1713,0,1,6,6,331.5
2026-10-09T17:25:09Z,24784,2,2,16000,2850,1816,0,1,6,6,333.0
2026-10-09T17:25:25Z,24800,2,2,16000,3050,2101,1,1,7,8,337.5
2026-10-09T17:25:41Z,24816,2,2,16000,3250,2074,0,1,8,8,337.5
2026-10-09T17:25:56Z,24832,2,2,16000,3250,2238,0,1,8,8,340.5
2026-10-09T17:26:12Z,24847,2,2,16000,3450,2217,0,1,8,9,340.5
2026-10-09T17:26:28Z,24863,2,2,16000,3450,2194,0,1,9,9,339.0
2026-10-09T17:26:43Z,24879,2,2,16000,3450,2247,0,1,9,9,340.5
2026-10-09T17:26:59Z,24894,2,2,16000,3450,2036,0,1,9,9,337.5
2026-10-09T17:27:14Z,24910,2,2,16000,3450,1874,0,1,9,9,334.5
2026-10-09T17:27:30Z,24925,2,2,16000,3450,1830,0,1,9,9,333.0
2026-10-09T17:27:46Z,24941,2,2,16000,3450,1637,0,1,9,9,330.0
2026-10-09T17:28:01Z,24957,2,2,16000,3450,1606,0,1,9,9,328.5
2026-10-09T17:28:17Z,24972,2,2,16000,3450,1382,0,1,9,9,325.5
2026-10-09T17:28:33Z,24988,2,2,16000,3450,1317,0,1,9,9,324.0
2026-10-09T17:28:48Z,25004,2,2,16000,3450,1092,0,1,9,9,319.5
2026-10-09T17:29:04Z,25019,2,2,16000,3450,1124,0,1,9,9,319.5
2026-10-09T17:29:19Z,25035,2,2,16000,3450,887,0,1,9,9,315.0
2026-10-09T17:29:35Z,25050,2,2,16000,3450,1069,0,1,9,9,318.0
2026-10-09T17:29:51Z,25066,2,2,16000,3450,1099,0,1,9,9,319.5
2026-10-09T17:30:06Z,25082,2,2,16000,3450,1070,0,1,9,9,318.0
2026-10-09T17:30:22Z,25097,2,2,16000,3450,1104,0,1,9,9,319.5
2026-10-09T17:30:38Z,25113,2,2,16000,3450,869,0,1,9,9,315.0
2026-10-09T17:30:53Z,25129,2,2,16000,3450,853,0,1,9,9,315.0
2026-10-09T17:31:09Z,25144,2,2,16000,3450,680,0,1,9,9,310.5
2026-10-09T17:31:24Z,25160,2,2,16000,3450,572,0,1,9,9,309.0
2026-10-09T17:31:40Z,25175,2,2,16000,3450,488,0,1,9,9,307.5
2026-10-09T17:31:56Z,25191,2,2,16000,3450,548,0,1,9,8,309.0
2026-10-09T17:32:11Z,25207,2,2,16000,3250,566,0,1,8,8,309.0
2026-10-09T17:32:27Z,25222,2,2,16000,3250,611,0,1,8,7,310.5
2026-10-09T17:32:42Z,25238,2,2,16000,3050,570,0,1,7,7,309.0
2026-10-09T17:32:58Z,25253,2,2,16000,3050,474,0,1,7,7,307.5
2026-10-09T17:33:14Z,25269,2,2,16000,3050,302,0,1,7,6,304.5
2026-10-09T17:33:29Z,25285,2,2,16000,2850,315,0,1,6,6,304.5
2026-10-09T17:33:45Z,25300,2,2,16000,2850,445,0,1,6,5,306.0
2026-10-09T17:34:00Z,25316,2,2,16000,2650,528,0,1,5,5,309.0
2026-10-09T17:34:16Z,25331,2,2,16000,2650,616,0,1,5,5,310.5
2026-10-09T17:34:32Z,25347,2,2,16000,2650,798,0,1,5,5,313.5
2026-10-09T17:34:47Z,25363,2,2,16000,2650,789,0,1,5,5,313.5
2026-10-09T17:35:03Z,25378,2,2,16000,2650,777,0,1,5,5,312.0
2026-10-09T17:35:18Z,25394,2,2,16000,2650,638,0,1,5,5,310.5
2026-10-09T17:35:34Z,25409,2,2,16000,2450,865,0,1,5,4,315.0
2026-10-09T17:35:50Z,25425,2,2,16000,2450,872,0,1,4,4,315.0
2026-10-09T17:36:05Z,25441,2,2,16000,2450,1037,0,1,4,4,318.0
2026-10-09T17:36:21Z,25456,2,2,16000,2450,1071,0,1,4,4,319.5
2026-10-09T17:36:37Z,25472,2,2,16000,2450,1199,0,1,4,4,321.0
2026-10-09T17:36:52Z,25488,2,2,16000,2450,1344,0,1,4,4,324.0
2026-10-09T17:37:08Z,25503,2,2,16000,2850,1409,0,1,4,6,325.5
2026-10-09T17:37:23Z,25519,2,2,16000,2850,1693,0,1,6,6,330.0
2026-10-09T17:37:39Z,25534,2,2,16000,2850,1586,0,1,6,6,327.0
2026-10-09T17:37:55Z,25550,2,2,16000,2850,1646,0,1,6,6,328.5
2026-10-09T17:38:10Z,25566,2,2,16000,2850,1587,0,1,6,6,328.5
2026-10-09T17:38:26Z,25581,2,2,16000,2850,1356,0,1,6,6,324.0
2026-10-09T17:38:42Z,25597,2,2,16000,2850,1322,0,1,6,6,324.0
2026-10-09T17:38:57Z,25613,2,2,16000,2850,1312,0,1,6,6,322.5
2026-10-09T17:39:13Z,25628,2,2,16000,2850,1372,0,1,6,6,324.0
2026-10-09T17:39:29Z,25644,2,2,16000,2850,1428,0,1,6,6,325.5
2026-10-09T17:39:44Z,25660,2,2,16000,2850,1609,0,1,6,6,328.5
2026-10-09T17:40:00Z,25675,2,2,16000,3050,1780,0,1,6,7,331.5
2026-10-09T17:40:16Z,25691,2,2,16000,3050,1810,0,1,7,7,331.5
2026-10-09T17:40:31Z,25707,2,2,16000,3050,1901,0,1,7,7,333.0
2026-10-09T17:40:47Z,25722,2,2,16000,3050,2365,0,1,7,7,342.0
2026-10-09T17:41:03Z,25738,2,2,16000,3450,2346,0,1,7,9,342.0
2026-10-09T17:41:18Z,25754,2,2,16000,3450,2326,0,1,9,9,342.0
2026-10-09T17:41:34Z,25769,2,2,16000,3450,2194,0,1,9,9,339.0
2026-10-09T17:41:50Z,25785,2,2,16000,3450,2136,0,1,9,9,337.5
2026-10-09T17:42:06Z,25801,2,2,16000,3450,1914,0,1,9,9,334.5
2026-10-09T17:42:21Z,25817,2,2,16000,3450,1911,0,1,9,9,334.5
2026-10-09T17:42:37Z,25832,2,2,16000,3450,1662,0,1,9,9,328.5
2026-10-09T17:42:52Z,25848,2,2,16000,3450,1607,0,1,9,9,328.5
2026-10-09T17:43:08Z,25863,2,2,16000,3450,1428,0,1,9,9,325.5
2026-10-09T17:43:24Z,25879,2,2,16000,3450,1337,0,1,9,9,322.5
2026-10-09T17:43:39Z,25895,2,2,16000,3450,1322,0,1,9,9,324.0
2026-10-09T17:43:55Z,25910,2,2,16000,3450,1098,0,1,9,9,318.0
2026-10-09T17:44:11Z,25926,2,2,16000,3450,1148,0,1,9,9,321.0
2026-10-09T17:44:26Z,25942,2,2,16000,3450,940,0,1,9,9,315.0
2026-10-09T17:44:42Z,25957,2,2,16000,3450,1053,0,1,9,9,318.0
2026-10-09T17:44:58Z,25973,2,2,16000,3450,1066,0,1,9,9,319.5
2026-10-09T17:45:13Z,25989,2,2,16000,3450,1054,0,1,9,9,318.0
2026-10-09T17:45:29Z,26004,2,2,16000,3450,1037,0,1,9,9,318.0
2026-10-09T17:45:44Z,26020,2,2,16000,3450,864,0,1,9,9,313.5
2026-10-09T17:46:00Z,26035,2,2,16000,3450,804,0,1,9,9,313.5
2026-10-09T17:46:16Z,26051,2,2,16000,3450,712,0,1,9,9,312.0
2026-10-09T17:46:31Z,26067,2,2,16000,3450,568,0,1,9,9,309.0
2026-10-09T17:46:47Z,26082,2,2,16000,3450,493,0,1,9,9,307.5
2026-10-09T17:47:02Z,26098,2,2,16000,3250,562,0,1,9,8,309.0
2026-10-09T17:47:18Z,26113,2,2,16000,3250,571,0,1,8,8,309.0
2026-10-09T17:47:34Z,26129,2,2,16000,3050,591,0,1,8,7,310.5
2026-10-09T17:47:49Z,26145,2,2,16000,3050,494,0,1,7,7,307.5
2026-10-09T17:48:05Z,26160,2,2,16000,2850,312,0,1,7,6,304.5
2026-10-09T17:48:20Z,26176,2,2,16000,2850,336,1,1,6,6,304.5
2026-10-09T17:48:36Z,26191,2,2,16000,2850,417,0,1,6,6,306.0
2026-10-09T17:48:52Z,26207,2,2,16000,2650,540,0,1,6,5,307.5
2026-10-09T17:49:07Z,26223,2,2,16000,2650,591,0,1,5,5,310.5
2026-10-09T17:49:23Z,26238,2,2,16000,2650,794,0,1,5,5,313.5
2026-10-09T17:49:39Z,26254,2,2,16000,2650,778,0,1,5,5,313.5
2026-10-09T17:49:54Z,26270,2,2,16000,2650,794,0,1,5,5,313.5
2026-10-09T17:50:10Z,26285,2,2,16000,2650,773,0,1,5,5,312.0
2026-10-09T17:50:25Z,26301,2,2,16000,2650,641,0,1,5,5,310.5
2026-10-09T17:50:41Z,26316,2,2,16000,2450,801,0,1,4,4,313.5
2026-10-09T17:50:57Z,26332,2,2,16000,2450,794,0,1,4,4,313.5
2026-10-09T17:51:12Z,26348,2,2,16000,2450,1034,0,1,4,4,318.0
2026-10-09T17:51:28Z,26363,2,2,16000,2450,1079,0,1,4,4,319.5
2026-10-09T17:51:43Z,26379,2,2,16000,2650,1184,0,1,4,5,321.0
2026-10-09T17:51:59Z,26394,2,2,16000,2650,1345,0,1,5,5,324.0
2026-10-09T17:52:15Z,26410,2,2,16000,2650,1477,0,1,5,5,327.0
2026-10-09T17:52:30Z,26426,2,2,16000,3050,1791,0,1,5,7,333.0
2026-10-09T17:52:46Z,26441,2,2,16000,3050,1836,0,1,7,7,333.0
2026-10-09T17:53:02Z,26457,2,2,16000,3450,1750,0,1,7,9,333.0
2026-10-09T17:53:17Z,26473,2,2,16000,3450,1444,0,1,9,9,325.5
2026-10-09T17:53:33Z,26488,2,2,16000,3450,1383,0,1,9,9,325.5
2026-10-09T17:53:49Z,26504,2,2,16000,3450,1345,0,1,9,9,324.0
2026-10-09T17:54:04Z,26520,2,2,16000,3450,1399,0,1,9,9,324.0
2026-10-09T17:54:20Z,26535,2,2,16000,3450,1481,0,1,9,9,325.5
2026-10-09T17:54:36Z,26551,2,2,16000,3450,1578,0,1,9,9,328.5
2026-10-09T17:54:51Z,26567,2,2,16000,3450,1730,0,1,9,9,331.5
2026-10-09T17:55:07Z,26582,2,2,16000,3450,1784,0,1,9,9,331.5
2026-10-09T17:55:23Z,26598,2,2,16000,3450,1989,0,1,9,9,336.0
2026-10-09T17:55:38Z,26614,2,2,16000,3450,1927,0,1,9,9,336.0
2026-10-09T17:55:54Z,26629,2,2,16000,3450,2435,0,1,9,9,345.0
2026-10-09T17:56:10Z,26645,2,2,16000,3450,2401,0,1,9,9,345.0
2026-10-09T17:56:25Z,26661,2,2,16000,3450,2405,0,1,9,9,345.0
2026-10-09T17:56:41Z,26676,2,2,16000,3450,2398,0,1,9,9,343.5
2026-10-09T17:56:57Z,26692,2,2,16000,3450,2285,0,1,9,9,340.5
2026-10-09T17:57:12Z,26708,2,2,16000,3450,1953,0,1,9,9,334.5
2026-10-09T17:57:28Z,26723,2,2,16000,3450,1985,0,1,9,9,336.0
2026-10-09T17:57:44Z,26739,2,2,16000,3450,1763,0,1,9,9,331.5
2026-10-09T17:57:59Z,26755,2,2,16000,3450,1743,0,1,9,9,331.5
2026-10-09T17:58:15Z,26770,2,2,16000,3450,1551,0,1,9,9,328.5
2026-10-09T17:58:31Z,26786,2,2,16000,3450,1342,0,1,9,9,324.0
2026-10-09T17:58:46Z,26802,2,2,16000,3450,1356,0,1,9,9,324.0
2026-10-09T17:59:02Z,26817,2,2,16000,3450,1097,0,1,9,9,319.5
2026-10-09T17:59:18Z,26833,2,2,16000,3450,885,0,1,9,9,315.0
2026-10-09T17:59:33Z,26849,2,2,16000,3450,1058,0,1,9,9,319.5
2026-10-09T17:59:49Z,26864,2,2,16000,3450,1097,0,1,9,9,319.5
2026-10-09T18:00:05Z,26880,2,2,16000,3450,1098,0,1,9,9,319.5
2026-10-09T18:00:20Z,26896,2,2,16000,3450,1161,0,1,9,9,319.5
2026-10-09T18:00:36Z,26911,2,2,16000,3450,899,0,1,9,9,315.0
2026-10-09T18:00:51Z,26927,2,2,16000,3450,841,0,1,9,9,315.0
2026-10-09T18:01:07Z,26942,2,2,16000,3450,704,0,1,9,9,312.0
2026-10-09T18:01:23Z,26958,2,2,16000,3450,580,0,1,9,9,310.5
2026-10-09T18:01:38Z,26974,2,2,16000,3450,502,0,1,9,9,307.5
2026-10-09T18:01:54Z,26989,2,2,16000,3450,492,0,1,9,9,307.5
2026-10-09T18:02:09Z,27005,2,2,16000,3450,543,0,1,9,9,307.5
2026-10-09T18:02:25Z,27020,2,2,16000,3250,513,0,1,9,8,309.0
2026-10-09T18:02:41Z,27036,2,2,16000,3250,547,0,1,8,8,309.0
2026-10-09T18:02:56Z,27052,2,2,16000,3050,525,0,1,8,7,309.0
2026-10-09T18:03:12Z,27067,2,2,16000,3050,310,0,1,7,6,303.0
2026-10-09T18:03:27Z,27083,2,2,16000,2850,301,0,1,6,6,303.0
2026-10-09T18:03:43Z,27098,2,2,16000,2850,389,0,1,6,5,306.0
2026-10-09T18:03:59Z,27114,2,2,16000,2650,545,0,1,5,5,309.0
2026-10-09T18:04:14Z,27130,2,2,16000,2650,593,0,1,5,5,309.0
2026-10-09T18:04:30Z,27145,2,2,16000,2650,771,0,1,5,5,313.5
2026-10-09T18:04:45Z,27161,2,2,16000,2650,807,0,1,5,5,313.5
2026-10-09T18:05:01Z,27176,2,2,16000,2650,779,0,1,5,5,313.5
2026-10-09T18:05:17Z,27192,2,2,16000,2650,752,0,1,5,5,312.0
2026-10-09T18:05:32Z,27208,2,2,16000,2450,781,0,1,5,4,313.5
2026-10-09T18:05:48Z,27223,2,2,16000,2450,840,0,1,4,4,315.0
2026-10-09T18:06:03Z,27239,2,2,16000,2450,983,0,1,4,4,316.5
2026-10-09T18:06:19Z,27254,2,2,16000,2450,1100,0,1,4,4,319.5
2026-10-09T18:06:35Z,27270,2,2,16000,2450,1212,0,1,4,4,321.0
2026-10-09T18:06:50Z,27286,2,2,16000,2650,1296,0,1,4,5,324.0
2026-10-09T18:07:06Z,27301,2,2,16000,2650,1394,0,1,5,5,325.5
2026-10-09T18:07:22Z,27317,2,2,16000,2650,1594,0,1,5,5,328.5
2026-10-09T18:07:37Z,27333,2,2,16000,2650,1675,0,1,5,5,330.0
2026-10-09T18:07:53Z,27348,2,2,16000,3050,1779,0,1,5,7,333.0
2026-10-09T18:08:09Z,27364,2,2,16000,3050,1847,0,1,7,7,334.5
2026-10-09T18:08:24Z,27380,2,2,16000,3050,1517,0,1,7,7,327.0
2026-10-09T18:08:40Z,27395,2,2,16000,3050,1406,0,1,7,7,324.0
2026-10-09T18:08:56Z,27411,2,2,16000,3050,1461,0,1,7,7,325.5
2026-10-09T18:09:11Z,27427,2,2,16000,3050,1390,0,1,7,7,324.0
2026-10-09T18:09:27Z,27442,2,2,16000,3050,1504,0,1,7,7,325.5
2026-10-09T18:09:43Z,27458,2,2,16000,3050,1544,0,1,7,7,327.0
2026-10-09T18:09:58Z,27474,2,2,16000,3050,1814,1,1,7,7,333.0
2026-10-09T18:10:14Z,27489,2,2,16000,3050,1844,0,1,7,7,333.0
2026-10-09T18:10:30Z,27505,2,2,16000,3250,2028,0,1,7,8,337.5
2026-10-09T18:10:46Z,27521,2,2,16000,3250,1985,0,1,8,8,336.0
2026-10-09T18:11:01Z,27537,2,2,16000,3250,2176,0,1,8,8,339.0
2026-10-09T18:11:17Z,27552,3,3,24000,3650,2418,0,1,8,10,418.5
2026-10-09T18:11:33Z,27568,3,3,24000,3650,2545,0,1,10,10,421.5
2026-10-09T18:11:48Z,27584,3,3,24000,3650,2347,0,1,10,10,417.0
2026-10-09T18:12:04Z,27599,3,3,24000,3650,1998,0,1,10,10,411.0
2026-10-09T18:12:20Z,27615,3,3,24000,3650,2054,0,1,10,10,411.0
2026-10-09T18:12:36Z,27631,3,3,24000,3650,1841,0,1,10,10,408.0
2026-10-09T18:12:51Z,27647,3,3,24000,3650,1662,0,1,10,10,403.5
2026-10-09T18:13:07Z,27662,3,3,24000,3650,1731,0,1,10,10,406.5
2026-10-09T18:13:23Z,27678,3,3,24000,3650,1396,0,1,10,10,399.0
2026-10-09T18:13:38Z,27694,3,3,24000,3650,1423,0,1,10,10,399.0
2026-10-09T18:13:54Z,27709,3,3,24000,3650,1251,0,1,10,10,396.0
2026-10-09T18:14:10Z,27725,3,3,24000,3650,1146,0,1,10,10,394.5
2026-10-09T18:14:25Z,27741,3,3,24000,3650,1105,0,1,10,10,393.0
2026-10-09T18:14:41Z,27756,3,3,24000,3650,1239,0,1,10,10,397.5
2026-10-09T18:14:57Z,27772,3,3,24000,3650,1207,0,1,10,10,396.0
2026-10-09T18:15:12Z,27788,3,3,24000,3650,1213,0,1,10,10,396.0
2026-10-09T18:15:28Z,27803,3,3,24000,3650,1204,0,1,10,10,396.0
2026-10-09T18:15:43Z,27819,3,3,24000,3650,993,0,1,10,10,391.5
2026-10-09T18:15:59Z,27834,3,3,24000,3650,883,0,1,10,10,390.0
2026-10-09T18:16:15Z,27850,3,3,24000,3650,883,0,1,10,10,390.0
2026-10-09T18:16:30Z,27866,3,3,24000,3650,616,0,1,10,10,385.5
2026-10-09T18:16:46Z,27881,3,3,24000,3650,600,0,1,10,10,385.5
2026-10-09T18:17:02Z,27897,3,3,24000,3650,494,0,1,10,9,384.0
2026-10-09T18:17:17Z,27913,3,3,24000,3450,625,0,1,9,8,385.5
2026-10-09T18:17:33Z,27928,3,3,24000,3250,664,0,1,8,8,385.5
2026-10-09T18:17:49Z,27944,3,3,24000,3050,588,0,1,8,7,384.0
2026-10-09T18:18:04Z,27960,3,3,24000,3050,348,0,1,7,7,381.0
2026-10-09T18:18:20Z,27975,3,3,24000,2850,345,0,1,7,6,379.5
2026-10-09T18:18:35Z,27991,4,4,32000,2850,376,0,1,6,6,454.5
2026-10-09T18:18:51Z,28006,4,4,32000,2650,608,0,1,6,5,459.0
2026-10-09T18:19:07Z,28022,4,4,32000,2650,609,0,1,5,5,460.5
2026-10-09T18:19:22Z,28038,4,4,32000,2650,777,0,1,5,5,463.5
2026-10-09T18:19:38Z,28053,3,3,24000,2650,829,0,1,5,5,388.5
2026-10-09T18:19:54Z,28069,3,3,24000,2650,870,0,1,5,5,390.0
2026-10-09T18:20:09Z,28085,3,3,24000,2650,864,0,1,5,5,390.0
2026-10-09T18:20:25Z,28100,3,3,24000,2650,797,0,1,5,5,387.0
2026-10-09T18:20:41Z,28116,3,3,24000,2650,835,0,1,5,5,388.5
2026-10-09T18:20:56Z,28132,3,3,24000,2450,838,0,1,5,4,390.0
2026-10-09T18:21:12Z,28147,3,3,24000,2450,998,0,1,4,4,391.5
2026-10-09T18:21:27Z,28163,3,3,24000,2250,1159,0,1,4,3,396.0
2026-10-09T18:21:43Z,28178,3,3,24000,2250,1168,0,1,3,3,394.5
2026-10-09T18:21:59Z,28194,3,3,24000,2250,1421,1,1,3,4,400.5
2026-10-09T18:22:15Z,28210,3,3,24000,2450,1459,0,1,4,4,399.0
2026-10-09T18:22:30Z,28226,3,3,24000,2450,1738,0,1,4,4,405.0
2026-10-09T18:22:46Z,28241,3,3,24000,2850,1836,0,1,4,6,406.5
2026-10-09T18:23:02Z,28257,3,3,24000,2850,1704,0,1,6,6,408.0
2026-10-09T18:23:17Z,28273,3,3,24000,2850,1643,0,1,6,6,405.0
2026-10-09T18:23:33Z,28288,3,3,24000,2850,1426,0,1,6,6,399.0
2026-10-09T18:23:49Z,28304,3,3,24000,2850,1430,0,1,6,6,399.0
2026-10-09T18:24:04Z,28320,3,3,24000,2850,1402,0,1,6,6,399.0
2026-10-09T18:24:20Z,28335,3,3,24000,2850,1541,0,1,6,6,402.0
2026-10-09T18:24:36Z,28351,3,3,24000,2850,1579,0,1,6,6,402.0
2026-10-09T18:24:51Z,28367,3,3,24000,2850,1785,0,1,6,6,406.5
2026-10-09T18:25:07Z,28382,3,3,24000,2850,1773,0,1,6,6,405.0
2026-10-09T18:25:23Z,28398,3,3,24000,2850,2029,0,1,6,6,411.0
2026-10-09T18:25:38Z,28414,3,3,24000,2850,2074,0,1,6,6,411.0
2026-10-09T18:25:54Z,28429,3,3,24000,2850,2309,0,1,6,6,417.0
2026-10-09T18:26:10Z,28445,3,3,24000,2850,2458,0,1,6,6,418.5
2026-10-09T18:26:26Z,28461,3,3,24000,3050,2462,0,1,6,7,418.5
2026-10-09T18:26:41Z,28477,3,3,24000,3050,2429,0,1,7,7,417.0
2026-10-09T18:26:57Z,28492,3,3,24000,3050,2418,0,1,7,7,418.5
2026-10-09T18:27:13Z,28508,3,3,24000,3050,1923,0,1,7,7,408.0
2026-10-09T18:27:28Z,28524,3,3,24000,3050,2032,0,1,7,7,411.0
2026-10-09T18:27:44Z,28539,3,3,24000,3050,1885,0,1,7,7,408.0
2026-10-09T18:28:00Z,28555,3,3,24000,3050,1734,0,1,7,7,405.0
2026-10-09T18:28:15Z,28571,3,3,24000,3050,1699,0,1,7,7,405.0
2026-10-09T18:28:31Z,28586,3,3,24000,3050,1414,0,1,7,7,399.0
2026-10-09T18:28:47Z,28602,3,3,24000,3050,1434,0,1,7,7,396.0
2026-10-09T18:29:02Z,28618,3,3,24000,3050,1144,0,1,7,7,394.5
2026-10-09T18:29:18Z,28633,3,3,24000,3050,979,0,1,7,7,391.5
2026-10-09T18:29:34Z,28649,3,3,24000,3050,1088,0,1,7,7,393.0
2026-10-09T18:29:49Z,28665,3,3,24000,3050,1110,0,1,7,7,393.0
2026-10-09T18:30:05Z,28680,3,3,24000,3050,1155,0,1,7,7,394.5
2026-10-09T18:30:20Z,28696,3,3,24000,3050,1163,0,1,7,7,393.0
2026-10-09T18:30:36Z,28712,3,3,24000,3050,972,0,1,7,7,391.5
2026-10-09T18:30:52Z,28727,3,3,24000,3050,871,0,1,7,7,388.5
2026-10-09T18:31:07Z,28743,3,3,24000,3050,806,0,1,7,7,387.0
2026-10-09T18:31:23Z,28758,3,3,24000,3050,601,0,1,7,7,384.0
2026-10-09T18:31:39Z,28774,3,3,24000,3050,563,0,1,7,7,382.5
2026-10-09T18:31:54Z,28790,3,3,24000,3050,492,0,1,7,7,381.0
2026-10-09T18:32:10Z,28805,3,3,24000,2850,589,0,1,7,6,384.0
2026-10-09T18:32:26Z,28821,3,3,24000,2850,626,0,1,6,6,385.5
2026-10-09T18:32:41Z,28837,3,3,24000,2850,593,0,1,6,6,385.5
2026-10-09T18:32:57Z,28852,2,2,16000,2650,487,0,1,6,5,307.5
2026-10-09T18:33:13Z,28868,2,2,16000,2650,320,0,1,5,5,304.5
2026-10-09T18:33:28Z,28884,2,2,16000,2450,319,0,1,4,4,304.5
2026-10-09T18:33:44Z,28899,2,2,16000,2450,362,0,1,4,4,306.0
2026-10-09T18:34:00Z,28915,2,2,16000,2450,526,0,1,4,4,309.0
2026-10-09T18:34:16Z,28931,2,2,16000,2450,550,0,1,4,4,309.0
2026-10-09T18:34:31Z,28947,2,2,16000,2450,730,0,1,4,4,312.0
2026-10-09T18:34:47Z,28962,2,2,16000,2450,814,0,1,4,4,315.0
2026-10-09T18:35:03Z,28978,2,2,16000,2450,826,0,1,4,4,315.0
2026-10-09T18:35:18Z,28994,2,2,16000,2450,718,0,1,4,4,312.0
2026-10-09T18:35:34Z,29009,2,2,16000,2250,856,0,1,4,3,315.0
2026-10-09T18:35:50Z,29025,2,2,16000,2250,848,0,1,3,3,313.5
2026-10-09T18:36:05Z,29041,2,2,16000,2250,938,0,1,3,3,315.0
2026-10-09T18:36:21Z,29056,2,2,16000,2250,1091,0,1,3,3,319.5
2026-10-09T18:36:37Z,29072,2,2,16000,2450,1115,0,1,3,4,319.5
2026-10-09T18:36:52Z,29088,2,2,16000,2450,1357,0,1,4,4,324.0
2026-10-09T18:37:08Z,29103,2,2,16000,2450,1352,0,1,4,4,324.0
2026-10-09T18:37:24Z,29119,2,2,16000,2450,1537,0,1,4,4,327.0
2026-10-09T18:37:39Z,29135,2,2,16000,2650,1640,0,1,4,5,330.0
2026-10-09T18:37:55Z,29150,2,2,16000,2650,1669,0,1,5,5,330.0
2026-10-09T18:38:11Z,29166,2,2,16000,2650,1683,0,1,5,5,330.0
2026-10-09T18:38:26Z,29182,2,2,16000,2650,1592,0,1,5,5,328.5
2026-10-09T18:38:42Z,29197,2,2,16000,2650,1411,0,1,5,5,324.0
2026-10-09T18:38:57Z,29213,2,2,16000,2650,1423,0,1,5,5,325.5
2026-10-09T18:39:13Z,29228,2,2,16000,2650,1207,0,1,5,5,321.0
2026-10-09T18:39:29Z,29244,2,2,16000,2650,1342,0,1,5,5,324.0
2026-10-09T18:39:44Z,29260,2,2,16000,2650,1331,0,1,5,5,322.5
2026-10-09T18:40:00Z,29275,2,2,16000,2650,1635,0,1,5,5,328.5
2026-10-09T18:40:16Z,29291,2,2,16000,2650,1698,0,1,5,5,330.0
2026-10-09T18:40:32Z,29307,2,2,16000,3050,1920,0,1,5,7,337.5
2026-10-09T18:40:47Z,29323,2,2,16000,3050,2188,0,1,7,7,339.0
2026-10-09T18:41:03Z,29338,2,2,16000,3050,2354,0,1,7,7,342.0
2026-10-09T18:41:19Z,29354,2,2,16000,3050,2280,0,1,7,7,340.5
2026-10-09T18:41:34Z,29370,2,2,16000,3050,2294,0,1,7,7,340.5
2026-10-09T18:41:50Z,29385,2,2,16000,3050,2271,0,1,7,7,340.5
2026-10-09T18:42:06Z,29401,2,2,16000,3050,2052,0,1,7,7,336.0
2026-10-09T18:42:22Z,29417,2,2,16000,3050,2100,0,1,7,7,337.5
2026-10-09T18:42:37Z,29433,2,2,16000,3050,1905,0,1,7,7,333.0
2026-10-09T18:42:53Z,29448,2,2,16000,3050,1720,0,1,7,7,331.5
2026-10-09T18:43:09Z,29464,2,2,16000,3050,1739,0,1,7,7,331.5
2026-10-09T18:43:24Z,29480,2,2,16000,3050,1504,0,1,7,7,327.0
2026-10-09T18:43:40Z,29495,2,2,16000,3050,1441,0,1,7,7,325.5
2026-10-09T18:43:55Z,29511,2,2,16000,3050,1306,0,1,7,7,322.5
2026-10-09T18:44:11Z,29527,2,2,16000,3050,1150,0,1,7,7,321.0
2026-10-09T18:44:27Z,29542,2,2,16000,3050,1139,0,1,7,7,321.0
2026-10-09T18:44:42Z,29558,2,2,16000,3050,1216,0,1,7,7,322.5
2026-10-09T18:44:58Z,29573,2,2,16000,3050,1268,0,1,7,7,322.5
2026-10-09T18:45:14Z,29589,2,2,16000,3050,1261,0,1,7,7,322.5
2026-10-09T18:45:30Z,29605,2,2,16000,3050,1281,0,1,7,7,322.5
2026-10-09T18:45:45Z,29621,2,2,16000,3050,1136,0,1,7,7,319.5
2026-10-09T18:46:01Z,29636,2,2,16000,3050,889,0,1,7,7,315.0
2026-10-09T18:46:17Z,29652,2,2,16000,3050,865,0,1,7,7,309.0
2026-10-09T18:46:32Z,29668,2,2,16000,3050,595,0,1,7,7,310.5
2026-10-09T18:46:48Z,29683,2,2,16000,3050,487,0,1,7,7,307.5
2026-10-09T18:47:03Z,29699,2,2,16000,3050,546,0,1,7,7,309.0
2026-10-09T18:47:19Z,29714,2,2,16000,3050,559,0,1,7,7,309.0
2026-10-09T18:47:35Z,29730,2,2,16000,3050,578,0,1,7,7,309.0
2026-10-09T18:47:50Z,29746,2,2,16000,2850,585,0,1,7,6,310.5
2026-10-09T18:48:06Z,29761,2,2,16000,2850,350,0,1,6,6,306.0
2026-10-09T18:48:22Z,29777,2,2,16000,2650,328,0,1,6,5,306.0
2026-10-09T18:48:37Z,29793,2,2,16000,2650,336,0,1,5,5,306.0
2026-10-09T18:48:53Z,29808,2,2,16000,2650,543,0,1,5,5,309.0
2026-10-09T18:49:09Z,29824,2,2,16000,2650,571,0,1,5,5,309.0
2026-10-09T18:49:24Z,29840,2,2,16000,2650,725,0,1,5,5,312.0
2026-10-09T18:49:40Z,29855,2,2,16000,2650,848,0,1,5,5,315.0
2026-10-09T18:49:56Z,29871,2,2,16000,2650,827,0,1,5,5,313.5
2026-10-09T18:50:11Z,29887,2,2,16000,2650,839,0,1,5,5,313.5
2026-10-09T18:50:27Z,29902,2,2,16000,2450,794,0,1,5,4,313.5
2026-10-09T18:50:42Z,29918,2,2,16000,2450,918,0,1,4,4,316.5
2026-10-09T18:50:58Z,29933,2,2,16000,2450,905,0,1,4,4,315.0
2026-10-09T18:51:14Z,29949,2,2,16000,2250,944,0,1,4,3,315.0
2026-10-09T18:51:29Z,29965,2,2,16000,2250,1164,0,1,3,3,319.5
2026-10-09T18:51:45Z,29980,2,2,16000,2250,1137,1,1,3,4,319.5
2026-10-09T18:52:01Z,29996,2,2,16000,2450,1346,0,1,4,4,324.0
2026-10-09T18:52:16Z,30012,2,2,16000,2850,1500,0,1,4,6,327.0
2026-10-09T18:52:32Z,30027,2,2,16000,2850,1836,0,1,6,6,333.0
2026-10-09T18:52:48Z,30043,2,2,16000,3250,1791,0,1,6,8,333.0
2026-10-09T18:53:03Z,30059,2,2,16000,3250,1885,0,1,8,8,334.5
2026-10-09T18:53:19Z,30074,2,2,16000,3250,1636,0,1,8,8,330.0
2026-10-09T18:53:35Z,30090,2,2,16000,3250,1365,0,1,8,8,324.0
2026-10-09T18:53:50Z,30106,2,2,16000,3250,1341,0,1,8,8,324.0
2026-10-09T18:54:06Z,30121,2,2,16000,3250,1179,0,1,8,8,321.0
2026-10-09T18:54:22Z,30137,2,2,16000,3250,1355,0,1,8,8,324.0
2026-10-09T18:54:37Z,30153,2,2,16000,3250,1403,0,1,8,8,325.5
2026-10-09T18:54:53Z,30168,2,2,16000,3250,1594,0,1,8,8,328.5
2026-10-09T18:55:09Z,30184,2,2,16000,3250,1661,0,1,8,8,330.0
2026-10-09T18:55:25Z,30200,2,2,16000,3250,1757,0,1,8,8,331.5
2026-10-09T18:55:40Z,30216,2,2,16000,3250,1890,0,1,8,8,333.0
2026-10-09T18:55:56Z,30231,2,2,16000,3250,2003,0,1,8,8,336.0
2026-10-09T18:56:12Z,30247,2,2,16000,3250,2238,0,1,8,8,340.5
2026-10-09T18:56:27Z,30263,2,2,16000,3250,2241,0,1,8,8,340.5
2026-10-09T18:56:43Z,30278,2,2,16000,3250,2228,0,1,8,8,340.5
2026-10-09T18:56:59Z,30294,2,2,16000,3250,2236,0,1,8,8,340.5
2026-10-09T18:57:14Z,30310,2,2,16000,3250,1914,0,1,8,8,334.5
2026-10-09T18:57:30Z,30325,2,2,16000,3250,1945,0,1,8,8,334.5
2026-10-09T18:57:46Z,30341,2,2,16000,3250,1822,0,1,8,8,333.0
2026-10-09T18:58:01Z,30357,2,2,16000,3250,1599,0,1,8,8,328.5
2026-10-09T18:58:17Z,30372,2,2,16000,3250,1450,0,1,8,8,325.5
2026-10-09T18:58:33Z,30388,2,2,16000,3250,1424,0,1,8,8,325.5
2026-10-09T18:58:48Z,30404,2,2,16000,3250,1223,0,1,8,8,321.0
2026-10-09T18:59:04Z,30419,2,2,16000,3250,1125,0,1,8,8,319.5
2026-10-09T18:59:20Z,30435,2,2,16000,3250,1031,0,1,8,8,318.0
2026-10-09T18:59:35Z,30451,2,2,16000,3250,1132,0,1,8,8,321.0
2026-10-09T18:59:51Z,30466,2,2,16000,3250,1135,0,1,8,8,321.0
2026-10-09T19:00:07Z,30482,2,2,16000,3250,1140,0,1,8,8,319.5
2026-10-09T19:00:22Z,30498,2,2,16000,3250,1138,0,1,8,8,319.5
2026-10-09T19:00:38Z,30513,2,2,16000,3250,1053,0,1,8,8,318.0
2026-10-09T19:00:54Z,30529,2,2,16000,3250,830,0,1,8,8,313.5
2026-10-09T19:01:09Z,30545,2,2,16000,3250,840,0,1,8,8,313.5
2026-10-09T19:01:25Z,30560,2,2,16000,3250,596,0,1,8,8,309.0
2026-10-09T19:01:41Z,30576,2,2,16000,3250,568,0,1,8,8,309.0
2026-10-09T19:01:56Z,30592,2,2,16000,3250,495,0,1,8,8,307.5
2026-10-09T19:02:12Z,30607,2,2,16000,3050,550,0,1,8,7,309.0
2026-10-09T19:02:27Z,30623,2,2,16000,3050,576,0,1,7,7,309.0
2026-10-09T19:02:43Z,30638,2,2,16000,2850,575,0,1,7,6,309.0
2026-10-09T19:02:59Z,30654,2,2,16000,2850,602,0,1,6,6,309.0
2026-10-09T19:03:14Z,30670,2,2,16000,2650,325,0,1,6,5,304.5
2026-10-09T19:03:30Z,30685,2,2,16000,2650,331,0,1,5,5,304.5
2026-10-09T19:03:46Z,30701,2,2,16000,2650,319,0,1,5,5,304.5
2026-10-09T19:04:01Z,30717,2,2,16000,2650,518,0,1,5,4,307.5
2026-10-09T19:04:17Z,30732,2,2,16000,2450,698,0,1,4,4,310.5
2026-10-09T19:04:32Z,30748,2,2,16000,2450,817,0,1,4,4,313.5
2026-10-09T19:04:48Z,30763,2,2,16000,2450,787,0,1,4,4,313.5
2026-10-09T19:05:04Z,30779,2,2,16000,2450,782,0,1,4,4,313.5
2026-10-09T19:05:19Z,30795,2,2,16000,2450,743,0,1,4,4,312.0
2026-10-09T19:05:35Z,30810,2,2,16000,2450,799,0,1,4,4,313.5
2026-10-09T19:05:51Z,30826,2,2,16000,2450,828,0,1,4,3,315.0
2026-10-09T19:06:06Z,30842,2,2,16000,2250,931,0,1,3,3,316.5
2026-10-09T19:06:22Z,30857,2,2,16000,2250,1056,0,1,3,3,318.0
2026-10-09T19:06:38Z,30873,2,2,16000,2450,1079,0,1,3,4,318.0
2026-10-09T19:06:53Z,30889,2,2,16000,2450,1379,0,1,4,4,324.0
2026-10-09T19:07:09Z,30904,2,2,16000,2450,1417,0,1,4,4,325.5
2026-10-09T19:07:24Z,30920,2,2,16000,2650,1535,0,1,4,5,327.0
2026-10-09T19:07:40Z,30936,2,2,16000,2650,1709,0,1,5,5,330.0
2026-10-09T19:07:56Z,30951,2,2,16000,2650,1657,0,1,5,5,328.5
2026-10-09T19:08:11Z,30967,2,2,16000,2650,1640,0,1,5,5,328.5
2026-10-09T19:08:27Z,30982,2,2,16000,2650,1614,0,1,5,5,328.5
2026-10-09T19:08:43Z,30998,2,2,16000,2650,1427,0,1,5,5,325.5
2026-10-09T19:08:58Z,31014,2,2,16000,2650,1415,0,1,5,5,325.5
2026-10-09T19:09:14Z,31029,2,2,16000,2650,1226,0,1,5,5,321.0
2026-10-09T19:09:30Z,31045,2,2,16000,2650,1360,0,1,5,5,324.0
2026-10-09T19:09:45Z,31061,2,2,16000,2650,1356,0,1,5,5,324.0
2026-10-09T19:10:01Z,31076,2,2,16000,2650,1617,0,1,5,5,330.0
2026-10-09T19:10:17Z,31092,2,2,16000,2650,1602,0,1,5,5,334.5
2026-10-09T19:10:32Z,31108,2,2,16000,2650,2008,0,1,5,5,336.0
2026-10-09T19:10:48Z,31123,2,2,16000,3050,2088,0,1,5,7,337.5
2026-10-09T19:11:04Z,31139,2,2,16000,3050,2425,0,1,7,7,343.5
2026-10-09T19:11:20Z,31155,2,2,16000,3050,2294,0,1,7,7,342.0
2026-10-09T19:11:35Z,31171,2,2,16000,3050,2317,0,1,7,7,342.0
2026-10-09T19:11:51Z,31186,2,2,16000,3050,2239,0,1,7,7,340.5
2026-10-09T19:12:07Z,31202,2,2,16000,3050,2049,0,1,7,7,337.5
2026-10-09T19:12:22Z,31218,2,2,16000,3050,1996,0,1,7,7,336.0
2026-10-09T19:12:38Z,31233,2,2,16000,3050,1928,0,1,7,7,334.5
2026-10-09T19:12:54Z,31249,2,2,16000,3050,1666,0,1,7,7,330.0
2026-10-09T19:13:09Z,31265,2,2,16000,3050,1672,0,1,7,7,330.0
2026-10-09T19:13:25Z,31280,2,2,16000,3050,1458,0,1,7,7,327.0
2026-10-09T19:13:41Z,31296,2,2,16000,3050,1437,0,1,7,7,325.5
2026-10-09T19:13:56Z,31312,2,2,16000,3050,1277,0,1,7,7,321.0
2026-10-09T19:14:12Z,31327,2,2,16000,3050,1146,0,1,7,7,321.0
2026-10-09T19:14:28Z,31343,2,2,16000,3050,1124,0,1,7,7,319.5
2026-10-09T19:14:43Z,31359,2,2,16000,3050,1064,0,1,7,7,318.0
2026-10-09T19:14:59Z,31374,2,2,16000,3050,1080,0,1,7,7,318.0
2026-10-09T19:15:15Z,31390,2,2,16000,3050,1103,0,1,7,7,319.5
2026-10-09T19:15:30Z,31406,2,2,16000,3050,1123,0,1,7,7,319.5
2026-10-09T19:15:46Z,31421,2,2,16000,3050,997,0,1,7,7,318.0
2026-10-09T19:16:01Z,31437,2,2,16000,3050,843,0,1,7,7,313.5
2026-10-09T19:16:17Z,31452,2,2,16000,3050,616,0,1,7,7,310.5
2026-10-09T19:16:33Z,31468,2,2,16000,3050,588,0,1,7,7,309.0
2026-10-09T19:16:48Z,31484,2,2,16000,3050,497,0,1,7,7,307.5
2026-10-09T19:17:04Z,31499,2,2,16000,3050,550,0,1,7,7,309.0
2026-10-09T19:17:20Z,31515,2,2,16000,3050,561,0,1,7,7,309.0
2026-10-09T19:17:35Z,31531,2,2,16000,3050,580,0,1,7,7,310.5
2026-10-09T19:17:51Z,31546,2,2,16000,3050,551,0,1,7,6,309.0
2026-10-09T19:18:07Z,31562,2,2,16000,2850,386,0,1,6,6,306.0
2026-10-09T19:18:22Z,31578,2,2,16000,2650,319,0,1,6,5,304.5
2026-10-09T19:18:38Z,31593,2,2,16000,2650,356,0,1,5,5,304.5
2026-10-09T19:18:53Z,31609,2,2,16000,2650,530,0,1,5,5,307.5
2026-10-09T19:19:09Z,31624,2,2,16000,2450,596,0,1,5,4,310.5
2026-10-09T19:19:25Z,31640,2,2,16000,2450,724,0,1,4,4,312.0
2026-10-09T19:19:40Z,31656,2,2,16000,2450,832,0,1,4,4,313.5
2026-10-09T19:19:56Z,31671,2,2,16000,2450,807,0,1,4,4,313.5
2026-10-09T19:20:12Z,31687,2,2,16000,2450,814,0,1,4,4,313.5
2026-10-09T19:20:27Z,31703,2,2,16000,2450,768,0,1,4,4,312.0
2026-10-09T19:20:43Z,31718,2,2,16000,2450,813,0,1,4,4,313.5
2026-10-09T19:20:59Z,31734,2,2,16000,2250,873,0,1,4,3,315.0
2026-10-09T19:21:14Z,31750,2,2,16000,2250,988,0,1,3,3,316.5
2026-10-09T19:21:30Z,31765,2,2,16000,2250,1141,0,1,3,3,319.5
2026-10-09T19:21:46Z,31781,2,2,16000,2450,1139,0,1,3,4,319.5
2026-10-09T19:22:01Z,31797,2,2,16000,2450,1429,0,1,4,4,325.5
2026-10-09T19:22:17Z,31812,2,2,16000,2450,1595,1,1,4,5,328.5
2026-10-09T19:22:33Z,31828,2,2,16000,2650,1807,0,1,5,5,333.0
2026-10-09T19:22:48Z,31844,2,2,16000,2650,1793,0,1,5,5,331.5
2026-10-09T19:23:04Z,31859,2,2,16000,2650,1695,0,1,5,5,330.0
2026-10-09T19:23:19Z,31875,2,2,16000,2850,1691,0,1,5,6,331.5
2026-10-09T19:23:35Z,31890,2,2,16000,2850,1493,0,1,6,6,327.0
2026-10-09T19:23:51Z,31906,2,2,16000,2850,1437,0,1,6,6,325.5
2026-10-09T19:24:06Z,31922,2,2,16000,2850,1264,0,1,6,6,322.5
2026-10-09T19:24:22Z,31937,2,2,16000,2850,1444,0,1,6,6,325.5
2026-10-09T19:24:38Z,31953,2,2,16000,2850,1422,0,1,6,6,325.5
2026-10-09T19:24:54Z,31969,2,2,16000,2850,1681,0,1,6,6,330.0
2026-10-09T19:25:09Z,31985,2,2,16000,2850,1639,0,1,6,6,328.5
2026-10-09T19:25:25Z,32000,2,2,16000,2850,1847,0,1,6,6,333.0
2026-10-09T19:25:41Z,32016,2,2,16000,2850,1940,0,1,6,6,334.5
2026-10-09T19:25:56Z,32032,2,2,16000,2850,2020,0,1,6,6,336.0
2026-10-09T19:26:12Z,32047,2,2,16000,2850,2202,0,1,6,6,339.0
2026-10-09T19:26:28Z,32063,2,2,16000,3050,2277,0,1,6,7,342.0
2026-10-09T19:26:43Z,32079,2,2,16000,3050,2288,0,1,7,7,340.5
2026-10-09T19:26:59Z,32094,2,2,16000,3050,2300,0,1,7,7,342.0
2026-10-09T19:27:15Z,32110,2,2,16000,3050,2008,0,1,7,7,336.0
2026-10-09T19:27:30Z,32126,2,2,16000,3050,1920,0,1,7,7,334.5
2026-10-09T19:27:46Z,32141,2,2,16000,3050,1895,0,1,7,7,334.5
2026-10-09T19:28:02Z,32157,2,2,16000,3050,1707,0,1,7,7,331.5
2026-10-09T19:28:17Z,32173,2,2,16000,3050,1489,0,1,7,7,325.5
2026-10-09T19:28:33Z,32188,2,2,16000,3050,1427,0,1,7,7,325.5
2026-10-09T19:28:49Z,32204,2,2,16000,3050,1254,0,1,7,7,321.0
2026-10-09T19:29:04Z,32220,2,2,16000,3050,1155,0,1,7,7,319.5
2026-10-09T19:29:20Z,32235,2,2,16000,3050,1099,0,1,7,7,319.5
2026-10-09T19:29:36Z,32251,2,2,16000,3050,1123,0,1,7,7,319.5
2026-10-09T19:29:51Z,32267,2,2,16000,3050,1154,0,1,7,7,319.5
2026-10-09T19:30:07Z,32282,2,2,16000,3050,1194,0,1,7,7,321.0
2026-10-09T19:30:23Z,32298,2,2,16000,3050,1149,0,1,7,7,321.0
2026-10-09T19:30:38Z,32314,2,2,16000,3050,1062,0,1,7,7,318.0
2026-10-09T19:30:54Z,32329,2,2,16000,3050,842,0,1,7,7,313.5
2026-10-09T19:31:10Z,32345,2,2,16000,3050,856,0,1,7,7,315.0
2026-10-09T19:31:25Z,32361,2,2,16000,3050,616,0,1,7,7,310.5
2026-10-09T19:31:41Z,32376,2,2,16000,3050,561,0,1,7,7,309.0
2026-10-09T19:31:56Z,32392,2,2,16000,3050,489,0,1,7,7,307.5
2026-10-09T19:32:12Z,32407,2,2,16000,3050,592,0,1,7,7,309.0
2026-10-09T19:32:28Z,32423,2,2,16000,3050,579,0,1,7,7,309.0
2026-10-09T19:32:43Z,32439,2,2,16000,3050,600,0,1,7,7,309.0
2026-10-09T19:32:59Z,32454,2,2,16000,2850,576,0,1,7,6,310.5
2026-10-09T19:33:15Z,32470,2,2,16000,2850,406,0,1,6,6,306.0
2026-10-09T19:33:30Z,32486,2,2,16000,2650,316,1,1,6,5,304.5
2026-10-09T19:33:46Z,32501,2,2,16000,2650,345,0,1,5,5,304.5
2026-10-09T19:34:02Z,32517,2,2,16000,2650,520,0,1,5,4,309.0
2026-10-09T19:34:17Z,32533,2,2,16000,2450,705,0,1,4,4,310.5
2026-10-09T19:34:33Z,32548,2,2,16000,2450,818,0,1,4,4,315.0
2026-10-09T19:34:48Z,32564,2,2,16000,2450,803,0,1,4,4,313.5
2026-10-09T19:35:04Z,32579,2,2,16000,2450,800,0,1,4,4,313.5
2026-10-09T19:35:20Z,32595,2,2,16000,2450,762,0,1,4,4,312.0
2026-10-09T19:35:35Z,32611,2,2,16000,2450,752,0,1,4,4,312.0
2026-10-09T19:35:51Z,32626,2,2,16000,2450,801,0,1,4,3,313.5
2026-10-09T19:36:07Z,32642,2,2,16000,2250,919,0,1,3,3,316.5
2026-10-09T19:36:22Z,32658,2,2,16000,2250,1081,0,1,3,3,319.5
2026-10-09T19:36:38Z,32673,2,2,16000,2450,1068,0,1,3,4,318.0
2026-10-09T19:36:53Z,32689,2,2,16000,2450,1303,0,1,4,4,322.5
2026-10-09T19:37:09Z,32705,2,2,16000,2450,1368,0,1,4,4,325.5
2026-10-09T19:37:25Z,32720,2,2,16000,2650,1468,0,1,4,5,327.0
2026-10-09T19:37:40Z,32736,2,2,16000,2650,1741,0,1,5,5,331.5
2026-10-09T19:37:56Z,32751,2,2,16000,2850,1665,0,1,5,6,330.0
2026-10-09T19:38:12Z,32767,2,2,16000,2850,1806,0,1,6,6,333.0
2026-10-09T19:38:27Z,32783,2,2,16000,2850,1666,0,1,6,6,330.0
2026-10-09T19:38:43Z,32798,2,2,16000,2850,1374,0,1,6,6,324.0
2026-10-09T19:38:59Z,32814,2,2,16000,2850,1406,0,1,6,6,325.5
2026-10-09T19:39:15Z,32830,2,2,16000,2850,1227,0,1,6,6,322.5
2026-10-09T19:39:30Z,32846,2,2,16000,2850,1426,0,1,6,6,325.5
2026-10-09T19:39:46Z,32861,2,2,16000,2850,1385,0,1,6,6,324.0
2026-10-09T19:40:02Z,32877,2,2,16000,2850,1702,0,1,6,6,331.5
2026-10-09T19:40:17Z,32893,2,2,16000,2850,1888,0,1,6,6,333.0
2026-10-09T19:40:33Z,32908,2,2,16000,2850,1979,0,1,6,6,336.0
2026-10-09T19:40:49Z,32924,2,2,16000,2850,2024,0,1,6,6,336.0
2026-10-09T19:41:05Z,32940,3,3,24000,3050,2326,0,1,6,7,417.0
2026-10-09T19:41:20Z,32956,3,3,24000,3050,2403,0,1,7,7,418.5
2026-10-09T19:41:36Z,32971,3,3,24000,3250,2394,0,1,7,8,418.5
2026-10-09T19:41:52Z,32987,3,3,24000,3250,2352,0,1,8,8,415.5
2026-10-09T19:42:07Z,33003,3,3,24000,3250,2102,0,1,8,8,412.5
2026-10-09T19:42:23Z,33018,3,3,24000,3250,1966,0,1,8,8,411.0
2026-10-09T19:42:39Z,33034,3,3,24000,3250,1908,0,1,8,8,408.0
2026-10-09T19:42:54Z,33050,3,3,24000,3250,1702,0,1,8,8,403.5
2026-10-09T19:43:10Z,33065,3,3,24000,3250,1674,0,1,8,8,405.0
2026-10-09T19:43:26Z,33081,3,3,24000,3250,1444,0,1,8,8,400.5
2026-10-09T19:43:41Z,33097,3,3,24000,3250,1369,0,1,8,8,397.5
2026-10-09T19:43:57Z,33112,3,3,24000,3250,1286,0,1,8,8,397.5
2026-10-09T19:44:13Z,33128,3,3,24000,3250,1045,0,1,8,8,393.0
2026-10-09T19:44:28Z,33144,3,3,24000,3250,1050,0,1,8,8,391.5
2026-10-09T19:44:44Z,33159,3,3,24000,3250,1042,0,1,8,8,391.5
2026-10-09T19:45:00Z,33175,3,3,24000,3250,1101,0,1,8,8,393.0
2026-10-09T19:45:15Z,33191,3,3,24000,3250,1120,0,1,8,8,393.0
2026-10-09T19:45:31Z,33206,3,3,24000,3250,1144,0,1,8,8,393.0
2026-10-09T19:45:47Z,33222,3,3,24000,3250,847,0,1,8,8,390.0
2026-10-09T19:46:02Z,33238,3,3,24000,3250,820,0,1,8,8,388.5
2026-10-09T19:46:18Z,33253,3,3,24000,3250,671,0,1,8,8,387.0
2026-10-09T19:46:34Z,33269,3,3,24000,3250,539,0,1,8,8,381.0
2026-10-09T19:46:49Z,33285,3,3,24000,3250,510,0,1,8,8,382.5
2026-10-09T19:47:05Z,33300,3,3,24000,3250,561,0,1,8,7,384.0
2026-10-09T19:47:21Z,33316,2,2,16000,3050,525,0,1,7,7,309.0
2026-10-09T19:47:36Z,33332,2,2,16000,3050,571,0,1,7,6,309.0
2026-10-09T19:47:52Z,33347,2,2,16000,2850,578,0,1,6,6,309.0
2026-10-09T19:48:08Z,33363,2,2,16000,2850,414,0,1,6,5,306.0
2026-10-09T19:48:23Z,33379,2,2,16000,2650,320,0,1,5,5,304.5
2026-10-09T19:48:39Z,33394,2,2,16000,2650,308,0,1,5,5,304.5
2026-10-09T19:48:55Z,33410,2,2,16000,2450,451,0,1,5,4,306.0
2026-10-09T19:49:10Z,33426,2,2,16000,2450,564,0,1,4,4,309.0
2026-10-09T19:49:26Z,33441,2,2,16000,2450,668,0,1,4,4,310.5
2026-10-09T19:49:41Z,33457,2,2,16000,2450,776,0,1,4,4,312.0
2026-10-09T19:49:57Z,33472,2,2,16000,2450,815,0,1,4,4,315.0
2026-10-09T19:50:13Z,33488,2,2,16000,2450,832,0,1,4,4,315.0
2026-10-09T19:50:28Z,33504,2,2,16000,2450,799,0,1,4,4,313.5
2026-10-09T19:50:44Z,33519,2,2,16000,2250,763,0,1,4,3,312.0
2026-10-09T19:51:00Z,33535,2,2,16000,2250,872,0,1,3,3,313.5
2026-10-09T19:51:15Z,33551,2,2,16000,2250,834,0,1,3,3,315.0
2026-10-09T19:51:31Z,33566,2,2,16000,2450,1090,0,1,3,4,318.0
2026-10-09T19:51:47Z,33582,2,2,16000,2450,1207,0,1,4,4,324.0
2026-10-09T19:52:02Z,33598,2,2,16000,2450,1340,0,1,4,4,324.0
2026-10-09T19:52:18Z,33613,2,2,16000,2450,1482,1,1,4,5,325.5
2026-10-09T19:52:34Z,33629,3,3,24000,2650,1792,0,1,5,5,406.5
2026-10-09T19:52:49Z,33645,3,3,24000,2650,1767,0,1,5,5,406.5
2026-10-09T19:53:05Z,33660,3,3,24000,2650,1645,0,1,5,5,405.0
2026-10-09T19:53:21Z,33676,3,3,24000,2850,1664,0,1,5,6,405.0
2026-10-09T19:53:36Z,33692,3,3,24000,2850,1480,0,1,6,6,400.5
2026-10-09T19:53:52Z,33707,3,3,24000,2850,1437,0,1,6,6,399.0
2026-10-09T19:54:08Z,33723,3,3,24000,2850,1322,0,1,6,6,397.5
2026-10-09T19:54:23Z,33739,3,3,24000,2850,1548,0,1,6,6,403.5
2026-10-09T19:54:39Z,33754,3,3,24000,2850,1589,0,1,6,6,402.0
2026-10-09T19:54:55Z,33770,3,3,24000,2850,1672,0,1,6,6,403.5
2026-10-09T19:55:11Z,33786,3,3,24000,2850,1808,0,1,6,6,406.5
2026-10-09T19:55:26Z,33802,3,3,24000,2850,1905,0,1,6,6,408.0
2026-10-09T19:55:42Z,33817,3,3,24000,3050,2052,0,1,6,7,411.0
2026-10-09T19:55:58Z,33833,3,3,24000,3050,2061,0,1,7,7,412.5
2026-10-09T19:56:13Z,33849,3,3,24000,3050,2356,0,1,7,7,418.5
2026-10-09T19:56:29Z,33864,3,3,24000,3250,2392,0,1,7,8,418.5
2026-10-09T19:56:45Z,33880,3,3,24000,3250,2495,0,1,8,8,420.0
2026-10-09T19:57:01Z,33896,3,3,24000,3250,2387,0,1,8,8,417.0
2026-10-09T19:57:16Z,33912,3,3,24000,3250,2190,0,1,8,8,414.0
2026-10-09T19:57:32Z,33927,3,3,24000,3250,1954,0,1,8,8,409.5
2026-10-09T19:57:48Z,33943,3,3,24000,3250,1721,0,1,8,8,405.0
2026-10-09T19:58:03Z,33959,3,3,24000,3250,1677,0,1,8,8,403.5
2026-10-09T19:58:19Z,33974,3,3,24000,3250,1516,0,1,8,8,400.5
2026-10-09T19:58:35Z,33990,3,3,24000,3250,1363,0,1,8,8,397.5
2026-10-09T19:58:50Z,34006,3,3,24000,3250,1360,0,1,8,8,397.5
2026-10-09T19:59:06Z,34021,3,3,24000,3250,1100,0,1,8,8,394.5
2026-10-09T19:59:22Z,34037,3,3,24000,3250,1102,0,1,8,8,393.0
2026-10-09T19:59:37Z,34053,3,3,24000,3250,968,0,1,8,8,391.5
2026-10-09T19:59:53Z,34068,3,3,24000,3250,1143,0,1,8,8,394.5
2026-10-09T20:00:08Z,34084,3,3,24000,3250,1119,0,1,8,8,393.0
2026-10-09T20:00:24Z,34099,3,3,24000,3250,1076,0,1,8,8,393.0
2026-10-09T20:00:40Z,34115,3,3,24000,3250,1095,0,1,8,8,394.5
2026-10-09T20:00:55Z,34131,3,3,24000,3250,822,0,1,8,8,388.5
2026-10-09T20:01:11Z,34146,3,3,24000,3250,821,0,1,8,8,387.0
2026-10-09T20:01:27Z,34162,3,3,24000,3250,721,0,1,8,8,387.0
2026-10-09T20:01:42Z,34178,3,3,24000,3250,566,0,1,8,8,384.0
2026-10-09T20:01:58Z,34193,3,3,24000,3250,587,0,1,8,8,382.5
2026-10-09T20:02:14Z,34209,2,2,16000,3050,433,0,1,8,7,307.5
2026-10-09T20:02:29Z,34225,2,2,16000,3050,559,0,1,7,7,309.0
2026-10-09T20:02:45Z,34240,2,2,16000,2850,592,0,1,7,6,310.5
2026-10-09T20:03:00Z,34256,2,2,16000,2850,594,0,1,6,6,310.5
2026-10-09T20:03:16Z,34271,2,2,16000,2650,508,0,1,6,5,307.5
2026-10-09T20:03:32Z,34287,2,2,16000,2650,321,0,1,5,5,304.5
2026-10-09T20:03:47Z,34303,2,2,16000,2650,415,0,1,5,5,306.0
2026-10-09T20:04:03Z,34318,2,2,16000,2450,570,0,1,5,4,309.0
2026-10-09T20:04:19Z,34334,2,2,16000,2450,568,0,1,4,4,309.0
2026-10-09T20:04:34Z,34350,2,2,16000,2450,793,0,1,4,4,313.5
2026-10-09T20:04:50Z,34365,2,2,16000,2450,831,0,1,4,4,315.0
2026-10-09T20:05:05Z,34381,2,2,16000,2450,823,0,1,4,3,315.0
2026-10-09T20:05:21Z,34396,2,2,16000,2250,847,1,1,3,3,313.5
2026-10-09T20:05:37Z,34412,2,2,16000,2250,740,0,1,3,3,313.5
2026-10-09T20:05:52Z,34428,2,2,16000,2250,827,0,1,3,3,313.5
2026-10-09T20:06:08Z,34443,2,2,16000,2250,815,0,1,3,3,313.5
2026-10-09T20:06:24Z,34459,2,2,16000,2450,1091,0,1,3,4,319.5
2026-10-09T20:06:39Z,34475,2,2,16000,2450,1124,0,1,4,4,319.5
2026-10-09T20:06:55Z,34490,2,2,16000,2450,1225,0,1,4,4,321.0
2026-10-09T20:07:11Z,34506,2,2,16000,2450,1354,0,1,4,4,324.0
2026-10-09T20:07:26Z,34522,2,2,16000,2650,1333,0,1,4,5,324.0
2026-10-09T20:07:42Z,34537,2,2,16000,2650,1683,0,1,5,5,330.0
2026-10-09T20:07:58Z,34553,2,2,16000,2850,1685,0,1,5,6,330.0
2026-10-09T20:08:13Z,34569,2,2,16000,2850,1724,0,1,6,6,331.5
2026-10-09T20:08:29Z,34584,2,2,16000,2850,1734,0,1,6,6,331.5
2026-10-09T20:08:45Z,34600,2,2,16000,2850,1491,0,1,6,6,327.0
2026-10-09T20:09:00Z,34616,2,2,16000,2850,1365,0,1,6,6,324.0
2026-10-09T20:09:16Z,34631,2,2,16000,2850,1290,0,1,6,6,322.5
2026-10-09T20:09:32Z,34647,2,2,16000,2850,1485,0,1,6,6,327.0
2026-10-09T20:09:47Z,34663,2,2,16000,2850,1671,0,1,6,6,330.0
2026-10-09T20:10:03Z,34678,2,2,16000,2850,1823,0,1,6,6,333.0
2026-10-09T20:10:19Z,34694,2,2,16000,2850,1805,0,1,6,6,333.0
2026-10-09T20:10:34Z,34710,2,2,16000,2850,1998,0,1,6,6,336.0
2026-10-09T20:10:50Z,34725,2,2,16000,2850,2085,0,1,6,6,337.5
2026-10-09T20:11:06Z,34741,2,2,16000,3250,2361,0,1,6,8,342.0
2026-10-09T20:11:22Z,34757,2,2,16000,3250,2588,0,1,8,8,346.5
2026-10-09T20:11:37Z,34773,2,2,16000,3250,2399,0,1,8,8,343.5
2026-10-09T20:11:53Z,34788,2,2,16000,3250,2356,0,1,8,8,343.5
2026-10-09T20:12:09Z,34804,2,2,16000,3250,2193,0,1,8,8,340.5
2026-10-09T20:12:24Z,34820,2,2,16000,3250,1943,0,1,8,8,334.5
2026-10-09T20:12:40Z,34835,2,2,16000,3250,2002,0,1,8,8,336.0
2026-10-09T20:12:56Z,34851,2,2,16000,3250,1662,0,1,8,8,330.0
2026-10-09T20:13:11Z,34867,2,2,16000,3250,1653,0,1,8,8,330.0
2026-10-09T20:13:27Z,34882,2,2,16000,3250,1528,0,1,8,8,327.0
2026-10-09T20:13:43Z,34898,2,2,16000,3250,1470,0,1,8,8,325.5
2026-10-09T20:13:58Z,34914,2,2,16000,3250,1467,0,1,8,8,327.0
2026-10-09T20:14:14Z,34929,2,2,16000,3250,1166,0,1,8,8,321.0
2026-10-09T20:14:30Z,34945,2,2,16000,3250,1175,0,1,8,8,321.0
2026-10-09T20:14:45Z,34961,2,2,16000,3250,1085,0,1,8,8,318.0
2026-10-09T20:15:01Z,34976,2,2,16000,3250,1138,0,1,8,8,321.0
2026-10-09T20:15:17Z,34992,2,2,16000,3250,1136,0,1,8,8,321.0
2026-10-09T20:15:32Z,35008,2,2,16000,3250,1160,0,1,8,8,319.5
2026-10-09T20:15:48Z,35023,2,2,16000,3250,912,0,1,8,8,315.0
2026-10-09T20:16:04Z,35039,2,2,16000,3250,890,0,1,8,8,315.0
2026-10-09T20:16:19Z,35055,2,2,16000,3250,780,0,1,8,8,312.0
2026-10-09T20:16:35Z,35070,2,2,16000,3250,583,0,1,8,8,309.0
2026-10-09T20:16:51Z,35086,2,2,16000,3250,573,0,1,8,7,309.0
2026-10-09T20:17:06Z,35102,2,2,16000,3050,493,0,1,7,7,307.5
2026-10-09T20:17:22Z,35117,2,2,16000,3050,592,0,1,7,7,310.5
2026-10-09T20:17:38Z,35133,2,2,16000,3050,553,0,1,7,6,309.0
2026-10-09T20:17:53Z,35149,2,2,16000,2850,581,0,1,6,6,309.0
2026-10-09T20:18:09Z,35164,2,2,16000,2850,498,0,1,6,5,309.0
2026-10-09T20:18:24Z,35180,2,2,16000,2650,333,0,1,5,5,304.5
2026-10-09T20:18:40Z,35195,2,2,16000,2650,330,0,1,5,5,304.5
2026-10-09T20:18:56Z,35211,2,2,16000,2450,398,0,1,5,4,306.0
2026-10-09T20:19:11Z,35227,2,2,16000,2450,560,0,1,4,4,309.0
2026-10-09T20:19:27Z,35242,2,2,16000,2450,576,0,1,4,4,309.0
2026-10-09T20:19:43Z,35258,2,2,16000,2450,795,0,1,4,4,313.5
2026-10-09T20:19:58Z,35274,2,2,16000,2450,848,0,1,4,4,313.5
2026-10-09T20:20:14Z,35289,2,2,16000,2450,846,0,1,4,4,315.0
2026-10-09T20:20:29Z,35305,2,2,16000,2450,873,0,1,4,4,315.0
2026-10-09T20:20:45Z,35320,2,2,16000,2250,765,0,1,4,3,312.0
2026-10-09T20:21:01Z,35336,2,2,16000,2250,919,0,1,3,3,316.5
2026-10-09T20:21:16Z,35352,2,2,16000,2250,872,0,1,3,3,315.0
2026-10-09T20:21:32Z,35367,2,2,16000,2450,1228,0,1,3,4,321.0
2026-10-09T20:21:48Z,35383,2,2,16000,2450,1319,0,1,4,4,322.5
2026-10-09T20:22:03Z,35399,2,2,16000,2450,1492,0,1,4,4,325.5
2026-10-09T20:22:19Z,35414,2,2,16000,2650,1469,0,1,4,5,327.0
2026-10-09T20:22:35Z,35430,2,2,16000,2650,1812,1,1,5,6,333.0
2026-10-09T20:22:50Z,35446,2,2,16000,2850,1837,0,1,6,6,333.0
2026-10-09T20:23:06Z,35461,2,2,16000,2850,1743,0,1,6,6,331.5
2026-10-09T20:23:22Z,35477,2,2,16000,2850,1781,0,1,6,6,331.5
2026-10-09T20:23:38Z,35493,2,2,16000,2850,1544,0,1,6,6,327.0
2026-10-09T20:23:53Z,35509,2,2,16000,2850,1424,0,1,6,6,325.5
2026-10-09T20:24:09Z,35524,2,2,16000,2850,1335,0,1,6,6,324.0
2026-10-09T20:24:24Z,35540,2,2,16000,2850,1503,0,1,6,6,327.0
2026-10-09T20:24:40Z,35555,2,2,16000,2850,1512,0,1,6,6,325.5
2026-10-09T20:24:56Z,35571,2,2,16000,2850,1606,0,1,6,6,328.5
2026-10-09T20:25:12Z,35587,2,2,16000,2850,1706,0,1,6,6,330.0
2026-10-09T20:25:27Z,35603,2,2,16000,2850,1722,0,1,6,6,330.0
2026-10-09T20:25:43Z,35618,2,2,16000,2850,2015,0,1,6,6,336.0
2026-10-09T20:25:59Z,35634,2,2,16000,2850,2018,0,1,6,6,336.0
2026-10-09T20:26:14Z,35650,2,2,16000,3050,2231,0,1,6,7,340.5
2026-10-09T20:26:30Z,35665,2,2,16000,3250,2429,0,1,7,8,343.5
2026-10-09T20:26:46Z,35681,2,2,16000,3250,2394,0,1,8,8,343.5
2026-10-09T20:27:02Z,35697,2,2,16000,3250,2303,0,1,8,8,339.0
2026-10-09T20:27:17Z,35713,2,2,16000,3250,2062,0,1,8,8,337.5
2026-10-09T20:27:33Z,35728,2,2,16000,3250,2049,0,1,8,8,336.0
2026-10-09T20:27:49Z,35744,2,2,16000,3250,1706,0,1,8,8,330.0
2026-10-09T20:28:04Z,35760,2,2,16000,3250,1687,0,1,8,8,330.0
2026-10-09T20:28:20Z,35775,2,2,16000,3250,1654,0,1,8,8,330.0
2026-10-09T20:28:36Z,35791,2,2,16000,3250,1428,0,1,8,8,325.5
2026-10-09T20:28:51Z,35807,2,2,16000,3250,1379,0,1,8,8,324.0
2026-10-09T20:29:07Z,35822,2,2,16000,3250,1141,0,1,8,8,319.5
2026-10-09T20:29:23Z,35838,2,2,16000,3250,1140,0,1,8,8,321.0
2026-10-09T20:29:38Z,35854,2,2,16000,3250,1019,0,1,8,8,318.0
2026-10-09T20:29:54Z,35869,2,2,16000,3250,1102,0,1,8,8,319.5
2026-10-09T20:30:10Z,35885,2,2,16000,3250,1135,0,1,8,8,321.0
2026-10-09T20:30:25Z,35901,2,2,16000,3250,1145,0,1,8,8,321.0
2026-10-09T20:30:41Z,35916,2,2,16000,3250,1115,0,1,8,8,319.5
2026-10-09T20:30:57Z,35932,2,2,16000,3250,854,0,1,8,8,315.0
2026-10-09T20:31:12Z,35948,2,2,16000,3250,876,0,1,8,8,315.0
2026-10-09T20:31:28Z,35963,2,2,16000,3250,782,0,1,8,8,313.5
2026-10-09T20:31:44Z,35979,2,2,16000,3250,600,0,1,8,8,309.0
2026-10-09T20:31:59Z,35995,2,2,16000,3250,592,0,1,8,8,309.0
2026-10-09T20:32:15Z,36010,2,2,16000,3050,499,0,1,8,7,307.5
2026-10-09T20:32:31Z,36026,2,2,16000,3050,588,0,1,7,7,309.0
2026-10-09T20:32:46Z,36042,2,2,16000,2850,602,0,1,7,6,310.5
2026-10-09T20:33:02Z,36057,2,2,16000,2850,521,0,1,6,6,309.0
2026-10-09T20:33:18Z,36073,2,2,16000,2850,337,0,1,6,6,306.0
2026-10-09T20:33:33Z,36089,2,2,16000,2650,345,0,1,6,5,306.0
2026-10-09T20:33:49Z,36104,2,2,16000,2650,396,0,1,5,5,306.0
2026-10-09T20:34:05Z,36120,2,2,16000,2450,626,0,1,5,4,310.5
2026-10-09T20:34:20Z,36136,2,2,16000,2450,622,0,1,4,4,310.5
2026-10-09T20:34:36Z,36151,2,2,16000,2450,813,0,1,4,4,315.0
2026-10-09T20:34:52Z,36167,2,2,16000,2450,869,0,1,4,4,315.0
2026-10-09T20:35:07Z,36183,2,2,16000,2450,847,0,1,4,4,315.0
2026-10-09T20:35:23Z,36198,2,2,16000,2450,863,0,1,4,4,315.0
2026-10-09T20:35:39Z,36214,2,2,16000,2450,782,0,1,4,4,312.0
2026-10-09T20:35:54Z,36230,2,2,16000,2450,838,0,1,4,3,313.5
2026-10-09T20:36:10Z,36245,2,2,16000,2250,887,0,1,3,3,315.0
2026-10-09T20:36:26Z,36261,2,2,16000,2450,1219,0,1,3,4,321.0
2026-10-09T20:36:41Z,36277,2,2,16000,2450,1211,0,1,4,4,321.0
2026-10-09T20:36:57Z,36292,2,2,16000,2450,1248,0,1,4,4,322.5
2026-10-09T20:37:13Z,36308,2,2,16000,2650,1468,0,1,4,5,327.0
2026-10-09T20:37:29Z,36324,2,2,16000,2650,1482,0,1,5,5,327.0
2026-10-09T20:37:45Z,36340,2,2,16000,2850,1787,0,1,5,6,333.0
2026-10-09T20:38:00Z,36356,2,2,16000,2850,1878,0,1,6,6,333.0
2026-10-09T20:38:16Z,36371,2,2,16000,2850,1809,0,1,6,6,333.0
2026-10-09T20:38:32Z,36387,2,2,16000,2850,1837,0,1,6,6,328.5
2026-10-09T20:38:47Z,36403,2,2,16000,2850,1445,0,1,6,6,325.5
2026-10-09T20:39:03Z,36418,2,2,16000,2850,1400,0,1,6,6,325.5
2026-10-09T20:39:19Z,36434,2,2,16000,2850,1513,0,1,6,6,327.0
2026-10-09T20:39:34Z,36450,2,2,16000,2850,1521,0,1,6,6,327.0
2026-10-09T20:39:50Z,36465,2,2,16000,2850,1615,0,1,6,6,328.5
2026-10-09T20:40:06Z,36481,2,2,16000,2850,1762,0,1,6,6,331.5
2026-10-09T20:40:22Z,36497,2,2,16000,2850,1807,0,1,6,6,333.0
2026-10-09T20:40:37Z,36513,2,2,16000,2850,2155,0,1,6,6,339.0
2026-10-09T20:40:53Z,36528,2,2,16000,3250,2219,0,1,6,8,340.5
2026-10-09T20:41:09Z,36544,2,2,16000,3250,2536,0,1,8,8,346.5
2026-10-09T20:41:25Z,36560,2,2,16000,3450,2642,0,1,8,9,348.0
2026-10-09T20:41:40Z,36576,2,2,16000,3450,2620,0,1,9,9,348.0
2026-10-09T20:41:56Z,36591,2,2,16000,3450,2525,0,1,9,9,345.0
2026-10-09T20:42:12Z,36607,2,2,16000,3450,2364,0,1,9,9,343.5
2026-10-09T20:42:27Z,36623,2,2,16000,3450,2072,0,1,9,9,336.0
2026-10-09T20:42:43Z,36638,2,2,16000,3450,2084,0,1,9,9,337.5
2026-10-09T20:42:59Z,36654,2,2,16000,3450,1796,0,1,9,9,331.5
2026-10-09T20:43:15Z,36670,2,2,16000,3450,1755,0,1,9,9,331.5
2026-10-09T20:43:31Z,36686,2,2,16000,3450,1625,0,1,9,9,328.5
2026-10-09T20:43:46Z,36702,2,2,16000,3450,1454,0,1,9,9,325.5
2026-10-09T20:44:02Z,36717,2,2,16000,3450,1192,0,1,9,9,321.0
2026-10-09T20:44:18Z,36733,2,2,16000,3450,1150,0,1,9,9,321.0
2026-10-09T20:44:33Z,36749,2,2,16000,3450,1064,0,1,9,9,318.0
2026-10-09T20:44:49Z,36764,2,2,16000,3450,1184,0,1,9,9,321.0
2026-10-09T20:45:05Z,36780,2,2,16000,3450,1156,0,1,9,9,319.5
2026-10-09T20:45:21Z,36796,2,2,16000,3450,1181,0,1,9,9,319.5
2026-10-09T20:45:36Z,36812,2,2,16000,3450,1180,0,1,9,9,321.0
2026-10-09T20:45:52Z,36827,2,2,16000,3450,925,0,1,9,9,315.0
2026-10-09T20:46:08Z,36843,2,2,16000,3450,918,0,1,9,9,316.5
2026-10-09T20:46:23Z,36859,2,2,16000,3450,823,0,1,9,9,313.5
2026-10-09T20:46:39Z,36874,2,2,16000,3450,597,0,1,9,8,310.5
2026-10-09T20:46:54Z,36890,2,2,16000,3250,598,0,1,8,8,309.0
2026-10-09T20:47:10Z,36906,2,2,16000,3250,517,0,1,8,8,309.0
2026-10-09T20:47:26Z,36921,2,2,16000,3250,591,0,1,8,7,309.0
2026-10-09T20:47:41Z,36937,2,2,16000,3050,583,0,1,7,7,309.0
2026-10-09T20:47:57Z,36952,2,2,16000,2850,592,0,1,7,6,309.0
2026-10-09T20:48:13Z,36968,2,2,16000,2850,529,0,1,6,6,309.0
2026-10-09T20:48:28Z,36984,2,2,16000,2650,336,0,1,6,5,304.5
2026-10-09T20:48:44Z,36999,2,2,16000,2650,330,0,1,5,5,304.5
2026-10-09T20:49:00Z,37015,2,2,16000,2450,381,0,1,5,4,306.0
2026-10-09T20:49:15Z,37031,2,2,16000,2450,601,0,1,4,4,310.5
2026-10-09T20:49:31Z,37046,2,2,16000,2450,600,0,1,4,4,309.0
2026-10-09T20:49:47Z,37062,2,2,16000,2450,806,0,1,4,4,313.5
2026-10-09T20:50:02Z,37078,2,2,16000,2450,826,0,1,4,4,313.5
2026-10-09T20:50:18Z,37093,2,2,16000,2450,846,0,1,4,4,315.0
2026-10-09T20:50:34Z,37109,2,2,16000,2450,746,0,1,4,4,312.0
2026-10-09T20:50:49Z,37125,2,2,16000,2450,919,0,1,4,4,316.5
2026-10-09T20:51:05Z,37140,2,2,16000,2450,893,0,1,4,4,315.0
2026-10-09T20:51:21Z,37156,2,2,16000,2250,1162,0,1,4,3,319.5
2026-10-09T20:51:37Z,37172,2,2,16000,2250,1151,1,1,3,4,319.5
2026-10-09T20:51:52Z,37188,2,2,16000,2450,1250,0,1,4,4,321.0
2026-10-09T20:52:08Z,37203,2,2,16000,2850,1430,0,1,4,6,325.5
2026-10-09T20:52:24Z,37219,2,2,16000,2850,1494,0,1,6,6,327.0
2026-10-09T20:52:39Z,37235,2,2,16000,2850,1750,0,1,6,6,331.5
2026-10-09T20:52:55Z,37250,2,2,16000,2850,1814,0,1,6,6,333.0
2026-10-09T20:53:11Z,37266,2,2,16000,2850,1794,0,1,6,6,331.5
2026-10-09T20:53:26Z,37282,2,2,16000,2850,1762,0,1,6,6,331.5
2026-10-09T20:53:42Z,37297,2,2,16000,2850,1591,0,1,6,6,328.5
2026-10-09T20:53:58Z,37313,2,2,16000,2850,1454,0,1,6,6,325.5
2026-10-09T20:54:13Z,37329,2,2,16000,2850,1365,0,1,6,6,325.5
2026-10-09T20:54:29Z,37344,2,2,16000,2850,1447,0,1,6,6,325.5
2026-10-09T20:54:45Z,37360,2,2,16000,2850,1501,0,1,6,6,327.0
2026-10-09T20:55:00Z,37376,2,2,16000,2850,1574,0,1,6,6,328.5
2026-10-09T20:55:16Z,37391,2,2,16000,2850,1747,0,1,6,6,331.5
2026-10-09T20:55:32Z,37407,2,2,16000,2850,1994,0,1,6,6,336.0
2026-10-09T20:55:48Z,37423,2,2,16000,2850,1962,0,1,6,6,334.5
2026-10-09T20:56:03Z,37439,2,2,16000,2850,2212,0,1,6,6,340.5
2026-10-09T20:56:19Z,37454,2,2,16000,3250,2500,0,1,6,8,345.0
2026-10-09T20:56:35Z,37470,2,2,16000,3250,2411,0,1,8,8,343.5
2026-10-09T20:56:51Z,37486,2,2,16000,3250,2270,0,1,8,8,340.5
2026-10-09T20:57:06Z,37502,2,2,16000,3250,2065,0,1,8,8,336.0
2026-10-09T20:57:22Z,37517,2,2,16000,3250,1866,0,1,8,8,333.0
2026-10-09T20:57:38Z,37533,2,2,16000,3250,1847,0,1,8,8,333.0
2026-10-09T20:57:53Z,37549,2,2,16000,3250,1600,0,1,8,8,328.5
2026-10-09T20:58:09Z,37564,2,2,16000,3250,1541,0,1,8,8,327.0
2026-10-09T20:58:24Z,37580,2,2,16000,3250,1510,0,1,8,8,327.0
2026-10-09T20:58:40Z,37595,2,2,16000,3250,1298,0,1,8,8,322.5
2026-10-09T20:58:56Z,37611,2,2,16000,3250,1303,0,1,8,8,324.0
2026-10-09T20:59:11Z,37627,2,2,16000,3250,1096,0,1,8,8,319.5
2026-10-09T20:59:27Z,37642,2,2,16000,3250,1070,0,1,8,8,318.0
2026-10-09T20:59:43Z,37658,2,2,16000,3250,994,0,1,8,8,318.0
2026-10-09T20:59:58Z,37674,2,2,16000,3250,1131,0,1,8,8,319.5
2026-10-09T21:00:14Z,37689,2,2,16000,3250,1126,0,1,8,8,319.5
2026-10-09T21:00:29Z,37705,2,2,16000,3250,1164,0,1,8,8,321.0
2026-10-09T21:00:45Z,37720,2,2,16000,3250,1125,0,1,8,8,319.5
2026-10-09T21:01:01Z,37736,2,2,16000,3250,834,0,1,8,8,313.5
2026-10-09T21:01:16Z,37752,2,2,16000,3250,838,0,1,8,8,315.0
2026-10-09T21:01:32Z,37767,2,2,16000,3250,569,0,1,8,8,309.0
2026-10-09T21:01:48Z,37783,2,2,16000,3250,546,0,1,8,8,309.0
2026-10-09T21:02:03Z,37799,2,2,16000,3050,481,0,1,8,7,307.5
2026-10-09T21:02:19Z,37814,2,2,16000,3050,549,0,1,7,7,307.5
2026-10-09T21:02:34Z,37830,2,2,16000,2850,542,0,1,7,6,307.5
2026-10-09T21:02:50Z,37845,2,2,16000,2850,532,0,1,6,6,309.0
2026-10-09T21:03:06Z,37861,2,2,16000,2850,472,0,1,6,6,306.0
2026-10-09T21:03:21Z,37877,2,2,16000,2650,311,0,1,6,5,304.5
2026-10-09T21:03:37Z,37892,2,2,16000,2650,311,0,1,5,5,304.5
2026-10-09T21:03:52Z,37908,2,2,16000,2650,346,0,1,5,4,304.5
2026-10-09T21:04:08Z,37923,2,2,16000,2450,542,0,1,4,4,309.0
2026-10-09T21:04:24Z,37939,2,2,16000,2450,552,0,1,4,4,309.0
2026-10-09T21:04:39Z,37955,2,2,16000,2450,735,0,1,4,4,312.0
2026-10-09T21:04:55Z,37970,2,2,16000,2450,793,0,1,4,4,313.5
2026-10-09T21:05:10Z,37986,2,2,16000,2450,788,0,1,4,4,313.5
2026-10-09T21:05:26Z,38001,2,2,16000,2450,807,0,1,4,4,313.5
2026-10-09T21:05:42Z,38017,2,2,16000,2450,700,0,1,4,3,312.0
2026-10-09T21:05:57Z,38033,2,2,16000,2250,838,0,1,3,3,313.5
2026-10-09T21:06:13Z,38048,2,2,16000,2250,832,0,1,3,3,313.5
2026-10-09T21:06:28Z,38064,2,2,16000,2250,986,0,1,3,3,316.5
2026-10-09T21:06:44Z,38079,2,2,16000,2450,1067,0,1,3,4,319.5
2026-10-09T21:07:00Z,38095,2,2,16000,2450,1109,0,1,4,4,318.0
2026-10-09T21:07:15Z,38111,2,2,16000,2450,1302,1,1,4,4,324.0
2026-10-09T21:07:31Z,38126,2,2,16000,2450,1282,0,1,4,4,322.5
2026-10-09T21:07:47Z,38142,2,2,16000,2650,1482,0,1,4,5,327.0
2026-10-09T21:08:02Z,38158,2,2,16000,2650,1621,0,1,5,5,328.5
2026-10-09T21:08:18Z,38173,2,2,16000,2650,1655,0,1,5,5,330.0
2026-10-09T21:08:34Z,38189,2,2,16000,2650,1494,0,1,5,5,327.0
2026-10-09T21:08:49Z,38205,2,2,16000,2650,1324,0,1,5,5,322.5
2026-10-09T21:09:05Z,38220,2,2,16000,2650,1269,0,1,5,5,322.5
2026-10-09T21:09:20Z,38236,2,2,16000,2650,1279,0,1,5,5,322.5
2026-10-09T21:09:36Z,38251,2,2,16000,2650,1296,0,1,5,5,322.5
2026-10-09T21:09:52Z,38267,2,2,16000,2650,1331,0,1,5,5,322.5
2026-10-09T21:10:07Z,38283,2,2,16000,2650,1546,0,1,5,5,327.0
2026-10-09T21:10:23Z,38298,2,2,16000,2650,1556,0,1,5,5,327.0
2026-10-09T21:10:39Z,38314,2,2,16000,2650,1728,0,1,5,5,330.0
2026-10-09T21:10:54Z,38330,2,2,16000,2850,1833,0,1,5,6,333.0
2026-10-09T21:11:10Z,38345,2,2,16000,2850,2083,0,1,6,6,339.0
2026-10-09T21:11:26Z,38361,2,2,16000,2850,2301,0,1,6,6,340.5
2026-10-09T21:11:41Z,38377,2,2,16000,3250,2270,0,1,6,8,340.5
2026-10-09T21:11:57Z,38392,2,2,16000,3250,2368,0,1,8,8,343.5
2026-10-09T21:12:13Z,38408,2,2,16000,3250,2246,0,1,8,8,342.0
2026-10-09T21:12:28Z,38424,2,2,16000,3250,1933,0,1,8,8,334.5
2026-10-09T21:12:44Z,38439,2,2,16000,3250,1882,0,1,8,8,334.5
2026-10-09T21:13:00Z,38455,2,2,16000,3250,1687,0,1,8,8,330.0
2026-10-09T21:13:15Z,38471,2,2,16000,3250,1588,0,1,8,8,327.0
2026-10-09T21:13:31Z,38486,2,2,16000,3250,1599,0,1,8,8,328.5
2026-10-09T21:13:47Z,38502,2,2,16000,3250,1365,0,1,8,8,324.0
2026-10-09T21:14:02Z,38518,2,2,16000,3250,1135,0,1,8,8,319.5
2026-10-09T21:14:18Z,38533,2,2,16000,3250,1075,0,1,8,8,318.0
2026-10-09T21:14:34Z,38549,2,2,16000,3250,1007,0,1,8,8,318.0
2026-10-09T21:14:49Z,38565,2,2,16000,3250,1118,0,1,8,8,319.5
2026-10-09T21:15:05Z,38580,2,2,16000,3250,1134,0,1,8,8,319.5
2026-10-09T21:15:21Z,38596,2,2,16000,3250,1188,0,1,8,8,321.0
2026-10-09T21:15:36Z,38612,2,2,16000,3250,1123,0,1,8,8,319.5
2026-10-09T21:15:52Z,38627,2,2,16000,3250,864,0,1,8,8,315.0
2026-10-09T21:16:07Z,38643,2,2,16000,3250,802,0,1,8,8,313.5
2026-10-09T21:16:23Z,38658,2,2,16000,3250,773,0,1,8,8,313.5
2026-10-09T21:16:39Z,38674,2,2,16000,3250,546,0,1,8,8,309.0
2026-10-09T21:16:54Z,38690,2,2,16000,3250,547,0,1,8,8,309.0
2026-10-09T21:17:10Z,38705,2,2,16000,3250,462,0,1,8,7,307.5
2026-10-09T21:17:25Z,38721,2,2,16000,3050,584,0,1,7,6,309.0
2026-10-09T21:17:41Z,38736,2,2,16000,2850,586,0,1,6,6,309.0
2026-10-09T21:17:57Z,38752,2,2,16000,2850,532,0,1,6,6,309.0
2026-10-09T21:18:12Z,38768,2,2,16000,2850,495,0,1,6,6,307.5
2026-10-09T21:18:28Z,38783,2,2,16000,2850,304,0,1,6,5,303.0
2026-10-09T21:18:43Z,38799,2,2,16000,2650,294,0,1,5,5,303.0
2026-10-09T21:18:59Z,38814,2,2,16000,2450,324,0,1,5,4,304.5
2026-10-09T21:19:15Z,38830,2,2,16000,2450,531,0,1,4,4,309.0
2026-10-09T21:19:30Z,38846,2,2,16000,2450,543,0,1,4,4,309.0
2026-10-09T21:19:46Z,38861,2,2,16000,2450,720,0,1,4,4,312.0
2026-10-09T21:20:01Z,38877,2,2,16000,2450,779,0,1,4,4,313.5
2026-10-09T21:20:17Z,38892,2,2,16000,2450,778,0,1,4,4,313.5
2026-10-09T21:20:33Z,38908,2,2,16000,2450,677,0,1,4,4,312.0
2026-10-09T21:20:48Z,38924,2,2,16000,2250,758,0,1,4,3,312.0
2026-10-09T21:21:04Z,38939,2,2,16000,2250,773,0,1,3,3,313.5
2026-10-09T21:21:19Z,38955,2,2,16000,2250,957,0,1,3,3,316.5
2026-10-09T21:21:35Z,38970,2,2,16000,2250,1031,0,1,3,3,318.0
2026-10-09T21:21:51Z,38986,2,2,16000,2450,1100,0,1,3,4,319.5
2026-10-09T21:22:06Z,39002,2,2,16000,2450,1250,0,1,4,4,322.5
2026-10-09T21:22:22Z,39017,2,2,16000,2450,1265,0,1,4,4,322.5
2026-10-09T21:22:37Z,39033,2,2,16000,2450,1492,0,1,4,4,327.0
2026-10-09T21:22:53Z,39048,2,2,16000,2450,1576,0,1,4,6,328.5
2026-10-09T21:23:09Z,39064,2,2,16000,2850,1656,0,1,6,6,328.5
2026-10-09T21:23:24Z,39080,2,2,16000,2850,1631,0,1,6,6,328.5
2026-10-09T21:23:40Z,39095,2,2,16000,2850,1513,0,1,6,6,327.0
2026-10-09T21:23:56Z,39111,2,2,16000,2850,1334,0,1,6,6,324.0
2026-10-09T21:24:11Z,39127,2,2,16000,2850,1302,0,1,6,6,324.0
2026-10-09T21:24:27Z,39142,2,2,16000,2850,1280,0,1,6,6,322.5
2026-10-09T21:24:42Z,39158,2,2,16000,2850,1423,0,1,6,6,325.5
2026-10-09T21:24:58Z,39173,2,2,16000,2850,1437,0,1,6,6,325.5
2026-10-09T21:25:14Z,39189,2,2,16000,2850,1614,0,1,6,6,330.0
2026-10-09T21:25:29Z,39205,2,2,16000,2850,1656,0,1,6,6,330.0
2026-10-09T21:25:45Z,39220,2,2,16000,2850,1849,0,1,6,6,333.0
2026-10-09T21:26:01Z,39236,2,2,16000,2850,1898,0,1,6,6,334.5
2026-10-09T21:26:16Z,39252,2,2,16000,2850,2066,0,1,6,6,337.5
2026-10-09T21:26:32Z,39267,2,2,16000,3250,2262,0,1,6,8,340.5
2026-10-09T21:26:48Z,39283,2,2,16000,3250,2165,0,1,8,8,339.0
2026-10-09T21:27:03Z,39299,2,2,16000,3250,2090,0,1,8,8,339.0
2026-10-09T21:27:19Z,39314,2,2,16000,3250,1850,0,1,8,8,333.0
2026-10-09T21:27:35Z,39330,2,2,16000,3250,1833,0,1,8,8,333.0
2026-10-09T21:27:50Z,39346,2,2,16000,3250,1669,0,1,8,8,330.0
2026-10-09T21:28:06Z,39361,2,2,16000,3250,1559,0,1,8,8,327.0
2026-10-09T21:28:21Z,39377,2,2,16000,3250,1552,0,1,8,8,327.0
2026-10-09T21:28:37Z,39392,2,2,16000,3250,1367,0,1,8,8,324.0
2026-10-09T21:28:53Z,39408,2,2,16000,3250,1320,0,1,8,8,322.5
2026-10-09T21:29:08Z,39424,2,2,16000,3250,1172,0,1,8,8,321.0
2026-10-09T21:29:24Z,39439,2,2,16000,3250,1079,0,1,8,8,319.5
2026-10-09T21:29:40Z,39455,2,2,16000,3250,1023,0,1,8,8,318.0
2026-10-09T21:29:55Z,39471,2,2,16000,3250,1155,0,1,8,8,319.5
2026-10-09T21:30:11Z,39486,2,2,16000,3250,1189,0,1,8,8,321.0
2026-10-09T21:30:26Z,39502,2,2,16000,3250,1212,0,1,8,8,321.0
2026-10-09T21:30:42Z,39517,2,2,16000,3250,1213,0,1,8,8,321.0
2026-10-09T21:30:58Z,39533,2,2,16000,3250,997,0,1,8,8,316.5
2026-10-09T21:31:13Z,39549,2,2,16000,3250,805,0,1,8,8,313.5
2026-10-09T21:31:29Z,39564,2,2,16000,3250,840,0,1,8,8,313.5
2026-10-09T21:31:44Z,39580,2,2,16000,3250,543,0,1,8,8,307.5
2026-10-09T21:32:00Z,39595,2,2,16000,3050,544,0,1,8,7,309.0
2026-10-09T21:32:16Z,39611,2,2,16000,3050,461,0,1,7,7,307.5
2026-10-09T21:32:31Z,39627,2,2,16000,2850,533,0,1,7,6,307.5
2026-10-09T21:32:47Z,39642,2,2,16000,2850,530,0,1,6,6,309.0
2026-10-09T21:33:02Z,39658,2,2,16000,2850,471,0,1,6,6,307.5
2026-10-09T21:33:18Z,39673,2,2,16000,2850,354,0,1,6,6,306.0
2026-10-09T21:33:34Z,39689,2,2,16000,2650,301,0,1,6,5,303.0
2026-10-09T21:33:49Z,39705,2,2,16000,2650,306,0,1,5,5,304.5
2026-10-09T21:34:05Z,39720,2,2,16000,2450,550,0,1,5,4,309.0
2026-10-09T21:34:21Z,39736,2,2,16000,2450,554,0,1,4,4,309.0
2026-10-09T21:34:36Z,39752,2,2,16000,2450,649,0,1,4,4,310.5
2026-10-09T21:34:52Z,39767,2,2,16000,2450,766,0,1,4,4,312.0
2026-10-09T21:35:07Z,39783,2,2,16000,2450,766,0,1,4,4,313.5
2026-10-09T21:35:23Z,39798,2,2,16000,2450,759,0,1,4,4,313.5
2026-10-09T21:35:39Z,39814,2,2,16000,2450,740,0,1,4,4,312.0
2026-10-09T21:35:54Z,39830,2,2,16000,2450,692,0,1,4,3,312.0
2026-10-09T21:36:10Z,39845,2,2,16000,2250,769,0,1,3,3,313.5
2026-10-09T21:36:25Z,39861,2,2,16000,2250,869,0,1,3,3,315.0
2026-10-09T21:36:41Z,39876,2,2,16000,2450,1052,0,1,3,4,318.0
2026-10-09T21:36:57Z,39892,2,2,16000,2450,1109,0,1,4,4,319.5
2026-10-09T21:37:12Z,39908,2,2,16000,2450,1283,0,1,4,4,322.5
2026-10-09T21:37:28Z,39923,2,2,16000,2450,1290,0,1,4,4,322.5
2026-10-09T21:37:43Z,39939,2,2,16000,2450,1386,0,1,4,4,325.5
2026-10-09T21:37:59Z,39954,2,2,16000,2850,1531,0,1,4,6,328.5
2026-10-09T21:38:15Z,39970,2,2,16000,2850,1513,0,1,6,6,327.0
2026-10-09T21:38:31Z,39986,2,2,16000,2850,1615,0,1,6,6,328.5
2026-10-09T21:38:46Z,40002,2,2,16000,2850,1556,0,1,6,6,328.5
2026-10-09T21:39:02Z,40017,2,2,16000,2850,1396,0,1,6,6,324.0
2026-10-09T21:39:17Z,40033,2,2,16000,2850,1264,0,1,6,6,322.5
2026-10-09T21:39:33Z,40048,2,2,16000,2850,1406,0,1,6,6,325.5
2026-10-09T21:39:49Z,40064,2,2,16000,2850,1392,0,1,6,6,325.5
2026-10-09T21:40:04Z,40080,2,2,16000,2850,1633,0,1,6,6,330.0
2026-10-09T21:40:20Z,40095,2,2,16000,2850,1609,0,1,6,6,328.5
2026-10-09T21:40:36Z,40111,2,2,16000,2850,1742,0,1,6,6,331.5
2026-10-09T21:40:51Z,40127,2,2,16000,2850,1837,0,1,6,6,333.0
2026-10-09T21:41:07Z,40142,2,2,16000,2850,1831,0,1,6,6,333.0
2026-10-09T21:41:23Z,40158,2,2,16000,2850,2135,0,1,6,6,339.0
2026-10-09T21:41:38Z,40174,2,2,16000,3050,2167,0,1,6,7,339.0
2026-10-09T21:41:54Z,40189,2,2,16000,3050,2229,0,1,7,7,340.5
2026-10-09T21:42:10Z,40205,2,2,16000,3050,2162,0,1,7,7,339.0
2026-10-09T21:42:25Z,40221,2,2,16000,3050,1987,0,1,7,7,336.0
2026-10-09T21:42:41Z,40236,2,2,16000,3050,1843,0,1,7,7,334.5
2026-10-09T21:42:57Z,40252,2,2,16000,3050,1767,0,1,7,7,331.5
2026-10-09T21:43:12Z,40268,2,2,16000,3050,1542,0,1,7,7,327.0
2026-10-09T21:43:28Z,40283,2,2,16000,3050,1550,0,1,7,7,327.0
2026-10-09T21:43:43Z,40299,2,2,16000,3050,1276,0,1,7,7,322.5
2026-10-09T21:43:59Z,40314,2,2,16000,3050,1277,0,1,7,7,322.5
2026-10-09T21:44:15Z,40330,2,2,16000,3050,1234,0,1,7,7,321.0
2026-10-09T21:44:30Z,40346,2,2,16000,3050,1085,0,1,7,7,318.0
2026-10-09T21:44:46Z,40361,2,2,16000,3050,1061,0,1,7,7,318.0
2026-10-09T21:45:01Z,40377,2,2,16000,3050,999,0,1,7,7,319.5
2026-10-09T21:45:17Z,40392,2,2,16000,3050,1116,0,1,7,7,319.5
2026-10-09T21:45:33Z,40408,2,2,16000,3050,1100,0,1,7,7,319.5
2026-10-09T21:45:48Z,40424,2,2,16000,3050,1046,0,1,7,7,318.0
2026-10-09T21:46:04Z,40439,2,2,16000,3050,851,0,1,7,7,315.0
2026-10-09T21:46:20Z,40455,2,2,16000,3050,828,0,1,7,7,313.5
2026-10-09T21:46:35Z,40471,2,2,16000,3050,602,0,1,7,7,310.5
2026-10-09T21:46:51Z,40486,2,2,16000,3050,598,0,1,7,7,310.5
2026-10-09T21:47:06Z,40502,2,2,16000,3050,452,0,1,7,7,306.0
2026-10-09T21:47:22Z,40517,2,2,16000,3050,532,0,1,7,7,309.0
2026-10-09T21:47:38Z,40533,2,2,16000,2850,571,0,1,7,6,309.0
2026-10-09T21:47:53Z,40549,2,2,16000,2850,565,0,1,6,6,309.0
2026-10-09T21:48:09Z,40564,2,2,16000,2850,547,0,1,6,6,309.0
2026-10-09T21:48:24Z,40580,2,2,16000,2850,413,0,1,6,5,306.0
2026-10-09T21:48:40Z,40595,2,2,16000,2650,296,0,1,5,5,303.0
2026-10-09T21:48:56Z,40611,2,2,16000,2650,314,0,1,5,4,304.5
2026-10-09T21:49:11Z,40627,2,2,16000,2450,509,0,1,4,4,307.5
2026-10-09T21:49:27Z,40642,2,2,16000,2450,544,0,1,4,4,309.0
2026-10-09T21:49:42Z,40658,2,2,16000,2450,606,0,1,4,4,310.5
2026-10-09T21:49:58Z,40673,2,2,16000,2450,757,0,1,4,4,312.0
2026-10-09T21:50:14Z,40689,2,2,16000,2450,800,0,1,4,4,313.5
2026-10-09T21:50:29Z,40705,2,2,16000,2450,801,0,1,4,4,313.5
2026-10-09T21:50:45Z,40720,2,2,16000,2450,822,0,1,4,4,315.0
2026-10-09T21:51:00Z,40736,2,2,16000,2250,739,0,1,4,3,312.0
2026-10-09T21:51:16Z,40751,2,2,16000,2250,831,0,1,3,3,315.0
2026-10-09T21:51:32Z,40767,2,2,16000,2250,1063,0,1,3,3,318.0
2026-10-09T21:51:47Z,40783,2,2,16000,2450,1056,0,1,3,4,318.0
2026-10-09T21:52:08Z,40798,2,2,16000,2450,1305,0,1,4,4,322.5
2026-10-09T21:52:24Z,40819,2,2,16000,2450,1250,0,1,4,4,322.5
2026-10-09T21:52:39Z,40835,2,2,16000,2450,1397,0,1,4,4,324.0
2026-10-09T21:52:55Z,40850,2,2,16000,2450,1520,1,1,4,5,327.0
2026-10-09T21:53:11Z,40866,2,2,16000,2650,1477,0,1,5,5,327.0
2026-10-09T21:53:26Z,40882,2,2,16000,2650,1495,0,1,5,5,327.0
2026-10-09T21:53:42Z,40897,2,2,16000,2650,1647,0,1,5,5,330.0
2026-10-09T21:53:57Z,40913,2,2,16000,2650,1294,0,1,5,5,322.5
2026-10-09T21:54:13Z,40928,2,2,16000,2650,1219,0,1,5,5,321.0
2026-10-09T21:54:29Z,40944,2,2,16000,2650,1214,0,1,5,5,321.0
2026-10-09T21:54:47Z,40960,2,2,16000,2650,1259,1,1,5,5,322.5
2026-10-09T21:55:02Z,40978,2,2,16000,2650,1278,0,1,5,5,322.5
2026-10-09T21:55:18Z,40993,2,2,16000,2650,1553,0,1,5,5,327.0
2026-10-09T21:55:34Z,41009,2,2,16000,2650,2191,0,1,5,5,340.5
2026-10-09T21:55:49Z,41025,2,2,16000,3050,1957,0,1,5,7,334.5
2026-10-09T21:56:05Z,41040,2,2,16000,3050,1981,0,1,7,7,334.5
2026-10-09T21:56:21Z,41056,2,2,16000,3050,2183,0,1,7,7,339.0
2026-10-09T21:56:36Z,41072,2,2,16000,3050,2187,0,1,7,7,339.0
2026-10-09T21:56:52Z,41087,2,2,16000,3050,1969,0,1,7,7,336.0
2026-10-09T21:57:08Z,41103,2,2,16000,3050,2302,0,1,7,7,342.0
2026-10-09T21:57:23Z,41119,2,2,16000,3050,2068,0,1,7,7,336.0
2026-10-09T21:57:39Z,41134,2,2,16000,3050,1829,0,1,7,7,333.0
2026-10-09T21:57:54Z,41150,2,2,16000,3050,1801,0,1,7,7,333.0
2026-10-09T21:58:11Z,41166,2,2,16000,3050,1559,0,1,7,7,327.0
2026-10-09T21:58:27Z,41182,2,2,16000,3050,1541,0,1,7,7,327.0
2026-10-09T21:58:42Z,41198,2,2,16000,3050,1300,0,1,7,7,322.5
2026-10-09T21:58:58Z,41213,2,2,16000,3050,1324,0,1,7,7,322.5
2026-10-09T21:59:14Z,41229,2,2,16000,3050,1227,0,1,7,7,321.0
2026-10-09T21:59:29Z,41245,2,2,16000,3050,1040,0,1,7,7,318.0
2026-10-09T21:59:45Z,41260,2,2,16000,3050,1120,0,1,7,7,319.5
2026-10-09T22:00:01Z,41276,2,2,16000,3050,991,0,1,7,7,316.5
2026-10-09T22:00:16Z,41292,2,2,16000,3050,1120,0,1,7,7,319.5
2026-10-09T22:00:32Z,41307,2,2,16000,3050,1094,0,1,7,7,318.0
2026-10-09T22:00:47Z,41323,2,2,16000,3050,968,0,1,7,7,316.5
2026-10-09T22:01:03Z,41338,2,2,16000,3050,788,0,1,7,7,312.0
2026-10-09T22:01:19Z,41354,2,2,16000,3050,812,0,1,7,7,313.5
2026-10-09T22:01:34Z,41370,2,2,16000,3050,606,0,1,7,7,310.5
2026-10-09T22:01:50Z,41385,2,2,16000,3050,562,0,1,7,7,310.5
2026-10-09T22:02:05Z,41401,2,2,16000,3050,394,0,1,7,7,304.5
2026-10-09T22:02:21Z,41416,2,2,16000,3050,507,0,1,7,7,307.5
2026-10-09T22:02:37Z,41432,2,2,16000,3050,496,0,1,7,7,307.5
2026-10-09T22:02:52Z,41448,2,2,16000,2850,547,0,1,7,6,307.5
2026-10-09T22:03:08Z,41463,2,2,16000,2850,580,0,1,6,6,309.0
2026-10-09T22:03:23Z,41479,2,2,16000,2650,392,0,1,6,5,306.0
2026-10-09T22:03:39Z,41494,2,2,16000,2650,304,0,1,5,5,304.5
2026-10-09T22:03:54Z,41510,2,2,16000,2650,313,0,1,5,5,304.5
2026-10-09T22:04:10Z,41525,2,2,16000,2650,497,0,1,5,5,307.5
2026-10-09T22:04:26Z,41541,2,2,16000,2450,565,0,1,4,4,309.0
2026-10-09T22:04:41Z,41557,2,2,16000,2450,672,0,1,4,4,310.5
2026-10-09T22:04:57Z,41572,2,2,16000,2450,762,0,1,4,4,313.5
2026-10-09T22:05:12Z,41588,2,2,16000,2450,706,0,1,4,4,312.0
2026-10-09T22:05:28Z,41603,2,2,16000,2450,787,0,1,4,4,313.5
2026-10-09T22:05:44Z,41619,2,2,16000,2450,755,0,1,4,4,312.0
2026-10-09T22:05:59Z,41635,2,2,16000,2450,645,0,1,4,3,310.5
2026-10-09T22:06:15Z,41650,2,2,16000,2250,782,0,1,3,3,312.0
2026-10-09T22:06:30Z,41666,2,2,16000,2250,842,0,1,3,3,315.0
2026-10-09T22:06:46Z,41681,2,2,16000,2250,1063,0,1,3,3,318.0
2026-10-09T22:07:02Z,41697,2,2,16000,2450,1046,0,1,3,4,322.5
2026-10-09T22:07:17Z,41713,2,2,16000,2450,1312,0,1,4,4,322.5
2026-10-09T22:07:33Z,41728,2,2,16000,2450,1401,0,1,4,4,324.0
2026-10-09T22:07:48Z,41744,2,2,16000,2450,1518,0,1,4,4,327.0
2026-10-09T22:08:04Z,41759,2,2,16000,2850,1657,0,1,4,6,330.0
2026-10-09T22:08:20Z,41775,2,2,16000,2850,1658,0,1,6,6,330.0
2026-10-09T22:08:35Z,41791,2,2,16000,2850,1656,0,1,6,6,328.5
2026-10-09T22:08:51Z,41806,2,2,16000,2850,1369,0,1,6,6,324.0
2026-10-09T22:09:07Z,41822,2,2,16000,2850,1386,0,1,6,6,324.0
2026-10-09T22:09:22Z,41838,2,2,16000,2850,1367,0,1,6,6,324.0
2026-10-09T22:09:38Z,41853,2,2,16000,2850,1288,0,1,6,6,324.0
2026-10-09T22:09:54Z,41869,2,2,16000,2850,1415,0,1,6,6,325.5
2026-10-09T22:10:09Z,41885,2,2,16000,2850,1527,0,1,6,6,327.0
2026-10-09T22:10:25Z,41900,2,2,16000,2850,1544,0,1,6,6,328.5
2026-10-09T22:10:40Z,41916,2,2,16000,2850,1642,0,1,6,6,328.5
2026-10-09T22:10:56Z,41931,2,2,16000,2850,1861,0,1,6,6,333.0
2026-10-09T22:11:12Z,41947,2,2,16000,2850,1844,0,1,6,6,333.0
2026-10-09T22:11:27Z,41963,2,2,16000,2850,2071,0,1,6,6,337.5
2026-10-09T22:11:43Z,41978,2,2,16000,3050,2175,0,1,6,7,339.0
2026-10-09T22:11:59Z,41994,2,2,16000,3050,2147,0,1,7,7,339.0
2026-10-09T22:12:14Z,42010,2,2,16000,3050,2215,0,1,7,7,340.5
2026-10-09T22:12:30Z,42025,2,2,16000,3050,1997,0,1,7,7,336.0
2026-10-09T22:12:46Z,42041,2,2,16000,3050,1830,0,1,7,7,333.0
2026-10-09T22:13:01Z,42057,2,2,16000,3050,1762,0,1,7,7,331.5
2026-10-09T22:13:17Z,42072,2,2,16000,3050,1536,0,1,7,7,327.0
2026-10-09T22:13:32Z,42088,2,2,16000,3050,1271,0,1,7,7,322.5
2026-10-09T22:13:48Z,42103,2,2,16000,3050,1245,0,1,7,7,321.0
2026-10-09T22:14:04Z,42119,2,2,16000,3050,1194,0,1,7,7,321.0
2026-10-09T22:14:19Z,42135,2,2,16000,3050,1033,0,1,7,7,318.0
2026-10-09T22:14:35Z,42150,2,2,16000,3050,1008,0,1,7,7,318.0
2026-10-09T22:14:51Z,42166,2,2,16000,3050,950,0,1,7,7,316.5
2026-10-09T22:15:06Z,42182,2,2,16000,3050,1116,0,1,7,7,319.5
2026-10-09T22:15:22Z,42197,2,2,16000,3050,1168,0,1,7,7,319.5
2026-10-09T22:15:37Z,42213,2,2,16000,3050,1212,0,1,7,7,321.0
2026-10-09T22:15:53Z,42228,2,2,16000,3050,1118,0,1,7,7,319.5
2026-10-09T22:16:09Z,42244,2,2,16000,3050,854,0,1,7,7,313.5
2026-10-09T22:16:24Z,42260,2,2,16000,3050,798,0,1,7,7,313.5
2026-10-09T22:16:40Z,42275,2,2,16000,3050,613,0,1,7,7,309.0
2026-10-09T22:16:55Z,42291,2,2,16000,3050,537,0,1,7,7,309.0
2026-10-09T22:17:11Z,42306,2,2,16000,3050,456,0,1,7,7,307.5
2026-10-09T22:17:27Z,42322,2,2,16000,3050,469,0,1,7,6,307.5
2026-10-09T22:17:42Z,42338,2,2,16000,2850,544,0,1,6,6,307.5
2026-10-09T22:17:58Z,42353,2,2,16000,2850,548,0,1,6,6,309.0
2026-10-09T22:18:13Z,42369,2,2,16000,2850,491,0,1,6,6,307.5
2026-10-09T22:18:29Z,42384,2,2,16000,2850,443,0,1,6,5,307.5
2026-10-09T22:18:44Z,42400,2,2,16000,2650,306,0,1,5,5,303.0
2026-10-09T22:19:00Z,42415,2,2,16000,2650,312,0,1,5,4,304.5
2026-10-09T22:19:16Z,42431,2,2,16000,2450,435,0,1,4,4,307.5
2026-10-09T22:19:31Z,42447,2,2,16000,2450,513,0,1,4,4,309.0
2026-10-09T22:19:47Z,42462,2,2,16000,2450,781,0,1,4,4,313.5
2026-10-09T22:20:02Z,42478,2,2,16000,2450,741,0,1,4,4,313.5
2026-10-09T22:20:18Z,42493,2,2,16000,2450,789,0,1,4,4,312.0
2026-10-09T22:20:34Z,42509,2,2,16000,2450,781,0,1,4,4,313.5
2026-10-09T22:20:49Z,42525,2,2,16000,2450,657,0,1,4,4,312.0
2026-10-09T22:21:05Z,42540,2,2,16000,2250,771,0,1,4,3,313.5
2026-10-09T22:21:20Z,42556,2,2,16000,2250,875,0,1,3,3,315.0
2026-10-09T22:21:36Z,42571,2,2,16000,2250,1111,0,1,3,3,319.5
2026-10-09T22:21:52Z,42587,2,2,16000,2450,1151,0,1,3,4,319.5
2026-10-09T22:22:07Z,42603,2,2,16000,2450,1313,0,1,4,4,324.0
2026-10-09T22:22:23Z,42618,2,2,16000,2450,1346,0,1,4,4,324.0
2026-10-09T22:22:38Z,42634,2,2,16000,2450,1365,0,1,4,4,324.0
2026-10-09T22:22:54Z,42650,2,2,16000,2450,1637,0,1,4,4,328.5
2026-10-09T22:23:10Z,42665,2,2,16000,2650,1635,0,1,4,5,328.5
2026-10-09T22:23:25Z,42681,2,2,16000,2650,1612,0,1,5,5,328.5
2026-10-09T22:23:41Z,42696,2,2,16000,2850,1637,0,1,5,6,330.0
2026-10-09T22:23:57Z,42712,2,2,16000,2850,1461,0,1,6,6,327.0
2026-10-09T22:24:12Z,42728,2,2,16000,2850,1350,0,1,6,6,324.0
2026-10-09T22:24:28Z,42743,2,2,16000,2850,1268,0,1,6,6,322.5
2026-10-09T22:24:43Z,42759,2,2,16000,2850,1344,0,1,6,6,324.0
2026-10-09T22:24:59Z,42774,2,2,16000,2850,1378,0,1,6,6,324.0
2026-10-09T22:25:15Z,42790,2,2,16000,2850,1530,0,1,6,6,327.0
2026-10-09T22:25:30Z,42806,2,2,16000,2850,1684,0,1,6,6,330.0
2026-10-09T22:25:46Z,42821,2,2,16000,2850,1818,0,1,6,6,333.0
2026-10-09T22:26:02Z,42837,2,2,16000,2850,1910,0,1,6,6,334.5
2026-10-09T22:26:17Z,42853,2,2,16000,2850,2205,0,1,6,6,340.5
2026-10-09T22:26:33Z,42868,2,2,16000,3250,2280,0,1,6,8,342.0
2026-10-09T22:26:49Z,42884,2,2,16000,3250,2275,0,1,8,8,342.0
2026-10-09T22:27:04Z,42900,2,2,16000,3250,2231,0,1,8,8,340.5
2026-10-09T22:27:20Z,42915,2,2,16000,3250,2028,0,1,8,8,336.0
2026-10-09T22:27:36Z,42931,2,2,16000,3250,1827,0,1,8,8,333.0
2026-10-09T22:27:51Z,42947,2,2,16000,3250,1788,0,1,8,8,331.5
2026-10-09T22:28:07Z,42962,2,2,16000,3250,1567,0,1,8,8,327.0
2026-10-09T22:28:23Z,42978,2,2,16000,3250,1647,0,1,8,8,328.5
2026-10-09T22:28:38Z,42994,2,2,16000,3250,1378,0,1,8,8,324.0
2026-10-09T22:28:54Z,43009,2,2,16000,3250,1316,0,1,8,8,322.5
2026-10-09T22:29:10Z,43025,2,2,16000,3250,1231,0,1,8,8,321.0
2026-10-09T22:29:26Z,43041,2,2,16000,3250,1036,0,1,8,8,318.0
2026-10-09T22:29:42Z,43057,2,2,16000,3250,1093,0,1,8,8,318.0
2026-10-09T22:29:58Z,43073,2,2,16000,3250,886,0,1,8,8,315.0
2026-10-09T22:30:13Z,43089,2,2,16000,3250,961,0,1,8,8,316.5
2026-10-09T22:30:29Z,43104,2,2,16000,3250,996,0,1,8,8,318.0
2026-10-09T22:30:44Z,43120,2,2,16000,3250,1023,0,1,8,8,318.0
2026-10-09T22:31:00Z,43135,2,2,16000,3250,964,0,1,8,8,316.5
2026-10-09T22:31:16Z,43151,2,2,16000,3250,759,0,1,8,8,313.5
2026-10-09T22:31:31Z,43167,2,2,16000,3250,775,0,1,8,8,312.0
2026-10-09T22:31:47Z,43182,2,2,16000,3250,515,0,1,8,8,307.5
2026-10-09T22:32:02Z,43198,2,2,16000,3250,454,0,1,8,7,307.5
2026-10-09T22:32:18Z,43213,2,2,16000,3050,557,0,1,7,7,307.5
2026-10-09T22:32:34Z,43229,2,2,16000,3050,539,0,1,7,7,309.0
2026-10-09T22:32:49Z,43245,2,2,16000,2850,530,0,1,7,6,309.0
2026-10-09T22:33:05Z,43260,2,2,16000,2850,582,0,1,6,6,309.0
2026-10-09T22:33:20Z,43276,2,2,16000,2650,457,0,1,6,5,307.5
2026-10-09T22:33:36Z,43291,2,2,16000,2650,303,0,1,5,5,304.5
2026-10-09T22:33:51Z,43307,2,2,16000,2650,300,0,1,5,5,304.5
2026-10-09T22:34:07Z,43322,2,2,16000,2450,417,0,1,5,4,307.5
2026-10-09T22:34:23Z,43338,2,2,16000,2450,554,0,1,4,4,309.0
2026-10-09T22:34:38Z,43354,2,2,16000,2450,562,0,1,4,4,309.0
2026-10-09T22:34:54Z,43369,2,2,16000,2450,747,0,1,4,4,313.5
2026-10-09T22:35:09Z,43385,2,2,16000,2450,756,0,1,4,4,312.0
2026-10-09T22:35:25Z,43400,2,2,16000,2450,740,0,1,4,4,313.5
2026-10-09T22:35:41Z,43416,2,2,16000,2450,726,0,1,4,4,312.0
2026-10-09T22:35:56Z,43432,2,2,16000,2450,654,0,1,4,4,310.5
2026-10-09T22:36:12Z,43447,2,2,16000,2250,783,0,1,4,3,313.5
2026-10-09T22:36:27Z,43463,2,2,16000,2250,821,0,1,3,3,313.5
2026-10-09T22:36:43Z,43478,2,2,16000,2250,992,0,1,3,3,316.5
2026-10-09T22:36:59Z,43494,2,2,16000,2250,1002,0,1,3,3,316.5
2026-10-09T22:37:14Z,43510,2,2,16000,2450,1116,0,1,3,4,319.5
2026-10-09T22:37:30Z,43525,2,2,16000,2450,1283,0,1,4,4,322.5
2026-10-09T22:37:45Z,43541,2,2,16000,2450,1383,0,1,4,4,324.0
2026-10-09T22:38:01Z,43556,2,2,16000,2850,1555,0,1,4,6,328.5
2026-10-09T22:38:17Z,43572,2,2,16000,2850,1497,0,1,6,6,328.5
2026-10-09T22:38:32Z,43588,2,2,16000,2850,1573,0,1,6,6,328.5
2026-10-09T22:38:48Z,43603,2,2,16000,2850,1272,0,1,6,6,322.5
2026-10-09T22:39:04Z,43619,2,2,16000,2850,1300,0,1,6,6,322.5
2026-10-09T22:39:19Z,43635,2,2,16000,2850,1180,0,1,6,6,321.0
2026-10-09T22:39:35Z,43650,2,2,16000,2850,1205,0,1,6,6,321.0
2026-10-09T22:39:50Z,43666,2,2,16000,2850,1280,0,1,6,6,322.5
2026-10-09T22:40:06Z,43681,2,2,16000,2850,1446,0,1,6,6,327.0
2026-10-09T22:40:22Z,43697,2,2,16000,2850,1569,0,1,6,6,327.0
2026-10-09T22:40:37Z,43713,2,2,16000,2850,1590,0,1,6,6,328.5
2026-10-09T22:40:53Z,43728,2,2,16000,2850,1809,0,1,6,6,333.0
2026-10-09T22:41:09Z,43744,2,2,16000,2850,1834,0,1,6,6,333.0
2026-10-09T22:41:24Z,43760,2,2,16000,2850,2035,0,1,6,6,336.0
2026-10-09T22:41:40Z,43775,2,2,16000,2850,2142,0,1,6,6,337.5
2026-10-09T22:41:55Z,43791,2,2,16000,3050,2154,0,1,6,7,339.0
2026-10-09T22:42:11Z,43806,2,2,16000,3050,2164,0,1,7,7,339.0
2026-10-09T22:42:27Z,43822,2,2,16000,3050,2027,0,1,7,7,337.5
2026-10-09T22:42:42Z,43838,2,2,16000,3050,1830,0,1,7,7,333.0
2026-10-09T22:42:58Z,43853,2,2,16000,3050,1816,0,1,7,7,333.0
2026-10-09T22:43:14Z,43869,2,2,16000,3050,1645,0,1,7,7,330.0
2026-10-09T22:43:29Z,43885,2,2,16000,3050,1668,0,1,7,7,330.0
2026-10-09T22:43:45Z,43900,2,2,16000,3050,1445,0,1,7,7,325.5
2026-10-09T22:44:01Z,43916,2,2,16000,3050,1301,0,1,7,7,322.5
2026-10-09T22:44:16Z,43932,2,2,16000,3050,1402,0,1,7,7,325.5
2026-10-09T22:44:32Z,43947,2,2,16000,3050,1152,0,1,7,7,319.5
2026-10-09T22:44:48Z,43963,2,2,16000,3050,1018,0,1,7,7,316.5
2026-10-09T22:45:03Z,43979,2,2,16000,3050,1125,0,1,7,7,319.5
2026-10-09T22:45:19Z,43994,2,2,16000,3050,1157,0,1,7,7,321.0
2026-10-09T22:45:34Z,44010,2,2,16000,3050,1169,0,1,7,7,321.0
2026-10-09T22:45:50Z,44025,2,2,16000,3050,1169,0,1,7,7,321.0
2026-10-09T22:46:06Z,44041,2,2,16000,3050,864,0,1,7,7,313.5
2026-10-09T22:46:21Z,44057,2,2,16000,3050,828,0,1,7,7,313.5
2026-10-09T22:46:37Z,44072,2,2,16000,3050,629,0,1,7,7,310.5
2026-10-09T22:46:52Z,44088,2,2,16000,3050,565,0,1,7,7,309.0
2026-10-09T22:47:08Z,44104,2,2,16000,3050,499,0,1,7,7,307.5
2026-10-09T22:47:24Z,44119,2,2,16000,3050,477,0,1,7,7,306.0
2026-10-09T22:47:39Z,44135,2,2,16000,3050,519,0,1,7,7,309.0
2026-10-09T22:47:55Z,44150,2,2,16000,2850,532,0,1,7,6,307.5
2026-10-09T22:48:10Z,44166,2,2,16000,2850,534,0,1,6,6,309.0
2026-10-09T22:48:26Z,44181,2,2,16000,2850,478,0,1,6,6,306.0
2026-10-09T22:48:42Z,44197,2,2,16000,2650,292,0,1,6,5,303.0
2026-10-09T22:48:57Z,44213,2,2,16000,2650,305,0,1,5,5,303.0
2026-10-09T22:49:13Z,44228,2,2,16000,2650,435,0,1,5,5,306.0
2026-10-09T22:49:28Z,44244,2,2,16000,2450,541,0,1,5,4,307.5
2026-10-09T22:49:44Z,44259,2,2,16000,2450,602,0,1,4,4,310.5
2026-10-09T22:50:00Z,44275,2,2,16000,2450,767,0,1,4,4,313.5
2026-10-09T22:50:15Z,44291,2,2,16000,2450,747,0,1,4,4,313.5
2026-10-09T22:50:31Z,44306,2,2,16000,2450,764,0,1,4,4,312.0
2026-10-09T22:50:46Z,44322,2,2,16000,2450,723,0,1,4,4,312.0
2026-10-09T22:51:02Z,44337,2,2,16000,2450,852,0,1,4,3,315.0
2026-10-09T22:51:18Z,44353,2,2,16000,2250,887,0,1,3,3,315.0
2026-10-09T22:51:33Z,44369,2,2,16000,2250,1012,0,1,3,3,316.5
2026-10-09T22:51:49Z,44384,2,2,16000,2250,1074,1,1,3,3,319.5
2026-10-09T22:52:04Z,44400,2,2,16000,2450,1182,0,1,3,4,321.0
2026-10-09T22:52:20Z,44415,2,2,16000,2450,1317,0,1,4,4,322.5
2026-10-09T22:52:36Z,44431,2,2,16000,2450,1387,0,1,4,4,325.5
2026-10-09T22:52:51Z,44447,2,2,16000,2450,1649,0,1,4,4,330.0
2026-10-09T22:53:07Z,44462,2,2,16000,2650,1565,0,1,4,5,328.5
2026-10-09T22:53:23Z,44478,2,2,16000,2650,1682,0,1,5,5,330.0
2026-10-09T22:53:38Z,44494,2,2,16000,2650,1604,0,1,5,5,330.0
2026-10-09T22:53:54Z,44509,2,2,16000,2650,1382,0,1,5,5,324.0
2026-10-09T22:54:09Z,44525,2,2,16000,2650,1304,0,1,5,5,322.5
2026-10-09T22:54:25Z,44540,2,2,16000,2650,1200,0,1,5,5,321.0
2026-10-09T22:54:41Z,44556,2,2,16000,2650,1283,0,1,5,5,322.5
2026-10-09T22:54:56Z,44572,2,2,16000,2650,1374,0,1,5,5,324.0
2026-10-09T22:55:12Z,44587,2,2,16000,2650,1590,0,1,5,5,328.5
2026-10-09T22:55:28Z,44603,2,2,16000,2650,1726,0,1,5,5,330.0
2026-10-09T22:55:43Z,44619,2,2,16000,2850,1716,0,1,5,6,330.0
2026-10-09T22:55:59Z,44634,2,2,16000,2850,1992,0,1,6,6,336.0
2026-10-09T22:56:14Z,44650,2,2,16000,3050,1901,0,1,7,7,334.5
2026-10-09T22:56:30Z,44665,2,2,16000,3050,2135,0,1,7,7,339.0
2026-10-09T22:56:46Z,44681,2,2,16000,3050,2181,0,1,7,7,339.0
2026-10-09T22:57:01Z,44697,2,2,16000,3050,2122,0,1,7,7,339.0
2026-10-09T22:57:17Z,44712,2,2,16000,3050,2026,0,1,7,7,337.5
2026-10-09T22:57:33Z,44728,2,2,16000,3050,1870,0,1,7,7,334.5
2026-10-09T22:57:48Z,44744,2,2,16000,3050,1757,0,1,7,7,331.5
2026-10-09T22:58:04Z,44759,2,2,16000,3050,1595,0,1,7,7,328.5
2026-10-09T22:58:20Z,44775,2,2,16000,3050,1653,0,1,7,7,330.0
2026-10-09T22:58:35Z,44791,2,2,16000,3050,1377,0,1,7,7,324.0
2026-10-09T22:58:51Z,44806,2,2,16000,3050,1291,0,1,7,7,322.5
2026-10-09T22:59:06Z,44822,2,2,16000,3050,1221,0,1,7,7,321.0
2026-10-09T22:59:22Z,44837,2,2,16000,3050,976,0,1,7,7,316.5
2026-10-09T22:59:38Z,44853,2,2,16000,3050,1039,1,1,7,7,318.0
2026-10-09T22:59:53Z,44869,2,2,16000,3050,866,0,1,7,7,315.0
2026-10-09T23:00:09Z,44884,2,2,16000,3050,994,0,1,7,7,316.5
2026-10-09T23:00:24Z,44900,2,2,16000,3050,993,0,1,7,7,316.5
2026-10-09T23:00:40Z,44915,2,2,16000,3050,1028,0,1,7,7,318.0
2026-10-09T23:00:56Z,44931,2,2,16000,3050,932,0,1,7,7,316.5
2026-10-09T23:01:11Z,44947,2,2,16000,3050,802,0,1,7,7,313.5
2026-10-09T23:01:27Z,44962,2,2,16000,3050,795,0,1,7,7,313.5
2026-10-09T23:01:42Z,44978,2,2,16000,3050,616,0,1,7,7,309.0
2026-10-09T23:01:58Z,44993,2,2,16000,3050,559,0,1,7,7,309.0
2026-10-09T23:02:14Z,45009,2,2,16000,3050,515,0,1,7,7,307.5
2026-10-09T23:02:29Z,45025,2,2,16000,3050,484,0,1,7,7,307.5
2026-10-09T23:02:45Z,45040,2,2,16000,3050,529,0,1,7,6,307.5
2026-10-09T23:03:00Z,45056,2,2,16000,2850,542,0,1,6,6,309.0
2026-10-09T23:03:16Z,45071,2,2,16000,2850,573,0,1,6,6,310.5
2026-10-09T23:03:32Z,45087,2,2,16000,2850,486,0,1,6,5,303.0
2026-10-09T23:03:47Z,45103,2,2,16000,2650,306,0,1,5,5,304.5
2026-10-09T23:04:03Z,45118,2,2,16000,2650,420,0,1,5,5,306.0
2026-10-09T23:04:18Z,45134,2,2,16000,2650,548,0,1,5,4,307.5
2026-10-09T23:04:34Z,45149,2,2,16000,2450,548,0,1,4,4,309.0
2026-10-09T23:04:49Z,45165,2,2,16000,2450,781,0,1,4,4,312.0
2026-10-09T23:05:05Z,45180,2,2,16000,2450,729,0,1,4,4,312.0
2026-10-09T23:05:21Z,45196,2,2,16000,2450,785,0,1,4,4,313.5
2026-10-09T23:05:36Z,45212,2,2,16000,2450,756,0,1,4,4,312.0
2026-10-09T23:05:52Z,45227,2,2,16000,2450,653,0,1,4,4,310.5
2026-10-09T23:06:07Z,45243,2,2,16000,2250,741,0,1,4,3,313.5
2026-10-09T23:06:23Z,45258,2,2,16000,2250,870,0,1,3,3,315.0
2026-10-09T23:06:39Z,45274,2,2,16000,2250,912,0,1,3,3,315.0
2026-10-09T23:06:54Z,45290,2,2,16000,2250,965,0,1,3,3,316.5
2026-10-09T23:07:10Z,45305,2,2,16000,2250,1115,0,1,3,3,319.5
2026-10-09T23:07:25Z,45321,2,2,16000,2450,1261,0,1,3,4,322.5
2026-10-09T23:07:41Z,45336,2,2,16000,2450,1354,0,1,4,4,324.0
2026-10-09T23:07:57Z,45352,2,2,16000,2450,1527,0,1,4,4,327.0
2026-10-09T23:08:12Z,45368,2,2,16000,2650,1503,0,1,4,5,327.0
2026-10-09T23:08:28Z,45383,2,2,16000,2650,1546,0,1,5,5,328.5
2026-10-09T23:08:43Z,45399,2,2,16000,2650,1548,0,1,5,5,328.5
2026-10-09T23:08:59Z,45414,2,2,16000,2650,1325,0,1,5,5,322.5
2026-10-09T23:09:15Z,45430,2,2,16000,2650,1246,0,1,5,5,321.0
2026-10-09T23:09:30Z,45446,2,2,16000,2650,1256,0,1,5,5,322.5
2026-10-09T23:09:46Z,45461,2,2,16000,2650,1266,0,1,5,5,322.5
2026-10-09T23:10:01Z,45477,2,2,16000,2650,1332,0,1,5,5,325.5
2026-10-09T23:10:17Z,45492,2,2,16000,2650,1683,0,1,5,5,330.0
2026-10-09T23:10:33Z,45508,2,2,16000,2650,1710,0,1,5,5,331.5
2026-10-09T23:10:48Z,45524,2,2,16000,2650,2033,0,1,5,5,337.5
2026-10-09T23:11:04Z,45539,2,2,16000,3050,1990,0,1,5,7,336.0
2026-10-09T23:11:20Z,45555,2,2,16000,3050,2222,0,1,7,7,340.5
2026-10-09T23:11:35Z,45571,2,2,16000,3050,2163,0,1,7,7,339.0
2026-10-09T23:11:51Z,45586,2,2,16000,3050,2242,0,1,7,7,340.5
2026-10-09T23:12:07Z,45602,2,2,16000,3050,2136,0,1,7,7,339.0
2026-10-09T23:12:22Z,45618,2,2,16000,3050,2073,0,1,7,7,337.5
2026-10-09T23:12:38Z,45633,2,2,16000,3050,1952,0,1,7,7,334.5
2026-10-09T23:12:54Z,45649,2,2,16000,3050,1990,0,1,7,7,336.0
2026-10-09T23:13:09Z,45665,2,2,16000,3050,1613,0,1,7,7,328.5
2026-10-09T23:13:25Z,45680,2,2,16000,3050,1734,0,1,7,7,331.5
2026-10-09T23:13:41Z,45696,2,2,16000,3050,1520,0,1,7,7,328.5
2026-10-09T23:13:56Z,45712,2,2,16000,3050,1494,0,1,7,7,327.0
2026-10-09T23:14:12Z,45727,2,2,16000,3050,1323,0,1,7,7,324.0
2026-10-09T23:14:28Z,45743,2,2,16000,3050,1122,0,1,7,7,319.5
2026-10-09T23:14:43Z,45759,2,2,16000,3050,1089,0,1,7,7,319.5
2026-10-09T23:14:59Z,45774,2,2,16000,3050,962,0,1,7,7,316.5
2026-10-09T23:15:14Z,45790,2,2,16000,3050,1036,0,1,7,7,318.0
2026-10-09T23:15:30Z,45805,2,2,16000,3050,1170,0,1,7,7,321.0
2026-10-09T23:15:46Z,45821,2,2,16000,3050,1179,0,1,7,7,321.0
2026-10-09T23:16:01Z,45837,2,2,16000,3050,1216,0,1,7,7,321.0
2026-10-09T23:16:17Z,45852,2,2,16000,3050,865,0,1,7,7,315.0
2026-10-09T23:16:33Z,45868,2,2,16000,3050,650,0,1,7,7,310.5
2026-10-09T23:16:48Z,45884,2,2,16000,3050,541,0,1,7,7,307.5
2026-10-09T23:17:04Z,45899,2,2,16000,3050,513,0,1,7,7,307.5
2026-10-09T23:17:19Z,45915,2,2,16000,3050,470,0,1,7,7,307.5
2026-10-09T23:17:35Z,45930,2,2,16000,3050,536,0,1,7,7,309.0
2026-10-09T23:17:51Z,45946,2,2,16000,3050,516,0,1,7,7,307.5
2026-10-09T23:18:06Z,45962,2,2,16000,2850,524,0,1,7,6,307.5
2026-10-09T23:18:22Z,45977,2,2,16000,2850,479,0,1,6,6,307.5
2026-10-09T23:18:37Z,45993,2,2,16000,2850,286,0,1,6,6,303.0
2026-10-09T23:18:53Z,46008,2,2,16000,2650,324,0,1,6,5,304.5
2026-10-09T23:19:08Z,46024,2,2,16000,2650,400,0,1,5,5,306.0
2026-10-09T23:19:24Z,46039,2,2,16000,2450,539,0,1,5,4,309.0
2026-10-09T23:19:40Z,46055,2,2,16000,2450,608,0,1,4,4,309.0
2026-10-09T23:19:55Z,46071,2,2,16000,2450,765,0,1,4,4,312.0
2026-10-09T23:20:11Z,46086,2,2,16000,2450,743,0,1,4,4,312.0
2026-10-09T23:20:26Z,46102,2,2,16000,2450,783,0,1,4,4,313.5
2026-10-09T23:20:42Z,46117,2,2,16000,2450,755,0,1,4,4,312.0
2026-10-09T23:20:58Z,46133,2,2,16000,2450,653,0,1,4,4,310.5
2026-10-09T23:21:13Z,46149,2,2,16000,2450,744,0,1,4,4,312.0
2026-10-09T23:21:29Z,46164,2,2,16000,2250,761,0,1,4,3,313.5
2026-10-09T23:21:44Z,46180,2,2,16000,2250,995,0,1,3,3,316.5
2026-10-09T23:22:00Z,46195,2,2,16000,2250,934,0,1,3,3,316.5
2026-10-09T23:22:16Z,46211,2,2,16000,2250,1132,0,1,3,4,319.5
2026-10-09T23:22:31Z,46227,2,2,16000,2450,1238,0,1,4,4,321.0
2026-10-09T23:22:47Z,46242,2,2,16000,2450,1545,0,1,4,4,328.5
2026-10-09T23:23:02Z,46258,2,2,16000,2650,1527,0,1,4,5,327.0
2026-10-09T23:23:18Z,46274,2,2,16000,2650,1605,0,1,5,5,328.5
2026-10-09T23:23:34Z,46289,2,2,16000,2650,1544,0,1,5,5,327.0
2026-10-09T23:23:49Z,46305,2,2,16000,2650,1388,0,1,5,5,324.0
2026-10-09T23:24:05Z,46320,2,2,16000,2650,1322,0,1,5,5,324.0
2026-10-09T23:24:21Z,46336,2,2,16000,2650,1374,0,1,5,5,324.0
2026-10-09T23:24:36Z,46352,2,2,16000,2650,1233,0,1,5,5,322.5
2026-10-09T23:24:52Z,46367,2,2,16000,2650,1338,0,1,5,5,324.0
2026-10-09T23:25:08Z,46383,2,2,16000,2650,1432,0,1,5,5,325.5
2026-10-09T23:25:23Z,46399,2,2,16000,2650,1592,0,1,5,5,328.5
2026-10-09T23:25:39Z,46414,2,2,16000,2650,1601,0,1,5,5,328.5
2026-10-09T23:25:54Z,46430,2,2,16000,2650,1932,0,1,5,5,334.5
2026-10-09T23:26:10Z,46445,2,2,16000,2850,1977,0,1,5,6,334.5
2026-10-09T23:26:26Z,46461,2,2,16000,2850,2113,0,1,6,6,339.0
2026-10-09T23:26:41Z,46477,2,2,16000,2850,2236,0,1,6,6,340.5
2026-10-09T23:26:57Z,46492,2,2,16000,2850,2085,0,1,6,6,337.5
2026-10-09T23:27:13Z,46508,2,2,16000,3250,2185,0,1,6,8,340.5
2026-10-09T23:27:29Z,46524,2,2,16000,3250,2309,0,1,8,8,342.0
2026-10-09T23:27:44Z,46540,2,2,16000,3250,2024,0,1,8,8,337.5
2026-10-09T23:28:00Z,46555,2,2,16000,3250,1986,0,1,8,8,336.0
2026-10-09T23:28:15Z,46571,2,2,16000,3250,1716,0,1,8,8,331.5
2026-10-09T23:28:31Z,46586,2,2,16000,3250,1595,0,1,8,8,328.5
2026-10-09T23:28:47Z,46602,2,2,16000,3250,1427,0,1,8,8,325.5
2026-10-09T23:29:02Z,46618,2,2,16000,3250,1361,0,1,8,8,324.0
2026-10-09T23:29:18Z,46633,2,2,16000,3250,1106,0,1,8,8,319.5
2026-10-09T23:29:34Z,46649,2,2,16000,3250,1072,0,1,8,8,319.5
2026-10-09T23:29:49Z,46665,2,2,16000,3250,1028,0,1,8,8,318.0
2026-10-09T23:30:05Z,46680,2,2,16000,3250,1043,0,1,8,8,318.0
2026-10-09T23:30:20Z,46696,2,2,16000,3250,1079,0,1,8,8,318.0
2026-10-09T23:30:36Z,46711,2,2,16000,3250,1054,0,1,8,8,318.0
2026-10-09T23:30:52Z,46727,2,2,16000,3250,1101,0,1,8,8,319.5
2026-10-09T23:31:07Z,46743,2,2,16000,3250,888,0,1,8,8,315.0
2026-10-09T23:31:23Z,46758,2,2,16000,3250,794,0,1,8,8,313.5
2026-10-09T23:31:39Z,46774,2,2,16000,3250,717,0,1,8,8,312.0
2026-10-09T23:31:54Z,46790,2,2,16000,3250,552,0,1,8,8,309.0
2026-10-09T23:32:10Z,46805,3,3,24000,3250,543,0,1,8,8,384.0
2026-10-09T23:32:26Z,46821,3,3,24000,3250,439,0,1,8,8,381.0
2026-10-09T23:32:41Z,46837,3,3,24000,3050,547,0,1,8,7,384.0
2026-10-09T23:32:57Z,46852,3,3,24000,3050,597,0,1,7,7,384.0
2026-10-09T23:33:12Z,46868,2,2,16000,2850,532,0,1,6,6,307.5
2026-10-09T23:33:28Z,46883,2,2,16000,2850,604,0,1,6,6,309.0
2026-10-09T23:33:44Z,46899,2,2,16000,2650,297,0,1,6,5,303.0
2026-10-09T23:33:59Z,46915,2,2,16000,2650,315,0,1,5,5,304.5
2026-10-09T23:34:15Z,46930,2,2,16000,2650,362,0,1,5,5,306.0
2026-10-09T23:34:30Z,46946,2,2,16000,2450,520,0,1,5,4,307.5
2026-10-09T23:34:46Z,46961,2,2,16000,2450,553,0,1,4,4,309.0
2026-10-09T23:35:02Z,46977,2,2,16000,2450,747,0,1,4,4,312.0
2026-10-09T23:35:17Z,46993,2,2,16000,2450,767,0,1,4,4,312.0
2026-10-09T23:35:33Z,47008,2,2,16000,2450,759,0,1,4,4,313.5
2026-10-09T23:35:48Z,47024,2,2,16000,2450,638,0,1,4,4,310.5
2026-10-09T23:36:04Z,47039,2,2,16000,2450,744,0,1,4,3,312.0
2026-10-09T23:36:20Z,47055,2,2,16000,2250,884,0,1,3,3,315.0
2026-10-09T23:36:35Z,47071,2,2,16000,2250,927,0,1,3,3,315.0
2026-10-09T23:36:51Z,47086,2,2,16000,2250,1004,0,1,3,3,316.5
2026-10-09T23:37:06Z,47102,2,2,16000,2250,1096,0,1,3,3,319.5
2026-10-09T23:37:22Z,47117,2,2,16000,2450,1312,0,1,3,4,324.0
2026-10-09T23:37:38Z,47133,2,2,16000,2450,1242,0,1,4,4,322.5
2026-10-09T23:37:53Z,47149,2,2,16000,2450,1541,0,1,4,4,327.0
2026-10-09T23:38:09Z,47164,2,2,16000,2650,1580,0,1,4,5,328.5
2026-10-09T23:38:25Z,47180,2,2,16000,2650,1524,0,1,5,5,327.0
2026-10-09T23:38:40Z,47196,2,2,16000,2650,1573,0,1,5,5,328.5
2026-10-09T23:38:56Z,47211,2,2,16000,2650,1442,0,1,5,5,325.5
2026-10-09T23:39:12Z,47227,2,2,16000,2650,1264,0,1,5,5,321.0
2026-10-09T23:39:27Z,47243,2,2,16000,2650,1255,0,1,5,5,322.5
2026-10-09T23:39:43Z,47258,2,2,16000,2650,1194,0,1,5,5,321.0
2026-10-09T23:39:58Z,47274,2,2,16000,2650,1218,0,1,5,5,321.0
2026-10-09T23:40:14Z,47289,2,2,16000,2650,1390,0,1,5,5,324.0
2026-10-09T23:40:30Z,47305,2,2,16000,2650,1503,0,1,5,5,327.0
2026-10-09T23:40:45Z,47321,2,2,16000,2650,1555,0,1,5,5,328.5
2026-10-09T23:41:01Z,47336,2,2,16000,2650,1713,0,1,5,5,331.5
2026-10-09T23:41:17Z,47352,2,2,16000,3050,1854,0,1,5,7,339.0
2026-10-09T23:41:32Z,47368,2,2,16000,3050,2208,0,1,7,7,340.5
2026-10-09T23:41:48Z,47383,2,2,16000,3050,2210,0,1,7,7,340.5
2026-10-09T23:42:04Z,47399,2,2,16000,3050,2180,0,1,7,7,340.5
2026-10-09T23:42:19Z,47415,2,2,16000,3050,2273,0,1,7,7,340.5
2026-10-09T23:42:35Z,47430,2,2,16000,3050,1892,0,1,7,7,333.0
2026-10-09T23:42:50Z,47446,2,2,16000,3050,1903,0,1,7,7,334.5
2026-10-09T23:43:06Z,47461,2,2,16000,3050,1638,0,1,7,7,330.0
2026-10-09T23:43:22Z,47477,2,2,16000,3050,1488,0,1,7,7,327.0
2026-10-09T23:43:38Z,47493,2,2,16000,3050,1492,0,1,7,7,325.5
2026-10-09T23:43:53Z,47509,2,2,16000,3050,1261,0,1,7,7,322.5
2026-10-09T23:44:09Z,47524,2,2,16000,3050,1231,0,1,7,7,321.0
2026-10-09T23:44:24Z,47540,2,2,16000,3050,1048,0,1,7,7,318.0
2026-10-09T23:44:40Z,47555,2,2,16000,3050,1023,0,1,7,7,316.5
2026-10-09T23:44:56Z,47571,2,2,16000,3050,924,0,1,7,7,316.5
2026-10-09T23:45:11Z,47587,2,2,16000,3050,1028,0,1,7,7,316.5
2026-10-09T23:45:27Z,47602,2,2,16000,3050,1030,0,1,7,7,318.0
2026-10-09T23:45:43Z,47618,2,2,16000,3050,1097,0,1,7,7,319.5
2026-10-09T23:45:58Z,47634,2,2,16000,3050,1159,0,1,7,7,321.0
2026-10-09T23:46:14Z,47649,2,2,16000,3050,918,0,1,7,7,315.0
2026-10-09T23:46:29Z,47665,2,2,16000,3050,862,0,1,7,7,315.0
2026-10-09T23:46:45Z,47680,2,2,16000,3050,714,0,1,7,7,312.0
2026-10-09T23:47:00Z,47696,2,2,16000,3050,520,0,1,7,7,307.5
2026-10-09T23:47:16Z,47711,2,2,16000,3050,551,0,1,7,7,307.5
2026-10-09T23:47:32Z,47727,2,2,16000,3050,398,0,1,7,7,307.5
2026-10-09T23:47:48Z,47743,2,2,16000,3050,538,0,1,7,6,309.0
2026-10-09T23:48:03Z,47759,2,2,16000,2850,522,0,1,6,5,307.5
2026-10-09T23:48:19Z,47774,2,2,16000,2650,570,0,1,5,5,310.5
2026-10-09T23:48:34Z,47790,2,2,16000,2650,316,0,1,5,5,304.5
2026-10-09T23:48:50Z,47805,2,2,16000,2650,299,0,1,5,5,304.5
2026-10-09T23:49:05Z,47821,2,2,16000,2650,336,0,1,5,4,304.5
2026-10-09T23:49:21Z,47836,2,2,16000,2450,590,0,1,4,4,310.5
2026-10-09T23:49:37Z,47852,2,2,16000,2450,546,0,1,4,4,309.0
2026-10-09T23:49:52Z,47868,2,2,16000,2450,732,0,1,4,4,312.0
2026-10-09T23:50:08Z,47883,2,2,16000,2450,788,0,1,4,4,313.5
2026-10-09T23:50:23Z,47899,2,2,16000,2450,752,0,1,4,4,312.0
2026-10-09T23:50:39Z,47914,2,2,16000,2450,829,0,1,4,4,315.0
2026-10-09T23:50:55Z,47930,2,2,16000,2450,700,0,1,4,4,312.0
2026-10-09T23:51:10Z,47946,2,2,16000,2250,738,0,1,4,3,312.0
2026-10-09T23:51:26Z,47961,2,2,16000,2250,903,0,1,3,3,315.0
2026-10-09T23:51:41Z,47977,2,2,16000,2250,1049,0,1,3,3,318.0
2026-10-09T23:51:57Z,47992,2,2,16000,2450,1126,0,1,3,4,319.5
2026-10-09T23:52:13Z,48008,2,2,16000,2450,1244,0,1,4,4,322.5
2026-10-09T23:52:29Z,48024,2,2,16000,2650,1446,0,1,4,5,325.5
2026-10-09T23:52:44Z,48040,2,2,16000,2650,1500,0,1,5,5,327.0
2026-10-09T23:53:00Z,48055,2,2,16000,2850,1920,0,1,5,6,334.5
2026-10-09T23:53:16Z,48071,2,2,16000,2850,1919,0,1,6,6,334.5
2026-10-09T23:53:31Z,48087,2,2,16000,2850,1881,0,1,6,6,333.0
2026-10-09T23:53:47Z,48102,2,2,16000,2850,1681,0,1,6,6,330.0
2026-10-09T23:54:02Z,48118,2,2,16000,2850,1405,0,1,6,6,325.5
2026-10-09T23:54:18Z,48133,2,2,16000,2850,1486,1,1,6,6,325.5
2026-10-09T23:54:34Z,48149,2,2,16000,2850,1331,0,1,6,6,324.0
2026-10-09T23:54:49Z,48165,2,2,16000,2850,1464,0,1,6,6,325.5
2026-10-09T23:55:05Z,48180,2,2,16000,2850,1478,0,1,6,6,327.0
2026-10-09T23:55:21Z,48196,2,2,16000,2850,1683,0,1,6,6,331.5
2026-10-09T23:55:36Z,48212,2,2,16000,2850,1646,0,1,6,6,330.0
2026-10-09T23:55:52Z,48227,2,2,16000,2850,2021,0,1,6,6,337.5
2026-10-09T23:56:08Z,48243,2,2,16000,2850,2048,0,1,6,6,337.5
2026-10-09T23:56:23Z,48259,2,2,16000,3050,2209,0,1,6,7,339.0
2026-10-09T23:56:39Z,48274,2,2,16000,3050,2263,0,1,7,7,342.0
2026-10-09T23:56:55Z,48290,2,2,16000,3050,2154,0,1,7,7,339.0
2026-10-09T23:57:10Z,48306,2,2,16000,3050,2174,0,1,7,7,339.0
2026-10-09T23:57:26Z,48321,2,2,16000,3050,2144,0,1,7,7,339.0
2026-10-09T23:57:42Z,48337,2,2,16000,3050,1974,0,1,7,7,334.5
2026-10-09T23:57:57Z,48353,2,2,16000,3050,1850,0,1,7,7,333.0
2026-10-09T23:58:13Z,48368,2,2,16000,3050,1712,0,1,7,7,330.0
2026-10-09T23:58:28Z,48384,2,2,16000,3050,1536,0,1,7,7,328.5
2026-10-09T23:58:44Z,48399,2,2,16000,3050,1607,0,1,7,7,328.5
2026-10-09T23:59:00Z,48415,2,2,16000,3050,1272,0,1,7,7,322.5
2026-10-09T23:59:15Z,48431,2,2,16000,3050,1307,0,1,7,7,324.0
2026-10-09T23:59:31Z,48446,2,2,16000,3050,1183,0,1,7,7,319.5
2026-10-09T23:59:47Z,48462,2,2,16000,3050,1112,0,1,7,7,318.0
2026-10-10T00:00:02Z,48478,2,2,16000,3050,1037,0,1,7,7,318.0
2026-10-10T00:00:18Z,48493,2,2,16000,3050,1133,0,1,7,7,319.5
2026-10-10T00:00:33Z,48509,2,2,16000,3050,1140,0,1,7,7,319.5
2026-10-10T00:00:49Z,48524,2,2,16000,3050,1136,0,1,7,7,319.5
2026-10-10T00:01:05Z,48540,2,2,16000,3050,1023,0,1,7,7,318.0
2026-10-10T00:01:20Z,48556,2,2,16000,3050,798,0,1,7,7,313.5
2026-10-10T00:01:36Z,48571,2,2,16000,3050,780,0,1,7,7,313.5
2026-10-10T00:01:51Z,48587,2,2,16000,3050,544,0,1,7,7,309.0
2026-10-10T00:02:07Z,48602,2,2,16000,3050,548,0,1,7,7,309.0
2026-10-10T00:02:23Z,48618,2,2,16000,3050,424,0,1,7,7,307.5
2026-10-10T00:02:38Z,48634,2,2,16000,3050,537,0,1,7,7,309.0
2026-10-10T00:02:54Z,48649,2,2,16000,3050,526,0,1,7,6,307.5
2026-10-10T00:03:09Z,48665,2,2,16000,2650,557,0,1,6,5,309.0
2026-10-10T00:03:25Z,48680,2,2,16000,2650,551,0,1,5,5,309.0
2026-10-10T00:03:41Z,48696,2,2,16000,2650,342,0,1,5,5,304.5
2026-10-10T00:03:56Z,48712,2,2,16000,2650,286,0,1,5,5,304.5
2026-10-10T00:04:12Z,48727,2,2,16000,2450,322,0,1,5,4,304.5
2026-10-10T00:04:27Z,48743,2,2,16000,2450,503,0,1,4,4,307.5
2026-10-10T00:04:43Z,48758,2,2,16000,2450,510,0,1,4,4,307.5
2026-10-10T00:04:59Z,48774,2,2,16000,2450,673,0,1,4,4,312.0
2026-10-10T00:05:14Z,48790,2,2,16000,2450,738,0,1,4,4,312.0
2026-10-10T00:05:30Z,48805,2,2,16000,2450,806,0,1,4,4,313.5
2026-10-10T00:05:45Z,48821,2,2,16000,2450,735,0,1,4,4,312.0
2026-10-10T00:06:01Z,48836,2,2,16000,2450,702,0,1,4,4,312.0
2026-10-10T00:06:17Z,48852,2,2,16000,2250,772,0,1,4,3,313.5
2026-10-10T00:06:32Z,48868,2,2,16000,2250,963,0,1,3,3,318.0
2026-10-10T00:06:48Z,48883,2,2,16000,2250,1113,0,1,3,3,319.5
2026-10-10T00:07:03Z,48899,2,2,16000,2450,1228,0,1,3,4,321.0
2026-10-10T00:07:19Z,48914,2,2,16000,2450,1402,0,1,4,4,325.5
2026-10-10T00:07:35Z,48930,2,2,16000,2450,1427,0,1,4,5,325.5
2026-10-10T00:07:50Z,48946,2,2,16000,2650,1734,0,1,5,5,331.5
2026-10-10T00:08:06Z,48961,2,2,16000,2650,1812,0,1,5,5,331.5
2026-10-10T00:08:21Z,48977,2,2,16000,2850,1801,0,1,5,6,333.0
2026-10-10T00:08:37Z,48992,2,2,16000,2850,1839,0,1,6,6,333.0
2026-10-10T00:08:53Z,49008,2,2,16000,2850,1772,0,1,6,6,333.0
2026-10-10T00:09:08Z,49024,2,2,16000,2850,1489,0,1,6,6,327.0
2026-10-10T00:09:24Z,49039,2,2,16000,2850,1502,0,1,6,6,327.0
2026-10-10T00:09:40Z,49055,2,2,16000,2850,1305,0,1,6,6,322.5
2026-10-10T00:09:55Z,49071,2,2,16000,2850,1425,1,1,6,6,324.0
2026-10-10T00:10:11Z,49086,2,2,16000,2850,1437,0,1,6,6,325.5
2026-10-10T00:10:26Z,49102,2,2,16000,2850,1731,0,1,6,6,330.0
2026-10-10T00:10:42Z,49117,2,2,16000,2850,1629,0,1,6,6,328.5
2026-10-10T00:10:58Z,49133,2,2,16000,2850,1951,0,1,6,6,334.5
2026-10-10T00:11:13Z,49149,2,2,16000,2850,2013,0,1,6,6,336.0
2026-10-10T00:11:29Z,49165,2,2,16000,2850,2016,0,1,6,6,336.0
2026-10-10T00:11:45Z,49180,2,2,16000,3250,2291,0,1,6,8,342.0
2026-10-10T00:12:00Z,49196,2,2,16000,3250,2325,0,1,8,8,342.0
2026-10-10T00:12:16Z,49211,2,2,16000,3250,2207,0,1,8,8,340.5
2026-10-10T00:12:32Z,49227,2,2,16000,3250,1832,0,1,8,8,333.0
2026-10-10T00:12:47Z,49243,2,2,16000,3250,1823,0,1,8,8,331.5
2026-10-10T00:13:03Z,49258,2,2,16000,3250,1730,0,1,8,8,331.5
2026-10-10T00:13:19Z,49274,2,2,16000,3250,1571,0,1,8,8,328.5
2026-10-10T00:13:34Z,49290,2,2,16000,3250,1518,0,1,8,8,327.0
2026-10-10T00:13:50Z,49305,2,2,16000,3250,1286,0,1,8,8,322.5
2026-10-10T00:14:06Z,49321,2,2,16000,3250,1332,0,1,8,8,324.0
2026-10-10T00:14:21Z,49337,2,2,16000,3250,1120,0,1,8,8,319.5
2026-10-10T00:14:37Z,49352,2,2,16000,3250,1021,0,1,8,8,318.0
2026-10-10T00:14:52Z,49368,2,2,16000,3250,1032,0,1,8,8,318.0
2026-10-10T00:15:08Z,49383,2,2,16000,3250,995,0,1,8,8,316.5
2026-10-10T00:15:24Z,49399,2,2,16000,3250,1088,0,1,8,8,318.0
2026-10-10T00:15:39Z,49415,2,2,16000,3250,1111,0,1,8,8,319.5
2026-10-10T00:15:55Z,49430,2,2,16000,3250,1166,0,1,8,8,321.0
2026-10-10T00:16:10Z,49446,2,2,16000,3250,937,0,1,8,8,316.5
2026-10-10T00:16:26Z,49461,2,2,16000,3250,823,0,1,8,8,315.0
2026-10-10T00:16:42Z,49477,2,2,16000,3250,790,0,1,8,8,313.5
2026-10-10T00:16:57Z,49493,2,2,16000,3050,581,0,1,8,7,309.0
2026-10-10T00:17:13Z,49508,2,2,16000,3050,547,0,1,7,7,309.0
2026-10-10T00:17:28Z,49524,2,2,16000,3050,423,0,1,7,7,307.5
2026-10-10T00:17:44Z,49539,2,2,16000,3050,535,0,1,7,7,309.0
2026-10-10T00:18:00Z,49555,2,2,16000,2850,529,0,1,7,6,309.0
2026-10-10T00:18:15Z,49571,2,2,16000,2650,575,0,1,6,5,310.5
2026-10-10T00:18:31Z,49586,2,2,16000,2650,546,0,1,5,5,309.0
2026-10-10T00:18:46Z,49602,2,2,16000,2650,335,0,1,5,5,304.5
2026-10-10T00:19:02Z,49617,2,2,16000,2450,308,0,1,5,4,304.5
2026-10-10T00:19:18Z,49633,2,2,16000,2450,541,0,1,4,4,307.5
2026-10-10T00:19:33Z,49649,2,2,16000,2450,496,0,1,4,4,307.5
2026-10-10T00:19:49Z,49664,2,2,16000,2450,665,0,1,4,4,310.5
2026-10-10T00:20:04Z,49680,2,2,16000,2450,775,0,1,4,4,312.0
2026-10-10T00:20:20Z,49695,2,2,16000,2450,717,0,1,4,4,312.0
2026-10-10T00:20:36Z,49711,2,2,16000,2450,711,0,1,4,4,312.0
2026-10-10T00:20:51Z,49727,2,2,16000,2450,706,0,1,4,3,312.0
2026-10-10T00:21:07Z,49742,2,2,16000,2250,726,0,1,3,3,312.0
2026-10-10T00:21:22Z,49758,2,2,16000,2250,769,0,1,3,3,313.5
2026-10-10T00:21:38Z,49773,2,2,16000,2250,835,0,1,3,3,313.5
2026-10-10T00:21:54Z,49789,2,2,16000,2250,993,0,1,3,3,316.5
2026-10-10T00:22:09Z,49805,2,2,16000,2450,1001,0,1,3,4,316.5
2026-10-10T00:22:25Z,49820,2,2,16000,2450,1268,0,1,4,4,322.5
2026-10-10T00:22:40Z,49836,2,2,16000,2650,1340,0,1,4,5,324.0
2026-10-10T00:22:56Z,49851,2,2,16000,2650,1560,0,1,5,5,327.0
2026-10-10T00:23:12Z,49867,2,2,16000,2650,1587,0,1,5,5,328.5
2026-10-10T00:23:27Z,49883,2,2,16000,2650,1645,0,1,5,5,330.0
2026-10-10T00:23:43Z,49898,2,2,16000,2650,1682,0,1,5,5,330.0
2026-10-10T00:23:59Z,49914,2,2,16000,2650,1605,0,1,5,5,328.5
2026-10-10T00:24:14Z,49930,2,2,16000,2650,1327,0,1,5,5,324.0
2026-10-10T00:24:30Z,49945,2,2,16000,2650,1334,0,1,5,5,324.0
2026-10-10T00:24:45Z,49961,2,2,16000,2650,1192,0,1,5,5,321.0
2026-10-10T00:25:01Z,49976,2,2,16000,2650,1250,0,1,5,5,321.0
2026-10-10T00:25:17Z,49992,2,2,16000,2650,1323,0,1,5,5,328.5
2026-10-10T00:25:32Z,50008,2,2,16000,2650,1582,1,1,5,5,328.5
2026-10-10T00:25:48Z,50023,2,2,16000,2650,1817,0,1,5,5,333.0
2026-10-10T00:26:04Z,50039,2,2,16000,2850,1908,0,1,5,6,334.5
2026-10-10T00:26:19Z,50055,2,2,16000,2850,1941,0,1,6,6,334.5
2026-10-10T00:26:35Z,50070,2,2,16000,2850,2171,0,1,6,6,339.0
2026-10-10T00:26:51Z,50086,2,2,16000,3050,2100,0,1,6,7,339.0
2026-10-10T00:27:06Z,50102,2,2,16000,3050,2113,0,1,7,7,337.5
2026-10-10T00:27:22Z,50117,2,2,16000,3050,2144,0,1,7,7,339.0
2026-10-10T00:27:38Z,50133,2,2,16000,3050,1880,0,1,7,7,334.5
2026-10-10T00:27:53Z,50149,2,2,16000,3050,1914,0,1,7,7,334.5
2026-10-10T00:28:09Z,50164,2,2,16000,3050,1730,0,1,7,7,331.5
2026-10-10T00:28:25Z,50180,2,2,16000,3050,1584,0,1,7,7,328.5
2026-10-10T00:28:40Z,50196,2,2,16000,3050,1554,0,1,7,7,327.0
2026-10-10T00:28:56Z,50211,2,2,16000,3050,1340,0,1,7,7,322.5
2026-10-10T00:29:11Z,50227,2,2,16000,3050,1343,0,1,7,7,324.0
2026-10-10T00:29:27Z,50242,2,2,16000,3050,1120,0,1,7,7,319.5
2026-10-10T00:29:43Z,50258,2,2,16000,3050,1072,0,1,7,7,318.0
2026-10-10T00:29:58Z,50274,2,2,16000,3050,1083,0,1,7,7,319.5
2026-10-10T00:30:14Z,50289,2,2,16000,3050,965,0,1,7,7,316.5
2026-10-10T00:30:29Z,50305,2,2,16000,3050,1046,0,1,7,7,318.0
2026-10-10T00:30:45Z,50320,2,2,16000,3050,990,0,1,7,7,316.5
2026-10-10T00:31:01Z,50336,2,2,16000,3050,1109,0,1,7,7,319.5
2026-10-10T00:31:16Z,50352,2,2,16000,3050,914,0,1,7,7,315.0
2026-10-10T00:31:32Z,50367,2,2,16000,3050,776,0,1,7,7,312.0
2026-10-10T00:31:48Z,50383,2,2,16000,3050,548,0,1,7,7,307.5
2026-10-10T00:32:03Z,50399,2,2,16000,3050,560,0,1,7,7,309.0
2026-10-10T00:32:19Z,50414,2,2,16000,3050,404,0,1,7,7,306.0
2026-10-10T00:32:35Z,50430,2,2,16000,3050,549,0,1,7,7,307.5
2026-10-10T00:32:50Z,50446,2,2,16000,2850,545,0,1,7,6,309.0
2026-10-10T00:33:06Z,50461,2,2,16000,2850,567,0,1,6,6,309.0
2026-10-10T00:33:21Z,50477,2,2,16000,2850,560,0,1,6,6,309.0
2026-10-10T00:33:37Z,50492,2,2,16000,2850,334,0,1,6,5,306.0
2026-10-10T00:33:53Z,50508,2,2,16000,2650,299,0,1,5,5,303.0
2026-10-10T00:34:08Z,50524,2,2,16000,2650,289,0,1,5,4,304.5
2026-10-10T00:34:24Z,50539,2,2,16000,2450,521,0,1,4,4,309.0
2026-10-10T00:34:39Z,50555,2,2,16000,2450,575,0,1,4,4,309.0
2026-10-10T00:34:55Z,50570,2,2,16000,2450,697,0,1,4,4,312.0
2026-10-10T00:35:11Z,50586,2,2,16000,2450,768,0,1,4,4,313.5
2026-10-10T00:35:26Z,50602,2,2,16000,2450,847,0,1,4,4,315.0
2026-10-10T00:35:42Z,50617,2,2,16000,2450,831,0,1,4,4,313.5
2026-10-10T00:35:57Z,50633,2,2,16000,2450,762,0,1,4,4,313.5
2026-10-10T00:36:13Z,50648,2,2,16000,2250,746,0,1,4,3,313.5
2026-10-10T00:36:29Z,50664,2,2,16000,2250,731,0,1,3,3,312.0
2026-10-10T00:36:44Z,50680,2,2,16000,2250,832,0,1,3,3,313.5
2026-10-10T00:37:00Z,50695,2,2,16000,2250,992,0,1,3,3,318.0
2026-10-10T00:37:15Z,50711,2,2,16000,2250,947,0,1,3,3,316.5
2026-10-10T00:37:31Z,50726,2,2,16000,2450,1239,0,1,3,4,321.0
2026-10-10T00:37:47Z,50742,2,2,16000,2450,1384,0,1,4,4,325.5
2026-10-10T00:38:02Z,50758,2,2,16000,2650,1711,0,1,4,5,331.5
2026-10-10T00:38:18Z,50773,2,2,16000,2650,1638,0,1,5,5,330.0
2026-10-10T00:38:34Z,50789,2,2,16000,2650,1631,0,1,5,5,328.5
2026-10-10T00:38:49Z,50805,2,2,16000,2650,1621,0,1,5,5,328.5
2026-10-10T00:39:05Z,50820,2,2,16000,2650,1402,0,1,5,5,324.0
2026-10-10T00:39:20Z,50836,2,2,16000,2650,1554,0,1,5,5,327.0
2026-10-10T00:39:36Z,50851,2,2,16000,2650,1266,0,1,5,5,321.0
2026-10-10T00:39:52Z,50867,2,2,16000,2650,1437,0,1,5,5,325.5
2026-10-10T00:40:07Z,50883,2,2,16000,2650,1427,0,1,5,5,325.5
2026-10-10T00:40:23Z,50898,2,2,16000,2650,1667,0,1,5,5,330.0
2026-10-10T00:40:39Z,50914,2,2,16000,2650,1665,0,1,5,5,330.0
2026-10-10T00:40:54Z,50930,2,2,16000,2650,1799,0,1,5,5,333.0
2026-10-10T00:41:10Z,50945,2,2,16000,2850,1843,1,1,5,6,333.0
2026-10-10T00:41:25Z,50961,2,2,16000,2850,1971,0,1,6,6,336.0
2026-10-10T00:41:41Z,50976,2,2,16000,3050,2152,0,1,6,7,339.0
2026-10-10T00:41:57Z,50992,2,2,16000,3050,2259,0,1,7,7,342.0
2026-10-10T00:42:12Z,51008,2,2,16000,3050,2128,0,1,7,7,339.0
2026-10-10T00:42:28Z,51023,2,2,16000,3050,2090,0,1,7,7,339.0
2026-10-10T00:42:44Z,51039,2,2,16000,3050,1884,0,1,7,7,333.0
2026-10-10T00:43:00Z,51055,2,2,16000,3050,1832,0,1,7,7,333.0
2026-10-10T00:43:15Z,51071,2,2,16000,3050,1725,0,1,7,7,331.5
2026-10-10T00:43:31Z,51086,2,2,16000,3050,1553,0,1,7,7,327.0
2026-10-10T00:43:46Z,51102,2,2,16000,3050,1531,0,1,7,7,328.5
2026-10-10T00:44:02Z,51117,2,2,16000,3050,1273,0,1,7,7,322.5
2026-10-10T00:44:18Z,51133,2,2,16000,3050,1144,0,1,7,7,319.5
2026-10-10T00:44:33Z,51149,2,2,16000,3050,1061,0,1,7,7,318.0
2026-10-10T00:44:49Z,51164,2,2,16000,3050,1099,0,1,7,7,319.5
2026-10-10T00:45:05Z,51180,2,2,16000,3050,976,0,1,7,7,316.5
2026-10-10T00:45:20Z,51196,2,2,16000,3050,1034,0,1,7,7,318.0
2026-10-10T00:45:36Z,51211,2,2,16000,3050,1041,0,1,7,7,318.0
2026-10-10T00:45:51Z,51227,2,2,16000,3050,1093,0,1,7,7,318.0
2026-10-10T00:46:07Z,51242,2,2,16000,3050,959,0,1,7,7,316.5
2026-10-10T00:46:23Z,51258,2,2,16000,3050,828,0,1,7,7,313.5
2026-10-10T00:46:38Z,51274,2,2,16000,3050,826,0,1,7,7,313.5
2026-10-10T00:46:54Z,51289,2,2,16000,3050,564,0,1,7,7,310.5
2026-10-10T00:47:09Z,51305,2,2,16000,3050,541,0,1,7,7,309.0
2026-10-10T00:47:25Z,51320,2,2,16000,3050,433,0,1,7,7,307.5
2026-10-10T00:47:41Z,51336,2,2,16000,3050,526,0,1,7,7,307.5
2026-10-10T00:47:56Z,51352,2,2,16000,3050,526,0,1,7,6,307.5
2026-10-10T00:48:12Z,51367,2,2,16000,2850,540,0,1,6,6,309.0
2026-10-10T00:48:27Z,51383,2,2,16000,2850,542,0,1,6,6,309.0
2026-10-10T00:48:43Z,51398,2,2,16000,2650,351,0,1,6,5,306.0
2026-10-10T00:48:59Z,51414,2,2,16000,2650,322,1,1,5,5,304.5
2026-10-10T00:49:14Z,51430,2,2,16000,2450,335,0,1,5,4,304.5
2026-10-10T00:49:30Z,51445,2,2,16000,2450,483,0,1,4,4,307.5
2026-10-10T00:49:46Z,51461,2,2,16000,2450,496,0,1,4,4,307.5
2026-10-10T00:50:01Z,51477,2,2,16000,2450,681,0,1,4,4,312.0
2026-10-10T00:50:17Z,51492,2,2,16000,2450,753,0,1,4,4,313.5
2026-10-10T00:50:32Z,51508,2,2,16000,2450,789,0,1,4,4,313.5
2026-10-10T00:50:48Z,51523,2,2,16000,2450,698,0,1,4,4,312.0
2026-10-10T00:51:03Z,51539,2,2,16000,2450,666,0,1,4,4,310.5
2026-10-10T00:51:19Z,51554,2,2,16000,2250,783,0,1,4,3,313.5
2026-10-10T00:51:35Z,51570,2,2,16000,2250,832,0,1,3,3,313.5
2026-10-10T00:51:50Z,51586,2,2,16000,2250,995,0,1,3,3,318.0
2026-10-10T00:52:06Z,51601,2,2,16000,2250,1018,0,1,3,3,318.0
2026-10-10T00:52:21Z,51617,2,2,16000,2250,1220,0,1,3,3,322.5
2026-10-10T00:52:37Z,51632,2,2,16000,2450,1344,0,1,3,4,324.0
2026-10-10T00:52:53Z,51648,2,2,16000,2450,1402,0,1,4,4,325.5
2026-10-10T00:53:08Z,51664,2,2,16000,2450,1492,1,1,4,5,325.5
2026-10-10T00:53:24Z,51679,2,2,16000,2650,1610,0,1,5,5,328.5
2026-10-10T00:53:40Z,51695,2,2,16000,2850,1572,0,1,5,6,327.0
2026-10-10T00:53:55Z,51711,2,2,16000,2850,1527,0,1,6,6,327.0
2026-10-10T00:54:11Z,51726,2,2,16000,2850,1259,0,1,6,6,322.5
2026-10-10T00:54:26Z,51742,2,2,16000,2850,1261,0,1,6,6,322.5
2026-10-10T00:54:42Z,51757,2,2,16000,2850,1140,0,1,6,6,319.5
2026-10-10T00:54:58Z,51773,2,2,16000,2850,1218,0,1,6,6,321.0
2026-10-10T00:55:13Z,51789,3,3,24000,2850,1305,0,1,6,6,397.5
2026-10-10T00:55:29Z,51804,3,3,24000,2850,1490,0,1,6,6,402.0
2026-10-10T00:55:45Z,51820,3,3,24000,2850,1519,0,1,6,6,402.0
2026-10-10T00:56:00Z,51836,3,3,24000,2850,1700,0,1,6,6,405.0
2026-10-10T00:56:17Z,51851,2,2,16000,2850,1791,0,1,6,6,334.5
2026-10-10T00:56:33Z,51868,2,2,16000,2850,2144,0,1,6,6,339.0
2026-10-10T00:56:49Z,51884,2,2,16000,2850,2059,0,1,6,6,336.0
2026-10-10T00:57:04Z,51900,2,2,16000,3050,2147,0,1,6,7,339.0
2026-10-10T00:57:20Z,51915,2,2,16000,3050,2115,0,1,7,7,339.0
2026-10-10T00:57:36Z,51931,2,2,16000,3050,1880,0,1,7,7,333.0
2026-10-10T00:57:51Z,51947,2,2,16000,3050,1794,0,1,7,7,333.0
2026-10-10T00:58:07Z,51962,2,2,16000,3050,1687,0,1,7,7,330.0
2026-10-10T00:58:22Z,51978,2,2,16000,3050,1622,0,1,7,7,328.5
2026-10-10T00:58:38Z,51993,2,2,16000,3050,1479,0,1,7,7,327.0
2026-10-10T00:58:54Z,52009,2,2,16000,3050,1271,0,1,7,7,322.5
2026-10-10T00:59:09Z,52025,2,2,16000,3050,1319,0,1,7,7,324.0
2026-10-10T00:59:25Z,52040,2,2,16000,3050,1162,0,1,7,7,321.0
2026-10-10T00:59:41Z,52056,2,2,16000,3050,1004,0,1,7,7,316.5
2026-10-10T00:59:56Z,52072,2,2,16000,3050,1028,0,1,7,7,318.0
2026-10-10T01:00:12Z,52087,2,2,16000,3050,925,0,1,7,7,316.5
2026-10-10T01:00:27Z,52103,2,2,16000,3050,1017,0,1,7,7,318.0
2026-10-10T01:00:43Z,52118,2,2,16000,3050,994,0,1,7,7,316.5
2026-10-10T01:00:59Z,52134,2,2,16000,3050,1014,0,1,7,7,318.0
2026-10-10T01:01:14Z,52150,2,2,16000,3050,961,0,1,7,7,316.5
2026-10-10T01:01:30Z,52165,2,2,16000,3050,756,0,1,7,7,313.5
2026-10-10T01:01:45Z,52181,2,2,16000,3050,747,0,1,7,7,313.5
2026-10-10T01:02:01Z,52196,2,2,16000,3050,548,0,1,7,7,309.0
2026-10-10T01:02:17Z,52212,2,2,16000,3050,515,0,1,7,7,306.0
2026-10-10T01:02:32Z,52228,2,2,16000,3050,533,0,1,7,7,307.5
2026-10-10T01:02:48Z,52243,2,2,16000,2850,540,0,1,7,6,309.0
2026-10-10T01:03:03Z,52259,2,2,16000,2850,561,0,1,6,6,309.0
2026-10-10T01:03:19Z,52274,2,2,16000,2850,554,0,1,6,6,309.0
2026-10-10T01:03:35Z,52290,2,2,16000,2650,327,0,1,6,5,304.5
2026-10-10T01:03:50Z,52306,2,2,16000,2650,302,0,1,5,5,304.5
2026-10-10T01:04:06Z,52321,2,2,16000,2450,349,0,1,5,4,304.5
2026-10-10T01:04:21Z,52337,2,2,16000,2450,503,0,1,4,4,307.5
2026-10-10T01:04:37Z,52352,2,2,16000,2450,548,0,1,4,4,309.0
2026-10-10T01:04:52Z,52368,2,2,16000,2450,642,0,1,4,4,310.5
2026-10-10T01:05:08Z,52383,2,2,16000,2450,750,0,1,4,4,312.0
2026-10-10T01:05:24Z,52399,2,2,16000,2450,752,0,1,4,4,312.0
2026-10-10T01:05:39Z,52415,2,2,16000,2450,782,0,1,4,4,313.5
2026-10-10T01:05:55Z,52430,2,2,16000,2450,735,0,1,4,3,313.5
2026-10-10T01:06:10Z,52446,2,2,16000,2250,669,0,1,3,3,312.0
2026-10-10T01:06:26Z,52461,2,2,16000,2250,794,0,1,3,3,313.5
2026-10-10T01:06:42Z,52477,2,2,16000,2250,737,0,1,3,3,312.0
2026-10-10T01:06:57Z,52493,2,2,16000,2250,1000,0,1,3,3,318.0
2026-10-10T01:07:13Z,52508,2,2,16000,2250,1020,0,1,3,3,316.5
2026-10-10T01:07:28Z,52524,2,2,16000,2450,1186,0,1,3,4,321.0
2026-10-10T01:07:44Z,52539,2,2,16000,2450,1256,0,1,4,4,322.5
2026-10-10T01:08:00Z,52555,2,2,16000,2450,1389,0,1,4,4,325.5
2026-10-10T01:08:15Z,52571,2,2,16000,2650,1481,0,1,4,5,327.0
2026-10-10T01:08:31Z,52586,2,2,16000,2650,1477,0,1,5,5,325.5
2026-10-10T01:08:46Z,52602,2,2,16000,2650,1536,0,1,5,5,327.0
2026-10-10T01:09:02Z,52617,2,2,16000,2650,1237,0,1,5,5,321.0
2026-10-10T01:09:18Z,52633,2,2,16000,2650,1300,0,1,5,5,322.5
2026-10-10T01:09:33Z,52649,2,2,16000,2650,1168,0,1,5,5,321.0
2026-10-10T01:09:49Z,52664,2,2,16000,2650,1319,0,1,5,5,322.5
2026-10-10T01:10:05Z,52680,2,2,16000,2650,1320,0,1,5,5,322.5
2026-10-10T01:10:20Z,52696,2,2,16000,2650,1476,0,1,5,5,325.5
2026-10-10T01:10:36Z,52711,2,2,16000,2650,1606,0,1,5,5,328.5
2026-10-10T01:10:51Z,52727,2,2,16000,2650,1696,0,1,5,5,330.0
2026-10-10T01:11:07Z,52742,2,2,16000,2650,1964,0,1,5,5,336.0
2026-10-10T01:11:23Z,52758,2,2,16000,3050,2006,0,1,5,7,336.0
2026-10-10T01:11:38Z,52774,2,2,16000,3050,2127,0,1,7,7,339.0
2026-10-10T01:11:54Z,52789,2,2,16000,3050,2173,0,1,7,7,339.0
2026-10-10T01:12:10Z,52805,2,2,16000,3050,2090,0,1,7,7,337.5
2026-10-10T01:12:25Z,52821,2,2,16000,3050,2162,0,1,7,7,339.0
2026-10-10T01:12:41Z,52836,2,2,16000,3050,2030,0,1,7,7,336.0
2026-10-10T01:12:57Z,52852,2,2,16000,3050,1946,0,1,7,7,334.5
2026-10-10T01:13:12Z,52868,2,2,16000,3050,1874,0,1,7,7,333.0
2026-10-10T01:13:28Z,52883,2,2,16000,3050,1652,0,1,7,7,330.0
2026-10-10T01:13:44Z,52899,2,2,16000,3050,1658,0,1,7,7,330.0
2026-10-10T01:13:59Z,52915,2,2,16000,3050,1456,0,1,7,7,325.5
2026-10-10T01:14:15Z,52930,2,2,16000,3050,1333,0,1,7,7,324.0
2026-10-10T01:14:30Z,52946,2,2,16000,3050,1280,0,1,7,7,322.5
2026-10-10T01:14:46Z,52961,2,2,16000,3050,1065,0,1,7,7,318.0
2026-10-10T01:15:02Z,52977,2,2,16000,3050,1109,0,1,7,7,315.0
2026-10-10T01:15:17Z,52993,2,2,16000,3050,1033,0,1,7,7,318.0
2026-10-10T01:15:33Z,53008,2,2,16000,3050,1064,0,1,7,7,319.5
2026-10-10T01:15:48Z,53024,2,2,16000,3050,1035,0,1,7,7,318.0
2026-10-10T01:16:04Z,53039,2,2,16000,3050,1038,0,1,7,7,318.0
2026-10-10T01:16:20Z,53055,2,2,16000,3050,879,0,1,7,7,315.0
2026-10-10T01:16:35Z,53071,2,2,16000,3050,841,0,1,7,7,313.5
2026-10-10T01:16:51Z,53086,2,2,16000,3050,670,0,1,7,7,310.5
2026-10-10T01:17:07Z,53102,2,2,16000,3050,547,0,1,7,7,309.0
2026-10-10T01:17:22Z,53118,2,2,16000,3050,500,0,1,7,7,307.5
2026-10-10T01:17:38Z,53133,2,2,16000,3050,561,0,1,7,7,309.0
2026-10-10T01:17:53Z,53149,2,2,16000,3050,582,0,1,7,7,310.5
2026-10-10T01:18:09Z,53164,2,2,16000,3050,574,0,1,7,6,309.0
2026-10-10T01:18:25Z,53180,2,2,16000,2850,602,0,1,6,6,310.5
2026-10-10T01:18:40Z,53196,2,2,16000,2850,404,0,1,6,5,306.0
2026-10-10T01:18:56Z,53211,2,2,16000,2650,326,0,1,5,5,304.5
2026-10-10T01:19:12Z,53227,2,2,16000,2650,325,0,1,5,5,304.5
2026-10-10T01:19:27Z,53243,2,2,16000,2650,466,0,1,5,4,307.5
2026-10-10T01:19:43Z,53258,2,2,16000,2450,549,0,1,4,4,307.5
2026-10-10T01:19:58Z,53274,2,2,16000,2450,629,0,1,4,4,310.5
2026-10-10T01:20:14Z,53289,2,2,16000,2450,769,0,1,4,4,312.0
2026-10-10T01:20:30Z,53305,2,2,16000,2450,772,0,1,4,4,312.0
2026-10-10T01:20:45Z,53321,2,2,16000,2450,761,0,1,4,4,312.0
2026-10-10T01:21:01Z,53336,2,2,16000,2450,736,0,1,4,4,312.0
2026-10-10T01:21:16Z,53352,2,2,16000,2250,632,0,1,4,3,310.5
2026-10-10T01:21:32Z,53367,2,2,16000,2250,780,0,1,3,3,313.5
2026-10-10T01:21:47Z,53383,2,2,16000,2250,932,0,1,3,3,316.5
2026-10-10T01:22:03Z,53398,2,2,16000,2250,968,0,1,3,3,316.5
2026-10-10T01:22:19Z,53414,2,2,16000,2250,1159,0,1,3,3,319.5
2026-10-10T01:22:34Z,53430,2,2,16000,2450,1284,0,1,3,4,322.5
2026-10-10T01:22:50Z,53445,2,2,16000,2450,1331,0,1,4,4,324.0
2026-10-10T01:23:05Z,53461,2,2,16000,2450,1513,0,1,4,4,327.0
2026-10-10T01:23:21Z,53476,2,2,16000,2650,1496,0,1,4,5,325.5
2026-10-10T01:23:37Z,53492,2,2,16000,2650,1613,0,1,5,5,328.5
2026-10-10T01:23:52Z,53508,2,2,16000,2650,1526,0,1,5,5,327.0
2026-10-10T01:24:08Z,53523,2,2,16000,2650,1204,0,1,5,5,321.0
2026-10-10T01:24:24Z,53539,2,2,16000,2650,1220,0,1,5,5,322.5
2026-10-10T01:24:39Z,53555,2,2,16000,2650,1144,0,1,5,5,321.0
2026-10-10T01:24:55Z,53570,2,2,16000,2650,1273,0,1,5,5,322.5
2026-10-10T01:25:10Z,53586,2,2,16000,2650,1179,0,1,5,5,319.5
2026-10-10T01:25:26Z,53601,2,2,16000,2650,1452,0,1,5,5,325.5
2026-10-10T01:25:42Z,53617,2,2,16000,2650,1562,0,1,5,5,327.0
2026-10-10T01:25:57Z,53633,2,2,16000,2650,1646,0,1,5,5,330.0
2026-10-10T01:26:13Z,53648,2,2,16000,2850,1888,0,1,5,6,333.0
2026-10-10T01:26:29Z,53664,2,2,16000,2850,1929,0,1,6,6,334.5
2026-10-10T01:26:44Z,53680,2,2,16000,2850,2107,0,1,6,6,337.5
2026-10-10T01:27:00Z,53695,2,2,16000,3050,2138,0,1,6,7,337.5
2026-10-10T01:27:16Z,53711,2,2,16000,3050,2121,0,1,7,7,339.0
2026-10-10T01:27:31Z,53727,2,2,16000,3050,2127,0,1,7,7,337.5
2026-10-10T01:27:47Z,53742,2,2,16000,3050,1910,0,1,7,7,334.5
2026-10-10T01:28:03Z,53758,2,2,16000,3050,1835,0,1,7,7,333.0
2026-10-10T01:28:18Z,53774,2,2,16000,3050,1667,0,1,7,7,330.0
2026-10-10T01:28:34Z,53789,2,2,16000,3050,1568,0,1,7,7,328.5
2026-10-10T01:28:49Z,53805,2,2,16000,3050,1376,0,1,7,7,324.0
2026-10-10T01:29:05Z,53820,2,2,16000,3050,1287,0,1,7,7,322.5
2026-10-10T01:29:21Z,53836,2,2,16000,3050,1233,0,1,7,7,322.5
2026-10-10T01:29:36Z,53852,2,2,16000,3050,1005,0,1,7,7,318.0
2026-10-10T01:29:52Z,53867,2,2,16000,3050,983,0,1,7,7,318.0
2026-10-10T01:30:07Z,53883,2,2,16000,3050,876,0,1,7,7,315.0
2026-10-10T01:30:23Z,53898,2,2,16000,3050,975,0,1,7,7,316.5
2026-10-10T01:30:39Z,53914,2,2,16000,3050,1003,0,1,7,7,316.5
2026-10-10T01:30:54Z,53930,2,2,16000,3050,981,0,1,7,7,316.5
2026-10-10T01:31:10Z,53945,2,2,16000,3050,946,0,1,7,7,316.5
2026-10-10T01:31:25Z,53961,2,2,16000,3050,767,0,1,7,7,313.5
2026-10-10T01:31:41Z,53976,2,2,16000,3050,719,0,1,7,7,312.0
2026-10-10T01:31:57Z,53992,2,2,16000,3050,597,0,1,7,7,310.5
2026-10-10T01:32:12Z,54008,2,2,16000,3050,534,0,1,7,7,309.0
2026-10-10T01:32:28Z,54023,2,2,16000,3050,471,0,1,7,7,307.5
2026-10-10T01:32:43Z,54039,2,2,16000,3050,505,0,1,7,7,309.0
2026-10-10T01:32:59Z,54054,2,2,16000,3050,519,0,1,7,7,309.0
2026-10-10T01:33:15Z,54070,2,2,16000,3050,528,0,1,7,6,309.0
2026-10-10T01:33:30Z,54086,2,2,16000,2850,547,0,1,6,6,309.0
2026-10-10T01:33:46Z,54101,2,2,16000,2650,442,0,1,6,5,307.5
2026-10-10T01:34:01Z,54117,2,2,16000,2650,306,0,1,5,5,304.5
2026-10-10T01:34:17Z,54132,2,2,16000,2650,432,0,1,5,5,307.5
2026-10-10T01:34:33Z,54148,2,2,16000,2450,542,0,1,5,4,309.0
2026-10-10T01:34:48Z,54164,2,2,16000,2450,588,0,1,4,4,309.0
2026-10-10T01:35:04Z,54179,2,2,16000,2450,728,0,1,4,4,312.0
2026-10-10T01:35:19Z,54195,2,2,16000,2450,758,0,1,4,4,313.5
2026-10-10T01:35:35Z,54210,2,2,16000,2450,717,0,1,4,4,312.0
2026-10-10T01:35:50Z,54226,2,2,16000,2450,718,1,1,4,4,312.0
2026-10-10T01:36:06Z,54241,2,2,16000,2250,658,0,1,4,3,310.5
2026-10-10T01:36:22Z,54257,2,2,16000,2250,791,0,1,3,3,313.5
2026-10-10T01:36:37Z,54273,2,2,16000,2250,806,0,1,3,3,315.0
2026-10-10T01:36:53Z,54288,2,2,16000,2250,944,0,1,3,3,315.0
2026-10-10T01:37:08Z,54304,2,2,16000,2250,986,0,1,3,3,316.5
2026-10-10T01:37:24Z,54319,2,2,16000,2250,1126,0,1,3,3,319.5
2026-10-10T01:37:40Z,54335,2,2,16000,2450,1195,0,1,3,4,321.0
2026-10-10T01:37:55Z,54351,2,2,16000,2450,1307,0,1,4,4,322.5
2026-10-10T01:38:11Z,54366,2,2,16000,2450,1446,1,1,4,5,325.5
2026-10-10T01:38:27Z,54382,2,2,16000,2650,1474,0,1,5,5,325.5
2026-10-10T01:38:42Z,54398,2,2,16000,2650,1605,0,1,5,5,328.5
2026-10-10T01:38:58Z,54413,2,2,16000,2650,1463,0,1,5,5,325.5
2026-10-10T01:39:13Z,54429,2,2,16000,2650,1266,0,1,5,5,322.5
2026-10-10T01:39:29Z,54444,2,2,16000,2650,1271,0,1,5,5,322.5
2026-10-10T01:39:45Z,54460,2,2,16000,2650,1109,0,1,5,5,319.5
2026-10-10T01:40:00Z,54476,2,2,16000,2650,1239,0,1,5,5,322.5
2026-10-10T01:40:16Z,54491,2,2,16000,2650,1232,0,1,5,5,322.5
2026-10-10T01:40:32Z,54507,2,2,16000,2650,1448,0,1,5,5,328.5
2026-10-10T01:40:47Z,54523,2,2,16000,2650,1674,0,1,5,5,330.0
2026-10-10T01:41:03Z,54538,2,2,16000,2650,1971,0,1,5,5,334.5
2026-10-10T01:41:19Z,54554,2,2,16000,2850,1990,0,1,5,6,336.0
2026-10-10T01:41:35Z,54570,2,2,16000,2850,2289,0,1,6,6,340.5
2026-10-10T01:41:50Z,54586,2,2,16000,2850,2161,0,1,6,6,339.0
2026-10-10T01:42:06Z,54601,2,2,16000,3250,2193,0,1,6,8,339.0
2026-10-10T01:42:22Z,54617,2,2,16000,3250,2152,0,1,8,8,339.0
2026-10-10T01:42:37Z,54633,2,2,16000,3250,2117,0,1,8,8,339.0
2026-10-10T01:42:53Z,54648,2,2,16000,3250,1901,0,1,8,8,334.5
2026-10-10T01:43:08Z,54664,2,2,16000,3250,1949,0,1,8,8,334.5
2026-10-10T01:43:24Z,54679,2,2,16000,3250,1627,0,1,8,8,330.0
2026-10-10T01:43:40Z,54695,2,2,16000,3250,1679,0,1,8,8,330.0
2026-10-10T01:43:55Z,54711,2,2,16000,3250,1457,0,1,8,8,325.5
2026-10-10T01:44:11Z,54726,2,2,16000,3250,1271,0,1,8,8,322.5
2026-10-10T01:44:27Z,54742,2,2,16000,3250,1251,0,1,8,8,322.5
2026-10-10T01:44:42Z,54758,2,2,16000,3250,1029,0,1,8,8,316.5
2026-10-10T01:44:58Z,54773,2,2,16000,3250,1065,0,1,8,8,318.0
2026-10-10T01:45:14Z,54789,2,2,16000,3250,951,0,1,8,8,316.5
2026-10-10T01:45:29Z,54805,2,2,16000,3250,1029,0,1,8,8,318.0
2026-10-10T01:45:45Z,54820,2,2,16000,3250,1073,0,1,8,8,319.5
2026-10-10T01:46:01Z,54836,2,2,16000,3250,1079,0,1,8,8,318.0
2026-10-10T01:46:16Z,54852,2,2,16000,3250,1071,0,1,8,8,318.0
2026-10-10T01:46:32Z,54867,2,2,16000,3250,813,0,1,8,8,315.0
2026-10-10T01:46:47Z,54883,2,2,16000,3250,716,0,1,8,8,312.0
2026-10-10T01:47:03Z,54898,2,2,16000,3250,509,0,1,8,8,309.0
2026-10-10T01:47:19Z,54914,2,2,16000,3250,522,0,1,8,8,309.0
2026-10-10T01:47:34Z,54930,2,2,16000,3050,442,0,1,8,7,306.0
2026-10-10T01:47:50Z,54945,2,2,16000,3050,576,0,1,7,7,309.0
2026-10-10T01:48:05Z,54961,2,2,16000,3050,520,0,1,7,7,307.5
2026-10-10T01:48:21Z,54976,2,2,16000,2850,551,0,1,7,6,309.0
2026-10-10T01:48:37Z,54992,2,2,16000,2650,509,0,1,6,5,307.5
2026-10-10T01:48:52Z,55008,2,2,16000,2650,279,0,1,5,5,304.5
2026-10-10T01:49:08Z,55023,2,2,16000,2650,295,0,1,5,5,304.5
2026-10-10T01:49:23Z,55039,2,2,16000,2450,380,0,1,5,4,306.0
2026-10-10T01:49:39Z,55054,2,2,16000,2450,565,0,1,4,4,309.0
2026-10-10T01:49:55Z,55070,2,2,16000,2450,541,0,1,4,4,307.5
2026-10-10T01:50:10Z,55086,2,2,16000,2450,785,0,1,4,4,313.5
2026-10-10T01:50:26Z,55101,2,2,16000,2450,879,0,1,4,4,315.0
2026-10-10T01:50:41Z,55117,2,2,16000,2450,799,0,1,4,4,313.5
2026-10-10T01:50:57Z,55132,2,2,16000,2450,805,0,1,4,4,313.5
2026-10-10T01:51:13Z,55148,2,2,16000,2450,710,0,1,4,3,310.5
2026-10-10T01:51:28Z,55164,2,2,16000,2250,839,0,1,3,3,315.0
2026-10-10T01:51:44Z,55179,2,2,16000,2250,826,0,1,3,3,313.5
2026-10-10T01:52:00Z,55195,2,2,16000,2250,991,0,1,3,3,318.0
2026-10-10T01:52:15Z,55211,2,2,16000,2450,1097,0,1,3,4,318.0
2026-10-10T01:52:31Z,55226,2,2,16000,2450,1192,0,1,4,4,321.0
2026-10-10T01:52:46Z,55242,2,2,16000,2450,1370,0,1,4,4,324.0
2026-10-10T01:53:02Z,55257,2,2,16000,2450,1549,0,1,4,4,328.5
2026-10-10T01:53:18Z,55273,2,2,16000,2650,1626,0,1,4,5,328.5
2026-10-10T01:53:33Z,55289,2,2,16000,2650,1651,0,1,5,5,328.5
2026-10-10T01:53:49Z,55304,2,2,16000,2850,1529,0,1,5,6,327.0
2026-10-10T01:54:05Z,55320,2,2,16000,2850,1315,0,1,6,6,322.5
2026-10-10T01:54:20Z,55336,2,2,16000,2850,1312,0,1,6,6,322.5
2026-10-10T01:54:36Z,55351,2,2,16000,2850,1266,0,1,6,6,322.5
2026-10-10T01:54:52Z,55367,2,2,16000,2850,1317,0,1,6,6,324.0
2026-10-10T01:55:07Z,55383,2,2,16000,2850,1397,0,1,6,6,324.0
2026-10-10T01:55:23Z,55398,2,2,16000,2850,1464,0,1,6,6,325.5
2026-10-10T01:55:39Z,55414,2,2,16000,2850,1671,0,1,6,6,330.0
2026-10-10T01:55:54Z,55430,2,2,16000,2850,1710,0,1,6,6,330.0
2026-10-10T01:56:10Z,55445,2,2,16000,2850,1875,0,1,6,6,334.5
2026-10-10T01:56:25Z,55461,2,2,16000,2850,1867,0,1,6,6,333.0
2026-10-10T01:56:41Z,55476,2,2,16000,2850,2106,0,1,6,6,339.0
2026-10-10T01:56:57Z,55492,2,2,16000,2850,2182,2,1,6,8,339.0
2026-10-10T01:57:12Z,55508,2,2,16000,3250,2161,0,1,8,8,339.0
2026-10-10T01:57:28Z,55523,2,2,16000,3250,2274,0,1,8,8,342.0
2026-10-10T01:57:44Z,55539,2,2,16000,3250,2091,0,1,8,8,337.5
2026-10-10T01:57:59Z,55555,2,2,16000,3250,1898,0,1,8,8,334.5
2026-10-10T01:58:15Z,55570,2,2,16000,3250,1886,0,1,8,8,334.5
2026-10-10T01:58:31Z,55586,2,2,16000,3250,1787,0,1,8,8,331.5
2026-10-10T01:58:46Z,55602,2,2,16000,3250,1709,0,1,8,8,331.5
2026-10-10T01:59:02Z,55617,2,2,16000,3250,1462,0,1,8,8,325.5
2026-10-10T01:59:18Z,55633,2,2,16000,3250,1338,0,1,8,8,322.5
2026-10-10T01:59:33Z,55649,2,2,16000,3250,1151,0,1,8,8,321.0
2026-10-10T01:59:49Z,55664,2,2,16000,3250,1047,0,1,8,8,318.0
2026-10-10T02:00:05Z,55680,2,2,16000,3250,976,0,1,8,8,316.5
2026-10-10T02:00:20Z,55696,2,2,16000,3250,1047,0,1,8,8,318.0
2026-10-10T02:00:36Z,55711,2,2,16000,3250,1081,0,1,8,8,318.0
2026-10-10T02:00:51Z,55727,2,2,16000,3250,1031,0,1,8,8,318.0
2026-10-10T02:01:07Z,55742,2,2,16000,3250,1062,0,1,8,8,318.0
2026-10-10T02:01:23Z,55758,2,2,16000,3250,838,0,1,8,8,313.5
2026-10-10T02:01:38Z,55774,2,2,16000,3250,837,0,1,8,8,315.0
2026-10-10T02:01:54Z,55789,2,2,16000,3250,698,0,1,8,8,312.0
2026-10-10T02:02:09Z,55805,2,2,16000,3250,543,0,1,8,8,309.0
2026-10-10T02:02:25Z,55820,2,2,16000,3250,516,0,1,8,8,309.0
2026-10-10T02:02:41Z,55836,2,2,16000,3050,504,0,1,8,7,307.5
2026-10-10T02:02:56Z,55852,2,2,16000,3050,553,0,1,7,7,309.0
2026-10-10T02:03:12Z,55867,2,2,16000,2850,558,0,1,6,6,309.0
2026-10-10T02:03:27Z,55883,2,2,16000,2850,540,0,1,6,6,309.0
2026-10-10T02:03:43Z,55898,2,2,16000,2850,469,0,1,6,6,307.5
2026-10-10T02:03:58Z,55914,2,2,16000,2850,287,0,1,6,5,303.0
2026-10-10T02:04:14Z,55929,2,2,16000,2650,290,0,1,5,5,304.5
2026-10-10T02:04:30Z,55945,2,2,16000,2650,389,0,1,5,4,306.0
2026-10-10T02:04:45Z,55961,2,2,16000,2450,511,0,1,4,4,307.5
2026-10-10T02:05:01Z,55976,2,2,16000,2450,575,0,1,4,4,309.0
2026-10-10T02:05:16Z,55992,2,2,16000,2450,723,0,1,4,4,312.0
2026-10-10T02:05:32Z,56007,2,2,16000,2450,782,0,1,4,4,312.0
2026-10-10T02:05:48Z,56023,2,2,16000,2450,767,0,1,4,4,313.5
2026-10-10T02:06:03Z,56039,2,2,16000,2450,683,0,1,4,4,312.0
2026-10-10T02:06:19Z,56054,2,2,16000,2250,751,0,1,4,3,312.0
2026-10-10T02:06:34Z,56070,2,2,16000,2250,707,0,1,3,3,312.0
2026-10-10T02:06:50Z,56085,2,2,16000,2250,1007,0,1,3,3,318.0
2026-10-10T02:07:06Z,56101,2,2,16000,2250,1041,1,1,3,3,318.0
2026-10-10T02:07:21Z,56117,2,2,16000,2450,1199,0,1,3,4,321.0
2026-10-10T02:07:37Z,56132,2,2,16000,2450,1398,0,1,4,4,325.5
2026-10-10T02:07:53Z,56148,2,2,16000,2650,1462,0,1,4,5,325.5
2026-10-10T02:08:08Z,56164,2,2,16000,2650,1641,0,1,5,5,328.5
2026-10-10T02:08:24Z,56179,2,2,16000,2650,1620,0,1,5,5,330.0
2026-10-10T02:08:40Z,56195,2,2,16000,2650,1684,0,1,5,5,330.0
2026-10-10T02:08:55Z,56211,2,2,16000,2650,1619,0,1,5,5,328.5
2026-10-10T02:09:11Z,56226,2,2,16000,2650,1507,0,1,5,5,327.0
2026-10-10T02:09:26Z,56242,2,2,16000,2650,1448,0,1,5,5,325.5
2026-10-10T02:09:42Z,56257,2,2,16000,2650,1389,0,1,5,5,325.5
2026-10-10T02:09:58Z,56273,2,2,16000,2650,1240,0,1,5,5,321.0
2026-10-10T02:10:13Z,56289,2,2,16000,2650,1366,0,1,5,5,324.0
2026-10-10T02:10:29Z,56304,2,2,16000,2650,1474,0,1,5,5,327.0
2026-10-10T02:10:45Z,56320,2,2,16000,2850,1764,0,1,5,6,331.5
2026-10-10T02:11:00Z,56336,2,2,16000,2850,1857,0,1,6,6,333.0
2026-10-10T02:11:16Z,56351,2,2,16000,3250,2080,0,1,6,8,337.5
2026-10-10T02:11:32Z,56367,2,2,16000,3250,2151,0,1,8,8,342.0
2026-10-10T02:11:47Z,56383,2,2,16000,3250,2250,0,1,8,8,342.0
2026-10-10T02:12:03Z,56398,2,2,16000,3250,2215,0,1,8,8,339.0
2026-10-10T02:12:19Z,56414,2,2,16000,3250,2277,0,1,8,8,340.5
2026-10-10T02:12:34Z,56430,2,2,16000,3250,2197,0,1,8,8,340.5
2026-10-10T02:12:50Z,56445,2,2,16000,3250,1925,0,1,8,8,334.5
2026-10-10T02:13:06Z,56461,2,2,16000,3250,1949,0,1,8,8,336.0
2026-10-10T02:13:21Z,56477,2,2,16000,3250,1728,0,1,8,8,331.5
2026-10-10T02:13:37Z,56492,2,2,16000,3250,1574,0,1,8,8,327.0
2026-10-10T02:13:52Z,56508,2,2,16000,3250,1503,0,1,8,8,327.0
2026-10-10T02:14:08Z,56523,2,2,16000,3250,1340,0,1,8,8,324.0
2026-10-10T02:14:24Z,56539,2,2,16000,3250,1290,0,1,8,8,324.0
2026-10-10T02:14:39Z,56555,2,2,16000,3250,1104,0,1,8,8,319.5
2026-10-10T02:14:55Z,56570,2,2,16000,3250,990,0,1,8,8,316.5
2026-10-10T02:15:11Z,56586,2,2,16000,3250,938,0,1,8,8,316.5
2026-10-10T02:15:26Z,56602,2,2,16000,3250,1125,0,1,8,8,319.5
2026-10-10T02:15:42Z,56617,2,2,16000,3250,1073,0,1,8,8,318.0
2026-10-10T02:15:57Z,56633,2,2,16000,3250,1181,0,1,8,8,321.0
2026-10-10T02:16:13Z,56648,2,2,16000,3250,1072,0,1,8,8,318.0
2026-10-10T02:16:29Z,56664,2,2,16000,3250,831,0,1,8,8,315.0
2026-10-10T02:16:44Z,56680,2,2,16000,3250,828,0,1,8,8,313.5
2026-10-10T02:17:00Z,56695,2,2,16000,3250,713,0,1,8,8,310.5
2026-10-10T02:17:15Z,56711,2,2,16000,3250,548,0,1,8,8,309.0
2026-10-10T02:17:31Z,56726,2,2,16000,3250,554,0,1,8,8,309.0
2026-10-10T02:17:47Z,56742,2,2,16000,3250,473,0,1,8,7,307.5
2026-10-10T02:18:02Z,56758,2,2,16000,3050,526,0,1,7,7,307.5
2026-10-10T02:18:18Z,56773,2,2,16000,2850,544,0,1,7,6,307.5
2026-10-10T02:18:33Z,56789,2,2,16000,2850,505,0,1,6,6,307.5
2026-10-10T02:18:49Z,56804,2,2,16000,2850,289,0,1,6,6,303.0
2026-10-10T02:19:04Z,56820,2,2,16000,2650,300,0,1,6,5,303.0
2026-10-10T02:19:20Z,56835,2,2,16000,2650,380,0,1,5,5,304.5
2026-10-10T02:19:36Z,56851,2,2,16000,2450,553,0,1,5,4,309.0
2026-10-10T02:19:51Z,56867,2,2,16000,2450,580,0,1,4,4,310.5
2026-10-10T02:20:07Z,56882,2,2,16000,2450,809,0,1,4,4,313.5
2026-10-10T02:20:23Z,56898,2,2,16000,2450,845,0,1,4,4,315.0
2026-10-10T02:20:38Z,56914,2,2,16000,2450,820,0,1,4,4,315.0
2026-10-10T02:20:54Z,56929,2,2,16000,2450,864,0,1,4,4,315.0
2026-10-10T02:21:09Z,56945,2,2,16000,2450,745,0,1,4,4,312.0
2026-10-10T02:21:25Z,56960,2,2,16000,2250,827,0,1,4,3,315.0
2026-10-10T02:21:41Z,56976,2,2,16000,2250,840,0,1,3,3,313.5
2026-10-10T02:21:56Z,56992,2,2,16000,2250,1075,0,1,3,3,319.5
2026-10-10T02:22:12Z,57007,2,2,16000,2450,1154,0,1,3,4,319.5
2026-10-10T02:22:28Z,57023,2,2,16000,2450,1219,0,1,4,4,321.0
2026-10-10T02:22:44Z,57039,2,2,16000,2450,1451,2,1,4,5,325.5
2026-10-10T02:22:59Z,57055,2,2,16000,2650,1458,0,1,5,5,325.5
2026-10-10T02:23:15Z,57070,2,2,16000,2850,1837,0,1,5,6,333.0
2026-10-10T02:23:31Z,57086,2,2,16000,2850,1763,0,1,6,6,331.5
2026-10-10T02:23:46Z,57102,2,2,16000,2850,1753,0,1,6,6,331.5
2026-10-10T02:24:02Z,57117,2,2,16000,2850,1568,0,1,6,6,327.0
2026-10-10T02:24:18Z,57133,2,2,16000,2850,1583,0,1,6,6,328.5
2026-10-10T02:24:33Z,57149,2,2,16000,2850,1418,0,1,6,6,325.5
2026-10-10T02:24:49Z,57164,2,2,16000,2850,1413,0,1,6,6,324.0
2026-10-10T02:25:05Z,57180,2,2,16000,2850,1467,0,1,6,6,327.0
2026-10-10T02:25:20Z,57196,2,2,16000,2850,1595,0,1,6,6,328.5
2026-10-10T02:25:36Z,57211,2,2,16000,2850,1911,0,1,6,6,334.5
2026-10-10T02:25:52Z,57227,2,2,16000,2850,1914,0,1,6,6,334.5
2026-10-10T02:26:08Z,57243,2,2,16000,2850,2166,0,1,6,6,339.0
2026-10-10T02:26:23Z,57259,2,2,16000,2850,2110,0,1,6,6,337.5
2026-10-10T02:26:39Z,57274,2,2,16000,3250,2480,0,1,6,8,345.0
2026-10-10T02:26:55Z,57290,2,2,16000,3250,2647,0,1,8,8,348.0
2026-10-10T02:27:11Z,57306,2,2,16000,3250,2458,0,1,8,8,345.0
2026-10-10T02:27:26Z,57322,2,2,16000,3250,2478,0,1,8,8,345.0
2026-10-10T02:27:42Z,57337,2,2,16000,3250,2320,0,1,8,8,342.0
2026-10-10T02:27:58Z,57353,2,2,16000,3250,2036,0,1,8,8,336.0
2026-10-10T02:28:13Z,57369,2,2,16000,3250,1968,0,1,8,8,336.0
2026-10-10T02:28:29Z,57384,2,2,16000,3250,1741,0,1,8,8,330.0
2026-10-10T02:28:45Z,57400,2,2,16000,3250,1719,0,1,8,8,330.0
2026-10-10T02:29:00Z,57416,2,2,16000,3250,1706,0,1,8,8,331.5
2026-10-10T02:29:16Z,57431,2,2,16000,3250,1324,0,1,8,8,324.0
2026-10-10T02:29:32Z,57447,2,2,16000,3250,1349,0,1,8,8,319.5
2026-10-10T02:29:47Z,57463,2,2,16000,3250,1154,0,1,8,8,321.0
2026-10-10T02:30:03Z,57478,2,2,16000,3250,1053,0,1,8,8,318.0
2026-10-10T02:30:19Z,57494,2,2,16000,3250,1124,0,1,8,8,319.5
2026-10-10T02:30:34Z,57510,2,2,16000,3250,1164,0,1,8,8,319.5
2026-10-10T02:30:50Z,57525,2,2,16000,3250,1167,0,1,8,8,319.5
2026-10-10T02:31:06Z,57541,2,2,16000,3250,1121,0,1,8,8,319.5
2026-10-10T02:31:21Z,57557,2,2,16000,3250,955,0,1,8,8,316.5
2026-10-10T02:31:37Z,57572,2,2,16000,3250,904,0,1,8,8,315.0
2026-10-10T02:31:53Z,57588,2,2,16000,3250,808,0,1,8,8,313.5
2026-10-10T02:32:08Z,57604,2,2,16000,3250,557,0,1,8,8,309.0
2026-10-10T02:32:24Z,57619,2,2,16000,3250,623,0,1,8,8,310.5
2026-10-10T02:32:40Z,57635,2,2,16000,3250,497,0,1,8,8,307.5
2026-10-10T02:32:55Z,57651,2,2,16000,3050,592,0,1,8,7,309.0
2026-10-10T02:33:11Z,57666,2,2,16000,3050,620,0,1,7,7,310.5
2026-10-10T02:33:26Z,57682,2,2,16000,2850,571,0,1,7,6,309.0
2026-10-10T02:33:42Z,57697,2,2,16000,2850,547,0,1,6,6,309.0
2026-10-10T02:33:58Z,57713,2,2,16000,2850,287,0,1,6,6,303.0
2026-10-10T02:34:13Z,57729,2,2,16000,2650,307,0,1,6,5,304.5
2026-10-10T02:34:29Z,57744,2,2,16000,2650,378,0,1,5,4,306.0
2026-10-10T02:34:44Z,57760,2,2,16000,2450,519,1,1,4,4,307.5
2026-10-10T02:35:00Z,57775,2,2,16000,2450,548,0,1,4,4,309.0
2026-10-10T02:35:16Z,57791,2,2,16000,2450,709,0,1,4,4,312.0
2026-10-10T02:35:31Z,57807,2,2,16000,2450,741,0,1,4,4,312.0
2026-10-10T02:35:47Z,57822,2,2,16000,2450,775,0,1,4,4,312.0
2026-10-10T02:36:02Z,57838,2,2,16000,2450,631,0,1,4,4,310.5
2026-10-10T02:36:18Z,57853,2,2,16000,2450,755,0,1,4,4,313.5
2026-10-10T02:36:34Z,57869,2,2,16000,2450,736,0,1,4,3,312.0
2026-10-10T02:36:49Z,57885,2,2,16000,2250,1025,0,1,3,3,318.0
2026-10-10T02:37:05Z,57900,2,2,16000,2250,1020,0,1,3,3,318.0
2026-10-10T02:37:21Z,57916,2,2,16000,2250,1085,0,1,3,3,318.0
2026-10-10T02:37:36Z,57932,3,3,24000,2450,1407,0,1,3,4,399.0
2026-10-10T02:37:52Z,57947,3,3,24000,2450,1369,0,1,4,4,399.0
2026-10-10T02:38:07Z,57963,3,3,24000,2450,1706,0,1,4,4,405.0
2026-10-10T02:38:23Z,57978,3,3,24000,2850,1699,0,1,4,6,405.0
2026-10-10T02:38:39Z,57994,3,3,24000,2850,1744,0,1,6,6,406.5
2026-10-10T02:38:54Z,58010,3,3,24000,2850,1693,0,1,6,6,405.0
2026-10-10T02:39:10Z,58025,3,3,24000,2850,1496,0,1,6,6,400.5
2026-10-10T02:39:26Z,58041,3,3,24000,2850,1336,0,1,6,6,397.5
2026-10-10T02:39:41Z,58057,3,3,24000,2850,1395,0,1,6,6,399.0
2026-10-10T02:39:57Z,58072,3,3,24000,2850,1279,0,1,6,6,396.0
2026-10-10T02:40:12Z,58088,3,3,24000,2850,1407,0,1,6,6,400.5
2026-10-10T02:40:28Z,58103,3,3,24000,2850,1503,0,1,6,6,402.0
2026-10-10T02:40:44Z,58119,3,3,24000,2850,1641,0,1,6,6,405.0
2026-10-10T02:40:59Z,58135,3,3,24000,2850,1573,0,1,6,6,402.0
2026-10-10T02:41:15Z,58150,3,3,24000,2850,1960,0,1,6,6,409.5
2026-10-10T02:41:31Z,58166,3,3,24000,2850,2005,0,1,6,6,409.5
2026-10-10T02:41:46Z,58182,3,3,24000,2850,2066,0,1,6,6,411.0
2026-10-10T02:42:02Z,58197,3,3,24000,3250,2132,0,1,6,8,412.5
2026-10-10T02:42:18Z,58213,3,3,24000,3250,2258,0,1,8,8,415.5
2026-10-10T02:42:33Z,58229,3,3,24000,3250,2223,0,1,8,8,414.0
2026-10-10T02:42:49Z,58244,3,3,24000,3250,1910,0,1,8,8,408.0
2026-10-10T02:43:05Z,58260,3,3,24000,3250,1897,0,1,8,8,409.5
2026-10-10T02:43:20Z,58276,3,3,24000,3250,1640,0,1,8,8,405.0
2026-10-10T02:43:36Z,58291,3,3,24000,3250,1573,0,1,8,8,402.0
2026-10-10T02:43:51Z,58307,3,3,24000,3250,1458,0,1,8,8,399.0
2026-10-10T02:44:07Z,58322,3,3,24000,3250,1291,0,1,8,8,397.5
2026-10-10T02:44:23Z,58338,3,3,24000,3250,1296,0,1,8,8,397.5
2026-10-10T02:44:38Z,58354,3,3,24000,3250,1114,0,1,8,8,394.5
2026-10-10T02:44:54Z,58369,3,3,24000,3250,1074,0,1,8,8,393.0
2026-10-10T02:45:10Z,58385,3,3,24000,3250,931,0,1,8,8,390.0
2026-10-10T02:45:25Z,58401,3,3,24000,3250,1046,0,1,8,8,393.0
2026-10-10T02:45:41Z,58416,3,3,24000,3250,1067,0,1,8,8,393.0
2026-10-10T02:45:57Z,58432,3,3,24000,3250,1089,0,1,8,8,393.0
2026-10-10T02:46:12Z,58448,3,3,24000,3250,1105,0,1,8,8,394.5
2026-10-10T02:46:28Z,58463,3,3,24000,3250,912,0,1,8,8,391.5
2026-10-10T02:46:43Z,58479,3,3,24000,3250,779,0,1,8,8,387.0
2026-10-10T02:46:59Z,58494,3,3,24000,3250,759,0,1,8,8,387.0
2026-10-10T02:47:15Z,58510,3,3,24000,3250,560,0,1,8,8,382.5
2026-10-10T02:47:30Z,58526,3,3,24000,3250,545,0,1,8,7,382.5
2026-10-10T02:47:46Z,58541,3,3,24000,3050,453,0,1,7,7,381.0
2026-10-10T02:48:01Z,58557,3,3,24000,3050,531,0,1,7,6,382.5
2026-10-10T02:48:17Z,58572,2,2,16000,2850,519,0,1,6,6,309.0
2026-10-10T02:48:33Z,58588,2,2,16000,2850,538,0,1,6,5,307.5
2026-10-10T02:48:48Z,58604,2,2,16000,2650,311,0,1,5,5,304.5
2026-10-10T02:49:04Z,58619,2,2,16000,2650,289,0,1,5,5,304.5
2026-10-10T02:49:19Z,58635,2,2,16000,2650,327,0,1,5,5,304.5
2026-10-10T02:49:35Z,58650,2,2,16000,2650,523,0,1,5,4,307.5
2026-10-10T02:49:51Z,58666,2,2,16000,2450,530,0,1,4,3,309.0
2026-10-10T02:50:06Z,58682,2,2,16000,2250,716,0,1,3,3,312.0
2026-10-10T02:50:22Z,58697,2,2,16000,2250,746,0,1,3,3,313.5
2026-10-10T02:50:37Z,58713,2,2,16000,2250,741,0,1,3,3,312.0
2026-10-10T02:50:53Z,58728,2,2,16000,2250,735,0,1,3,3,312.0
2026-10-10T02:51:08Z,58744,2,2,16000,2250,673,0,1,3,3,312.0
2026-10-10T02:51:24Z,58759,2,2,16000,2250,769,0,1,3,3,312.0
2026-10-10T02:51:40Z,58775,2,2,16000,2250,767,0,1,3,3,312.0
2026-10-10T02:51:55Z,58791,2,2,16000,2250,925,0,1,3,3,315.0
2026-10-10T02:52:11Z,58806,2,2,16000,2250,1011,0,1,3,3,318.0
2026-10-10T02:52:27Z,58822,2,2,16000,2250,1077,0,1,3,3,319.5
2026-10-10T02:52:42Z,58838,2,2,16000,2450,1296,0,1,3,4,322.5
2026-10-10T02:52:58Z,58853,2,2,16000,2450,1408,0,1,4,4,325.5
2026-10-10T02:53:14Z,58869,2,2,16000,2450,1757,0,1,4,4,331.5
2026-10-10T02:53:29Z,58885,2,2,16000,2850,1751,0,1,4,6,331.5
2026-10-10T02:53:45Z,58900,2,2,16000,2850,1791,0,1,6,6,333.0
2026-10-10T02:54:00Z,58916,2,2,16000,2850,1821,0,1,6,6,333.0
2026-10-10T02:54:16Z,58931,2,2,16000,2850,1634,0,1,6,6,328.5
2026-10-10T02:54:32Z,58947,2,2,16000,2850,1329,0,1,6,6,325.5
2026-10-10T02:54:47Z,58963,2,2,16000,2850,1294,0,1,6,6,322.5
2026-10-10T02:55:03Z,58978,2,2,16000,2850,1419,0,1,6,6,324.0
2026-10-10T02:55:19Z,58994,2,2,16000,2850,1469,0,1,6,6,327.0
2026-10-10T02:55:34Z,59010,2,2,16000,2850,1665,0,1,6,6,330.0
2026-10-10T02:55:50Z,59025,2,2,16000,2850,1664,0,1,6,6,330.0
2026-10-10T02:56:05Z,59041,2,2,16000,2850,1957,0,1,6,6,336.0
2026-10-10T02:56:21Z,59056,2,2,16000,2850,2025,0,1,6,6,336.0
2026-10-10T02:56:37Z,59072,2,2,16000,2850,2150,0,1,6,6,339.0
2026-10-10T02:56:52Z,59088,2,2,16000,3050,2201,0,1,6,7,339.0
2026-10-10T02:57:08Z,59103,2,2,16000,3050,2187,0,1,7,7,339.0
2026-10-10T02:57:24Z,59119,2,2,16000,3050,2165,0,1,7,7,339.0
2026-10-10T02:57:39Z,59135,2,2,16000,3050,2180,0,1,7,7,340.5
2026-10-10T02:57:55Z,59151,2,2,16000,3050,2010,0,1,7,7,336.0
2026-10-10T02:58:11Z,59166,2,2,16000,3050,1927,0,1,7,7,334.5
2026-10-10T02:58:26Z,59182,2,2,16000,3050,1805,0,1,7,7,333.0
2026-10-10T02:58:42Z,59197,2,2,16000,3050,1649,0,1,7,7,328.5
2026-10-10T02:58:58Z,59213,2,2,16000,3050,1563,0,1,7,7,328.5
2026-10-10T02:59:13Z,59229,2,2,16000,3050,1277,0,1,7,7,322.5
2026-10-10T02:59:29Z,59244,2,2,16000,3050,1249,0,1,7,7,321.0
2026-10-10T02:59:44Z,59260,2,2,16000,3050,1110,0,1,7,7,319.5
2026-10-10T03:00:00Z,59275,2,2,16000,3050,1072,0,1,7,7,318.0
2026-10-10T03:00:16Z,59291,2,2,16000,3050,993,0,1,7,7,318.0
2026-10-10T03:00:31Z,59307,2,2,16000,3050,1125,0,1,7,7,319.5
2026-10-10T03:00:47Z,59322,2,2,16000,3050,1219,0,1,7,7,322.5
2026-10-10T03:01:03Z,59338,2,2,16000,3050,1135,0,1,7,7,321.0
2026-10-10T03:01:18Z,59354,2,2,16000,3050,958,0,1,7,7,316.5
2026-10-10T03:01:34Z,59369,2,2,16000,3050,832,0,1,7,7,313.5
2026-10-10T03:01:49Z,59385,2,2,16000,3050,795,0,1,7,7,313.5
2026-10-10T03:02:05Z,59400,2,2,16000,3050,527,0,1,7,7,307.5
2026-10-10T03:02:21Z,59416,2,2,16000,3050,546,0,1,7,7,309.0
2026-10-10T03:02:36Z,59432,2,2,16000,3050,430,0,1,7,7,307.5
2026-10-10T03:02:52Z,59447,2,2,16000,3050,531,0,1,7,7,309.0
2026-10-10T03:03:07Z,59463,2,2,16000,3050,539,0,1,7,7,307.5
2026-10-10T03:03:23Z,59478,2,2,16000,3050,495,0,1,7,7,307.5
2026-10-10T03:03:39Z,59494,2,2,16000,2850,505,0,1,7,6,307.5
2026-10-10T03:03:54Z,59510,2,2,16000,2850,322,0,1,6,6,304.5
2026-10-10T03:04:10Z,59525,2,2,16000,2650,298,0,1,6,5,303.0
2026-10-10T03:04:25Z,59541,2,2,16000,2650,321,0,1,5,5,304.5
2026-10-10T03:04:41Z,59556,2,2,16000,2450,519,0,1,5,4,309.0
2026-10-10T03:04:57Z,59572,2,2,16000,2450,556,0,1,4,4,309.0
2026-10-10T03:05:12Z,59588,2,2,16000,2450,677,0,1,4,4,310.5
2026-10-10T03:05:28Z,59603,2,2,16000,2450,722,0,1,4,4,312.0
2026-10-10T03:05:43Z,59619,2,2,16000,2450,769,0,1,4,4,313.5
2026-10-10T03:05:59Z,59634,2,2,16000,2450,780,0,1,4,4,313.5
2026-10-10T03:06:14Z,59650,2,2,16000,2450,694,0,1,4,4,312.0
2026-10-10T03:06:30Z,59665,2,2,16000,2450,767,0,1,4,4,313.5
2026-10-10T03:06:46Z,59681,2,2,16000,2250,848,0,1,4,3,315.0
2026-10-10T03:07:01Z,59697,2,2,16000,2250,889,0,1,3,3,315.0
2026-10-10T03:07:17Z,59712,2,2,16000,2450,997,0,1,4,4,316.5
2026-10-10T03:07:33Z,59728,2,2,16000,2450,1291,0,1,4,4,322.5
2026-10-10T03:07:48Z,59744,2,2,16000,2450,1343,0,1,4,4,324.0
2026-10-10T03:08:04Z,59759,2,2,16000,2650,1563,0,1,4,5,327.0
2026-10-10T03:08:19Z,59775,2,2,16000,2650,1842,0,1,5,5,333.0
2026-10-10T03:08:35Z,59790,2,2,16000,2850,1691,0,1,5,6,330.0
2026-10-10T03:08:51Z,59806,2,2,16000,2850,1707,0,1,6,6,331.5
2026-10-10T03:09:06Z,59822,2,2,16000,2850,1608,0,1,6,6,328.5
2026-10-10T03:09:22Z,59837,2,2,16000,2850,1379,0,1,6,6,324.0
2026-10-10T03:09:38Z,59853,2,2,16000,2850,1363,0,1,6,6,324.0
2026-10-10T03:09:53Z,59869,2,2,16000,2850,1255,0,1,6,6,321.0
2026-10-10T03:10:09Z,59884,2,2,16000,2850,1342,0,1,6,6,324.0
2026-10-10T03:10:24Z,59900,2,2,16000,2850,1400,0,1,6,6,324.0
2026-10-10T03:10:40Z,59915,2,2,16000,2850,1543,0,1,6,6,327.0
2026-10-10T03:10:56Z,59931,2,2,16000,2850,1578,0,1,6,6,327.0
2026-10-10T03:11:11Z,59947,2,2,16000,2850,1738,0,1,6,6,330.0
2026-10-10T03:11:27Z,59962,2,2,16000,2850,1930,0,1,6,6,336.0
2026-10-10T03:11:43Z,59978,2,2,16000,2850,1979,0,1,6,6,336.0
2026-10-10T03:11:58Z,59994,2,2,16000,3050,2115,0,1,6,7,337.5
2026-10-10T03:12:14Z,60009,2,2,16000,3050,2223,0,1,7,7,339.0
2026-10-10T03:12:30Z,60025,2,2,16000,3050,2270,0,1,7,7,342.0
2026-10-10T03:12:45Z,60041,2,2,16000,3050,2116,0,1,7,7,339.0
2026-10-10T03:13:01Z,60056,2,2,16000,3050,1891,0,1,7,7,333.0
2026-10-10T03:13:17Z,60072,2,2,16000,3050,1868,0,1,7,7,331.5
2026-10-10T03:13:32Z,60088,2,2,16000,3050,1540,0,1,7,7,327.0
2026-10-10T03:13:48Z,60103,2,2,16000,3050,1638,0,1,7,7,328.5
2026-10-10T03:14:03Z,60119,2,2,16000,3050,1374,0,1,7,7,324.0
2026-10-10T03:14:19Z,60134,2,2,16000,3050,1340,0,1,7,7,324.0
2026-10-10T03:14:35Z,60150,2,2,16000,3050,1252,0,1,7,7,321.0
2026-10-10T03:14:50Z,60166,2,2,16000,3050,1075,0,1,7,7,319.5
2026-10-10T03:15:06Z,60181,2,2,16000,3050,1010,0,1,7,7,318.0
2026-10-10T03:15:21Z,60197,2,2,16000,3050,1039,0,1,7,7,318.0
2026-10-10T03:15:37Z,60212,2,2,16000,3050,1108,0,1,7,7,319.5
2026-10-10T03:15:53Z,60228,2,2,16000,3050,1080,0,1,7,7,318.0
2026-10-10T03:16:08Z,60244,2,2,16000,3050,1123,0,1,7,7,319.5
2026-10-10T03:16:24Z,60259,2,2,16000,3050,1058,0,1,7,7,319.5
2026-10-10T03:16:40Z,60275,2,2,16000,3050,822,0,1,7,7,313.5
2026-10-10T03:16:55Z,60291,2,2,16000,3050,804,0,1,7,7,313.5
2026-10-10T03:17:11Z,60306,2,2,16000,3050,580,0,1,7,7,310.5
2026-10-10T03:17:26Z,60322,2,2,16000,3050,543,0,1,7,7,307.5
2026-10-10T03:17:42Z,60337,2,2,16000,3050,442,0,1,7,7,307.5
2026-10-10T03:17:57Z,60353,2,2,16000,2850,533,0,1,7,6,307.5
2026-10-10T03:18:13Z,60368,2,2,16000,2850,570,0,1,6,6,309.0
2026-10-10T03:18:29Z,60384,2,2,16000,2850,575,0,1,6,6,309.0
2026-10-10T03:18:44Z,60400,2,2,16000,2650,524,0,1,6,5,309.0
2026-10-10T03:19:00Z,60415,2,2,16000,2650,344,0,1,5,5,306.0
2026-10-10T03:19:15Z,60431,2,2,16000,2650,292,0,1,5,5,304.5
2026-10-10T03:19:31Z,60446,2,2,16000,2650,292,0,1,5,5,304.5
2026-10-10T03:19:46Z,60462,2,2,16000,2450,502,0,1,5,4,309.0
2026-10-10T03:20:02Z,60477,2,2,16000,2450,672,0,1,4,4,310.5
2026-10-10T03:20:18Z,60493,2,2,16000,2450,774,0,1,4,4,312.0
2026-10-10T03:20:33Z,60509,2,2,16000,2450,741,0,1,4,4,312.0
2026-10-10T03:20:49Z,60524,2,2,16000,2450,766,0,1,4,4,313.5
2026-10-10T03:21:04Z,60540,2,2,16000,2450,698,0,1,4,4,312.0
2026-10-10T03:21:20Z,60555,2,2,16000,2450,748,0,1,4,3,312.0
2026-10-10T03:21:36Z,60571,2,2,16000,2250,803,0,1,3,3,313.5
2026-10-10T03:21:51Z,60587,2,2,16000,2250,807,0,1,3,3,315.0
2026-10-10T03:22:07Z,60602,2,2,16000,2250,972,0,1,3,3,316.5
2026-10-10T03:22:22Z,60618,2,2,16000,2250,1053,0,1,3,3,318.0
2026-10-10T03:22:38Z,60633,2,2,16000,2450,1185,0,1,3,4,319.5
2026-10-10T03:22:54Z,60649,2,2,16000,2450,1194,0,1,4,4,321.0
2026-10-10T03:23:09Z,60665,2,2,16000,2650,1437,0,1,4,5,325.5
2026-10-10T03:23:25Z,60680,2,2,16000,2650,1640,0,1,5,5,330.0
2026-10-10T03:23:41Z,60696,2,2,16000,2650,1555,0,1,5,5,328.5
2026-10-10T03:23:56Z,60712,2,2,16000,2650,1570,0,1,5,5,327.0
2026-10-10T03:24:12Z,60727,2,2,16000,2650,1468,0,1,5,5,325.5
2026-10-10T03:24:27Z,60743,2,2,16000,2650,1257,0,1,5,5,322.5
2026-10-10T03:24:43Z,60758,2,2,16000,2650,1281,0,1,5,5,322.5
2026-10-10T03:24:59Z,60774,2,2,16000,2650,1081,0,1,5,5,318.0
2026-10-10T03:25:14Z,60790,2,2,16000,2650,1319,0,1,5,5,322.5
2026-10-10T03:25:30Z,60805,2,2,16000,2650,1308,0,1,5,5,324.0
2026-10-10T03:25:46Z,60821,2,2,16000,2650,1483,0,1,5,5,327.0
2026-10-10T03:26:03Z,60837,2,2,16000,2650,1640,0,1,5,5,330.0
2026-10-10T03:26:19Z,60854,2,2,16000,2650,1839,0,1,5,5,333.0
2026-10-10T03:26:34Z,60870,2,2,16000,2850,1853,0,1,6,6,333.0
2026-10-10T03:26:50Z,60885,2,2,16000,2850,2200,0,1,6,6,340.5
2026-10-10T03:27:06Z,60901,2,2,16000,3050,2136,0,1,6,7,339.0
2026-10-10T03:27:21Z,60917,2,2,16000,3050,2440,0,1,7,7,345.0
2026-10-10T03:27:37Z,60932,2,2,16000,3050,2264,0,1,7,7,342.0
2026-10-10T03:27:53Z,60948,2,2,16000,3050,1898,0,1,7,7,334.5
2026-10-10T03:28:08Z,60964,2,2,16000,3050,1852,0,1,7,7,333.0
2026-10-10T03:28:24Z,60979,2,2,16000,3050,1763,0,1,7,7,331.5
2026-10-10T03:28:39Z,60995,2,2,16000,3050,1584,0,1,7,7,328.5
2026-10-10T03:28:55Z,61010,2,2,16000,3050,1588,0,1,7,7,328.5
2026-10-10T03:29:11Z,61026,2,2,16000,3050,1410,0,1,7,7,324.0
2026-10-10T03:29:26Z,61042,2,2,16000,3050,1431,0,1,7,7,325.5
2026-10-10T03:29:42Z,61057,2,2,16000,3050,1279,0,1,7,7,322.5
2026-10-10T03:29:57Z,61073,2,2,16000,3050,1197,0,1,7,7,321.0
2026-10-10T03:30:13Z,61088,2,2,16000,3050,1122,0,1,7,7,319.5
2026-10-10T03:30:29Z,61104,2,2,16000,3050,1028,0,1,7,7,318.0
2026-10-10T03:30:44Z,61120,2,2,16000,3050,1215,0,1,7,7,321.0
2026-10-10T03:31:00Z,61135,2,2,16000,3050,1205,0,1,7,7,321.0
2026-10-10T03:31:15Z,61151,2,2,16000,3050,1174,0,1,7,7,319.5
2026-10-10T03:31:31Z,61166,2,2,16000,3050,1169,0,1,7,7,321.0
2026-10-10T03:31:47Z,61182,2,2,16000,3050,809,0,1,7,7,315.0
2026-10-10T03:32:02Z,61198,2,2,16000,3050,610,0,1,7,7,310.5
2026-10-10T03:32:18Z,61213,2,2,16000,3050,539,0,1,7,7,307.5
2026-10-10T03:32:33Z,61229,2,2,16000,3050,455,0,1,7,7,307.5
2026-10-10T03:32:49Z,61244,2,2,16000,3050,500,0,1,7,7,307.5
2026-10-10T03:33:05Z,61260,2,2,16000,3050,526,0,1,7,6,307.5
2026-10-10T03:33:20Z,61276,2,2,16000,2850,588,0,1,6,6,309.0
2026-10-10T03:33:36Z,61291,2,2,16000,2850,513,0,1,6,6,309.0
2026-10-10T03:33:51Z,61307,2,2,16000,2850,390,0,1,6,5,306.0
2026-10-10T03:34:07Z,61322,2,2,16000,2650,314,0,1,5,5,304.5
2026-10-10T03:34:23Z,61338,2,2,16000,2650,289,0,1,5,5,304.5
2026-10-10T03:34:38Z,61354,2,2,16000,2650,470,0,1,5,4,307.5
2026-10-10T03:34:54Z,61369,2,2,16000,2450,529,0,1,4,4,307.5
2026-10-10T03:35:09Z,61385,2,2,16000,2450,567,0,1,4,4,309.0
2026-10-10T03:35:25Z,61400,2,2,16000,2450,720,0,1,4,4,312.0
2026-10-10T03:35:40Z,61416,2,2,16000,2450,733,0,1,4,4,312.0
2026-10-10T03:35:56Z,61431,2,2,16000,2450,758,0,1,4,4,312.0
2026-10-10T03:36:12Z,61447,2,2,16000,2450,729,0,1,4,4,312.0
2026-10-10T03:36:27Z,61463,2,2,16000,2250,674,0,1,4,3,312.0
2026-10-10T03:36:43Z,61478,2,2,16000,2250,806,0,1,3,3,313.5
2026-10-10T03:36:58Z,61494,2,2,16000,2250,860,0,1,3,3,315.0
2026-10-10T03:37:14Z,61509,2,2,16000,2250,1026,1,1,3,3,318.0
2026-10-10T03:37:30Z,61525,2,2,16000,2450,1069,0,1,3,4,319.5
2026-10-10T03:37:45Z,61541,2,2,16000,2450,1329,0,1,4,4,322.5
2026-10-10T03:38:01Z,61556,2,2,16000,2450,1301,0,1,4,4,322.5
2026-10-10T03:38:17Z,61572,2,2,16000,2450,1365,0,1,4,4,330.0
2026-10-10T03:38:32Z,61588,2,2,16000,2850,1619,0,1,4,6,330.0
2026-10-10T03:38:48Z,61603,2,2,16000,2850,1594,0,1,6,6,328.5
2026-10-10T03:39:03Z,61619,2,2,16000,2850,1569,0,1,6,6,327.0
2026-10-10T03:39:19Z,61634,2,2,16000,2850,1310,0,1,6,6,324.0
2026-10-10T03:39:35Z,61650,2,2,16000,2850,1332,0,1,6,6,324.0
2026-10-10T03:39:50Z,61666,2,2,16000,2850,1199,0,1,6,6,321.0
2026-10-10T03:40:06Z,61681,2,2,16000,2850,1433,0,1,6,6,325.5
2026-10-10T03:40:22Z,61697,2,2,16000,2850,1471,0,1,6,6,325.5
2026-10-10T03:40:37Z,61713,2,2,16000,2850,1663,0,1,6,6,330.0
2026-10-10T03:40:53Z,61728,2,2,16000,2850,1661,0,1,6,6,330.0
2026-10-10T03:41:08Z,61744,2,2,16000,2850,1708,0,1,6,6,331.5
2026-10-10T03:41:24Z,61759,2,2,16000,2850,1896,0,1,6,6,333.0
2026-10-10T03:41:40Z,61775,2,2,16000,2850,1995,0,1,6,6,336.0
2026-10-10T03:41:55Z,61791,2,2,16000,3050,2308,0,1,6,7,340.5
2026-10-10T03:42:11Z,61806,2,2,16000,3050,2294,0,1,7,7,342.0
2026-10-10T03:42:27Z,61822,2,2,16000,3050,2225,0,1,7,7,340.5
2026-10-10T03:42:42Z,61838,2,2,16000,3050,2169,0,1,7,7,339.0
2026-10-10T03:42:58Z,61853,2,2,16000,3050,1940,0,1,7,7,334.5
2026-10-10T03:43:14Z,61869,2,2,16000,3050,1761,0,1,7,7,331.5
2026-10-10T03:43:29Z,61885,2,2,16000,3050,1779,0,1,7,7,333.0
2026-10-10T03:43:45Z,61900,2,2,16000,3050,1427,0,1,7,7,325.5
2026-10-10T03:44:00Z,61916,2,2,16000,3050,1614,0,1,7,7,328.5
2026-10-10T03:44:16Z,61931,2,2,16000,3050,1334,0,1,7,7,324.0
2026-10-10T03:44:32Z,61947,2,2,16000,3050,1275,0,1,7,7,321.0
2026-10-10T03:44:47Z,61963,2,2,16000,3050,1029,0,1,7,7,318.0
2026-10-10T03:45:03Z,61978,2,2,16000,3050,1043,1,1,7,7,318.0
2026-10-10T03:45:19Z,61994,2,2,16000,3050,925,0,1,7,7,315.0
2026-10-10T03:45:34Z,62010,2,2,16000,3050,1059,0,1,7,7,319.5
2026-10-10T03:45:50Z,62025,2,2,16000,3050,1113,0,1,7,7,319.5
2026-10-10T03:46:05Z,62041,2,2,16000,3050,1097,0,1,7,7,318.0
2026-10-10T03:46:21Z,62056,2,2,16000,3050,1047,0,1,7,7,318.0
2026-10-10T03:46:37Z,62072,2,2,16000,3050,844,0,1,7,7,313.5
2026-10-10T03:46:52Z,62088,2,2,16000,3050,801,0,1,7,7,313.5
2026-10-10T03:47:08Z,62103,2,2,16000,3050,614,0,1,7,7,310.5
2026-10-10T03:47:23Z,62119,2,2,16000,3050,589,0,1,7,7,309.0
2026-10-10T03:47:39Z,62134,2,2,16000,3050,486,0,1,7,7,307.5
2026-10-10T03:47:55Z,62150,2,2,16000,3050,484,0,1,7,7,307.5
2026-10-10T03:48:10Z,62166,2,2,16000,3050,533,0,1,7,6,307.5
2026-10-10T03:48:26Z,62181,2,2,16000,2650,536,0,1,6,5,307.5
2026-10-10T03:48:41Z,62197,2,2,16000,2650,526,0,1,5,5,309.0
2026-10-10T03:48:57Z,62212,2,2,16000,2650,404,0,1,5,5,306.0
2026-10-10T03:49:12Z,62228,2,2,16000,2650,291,0,1,5,5,304.5
2026-10-10T03:49:28Z,62243,2,2,16000,2450,298,0,1,5,4,304.5
2026-10-10T03:49:44Z,62259,2,2,16000,2450,451,0,1,4,4,307.5
2026-10-10T03:49:59Z,62275,2,2,16000,2450,533,0,1,4,4,309.0
2026-10-10T03:50:15Z,62290,2,2,16000,2450,566,0,1,4,4,310.5
2026-10-10T03:50:30Z,62306,2,2,16000,2450,779,0,1,4,4,313.5
2026-10-10T03:50:46Z,62321,2,2,16000,2450,755,0,1,4,4,312.0
2026-10-10T03:51:02Z,62337,2,2,16000,2450,783,0,1,4,4,312.0
2026-10-10T03:51:17Z,62353,2,2,16000,2450,680,0,1,4,4,312.0
2026-10-10T03:51:33Z,62368,2,2,16000,2250,829,0,1,4,3,313.5
2026-10-10T03:51:48Z,62384,2,2,16000,2250,881,0,1,3,3,315.0
2026-10-10T03:52:04Z,62399,2,2,16000,2250,1069,0,1,3,3,319.5
2026-10-10T03:52:20Z,62415,2,2,16000,2450,1088,0,1,3,4,318.0
2026-10-10T03:52:35Z,62431,2,2,16000,2450,1237,0,1,4,4,322.5
2026-10-10T03:52:51Z,62446,2,2,16000,2450,1286,0,1,4,4,322.5
2026-10-10T03:53:06Z,62462,2,2,16000,2450,1388,0,1,4,4,324.0
2026-10-10T03:53:22Z,62477,2,2,16000,2850,1689,0,1,4,6,330.0
2026-10-10T03:53:38Z,62493,2,2,16000,2850,1657,0,1,6,6,328.5
2026-10-10T03:53:53Z,62509,2,2,16000,2850,1689,0,1,6,6,330.0
2026-10-10T03:54:09Z,62524,2,2,16000,2850,1664,0,1,6,6,328.5
2026-10-10T03:54:25Z,62540,2,2,16000,2850,1330,0,1,6,6,322.5
2026-10-10T03:54:40Z,62556,2,2,16000,2850,1397,0,1,6,6,325.5
2026-10-10T03:54:56Z,62571,2,2,16000,2850,1247,0,1,6,6,321.0
2026-10-10T03:55:11Z,62587,2,2,16000,2850,1413,0,1,6,6,324.0
2026-10-10T03:55:27Z,62602,2,2,16000,2850,1382,0,1,6,6,324.0
2026-10-10T03:55:43Z,62618,2,2,16000,2850,1751,0,1,6,6,331.5
2026-10-10T03:55:58Z,62634,2,2,16000,2850,1745,0,1,6,6,331.5
2026-10-10T03:56:14Z,62649,2,2,16000,2850,1841,0,1,6,6,333.0
2026-10-10T03:56:30Z,62665,2,2,16000,2850,1982,0,1,6,6,336.0
2026-10-10T03:56:45Z,62681,2,2,16000,2850,1968,0,1,6,6,336.0
2026-10-10T03:57:01Z,62696,2,2,16000,3250,2406,0,1,6,8,343.5
2026-10-10T03:57:17Z,62712,2,2,16000,3250,2394,0,1,8,8,343.5
2026-10-10T03:57:32Z,62728,2,2,16000,3250,2349,0,1,8,8,342.0
2026-10-10T03:57:48Z,62743,2,2,16000,3250,2170,0,1,8,8,339.0
2026-10-10T03:58:04Z,62759,2,2,16000,3250,1959,0,1,8,8,334.5
2026-10-10T03:58:19Z,62775,2,2,16000,3250,2008,0,1,8,8,336.0
2026-10-10T03:58:35Z,62790,2,2,16000,3250,1657,0,1,8,8,330.0
2026-10-10T03:58:51Z,62806,2,2,16000,3250,1711,0,1,8,8,330.0
2026-10-10T03:59:06Z,62822,2,2,16000,3250,1453,0,1,8,8,325.5
2026-10-10T03:59:22Z,62837,2,2,16000,3250,1356,0,1,8,8,324.0
2026-10-10T03:59:37Z,62853,2,2,16000,3250,1295,0,1,8,8,322.5
2026-10-10T03:59:53Z,62868,2,2,16000,3250,1042,0,1,8,8,318.0
2026-10-10T04:00:09Z,62884,2,2,16000,3250,1055,0,1,8,8,318.0
2026-10-10T04:00:24Z,62900,2,2,16000,3250,923,0,1,8,8,316.5
2026-10-10T04:00:40Z,62915,2,2,16000,3250,1026,0,1,8,8,318.0
2026-10-10T04:00:55Z,62931,2,2,16000,3250,1108,0,1,8,8,318.0
2026-10-10T04:01:11Z,62946,2,2,16000,3250,1084,0,1,8,8,319.5
2026-10-10T04:01:27Z,62962,2,2,16000,3250,1067,0,1,8,8,318.0
2026-10-10T04:01:42Z,62978,2,2,16000,3250,804,0,1,8,8,313.5
2026-10-10T04:01:58Z,62993,2,2,16000,3250,844,0,1,8,8,313.5
2026-10-10T04:02:13Z,63009,2,2,16000,3250,601,0,1,8,8,309.0
2026-10-10T04:02:29Z,63024,2,2,16000,3250,530,0,1,8,8,307.5
2026-10-10T04:02:45Z,63040,2,2,16000,3250,476,0,1,8,8,307.5
2026-10-10T04:03:00Z,63056,2,2,16000,3050,498,0,1,8,7,307.5
2026-10-10T04:03:16Z,63071,2,2,16000,3050,524,0,1,7,7,309.0
2026-10-10T04:03:31Z,63087,2,2,16000,2850,517,0,1,7,6,309.0
2026-10-10T04:03:47Z,63102,2,2,16000,2850,410,0,1,6,6,306.0
2026-10-10T04:04:03Z,63118,2,2,16000,2650,309,0,1,6,5,304.5
2026-10-10T04:04:18Z,63134,2,2,16000,2650,314,0,1,5,5,303.0
2026-10-10T04:04:34Z,63149,2,2,16000,2650,449,0,1,5,5,307.5
2026-10-10T04:04:49Z,63165,2,2,16000,2450,569,0,1,5,4,309.0
2026-10-10T04:05:05Z,63180,2,2,16000,2450,588,0,1,4,4,309.0
2026-10-10T04:05:21Z,63196,2,2,16000,2450,738,0,1,4,4,312.0
2026-10-10T04:05:36Z,63212,2,2,16000,2450,752,0,1,4,4,313.5
2026-10-10T04:05:52Z,63227,2,2,16000,2450,742,0,1,4,4,313.5
2026-10-10T04:06:07Z,63243,2,2,16000,2450,783,0,1,4,4,313.5
2026-10-10T04:06:23Z,63258,2,2,16000,2450,700,0,1,4,3,312.0
2026-10-10T04:06:39Z,63274,2,2,16000,2250,812,0,1,3,3,313.5
2026-10-10T04:06:54Z,63290,2,2,16000,2250,823,0,1,3,3,313.5
2026-10-10T04:07:10Z,63305,2,2,16000,2250,1076,0,1,3,3,319.5
2026-10-10T04:07:25Z,63321,2,2,16000,2250,1061,0,1,3,3,318.0
2026-10-10T04:07:41Z,63336,2,2,16000,2450,1205,0,1,3,4,321.0
2026-10-10T04:07:57Z,63352,2,2,16000,2450,1264,0,1,4,4,322.5
2026-10-10T04:08:12Z,63368,2,2,16000,2450,1382,0,1,4,4,324.0
2026-10-10T04:08:28Z,63383,2,2,16000,2650,1622,0,1,4,5,328.5
2026-10-10T04:08:44Z,63399,2,2,16000,2650,1632,0,1,5,5,328.5
2026-10-10T04:08:59Z,63415,2,2,16000,2650,1534,0,1,5,5,327.0
2026-10-10T04:09:15Z,63430,2,2,16000,2650,1564,0,1,5,5,327.0
2026-10-10T04:09:30Z,63446,2,2,16000,2650,1303,0,1,5,5,322.5
2026-10-10T04:09:46Z,63461,2,2,16000,2650,1191,0,1,5,5,321.0
2026-10-10T04:10:02Z,63477,2,2,16000,2650,1137,0,1,5,5,322.5
2026-10-10T04:10:17Z,63493,2,2,16000,2650,1292,0,1,5,5,322.5
2026-10-10T04:10:33Z,63508,2,2,16000,2650,1522,0,1,5,5,327.0
2026-10-10T04:10:49Z,63524,2,2,16000,2650,1662,0,1,5,5,330.0
2026-10-10T04:11:04Z,63540,2,2,16000,2650,1665,0,1,5,5,330.0
2026-10-10T04:11:20Z,63555,2,2,16000,2850,1977,0,1,5,6,336.0
2026-10-10T04:11:35Z,63571,2,2,16000,2850,1924,0,1,6,6,334.5
2026-10-10T04:11:51Z,63586,2,2,16000,2850,2211,0,1,6,6,340.5
2026-10-10T04:12:07Z,63602,2,2,16000,2850,2224,2,1,6,8,339.0
2026-10-10T04:12:22Z,63618,2,2,16000,3250,2409,0,1,8,8,343.5
2026-10-10T04:12:38Z,63633,2,2,16000,3250,2297,0,1,8,8,340.5
2026-10-10T04:12:54Z,63649,2,2,16000,3250,2100,0,1,8,8,339.0
2026-10-10T04:13:09Z,63665,2,2,16000,3250,1919,0,1,8,8,334.5
2026-10-10T04:13:25Z,63680,2,2,16000,3250,1924,0,1,8,8,334.5
2026-10-10T04:13:41Z,63696,2,2,16000,3250,1662,0,1,8,8,328.5
2026-10-10T04:13:56Z,63712,2,2,16000,3250,1674,0,1,8,8,330.0
2026-10-10T04:14:12Z,63727,2,2,16000,3250,1480,0,1,8,8,325.5
2026-10-10T04:14:28Z,63743,2,2,16000,3250,1330,0,1,8,8,324.0
2026-10-10T04:14:43Z,63759,2,2,16000,3250,1240,0,1,8,8,321.0
2026-10-10T04:14:59Z,63774,2,2,16000,3250,1042,0,1,8,8,318.0
2026-10-10T04:15:15Z,63790,2,2,16000,3250,1026,0,1,8,8,318.0
2026-10-10T04:15:30Z,63806,2,2,16000,3250,1013,0,1,8,8,318.0
2026-10-10T04:15:46Z,63821,2,2,16000,3250,1167,0,1,8,8,319.5
2026-10-10T04:16:01Z,63837,2,2,16000,3250,1177,0,1,8,8,321.0
2026-10-10T04:16:17Z,63852,2,2,16000,3250,1128,0,1,8,8,319.5
2026-10-10T04:16:33Z,63868,2,2,16000,3250,841,0,1,8,8,315.0
2026-10-10T04:16:48Z,63884,2,2,16000,3250,827,0,1,8,8,315.0
2026-10-10T04:17:04Z,63899,2,2,16000,3250,606,0,1,8,8,309.0
2026-10-10T04:17:19Z,63915,2,2,16000,3250,557,0,1,8,8,309.0
2026-10-10T04:17:35Z,63930,2,2,16000,3250,487,0,1,8,8,307.5
2026-10-10T04:17:51Z,63946,2,2,16000,3050,520,0,1,8,7,309.0
2026-10-10T04:18:06Z,63962,2,2,16000,3050,536,0,1,7,7,307.5
2026-10-10T04:18:22Z,63977,2,2,16000,3050,561,0,1,7,6,309.0
2026-10-10T04:18:37Z,63993,2,2,16000,2850,555,0,1,6,6,309.0
2026-10-10T04:18:53Z,64008,2,2,16000,2850,430,0,1,6,5,306.0
2026-10-10T04:19:09Z,64024,2,2,16000,2650,304,0,1,5,5,303.0
2026-10-10T04:19:24Z,64040,2,2,16000,2650,298,0,1,5,4,304.5
2026-10-10T04:19:40Z,64055,2,2,16000,2450,492,0,1,4,4,307.5
2026-10-10T04:19:55Z,64071,2,2,16000,2450,549,0,1,4,4,309.0
2026-10-10T04:20:11Z,64086,2,2,16000,2450,572,0,1,4,4,309.0
2026-10-10T04:20:27Z,64102,2,2,16000,2450,782,0,1,4,4,312.0
2026-10-10T04:20:42Z,64118,2,2,16000,2450,762,0,1,4,4,313.5
2026-10-10T04:20:58Z,64133,2,2,16000,2450,772,0,1,4,4,312.0
2026-10-10T04:21:13Z,64149,2,2,16000,2450,757,0,1,4,4,313.5
2026-10-10T04:21:29Z,64164,2,2,16000,2250,733,0,1,4,3,312.0
2026-10-10T04:21:44Z,64180,2,2,16000,2250,732,0,1,3,3,312.0
2026-10-10T04:22:00Z,64195,2,2,16000,2250,788,0,1,3,3,313.5
2026-10-10T04:22:16Z,64211,2,2,16000,2250,970,0,1,3,3,318.0
2026-10-10T04:22:31Z,64227,2,2,16000,2250,984,0,1,3,3,318.0
2026-10-10T04:22:47Z,64242,2,2,16000,2450,1234,0,1,3,4,321.0
2026-10-10T04:23:02Z,64258,2,2,16000,2450,1314,0,1,4,4,322.5
2026-10-10T04:23:18Z,64273,2,2,16000,2450,1499,0,1,4,4,327.0
2026-10-10T04:23:34Z,64289,2,2,16000,2650,1584,0,1,4,5,328.5
2026-10-10T04:23:49Z,64305,2,2,16000,2650,1503,0,1,5,5,327.0
2026-10-10T04:24:05Z,64320,2,2,16000,2650,1499,0,1,5,5,327.0
2026-10-10T04:24:20Z,64336,2,2,16000,2650,1277,0,1,5,5,322.5
2026-10-10T04:24:36Z,64351,2,2,16000,2650,1292,0,1,5,5,322.5
2026-10-10T04:24:52Z,64367,2,2,16000,2650,1087,0,1,5,5,319.5
2026-10-10T04:25:07Z,64383,2,2,16000,2650,1280,0,1,5,5,322.5
2026-10-10T04:25:23Z,64398,2,2,16000,2650,1197,0,1,5,5,321.0
2026-10-10T04:25:38Z,64414,2,2,16000,2650,1382,0,1,5,5,324.0
2026-10-10T04:25:54Z,64429,2,2,16000,2650,1484,1,1,5,5,325.5
2026-10-10T04:26:10Z,64445,2,2,16000,2650,1518,0,1,5,5,327.0
2026-10-10T04:26:26Z,64461,2,2,16000,2850,1787,0,1,5,6,333.0
2026-10-10T04:26:41Z,64477,2,2,16000,2850,1757,0,1,6,6,331.5
2026-10-10T04:26:57Z,64492,2,2,16000,2850,2058,0,1,6,6,337.5
2026-10-10T04:27:13Z,64508,2,2,16000,2850,2105,0,1,6,6,337.5
2026-10-10T04:27:28Z,64524,3,3,24000,3050,2025,0,1,6,7,411.0
2026-10-10T04:27:44Z,64539,3,3,24000,3050,2029,0,1,7,7,412.5
2026-10-10T04:27:59Z,64555,3,3,24000,3050,1930,0,1,7,7,409.5
2026-10-10T04:28:15Z,64570,3,3,24000,3050,1762,0,1,7,7,406.5
2026-10-10T04:28:31Z,64586,2,2,16000,3050,1758,0,1,7,7,331.5
2026-10-10T04:28:46Z,64602,2,2,16000,3050,1492,0,1,7,7,327.0
2026-10-10T04:29:02Z,64617,2,2,16000,3050,1373,0,1,7,7,325.5
2026-10-10T04:29:18Z,64633,2,2,16000,3050,1203,0,1,7,7,321.0
2026-10-10T04:29:33Z,64649,2,2,16000,3050,1178,0,1,7,7,319.5
2026-10-10T04:29:49Z,64664,2,2,16000,3050,1002,0,1,7,7,316.5
2026-10-10T04:30:05Z,64680,2,2,16000,3050,956,0,1,7,7,316.5
2026-10-10T04:30:20Z,64696,2,2,16000,3050,912,0,1,7,7,316.5
2026-10-10T04:30:36Z,64711,2,2,16000,3050,934,0,1,7,7,316.5
2026-10-10T04:30:51Z,64727,2,2,16000,3050,1046,0,1,7,7,318.0
2026-10-10T04:31:07Z,64742,2,2,16000,3050,964,0,1,7,7,316.5
2026-10-10T04:31:23Z,64758,2,2,16000,3050,975,0,1,7,7,318.0
2026-10-10T04:31:38Z,64774,2,2,16000,3050,727,0,1,7,7,312.0
2026-10-10T04:31:54Z,64789,2,2,16000,3050,723,0,1,7,7,313.5
2026-10-10T04:32:09Z,64805,2,2,16000,3050,602,0,1,7,7,310.5
2026-10-10T04:32:25Z,64820,2,2,16000,3050,544,0,1,7,7,309.0
2026-10-10T04:32:41Z,64836,2,2,16000,3050,496,0,1,7,7,307.5
2026-10-10T04:32:57Z,64852,2,2,16000,3050,520,0,1,7,6,309.0
2026-10-10T04:33:12Z,64868,2,2,16000,2850,553,0,1,6,6,309.0
2026-10-10T04:33:28Z,64883,2,2,16000,2850,538,0,1,6,6,309.0
2026-10-10T04:33:43Z,64899,2,2,16000,2650,490,0,1,6,5,307.5
2026-10-10T04:33:59Z,64914,2,2,16000,2650,429,0,1,5,5,307.5
2026-10-10T04:34:15Z,64930,2,2,16000,2650,300,0,1,5,5,304.5
2026-10-10T04:34:30Z,64946,2,2,16000,2450,285,0,1,5,4,304.5
2026-10-10T04:34:46Z,64961,2,2,16000,2450,427,0,1,4,4,307.5
2026-10-10T04:35:01Z,64977,2,2,16000,2450,555,0,1,4,4,309.0
2026-10-10T04:35:17Z,64992,2,2,16000,2450,738,0,1,4,4,312.0
2026-10-10T04:35:32Z,65008,2,2,16000,2450,764,0,1,4,4,312.0
2026-10-10T04:35:48Z,65023,2,2,16000,2450,753,0,1,4,4,312.0
2026-10-10T04:36:04Z,65039,2,2,16000,2450,804,0,1,4,4,313.5
2026-10-10T04:36:19Z,65055,2,2,16000,2450,649,0,1,4,4,310.5
2026-10-10T04:36:35Z,65070,2,2,16000,2250,755,0,1,4,3,312.0
2026-10-10T04:36:51Z,65086,2,2,16000,2250,765,0,1,3,3,313.5
2026-10-10T04:37:06Z,65102,2,2,16000,2250,973,0,1,3,3,316.5
2026-10-10T04:37:22Z,65117,2,2,16000,2250,1036,0,1,3,3,318.0
2026-10-10T04:37:37Z,65133,2,2,16000,2250,1176,0,1,3,3,319.5
2026-10-10T04:37:53Z,65148,2,2,16000,2450,1346,0,1,4,4,324.0
2026-10-10T04:38:09Z,65164,2,2,16000,2450,1359,0,1,4,4,324.0
2026-10-10T04:38:24Z,65180,2,2,16000,2850,1510,0,1,4,6,327.0
2026-10-10T04:38:40Z,65195,2,2,16000,2850,1626,0,1,6,6,328.5
2026-10-10T04:38:56Z,65211,2,2,16000,2850,1577,0,1,6,6,328.5
2026-10-10T04:39:11Z,65227,2,2,16000,2850,1508,0,1,6,6,325.5
2026-10-10T04:39:27Z,65242,2,2,16000,2850,1315,0,1,6,6,322.5
2026-10-10T04:39:42Z,65258,2,2,16000,2850,1322,0,1,6,6,322.5
2026-10-10T04:39:58Z,65273,3,3,24000,2850,1238,0,1,6,6,397.5
2026-10-10T04:40:14Z,65289,3,3,24000,2850,1317,0,1,6,6,399.0
2026-10-10T04:40:29Z,65305,3,3,24000,2850,1321,0,1,6,6,397.5
2026-10-10T04:40:45Z,65320,3,3,24000,2850,1603,0,1,6,6,403.5
2026-10-10T04:41:01Z,65336,2,2,16000,2850,1704,0,1,6,6,330.0
2026-10-10T04:41:16Z,65352,2,2,16000,2850,1763,0,1,6,6,331.5
2026-10-10T04:41:32Z,65367,2,2,16000,2850,1923,1,1,6,6,334.5
2026-10-10T04:41:48Z,65383,2,2,16000,2850,2058,0,1,6,6,337.5
2026-10-10T04:42:03Z,65399,2,2,16000,2850,2139,0,1,6,6,337.5
2026-10-10T04:42:19Z,65414,2,2,16000,3050,2115,0,1,6,7,337.5
2026-10-10T04:42:35Z,65430,2,2,16000,3050,2237,0,1,7,7,340.5
2026-10-10T04:42:50Z,65446,2,2,16000,3050,2025,0,1,7,7,336.0
2026-10-10T04:43:06Z,65461,2,2,16000,3050,1891,0,1,7,7,334.5
2026-10-10T04:43:22Z,65477,2,2,16000,3050,1899,0,1,7,7,333.0
2026-10-10T04:43:37Z,65493,2,2,16000,3050,1622,0,1,7,7,328.5
2026-10-10T04:43:53Z,65508,2,2,16000,3050,1683,0,1,7,7,330.0
2026-10-10T04:44:08Z,65524,2,2,16000,3050,1423,0,1,7,7,325.5
2026-10-10T04:44:24Z,65539,2,2,16000,3050,1316,0,1,7,7,322.5
2026-10-10T04:44:40Z,65555,2,2,16000,3050,1237,0,1,7,7,321.0
2026-10-10T04:44:55Z,65571,2,2,16000,3050,1040,0,1,7,7,318.0
2026-10-10T04:45:11Z,65586,2,2,16000,3050,1134,0,1,7,7,319.5
2026-10-10T04:45:27Z,65602,2,2,16000,3050,976,0,1,7,7,318.0
2026-10-10T04:45:42Z,65618,2,2,16000,3050,1042,0,1,7,7,318.0
2026-10-10T04:45:58Z,65633,2,2,16000,3050,1003,0,1,7,7,318.0
2026-10-10T04:46:13Z,65649,2,2,16000,3050,1065,0,1,7,7,318.0
2026-10-10T04:46:29Z,65664,2,2,16000,3050,1062,0,1,7,7,318.0
2026-10-10T04:46:45Z,65680,2,2,16000,3050,825,0,1,7,7,315.0
2026-10-10T04:47:00Z,65696,2,2,16000,3050,814,0,1,7,7,315.0
2026-10-10T04:47:16Z,65711,2,2,16000,3050,683,0,1,7,7,312.0
2026-10-10T04:47:31Z,65727,2,2,16000,3050,548,0,1,7,7,307.5
2026-10-10T04:47:47Z,65742,2,2,16000,3050,498,0,1,7,7,307.5
2026-10-10T04:48:03Z,65758,2,2,16000,3050,539,0,1,7,7,307.5
2026-10-10T04:48:18Z,65774,2,2,16000,3050,567,0,1,7,7,309.0
2026-10-10T04:48:34Z,65789,2,2,16000,2850,549,0,1,7,6,309.0
2026-10-10T04:48:49Z,65805,2,2,16000,2850,442,0,1,6,6,307.5
2026-10-10T04:49:05Z,65820,2,2,16000,2850,284,0,1,6,6,303.0
2026-10-10T04:49:21Z,65836,2,2,16000,2650,302,1,1,6,5,303.0
2026-10-10T04:49:36Z,65852,2,2,16000,2650,422,0,1,5,5,307.5
2026-10-10T04:49:52Z,65867,2,2,16000,2450,540,0,1,5,4,307.5
2026-10-10T04:50:07Z,65883,2,2,16000,2450,586,0,1,4,4,309.0
2026-10-10T04:50:23Z,65898,2,2,16000,2450,773,0,1,4,4,313.5
2026-10-10T04:50:38Z,65914,2,2,16000,2450,731,0,1,4,4,312.0
2026-10-10T04:50:54Z,65929,2,2,16000,2450,755,0,1,4,4,312.0
2026-10-10T04:51:10Z,65945,2,2,16000,2450,780,0,1,4,4,313.5
2026-10-10T04:51:25Z,65961,2,2,16000,2450,677,0,1,4,3,312.0
2026-10-10T04:51:41Z,65976,2,2,16000,2250,819,0,1,3,3,315.0
2026-10-10T04:51:56Z,65992,2,2,16000,2250,825,0,1,3,3,315.0
2026-10-10T04:52:12Z,66007,2,2,16000,2250,1030,0,1,3,3,318.0
2026-10-10T04:52:28Z,66023,2,2,16000,2450,1028,0,1,3,4,318.0
2026-10-10T04:52:43Z,66039,2,2,16000,2450,1265,0,1,4,4,322.5
2026-10-10T04:52:59Z,66054,2,2,16000,2450,1316,0,1,4,4,324.0
2026-10-10T04:53:15Z,66070,2,2,16000,2450,1281,0,1,4,4,322.5
2026-10-10T04:53:30Z,66086,2,2,16000,2850,1670,0,1,4,6,330.0
2026-10-10T04:53:46Z,66101,2,2,16000,2850,1701,0,1,6,6,331.5
2026-10-10T04:54:01Z,66117,2,2,16000,2850,1688,0,1,6,6,330.0
2026-10-10T04:54:17Z,66132,2,2,16000,2850,1354,0,1,6,6,324.0
2026-10-10T04:54:33Z,66148,2,2,16000,2850,1296,0,1,6,6,322.5
2026-10-10T04:54:48Z,66164,2,2,16000,2850,1231,0,1,6,6,321.0
2026-10-10T04:55:04Z,66179,2,2,16000,2850,1392,0,1,6,6,324.0
2026-10-10T04:55:20Z,66195,2,2,16000,2850,1363,0,1,6,6,324.0
2026-10-10T04:55:35Z,66211,2,2,16000,2850,1476,0,1,6,6,327.0
2026-10-10T04:55:51Z,66226,2,2,16000,2850,1640,0,1,6,6,330.0
2026-10-10T04:56:06Z,66242,2,2,16000,2850,1604,0,1,6,6,328.5
2026-10-10T04:56:22Z,66257,2,2,16000,2850,1812,0,1,6,6,333.0
2026-10-10T04:56:38Z,66273,2,2,16000,2850,1946,0,1,6,6,334.5
2026-10-10T04:56:53Z,66289,2,2,16000,2850,2064,0,1,6,6,337.5
2026-10-10T04:57:09Z,66304,2,2,16000,2850,2319,0,1,6,8,342.0
2026-10-10T04:57:25Z,66320,2,2,16000,3250,2209,0,1,8,8,340.5
2026-10-10T04:57:40Z,66336,2,2,16000,3250,2268,0,1,8,8,340.5
2026-10-10T04:57:56Z,66351,2,2,16000,3250,2130,0,1,8,8,339.0
2026-10-10T04:58:12Z,66367,2,2,16000,3250,1911,0,1,8,8,334.5
2026-10-10T04:58:27Z,66383,2,2,16000,3250,1858,0,1,8,8,333.0
2026-10-10T04:58:43Z,66398,2,2,16000,3250,1582,0,1,8,8,327.0
2026-10-10T04:58:59Z,66414,2,2,16000,3250,1551,0,1,8,8,327.0
2026-10-10T04:59:14Z,66430,2,2,16000,3250,1552,0,1,8,8,327.0
2026-10-10T04:59:30Z,66445,2,2,16000,3250,1322,0,1,8,8,322.5
2026-10-10T04:59:45Z,66461,2,2,16000,3250,1376,0,1,8,8,324.0
2026-10-10T05:00:01Z,66476,2,2,16000,3250,1144,0,1,8,8,319.5
2026-10-10T05:00:17Z,66492,2,2,16000,3250,1214,0,1,8,8,318.0
2026-10-10T05:00:32Z,66508,2,2,16000,3250,1058,0,1,8,8,318.0
2026-10-10T05:00:48Z,66523,2,2,16000,3250,1055,0,1,8,8,318.0
2026-10-10T05:01:04Z,66539,2,2,16000,3250,1087,0,1,8,8,318.0
2026-10-10T05:01:19Z,66555,2,2,16000,3250,1004,0,1,8,8,316.5
2026-10-10T05:01:35Z,66570,2,2,16000,3250,934,0,1,8,8,316.5
2026-10-10T05:01:50Z,66586,2,2,16000,3250,811,0,1,8,8,313.5
2026-10-10T05:02:06Z,66601,2,2,16000,3250,754,0,1,8,8,312.0
2026-10-10T05:02:22Z,66617,2,2,16000,3250,557,0,1,8,8,309.0
2026-10-10T05:02:37Z,66633,2,2,16000,3250,561,0,1,8,8,309.0
2026-10-10T05:02:53Z,66648,2,2,16000,3250,459,0,1,8,8,307.5
2026-10-10T05:03:08Z,66664,2,2,16000,3050,519,0,1,8,7,309.0
2026-10-10T05:03:24Z,66679,2,2,16000,3050,555,0,1,7,7,309.0
2026-10-10T05:03:40Z,66695,2,2,16000,2850,551,0,1,6,6,309.0
2026-10-10T05:03:55Z,66711,2,2,16000,2850,488,0,1,6,5,307.5
2026-10-10T05:04:11Z,66726,2,2,16000,2650,313,0,1,5,5,303.0
2026-10-10T05:04:26Z,66742,2,2,16000,2650,323,0,1,5,5,304.5
2026-10-10T05:04:42Z,66757,2,2,16000,2650,341,0,1,5,4,304.5
2026-10-10T05:04:58Z,66773,2,2,16000,2450,527,1,1,4,4,307.5
2026-10-10T05:05:13Z,66789,2,2,16000,2450,569,0,1,4,4,309.0
2026-10-10T05:05:29Z,66804,2,2,16000,2450,708,0,1,4,4,310.5
2026-10-10T05:05:44Z,66820,2,2,16000,2450,760,0,1,4,4,313.5
2026-10-10T05:06:00Z,66835,2,2,16000,2450,790,0,1,4,4,313.5
2026-10-10T05:06:16Z,66851,2,2,16000,2450,728,0,1,4,4,312.0
2026-10-10T05:06:31Z,66867,2,2,16000,2250,691,0,1,4,3,310.5
2026-10-10T05:06:47Z,66882,2,2,16000,2250,799,0,1,3,3,313.5
2026-10-10T05:07:02Z,66898,2,2,16000,2250,990,0,1,3,3,316.5
2026-10-10T05:07:18Z,66913,2,2,16000,2250,1015,0,1,3,3,318.0
2026-10-10T05:07:34Z,66929,2,2,16000,2250,1130,0,1,3,3,319.5
2026-10-10T05:07:49Z,66945,2,2,16000,2450,1284,0,1,3,4,322.5
2026-10-10T05:08:05Z,66960,2,2,16000,2450,1358,0,1,4,4,324.0
2026-10-10T05:08:21Z,66976,2,2,16000,2450,1567,0,1,4,4,328.5
2026-10-10T05:08:36Z,66992,2,2,16000,2650,1694,0,1,4,5,331.5
2026-10-10T05:08:52Z,67007,2,2,16000,2650,1717,0,1,5,5,331.5
2026-10-10T05:09:07Z,67023,2,2,16000,2650,1704,0,1,5,5,330.0
2026-10-10T05:09:23Z,67038,2,2,16000,2650,1478,0,1,5,5,325.5
2026-10-10T05:09:39Z,67054,2,2,16000,2650,1323,0,1,5,5,322.5
2026-10-10T05:09:54Z,67070,2,2,16000,2650,1298,0,1,5,5,322.5
2026-10-10T05:10:10Z,67085,2,2,16000,2650,1267,0,1,5,5,322.5
2026-10-10T05:10:26Z,67101,2,2,16000,2650,1331,0,1,5,5,324.0
2026-10-10T05:10:41Z,67117,2,2,16000,2650,1437,0,1,5,5,325.5
2026-10-10T05:10:57Z,67132,2,2,16000,2650,1564,0,1,5,5,328.5
2026-10-10T05:11:12Z,67148,2,2,16000,2650,1520,0,1,5,5,327.0
2026-10-10T05:11:28Z,67163,2,2,16000,2850,1856,0,1,5,6,333.0
2026-10-10T05:11:44Z,67179,2,2,16000,2850,1863,0,1,6,6,334.5
2026-10-10T05:11:59Z,67195,2,2,16000,2850,2059,0,1,6,6,337.5
2026-10-10T05:12:15Z,67210,2,2,16000,3250,2208,0,1,6,8,339.0
2026-10-10T05:12:31Z,67226,2,2,16000,3250,2151,0,1,8,8,339.0
2026-10-10T05:12:46Z,67242,2,2,16000,3250,2196,0,1,8,8,340.5
2026-10-10T05:13:02Z,67257,2,2,16000,3250,1815,0,1,8,8,333.0
2026-10-10T05:13:18Z,67273,2,2,16000,3250,1840,0,1,8,8,333.0
2026-10-10T05:13:33Z,67289,2,2,16000,3250,1594,0,1,8,8,328.5
2026-10-10T05:13:49Z,67304,2,2,16000,3250,1555,0,1,8,8,327.0
2026-10-10T05:14:05Z,67320,2,2,16000,3250,1488,0,1,8,8,327.0
2026-10-10T05:14:20Z,67336,2,2,16000,3250,1297,0,1,8,8,322.5
2026-10-10T05:14:36Z,67351,2,2,16000,3250,1338,0,1,8,8,324.0
2026-10-10T05:14:51Z,67367,2,2,16000,3250,1149,0,1,8,8,319.5
2026-10-10T05:15:07Z,67382,2,2,16000,3250,1058,0,1,8,8,318.0
2026-10-10T05:15:23Z,67398,2,2,16000,3250,1074,0,1,8,8,319.5
2026-10-10T05:15:38Z,67414,2,2,16000,3250,1083,0,1,8,8,319.5
2026-10-10T05:15:54Z,67429,2,2,16000,3250,1177,0,1,8,8,321.0
2026-10-10T05:16:10Z,67445,2,2,16000,3250,1214,0,1,8,8,321.0
2026-10-10T05:16:25Z,67461,2,2,16000,3250,1177,0,1,8,8,321.0
2026-10-10T05:16:41Z,67476,2,2,16000,3250,948,0,1,8,8,316.5
2026-10-10T05:16:56Z,67492,2,2,16000,3250,793,0,1,8,8,313.5
2026-10-10T05:17:12Z,67507,2,2,16000,3250,791,0,1,8,8,313.5
2026-10-10T05:17:28Z,67523,2,2,16000,3250,567,0,1,8,8,309.0
2026-10-10T05:17:43Z,67539,2,2,16000,3250,522,0,1,8,7,309.0
2026-10-10T05:17:59Z,67554,2,2,16000,3050,424,0,1,7,6,306.0
2026-10-10T05:18:14Z,67570,2,2,16000,2850,575,0,1,6,6,310.5
2026-10-10T05:18:30Z,67585,2,2,16000,2850,519,0,1,6,6,309.0
2026-10-10T05:18:46Z,67601,2,2,16000,2650,523,0,1,6,5,309.0
2026-10-10T05:19:01Z,67617,2,2,16000,2650,517,0,1,5,5,307.5
2026-10-10T05:19:17Z,67632,2,2,16000,2650,315,0,1,5,5,304.5
2026-10-10T05:19:32Z,67648,2,2,16000,2650,331,0,1,5,5,304.5
2026-10-10T05:19:48Z,67663,2,2,16000,2450,532,0,1,5,4,309.0
2026-10-10T05:20:04Z,67679,2,2,16000,2450,561,0,1,4,4,309.0
2026-10-10T05:20:19Z,67695,2,2,16000,2450,705,0,1,4,4,312.0
2026-10-10T05:20:35Z,67710,2,2,16000,2450,740,0,1,4,4,312.0
2026-10-10T05:20:50Z,67726,2,2,16000,2450,773,0,1,4,4,312.0
2026-10-10T05:21:06Z,67741,2,2,16000,2450,762,0,1,4,4,312.0
2026-10-10T05:21:21Z,67757,2,2,16000,2450,709,0,1,4,4,312.0
2026-10-10T05:21:37Z,67772,2,2,16000,2450,787,0,1,4,4,313.5
2026-10-10T05:21:53Z,67788,2,2,16000,2250,783,0,1,4,3,313.5
2026-10-10T05:22:08Z,67804,2,2,16000,2250,980,0,1,3,3,316.5
2026-10-10T05:22:24Z,67819,2,2,16000,2250,1101,0,1,3,3,319.5
2026-10-10T05:22:39Z,67835,2,2,16000,2450,1124,0,1,3,4,319.5
2026-10-10T05:22:55Z,67850,2,2,16000,2450,1264,0,1,4,4,321.0
2026-10-10T05:23:11Z,67866,2,2,16000,2450,1262,0,1,4,4,322.5
2026-10-10T05:23:26Z,67882,2,2,16000,2450,1622,1,1,4,5,330.0
2026-10-10T05:23:42Z,67897,2,2,16000,2850,1679,0,1,5,6,330.0
2026-10-10T05:23:58Z,67913,2,2,16000,2850,1699,0,1,6,6,330.0
2026-10-10T05:24:13Z,67929,2,2,16000,2850,1682,0,1,6,6,330.0
2026-10-10T05:24:29Z,67944,2,2,16000,2850,1559,0,1,6,6,327.0
2026-10-10T05:24:44Z,67960,2,2,16000,2850,1419,0,1,6,6,325.5
2026-10-10T05:25:00Z,67975,2,2,16000,2850,1351,0,1,6,6,324.0
2026-10-10T05:25:16Z,67991,2,2,16000,2850,1438,0,1,6,6,325.5
2026-10-10T05:25:31Z,68007,2,2,16000,2850,1643,0,1,6,6,330.0
2026-10-10T05:25:47Z,68022,2,2,16000,2850,1834,0,1,6,6,333.0
2026-10-10T05:26:03Z,68038,2,2,16000,2850,1818,0,1,6,6,333.0
2026-10-10T05:26:18Z,68054,2,2,16000,2850,2040,0,1,6,6,336.0
2026-10-10T05:26:34Z,68069,2,2,16000,2850,2015,0,1,6,6,337.5
2026-10-10T05:26:50Z,68085,2,2,16000,2850,2220,0,1,6,6,340.5
2026-10-10T05:27:06Z,68101,2,2,16000,3250,2408,0,1,6,8,345.0
2026-10-10T05:27:21Z,68117,2,2,16000,3250,2351,0,1,8,8,343.5
2026-10-10T05:27:37Z,68132,2,2,16000,3250,2208,0,1,8,8,339.0
2026-10-10T05:27:53Z,68148,2,2,16000,3250,2199,0,1,8,8,340.5
2026-10-10T05:28:08Z,68164,2,2,16000,3250,2110,0,1,8,8,339.0
2026-10-10T05:28:24Z,68179,2,2,16000,3250,1976,0,1,8,8,336.0
2026-10-10T05:28:40Z,68195,2,2,16000,3250,1901,0,1,8,8,334.5
2026-10-10T05:28:55Z,68211,2,2,16000,3250,1658,0,1,8,8,330.0
2026-10-10T05:29:11Z,68226,2,2,16000,3250,1640,0,1,8,8,328.5
2026-10-10T05:29:27Z,68242,2,2,16000,3250,1399,0,1,8,8,324.0
2026-10-10T05:29:42Z,68258,2,2,16000,3250,1337,0,1,8,8,324.0
2026-10-10T05:29:58Z,68273,2,2,16000,3250,1132,0,1,8,8,319.5
2026-10-10T05:30:14Z,68289,2,2,16000,3250,1107,0,1,8,8,319.5
2026-10-10T05:30:29Z,68305,2,2,16000,3250,1064,0,1,8,8,318.0
2026-10-10T05:30:45Z,68320,2,2,16000,3250,993,0,1,8,8,316.5
2026-10-10T05:31:00Z,68336,2,2,16000,3250,1090,0,1,8,8,319.5
2026-10-10T05:31:16Z,68351,2,2,16000,3250,999,0,1,8,8,318.0
2026-10-10T05:31:32Z,68367,2,2,16000,3250,953,0,1,8,8,316.5
2026-10-10T05:31:47Z,68383,2,2,16000,3250,818,0,1,8,8,313.5
2026-10-10T05:32:03Z,68398,2,2,16000,3250,803,0,1,8,8,313.5
2026-10-10T05:32:19Z,68414,2,2,16000,3250,525,0,1,8,8,309.0
2026-10-10T05:32:34Z,68430,2,2,16000,3250,561,0,1,8,8,309.0
2026-10-10T05:32:50Z,68445,2,2,16000,3250,392,0,1,8,8,306.0
2026-10-10T05:33:05Z,68461,2,2,16000,3050,530,0,1,8,7,309.0
2026-10-10T05:33:21Z,68476,2,2,16000,3050,551,0,1,7,7,309.0
2026-10-10T05:33:37Z,68492,2,2,16000,2850,522,0,1,7,6,309.0
2026-10-10T05:33:52Z,68508,2,2,16000,2850,516,0,1,6,6,307.5
2026-10-10T05:34:08Z,68523,2,2,16000,2850,297,0,1,6,6,304.5
2026-10-10T05:34:24Z,68539,2,2,16000,2650,297,0,1,6,5,303.0
2026-10-10T05:34:39Z,68555,2,2,16000,2650,334,0,1,5,5,304.5
2026-10-10T05:34:55Z,68570,2,2,16000,2650,523,0,1,5,5,307.5
2026-10-10T05:35:10Z,68586,2,2,16000,2450,518,0,1,5,4,307.5
2026-10-10T05:35:26Z,68601,2,2,16000,2450,705,0,1,4,4,310.5
2026-10-10T05:35:41Z,68617,2,2,16000,2450,792,0,1,4,4,313.5
2026-10-10T05:35:57Z,68632,2,2,16000,2450,781,0,1,4,4,313.5
2026-10-10T05:36:13Z,68648,2,2,16000,2450,764,0,1,4,4,312.0
2026-10-10T05:36:28Z,68664,2,2,16000,2450,723,0,1,4,4,312.0
2026-10-10T05:36:44Z,68679,2,2,16000,2450,807,0,1,4,3,313.5
2026-10-10T05:36:59Z,68695,2,2,16000,2250,844,0,1,3,3,313.5
2026-10-10T05:37:15Z,68710,2,2,16000,2250,912,0,1,3,3,316.5
2026-10-10T05:37:31Z,68726,2,2,16000,2450,1126,0,1,3,4,319.5
2026-10-10T05:37:46Z,68742,2,2,16000,2450,1152,0,1,4,4,319.5
2026-10-10T05:38:02Z,68757,2,2,16000,2650,1306,0,1,4,5,324.0
2026-10-10T05:38:18Z,68773,2,2,16000,2650,1653,0,1,5,5,330.0
2026-10-10T05:38:33Z,68789,2,2,16000,2650,1795,0,1,5,5,331.5
2026-10-10T05:38:49Z,68804,2,2,16000,2850,1717,0,1,5,6,330.0
2026-10-10T05:39:05Z,68820,2,2,16000,2850,1583,0,1,6,6,328.5
2026-10-10T05:39:20Z,68836,2,2,16000,2850,1596,0,1,6,6,328.5
2026-10-10T05:39:36Z,68851,2,2,16000,2850,1364,0,1,6,6,324.0
2026-10-10T05:39:51Z,68867,2,2,16000,2850,1349,0,1,6,6,324.0
2026-10-10T05:40:07Z,68882,2,2,16000,2850,1291,0,1,6,6,322.5
2026-10-10T05:40:23Z,68898,2,2,16000,2850,1487,0,1,6,6,327.0
2026-10-10T05:40:38Z,68914,2,2,16000,2850,1573,0,1,6,6,328.5
2026-10-10T05:40:54Z,68929,2,2,16000,2850,1758,0,1,6,6,331.5
2026-10-10T05:41:10Z,68945,2,2,16000,2850,1716,0,1,6,6,330.0
2026-10-10T05:41:25Z,68961,2,2,16000,2850,1909,0,1,6,6,334.5
2026-10-10T05:41:41Z,68976,2,2,16000,2850,1898,0,1,6,6,334.5
2026-10-10T05:41:57Z,68992,2,2,16000,2850,1999,0,1,6,6,336.0
2026-10-10T05:42:13Z,69008,2,2,16000,2850,2348,2,1,6,8,342.0
2026-10-10T05:42:28Z,69024,2,2,16000,3250,2223,0,1,8,8,339.0
2026-10-10T05:42:44Z,69039,2,2,16000,3250,2383,0,1,8,8,343.5
2026-10-10T05:43:00Z,69055,2,2,16000,3250,2284,0,1,8,8,342.0
2026-10-10T05:43:15Z,69071,2,2,16000,3250,2006,0,1,8,8,336.0
2026-10-10T05:43:31Z,69086,2,2,16000,3250,1972,0,1,8,8,336.0
2026-10-10T05:43:46Z,69102,2,2,16000,3250,1816,0,1,8,8,330.0
2026-10-10T05:44:02Z,69118,2,2,16000,3250,1686,0,1,8,8,331.5
2026-10-10T05:44:18Z,69133,2,2,16000,3250,1476,0,1,8,8,327.0
2026-10-10T05:44:34Z,69149,2,2,16000,3250,1461,0,1,8,8,325.5
2026-10-10T05:44:49Z,69165,2,2,16000,3250,1155,0,1,8,8,319.5
2026-10-10T05:45:05Z,69180,2,2,16000,3250,1097,0,1,8,8,318.0
2026-10-10T05:45:20Z,69196,2,2,16000,3250,1056,0,1,8,8,318.0
2026-10-10T05:45:36Z,69211,2,2,16000,3250,997,0,1,8,8,318.0
2026-10-10T05:45:52Z,69227,2,2,16000,3250,1050,0,1,8,8,318.0
2026-10-10T05:46:07Z,69243,2,2,16000,3250,998,0,1,8,8,318.0
2026-10-10T05:46:23Z,69258,2,2,16000,3250,1109,0,1,8,8,319.5
2026-10-10T05:46:38Z,69274,2,2,16000,3250,948,0,1,8,8,316.5
2026-10-10T05:46:54Z,69289,2,2,16000,3250,849,0,1,8,8,315.0
2026-10-10T05:47:10Z,69305,2,2,16000,3250,771,0,1,8,8,312.0
2026-10-10T05:47:25Z,69321,2,2,16000,3250,562,0,1,8,8,309.0
2026-10-10T05:47:41Z,69336,2,2,16000,3250,547,0,1,8,8,309.0
2026-10-10T05:47:56Z,69352,2,2,16000,3250,399,0,1,8,8,306.0
2026-10-10T05:48:12Z,69367,2,2,16000,3050,517,0,1,8,7,309.0
2026-10-10T05:48:28Z,69383,2,2,16000,3050,564,0,1,7,7,309.0
2026-10-10T05:48:43Z,69399,2,2,16000,2850,563,0,1,6,6,309.0
2026-10-10T05:48:59Z,69414,2,2,16000,2850,565,0,1,6,6,309.0
2026-10-10T05:49:14Z,69430,2,2,16000,2850,323,0,1,6,5,304.5
2026-10-10T05:49:30Z,69445,2,2,16000,2650,301,0,1,5,5,304.5
2026-10-10T05:49:46Z,69461,2,2,16000,2650,313,0,1,5,4,304.5
2026-10-10T05:50:01Z,69477,2,2,16000,2450,554,1,1,4,4,309.0
2026-10-10T05:50:17Z,69492,2,2,16000,2450,545,0,1,4,4,312.0
2026-10-10T05:50:32Z,69508,2,2,16000,2450,707,0,1,4,4,310.5
2026-10-10T05:50:48Z,69523,2,2,16000,2450,740,0,1,4,4,312.0
2026-10-10T05:51:03Z,69539,2,2,16000,2450,737,0,1,4,4,312.0
2026-10-10T05:51:19Z,69554,2,2,16000,2450,694,0,1,4,4,312.0
2026-10-10T05:51:35Z,69570,2,2,16000,2450,716,0,1,4,4,312.0
2026-10-10T05:51:50Z,69586,2,2,16000,2250,770,0,1,4,3,313.5
2026-10-10T05:52:06Z,69601,2,2,16000,2250,906,0,1,3,3,316.5
2026-10-10T05:52:21Z,69617,2,2,16000,2250,983,0,1,3,3,316.5
2026-10-10T05:52:37Z,69632,2,2,16000,2250,1011,0,1,3,3,318.0
2026-10-10T05:52:53Z,69648,2,2,16000,2250,1254,0,1,3,3,322.5
2026-10-10T05:53:08Z,69664,2,2,16000,2450,1241,0,1,3,4,321.0
2026-10-10T05:53:24Z,69679,2,2,16000,2450,1486,0,1,4,4,325.5
2026-10-10T05:53:39Z,69695,2,2,16000,2450,1511,0,1,4,4,327.0
2026-10-10T05:53:55Z,69710,2,2,16000,2650,1494,0,1,4,5,327.0
2026-10-10T05:54:11Z,69726,2,2,16000,2650,1492,0,1,5,5,327.0
2026-10-10T05:54:26Z,69742,2,2,16000,2650,1452,0,1,5,5,325.5
2026-10-10T05:54:42Z,69757,2,2,16000,2650,1258,0,1,5,5,322.5
2026-10-10T05:54:58Z,69773,2,2,16000,2650,1302,0,1,5,5,324.0
2026-10-10T05:55:13Z,69789,2,2,16000,2650,1180,0,1,5,5,321.0
2026-10-10T05:55:29Z,69804,2,2,16000,2650,1270,0,1,5,5,322.5
2026-10-10T05:55:44Z,69820,2,2,16000,2650,1319,0,1,5,5,322.5
2026-10-10T05:56:00Z,69835,2,2,16000,2650,1602,0,1,5,5,328.5
2026-10-10T05:56:16Z,69851,2,2,16000,2650,1684,0,1,5,5,330.0
2026-10-10T05:56:31Z,69867,2,2,16000,2850,1787,0,1,5,6,333.0
2026-10-10T05:56:47Z,69882,2,2,16000,2850,1998,0,1,6,6,336.0
2026-10-10T05:57:03Z,69898,2,2,16000,3050,2111,0,1,6,7,337.5
2026-10-10T05:57:18Z,69914,2,2,16000,3050,2275,0,1,7,7,340.5
2026-10-10T05:57:34Z,69929,2,2,16000,3050,2119,0,1,7,7,337.5
2026-10-10T05:57:50Z,69945,2,2,16000,3050,2225,0,1,7,7,340.5
2026-10-10T05:58:05Z,69961,2,2,16000,3050,1914,0,1,7,7,334.5
2026-10-10T05:58:21Z,69976,2,2,16000,3050,1913,0,1,7,7,334.5
2026-10-10T05:58:37Z,69992,2,2,16000,3050,1758,0,1,7,7,331.5
2026-10-10T05:58:52Z,70008,2,2,16000,3050,1582,0,1,7,7,327.0
2026-10-10T05:59:08Z,70023,2,2,16000,3050,1591,0,1,7,7,328.5
2026-10-10T05:59:23Z,70039,2,2,16000,3050,1290,0,1,7,7,322.5
2026-10-10T05:59:39Z,70054,2,2,16000,3050,1262,0,1,7,7,322.5
2026-10-10T05:59:55Z,70070,2,2,16000,3050,1146,0,1,7,7,319.5
2026-10-10T06:00:10Z,70086,2,2,16000,3050,1084,0,1,7,7,318.0
2026-10-10T06:00:26Z,70101,2,2,16000,3050,1015,0,1,7,7,318.0
2026-10-10T06:00:41Z,70117,2,2,16000,3050,1014,0,1,7,7,318.0
2026-10-10T06:00:57Z,70132,2,2,16000,3050,1056,0,1,7,7,318.0
2026-10-10T06:01:13Z,70148,2,2,16000,3050,990,0,1,7,7,316.5
2026-10-10T06:01:28Z,70164,2,2,16000,3050,1109,0,1,7,7,319.5
2026-10-10T06:01:44Z,70179,2,2,16000,3050,950,0,1,7,7,316.5
2026-10-10T06:01:59Z,70195,2,2,16000,3050,797,0,1,7,7,313.5
2026-10-10T06:02:15Z,70210,2,2,16000,3050,809,0,1,7,7,315.0
2026-10-10T06:02:31Z,70226,2,2,16000,3050,504,0,1,7,7,307.5
2026-10-10T06:02:46Z,70242,2,2,16000,3050,545,0,1,7,7,309.0
2026-10-10T06:03:02Z,70257,2,2,16000,3050,506,0,1,7,7,307.5
2026-10-10T06:03:17Z,70273,2,2,16000,3050,516,0,1,7,6,309.0
2026-10-10T06:03:33Z,70288,2,2,16000,2850,534,0,1,6,6,309.0
2026-10-10T06:03:49Z,70304,2,2,16000,2850,507,0,1,6,6,307.5
2026-10-10T06:04:04Z,70320,2,2,16000,2850,316,0,1,6,6,304.5
2026-10-10T06:04:20Z,70335,2,2,16000,2650,299,0,1,6,5,304.5
2026-10-10T06:04:35Z,70351,2,2,16000,2650,310,0,1,5,5,304.5
2026-10-10T06:04:51Z,70366,2,2,16000,2450,537,0,1,5,4,309.0
2026-10-10T06:05:06Z,70382,2,2,16000,2450,553,0,1,4,4,309.0
2026-10-10T06:05:22Z,70397,2,2,16000,2450,704,0,1,4,4,312.0
2026-10-10T06:05:38Z,70413,2,2,16000,2450,799,0,1,4,4,313.5
2026-10-10T06:05:53Z,70429,2,2,16000,2450,784,0,1,4,4,313.5
2026-10-10T06:06:09Z,70444,2,2,16000,2450,797,0,1,4,4,313.5
2026-10-10T06:06:24Z,70460,2,2,16000,2450,758,0,1,4,4,313.5
2026-10-10T06:06:40Z,70475,2,2,16000,2450,764,0,1,4,4,312.0
2026-10-10T06:06:56Z,70491,2,2,16000,2250,785,0,1,4,3,313.5
2026-10-10T06:07:11Z,70507,2,2,16000,2250,947,0,1,3,3,316.5
2026-10-10T06:07:27Z,70522,2,2,16000,2250,1120,1,1,3,3,319.5
2026-10-10T06:07:42Z,70538,2,2,16000,2450,1182,0,1,3,4,321.0
2026-10-10T06:07:58Z,70553,2,2,16000,2450,1330,0,1,4,4,322.5
2026-10-10T06:08:14Z,70569,2,2,16000,2650,1355,0,1,4,5,324.0
2026-10-10T06:08:29Z,70585,2,2,16000,2650,1573,0,1,5,6,327.0
2026-10-10T06:08:45Z,70600,2,2,16000,2850,1583,0,1,6,6,328.5
2026-10-10T06:09:01Z,70616,2,2,16000,2850,1678,0,1,6,6,330.0
2026-10-10T06:09:16Z,70632,2,2,16000,2850,1637,0,1,6,6,330.0
2026-10-10T06:09:32Z,70647,2,2,16000,2850,1369,0,1,6,6,324.0
2026-10-10T06:09:47Z,70663,2,2,16000,2850,1433,0,1,6,6,324.0
2026-10-10T06:10:03Z,70678,2,2,16000,2850,1288,0,1,6,6,322.5
2026-10-10T06:10:19Z,70694,2,2,16000,2850,1424,0,1,6,6,324.0
2026-10-10T06:10:34Z,70710,2,2,16000,2850,1490,0,1,6,6,325.5
2026-10-10T06:10:50Z,70725,2,2,16000,2850,1857,0,1,6,6,333.0
2026-10-10T06:11:06Z,70741,2,2,16000,2850,1826,0,1,6,6,333.0
2026-10-10T06:11:21Z,70757,2,2,16000,2850,1948,0,1,6,6,334.5
2026-10-10T06:11:37Z,70772,2,2,16000,2850,2042,0,1,6,6,337.5
2026-10-10T06:11:52Z,70788,2,2,16000,2850,2030,0,1,6,6,336.0
2026-10-10T06:12:08Z,70803,2,2,16000,2850,2271,0,1,6,6,340.5
2026-10-10T06:12:24Z,70819,3,3,24000,3250,2270,0,1,6,8,415.5
2026-10-10T06:12:39Z,70835,3,3,24000,3250,2381,0,1,8,8,417.0
2026-10-10T06:12:55Z,70850,3,3,24000,3250,2156,0,1,8,8,414.0
2026-10-10T06:13:11Z,70866,3,3,24000,3250,1923,0,1,8,8,409.5
2026-10-10T06:13:26Z,70882,2,2,16000,3250,1900,0,1,8,8,333.0
2026-10-10T06:13:42Z,70897,2,2,16000,3250,1793,0,1,8,8,331.5
2026-10-10T06:13:58Z,70913,2,2,16000,3250,1616,0,1,8,8,328.5
2026-10-10T06:14:13Z,70929,2,2,16000,3250,1695,0,1,8,8,330.0
2026-10-10T06:14:29Z,70944,2,2,16000,3250,1433,0,1,8,8,325.5
2026-10-10T06:14:45Z,70960,2,2,16000,3250,1495,0,1,8,8,327.0
2026-10-10T06:15:00Z,70976,2,2,16000,3250,1291,0,1,8,8,322.5
2026-10-10T06:15:16Z,70991,2,2,16000,3250,1202,1,1,8,8,321.0
2026-10-10T06:15:31Z,71007,2,2,16000,3250,1136,0,1,8,8,319.5
2026-10-10T06:15:47Z,71022,2,2,16000,3250,1175,0,1,8,8,321.0
2026-10-10T06:16:03Z,71038,2,2,16000,3250,1153,0,1,8,8,321.0
2026-10-10T06:16:18Z,71054,2,2,16000,3250,1203,0,1,8,8,321.0
2026-10-10T06:16:34Z,71069,2,2,16000,3250,1002,0,1,8,8,318.0
2026-10-10T06:16:50Z,71085,2,2,16000,3250,841,0,1,8,8,315.0
2026-10-10T06:17:05Z,71101,2,2,16000,3250,793,0,1,8,8,313.5
2026-10-10T06:17:21Z,71116,2,2,16000,3250,538,0,1,8,8,309.0
2026-10-10T06:17:36Z,71132,2,2,16000,3250,523,0,1,8,8,309.0
2026-10-10T06:17:52Z,71147,2,2,16000,3250,434,0,1,8,8,306.0
2026-10-10T06:18:07Z,71163,2,2,16000,3050,540,0,1,8,7,309.0
2026-10-10T06:18:23Z,71178,2,2,16000,3050,570,0,1,7,7,309.0
2026-10-10T06:18:39Z,71194,2,2,16000,3050,561,0,1,7,7,309.0
2026-10-10T06:18:54Z,71210,2,2,16000,2850,555,0,1,7,6,309.0
2026-10-10T06:19:10Z,71225,2,2,16000,2850,327,0,1,6,6,304.5
2026-10-10T06:19:25Z,71241,2,2,16000,2650,322,0,1,6,5,304.5
2026-10-10T06:19:41Z,71256,2,2,16000,2650,322,0,1,5,5,304.5
2026-10-10T06:19:57Z,71272,2,2,16000,2650,504,0,1,5,5,307.5
2026-10-10T06:20:12Z,71288,2,2,16000,2450,516,0,1,5,4,307.5
2026-10-10T06:20:28Z,71303,2,2,16000,2450,681,0,1,4,4,312.0
2026-10-10T06:20:43Z,71319,2,2,16000,2450,772,0,1,4,4,313.5
2026-10-10T06:20:59Z,71334,2,2,16000,2450,737,0,1,4,4,312.0
2026-10-10T06:21:14Z,71350,2,2,16000,2450,700,0,1,4,4,310.5
2026-10-10T06:21:30Z,71365,2,2,16000,2450,686,0,1,4,4,310.5
2026-10-10T06:21:46Z,71381,2,2,16000,2450,738,0,1,4,3,312.0
2026-10-10T06:22:01Z,71397,2,2,16000,2250,772,0,1,3,3,313.5
2026-10-10T06:22:17Z,71412,2,2,16000,2250,1007,0,1,3,3,318.0
2026-10-10T06:22:32Z,71428,2,2,16000,2250,964,0,1,3,3,316.5
2026-10-10T06:22:48Z,71443,2,2,16000,2450,1262,0,1,3,4,322.5
2026-10-10T06:23:04Z,71459,2,2,16000,2450,1279,0,1,4,4,322.5
2026-10-10T06:23:19Z,71475,2,2,16000,2650,1528,0,1,4,5,327.0
2026-10-10T06:23:35Z,71490,2,2,16000,2650,1573,0,1,5,5,327.0
2026-10-10T06:23:50Z,71506,2,2,16000,2650,1696,0,1,5,5,330.0
2026-10-10T06:24:06Z,71521,2,2,16000,2650,1589,0,1,5,5,328.5
2026-10-10T06:24:22Z,71537,2,2,16000,2650,1608,0,1,5,5,328.5
2026-10-10T06:24:37Z,71553,2,2,16000,2650,1351,0,1,5,5,324.0
2026-10-10T06:24:53Z,71568,2,2,16000,2650,1381,0,1,5,5,324.0
2026-10-10T06:25:09Z,71584,2,2,16000,2650,1191,0,1,5,5,321.0
2026-10-10T06:25:24Z,71600,2,2,16000,2650,1373,0,1,5,5,324.0
2026-10-10T06:25:40Z,71615,2,2,16000,2650,1372,0,1,5,5,325.5
2026-10-10T06:25:55Z,71631,2,2,16000,2650,1683,0,1,5,5,330.0
2026-10-10T06:26:11Z,71646,2,2,16000,2650,1633,0,1,5,5,328.5
2026-10-10T06:26:27Z,71662,2,2,16000,2650,1819,0,1,5,5,333.0
2026-10-10T06:26:42Z,71678,3,3,24000,2850,1939,0,1,5,6,409.5
2026-10-10T06:26:58Z,71693,3,3,24000,2850,1992,0,1,6,6,411.0
2026-10-10T06:27:14Z,71709,3,3,24000,2850,2309,0,1,6,6,415.5
2026-10-10T06:27:29Z,71725,3,3,24000,3250,2347,0,1,6,8,417.0
2026-10-10T06:27:45Z,71740,3,3,24000,3250,2200,0,1,8,8,414.0
2026-10-10T06:28:01Z,71756,3,3,24000,3250,2311,0,1,8,8,415.5
2026-10-10T06:28:17Z,71772,3,3,24000,3250,1940,0,1,8,8,409.5
2026-10-10T06:28:32Z,71788,3,3,24000,3250,1940,0,1,8,8,409.5
2026-10-10T06:28:48Z,71803,3,3,24000,3250,1697,0,1,8,8,405.0
2026-10-10T06:29:04Z,71819,3,3,24000,3250,1812,0,1,8,8,406.5
2026-10-10T06:29:19Z,71835,3,3,24000,3250,1461,0,1,8,8,399.0
2026-10-10T06:29:35Z,71850,3,3,24000,3250,1425,0,1,8,8,400.5
2026-10-10T06:29:50Z,71866,3,3,24000,3250,1238,0,1,8,8,396.0
2026-10-10T06:30:06Z,71881,3,3,24000,3250,1110,0,1,8,8,394.5
2026-10-10T06:30:22Z,71897,3,3,24000,3250,1075,0,1,8,8,393.0
2026-10-10T06:30:37Z,71913,3,3,24000,3250,945,0,1,8,8,390.0
2026-10-10T06:30:53Z,71928,3,3,24000,3250,1077,0,1,8,8,393.0
2026-10-10T06:31:08Z,71944,3,3,24000,3250,1002,0,1,8,8,391.5
2026-10-10T06:31:24Z,71959,3,3,24000,3250,1064,0,1,8,8,391.5
2026-10-10T06:31:40Z,71975,3,3,24000,3250,980,0,1,8,8,391.5
2026-10-10T06:31:55Z,71991,3,3,24000,3250,874,0,1,8,8,390.0
2026-10-10T06:32:11Z,72006,3,3,24000,3250,825,0,1,8,8,388.5
2026-10-10T06:32:26Z,72022,3,3,24000,3250,566,0,1,8,8,384.0
2026-10-10T06:32:42Z,72037,3,3,24000,3250,534,0,1,8,8,382.5
2026-10-10T06:32:58Z,72053,3,3,24000,3050,474,0,1,8,7,381.0
2026-10-10T06:33:13Z,72069,3,3,24000,3050,562,0,1,7,7,384.0
2026-10-10T06:33:29Z,72084,3,3,24000,3050,519,0,1,7,7,381.0
2026-10-10T06:33:45Z,72100,3,3,24000,3050,513,0,1,7,7,381.0
2026-10-10T06:34:00Z,72116,2,2,16000,2850,456,0,1,6,6,306.0
2026-10-10T06:34:16Z,72131,2,2,16000,2850,329,0,1,6,5,304.5
2026-10-10T06:34:31Z,72147,2,2,16000,2650,286,0,1,5,5,304.5
2026-10-10T06:34:47Z,72162,2,2,16000,2650,534,0,1,5,5,307.5
2026-10-10T06:35:03Z,72178,2,2,16000,2650,527,0,1,5,4,307.5
2026-10-10T06:35:18Z,72194,2,2,16000,2450,714,0,1,4,4,312.0
2026-10-10T06:35:34Z,72209,2,2,16000,2450,756,0,1,4,3,313.5
2026-10-10T06:35:50Z,72225,2,2,16000,2250,816,0,1,3,3,313.5
2026-10-10T06:36:05Z,72241,2,2,16000,2250,773,0,1,3,3,313.5
2026-10-10T06:36:21Z,72256,2,2,16000,2250,769,0,1,3,3,312.0
2026-10-10T06:36:36Z,72272,2,2,16000,2250,734,0,1,3,3,312.0
2026-10-10T06:36:52Z,72287,2,2,16000,2250,811,0,1,3,3,313.5
2026-10-10T06:37:08Z,72303,2,2,16000,2250,832,0,1,3,3,315.0
2026-10-10T06:37:23Z,72319,2,2,16000,2250,1005,0,1,3,3,318.0
2026-10-10T06:37:39Z,72334,2,2,16000,2250,1090,0,1,3,3,318.0
2026-10-10T06:37:55Z,72350,2,2,16000,2450,1275,0,1,3,4,322.5
2026-10-10T06:38:10Z,72366,2,2,16000,2450,1372,0,1,4,4,324.0
2026-10-10T06:38:26Z,72381,2,2,16000,2450,1500,0,1,4,4,327.0
2026-10-10T06:38:41Z,72397,2,2,16000,2650,1660,0,1,4,5,328.5
2026-10-10T06:38:57Z,72412,2,2,16000,2650,1672,0,1,5,5,330.0
2026-10-10T06:39:13Z,72428,2,2,16000,2650,1690,0,1,5,5,330.0
2026-10-10T06:39:29Z,72444,2,2,16000,2650,1649,0,1,5,5,330.0
2026-10-10T06:39:44Z,72460,2,2,16000,2650,1326,0,1,5,5,324.0
2026-10-10T06:40:00Z,72475,2,2,16000,2650,1364,0,1,5,5,324.0
2026-10-10T06:40:15Z,72491,2,2,16000,2650,1227,0,1,5,5,322.5
2026-10-10T06:40:31Z,72506,2,2,16000,2650,1453,0,1,5,5,325.5
2026-10-10T06:40:47Z,72522,2,2,16000,2650,1478,0,1,5,5,328.5
2026-10-10T06:41:03Z,72538,2,2,16000,2650,1612,0,1,5,5,328.5
2026-10-10T06:41:18Z,72554,2,2,16000,2650,1782,0,1,5,5,333.0
2026-10-10T06:41:34Z,72569,2,2,16000,2650,1876,0,1,5,5,333.0
2026-10-10T06:41:50Z,72585,2,2,16000,3050,1970,0,1,5,7,334.5
2026-10-10T06:42:05Z,72601,2,2,16000,3050,2397,0,1,7,7,343.5
2026-10-10T06:42:21Z,72616,2,2,16000,3050,2421,0,1,7,7,343.5
2026-10-10T06:42:37Z,72632,2,2,16000,3050,2262,0,1,7,7,342.0
2026-10-10T06:42:52Z,72648,2,2,16000,3050,2332,0,1,7,7,343.5
2026-10-10T06:43:08Z,72663,2,2,16000,3050,2064,0,1,7,7,337.5
2026-10-10T06:43:23Z,72679,2,2,16000,3050,1892,0,1,7,7,334.5
2026-10-10T06:43:39Z,72694,2,2,16000,3050,1853,0,1,7,7,333.0
2026-10-10T06:43:55Z,72710,2,2,16000,3050,1639,0,1,7,7,330.0
2026-10-10T06:44:10Z,72726,2,2,16000,3050,1601,0,1,7,7,328.5
2026-10-10T06:44:26Z,72741,2,2,16000,3050,1414,0,1,7,7,325.5
2026-10-10T06:44:42Z,72757,2,2,16000,3050,1331,0,1,7,7,324.0
2026-10-10T06:44:57Z,72773,2,2,16000,3050,1267,0,1,7,7,322.5
2026-10-10T06:45:13Z,72788,2,2,16000,3050,1085,0,1,7,7,318.0
2026-10-10T06:45:28Z,72804,2,2,16000,3050,1162,0,1,7,7,321.0
2026-10-10T06:45:44Z,72819,2,2,16000,3050,1009,0,1,7,7,318.0
2026-10-10T06:46:00Z,72835,2,2,16000,3050,1043,0,1,7,7,318.0
2026-10-10T06:46:15Z,72851,2,2,16000,3050,1089,0,1,7,7,318.0
2026-10-10T06:46:31Z,72866,2,2,16000,3050,1028,0,1,7,7,318.0
2026-10-10T06:46:46Z,72882,2,2,16000,3050,974,0,1,7,7,313.5
2026-10-10T06:47:02Z,72897,2,2,16000,3050,846,0,1,7,7,313.5
2026-10-10T06:47:18Z,72913,2,2,16000,3050,548,0,1,7,7,309.0
2026-10-10T06:47:33Z,72929,2,2,16000,3050,549,0,1,7,7,309.0
2026-10-10T06:47:49Z,72944,2,2,16000,3050,423,0,1,7,7,306.0
2026-10-10T06:48:04Z,72960,2,2,16000,3050,511,0,1,7,7,307.5
2026-10-10T06:48:20Z,72975,2,2,16000,3050,572,0,1,7,7,310.5
2026-10-10T06:48:36Z,72991,2,2,16000,3050,535,0,1,7,7,309.0
2026-10-10T06:48:51Z,73007,2,2,16000,3050,553,0,1,7,6,309.0
2026-10-10T06:49:07Z,73022,2,2,16000,2850,400,0,1,6,6,306.0
2026-10-10T06:49:22Z,73038,2,2,16000,2650,306,0,1,6,5,303.0
2026-10-10T06:49:38Z,73053,2,2,16000,2650,324,0,1,5,5,304.5
2026-10-10T06:49:54Z,73069,2,2,16000,2650,465,0,1,5,5,307.5
2026-10-10T06:50:09Z,73085,2,2,16000,2450,514,0,1,5,4,307.5
2026-10-10T06:50:25Z,73100,2,2,16000,2450,598,0,1,4,4,309.0
2026-10-10T06:50:40Z,73116,2,2,16000,2450,730,0,1,4,4,312.0
2026-10-10T06:50:56Z,73131,2,2,16000,2450,763,0,1,4,4,313.5
2026-10-10T06:51:11Z,73147,2,2,16000,2450,734,0,1,4,4,312.0
2026-10-10T06:51:27Z,73162,2,2,16000,2450,746,0,1,4,4,312.0
2026-10-10T06:51:43Z,73178,2,2,16000,2450,681,0,1,4,4,310.5
2026-10-10T06:51:58Z,73194,2,2,16000,2250,757,0,1,4,3,313.5
2026-10-10T06:52:14Z,73209,2,2,16000,2250,853,0,1,3,3,315.0
2026-10-10T06:52:29Z,73225,2,2,16000,2250,963,0,1,3,3,316.5
2026-10-10T06:52:45Z,73240,2,2,16000,2250,1007,0,1,3,3,318.0
2026-10-10T06:53:01Z,73256,2,2,16000,2450,1260,0,1,3,4,322.5
2026-10-10T06:53:16Z,73272,2,2,16000,2450,1206,0,1,4,4,321.0
2026-10-10T06:53:32Z,73287,2,2,16000,2650,1517,0,1,5,5,327.0
2026-10-10T06:53:48Z,73303,2,2,16000,2650,1538,0,1,5,5,327.0
2026-10-10T06:54:03Z,73319,2,2,16000,2650,1521,0,1,5,5,327.0
2026-10-10T06:54:19Z,73334,2,2,16000,2650,1584,0,1,5,5,328.5
2026-10-10T06:54:34Z,73350,2,2,16000,2650,1262,0,1,5,5,322.5
2026-10-10T06:54:50Z,73365,2,2,16000,2650,1209,0,1,5,5,321.0
2026-10-10T06:55:06Z,73381,2,2,16000,2650,1167,0,1,5,5,321.0
2026-10-10T06:55:21Z,73397,2,2,16000,2650,1244,0,1,5,5,321.0
2026-10-10T06:55:37Z,73412,2,2,16000,2650,1219,0,1,5,5,321.0
2026-10-10T06:55:53Z,73428,2,2,16000,2650,1489,0,1,5,5,327.0
2026-10-10T06:56:08Z,73444,2,2,16000,2650,1523,0,1,5,5,327.0
2026-10-10T06:56:24Z,73459,2,2,16000,2650,1605,0,1,5,5,328.5
2026-10-10T06:56:39Z,73475,2,2,16000,2850,1811,0,1,5,6,333.0
2026-10-10T06:56:55Z,73490,2,2,16000,2850,1870,0,1,6,6,333.0
2026-10-10T06:57:11Z,73506,2,2,16000,2850,1987,0,1,6,6,334.5
2026-10-10T06:57:26Z,73522,2,2,16000,2850,2102,0,1,6,6,337.5
2026-10-10T06:57:42Z,73537,2,2,16000,3050,2074,0,1,6,7,337.5
2026-10-10T06:57:58Z,73553,2,2,16000,3050,2216,0,1,7,7,339.0
2026-10-10T06:58:13Z,73569,2,2,16000,3050,1933,0,1,7,7,334.5
2026-10-10T06:58:29Z,73584,2,2,16000,3050,1787,0,1,7,7,331.5
2026-10-10T06:58:45Z,73600,2,2,16000,3050,1748,0,1,7,7,331.5
2026-10-10T06:59:00Z,73616,2,2,16000,3050,1580,0,1,7,7,328.5
2026-10-10T06:59:16Z,73631,2,2,16000,3050,1622,0,1,7,7,328.5
2026-10-10T06:59:31Z,73647,2,2,16000,3050,1319,0,1,7,7,324.0
2026-10-10T06:59:47Z,73662,2,2,16000,3050,1257,0,1,7,7,321.0
2026-10-10T07:00:03Z,73678,2,2,16000,3050,1010,0,1,7,7,318.0
2026-10-10T07:00:18Z,73694,2,2,16000,3050,1113,0,1,7,7,319.5
2026-10-10T07:00:34Z,73709,2,2,16000,3050,900,0,1,7,7,315.0
2026-10-10T07:00:49Z,73725,2,2,16000,3050,1036,0,1,7,7,318.0
2026-10-10T07:01:05Z,73740,2,2,16000,3050,1010,0,1,7,7,318.0
2026-10-10T07:01:21Z,73756,2,2,16000,3050,993,0,1,7,7,316.5
2026-10-10T07:01:36Z,73772,2,2,16000,3050,977,0,1,7,7,316.5
2026-10-10T07:01:52Z,73787,2,2,16000,3050,802,0,1,7,7,313.5
2026-10-10T07:02:07Z,73803,2,2,16000,3050,792,0,1,7,7,313.5
2026-10-10T07:02:23Z,73818,2,2,16000,3050,644,0,1,7,7,310.5
2026-10-10T07:02:39Z,73834,2,2,16000,3050,530,0,1,7,7,307.5
2026-10-10T07:02:54Z,73850,2,2,16000,3050,512,0,1,7,7,307.5
2026-10-10T07:03:10Z,73865,2,2,16000,2850,485,0,1,7,6,307.5
2026-10-10T07:03:25Z,73881,2,2,16000,2850,578,0,1,6,6,309.0
2026-10-10T07:03:41Z,73896,2,2,16000,2850,525,0,1,6,6,309.0
2026-10-10T07:03:56Z,73912,2,2,16000,2850,518,0,1,6,6,309.0
2026-10-10T07:04:12Z,73927,2,2,16000,2650,456,0,1,6,5,306.0
2026-10-10T07:04:28Z,73943,2,2,16000,2650,298,0,1,5,5,303.0
2026-10-10T07:04:43Z,73959,2,2,16000,2450,287,0,1,5,4,304.5
2026-10-10T07:04:59Z,73974,2,2,16000,2450,443,0,1,4,4,307.5
2026-10-10T07:05:14Z,73990,2,2,16000,2450,522,0,1,4,4,309.0
2026-10-10T07:05:30Z,74005,2,2,16000,2450,584,0,1,4,4,309.0
2026-10-10T07:05:46Z,74021,2,2,16000,2450,733,0,1,4,4,312.0
2026-10-10T07:06:01Z,74037,2,2,16000,2450,754,0,1,4,4,312.0
2026-10-10T07:06:17Z,74052,2,2,16000,2450,787,0,1,4,4,313.5
2026-10-10T07:06:32Z,74068,2,2,16000,2450,618,0,1,4,4,310.5
2026-10-10T07:06:48Z,74083,2,2,16000,2250,782,0,1,3,3,313.5
2026-10-10T07:07:04Z,74099,2,2,16000,2250,795,0,1,3,3,313.5
2026-10-10T07:07:19Z,74115,2,2,16000,2250,966,0,1,3,3,316.5
2026-10-10T07:07:35Z,74130,2,2,16000,2250,962,0,1,3,3,316.5
2026-10-10T07:07:50Z,74146,2,2,16000,2450,1117,0,1,3,4,319.5
2026-10-10T07:08:06Z,74161,2,2,16000,2450,1321,0,1,4,4,324.0
2026-10-10T07:08:21Z,74177,2,2,16000,2650,1309,0,1,4,5,322.5
2026-10-10T07:08:37Z,74192,2,2,16000,2650,1560,0,1,5,5,328.5
2026-10-10T07:08:53Z,74208,2,2,16000,2650,1537,0,1,5,5,327.0
2026-10-10T07:09:08Z,74224,2,2,16000,2650,1559,0,1,5,5,327.0
2026-10-10T07:09:24Z,74239,2,2,16000,2650,1506,0,1,5,5,327.0
2026-10-10T07:09:40Z,74255,2,2,16000,2650,1355,0,1,5,5,324.0
2026-10-10T07:09:55Z,74271,2,2,16000,2650,1222,0,1,5,5,321.0
2026-10-10T07:10:11Z,74286,3,3,24000,2650,1211,0,1,5,5,396.0
2026-10-10T07:10:26Z,74302,3,3,24000,2650,1261,0,1,5,5,396.0
2026-10-10T07:10:42Z,74317,3,3,24000,2650,1257,0,1,5,5,396.0
2026-10-10T07:10:58Z,74333,3,3,24000,2650,1433,0,1,5,5,400.5
2026-10-10T07:11:13Z,74349,2,2,16000,2650,1518,0,1,5,5,327.0
2026-10-10T07:11:29Z,74364,2,2,16000,2650,1652,0,1,5,5,328.5
2026-10-10T07:11:45Z,74380,2,2,16000,2850,1799,0,1,5,6,331.5
2026-10-10T07:12:00Z,74396,2,2,16000,2850,1814,0,1,6,6,331.5
2026-10-10T07:12:16Z,74411,2,2,16000,2850,1968,0,1,6,6,336.0
2026-10-10T07:12:31Z,74427,2,2,16000,3250,2228,0,1,6,8,343.5
2026-10-10T07:12:47Z,74442,2,2,16000,3250,2325,0,1,8,8,342.0
2026-10-10T07:13:03Z,74458,2,2,16000,3250,2094,0,1,8,8,337.5
2026-10-10T07:13:18Z,74474,2,2,16000,3250,1953,0,1,8,8,336.0
2026-10-10T07:13:34Z,74490,2,2,16000,3250,1890,0,1,8,8,334.5
2026-10-10T07:13:50Z,74505,2,2,16000,3250,1722,0,1,8,8,331.5
2026-10-10T07:14:05Z,74521,2,2,16000,3250,1765,0,1,8,8,331.5
2026-10-10T07:14:21Z,74536,2,2,16000,3250,1585,0,1,8,8,328.5
2026-10-10T07:14:37Z,74552,2,2,16000,3250,1424,0,1,8,8,325.5
2026-10-10T07:14:52Z,74568,2,2,16000,3250,1360,0,1,8,8,324.0
2026-10-10T07:15:08Z,74583,2,2,16000,3250,1086,0,1,8,8,319.5
2026-10-10T07:15:24Z,74599,2,2,16000,3250,1061,0,1,8,8,319.5
2026-10-10T07:15:39Z,74615,2,2,16000,3250,930,0,1,8,8,316.5
2026-10-10T07:15:55Z,74630,2,2,16000,3250,1014,0,1,8,8,318.0
2026-10-10T07:16:10Z,74646,2,2,16000,3250,1041,0,1,8,8,318.0
2026-10-10T07:16:26Z,74661,2,2,16000,3250,1070,0,1,8,8,318.0
2026-10-10T07:16:42Z,74677,2,2,16000,3250,1051,0,1,8,8,318.0
2026-10-10T07:16:57Z,74693,2,2,16000,3250,853,0,1,8,8,315.0
2026-10-10T07:17:13Z,74708,2,2,16000,3250,817,0,1,8,8,313.5
2026-10-10T07:17:28Z,74724,2,2,16000,3250,663,0,1,8,8,310.5
2026-10-10T07:17:44Z,74739,2,2,16000,3250,542,0,1,8,8,307.5
2026-10-10T07:18:00Z,74755,2,2,16000,3050,498,0,1,8,7,307.5
2026-10-10T07:18:15Z,74771,2,2,16000,3050,507,0,1,7,7,309.0
2026-10-10T07:18:31Z,74786,2,2,16000,3050,551,0,1,7,7,309.0
2026-10-10T07:18:46Z,74802,2,2,16000,2850,542,0,1,7,6,309.0
2026-10-10T07:19:02Z,74817,2,2,16000,2850,514,0,1,6,6,307.5
2026-10-10T07:19:18Z,74833,2,2,16000,2850,323,0,1,6,6,304.5
2026-10-10T07:19:33Z,74849,2,2,16000,2650,342,0,1,6,5,304.5
2026-10-10T07:19:49Z,74864,2,2,16000,2650,443,0,1,5,4,307.5
2026-10-10T07:20:05Z,74880,2,2,16000,2450,536,0,1,4,4,307.5
2026-10-10T07:20:20Z,74896,2,2,16000,2450,608,0,1,4,4,310.5
2026-10-10T07:20:36Z,74911,2,2,16000,2450,771,0,1,4,4,312.0
2026-10-10T07:20:51Z,74927,2,2,16000,2450,795,0,1,4,4,313.5
2026-10-10T07:21:07Z,74942,2,2,16000,2450,772,0,1,4,4,312.0
2026-10-10T07:21:23Z,74958,2,2,16000,2450,764,0,1,4,4,312.0
2026-10-10T07:21:38Z,74974,2,2,16000,2450,673,0,1,4,3,312.0
2026-10-10T07:21:54Z,74989,2,2,16000,2250,848,0,1,3,3,313.5
2026-10-10T07:22:10Z,75005,2,2,16000,2250,829,0,1,3,3,313.5
2026-10-10T07:22:25Z,75021,2,2,16000,2250,1003,0,1,3,3,318.0
2026-10-10T07:22:41Z,75036,2,2,16000,2250,1107,0,1,3,3,319.5
2026-10-10T07:22:56Z,75052,2,2,16000,2450,1230,0,1,3,4,321.0
2026-10-10T07:23:12Z,75067,2,2,16000,2450,1422,0,1,4,4,324.0
2026-10-10T07:23:28Z,75083,2,2,16000,2650,1598,0,1,4,5,328.5
2026-10-10T07:23:43Z,75099,2,2,16000,2650,1715,0,1,5,5,330.0
2026-10-10T07:23:59Z,75114,2,2,16000,2650,1603,0,1,5,5,328.5
2026-10-10T07:24:15Z,75130,2,2,16000,2650,1630,0,1,5,5,328.5
2026-10-10T07:24:31Z,75146,2,2,16000,2650,1586,0,1,5,5,328.5
2026-10-10T07:24:46Z,75162,2,2,16000,2650,1417,0,1,5,5,325.5
2026-10-10T07:25:02Z,75177,2,2,16000,2650,1329,0,1,5,5,322.5
2026-10-10T07:25:17Z,75193,2,2,16000,2650,1322,0,1,5,5,324.0
2026-10-10T07:25:33Z,75209,2,2,16000,2650,1375,1,1,5,5,324.0
2026-10-10T07:25:49Z,75224,2,2,16000,2650,1622,0,1,5,5,330.0
2026-10-10T07:26:05Z,75240,2,2,16000,2650,1778,1,1,5,6,331.5
2026-10-10T07:26:20Z,75256,2,2,16000,2850,1909,0,1,6,6,333.0
2026-10-10T07:26:36Z,75271,2,2,16000,3050,1966,0,1,6,7,336.0
2026-10-10T07:26:52Z,75287,2,2,16000,3050,2077,0,1,7,7,337.5
2026-10-10T07:27:07Z,75303,2,2,16000,3050,2310,0,1,7,7,342.0
2026-10-10T07:27:23Z,75318,2,2,16000,3250,2373,0,1,7,8,343.5
2026-10-10T07:27:39Z,75334,2,2,16000,3250,2315,0,1,8,8,342.0
2026-10-10T07:27:54Z,75350,2,2,16000,3250,2335,0,1,8,8,342.0
2026-10-10T07:28:10Z,75365,2,2,16000,3250,2178,0,1,8,8,339.0
2026-10-10T07:28:26Z,75381,2,2,16000,3250,1962,0,1,8,8,336.0
2026-10-10T07:28:42Z,75397,2,2,16000,3250,1988,0,1,8,8,334.5
2026-10-10T07:28:57Z,75413,2,2,16000,3250,1774,0,1,8,8,331.5
2026-10-10T07:29:13Z,75428,2,2,16000,3250,1606,0,1,8,8,328.5
2026-10-10T07:29:28Z,75444,2,2,16000,3250,1514,0,1,8,8,327.0
2026-10-10T07:29:44Z,75459,2,2,16000,3250,1334,0,1,8,8,322.5
2026-10-10T07:30:00Z,75475,2,2,16000,3250,1353,0,1,8,8,324.0
2026-10-10T07:30:15Z,75491,2,2,16000,3250,1108,0,1,8,8,319.5
2026-10-10T07:30:31Z,75506,2,2,16000,3250,1106,0,1,8,8,319.5
2026-10-10T07:30:47Z,75522,2,2,16000,3250,966,0,1,8,8,322.5
2026-10-10T07:31:03Z,75538,2,2,16000,3250,1272,0,1,8,8,321.0
2026-10-10T07:31:18Z,75554,2,2,16000,3250,1180,0,1,8,8,321.0
2026-10-10T07:31:34Z,75569,2,2,16000,3250,1261,0,1,8,8,322.5
2026-10-10T07:31:50Z,75585,2,2,16000,3250,920,0,1,8,8,315.0
2026-10-10T07:32:05Z,75601,2,2,16000,3250,864,0,1,8,8,313.5
2026-10-10T07:32:21Z,75616,2,2,16000,3250,657,0,1,8,8,310.5
2026-10-10T07:32:36Z,75632,2,2,16000,3250,559,0,1,8,8,309.0
2026-10-10T07:32:52Z,75647,2,2,16000,3250,540,0,1,8,8,309.0
2026-10-10T07:33:08Z,75663,2,2,16000,3250,496,0,1,8,7,307.5
2026-10-10T07:33:23Z,75679,2,2,16000,3050,574,0,1,7,7,309.0
2026-10-10T07:33:39Z,75694,2,2,16000,3050,595,0,1,7,6,309.0
2026-10-10T07:33:54Z,75710,2,2,16000,2850,567,0,1,6,6,309.0
2026-10-10T07:34:10Z,75725,2,2,16000,2850,480,0,1,6,6,307.5
2026-10-10T07:34:26Z,75741,2,2,16000,2650,314,0,1,6,5,303.0
2026-10-10T07:34:41Z,75757,2,2,16000,2650,314,0,1,5,5,304.5
2026-10-10T07:34:57Z,75772,2,2,16000,2450,447,0,1,5,4,306.0
2026-10-10T07:35:12Z,75788,2,2,16000,2450,538,0,1,4,4,307.5
2026-10-10T07:35:28Z,75803,2,2,16000,2450,582,0,1,4,4,310.5
2026-10-10T07:35:44Z,75819,2,2,16000,2450,766,0,1,4,4,313.5
2026-10-10T07:35:59Z,75835,2,2,16000,2450,811,0,1,4,4,315.0
2026-10-10T07:36:15Z,75850,2,2,16000,2450,796,0,1,4,4,313.5
2026-10-10T07:36:30Z,75866,2,2,16000,2450,789,0,1,4,4,313.5
2026-10-10T07:36:46Z,75881,2,2,16000,2450,646,0,1,4,4,310.5
2026-10-10T07:37:02Z,75897,2,2,16000,2250,773,0,1,4,3,313.5
2026-10-10T07:37:17Z,75913,2,2,16000,2250,1085,0,1,3,3,319.5
2026-10-10T07:37:33Z,75928,2,2,16000,2450,1209,0,1,3,4,321.0
2026-10-10T07:37:49Z,75944,2,2,16000,2450,1311,0,1,4,4,322.5
2026-10-10T07:38:04Z,75960,2,2,16000,2450,1375,0,1,4,4,325.5
2026-10-10T07:38:20Z,75975,2,2,16000,2650,1479,0,1,5,5,325.5
2026-10-10T07:38:36Z,75991,2,2,16000,2650,1714,1,1,5,6,331.5
2026-10-10T07:38:51Z,76007,2,2,16000,2850,1803,0,1,6,6,333.0
2026-10-10T07:39:07Z,76022,2,2,16000,2850,1771,0,1,6,6,331.5
2026-10-10T07:39:23Z,76038,2,2,16000,2850,1840,0,1,6,6,333.0
2026-10-10T07:39:38Z,76054,2,2,16000,2850,1436,0,1,6,6,325.5
2026-10-10T07:39:54Z,76069,2,2,16000,2850,1373,0,1,6,6,324.0
2026-10-10T07:40:09Z,76085,2,2,16000,2850,1300,0,1,6,6,324.0
2026-10-10T07:40:25Z,76100,2,2,16000,2850,1395,0,1,6,6,325.5
2026-10-10T07:40:41Z,76116,2,2,16000,2850,1456,0,1,6,6,325.5
2026-10-10T07:40:56Z,76132,2,2,16000,2850,1578,0,1,6,6,328.5
2026-10-10T07:41:12Z,76147,2,2,16000,2850,1641,0,1,6,6,328.5
2026-10-10T07:41:28Z,76163,2,2,16000,2850,1732,0,1,6,6,330.0
2026-10-10T07:41:44Z,76179,2,2,16000,3050,2046,0,1,6,7,337.5
2026-10-10T07:41:59Z,76195,2,2,16000,3050,2172,0,1,7,7,339.0
2026-10-10T07:42:15Z,76210,2,2,16000,3050,2143,0,1,7,7,339.0
2026-10-10T07:42:31Z,76226,2,2,16000,3050,2290,0,1,7,7,342.0
2026-10-10T07:42:46Z,76242,2,2,16000,3050,2226,0,1,7,7,340.5
2026-10-10T07:43:02Z,76257,2,2,16000,3050,2211,0,1,7,7,340.5
2026-10-10T07:43:18Z,76273,2,2,16000,3050,2024,0,1,7,7,336.0
2026-10-10T07:43:33Z,76289,2,2,16000,3050,1966,0,1,7,7,334.5
2026-10-10T07:43:49Z,76304,2,2,16000,3050,1675,0,1,7,7,330.0
2026-10-10T07:44:05Z,76320,2,2,16000,3050,1649,0,1,7,7,328.5
2026-10-10T07:44:21Z,76336,2,2,16000,3050,1598,0,1,7,7,328.5
2026-10-10T07:44:36Z,76352,2,2,16000,3050,1276,0,1,7,7,322.5
2026-10-10T07:44:52Z,76367,2,2,16000,3050,1335,0,1,7,7,324.0
2026-10-10T07:45:07Z,76383,2,2,16000,3050,1042,0,1,7,7,318.0
2026-10-10T07:45:23Z,76398,2,2,16000,3050,1057,1,1,7,7,318.0
2026-10-10T07:45:39Z,76414,2,2,16000,3050,948,0,1,7,7,316.5
2026-10-10T07:45:54Z,76430,2,2,16000,3050,1013,0,1,7,7,318.0
2026-10-10T07:46:10Z,76445,2,2,16000,3050,982,0,1,7,7,316.5
2026-10-10T07:46:26Z,76461,2,2,16000,3050,1066,0,1,7,7,318.0
2026-10-10T07:46:41Z,76477,2,2,16000,3050,973,0,1,7,7,318.0
2026-10-10T07:46:57Z,76492,2,2,16000,3050,851,0,1,7,7,313.5
2026-10-10T07:47:12Z,76508,2,2,16000,3050,818,0,1,7,7,313.5
2026-10-10T07:47:28Z,76524,2,2,16000,3050,708,0,1,7,7,312.0
2026-10-10T07:47:44Z,76539,2,2,16000,3050,545,0,1,7,7,309.0
2026-10-10T07:47:59Z,76555,2,2,16000,3050,519,0,1,7,7,307.5
2026-10-10T07:48:15Z,76570,2,2,16000,3050,441,0,1,7,7,307.5
2026-10-10T07:48:31Z,76586,2,2,16000,3050,544,0,1,7,7,307.5
2026-10-10T07:48:46Z,76602,2,2,16000,2850,505,0,1,7,6,307.5
2026-10-10T07:49:02Z,76617,2,2,16000,2850,574,0,1,6,6,307.5
2026-10-10T07:49:17Z,76633,2,2,16000,2850,298,0,1,6,6,303.0
2026-10-10T07:49:33Z,76648,2,2,16000,2650,295,0,1,6,5,303.0
2026-10-10T07:49:48Z,76664,2,2,16000,2650,427,0,1,5,5,307.5
2026-10-10T07:50:04Z,76679,2,2,16000,2450,539,0,1,5,4,309.0
2026-10-10T07:50:20Z,76695,2,2,16000,2450,575,0,1,4,4,309.0
2026-10-10T07:50:35Z,76711,2,2,16000,2450,755,0,1,4,4,312.0
2026-10-10T07:50:51Z,76726,2,2,16000,2450,764,0,1,4,4,312.0
2026-10-10T07:51:07Z,76742,2,2,16000,2450,790,0,1,4,4,313.5
2026-10-10T07:51:22Z,76758,2,2,16000,2450,805,0,1,4,4,313.5
2026-10-10T07:51:38Z,76773,2,2,16000,2450,680,0,1,4,4,312.0
2026-10-10T07:51:53Z,76789,2,2,16000,2450,761,0,1,4,3,312.0
2026-10-10T07:52:09Z,76804,2,2,16000,2250,779,0,1,3,3,313.5
2026-10-10T07:52:25Z,76820,2,2,16000,2250,977,0,1,3,3,316.5
2026-10-10T07:52:40Z,76836,2,2,16000,2450,1125,0,1,3,4,319.5
2026-10-10T07:52:56Z,76851,2,2,16000,2450,1187,0,1,4,4,319.5
2026-10-10T07:53:11Z,76867,2,2,16000,2450,1302,1,1,4,4,322.5
2026-10-10T07:53:27Z,76882,2,2,16000,2450,1332,0,1,4,4,322.5
2026-10-10T07:53:43Z,76898,2,2,16000,2650,1561,0,1,4,5,328.5
2026-10-10T07:53:58Z,76914,2,2,16000,2650,1559,0,1,5,5,327.0
2026-10-10T07:54:14Z,76929,2,2,16000,2650,1608,0,1,5,5,330.0
2026-10-10T07:54:30Z,76945,2,2,16000,2650,1614,0,1,5,5,328.5
2026-10-10T07:54:45Z,76961,2,2,16000,2650,1353,0,1,5,5,324.0
2026-10-10T07:55:01Z,76976,2,2,16000,2650,1288,0,1,5,5,322.5
2026-10-10T07:55:16Z,76992,2,2,16000,2650,1258,0,1,5,5,322.5
2026-10-10T07:55:32Z,77007,2,2,16000,2650,1359,0,1,5,5,324.0
2026-10-10T07:55:48Z,77023,2,2,16000,2650,1458,0,1,5,5,325.5
2026-10-10T07:56:03Z,77039,2,2,16000,2650,1581,0,1,5,5,328.5
2026-10-10T07:56:19Z,77054,2,2,16000,2650,1541,0,1,5,5,328.5
2026-10-10T07:56:35Z,77070,2,2,16000,2650,1818,0,1,5,5,333.0
2026-10-10T07:56:51Z,77086,2,2,16000,2650,1822,0,1,5,6,331.5
2026-10-10T07:57:06Z,77102,2,2,16000,2850,2163,0,1,6,6,339.0
2026-10-10T07:57:22Z,77117,2,2,16000,3050,2264,1,1,6,8,340.5
2026-10-10T07:57:38Z,77133,3,3,24000,3250,2347,0,1,8,8,417.0
2026-10-10T07:57:53Z,77149,3,3,24000,3250,2182,0,1,8,8,414.0
2026-10-10T07:58:09Z,77164,3,3,24000,3250,2169,0,1,8,8,414.0
2026-10-10T07:58:25Z,77180,3,3,24000,3250,1863,0,1,8,8,408.0
2026-10-10T07:58:40Z,77196,2,2,16000,3250,1888,0,1,8,8,333.0
2026-10-10T07:58:56Z,77211,2,2,16000,3250,1547,0,1,8,8,327.0
2026-10-10T07:59:12Z,77227,2,2,16000,3250,1524,0,1,8,8,327.0
2026-10-10T07:59:27Z,77243,2,2,16000,3250,1435,0,1,8,8,325.5
2026-10-10T07:59:43Z,77258,2,2,16000,3250,1287,0,1,8,8,322.5
2026-10-10T07:59:59Z,77274,2,2,16000,3250,1264,0,1,8,8,322.5
2026-10-10T08:00:14Z,77290,2,2,16000,3250,1091,0,1,8,8,319.5
2026-10-10T08:00:30Z,77305,2,2,16000,3250,1101,0,1,8,8,319.5
2026-10-10T08:00:45Z,77321,2,2,16000,3250,940,0,1,8,8,316.5
2026-10-10T08:01:01Z,77336,2,2,16000,3250,1076,0,1,8,8,319.5
2026-10-10T08:01:17Z,77352,2,2,16000,3250,1164,0,1,8,8,321.0
2026-10-10T08:01:32Z,77368,2,2,16000,3250,1189,0,1,8,8,321.0
2026-10-10T08:01:48Z,77383,2,2,16000,3250,857,0,1,8,8,313.5
2026-10-10T08:02:04Z,77399,2,2,16000,3250,797,0,1,8,8,313.5
2026-10-10T08:02:19Z,77415,2,2,16000,3250,691,0,1,8,8,310.5
2026-10-10T08:02:35Z,77430,2,2,16000,3250,533,0,1,8,8,309.0
2026-10-10T08:02:50Z,77446,2,2,16000,3250,516,0,1,8,8,309.0
2026-10-10T08:03:06Z,77461,2,2,16000,3050,434,0,1,8,7,306.0
2026-10-10T08:03:21Z,77477,2,2,16000,3050,558,0,1,7,6,309.0
2026-10-10T08:03:37Z,77492,2,2,16000,2850,517,0,1,6,6,309.0
2026-10-10T08:03:53Z,77508,2,2,16000,2850,540,0,1,6,6,309.0
2026-10-10T08:04:08Z,77524,2,2,16000,2850,485,0,1,6,5,307.5
2026-10-10T08:04:24Z,77539,2,2,16000,2650,303,0,1,5,5,304.5
2026-10-10T08:04:39Z,77555,3,3,24000,2650,297,0,1,5,5,378.0
2026-10-10T08:04:55Z,77570,3,3,24000,2650,410,0,1,5,4,381.0
2026-10-10T08:05:11Z,77586,3,3,24000,2450,597,0,1,4,4,384.0
2026-10-10T08:05:26Z,77602,3,3,24000,2450,591,0,1,4,4,384.0
2026-10-10T08:05:42Z,77617,2,2,16000,2450,748,0,1,4,4,312.0
2026-10-10T08:05:57Z,77633,2,2,16000,2450,777,0,1,4,4,313.5
2026-10-10T08:06:13Z,77648,2,2,16000,2450,776,0,1,4,4,312.0
2026-10-10T08:06:28Z,77664,2,2,16000,2450,762,0,1,4,4,313.5
2026-10-10T08:06:44Z,77679,2,2,16000,2450,668,0,1,4,4,310.5
2026-10-10T08:07:00Z,77695,2,2,16000,2250,752,0,1,4,3,312.0
2026-10-10T08:07:15Z,77711,2,2,16000,2250,761,0,1,3,3,313.5
2026-10-10T08:07:31Z,77726,2,2,16000,2250,965,0,1,3,3,316.5
2026-10-10T08:07:46Z,77742,2,2,16000,2250,975,0,1,3,3,319.5
2026-10-10T08:08:02Z,77757,2,2,16000,2250,1242,0,1,3,3,322.5
2026-10-10T08:08:18Z,77773,2,2,16000,2450,1275,0,1,3,4,322.5
2026-10-10T08:08:33Z,77789,2,2,16000,2450,1507,0,1,4,4,327.0
2026-10-10T08:08:49Z,77804,2,2,16000,2650,1588,0,1,4,5,327.0
2026-10-10T08:09:05Z,77820,2,2,16000,2650,1528,0,1,5,5,327.0
2026-10-10T08:09:20Z,77836,2,2,16000,2650,1533,0,1,5,5,327.0
2026-10-10T08:09:36Z,77851,2,2,16000,2650,1348,0,1,5,5,324.0
2026-10-10T08:09:51Z,77867,2,2,16000,2650,1220,0,1,5,5,321.0
2026-10-10T08:10:07Z,77882,2,2,16000,2650,1191,0,1,5,5,321.0
2026-10-10T08:10:23Z,77898,2,2,16000,2650,1239,0,1,5,5,322.5
2026-10-10T08:10:38Z,77914,2,2,16000,2650,1262,0,1,5,5,322.5
2026-10-10T08:10:54Z,77929,2,2,16000,2650,1461,0,1,5,5,325.5
2026-10-10T08:11:10Z,77945,2,2,16000,2650,1508,0,1,5,5,325.5
2026-10-10T08:11:25Z,77961,2,2,16000,2650,1565,0,1,5,5,327.0
2026-10-10T08:11:41Z,77976,2,2,16000,2850,1732,0,1,5,6,331.5
2026-10-10T08:11:57Z,77992,2,2,16000,2850,1874,0,1,6,6,334.5
2026-10-10T08:12:12Z,78008,2,2,16000,2850,1959,0,1,6,6,336.0
2026-10-10T08:12:28Z,78023,2,2,16000,3050,2165,0,1,6,7,339.0
2026-10-10T08:12:44Z,78039,2,2,16000,3050,2153,0,1,7,7,339.0
2026-10-10T08:12:59Z,78055,2,2,16000,3050,2181,0,1,7,7,339.0
2026-10-10T08:13:15Z,78070,2,2,16000,3050,2032,0,1,7,7,336.0
2026-10-10T08:13:30Z,78086,2,2,16000,3050,1837,0,1,7,7,333.0
2026-10-10T08:13:46Z,78101,2,2,16000,3050,1742,0,1,7,7,331.5
2026-10-10T08:14:02Z,78117,2,2,16000,3050,1587,0,1,7,7,328.5
2026-10-10T08:14:17Z,78133,2,2,16000,3050,1456,0,1,7,7,327.0
2026-10-10T08:14:33Z,78148,2,2,16000,3050,1339,0,1,7,7,324.0
2026-10-10T08:14:49Z,78164,2,2,16000,3050,1329,0,1,7,7,324.0
2026-10-10T08:15:04Z,78180,2,2,16000,3050,1077,0,1,7,7,318.0
2026-10-10T08:15:20Z,78195,2,2,16000,3050,1055,0,1,7,7,318.0
2026-10-10T08:15:35Z,78211,2,2,16000,3050,915,0,1,7,7,316.5
2026-10-10T08:15:51Z,78226,2,2,16000,3050,1036,0,1,7,7,318.0
2026-10-10T08:16:07Z,78242,2,2,16000,3050,1090,0,1,7,7,319.5
2026-10-10T08:16:22Z,78258,2,2,16000,3050,1091,0,1,7,7,319.5
2026-10-10T08:16:38Z,78273,2,2,16000,3050,1097,0,1,7,7,318.0
2026-10-10T08:16:53Z,78289,2,2,16000,3050,842,0,1,7,7,315.0
2026-10-10T08:17:09Z,78304,2,2,16000,3050,805,0,1,7,7,313.5
2026-10-10T08:17:25Z,78320,2,2,16000,3050,717,0,1,7,7,312.0
2026-10-10T08:17:40Z,78336,2,2,16000,3050,507,0,1,7,7,307.5
2026-10-10T08:17:56Z,78351,2,2,16000,3050,550,0,1,7,7,309.0
2026-10-10T08:18:11Z,78367,2,2,16000,3050,421,0,1,7,6,306.0
2026-10-10T08:18:27Z,78382,2,2,16000,2850,563,0,1,6,6,309.0
2026-10-10T08:18:43Z,78398,2,2,16000,2850,513,0,1,6,6,307.5
2026-10-10T08:18:58Z,78414,2,2,16000,2850,530,0,1,6,6,309.0
2026-10-10T08:19:14Z,78429,2,2,16000,2650,472,0,1,6,5,307.5
2026-10-10T08:19:29Z,78445,2,2,16000,2650,309,0,1,5,5,304.5
2026-10-10T08:19:45Z,78460,2,2,16000,2650,289,0,1,5,5,304.5
2026-10-10T08:20:01Z,78476,2,2,16000,2450,369,0,1,5,4,304.5
2026-10-10T08:20:16Z,78492,2,2,16000,2450,534,0,1,4,4,307.5
2026-10-10T08:20:32Z,78507,2,2,16000,2450,752,0,1,4,4,313.5
2026-10-10T08:20:47Z,78523,2,2,16000,2450,804,0,1,4,4,313.5
2026-10-10T08:21:03Z,78538,2,2,16000,2450,839,0,1,4,4,315.0
2026-10-10T08:21:19Z,78554,2,2,16000,2450,811,0,1,4,4,313.5
2026-10-10T08:21:34Z,78570,2,2,16000,2450,682,0,1,4,4,312.0
2026-10-10T08:21:50Z,78585,2,2,16000,2250,832,0,1,4,3,313.5
2026-10-10T08:22:05Z,78601,2,2,16000,2250,800,0,1,3,3,313.5
2026-10-10T08:22:21Z,78616,2,2,16000,2250,991,0,1,3,3,318.0
2026-10-10T08:22:37Z,78632,2,2,16000,2250,1104,0,1,3,3,319.5
2026-10-10T08:22:52Z,78648,2,2,16000,2450,1233,0,1,3,4,322.5
2026-10-10T08:23:08Z,78663,2,2,16000,2450,1364,0,1,4,4,324.0
2026-10-10T08:23:23Z,78679,2,2,16000,2450,1416,0,1,4,4,325.5
2026-10-10T08:23:39Z,78694,2,2,16000,2650,1761,0,1,4,5,331.5
2026-10-10T08:23:55Z,78710,2,2,16000,2650,1730,0,1,5,5,331.5
2026-10-10T08:24:10Z,78726,2,2,16000,2850,1710,0,1,5,6,330.0
2026-10-10T08:24:26Z,78741,2,2,16000,2850,1735,0,1,6,6,331.5
2026-10-10T08:24:42Z,78757,2,2,16000,2850,1528,0,1,6,6,328.5
2026-10-10T08:24:57Z,78773,2,2,16000,2850,1400,0,1,6,6,324.0
2026-10-10T08:25:13Z,78788,2,2,16000,2850,1367,0,1,6,6,324.0
2026-10-10T08:25:28Z,78804,2,2,16000,2850,1381,0,1,6,6,325.5
2026-10-10T08:25:44Z,78819,2,2,16000,2850,1399,0,1,6,6,324.0
2026-10-10T08:26:00Z,78835,2,2,16000,2850,1477,0,1,6,6,327.0
2026-10-10T08:26:15Z,78851,2,2,16000,2850,1685,0,1,6,6,330.0
2026-10-10T08:26:31Z,78866,2,2,16000,2850,1709,0,1,6,6,331.5
2026-10-10T08:26:47Z,78882,2,2,16000,2850,1902,0,1,6,6,333.0
2026-10-10T08:27:02Z,78898,2,2,16000,2850,2135,0,1,6,6,337.5
2026-10-10T08:27:18Z,78913,2,2,16000,3250,2310,0,1,6,8,342.0
2026-10-10T08:27:34Z,78929,2,2,16000,3250,2190,0,1,8,8,340.5
2026-10-10T08:27:49Z,78945,2,2,16000,3250,2142,0,1,8,8,339.0
2026-10-10T08:28:05Z,78960,2,2,16000,3250,2122,0,1,8,8,339.0
2026-10-10T08:28:21Z,78976,2,2,16000,3250,1809,0,1,8,8,331.5
2026-10-10T08:28:36Z,78992,2,2,16000,3250,1897,0,1,8,8,334.5
2026-10-10T08:28:52Z,79007,2,2,16000,3250,1579,0,1,8,8,327.0
2026-10-10T08:29:08Z,79023,2,2,16000,3250,1630,0,1,8,8,328.5
2026-10-10T08:29:23Z,79039,2,2,16000,3250,1488,0,1,8,8,327.0
2026-10-10T08:29:39Z,79054,2,2,16000,3250,1359,0,1,8,8,324.0
2026-10-10T08:29:54Z,79070,2,2,16000,3250,1378,0,1,8,8,324.0
2026-10-10T08:30:10Z,79085,2,2,16000,3250,1081,0,1,8,8,319.5
2026-10-10T08:30:26Z,79101,2,2,16000,3250,1129,0,1,8,8,321.0
2026-10-10T08:30:41Z,79117,2,2,16000,3250,1027,0,1,8,8,318.0
2026-10-10T08:30:57Z,79132,2,2,16000,3250,1056,0,1,8,8,319.5
2026-10-10T08:31:13Z,79148,2,2,16000,3250,1222,0,1,8,8,321.0
2026-10-10T08:31:28Z,79164,2,2,16000,3250,1138,0,1,8,8,319.5
2026-10-10T08:31:44Z,79179,2,2,16000,3250,1235,0,1,8,8,322.5
2026-10-10T08:32:00Z,79195,2,2,16000,3250,993,0,1,8,8,316.5
2026-10-10T08:32:15Z,79211,2,2,16000,3250,830,0,1,8,8,313.5
2026-10-10T08:32:31Z,79226,2,2,16000,3250,756,0,1,8,8,312.0
2026-10-10T08:32:46Z,79242,2,2,16000,3050,549,0,1,8,7,309.0
2026-10-10T08:33:02Z,79258,2,2,16000,3050,385,0,1,7,7,306.0
2026-10-10T08:33:18Z,79273,2,2,16000,2850,571,0,1,7,6,310.5
2026-10-10T08:33:33Z,79289,2,2,16000,2850,569,0,1,6,6,309.0
2026-10-10T08:33:49Z,79304,2,2,16000,2850,536,0,1,6,6,309.0
2026-10-10T08:34:05Z,79320,2,2,16000,2850,523,0,1,6,6,309.0
2026-10-10T08:34:20Z,79336,2,2,16000,2650,344,0,1,6,5,306.0
2026-10-10T08:34:36Z,79351,2,2,16000,2650,263,0,1,5,5,303.0
2026-10-10T08:34:51Z,79367,2,2,16000,2650,351,0,1,5,5,304.5
2026-10-10T08:35:07Z,79382,2,2,16000,2450,541,0,1,5,4,309.0
2026-10-10T08:35:22Z,79398,2,2,16000,2450,575,0,1,4,4,309.0
2026-10-10T08:35:38Z,79413,2,2,16000,2450,691,0,1,4,4,312.0
2026-10-10T08:35:54Z,79429,2,2,16000,2450,781,0,1,4,4,313.5
2026-10-10T08:36:09Z,79445,2,2,16000,2450,755,0,1,4,4,312.0
2026-10-10T08:36:25Z,79460,2,2,16000,2450,799,0,1,4,4,313.5
2026-10-10T08:36:40Z,79476,2,2,16000,2450,735,0,1,4,4,312.0
2026-10-10T08:36:56Z,79491,2,2,16000,2450,723,0,1,4,3,312.0
2026-10-10T08:37:12Z,79507,2,2,16000,2250,802,0,1,3,3,313.5
2026-10-10T08:37:27Z,79523,2,2,16000,2250,942,0,1,3,3,316.5
2026-10-10T08:37:43Z,79538,2,2,16000,2450,1024,0,1,3,4,316.5
2026-10-10T08:37:58Z,79554,2,2,16000,2450,1074,0,1,4,4,318.0
2026-10-10T08:38:14Z,79569,2,2,16000,2450,1269,0,1,4,4,322.5
2026-10-10T08:38:30Z,79585,2,2,16000,2450,1284,0,1,4,4,322.5
2026-10-10T08:38:45Z,79601,2,2,16000,2650,1566,0,1,4,5,328.5
2026-10-10T08:39:01Z,79616,2,2,16000,2650,1547,0,1,5,5,328.5
2026-10-10T08:39:17Z,79632,2,2,16000,2650,1610,0,1,5,5,328.5
2026-10-10T08:39:32Z,79648,2,2,16000,2650,1529,0,1,5,5,327.0
2026-10-10T08:39:48Z,79663,2,2,16000,2650,1291,0,1,5,5,322.5
2026-10-10T08:40:03Z,79679,2,2,16000,2650,1353,1,1,5,5,324.0
2026-10-10T08:40:19Z,79694,2,2,16000,2650,1233,0,1,5,5,321.0
2026-10-10T08:40:35Z,79710,2,2,16000,2650,1263,0,1,5,5,322.5
2026-10-10T08:40:50Z,79726,2,2,16000,2650,1398,0,1,5,5,325.5
2026-10-10T08:41:06Z,79741,2,2,16000,2650,1711,0,1,5,5,331.5
2026-10-10T08:41:22Z,79757,2,2,16000,2650,1653,0,1,5,5,330.0
2026-10-10T08:41:37Z,79773,2,2,16000,2650,1919,0,1,5,5,334.5
2026-10-10T08:41:53Z,79788,2,2,16000,2850,2038,0,1,5,6,337.5
2026-10-10T08:42:09Z,79804,2,2,16000,2850,1991,0,1,6,6,336.0
2026-10-10T08:42:24Z,79820,2,2,16000,2850,2132,1,1,6,7,339.0
2026-10-10T08:42:40Z,79835,2,2,16000,3050,2160,0,1,7,7,339.0
2026-10-10T08:42:56Z,79851,2,2,16000,3050,2156,0,1,7,7,339.0
2026-10-10T08:43:12Z,79867,2,2,16000,3050,2062,0,1,7,7,336.0
2026-10-10T08:43:27Z,79883,2,2,16000,3050,1920,0,1,7,7,334.5
2026-10-10T08:43:43Z,79898,2,2,16000,3050,1813,0,1,7,7,333.0
2026-10-10T08:43:58Z,79914,2,2,16000,3050,1695,0,1,7,7,330.0
2026-10-10T08:44:14Z,79929,2,2,16000,3050,1577,0,1,7,7,328.5
2026-10-10T08:44:30Z,79945,2,2,16000,3050,1513,0,1,7,7,327.0
2026-10-10T08:44:45Z,79961,2,2,16000,3050,1273,0,1,7,7,322.5
2026-10-10T08:45:01Z,79976,2,2,16000,3050,1293,0,1,7,7,322.5
2026-10-10T08:45:17Z,79992,2,2,16000,3050,1169,0,1,7,7,319.5
2026-10-10T08:45:32Z,80008,2,2,16000,3050,1020,0,1,7,7,318.0
2026-10-10T08:45:48Z,80023,2,2,16000,3050,989,0,1,7,7,318.0
2026-10-10T08:46:03Z,80039,2,2,16000,3050,1075,0,1,7,7,318.0
2026-10-10T08:46:19Z,80054,2,2,16000,3050,1014,0,1,7,7,318.0
2026-10-10T08:46:35Z,80070,2,2,16000,3050,1040,0,1,7,7,318.0
2026-10-10T08:46:50Z,80086,2,2,16000,3050,996,0,1,7,7,318.0
2026-10-10T08:47:06Z,80101,2,2,16000,3050,845,0,1,7,7,315.0
2026-10-10T08:47:21Z,80117,2,2,16000,3050,791,0,1,7,7,313.5
2026-10-10T08:47:37Z,80132,2,2,16000,3050,567,0,1,7,7,309.0
2026-10-10T08:47:53Z,80148,2,2,16000,3050,537,0,1,7,7,307.5
2026-10-10T08:48:08Z,80164,2,2,16000,3050,416,0,1,7,7,307.5
2026-10-10T08:48:24Z,80179,2,2,16000,3050,548,0,1,7,6,309.0
2026-10-10T08:48:39Z,80195,2,2,16000,2850,528,0,1,6,6,309.0
2026-10-10T08:48:55Z,80210,2,2,16000,2850,541,0,1,6,6,309.0
2026-10-10T08:49:11Z,80226,2,2,16000,2850,519,0,1,6,5,309.0
2026-10-10T08:49:26Z,80242,2,2,16000,2650,357,0,1,5,5,306.0
2026-10-10T08:49:42Z,80257,2,2,16000,2650,307,0,1,5,5,304.5
2026-10-10T08:49:57Z,80273,2,2,16000,2650,312,0,1,5,4,304.5
2026-10-10T08:50:13Z,80288,2,2,16000,2450,495,0,1,4,4,307.5
2026-10-10T08:50:28Z,80304,2,2,16000,2450,563,0,1,4,4,309.0
2026-10-10T08:50:44Z,80319,2,2,16000,2450,656,0,1,4,4,310.5
2026-10-10T08:51:00Z,80335,2,2,16000,2450,713,0,1,4,4,312.0
2026-10-10T08:51:15Z,80351,2,2,16000,2450,763,0,1,4,4,312.0
2026-10-10T08:51:31Z,80366,2,2,16000,2450,788,0,1,4,4,313.5
2026-10-10T08:51:46Z,80382,2,2,16000,2450,717,0,1,4,4,310.5
2026-10-10T08:52:02Z,80397,2,2,16000,2250,797,0,1,4,3,313.5
2026-10-10T08:52:18Z,80413,2,2,16000,2250,890,0,1,3,3,315.0
2026-10-10T08:52:33Z,80429,2,2,16000,2250,985,0,1,3,3,316.5
2026-10-10T08:52:49Z,80444,2,2,16000,2250,1010,0,1,3,3,316.5
2026-10-10T08:53:04Z,80460,2,2,16000,2250,1233,0,1,3,3,321.0
2026-10-10T08:53:20Z,80475,2,2,16000,2450,1263,0,1,3,4,322.5
2026-10-10T08:53:36Z,80491,2,2,16000,2450,1495,0,1,4,4,327.0
2026-10-10T08:53:52Z,80507,2,2,16000,2450,1554,0,1,4,4,328.5
2026-10-10T08:54:07Z,80523,2,2,16000,2650,1617,0,1,4,5,328.5
2026-10-10T08:54:23Z,80538,2,2,16000,2650,1589,0,1,5,5,328.5
2026-10-10T08:54:38Z,80554,2,2,16000,2650,1556,0,1,5,5,327.0
2026-10-10T08:54:54Z,80569,2,2,16000,2650,1231,0,1,5,5,321.0
2026-10-10T08:55:10Z,80585,2,2,16000,2650,1242,0,1,5,5,322.5
2026-10-10T08:55:25Z,80601,2,2,16000,2650,1120,0,1,5,5,319.5
2026-10-10T08:55:41Z,80616,2,2,16000,2650,1346,1,1,5,5,324.0
2026-10-10T08:55:57Z,80632,2,2,16000,2650,1362,0,1,5,5,324.0
2026-10-10T08:56:12Z,80648,2,2,16000,2650,1585,0,1,5,5,328.5
2026-10-10T08:56:28Z,80663,2,2,16000,2650,1600,0,1,5,5,328.5
2026-10-10T08:56:44Z,80679,2,2,16000,2850,1772,0,1,5,6,331.5
2026-10-10T08:56:59Z,80695,2,2,16000,2850,1995,0,1,6,6,336.0
2026-10-10T08:57:15Z,80710,2,2,16000,2850,2088,0,1,6,6,337.5
2026-10-10T08:57:31Z,80726,2,2,16000,3050,2234,0,1,6,7,340.5
2026-10-10T08:57:46Z,80742,2,2,16000,3050,2231,0,1,7,7,339.0
2026-10-10T08:58:02Z,80757,2,2,16000,3050,2197,0,1,7,7,340.5
2026-10-10T08:58:18Z,80773,2,2,16000,3050,1906,0,1,7,7,334.5
2026-10-10T08:58:33Z,80789,2,2,16000,3050,1861,0,1,7,7,333.0
2026-10-10T08:58:49Z,80804,2,2,16000,3050,1777,0,1,7,7,331.5
2026-10-10T08:59:05Z,80820,2,2,16000,3050,1557,0,1,7,7,327.0
2026-10-10T08:59:20Z,80836,2,2,16000,3050,1586,0,1,7,7,328.5
2026-10-10T08:59:36Z,80851,2,2,16000,3050,1269,0,1,7,7,321.0
2026-10-10T08:59:51Z,80867,2,2,16000,3050,1346,0,1,7,7,324.0
2026-10-10T09:00:07Z,80882,2,2,16000,3050,1242,0,1,7,7,321.0
2026-10-10T09:00:23Z,80898,2,2,16000,3050,1051,0,1,7,7,318.0
2026-10-10T09:00:38Z,80914,2,2,16000,3050,1104,0,1,7,7,319.5
2026-10-10T09:00:54Z,80929,2,2,16000,3050,1092,0,1,7,7,319.5
2026-10-10T09:01:09Z,80945,2,2,16000,3050,1187,0,1,7,7,321.0
2026-10-10T09:01:25Z,80960,2,2,16000,3050,1182,0,1,7,7,321.0
2026-10-10T09:01:41Z,80976,2,2,16000,3050,1243,0,1,7,7,322.5
2026-10-10T09:01:56Z,80992,2,2,16000,3050,1063,0,1,7,7,319.5
2026-10-10T09:02:12Z,81007,2,2,16000,3050,842,0,1,7,7,313.5
2026-10-10T09:02:28Z,81023,2,2,16000,3050,823,0,1,7,7,313.5
2026-10-10T09:02:43Z,81039,2,2,16000,3050,547,0,1,7,7,307.5
2026-10-10T09:02:59Z,81054,2,2,16000,3050,553,0,1,7,7,309.0
2026-10-10T09:03:14Z,81070,2,2,16000,3050,430,0,1,7,7,307.5
2026-10-10T09:03:30Z,81085,2,2,16000,3050,518,0,1,7,6,307.5
2026-10-10T09:03:45Z,81101,2,2,16000,2850,479,0,1,6,6,307.5
2026-10-10T09:04:01Z,81116,2,2,16000,2850,570,0,1,6,6,309.0
2026-10-10T09:04:17Z,81132,2,2,16000,2650,555,0,1,6,5,306.0
2026-10-10T09:04:32Z,81148,2,2,16000,2650,323,0,1,5,5,304.5
2026-10-10T09:04:48Z,81163,2,2,16000,2650,295,0,1,5,5,304.5
2026-10-10T09:05:03Z,81179,2,2,16000,2450,516,0,1,5,4,307.5
2026-10-10T09:05:19Z,81194,2,2,16000,2450,545,0,1,4,4,309.0
2026-10-10T09:05:35Z,81210,2,2,16000,2450,681,0,1,4,4,312.0
2026-10-10T09:05:50Z,81226,2,2,16000,2450,743,0,1,4,4,312.0
2026-10-10T09:06:06Z,81241,2,2,16000,2450,798,0,1,4,4,313.5
2026-10-10T09:06:21Z,81257,2,2,16000,2450,749,0,1,4,4,313.5
2026-10-10T09:06:37Z,81272,2,2,16000,2450,758,0,1,4,4,312.0
2026-10-10T09:06:52Z,81288,2,2,16000,2450,708,0,1,4,4,312.0
2026-10-10T09:07:08Z,81304,2,2,16000,2250,812,0,1,4,3,315.0
2026-10-10T09:07:24Z,81319,2,2,16000,2250,867,0,1,3,3,313.5
2026-10-10T09:07:39Z,81335,2,2,16000,2250,953,0,1,3,3,315.0
2026-10-10T09:07:55Z,81350,2,2,16000,2250,995,0,1,3,3,318.0
2026-10-10T09:08:11Z,81366,2,2,16000,2250,1237,1,1,3,4,322.5
2026-10-10T09:08:26Z,81382,2,2,16000,2450,1316,0,1,4,4,324.0
2026-10-10T09:08:42Z,81397,2,2,16000,2450,1544,0,1,4,4,327.0
2026-10-10T09:08:57Z,81413,2,2,16000,2850,1496,0,1,4,6,325.5
2026-10-10T09:09:13Z,81428,2,2,16000,2850,1528,0,1,6,6,327.0
2026-10-10T09:09:29Z,81444,2,2,16000,2850,1630,0,1,6,6,328.5
2026-10-10T09:09:44Z,81460,2,2,16000,2850,1473,0,1,6,6,325.5
2026-10-10T09:10:00Z,81475,2,2,16000,2850,1292,0,1,6,6,324.0
2026-10-10T09:10:15Z,81491,2,2,16000,2850,1247,0,1,6,6,321.0
2026-10-10T09:10:31Z,81506,2,2,16000,2850,1136,0,1,6,6,319.5
2026-10-10T09:10:47Z,81522,2,2,16000,2850,1259,0,1,6,6,322.5
2026-10-10T09:11:02Z,81538,2,2,16000,2850,1489,0,1,6,6,327.0
2026-10-10T09:11:18Z,81553,2,2,16000,2850,1469,1,1,6,6,327.0
2026-10-10T09:11:34Z,81569,2,2,16000,2850,1639,0,1,6,6,330.0
2026-10-10T09:11:49Z,81585,2,2,16000,2850,1806,0,1,6,6,333.0
2026-10-10T09:12:05Z,81600,2,2,16000,2850,1768,0,1,6,6,331.5
2026-10-10T09:12:21Z,81616,2,2,16000,2850,2034,0,1,6,6,336.0
2026-10-10T09:12:36Z,81632,2,2,16000,3050,2104,0,1,6,7,337.5
2026-10-10T09:12:52Z,81647,2,2,16000,3050,2076,0,1,7,7,337.5
2026-10-10T09:13:08Z,81663,2,2,16000,3050,2024,0,1,7,7,337.5
2026-10-10T09:13:23Z,81679,2,2,16000,3050,1834,0,1,7,7,333.0
2026-10-10T09:13:39Z,81694,2,2,16000,3050,1712,0,1,7,7,330.0
2026-10-10T09:13:54Z,81710,2,2,16000,3050,1673,0,1,7,7,330.0
2026-10-10T09:14:10Z,81725,2,2,16000,3050,1504,0,1,7,7,325.5
2026-10-10T09:14:26Z,81741,2,2,16000,3050,1480,0,1,7,7,325.5
2026-10-10T09:14:41Z,81757,2,2,16000,3050,1264,0,1,7,7,322.5
2026-10-10T09:14:57Z,81772,2,2,16000,3050,1217,0,1,7,7,321.0
2026-10-10T09:15:13Z,81788,2,2,16000,3050,1106,0,1,7,7,319.5
2026-10-10T09:15:28Z,81804,2,2,16000,3050,1010,0,1,7,7,318.0
2026-10-10T09:15:44Z,81819,2,2,16000,3050,987,0,1,7,7,316.5
2026-10-10T09:15:59Z,81835,2,2,16000,3050,946,0,1,7,7,315.0
2026-10-10T09:16:15Z,81850,2,2,16000,3050,1040,0,1,7,7,318.0
2026-10-10T09:16:31Z,81866,2,2,16000,3050,939,0,1,7,7,316.5
2026-10-10T09:16:46Z,81882,2,2,16000,3050,987,0,1,7,7,318.0
2026-10-10T09:17:02Z,81897,2,2,16000,3050,785,0,1,7,7,313.5
2026-10-10T09:17:17Z,81913,2,2,16000,3050,761,0,1,7,7,313.5
2026-10-10T09:17:33Z,81928,2,2,16000,3050,568,0,1,7,7,309.0
2026-10-10T09:17:49Z,81944,2,2,16000,3050,543,0,1,7,7,309.0
2026-10-10T09:18:04Z,81960,2,2,16000,3050,412,0,1,7,7,306.0
2026-10-10T09:18:20Z,81975,2,2,16000,3050,507,0,1,7,7,309.0
2026-10-10T09:18:35Z,81991,2,2,16000,2850,536,0,1,7,6,309.0
2026-10-10T09:18:51Z,82006,2,2,16000,2850,529,0,1,6,6,309.0
2026-10-10T09:19:06Z,82022,2,2,16000,2650,527,0,1,6,5,309.0
2026-10-10T09:19:22Z,82037,2,2,16000,2650,370,0,1,5,5,304.5
2026-10-10T09:19:38Z,82053,2,2,16000,2650,301,0,1,5,5,304.5
2026-10-10T09:19:53Z,82069,2,2,16000,2450,296,0,1,5,4,303.0
2026-10-10T09:20:09Z,82084,2,2,16000,2450,512,0,1,4,4,307.5
2026-10-10T09:20:24Z,82100,2,2,16000,2450,515,0,1,4,4,309.0
2026-10-10T09:20:40Z,82115,2,2,16000,2450,655,0,1,4,4,310.5
2026-10-10T09:20:56Z,82131,2,2,16000,2450,800,0,1,4,4,313.5
2026-10-10T09:21:11Z,82147,2,2,16000,2450,803,0,1,4,4,313.5
2026-10-10T09:21:27Z,82162,2,2,16000,2450,786,0,1,4,4,313.5
2026-10-10T09:21:42Z,82178,2,2,16000,2450,794,0,1,4,4,313.5
2026-10-10T09:21:58Z,82193,2,2,16000,2450,690,0,1,4,3,310.5
2026-10-10T09:22:13Z,82209,2,2,16000,2250,780,0,1,3,3,312.0
2026-10-10T09:22:29Z,82224,2,2,16000,2250,858,0,1,3,3,315.0
2026-10-10T09:22:45Z,82240,2,2,16000,2450,1042,0,1,3,4,318.0
2026-10-10T09:23:00Z,82256,2,2,16000,2450,1089,0,1,4,4,319.5
2026-10-10T09:23:16Z,82271,2,2,16000,2450,1404,0,1,4,4,325.5
2026-10-10T09:23:32Z,82287,2,2,16000,2450,1248,0,1,4,4,324.0
2026-10-10T09:23:47Z,82303,2,2,16000,2450,1531,0,1,4,4,327.0
2026-10-10T09:24:03Z,82318,2,2,16000,2650,1525,0,1,4,5,327.0
2026-10-10T09:24:18Z,82334,2,2,16000,2650,1532,0,1,5,5,327.0
2026-10-10T09:24:34Z,82349,2,2,16000,2850,1539,0,1,5,6,327.0
2026-10-10T09:24:50Z,82365,2,2,16000,2850,1366,0,1,6,6,324.0
2026-10-10T09:25:05Z,82381,2,2,16000,2850,1302,0,1,6,6,322.5
2026-10-10T09:25:21Z,82396,2,2,16000,2850,1168,0,1,6,6,321.0
2026-10-10T09:25:36Z,82412,2,2,16000,2850,1430,0,1,6,6,325.5
2026-10-10T09:25:52Z,82428,2,2,16000,2850,1413,0,1,6,6,325.5
2026-10-10T09:26:08Z,82443,2,2,16000,2850,1689,0,1,6,6,330.0
2026-10-10T09:26:23Z,82459,2,2,16000,2850,1633,0,1,6,6,328.5
2026-10-10T09:26:39Z,82474,2,2,16000,2850,1747,0,1,6,6,331.5
2026-10-10T09:26:55Z,82490,2,2,16000,2850,1931,0,1,6,6,334.5
2026-10-10T09:27:10Z,82506,2,2,16000,2850,1933,0,1,6,6,336.0
2026-10-10T09:27:26Z,82521,2,2,16000,2850,2270,0,1,6,8,342.0
2026-10-10T09:27:42Z,82537,2,2,16000,3250,2284,0,1,8,8,340.5
2026-10-10T09:27:57Z,82553,2,2,16000,3250,2386,0,1,8,8,343.5
2026-10-10T09:28:13Z,82568,2,2,16000,3250,2244,0,1,8,8,340.5
2026-10-10T09:28:29Z,82584,2,2,16000,3250,1983,0,1,8,8,336.0
2026-10-10T09:28:44Z,82600,2,2,16000,3250,1931,0,1,8,8,336.0
2026-10-10T09:29:00Z,82615,2,2,16000,3250,1840,0,1,8,8,333.0
2026-10-10T09:29:16Z,82631,2,2,16000,3250,1652,0,1,8,8,330.0
2026-10-10T09:29:31Z,82647,2,2,16000,3250,1668,0,1,8,8,330.0
2026-10-10T09:29:47Z,82662,2,2,16000,3250,1386,0,1,8,8,324.0
2026-10-10T09:30:02Z,82678,2,2,16000,3250,1310,0,1,8,8,322.5
2026-10-10T09:30:18Z,82693,2,2,16000,3250,1176,0,1,8,8,321.0
2026-10-10T09:30:34Z,82709,2,2,16000,3250,1150,0,1,8,8,319.5
2026-10-10T09:30:49Z,82725,2,2,16000,3250,1098,0,1,8,8,319.5
2026-10-10T09:31:05Z,82740,2,2,16000,3250,1185,0,1,8,8,321.0
2026-10-10T09:31:21Z,82756,2,2,16000,3250,1197,0,1,8,8,321.0
2026-10-10T09:31:36Z,82772,2,2,16000,3250,1134,0,1,8,8,319.5
2026-10-10T09:31:52Z,82787,2,2,16000,3250,1103,0,1,8,8,319.5
2026-10-10T09:32:07Z,82803,2,2,16000,3250,836,0,1,8,8,313.5
2026-10-10T09:32:23Z,82818,2,2,16000,3250,816,0,1,8,8,313.5
2026-10-10T09:32:39Z,82834,2,2,16000,3250,571,0,1,8,8,309.0
2026-10-10T09:32:54Z,82850,2,2,16000,3250,550,0,1,8,8,309.0
2026-10-10T09:33:10Z,82865,2,2,16000,3250,434,0,1,8,8,307.5
2026-10-10T09:33:25Z,82881,2,2,16000,3050,509,0,1,8,7,307.5
2026-10-10T09:33:41Z,82896,2,2,16000,3050,565,0,1,7,7,309.0
2026-10-10T09:33:57Z,82912,2,2,16000,2850,562,0,1,6,6,309.0
2026-10-10T09:34:12Z,82928,2,2,16000,2850,556,0,1,6,6,309.0
2026-10-10T09:34:28Z,82943,2,2,16000,2850,372,0,1,6,5,306.0
2026-10-10T09:34:43Z,82959,2,2,16000,2650,281,0,1,5,5,303.0
2026-10-10T09:34:59Z,82974,2,2,16000,2650,320,0,1,5,5,304.5
2026-10-10T09:35:14Z,82990,2,2,16000,2650,463,0,1,5,4,307.5
2026-10-10T09:35:30Z,83005,2,2,16000,2450,528,0,1,4,4,307.5
2026-10-10T09:35:46Z,83021,2,2,16000,2450,653,0,1,4,4,310.5
2026-10-10T09:36:01Z,83037,2,2,16000,2450,750,0,1,4,4,313.5
2026-10-10T09:36:17Z,83052,2,2,16000,2450,794,0,1,4,4,313.5
2026-10-10T09:36:32Z,83068,2,2,16000,2450,750,0,1,4,4,312.0
2026-10-10T09:36:48Z,83083,2,2,16000,2450,718,0,1,4,4,312.0
2026-10-10T09:37:04Z,83099,2,2,16000,2250,816,0,1,4,3,315.0
2026-10-10T09:37:19Z,83115,2,2,16000,2250,883,0,1,3,3,315.0
2026-10-10T09:37:35Z,83130,2,2,16000,2250,1062,0,1,3,3,318.0
2026-10-10T09:37:51Z,83146,2,2,16000,2250,1000,0,1,3,3,318.0
2026-10-10T09:38:06Z,83162,2,2,16000,2450,1319,0,1,3,4,324.0
2026-10-10T09:38:22Z,83177,2,2,16000,2450,1327,0,1,4,4,324.0
2026-10-10T09:38:38Z,83193,2,2,16000,2650,1622,0,1,4,5,328.5
2026-10-10T09:38:53Z,83209,2,2,16000,2650,1779,0,1,5,5,331.5
2026-10-10T09:39:09Z,83224,2,2,16000,2650,1809,0,1,5,5,333.0
2026-10-10T09:39:25Z,83240,2,2,16000,2850,1821,0,1,5,6,333.0
2026-10-10T09:39:40Z,83256,2,2,16000,2850,1833,0,1,6,6,333.0
2026-10-10T09:39:56Z,83271,2,2,16000,2850,1419,0,1,6,6,324.0
2026-10-10T09:40:11Z,83287,2,2,16000,2850,1436,0,1,6,6,325.5
2026-10-10T09:40:27Z,83302,2,2,16000,2850,1258,0,1,6,6,322.5
2026-10-10T09:40:43Z,83318,2,2,16000,2850,1331,0,1,6,6,322.5
2026-10-10T09:40:58Z,83334,2,2,16000,2850,1348,0,1,6,6,324.0
2026-10-10T09:41:14Z,83349,2,2,16000,2850,1642,0,1,6,6,328.5
2026-10-10T09:41:30Z,83365,2,2,16000,2850,1624,0,1,6,6,328.5
2026-10-10T09:41:45Z,83381,2,2,16000,2850,1707,0,1,6,6,330.0
2026-10-10T09:42:01Z,83396,2,2,16000,2850,1981,0,1,6,6,336.0
2026-10-10T09:42:17Z,83412,2,2,16000,2850,1946,0,1,6,6,339.0
2026-10-10T09:42:32Z,83428,2,2,16000,3050,2124,0,1,6,7,337.5
2026-10-10T09:42:48Z,83443,2,2,16000,3050,2239,0,1,7,7,340.5
2026-10-10T09:43:04Z,83459,2,2,16000,3050,2103,0,1,7,7,339.0
2026-10-10T09:43:19Z,83475,2,2,16000,3050,1973,0,1,7,7,336.0
2026-10-10T09:43:35Z,83490,2,2,16000,3050,1770,0,1,7,7,331.5
2026-10-10T09:43:50Z,83506,2,2,16000,3050,1805,0,1,7,7,333.0
2026-10-10T09:44:06Z,83521,2,2,16000,3050,1656,0,1,7,7,328.5
2026-10-10T09:44:22Z,83537,2,2,16000,3050,1661,0,1,7,7,330.0
2026-10-10T09:44:37Z,83553,2,2,16000,3050,1390,0,1,7,7,324.0
2026-10-10T09:44:53Z,83568,2,2,16000,3050,1458,0,1,7,7,325.5
2026-10-10T09:45:09Z,83584,2,2,16000,3050,1279,0,1,7,7,322.5
2026-10-10T09:45:24Z,83600,2,2,16000,3050,1163,0,1,7,7,321.0
2026-10-10T09:45:40Z,83615,2,2,16000,3050,1095,0,1,7,7,319.5
2026-10-10T09:45:55Z,83631,2,2,16000,3050,1022,0,1,7,7,318.0
2026-10-10T09:46:11Z,83646,2,2,16000,3050,1060,0,1,7,7,318.0
2026-10-10T09:46:27Z,83662,2,2,16000,3050,1076,0,1,7,7,319.5
2026-10-10T09:46:42Z,83678,2,2,16000,3050,1046,0,1,7,7,318.0
2026-10-10T09:46:58Z,83693,2,2,16000,3050,1015,0,1,7,7,318.0
2026-10-10T09:47:14Z,83709,2,2,16000,3050,806,0,1,7,7,315.0
2026-10-10T09:47:29Z,83725,2,2,16000,3050,834,0,1,7,7,313.5
2026-10-10T09:47:45Z,83740,2,2,16000,3050,604,0,1,7,7,310.5
2026-10-10T09:48:00Z,83756,2,2,16000,3050,512,0,1,7,7,307.5
2026-10-10T09:48:16Z,83771,2,2,16000,3050,432,0,1,7,7,306.0
2026-10-10T09:48:32Z,83787,2,2,16000,3050,517,0,1,7,7,307.5
2026-10-10T09:48:47Z,83803,2,2,16000,3050,527,0,1,7,6,307.5
2026-10-10T09:49:03Z,83818,2,2,16000,2850,569,0,1,6,6,309.0
2026-10-10T09:49:18Z,83834,2,2,16000,2850,372,0,1,6,6,306.0
2026-10-10T09:49:34Z,83849,2,2,16000,2650,324,0,1,6,5,304.5
2026-10-10T09:49:50Z,83865,3,3,24000,2650,310,0,1,5,5,379.5
2026-10-10T09:50:05Z,83881,3,3,24000,2650,482,0,1,5,5,382.5
2026-10-10T09:50:21Z,83896,3,3,24000,2450,548,0,1,5,4,382.5
2026-10-10T09:50:36Z,83912,3,3,24000,2450,623,0,1,4,4,384.0
2026-10-10T09:50:52Z,83927,2,2,16000,2450,741,0,1,4,4,312.0
2026-10-10T09:51:07Z,83943,2,2,16000,2450,740,0,1,4,4,312.0
2026-10-10T09:51:23Z,83958,2,2,16000,2450,719,0,1,4,4,312.0
2026-10-10T09:51:39Z,83974,2,2,16000,2450,697,0,1,4,4,312.0
2026-10-10T09:51:54Z,83990,2,2,16000,2450,694,0,1,4,4,312.0
2026-10-10T09:52:10Z,84005,2,2,16000,2250,818,0,1,4,3,313.5
2026-10-10T09:52:25Z,84021,2,2,16000,2250,842,0,1,3,3,313.5
2026-10-10T09:52:41Z,84036,2,2,16000,2250,947,0,1,3,3,316.5
2026-10-10T09:52:57Z,84052,2,2,16000,2250,1006,0,1,3,3,318.0
2026-10-10T09:53:12Z,84068,2,2,16000,2250,1241,0,1,3,3,322.5
2026-10-10T09:53:28Z,84083,2,2,16000,2450,1298,0,1,4,4,322.5
2026-10-10T09:53:44Z,84099,2,2,16000,2450,1523,1,1,4,5,327.0
2026-10-10T09:53:59Z,84115,2,2,16000,2650,1613,0,1,5,5,328.5
2026-10-10T09:54:15Z,84130,2,2,16000,2850,1595,0,1,5,6,328.5
2026-10-10T09:54:30Z,84146,2,2,16000,2850,1709,0,1,6,6,331.5
2026-10-10T09:54:46Z,84161,2,2,16000,2850,1707,0,1,6,6,331.5
2026-10-10T09:55:02Z,84177,2,2,16000,2850,1308,0,1,6,6,324.0
2026-10-10T09:55:18Z,84193,2,2,16000,2850,1263,0,1,6,6,322.5
2026-10-10T09:55:33Z,84209,2,2,16000,2850,1402,0,1,6,6,324.0
2026-10-10T09:55:49Z,84224,2,2,16000,2850,1477,0,1,6,6,325.5
2026-10-10T09:56:04Z,84240,2,2,16000,2850,1681,0,1,6,6,330.0
2026-10-10T09:56:20Z,84255,2,2,16000,2850,1646,0,1,6,6,328.5
2026-10-10T09:56:36Z,84271,2,2,16000,2850,1743,0,1,6,6,331.5
2026-10-10T09:56:51Z,84287,2,2,16000,2850,1897,0,1,6,6,334.5
2026-10-10T09:57:07Z,84302,2,2,16000,2850,1897,0,1,6,6,334.5
2026-10-10T09:57:23Z,84318,2,2,16000,2850,2242,0,1,6,6,340.5
2026-10-10T09:57:38Z,84334,2,2,16000,2850,2206,0,1,6,6,339.0
2026-10-10T09:57:54Z,84349,2,2,16000,3250,2223,0,1,6,8,340.5
2026-10-10T09:58:10Z,84365,2,2,16000,3250,2279,0,1,8,8,342.0
2026-10-10T09:58:25Z,84381,2,2,16000,3250,1971,0,1,8,8,334.5
2026-10-10T09:58:41Z,84396,2,2,16000,3250,1822,0,1,8,8,333.0
2026-10-10T09:58:57Z,84412,2,2,16000,3250,1774,0,1,8,8,331.5
2026-10-10T09:59:12Z,84428,2,2,16000,3250,1479,0,1,8,8,325.5
2026-10-10T09:59:28Z,84443,2,2,16000,3250,1519,0,1,8,8,327.0
2026-10-10T09:59:43Z,84459,2,2,16000,3250,1334,0,1,8,8,324.0
2026-10-10T09:59:59Z,84474,2,2,16000,3250,1403,0,1,8,8,325.5
2026-10-10T10:00:15Z,84490,2,2,16000,3250,1215,0,1,8,8,321.0
2026-10-10T10:00:30Z,84506,2,2,16000,3250,1046,0,1,8,8,318.0
2026-10-10T10:00:46Z,84521,2,2,16000,3250,1097,0,1,8,8,319.5
2026-10-10T10:01:02Z,84537,2,2,16000,3250,900,0,1,8,8,318.0
2026-10-10T10:01:17Z,84553,2,2,16000,3250,1068,0,1,8,8,318.0
2026-10-10T10:01:33Z,84568,2,2,16000,3250,1056,0,1,8,8,318.0
2026-10-10T10:01:49Z,84584,2,2,16000,3250,1053,0,1,8,8,318.0
2026-10-10T10:02:04Z,84600,2,2,16000,3250,830,0,1,8,8,313.5
2026-10-10T10:02:20Z,84615,2,2,16000,3250,857,0,1,8,8,313.5
2026-10-10T10:02:35Z,84631,2,2,16000,3250,597,0,1,8,8,309.0
2026-10-10T10:02:51Z,84646,2,2,16000,3250,546,0,1,8,8,309.0
2026-10-10T10:03:07Z,84662,2,2,16000,3250,439,0,1,8,8,306.0
2026-10-10T10:03:22Z,84678,2,2,16000,3050,498,0,1,8,7,309.0
2026-10-10T10:03:38Z,84693,2,2,16000,3050,573,0,1,7,7,309.0
2026-10-10T10:03:54Z,84709,2,2,16000,3050,508,0,1,7,7,307.5
2026-10-10T10:04:09Z,84725,2,2,16000,2850,503,0,1,7,6,307.5
2026-10-10T10:04:25Z,84740,2,2,16000,2650,407,0,1,6,5,306.0
2026-10-10T10:04:40Z,84756,2,2,16000,2650,330,0,1,5,5,304.5
2026-10-10T10:04:56Z,84771,2,2,16000,2650,286,0,1,5,5,304.5
2026-10-10T10:05:12Z,84787,2,2,16000,2450,475,0,1,5,4,307.5
2026-10-10T10:05:27Z,84803,2,2,16000,2450,506,0,1,4,4,309.0
2026-10-10T10:05:43Z,84818,2,2,16000,2450,613,0,1,4,4,310.5
2026-10-10T10:05:58Z,84834,2,2,16000,2450,790,0,1,4,4,313.5
2026-10-10T10:06:14Z,84849,2,2,16000,2450,818,0,1,4,4,313.5
2026-10-10T10:06:30Z,84865,2,2,16000,2450,828,0,1,4,4,313.5
2026-10-10T10:06:45Z,84881,2,2,16000,2450,796,0,1,4,4,313.5
2026-10-10T10:07:01Z,84896,2,2,16000,2450,695,0,1,4,3,312.0
2026-10-10T10:07:16Z,84912,2,2,16000,2250,740,0,1,3,3,313.5
2026-10-10T10:07:32Z,84927,2,2,16000,2250,1044,0,1,3,3,318.0
2026-10-10T10:07:48Z,84943,2,2,16000,2250,1112,0,1,3,3,318.0
2026-10-10T10:08:03Z,84959,2,2,16000,2450,1333,0,1,3,4,324.0
2026-10-10T10:08:19Z,84974,2,2,16000,2450,1339,0,1,4,4,324.0
2026-10-10T10:08:35Z,84990,2,2,16000,2850,1487,0,1,4,6,325.5
2026-10-10T10:08:50Z,85006,2,2,16000,2850,1625,0,1,6,6,328.5
2026-10-10T10:09:06Z,85021,2,2,16000,2850,1526,0,1,6,6,327.0
2026-10-10T10:09:21Z,85037,2,2,16000,2850,1627,0,1,6,6,328.5
2026-10-10T10:09:37Z,85052,2,2,16000,2850,1605,0,1,6,6,328.5
2026-10-10T10:09:53Z,85068,2,2,16000,2850,1366,0,1,6,6,324.0
2026-10-10T10:10:08Z,85084,2,2,16000,2850,1362,0,1,6,6,324.0
2026-10-10T10:10:24Z,85099,2,2,16000,2850,1198,0,1,6,6,321.0
2026-10-10T10:10:40Z,85115,2,2,16000,2850,1324,0,1,6,6,322.5
2026-10-10T10:10:55Z,85131,2,2,16000,2850,1328,0,1,6,6,324.0
2026-10-10T10:11:11Z,85146,2,2,16000,2850,1671,0,1,6,6,330.0
2026-10-10T10:11:27Z,85162,2,2,16000,2850,1725,0,1,6,6,331.5
2026-10-10T10:11:42Z,85178,2,2,16000,2850,1780,0,1,6,6,331.5
2026-10-10T10:11:58Z,85193,2,2,16000,2850,1858,0,1,6,6,333.0
2026-10-10T10:12:13Z,85209,2,2,16000,2850,1873,0,1,6,6,333.0
2026-10-10T10:12:29Z,85224,2,2,16000,2850,2251,1,1,6,7,340.5
2026-10-10T10:12:45Z,85240,3,3,24000,3050,2276,0,1,7,7,415.5
2026-10-10T10:13:01Z,85256,3,3,24000,3050,2132,0,1,7,7,414.0
2026-10-10T10:13:16Z,85272,3,3,24000,3050,2084,0,1,7,7,412.5
2026-10-10T10:13:32Z,85287,3,3,24000,3050,1759,0,1,7,7,406.5
2026-10-10T10:13:47Z,85303,2,2,16000,3050,1716,0,1,7,7,330.0
2026-10-10T10:14:03Z,85318,2,2,16000,3050,1592,0,1,7,7,328.5
2026-10-10T10:14:19Z,85334,2,2,16000,3050,1488,0,1,7,7,325.5
2026-10-10T10:14:34Z,85350,2,2,16000,3050,1309,0,1,7,7,322.5
2026-10-10T10:14:50Z,85365,2,2,16000,3050,1274,0,1,7,7,322.5
2026-10-10T10:15:06Z,85381,2,2,16000,3050,1230,0,1,7,7,322.5
2026-10-10T10:15:21Z,85397,2,2,16000,3050,1045,0,1,7,7,318.0
2026-10-10T10:15:37Z,85412,2,2,16000,3050,1063,0,1,7,7,319.5
2026-10-10T10:15:52Z,85428,2,2,16000,3050,1012,0,1,7,7,318.0
2026-10-10T10:16:08Z,85443,2,2,16000,3050,991,0,1,7,7,316.5
2026-10-10T10:16:24Z,85459,2,2,16000,3050,1108,0,1,7,7,319.5
2026-10-10T10:16:39Z,85475,2,2,16000,3050,1022,0,1,7,7,318.0
2026-10-10T10:16:55Z,85490,2,2,16000,3050,1187,0,1,7,7,321.0
2026-10-10T10:17:10Z,85506,2,2,16000,3050,858,0,1,7,7,315.0
2026-10-10T10:17:26Z,85521,2,2,16000,3050,786,0,1,7,7,313.5
2026-10-10T10:17:42Z,85537,2,2,16000,3050,668,0,1,7,7,312.0
2026-10-10T10:17:57Z,85553,2,2,16000,3050,549,0,1,7,7,309.0
2026-10-10T10:18:13Z,85568,2,2,16000,3050,465,0,1,7,7,307.5
2026-10-10T10:18:28Z,85584,2,2,16000,3050,479,0,1,7,7,307.5
2026-10-10T10:18:44Z,85599,2,2,16000,3050,509,0,1,7,7,307.5
2026-10-10T10:19:00Z,85615,2,2,16000,3050,521,0,1,7,6,307.5
2026-10-10T10:19:15Z,85631,2,2,16000,2850,549,0,1,6,5,309.0
2026-10-10T10:19:31Z,85646,2,2,16000,2650,455,0,1,5,5,307.5
2026-10-10T10:19:46Z,85662,2,2,16000,2650,319,0,1,5,5,304.5
2026-10-10T10:20:02Z,85677,2,2,16000,2650,410,0,1,5,4,306.0
2026-10-10T10:20:18Z,85693,2,2,16000,2450,531,0,1,4,4,309.0
2026-10-10T10:20:33Z,85709,2,2,16000,2450,622,0,1,4,4,310.5
2026-10-10T10:20:49Z,85724,2,2,16000,2450,739,0,1,4,4,313.5
2026-10-10T10:21:04Z,85740,2,2,16000,2450,754,0,1,4,4,312.0
2026-10-10T10:21:20Z,85755,2,2,16000,2450,806,0,1,4,4,313.5
2026-10-10T10:21:35Z,85771,2,2,16000,2450,749,0,1,4,4,312.0
2026-10-10T10:21:51Z,85786,2,2,16000,2450,620,0,1,4,4,310.5
2026-10-10T10:22:07Z,85802,2,2,16000,2250,750,0,1,4,3,312.0
2026-10-10T10:22:22Z,85818,2,2,16000,2250,857,0,1,3,3,315.0
2026-10-10T10:22:38Z,85833,2,2,16000,2250,1001,0,1,3,3,318.0
2026-10-10T10:22:53Z,85849,2,2,16000,2250,1064,0,1,3,3,318.0
2026-10-10T10:23:09Z,85864,2,2,16000,2450,1200,0,1,3,4,321.0
2026-10-10T10:23:25Z,85880,2,2,16000,2450,1242,1,1,4,4,321.0
2026-10-10T10:23:40Z,85896,2,2,16000,2450,1365,0,1,4,4,324.0
2026-10-10T10:23:56Z,85911,2,2,16000,2450,1477,0,1,4,4,325.5
2026-10-10T10:24:12Z,85927,2,2,16000,2650,1572,0,1,4,5,327.0
2026-10-10T10:24:27Z,85943,2,2,16000,2650,1580,0,1,5,5,328.5
2026-10-10T10:24:43Z,85958,2,2,16000,2650,1529,0,1,5,5,327.0
2026-10-10T10:24:58Z,85974,2,2,16000,2650,1319,0,1,5,5,324.0
2026-10-10T10:25:14Z,85989,2,2,16000,2650,1281,0,1,5,5,322.5
2026-10-10T10:25:30Z,86005,2,2,16000,2650,1212,0,1,5,5,321.0
2026-10-10T10:25:45Z,86021,2,2,16000,2650,1320,0,1,5,5,324.0
2026-10-10T10:26:01Z,86036,2,2,16000,2650,1358,0,1,5,5,324.0
2026-10-10T10:26:17Z,86052,2,2,16000,2650,1553,0,1,5,5,331.5
2026-10-10T10:26:32Z,86068,2,2,16000,2650,1704,0,1,5,5,330.0
2026-10-10T10:26:48Z,86083,2,2,16000,2850,1903,0,1,5,6,334.5
2026-10-10T10:27:03Z,86099,2,2,16000,2850,1886,0,1,6,6,334.5
2026-10-10T10:27:19Z,86114,2,2,16000,2850,2175,0,1,6,6,339.0
2026-10-10T10:27:35Z,86130,2,2,16000,2850,2229,0,1,6,6,339.0
2026-10-10T10:27:50Z,86146,2,2,16000,3250,2221,0,1,6,8,340.5
2026-10-10T10:28:06Z,86161,2,2,16000,3250,2264,0,1,8,8,340.5
2026-10-10T10:28:22Z,86177,2,2,16000,3250,2138,0,1,8,8,339.0
2026-10-10T10:28:37Z,86193,2,2,16000,3250,1875,0,1,8,8,333.0
2026-10-10T10:28:53Z,86208,2,2,16000,3250,1945,0,1,8,8,334.5
2026-10-10T10:29:09Z,86224,2,2,16000,3250,1664,0,1,8,8,330.0
2026-10-10T10:29:24Z,86240,2,2,16000,3250,1617,0,1,8,8,328.5
2026-10-10T10:29:40Z,86255,2,2,16000,3250,1512,0,1,8,8,327.0
2026-10-10T10:29:55Z,86271,2,2,16000,3250,1322,0,1,8,8,322.5
2026-10-10T10:30:11Z,86286,2,2,16000,3250,1409,0,1,8,8,325.5
2026-10-10T10:30:27Z,86302,2,2,16000,3250,1099,0,1,8,8,319.5
2026-10-10T10:30:42Z,86318,2,2,16000,3250,1131,0,1,8,8,319.5
2026-10-10T10:30:58Z,86333,2,2,16000,3250,940,0,1,8,8,316.5
2026-10-10T10:31:14Z,86349,2,2,16000,3250,1190,0,1,8,8,321.0
2026-10-10T10:31:29Z,86365,2,2,16000,3250,1224,0,1,8,8,321.0
2026-10-10T10:31:45Z,86380,2,2,16000,3250,1185,0,1,8,8,321.0
2026-10-10T10:32:00Z,86396,2,2,16000,3250,1144,0,1,8,8,321.0
