epoch_s,busy,cores
1791541929,0.1133,8
1791541934,0.0582,8
1791541939,0.0592,8
1791541944,0.0831,8
1791541949,0.0579,8
1791541954,0.0624,8
1791541959,0.0823,8
1791541964,0.0939,8
1791541969,0.1015,8
1791541974,0.1194,8
1791541979,0.0900,8
1791541984,0.1017,8
1791541989,0.1624,8
1791541994,0.2734,8
1791541999,0.2623,8
1791542004,0.1513,8
1791542009,0.1306,8
1791542014,0.1278,8
1791542019,0.1476,8
1791542024,0.1325,8
1791542029,0.1450,8
1791542034,0.2016,8
1791542039,0.2529,8
1791542044,0.2139,8
1791542049,0.1404,8
1791542054,0.1536,8
1791542059,0.1360,8
1791542064,0.1288,8
1791542069,0.1442,8
1791542074,0.1399,8
1791542079,0.1269,8
1791542084,0.1565,8
1791542089,0.1300,8
1791542094,0.1361,8
1791542099,0.1542,8
1791542104,0.1383,8
1791542109,0.1807,8
1791542114,0.1949,8
1791542119,0.1684,8
1791542124,0.1681,8
1791542129,0.1874,8
1791542134,0.1714,8
1791542139,0.1948,8
1791542144,0.2284,8
1791542149,0.1987,8
1791542154,0.2107,8
1791542159,0.1984,8
1791542164,0.2231,8
1791542169,0.2164,8
1791542174,0.2032,8
1791542179,0.2564,8
1791542184,0.2398,8
1791542189,0.2384,8
1791542194,0.2682,8
1791542199,0.2383,8
1791542204,0.2425,8
1791542209,0.2688,8
1791542214,0.2437,8
1791542219,0.2373,8
1791542224,0.2794,8
1791542229,0.2421,8
1791542234,0.2924,8
1791542239,0.2644,8
1791542244,0.2403,8
1791542249,0.2030,8
1791542254,0.2404,8
1791542259,0.2018,8
1791542264,0.2016,8
1791542269,0.2278,8
1791542274,0.2044,8
1791542279,0.2049,8
1791542284,0.1753,8
1791542289,0.2288,8
1791542294,0.2251,8
1791542299,0.2089,8
1791542304,0.2311,8
1791542309,0.2007,8
1791542314,0.2088,8
1791542319,0.2256,8
1791542324,0.2345,8
1791542329,0.2291,8
1791542334,0.2649,8
1791542339,0.2337,8
1791542344,0.2430,8
1791542349,0.2638,8
1791542354,0.2453,8
1791542359,0.2658,8
1791542364,0.3063,8
1791542369,0.2806,8
1791542374,0.2884,8
1791542379,0.3061,8
1791542384,0.2813,8
1791542389,0.2742,8
1791542394,0.3248,8
1791542399,0.3415,8
1791542404,0.3432,8
1791542409,0.3269,8
1791542414,0.3635,8
1791542419,0.3294,8
1791542424,0.3289,8
1791542429,0.3475,8
1791542434,0.3325,8
1791542439,0.3190,8
1791542444,0.3587,8
1791542449,0.3181,8
1791542454,0.3358,8
1791542459,0.3539,8
1791542464,0.2906,8
1791542469,0.2834,8
1791542474,0.3315,8
1791542479,0.2779,8
1791542484,0.2865,8
1791542489,0.2942,8
1791542494,0.2797,8
1791542499,0.2458,8
1791542504,0.2595,8
1791542509,0.2355,8
1791542514,0.2386,8
1791542519,0.2296,8
1791542524,0.2721,8
1791542529,0.2339,8
1791542534,0.2369,8
1791542539,0.2369,8
1791542544,0.2133,8
1791542549,0.2018,8
1791542554,0.2412,8
1791542559,0.2065,8
1791542564,0.2143,8
1791542569,0.2220,8
1791542574,0.1758,8
1791542579,0.1692,8
1791542584,0.1997,8
1791542589,0.1681,8
1791542594,0.1778,8
1791542599,0.2076,8
1791542604,0.1729,8
1791542609,0.1349,8
1791542614,0.2031,8
1791542619,0.1605,8
1791542624,0.1733,8
1791542629,0.1888,8
1791542634,0.2022,8
1791542639,0.1684,8
1791542644,0.1833,8
1791542649,0.2033,8
1791542654,0.1713,8
1791542659,0.1769,8
1791542664,0.1977,8
1791542669,0.1690,8
1791542674,0.1738,8
1791542679,0.1709,8
1791542684,0.1334,8
1791542689,0.1337,8
1791542694,0.1589,8
1791542699,0.1302,8
1791542704,0.1418,8
1791542709,0.1640,8
1791542715,0.1182,8
1791542720,0.1120,8
1791542725,0.1262,8
1791542730,0.0913,8
1791542735,0.1018,8
1791542740,0.1212,8
1791542745,0.0940,8
1791542750,0.0873,8
1791542755,0.0825,8
1791542760,0.1123,8
1791542765,0.1003,8
1791542770,0.0965,8
1791542775,0.1237,8
1791542780,0.1064,8
1791542785,0.0959,8
1791542790,0.1203,8
1791542795,0.0973,8
1791542800,0.0921,8
1791542805,0.1213,8
1791542810,0.0950,8
1791542815,0.0952,8
1791542820,0.1170,8
1791542825,0.0686,8
1791542830,0.0640,8
1791542835,0.0852,8
1791542840,0.0696,8
1791542845,0.0639,8
1791542850,0.0814,8
1791542855,0.0665,8
1791542860,0.0582,8
1791542865,0.1142,8
1791542870,0.0901,8
1791542875,0.0976,8
1791542880,0.0922,8
1791542885,0.1241,8
1791542890,0.1002,8
1791542895,0.1042,8
1791542900,0.1487,8
1791542905,0.1387,8
1791542910,0.1372,8
1791542915,0.1565,8
1791542920,0.1320,8
1791542925,0.1297,8
1791542930,0.1487,8
1791542935,0.1340,8
1791542940,0.1236,8
1791542945,0.1607,8
1791542950,0.1283,8
1791542955,0.1286,8
1791542960,0.1580,8
1791542965,0.1300,8
1791542970,0.0898,8
1791542975,0.1655,8
1791542980,0.1341,8
1791542985,0.1455,8
1791542990,0.1413,8
1791542995,0.1453,8
1791543000,0.1332,8
1791543005,0.1374,8
1791543010,0.1899,8
1791543015,0.1701,8
1791543020,0.1651,8
1791543025,0.1958,8
1791543030,0.1621,8
1791543035,0.1712,8
1791543040,0.1980,8
1791543045,0.2014,8
1791543050,0.2057,8
1791543055,0.2405,8
1791543060,0.1980,8
1791543065,0.2064,8
1791543070,0.2260,8
1791543075,0.2061,8
1791543080,0.2343,8
1791543085,0.3040,8
1791543090,0.2584,8
1791543095,0.2488,8
1791543100,0.2584,8
1791543105,0.2448,8
1791543110,0.2406,8
1791543115,0.2624,8
1791543120,0.2676,8
1791543125,0.2500,8
1791543130,0.2453,8
1791543135,0.2703,8
1791543140,0.2527,8
1791543145,0.2511,8
1791543150,0.2332,8
1791543155,0.2150,8
1791543160,0.1989,8
1791543165,0.2333,8
1791543170,0.2080,8
1791543175,0.2086,8
1791543180,0.2203,8
1791543185,0.1784,8
1791543190,0.1982,8
1791543195,0.2269,8
1791543200,0.2091,8
1791543205,0.2144,8
1791543210,0.2263,8
1791543215,0.2157,8
1791543220,0.2041,8
1791543225,0.2521,8
1791543230,0.2371,8
1791543235,0.2438,8
1791543240,0.2400,8
1791543245,0.2789,8
1791543250,0.2422,8
1791543255,0.2429,8
1791543260,0.2952,8
1791543265,0.3126,8
1791543270,0.3028,8
1791543275,0.3327,8
1791543280,0.3028,8
1791543285,0.2932,8
1791543290,0.3140,8
1791543295,0.3072,8
1791543300,0.3179,8
1791543305,0.3600,8
1791543310,0.3358,8
1791543315,0.3386,8
1791543320,0.3659,8
1791543325,0.3466,8
1791543330,0.3270,8
1791543335,0.3837,8
1791543340,0.3256,8
1791543345,0.3281,8
1791543350,0.3255,8
1791543355,0.3548,8
1791543360,0.3223,8
1791543365,0.3094,8
1791543370,0.3228,8
1791543375,0.2944,8
1791543380,0.2971,8
1791543385,0.3278,8
1791543390,0.2883,8
1791543395,0.2988,8
1791543400,0.2925,8
1791543405,0.2449,8
1791543410,0.2445,8
1791543415,0.2784,8
1791543420,0.2452,8
1791543425,0.2488,8
1791543430,0.2789,8
1791543435,0.2290,8
1791543440,0.2147,8
1791543445,0.2365,8
1791543450,0.2121,8
1791543455,0.2090,8
1791543460,0.1978,8
1791543465,0.2392,8
1791543470,0.1999,8
1791543475,0.1846,8
1791543480,0.1877,8
1791543485,0.1733,8
1791543490,0.1692,8
1791543495,0.1975,8
1791543500,0.1741,8
1791543505,0.1687,8
1791543510,0.1613,8
1791543515,0.1774,8
1791543520,0.1702,8
1791543525,0.1934,8
1791543530,0.1698,8
1791543535,0.1775,8
1791543540,0.1957,8
1791543545,0.1826,8
1791543550,0.1800,8
1791543555,0.2007,8
1791543560,0.1713,8
1791543565,0.1728,8
1791543570,0.1977,8
1791543575,0.1812,8
1791543580,0.1448,8
1791543585,0.1452,8
1791543590,0.1585,8
1791543595,0.1409,8
1791543600,0.1336,8
1791543605,0.1760,8
1791543610,0.1348,8
1791543615,0.1294,8
1791543620,0.1224,8
1791543625,0.0967,8
1791543630,0.1078,8
1791543635,0.1252,8
1791543640,0.0965,8
1791543645,0.1009,8
1791543650,0.1155,8
1791543656,0.0745,8
1791543661,0.1032,8
1791543666,0.1342,8
1791543671,0.1004,8
1791543676,0.1060,8
1791543681,0.1274,8
1791543686,0.1006,8
1791543691,0.1001,8
1791543696,0.1186,8
1791543701,0.0992,8
1791543706,0.1007,8
1791543711,0.0959,8
1791543716,0.1225,8
1791543721,0.0965,8
1791543726,0.0731,8
1791543731,0.0845,8
1791543736,0.0637,8
1791543741,0.0631,8
1791543746,0.0883,8
1791543751,0.0683,8
1791543756,0.0689,8
1791543761,0.0835,8
1791543766,0.0893,8
1791543771,0.1035,8
1791543776,0.1309,8
1791543781,0.1107,8
1791543786,0.1019,8
1791543791,0.1241,8
1791543796,0.1170,8
1791543801,0.1191,8
1791543806,0.1539,8
1791543811,0.1382,8
1791543816,0.1348,8
1791543821,0.1481,8
1791543826,0.1316,8
1791543831,0.1327,8
1791543836,0.1378,8
1791543841,0.1466,8
1791543846,0.1369,8
1791543851,0.1325,8
1791543856,0.1502,8
1791543861,0.1312,8
1791543866,0.1352,8
1791543871,0.1240,8
1791543876,0.1394,8
1791543881,0.1397,8
1791543886,0.1638,8
1791543891,0.1306,8
1791543896,0.1426,8
1791543901,0.1573,8
1791543906,0.1348,8
1791543911,0.1660,8
1791543916,0.1826,8
1791543921,0.1635,8
1791543926,0.1673,8
1791543931,0.1825,8
1791543936,0.1747,8
1791543941,0.1740,8
1791543946,0.2134,8
1791543951,0.2028,8
1791543956,0.1990,8
1791543961,0.2130,8
1791543966,0.2249,8
1791543971,0.2237,8
1791543976,0.2043,8
1791543981,0.2639,8
1791543986,0.2423,8
1791543991,0.2418,8
1791543996,0.2850,8
1791544001,0.2435,8
1791544006,0.2325,8
1791544011,0.2677,8
1791544016,0.2693,8
1791544021,0.2417,8
1791544026,0.2823,8
1791544031,0.2562,8
1791544036,0.2451,8
1791544041,0.2704,8
1791544046,0.2437,8
1791544051,0.2058,8
1791544056,0.2597,8
1791544061,0.2003,8
1791544066,0.2039,8
1791544071,0.2363,8
1791544076,0.2186,8
1791544081,0.2075,8
1791544086,0.1918,8
1791544091,0.2201,8
1791544096,0.2102,8
1791544101,0.2031,8
1791544106,0.2295,8
1791544111,0.2030,8
1791544116,0.2145,8
1791544121,0.2262,8
1791544126,0.2348,8
1791544131,0.2435,8
1791544136,0.2757,8
1791544141,0.2333,8
1791544146,0.2532,8
1791544151,0.2699,8
1791544156,0.2531,8
1791544161,0.2619,8
1791544166,0.2996,8
1791544171,0.2747,8
1791544176,0.2779,8
1791544181,0.3027,8
1791544186,0.2738,8
1791544191,0.2764,8
1791544196,0.3047,8
1791544201,0.3231,8
1791544206,0.3281,8
1791544211,0.3165,8
1791544216,0.3386,8
1791544221,0.3214,8
1791544226,0.3290,8
1791544231,0.3542,8
1791544236,0.3353,8
1791544241,0.3154,8
1791544246,0.3511,8
1791544251,0.3172,8
1791544256,0.3229,8
1791544261,0.3394,8
1791544266,0.2911,8
1791544271,0.2839,8
1791544276,0.3032,8
1791544281,0.2768,8
1791544286,0.2791,8
1791544291,0.2912,8
1791544296,0.2955,8
1791544301,0.2524,8
1791544306,0.2750,8
1791544311,0.2368,8
1791544316,0.2414,8
1791544321,0.2476,8
1791544326,0.2639,8
1791544331,0.2362,8
1791544336,0.2342,8
1791544341,0.2395,8
1791544346,0.2042,8
1791544351,0.2022,8
1791544356,0.2350,8
1791544361,0.2101,8
1791544366,0.1977,8
1791544371,0.2235,8
1791544376,0.1772,8
1791544381,0.1693,8
1791544386,0.1973,8
1791544391,0.1648,8
1791544396,0.1675,8
1791544401,0.1961,8
1791544406,0.1752,8
1791544411,0.1253,8
1791544416,0.1896,8
1791544421,0.1797,8
1791544426,0.1759,8
1791544431,0.1983,8
1791544436,0.1827,8
1791544441,0.1699,8
1791544446,0.1918,8
1791544451,0.1991,8
1791544456,0.1830,8
1791544461,0.1783,8
1791544466,0.2021,8
1791544471,0.1806,8
1791544476,0.1791,8
1791544481,0.1861,8
1791544486,0.1389,8
1791544491,0.1339,8
1791544496,0.1616,8
1791544501,0.1316,8
1791544506,0.1357,8
1791544511,0.1640,8
1791544516,0.1249,8
1791544521,0.0972,8
1791544526,0.1226,8
1791544531,0.0925,8
1791544536,0.1018,8
1791544541,0.1203,8
1791544546,0.1015,8
1791544551,0.0934,8
1791544556,0.0895,8
1791544561,0.0964,8
1791544566,0.1002,8
1791544571,0.1047,8
1791544576,0.1099,8
1791544581,0.0950,8
1791544586,0.0979,8
1791544591,0.1160,8
1791544596,0.0995,8
1791544602,0.1029,8
1791544607,0.1215,8
1791544612,0.0932,8
1791544617,0.0994,8
1791544622,0.1182,8
1791544627,0.0762,8
1791544632,0.0656,8
1791544637,0.0878,8
1791544642,0.0582,8
1791544647,0.0648,8
1791544652,0.0850,8
1791544657,0.0641,8
1791544662,0.0716,8
1791544667,0.1124,8
1791544672,0.0914,8
1791544677,0.1041,8
1791544682,0.1212,8
1791544687,0.0984,8
1791544692,0.0988,8
1791544697,0.1280,8
1791544702,0.1127,8
1791544707,0.1415,8
1791544712,0.1297,8
1791544717,0.1578,8
1791544722,0.1389,8
1791544727,0.1376,8
1791544732,0.1541,8
1791544737,0.1324,8
1791544742,0.1306,8
1791544747,0.1566,8
1791544752,0.1299,8
1791544757,0.1379,8
1791544762,0.1462,8
1791544767,0.1268,8
1791544772,0.1006,8
1791544777,0.1539,8
1791544782,0.1397,8
1791544787,0.1300,8
1791544792,0.1511,8
1791544797,0.1442,8
1791544802,0.1388,8
1791544807,0.1622,8
1791544812,0.1572,8
1791544817,0.1674,8
1791544822,0.1815,8
1791544827,0.1635,8
1791544832,0.1600,8
1791544837,0.1672,8
1791544842,0.1820,8
1791544847,0.1965,8
1791544852,0.1963,8
1791544857,0.2247,8
1791544862,0.2060,8
1791544867,0.2070,8
1791544872,0.2518,8
1791544877,0.2323,8
1791544882,0.2271,8
1791544887,0.2750,8
1791544892,0.2497,8
1791544897,0.2451,8
1791544902,0.2880,8
1791544907,0.2757,8
1791544912,0.2440,8
1791544917,0.2646,8
1791544922,0.2343,8
1791544927,0.2456,8
1791544932,0.2631,8
1791544937,0.2517,8
1791544942,0.2478,8
1791544947,0.2783,8
1791544952,0.2194,8
1791544957,0.2099,8
1791544962,0.2050,8
1791544967,0.2436,8
1791544972,0.2040,8
1791544977,0.2085,8
1791544982,0.2403,8
1791544987,0.1811,8
1791544992,0.2013,8
1791544997,0.2313,8
1791545002,0.2060,8
1791545007,0.2082,8
1791545012,0.2302,8
1791545017,0.2046,8
1791545022,0.2064,8
1791545027,0.2636,8
1791545032,0.2410,8
1791545037,0.2446,8
1791545042,0.2648,8
1791545047,0.2461,8
1791545052,0.2470,8
1791545057,0.2696,8
1791545062,0.2540,8
1791545067,0.2952,8
1791545072,0.3152,8
1791545077,0.2997,8
1791545082,0.2832,8
1791545087,0.3023,8
1791545092,0.3196,8
1791545097,0.3005,8
1791545102,0.3342,8
1791545107,0.3542,8
1791545112,0.3348,8
1791545117,0.3281,8
1791545122,0.3469,8
1791545127,0.3299,8
1791545132,0.3252,8
1791545137,0.3683,8
1791545142,0.3238,8
1791545147,0.3369,8
1791545152,0.3449,8
1791545157,0.3190,8
1791545162,0.3259,8
1791545167,0.3354,8
1791545172,0.2894,8
1791545177,0.2940,8
1791545182,0.3140,8
1791545187,0.2900,8
1791545192,0.2761,8
1791545197,0.3059,8
1791545202,0.2864,8
1791545207,0.2569,8
1791545212,0.2359,8
1791545217,0.2691,8
1791545222,0.2445,8
1791545227,0.2429,8
1791545232,0.2685,8
1791545237,0.2361,8
1791545242,0.2183,8
1791545247,0.2303,8
1791545252,0.2144,8
1791545257,0.2134,8
1791545262,0.2337,8
1791545267,0.2088,8
1791545272,0.2251,8
1791545277,0.2102,8
1791545282,0.1806,8
1791545287,0.1850,8
1791545292,0.2115,8
1791545297,0.1835,8
1791545302,0.1841,8
1791545307,0.2108,8
1791545312,0.1423,8
1791545317,0.1716,8
1791545322,0.1780,8
1791545327,0.1865,8
1791545332,0.1840,8
1791545337,0.1763,8
1791545342,0.2002,8
1791545347,0.1736,8
1791545352,0.1771,8
1791545357,0.1940,8
1791545362,0.1667,8
1791545367,0.1744,8
1791545372,0.1980,8
1791545377,0.1737,8
1791545382,0.1473,8
1791545387,0.1712,8
1791545392,0.1413,8
1791545397,0.1346,8
1791545402,0.1659,8
1791545407,0.1331,8
1791545412,0.1365,8
1791545417,0.1559,8
1791545422,0.1039,8
1791545427,0.0964,8
1791545432,0.1205,8
1791545437,0.0993,8
1791545442,0.0992,8
1791545447,0.1091,8
1791545452,0.1205,8
1791545457,0.0663,8
1791545462,0.1104,8
1791545467,0.1253,8
1791545472,0.1025,8
1791545477,0.1073,8
1791545482,0.1262,8
1791545487,0.1023,8
1791545492,0.1023,8
1791545497,0.1238,8
1791545502,0.0971,8
1791545507,0.1004,8
1791545512,0.1195,8
1791545517,0.1016,8
1791545522,0.1008,8
1791545527,0.0955,8
1791545532,0.0673,8
1791545537,0.0664,8
1791545542,0.0808,8
1791545547,0.0631,8
1791545552,0.0662,8
1791545557,0.0838,8
1791545563,0.0664,8
1791545568,0.0823,8
1791545573,0.1204,8
1791545578,0.1148,8
1791545583,0.0997,8
1791545588,0.0986,8
1791545593,0.1361,8
1791545598,0.1139,8
1791545603,0.1144,8
1791545608,0.1551,8
1791545613,0.1365,8
1791545618,0.1372,8
1791545623,0.1575,8
1791545628,0.1361,8
1791545633,0.1382,8
1791545638,0.1552,8
1791545643,0.1428,8
1791545648,0.1332,8
1791545653,0.1504,8
1791545658,0.1339,8
1791545663,0.1327,8
1791545668,0.1568,8
1791545673,0.1033,8
1791545678,0.1286,8
1791545683,0.1545,8
1791545688,0.1371,8
1791545693,0.1462,8
1791545698,0.1619,8
1791545703,0.1590,8
1791545708,0.1352,8
1791545713,0.1603,8
1791545718,0.1860,8
1791545723,0.1638,8
1791545728,0.1681,8
1791545733,0.1941,8
1791545738,0.1728,8
1791545743,0.1662,8
1791545748,0.2125,8
1791545753,0.2053,8
1791545758,0.2240,8
1791545763,0.2269,8
1791545768,0.2046,8
1791545773,0.2233,8
1791545778,0.2318,8
1791545783,0.2191,8
1791545788,0.2607,8
1791545793,0.2738,8
1791545798,0.2435,8
1791545803,0.2779,8
1791545808,0.2773,8
1791545813,0.2523,8
1791545818,0.2696,8
1791545823,0.2771,8
1791545828,0.2563,8
1791545833,0.2488,8
1791545838,0.2503,8
1791545843,0.2707,8
1791545848,0.2507,8
1791545853,0.2145,8
1791545858,0.2279,8
1791545863,0.2129,8
1791545868,0.2094,8
1791545873,0.2306,8
1791545878,0.2127,8
1791545883,0.2070,8
1791545888,0.2078,8
1791545893,0.2018,8
1791545898,0.2132,8
1791545903,0.2471,8
1791545908,0.2149,8
1791545913,0.2133,8
1791545918,0.2408,8
1791545923,0.2169,8
1791545928,0.2323,8
1791545933,0.2793,8
1791545938,0.2638,8
1791545943,0.2484,8
1791545948,0.2513,8
1791545953,0.2716,8
1791545958,0.2531,8
1791545963,0.2422,8
1791545968,0.3229,8
1791545973,0.2829,8
1791545978,0.2803,8
1791545983,0.3056,8
1791545988,0.2894,8
1791545993,0.2791,8
1791545998,0.3141,8
1791546003,0.3469,8
1791546008,0.3358,8
1791546013,0.3727,8
1791546018,0.3348,8
1791546023,0.3322,8
1791546028,0.3533,8
1791546033,0.3404,8
1791546038,0.3368,8
1791546043,0.3509,8
1791546048,0.3346,8
1791546053,0.3303,8
1791546058,0.3530,8
1791546063,0.3440,8
1791546068,0.3051,8
1791546073,0.2843,8
1791546078,0.3137,8
1791546083,0.2876,8
1791546088,0.2852,8
1791546093,0.3049,8
1791546098,0.2824,8
1791546103,0.2681,8
1791546108,0.2647,8
1791546113,0.2468,8
1791546118,0.2547,8
1791546123,0.2682,8
1791546128,0.2392,8
1791546133,0.2440,8
1791546138,0.2680,8
1791546143,0.2070,8
1791546148,0.2051,8
1791546153,0.2329,8
1791546158,0.2115,8
1791546163,0.2176,8
1791546168,0.2291,8
1791546173,0.2135,8
1791546178,0.1716,8
1791546183,0.1905,8
1791546188,0.1982,8
1791546193,0.1729,8
1791546198,0.1791,8
1791546203,0.1969,8
1791546208,0.1772,8
1791546213,0.1467,8
1791546218,0.1932,8
1791546223,0.1685,8
1791546228,0.1727,8
1791546233,0.1931,8
1791546238,0.1751,8
1791546243,0.1929,8
1791546248,0.2017,8
1791546253,0.1814,8
1791546258,0.1806,8
1791546263,0.2064,8
1791546268,0.1771,8
1791546273,0.1841,8
1791546278,0.2026,8
1791546283,0.1662,8
1791546288,0.1343,8
1791546293,0.1642,8
1791546298,0.1335,8
1791546303,0.1411,8
1791546308,0.1339,8
1791546313,0.1547,8
1791546318,0.1315,8
1791546323,0.0982,8
1791546328,0.1165,8
1791546333,0.1005,8
1791546338,0.0960,8
1791546343,0.1175,8
1791546348,0.0951,8
1791546353,0.0970,8
1791546358,0.0833,8
1791546363,0.1059,8
1791546368,0.0985,8
1791546373,0.1159,8
1791546378,0.0996,8
1791546383,0.0967,8
1791546388,0.1218,8
1791546393,0.0995,8
1791546398,0.0975,8
1791546403,0.1219,8
1791546408,0.0964,8
1791546413,0.0968,8
1791546418,0.1149,8
1791546423,0.1067,8
1791546428,0.0761,8
1791546433,0.0729,8
1791546438,0.0781,8
1791546443,0.0605,8
1791546448,0.0590,8
1791546453,0.0861,8
1791546458,0.0621,8
1791546463,0.0669,8
1791546468,0.1026,8
1791546473,0.0988,8
1791546478,0.1049,8
1791546483,0.1392,8
1791546488,0.0965,8
1791546493,0.0960,8
1791546498,0.1270,8
1791546503,0.1006,8
1791546508,0.1383,8
1791546513,0.1603,8
1791546519,0.1278,8
1791546524,0.1343,8
1791546529,0.1535,8
1791546534,0.1302,8
1791546539,0.1286,8
1791546544,0.1730,8
1791546549,0.1322,8
1791546554,0.1339,8
1791546559,0.1426,8
1791546564,0.1422,8
1791546569,0.1311,8
1791546574,0.1118,8
1791546579,0.1417,8
1791546584,0.1274,8
1791546589,0.1314,8
1791546594,0.1562,8
1791546599,0.1449,8
1791546604,0.1499,8
1791546609,0.1753,8
1791546614,0.1507,8
1791546619,0.1800,8
1791546624,0.1964,8
1791546629,0.1674,8
1791546634,0.1879,8
1791546639,0.1868,8
1791546644,0.1664,8
1791546649,0.1908,8
1791546654,0.2258,8
1791546659,0.2087,8
1791546664,0.2119,8
1791546669,0.2327,8
1791546674,0.2094,8
1791546679,0.2165,8
1791546684,0.2339,8
1791546689,0.2594,8
1791546694,0.2539,8
1791546699,0.2451,8
1791546704,0.2544,8
1791546709,0.2350,8
1791546714,0.2338,8
1791546719,0.2773,8
1791546724,0.2550,8
1791546729,0.2618,8
1791546734,0.2649,8
1791546739,0.2387,8
1791546744,0.2423,8
1791546749,0.2589,8
1791546754,0.2208,8
1791546759,0.2100,8
1791546764,0.2341,8
1791546769,0.2025,8
1791546774,0.1939,8
1791546779,0.2366,8
1791546784,0.2042,8
1791546789,0.2040,8
1791546794,0.2158,8
1791546799,0.2043,8
1791546804,0.2007,8
1791546809,0.2107,8
1791546814,0.2157,8
1791546819,0.2023,8
1791546824,0.2054,8
1791546829,0.2366,8
1791546834,0.2366,8
1791546839,0.2381,8
1791546844,0.2663,8
1791546849,0.2405,8
1791546854,0.2295,8
1791546859,0.2630,8
1791546864,0.2358,8
1791546869,0.2801,8
1791546874,0.2952,8
1791546879,0.2661,8
1791546884,0.2818,8
1791546889,0.2998,8
1791546894,0.2801,8
1791546899,0.2752,8
1791546904,0.3505,8
1791546909,0.3403,8
1791546914,0.3266,8
1791546919,0.3574,8
1791546924,0.3272,8
1791546929,0.3425,8
1791546934,0.3411,8
1791546939,0.3439,8
1791546944,0.3398,8
1791546949,0.3283,8
1791546954,0.3514,8
1791546959,0.3322,8
1791546964,0.3340,8
1791546969,0.3313,8
1791546974,0.3018,8
1791546979,0.2892,8
1791546984,0.2986,8
1791546989,0.2819,8
1791546994,0.2876,8
1791546999,0.3107,8
1791547004,0.2776,8
1791547009,0.2496,8
1791547014,0.2619,8
1791547019,0.2400,8
1791547024,0.2473,8
1791547029,0.2648,8
1791547034,0.2620,8
1791547039,0.2579,8
1791547044,0.2287,8
1791547049,0.2053,8
1791547054,0.2050,8
1791547059,0.2096,8
1791547064,0.2273,8
1791547069,0.2056,8
1791547074,0.2021,8
1791547079,0.1984,8
1791547084,0.1693,8
1791547089,0.1723,8
1791547094,0.2066,8
1791547099,0.1796,8
1791547104,0.1781,8
1791547109,0.2047,8
1791547114,0.1579,8
1791547119,0.1626,8
1791547124,0.1900,8
1791547129,0.1694,8
1791547134,0.1722,8
1791547139,0.1936,8
1791547144,0.1729,8
1791547149,0.1650,8
1791547154,0.2074,8
1791547159,0.1714,8
1791547164,0.1724,8
1791547169,0.1869,8
1791547174,0.1735,8
1791547179,0.1653,8
1791547184,0.1686,8
1791547189,0.1621,8
1791547194,0.1351,8
1791547199,0.1272,8
1791547204,0.1656,8
1791547209,0.1332,8
1791547214,0.1456,8
1791547219,0.1526,8
1791547224,0.0960,8
1791547229,0.1018,8
1791547234,0.1263,8
1791547239,0.0932,8
1791547244,0.0964,8
1791547249,0.1214,8
1791547254,0.0976,8
1791547259,0.0722,8
1791547264,0.1185,8
1791547269,0.0918,8
1791547274,0.1089,8
1791547279,0.1214,8
1791547284,0.1002,8
1791547289,0.0941,8
1791547294,0.1226,8
1791547299,0.0969,8
1791547304,0.0950,8
1791547309,0.1025,8
1791547314,0.1153,8
1791547319,0.0969,8
1791547324,0.1065,8
1791547329,0.1053,8
1791547334,0.0788,8
1791547339,0.0574,8
1791547344,0.0837,8
1791547349,0.0633,8
1791547354,0.0741,8
1791547359,0.0871,8
1791547364,0.0636,8
1791547369,0.0652,8
1791547374,0.1184,8
1791547379,0.1023,8
1791547384,0.1048,8
1791547389,0.1181,8
1791547394,0.1054,8
1791547399,0.1189,8
1791547404,0.1191,8
1791547409,0.1276,8
1791547414,0.1351,8
1791547419,0.1514,8
1791547424,0.1264,8
1791547429,0.1310,8
1791547434,0.1369,8
1791547439,0.1344,8
1791547444,0.1417,8
1791547449,0.1294,8
1791547454,0.1546,8
1791547459,0.1421,8
1791547464,0.1304,8
1791547469,0.1544,8
1791547474,0.1189,8
1791547479,0.1186,8
1791547485,0.1570,8
1791547490,0.1310,8
1791547495,0.1341,8
1791547500,0.1653,8
1791547505,0.1428,8
1791547510,0.1475,8
1791547515,0.1743,8
1791547520,0.1796,8
1791547525,0.1775,8
1791547530,0.2000,8
1791547535,0.1783,8
1791547540,0.1695,8
1791547545,0.1993,8
1791547550,0.1798,8
1791547555,0.2193,8
1791547560,0.2213,8
1791547565,0.2234,8
1791547570,0.2092,8
1791547575,0.2105,8
1791547580,0.2719,8
1791547585,0.2133,8
1791547590,0.2552,8
1791547595,0.2835,8
1791547600,0.2650,8
1791547605,0.2631,8
1791547610,0.2884,8
1791547615,0.2631,8
1791547620,0.2720,8
1791547625,0.3533,8
1791547630,0.2682,8
1791547635,0.2634,8
1791547640,0.3130,8
1791547645,0.2771,8
1791547650,0.2772,8
1791547655,0.3022,8
1791547660,0.2354,8
1791547665,0.2164,8
1791547670,0.2463,8
1791547675,0.2166,8
1791547680,0.2106,8
1791547685,0.2234,8
1791547690,0.2284,8
1791547695,0.1951,8
1791547700,0.2254,8
1791547705,0.2417,8
1791547710,0.2140,8
1791547715,0.2221,8
1791547720,0.2526,8
1791547725,0.2205,8
1791547730,0.2244,8
1791547735,0.3105,8
1791547740,0.2956,8
1791547745,0.2917,8
1791547750,0.3092,8
1791547755,0.2807,8
1791547760,0.2845,8
1791547765,0.3184,8
1791547770,0.3138,8
1791547775,0.3070,8
1791547780,0.3271,8
1791547785,0.3174,8
1791547790,0.3113,8
1791547795,0.3108,8
1791547800,0.3231,8
1791547805,0.3471,8
1791547810,0.3333,8
1791547815,0.3698,8
1791547820,0.3466,8
1791547825,0.3448,8
1791547830,0.3699,8
1791547835,0.3658,8
1791547840,0.3498,8
1791547845,0.3708,8
1791547850,0.3348,8
1791547855,0.3453,8
1791547860,0.3679,8
1791547865,0.3516,8
1791547870,0.3239,8
1791547875,0.3352,8
1791547880,0.3031,8
1791547885,0.3063,8
1791547890,0.3160,8
1791547895,0.3087,8
1791547900,0.2961,8
1791547905,0.3035,8
1791547910,0.2914,8
1791547915,0.2530,8
1791547920,0.2515,8
1791547925,0.2970,8
1791547930,0.2638,8
1791547935,0.2625,8
1791547940,0.2859,8
1791547945,0.2256,8
1791547950,0.2138,8
1791547955,0.2430,8
1791547960,0.2203,8
1791547965,0.2159,8
1791547970,0.2415,8
1791547975,0.2192,8
1791547980,0.1960,8
1791547985,0.2120,8
1791547990,0.1823,8
1791547995,0.1826,8
1791548000,0.2055,8
1791548005,0.1947,8
1791548010,0.1833,8
1791548015,0.1705,8
1791548020,0.1766,8
1791548025,0.1917,8
1791548030,0.1900,8
1791548035,0.2101,8
1791548040,0.1836,8
1791548045,0.1938,8
1791548050,0.2154,8
1791548055,0.2000,8
1791548060,0.1961,8
1791548065,0.2260,8
1791548070,0.1858,8
1791548075,0.1928,8
1791548080,0.2142,8
1791548085,0.1839,8
1791548090,0.1384,8
1791548095,0.1670,8
1791548100,0.1407,8
1791548105,0.1450,8
1791548110,0.1579,8
1791548115,0.1467,8
1791548120,0.1400,8
1791548125,0.1431,8
1791548130,0.1017,8
1791548135,0.1053,8
1791548140,0.0998,8
1791548145,0.1255,8
1791548150,0.1017,8
1791548155,0.0952,8
1791548160,0.1038,8
1791548165,0.0980,8
1791548170,0.1040,8
1791548175,0.1207,8
1791548180,0.0976,8
1791548185,0.1040,8
1791548190,0.1272,8
1791548195,0.1019,8
1791548200,0.1011,8
1791548205,0.1249,8
1791548210,0.1044,8
1791548215,0.0951,8
1791548220,0.1182,8
1791548225,0.1137,8
1791548230,0.0989,8
1791548235,0.0907,8
1791548240,0.0704,8
1791548245,0.0642,8
1791548250,0.0938,8
1791548255,0.0661,8
1791548260,0.0620,8
1791548265,0.0650,8
1791548270,0.0924,8
1791548275,0.1291,8
1791548280,0.0932,8
1791548285,0.1284,8
1791548290,0.0974,8
1791548295,0.1028,8
1791548300,0.1260,8
1791548305,0.0985,8
1791548310,0.1595,8
1791548315,0.1646,8
1791548320,0.1315,8
1791548325,0.1351,8
1791548330,0.1611,8
1791548335,0.1384,8
1791548340,0.1310,8
1791548345,0.1671,8
1791548350,0.1362,8
1791548355,0.1375,8
1791548360,0.1606,8
1791548365,0.1330,8
1791548370,0.1418,8
1791548375,0.1387,8
1791548380,0.1283,8
1791548385,0.1389,8
1791548390,0.1382,8
1791548395,0.1624,8
1791548400,0.1392,8
1791548405,0.1485,8
1791548410,0.1713,8
1791548415,0.1533,8
1791548421,0.1825,8
1791548426,0.1928,8
1791548431,0.1779,8
1791548436,0.1787,8
1791548441,0.1990,8
1791548446,0.1792,8
1791548451,0.1718,8
1791548456,0.2334,8
1791548461,0.2144,8
1791548466,0.2287,8
1791548471,0.2420,8
1791548476,0.2107,8
1791548481,0.2100,8
1791548486,0.2291,8
1791548491,0.2665,8
1791548496,0.2562,8
1791548501,0.2692,8
1791548506,0.2706,8
1791548511,0.2586,8
1791548516,0.2534,8
1791548521,0.2872,8
1791548526,0.2939,8
1791548531,0.2561,8
1791548536,0.2891,8
1791548541,0.2661,8
1791548546,0.2541,8
1791548551,0.2933,8
1791548556,0.2356,8
1791548561,0.2115,8
1791548566,0.2400,8
1791548571,0.2147,8
1791548576,0.2174,8
1791548581,0.2400,8
1791548586,0.2222,8
1791548591,0.2000,8
1791548596,0.2037,8
1791548601,0.2218,8
1791548606,0.2224,8
1791548611,0.2445,8
1791548616,0.2280,8
1791548621,0.2152,8
1791548626,0.2126,8
1791548631,0.2447,8
1791548636,0.2571,8
1791548641,0.2459,8
1791548646,0.2830,8
1791548651,0.2574,8
1791548656,0.2586,8
1791548661,0.2802,8
1791548666,0.2486,8
1791548671,0.2850,8
1791548676,0.3336,8
1791548681,0.2846,8
1791548686,0.2899,8
1791548691,0.3037,8
1791548696,0.2818,8
1791548701,0.2859,8
1791548706,0.3578,8
1791548711,0.3183,8
1791548716,0.3322,8
1791548721,0.3835,8
1791548726,0.3241,8
1791548731,0.3173,8
1791548736,0.3551,8
1791548741,0.3427,8
1791548746,0.3399,8
1791548751,0.3263,8
1791548756,0.3516,8
1791548761,0.3325,8
1791548766,0.3263,8
1791548771,0.3469,8
1791548776,0.2926,8
1791548781,0.3113,8
1791548786,0.3246,8
1791548791,0.2840,8
1791548796,0.2983,8
1791548801,0.3042,8
1791548806,0.2863,8
1791548811,0.2410,8
1791548816,0.2623,8
1791548821,0.2413,8
1791548826,0.2518,8
1791548831,0.2706,8
1791548836,0.2418,8
1791548841,0.2425,8
1791548846,0.2386,8
1791548851,0.2204,8
1791548856,0.2260,8
1791548861,0.2092,8
1791548866,0.2288,8
1791548871,0.2120,8
1791548876,0.2156,8
1791548881,0.2089,8
1791548886,0.1751,8
1791548891,0.1703,8
1791548896,0.1975,8
1791548901,0.1762,8
1791548906,0.1739,8
1791548911,0.1934,8
1791548916,0.1667,8
1791548921,0.1483,8
1791548926,0.1883,8
1791548931,0.1667,8
1791548936,0.1707,8
1791548941,0.1882,8
1791548946,0.1765,8
1791548951,0.1629,8
1791548956,0.1910,8
1791548961,0.1603,8
1791548966,0.1646,8
1791548971,0.1891,8
1791548976,0.1669,8
1791548981,0.1759,8
1791548986,0.1677,8
1791548991,0.1522,8
1791548996,0.1352,8
1791549001,0.1337,8
1791549006,0.1574,8
1791549011,0.1276,8
1791549016,0.1347,8
1791549021,0.1588,8
1791549026,0.1081,8
1791549031,0.0984,8
1791549036,0.1196,8
1791549041,0.1070,8
1791549046,0.0993,8
1791549051,0.1216,8
1791549056,0.0981,8
1791549061,0.0736,8
1791549066,0.1142,8
1791549071,0.0966,8
1791549076,0.1020,8
1791549081,0.1191,8
1791549086,0.0891,8
1791549091,0.0942,8
1791549096,0.1209,8
1791549101,0.1049,8
1791549106,0.0965,8
1791549111,0.1142,8
1791549116,0.1230,8
1791549121,0.0988,8
1791549126,0.1085,8
1791549131,0.1191,8
1791549136,0.0682,8
1791549141,0.0663,8
1791549146,0.0904,8
1791549151,0.0625,8
1791549156,0.0622,8
1791549161,0.0911,8
1791549166,0.0608,8
1791549171,0.0655,8
1791549176,0.1251,8
1791549181,0.0984,8
1791549186,0.1052,8
1791549191,0.1130,8
1791549196,0.0940,8
1791549201,0.1040,8
1791549206,0.1220,8
1791549211,0.1221,8
1791549216,0.1231,8
1791549221,0.1534,8
1791549226,0.1294,8
1791549231,0.1250,8
1791549236,0.1463,8
1791549241,0.1291,8
1791549246,0.1364,8
1791549251,0.1218,8
1791549256,0.1504,8
1791549261,0.1263,8
1791549266,0.1252,8
1791549271,0.1484,8
1791549276,0.1242,8
1791549281,0.1224,8
1791549286,0.1496,8
1791549291,0.1278,8
1791549296,0.1321,8
1791549301,0.1534,8
1791549306,0.1387,8
1791549311,0.1357,8
1791549316,0.1582,8
1791549321,0.1646,8
1791549326,0.1666,8
1791549331,0.1911,8
1791549336,0.1704,8
1791549341,0.1653,8
1791549346,0.1915,8
1791549351,0.1926,8
1791549356,0.2012,8
1791549361,0.2271,8
1791549366,0.2019,8
1791549372,0.1971,8
1791549377,0.2103,8
1791549382,0.2163,8
1791549387,0.1945,8
1791549392,0.2302,8
1791549397,0.2629,8
1791549402,0.2425,8
1791549407,0.2492,8
1791549412,0.2818,8
1791549417,0.2354,8
1791549422,0.2409,8
1791549427,0.2683,8
1791549432,0.2423,8
1791549437,0.2412,8
1791549442,0.2651,8
1791549447,0.2311,8
1791549452,0.2328,8
1791549457,0.2582,8
1791549462,0.1940,8
1791549467,0.2174,8
1791549472,0.2271,8
1791549477,0.2059,8
1791549482,0.2052,8
1791549487,0.2381,8
1791549492,0.1950,8
1791549497,0.1736,8
1791549502,0.2074,8
1791549507,0.2196,8
1791549512,0.1957,8
1791549517,0.1977,8
1791549522,0.2139,8
1791549527,0.2121,8
1791549532,0.1957,8
1791549537,0.2625,8
1791549542,0.2409,8
1791549547,0.2456,8
1791549552,0.2640,8
1791549557,0.2406,8
1791549562,0.2378,8
1791549567,0.2699,8
1791549572,0.2658,8
1791549577,0.2733,8
1791549582,0.2877,8
1791549587,0.2771,8
1791549592,0.2842,8
1791549597,0.2948,8
1791549602,0.2871,8
1791549607,0.2928,8
1791549612,0.3335,8
1791549617,0.3197,8
1791549622,0.3059,8
1791549627,0.3080,8
1791549632,0.3274,8
1791549637,0.3400,8
1791549642,0.3169,8
1791549647,0.3776,8
1791549652,0.3060,8
1791549657,0.2990,8
1791549662,0.3349,8
1791549667,0.3112,8
1791549672,0.3072,8
1791549677,0.3081,8
1791549682,0.2728,8
1791549687,0.2715,8
1791549692,0.2994,8
1791549697,0.2701,8
1791549702,0.2717,8
1791549707,0.3101,8
1791549712,0.2356,8
1791549717,0.2463,8
1791549722,0.2602,8
1791549727,0.2414,8
1791549732,0.2421,8
1791549737,0.2534,8
1791549742,0.2527,8
1791549747,0.2180,8
1791549752,0.2075,8
1791549757,0.2333,8
1791549762,0.2053,8
1791549767,0.2102,8
1791549772,0.2375,8
1791549777,0.2063,8
1791549782,0.1948,8
1791549787,0.1980,8
1791549792,0.1629,8
1791549797,0.1674,8
1791549802,0.1884,8
1791549807,0.1706,8
1791549812,0.1673,8
1791549817,0.1777,8
1791549822,0.1404,8
1791549827,0.1723,8
1791549832,0.2028,8
1791549837,0.1754,8
1791549842,0.1724,8
1791549847,0.2001,8
1791549852,0.1715,8
1791549857,0.1779,8
1791549862,0.1808,8
1791549867,0.1948,8
1791549872,0.1801,8
1791549877,0.1838,8
1791549882,0.2071,8
1791549887,0.1827,8
1791549892,0.1495,8
1791549897,0.1653,8
1791549902,0.1432,8
1791549907,0.1362,8
1791549912,0.1557,8
1791549917,0.1384,8
1791549922,0.1298,8
1791549927,0.1294,8
1791549932,0.0985,8
1791549937,0.0965,8
1791549942,0.1138,8
1791549947,0.0957,8
1791549952,0.1063,8
1791549957,0.1172,8
1791549962,0.0836,8
1791549967,0.0844,8
1791549972,0.1195,8
1791549977,0.0988,8
1791549982,0.1016,8
1791549987,0.1084,8
1791549992,0.1098,8
1791549997,0.1044,8
1791550002,0.0971,8
1791550007,0.1180,8
1791550012,0.1509,8
1791550017,0.1061,8
1791550022,0.1218,8
1791550027,0.0966,8
1791550032,0.0964,8
1791550037,0.0844,8
1791550042,0.0610,8
1791550047,0.0580,8
1791550052,0.0858,8
1791550057,0.0655,8
1791550062,0.0671,8
1791550067,0.0832,8
1791550072,0.0723,8
1791550077,0.0924,8
1791550082,0.1261,8
1791550087,0.1035,8
1791550092,0.1051,8
1791550097,0.1239,8
1791550102,0.0976,8
1791550107,0.0953,8
1791550112,0.1307,8
1791550117,0.1422,8
1791550122,0.1296,8
1791550127,0.1301,8
1791550132,0.1529,8
1791550137,0.1377,8
1791550142,0.1335,8
1791550147,0.1632,8
1791550152,0.1350,8
1791550157,0.1304,8
1791550162,0.1483,8
1791550167,0.1275,8
1791550172,0.1333,8
1791550177,0.1493,8
1791550182,0.1060,8
1791550187,0.1389,8
1791550192,0.1633,8
1791550197,0.1516,8
1791550202,0.1344,8
1791550207,0.1530,8
1791550212,0.1298,8
1791550217,0.1395,8
1791550222,0.1920,8
1791550227,0.1661,8
1791550232,0.1715,8
1791550237,0.1831,8
1791550242,0.1732,8
1791550247,0.1676,8
1791550252,0.1631,8
1791550257,0.2512,8
1791550262,0.2052,8
1791550267,0.2080,8
1791550272,0.2271,8
1791550277,0.2136,8
1791550282,0.2328,8
1791550287,0.2306,8
1791550292,0.2379,8
1791550297,0.2423,8
1791550302,0.2623,8
1791550307,0.2481,8
1791550312,0.2381,8
1791550317,0.2755,8
1791550322,0.2413,8
1791550327,0.2387,8
1791550333,0.2569,8
1791550338,0.2342,8
1791550343,0.2357,8
1791550348,0.2557,8
1791550353,0.2392,8
1791550358,0.2324,8
1791550363,0.2269,8
1791550368,0.2138,8
1791550373,0.2068,8
1791550378,0.2205,8
1791550383,0.2415,8
1791550388,0.1978,8
1791550393,0.2073,8
1791550398,0.2013,8
1791550403,0.2068,8
1791550408,0.2020,8
1791550413,0.2281,8
1791550418,0.2017,8
1791550423,0.2015,8
1791550428,0.2292,8
1791550433,0.2042,8
1791550438,0.2491,8
1791550443,0.2706,8
1791550448,0.2367,8
1791550453,0.2466,8
1791550458,0.2660,8
1791550463,0.2435,8
1791550468,0.2407,8
1791550473,0.3040,8
1791550478,0.2851,8
1791550483,0.2875,8
1791550488,0.3024,8
1791550493,0.2758,8
1791550498,0.2734,8
1791550503,0.2973,8
1791550508,0.3586,8
1791550513,0.3343,8
1791550518,0.3470,8
1791550523,0.3401,8
1791550528,0.3144,8
1791550533,0.3252,8
1791550538,0.3655,8
1791550543,0.3203,8
1791550548,0.3404,8
1791550553,0.3569,8
1791550558,0.3136,8
1791550563,0.3370,8
1791550568,0.3449,8
1791550573,0.3207,8
1791550578,0.2920,8
1791550583,0.3128,8
1791550588,0.2801,8
1791550593,0.2930,8
1791550598,0.3152,8
1791550603,0.2848,8
1791550608,0.2953,8
1791550613,0.2546,8
1791550618,0.2630,8
1791550623,0.3094,8
1791550628,0.2474,8
1791550633,0.2741,8
1791550638,0.2398,8
1791550643,0.2434,8
1791550648,0.2353,8
1791550653,0.2091,8
1791550658,0.2077,8
1791550663,0.2283,8
1791550668,0.2029,8
1791550673,0.2014,8
1791550678,0.2327,8
1791550683,0.2128,8
1791550688,0.1775,8
1791550693,0.1919,8
1791550698,0.1679,8
1791550703,0.1741,8
1791550708,0.1950,8
1791550713,0.1723,8
1791550718,0.1684,8
1791550723,0.1579,8
1791550728,0.1846,8
1791550733,0.1747,8
1791550738,0.1825,8
1791550743,0.2005,8
1791550748,0.1828,8
1791550753,0.1713,8
1791550758,0.2017,8
1791550763,0.1756,8
1791550768,0.1707,8
1791550773,0.2010,8
1791550778,0.1735,8
1791550783,0.1690,8
1791550788,0.1995,8
1791550793,0.1362,8
1791550798,0.1310,8
1791550803,0.1628,8
1791550808,0.1549,8
1791550813,0.1347,8
1791550818,0.1569,8
1791550823,0.1361,8
1791550828,0.1130,8
1791550833,0.1290,8
1791550838,0.0996,8
1791550843,0.0982,8
1791550848,0.1269,8
1791550853,0.0956,8
1791550858,0.0993,8
1791550863,0.1024,8
1791550868,0.0998,8
1791550873,0.0931,8
1791550878,0.0965,8
1791550883,0.1217,8
1791550888,0.1015,8
1791550893,0.1007,8
1791550898,0.1195,8
1791550903,0.0944,8
1791550908,0.0986,8
1791550913,0.1160,8
1791550918,0.0940,8
1791550923,0.0952,8
1791550928,0.1298,8
1791550933,0.1116,8
1791550938,0.0635,8
1791550943,0.0847,8
1791550948,0.0597,8
1791550953,0.0641,8
1791550958,0.0875,8
1791550963,0.0703,8
1791550968,0.0614,8
1791550973,0.0833,8
1791550978,0.0903,8
1791550983,0.1030,8
1791550988,0.1271,8
1791550993,0.1055,8
1791550998,0.1006,8
1791551003,0.0928,8
1791551008,0.1149,8
1791551013,0.1190,8
1791551018,0.1267,8
1791551023,0.1489,8
1791551028,0.1297,8
1791551033,0.1263,8
1791551038,0.1456,8
1791551043,0.1341,8
1791551048,0.1431,8
1791551053,0.1505,8
1791551058,0.1266,8
1791551063,0.1287,8
1791551068,0.1504,8
1791551073,0.1312,8
1791551078,0.1248,8
1791551083,0.1192,8
1791551088,0.1355,8
1791551093,0.1357,8
1791551098,0.1590,8
1791551103,0.1311,8
1791551108,0.1451,8
1791551113,0.1456,8
1791551118,0.1243,8
1791551123,0.1598,8
1791551128,0.1679,8
1791551133,0.1795,8
1791551138,0.1634,8
1791551143,0.1593,8
1791551148,0.1804,8
1791551153,0.1665,8
1791551158,0.1889,8
1791551163,0.2178,8
1791551168,0.1976,8
1791551173,0.2063,8
1791551178,0.2212,8
1791551183,0.2100,8
1791551188,0.1993,8
1791551193,0.2525,8
1791551198,0.2341,8
1791551203,0.2349,8
1791551208,0.2605,8
1791551213,0.2603,8
1791551218,0.2430,8
1791551223,0.2683,8
1791551228,0.2592,8
1791551233,0.2924,8
1791551238,0.2675,8
1791551243,0.2589,8
1791551248,0.2575,8
1791551253,0.2557,8
1791551258,0.2632,8
1791551263,0.2134,8
1791551268,0.2128,8
1791551273,0.2379,8
1791551278,0.2139,8
1791551283,0.2260,8
1791551288,0.2395,8
1791551294,0.2239,8
1791551299,0.1758,8
1791551304,0.2293,8
1791551309,0.2089,8
1791551314,0.2165,8
1791551319,0.2303,8
1791551324,0.2095,8
1791551329,0.2127,8
1791551334,0.2338,8
1791551339,0.2411,8
1791551344,0.2668,8
1791551349,0.2815,8
1791551354,0.2625,8
1791551359,0.2527,8
1791551364,0.2752,8
1791551369,0.2517,8
1791551374,0.2734,8
1791551379,0.2877,8
1791551384,0.3074,8
1791551389,0.2841,8
1791551394,0.2848,8
1791551399,0.3004,8
1791551404,0.2817,8
1791551409,0.2899,8
1791551414,0.3548,8
1791551419,0.3207,8
1791551424,0.3072,8
1791551429,0.3309,8
1791551434,0.3095,8
1791551439,0.3439,8
1791551444,0.3522,8
1791551449,0.3273,8
1791551454,0.3147,8
1791551459,0.3447,8
1791551464,0.3176,8
1791551469,0.3272,8
1791551474,0.3279,8
1791551479,0.2922,8
1791551484,0.2814,8
1791551489,0.2773,8
1791551494,0.2966,8
1791551499,0.2788,8
1791551504,0.2710,8
1791551509,0.2951,8
1791551514,0.2534,8
1791551519,0.2432,8
1791551524,0.2665,8
1791551529,0.2323,8
1791551534,0.2355,8
1791551539,0.2803,8
1791551544,0.2388,8
1791551549,0.2251,8
1791551554,0.2288,8
1791551559,0.1976,8
1791551564,0.1997,8
1791551569,0.2297,8
1791551574,0.2047,8
1791551579,0.2023,8
1791551584,0.2201,8
1791551589,0.1720,8
1791551594,0.1679,8
1791551599,0.2004,8
1791551604,0.1651,8
1791551609,0.1654,8
1791551614,0.1677,8
1791551619,0.1896,8
1791551624,0.1318,8
1791551629,0.1751,8
1791551634,0.1856,8
1791551639,0.1681,8
1791551644,0.1731,8
1791551649,0.1813,8
1791551654,0.1611,8
1791551659,0.1774,8
1791551664,0.1884,8
1791551669,0.1660,8
1791551674,0.1705,8
1791551679,0.1903,8
1791551684,0.1645,8
1791551689,0.1675,8
1791551694,0.1709,8
1791551699,0.1400,8
1791551704,0.1386,8
1791551709,0.1594,8
1791551714,0.1403,8
1791551719,0.1492,8
1791551724,0.1603,8
1791551729,0.1185,8
1791551734,0.1098,8
1791551739,0.0981,8
1791551744,0.1158,8
1791551749,0.1027,8
1791551754,0.1004,8
1791551759,0.1217,8
1791551764,0.0937,8
1791551769,0.0736,8
1791551774,0.1113,8
1791551779,0.1074,8
1791551784,0.0902,8
1791551789,0.1183,8
1791551794,0.1003,8
1791551799,0.1014,8
1791551804,0.1252,8
1791551809,0.1001,8
1791551814,0.0968,8
1791551819,0.1156,8
1791551824,0.1035,8
1791551829,0.1003,8
1791551834,0.1261,8
1791551839,0.0831,8
1791551844,0.0637,8
1791551849,0.0835,8
1791551854,0.0635,8
1791551859,0.0657,8
1791551864,0.0794,8
1791551869,0.0776,8
1791551874,0.0612,8
1791551879,0.0901,8
1791551884,0.1257,8
1791551889,0.1035,8
1791551894,0.1046,8
1791551899,0.1214,8
1791551904,0.1036,8
1791551909,0.0948,8
1791551914,0.1402,8
1791551919,0.1350,8
1791551924,0.1310,8
1791551929,0.1558,8
1791551934,0.1350,8
1791551939,0.1352,8
1791551944,0.1620,8
1791551949,0.1318,8
1791551954,0.1281,8
1791551959,0.1543,8
1791551964,0.1401,8
1791551969,0.1333,8
1791551974,0.1568,8
1791551979,0.1304,8
1791551984,0.0951,8
1791551989,0.1614,8
1791551994,0.1459,8
1791551999,0.1415,8
1791552004,0.1419,8
1791552009,0.1690,8
1791552014,0.1397,8
1791552019,0.1379,8
1791552024,0.2275,8
1791552029,0.1711,8
1791552034,0.1832,8
1791552039,0.2057,8
1791552044,0.1736,8
1791552049,0.1802,8
1791552054,0.1983,8
1791552059,0.2114,8
1791552064,0.2248,8
1791552069,0.2597,8
1791552074,0.2207,8
1791552079,0.2156,8
1791552084,0.2594,8
1791552089,0.2175,8
1791552094,0.2494,8
1791552099,0.3265,8
1791552104,0.2557,8
1791552109,0.2802,8
1791552114,0.2846,8
1791552119,0.2674,8
1791552124,0.2689,8
1791552129,0.2653,8
1791552134,0.2818,8
1791552139,0.2637,8
1791552144,0.2783,8
1791552149,0.2751,8
1791552154,0.2701,8
1791552159,0.2742,8
1791552164,0.2394,8
1791552169,0.2194,8
1791552174,0.2152,8
1791552179,0.2359,8
1791552184,0.2252,8
1791552189,0.2188,8
1791552194,0.2424,8
1791552199,0.2010,8
1791552204,0.2168,8
1791552209,0.2444,8
1791552214,0.2238,8
1791552219,0.2098,8
1791552224,0.2408,8
1791552229,0.2227,8
1791552234,0.2252,8
1791552239,0.2603,8
1791552244,0.2689,8
1791552249,0.2510,8
1791552255,0.2479,8
1791552260,0.2840,8
1791552265,0.2637,8
1791552270,0.2646,8
1791552275,0.3104,8
1791552280,0.3139,8
1791552285,0.3116,8
1791552290,0.3394,8
1791552295,0.3063,8
1791552300,0.3040,8
1791552305,0.3328,8
1791552310,0.3394,8
1791552315,0.3317,8
1791552320,0.3618,8
1791552325,0.3509,8
1791552330,0.3300,8
1791552335,0.3605,8
1791552340,0.3118,8
1791552345,0.3184,8
1791552350,0.3578,8
1791552355,0.3299,8
1791552360,0.3168,8
1791552365,0.3228,8
1791552370,0.3424,8
1791552375,0.3186,8
1791552380,0.2929,8
1791552385,0.3072,8
1791552390,0.2848,8
1791552395,0.2860,8
1791552400,0.3013,8
1791552405,0.2764,8
1791552410,0.2895,8
1791552415,0.2996,8
1791552420,0.2416,8
1791552425,0.2483,8
1791552430,0.2585,8
1791552435,0.2398,8
1791552440,0.2423,8
1791552445,0.2627,8
1791552450,0.2318,8
1791552455,0.2088,8
1791552460,0.2249,8
1791552465,0.2074,8
1791552470,0.2047,8
1791552475,0.2246,8
1791552480,0.2019,8
1791552485,0.2074,8
1791552490,0.1810,8
1791552495,0.1933,8
1791552500,0.1745,8
1791552505,0.1739,8
1791552510,0.2180,8
1791552515,0.1832,8
1791552520,0.1777,8
1791552525,0.1608,8
1791552530,0.1808,8
1791552535,0.1768,8
1791552540,0.1913,8
1791552545,0.1780,8
1791552550,0.1692,8
1791552555,0.1983,8
1791552560,0.1742,8
1791552565,0.1712,8
1791552570,0.1945,8
1791552575,0.1747,8
1791552580,0.1623,8
1791552585,0.1862,8
1791552590,0.1674,8
1791552595,0.1532,8
1791552600,0.1579,8
1791552605,0.1358,8
1791552610,0.1387,8
1791552615,0.1394,8
1791552620,0.1568,8
1791552625,0.1365,8
1791552630,0.1179,8
1791552635,0.1363,8
1791552640,0.0961,8
1791552645,0.1001,8
1791552650,0.1159,8
1791552655,0.0942,8
1791552660,0.0956,8
1791552665,0.1164,8
1791552670,0.0648,8
1791552675,0.1068,8
1791552680,0.1212,8
1791552685,0.1028,8
1791552690,0.1049,8
1791552695,0.1348,8
1791552700,0.0930,8
1791552705,0.0979,8
1791552710,0.1234,8
1791552715,0.0959,8
1791552720,0.0954,8
1791552725,0.1283,8
1791552730,0.1033,8
1791552735,0.1030,8
1791552740,0.0855,8
1791552745,0.0757,8
1791552750,0.0599,8
1791552755,0.0756,8
1791552760,0.0880,8
1791552765,0.0690,8
1791552770,0.0605,8
1791552775,0.0884,8
1791552780,0.0826,8
1791552785,0.1042,8
1791552790,0.1219,8
1791552795,0.1036,8
1791552800,0.0971,8
1791552805,0.1198,8
1791552810,0.0964,8
1791552815,0.1237,8
1791552820,0.1617,8
1791552825,0.1424,8
1791552830,0.1319,8
1791552835,0.1515,8
1791552840,0.1306,8
1791552845,0.1357,8
1791552850,0.1546,8
1791552855,0.1283,8
1791552860,0.1348,8
1791552865,0.1450,8
1791552870,0.1325,8
1791552875,0.1427,8
1791552880,0.1265,8
1791552885,0.1113,8
1791552890,0.1381,8
1791552895,0.1290,8
1791552900,0.1487,8
1791552905,0.1386,8
1791552910,0.1342,8
1791552915,0.1658,8
1791552920,0.1364,8
1791552925,0.1603,8
1791552930,0.1856,8
1791552935,0.1806,8
1791552940,0.1646,8
1791552945,0.1881,8
1791552950,0.1699,8
1791552955,0.1625,8
1791552960,0.2086,8
1791552965,0.2088,8
1791552970,0.2162,8
1791552975,0.2206,8
1791552980,0.2098,8
1791552985,0.2044,8
1791552990,0.2231,8
1791552995,0.2255,8
1791553000,0.2524,8
1791553005,0.2510,8
1791553010,0.2607,8
1791553015,0.2337,8
1791553020,0.2363,8
1791553025,0.2616,8
1791553030,0.2392,8
1791553035,0.2300,8
1791553040,0.2639,8
1791553045,0.2345,8
1791553050,0.2302,8
1791553055,0.2656,8
1791553060,0.2489,8
1791553065,0.1995,8
1791553070,0.2307,8
1791553075,0.2009,8
1791553080,0.1959,8
1791553085,0.2294,8
1791553090,0.1996,8
1791553095,0.1998,8
1791553100,0.1927,8
1791553105,0.1906,8
1791553110,0.1949,8
1791553115,0.2266,8
1791553120,0.2081,8
1791553125,0.2039,8
1791553130,0.2028,8
1791553135,0.2339,8
1791553140,0.2255,8
1791553145,0.2410,8
1791553150,0.2568,8
1791553155,0.2308,8
1791553160,0.2364,8
1791553165,0.2631,8
1791553170,0.2375,8
1791553175,0.2624,8
1791553180,0.3106,8
1791553185,0.2769,8
1791553190,0.2809,8
1791553195,0.3187,8
1791553200,0.2671,8
1791553205,0.2889,8
1791553211,0.2941,8
1791553216,0.3168,8
1791553221,0.3187,8
1791553226,0.3342,8
1791553231,0.3119,8
1791553236,0.3159,8
1791553241,0.3685,8
1791553246,0.3302,8
1791553251,0.3119,8
1791553256,0.3279,8
1791553261,0.3390,8
1791553266,0.3202,8
1791553271,0.3155,8
1791553276,0.3344,8
1791553281,0.2902,8
1791553286,0.2764,8
1791553291,0.2948,8
1791553296,0.2808,8
1791553301,0.2791,8
1791553306,0.3379,8
1791553311,0.2797,8
1791553316,0.2610,8
1791553321,0.2631,8
1791553326,0.2418,8
1791553331,0.2401,8
1791553336,0.2533,8
1791553341,0.2454,8
1791553346,0.2355,8
1791553351,0.2519,8
1791553356,0.2097,8
1791553361,0.2015,8
1791553366,0.2136,8
1791553371,0.2200,8
1791553376,0.2044,8
1791553381,0.2006,8
1791553386,0.2238,8
1791553391,0.1704,8
1791553396,0.1802,8
1791553401,0.1911,8
1791553406,0.1659,8
1791553411,0.1653,8
1791553416,0.1969,8
1791553421,0.1688,8
1791553426,0.1489,8
1791553431,0.1866,8
1791553436,0.1594,8
1791553441,0.1629,8
1791553446,0.1904,8
1791553451,0.1634,8
1791553456,0.1624,8
1791553461,0.1899,8
1791553466,0.1633,8
1791553471,0.1638,8
1791553476,0.1875,8
1791553481,0.1663,8
1791553486,0.1724,8
1791553491,0.1704,8
1791553496,0.1719,8
1791553501,0.1321,8
1791553506,0.1380,8
1791553511,0.1507,8
1791553516,0.1360,8
1791553521,0.1345,8
1791553526,0.1573,8
1791553531,0.1254,8
1791553536,0.1062,8
1791553541,0.1225,8
1791553546,0.1096,8
1791553551,0.0958,8
1791553556,0.1211,8
1791553561,0.0955,8
1791553566,0.1052,8
1791553571,0.0868,8
1791553576,0.1000,8
1791553581,0.0937,8
1791553586,0.1128,8
1791553591,0.0908,8
1791553596,0.0942,8
1791553601,0.1143,8
1791553606,0.1047,8
1791553611,0.0986,8
1791553616,0.1111,8
1791553621,0.1106,8
1791553626,0.0938,8
1791553631,0.0906,8
1791553636,0.1149,8
1791553641,0.0724,8
1791553646,0.0655,8
1791553651,0.0926,8
1791553656,0.0629,8
1791553661,0.0560,8
1791553666,0.0813,8
1791553671,0.0695,8
1791553676,0.0590,8
1791553681,0.0958,8
1791553686,0.0989,8
1791553691,0.0979,8
1791553696,0.1290,8
1791553701,0.0932,8
1791553706,0.0955,8
1791553711,0.1121,8
1791553716,0.1061,8
1791553721,0.1297,8
1791553726,0.1528,8
1791553731,0.1381,8
1791553736,0.1326,8
1791553741,0.1477,8
1791553746,0.1353,8
1791553751,0.1285,8
1791553756,0.1436,8
1791553761,0.1419,8
1791553766,0.1319,8
1791553771,0.1277,8
1791553776,0.1520,8
1791553781,0.1282,8
1791553786,0.0999,8
1791553791,0.1680,8
1791553796,0.1258,8
1791553801,0.1225,8
1791553806,0.1542,8
1791553811,0.1404,8
1791553816,0.1351,8
1791553821,0.1565,8
1791553826,0.1594,8
1791553831,0.1607,8
1791553836,0.1894,8
1791553841,0.1636,8
1791553846,0.1661,8
1791553851,0.2314,8
1791553856,0.1642,8
1791553861,0.1781,8
1791553866,0.2185,8
1791553871,0.2067,8
1791553876,0.1954,8
1791553881,0.2302,8
1791553886,0.2092,8
1791553891,0.1954,8
1791553896,0.2148,8
1791553901,0.2694,8
1791553906,0.2324,8
1791553911,0.2479,8
1791553916,0.2505,8
1791553921,0.2265,8
1791553926,0.2340,8
1791553931,0.2525,8
1791553936,0.2295,8
1791553941,0.2297,8
1791553946,0.2550,8
1791553951,0.2346,8
1791553956,0.2314,8
1791553961,0.2594,8
1791553966,0.2051,8
1791553971,0.2038,8
1791553976,0.2381,8
1791553981,0.1975,8
1791553986,0.2069,8
1791553991,0.2239,8
1791553996,0.1992,8
1791554001,0.1821,8
1791554006,0.2066,8
1791554011,0.2120,8
1791554016,0.2039,8
1791554021,0.2046,8
1791554026,0.2265,8
1791554031,0.2022,8
1791554036,0.2080,8
1791554041,0.2414,8
1791554046,0.2481,8
1791554051,0.2362,8
1791554056,0.2616,8
1791554061,0.2315,8
1791554066,0.2396,8
1791554071,0.2616,8
1791554076,0.2504,8
1791554081,0.2849,8
1791554086,0.3102,8
1791554091,0.2781,8
1791554096,0.3036,8
1791554101,0.3090,8
1791554106,0.2899,8
1791554111,0.2729,8
1791554116,0.3391,8
1791554121,0.3106,8
1791554126,0.3146,8
1791554131,0.3278,8
1791554136,0.3271,8
1791554141,0.3272,8
1791554146,0.3182,8
1791554151,0.3521,8
1791554156,0.3198,8
1791554161,0.3008,8
1791554166,0.3434,8
1791554171,0.2995,8
1791554176,0.3143,8
1791554181,0.3153,8
1791554186,0.2946,8
1791554192,0.2778,8
1791554197,0.3075,8
1791554202,0.2706,8
1791554207,0.2898,8
1791554212,0.3146,8
1791554217,0.2773,8
1791554222,0.2438,8
1791554227,0.2579,8
1791554232,0.2282,8
1791554237,0.2425,8
1791554242,0.2567,8
1791554247,0.2311,8
1791554252,0.2202,8
1791554257,0.2160,8
1791554262,0.2068,8
1791554267,0.1991,8
1791554272,0.1953,8
1791554277,0.2344,8
1791554282,0.1958,8
1791554287,0.2052,8
1791554292,0.1919,8
1791554297,0.1656,8
1791554302,0.1569,8
1791554307,0.1951,8
1791554312,0.1625,8
1791554317,0.1677,8
1791554322,0.1861,8
1791554327,0.1379,8
1791554332,0.1589,8
1791554337,0.1875,8
1791554342,0.1701,8
1791554347,0.1678,8
1791554352,0.1783,8
1791554357,0.1656,8
1791554362,0.1597,8
1791554367,0.1905,8
1791554372,0.1636,8
1791554377,0.1664,8
1791554382,0.1808,8
1791554387,0.1674,8
1791554392,0.1574,8
1791554397,0.1530,8
1791554402,0.1727,8
1791554407,0.1375,8
1791554412,0.1255,8
1791554417,0.1543,8
1791554422,0.1270,8
1791554427,0.1240,8
1791554432,0.1469,8
1791554437,0.0963,8
1791554442,0.0914,8
1791554447,0.1154,8
1791554452,0.0911,8
1791554457,0.0909,8
1791554462,0.1282,8
1791554467,0.0956,8
1791554472,0.0585,8
1791554477,0.1169,8
1791554482,0.0868,8
1791554487,0.0875,8
1791554492,0.1158,8
1791554497,0.0936,8
1791554502,0.0910,8
1791554507,0.1145,8
1791554512,0.0913,8
1791554517,0.0929,8
1791554522,0.1141,8
1791554527,0.1064,8
1791554532,0.0932,8
1791554537,0.1015,8
1791554542,0.0958,8
1791554547,0.0619,8
1791554552,0.0644,8
1791554557,0.0808,8
1791554562,0.0605,8
1791554567,0.0742,8
1791554572,0.0786,8
1791554577,0.0585,8
1791554582,0.0860,8
1791554587,0.1222,8
1791554592,0.0892,8
1791554597,0.0899,8
1791554602,0.1142,8
1791554607,0.0959,8
1791554612,0.0981,8
1791554617,0.1192,8
1791554622,0.1230,8
1791554627,0.1289,8
1791554632,0.1419,8
1791554637,0.1254,8
1791554642,0.1346,8
1791554647,0.1545,8
1791554652,0.1266,8
1791554657,0.1286,8
1791554662,0.1279,8
1791554667,0.1424,8
1791554672,0.1248,8
1791554677,0.1252,8
1791554682,0.1460,8
1791554687,0.1035,8
1791554692,0.1189,8
1791554697,0.1550,8
1791554702,0.1396,8
1791554707,0.1308,8
1791554712,0.1481,8
1791554717,0.1383,8
1791554722,0.1295,8
1791554727,0.1658,8
1791554732,0.1660,8
1791554737,0.1634,8
1791554742,0.1755,8
1791554747,0.1608,8
1791554752,0.1532,8
1791554757,0.1766,8
1791554762,0.1703,8
1791554767,0.2048,8
1791554772,0.2125,8
1791554777,0.2014,8
1791554782,0.1941,8
1791554787,0.2265,8
1791554792,0.2036,8
1791554797,0.1987,8
1791554802,0.2465,8
1791554807,0.2581,8
1791554812,0.2237,8
1791554817,0.2269,8
1791554822,0.2430,8
1791554827,0.2302,8
1791554832,0.2306,8
1791554837,0.2663,8
1791554842,0.2252,8
1791554847,0.2255,8
1791554852,0.2539,8
1791554857,0.2288,8
1791554862,0.2259,8
1791554867,0.2298,8
1791554872,0.1940,8
1791554877,0.1886,8
1791554882,0.2239,8
1791554887,0.2142,8
1791554892,0.1984,8
1791554897,0.2153,8
1791554902,0.1845,8
1791554907,0.1867,8
1791554912,0.2184,8
1791554917,0.1987,8
1791554922,0.2001,8
1791554927,0.2066,8
1791554932,0.2112,8
1791554937,0.2034,8
1791554942,0.2187,8
1791554947,0.2813,8
1791554952,0.2410,8
1791554957,0.2443,8
1791554962,0.2649,8
1791554967,0.2375,8
1791554972,0.2381,8
1791554977,0.2612,8
1791554982,0.2732,8
1791554987,0.2718,8
1791554992,0.2919,8
1791554997,0.2816,8
1791555002,0.2716,8
1791555007,0.3119,8
1791555012,0.2638,8
1791555017,0.3076,8
1791555022,0.3231,8
1791555027,0.3074,8
1791555032,0.3031,8
1791555037,0.3257,8
1791555042,0.2962,8
1791555047,0.3020,8
1791555052,0.3096,8
1791555057,0.3294,8
1791555062,0.3254,8
1791555067,0.3144,8
1791555072,0.3256,8
1791555077,0.3108,8
1791555082,0.2917,8
1791555087,0.2958,8
1791555092,0.2617,8
1791555097,0.2642,8
1791555102,0.2854,8
1791555107,0.2640,8
1791555112,0.2613,8
1791555117,0.2764,8
1791555122,0.2350,8
1791555127,0.2298,8
1791555132,0.2633,8
1791555137,0.2291,8
1791555142,0.2258,8
1791555147,0.2566,8
1791555152,0.2353,8
1791555157,0.1934,8
1791555162,0.2204,8
1791555167,0.2020,8
1791555172,0.1905,8
1791555177,0.1954,8
1791555182,0.2205,8
1791555187,0.1946,8
1791555193,0.1726,8
1791555198,0.1905,8
1791555203,0.1672,8
1791555208,0.1631,8
1791555213,0.1864,8
1791555218,0.1634,8
1791555223,0.1696,8
1791555228,0.1697,8
1791555233,0.1525,8
1791555238,0.1629,8
1791555243,0.1871,8
1791555248,0.1665,8
1791555253,0.1700,8
1791555258,0.1824,8
1791555263,0.1556,8
1791555268,0.1692,8
1791555273,0.1869,8
1791555278,0.1655,8
1791555283,0.1668,8
1791555288,0.1882,8
1791555293,0.1651,8
1791555298,0.1646,8
1791555303,0.1541,8
1791555308,0.1391,8
1791555313,0.1434,8
1791555318,0.1335,8
1791555323,0.1543,8
1791555328,0.1323,8
1791555333,0.1318,8
1791555338,0.1167,8
1791555343,0.0969,8
1791555348,0.0936,8
1791555353,0.1142,8
1791555358,0.0917,8
1791555363,0.0952,8
1791555368,0.1143,8
1791555373,0.0775,8
1791555378,0.0910,8
1791555383,0.1140,8
1791555388,0.0874,8
1791555393,0.0899,8
1791555398,0.1122,8
1791555403,0.0973,8
1791555408,0.0987,8
1791555413,0.1182,8
1791555418,0.0903,8
1791555423,0.0938,8
1791555428,0.1147,8
1791555433,0.1024,8
1791555438,0.0922,8
1791555443,0.0875,8
1791555448,0.0761,8
1791555453,0.0611,8
1791555458,0.0573,8
1791555463,0.0821,8
1791555468,0.0670,8
1791555473,0.0609,8
1791555478,0.0858,8
1791555483,0.0716,8
1791555488,0.0956,8
1791555493,0.1227,8
1791555498,0.1088,8
1791555503,0.0925,8
1791555508,0.1105,8
1791555513,0.0900,8
1791555518,0.0912,8
1791555523,0.1465,8
1791555528,0.1231,8
1791555533,0.1261,8
1791555538,0.1517,8
1791555543,0.1351,8
1791555548,0.1307,8
1791555553,0.1500,8
1791555558,0.1504,8
1791555563,0.1269,8
1791555568,0.1530,8
1791555573,0.1341,8
1791555578,0.1280,8
1791555583,0.1294,8
1791555588,0.1249,8
1791555593,0.1163,8
1791555598,0.1331,8
1791555603,0.1503,8
1791555608,0.1310,8
1791555613,0.1335,8
1791555618,0.1698,8
1791555623,0.1243,8
1791555628,0.1510,8
1791555633,0.1868,8
1791555638,0.1597,8
1791555643,0.1624,8
1791555648,0.1882,8
1791555653,0.1567,8
1791555658,0.1579,8
1791555663,0.1995,8
1791555668,0.1960,8
1791555673,0.1964,8
1791555678,0.2353,8
1791555683,0.1962,8
1791555688,0.1961,8
1791555693,0.2343,8
1791555698,0.2126,8
1791555703,0.2443,8
1791555708,0.2573,8
1791555713,0.2542,8
1791555718,0.2330,8
1791555723,0.2427,8
1791555728,0.2494,8
1791555733,0.2288,8
1791555738,0.2807,8
1791555743,0.2551,8
1791555748,0.2372,8
1791555753,0.2292,8
1791555758,0.2546,8
1791555763,0.2295,8
1791555768,0.2102,8
1791555773,0.2170,8
1791555778,0.1879,8
1791555783,0.1963,8
1791555788,0.2181,8
1791555793,0.1953,8
1791555798,0.2046,8
1791555803,0.2082,8
1791555808,0.1823,8
1791555813,0.2039,8
1791555818,0.2211,8
1791555823,0.2027,8
1791555828,0.2003,8
1791555833,0.2163,8
1791555838,0.2074,8
1791555843,0.2183,8
1791555848,0.2487,8
1791555853,0.2664,8
1791555858,0.2546,8
1791555863,0.2400,8
1791555868,0.2569,8
1791555873,0.2532,8
1791555878,0.2515,8
1791555883,0.2988,8
1791555888,0.2632,8
1791555893,0.2612,8
1791555898,0.2952,8
1791555903,0.2671,8
1791555908,0.2627,8
1791555913,0.2830,8
1791555918,0.3031,8
1791555923,0.3182,8
1791555928,0.3265,8
1791555933,0.3032,8
1791555938,0.3044,8
1791555943,0.3332,8
1791555948,0.3315,8
1791555953,0.3077,8
1791555958,0.3286,8
1791555963,0.3304,8
1791555968,0.3039,8
1791555973,0.2900,8
1791555978,0.3374,8
1791555983,0.3038,8
1791555988,0.2663,8
1791555993,0.2949,8
1791555998,0.2639,8
1791556003,0.2662,8
1791556008,0.2980,8
1791556013,0.2771,8
1791556018,0.2641,8
1791556023,0.2632,8
1791556028,0.2423,8
1791556033,0.2286,8
1791556038,0.2610,8
1791556043,0.2500,8
1791556048,0.2361,8
1791556053,0.2668,8
1791556058,0.1984,8
1791556063,0.2042,8
1791556068,0.2273,8
1791556073,0.1937,8
1791556078,0.2026,8
1791556083,0.2278,8
1791556088,0.2194,8
1791556093,0.1808,8
1791556098,0.1710,8
1791556103,0.1981,8
1791556108,0.1727,8
1791556113,0.1765,8
1791556118,0.1943,8
1791556123,0.1653,8
1791556128,0.1500,8
1791556133,0.1685,8
1791556138,0.1626,8
1791556143,0.1730,8
1791556148,0.1890,8
1791556153,0.1621,8
1791556158,0.1638,8
1791556163,0.1991,8
1791556168,0.1597,8
1791556173,0.1648,8
1791556178,0.1797,8
1791556184,0.1666,8
1791556189,0.1696,8
1791556194,0.1880,8
1791556199,0.1603,8
1791556204,0.1348,8
1791556209,0.1533,8
1791556214,0.1321,8
1791556219,0.1328,8
1791556224,0.1411,8
1791556229,0.1475,8
1791556234,0.1348,8
1791556239,0.0883,8
1791556244,0.1178,8
1791556249,0.0950,8
1791556254,0.0900,8
1791556259,0.1147,8
1791556264,0.0970,8
1791556269,0.0958,8
1791556274,0.0915,8
1791556279,0.0883,8
1791556284,0.0937,8
1791556289,0.1257,8
1791556294,0.0974,8
1791556299,0.0970,8
1791556304,0.1169,8
1791556309,0.0972,8
1791556314,0.0975,8
1791556319,0.1189,8
1791556324,0.0994,8
1791556329,0.0950,8
1791556334,0.1154,8
1791556339,0.1045,8
1791556344,0.0929,8
1791556349,0.0837,8
1791556354,0.0657,8
1791556359,0.0584,8
1791556364,0.0607,8
1791556369,0.0844,8
1791556374,0.0636,8
1791556379,0.0625,8
1791556384,0.0919,8
1791556389,0.0970,8
1791556394,0.0947,8
1791556399,0.1154,8
1791556404,0.0911,8
1791556409,0.0975,8
1791556414,0.1227,8
1791556419,0.0936,8
1791556424,0.1208,8
1791556429,0.1439,8
1791556434,0.1245,8
1791556439,0.1200,8
1791556444,0.1487,8
1791556449,0.1212,8
1791556454,0.1232,8
1791556459,0.1475,8
1791556464,0.1233,8
1791556469,0.1326,8
1791556474,0.1484,8
1791556479,0.1228,8
1791556484,0.1243,8
1791556489,0.1193,8
1791556494,0.1207,8
1791556499,0.1258,8
1791556504,0.1308,8
1791556509,0.1445,8
1791556514,0.1288,8
1791556519,0.1349,8
1791556524,0.1570,8
1791556529,0.1507,8
1791556534,0.1613,8
1791556539,0.1857,8
1791556544,0.1600,8
1791556549,0.1586,8
1791556554,0.1809,8
1791556559,0.1577,8
1791556564,0.1731,8
1791556569,0.2176,8
1791556574,0.1959,8
1791556579,0.2143,8
1791556584,0.2212,8
1791556589,0.2084,8
1791556594,0.1934,8
1791556599,0.2139,8
1791556604,0.2391,8
1791556609,0.2385,8
1791556614,0.2585,8
1791556619,0.2402,8
1791556624,0.2390,8
1791556629,0.2543,8
1791556634,0.2586,8
1791556639,0.3023,8
1791556644,0.2533,8
1791556649,0.2670,8
1791556654,0.2586,8
1791556659,0.2532,8
1791556664,0.2657,8
1791556669,0.2150,8
1791556674,0.1917,8
1791556679,0.2192,8
1791556684,0.2119,8
1791556689,0.1989,8
1791556694,0.2181,8
1791556699,0.2063,8
1791556704,0.1985,8
1791556709,0.2076,8
1791556714,0.2285,8
1791556719,0.2149,8
1791556724,0.2431,8
1791556729,0.2179,8
1791556734,0.2167,8
1791556739,0.2346,8
1791556744,0.2212,8
1791556749,0.2458,8
1791556754,0.2521,8
1791556759,0.2574,8
1791556764,0.2406,8
1791556769,0.2376,8
1791556774,0.2823,8
1791556779,0.2433,8
1791556784,0.2752,8
1791556789,0.3011,8
1791556794,0.2784,8
1791556799,0.2715,8
1791556804,0.3012,8
1791556809,0.2785,8
1791556814,0.2754,8
1791556819,0.3309,8
1791556824,0.3123,8
1791556829,0.3137,8
1791556834,0.3559,8
1791556839,0.3057,8
1791556844,0.3114,8
1791556849,0.3340,8
1791556854,0.3070,8
1791556859,0.3077,8
1791556864,0.3675,8
1791556869,0.3000,8
1791556874,0.3263,8
1791556879,0.3179,8
1791556884,0.3090,8
1791556889,0.2681,8
1791556894,0.2820,8
1791556899,0.2888,8
1791556904,0.2687,8
1791556909,0.2714,8
1791556914,0.2892,8
1791556919,0.2589,8
1791556924,0.2417,8
1791556929,0.2549,8
1791556934,0.2282,8
1791556939,0.2339,8
1791556944,0.2539,8
1791556949,0.2201,8
1791556954,0.2449,8
1791556959,0.2231,8
1791556964,0.1983,8
1791556969,0.1946,8
1791556974,0.2210,8
1791556979,0.1955,8
1791556984,0.1944,8
1791556989,0.2442,8
1791556994,0.1754,8
1791556999,0.1673,8
1791557004,0.1797,8
1791557009,0.1697,8
1791557014,0.1742,8
1791557019,0.1712,8
1791557024,0.1883,8
1791557029,0.1429,8
1791557034,0.1425,8
1791557039,0.1833,8
1791557044,0.1728,8
1791557049,0.1670,8
1791557054,0.1883,8
1791557059,0.1604,8
1791557064,0.1722,8
1791557069,0.1850,8
1791557074,0.1638,8
1791557079,0.1743,8
1791557084,0.1833,8
1791557089,0.1690,8
1791557094,0.1675,8
1791557099,0.1830,8
1791557104,0.1398,8
1791557109,0.1267,8
1791557114,0.1527,8
1791557119,0.1337,8
1791557124,0.1305,8
1791557129,0.1505,8
1791557134,0.1322,8
1791557139,0.1120,8
1791557144,0.1035,8
1791557149,0.1093,8
1791557154,0.0991,8
1791557159,0.0877,8
1791557165,0.1116,8
1791557170,0.0942,8
1791557175,0.0722,8
1791557180,0.1098,8
1791557185,0.0936,8
1791557190,0.0930,8
1791557195,0.1200,8
1791557200,0.1055,8
1791557205,0.0961,8
1791557210,0.1216,8
1791557215,0.1094,8
1791557220,0.0926,8
1791557225,0.1303,8
1791557230,0.0928,8
1791557235,0.0939,8
1791557240,0.1238,8
1791557245,0.0940,8
1791557250,0.0608,8
1791557255,0.0955,8
1791557260,0.0782,8
1791557265,0.0592,8
1791557270,0.0674,8
1791557275,0.0747,8
1791557280,0.0576,8
1791557285,0.0681,8
1791557290,0.1174,8
1791557295,0.0971,8
1791557300,0.0914,8
1791557305,0.1210,8
1791557310,0.0931,8
1791557315,0.1010,8
1791557320,0.1296,8
1791557325,0.1346,8
1791557330,0.1278,8
1791557335,0.1506,8
1791557340,0.1231,8
1791557345,0.1346,8
1791557350,0.1490,8
1791557355,0.1285,8
1791557360,0.1324,8
1791557365,0.1499,8
1791557370,0.1220,8
1791557375,0.1268,8
1791557380,0.1505,8
1791557385,0.1300,8
1791557390,0.1103,8
1791557395,0.1328,8
1791557400,0.1313,8
1791557405,0.1405,8
1791557410,0.1275,8
1791557415,0.1553,8
1791557420,0.1317,8
1791557425,0.1289,8
1791557430,0.1647,8
1791557435,0.1702,8
1791557440,0.1670,8
1791557445,0.1954,8
1791557450,0.1653,8
1791557455,0.1566,8
1791557460,0.1798,8
1791557465,0.1689,8
1791557470,0.1956,8
1791557475,0.2258,8
1791557480,0.2204,8
1791557485,0.2069,8
1791557490,0.2335,8
1791557495,0.2019,8
1791557500,0.1960,8
1791557505,0.3073,8
1791557510,0.2768,8
1791557515,0.2603,8
1791557520,0.2807,8
1791557525,0.2569,8
1791557530,0.2518,8
1791557535,0.2651,8
1791557540,0.2736,8
1791557545,0.2372,8
1791557550,0.2396,8
1791557555,0.2638,8
1791557560,0.2415,8
1791557565,0.2963,8
1791557570,0.2506,8
1791557575,0.2023,8
1791557580,0.1950,8
1791557585,0.2272,8
1791557590,0.1949,8
1791557595,0.1997,8
1791557600,0.2133,8
1791557605,0.1931,8
1791557610,0.1696,8
1791557615,0.2284,8
1791557620,0.2065,8
1791557625,0.2010,8
1791557630,0.2315,8
1791557635,0.2102,8
1791557640,0.2037,8
1791557645,0.2349,8
1791557650,0.2441,8
1791557655,0.2481,8
1791557660,0.2557,8
1791557665,0.2431,8
1791557670,0.2361,8
1791557675,0.2405,8
1791557680,0.2568,8
1791557685,0.2708,8
1791557690,0.2817,8
1791557695,0.2963,8
1791557700,0.2669,8
1791557705,0.2684,8
1791557710,0.2868,8
1791557715,0.2646,8
1791557720,0.2984,8
1791557725,0.3331,8
1791557730,0.3026,8
1791557735,0.3098,8
1791557740,0.3361,8
1791557745,0.3016,8
1791557750,0.3113,8
1791557755,0.3353,8
1791557760,0.3038,8
1791557765,0.3267,8
1791557770,0.3362,8
1791557775,0.3142,8
1791557780,0.3151,8
1791557785,0.2898,8
1791557790,0.2858,8
1791557795,0.2733,8
1791557800,0.2675,8
1791557805,0.2883,8
1791557810,0.2754,8
1791557815,0.2653,8
1791557820,0.2889,8
1791557825,0.2364,8
1791557830,0.2316,8
1791557835,0.2472,8
1791557840,0.2293,8
1791557845,0.2276,8
1791557850,0.2482,8
1791557855,0.2279,8
1791557860,0.2028,8
1791557865,0.2193,8
1791557870,0.1991,8
1791557875,0.1900,8
1791557880,0.2070,8
1791557885,0.1961,8
1791557890,0.1875,8
1791557895,0.1921,8
1791557900,0.1555,8
1791557905,0.1592,8
1791557910,0.1584,8
1791557915,0.1810,8
1791557920,0.1581,8
1791557925,0.1561,8
1791557930,0.1801,8
1791557935,0.1458,8
1791557940,0.1568,8
1791557945,0.1942,8
1791557950,0.1564,8
1791557955,0.1602,8
1791557960,0.1763,8
1791557965,0.1567,8
1791557970,0.1617,8
1791557975,0.1812,8
1791557980,0.1535,8
1791557985,0.1597,8
1791557990,0.1825,8
1791557995,0.1722,8
1791558000,0.1589,8
1791558005,0.1539,8
1791558010,0.1273,8
1791558015,0.1228,8
1791558020,0.1479,8
1791558025,0.1322,8
1791558030,0.1202,8
1791558035,0.1405,8
1791558040,0.1079,8
1791558045,0.0995,8
1791558050,0.0907,8
1791558055,0.1266,8
1791558060,0.0934,8
1791558065,0.1000,8
1791558070,0.1124,8
1791558075,0.0743,8
1791558080,0.0843,8
1791558085,0.1196,8
1791558090,0.0920,8
1791558095,0.0991,8
1791558100,0.1154,8
1791558105,0.0980,8
1791558110,0.0940,8
1791558115,0.1262,8
1791558120,0.0899,8
1791558125,0.0980,8
1791558130,0.1140,8
1791558135,0.1006,8
1791558140,0.0969,8
1791558145,0.1111,8
1791558151,0.0643,8
1791558156,0.0674,8
1791558161,0.0838,8
1791558166,0.0555,8
1791558171,0.0610,8
1791558176,0.0781,8
1791558181,0.0720,8
1791558186,0.0640,8
1791558191,0.0936,8
1791558196,0.1194,8
1791558201,0.1015,8
1791558206,0.1039,8
1791558211,0.1128,8
1791558216,0.0973,8
1791558221,0.0911,8
1791558226,0.1449,8
1791558231,0.1255,8
1791558236,0.1354,8
1791558241,0.1454,8
1791558246,0.1289,8
1791558251,0.1231,8
1791558256,0.1503,8
1791558261,0.1287,8
1791558266,0.1249,8
1791558271,0.1465,8
1791558276,0.1251,8
1791558281,0.1269,8
1791558286,0.1449,8
1791558291,0.1108,8
1791558296,0.1200,8
1791558301,0.1372,8
1791558306,0.1330,8
1791558311,0.1237,8
1791558316,0.1265,8
1791558321,0.1440,8
1791558326,0.1219,8
1791558331,0.1376,8
1791558336,0.1815,8
1791558341,0.1582,8
1791558346,0.1621,8
1791558351,0.1793,8
1791558356,0.1670,8
1791558361,0.1581,8
1791558366,0.1828,8
1791558371,0.1921,8
1791558376,0.1957,8
1791558381,0.2260,8
1791558386,0.1952,8
1791558391,0.1957,8
1791558396,0.2221,8
1791558401,0.1928,8
1791558406,0.2356,8
1791558411,0.2454,8
1791558416,0.2243,8
1791558421,0.2424,8
1791558426,0.2524,8
1791558431,0.2245,8
1791558436,0.2283,8
1791558441,0.2598,8
1791558446,0.2485,8
1791558451,0.2220,8
1791558456,0.2314,8
1791558461,0.2453,8
1791558466,0.2334,8
1791558471,0.2231,8
1791558476,0.2202,8
1791558481,0.2037,8
1791558486,0.2045,8
1791558491,0.2152,8
1791558496,0.2022,8
1791558501,0.1982,8
1791558506,0.2107,8
1791558511,0.1681,8
1791558516,0.1983,8
1791558521,0.2165,8
1791558526,0.1987,8
1791558531,0.1954,8
1791558536,0.2166,8
1791558541,0.2049,8
1791558546,0.1955,8
1791558551,0.2521,8
1791558556,0.2446,8
1791558561,0.2412,8
1791558566,0.2583,8
1791558571,0.2358,8
1791558576,0.2512,8
1791558581,0.2369,8
1791558586,0.3039,8
1791558591,0.2745,8
1791558596,0.2861,8
1791558601,0.3222,8
1791558606,0.2832,8
1791558611,0.2804,8
1791558616,0.3037,8
1791558621,0.3342,8
1791558626,0.3105,8
1791558631,0.3339,8
1791558636,0.3131,8
1791558641,0.3052,8
1791558646,0.3301,8
1791558651,0.2960,8
1791558656,0.3087,8
1791558661,0.3320,8
1791558666,0.3286,8
1791558671,0.3102,8
1791558676,0.3289,8
1791558681,0.3085,8
1791558686,0.2997,8
1791558691,0.2671,8
1791558696,0.2945,8
1791558701,0.2587,8
1791558706,0.2612,8
1791558711,0.2834,8
1791558716,0.2702,8
1791558721,0.2699,8
1791558726,0.2690,8
1791558731,0.2383,8
1791558736,0.2377,8
1791558741,0.2486,8
1791558746,0.2225,8
1791558751,0.2248,8
1791558756,0.2621,8
1791558761,0.2069,8
1791558766,0.1969,8
1791558771,0.2149,8
1791558776,0.1966,8
1791558781,0.1946,8
1791558786,0.2378,8
1791558791,0.2057,8
1791558796,0.1759,8
1791558801,0.1684,8
1791558806,0.1778,8
1791558811,0.1522,8
1791558816,0.1592,8
1791558821,0.1791,8
1791558826,0.1676,8
1791558831,0.1457,8
1791558836,0.1688,8
1791558841,0.1581,8
1791558846,0.1762,8
1791558851,0.1808,8
1791558856,0.1585,8
1791558861,0.1552,8
1791558866,0.1768,8
1791558871,0.1615,8
1791558876,0.1672,8
1791558881,0.1729,8
1791558886,0.1587,8
1791558891,0.1518,8
1791558896,0.1727,8
1791558901,0.1524,8
1791558906,0.1472,8
1791558911,0.1468,8
1791558916,0.1282,8
1791558921,0.1292,8
1791558926,0.1460,8
1791558931,0.1232,8
1791558936,0.1290,8
1791558941,0.1010,8
1791558946,0.1244,8
1791558951,0.0955,8
1791558956,0.0944,8
1791558961,0.1146,8
1791558966,0.1077,8
1791558971,0.0965,8
1791558976,0.0965,8
1791558981,0.0825,8
1791558986,0.0980,8
1791558991,0.1143,8
1791558996,0.1034,8
1791559001,0.0939,8
1791559006,0.1181,8
1791559011,0.0930,8
1791559016,0.0985,8
1791559021,0.1117,8
1791559026,0.1474,8
1791559031,0.0990,8
1791559036,0.1172,8
1791559041,0.0950,8
1791559046,0.0963,8
1791559051,0.0814,8
1791559056,0.0670,8
1791559061,0.0648,8
1791559066,0.0764,8
1791559071,0.0671,8
1791559076,0.0617,8
1791559081,0.0604,8
1791559086,0.0869,8
1791559091,0.1294,8
1791559096,0.0967,8
1791559101,0.1113,8
1791559106,0.1012,8
1791559111,0.0939,8
1791559116,0.1222,8
1791559121,0.1070,8
1791559126,0.1256,8
1791559131,0.1443,8
1791559137,0.1301,8
1791559142,0.1282,8
1791559147,0.1547,8
1791559152,0.1354,8
1791559157,0.1281,8
1791559162,0.1464,8
1791559167,0.1217,8
1791559172,0.1237,8
1791559177,0.1488,8
1791559182,0.1287,8
1791559187,0.1327,8
1791559192,0.1351,8
1791559197,0.1071,8
1791559202,0.1263,8
1791559207,0.1410,8
1791559212,0.1441,8
1791559217,0.1266,8
1791559222,0.1253,8
1791559227,0.1551,8
1791559232,0.1302,8
1791559237,0.1648,8
1791559242,0.1759,8
1791559247,0.1599,8
1791559252,0.1563,8
1791559257,0.1823,8
1791559262,0.1628,8
1791559267,0.1664,8
1791559272,0.2255,8
1791559277,0.2094,8
1791559282,0.2063,8
1791559287,0.2326,8
1791559292,0.1935,8
1791559297,0.2107,8
1791559302,0.2243,8
1791559307,0.2327,8
1791559312,0.2300,8
1791559317,0.2577,8
1791559322,0.2297,8
1791559327,0.2388,8
1791559332,0.2548,8
1791559337,0.2351,8
1791559342,0.2356,8
1791559347,0.2262,8
1791559352,0.2481,8
1791559357,0.2369,8
1791559362,0.2218,8
1791559367,0.2630,8
1791559372,0.2229,8
1791559377,0.2066,8
1791559382,0.2327,8
1791559387,0.2073,8
1791559392,0.1973,8
1791559397,0.2445,8
1791559402,0.2020,8
1791559407,0.2029,8
1791559412,0.2039,8
1791559417,0.2047,8
1791559422,0.2054,8
1791559427,0.2343,8
1791559432,0.2001,8
1791559437,0.2074,8
1791559442,0.2286,8
1791559447,0.2079,8
1791559452,0.2386,8
1791559457,0.2721,8
1791559462,0.2316,8
1791559467,0.2355,8
1791559472,0.2354,8
1791559477,0.2569,8
1791559482,0.2333,8
1791559487,0.2759,8
1791559492,0.3263,8
1791559497,0.2792,8
1791559502,0.2840,8
1791559507,0.3048,8
1791559512,0.2673,8
1791559517,0.2905,8
1791559522,0.3161,8
1791559527,0.3089,8
1791559532,0.3098,8
1791559537,0.3334,8
1791559542,0.3039,8
1791559547,0.3117,8
1791559552,0.3514,8
1791559557,0.3223,8
1791559562,0.3078,8
1791559567,0.3374,8
1791559572,0.3103,8
1791559577,0.3205,8
1791559582,0.3387,8
1791559587,0.3123,8
1791559592,0.2747,8
1791559597,0.2708,8
1791559602,0.2878,8
1791559607,0.2795,8
1791559612,0.2698,8
1791559617,0.2906,8
1791559622,0.2769,8
1791559627,0.2401,8
1791559632,0.2670,8
1791559637,0.2869,8
1791559642,0.2425,8
1791559647,0.2544,8
1791559652,0.2413,8
1791559657,0.2438,8
1791559662,0.2397,8
1791559667,0.2080,8
1791559672,0.2040,8
1791559677,0.2338,8
1791559682,0.2081,8
1791559687,0.2142,8
1791559692,0.2286,8
1791559697,0.1853,8
1791559702,0.1771,8
1791559707,0.1845,8
1791559712,0.1651,8
1791559717,0.1738,8
1791559722,0.1684,8
1791559727,0.1891,8
1791559732,0.1580,8
1791559737,0.1465,8
1791559742,0.1909,8
1791559747,0.1776,8
1791559752,0.1701,8
1791559757,0.2013,8
1791559762,0.1870,8
1791559767,0.1731,8
1791559772,0.1950,8
1791559777,0.1650,8
1791559782,0.1737,8
1791559787,0.2065,8
1791559792,0.1697,8
1791559797,0.1737,8
1791559802,0.2011,8
1791559807,0.1380,8
1791559812,0.1426,8
1791559817,0.1605,8
1791559822,0.1407,8
1791559827,0.1283,8
1791559832,0.1552,8
1791559837,0.1344,8
1791559842,0.1009,8
1791559847,0.1051,8
1791559852,0.1132,8
1791559857,0.0901,8
1791559862,0.1013,8
1791559867,0.1202,8
1791559872,0.0925,8
1791559877,0.0862,8
1791559882,0.1304,8
1791559887,0.0950,8
1791559892,0.0966,8
1791559897,0.1184,8
1791559902,0.0918,8
1791559907,0.0965,8
1791559912,0.1168,8
1791559917,0.0992,8
1791559922,0.0946,8
1791559927,0.1194,8
1791559932,0.0944,8
1791559937,0.0991,8
1791559942,0.1328,8
1791559947,0.1004,8
1791559952,0.0674,8
1791559957,0.0885,8
1791559962,0.0594,8
1791559967,0.0605,8
1791559972,0.0793,8
1791559977,0.0778,8
1791559982,0.0575,8
1791559987,0.0627,8
1791559992,0.1163,8
1791559997,0.0974,8
1791560002,0.0939,8
1791560007,0.1294,8
1791560012,0.0979,8
1791560017,0.0950,8
1791560022,0.1138,8
1791560027,0.1260,8
1791560032,0.1325,8
1791560037,0.1530,8
1791560042,0.1345,8
1791560047,0.1302,8
1791560052,0.1497,8
1791560057,0.1365,8
1791560062,0.1375,8
1791560067,0.1677,8
1791560072,0.1319,8
1791560077,0.1331,8
1791560082,0.1528,8
1791560087,0.1340,8
1791560092,0.1146,8
1791560097,0.1327,8
1791560102,0.1363,8
1791560108,0.1371,8
1791560113,0.1282,8
1791560118,0.1527,8
1791560123,0.1327,8
1791560128,0.1391,8
1791560133,0.1638,8
1791560138,0.1783,8
1791560143,0.1670,8
1791560148,0.1888,8
1791560153,0.1686,8
1791560158,0.1664,8
1791560163,0.2006,8
1791560168,0.1889,8
1791560173,0.1952,8
1791560178,0.2284,8
1791560183,0.1959,8
1791560188,0.2072,8
1791560193,0.2190,8
1791560198,0.2025,8
1791560203,0.1946,8
1791560208,0.2499,8
1791560213,0.2336,8
1791560218,0.2301,8
1791560223,0.2607,8
1791560228,0.2434,8
1791560233,0.2598,8
1791560238,0.2383,8
1791560243,0.2468,8
1791560248,0.2775,8
1791560253,0.2394,8
1791560258,0.2609,8
1791560263,0.2381,8
1791560268,0.2357,8
1791560273,0.2450,8
1791560278,0.2033,8
1791560283,0.2029,8
1791560288,0.2237,8
1791560293,0.1964,8
1791560298,0.1959,8
1791560303,0.2202,8
1791560308,0.1986,8
1791560313,0.1811,8
1791560318,0.2284,8
1791560323,0.2058,8
1791560328,0.2004,8
1791560333,0.2242,8
1791560338,0.2038,8
1791560343,0.2003,8
1791560348,0.2195,8
1791560353,0.2304,8
1791560358,0.2486,8
1791560363,0.2612,8
1791560368,0.2420,8
1791560373,0.2553,8
1791560378,0.2487,8
1791560383,0.2608,8
1791560388,0.2796,8
1791560393,0.2665,8
1791560398,0.2869,8
1791560403,0.2691,8
1791560408,0.2745,8
1791560413,0.2952,8
1791560418,0.2705,8
1791560423,0.3043,8
1791560428,0.3482,8
1791560433,0.4681,8
1791560438,0.3723,8
1791560443,0.3327,8
1791560448,0.3167,8
1791560453,0.3140,8
1791560458,0.3456,8
1791560463,0.3210,8
1791560468,0.3129,8
1791560473,0.3303,8
1791560478,0.3153,8
1791560483,0.3124,8
1791560488,0.3225,8
1791560493,0.3035,8
1791560498,0.2791,8
1791560503,0.2664,8
1791560508,0.2930,8
1791560513,0.2648,8
1791560518,0.2768,8
1791560523,0.3041,8
1791560528,0.2521,8
1791560533,0.2481,8
1791560538,0.2814,8
1791560543,0.2474,8
1791560548,0.2440,8
1791560553,0.2774,8
1791560558,0.2568,8
1791560563,0.2211,8
1791560568,0.2454,8
1791560573,0.2136,8
1791560578,0.2116,8
1791560583,0.2385,8
1791560588,0.2140,8
1791560593,0.2112,8
1791560598,0.2183,8
1791560603,0.1685,8
1791560608,0.1745,8
1791560613,0.1729,8
1791560618,0.2097,8
1791560623,0.1673,8
1791560628,0.1761,8
1791560633,0.1890,8
1791560638,0.1534,8
1791560643,0.1700,8
1791560648,0.1990,8
1791560653,0.1694,8
1791560658,0.1779,8
1791560663,0.1964,8
1791560668,0.1758,8
1791560673,0.1756,8
1791560678,0.2188,8
1791560683,0.1797,8
1791560688,0.1822,8
1791560693,0.1980,8
1791560698,0.1817,8
1791560703,0.1805,8
1791560708,0.1710,8
1791560713,0.1325,8
1791560718,0.1427,8
1791560723,0.1557,8
1791560728,0.1346,8
1791560733,0.1428,8
1791560738,0.1443,8
1791560743,0.1234,8
1791560748,0.0998,8
1791560753,0.0967,8
1791560758,0.1182,8
1791560763,0.1003,8
1791560768,0.0980,8
1791560773,0.1168,8
1791560778,0.0845,8
1791560783,0.0802,8
1791560788,0.1185,8
1791560793,0.0984,8
1791560798,0.1061,8
1791560803,0.1188,8
1791560808,0.1008,8
1791560813,0.0936,8
1791560818,0.1250,8
1791560823,0.0982,8
1791560828,0.0989,8
1791560833,0.1183,8
1791560838,0.0985,8
1791560843,0.0939,8
1791560848,0.1176,8
1791560853,0.0630,8
1791560858,0.0772,8
1791560863,0.1024,8
1791560868,0.0770,8
1791560873,0.0560,8
1791560878,0.0597,8
1791560883,0.0895,8
1791560888,0.0622,8
1791560893,0.0912,8
1791560898,0.1228,8
1791560903,0.0949,8
1791560908,0.1002,8
1791560913,0.1221,8
1791560918,0.1014,8
1791560923,0.1315,8
1791560928,0.1495,8
1791560933,0.1244,8
1791560938,0.1296,8
1791560943,0.1538,8
1791560948,0.1326,8
1791560953,0.1238,8
1791560958,0.1557,8
1791560963,0.1322,8
1791560968,0.1315,8
1791560973,0.1510,8
1791560978,0.1317,8
1791560983,0.1368,8
1791560988,0.1502,8
1791560993,0.1284,8
1791560998,0.1088,8
1791561003,0.1334,8
1791561008,0.1476,8
1791561013,0.1273,8
1791561018,0.1409,8
1791561023,0.1537,8
1791561028,0.1371,8
1791561033,0.1420,8
1791561038,0.1886,8
1791561043,0.1723,8
1791561048,0.1663,8
1791561053,0.1858,8
1791561059,0.1627,8
1791561064,0.1609,8
1791561069,0.1863,8
1791561074,0.1989,8
1791561079,0.2048,8
1791561084,0.2476,8
1791561089,0.1968,8
1791561094,0.1990,8
1791561099,0.2180,8
1791561104,0.2070,8
1791561109,0.2344,8
1791561114,0.2878,8
1791561119,0.2509,8
1791561124,0.2373,8
1791561129,0.2330,8
1791561134,0.2542,8
1791561139,0.2381,8
1791561144,0.2390,8
1791561149,0.2525,8
1791561154,0.2362,8
1791561159,0.2344,8
1791561164,0.2547,8
1791561169,0.2541,8
1791561174,0.2494,8
1791561179,0.2351,8
1791561184,0.2085,8
1791561189,0.2090,8
1791561194,0.2270,8
1791561199,0.2135,8
1791561204,0.2074,8
1791561209,0.2289,8
1791561214,0.1661,8
1791561219,0.2015,8
1791561224,0.2151,8
1791561229,0.2160,8
1791561234,0.1995,8
1791561239,0.2171,8
1791561244,0.2029,8
1791561249,0.1966,8
1791561254,0.2262,8
1791561259,0.2565,8
1791561264,0.2371,8
1791561269,0.2294,8
1791561274,0.2537,8
1791561279,0.2390,8
1791561284,0.2330,8
1791561289,0.2961,8
1791561294,0.2803,8
1791561299,0.2749,8
1791561304,0.3128,8
1791561309,0.2795,8
1791561314,0.2692,8
1791561319,0.3067,8
1791561324,0.2902,8
1791561329,0.3235,8
1791561334,0.3486,8
1791561339,0.3202,8
1791561344,0.3151,8
1791561349,0.3639,8
1791561354,0.3125,8
1791561359,0.3116,8
1791561364,0.3446,8
1791561369,0.3272,8
1791561374,0.3083,8
1791561379,0.3239,8
1791561384,0.3495,8
1791561389,0.3161,8
1791561394,0.2751,8
1791561399,0.3026,8
1791561404,0.2729,8
1791561409,0.2909,8
1791561414,0.2939,8
1791561419,0.2816,8
1791561424,0.2827,8
1791561429,0.2727,8
1791561434,0.2408,8
1791561439,0.2419,8
1791561444,0.2585,8
1791561449,0.2341,8
1791561454,0.2455,8
1791561459,0.2555,8
1791561464,0.2127,8
1791561469,0.2039,8
1791561474,0.2689,8
1791561479,0.2025,8
1791561484,0.2047,8
1791561489,0.2042,8
1791561494,0.2149,8
1791561499,0.1915,8
1791561504,0.1671,8
1791561509,0.1938,8
1791561514,0.1716,8
1791561519,0.1708,8
1791561524,0.1889,8
1791561529,0.1681,8
1791561534,0.1662,8
1791561539,0.1564,8
1791561544,0.1714,8
1791561549,0.1716,8
1791561554,0.1799,8
1791561559,0.1672,8
1791561564,0.1619,8
1791561569,0.1904,8
1791561574,0.1743,8
1791561579,0.1662,8
1791561584,0.1872,8
1791561589,0.1630,8
1791561594,0.1822,8
1791561599,0.1913,8
1791561604,0.1633,8
1791561609,0.1358,8
1791561614,0.1455,8
1791561619,0.1445,8
1791561624,0.1275,8
1791561629,0.1235,8
1791561634,0.1549,8
1791561639,0.1312,8
1791561644,0.1098,8
1791561649,0.1224,8
1791561654,0.1032,8
1791561659,0.0963,8
1791561664,0.1203,8
1791561669,0.0971,8
1791561674,0.0982,8
1791561679,0.1037,8
1791561684,0.0741,8
1791561689,0.0904,8
1791561694,0.1144,8
1791561699,0.0912,8
1791561704,0.0903,8
1791561709,0.1198,8
1791561714,0.1027,8
1791561719,0.0944,8
1791561724,0.1196,8
1791561729,0.0907,8
1791561734,0.0908,8
1791561739,0.1118,8
1791561744,0.0893,8
1791561749,0.0922,8
1791561754,0.0697,8
1791561759,0.0757,8
1791561764,0.0604,8
1791561769,0.0657,8
1791561774,0.0867,8
1791561779,0.0760,8
1791561784,0.0687,8
1791561789,0.0880,8
1791561794,0.1002,8
1791561799,0.0952,8
1791561804,0.1123,8
1791561809,0.0925,8
1791561814,0.1028,8
1791561819,0.1150,8
1791561824,0.0940,8
1791561829,0.1196,8
1791561834,0.1537,8
1791561839,0.1342,8
1791561844,0.1324,8
1791561849,0.1431,8
1791561854,0.1231,8
1791561859,0.1247,8
1791561864,0.1494,8
1791561869,0.1246,8
1791561874,0.1322,8
1791561879,0.1488,8
1791561884,0.1358,8
1791561889,0.1400,8
1791561894,0.1336,8
1791561899,0.1460,8
1791561904,0.1409,8
1791561909,0.1291,8
1791561914,0.1525,8
1791561919,0.1370,8
1791561924,0.1381,8
1791561929,0.1518,8
1791561934,0.1417,8
1791561939,0.1629,8
1791561944,0.1946,8
1791561949,0.1786,8
1791561954,0.1669,8
1791561959,0.2001,8
1791561964,0.1826,8
1791561969,0.1776,8
1791561974,0.2242,8
1791561979,0.2146,8
1791561984,0.2533,8
1791561989,0.2252,8
1791561994,0.2023,8
1791561999,0.1987,8
1791562004,0.2287,8
1791562009,0.2361,8
1791562014,0.2946,8
1791562019,0.2613,8
1791562024,0.2688,8
1791562029,0.2397,8
1791562034,0.2449,8
1791562040,0.2722,8
1791562045,0.2462,8
1791562050,0.2356,8
1791562055,0.2721,8
1791562060,0.2412,8
1791562065,0.2449,8
1791562070,0.2753,8
1791562075,0.2458,8
1791562080,0.2084,8
1791562085,0.2973,8
1791562090,0.2069,8
1791562095,0.2067,8
1791562100,0.2349,8
1791562105,0.2116,8
1791562110,0.2099,8
1791562115,0.2012,8
1791562120,0.2136,8
1791562125,0.2174,8
1791562130,0.2343,8
1791562135,0.2136,8
1791562140,0.2138,8
1791562145,0.2522,8
1791562150,0.2370,8
1791562155,0.2412,8
1791562160,0.2476,8
1791562165,0.2801,8
1791562170,0.2588,8
1791562175,0.2563,8
1791562180,0.2768,8
1791562185,0.2552,8
1791562190,0.2766,8
1791562195,0.3131,8
1791562200,0.2941,8
1791562205,0.3067,8
1791562210,0.3152,8
1791562215,0.2757,8
1791562220,0.2857,8
1791562225,0.3249,8
1791562230,0.3201,8
1791562235,0.3309,8
1791562240,0.3297,8
1791562245,0.3134,8
1791562250,0.3166,8
1791562255,0.3534,8
1791562260,0.3195,8
1791562265,0.3401,8
1791562270,0.3166,8
1791562275,0.3423,8
1791562280,0.3214,8
1791562285,0.3274,8
1791562290,0.3497,8
1791562295,0.3001,8
1791562300,0.2874,8
1791562305,0.3149,8
1791562310,0.2942,8
1791562315,0.2840,8
1791562320,0.3160,8
1791562325,0.2901,8
1791562330,0.2778,8
1791562335,0.2803,8
1791562340,0.2457,8
1791562345,0.2442,8
1791562350,0.2698,8
1791562355,0.2473,8
1791562360,0.2425,8
1791562365,0.2509,8
1791562370,0.2082,8
1791562375,0.1970,8
1791562380,0.2293,8
1791562385,0.2136,8
1791562390,0.2172,8
1791562395,0.2022,8
1791562400,0.2229,8
1791562405,0.1763,8
1791562410,0.1707,8
1791562415,0.1930,8
1791562420,0.1658,8
1791562425,0.1679,8
1791562430,0.2017,8
1791562435,0.1710,8
1791562440,0.1408,8
1791562445,0.2041,8
1791562450,0.1858,8
1791562455,0.1714,8
1791562460,0.2006,8
1791562465,0.1688,8
1791562470,0.1710,8
1791562475,0.1923,8
1791562480,0.1806,8
1791562485,0.1826,8
1791562490,0.2022,8
1791562495,0.1912,8
1791562500,0.1792,8
1791562505,0.2101,8
1791562510,0.1531,8
1791562515,0.1389,8
1791562520,0.1420,8
1791562525,0.1538,8
1791562530,0.1275,8
1791562535,0.1349,8
1791562540,0.1568,8
1791562545,0.1142,8
1791562550,0.1029,8
1791562555,0.1198,8
1791562560,0.0932,8
1791562565,0.1025,8
1791562570,0.1240,8
1791562575,0.0975,8
1791562580,0.0870,8
1791562585,0.0975,8
1791562590,0.0929,8
1791562595,0.0973,8
1791562600,0.1112,8
1791562605,0.0927,8
1791562610,0.0951,8
1791562615,0.1178,8
1791562620,0.0936,8
1791562625,0.0995,8
1791562630,0.1239,8
1791562635,0.0986,8
1791562640,0.1017,8
1791562645,0.1051,8
1791562650,0.1119,8
1791562655,0.0670,8
1791562660,0.0597,8
1791562665,0.0853,8
1791562670,0.0615,8
1791562675,0.0602,8
1791562680,0.0807,8
1791562685,0.0709,8
1791562690,0.0572,8
1791562695,0.1291,8
1791562700,0.1039,8
1791562705,0.1076,8
1791562710,0.1243,8
1791562715,0.1014,8
1791562720,0.0972,8
1791562725,0.1205,8
1791562730,0.1250,8
1791562735,0.1242,8
1791562740,0.1509,8
1791562745,0.1399,8
1791562750,0.1279,8
1791562755,0.1599,8
1791562760,0.1337,8
1791562765,0.1308,8
1791562770,0.1423,8
1791562775,0.1452,8
1791562780,0.1215,8
1791562785,0.1306,8
1791562790,0.1526,8
1791562795,0.1286,8
1791562800,0.0989,8
1791562805,0.1602,8
1791562810,0.1281,8
1791562815,0.1349,8
1791562820,0.1606,8
1791562825,0.1379,8
1791562830,0.1278,8
1791562835,0.1605,8
1791562840,0.1645,8
1791562845,0.1606,8
1791562850,0.1879,8
1791562855,0.1644,8
1791562860,0.1652,8
1791562865,0.1953,8
1791562870,0.1735,8
1791562875,0.2183,8
1791562880,0.2208,8
1791562885,0.1921,8
1791562890,0.1967,8
1791562895,0.2228,8
1791562900,0.1963,8
1791562905,0.1994,8
1791562910,0.2340,8
1791562915,0.3103,8
1791562920,0.2379,8
1791562925,0.2333,8
1791562930,0.2443,8
1791562935,0.2377,8
1791562940,0.2410,8
1791562945,0.2626,8
1791562950,0.2320,8
1791562955,0.2479,8
1791562960,0.2729,8
1791562965,0.2438,8
1791562970,0.2486,8
1791562975,0.2589,8
1791562980,0.2090,8
1791562985,0.2141,8
1791562990,0.2259,8
1791562995,0.2009,8
1791563000,0.2196,8
1791563006,0.2385,8
1791563011,0.2100,8
1791563016,0.1930,8
1791563021,0.2513,8
1791563026,0.2252,8
1791563031,0.2200,8
1791563036,0.2236,8
1791563041,0.2419,8
1791563046,0.2353,8
1791563051,0.2252,8
1791563056,0.3050,8
1791563061,0.3056,8
1791563066,0.2861,8
1791563071,0.3138,8
1791563076,0.2896,8
1791563081,0.2880,8
1791563086,0.3078,8
1791563091,0.3092,8
1791563096,0.3199,8
1791563101,0.3501,8
1791563106,0.3394,8
1791563111,0.3269,8
1791563116,0.3572,8
1791563121,0.3483,8
1791563126,0.3540,8
1791563131,0.4040,8
1791563136,0.3794,8
1791563141,0.3773,8
1791563146,0.3730,8
1791563151,0.3883,8
1791563156,0.3634,8
1791563161,0.3608,8
1791563166,0.4051,8
1791563171,0.3506,8
1791563176,0.3488,8
1791563181,0.4075,8
1791563186,0.3421,8
1791563191,0.3471,8
1791563196,0.3491,8
1791563201,0.2948,8
1791563206,0.3030,8
1791563211,0.3344,8
1791563216,0.3088,8
1791563221,0.3060,8
1791563226,0.3328,8
1791563231,0.2743,8
1791563236,0.2781,8
1791563241,0.3100,8
1791563246,0.2658,8
1791563251,0.2585,8
1791563256,0.2614,8
1791563261,0.2721,8
1791563266,0.2363,8
1791563271,0.2197,8
1791563276,0.2517,8
1791563281,0.2196,8
1791563286,0.2252,8
1791563291,0.2439,8
1791563296,0.2229,8
1791563301,0.2106,8
1791563306,0.2157,8
1791563311,0.1712,8
1791563316,0.1836,8
1791563321,0.2102,8
1791563326,0.1749,8
1791563331,0.1914,8
1791563336,0.2047,8
1791563341,0.1438,8
1791563346,0.1877,8
1791563351,0.2036,8
1791563356,0.1767,8
1791563361,0.1799,8
1791563366,0.2147,8
1791563371,0.1770,8
1791563376,0.1806,8
1791563381,0.1762,8
1791563386,0.1963,8
1791563391,0.1802,8
1791563396,0.1712,8
1791563401,0.1964,8
1791563406,0.1785,8
1791563411,0.1559,8
1791563416,0.1725,8
1791563421,0.1456,8
1791563426,0.1497,8
1791563431,0.1580,8
1791563436,0.1409,8
1791563441,0.1374,8
1791563446,0.1424,8
1791563451,0.1048,8
1791563456,0.1029,8
1791563461,0.1256,8
1791563466,0.1102,8
1791563471,0.0983,8
1791563476,0.1231,8
1791563481,0.0958,8
1791563486,0.0862,8
1791563491,0.1220,8
1791563496,0.1056,8
1791563501,0.0982,8
1791563506,0.0990,8
1791563511,0.1351,8
1791563516,0.1020,8
1791563521,0.0968,8
1791563526,0.1361,8
1791563531,0.1040,8
1791563536,0.0996,8
1791563541,0.1222,8
1791563546,0.1077,8
1791563551,0.0968,8
1791563556,0.0924,8
1791563561,0.0589,8
1791563566,0.0691,8
1791563571,0.0876,8
1791563576,0.0654,8
1791563581,0.0636,8
1791563586,0.0947,8
1791563591,0.0612,8
1791563596,0.0915,8
1791563601,0.1249,8
1791563606,0.1151,8
1791563611,0.0979,8
1791563616,0.1300,8
1791563621,0.1115,8
1791563626,0.1028,8
1791563631,0.1213,8
1791563636,0.1703,8
1791563641,0.1297,8
1791563646,0.1504,8
1791563651,0.1576,8
1791563656,0.1369,8
1791563661,0.1402,8
1791563666,0.1662,8
1791563671,0.1497,8
1791563676,0.1409,8
1791563681,0.1558,8
1791563686,0.1354,8
1791563691,0.1329,8
1791563696,0.1619,8
1791563701,0.0967,8
1791563706,0.1530,8
1791563711,0.1673,8
1791563716,0.1609,8
1791563721,0.1350,8
1791563726,0.1626,8
1791563731,0.1559,8
1791563736,0.1372,8
1791563741,0.1916,8
1791563746,0.1748,8
1791563751,0.1723,8
1791563756,0.1744,8
1791563761,0.1936,8
1791563766,0.1889,8
1791563771,0.1930,8
1791563776,0.2270,8
1791563781,0.2341,8
1791563786,0.2085,8
1791563791,0.2367,8
1791563796,0.2182,8
1791563801,0.2556,8
1791563806,0.2186,8
1791563811,0.2216,8
1791563816,0.2439,8
1791563821,0.2597,8
1791563826,0.2512,8
1791563831,0.2350,8
1791563836,0.2629,8
1791563841,0.2476,8
1791563846,0.2731,8
1791563851,0.2643,8
1791563856,0.2437,8
1791563861,0.2323,8
1791563866,0.2549,8
1791563871,0.2335,8
1791563876,0.2288,8
1791563881,0.1972,8
1791563886,0.2327,8
1791563891,0.1943,8
1791563896,0.1987,8
1791563901,0.2211,8
1791563906,0.2010,8
1791563911,0.1892,8
1791563916,0.2086,8
1791563921,0.1929,8
1791563926,0.2015,8
1791563931,0.2224,8
1791563936,0.2061,8
1791563941,0.1983,8
1791563947,0.2321,8
1791563952,0.2023,8
1791563957,0.2260,8
1791563962,0.2514,8
1791563967,0.2313,8
1791563972,0.2288,8
1791563977,0.2614,8
1791563982,0.2249,8
1791563987,0.2283,8
1791563992,0.2641,8
1791563997,0.2628,8
1791564002,0.2567,8
1791564007,0.2690,8
1791564012,0.2751,8
1791564017,0.2609,8
1791564022,0.2659,8
1791564027,0.2935,8
1791564032,0.3006,8
1791564037,0.3125,8
1791564042,0.3044,8
1791564047,0.2972,8
1791564052,0.2914,8
1791564057,0.3183,8
1791564062,0.2994,8
1791564067,0.3082,8
1791564072,0.3159,8
1791564077,0.2891,8
1791564082,0.3011,8
1791564087,0.3201,8
1791564092,0.2976,8
1791564097,0.2762,8
1791564102,0.2832,8
1791564107,0.2614,8
1791564112,0.2557,8
1791564117,0.2835,8
1791564122,0.2595,8
1791564127,0.2631,8
1791564132,0.2393,8
1791564137,0.2572,8
1791564142,0.2264,8
1791564147,0.2323,8
1791564152,0.2452,8
1791564157,0.2394,8
1791564162,0.2258,8
1791564167,0.2361,8
1791564172,0.1899,8
1791564177,0.1900,8
1791564182,0.2165,8
1791564187,0.1990,8
1791564192,0.1891,8
1791564197,0.2122,8
1791564202,0.1832,8
1791564207,0.1609,8
1791564212,0.1806,8
1791564217,0.1650,8
1791564222,0.1743,8
1791564227,0.1826,8
1791564232,0.1585,8
1791564237,0.1664,8
1791564242,0.1454,8
1791564247,0.1681,8
1791564252,0.1610,8
1791564257,0.1758,8
1791564262,0.1803,8
1791564267,0.1732,8
1791564272,0.1670,8
1791564277,0.1991,8
1791564282,0.1781,8
1791564287,0.1637,8
1791564292,0.1871,8
1791564297,0.1620,8
1791564302,0.1663,8
1791564307,0.1916,8
1791564312,0.1501,8
1791564317,0.1417,8
1791564322,0.1543,8
1791564327,0.1351,8
1791564332,0.1321,8
1791564337,0.1532,8
1791564342,0.1394,8
1791564347,0.1247,8
1791564352,0.1243,8
1791564357,0.1026,8
1791564362,0.0987,8
1791564367,0.1253,8
1791564372,0.0991,8
1791564377,0.1008,8
1791564382,0.1053,8
1791564387,0.0799,8
1791564392,0.0965,8
1791564397,0.1047,8
1791564402,0.1346,8
1791564407,0.1010,8
1791564412,0.1010,8
1791564417,0.1206,8
1791564422,0.0956,8
1791564427,0.1066,8
1791564432,0.1168,8
1791564437,0.0984,8
1791564442,0.0962,8
1791564447,0.1189,8
1791564452,0.0997,8
1791564457,0.0724,8
1791564462,0.0953,8
1791564467,0.0657,8
1791564472,0.0647,8
1791564477,0.0922,8
1791564482,0.0809,8
1791564487,0.0660,8
1791564492,0.0821,8
1791564497,0.0917,8
1791564502,0.1030,8
1791564507,0.1211,8
1791564512,0.1096,8
1791564517,0.1011,8
1791564522,0.1120,8
1791564527,0.1296,8
1791564532,0.1118,8
1791564537,0.1303,8
1791564542,0.1488,8
1791564547,0.1339,8
1791564552,0.1205,8
1791564557,0.1465,8
1791564562,0.1236,8
1791564567,0.1317,8
1791564572,0.1450,8
1791564577,0.1232,8
1791564582,0.1236,8
1791564587,0.1569,8
1791564592,0.1246,8
1791564597,0.1274,8
1791564602,0.1160,8
1791564607,0.1353,8
1791564612,0.1260,8
1791564617,0.1535,8
1791564622,0.1358,8
1791564627,0.1393,8
1791564632,0.1627,8
1791564637,0.1360,8
1791564642,0.1633,8
1791564647,0.1951,8
1791564652,0.1746,8
1791564657,0.1614,8
1791564662,0.1682,8
1791564667,0.1892,8
1791564672,0.1621,8
1791564677,0.1941,8
1791564682,0.2139,8
1791564687,0.1938,8
1791564692,0.1969,8
1791564697,0.2218,8
1791564702,0.2083,8
1791564707,0.2232,8
1791564712,0.2250,8
1791564717,0.2329,8
1791564722,0.2360,8
1791564727,0.2633,8
1791564732,0.2254,8
1791564737,0.2328,8
1791564742,0.2611,8
1791564747,0.2921,8
1791564752,0.2327,8
1791564757,0.2647,8
1791564762,0.2321,8
1791564767,0.2456,8
1791564772,0.2493,8
1791564777,0.2373,8
1791564782,0.1959,8
1791564787,0.2043,8
1791564792,0.2144,8
1791564797,0.1956,8
1791564802,0.1929,8
1791564807,0.2112,8
1791564812,0.1902,8
1791564817,0.1668,8
1791564822,0.2221,8
1791564827,0.1939,8
1791564832,0.2080,8
1791564837,0.2168,8
1791564842,0.1970,8
1791564847,0.2044,8
1791564852,0.2144,8
1791564857,0.2260,8
1791564862,0.2385,8
1791564867,0.2641,8
1791564872,0.2410,8
1791564877,0.2421,8
1791564882,0.2599,8
1791564887,0.2378,8
1791564892,0.2691,8
1791564897,0.2922,8
1791564902,0.2683,8
1791564907,0.2765,8
1791564912,0.2773,8
1791564917,0.3039,8
1791564923,0.2808,8
1791564928,0.2825,8
1791564933,0.3564,8
1791564938,0.3152,8
1791564943,0.3042,8
1791564948,0.3364,8
1791564953,0.3124,8
1791564958,0.3005,8
1791564963,0.3380,8
1791564968,0.3202,8
1791564973,0.3184,8
1791564978,0.3386,8
1791564983,0.3325,8
1791564988,0.3085,8
1791564993,0.3363,8
1791564998,0.2767,8
1791565003,0.2699,8
1791565008,0.3024,8
1791565013,0.2749,8
1791565018,0.2717,8
1791565023,0.2877,8
1791565028,0.2757,8
1791565033,0.2452,8
1791565038,0.2391,8
1791565043,0.2602,8
1791565048,0.2350,8
1791565053,0.2448,8
1791565058,0.2645,8
1791565063,0.2261,8
1791565068,0.2344,8
1791565073,0.2445,8
1791565078,0.1984,8
1791565083,0.2065,8
1791565088,0.2284,8
1791565093,0.2054,8
1791565098,0.2052,8
1791565103,0.2266,8
1791565108,0.1644,8
1791565113,0.1586,8
1791565118,0.1895,8
1791565123,0.1631,8
1791565128,0.1694,8
1791565133,0.1912,8
1791565138,0.1832,8
1791565143,0.1323,8
1791565148,0.1904,8
1791565153,0.1733,8
1791565158,0.1622,8
1791565163,0.1598,8
1791565168,0.1827,8
1791565173,0.1633,8
1791565178,0.1673,8
1791565183,0.1839,8
1791565188,0.1602,8
1791565193,0.1624,8
1791565198,0.1965,8
1791565203,0.1688,8
1791565208,0.1653,8
1791565213,0.1690,8
1791565218,0.1341,8
1791565223,0.1382,8
1791565228,0.1526,8
1791565233,0.1345,8
1791565238,0.1314,8
1791565243,0.1524,8
1791565248,0.1301,8
1791565253,0.0979,8
1791565258,0.1253,8
1791565263,0.0971,8
1791565268,0.0942,8
1791565273,0.1103,8
1791565278,0.0947,8
1791565283,0.0855,8
1791565288,0.0674,8
1791565293,0.1152,8
1791565298,0.0967,8
1791565303,0.0949,8
1791565308,0.1178,8
1791565313,0.0927,8
1791565318,0.1032,8
1791565323,0.1140,8
1791565328,0.1091,8
1791565333,0.0993,8
1791565338,0.1203,8
1791565343,0.0913,8
1791565348,0.1051,8
1791565353,0.1190,8
1791565358,0.0744,8
1791565363,0.0658,8
1791565368,0.0853,8
1791565373,0.0590,8
1791565378,0.0862,8
1791565383,0.0845,8
1791565388,0.0688,8
1791565393,0.0688,8
1791565398,0.1076,8
1791565403,0.1011,8
1791565408,0.0889,8
1791565413,0.1046,8
1791565418,0.1007,8
1791565423,0.0988,8
1791565428,0.0985,8
1791565433,0.1400,8
1791565438,0.1225,8
1791565443,0.1365,8
1791565448,0.1502,8
1791565453,0.1230,8
1791565458,0.1219,8
1791565463,0.1487,8
1791565468,0.1263,8
1791565473,0.1213,8
1791565478,0.1452,8
1791565483,0.1209,8
1791565488,0.1261,8
1791565493,0.1473,8
1791565498,0.1326,8
1791565503,0.1132,8
1791565508,0.1504,8
1791565513,0.1290,8
1791565518,0.1292,8
1791565523,0.1525,8
1791565528,0.1344,8
1791565533,0.1296,8
1791565538,0.1617,8
1791565543,0.1539,8
1791565548,0.1740,8
1791565553,0.1643,8
1791565558,0.1746,8
1791565563,0.1721,8
1791565568,0.1676,8
1791565573,0.1776,8
1791565578,0.1844,8
1791565583,0.1960,8
1791565588,0.2174,8
1791565593,0.1976,8
1791565598,0.1997,8
1791565603,0.2285,8
1791565608,0.2076,8
1791565613,0.2277,8
1791565618,0.2465,8
1791565623,0.2409,8
1791565628,0.2282,8
1791565633,0.2526,8
1791565638,0.2207,8
1791565643,0.2237,8
1791565648,0.2771,8
1791565653,0.2246,8
1791565658,0.2215,8
1791565663,0.2447,8
1791565668,0.2313,8
1791565673,0.2229,8
1791565678,0.2598,8
1791565683,0.2069,8
1791565688,0.2133,8
1791565693,0.1903,8
1791565698,0.2188,8
1791565703,0.1965,8
1791565708,0.1960,8
1791565713,0.2171,8
1791565718,0.1733,8
1791565723,0.1876,8
1791565728,0.2208,8
1791565733,0.1994,8
1791565738,0.1941,8
1791565743,0.2188,8
1791565748,0.2042,8
1791565753,0.1961,8
1791565758,0.2483,8
1791565763,0.2440,8
1791565768,0.2451,8
1791565773,0.2685,8
1791565778,0.2428,8
1791565783,0.2369,8
1791565788,0.2620,8
1791565793,0.2539,8
1791565798,0.2824,8
1791565803,0.2978,8
1791565808,0.2972,8
1791565813,0.2883,8
1791565818,0.2874,8
1791565823,0.2988,8
1791565828,0.2689,8
1791565833,0.3092,8
1791565838,0.3370,8
1791565843,0.3180,8
1791565848,0.3065,8
1791565853,0.3348,8
1791565858,0.3211,8
1791565863,0.3239,8
1791565868,0.3486,8
1791565873,0.3078,8
1791565878,0.3102,8
1791565883,0.3342,8
1791565888,0.3052,8
1791565893,0.3083,8
1791565898,0.3127,8
1791565903,0.2766,8
1791565909,0.2631,8
1791565914,0.2849,8
1791565919,0.2620,8
1791565924,0.2683,8
1791565929,0.3050,8
1791565934,0.2584,8
1791565939,0.2409,8
1791565944,0.2294,8
1791565949,0.2581,8
1791565954,0.2331,8
1791565959,0.2309,8
1791565964,0.2617,8
1791565969,0.2277,8
1791565974,0.2000,8
1791565979,0.2258,8
1791565984,0.2013,8
1791565989,0.2012,8
1791565994,0.2352,8
1791565999,0.2082,8
1791566004,0.2049,8
1791566009,0.1982,8
1791566014,0.1754,8
1791566019,0.1805,8
1791566024,0.1991,8
1791566029,0.1678,8
1791566034,0.1715,8
1791566039,0.1976,8
1791566044,0.1416,8
1791566049,0.1646,8
1791566054,0.1940,8
1791566059,0.1614,8
1791566064,0.1565,8
1791566069,0.1630,8
1791566074,0.1846,8
1791566079,0.1649,8
1791566084,0.1635,8
1791566089,0.1886,8
1791566094,0.1722,8
1791566099,0.1725,8
1791566104,0.2003,8
1791566109,0.1683,8
1791566114,0.1583,8
1791566119,0.1571,8
1791566124,0.1258,8
1791566129,0.1307,8
1791566134,0.1537,8
1791566139,0.1269,8
1791566144,0.1294,8
1791566149,0.1445,8
1791566154,0.0948,8
1791566159,0.0907,8
1791566164,0.1178,8
1791566169,0.0990,8
1791566174,0.1067,8
1791566179,0.1273,8
1791566184,0.0948,8
1791566189,0.0595,8
1791566194,0.1117,8
1791566199,0.1116,8
1791566204,0.0956,8
1791566209,0.0942,8
1791566214,0.1171,8
1791566219,0.0953,8
1791566224,0.1000,8
1791566229,0.1249,8
1791566234,0.1097,8
1791566239,0.0925,8
1791566244,0.1165,8
1791566249,0.0997,8
1791566254,0.0950,8
1791566259,0.0919,8
1791566264,0.0701,8
1791566269,0.0612,8
1791566274,0.0830,8
1791566279,0.0663,8
1791566284,0.0578,8
1791566289,0.0846,8
1791566294,0.0799,8
1791566299,0.0786,8
1791566304,0.1127,8
1791566309,0.0922,8
1791566314,0.0922,8
1791566319,0.1185,8
1791566324,0.0951,8
1791566329,0.0948,8
1791566334,0.1160,8
1791566339,0.1469,8
1791566344,0.1304,8
1791566349,0.1295,8
1791566354,0.1421,8
1791566359,0.1332,8
1791566364,0.1233,8
1791566369,0.1473,8
1791566374,0.1308,8
1791566379,0.1267,8
1791566384,0.1438,8
1791566389,0.1290,8
1791566394,0.1308,8
1791566399,0.1547,8
1791566404,0.0987,8
1791566409,0.1286,8
1791566414,0.1532,8
1791566419,0.1381,8
1791566424,0.1272,8
1791566429,0.1545,8
1791566434,0.1399,8
1791566439,0.1273,8
1791566444,0.1767,8
1791566449,0.1604,8
1791566454,0.1712,8
1791566459,0.1825,8
1791566464,0.1747,8
1791566469,0.1638,8
1791566474,0.1665,8
1791566479,0.2177,8
1791566484,0.2103,8
1791566489,0.2120,8
1791566494,0.2179,8
1791566499,0.2075,8
1791566504,0.2068,8
1791566509,0.2161,8
1791566514,0.2187,8
1791566519,0.2322,8
1791566524,0.2522,8
1791566529,0.2253,8
1791566534,0.2292,8
1791566539,0.2672,8
1791566544,0.2270,8
1791566549,0.2602,8
1791566554,0.2682,8
1791566559,0.2324,8
1791566564,0.2370,8
1791566569,0.2585,8
1791566574,0.2293,8
1791566579,0.2288,8
1791566584,0.2351,8
1791566589,0.2015,8
1791566594,0.1904,8
1791566599,0.2160,8
1791566604,0.2118,8
1791566609,0.1995,8
1791566614,0.2075,8
1791566619,0.2007,8
1791566624,0.1838,8
1791566629,0.1985,8
1791566634,0.2158,8
1791566639,0.1940,8
1791566644,0.2027,8
1791566649,0.2201,8
1791566654,0.1932,8
1791566659,0.2173,8
1791566664,0.2792,8
1791566669,0.2407,8
1791566674,0.2455,8
1791566679,0.2727,8
1791566684,0.2467,8
1791566689,0.2445,8
1791566694,0.2836,8
1791566699,0.3000,8
1791566704,0.2935,8
1791566709,0.3290,8
1791566714,0.3145,8
1791566719,0.2894,8
1791566724,0.3150,8
1791566729,0.3177,8
1791566734,0.3432,8
1791566739,0.3121,8
1791566744,0.3375,8
1791566749,0.3185,8
1791566754,0.3108,8
1791566759,0.3378,8
1791566764,0.3153,8
1791566769,0.3133,8
1791566774,0.3519,8
1791566779,0.3375,8
1791566784,0.3382,8
1791566789,0.3421,8
1791566794,0.3109,8
1791566799,0.2853,8
1791566804,0.2992,8
1791566809,0.2714,8
1791566814,0.2722,8
1791566819,0.2930,8
1791566824,0.2671,8
1791566829,0.2730,8
1791566834,0.2843,8
1791566839,0.2392,8
1791566844,0.2489,8
1791566849,0.2297,8
1791566854,0.2555,8
1791566859,0.2403,8
1791566864,0.2341,8
1791566869,0.2487,8
1791566874,0.2052,8
1791566879,0.1953,8
1791566884,0.2337,8
1791566889,0.1979,8
1791566895,0.2104,8
1791566900,0.2308,8
1791566905,0.2064,8
1791566910,0.1760,8
1791566915,0.1930,8
1791566920,0.1699,8
1791566925,0.1636,8
1791566930,0.1921,8
1791566935,0.1805,8
1791566940,0.1690,8
1791566945,0.1626,8
1791566950,0.1610,8
1791566955,0.1585,8
1791566960,0.1916,8
1791566965,0.1663,8
1791566970,0.1770,8
1791566975,0.1742,8
1791566980,0.1827,8
1791566985,0.1721,8
1791566990,0.1656,8
1791566995,0.1894,8
1791567000,0.1610,8
1791567005,0.1699,8
1791567010,0.1969,8
1791567015,0.1575,8
1791567020,0.1327,8
1791567025,0.1642,8
1791567030,0.1356,8
1791567035,0.1410,8
1791567040,0.1523,8
1791567045,0.1345,8
1791567050,0.1211,8
1791567055,0.1209,8
1791567060,0.0939,8
1791567065,0.0995,8
1791567070,0.1179,8
1791567075,0.0986,8
1791567080,0.0972,8
1791567085,0.1210,8
1791567090,0.0675,8
1791567095,0.1049,8
1791567100,0.1085,8
1791567105,0.1121,8
1791567110,0.0996,8
1791567115,0.1052,8
1791567120,0.1231,8
1791567125,0.1044,8
1791567130,0.1147,8
1791567135,0.1210,8
1791567140,0.0990,8
1791567145,0.0990,8
1791567150,0.1330,8
1791567155,0.1007,8
1791567160,0.0760,8
1791567165,0.0900,8
1791567170,0.0569,8
1791567175,0.0612,8
1791567180,0.0842,8
1791567185,0.0652,8
1791567190,0.0647,8
1791567195,0.0904,8
1791567200,0.0913,8
1791567205,0.0985,8
1791567210,0.1166,8
1791567215,0.1084,8
1791567220,0.1010,8
1791567225,0.1218,8
1791567230,0.1013,8
1791567235,0.1098,8
1791567240,0.1323,8
1791567245,0.1518,8
1791567250,0.1319,8
1791567255,0.1285,8
1791567260,0.1528,8
1791567265,0.1311,8
1791567270,0.1277,8
1791567275,0.1687,8
1791567280,0.1336,8
1791567285,0.1319,8
1791567290,0.1536,8
1791567295,0.1247,8
1791567300,0.1265,8
1791567305,0.1290,8
1791567310,0.1282,8
1791567315,0.1371,8
1791567320,0.1621,8
1791567325,0.1382,8
1791567330,0.1381,8
1791567335,0.1835,8
1791567340,0.1290,8
1791567345,0.1584,8
1791567350,0.1872,8
1791567355,0.1702,8
1791567360,0.1608,8
1791567365,0.1773,8
1791567370,0.1763,8
1791567375,0.1601,8
1791567380,0.1860,8
1791567385,0.2229,8
1791567390,0.1932,8
1791567395,0.2170,8
1791567400,0.2234,8
1791567405,0.1946,8
1791567410,0.1994,8
1791567415,0.2378,8
1791567420,0.2697,8
1791567425,0.2428,8
1791567430,0.2944,8
1791567435,0.2419,8
1791567440,0.2430,8
1791567445,0.2554,8
1791567450,0.2333,8
1791567455,0.2631,8
1791567460,0.2675,8
1791567465,0.2409,8
1791567470,0.2308,8
1791567475,0.2637,8
1791567480,0.2329,8
1791567485,0.2176,8
1791567490,0.2193,8
1791567495,0.2148,8
1791567500,0.2022,8
1791567505,0.1973,8
1791567510,0.2209,8
1791567515,0.2136,8
1791567520,0.1925,8
1791567525,0.2200,8
1791567530,0.2216,8
1791567535,0.2068,8
1791567540,0.2375,8
1791567545,0.2199,8
1791567550,0.2093,8
1791567555,0.2441,8
1791567560,0.2338,8
1791567565,0.2524,8
1791567570,0.2739,8
1791567575,0.2620,8
1791567580,0.2817,8
1791567585,0.2860,8
1791567590,0.2516,8
1791567595,0.2581,8
1791567600,0.3344,8
1791567605,0.2900,8
1791567610,0.2768,8
1791567615,0.2970,8
1791567620,0.3109,8
1791567625,0.2881,8
1791567630,0.2911,8
1791567635,0.3742,8
1791567640,0.3531,8
1791567645,0.3404,8
1791567650,0.3479,8
1791567655,0.3290,8
1791567660,0.3542,8
1791567665,0.3915,8
1791567670,0.3137,8
1791567675,0.3159,8
1791567680,0.3510,8
1791567685,0.3187,8
1791567690,0.3095,8
1791567695,0.3439,8
1791567700,0.3159,8
1791567705,0.2833,8
1791567710,0.3077,8
1791567715,0.2772,8
1791567720,0.2758,8
1791567725,0.3020,8
1791567730,0.2862,8
1791567735,0.2714,8
1791567740,0.2443,8
1791567745,0.2664,8
1791567750,0.2417,8
1791567755,0.2461,8
1791567760,0.2639,8
1791567765,0.2458,8
1791567770,0.2311,8
1791567775,0.2252,8
1791567780,0.2061,8
1791567785,0.2072,8
1791567790,0.2251,8
1791567795,0.2099,8
1791567800,0.2101,8
1791567805,0.2368,8
1791567810,0.1704,8
1791567815,0.1796,8
1791567820,0.1933,8
1791567825,0.1885,8
1791567830,0.1786,8
1791567835,0.2004,8
1791567840,0.1713,8
1791567845,0.1515,8
1791567850,0.1807,8
1791567855,0.1796,8
1791567861,0.1672,8
1791567866,0.1675,8
1791567871,0.1893,8
1791567876,0.1703,8
1791567881,0.1727,8
1791567886,0.2059,8
1791567891,0.1614,8
1791567896,0.1684,8
1791567901,0.1864,8
1791567906,0.1696,8
1791567911,0.1656,8
1791567916,0.1883,8
1791567921,0.1366,8
1791567926,0.1325,8
1791567931,0.1511,8
1791567936,0.1328,8
1791567941,0.1296,8
1791567946,0.1713,8
1791567951,0.1373,8
1791567956,0.1092,8
1791567961,0.1223,8
1791567966,0.1046,8
1791567971,0.0982,8
1791567976,0.1230,8
1791567981,0.1017,8
1791567986,0.1023,8
1791567991,0.0617,8
1791567996,0.1211,8
1791568001,0.0916,8
1791568006,0.1060,8
1791568011,0.1155,8
1791568016,0.1030,8
1791568021,0.0961,8
1791568026,0.1241,8
1791568031,0.1124,8
1791568036,0.1040,8
1791568041,0.1191,8
1791568046,0.1034,8
1791568051,0.1018,8
1791568056,0.1226,8
1791568061,0.0759,8
1791568066,0.0744,8
1791568071,0.0943,8
1791568076,0.0662,8
1791568081,0.0693,8
1791568086,0.0993,8
1791568091,0.0601,8
1791568096,0.0615,8
1791568101,0.0979,8
1791568106,0.0960,8
1791568111,0.0920,8
1791568116,0.1075,8
1791568121,0.1077,8
1791568126,0.1003,8
1791568131,0.1113,8
1791568136,0.1215,8
1791568141,0.1366,8
1791568146,0.1364,8
1791568151,0.1466,8
1791568156,0.1266,8
1791568161,0.1284,8
1791568166,0.1547,8
1791568171,0.1271,8
1791568176,0.1419,8
1791568181,0.1522,8
1791568186,0.1342,8
1791568191,0.1403,8
1791568196,0.1527,8
1791568201,0.1336,8
1791568206,0.1099,8
1791568211,0.1444,8
1791568216,0.1311,8
1791568221,0.1378,8
1791568226,0.1565,8
1791568231,0.1435,8
1791568236,0.1358,8
1791568241,0.1493,8
1791568246,0.1619,8
1791568251,0.1872,8
1791568256,0.1670,8
1791568261,0.1918,8
1791568266,0.1735,8
1791568271,0.1624,8
1791568276,0.1833,8
1791568281,0.1794,8
1791568286,0.1940,8
1791568291,0.2246,8
1791568296,0.2073,8
1791568301,0.1992,8
1791568306,0.2458,8
1791568311,0.2258,8
1791568316,0.2029,8
1791568321,0.2827,8
1791568326,0.2625,8
1791568331,0.2557,8
1791568336,0.2798,8
1791568341,0.2599,8
1791568346,0.2709,8
1791568351,0.2970,8
1791568356,0.2651,8
1791568361,0.2469,8
1791568366,0.2981,8
1791568371,0.2492,8
1791568376,0.2744,8
1791568381,0.2815,8
1791568386,0.2809,8
1791568391,0.2028,8
1791568396,0.2024,8
1791568401,0.2400,8
1791568406,0.2033,8
1791568411,0.2042,8
1791568416,0.2357,8
1791568421,0.1868,8
1791568426,0.1948,8
1791568431,0.2389,8
1791568436,0.2300,8
1791568441,0.2124,8
1791568446,0.2440,8
1791568451,0.2153,8
1791568456,0.2118,8
1791568461,0.2513,8
1791568466,0.2562,8
1791568471,0.2468,8
1791568476,0.2798,8
1791568481,0.2438,8
1791568486,0.2477,8
1791568491,0.2753,8
1791568496,0.2667,8
1791568501,0.2983,8
1791568506,0.2923,8
1791568511,0.3039,8
1791568516,0.2761,8
1791568521,0.2798,8
1791568526,0.2961,8
1791568531,0.2811,8
1791568536,0.3469,8
1791568541,0.3760,8
1791568546,0.3468,8
1791568551,0.3326,8
1791568556,0.3791,8
1791568561,0.3343,8
1791568566,0.3400,8
1791568571,0.3578,8
1791568576,0.3343,8
1791568581,0.3461,8
1791568586,0.3657,8
1791568591,0.3359,8
1791568596,0.3400,8
1791568601,0.3298,8
1791568606,0.2946,8
1791568611,0.2788,8
1791568616,0.2847,8
1791568621,0.3018,8
1791568626,0.2882,8
1791568631,0.2805,8
1791568636,0.3100,8
1791568641,0.2599,8
1791568646,0.2434,8
1791568651,0.2638,8
1791568656,0.2458,8
1791568661,0.2578,8
1791568666,0.2764,8
1791568671,0.2453,8
1791568676,0.2034,8
1791568681,0.2472,8
1791568686,0.2053,8
1791568691,0.1999,8
1791568696,0.2339,8
1791568701,0.2032,8
1791568706,0.2094,8
1791568711,0.2049,8
1791568716,0.1717,8
1791568721,0.1736,8
1791568726,0.1920,8
1791568731,0.1619,8
1791568736,0.1699,8
1791568741,0.1749,8
1791568746,0.1667,8
1791568751,0.1546,8
1791568756,0.1660,8
1791568761,0.1902,8
1791568766,0.1649,8
1791568771,0.1674,8
1791568776,0.1912,8
1791568781,0.1676,8
1791568786,0.1758,8
1791568791,0.1954,8
1791568796,0.1695,8
1791568801,0.1823,8
1791568806,0.2051,8
1791568811,0.1784,8
1791568816,0.1670,8
1791568822,0.1555,8
1791568827,0.1321,8
1791568832,0.1393,8
1791568837,0.1614,8
1791568842,0.1347,8
1791568847,0.1362,8
1791568852,0.1559,8
1791568857,0.1014,8
1791568862,0.1120,8
1791568867,0.1067,8
1791568872,0.1130,8
1791568877,0.0972,8
1791568882,0.0987,8
1791568887,0.1194,8
1791568892,0.0672,8
1791568897,0.0962,8
1791568902,0.1141,8
1791568907,0.1012,8
1791568912,0.0958,8
1791568917,0.1177,8
1791568922,0.0953,8
1791568927,0.1116,8
1791568932,0.1237,8
1791568937,0.1069,8
1791568942,0.0964,8
1791568947,0.1180,8
1791568952,0.1145,8
1791568957,0.0993,8
1791568962,0.1062,8
1791568967,0.0696,8
1791568972,0.0615,8
1791568977,0.0815,8
1791568982,0.0723,8
1791568987,0.0737,8
1791568992,0.0726,8
1791568997,0.0770,8
1791569002,0.0812,8
1791569007,0.0958,8
1791569012,0.1144,8
1791569017,0.0938,8
1791569022,0.0963,8
1791569027,0.1274,8
1791569032,0.1108,8
1791569037,0.0972,8
1791569042,0.1583,8
1791569047,0.1423,8
1791569052,0.1260,8
1791569057,0.1506,8
1791569062,0.1257,8
1791569067,0.1287,8
1791569072,0.1518,8
1791569077,0.1333,8
1791569082,0.1268,8
1791569087,0.1506,8
1791569092,0.1255,8
1791569097,0.1302,8
1791569102,0.1491,8
1791569107,0.1235,8
1791569112,0.1242,8
1791569117,0.1558,8
1791569122,0.1217,8
1791569127,0.1382,8
1791569132,0.1452,8
1791569137,0.1509,8
1791569142,0.1359,8
1791569147,0.1638,8
1791569152,0.1890,8
1791569157,0.1697,8
1791569162,0.1648,8
1791569167,0.2044,8
1791569172,0.1660,8
1791569177,0.1730,8
1791569182,0.2040,8
1791569187,0.1971,8
1791569192,0.2024,8
1791569197,0.2292,8
1791569202,0.2053,8
1791569207,0.2094,8
1791569212,0.2180,8
1791569217,0.2061,8
1791569222,0.2516,8
1791569227,0.2683,8
1791569232,0.2535,8
1791569237,0.2456,8
1791569242,0.2763,8
1791569247,0.2527,8
1791569252,0.2518,8
1791569257,0.2705,8
1791569262,0.2844,8
1791569267,0.3026,8
1791569272,0.2503,8
1791569277,0.2759,8
1791569282,0.2572,8
1791569287,0.2398,8
1791569292,0.2530,8
1791569297,0.2198,8
1791569302,0.2141,8
1791569307,0.2384,8
1791569312,0.2216,8
1791569317,0.2173,8
1791569322,0.2224,8
1791569327,0.1975,8
1791569332,0.2256,8
1791569337,0.2441,8
1791569342,0.2249,8
1791569347,0.2277,8
1791569352,0.2524,8
1791569357,0.2152,8
1791569362,0.2364,8
1791569367,0.2894,8
1791569372,0.2712,8
1791569377,0.2569,8
1791569382,0.2606,8
1791569387,0.2820,8
1791569392,0.2639,8
1791569397,0.2541,8
1791569402,0.3350,8
1791569407,0.2951,8
1791569412,0.3114,8
1791569417,0.3258,8
1791569422,0.2850,8
1791569427,0.3030,8
1791569432,0.3286,8
1791569437,0.3410,8
1791569442,0.3429,8
1791569447,0.3666,8
1791569452,0.3399,8
1791569457,0.3368,8
1791569462,0.3680,8
1791569467,0.3313,8
1791569472,0.3521,8
1791569477,0.4777,8
1791569482,0.3382,8
1791569487,0.3357,8
1791569492,0.3419,8
1791569497,0.3387,8
1791569502,0.3134,8
1791569507,0.2891,8
1791569512,0.3147,8
1791569517,0.2922,8
1791569522,0.2863,8
1791569527,0.3171,8
1791569532,0.2912,8
1791569537,0.3049,8
1791569542,0.2843,8
1791569547,0.2502,8
1791569552,0.2501,8
1791569557,0.2730,8
1791569562,0.2453,8
1791569567,0.2496,8
1791569572,0.2744,8
1791569577,0.2164,8
1791569582,0.2230,8
1791569587,0.2390,8
1791569592,0.2118,8
1791569597,0.2319,8
1791569602,0.2278,8
1791569607,0.2211,8
1791569612,0.1900,8
1791569617,0.1782,8
1791569622,0.1979,8
1791569627,0.1726,8
1791569632,0.1755,8
1791569637,0.2033,8
1791569642,0.1862,8
1791569647,0.1578,8
1791569652,0.1987,8
1791569657,0.1822,8
1791569662,0.1966,8
1791569667,0.2079,8
1791569672,0.1880,8
1791569677,0.1833,8
1791569682,0.2027,8
1791569687,0.1846,8
1791569692,0.1824,8
1791569697,0.1987,8
1791569702,0.1845,8
1791569707,0.1771,8
1791569712,0.2094,8
1791569717,0.1751,8
1791569722,0.1529,8
1791569727,0.1415,8
1791569732,0.1607,8
1791569737,0.1425,8
1791569742,0.1397,8
1791569747,0.1616,8
1791569752,0.1415,8
1791569757,0.1043,8
1791569762,0.1329,8
1791569768,0.1047,8
1791569773,0.1019,8
1791569778,0.1253,8
1791569783,0.1170,8
1791569788,0.0984,8
1791569793,0.0973,8
1791569798,0.0949,8
1791569803,0.1000,8
1791569808,0.1207,8
1791569813,0.0983,8
1791569818,0.1078,8
1791569823,0.1362,8
1791569828,0.1044,8
1791569833,0.1251,8
1791569838,0.1394,8
1791569843,0.1336,8
1791569848,0.0999,8
1791569853,0.1117,8
1791569858,0.1166,8
1791569863,0.0927,8
1791569868,0.0738,8
1791569873,0.0870,8
1791569878,0.0657,8
1791569883,0.0806,8
1791569888,0.0871,8
1791569893,0.0679,8
1791569898,0.0841,8
1791569903,0.0976,8
1791569908,0.1361,8
1791569913,0.1046,8
1791569918,0.1255,8
1791569923,0.1045,8
1791569928,0.1061,8
1791569933,0.1186,8
1791569938,0.1021,8
1791569943,0.1487,8
1791569948,0.1608,8
1791569953,0.1343,8
1791569958,0.1340,8
1791569963,0.1559,8
1791569968,0.1844,8
1791569973,0.1383,8
1791569978,0.1537,8
1791569983,0.1502,8
1791569988,0.1376,8
1791569993,0.1382,8
1791569998,0.1619,8
1791570003,0.1447,8
1791570008,0.1180,8
1791570013,0.1493,8
1791570018,0.1336,8
1791570023,0.1350,8
1791570028,0.1712,8
1791570033,0.1357,8
1791570038,0.1373,8
1791570043,0.1626,8
1791570048,0.1587,8
1791570053,0.1767,8
1791570058,0.1970,8
1791570063,0.1846,8
1791570068,0.1763,8
1791570073,0.2042,8
1791570078,0.1769,8
1791570083,0.1843,8
1791570088,0.2533,8
1791570093,0.2143,8
1791570098,0.2111,8
1791570103,0.2220,8
1791570108,0.2248,8
1791570113,0.2165,8
1791570118,0.2157,8
1791570123,0.2879,8
1791570128,0.2550,8
1791570133,0.2528,8
1791570138,0.3180,8
1791570143,0.2518,8
1791570148,0.2419,8
1791570153,0.2864,8
1791570158,0.2490,8
1791570163,0.2582,8
1791570168,0.3007,8
1791570173,0.2709,8
1791570178,0.2526,8
1791570183,0.2924,8
1791570188,0.2296,8
1791570193,0.2078,8
1791570198,0.2382,8
1791570203,0.2046,8
1791570208,0.2089,8
1791570213,0.2546,8
1791570218,0.2080,8
1791570223,0.1997,8
1791570228,0.1961,8
1791570233,0.2504,8
1791570238,0.2268,8
1791570243,0.2349,8
1791570248,0.2495,8
1791570253,0.2247,8
1791570258,0.2288,8
1791570263,0.2524,8
1791570268,0.2602,8
1791570273,0.2791,8
1791570278,0.2794,8
1791570283,0.2626,8
1791570288,0.2636,8
1791570293,0.2947,8
1791570298,0.2566,8
1791570303,0.3072,8
1791570308,0.3226,8
1791570313,0.2916,8
1791570318,0.2936,8
1791570323,0.3298,8
1791570328,0.2979,8
1791570333,0.3171,8
1791570338,0.3615,8
1791570343,0.3597,8
1791570348,0.3426,8
1791570353,0.3435,8
1791570358,0.3747,8
1791570363,0.3466,8
1791570368,0.3488,8
1791570373,0.3832,8
1791570378,0.3398,8
1791570383,0.3488,8
1791570388,0.3781,8
1791570393,0.3460,8
1791570398,0.3498,8
1791570403,0.3548,8
1791570408,0.2917,8
1791570413,0.2920,8
1791570418,0.3159,8
1791570423,0.2994,8
1791570428,0.2871,8
1791570433,0.3105,8
1791570438,0.2940,8
1791570443,0.2557,8
1791570448,0.2692,8
1791570453,0.2607,8
1791570458,0.2657,8
1791570463,0.2520,8
1791570468,0.2769,8
1791570473,0.2552,8
1791570478,0.2133,8
1791570483,0.2402,8
1791570488,0.2122,8
1791570493,0.2101,8
1791570498,0.2395,8
1791570503,0.2152,8
1791570508,0.2077,8
1791570513,0.2138,8
1791570518,0.2367,8
1791570523,0.1756,8
1791570528,0.1924,8
1791570533,0.1730,8
1791570538,0.1719,8
1791570543,0.1997,8
1791570548,0.1638,8
1791570553,0.1559,8
1791570558,0.1979,8
1791570563,0.1719,8
1791570568,0.1724,8
1791570573,0.1849,8
1791570578,0.1909,8
1791570583,0.1700,8
1791570588,0.1818,8
1791570593,0.1971,8
1791570598,0.1738,8
1791570603,0.1849,8
1791570608,0.2062,8
1791570613,0.1786,8
1791570618,0.1754,8
1791570623,0.1666,8
1791570628,0.1396,8
1791570633,0.1391,8
1791570638,0.1636,8
1791570643,0.1504,8
1791570648,0.1432,8
1791570653,0.1644,8
1791570658,0.1013,8
1791570663,0.1064,8
1791570668,0.1178,8
1791570673,0.0991,8
1791570678,0.1031,8
1791570683,0.1321,8
1791570688,0.0974,8
1791570693,0.0791,8
1791570699,0.1067,8
1791570704,0.1206,8
1791570709,0.1012,8
1791570714,0.0974,8
1791570719,0.1258,8
1791570724,0.1076,8
1791570729,0.1034,8
1791570734,0.1253,8
1791570739,0.1051,8
1791570744,0.0991,8
1791570749,0.1186,8
1791570754,0.0989,8
1791570759,0.0954,8
1791570764,0.1325,8
1791570769,0.0736,8
1791570774,0.0630,8
1791570779,0.0845,8
1791570784,0.0676,8
1791570789,0.0647,8
1791570794,0.0902,8
1791570799,0.0716,8
1791570804,0.0742,8
1791570809,0.1242,8
1791570814,0.1009,8
1791570819,0.0958,8
1791570824,0.1222,8
1791570829,0.1142,8
1791570834,0.1014,8
1791570839,0.0956,8
1791570844,0.1637,8
1791570849,0.1342,8
1791570854,0.1334,8
1791570859,0.1569,8
1791570864,0.1343,8
1791570869,0.1392,8
1791570874,0.1607,8
1791570879,0.1350,8
1791570884,0.1408,8
1791570889,0.1600,8
1791570894,0.1309,8
1791570899,0.1330,8
1791570904,0.1588,8
1791570909,0.1183,8
1791570914,0.1148,8
1791570919,0.1591,8
1791570924,0.1419,8
1791570929,0.1391,8
1791570934,0.1627,8
1791570939,0.1533,8
1791570944,0.1383,8
1791570949,0.1640,8
1791570954,0.1950,8
1791570959,0.1772,8
1791570964,0.1757,8
1791570969,0.1929,8
1791570974,0.1721,8
1791570979,0.1806,8
1791570984,0.1996,8
1791570989,0.2148,8
1791570994,0.2255,8
1791570999,0.2322,8
1791571004,0.2235,8
1791571009,0.2250,8
1791571014,0.2229,8
1791571019,0.2000,8
1791571024,0.2469,8
1791571029,0.2736,8
1791571034,0.2517,8
1791571039,0.2519,8
1791571044,0.2702,8
1791571049,0.2544,8
1791571054,0.2802,8
1791571059,0.2586,8
1791571064,0.2549,8
1791571069,0.2600,8
1791571074,0.2431,8
1791571079,0.2711,8
1791571084,0.2539,8
1791571089,0.2380,8
1791571094,0.2455,8
1791571099,0.2121,8
1791571104,0.2105,8
1791571109,0.2377,8
1791571114,0.2188,8
1791571119,0.2086,8
1791571124,0.2299,8
1791571129,0.1930,8
1791571134,0.2079,8
1791571139,0.2260,8
1791571144,0.2149,8
1791571149,0.2082,8
1791571154,0.2316,8
1791571159,0.2110,8
1791571164,0.2081,8
1791571169,0.2835,8
1791571174,0.2453,8
1791571179,0.2420,8
1791571184,0.2542,8
1791571189,0.2638,8
1791571194,0.2588,8
1791571199,0.2497,8
1791571204,0.3121,8
1791571209,0.2947,8
1791571214,0.3010,8
1791571219,0.3231,8
1791571224,0.2982,8
1791571229,0.3023,8
1791571234,0.3385,8
1791571239,0.3524,8
1791571244,0.3325,8
1791571249,0.3528,8
1791571254,0.3431,8
1791571259,0.3316,8
1791571264,0.3621,8
1791571269,0.3239,8
1791571274,0.3293,8
1791571279,0.3517,8
1791571284,0.3113,8
1791571289,0.3219,8
1791571294,0.3590,8
1791571299,0.3249,8
1791571304,0.3156,8
1791571309,0.2915,8
1791571314,0.3409,8
1791571319,0.3007,8
1791571324,0.3042,8
1791571329,0.3238,8
1791571334,0.3030,8
1791571339,0.2957,8
1791571344,0.2737,8
1791571349,0.2538,8
1791571354,0.2567,8
1791571359,0.2793,8
1791571364,0.2554,8
1791571369,0.2602,8
1791571374,0.2955,8
1791571379,0.2268,8
1791571384,0.2261,8
1791571389,0.2469,8
1791571394,0.2141,8
1791571399,0.2148,8
1791571404,0.2439,8
1791571409,0.2211,8
1791571414,0.2012,8
1791571419,0.1869,8
1791571424,0.1982,8
1791571429,0.1778,8
1791571434,0.1807,8
1791571439,0.2163,8
1791571444,0.1912,8
1791571449,0.1697,8
1791571454,0.1876,8
1791571459,0.1888,8
1791571464,0.1800,8
1791571469,0.2107,8
1791571474,0.1966,8
1791571479,0.1856,8
1791571484,0.2165,8
1791571489,0.1951,8
1791571494,0.1854,8
1791571499,0.2236,8
1791571504,0.1941,8
1791571509,0.1845,8
1791571514,0.2158,8
1791571519,0.1926,8
1791571524,0.1424,8
1791571529,0.1533,8
1791571534,0.1557,8
1791571539,0.1410,8
1791571544,0.1366,8
1791571549,0.1561,8
1791571554,0.1368,8
1791571559,0.1206,8
1791571564,0.1334,8
1791571569,0.1009,8
1791571574,0.1043,8
1791571579,0.1238,8
1791571584,0.1055,8
1791571589,0.0948,8
1791571594,0.1127,8
1791571599,0.0828,8
1791571604,0.0960,8
1791571609,0.1231,8
1791571614,0.1006,8
1791571619,0.1097,8
1791571624,0.1250,8
1791571629,0.1021,8
1791571635,0.1021,8
1791571640,0.1247,8
1791571645,0.1003,8
1791571650,0.0990,8
1791571655,0.1232,8
1791571660,0.1049,8
1791571665,0.1023,8
1791571670,0.0753,8
1791571675,0.0872,8
1791571680,0.0868,8
1791571685,0.0696,8
1791571690,0.0865,8
1791571695,0.0674,8
1791571700,0.0704,8
1791571705,0.0933,8
1791571710,0.0965,8
1791571715,0.1049,8
1791571720,0.1215,8
1791571725,0.1001,8
1791571730,0.1031,8
1791571735,0.1188,8
1791571740,0.0987,8
1791571745,0.1531,8
1791571750,0.1553,8
1791571755,0.1350,8
1791571760,0.1344,8
1791571765,0.1569,8
1791571770,0.1325,8
1791571775,0.1422,8
1791571780,0.1489,8
1791571785,0.1420,8
1791571790,0.1420,8
1791571795,0.1399,8
1791571800,0.1636,8
1791571805,0.1568,8
1791571810,0.1302,8
1791571815,0.1411,8
1791571820,0.1504,8
1791571825,0.1540,8
1791571830,0.1696,8
1791571835,0.1480,8
1791571840,0.1391,8
1791571845,0.1607,8
1791571850,0.1423,8
1791571855,0.1820,8
1791571860,0.1983,8
1791571865,0.1985,8
1791571870,0.1746,8
1791571875,0.2025,8
1791571880,0.1676,8
1791571885,0.1754,8
1791571890,0.2330,8
1791571895,0.2144,8
1791571900,0.1993,8
1791571905,0.2316,8
1791571910,0.2365,8
1791571915,0.2241,8
1791571920,0.2199,8
1791571925,0.2882,8
1791571930,0.2577,8
1791571935,0.2694,8
1791571940,0.3208,8
1791571945,0.2562,8
1791571950,0.2623,8
1791571955,0.2851,8
1791571960,0.2706,8
1791571965,0.2646,8
1791571970,0.3074,8
1791571975,0.2737,8
1791571980,0.2603,8
1791571985,0.2841,8
1791571990,0.2508,8
1791571995,0.2110,8
1791572000,0.2309,8
1791572005,0.2067,8
1791572010,0.2028,8
1791572015,0.2345,8
1791572020,0.2037,8
1791572025,0.2078,8
1791572030,0.1812,8
1791572035,0.2316,8
1791572040,0.2058,8
1791572045,0.2129,8
1791572050,0.2390,8
1791572055,0.2129,8
1791572060,0.2125,8
1791572065,0.2345,8
1791572070,0.2412,8
1791572075,0.2519,8
1791572080,0.2646,8
1791572085,0.2491,8
1791572090,0.2449,8
1791572095,0.2657,8
1791572100,0.2414,8
1791572105,0.2802,8
1791572110,0.3146,8
1791572115,0.2758,8
1791572120,0.2793,8
1791572125,0.3100,8
1791572130,0.2758,8
1791572135,0.2794,8
1791572140,0.3219,8
1791572145,0.3250,8
1791572150,0.3200,8
1791572155,0.3274,8
1791572160,0.3466,8
1791572165,0.3356,8
1791572170,0.3346,8
1791572175,0.3549,8
1791572180,0.3277,8
1791572185,0.3152,8
1791572190,0.3476,8
1791572195,0.3293,8
1791572200,0.3119,8
1791572205,0.3437,8
1791572210,0.2889,8
1791572215,0.2847,8
1791572220,0.3073,8
1791572225,0.2849,8
1791572230,0.2903,8
1791572235,0.3079,8
1791572240,0.2806,8
1791572245,0.2469,8
1791572250,0.2717,8
1791572255,0.2428,8
1791572260,0.2371,8
1791572265,0.2423,8
1791572270,0.2641,8
1791572275,0.2451,8
1791572280,0.2266,8
1791572285,0.2512,8
1791572290,0.2088,8
1791572295,0.2248,8
1791572300,0.2422,8
1791572305,0.2083,8
1791572310,0.2104,8
1791572315,0.2247,8
1791572320,0.1748,8
1791572325,0.1783,8
1791572330,0.1989,8
1791572335,0.1735,8
1791572340,0.1682,8
1791572345,0.2037,8
1791572350,0.1655,8
1791572355,0.1682,8
1791572360,0.2087,8
1791572365,0.1784,8
1791572370,0.1737,8
1791572375,0.2038,8
1791572380,0.1811,8
1791572385,0.1718,8
1791572390,0.1756,8
1791572395,0.2081,8
1791572400,0.1733,8
1791572405,0.1803,8
1791572410,0.2041,8
1791572415,0.1869,8
1791572420,0.1744,8
1791572425,0.1604,8
1791572430,0.1340,8
1791572435,0.1451,8
1791572440,0.1559,8
1791572445,0.1337,8
1791572450,0.1368,8
1791572455,0.1625,8
1791572460,0.1062,8
1791572465,0.1135,8
1791572470,0.1192,8
1791572475,0.1140,8
1791572480,0.1000,8
1791572485,0.1231,8
1791572490,0.0965,8
1791572495,0.0879,8
1791572500,0.1019,8
1791572505,0.1080,8
1791572510,0.1009,8
1791572515,0.1011,8
1791572520,0.1253,8
1791572525,0.1145,8
1791572530,0.0985,8
1791572535,0.1273,8
1791572540,0.1225,8
1791572545,0.1059,8
1791572550,0.1221,8
1791572555,0.1116,8
1791572560,0.1081,8
1791572565,0.1270,8
1791572570,0.0634,8
1791572576,0.0667,8
1791572581,0.0871,8
1791572586,0.0797,8
1791572591,0.0666,8
1791572596,0.0859,8
1791572601,0.0717,8
1791572606,0.0596,8
1791572611,0.1146,8
1791572616,0.1040,8
1791572621,0.0971,8
1791572626,0.1205,8
1791572631,0.1001,8
1791572636,0.0994,8
1791572641,0.1050,8
1791572646,0.1581,8
1791572651,0.1331,8
1791572656,0.1395,8
1791572661,0.1660,8
1791572666,0.1341,8
1791572671,0.1300,8
1791572676,0.1582,8
1791572681,0.1291,8
1791572686,0.1319,8
1791572691,0.1508,8
1791572696,0.1303,8
1791572701,0.1303,8
1791572706,0.1591,8
1791572711,0.1213,8
1791572716,0.1065,8
1791572721,0.1701,8
1791572726,0.1381,8
1791572731,0.1318,8
1791572736,0.1670,8
1791572741,0.1332,8
1791572746,0.1361,8
1791572751,0.1684,8
1791572756,0.1813,8
1791572761,0.1636,8
1791572766,0.1736,8
1791572771,0.1913,8
1791572776,0.1708,8
1791572781,0.1805,8
1791572786,0.1921,8
1791572791,0.2185,8
1791572796,0.2206,8
1791572801,0.2317,8
1791572806,0.2108,8
1791572811,0.2204,8
1791572816,0.2289,8
1791572821,0.2104,8
1791572826,0.2413,8
1791572831,0.2683,8
1791572836,0.2567,8
1791572841,0.2709,8
1791572846,0.2872,8
1791572851,0.2417,8
1791572856,0.2452,8
1791572861,0.2723,8
1791572866,0.2392,8
1791572871,0.2489,8
1791572876,0.2748,8
1791572881,0.2467,8
1791572886,0.2501,8
1791572891,0.2399,8
1791572896,0.2428,8
1791572901,0.2124,8
1791572906,0.2239,8
1791572911,0.2339,8
1791572916,0.2089,8
1791572921,0.2042,8
1791572926,0.2364,8
1791572931,0.1701,8
1791572936,0.2204,8
1791572941,0.2242,8
1791572946,0.2133,8
1791572951,0.2046,8
1791572956,0.2326,8
1791572961,0.2087,8
1791572966,0.2164,8
1791572971,0.2665,8
1791572976,0.2479,8
1791572981,0.2428,8
1791572986,0.2672,8
1791572991,0.2458,8
1791572996,0.2429,8
1791573001,0.2753,8
1791573006,0.2782,8
1791573011,0.2849,8
1791573016,0.2905,8
1791573021,0.3155,8
1791573026,0.3092,8
1791573031,0.2836,8
1791573036,0.3131,8
1791573041,0.3074,8
1791573046,0.3444,8
1791573051,0.3760,8
1791573056,0.3393,8
1791573061,0.3444,8
1791573066,0.3520,8
1791573071,0.3246,8
1791573076,0.3319,8
1791573081,0.3564,8
1791573086,0.3261,8
1791573091,0.3432,8
1791573096,0.3563,8
1791573101,0.3210,8
1791573106,0.3155,8
1791573111,0.3145,8
1791573116,0.2914,8
1791573121,0.2812,8
1791573126,0.3048,8
1791573131,0.3097,8
1791573136,0.2857,8
1791573141,0.2934,8
1791573146,0.2830,8
1791573151,0.2607,8
1791573156,0.2495,8
1791573161,0.2665,8
1791573166,0.2456,8
1791573171,0.2465,8
1791573176,0.2719,8
1791573181,0.2316,8
1791573186,0.2132,8
1791573191,0.2328,8
1791573196,0.2163,8
1791573201,0.2157,8
1791573206,0.2454,8
1791573211,0.2229,8
1791573216,0.2011,8
1791573221,0.1990,8
1791573226,0.1849,8
1791573231,0.1819,8
1791573236,0.2021,8
1791573241,0.1842,8
1791573246,0.1921,8
1791573251,0.1673,8
1791573256,0.1686,8
1791573261,0.1800,8
1791573266,0.1679,8
1791573271,0.2081,8
1791573276,0.1804,8
1791573281,0.1677,8
1791573286,0.1903,8
1791573291,0.1728,8
1791573296,0.1829,8
1791573301,0.1980,8
1791573306,0.1781,8
1791573311,0.1715,8
1791573316,0.2023,8
1791573321,0.1714,8
1791573326,0.1410,8
1791573331,0.1600,8
1791573336,0.1484,8
1791573341,0.1371,8
1791573346,0.1589,8
1791573351,0.1340,8
1791573356,0.1431,8
1791573361,0.1333,8
1791573366,0.1190,8
1791573371,0.0972,8
1791573376,0.1001,8
1791573381,0.1252,8
1791573386,0.1036,8
1791573391,0.1014,8
1791573396,0.1281,8
1791573401,0.0793,8
1791573406,0.1018,8
1791573411,0.1213,8
1791573416,0.0985,8
1791573421,0.0946,8
1791573426,0.1274,8
1791573431,0.0940,8
1791573436,0.1041,8
1791573441,0.1245,8
1791573446,0.1024,8
1791573451,0.0965,8
1791573456,0.1349,8
1791573461,0.0979,8
1791573466,0.1050,8
1791573471,0.0945,8
1791573476,0.0778,8
1791573481,0.0632,8
1791573486,0.0861,8
1791573491,0.0641,8
1791573496,0.0686,8
1791573501,0.0673,8
1791573506,0.0934,8
1791573512,0.0959,8
1791573517,0.1182,8
1791573522,0.1228,8
1791573527,0.1035,8
1791573532,0.0982,8
1791573537,0.1227,8
1791573542,0.1053,8
1791573547,0.1335,8
1791573552,0.1581,8
1791573557,0.1428,8
1791573562,0.1336,8
1791573567,0.1584,8
1791573572,0.1357,8
1791573577,0.1451,8
1791573582,0.1575,8
1791573587,0.1382,8
1791573592,0.1352,8
1791573597,0.1606,8
1791573602,0.1347,8
1791573607,0.1382,8
1791573612,0.1411,8
1791573617,0.1120,8
1791573622,0.1369,8
1791573627,0.1393,8
1791573632,0.1697,8
1791573637,0.1426,8
1791573642,0.1507,8
1791573647,0.1721,8
1791573652,0.1448,8
1791573657,0.1827,8
1791573662,0.2040,8
1791573667,0.1791,8
1791573672,0.1735,8
1791573677,0.2025,8
1791573682,0.1770,8
1791573687,0.1765,8
1791573692,0.2512,8
1791573697,0.2273,8
1791573702,0.2359,8
1791573707,0.2404,8
1791573712,0.2149,8
1791573717,0.2138,8
1791573722,0.2365,8
1791573727,0.2460,8
1791573732,0.2514,8
1791573737,0.2986,8
1791573742,0.2781,8
1791573747,0.2577,8
1791573752,0.2584,8
1791573757,0.2908,8
1791573762,0.2810,8
1791573767,0.2466,8
1791573772,0.2720,8
1791573777,0.2528,8
1791573782,0.2613,8
1791573787,0.2871,8
1791573792,0.2393,8
1791573797,0.2325,8
1791573802,0.2380,8
1791573807,0.2273,8
1791573812,0.2076,8
1791573817,0.2385,8
1791573822,0.2211,8
1791573827,0.2091,8
1791573832,0.2004,8
1791573837,0.2192,8
1791573842,0.2130,8
1791573847,0.2489,8
1791573852,0.2090,8
1791573857,0.2180,8
1791573862,0.2259,8
1791573867,0.2214,8
1791573872,0.2475,8
1791573877,0.2567,8
1791573882,0.2727,8
1791573887,0.2634,8
1791573892,0.2362,8
1791573897,0.2748,8
1791573902,0.2419,8
1791573907,0.2787,8
1791573912,0.3132,8
1791573917,0.2912,8
1791573922,0.2786,8
1791573927,0.3079,8
1791573932,0.2728,8
1791573937,0.2923,8
1791573942,0.3298,8
1791573947,0.3324,8
1791573952,0.3099,8
1791573957,0.3526,8
1791573962,0.3221,8
1791573967,0.3233,8
1791573972,0.3508,8
1791573977,0.3393,8
1791573982,0.3254,8
1791573987,0.3358,8
1791573992,0.3683,8
1791573997,0.3262,8
1791574002,0.3347,8
1791574007,0.3817,8
1791574012,0.2842,8
1791574017,0.2820,8
1791574022,0.3120,8
1791574027,0.2800,8
1791574032,0.2714,8
1791574037,0.3087,8
1791574042,0.2850,8
1791574047,0.2599,8
1791574052,0.2728,8
1791574057,0.2586,8
1791574062,0.2468,8
1791574067,0.2833,8
1791574072,0.2451,8
1791574077,0.2477,8
1791574082,0.2615,8
1791574087,0.2235,8
1791574092,0.2112,8
1791574097,0.2269,8
1791574102,0.2282,8
1791574107,0.2062,8
1791574112,0.2092,8
1791574117,0.2268,8
1791574122,0.1745,8
1791574127,0.1779,8
1791574132,0.2003,8
1791574137,0.1829,8
1791574142,0.1775,8
1791574147,0.2068,8
1791574152,0.1638,8
1791574157,0.1412,8
1791574162,0.2170,8
1791574167,0.1827,8
1791574172,0.1728,8
1791574177,0.2021,8
1791574182,0.1721,8
1791574187,0.1790,8
1791574192,0.2195,8
1791574197,0.1826,8
1791574202,0.1801,8
1791574207,0.2001,8
1791574212,0.1727,8
1791574217,0.1795,8
1791574222,0.1760,8
1791574227,0.1650,8
1791574232,0.1429,8
1791574237,0.1374,8
1791574242,0.1605,8
1791574247,0.1388,8
1791574252,0.1482,8
1791574257,0.1639,8
1791574262,0.1217,8
1791574267,0.1011,8
1791574272,0.1213,8
1791574277,0.1038,8
1791574282,0.1000,8
1791574287,0.1224,8
1791574292,0.1030,8
1791574297,0.0898,8
1791574302,0.0980,8
1791574307,0.1044,8
1791574312,0.1103,8
1791574317,0.1257,8
1791574322,0.1070,8
1791574327,0.1046,8
1791574332,0.1218,8
1791574337,0.1079,8
1791574342,0.1027,8
1791574347,0.1093,8
1791574352,0.1176,8
1791574357,0.1059,8
1791574362,0.0947,8
1791574367,0.1283,8
1791574372,0.0958,8
1791574377,0.0648,8
1791574382,0.0894,8
1791574387,0.0645,8
1791574392,0.0575,8
1791574397,0.0939,8
1791574402,0.0702,8
1791574407,0.0667,8
1791574412,0.1174,8
1791574417,0.1043,8
1791574422,0.0993,8
1791574427,0.1264,8
1791574432,0.1001,8
1791574437,0.1128,8
1791574442,0.1307,8
1791574447,0.1293,8
1791574452,0.1297,8
1791574458,0.1550,8
1791574463,0.1419,8
1791574468,0.1333,8
1791574473,0.1458,8
1791574478,0.1449,8
1791574483,0.1371,8
1791574488,0.1340,8
1791574493,0.1524,8
1791574498,0.1504,8
1791574503,0.1366,8
1791574508,0.1589,8
1791574513,0.1266,8
1791574518,0.0976,8
1791574523,0.1631,8
1791574528,0.1312,8
1791574533,0.1344,8
1791574538,0.1545,8
1791574543,0.1298,8
1791574548,0.1400,8
1791574553,0.1635,8
1791574558,0.1875,8
1791574563,0.1761,8
1791574568,0.1959,8
1791574573,0.1681,8
1791574578,0.1751,8
1791574583,0.1981,8
1791574588,0.1624,8
1791574593,0.2046,8
1791574598,0.2295,8
1791574603,0.2164,8
1791574608,0.2145,8
1791574613,0.2096,8
1791574618,0.2390,8
1791574623,0.2099,8
1791574628,0.2290,8
1791574633,0.2545,8
1791574638,0.2569,8
1791574643,0.2650,8
1791574648,0.2750,8
1791574653,0.2407,8
1791574658,0.2573,8
1791574663,0.2719,8
1791574668,0.2716,8
1791574673,0.2620,8
1791574678,0.2883,8
1791574683,0.2652,8
1791574688,0.2556,8
1791574693,0.2793,8
1791574698,0.2157,8
1791574703,0.2228,8
1791574708,0.2317,8
1791574713,0.2156,8
1791574718,0.2067,8
1791574723,0.2233,8
1791574728,0.2270,8
1791574733,0.1776,8
1791574738,0.2104,8
1791574743,0.2602,8
1791574748,0.2098,8
1791574753,0.2120,8
1791574758,0.2382,8
1791574763,0.2148,8
1791574768,0.2071,8
1791574773,0.2677,8
1791574778,0.2613,8
1791574783,0.2526,8
1791574788,0.2796,8
1791574793,0.2538,8
1791574798,0.2592,8
1791574803,0.3005,8
1791574808,0.2813,8
1791574813,0.2895,8
1791574818,0.3186,8
1791574823,0.2866,8
1791574828,0.2788,8
1791574833,0.2996,8
1791574838,0.2901,8
1791574843,0.2983,8
1791574848,0.3388,8
1791574853,0.3558,8
1791574858,0.3178,8
1791574863,0.3897,8
1791574868,0.3715,8
1791574873,0.3380,8
1791574878,0.3326,8
1791574883,0.3831,8
1791574888,0.3357,8
1791574893,0.3542,8
1791574898,0.3757,8
1791574903,0.3317,8
1791574908,0.3340,8
1791574913,0.3227,8
1791574918,0.2908,8
1791574923,0.2784,8
1791574928,0.3703,8
1791574933,0.2816,8
1791574938,0.2929,8
1791574943,0.3077,8
1791574948,0.2604,8
1791574953,0.2515,8
1791574958,0.2515,8
1791574963,0.2662,8
1791574968,0.2488,8
1791574973,0.2472,8
1791574978,0.2784,8
1791574983,0.2299,8
1791574988,0.2222,8
1791574993,0.2312,8
1791574998,0.2186,8
1791575003,0.2170,8
1791575008,0.2364,8
1791575013,0.2117,8
1791575018,0.2075,8
1791575023,0.1984,8
1791575028,0.1761,8
1791575033,0.1673,8
1791575038,0.1970,8
1791575043,0.1753,8
1791575048,0.1914,8
1791575053,0.1909,8
1791575058,0.1334,8
1791575063,0.1769,8
1791575068,0.1904,8
1791575073,0.1808,8
1791575078,0.1740,8
1791575083,0.1672,8
1791575088,0.2005,8
1791575093,0.1773,8
1791575098,0.1775,8
1791575103,0.1960,8
1791575108,0.1750,8
1791575113,0.1879,8
1791575118,0.2076,8
1791575123,0.1699,8
1791575128,0.1499,8
1791575133,0.1701,8
1791575138,0.1402,8
1791575143,0.1387,8
1791575148,0.1575,8
1791575153,0.1344,8
1791575158,0.1360,8
1791575163,0.1500,8
1791575168,0.1045,8
1791575173,0.1068,8
1791575178,0.1188,8
1791575183,0.1018,8
1791575188,0.0962,8
1791575193,0.1097,8
1791575198,0.1097,8
1791575203,0.0652,8
1791575208,0.1053,8
1791575213,0.1255,8
1791575218,0.0969,8
1791575223,0.1058,8
1791575228,0.1314,8
1791575233,0.1099,8
1791575238,0.1021,8
1791575243,0.1239,8
1791575248,0.0969,8
1791575253,0.1042,8
1791575258,0.1287,8
1791575263,0.1069,8
1791575268,0.0979,8
1791575273,0.0946,8
1791575278,0.0667,8
1791575283,0.0717,8
1791575288,0.0985,8
1791575293,0.0788,8
1791575298,0.0642,8
1791575303,0.0850,8
1791575308,0.0622,8
1791575313,0.0895,8
1791575318,0.1096,8
1791575323,0.1084,8
1791575328,0.0999,8
1791575333,0.1044,8
1791575338,0.1223,8
1791575343,0.1011,8
1791575348,0.1272,8
1791575353,0.1613,8
1791575358,0.1540,8
1791575363,0.1364,8
1791575368,0.1573,8
1791575373,0.1373,8
1791575378,0.1384,8
1791575383,0.1634,8
1791575388,0.1378,8
1791575393,0.1361,8
1791575399,0.1578,8
1791575404,0.1401,8
1791575409,0.1383,8
1791575414,0.1570,8
1791575419,0.1130,8
1791575424,0.1428,8
1791575429,0.1628,8
1791575434,0.1458,8
1791575439,0.1476,8
1791575444,0.1441,8
1791575449,0.1621,8
1791575454,0.1302,8
1791575459,0.1646,8
1791575464,0.1952,8
1791575469,0.1728,8
1791575474,0.1741,8
1791575479,0.2220,8
1791575484,0.1802,8
1791575489,0.1727,8
1791575494,0.2265,8
1791575499,0.2063,8
1791575504,0.2072,8
1791575509,0.2364,8
1791575514,0.2119,8
1791575519,0.2068,8
1791575524,0.2390,8
1791575529,0.2299,8
1791575534,0.2491,8
1791575539,0.3358,8
1791575544,0.2534,8
1791575549,0.2478,8
1791575554,0.2954,8
1791575559,0.2468,8
1791575564,0.2413,8
1791575569,0.2448,8
1791575574,0.2670,8
1791575579,0.2472,8
1791575584,0.2544,8
1791575589,0.2810,8
1791575594,0.2510,8
1791575599,0.2383,8
1791575604,0.2630,8
1791575609,0.2131,8
1791575614,0.2123,8
1791575619,0.2404,8
1791575624,0.2151,8
1791575629,0.2173,8
1791575634,0.2071,8
1791575639,0.2169,8
1791575644,0.2303,8
1791575649,0.2450,8
1791575654,0.2257,8
1791575659,0.2238,8
1791575664,0.3115,8
1791575669,0.2231,8
1791575674,0.2520,8
1791575679,0.2810,8
1791575684,0.2782,8
1791575689,0.2638,8
1791575694,0.2585,8
1791575699,0.2852,8
1791575704,0.2696,8
1791575709,0.2761,8
1791575714,0.3187,8
1791575719,0.2960,8
1791575724,0.3082,8
1791575729,0.3210,8
1791575734,0.3139,8
1791575739,0.2887,8
1791575744,0.3248,8
1791575749,0.3484,8
1791575754,0.3441,8
1791575759,0.3810,8
1791575764,0.3337,8
1791575769,0.3504,8
1791575774,0.3699,8
1791575779,0.3594,8
1791575784,0.3477,8
1791575789,0.3591,8
1791575794,0.3466,8
1791575799,0.3351,8
1791575804,0.3227,8
1791575809,0.3561,8
1791575814,0.2923,8
1791575819,0.2871,8
1791575824,0.3216,8
1791575829,0.2892,8
1791575834,0.2822,8
1791575839,0.3132,8
1791575844,0.2918,8
1791575849,0.2743,8
1791575854,0.2770,8
1791575859,0.2486,8
1791575864,0.2472,8
1791575869,0.2766,8
1791575874,0.2484,8
1791575879,0.2438,8
1791575884,0.2596,8
1791575889,0.2111,8
1791575894,0.1990,8
1791575899,0.2410,8
1791575904,0.2056,8
1791575909,0.2159,8
1791575914,0.2147,8
1791575919,0.2332,8
1791575924,0.1730,8
1791575929,0.1672,8
1791575934,0.1952,8
1791575939,0.1700,8
1791575944,0.1770,8
1791575949,0.1959,8
1791575954,0.1742,8
1791575959,0.1408,8
1791575964,0.1947,8
1791575969,0.1922,8
1791575974,0.1810,8
1791575979,0.1991,8
1791575984,0.1723,8
1791575989,0.1786,8
1791575994,0.1959,8
1791575999,0.1716,8
1791576004,0.1714,8
1791576009,0.1978,8
1791576014,0.1713,8
1791576019,0.1725,8
1791576024,0.1974,8
1791576029,0.1522,8
1791576034,0.1502,8
1791576039,0.1371,8
1791576044,0.1524,8
1791576049,0.1339,8
1791576054,0.1348,8
1791576059,0.1546,8
1791576064,0.1270,8
1791576069,0.1032,8
1791576074,0.1203,8
1791576079,0.1018,8
1791576084,0.1000,8
1791576089,0.1211,8
1791576094,0.1138,8
1791576099,0.1011,8
1791576104,0.0892,8
1791576109,0.1027,8
1791576114,0.1043,8
1791576119,0.1225,8
1791576124,0.1069,8
1791576129,0.1084,8
1791576134,0.1228,8
1791576139,0.0985,8
1791576144,0.1031,8
1791576149,0.1207,8
1791576154,0.1216,8
1791576159,0.1111,8
1791576164,0.1012,8
1791576169,0.1305,8
1791576174,0.0783,8
1791576179,0.0666,8
1791576184,0.0948,8
1791576189,0.0724,8
1791576194,0.0600,8
1791576199,0.0948,8
1791576204,0.0646,8
1791576209,0.0619,8
1791576214,0.1211,8
1791576219,0.0990,8
1791576224,0.0951,8
1791576229,0.1269,8
1791576234,0.1169,8
1791576239,0.0950,8
1791576244,0.1289,8
1791576249,0.1153,8
1791576254,0.1380,8
1791576259,0.1568,8
1791576264,0.1343,8
1791576269,0.1348,8
1791576274,0.1620,8
1791576279,0.1457,8
1791576284,0.1356,8
1791576289,0.1531,8
1791576294,0.1531,8
1791576299,0.1319,8
1791576304,0.1417,8
1791576309,0.1675,8
1791576314,0.1319,8
1791576319,0.1091,8
1791576324,0.1615,8
1791576329,0.1270,8
1791576334,0.1381,8
1791576339,0.1687,8
1791576345,0.1338,8
1791576350,0.1346,8
1791576355,0.1603,8
1791576360,0.1638,8
1791576365,0.1753,8
1791576370,0.1981,8
1791576375,0.1788,8
1791576380,0.1835,8
1791576385,0.2005,8
1791576390,0.1704,8
1791576395,0.1909,8
1791576400,0.2567,8
1791576405,0.2050,8
1791576410,0.2060,8
1791576415,0.2177,8
1791576420,0.2243,8
1791576425,0.2125,8
1791576430,0.2285,8
1791576435,0.2706,8
1791576440,0.2690,8
1791576445,0.2601,8
1791576450,0.2847,8
1791576455,0.2494,8
1791576460,0.2621,8
1791576465,0.2766,8
1791576470,0.2747,8
1791576475,0.2517,8
1791576480,0.2780,8
1791576485,0.2546,8
1791576490,0.2427,8
1791576495,0.2738,8
1791576500,0.2121,8
1791576505,0.2192,8
1791576510,0.2312,8
1791576515,0.2078,8
1791576520,0.2076,8
1791576525,0.2415,8
1791576530,0.2076,8
1791576535,0.1906,8
1791576540,0.2125,8
1791576545,0.2464,8
1791576550,0.2243,8
1791576555,0.2292,8
1791576560,0.2504,8
1791576565,0.2271,8
1791576570,0.2288,8
1791576575,0.2780,8
1791576580,0.2656,8
1791576585,0.2745,8
1791576590,0.2848,8
1791576595,0.2604,8
1791576600,0.2552,8
1791576605,0.2826,8
1791576610,0.2758,8
1791576615,0.2908,8
1791576620,0.3162,8
1791576625,0.2946,8
1791576630,0.2933,8
1791576635,0.3183,8
1791576640,0.3034,8
1791576645,0.3133,8
1791576650,0.3879,8
1791576655,0.3680,8
1791576660,0.3405,8
1791576665,0.3822,8
1791576670,0.4104,8
1791576675,0.3374,8
1791576680,0.3388,8
1791576685,0.3662,8
1791576690,0.3326,8
1791576695,0.3383,8
1791576700,0.3510,8
1791576705,0.3434,8
1791576710,0.3206,8
1791576715,0.3287,8
1791576720,0.2903,8
1791576725,0.2877,8
1791576730,0.3161,8
1791576735,0.2867,8
1791576740,0.2953,8
1791576745,0.3193,8
1791576750,0.2722,8
1791576755,0.2540,8
1791576760,0.2771,8
1791576765,0.2521,8
1791576770,0.2584,8
1791576775,0.2459,8
1791576780,0.2672,8
1791576785,0.2369,8
1791576790,0.2209,8
1791576795,0.2511,8
1791576800,0.2290,8
1791576805,0.2185,8
1791576810,0.2470,8
1791576815,0.2235,8
1791576820,0.2135,8
1791576825,0.1992,8
1791576830,0.1914,8
1791576835,0.1823,8
1791576840,0.2017,8
1791576845,0.1872,8
1791576850,0.1753,8
1791576855,0.2048,8
1791576860,0.1518,8
1791576865,0.1827,8
1791576870,0.2058,8
1791576875,0.1814,8
1791576880,0.1740,8
1791576885,0.2009,8
1791576890,0.2008,8
1791576895,0.1750,8
1791576900,0.1759,8
1791576905,0.2124,8
1791576910,0.1800,8
1791576915,0.1816,8
1791576920,0.2042,8
1791576925,0.1743,8
1791576930,0.1616,8
1791576935,0.1677,8
1791576940,0.1410,8
1791576945,0.1377,8
1791576950,0.1717,8
1791576955,0.1432,8
1791576960,0.1406,8
1791576965,0.1581,8
1791576970,0.1023,8
1791576975,0.1043,8
1791576980,0.1302,8
1791576985,0.1010,8
1791576990,0.1030,8
1791576995,0.1242,8
1791577000,0.0960,8
1791577005,0.0642,8
1791577010,0.1287,8
1791577015,0.1236,8
1791577020,0.0980,8
1791577025,0.1151,8
1791577030,0.1202,8
1791577035,0.0991,8
1791577040,0.1042,8
1791577045,0.1242,8
1791577050,0.0978,8
1791577055,0.1102,8
1791577060,0.1272,8
1791577065,0.0992,8
1791577070,0.1086,8
1791577075,0.1121,8
1791577080,0.0639,8
1791577085,0.0745,8
1791577090,0.0971,8
1791577095,0.0610,8
1791577100,0.0640,8
1791577105,0.0952,8
1791577110,0.0631,8
1791577115,0.0828,8
1791577120,0.1213,8
1791577125,0.1015,8
1791577130,0.1070,8
1791577135,0.1335,8
1791577140,0.1139,8
1791577145,0.1078,8
1791577150,0.1103,8
1791577155,0.1602,8
1791577160,0.1362,8
1791577165,0.1396,8
1791577170,0.1550,8
1791577175,0.1385,8
1791577180,0.1359,8
1791577185,0.1547,8
1791577190,0.1418,8
1791577195,0.1506,8
1791577200,0.1598,8
1791577205,0.1419,8
1791577210,0.1399,8
1791577215,0.1613,8
1791577220,0.1102,8
1791577225,0.1401,8
1791577230,0.1674,8
1791577235,0.1480,8
1791577240,0.1517,8
1791577245,0.1632,8
1791577250,0.1439,8
1791577255,0.1459,8
1791577260,0.1816,8
1791577265,0.2014,8
1791577270,0.1810,8
1791577275,0.1852,8
1791577280,0.2193,8
1791577286,0.1872,8
1791577291,0.1932,8
1791577296,0.2319,8
1791577301,0.2149,8
1791577306,0.2227,8
1791577311,0.2419,8
1791577316,0.2246,8
1791577321,0.2235,8
1791577326,0.2662,8
1791577331,0.2283,8
1791577336,0.2709,8
1791577341,0.3167,8
1791577346,0.2625,8
1791577351,0.2588,8
1791577356,0.3124,8
1791577361,0.2495,8
1791577366,0.2559,8
1791577371,0.2938,8
1791577376,0.2500,8
1791577381,0.2692,8
1791577386,0.2679,8
1791577391,0.2708,8
1791577396,0.2621,8
1791577401,0.2199,8
1791577406,0.2371,8
1791577411,0.2112,8
1791577416,0.2170,8
1791577421,0.2331,8
1791577426,0.2129,8
1791577431,0.2159,8
1791577436,0.2167,8
1791577441,0.2224,8
1791577446,0.2301,8
1791577451,0.2506,8
1791577456,0.2230,8
1791577461,0.2178,8
1791577466,0.2519,8
1791577471,0.2177,8
1791577476,0.2451,8
1791577481,0.2834,8
1791577486,0.2509,8
1791577491,0.2436,8
1791577496,0.2671,8
1791577501,0.2650,8
1791577506,0.2539,8
1791577511,0.2554,8
1791577516,0.3240,8
1791577521,0.2908,8
1791577526,0.2920,8
1791577531,0.3095,8
1791577536,0.2999,8
1791577541,0.2910,8
1791577546,0.3073,8
1791577551,0.3454,8
1791577556,0.3381,8
1791577561,0.3652,8
1791577566,0.3757,8
1791577571,0.3393,8
1791577576,0.3780,8
1791577581,0.3548,8
1791577586,0.3417,8
1791577591,0.3726,8
1791577596,0.3257,8
1791577601,0.3202,8
1791577606,0.3442,8
1791577611,0.3318,8
1791577616,0.2987,8
1791577621,0.2876,8
1791577626,0.3429,8
1791577631,0.2933,8
1791577636,0.2884,8
1791577641,0.3198,8
1791577646,0.3017,8
1791577651,0.2811,8
1791577656,0.2856,8
1791577661,0.2608,8
1791577666,0.2483,8
1791577671,0.2746,8
1791577676,0.2543,8
1791577681,0.2550,8
1791577686,0.2897,8
1791577691,0.2168,8
1791577696,0.2100,8
1791577701,0.2453,8
1791577706,0.2166,8
1791577711,0.2100,8
1791577716,0.2319,8
1791577721,0.2037,8
1791577726,0.1759,8
1791577731,0.1844,8
1791577736,0.1866,8
1791577741,0.1738,8
1791577746,0.2013,8
1791577751,0.2026,8
1791577756,0.1724,8
1791577761,0.1433,8
1791577766,0.2052,8
1791577771,0.1761,8
1791577776,0.1768,8
1791577781,0.2043,8
1791577786,0.1777,8
1791577791,0.1784,8
1791577796,0.2036,8
1791577801,0.1734,8
1791577806,0.1885,8
1791577811,0.2125,8
1791577816,0.1761,8
1791577821,0.1776,8
1791577826,0.2039,8
1791577831,0.1568,8
1791577836,0.1447,8
1791577841,0.1625,8
1791577846,0.1485,8
1791577851,0.1409,8
1791577856,0.1447,8
1791577861,0.1627,8
1791577866,0.1390,8
1791577871,0.1196,8
1791577876,0.1298,8
1791577881,0.1042,8
1791577886,0.1081,8
1791577891,0.1206,8
1791577896,0.1061,8
1791577901,0.1041,8
1791577906,0.0913,8
1791577911,0.1050,8
1791577916,0.1036,8
1791577921,0.1242,8
1791577926,0.1155,8
1791577931,0.1233,8
1791577936,0.1248,8
1791577941,0.1108,8
1791577946,0.1100,8
1791577951,0.1257,8
1791577956,0.1082,8
1791577961,0.1058,8
1791577966,0.1265,8
1791577971,0.1128,8
1791577976,0.0836,8
1791577981,0.0625,8
1791577986,0.0978,8
1791577991,0.0769,8
1791577996,0.0636,8
1791578001,0.1002,8
1791578006,0.0821,8
1791578011,0.0641,8
1791578016,0.1109,8
1791578021,0.1032,8
1791578026,0.1065,8
1791578031,0.1309,8
1791578036,0.1142,8
1791578041,0.1110,8
1791578046,0.1359,8
1791578051,0.1020,8
1791578056,0.1600,8
1791578061,0.1638,8
1791578066,0.1414,8
1791578071,0.1366,8
1791578076,0.1641,8
1791578081,0.1342,8
1791578086,0.1365,8
1791578091,0.1490,8
1791578096,0.1528,8
1791578101,0.1358,8
1791578106,0.1423,8
1791578111,0.1659,8
1791578116,0.1579,8
1791578121,0.1132,8
1791578126,0.1567,8
1791578131,0.1373,8
1791578136,0.1441,8
1791578141,0.1603,8
1791578146,0.1417,8
1791578151,0.1437,8
1791578156,0.1749,8
1791578161,0.1691,8
1791578166,0.1884,8
1791578171,0.2074,8
1791578176,0.1931,8
1791578181,0.1901,8
1791578186,0.2199,8
1791578191,0.1757,8
1791578196,0.1984,8
1791578201,0.2320,8
1791578206,0.2282,8
1791578212,0.2133,8
1791578217,0.2278,8
1791578222,0.2392,8
1791578227,0.2414,8
1791578232,0.2255,8
1791578237,0.3308,8
1791578242,0.2644,8
1791578247,0.2642,8
1791578252,0.2846,8
1791578257,0.2906,8
1791578262,0.2660,8
1791578267,0.2944,8
1791578272,0.2636,8
1791578277,0.2612,8
1791578282,0.2900,8
1791578287,0.2651,8
1791578292,0.2582,8
1791578297,0.2947,8
1791578302,0.2401,8
1791578307,0.2302,8
1791578312,0.2397,8
1791578317,0.2215,8
1791578322,0.2104,8
1791578327,0.2226,8
1791578332,0.2421,8
1791578337,0.2053,8
1791578342,0.2107,8
1791578347,0.2631,8
1791578352,0.2255,8
1791578357,0.2282,8
1791578362,0.2643,8
1791578367,0.2214,8
1791578372,0.2217,8
1791578377,0.2794,8
1791578382,0.2527,8
1791578387,0.2532,8
1791578392,0.2821,8
1791578397,0.2608,8
1791578402,0.2628,8
1791578407,0.2858,8
1791578412,0.2575,8
1791578417,0.3223,8
1791578422,0.3628,8
1791578427,0.3119,8
1791578432,0.3006,8
1791578437,0.3269,8
1791578442,0.3358,8
1791578447,0.3255,8
1791578452,0.4032,8
1791578457,0.4512,8
1791578462,0.3614,8
1791578467,0.3684,8
1791578472,0.3893,8
1791578477,0.3663,8
1791578482,0.3921,8
1791578487,0.4189,8
1791578492,0.3701,8
1791578497,0.3590,8
1791578502,0.3632,8
1791578507,0.3455,8
1791578512,0.3439,8
1791578517,0.3591,8
1791578522,0.2988,8
1791578527,0.3039,8
1791578532,0.3308,8
1791578537,0.2978,8
1791578542,0.2998,8
1791578547,0.3259,8
1791578552,0.3107,8
1791578557,0.2629,8
1791578562,0.2503,8
1791578567,0.2907,8
1791578572,0.2504,8
1791578577,0.2628,8
1791578582,0.2820,8
1791578587,0.2572,8
1791578592,0.2174,8
1791578597,0.2548,8
1791578602,0.2186,8
1791578607,0.2359,8
1791578612,0.2330,8
1791578617,0.2258,8
1791578622,0.2113,8
1791578627,0.2111,8
1791578632,0.1805,8
1791578637,0.1776,8
1791578642,0.2023,8
1791578647,0.1818,8
1791578652,0.1745,8
1791578657,0.1852,8
1791578662,0.1847,8
1791578667,0.1823,8
1791578672,0.1820,8
1791578677,0.2076,8
1791578682,0.1782,8
1791578687,0.1822,8
1791578692,0.2072,8
1791578697,0.1810,8
1791578702,0.1840,8
1791578707,0.2063,8
1791578712,0.1736,8
1791578717,0.1777,8
1791578722,0.2025,8
1791578727,0.1856,8
1791578732,0.1818,8
1791578737,0.1702,8
1791578742,0.1389,8
1791578747,0.1468,8
1791578752,0.1683,8
1791578757,0.1404,8
1791578762,0.1452,8
1791578767,0.1487,8
1791578772,0.1144,8
1791578777,0.1079,8
1791578782,0.1033,8
1791578787,0.1309,8
1791578792,0.1205,8
1791578797,0.1037,8
1791578802,0.1330,8
1791578807,0.0754,8
1791578812,0.1117,8
1791578817,0.1233,8
1791578822,0.1000,8
1791578827,0.1047,8
1791578832,0.1235,8
1791578837,0.1031,8
1791578842,0.1051,8
1791578847,0.1361,8
1791578852,0.1262,8
1791578857,0.1021,8
1791578862,0.1250,8
1791578867,0.1040,8
1791578872,0.1059,8
1791578877,0.1287,8
1791578882,0.0677,8
1791578887,0.0674,8
1791578892,0.0682,8
1791578897,0.0861,8
1791578902,0.0687,8
1791578907,0.0838,8
1791578912,0.1003,8
1791578917,0.0813,8
1791578922,0.1001,8
1791578927,0.1290,8
1791578932,0.1052,8
1791578937,0.1088,8
1791578942,0.1230,8
1791578947,0.1144,8
1791578952,0.1018,8
1791578957,0.1714,8
1791578962,0.1361,8
1791578967,0.1375,8
1791578972,0.1589,8
1791578977,0.1521,8
1791578982,0.1338,8
1791578987,0.1596,8
1791578992,0.1395,8
1791578997,0.1352,8
1791579002,0.1684,8
1791579007,0.1391,8
1791579012,0.1319,8
1791579017,0.1401,8
1791579022,0.1314,8
1791579027,0.1292,8
1791579032,0.1424,8
1791579037,0.1789,8
1791579042,0.1417,8
1791579047,0.1444,8
1791579052,0.1661,8
1791579057,0.1332,8
1791579062,0.1642,8
1791579067,0.2139,8
1791579072,0.1835,8
1791579077,0.1843,8
1791579082,0.2012,8
1791579087,0.1662,8
1791579092,0.1747,8
1791579097,0.2380,8
1791579102,0.2102,8
1791579107,0.2139,8
1791579112,0.2671,8
1791579117,0.2107,8
1791579122,0.2077,8
1791579127,0.2559,8
1791579132,0.2269,8
1791579138,0.2707,8
1791579143,0.2904,8
1791579148,0.2879,8
1791579153,0.2618,8
1791579158,0.2780,8
1791579163,0.2829,8
1791579168,0.2687,8
1791579173,0.2599,8
1791579178,0.2829,8
1791579183,0.2592,8
1791579188,0.2591,8
1791579193,0.2812,8
1791579198,0.2665,8
1791579203,0.2348,8
1791579208,0.2433,8
1791579213,0.2188,8
1791579218,0.2235,8
1791579223,0.2584,8
1791579228,0.2142,8
1791579233,0.2122,8
1791579238,0.2189,8
1791579243,0.2106,8
1791579248,0.2257,8
1791579253,0.2137,8
1791579258,0.2538,8
1791579263,0.2210,8
1791579268,0.2241,8
1791579273,0.2428,8
1791579278,0.2375,8
1791579283,0.2718,8
1791579288,0.2892,8
1791579293,0.2554,8
1791579298,0.2631,8
1791579303,0.2846,8
1791579308,0.2609,8
1791579313,0.2573,8
1791579318,0.3291,8
1791579323,0.2971,8
1791579328,0.2967,8
1791579333,0.3169,8
1791579338,0.2909,8
1791579343,0.3046,8
1791579348,0.3143,8
1791579353,0.3349,8
1791579358,0.3395,8
1791579363,0.3481,8
1791579368,0.3973,8
1791579373,0.3407,8
1791579378,0.3870,8
1791579383,0.3598,8
1791579388,0.3375,8
1791579393,0.3379,8
1791579398,0.3461,8
1791579403,0.3138,8
1791579408,0.3144,8
1791579413,0.3288,8
1791579418,0.3028,8
1791579423,0.2679,8
1791579428,0.3004,8
1791579433,0.2640,8
1791579438,0.2744,8
1791579443,0.2995,8
1791579448,0.2789,8
1791579453,0.2611,8
1791579458,0.2604,8
1791579463,0.2292,8
1791579468,0.2389,8
1791579473,0.2355,8
1791579478,0.2530,8
1791579483,0.2422,8
1791579488,0.2335,8
1791579493,0.2255,8
1791579498,0.2022,8
1791579503,0.2000,8
1791579508,0.2221,8
1791579513,0.1986,8
1791579518,0.2022,8
1791579523,0.2248,8
1791579528,0.1869,8
1791579533,0.1652,8
1791579538,0.1934,8
1791579543,0.1678,8
1791579548,0.1753,8
1791579553,0.1870,8
1791579558,0.1678,8
1791579563,0.1538,8
1791579568,0.1825,8
1791579573,0.1716,8
1791579578,0.1765,8
1791579583,0.1940,8
1791579588,0.1828,8
1791579593,0.1680,8
1791579598,0.1848,8
1791579603,0.1876,8
1791579608,0.1813,8
1791579613,0.1703,8
1791579618,0.2030,8
1791579623,0.1649,8
1791579628,0.1712,8
1791579633,0.1903,8
1791579638,0.1316,8
1791579643,0.1321,8
1791579648,0.1717,8
1791579653,0.1359,8
1791579658,0.1388,8
1791579663,0.1562,8
1791579668,0.1380,8
1791579673,0.0979,8
1791579678,0.1262,8
1791579683,0.1010,8
1791579688,0.1010,8
1791579693,0.1235,8
1791579698,0.1003,8
1791579703,0.0985,8
1791579708,0.0964,8
1791579713,0.1059,8
1791579718,0.1012,8
1791579723,0.1104,8
1791579728,0.1012,8
1791579733,0.1036,8
1791579738,0.0967,8
1791579743,0.1196,8
1791579748,0.1087,8
1791579753,0.0944,8
1791579758,0.1174,8
1791579763,0.1018,8
1791579768,0.0951,8
1791579773,0.1227,8
1791579778,0.0843,8
1791579783,0.0635,8
1791579788,0.0955,8
1791579793,0.0666,8
1791579798,0.0683,8
1791579803,0.0795,8
1791579808,0.0624,8
1791579813,0.0612,8
1791579818,0.0887,8
1791579823,0.0960,8
1791579828,0.0963,8
1791579833,0.1313,8
1791579838,0.1061,8
1791579843,0.0966,8
1791579848,0.1292,8
1791579853,0.0879,8
1791579858,0.1395,8
1791579863,0.1409,8
1791579868,0.1457,8
1791579873,0.1266,8
1791579878,0.1368,8
1791579883,0.1442,8
1791579888,0.1275,8
1791579893,0.1409,8
1791579898,0.1591,8
1791579903,0.1314,8
1791579908,0.1367,8
1791579913,0.1494,8
1791579918,0.1300,8
1791579923,0.1117,8
1791579928,0.1411,8
1791579933,0.1336,8
1791579938,0.1460,8
1791579943,0.1606,8
1791579948,0.1373,8
1791579953,0.1331,8
1791579958,0.1732,8
1791579963,0.1414,8
1791579968,0.1625,8
1791579973,0.1860,8
1791579978,0.1702,8
1791579983,0.1627,8
1791579988,0.1863,8
1791579993,0.1726,8
1791579998,0.1781,8
1791580003,0.2022,8
1791580008,0.2300,8
1791580013,0.2068,8
1791580018,0.2104,8
1791580023,0.2190,8
1791580028,0.2010,8
1791580033,0.1931,8
1791580038,0.2579,8
1791580043,0.2330,8
1791580048,0.2328,8
1791580053,0.2549,8
1791580058,0.2392,8
1791580063,0.2504,8
1791580068,0.2647,8
1791580073,0.2464,8
1791580078,0.2553,8
1791580083,0.2672,8
1791580088,0.2486,8
1791580093,0.2440,8
1791580099,0.2659,8
1791580104,0.2314,8
1791580109,0.2090,8
1791580114,0.2320,8
1791580119,0.2057,8
1791580124,0.2018,8
1791580129,0.2061,8
1791580134,0.2280,8
1791580139,0.2125,8
1791580144,0.1935,8
1791580149,0.2311,8
1791580154,0.2093,8
1791580159,0.2075,8
1791580164,0.2226,8
1791580169,0.1958,8
1791580174,0.2003,8
1791580179,0.2265,8
1791580184,0.2369,8
1791580189,0.2365,8
1791580194,0.2505,8
1791580199,0.2320,8
1791580204,0.2470,8
1791580209,0.2636,8
1791580214,0.2318,8
1791580219,0.2738,8
1791580224,0.2851,8
1791580229,0.2655,8
1791580234,0.2697,8
1791580239,0.2988,8
1791580244,0.2746,8
1791580249,0.2728,8
1791580254,0.3321,8
1791580259,0.3532,8
1791580264,0.3709,8
1791580269,0.3189,8
1791580274,0.3494,8
1791580279,0.3402,8
1791580284,0.3323,8
1791580289,0.3489,8
1791580294,0.3297,8
1791580299,0.3572,8
1791580304,0.3609,8
1791580309,0.3224,8
1791580314,0.3630,8
1791580319,0.3426,8
1791580324,0.2967,8
1791580329,0.2902,8
1791580334,0.2974,8
1791580339,0.2838,8
1791580344,0.2806,8
1791580349,0.2985,8
1791580354,0.2788,8
1791580359,0.2475,8
1791580364,0.2564,8
1791580369,0.2515,8
1791580374,0.2409,8
1791580379,0.2442,8
1791580384,0.2808,8
1791580389,0.2468,8
1791580394,0.2161,8
1791580399,0.2440,8
1791580404,0.2104,8
1791580409,0.2076,8
1791580414,0.2310,8
1791580419,0.2193,8
1791580424,0.2066,8
1791580429,0.2053,8
1791580434,0.1698,8
1791580439,0.1713,8
1791580444,0.2054,8
1791580449,0.1839,8
1791580454,0.1661,8
1791580459,0.1952,8
1791580464,0.1567,8
1791580469,0.1588,8
1791580474,0.1998,8
1791580479,0.1747,8
1791580484,0.1728,8
1791580489,0.1814,8
1791580494,0.1894,8
1791580499,0.1772,8
1791580504,0.1874,8
1791580509,0.2141,8
1791580514,0.1746,8
1791580519,0.1785,8
1791580524,0.1940,8
1791580529,0.1665,8
1791580534,0.1631,8
1791580539,0.1533,8
1791580544,0.1314,8
1791580549,0.1308,8
1791580554,0.1521,8
1791580559,0.1342,8
1791580564,0.1371,8
1791580569,0.1641,8
1791580574,0.1049,8
1791580579,0.0978,8
1791580584,0.1203,8
1791580589,0.0936,8
1791580594,0.0967,8
1791580599,0.1184,8
1791580604,0.0955,8
1791580609,0.0742,8
1791580614,0.1024,8
1791580619,0.1041,8
1791580624,0.1029,8
1791580629,0.1172,8
1791580634,0.1421,8
1791580639,0.0990,8
1791580644,0.1008,8
1791580649,0.1388,8
1791580654,0.0915,8
1791580659,0.0882,8
1791580664,0.1124,8
1791580669,0.0930,8
1791580674,0.0950,8
1791580679,0.1076,8
1791580684,0.0638,8
1791580689,0.0618,8
1791580694,0.0945,8
1791580699,0.0598,8
1791580704,0.0657,8
1791580709,0.0917,8
1791580714,0.0654,8
1791580719,0.0660,8
1791580724,0.1212,8
1791580729,0.0946,8
1791580734,0.1054,8
1791580739,0.1236,8
1791580744,0.0986,8
1791580749,0.1074,8
1791580754,0.1101,8
1791580759,0.1452,8
1791580764,0.1282,8
1791580769,0.1339,8
1791580774,0.1554,8
1791580779,0.1314,8
1791580784,0.1273,8
1791580789,0.1485,8
1791580794,0.1224,8
1791580799,0.1299,8
1791580804,0.1527,8
1791580809,0.1292,8
1791580814,0.1353,8
1791580819,0.1487,8
1791580824,0.1104,8
1791580829,0.1130,8
1791580834,0.1493,8
1791580839,0.1370,8
1791580844,0.1367,8
1791580849,0.1490,8
1791580854,0.1283,8
1791580859,0.1266,8
1791580864,0.1684,8
1791580869,0.1659,8
1791580874,0.1743,8
1791580879,0.1808,8
1791580884,0.1667,8
1791580889,0.1612,8
1791580894,0.1644,8
1791580899,0.2070,8
1791580904,0.1954,8
1791580909,0.1940,8
1791580914,0.2196,8
1791580919,0.1877,8
1791580924,0.1945,8
1791580929,0.2156,8
1791580934,0.1891,8
1791580939,0.2454,8
1791580944,0.2529,8
1791580949,0.2291,8
1791580954,0.2390,8
1791580959,0.2567,8
1791580964,0.2387,8
1791580969,0.2462,8
1791580974,0.2906,8
1791580979,0.2327,8
1791580984,0.2648,8
1791580989,0.2599,8
1791580994,0.2359,8
1791580999,0.2572,8
1791581004,0.2544,8
1791581009,0.2103,8
1791581014,0.2048,8
1791581019,0.2081,8
1791581024,0.2206,8
1791581029,0.2030,8
1791581034,0.2033,8
1791581039,0.2146,8
1791581044,0.1745,8
1791581049,0.2064,8
1791581054,0.2239,8
1791581059,0.2260,8
1791581064,0.2131,8
1791581069,0.2248,8
1791581074,0.2152,8
1791581080,0.2104,8
1791581085,0.2720,8
1791581090,0.2420,8
1791581095,0.2425,8
1791581100,0.2582,8
1791581105,0.2420,8
1791581110,0.2426,8
1791581115,0.2703,8
1791581120,0.2854,8
1791581125,0.2780,8
1791581130,0.2968,8
1791581135,0.2800,8
1791581140,0.2757,8
1791581145,0.2877,8
1791581150,0.2841,8
1791581155,0.3120,8
1791581160,0.3149,8
1791581165,0.3454,8
1791581170,0.3233,8
1791581175,0.3154,8
1791581180,0.3471,8
1791581185,0.3477,8
1791581190,0.3501,8
1791581195,0.3405,8
1791581200,0.3048,8
1791581205,0.3131,8
1791581210,0.3356,8
1791581215,0.3059,8
1791581220,0.3050,8
1791581225,0.3091,8
1791581230,0.2631,8
1791581235,0.2696,8
1791581240,0.2902,8
1791581245,0.2920,8
1791581250,0.2683,8
1791581255,0.2959,8
1791581260,0.2331,8
1791581265,0.2355,8
1791581270,0.2371,8
1791581275,0.2498,8
1791581280,0.2291,8
1791581285,0.2332,8
1791581290,0.2524,8
1791581295,0.2120,8
1791581300,0.2061,8
1791581305,0.2475,8
1791581310,0.1953,8
1791581315,0.2008,8
1791581320,0.2245,8
1791581325,0.1954,8
1791581330,0.1822,8
1791581335,0.1912,8
1791581340,0.1634,8
1791581345,0.1649,8
1791581350,0.1959,8
1791581355,0.1661,8
1791581360,0.1645,8
1791581365,0.1864,8
1791581370,0.1499,8
1791581375,0.1748,8
1791581380,0.2016,8
1791581385,0.1755,8
1791581390,0.1799,8
1791581395,0.1859,8
1791581400,0.1909,8
1791581405,0.1855,8
1791581410,0.1706,8
1791581415,0.2013,8
1791581420,0.1817,8
1791581425,0.1865,8
1791581430,0.2043,8
1791581435,0.1847,8
1791581440,0.1321,8
1791581445,0.1532,8
1791581450,0.1274,8
1791581455,0.1307,8
1791581460,0.1522,8
1791581465,0.1296,8
1791581470,0.1370,8
1791581475,0.1236,8
1791581480,0.0994,8
1791581485,0.1015,8
1791581490,0.1354,8
1791581495,0.0967,8
1791581500,0.0930,8
1791581505,0.1169,8
1791581510,0.0751,8
1791581515,0.0903,8
1791581520,0.1196,8
1791581525,0.1020,8
1791581530,0.0923,8
1791581535,0.1058,8
1791581540,0.1121,8
1791581545,0.0961,8
1791581550,0.1113,8
1791581555,0.1252,8
1791581560,0.0909,8
1791581565,0.0947,8
1791581570,0.1141,8
1791581575,0.0908,8
1791581580,0.0905,8
1791581585,0.0860,8
1791581590,0.0614,8
1791581595,0.0590,8
1791581600,0.0803,8
1791581605,0.0636,8
1791581610,0.0842,8
1791581615,0.0826,8
1791581620,0.0592,8
1791581625,0.0921,8
1791581630,0.1186,8
1791581635,0.0954,8
1791581640,0.0979,8
1791581645,0.1189,8
1791581650,0.1042,8
1791581655,0.0926,8
1791581660,0.1287,8
1791581665,0.1474,8
1791581670,0.1332,8
1791581675,0.1298,8
1791581680,0.1431,8
1791581685,0.1252,8
1791581690,0.1271,8
1791581695,0.1526,8
1791581700,0.1222,8
1791581705,0.1311,8
1791581710,0.1449,8
1791581715,0.1267,8
1791581720,0.1300,8
1791581725,0.1386,8
1791581730,0.1051,8
1791581735,0.1418,8
1791581740,0.1520,8
1791581745,0.1266,8
1791581750,0.1298,8
1791581755,0.1487,8
1791581760,0.1318,8
1791581765,0.1343,8
1791581770,0.1968,8
1791581775,0.1602,8
1791581780,0.1656,8
1791581785,0.1833,8
1791581790,0.1710,8
1791581795,0.1814,8
1791581800,0.1842,8
1791581805,0.2308,8
1791581810,0.1946,8
1791581815,0.1939,8
1791581820,0.2160,8
1791581825,0.2018,8
1791581830,0.1970,8
1791581835,0.2195,8
1791581840,0.2266,8
1791581845,0.2345,8
1791581850,0.2500,8
1791581855,0.2482,8
1791581860,0.2274,8
1791581865,0.2519,8
1791581870,0.2321,8
1791581875,0.2479,8
1791581880,0.2723,8
1791581885,0.2578,8
1791581890,0.2331,8
1791581895,0.2562,8
1791581900,0.2301,8
1791581905,0.2251,8
1791581910,0.2237,8
1791581915,0.2216,8
1791581920,0.2101,8
1791581925,0.2008,8
1791581930,0.2287,8
1791581935,0.2068,8
1791581940,0.1995,8
1791581945,0.1897,8
1791581950,0.2150,8
1791581955,0.2020,8
1791581960,0.2384,8
1791581965,0.2130,8
1791581970,0.2069,8
1791581975,0.2327,8
1791581980,0.2121,8
1791581985,0.2427,8
1791581990,0.2678,8
1791581995,0.2364,8
1791582000,0.2378,8
1791582005,0.2619,8
1791582010,0.2360,8
1791582015,0.2430,8
1791582020,0.2972,8
1791582025,0.2735,8
1791582030,0.2581,8
1791582035,0.2907,8
1791582040,0.2843,8
1791582045,0.2611,8
1791582050,0.2705,8
1791582055,0.3136,8
1791582061,0.3102,8
1791582066,0.3171,8
1791582071,0.3348,8
1791582076,0.3076,8
1791582081,0.3180,8
1791582086,0.3547,8
1791582091,0.3206,8
1791582096,0.3186,8
1791582101,0.3655,8
1791582106,0.3087,8
1791582111,0.3084,8
1791582116,0.3368,8
1791582121,0.3058,8
1791582126,0.2808,8
1791582131,0.2963,8
1791582136,0.2707,8
1791582141,0.2670,8
1791582146,0.3004,8
1791582151,0.2610,8
1791582156,0.2684,8
1791582161,0.2461,8
1791582166,0.2595,8
1791582171,0.2349,8
1791582176,0.2265,8
1791582181,0.2590,8
1791582186,0.2387,8
1791582191,0.2350,8
1791582196,0.2339,8
1791582201,0.2002,8
1791582206,0.2047,8
1791582211,0.2156,8
1791582216,0.2003,8
1791582221,0.1933,8
1791582226,0.2380,8
1791582231,0.1900,8
1791582236,0.1716,8
1791582241,0.1865,8
1791582246,0.1770,8
1791582251,0.1694,8
1791582256,0.1847,8
1791582261,0.1678,8
1791582266,0.1636,8
1791582271,0.1697,8
1791582276,0.1667,8
1791582281,0.1602,8
1791582286,0.2014,8
1791582291,0.1740,8
1791582296,0.1695,8
1791582301,0.1726,8
1791582306,0.2087,8
1791582311,0.1740,8
1791582316,0.1673,8
1791582321,0.1936,8
1791582326,0.1801,8
1791582331,0.1765,8
1791582336,0.1965,8
1791582341,0.1315,8
1791582346,0.1539,8
1791582351,0.1552,8
1791582356,0.1348,8
1791582361,0.1265,8
1791582366,0.1546,8
1791582371,0.1331,8
1791582376,0.1122,8
1791582381,0.1301,8
1791582386,0.1040,8
1791582391,0.1031,8
1791582396,0.1336,8
1791582401,0.1002,8
1791582406,0.1010,8
1791582411,0.1032,8
1791582416,0.0800,8
1791582421,0.0981,8
1791582426,0.1101,8
1791582431,0.1158,8
1791582436,0.0936,8
1791582441,0.1087,8
1791582446,0.1310,8
1791582451,0.1061,8
1791582456,0.1096,8
1791582461,0.1151,8
1791582466,0.0922,8
1791582471,0.1157,8
1791582476,0.1153,8
1791582481,0.0938,8
1791582486,0.0677,8
1791582491,0.0874,8
1791582496,0.0592,8
1791582501,0.0612,8
1791582506,0.0904,8
1791582511,0.0686,8
1791582516,0.0642,8
1791582521,0.0883,8
1791582526,0.0903,8
1791582531,0.1079,8
1791582536,0.1165,8
1791582541,0.1057,8
1791582546,0.0996,8
1791582551,0.1098,8
1791582556,0.1057,8
1791582561,0.1194,8
1791582566,0.1323,8
1791582571,0.1522,8
1791582576,0.1317,8
1791582581,0.1271,8
1791582586,0.1524,8
1791582591,0.1471,8
1791582596,0.1436,8
1791582601,0.1518,8
1791582606,0.1343,8
1791582611,0.1334,8
1791582616,0.1566,8
1791582621,0.1370,8
1791582626,0.1273,8
1791582631,0.1289,8
1791582636,0.1446,8
1791582641,0.1325,8
1791582646,0.1515,8
1791582651,0.1439,8
1791582656,0.1378,8
1791582661,0.1621,8
1791582666,0.1320,8
1791582671,0.1671,8
1791582676,0.1894,8
1791582681,0.1699,8
1791582686,0.1655,8
1791582691,0.1620,8
1791582696,0.1912,8
1791582701,0.1691,8
1791582706,0.2104,8
1791582711,0.2266,8
1791582716,0.2073,8
1791582721,0.1973,8
1791582726,0.1816,8
1791582731,0.2276,8
1791582736,0.1945,8
1791582741,0.2310,8
1791582746,0.2634,8
1791582751,0.2304,8
1791582756,0.1427,8
1791582761,0.3333,8
1791582766,0.2240,8
1791582771,0.2266,8
1791582776,0.2907,8
1791582781,0.2304,8
1791582786,0.1971,8
1791582791,0.2709,8
1791582796,0.2422,8
1791582801,0.2392,8
1791582806,0.2565,8
1791582811,0.1955,8
1791582816,0.2007,8
1791582821,0.1981,8
1791582826,0.2107,8
1791582831,0.1949,8
1791582836,0.2079,8
1791582841,0.2177,8
1791582846,0.1691,8
1791582851,0.2025,8
1791582856,0.2166,8
1791582861,0.1971,8
1791582866,0.2047,8
1791582871,0.2103,8
1791582876,0.2079,8
1791582881,0.1942,8
1791582886,0.1983,8
1791582891,0.2270,8
1791582896,0.2525,8
1791582901,0.2336,8
1791582906,0.2610,8
1791582911,0.2266,8
1791582916,0.2607,8
1791582921,0.3015,8
1791582926,0.2882,8
1791582931,0.2741,8
1791582936,0.3037,8
1791582941,0.3068,8
1791582946,0.2902,8
1791582951,0.3107,8
1791582956,0.3093,8
1791582961,0.3217,8
1791582966,0.3402,8
1791582971,0.3123,8
1791582976,0.3187,8
1791582981,0.3359,8
1791582986,0.3078,8
1791582991,0.3236,8
1791582996,0.3365,8
1791583001,0.2682,8
1791583006,0.3080,8
1791583011,0.3320,8
1791583016,0.3379,8
1791583021,0.3379,8
1791583026,0.2881,8
1791583032,0.3092,8
1791583037,0.2832,8
1791583042,0.2712,8
1791583047,0.3067,8
1791583052,0.2814,8
1791583057,0.2776,8
1791583062,0.2636,8
1791583067,0.2376,8
1791583072,0.2232,8
1791583077,0.2557,8
1791583082,0.2341,8
1791583087,0.2528,8
1791583092,0.2537,8
1791583097,0.2195,8
1791583102,0.2103,8
1791583107,0.2170,8
1791583112,0.2058,8
1791583117,0.2046,8
1791583122,0.1962,8
1791583127,0.2288,8
1791583132,0.1840,8
1791583137,0.1691,8
1791583142,0.1802,8
1791583147,0.1784,8
1791583152,0.1662,8
1791583157,0.1924,8
1791583162,0.1700,8
1791583167,0.1747,8
1791583172,0.1613,8
1791583177,0.1778,8
1791583182,0.1663,8
1791583187,0.1917,8
1791583192,0.1682,8
1791583197,0.1697,8
1791583202,0.1884,8
1791583207,0.1848,8
1791583212,0.1695,8
1791583217,0.1883,8
1791583222,0.1654,8
1791583227,0.1696,8
1791583232,0.1815,8
1791583237,0.1719,8
1791583242,0.1398,8
1791583247,0.1330,8
1791583252,0.1472,8
1791583257,0.1375,8
1791583262,0.1319,8
1791583267,0.1665,8
1791583272,0.1323,8
1791583277,0.1194,8
1791583282,0.1212,8
1791583287,0.1050,8
1791583292,0.0986,8
1791583297,0.1222,8
1791583302,0.1020,8
1791583307,0.0958,8
1791583312,0.1052,8
1791583317,0.0784,8
1791583322,0.0909,8
1791583327,0.1300,8
1791583332,0.0852,8
1791583337,0.0944,8
1791583342,0.1137,8
1791583347,0.0998,8
1791583352,0.0974,8
1791583357,0.1197,8
1791583362,0.0966,8
1791583367,0.1030,8
1791583372,0.1020,8
1791583377,0.1233,8
1791583382,0.1010,8
1791583387,0.0637,8
1791583392,0.0969,8
1791583397,0.0718,8
1791583402,0.0560,8
1791583407,0.0839,8
1791583412,0.0636,8
1791583417,0.0619,8
1791583422,0.0810,8
1791583427,0.0964,8
1791583432,0.0926,8
1791583437,0.1189,8
1791583442,0.0968,8
1791583447,0.0963,8
1791583452,0.1324,8
1791583457,0.1060,8
1791583462,0.1191,8
1791583467,0.1435,8
1791583472,0.1248,8
1791583477,0.1279,8
1791583482,0.1418,8
1791583487,0.1309,8
1791583492,0.1220,8
1791583497,0.1532,8
1791583502,0.1261,8
1791583507,0.1281,8
1791583512,0.1470,8
1791583517,0.1425,8
1791583522,0.1210,8
1791583527,0.1265,8
1791583532,0.1222,8
1791583537,0.1269,8
1791583542,0.1275,8
1791583547,0.1543,8
1791583552,0.1242,8
1791583557,0.1335,8
1791583562,0.1544,8
1791583567,0.1320,8
1791583572,0.1846,8
1791583577,0.1862,8
1791583582,0.1648,8
1791583587,0.1709,8
1791583592,0.1808,8
1791583597,0.1621,8
1791583602,0.1636,8
1791583607,0.2141,8
1791583612,0.2020,8
1791583617,0.2185,8
1791583622,0.2323,8
1791583627,0.2086,8
1791583632,0.1891,8
1791583637,0.2323,8
1791583642,0.2151,8
1791583647,0.2370,8
1791583652,0.2339,8
1791583657,0.2576,8
1791583662,0.2289,8
1791583667,0.2454,8
1791583672,0.2549,8
1791583677,0.2722,8
1791583682,0.2438,8
1791583687,0.2695,8
1791583692,0.2493,8
1791583697,0.2528,8
1791583702,0.2535,8
1791583707,0.2428,8
1791583712,0.1979,8
1791583717,0.2312,8
1791583722,0.1955,8
1791583727,0.2040,8
1791583732,0.2302,8
1791583737,0.2090,8
1791583742,0.2141,8
1791583747,0.2061,8
1791583752,0.2051,8
1791583757,0.2262,8
1791583762,0.2200,8
1791583767,0.2095,8
1791583772,0.2076,8
1791583777,0.2141,8
1791583782,0.2275,8
1791583787,0.2405,8
1791583792,0.2356,8
1791583797,0.2559,8
1791583802,0.2336,8
1791583807,0.2348,8
1791583812,0.2467,8
1791583817,0.2430,8
1791583822,0.2436,8
1791583827,0.2975,8
1791583832,0.2770,8
1791583837,0.2707,8
1791583842,0.2982,8
1791583847,0.2698,8
1791583852,0.2706,8
1791583857,0.2996,8
1791583862,0.3041,8
1791583867,0.3113,8
1791583872,0.3297,8
1791583877,0.3076,8
1791583882,0.3226,8
1791583887,0.3303,8
1791583892,0.3104,8
1791583897,0.3066,8
1791583902,0.3139,8
1791583907,0.3311,8
1791583912,0.3165,8
1791583917,0.3080,8
1791583922,0.3232,8
1791583927,0.2817,8
1791583932,0.2742,8
1791583937,0.2854,8
1791583942,0.2771,8
1791583947,0.2768,8
1791583952,0.2906,8
1791583957,0.2718,8
1791583962,0.2397,8
1791583967,0.2496,8
1791583972,0.2326,8
1791583977,0.2286,8
1791583982,0.2549,8
1791583987,0.2295,8
1791583992,0.2276,8
1791583997,0.2310,8
1791584002,0.2123,8
1791584007,0.1968,8
1791584012,0.2193,8
1791584018,0.2002,8
1791584023,0.1950,8
1791584028,0.1993,8
1791584033,0.2014,8
1791584038,0.1655,8
1791584043,0.1657,8
1791584048,0.1846,8
1791584053,0.1614,8
1791584058,0.1682,8
1791584063,0.2001,8
1791584068,0.1578,8
1791584073,0.1258,8
1791584078,0.1953,8
1791584083,0.1674,8
1791584088,0.1752,8
1791584093,0.1996,8
1791584098,0.1767,8
1791584103,0.1667,8
1791584108,0.2006,8
1791584113,0.1808,8
1791584118,0.1827,8
1791584123,0.2018,8
1791584128,0.1890,8
1791584133,0.1763,8
1791584138,0.2021,8
1791584143,0.1471,8
1791584148,0.1365,8
1791584153,0.1351,8
1791584158,0.1438,8
1791584163,0.1368,8
1791584168,0.1302,8
1791584173,0.1476,8
1791584178,0.1179,8
1791584183,0.0988,8
1791584188,0.1277,8
1791584193,0.0947,8
1791584198,0.0879,8
1791584203,0.1153,8
1791584208,0.0970,8
1791584213,0.0831,8
1791584218,0.0946,8
1791584223,0.0941,8
1791584228,0.0955,8
1791584233,0.1139,8
1791584238,0.0950,8
1791584243,0.0950,8
1791584248,0.1371,8
1791584253,0.1025,8
1791584258,0.0953,8
1791584263,0.1272,8
1791584268,0.0948,8
1791584273,0.0905,8
1791584278,0.1133,8
1791584283,0.0942,8
1791584288,0.0680,8
1791584293,0.0646,8
1791584298,0.0823,8
1791584303,0.0575,8
1791584308,0.0785,8
1791584313,0.0971,8
1791584318,0.0623,8
1791584323,0.0577,8
1791584328,0.1061,8
1791584333,0.0881,8
1791584338,0.0995,8
1791584343,0.1274,8
1791584348,0.1009,8
1791584353,0.0941,8
1791584358,0.1162,8
1791584363,0.1103,8
1791584368,0.1286,8
1791584373,0.1623,8
1791584378,0.1323,8
1791584383,0.1268,8
1791584388,0.1523,8
1791584393,0.1296,8
1791584398,0.1325,8
1791584403,0.1517,8
1791584408,0.1337,8
1791584413,0.1329,8
1791584418,0.1511,8
1791584423,0.1340,8
1791584428,0.1351,8
1791584433,0.1075,8
1791584438,0.1565,8
1791584443,0.1280,8
1791584448,0.1294,8
1791584453,0.1482,8
1791584458,0.1345,8
1791584463,0.1372,8
1791584468,0.1523,8
1791584473,0.1627,8
1791584478,0.1840,8
1791584483,0.1914,8
1791584488,0.1765,8
1791584493,0.1912,8
1791584498,0.1995,8
1791584503,0.1821,8
1791584508,0.1931,8
1791584513,0.2267,8
1791584518,0.1959,8
1791584523,0.1975,8
1791584528,0.2162,8
1791584533,0.1883,8
1791584538,0.1962,8
1791584543,0.2373,8
1791584548,0.2394,8
1791584553,0.2480,8
1791584558,0.2452,8
1791584563,0.2608,8
1791584568,0.2394,8
1791584573,0.2337,8
1791584578,0.2877,8
1791584583,0.2416,8
1791584588,0.2399,8
1791584593,0.2671,8
1791584598,0.2428,8
1791584603,0.2316,8
1791584608,0.2833,8
1791584613,0.2108,8
1791584618,0.2209,8
1791584623,0.2258,8
1791584628,0.2033,8
1791584633,0.2002,8
1791584638,0.2304,8
1791584643,0.2004,8
1791584648,0.1750,8
1791584653,0.2166,8
1791584658,0.2024,8
1791584663,0.1970,8
1791584668,0.2345,8
1791584673,0.1997,8
1791584678,0.2184,8
1791584683,0.2098,8
1791584688,0.2477,8
1791584693,0.2446,8
1791584698,0.2510,8
1791584703,0.2714,8
1791584708,0.2411,8
1791584713,0.2420,8
1791584718,0.2786,8
1791584723,0.2673,8
1791584728,0.2791,8
1791584733,0.3080,8
1791584738,0.2886,8
1791584743,0.2678,8
1791584748,0.2936,8
1791584753,0.2714,8
1791584758,0.2871,8
1791584763,0.3530,8
1791584768,0.3209,8
1791584773,0.3175,8
1791584778,0.3407,8
1791584783,0.3156,8
1791584788,0.3528,8
1791584793,0.3725,8
1791584798,0.3173,8
1791584803,0.3222,8
1791584808,0.3267,8
1791584813,0.3303,8
1791584818,0.3117,8
1791584823,0.3180,8
1791584828,0.3038,8
1791584833,0.2704,8
1791584838,0.2730,8
1791584843,0.2882,8
1791584848,0.2752,8
1791584853,0.2604,8
1791584858,0.2864,8
1791584863,0.2615,8
1791584868,0.2418,8
1791584873,0.2532,8
1791584878,0.2295,8
1791584883,0.2356,8
1791584888,0.2631,8
1791584893,0.2339,8
1791584898,0.2257,8
1791584903,0.2202,8
1791584908,0.2083,8
1791584913,0.1974,8
1791584918,0.2247,8
1791584923,0.2056,8
1791584928,0.2014,8
1791584933,0.1965,8
1791584938,0.1800,8
1791584943,0.1634,8
1791584948,0.1703,8
1791584953,0.1832,8
1791584958,0.1653,8
1791584963,0.1694,8
1791584968,0.1897,8
1791584973,0.1272,8
1791584978,0.1701,8
1791584983,0.1900,8
1791584988,0.1607,8
1791584993,0.1604,8
1791584998,0.1834,8
1791585004,0.1615,8
1791585009,0.1600,8
1791585014,0.1802,8
1791585019,0.1578,8
1791585024,0.1588,8
1791585029,0.1754,8
1791585034,0.1670,8
1791585039,0.1591,8
1791585044,0.1406,8
1791585049,0.1697,8
1791585054,0.1279,8
1791585059,0.1292,8
1791585064,0.1525,8
1791585069,0.1308,8
1791585074,0.1348,8
1791585079,0.1415,8
1791585084,0.0913,8
1791585089,0.0959,8
1791585094,0.1188,8
1791585099,0.0967,8
1791585104,0.0957,8
1791585109,0.1303,8
1791585114,0.0884,8
1791585119,0.0732,8
1791585124,0.1340,8
1791585129,0.0972,8
1791585134,0.1012,8
1791585139,0.1191,8
1791585144,0.0932,8
1791585149,0.1006,8
1791585154,0.1151,8
1791585159,0.0959,8
1791585164,0.0982,8
1791585169,0.1218,8
1791585174,0.1104,8
1791585179,0.0933,8
1791585184,0.1008,8
1791585189,0.0936,8
1791585194,0.0647,8
1791585199,0.0768,8
1791585204,0.0786,8
1791585209,0.0636,8
1791585214,0.0595,8
1791585219,0.0813,8
1791585224,0.0614,8
1791585229,0.0965,8
1791585234,0.1105,8
1791585239,0.1006,8
1791585244,0.1013,8
1791585249,0.1169,8
1791585254,0.0998,8
1791585259,0.0916,8
1791585264,0.1286,8
1791585269,0.1303,8
1791585274,0.1271,8
1791585279,0.1493,8
1791585284,0.1248,8
1791585289,0.1321,8
1791585294,0.1542,8
1791585299,0.1399,8
1791585304,0.1251,8
1791585309,0.1277,8
1791585314,0.1462,8
1791585319,0.1276,8
1791585324,0.1205,8
1791585329,0.1521,8
1791585334,0.0941,8
1791585339,0.1332,8
1791585344,0.1446,8
1791585349,0.1268,8
1791585354,0.1346,8
1791585359,0.1521,8
1791585364,0.1386,8
1791585369,0.1350,8
1791585374,0.1789,8
1791585379,0.1671,8
1791585384,0.1554,8
1791585389,0.1784,8
1791585394,0.1535,8
1791585399,0.1604,8
1791585404,0.1788,8
1791585409,0.1805,8
1791585414,0.2030,8
1791585419,0.2178,8
1791585424,0.1888,8
1791585429,0.1950,8
1791585434,0.2111,8
1791585439,0.2130,8
1791585444,0.2043,8
1791585449,0.2507,8
1791585454,0.2541,8
1791585459,0.2349,8
1791585464,0.2373,8
1791585469,0.2584,8
1791585474,0.2377,8
1791585479,0.2578,8
1791585484,0.2738,8
1791585489,0.2388,8
1791585494,0.2321,8
1791585499,0.2603,8
1791585504,0.2325,8
1791585509,0.2370,8
1791585514,0.2167,8
1791585519,0.2038,8
1791585524,0.1916,8
1791585529,0.2174,8
1791585534,0.1996,8
1791585539,0.2064,8
1791585544,0.2185,8
1791585549,0.1693,8
1791585554,0.1857,8
1791585559,0.2123,8
1791585564,0.1922,8
1791585569,0.1905,8
1791585574,0.1932,8
1791585579,0.2252,8
1791585584,0.1881,8
1791585589,0.2160,8
1791585594,0.2452,8
1791585599,0.2383,8
1791585604,0.2354,8
1791585609,0.2635,8
1791585614,0.2293,8
1791585619,0.2367,8
1791585624,0.2679,8
1791585629,0.2694,8
1791585634,0.2671,8
1791585639,0.2917,8
1791585644,0.2542,8
1791585649,0.2744,8
1791585654,0.2856,8
1791585659,0.2881,8
1791585664,0.3057,8
1791585669,0.3300,8
1791585674,0.3059,8
1791585679,0.3211,8
1791585684,0.3364,8
1791585689,0.3061,8
1791585694,0.3004,8
1791585699,0.3147,8
1791585704,0.3382,8
1791585709,0.3129,8
1791585714,0.3155,8
1791585719,0.3550,8
1791585724,0.3122,8
1791585729,0.2861,8
1791585734,0.2863,8
1791585739,0.2693,8
1791585744,0.2719,8
1791585749,0.2965,8
1791585754,0.2688,8
1791585759,0.2640,8
1791585764,0.2733,8
1791585769,0.2452,8
1791585774,0.2421,8
1791585779,0.2670,8
1791585784,0.2652,8
1791585789,0.2546,8
1791585794,0.2735,8
1791585799,0.2305,8
1791585804,0.1979,8
1791585809,0.2263,8
1791585814,0.2144,8
1791585819,0.2061,8
1791585824,0.2000,8
1791585829,0.2359,8
1791585834,0.2115,8
1791585839,0.1759,8
1791585844,0.2069,8
1791585849,0.1718,8
1791585854,0.1728,8
1791585859,0.2060,8
1791585864,0.1872,8
1791585869,0.1865,8
1791585874,0.1576,8
1791585879,0.1857,8
1791585884,0.1780,8
1791585889,0.1976,8
1791585894,0.1690,8
1791585899,0.1773,8
1791585904,0.2164,8
1791585909,0.1803,8
1791585914,0.1717,8
1791585919,0.2042,8
1791585924,0.1724,8
1791585929,0.1790,8
1791585934,0.2040,8
1791585939,0.1785,8
1791585944,0.1506,8
1791585949,0.1310,8
1791585954,0.1567,8
1791585959,0.1313,8
1791585964,0.1401,8
1791585969,0.1517,8
1791585974,0.1293,8
1791585979,0.1200,8
1791585985,0.1126,8
1791585990,0.0940,8
1791585995,0.0942,8
1791586000,0.1172,8
1791586005,0.0932,8
1791586010,0.0964,8
1791586015,0.1099,8
1791586020,0.0625,8
1791586025,0.1025,8
1791586030,0.1283,8
1791586035,0.0914,8
1791586040,0.0931,8
1791586045,0.1132,8
1791586050,0.0983,8
1791586055,0.0963,8
1791586060,0.1239,8
1791586065,0.0987,8
1791586070,0.1083,8
1791586075,0.1045,8
1791586080,0.1014,8
1791586085,0.1086,8
1791586090,0.0864,8
1791586095,0.0821,8
1791586100,0.0629,8
1791586105,0.0589,8
1791586110,0.0872,8
1791586115,0.0685,8
1791586120,0.0658,8
1791586125,0.0809,8
1791586130,0.0822,8
1791586135,0.0971,8
1791586140,0.1146,8
1791586145,0.1011,8
1791586150,0.1102,8
1791586155,0.1211,8
1791586160,0.1055,8
1791586165,0.1085,8
1791586170,0.1602,8
1791586175,0.1296,8
1791586180,0.1294,8
1791586185,0.1500,8
1791586190,0.1252,8
1791586195,0.1270,8
1791586200,0.1522,8
1791586205,0.1358,8
1791586210,0.1370,8
1791586215,0.1310,8
1791586220,0.1418,8
1791586225,0.1248,8
1791586230,0.1285,8
1791586235,0.1256,8
1791586240,0.1344,8
1791586245,0.1268,8
1791586250,0.1508,8
1791586255,0.1342,8
1791586260,0.1381,8
1791586265,0.1658,8
1791586270,0.1361,8
1791586275,0.1651,8
1791586280,0.1921,8
1791586285,0.1650,8
1791586290,0.1707,8
1791586295,0.1890,8
1791586300,0.1638,8
1791586305,0.1638,8
1791586310,0.2110,8
1791586315,0.1947,8
1791586320,0.2117,8
1791586325,0.2229,8
1791586330,0.1965,8
1791586335,0.2102,8
1791586340,0.2128,8
1791586345,0.2216,8
1791586350,0.2388,8
1791586355,0.2411,8
1791586360,0.2651,8
1791586365,0.2406,8
1791586370,0.2441,8
1791586375,0.2529,8
1791586380,0.2594,8
1791586385,0.2589,8
1791586390,0.2561,8
1791586395,0.2543,8
1791586400,0.2374,8
1791586405,0.2604,8
1791586410,0.2421,8
1791586415,0.2010,8
1791586420,0.2259,8
1791586425,0.1932,8
1791586430,0.2012,8
1791586435,0.2187,8
1791586440,0.2033,8
1791586445,0.1900,8
1791586450,0.1968,8
1791586455,0.2008,8
1791586460,0.2004,8
1791586465,0.2235,8
1791586470,0.2087,8
1791586475,0.1968,8
1791586480,0.2021,8
1791586485,0.2310,8
1791586490,0.2284,8
1791586495,0.2521,8
1791586500,0.2756,8
1791586505,0.2551,8
1791586510,0.2489,8
1791586515,0.2657,8
1791586520,0.2601,8
1791586525,0.2588,8
1791586530,0.3086,8
1791586535,0.2790,8
1791586540,0.2877,8
1791586545,0.2997,8
1791586550,0.2742,8
1791586555,0.2689,8
1791586560,0.3118,8
1791586565,0.3230,8
1791586570,0.3246,8
1791586575,0.3348,8
1791586580,0.3230,8
1791586585,0.3116,8
1791586590,0.3442,8
1791586595,0.3063,8
1791586600,0.3097,8
1791586605,0.3074,8
1791586610,0.3288,8
1791586615,0.3059,8
1791586620,0.3078,8
1791586625,0.3358,8
1791586630,0.2811,8
1791586635,0.2678,8
1791586640,0.3055,8
1791586645,0.2692,8
1791586650,0.2641,8
1791586655,0.2816,8
1791586660,0.2591,8
1791586665,0.2484,8
1791586670,0.2616,8
1791586675,0.2313,8
1791586680,0.2368,8
1791586685,0.2640,8
1791586690,0.2278,8
1791586695,0.2348,8
1791586700,0.2573,8
1791586705,0.2019,8
1791586710,0.1958,8
1791586715,0.2140,8
1791586720,0.1945,8
1791586725,0.2011,8
1791586730,0.2079,8
1791586735,0.2049,8
1791586740,0.1579,8
1791586745,0.1680,8
1791586750,0.1826,8
1791586755,0.1611,8
1791586760,0.1654,8
1791586765,0.1937,8
1791586770,0.1658,8
1791586775,0.1380,8
1791586780,0.1803,8
1791586785,0.1606,8
1791586790,0.1662,8
1791586795,0.1816,8
1791586800,0.1571,8
1791586805,0.1613,8
1791586810,0.1797,8
1791586815,0.1602,8
1791586820,0.1633,8
1791586825,0.1940,8
1791586830,0.1638,8
1791586835,0.1641,8
1791586840,0.1896,8
1791586845,0.1494,8
1791586850,0.1321,8
1791586855,0.1449,8
1791586860,0.1417,8
1791586865,0.1300,8
1791586870,0.1275,8
1791586875,0.1508,8
1791586880,0.1222,8
1791586885,0.1146,8
1791586890,0.1146,8
1791586895,0.0970,8
1791586900,0.0958,8
1791586905,0.1180,8
1791586910,0.0968,8
1791586915,0.0906,8
1791586920,0.0839,8
1791586925,0.1022,8
1791586930,0.0979,8
1791586935,0.1155,8
1791586940,0.0929,8
1791586945,0.1000,8
1791586950,0.1224,8
1791586955,0.0990,8
1791586960,0.0966,8
1791586965,0.1176,8
1791586971,0.1184,8
1791586976,0.0916,8
1791586981,0.1204,8
1791586986,0.0984,8
1791586991,0.0745,8
1791586996,0.0666,8
1791587001,0.0749,8
1791587006,0.0594,8
1791587011,0.0775,8
1791587016,0.0897,8
1791587021,0.0590,8
1791587026,0.0721,8
1791587031,0.0992,8
1791587036,0.0904,8
1791587041,0.0924,8
1791587046,0.1141,8
1791587051,0.0956,8
1791587056,0.1004,8
1791587061,0.1221,8
1791587066,0.1056,8
1791587071,0.1451,8
1791587076,0.1437,8
1791587081,0.1255,8
1791587086,0.1297,8
1791587091,0.1485,8
1791587096,0.1251,8
1791587101,0.1272,8
1791587106,0.1618,8
1791587111,0.1274,8
1791587116,0.1259,8
1791587121,0.1500,8
1791587126,0.1258,8
1791587131,0.1418,8
1791587136,0.1052,8
1791587141,0.1446,8
1791587146,0.1271,8
1791587151,0.1252,8
1791587156,0.1443,8
1791587161,0.1314,8
1791587166,0.1425,8
1791587171,0.1527,8
1791587176,0.1448,8
1791587181,0.1590,8
1791587186,0.1805,8
1791587191,0.1761,8
1791587196,0.1590,8
1791587201,0.1742,8
1791587206,0.1551,8
1791587211,0.1763,8
1791587216,0.2106,8
1791587221,0.1950,8
1791587226,0.1943,8
1791587231,0.2142,8
1791587236,0.2134,8
1791587241,0.1972,8
1791587246,0.2244,8
1791587251,0.2288,8
1791587256,0.2385,8
1791587261,0.2449,8
1791587266,0.2378,8
1791587271,0.2348,8
1791587276,0.2248,8
1791587281,0.2647,8
1791587286,0.2403,8
1791587291,0.2469,8
1791587296,0.2448,8
1791587301,0.2272,8
1791587306,0.2252,8
1791587311,0.2561,8
1791587316,0.2274,8
1791587321,0.2034,8
1791587326,0.2169,8
1791587331,0.1926,8
1791587336,0.1957,8
1791587341,0.2218,8
1791587346,0.2020,8
1791587351,0.1817,8
1791587356,0.2190,8
1791587361,0.1982,8
1791587366,0.2038,8
1791587371,0.2290,8
1791587376,0.2078,8
1791587381,0.1971,8
1791587386,0.2205,8
1791587391,0.2172,8
1791587396,0.2283,8
1791587401,0.2378,8
1791587406,0.2682,8
1791587411,0.2367,8
1791587416,0.2526,8
1791587421,0.2773,8
1791587426,0.2661,8
1791587431,0.2944,8
1791587436,0.3278,8
1791587441,0.2875,8
1791587446,0.2948,8
1791587451,0.3098,8
1791587456,0.2933,8
1791587461,0.3093,8
1791587466,0.3509,8
1791587471,0.3226,8
1791587476,0.3205,8
1791587481,0.3352,8
1791587486,0.3221,8
1791587491,0.3107,8
1791587496,0.3438,8
1791587501,0.3349,8
1791587506,0.3065,8
1791587511,0.3273,8
1791587516,0.3085,8
1791587521,0.3126,8
1791587526,0.3136,8
1791587531,0.3121,8
1791587536,0.2705,8
1791587541,0.2772,8
1791587546,0.3077,8
1791587551,0.2815,8
1791587556,0.2954,8
1791587561,0.3261,8
1791587566,0.2640,8
1791587571,0.2483,8
1791587576,0.2618,8
1791587581,0.2504,8
1791587586,0.2531,8
1791587591,0.2700,8
1791587596,0.2363,8
1791587601,0.2474,8
1791587606,0.2406,8
1791587611,0.2124,8
1791587616,0.2191,8
1791587621,0.2424,8
1791587626,0.2075,8
1791587631,0.2143,8
1791587636,0.2266,8
1791587641,0.1736,8
1791587646,0.1800,8
1791587651,0.1701,8
1791587656,0.1858,8
1791587661,0.1678,8
1791587666,0.1663,8
1791587671,0.1933,8
1791587676,0.1402,8
1791587681,0.1710,8
1791587686,0.1846,8
1791587691,0.1638,8
1791587696,0.1677,8
1791587701,0.1930,8
1791587706,0.1753,8
1791587711,0.1703,8
1791587716,0.2048,8
1791587721,0.1775,8
1791587726,0.1795,8
1791587731,0.2028,8
1791587736,0.1817,8
1791587741,0.1782,8
1791587746,0.1932,8
1791587751,0.1348,8
1791587756,0.1307,8
1791587761,0.1596,8
1791587766,0.1369,8
1791587771,0.1301,8
1791587776,0.1341,8
1791587781,0.1455,8
1791587786,0.0947,8
1791587791,0.0920,8
1791587796,0.1210,8
1791587801,0.0911,8
1791587806,0.0997,8
1791587811,0.1193,8
1791587816,0.0985,8
1791587821,0.0611,8
1791587826,0.1204,8
1791587831,0.1008,8
1791587836,0.0982,8
1791587841,0.1181,8
1791587846,0.1007,8
1791587851,0.1015,8
1791587856,0.1157,8
1791587861,0.0963,8
1791587866,0.1092,8
1791587871,0.1155,8
1791587876,0.0937,8
1791587881,0.0998,8
1791587886,0.1265,8
1791587891,0.0871,8
1791587896,0.0644,8
1791587901,0.0714,8
1791587906,0.0704,8
1791587911,0.0641,8
1791587916,0.0587,8
1791587921,0.0804,8
1791587926,0.0815,8
1791587931,0.0836,8
1791587936,0.1153,8
1791587942,0.1001,8
1791587947,0.0995,8
1791587952,0.1105,8
1791587957,0.0999,8
1791587962,0.1008,8
1791587967,0.1212,8
1791587972,0.1322,8
1791587977,0.1337,8
1791587982,0.1442,8
1791587987,0.1286,8
1791587992,0.1413,8
1791587997,0.1532,8
1791588002,0.1305,8
1791588007,0.1347,8
1791588012,0.1468,8
1791588017,0.1271,8
1791588022,0.1241,8
1791588027,0.1481,8
1791588032,0.1315,8
1791588037,0.1048,8
1791588042,0.1291,8
1791588047,0.1421,8
1791588052,0.1391,8
1791588057,0.1269,8
1791588062,0.1512,8
1791588067,0.1303,8
1791588072,0.1275,8
1791588077,0.1896,8
1791588082,0.1675,8
1791588087,0.1590,8
1791588092,0.1843,8
1791588097,0.1610,8
1791588102,0.1606,8
1791588107,0.1882,8
1791588112,0.1858,8
1791588117,0.1949,8
1791588122,0.2151,8
1791588127,0.2019,8
1791588132,0.1940,8
1791588137,0.2355,8
1791588142,0.2114,8
1791588147,0.2040,8
1791588152,0.2600,8
1791588157,0.2334,8
1791588162,0.2322,8
1791588167,0.2540,8
1791588172,0.2479,8
1791588177,0.2257,8
1791588182,0.2467,8
1791588187,0.2652,8
1791588192,0.2305,8
1791588197,0.2304,8
1791588202,0.2396,8
1791588207,0.2327,8
1791588212,0.2356,8
1791588217,0.2351,8
1791588222,0.2014,8
1791588227,0.1977,8
1791588232,0.2173,8
1791588237,0.2205,8
1791588242,0.2036,8
1791588247,0.2338,8
1791588252,0.1776,8
1791588257,0.1847,8
1791588262,0.2178,8
1791588267,0.1949,8
1791588272,0.2022,8
1791588277,0.2350,8
1791588282,0.2006,8
1791588287,0.2135,8
1791588292,0.2421,8
1791588297,0.2531,8
1791588302,0.2412,8
1791588307,0.2366,8
1791588312,0.2548,8
1791588317,0.2350,8
1791588322,0.2345,8
1791588327,0.2641,8
1791588332,0.2841,8
1791588337,0.2824,8
1791588342,0.3020,8
1791588347,0.2839,8
1791588352,0.2850,8
1791588357,0.3109,8
1791588362,0.2938,8
1791588367,0.3180,8
1791588372,0.3343,8
1791588377,0.3314,8
1791588382,0.3085,8
1791588387,0.3439,8
1791588392,0.3076,8
1791588397,0.3093,8
1791588402,0.3431,8
1791588407,0.3177,8
1791588412,0.3133,8
1791588417,0.3391,8
1791588422,0.3435,8
1791588427,0.3195,8
1791588432,0.3245,8
1791588437,0.3185,8
1791588442,0.2864,8
1791588447,0.2849,8
1791588452,0.3105,8
1791588457,0.2905,8
1791588462,0.2790,8
1791588467,0.2969,8
1791588472,0.2425,8
1791588477,0.2464,8
1791588482,0.2722,8
1791588487,0.2359,8
1791588492,0.2338,8
1791588497,0.2593,8
1791588502,0.2250,8
1791588507,0.2000,8
1791588512,0.2355,8
1791588517,0.2164,8
1791588522,0.2119,8
1791588527,0.2293,8
1791588532,0.2004,8
1791588537,0.2060,8
1791588542,0.1957,8
1791588547,0.1869,8
1791588552,0.1602,8
1791588557,0.1656,8
1791588562,0.1949,8
1791588567,0.1757,8
1791588572,0.1730,8
1791588577,0.1659,8
1791588582,0.1652,8
1791588587,0.1684,8
1791588592,0.1858,8
1791588597,0.1659,8
1791588602,0.1834,8
1791588607,0.1909,8
1791588612,0.1666,8
1791588617,0.1713,8
1791588622,0.1836,8
1791588627,0.1672,8
1791588632,0.1712,8
1791588637,0.1937,8
1791588642,0.1638,8
1791588647,0.1547,8
1791588652,0.1572,8
1791588657,0.1310,8
1791588662,0.1230,8
1791588667,0.1593,8
1791588672,0.1283,8
1791588677,0.1351,8
1791588682,0.1238,8
1791588687,0.1197,8
1791588692,0.0987,8
1791588697,0.0949,8
1791588702,0.1198,8
1791588707,0.0981,8
1791588712,0.0937,8
1791588717,0.1175,8
1791588722,0.0731,8
1791588727,0.1300,8
1791588732,0.1160,8
1791588737,0.1004,8
1791588742,0.0946,8
1791588747,0.1185,8
1791588752,0.1035,8
1791588757,0.1015,8
1791588762,0.1294,8
1791588767,0.0939,8
1791588772,0.0924,8
1791588777,0.1177,8
1791588782,0.1041,8
1791588787,0.1532,8
1791588792,0.0946,8
1791588797,0.0743,8
1791588802,0.0577,8
1791588807,0.0597,8
1791588812,0.0922,8
1791588817,0.0665,8
1791588822,0.0584,8
1791588827,0.0852,8
1791588832,0.0798,8
1791588837,0.0928,8
1791588842,0.1204,8
1791588847,0.0943,8
1791588852,0.1074,8
1791588857,0.1213,8
1791588862,0.0995,8
1791588867,0.1025,8
1791588872,0.1540,8
1791588877,0.1285,8
1791588882,0.1288,8
1791588887,0.1519,8
1791588892,0.1245,8
1791588897,0.1269,8
1791588902,0.1525,8
1791588907,0.1312,8
1791588912,0.1407,8
1791588918,0.1526,8
1791588923,0.1282,8
1791588928,0.1223,8
1791588933,0.1418,8
1791588938,0.1195,8
1791588943,0.1251,8
1791588948,0.1307,8
1791588953,0.1518,8
1791588958,0.1236,8
1791588963,0.1359,8
1791588968,0.1632,8
1791588973,0.1458,8
1791588978,0.1491,8
1791588983,0.1813,8
1791588988,0.1609,8
1791588993,0.1609,8
1791588998,0.1813,8
1791589003,0.1642,8
1791589008,0.1645,8
1791589013,0.2032,8
1791589018,0.1989,8
1791589023,0.2060,8
1791589028,0.2171,8
1791589033,0.1983,8
1791589038,0.2068,8
1791589043,0.2154,8
1791589048,0.1929,8
1791589053,0.2420,8
1791589058,0.2520,8
1791589063,0.2335,8
1791589068,0.2364,8
1791589073,0.2369,8
1791589078,0.2521,8
1791589083,0.2456,8
1791589088,0.2412,8
1791589093,0.2519,8
1791589098,0.2587,8
1791589103,0.2193,8
1791589108,0.2594,8
1791589113,0.2325,8
1791589118,0.2105,8
1791589123,0.2161,8
1791589128,0.1985,8
1791589133,0.1948,8
1791589138,0.2131,8
1791589143,0.1950,8
1791589148,0.1964,8
1791589153,0.1965,8
1791589158,0.1902,8
1791589163,0.1958,8
1791589168,0.2217,8
1791589173,0.1987,8
1791589178,0.1877,8
1791589183,0.2172,8
1791589188,0.2077,8
1791589193,0.2077,8
1791589198,0.2355,8
1791589203,0.2553,8
1791589208,0.2279,8
1791589213,0.2302,8
1791589218,0.2692,8
1791589223,0.2308,8
1791589228,0.2390,8
1791589233,0.2900,8
1791589238,0.2631,8
1791589243,0.2726,8
1791589248,0.2975,8
1791589253,0.2657,8
1791589258,0.2733,8
1791589263,0.3091,8
1791589268,0.3257,8
1791589273,0.3163,8
1791589278,0.3459,8
1791589283,0.3370,8
1791589288,0.3138,8
1791589293,0.3358,8
1791589298,0.3077,8
1791589303,0.3123,8
1791589308,0.3391,8
1791589313,0.3227,8
1791589318,0.3205,8
1791589323,0.3235,8
1791589328,0.3400,8
1791589333,0.2961,8
1791589338,0.2743,8
1791589343,0.3128,8
1791589348,0.2732,8
1791589353,0.2808,8
1791589358,0.2890,8
1791589363,0.2665,8
1791589368,0.2698,8
1791589373,0.2529,8
1791589378,0.2202,8
1791589383,0.2338,8
1791589388,0.2446,8
1791589393,0.2269,8
1791589398,0.2370,8
1791589403,0.2766,8
1791589408,0.1933,8
1791589413,0.1954,8
1791589418,0.2244,8
1791589423,0.1879,8
1791589428,0.1928,8
1791589433,0.2045,8
1791589438,0.2043,8
1791589443,0.1775,8
1791589448,0.1661,8
1791589453,0.1878,8
1791589458,0.1674,8
1791589463,0.1731,8
1791589468,0.1826,8
1791589473,0.1621,8
1791589478,0.1411,8
1791589483,0.1748,8
1791589488,0.1620,8
1791589493,0.1610,8
1791589498,0.1864,8
1791589503,0.1677,8
1791589508,0.1681,8
1791589513,0.1816,8
1791589518,0.1676,8
1791589523,0.1711,8
1791589528,0.2058,8
1791589533,0.1764,8
1791589538,0.1731,8
1791589543,0.1930,8
1791589548,0.1662,8
1791589553,0.1336,8
1791589558,0.1567,8
1791589563,0.1332,8
1791589568,0.1328,8
1791589573,0.1355,8
1791589578,0.1451,8
1791589583,0.1267,8
1791589588,0.1111,8
1791589593,0.1231,8
1791589598,0.0939,8
1791589603,0.0952,8
1791589608,0.1230,8
1791589613,0.0913,8
1791589618,0.0925,8
1791589623,0.0933,8
1791589628,0.0944,8
1791589633,0.0911,8
1791589638,0.1161,8
1791589643,0.0930,8
1791589648,0.1003,8
1791589653,0.1174,8
1791589658,0.0942,8
1791589663,0.0931,8
1791589668,0.1282,8
1791589673,0.1029,8
1791589678,0.0959,8
1791589683,0.1322,8
1791589688,0.0988,8
1791589693,0.0802,8
1791589698,0.0791,8
1791589703,0.0744,8
1791589708,0.0703,8
1791589713,0.0634,8
1791589718,0.0802,8
1791589723,0.0586,8
1791589728,0.0632,8
1791589733,0.0934,8
1791589738,0.0917,8
1791589743,0.1054,8
1791589748,0.1330,8
1791589753,0.0952,8
1791589758,0.0951,8
1791589763,0.1164,8
1791589768,0.0947,8
1791589773,0.1465,8
1791589778,0.1528,8
1791589783,0.1218,8
1791589788,0.1333,8
1791589793,0.1487,8
1791589798,0.1320,8
1791589803,0.1324,8
1791589808,0.1560,8
1791589813,0.1242,8
1791589818,0.1353,8
1791589823,0.1588,8
1791589828,0.1357,8
1791589833,0.1518,8
1791589838,0.1072,8
1791589843,0.1386,8
1791589848,0.1291,8
1791589853,0.1265,8
1791589858,0.1502,8
1791589863,0.1363,8
1791589868,0.1437,8
1791589873,0.1531,8
1791589878,0.1514,8
1791589883,0.1782,8
1791589888,0.2002,8
1791589893,0.1928,8
1791589899,0.1751,8
1791589904,0.1979,8
1791589909,0.1882,8
1791589914,0.1817,8
1791589919,0.2496,8
1791589924,0.2166,8
1791589929,0.2031,8
1791589934,0.2504,8
1791589939,0.2200,8
1791589944,0.2195,8
1791589949,0.2526,8
1791589954,0.2995,8
1791589959,0.2693,8
1791589964,0.2764,8
1791589969,0.3145,8
1791589974,0.2695,8
1791589979,0.2635,8
1791589984,0.2982,8
1791589989,0.2747,8
1791589994,0.2646,8
1791589999,0.2974,8
1791590004,0.2653,8
1791590009,0.2860,8
1791590014,0.2993,8
1791590019,0.2420,8
1791590024,0.2007,8
1791590029,0.2339,8
1791590034,0.2054,8
1791590039,0.2071,8
1791590044,0.2393,8
1791590049,0.2112,8
1791590054,0.1995,8
1791590059,0.2155,8
1791590064,0.2114,8
1791590069,0.2126,8
1791590074,0.2404,8
1791590079,0.2219,8
1791590084,0.2031,8
1791590089,0.2210,8
1791590094,0.2457,8
1791590099,0.2451,8
1791590104,0.2406,8
1791590109,0.2641,8
1791590114,0.2434,8
1791590119,0.2450,8
1791590124,0.2599,8
1791590129,0.2382,8
1791590134,0.2942,8
1791590139,0.3304,8
1791590144,0.2934,8
1791590149,0.2915,8
1791590154,0.3146,8
1791590159,0.2911,8
1791590164,0.2977,8
1791590169,0.3531,8
1791590174,0.3259,8
1791590179,0.3315,8
1791590184,0.3723,8
1791590189,0.3088,8
1791590194,0.3166,8
1791590199,0.3395,8
1791590204,0.3241,8
1791590209,0.3069,8
1791590214,0.3076,8
1791590219,0.3293,8
1791590224,0.3149,8
1791590229,0.3061,8
1791590234,0.3109,8
1791590239,0.2864,8
1791590244,0.2766,8
1791590249,0.2976,8
1791590254,0.2811,8
1791590259,0.2732,8
1791590264,0.2939,8
1791590269,0.2725,8
1791590274,0.2351,8
1791590279,0.2609,8
1791590284,0.2331,8
1791590289,0.2281,8
1791590294,0.2497,8
1791590299,0.2350,8
1791590304,0.2341,8
1791590309,0.2255,8
1791590314,0.2024,8
1791590319,0.1963,8
1791590324,0.2301,8
1791590329,0.2129,8
1791590334,0.2030,8
1791590339,0.1938,8
1791590344,0.2039,8
1791590349,0.1747,8
1791590354,0.1703,8
1791590359,0.1892,8
1791590364,0.1656,8
1791590369,0.1750,8
1791590374,0.2070,8
1791590379,0.1529,8
1791590384,0.1703,8
1791590389,0.1960,8
1791590394,0.1677,8
1791590399,0.1705,8
1791590404,0.1973,8
1791590409,0.1712,8
1791590414,0.1765,8
1791590419,0.2014,8
1791590424,0.1747,8
1791590429,0.1774,8
1791590434,0.2017,8
1791590439,0.1806,8
1791590444,0.1877,8
1791590449,0.1901,8
1791590454,0.1334,8
1791590459,0.1292,8
1791590464,0.1354,8
1791590469,0.1525,8
1791590474,0.1287,8
1791590479,0.1307,8
1791590484,0.1538,8
1791590489,0.0970,8
1791590494,0.0994,8
1791590499,0.1192,8
1791590504,0.0930,8
1791590509,0.1145,8
1791590514,0.1188,8
1791590519,0.0969,8
1791590524,0.0717,8
1791590529,0.1104,8
1791590534,0.0954,8
1791590539,0.1000,8
1791590544,0.1167,8
1791590549,0.0938,8
1791590554,0.0971,8
1791590559,0.1143,8
1791590564,0.0980,8
1791590569,0.1130,8
1791590574,0.1241,8
1791590579,0.0960,8
1791590584,0.1042,8
1791590589,0.1242,8
1791590594,0.0934,8
1791590599,0.0629,8
1791590604,0.0700,8
1791590609,0.0844,8
1791590614,0.0639,8
1791590619,0.0614,8
1791590624,0.0798,8
1791590629,0.0782,8
1791590634,0.0639,8
1791590639,0.1240,8
1791590644,0.1030,8
1791590649,0.1029,8
1791590654,0.1202,8
1791590659,0.0922,8
1791590664,0.0939,8
1791590669,0.1154,8
1791590674,0.1350,8
1791590679,0.1269,8
1791590684,0.1446,8
1791590689,0.1399,8
1791590694,0.1243,8
1791590699,0.1487,8
1791590704,0.1317,8
1791590709,0.1345,8
1791590714,0.1487,8
1791590719,0.1252,8
1791590724,0.1272,8
1791590729,0.1357,8
1791590734,0.1417,8
1791590739,0.1089,8
1791590744,0.1145,8
1791590749,0.1566,8
1791590754,0.1424,8
1791590759,0.1329,8
1791590764,0.1617,8
1791590769,0.1380,8
1791590774,0.1400,8
1791590779,0.1697,8
1791590784,0.1648,8
1791590789,0.1644,8
1791590794,0.1973,8
1791590799,0.1725,8
1791590804,0.1752,8
1791590809,0.2001,8
1791590814,0.2072,8
1791590819,0.2154,8
1791590824,0.2361,8
1791590829,0.2139,8
1791590834,0.2017,8
1791590839,0.2329,8
1791590844,0.2141,8
1791590849,0.2046,8
1791590854,0.2918,8
1791590859,0.2794,8
1791590864,0.2601,8
1791590869,0.2810,8
1791590874,0.2991,8
1791590880,0.2698,8
1791590885,0.2740,8
1791590890,0.2831,8
1791590895,0.2586,8
1791590900,0.2749,8
1791590905,0.3034,8
1791590910,0.2704,8
1791590915,0.2695,8
1791590920,0.2656,8
1791590925,0.2217,8
1791590930,0.2172,8
1791590935,0.2437,8
1791590940,0.2276,8
1791590945,0.2229,8
1791590950,0.2482,8
1791590955,0.2042,8
1791590960,0.1925,8
1791590965,0.2319,8
1791590970,0.2051,8
1791590975,0.2199,8
1791590980,0.2360,8
1791590985,0.2023,8
1791590990,0.2156,8
1791590995,0.2191,8
1791591000,0.2829,8
1791591005,0.2480,8
1791591010,0.2430,8
1791591015,0.2675,8
1791591020,0.2390,8
1791591025,0.2400,8
1791591030,0.2509,8
1791591035,0.2959,8
1791591040,0.2941,8
1791591045,0.3086,8
1791591050,0.2890,8
1791591055,0.2894,8
1791591060,0.3210,8
1791591065,0.2891,8
1791591070,0.3163,8
1791591075,0.3480,8
1791591080,0.3239,8
1791591085,0.3216,8
1791591090,0.3435,8
1791591095,0.3231,8
1791591100,0.3478,8
1791591105,0.3746,8
1791591110,0.3075,8
1791591115,0.3067,8
1791591120,0.3199,8
1791591125,0.3345,8
1791591130,0.3065,8
1791591135,0.2940,8
1791591140,0.2935,8
1791591145,0.2692,8
1791591150,0.2701,8
1791591155,0.2976,8
1791591160,0.2677,8
1791591165,0.2727,8
1791591170,0.3032,8
1791591175,0.2365,8
1791591180,0.2311,8
1791591185,0.2704,8
1791591190,0.2322,8
1791591195,0.2310,8
1791591200,0.2582,8
1791591205,0.2387,8
1791591210,0.1984,8
1791591215,0.2245,8
1791591220,0.1998,8
1791591225,0.2001,8
1791591230,0.2227,8
1791591235,0.1968,8
1791591240,0.1930,8
1791591245,0.2028,8
1791591250,0.1931,8
1791591255,0.1727,8
1791591260,0.1627,8
1791591265,0.1796,8
1791591270,0.1654,8
1791591275,0.1668,8
1791591280,0.1767,8
1791591285,0.1513,8
1791591290,0.1663,8
1791591295,0.1902,8
1791591300,0.1699,8
1791591305,0.1877,8
1791591310,0.1908,8
1791591315,0.1687,8
1791591320,0.1788,8
1791591325,0.1959,8
1791591330,0.1707,8
1791591335,0.1746,8
1791591340,0.1925,8
1791591345,0.1679,8
1791591350,0.1656,8
1791591355,0.1554,8
1791591360,0.1262,8
1791591365,0.1495,8
1791591370,0.1394,8
1791591375,0.1459,8
1791591380,0.1302,8
1791591385,0.1369,8
1791591390,0.1152,8
1791591395,0.0988,8
1791591400,0.0962,8
1791591405,0.1141,8
1791591410,0.1028,8
1791591415,0.1021,8
1791591420,0.1174,8
1791591425,0.0833,8
1791591430,0.1004,8
1791591435,0.1158,8
1791591440,0.1027,8
1791591445,0.0925,8
1791591450,0.1177,8
1791591455,0.0938,8
1791591460,0.0976,8
1791591465,0.1221,8
1791591470,0.0998,8
1791591475,0.1006,8
1791591480,0.1175,8
1791591485,0.1043,8
1791591490,0.1264,8
1791591495,0.1121,8
1791591500,0.0673,8
1791591505,0.0587,8
1791591510,0.0614,8
1791591515,0.0888,8
1791591520,0.0599,8
1791591525,0.0564,8
1791591530,0.0854,8
1791591535,0.0697,8
1791591540,0.1031,8
1791591545,0.1223,8
1791591550,0.1052,8
1791591555,0.0899,8
1791591560,0.1187,8
1791591565,0.0943,8
1791591570,0.0941,8
1791591575,0.1519,8
1791591580,0.1276,8
1791591585,0.1277,8
1791591590,0.1562,8
1791591595,0.1252,8
1791591600,0.1293,8
1791591605,0.1533,8
1791591610,0.1424,8
1791591615,0.1246,8
1791591620,0.1492,8
1791591625,0.1304,8
1791591630,0.1269,8
1791591635,0.1400,8
1791591640,0.1204,8
1791591645,0.1148,8
1791591650,0.1366,8
1791591655,0.1487,8
1791591660,0.1288,8
1791591665,0.1328,8
1791591670,0.1511,8
1791591675,0.1395,8
1791591680,0.1418,8
1791591685,0.1821,8
1791591690,0.1607,8
1791591695,0.1618,8
1791591700,0.1822,8
1791591705,0.1628,8
1791591710,0.1656,8
1791591715,0.1781,8
1791591720,0.2020,8
1791591725,0.2110,8
1791591730,0.2356,8
1791591735,0.2229,8
1791591740,0.2037,8
1791591745,0.2218,8
1791591750,0.1959,8
1791591755,0.2491,8
1791591760,0.2787,8
1791591765,0.2408,8
1791591770,0.2449,8
1791591775,0.2405,8
1791591780,0.2586,8
1791591785,0.2461,8
1791591790,0.2450,8
1791591795,0.2813,8
1791591800,0.2468,8
1791591805,0.2439,8
1791591810,0.2700,8
1791591815,0.2423,8
1791591820,0.2282,8
1791591825,0.2270,8
1791591830,0.1990,8
1791591835,0.2038,8
1791591840,0.2291,8
1791591845,0.2123,8
1791591851,0.1981,8
1791591856,0.2134,8
1791591861,0.1848,8
1791591866,0.1960,8
1791591871,0.2178,8
1791591876,0.2033,8
1791591881,0.1946,8
1791591886,0.2273,8
1791591891,0.1970,8
1791591896,0.1994,8
1791591901,0.2464,8
1791591906,0.2461,8
1791591911,0.2316,8
1791591916,0.2374,8
1791591921,0.2730,8
1791591926,0.2414,8
1791591931,0.2344,8
1791591936,0.3022,8
1791591941,0.2710,8
1791591946,0.2809,8
1791591951,0.3059,8
1791591956,0.2977,8
1791591961,0.2778,8
1791591966,0.3022,8
1791591971,0.3070,8
1791591976,0.3038,8
1791591981,0.3452,8
1791591986,0.2991,8
1791591991,0.3118,8
1791591996,0.3392,8
1791592001,0.3234,8
1791592006,0.3125,8
1791592011,0.3455,8
1791592016,0.3072,8
1791592021,0.3075,8
1791592026,0.3135,8
1791592031,0.3226,8
1791592036,0.2961,8
1791592041,0.2919,8
1791592046,0.3029,8
1791592051,0.2773,8
1791592056,0.2731,8
1791592061,0.2986,8
1791592066,0.2746,8
1791592071,0.2704,8
1791592076,0.2612,8
1791592081,0.2346,8
1791592086,0.2455,8
1791592091,0.2544,8
1791592096,0.2414,8
1791592101,0.2379,8
1791592106,0.2772,8
1791592111,0.2023,8
1791592116,0.2118,8
1791592121,0.2291,8
1791592126,0.1924,8
1791592131,0.2046,8
1791592136,0.2164,8
1791592141,0.1963,8
1791592146,0.1870,8
1791592151,0.1693,8
1791592156,0.1897,8
1791592161,0.1651,8
1791592166,0.1801,8
1791592171,0.1924,8
1791592176,0.1819,8
1791592181,0.1553,8
1791592186,0.1732,8
1791592191,0.1646,8
1791592196,0.1631,8
1791592201,0.1847,8
1791592206,0.1656,8
1791592211,0.1640,8
1791592216,0.1866,8
1791592221,0.1689,8
1791592226,0.1785,8
1791592231,0.1843,8
1791592236,0.1722,8
1791592241,0.1617,8
1791592246,0.1865,8
1791592251,0.1633,8
1791592256,0.1348,8
1791592261,0.1526,8
1791592266,0.1270,8
1791592271,0.1264,8
1791592276,0.1395,8
1791592281,0.1441,8
1791592286,0.1398,8
1791592291,0.0987,8
1791592296,0.1236,8
1791592301,0.0946,8
1791592306,0.0965,8
1791592311,0.1158,8
1791592316,0.0924,8
1791592321,0.0899,8
1791592326,0.1021,8
1791592331,0.0848,8
1791592336,0.0941,8
1791592341,0.1233,8
1791592346,0.1032,8
1791592351,0.1072,8
1791592356,0.1205,8
1791592361,0.0996,8
1791592366,0.1151,8
1791592371,0.1184,8
1791592376,0.0962,8
1791592381,0.0948,8
1791592386,0.1211,8
1791592391,0.0895,8
1791592396,0.0830,8
1791592401,0.0734,8
1791592406,0.0735,8
1791592411,0.0714,8
1791592416,0.0683,8
1791592421,0.0903,8
1791592426,0.0613,8
1791592431,0.0687,8
1791592436,0.0821,8
1791592441,0.0967,8
1791592446,0.1064,8
1791592451,0.1228,8
1791592456,0.0961,8
1791592461,0.1054,8
1791592466,0.1178,8
1791592471,0.1096,8
1791592476,0.1356,8
1791592481,0.1516,8
1791592486,0.1367,8
1791592491,0.1359,8
1791592496,0.1568,8
1791592501,0.1290,8
1791592506,0.1332,8
1791592511,0.1576,8
1791592516,0.1312,8
1791592521,0.1294,8
1791592526,0.1465,8
1791592531,0.1423,8
1791592536,0.1351,8
1791592541,0.1156,8
1791592546,0.1326,8
1791592551,0.1281,8
1791592556,0.1263,8
1791592561,0.1444,8
1791592566,0.1355,8
1791592571,0.1349,8
1791592576,0.1583,8
1791592581,0.1401,8
1791592586,0.1585,8
1791592591,0.1780,8
1791592596,0.1753,8
1791592601,0.1559,8
1791592606,0.1766,8
1791592611,0.1600,8
1791592616,0.1567,8
1791592621,0.2227,8
1791592626,0.1957,8
1791592631,0.1933,8
1791592636,0.2186,8
1791592641,0.2099,8
1791592646,0.2193,8
1791592651,0.2179,8
1791592656,0.2416,8
1791592661,0.2308,8
1791592666,0.2534,8
1791592671,0.2551,8
1791592676,0.2557,8
1791592681,0.2461,8
1791592686,0.2688,8
1791592691,0.2385,8
1791592696,0.2379,8
1791592701,0.2618,8
1791592706,0.2358,8
1791592711,0.2322,8
1791592716,0.2842,8
1791592721,0.2297,8
1791592726,0.2075,8
1791592731,0.2315,8
1791592736,0.2166,8
1791592741,0.2207,8
1791592746,0.2506,8
1791592751,0.2141,8
1791592756,0.2122,8
1791592761,0.2051,8
1791592766,0.2155,8
1791592771,0.2047,8
1791592776,0.2331,8
1791592781,0.2204,8
1791592786,0.2121,8
1791592791,0.2267,8
1791592796,0.2148,8
1791592801,0.2445,8
1791592806,0.2408,8
1791592811,0.2712,8
1791592816,0.2429,8
1791592821,0.2384,8
1791592826,0.2706,8
1791592832,0.2393,8
1791592837,0.2744,8
1791592842,0.3145,8
1791592847,0.2764,8
1791592852,0.2678,8
1791592857,0.2924,8
1791592862,0.2828,8
1791592867,0.2886,8
1791592872,0.3351,8
1791592877,0.3065,8
1791592882,0.3213,8
1791592887,0.3399,8
1791592892,0.3051,8
1791592897,0.3183,8
1791592902,0.3777,8
1791592907,0.3120,8
1791592912,0.3045,8
1791592917,0.3289,8
1791592922,0.3155,8
1791592927,0.3146,8
1791592932,0.3081,8
1791592937,0.3208,8
1791592942,0.2674,8
1791592947,0.2686,8
1791592952,0.2917,8
1791592957,0.2662,8
1791592962,0.2683,8
1791592967,0.2979,8
1791592972,0.2666,8
1791592977,0.2308,8
1791592982,0.2626,8
1791592987,0.2290,8
1791592992,0.2320,8
1791592997,0.2603,8
1791593002,0.2268,8
1791593007,0.2377,8
1791593012,0.2220,8
1791593017,0.2021,8
1791593022,0.2023,8
1791593027,0.2290,8
1791593032,0.1971,8
1791593037,0.2016,8
1791593042,0.2111,8
1791593047,0.1953,8
1791593052,0.1653,8
1791593057,0.1694,8
1791593062,0.1834,8
1791593067,0.1710,8
1791593072,0.1680,8
1791593077,0.1956,8
1791593082,0.1580,8
1791593087,0.1628,8
1791593092,0.1863,8
1791593097,0.1651,8
1791593102,0.1659,8
1791593107,0.1924,8
1791593112,0.1655,8
1791593117,0.1682,8
1791593122,0.1902,8
1791593127,0.1679,8
1791593132,0.1688,8
1791593137,0.1868,8
1791593142,0.1760,8
1791593147,0.1794,8
1791593152,0.1945,8
1791593157,0.1281,8
1791593162,0.1352,8
1791593167,0.1548,8
1791593172,0.1396,8
1791593177,0.1274,8
1791593182,0.1259,8
1791593187,0.1532,8
1791593192,0.1046,8
1791593197,0.1057,8
1791593202,0.1123,8
1791593207,0.0960,8
1791593212,0.1048,8
1791593217,0.1163,8
1791593222,0.0990,8
1791593227,0.0803,8
1791593232,0.1111,8
1791593237,0.0989,8
1791593242,0.0952,8
1791593247,0.1183,8
1791593252,0.0950,8
1791593257,0.0976,8
1791593262,0.1133,8
1791593267,0.1020,8
1791593272,0.1142,8
1791593277,0.1235,8
1791593282,0.1009,8
1791593287,0.1095,8
1791593292,0.1156,8
1791593297,0.0890,8
1791593302,0.0622,8
1791593307,0.0628,8
1791593312,0.0817,8
1791593317,0.0681,8
1791593322,0.0665,8
1791593327,0.0843,8
1791593332,0.0817,8
1791593337,0.0606,8
1791593342,0.1226,8
1791593347,0.0994,8
1791593352,0.1012,8
1791593357,0.1165,8
1791593362,0.0908,8
1791593367,0.0993,8
1791593372,0.1159,8
1791593377,0.1254,8
1791593382,0.1283,8
1791593387,0.1514,8
1791593392,0.1400,8
1791593397,0.1268,8
1791593402,0.1484,8
1791593407,0.1285,8
1791593412,0.1329,8
1791593417,0.1498,8
1791593422,0.1280,8
1791593427,0.1276,8
1791593432,0.1452,8
1791593437,0.1359,8
1791593442,0.1161,8
1791593447,0.1100,8
1791593452,0.1482,8
1791593457,0.1357,8
1791593462,0.1282,8
1791593467,0.1571,8
1791593472,0.1312,8
1791593477,0.1344,8
1791593482,0.1559,8
1791593487,0.1674,8
1791593492,0.1596,8
1791593497,0.1745,8
1791593502,0.1605,8
1791593507,0.1591,8
1791593512,0.1788,8
1791593517,0.1736,8
1791593522,0.1946,8
1791593527,0.2183,8
1791593532,0.1936,8
1791593537,0.1909,8
1791593542,0.2217,8
1791593547,0.2053,8
1791593552,0.2054,8
1791593557,0.2478,8
1791593562,0.2305,8
1791593567,0.2381,8
1791593572,0.2298,8
1791593577,0.2559,8
1791593582,0.2414,8
1791593587,0.2353,8
1791593592,0.2705,8
1791593597,0.2319,8
1791593602,0.2543,8
1791593607,0.2632,8
1791593612,0.2387,8
1791593617,0.2361,8
1791593622,0.2580,8
1791593627,0.2008,8
1791593632,0.2097,8
1791593637,0.2318,8
1791593642,0.1958,8
1791593647,0.1990,8
1791593652,0.2149,8
1791593657,0.1885,8
1791593662,0.1638,8
1791593667,0.2227,8
1791593672,0.2000,8
1791593677,0.2015,8
1791593682,0.2146,8
1791593687,0.2026,8
1791593692,0.2025,8
1791593697,0.2033,8
1791593702,0.2832,8
1791593707,0.2305,8
1791593712,0.2325,8
1791593717,0.2571,8
1791593722,0.2350,8
1791593727,0.2299,8
1791593732,0.2527,8
1791593737,0.2598,8
1791593742,0.3589,8
1791593747,0.3909,8
1791593752,0.2641,8
1791593757,0.2597,8
1791593762,0.3368,8
1791593767,0.2790,8
1791593772,0.2905,8
1791593777,0.3310,8
1791593782,0.3043,8
1791593787,0.3055,8
1791593792,0.3067,8
1791593797,0.3135,8
1791593802,0.3026,8
1791593807,0.3065,8
1791593812,0.3269,8
1791593817,0.3178,8
1791593823,0.3117,8
1791593828,0.3417,8
1791593833,0.3016,8
1791593838,0.2982,8
1791593843,0.3004,8
1791593848,0.2629,8
1791593853,0.2705,8
1791593858,0.2982,8
1791593863,0.2715,8
1791593868,0.2673,8
1791593873,0.2867,8
1791593878,0.2319,8
1791593883,0.2441,8
1791593888,0.2739,8
1791593893,0.2258,8
1791593898,0.2290,8
1791593903,0.2502,8
1791593908,0.2266,8
1791593913,0.2080,8
1791593918,0.2121,8
1791593923,0.2154,8
1791593928,0.2011,8
1791593933,0.1984,8
1791593938,0.2200,8
1791593943,0.2030,8
1791593948,0.2042,8
1791593953,0.1936,8
1791593958,0.1660,8
1791593963,0.1626,8
1791593968,0.1839,8
1791593973,0.1658,8
1791593978,0.1688,8
1791593983,0.1734,8
1791593988,0.1432,8
1791593993,0.1607,8
1791593998,0.1779,8
1791594003,0.1604,8
1791594008,0.1717,8
1791594013,0.1790,8
1791594018,0.1601,8
1791594023,0.1645,8
1791594028,0.1826,8
1791594033,0.1621,8
1791594038,0.1673,8
1791594043,0.1684,8
1791594048,0.1726,8
1791594053,0.1706,8
1791594058,0.1308,8
1791594063,0.1532,8
1791594068,0.1319,8
1791594073,0.1370,8
1791594078,0.1511,8
1791594083,0.1292,8
1791594088,0.1294,8
1791594093,0.1270,8
1791594098,0.1010,8
1791594103,0.0928,8
1791594108,0.1168,8
1791594113,0.0960,8
1791594118,0.0921,8
1791594123,0.1178,8
1791594128,0.0825,8
1791594133,0.0960,8
1791594138,0.1177,8
1791594143,0.1014,8
1791594148,0.0924,8
1791594153,0.1140,8
1791594158,0.0986,8
1791594163,0.0977,8
1791594168,0.1247,8
1791594173,0.1054,8
1791594178,0.0918,8
1791594183,0.0988,8
1791594188,0.1172,8
1791594193,0.1039,8
1791594198,0.0949,8
1791594203,0.0914,8
1791594208,0.0691,8
1791594213,0.0664,8
1791594218,0.0837,8
1791594223,0.0674,8
1791594228,0.0610,8
1791594233,0.0868,8
1791594238,0.0687,8
1791594243,0.0992,8
1791594248,0.1191,8
1791594253,0.1119,8
1791594258,0.0946,8
1791594263,0.1168,8
1791594268,0.0913,8
1791594273,0.0961,8
1791594278,0.1478,8
1791594283,0.1269,8
1791594288,0.1268,8
1791594293,0.1518,8
1791594298,0.1267,8
1791594303,0.1294,8
1791594308,0.1493,8
1791594313,0.1293,8
1791594318,0.1398,8
1791594323,0.1283,8
1791594328,0.1483,8
1791594333,0.1313,8
1791594338,0.1297,8
1791594343,0.1408,8
1791594348,0.1092,8
1791594353,0.1344,8
1791594358,0.1530,8
1791594363,0.1380,8
1791594368,0.1340,8
1791594373,0.1515,8
1791594378,0.1388,8
1791594383,0.1298,8
1791594388,0.1845,8
1791594393,0.1612,8
1791594398,0.1638,8
1791594403,0.1817,8
1791594408,0.1696,8
1791594413,0.1639,8
1791594418,0.1829,8
1791594423,0.2003,8
1791594428,0.1965,8
1791594433,0.2208,8
1791594438,0.2093,8
1791594443,0.1979,8
1791594448,0.2262,8
1791594453,0.2063,8
1791594458,0.2298,8
1791594463,0.2282,8
1791594468,0.2508,8
1791594473,0.2342,8
1791594478,0.2231,8
1791594483,0.2501,8
1791594488,0.2310,8
1791594493,0.2437,8
1791594498,0.2560,8
1791594503,0.2389,8
1791594508,0.2281,8
1791594513,0.2512,8
1791594518,0.2250,8
1791594523,0.2206,8
1791594528,0.2196,8
1791594533,0.1960,8
1791594538,0.1879,8
1791594543,0.2242,8
1791594548,0.1991,8
1791594553,0.2034,8
1791594558,0.2201,8
1791594563,0.1806,8
1791594568,0.2061,8
1791594573,0.2233,8
1791594578,0.2100,8
1791594583,0.2044,8
1791594588,0.2034,8
1791594593,0.2221,8
1791594598,0.1982,8
1791594603,0.2399,8
1791594608,0.2610,8
1791594613,0.2317,8
1791594618,0.2328,8
1791594623,0.2734,8
1791594628,0.2369,8
1791594633,0.2340,8
1791594638,0.2899,8
1791594643,0.2811,8
1791594648,0.2799,8
1791594653,0.3070,8
1791594658,0.2762,8
1791594663,0.2760,8
1791594668,0.3034,8
1791594673,0.3530,8
1791594678,0.3059,8
1791594683,0.3432,8
1791594688,0.3134,8
1791594693,0.3094,8
1791594698,0.3345,8
1791594703,0.3075,8
1791594708,0.3149,8
1791594713,0.2983,8
1791594718,0.3418,8
1791594723,0.3133,8
1791594728,0.3118,8
1791594733,0.3268,8
1791594738,0.3078,8
1791594743,0.2768,8
1791594748,0.3249,8
1791594753,0.2799,8
1791594758,0.2788,8
1791594763,0.3038,8
1791594768,0.2790,8
1791594773,0.2801,8
1791594778,0.2672,8
1791594783,0.2517,8
1791594788,0.2407,8
1791594793,0.2581,8
1791594798,0.2362,8
1791594803,0.2429,8
1791594808,0.2894,8
1791594813,0.2162,8
1791594818,0.2056,8
1791594824,0.2219,8
1791594829,0.2064,8
1791594834,0.2019,8
1791594839,0.2037,8
1791594844,0.2347,8
1791594849,0.1967,8
1791594854,0.1688,8
1791594859,0.1985,8
1791594864,0.1715,8
1791594869,0.1811,8
1791594874,0.1902,8
1791594879,0.1735,8
1791594884,0.1654,8
1791594889,0.1646,8
1791594894,0.1584,8
1791594899,0.1569,8
1791594904,0.1887,8
1791594909,0.1686,8
1791594914,0.1621,8
1791594919,0.1823,8
1791594924,0.1613,8
1791594929,0.1861,8
1791594934,0.1894,8
1791594939,0.1713,8
1791594944,0.1694,8
1791594949,0.1904,8
1791594954,0.1629,8
1791594959,0.1382,8
1791594964,0.1495,8
1791594969,0.1492,8
1791594974,0.1347,8
1791594979,0.1428,8
1791594984,0.1624,8
1791594989,0.1334,8
1791594994,0.1273,8
1791594999,0.1246,8
1791595004,0.0964,8
1791595009,0.0987,8
1791595014,0.1182,8
1791595019,0.0963,8
1791595024,0.1045,8
1791595029,0.1074,8
1791595034,0.0827,8
1791595039,0.1024,8
1791595044,0.1258,8
1791595049,0.1036,8
1791595054,0.1141,8
1791595059,0.1250,8
1791595064,0.1012,8
1791595069,0.1041,8
1791595074,0.1225,8
1791595079,0.1051,8
1791595084,0.0998,8
1791595089,0.1128,8
1791595094,0.1178,8
1791595099,0.0998,8
1791595104,0.0637,8
1791595109,0.1025,8
1791595114,0.0764,8
1791595119,0.0682,8
1791595124,0.0921,8
1791595129,0.0730,8
1791595134,0.0658,8
1791595139,0.0840,8
1791595144,0.0970,8
1791595149,0.1020,8
1791595154,0.1199,8
1791595159,0.0976,8
1791595164,0.0971,8
1791595169,0.1238,8
1791595174,0.0940,8
1791595179,0.1383,8
1791595184,0.1493,8
1791595189,0.1332,8
1791595194,0.1307,8
1791595199,0.1548,8
1791595204,0.1322,8
1791595209,0.1278,8
1791595214,0.1490,8
1791595219,0.1243,8
1791595224,0.1262,8
1791595229,0.1261,8
1791595234,0.1471,8
1791595239,0.1354,8
1791595244,0.1189,8
1791595249,0.1250,8
1791595254,0.1239,8
1791595259,0.1258,8
1791595264,0.1493,8
1791595269,0.1275,8
1791595274,0.1334,8
1791595279,0.1510,8
1791595284,0.1281,8
1791595289,0.1624,8
1791595294,0.1748,8
1791595299,0.1673,8
1791595304,0.1543,8
1791595309,0.1801,8
1791595314,0.1577,8
1791595319,0.1583,8
1791595324,0.2107,8
1791595329,0.1930,8
1791595334,0.1910,8
1791595339,0.2140,8
1791595344,0.2051,8
1791595349,0.2143,8
1791595354,0.2075,8
1791595359,0.2498,8
1791595364,0.2306,8
1791595369,0.2274,8
1791595374,0.2538,8
1791595379,0.2393,8
1791595384,0.2326,8
1791595389,0.2632,8
1791595394,0.2517,8
1791595399,0.2451,8
1791595404,0.2560,8
1791595409,0.2298,8
1791595414,0.2398,8
1791595419,0.2516,8
1791595424,0.2328,8
1791595429,0.1982,8
1791595434,0.2197,8
1791595439,0.1977,8
1791595444,0.2000,8
1791595449,0.2176,8
1791595454,0.1975,8
1791595459,0.1932,8
1791595464,0.1843,8
1791595469,0.1997,8
1791595474,0.2021,8
1791595479,0.2167,8
1791595484,0.2140,8
1791595489,0.1981,8
1791595494,0.1963,8
1791595499,0.2150,8
1791595504,0.2348,8
1791595509,0.2360,8
1791595514,0.2559,8
1791595519,0.2338,8
1791595524,0.2344,8
1791595529,0.2534,8
1791595534,0.2328,8
1791595539,0.2553,8
1791595544,0.3006,8
1791595549,0.2762,8
1791595554,0.2736,8
1791595559,0.2888,8
1791595564,0.2801,8
1791595569,0.2756,8
1791595574,0.3225,8
1791595579,0.3160,8
1791595584,0.3100,8
1791595589,0.3296,8
1791595594,0.3072,8
1791595599,0.3053,8
1791595604,0.3346,8
1791595609,0.3219,8
1791595614,0.3073,8
1791595619,0.3156,8
1791595624,0.3363,8
1791595629,0.3094,8
1791595634,0.3153,8
1791595639,0.3254,8
1791595644,0.2710,8
1791595649,0.2764,8
1791595654,0.3171,8
1791595659,0.2777,8
1791595664,0.2721,8
1791595669,0.3186,8
1791595674,0.2673,8
1791595679,0.2466,8
1791595684,0.2757,8
1791595689,0.2442,8
1791595694,0.2381,8
1791595699,0.2592,8
1791595704,0.2388,8
1791595709,0.2428,8
1791595714,0.2334,8
1791595719,0.1982,8
1791595724,0.2010,8
1791595729,0.2458,8
1791595734,0.2034,8
1791595739,0.2039,8
1791595744,0.2096,8
1791595749,0.2179,8
1791595754,0.1662,8
1791595759,0.1654,8
1791595764,0.1880,8
1791595769,0.1609,8
1791595774,0.1600,8
1791595779,0.1822,8
1791595784,0.1528,8
1791595789,0.1499,8
1791595795,0.1840,8
1791595800,0.1646,8
1791595805,0.1680,8
1791595810,0.1823,8
1791595815,0.1623,8
1791595820,0.1568,8
1791595825,0.1835,8
1791595830,0.1646,8
1791595835,0.1686,8
1791595840,0.1791,8
1791595845,0.1590,8
1791595850,0.1590,8
1791595855,0.1909,8
1791595860,0.1328,8
1791595865,0.1329,8
1791595870,0.1414,8
1791595875,0.1354,8
1791595880,0.1241,8
1791595885,0.1272,8
1791595890,0.1456,8
1791595895,0.1084,8
1791595900,0.0976,8
1791595905,0.1158,8
1791595910,0.0928,8
1791595915,0.1051,8
1791595920,0.1142,8
1791595925,0.0955,8
1791595930,0.0900,8
1791595935,0.0971,8
1791595940,0.0952,8
1791595945,0.0957,8
1791595950,0.1165,8
1791595955,0.0940,8
1791595960,0.0952,8
1791595965,0.1169,8
1791595970,0.0988,8
1791595975,0.1109,8
1791595980,0.1167,8
1791595985,0.1023,8
1791595990,0.1017,8
1791595995,0.1284,8
1791596000,0.1087,8
1791596005,0.0657,8
1791596010,0.0676,8
1791596015,0.0788,8
1791596020,0.0645,8
1791596025,0.0689,8
1791596030,0.0924,8
1791596035,0.0725,8
1791596040,0.0600,8
1791596045,0.1157,8
1791596050,0.0914,8
1791596055,0.0934,8
1791596060,0.1117,8
1791596065,0.0984,8
1791596070,0.0985,8
1791596075,0.1175,8
1791596080,0.1162,8
1791596085,0.1314,8
1791596090,0.1450,8
1791596095,0.1270,8
1791596100,0.1377,8
1791596105,0.1488,8
1791596110,0.1274,8
1791596115,0.1309,8
1791596120,0.1470,8
1791596125,0.1251,8
1791596130,0.1246,8
1791596135,0.1444,8
1791596140,0.1229,8
1791596145,0.1229,8
1791596150,0.0984,8
1791596155,0.1600,8
1791596160,0.1477,8
1791596165,0.1400,8
1791596170,0.1509,8
1791596175,0.1330,8
1791596180,0.1238,8
1791596185,0.1483,8
1791596190,0.1638,8
1791596195,0.1637,8
1791596200,0.1814,8
1791596205,0.1607,8
1791596210,0.1571,8
1791596215,0.1806,8
1791596220,0.1720,8
1791596225,0.1897,8
1791596230,0.2077,8
1791596235,0.1866,8
1791596240,0.1858,8
1791596245,0.2177,8
1791596250,0.2115,8
1791596255,0.1928,8
1791596260,0.2310,8
1791596265,0.2323,8
1791596270,0.2183,8
1791596275,0.2350,8
1791596280,0.2353,8
1791596285,0.2417,8
1791596290,0.2279,8
1791596295,0.2707,8
1791596300,0.2389,8
1791596305,0.2371,8
1791596310,0.2489,8
1791596315,0.2282,8
1791596320,0.2265,8
1791596325,0.2563,8
1791596330,0.1969,8
1791596335,0.1926,8
1791596340,0.2133,8
1791596345,0.2120,8
1791596350,0.1962,8
1791596355,0.2226,8
1791596360,0.1922,8
1791596365,0.1649,8
1791596370,0.2182,8
1791596375,0.2023,8
1791596380,0.1941,8
1791596385,0.2191,8
1791596390,0.1934,8
1791596395,0.1956,8
1791596400,0.2125,8
1791596405,0.2508,8
1791596410,0.2313,8
1791596415,0.2332,8
1791596420,0.2596,8
1791596425,0.2374,8
1791596430,0.2374,8
1791596435,0.2605,8
1791596440,0.2509,8
1791596445,0.2790,8
1791596450,0.3057,8
1791596455,0.2802,8
1791596460,0.2792,8
1791596465,0.3178,8
1791596470,0.2777,8
1791596475,0.3172,8
1791596480,0.3505,8
1791596485,0.3160,8
1791596490,0.3345,8
1791596495,0.3341,8
1791596500,0.3077,8
1791596505,0.3026,8
1791596510,0.3353,8
1791596515,0.3118,8
1791596520,0.3565,8
1791596525,0.3095,8
1791596530,0.3458,8
1791596535,0.3082,8
1791596540,0.3148,8
1791596545,0.3099,8
1791596550,0.2780,8
1791596555,0.2821,8
1791596560,0.3033,8
1791596565,0.2706,8
1791596570,0.2799,8
1791596575,0.2975,8
1791596580,0.2521,8
1791596585,0.2467,8
1791596590,0.2834,8
1791596595,0.2347,8
1791596600,0.2317,8
1791596605,0.2700,8
1791596610,0.2474,8
1791596615,0.2267,8
1791596620,0.2285,8
1791596625,0.2027,8
1791596630,0.2068,8
1791596635,0.2186,8
1791596640,0.1987,8
1791596645,0.2043,8
1791596650,0.2047,8
1791596655,0.1847,8
1791596660,0.1638,8
1791596665,0.1630,8
1791596670,0.1897,8
1791596675,0.1674,8
1791596680,0.1627,8
1791596685,0.1905,8
1791596690,0.1305,8
1791596695,0.1669,8
1791596700,0.1825,8
1791596705,0.1732,8
1791596710,0.1659,8
1791596715,0.2070,8
1791596720,0.1633,8
1791596725,0.1655,8
1791596730,0.1923,8
1791596735,0.1664,8
1791596740,0.1714,8
1791596745,0.1893,8
1791596750,0.1675,8
1791596755,0.1615,8
1791596760,0.1584,8
1791596765,0.1382,8
1791596770,0.1377,8
1791596776,0.1416,8
1791596781,0.1546,8
1791596786,0.1342,8
1791596791,0.1315,8
1791596796,0.1420,8
1791596801,0.0965,8
1791596806,0.0937,8
1791596811,0.1195,8
1791596816,0.0925,8
1791596821,0.0978,8
1791596826,0.1156,8
1791596831,0.0875,8
1791596836,0.0852,8
1791596841,0.1185,8
1791596846,0.1001,8
1791596851,0.1003,8
1791596856,0.1323,8
1791596861,0.0961,8
1791596866,0.0939,8
1791596871,0.1239,8
1791596876,0.0998,8
1791596881,0.0960,8
1791596886,0.1241,8
1791596891,0.1021,8
1791596896,0.1051,8
1791596901,0.1185,8
1791596906,0.0850,8
1791596911,0.0678,8
1791596916,0.0645,8
1791596921,0.0793,8
1791596926,0.0687,8
1791596931,0.0593,8
1791596936,0.0821,8
1791596941,0.0607,8
1791596946,0.0906,8
1791596951,0.1251,8
1791596956,0.1020,8
1791596961,0.1179,8
1791596966,0.1162,8
1791596971,0.0920,8
1791596976,0.0953,8
1791596981,0.1373,8
1791596986,0.1354,8
1791596991,0.1319,8
1791596996,0.1511,8
1791597001,0.1296,8
1791597006,0.1362,8
1791597011,0.1533,8
1791597016,0.1372,8
1791597021,0.1413,8
1791597026,0.1543,8
1791597031,0.1306,8
1791597036,0.1367,8
1791597041,0.1355,8
1791597046,0.1542,8
1791597051,0.0957,8
1791597056,0.1367,8
1791597061,0.1581,8
1791597066,0.1356,8
1791597071,0.1354,8
1791597076,0.1698,8
1791597081,0.1547,8
1791597086,0.1398,8
1791597091,0.1820,8
1791597096,0.1685,8
1791597101,0.1589,8
1791597106,0.1925,8
1791597111,0.1662,8
1791597116,0.1573,8
1791597121,0.1957,8
1791597126,0.1951,8
1791597131,0.2034,8
1791597136,0.2340,8
1791597141,0.2035,8
1791597146,0.2158,8
1791597151,0.2257,8
1791597156,0.2009,8
1791597161,0.2152,8
1791597166,0.2394,8
1791597171,0.2564,8
1791597176,0.2385,8
1791597181,0.2309,8
1791597186,0.2579,8
1791597191,0.2407,8
1791597196,0.2534,8
1791597201,0.2652,8
1791597206,0.2608,8
1791597211,0.2334,8
1791597216,0.2556,8
1791597221,0.2312,8
1791597226,0.2586,8
1791597231,0.2110,8
1791597236,0.1955,8
1791597241,0.1946,8
1791597246,0.2284,8
1791597251,0.1928,8
1791597256,0.2008,8
1791597261,0.2268,8
1791597266,0.1877,8
1791597271,0.1921,8
1791597276,0.2303,8
1791597281,0.2053,8
1791597286,0.2076,8
1791597291,0.2103,8
1791597296,0.2258,8
1791597301,0.2068,8
1791597306,0.2398,8
1791597311,0.2671,8
1791597316,0.2464,8
1791597321,0.2416,8
1791597326,0.2671,8
1791597331,0.2542,8
1791597336,0.2424,8
1791597341,0.2917,8
1791597346,0.2731,8
1791597351,0.2779,8
1791597356,0.2950,8
1791597361,0.2763,8
1791597366,0.2811,8
1791597371,0.2974,8
1791597376,0.2888,8
1791597381,0.3145,8
1791597386,0.3353,8
1791597391,0.3189,8
1791597396,0.3053,8
1791597401,0.3267,8
1791597406,0.3127,8
1791597411,0.3250,8
1791597416,0.3160,8
1791597421,0.3622,8
1791597426,0.3502,8
1791597431,0.3187,8
1791597436,0.3443,8
1791597441,0.3060,8
1791597446,0.2885,8
1791597451,0.3096,8
1791597456,0.2811,8
1791597461,0.2822,8
1791597466,0.2981,8
1791597471,0.2801,8
1791597476,0.2669,8
1791597481,0.2805,8
1791597486,0.2548,8
1791597491,0.2425,8
1791597496,0.2733,8
1791597501,0.2500,8
1791597506,0.2506,8
1791597511,0.2886,8
1791597516,0.2391,8
1791597521,0.2159,8
1791597526,0.2227,8
1791597531,0.2182,8
1791597536,0.2232,8
1791597541,0.2036,8
1791597546,0.2388,8
1791597551,0.1948,8
1791597556,0.1724,8
1791597561,0.1940,8
1791597566,0.1681,8
1791597571,0.1661,8
1791597576,0.1974,8
1791597581,0.1675,8
1791597586,0.1675,8
1791597591,0.1581,8
1791597596,0.1688,8
1791597601,0.1677,8
1791597606,0.1932,8
1791597611,0.1651,8
1791597616,0.1629,8
1791597621,0.1843,8
1791597626,0.1666,8
1791597631,0.1668,8
1791597636,0.2027,8
1791597641,0.1592,8
1791597646,0.1658,8
1791597651,0.1833,8
1791597656,0.1618,8
1791597661,0.1539,8
1791597666,0.1393,8
1791597671,0.1474,8
1791597676,0.1327,8
1791597681,0.1285,8
1791597686,0.1578,8
1791597691,0.1306,8
1791597696,0.1298,8
1791597701,0.1216,8
1791597706,0.1015,8
1791597711,0.0945,8
1791597716,0.1198,8
1791597721,0.0942,8
1791597726,0.1011,8
1791597731,0.1122,8
1791597736,0.0697,8
1791597741,0.1062,8
1791597747,0.1236,8
1791597752,0.1024,8
1791597757,0.0945,8
1791597762,0.1351,8
1791597767,0.0983,8
1791597772,0.0840,8
1791597777,0.1211,8
1791597782,0.1019,8
1791597787,0.0996,8
1791597792,0.1084,8
1791597797,0.1152,8
1791597802,0.0906,8
1791597807,0.0719,8
1791597812,0.0851,8
1791597817,0.0609,8
1791597822,0.0731,8
1791597827,0.0848,8
1791597832,0.0594,8
1791597837,0.0652,8
1791597842,0.0941,8
1791597847,0.0924,8
1791597852,0.0919,8
1791597857,0.1131,8
1791597862,0.0910,8
1791597867,0.0949,8
1791597872,0.1256,8
1791597877,0.1010,8
1791597882,0.1173,8
1791597887,0.1509,8
1791597892,0.1253,8
1791597897,0.1284,8
1791597902,0.1497,8
1791597907,0.1287,8
1791597912,0.1271,8
1791597917,0.1576,8
1791597922,0.1283,8
1791597927,0.1312,8
1791597932,0.1389,8
1791597937,0.1452,8
1791597942,0.1450,8
1791597947,0.1377,8
1791597952,0.1171,8
1791597957,0.1310,8
1791597962,0.1282,8
1791597967,0.1497,8
1791597972,0.1322,8
1791597977,0.1358,8
1791597982,0.1565,8
1791597987,0.1284,8
1791597992,0.1633,8
1791597997,0.1870,8
1791598002,0.1614,8
1791598007,0.1779,8
1791598012,0.1846,8
1791598017,0.1667,8
1791598022,0.1623,8
1791598027,0.2116,8
1791598032,0.2100,8
1791598037,0.2138,8
1791598042,0.2203,8
1791598047,0.2179,8
1791598052,0.2067,8
1791598057,0.2232,8
1791598062,0.2413,8
1791598067,0.2803,8
1791598072,0.2347,8
1791598077,0.2626,8
1791598082,0.2474,8
1791598087,0.2449,8
1791598092,0.2673,8
1791598097,0.2445,8
1791598102,0.2356,8
1791598107,0.2653,8
1791598112,0.2448,8
1791598117,0.2435,8
1791598122,0.2586,8
1791598127,0.2609,8
1791598132,0.2094,8
1791598137,0.2370,8
1791598142,0.2095,8
1791598147,0.2155,8
1791598152,0.2254,8
1791598157,0.2169,8
1791598162,0.2098,8
1791598167,0.2143,8
1791598172,0.1970,8
1791598177,0.1951,8
1791598182,0.2206,8
1791598187,0.2145,8
1791598192,0.2030,8
1791598197,0.2022,8
1791598202,0.2168,8
1791598207,0.2301,8
1791598212,0.2435,8
1791598217,0.2778,8
1791598222,0.2552,8
1791598227,0.2578,8
1791598232,0.2889,8
1791598237,0.2623,8
1791598242,0.2964,8
1791598247,0.3513,8
1791598252,0.3088,8
1791598257,0.3082,8
1791598262,0.3246,8
1791598267,0.3045,8
1791598272,0.3059,8
1791598277,0.3532,8
1791598282,0.3770,8
1791598287,0.3317,8
1791598292,0.3494,8
1791598297,0.3147,8
1791598302,0.3220,8
1791598307,0.3435,8
1791598312,0.3339,8
1791598317,0.3127,8
1791598322,0.3239,8
1791598327,0.3415,8
1791598332,0.3197,8
1791598337,0.3281,8
1791598342,0.3410,8
1791598347,0.2937,8
1791598352,0.2861,8
1791598357,0.3048,8
1791598362,0.2854,8
1791598367,0.2728,8
1791598372,0.3189,8
1791598377,0.2707,8
1791598382,0.2663,8
1791598387,0.2740,8
1791598392,0.2351,8
1791598397,0.2347,8
1791598402,0.2550,8
1791598407,0.2471,8
1791598412,0.2399,8
1791598417,0.2502,8
1791598422,0.2023,8
1791598427,0.1959,8
1791598432,0.2151,8
1791598437,0.2232,8
1791598442,0.1991,8
1791598447,0.1987,8
1791598452,0.2209,8
1791598457,0.1667,8
1791598462,0.1714,8
1791598467,0.1902,8
1791598472,0.1686,8
1791598477,0.1639,8
1791598482,0.1901,8
1791598487,0.1654,8
1791598492,0.1318,8
1791598497,0.1982,8
1791598502,0.1713,8
1791598507,0.1718,8
1791598512,0.1881,8
1791598517,0.1727,8
1791598522,0.1635,8
1791598527,0.1946,8
1791598532,0.1820,8
1791598537,0.1720,8
1791598542,0.2027,8
1791598547,0.1736,8
1791598552,0.1688,8
1791598557,0.1989,8
1791598562,0.1545,8
1791598567,0.1316,8
1791598572,0.1275,8
1791598577,0.1526,8
1791598582,0.1319,8
1791598587,0.1309,8
1791598592,0.1557,8
1791598597,0.1183,8
1791598602,0.0999,8
1791598607,0.1185,8
1791598612,0.0950,8
1791598617,0.0953,8
1791598622,0.1331,8
1791598627,0.0993,8
1791598632,0.0929,8
1791598637,0.0886,8
1791598642,0.0932,8
1791598647,0.0954,8
1791598652,0.1161,8
1791598657,0.0918,8
1791598662,0.0991,8
1791598667,0.1253,8
1791598672,0.0959,8
1791598677,0.0973,8
1791598682,0.1454,8
1791598687,0.0955,8
1791598692,0.0967,8
1791598697,0.1134,8
1791598702,0.1221,8
1791598707,0.0751,8
1791598712,0.0613,8
1791598717,0.0808,8
1791598723,0.0607,8
1791598728,0.0630,8
1791598733,0.0812,8
1791598738,0.0626,8
1791598743,0.0839,8
1791598748,0.1068,8
1791598753,0.1016,8
1791598758,0.0938,8
1791598763,0.1181,8
1791598768,0.1042,8
1791598773,0.1070,8
1791598778,0.1159,8
1791598783,0.1234,8
1791598788,0.1380,8
1791598793,0.1590,8
1791598798,0.1457,8
1791598803,0.1609,8
1791598808,0.1578,8
1791598813,0.1377,8
1791598818,0.1389,8
1791598823,0.1594,8
1791598828,0.1416,8
1791598833,0.1390,8
1791598838,0.1453,8
1791598843,0.1571,8
1791598848,0.1443,8
1791598853,0.1075,8
1791598858,0.1620,8
1791598863,0.1379,8
1791598868,0.1475,8
1791598873,0.1646,8
1791598878,0.1474,8
1791598883,0.1414,8
1791598888,0.1639,8
1791598893,0.1714,8
1791598898,0.1780,8
1791598903,0.1993,8
1791598908,0.1774,8
1791598913,0.1726,8
1791598918,0.2108,8
1791598923,0.1878,8
1791598928,0.2280,8
1791598933,0.2438,8
1791598938,0.2167,8
1791598943,0.2185,8
1791598948,0.2398,8
1791598953,0.2179,8
1791598958,0.2173,8
1791598963,0.2260,8
1791598968,0.3186,8
1791598973,0.2606,8
1791598978,0.2653,8
1791598983,0.2849,8
1791598988,0.2763,8
1791598993,0.2706,8
1791598998,0.3085,8
1791599003,0.2637,8
1791599008,0.2688,8
1791599013,0.2875,8
1791599018,0.2538,8
1791599023,0.2678,8
1791599028,0.2879,8
1791599033,0.2335,8
1791599038,0.2275,8
1791599043,0.2613,8
1791599048,0.2252,8
1791599053,0.2350,8
1791599058,0.2505,8
1791599063,0.2162,8
1791599068,0.1985,8
1791599073,0.2137,8
1791599078,0.2340,8
1791599083,0.2222,8
1791599088,0.2223,8
1791599093,0.2439,8
1791599098,0.2170,8
1791599103,0.2217,8
1791599108,0.2661,8
1791599113,0.2812,8
1791599118,0.2766,8
1791599123,0.3003,8
1791599128,0.2760,8
1791599133,0.2792,8
1791599138,0.2945,8
1791599143,0.2806,8
1791599148,0.3083,8
1791599153,0.3370,8
1791599158,0.3162,8
1791599163,0.3106,8
1791599168,0.3306,8
1791599173,0.3251,8
1791599178,0.3120,8
1791599183,0.3863,8
1791599188,0.4017,8
1791599193,0.3929,8
1791599198,0.3580,8
1791599203,0.3947,8
1791599208,0.3764,8
1791599213,0.3575,8
1791599218,0.3821,8
1791599223,0.3398,8
1791599228,0.3452,8
1791599233,0.3653,8
1791599238,0.3595,8
1791599243,0.3297,8
1791599248,0.3452,8
1791599253,0.3036,8
1791599258,0.2941,8
1791599263,0.3212,8
1791599268,0.2897,8
1791599273,0.2880,8
1791599278,0.3146,8
1791599283,0.2799,8
1791599288,0.2531,8
1791599293,0.2642,8
1791599298,0.2804,8
1791599303,0.2457,8
1791599308,0.2546,8
1791599313,0.2814,8
1791599318,0.2424,8
1791599323,0.2282,8
1791599328,0.2313,8
1791599333,0.2105,8
1791599338,0.2101,8
1791599343,0.2334,8
1791599348,0.2159,8
1791599353,0.2135,8
1791599358,0.2183,8
1791599363,0.1761,8
1791599368,0.1726,8
1791599373,0.2023,8
1791599378,0.1797,8
1791599383,0.1808,8
1791599388,0.2119,8
1791599393,0.1496,8
1791599398,0.1722,8
1791599403,0.1996,8
1791599408,0.1762,8
1791599413,0.1742,8
1791599418,0.1893,8
1791599423,0.2023,8
1791599428,0.1756,8
1791599433,0.1768,8
1791599438,0.1955,8
1791599443,0.1772,8
1791599448,0.1728,8
1791599453,0.2005,8
1791599458,0.1774,8
1791599463,0.1686,8
1791599468,0.1700,8
1791599473,0.1422,8
1791599478,0.1467,8
1791599483,0.1818,8
1791599488,0.1468,8
1791599493,0.1434,8
1791599498,0.1623,8
1791599503,0.1152,8
1791599508,0.1092,8
1791599513,0.1287,8
1791599518,0.1025,8
1791599523,0.1121,8
1791599528,0.1312,8
1791599533,0.1043,8
1791599538,0.0698,8
1791599543,0.1180,8
1791599548,0.1278,8
1791599553,0.1021,8
1791599558,0.0999,8
1791599563,0.1303,8
1791599568,0.1090,8
1791599573,0.1158,8
1791599578,0.1271,8
1791599583,0.1028,8
1791599588,0.0983,8
1791599593,0.1224,8
1791599598,0.1021,8
1791599603,0.0944,8
1791599608,0.1222,8
1791599613,0.0623,8
1791599618,0.0605,8
1791599623,0.0823,8
1791599628,0.0649,8
1791599633,0.0567,8
1791599638,0.0870,8
1791599643,0.0705,8
1791599648,0.0826,8
1791599653,0.1135,8
1791599659,0.1036,8
1791599664,0.0924,8
1791599669,0.1252,8
1791599674,0.1076,8
1791599679,0.1070,8
1791599684,0.0941,8
1791599689,0.1561,8
1791599694,0.1244,8
1791599699,0.1234,8
1791599704,0.1484,8
1791599709,0.1328,8
1791599714,0.1265,8
1791599719,0.1454,8
1791599724,0.1332,8
1791599729,0.1420,8
1791599734,0.1542,8
1791599739,0.1261,8
1791599744,0.1292,8
1791599749,0.1479,8
1791599754,0.1013,8
1791599759,0.1188,8
1791599764,0.1472,8
1791599769,0.1269,8
1791599774,0.1304,8
1791599779,0.1503,8
1791599784,0.1274,8
1791599789,0.1450,8
1791599794,0.1744,8
1791599799,0.1774,8
1791599804,0.1655,8
1791599809,0.1598,8
1791599814,0.1870,8
1791599819,0.1588,8
1791599824,0.1686,8
1791599829,0.2059,8
1791599834,0.2014,8
1791599839,0.2096,8
1791599844,0.2310,8
1791599849,0.2195,8
1791599854,0.2725,8
1791599859,0.2225,8
1791599864,0.2037,8
1791599869,0.2593,8
1791599874,0.2669,8
1791599879,0.2479,8
1791599884,0.2518,8
1791599889,0.2665,8
1791599894,0.2443,8
1791599899,0.2796,8
1791599904,0.2716,8
1791599909,0.2464,8
1791599914,0.2988,8
1791599919,0.2692,8
1791599924,0.2476,8
1791599929,0.2438,8
1791599934,0.2114,8
1791599939,0.2202,8
1791599944,0.2065,8
1791599949,0.2056,8
1791599954,0.2210,8
1791599959,0.2069,8
1791599964,0.2049,8
1791599969,0.2151,8
1791599974,0.1874,8
1791599979,0.2188,8
1791599984,0.2288,8
1791599989,0.2048,8
1791599994,0.2102,8
1791599999,0.2302,8
1791600004,0.2094,8
1791600009,0.2197,8
1791600014,0.2567,8
1791600019,0.2396,8
1791600024,0.2383,8
1791600029,0.2657,8
1791600034,0.2303,8
1791600039,0.2502,8
1791600044,0.2597,8
1791600049,0.2951,8
1791600054,0.2818,8
1791600059,0.2879,8
1791600064,0.3041,8
1791600069,0.2842,8
1791600074,0.2828,8
1791600079,0.3039,8
1791600084,0.3145,8
1791600089,0.3283,8
1791600094,0.3403,8
1791600099,0.3182,8
1791600104,0.3007,8
1791600109,0.3275,8
1791600114,0.2986,8
1791600119,0.3088,8
1791600124,0.3705,8
1791600129,0.3277,8
1791600134,0.3138,8
1791600139,0.3365,8
1791600144,0.3024,8
1791600149,0.2969,8
1791600154,0.3051,8
1791600159,0.2738,8
1791600164,0.2886,8
1791600169,0.2989,8
1791600174,0.2725,8
1791600179,0.2709,8
1791600184,0.2617,8
1791600189,0.2483,8
1791600194,0.2236,8
1791600199,0.2341,8
1791600204,0.2495,8
1791600209,0.2304,8
1791600214,0.2307,8
1791600219,0.2484,8
1791600224,0.2084,8
1791600229,0.2022,8
1791600234,0.2183,8
1791600239,0.1883,8
1791600244,0.2001,8
1791600249,0.2138,8
1791600254,0.1938,8
1791600259,0.1813,8
1791600264,0.1901,8
1791600269,0.1672,8
1791600274,0.1700,8
1791600279,0.1875,8
1791600284,0.1760,8
1791600289,0.1708,8
1791600294,0.1552,8
1791600299,0.1573,8
1791600304,0.1712,8
1791600309,0.1812,8
1791600314,0.1718,8
1791600319,0.1613,8
1791600324,0.1613,8
1791600329,0.1840,8
1791600334,0.1727,8
1791600339,0.1639,8
1791600344,0.1840,8
1791600349,0.1774,8
1791600354,0.1652,8
1791600359,0.1901,8
1791600364,0.1608,8
1791600369,0.1289,8
1791600374,0.1484,8
1791600379,0.1292,8
1791600384,0.1267,8
1791600389,0.1540,8
1791600394,0.1356,8
1791600399,0.1318,8
1791600404,0.1204,8
1791600409,0.1137,8
1791600414,0.0956,8
1791600419,0.1179,8
1791600424,0.0998,8
1791600429,0.0975,8
1791600434,0.1058,8
1791600439,0.0808,8
1791600444,0.0925,8
1791600449,0.0926,8
1791600454,0.1224,8
1791600459,0.0968,8
1791600464,0.0977,8
1791600469,0.1278,8
1791600474,0.0905,8
1791600479,0.0929,8
1791600484,0.1236,8
1791600489,0.1027,8
1791600494,0.0905,8
1791600499,0.1163,8
1791600504,0.0975,8
1791600509,0.0787,8
1791600514,0.0988,8
1791600519,0.0692,8
1791600524,0.0627,8
1791600529,0.1070,8
1791600534,0.0614,8
1791600539,0.0589,8
1791600544,0.0852,8
1791600549,0.0710,8
1791600554,0.0932,8
1791600559,0.1140,8
1791600564,0.0953,8
1791600569,0.0918,8
1791600574,0.1038,8
1791600579,0.1165,8
1791600584,0.1004,8
1791600589,0.1339,8
1791600594,0.1775,8
1791600599,0.1261,8
1791600604,0.1331,8
1791600609,0.1513,8
1791600614,0.1302,8
1791600619,0.1311,8
1791600624,0.1481,8
1791600629,0.1207,8
1791600634,0.1299,8
1791600640,0.1439,8
1791600645,0.1268,8
1791600650,0.1299,8
1791600655,0.1454,8
1791600660,0.1142,8
1791600665,0.1298,8
1791600670,0.1510,8
1791600675,0.1260,8
1791600680,0.1263,8
1791600685,0.1518,8
1791600690,0.1288,8
1791600695,0.1491,8
1791600700,0.1835,8
1791600705,0.1645,8
1791600710,0.1636,8
1791600715,0.1777,8
1791600720,0.1805,8
1791600725,0.1646,8
1791600730,0.1753,8
1791600735,0.2186,8
1791600740,0.2041,8
1791600745,0.2047,8
1791600750,0.2264,8
1791600755,0.2146,8
1791600760,0.2019,8
1791600765,0.2299,8
1791600770,0.2641,8
1791600775,0.2649,8
1791600780,0.2972,8
1791600785,0.2605,8
1791600790,0.2479,8
1791600795,0.2725,8
1791600800,0.2698,8
1791600805,0.2727,8
1791600810,0.2755,8
1791600815,0.2558,8
1791600820,0.2548,8
1791600825,0.2780,8
1791600830,0.2658,8
1791600835,0.2194,8
1791600840,0.2169,8
1791600845,0.2313,8
1791600850,0.2046,8
1791600855,0.2043,8
1791600860,0.2325,8
1791600865,0.2087,8
1791600870,0.1929,8
1791600875,0.2080,8
1791600880,0.2046,8
1791600885,0.2067,8
1791600890,0.2332,8
1791600895,0.2080,8
1791600900,0.2281,8
1791600905,0.2330,8
1791600910,0.2174,8
1791600915,0.2425,8
1791600920,0.2708,8
1791600925,0.2430,8
1791600930,0.2468,8
1791600935,0.2655,8
1791600940,0.2456,8
1791600945,0.2522,8
1791600950,0.3194,8
1791600955,0.2847,8
1791600960,0.2873,8
1791600965,0.2996,8
1791600970,0.3108,8
1791600975,0.2914,8
1791600980,0.2895,8
1791600985,0.3375,8
1791600990,0.3279,8
1791600995,0.3208,8
1791601000,0.3403,8
1791601005,0.3199,8
1791601010,0.3356,8
1791601015,0.3338,8
1791601020,0.3422,8
1791601025,0.3301,8
1791601030,0.3431,8
1791601035,0.3036,8
1791601040,0.3102,8
1791601045,0.3399,8
1791601050,0.3126,8
1791601055,0.2878,8
1791601060,0.3104,8
1791601065,0.2830,8
1791601070,0.2737,8
1791601075,0.2926,8
1791601080,0.2967,8
1791601085,0.3034,8
1791601090,0.2348,8
1791601095,0.2598,8
1791601100,0.2438,8
1791601105,0.2483,8
1791601110,0.2604,8
1791601115,0.2414,8
1791601120,0.2330,8
1791601125,0.2241,8
1791601130,0.2036,8
1791601135,0.1989,8
1791601140,0.2171,8
1791601145,0.1989,8
1791601150,0.2045,8
1791601155,0.2193,8
1791601160,0.1723,8
1791601165,0.1672,8
1791601170,0.1914,8
1791601175,0.1733,8
1791601180,0.1727,8
1791601185,0.1931,8
1791601190,0.1709,8
1791601195,0.1448,8
1791601200,0.1765,8
1791601205,0.1755,8
1791601210,0.1877,8
1791601215,0.1712,8
1791601220,0.1996,8
1791601225,0.1754,8
1791601230,0.1793,8
1791601235,0.2091,8
1791601240,0.1756,8
1791601245,0.1784,8
1791601250,0.2014,8
1791601255,0.1731,8
1791601260,0.1708,8
1791601265,0.2032,8
1791601270,0.1423,8
1791601275,0.1310,8
1791601280,0.1583,8
1791601285,0.1347,8
1791601290,0.1278,8
1791601295,0.1532,8
1791601300,0.1315,8
1791601305,0.1046,8
1791601310,0.1178,8
1791601315,0.0906,8
1791601320,0.0953,8
1791601325,0.1204,8
1791601330,0.1051,8
1791601335,0.0949,8
1791601340,0.0912,8
1791601345,0.1009,8
1791601350,0.0962,8
1791601355,0.0962,8
1791601360,0.1130,8
1791601365,0.0926,8
1791601370,0.0942,8
1791601375,0.1145,8
1791601380,0.0965,8
1791601385,0.0990,8
1791601390,0.1163,8
1791601395,0.1073,8
1791601400,0.0967,8
1791601405,0.1114,8
1791601410,0.0863,8
1791601415,0.0683,8
1791601420,0.0878,8
1791601425,0.0718,8
1791601430,0.0619,8
1791601435,0.0820,8
1791601440,0.0616,8
1791601445,0.0674,8
1791601450,0.0909,8
1791601455,0.1240,8
1791601460,0.0929,8
1791601465,0.1153,8
1791601470,0.0938,8
1791601475,0.1015,8
1791601480,0.1002,8
1791601485,0.1167,8
1791601490,0.1358,8
1791601495,0.1255,8
1791601500,0.1477,8
1791601505,0.1319,8
1791601510,0.1281,8
1791601515,0.1560,8
1791601520,0.1267,8
1791601525,0.1308,8
1791601530,0.1478,8
1791601535,0.1263,8
1791601540,0.1277,8
1791601545,0.1463,8
1791601550,0.1274,8
1791601555,0.1105,8
1791601560,0.1315,8
1791601565,0.1338,8
1791601570,0.1314,8
1791601575,0.1540,8
1791601580,0.1407,8
1791601585,0.1296,8
1791601590,0.1565,8
1791601595,0.1397,8
1791601600,0.1683,8
1791601605,0.1756,8
1791601610,0.1788,8
1791601615,0.1589,8
1791601621,0.1579,8
1791601626,0.2067,8
1791601631,0.1650,8
1791601636,0.1963,8
1791601641,0.2414,8
1791601646,0.2029,8
1791601651,0.1953,8
1791601656,0.2294,8
1791601661,0.2039,8
1791601666,0.2116,8
1791601671,0.2724,8
1791601676,0.2453,8
1791601681,0.2456,8
1791601686,0.2935,8
1791601691,0.2642,8
1791601696,0.2455,8
1791601701,0.2857,8
1791601706,0.2551,8
1791601711,0.2370,8
1791601716,0.2956,8
1791601721,0.2389,8
1791601726,0.2688,8
1791601731,0.2714,8
1791601736,0.2282,8
1791601741,0.2136,8
1791601746,0.2128,8
1791601751,0.2248,8
1791601756,0.2017,8
1791601761,0.2021,8
1791601766,0.2437,8
1791601771,0.1988,8
1791601776,0.1843,8
1791601781,0.2203,8
1791601786,0.2063,8
1791601791,0.2016,8
1791601796,0.2238,8
1791601801,0.2051,8
1791601806,0.2117,8
1791601811,0.2289,8
1791601816,0.2426,8
1791601821,0.2364,8
1791601826,0.2726,8
1791601831,0.2301,8
1791601836,0.2292,8
1791601841,0.2529,8
1791601846,0.2313,8
1791601851,0.2765,8
1791601856,0.3020,8
1791601861,0.2747,8
1791601866,0.2885,8
1791601871,0.2881,8
1791601876,0.2943,8
1791601881,0.2756,8
1791601886,0.3159,8
1791601891,0.3326,8
1791601896,0.3158,8
1791601901,0.3074,8
1791601906,0.3426,8
1791601911,0.3483,8
1791601916,0.3038,8
1791601921,0.3541,8
1791601926,0.3150,8
1791601931,0.3107,8
1791601936,0.3342,8
1791601941,0.3072,8
1791601946,0.3052,8
1791601951,0.3384,8
1791601956,0.2797,8
1791601961,0.2667,8
1791601966,0.2938,8
1791601971,0.2757,8
1791601976,0.2690,8
1791601981,0.3070,8
1791601986,0.2775,8
1791601991,0.2319,8
1791601996,0.2348,8
1791602001,0.2600,8
1791602006,0.2305,8
1791602011,0.2438,8
1791602016,0.2620,8
1791602021,0.2368,8
1791602026,0.2022,8
1791602031,0.2339,8
1791602036,0.2030,8
1791602041,0.1977,8
1791602046,0.2351,8
1791602051,0.2025,8
1791602056,0.2010,8
1791602061,0.2096,8
1791602066,0.1789,8
1791602071,0.1907,8
1791602076,0.1942,8
1791602081,0.1658,8
1791602086,0.1650,8
1791602091,0.1933,8
1791602096,0.1506,8
1791602101,0.1507,8
1791602106,0.1889,8
1791602111,0.1648,8
1791602116,0.1691,8
1791602121,0.1789,8
1791602126,0.1928,8
1791602131,0.1814,8
1791602136,0.1775,8
1791602141,0.1918,8
1791602146,0.1755,8
1791602151,0.1776,8
1791602156,0.1974,8
1791602161,0.1774,8
1791602166,0.1820,8
1791602171,0.1557,8
1791602176,0.1383,8
1791602181,0.1348,8
1791602186,0.1475,8
1791602191,0.1268,8
1791602196,0.1458,8
1791602201,0.1562,8
1791602206,0.1045,8
1791602211,0.0913,8
1791602216,0.1193,8
1791602221,0.0921,8
1791602226,0.0949,8
1791602231,0.1157,8
1791602236,0.0917,8
1791602241,0.0754,8
1791602246,0.1049,8
1791602251,0.1033,8
1791602256,0.1118,8
1791602261,0.0967,8
1791602266,0.1228,8
1791602271,0.1065,8
1791602276,0.1072,8
1791602281,0.1292,8
1791602286,0.1003,8
1791602291,0.0957,8
1791602296,0.1145,8
1791602301,0.0949,8
1791602306,0.0912,8
1791602311,0.1070,8
1791602316,0.0838,8
1791602321,0.0690,8
1791602326,0.0813,8
1791602331,0.0731,8
1791602336,0.0613,8
1791602341,0.0803,8
1791602346,0.0632,8
1791602351,0.0596,8
1791602356,0.1187,8
1791602361,0.1001,8
1791602366,0.0988,8
1791602371,0.1120,8
1791602376,0.1012,8
1791602381,0.1134,8
1791602386,0.1125,8
1791602391,0.1385,8
1791602396,0.1286,8
1791602401,0.1222,8
1791602406,0.1518,8
1791602411,0.1213,8
1791602416,0.1220,8
1791602421,0.1478,8
1791602426,0.1284,8
1791602431,0.1229,8
1791602436,0.1462,8
1791602441,0.1457,8
1791602446,0.1262,8
1791602451,0.1533,8
1791602456,0.1122,8
1791602461,0.1114,8
1791602466,0.1539,8
1791602471,0.1281,8
1791602476,0.1263,8
1791602481,0.1499,8
1791602486,0.1358,8
1791602491,0.1318,8
1791602496,0.1663,8
1791602501,0.1672,8
1791602506,0.1531,8
1791602511,0.1845,8
1791602516,0.1585,8
1791602521,0.1587,8
1791602526,0.1693,8
1791602531,0.1745,8
1791602536,0.1919,8
1791602541,0.1973,8
1791602546,0.2126,8
1791602551,0.1909,8
1791602556,0.2041,8
1791602561,0.2392,8
1791602566,0.1971,8
1791602571,0.2239,8
1791602576,0.2600,8
1791602581,0.2381,8
1791602586,0.2499,8
1791602591,0.2537,8
1791602596,0.2382,8
1791602601,0.2409,8
1791602607,0.2583,8
1791602612,0.2331,8
1791602617,0.2383,8
1791602622,0.2486,8
1791602627,0.2474,8
1791602632,0.2316,8
1791602637,0.2401,8
1791602642,0.2031,8
1791602647,0.1997,8
1791602652,0.2079,8
1791602657,0.2051,8
1791602662,0.1941,8
1791602667,0.1929,8
1791602672,0.2143,8
1791602677,0.1670,8
1791602682,0.1987,8
1791602687,0.2403,8
1791602692,0.1970,8
1791602697,0.1954,8
1791602702,0.2195,8
1791602707,0.2024,8
1791602712,0.2007,8
1791602717,0.2497,8
1791602722,0.2237,8
1791602727,0.2289,8
1791602732,0.2619,8
1791602737,0.2263,8
1791602742,0.2289,8
1791602747,0.2579,8
1791602752,0.2641,8
1791602757,0.2639,8
1791602762,0.2694,8
1791602767,0.2844,8
1791602772,0.2659,8
1791602777,0.2626,8
1791602782,0.2993,8
1791602787,0.3011,8
1791602792,0.3141,8
1791602797,0.3352,8
1791602802,0.3047,8
1791602807,0.3096,8
1791602812,0.3499,8
1791602817,0.3239,8
1791602822,0.3303,8
1791602827,0.3659,8
1791602832,0.3257,8
1791602837,0.3470,8
1791602842,0.3430,8
1791602847,0.3202,8
1791602852,0.3199,8
1791602857,0.3096,8
1791602862,0.2731,8
1791602867,0.2717,8
1791602872,0.2891,8
1791602877,0.2945,8
1791602882,0.2757,8
1791602887,0.2775,8
1791602892,0.2554,8
1791602897,0.2317,8
1791602902,0.2365,8
1791602907,0.2649,8
1791602912,0.2379,8
1791602917,0.2375,8
1791602922,0.2553,8
1791602927,0.2206,8
1791602932,0.2061,8
1791602937,0.2501,8
1791602942,0.2095,8
1791602947,0.2158,8
1791602952,0.2312,8
1791602957,0.2114,8
1791602962,0.1886,8
1791602967,0.1986,8
1791602972,0.1788,8
1791602977,0.1841,8
1791602982,0.1976,8
1791602987,0.1771,8
1791602992,0.1721,8
1791602997,0.1762,8
1791603002,0.1676,8
1791603007,0.1837,8
1791603012,0.1765,8
1791603017,0.2002,8
1791603022,0.1726,8
1791603027,0.1816,8
1791603032,0.1970,8
1791603037,0.1865,8
1791603042,0.1703,8
1791603047,0.2033,8
1791603052,0.1796,8
1791603057,0.1940,8
1791603062,0.2069,8
1791603067,0.1845,8
1791603072,0.1312,8
1791603077,0.1601,8
1791603082,0.1285,8
1791603087,0.1263,8
1791603092,0.1469,8
1791603097,0.1334,8
1791603102,0.1304,8
1791603107,0.1341,8
1791603112,0.0962,8
1791603117,0.0954,8
1791603122,0.1209,8
1791603127,0.1040,8
1791603132,0.0936,8
1791603137,0.0931,8
1791603142,0.1005,8
1791603147,0.0814,8
1791603152,0.0979,8
1791603157,0.1162,8
1791603162,0.0950,8
1791603167,0.0969,8
1791603172,0.1159,8
1791603177,0.0938,8
1791603182,0.1110,8
1791603187,0.1242,8
1791603192,0.1137,8
1791603197,0.0966,8
1791603202,0.1162,8
1791603207,0.0941,8
1791603212,0.0928,8
1791603217,0.0843,8
1791603222,0.0606,8
1791603227,0.0611,8
1791603232,0.0896,8
1791603237,0.0759,8
1791603242,0.0754,8
1791603247,0.0871,8
1791603252,0.0609,8
1791603257,0.0967,8
1791603262,0.1010,8
1791603267,0.1064,8
1791603272,0.0950,8
1791603277,0.0990,8
1791603282,0.1240,8
1791603287,0.1015,8
1791603292,0.1210,8
1791603297,0.1467,8
1791603302,0.1451,8
1791603307,0.1263,8
1791603312,0.1459,8
1791603317,0.1290,8
1791603322,0.1221,8
1791603327,0.1492,8
1791603332,0.1265,8
1791603337,0.1252,8
1791603342,0.1446,8
1791603347,0.1271,8
1791603352,0.1237,8
1791603357,0.1333,8
1791603362,0.1057,8
1791603367,0.1429,8
1791603372,0.1498,8
1791603377,0.1342,8
1791603382,0.1375,8
1791603387,0.1639,8
1791603392,0.1349,8
1791603397,0.1377,8
1791603402,0.1703,8
1791603407,0.1827,8
1791603412,0.1609,8
1791603417,0.1604,8
1791603422,0.1852,8
1791603427,0.1742,8
1791603432,0.1644,8
1791603437,0.2243,8
1791603442,0.2147,8
1791603447,0.1963,8
1791603452,0.2225,8
1791603457,0.1916,8
1791603462,0.2032,8
1791603467,0.2206,8
1791603472,0.2320,8
1791603477,0.2474,8
1791603482,0.2702,8
1791603487,0.2517,8
1791603492,0.2313,8
1791603497,0.2616,8
1791603502,0.2621,8
1791603507,0.2669,8
1791603512,0.2584,8
1791603517,0.2324,8
1791603522,0.2309,8
1791603527,0.2449,8
1791603532,0.2508,8
1791603537,0.2243,8
1791603542,0.2016,8
1791603547,0.2257,8
1791603552,0.2183,8
1791603557,0.2004,8
1791603562,0.2173,8
1791603567,0.1935,8
1791603572,0.2023,8
1791603577,0.1908,8
1791603582,0.2169,8
1791603587,0.2170,8
1791603593,0.2282,8
1791603598,0.2065,8
1791603603,0.2203,8
1791603608,0.2328,8
1791603613,0.2165,8
1791603618,0.2406,8
1791603623,0.2648,8
1791603628,0.2442,8
1791603633,0.2469,8
1791603638,0.2731,8
1791603643,0.2408,8
1791603648,0.2387,8
1791603653,0.2814,8
1791603658,0.2833,8
1791603663,0.2783,8
1791603668,0.2731,8
1791603673,0.3072,8
1791603678,0.2831,8
1791603683,0.2692,8
1791603688,0.3285,8
1791603693,0.3275,8
1791603698,0.3224,8
1791603703,0.3525,8
1791603708,0.3258,8
1791603713,0.3334,8
1791603718,0.3314,8
1791603723,0.3449,8
1791603728,0.3135,8
1791603733,0.3270,8
1791603738,0.3248,8
1791603743,0.3157,8
1791603748,0.3376,8
1791603753,0.3027,8
1791603758,0.2647,8
1791603763,0.2977,8
1791603768,0.2662,8
1791603773,0.2551,8
1791603778,0.2752,8
1791603783,0.2775,8
1791603788,0.2656,8
1791603793,0.2350,8
1791603798,0.2626,8
1791603803,0.2250,8
1791603808,0.2328,8
1791603813,0.2549,8
1791603818,0.2245,8
1791603823,0.2261,8
1791603828,0.2319,8
1791603833,0.2003,8
1791603838,0.1955,8
1791603843,0.2214,8
1791603848,0.1920,8
1791603853,0.1866,8
1791603858,0.2279,8
1791603863,0.1813,8
1791603868,0.1693,8
1791603873,0.1852,8
1791603878,0.1622,8
1791603883,0.1611,8
1791603888,0.1871,8
1791603893,0.1636,8
1791603898,0.1476,8
1791603903,0.1554,8
1791603908,0.1784,8
1791603913,0.1655,8
1791603918,0.1812,8
1791603923,0.1838,8
1791603928,0.1661,8
1791603933,0.1775,8
1791603938,0.1897,8
1791603943,0.1770,8
1791603948,0.1728,8
1791603953,0.1845,8
1791603958,0.1755,8
1791603963,0.1735,8
1791603968,0.1909,8
1791603973,0.1437,8
1791603978,0.1311,8
1791603983,0.1676,8
1791603988,0.1315,8
1791603993,0.1337,8
1791603998,0.1527,8
1791604003,0.1241,8
1791604008,0.1119,8
1791604013,0.1212,8
1791604018,0.0947,8
1791604023,0.0980,8
1791604028,0.1170,8
1791604033,0.0931,8
1791604038,0.0927,8
1791604043,0.1014,8
1791604048,0.0949,8
1791604053,0.0944,8
1791604058,0.0939,8
1791604063,0.1148,8
1791604068,0.0973,8
1791604073,0.0913,8
1791604078,0.1132,8
1791604083,0.0991,8
1791604088,0.0995,8
1791604093,0.1318,8
1791604098,0.0941,8
1791604103,0.1082,8
1791604108,0.1217,8
1791604113,0.1006,8
1791604118,0.0583,8
1791604123,0.0833,8
1791604128,0.0622,8
1791604133,0.0616,8
1791604138,0.0792,8
1791604143,0.0646,8
1791604148,0.0649,8
1791604153,0.0810,8
1791604158,0.0904,8
1791604163,0.1042,8
1791604168,0.1333,8
1791604173,0.0957,8
1791604178,0.0959,8
1791604183,0.1030,8
1791604188,0.1117,8
1791604193,0.1210,8
1791604198,0.1251,8
1791604203,0.1509,8
1791604208,0.1282,8
1791604213,0.1251,8
1791604218,0.1469,8
1791604223,0.1266,8
1791604228,0.1413,8
1791604233,0.1498,8
1791604238,0.1307,8
1791604243,0.1264,8
1791604248,0.1448,8
1791604253,0.1301,8
1791604258,0.1206,8
1791604263,0.1336,8
1791604268,0.1314,8
1791604273,0.1290,8
1791604278,0.1546,8
1791604283,0.1436,8
1791604288,0.1605,8
1791604293,0.1579,8
1791604298,0.1354,8
1791604303,0.1667,8
1791604308,0.1884,8
1791604313,0.1691,8
1791604318,0.1590,8
1791604323,0.1664,8
1791604328,0.2082,8
1791604333,0.1583,8
1791604338,0.2011,8
1791604343,0.2170,8
1791604348,0.2081,8
1791604353,0.1992,8
1791604358,0.2208,8
1791604363,0.1903,8
1791604368,0.2011,8
1791604373,0.2503,8
1791604378,0.2262,8
1791604383,0.2482,8
1791604388,0.2760,8
1791604393,0.2467,8
1791604398,0.2418,8
1791604403,0.2902,8
1791604408,0.2543,8
1791604413,0.2727,8
1791604418,0.2690,8
1791604423,0.2426,8
1791604428,0.2471,8
1791604433,0.2688,8
1791604438,0.2411,8
1791604443,0.2019,8
1791604448,0.2035,8
1791604453,0.2145,8
1791604458,0.2090,8
1791604463,0.1977,8
1791604468,0.2262,8
1791604473,0.2245,8
1791604478,0.1645,8
1791604483,0.2372,8
1791604488,0.2039,8
1791604493,0.1987,8
1791604498,0.2251,8
1791604503,0.2103,8
1791604508,0.2221,8
1791604513,0.2378,8
1791604518,0.2503,8
1791604523,0.2599,8
1791604528,0.2810,8
1791604533,0.2690,8
1791604538,0.2614,8
1791604543,0.2725,8
1791604548,0.2559,8
1791604553,0.2714,8
1791604558,0.3074,8
1791604563,0.2902,8
1791604568,0.2930,8
1791604573,0.2878,8
1791604579,0.2932,8
1791604584,0.2931,8
1791604589,0.3178,8
1791604594,0.3677,8
1791604599,0.3576,8
1791604604,0.3353,8
1791604609,0.3573,8
1791604614,0.3572,8
1791604619,0.3512,8
1791604624,0.3593,8
1791604629,0.3230,8
1791604634,0.3316,8
1791604639,0.3489,8
1791604644,0.3223,8
1791604649,0.3312,8
1791604654,0.3534,8
1791604659,0.3047,8
1791604664,0.2856,8
1791604669,0.3125,8
1791604674,0.2898,8
1791604679,0.2760,8
1791604684,0.3183,8
1791604689,0.2936,8
1791604694,0.2564,8
1791604699,0.2515,8
1791604704,0.2718,8
1791604709,0.2473,8
1791604714,0.2455,8
1791604719,0.2884,8
1791604724,0.2339,8
1791604729,0.2183,8
1791604734,0.2228,8
1791604739,0.1991,8
1791604744,0.2079,8
1791604749,0.2217,8
1791604754,0.1957,8
1791604759,0.2079,8
1791604764,0.2104,8
1791604769,0.1700,8
1791604774,0.1595,8
1791604779,0.1848,8
1791604784,0.1785,8
1791604789,0.1702,8
1791604794,0.1878,8
1791604799,0.1577,8
1791604804,0.1419,8
1791604809,0.1880,8
1791604814,0.1675,8
1791604819,0.1645,8
1791604824,0.1757,8
1791604829,0.1824,8
1791604834,0.1676,8
1791604839,0.1683,8
1791604844,0.2087,8
1791604849,0.1712,8
1791604854,0.1629,8
1791604859,0.1893,8
1791604864,0.1695,8
1791604869,0.1733,8
1791604874,0.1575,8
1791604879,0.1313,8
1791604884,0.1282,8
1791604889,0.1567,8
1791604894,0.1337,8
1791604899,0.1337,8
1791604904,0.1608,8
1791604909,0.1182,8
1791604914,0.1014,8
1791604919,0.1168,8
1791604924,0.0975,8
1791604929,0.1002,8
1791604934,0.1174,8
1791604939,0.0999,8
1791604944,0.0826,8
1791604949,0.0926,8
1791604954,0.0987,8
1791604959,0.0967,8
1791604964,0.0930,8
1791604969,0.1274,8
1791604974,0.0976,8
1791604979,0.0985,8
1791604984,0.1141,8
1791604989,0.1076,8
1791604994,0.0927,8
1791604999,0.1160,8
1791605004,0.0996,8
1791605009,0.1022,8
1791605014,0.1205,8
1791605019,0.0746,8
1791605024,0.0609,8
1791605029,0.0981,8
1791605034,0.0653,8
1791605039,0.0773,8
1791605044,0.0829,8
1791605049,0.0625,8
1791605054,0.0590,8
1791605059,0.1140,8
1791605064,0.0963,8
1791605069,0.0922,8
1791605074,0.1162,8
1791605079,0.0993,8
1791605084,0.1117,8
1791605089,0.1199,8
1791605094,0.1263,8
1791605099,0.1225,8
1791605104,0.1305,8
1791605109,0.1508,8
1791605114,0.1242,8
1791605119,0.1215,8
1791605124,0.1466,8
1791605129,0.1292,8
1791605134,0.1303,8
1791605139,0.1428,8
1791605144,0.1210,8
1791605149,0.1407,8
1791605154,0.1523,8
1791605159,0.1185,8
1791605164,0.1049,8
1791605169,0.1567,8
1791605174,0.1304,8
1791605179,0.1341,8
1791605184,0.1605,8
1791605189,0.1429,8
1791605194,0.1300,8
1791605199,0.1483,8
1791605204,0.1716,8
1791605209,0.1653,8
1791605214,0.1966,8
1791605219,0.1651,8
1791605224,0.1644,8
1791605229,0.1639,8
1791605234,0.1860,8
1791605239,0.1971,8
1791605244,0.1903,8
1791605249,0.2169,8
1791605254,0.1978,8
1791605259,0.2147,8
1791605264,0.2221,8
1791605269,0.2104,8
1791605274,0.2361,8
1791605279,0.2581,8
1791605284,0.2478,8
1791605289,0.2452,8
1791605294,0.2614,8
1791605299,0.2372,8
1791605304,0.2725,8
1791605309,0.2708,8
1791605314,0.2326,8
1791605319,0.2314,8
1791605324,0.2536,8
1791605329,0.2294,8
1791605334,0.2450,8
1791605339,0.2434,8
1791605344,0.2029,8
1791605349,0.1841,8
1791605354,0.1916,8
1791605359,0.2034,8
1791605364,0.1886,8
1791605369,0.1921,8
1791605374,0.2161,8
1791605379,0.1593,8
1791605384,0.2018,8
1791605389,0.2214,8
1791605394,0.1979,8
1791605399,0.2137,8
1791605404,0.2217,8
1791605409,0.1960,8
1791605414,0.1908,8
1791605419,0.2581,8
1791605424,0.2453,8
1791605429,0.2409,8
1791605434,0.2608,8
1791605439,0.2423,8
1791605444,0.2451,8
1791605449,0.2705,8
1791605454,0.2755,8
1791605459,0.2897,8
1791605464,0.3077,8
1791605469,0.2929,8
1791605474,0.2890,8
1791605479,0.2873,8
1791605484,0.2938,8
1791605489,0.2861,8
1791605494,0.3161,8
1791605499,0.3410,8
1791605504,0.3140,8
1791605509,0.3188,8
1791605514,0.3445,8
1791605519,0.3345,8
1791605524,0.3389,8
1791605529,0.3803,8
1791605534,0.3159,8
1791605539,0.3365,8
1791605544,0.3645,8
1791605549,0.3213,8
1791605554,0.3126,8
1791605560,0.3079,8
1791605565,0.2855,8
1791605570,0.2710,8
1791605575,0.3168,8
1791605580,0.2798,8
1791605585,0.2990,8
1791605590,0.3007,8
1791605595,0.2503,8
1791605600,0.2429,8
1791605605,0.2400,8
1791605610,0.2612,8
1791605615,0.2478,8
1791605620,0.2496,8
1791605625,0.2734,8
1791605630,0.2231,8
1791605635,0.2013,8
1791605640,0.2167,8
1791605645,0.2182,8
1791605650,0.2032,8
1791605655,0.2159,8
1791605660,0.1943,8
1791605665,0.1946,8
1791605670,0.1930,8
1791605675,0.1645,8
1791605680,0.1635,8
1791605685,0.1810,8
1791605690,0.1685,8
1791605695,0.1692,8
1791605700,0.1845,8
1791605705,0.1559,8
1791605710,0.1713,8
1791605715,0.1996,8
1791605720,0.1765,8
1791605725,0.1753,8
1791605730,0.1730,8
1791605735,0.1917,8
1791605740,0.1821,8
1791605745,0.1839,8
1791605750,0.2021,8
1791605755,0.1764,8
1791605760,0.1686,8
1791605765,0.2031,8
1791605770,0.1906,8
1791605775,0.1415,8
1791605780,0.1560,8
1791605785,0.1303,8
1791605790,0.1302,8
1791605795,0.1575,8
1791605800,0.1274,8
1791605805,0.1248,8
1791605810,0.1399,8
1791605815,0.0934,8
1791605820,0.0968,8
1791605825,0.1186,8
1791605830,0.1098,8
1791605835,0.0917,8
1791605840,0.1176,8
1791605845,0.0904,8
1791605850,0.0740,8
1791605855,0.1048,8
1791605860,0.1085,8
1791605865,0.1059,8
1791605870,0.0960,8
1791605875,0.1245,8
1791605880,0.0920,8
1791605885,0.1092,8
1791605890,0.1407,8
1791605895,0.0968,8
1791605900,0.0960,8
1791605905,0.1185,8
1791605910,0.1141,8
1791605915,0.0958,8
1791605920,0.0830,8
1791605925,0.0609,8
1791605930,0.0615,8
1791605935,0.0857,8
1791605940,0.0731,8
1791605945,0.0659,8
1791605950,0.0940,8
1791605955,0.0597,8
1791605960,0.0905,8
1791605965,0.1205,8
1791605970,0.0991,8
1791605975,0.0911,8
1791605980,0.1253,8
1791605985,0.0899,8
1791605990,0.0918,8
1791605995,0.1234,8
1791606000,0.1414,8
1791606005,0.1326,8
1791606010,0.1333,8
1791606015,0.1584,8
1791606020,0.1240,8
1791606025,0.1278,8
1791606030,0.1504,8
1791606035,0.1277,8
1791606040,0.1275,8
1791606045,0.1468,8
1791606050,0.1266,8
1791606055,0.1248,8
1791606060,0.1483,8
1791606065,0.1024,8
1791606070,0.1331,8
1791606075,0.1565,8
1791606080,0.1242,8
1791606085,0.1310,8
1791606090,0.1552,8
1791606095,0.1328,8
1791606100,0.1307,8
1791606105,0.1818,8
1791606110,0.1579,8
1791606115,0.1604,8
1791606120,0.1746,8
1791606125,0.1569,8
1791606130,0.1581,8
1791606135,0.1704,8
1791606140,0.2031,8
1791606145,0.1954,8
1791606150,0.1991,8
1791606155,0.2168,8
1791606160,0.2109,8
1791606165,0.1907,8
1791606170,0.2168,8
1791606175,0.2138,8
1791606180,0.2292,8
1791606185,0.2496,8
1791606190,0.2399,8
1791606195,0.2336,8
1791606200,0.2664,8
1791606205,0.2451,8
1791606210,0.2383,8
1791606215,0.2600,8
1791606220,0.2314,8
1791606225,0.2293,8
1791606230,0.2535,8
1791606235,0.2243,8
1791606240,0.2332,8
1791606245,0.2246,8
1791606250,0.1971,8
1791606255,0.1914,8
1791606260,0.2249,8
1791606265,0.2010,8
1791606270,0.1957,8
1791606275,0.1984,8
1791606280,0.1887,8
1791606285,0.1951,8
1791606290,0.2020,8
1791606295,0.2176,8
1791606300,0.1894,8
1791606305,0.1913,8
1791606310,0.2117,8
1791606315,0.1998,8
1791606320,0.2301,8
1791606325,0.2506,8
1791606330,0.2305,8
1791606335,0.2307,8
1791606340,0.2460,8
1791606345,0.2252,8
1791606350,0.2314,8
1791606355,0.2785,8
1791606360,0.2570,8
1791606365,0.2586,8
1791606370,0.2848,8
1791606375,0.2684,8
1791606380,0.2608,8
1791606385,0.3031,8
1791606390,0.2988,8
1791606395,0.3100,8
1791606400,0.3145,8
1791606405,0.3223,8
1791606410,0.3033,8
1791606415,0.3030,8
1791606420,0.3193,8
1791606425,0.3048,8
1791606430,0.3042,8
1791606435,0.3131,8
1791606440,0.2978,8
1791606445,0.3504,8
1791606450,0.3319,8
1791606455,0.2955,8
1791606460,0.2689,8
1791606465,0.2918,8
1791606470,0.2683,8
1791606475,0.2709,8
1791606480,0.2870,8
1791606485,0.2674,8
1791606490,0.2634,8
1791606495,0.2558,8
1791606500,0.2302,8
1791606505,0.2594,8
1791606510,0.2522,8
1791606515,0.2359,8
1791606520,0.2319,8
1791606525,0.2294,8
1791606530,0.2370,8
1791606535,0.1948,8
1791606541,0.1894,8
1791606546,0.2198,8
1791606551,0.1953,8
1791606556,0.1830,8
1791606561,0.2083,8
1791606566,0.1807,8
1791606571,0.1701,8
1791606576,0.1737,8
1791606581,0.1588,8
1791606586,0.1563,8
1791606591,0.1783,8
1791606596,0.1596,8
1791606601,0.1608,8
1791606606,0.1435,8
1791606611,0.1681,8
1791606616,0.1578,8
1791606621,0.1803,8
1791606626,0.1584,8
1791606631,0.1746,8
1791606636,0.1729,8
1791606641,0.1704,8
1791606646,0.1652,8
1791606651,0.1585,8
1791606656,0.1777,8
1791606661,0.1618,8
1791606666,0.1668,8
1791606671,0.1798,8
1791606676,0.1357,8
1791606681,0.1300,8
1791606686,0.1492,8
1791606691,0.1416,8
1791606696,0.1248,8
1791606701,0.1473,8
1791606706,0.1239,8
1791606711,0.1140,8
1791606716,0.1209,8
1791606721,0.0967,8
1791606726,0.0940,8
1791606731,0.1195,8
1791606736,0.0964,8
1791606741,0.0945,8
1791606746,0.1079,8
1791606751,0.0728,8
1791606756,0.1158,8
1791606761,0.1086,8
1791606766,0.1047,8
1791606771,0.0953,8
1791606776,0.1039,8
1791606781,0.1215,8
1791606786,0.1105,8
1791606791,0.0978,8
1791606796,0.1106,8
1791606801,0.0963,8
1791606806,0.0945,8
1791606811,0.1130,8
1791606816,0.1048,8
1791606821,0.0718,8
1791606826,0.0908,8
1791606831,0.0622,8
1791606836,0.0679,8
1791606841,0.0815,8
1791606846,0.0654,8
1791606851,0.0674,8
1791606856,0.0818,8
1791606861,0.0868,8
1791606866,0.0994,8
1791606871,0.1198,8
1791606876,0.1165,8
1791606881,0.0946,8
1791606886,0.1205,8
1791606891,0.0946,8
1791606896,0.1124,8
1791606901,0.1331,8
1791606906,0.1459,8
1791606911,0.1295,8
1791606916,0.1246,8
1791606921,0.1498,8
1791606926,0.1294,8
1791606931,0.1309,8
1791606936,0.1479,8
1791606941,0.1378,8
1791606946,0.1250,8
1791606951,0.1516,8
1791606956,0.1284,8
1791606961,0.1262,8
1791606966,0.1141,8
1791606971,0.1335,8
1791606976,0.1273,8
1791606981,0.1482,8
1791606986,0.1357,8
1791606991,0.1297,8
1791606996,0.1507,8
1791607001,0.1416,8
1791607006,0.1597,8
1791607011,0.1819,8
1791607016,0.1633,8
1791607021,0.1620,8
1791607026,0.1772,8
1791607031,0.1663,8
1791607036,0.1596,8
1791607041,0.1889,8
1791607046,0.2182,8
1791607051,0.1990,8
1791607056,0.2041,8
1791607061,0.2604,8
1791607066,0.1998,8
1791607071,0.1991,8
1791607076,0.2367,8
1791607081,0.2269,8
1791607086,0.2282,8
1791607091,0.2579,8
1791607096,0.2271,8
1791607101,0.2353,8
1791607106,0.2896,8
1791607111,0.2340,8
1791607116,0.2312,8
1791607121,0.2733,8
1791607126,0.2410,8
1791607131,0.2318,8
1791607136,0.2560,8
1791607141,0.2308,8
1791607146,0.2110,8
1791607151,0.2227,8
1791607156,0.2040,8
1791607161,0.2022,8
1791607166,0.2052,8
1791607171,0.2215,8
1791607176,0.2002,8
1791607181,0.1804,8
1791607186,0.2539,8
1791607191,0.1964,8
1791607196,0.1978,8
1791607201,0.2156,8
1791607206,0.2109,8
1791607211,0.2050,8
1791607216,0.2275,8
1791607221,0.2336,8
1791607226,0.2631,8
1791607231,0.2843,8
1791607236,0.2462,8
1791607241,0.2472,8
1791607246,0.3120,8
1791607251,0.2464,8
1791607256,0.2651,8
1791607261,0.2903,8
1791607266,0.2771,8
1791607271,0.2744,8
1791607276,0.2959,8
1791607281,0.2697,8
1791607286,0.2742,8
1791607291,0.2735,8
1791607296,0.3346,8
1791607301,0.2973,8
1791607306,0.3048,8
1791607311,0.3466,8
1791607316,0.3092,8
1791607321,0.2937,8
1791607326,0.3245,8
1791607331,0.3298,8
1791607336,0.3086,8
1791607341,0.3600,8
1791607346,0.3034,8
1791607351,0.2951,8
1791607356,0.3384,8
1791607361,0.2768,8
1791607366,0.2779,8
1791607371,0.3117,8
1791607376,0.2774,8
1791607381,0.2706,8
1791607386,0.2996,8
1791607391,0.2628,8
1791607396,0.2509,8
1791607401,0.2582,8
1791607406,0.2463,8
1791607411,0.2364,8
1791607416,0.2367,8
1791607421,0.2683,8
1791607426,0.2535,8
1791607431,0.2217,8
1791607436,0.2259,8
1791607441,0.1974,8
1791607446,0.2010,8
1791607451,0.2127,8
1791607456,0.2019,8
1791607461,0.1948,8
1791607466,0.2227,8
1791607471,0.1633,8
1791607476,0.1635,8
1791607481,0.1870,8
1791607486,0.1715,8
1791607491,0.1753,8
1791607496,0.2119,8
1791607501,0.1731,8
1791607506,0.1365,8
1791607511,0.1898,8
1791607516,0.1608,8
1791607522,0.1599,8
1791607527,0.1863,8
1791607532,0.1658,8
1791607537,0.1646,8
1791607542,0.1618,8
1791607547,0.1923,8
1791607552,0.1608,8
1791607557,0.1802,8
1791607562,0.1825,8
1791607567,0.1613,8
1791607572,0.1605,8
1791607577,0.1707,8
1791607582,0.1388,8
1791607587,0.1298,8
1791607592,0.1548,8
1791607597,0.1245,8
1791607602,0.1298,8
1791607607,0.1584,8
1791607612,0.1176,8
1791607617,0.1178,8
1791607622,0.1177,8
1791607627,0.0933,8
1791607632,0.0925,8
1791607637,0.1170,8
1791607642,0.0899,8
1791607647,0.0905,8
1791607652,0.0881,8
1791607657,0.1002,8
1791607662,0.1008,8
1791607667,0.1074,8
1791607672,0.1100,8
1791607677,0.1011,8
1791607682,0.1117,8
1791607687,0.1222,8
1791607692,0.0987,8
1791607697,0.1018,8
1791607702,0.1188,8
1791607707,0.1039,8
1791607712,0.1168,8
1791607717,0.1162,8
1791607722,0.0716,8
1791607727,0.0661,8
1791607732,0.0811,8
1791607737,0.0565,8
1791607742,0.0740,8
1791607747,0.0832,8
1791607752,0.0715,8
1791607757,0.0683,8
1791607762,0.1065,8
1791607767,0.0953,8
1791607772,0.0921,8
1791607777,0.1198,8
1791607782,0.1034,8
1791607787,0.1007,8
1791607792,0.1195,8
1791607797,0.1070,8
1791607802,0.1372,8
1791607807,0.1324,8
1791607812,0.1468,8
1791607817,0.1259,8
1791607822,0.1220,8
1791607827,0.1495,8
1791607832,0.1272,8
1791607837,0.1261,8
1791607842,0.1502,8
1791607847,0.1254,8
1791607852,0.1241,8
1791607857,0.1564,8
1791607862,0.1333,8
1791607867,0.1109,8
1791607872,0.1471,8
1791607877,0.1369,8
1791607882,0.1302,8
1791607887,0.1590,8
1791607892,0.1360,8
1791607897,0.1364,8
1791607902,0.1572,8
1791607907,0.1597,8
1791607912,0.1690,8
1791607917,0.1923,8
1791607922,0.1606,8
1791607927,0.1878,8
1791607932,0.1773,8
1791607937,0.1687,8
1791607942,0.1823,8
1791607947,0.2213,8
1791607952,0.2171,8
1791607957,0.1992,8
1791607962,0.1984,8
1791607967,0.2190,8
1791607972,0.1912,8
1791607977,0.2207,8
1791607982,0.2713,8
1791607987,0.2562,8
1791607992,0.2363,8
1791607997,0.2554,8
1791608002,0.2404,8
1791608007,0.2754,8
1791608012,0.2943,8
1791608017,0.2454,8
1791608022,0.2412,8
1791608027,0.2648,8
1791608032,0.2367,8
1791608037,0.2414,8
1791608042,0.2668,8
1791608047,0.2099,8
1791608052,0.2174,8
1791608057,0.2184,8
1791608062,0.1927,8
1791608067,0.1952,8
1791608072,0.2065,8
1791608077,0.2159,8
1791608082,0.1759,8
1791608087,0.2049,8
1791608092,0.2304,8
1791608097,0.2093,8
1791608102,0.2107,8
1791608107,0.2325,8
1791608112,0.2224,8
1791608117,0.2084,8
1791608122,0.2461,8
1791608127,0.2456,8
1791608132,0.2464,8
1791608137,0.2611,8
1791608142,0.2437,8
1791608147,0.2401,8
1791608152,0.2610,8
1791608157,0.2593,8
1791608162,0.2741,8
1791608167,0.2988,8
1791608172,0.2835,8
1791608177,0.2739,8
1791608182,0.3040,8
1791608187,0.2724,8
1791608192,0.2785,8
1791608197,0.3261,8
1791608202,0.3349,8
1791608207,0.3175,8
1791608212,0.3217,8
1791608217,0.3395,8
1791608222,0.3172,8
1791608227,0.3085,8
1791608232,0.3669,8
1791608237,0.3526,8
1791608242,0.3232,8
1791608247,0.3355,8
1791608252,0.3151,8
1791608257,0.3282,8
1791608262,0.3128,8
1791608267,0.2719,8
1791608272,0.2655,8
1791608277,0.2872,8
1791608282,0.2761,8
1791608287,0.2885,8
1791608292,0.2931,8
1791608297,0.2634,8
1791608302,0.2331,8
1791608307,0.2548,8
1791608312,0.2354,8
1791608317,0.2275,8
1791608322,0.2325,8
1791608327,0.2675,8
1791608332,0.2347,8
1791608337,0.2051,8
1791608342,0.2256,8
1791608347,0.1952,8
1791608352,0.1982,8
1791608357,0.2401,8
1791608362,0.1992,8
1791608367,0.2053,8
1791608372,0.2022,8
1791608377,0.1826,8
1791608382,0.1759,8
1791608387,0.2074,8
1791608392,0.1717,8
1791608397,0.1810,8
1791608402,0.2103,8
1791608407,0.1388,8
1791608412,0.1648,8
1791608417,0.1907,8
1791608422,0.1666,8
1791608427,0.1651,8
1791608432,0.1929,8
1791608437,0.1634,8
1791608442,0.1655,8
1791608447,0.1701,8
1791608452,0.1844,8
1791608457,0.1653,8
1791608462,0.1653,8
1791608467,0.1893,8
1791608472,0.1623,8
1791608477,0.1510,8
1791608482,0.1768,8
1791608487,0.1355,8
1791608492,0.1310,8
1791608497,0.1448,8
1791608502,0.1298,8
1791608508,0.1415,8
1791608513,0.1454,8
1791608518,0.0999,8
1791608523,0.0954,8
1791608528,0.1182,8
1791608533,0.0983,8
1791608538,0.1004,8
1791608543,0.1287,8
1791608548,0.0955,8
1791608553,0.0647,8
1791608558,0.1217,8
1791608563,0.0957,8
1791608568,0.0970,8
1791608573,0.1085,8
1791608578,0.1030,8
1791608583,0.1158,8
1791608588,0.0932,8
1791608593,0.1181,8
1791608598,0.0918,8
1791608603,0.1102,8
1791608608,0.1235,8
1791608613,0.1016,8
1791608618,0.0922,8
1791608623,0.1117,8
1791608628,0.0671,8
1791608633,0.0620,8
1791608638,0.0898,8
1791608643,0.0754,8
1791608648,0.0649,8
1791608653,0.0939,8
1791608658,0.0626,8
1791608663,0.0799,8
1791608668,0.1336,8
1791608673,0.0976,8
1791608678,0.0951,8
1791608683,0.1241,8
1791608688,0.1119,8
1791608693,0.0985,8
1791608698,0.1247,8
1791608703,0.1336,8
1791608708,0.1278,8
1791608713,0.1361,8
1791608718,0.1473,8
1791608723,0.1260,8
1791608728,0.1439,8
1791608733,0.1554,8
1791608738,0.1292,8
1791608743,0.1255,8
1791608748,0.1424,8
1791608753,0.1218,8
1791608758,0.1235,8
1791608763,0.1510,8
1791608768,0.1007,8
1791608773,0.1286,8
1791608778,0.1517,8
1791608783,0.1315,8
1791608788,0.1446,8
1791608793,0.1623,8
1791608798,0.1248,8
1791608803,0.1311,8
1791608808,0.1831,8
1791608813,0.1638,8
1791608818,0.1656,8
1791608823,0.1837,8
1791608828,0.1646,8
1791608833,0.1620,8
1791608838,0.1817,8
1791608843,0.1901,8
1791608848,0.2021,8
1791608853,0.2183,8
1791608858,0.2219,8
1791608863,0.2276,8
1791608868,0.2046,8
1791608873,0.2327,8
1791608878,0.2074,8
1791608883,0.2457,8
1791608888,0.2585,8
1791608893,0.2396,8
1791608898,0.2409,8
1791608903,0.2639,8
1791608908,0.2780,8
1791608913,0.2701,8
1791608918,0.2753,8
1791608923,0.2489,8
1791608928,0.2534,8
1791608933,0.2701,8
1791608938,0.2482,8
1791608943,0.2481,8
1791608948,0.2285,8
1791608953,0.2076,8
1791608958,0.2067,8
1791608963,0.2127,8
1791608968,0.2105,8
1791608973,0.2164,8
1791608978,0.2050,8
1791608983,0.2008,8
1791608988,0.1970,8
1791608993,0.1977,8
1791608998,0.2167,8
1791609003,0.2090,8
1791609008,0.2022,8
1791609013,0.2259,8
1791609018,0.2083,8
1791609023,0.2231,8
1791609028,0.2556,8
1791609033,0.2339,8
1791609038,0.2547,8
1791609043,0.2534,8
1791609048,0.2312,8
1791609053,0.2338,8
1791609058,0.2646,8
1791609063,0.2768,8
1791609068,0.2799,8
1791609073,0.3001,8
1791609078,0.2854,8
1791609083,0.2711,8
1791609088,0.3202,8
1791609093,0.2857,8
1791609098,0.3332,8
1791609103,0.2986,8
1791609108,0.3389,8
1791609113,0.3149,8
1791609118,0.3054,8
1791609123,0.3421,8
1791609128,0.3087,8
1791609133,0.3389,8
1791609138,0.3651,8
1791609143,0.3039,8
1791609148,0.3117,8
1791609153,0.3382,8
1791609158,0.3122,8
1791609163,0.2855,8
1791609168,0.2953,8
1791609173,0.2673,8
1791609178,0.2721,8
1791609183,0.2977,8
1791609188,0.2768,8
1791609193,0.2685,8
1791609198,0.2803,8
1791609203,0.2312,8
1791609208,0.2366,8
1791609213,0.2525,8
1791609218,0.2371,8
1791609223,0.2432,8
1791609228,0.2355,8
1791609233,0.2457,8
1791609238,0.2048,8
1791609243,0.2058,8
1791609248,0.2222,8
1791609253,0.1942,8
1791609258,0.1942,8
1791609263,0.2189,8
1791609268,0.1975,8
1791609273,0.1756,8
1791609278,0.1861,8
1791609283,0.1760,8
1791609288,0.1740,8
1791609293,0.1870,8
1791609298,0.1683,8
1791609303,0.1766,8
1791609308,0.1595,8
1791609313,0.1638,8
1791609318,0.1750,8
1791609323,0.1939,8
1791609328,0.1795,8
1791609333,0.1756,8
1791609338,0.1907,8
1791609343,0.1854,8
1791609348,0.1849,8
1791609353,0.1883,8
1791609358,0.2012,8
1791609363,0.1799,8
1791609368,0.1763,8
1791609373,0.2000,8
1791609378,0.1496,8
1791609383,0.1326,8
1791609388,0.1528,8
1791609393,0.1294,8
1791609398,0.1310,8
1791609403,0.1479,8
1791609408,0.1424,8
1791609413,0.1232,8
1791609418,0.1269,8
1791609423,0.0997,8
1791609428,0.0964,8
1791609433,0.1180,8
1791609438,0.0935,8
1791609443,0.0942,8
1791609448,0.1195,8
1791609453,0.0610,8
1791609458,0.0971,8
1791609463,0.1220,8
1791609468,0.1267,8
1791609473,0.0887,8
1791609478,0.1108,8
1791609484,0.1179,8
1791609489,0.0984,8
1791609494,0.1116,8
1791609499,0.1165,8
1791609504,0.0972,8
1791609509,0.0970,8
1791609514,0.1202,8
1791609519,0.0967,8
1791609524,0.0764,8
1791609529,0.1148,8
1791609534,0.0582,8
1791609539,0.0614,8
1791609544,0.0847,8
1791609549,0.0607,8
1791609554,0.0595,8
1791609559,0.0815,8
1791609564,0.0782,8
1791609569,0.0959,8
1791609574,0.1180,8
1791609579,0.0935,8
1791609584,0.0979,8
1791609589,0.1342,8
1791609594,0.1059,8
1791609599,0.1000,8
1791609604,0.1537,8
1791609609,0.1245,8
1791609614,0.1287,8
1791609619,0.1332,8
1791609624,0.1395,8
1791609629,0.1246,8
1791609634,0.1292,8
1791609639,0.1497,8
1791609644,0.1311,8
1791609649,0.1317,8
1791609654,0.1624,8
1791609659,0.1277,8
1791609664,0.1335,8
1791609669,0.1276,8
1791609674,0.1241,8
1791609679,0.1321,8
1791609684,0.1490,8
1791609689,0.1304,8
1791609694,0.1360,8
1791609699,0.1485,8
1791609704,0.1323,8
1791609709,0.1710,8
1791609714,0.2018,8
1791609719,0.1677,8
1791609724,0.1691,8
1791609729,0.1882,8
1791609734,0.1610,8
1791609739,0.1682,8
1791609744,0.2115,8
1791609749,0.2158,8
1791609754,0.2072,8
1791609759,0.2086,8
1791609764,0.2180,8
1791609769,0.1989,8
1791609774,0.2143,8
1791609779,0.2299,8
1791609784,0.2536,8
1791609789,0.2490,8
1791609794,0.2642,8
1791609799,0.2435,8
1791609804,0.2532,8
1791609809,0.2848,8
1791609814,0.2522,8
1791609819,0.2415,8
1791609824,0.2765,8
1791609829,0.2521,8
1791609834,0.2312,8
1791609839,0.2771,8
1791609844,0.2521,8
1791609849,0.2150,8
1791609854,0.2244,8
1791609859,0.2034,8
1791609864,0.2094,8
1791609869,0.2429,8
1791609874,0.2139,8
1791609879,0.2115,8
1791609884,0.1888,8
1791609889,0.2304,8
1791609894,0.2357,8
1791609899,0.2504,8
1791609904,0.2545,8
1791609909,0.2319,8
1791609914,0.2370,8
1791609919,0.2553,8
1791609924,0.2592,8
1791609929,0.2731,8
1791609934,0.3037,8
1791609939,0.2655,8
1791609944,0.2672,8
1791609949,0.2879,8
1791609954,0.2601,8
1791609959,0.2831,8
1791609964,0.3332,8
1791609969,0.2948,8
1791609974,0.2965,8
1791609979,0.3224,8
1791609984,0.2975,8
1791609989,0.3039,8
1791609994,0.3200,8
1791609999,0.3410,8
1791610004,0.3478,8
1791610009,0.3691,8
1791610014,0.3656,8
1791610019,0.3557,8
1791610024,0.3801,8
1791610029,0.3388,8
1791610034,0.3267,8
1791610039,0.3213,8
1791610044,0.3373,8
1791610049,0.3257,8
1791610054,0.3251,8
1791610059,0.3351,8
1791610064,0.3096,8
1791610069,0.2907,8
1791610074,0.3121,8
1791610079,0.2853,8
1791610084,0.3204,8
1791610089,0.3145,8
1791610094,0.2797,8
1791610099,0.2794,8
1791610104,0.2767,8
1791610109,0.2455,8
1791610114,0.2467,8
1791610119,0.2557,8
1791610124,0.2554,8
1791610129,0.2564,8
1791610134,0.2402,8
1791610139,0.2276,8
1791610144,0.2057,8
1791610149,0.2296,8
1791610154,0.2227,8
1791610159,0.2049,8
1791610164,0.1973,8
1791610169,0.2291,8
1791610174,0.1652,8
1791610179,0.1690,8
1791610184,0.1961,8
1791610189,0.1772,8
1791610194,0.1740,8
1791610199,0.1940,8
1791610204,0.1761,8
1791610209,0.1593,8
1791610214,0.1825,8
1791610219,0.1619,8
1791610224,0.1594,8
1791610229,0.1854,8
1791610234,0.1716,8
1791610239,0.1637,8
1791610244,0.1618,8
1791610249,0.1884,8
1791610254,0.1647,8
1791610259,0.1673,8
1791610264,0.1892,8
1791610269,0.1848,8
1791610274,0.1646,8
1791610279,0.1779,8
1791610284,0.1366,8
1791610289,0.1345,8
1791610294,0.1522,8
1791610299,0.1322,8
1791610304,0.1327,8
1791610309,0.1652,8
1791610314,0.1260,8
1791610319,0.0964,8
1791610324,0.1181,8
1791610329,0.1049,8
1791610334,0.0951,8
1791610339,0.1177,8
1791610344,0.0940,8
1791610349,0.0949,8
1791610354,0.0875,8
1791610359,0.0944,8
1791610364,0.0943,8
1791610369,0.1034,8
1791610374,0.1122,8
1791610379,0.0973,8
1791610384,0.1079,8
1791610389,0.1171,8
1791610394,0.1201,8
1791610399,0.0933,8
1791610404,0.1141,8
1791610409,0.0982,8
1791610414,0.1041,8
1791610419,0.1210,8
1791610424,0.0798,8
1791610429,0.0709,8
1791610434,0.0810,8
1791610439,0.0589,8
1791610444,0.0638,8
1791610449,0.0859,8
1791610455,0.0792,8
1791610460,0.0669,8
1791610465,0.0957,8
1791610470,0.1007,8
1791610475,0.0916,8
1791610480,0.1142,8
1791610485,0.0885,8
1791610490,0.0963,8
1791610495,0.1051,8
1791610500,0.1090,8
1791610505,0.1468,8
1791610510,0.1304,8
1791610515,0.1685,8
1791610520,0.1298,8
1791610525,0.1301,8
1791610530,0.1432,8
1791610535,0.1285,8
1791610540,0.1314,8
1791610545,0.1511,8
1791610550,0.1247,8
1791610555,0.1272,8
1791610560,0.1513,8
1791610565,0.1352,8
1791610570,0.1066,8
1791610575,0.1477,8
1791610580,0.1469,8
1791610585,0.1354,8
1791610590,0.1594,8
1791610595,0.1367,8
1791610600,0.1298,8
1791610605,0.1583,8
1791610610,0.1595,8
1791610615,0.1584,8
1791610620,0.1937,8
1791610625,0.1778,8
1791610630,0.1697,8
1791610635,0.1756,8
1791610640,0.2011,8
1791610645,0.1850,8
1791610650,0.2175,8
1791610655,0.2413,8
1791610660,0.2005,8
1791610665,0.1997,8
1791610670,0.2214,8
1791610675,0.2053,8
1791610680,0.2228,8
1791610685,0.2901,8
1791610690,0.2539,8
1791610695,0.2569,8
1791610700,0.2954,8
1791610705,0.2560,8
1791610710,0.2491,8
1791610715,0.2640,8
1791610720,0.2496,8
1791610725,0.2575,8
1791610730,0.2780,8
1791610735,0.2438,8
1791610740,0.2487,8
1791610745,0.2780,8
1791610750,0.2103,8
1791610755,0.2019,8
1791610760,0.2050,8
1791610765,0.2319,8
1791610770,0.2085,8
1791610775,0.2088,8
1791610780,0.2217,8
1791610785,0.1859,8
1791610790,0.1920,8
1791610795,0.2438,8
1791610800,0.2201,8
1791610805,0.2252,8
1791610810,0.2346,8
1791610815,0.2210,8
1791610820,0.2313,8
1791610825,0.2796,8
1791610830,0.2496,8
1791610835,0.2528,8
1791610840,0.2782,8
1791610845,0.2506,8
1791610850,0.2512,8
1791610855,0.2661,8
1791610860,0.2438,8
1791610865,0.2949,8
1791610870,0.3116,8
1791610875,0.2905,8
1791610880,0.2802,8
1791610885,0.2996,8
1791610890,0.2902,8
1791610895,0.2834,8
1791610900,0.3139,8
1791610905,0.3585,8
1791610910,0.3276,8
1791610915,0.3200,8
1791610920,0.3507,8
1791610925,0.3300,8
1791610930,0.3231,8
1791610935,0.3822,8
1791610940,0.3504,8
1791610945,0.3341,8
1791610950,0.3696,8
1791610955,0.3235,8
1791610960,0.3288,8
1791610965,0.3246,8
1791610970,0.2882,8
1791610975,0.2883,8
1791610980,0.3017,8
1791610985,0.2870,8
1791610990,0.2844,8
1791610995,0.3006,8
1791611000,0.2835,8
1791611005,0.2479,8
1791611010,0.2619,8
1791611015,0.2705,8
1791611020,0.2452,8
1791611025,0.2491,8
1791611030,0.2801,8
1791611035,0.2428,8
1791611040,0.2265,8
1791611045,0.2482,8
1791611050,0.2117,8
1791611055,0.2077,8
1791611060,0.2385,8
1791611065,0.2078,8
1791611070,0.2286,8
1791611075,0.1981,8
1791611080,0.1630,8
1791611085,0.1632,8
1791611090,0.1913,8
1791611095,0.1685,8
1791611100,0.1727,8
1791611105,0.2021,8
1791611110,0.1401,8
1791611115,0.1552,8
1791611120,0.1774,8
1791611125,0.1722,8
1791611130,0.1670,8
1791611135,0.1785,8
1791611140,0.1868,8
1791611145,0.1644,8
1791611150,0.1789,8
1791611155,0.1834,8
1791611160,0.1652,8
1791611165,0.1738,8
1791611170,0.1940,8
1791611175,0.1630,8
1791611180,0.1613,8
1791611185,0.1538,8
1791611190,0.1286,8
1791611195,0.1498,8
1791611200,0.1528,8
1791611205,0.1307,8
1791611210,0.1257,8
1791611215,0.1518,8
1791611220,0.0942,8
1791611225,0.1019,8
1791611230,0.1163,8
1791611235,0.0909,8
1791611240,0.0957,8
1791611245,0.1215,8
1791611250,0.0941,8
1791611255,0.0813,8
1791611260,0.0947,8
1791611265,0.1139,8
1791611270,0.0951,8
1791611275,0.0925,8
1791611280,0.1175,8
1791611285,0.1098,8
1791611290,0.1073,8
1791611295,0.1179,8
1791611300,0.0945,8
1791611305,0.0919,8
1791611310,0.1219,8
1791611315,0.1075,8
1791611320,0.1195,8
1791611325,0.0968,8
1791611330,0.0632,8
1791611335,0.0589,8
1791611340,0.0799,8
1791611345,0.0669,8
1791611350,0.0646,8
1791611355,0.0845,8
1791611360,0.0700,8
1791611365,0.0721,8
1791611370,0.1139,8
1791611375,0.1016,8
1791611380,0.1032,8
1791611385,0.1257,8
1791611390,0.1060,8
1791611395,0.0989,8
1791611400,0.0929,8
1791611405,0.1534,8
1791611410,0.1279,8
1791611415,0.1234,8
1791611420,0.1449,8
1791611425,0.1245,8
1791611431,0.1267,8
1791611436,0.1469,8
1791611441,0.1431,8
1791611446,0.1240,8
1791611451,0.1480,8
1791611456,0.1193,8
1791611461,0.1234,8
1791611466,0.1495,8
1791611471,0.1139,8
1791611476,0.1220,8
1791611481,0.1484,8
1791611486,0.1267,8
1791611491,0.1314,8
1791611496,0.1484,8
1791611501,0.1259,8
1791611506,0.1434,8
1791611511,0.1763,8
1791611516,0.1631,8
1791611521,0.1628,8
1791611526,0.1797,8
1791611531,0.1751,8
1791611536,0.1592,8
1791611541,0.1601,8
1791611546,0.1937,8
1791611551,0.1972,8
1791611556,0.1939,8
1791611561,0.2155,8
1791611566,0.2059,8
1791611571,0.1931,8
1791611576,0.2138,8
1791611581,0.2044,8
1791611586,0.2352,8
1791611591,0.2493,8
1791611596,0.2499,8
1791611601,0.2286,8
1791611606,0.2544,8
1791611611,0.2347,8
1791611616,0.2320,8
1791611621,0.2489,8
1791611626,0.2727,8
1791611631,0.2299,8
1791611636,0.2506,8
1791611641,0.2299,8
1791611646,0.2289,8
1791611651,0.2308,8
1791611656,0.1985,8
1791611661,0.1947,8
1791611666,0.1973,8
1791611671,0.2147,8
1791611676,0.2017,8
1791611681,0.1942,8
1791611686,0.2044,8
1791611691,0.1962,8
1791611696,0.1924,8
1791611701,0.2247,8
1791611706,0.2075,8
1791611711,0.2038,8
1791611716,0.2232,8
1791611721,0.1969,8
1791611726,0.2091,8
1791611731,0.2649,8
1791611736,0.2438,8
1791611741,0.2387,8
1791611746,0.2649,8
1791611751,0.2578,8
1791611756,0.2544,8
1791611761,0.2613,8
1791611766,0.2760,8
1791611771,0.2698,8
1791611776,0.2959,8
1791611781,0.2664,8
1791611786,0.2623,8
1791611791,0.2885,8
1791611796,0.3037,8
1791611801,0.2978,8
1791611806,0.3166,8
1791611811,0.3523,8
1791611816,0.3152,8
1791611821,0.3335,8
1791611826,0.3418,8
1791611831,0.3258,8
1791611836,0.3132,8
1791611841,0.3287,8
1791611846,0.3061,8
1791611851,0.3187,8
1791611856,0.3371,8
1791611861,0.3088,8
1791611866,0.2919,8
1791611871,0.2919,8
1791611876,0.2864,8
1791611881,0.2679,8
1791611886,0.3056,8
1791611891,0.2653,8
1791611896,0.2691,8
1791611901,0.2910,8
1791611906,0.2441,8
1791611911,0.2341,8
1791611916,0.2373,8
1791611921,0.2623,8
1791611926,0.2281,8
1791611931,0.2412,8
1791611936,0.2871,8
1791611941,0.1944,8
1791611946,0.2038,8
1791611951,0.2214,8
1791611956,0.2004,8
1791611961,0.1969,8
1791611966,0.2193,8
1791611971,0.2027,8
1791611976,0.1796,8
1791611981,0.1944,8
1791611986,0.1694,8
1791611991,0.1712,8
1791611996,0.2057,8
1791612001,0.1653,8
1791612006,0.1695,8
1791612011,0.1671,8
1791612016,0.1593,8
1791612021,0.1671,8
1791612026,0.1832,8
1791612031,0.1644,8
1791612036,0.1692,8
1791612041,0.1720,8
1791612046,0.1747,8
1791612051,0.1677,8
1791612056,0.1610,8
1791612061,0.2041,8
1791612066,0.1765,8
1791612071,0.1633,8
1791612076,0.1905,8
1791612081,0.1682,8
1791612086,0.1363,8
1791612091,0.1532,8
1791612096,0.1379,8
1791612101,0.1310,8
1791612106,0.1570,8
1791612111,0.1329,8
1791612116,0.1272,8
1791612121,0.1295,8
1791612126,0.1040,8
1791612131,0.0921,8
1791612136,0.1142,8
1791612141,0.0918,8
1791612146,0.0932,8
1791612151,0.1185,8
1791612156,0.0714,8
1791612161,0.0893,8
1791612166,0.1200,8
1791612171,0.0959,8
1791612176,0.0915,8
1791612181,0.1115,8
1791612186,0.1178,8
1791612191,0.0920,8
1791612196,0.1021,8
1791612201,0.1349,8
1791612206,0.0930,8
1791612211,0.0994,8
1791612216,0.1156,8
1791612221,0.0924,8
1791612226,0.0820,8
1791612231,0.0853,8
1791612236,0.0613,8
1791612241,0.0762,8
1791612246,0.0873,8
1791612251,0.0592,8
1791612256,0.0635,8
1791612261,0.0919,8
1791612266,0.0691,8
1791612271,0.0993,8
1791612276,0.1121,8
1791612281,0.0923,8
1791612286,0.1019,8
1791612291,0.1225,8
1791612296,0.0939,8
1791612301,0.1002,8
1791612306,0.1741,8
1791612311,0.1342,8
1791612316,0.1275,8
1791612321,0.1282,8
1791612326,0.1517,8
1791612331,0.1338,8
1791612336,0.1354,8
1791612341,0.1522,8
1791612346,0.1341,8
1791612351,0.1300,8
1791612356,0.1502,8
1791612361,0.1297,8
1791612366,0.1445,8
1791612371,0.1334,8
1791612376,0.1210,8
1791612381,0.1310,8
1791612386,0.1489,8
1791612391,0.1333,8
1791612396,0.1333,8
1791612401,0.1530,8
1791612407,0.1329,8
1791612412,0.1579,8
1791612417,0.1941,8
1791612422,0.1638,8
1791612427,0.1903,8
1791612432,0.1914,8
1791612437,0.1779,8
1791612442,0.1691,8
1791612447,0.1990,8
1791612452,0.2374,8
1791612457,0.2087,8
1791612462,0.2051,8
1791612467,0.2290,8
1791612472,0.2062,8
1791612477,0.2072,8
1791612482,0.2400,8
1791612487,0.2612,8
1791612492,0.2517,8
1791612497,0.2579,8
1791612502,0.2311,8
1791612507,0.2335,8
1791612512,0.2856,8
1791612517,0.2499,8
1791612522,0.2529,8
1791612527,0.2712,8
1791612532,0.2354,8
1791612537,0.2408,8
1791612542,0.2560,8
1791612547,0.2504,8
1791612552,0.2283,8
1791612557,0.2353,8
1791612562,0.2083,8
1791612567,0.2019,8
1791612572,0.2311,8
1791612577,0.2132,8
1791612582,0.2097,8
1791612587,0.2008,8
1791612592,0.2198,8
1791612597,0.2081,8
1791612602,0.2151,8
1791612607,0.2432,8
1791612612,0.2227,8
1791612617,0.2099,8
1791612622,0.2402,8
1791612627,0.2211,8
1791612632,0.2748,8
1791612637,0.2819,8
1791612642,0.2569,8
1791612647,0.2643,8
1791612652,0.2759,8
1791612657,0.2535,8
1791612662,0.2605,8
1791612667,0.3179,8
1791612672,0.2792,8
1791612677,0.3078,8
1791612682,0.3096,8
1791612687,0.2828,8
1791612692,0.2878,8
1791612697,0.3073,8
1791612702,0.3076,8
1791612707,0.3212,8
1791612712,0.3287,8
1791612717,0.3472,8
1791612722,0.3254,8
1791612727,0.3249,8
1791612732,0.3313,8
1791612737,0.3990,8
1791612742,0.3479,8
1791612747,0.3381,8
1791612752,0.3141,8
1791612757,0.3077,8
1791612762,0.3440,8
1791612767,0.2974,8
1791612772,0.2673,8
1791612777,0.2865,8
1791612782,0.2731,8
1791612787,0.2751,8
1791612792,0.2985,8
1791612797,0.2788,8
1791612802,0.3183,8
1791612807,0.2675,8
1791612812,0.2415,8
1791612817,0.2376,8
1791612822,0.2632,8
1791612827,0.2492,8
1791612832,0.2501,8
1791612837,0.2433,8
1791612842,0.2349,8
1791612847,0.2213,8
1791612852,0.2114,8
1791612857,0.2453,8
1791612862,0.2289,8
1791612867,0.2280,8
1791612872,0.2427,8
1791612877,0.1852,8
1791612882,0.1756,8
1791612887,0.2049,8
1791612892,0.1796,8
1791612897,0.1763,8
1791612902,0.1960,8
1791612907,0.1860,8
1791612912,0.1583,8
1791612917,0.1913,8
1791612922,0.1889,8
1791612927,0.1693,8
1791612932,0.2087,8
1791612937,0.1810,8
1791612942,0.1818,8
1791612947,0.2036,8
1791612952,0.1764,8
1791612957,0.1737,8
1791612962,0.1783,8
1791612967,0.2012,8
1791612972,0.1698,8
1791612977,0.1801,8
1791612982,0.2011,8
1791612987,0.1531,8
1791612992,0.1332,8
1791612997,0.1473,8
1791613002,0.1303,8
1791613007,0.1355,8
1791613012,0.1583,8
1791613017,0.1298,8
1791613022,0.0940,8
1791613027,0.1215,8
1791613032,0.0904,8
1791613037,0.0922,8
1791613042,0.1145,8
1791613047,0.1057,8
1791613052,0.0986,8
1791613057,0.0938,8
1791613062,0.0905,8
1791613067,0.0958,8
1791613072,0.1210,8
1791613077,0.1011,8
1791613082,0.1044,8
1791613087,0.1155,8
1791613092,0.1139,8
1791613097,0.1003,8
1791613102,0.0964,8
1791613107,0.1282,8
1791613112,0.1017,8
1791613117,0.0940,8
1791613122,0.1150,8
1791613127,0.0904,8
1791613132,0.0694,8
1791613137,0.0812,8
1791613142,0.0592,8
1791613147,0.0738,8
1791613152,0.0815,8
1791613157,0.0672,8
1791613162,0.0720,8
1791613167,0.0807,8
1791613172,0.1188,8
1791613177,0.0937,8
1791613182,0.1157,8
1791613187,0.0954,8
1791613192,0.0941,8
1791613197,0.1135,8
1791613202,0.1044,8
1791613207,0.1398,8
1791613212,0.1522,8
1791613217,0.1255,8
1791613222,0.1281,8
1791613227,0.1330,8
1791613232,0.1565,8
1791613237,0.1223,8
1791613242,0.1271,8
1791613247,0.1489,8
1791613252,0.1234,8
1791613257,0.1235,8
1791613262,0.1462,8
1791613267,0.1296,8
1791613272,0.1032,8
1791613277,0.1365,8
1791613282,0.1304,8
1791613287,0.1261,8
1791613292,0.1660,8
1791613297,0.1329,8
1791613302,0.1160,8
1791613307,0.1575,8
1791613312,0.1575,8
1791613317,0.1632,8
1791613322,0.1803,8
1791613327,0.1588,8
1791613332,0.1570,8
1791613337,0.1744,8
1791613342,0.1551,8
1791613347,0.1626,8
1791613352,0.2191,8
1791613357,0.2027,8
1791613362,0.1924,8
1791613367,0.2132,8
1791613372,0.2108,8
1791613378,0.1906,8
1791613383,0.2042,8
1791613388,0.2594,8
1791613393,0.2320,8
1791613398,0.2588,8
1791613403,0.2646,8
1791613408,0.2443,8
1791613413,0.2582,8
1791613418,0.2744,8
1791613423,0.2364,8
1791613428,0.2404,8
1791613433,0.2487,8
1791613438,0.2318,8
1791613443,0.2420,8
1791613448,0.2654,8
1791613453,0.2191,8
1791613458,0.1934,8
1791613463,0.2258,8
1791613468,0.2098,8
1791613473,0.2059,8
1791613478,0.2413,8
1791613483,0.1990,8
1791613488,0.1923,8
1791613493,0.1912,8
1791613498,0.2152,8
1791613503,0.1993,8
1791613508,0.2013,8
1791613513,0.2210,8
1791613518,0.2028,8
1791613523,0.2042,8
1791613528,0.2396,8
1791613533,0.2675,8
1791613538,0.2447,8
1791613543,0.2802,8
1791613548,0.2415,8
1791613553,0.2452,8
1791613558,0.2625,8
1791613563,0.2410,8
1791613568,0.2835,8
1791613573,0.3049,8
1791613578,0.2802,8
1791613583,0.2788,8
1791613588,0.3021,8
1791613593,0.2978,8
1791613598,0.2854,8
1791613603,0.3822,8
1791613608,0.3321,8
1791613613,0.3143,8
1791613618,0.3446,8
1791613623,0.3332,8
1791613628,0.3240,8
1791613633,0.3158,8
1791613638,0.3743,8
1791613643,0.3204,8
1791613648,0.3331,8
1791613653,0.3465,8
1791613658,0.3153,8
1791613663,0.3233,8
1791613668,0.3913,8
1791613673,0.2829,8
1791613678,0.2814,8
1791613683,0.3117,8
1791613688,0.2805,8
1791613693,0.2900,8
1791613698,0.3036,8
1791613703,0.2823,8
1791613708,0.2569,8
1791613713,0.2737,8
1791613718,0.2450,8
1791613723,0.2541,8
1791613728,0.2932,8
1791613733,0.2444,8
1791613738,0.2557,8
1791613743,0.2246,8
1791613748,0.2410,8
1791613753,0.2061,8
1791613758,0.2126,8
1791613763,0.2310,8
1791613768,0.2196,8
1791613773,0.2108,8
1791613778,0.1983,8
1791613783,0.1666,8
1791613788,0.1886,8
1791613793,0.1898,8
1791613798,0.1688,8
1791613803,0.1698,8
1791613808,0.1906,8
1791613813,0.1478,8
1791613818,0.1459,8
1791613823,0.1839,8
1791613828,0.1612,8
1791613833,0.1659,8
1791613838,0.1834,8
1791613843,0.1626,8
1791613848,0.1641,8
1791613853,0.2036,8
1791613858,0.1636,8
1791613863,0.1672,8
1791613868,0.1735,8
1791613873,0.1760,8
1791613878,0.1653,8
1791613883,0.1566,8
1791613888,0.1660,8
1791613893,0.1363,8
1791613898,0.1351,8
1791613903,0.1558,8
1791613908,0.1236,8
1791613913,0.1454,8
1791613918,0.1560,8
1791613923,0.1041,8
1791613928,0.1003,8
1791613933,0.1149,8
1791613938,0.0955,8
1791613943,0.0956,8
1791613948,0.1164,8
1791613953,0.0968,8
1791613958,0.0773,8
1791613963,0.1064,8
1791613968,0.1005,8
1791613973,0.1237,8
1791613978,0.1112,8
1791613983,0.0971,8
1791613988,0.0988,8
1791613993,0.1011,8
1791613998,0.1125,8
1791614003,0.0895,8
1791614008,0.0945,8
1791614013,0.1156,8
1791614018,0.0951,8
1791614023,0.0933,8
1791614028,0.1127,8
1791614033,0.0749,8
1791614038,0.0791,8
1791614043,0.0824,8
1791614048,0.0616,8
1791614053,0.0603,8
1791614058,0.0896,8
1791614063,0.0682,8
1791614068,0.0618,8
1791614073,0.1312,8
1791614078,0.0945,8
1791614083,0.0936,8
1791614088,0.1199,8
1791614093,0.0915,8
1791614098,0.1057,8
1791614103,0.1288,8
1791614108,0.1462,8
1791614113,0.1276,8
1791614118,0.1447,8
1791614123,0.1307,8
1791614128,0.1268,8
1791614133,0.1329,8
1791614138,0.1706,8
1791614143,0.1328,8
1791614148,0.1253,8
1791614153,0.1490,8
1791614158,0.1391,8
1791614163,0.1273,8
1791614168,0.1534,8
1791614173,0.1093,8
1791614178,0.1099,8
1791614183,0.1546,8
1791614188,0.1313,8
1791614193,0.1371,8
1791614198,0.1504,8
1791614203,0.1314,8
1791614208,0.1330,8
1791614213,0.1669,8
1791614218,0.1580,8
1791614223,0.1726,8
1791614228,0.1868,8
1791614233,0.1684,8
1791614238,0.1696,8
1791614243,0.1813,8
1791614248,0.1680,8
1791614253,0.2041,8
1791614258,0.2029,8
1791614263,0.2151,8
1791614268,0.2174,8
1791614273,0.2100,8
1791614278,0.2151,8
1791614283,0.2214,8
1791614288,0.2419,8
1791614293,0.2630,8
1791614298,0.2381,8
1791614303,0.2718,8
1791614308,0.3899,8
1791614313,0.2996,8
1791614318,0.2418,8
1791614323,0.2844,8
1791614328,0.2433,8
1791614333,0.2476,8
1791614338,0.2612,8
1791614343,0.2525,8
1791614348,0.2623,8
1791614353,0.2371,8
1791614359,0.2054,8
1791614364,0.1992,8
1791614369,0.2268,8
1791614374,0.2066,8
1791614379,0.1988,8
1791614384,0.1983,8
1791614389,0.2155,8
1791614394,0.1812,8
1791614399,0.2067,8
1791614404,0.2360,8
1791614409,0.2242,8
1791614414,0.2173,8
1791614419,0.2322,8
1791614424,0.2100,8
1791614429,0.2173,8
1791614434,0.2702,8
1791614439,0.2427,8
1791614444,0.2413,8
1791614449,0.2712,8
1791614454,0.2413,8
1791614459,0.2408,8
1791614464,0.2611,8
1791614469,0.2991,8
1791614474,0.2735,8
1791614479,0.3012,8
1791614484,0.2734,8
1791614489,0.2761,8
1791614494,0.2972,8
1791614499,0.2748,8
1791614504,0.3215,8
1791614509,0.3836,8
1791614514,0.3797,8
1791614519,0.3434,8
1791614524,0.3303,8
1791614529,0.3593,8
1791614534,0.3336,8
1791614539,0.3240,8
1791614544,0.3411,8
1791614549,0.3329,8
1791614554,0.3190,8
1791614559,0.3548,8
1791614564,0.3214,8
1791614569,0.3280,8
1791614574,0.3097,8
1791614579,0.2721,8
1791614584,0.2791,8
1791614589,0.2964,8
1791614594,0.2941,8
1791614599,0.2839,8
1791614604,0.3001,8
1791614609,0.2400,8
1791614614,0.2438,8
1791614619,0.2453,8
1791614624,0.2473,8
1791614629,0.2390,8
1791614634,0.2407,8
1791614639,0.2607,8
1791614644,0.2225,8
1791614649,0.2099,8
1791614654,0.2381,8
1791614659,0.1994,8
1791614664,0.2004,8
1791614669,0.2192,8
1791614674,0.2018,8
1791614679,0.1810,8
1791614684,0.1910,8
1791614689,0.1723,8
1791614694,0.1744,8
1791614699,0.1951,8
1791614704,0.1810,8
1791614709,0.1707,8
1791614714,0.1751,8
1791614719,0.1673,8
1791614724,0.1660,8
1791614729,0.1854,8
1791614734,0.1740,8
1791614739,0.1700,8
1791614744,0.1852,8
1791614749,0.1838,8
1791614754,0.1672,8
1791614759,0.1545,8
1791614764,0.1877,8
1791614769,0.1643,8
1791614774,0.1684,8
1791614779,0.2035,8
1791614784,0.1598,8
1791614789,0.1294,8
1791614794,0.1657,8
1791614799,0.1325,8
1791614804,0.1325,8
1791614809,0.1573,8
1791614814,0.1405,8
1791614819,0.1333,8
1791614824,0.1270,8
1791614829,0.0977,8
1791614834,0.0949,8
1791614839,0.1377,8
1791614844,0.0958,8
1791614849,0.0954,8
1791614854,0.1204,8
1791614859,0.0731,8
1791614864,0.0864,8
1791614869,0.1218,8
1791614874,0.1027,8
1791614879,0.0909,8
1791614884,0.1086,8
1791614889,0.1126,8
1791614894,0.0961,8
1791614899,0.0952,8
1791614904,0.1313,8
1791614909,0.0953,8
1791614914,0.0985,8
1791614919,0.1154,8
1791614924,0.0932,8
1791614929,0.0982,8
1791614934,0.0962,8
1791614939,0.0592,8
1791614944,0.0682,8
1791614949,0.0968,8
1791614954,0.0622,8
1791614959,0.0698,8
1791614964,0.1025,8
1791614969,0.0694,8
1791614974,0.0993,8
1791614979,0.1146,8
1791614984,0.0932,8
1791614989,0.0955,8
1791614994,0.1183,8
1791614999,0.0907,8
1791615004,0.1050,8
1791615009,0.1557,8
1791615014,0.1342,8
1791615019,0.1219,8
1791615024,0.1447,8
1791615029,0.1448,8
1791615034,0.1264,8
1791615039,0.1246,8
1791615044,0.1509,8
1791615049,0.1252,8
1791615054,0.1223,8
1791615059,0.1449,8
1791615064,0.1289,8
1791615069,0.1240,8
1791615074,0.1354,8
1791615079,0.1127,8
1791615084,0.1276,8
1791615089,0.1646,8
1791615094,0.1297,8
1791615099,0.1265,8
1791615104,0.1512,8
1791615109,0.1325,8
1791615114,0.1475,8
1791615119,0.1804,8
1791615124,0.1658,8
1791615129,0.1615,8
1791615134,0.1782,8
1791615139,0.1605,8
1791615144,0.1564,8
1791615149,0.1920,8
1791615154,0.2098,8
1791615159,0.1922,8
1791615164,0.1992,8
1791615169,0.2336,8
1791615174,0.1943,8
1791615179,0.1832,8
1791615184,0.2356,8
1791615189,0.2246,8
1791615194,0.2250,8
1791615199,0.2762,8
1791615204,0.2366,8
1791615209,0.2457,8
1791615214,0.2587,8
1791615219,0.2322,8
1791615224,0.2319,8
1791615229,0.2595,8
1791615234,0.2358,8
1791615239,0.2281,8
1791615244,0.2623,8
1791615249,0.2260,8
1791615254,0.2173,8
1791615259,0.2177,8
1791615264,0.1907,8
1791615269,0.1913,8
1791615274,0.2259,8
1791615279,0.1878,8
1791615284,0.1974,8
1791615289,0.1878,8
1791615294,0.1886,8
1791615299,0.1988,8
1791615304,0.1948,8
1791615309,0.2111,8
1791615314,0.1957,8
1791615319,0.1904,8
1791615324,0.2128,8
1791615329,0.1908,8
1791615334,0.2506,8
1791615339,0.2544,8
1791615345,0.2318,8
1791615350,0.2260,8
1791615355,0.2517,8
1791615360,0.2259,8
1791615365,0.2353,8
1791615370,0.2834,8
1791615375,0.2623,8
1791615380,0.2660,8
1791615385,0.2865,8
1791615390,0.2696,8
1791615395,0.3171,8
1791615400,0.2753,8
1791615405,0.2838,8
1791615410,0.2998,8
1791615415,0.3000,8
1791615420,0.3102,8
1791615425,0.3095,8
1791615430,0.2946,8
1791615435,0.3260,8
1791615440,0.3007,8
1791615445,0.2924,8
1791615450,0.3307,8
1791615455,0.3179,8
1791615460,0.3319,8
1791615465,0.3254,8
1791615470,0.3017,8
1791615475,0.2673,8
1791615480,0.2892,8
1791615485,0.2743,8
1791615490,0.2708,8
1791615495,0.2948,8
1791615500,0.2526,8
1791615505,0.2718,8
1791615510,0.2559,8
1791615515,0.2387,8
1791615520,0.2483,8
1791615525,0.2640,8
1791615530,0.2382,8
1791615535,0.2389,8
1791615540,0.2428,8
1791615545,0.2349,8
1791615550,0.1941,8
1791615555,0.1979,8
1791615560,0.2182,8
1791615565,0.1962,8
1791615570,0.2035,8
1791615575,0.2251,8
1791615580,0.1894,8
1791615585,0.1617,8
1791615590,0.1871,8
1791615595,0.1639,8
1791615600,0.1640,8
1791615605,0.1912,8
1791615610,0.1643,8
1791615615,0.1546,8
1791615620,0.1722,8
1791615625,0.1624,8
1791615630,0.1642,8
1791615635,0.1879,8
1791615640,0.1617,8
1791615645,0.1779,8
1791615650,0.1784,8
1791615655,0.1653,8
1791615660,0.1628,8
1791615665,0.1825,8
1791615670,0.1679,8
1791615675,0.1584,8
1791615680,0.1565,8
1791615685,0.1779,8
1791615690,0.1288,8
1791615695,0.1329,8
1791615700,0.1505,8
1791615705,0.1424,8
1791615710,0.1291,8
1791615715,0.1583,8
1791615720,0.1320,8
1791615725,0.1136,8
1791615730,0.1185,8
1791615735,0.0979,8
1791615740,0.1000,8
1791615745,0.1208,8
1791615750,0.0947,8
1791615755,0.0968,8
1791615760,0.0960,8
1791615765,0.1008,8
1791615770,0.0973,8
1791615775,0.1222,8
1791615780,0.0918,8
1791615785,0.0985,8
1791615790,0.1377,8
1791615795,0.0944,8
1791615800,0.0949,8
1791615805,0.1018,8
1791615810,0.1111,8
1791615815,0.0964,8
1791615820,0.0915,8
1791615825,0.1161,8
1791615830,0.1034,8
1791615835,0.0646,8
1791615840,0.0814,8
1791615845,0.0705,8
1791615850,0.0694,8
1791615855,0.0790,8
1791615860,0.0694,8
1791615865,0.0608,8
1791615870,0.0825,8
1791615875,0.1028,8
1791615880,0.1027,8
1791615885,0.1219,8
1791615890,0.1171,8
1791615895,0.0922,8
1791615900,0.1143,8
1791615905,0.0980,8
1791615910,0.1301,8
1791615915,0.1456,8
1791615920,0.1259,8
1791615925,0.1284,8
1791615930,0.1451,8
1791615935,0.1269,8
1791615940,0.1296,8
1791615945,0.1332,8
1791615950,0.1576,8
1791615955,0.1263,8
1791615960,0.1261,8
1791615965,0.1505,8
1791615970,0.1330,8
1791615975,0.1157,8
1791615980,0.1306,8
1791615985,0.1260,8
1791615990,0.1297,8
1791615995,0.1560,8
1791616000,0.1361,8
1791616005,0.1301,8
1791616010,0.1542,8
1791616015,0.1457,8
1791616020,0.1622,8
1791616025,0.1827,8
1791616030,0.1625,8
1791616035,0.1591,8
1791616040,0.1777,8
1791616045,0.1565,8
1791616050,0.1609,8
1791616055,0.2198,8
1791616060,0.1976,8
1791616065,0.1934,8
1791616070,0.2293,8
1791616075,0.2206,8
1791616080,0.1909,8
1791616085,0.1986,8
1791616090,0.2477,8
1791616095,0.2325,8
1791616100,0.2493,8
1791616105,0.2600,8
1791616110,0.2443,8
1791616115,0.2334,8
1791616120,0.2551,8
1791616125,0.2414,8
1791616130,0.2439,8
1791616135,0.2715,8
1791616140,0.2309,8
1791616145,0.2376,8
1791616150,0.2479,8
1791616155,0.2177,8
1791616160,0.2006,8
1791616165,0.2169,8
1791616170,0.1911,8
1791616175,0.1904,8
1791616180,0.2160,8
1791616185,0.1974,8
1791616190,0.1906,8
1791616195,0.1862,8
1791616200,0.2361,8
1791616205,0.1982,8
1791616210,0.2015,8
1791616215,0.2090,8
1791616220,0.1916,8
1791616225,0.1942,8
1791616230,0.2209,8
1791616235,0.2365,8
1791616240,0.2272,8
1791616245,0.2581,8
1791616250,0.2317,8
1791616255,0.2306,8
1791616260,0.3010,8
1791616265,0.2352,8
1791616270,0.2556,8
1791616275,0.2837,8
1791616280,0.2706,8
1791616285,0.2656,8
1791616290,0.2872,8
1791616295,0.2888,8
1791616300,0.2557,8
1791616305,0.3108,8
1791616310,0.3044,8
1791616315,0.3041,8
1791616320,0.3323,8
1791616326,0.3258,8
1791616331,0.3321,8
1791616336,0.3394,8
1791616341,0.3667,8
1791616346,0.3264,8
1791616351,0.3539,8
1791616356,0.3506,8
1791616361,0.3199,8
1791616366,0.3199,8
1791616371,0.3426,8
1791616376,0.2829,8
1791616381,0.2754,8
1791616386,0.3279,8
1791616391,0.2809,8
1791616396,0.2788,8
1791616401,0.3038,8
1791616406,0.2904,8
1791616411,0.2533,8
1791616416,0.2764,8
1791616421,0.2477,8
1791616426,0.2552,8
1791616431,0.2900,8
1791616436,0.2568,8
1791616441,0.2560,8
1791616446,0.2630,8
1791616451,0.2081,8
1791616456,0.2101,8
1791616461,0.2209,8
1791616466,0.2249,8
1791616471,0.2071,8
1791616476,0.2147,8
1791616481,0.2105,8
1791616486,0.1725,8
1791616491,0.1652,8
1791616496,0.1943,8
1791616501,0.1731,8
1791616506,0.1744,8
1791616511,0.2036,8
1791616516,0.1681,8
1791616521,0.1436,8
1791616526,0.1850,8
1791616531,0.1656,8
1791616536,0.1638,8
1791616541,0.1792,8
1791616546,0.1625,8
1791616551,0.1642,8
1791616556,0.1979,8
1791616561,0.1642,8
1791616566,0.1711,8
1791616571,0.1965,8
1791616576,0.1630,8
1791616581,0.1699,8
1791616586,0.1813,8
1791616591,0.1437,8
1791616596,0.1377,8
1791616601,0.1356,8
1791616606,0.1616,8
1791616611,0.1369,8
1791616616,0.1279,8
1791616621,0.1518,8
1791616626,0.1107,8
1791616631,0.1148,8
1791616636,0.1166,8
1791616641,0.0913,8
1791616646,0.0966,8
1791616651,0.1144,8
1791616656,0.0961,8
1791616661,0.0760,8
1791616666,0.0996,8
1791616671,0.0962,8
1791616676,0.1065,8
1791616681,0.1164,8
1791616686,0.1076,8
1791616691,0.0968,8
1791616696,0.1258,8
1791616701,0.0987,8
1791616706,0.0980,8
1791616711,0.1165,8
1791616716,0.1018,8
1791616721,0.1083,8
1791616726,0.1065,8
1791616731,0.1185,8
1791616736,0.0822,8
1791616741,0.0620,8
1791616746,0.0939,8
1791616751,0.0669,8
1791616756,0.0791,8
1791616761,0.0937,8
1791616766,0.0703,8
1791616771,0.0680,8
1791616776,0.1229,8
1791616781,0.0970,8
1791616786,0.0979,8
1791616791,0.1218,8
1791616796,0.1044,8
1791616801,0.1033,8
1791616806,0.1229,8
1791616811,0.1241,8
1791616816,0.1414,8
1791616821,0.1592,8
1791616826,0.1368,8
1791616831,0.1386,8
1791616836,0.1612,8
1791616841,0.1342,8
1791616846,0.1336,8
1791616851,0.1412,8
1791616856,0.1452,8
1791616861,0.1283,8
1791616866,0.1331,8
1791616871,0.1530,8
1791616876,0.1177,8
1791616881,0.1253,8
1791616886,0.1560,8
1791616891,0.1377,8
1791616896,0.1465,8
1791616901,0.1746,8
1791616906,0.1468,8
1791616911,0.1359,8
1791616916,0.1559,8
1791616921,0.1687,8
1791616926,0.1685,8
1791616931,0.1946,8
1791616936,0.1689,8
1791616941,0.1817,8
1791616946,0.1954,8
1791616951,0.1784,8
1791616956,0.2098,8
1791616961,0.2330,8
1791616966,0.2069,8
1791616971,0.2284,8
1791616976,0.2239,8
1791616981,0.2224,8
1791616986,0.2686,8
1791616991,0.2431,8
1791616996,0.2745,8
1791617001,0.3046,8
1791617006,0.2516,8
1791617011,0.2717,8
1791617016,0.2476,8
1791617021,0.2413,8
1791617026,0.2765,8
1791617031,0.2480,8
1791617036,0.2417,8
1791617041,0.2598,8
1791617046,0.2468,8
1791617051,0.2460,8
1791617056,0.2696,8
1791617061,0.2137,8
1791617066,0.2329,8
1791617071,0.2352,8
1791617076,0.2191,8
1791617081,0.2059,8
1791617086,0.2380,8
1791617091,0.2047,8
1791617096,0.1774,8
1791617101,0.2193,8
1791617106,0.2398,8
1791617111,0.2016,8
1791617116,0.2062,8
1791617121,0.2274,8
1791617126,0.2187,8
1791617131,0.2073,8
1791617136,0.2837,8
1791617141,0.2767,8
1791617146,0.2652,8
1791617151,0.2866,8
1791617156,0.2644,8
1791617161,0.2513,8
1791617166,0.3219,8
1791617171,0.2879,8
1791617176,0.2836,8
1791617181,0.3161,8
1791617186,0.3116,8
1791617191,0.2878,8
1791617196,0.3408,8
1791617201,0.2875,8
1791617206,0.3121,8
1791617211,0.3691,8
1791617216,0.3658,8
1791617221,0.3229,8
1791617226,0.3443,8
1791617231,0.3524,8
1791617236,0.3169,8
1791617241,0.3470,8
1791617246,0.3600,8
1791617251,0.3748,8
1791617256,0.3242,8
1791617261,0.3542,8
1791617266,0.3287,8
1791617271,0.3315,8
1791617277,0.3147,8
1791617282,0.2865,8
1791617287,0.2841,8
1791617292,0.3207,8
1791617297,0.2906,8
1791617302,0.2984,8
1791617307,0.3113,8
1791617312,0.2708,8
1791617317,0.2513,8
1791617322,0.2715,8
1791617327,0.2464,8
1791617332,0.2415,8
1791617337,0.2507,8
1791617342,0.2677,8
1791617347,0.2292,8
1791617352,0.2010,8
1791617357,0.2311,8
1791617362,0.1992,8
1791617367,0.2042,8
1791617372,0.2343,8
1791617377,0.2271,8
1791617382,0.1874,8
1791617387,0.2018,8
1791617392,0.1744,8
1791617397,0.1741,8
1791617402,0.1946,8
1791617407,0.1690,8
1791617412,0.1666,8
1791617417,0.1894,8
1791617422,0.1465,8
1791617427,0.1812,8
1791617432,0.2072,8
1791617437,0.2052,8
1791617442,0.1872,8
1791617447,0.2160,8
1791617452,0.1868,8
1791617457,0.1830,8
1791617462,0.1880,8
1791617467,0.2100,8
1791617472,0.1816,8
1791617477,0.1773,8
1791617482,0.2126,8
1791617487,0.1799,8
1791617492,0.1519,8
1791617497,0.1811,8
1791617502,0.1327,8
1791617507,0.1350,8
1791617512,0.1659,8
1791617517,0.1395,8
1791617522,0.1336,8
1791617527,0.1331,8
1791617532,0.0997,8
1791617537,0.0990,8
1791617542,0.1207,8
1791617547,0.0947,8
1791617552,0.0987,8
1791617557,0.1222,8
1791617562,0.0985,8
1791617567,0.0831,8
1791617572,0.1171,8
1791617577,0.1108,8
1791617582,0.1038,8
1791617587,0.1077,8
1791617592,0.1310,8
1791617597,0.1115,8
1791617602,0.1009,8
1791617607,0.1239,8
1791617612,0.1026,8
1791617617,0.1067,8
1791617622,0.1502,8
1791617627,0.1027,8
1791617632,0.0958,8
1791617637,0.0916,8
1791617642,0.0662,8
1791617647,0.0667,8
1791617652,0.0849,8
1791617657,0.0655,8
1791617662,0.0670,8
1791617667,0.0923,8
1791617672,0.0652,8
1791617677,0.1056,8
1791617682,0.1313,8
1791617687,0.0967,8
1791617692,0.0986,8
1791617697,0.1341,8
1791617702,0.0959,8
1791617707,0.0979,8
1791617712,0.1313,8
1791617717,0.1478,8
1791617722,0.1262,8
1791617727,0.1324,8
1791617732,0.1482,8
1791617737,0.1330,8
1791617742,0.1328,8
1791617747,0.1716,8
1791617752,0.1338,8
1791617757,0.1299,8
1791617762,0.1511,8
1791617767,0.1319,8
1791617772,0.1300,8
1791617777,0.1409,8
1791617782,0.1011,8
1791617787,0.1343,8
1791617792,0.1539,8
1791617797,0.1284,8
1791617802,0.1348,8
1791617807,0.1643,8
1791617812,0.1362,8
1791617817,0.1438,8
1791617822,0.1934,8
1791617827,0.1715,8
1791617832,0.1693,8
1791617837,0.1932,8
1791617842,0.1923,8
1791617847,0.1849,8
1791617852,0.1809,8
1791617857,0.2209,8
1791617862,0.2006,8
1791617867,0.2262,8
1791617872,0.2343,8
1791617877,0.2037,8
1791617882,0.2037,8
1791617887,0.2464,8
1791617892,0.2394,8
1791617897,0.2598,8
1791617902,0.2876,8
1791617907,0.2523,8
1791617912,0.2644,8
1791617917,0.2945,8
1791617922,0.2555,8
1791617927,0.2642,8
1791617932,0.3072,8
1791617937,0.2601,8
1791617942,0.2667,8
1791617947,0.2926,8
1791617952,0.2594,8
1791617957,0.2351,8
1791617962,0.2196,8
1791617967,0.2193,8
1791617972,0.2040,8
1791617977,0.1956,8
1791617982,0.2222,8
1791617987,0.2037,8
1791617992,0.2197,8
1791617997,0.1955,8
1791618002,0.2143,8
1791618007,0.2102,8
1791618012,0.2285,8
1791618017,0.2178,8
1791618022,0.2186,8
1791618027,0.2459,8
1791618032,0.2217,8
1791618037,0.2420,8
1791618042,0.2728,8
1791618047,0.2479,8
1791618052,0.2450,8
1791618057,0.2813,8
1791618062,0.2452,8
1791618067,0.2405,8
1791618072,0.3058,8
1791618077,0.3008,8
1791618082,0.2927,8
1791618087,0.3066,8
1791618092,0.3066,8
1791618097,0.3175,8
1791618102,0.3031,8
1791618107,0.3321,8
1791618112,0.3235,8
1791618117,0.3363,8
1791618122,0.3422,8
1791618127,0.3213,8
1791618132,0.3203,8
1791618137,0.3555,8
1791618142,0.3363,8
1791618147,0.3317,8
1791618152,0.3717,8
1791618157,0.3238,8
1791618162,0.3151,8
1791618167,0.3435,8
1791618172,0.3261,8
1791618177,0.2987,8
1791618182,0.3184,8
1791618187,0.2858,8
1791618192,0.2852,8
1791618197,0.2950,8
1791618202,0.2941,8
1791618207,0.2883,8
1791618212,0.2469,8
1791618217,0.2702,8
1791618222,0.2412,8
1791618227,0.2389,8
1791618233,0.2670,8
1791618238,0.2431,8
1791618243,0.2669,8
1791618248,0.2464,8
1791618253,0.1994,8
1791618258,0.2066,8
1791618263,0.2224,8
1791618268,0.2003,8
1791618273,0.1991,8
1791618278,0.2292,8
1791618283,0.1851,8
1791618288,0.1722,8
1791618293,0.1838,8
1791618298,0.1643,8
1791618303,0.1837,8
1791618308,0.1882,8
1791618313,0.1743,8
1791618318,0.1677,8
1791618323,0.1445,8
1791618328,0.1795,8
1791618333,0.1708,8
1791618338,0.1702,8
1791618343,0.1868,8
1791618348,0.1663,8
1791618353,0.1657,8
1791618358,0.1904,8
1791618363,0.1943,8
1791618368,0.1718,8
1791618373,0.1902,8
1791618378,0.1634,8
1791618383,0.1665,8
1791618388,0.1894,8
1791618393,0.1449,8
1791618398,0.1390,8
1791618403,0.1520,8
1791618408,0.1372,8
1791618413,0.1371,8
1791618418,0.1597,8
1791618423,0.1325,8
1791618428,0.1300,8
1791618433,0.1236,8
1791618438,0.0928,8
1791618443,0.0951,8
1791618448,0.1037,8
1791618453,0.1128,8
1791618458,0.0995,8
1791618463,0.0840,8
1791618468,0.1010,8
1791618473,0.0960,8
1791618478,0.0925,8
1791618483,0.1200,8
1791618488,0.1083,8
1791618493,0.0960,8
1791618498,0.1197,8
1791618503,0.1001,8
1791618508,0.0969,8
1791618513,0.1220,8
1791618518,0.1003,8
1791618523,0.1170,8
1791618528,0.1159,8
1791618533,0.0957,8
1791618538,0.0665,8
1791618543,0.0871,8
1791618548,0.0777,8
1791618553,0.0626,8
1791618558,0.0844,8
1791618563,0.0642,8
1791618568,0.0691,8
1791618573,0.0900,8
1791618578,0.0928,8
1791618583,0.0930,8
1791618588,0.0931,8
1791618593,0.1204,8
1791618598,0.1023,8
1791618603,0.0929,8
1791618608,0.1223,8
1791618613,0.1337,8
1791618618,0.1274,8
1791618623,0.1479,8
1791618628,0.1306,8
1791618633,0.1322,8
1791618638,0.1482,8
1791618643,0.1312,8
1791618648,0.1303,8
1791618653,0.1501,8
1791618658,0.1321,8
1791618663,0.1363,8
1791618668,0.1513,8
1791618673,0.1449,8
1791618678,0.1299,8
1791618683,0.1222,8
1791618688,0.1351,8
1791618693,0.1326,8
1791618698,0.1496,8
1791618703,0.1335,8
1791618708,0.1292,8
1791618713,0.1434,8
1791618718,0.1531,8
1791618723,0.1683,8
1791618728,0.1682,8
1791618733,0.2008,8
1791618738,0.1697,8
1791618743,0.1562,8
1791618748,0.1923,8
1791618753,0.1648,8
1791618758,0.2145,8
1791618763,0.2324,8
1791618768,0.1967,8
1791618773,0.2007,8
1791618778,0.2209,8
1791618783,0.1971,8
1791618788,0.1979,8
1791618793,0.2464,8
1791618798,0.2480,8
1791618803,0.2299,8
1791618808,0.2499,8
1791618813,0.2305,8
1791618818,0.2450,8
1791618823,0.2572,8
1791618828,0.2561,8
1791618833,0.2321,8
1791618838,0.2484,8
1791618843,0.2470,8
1791618848,0.2451,8
1791618853,0.2378,8
1791618858,0.2706,8
1791618863,0.1997,8
1791618868,0.1857,8
1791618873,0.2166,8
1791618878,0.1968,8
1791618883,0.2034,8
1791618888,0.2245,8
1791618893,0.2000,8
1791618898,0.1644,8
1791618903,0.2336,8
1791618908,0.2016,8
1791618913,0.2061,8
1791618918,0.2426,8
1791618923,0.1982,8
1791618928,0.2026,8
1791618933,0.2325,8
1791618938,0.2346,8
1791618943,0.2346,8
1791618948,0.2596,8
1791618953,0.2371,8
1791618958,0.2257,8
1791618963,0.2546,8
1791618968,0.2388,8
1791618973,0.2520,8
1791618978,0.2626,8
1791618983,0.3134,8
1791618988,0.2585,8
1791618993,0.2612,8
1791618998,0.2866,8
1791619003,0.2729,8
1791619008,0.2863,8
1791619013,0.3612,8
1791619018,0.3167,8
1791619023,0.3204,8
1791619028,0.3649,8
1791619033,0.3202,8
1791619038,0.3147,8
1791619043,0.4419,8
1791619048,0.3174,8
1791619053,0.3142,8
1791619058,0.3417,8
1791619063,0.3104,8
1791619068,0.3239,8
1791619073,0.3384,8
1791619078,0.2792,8
1791619083,0.2830,8
1791619088,0.2639,8
1791619093,0.2924,8
1791619098,0.2656,8
1791619103,0.2723,8
1791619108,0.3519,8
1791619113,0.2407,8
1791619118,0.2274,8
1791619123,0.2593,8
1791619128,0.2353,8
1791619133,0.2346,8
1791619138,0.2552,8
1791619143,0.2346,8
1791619148,0.2123,8
1791619153,0.2213,8
1791619158,0.1977,8
1791619163,0.1973,8
1791619168,0.2377,8
1791619173,0.2029,8
1791619178,0.1888,8
1791619183,0.2166,8
1791619188,0.1667,8
1791619193,0.1648,8
1791619198,0.1899,8
1791619203,0.1681,8
1791619208,0.1717,8
1791619214,0.1689,8
1791619219,0.1791,8
1791619224,0.1266,8
1791619229,0.1798,8
1791619234,0.2136,8
1791619239,0.1740,8
1791619244,0.1692,8
1791619249,0.1958,8
1791619254,0.1730,8
1791619259,0.1842,8
1791619264,0.2081,8
1791619269,0.1773,8
1791619274,0.1759,8
1791619279,0.1946,8
1791619284,0.1794,8
1791619289,0.1799,8
1791619294,0.1845,8
1791619299,0.1341,8
1791619304,0.1352,8
1791619309,0.1554,8
1791619314,0.1286,8
1791619319,0.1273,8
1791619324,0.1499,8
1791619329,0.1128,8
1791619334,0.0992,8
1791619339,0.0997,8
1791619344,0.1102,8
1791619349,0.0973,8
1791619354,0.1085,8
1791619359,0.1157,8
1791619364,0.0849,8
1791619369,0.0764,8
1791619374,0.1207,8
1791619379,0.1038,8
1791619384,0.1101,8
1791619389,0.1239,8
1791619394,0.0932,8
1791619399,0.0960,8
1791619404,0.1202,8
1791619409,0.1006,8
1791619414,0.0948,8
1791619419,0.1406,8
1791619424,0.0983,8
1791619429,0.0967,8
1791619434,0.1175,8
1791619439,0.0625,8
1791619444,0.0681,8
1791619449,0.0876,8
1791619454,0.0703,8
1791619459,0.0642,8
1791619464,0.0817,8
1791619469,0.0723,8
1791619474,0.0610,8
1791619479,0.1241,8
1791619484,0.1164,8
1791619489,0.0979,8
1791619494,0.1017,8
1791619499,0.1253,8
1791619504,0.1076,8
1791619509,0.0998,8
1791619514,0.1390,8
1791619519,0.1297,8
1791619524,0.1331,8
1791619529,0.1542,8
1791619534,0.1292,8
1791619539,0.1457,8
1791619544,0.1701,8
1791619549,0.1315,8
1791619554,0.1298,8
1791619559,0.1488,8
1791619564,0.1258,8
1791619569,0.1328,8
1791619574,0.1478,8
1791619579,0.1262,8
1791619584,0.0972,8
1791619589,0.1535,8
1791619594,0.1302,8
1791619599,0.1248,8
1791619604,0.1546,8
1791619609,0.1324,8
1791619614,0.1323,8
1791619619,0.1337,8
1791619624,0.1895,8
1791619629,0.1631,8
1791619634,0.1605,8
1791619639,0.1812,8
1791619644,0.1590,8
1791619649,0.1637,8
1791619654,0.1880,8
1791619659,0.1828,8
1791619664,0.2074,8
1791619669,0.2159,8
1791619674,0.1957,8
1791619679,0.1895,8
1791619684,0.2143,8
1791619689,0.2154,8
1791619694,0.2148,8
1791619699,0.2527,8
1791619704,0.2312,8
1791619709,0.2360,8
1791619714,0.2598,8
1791619719,0.2502,8
1791619724,0.2367,8
1791619729,0.2697,8
1791619734,0.2309,8
1791619739,0.2251,8
1791619744,0.2362,8
1791619749,0.2475,8
1791619754,0.2286,8
1791619759,0.2264,8
1791619764,0.2143,8
1791619769,0.1899,8
1791619774,0.1942,8
1791619779,0.2142,8
1791619784,0.1953,8
1791619789,0.2052,8
1791619794,0.2169,8
1791619799,0.1643,8
1791619804,0.1992,8
1791619809,0.2158,8
1791619814,0.1995,8
1791619819,0.1927,8
1791619824,0.2157,8
1791619829,0.2001,8
1791619834,0.2014,8
1791619839,0.2532,8
1791619844,0.2278,8
1791619849,0.2396,8
1791619854,0.2504,8
1791619859,0.2286,8
1791619864,0.2356,8
1791619869,0.2405,8
1791619874,0.2653,8
1791619879,0.2608,8
1791619884,0.2630,8
1791619889,0.2971,8
1791619894,0.2673,8
1791619899,0.2857,8
1791619904,0.3049,8
1791619909,0.3057,8
1791619914,0.3284,8
1791619919,0.3244,8
1791619924,0.3162,8
1791619929,0.3093,8
1791619934,0.3313,8
1791619939,0.3115,8
1791619944,0.3318,8
1791619949,0.3406,8
1791619954,0.3223,8
1791619959,0.3258,8
1791619964,0.3412,8
1791619969,0.2984,8
1791619974,0.3145,8
1791619979,0.2990,8
1791619984,0.2702,8
1791619989,0.2709,8
1791619994,0.2787,8
1791619999,0.2770,8
1791620004,0.2658,8
1791620009,0.2642,8
1791620014,0.2636,8
1791620019,0.2372,8
1791620024,0.2328,8
1791620029,0.2560,8
1791620034,0.2537,8
1791620039,0.2312,8
1791620044,0.2666,8
1791620049,0.2152,8
1791620054,0.1987,8
1791620059,0.2220,8
1791620064,0.1997,8
1791620069,0.1994,8
1791620074,0.2229,8
1791620079,0.1993,8
1791620084,0.1936,8
1791620089,0.1958,8
1791620094,0.1606,8
1791620099,0.1766,8
1791620104,0.1885,8
1791620109,0.1702,8
1791620114,0.1679,8
1791620119,0.1772,8
1791620124,0.1438,8
1791620129,0.1761,8
1791620134,0.1637,8
1791620139,0.1816,8
1791620144,0.1635,8
1791620149,0.1673,8
1791620154,0.1909,8
1791620159,0.1755,8
1791620164,0.1740,8
1791620169,0.1872,8
1791620174,0.1696,8
1791620179,0.1729,8
1791620184,0.1887,8
1791620189,0.1632,8
1791620195,0.1431,8
1791620200,0.1547,8
1791620205,0.1286,8
1791620210,0.1291,8
1791620215,0.1476,8
1791620220,0.1496,8
1791620225,0.1305,8
1791620230,0.1351,8
1791620235,0.0987,8
1791620240,0.0926,8
1791620245,0.1141,8
1791620250,0.1001,8
1791620255,0.0949,8
1791620260,0.0954,8
1791620265,0.1093,8
1791620270,0.0757,8
1791620275,0.0925,8
1791620280,0.1161,8
1791620285,0.1118,8
1791620290,0.1008,8
1791620295,0.1264,8
1791620300,0.1063,8
1791620305,0.0965,8
1791620310,0.1154,8
1791620315,0.0949,8
1791620320,0.0905,8
1791620325,0.1159,8
1791620330,0.0952,8
1791620335,0.0930,8
1791620340,0.0872,8
1791620345,0.0798,8
1791620350,0.0689,8
1791620355,0.0861,8
1791620360,0.0565,8
1791620365,0.0670,8
1791620370,0.0826,8
1791620375,0.0617,8
1791620380,0.0869,8
1791620385,0.1054,8
1791620390,0.1075,8
1791620395,0.1005,8
1791620400,0.1046,8
1791620405,0.1401,8
1791620410,0.0988,8
1791620415,0.1169,8
1791620420,0.1447,8
1791620425,0.1308,8
1791620430,0.1281,8
1791620435,0.1517,8
1791620440,0.1324,8
1791620445,0.1315,8
1791620450,0.1609,8
1791620455,0.1302,8
1791620460,0.1282,8
1791620465,0.1623,8
1791620470,0.1476,8
1791620475,0.1363,8
1791620480,0.1521,8
1791620485,0.0971,8
1791620490,0.1385,8
1791620495,0.1500,8
1791620500,0.1371,8
1791620505,0.1409,8
1791620510,0.1507,8
1791620515,0.1336,8
1791620520,0.1310,8
1791620525,0.1677,8
1791620530,0.1976,8
1791620535,0.1690,8
1791620540,0.1623,8
1791620545,0.1994,8
1791620550,0.1758,8
1791620555,0.1672,8
1791620560,0.2339,8
1791620565,0.2148,8
1791620570,0.2042,8
1791620575,0.2264,8
1791620580,0.2059,8
1791620585,0.2052,8
1791620590,0.2489,8
1791620595,0.2365,8
1791620600,0.2550,8
1791620605,0.2695,8
1791620610,0.2588,8
1791620615,0.2523,8
1791620620,0.2922,8
1791620625,0.2483,8
1791620630,0.2425,8
1791620635,0.2883,8
1791620640,0.2458,8
1791620645,0.2616,8
1791620650,0.2748,8
1791620655,0.2869,8
1791620660,0.2422,8
1791620665,0.2071,8
1791620670,0.2309,8
1791620675,0.2152,8
1791620680,0.2077,8
1791620685,0.2371,8
1791620690,0.2147,8
1791620695,0.2048,8
1791620700,0.2019,8
1791620705,0.2111,8
1791620710,0.2153,8
1791620715,0.2500,8
1791620720,0.2076,8
1791620725,0.2056,8
1791620730,0.2397,8
1791620735,0.2050,8
1791620740,0.2387,8
1791620745,0.2823,8
1791620750,0.2457,8
1791620755,0.2421,8
1791620760,0.2686,8
1791620765,0.2506,8
1791620770,0.2531,8
1791620775,0.2892,8
1791620780,0.2897,8
1791620785,0.2704,8
1791620790,0.2857,8
1791620795,0.3045,8
1791620800,0.2686,8
1791620805,0.2796,8
1791620810,0.3198,8
1791620815,0.3404,8
1791620820,0.3339,8
1791620825,0.3547,8
1791620830,0.3416,8
1791620835,0.3493,8
1791620840,0.3594,8
1791620845,0.3025,8
1791620850,0.3270,8
1791620855,0.3368,8
1791620860,0.3129,8
1791620865,0.3050,8
1791620870,0.3369,8
1791620875,0.3196,8
1791620880,0.2725,8
1791620885,0.3033,8
1791620890,0.2660,8
1791620895,0.2699,8
1791620900,0.2876,8
1791620905,0.2965,8
1791620910,0.2786,8
1791620915,0.2461,8
1791620920,0.2626,8
1791620925,0.2328,8
1791620930,0.2372,8
1791620935,0.2545,8
1791620940,0.2292,8
1791620945,0.2326,8
1791620950,0.2524,8
1791620955,0.2064,8
1791620960,0.1948,8
1791620965,0.2442,8
1791620970,0.2067,8
1791620975,0.2130,8
1791620980,0.2287,8
1791620985,0.1966,8
1791620990,0.1696,8
1791620995,0.1972,8
1791621000,0.1738,8
1791621005,0.1793,8
1791621010,0.1926,8
1791621015,0.1729,8
1791621020,0.1748,8
1791621025,0.1561,8
1791621030,0.1865,8
1791621035,0.1679,8
1791621040,0.1673,8
1791621045,0.2010,8
1791621050,0.1741,8
1791621055,0.1814,8
1791621060,0.2009,8
1791621065,0.1784,8
1791621070,0.1751,8
1791621075,0.2027,8
1791621080,0.1844,8
1791621085,0.2027,8
1791621090,0.2053,8
1791621095,0.1542,8
1791621100,0.1390,8
1791621105,0.1511,8
1791621110,0.1349,8
1791621115,0.1371,8
1791621120,0.1592,8
1791621125,0.1399,8
1791621130,0.1156,8
1791621135,0.1184,8
1791621140,0.0989,8
1791621145,0.0947,8
1791621150,0.1145,8
1791621155,0.1105,8
1791621160,0.1034,8
1791621165,0.0965,8
1791621171,0.0931,8
1791621176,0.1063,8
1791621181,0.1055,8
1791621186,0.1222,8
1791621191,0.1051,8
1791621196,0.1037,8
1791621201,0.1181,8
1791621206,0.1036,8
1791621211,0.1149,8
1791621216,0.1178,8
1791621221,0.0923,8
1791621226,0.0955,8
1791621231,0.1143,8
1791621236,0.0938,8
1791621241,0.0670,8
1791621246,0.0890,8
1791621251,0.0660,8
1791621256,0.0741,8
1791621261,0.0850,8
1791621266,0.0600,8
1791621271,0.0747,8
1791621276,0.0770,8
1791621281,0.0886,8
1791621286,0.0944,8
1791621291,0.0981,8
1791621296,0.1159,8
1791621301,0.1029,8
1791621306,0.0946,8
1791621311,0.1249,8
1791621316,0.1106,8
1791621321,0.1269,8
1791621326,0.1459,8
1791621331,0.1261,8
1791621336,0.1442,8
1791621341,0.1501,8
1791621346,0.1318,8
1791621351,0.1282,8
1791621356,0.1505,8
1791621361,0.1293,8
1791621366,0.1310,8
1791621371,0.1534,8
1791621376,0.1350,8
1791621381,0.1351,8
1791621386,0.1154,8
1791621391,0.1327,8
1791621396,0.1401,8
1791621401,0.1478,8
1791621406,0.1254,8
1791621411,0.1288,8
1791621416,0.1413,8
1791621421,0.1439,8
1791621426,0.1658,8
1791621431,0.1673,8
1791621436,0.1817,8
1791621441,0.1646,8
1791621446,0.1615,8
1791621451,0.1854,8
1791621456,0.1795,8
1791621461,0.2038,8
1791621466,0.2166,8
1791621471,0.1939,8
1791621476,0.1908,8
1791621481,0.2232,8
1791621486,0.1999,8
1791621491,0.1989,8
1791621496,0.2327,8
1791621501,0.2402,8
1791621506,0.2295,8
1791621511,0.2516,8
1791621516,0.2360,8
1791621521,0.2711,8
1791621526,0.2627,8
1791621531,0.2479,8
1791621536,0.2280,8
1791621541,0.2567,8
1791621546,0.2364,8
1791621551,0.2395,8
1791621556,0.2390,8
1791621561,0.2698,8
1791621566,0.1961,8
1791621571,0.2056,8
1791621576,0.2205,8
1791621581,0.2227,8
1791621586,0.2015,8
1791621591,0.2257,8
1791621596,0.2009,8
1791621601,0.1737,8
1791621606,0.2198,8
1791621611,0.1885,8
1791621616,0.1894,8
1791621621,0.2194,8
1791621626,0.2001,8
1791621631,0.2003,8
1791621636,0.2243,8
1791621641,0.2506,8
1791621646,0.2362,8
1791621651,0.2654,8
1791621656,0.2508,8
1791621661,0.2412,8
1791621666,0.2762,8
1791621671,0.2388,8
1791621676,0.2558,8
1791621681,0.2857,8
1791621686,0.3078,8
1791621691,0.2834,8
1791621696,0.2772,8
1791621701,0.3243,8
1791621706,0.3110,8
1791621711,0.2943,8
1791621716,0.3384,8
1791621721,0.3083,8
1791621726,0.3054,8
1791621731,0.3334,8
1791621736,0.3045,8
1791621741,0.3077,8
1791621746,0.3540,8
1791621751,0.3146,8
1791621756,0.3076,8
1791621761,0.3480,8
1791621766,0.3188,8
1791621771,0.3029,8
1791621776,0.3228,8
1791621781,0.2844,8
1791621786,0.2859,8
1791621791,0.2794,8
1791621796,0.2901,8
1791621801,0.2732,8
1791621806,0.2617,8
1791621811,0.2990,8
1791621816,0.2539,8
1791621821,0.2476,8
1791621826,0.2501,8
1791621831,0.2521,8
1791621836,0.2318,8
1791621841,0.2575,8
1791621846,0.2397,8
1791621851,0.2244,8
1791621856,0.2202,8
1791621861,0.1959,8
1791621866,0.2012,8
1791621871,0.2283,8
1791621876,0.2028,8
1791621881,0.1982,8
1791621886,0.2158,8
1791621891,0.1870,8
1791621896,0.1640,8
1791621901,0.1958,8
1791621906,0.1677,8
1791621911,0.1695,8
1791621916,0.1796,8
1791621921,0.1930,8
1791621926,0.1334,8
1791621931,0.1664,8
1791621936,0.1902,8
1791621941,0.1582,8
1791621946,0.1678,8
1791621951,0.2067,8
1791621956,0.1604,8
1791621961,0.1616,8
1791621966,0.1935,8
1791621971,0.1661,8
1791621976,0.1680,8
1791621981,0.1884,8
1791621986,0.1622,8
1791621991,0.1689,8
1791621996,0.1732,8
1791622001,0.1426,8
1791622006,0.1252,8
1791622011,0.1570,8
1791622016,0.1492,8
1791622021,0.1302,8
1791622026,0.1523,8
1791622031,0.1150,8
1791622036,0.1001,8
1791622041,0.1163,8
1791622046,0.0949,8
1791622051,0.1027,8
1791622056,0.0915,8
1791622061,0.1140,8
1791622066,0.0913,8
1791622071,0.0635,8
1791622076,0.1334,8
1791622081,0.0980,8
1791622086,0.0968,8
1791622091,0.1148,8
1791622096,0.0994,8
1791622101,0.0941,8
1791622106,0.1199,8
1791622111,0.1038,8
1791622116,0.1004,8
1791622121,0.1152,8
1791622126,0.0953,8
1791622131,0.0943,8
1791622136,0.1279,8
1791622141,0.0732,8
1791622146,0.0647,8
1791622151,0.0872,8
1791622157,0.0717,8
1791622162,0.0610,8
1791622167,0.0853,8
1791622172,0.0686,8
1791622177,0.0575,8
1791622182,0.0963,8
1791622187,0.1035,8
1791622192,0.0918,8
1791622197,0.0975,8
1791622202,0.1399,8
1791622207,0.1028,8
1791622212,0.0926,8
1791622217,0.1323,8
1791622222,0.1243,8
1791622227,0.1291,8
1791622232,0.1551,8
1791622237,0.1292,8
1791622242,0.1301,8
1791622247,0.1506,8
1791622252,0.1317,8
1791622257,0.1340,8
1791622262,0.1682,8
1791622267,0.1275,8
1791622272,0.1311,8
1791622277,0.1480,8
1791622282,0.1286,8
1791622287,0.0990,8
1791622292,0.1521,8
1791622297,0.1243,8
1791622302,0.1260,8
1791622307,0.1465,8
1791622312,0.1245,8
1791622317,0.1375,8
1791622322,0.1601,8
1791622327,0.1705,8
1791622332,0.1607,8
1791622337,0.1640,8
1791622342,0.1799,8
1791622347,0.1601,8
1791622352,0.1663,8
1791622357,0.1855,8
1791622362,0.1825,8
1791622367,0.1958,8
1791622372,0.2189,8
1791622377,0.1984,8
1791622382,0.1946,8
1791622387,0.2305,8
1791622392,0.2101,8
1791622397,0.2091,8
1791622402,0.2637,8
1791622407,0.2400,8
1791622412,0.2332,8
1791622417,0.2564,8
1791622422,0.2334,8
1791622427,0.2324,8
1791622432,0.2518,8
1791622437,0.2546,8
1791622442,0.2384,8
1791622447,0.2650,8
1791622452,0.2422,8
1791622457,0.2392,8
1791622462,0.2339,8
1791622467,0.2277,8
1791622472,0.2028,8
1791622477,0.1942,8
1791622482,0.2079,8
1791622487,0.1977,8
1791622492,0.1983,8
1791622497,0.2160,8
1791622502,0.1759,8
1791622507,0.1877,8
1791622512,0.2442,8
1791622517,0.1970,8
1791622522,0.1977,8
1791622527,0.2252,8
1791622532,0.2066,8
1791622537,0.2026,8
1791622542,0.2452,8
1791622547,0.2445,8
1791622552,0.2371,8
1791622557,0.2691,8
1791622562,0.2455,8
1791622567,0.2409,8
1791622572,0.2628,8
1791622577,0.2801,8
1791622582,0.2735,8
1791622587,0.2718,8
1791622592,0.3098,8
1791622597,0.2768,8
1791622602,0.2883,8
1791622607,0.3063,8
1791622612,0.2789,8
1791622617,0.3360,8
1791622622,0.3489,8
1791622627,0.3178,8
1791622632,0.3347,8
1791622637,0.3384,8
1791622642,0.3118,8
1791622647,0.3305,8
1791622652,0.3428,8
1791622657,0.3153,8
1791622662,0.3086,8
1791622667,0.3333,8
1791622672,0.3059,8
1791622677,0.3091,8
1791622682,0.3133,8
1791622687,0.2761,8
1791622692,0.2705,8
1791622697,0.2814,8
1791622702,0.2861,8
1791622707,0.2642,8
1791622712,0.2713,8
1791622717,0.2779,8
1791622722,0.2270,8
1791622727,0.2358,8
1791622732,0.2552,8
1791622737,0.2361,8
1791622742,0.2417,8
1791622747,0.2616,8
1791622752,0.2279,8
1791622757,0.2160,8
1791622762,0.2200,8
1791622767,0.1967,8
1791622772,0.2029,8
1791622777,0.2278,8
1791622782,0.1981,8
1791622787,0.2037,8
1791622792,0.1948,8
1791622797,0.1733,8
1791622802,0.1742,8
1791622807,0.1880,8
1791622812,0.1715,8
1791622817,0.1883,8
1791622822,0.1766,8
1791622827,0.1526,8
1791622832,0.1757,8
1791622837,0.1768,8
1791622842,0.1933,8
1791622847,0.1760,8
1791622852,0.1776,8
1791622857,0.1978,8
1791622862,0.1817,8
1791622867,0.1837,8
1791622872,0.1987,8
1791622877,0.1733,8
1791622882,0.1958,8
1791622887,0.2029,8
1791622892,0.1779,8
1791622897,0.1601,8
1791622902,0.1603,8
1791622907,0.1343,8
1791622912,0.1325,8
1791622917,0.1536,8
1791622922,0.1324,8
1791622927,0.1280,8
1791622932,0.1448,8
1791622937,0.1021,8
1791622942,0.1072,8
1791622947,0.1069,8
1791622952,0.1055,8
1791622957,0.0961,8
1791622962,0.0952,8
1791622967,0.1183,8
1791622972,0.0599,8
1791622977,0.0964,8
1791622982,0.1196,8
1791622987,0.1009,8
1791622992,0.0936,8
1791622997,0.1187,8
1791623002,0.1089,8
1791623007,0.1027,8
1791623012,0.1404,8
1791623017,0.0956,8
1791623022,0.0967,8
1791623027,0.1182,8
1791623032,0.1000,8
1791623037,0.1020,8
1791623042,0.1000,8
1791623047,0.0652,8
1791623052,0.0675,8
1791623057,0.0893,8
1791623062,0.0681,8
1791623067,0.0796,8
1791623072,0.0856,8
1791623077,0.0605,8
1791623082,0.0804,8
1791623087,0.1073,8
1791623092,0.1091,8
1791623097,0.1024,8
1791623102,0.1037,8
1791623107,0.1201,8
1791623112,0.1005,8
1791623117,0.1081,8
1791623122,0.1514,8
1791623127,0.1419,8
1791623132,0.1325,8
1791623137,0.1447,8
1791623143,0.1325,8
1791623148,0.1345,8
1791623153,0.1484,8
1791623158,0.1291,8
1791623163,0.1268,8
1791623168,0.1434,8
1791623173,0.1266,8
1791623178,0.1261,8
1791623183,0.1492,8
1791623188,0.1169,8
1791623193,0.1268,8
1791623198,0.1469,8
1791623203,0.1265,8
1791623208,0.1281,8
1791623213,0.1505,8
1791623218,0.1280,8
1791623223,0.1324,8
1791623228,0.1578,8
1791623233,0.1865,8
1791623238,0.1634,8
1791623243,0.1494,8
1791623248,0.1855,8
1791623253,0.1772,8
1791623258,0.1629,8
1791623263,0.1988,8
1791623268,0.1950,8
1791623273,0.1989,8
1791623278,0.2148,8
1791623283,0.2053,8
1791623288,0.1991,8
1791623293,0.2376,8
1791623298,0.2177,8
1791623303,0.2414,8
1791623308,0.2521,8
1791623313,0.2506,8
1791623318,0.2365,8
1791623323,0.2514,8
1791623328,0.2315,8
1791623333,0.2203,8
1791623338,0.2859,8
1791623343,0.2451,8
1791623348,0.2521,8
1791623353,0.2399,8
1791623358,0.2418,8
1791623363,0.2255,8
1791623368,0.2040,8
1791623373,0.2302,8
1791623378,0.2068,8
1791623383,0.1929,8
1791623388,0.2168,8
1791623393,0.1874,8
1791623398,0.1960,8
1791623403,0.1992,8
1791623408,0.1900,8
1791623413,0.1955,8
1791623418,0.2212,8
1791623423,0.1961,8
1791623428,0.1952,8
1791623433,0.2186,8
1791623438,0.2133,8
1791623443,0.2188,8
1791623448,0.2562,8
1791623453,0.2310,8
1791623458,0.2254,8
1791623463,0.2545,8
1791623468,0.2304,8
1791623473,0.2274,8
1791623478,0.2509,8
1791623483,0.2749,8
1791623488,0.2556,8
1791623493,0.2639,8
1791623498,0.2997,8
1791623503,0.2673,8
1791623508,0.2636,8
1791623513,0.2781,8
1791623518,0.3036,8
1791623523,0.3024,8
1791623528,0.3258,8
1791623533,0.2934,8
1791623538,0.3032,8
1791623543,0.3252,8
1791623548,0.3330,8
1791623553,0.3058,8
1791623558,0.3196,8
1791623563,0.3133,8
1791623568,0.2964,8
1791623573,0.3195,8
1791623578,0.2934,8
1791623583,0.2771,8
1791623588,0.2923,8
1791623593,0.2625,8
1791623598,0.2617,8
1791623603,0.2754,8
1791623608,0.2699,8
1791623613,0.2625,8
1791623618,0.2443,8
1791623623,0.2650,8
1791623628,0.2324,8
1791623633,0.2317,8
1791623638,0.2613,8
1791623643,0.2320,8
1791623648,0.2293,8
1791623653,0.2451,8
1791623658,0.1936,8
1791623663,0.1951,8
1791623668,0.2195,8
1791623673,0.1964,8
1791623678,0.1891,8
1791623683,0.2329,8
1791623688,0.1932,8
1791623693,0.1578,8
1791623698,0.1870,8
1791623703,0.1640,8
1791623708,0.1651,8
1791623713,0.1846,8
1791623718,0.1692,8
1791623723,0.1592,8
1791623728,0.1589,8
1791623733,0.1621,8
1791623738,0.1626,8
1791623743,0.1637,8
1791623748,0.2042,8
1791623753,0.1737,8
1791623758,0.1597,8
1791623763,0.1850,8
1791623768,0.1647,8
1791623773,0.1575,8
1791623778,0.1859,8
1791623783,0.1585,8
1791623788,0.1639,8
1791623793,0.1838,8
1791623798,0.1545,8
1791623803,0.1298,8
1791623808,0.1721,8
1791623813,0.1285,8
1791623818,0.1282,8
1791623823,0.1523,8
1791623828,0.1268,8
1791623833,0.1261,8
1791623838,0.1210,8
1791623843,0.0938,8
1791623848,0.0959,8
1791623853,0.1180,8
1791623858,0.0943,8
1791623863,0.0923,8
1791623868,0.1199,8
1791623873,0.0720,8
1791623878,0.0995,8
1791623883,0.0946,8
1791623888,0.1179,8
1791623893,0.0919,8
1791623898,0.0953,8
1791623903,0.1191,8
1791623908,0.1007,8
1791623913,0.1047,8
1791623918,0.1152,8
1791623923,0.1017,8
1791623928,0.0951,8
1791623933,0.1294,8
1791623938,0.0969,8
1791623943,0.0859,8
1791623948,0.0851,8
1791623953,0.0638,8
1791623958,0.0693,8
1791623963,0.0827,8
1791623968,0.0628,8
1791623973,0.0615,8
1791623978,0.0822,8
1791623983,0.0793,8
1791623988,0.1032,8
1791623993,0.1310,8
1791623998,0.0951,8
1791624003,0.0930,8
1791624008,0.0997,8
1791624013,0.1058,8
1791624018,0.0992,8
1791624023,0.1293,8
1791624028,0.1462,8
1791624033,0.1320,8
1791624038,0.1286,8
1791624043,0.1484,8
1791624048,0.1326,8
1791624053,0.1448,8
1791624058,0.1616,8
1791624063,0.1328,8
1791624068,0.1362,8
1791624073,0.1508,8
1791624078,0.1372,8
1791624083,0.1289,8
1791624088,0.1252,8
1791624093,0.1247,8
1791624098,0.1281,8
1791624103,0.1460,8
1791624108,0.1324,8
1791624113,0.1257,8
1791624118,0.1714,8
1791624124,0.1340,8
1791624129,0.1575,8
1791624134,0.1903,8
1791624139,0.1624,8
1791624144,0.1625,8
1791624149,0.1687,8
1791624154,0.1875,8
1791624159,0.1620,8
1791624164,0.1935,8
1791624169,0.2217,8
1791624174,0.2200,8
1791624179,0.2075,8
1791624184,0.2140,8
1791624189,0.1957,8
1791624194,0.1988,8
1791624199,0.2164,8
1791624204,0.2324,8
1791624209,0.2286,8
1791624214,0.2529,8
1791624219,0.2320,8
1791624224,0.2354,8
1791624229,0.2563,8
1791624234,0.2274,8
1791624239,0.2688,8
1791624244,0.2564,8
1791624249,0.2328,8
1791624254,0.2392,8
1791624259,0.2567,8
1791624264,0.2288,8
1791624269,0.2204,8
1791624274,0.2144,8
1791624279,0.2241,8
1791624284,0.1941,8
1791624289,0.1934,8
1791624294,0.2201,8
1791624299,0.1950,8
1791624304,0.2085,8
1791624309,0.2077,8
1791624314,0.2111,8
1791624319,0.2136,8
1791624324,0.2396,8
1791624329,0.2156,8
1791624334,0.2090,8
1791624339,0.2340,8
1791624344,0.2377,8
1791624349,0.2494,8
1791624354,0.2808,8
1791624359,0.2431,8
1791624364,0.2539,8
1791624369,0.2591,8
1791624374,0.2404,8
1791624379,0.2493,8
1791624384,0.2969,8
1791624389,0.2826,8
1791624394,0.2913,8
1791624399,0.2888,8
1791624404,0.2880,8
1791624409,0.2723,8
1791624414,0.2788,8
1791624419,0.3507,8
1791624424,0.3388,8
1791624429,0.3154,8
1791624434,0.3362,8
1791624439,0.3239,8
1791624444,0.3235,8
1791624449,0.3875,8
1791624454,0.3290,8
1791624459,0.3188,8
1791624464,0.3762,8
1791624469,0.3179,8
1791624474,0.3287,8
1791624479,0.3428,8
1791624484,0.3048,8
1791624489,0.2840,8
1791624494,0.2995,8
1791624499,0.2728,8
1791624504,0.2703,8
1791624509,0.3063,8
1791624514,0.2766,8
1791624519,0.2701,8
1791624524,0.2511,8
1791624529,0.2629,8
1791624534,0.2428,8
1791624539,0.2468,8
1791624544,0.2709,8
1791624549,0.2631,8
1791624554,0.2445,8
1791624559,0.2377,8
1791624564,0.2020,8
1791624569,0.2050,8
1791624574,0.2274,8
1791624579,0.2078,8
1791624584,0.2100,8
1791624589,0.2375,8
1791624594,0.1754,8
1791624599,0.1844,8
1791624604,0.2069,8
1791624609,0.1699,8
1791624614,0.1880,8
1791624619,0.2022,8
1791624624,0.1788,8
1791624629,0.1486,8
1791624634,0.1890,8
1791624639,0.1763,8
1791624644,0.1743,8
1791624649,0.1911,8
1791624654,0.1902,8
1791624659,0.1763,8
1791624664,0.1816,8
1791624669,0.2037,8
1791624674,0.1890,8
1791624679,0.1773,8
1791624684,0.2021,8
1791624689,0.1738,8
1791624694,0.1805,8
1791624699,0.1919,8
1791624704,0.1380,8
1791624709,0.1309,8
1791624714,0.1578,8
1791624719,0.1333,8
1791624724,0.1317,8
1791624729,0.1559,8
1791624734,0.1439,8
1791624739,0.0949,8
1791624744,0.1128,8
1791624749,0.0973,8
1791624754,0.0950,8
1791624759,0.1144,8
1791624764,0.0957,8
1791624769,0.1008,8
1791624774,0.0853,8
1791624779,0.0973,8
1791624784,0.0959,8
1791624789,0.0948,8
1791624794,0.1262,8
1791624799,0.1176,8
1791624804,0.1068,8
1791624809,0.1178,8
1791624814,0.1003,8
1791624819,0.1016,8
1791624824,0.1223,8
1791624829,0.1058,8
1791624834,0.0978,8
1791624839,0.1144,8
1791624844,0.0832,8
1791624849,0.0670,8
1791624854,0.0815,8
1791624859,0.0789,8
1791624864,0.0614,8
1791624869,0.0887,8
1791624874,0.0687,8
1791624879,0.0552,8
1791624884,0.1024,8
1791624889,0.0943,8
1791624894,0.0943,8
1791624899,0.1217,8
1791624904,0.0966,8
1791624909,0.0934,8
1791624914,0.1176,8
1791624919,0.1321,8
1791624924,0.1329,8
1791624929,0.1321,8
1791624934,0.1570,8
1791624939,0.1286,8
1791624944,0.1302,8
1791624949,0.1543,8
1791624954,0.1304,8
1791624959,0.1349,8
1791624964,0.1579,8
1791624969,0.1356,8
1791624974,0.1350,8
1791624979,0.1515,8
1791624984,0.1413,8
1791624989,0.1088,8
1791624994,0.1442,8
1791624999,0.1260,8
1791625004,0.1331,8
1791625009,0.1499,8
1791625014,0.1304,8
1791625019,0.1342,8
1791625024,0.1651,8
1791625029,0.1537,8
1791625034,0.1600,8
1791625039,0.1872,8
1791625044,0.1818,8
1791625049,0.1605,8
1791625054,0.1671,8
1791625059,0.1717,8
1791625064,0.1816,8
1791625069,0.2150,8
1791625074,0.2284,8
1791625079,0.2204,8
1791625084,0.2219,8
1791625089,0.2342,8
1791625094,0.2139,8
1791625100,0.2109,8
1791625105,0.2995,8
1791625110,0.2662,8
1791625115,0.2559,8
1791625120,0.2816,8
1791625125,0.2613,8
1791625130,0.2582,8
1791625135,0.2746,8
1791625140,0.2600,8
1791625145,0.2607,8
1791625150,0.2766,8
1791625155,0.2743,8
1791625160,0.2530,8
1791625165,0.2823,8
1791625170,0.2513,8
1791625175,0.2215,8
1791625180,0.2086,8
1791625185,0.2404,8
1791625190,0.2123,8
1791625195,0.2126,8
1791625200,0.2427,8
1791625205,0.1841,8
1791625210,0.1884,8
1791625215,0.2214,8
1791625220,0.1990,8
1791625225,0.2043,8
1791625230,0.2457,8
1791625235,0.2026,8
1791625240,0.2030,8
1791625245,0.2427,8
1791625250,0.2383,8
1791625255,0.2362,8
1791625260,0.2659,8
1791625265,0.2471,8
1791625270,0.2380,8
1791625275,0.2559,8
1791625280,0.2358,8
1791625285,0.2834,8
1791625290,0.3145,8
1791625295,0.2895,8
1791625300,0.2798,8
1791625305,0.2826,8
1791625310,0.2994,8
1791625315,0.2798,8
1791625320,0.3010,8
1791625325,0.3399,8
1791625330,0.3019,8
1791625335,0.2969,8
1791625340,0.3347,8
1791625345,0.3076,8
1791625350,0.3225,8
1791625355,0.3790,8
1791625360,0.3088,8
1791625365,0.2974,8
1791625370,0.3235,8
1791625375,0.3007,8
1791625380,0.3048,8
1791625385,0.3146,8
1791625390,0.2750,8
1791625395,0.2707,8
1791625400,0.2854,8
1791625405,0.2666,8
1791625410,0.2739,8
1791625415,0.3158,8
1791625420,0.2655,8
1791625425,0.2517,8
1791625430,0.2401,8
1791625435,0.2675,8
1791625440,0.2444,8
1791625445,0.2536,8
1791625450,0.2662,8
1791625455,0.2442,8
1791625460,0.1980,8
1791625465,0.2361,8
1791625470,0.2126,8
1791625475,0.2175,8
1791625480,0.2534,8
1791625485,0.2101,8
1791625490,0.2124,8
1791625495,0.2088,8
1791625500,0.1821,8
1791625505,0.1791,8
1791625510,0.1986,8
1791625515,0.1723,8
1791625520,0.1743,8
1791625525,0.2019,8
1791625530,0.1514,8
1791625535,0.1623,8
1791625540,0.2017,8
1791625545,0.1647,8
1791625550,0.1705,8
1791625555,0.1711,8
1791625560,0.1843,8
1791625565,0.1682,8
1791625570,0.1768,8
1791625575,0.1853,8
1791625580,0.1573,8
1791625585,0.1689,8
1791625590,0.1938,8
1791625595,0.1742,8
1791625600,0.1751,8
1791625605,0.1597,8
1791625610,0.1322,8
1791625615,0.1374,8
1791625620,0.1546,8
1791625625,0.1380,8
1791625630,0.1346,8
1791625635,0.1657,8
1791625640,0.0970,8
1791625645,0.1029,8
1791625650,0.1238,8
1791625655,0.0967,8
1791625660,0.0999,8
1791625665,0.1362,8
1791625670,0.1001,8
1791625675,0.0703,8
1791625680,0.1075,8
1791625685,0.1173,8
1791625690,0.1012,8
1791625695,0.0980,8
1791625700,0.1198,8
1791625705,0.0985,8
1791625710,0.0966,8
1791625715,0.1245,8
1791625720,0.1003,8
1791625725,0.1190,8
1791625730,0.1379,8
1791625735,0.1026,8
1791625740,0.0984,8
1791625745,0.1146,8
1791625750,0.0671,8
1791625755,0.0645,8
1791625760,0.0854,8
1791625765,0.0683,8
1791625770,0.0708,8
1791625775,0.1040,8
1791625780,0.0639,8
1791625785,0.0971,8
1791625790,0.1345,8
1791625795,0.0970,8
1791625800,0.0973,8
1791625805,0.1200,8
1791625810,0.0995,8
1791625815,0.1005,8
1791625820,0.1107,8
1791625825,0.1485,8
1791625830,0.1361,8
1791625835,0.1315,8
1791625840,0.1486,8
1791625845,0.1288,8
1791625850,0.1758,8
1791625855,0.1521,8
1791625860,0.1330,8
1791625865,0.1366,8
1791625870,0.1560,8
1791625875,0.1307,8
1791625880,0.1309,8
1791625885,0.1535,8
1791625890,0.1124,8
1791625895,0.1279,8
1791625900,0.1506,8
1791625905,0.1320,8
1791625910,0.1498,8
1791625915,0.1532,8
1791625920,0.1445,8
1791625925,0.1385,8
1791625930,0.1733,8
1791625935,0.1653,8
1791625940,0.1642,8
1791625945,0.1815,8
1791625950,0.1667,8
1791625955,0.1673,8
1791625960,0.1650,8
1791625965,0.1970,8
1791625970,0.2009,8
1791625975,0.2192,8
1791625980,0.2167,8
1791625985,0.2065,8
1791625990,0.1994,8
1791625995,0.2414,8
1791626000,0.2177,8
1791626005,0.2517,8
1791626010,0.2725,8
1791626015,0.2424,8
1791626020,0.2462,8
1791626025,0.2848,8
1791626030,0.2504,8
1791626035,0.2584,8
1791626040,0.2811,8
1791626045,0.2526,8
1791626050,0.2487,8
1791626055,0.2827,8
1791626060,0.2506,8
1791626065,0.2566,8
1791626070,0.2525,8
1791626075,0.2110,8
1791626080,0.2001,8
1791626085,0.2009,8
1791626091,0.2304,8
1791626096,0.1992,8
1791626101,0.2260,8
1791626106,0.2254,8
1791626111,0.1848,8
1791626116,0.2141,8
1791626121,0.2488,8
1791626126,0.2139,8
1791626131,0.2201,8
1791626136,0.2379,8
1791626141,0.2101,8
1791626146,0.2200,8
1791626151,0.2711,8
1791626156,0.2473,8
1791626161,0.2589,8
1791626166,0.2639,8
1791626171,0.2395,8
1791626176,0.2446,8
1791626181,0.2572,8
1791626186,0.2867,8
1791626191,0.2770,8
1791626196,0.2903,8
1791626201,0.2782,8
1791626206,0.2666,8
1791626211,0.2748,8
1791626216,0.2948,8
1791626221,0.3449,8
1791626226,0.3206,8
1791626231,0.3441,8
1791626236,0.3187,8
1791626241,0.3129,8
1791626246,0.3391,8
1791626251,0.3221,8
1791626256,0.3164,8
1791626261,0.3384,8
1791626266,0.3468,8
1791626271,0.3462,8
1791626276,0.3431,8
1791626281,0.3038,8
1791626286,0.3191,8
1791626291,0.3034,8
1791626296,0.2704,8
1791626301,0.2720,8
1791626306,0.2933,8
1791626311,0.2742,8
1791626316,0.2704,8
1791626321,0.2840,8
1791626326,0.2375,8
1791626331,0.2357,8
1791626336,0.2278,8
1791626341,0.2609,8
1791626346,0.2529,8
1791626351,0.2351,8
1791626356,0.2677,8
1791626361,0.2020,8
1791626366,0.2054,8
1791626371,0.2266,8
1791626376,0.2049,8
1791626381,0.1960,8
1791626386,0.2301,8
1791626391,0.1979,8
1791626396,0.1720,8
1791626401,0.1909,8
1791626406,0.1721,8
1791626411,0.1780,8
1791626416,0.1851,8
1791626421,0.1674,8
1791626426,0.1723,8
1791626431,0.1712,8
1791626436,0.1502,8
1791626441,0.1600,8
1791626446,0.1821,8
1791626451,0.1682,8
1791626456,0.1661,8
1791626461,0.1710,8
1791626466,0.1906,8
1791626471,0.1869,8
1791626476,0.1670,8
1791626481,0.1896,8
1791626486,0.1647,8
1791626491,0.1635,8
1791626496,0.1942,8
1791626501,0.1624,8
1791626506,0.1372,8
1791626511,0.1529,8
1791626516,0.1301,8
1791626521,0.1341,8
1791626526,0.1582,8
1791626531,0.1449,8
1791626536,0.1336,8
1791626541,0.1181,8
1791626546,0.1023,8
1791626551,0.0943,8
1791626556,0.1241,8
1791626561,0.0920,8
1791626566,0.0978,8
1791626571,0.1182,8
1791626576,0.0704,8
1791626581,0.0879,8
1791626586,0.0957,8
1791626591,0.1129,8
1791626596,0.1187,8
1791626601,0.1020,8
1791626606,0.1179,8
1791626611,0.1054,8
1791626616,0.0980,8
1791626621,0.1150,8
1791626626,0.0980,8
1791626631,0.0951,8
1791626636,0.1178,8
1791626641,0.1012,8
1791626646,0.0960,8
1791626651,0.0871,8
1791626656,0.0948,8
1791626661,0.0751,8
1791626666,0.0817,8
1791626671,0.0623,8
1791626676,0.0623,8
1791626681,0.0819,8
1791626686,0.0645,8
1791626691,0.0996,8
1791626696,0.1184,8
1791626701,0.1017,8
1791626706,0.1129,8
1791626711,0.0953,8
1791626716,0.1238,8
1791626721,0.0974,8
1791626726,0.1322,8
1791626731,0.1539,8
1791626736,0.1325,8
1791626741,0.1310,8
1791626746,0.1577,8
1791626751,0.1303,8
1791626756,0.1330,8
1791626761,0.1576,8
1791626766,0.1385,8
1791626771,0.1317,8
1791626776,0.1567,8
1791626781,0.1498,8
1791626786,0.1334,8
1791626791,0.1359,8
1791626796,0.1146,8
1791626801,0.1240,8
1791626806,0.1460,8
1791626811,0.1246,8
1791626816,0.1282,8
1791626821,0.1521,8
1791626826,0.1384,8
1791626831,0.1439,8
1791626836,0.1715,8
1791626841,0.1905,8
1791626846,0.1620,8
1791626851,0.1622,8
1791626856,0.1939,8
1791626861,0.1626,8
1791626866,0.1698,8
1791626871,0.2301,8
1791626876,0.1992,8
1791626881,0.2238,8
1791626886,0.2352,8
1791626891,0.2180,8
1791626896,0.2064,8
1791626901,0.2456,8
1791626906,0.2338,8
1791626911,0.2666,8
1791626916,0.2873,8
1791626921,0.2289,8
1791626926,0.2322,8
1791626931,0.2580,8
1791626936,0.2310,8
1791626941,0.2409,8
1791626946,0.2647,8
1791626951,0.2349,8
1791626956,0.2313,8
1791626961,0.2552,8
1791626966,0.2501,8
1791626971,0.2270,8
1791626976,0.2055,8
1791626981,0.2305,8
1791626986,0.2000,8
1791626991,0.1963,8
1791626996,0.2281,8
1791627001,0.2118,8
1791627006,0.1906,8
1791627011,0.2086,8
1791627016,0.1960,8
1791627021,0.2007,8
1791627026,0.2416,8
1791627031,0.2064,8
1791627036,0.2018,8
1791627041,0.2235,8
1791627046,0.2016,8
1791627051,0.2502,8
1791627056,0.2776,8
1791627061,0.2540,8
1791627067,0.2481,8
1791627072,0.2785,8
1791627077,0.2444,8
1791627082,0.2509,8
1791627087,0.2985,8
1791627092,0.2955,8
1791627097,0.2699,8
1791627102,0.2708,8
1791627107,0.2995,8
1791627112,0.2746,8
1791627117,0.2761,8
1791627122,0.3323,8
1791627127,0.3206,8
1791627132,0.3124,8
1791627137,0.3447,8
1791627142,0.3136,8
1791627147,0.3195,8
1791627152,0.4004,8
1791627157,0.3073,8
1791627162,0.3059,8
1791627167,0.3526,8
1791627172,0.3073,8
1791627177,0.3077,8
1791627182,0.3398,8
1791627187,0.2955,8
1791627192,0.2716,8
1791627197,0.2936,8
1791627202,0.2608,8
1791627207,0.2668,8
1791627212,0.2904,8
1791627217,0.3244,8
1791627222,0.2610,8
1791627227,0.2363,8
1791627232,0.2532,8
1791627237,0.2343,8
1791627242,0.2289,8
1791627247,0.2537,8
1791627252,0.2396,8
1791627257,0.2343,8
1791627262,0.2300,8
1791627267,0.1962,8
1791627272,0.2010,8
1791627277,0.2387,8
1791627282,0.1923,8
1791627287,0.1977,8
1791627292,0.2225,8
1791627297,0.1815,8
1791627302,0.1715,8
1791627307,0.1925,8
1791627312,0.1635,8
1791627317,0.1702,8
1791627322,0.1859,8
1791627327,0.1604,8
1791627332,0.1564,8
1791627337,0.1943,8
1791627342,0.1644,8
1791627347,0.1610,8
1791627352,0.1591,8
1791627357,0.1874,8
1791627362,0.1601,8
1791627367,0.1678,8
1791627372,0.1857,8
1791627377,0.1694,8
1791627382,0.1650,8
1791627387,0.1872,8
1791627392,0.1644,8
1791627397,0.1729,8
1791627402,0.2110,8
1791627407,0.1392,8
1791627412,0.1297,8
1791627417,0.1539,8
1791627422,0.1381,8
1791627427,0.1286,8
1791627432,0.1559,8
1791627437,0.1321,8
1791627442,0.0956,8
1791627447,0.1181,8
1791627452,0.0992,8
1791627457,0.0945,8
1791627462,0.1326,8
1791627467,0.0950,8
1791627472,0.0937,8
1791627477,0.0853,8
1791627482,0.1027,8
1791627487,0.0971,8
1791627492,0.0951,8
1791627497,0.1172,8
1791627502,0.0950,8
1791627507,0.0938,8
1791627512,0.1168,8
1791627517,0.1021,8
1791627522,0.1107,8
1791627527,0.1171,8
1791627532,0.0949,8
1791627537,0.0965,8
1791627542,0.1276,8
1791627547,0.0990,8
1791627552,0.0647,8
1791627557,0.0972,8
1791627562,0.0687,8
1791627567,0.0592,8
1791627572,0.0924,8
1791627577,0.0580,8
1791627582,0.0580,8
1791627587,0.0987,8
1791627592,0.1017,8
1791627597,0.0932,8
1791627602,0.1249,8
1791627607,0.1027,8
1791627612,0.0969,8
1791627617,0.1065,8
1791627622,0.1190,8
1791627627,0.1365,8
1791627632,0.1301,8
1791627637,0.1441,8
1791627642,0.1264,8
1791627647,0.1448,8
1791627652,0.1501,8
1791627657,0.1282,8
1791627662,0.1309,8
1791627667,0.1546,8
1791627672,0.1254,8
1791627677,0.1296,8
1791627682,0.1453,8
1791627687,0.1269,8
1791627692,0.1153,8
1791627697,0.1317,8
1791627702,0.1260,8
1791627707,0.1378,8
1791627712,0.1420,8
1791627717,0.1267,8
1791627722,0.1388,8
1791627727,0.1521,8
1791627732,0.1388,8
1791627737,0.1661,8
1791627742,0.1852,8
1791627747,0.1589,8
1791627752,0.1694,8
1791627757,0.1617,8
1791627762,0.1887,8
1791627767,0.1633,8
1791627772,0.2175,8
1791627777,0.2164,8
1791627782,0.2198,8
1791627787,0.2045,8
1791627792,0.2239,8
1791627797,0.2012,8
1791627802,0.1904,8
1791627807,0.2535,8
1791627812,0.2328,8
1791627817,0.2240,8
1791627822,0.2529,8
1791627827,0.2300,8
1791627832,0.2455,8
1791627837,0.2460,8
1791627842,0.2614,8
1791627847,0.2326,8
1791627852,0.2550,8
1791627857,0.2207,8
1791627862,0.2252,8
1791627867,0.2558,8
1791627872,0.2203,8
1791627877,0.1982,8
1791627882,0.2020,8
1791627887,0.2136,8
1791627892,0.1969,8
1791627897,0.2115,8
1791627902,0.2212,8
1791627907,0.2010,8
1791627912,0.1688,8
1791627917,0.2261,8
1791627922,0.1985,8
1791627927,0.1967,8
1791627932,0.2259,8
1791627937,0.2072,8
1791627942,0.2062,8
1791627947,0.2342,8
1791627952,0.2505,8
1791627957,0.2625,8
1791627962,0.2798,8
1791627967,0.2485,8
1791627972,0.2557,8
1791627977,0.2737,8
1791627982,0.2349,8
1791627987,0.2671,8
1791627992,0.3084,8
1791627997,0.2719,8
1791628002,0.2685,8
1791628007,0.3107,8
1791628012,0.2822,8
1791628017,0.2951,8
1791628022,0.3102,8
1791628027,0.3479,8
1791628032,0.3114,8
1791628037,0.3176,8
1791628042,0.3404,8
1791628047,0.3121,8
1791628053,0.3147,8
1791628058,0.3418,8
1791628063,0.3156,8
1791628068,0.3588,8
1791628073,0.3478,8
1791628078,0.3381,8
1791628083,0.3312,8
1791628088,0.3300,8
1791628093,0.2748,8
1791628098,0.2752,8
1791628103,0.2994,8
1791628108,0.2693,8
1791628113,0.2698,8
1791628118,0.3042,8
1791628123,0.2873,8
1791628128,0.2496,8
1791628133,0.2499,8
1791628138,0.2498,8
1791628143,0.2606,8
1791628148,0.2536,8
1791628153,0.2666,8
1791628158,0.2494,8
1791628163,0.2104,8
1791628168,0.2356,8
1791628173,0.2095,8
1791628178,0.2041,8
1791628183,0.2278,8
1791628188,0.2132,8
1791628193,0.2118,8
1791628198,0.2159,8
1791628203,0.1842,8
1791628208,0.1722,8
1791628213,0.1895,8
1791628218,0.1752,8
1791628223,0.1699,8
1791628228,0.1976,8
1791628233,0.1557,8
1791628238,0.1484,8
1791628243,0.2032,8
1791628248,0.1852,8
1791628253,0.1721,8
1791628258,0.1874,8
1791628263,0.1907,8
1791628268,0.1938,8
1791628273,0.1915,8
1791628278,0.2062,8
1791628283,0.1723,8
1791628288,0.1721,8
1791628293,0.2043,8
1791628298,0.1801,8
1791628303,0.1786,8
1791628308,0.1593,8
1791628313,0.1345,8
1791628318,0.1322,8
1791628323,0.1606,8
1791628328,0.1444,8
1791628333,0.1215,8
1791628338,0.1189,8
1791628343,0.0978,8
1791628348,0.0938,8
1791628353,0.0893,8
1791628358,0.0864,8
1791628363,0.0868,8
1791628368,0.0866,8
1791628373,0.0904,8
1791628378,0.0695,8
1791628383,0.0804,8
1791628388,0.0966,8
1791628393,0.0929,8
1791628398,0.0922,8
1791628403,0.0973,8
1791628408,0.0861,8
1791628413,0.0902,8
1791628418,0.1050,8
1791628423,0.0868,8
1791628428,0.0897,8
1791628433,0.0873,8
1791628438,0.0895,8
1791628443,0.0970,8
1791628448,0.0963,8
