epoch_s,rss_kb,processes
1791541924,13084,1
1791541939,23968,1
1791541954,24600,1
1791541969,24600,1
1791541984,24600,1
1791541999,24708,1
1791542014,24712,1
1791542029,24712,1
1791542044,24732,1
1791542059,24732,1
1791542074,24732,1
1791542089,24732,1
1791542104,24732,1
1791542119,24736,1
1791542134,24736,1
1791542149,24748,1
1791542164,24752,1
1791542179,24752,1
1791542194,24760,1
1791542209,24760,1
1791542224,24760,1
1791542239,24760,1
1791542254,24760,1
1791542269,24760,1
1791542284,24760,1
1791542299,24760,1
1791542314,24760,1
1791542329,24760,1
1791542344,24760,1
1791542359,24764,1
1791542374,24764,1
1791542389,24764,1
1791542404,24772,1
1791542419,24772,1
1791542434,24772,1
1791542449,24772,1
1791542465,24772,1
1791542480,24772,1
1791542495,24772,1
1791542510,24772,1
1791542525,24772,1
1791542540,24772,1
1791542555,24772,1
1791542570,24772,1
1791542585,24772,1
1791542600,24772,1
1791542615,24772,1
1791542630,24772,1
1791542645,24772,1
1791542660,24772,1
1791542675,24772,1
1791542690,24772,1
1791542705,24772,1
1791542720,24772,1
1791542735,24772,1
1791542750,24772,1
1791542765,24772,1
1791542780,24772,1
1791542795,24772,1
1791542810,24772,1
1791542825,24772,1
1791542840,24772,1
1791542855,24772,1
1791542870,24772,1
1791542885,24772,1
1791542900,24772,1
1791542915,24772,1
1791542930,24772,1
1791542945,24772,1
1791542960,24772,1
1791542975,24772,1
1791542990,24772,1
1791543005,24772,1
1791543020,24772,1
1791543035,24772,1
1791543050,24772,1
1791543065,24772,1
1791543080,24772,1
1791543095,24772,1
1791543110,24772,1
1791543125,24772,1
1791543140,24772,1
1791543156,24772,1
1791543171,24772,1
1791543186,24772,1
1791543201,24772,1
1791543216,24772,1
1791543231,24772,1
1791543246,24772,1
1791543261,24772,1
1791543276,24772,1
1791543291,24772,1
1791543306,24772,1
1791543321,24772,1
1791543336,24776,1
1791543351,24776,1
1791543366,24776,1
1791543381,24776,1
1791543396,24776,1
1791543411,24776,1
1791543426,24776,1
1791543441,24776,1
1791543456,24776,1
1791543471,24776,1
1791543486,24776,1
1791543501,24776,1
1791543516,24776,1
1791543531,24776,1
1791543546,24776,1
1791543561,24776,1
1791543576,24776,1
1791543591,24776,1
1791543606,24776,1
1791543621,24776,1
1791543636,24776,1
1791543651,24776,1
1791543666,24776,1
1791543681,24776,1
1791543696,24776,1
1791543711,24776,1
1791543726,24776,1
1791543741,24776,1
1791543756,24776,1
1791543771,24776,1
1791543786,24776,1
1791543801,24776,1
1791543816,24776,1
1791543832,24776,1
1791543847,24776,1
1791543862,24776,1
1791543877,24776,1
1791543892,24776,1
1791543907,24776,1
1791543922,24776,1
1791543937,24776,1
1791543952,24776,1
1791543967,24776,1
1791543982,24776,1
1791543997,24776,1
1791544012,24776,1
1791544027,24776,1
1791544042,24776,1
1791544057,24776,1
1791544072,24776,1
1791544087,24776,1
1791544102,24776,1
1791544117,24776,1
1791544132,24776,1
1791544147,24776,1
1791544162,24776,1
1791544177,24776,1
1791544192,24776,1
1791544207,24776,1
1791544222,24776,1
1791544237,24776,1
1791544252,24776,1
1791544267,24776,1
1791544282,24776,1
1791544297,24776,1
1791544312,24776,1
1791544327,24776,1
1791544342,24776,1
1791544357,24776,1
1791544372,24776,1
1791544387,24776,1
1791544402,24776,1
1791544417,24776,1
1791544432,24776,1
1791544447,24776,1
1791544462,24776,1
1791544477,24776,1
1791544492,24776,1
1791544507,24776,1
1791544523,24776,1
1791544538,24776,1
1791544553,24776,1
1791544568,24776,1
1791544583,24776,1
1791544598,24776,1
1791544613,24776,1
1791544628,24776,1
1791544643,24776,1
1791544658,24776,1
1791544673,24776,1
1791544688,24776,1
1791544703,24776,1
1791544718,24776,1
1791544733,24776,1
1791544748,24776,1
1791544763,24776,1
1791544778,24776,1
1791544793,24776,1
1791544808,24776,1
1791544823,24776,1
1791544838,24776,1
1791544853,24776,1
1791544868,24776,1
1791544883,24776,1
1791544898,24776,1
1791544913,24776,1
1791544928,24776,1
1791544943,24776,1
1791544958,24776,1
1791544973,24776,1
1791544988,24776,1
1791545003,24776,1
1791545018,24776,1
1791545033,24776,1
1791545048,24776,1
1791545063,24776,1
1791545078,24776,1
1791545093,24788,1
1791545108,24792,1
1791545123,24792,1
1791545138,24792,1
1791545153,24792,1
1791545168,24792,1
1791545183,24792,1
1791545198,24792,1
1791545214,24792,1
1791545229,24792,1
1791545244,24792,1
1791545259,24792,1
1791545274,24792,1
1791545289,24792,1
1791545304,24792,1
1791545319,24792,1
1791545334,24792,1
1791545349,24792,1
1791545364,24792,1
1791545379,24792,1
1791545394,24792,1
1791545409,24792,1
1791545424,24792,1
1791545439,24792,1
1791545454,24792,1
1791545469,24792,1
1791545484,24792,1
1791545499,24792,1
1791545514,24792,1
1791545529,24792,1
1791545544,24792,1
1791545559,24792,1
1791545574,24792,1
1791545589,24792,1
1791545604,24792,1
1791545619,24792,1
1791545634,24792,1
1791545649,24792,1
1791545664,24792,1
1791545679,24792,1
1791545694,24792,1
1791545709,24792,1
1791545724,24792,1
1791545739,24792,1
1791545754,24792,1
1791545769,24792,1
1791545784,24792,1
1791545799,24792,1
1791545814,24792,1
1791545829,24792,1
1791545844,24792,1
1791545859,24792,1
1791545874,24792,1
1791545889,24792,1
1791545904,24792,1
1791545920,24792,1
1791545935,24792,1
1791545950,24792,1
1791545965,24792,1
1791545980,24792,1
1791545995,24792,1
1791546010,24792,1
1791546025,24792,1
1791546040,24792,1
1791546055,24792,1
1791546070,24812,1
1791546085,24812,1
1791546100,24812,1
1791546115,24812,1
1791546130,24812,1
1791546145,24812,1
1791546160,24812,1
1791546175,24812,1
1791546190,24812,1
1791546205,24812,1
1791546220,24812,1
1791546235,24812,1
1791546250,24812,1
1791546265,24812,1
1791546280,24812,1
1791546295,24812,1
1791546310,24812,1
1791546325,24812,1
1791546340,24812,1
1791546355,24812,1
1791546370,24812,1
1791546385,24812,1
1791546400,24812,1
1791546415,24812,1
1791546430,24812,1
1791546445,24812,1
1791546460,24812,1
1791546475,24812,1
1791546490,24840,1
1791546505,24840,1
1791546520,24840,1
1791546535,24856,1
1791546550,24856,1
1791546565,24856,1
1791546580,24868,1
1791546596,24872,1
1791546611,24872,1
1791546626,24872,1
1791546641,24872,1
1791546656,24872,1
1791546671,24872,1
1791546686,24872,1
1791546701,24872,1
1791546716,24872,1
1791546731,24920,1
1791546746,24920,1
1791546761,24928,1
1791546776,24936,1
1791546791,24936,1
1791546806,24936,1
1791546821,24936,1
1791546836,24940,1
1791546851,24968,1
1791546866,24968,1
1791546881,24968,1
1791546896,24968,1
1791546911,24820,1
1791546926,24832,1
1791546941,24832,1
1791546956,24832,1
1791546971,24832,1
1791546986,24832,1
1791547001,24832,1
1791547016,24832,1
1791547031,24848,1
1791547046,24848,1
1791547061,24848,1
1791547076,24976,1
1791547091,24996,1
1791547106,25008,1
1791547121,25008,1
1791547136,25008,1
1791547151,25008,1
1791547166,25028,1
1791547181,25028,1
1791547196,25028,1
1791547211,25060,1
1791547226,25060,1
1791547241,25060,1
1791547256,25060,1
1791547272,25060,1
1791547287,25092,1
1791547302,25092,1
1791547317,25092,1
1791547332,25092,1
1791547347,25092,1
1791547362,25092,1
1791547377,25092,1
1791547392,25092,1
1791547407,25108,1
1791547422,25108,1
1791547437,25108,1
1791547452,25112,1
1791547467,25140,1
1791547482,25140,1
1791547497,25156,1
1791547512,25156,1
1791547527,25156,1
1791547542,25156,1
1791547557,25156,1
1791547572,25156,1
1791547587,25188,1
1791547602,25188,1
1791547617,25188,1
1791547632,25192,1
1791547647,25204,1
1791547662,25204,1
1791547677,25208,1
1791547692,25208,1
1791547707,25236,1
1791547722,25236,1
1791547737,25236,1
1791547752,25088,1
1791547767,25120,1
1791547782,25120,1
1791547797,25120,1
1791547812,25136,1
1791547827,25168,1
1791547842,25172,1
1791547857,25172,1
1791547872,25172,1
1791547887,25184,1
1791547902,25184,1
1791547917,25344,1
1791547932,25344,1
1791547948,25344,1
1791547963,25344,1
1791547978,25344,1
1791547993,25344,1
1791548008,25344,1
1791548023,25344,1
1791548038,25344,1
1791548053,25344,1
1791548068,25392,1
1791548083,25392,1
1791548098,25392,1
1791548113,25392,1
1791548128,25408,1
1791548143,25408,1
1791548158,25424,1
1791548173,25440,1
1791548188,25440,1
1791548203,25440,1
1791548218,25440,1
1791548233,25440,1
1791548248,25440,1
1791548263,25440,1
1791548278,25440,1
1791548293,25440,1
1791548308,25440,1
1791548323,25440,1
1791548338,25456,1
1791548353,25460,1
1791548368,25472,1
1791548383,25472,1
1791548398,25472,1
1791548413,25472,1
1791548428,25476,1
1791548443,25488,1
1791548458,25488,1
1791548473,25488,1
1791548488,25488,1
1791548503,25552,1
1791548518,25552,1
1791548533,25552,1
1791548548,25556,1
1791548563,25568,1
1791548578,25568,1
1791548593,25572,1
1791548608,25584,1
1791548623,25584,1
1791548639,25584,1
1791548654,25584,1
1791548669,25584,1
1791548684,25440,1
1791548699,25440,1
1791548714,25440,1
1791548729,25440,1
1791548744,25456,1
1791548759,25484,1
1791548774,25500,1
1791548789,25500,1
1791548804,25532,1
1791548819,25532,1
1791548834,25532,1
1791548849,25548,1
1791548864,25548,1
1791548879,25548,1
1791548894,25548,1
1791548909,25548,1
1791548924,25548,1
1791548939,25548,1
1791548954,25564,1
1791548969,25564,1
1791548984,25564,1
1791548999,25564,1
1791549014,25564,1
1791549029,25568,1
1791549044,25596,1
1791549059,25596,1
1791549074,25596,1
1791549089,25596,1
1791549104,25612,1
1791549119,25764,1
1791549134,25776,1
1791549149,25776,1
1791549164,25776,1
1791549179,25776,1
1791549194,25776,1
1791549209,25776,1
1791549224,25776,1
1791549239,25776,1
1791549254,25776,1
1791549269,25776,1
1791549284,25780,1
1791549299,25792,1
1791549314,25796,1
1791549329,25808,1
1791549345,25824,1
1791549360,25824,1
1791549375,25824,1
1791549390,25828,1
1791549405,25888,1
1791549420,25756,1
1791549435,25756,1
1791549450,25756,1
1791549465,25868,1
1791549480,25868,1
1791549495,25868,1
1791549510,25872,1
1791549525,25884,1
1791549540,25772,1
1791549555,25772,1
1791549570,25788,1
1791549585,25788,1
1791549600,25788,1
1791549615,25788,1
1791549630,25788,1
1791549645,25788,1
1791549660,25804,1
1791549675,25804,1
1791549690,25804,1
1791549705,25828,1
1791549720,25836,1
1791549735,25836,1
1791549750,25852,1
1791549765,25872,1
1791549780,25852,1
1791549795,25856,1
1791549810,25868,1
1791549825,25872,1
1791549840,25884,1
1791549855,25884,1
1791549870,25884,1
1791549885,25884,1
1791549900,25884,1
1791549915,25900,1
1791549930,25900,1
1791549945,25900,1
1791549960,25932,1
1791549975,25936,1
1791549990,25940,1
1791550005,25968,1
1791550020,26088,1
1791550036,26088,1
1791550051,26088,1
1791550066,26088,1
1791550081,26088,1
1791550096,26088,1
1791550111,26088,1
1791550126,26088,1
1791550141,26088,1
1791550156,26088,1
1791550171,26088,1
1791550186,26120,1
1791550201,26120,1
1791550216,26120,1
1791550231,26120,1
1791550246,26120,1
1791550261,26156,1
1791550276,26156,1
1791550291,26048,1
1791550306,26048,1
1791550321,26048,1
1791550336,26048,1
1791550351,26048,1
1791550366,26064,1
1791550381,26096,1
1791550396,26096,1
1791550411,26096,1
1791550426,26096,1
1791550441,26096,1
1791550456,26096,1
1791550471,26100,1
1791550486,26112,1
1791550501,26128,1
1791550516,26128,1
1791550531,26144,1
1791550546,26144,1
1791550561,26160,1
1791550576,26160,1
1791550591,26160,1
1791550606,26160,1
1791550621,26176,1
1791550636,26176,1
1791550651,26176,1
1791550666,26180,1
1791550681,26192,1
1791550696,26192,1
1791550711,26192,1
1791550727,26192,1
1791550742,26192,1
1791550757,26208,1
1791550772,26208,1
1791550787,26208,1
1791550802,26224,1
1791550817,26244,1
1791550832,26224,1
1791550847,26224,1
1791550862,26240,1
1791550877,26272,1
1791550892,26272,1
1791550907,26272,1
1791550922,26272,1
1791550937,26272,1
1791550952,26272,1
1791550967,26276,1
1791550982,26288,1
1791550997,26672,1
1791551012,26672,1
1791551027,26672,1
1791551042,26672,1
1791551057,26672,1
1791551072,26672,1
1791551087,26672,1
1791551102,26672,1
1791551117,26672,1
1791551132,26672,1
1791551147,26672,1
1791551162,26672,1
1791551177,26672,1
1791551192,26672,1
1791551207,26672,1
1791551222,26672,1
1791551237,26672,1
1791551252,26672,1
1791551267,26672,1
1791551282,26672,1
1791551297,26672,1
1791551312,26672,1
1791551327,26672,1
1791551342,26672,1
1791551357,26672,1
1791551372,26672,1
1791551387,26672,1
1791551402,26672,1
1791551417,26672,1
1791551432,26672,1
1791551448,26672,1
1791551463,26672,1
1791551478,26672,1
1791551493,26672,1
1791551508,26672,1
1791551523,26672,1
1791551538,26672,1
1791551553,26672,1
1791551568,26672,1
1791551583,26672,1
1791551598,26672,1
1791551613,26672,1
1791551628,26672,1
1791551643,26672,1
1791551658,26672,1
1791551673,26672,1
1791551688,26672,1
1791551703,26672,1
1791551718,26672,1
1791551733,26672,1
1791551748,26672,1
1791551763,26672,1
1791551778,26672,1
1791551793,26672,1
1791551808,26672,1
1791551823,26672,1
1791551838,26672,1
1791551853,26672,1
1791551868,26672,1
1791551883,26672,1
1791551898,26672,1
1791551913,26684,1
1791551928,26672,1
1791551943,26672,1
1791551958,26684,1
1791551973,26672,1
1791551988,26684,1
1791552003,26672,1
1791552018,26672,1
1791552033,26672,1
1791552048,26672,1
1791552063,26672,1
1791552078,26672,1
1791552093,26688,1
1791552108,26692,1
1791552123,26692,1
1791552138,26696,1
1791552154,26704,1
1791552169,26704,1
1791552184,26704,1
1791552199,26712,1
1791552214,26736,1
1791552229,26736,1
1791552244,26736,1
1791552259,26736,1
1791552274,26736,1
1791552289,26752,1
1791552304,26768,1
1791552319,26768,1
1791552334,26768,1
1791552349,26768,1
1791552364,26768,1
1791552379,26784,1
1791552394,27680,1
1791552409,27680,1
1791552424,27680,1
1791552439,27680,1
1791552454,27680,1
1791552469,27680,1
1791552484,27680,1
1791552499,27680,1
1791552514,27680,1
1791552529,27680,1
1791552544,27680,1
1791552559,27680,1
1791552574,27680,1
1791552589,27680,1
1791552604,27680,1
1791552619,27680,1
1791552634,27680,1
1791552649,27680,1
1791552664,27680,1
1791552679,27680,1
1791552694,27680,1
1791552709,27680,1
1791552724,27680,1
1791552739,27680,1
1791552754,27680,1
1791552769,27680,1
1791552784,27680,1
1791552799,27680,1
1791552814,27680,1
1791552829,27680,1
1791552845,27680,1
1791552860,27680,1
1791552875,27680,1
1791552890,27680,1
1791552905,27680,1
1791552920,27680,1
1791552935,27680,1
1791552950,27680,1
1791552965,27680,1
1791552980,27680,1
1791552995,27680,1
1791553010,27680,1
1791553025,27680,1
1791553040,27680,1
1791553055,27680,1
1791553070,27680,1
1791553085,27680,1
1791553100,27680,1
1791553115,27680,1
1791553130,27680,1
1791553145,27680,1
1791553160,27680,1
1791553175,27680,1
1791553190,27680,1
1791553205,27680,1
1791553220,27680,1
1791553235,27680,1
1791553250,27680,1
1791553265,27680,1
1791553280,27680,1
1791553295,27680,1
1791553310,27680,1
1791553325,27680,1
1791553340,27680,1
1791553355,27680,1
1791553370,27680,1
1791553385,27680,1
1791553400,27680,1
1791553415,27680,1
1791553430,27680,1
1791553445,27680,1
1791553460,27680,1
1791553475,27680,1
1791553490,27680,1
1791553505,27680,1
1791553520,27680,1
1791553535,27680,1
1791553550,27680,1
1791553566,27680,1
1791553581,27680,1
1791553596,27680,1
1791553611,27680,1
1791553626,27680,1
1791553641,27680,1
1791553656,27680,1
1791553671,27680,1
1791553686,27680,1
1791553701,27680,1
1791553716,27680,1
1791553731,27680,1
1791553746,27680,1
1791553761,27680,1
1791553776,27680,1
1791553791,27680,1
1791553806,27680,1
1791553821,27680,1
1791553836,27680,1
1791553851,27680,1
1791553866,27680,1
1791553881,27680,1
1791553896,27680,1
1791553911,27680,1
1791553926,27680,1
1791553941,27680,1
1791553956,27680,1
1791553971,27680,1
1791553986,27680,1
1791554001,27680,1
1791554016,27680,1
1791554031,27680,1
1791554046,27680,1
1791554061,27680,1
1791554076,27680,1
1791554091,27680,1
1791554106,27680,1
1791554121,27680,1
1791554136,27680,1
1791554151,27680,1
1791554166,27680,1
1791554181,27680,1
1791554196,27680,1
1791554211,27680,1
1791554226,27680,1
1791554241,27680,1
1791554256,27680,1
1791554271,27680,1
1791554286,27680,1
1791554302,27680,1
1791554317,27680,1
1791554332,27680,1
1791554347,27680,1
1791554362,27680,1
1791554377,27680,1
1791554392,27680,1
1791554407,27680,1
1791554422,27680,1
1791554437,27680,1
1791554452,27680,1
1791554467,27680,1
1791554482,27680,1
1791554497,27680,1
1791554512,27680,1
1791554527,27680,1
1791554542,27680,1
1791554557,27680,1
1791554572,27680,1
1791554587,27680,1
1791554602,27680,1
1791554617,27680,1
1791554632,27680,1
1791554647,27680,1
1791554662,27680,1
1791554677,27680,1
1791554692,27680,1
1791554707,27680,1
1791554722,27680,1
1791554737,27680,1
1791554752,27680,1
1791554767,27680,1
1791554782,27680,1
1791554797,27680,1
1791554812,27680,1
1791554827,27680,1
1791554842,27680,1
1791554857,27680,1
1791554872,27680,1
1791554887,27696,1
1791554902,27700,1
1791554917,27712,1
1791554932,27712,1
1791554947,27744,1
1791554962,27744,1
1791554977,27744,1
1791554992,27760,1
1791555007,27776,1
1791555022,27776,1
1791555037,27776,1
1791555053,27776,1
1791555068,28692,1
1791555083,28692,1
1791555098,28692,1
1791555113,29192,1
1791555128,28692,1
1791555143,28692,1
1791555158,28692,1
1791555173,28692,1
1791555188,28692,1
1791555203,28692,1
1791555218,28692,1
1791555233,28692,1
1791555248,28692,1
1791555263,28692,1
1791555278,28692,1
1791555293,28692,1
1791555308,28692,1
1791555323,28692,1
1791555338,28692,1
1791555353,28692,1
1791555368,28692,1
1791555383,28692,1
1791555398,28692,1
1791555413,28692,1
1791555428,28692,1
1791555443,28692,1
1791555458,28692,1
1791555473,28692,1
1791555488,28692,1
1791555503,28692,1
1791555518,28692,1
1791555533,28692,1
1791555548,28692,1
1791555563,28692,1
1791555578,28692,1
1791555593,28692,1
1791555608,28692,1
1791555623,28692,1
1791555638,28692,1
1791555653,28692,1
1791555668,28692,1
1791555683,28692,1
1791555698,28692,1
1791555713,28692,1
1791555728,28692,1
1791555743,28692,1
1791555758,28692,1
1791555773,28692,1
1791555788,28692,1
1791555804,28692,1
1791555819,28692,1
1791555834,28692,1
1791555849,28692,1
1791555864,28692,1
1791555879,28692,1
1791555894,28692,1
1791555909,28692,1
1791555924,28692,1
1791555939,28692,1
1791555954,28692,1
1791555969,28692,1
1791555984,28692,1
1791555999,28692,1
1791556014,28692,1
1791556029,28692,1
1791556044,28692,1
1791556059,28692,1
1791556074,28692,1
1791556089,28692,1
1791556104,28692,1
1791556119,28692,1
1791556134,28692,1
1791556149,28692,1
1791556164,28692,1
1791556179,28692,1
1791556194,28692,1
1791556209,28692,1
1791556224,28692,1
1791556239,28692,1
1791556254,28692,1
1791556269,28692,1
1791556284,28692,1
1791556299,28692,1
1791556314,28692,1
1791556329,28692,1
1791556344,28692,1
1791556359,28692,1
1791556374,28692,1
1791556389,28692,1
1791556404,28692,1
1791556419,28692,1
1791556434,28692,1
1791556449,28692,1
1791556464,28692,1
1791556479,28692,1
1791556494,28692,1
1791556509,28692,1
1791556524,28692,1
1791556540,28692,1
1791556555,28692,1
1791556570,28692,1
1791556585,28692,1
1791556600,28692,1
1791556615,28692,1
1791556630,28692,1
1791556645,28692,1
1791556660,28692,1
1791556675,28692,1
1791556690,28692,1
1791556705,28692,1
1791556720,28692,1
1791556735,28692,1
1791556750,28692,1
1791556765,28692,1
1791556780,28692,1
1791556795,28692,1
1791556810,28692,1
1791556825,28692,1
1791556840,28692,1
1791556855,28692,1
1791556870,28692,1
1791556885,28692,1
1791556900,28692,1
1791556915,28692,1
1791556930,28692,1
1791556945,28692,1
1791556960,28692,1
1791556975,28692,1
1791556990,28692,1
1791557005,28692,1
1791557020,28692,1
1791557035,28692,1
1791557050,28692,1
1791557065,28692,1
1791557080,28692,1
1791557095,28692,1
1791557110,28692,1
1791557125,28692,1
1791557140,28692,1
1791557155,28692,1
1791557170,28692,1
1791557185,28692,1
1791557200,28692,1
1791557215,28692,1
1791557230,28692,1
1791557245,28692,1
1791557260,28692,1
1791557276,28692,1
1791557291,28692,1
1791557306,28692,1
1791557321,28692,1
1791557336,28692,1
1791557351,28692,1
1791557366,28692,1
1791557381,28692,1
1791557396,28692,1
1791557411,28692,1
1791557426,28692,1
1791557441,28692,1
1791557456,28692,1
1791557471,28692,1
1791557486,28692,1
1791557501,28692,1
1791557516,28692,1
1791557531,28692,1
1791557546,28692,1
1791557561,28692,1
1791557576,28692,1
1791557591,28692,1
1791557606,28692,1
1791557621,28692,1
1791557636,28692,1
1791557651,28692,1
1791557666,28708,1
1791557681,28708,1
1791557696,28708,1
1791557711,28708,1
1791557726,28724,1
1791557741,28724,1
1791557756,28724,1
1791557771,28732,1
1791557786,28732,1
1791557801,28732,1
1791557816,28748,1
1791557831,28748,1
1791557846,28748,1
1791557861,28764,1
1791557876,28756,1
1791557891,28756,1
1791557906,28756,1
1791557921,28756,1
1791557936,28780,1
1791557951,28784,1
1791557966,28796,1
1791557981,28812,1
1791557996,29708,1
1791558012,29708,1
1791558027,29708,1
1791558042,29708,1
1791558057,29708,1
1791558072,29708,1
1791558087,29708,1
1791558102,29708,1
1791558117,29708,1
1791558132,29708,1
1791558147,29708,1
1791558162,29708,1
1791558177,29708,1
1791558192,29700,1
1791558207,29700,1
1791558222,29700,1
1791558237,29708,1
1791558252,29708,1
1791558267,29708,1
1791558282,29708,1
1791558297,29708,1
1791558312,29708,1
1791558327,29708,1
1791558342,29708,1
1791558357,29708,1
1791558372,29700,1
1791558387,29700,1
1791558402,29700,1
1791558417,29708,1
1791558432,29708,1
1791558447,29708,1
1791558462,29708,1
1791558477,29708,1
1791558492,29700,1
1791558507,29700,1
1791558522,29700,1
1791558537,29700,1
1791558552,29708,1
1791558567,29708,1
1791558582,29708,1
1791558597,29708,1
1791558612,29708,1
1791558627,29708,1
1791558642,29708,1
1791558657,29708,1
1791558672,29700,1
1791558687,29700,1
1791558702,29700,1
1791558717,29700,1
1791558732,29708,1
1791558747,29708,1
1791558763,29708,1
1791558778,29708,1
1791558793,29708,1
1791558808,29708,1
1791558823,29700,1
1791558838,29700,1
1791558853,29708,1
1791558868,29708,1
1791558883,29708,1
1791558898,29708,1
1791558913,29708,1
1791558928,29708,1
1791558943,29708,1
1791558958,29708,1
1791558973,29700,1
1791558988,29700,1
1791559003,29700,1
1791559018,29700,1
1791559033,29708,1
1791559048,29708,1
1791559063,29708,1
1791559078,29708,1
1791559093,29708,1
1791559108,29700,1
1791559123,29700,1
1791559138,29700,1
1791559153,29708,1
1791559168,29708,1
1791559183,29708,1
1791559198,29708,1
1791559213,29708,1
1791559228,29708,1
1791559243,29708,1
1791559258,29708,1
1791559273,29708,1
1791559288,29700,1
1791559303,29700,1
1791559318,29700,1
1791559333,29708,1
1791559348,29708,1
1791559363,29708,1
1791559378,29708,1
1791559393,29708,1
1791559408,29708,1
1791559423,29708,1
1791559438,29708,1
1791559453,29708,1
1791559468,29700,1
1791559483,29708,1
1791559498,29708,1
1791559514,29708,1
1791559529,29708,1
1791559544,29708,1
1791559559,29708,1
1791559574,29708,1
1791559589,29700,1
1791559604,29700,1
1791559619,29700,1
1791559634,29700,1
1791559649,29708,1
1791559664,29708,1
1791559679,29708,1
1791559694,29708,1
1791559709,29708,1
1791559724,29708,1
1791559739,29708,1
1791559754,29712,1
1791559769,29720,1
1791559784,29720,1
1791559799,29720,1
1791559814,29720,1
1791559829,29720,1
1791559844,29712,1
1791559859,29712,1
1791559874,29716,1
1791559889,29700,1
1791559904,29700,1
1791559919,29700,1
1791559934,29700,1
1791559949,29716,1
1791559964,29716,1
1791559979,29716,1
1791559994,29716,1
1791560009,29716,1
1791560024,29716,1
1791560039,29716,1
1791560054,29716,1
1791560069,29700,1
1791560084,29700,1
1791560099,29700,1
1791560114,29716,1
1791560129,29716,1
1791560144,29716,1
1791560159,29716,1
1791560174,29716,1
1791560189,29716,1
1791560204,29700,1
1791560219,29700,1
1791560234,29700,1
1791560250,29724,1
1791560265,29716,1
1791560280,29716,1
1791560295,29716,1
1791560310,29716,1
1791560325,29716,1
1791560340,29716,1
1791560355,29716,1
1791560370,29752,1
1791560385,29700,1
1791560400,29700,1
1791560415,29700,1
1791560430,29736,1
1791560445,29728,1
1791560460,29736,1
1791560475,29736,1
1791560490,29736,1
1791560505,29700,1
1791560520,29700,1
1791560535,29704,1
1791560550,29712,1
1791560565,29784,1
1791560580,29768,1
1791560595,29768,1
1791560610,29772,1
1791560625,29784,1
1791560640,29788,1
1791560655,29800,1
1791560670,29764,1
1791560685,29820,1
1791560700,29804,1
1791560715,29816,1
1791560730,29816,1
1791560745,30744,1
1791560760,30744,1
1791560775,30744,1
1791560790,30744,1
1791560805,30708,1
1791560820,30708,1
1791560835,30708,1
1791560850,30708,1
1791560865,30748,1
1791560880,30748,1
1791560895,30748,1
1791560910,30748,1
1791560925,30748,1
1791560941,30748,1
1791560956,30708,1
1791560971,30708,1
1791560986,30748,1
1791561001,30748,1
1791561016,30748,1
1791561031,30748,1
1791561046,30748,1
1791561061,30748,1
1791561076,30748,1
1791561091,30748,1
1791561106,30756,1
1791561121,30708,1
1791561136,30708,1
1791561151,30708,1
1791561166,30756,1
1791561181,30756,1
1791561196,30764,1
1791561211,30756,1
1791561226,30764,1
1791561241,30764,1
1791561256,30764,1
1791561271,30764,1
1791561286,30708,1
1791561301,30764,1
1791561316,30764,1
1791561331,30764,1
1791561346,30764,1
1791561361,30764,1
1791561376,31160,1
1791561391,30784,1
1791561406,30784,1
1791561421,30712,1
1791561436,30712,1
1791561451,31148,1
1791561466,30712,1
1791561481,30788,1
1791561496,30788,1
1791561511,30772,1
1791561526,30772,1
1791561541,30788,1
1791561556,30748,1
1791561571,30748,1
1791561586,30748,1
1791561601,30784,1
1791561617,30784,1
1791561632,30784,1
1791561647,30784,1
1791561662,30784,1
1791561677,30784,1
1791561692,30784,1
1791561707,30784,1
1791561722,30712,1
1791561737,30712,1
1791561752,30712,1
1791561767,30712,1
1791561782,30784,1
1791561797,30784,1
1791561812,30784,1
1791561827,30784,1
1791561842,30784,1
1791561857,30784,1
1791561872,30784,1
1791561887,30784,1
1791561902,30708,1
1791561917,30708,1
1791561932,30784,1
1791561947,30784,1
1791561962,31076,1
1791561977,30784,1
1791561992,30780,1
1791562007,30780,1
1791562022,30796,1
1791562037,30748,1
1791562052,30756,1
1791562067,30756,1
1791562082,30788,1
1791562097,30788,1
1791562112,30788,1
1791562127,30788,1
1791562142,30804,1
1791562157,30756,1
1791562172,30756,1
1791562187,30756,1
1791562202,30756,1
1791562217,30820,1
1791562232,30820,1
1791562247,30820,1
1791562262,30820,1
1791562277,30820,1
1791562292,30820,1
1791562307,30820,1
1791562323,30820,1
1791562338,30756,1
1791562353,30756,1
1791562368,30756,1
1791562383,30756,1
1791562398,30820,1
1791562413,30820,1
1791562428,30820,1
1791562443,30820,1
1791562458,30820,1
1791562473,30820,1
1791562488,30820,1
1791562503,30824,1
1791562518,30824,1
1791562533,30824,1
1791562548,30824,1
1791562563,30824,1
1791562578,30824,1
1791562593,30824,1
1791562608,30824,1
1791562623,30824,1
1791562638,30756,1
1791562653,30756,1
1791562668,30756,1
1791562683,30756,1
1791562698,30824,1
1791562713,30824,1
1791562728,30824,1
1791562743,30824,1
1791562758,30824,1
1791562773,30824,1
1791562788,30824,1
1791562803,30824,1
1791562818,30756,1
1791562833,30756,1
1791562848,30756,1
1791562863,30756,1
1791562878,30824,1
1791562893,30824,1
1791562908,30824,1
1791562923,30808,1
1791562938,30824,1
1791562953,30756,1
1791562968,30756,1
1791562983,30756,1
1791562999,30824,1
1791563014,30808,1
1791563029,30808,1
1791563044,30808,1
1791563059,30828,1
1791563074,30812,1
1791563089,30828,1
1791563104,30828,1
1791563119,30820,1
1791563134,30756,1
1791563149,30756,1
1791563164,30756,1
1791563179,30756,1
1791563194,30828,1
1791563209,30828,1
1791563224,30820,1
1791563239,30828,1
1791563254,30756,1
1791563269,30756,1
1791563284,30756,1
1791563299,30756,1
1791563314,30836,1
1791563329,30840,1
1791563344,30868,1
1791563359,30868,1
1791563374,30868,1
1791563389,30868,1
1791563404,30868,1
1791563419,30876,1
1791563434,30804,1
1791563449,30804,1
1791563464,30804,1
1791563479,30804,1
1791563494,30872,1
1791563509,31828,1
1791563524,31836,1
1791563539,31836,1
1791563554,31764,1
1791563569,31764,1
1791563584,31764,1
1791563599,31764,1
1791563614,31840,1
1791563629,31840,1
1791563645,31840,1
1791563660,31840,1
1791563675,31840,1
1791563690,31840,1
1791563705,31840,1
1791563720,31840,1
1791563735,31764,1
1791563750,31764,1
1791563765,31764,1
1791563780,31764,1
1791563795,31840,1
1791563810,31840,1
1791563825,32188,1
1791563840,31852,1
1791563855,31848,1
1791563870,31772,1
1791563885,31772,1
1791563900,31764,1
1791563915,31844,1
1791563930,31844,1
1791563945,31844,1
1791563960,31844,1
1791563975,32036,1
1791563990,31856,1
1791564005,31856,1
1791564020,31856,1
1791564035,31856,1
1791564050,31768,1
1791564065,31768,1
1791564080,31768,1
1791564095,32224,1
1791564110,32052,1
1791564125,31868,1
1791564140,31860,1
1791564155,32208,1
1791564170,31768,1
1791564185,31768,1
1791564200,31768,1
1791564215,31768,1
1791564230,32196,1
1791564245,31780,1
1791564260,31868,1
1791564275,32196,1
1791564290,31864,1
1791564305,31864,1
1791564320,31864,1
1791564336,31864,1
1791564351,31788,1
1791564366,31788,1
1791564381,31788,1
1791564396,31788,1
1791564411,31856,1
1791564426,31864,1
1791564441,31856,1
1791564456,31856,1
1791564471,31788,1
1791564486,31788,1
1791564501,31788,1
1791564516,31788,1
1791564531,31868,1
1791564546,31868,1
1791564561,31868,1
1791564576,31868,1
1791564591,31868,1
1791564606,31868,1
1791564621,31868,1
1791564636,31868,1
1791564651,31788,1
1791564666,31788,1
1791564681,31788,1
1791564696,31788,1
1791564711,31864,1
1791564726,31864,1
1791564741,31864,1
1791564756,31872,1
1791564771,31872,1
1791564786,31788,1
1791564801,31788,1
1791564816,31788,1
1791564831,32192,1
1791564846,31884,1
1791564861,31872,1
1791564876,31872,1
1791564891,31876,1
1791564906,31876,1
1791564921,31872,1
1791564936,31884,1
1791564951,32240,1
1791564966,32064,1
1791564981,32064,1
1791564996,32064,1
1791565011,32064,1
1791565026,32064,1
1791565042,32064,1
1791565057,32064,1
1791565072,32064,1
1791565087,32224,1
1791565102,32224,1
1791565117,32224,1
1791565132,32224,1
1791565147,32224,1
1791565162,32224,1
1791565177,32224,1
1791565192,32224,1
1791565207,32224,1
1791565222,32224,1
1791565237,32224,1
1791565252,32224,1
1791565267,32224,1
1791565282,32224,1
1791565297,32224,1
1791565312,32224,1
1791565327,32224,1
1791565342,32224,1
1791565357,32224,1
1791565372,32224,1
1791565387,32224,1
1791565402,32224,1
1791565417,32224,1
1791565432,32224,1
1791565447,32224,1
1791565462,32224,1
1791565477,32224,1
1791565492,32224,1
1791565507,32224,1
1791565522,32224,1
1791565537,32224,1
1791565552,32224,1
1791565567,32224,1
1791565582,32224,1
1791565597,32224,1
1791565612,32224,1
1791565627,32224,1
1791565642,32224,1
1791565657,32064,1
1791565672,32196,1
1791565687,32196,1
1791565702,32196,1
1791565717,32196,1
1791565732,32196,1
1791565748,32196,1
1791565763,32196,1
1791565778,32196,1
1791565793,32196,1
1791565808,32200,1
1791565823,32216,1
1791565838,32228,1
1791565853,32228,1
1791565868,32064,1
1791565883,32064,1
1791565898,32064,1
1791565913,32064,1
1791565928,32064,1
1791565943,32064,1
1791565958,32064,1
1791565973,32064,1
1791565988,32212,1
1791566003,32212,1
1791566018,32212,1
1791566033,32212,1
1791566048,32212,1
1791566063,32212,1
1791566078,32212,1
1791566093,32212,1
1791566108,32212,1
1791566123,32212,1
1791566138,32212,1
1791566153,32212,1
1791566168,32212,1
1791566183,32212,1
1791566198,32212,1
1791566213,32220,1
1791566228,32244,1
1791566243,32260,1
1791566258,32260,1
1791566273,32260,1
1791566288,32260,1
1791566303,32264,1
1791566318,32264,1
1791566333,32276,1
1791566348,32276,1
1791566363,32276,1
1791566378,33220,1
1791566393,33220,1
1791566408,33220,1
1791566423,33220,1
1791566438,33220,1
1791566453,33220,1
1791566468,33220,1
1791566484,33220,1
1791566499,33220,1
1791566514,33220,1
1791566529,33220,1
1791566544,33220,1
1791566559,33220,1
1791566574,33072,1
1791566589,33212,1
1791566604,33212,1
1791566619,33212,1
1791566634,33212,1
1791566649,33212,1
1791566664,33212,1
1791566679,33220,1
1791566694,33220,1
1791566709,33072,1
1791566724,33088,1
1791566739,33088,1
1791566754,33084,1
1791566769,33112,1
1791566784,33084,1
1791566799,33112,1
1791566814,33084,1
1791566829,33084,1
1791566844,33108,1
1791566859,33080,1
1791566874,33108,1
1791566889,33108,1
1791566904,33080,1
1791566919,33080,1
1791566934,33080,1
1791566949,33080,1
1791566964,33080,1
1791566979,33080,1
1791566994,33080,1
1791567009,33080,1
1791567024,33784,1
1791567039,34164,1
1791567054,34164,1
1791567069,34164,1
1791567084,34164,1
1791567099,34164,1
1791567114,34164,1
1791567129,34164,1
1791567144,34164,1
1791567159,34164,1
1791567174,34164,1
1791567190,34164,1
1791567205,34164,1
1791567220,34164,1
1791567235,34164,1
1791567250,34164,1
1791567265,34164,1
1791567280,34164,1
1791567295,34164,1
1791567310,34164,1
1791567325,34164,1
1791567340,34164,1
1791567355,34164,1
1791567370,34164,1
1791567385,34164,1
1791567400,34164,1
1791567415,34164,1
1791567430,34164,1
1791567445,34164,1
1791567460,34164,1
1791567475,34164,1
1791567490,34164,1
1791567505,34164,1
1791567520,34164,1
1791567535,34164,1
1791567550,34164,1
1791567565,34164,1
1791567580,34172,1
1791567595,34172,1
1791567610,34196,1
1791567625,34200,1
1791567640,34216,1
1791567655,34216,1
1791567670,34244,1
1791567685,34256,1
1791567700,34256,1
1791567715,34256,1
1791567730,34256,1
1791567745,34256,1
1791567760,34256,1
1791567775,34256,1
1791567790,34256,1
1791567805,34256,1
1791567820,34256,1
1791567835,34256,1
1791567850,34256,1
1791567865,34256,1
1791567880,34256,1
1791567896,34256,1
1791567911,34256,1
1791567926,34256,1
1791567941,34256,1
1791567956,34256,1
1791567971,34256,1
1791567986,34256,1
1791568001,34256,1
1791568016,34256,1
1791568031,34256,1
1791568046,34256,1
1791568061,34256,1
1791568076,34256,1
1791568091,34256,1
1791568106,34256,1
1791568121,34256,1
1791568136,34256,1
1791568151,34256,1
1791568166,34256,1
1791568181,34256,1
1791568196,34256,1
1791568211,34256,1
1791568226,34256,1
1791568241,34256,1
1791568256,34256,1
1791568271,34256,1
1791568286,34256,1
1791568301,34256,1
1791568316,34256,1
1791568331,34256,1
1791568346,34256,1
1791568361,34256,1
1791568376,34256,1
1791568391,34256,1
1791568406,34256,1
1791568421,34256,1
1791568436,34256,1
1791568451,34256,1
1791568466,34256,1
1791568481,34256,1
1791568496,34256,1
1791568511,34256,1
1791568526,34264,1
1791568541,34264,1
1791568556,34296,1
1791568571,34296,1
1791568587,34296,1
1791568602,34296,1
1791568617,34296,1
1791568632,34296,1
1791568647,34296,1
1791568662,34296,1
1791568677,34296,1
1791568692,34296,1
1791568707,34296,1
1791568722,34296,1
1791568737,34296,1
1791568752,34296,1
1791568767,34296,1
1791568782,34296,1
1791568797,34296,1
1791568812,34296,1
1791568827,34296,1
1791568842,34296,1
1791568857,34296,1
1791568872,34296,1
1791568887,34296,1
1791568902,34296,1
1791568917,34296,1
1791568932,34296,1
1791568947,34296,1
1791568962,34296,1
1791568977,34296,1
1791568992,34296,1
1791569007,34296,1
1791569022,34296,1
1791569037,34300,1
1791569052,34312,1
1791569067,34312,1
1791569082,34312,1
1791569097,34316,1
1791569112,34360,1
1791569127,34360,1
1791569142,34360,1
1791569157,34360,1
1791569172,34364,1
1791569187,34364,1
1791569202,34392,1
1791569217,34392,1
1791569232,35304,1
1791569247,35304,1
1791569262,35304,1
1791569277,35304,1
1791569292,35304,1
1791569308,35304,1
1791569323,35304,1
1791569338,35304,1
1791569353,35304,1
1791569368,35304,1
1791569383,35304,1
1791569398,35304,1
1791569413,35304,1
1791569428,35304,1
1791569443,35304,1
1791569458,35304,1
1791569473,35304,1
1791569488,35332,1
1791569503,35332,1
1791569518,35332,1
1791569533,35332,1
1791569548,35332,1
1791569563,35332,1
1791569578,35332,1
1791569593,35332,1
1791569608,35332,1
1791569623,35332,1
1791569638,35332,1
1791569653,35332,1
1791569668,35332,1
1791569683,35332,1
1791569698,35332,1
1791569713,35332,1
1791569728,35332,1
1791569743,35332,1
1791569758,35332,1
1791569773,35332,1
1791569788,35332,1
1791569803,35332,1
1791569818,35332,1
1791569833,35332,1
1791569848,35332,1
1791569863,35332,1
1791569878,35332,1
1791569893,35332,1
1791569908,35332,1
1791569923,35332,1
1791569938,35332,1
1791569953,35332,1
1791569969,35332,1
1791569984,35332,1
1791569999,35332,1
1791570014,35332,1
1791570029,35332,1
1791570044,35332,1
1791570059,35332,1
1791570074,35332,1
1791570089,35332,1
1791570104,35332,1
1791570119,35332,1
1791570134,35332,1
1791570149,35332,1
1791570164,35332,1
1791570179,35332,1
1791570194,35332,1
1791570209,35332,1
1791570224,35332,1
1791570239,35332,1
1791570254,35332,1
1791570269,35332,1
1791570284,35332,1
1791570299,35332,1
1791570314,35332,1
1791570329,35332,1
1791570344,35332,1
1791570359,35332,1
1791570374,35332,1
1791570389,35332,1
1791570404,35332,1
1791570419,35332,1
1791570434,35332,1
1791570449,35332,1
1791570464,35332,1
1791570479,35332,1
1791570494,35332,1
1791570509,35332,1
1791570524,35332,1
1791570539,35332,1
1791570554,35332,1
1791570569,35332,1
1791570584,35332,1
1791570599,35332,1
1791570614,35332,1
1791570629,35332,1
1791570645,35332,1
1791570660,35332,1
1791570675,35332,1
1791570690,35332,1
1791570705,35332,1
1791570720,35332,1
1791570735,35332,1
1791570750,35332,1
1791570765,35332,1
1791570780,35332,1
1791570795,35332,1
1791570810,35332,1
1791570825,35332,1
1791570840,35332,1
1791570855,35332,1
1791570870,35332,1
1791570885,35332,1
1791570900,35332,1
1791570915,35332,1
1791570930,35332,1
1791570945,35332,1
1791570960,35332,1
1791570975,35332,1
1791570990,35332,1
1791571005,35332,1
1791571020,35332,1
1791571035,35332,1
1791571050,35332,1
1791571065,35332,1
1791571080,35332,1
1791571095,35332,1
1791571110,35332,1
1791571125,35332,1
1791571140,35332,1
1791571155,35332,1
1791571170,35332,1
1791571185,35332,1
1791571200,35332,1
1791571215,35332,1
1791571230,35332,1
1791571245,35332,1
1791571260,35332,1
1791571275,35332,1
1791571290,35332,1
1791571305,35332,1
1791571320,35332,1
1791571336,35332,1
1791571351,35332,1
1791571366,35332,1
1791571381,35332,1
1791571396,35332,1
1791571411,35332,1
1791571426,35332,1
1791571441,35332,1
1791571456,35332,1
1791571471,35332,1
1791571486,35332,1
1791571501,35332,1
1791571516,35332,1
1791571531,35332,1
1791571546,35332,1
1791571561,35332,1
1791571576,35332,1
1791571591,35332,1
1791571606,35332,1
1791571621,35332,1
1791571636,35332,1
1791571651,35332,1
1791571666,35332,1
1791571681,35332,1
1791571696,35332,1
1791571711,35332,1
1791571726,35332,1
1791571741,35332,1
1791571756,35332,1
1791571771,35332,1
1791571786,35332,1
1791571801,35332,1
1791571816,35332,1
1791571831,35332,1
1791571846,35336,1
1791571861,35340,1
1791571876,35368,1
1791571891,35380,1
1791571906,36340,1
1791571921,36340,1
1791571936,36340,1
1791571951,36340,1
1791571966,36340,1
1791571981,36340,1
1791571996,36340,1
1791572011,36340,1
1791572027,36340,1
1791572042,36340,1
1791572057,36340,1
1791572072,36340,1
1791572087,36340,1
1791572102,36340,1
1791572117,36344,1
1791572132,36344,1
1791572147,36360,1
1791572162,36360,1
1791572177,36368,1
1791572192,36368,1
1791572207,36368,1
1791572222,36368,1
1791572237,36368,1
1791572252,36368,1
1791572267,36368,1
1791572282,36368,1
1791572297,36368,1
1791572312,36368,1
1791572327,36368,1
1791572342,36368,1
1791572357,36368,1
1791572372,36368,1
1791572387,36368,1
1791572402,36368,1
1791572417,36368,1
1791572432,36368,1
1791572447,36368,1
1791572462,36368,1
1791572477,36368,1
1791572492,36368,1
1791572507,36368,1
1791572522,36368,1
1791572537,36368,1
1791572552,36368,1
1791572567,36368,1
1791572582,36368,1
1791572597,36368,1
1791572612,36368,1
1791572627,36368,1
1791572642,36368,1
1791572657,36368,1
1791572672,36368,1
1791572687,36368,1
1791572702,36368,1
1791572717,36368,1
1791572733,36368,1
1791572748,36368,1
1791572763,36368,1
1791572778,36368,1
1791572793,36368,1
1791572808,36368,1
1791572823,36368,1
1791572838,36368,1
1791572853,36368,1
1791572868,36368,1
1791572883,36368,1
1791572898,36368,1
1791572913,36368,1
1791572928,36368,1
1791572943,36368,1
1791572958,36368,1
1791572973,36368,1
1791572988,36368,1
1791573003,36368,1
1791573018,36368,1
1791573033,36368,1
1791573048,36368,1
1791573063,36368,1
1791573078,36368,1
1791573093,36372,1
1791573108,36372,1
1791573123,36372,1
1791573138,36372,1
1791573153,36372,1
1791573168,36372,1
1791573183,36372,1
1791573198,36372,1
1791573213,36372,1
1791573228,36372,1
1791573243,36372,1
1791573258,36372,1
1791573273,36372,1
1791573288,36372,1
1791573303,36372,1
1791573318,36372,1
1791573333,36372,1
1791573348,36372,1
1791573363,36372,1
1791573378,36372,1
1791573393,36372,1
1791573408,36372,1
1791573424,36372,1
1791573439,36372,1
1791573454,36372,1
1791573469,36372,1
1791573484,36372,1
1791573499,36372,1
1791573514,36372,1
1791573529,36372,1
1791573544,36372,1
1791573559,36372,1
1791573574,36372,1
1791573589,36372,1
1791573604,36372,1
1791573619,36372,1
1791573634,36372,1
1791573649,36372,1
1791573664,36372,1
1791573679,36372,1
1791573694,36372,1
1791573709,36372,1
1791573724,36372,1
1791573739,36372,1
1791573754,36372,1
1791573769,36372,1
1791573784,36372,1
1791573799,36372,1
1791573814,36372,1
1791573829,36372,1
1791573844,36372,1
1791573859,36372,1
1791573874,36372,1
1791573889,36372,1
1791573904,36372,1
1791573919,36372,1
1791573934,36372,1
1791573949,36372,1
1791573964,36372,1
1791573979,36372,1
1791573994,36384,1
1791574009,36388,1
1791574024,36388,1
1791574039,36388,1
1791574054,36388,1
1791574069,36388,1
1791574084,36388,1
1791574099,36388,1
1791574114,36388,1
1791574130,36388,1
1791574145,36388,1
1791574160,36388,1
1791574175,36388,1
1791574190,36388,1
1791574205,36388,1
1791574220,36388,1
1791574235,36388,1
1791574250,36388,1
1791574265,36388,1
1791574280,36388,1
1791574295,36388,1
1791574310,36388,1
1791574325,36388,1
1791574340,36388,1
1791574355,36388,1
1791574370,36388,1
1791574385,36388,1
1791574400,36388,1
1791574415,36388,1
1791574430,36388,1
1791574445,36388,1
1791574460,36388,1
1791574475,36388,1
1791574490,36388,1
1791574505,36388,1
1791574520,36388,1
1791574535,36388,1
1791574550,36388,1
1791574565,36388,1
1791574580,36388,1
1791574595,36388,1
1791574610,36388,1
1791574625,36388,1
1791574640,36388,1
1791574655,36388,1
1791574670,36388,1
1791574685,36404,1
1791574700,36404,1
1791574715,36404,1
1791574730,36404,1
1791574745,37396,1
1791574760,37396,1
1791574775,37396,1
1791574790,37396,1
1791574805,37396,1
1791574820,37396,1
1791574836,37396,1
1791574851,37396,1
1791574866,37404,1
1791574881,37416,1
1791574896,37428,1
1791574911,37428,1
1791574926,37428,1
1791574941,37428,1
1791574956,37428,1
1791574971,37428,1
1791574986,37428,1
1791575001,37428,1
1791575016,37428,1
1791575031,37428,1
1791575046,37428,1
1791575061,37428,1
1791575076,37428,1
1791575091,37428,1
1791575106,37428,1
1791575121,37428,1
1791575136,37428,1
1791575151,37428,1
1791575166,37428,1
1791575181,37428,1
1791575196,37428,1
1791575211,37428,1
1791575226,37428,1
1791575241,37428,1
1791575256,37428,1
1791575271,37428,1
1791575286,37428,1
1791575301,37428,1
1791575316,37428,1
1791575331,37428,1
1791575346,37428,1
1791575361,37428,1
1791575376,37428,1
1791575391,37428,1
1791575406,37428,1
1791575421,37428,1
1791575436,37428,1
1791575451,37428,1
1791575466,37428,1
1791575481,37428,1
1791575496,37428,1
1791575511,37428,1
1791575527,37428,1
1791575542,37428,1
1791575557,37428,1
1791575572,37428,1
1791575587,37428,1
1791575602,37428,1
1791575617,37428,1
1791575632,37428,1
1791575647,37428,1
1791575662,37428,1
1791575677,37428,1
1791575692,37428,1
1791575707,37428,1
1791575722,37428,1
1791575737,37428,1
1791575752,37436,1
1791575767,37436,1
1791575782,37452,1
1791575797,37460,1
1791575812,37460,1
1791575827,37460,1
1791575842,37460,1
1791575857,37460,1
1791575872,37460,1
1791575887,37460,1
1791575902,37460,1
1791575917,37460,1
1791575932,37460,1
1791575947,37460,1
1791575962,37460,1
1791575977,37460,1
1791575992,37460,1
1791576007,37460,1
1791576022,37460,1
1791576037,37460,1
1791576052,37460,1
1791576067,37460,1
1791576082,37460,1
1791576097,37460,1
1791576112,37460,1
1791576127,37460,1
1791576142,37460,1
1791576157,37460,1
1791576172,37460,1
1791576187,37460,1
1791576202,37460,1
1791576218,37460,1
1791576233,37460,1
1791576248,37460,1
1791576263,37460,1
1791576278,37460,1
1791576293,37460,1
1791576308,37460,1
1791576323,37460,1
1791576338,37460,1
1791576353,37460,1
1791576368,37460,1
1791576383,37460,1
1791576398,37460,1
1791576413,37460,1
1791576428,37460,1
1791576443,37460,1
1791576458,37460,1
1791576473,37460,1
1791576488,37460,1
1791576503,37460,1
1791576518,37460,1
1791576533,37460,1
1791576548,37460,1
1791576563,37460,1
1791576578,37460,1
1791576593,37460,1
1791576608,37460,1
1791576623,37460,1
1791576638,37460,1
1791576653,37460,1
1791576668,37472,1
1791576683,37472,1
1791576698,37472,1
1791576713,37476,1
1791576728,37476,1
1791576743,37476,1
1791576758,37476,1
1791576773,37476,1
1791576788,37476,1
1791576803,37476,1
1791576818,37476,1
1791576833,37476,1
1791576848,37476,1
1791576863,37476,1
1791576878,37476,1
1791576894,37476,1
1791576909,37476,1
1791576924,37476,1
1791576939,37476,1
1791576954,37476,1
1791576969,37476,1
1791576984,37476,1
1791576999,37476,1
1791577014,37476,1
1791577029,37476,1
1791577044,37476,1
1791577059,37476,1
1791577074,37476,1
1791577089,37476,1
1791577104,37476,1
1791577119,37476,1
1791577134,37476,1
1791577149,37476,1
1791577164,37476,1
1791577179,37476,1
1791577194,37476,1
1791577209,37476,1
1791577224,37476,1
1791577239,37476,1
1791577254,37476,1
1791577269,37476,1
1791577284,37476,1
1791577299,37476,1
1791577314,37476,1
1791577329,37476,1
1791577344,37476,1
1791577359,37476,1
1791577374,37476,1
1791577389,37476,1
1791577404,37476,1
1791577419,37476,1
1791577434,37476,1
1791577449,37492,1
1791577464,37496,1
1791577479,37512,1
1791577494,37524,1
1791577509,37524,1
1791577524,37524,1
1791577539,37524,1
1791577554,37524,1
1791577569,37540,1
1791577585,37540,1
1791577600,37552,1
1791577615,37552,1
1791577630,38496,1
1791577645,38496,1
1791577660,38496,1
1791577675,38496,1
1791577690,38496,1
1791577705,38496,1
1791577720,38496,1
1791577735,38496,1
1791577750,38496,1
1791577765,38496,1
1791577780,38496,1
1791577795,38496,1
1791577810,38496,1
1791577825,38496,1
1791577840,38496,1
1791577855,38496,1
1791577870,38496,1
1791577885,38496,1
1791577900,38496,1
1791577915,38496,1
1791577930,38496,1
1791577945,38496,1
1791577960,38496,1
1791577975,38496,1
1791577990,38496,1
1791578005,38496,1
1791578020,38496,1
1791578035,38496,1
1791578050,38496,1
1791578065,38496,1
1791578080,38496,1
1791578095,38496,1
1791578110,38496,1
1791578125,38496,1
1791578140,38496,1
1791578155,38496,1
1791578170,38496,1
1791578185,38496,1
1791578200,38496,1
1791578215,38496,1
1791578230,38496,1
1791578245,38496,1
1791578260,38496,1
1791578276,38496,1
1791578291,38496,1
1791578306,38496,1
1791578321,38496,1
1791578336,38496,1
1791578351,38496,1
1791578366,38496,1
1791578381,38496,1
1791578396,38496,1
1791578411,38496,1
1791578426,38496,1
1791578441,38496,1
1791578456,38516,1
1791578471,38516,1
1791578486,38536,1
1791578501,38536,1
1791578516,38536,1
1791578531,38536,1
1791578546,38536,1
1791578561,38536,1
1791578576,38536,1
1791578591,38536,1
1791578606,38536,1
1791578621,38536,1
1791578636,38536,1
1791578651,38536,1
1791578666,38536,1
1791578681,38536,1
1791578696,38536,1
1791578711,38536,1
1791578726,38536,1
1791578741,38536,1
1791578756,38536,1
1791578771,38536,1
1791578786,38536,1
1791578801,38536,1
1791578816,38536,1
1791578831,38536,1
1791578846,38536,1
1791578861,38536,1
1791578876,38536,1
1791578891,38536,1
1791578906,38536,1
1791578921,38536,1
1791578937,38536,1
1791578952,38536,1
1791578967,38536,1
1791578982,38536,1
1791578997,38536,1
1791579012,38536,1
1791579027,38536,1
1791579042,38536,1
1791579057,38536,1
1791579072,38536,1
1791579087,38536,1
1791579102,38536,1
1791579117,38536,1
1791579132,38536,1
1791579147,38536,1
1791579162,38536,1
1791579177,38536,1
1791579192,38536,1
1791579207,38536,1
1791579222,38536,1
1791579237,38536,1
1791579252,38536,1
1791579267,38536,1
1791579282,38536,1
1791579297,38536,1
1791579312,38536,1
1791579327,38536,1
1791579342,38536,1
1791579357,38536,1
1791579372,38536,1
1791579387,38536,1
1791579402,38536,1
1791579417,38560,1
1791579432,38560,1
1791579447,38560,1
1791579462,38560,1
1791579477,38560,1
1791579492,38560,1
1791579507,38560,1
1791579522,38560,1
1791579537,38560,1
1791579552,38560,1
1791579567,38560,1
1791579582,38560,1
1791579597,38560,1
1791579612,38560,1
1791579627,38560,1
1791579643,38560,1
1791579658,38560,1
1791579673,38560,1
1791579688,38560,1
1791579703,38560,1
1791579718,38560,1
1791579733,38560,1
1791579748,38560,1
1791579763,38560,1
1791579778,38560,1
1791579793,38560,1
1791579808,38560,1
1791579823,38560,1
1791579838,38560,1
1791579853,38560,1
1791579868,38560,1
1791579883,38560,1
1791579898,38560,1
1791579913,38560,1
1791579928,38560,1
1791579943,38560,1
1791579958,38560,1
1791579973,38560,1
1791579988,38560,1
1791580003,38560,1
1791580018,38560,1
1791580033,38560,1
1791580048,38560,1
1791580063,38560,1
1791580078,38560,1
1791580093,38560,1
1791580108,38560,1
1791580123,38560,1
1791580138,38560,1
1791580153,38560,1
1791580168,38560,1
1791580183,38560,1
1791580198,38560,1
1791580213,38560,1
1791580228,38560,1
1791580243,38560,1
1791580258,38560,1
1791580273,38560,1
1791580288,38560,1
1791580303,38564,1
1791580318,38568,1
1791580333,38592,1
1791580348,38592,1
1791580363,38596,1
1791580379,38612,1
1791580394,38624,1
1791580409,38624,1
1791580424,38624,1
1791580439,38624,1
1791580454,38624,1
1791580469,38624,1
1791580484,39568,1
1791580499,39568,1
1791580514,39568,1
1791580529,39568,1
1791580544,39568,1
1791580559,39568,1
1791580574,39568,1
1791580589,39568,1
1791580604,39568,1
1791580619,39568,1
1791580634,39568,1
1791580649,39568,1
1791580664,39568,1
1791580679,39568,1
1791580694,39568,1
1791580709,39568,1
1791580724,39568,1
1791580739,39568,1
1791580754,39568,1
1791580769,39568,1
1791580784,39568,1
1791580799,39568,1
1791580814,39568,1
1791580829,39568,1
1791580844,39568,1
1791580859,39568,1
1791580874,39568,1
1791580889,39568,1
1791580904,39568,1
1791580919,39568,1
1791580934,39568,1
1791580949,39568,1
1791580964,39568,1
1791580979,39568,1
1791580994,39568,1
1791581009,39744,1
1791581024,39744,1
1791581039,39744,1
1791581054,39744,1
1791581069,39744,1
1791581084,39744,1
1791581100,39744,1
1791581115,39744,1
1791581130,39744,1
1791581145,39744,1
1791581160,39744,1
1791581175,39744,1
1791581190,39744,1
1791581205,39744,1
1791581220,39744,1
1791581235,39744,1
1791581250,39744,1
1791581265,39744,1
1791581280,39744,1
1791581295,39744,1
1791581310,39744,1
1791581325,39744,1
1791581340,39744,1
1791581355,39744,1
1791581370,39744,1
1791581385,39744,1
1791581400,39744,1
1791581415,39744,1
1791581430,39744,1
1791581445,39744,1
1791581460,39744,1
1791581475,39744,1
1791581490,39744,1
1791581505,39744,1
1791581520,39744,1
1791581535,39744,1
1791581550,39744,1
1791581565,39744,1
1791581580,39744,1
1791581595,39744,1
1791581610,39744,1
1791581625,39744,1
1791581640,39744,1
1791581655,39744,1
1791581670,39744,1
1791581685,39744,1
1791581700,39744,1
1791581715,39744,1
1791581730,39744,1
1791581745,39744,1
1791581760,39744,1
1791581775,39744,1
1791581790,39744,1
1791581805,39744,1
1791581820,39744,1
1791581836,39744,1
1791581851,39744,1
1791581866,39744,1
1791581881,39744,1
1791581896,39744,1
1791581911,39744,1
1791581926,39744,1
1791581941,39744,1
1791581956,39744,1
1791581971,39744,1
1791581986,39744,1
1791582001,39744,1
1791582016,39744,1
1791582031,39744,1
1791582046,39744,1
1791582061,39744,1
1791582076,39744,1
1791582091,39744,1
1791582106,39744,1
1791582121,39744,1
1791582136,39744,1
1791582151,39744,1
1791582166,39744,1
1791582181,39744,1
1791582196,39744,1
1791582211,39744,1
1791582226,39744,1
1791582241,39744,1
1791582256,39744,1
1791582271,39744,1
1791582286,39744,1
1791582301,39744,1
1791582316,39744,1
1791582331,39744,1
1791582346,39744,1
1791582361,39744,1
1791582376,39744,1
1791582391,39744,1
1791582406,39744,1
1791582421,39744,1
1791582436,39744,1
1791582451,39744,1
1791582466,39744,1
1791582481,39744,1
1791582496,39744,1
1791582511,39744,1
1791582526,39744,1
1791582541,39744,1
1791582557,39744,1
1791582572,39744,1
1791582587,39744,1
1791582602,39744,1
1791582617,39744,1
1791582632,39744,1
1791582647,39744,1
1791582662,39744,1
1791582677,39744,1
1791582692,39744,1
1791582707,39744,1
1791582722,39744,1
1791582737,39744,1
1791582757,39744,1
1791582772,39744,1
1791582787,39744,1
1791582802,39744,1
1791582817,39744,1
1791582832,39744,1
1791582847,39744,1
1791582862,39744,1
1791582877,39744,1
1791582892,39744,1
1791582907,39744,1
1791582922,39744,1
1791582937,39744,1
1791582952,39744,1
1791582967,39744,1
1791582982,39744,1
1791582997,39744,1
1791583012,39744,1
1791583027,39744,1
1791583042,39744,1
1791583057,39760,1
1791583072,39760,1
1791583088,39760,1
1791583103,39760,1
1791583118,39760,1
1791583133,39760,1
1791583148,39776,1
1791583163,39776,1
1791583178,39776,1
1791583193,39792,1
1791583208,39792,1
1791583223,39792,1
1791583238,40752,1
1791583253,40752,1
1791583268,40752,1
1791583283,40752,1
1791583298,40752,1
1791583313,40752,1
1791583328,40752,1
1791583343,40752,1
1791583358,40752,1
1791583373,40752,1
1791583388,40752,1
1791583403,40752,1
1791583418,40752,1
1791583433,40752,1
1791583448,40752,1
1791583463,40752,1
1791583478,40752,1
1791583493,40752,1
1791583508,40752,1
1791583523,40752,1
1791583538,40752,1
1791583553,40752,1
1791583568,40752,1
1791583583,40752,1
1791583598,40752,1
1791583613,40752,1
1791583628,40752,1
1791583643,40752,1
1791583658,40752,1
1791583673,40752,1
1791583688,40752,1
1791583703,40752,1
1791583718,40752,1
1791583733,40752,1
1791583748,40752,1
1791583763,40752,1
1791583778,40752,1
1791583793,40752,1
1791583808,40752,1
1791583824,40752,1
1791583839,40752,1
1791583854,40752,1
1791583869,40752,1
1791583884,40752,1
1791583899,40752,1
1791583914,40752,1
1791583929,40752,1
1791583944,40752,1
1791583959,40752,1
1791583974,40752,1
1791583989,40752,1
1791584004,40752,1
1791584019,40752,1
1791584034,40752,1
1791584049,40752,1
1791584064,40752,1
1791584079,40752,1
1791584094,40752,1
1791584109,40752,1
1791584124,40752,1
1791584139,40752,1
1791584154,40752,1
1791584169,40752,1
1791584184,40752,1
1791584199,40752,1
1791584214,40752,1
1791584229,40752,1
1791584244,40752,1
1791584259,40752,1
1791584274,40752,1
1791584289,40752,1
1791584304,40752,1
1791584319,40752,1
1791584334,40752,1
1791584349,40752,1
1791584364,40752,1
1791584379,40752,1
1791584394,40752,1
1791584409,40752,1
1791584424,40752,1
1791584439,40752,1
1791584454,40752,1
1791584469,40752,1
1791584484,40752,1
1791584499,40752,1
1791584514,40752,1
1791584529,40752,1
1791584544,40752,1
1791584560,40752,1
1791584575,40752,1
1791584590,40752,1
1791584605,40752,1
1791584620,40752,1
1791584635,40752,1
1791584650,40752,1
1791584665,40752,1
1791584680,40752,1
1791584695,40752,1
1791584710,40752,1
1791584725,40752,1
1791584740,40752,1
1791584755,40752,1
1791584770,40752,1
1791584785,40752,1
1791584800,40752,1
1791584815,40752,1
1791584830,40752,1
1791584845,40752,1
1791584860,40752,1
1791584875,40752,1
1791584890,40752,1
1791584905,40752,1
1791584920,40752,1
1791584935,40752,1
1791584950,40752,1
1791584965,40752,1
1791584980,40752,1
1791584995,40752,1
1791585010,40752,1
1791585025,40752,1
1791585040,40752,1
1791585055,40752,1
1791585070,40752,1
1791585085,40752,1
1791585100,40752,1
1791585115,40752,1
1791585130,40752,1
1791585145,40752,1
1791585160,40752,1
1791585175,40752,1
1791585190,40752,1
1791585205,40752,1
1791585220,40752,1
1791585235,40752,1
1791585250,40752,1
1791585266,40752,1
1791585281,40752,1
1791585296,40752,1
1791585311,40752,1
1791585326,40752,1
1791585341,40752,1
1791585356,40752,1
1791585371,40752,1
1791585386,40752,1
1791585401,40752,1
1791585416,40752,1
1791585431,40752,1
1791585446,40752,1
1791585461,40752,1
1791585476,40752,1
1791585491,40752,1
1791585506,40752,1
1791585521,40752,1
1791585536,40752,1
1791585551,40752,1
1791585566,40752,1
1791585581,40752,1
1791585596,40752,1
1791585611,40752,1
1791585626,40752,1
1791585641,40752,1
1791585656,40752,1
1791585671,40752,1
1791585686,40752,1
1791585701,40752,1
1791585716,40752,1
1791585731,40752,1
1791585746,40752,1
1791585761,40752,1
1791585776,40752,1
1791585791,40752,1
1791585806,40752,1
1791585821,40752,1
1791585836,40752,1
1791585851,40752,1
1791585866,40752,1
1791585881,40752,1
1791585896,40752,1
1791585911,40768,1
1791585926,40768,1
1791585941,40776,1
1791585956,40784,1
1791585971,39776,1
1791585987,40752,1
1791586002,39748,1
1791586017,39752,1
1791586032,40784,1
1791586047,40784,1
1791586062,40784,1
1791586077,40788,1
1791586092,41760,1
1791586107,41760,1
1791586122,41760,1
1791586137,41760,1
1791586152,41760,1
1791586167,41760,1
1791586182,41760,1
1791586197,41760,1
1791586212,41760,1
1791586227,41760,1
1791586242,41760,1
1791586257,41760,1
1791586272,41760,1
1791586287,41760,1
1791586302,41760,1
1791586317,41760,1
1791586332,41760,1
1791586347,41760,1
1791586362,41760,1
1791586377,41760,1
1791586392,41760,1
1791586407,41760,1
1791586422,41760,1
1791586437,41760,1
1791586452,41760,1
1791586467,41760,1
1791586482,41760,1
1791586497,41760,1
1791586512,41760,1
1791586527,41760,1
1791586542,41760,1
1791586557,41760,1
1791586572,41760,1
1791586587,41760,1
1791586602,41760,1
1791586617,41760,1
1791586632,41760,1
1791586647,41760,1
1791586662,41760,1
1791586677,41760,1
1791586692,41760,1
1791586707,41760,1
1791586723,41760,1
1791586738,41760,1
1791586753,41760,1
1791586768,41760,1
1791586783,41760,1
1791586798,41760,1
1791586813,41760,1
1791586828,41760,1
1791586843,41760,1
1791586858,41760,1
1791586873,41760,1
1791586888,41760,1
1791586903,41760,1
1791586918,41760,1
1791586933,41760,1
1791586948,41760,1
1791586963,41760,1
1791586978,41760,1
1791586993,41760,1
1791587008,41760,1
1791587023,41760,1
1791587038,41760,1
1791587053,41760,1
1791587068,41760,1
1791587083,41760,1
1791587098,41760,1
1791587113,41760,1
1791587128,41760,1
1791587143,41760,1
1791587158,41760,1
1791587173,41760,1
1791587188,41760,1
1791587203,41760,1
1791587218,41760,1
1791587233,41760,1
1791587248,41760,1
1791587263,41760,1
1791587278,41760,1
1791587293,41760,1
1791587308,41760,1
1791587323,41760,1
1791587338,41760,1
1791587353,41760,1
1791587368,41760,1
1791587383,41760,1
1791587398,41760,1
1791587413,41760,1
1791587428,41760,1
1791587443,41760,1
1791587459,41760,1
1791587474,41760,1
1791587489,41760,1
1791587504,41760,1
1791587519,41760,1
1791587534,41760,1
1791587549,41760,1
1791587564,41760,1
1791587579,41760,1
1791587594,41760,1
1791587609,41760,1
1791587624,41760,1
1791587639,41760,1
1791587654,41760,1
1791587669,41760,1
1791587684,41760,1
1791587699,41760,1
1791587714,41760,1
1791587729,41760,1
1791587744,41760,1
1791587759,41760,1
1791587774,41760,1
1791587789,41760,1
1791587804,41760,1
1791587819,41760,1
1791587834,41760,1
1791587849,41760,1
1791587864,41760,1
1791587879,41760,1
1791587894,41760,1
1791587909,41760,1
1791587924,41760,1
1791587939,41760,1
1791587954,41760,1
1791587969,41760,1
1791587984,41760,1
1791587999,41760,1
1791588014,41760,1
1791588029,41760,1
1791588044,41760,1
1791588059,41760,1
1791588074,41760,1
1791588089,41760,1
1791588104,41760,1
1791588119,41760,1
1791588134,41760,1
1791588149,41760,1
1791588164,41760,1
1791588180,41760,1
1791588195,41760,1
1791588210,41760,1
1791588225,41760,1
1791588240,41760,1
1791588255,41760,1
1791588270,41760,1
1791588285,41760,1
1791588300,41760,1
1791588315,41760,1
1791588330,41760,1
1791588345,41760,1
1791588360,41760,1
1791588375,41760,1
1791588390,41760,1
1791588405,41760,1
1791588420,41760,1
1791588435,41764,1
1791588450,41764,1
1791588465,41764,1
1791588480,41764,1
1791588495,41764,1
1791588510,41764,1
1791588525,41764,1
1791588540,41764,1
1791588555,41764,1
1791588570,41764,1
1791588585,41764,1
1791588600,41764,1
1791588615,41764,1
1791588630,41764,1
1791588645,41764,1
1791588660,41764,1
1791588675,41764,1
1791588690,41764,1
1791588705,41764,1
1791588720,41764,1
1791588735,41764,1
1791588750,41764,1
1791588765,41764,1
1791588780,41764,1
1791588795,41768,1
1791588810,41768,1
1791588825,41780,1
1791588840,41780,1
1791588855,41780,1
1791588870,41780,1
1791588885,41780,1
1791588901,41796,1
1791588916,42772,1
1791588931,42772,1
1791588946,42772,1
1791588961,42772,1
1791588976,42772,1
1791588991,42772,1
1791589006,42772,1
1791589021,42772,1
1791589036,42772,1
1791589051,42772,1
1791589066,42772,1
1791589081,42772,1
1791589096,42772,1
1791589111,42772,1
1791589126,42772,1
1791589141,42772,1
1791589156,42772,1
1791589171,42772,1
1791589186,42772,1
1791589201,42772,1
1791589216,42772,1
1791589231,42772,1
1791589246,42772,1
1791589261,42772,1
1791589276,42772,1
1791589291,42772,1
1791589306,42772,1
1791589321,42784,1
1791589336,42784,1
1791589351,42784,1
1791589366,42784,1
1791589381,42784,1
1791589396,42784,1
1791589411,42784,1
1791589426,42784,1
1791589441,42784,1
1791589456,42784,1
1791589471,42784,1
1791589486,42784,1
1791589501,42784,1
1791589516,42784,1
1791589531,42784,1
1791589546,42784,1
1791589561,42784,1
1791589576,42784,1
1791589591,42784,1
1791589606,42784,1
1791589622,42784,1
1791589637,42784,1
1791589652,42784,1
1791589667,42784,1
1791589682,42784,1
1791589697,42784,1
1791589712,42784,1
1791589727,42784,1
1791589742,42784,1
1791589757,42784,1
1791589772,42784,1
1791589787,42784,1
1791589802,42784,1
1791589817,42784,1
1791589832,42784,1
1791589847,42784,1
1791589862,42784,1
1791589877,42784,1
1791589892,42784,1
1791589907,42784,1
1791589922,42784,1
1791589937,42784,1
1791589952,42784,1
1791589967,42784,1
1791589982,42784,1
1791589997,42784,1
1791590012,42784,1
1791590027,42784,1
1791590042,42784,1
1791590057,42784,1
1791590072,42784,1
1791590087,42784,1
1791590102,42784,1
1791590117,42784,1
1791590132,42784,1
1791590147,42784,1
1791590162,42784,1
1791590177,42784,1
1791590192,42784,1
1791590207,42796,1
1791590222,42796,1
1791590237,42796,1
1791590252,42796,1
1791590267,42796,1
1791590282,42796,1
1791590297,42796,1
1791590312,42796,1
1791590327,42796,1
1791590343,42796,1
1791590358,42796,1
1791590373,42796,1
1791590388,42796,1
1791590403,42796,1
1791590418,42796,1
1791590433,42796,1
1791590448,42796,1
1791590463,42796,1
1791590478,42796,1
1791590493,42796,1
1791590508,42796,1
1791590523,42796,1
1791590538,42796,1
1791590553,42796,1
1791590568,42796,1
1791590583,42796,1
1791590598,42796,1
1791590613,42796,1
1791590628,42796,1
1791590643,42796,1
1791590658,42796,1
1791590673,42796,1
1791590688,42796,1
1791590703,42796,1
1791590718,42796,1
1791590733,42796,1
1791590748,42796,1
1791590763,42796,1
1791590778,42796,1
1791590793,42796,1
1791590808,42796,1
1791590823,42796,1
1791590838,42796,1
1791590853,42796,1
1791590868,42796,1
1791590883,42796,1
1791590898,42796,1
1791590913,42796,1
1791590928,42796,1
1791590943,42796,1
1791590958,42796,1
1791590973,42796,1
1791590988,42796,1
1791591003,42796,1
1791591018,42796,1
1791591033,42796,1
1791591048,42796,1
1791591064,42796,1
1791591079,42796,1
1791591094,42796,1
1791591109,42824,1
1791591124,42832,1
1791591139,42832,1
1791591154,42832,1
1791591169,42832,1
1791591184,42832,1
1791591199,42832,1
1791591214,42832,1
1791591229,42832,1
1791591244,42832,1
1791591259,42832,1
1791591274,42832,1
1791591289,42832,1
1791591304,42832,1
1791591319,42832,1
1791591334,42832,1
1791591349,42832,1
1791591364,42832,1
1791591379,42832,1
1791591394,42832,1
1791591409,42832,1
1791591424,42832,1
1791591439,42832,1
1791591454,42832,1
1791591469,42832,1
1791591484,42832,1
1791591499,42832,1
1791591514,42832,1
1791591529,42832,1
1791591544,42832,1
1791591559,42832,1
1791591574,42832,1
1791591589,42832,1
1791591604,42836,1
1791591619,42836,1
1791591634,42836,1
1791591649,42836,1
1791591664,42836,1
1791591679,42880,1
1791591694,42880,1
1791591709,43828,1
1791591724,43840,1
1791591739,43840,1
1791591754,43840,1
1791591769,43840,1
1791591785,43840,1
1791591800,43840,1
1791591815,43840,1
1791591830,43840,1
1791591845,43840,1
1791591860,43840,1
1791591875,43840,1
1791591890,43840,1
1791591905,43840,1
1791591920,43840,1
1791591935,43840,1
1791591950,43840,1
1791591965,43840,1
1791591980,43840,1
1791591995,43840,1
1791592010,43840,1
1791592025,43840,1
1791592040,43840,1
1791592055,43840,1
1791592070,43840,1
1791592085,43840,1
1791592100,43840,1
1791592115,43840,1
1791592130,43840,1
1791592145,43840,1
1791592160,43840,1
1791592175,43840,1
1791592190,43840,1
1791592205,43840,1
1791592220,43840,1
1791592235,43840,1
1791592250,43840,1
1791592265,43840,1
1791592280,43840,1
1791592295,43840,1
1791592310,43840,1
1791592325,43840,1
1791592340,43840,1
1791592355,43840,1
1791592370,43840,1
1791592385,43840,1
1791592400,43840,1
1791592415,43840,1
1791592430,43840,1
1791592445,43840,1
1791592460,43840,1
1791592475,43840,1
1791592490,43840,1
1791592506,43840,1
1791592521,43840,1
1791592536,43840,1
1791592551,43840,1
1791592566,43840,1
1791592581,43840,1
1791592596,43840,1
1791592611,43840,1
1791592626,43840,1
1791592641,43840,1
1791592656,43840,1
1791592671,43840,1
1791592686,43840,1
1791592701,43840,1
1791592716,43840,1
1791592731,43840,1
1791592746,43840,1
1791592761,43840,1
1791592776,43840,1
1791592791,43840,1
1791592806,43840,1
1791592821,43840,1
1791592836,43840,1
1791592851,43840,1
1791592866,43840,1
1791592881,43840,1
1791592896,43840,1
1791592911,43852,1
1791592926,43864,1
1791592941,43864,1
1791592956,43864,1
1791592971,43864,1
1791592986,43864,1
1791593001,43864,1
1791593016,43864,1
1791593031,43864,1
1791593046,43864,1
1791593061,43864,1
1791593076,43864,1
1791593091,43864,1
1791593106,43864,1
1791593121,43864,1
1791593136,43864,1
1791593151,43864,1
1791593166,43864,1
1791593181,43864,1
1791593196,43864,1
1791593211,43864,1
1791593227,43864,1
1791593242,43864,1
1791593257,43864,1
1791593272,43864,1
1791593287,43864,1
1791593302,43864,1
1791593317,43864,1
1791593332,43864,1
1791593347,43864,1
1791593362,43864,1
1791593377,43864,1
1791593392,43864,1
1791593407,43864,1
1791593422,43864,1
1791593437,43864,1
1791593452,43864,1
1791593467,43864,1
1791593482,43864,1
1791593497,43864,1
1791593512,43864,1
1791593527,43864,1
1791593542,43864,1
1791593557,43864,1
1791593572,43864,1
1791593587,43864,1
1791593602,43864,1
1791593617,43864,1
1791593632,43864,1
1791593647,43864,1
1791593662,43864,1
1791593677,43864,1
1791593692,43864,1
1791593707,43864,1
1791593722,43864,1
1791593737,43864,1
1791593752,43864,1
1791593767,43864,1
1791593782,43864,1
1791593797,43864,1
1791593812,43864,1
1791593827,43872,1
1791593842,43872,1
1791593857,43872,1
1791593872,43872,1
1791593887,43872,1
1791593902,43872,1
1791593917,43872,1
1791593932,43872,1
1791593948,43872,1
1791593963,43872,1
1791593978,43872,1
1791593993,43872,1
1791594008,43872,1
1791594023,43872,1
1791594038,43872,1
1791594053,43872,1
1791594068,43872,1
1791594083,43872,1
1791594098,43872,1
1791594113,43872,1
1791594128,43872,1
1791594143,43872,1
1791594158,43872,1
1791594173,43872,1
1791594188,43872,1
1791594203,43872,1
1791594218,43872,1
1791594233,43872,1
1791594248,43872,1
1791594263,43872,1
1791594278,43872,1
1791594293,43872,1
1791594308,43872,1
1791594323,43872,1
1791594338,43872,1
1791594353,43872,1
1791594368,43872,1
1791594383,43872,1
1791594398,43872,1
1791594413,43872,1
1791594428,43872,1
1791594443,43872,1
1791594458,43872,1
1791594473,43876,1
1791594488,43892,1
1791594503,43920,1
1791594518,43920,1
1791594533,43920,1
1791594548,43920,1
1791594563,43924,1
1791594578,44880,1
1791594593,44880,1
1791594608,44880,1
1791594623,44880,1
1791594638,44880,1
1791594653,44880,1
1791594668,44880,1
1791594684,44900,1
1791594699,44900,1
1791594714,44900,1
1791594729,44900,1
1791594744,44900,1
1791594759,44900,1
1791594774,44900,1
1791594789,44900,1
1791594804,44900,1
1791594819,44900,1
1791594834,44900,1
1791594849,44900,1
1791594864,44900,1
1791594879,44900,1
1791594894,44900,1
1791594909,44900,1
1791594924,44900,1
1791594939,44900,1
1791594954,44900,1
1791594969,44900,1
1791594984,44900,1
1791594999,44900,1
1791595014,44900,1
1791595029,44900,1
1791595044,44900,1
1791595059,44900,1
1791595074,44900,1
1791595089,44900,1
1791595104,44900,1
1791595119,44900,1
1791595134,44900,1
1791595149,44900,1
1791595164,44900,1
1791595179,44900,1
1791595194,44900,1
1791595209,44900,1
1791595224,44900,1
1791595239,44900,1
1791595254,44900,1
1791595269,44900,1
1791595284,44900,1
1791595299,44900,1
1791595314,44900,1
1791595329,44900,1
1791595344,44900,1
1791595359,44900,1
1791595374,44900,1
1791595389,44900,1
1791595405,44900,1
1791595420,44900,1
1791595435,44900,1
1791595450,44900,1
1791595465,44900,1
1791595480,44900,1
1791595495,44900,1
1791595510,44900,1
1791595525,44900,1
1791595540,44900,1
1791595555,44900,1
1791595570,44900,1
1791595585,44900,1
1791595600,44900,1
1791595615,44900,1
1791595630,44900,1
1791595645,44900,1
1791595660,44900,1
1791595675,44900,1
1791595690,44900,1
1791595705,44900,1
1791595720,44900,1
1791595735,44900,1
1791595750,44900,1
1791595765,44900,1
1791595780,44900,1
1791595795,44900,1
1791595810,44900,1
1791595825,44900,1
1791595840,44900,1
1791595855,44900,1
1791595870,44900,1
1791595885,44900,1
1791595900,44900,1
1791595915,44900,1
1791595930,44900,1
1791595945,44900,1
1791595960,44900,1
1791595975,44900,1
1791595990,44900,1
1791596005,44900,1
1791596020,44900,1
1791596035,44900,1
1791596050,44900,1
1791596065,44900,1
1791596080,44900,1
1791596095,44900,1
1791596110,44900,1
1791596126,44900,1
1791596141,44900,1
1791596156,44900,1
1791596171,44900,1
1791596186,44900,1
1791596201,44900,1
1791596216,44900,1
1791596231,44900,1
1791596246,44900,1
1791596261,44900,1
1791596276,44900,1
1791596291,44900,1
1791596306,44900,1
1791596321,44900,1
1791596336,44900,1
1791596351,44900,1
1791596366,44900,1
1791596381,44900,1
1791596396,44900,1
1791596411,44900,1
1791596426,44900,1
1791596441,44900,1
1791596456,44900,1
1791596471,44900,1
1791596486,44900,1
1791596501,44900,1
1791596516,44900,1
1791596531,44956,1
1791596546,44956,1
1791596561,44956,1
1791596576,44956,1
1791596591,44956,1
1791596606,44956,1
1791596621,44956,1
1791596636,44956,1
1791596651,44956,1
1791596666,44956,1
1791596681,44956,1
1791596696,44956,1
1791596711,44956,1
1791596726,44956,1
1791596741,44956,1
1791596756,44956,1
1791596771,44956,1
1791596786,44956,1
1791596801,44956,1
1791596816,44956,1
1791596831,44956,1
1791596847,44956,1
1791596862,44956,1
1791596877,44956,1
1791596892,44956,1
1791596907,44956,1
1791596922,44956,1
1791596937,44956,1
1791596952,44956,1
1791596967,44956,1
1791596982,44956,1
1791596997,44956,1
1791597012,44956,1
1791597027,44956,1
1791597042,44956,1
1791597057,44956,1
1791597072,44956,1
1791597087,44956,1
1791597102,44956,1
1791597117,44956,1
1791597132,44956,1
1791597147,44956,1
1791597162,44956,1
1791597177,44956,1
1791597192,44956,1
1791597207,44960,1
1791597222,44960,1
1791597237,44964,1
1791597252,44964,1
1791597267,44984,1
1791597282,44984,1
1791597297,44984,1
1791597312,44984,1
1791597327,44992,1
1791597342,44992,1
1791597357,45004,1
1791597372,45004,1
1791597387,45012,1
1791597402,45964,1
1791597417,45964,1
1791597432,45976,1
1791597447,45980,1
1791597462,45980,1
1791597477,45980,1
1791597492,45980,1
1791597507,45980,1
1791597522,45980,1
1791597537,45980,1
1791597552,45980,1
1791597568,45980,1
1791597583,45980,1
1791597598,45980,1
1791597613,45980,1
1791597628,45980,1
1791597643,45980,1
1791597658,45980,1
1791597673,45980,1
1791597688,45980,1
1791597703,45980,1
1791597718,45980,1
1791597733,45980,1
1791597748,45980,1
1791597763,45980,1
1791597778,45980,1
1791597793,45980,1
1791597808,45980,1
1791597823,45980,1
1791597838,45980,1
1791597853,45980,1
1791597868,45980,1
1791597883,45980,1
1791597898,45980,1
1791597913,45980,1
1791597928,45980,1
1791597943,45980,1
1791597958,45980,1
1791597973,45980,1
1791597988,45980,1
1791598003,45980,1
1791598018,45980,1
1791598033,45980,1
1791598048,45980,1
1791598063,45980,1
1791598078,45980,1
1791598093,45980,1
1791598108,45980,1
1791598123,45980,1
1791598138,45980,1
1791598153,45980,1
1791598168,45980,1
1791598183,45980,1
1791598198,45980,1
1791598213,45980,1
1791598228,45980,1
1791598243,45980,1
1791598258,45980,1
1791598273,45980,1
1791598288,45996,1
1791598304,45996,1
1791598319,45996,1
1791598334,45996,1
1791598349,45324,1
1791598364,45752,1
1791598379,45752,1
1791598394,45752,1
1791598409,45752,1
1791598424,45968,1
1791598439,45968,1
1791598454,45968,1
1791598469,45968,1
1791598484,45968,1
1791598499,45968,1
1791598514,45968,1
1791598529,45968,1
1791598544,45968,1
1791598559,45968,1
1791598574,45968,1
1791598589,45968,1
1791598604,45968,1
1791598619,45968,1
1791598634,45968,1
1791598649,45968,1
1791598664,45968,1
1791598679,45968,1
1791598694,45968,1
1791598709,45968,1
1791598724,45968,1
1791598739,45968,1
1791598754,45968,1
1791598769,45968,1
1791598784,45968,1
1791598799,45968,1
1791598814,45968,1
1791598829,45968,1
1791598844,45968,1
1791598859,45968,1
1791598874,45968,1
1791598889,45968,1
1791598904,45968,1
1791598919,45968,1
1791598934,45968,1
1791598949,45968,1
1791598964,45968,1
1791598979,45968,1
1791598994,45968,1
1791599010,45968,1
1791599025,45968,1
1791599040,45968,1
1791599055,45968,1
1791599070,45968,1
1791599085,45968,1
1791599100,45968,1
1791599115,45968,1
1791599130,45968,1
1791599145,45968,1
1791599160,45968,1
1791599175,45968,1
1791599190,45968,1
1791599205,46024,1
1791599220,46024,1
1791599235,46024,1
1791599250,46024,1
1791599265,46024,1
1791599280,46024,1
1791599295,46024,1
1791599310,46024,1
1791599325,46024,1
1791599340,46024,1
1791599355,46024,1
1791599370,46024,1
1791599385,46024,1
1791599400,46024,1
1791599415,46024,1
1791599430,46024,1
1791599445,46024,1
1791599460,46024,1
1791599475,46024,1
1791599490,46024,1
1791599505,46024,1
1791599520,46024,1
1791599535,46024,1
1791599550,46024,1
1791599565,46024,1
1791599580,46024,1
1791599595,46024,1
1791599610,46024,1
1791599625,46024,1
1791599640,46024,1
1791599655,46024,1
1791599671,46024,1
1791599686,46024,1
1791599701,46024,1
1791599716,46024,1
1791599731,46024,1
1791599746,46024,1
1791599761,46024,1
1791599776,46024,1
1791599791,46024,1
1791599806,46024,1
1791599821,46024,1
1791599836,46024,1
1791599851,46024,1
1791599866,46024,1
1791599881,46024,1
1791599896,46024,1
1791599911,46024,1
1791599926,46156,1
1791599941,46156,1
1791599956,46156,1
1791599971,46156,1
1791599986,46156,1
1791600001,46156,1
1791600016,46156,1
1791600031,46156,1
1791600046,46160,1
1791600061,46160,1
1791600076,46160,1
1791600091,46176,1
1791600106,46232,1
1791600121,46244,1
1791600136,47204,1
1791600151,47204,1
1791600166,47228,1
1791600181,47228,1
1791600196,47228,1
1791600211,47228,1
1791600226,47228,1
1791600241,47228,1
1791600256,47228,1
1791600271,47228,1
1791600286,47232,1
1791600301,47232,1
1791600316,47232,1
1791600331,47232,1
1791600346,47232,1
1791600361,47232,1
1791600376,47232,1
1791600392,47232,1
1791600407,47232,1
1791600422,47232,1
1791600437,47232,1
1791600452,47232,1
1791600467,47232,1
1791600482,47232,1
1791600497,47232,1
1791600512,47232,1
1791600527,47232,1
1791600542,47232,1
1791600557,47232,1
1791600572,47232,1
1791600587,47232,1
1791600602,47232,1
1791600617,47232,1
1791600632,47232,1
1791600647,47232,1
1791600662,47232,1
1791600677,47232,1
1791600692,47232,1
1791600707,47232,1
1791600722,47232,1
1791600737,47232,1
1791600752,47232,1
1791600767,47232,1
1791600782,47232,1
1791600797,47232,1
1791600812,47232,1
1791600827,47232,1
1791600842,47232,1
1791600857,47232,1
1791600872,47232,1
1791600887,47232,1
1791600902,47232,1
1791600917,47232,1
1791600932,47232,1
1791600947,47232,1
1791600962,47232,1
1791600977,47232,1
1791600992,47232,1
1791601007,47232,1
1791601022,47232,1
1791601037,47232,1
1791601052,47232,1
1791601067,47232,1
1791601082,47232,1
1791601097,47232,1
1791601112,47232,1
1791601128,47232,1
1791601143,47232,1
1791601158,47232,1
1791601173,47232,1
1791601188,47232,1
1791601203,47232,1
1791601218,47232,1
1791601233,47232,1
1791601248,47232,1
1791601263,47232,1
1791601278,47232,1
1791601293,47232,1
1791601308,47232,1
1791601323,47232,1
1791601338,47232,1
1791601353,47232,1
1791601368,47232,1
1791601383,47232,1
1791601398,47232,1
1791601413,47232,1
1791601428,47232,1
1791601443,47232,1
1791601458,47232,1
1791601473,47232,1
1791601488,47232,1
1791601503,47232,1
1791601518,47232,1
1791601533,47232,1
1791601548,47232,1
1791601563,47232,1
1791601578,47232,1
1791601593,47232,1
1791601608,47232,1
1791601623,47232,1
1791601638,47232,1
1791601653,47232,1
1791601668,47232,1
1791601683,47232,1
1791601698,47232,1
1791601713,47232,1
1791601728,47232,1
1791601743,47232,1
1791601758,47232,1
1791601773,47232,1
1791601788,47232,1
1791601803,47232,1
1791601818,47232,1
1791601833,47232,1
1791601849,47232,1
1791601864,47232,1
1791601879,47232,1
1791601894,47232,1
1791601909,47232,1
1791601924,47232,1
1791601939,47232,1
1791601954,47232,1
1791601969,47232,1
1791601984,47232,1
1791601999,47232,1
1791602014,47232,1
1791602029,47232,1
1791602044,47232,1
1791602059,47232,1
1791602074,47232,1
1791602089,47232,1
1791602104,47232,1
1791602119,47232,1
1791602134,47232,1
1791602149,47232,1
1791602164,47232,1
1791602179,47232,1
1791602194,47232,1
1791602209,47232,1
1791602224,47232,1
1791602239,47232,1
1791602254,47232,1
1791602269,47232,1
1791602284,47232,1
1791602299,47232,1
1791602314,47232,1
1791602329,47232,1
1791602344,47232,1
1791602359,47232,1
1791602374,47232,1
1791602389,47232,1
1791602404,47232,1
1791602419,47232,1
1791602434,47232,1
1791602449,47232,1
1791602464,47232,1
1791602479,47232,1
1791602494,47232,1
1791602509,47232,1
1791602524,47232,1
1791602539,47232,1
1791602554,47232,1
1791602569,47232,1
1791602585,47232,1
1791602600,47232,1
1791602615,47232,1
1791602630,47232,1
1791602645,47232,1
1791602660,47232,1
1791602675,47232,1
1791602690,47232,1
1791602705,47232,1
1791602720,47232,1
1791602735,47232,1
1791602750,47232,1
1791602765,47232,1
1791602780,47232,1
1791602795,47232,1
1791602810,47236,1
1791602825,47236,1
1791602840,47248,1
1791602855,47248,1
1791602870,47248,1
1791602885,47248,1
1791602900,47248,1
1791602915,47248,1
1791602930,47252,1
1791602945,47264,1
1791602960,47264,1
1791602975,47264,1
1791602990,47264,1
1791603005,48240,1
1791603020,48240,1
1791603035,48240,1
1791603050,48240,1
1791603065,48240,1
1791603080,48240,1
1791603095,48240,1
1791603110,48240,1
1791603125,48240,1
1791603140,48240,1
1791603155,48240,1
1791603170,48240,1
1791603185,48240,1
1791603200,48240,1
1791603215,48240,1
1791603230,48240,1
1791603245,48240,1
1791603260,48240,1
1791603275,48240,1
1791603290,48240,1
1791603305,48240,1
1791603321,48240,1
1791603336,48240,1
1791603351,48240,1
1791603366,48240,1
1791603381,48240,1
1791603396,48240,1
1791603411,48240,1
1791603426,48240,1
1791603441,48240,1
1791603456,48240,1
1791603471,48240,1
1791603486,48240,1
1791603501,48240,1
1791603516,48240,1
1791603531,48240,1
1791603546,48240,1
1791603561,48240,1
1791603576,48240,1
1791603591,48240,1
1791603606,48240,1
1791603621,48240,1
1791603636,48240,1
1791603651,48240,1
1791603666,48240,1
1791603681,48240,1
1791603696,48240,1
1791603711,48240,1
1791603726,48240,1
1791603741,48240,1
1791603756,48240,1
1791603771,48240,1
1791603786,48240,1
1791603801,48240,1
1791603816,48240,1
1791603831,48240,1
1791603846,48240,1
1791603861,48240,1
1791603876,48240,1
1791603891,48240,1
1791603906,48240,1
1791603921,48240,1
1791603936,48240,1
1791603951,48240,1
1791603966,48240,1
1791603981,48240,1
1791603996,48240,1
1791604011,48240,1
1791604026,48240,1
1791604042,48240,1
1791604057,48240,1
1791604072,48240,1
1791604087,48240,1
1791604102,48240,1
1791604117,48240,1
1791604132,48240,1
1791604147,48240,1
1791604162,48240,1
1791604177,48240,1
1791604192,48240,1
1791604207,48240,1
1791604222,48240,1
1791604237,48240,1
1791604252,48240,1
1791604267,48240,1
1791604282,48240,1
1791604297,48240,1
1791604312,48240,1
1791604327,48240,1
1791604342,48240,1
1791604357,48240,1
1791604372,48240,1
1791604387,48240,1
1791604402,48240,1
1791604417,48240,1
1791604432,48240,1
1791604447,48240,1
1791604462,48240,1
1791604477,48240,1
1791604492,48240,1
1791604507,48240,1
1791604522,48240,1
1791604537,48240,1
1791604552,48240,1
1791604567,48240,1
1791604582,48240,1
1791604597,48240,1
1791604612,48240,1
1791604627,48240,1
1791604642,48240,1
1791604657,48240,1
1791604672,48240,1
1791604687,48240,1
1791604702,48240,1
1791604717,48240,1
1791604732,48240,1
1791604747,48240,1
1791604762,48240,1
1791604778,48240,1
1791604793,48240,1
1791604808,48240,1
1791604823,48240,1
1791604838,48240,1
1791604853,48240,1
1791604868,48240,1
1791604883,48240,1
1791604898,48240,1
1791604913,48240,1
1791604928,48240,1
1791604943,48240,1
1791604958,48240,1
1791604973,48240,1
1791604988,48240,1
1791605003,48240,1
1791605018,48240,1
1791605033,48240,1
1791605048,48240,1
1791605063,48240,1
1791605078,48240,1
1791605093,48240,1
1791605108,48240,1
1791605123,48240,1
1791605138,48240,1
1791605153,48240,1
1791605168,48240,1
1791605183,48240,1
1791605198,48240,1
1791605213,48240,1
1791605228,48240,1
1791605243,48240,1
1791605258,48240,1
1791605273,48240,1
1791605288,48240,1
1791605303,48240,1
1791605318,48240,1
1791605333,48240,1
1791605348,48240,1
1791605363,48240,1
1791605378,48240,1
1791605393,48240,1
1791605408,48240,1
1791605423,48240,1
1791605438,48240,1
1791605453,48240,1
1791605468,48240,1
1791605483,48240,1
1791605499,48240,1
1791605514,48240,1
1791605529,48240,1
1791605544,48240,1
1791605559,48240,1
1791605574,48240,1
1791605589,48240,1
1791605604,48240,1
1791605619,48240,1
1791605634,48244,1
1791605649,48244,1
1791605664,48244,1
1791605679,48244,1
1791605694,48244,1
1791605709,48244,1
1791605724,48244,1
1791605739,48244,1
1791605754,48244,1
1791605769,48256,1
1791605784,48256,1
1791605799,48264,1
1791605814,48264,1
1791605829,48288,1
1791605844,48288,1
1791605859,48288,1
1791605874,48288,1
1791605889,49248,1
1791605904,49248,1
1791605919,49248,1
1791605934,49248,1
1791605949,49248,1
1791605964,49248,1
1791605979,49248,1
1791605994,49248,1
1791606009,49248,1
1791606024,49248,1
1791606039,49248,1
1791606054,49248,1
1791606069,49248,1
1791606084,49248,1
1791606099,49248,1
1791606114,49248,1
1791606129,49248,1
1791606144,49248,1
1791606159,49248,1
1791606174,49248,1
1791606189,49248,1
1791606204,49248,1
1791606220,49248,1
1791606235,49248,1
1791606250,49248,1
1791606265,49248,1
1791606280,49248,1
1791606295,49248,1
1791606310,49248,1
1791606325,49248,1
1791606340,49248,1
1791606355,49248,1
1791606370,49248,1
1791606385,49248,1
1791606400,49248,1
1791606415,49248,1
1791606430,49248,1
1791606445,49248,1
1791606460,49248,1
1791606475,49248,1
1791606490,49248,1
1791606505,49248,1
1791606520,49248,1
1791606535,49248,1
1791606550,49248,1
1791606565,49248,1
1791606580,49248,1
1791606595,49248,1
1791606610,49248,1
1791606625,49248,1
1791606640,49248,1
1791606655,49248,1
1791606670,49248,1
1791606685,49248,1
1791606700,49248,1
1791606715,49248,1
1791606730,49248,1
1791606745,49248,1
1791606760,49248,1
1791606775,49248,1
1791606790,49248,1
1791606805,48616,1
1791606820,49248,1
1791606835,49248,1
1791606850,49248,1
1791606865,49248,1
1791606880,49248,1
1791606895,49248,1
1791606910,49248,1
1791606925,49248,1
1791606940,49248,1
1791606956,49248,1
1791606971,49248,1
1791606986,48240,1
1791607001,49248,1
1791607016,49248,1
1791607031,49248,1
1791607046,49248,1
1791607061,49248,1
1791607076,49248,1
1791607091,49248,1
1791607106,49248,1
1791607121,49248,1
1791607136,49248,1
1791607151,49248,1
1791607166,49248,1
1791607181,49248,1
1791607196,49248,1
1791607211,49248,1
1791607226,49248,1
1791607241,49248,1
1791607256,49248,1
1791607271,49248,1
1791607286,49248,1
1791607301,49248,1
1791607316,49248,1
1791607331,49248,1
1791607346,49264,1
1791607361,49264,1
1791607376,49264,1
1791607391,49264,1
1791607406,49264,1
1791607421,49264,1
1791607436,49264,1
1791607451,49264,1
1791607466,49264,1
1791607481,49264,1
1791607496,49264,1
1791607511,49264,1
1791607526,49264,1
1791607541,49264,1
1791607556,49264,1
1791607571,49264,1
1791607586,49264,1
1791607601,49264,1
1791607616,49264,1
1791607631,49264,1
1791607646,49264,1
1791607661,48256,1
1791607677,49264,1
1791607692,49264,1
1791607707,49264,1
1791607722,49264,1
1791607737,49264,1
1791607752,49264,1
1791607767,49264,1
1791607782,49264,1
1791607797,49264,1
1791607812,48256,1
1791607827,49264,1
1791607842,49264,1
1791607857,49264,1
1791607872,49264,1
1791607887,49264,1
1791607902,49264,1
1791607917,49264,1
1791607932,49264,1
1791607947,49264,1
1791607962,49264,1
1791607977,49264,1
1791607992,49264,1
1791608007,49264,1
1791608022,49264,1
1791608037,49264,1
1791608052,49264,1
1791608067,49264,1
1791608082,49264,1
1791608097,49264,1
1791608112,49264,1
1791608127,49264,1
1791608142,49264,1
1791608157,49264,1
1791608172,49264,1
1791608187,49264,1
1791608202,49264,1
1791608217,49264,1
1791608232,48256,1
1791608247,49264,1
1791608262,49268,1
1791608277,49268,1
1791608292,49268,1
1791608307,49268,1
1791608322,49268,1
1791608337,49268,1
1791608352,49268,1
1791608367,49268,1
1791608382,49268,1
1791608397,49268,1
1791608413,49268,1
1791608428,49268,1
1791608443,49268,1
1791608458,49268,1
1791608473,49268,1
1791608488,49268,1
1791608503,49268,1
1791608518,49268,1
1791608533,49268,1
1791608548,49268,1
1791608563,49268,1
1791608578,49284,1
1791608593,49284,1
1791608608,49284,1
1791608623,49284,1
1791608638,49284,1
1791608653,49284,1
1791608668,49300,1
1791608683,50276,1
1791608698,50276,1
1791608713,50276,1
1791608728,50276,1
1791608743,50276,1
1791608758,50276,1
1791608773,50276,1
1791608788,50276,1
1791608803,50276,1
1791608818,50276,1
1791608833,50276,1
1791608848,50276,1
1791608863,50276,1
1791608878,50276,1
1791608893,50276,1
1791608908,50276,1
1791608923,50276,1
1791608938,50276,1
1791608953,50276,1
1791608968,50276,1
1791608983,50276,1
1791608998,50276,1
1791609013,50276,1
1791609028,50276,1
1791609043,50276,1
1791609058,49268,1
1791609073,50276,1
1791609088,50276,1
1791609103,50276,1
1791609118,50276,1
1791609133,50276,1
1791609149,50292,1
1791609164,50296,1
1791609179,50296,1
1791609194,50296,1
1791609209,50296,1
1791609224,50296,1
1791609239,50296,1
1791609254,50296,1
1791609269,50296,1
1791609284,50296,1
1791609299,49540,1
1791609314,50296,1
1791609329,50296,1
1791609344,50296,1
1791609359,49288,1
1791609374,49288,1
1791609389,50296,1
1791609404,50296,1
1791609419,49572,1
1791609434,50296,1
1791609449,50296,1
1791609464,50296,1
1791609479,49288,1
1791609494,50296,1
1791609509,50296,1
1791609524,50296,1
1791609539,50296,1
1791609554,50296,1
1791609569,50296,1
1791609584,50296,1
1791609599,50296,1
1791609614,50296,1
1791609629,50296,1
1791609644,50296,1
1791609659,50296,1
1791609674,50296,1
1791609689,50296,1
1791609704,50296,1
1791609719,50296,1
1791609734,50296,1
1791609749,50296,1
1791609764,50296,1
1791609779,50296,1
1791609794,50296,1
1791609809,50296,1
1791609824,50296,1
1791609839,50296,1
1791609854,49732,1
1791609869,49740,1
1791609885,50296,1
1791609900,50296,1
1791609915,50296,1
1791609930,49288,1
1791609945,50296,1
1791609960,50296,1
1791609975,50296,1
1791609990,50296,1
1791610005,50296,1
1791610020,50308,1
1791610035,50320,1
1791610050,50320,1
1791610065,50320,1
1791610080,50320,1
1791610095,50320,1
1791610110,50320,1
1791610125,50320,1
1791610140,50320,1
1791610155,50320,1
1791610170,50320,1
1791610185,50320,1
1791610200,50320,1
1791610215,50320,1
1791610230,50320,1
1791610245,50320,1
1791610260,50320,1
1791610275,50320,1
1791610290,50320,1
1791610305,50320,1
1791610320,50320,1
1791610335,50320,1
1791610350,50320,1
1791610365,50320,1
1791610380,50320,1
1791610395,50320,1
1791610410,50320,1
1791610425,50320,1
1791610440,50320,1
1791610455,50320,1
1791610470,50320,1
1791610485,50320,1
1791610500,50320,1
1791610515,50320,1
1791610530,50320,1
1791610545,50320,1
1791610560,50320,1
1791610575,50320,1
1791610590,50320,1
1791610606,50320,1
1791610621,50320,1
1791610636,50320,1
1791610651,50320,1
1791610666,50320,1
1791610681,50320,1
1791610696,50320,1
1791610711,50320,1
1791610726,50320,1
1791610741,50320,1
1791610756,50320,1
1791610771,50320,1
1791610786,50320,1
1791610801,50320,1
1791610816,50320,1
1791610831,50320,1
1791610846,50320,1
1791610861,50320,1
1791610876,50320,1
1791610891,50320,1
1791610906,50320,1
1791610921,50320,1
1791610936,50320,1
1791610951,50096,1
1791610966,50096,1
1791610981,50100,1
1791610996,50104,1
1791611011,50296,1
1791611026,50296,1
1791611041,50296,1
1791611056,50296,1
1791611071,50296,1
1791611086,50296,1
1791611101,50300,1
1791611116,50300,1
1791611131,50300,1
1791611146,50300,1
1791611161,50300,1
1791611176,50300,1
1791611191,50300,1
1791611206,50300,1
1791611221,50300,1
1791611236,50300,1
1791611251,50300,1
1791611266,50300,1
1791611281,50300,1
1791611296,50300,1
1791611312,50300,1
1791611327,50300,1
1791611342,50300,1
1791611357,50300,1
1791611372,50300,1
1791611387,50300,1
1791611402,50300,1
1791611417,50300,1
1791611432,50300,1
1791611447,50316,1
1791611462,50316,1
1791611477,50316,1
1791611492,50316,1
1791611507,50332,1
1791611522,50332,1
1791611537,50332,1
1791611552,50336,1
1791611567,51308,1
1791611582,51308,1
1791611597,51308,1
1791611612,51308,1
1791611627,51544,1
1791611642,51544,1
1791611657,51544,1
1791611672,51544,1
1791611687,51544,1
1791611702,51544,1
1791611717,51544,1
1791611732,51544,1
1791611747,51544,1
1791611762,51544,1
1791611777,51544,1
1791611792,51544,1
1791611807,51544,1
1791611822,51544,1
1791611837,51544,1
1791611852,51544,1
1791611867,51544,1
1791611882,51544,1
1791611897,51544,1
1791611912,51544,1
1791611927,51544,1
1791611942,51544,1
1791611957,51544,1
1791611972,51544,1
1791611987,51544,1
1791612002,51544,1
1791612017,51544,1
1791612032,51544,1
1791612048,51544,1
1791612063,51544,1
1791612078,51544,1
1791612093,51544,1
1791612108,51544,1
1791612123,51544,1
1791612138,51544,1
1791612153,51544,1
1791612168,51544,1
1791612183,51544,1
1791612198,51544,1
1791612213,51544,1
1791612228,51544,1
1791612243,51544,1
1791612258,51544,1
1791612273,51544,1
1791612288,51544,1
1791612303,51544,1
1791612318,51544,1
1791612333,51544,1
1791612348,51544,1
1791612363,51544,1
1791612378,51544,1
1791612393,51544,1
1791612408,51544,1
1791612423,51544,1
1791612438,51544,1
1791612453,51544,1
1791612468,51544,1
1791612483,51544,1
1791612498,51544,1
1791612513,51544,1
1791612528,51544,1
1791612543,51544,1
1791612558,51544,1
1791612573,51544,1
1791612588,51544,1
1791612603,51544,1
1791612618,51544,1
1791612633,51544,1
1791612648,51544,1
1791612663,51544,1
1791612678,51544,1
1791612693,51544,1
1791612708,51544,1
1791612723,51544,1
1791612738,51640,1
1791612753,51156,1
1791612768,51376,1
1791612784,51380,1
1791612799,51380,1
1791612814,51380,1
1791612829,51380,1
1791612844,51380,1
1791612859,51380,1
1791612874,51380,1
1791612889,51380,1
1791612904,51380,1
1791612919,51380,1
1791612934,51380,1
1791612949,51380,1
1791612964,51380,1
1791612979,51380,1
1791612994,51380,1
1791613009,51380,1
1791613024,51380,1
1791613039,51380,1
1791613054,51380,1
1791613069,51380,1
1791613084,51380,1
1791613099,51380,1
1791613114,51380,1
1791613129,51380,1
1791613144,51380,1
1791613159,51380,1
1791613174,51380,1
1791613189,51380,1
1791613204,51380,1
1791613219,51380,1
1791613234,51380,1
1791613249,51380,1
1791613264,51380,1
1791613279,51380,1
1791613294,51380,1
1791613309,51380,1
1791613324,51380,1
1791613339,51380,1
1791613354,51380,1
1791613369,51380,1
1791613384,51380,1
1791613399,51380,1
1791613414,51380,1
1791613429,51380,1
1791613444,51380,1
1791613459,51384,1
1791613474,51384,1
1791613489,51384,1
1791613504,51384,1
1791613520,51384,1
1791613535,51384,1
1791613550,51384,1
1791613565,51384,1
1791613580,51384,1
1791613595,51384,1
1791613610,51632,1
1791613625,51632,1
1791613640,51632,1
1791613655,51632,1
1791613670,51632,1
1791613685,51632,1
1791613700,51632,1
1791613715,51632,1
1791613730,51632,1
1791613745,51632,1
1791613760,51632,1
1791613775,51632,1
1791613790,51632,1
1791613805,51632,1
1791613820,51632,1
1791613835,51632,1
1791613850,51632,1
1791613865,51632,1
1791613880,51632,1
1791613895,51632,1
1791613910,51632,1
1791613925,51632,1
1791613940,51632,1
1791613955,51632,1
1791613970,51632,1
1791613985,51632,1
1791614000,51632,1
1791614015,51632,1
1791614030,51632,1
1791614045,51632,1
1791614060,51632,1
1791614075,51632,1
1791614090,51632,1
1791614105,51632,1
1791614120,51632,1
1791614135,51632,1
1791614150,51632,1
1791614165,51632,1
1791614180,51632,1
1791614195,51632,1
1791614210,51632,1
1791614225,51648,1
1791614241,51648,1
1791614256,51648,1
1791614271,51648,1
1791614286,51648,1
1791614301,51648,1
1791614316,51652,1
1791614331,51656,1
1791614346,52640,1
1791614361,52640,1
1791614376,52640,1
1791614391,52640,1
1791614406,52640,1
1791614421,52640,1
1791614436,52640,1
1791614451,52640,1
1791614466,52640,1
1791614481,52640,1
1791614496,52640,1
1791614511,52640,1
1791614526,52640,1
1791614541,52640,1
1791614556,52640,1
1791614571,52640,1
1791614586,52640,1
1791614601,52640,1
1791614616,52640,1
1791614631,52640,1
1791614646,52640,1
1791614661,52640,1
1791614676,52640,1
1791614691,52640,1
1791614706,52640,1
1791614721,52640,1
1791614736,52640,1
1791614751,52640,1
1791614766,52640,1
1791614781,52640,1
1791614796,52640,1
1791614811,52640,1
1791614826,52640,1
1791614841,52640,1
1791614856,52640,1
1791614871,52640,1
1791614886,52640,1
1791614901,52640,1
1791614916,52640,1
1791614931,52640,1
1791614946,52640,1
1791614962,52640,1
1791614977,52640,1
1791614992,52640,1
1791615007,52640,1
1791615022,52640,1
1791615037,52640,1
1791615052,52640,1
1791615067,52640,1
1791615082,52640,1
1791615097,52640,1
1791615112,52640,1
1791615127,52640,1
1791615142,52640,1
1791615157,52640,1
1791615172,52640,1
1791615187,52640,1
1791615202,52640,1
1791615217,52640,1
1791615232,52640,1
1791615247,52640,1
1791615262,52640,1
1791615277,52640,1
1791615292,52640,1
1791615307,52640,1
1791615322,52640,1
1791615337,52640,1
1791615352,52640,1
1791615367,52640,1
1791615382,52640,1
1791615397,52640,1
1791615412,52640,1
1791615427,52640,1
1791615442,52640,1
1791615457,52640,1
1791615472,52640,1
1791615487,52640,1
1791615502,52640,1
1791615517,52640,1
1791615532,52640,1
1791615547,52640,1
1791615562,52640,1
1791615577,52640,1
1791615592,52640,1
1791615607,52640,1
1791615622,52640,1
1791615637,52640,1
1791615652,52640,1
1791615667,52640,1
1791615682,52640,1
1791615698,52640,1
1791615713,52640,1
1791615728,52640,1
1791615743,52640,1
1791615758,52640,1
1791615773,52640,1
1791615788,52640,1
1791615803,52640,1
1791615818,52640,1
1791615833,52640,1
1791615848,52640,1
1791615863,52640,1
1791615878,52640,1
1791615893,52640,1
1791615908,52640,1
1791615923,52640,1
1791615938,52640,1
1791615953,52640,1
1791615968,52640,1
1791615983,52640,1
1791615998,52640,1
1791616013,52640,1
1791616028,52640,1
1791616043,52640,1
1791616058,52640,1
1791616073,52640,1
1791616088,52640,1
1791616103,52640,1
1791616118,52640,1
1791616133,52640,1
1791616148,52640,1
1791616163,52640,1
1791616178,52640,1
1791616193,52640,1
1791616208,52640,1
1791616223,52640,1
1791616238,52640,1
1791616253,52640,1
1791616268,52640,1
1791616283,52640,1
1791616298,52640,1
1791616313,52640,1
1791616328,52640,1
1791616343,52640,1
1791616358,52640,1
1791616373,52640,1
1791616388,52640,1
1791616403,52640,1
1791616418,52640,1
1791616434,52640,1
1791616449,52640,1
1791616464,52640,1
1791616479,52640,1
1791616494,52640,1
1791616509,52640,1
1791616524,52640,1
1791616539,52640,1
1791616554,52640,1
1791616569,52640,1
1791616584,52640,1
1791616599,52640,1
1791616614,52640,1
1791616629,52640,1
1791616644,52640,1
1791616659,52640,1
1791616674,52640,1
1791616689,52640,1
1791616704,52640,1
1791616719,52640,1
1791616734,52640,1
1791616749,52640,1
1791616764,52640,1
1791616779,52640,1
1791616794,52640,1
1791616809,52640,1
1791616824,52640,1
1791616839,52640,1
1791616854,52640,1
1791616869,52640,1
1791616884,52640,1
1791616899,52640,1
1791616914,52640,1
1791616929,52640,1
1791616944,52640,1
1791616959,52640,1
1791616974,52640,1
1791616989,52640,1
1791617004,52640,1
1791617019,52640,1
1791617034,52640,1
1791617049,52640,1
1791617064,52640,1
1791617079,52640,1
1791617094,52640,1
1791617109,52640,1
1791617124,52672,1
1791617139,52672,1
1791617155,52672,1
1791617170,52672,1
1791617185,52672,1
1791617200,52676,1
1791617215,53648,1
1791617230,53648,1
1791617245,53648,1
1791617260,53648,1
1791617275,53648,1
1791617290,53648,1
1791617305,53648,1
1791617320,53648,1
1791617335,53648,1
1791617350,53648,1
1791617365,53648,1
1791617380,53648,1
1791617395,53648,1
1791617410,53648,1
1791617425,53648,1
1791617440,53648,1
1791617455,53648,1
1791617470,53648,1
1791617485,53648,1
1791617500,53648,1
1791617515,53648,1
1791617530,53648,1
1791617545,53648,1
1791617560,53648,1
1791617575,53648,1
1791617590,53648,1
1791617605,53648,1
1791617620,53648,1
1791617635,53648,1
1791617650,53648,1
1791617665,53648,1
1791617680,53648,1
1791617695,53648,1
1791617710,53648,1
1791617725,53648,1
1791617740,53648,1
1791617755,53648,1
1791617770,53648,1
1791617785,53648,1
1791617800,53648,1
1791617815,53648,1
1791617830,53648,1
1791617845,53648,1
1791617861,53648,1
1791617876,53648,1
1791617891,53648,1
1791617906,53648,1
1791617921,53648,1
1791617936,53648,1
1791617951,53648,1
1791617966,53648,1
1791617981,53648,1
1791617996,53648,1
1791618011,53648,1
1791618026,53648,1
1791618041,53648,1
1791618056,53648,1
1791618071,53648,1
1791618086,53648,1
1791618101,53648,1
1791618116,53648,1
1791618131,53648,1
1791618146,53648,1
1791618161,53648,1
1791618176,53648,1
1791618191,53648,1
1791618206,53648,1
1791618221,53648,1
1791618236,53648,1
1791618251,53648,1
1791618266,53648,1
1791618281,53648,1
1791618296,53648,1
1791618311,53648,1
1791618326,53648,1
1791618341,53648,1
1791618356,53648,1
1791618371,53648,1
1791618386,53648,1
1791618401,53648,1
1791618416,53648,1
1791618431,53648,1
1791618446,53648,1
1791618461,53648,1
1791618476,53648,1
1791618491,53648,1
1791618506,53648,1
1791618521,53648,1
1791618536,53648,1
1791618551,53648,1
1791618567,53648,1
1791618582,53648,1
1791618597,53648,1
1791618612,53648,1
1791618627,53648,1
1791618642,53648,1
1791618657,53648,1
1791618672,53648,1
1791618687,53648,1
1791618702,53648,1
1791618717,53648,1
1791618732,53648,1
1791618747,53648,1
1791618762,53648,1
1791618777,53648,1
1791618792,53648,1
1791618807,53648,1
1791618822,53648,1
1791618837,53648,1
1791618852,53648,1
1791618867,53648,1
1791618882,53648,1
1791618897,53648,1
1791618912,53648,1
1791618927,53648,1
1791618942,53648,1
1791618957,53648,1
1791618972,53648,1
1791618987,53648,1
1791619002,53648,1
1791619017,53648,1
1791619032,53648,1
1791619047,53648,1
1791619062,53648,1
1791619077,53648,1
1791619092,53648,1
1791619107,53648,1
1791619122,53648,1
1791619137,53648,1
1791619152,53648,1
1791619167,53648,1
1791619182,53648,1
1791619197,53648,1
1791619212,53648,1
1791619227,53648,1
1791619242,53648,1
1791619257,53648,1
1791619272,53648,1
1791619288,53648,1
1791619303,53648,1
1791619318,53648,1
1791619333,53648,1
1791619348,53648,1
1791619363,53648,1
1791619378,53648,1
1791619393,53648,1
1791619408,53648,1
1791619423,53648,1
1791619438,53648,1
1791619453,53648,1
1791619468,53648,1
1791619483,53648,1
1791619498,53648,1
1791619513,53648,1
1791619528,53648,1
1791619543,53648,1
1791619558,53648,1
1791619573,53648,1
1791619588,53648,1
1791619603,53648,1
1791619618,53648,1
1791619633,53648,1
1791619648,53648,1
1791619663,53648,1
1791619678,53648,1
1791619693,53648,1
1791619708,53648,1
1791619723,53648,1
1791619738,53648,1
1791619753,53648,1
1791619768,53648,1
1791619783,53648,1
1791619798,53648,1
1791619813,53648,1
1791619828,53648,1
1791619843,53648,1
1791619858,53648,1
1791619873,53648,1
1791619888,53648,1
1791619903,53652,1
1791619918,54656,1
1791619933,54656,1
1791619948,54656,1
1791619963,54656,1
1791619978,54656,1
1791619993,54656,1
1791620008,54656,1
1791620024,54656,1
1791620039,54656,1
1791620054,54656,1
1791620069,54656,1
1791620084,54656,1
1791620099,54656,1
1791620114,54656,1
1791620129,54656,1
1791620144,54656,1
1791620159,54656,1
1791620174,54656,1
1791620189,54656,1
1791620204,54656,1
1791620219,54656,1
1791620234,54656,1
1791620249,54656,1
1791620264,54656,1
1791620279,54656,1
1791620294,54656,1
1791620309,54656,1
1791620324,54656,1
1791620339,54656,1
1791620354,54656,1
1791620369,54656,1
1791620384,54656,1
1791620399,54656,1
1791620414,54656,1
1791620429,54656,1
1791620444,54656,1
1791620459,54656,1
1791620474,54656,1
1791620489,54656,1
1791620504,54656,1
1791620519,54656,1
1791620534,54656,1
1791620549,54656,1
1791620564,54656,1
1791620579,54656,1
1791620594,54656,1
1791620609,54656,1
1791620624,54656,1
1791620639,54656,1
1791620654,54656,1
1791620669,54656,1
1791620684,54656,1
1791620699,54656,1
1791620714,54656,1
1791620729,54656,1
1791620744,54656,1
1791620760,54656,1
1791620775,54656,1
1791620790,54656,1
1791620805,54656,1
1791620820,54656,1
1791620835,54656,1
1791620850,54656,1
1791620865,54656,1
1791620880,54656,1
1791620895,54656,1
1791620910,54656,1
1791620925,54656,1
1791620940,54656,1
1791620955,54656,1
1791620970,54656,1
1791620985,54656,1
1791621000,54656,1
1791621015,54656,1
1791621030,54656,1
1791621045,54656,1
1791621060,54656,1
1791621075,54656,1
1791621090,54656,1
1791621105,54656,1
1791621120,54656,1
1791621135,54656,1
1791621150,54656,1
1791621165,54656,1
1791621180,54656,1
1791621195,54656,1
1791621210,54656,1
1791621225,54656,1
1791621240,54656,1
1791621255,54656,1
1791621270,54656,1
1791621285,54656,1
1791621300,54656,1
1791621315,54656,1
1791621330,54656,1
1791621345,54656,1
1791621360,54656,1
1791621375,54656,1
1791621390,54656,1
1791621405,54656,1
1791621420,54656,1
1791621435,54656,1
1791621450,54656,1
1791621465,54656,1
1791621481,54656,1
1791621496,54656,1
1791621511,54656,1
1791621526,54656,1
1791621541,54656,1
1791621556,54656,1
1791621571,54656,1
1791621586,54656,1
1791621601,54656,1
1791621616,54656,1
1791621631,54656,1
1791621646,54656,1
1791621661,54656,1
1791621676,54656,1
1791621691,54656,1
1791621706,54656,1
1791621721,54656,1
1791621736,54656,1
1791621751,54656,1
1791621766,54656,1
1791621781,54656,1
1791621796,54656,1
1791621811,54656,1
1791621826,54656,1
1791621841,54656,1
1791621856,54656,1
1791621871,54656,1
1791621886,54656,1
1791621901,54656,1
1791621916,54656,1
1791621931,54656,1
1791621946,54656,1
1791621961,54656,1
1791621976,54656,1
1791621991,54656,1
1791622006,54656,1
1791622021,54656,1
1791622036,54656,1
1791622051,54656,1
1791622066,54656,1
1791622081,54656,1
1791622096,54656,1
1791622111,54656,1
1791622126,54656,1
1791622141,54656,1
1791622156,54656,1
1791622171,54656,1
1791622186,54656,1
1791622202,54656,1
1791622217,54656,1
1791622232,54656,1
1791622247,54656,1
1791622262,54656,1
1791622277,54656,1
1791622292,54656,1
1791622307,54656,1
1791622322,54656,1
1791622337,54656,1
1791622352,54656,1
1791622367,54656,1
1791622382,54656,1
1791622397,54656,1
1791622412,54656,1
1791622427,54656,1
1791622442,54656,1
1791622457,54656,1
1791622472,54656,1
1791622487,54656,1
1791622502,54656,1
1791622517,54656,1
1791622532,54656,1
1791622547,54656,1
1791622562,54656,1
1791622577,54656,1
1791622592,54656,1
1791622607,54656,1
1791622622,54656,1
1791622637,54656,1
1791622652,54656,1
1791622667,54656,1
1791622682,54656,1
1791622697,54672,1
1791622712,54672,1
1791622727,54676,1
1791622742,54688,1
1791622757,54688,1
1791622772,54688,1
1791622787,54688,1
1791622802,54688,1
1791622817,54704,1
1791622832,54704,1
1791622847,54704,1
1791622862,54704,1
1791622877,55664,1
1791622892,55664,1
1791622907,55664,1
1791622922,55664,1
1791622938,55664,1
1791622953,55664,1
1791622968,55664,1
1791622983,55664,1
1791622998,55664,1
1791623013,55664,1
1791623028,55664,1
1791623043,55664,1
1791623058,55664,1
1791623073,55664,1
1791623088,55664,1
1791623103,55664,1
1791623118,55664,1
1791623133,55664,1
1791623148,55664,1
1791623163,55664,1
1791623178,55664,1
1791623193,55664,1
1791623208,55664,1
1791623223,55664,1
1791623238,55664,1
1791623253,55664,1
1791623268,55664,1
1791623283,55664,1
1791623298,55664,1
1791623313,55664,1
1791623328,55664,1
1791623343,55664,1
1791623358,55664,1
1791623373,55664,1
1791623388,55664,1
1791623403,55664,1
1791623418,55664,1
1791623433,55664,1
1791623448,55664,1
1791623463,55664,1
1791623478,55664,1
1791623493,55664,1
1791623508,55664,1
1791623523,55664,1
1791623538,55664,1
1791623553,55664,1
1791623568,55664,1
1791623583,55664,1
1791623598,55664,1
1791623613,55664,1
1791623628,55664,1
1791623643,55664,1
1791623658,55664,1
1791623674,55664,1
1791623689,55664,1
1791623704,55664,1
1791623719,55664,1
1791623734,55664,1
1791623749,55664,1
1791623764,55664,1
1791623779,55664,1
1791623794,55664,1
1791623809,55664,1
1791623824,55664,1
1791623839,55664,1
1791623854,55664,1
1791623869,55664,1
1791623884,55664,1
1791623899,55664,1
1791623914,55664,1
1791623929,55664,1
1791623944,55664,1
1791623959,55664,1
1791623974,55664,1
1791623989,55664,1
1791624004,55664,1
1791624019,55664,1
1791624034,55664,1
1791624049,55664,1
1791624064,55664,1
1791624079,55664,1
1791624094,55664,1
1791624109,55664,1
1791624124,55664,1
1791624139,55664,1
1791624154,55664,1
1791624169,55664,1
1791624184,55664,1
1791624199,55664,1
1791624214,55664,1
1791624229,55664,1
1791624244,55664,1
1791624259,55664,1
1791624274,55664,1
1791624289,55664,1
1791624304,55664,1
1791624319,55664,1
1791624334,55664,1
1791624349,55664,1
1791624364,55664,1
1791624379,55664,1
1791624394,55664,1
1791624410,55664,1
1791624425,55664,1
1791624440,55664,1
1791624455,55664,1
1791624470,55672,1
1791624485,55672,1
1791624500,55672,1
1791624515,55672,1
1791624530,55672,1
1791624545,55672,1
1791624560,55672,1
1791624575,55672,1
1791624590,55672,1
1791624605,55672,1
1791624620,55672,1
1791624635,55672,1
1791624650,55672,1
1791624665,55672,1
1791624680,55672,1
1791624695,55672,1
1791624710,55672,1
1791624725,55672,1
1791624740,55672,1
1791624755,55672,1
1791624770,55672,1
1791624785,55672,1
1791624800,55672,1
1791624815,55672,1
1791624830,55672,1
1791624845,55672,1
1791624860,55672,1
1791624875,55672,1
1791624890,55672,1
1791624905,55672,1
1791624920,55672,1
1791624935,55672,1
1791624950,55672,1
1791624965,55672,1
1791624980,55672,1
1791624995,55672,1
1791625010,55672,1
1791625025,55672,1
1791625040,55672,1
1791625055,55672,1
1791625070,55672,1
1791625085,55672,1
1791625100,55672,1
1791625115,55672,1
1791625131,55672,1
1791625146,55672,1
1791625161,55672,1
1791625176,55672,1
1791625191,55672,1
1791625206,55672,1
1791625221,55672,1
1791625236,55672,1
1791625251,55672,1
1791625266,55672,1
1791625281,55672,1
1791625296,55672,1
1791625311,55672,1
1791625326,55672,1
1791625341,55672,1
1791625356,55672,1
1791625371,55672,1
1791625386,55672,1
1791625401,55672,1
1791625416,55672,1
1791625431,55672,1
1791625446,55672,1
1791625461,55672,1
1791625476,55672,1
1791625491,55672,1
1791625506,55672,1
1791625521,55672,1
1791625536,55676,1
1791625551,55676,1
1791625566,55676,1
1791625581,55688,1
1791625596,55688,1
1791625611,55708,1
1791625626,55720,1
1791625641,55720,1
1791625656,56680,1
1791625671,56680,1
1791625686,56680,1
1791625701,56680,1
1791625716,56680,1
1791625731,56680,1
1791625746,56680,1
1791625761,56680,1
1791625776,56680,1
1791625791,56680,1
1791625806,56680,1
1791625821,56680,1
1791625836,56680,1
1791625852,56680,1
1791625867,56680,1
1791625882,56680,1
1791625897,56680,1
1791625912,56680,1
1791625927,56680,1
1791625942,56680,1
1791625957,56680,1
1791625972,56680,1
1791625987,56680,1
1791626002,56680,1
1791626017,56680,1
1791626032,56680,1
1791626047,56680,1
1791626062,56680,1
1791626077,56680,1
1791626092,56680,1
1791626107,56680,1
1791626122,56680,1
1791626137,56680,1
1791626152,56680,1
1791626167,56680,1
1791626182,56680,1
1791626197,56680,1
1791626212,56680,1
1791626227,56680,1
1791626242,56680,1
1791626257,56680,1
1791626272,56708,1
1791626287,56708,1
1791626302,56708,1
1791626317,56804,1
1791626332,56804,1
1791626347,56804,1
1791626362,56804,1
1791626377,56808,1
1791626392,56808,1
1791626407,56808,1
1791626422,56808,1
1791626437,56812,1
1791626452,56812,1
1791626467,56812,1
1791626482,56812,1
1791626497,56812,1
1791626512,56812,1
1791626527,56812,1
1791626542,56812,1
1791626557,56812,1
1791626573,56812,1
1791626588,56812,1
1791626603,56816,1
1791626618,56816,1
1791626633,56816,1
1791626648,56816,1
1791626663,56816,1
1791626678,56816,1
1791626693,56816,1
1791626708,56816,1
1791626723,56816,1
1791626738,56816,1
1791626753,56816,1
1791626768,56816,1
1791626783,56816,1
1791626798,56816,1
1791626813,56816,1
1791626828,56816,1
1791626843,56816,1
1791626858,56816,1
1791626873,56816,1
1791626888,56816,1
1791626903,56816,1
1791626918,56816,1
1791626933,56816,1
1791626948,56816,1
1791626963,56816,1
1791626978,56816,1
1791626993,56816,1
1791627008,56820,1
1791627023,56820,1
1791627038,56820,1
1791627053,56820,1
1791627068,56820,1
1791627083,56820,1
1791627098,56824,1
1791627113,56824,1
1791627128,56824,1
1791627143,56824,1
1791627158,56824,1
1791627173,56824,1
1791627188,56824,1
1791627203,56824,1
1791627218,56824,1
1791627233,56824,1
1791627248,56824,1
1791627263,56824,1
1791627278,56824,1
1791627294,56836,1
1791627309,56836,1
1791627324,56836,1
1791627339,56836,1
1791627354,56836,1
1791627369,56836,1
1791627384,56836,1
1791627399,56836,1
1791627414,56836,1
1791627429,56836,1
1791627444,56836,1
1791627459,56840,1
1791627474,56840,1
1791627489,56840,1
1791627504,56840,1
1791627519,56840,1
1791627534,56840,1
1791627549,56840,1
1791627564,56840,1
1791627579,56840,1
1791627594,56844,1
1791627609,56844,1
1791627624,56848,1
1791627639,56848,1
1791627654,56848,1
1791627669,56848,1
1791627684,56848,1
1791627699,56848,1
1791627714,56848,1
1791627729,56848,1
1791627744,56848,1
1791627759,56848,1
1791627774,56848,1
1791627789,56848,1
1791627804,56848,1
1791627819,56848,1
1791627834,56848,1
1791627849,56848,1
1791627864,56848,1
1791627879,56848,1
1791627894,56848,1
1791627909,56848,1
1791627924,56848,1
1791627939,56848,1
1791627954,56848,1
1791627969,56848,1
1791627984,56848,1
1791627999,56848,1
1791628015,56848,1
1791628030,56848,1
1791628045,56848,1
1791628060,56848,1
1791628075,56868,1
1791628090,56872,1
1791628105,56872,1
1791628120,56872,1
1791628135,56872,1
1791628150,56872,1
1791628165,56872,1
1791628180,56872,1
1791628195,56872,1
1791628210,56872,1
1791628225,56872,1
1791628240,56872,1
1791628255,56872,1
1791628270,56872,1
1791628285,56872,1
1791628300,56872,1
1791628315,56872,1
