1791641571.729 1444 8.545
1791641571.756 1447 8.283
1791641571.783 1450 8.171
1791641571.801 1452 8.103
1791641571.829 1455 8.154
1791641571.856 1458 8.006
1791641571.874 1460 8.123
1791641571.901 1463 8.071
1791641571.929 1466 8.104
1791641571.947 1468 8.114
1791641571.974 1471 7.930
1791641572.002 1474 8.004
1791641572.020 1476 8.029
1791641572.047 1479 8.053
1791641572.075 1482 8.421
1791641572.093 1484 8.120
1791641572.120 1487 7.967
1791641572.147 1490 8.023
1791641572.165 1492 8.039
1791641572.193 1495 8.064
1791641572.220 1498 8.095
1791641572.238 1500 8.110
1791641572.266 1503 8.039
1791641572.293 1506 8.094
1791641572.311 1508 8.013
1791641572.339 1511 8.132
1791641572.366 1514 8.071
1791641572.384 1516 7.955
1791641572.411 1519 8.170
1791641572.439 1522 8.053
1791641572.457 1524 8.126
1791641572.484 1527 8.138
1791641572.512 1530 8.167
1791641572.530 1532 8.046
1791641572.557 1535 8.009
1791641572.584 1538 8.217
1791641572.603 1540 8.140
1791641572.630 1543 8.121
1791641572.657 1546 8.070
1791641572.675 1548 8.131
1791641572.703 1551 8.278
1791641572.730 1554 7.976
1791641572.748 1556 8.132
1791641572.775 1559 8.063
1791641572.803 1562 8.049
1791641572.821 1564 8.085
1791641572.848 1567 8.057
1791641572.876 1570 8.025
1791641572.894 1572 7.991
1791641572.921 1575 8.033
1791641572.948 1578 8.057
1791641572.967 1580 8.123
1791641572.994 1583 8.070
1791641573.021 1586 8.072
1791641573.039 1588 8.048
1791641573.067 1591 8.204
1791641573.094 1594 8.144
1791641573.112 1596 8.108
1791641573.140 1599 8.055
1791641573.167 1602 8.116
1791641573.185 1604 8.058
1791641573.212 1607 8.094
1791641573.240 1610 8.146
1791641573.258 1612 8.212
1791641573.285 1615 8.135
1791641573.313 1618 8.124
1791641573.331 1620 7.966
1791641573.358 1623 8.097
1791641573.385 1626 8.160
1791641573.403 1628 7.988
1791641573.431 1631 8.092
1791641573.458 1634 8.114
1791641573.476 1636 8.042
1791641573.504 1639 8.044
1791641573.531 1642 7.998
1791641573.549 1644 8.052
1791641573.577 1647 8.036
1791641573.604 1650 8.014
1791641573.622 1652 8.080
1791641573.649 1655 8.091
1791641573.677 1658 8.126
1791641573.695 1660 8.057
1791641573.722 1663 8.021
1791641573.750 1666 8.130
1791641573.768 1668 8.050
1791641573.795 1671 8.112
1791641573.822 1674 8.139
1791641573.841 1676 8.041
1791641573.868 1679 8.203
1791641573.895 1682 8.120
1791641573.913 1684 8.067
1791641573.941 1687 8.121
1791641573.968 1690 8.107
1791641573.986 1692 8.025
1791641574.014 1695 8.078
1791641574.041 1698 7.999
1791641574.059 1700 7.984
1791641574.086 1703 8.150
1791641574.114 1706 8.224
1791641574.132 1708 8.213
1791641574.159 1711 8.066
1791641574.187 1714 8.110
1791641574.205 1716 8.060
1791641574.232 1719 8.134
1791641574.259 1722 8.066
1791641574.278 1724 8.147
1791641574.305 1727 8.186
1791641574.332 1730 8.136
1791641574.350 1732 8.076
1791641574.378 1735 8.151
1791641574.405 1738 8.088
1791641574.423 1740 8.031
1791641574.451 1743 8.124
1791641574.478 1746 8.139
1791641574.496 1748 8.095
1791641574.523 1751 8.022
1791641574.551 1754 8.174
1791641574.569 1756 8.085
1791641574.596 1759 8.042
1791641574.623 1762 8.071
1791641574.642 1764 8.004
1791641574.669 1767 8.104
1791641574.696 1770 8.078
1791641574.715 1772 8.085
1791641574.742 1775 8.141
1791641574.769 1778 7.925
1791641574.787 1780 8.059
1791641574.815 1783 8.012
1791641574.842 1786 8.114
1791641574.860 1788 7.968
1791641574.887 1791 8.064
1791641574.915 1794 8.100
1791641574.933 1796 8.052
1791641574.960 1799 8.050
1791641574.988 1802 8.006
1791641575.006 1804 8.012
1791641575.033 1807 8.004
1791641575.061 1810 8.122
1791641575.079 1812 8.246
1791641575.106 1815 8.106
1791641575.133 1818 7.961
1791641575.152 1820 8.166
1791641575.179 1823 8.265
1791641575.206 1826 8.240
1791641575.224 1828 8.106
1791641575.252 1831 8.112
1791641575.279 1834 8.029
1791641575.297 1836 8.196
1791641575.325 1839 8.214
1791641575.352 1842 8.120
1791641575.370 1844 8.006
1791641575.397 1847 8.049
1791641575.425 1850 8.033
1791641575.443 1852 7.967
1791641575.470 1855 8.120
1791641575.497 1858 8.043
1791641575.516 1860 8.179
1791641575.543 1863 8.169
1791641575.570 1866 8.130
1791641575.589 1868 8.098
1791641575.616 1871 8.180
1791641575.643 1874 8.178
1791641575.661 1876 8.190
1791641575.689 1879 7.963
1791641575.716 1882 8.203
1791641575.734 1884 8.039
1791641575.761 1887 7.998
1791641575.789 1890 8.152
1791641575.807 1892 8.047
1791641575.834 1895 8.239
1791641575.862 1898 8.005
1791641575.880 1900 8.042
1791641575.907 1903 8.160
1791641575.934 1906 8.099
1791641575.953 1908 8.016
1791641575.980 1911 8.031
1791641576.007 1914 8.096
1791641576.025 1916 8.089
1791641576.053 1919 8.102
1791641576.080 1922 8.189
1791641576.098 1924 8.063
1791641576.126 1927 8.021
1791641576.153 1930 8.087
1791641576.171 1932 8.046
1791641576.199 1935 8.153
1791641576.226 1938 8.119
1791641576.244 1940 8.068
1791641576.271 1943 8.149
1791641576.299 1946 8.016
1791641576.317 1948 7.951
1791641576.344 1951 8.102
1791641576.371 1954 8.067
1791641576.390 1956 8.000
1791641576.417 1959 8.081
1791641576.444 1962 7.967
1791641576.462 1964 8.043
1791641576.490 1967 8.069
1791641576.517 1970 7.996
1791641576.535 1972 8.023
1791641576.563 1975 8.052
1791641576.590 1978 8.091
1791641576.608 1980 8.037
1791641576.635 1983 8.019
1791641576.663 1986 8.017
1791641576.681 1988 8.165
1791641576.708 1991 8.077
1791641576.736 1994 8.031
1791641576.754 1996 8.115
1791641576.781 1999 8.044
1791641576.808 2002 8.152
1791641576.827 2004 8.136
1791641576.854 2007 8.127
1791641576.881 2010 8.034
1791641576.900 2012 8.205
1791641576.927 2015 8.138
1791641576.954 2018 8.139
1791641576.972 2020 8.134
1791641577.000 2023 8.154
1791641577.027 2026 8.124
1791641577.045 2028 8.006
1791641577.073 2031 8.238
1791641577.100 2034 8.175
1791641577.118 2036 8.080
1791641577.145 2039 8.012
1791641577.173 2042 8.125
1791641577.191 2044 8.124
1791641577.218 2047 8.134
1791641577.245 2050 8.022
1791641577.264 2052 8.002
1791641577.291 2055 8.169
1791641577.318 2058 8.138
1791641577.336 2060 8.139
1791641577.364 2063 8.115
1791641577.391 2066 8.145
1791641577.409 2068 8.061
1791641577.437 2071 8.147
1791641577.464 2074 7.998
1791641577.482 2076 8.118
1791641577.509 2079 8.028
1791641577.537 2082 8.068
1791641577.555 2084 8.051
1791641577.582 2087 8.100
1791641577.610 2090 8.096
1791641577.628 2092 8.099
1791641577.655 2095 8.089
1791641577.682 2098 8.051
1791641577.701 2100 8.100
1791641577.728 2103 8.378
1791641577.755 2106 8.034
1791641577.773 2108 8.057
1791641577.801 2111 8.180
1791641577.828 2114 8.115
1791641577.846 2116 8.112
1791641577.874 2119 8.234
1791641577.901 2122 8.057
1791641577.919 2124 8.147
1791641577.946 2127 8.044
1791641577.974 2130 7.994
1791641577.992 2132 8.013
1791641578.019 2135 8.061
1791641578.046 2138 8.023
1791641578.065 2140 8.182
1791641578.092 2143 8.124
1791641578.119 2146 8.057
1791641578.138 2148 8.094
1791641578.165 2151 7.994
1791641578.192 2154 8.205
1791641578.210 2156 8.154
1791641578.238 2159 8.363
1791641578.265 2162 8.085
1791641578.283 2164 8.076
1791641578.311 2167 8.159
1791641578.338 2170 8.113
1791641578.356 2172 8.187
1791641578.383 2175 8.218
1791641578.411 2178 8.154
1791641578.429 2180 8.277
1791641578.456 2183 8.088
1791641578.484 2186 8.197
1791641578.502 2188 8.144
1791641578.529 2191 8.183
1791641578.556 2194 8.187
1791641578.575 2196 8.214
1791641578.602 2199 8.168
1791641578.629 2202 8.118
1791641578.647 2204 7.988
1791641578.675 2207 8.234
1791641578.702 2210 8.200
1791641578.720 2212 8.150
1791641578.748 2215 8.110
1791641578.775 2218 8.180
1791641578.793 2220 8.191
1791641578.820 2223 8.143
1791641578.848 2226 8.105
1791641578.866 2228 8.012
1791641578.893 2231 8.249
1791641578.920 2234 8.049
1791641578.939 2236 8.052
1791641578.966 2239 8.045
1791641578.993 2242 8.006
1791641579.011 2244 8.037
1791641579.039 2247 8.001
1791641579.066 2250 8.079
1791641579.084 2252 8.085
1791641579.112 2255 8.037
1791641579.139 2258 8.205
1791641579.157 2260 8.066
1791641579.184 2263 8.087
1791641579.212 2266 8.090
1791641579.230 2268 8.026
1791641579.257 2271 8.032
1791641579.285 2274 8.010
1791641579.303 2276 8.012
1791641579.330 2279 7.985
1791641579.357 2282 8.052
1791641579.376 2284 7.993
1791641579.403 2287 8.133
1791641579.430 2290 8.149
1791641579.449 2292 8.124
1791641579.476 2295 8.092
1791641579.503 2298 8.105
1791641579.521 2300 7.989
1791641579.549 2303 8.140
1791641579.576 2306 8.072
1791641579.594 2308 8.065
1791641579.621 2311 8.077
1791641579.649 2314 8.071
1791641579.667 2316 7.975
1791641579.694 2319 8.113
1791641579.722 2322 7.991
1791641579.740 2324 8.187
1791641579.767 2327 8.142
1791641579.794 2330 8.141
1791641579.813 2332 8.182
1791641579.840 2335 8.194
1791641579.867 2338 8.034
1791641579.885 2340 8.076
1791641579.913 2343 8.081
1791641579.940 2346 8.168
1791641579.958 2348 8.184
1791641579.986 2351 8.145
1791641580.013 2354 8.174
1791641580.031 2356 8.254
1791641580.058 2359 8.118
1791641580.086 2362 8.208
1791641580.104 2364 8.219
1791641580.131 2367 8.153
1791641580.159 2370 8.183
1791641580.177 2372 8.167
1791641580.204 2375 8.255
1791641580.232 2378 8.177
1791641580.250 2380 8.290
1791641580.277 2383 8.293
1791641580.304 2386 8.310
1791641580.323 2388 8.224
1791641580.350 2391 8.265
1791641580.377 2394 8.128
1791641580.395 2396 8.175
1791641580.423 2399 8.228
1791641580.450 2402 8.277
1791641580.468 2404 8.180
1791641580.496 2407 8.300
1791641580.523 2410 8.039
1791641580.541 2412 8.113
1791641580.568 2415 8.056
1791641580.596 2418 8.181
1791641580.614 2420 8.114
1791641580.641 2423 8.118
1791641580.668 2426 8.090
1791641580.687 2428 8.193
1791641580.714 2431 8.037
1791641580.742 2434 8.608
1791641580.760 2436 8.161
1791641580.787 2439 8.031
1791641580.814 2442 7.994
1791641580.832 2444 8.101
1791641580.860 2447 8.066
1791641580.887 2450 8.148
1791641580.905 2452 8.149
1791641580.932 2455 8.125
1791641580.960 2458 7.993
1791641580.978 2460 8.059
1791641581.005 2463 8.105
1791641581.033 2466 8.096
1791641581.051 2468 8.185
1791641581.078 2471 8.107
1791641581.105 2474 8.117
1791641581.124 2476 8.019
1791641581.151 2479 8.216
1791641581.178 2482 8.183
1791641581.196 2484 8.168
1791641581.224 2487 8.211
1791641581.251 2490 8.136
1791641581.269 2492 8.060
1791641581.297 2495 8.282
1791641581.324 2498 8.227
1791641581.342 2500 8.033
1791641581.370 2503 8.369
1791641581.397 2506 8.039
1791641581.415 2508 8.148
1791641581.442 2511 8.183
1791641581.470 2514 8.132
1791641581.488 2516 8.152
1791641581.515 2519 8.189
1791641581.542 2522 8.127
1791641581.561 2524 8.121
1791641581.588 2527 8.080
1791641581.615 2530 8.091
1791641581.633 2532 8.121
1791641581.661 2535 8.167
1791641581.688 2538 8.314
1791641581.706 2540 8.151
1791641581.734 2543 8.143
1791641581.761 2546 8.197
1791641581.779 2548 8.252
1791641581.807 2551 8.239
1791641581.834 2554 8.324
1791641581.852 2556 8.145
1791641581.879 2559 8.110
1791641581.907 2562 8.142
1791641581.925 2564 8.051
1791641581.952 2567 7.993
1791641581.979 2570 8.082
1791641581.998 2572 8.226
1791641582.025 2575 8.140
1791641582.052 2578 8.070
1791641582.070 2580 8.182
1791641582.098 2583 8.231
1791641582.125 2586 8.046
1791641582.143 2588 7.977
1791641582.170 2591 8.044
1791641582.198 2594 8.146
1791641582.216 2596 8.035
1791641582.243 2599 8.013
1791641582.271 2602 7.984
1791641582.289 2604 8.018
1791641582.316 2607 8.067
1791641582.344 2610 8.204
1791641582.362 2612 8.149
1791641582.389 2615 8.163
1791641582.416 2618 8.103
1791641582.435 2620 8.066
1791641582.462 2623 8.130
1791641582.489 2626 8.127
1791641582.507 2628 8.036
1791641582.535 2631 8.113
1791641582.562 2634 8.163
1791641582.580 2636 8.105
1791641582.608 2639 8.107
1791641582.635 2642 8.168
1791641582.653 2644 8.107
1791641582.680 2647 8.159
1791641582.708 2650 8.202
1791641582.726 2652 8.147
1791641582.753 2655 8.117
1791641582.781 2658 8.206
1791641582.799 2660 8.054
1791641582.826 2663 8.056
1791641582.853 2666 8.145
1791641582.872 2668 8.161
1791641582.899 2671 8.139
1791641582.926 2674 8.207
1791641582.944 2676 8.130
1791641582.972 2679 8.236
1791641582.999 2682 8.202
1791641583.017 2684 8.139
1791641583.044 2687 8.087
1791641583.072 2690 8.322
1791641583.090 2692 8.109
1791641583.117 2695 8.080
1791641583.145 2698 8.128
1791641583.163 2700 8.116
1791641583.190 2703 8.090
1791641583.217 2706 8.050
1791641583.236 2708 8.033
1791641583.263 2711 8.086
1791641583.290 2714 8.092
1791641583.309 2716 8.224
1791641583.336 2719 8.194
1791641583.363 2722 8.246
1791641583.381 2724 8.108
1791641583.409 2727 8.087
1791641583.436 2730 8.132
1791641583.454 2732 8.007
1791641583.481 2735 8.096
1791641583.509 2738 8.152
1791641583.527 2740 8.097
1791641583.554 2743 8.042
1791641583.582 2746 8.082
1791641583.600 2748 7.943
1791641583.627 2751 8.151
1791641583.654 2754 8.094
1791641583.673 2756 8.059
1791641583.700 2759 8.059
1791641583.727 2762 8.132
1791641583.746 2764 8.186
1791641583.773 2767 8.070
1791641583.800 2770 8.028
1791641583.818 2772 8.072
1791641583.846 2775 7.999
1791641583.873 2778 8.112
1791641583.891 2780 8.097
1791641583.918 2783 8.042
1791641583.946 2786 8.158
1791641583.964 2788 8.082
1791641583.991 2791 8.177
1791641584.019 2794 8.159
1791641584.037 2796 8.079
1791641584.064 2799 8.157
1791641584.091 2802 8.107
1791641584.110 2804 8.081
1791641584.137 2807 8.072
1791641584.164 2810 8.088
1791641584.182 2812 8.076
1791641584.210 2815 8.146
1791641584.237 2818 8.092
1791641584.255 2820 8.066
1791641584.283 2823 8.035
1791641584.310 2826 8.191
1791641584.328 2828 8.129
1791641584.355 2831 8.100
1791641584.383 2834 8.045
1791641584.401 2836 8.162
1791641584.428 2839 8.161
1791641584.456 2842 8.136
1791641584.474 2844 8.179
1791641584.501 2847 8.065
1791641584.528 2850 8.092
1791641584.547 2852 8.042
1791641584.574 2855 8.129
1791641584.601 2858 8.044
1791641584.619 2860 8.025
1791641584.647 2863 8.088
1791641584.674 2866 8.123
1791641584.692 2868 8.100
1791641584.720 2871 8.054
1791641584.747 2874 8.104
1791641584.765 2876 8.112
1791641584.792 2879 8.092
1791641584.820 2882 8.081
1791641584.838 2884 8.094
1791641584.865 2887 8.073
1791641584.892 2890 7.973
1791641584.911 2892 8.061
1791641584.938 2895 8.149
1791641584.965 2898 8.099
1791641584.983 2900 8.002
1791641585.011 2903 8.031
1791641585.038 2906 8.033
1791641585.056 2908 8.103
1791641585.084 2911 8.149
1791641585.111 2914 8.049
1791641585.129 2916 8.029
1791641585.157 2919 8.038
1791641585.184 2922 8.029
1791641585.202 2924 8.031
1791641585.229 2927 8.013
1791641585.257 2930 7.984
1791641585.275 2932 8.096
1791641585.302 2935 7.990
1791641585.329 2938 8.011
1791641585.348 2940 7.939
1791641585.375 2943 8.044
1791641585.402 2946 8.012
1791641585.420 2948 7.991
1791641585.448 2951 8.039
1791641585.475 2954 8.048
1791641585.493 2956 7.967
1791641585.521 2959 7.958
1791641585.548 2962 8.153
1791641585.566 2964 8.092
1791641585.593 2967 7.998
1791641585.621 2970 8.176
1791641585.639 2972 8.153
1791641585.666 2975 8.096
1791641585.694 2978 8.215
1791641585.712 2980 8.201
1791641585.739 2983 8.113
1791641585.767 2986 8.123
1791641585.785 2988 8.217
1791641585.812 2991 8.170
1791641585.839 2994 8.046
1791641585.858 2996 8.144
1791641585.885 2999 8.148
1791641585.912 3002 8.181
1791641585.930 3004 8.182
1791641585.958 3007 8.135
1791641585.985 3010 8.075
1791641586.003 3012 8.085
1791641586.031 3015 8.180
1791641586.058 3018 8.224
1791641586.076 3020 8.182
1791641586.103 3023 8.108
1791641586.131 3026 8.101
1791641586.149 3028 8.191
1791641586.176 3031 7.987
1791641586.204 3034 8.116
1791641586.222 3036 8.187
1791641586.249 3039 8.198
1791641586.276 3042 8.165
1791641586.295 3044 8.117
1791641586.322 3047 8.327
1791641586.349 3050 8.080
1791641586.367 3052 8.146
1791641586.395 3055 8.186
1791641586.422 3058 8.077
1791641586.440 3060 8.194
1791641586.468 3063 8.201
1791641586.495 3066 8.174
1791641586.513 3068 8.007
1791641586.540 3071 8.116
1791641586.568 3074 8.185
1791641586.586 3076 8.150
1791641586.613 3079 8.043
1791641586.640 3082 8.055
1791641586.659 3084 8.051
1791641586.686 3087 8.011
1791641586.713 3090 8.080
1791641586.731 3092 8.073
1791641586.759 3095 8.516
1791641586.786 3098 8.124
1791641586.804 3100 8.022
1791641586.832 3103 8.059
1791641586.859 3106 8.182
1791641586.877 3108 8.093
1791641586.904 3111 7.960
1791641586.932 3114 8.169
1791641586.950 3116 8.057
1791641586.977 3119 8.075
1791641587.005 3122 8.022
1791641587.023 3124 7.925
1791641587.050 3127 7.992
1791641587.078 3130 8.152
1791641587.096 3132 7.990
1791641587.123 3135 8.077
1791641587.150 3138 8.117
1791641587.168 3140 8.052
1791641587.196 3143 8.065
1791641587.223 3146 8.012
1791641587.241 3148 8.022
1791641587.269 3151 7.996
1791641587.296 3154 8.089
1791641587.314 3156 8.003
1791641587.341 3159 8.014
1791641587.369 3162 8.088
1791641587.387 3164 8.093
1791641587.414 3167 8.151
1791641587.442 3170 8.082
1791641587.460 3172 8.080
1791641587.487 3175 8.113
1791641587.515 3178 8.225
1791641587.533 3180 8.126
1791641587.560 3183 8.137
1791641587.587 3186 8.100
1791641587.606 3188 8.175
1791641587.633 3191 8.152
1791641587.660 3194 8.131
1791641587.678 3196 8.103
1791641587.706 3199 8.368
1791641587.733 3202 8.217
1791641587.751 3204 8.119
1791641587.778 3207 8.093
1791641587.806 3210 8.200
1791641587.824 3212 8.192
1791641587.851 3215 8.118
1791641587.879 3218 8.106
1791641587.897 3220 8.161
1791641587.924 3223 8.181
1791641587.951 3226 8.171
1791641587.970 3228 8.067
1791641587.997 3231 8.076
1791641588.024 3234 8.164
1791641588.043 3236 8.174
1791641588.070 3239 8.155
1791641588.097 3242 8.084
1791641588.115 3244 8.076
1791641588.143 3247 8.046
1791641588.170 3250 8.023
1791641588.188 3252 8.154
1791641588.216 3255 8.192
1791641588.243 3258 8.193
1791641588.261 3260 8.142
1791641588.288 3263 8.076
1791641588.316 3266 8.060
1791641588.334 3268 8.158
1791641588.361 3271 8.137
1791641588.388 3274 8.105
1791641588.407 3276 7.997
1791641588.434 3279 8.169
1791641588.461 3282 8.024
1791641588.479 3284 8.044
1791641588.507 3287 8.018
1791641588.534 3290 8.034
1791641588.552 3292 7.991
1791641588.581 3295 9.172
1791641588.587 3298 8.857
1791641588.589 3300 7.937
1791641588.593 3303 7.474
1791641588.599 3308 5.860
1791641588.601 3306 10.745
1791641588.605 3311 7.404
1791641588.611 3316 5.965
1791641588.613 3314 10.567
1791641588.617 3319 7.246
1791641588.624 3324 6.177
1791641588.626 3322 10.999
1791641588.629 3327 7.464
1791641588.635 3332 5.994
1791641588.637 3330 10.780
1791641588.641 3335 7.468
1791641588.648 3340 6.234
1791641588.650 3338 10.893
1791641588.654 3343 7.768
1791641588.660 3348 6.149
1791641588.662 3346 10.699
1791641588.666 3351 7.670
1791641588.672 3356 6.224
1791641588.674 3354 10.753
1791641588.678 3359 7.593
1791641588.684 3362 8.682
1791641588.686 3364 7.840
1791641588.690 3367 7.392
1791641588.696 3370 8.668
1791641588.698 3372 7.881
1791641588.702 3375 7.377
1791641588.708 3380 6.082
1791641588.710 3378 10.864
1791641588.714 3383 7.464
1791641588.721 3386 8.804
1791641588.723 3388 8.145
1791641588.727 3391 7.508
1791641588.733 3394 8.851
1791641588.735 3396 8.117
1791641588.739 3399 7.498
1791641588.745 3404 6.066
1791641588.747 3402 10.743
1791641588.751 3407 7.533
1791641588.757 3410 8.587
1791641588.759 3412 7.987
1791641588.763 3415 7.389
1791641588.769 3418 8.658
1791641588.771 3420 7.845
1791641588.775 3423 7.444
1791641588.781 3426 8.858
1791641588.783 3428 8.166
1791641588.787 3431 7.380
1791641588.793 3434 8.668
1791641588.795 3436 7.841
1791641588.799 3439 7.408
1791641588.806 3442 8.961
1791641588.808 3444 8.194
1791641588.811 3447 7.322
1791641588.818 3452 6.223
1791641588.820 3450 11.031
1791641588.823 3455 7.337
1791641588.830 3460 5.878
1791641588.832 3458 10.716
1791641588.836 3463 7.787
1791641588.842 3466 8.425
1791641588.844 3468 7.959
1791641588.848 3471 7.386
1791641588.854 3474 8.662
1791641588.856 3476 7.825
1791641588.860 3479 7.309
1791641588.866 3482 8.936
1791641588.868 3484 8.141
1791641588.872 3487 7.380
1791641588.878 3490 8.956
1791641588.880 3492 8.175
1791641588.884 3495 7.392
1791641588.890 3500 5.940
1791641588.892 3498 10.736
1791641588.896 3503 7.394
1791641588.903 3508 6.041
1791641588.905 3506 10.870
1791641588.908 3511 7.355
1791641588.914 3516 5.845
1791641588.917 3514 10.628
1791641588.921 3519 7.363
1791641588.927 3522 8.627
1791641588.929 3524 7.848
1791641588.933 3527 7.464
1791641588.939 3532 6.300
1791641588.941 3530 11.114
1791641588.945 3535 7.317
1791641588.951 3538 8.675
1791641588.953 3540 7.826
1791641588.957 3543 7.750
1791641588.963 3546 8.840
1791641588.965 3548 8.290
1791641588.969 3551 7.669
1791641588.976 3554 8.684
1791641588.978 3556 8.179
1791641588.981 3559 7.088
1791641588.988 3564 6.172
1791641588.990 3562 11.014
1791641588.993 3567 7.370
1791641589.000 3572 6.152
1791641589.002 3570 10.950
1791641589.006 3575 7.388
1791641589.012 3580 6.247
1791641589.014 3578 11.064
1791641589.018 3583 7.320
1791641589.024 3588 5.919
1791641589.026 3586 10.698
1791641589.030 3591 7.381
1791641589.036 3596 5.937
1791641589.038 3594 10.702
1791641589.042 3599 7.498
1791641589.048 3604 5.843
1791641589.050 3602 10.671
1791641589.054 3607 7.639
1791641589.060 3610 8.466
1791641589.062 3612 7.880
1791641589.066 3615 7.590
1791641589.073 3618 8.623
1791641589.075 3620 7.742
1791641589.079 3623 7.525
1791641589.085 3628 6.169
1791641589.087 3626 10.791
1791641589.091 3631 7.576
1791641589.097 3634 8.809
1791641589.099 3636 8.194
1791641589.103 3639 7.318
1791641589.109 3642 8.568
1791641589.111 3644 7.848
1791641589.115 3647 7.337
1791641589.121 3650 8.899
1791641589.123 3652 8.057
1791641589.127 3655 7.418
1791641589.133 3658 9.052
1791641589.135 3660 8.217
1791641589.139 3663 7.340
1791641589.145 3668 5.897
1791641589.147 3666 10.726
1791641589.151 3671 7.567
1791641589.157 3674 8.604
1791641589.159 3676 7.928
1791641589.164 3679 7.581
1791641589.169 3682 8.505
1791641589.171 3684 7.852
1791641589.176 3687 7.410
1791641589.182 3692 5.872
1791641589.184 3690 10.750
1791641589.188 3695 7.367
1791641589.194 3698 8.678
1791641589.196 3700 7.814
1791641589.200 3703 7.428
1791641589.206 3706 8.833
1791641589.208 3708 7.988
1791641589.212 3711 7.403
1791641589.218 3714 8.895
1791641589.220 3716 8.008
1791641589.224 3719 7.367
1791641589.230 3722 8.881
1791641589.232 3724 7.984
1791641589.236 3727 7.453
1791641589.242 3730 8.727
1791641589.244 3732 7.880
1791641589.248 3735 7.284
1791641589.254 3738 8.698
1791641589.256 3740 7.846
1791641589.261 3743 7.667
1791641589.267 3748 6.170
1791641589.269 3746 10.701
1791641589.273 3751 7.645
1791641589.279 3754 8.759
1791641589.281 3756 8.200
1791641589.285 3759 7.335
1791641589.291 3764 6.231
1791641589.293 3762 11.025
1791641589.297 3767 7.749
1791641589.303 3770 8.571
1791641589.305 3772 8.175
1791641589.309 3775 7.609
1791641589.315 3778 8.451
1791641589.317 3780 7.879
1791641589.321 3783 7.681
1791641589.327 3788 5.933
1791641589.329 3786 10.450
1791641589.334 3791 7.663
1791641589.340 3796 6.191
1791641589.342 3794 10.728
1791641589.346 3799 7.685
1791641589.352 3802 8.438
1791641589.354 3804 7.919
1791641589.358 3807 7.669
1791641589.364 3812 6.016
1791641589.366 3810 10.541
1791641589.370 3815 7.626
1791641589.376 3818 8.430
1791641589.378 3820 7.894
1791641589.382 3823 7.569
1791641589.388 3828 6.265
1791641589.390 3826 10.877
1791641589.394 3831 7.319
1791641589.400 3834 8.925
1791641589.402 3836 8.102
1791641589.406 3839 7.526
1791641589.412 3842 8.837
1791641589.414 3844 8.125
1791641589.418 3847 7.562
1791641589.425 3852 6.152
1791641589.427 3850 10.662
1791641589.431 3855 7.787
1791641589.437 3860 6.179
1791641589.439 3858 10.616
1791641589.443 3863 7.674
1791641589.549 3866 109.143
1791641589.551 3868 108.598
1791641589.555 3876 99.700
1791641589.557 3884 89.571
1791641589.559 3892 79.440
1791641589.561 3900 69.311
1791641589.563 3908 59.178
1791641589.565 3916 49.048
1791641589.567 3924 38.906
1791641589.569 3932 28.779
1791641589.571 3874 118.557
1791641589.573 3882 108.384
1791641589.575 3890 98.226
1791641589.577 3898 88.172
1791641589.579 3906 77.823
1791641589.581 3914 67.720
1791641589.583 3922 57.594
1791641589.585 3930 47.704
1791641589.587 3871 139.392
1791641589.589 3879 129.261
1791641589.591 3887 119.129
1791641589.593 3895 108.975
1791641589.595 3903 98.886
1791641589.597 3911 88.752
1791641589.599 3919 78.627
1791641589.601 3927 68.497
1791641589.603 3935 58.370
1791641589.606 3938 56.312
1791641589.608 3946 46.083
1791641589.610 3954 36.102
1791641589.612 3962 25.950
1791641589.614 3940 61.804
1791641589.616 3948 51.687
1791641589.618 3956 41.555
1791641589.620 3964 31.428
1791641589.622 3943 65.289
1791641589.624 3951 55.161
1791641589.626 3959 45.022
1791641589.628 3967 34.893
1791641589.631 3972 30.618
1791641589.633 3980 20.486
1791641589.635 3970 37.194
1791641589.637 3978 26.959
1791641589.639 3975 34.019
1791641589.641 3983 23.941
1791641589.644 3988 19.158
1791641589.646 3996 9.028
1791641589.648 3986 25.738
1791641589.650 3994 15.618
1791641589.652 3991 22.632
1791641589.655 3999 13.283
1791641589.658 4002 11.192
1791641589.660 4004 10.611
1791641589.662 4007 8.765
1791641589.667 4012 5.926
1791641589.669 4010 10.763
1791641589.673 4015 7.673
1791641589.679 4018 8.457
1791641589.681 4020 7.906
1791641589.685 4023 7.462
1791641589.691 4026 8.675
1791641589.693 4028 7.830
1791641589.698 4031 7.601
1791641589.703 4034 8.556
1791641589.705 4036 7.862
1791641589.710 4039 7.425
1791641589.716 4042 8.702
1791641589.718 4044 7.877
1791641589.722 4047 7.333
1791641589.728 4052 5.910
1791641589.730 4050 10.751
1791641589.734 4055 7.532
1791641589.740 4058 8.664
1791641589.742 4060 7.843
1791641589.746 4063 7.586
1791641589.752 4068 6.079
1791641589.754 4066 10.692
1791641589.758 4071 7.543
1791641589.765 4074 9.119
1791641589.767 4076 8.448
1791641589.771 4082 3.408
1791641589.773 4079 9.974
1791641589.780 4084 9.812
1791641589.784 4090 4.497
1791641589.786 4087 11.325
1791641589.790 4092 7.773
1791641589.792 4095 5.234
1791641589.797 4098 5.290
1791641589.804 4100 8.722
1791641589.806 4103 6.313
1791641589.810 4108 3.517
1791641589.812 4106 8.558
1791641589.817 4111 5.807
1791641589.823 4114 7.360
1791641589.825 4116 6.330
1791641589.829 4119 5.890
1791641589.836 4122 7.435
1791641589.838 4124 6.447
1791641589.842 4127 5.835
1791641589.848 4132 4.491
1791641589.850 4130 9.530
1791641589.854 4135 6.097
1791641589.860 4138 7.388
1791641589.862 4140 6.381
1791641589.866 4143 6.098
1791641589.872 4146 7.328
1791641589.874 4148 6.313
1791641589.878 4151 5.884
1791641589.884 4154 7.543
1791641589.886 4156 6.480
1791641589.890 4159 5.871
1791641589.896 4164 4.551
1791641589.898 4162 9.556
1791641589.902 4167 6.028
1791641589.909 4172 4.549
1791641589.911 4170 9.573
1791641589.914 4175 5.954
1791641589.921 4178 7.565
1791641589.923 4180 6.556
1791641589.927 4183 5.862
1791641589.933 4186 7.424
1791641589.935 4188 6.326
1791641589.939 4191 5.792
1791641589.945 4196 4.376
1791641589.947 4194 9.409
1791641589.951 4199 5.862
1791641589.957 4204 4.313
1791641589.959 4202 9.339
1791641589.963 4207 6.061
1791641589.969 4212 4.324
1791641589.971 4210 9.350
1791641589.975 4215 5.854
1791641589.981 4220 4.379
1791641589.983 4218 9.419
1791641589.987 4223 5.841
1791641589.994 4228 4.658
1791641589.996 4226 9.771
1791641589.999 4231 5.830
1791641590.006 4236 4.593
1791641590.008 4234 9.628
1791641590.012 4239 6.165
1791641590.018 4242 7.575
1791641590.020 4244 6.571
1791641590.024 4247 5.956
1791641590.030 4252 4.377
1791641590.032 4250 9.405
1791641590.036 4255 5.782
1791641590.042 4260 4.675
1791641590.044 4258 9.701
1791641590.048 4263 5.742
1791641590.054 4268 4.292
1791641590.056 4266 9.327
1791641590.060 4271 5.853
1791641590.066 4276 4.661
1791641590.068 4274 9.706
1791641590.072 4279 5.953
1791641590.078 4282 7.476
1791641590.080 4284 6.455
1791641590.084 4287 5.798
1791641590.091 4292 4.542
1791641590.093 4290 9.536
1791641590.096 4295 5.807
1791641590.103 4298 7.629
1791641590.105 4300 6.610
1791641590.109 4303 5.806
1791641590.115 4306 7.697
1791641590.117 4308 6.618
1791641590.121 4311 5.775
1791641590.127 4316 4.329
1791641590.129 4314 9.369
1791641590.133 4319 5.887
1791641590.139 4324 4.320
1791641590.141 4322 9.412
1791641590.145 4327 6.242
1791641590.151 4332 4.548
1791641590.153 4330 9.577
1791641590.157 4335 6.086
1791641590.163 4338 7.338
1791641590.165 4340 6.328
1791641590.169 4343 5.852
1791641590.176 4348 4.548
1791641590.178 4346 9.589
1791641590.181 4351 5.878
1791641590.188 4354 7.662
1791641590.190 4356 6.634
1791641590.194 4359 5.863
1791641590.200 4362 7.539
1791641590.202 4364 6.525
1791641590.206 4367 5.887
1791641590.212 4370 7.345
1791641590.214 4372 6.320
1791641590.218 4375 5.894
1791641590.224 4380 4.765
1791641590.226 4378 9.799
1791641590.230 4383 5.860
1791641590.236 4388 4.322
1791641590.238 4386 9.369
1791641590.242 4391 5.838
1791641590.248 4396 4.365
1791641590.250 4394 9.402
1791641590.254 4399 6.019
1791641590.261 4402 7.646
1791641590.263 4404 6.569
1791641590.266 4407 5.858
1791641590.273 4410 7.616
1791641590.275 4412 6.607
1791641590.279 4415 5.887
1791641590.285 4418 7.736
1791641590.287 4420 6.719
1791641590.291 4423 5.844
1791641590.297 4426 7.901
1791641590.299 4428 6.875
1791641590.303 4431 5.920
1791641590.309 4436 4.594
1791641590.311 4434 9.662
1791641590.315 4439 5.826
1791641590.321 4444 4.363
1791641590.323 4442 9.393
1791641590.327 4447 5.826
1791641590.333 4450 7.358
1791641590.335 4452 6.336
1791641590.339 4455 5.734
1791641590.345 4460 4.288
1791641590.347 4458 9.321
1791641590.352 4463 6.448
1791641590.358 4466 7.562
1791641590.360 4468 6.546
1791641590.364 4471 5.911
1791641590.370 4476 4.358
1791641590.372 4474 9.357
1791641590.376 4479 5.849
1791641590.382 4482 7.484
1791641590.384 4484 6.461
1791641590.388 4487 5.885
1791641590.394 4492 4.786
1791641590.396 4490 9.818
1791641590.400 4495 5.879
1791641590.406 4500 4.489
1791641590.408 4498 9.519
1791641590.412 4503 5.895
1791641590.418 4508 4.379
1791641590.420 4506 9.408
1791641590.424 4511 5.728
1791641590.430 4516 4.315
1791641590.432 4514 9.360
1791641590.436 4519 5.844
1791641590.442 4522 7.430
1791641590.444 4524 6.404
1791641590.449 4527 6.117
1791641590.455 4530 7.387
1791641590.457 4532 6.381
1791641590.461 4535 5.881
1791641590.467 4540 4.338
1791641590.469 4538 9.457
1791641590.473 4543 5.769
1791641590.479 4548 4.621
1791641590.481 4546 9.727
1791641590.485 4551 6.196
1791641590.491 4554 7.366
1791641590.493 4556 6.361
1791641590.497 4559 5.822
1791641590.503 4564 4.340
1791641590.505 4562 9.375
1791641590.509 4567 5.934
1791641590.515 4570 7.381
1791641590.517 4572 6.362
1791641590.521 4575 5.878
1791641590.527 4578 7.369
1791641590.529 4580 6.386
1791641590.533 4583 5.870
1791641590.541 4586 8.412
1791641590.543 4588 7.333
1791641590.546 4591 5.782
1791641590.552 4596 4.268
1791641590.554 4594 9.269
1791641590.558 4599 6.094
1791641590.564 4602 7.327
1791641590.566 4604 6.319
1791641590.570 4607 5.826
1791641590.576 4612 4.294
1791641590.578 4610 9.322
1791641590.582 4615 5.842
1791641590.588 4618 7.647
1791641590.590 4620 6.629
1791641590.594 4623 5.824
1791641590.601 4628 4.632
1791641590.603 4626 9.667
1791641590.606 4631 5.819
1791641590.612 4634 7.373
1791641590.614 4636 6.357
1791641590.618 4639 5.907
1791641590.624 4644 4.335
1791641590.626 4642 9.340
1791641590.631 4647 5.873
1791641590.637 4652 4.606
1791641590.639 4650 9.702
1791641590.643 4655 5.982
1791641590.649 4658 7.339
1791641590.651 4660 6.362
1791641590.655 4663 5.902
1791641590.661 4666 7.570
1791641590.663 4668 6.559
1791641590.667 4671 5.848
1791641590.673 4676 4.332
1791641590.675 4674 9.343
1791641590.679 4679 5.809
1791641590.685 4684 4.358
1791641590.687 4682 9.395
1791641590.691 4687 5.755
1791641590.698 4692 4.801
1791641590.700 4690 9.811
1791641590.703 4695 5.809
1791641590.710 4700 4.636
1791641590.712 4698 9.671
1791641590.716 4703 6.122
1791641590.722 4706 7.347
1791641590.724 4708 6.340
1791641590.728 4711 5.941
1791641590.734 4716 4.516
1791641590.736 4714 9.530
1791641590.740 4719 5.997
1791641590.746 4724 4.713
1791641590.748 4722 9.732
1791641590.752 4727 5.780
1791641590.758 4732 4.583
1791641590.760 4730 9.615
1791641590.764 4735 5.840
1791641590.770 4740 4.562
1791641590.772 4738 9.585
1791641590.776 4743 5.859
1791641590.782 4748 4.502
1791641590.784 4746 9.536
1791641590.789 4751 6.011
1791641590.794 4754 7.335
1791641590.796 4756 6.321
1791641590.801 4759 5.934
1791641590.807 4764 4.349
1791641590.809 4762 9.342
1791641590.813 4767 5.792
1791641590.819 4770 7.749
1791641590.821 4772 6.669
1791641590.825 4775 5.842
1791641590.831 4778 7.357
1791641590.833 4780 6.356
1791641590.837 4783 5.808
1791641590.843 4786 7.424
1791641590.845 4788 6.405
1791641590.849 4791 5.986
1791641590.856 4794 7.883
1791641590.858 4796 6.863
1791641590.861 4799 5.857
1791641590.867 4804 4.347
1791641590.869 4802 9.385
1791641590.873 4807 5.804
1791641590.879 4810 7.362
1791641590.881 4812 6.353
1791641590.886 4815 5.998
1791641590.891 4820 4.262
1791641590.893 4818 9.345
1791641590.898 4823 5.853
1791641590.904 4828 4.307
1791641590.906 4826 9.351
1791641590.910 4831 5.857
1791641590.916 4836 4.737
1791641590.918 4834 9.741
1791641590.922 4839 5.849
1791641590.928 4842 7.322
1791641590.930 4844 6.301
1791641590.934 4847 6.282
1791641590.942 4850 8.853
1791641590.944 4852 7.865
1791641590.948 4855 7.375
1791641590.954 4860 6.085
1791641590.956 4858 10.938
1791641590.960 4863 7.419
1791641590.966 4866 8.886
1791641590.968 4868 8.080
1791641590.972 4871 7.474
1791641590.978 4874 8.594
1791641590.980 4876 7.863
1791641590.984 4879 7.289
1791641590.990 4884 5.864
1791641590.992 4882 10.672
1791641590.996 4887 7.310
1791641591.003 4892 6.074
1791641591.005 4890 10.910
1791641591.008 4895 7.400
1791641591.015 4900 6.182
1791641591.017 4898 10.973
1791641591.021 4903 7.418
1791641591.027 4908 6.197
1791641591.029 4906 10.985
1791641591.033 4911 7.617
1791641591.039 4914 8.692
1791641591.041 4916 8.177
1791641591.045 4919 7.593
1791641591.051 4922 8.784
1791641591.053 4924 8.241
1791641591.057 4927 7.460
1791641591.063 4932 6.220
1791641591.065 4930 10.955
1791641591.069 4935 7.478
1791641591.075 4938 8.859
1791641591.077 4940 8.179
1791641591.081 4943 7.640
1791641591.088 4948 6.124
1791641591.090 4946 10.709
1791641591.094 4951 7.627
1791641591.100 4954 8.647
1791641591.102 4956 8.130
1791641591.106 4959 7.543
1791641591.112 4962 8.668
1791641591.114 4964 8.091
1791641591.118 4967 7.434
1791641591.124 4972 6.124
1791641591.126 4970 10.783
1791641591.130 4975 7.709
1791641591.136 4978 8.786
1791641591.138 4980 8.278
1791641591.142 4983 7.304
1791641591.148 4988 5.833
1791641591.150 4986 10.678
1791641591.154 4991 7.437
1791641591.160 4996 5.926
1791641591.162 4994 10.802
1791641591.166 4999 7.437
1791641591.172 5002 8.587
1791641591.174 5004 7.895
1791641591.178 5007 7.354
1791641591.185 5010 8.906
1791641591.187 5012 8.078
1791641591.190 5015 7.410
1791641591.197 5020 5.984
1791641591.199 5018 10.786
1791641591.203 5023 7.561
1791641591.209 5026 8.971
1791641591.211 5028 8.221
1791641591.215 5031 7.341
1791641591.221 5034 8.700
1791641591.223 5036 7.909
1791641591.227 5039 7.411
1791641591.233 5044 5.826
1791641591.235 5042 10.672
1791641591.239 5047 7.338
1791641591.245 5052 6.131
1791641591.247 5050 10.964
1791641591.251 5055 7.395
1791641591.257 5060 6.124
1791641591.259 5058 10.902
1791641591.263 5063 7.539
1791641591.269 5068 5.875
1791641591.271 5066 10.496
1791641591.275 5071 7.361
1791641591.281 5074 8.733
1791641591.283 5076 7.856
1791641591.288 5079 7.391
1791641591.294 5082 8.709
1791641591.296 5084 7.867
1791641591.300 5087 7.368
1791641591.306 5092 5.854
1791641591.308 5090 10.664
1791641591.312 5095 7.425
1791641591.318 5098 8.789
1791641591.320 5100 7.947
1791641591.324 5103 7.347
1791641591.330 5108 6.074
1791641591.332 5106 10.885
1791641591.336 5111 7.421
1791641591.342 5116 5.831
1791641591.344 5114 10.610
1791641591.348 5119 7.444
1791641591.354 5124 5.962
1791641591.356 5122 10.728
1791641591.360 5127 7.347
1791641591.367 5130 8.980
1791641591.369 5132 8.169
1791641591.373 5135 7.420
1791641591.379 5138 8.877
1791641591.381 5140 8.181
1791641591.385 5143 7.657
1791641591.391 5148 5.925
1791641591.393 5146 10.477
1791641591.397 5151 7.720
1791641591.403 5156 5.831
1791641591.405 5154 10.278
1791641591.409 5159 7.628
1791641591.415 5162 8.433
1791641591.417 5164 7.870
1791641591.421 5167 7.586
1791641591.427 5170 8.392
1791641591.429 5172 7.820
1791641591.433 5175 7.630
1791641591.440 5180 6.160
1791641591.442 5178 10.733
1791641591.445 5183 7.296
1791641591.452 5188 6.271
1791641591.454 5186 11.097
1791641591.457 5191 7.344
1791641591.464 5194 9.025
1791641591.466 5196 8.225
1791641591.470 5199 7.614
1791641591.476 5204 6.122
1791641591.478 5202 10.717
1791641591.482 5207 7.375
1791641591.488 5212 5.863
1791641591.490 5210 10.677
1791641591.494 5215 7.601
1791641591.500 5220 6.123
1791641591.502 5218 10.731
1791641591.506 5223 7.554
1791641591.512 5226 8.727
1791641591.514 5228 8.111
1791641591.518 5231 7.643
1791641591.524 5236 5.833
1791641591.526 5234 10.391
1791641591.531 5239 7.797
1791641591.537 5242 8.701
1791641591.539 5244 8.270
1791641591.542 5247 7.344
1791641591.549 5250 8.957
1791641591.551 5252 8.175
1791641591.555 5255 7.626
1791641591.561 5258 8.790
1791641591.563 5260 8.205
1791641591.567 5263 7.635
1791641591.573 5266 9.047
1791641591.575 5268 8.475
1791641591.579 5271 7.557
1791641591.585 5276 6.137
1791641591.587 5274 10.758
1791641591.591 5279 7.314
1791641591.597 5284 6.203
1791641591.599 5282 11.031
1791641591.604 5287 7.762
1791641591.609 5292 6.092
1791641591.611 5290 10.649
1791641591.616 5295 7.603
1791641591.622 5300 6.125
1791641591.624 5298 10.707
1791641591.628 5303 7.597
1791641591.634 5306 8.739
1791641591.636 5308 8.167
1791641591.640 5311 7.608
1791641591.646 5316 6.167
1791641591.648 5314 10.773
1791641591.652 5319 7.336
1791641591.658 5322 8.970
1791641591.660 5324 8.192
1791641591.664 5327 7.607
1791641591.670 5330 8.465
1791641591.672 5332 7.892
1791641591.676 5335 7.391
1791641591.682 5340 6.156
1791641591.684 5338 10.991
1791641591.688 5343 7.333
1791641591.695 5346 9.048
1791641591.697 5348 8.241
1791641591.700 5351 7.490
1791641591.707 5356 6.269
1791641591.709 5354 11.098
1791641591.712 5359 7.297
1791641591.719 5362 8.973
1791641591.721 5364 8.185
1791641591.725 5367 7.379
1791641591.731 5370 8.734
1791641591.733 5372 7.937
1791641591.737 5375 7.725
1791641591.743 5380 5.867
1791641591.745 5378 10.340
1791641591.749 5383 7.343
1791641591.755 5386 8.663
1791641591.757 5388 7.821
1791641591.761 5391 7.342
1791641591.767 5396 5.903
1791641591.769 5394 10.768
1791641591.773 5399 7.375
1791641591.780 5402 9.107
1791641591.782 5404 8.210
1791641591.785 5407 7.657
1791641591.792 5410 8.853
1791641591.794 5412 8.319
1791641591.797 5415 7.383
1791641591.803 5418 8.612
1791641591.805 5420 7.798
1791641591.809 5423 7.324
1791641591.816 5426 8.701
1791641591.818 5428 7.863
1791641591.822 5431 7.340
1791641591.828 5436 5.852
1791641591.830 5434 10.712
1791641591.834 5439 7.585
1791641591.840 5444 6.120
1791641591.842 5442 10.691
1791641591.846 5447 7.637
1791641591.852 5450 8.779
1791641591.854 5452 8.191
1791641591.858 5455 7.424
1791641591.864 5458 8.903
1791641591.866 5460 8.177
1791641591.870 5463 7.370
1791641591.877 5466 8.930
1791641591.879 5468 8.162
1791641591.882 5471 7.277
1791641591.888 5476 5.823
1791641591.890 5474 10.704
1791641591.895 5479 7.589
1791641591.901 5484 6.244
1791641591.903 5482 10.827
1791641591.907 5487 7.702
1791641591.913 5492 5.911
1791641591.915 5490 10.419
1791641591.919 5495 7.287
1791641591.925 5498 8.806
1791641591.927 5500 7.983
1791641591.931 5503 7.402
1791641591.937 5506 8.796
1791641591.939 5508 7.950
1791641591.943 5511 7.354
1791641591.949 5514 8.827
1791641591.951 5516 7.927
1791641591.955 5519 7.591
1791641591.962 5522 8.688
1791641591.964 5524 8.143
1791641591.968 5527 7.606
1791641591.974 5530 8.691
1791641591.976 5532 8.130
1791641591.980 5535 7.663
1791641591.986 5540 6.206
1791641591.988 5538 10.752
1791641591.992 5543 7.802
1791641591.998 5546 8.608
1791641592.000 5548 8.201
1791641592.004 5551 7.311
1791641592.010 5554 8.991
1791641592.012 5556 8.208
1791641592.016 5559 7.316
1791641592.022 5564 6.217
1791641592.024 5562 11.055
1791641592.028 5567 7.663
1791641592.034 5570 8.430
1791641592.036 5572 7.893
1791641592.040 5575 7.374
1791641592.046 5580 6.126
1791641592.049 5578 10.959
1791641592.052 5583 7.357
1791641592.059 5586 9.132
1791641592.061 5588 8.363
1791641592.065 5591 7.582
1791641592.071 5596 5.904
1791641592.073 5594 10.519
1791641592.077 5599 7.627
1791641592.083 5602 8.421
1791641592.085 5604 7.835
1791641592.089 5607 7.492
1791641592.095 5610 9.054
1791641592.097 5612 8.438
1791641592.101 5615 7.246
1791641592.107 5618 8.700
1791641592.109 5620 7.844
1791641592.113 5623 7.561
1791641592.119 5626 8.611
1791641592.121 5628 8.035
1791641592.125 5631 7.605
1791641592.131 5634 8.684
1791641592.133 5636 8.152
1791641592.137 5639 7.393
1791641592.144 5642 8.867
1791641592.146 5644 8.119
1791641592.150 5647 7.773
1791641592.155 5652 5.848
1791641592.157 5650 10.398
1791641592.162 5655 7.418
1791641592.168 5660 6.212
1791641592.170 5658 11.070
1791641592.174 5663 7.373
1791641592.180 5668 6.196
1791641592.182 5666 10.986
1791641592.186 5671 7.357
1791641592.192 5676 6.020
1791641592.194 5674 10.824
1791641592.198 5679 7.344
1791641592.204 5682 9.011
1791641592.206 5684 8.198
1791641592.210 5687 7.345
1791641592.216 5692 5.883
1791641592.218 5690 10.700
1791641592.222 5695 7.355
1791641592.228 5698 8.692
1791641592.230 5700 7.829
1791641592.234 5703 7.380
1791641592.241 5706 8.706
1791641592.243 5708 7.936
1791641592.247 5711 7.397
1791641592.253 5716 5.899
1791641592.255 5714 10.675
1791641592.259 5719 7.791
1791641592.266 5722 9.573
1791641592.268 5724 9.185
1791641592.273 5730 4.632
1791641592.275 5727 11.147
1791641592.279 5732 7.941
1791641592.281 5735 5.414
1791641592.285 5738 5.314
1791641592.292 5740 8.784
1791641592.294 5743 6.331
1791641592.299 5746 6.447
1791641592.301 5748 5.423
1791641592.306 5751 5.809
1791641592.312 5754 7.640
1791641592.314 5756 6.621
1791641592.318 5759 6.123
1791641592.324 5764 4.316
1791641592.326 5762 9.346
1791641592.330 5767 5.782
1791641592.336 5770 7.749
1791641592.338 5772 6.734
1791641592.342 5775 6.057
1791641592.348 5778 7.432
1791641592.350 5780 6.403
1791641592.354 5783 5.861
1791641592.360 5788 4.366
1791641592.362 5786 9.403
1791641592.366 5791 5.981
1791641592.373 5796 4.422
1791641592.375 5794 9.467
1791641592.379 5799 5.938
1791641592.385 5802 7.393
1791641592.387 5804 6.407
1791641592.391 5807 5.789
1791641592.397 5812 4.678
1791641592.399 5810 9.715
1791641592.403 5815 5.912
1791641592.409 5818 7.688
1791641592.411 5820 6.682
1791641592.415 5823 5.987
1791641592.421 5828 4.603
1791641592.423 5826 9.637
1791641592.427 5831 5.832
1791641592.433 5834 7.598
1791641592.435 5836 6.536
1791641592.439 5839 5.746
1791641592.445 5842 7.589
1791641592.447 5844 6.575
1791641592.451 5847 5.849
1791641592.458 5852 4.463
1791641592.460 5850 9.483
1791641592.463 5855 5.813
1791641592.469 5858 7.253
1791641592.471 5860 6.247
1791641592.476 5863 6.064
1791641592.482 5868 4.503
1791641592.484 5866 9.537
1791641592.488 5871 5.741
1791641592.494 5874 7.708
1791641592.496 5876 6.692
1791641592.500 5879 6.062
1791641592.506 5882 7.605
1791641592.508 5884 6.606
1791641592.512 5887 6.033
1791641592.618 5892 104.752
1791641592.620 5890 109.788
1791641592.624 5895 105.564
1791641592.626 5903 95.432
1791641592.628 5911 85.304
1791641592.630 5919 75.173
1791641592.632 5927 65.039
1791641592.634 5935 54.911
1791641592.636 5943 44.775
1791641592.638 5951 34.642
1791641592.640 5959 24.513
1791641592.642 5898 119.065
1791641592.644 5906 108.931
1791641592.646 5914 98.809
1791641592.648 5922 88.678
1791641592.650 5930 78.534
1791641592.652 5938 68.416
1791641592.654 5946 58.285
1791641592.656 5954 48.149
1791641592.658 5900 132.100
1791641592.660 5908 121.972
1791641592.662 5916 111.853
1791641592.664 5924 101.723
1791641592.666 5932 91.590
1791641592.668 5940 81.462
1791641592.670 5948 71.333
1791641592.672 5956 61.197
1791641592.675 5962 55.112
1791641592.677 5970 44.951
1791641592.679 5978 34.847
1791641592.681 5986 24.709
1791641592.683 5967 55.560
1791641592.685 5975 45.423
1791641592.687 5983 35.294
1791641592.689 5991 25.164
1791641592.691 5964 68.136
1791641592.693 5972 58.007
1791641592.695 5980 47.876
1791641592.697 5988 37.741
1791641592.700 5996 28.613
1791641592.702 6004 18.484
1791641592.704 5999 28.078
1791641592.706 6007 17.949
1791641592.708 5994 39.661
1791641592.710 6002 29.535
1791641592.713 6010 20.333
1791641592.715 6018 10.166
1791641592.717 6015 16.743
1791641592.719 6012 23.304
1791641592.721 6020 13.172
1791641592.724 6023 11.320
1791641592.727 6028 6.451
1791641592.729 6026 11.470
1791641592.731 6031 6.483
1791641592.737 6036 4.416
1791641592.739 6034 9.445
1791641592.743 6039 5.758
1791641592.749 6042 7.661
1791641592.751 6044 6.660
1791641592.755 6047 5.758
1791641592.761 6052 4.557
1791641592.763 6050 9.589
1791641592.767 6055 5.769
1791641592.773 6058 7.779
1791641592.775 6060 6.754
1791641592.779 6063 6.054
1791641592.785 6068 4.268
1791641592.787 6066 9.351
1791641592.791 6071 5.855
1791641592.797 6074 7.403
1791641592.799 6076 6.376
1791641592.803 6079 5.831
1791641592.809 6084 4.422
1791641592.811 6082 9.456
1791641592.815 6087 5.760
1791641592.822 6090 7.343
1791641592.824 6092 6.321
1791641592.828 6095 5.771
1791641592.835 6100 5.199
1791641592.837 6098 10.237
1791641592.840 6103 5.884
1791641592.846 6106 7.269
1791641592.848 6108 6.287
1791641592.852 6111 5.933
1791641592.858 6116 4.318
1791641592.860 6114 9.360
1791641592.864 6119 5.789
1791641592.870 6122 7.343
1791641592.872 6124 6.346
1791641592.876 6127 5.770
1791641592.882 6132 4.311
1791641592.884 6130 9.352
1791641592.888 6135 5.944
1791641592.894 6138 7.417
1791641592.896 6140 6.394
1791641592.900 6143 5.807
1791641592.906 6146 7.351
1791641592.908 6148 6.327
1791641592.913 6151 5.821
1791641592.919 6154 7.390
1791641592.921 6156 6.362
1791641592.925 6159 5.786
1791641592.931 6164 4.296
1791641592.933 6162 9.338
1791641592.937 6167 5.864
1791641592.943 6172 4.300
1791641592.945 6170 9.338
1791641592.949 6175 6.057
1791641592.955 6178 7.525
1791641592.957 6180 6.515
1791641592.961 6183 6.088
1791641592.967 6186 7.641
1791641592.969 6188 6.637
1791641592.974 6191 6.119
1791641592.979 6196 4.419
1791641592.981 6194 9.460
1791641592.985 6199 5.806
1791641592.992 6204 4.412
1791641592.994 6202 9.458
1791641592.997 6207 5.792
1791641593.004 6212 4.279
1791641593.006 6210 9.318
1791641593.010 6215 5.766
1791641593.016 6220 4.286
1791641593.018 6218 9.324
1791641593.022 6223 5.739
1791641593.028 6228 4.329
1791641593.030 6226 9.358
1791641593.034 6231 5.789
1791641593.040 6234 7.387
1791641593.042 6236 6.361
1791641593.046 6239 5.968
1791641593.052 6242 7.506
1791641593.054 6244 6.422
1791641593.058 6247 5.789
1791641593.064 6250 7.353
1791641593.066 6252 6.332
1791641593.070 6255 5.821
1791641593.076 6260 4.333
1791641593.078 6258 9.365
1791641593.082 6263 5.800
1791641593.089 6266 7.366
1791641593.091 6268 6.338
1791641593.095 6271 5.801
1791641593.101 6274 7.298
1791641593.103 6276 6.270
1791641593.107 6279 5.800
1791641593.113 6284 4.441
1791641593.115 6282 9.478
1791641593.119 6287 5.796
1791641593.125 6290 7.638
1791641593.127 6292 6.626
1791641593.131 6295 6.140
1791641593.137 6298 7.467
1791641593.139 6300 6.450
1791641593.143 6303 6.041
1791641593.149 6306 7.490
1791641593.151 6308 6.480
1791641593.155 6311 5.724
1791641593.162 6314 7.568
1791641593.164 6316 6.552
1791641593.168 6319 6.066
1791641593.173 6324 4.259
1791641593.175 6322 9.285
1791641593.180 6327 6.029
1791641593.186 6332 4.437
1791641593.188 6330 9.474
1791641593.192 6335 6.110
1791641593.198 6340 4.447
1791641593.200 6338 9.473
1791641593.204 6343 6.016
1791641593.210 6348 4.494
1791641593.212 6346 9.524
1791641593.216 6351 5.777
1791641593.222 6356 4.568
1791641593.224 6354 9.568
1791641593.228 6359 5.841
1791641593.234 6364 4.340
1791641593.236 6362 9.382
1791641593.240 6367 5.808
1791641593.246 6372 4.321
1791641593.248 6370 9.348
1791641593.252 6375 5.819
1791641593.259 6378 7.396
1791641593.261 6380 6.369
1791641593.265 6383 5.812
1791641593.271 6388 4.313
1791641593.273 6386 9.348
1791641593.277 6391 5.795
1791641593.283 6394 7.471
1791641593.285 6396 6.443
1791641593.289 6399 5.815
1791641593.295 6402 7.292
1791641593.297 6404 6.266
1791641593.301 6407 5.796
1791641593.307 6412 4.255
1791641593.309 6410 9.299
1791641593.313 6415 5.800
1791641593.319 6418 7.312
1791641593.321 6420 6.291
1791641593.326 6423 6.175
1791641593.332 6426 7.621
1791641593.334 6428 6.610
1791641593.337 6431 5.768
1791641593.344 6434 7.641
1791641593.346 6436 6.632
1791641593.350 6439 6.100
1791641593.356 6442 7.331
1791641593.358 6444 6.316
1791641593.362 6447 6.234
1791641593.368 6450 7.644
1791641593.370 6452 6.640
1791641593.374 6455 6.040
1791641593.380 6458 7.662
1791641593.382 6460 6.657
1791641593.386 6463 5.931
1791641593.392 6466 7.737
1791641593.394 6468 6.648
1791641593.398 6471 5.740
1791641593.405 6474 8.666
1791641593.407 6476 7.649
1791641593.411 6479 6.128
1791641593.416 6482 7.381
1791641593.418 6484 6.361
1791641593.422 6487 5.829
1791641593.428 6492 4.322
1791641593.430 6490 9.363
1791641593.434 6495 5.791
1791641593.441 6498 7.424
1791641593.443 6500 6.423
1791641593.447 6503 5.862
1791641593.453 6506 7.313
1791641593.455 6508 6.291
1791641593.459 6511 5.856
1791641593.465 6516 4.633
1791641593.467 6514 9.671
1791641593.471 6519 5.820
1791641593.477 6522 7.536
1791641593.479 6524 6.517
1791641593.483 6527 5.832
1791641593.489 6532 4.610
1791641593.491 6530 9.669
1791641593.495 6535 5.779
1791641593.501 6538 7.314
1791641593.503 6540 6.299
1791641593.508 6543 6.003
1791641593.514 6548 4.616
1791641593.516 6546 9.654
1791641593.520 6551 6.067
1791641593.526 6554 7.363
1791641593.528 6556 6.353
1791641593.532 6559 5.909
1791641593.538 6562 7.447
1791641593.540 6564 6.422
1791641593.544 6567 6.066
1791641593.550 6570 7.359
1791641593.552 6572 6.350
1791641593.556 6575 5.900
1791641593.562 6580 4.636
1791641593.564 6578 9.671
1791641593.568 6583 5.852
1791641593.574 6586 7.314
1791641593.576 6588 6.318
1791641593.580 6591 5.808
1791641593.587 6594 7.642
1791641593.589 6596 6.628
1791641593.592 6599 5.869
1791641593.599 6602 7.812
1791641593.601 6604 6.794
1791641593.605 6607 5.910
1791641593.610 6610 7.286
1791641593.612 6612 6.276
1791641593.617 6615 5.779
1791641593.623 6620 4.309
1791641593.625 6618 9.350
1791641593.629 6623 5.817
1791641593.635 6628 4.315
1791641593.637 6626 9.324
1791641593.641 6631 5.954
1791641593.647 6636 4.286
1791641593.649 6634 9.328
1791641593.653 6639 5.863
1791641593.659 6644 4.251
1791641593.661 6642 9.276
1791641593.665 6647 5.837
1791641593.671 6652 4.294
1791641593.673 6650 9.297
1791641593.678 6655 6.077
1791641593.684 6660 4.590
1791641593.686 6658 9.642
1791641593.689 6663 5.839
1791641593.696 6668 4.635
1791641593.698 6666 9.678
1791641593.702 6671 6.042
1791641593.708 6676 4.640
1791641593.710 6674 9.669
1791641593.714 6679 5.758
1791641593.720 6684 4.558
1791641593.722 6682 9.585
1791641593.726 6687 5.854
1791641593.732 6692 4.361
1791641593.734 6690 9.398
1791641593.738 6695 5.803
1791641593.744 6698 7.703
1791641593.746 6700 6.685
1791641593.750 6703 5.791
1791641593.757 6706 7.783
1791641593.759 6708 6.774
1791641593.762 6711 5.831
1791641593.769 6716 4.656
1791641593.771 6714 9.693
1791641593.774 6719 5.875
1791641593.781 6724 4.535
1791641593.783 6722 9.529
1791641593.787 6727 6.122
1791641593.793 6732 4.297
1791641593.795 6730 9.323
1791641593.799 6735 5.808
1791641593.805 6740 4.608
1791641593.807 6738 9.700
1791641593.811 6743 5.994
1791641593.817 6746 7.324
1791641593.819 6748 6.300
1791641593.823 6751 5.912
1791641593.829 6754 7.310
1791641593.831 6756 6.290
1791641593.835 6759 5.960
1791641593.841 6764 4.336
1791641593.843 6762 9.349
1791641593.847 6767 5.847
1791641593.854 6772 4.631
1791641593.856 6770 9.669
1791641593.859 6775 5.803
1791641593.866 6780 4.439
1791641593.868 6778 9.469
1791641593.871 6783 5.837
1791641593.878 6786 7.703
1791641593.880 6788 6.685
1791641593.884 6791 5.898
1791641593.890 6796 4.446
1791641593.892 6794 9.461
1791641593.896 6799 5.918
1791641593.902 6802 7.485
1791641593.904 6804 6.464
1791641593.908 6807 6.029
1791641593.914 6810 7.723
1791641593.916 6812 6.713
1791641593.920 6815 6.181
1791641593.926 6820 4.312
1791641593.928 6818 9.349
1791641593.932 6823 5.784
1791641593.938 6828 4.365
1791641593.940 6826 9.406
1791641593.944 6831 5.737
1791641593.951 6834 7.654
1791641593.953 6836 6.624
1791641593.957 6839 6.160
1791641593.962 6842 7.292
1791641593.964 6844 6.281
1791641593.969 6847 6.031
1791641593.975 6852 4.590
1791641593.977 6850 9.614
1791641593.981 6855 5.798
1791641593.987 6858 7.567
1791641593.989 6860 6.562
1791641593.993 6863 6.007
1791641593.999 6868 4.379
1791641594.001 6866 9.421
1791641594.005 6871 5.830
1791641594.011 6876 4.482
1791641594.013 6874 9.514
1791641594.017 6879 6.116
1791641594.023 6884 4.288
1791641594.025 6882 9.319
1791641594.029 6887 5.954
1791641594.036 6890 7.594
1791641594.038 6892 6.587
1791641594.041 6895 5.813
1791641594.048 6898 7.627
1791641594.050 6900 6.610
1791641594.054 6903 5.917
1791641594.160 6906 108.010
1791641594.162 6908 106.998
1791641594.165 6914 101.016
1791641594.167 6922 90.886
1791641594.169 6930 80.762
1791641594.171 6938 70.625
1791641594.173 6946 60.491
1791641594.175 6954 50.363
1791641594.177 6962 40.232
1791641594.179 6970 30.119
1791641594.181 6911 121.628
1791641594.183 6919 111.497
1791641594.186 6927 101.366
1791641594.188 6935 91.237
1791641594.190 6943 81.106
1791641594.192 6951 70.973
1791641594.194 6959 60.843
1791641594.196 6967 50.712
1791641594.198 6975 40.587
1791641594.200 6916 132.110
1791641594.202 6924 121.981
1791641594.204 6932 111.849
1791641594.206 6940 101.710
1791641594.208 6948 91.581
1791641594.210 6956 81.452
1791641594.212 6964 71.323
1791641594.214 6972 61.178
1791641594.217 6983 47.514
1791641594.219 6991 37.379
1791641594.221 6999 27.246
1791641594.223 7007 17.123
1791641594.225 6980 60.093
1791641594.227 6988 49.964
1791641594.229 6996 39.830
1791641594.231 7004 29.705
1791641594.233 6978 71.148
1791641594.235 6986 61.023
1791641594.237 6994 50.880
1791641594.239 7002 40.755
1791641594.242 7010 31.471
1791641594.244 7018 21.353
1791641594.246 7012 32.468
1791641594.248 7020 22.339
1791641594.250 7015 31.932
1791641594.252 7023 21.802
1791641594.255 7026 20.386
1791641594.257 7034 10.255
1791641594.259 7031 16.816
1791641594.261 7028 23.381
1791641594.263 7036 13.252
1791641594.266 7039 11.985
1791641594.269 7042 10.138
1791641594.271 7044 9.113
1791641594.273 7047 7.196
1791641594.278 7050 7.443
1791641594.280 7052 6.398
1791641594.284 7055 5.833
1791641594.291 7060 4.638
1791641594.293 7058 9.679
1791641594.296 7063 5.874
1791641594.302 7068 4.284
1791641594.304 7066 9.394
1791641594.308 7071 5.842
1791641594.315 7074 7.343
1791641594.317 7076 6.304
1791641594.321 7079 5.979
1791641594.327 7084 4.289
1791641594.329 7082 9.314
1791641594.333 7087 6.059
1791641594.339 7092 4.624
1791641594.341 7090 9.646
1791641594.345 7095 5.857
1791641594.351 7100 4.360
1791641594.353 7098 9.380
1791641594.357 7103 5.823
1791641594.363 7106 7.556
1791641594.365 7108 6.548
1791641594.369 7111 5.787
1791641594.375 7116 4.373
1791641594.377 7114 9.409
1791641594.381 7119 5.756
1791641594.387 7122 7.447
1791641594.389 7124 6.434
1791641594.394 7127 6.135
1791641594.400 7130 7.620
1791641594.402 7132 6.610
1791641594.406 7135 5.815
1791641594.412 7140 4.501
1791641594.414 7138 9.497
1791641594.418 7143 6.101
1791641594.424 7148 4.644
1791641594.426 7146 9.668
1791641594.430 7151 5.908
1791641594.436 7156 4.346
1791641594.438 7154 9.389
1791641594.442 7159 5.862
1791641594.448 7162 7.367
1791641594.450 7164 6.351
1791641594.454 7167 5.786
1791641594.460 7170 7.578
1791641594.462 7172 6.562
1791641594.466 7175 5.959
1791641594.472 7180 4.295
1791641594.474 7178 9.320
1791641594.479 7183 6.056
1791641594.484 7188 4.261
1791641594.486 7186 9.284
1791641594.491 7191 5.992
1791641594.497 7194 7.565
1791641594.499 7196 6.557
1791641594.503 7199 6.111
1791641594.509 7202 7.325
1791641594.511 7204 6.318
1791641594.515 7207 6.070
1791641594.521 7210 7.334
1791641594.523 7212 6.322
1791641594.527 7215 5.859
1791641594.533 7218 7.398
1791641594.535 7220 6.380
1791641594.539 7223 6.060
1791641594.546 7226 7.703
1791641594.548 7228 6.718
1791641594.551 7231 5.831
1791641594.558 7236 4.568
1791641594.560 7234 9.570
1791641594.564 7239 6.060
1791641594.569 7244 4.316
1791641594.571 7242 9.344
1791641594.575 7247 5.829
1791641594.582 7252 4.636
1791641594.584 7250 9.644
1791641594.588 7255 5.826
1791641594.594 7260 4.720
1791641594.596 7258 9.786
1791641594.600 7263 6.030
1791641594.606 7268 4.531
1791641594.608 7266 9.567
1791641594.612 7271 6.119
1791641594.618 7274 7.417
1791641594.620 7276 6.409
1791641594.624 7279 5.975
1791641594.630 7282 7.395
1791641594.632 7284 6.352
1791641594.636 7287 6.056
1791641594.642 7290 7.312
1791641594.644 7292 6.289
1791641594.648 7295 5.824
1791641594.654 7298 7.266
1791641594.656 7300 6.281
1791641594.661 7303 5.882
1791641594.667 7308 4.360
1791641594.669 7306 9.395
1791641594.673 7311 5.750
1791641594.679 7314 7.615
1791641594.681 7316 6.595
1791641594.685 7319 6.073
1791641594.691 7322 7.402
1791641594.693 7324 6.392
1791641594.697 7327 5.841
1791641594.703 7332 4.533
1791641594.705 7330 9.574
1791641594.709 7335 5.810
1791641594.715 7338 7.594
1791641594.717 7340 6.582
1791641594.721 7343 5.919
1791641594.727 7346 7.383
1791641594.729 7348 6.369
1791641594.733 7351 5.795
1791641594.739 7354 7.217
1791641594.741 7356 6.191
1791641594.745 7359 5.861
1791641594.752 7362 7.346
1791641594.754 7364 6.322
1791641594.758 7367 5.763
1791641594.764 7370 7.336
1791641594.766 7372 6.314
1791641594.770 7375 5.740
1791641594.776 7380 4.286
1791641594.778 7378 9.324
1791641594.782 7383 5.889
1791641594.788 7386 7.243
1791641594.790 7388 6.253
1791641594.794 7391 5.738
1791641594.800 7394 7.392
1791641594.802 7396 6.376
1791641594.806 7399 5.818
1791641594.812 7402 7.376
1791641594.814 7404 6.348
1791641594.818 7407 5.786
1791641594.824 7412 4.279
1791641594.826 7410 9.319
1791641594.831 7415 6.059
1791641594.837 7418 7.548
1791641594.839 7420 6.543
1791641594.843 7423 6.086
1791641594.849 7426 7.279
1791641594.851 7428 6.267
1791641594.855 7431 6.083
1791641594.861 7434 7.454
1791641594.863 7436 6.434
1791641594.867 7439 6.049
1791641594.873 7442 7.324
1791641594.875 7444 6.312
1791641594.879 7447 6.022
1791641594.885 7452 4.547
1791641594.887 7450 9.576
1791641594.891 7455 6.066
1791641594.897 7458 7.615
1791641594.899 7460 6.611
1791641594.903 7463 6.032
1791641594.910 7466 7.614
1791641594.912 7468 6.604
1791641594.915 7471 5.753
1791641594.922 7476 4.499
1791641594.924 7474 9.528
1791641594.927 7479 5.751
1791641594.934 7482 7.670
1791641594.936 7484 6.652
1791641594.940 7487 5.945
1791641594.946 7492 4.628
1791641594.948 7490 9.676
1791641594.952 7495 6.114
1791641594.958 7500 4.350
1791641594.960 7498 9.385
1791641594.964 7503 6.077
1791641594.970 7508 4.310
1791641594.972 7506 9.339
1791641594.976 7511 5.991
1791641594.982 7516 4.587
1791641594.984 7514 9.629
1791641594.988 7519 5.758
1791641594.994 7524 4.305
1791641594.996 7522 9.343
1791641595.000 7527 5.783
1791641595.006 7530 7.295
1791641595.008 7532 6.264
1791641595.012 7535 5.783
1791641595.019 7540 4.422
1791641595.021 7538 9.458
1791641595.025 7543 5.872
1791641595.031 7546 7.576
1791641595.033 7548 6.574
1791641595.037 7551 6.057
1791641595.043 7554 7.592
1791641595.045 7556 6.586
1791641595.049 7559 6.044
1791641595.055 7564 4.516
1791641595.057 7562 9.537
1791641595.061 7567 6.117
1791641595.068 7572 4.775
1791641595.070 7570 9.849
1791641595.073 7575 5.818
1791641595.080 7578 7.607
1791641595.082 7580 6.591
1791641595.086 7583 6.040
1791641595.092 7586 7.607
1791641595.094 7588 6.600
1791641595.098 7591 6.244
1791641595.104 7594 7.638
1791641595.106 7596 6.633
1791641595.110 7599 6.105
1791641595.116 7602 7.305
1791641595.118 7604 6.336
1791641595.122 7607 6.077
1791641595.128 7610 7.361
1791641595.130 7612 6.349
1791641595.134 7615 6.066
1791641595.140 7620 4.306
1791641595.142 7618 9.337
1791641595.146 7623 6.038
1791641595.152 7628 4.555
1791641595.154 7626 9.595
1791641595.158 7631 6.053
1791641595.164 7634 7.556
1791641595.166 7636 6.550
1791641595.170 7639 6.031
1791641595.177 7642 7.563
1791641595.179 7644 6.556
1791641595.183 7647 6.040
1791641595.189 7652 4.555
1791641595.191 7650 9.583
1791641595.195 7655 6.078
1791641595.201 7658 7.716
1791641595.203 7660 6.706
1791641595.207 7663 6.071
1791641595.213 7666 7.357
1791641595.215 7668 6.343
1791641595.219 7671 5.892
1791641595.225 7676 4.401
1791641595.227 7674 9.463
1791641595.231 7679 5.749
1791641595.237 7682 7.367
1791641595.239 7684 6.345
1791641595.243 7687 5.784
1791641595.249 7692 4.395
1791641595.251 7690 9.430
1791641595.255 7695 5.916
1791641595.261 7698 7.366
1791641595.263 7700 6.316
1791641595.267 7703 5.839
1791641595.273 7708 4.345
1791641595.275 7706 9.390
1791641595.279 7711 5.784
1791641595.286 7716 4.412
1791641595.288 7714 9.453
1791641595.292 7719 6.084
1791641595.298 7724 4.622
1791641595.300 7722 9.663
1791641595.304 7727 6.043
1791641595.310 7732 4.314
1791641595.312 7730 9.344
1791641595.316 7735 5.816
1791641595.322 7738 7.562
1791641595.324 7740 6.538
1791641595.328 7743 5.808
1791641595.334 7746 7.467
1791641595.336 7748 6.436
1791641595.340 7751 5.908
1791641595.347 7756 4.585
1791641595.349 7754 9.695
1791641595.353 7759 6.061
1791641595.359 7764 4.494
1791641595.361 7762 9.524
1791641595.365 7767 6.065
1791641595.371 7770 7.648
1791641595.373 7772 6.638
1791641595.377 7775 5.776
1791641595.383 7778 7.667
1791641595.385 7780 6.667
1791641595.389 7783 5.975
1791641595.395 7786 7.330
1791641595.397 7788 6.320
1791641595.401 7791 5.822
1791641595.407 7794 7.560
1791641595.409 7796 6.529
1791641595.413 7799 6.276
1791641595.421 7804 5.884
1791641595.423 7802 10.928
1791641595.427 7807 7.663
1791641595.433 7810 8.578
1791641595.435 7812 8.092
1791641595.439 7815 7.426
1791641595.445 7818 8.626
1791641595.447 7820 7.852
1791641595.451 7823 7.363
1791641595.457 7826 8.717
1791641595.459 7828 7.889
1791641595.463 7831 7.330
1791641595.469 7834 8.712
1791641595.471 7836 7.893
1791641595.475 7839 7.500
1791641595.481 7844 5.949
1791641595.483 7842 10.784
1791641595.487 7847 7.344
1791641595.494 7852 6.121
1791641595.496 7850 10.928
1791641595.500 7855 7.345
1791641595.506 7860 5.836
1791641595.508 7858 10.664
1791641595.512 7863 7.335
1791641595.518 7866 8.683
1791641595.520 7868 7.876
1791641595.524 7871 7.294
1791641595.530 7876 5.844
1791641595.532 7874 10.729
1791641595.536 7879 7.704
1791641595.542 7884 5.976
1791641595.544 7882 10.526
1791641595.548 7887 7.408
1791641595.554 7890 8.693
1791641595.556 7892 7.828
1791641595.560 7895 7.366
1791641595.566 7900 5.812
1791641595.568 7898 10.665
1791641595.573 7903 7.599
1791641595.579 7908 6.685
1791641595.581 7906 11.233
1791641595.584 7911 6.737
1791641595.591 7914 8.970
1791641595.593 7916 8.151
1791641595.597 7919 7.694
1791641595.603 7924 5.912
1791641595.605 7922 10.457
1791641595.609 7927 7.763
1791641595.615 7930 8.684
1791641595.617 7932 8.277
1791641595.621 7935 7.341
1791641595.627 7940 6.158
1791641595.629 7938 11.003
1791641595.633 7943 7.399
1791641595.639 7946 8.677
1791641595.641 7948 7.892
1791641595.645 7951 7.408
1791641595.652 7956 6.106
1791641595.654 7954 10.936
1791641595.657 7959 7.351
1791641595.663 7962 8.637
1791641595.665 7964 7.839
1791641595.670 7967 7.455
1791641595.676 7970 8.863
1791641595.678 7972 8.098
1791641595.682 7975 7.696
1791641595.688 7978 8.611
1791641595.690 7980 8.098
1791641595.694 7983 7.464
1791641595.700 7988 6.109
1791641595.702 7986 10.760
1791641595.706 7991 7.556
1791641595.712 7994 8.686
1791641595.714 7996 8.161
1791641595.718 7999 7.315
1791641595.724 8004 6.188
1791641595.726 8002 11.015
1791641595.730 8007 7.577
1791641595.737 8012 6.122
1791641595.739 8010 10.670
1791641595.743 8015 7.808
1791641595.750 8020 7.293
1791641595.752 8018 11.695
1791641595.756 8026 4.370
1791641595.758 8023 10.883
1791641595.763 8028 8.028
1791641595.765 8031 5.507
1791641595.769 8034 5.261
1791641595.776 8039 4.473
1791641595.778 8036 10.867
1791641595.782 8044 3.267
1791641595.784 8042 8.316
1791641595.789 8047 5.876
1791641595.795 8050 7.387
1791641595.797 8052 6.359
1791641595.801 8055 5.810
1791641595.808 8060 4.705
1791641595.810 8058 9.723
1791641595.814 8063 5.926
1791641595.820 8068 4.406
1791641595.822 8066 9.448
1791641595.826 8071 5.861
1791641595.832 8076 4.309
1791641595.834 8074 9.352
1791641595.838 8079 5.942
1791641595.844 8082 7.492
1791641595.846 8084 6.465
1791641595.850 8087 5.939
1791641595.856 8090 7.619
1791641595.858 8092 6.641
1791641595.863 8095 6.170
1791641595.868 8100 4.348
1791641595.870 8098 9.380
1791641595.875 8103 6.162
1791641595.880 8108 4.266
1791641595.882 8106 9.295
1791641595.887 8111 6.052
1791641595.893 8116 4.655
1791641595.895 8114 9.684
1791641595.899 8119 5.877
1791641595.905 8122 7.301
1791641595.907 8124 6.291
1791641595.911 8127 6.151
1791641595.917 8132 4.634
1791641595.919 8130 9.662
1791641595.923 8135 5.864
1791641595.929 8138 7.401
1791641595.931 8140 6.377
1791641595.935 8143 5.886
1791641595.941 8146 7.341
1791641595.943 8148 6.323
1791641595.947 8151 5.843
1791641595.953 8154 7.413
1791641595.955 8156 6.394
1791641595.959 8159 5.806
1791641595.965 8162 7.402
1791641595.967 8164 6.390
1791641595.971 8167 5.865
1791641595.978 8170 7.459
1791641595.980 8172 6.433
1791641595.984 8175 5.924
1791641595.990 8180 4.274
1791641595.992 8178 9.308
1791641595.996 8183 5.783
1791641596.002 8188 4.260
1791641596.004 8186 9.308
1791641596.008 8191 5.844
1791641596.014 8194 7.683
1791641596.016 8196 6.634
1791641596.020 8199 6.072
1791641596.026 8202 7.287
1791641596.028 8204 6.272
1791641596.032 8207 6.064
1791641596.038 8210 7.462
1791641596.040 8212 6.467
1791641596.044 8215 5.817
1791641596.051 8220 4.604
1791641596.053 8218 9.641
1791641596.056 8223 5.920
1791641596.062 8226 7.338
1791641596.064 8228 6.303
1791641596.069 8231 5.968
1791641596.075 8236 4.382
1791641596.077 8234 9.416
1791641596.081 8239 6.127
1791641596.087 8242 7.648
1791641596.089 8244 6.638
1791641596.093 8247 5.897
1791641596.099 8250 7.344
1791641596.101 8252 6.310
1791641596.105 8255 5.912
1791641596.111 8260 4.606
1791641596.113 8258 9.684
1791641596.117 8263 5.910
1791641596.123 8268 4.320
1791641596.125 8266 9.360
1791641596.129 8271 5.783
1791641596.135 8274 7.550
1791641596.137 8276 6.459
1791641596.142 8279 6.149
1791641596.147 8284 4.352
1791641596.149 8282 9.378
1791641596.154 8287 6.019
1791641596.160 8292 4.326
1791641596.162 8290 9.370
1791641596.166 8295 5.865
1791641596.172 8298 7.850
1791641596.174 8300 6.831
1791641596.178 8303 5.795
1791641596.184 8308 4.687
1791641596.186 8306 9.720
1791641596.190 8311 5.858
1791641596.196 8314 7.617
1791641596.198 8316 6.601
1791641596.202 8319 5.966
1791641596.208 8322 7.554
1791641596.210 8324 6.549
1791641596.214 8327 5.968
1791641596.220 8332 4.546
1791641596.222 8330 9.630
1791641596.226 8335 5.848
1791641596.232 8338 7.375
1791641596.234 8340 6.390
1791641596.238 8343 5.820
1791641596.245 8346 7.665
1791641596.247 8348 6.652
1791641596.251 8351 5.861
1791641596.257 8354 7.379
1791641596.259 8356 6.452
1791641596.263 8359 5.809
1791641596.269 8364 4.325
1791641596.271 8362 9.334
1791641596.275 8367 6.093
1791641596.281 8372 4.654
1791641596.283 8370 9.682
1791641596.287 8375 5.798
1791641596.293 8378 7.364
1791641596.295 8380 6.364
1791641596.299 8383 5.839
1791641596.305 8386 7.424
1791641596.307 8388 6.400
1791641596.311 8391 5.762
1791641596.318 8396 4.534
1791641596.320 8394 9.566
1791641596.324 8399 6.211
1791641596.330 8402 7.481
1791641596.332 8404 6.473
1791641596.336 8407 5.937
1791641596.342 8410 7.655
1791641596.344 8412 6.634
1791641596.348 8415 5.938
1791641596.354 8420 4.305
1791641596.356 8418 9.300
1791641596.360 8423 6.071
1791641596.366 8426 7.703
1791641596.368 8428 6.640
1791641596.372 8431 5.791
1791641596.378 8436 4.602
1791641596.380 8434 9.639
1791641596.384 8439 5.831
1791641596.390 8442 7.374
1791641596.392 8444 6.358
1791641596.396 8447 5.743
1791641596.402 8450 7.276
1791641596.404 8452 6.269
1791641596.408 8455 5.875
1791641596.414 8460 4.331
1791641596.416 8458 9.360
1791641596.421 8463 5.983
1791641596.427 8468 4.332
1791641596.429 8466 9.369
1791641596.433 8471 5.897
1791641596.439 8476 4.354
1791641596.441 8474 9.366
1791641596.445 8479 5.931
1791641596.451 8482 7.363
1791641596.453 8484 6.343
1791641596.457 8487 5.949
1791641596.463 8490 7.559
1791641596.465 8492 6.542
1791641596.469 8495 6.009
1791641596.475 8500 4.343
1791641596.477 8498 9.384
1791641596.481 8503 5.931
1791641596.488 8506 7.659
1791641596.490 8508 6.636
1791641596.494 8511 6.005
1791641596.500 8516 4.568
1791641596.502 8514 9.595
1791641596.506 8519 5.935
1791641596.512 8524 4.510
1791641596.514 8522 9.507
1791641596.518 8527 5.889
1791641596.524 8530 7.520
1791641596.526 8532 6.496
1791641596.530 8535 5.852
1791641596.536 8538 7.294
1791641596.538 8540 6.270
1791641596.542 8543 5.822
1791641596.548 8548 4.276
1791641596.550 8546 9.316
1791641596.554 8551 5.852
1791641596.560 8554 7.301
1791641596.562 8556 6.302
1791641596.566 8559 5.879
1791641596.573 8564 4.572
1791641596.575 8562 9.608
1791641596.578 8567 5.960
1791641596.585 8570 7.572
1791641596.587 8572 6.570
1791641596.591 8575 6.507
1791641596.597 8580 4.673
1791641596.599 8578 9.700
1791641596.603 8583 6.219
1791641596.609 8586 7.666
1791641596.611 8588 6.656
1791641596.615 8591 5.902
1791641596.621 8594 7.676
1791641596.623 8596 6.681
1791641596.627 8599 5.915
1791641596.633 8602 7.484
1791641596.635 8604 6.488
1791641596.639 8607 5.852
1791641596.645 8612 4.370
1791641596.647 8610 9.326
1791641596.651 8615 5.862
1791641596.657 8620 4.324
1791641596.659 8618 9.364
1791641596.663 8623 5.856
1791641596.669 8628 4.306
1791641596.671 8626 9.340
1791641596.675 8631 5.703
1791641596.682 8634 7.823
1791641596.684 8636 6.805
1791641596.688 8639 5.881
1791641596.694 8644 4.614
1791641596.696 8642 9.698
1791641596.700 8647 5.948
1791641596.706 8650 7.352
1791641596.708 8652 6.329
1791641596.712 8655 5.867
1791641596.718 8660 4.382
1791641596.720 8658 9.405
1791641596.724 8663 5.794
1791641596.730 8668 4.586
1791641596.732 8666 9.601
1791641596.736 8671 5.754
1791641596.743 8674 7.353
1791641596.745 8676 6.632
1791641596.749 8679 6.119
1791641596.755 8682 7.629
1791641596.757 8684 6.618
1791641596.761 8687 5.993
1791641596.767 8692 4.465
1791641596.769 8690 9.501
1791641596.773 8695 6.092
1791641596.779 8698 7.375
1791641596.781 8700 6.368
1791641596.785 8703 6.180
1791641596.791 8706 7.387
1791641596.793 8708 6.387
1791641596.797 8711 5.996
1791641596.803 8716 4.718
1791641596.805 8714 9.753
1791641596.809 8719 5.883
1791641596.816 8722 8.288
1791641596.818 8724 7.211
1791641596.821 8727 5.918
1791641596.827 8730 7.459
1791641596.829 8732 6.480
1791641596.833 8735 5.828
1791641596.839 8740 4.447
1791641596.841 8738 9.491
1791641596.845 8743 5.805
1791641596.852 8746 8.205
1791641596.854 8748 7.179
1791641596.858 8751 5.938
1791641596.864 8754 7.620
1791641596.866 8756 6.616
1791641596.870 8759 5.806
1791641596.876 8762 7.610
1791641596.878 8764 6.638
1791641596.882 8767 5.914
1791641596.888 8772 4.401
1791641596.890 8770 9.432
1791641596.894 8775 5.895
1791641596.900 8778 7.309
1791641596.902 8780 6.285
1791641596.906 8783 5.816
1791641596.912 8788 4.593
1791641596.914 8786 9.630
1791641596.918 8791 6.049
1791641596.925 8794 7.618
1791641596.927 8796 6.593
1791641596.930 8799 5.937
1791641596.936 8804 4.304
1791641596.938 8802 9.330
1791641596.942 8807 5.816
1791641596.949 8812 4.354
1791641596.951 8810 9.390
1791641596.955 8815 5.871
1791641596.961 8820 4.363
1791641596.963 8818 9.401
1791641596.967 8823 5.804
1791641596.973 8828 4.297
1791641596.975 8826 9.318
1791641596.979 8831 5.881
1791641596.985 8834 7.382
1791641596.987 8836 6.363
1791641596.991 8839 5.868
1791641596.997 8842 7.485
1791641596.999 8844 6.466
1791641597.003 8847 5.899
1791641597.009 8852 4.393
1791641597.011 8850 9.434
1791641597.015 8855 5.866
1791641597.021 8858 7.434
1791641597.023 8860 6.434
1791641597.027 8863 5.851
1791641597.033 8866 7.327
1791641597.036 8868 6.310
1791641597.040 8871 5.981
1791641597.046 8876 4.291
1791641597.048 8874 9.331
1791641597.052 8879 5.866
1791641597.058 8882 7.658
1791641597.060 8884 6.682
1791641597.064 8887 5.887
1791641597.070 8890 7.428
1791641597.072 8892 6.336
1791641597.076 8895 6.297
1791641597.083 8898 7.807
1791641597.085 8900 6.797
1791641597.090 8903 7.439
1791641597.096 8906 8.885
1791641597.098 8908 8.086
1791641597.102 8911 7.645
1791641597.108 8916 5.999
1791641597.110 8914 10.579
1791641597.114 8919 7.473
1791641597.120 8924 5.800
1791641597.122 8922 10.694
1791641597.126 8927 7.279
1791641597.132 8930 8.732
1791641597.134 8932 7.823
1791641597.138 8935 7.301
1791641597.144 8938 8.704
1791641597.146 8940 7.826
1791641597.150 8943 7.224
1791641597.157 8946 8.912
1791641597.159 8948 7.985
1791641597.162 8951 7.251
1791641597.169 8956 5.833
1791641597.171 8954 10.677
1791641597.175 8959 7.355
1791641597.181 8964 5.885
1791641597.183 8962 10.791
1791641597.187 8967 7.341
1791641597.193 8972 5.952
1791641597.195 8970 10.708
1791641597.199 8975 7.209
1791641597.205 8980 5.940
1791641597.207 8978 10.824
1791641597.211 8983 7.546
1791641597.217 8986 8.499
1791641597.219 8988 7.823
1791641597.223 8991 7.367
1791641597.229 8994 8.730
1791641597.231 8996 7.871
1791641597.236 8999 7.626
1791641597.241 9004 5.934
1791641597.243 9002 10.486
1791641597.248 9007 7.725
1791641597.254 9010 8.383
1791641597.256 9012 7.844
1791641597.260 9015 7.640
1791641597.266 9020 5.871
1791641597.268 9018 10.447
1791641597.272 9023 7.613
1791641597.278 9026 8.559
1791641597.280 9028 8.014
1791641597.284 9031 7.639
1791641597.290 9034 8.437
1791641597.292 9036 7.884
1791641597.296 9039 7.562
1791641597.302 9042 8.753
1791641597.304 9044 8.145
1791641597.308 9047 7.634
1791641597.316 9052 7.270
1791641597.318 9050 11.658
1791641597.322 9058 4.419
1791641597.324 9055 10.943
1791641597.329 9063 3.556
1791641597.331 9060 10.186
1791641597.335 9066 5.454
1791641597.342 9071 4.659
1791641597.344 9068 11.180
1791641597.348 9076 3.247
1791641597.350 9074 8.276
1791641597.355 9079 5.760
1791641597.361 9084 4.513
1791641597.363 9082 9.548
1791641597.368 9087 6.024
1791641597.374 9090 7.574
1791641597.376 9092 6.558
1791641597.380 9095 6.234
1791641597.386 9100 4.362
1791641597.388 9098 9.391
1791641597.392 9103 6.068
1791641597.398 9108 4.289
1791641597.400 9106 9.316
1791641597.404 9111 6.099
1791641597.410 9116 4.669
1791641597.412 9114 9.690
1791641597.416 9119 6.042
1791641597.422 9124 4.327
1791641597.424 9122 9.354
1791641597.428 9127 6.111
1791641597.434 9130 7.387
1791641597.436 9132 6.385
1791641597.440 9135 6.051
1791641597.446 9140 4.345
1791641597.448 9138 9.375
1791641597.452 9143 5.798
1791641597.458 9148 4.311
1791641597.460 9146 9.355
1791641597.464 9151 5.794
1791641597.470 9156 4.320
1791641597.473 9154 9.358
1791641597.477 9159 5.799
1791641597.483 9162 7.370
1791641597.485 9164 6.343
1791641597.489 9167 5.823
1791641597.495 9170 7.416
1791641597.497 9172 6.392
1791641597.501 9175 5.901
1791641597.507 9180 4.322
1791641597.509 9178 9.320
1791641597.513 9183 5.792
1791641597.519 9188 4.327
1791641597.521 9186 9.366
1791641597.525 9191 6.051
1791641597.532 9194 7.807
1791641597.534 9196 6.780
1791641597.537 9199 6.033
1791641597.543 9204 4.296
1791641597.545 9202 9.338
1791641597.549 9207 5.865
1791641597.555 9212 4.293
1791641597.557 9210 9.327
1791641597.562 9215 6.080
1791641597.568 9218 7.358
1791641597.570 9220 6.343
1791641597.574 9223 5.809
1791641597.580 9226 7.523
1791641597.582 9228 6.495
1791641597.586 9231 6.056
1791641597.592 9236 4.617
1791641597.594 9234 9.657
1791641597.598 9239 6.117
1791641597.604 9242 7.351
1791641597.606 9244 6.348
1791641597.610 9247 5.873
1791641597.616 9250 7.349
1791641597.618 9252 6.327
1791641597.622 9255 5.803
1791641597.628 9258 7.339
1791641597.630 9260 6.313
1791641597.634 9263 5.787
1791641597.640 9268 4.316
1791641597.642 9266 9.347
1791641597.647 9271 5.865
1791641597.653 9276 4.317
1791641597.655 9274 9.350
1791641597.659 9279 5.929
1791641597.665 9284 4.420
1791641597.667 9282 9.509
1791641597.671 9287 5.888
1791641597.677 9290 7.415
1791641597.679 9292 6.388
1791641597.683 9295 5.814
1791641597.689 9300 4.266
1791641597.691 9298 9.302
1791641597.695 9303 5.778
1791641597.701 9308 4.624
1791641597.703 9306 9.688
1791641597.707 9311 5.776
1791641597.713 9316 4.295
1791641597.715 9314 9.339
1791641597.719 9319 5.870
1791641597.725 9322 7.437
1791641597.727 9324 6.365
1791641597.731 9327 5.781
1791641597.738 9330 7.659
1791641597.740 9332 6.640
1791641597.744 9335 5.798
1791641597.750 9340 4.607
1791641597.752 9338 9.617
1791641597.756 9343 6.037
1791641597.762 9348 4.557
1791641597.764 9346 9.579
1791641597.768 9351 6.048
1791641597.774 9354 7.432
1791641597.776 9356 6.422
1791641597.780 9359 6.056
1791641597.786 9362 7.642
1791641597.788 9364 6.577
1791641597.792 9367 6.068
1791641597.798 9372 4.295
1791641597.800 9370 9.331
1791641597.804 9375 5.869
1791641597.811 9378 7.658
1791641597.813 9380 6.647
1791641597.816 9383 5.875
1791641597.823 9386 7.377
1791641597.825 9388 6.346
1791641597.829 9391 5.841
1791641597.835 9396 4.326
1791641597.837 9394 9.367
1791641597.841 9399 6.089
1791641597.847 9402 7.421
1791641597.849 9404 6.416
1791641597.853 9407 6.054
1791641597.859 9410 7.326
1791641597.861 9412 6.316
1791641597.865 9415 5.806
1791641597.871 9420 4.271
1791641597.873 9418 9.281
1791641597.877 9423 5.949
1791641597.883 9426 7.327
1791641597.885 9428 6.302
1791641597.889 9431 5.879
1791641597.895 9436 4.393
1791641597.897 9434 9.433
1791641597.901 9439 5.876
1791641597.907 9442 7.282
1791641597.909 9444 6.269
1791641597.914 9447 5.819
1791641597.920 9452 4.315
1791641597.922 9450 9.358
1791641597.926 9455 5.840
1791641597.932 9460 4.315
1791641597.934 9458 9.355
1791641597.938 9463 5.988
1791641597.944 9468 4.263
1791641597.946 9466 9.305
1791641597.950 9471 5.864
1791641597.956 9476 4.332
1791641597.958 9474 9.365
1791641597.962 9479 5.880
1791641597.968 9484 4.592
1791641597.970 9482 9.626
1791641597.974 9487 5.986
1791641597.980 9490 7.536
1791641597.982 9492 6.468
1791641597.987 9495 5.973
1791641597.993 9500 4.390
1791641597.995 9498 9.434
1791641597.999 9503 5.925
1791641598.005 9506 7.450
1791641598.007 9508 6.427
1791641598.011 9511 5.796
1791641598.017 9514 7.373
1791641598.019 9516 6.350
1791641598.023 9519 5.900
1791641598.029 9522 7.325
1791641598.031 9524 6.301
1791641598.035 9527 5.828
1791641598.041 9532 4.271
1791641598.043 9530 9.302
1791641598.047 9535 5.805
1791641598.053 9538 7.479
1791641598.055 9540 6.462
1791641598.059 9543 5.896
1791641598.065 9546 7.284
1791641598.067 9548 6.309
1791641598.071 9551 5.961
1791641598.077 9554 7.333
1791641598.079 9556 6.307
1791641598.083 9559 5.737
1791641598.090 9564 4.761
1791641598.092 9562 9.795
1791641598.096 9567 5.965
1791641598.102 9572 4.644
1791641598.104 9570 9.682
1791641598.108 9575 5.770
1791641598.114 9580 4.313
1791641598.116 9578 9.354
1791641598.120 9583 5.966
1791641598.126 9586 7.351
1791641598.128 9588 6.364
1791641598.132 9591 6.003
1791641598.138 9596 4.440
1791641598.140 9594 9.498
1791641598.144 9599 5.853
1791641598.150 9602 7.348
1791641598.152 9604 6.324
1791641598.156 9607 5.789
1791641598.162 9612 4.406
1791641598.164 9610 9.456
1791641598.168 9615 5.787
1791641598.175 9618 7.369
1791641598.177 9620 6.360
1791641598.181 9623 5.926
1791641598.187 9626 7.360
1791641598.189 9628 6.336
1791641598.193 9631 5.788
1791641598.199 9636 4.285
1791641598.201 9634 9.324
1791641598.205 9639 5.929
1791641598.211 9644 4.645
1791641598.213 9642 9.684
1791641598.217 9647 5.869
1791641598.223 9652 4.292
1791641598.225 9650 9.329
1791641598.229 9655 5.858
1791641598.235 9660 4.372
1791641598.237 9658 9.415
1791641598.241 9663 5.754
1791641598.248 9668 4.555
1791641598.250 9666 9.590
1791641598.253 9671 5.759
1791641598.260 9674 7.623
1791641598.262 9676 6.609
1791641598.266 9679 6.211
1791641598.272 9684 4.620
1791641598.274 9682 9.645
1791641598.278 9687 6.040
1791641598.284 9690 7.390
1791641598.286 9692 6.368
1791641598.290 9695 6.049
1791641598.296 9700 4.630
1791641598.298 9698 9.667
1791641598.302 9703 5.878
1791641598.308 9706 7.408
1791641598.310 9708 6.324
1791641598.314 9711 5.776
1791641598.320 9714 7.540
1791641598.322 9716 6.521
1791641598.326 9719 5.762
1791641598.332 9724 4.319
1791641598.334 9722 9.339
1791641598.338 9727 5.810
1791641598.344 9730 7.385
1791641598.347 9732 6.375
1791641598.351 9735 5.861
1791641598.357 9740 4.355
1791641598.359 9738 9.396
1791641598.363 9743 5.927
1791641598.369 9746 7.433
1791641598.371 9748 6.453
1791641598.375 9751 5.958
1791641598.381 9754 7.457
1791641598.383 9756 6.459
1791641598.387 9759 5.873
1791641598.393 9762 7.391
1791641598.395 9764 6.382
1791641598.399 9767 5.820
1791641598.406 9772 5.201
1791641598.408 9770 10.241
1791641598.411 9775 5.993
1791641598.417 9778 7.389
1791641598.419 9780 6.313
1791641598.423 9783 5.924
1791641598.429 9786 7.301
1791641598.431 9788 6.290
1791641598.435 9791 5.809
1791641598.442 9794 7.664
1791641598.444 9796 6.648
1791641598.449 9799 7.694
1791641598.455 9802 8.963
1791641598.457 9804 7.989
1791641598.462 9807 7.653
1791641598.467 9810 8.381
1791641598.469 9812 7.860
1791641598.474 9815 7.682
1791641598.480 9818 8.395
1791641598.482 9820 7.872
1791641598.486 9823 7.703
1791641598.492 9828 6.039
1791641598.494 9826 10.608
1791641598.498 9831 7.391
1791641598.504 9836 5.930
1791641598.506 9834 10.639
1791641598.510 9839 7.389
1791641598.516 9842 8.669
1791641598.518 9844 7.868
1791641598.522 9847 7.487
1791641598.528 9850 8.575
1791641598.530 9852 7.863
1791641598.534 9855 7.609
1791641598.540 9860 6.131
1791641598.543 9858 10.668
1791641598.547 9863 7.631
1791641598.552 9868 5.866
1791641598.554 9866 10.448
1791641598.559 9871 7.741
1791641598.564 9874 8.344
1791641598.566 9876 7.835
1791641598.571 9879 7.360
1791641598.577 9884 6.103
1791641598.579 9882 10.929
1791641598.583 9887 7.403
1791641598.589 9890 9.119
1791641598.591 9892 8.346
1791641598.595 9895 7.499
1791641598.601 9898 8.765
1791641598.603 9900 8.102
1791641598.607 9903 7.541
1791641598.613 9908 6.204
1791641598.615 9906 10.849
1791641598.619 9911 7.351
1791641598.625 9916 6.130
1791641598.627 9914 10.815
1791641598.631 9919 7.307
1791641598.638 9922 8.874
1791641598.640 9924 8.124
1791641598.644 9927 7.548
1791641598.650 9930 8.648
1791641598.652 9932 7.915
1791641598.656 9935 7.432
1791641598.662 9940 5.918
1791641598.664 9938 10.777
1791641598.668 9943 7.515
1791641598.674 9948 5.919
1791641598.676 9946 10.791
1791641598.680 9951 7.624
1791641598.686 9956 5.882
1791641598.688 9954 10.732
1791641598.692 9959 7.460
1791641598.698 9964 5.873
1791641598.700 9962 10.649
1791641598.704 9967 7.662
1791641598.710 9970 8.569
1791641598.712 9972 8.074
1791641598.716 9975 7.414
1791641598.722 9980 5.849
1791641598.724 9978 10.640
1791641598.728 9983 7.412
1791641598.735 9988 6.188
1791641598.737 9986 11.042
1791641598.741 9991 7.440
1791641598.747 9996 6.219
1791641598.749 9994 11.030
1791641598.753 9999 7.385
1791641598.759 10002 8.620
1791641598.761 10004 7.864
1791641598.765 10007 7.397
1791641598.771 10012 5.905
1791641598.773 10010 10.700
1791641598.777 10015 7.490
1791641598.784 10020 6.449
1791641598.786 10018 11.107
1791641598.789 10023 7.516
1791641598.795 10028 5.956
1791641598.797 10026 10.616
1791641598.801 10031 7.487
1791641598.807 10036 5.945
1791641598.809 10034 10.684
1791641598.813 10039 7.506
1791641598.819 10042 8.715
1791641598.821 10044 7.896
1791641598.825 10047 7.392
1791641598.832 10050 8.727
1791641598.834 10052 7.896
1791641598.838 10055 7.532
1791641598.844 10058 8.895
1791641598.846 10060 8.119
1791641598.850 10063 7.638
1791641598.856 10068 6.178
1791641598.858 10066 10.786
1791641598.862 10071 7.427
1791641598.868 10074 8.824
1791641598.870 10076 8.034
1791641598.874 10079 7.431
1791641598.880 10082 8.920
1791641598.882 10084 8.156
1791641598.886 10087 7.427
1791641598.892 10090 8.702
1791641598.894 10092 7.934
1791641598.898 10095 7.391
1791641598.905 10098 8.749
1791641598.907 10100 8.064
1791641598.911 10103 7.555
1791641598.917 10106 8.718
1791641598.919 10108 8.149
1791641598.923 10111 7.476
1791641598.929 10114 8.580
1791641598.931 10116 7.972
1791641598.935 10119 7.370
1791641598.941 10124 5.855
1791641598.943 10122 10.701
1791641598.947 10127 7.412
1791641598.953 10132 5.843
1791641598.955 10130 10.701
1791641598.959 10135 7.427
1791641598.965 10138 8.687
1791641598.967 10140 7.894
1791641598.971 10143 7.364
1791641598.977 10146 8.927
1791641598.979 10148 8.120
1791641598.983 10151 7.426
1791641598.989 10154 8.527
1791641598.991 10156 7.859
1791641598.996 10159 7.540
1791641599.002 10164 6.173
1791641599.004 10162 10.795
1791641599.008 10167 7.593
1791641599.014 10170 8.535
1791641599.016 10172 7.930
1791641599.020 10175 7.435
1791641599.026 10178 8.708
1791641599.028 10180 7.935
1791641599.032 10183 7.338
1791641599.038 10188 6.029
1791641599.040 10186 10.849
1791641599.044 10191 7.344
1791641599.050 10196 5.841
1791641599.052 10194 10.668
1791641599.056 10199 7.347
1791641599.062 10202 8.769
1791641599.064 10204 7.961
1791641599.069 10207 7.721
1791641599.074 10212 5.828
1791641599.076 10210 10.397
1791641599.081 10215 7.533
1791641599.087 10220 6.150
1791641599.089 10218 11.021
1791641599.093 10223 7.451
1791641599.099 10228 6.030
1791641599.101 10226 10.736
1791641599.105 10231 7.519
1791641599.111 10234 8.810
1791641599.113 10236 8.165
1791641599.117 10239 7.370
1791641599.123 10244 5.862
1791641599.125 10242 10.636
1791641599.129 10247 7.364
1791641599.135 10252 6.195
1791641599.137 10250 10.983
1791641599.141 10255 7.410
1791641599.147 10258 8.820
1791641599.149 10260 8.113
1791641599.154 10263 7.678
1791641599.160 10266 8.708
1791641599.162 10268 8.183
1791641599.166 10271 7.675
1791641599.172 10276 6.265
1791641599.174 10274 10.842
1791641599.178 10279 7.688
1791641599.184 10284 5.894
1791641599.186 10282 10.440
1791641599.190 10287 7.401
1791641599.196 10292 6.211
1791641599.198 10290 11.013
1791641599.202 10295 7.521
1791641599.208 10300 5.918
1791641599.210 10298 10.699
1791641599.214 10303 7.620
1791641599.220 10308 5.842
1791641599.222 10306 10.437
1791641599.226 10311 7.593
1791641599.232 10316 5.893
1791641599.234 10314 10.528
1791641599.238 10319 7.424
1791641599.244 10324 5.972
1791641599.246 10322 10.597
1791641599.250 10327 7.436
1791641599.256 10330 8.814
1791641599.258 10332 7.920
1791641599.262 10335 7.295
1791641599.268 10338 8.466
1791641599.270 10340 7.616
1791641599.275 10343 7.509
1791641599.281 10346 8.530
1791641599.283 10348 7.881
1791641599.287 10351 7.377
1791641599.293 10354 8.888
1791641599.295 10356 8.077
1791641599.299 10359 7.488
1791641599.305 10362 9.048
1791641599.307 10364 8.278
1791641599.311 10367 7.442
1791641599.317 10370 8.516
1791641599.319 10372 7.851
1791641599.323 10375 7.339
1791641599.329 10378 8.734
1791641599.331 10380 7.934
1791641599.335 10383 7.331
1791641599.342 10386 9.028
1791641599.344 10388 8.226
1791641599.347 10391 7.382
1791641599.354 10396 6.184
1791641599.356 10394 10.958
1791641599.360 10399 7.556
1791641599.366 10404 5.954
1791641599.368 10402 10.664
1791641599.372 10407 7.513
1791641599.378 10410 8.920
1791641599.380 10412 8.221
1791641599.384 10415 7.446
1791641599.390 10418 8.869
1791641599.392 10420 8.147
1791641599.396 10423 7.517
1791641599.402 10426 8.584
1791641599.404 10428 7.870
1791641599.409 10434 3.265
1791641599.411 10431 9.859
1791641599.415 10436 6.833
1791641599.422 10442 4.475
1791641599.424 10439 10.932
1791641599.428 10444 7.732
1791641599.430 10447 5.214
1791641599.435 10450 5.617
1791641599.442 10455 4.429
1791641599.444 10452 10.936
1791641599.448 10458 6.245
1791641599.450 10460 5.237
1791641599.455 10463 5.922
1791641599.461 10466 7.574
1791641599.463 10468 6.569
1791641599.467 10471 5.855
1791641599.474 10474 7.644
1791641599.476 10476 6.621
1791641599.479 10479 5.844
1791641599.486 10482 7.402
1791641599.488 10484 6.392
1791641599.492 10487 5.826
1791641599.498 10492 4.666
1791641599.500 10490 9.693
1791641599.504 10495 5.826
1791641599.510 10500 4.335
1791641599.512 10498 9.376
1791641599.516 10503 5.993
1791641599.522 10508 4.366
1791641599.524 10506 9.402
1791641599.528 10511 5.902
1791641599.534 10516 4.325
1791641599.536 10514 9.362
1791641599.540 10519 5.782
1791641599.546 10524 4.396
1791641599.548 10522 9.435
1791641599.552 10527 5.889
1791641599.558 10530 7.307
1791641599.560 10532 6.284
1791641599.564 10535 5.855
1791641599.570 10538 7.295
1791641599.572 10540 6.273
1791641599.577 10543 5.865
1791641599.583 10546 7.635
1791641599.585 10548 6.616
1791641599.589 10551 5.996
1791641599.595 10554 7.463
1791641599.597 10556 6.439
1791641599.601 10559 5.860
1791641599.607 10562 7.393
1791641599.609 10564 6.305
1791641599.613 10567 5.831
1791641599.619 10570 7.307
1791641599.621 10572 6.294
1791641599.625 10575 5.842
1791641599.631 10578 7.311
1791641599.633 10580 6.288
1791641599.637 10583 5.747
1791641599.643 10586 7.586
1791641599.646 10588 6.567
1791641599.650 10591 6.095
1791641599.655 10596 4.324
1791641599.657 10594 9.353
1791641599.662 10599 6.172
1791641599.668 10604 4.313
1791641599.670 10602 9.350
1791641599.674 10607 5.907
1791641599.680 10610 7.427
1791641599.682 10612 6.369
1791641599.686 10615 5.893
1791641599.692 10618 7.351
1791641599.694 10620 6.328
1791641599.698 10623 5.855
1791641599.704 10626 7.384
1791641599.706 10628 6.391
1791641599.710 10631 5.781
1791641599.716 10634 7.673
1791641599.718 10636 6.657
1791641599.722 10639 5.799
1791641599.728 10644 4.321
1791641599.730 10642 9.363
1791641599.734 10647 5.952
1791641599.740 10650 7.385
1791641599.742 10652 6.360
1791641599.746 10655 5.812
1791641599.753 10660 4.693
1791641599.755 10658 9.697
1791641599.759 10663 5.962
1791641599.765 10666 7.304
1791641599.767 10668 6.297
1791641599.771 10671 5.826
1791641599.777 10674 7.307
1791641599.779 10676 6.318
1791641599.783 10679 5.879
1791641599.789 10684 4.380
1791641599.791 10682 9.419
1791641599.795 10687 5.894
1791641599.801 10692 4.341
1791641599.803 10690 9.381
1791641599.807 10695 5.837
1791641599.813 10698 7.367
1791641599.815 10700 6.343
1791641599.819 10703 6.051
1791641599.826 10706 7.634
1791641599.828 10708 6.619
1791641599.831 10711 5.818
1791641599.838 10714 7.560
1791641599.840 10716 6.533
1791641599.844 10719 5.846
1791641599.850 10722 7.372
1791641599.852 10724 6.396
1791641599.856 10727 5.914
1791641599.862 10730 7.401
1791641599.864 10732 6.393
1791641599.868 10735 5.911
1791641599.874 10740 4.351
1791641599.876 10738 9.455
1791641599.880 10743 5.908
1791641599.886 10748 4.332
1791641599.888 10746 9.370
1791641599.892 10751 5.864
1791641599.898 10754 7.439
1791641599.900 10756 6.423
1791641599.904 10759 6.017
1791641599.910 10762 7.359
1791641599.912 10764 6.347
1791641599.916 10767 5.816
1791641599.923 10770 7.630
1791641599.925 10772 6.565
1791641599.928 10775 5.754
1791641599.935 10778 7.659
1791641599.937 10780 6.642
1791641599.941 10783 5.853
1791641599.947 10788 4.356
1791641599.949 10786 9.406
1791641599.953 10791 5.729
1791641599.959 10794 7.729
1791641599.961 10796 6.717
1791641599.965 10799 5.856
1791641599.971 10804 4.483
1791641599.973 10802 9.507
1791641599.977 10807 5.837
1791641599.983 10810 7.447
1791641599.985 10812 6.430
1791641599.989 10815 5.894
1791641599.995 10818 7.330
1791641599.997 10820 6.312
1791641600.001 10823 5.934
1791641600.007 10828 4.316
1791641600.009 10826 9.317
1791641600.014 10831 5.983
1791641600.020 10836 4.300
1791641600.022 10834 9.343
1791641600.026 10839 5.787
1791641600.032 10844 4.361
1791641600.034 10842 9.402
1791641600.038 10847 5.938
1791641600.044 10850 7.641
1791641600.046 10852 6.639
1791641600.050 10855 5.970
1791641600.056 10860 4.560
1791641600.058 10858 9.629
1791641600.062 10863 6.086
1791641600.068 10866 7.728
1791641600.070 10868 6.655
1791641600.074 10871 5.797
1791641600.081 10874 7.606
1791641600.083 10876 6.588
1791641600.086 10879 5.776
1791641600.093 10882 7.569
1791641600.095 10884 6.552
1791641600.098 10887 5.754
1791641600.105 10890 7.605
1791641600.107 10892 6.589
1791641600.111 10895 6.153
1791641600.117 10898 7.640
1791641600.119 10900 6.634
1791641600.123 10903 5.941
1791641600.129 10906 7.674
1791641600.131 10908 6.670
1791641600.135 10911 6.083
1791641600.141 10914 7.779
1791641600.143 10916 6.771
1791641600.147 10919 5.890
1791641600.153 10924 4.406
1791641600.155 10922 9.443
1791641600.159 10927 5.838
1791641600.166 10932 4.721
1791641600.168 10930 9.759
1791641600.171 10935 5.911
1791641600.177 10938 7.463
1791641600.179 10940 6.439
1791641600.183 10943 5.780
1791641600.190 10946 7.653
1791641600.192 10948 6.665
1791641600.196 10951 6.132
1791641600.202 10954 7.640
1791641600.204 10956 6.634
1791641600.208 10959 5.887
1791641600.214 10962 7.640
1791641600.216 10964 6.634
1791641600.220 10967 5.981
1791641600.226 10972 4.407
1791641600.228 10970 9.442
1791641600.232 10975 5.845
1791641600.238 10978 7.307
1791641600.240 10980 6.283
1791641600.244 10983 5.867
1791641600.250 10988 4.265
1791641600.252 10986 9.300
1791641600.256 10991 5.765
1791641600.263 10996 4.613
1791641600.265 10994 9.640
1791641600.268 10999 5.866
1791641600.274 11002 7.310
1791641600.276 11004 6.288
1791641600.281 11007 5.907
1791641600.287 11012 4.267
1791641600.289 11010 9.280
1791641600.293 11015 5.984
1791641600.299 11020 4.494
1791641600.301 11018 9.537
1791641600.305 11023 5.894
1791641600.311 11028 4.414
1791641600.313 11026 9.430
1791641600.317 11031 5.969
1791641600.323 11034 7.409
1791641600.325 11036 6.385
1791641600.329 11039 5.899
1791641600.335 11044 4.322
1791641600.337 11042 9.420
1791641600.341 11047 5.958
1791641600.347 11052 4.365
1791641600.349 11050 9.419
1791641600.353 11055 5.850
1791641600.359 11058 7.452
1791641600.361 11060 6.360
1791641600.365 11063 5.798
1791641600.372 11066 7.373
1791641600.374 11068 6.385
1791641600.378 11071 6.253
1791641600.384 11074 7.422
1791641600.386 11076 6.376
1791641600.390 11079 5.842
1791641600.396 11082 7.334
1791641600.398 11084 6.359
1791641600.402 11087 5.861
1791641600.408 11092 4.311
1791641600.410 11090 9.353
1791641600.414 11095 5.881
1791641600.420 11100 4.392
1791641600.422 11098 9.411
1791641600.426 11103 5.931
1791641600.432 11108 4.373
1791641600.434 11106 9.416
1791641600.438 11111 5.928
1791641600.444 11114 7.353
1791641600.446 11116 6.342
1791641600.450 11119 5.870
1791641600.457 11124 4.393
1791641600.459 11122 9.415
1791641600.463 11127 5.903
1791641600.469 11130 7.352
1791641600.471 11132 6.328
1791641600.475 11135 5.863
1791641600.481 11140 4.534
1791641600.483 11138 9.621
1791641600.487 11143 5.833
1791641600.493 11148 4.639
1791641600.495 11146 9.672
1791641600.499 11151 5.834
1791641600.505 11154 7.351
1791641600.507 11156 6.332
1791641600.511 11159 5.764
1791641600.517 11162 7.406
1791641600.519 11164 6.382
1791641600.523 11167 5.728
1791641600.529 11172 4.392
1791641600.531 11170 9.436
1791641600.535 11175 5.870
1791641600.542 11180 4.470
1791641600.544 11178 9.529
1791641600.547 11183 5.753
1791641600.554 11188 4.663
1791641600.556 11186 9.696
1791641600.560 11191 5.763
1791641600.566 11196 4.352
1791641600.568 11194 9.383
1791641600.572 11199 5.886
1791641600.578 11204 4.284
1791641600.580 11202 9.325
1791641600.584 11207 5.888
1791641600.590 11212 4.322
1791641600.592 11210 9.360
1791641600.596 11215 5.877
1791641600.603 11220 4.630
1791641600.605 11218 9.666
1791641600.608 11223 5.802
1791641600.615 11226 6.157
1791641600.617 11228 6.620
1791641600.620 11231 5.790
1791641600.627 11234 7.573
1791641600.629 11236 6.574
1791641600.633 11239 5.867
1791641600.639 11242 7.361
1791641600.641 11244 6.336
1791641600.645 11247 5.848
1791641600.651 11250 7.362
1791641600.653 11252 6.347
1791641600.657 11255 5.863
1791641600.663 11258 7.426
1791641600.665 11260 6.401
1791641600.669 11263 5.810
1791641600.675 11266 7.620
1791641600.677 11268 6.606
1791641600.681 11271 5.804
1791641600.687 11274 7.435
1791641600.689 11276 6.411
1791641600.693 11279 5.872
1791641600.699 11284 4.319
1791641600.701 11282 9.358
1791641600.705 11287 5.878
1791641600.711 11290 7.342
1791641600.713 11292 6.332
1791641600.717 11295 5.798
1791641600.724 11298 7.371
1791641600.726 11300 6.358
1791641600.730 11303 5.977
1791641600.736 11306 7.408
1791641600.738 11308 6.382
1791641600.742 11311 5.899
1791641600.748 11316 4.741
1791641600.750 11314 9.781
1791641600.754 11319 5.988
1791641600.760 11324 4.410
1791641600.762 11322 9.468
1791641600.766 11327 5.850
1791641600.772 11332 4.477
1791641600.774 11330 9.513
1791641600.778 11335 5.890
1791641600.784 11340 4.304
1791641600.786 11338 9.345
1791641600.790 11343 5.794
1791641600.796 11348 4.353
1791641600.798 11346 9.391
1791641600.803 11351 6.004
1791641600.809 11356 4.307
1791641600.811 11354 9.323
1791641600.815 11359 5.732
1791641600.821 11364 4.408
1791641600.823 11362 9.448
1791641600.827 11367 6.061
1791641600.833 11370 7.336
1791641600.835 11372 6.329
1791641600.839 11375 5.845
1791641600.845 11378 7.644
1791641600.847 11380 6.635
1791641600.851 11383 5.818
1791641600.857 11386 7.587
1791641600.859 11388 6.533
1791641600.864 11391 6.772
1791641600.869 11394 7.465
1791641600.871 11396 6.451
1791641600.876 11399 6.034
1791641600.881 11402 7.371
1791641600.883 11404 6.358
1791641600.888 11407 5.967
1791641600.894 11410 7.680
1791641600.896 11412 6.692
1791641600.900 11415 5.821
1791641600.906 11420 4.445
1791641600.908 11418 9.550
1791641600.912 11423 5.794
1791641600.918 11426 7.606
1791641600.920 11428 6.621
1791641600.924 11431 5.809
1791641600.930 11436 4.687
1791641600.932 11434 9.723
1791641600.936 11439 5.936
1791641600.942 11442 7.607
1791641600.944 11444 6.608
1791641600.948 11447 5.897
1791641600.954 11450 7.404
1791641600.956 11452 6.398
1791641600.960 11455 5.823
1791641600.966 11460 4.276
1791641600.968 11458 9.318
1791641600.972 11463 5.908
1791641600.978 11466 7.328
1791641600.980 11468 6.317
1791641600.985 11471 5.953
1791641600.991 11474 7.295
1791641600.993 11476 6.317
1791641600.997 11479 5.835
1791641601.003 11482 7.691
1791641601.005 11484 6.723
1791641601.009 11487 6.173
1791641601.015 11492 4.585
1791641601.017 11490 9.606
1791641601.021 11495 6.036
1791641601.027 11500 4.605
1791641601.029 11498 9.629
1791641601.033 11503 6.042
1791641601.039 11508 4.637
1791641601.042 11506 9.666
1791641601.045 11511 5.829
1791641601.052 11516 4.617
1791641601.054 11514 9.644
1791641601.058 11519 6.001
1791641601.064 11522 7.642
1791641601.066 11524 6.635
1791641601.070 11527 6.197
1791641601.076 11532 4.358
1791641601.078 11530 9.390
1791641601.082 11535 5.964
1791641601.088 11540 4.868
1791641601.090 11538 9.870
1791641601.094 11543 5.884
1791641601.100 11546 7.582
1791641601.102 11548 6.557
1791641601.106 11551 5.958
1791641601.112 11556 4.316
1791641601.114 11554 9.358
1791641601.118 11559 5.900
1791641601.124 11562 7.339
1791641601.126 11564 6.334
1791641601.130 11567 5.839
1791641601.136 11572 4.301
1791641601.138 11570 9.294
1791641601.142 11575 5.732
1791641601.148 11578 7.310
1791641601.150 11580 6.304
1791641601.161 11583 11.915
1791641601.165 11586 10.312
1791641601.167 11588 10.917
1791641601.170 11591 8.833
1791641601.172 11594 6.770
1791641601.176 11596 7.802
1791641601.178 11599 5.263
1791641601.183 11602 5.321
1791641601.189 11604 8.830
1791641601.191 11607 6.376
1791641601.196 11612 3.595
1791641601.198 11610 8.636
1791641601.203 11615 6.107
1791641601.209 11618 7.633
1791641601.211 11620 6.594
1791641601.215 11623 6.146
1791641601.221 11626 7.453
1791641601.223 11628 6.442
1791641601.227 11631 5.881
1791641601.234 11636 4.669
1791641601.236 11634 9.672
1791641601.239 11639 5.825
1791641601.246 11644 4.664
1791641601.248 11642 9.687
1791641601.252 11647 5.857
1791641601.258 11650 7.296
1791641601.260 11652 6.282
1791641601.264 11655 5.911
1791641601.270 11658 7.362
1791641601.272 11660 6.354
1791641601.276 11663 5.912
1791641601.282 11666 7.423
1791641601.284 11668 6.397
1791641601.288 11671 5.811
1791641601.294 11676 4.373
1791641601.296 11674 9.385
1791641601.300 11679 5.739
1791641601.306 11684 4.600
1791641601.309 11682 8.766
1791641601.312 11687 5.932
1791641601.319 11692 4.485
1791641601.321 11690 9.564
1791641601.325 11695 5.996
1791641601.330 11698 7.333
1791641601.332 11700 6.307
1791641601.337 11703 6.018
1791641601.343 11706 7.631
1791641601.345 11708 6.538
1791641601.349 11711 5.883
1791641601.355 11714 7.374
1791641601.357 11716 6.357
1791641601.361 11719 5.986
1791641601.367 11724 4.309
1791641601.369 11722 9.337
1791641601.373 11727 5.913
1791641601.379 11732 4.618
1791641601.381 11730 9.655
1791641601.385 11735 5.866
1791641601.392 11738 7.666
1791641601.394 11740 6.674
1791641601.397 11743 5.970
1791641601.404 11748 4.541
1791641601.406 11746 9.567
1791641601.409 11751 5.910
1791641601.416 11756 4.589
1791641601.418 11754 9.615
1791641601.422 11759 6.120
1791641601.428 11764 4.320
1791641601.430 11762 9.349
1791641601.434 11767 5.772
1791641601.440 11770 7.645
1791641601.442 11772 6.633
1791641601.446 11775 5.789
1791641601.452 11778 7.303
1791641601.454 11780 6.287
1791641601.458 11783 5.827
1791641601.464 11788 4.599
1791641601.466 11786 9.638
1791641601.470 11791 5.870
1791641601.477 11796 4.778
1791641601.479 11794 9.812
1791641601.482 11799 5.856
1791641601.488 11802 7.365
1791641601.490 11804 6.344
1791641601.494 11807 5.867
1791641601.500 11812 4.371
1791641601.502 11810 9.404
1791641601.507 11815 5.965
1791641601.513 11818 7.347
1791641601.515 11820 6.325
1791641601.519 11823 5.865
1791641601.525 11828 4.640
1791641601.527 11826 9.680
1791641601.531 11831 5.827
1791641601.537 11836 4.644
1791641601.539 11834 9.657
1791641601.543 11839 5.805
1791641601.549 11844 4.623
1791641601.551 11842 9.660
1791641601.555 11847 6.011
1791641601.561 11852 4.660
1791641601.563 11850 9.731
1791641601.567 11855 5.841
1791641601.573 11858 7.532
1791641601.575 11860 6.445
1791641601.579 11863 5.841
1791641601.585 11866 7.348
1791641601.587 11868 6.356
1791641601.591 11871 5.784
1791641601.598 11874 7.545
1791641601.600 11876 6.535
1791641601.604 11879 6.048
1791641601.610 11882 7.309
1791641601.612 11884 6.291
1791641601.616 11887 6.003
1791641601.622 11892 4.627
1791641601.624 11890 9.651
1791641601.628 11895 5.886
1791641601.634 11898 7.467
1791641601.636 11900 6.466
1791641601.640 11903 5.971
1791641601.646 11906 7.304
1791641601.648 11908 6.285
1791641601.652 11911 5.773
1791641601.658 11914 7.326
1791641601.660 11916 6.303
1791641601.664 11919 5.871
1791641601.671 11922 7.498
1791641601.673 11924 6.470
1791641601.676 11927 5.839
1791641601.683 11932 4.671
1791641601.685 11930 9.671
1791641601.689 11935 5.891
1791641601.695 11938 7.401
1791641601.697 11940 6.389
1791641601.701 11943 5.773
1791641601.707 11948 4.660
1791641601.709 11946 9.695
1791641601.713 11951 6.210
1791641601.721 11954 9.080
1791641601.723 11956 8.064
1791641601.727 11959 7.599
1791641601.733 11962 8.553
1791641601.735 11964 7.980
1791641601.739 11967 7.535
1791641601.745 11972 5.972
1791641601.747 11970 10.812
1791641601.751 11975 7.553
1791641601.757 11980 5.886
1791641601.759 11978 10.664
1791641601.763 11983 7.461
1791641601.769 11988 5.889
1791641601.771 11986 10.714
1791641601.775 11991 7.332
1791641601.781 11994 8.686
1791641601.783 11996 7.870
1791641601.787 11999 7.433
1791641601.793 12002 8.626
1791641601.795 12004 7.820
1791641601.800 12007 7.568
1791641601.806 12010 8.707
1791641601.808 12012 8.170
1791641601.812 12015 7.691
1791641601.818 12020 6.188
1791641601.820 12018 10.739
1791641601.824 12023 7.395
1791641601.830 12026 8.746
1791641601.832 12028 7.967
1791641601.836 12031 7.533
1791641601.842 12034 8.934
1791641601.844 12036 8.207
1791641601.848 12039 7.731
1791641601.855 12044 7.369
1791641601.858 12042 11.752
1791641601.862 12047 8.839
1791641601.864 12050 6.399
1791641601.868 12052 7.852
1791641601.870 12055 5.238
1791641601.875 12058 5.268
1791641601.883 12063 5.908
1791641601.885 12060 11.127
1791641601.889 12066 7.320
1791641601.891 12068 6.406
1791641601.895 12071 5.791
1791641601.901 12074 7.376
1791641601.903 12076 6.351
1791641601.907 12079 5.852
1791641601.913 12084 4.307
1791641601.915 12082 9.286
1791641601.919 12087 5.821
1791641601.926 12092 4.616
1791641601.928 12090 9.648
1791641601.931 12095 5.949
1791641601.937 12100 4.358
1791641601.939 12098 9.470
1791641601.943 12103 5.808
1791641601.950 12108 4.455
1791641601.952 12106 9.490
1791641601.956 12111 5.827
1791641601.962 12116 4.385
1791641601.964 12114 9.410
1791641601.968 12119 5.894
1791641601.974 12124 4.315
1791641601.976 12122 9.341
1791641601.980 12127 5.867
1791641601.986 12132 4.306
1791641601.988 12130 9.341
1791641601.992 12135 5.997
1791641601.998 12138 7.535
1791641602.000 12140 6.560
1791641602.004 12143 5.955
1791641602.011 12146 7.600
1791641602.013 12148 6.603
1791641602.016 12151 5.904
1791641602.022 12156 4.295
1791641602.024 12154 9.337
1791641602.028 12159 5.856
1791641602.035 12162 7.337
1791641602.037 12164 6.341
1791641602.041 12167 5.849
1791641602.047 12172 4.475
1791641602.049 12170 9.517
1791641602.053 12175 5.900
1791641602.059 12180 4.353
1791641602.061 12178 9.459
1791641602.065 12183 5.828
1791641602.071 12186 7.682
1791641602.073 12188 6.673
1791641602.077 12191 5.962
1791641602.083 12196 4.631
1791641602.085 12194 9.666
1791641602.089 12199 5.830
1791641602.095 12204 4.370
1791641602.097 12202 9.406
1791641602.101 12207 5.736
1791641602.107 12212 4.293
1791641602.109 12210 9.332
1791641602.113 12215 5.850
1791641602.119 12220 4.309
1791641602.121 12218 9.349
1791641602.126 12223 5.869
1791641602.132 12226 7.519
1791641602.134 12228 6.516
1791641602.138 12231 5.906
1791641602.144 12234 7.564
1791641602.146 12236 6.593
1791641602.150 12239 5.960
1791641602.156 12244 4.327
1791641602.158 12242 9.369
1791641602.162 12247 5.831
1791641602.168 12252 4.357
1791641602.170 12250 9.397
1791641602.174 12255 5.872
1791641602.180 12260 4.303
1791641602.182 12258 9.345
1791641602.186 12263 5.780
1791641602.192 12268 4.314
1791641602.194 12266 9.356
1791641602.198 12271 5.784
1791641602.205 12276 4.371
1791641602.207 12274 9.414
1791641602.211 12279 5.838
1791641602.217 12284 4.346
1791641602.219 12282 9.390
1791641602.223 12287 5.816
1791641602.229 12290 7.523
1791641602.231 12292 6.497
1791641602.235 12295 5.806
1791641602.241 12298 7.339
1791641602.243 12300 6.313
1791641602.247 12303 5.792
1791641602.253 12306 7.425
1791641602.255 12308 6.401
1791641602.259 12311 5.825
1791641602.265 12316 4.342
1791641602.267 12314 9.394
1791641602.271 12319 5.821
1791641602.277 12324 4.307
1791641602.279 12322 9.350
1791641602.283 12327 5.790
1791641602.289 12332 4.278
1791641602.291 12330 9.317
1791641602.296 12335 6.104
1791641602.302 12338 7.459
1791641602.304 12340 6.446
1791641602.308 12343 5.934
1791641602.314 12346 7.421
1791641602.316 12348 6.407
1791641602.320 12351 5.786
1791641602.326 12354 7.367
1791641602.328 12356 6.345
1791641602.332 12359 5.783
1791641602.338 12364 4.317
1791641602.340 12362 9.356
1791641602.344 12367 5.777
1791641602.350 12370 7.388
1791641602.352 12372 6.332
1791641602.356 12375 6.090
1791641602.362 12378 7.418
1791641602.364 12380 6.407
1791641602.369 12383 6.078
1791641602.374 12388 4.329
1791641602.376 12386 9.360
1791641602.381 12391 6.022
1791641602.387 12394 7.800
1791641602.389 12396 6.790
1791641602.393 12399 5.753
1791641602.399 12404 4.645
1791641602.401 12402 9.678
1791641602.405 12407 5.847
1791641602.411 12410 7.393
1791641602.413 12412 6.363
1791641602.417 12415 5.818
1791641602.423 12418 7.620
1791641602.425 12420 6.578
1791641602.429 12423 5.857
1791641602.435 12428 4.300
1791641602.437 12426 9.335
1791641602.441 12431 6.063
1791641602.447 12436 4.309
1791641602.449 12434 9.340
1791641602.454 12439 6.062
1791641602.460 12442 7.606
1791641602.462 12444 6.590
1791641602.465 12447 5.866
1791641602.472 12450 7.691
1791641602.474 12452 6.649
1791641602.478 12455 5.781
1791641602.484 12460 4.641
1791641602.486 12458 9.668
1791641602.490 12463 5.772
1791641602.496 12468 4.577
1791641602.498 12466 9.610
1791641602.502 12471 5.759
1791641602.508 12474 7.569
1791641602.510 12476 6.554
1791641602.514 12479 6.144
1791641602.520 12482 7.313
1791641602.522 12484 6.300
1791641602.526 12487 6.065
1791641602.532 12490 7.357
1791641602.534 12492 6.337
1791641602.538 12495 6.048
1791641602.545 12498 7.818
1791641602.547 12500 6.809
1791641602.551 12503 6.064
1791641602.557 12506 7.680
1791641602.559 12508 6.661
1791641602.562 12511 5.764
1791641602.569 12514 7.729
1791641602.571 12516 6.744
1791641602.575 12519 6.073
1791641602.581 12522 7.417
1791641602.583 12524 6.407
1791641602.587 12527 6.040
1791641602.593 12532 4.437
1791641602.595 12530 9.463
1791641602.599 12535 5.808
1791641602.605 12540 4.340
1791641602.607 12538 9.378
1791641602.611 12543 5.791
1791641602.617 12546 7.372
1791641602.619 12548 6.336
1791641602.624 12551 6.192
1791641602.631 12556 5.820
1791641602.633 12554 10.863
1791641602.637 12559 7.380
1791641602.643 12562 8.690
1791641602.645 12564 7.847
1791641602.649 12567 7.354
1791641602.655 12572 5.795
1791641602.657 12570 10.650
1791641602.661 12575 7.430
1791641602.667 12580 5.834
1791641602.669 12578 10.723
1791641602.673 12583 7.412
1791641602.679 12586 8.676
1791641602.681 12588 7.866
1791641602.686 12591 7.633
1791641602.692 12596 6.129
1791641602.694 12594 10.682
1791641602.698 12599 7.630
1791641602.704 12602 8.604
1791641602.706 12604 8.038
1791641602.710 12607 7.346
1791641602.716 12610 8.675
1791641602.718 12612 7.915
1791641602.722 12615 7.368
1791641602.728 12618 8.824
1791641602.730 12620 7.992
1791641602.734 12623 7.668
1791641602.740 12628 5.976
1791641602.742 12626 10.536
1791641602.746 12631 7.449
1791641602.752 12634 8.787
1791641602.754 12636 7.964
1791641602.758 12639 7.300
1791641602.764 12644 5.853
1791641602.766 12642 10.717
1791641602.770 12647 7.356
1791641602.777 12650 8.810
1791641602.779 12652 7.985
1791641602.783 12655 7.484
1791641602.789 12660 5.852
1791641602.791 12658 10.722
1791641602.795 12663 7.361
1791641602.801 12668 5.937
1791641602.803 12666 10.776
1791641602.807 12671 7.318
1791641602.813 12674 8.657
1791641602.815 12676 7.835
1791641602.819 12679 7.533
1791641602.825 12682 8.501
1791641602.827 12684 7.831
1791641602.831 12687 7.500
1791641602.837 12692 5.897
1791641602.839 12690 10.692
1791641602.843 12695 7.528
1791641602.849 12698 8.603
1791641602.851 12700 7.841
1791641602.855 12703 7.347
1791641602.861 12708 5.849
1791641602.863 12706 10.662
1791641602.868 12711 7.375
1791641602.874 12716 5.799
1791641602.876 12714 10.639
1791641602.880 12719 7.374
1791641602.886 12724 5.945
1791641602.888 12722 10.768
1791641602.892 12727 7.645
1791641602.898 12730 8.718
1791641602.900 12732 8.146
1791641602.904 12735 7.346
1791641602.910 12738 8.776
1791641602.912 12740 7.929
1791641602.916 12743 7.420
1791641602.922 12748 5.849
1791641602.924 12746 10.749
1791641602.928 12751 7.390
1791641602.934 12756 5.926
1791641602.936 12754 10.727
1791641602.940 12759 7.423
1791641602.947 12764 6.231
1791641602.949 12762 10.973
1791641602.953 12767 7.663
1791641602.959 12770 8.744
1791641602.961 12772 8.195
1791641602.965 12775 7.557
1791641602.971 12780 6.179
1791641602.973 12778 10.824
1791641602.977 12783 7.333
1791641602.983 12788 5.854
1791641602.985 12786 10.549
1791641602.989 12791 7.484
1791641602.995 12794 8.723
1791641602.997 12796 7.887
1791641603.001 12799 7.415
1791641603.007 12804 5.824
1791641603.009 12802 10.597
1791641603.013 12807 7.424
1791641603.020 12812 6.234
1791641603.022 12810 11.076
1791641603.025 12815 7.468
1791641603.031 12818 8.660
1791641603.033 12820 7.913
1791641603.038 12823 7.495
1791641603.044 12828 5.903
1791641603.046 12826 10.559
1791641603.050 12831 7.382
1791641603.056 12834 8.706
1791641603.058 12836 7.992
1791641603.062 12839 7.430
1791641603.068 12844 6.059
1791641603.070 12842 10.812
1791641603.074 12847 7.489
1791641603.080 12850 9.042
1791641603.082 12852 8.237
1791641603.086 12855 7.573
1791641603.092 12858 8.789
1791641603.094 12860 8.202
1791641603.098 12863 7.336
1791641603.105 12868 6.153
1791641603.107 12866 11.013
1791641603.110 12871 7.398
1791641603.117 12876 6.153
1791641603.119 12874 10.943
1791641603.123 12879 7.417
1791641603.129 12884 6.150
1791641603.131 12882 10.862
1791641603.135 12887 7.649
1791641603.141 12890 8.624
1791641603.143 12892 8.113
1791641603.147 12895 7.498
1791641603.153 12898 8.553
1791641603.155 12900 7.973
1791641603.159 12903 7.496
1791641603.165 12906 8.835
1791641603.167 12908 7.803
1791641603.171 12911 7.429
1791641603.177 12916 5.886
1791641603.179 12914 10.662
1791641603.183 12919 7.396
1791641603.189 12924 5.852
1791641603.191 12922 10.670
1791641603.195 12927 7.435
1791641603.202 12932 6.142
1791641603.204 12930 10.990
1791641603.208 12935 7.525
1791641603.214 12938 8.698
1791641603.216 12940 7.950
1791641603.220 12943 7.499
1791641603.226 12948 6.207
1791641603.228 12946 10.859
1791641603.232 12951 7.329
1791641603.238 12954 8.674
1791641603.240 12956 7.885
1791641603.244 12959 7.325
1791641603.250 12962 8.710
1791641603.252 12964 7.898
1791641603.256 12967 7.507
1791641603.262 12972 6.168
1791641603.264 12970 10.832
1791641603.268 12975 7.320
1791641603.274 12980 5.978
1791641603.276 12978 10.789
1791641603.280 12983 5.554
1791641603.286 12988 5.902
1791641603.288 12986 10.671
1791641603.293 12991 7.540
1791641603.299 12996 5.918
1791641603.301 12994 10.629
1791641603.305 12999 7.308
1791641603.311 13002 8.563
1791641603.313 13004 7.728
1791641603.317 13007 7.657
1791641603.323 13012 6.106
1791641603.325 13010 10.673
1791641603.329 13015 7.749
1791641603.335 13020 5.946
1791641603.337 13018 10.488
1791641603.341 13023 7.278
1791641603.347 13026 9.040
1791641603.349 13028 8.234
1791641603.353 13031 7.363
1791641603.359 13034 8.887
1791641603.361 13036 8.120
1791641603.365 13039 7.324
1791641603.371 13042 8.905
1791641603.374 13044 8.074
1791641603.377 13047 7.354
1791641603.383 13052 5.862
1791641603.385 13050 10.701
1791641603.390 13055 7.449
1791641603.396 13058 8.660
1791641603.398 13060 7.881
1791641603.402 13063 7.364
1791641603.408 13068 5.949
1791641603.410 13066 10.740
1791641603.414 13074 3.294
1791641603.416 13071 9.785
1791641603.421 13076 6.854
1791641603.427 13082 4.419
1791641603.430 13079 10.908
1791641603.434 13087 3.226
1791641603.436 13084 9.775
1791641603.441 13090 5.396
1791641603.447 13095 4.663
1791641603.449 13092 11.047
1791641603.454 13098 6.384
1791641603.456 13100 5.354
1791641603.461 13103 5.809
1791641603.467 13108 4.319
1791641603.469 13106 9.324
1791641603.473 13111 5.947
1791641603.479 13116 4.273
1791641603.481 13114 9.314
1791641603.485 13119 5.912
1791641603.491 13124 4.421
1791641603.493 13122 9.437
1791641603.497 13127 5.742
1791641603.504 13132 4.629
1791641603.506 13130 9.662
1791641603.509 13135 5.863
1791641603.516 13138 7.535
1791641603.518 13140 6.505
1791641603.521 13143 5.846
1791641603.528 13148 4.522
1791641603.530 13146 9.562
1791641603.534 13151 5.856
1791641603.540 13156 4.339
1791641603.542 13154 9.394
1791641603.546 13159 5.895
1791641603.552 13162 7.364
1791641603.554 13164 6.344
1791641603.558 13167 5.823
1791641603.564 13172 4.321
1791641603.566 13170 9.360
1791641603.570 13175 6.022
1791641603.576 13180 4.305
1791641603.578 13178 9.351
1791641603.582 13183 5.970
1791641603.588 13186 7.360
1791641603.590 13188 6.340
1791641603.594 13191 5.790
1791641603.601 13194 7.613
1791641603.603 13196 6.638
1791641603.607 13199 6.164
1791641603.613 13202 7.386
1791641603.615 13204 6.381
1791641603.619 13207 5.898
1791641603.625 13212 4.340
1791641603.627 13210 9.359
1791641603.631 13215 5.884
1791641603.637 13218 7.322
1791641603.639 13220 6.303
1791641603.643 13223 5.957
1791641603.649 13226 7.817
1791641603.651 13228 6.836
1791641603.655 13231 5.880
1791641603.661 13234 7.600
1791641603.663 13236 6.582
1791641603.667 13239 5.814
1791641603.673 13242 7.619
1791641603.676 13244 6.629
1791641603.679 13247 5.907
1791641603.685 13252 4.275
1791641603.687 13250 9.262
1791641603.691 13255 5.837
1791641603.697 13260 4.265
1791641603.699 13258 9.306
1791641603.704 13263 5.805
1791641603.710 13266 7.675
1791641603.712 13268 6.678
1791641603.716 13271 5.834
1791641603.722 13276 4.365
1791641603.724 13274 9.406
1791641603.728 13279 5.980
1791641603.734 13282 7.681
1791641603.736 13284 6.670
1791641603.740 13287 5.818
1791641603.746 13290 7.689
1791641603.748 13292 6.673
1791641603.752 13295 5.858
1791641603.758 13298 7.326
1791641603.760 13300 6.332
1791641603.764 13303 5.877
1791641603.770 13308 4.385
1791641603.772 13306 9.397
1791641603.776 13311 5.930
1791641603.783 13316 4.479
1791641603.785 13314 9.522
1791641603.789 13319 5.889
1791641603.795 13324 4.335
1791641603.797 13322 9.352
1791641603.801 13327 5.864
1791641603.807 13332 4.491
1791641603.809 13330 9.157
1791641603.813 13335 5.805
1791641603.819 13340 4.280
1791641603.821 13338 9.320
1791641603.825 13343 5.810
1791641603.831 13346 7.302
1791641603.833 13348 6.279
1791641603.837 13351 5.812
1791641603.843 13354 7.634
1791641603.845 13356 6.617
1791641603.849 13359 5.801
1791641603.855 13362 7.479
1791641603.857 13364 6.461
1791641603.861 13367 5.866
1791641603.867 13370 7.286
1791641603.869 13372 6.298
1791641603.874 13375 5.931
1791641603.880 13378 7.656
1791641603.882 13380 6.637
1791641603.886 13383 5.993
1791641603.892 13386 7.386
1791641603.894 13388 6.374
1791641603.898 13391 5.818
1791641603.904 13394 7.492
1791641603.906 13396 6.459
1791641603.910 13399 5.879
1791641603.916 13404 4.340
1791641603.918 13402 9.359
1791641603.922 13407 5.893
1791641603.928 13412 4.388
1791641603.930 13410 9.431
1791641603.934 13415 5.926
1791641603.940 13420 4.366
1791641603.942 13418 9.409
1791641603.946 13423 5.844
1791641603.952 13428 4.363
1791641603.954 13426 9.405
1791641603.958 13431 5.824
1791641603.965 13436 4.813
1791641603.967 13434 9.839
1791641603.971 13439 5.831
1791641603.977 13442 7.573
1791641603.979 13444 6.589
1791641603.983 13447 5.838
1791641603.989 13452 4.315
1791641603.991 13450 9.356
1791641603.995 13455 5.798
1791641604.001 13460 4.417
1791641604.003 13458 9.460
1791641604.007 13463 5.944
1791641604.013 13468 4.362
1791641604.015 13466 9.394
1791641604.019 13471 5.826
1791641604.026 13474 7.636
1791641604.028 13476 6.624
1791641604.031 13479 5.824
1791641604.038 13482 6.856
1791641604.040 13484 6.597
1791641604.044 13487 5.973
1791641604.049 13492 4.302
1791641604.051 13490 9.338
1791641604.056 13495 5.824
1791641604.062 13500 4.586
1791641604.064 13498 9.633
1791641604.068 13503 6.071
1791641604.074 13506 7.475
1791641604.076 13508 6.440
1791641604.080 13511 5.814
1791641604.086 13514 7.692
1791641604.088 13516 6.677
1791641604.092 13519 5.835
1791641604.098 13524 4.413
1791641604.100 13522 9.459
1791641604.104 13527 5.843
1791641604.110 13532 4.320
1791641604.112 13530 9.362
1791641604.116 13535 5.820
1791641604.122 13540 4.462
1791641604.124 13538 9.492
1791641604.128 13543 5.833
1791641604.135 13546 7.757
1791641604.137 13548 6.735
1791641604.141 13551 5.817
1791641604.147 13554 7.304
1791641604.149 13556 6.287
1791641604.153 13559 5.705
1791641604.159 13562 7.674
1791641604.161 13564 6.658
1791641604.165 13567 5.845
1791641604.171 13572 4.422
1791641604.173 13570 9.461
1791641604.177 13575 5.863
1791641604.183 13580 4.282
1791641604.185 13578 9.320
1791641604.189 13583 5.779
1791641604.195 13586 7.294
1791641604.197 13588 6.273
1791641604.201 13591 6.041
1791641604.207 13594 7.347
1791641604.209 13596 6.324
1791641604.213 13599 5.845
1791641604.220 13602 7.571
1791641604.222 13604 6.584
1791641604.226 13607 5.844
1791641604.232 13612 4.649
1791641604.234 13610 9.685
1791641604.238 13615 5.839
1791641604.244 13618 7.584
1791641604.246 13620 6.565
1791641604.250 13623 5.991
1791641604.256 13626 7.700
1791641604.258 13628 6.707
1791641604.262 13631 5.957
1791641604.268 13634 7.383
1791641604.270 13636 6.374
1791641604.274 13639 5.831
1791641604.281 13642 7.862
1791641604.283 13644 6.816
1791641604.286 13647 5.931
1791641604.292 13652 4.336
1791641604.294 13650 9.372
1791641604.298 13655 5.950
1791641604.304 13658 7.450
1791641604.306 13660 6.421
1791641604.311 13663 5.901
1791641604.316 13668 4.276
1791641604.318 13666 9.370
1791641604.323 13671 5.753
1791641604.329 13674 7.280
1791641604.331 13676 6.258
1791641604.335 13679 6.193
1791641604.341 13682 7.391
1791641604.343 13684 6.382
1791641604.347 13687 5.977
1791641604.353 13690 7.657
1791641604.355 13692 6.648
1791641604.359 13695 6.213
1791641604.367 13698 8.917
1791641604.369 13700 7.895
1791641604.373 13703 7.495
1791641604.379 13708 5.901
1791641604.381 13706 10.742
1791641604.385 13711 7.292
1791641604.391 13716 6.168
1791641604.393 13714 10.998
1791641604.397 13719 7.424
1791641604.403 13722 8.786
1791641604.405 13724 7.995
1791641604.409 13727 7.289
1791641604.415 13730 8.751
1791641604.417 13732 7.937
1791641604.421 13735 7.511
1791641604.427 13738 8.502
1791641604.429 13740 7.884
1791641604.433 13743 7.465
1791641604.440 13748 6.220
1791641604.442 13746 11.036
1791641604.446 13751 7.379
1791641604.452 13754 8.974
1791641604.454 13756 8.195
1791641604.458 13759 7.486
1791641604.464 13764 5.921
1791641604.466 13762 10.709
1791641604.470 13767 7.511
1791641604.476 13772 6.138
1791641604.478 13770 10.916
1791641604.482 13775 7.540
1791641604.488 13778 8.678
1791641604.490 13780 7.999
1791641604.494 13783 7.507
1791641604.500 13788 6.110
1791641604.502 13786 10.798
1791641604.506 13791 7.412
1791641604.512 13794 8.534
1791641604.514 13796 7.907
1791641604.519 13799 7.671
1791641604.525 13804 6.045
1791641604.527 13802 10.641
1791641604.531 13807 7.331
1791641604.537 13812 6.162
1791641604.539 13810 10.747
1791641604.543 13815 7.332
1791641604.549 13818 8.649
1791641604.551 13820 7.876
1791641604.555 13823 7.566
1791641604.561 13828 5.840
1791641604.563 13826 10.472
1791641604.567 13831 7.339
1791641604.573 13836 6.145
1791641604.575 13834 11.003
1791641604.579 13839 7.313
1791641604.585 13844 6.085
1791641604.587 13842 10.915
1791641604.591 13847 7.374
1791641604.598 13850 9.077
1791641604.600 13852 8.214
1791641604.603 13855 7.395
1791641604.609 13858 8.744
1791641604.611 13860 7.943
1791641604.616 13863 7.502
1791641604.622 13866 8.775
1791641604.624 13868 8.075
1791641604.628 13871 7.532
1791641604.634 13876 6.215
1791641604.636 13874 10.885
1791641604.640 13879 7.379
1791641604.646 13882 8.914
1791641604.648 13884 8.162
1791641604.652 13887 7.561
1791641604.658 13890 8.797
1791641604.660 13892 8.173
1791641604.664 13895 7.331
1791641604.670 13898 8.872
1791641604.672 13900 8.084
1791641604.676 13903 7.470
1791641604.682 13908 5.838
1791641604.684 13906 10.671
1791641604.688 13911 7.579
1791641604.694 13916 5.809
1791641604.696 13914 10.401
1791641604.701 13919 7.842
1791641604.706 13924 5.813
1791641604.708 13922 10.667
1791641604.713 13927 7.665
1791641604.719 13930 8.707
1791641604.721 13932 8.197
1791641604.725 13935 7.331
1791641604.731 13938 8.624
1791641604.733 13940 7.903
1791641604.737 13943 7.368
1791641604.743 13946 9.019
1791641604.745 13948 8.219
1791641604.749 13951 7.417
1791641604.755 13954 8.889
1791641604.757 13956 8.101
1791641604.761 13959 7.479
1791641604.767 13962 8.571
1791641604.769 13964 7.858
1791641604.773 13967 7.444
1791641604.779 13970 8.679
1791641604.781 13972 7.855
1791641604.785 13975 7.424
1791641604.792 13980 6.239
1791641604.794 13978 10.925
1791641604.798 13983 7.664
1791641604.804 13988 6.157
1791641604.806 13986 10.656
1791641604.810 13991 7.644
1791641604.816 13994 8.644
1791641604.818 13996 8.053
1791641604.822 13999 7.618
1791641604.828 14004 6.189
1791641604.830 14002 10.725
1791641604.834 14007 7.297
1791641604.840 14012 6.130
1791641604.842 14010 10.955
1791641604.846 14015 7.353
1791641604.852 14020 5.949
1791641604.854 14018 10.745
1791641604.858 14023 7.400
1791641604.865 14028 6.104
1791641604.867 14026 10.937
1791641604.870 14031 7.405
1791641604.876 14034 8.626
1791641604.878 14036 7.860
1791641604.883 14039 7.438
1791641604.889 14042 8.802
1791641604.891 14044 8.050
1791641604.895 14047 7.476
1791641604.901 14052 6.328
1791641604.903 14050 11.150
1791641604.907 14055 5.192
1791641604.913 14058 8.831
1791641604.915 14060 8.156
1791641604.919 14063 7.333
1791641604.925 14068 5.857
1791641604.927 14066 10.694
1791641604.931 14071 7.439
1791641604.937 14076 5.940
1791641604.939 14074 10.765
1791641604.943 14079 7.426
1791641604.950 14084 6.152
1791641604.952 14082 11.022
1791641604.955 14087 7.465
1791641604.962 14090 8.840
1791641604.964 14092 8.212
1791641604.968 14095 7.569
1791641604.974 14098 8.725
1791641604.976 14100 8.210
1791641604.980 14103 7.722
1791641604.986 14106 8.434
1791641604.988 14108 7.918
1791641604.992 14111 7.625
1791641604.998 14116 5.928
1791641605.000 14114 10.512
1791641605.004 14119 7.326
1791641605.010 14124 6.206
1791641605.012 14122 11.032
1791641605.016 14127 7.502
1791641605.022 14130 8.902
1791641605.024 14132 8.229
1791641605.028 14135 7.428
1791641605.034 14140 5.830
1791641605.036 14138 10.649
1791641605.040 14143 7.412
1791641605.046 14148 5.939
1791641605.048 14146 10.717
1791641605.052 14151 7.409
1791641605.059 14154 8.635
1791641605.061 14156 7.866
1791641605.065 14159 7.412
1791641605.071 14162 8.650
1791641605.073 14164 7.895
1791641605.077 14167 7.296
1791641605.083 14172 5.943
1791641605.085 14170 10.698
1791641605.089 14175 7.656
1791641605.095 14180 5.869
1791641605.097 14178 10.430
1791641605.101 14183 7.731
1791641605.107 14186 8.445
1791641605.109 14188 7.897
1791641605.114 14191 7.746
1791641605.121 14194 9.633
1791641605.123 14196 9.246
1791641605.127 14199 8.881
1791641605.129 14202 6.344
1791641605.133 14204 7.811
1791641605.135 14207 5.281
1791641605.140 14210 5.299
1791641605.147 14215 4.419
1791641605.149 14212 10.831
1791641605.153 14218 6.248
1791641605.155 14220 5.260
1791641605.160 14223 6.116
1791641605.166 14228 4.299
1791641605.168 14226 9.335
1791641605.173 14231 6.067
1791641605.178 14236 4.355
1791641605.180 14234 9.447
1791641605.184 14239 5.906
1791641605.190 14244 4.283
1791641605.192 14242 9.309
1791641605.197 14247 5.770
1791641605.203 14252 4.653
1791641605.205 14250 9.697
1791641605.209 14255 5.931
1791641605.316 14260 105.081
1791641605.318 14258 110.121
1791641605.321 14263 105.835
1791641605.323 14271 95.706
1791641605.325 14279 85.577
1791641605.327 14287 75.444
1791641605.329 14295 65.315
1791641605.331 14303 55.183
1791641605.333 14311 45.053
1791641605.335 14319 34.918
1791641605.337 14327 24.793
1791641605.339 14266 119.341
1791641605.341 14274 109.191
1791641605.343 14282 99.092
1791641605.345 14290 88.953
1791641605.347 14298 78.825
1791641605.349 14306 68.703
1791641605.351 14314 58.572
1791641605.353 14322 48.408
1791641605.355 14268 132.385
1791641605.357 14276 122.254
1791641605.359 14284 112.125
1791641605.361 14292 102.002
1791641605.363 14300 91.876
1791641605.365 14308 81.746
1791641605.367 14316 71.617
1791641605.369 14324 61.484
1791641605.372 14330 55.669
1791641605.374 14338 45.542
1791641605.376 14346 35.407
1791641605.378 14354 25.280
1791641605.380 14335 56.134
1791641605.382 14343 45.996
1791641605.384 14351 35.873
1791641605.386 14359 25.745
1791641605.388 14332 68.720
1791641605.390 14340 58.590
1791641605.392 14348 48.458
1791641605.394 14356 38.328
1791641605.397 14367 24.622
1791641605.399 14375 14.493
1791641605.401 14362 36.265
1791641605.403 14370 26.079
1791641605.405 14378 15.954
1791641605.407 14364 39.216
1791641605.409 14372 29.086
1791641605.411 14380 18.957
1791641605.414 14388 9.606
1791641605.416 14386 14.643
1791641605.418 14383 21.212
1791641605.421 14391 12.070
1791641605.424 14394 10.257
1791641605.426 14396 9.211
1791641605.429 14399 7.653
1791641605.435 14402 8.460
1791641605.437 14404 7.931
1791641605.441 14407 7.761
1791641605.447 14410 8.538
1791641605.449 14412 8.047
1791641605.453 14415 7.536
1791641605.459 14418 8.607
1791641605.461 14420 8.063
1791641605.465 14423 7.520
1791641605.472 14426 8.852
1791641605.474 14428 8.179
1791641605.478 14431 7.725
1791641605.484 14436 6.012
1791641605.486 14434 10.536
1791641605.489 14439 7.364
1791641605.496 14442 8.708
1791641605.498 14444 7.918
1791641605.502 14447 7.565
1791641605.508 14450 8.706
1791641605.510 14452 7.910
1791641605.514 14455 7.425
1791641605.520 14460 5.880
1791641605.522 14458 10.654
1791641605.526 14463 7.386
1791641605.532 14468 5.908
1791641605.534 14466 10.719
1791641605.538 14471 7.449
1791641605.544 14476 5.914
1791641605.546 14474 10.682
1791641605.550 14479 7.472
1791641605.556 14482 8.808
1791641605.558 14484 8.107
1791641605.562 14487 7.459
1791641605.569 14492 6.150
1791641605.571 14490 10.871
1791641605.574 14495 7.367
1791641605.581 14500 6.167
1791641605.583 14498 10.960
1791641605.587 14503 7.386
1791641605.593 14506 8.818
1791641605.595 14508 8.121
1791641605.599 14511 7.681
1791641605.605 14514 8.637
1791641605.607 14516 8.212
1791641605.611 14519 7.353
1791641605.617 14524 5.882
1791641605.619 14522 10.678
1791641605.623 14527 7.451
1791641605.629 14532 6.179
1791641605.631 14530 11.062
1791641605.635 14535 7.379
1791641605.641 14540 5.880
1791641605.643 14538 10.744
1791641605.647 14543 7.623
1791641605.653 14546 8.382
1791641605.655 14548 7.885
1791641605.660 14551 7.514
1791641605.666 14554 8.845
1791641605.668 14556 8.009
1791641605.672 14559 7.444
1791641605.678 14562 8.880
1791641605.680 14564 8.219
1791641605.684 14567 7.399
1791641605.690 14570 8.972
1791641605.692 14572 8.181
1791641605.696 14575 7.464
1791641605.702 14580 5.809
1791641605.704 14578 10.567
1791641605.708 14583 7.390
1791641605.714 14586 8.674
1791641605.716 14588 7.834
1791641605.720 14591 7.482
1791641605.726 14594 8.900
1791641605.728 14596 8.208
1791641605.732 14599 7.547
1791641605.739 14602 8.755
1791641605.741 14604 8.168
1791641605.745 14607 7.614
1791641605.750 14610 8.375
1791641605.752 14612 7.853
1791641605.757 14615 7.671
1791641605.763 14620 5.856
1791641605.765 14618 10.391
1791641605.769 14623 7.433
1791641605.775 14626 8.825
1791641605.777 14628 8.165
1791641605.781 14631 7.380
1791641605.787 14634 8.715
1791641605.789 14636 7.910
1791641605.793 14639 7.450
1791641605.799 14642 8.803
1791641605.801 14644 8.019
1791641605.805 14647 7.688
1791641605.811 14652 5.885
1791641605.813 14650 10.487
1791641605.817 14655 7.366
1791641605.823 14658 8.648
1791641605.825 14660 7.835
1791641605.829 14663 7.443
1791641605.835 14666 8.680
1791641605.837 14668 7.962
1791641605.842 14671 7.486
1791641605.848 14676 5.859
1791641605.850 14674 10.620
1791641605.854 14679 7.442
1791641605.860 14684 6.171
1791641605.862 14682 10.878
1791641605.866 14690 3.346
1791641605.868 14687 9.902
1791641605.874 14692 7.964
1791641605.876 14695 5.436
1791641605.883 14700 4.539
1791641605.885 14698 9.617
1791641605.888 14703 5.860
1791641605.895 14708 4.366
1791641605.897 14706 9.402
1791641605.901 14711 6.014
1791641605.907 14714 7.335
1791641605.909 14716 6.316
1791641605.913 14719 6.319
1791641605.919 14722 7.674
1791641605.921 14724 6.668
1791641605.925 14727 5.736
1791641605.931 14730 7.692
1791641605.933 14732 6.674
1791641605.937 14735 5.819
1791641605.944 14740 4.880
1791641605.946 14738 9.911
1791641605.949 14743 5.962
1791641605.956 14748 4.620
1791641605.958 14746 9.647
1791641605.961 14751 5.857
1791641605.967 14754 7.367
1791641605.969 14756 6.339
1791641605.973 14759 5.770
1791641605.979 14764 4.325
1791641605.981 14762 9.364
1791641605.986 14767 5.952
1791641605.992 14772 4.446
1791641605.994 14770 9.508
1791641605.998 14775 5.839
1791641606.004 14778 7.430
1791641606.006 14780 6.431
1791641606.010 14783 5.823
1791641606.016 14786 7.329
1791641606.018 14788 6.308
1791641606.023 14791 6.743
1791641606.030 14796 6.030
1791641606.032 14794 11.119
1791641606.036 14799 7.771
1791641606.042 14802 8.851
1791641606.044 14804 8.384
1791641606.048 14807 7.449
1791641606.054 14812 5.887
1791641606.056 14810 10.679
1791641606.060 14815 7.870
1791641606.066 14820 5.910
1791641606.068 14818 10.466
1791641606.072 14823 7.651
1791641606.078 14828 6.166
1791641606.080 14826 10.676
1791641606.085 14831 7.666
1791641606.090 14834 8.334
1791641606.092 14836 7.840
1791641606.096 14839 7.374
1791641606.103 14844 6.224
1791641606.105 14842 11.017
1791641606.109 14847 7.700
1791641606.115 14852 6.160
1791641606.117 14850 10.723
1791641606.121 14855 7.651
1791641606.127 14860 6.052
1791641606.129 14858 10.585
1791641606.133 14863 7.378
1791641606.139 14866 8.660
1791641606.141 14868 7.898
1791641606.145 14871 7.486
1791641606.151 14876 5.955
1791641606.153 14874 10.695
1791641606.157 14879 7.490
1791641606.163 14884 6.234
1791641606.165 14882 10.922
1791641606.169 14887 7.278
1791641606.175 14890 8.600
1791641606.177 14892 7.816
1791641606.181 14895 7.354
1791641606.187 14898 8.738
1791641606.189 14900 7.910
1791641606.194 14903 8.163
1791641606.199 14908 5.824
1791641606.201 14906 10.670
1791641606.206 14911 7.716
1791641606.212 14914 8.519
1791641606.214 14916 7.835
1791641606.218 14919 7.509
1791641606.224 14924 5.887
1791641606.226 14922 10.554
1791641606.230 14927 7.443
1791641606.236 14930 8.694
1791641606.238 14932 7.860
1791641606.242 14935 7.589
1791641606.248 14938 8.667
1791641606.250 14940 8.111
1791641606.254 14943 7.317
1791641606.261 14946 8.825
1791641606.263 14948 8.158
1791641606.266 14951 7.499
1791641606.273 14956 6.144
1791641606.275 14954 10.812
1791641606.278 14959 7.357
1791641606.285 14962 9.042
1791641606.287 14964 8.270
1791641606.291 14967 7.444
1791641606.297 14972 5.867
1791641606.299 14970 10.638
1791641606.303 14975 7.508
1791641606.309 14980 6.185
1791641606.311 14978 10.889
1791641606.315 14983 7.446
1791641606.321 14986 8.928
1791641606.323 14988 8.191
1791641606.327 14991 7.530
1791641606.333 14996 5.890
1791641606.335 14994 10.594
1791641606.339 14999 7.571
1791641606.345 15002 8.521
1791641606.347 15004 7.928
1791641606.351 15007 7.457
1791641606.358 15010 8.835
1791641606.360 15012 8.203
1791641606.364 15015 7.590
1791641606.370 15018 8.592
1791641606.372 15020 8.089
1791641606.376 15023 7.690
1791641606.382 15026 8.743
1791641606.384 15028 8.197
1791641606.388 15031 7.305
1791641606.394 15034 8.926
1791641606.396 15036 8.157
1791641606.400 15039 7.408
1791641606.406 15044 6.281
1791641606.408 15042 11.119
1791641606.412 15047 7.417
1791641606.418 15052 6.292
1791641606.420 15050 11.142
1791641606.424 15055 7.358
1791641606.430 15060 5.982
1791641606.432 15058 10.771
1791641606.436 15063 7.459
1791641606.442 15066 8.635
1791641606.444 15068 7.823
1791641606.449 15071 7.523
1791641606.455 15076 6.219
1791641606.457 15074 10.827
1791641606.460 15079 7.364
1791641606.467 15082 8.612
1791641606.469 15084 7.853
1791641606.473 15087 7.824
1791641606.479 15090 8.496
1791641606.481 15092 7.972
1791641606.485 15095 7.400
1791641606.491 15100 5.899
1791641606.493 15098 10.571
1791641606.497 15103 7.374
1791641606.503 15106 8.867
1791641606.505 15108 8.034
1791641606.509 15111 7.726
1791641606.517 15114 9.954
1791641606.519 15116 9.494
1791641606.523 15119 9.097
1791641606.525 15122 6.624
1791641606.529 15127 3.343
1791641606.531 15124 9.928
1791641606.536 15130 5.528
1791641606.543 15135 4.598
1791641606.545 15132 11.124
1791641606.549 15138 6.418
1791641606.551 15140 5.394
1791641606.557 15143 6.302
1791641606.562 15148 4.442
1791641606.564 15146 9.478
1791641606.568 15151 5.756
1791641606.574 15154 7.152
1791641606.576 15156 6.364
1791641606.580 15159 5.844
1791641606.587 15164 5.210
1791641606.589 15162 10.250
1791641606.593 15167 5.934
1791641606.599 15170 7.673
1791641606.601 15172 6.664
1791641606.605 15175 5.903
1791641606.611 15178 7.376
1791641606.613 15180 6.361
1791641606.617 15183 5.932
1791641606.623 15188 4.742
1791641606.625 15186 9.827
1791641606.629 15191 5.959
1791641606.635 15196 4.426
1791641606.637 15194 9.469
1791641606.641 15199 5.827
1791641606.647 15202 7.348
1791641606.649 15204 6.330
1791641606.653 15207 5.791
1791641606.659 15210 7.597
1791641606.661 15212 6.578
1791641606.665 15215 5.844
1791641606.671 15220 4.337
1791641606.673 15218 9.348
1791641606.678 15223 6.054
1791641606.684 15228 4.327
1791641606.686 15226 9.358
1791641606.690 15231 6.088
1791641606.696 15234 7.658
1791641606.698 15236 6.655
1791641606.702 15239 6.035
1791641606.708 15242 7.335
1791641606.710 15244 6.328
1791641606.714 15247 5.999
1791641606.720 15252 4.449
1791641606.722 15250 9.480
1791641606.726 15255 6.135
1791641606.732 15260 4.347
1791641606.734 15258 9.378
1791641606.740 15263 7.696
1791641606.744 15266 7.423
1791641606.746 15268 6.400
1791641606.750 15271 5.848
1791641606.756 15274 7.325
1791641606.758 15276 6.301
1791641606.762 15279 5.918
1791641606.769 15282 7.377
1791641606.771 15284 6.354
1791641606.775 15287 5.879
1791641606.781 15292 4.367
1791641606.783 15290 9.381
1791641606.787 15295 5.833
1791641606.793 15298 7.578
1791641606.795 15300 6.560
1791641606.799 15303 5.882
1791641606.805 15308 4.322
1791641606.807 15306 9.365
1791641606.811 15311 5.795
1791641606.817 15314 7.678
1791641606.819 15316 6.659
1791641606.823 15319 5.874
1791641606.829 15324 4.421
1791641606.831 15322 9.461
1791641606.835 15327 5.884
1791641606.841 15330 7.443
1791641606.843 15332 6.418
1791641606.847 15335 5.916
1791641606.853 15340 4.321
1791641606.855 15338 9.360
1791641606.860 15343 5.842
1791641606.866 15348 4.678
1791641606.868 15346 9.699
1791641606.872 15351 6.111
1791641606.878 15354 7.417
1791641606.880 15356 6.407
1791641606.884 15359 5.776
1791641606.890 15362 7.385
1791641606.892 15364 6.369
1791641606.896 15367 5.847
1791641606.902 15370 7.387
1791641606.904 15372 6.368
1791641606.908 15375 5.846
1791641606.914 15380 4.380
1791641606.916 15378 9.425
1791641606.920 15383 5.836
1791641606.926 15388 4.337
1791641606.928 15386 9.327
1791641606.932 15391 5.709
1791641606.939 15396 4.539
1791641606.941 15394 8.167
1791641606.944 15399 5.765
1791641606.951 15402 7.637
1791641606.953 15404 6.622
1791641606.957 15407 5.834
1791641606.963 15412 4.342
1791641606.965 15410 9.381
1791641606.969 15415 5.915
1791641606.975 15418 7.412
1791641606.977 15420 6.341
1791641606.981 15423 5.797
1791641606.987 15426 7.408
1791641606.989 15428 6.386
1791641606.993 15431 5.896
1791641606.999 15436 4.377
1791641607.001 15434 9.425
1791641607.005 15439 5.864
1791641607.012 15442 7.628
1791641607.014 15444 6.611
1791641607.017 15447 5.780
1791641607.023 15452 4.352
1791641607.025 15450 9.398
1791641607.030 15455 6.286
1791641607.036 15458 7.623
1791641607.038 15460 6.621
1791641607.042 15463 6.110
1791641607.048 15468 4.291
1791641607.050 15466 9.319
1791641607.054 15471 6.039
1791641607.060 15474 7.332
1791641607.062 15476 6.313
1791641607.066 15479 6.066
1791641607.072 15484 4.381
1791641607.074 15482 9.385
1791641607.078 15487 5.924
1791641607.084 15492 4.573
1791641607.086 15490 9.577
1791641607.090 15495 5.846
1791641607.097 15498 7.659
1791641607.099 15500 6.644
1791641607.102 15503 5.736
1791641607.109 15508 4.824
1791641607.111 15506 9.857
1791641607.114 15511 5.880
1791641607.120 15514 7.325
1791641607.123 15516 6.337
1791641607.127 15519 5.831
1791641607.133 15524 4.340
1791641607.135 15522 9.384
1791641607.139 15527 5.814
1791641607.145 15532 4.895
1791641607.147 15530 9.935
1791641607.151 15535 5.876
1791641607.157 15540 4.352
1791641607.159 15538 9.395
1791641607.163 15543 5.935
1791641607.169 15546 7.644
1791641607.171 15548 6.625
1791641607.175 15551 5.808
1791641607.182 15554 7.694
1791641607.184 15556 6.675
1791641607.187 15559 5.951
1791641607.194 15564 4.513
1791641607.196 15562 9.551
1791641607.199 15567 5.845
1791641607.206 15572 4.698
1791641607.208 15570 9.765
1791641607.212 15575 5.832
1791641607.218 15578 7.434
1791641607.220 15580 6.415
1791641607.224 15583 5.915
1791641607.230 15586 7.449
1791641607.232 15588 6.433
1791641607.236 15591 5.922
1791641607.242 15596 4.500
1791641607.244 15594 9.538
1791641607.248 15599 5.828
1791641607.254 15604 4.323
1791641607.256 15602 9.336
1791641607.260 15607 5.854
1791641607.266 15610 7.630
1791641607.268 15612 6.607
1791641607.272 15615 5.767
1791641607.279 15620 4.571
1791641607.281 15618 9.607
1791641607.284 15623 5.703
1791641607.291 15626 7.578
1791641607.293 15628 6.562
1791641607.297 15631 5.900
1791641607.303 15634 7.414
1791641607.305 15636 6.394
1791641607.309 15639 5.883
1791641607.315 15644 4.371
1791641607.317 15642 9.386
1791641607.321 15647 5.926
1791641607.327 15652 4.345
1791641607.329 15650 9.386
1791641607.333 15655 5.938
1791641607.339 15658 7.709
1791641607.341 15660 6.682
1791641607.345 15663 6.031
1791641607.351 15668 4.358
1791641607.353 15666 9.427
1791641607.357 15671 5.840
1791641607.363 15676 4.362
1791641607.365 15674 9.397
1791641607.369 15679 5.910
1791641607.375 15684 4.302
1791641607.377 15682 9.330
1791641607.382 15687 5.912
1791641607.387 15690 7.310
1791641607.389 15692 6.289
1791641607.394 15695 5.981
1791641607.400 15698 8.055
1791641607.402 15700 7.003
1791641607.406 15703 5.894
1791641607.412 15708 4.317
1791641607.414 15706 9.420
1791641607.418 15711 6.178
1791641607.424 15716 4.657
1791641607.426 15714 9.685
1791641607.430 15719 5.843
1791641607.436 15724 4.553
1791641607.438 15722 9.591
1791641607.442 15727 5.867
1791641607.448 15730 7.563
1791641607.450 15732 6.545
1791641607.454 15735 5.836
1791641607.460 15738 7.324
1791641607.462 15740 6.298
1791641607.467 15743 5.903
1791641607.473 15746 7.401
1791641607.475 15748 6.379
1791641607.479 15751 5.889
1791641607.485 15756 4.328
1791641607.487 15754 9.368
1791641607.491 15759 5.988
1791641607.497 15762 7.410
1791641607.499 15764 6.387
1791641607.503 15767 5.978
1791641607.509 15770 7.630
1791641607.511 15772 6.610
1791641607.515 15775 5.940
1791641607.521 15780 4.588
1791641607.523 15778 9.665
1791641607.527 15783 5.888
1791641607.533 15786 7.613
1791641607.535 15788 6.618
1791641607.539 15791 5.841
1791641607.546 15794 8.275
1791641607.548 15796 7.243
1791641607.552 15799 5.962
1791641607.557 15804 4.316
1791641607.559 15802 9.391
1791641607.564 15807 5.812
1791641607.570 15810 7.296
1791641607.572 15812 6.299
1791641607.576 15815 5.712
1791641607.582 15820 4.453
1791641607.584 15818 9.494
1791641607.588 15823 5.789
1791641607.594 15828 4.749
1791641607.596 15826 9.783
1791641607.600 15831 5.821
1791641607.606 15836 4.486
1791641607.608 15834 9.519
1791641607.612 15839 5.811
1791641607.618 15842 7.640
1791641607.620 15844 6.632
1791641607.624 15847 5.924
1791641607.631 15852 4.571
1791641607.633 15850 9.604
1791641607.636 15855 5.870
1791641607.642 15858 7.326
1791641607.644 15860 6.326
1791641607.649 15863 5.849
1791641607.655 15866 7.695
1791641607.657 15868 6.681
1791641607.661 15871 5.979
1791641607.667 15876 4.395
1791641607.669 15874 9.436
1791641607.673 15879 5.765
1791641607.679 15884 4.660
1791641607.681 15882 9.687
1791641607.685 15887 6.082
1791641607.691 15890 7.766
1791641607.693 15892 6.759
1791641607.697 15895 6.125
1791641607.703 15898 7.403
1791641607.705 15900 6.392
1791641607.709 15903 6.113
1791641607.716 15908 4.596
1791641607.718 15906 9.622
1791641607.721 15911 5.790
1791641607.727 15914 7.292
1791641607.729 15916 6.270
1791641607.733 15919 5.762
1791641607.740 15924 4.753
1791641607.742 15922 9.781
1791641607.746 15927 5.861
1791641607.752 15930 7.588
1791641607.754 15932 6.547
1791641607.758 15935 5.866
1791641607.764 15940 4.461
1791641607.766 15938 9.572
1791641607.770 15943 5.802
1791641607.776 15948 4.651
1791641607.778 15946 9.688
1791641607.782 15951 5.821
1791641607.788 15956 4.574
1791641607.790 15954 9.608
1791641607.794 15959 5.838
1791641607.800 15962 7.579
1791641607.802 15964 6.546
1791641607.806 15967 5.739
1791641607.812 15972 4.368
1791641607.814 15970 9.366
1791641607.819 15975 6.232
1791641607.826 15980 6.049
1791641607.828 15978 11.077
1791641607.832 15983 7.493
1791641607.838 15986 8.738
1791641607.840 15988 7.892
1791641607.844 15991 7.530
1791641607.851 15996 6.131
1791641607.853 15994 10.773
1791641607.857 15999 7.611
1791641607.863 16002 8.599
1791641607.865 16004 7.900
1791641607.869 16007 7.627
1791641607.875 16012 5.871
1791641607.877 16010 10.429
1791641607.881 16015 7.721
1791641607.887 16020 5.884
1791641607.889 16018 10.406
1791641607.893 16023 7.336
1791641607.899 16026 8.714
1791641607.901 16028 7.882
1791641607.905 16031 7.446
1791641607.911 16034 8.661
1791641607.913 16036 7.854
1791641607.917 16039 7.501
1791641607.923 16042 8.775
1791641607.925 16044 8.153
1791641607.929 16047 7.389
1791641607.935 16050 8.647
1791641607.937 16052 7.838
1791641607.941 16055 7.490
1791641607.948 16058 8.697
1791641607.950 16060 7.964
1791641607.954 16063 7.455
1791641607.960 16066 8.968
1791641607.962 16068 8.199
1791641607.966 16071 7.348
1791641607.972 16074 8.947
1791641607.974 16076 8.178
1791641607.978 16079 7.481
1791641607.984 16082 8.832
1791641607.986 16084 8.163
1791641607.990 16087 7.386
1791641607.996 16090 8.989
1791641607.998 16092 8.213
1791641608.002 16095 7.439
1791641608.008 16100 5.876
1791641608.010 16098 10.702
1791641608.014 16103 7.563
1791641608.020 16106 8.514
1791641608.022 16108 7.886
1791641608.027 16111 7.530
1791641608.032 16116 5.906
1791641608.034 16114 10.592
1791641608.039 16119 7.443
1791641608.045 16122 9.455
1791641608.047 16124 8.670
1791641608.051 16127 7.301
1791641608.057 16130 8.973
1791641608.059 16132 8.195
1791641608.063 16135 7.501
1791641608.069 16140 5.900
1791641608.071 16138 10.617
1791641608.075 16143 7.361
1791641608.081 16146 8.762
1791641608.083 16148 8.017
1791641608.087 16151 7.480
1791641608.093 16156 5.804
1791641608.095 16154 10.642
1791641608.099 16159 7.502
1791641608.105 16164 5.980
1791641608.107 16162 10.796
1791641608.111 16167 7.500
1791641608.117 16170 8.440
1791641608.119 16172 7.865
1791641608.123 16175 7.347
1791641608.130 16180 5.901
1791641608.132 16178 10.741
1791641608.136 16183 7.308
1791641608.142 16186 8.658
1791641608.144 16188 7.866
1791641608.148 16191 7.622
1791641608.154 16196 6.190
1791641608.156 16194 10.813
1791641608.160 16199 7.486
1791641608.166 16202 8.760
1791641608.168 16204 8.140
1791641608.172 16207 7.708
1791641608.178 16210 8.695
1791641608.180 16212 8.156
1791641608.184 16215 7.349
1791641608.191 16220 6.176
1791641608.193 16218 11.012
1791641608.196 16223 7.356
1791641608.202 16228 5.921
1791641608.204 16226 10.755
1791641608.209 16231 7.815
1791641608.215 16236 5.998
1791641608.217 16234 10.523
1791641608.221 16239 7.774
1791641608.227 16242 8.419
1791641608.229 16244 7.873
1791641608.233 16247 7.445
1791641608.239 16252 5.830
1791641608.241 16250 10.597
1791641608.245 16255 7.369
1791641608.251 16258 9.102
1791641608.253 16260 8.263
1791641608.257 16263 7.389
1791641608.263 16268 6.083
1791641608.265 16266 10.871
1791641608.269 16271 7.507
1791641608.275 16274 8.852
1791641608.277 16276 8.171
1791641608.281 16279 7.512
1791641608.288 16284 6.119
1791641608.290 16282 10.766
1791641608.294 16287 7.495
1791641608.300 16290 8.805
1791641608.302 16292 8.148
1791641608.306 16295 7.462
1791641608.312 16300 5.999
1791641608.314 16298 10.699
1791641608.318 16303 7.458
1791641608.324 16308 6.174
1791641608.326 16306 10.942
1791641608.330 16311 7.412
1791641608.336 16314 8.944
1791641608.338 16316 8.124
1791641608.342 16319 7.435
1791641608.348 16324 6.190
1791641608.350 16322 11.048
1791641608.354 16327 7.515
1791641608.360 16330 8.845
1791641608.363 16332 8.204
1791641608.366 16335 7.425
1791641608.373 16340 6.058
1791641608.375 16338 11.012
1791641608.379 16343 7.593
1791641608.384 16348 5.912
1791641608.386 16346 10.526
1791641608.390 16351 7.366
1791641608.397 16356 5.812
1791641608.399 16354 10.663
1791641608.403 16359 7.426
1791641608.409 16364 5.906
1791641608.411 16362 10.716
1791641608.415 16367 7.589
1791641608.421 16370 8.367
1791641608.423 16372 7.855
1791641608.427 16375 7.371
1791641608.433 16378 8.884
1791641608.435 16380 8.046
1791641608.439 16383 7.376
1791641608.445 16386 8.596
1791641608.447 16388 7.797
1791641608.451 16391 7.377
1791641608.458 16394 9.211
1791641608.460 16396 8.357
1791641608.464 16399 6.512
1791641608.471 16404 7.278
1791641608.473 16402 11.625
1791641608.477 16407 8.902
1791641608.479 16410 6.389
1791641608.483 16412 6.989
1791641608.489 16418 4.702
1791641608.491 16415 11.242
1791641608.496 16423 3.193
1791641608.498 16420 9.666
1791641608.502 16426 5.476
1791641608.509 16431 4.655
1791641608.511 16428 11.157
1791641608.515 16434 6.385
1791641608.517 16436 5.356
1791641608.523 16439 5.881
1791641608.529 16444 4.547
1791641608.531 16442 9.653
1791641608.535 16447 6.078
1791641608.541 16452 4.335
1791641608.543 16450 9.362
1791641608.547 16455 6.140
1791641608.553 16460 4.414
1791641608.555 16458 9.436
1791641608.559 16463 5.970
1791641608.565 16468 4.634
1791641608.567 16466 9.660
1791641608.571 16471 5.770
1791641608.577 16476 4.477
1791641608.579 16474 9.529
1791641608.583 16479 5.802
1791641608.589 16484 4.539
1791641608.591 16482 9.578
1791641608.595 16487 5.702
1791641608.601 16490 7.436
1791641608.603 16492 6.423
1791641608.607 16495 5.862
1791641608.613 16498 7.332
1791641608.616 16500 6.315
1791641608.620 16503 5.904
1791641608.626 16506 7.277
1791641608.628 16508 6.288
1791641608.632 16511 5.842
1791641608.638 16516 4.831
1791641608.640 16514 9.869
1791641608.645 16519 7.442
1791641608.652 16524 5.917
1791641608.654 16522 10.724
1791641608.658 16527 7.406
1791641608.664 16530 8.614
1791641608.666 16532 7.907
1791641608.670 16535 7.380
1791641608.676 16538 8.689
1791641608.678 16540 7.895
1791641608.682 16543 7.807
1791641608.689 16546 9.244
1791641608.691 16548 8.498
1791641608.696 16554 4.478
1791641608.698 16551 11.040
1791641608.702 16556 5.931
1791641608.708 16559 9.226
1791641608.710 16562 7.055
1791641608.715 16567 3.799
1791641608.717 16564 10.344
1791641608.723 16572 4.874
1791641608.725 16570 9.902
1791641608.731 16575 7.560
1791641608.737 16580 6.119
1791641608.739 16578 10.707
1791641608.742 16583 7.296
1791641608.749 16586 8.713
1791641608.751 16588 7.918
1791641608.755 16591 7.565
1791641608.761 16594 8.714
1791641608.763 16596 8.179
1791641608.767 16599 7.437
1791641608.773 16602 8.942
1791641608.775 16604 8.161
1791641608.779 16607 7.369
1791641608.785 16610 8.734
1791641608.787 16612 7.957
1791641608.791 16615 7.302
1791641608.797 16618 8.956
1791641608.799 16620 8.140
1791641608.803 16623 7.285
1791641608.809 16628 5.839
1791641608.811 16626 10.677
1791641608.815 16631 7.323
1791641608.821 16634 8.678
1791641608.823 16636 7.836
1791641608.828 16639 7.504
1791641608.834 16642 8.766
1791641608.836 16644 8.208
1791641608.840 16647 7.578
1791641608.846 16652 6.195
1791641608.848 16650 10.822
1791641608.852 16655 7.454
1791641608.858 16660 5.886
1791641608.860 16658 10.664
1791641608.864 16663 7.363
1791641608.870 16668 5.931
1791641608.872 16666 10.774
1791641608.876 16671 7.399
1791641608.882 16676 5.857
1791641608.884 16674 10.669
1791641608.888 16679 7.487
1791641608.894 16682 8.678
1791641608.896 16684 7.868
1791641608.901 16687 7.601
1791641608.907 16692 6.225
1791641608.909 16690 10.749
1791641608.913 16695 7.549
1791641608.919 16698 8.692
1791641608.921 16700 8.109
1791641608.925 16703 7.375
1791641608.931 16708 5.774
1791641608.933 16706 10.608
1791641608.937 16711 7.425
1791641608.943 16714 8.974
1791641608.945 16716 8.177
1791641608.949 16719 7.302
1791641608.955 16724 6.135
1791641608.957 16722 10.968
1791641608.961 16727 7.707
1791641608.967 16730 8.597
1791641608.969 16732 8.066
1791641608.974 16735 7.808
1791641608.981 16740 7.175
1791641608.983 16738 11.540
1791641608.987 16743 8.983
1791641608.989 16746 6.502
1791641608.993 16751 3.223
1791641608.995 16748 9.821
1791641609.000 16754 5.530
1791641609.006 16759 4.305
1791641609.008 16756 10.811
1791641609.013 16764 3.253
1791641609.015 16762 8.298
1791641609.020 16767 5.777
1791641609.027 16772 4.633
1791641609.029 16770 9.670
1791641609.032 16775 5.808
1791641609.038 16780 4.312
1791641609.040 16778 9.354
1791641609.044 16783 5.803
1791641609.051 16788 4.796
1791641609.053 16786 9.832
1791641609.057 16791 5.877
1791641609.063 16794 7.610
1791641609.065 16796 6.590
1791641609.069 16799 6.053
1791641609.075 16802 7.362
1791641609.077 16804 6.349
1791641609.081 16807 5.920
1791641609.087 16812 4.626
1791641609.089 16810 9.630
1791641609.093 16815 5.838
1791641609.099 16820 4.319
1791641609.101 16818 9.349
1791641609.105 16823 6.004
1791641609.111 16828 4.310
1791641609.113 16826 9.347
1791641609.117 16831 5.960
1791641609.123 16834 7.412
1791641609.125 16836 6.392
1791641609.130 16839 5.961
1791641609.136 16844 4.629
1791641609.138 16842 9.691
1791641609.142 16847 5.931
1791641609.148 16852 4.562
1791641609.150 16850 9.608
1791641609.154 16855 5.801
1791641609.160 16860 4.343
1791641609.162 16858 9.368
1791641609.166 16863 5.768
1791641609.172 16868 4.660
1791641609.174 16866 9.696
1791641609.178 16871 5.795
1791641609.184 16874 7.708
1791641609.186 16876 6.658
1791641609.190 16879 5.836
1791641609.196 16884 4.333
1791641609.198 16882 9.374
1791641609.202 16887 5.926
1791641609.208 16892 4.527
1791641609.211 16890 9.570
1791641609.214 16895 5.920
1791641609.220 16900 4.338
1791641609.222 16898 9.380
1791641609.226 16903 5.818
1791641609.233 16906 7.362
1791641609.235 16908 6.349
1791641609.239 16911 5.826
1791641609.245 16916 4.421
1791641609.247 16914 9.461
1791641609.251 16919 6.035
1791641609.257 16922 7.313
1791641609.259 16924 6.304
1791641609.263 16927 5.843
1791641609.269 16932 4.580
1791641609.271 16930 9.614
1791641609.275 16935 5.847
1791641609.281 16940 4.351
1791641609.283 16938 9.404
1791641609.287 16943 5.889
1791641609.293 16946 7.609
1791641609.295 16948 6.559
1791641609.299 16951 5.925
1791641609.305 16956 4.319
1791641609.307 16954 9.319
1791641609.312 16959 5.888
1791641609.318 16962 7.395
1791641609.320 16964 6.307
1791641609.324 16967 5.814
1791641609.330 16972 4.277
1791641609.332 16970 9.309
1791641609.336 16975 5.765
1791641609.342 16978 7.349
1791641609.344 16980 6.329
1791641609.348 16983 5.829
1791641609.354 16988 4.358
1791641609.356 16986 9.384
1791641609.360 16991 5.803
1791641609.366 16994 7.369
1791641609.368 16996 6.367
1791641609.372 16999 5.756
1791641609.378 17002 7.326
1791641609.380 17004 6.308
1791641609.384 17007 5.781
1791641609.390 17012 4.342
1791641609.392 17010 9.386
1791641609.396 17015 5.825
1791641609.403 17018 7.546
1791641609.405 17020 6.519
1791641609.408 17023 5.767
1791641609.415 17028 4.350
1791641609.417 17026 9.366
1791641609.421 17031 5.827
1791641609.427 17036 4.339
1791641609.429 17034 9.370
1791641609.433 17039 5.795
1791641609.439 17042 7.287
1791641609.441 17044 6.265
1791641609.445 17047 5.958
1791641609.451 17052 4.270
1791641609.453 17050 9.305
1791641609.457 17055 5.794
1791641609.463 17060 4.372
1791641609.465 17058 9.410
1791641609.469 17063 5.786
1791641609.475 17066 7.296
1791641609.477 17068 6.269
1791641609.481 17071 5.773
1791641609.487 17074 7.362
1791641609.489 17076 6.332
1791641609.494 17079 5.888
1791641609.500 17084 4.299
1791641609.502 17082 9.340
1791641609.506 17087 5.803
1791641609.512 17092 4.471
1791641609.514 17090 9.511
1791641609.518 17095 5.801
1791641609.524 17100 4.728
1791641609.526 17098 9.770
1791641609.531 17103 7.329
1791641609.538 17106 8.787
1791641609.540 17108 7.935
1791641609.544 17111 7.476
1791641609.550 17114 8.729
1791641609.552 17116 7.908
1791641609.556 17119 7.375
1791641609.562 17122 8.684
1791641609.564 17124 7.866
1791641609.568 17127 7.359
1791641609.574 17130 8.771
1791641609.576 17132 7.917
1791641609.580 17135 7.374
1791641609.586 17140 5.860
1791641609.588 17138 10.738
1791641609.592 17143 7.401
1791641609.598 17148 5.823
1791641609.600 17146 10.718
1791641609.604 17151 7.319
1791641609.610 17156 5.827
1791641609.612 17154 10.692
1791641609.616 17159 7.324
1791641609.622 17162 8.649
1791641609.624 17164 7.760
1791641609.629 17167 7.456
1791641609.635 17170 8.697
1791641609.637 17172 7.850
1791641609.641 17175 7.645
1791641609.647 17180 6.181
1791641609.649 17178 10.727
1791641609.653 17183 7.418
1791641609.659 17186 8.826
1791641609.661 17188 8.116
1791641609.665 17191 7.577
1791641609.671 17196 6.134
1791641609.673 17194 10.738
1791641609.677 17199 7.282
1791641609.683 17204 6.119
1791641609.685 17202 10.956
1791641609.690 17207 7.637
1791641609.695 17210 8.481
1791641609.697 17212 7.943
1791641609.701 17215 7.304
1791641609.708 17220 5.911
1791641609.710 17218 10.710
1791641609.714 17223 7.359
1791641609.720 17226 8.864
1791641609.722 17228 8.026
1791641609.726 17231 7.424
1791641609.732 17234 8.704
1791641609.734 17236 7.892
1791641609.738 17239 7.375
1791641609.744 17242 8.991
1791641609.746 17244 8.132
1791641609.750 17247 7.419
1791641609.756 17252 5.870
1791641609.758 17250 10.755
1791641609.762 17255 7.317
1791641609.768 17260 5.897
1791641609.770 17258 10.755
1791641609.774 17263 7.407
1791641609.781 17268 6.259
1791641609.783 17266 11.106
1791641609.787 17271 7.785
1791641609.793 17276 6.157
1791641609.795 17274 10.597
1791641609.799 17279 7.519
1791641609.805 17282 8.761
1791641609.807 17284 8.205
1791641609.811 17287 7.335
1791641609.817 17290 8.934
1791641609.819 17292 8.151
1791641609.823 17295 7.371
1791641609.829 17300 5.833
1791641609.831 17298 10.680
1791641609.835 17303 7.574
1791641609.841 17308 6.143
1791641609.843 17306 10.749
1791641609.847 17311 7.435
1791641609.853 17316 6.047
1791641609.855 17314 10.802
1791641609.859 17319 7.387
1791641609.865 17322 8.784
1791641609.867 17324 7.920
1791641609.872 17327 7.637
1791641609.878 17332 6.173
1791641609.880 17330 10.731
1791641609.884 17335 7.581
1791641609.890 17338 8.557
1791641609.892 17340 7.970
1791641609.896 17343 7.356
1791641609.902 17348 5.887
1791641609.904 17346 10.732
1791641609.908 17351 7.719
1791641609.914 17356 5.963
1791641609.916 17354 10.446
1791641609.920 17359 7.585
1791641609.926 17364 5.841
1791641609.928 17362 10.481
1791641609.932 17367 7.632
1791641609.938 17370 8.404
1791641609.940 17372 7.847
1791641609.944 17375 7.353
1791641609.950 17380 5.843
1791641609.952 17378 10.704
1791641609.957 17383 7.588
1791641609.963 17386 8.692
1791641609.965 17388 8.178
1791641609.969 17391 7.683
1791641609.974 17394 8.330
1791641609.977 17396 7.822
1791641609.981 17399 7.585
1791641609.987 17402 8.879
1791641609.989 17404 8.345
1791641609.993 17407 7.531
1791641609.999 17412 5.861
1791641610.001 17410 10.646
1791641610.005 17415 7.325
1791641610.011 17418 8.767
1791641610.013 17420 7.923
1791641610.017 17423 7.407
1791641610.023 17428 5.870
1791641610.025 17426 10.668
1791641610.030 17431 8.136
1791641610.032 17434 5.639
1791641610.036 17436 7.086
1791641610.043 17439 9.232
1791641610.045 17442 6.645
1791641610.050 17444 8.102
1791641610.052 17447 5.578
1791641610.056 17450 5.795
1791641610.062 17452 8.718
1791641610.065 17455 6.305
1791641610.069 17458 6.406
1791641610.071 17460 5.382
1791641610.076 17463 6.021
1791641610.082 17468 4.398
1791641610.084 17466 9.431
1791641610.088 17471 5.804
1791641610.095 17476 4.544
1791641610.097 17474 9.546
1791641610.100 17479 5.787
1791641610.107 17482 7.588
1791641610.109 17484 6.573
1791641610.113 17487 5.845
1791641610.119 17490 7.724
1791641610.121 17492 6.634
1791641610.125 17495 5.787
1791641610.131 17500 4.589
1791641610.133 17498 9.624
1791641610.137 17503 5.850
1791641610.143 17508 4.262
1791641610.145 17506 9.272
1791641610.149 17511 5.950
1791641610.155 17514 7.497
1791641610.157 17516 6.560
1791641610.161 17519 6.012
1791641610.167 17524 4.377
1791641610.169 17522 9.478
1791641610.173 17527 5.768
1791641610.180 17530 7.643
1791641610.182 17532 6.627
1791641610.186 17535 6.099
1791641610.192 17538 7.629
1791641610.194 17540 6.624
1791641610.198 17543 6.126
1791641610.204 17548 4.656
1791641610.206 17546 9.685
1791641610.210 17551 5.900
1791641610.216 17554 7.680
1791641610.218 17556 6.677
1791641610.222 17559 5.785
1791641610.228 17562 7.695
1791641610.230 17564 6.680
1791641610.234 17567 5.803
1791641610.240 17570 7.367
1791641610.242 17572 6.346
1791641610.246 17575 5.837
1791641610.252 17578 7.660
1791641610.255 17580 6.644
1791641610.258 17583 5.884
1791641610.264 17588 4.286
1791641610.266 17586 9.330
1791641610.270 17591 5.882
1791641610.276 17594 7.341
1791641610.278 17596 6.358
1791641610.282 17599 5.788
1791641610.289 17602 7.561
1791641610.291 17604 6.548
1791641610.295 17607 5.839
1791641610.301 17610 7.354
1791641610.303 17612 6.346
1791641610.307 17615 6.045
1791641610.313 17618 7.662
1791641610.315 17620 6.658
1791641610.319 17623 5.912
1791641610.325 17626 7.387
1791641610.327 17628 6.364
1791641610.331 17631 5.893
1791641610.337 17636 4.304
1791641610.339 17634 9.346
1791641610.343 17639 5.985
1791641610.350 17642 7.609
1791641610.352 17644 6.601
1791641610.355 17647 5.816
1791641610.361 17650 7.322
1791641610.363 17652 6.308
1791641610.368 17655 5.879
1791641610.374 17658 7.347
1791641610.376 17660 6.334
1791641610.380 17663 6.058
1791641610.386 17668 4.667
1791641610.388 17666 9.689
1791641610.392 17671 5.870
1791641610.398 17676 4.627
1791641610.400 17674 9.632
1791641610.404 17679 5.765
1791641610.410 17682 7.379
1791641610.412 17684 6.356
1791641610.416 17687 5.858
1791641610.422 17692 4.320
1791641610.424 17690 9.357
1791641610.428 17695 5.832
1791641610.434 17698 7.579
1791641610.437 17700 6.564
1791641610.440 17703 5.766
1791641610.447 17708 4.556
1791641610.449 17706 9.564
1791641610.453 17711 5.982
1791641610.459 17714 7.697
1791641610.461 17716 6.688
1791641610.465 17719 5.801
1791641610.471 17724 4.412
1791641610.473 17722 9.441
1791641610.477 17727 5.786
1791641610.483 17732 4.593
1791641610.485 17730 9.630
1791641610.489 17735 5.885
1791641610.495 17738 7.465
1791641610.497 17740 6.442
1791641610.501 17743 5.820
1791641610.507 17746 7.287
1791641610.509 17748 6.282
1791641610.513 17751 5.919
1791641610.519 17754 7.492
1791641610.521 17756 6.469
1791641610.525 17759 5.950
1791641610.531 17764 4.332
1791641610.533 17762 9.373
1791641610.537 17767 5.895
1791641610.543 17770 7.338
1791641610.546 17772 6.309
1791641610.550 17775 5.781
1791641610.556 17778 7.660
1791641610.558 17780 6.637
1791641610.562 17783 5.910
1791641610.568 17786 7.452
1791641610.570 17788 6.359
1791641610.574 17791 5.815
1791641610.580 17796 4.364
1791641610.582 17794 9.382
1791641610.586 17799 5.820
1791641610.592 17802 7.458
1791641610.594 17804 6.435
1791641610.598 17807 5.954
1791641610.604 17810 7.371
1791641610.606 17812 6.357
1791641610.610 17815 5.938
1791641610.616 17820 4.319
1791641610.618 17818 9.354
1791641610.622 17823 5.900
1791641610.628 17828 4.287
1791641610.630 17826 9.398
1791641610.635 17831 5.932
1791641610.641 17834 7.316
1791641610.643 17836 6.294
1791641610.647 17839 5.773
1791641610.653 17842 7.315
1791641610.655 17844 6.309
1791641610.659 17847 6.002
1791641610.665 17850 7.393
1791641610.667 17852 6.370
1791641610.671 17855 5.819
1791641610.677 17858 7.436
1791641610.679 17860 6.417
1791641610.683 17863 5.917
1791641610.689 17866 7.364
1791641610.691 17868 6.340
1791641610.695 17871 5.824
1791641610.702 17874 7.645
1791641610.704 17876 6.634
1791641610.707 17879 5.873
1791641610.713 17884 4.334
1791641610.715 17882 9.359
1791641610.720 17887 5.913
1791641610.726 17892 4.661
1791641610.728 17890 9.177
1791641610.732 17895 5.943
1791641610.738 17898 7.584
1791641610.740 17900 6.565
1791641610.744 17903 5.959
1791641610.750 17908 4.642
1791641610.752 17906 9.697
1791641610.756 17911 6.056
1791641610.762 17914 7.404
1791641610.764 17916 6.373
1791641610.768 17919 5.834
1791641610.774 17924 4.602
1791641610.776 17922 9.641
1791641610.780 17927 5.899
1791641610.786 17930 7.504
1791641610.788 17932 6.485
1791641610.792 17935 5.709
1791641610.799 17938 7.792
1791641610.801 17940 6.774
1791641610.805 17943 6.240
1791641610.810 17948 4.261
1791641610.812 17946 9.290
1791641610.817 17951 6.087
1791641610.823 17956 4.285
1791641610.825 17954 9.304
1791641610.829 17959 6.115
1791641610.835 17964 4.700
1791641610.837 17962 9.720
1791641610.841 17967 5.929
1791641610.847 17972 4.468
1791641610.849 17970 9.585
1791641610.853 17975 6.087
1791641610.859 17980 4.296
1791641610.861 17978 9.375
1791641610.867 17983 7.864
1791641610.872 17986 8.003
1791641610.874 17988 6.982
1791641610.877 17991 5.778
1791641610.884 17994 7.644
1791641610.886 17996 6.637
1791641610.889 17999 5.738
1791641610.896 18004 4.349
1791641610.898 18002 9.382
1791641610.902 18007 5.831
1791641610.908 18012 4.330
1791641610.910 18010 9.375
1791641610.914 18015 5.698
1791641610.920 18018 7.352
1791641610.922 18020 6.335
1791641610.926 18023 6.185
1791641610.932 18028 4.365
1791641610.934 18026 9.394
1791641610.938 18031 5.794
1791641610.944 18034 7.506
1791641610.946 18036 6.487
1791641610.950 18039 5.880
1791641610.956 18042 7.400
1791641610.958 18044 6.377
1791641610.962 18047 5.820
1791641610.968 18052 4.434
1791641610.970 18050 9.474
1791641610.974 18055 5.805
1791641610.981 18060 4.482
1791641610.983 18058 9.520
1791641610.987 18063 6.054
1791641610.993 18068 4.478
1791641610.995 18066 9.502
1791641610.999 18071 5.975
1791641611.005 18076 4.502
1791641611.007 18074 9.543
1791641611.011 18079 5.769
1791641611.017 18082 7.395
1791641611.019 18084 6.374
1791641611.023 18087 5.872
1791641611.029 18092 4.561
1791641611.031 18090 9.596
1791641611.035 18095 5.933
1791641611.041 18098 7.358
1791641611.043 18100 6.330
1791641611.047 18103 5.759
1791641611.053 18108 4.282
1791641611.055 18106 9.310
1791641611.059 18111 5.822
1791641611.065 18114 7.354
1791641611.067 18116 6.335
1791641611.072 18119 6.085
1791641611.078 18124 4.693
1791641611.080 18122 9.722
1791641611.084 18127 5.849
1791641611.090 18132 4.459
1791641611.092 18130 9.473
1791641611.096 18135 5.870
1791641611.102 18140 4.354
1791641611.104 18138 9.381
1791641611.108 18143 6.004
1791641611.114 18148 4.357
1791641611.116 18146 9.398
1791641611.120 18151 5.987
1791641611.126 18156 4.300
1791641611.128 18154 9.341
1791641611.132 18159 5.925
1791641611.138 18162 7.335
1791641611.140 18164 6.314
1791641611.144 18167 5.895
1791641611.151 18170 7.686
1791641611.153 18172 6.673
1791641611.157 18175 5.854
1791641611.163 18178 7.395
1791641611.165 18180 6.383
1791641611.169 18183 6.014
1791641611.175 18188 4.431
1791641611.177 18186 9.465
1791641611.181 18191 5.837
1791641611.187 18196 4.421
1791641611.189 18194 9.463
1791641611.193 18199 5.836
1791641611.199 18202 7.468
1791641611.201 18204 6.457
1791641611.209 18207 9.734
1791641611.212 18212 4.944
1791641611.214 18210 10.019
1791641611.217 18215 5.901
1791641611.223 18220 4.369
1791641611.225 18218 9.418
1791641611.230 18223 6.116
1791641611.235 18226 7.352
1791641611.237 18228 6.332
1791641611.242 18231 6.647
1791641611.248 18236 4.322
1791641611.250 18234 9.422
1791641611.254 18239 6.108
1791641611.260 18242 7.526
1791641611.262 18244 6.512
1791641611.266 18247 5.807
1791641611.272 18252 4.333
1791641611.274 18250 9.361
1791641611.278 18255 5.942
1791641611.284 18260 4.276
1791641611.286 18258 9.322
1791641611.290 18263 5.786
1791641611.296 18268 4.574
1791641611.298 18266 9.567
1791641611.302 18271 5.859
1791641611.309 18274 7.999
1791641611.311 18276 6.980
1791641611.315 18279 6.203
1791641611.322 18282 9.143
1791641611.324 18284 8.128
1791641611.328 18287 7.854
1791641611.334 18290 8.459
1791641611.336 18292 7.914
1791641611.341 18295 7.791
1791641611.346 18298 8.377
1791641611.348 18300 7.846
1791641611.353 18303 7.640
1791641611.358 18308 5.883
1791641611.360 18306 10.401
1791641611.365 18311 7.586
1791641611.371 18314 9.282
1791641611.373 18316 8.761
1791641611.377 18319 7.491
1791641611.383 18324 5.874
1791641611.385 18322 10.519
1791641611.389 18327 7.700
1791641611.395 18330 8.524
1791641611.397 18332 8.012
1791641611.401 18335 7.410
1791641611.407 18340 5.937
1791641611.409 18338 10.776
1791641611.413 18343 7.391
1791641611.419 18346 8.856
1791641611.421 18348 7.992
1791641611.425 18351 7.611
1791641611.431 18354 8.728
1791641611.433 18356 8.067
1791641611.437 18359 7.313
1791641611.444 18362 9.135
1791641611.446 18364 8.295
1791641611.450 18367 7.731
1791641611.456 18370 9.256
1791641611.458 18372 8.757
1791641611.462 18375 7.501
1791641611.468 18380 5.903
1791641611.470 18378 10.530
1791641611.474 18383 7.270
1791641611.480 18386 8.927
1791641611.482 18388 8.151
1791641611.486 18391 7.443
1791641611.492 18394 8.652
1791641611.494 18396 7.859
1791641611.498 18399 7.454
1791641611.504 18404 5.812
1791641611.506 18402 10.591
1791641611.510 18407 7.698
1791641611.516 18412 5.973
1791641611.518 18410 10.542
1791641611.522 18415 7.616
1791641611.529 18420 6.148
1791641611.531 18418 10.682
1791641611.534 18423 7.509
1791641611.540 18428 5.889
1791641611.542 18426 10.515
1791641611.547 18431 7.527
1791641611.553 18434 8.855
1791641611.555 18436 8.213
1791641611.559 18439 7.371
1791641611.565 18444 5.930
1791641611.567 18442 10.731
1791641611.571 18447 7.452
1791641611.577 18452 6.034
1791641611.579 18450 10.839
1791641611.583 18455 7.542
1791641611.589 18460 5.876
1791641611.591 18458 10.519
1791641611.595 18463 7.359
1791641611.601 18468 5.953
1791641611.603 18466 10.806
1791641611.607 18471 7.448
1791641611.613 18474 8.710
1791641611.615 18476 7.890
1791641611.619 18479 7.467
1791641611.625 18484 5.885
1791641611.627 18482 10.630
1791641611.631 18487 7.342
1791641611.638 18492 6.172
1791641611.640 18490 10.981
1791641611.644 18495 7.496
1791641611.650 18500 5.872
1791641611.652 18498 10.557
1791641611.656 18503 7.515
1791641611.662 18508 6.067
1791641611.664 18506 10.732
1791641611.668 18511 7.576
1791641611.674 18516 6.176
1791641611.676 18514 10.757
1791641611.680 18519 7.496
1791641611.686 18522 8.591
1791641611.688 18524 7.859
1791641611.692 18527 7.417
1791641611.698 18530 8.699
1791641611.700 18532 7.887
1791641611.705 18535 7.671
1791641611.710 18538 8.696
1791641611.712 18540 7.996
1791641611.716 18543 7.432
1791641611.723 18546 8.705
1791641611.725 18548 7.964
1791641611.729 18551 5.799
1791641611.735 18556 5.849
1791641611.737 18554 10.581
1791641611.741 18559 7.383
1791641611.747 18562 8.986
1791641611.749 18564 8.229
1791641611.753 18567 7.131
1791641611.759 18572 6.117
1791641611.761 18570 10.916
1791641611.765 18575 7.446
1791641611.771 18580 5.877
1791641611.773 18578 10.669
1791641611.777 18583 7.573
1791641611.783 18586 8.496
1791641611.785 18588 7.870
1791641611.789 18591 7.439
1791641611.795 18594 8.688
1791641611.797 18596 7.899
1791641611.801 18599 7.406
1791641611.807 18602 8.594
1791641611.809 18604 7.808
1791641611.814 18607 7.590
1791641611.820 18612 6.164
1791641611.822 18610 10.706
1791641611.826 18615 7.644
1791641611.832 18618 8.369
1791641611.834 18620 7.827
1791641611.838 18623 7.654
1791641611.844 18628 5.963
1791641611.846 18626 10.511
1791641611.850 18631 7.574
1791641611.856 18636 6.107
1791641611.858 18634 10.638
1791641611.862 18639 7.621
1791641611.868 18642 8.764
1791641611.870 18644 8.184
1791641611.874 18647 7.392
1791641611.880 18652 5.862
1791641611.882 18650 10.700
1791641611.887 18655 7.579
1791641611.893 18660 6.069
1791641611.895 18658 10.648
1791641611.899 18663 7.778
1791641611.905 18668 5.919
1791641611.907 18666 10.447
1791641611.911 18671 7.517
1791641611.917 18676 5.962
1791641611.919 18674 10.551
1791641611.923 18679 7.565
1791641611.929 18684 5.877
1791641611.931 18682 10.478
1791641611.935 18687 7.619
1791641611.941 18692 6.184
1791641611.943 18690 10.765
1791641611.947 18695 7.383
1791641611.953 18700 6.074
1791641611.955 18698 10.941
1791641611.959 18703 7.462
1791641611.965 18708 5.873
1791641611.967 18706 10.662
1791641611.972 18711 7.573
1791641611.977 18714 8.691
1791641611.979 18716 7.966
1791641611.984 18719 7.461
1791641611.990 18724 5.895
1791641611.992 18722 10.582
1791641611.996 18727 7.443
1791641612.002 18730 8.804
1791641612.004 18732 8.136
1791641612.008 18735 7.454
1791641612.014 18740 6.078
1791641612.016 18738 10.807
1791641612.020 18743 7.449
1791641612.026 18748 6.113
1791641612.028 18746 10.854
1791641612.032 18751 7.385
1791641612.038 18756 6.084
1791641612.040 18754 10.928
1791641612.044 18759 7.361
1791641612.050 18762 8.631
1791641612.052 18764 7.827
1791641612.056 18767 7.390
1791641612.062 18772 5.965
1791641612.064 18770 10.804
1791641612.069 18775 7.561
1791641612.075 18780 5.922
1791641612.077 18778 10.589
1791641612.081 18783 7.409
1791641612.087 18788 5.886
1791641612.089 18786 10.678
1791641612.093 18791 7.388
1791641612.099 18794 8.668
1791641612.101 18796 7.926
1791641612.105 18799 7.413
1791641612.111 18804 6.221
1791641612.113 18802 11.027
1791641612.117 18807 7.431
1791641612.123 18812 5.965
1791641612.125 18810 10.782
1791641612.129 18815 7.254
1791641612.135 18818 8.690
1791641612.137 18820 7.911
1791641612.141 18823 7.276
1791641612.147 18826 8.591
1791641612.149 18828 7.814
1791641612.154 18831 7.489
1791641612.159 18836 5.839
1791641612.161 18834 10.442
1791641612.166 18839 7.402
1791641612.172 18844 6.031
1791641612.174 18842 10.692
1791641612.178 18847 7.580
1791641612.184 18850 8.795
1791641612.186 18852 8.189
1791641612.190 18855 7.373
1791641612.196 18860 5.848
1791641612.198 18858 10.611
1791641612.202 18863 7.445
1791641612.208 18866 8.656
1791641612.210 18868 7.880
1791641612.214 18871 7.347
1791641612.220 18876 5.913
1791641612.222 18874 10.755
1791641612.226 18879 7.352
1791641612.233 18882 9.033
1791641612.235 18884 8.222
1791641612.239 18887 7.518
1791641612.244 18890 8.510
1791641612.246 18892 7.863
1791641612.251 18895 7.432
1791641612.257 18898 8.562
1791641612.259 18900 7.944
1791641612.263 18903 7.543
1791641612.269 18908 5.995
1791641612.271 18906 10.532
1791641612.275 18911 7.310
1791641612.281 18916 6.217
1791641612.283 18914 11.021
1791641612.287 18919 7.410
1791641612.294 18924 6.486
1791641612.296 18922 11.297
1791641612.299 18927 5.448
1791641612.305 18930 8.697
1791641612.307 18932 8.007
1791641612.311 18935 7.330
1791641612.317 18938 8.644
1791641612.319 18940 7.880
1791641612.323 18943 7.328
1791641612.330 18946 8.910
1791641612.332 18948 8.127
1791641612.335 18951 7.411
1791641612.342 18954 8.899
1791641612.344 18956 8.110
1791641612.348 18959 8.026
1791641612.355 18964 7.260
1791641612.357 18962 11.656
1791641612.362 18967 9.162
1791641612.364 18970 6.687
1791641612.368 18975 3.314
1791641612.370 18972 9.859
1791641612.374 18978 5.452
1791641612.381 18983 4.662
1791641612.383 18980 11.195
1791641612.388 18986 6.334
1791641612.390 18988 5.298
1791641612.395 18991 5.824
1791641612.401 18994 7.419
1791641612.403 18996 6.405
1791641612.407 18999 6.279
1791641612.413 19004 4.412
1791641612.415 19002 9.420
1791641612.419 19007 5.835
1791641612.425 19010 7.324
1791641612.427 19012 6.331
1791641612.431 19015 5.827
1791641612.437 19020 4.705
1791641612.439 19018 9.735
1791641612.443 19023 5.818
1791641612.449 19028 4.542
1791641612.451 19026 9.579
1791641612.455 19031 5.590
1791641612.462 19036 4.623
1791641612.464 19034 9.663
1791641612.467 19039 5.783
1791641612.474 19044 4.420
1791641612.476 19042 9.456
1791641612.480 19047 5.921
1791641612.486 19052 4.319
1791641612.488 19050 9.362
1791641612.492 19055 5.900
1791641612.498 19058 7.352
1791641612.500 19060 6.326
1791641612.504 19063 5.801
1791641612.510 19068 4.610
1791641612.512 19066 9.606
1791641612.516 19071 5.927
1791641612.522 19074 7.307
1791641612.524 19076 6.301
1791641612.528 19079 5.958
1791641612.534 19084 4.293
1791641612.536 19082 9.330
1791641612.540 19087 5.845
1791641612.546 19090 7.505
1791641612.548 19092 6.419
1791641612.552 19095 5.825
1791641612.558 19100 4.298
1791641612.560 19098 9.336
1791641612.564 19103 5.794
1791641612.571 19106 7.484
1791641612.573 19108 6.468
1791641612.577 19111 5.765
1791641612.583 19116 4.353
1791641612.585 19114 9.355
1791641612.589 19119 5.898
1791641612.595 19124 4.336
1791641612.597 19122 9.386
1791641612.601 19127 5.856
1791641612.608 19132 4.803
1791641612.610 19130 9.836
1791641612.613 19135 5.781
1791641612.619 19138 7.361
1791641612.621 19140 6.339
1791641612.625 19143 5.849
1791641612.631 19148 4.336
1791641612.633 19146 9.341
1791641612.637 19151 5.869
1791641612.643 19154 7.310
1791641612.645 19156 6.287
1791641612.650 19159 5.897
1791641612.656 19162 7.422
1791641612.658 19164 6.404
1791641612.662 19167 6.084
1791641612.668 19172 4.369
1791641612.670 19170 9.392
1791641612.674 19175 6.083
1791641612.680 19178 7.820
1791641612.682 19180 6.807
1791641612.688 19183 7.416
1791641612.693 19186 8.578
1791641612.695 19188 7.801
1791641612.700 19191 7.331
1791641612.706 19196 6.013
1791641612.708 19194 10.823
1791641612.712 19199 7.510
1791641612.718 19204 5.874
1791641612.720 19202 10.623
1791641612.724 19207 7.549
1791641612.730 19212 5.872
1791641612.732 19210 10.685
1791641612.736 19215 7.366
1791641612.742 19218 8.914
1791641612.744 19220 8.087
1791641612.748 19223 7.494
1791641612.755 19228 6.136
1791641612.757 19226 10.945
1791641612.760 19231 7.365
1791641612.767 19234 8.824
1791641612.769 19236 8.066
1791641612.773 19239 7.511
1791641612.779 19242 8.583
1791641612.781 19244 7.903
1791641612.785 19247 7.516
1791641612.791 19250 8.882
1791641612.793 19252 8.239
1791641612.797 19255 7.323
1791641612.803 19258 8.723
1791641612.805 19260 7.950
1791641612.809 19263 7.828
1791641612.811 19266 5.316
1791641612.816 19268 6.962
1791641612.822 19271 8.809
1791641612.824 19274 6.309
1791641612.829 19276 7.938
1791641612.831 19279 5.435
1791641612.836 19282 5.310
1791641612.842 19284 8.948
1791641612.844 19287 6.500
1791641612.849 19292 3.279
1791641612.851 19290 8.318
1791641612.856 19295 5.789
1791641612.862 19298 7.342
1791641612.864 19300 6.325
1791641612.868 19303 5.935
1791641612.874 19306 7.329
1791641612.876 19308 6.311
1791641612.880 19311 5.852
1791641612.886 19314 7.344
1791641612.888 19316 6.325
1791641612.892 19319 5.945
1791641612.898 19322 7.354
1791641612.900 19324 6.307
1791641612.904 19327 5.853
1791641612.910 19332 4.313
1791641612.912 19330 9.302
1791641612.917 19335 5.878
1791641612.923 19338 7.672
1791641612.925 19340 6.659
1791641612.929 19343 5.827
1791641612.935 19346 7.373
1791641612.937 19348 6.377
1791641612.941 19351 5.822
1791641612.947 19354 7.384
1791641612.949 19356 6.373
1791641612.953 19359 5.850
1791641612.959 19364 4.333
1791641612.961 19362 9.381
1791641612.965 19367 5.842
1791641612.971 19370 7.652
1791641612.973 19372 6.637
1791641612.977 19375 5.977
1791641612.983 19380 4.394
1791641612.985 19378 9.387
1791641612.989 19383 5.817
1791641612.996 19388 4.554
1791641612.998 19386 9.591
1791641613.002 19391 5.886
1791641613.008 19394 7.663
1791641613.010 19396 6.648
1791641613.014 19399 5.836
1791641613.020 19402 7.516
1791641613.022 19404 6.525
1791641613.026 19407 5.893
1791641613.032 19412 4.289
1791641613.034 19410 9.329
1791641613.038 19415 5.882
1791641613.044 19418 7.688
1791641613.046 19420 6.665
1791641613.050 19423 6.036
1791641613.056 19428 4.287
1791641613.058 19426 9.324
1791641613.062 19431 5.939
1791641613.068 19434 7.500
1791641613.070 19436 6.482
1791641613.074 19439 5.942
1791641613.080 19444 4.378
1791641613.082 19442 9.420
1791641613.087 19447 5.901
1791641613.093 19452 4.571
1791641613.095 19450 9.610
1791641613.099 19455 5.990
1791641613.105 19458 7.316
1791641613.107 19460 6.320
1791641613.111 19463 5.964
1791641613.117 19468 4.363
1791641613.119 19466 9.378
1791641613.123 19471 5.862
1791641613.129 19476 4.806
1791641613.131 19474 9.842
1791641613.135 19479 5.781
1791641613.141 19484 4.329
1791641613.143 19482 9.345
1791641613.147 19487 6.137
1791641613.154 19490 7.611
1791641613.156 19492 6.596
1791641613.159 19495 5.938
1791641613.165 19498 7.253
1791641613.167 19500 6.262
1791641613.171 19503 5.823
1791641613.178 19506 7.641
1791641613.180 19508 6.623
1791641613.184 19511 5.811
1791641613.190 19514 7.366
1791641613.192 19516 6.368
1791641613.196 19519 6.099
1791641613.202 19524 4.601
1791641613.204 19522 9.696
1791641613.208 19527 6.281
1791641613.215 19532 5.808
1791641613.217 19530 10.857
1791641613.222 19535 7.590
1791641613.228 19538 8.611
1791641613.230 19540 7.912
1791641613.234 19543 7.828
1791641613.240 19546 8.720
1791641613.242 19548 8.228
1791641613.246 19551 7.374
1791641613.252 19556 5.874
1791641613.254 19554 10.690
1791641613.258 19559 7.411
1791641613.264 19562 8.889
1791641613.266 19564 8.091
1791641613.270 19567 7.603
1791641613.276 19570 8.465
1791641613.278 19572 7.904
1791641613.283 19575 7.656
1791641613.288 19578 8.358
1791641613.290 19580 7.866
1791641613.295 19583 7.593
1791641613.301 19588 5.924
1791641613.303 19586 10.524
1791641613.307 19591 7.375
1791641613.313 19594 8.688
1791641613.315 19596 7.879
1791641613.319 19599 7.530
1791641613.325 19602 8.777
1791641613.327 19604 8.125
1791641613.331 19607 7.536
1791641613.337 19610 8.612
1791641613.339 19612 7.960
1791641613.343 19615 7.444
1791641613.349 19620 5.820
1791641613.351 19618 10.485
1791641613.355 19623 7.546
1791641613.361 19626 8.722
1791641613.363 19628 8.197
1791641613.367 19631 7.493
1791641613.373 19634 8.845
1791641613.375 19636 7.999
1791641613.379 19639 7.423
1791641613.386 19642 8.943
1791641613.388 19644 8.183
1791641613.392 19647 7.507
1791641613.398 19652 5.863
1791641613.400 19650 10.602
1791641613.404 19655 7.524
1791641613.410 19660 5.156
1791641613.412 19658 10.797
1791641613.416 19663 7.403
1791641613.422 19668 6.123
1791641613.424 19666 10.986
1791641613.428 19671 7.388
1791641613.434 19676 6.216
1791641613.436 19674 11.043
1791641613.440 19679 7.458
1791641613.446 19682 8.594
1791641613.448 19684 7.881
1791641613.452 19687 7.484
1791641613.458 19692 5.953
1791641613.460 19690 10.640
1791641613.464 19695 7.500
1791641613.471 19700 6.046
1791641613.473 19698 10.705
1791641613.477 19703 7.652
1791641613.483 19708 5.900
1791641613.485 19706 10.501
1791641613.489 19711 7.544
1791641613.495 19716 5.953
1791641613.497 19714 10.645
1791641613.501 19719 7.291
1791641613.507 19722 8.624
1791641613.509 19724 7.863
1791641613.513 19727 7.526
1791641613.519 19732 6.105
1791641613.521 19730 10.781
1791641613.525 19735 7.563
1791641613.531 19738 8.755
1791641613.533 19740 8.162
1791641613.537 19743 7.457
1791641613.543 19746 8.466
1791641613.545 19748 7.815
1791641613.549 19751 7.319
1791641613.555 19756 5.757
1791641613.557 19754 10.600
1791641613.561 19759 7.348
1791641613.568 19764 5.854
1791641613.570 19762 10.694
1791641613.573 19767 7.303
1791641613.580 19772 5.792
1791641613.582 19770 10.657
1791641613.586 19775 7.348
1791641613.592 19780 5.735
1791641613.594 19778 10.564
1791641613.598 19783 7.220
1791641613.604 19786 8.716
1791641613.606 19788 7.863
1791641613.610 19791 7.189
1791641613.616 19794 8.594
1791641613.618 19796 7.732
1791641613.622 19799 7.245
1791641613.628 19804 5.809
1791641613.630 19802 10.667
1791641613.634 19807 7.217
1791641613.640 19812 5.882
1791641613.642 19810 10.785
1791641613.646 19815 7.389
1791641613.653 19820 6.178
1791641613.655 19818 10.991
1791641613.659 19823 7.468
1791641613.665 19828 5.846
1791641613.667 19826 10.686
1791641613.671 19831 7.535
1791641613.677 19834 8.559
1791641613.679 19836 7.898
1791641613.683 19839 7.407
1791641613.689 19842 8.670
1791641613.691 19844 7.831
1791641613.695 19847 7.646
1791641613.701 19850 8.403
1791641613.703 19852 7.857
1791641613.707 19855 7.435
1791641613.713 19860 5.852
1791641613.715 19858 10.624
1791641613.719 19863 7.375
1791641613.725 19868 5.833
1791641613.727 19866 10.706
1791641613.734 19871 10.250
1791641613.738 19876 5.999
1791641613.740 19874 10.760
1791641613.744 19879 7.427
1791641613.750 19882 8.681
1791641613.752 19884 7.801
1791641613.756 19887 7.663
1791641613.762 19890 8.458
1791641613.764 19892 7.928
1791641613.768 19895 7.575
1791641613.774 19898 8.670
1791641613.776 19900 8.129
1791641613.780 19903 7.626
1791641613.786 19906 8.447
1791641613.788 19908 7.902
1791641613.792 19911 7.628
1791641613.798 19916 6.182
1791641613.800 19914 10.766
1791641613.805 19919 7.783
1791641613.811 19922 8.645
1791641613.813 19924 8.131
1791641613.817 19927 7.632
1791641613.822 19930 8.462
1791641613.824 19932 7.931
1791641613.828 19935 7.380
1791641613.835 19940 5.801
1791641613.837 19938 10.645
1791641613.841 19943 7.615
1791641613.847 19948 6.283
1791641613.849 19946 10.841
1791641613.853 19951 7.616
1791641613.859 19956 5.851
1791641613.861 19954 10.457
1791641613.865 19959 7.490
1791641613.871 19964 6.156
1791641613.873 19962 10.809
1791641613.877 19967 7.548
1791641613.883 19970 8.737
1791641613.885 19972 8.132
1791641613.889 19975 7.283
1791641613.895 19978 8.948
1791641613.898 19980 8.114
1791641613.901 19983 7.404
1791641613.908 19986 8.938
1791641613.910 19988 8.106
1791641613.913 19991 7.298
1791641613.920 19994 9.000
1791641613.922 19996 8.227
1791641613.926 19999 7.638
1791641613.932 20004 6.063
1791641613.934 20002 10.614
1791641613.938 20007 7.630
1791641613.944 20012 5.904
1791641613.946 20010 10.466
1791641613.950 20015 7.581
1791641613.956 20018 8.724
1791641613.958 20020 8.130
1791641613.962 20023 7.609
1791641613.968 20028 5.855
1791641613.970 20026 10.423
1791641613.974 20031 7.665
1791641613.980 20034 8.366
1791641613.982 20036 7.887
1791641613.987 20039 7.681
1791641613.993 20044 6.174
1791641613.995 20042 10.715
1791641613.999 20047 7.713
1791641614.006 20052 7.285
1791641614.008 20050 11.699
1791641614.012 20058 4.617
1791641614.014 20055 11.139
1791641614.019 20060 8.087
1791641614.021 20063 5.552
1791641614.028 20066 7.636
1791641614.030 20068 6.628
1791641614.034 20071 6.066
1791641614.039 20076 4.278
1791641614.041 20074 9.308
1791641614.046 20079 6.039
1791641614.052 20082 7.578
1791641614.054 20084 6.565
1791641614.058 20087 6.080
1791641614.064 20090 7.396
1791641614.066 20092 6.339
1791641614.070 20095 6.138
1791641614.076 20098 7.770
1791641614.078 20100 6.765
1791641614.082 20103 5.768
1791641614.088 20108 4.564
1791641614.090 20106 9.602
1791641614.094 20111 6.049
1791641614.100 20116 4.309
1791641614.102 20114 9.338
1791641614.106 20119 6.100
1791641614.112 20122 7.340
1791641614.114 20124 6.335
1791641614.118 20127 6.039
1791641614.125 20132 4.623
1791641614.127 20130 9.655
1791641614.131 20135 5.975
1791641614.137 20138 7.669
1791641614.139 20140 6.654
1791641614.143 20143 5.897
1791641614.149 20146 7.501
1791641614.151 20148 6.412
1791641614.155 20151 6.022
1791641614.161 20154 7.627
1791641614.163 20156 6.620
1791641614.167 20159 5.845
1791641614.173 20164 4.305
1791641614.175 20162 9.348
1791641614.179 20167 5.856
1791641614.186 20170 7.889
1791641614.188 20172 6.874
1791641614.191 20175 6.247
1791641614.198 20180 4.845
1791641614.200 20178 9.791
1791641614.203 20183 5.846
1791641614.209 20188 4.236
1791641614.211 20186 9.216
1791641614.216 20191 6.101
1791641614.222 20196 4.452
1791641614.224 20194 9.497
1791641614.227 20199 5.797
1791641614.234 20202 7.606
1791641614.236 20204 6.584
1791641614.240 20207 6.093
1791641614.246 20212 4.604
1791641614.248 20210 9.624
1791641614.252 20215 6.052
1791641614.258 20220 4.422
1791641614.260 20218 9.463
1791641614.264 20223 5.835
1791641614.270 20226 7.336
1791641614.272 20228 6.328
1791641614.276 20231 5.807
1791641614.282 20234 7.680
1791641614.284 20236 6.612
1791641614.288 20239 6.098
1791641614.294 20244 4.317
1791641614.296 20242 9.350
1791641614.301 20247 6.059
1791641614.306 20250 7.342
1791641614.308 20252 6.332
1791641614.313 20255 6.268
1791641614.319 20260 5.099
1791641614.321 20258 10.120
1791641614.327 20263 7.744
1791641614.332 20266 8.465
1791641614.334 20268 7.909
1791641614.338 20271 7.441
1791641614.344 20274 8.698
1791641614.346 20276 7.896
1791641614.351 20279 7.448
1791641614.357 20282 8.779
1791641614.359 20284 8.151
1791641614.363 20287 7.738
1791641614.369 20290 8.680
1791641614.371 20292 8.159
1791641614.375 20295 7.627
1791641614.381 20300 6.094
1791641614.383 20298 10.644
1791641614.387 20303 7.522
1791641614.393 20306 8.792
1791641614.395 20308 8.163
1791641614.399 20311 7.400
1791641614.405 20316 5.977
1791641614.407 20314 10.800
1791641614.411 20319 7.447
1791641614.417 20322 8.560
1791641614.419 20324 7.545
1791641614.423 20327 7.524
1791641614.429 20330 8.464
1791641614.431 20332 7.862
1791641614.435 20335 7.443
1791641614.442 20340 5.936
1791641614.444 20338 10.688
1791641614.448 20343 7.430
1791641614.454 20346 8.641
1791641614.456 20348 7.893
1791641614.460 20351 7.302
1791641614.466 20356 6.183
1791641614.468 20354 10.968
1791641614.472 20359 7.448
1791641614.478 20362 8.544
1791641614.480 20364 7.876
1791641614.484 20367 7.454
1791641614.490 20372 5.912
1791641614.492 20370 10.671
1791641614.496 20375 7.365
1791641614.502 20380 5.973
1791641614.504 20378 10.768
1791641614.508 20383 7.416
1791641614.514 20388 6.027
1791641614.516 20386 10.833
1791641614.520 20391 7.465
1791641614.526 20396 5.802
1791641614.528 20394 10.638
1791641614.533 20399 7.387
1791641614.539 20402 9.017
1791641614.541 20404 8.216
1791641614.545 20407 7.357
1791641614.551 20410 8.965
1791641614.553 20412 8.212
1791641614.557 20415 7.467
1791641614.563 20420 6.272
1791641614.565 20418 11.032
1791641614.569 20423 7.412
1791641614.575 20428 6.189
1791641614.577 20426 10.955
1791641614.581 20431 7.443
1791641614.587 20434 8.617
1791641614.589 20436 7.850
1791641614.593 20439 7.494
1791641614.600 20442 8.989
1791641614.602 20444 8.184
1791641614.605 20447 7.365
1791641614.611 20450 8.713
1791641614.613 20452 7.950
1791641614.618 20455 7.401
1791641614.624 20458 9.048
1791641614.626 20460 8.281
1791641614.630 20463 7.437
1791641614.636 20468 6.213
1791641614.638 20466 10.880
1791641614.642 20471 7.924
1791641614.644 20474 5.415
1791641614.649 20476 6.887
1791641614.655 20482 4.399
1791641614.657 20479 10.802
1791641614.662 20484 7.744
1791641614.664 20487 5.237
1791641614.668 20490 5.263
1791641614.675 20492 8.845
1791641614.677 20495 6.412
1791641614.682 20498 6.292
1791641614.684 20500 5.275
1791641614.689 20503 5.876
1791641614.695 20508 4.263
1791641614.697 20506 9.263
1791641614.701 20511 5.806
1791641614.707 20516 4.450
1791641614.709 20514 9.490
1791641614.713 20519 5.874
1791641614.719 20522 7.396
1791641614.721 20524 6.390
1791641614.725 20527 5.724
1791641614.731 20532 4.574
1791641614.733 20530 9.609
1791641614.737 20535 5.817
1791641614.744 20538 7.631
1791641614.746 20540 6.619
1791641614.749 20543 5.834
1791641614.756 20548 4.465
1791641614.758 20546 9.464
1791641614.762 20551 5.763
1791641614.768 20556 4.646
1791641614.770 20554 9.681
1791641614.774 20559 5.822
1791641614.780 20564 4.630
1791641614.782 20562 9.667
1791641614.786 20567 5.949
1791641614.792 20570 7.369
1791641614.794 20572 6.343
1791641614.798 20575 6.044
1791641614.804 20580 4.325
1791641614.806 20578 9.392
1791641614.810 20583 5.825
1791641614.816 20586 7.470
1791641614.818 20588 6.461
1791641614.822 20591 5.874
1791641614.829 20596 4.599
1791641614.831 20594 9.599
1791641614.834 20599 5.831
1791641614.841 20602 7.419
1791641614.843 20604 6.391
1791641614.847 20607 6.127
1791641614.853 20612 4.610
1791641614.855 20610 9.632
1791641614.859 20615 5.767
1791641614.865 20618 7.399
1791641614.867 20620 6.424
1791641614.871 20623 5.834
1791641614.877 20628 4.715
1791641614.879 20626 9.753
1791641614.883 20631 5.923
1791641614.889 20636 4.262
1791641614.891 20634 9.309
1791641614.895 20639 5.869
1791641614.901 20642 7.375
1791641614.903 20644 6.303
1791641614.907 20647 5.877
1791641614.914 20650 7.602
1791641614.916 20652 6.586
1791641614.920 20655 6.042
1791641614.926 20660 4.596
1791641614.928 20658 9.624
1791641614.931 20663 5.787
1791641614.938 20668 4.612
1791641614.940 20666 9.648
1791641614.944 20671 5.987
1791641614.950 20676 4.264
1791641614.952 20674 9.301
1791641614.956 20679 5.842
1791641614.962 20682 7.533
1791641614.964 20684 6.460
1791641614.968 20687 5.734
1791641614.974 20690 7.381
1791641614.976 20692 6.359
1791641614.980 20695 5.742
1791641614.986 20698 7.378
1791641614.988 20700 6.355
1791641614.992 20703 5.734
1791641614.998 20708 4.216
1791641615.000 20706 9.251
1791641615.004 20711 5.644
1791641615.010 20716 4.284
1791641615.012 20714 9.327
1791641615.016 20719 5.694
1791641615.023 20722 7.309
1791641615.025 20724 6.287
1791641615.028 20727 5.668
1791641615.035 20732 4.351
1791641615.037 20730 9.395
1791641615.041 20735 5.716
1791641615.047 20740 4.346
1791641615.049 20738 9.383
1791641615.053 20743 6.055
1791641615.059 20746 7.312
1791641615.061 20748 6.298
1791641615.065 20751 5.829
1791641615.071 20756 4.521
1791641615.073 20754 9.560
1791641615.077 20759 5.746
1791641615.084 20764 4.611
1791641615.086 20762 9.649
1791641615.089 20767 5.739
1791641615.096 20770 7.539
1791641615.098 20772 6.519
1791641615.101 20775 5.779
1791641615.108 20778 7.343
1791641615.110 20780 6.318
1791641615.114 20783 6.061
1791641615.120 20786 7.412
1791641615.122 20788 6.402
1791641615.126 20791 5.791
1791641615.132 20796 4.321
1791641615.134 20794 9.332
1791641615.138 20799 5.947
1791641615.144 20804 4.308
1791641615.146 20802 9.348
1791641615.150 20807 5.813
1791641615.156 20812 4.335
1791641615.158 20810 9.337
1791641615.162 20815 5.803
1791641615.169 20818 7.703
1791641615.171 20820 6.679
1791641615.174 20823 5.801
1791641615.180 20828 4.376
1791641615.182 20826 9.415
1791641615.186 20831 5.821
1791641615.193 20836 4.435
1791641615.195 20834 9.472
1791641615.199 20839 6.047
1791641615.205 20844 4.458
1791641615.207 20842 9.492
1791641615.211 20847 5.819
1791641615.217 20850 7.335
1791641615.219 20852 6.309
1791641615.223 20855 5.790
1791641615.229 20858 7.322
1791641615.231 20860 6.296
1791641615.235 20863 5.788
1791641615.241 20868 4.258
1791641615.243 20866 9.300
1791641615.247 20871 5.777
1791641615.253 20876 4.268
1791641615.255 20874 9.294
1791641615.259 20879 5.833
1791641615.265 20884 4.277
1791641615.267 20882 9.318
1791641615.272 20887 6.304
1791641615.278 20890 7.625
1791641615.280 20892 6.618
1791641615.284 20895 6.089
1791641615.290 20898 7.559
1791641615.292 20900 6.553
1791641615.296 20903 6.086
1791641615.302 20908 4.614
1791641615.304 20906 9.635
1791641615.308 20911 6.061
1791641615.314 20914 7.371
1791641615.316 20916 6.360
1791641615.320 20919 6.106
1791641615.326 20922 7.357
1791641615.328 20924 6.339
1791641615.332 20927 6.127
1791641615.338 20930 7.340
1791641615.340 20932 6.317
1791641615.344 20935 6.052
1791641615.351 20938 7.739
1791641615.353 20940 6.752
1791641615.357 20943 6.064
1791641615.362 20946 7.343
1791641615.364 20948 6.324
1791641615.368 20951 5.798
1791641615.375 20954 7.439
1791641615.377 20956 6.415
1791641615.381 20959 6.012
1791641615.387 20962 7.511
1791641615.389 20964 6.493
1791641615.393 20967 5.755
1791641615.399 20972 4.700
1791641615.401 20970 9.722
1791641615.405 20975 5.770
1791641615.411 20980 4.323
1791641615.413 20978 9.358
1791641615.417 20983 5.804
1791641615.423 20986 7.428
1791641615.425 20988 6.375
1791641615.429 20991 5.989
1791641615.435 20994 7.321
1791641615.437 20996 6.301
1791641615.441 20999 5.830
1791641615.448 21004 4.522
1791641615.450 21002 9.553
1791641615.454 21007 6.047
1791641615.460 21010 7.692
1791641615.462 21012 6.686
1791641615.466 21015 5.745
1791641615.472 21020 4.689
1791641615.474 21018 9.723
1791641615.478 21023 5.817
1791641615.484 21028 4.342
1791641615.486 21026 9.381
1791641615.490 21031 5.791
1791641615.496 21034 7.423
1791641615.498 21036 6.384
1791641615.502 21039 5.884
1791641615.508 21044 4.383
1791641615.510 21042 9.420
1791641615.515 21047 6.249
1791641615.520 21052 4.344
1791641615.522 21050 9.378
1791641615.526 21055 5.801
1791641615.533 21058 8.271
1791641615.535 21060 7.246
1791641615.538 21063 4.637
1791641615.545 21066 7.660
1791641615.547 21068 6.596
1791641615.551 21071 6.122
1791641615.557 21076 4.291
1791641615.559 21074 9.321
1791641615.563 21079 6.091
1791641615.569 21084 4.565
1791641615.571 21082 9.590
1791641615.575 21087 5.712
1791641615.581 21092 4.257
1791641615.583 21090 9.299
1791641615.587 21095 5.709
1791641615.593 21098 7.271
1791641615.595 21100 6.273
1791641615.599 21103 5.716
1791641615.605 21106 7.487
1791641615.607 21108 6.460
1791641615.611 21111 5.800
1791641615.617 21116 4.359
1791641615.619 21114 9.400
1791641615.623 21119 5.810
1791641615.629 21124 4.310
1791641615.631 21122 9.356
1791641615.636 21127 5.799
1791641615.642 21132 4.343
1791641615.644 21130 9.379
1791641615.648 21135 5.881
1791641615.654 21138 7.384
1791641615.656 21140 6.361
1791641615.660 21143 5.806
1791641615.666 21148 4.335
1791641615.668 21146 9.373
1791641615.672 21151 5.740
1791641615.678 21156 4.549
1791641615.680 21154 9.588
1791641615.684 21159 5.892
1791641615.690 21164 4.640
1791641615.692 21162 9.710
1791641615.696 21167 5.804
1791641615.703 21170 7.590
1791641615.705 21172 6.561
1791641615.709 21175 6.066
1791641615.715 21178 7.560
1791641615.717 21180 6.555
1791641615.721 21183 6.066
1791641615.727 21188 4.616
1791641615.729 21186 9.641
1791641615.733 21191 5.818
1791641615.739 21196 4.751
1791641615.741 21194 9.776
1791641615.745 21199 6.058
1791641615.751 21202 7.694
1791641615.753 21204 6.688
1791641615.757 21207 5.798
1791641615.763 21210 7.639
1791641615.765 21212 6.613
1791641615.769 21215 5.782
1791641615.775 21220 4.632
1791641615.777 21218 9.668
1791641615.781 21223 5.847
1791641615.787 21226 7.417
1791641615.789 21228 6.389
1791641615.793 21231 5.899
1791641615.799 21236 4.386
1791641615.801 21234 9.424
1791641615.805 21239 5.775
1791641615.812 21244 4.332
1791641615.814 21242 9.371
1791641615.818 21247 6.028
1791641615.824 21252 4.520
1791641615.826 21250 9.619
1791641615.830 21255 5.916
1791641615.836 21260 4.657
1791641615.838 21258 9.664
1791641615.842 21263 5.925
1791641615.848 21268 4.385
1791641615.850 21266 9.426
1791641615.854 21271 5.811
1791641615.860 21276 4.330
1791641615.862 21274 9.366
1791641615.866 21279 5.820
1791641615.872 21282 7.321
1791641615.874 21284 6.296
1791641615.878 21287 5.766
1791641615.885 21292 4.558
1791641615.887 21290 9.610
1791641615.891 21295 6.052
1791641615.897 21298 7.811
1791641615.899 21300 6.803
1791641615.903 21303 5.845
1791641615.909 21308 4.317
1791641615.911 21306 9.348
1791641615.915 21311 5.770
1791641615.921 21316 4.591
1791641615.923 21314 9.624
1791641615.927 21319 5.793
1791641615.933 21322 7.604
1791641615.935 21324 6.587
1791641615.939 21327 5.753
1791641615.945 21330 7.592
1791641615.947 21332 6.580
1791641615.951 21335 5.804
1791641615.957 21340 4.344
1791641615.959 21338 9.382
1791641615.964 21343 6.057
1791641615.970 21346 7.631
1791641615.972 21348 6.615
1791641615.976 21351 5.944
1791641615.982 21354 7.677
1791641615.984 21356 6.646
1791641615.988 21359 6.059
1791641615.995 21362 8.774
1791641615.997 21364 7.787
1791641616.000 21367 6.052
1791641616.006 21370 7.601
1791641616.008 21372 6.599
1791641616.012 21375 6.024
1791641616.018 21380 4.594
1791641616.020 21378 9.616
1791641616.024 21383 6.024
1791641616.031 21388 4.778
1791641616.033 21386 9.806
1791641616.036 21391 6.057
1791641616.042 21396 4.288
1791641616.044 21394 9.318
1791641616.048 21399 6.073
1791641616.055 21402 7.764
1791641616.057 21404 6.753
1791641616.060 21407 5.814
1791641616.066 21412 4.304
1791641616.068 21410 9.349
1791641616.072 21415 5.768
1791641616.079 21420 4.285
1791641616.081 21418 9.327
1791641616.085 21423 5.781
1791641616.091 21428 4.381
1791641616.093 21426 9.421
1791641616.097 21431 5.784
1791641616.103 21434 7.336
1791641616.105 21436 6.311
1791641616.109 21439 5.833
1791641616.115 21442 7.334
1791641616.117 21444 6.303
1791641616.121 21447 5.791
1791641616.127 21452 4.295
1791641616.129 21450 9.336
1791641616.133 21455 5.883
1791641616.139 21458 7.401
1791641616.141 21460 6.440
1791641616.146 21463 6.064
1791641616.151 21468 4.313
1791641616.153 21466 9.338
1791641616.158 21471 6.083
1791641616.164 21476 4.704
1791641616.166 21474 9.736
1791641616.170 21479 5.814
1791641616.176 21482 7.327
1791641616.178 21484 6.304
1791641616.182 21487 5.829
1791641616.188 21492 4.557
1791641616.190 21490 9.553
1791641616.194 21495 5.943
1791641616.200 21500 4.450
1791641616.202 21498 9.492
1791641616.206 21503 6.042
1791641616.212 21506 7.481
1791641616.214 21508 6.437
1791641616.219 21511 6.164
1791641616.225 21514 7.606
1791641616.227 21516 6.592
1791641616.231 21519 6.053
1791641616.237 21524 4.544
1791641616.239 21522 9.575
1791641616.243 21527 6.066
1791641616.249 21532 4.644
1791641616.251 21530 9.677
1791641616.255 21535 6.079
1791641616.261 21540 4.447
1791641616.263 21538 9.478
1791641616.267 21543 5.778
1791641616.273 21546 7.324
1791641616.275 21548 6.331
1791641616.280 21551 7.116
1791641616.285 21554 7.360
1791641616.287 21556 6.341
1791641616.291 21559 5.969
1791641616.297 21564 4.607
1791641616.299 21562 9.637
1791641616.303 21567 6.068
1791641616.310 21570 7.649
1791641616.312 21572 6.635
1791641616.315 21575 5.754
1791641616.322 21578 7.604
1791641616.324 21580 6.611
1791641616.327 21583 5.781
1791641616.334 21586 7.679
1791641616.336 21588 6.671
1791641616.340 21591 5.806
1791641616.346 21594 7.344
1791641616.348 21596 6.337
1791641616.352 21599 6.091
1791641616.358 21604 4.435
1791641616.360 21602 9.459
1791641616.364 21607 6.050
1791641616.370 21612 4.592
1791641616.372 21610 9.619
1791641616.376 21615 5.797
1791641616.382 21618 7.549
1791641616.384 21620 6.542
1791641616.388 21623 5.941
1791641616.394 21628 4.279
1791641616.396 21626 9.327
1791641616.400 21631 5.763
1791641616.407 21634 8.325
1791641616.409 21636 7.315
1791641616.413 21639 6.026
1791641616.418 21642 7.323
1791641616.420 21644 6.282
1791641616.425 21647 5.942
1791641616.431 21652 4.322
1791641616.433 21650 9.365
1791641616.437 21655 5.820
1791641616.443 21660 4.405
1791641616.445 21658 9.402
1791641616.449 21663 5.903
1791641616.455 21668 4.368
1791641616.457 21666 9.419
1791641616.461 21671 5.787
1791641616.467 21676 4.367
1791641616.469 21674 9.408
1791641616.473 21679 6.052
1791641616.479 21682 7.289
1791641616.481 21684 6.309
1791641616.485 21687 5.932
1791641616.491 21692 4.308
1791641616.493 21690 9.317
1791641616.497 21695 5.911
1791641616.503 21698 7.356
1791641616.505 21700 6.332
1791641616.509 21703 5.790
1791641616.516 21708 4.472
1791641616.518 21706 9.513
1791641616.522 21711 5.877
1791641616.528 21714 7.993
1791641616.530 21716 6.974
1791641616.534 21719 6.206
1791641616.541 21724 5.944
1791641616.543 21722 10.979
1791641616.548 21727 7.468
1791641616.554 21730 8.915
1791641616.556 21732 8.149
1791641616.560 21735 7.676
1791641616.566 21738 8.389
1791641616.568 21740 7.841
1791641616.572 21743 7.537
1791641616.578 21746 8.715
1791641616.580 21748 7.942
1791641616.584 21751 7.382
1791641616.590 21754 8.615
1791641616.592 21756 7.818
1791641616.596 21759 7.495
1791641616.602 21762 8.454
1791641616.604 21764 7.858
1791641616.608 21767 7.411
1791641616.614 21772 6.015
1791641616.616 21770 10.853
1791641616.620 21775 7.431
1791641616.626 21778 8.434
1791641616.628 21780 7.885
1791641616.633 21783 7.484
1791641616.639 21786 8.630
1791641616.641 21788 7.888
1791641616.645 21791 7.664
1791641616.651 21794 9.297
1791641616.653 21796 8.548
1791641616.657 21799 7.079
1791641616.663 21802 8.604
1791641616.665 21804 7.972
1791641616.669 21807 7.646
1791641616.675 21810 8.788
1791641616.677 21812 8.202
1791641616.681 21815 7.710
1791641616.687 21820 5.855
1791641616.689 21818 10.416
1791641616.693 21823 7.305
1791641616.700 21828 6.139
1791641616.702 21826 10.992
1791641616.705 21831 7.465
1791641616.711 21836 5.999
1791641616.713 21834 10.819
1791641616.717 21839 7.341
1791641616.724 21844 6.041
1791641616.726 21842 10.902
1791641616.730 21847 7.810
1791641616.736 21850 8.389
1791641616.738 21852 7.868
1791641616.742 21855 7.540
1791641616.748 21858 8.677
1791641616.750 21860 7.921
1791641616.754 21863 7.344
1791641616.760 21866 8.516
1791641616.762 21868 7.942
1791641616.766 21871 7.515
1791641616.772 21874 8.682
1791641616.774 21876 8.056
1791641616.778 21879 7.445
1791641616.784 21882 8.848
1791641616.786 21884 8.155
1791641616.790 21887 7.543
1791641616.797 21892 6.177
1791641616.799 21890 10.873
1791641616.802 21895 7.375
1791641616.809 21898 9.629
1791641616.811 21900 8.865
1791641616.815 21903 7.381
1791641616.821 21908 5.888
1791641616.823 21906 10.447
1791641616.827 21911 7.318
1791641616.833 21914 8.752
1791641616.835 21916 7.959
1791641616.839 21919 7.399
1791641616.845 21922 8.659
1791641616.847 21924 7.869
1791641616.851 21927 7.480
1791641616.857 21932 6.128
1791641616.859 21930 10.795
1791641616.863 21935 7.784
1791641616.869 21938 8.598
1791641616.871 21940 6.466
1791641616.875 21943 7.589
1791641616.881 21946 8.509
1791641616.883 21948 7.941
1791641616.887 21951 7.374
1791641616.893 21954 8.633
1791641616.895 21956 7.841
1791641616.900 21959 7.693
1791641616.906 21964 5.843
1791641616.908 21962 10.370
1791641616.912 21967 7.481
1791641616.918 21970 8.626
1791641616.920 21972 7.874
1791641616.924 21975 7.585
1791641616.930 21978 8.490
1791641616.932 21980 7.854
1791641616.936 21983 7.527
1791641616.942 21986 8.500
1791641616.944 21988 7.875
1791641616.948 21991 7.368
1791641616.954 21994 8.745
1791641616.956 21996 7.915
1791641616.960 21999 7.411
1791641616.967 22004 6.183
1791641616.969 22002 11.039
1791641616.972 22007 7.381
1791641616.979 22010 9.018
1791641616.981 22012 8.205
1791641616.985 22015 7.436
1791641616.991 22018 9.011
1791641616.993 22020 8.178
1791641616.997 22023 7.335
1791641617.003 22028 5.861
1791641617.005 22026 10.694
1791641617.009 22031 7.343
1791641617.015 22034 9.113
1791641617.017 22036 8.311
1791641617.021 22039 7.342
1791641617.027 22044 6.089
1791641617.029 22042 10.890
1791641617.033 22047 7.581
1791641617.039 22052 6.208
1791641617.041 22050 10.769
1791641617.045 22055 7.321
1791641617.052 22060 6.153
1791641617.054 22058 11.008
1791641617.058 22063 7.597
1791641617.063 22068 5.840
1791641617.065 22066 10.441
1791641617.070 22071 7.528
1791641617.076 22076 5.895
1791641617.078 22074 10.696
1791641617.082 22079 7.486
1791641617.088 22082 9.048
1791641617.090 22084 8.231
1791641617.094 22087 7.437
1791641617.100 22092 6.344
1791641617.102 22090 11.083
1791641617.106 22095 7.566
1791641617.112 22098 8.654
1791641617.114 22100 7.861
1791641617.118 22103 7.482
1791641617.124 22108 6.298
1791641617.126 22106 10.973
1791641617.130 22111 7.457
1791641617.136 22116 6.140
1791641617.138 22114 10.850
1791641617.142 22119 7.619
1791641617.149 22122 8.707
1791641617.151 22124 8.145
1791641617.155 22127 7.561
1791641617.160 22130 8.454
1791641617.162 22132 7.886
1791641617.166 22135 7.354
1791641617.173 22138 8.754
1791641617.175 22140 7.839
1791641617.179 22143 7.721
1791641617.185 22146 8.537
1791641617.187 22148 7.988
1791641617.191 22151 7.258
1791641617.197 22154 8.712
1791641617.199 22156 7.895
1791641617.203 22159 7.711
1791641617.209 22162 8.435
1791641617.211 22164 7.880
1791641617.215 22167 7.583
1791641617.221 22172 6.212
1791641617.224 22170 10.821
1791641617.228 22175 7.727
1791641617.234 22178 8.638
1791641617.236 22180 8.089
1791641617.239 22183 7.385
1791641617.245 22186 8.611
1791641617.247 22188 7.812
1791641617.251 22191 7.274
1791641617.258 22194 8.584
1791641617.260 22196 7.812
1791641617.264 22199 7.594
1791641617.270 22204 5.862
1791641617.272 22202 10.519
1791641617.276 22207 7.585
1791641617.282 22212 5.897
1791641617.284 22210 10.547
1791641617.288 22215 7.537
1791641617.294 22220 6.178
1791641617.296 22218 10.803
1791641617.300 22223 7.648
1791641617.306 22228 5.776
1791641617.308 22226 10.341
1791641617.312 22231 7.634
1791641617.319 22236 6.148
1791641617.321 22234 10.714
1791641617.325 22239 7.641
1791641617.331 22244 6.153
1791641617.333 22242 10.708
1791641617.337 22247 7.430
1791641617.343 22252 5.918
1791641617.345 22250 10.744
1791641617.349 22255 7.504
1791641617.355 22258 8.733
1791641617.357 22260 7.964
1791641617.361 22263 7.414
1791641617.367 22268 6.247
1791641617.369 22266 11.073
1791641617.373 22271 7.415
1791641617.379 22274 8.743
1791641617.381 22276 7.966
1791641617.392 22279 14.430
1791641617.394 22282 5.891
1791641617.396 22284 7.785
1791641617.399 22290 4.771
1791641617.401 22287 11.287
1791641617.405 22292 7.804
1791641617.407 22295 5.274
1791641617.412 22298 5.241
1791641617.418 22303 4.232
1791641617.420 22300 10.772
1791641617.424 22306 5.364
1791641617.431 22308 8.738
1791641617.433 22311 6.405
1791641617.437 22316 3.164
1791641617.439 22314 8.203
1791641617.444 22319 5.738
1791641617.450 22324 4.299
1791641617.452 22322 9.338
1791641617.456 22327 5.693
1791641617.462 22332 4.267
1791641617.464 22330 9.304
1791641617.468 22335 5.643
1791641617.474 22340 4.182
1791641617.476 22338 9.210
1791641617.480 22343 5.663
1791641617.487 22346 7.302
1791641617.489 22348 6.278
1791641617.493 22351 5.669
1791641617.499 22356 4.346
1791641617.501 22354 9.383
1791641617.505 22359 5.648
1791641617.511 22362 7.411
1791641617.513 22364 6.387
1791641617.517 22367 5.893
1791641617.523 22372 4.308
1791641617.525 22370 9.348
1791641617.529 22375 6.071
1791641617.535 22380 4.621
1791641617.538 22378 9.648
1791641617.541 22383 5.774
1791641617.548 22386 7.702
1791641617.550 22388 6.666
1791641617.553 22391 5.780
1791641617.560 22396 4.673
1791641617.562 22394 9.693
1791641617.565 22399 5.789
1791641617.572 22402 7.313
1791641617.574 22404 6.294
1791641617.578 22407 5.799
1791641617.584 22410 7.244
1791641617.586 22412 6.222
1791641617.590 22415 5.844
1791641617.596 22418 7.557
1791641617.598 22420 6.530
1791641617.602 22423 5.818
1791641617.608 22428 4.280
1791641617.610 22426 9.324
1791641617.614 22431 5.794
1791641617.620 22434 7.342
1791641617.622 22436 6.314
1791641617.626 22439 5.809
1791641617.632 22442 7.314
1791641617.634 22444 6.286
1791641617.638 22447 5.763
1791641617.644 22450 7.347
1791641617.646 22452 6.320
1791641617.650 22455 5.785
1791641617.657 22458 7.378
1791641617.659 22460 6.354
1791641617.663 22463 5.887
1791641617.669 22466 7.412
1791641617.671 22468 6.417
1791641617.675 22471 5.807
1791641617.681 22474 7.411
1791641617.683 22476 6.389
1791641617.687 22479 5.943
1791641617.693 22484 4.344
1791641617.695 22482 9.422
1791641617.699 22487 5.820
1791641617.705 22490 7.416
1791641617.707 22492 6.392
1791641617.711 22495 5.792
1791641617.718 22498 7.633
1791641617.720 22500 6.617
1791641617.724 22503 6.075
1791641617.729 22506 7.385
1791641617.731 22508 6.367
1791641617.735 22511 5.763
1791641617.742 22516 4.604
1791641617.744 22514 9.625
1791641617.748 22519 5.748
1791641617.754 22524 4.579
1791641617.756 22522 9.622
1791641617.760 22527 6.080
1791641617.766 22532 4.269
1791641617.768 22530 9.295
1791641617.772 22535 6.059
1791641617.778 22538 7.302
1791641617.780 22540 6.286
1791641617.784 22543 5.890
1791641617.790 22548 4.471
1791641617.792 22546 9.560
1791641617.796 22551 5.838
1791641617.803 22556 4.879
1791641617.805 22554 9.919
1791641617.809 22559 6.366
1791641617.814 22562 7.375
1791641617.816 22564 6.362
1791641617.821 22567 6.060
1791641617.827 22572 4.357
1791641617.829 22570 9.386
1791641617.832 22575 5.738
1791641617.839 22578 7.661
1791641617.841 22580 6.643
1791641617.845 22583 5.753
1791641617.851 22588 4.650
1791641617.853 22586 9.694
1791641617.857 22591 6.073
1791641617.863 22596 4.641
1791641617.865 22594 9.660
1791641617.869 22599 5.756
1791641617.875 22604 4.597
1791641617.877 22602 9.599
1791641617.881 22607 5.780
1791641617.888 22612 4.644
1791641617.890 22610 9.674
1791641617.893 22615 5.840
1791641617.899 22618 7.338
1791641617.901 22620 6.320
1791641617.905 22623 5.830
1791641617.911 22628 4.285
1791641617.913 22626 9.322
1791641617.917 22631 5.774
1791641617.924 22634 7.420
1791641617.926 22636 6.409
1791641617.930 22639 5.818
1791641617.936 22642 7.357
1791641617.938 22644 6.333
1791641617.942 22647 5.779
1791641617.948 22650 7.314
1791641617.950 22652 6.293
1791641617.954 22655 6.200
1791641617.960 22658 7.571
1791641617.962 22660 6.561
1791641617.966 22663 5.756
1791641617.972 22666 7.609
1791641617.974 22668 6.576
1791641617.978 22671 6.082
1791641617.984 22676 4.339
1791641617.986 22674 9.368
1791641617.991 22679 6.055
1791641617.996 22682 7.375
1791641617.998 22684 6.359
1791641618.003 22687 5.903
1791641618.009 22692 4.615
1791641618.011 22690 9.640
1791641618.015 22695 6.085
1791641618.021 22700 4.707
1791641618.023 22698 9.730
1791641618.027 22703 6.210
1791641618.033 22706 7.603
1791641618.035 22708 6.598
1791641618.039 22711 6.052
1791641618.045 22714 7.650
1791641618.047 22716 6.641
1791641618.051 22719 5.768
1791641618.057 22722 7.647
1791641618.059 22724 6.627
1791641618.063 22727 5.839
1791641618.069 22732 4.405
1791641618.071 22730 9.421
1791641618.076 22735 6.092
1791641618.082 22738 7.572
1791641618.084 22740 6.567
1791641618.087 22743 5.816
1791641618.094 22746 7.622
1791641618.096 22748 6.602
1791641618.100 22751 6.291
1791641618.106 22754 7.612
1791641618.108 22756 6.596
1791641618.112 22759 5.879
1791641618.118 22764 4.313
1791641618.120 22762 9.402
1791641618.124 22767 6.041
1791641618.130 22770 7.318
1791641618.132 22772 6.304
1791641618.136 22775 6.063
1791641618.142 22780 4.594
1791641618.144 22778 9.618
1791641618.148 22783 5.836
1791641618.154 22788 4.301
1791641618.156 22786 9.343
1791641618.161 22791 6.067
1791641618.166 22796 4.321
1791641618.168 22794 9.348
1791641618.173 22799 6.159
1791641618.179 22802 7.761
1791641618.181 22804 6.753
1791641618.185 22807 6.064
1791641618.191 22812 4.641
1791641618.193 22810 9.662
1791641618.197 22815 5.778
1791641618.203 22818 7.323
1791641618.205 22820 6.345
1791641618.209 22823 6.164
1791641618.215 22828 4.319
1791641618.217 22826 9.348
1791641618.221 22831 6.022
1791641618.227 22836 4.587
1791641618.229 22834 9.616
1791641618.233 22839 6.137
1791641618.239 22842 7.403
1791641618.241 22844 6.390
1791641618.245 22847 5.902
1791641618.252 22852 4.485
1791641618.254 22850 9.524
1791641618.257 22855 5.823
1791641618.264 22860 4.554
1791641618.266 22858 9.595
1791641618.270 22863 5.835
1791641618.276 22866 7.339
1791641618.278 22868 6.314
1791641618.282 22871 5.911
1791641618.288 22874 7.310
1791641618.290 22876 6.290
1791641618.294 22879 5.775
1791641618.300 22884 4.590
1791641618.302 22882 9.624
1791641618.306 22887 5.836
1791641618.312 22892 4.597
1791641618.314 22890 9.634
1791641618.318 22895 5.761
1791641618.324 22898 7.462
1791641618.326 22900 6.448
1791641618.330 22903 5.847
1791641618.337 22906 7.588
1791641618.339 22908 6.580
1791641618.342 22911 5.830
1791641618.349 22914 7.493
1791641618.351 22916 6.472
1791641618.355 22919 5.825
1791641618.361 22922 7.297
1791641618.363 22924 6.303
1791641618.367 22927 5.855
1791641618.373 22932 4.755
1791641618.375 22930 9.794
1791641618.379 22935 6.007
1791641618.385 22938 7.919
1791641618.387 22940 6.850
1791641618.391 22943 5.889
1791641618.397 22948 4.398
1791641618.399 22946 9.408
1791641618.403 22951 5.809
1791641618.409 22954 7.487
1791641618.411 22956 6.454
1791641618.415 22959 5.887
1791641618.422 22962 7.644
1791641618.424 22964 6.634
1791641618.427 22967 5.885
1791641618.433 22970 7.296
1791641618.435 22972 6.274
1791641618.439 22975 5.793
1791641618.446 22980 4.272
1791641618.448 22978 9.313
1791641618.452 22983 5.943
1791641618.458 22986 7.310
1791641618.460 22988 6.283
1791641618.464 22991 5.834
1791641618.471 22994 8.185
1791641618.473 22996 7.119
1791641618.476 22999 6.240
1791641618.484 23002 9.181
1791641618.486 23004 8.178
1791641618.490 23007 7.394
1791641618.496 23012 5.837
1791641618.498 23010 10.655
1791641618.502 23015 7.543
1791641618.508 23020 5.994
1791641618.510 23018 10.650
1791641618.514 23023 7.370
1791641618.520 23026 8.697
1791641618.522 23028 7.883
1791641618.526 23031 7.390
1791641618.532 23036 5.861
1791641618.534 23034 10.665
1791641618.538 23039 7.428
1791641618.544 23042 8.832
1791641618.546 23044 8.034
1791641618.550 23047 7.369
1791641618.557 23052 6.069
1791641618.559 23050 10.880
1791641618.563 23055 7.508
1791641618.569 23060 6.163
1791641618.571 23058 10.846
1791641618.575 23063 7.667
1791641618.581 23066 9.030
1791641618.583 23068 8.379
1791641618.610 23071 8.059
1791641618.637 23074 8.014
1791641618.656 23076 8.001
1791641618.683 23079 8.040
1791641618.710 23082 8.046
1791641618.729 23084 8.068
1791641618.756 23087 7.965
1791641618.783 23090 8.003
1791641618.801 23092 8.120
1791641618.829 23095 8.034
1791641618.856 23098 8.178
1791641618.874 23100 8.177
1791641618.902 23103 8.120
1791641618.929 23106 8.114
1791641618.947 23108 8.045
1791641618.974 23111 8.175
1791641619.002 23114 8.185
1791641619.020 23116 8.097
1791641619.047 23119 8.105
1791641619.075 23122 8.196
1791641619.093 23124 8.146
1791641619.120 23127 8.138
1791641619.147 23130 8.102
1791641619.166 23132 8.118
1791641619.193 23135 8.187
1791641619.220 23138 8.267
1791641619.238 23140 8.173
1791641619.266 23143 7.997
1791641619.293 23146 8.184
1791641619.311 23148 8.223
1791641619.339 23151 8.154
1791641619.366 23154 8.135
1791641619.384 23156 8.274
1791641619.411 23159 8.189
1791641619.439 23162 8.274
1791641619.457 23164 8.109
1791641619.484 23167 8.066
1791641619.512 23170 8.208
1791641619.530 23172 8.065
1791641619.557 23175 8.172
1791641619.584 23178 8.081
1791641619.603 23180 8.173
1791641619.630 23183 8.170
1791641619.657 23186 8.122
1791641619.675 23188 8.179
1791641619.703 23191 8.003
1791641619.730 23194 8.163
1791641619.748 23196 8.085
1791641619.775 23199 8.039
1791641619.803 23202 8.060
1791641619.821 23204 8.133
1791641619.848 23207 8.127
1791641619.876 23210 8.084
1791641619.894 23212 8.094
1791641619.921 23215 8.015
1791641619.949 23218 8.148
1791641619.967 23220 8.036
1791641619.994 23223 8.054
1791641620.021 23226 8.016
1791641620.040 23228 8.068
1791641620.067 23231 8.101
1791641620.094 23234 8.061
1791641620.112 23236 8.099
1791641620.140 23239 8.172
1791641620.167 23242 8.118
1791641620.185 23244 8.041
1791641620.213 23247 8.080
1791641620.240 23250 8.101
1791641620.258 23252 8.153
1791641620.285 23255 8.088
1791641620.313 23258 8.179
1791641620.331 23260 8.061
1791641620.358 23263 8.118
1791641620.385 23266 8.067
1791641620.404 23268 8.039
1791641620.431 23271 8.078
1791641620.458 23274 8.086
1791641620.476 23276 8.056
1791641620.504 23279 8.103
1791641620.531 23282 8.145
1791641620.549 23284 8.231
1791641620.577 23287 8.232
1791641620.604 23290 8.059
1791641620.622 23292 8.091
1791641620.649 23295 8.089
1791641620.677 23298 8.125
1791641620.695 23300 8.078
1791641620.722 23303 8.029
1791641620.750 23306 8.035
1791641620.768 23308 8.204
1791641620.795 23311 8.048
1791641620.822 23314 8.110
1791641620.841 23316 8.007
1791641620.868 23319 8.194
1791641620.895 23322 8.009
1791641620.913 23324 8.041
1791641620.941 23327 8.057
1791641620.968 23330 8.099
1791641620.986 23332 8.077
1791641621.014 23335 8.045
1791641621.041 23338 8.185
1791641621.059 23340 8.055
1791641621.086 23343 8.115
1791641621.114 23346 8.340
1791641621.132 23348 8.059
1791641621.159 23351 8.043
1791641621.187 23354 8.057
1791641621.205 23356 8.041
1791641621.232 23359 7.960
1791641621.259 23362 8.085
1791641621.278 23364 8.033
1791641621.305 23367 8.082
1791641621.332 23370 8.047
1791641621.350 23372 8.094
1791641621.378 23375 8.046
1791641621.405 23378 8.081
1791641621.423 23380 8.097
1791641621.451 23383 8.074
1791641621.478 23386 8.133
1791641621.496 23388 8.133
1791641621.523 23391 8.134
1791641621.551 23394 8.065
1791641621.569 23396 8.123
1791641621.596 23399 8.099
1791641621.624 23402 8.262
1791641621.642 23404 8.113
1791641621.669 23407 8.230
1791641621.696 23410 8.073
1791641621.715 23412 8.144
1791641621.742 23415 8.151
1791641621.769 23418 8.032
1791641621.787 23420 8.058
1791641621.815 23423 8.079
1791641621.842 23426 8.013
1791641621.860 23428 8.035
1791641621.888 23431 8.057
1791641621.915 23434 8.177
1791641621.933 23436 8.039
1791641621.960 23439 7.943
1791641621.988 23442 7.971
1791641622.006 23444 8.025
1791641622.033 23447 7.995
1791641622.061 23450 8.212
1791641622.079 23452 8.136
1791641622.106 23455 8.154
1791641622.133 23458 8.083
1791641622.152 23460 8.199
1791641622.179 23463 8.125
1791641622.206 23466 8.163
1791641622.224 23468 8.133
1791641622.252 23471 8.202
1791641622.279 23474 8.170
1791641622.297 23476 8.076
1791641622.325 23479 8.194
1791641622.352 23482 8.339
1791641622.370 23484 8.062
1791641622.398 23487 8.193
1791641622.425 23490 8.038
1791641622.443 23492 8.082
1791641622.470 23495 8.139
1791641622.498 23498 8.171
1791641622.516 23500 8.156
1791641622.543 23503 8.027
1791641622.570 23506 8.084
1791641622.589 23508 8.091
1791641622.616 23511 8.223
1791641622.643 23514 8.061
1791641622.661 23516 8.023
1791641622.689 23519 8.157
1791641622.716 23522 8.087
1791641622.734 23524 7.998
1791641622.762 23527 8.174
1791641622.789 23530 8.119
1791641622.807 23532 8.030
1791641622.834 23535 8.152
1791641622.862 23538 8.192
1791641622.880 23540 8.005
1791641622.907 23543 7.995
1791641622.934 23546 8.030
1791641622.953 23548 7.923
1791641622.980 23551 8.043
1791641623.007 23554 8.140
1791641623.026 23556 8.079
1791641623.053 23559 8.182
1791641623.080 23562 8.246
1791641623.098 23564 8.154
1791641623.126 23567 8.128
1791641623.153 23570 8.111
1791641623.171 23572 8.031
1791641623.199 23575 8.160
1791641623.226 23578 8.065
1791641623.244 23580 8.099
1791641623.271 23583 8.053
1791641623.299 23586 8.037
1791641623.317 23588 8.040
1791641623.344 23591 8.126
1791641623.372 23594 8.204
1791641623.390 23596 8.185
1791641623.417 23599 8.118
1791641623.444 23602 8.026
1791641623.463 23604 8.086
1791641623.490 23607 8.135
1791641623.517 23610 8.157
1791641623.536 23612 8.242
1791641623.563 23615 8.230
1791641623.590 23618 8.169
1791641623.608 23620 8.097
1791641623.636 23623 8.120
1791641623.663 23626 8.008
1791641623.681 23628 8.041
1791641623.708 23631 8.047
1791641623.736 23634 8.180
1791641623.754 23636 8.051
1791641623.781 23639 8.099
1791641623.809 23642 8.111
1791641623.827 23644 8.064
1791641623.854 23647 8.062
1791641623.881 23650 8.137
1791641623.899 23652 8.019
1791641623.927 23655 8.158
1791641623.954 23658 8.028
1791641623.972 23660 8.040
1791641624.000 23663 8.037
1791641624.027 23666 8.088
1791641624.045 23668 8.020
1791641624.073 23671 8.093
1791641624.100 23674 8.029
1791641624.118 23676 8.046
1791641624.145 23679 8.055
1791641624.173 23682 7.999
1791641624.191 23684 8.093
1791641624.218 23687 8.086
1791641624.245 23690 8.053
1791641624.264 23692 8.017
1791641624.291 23695 8.065
1791641624.318 23698 8.030
1791641624.337 23700 8.083
1791641624.364 23703 8.090
1791641624.391 23706 8.014
1791641624.409 23708 7.963
1791641624.437 23711 8.234
1791641624.464 23714 8.171
1791641624.482 23716 8.138
1791641624.509 23719 8.067
1791641624.537 23722 8.073
1791641624.555 23724 8.058
1791641624.582 23727 8.037
1791641624.610 23730 8.067
1791641624.628 23732 8.020
1791641624.655 23735 8.141
1791641624.682 23738 8.014
1791641624.701 23740 8.008
1791641624.728 23743 8.063
1791641624.755 23746 7.993
1791641624.773 23748 8.034
1791641624.801 23751 7.924
1791641624.828 23754 8.020
1791641624.846 23756 7.911
1791641624.874 23759 7.995
1791641624.901 23762 7.983
1791641624.919 23764 8.115
1791641624.946 23767 8.004
1791641624.974 23770 8.083
1791641624.992 23772 8.019
1791641625.019 23775 7.987
1791641625.046 23778 7.976
1791641625.065 23780 8.013
1791641625.092 23783 8.223
1791641625.119 23786 8.063
1791641625.138 23788 8.077
1791641625.165 23791 8.185
1791641625.192 23794 8.179
1791641625.211 23796 8.180
1791641625.238 23799 8.160
1791641625.265 23802 8.458
1791641625.284 23804 8.298
1791641625.311 23807 8.256
1791641625.338 23810 8.205
1791641625.356 23812 8.152
1791641625.384 23815 8.241
1791641625.411 23818 8.099
1791641625.429 23820 8.153
1791641625.456 23823 8.013
1791641625.484 23826 8.160
1791641625.502 23828 8.212
1791641625.529 23831 8.140
1791641625.556 23834 8.123
1791641625.575 23836 8.116
1791641625.602 23839 8.348
1791641625.629 23842 8.284
1791641625.648 23844 8.133
1791641625.675 23847 7.996
1791641625.702 23850 8.261
1791641625.720 23852 8.186
1791641625.748 23855 8.027
1791641625.775 23858 8.103
1791641625.793 23860 8.081
1791641625.820 23863 8.103
1791641625.848 23866 8.230
1791641625.866 23868 7.981
1791641625.893 23871 8.015
1791641625.921 23874 8.065
1791641625.939 23876 8.160
1791641625.966 23879 8.082
1791641625.993 23882 8.090
1791641626.012 23884 8.117
1791641626.039 23887 8.151
1791641626.066 23890 8.275
1791641626.085 23892 8.150
1791641626.112 23895 8.192
1791641626.139 23898 8.267
1791641626.157 23900 8.148
1791641626.185 23903 8.096
1791641626.212 23906 8.162
1791641626.230 23908 8.091
1791641626.257 23911 8.159
1791641626.285 23914 8.155
1791641626.303 23916 8.127
1791641626.330 23919 8.138
1791641626.358 23922 8.209
1791641626.376 23924 8.070
1791641626.403 23927 8.097
1791641626.430 23930 8.090
1791641626.448 23932 7.995
1791641626.476 23935 8.121
1791641626.503 23938 8.187
1791641626.521 23940 8.125
1791641626.549 23943 8.147
1791641626.576 23946 8.084
1791641626.594 23948 8.151
1791641626.622 23951 8.046
1791641626.649 23954 8.130
1791641626.667 23956 8.124
1791641626.694 23959 8.145
1791641626.722 23962 8.037
1791641626.740 23964 8.144
1791641626.767 23967 8.080
1791641626.795 23970 8.064
1791641626.813 23972 8.006
1791641626.840 23975 8.100
1791641626.867 23978 8.004
1791641626.886 23980 8.132
1791641626.913 23983 8.213
1791641626.940 23986 8.142
1791641626.958 23988 8.029
1791641626.986 23991 8.188
1791641627.013 23994 8.132
1791641627.031 23996 8.045
1791641627.059 23999 8.182
1791641627.086 24002 8.201
1791641627.104 24004 8.171
1791641627.131 24007 8.121
1791641627.159 24010 8.132
1791641627.177 24012 8.200
1791641627.204 24015 8.165
1791641627.232 24018 8.208
1791641627.250 24020 8.003
1791641627.277 24023 8.061
1791641627.304 24026 8.048
1791641627.322 24028 8.024
1791641627.350 24031 8.059
1791641627.377 24034 8.058
1791641627.395 24036 8.063
1791641627.423 24039 8.024
1791641627.450 24042 8.079
1791641627.468 24044 8.044
1791641627.496 24047 8.109
1791641627.523 24050 8.076
1791641627.541 24052 8.073
1791641627.568 24055 8.104
1791641627.596 24058 7.984
1791641627.614 24060 8.052
1791641627.641 24063 7.974
1791641627.669 24066 8.130
1791641627.687 24068 8.070
1791641627.815 24071 108.579
1791641627.817 24076 65.996
1791641627.819 24074 86.211
1791641627.821 24082 15.385
1791641627.823 24079 44.738
1791641627.832 24084 8.132
1791641627.860 24087 8.071
1791641627.887 24090 8.032
1791641627.905 24092 8.066
1791641627.933 24095 8.155
1791641627.960 24098 8.059
1791641627.978 24100 8.062
1791641628.005 24103 8.092
1791641628.033 24106 8.069
1791641628.051 24108 8.081
1791641628.078 24111 8.229
1791641628.105 24114 8.086
1791641628.124 24116 8.101
1791641628.151 24119 8.102
1791641628.178 24122 8.168
1791641628.197 24124 8.077
1791641628.224 24127 8.116
1791641628.251 24130 8.118
1791641628.269 24132 8.112
1791641628.297 24135 8.124
1791641628.324 24138 8.261
1791641628.342 24140 8.139
1791641628.370 24143 8.106
1791641628.397 24146 8.195
1791641628.415 24148 8.129
1791641628.442 24151 8.134
1791641628.470 24154 8.042
1791641628.488 24156 8.076
1791641628.515 24159 8.052
1791641628.542 24162 8.072
1791641628.560 24164 7.917
1791641628.588 24167 8.090
1791641628.615 24170 8.037
1791641628.633 24172 8.052
1791641628.661 24175 8.032
1791641628.688 24178 8.064
1791641628.706 24180 8.119
1791641628.734 24183 8.077
1791641628.761 24186 8.058
1791641628.779 24188 8.013
1791641628.806 24191 8.058
1791641628.834 24194 8.169
1791641628.852 24196 8.198
1791641628.879 24199 8.049
1791641628.907 24202 8.442
1791641628.925 24204 8.095
1791641628.952 24207 8.059
1791641628.980 24210 8.175
1791641628.998 24212 8.084
1791641629.025 24215 8.097
1791641629.052 24218 8.038
1791641629.071 24220 8.160
1791641629.098 24223 8.128
1791641629.125 24226 8.077
1791641629.143 24228 8.029
1791641629.171 24231 8.094
1791641629.198 24234 8.081
1791641629.216 24236 8.043
1791641629.243 24239 8.118
1791641629.271 24242 8.028
1791641629.289 24244 7.965
1791641629.316 24247 8.052
1791641629.344 24250 8.076
1791641629.362 24252 8.045
1791641629.389 24255 8.122
1791641629.416 24258 8.118
1791641629.435 24260 8.053
1791641629.462 24263 8.072
1791641629.489 24266 8.063
1791641629.507 24268 8.076
1791641629.535 24271 8.082
1791641629.562 24274 8.047
1791641629.580 24276 8.108
1791641629.608 24279 8.129
1791641629.635 24282 8.157
1791641629.653 24284 8.020
1791641629.681 24287 8.353
1791641629.708 24290 8.176
1791641629.726 24292 8.127
1791641629.753 24295 8.112
1791641629.781 24298 8.058
1791641629.799 24300 7.986
1791641629.826 24303 7.956
1791641629.853 24306 8.054
1791641629.871 24308 7.962
1791641629.899 24311 8.026
1791641629.926 24314 7.987
1791641629.944 24316 8.046
1791641629.972 24319 8.089
1791641629.999 24322 8.106
1791641630.017 24324 8.078
1791641630.045 24327 8.066
1791641630.072 24330 8.074
1791641630.090 24332 8.105
1791641630.117 24335 8.106
1791641630.145 24338 8.054
1791641630.163 24340 8.049
1791641630.190 24343 8.011
1791641630.218 24346 8.126
1791641630.236 24348 8.223
1791641630.263 24351 8.186
1791641630.290 24354 8.101
1791641630.309 24356 8.019
1791641630.336 24359 8.058
1791641630.363 24362 8.074
1791641630.381 24364 8.100
1791641630.409 24367 7.997
1791641630.436 24370 8.099
1791641630.454 24372 8.041
1791641630.482 24375 8.077
1791641630.509 24378 8.036
1791641630.527 24380 8.185
1791641630.554 24383 8.114
1791641630.582 24386 8.137
1791641630.600 24388 8.037
1791641630.627 24391 8.049
1791641630.655 24394 8.121
1791641630.673 24396 8.122
1791641630.700 24399 8.096
1791641630.727 24402 8.111
1791641630.746 24404 8.070
1791641630.773 24407 8.049
1791641630.800 24410 8.090
1791641630.818 24412 8.081
1791641630.846 24415 8.115
1791641630.873 24418 8.170
1791641630.891 24420 8.092
1791641630.919 24423 8.163
1791641630.946 24426 8.152
1791641630.964 24428 8.145
1791641630.991 24431 8.059
1791641631.019 24434 8.035
1791641631.037 24436 8.148
1791641631.064 24439 8.059
1791641631.092 24442 8.161
1791641631.110 24444 7.976
1791641631.137 24447 8.072
1791641631.164 24450 8.180
1791641631.183 24452 8.165
1791641631.210 24455 8.088
1791641631.237 24458 8.079
1791641631.255 24460 8.053
1791641631.283 24463 8.038
1791641631.310 24466 8.068
1791641631.328 24468 8.123
1791641631.356 24471 8.184
1791641631.383 24474 8.185
1791641631.401 24476 8.164
1791641631.428 24479 8.167
1791641631.456 24482 8.093
1791641631.474 24484 8.322
1791641631.501 24487 8.371
1791641631.529 24490 8.236
1791641631.547 24492 8.111
1791641631.574 24495 8.216
1791641631.601 24498 8.027
1791641631.620 24500 8.163
1791641631.647 24503 8.115
1791641631.674 24506 8.081
1791641631.693 24508 8.256
1791641631.720 24511 8.184
1791641631.747 24514 8.128
1791641631.765 24516 8.102
1791641631.793 24519 8.247
1791641631.820 24522 8.185
1791641631.838 24524 8.101
1791641631.865 24527 8.221
1791641631.893 24530 8.125
1791641631.911 24532 8.086
1791641631.938 24535 8.078
1791641631.965 24538 8.098
1791641631.984 24540 8.047
1791641632.011 24543 8.024
1791641632.038 24546 8.054
1791641632.056 24548 8.072
1791641632.084 24551 8.117
1791641632.111 24554 8.034
1791641632.129 24556 8.048
1791641632.157 24559 8.007
1791641632.184 24562 8.007
1791641632.202 24564 8.071
1791641632.230 24567 8.118
1791641632.257 24570 8.021
1791641632.275 24572 8.033
1791641632.302 24575 8.053
1791641632.330 24578 8.052
1791641632.348 24580 8.014
1791641632.375 24583 8.174
1791641632.402 24586 8.125
1791641632.421 24588 8.095
1791641632.448 24591 8.087
1791641632.475 24594 8.056
1791641632.494 24596 8.120
1791641632.521 24599 8.084
1791641632.548 24602 8.040
1791641632.566 24604 8.079
1791641632.594 24607 8.107
1791641632.621 24610 8.077
1791641632.639 24612 8.074
1791641632.666 24615 8.103
1791641632.694 24618 8.071
1791641632.712 24620 8.074
1791641632.739 24623 8.077
1791641632.767 24626 8.101
1791641632.785 24628 8.058
1791641632.812 24631 8.179
1791641632.839 24634 8.064
1791641632.858 24636 8.059
1791641632.885 24639 8.057
1791641632.912 24642 7.962
1791641632.930 24644 8.069
1791641632.958 24647 8.050
1791641632.985 24650 8.061
1791641633.003 24652 8.061
1791641633.031 24655 8.041
1791641633.058 24658 8.118
1791641633.076 24660 8.157
1791641633.103 24663 8.064
1791641633.131 24666 8.104
1791641633.149 24668 8.188
1791641633.177 24671 9.158
1791641633.204 24674 8.097
1791641633.222 24676 8.135
1791641633.249 24679 8.111
1791641633.276 24682 8.005
1791641633.295 24684 8.042
1791641633.322 24687 8.132
1791641633.349 24690 8.095
1791641633.368 24692 8.142
1791641633.395 24695 8.146
1791641633.422 24698 8.117
1791641633.440 24700 8.166
1791641633.468 24703 8.106
1791641633.495 24706 8.132
1791641633.513 24708 8.058
1791641633.540 24711 8.009
1791641633.568 24714 8.151
1791641633.586 24716 8.019
1791641633.613 24719 8.057
1791641633.641 24722 8.070
1791641633.659 24724 8.083
1791641633.686 24727 8.027
1791641633.713 24730 8.138
1791641633.731 24732 7.983
1791641633.759 24735 8.102
1791641633.786 24738 8.137
1791641633.804 24740 8.124
1791641633.832 24743 8.200
1791641633.859 24746 8.135
1791641633.877 24748 8.090
1791641633.905 24751 8.089
1791641633.932 24754 8.018
1791641633.950 24756 8.069
1791641633.977 24759 8.160
1791641634.005 24762 8.082
1791641634.023 24764 8.085
1791641634.050 24767 8.085
1791641634.077 24770 8.032
1791641634.096 24772 8.145
1791641634.123 24775 8.090
1791641634.150 24778 8.063
1791641634.169 24780 8.058
1791641634.196 24783 8.138
1791641634.223 24786 8.102
1791641634.241 24788 8.115
1791641634.269 24791 8.117
1791641634.296 24794 8.125
1791641634.314 24796 8.084
1791641634.342 24799 8.135
1791641634.369 24802 8.122
1791641634.387 24804 8.043
1791641634.414 24807 8.120
1791641634.442 24810 8.223
1791641634.460 24812 8.033
1791641634.487 24815 8.019
1791641634.515 24818 8.177
1791641634.533 24820 8.156
1791641634.560 24823 8.035
1791641634.587 24826 8.135
1791641634.606 24828 8.054
1791641634.633 24831 8.152
1791641634.660 24834 8.045
1791641634.678 24836 8.174
1791641634.706 24839 8.052
1791641634.733 24842 8.112
1791641634.751 24844 8.191
1791641634.779 24847 8.133
1791641634.806 24850 8.123
1791641634.824 24852 8.138
1791641634.851 24855 8.200
1791641634.879 24858 8.360
1791641634.897 24860 8.105
1791641634.925 24863 8.466
1791641634.951 24866 7.975
1791641634.970 24868 8.023
1791641634.997 24871 8.119
1791641635.024 24874 8.069
1791641635.042 24876 8.018
1791641635.070 24879 8.194
1791641635.097 24882 7.980
1791641635.115 24884 8.030
1791641635.143 24887 8.042
1791641635.170 24890 8.189
1791641635.188 24892 8.138
1791641635.216 24895 8.135
1791641635.243 24898 8.212
1791641635.261 24900 8.073
1791641635.288 24903 8.177
1791641635.316 24906 8.112
1791641635.334 24908 8.086
1791641635.361 24911 7.996
1791641635.389 24914 8.180
1791641635.407 24916 8.164
1791641635.434 24919 8.101
1791641635.461 24922 8.059
1791641635.480 24924 8.341
1791641635.507 24927 8.129
1791641635.534 24930 8.041
1791641635.552 24932 8.115
1791641635.580 24935 8.296
1791641635.607 24938 8.067
1791641635.625 24940 8.060
1791641635.652 24943 8.079
1791641635.680 24946 8.075
1791641635.698 24948 7.968
1791641635.725 24951 8.124
1791641635.752 24954 7.915
1791641635.771 24956 8.081
1791641635.798 24959 8.043
1791641635.826 24962 8.148
1791641635.844 24964 8.071
1791641635.871 24967 8.161
1791641635.899 24970 8.319
1791641635.917 24972 8.168
1791641635.944 24975 8.237
1791641635.971 24978 8.014
1791641635.989 24980 8.006
1791641636.017 24983 8.077
1791641636.044 24986 8.057
1791641636.062 24988 8.066
1791641636.090 24991 8.152
1791641636.117 24994 8.099
1791641636.135 24996 8.102
1791641636.162 24999 8.069
1791641636.190 25002 8.080
1791641636.208 25004 8.106
1791641636.235 25007 8.096
1791641636.262 25010 8.043
1791641636.281 25012 8.054
1791641636.308 25015 8.096
1791641636.335 25018 8.043
1791641636.353 25020 8.096
1791641636.381 25023 8.243
1791641636.408 25026 8.179
1791641636.426 25028 8.120
1791641636.454 25031 8.058
1791641636.481 25034 8.057
1791641636.499 25036 8.057
1791641636.526 25039 8.108
1791641636.554 25042 8.156
1791641636.572 25044 8.063
1791641636.599 25047 8.065
1791641636.627 25050 7.991
1791641636.645 25052 8.082
1791641636.672 25055 8.167
1791641636.700 25058 8.195
1791641636.718 25060 8.074
1791641636.745 25063 8.223
1791641636.772 25066 8.111
1791641636.790 25068 8.104
1791641636.818 25071 8.101
1791641636.845 25074 8.084
1791641636.863 25076 8.051
1791641636.891 25079 8.068
1791641636.918 25082 8.048
1791641636.936 25084 8.018
1791641636.963 25087 8.017
1791641636.991 25090 8.018
1791641637.009 25092 8.092
1791641637.036 25095 8.032
1791641637.063 25098 7.955
1791641637.082 25100 8.107
1791641637.109 25103 8.062
1791641637.136 25106 8.082
1791641637.155 25108 8.057
1791641637.182 25111 8.092
1791641637.209 25114 8.238
1791641637.228 25116 8.163
1791641637.255 25119 8.078
1791641637.282 25122 8.171
1791641637.300 25124 8.015
1791641637.328 25127 8.053
1791641637.355 25130 8.100
1791641637.373 25132 8.135
1791641637.400 25135 8.116
1791641637.428 25138 8.160
1791641637.446 25140 8.102
1791641637.473 25143 8.065
1791641637.501 25146 8.056
1791641637.519 25148 8.063
1791641637.546 25151 8.018
1791641637.573 25154 8.076
1791641637.592 25156 8.031
1791641637.619 25159 8.081
1791641637.646 25162 8.013
1791641637.664 25164 8.014
1791641637.692 25167 8.041
1791641637.719 25170 7.989
1791641637.737 25172 7.999
1791641637.765 25175 8.061
1791641637.792 25178 8.053
1791641637.810 25180 8.114
1791641637.837 25183 8.033
1791641637.865 25186 8.015
1791641637.883 25188 8.243
1791641637.910 25191 8.087
1791641637.938 25194 8.214
1791641637.956 25196 8.220
1791641637.983 25199 8.146
1791641638.010 25202 8.101
1791641638.028 25204 7.962
1791641638.056 25207 8.107
1791641638.083 25210 8.102
1791641638.101 25212 8.131
1791641638.129 25215 8.039
1791641638.156 25218 8.126
1791641638.174 25220 8.056
1791641638.202 25223 8.108
1791641638.229 25226 8.014
1791641638.247 25228 8.041
1791641638.274 25231 8.148
1791641638.302 25234 8.074
1791641638.320 25236 8.100
1791641638.347 25239 8.024
1791641638.375 25242 8.131
1791641638.393 25244 8.161
1791641638.420 25247 8.105
1791641638.447 25250 8.126
1791641638.466 25252 8.046
1791641638.493 25255 8.123
1791641638.520 25258 8.168
1791641638.539 25260 8.218
1791641638.566 25263 8.080
1791641638.593 25266 8.114
1791641638.611 25268 8.150
1791641638.639 25271 8.132
1791641638.666 25274 8.059
1791641638.684 25276 8.122
1791641638.711 25279 8.120
1791641638.739 25282 8.040
1791641638.757 25284 8.163
1791641638.784 25287 8.111
1791641638.812 25290 8.200
1791641638.830 25292 8.020
1791641638.857 25295 8.178
1791641638.884 25298 8.071
1791641638.903 25300 8.145
1791641638.930 25303 8.157
1791641638.957 25306 8.165
1791641638.975 25308 8.093
1791641639.003 25311 8.018
1791641639.030 25314 8.109
1791641639.048 25316 8.023
1791641639.076 25319 8.111
1791641639.103 25322 8.078
1791641639.121 25324 8.028
1791641639.148 25327 8.063
1791641639.176 25330 8.091
1791641639.194 25332 8.118
1791641639.221 25335 8.059
1791641639.248 25338 8.083
1791641639.267 25340 7.999
1791641639.294 25343 8.045
1791641639.321 25346 8.116
1791641639.340 25348 8.229
1791641639.367 25351 8.048
1791641639.394 25354 8.133
1791641639.412 25356 8.034
1791641639.440 25359 8.032
1791641639.467 25362 8.051
1791641639.485 25364 8.152
1791641639.513 25367 8.131
1791641639.540 25370 8.182
1791641639.558 25372 8.066
1791641639.585 25375 8.174
1791641639.613 25378 8.118
1791641639.631 25380 8.103
1791641639.658 25383 8.033
1791641639.686 25386 8.209
1791641639.704 25388 8.209
1791641639.731 25391 8.181
1791641639.758 25394 8.005
1791641639.776 25396 8.014
1791641639.804 25399 8.193
1791641639.831 25402 8.121
1791641639.849 25404 8.113
1791641639.877 25407 8.144
1791641639.904 25410 8.186
1791641639.922 25412 8.143
1791641639.949 25415 8.090
1791641639.977 25418 8.222
1791641639.995 25420 8.218
1791641640.023 25423 8.377
1791641640.050 25426 8.279
1791641640.068 25428 8.215
1791641640.095 25431 8.210
1791641640.123 25434 8.181
1791641640.141 25436 8.185
1791641640.168 25439 8.144
1791641640.195 25442 8.249
1791641640.214 25444 8.241
1791641640.241 25447 8.201
1791641640.268 25450 8.256
1791641640.286 25452 8.068
1791641640.314 25455 8.066
1791641640.341 25458 8.176
1791641640.359 25460 8.039
1791641640.386 25463 8.127
1791641640.414 25466 8.239
1791641640.432 25468 8.189
1791641640.459 25471 8.119
1791641640.487 25474 8.144
1791641640.505 25476 8.113
1791641640.532 25479 8.206
1791641640.560 25482 8.185
1791641640.578 25484 8.095
1791641640.605 25487 8.164
1791641640.632 25490 8.230
1791641640.651 25492 8.179
1791641640.678 25495 8.159
1791641640.705 25498 8.123
1791641640.723 25500 8.212
1791641640.751 25503 8.072
1791641640.778 25506 8.129
1791641640.796 25508 8.117
1791641640.823 25511 8.089
1791641640.851 25514 8.206
1791641640.869 25516 8.180
1791641640.896 25519 8.309
1791641640.924 25522 8.337
1791641640.942 25524 8.078
1791641640.969 25527 8.097
1791641640.996 25530 8.158
1791641641.015 25532 8.102
1791641641.042 25535 8.212
1791641641.069 25538 8.174
1791641641.087 25540 8.138
1791641641.115 25543 8.096
1791641641.142 25546 8.189
1791641641.160 25548 8.019
1791641641.188 25551 8.251
1791641641.215 25554 8.197
1791641641.233 25556 8.119
1791641641.261 25559 8.214
1791641641.288 25562 8.152
1791641641.306 25564 8.121
1791641641.333 25567 8.119
1791641641.361 25570 8.122
1791641641.379 25572 8.177
1791641641.406 25575 8.171
1791641641.433 25578 8.165
1791641641.452 25580 8.164
1791641641.479 25583 8.200
1791641641.506 25586 7.998
1791641641.524 25588 8.095
1791641641.552 25591 8.002
1791641641.579 25594 8.168
1791641641.597 25596 7.968
1791641641.625 25599 8.059
1791641641.652 25602 8.049
1791641641.670 25604 8.152
1791641641.698 25607 8.199
1791641641.725 25610 8.155
1791641641.743 25612 8.156
1791641641.770 25615 8.112
1791641641.798 25618 8.120
1791641641.816 25620 8.111
1791641641.843 25623 8.068
1791641641.870 25626 8.115
1791641641.889 25628 8.099
1791641641.916 25631 8.048
1791641641.944 25634 8.830
1791641641.961 25636 8.108
1791641641.989 25639 8.019
1791641642.016 25642 8.051
1791641642.034 25644 8.137
1791641642.062 25647 8.091
1791641642.089 25650 8.147
1791641642.107 25652 8.129
1791641642.134 25655 8.041
1791641642.162 25658 8.158
1791641642.180 25660 8.104
1791641642.207 25663 8.076
1791641642.234 25666 8.055
1791641642.253 25668 8.028
1791641642.280 25671 8.004
1791641642.307 25674 8.045
1791641642.326 25676 8.089
1791641642.353 25679 8.039
1791641642.380 25682 7.947
1791641642.398 25684 8.118
1791641642.426 25687 8.153
1791641642.453 25690 8.098
1791641642.471 25692 8.014
1791641642.498 25695 8.018
1791641642.526 25698 8.094
1791641642.544 25700 8.099
1791641642.571 25703 8.092
1791641642.599 25706 8.035
1791641642.617 25708 8.097
1791641642.644 25711 8.117
1791641642.672 25714 8.100
1791641642.690 25716 8.150
1791641642.717 25719 8.161
1791641642.744 25722 8.160
1791641642.763 25724 8.097
1791641642.790 25727 8.077
1791641642.817 25730 8.183
1791641642.835 25732 7.990
1791641642.863 25735 8.176
1791641642.890 25738 8.016
1791641642.908 25740 8.376
1791641642.936 25743 8.178
1791641642.963 25746 8.056
1791641642.981 25748 8.074
1791641643.008 25751 8.121
1791641643.036 25754 8.204
1791641643.054 25756 8.202
1791641643.081 25759 8.056
1791641643.108 25762 8.081
1791641643.127 25764 8.078
1791641643.154 25767 8.153
1791641643.181 25770 8.033
1791641643.200 25772 8.097
1791641643.227 25775 8.212
1791641643.260 25778 14.167
1791641643.272 25780 8.072
1791641643.300 25783 8.129
1791641643.327 25786 8.115
1791641643.345 25788 8.167
1791641643.373 25791 8.131
1791641643.400 25794 8.138
1791641643.418 25796 8.187
1791641643.445 25799 8.124
1791641643.473 25802 8.051
1791641643.491 25804 8.081
1791641643.518 25807 8.114
1791641643.545 25810 8.085
1791641643.564 25812 8.057
1791641643.591 25815 8.092
1791641643.618 25818 8.009
1791641643.636 25820 8.090
1791641643.664 25823 8.105
1791641643.691 25826 8.054
1791641643.709 25828 8.161
1791641643.737 25831 8.225
1791641643.764 25834 8.126
1791641643.782 25836 8.039
1791641643.809 25839 8.106
1791641643.837 25842 8.097
1791641643.855 25844 8.101
1791641643.882 25847 8.173
1791641643.910 25850 8.057
1791641643.928 25852 8.074
1791641643.955 25855 8.458
1791641643.982 25858 8.145
1791641644.001 25860 8.064
1791641644.028 25863 8.066
1791641644.055 25866 8.056
1791641644.074 25868 8.269
1791641644.101 25871 8.170
1791641644.128 25874 8.110
1791641644.146 25876 8.112
1791641644.174 25879 8.020
1791641644.201 25882 8.015
1791641644.219 25884 8.118
1791641644.246 25887 8.119
1791641644.274 25890 7.995
1791641644.292 25892 8.043
1791641644.319 25895 8.081
1791641644.347 25898 8.020
1791641644.365 25900 7.970
1791641644.392 25903 8.071
1791641644.419 25906 8.069
1791641644.438 25908 8.020
1791641644.465 25911 8.078
1791641644.492 25914 7.989
1791641644.510 25916 8.085
1791641644.538 25919 8.078
1791641644.565 25922 7.981
1791641644.583 25924 8.021
1791641644.611 25927 8.115
1791641644.638 25930 8.043
1791641644.656 25932 8.039
1791641644.683 25935 8.103
1791641644.711 25938 8.013
1791641644.729 25940 8.059
1791641644.756 25943 8.085
1791641644.784 25946 8.083
1791641644.802 25948 8.001
1791641644.829 25951 8.107
1791641644.856 25954 8.001
1791641644.875 25956 8.043
1791641644.902 25959 8.175
1791641644.929 25962 8.005
1791641644.948 25964 8.305
1791641644.975 25967 8.095
1791641645.002 25970 8.121
1791641645.020 25972 8.056
1791641645.048 25975 8.039
1791641645.075 25978 8.144
1791641645.093 25980 8.186
1791641645.120 25983 8.052
1791641645.148 25986 7.996
1791641645.166 25988 7.951
1791641645.193 25991 8.028
1791641645.221 25994 8.108
1791641645.239 25996 8.260
1791641645.266 25999 8.162
1791641645.293 26002 8.101
1791641645.312 26004 8.078
1791641645.339 26007 8.080
1791641645.366 26010 7.987
1791641645.384 26012 7.983
1791641645.412 26015 7.974
1791641645.439 26018 8.071
1791641645.457 26020 8.034
1791641645.485 26023 8.066
1791641645.512 26026 7.981
1791641645.530 26028 8.081
1791641645.557 26031 8.061
1791641645.585 26034 8.061
1791641645.603 26036 8.033
1791641645.630 26039 8.052
1791641645.658 26042 8.118
1791641645.676 26044 8.094
1791641645.703 26047 8.028
1791641645.730 26050 8.172
1791641645.748 26052 7.988
1791641645.776 26055 8.078
1791641645.803 26058 8.104
1791641645.821 26060 8.063
1791641645.849 26063 8.042
1791641645.876 26066 8.147
1791641645.894 26068 8.128
1791641645.922 26071 8.102
1791641645.949 26074 8.140
1791641645.967 26076 8.144
1791641645.994 26079 8.030
1791641646.022 26082 8.091
1791641646.040 26084 8.090
1791641646.067 26087 8.019
1791641646.095 26090 8.092
1791641646.113 26092 8.060
1791641646.140 26095 8.357
1791641646.167 26098 7.996
1791641646.186 26100 8.070
1791641646.213 26103 8.120
1791641646.240 26106 8.093
1791641646.258 26108 8.132
1791641646.286 26111 8.071
1791641646.313 26114 8.033
1791641646.331 26116 7.990
1791641646.358 26119 8.018
1791641646.386 26122 8.050
1791641646.404 26124 8.055
1791641646.431 26127 8.044
1791641646.459 26130 8.044
1791641646.477 26132 8.011
1791641646.504 26135 8.008
1791641646.532 26138 8.102
1791641646.550 26140 8.042
1791641646.577 26143 8.075
1791641646.604 26146 7.996
1791641646.623 26148 8.072
1791641646.650 26151 8.046
1791641646.677 26154 8.014
1791641646.695 26156 8.066
1791641646.723 26159 8.074
1791641646.750 26162 8.112
1791641646.768 26164 8.146
1791641646.796 26167 8.136
1791641646.823 26170 8.109
1791641646.841 26172 8.089
1791641646.868 26175 8.129
1791641646.896 26178 8.063
1791641646.914 26180 8.145
1791641646.941 26183 8.135
1791641646.969 26186 8.231
1791641646.987 26188 8.094
1791641647.014 26191 8.023
1791641647.041 26194 8.081
1791641647.059 26196 8.045
1791641647.087 26199 8.078
1791641647.114 26202 8.075
1791641647.132 26204 8.066
1791641647.160 26207 8.020
1791641647.187 26210 8.067
1791641647.205 26212 8.057
1791641647.232 26215 7.992
1791641647.260 26218 8.073
1791641647.278 26220 8.046
1791641647.305 26223 8.039
1791641647.333 26226 8.038
1791641647.351 26228 8.055
1791641647.378 26231 8.005
1791641647.405 26234 7.985
1791641647.424 26236 8.020
1791641647.451 26239 8.020
1791641647.478 26242 7.992
1791641647.497 26244 8.244
1791641647.524 26247 8.138
1791641647.551 26250 8.076
1791641647.569 26252 8.044
1791641647.597 26255 8.063
1791641647.624 26258 8.260
1791641647.642 26260 8.098
1791641647.669 26263 8.116
1791641647.697 26266 8.136
1791641647.715 26268 8.129
1791641647.742 26271 8.147
1791641647.770 26274 8.076
1791641647.788 26276 8.116
1791641647.815 26279 8.069
1791641647.842 26282 8.051
1791641647.861 26284 8.080
1791641647.888 26287 8.121
1791641647.915 26290 8.158
1791641647.933 26292 8.058
1791641647.961 26295 8.103
1791641647.988 26298 8.172
1791641648.006 26300 8.087
1791641648.034 26303 8.075
1791641648.061 26306 8.141
1791641648.079 26308 8.127
1791641648.107 26311 8.157
1791641648.134 26314 8.150
1791641648.152 26316 8.156
1791641648.179 26319 8.111
1791641648.207 26322 8.055
1791641648.225 26324 8.112
1791641648.252 26327 8.148
1791641648.279 26330 8.144
1791641648.298 26332 8.074
1791641648.325 26335 8.012
1791641648.352 26338 8.090
1791641648.370 26340 8.095
1791641648.398 26343 8.140
1791641648.425 26346 8.163
1791641648.443 26348 8.124
1791641648.471 26351 8.070
1791641648.498 26354 8.053
1791641648.516 26356 8.015
1791641648.543 26359 8.047
1791641648.571 26362 8.022
1791641648.580 26364 5.419
1791641648.589 26367 10.650
1791641648.591 26370 9.186
1791641648.594 26375 6.331
1791641648.596 26372 11.195
1791641648.600 26378 8.784
1791641648.602 26380 8.554
1791641648.606 26388 3.783
1791641648.608 26383 10.977
1791641648.610 26386 10.075
1791641648.613 26391 7.302
1791641648.615 26394 5.895
1791641648.620 26399 5.070
1791641648.622 26396 10.479
1791641648.627 26404 5.933
1791641648.629 26402 10.201
1791641648.634 26407 9.735
1791641648.636 26410 8.344
1791641648.639 26415 5.905
1791641648.641 26412 10.876
1791641648.645 26418 8.557
1791641648.647 26420 8.640
1791641648.651 26423 8.404
1791641648.653 26426 7.444
1791641648.657 26428 8.572
1791641648.659 26431 7.657
1791641648.664 26436 6.548
1791641648.666 26434 10.752
1791641648.670 26439 8.518
1791641648.672 26444 5.358
1791641648.674 26442 9.635
1791641648.677 26447 7.120
1791641648.679 26450 5.707
1791641648.683 26452 8.021
1791641648.685 26455 6.618
1791641648.690 26460 5.563
1791641648.692 26458 9.855
1791641648.697 26466 5.478
1791641648.699 26463 10.914
1791641648.702 26471 5.605
1791641648.704 26468 10.473
1791641648.709 26476 6.520
1791641648.711 26474 10.729
1791641648.715 26482 5.846
1791641648.717 26479 10.792
1791641648.722 26487 7.382
1791641648.724 26490 5.979
1791641648.726 26484 14.013
1791641648.729 26492 8.481
1791641648.731 26495 7.091
1791641648.736 26500 6.375
1791641648.738 26498 10.645
1791641648.742 26506 5.762
1791641648.744 26503 11.183
1791641648.749 26508 9.519
1791641648.751 26514 5.505
1791641648.753 26511 10.959
1791641648.756 26519 4.707
1791641648.758 26516 10.103
1791641648.763 26522 7.915
1791641648.765 26524 7.661
1791641648.769 26527 8.790
1791641648.771 26530 7.386
1791641648.776 26535 5.886
1791641648.778 26532 10.811
1791641648.783 26540 7.214
1791641648.785 26543 5.813
1791641648.787 26538 13.497
1791641648.790 26546 7.500
1791641648.792 26548 7.240
1791641648.796 26551 8.479
1791641648.798 26554 7.085
1791641648.803 26559 5.874
1791641648.805 26556 11.256
1791641648.810 26564 6.871
1791641648.812 26562 11.151
1791641648.815 26572 3.456
1791641648.817 26567 10.354
1791641648.819 26570 9.745
1791641648.822 26578 3.722
1791641648.824 26575 9.163
1791641648.829 26580 7.962
1791641648.831 26583 6.580
1791641648.836 26588 5.552
1791641648.838 26586 9.808
1791641648.842 26594 5.485
1791641648.844 26591 10.916
1791641648.849 26596 9.108
1791641648.851 26599 8.184
1791641648.855 26607 3.433
1791641648.857 26604 8.834
1791641648.859 26602 13.041
1791641648.862 26612 4.617
1791641648.864 26610 8.876
1791641648.869 26618 4.693
1791641648.871 26615 10.126
1791641648.875 26623 5.616
1791641648.877 26620 10.779
1791641648.882 26628 6.706
1791641648.884 26626 10.908
1791641648.888 26634 5.489
1791641648.890 26631 10.456
1791641648.894 26639 5.635
1791641648.896 26636 10.546
1791641648.900 26644 6.559
1791641648.902 26642 10.765
1791641648.906 26647 8.484
1791641648.908 26650 7.541
1791641648.912 26655 5.756
1791641648.914 26652 10.726
1791641648.918 26658 8.585
1791641648.920 26660 8.517
1791641648.924 26663 8.504
1791641648.926 26666 7.605
1791641648.928 26668 7.343
1791641648.932 26674 3.718
1791641648.934 26671 9.147
1791641648.938 26676 8.085
1791641648.940 26679 6.690
1791641648.945 26682 7.855
1791641648.947 26684 7.597
1791641648.952 26690 5.869
1791641648.954 26687 11.219
1791641648.958 26695 5.877
1791641648.960 26692 10.643
1791641648.965 26703 3.744
1791641648.967 26698 11.381
1791641648.969 26700 11.174
1791641648.972 26708 5.097
1791641648.974 26706 9.960
1791641648.978 26711 8.185
1791641648.980 26714 6.784
1791641648.985 26719 5.751
1791641648.987 26716 11.107
1791641648.991 26722 8.660
1791641648.993 26724 8.582
1791641648.998 26730 5.956
1791641649.000 26732 5.714
1791641649.002 26727 12.862
1791641649.005 26738 4.659
1791641649.007 26735 10.079
1791641649.011 26740 7.771
1791641649.013 26743 6.598
1791641649.018 26746 8.249
1791641649.020 26748 7.991
1791641649.025 26754 6.055
1791641649.027 26751 11.472
1791641649.029 26756 7.814
1791641649.032 26759 7.292
1791641649.034 26762 5.887
1791641649.038 26767 4.506
1791641649.040 26764 9.905
1791641649.045 26772 5.804
1791641649.047 26770 10.089
1791641649.052 26775 9.168
1791641649.054 26778 7.750
1791641649.059 26780 9.461
1791641649.061 26786 5.437
1791641649.063 26783 10.875
1791641649.066 26788 7.959
1791641649.068 26791 6.576
1791641649.072 26796 5.572
1791641649.074 26794 9.832
1791641649.079 26802 5.366
1791641649.081 26799 10.696
1791641649.085 26807 5.679
1791641649.087 26804 10.598
1791641649.092 26815 3.466
1791641649.094 26810 11.074
1791641649.096 26812 10.882
1791641649.099 26818 7.357
1791641649.101 26820 7.096
1791641649.105 26826 4.460
1791641649.107 26823 9.883
1791641649.112 26831 5.573
1791641649.114 26828 10.912
1791641649.119 26836 6.576
1791641649.121 26834 10.794
1791641649.124 26839 8.349
1791641649.127 26842 7.433
1791641649.130 26847 5.606
1791641649.132 26844 10.527
1791641649.137 26850 8.834
1791641649.139 26852 8.625
1791641649.143 26858 5.459
1791641649.145 26855 10.423
1791641649.149 26863 5.638
1791641649.151 26860 10.551
1791641649.155 26866 8.743
1791641649.157 26868 8.564
1791641649.161 26876 3.456
1791641649.163 26874 7.711
1791641649.165 26871 12.672
1791641649.168 26879 7.192
1791641649.170 26882 5.792
1791641649.175 26884 7.866
1791641649.177 26887 6.473
1791641649.181 26890 7.776
1791641649.183 26892 7.520
1791641649.188 26895 8.803
1791641649.190 26898 7.396
1791641649.194 26900 8.460
1791641649.196 26903 7.528
1791641649.201 26906 8.816
1791641649.203 26908 8.562
1791641649.207 26914 5.657
1791641649.209 26916 5.397
1791641649.211 26911 12.592
1791641649.214 26919 7.507
1791641649.216 26922 6.087
1791641649.221 26924 8.285
1791641649.223 26927 6.891
1791641649.227 26930 8.238
1791641649.229 26932 7.975
1791641649.234 26938 5.848
1791641649.236 26935 11.273
1791641649.242 26943 7.537
1791641649.244 26946 6.126
1791641649.246 26940 14.143
1791641649.248 26948 8.549
1791641649.250 26951 7.169
1791641649.254 26956 5.566
1791641649.256 26954 9.838
1791641649.263 26959 9.392
1791641649.265 26964 7.241
1791641649.267 26962 11.514
1791641649.270 26967 8.627
1791641649.272 26970 7.223
1791641649.276 26972 9.028
1791641649.278 26975 7.658
1791641649.283 26980 6.705
1791641649.285 26978 10.940
1791641649.289 26986 5.734
1791641649.291 26988 5.471
1791641649.293 26983 12.611
1791641649.296 26991 7.122
1791641649.298 26994 5.714
1791641649.302 26999 4.557
1791641649.304 26996 9.966
1791641649.309 27004 5.521
1791641649.311 27002 9.797
1791641649.316 27007 8.797
1791641649.318 27010 7.387
1791641649.322 27015 5.576
1791641649.324 27012 10.501
1791641649.328 27020 6.561
1791641649.330 27018 10.767
1791641649.334 27023 8.471
1791641649.336 27026 7.543
1791641649.340 27028 8.548
1791641649.342 27031 7.627
1791641649.347 27036 6.799
1791641649.349 27034 10.989
1791641649.352 27039 8.286
1791641649.354 27042 7.335
1791641649.358 27047 5.628
1791641649.360 27044 10.566
1791641649.365 27050 9.148
1791641649.367 27052 8.904
1791641649.371 27055 8.835
1791641649.373 27058 7.917
1791641649.378 27060 10.046
1791641649.380 27063 9.464
1791641649.382 27066 8.061
1791641649.385 27068 8.490
1791641649.387 27071 7.105
1791641649.391 27074 8.182
1791641649.393 27076 7.927
1791641649.398 27082 5.863
1791641649.400 27079 10.969
1791641649.404 27087 6.059
1791641649.406 27084 10.701
1791641649.411 27092 7.096
1791641649.413 27090 11.332
1791641649.418 27100 5.213
1791641649.420 27098 9.504
1791641649.422 27095 13.956
1791641649.425 27103 8.534
1791641649.427 27106 7.138
1791641649.431 27111 6.038
1791641649.433 27108 11.391
1791641649.437 27114 8.751
1791641649.439 27116 8.496
1791641649.444 27122 5.893
1791641649.446 27119 10.799
1791641649.448 27124 7.645
1791641649.451 27127 7.125
1791641649.453 27130 5.714
1791641649.457 27132 8.194
1791641649.459 27135 6.802
1791641649.464 27138 8.177
1791641649.466 27140 7.920
1791641649.571 27143 109.681
1791641649.573 27146 108.270
1791641649.577 27154 102.590
1791641649.579 27162 95.474
1791641649.581 27170 88.399
1791641649.583 27178 81.345
1791641649.585 27186 74.219
1791641649.587 27194 67.114
1791641649.589 27202 60.024
1791641649.591 27210 52.927
1791641649.593 27218 45.867
1791641649.595 27226 38.743
1791641649.597 27234 31.645
1791641649.599 27148 130.732
1791641649.601 27156 124.409
1791641649.603 27164 117.343
1791641649.605 27172 109.720
1791641649.607 27180 103.127
1791641649.609 27188 96.021
1791641649.611 27196 88.935
1791641649.613 27204 81.860
1791641649.615 27212 74.245
1791641649.617 27220 67.662
1791641649.619 27228 60.612
1791641649.621 27236 53.468
1791641649.623 27151 152.220
1791641649.625 27159 145.133
1791641649.627 27167 138.038
1791641649.629 27175 130.944
1791641649.631 27183 123.318
1791641649.633 27191 116.742
1791641649.635 27199 109.652
1791641649.637 27207 102.557
1791641649.639 27215 95.463
1791641649.641 27223 87.785
1791641649.643 27231 81.280
1791641649.645 27239 74.149
1791641649.648 27247 68.154
1791641649.650 27255 61.100
1791641649.652 27263 54.003
1791641649.654 27271 46.900
1791641649.656 27279 39.802
1791641649.658 27287 32.714
1791641649.660 27295 25.274
1791641649.662 27244 85.654
1791641649.664 27252 77.755
1791641649.666 27260 71.463
1791641649.668 27268 64.370
1791641649.670 27276 56.448
1791641649.672 27284 50.172
1791641649.674 27292 43.088
1791641649.676 27242 101.972
1791641649.678 27250 94.882
1791641649.680 27258 87.794
1791641649.682 27266 80.698
1791641649.684 27274 73.601
1791641649.686 27282 66.509
1791641649.688 27290 59.411
1791641649.690 27298 52.315
1791641649.693 27306 46.221
1791641649.695 27314 39.177
1791641649.697 27322 32.074
1791641649.699 27330 24.976
1791641649.701 27338 17.892
1791641649.703 27300 62.346
1791641649.705 27308 56.038
1791641649.707 27316 48.955
1791641649.709 27324 41.802
1791641649.711 27332 34.756
1791641649.713 27340 27.608
1791641649.715 27303 71.786
1791641649.717 27311 63.899
1791641649.719 27319 57.264
1791641649.721 27327 50.498
1791641649.723 27335 42.585
1791641649.726 27343 37.166
1791641649.728 27351 30.076
1791641649.730 27359 22.627
1791641649.732 27367 15.887
1791641649.734 27348 39.502
1791641649.736 27356 32.419
1791641649.738 27364 25.323
1791641649.740 27346 47.806
1791641649.742 27354 40.701
1791641649.744 27362 33.615
1791641649.746 27370 26.516
1791641649.749 27372 27.099
1791641649.751 27380 20.009
1791641649.753 27375 27.706
1791641649.755 27383 20.605
1791641649.757 27378 28.304
1791641649.759 27386 21.212
1791641649.762 27388 20.784
1791641649.764 27396 14.633
1791641649.766 27391 22.338
1791641649.768 27399 15.250
1791641649.770 27394 22.924
1791641649.773 27402 16.570
1791641649.775 27410 9.477
1791641649.777 27407 14.846
1791641649.779 27404 20.329
1791641649.782 27418 7.233
1791641649.784 27415 12.658
1791641649.786 27412 17.262
1791641649.789 27423 8.265
1791641649.791 27420 13.686
1791641649.793 27428 7.310
1791641649.795 27426 11.586
1791641649.799 27431 9.252
1791641649.801 27434 7.853
1791641649.804 27436 8.573
1791641649.806 27439 7.951
1791641649.811 27444 6.893
1791641649.813 27442 11.125
1791641649.818 27452 4.741
1791641649.820 27450 8.999
1791641649.822 27447 13.651
1791641649.825 27458 4.989
1791641649.827 27455 10.406
1791641649.831 27460 8.977
1791641649.833 27463 7.607
1791641649.838 27466 8.757
1791641649.840 27468 8.498
1791641649.844 27474 5.913
1791641649.846 27471 10.850
1791641649.852 27479 7.649
1791641649.854 27482 6.238
1791641649.856 27476 14.282
1791641649.858 27484 8.802
1791641649.860 27487 7.415
1791641649.864 27490 7.796
1791641649.866 27492 7.554
1791641649.873 27495 9.283
1791641649.875 27498 9.442
1791641649.877 27500 9.178
1791641649.880 27503 8.575
1791641649.882 27506 7.172
1791641649.886 27511 5.692
1791641649.888 27508 10.944
1791641649.893 27516 6.567
1791641649.895 27514 10.740
1791641649.899 27522 5.986
1791641649.901 27524 5.730
1791641649.903 27519 12.894
1791641649.907 27527 7.960
1791641649.909 27530 6.567
1791641649.912 27532 7.964
1791641649.914 27535 6.589
1791641649.919 27538 8.279
1791641649.921 27540 8.023
1791641649.926 27546 5.868
1791641649.928 27543 11.242
1791641649.932 27551 6.009
1791641649.934 27548 10.643
1791641649.939 27556 6.995
1791641649.941 27554 11.251
1791641649.944 27562 6.012
1791641649.946 27559 10.664
1791641649.948 27564 7.750
1791641649.951 27570 3.649
1791641649.953 27567 9.069
1791641649.958 27572 8.131
1791641649.960 27575 6.733
1791641649.965 27578 8.118
1791641649.967 27580 7.864
1791641649.971 27586 5.697
1791641649.973 27583 11.131
1791641649.979 27591 7.426
1791641649.981 27594 6.015
1791641649.983 27588 14.021
1791641649.986 27596 8.578
1791641649.988 27599 7.200
1791641649.992 27604 5.606
1791641649.994 27602 9.868
1791641649.999 27607 8.950
1791641650.001 27610 7.540
1791641650.005 27612 9.078
1791641650.007 27615 8.199
1791641650.011 27618 9.297
1791641650.013 27620 9.040
1791641650.017 27628 3.894
1791641650.019 27626 8.175
1791641650.021 27623 12.840
1791641650.024 27634 4.075
1791641650.026 27631 9.499
1791641650.031 27639 4.496
1791641650.033 27636 9.894
1791641650.038 27644 5.882
1791641650.040 27642 10.161
1791641650.045 27647 9.376
1791641650.047 27650 7.954
1791641650.049 27652 7.691
1791641650.051 27655 7.059
1791641650.053 27658 5.653
1791641650.061 27660 10.034
1791641650.063 27666 6.137
1791641650.065 27663 11.534
1791641650.068 27668 8.547
1791641650.070 27671 7.157
1791641650.074 27674 8.236
1791641650.076 27676 7.981
1791641650.081 27682 5.904
1791641650.083 27684 5.644
1791641650.085 27679 13.339
1791641650.088 27690 3.704
1791641650.090 27687 9.128
1791641650.095 27695 4.849
1791641650.097 27692 10.221
1791641650.101 27700 5.828
1791641650.103 27698 10.100
1791641650.108 27706 5.906
1791641650.110 27703 11.325
1791641650.114 27708 8.621
1791641650.116 27711 7.991
1791641650.123 27716 9.108
1791641650.125 27714 11.275
1791641650.127 27719 9.949
1791641650.130 27722 9.109
1791641650.132 27724 9.072
1791641650.137 27727 10.168
1791641650.139 27732 7.295
1791641650.141 27730 11.574
1791641650.144 27735 8.667
1791641650.146 27738 7.266
1791641650.150 27740 8.878
1791641650.152 27743 7.634
1791641650.157 27746 8.813
1791641650.159 27748 8.577
1791641650.163 27751 8.946
1791641650.165 27754 8.075
1791641650.167 27756 7.815
1791641650.170 27759 7.172
1791641650.172 27762 5.771
1791641650.177 27767 5.075
1791641650.179 27764 10.492
1791641650.183 27772 5.989
1791641650.185 27770 10.259
1791641650.190 27775 8.879
1791641650.192 27778 7.465
1791641650.195 27780 8.447
1791641650.197 27783 7.575
1791641650.202 27788 6.607
1791641650.204 27786 10.825
1791641650.208 27794 5.567
1791641650.210 27791 10.497
1791641650.214 27796 8.756
1791641650.216 27799 7.856
1791641650.323 27807 106.250
1791641650.325 27804 111.591
1791641650.327 27802 113.752
1791641650.331 27812 108.028
1791641650.333 27820 100.936
1791641650.335 27828 93.836
1791641650.337 27836 86.753
1791641650.339 27844 79.162
1791641650.341 27852 72.555
1791641650.343 27860 65.471
1791641650.345 27868 58.361
1791641650.347 27876 51.277
1791641650.349 27884 44.182
1791641650.351 27892 37.071
1791641650.353 27900 29.995
1791641650.355 27815 128.183
1791641650.357 27823 121.624
1791641650.359 27831 114.529
1791641650.361 27839 107.430
1791641650.363 27847 100.335
1791641650.365 27855 92.708
1791641650.367 27863 86.145
1791641650.369 27871 79.051
1791641650.371 27879 71.952
1791641650.373 27887 64.874
1791641650.375 27895 57.753
1791641650.377 27810 156.248
1791641650.379 27818 149.392
1791641650.381 27826 142.292
1791641650.383 27834 135.198
1791641650.385 27842 128.101
1791641650.387 27850 121.001
1791641650.389 27858 113.907
1791641650.391 27866 106.810
1791641650.393 27874 99.711
1791641650.395 27882 92.616
1791641650.397 27890 85.566
1791641650.399 27898 78.424
1791641650.403 27906 72.728
1791641650.405 27914 65.526
1791641650.407 27922 58.535
1791641650.409 27930 51.440
1791641650.411 27938 44.346
1791641650.413 27946 37.255
1791641650.415 27954 30.158
1791641650.417 27908 84.025
1791641650.419 27916 77.415
1791641650.421 27924 70.329
1791641650.423 27932 63.145
1791641650.425 27940 56.124
1791641650.427 27948 49.055
1791641650.429 27956 41.952
1791641650.431 27903 104.189
1791641650.433 27911 97.188
1791641650.435 27919 89.291
1791641650.437 27927 82.981
1791641650.439 27935 75.901
1791641650.441 27943 67.992
1791641650.443 27951 61.584
1791641650.445 27959 54.607
1791641650.448 27962 54.232
1791641650.450 27970 47.186
1791641650.452 27978 40.093
1791641650.454 27986 32.940
1791641650.456 27994 25.898
1791641650.458 28002 18.803
1791641650.460 27964 64.055
1791641650.462 27972 56.969
1791641650.464 27980 49.298
1791641650.466 27988 42.768
1791641650.468 27996 35.684
1791641650.470 27967 69.911
1791641650.472 27975 63.575
1791641650.474 27983 56.502
1791641650.476 27991 48.604
1791641650.478 27999 42.285
1791641650.481 28007 36.097
1791641650.483 28015 28.219
1791641650.485 28023 21.899
1791641650.487 28031 14.814
1791641650.489 28010 40.706
1791641650.491 28018 33.611
1791641650.493 28026 26.518
1791641650.495 28004 53.545
1791641650.497 28012 46.463
1791641650.499 28020 39.375
1791641650.501 28028 32.273
1791641650.504 28036 26.105
1791641650.506 28044 19.019
1791641650.508 28034 32.391
1791641650.510 28042 25.299
1791641650.512 28050 18.206
1791641650.514 28039 31.912
1791641650.516 28047 25.632
1791641650.519 28055 19.601
1791641650.521 28058 18.088
1791641650.523 28052 26.907
1791641650.525 28060 19.935
1791641650.528 28063 18.595
1791641650.530 28071 12.295
1791641650.532 28068 17.741
1791641650.534 28066 22.006
1791641650.536 28074 14.903
1791641650.539 28079 12.136
1791641650.541 28076 17.298
1791641650.544 28084 11.265
1791641650.546 28082 15.555
1791641650.548 28087 11.927
1791641650.550 28090 11.189
1791641650.552 28092 10.924
1791641650.555 28098 6.798
1791641650.557 28095 12.221
1791641650.560 28103 5.827
1791641650.562 28100 11.246
1791641650.565 28106 7.917
1791641650.567 28108 7.656
1791641650.572 28111 8.795
1791641650.574 28114 7.393
1791641650.578 28119 5.849
1791641650.580 28116 10.780
1791641650.585 28124 6.870
1791641650.587 28122 11.144
1791641650.592 28127 9.617
1791641650.594 28130 9.018
1791641650.596 28132 8.748
1791641650.599 28135 8.092
1791641650.601 28138 6.690
1791641650.605 28140 9.080
1791641650.607 28143 7.667
1791641650.612 28146 8.740
1791641650.614 28148 8.533
1791641650.618 28151 8.338
1791641650.620 28154 7.426
1791641650.624 28156 8.630
1791641650.626 28159 7.739
1791641650.631 28162 9.156
1791641650.633 28164 9.068
1791641650.636 28167 8.623
1791641650.638 28170 7.962
1791641650.640 28172 7.702
1791641650.643 28175 7.190
1791641650.645 28178 5.782
1791641650.650 28180 7.911
1791641650.652 28183 6.513
1791641650.657 28188 6.175
1791641650.659 28186 10.451
1791641650.664 28191 9.475
1791641650.666 28196 5.803
1791641650.668 28194 10.059
1791641650.671 28202 3.870
1791641650.673 28199 9.292
1791641650.677 28207 4.562
1791641650.679 28204 9.960
1791641650.684 28212 5.664
1791641650.686 28210 9.926
1791641650.690 28218 5.491
1791641650.692 28215 10.875
1791641650.697 28220 8.845
1791641650.699 28223 7.949
1791641650.703 28228 6.852
1791641650.705 28226 11.125
1791641650.709 28234 4.964
1791641650.711 28231 10.368
1791641650.713 28236 7.453
1791641650.716 28242 3.703
1791641650.718 28239 9.125
1791641650.723 28244 8.086
1791641650.725 28247 6.708
1791641650.729 28250 8.125
1791641650.731 28252 7.862
1791641650.736 28258 5.897
1791641650.738 28255 11.289
1791641650.742 28263 5.875
1791641650.744 28260 10.530
1791641650.749 28268 7.044
1791641650.751 28266 11.318
1791641650.855 28276 104.104
1791641650.857 28271 111.033
1791641650.859 28274 110.398
1791641650.863 28279 108.363
1791641650.865 28287 101.275
1791641650.867 28295 94.180
1791641650.869 28303 87.097
1791641650.871 28311 79.421
1791641650.873 28319 72.894
1791641650.875 28327 65.797
1791641650.877 28335 58.698
1791641650.879 28343 51.612
1791641650.881 28351 43.931
1791641650.883 28359 37.426
1791641650.885 28367 30.292
1791641650.887 28282 129.063
1791641650.889 28290 121.933
1791641650.891 28298 114.835
1791641650.893 28306 107.780
1791641650.895 28314 100.655
1791641650.897 28322 93.550
1791641650.899 28330 86.450
1791641650.901 28338 79.369
1791641650.903 28346 72.293
1791641650.905 28354 65.185
1791641650.907 28362 58.092
1791641650.909 28284 148.854
1791641650.911 28292 141.777
1791641650.913 28300 134.133
1791641650.915 28308 127.560
1791641650.917 28316 120.514
1791641650.919 28324 113.370
1791641650.921 28332 106.293
1791641650.923 28340 98.618
1791641650.925 28348 92.078
1791641650.927 28356 85.029
1791641650.929 28364 77.884
1791641650.932 28370 74.085
1791641650.934 28378 66.989
1791641650.936 28386 59.887
1791641650.938 28394 52.793
1791641650.940 28402 45.694
1791641650.942 28410 38.589
1791641650.944 28418 31.493
1791641650.946 28426 24.406
1791641650.948 28375 84.446
1791641650.950 28383 77.374
1791641650.952 28391 70.268
1791641650.954 28399 63.160
1791641650.956 28407 56.071
1791641650.958 28415 48.276
1791641650.960 28423 41.972
1791641650.962 28372 102.028
1791641650.964 28380 94.425
1791641650.966 28388 87.822
1791641650.968 28396 80.747
1791641650.970 28404 73.598
1791641650.972 28412 66.541
1791641650.974 28420 59.457
1791641650.977 28434 46.494
1791641650.979 28442 39.497
1791641650.981 28450 32.400
1791641650.983 28458 25.308
1791641650.985 28466 18.209
1791641650.987 28431 60.062
1791641650.989 28439 52.161
1791641650.991 28447 45.853
1791641650.993 28455 38.767
1791641650.995 28463 30.871
1791641650.997 28428 73.434
1791641650.999 28436 66.406
1791641651.001 28444 59.322
1791641651.003 28452 52.152
1791641651.005 28460 45.115
1791641651.007 28468 38.029
1791641651.011 28471 37.668
1791641651.013 28479 30.583
1791641651.015 28487 22.685
1791641651.017 28495 16.375
1791641651.019 28476 39.955
1791641651.021 28484 32.913
1791641651.023 28492 25.823
1791641651.025 28474 48.306
1791641651.027 28482 41.128
1791641651.029 28490 34.118
1791641651.031 28498 27.023
1791641651.033 28506 20.835
1791641651.036 28514 13.746
1791641651.038 28500 31.615
1791641651.040 28508 24.582
1791641651.042 28516 17.493
1791641651.044 28503 34.283
1791641651.046 28511 26.381
1791641651.049 28524 15.804
1791641651.051 28519 23.566
1791641651.053 28527 16.477
1791641651.055 28522 24.165
1791641651.058 28532 15.686
1791641651.060 28540 8.602
1791641651.062 28535 15.712
1791641651.064 28530 23.986
1791641651.066 28538 16.892
1791641651.069 28548 8.520
1791641651.071 28546 12.804
1791641651.073 28543 18.236
1791641651.075 28551 11.143
1791641651.078 28554 10.401
1791641651.080 28556 10.143
1791641651.083 28559 9.600
1791641651.085 28562 8.181
1791641651.087 28564 8.027
1791641651.089 28567 7.413
1791641651.091 28570 6.008
1791641651.096 28575 4.522
1791641651.098 28572 9.951
1791641651.102 28578 7.831
1791641651.104 28580 7.576
1791641651.109 28586 5.386
1791641651.111 28583 10.819
1791641651.115 28588 8.472
1791641651.117 28591 7.557
1791641651.122 28594 8.758
1791641651.124 28596 8.548
1791641651.128 28602 5.662
1791641651.130 28604 5.403
1791641651.132 28599 12.593
1791641651.135 28607 7.230
1791641651.137 28610 5.821
1791641651.141 28612 7.999
1791641651.143 28615 6.607
1791641651.148 28620 5.546
1791641651.150 28618 9.821
1791641651.155 28626 5.441
1791641651.157 28623 10.865
1791641651.161 28628 8.562
1791641651.163 28631 7.677
1791641651.167 28634 8.751
1791641651.169 28636 8.597
1791641651.173 28642 5.692
1791641651.175 28644 5.433
1791641651.177 28639 12.661
1791641651.180 28647 7.189
1791641651.182 28650 5.772
1791641651.187 28655 4.526
1791641651.189 28652 9.939
1791641651.193 28658 7.862
1791641651.196 28660 7.606
1791641651.200 28666 5.452
1791641651.202 28663 10.879
1791641651.206 28668 8.617
1791641651.208 28671 7.688
1791641651.213 28676 7.069
1791641651.215 28674 11.268
1791641651.219 28679 8.774
1791641651.221 28684 5.605
1791641651.223 28682 9.878
1791641651.226 28687 7.018
1791641651.228 28690 5.590
1791641651.232 28695 4.444
1791641651.234 28692 9.843
1791641651.239 28698 7.799
1791641651.241 28700 7.554
1791641651.246 28706 5.356
1791641651.248 28703 10.793
1791641651.252 28708 8.837
1791641651.254 28711 7.953
1791641651.259 28716 6.969
1791641651.261 28714 11.243
1791641651.265 28724 4.586
1791641651.267 28722 8.847
1791641651.269 28719 13.460
1791641651.272 28730 4.667
1791641651.274 28727 10.086
1791641651.279 28735 5.668
1791641651.281 28732 10.875
1791641651.286 28740 6.622
1791641651.288 28738 10.890
1791641651.291 28748 3.391
1791641651.293 28746 7.677
1791641651.295 28743 12.590
1791641651.300 28754 4.993
1791641651.302 28751 10.409
1791641651.306 28759 5.664
1791641651.308 28756 11.064
1791641651.313 28764 6.585
1791641651.315 28762 10.844
1791641651.319 28767 8.775
1791641651.321 28772 5.620
1791641651.323 28770 9.894
1791641651.326 28778 3.906
1791641651.328 28775 9.335
1791641651.332 28783 4.492
1791641651.334 28780 9.900
1791641651.339 28788 5.535
1791641651.341 28786 9.810
1791641651.346 28794 5.422
1791641651.348 28791 10.825
1791641651.352 28799 5.563
1791641651.354 28796 10.474
1791641651.358 28804 6.441
1791641651.360 28802 10.702
1791641651.364 28807 8.413
1791641651.366 28810 7.480
1791641651.370 28812 8.556
1791641651.372 28815 7.596
1791641651.377 28820 6.525
1791641651.379 28818 10.705
1791641651.382 28826 5.503
1791641651.384 28823 10.436
1791641651.388 28831 5.600
1791641651.390 28828 10.519
1791641651.395 28836 6.620
1791641651.397 28834 10.815
1791641651.401 28844 3.442
1791641651.403 28842 7.719
1791641651.405 28839 12.623
1791641651.408 28847 7.441
1791641651.410 28850 6.039
1791641651.414 28852 7.907
1791641651.416 28855 6.507
1791641651.421 28858 8.038
1791641651.423 28860 7.783
1791641651.428 28866 5.618
1791641651.430 28863 10.889
1791641651.434 28871 5.695
1791641651.436 28868 10.605
1791641651.440 28874 8.823
1791641651.442 28876 8.647
1791641651.446 28879 8.394
1791641651.448 28882 7.459
1791641651.452 28887 5.966
1791641651.454 28884 10.855
1791641651.459 28892 6.927
1791641651.461 28890 11.197
1791641651.466 28900 4.777
1791641651.468 28898 9.036
1791641651.470 28895 13.661
1791641651.473 28906 4.908
1791641651.475 28903 10.333
1791641651.479 28911 5.580
1791641651.481 28908 10.994
1791641651.486 28914 8.990
1791641651.488 28916 8.812
1791641651.492 28922 5.848
1791641651.494 28924 5.585
1791641651.496 28919 12.712
1791641651.499 28930 3.611
1791641651.501 28927 9.050
1791641651.505 28935 4.474
1791641651.507 28932 9.888
1791641651.512 28938 7.789
1791641651.514 28940 7.529
1791641651.519 28946 5.737
1791641651.521 28943 11.151
1791641651.525 28951 5.718
1791641651.527 28948 10.514
1791641651.531 28954 8.664
1791641651.533 28956 8.481
1791641651.538 28964 3.800
1791641651.540 28959 10.997
1791641651.542 28962 10.076
1791641651.545 28970 3.867
1791641651.547 28967 9.290
1791641651.551 28975 4.877
1791641651.553 28972 10.283
1791641651.558 28978 8.144
1791641651.560 28980 7.893
1791641651.565 28983 9.265
1791641651.567 28986 7.872
1791641651.570 28988 8.534
1791641651.572 28991 7.911
1791641651.577 28996 6.709
1791641651.579 28994 10.974
1791641651.583 28999 8.885
1791641651.585 29004 5.807
1791641651.587 29002 10.082
1791641651.590 29010 3.767
1791641651.592 29007 9.190
1791641651.596 29015 4.472
1791641651.598 29012 9.880
1791641651.603 29020 5.547
1791641651.605 29018 9.811
1791641651.610 29023 8.802
1791641651.612 29026 7.405
1791641651.616 29028 8.500
1791641651.618 29031 7.584
1791641651.622 29036 6.592
1791641651.624 29034 10.809
1791641651.629 29044 4.037
1791641651.631 29039 11.250
1791641651.633 29042 10.275
1791641651.636 29050 4.055
1791641651.638 29047 9.485
1791641651.643 29052 8.593
1791641651.645 29055 7.202
1791641651.649 29058 8.489
1791641651.651 29060 8.228
1791641651.656 29066 5.766
1791641651.658 29063 11.193
1791641651.663 29074 4.039
1791641651.665 29068 12.068
1791641651.667 29071 11.255
1791641651.670 29079 5.154
1791641651.672 29076 10.559
1791641651.676 29084 5.611
1791641651.678 29082 9.873
1791641651.683 29087 8.784
1791641651.685 29090 7.382
1791641651.689 29092 8.849
1791641651.691 29095 7.960
1791641651.696 29100 7.063
1791641651.698 29098 11.320
1791641651.701 29103 8.599
1791641651.703 29108 5.689
1791641651.705 29106 9.980
1791641651.708 29114 3.739
1791641651.710 29111 9.162
1791641651.715 29116 7.995
1791641651.717 29119 6.602
1791641651.722 29122 7.859
1791641651.724 29124 7.600
1791641651.728 29127 8.861
1791641651.730 29130 7.455
1791641651.735 29132 9.173
1791641651.737 29135 8.255
1791641651.741 29140 6.892
1791641651.743 29138 11.000
1791641651.747 29143 8.607
1791641651.749 29148 5.698
1791641651.751 29146 9.984
1791641651.756 29154 5.591
1791641651.758 29151 10.800
1791641651.761 29159 5.577
1791641651.763 29156 10.336
1791641651.768 29164 6.652
1791641651.770 29162 10.927
1791641651.774 29172 3.949
1791641651.776 29167 11.128
1791641651.779 29170 10.234
1791641651.782 29178 4.323
1791641651.784 29175 9.757
1791641651.788 29180 7.871
1791641651.790 29183 6.497
1791641651.794 29188 5.583
1791641651.796 29186 9.841
1791641651.801 29194 5.401
1791641651.803 29191 10.849
1791641651.807 29199 5.953
1791641651.809 29196 10.872
1791641651.814 29202 9.434
1791641651.816 29207 5.761
1791641651.818 29204 11.184
1791641651.821 29212 5.265
1791641651.823 29210 9.542
1791641651.827 29218 4.509
1791641651.829 29215 9.923
1791641651.834 29223 5.673
1791641651.836 29220 11.054
1791641651.841 29228 6.625
1791641651.843 29226 10.894
1791641651.847 29234 6.130
1791641651.849 29231 11.030
1791641651.851 29236 7.869
1791641651.854 29239 7.255
1791641651.856 29242 5.849
1791641651.861 29247 4.713
1791641651.863 29244 10.119
1791641651.868 29250 8.585
1791641651.870 29252 8.334
1791641651.874 29255 8.980
1791641651.876 29258 7.814
1791641651.880 29263 5.770
1791641651.882 29260 10.409
1791641651.886 29268 6.542
1791641651.888 29266 10.579
1791641651.892 29274 5.443
1791641651.894 29271 10.388
1791641651.899 29279 6.247
1791641651.901 29276 11.192
1791641651.905 29282 9.173
1791641651.907 29284 8.946
1791641651.911 29292 3.704
1791641651.913 29287 10.636
1791641651.915 29290 10.003
1791641651.918 29298 3.653
1791641651.920 29295 9.074
1791641651.924 29303 4.868
1791641651.927 29300 10.277
1791641651.931 29308 5.849
1791641651.933 29306 10.119
1791641651.938 29311 9.273
1791641651.940 29314 7.867
1791641651.944 29316 8.570
1791641651.946 29319 7.930
1791641651.951 29327 3.831
1791641651.953 29324 9.252
1791641651.955 29322 13.527
1791641651.958 29332 4.935
1791641651.960 29330 9.209
1791641651.964 29335 8.203
1791641651.966 29338 6.799
1791641651.971 29340 9.103
1791641651.973 29343 7.746
1791641651.977 29346 8.627
1791641651.979 29348 8.482
1791641651.983 29351 8.587
1791641651.985 29356 5.366
1791641651.987 29354 9.478
1791641651.990 29359 7.107
1791641651.992 29362 5.700
1791641651.997 29364 7.867
1791641651.999 29367 6.472
1791641652.004 29370 7.777
1791641652.006 29372 7.520
1791641652.010 29375 8.826
1791641652.012 29378 7.420
1791641652.016 29383 5.621
1791641652.018 29380 10.557
1791641652.023 29388 6.522
1791641652.025 29386 10.689
1791641652.029 29391 8.358
1791641652.031 29394 7.408
1791641652.034 29396 8.533
1791641652.036 29399 7.620
1791641652.041 29404 6.541
1791641652.043 29402 10.727
1791641652.047 29407 8.369
1791641652.049 29410 7.439
1791641652.053 29412 8.594
1791641652.055 29415 7.682
1791641652.059 29418 8.745
1791641652.061 29420 8.587
1791641652.065 29428 3.438
1791641652.067 29426 7.713
1791641652.069 29423 12.633
1791641652.072 29434 3.710
1791641652.074 29431 9.140
1791641652.079 29436 7.918
1791641652.081 29439 6.527
1791641652.086 29442 7.834
1791641652.088 29444 7.572
1791641652.092 29447 8.852
1791641652.094 29450 7.491
1791641652.098 29455 5.645
1791641652.100 29452 10.593
1791641652.105 29458 8.958
1791641652.107 29460 8.766
1791641652.111 29466 5.797
1791641652.113 29468 5.544
1791641652.115 29463 12.708
1791641652.118 29471 7.015
1791641652.120 29474 5.597
1791641652.124 29476 7.903
1791641652.126 29479 6.494
1791641652.131 29482 7.930
1791641652.133 29484 7.659
1791641652.138 29487 8.912
1791641652.140 29490 7.593
1791641652.144 29495 5.917
1791641652.146 29492 10.857
1791641652.151 29500 7.167
1791641652.153 29503 5.762
1791641652.155 29498 13.406
1791641652.158 29506 7.235
1791641652.160 29508 6.980
1791641652.165 29514 5.064
1791641652.167 29511 10.474
1791641652.171 29516 9.414
1791641652.173 29519 8.042
1791641652.178 29522 8.372
1791641652.180 29524 8.550
1791641652.184 29527 8.626
1791641652.186 29530 7.704
1791641652.188 29532 7.449
1791641652.191 29538 3.872
1791641652.193 29535 9.322
1791641652.198 29540 8.526
1791641652.200 29543 7.135
1791641652.205 29546 8.507
1791641652.207 29548 8.255
1791641652.211 29554 5.531
1791641652.213 29551 10.861
1791641652.217 29559 5.982
1791641652.219 29556 10.873
1791641652.224 29564 6.986
1791641652.226 29562 11.237
1791641652.231 29570 7.459
1791641652.233 29572 7.192
1791641652.235 29567 14.046
1791641652.238 29575 8.540
1791641652.240 29578 7.151
1791641652.244 29580 9.054
1791641652.246 29583 7.699
1791641652.251 29586 8.812
1791641652.253 29588 8.642
1791641652.257 29591 8.875
1791641652.259 29594 7.986
1791641652.261 29596 7.724
1791641652.264 29602 3.821
1791641652.266 29599 9.259
1791641652.271 29607 5.018
1791641652.273 29604 10.425
1791641652.277 29612 5.875
1791641652.279 29610 10.143
1791641652.284 29618 5.924
1791641652.286 29615 11.342
1791641652.291 29626 4.080
1791641652.293 29623 9.505
1791641652.295 29620 14.084
1791641652.298 29628 8.718
1791641652.300 29631 7.336
1791641652.305 29634 8.452
1791641652.307 29636 8.730
1791641652.311 29639 8.745
1791641652.313 29642 7.881
1791641652.315 29644 7.618
1791641652.319 29647 7.513
1791641652.321 29650 6.098
1791641652.325 29652 8.090
1791641652.327 29655 6.698
1791641652.332 29660 5.658
1791641652.334 29658 9.939
1791641652.338 29663 8.832
1791641652.340 29666 7.500
1791641652.344 29668 8.636
1791641652.346 29671 7.709
1791641652.351 29674 8.856
1791641652.353 29676 8.728
1791641652.357 29679 8.769
1791641652.359 29682 7.850
1791641652.361 29684 7.577
1791641652.364 29690 3.575
1791641652.366 29687 9.013
1791641652.370 29692 7.960
1791641652.372 29695 6.581
1791641652.377 29698 8.234
1791641652.379 29700 7.978
1791641652.384 29703 8.864
1791641652.386 29706 7.511
1791641652.390 29708 8.536
1791641652.392 29711 7.650
1791641652.396 29716 6.517
1791641652.398 29714 10.746
1791641652.402 29719 8.541
1791641652.404 29722 7.620
1791641652.408 29724 8.483
1791641652.410 29727 7.577
1791641652.415 29730 9.355
1791641652.417 29735 5.745
1791641652.419 29732 11.151
1791641652.422 29740 4.774
1791641652.424 29738 9.658
1791641652.429 29743 8.652
1791641652.431 29746 7.256
1791641652.436 29751 6.145
1791641652.438 29748 11.521
1791641652.442 29756 6.723
1791641652.444 29754 10.995
1791641652.448 29759 8.888
1791641652.450 29762 8.106
1791641652.452 29764 7.847
1791641652.455 29767 7.311
1791641652.457 29770 5.908
1791641652.462 29775 4.745
1791641652.464 29772 10.199
1791641652.469 29780 6.129
1791641652.471 29778 10.404
1791641652.475 29786 5.480
1791641652.477 29783 10.896
1791641652.481 29788 8.567
1791641652.483 29791 7.668
1791641652.487 29799 3.366
1791641652.489 29794 10.982
1791641652.491 29796 10.795
1791641652.495 29802 7.068
1791641652.497 29804 6.820
1791641652.501 29810 4.849
1791641652.503 29807 10.266
1791641652.508 29815 5.912
1791641652.510 29812 11.284
1791641652.515 29820 6.884
1791641652.517 29818 11.083
1791641652.522 29828 4.740
1791641652.524 29826 9.020
1791641652.526 29823 13.610
1791641652.529 29831 8.182
1791641652.531 29834 6.777
1791641652.536 29836 9.604
1791641652.538 29839 8.183
1791641652.543 29844 7.253
1791641652.545 29842 11.527
1791641652.549 29850 7.300
1791641652.551 29852 7.040
1791641652.553 29847 13.621
1791641652.556 29858 4.981
1791641652.560 29855 11.928
1791641652.563 29863 5.740
1791641652.565 29860 11.481
1791641652.573 29866 10.116
1791641652.575 29868 11.969
1791641652.577 29871 10.359
1791641652.580 29879 5.075
1791641652.582 29874 11.953
1791641652.584 29876 12.422
1791641652.587 29882 8.401
1791641652.589 29884 8.149
1791641652.593 29887 8.865
1791641652.595 29890 7.459
1791641652.599 29895 5.809
1791641652.601 29892 10.745
1791641652.606 29900 6.620
1791641652.608 29898 10.659
1791641652.611 29906 5.372
1791641652.613 29903 10.318
1791641652.617 29908 8.795
1791641652.619 29911 7.877
1791641652.624 29916 7.029
1791641652.626 29914 11.302
1791641652.630 29919 8.297
1791641652.632 29922 7.665
1791641652.634 29924 7.416
1791641652.637 29927 7.145
1791641652.639 29930 5.742
1791641652.643 29935 4.428
1791641652.645 29932 9.865
1791641652.650 29938 7.791
1791641652.652 29940 7.534
1791641652.657 29946 5.671
1791641652.659 29943 11.105
1791641652.661 29948 7.418
1791641652.664 29954 3.864
1791641652.666 29951 9.294
1791641652.671 29956 7.870
1791641652.673 29959 6.476
1791641652.677 29964 5.548
1791641652.679 29962 9.823
1791641652.684 29970 5.438
1791641652.686 29967 10.863
1791641652.690 29975 5.621
1791641652.692 29972 10.546
1791641652.697 29978 8.711
1791641652.699 29980 8.541
1791641652.702 29983 8.357
1791641652.704 29986 7.426
1791641652.708 29988 8.580
1791641652.710 29991 7.649
1791641652.715 29994 8.966
1791641652.717 29996 8.796
1791641652.721 29999 8.649
1791641652.723 30002 7.799
1791641652.725 30004 7.550
1791641652.728 30010 3.736
1791641652.730 30007 9.155
1791641652.734 30012 7.904
1791641652.736 30015 6.508
1791641652.741 30018 7.810
1791641652.743 30020 7.556
1791641652.748 30023 8.806
1791641652.750 30026 7.409
1791641652.754 30028 8.517
1791641652.756 30031 7.596
1791641652.760 30036 6.533
1791641652.762 30034 10.746
1791641652.766 30042 5.634
1791641652.768 30039 10.587
1791641652.772 30047 5.566
1791641652.774 30044 10.509
1791641652.778 30050 8.703
1791641652.780 30052 8.502
1791641652.784 30058 5.408
1791641652.786 30055 10.351
1791641652.790 30060 8.500
1791641652.792 30063 7.570
1791641652.797 30066 9.064
1791641652.799 30068 8.862
1791641652.803 30074 5.767
1791641652.805 30071 10.708
1791641652.810 30076 9.765
1791641652.812 30079 9.283
1791641652.814 30082 7.872
1791641652.818 30084 8.661
1791641652.820 30087 8.698
1791641652.825 30092 7.408
1791641652.827 30095 6.003
1791641652.829 30090 13.080
1791641652.832 30100 5.099
1791641652.834 30098 9.365
1791641652.838 30106 4.494
1791641652.840 30103 9.912
1791641652.845 30111 5.663
1791641652.847 30108 11.070
1791641652.851 30114 8.885
1791641652.853 30116 8.633
1791641652.858 30124 3.720
1791641652.860 30122 7.988
1791641652.862 30119 12.916
1791641652.865 30127 7.247
1791641652.867 30130 5.836
1791641652.871 30135 4.471
1791641652.873 30132 9.870
1791641652.878 30138 7.785
1791641652.880 30140 7.540
1791641652.884 30143 8.840
1791641652.886 30146 7.413
1791641652.890 30148 8.784
1791641652.893 30151 7.885
1791641652.897 30154 9.153
1791641652.899 30156 8.922
1791641652.903 30162 6.296
1791641652.905 30159 10.951
1791641652.907 30164 8.030
1791641652.910 30167 7.640
1791641652.912 30170 6.235
1791641652.917 30172 8.099
1791641652.919 30175 6.719
1791641652.924 30180 6.243
1791641652.926 30178 10.513
1791641652.930 30183 9.135
1791641652.932 30186 7.756
1791641652.937 30191 7.174
1791641652.939 30194 5.741
1791641652.941 30188 13.772
1791641652.944 30196 8.201
1791641652.946 30199 6.816
1791641652.951 30204 5.583
1791641652.953 30202 9.856
1791641652.957 30210 5.557
1791641652.959 30207 10.932
1791641652.963 30212 8.477
1791641652.965 30215 7.653
1791641652.970 30220 6.680
1791641652.972 30218 10.861
1791641652.975 30226 5.499
1791641652.977 30223 10.447
1791641652.981 30231 5.665
1791641652.983 30228 10.646
1791641652.988 30239 3.470
1791641652.990 30236 8.863
1791641652.992 30234 13.077
1791641652.995 30242 7.136
1791641652.997 30244 6.879
1791641653.002 30247 7.878
1791641653.004 30250 6.473
1791641653.009 30255 5.724
1791641653.011 30252 11.061
1791641653.015 30260 6.599
1791641653.017 30258 10.690
1791641653.021 30266 5.456
1791641653.023 30263 10.423
1791641653.027 30271 5.614
1791641653.029 30268 10.534
1791641653.033 30274 8.740
1791641653.035 30276 8.540
1791641653.039 30279 8.401
1791641653.041 30282 7.481
1791641653.045 30284 8.917
1791641653.047 30287 8.058
1791641653.052 30290 9.184
1791641653.054 30295 5.509
1791641653.056 30292 10.917
1791641653.059 30300 5.007
1791641653.061 30298 9.292
1791641653.066 30303 7.925
1791641653.068 30306 6.533
1791641653.072 30311 5.657
1791641653.074 30308 11.004
1791641653.081 30314 9.201
1791641653.083 30316 10.568
1791641653.085 30319 9.180
1791641653.088 30324 6.320
1791641653.090 30322 10.610
1791641653.094 30327 8.797
1791641653.096 30330 7.797
1791641653.101 30335 7.106
1791641653.103 30332 11.701
1791641653.105 30338 7.681
1791641653.108 30340 8.248
1791641653.110 30343 6.864
1791641653.114 30348 5.582
1791641653.116 30346 9.839
1791641653.121 30351 8.866
1791641653.123 30354 7.451
1791641653.127 30356 8.542
1791641653.129 30359 7.611
1791641653.133 30362 8.656
1791641653.135 30364 8.488
1791641653.139 30367 8.321
1791641653.141 30370 7.394
1791641653.145 30372 8.676
1791641653.147 30375 7.750
1791641653.152 30380 6.592
1791641653.154 30378 10.835
1791641653.158 30388 3.370
1791641653.160 30386 7.651
1791641653.162 30383 12.552
1791641653.165 30391 7.173
1791641653.167 30394 5.761
1791641653.171 30396 7.851
1791641653.173 30399 6.446
1791641653.178 30404 5.504
1791641653.180 30402 9.778
1791641653.185 30410 5.868
1791641653.187 30407 11.283
1791641653.192 30418 3.601
1791641653.194 30415 9.038
1791641653.196 30412 13.614
1791641653.199 30423 4.694
1791641653.201 30420 10.086
1791641653.205 30428 5.582
1791641653.207 30426 9.858
1791641653.212 30434 5.480
1791641653.214 30431 10.901
1791641653.218 30439 5.632
1791641653.220 30436 10.618
1791641653.225 30442 8.365
1791641653.227 30444 8.541
1791641653.230 30450 5.491
1791641653.232 30447 10.449
1791641653.236 30452 8.631
1791641653.238 30455 7.669
1791641653.243 30460 6.570
1791641653.245 30458 10.779
1791641653.248 30463 8.355
1791641653.251 30466 7.426
1791641653.254 30468 8.458
1791641653.256 30471 7.563
1791641653.261 30476 6.551
1791641653.263 30474 10.750
1791641653.267 30482 5.353
1791641653.269 30479 10.307
1791641653.273 30484 8.595
1791641653.275 30487 7.700
1791641653.279 30490 8.608
1791641653.281 30492 8.543
1791641653.285 30498 5.651
1791641653.287 30500 5.423
1791641653.289 30495 12.619
1791641653.292 30503 7.021
1791641653.294 30506 5.597
1791641653.299 30511 5.036
1791641653.301 30508 10.460
1791641653.306 30514 7.975
1791641653.308 30516 7.745
1791641653.312 30519 8.690
1791641653.314 30522 7.474
1791641653.318 30524 8.554
1791641653.320 30527 7.631
1791641653.325 30532 6.589
1791641653.327 30530 10.792
1791641653.331 30540 3.405
1791641653.333 30538 7.685
1791641653.335 30535 12.618
1791641653.338 30546 3.906
1791641653.340 30543 9.342
1791641653.344 30548 7.911
1791641653.346 30551 6.490
1791641653.351 30554 7.884
1791641653.353 30556 7.635
1791641653.358 30562 5.490
1791641653.360 30559 10.919
1791641653.364 30564 8.850
1791641653.366 30567 7.968
1791641653.370 30572 6.667
1791641653.372 30570 10.921
1791641653.376 30580 3.357
1791641653.378 30578 7.636
1791641653.380 30575 12.515
1791641653.383 30586 3.750
1791641653.385 30583 9.181
1791641653.390 30588 7.868
1791641653.392 30591 6.478
1791641653.397 30596 5.504
1791641653.399 30594 9.781
1791641653.403 30599 8.795
1791641653.405 30602 7.386
1791641653.409 30604 8.651
1791641653.411 30607 7.714
1791641653.417 30610 9.564
1791641653.419 30615 6.692
1791641653.421 30612 12.106
1791641653.424 30618 8.012
1791641653.426 30620 7.765
1791641653.431 30623 9.204
1791641653.433 30626 7.787
1791641653.538 30628 109.956
1791641653.540 30634 105.952
1791641653.542 30631 111.390
1791641653.546 30639 105.748
1791641653.548 30647 98.646
1791641653.550 30655 91.553
1791641653.552 30663 83.641
1791641653.554 30671 77.320
1791641653.556 30679 70.244
1791641653.558 30687 62.456
1791641653.560 30695 56.032
1791641653.562 30703 48.963
1791641653.564 30711 41.864
1791641653.566 30719 34.766
1791641653.568 30636 131.213
1791641653.570 30644 124.133
1791641653.572 30652 116.506
1791641653.574 30660 109.924
1791641653.576 30668 102.836
1791641653.578 30676 95.744
1791641653.580 30684 88.633
1791641653.582 30692 81.533
1791641653.584 30700 74.440
1791641653.586 30708 67.367
1791641653.588 30716 59.698
1791641653.590 30724 53.145
1791641653.592 30642 148.474
1791641653.594 30650 141.380
1791641653.596 30658 134.326
1791641653.598 30666 127.187
1791641653.600 30674 120.094
1791641653.602 30682 113.022
1791641653.604 30690 105.900
1791641653.606 30698 98.804
1791641653.608 30706 91.711
1791641653.610 30714 84.615
1791641653.612 30722 77.547
1791641653.615 30732 69.393
1791641653.617 30740 62.241
1791641653.619 30748 55.185
1791641653.621 30756 48.096
1791641653.623 30764 40.921
1791641653.625 30772 33.884
1791641653.627 30780 26.800
1791641653.629 30727 88.349
1791641653.631 30735 82.021
1791641653.633 30743 74.928
1791641653.635 30751 67.039
1791641653.637 30759 60.727
1791641653.639 30767 53.655
1791641653.641 30775 45.737
1791641653.643 30783 39.440
1791641653.645 30730 101.760
1791641653.647 30738 94.660
1791641653.649 30746 87.500
1791641653.651 30754 80.474
1791641653.653 30762 73.379
1791641653.655 30770 66.285
1791641653.657 30778 59.183
1791641653.659 30786 52.088
1791641653.662 30791 49.444
1791641653.664 30799 41.568
1791641653.666 30807 35.254
1791641653.668 30815 28.169
1791641653.670 30823 20.269
1791641653.672 30788 62.893
1791641653.674 30796 55.805
1791641653.676 30804 48.707
1791641653.678 30812 41.599
1791641653.680 30820 34.514
1791641653.682 30828 27.425
1791641653.684 30794 68.114
1791641653.686 30802 61.016
1791641653.688 30810 53.923
1791641653.690 30818 46.402
1791641653.692 30826 39.744
1791641653.696 30831 37.960
1791641653.698 30839 30.874
1791641653.700 30847 22.984
1791641653.702 30855 16.676
1791641653.704 30834 42.583
1791641653.706 30842 35.438
1791641653.708 30850 28.388
1791641653.710 30858 21.291
1791641653.712 30836 48.260
1791641653.714 30844 41.231
1791641653.716 30852 34.154
1791641653.719 30860 27.882
1791641653.721 30868 20.815
1791641653.723 30876 13.728
1791641653.725 30863 30.520
1791641653.727 30871 22.637
1791641653.729 30866 31.120
1791641653.731 30874 24.024
1791641653.734 30879 20.956
1791641653.736 30887 13.998
1791641653.738 30882 21.689
1791641653.740 30884 21.245
1791641653.743 30890 17.465
1791641653.745 30898 10.368
1791641653.747 30892 19.209
1791641653.749 30900 12.125
1791641653.751 30895 18.864
1791641653.754 30906 10.040
1791641653.756 30903 15.449
1791641653.759 30908 12.566
1791641653.761 30911 11.215
1791641653.763 30919 4.885
1791641653.765 30914 12.512
1791641653.767 30916 12.305
1791641653.770 30922 8.225
1791641653.772 30924 7.956
1791641653.776 30927 7.962
1791641653.778 30930 6.555
1791641653.782 30932 8.607
1791641653.784 30935 7.557
1791641653.789 30938 9.009
1791641653.791 30940 8.784
1791641653.795 30943 8.570
1791641653.797 30946 7.674
1791641653.799 30948 7.413
1791641653.802 30951 7.232
1791641653.804 30954 5.815
1791641653.809 30956 7.842
1791641653.811 30959 6.466
1791641653.815 30964 5.531
1791641653.817 30962 9.790
1791641653.822 30967 9.182
1791641653.824 30970 7.751
1791641653.828 30972 8.589
1791641653.830 30975 7.658
1791641653.835 30980 6.822
1791641653.837 30978 11.045
1791641653.841 30983 8.582
1791641653.843 30986 7.691
1791641653.845 30988 7.429
1791641653.847 30991 6.858
1791641653.849 30994 5.439
1791641653.854 30999 4.823
1791641653.856 30996 10.250
1791641653.862 31002 8.473
1791641653.864 31004 8.214
1791641653.868 31007 9.292
1791641653.870 31010 7.886
1791641653.874 31015 5.994
1791641653.876 31012 10.630
1791641653.880 31020 6.967
1791641653.882 31018 11.235
1791641653.886 31028 3.732
1791641653.888 31026 8.018
1791641653.890 31023 12.663
1791641653.893 31034 3.713
1791641653.895 31031 9.140
1791641653.900 31036 7.829
1791641653.902 31039 6.448
1791641653.906 31044 5.478
1791641653.908 31042 9.753
1791641653.913 31050 5.563
1791641653.915 31047 10.984
1791641653.919 31052 8.584
1791641653.921 31055 7.620
1791641653.926 31058 8.733
1791641653.928 31060 8.550
1791641653.931 31063 8.336
1791641653.933 31066 7.431
1791641653.937 31068 8.630
1791641653.939 31071 7.707
1791641653.944 31076 6.773
1791641653.946 31079 5.372
1791641653.948 31074 12.994
1791641653.951 31084 4.892
1791641653.953 31082 9.162
1791641653.958 31087 8.343
1791641653.960 31090 6.939
1791641653.965 31092 9.048
1791641653.967 31095 7.665
1791641653.971 31100 6.543
1791641653.973 31098 10.751
1791641653.977 31103 8.386
1791641653.979 31106 7.450
1791641653.983 31108 8.531
1791641653.985 31111 7.611
1791641653.989 31114 8.797
1791641653.991 31116 8.588
1791641653.995 31119 8.447
1791641653.997 31122 7.505
1791641654.001 31127 6.007
1791641654.003 31124 10.964
1791641654.008 31132 7.002
1791641654.010 31130 11.277
1791641654.014 31135 8.678
1791641654.016 31138 8.038
1791641654.018 31140 7.767
1791641654.021 31146 3.691
1791641654.023 31143 9.111
1791641654.027 31148 8.207
1791641654.029 31151 6.816
1791641654.034 31154 8.182
1791641654.036 31156 7.929
1791641654.041 31159 9.330
1791641654.043 31162 7.926
1791641654.047 31164 8.482
1791641654.049 31167 7.860
1791641654.053 31170 9.241
1791641654.055 31172 8.995
1791641654.059 31175 8.753
1791641654.061 31178 8.114
1791641654.063 31180 7.836
1791641654.066 31183 7.184
1791641654.068 31186 5.781
1791641654.073 31188 7.899
1791641654.075 31191 6.509
1791641654.082 31194 9.212
1791641654.084 31196 10.237
1791641654.086 31199 8.843
1791641654.089 31202 8.148
1791641654.091 31204 7.888
1791641654.096 31207 9.338
1791641654.098 31210 7.915
1791641654.103 31212 10.065
1791641654.105 31218 6.039
1791641654.107 31215 11.463
1791641654.110 31223 5.160
1791641654.112 31220 10.566
1791641654.116 31226 8.143
1791641654.118 31228 7.928
1791641654.123 31231 9.269
1791641654.125 31234 7.869
1791641654.129 31239 5.964
1791641654.131 31236 10.613
1791641654.135 31242 9.174
1791641654.137 31247 5.490
1791641654.139 31244 10.908
1791641654.142 31252 4.567
1791641654.145 31250 9.520
1791641654.149 31255 7.873
1791641654.151 31258 6.470
1791641654.156 31263 5.866
1791641654.158 31260 11.289
1791641654.163 31268 7.049
1791641654.165 31266 11.328
1791641654.170 31274 7.430
1791641654.172 31276 7.158
1791641654.174 31271 14.072
1791641654.177 31279 8.673
1791641654.179 31282 7.269
1791641654.183 31284 9.280
1791641654.185 31287 7.934
1791641654.190 31292 6.940
1791641654.192 31290 10.859
1791641654.196 31300 3.508
1791641654.198 31298 7.798
1791641654.200 31295 12.445
1791641654.203 31306 3.663
1791641654.205 31303 9.088
1791641654.209 31308 7.844
1791641654.211 31311 6.449
1791641654.216 31314 7.842
1791641654.218 31316 7.583
1791641654.223 31319 8.957
1791641654.225 31322 7.568
1791641654.228 31324 8.422
1791641654.230 31327 7.618
1791641654.235 31330 8.733
1791641654.237 31332 8.532
1791641654.241 31338 5.438
1791641654.243 31335 10.405
1791641654.247 31343 5.656
1791641654.249 31340 10.580
1791641654.253 31348 6.541
1791641654.255 31346 10.758
1791641654.259 31351 8.460
1791641654.261 31354 7.506
1791641654.265 31356 8.600
1791641654.267 31359 7.724
1791641654.271 31364 6.484
1791641654.273 31362 10.669
1791641654.278 31367 9.206
1791641654.280 31370 8.317
1791641654.282 31372 8.048
1791641654.285 31378 4.046
1791641654.287 31375 9.436
1791641654.291 31380 7.832
1791641654.293 31383 6.449
1791641654.298 31386 7.814
1791641654.300 31388 7.567
1791641654.305 31394 5.413
1791641654.307 31391 10.852
1791641654.310 31399 5.570
1791641654.312 31396 10.449
1791641654.317 31402 8.764
1791641654.319 31404 8.505
1791641654.323 31410 5.801
1791641654.325 31407 10.743
1791641654.329 31412 8.651
1791641654.331 31415 8.046
1791641654.336 31418 9.613
1791641654.338 31420 9.387
1791641654.343 31428 5.081
1791641654.345 31423 11.860
1791641654.347 31426 11.377
1791641654.350 31431 8.428
1791641654.352 31434 7.038
1791641654.356 31439 6.081
1791641654.358 31436 11.459
1791641654.363 31444 6.573
1791641654.365 31442 10.763
1791641654.369 31452 3.477
1791641654.371 31450 7.764
1791641654.373 31447 12.677
1791641654.376 31458 3.774
1791641654.378 31455 9.201
1791641654.382 31463 4.511
1791641654.384 31460 9.907
1791641654.389 31466 7.904
1791641654.391 31468 7.652
1791641654.396 31471 8.942
1791641654.398 31474 7.527
1791641654.402 31479 6.006
1791641654.404 31476 10.921
1791641654.408 31482 9.099
1791641654.410 31484 8.841
1791641654.414 31490 6.077
1791641654.416 31487 10.682
1791641654.418 31492 7.811
1791641654.421 31495 7.167
1791641654.423 31498 5.743
1791641654.428 31503 4.761
1791641654.430 31500 10.178
1791641654.435 31508 6.124
1791641654.437 31506 10.392
1791641654.441 31511 8.968
1791641654.443 31514 7.562
1791641654.448 31516 9.103
1791641654.450 31519 8.210
1791641654.454 31522 8.754
1791641654.456 31524 8.584
1791641654.460 31530 6.008
1791641654.462 31532 5.748
1791641654.464 31527 12.920
1791641654.467 31535 7.274
1791641654.469 31538 5.867
1791641654.474 31540 8.239
1791641654.476 31543 6.850
1791641654.480 31548 5.609
1791641654.482 31546 9.871
1791641654.487 31551 8.812
1791641654.489 31554 7.403
1791641654.493 31559 6.010
1791641654.495 31556 10.915
1791641654.500 31564 6.945
1791641654.502 31562 11.222
1791641654.506 31567 8.998
1791641654.508 31572 6.097
1791641654.510 31570 10.413
1791641654.513 31575 7.470
1791641654.515 31578 6.059
1791641654.519 31583 4.846
1791641654.521 31580 10.252
1791641654.526 31586 8.063
1791641654.528 31588 7.807
1791641654.533 31591 9.296
1791641654.535 31594 7.886
1791641654.540 31599 7.405
1791641654.542 31602 5.971
1791641654.544 31596 13.974
1791641654.547 31604 8.444
1791641654.549 31607 7.049
1791641654.553 31610 8.100
1791641654.555 31612 7.848
1791641654.560 31618 5.816
1791641654.562 31615 11.237
1791641654.565 31623 5.604
1791641654.567 31620 10.239
1791641654.572 31628 6.566
1791641654.574 31626 10.736
1791641654.578 31636 3.431
1791641654.580 31631 10.660
1791641654.582 31634 9.670
1791641654.585 31639 7.323
1791641654.587 31642 5.916
1791641654.591 31644 7.869
1791641654.594 31647 6.485
1791641654.598 31650 7.877
1791641654.600 31652 7.619
1791641654.605 31658 5.433
1791641654.607 31655 10.855
1791641654.611 31660 8.643
1791641654.613 31663 7.728
1791641654.618 31666 8.745
1791641654.620 31668 8.668
1791641654.623 31671 8.494
1791641654.625 31674 7.691
1791641654.627 31676 7.434
1791641654.631 31682 3.757
1791641654.633 31679 9.186
1791641654.637 31687 4.555
1791641654.639 31684 9.978
1791641654.644 31690 8.208
1791641654.646 31692 7.952
1791641654.651 31698 5.963
1791641654.653 31695 11.400
1791641654.658 31706 3.879
1791641654.660 31703 9.302
1791641654.662 31700 13.935
1791641654.665 31708 8.402
1791641654.667 31711 7.014
1791641654.671 31714 8.056
1791641654.673 31716 7.806
1791641654.678 31722 5.852
1791641654.680 31719 11.275
1791641654.684 31727 5.987
1791641654.686 31724 10.636
1791641654.691 31732 6.904
1791641654.693 31730 11.177
1791641654.698 31735 10.012
1791641654.700 31738 9.440
1791641654.702 31740 9.154
1791641654.705 31743 8.557
1791641654.707 31746 7.154
1791641654.711 31751 5.603
1791641654.713 31748 10.837
1791641654.718 31756 6.415
1791641654.720 31754 10.757
1791641654.724 31762 5.700
1791641654.726 31764 5.429
1791641654.728 31759 12.623
1791641654.731 31767 7.322
1791641654.733 31770 5.908
1791641654.737 31775 4.468
1791641654.739 31772 9.877
1791641654.744 31780 5.578
1791641654.746 31778 9.853
1791641654.751 31783 8.823
1791641654.753 31786 7.408
1791641654.757 31788 8.627
1791641654.759 31791 7.698
1791641654.763 31796 6.551
1791641654.765 31794 10.780
1791641654.769 31802 5.854
1791641654.771 31799 10.792
1791641654.777 31807 7.474
1791641654.779 31810 6.061
1791641654.781 31804 14.102
1791641654.783 31815 5.149
1791641654.785 31812 10.568
1791641654.789 31818 7.798
1791641654.791 31820 7.548
1791641654.796 31823 8.863
1791641654.798 31826 7.480
1791641654.802 31828 8.521
1791641654.804 31831 7.603
1791641654.809 31834 8.684
1791641654.811 31836 8.505
1791641654.814 31839 8.307
1791641654.816 31842 7.391
1791641654.820 31847 5.560
1791641654.822 31844 10.517
1791641654.827 31852 6.593
1791641654.829 31850 10.831
1791641654.833 31860 3.432
1791641654.835 31855 10.626
1791641654.837 31858 9.715
1791641654.840 31863 7.108
1791641654.842 31866 5.697
1791641654.846 31871 4.454
1791641654.848 31868 9.862
1791641654.853 31874 7.817
1791641654.855 31876 7.560
1791641654.860 31882 5.435
1791641654.862 31879 10.861
1791641654.866 31884 8.564
1791641654.868 31887 7.656
1791641654.872 31890 8.755
1791641654.874 31892 8.541
1791641654.878 31898 5.426
1791641654.880 31895 10.402
1791641654.884 31900 8.585
1791641654.886 31903 7.658
1791641654.891 31908 6.555
1791641654.893 31906 10.748
1791641654.896 31911 8.352
1791641654.898 31914 7.438
1791641654.902 31919 5.627
1791641654.904 31916 10.581
1791641654.909 31924 6.552
1791641654.911 31922 10.771
1791641654.914 31927 8.293
1791641654.916 31930 7.385
1791641654.920 31932 8.459
1791641654.922 31935 7.546
1791641654.927 31938 8.768
1791641654.929 31940 8.522
1791641654.933 31946 5.390
1791641654.935 31943 10.352
1791641654.939 31948 8.513
1791641654.941 31951 7.614
1791641654.945 31954 8.720
1791641654.947 31956 8.546
1791641654.951 31964 3.385
1791641654.953 31959 10.586
1791641654.955 31962 9.645
1791641654.959 31970 3.966
1791641654.961 31967 9.562
1791641654.965 31972 7.850
1791641654.967 31975 6.463
1791641654.972 31980 5.574
1791641654.974 31978 9.807
1791641654.978 31988 3.418
1791641654.980 31986 7.655
1791641654.983 31983 13.103
1791641654.986 31991 7.400
1791641654.988 31994 5.991
1791641654.992 31996 7.874
1791641654.994 31999 6.481
1791641654.999 32002 8.470
1791641655.001 32004 8.211
1791641655.006 32010 5.883
1791641655.008 32007 11.310
1791641655.012 32012 8.618
1791641655.014 32015 7.984
1791641655.018 32020 7.008
1791641655.021 32018 11.232
1791641655.025 32028 4.029
1791641655.027 32026 8.307
1791641655.029 32023 12.981
1791641655.031 32031 7.413
1791641655.033 32034 6.006
1791641655.038 32039 4.444
1791641655.040 32036 9.853
1791641655.044 32044 5.472
1791641655.046 32042 9.761
1791641655.051 32047 9.031
1791641655.053 32052 5.388
1791641655.055 32050 9.632
1791641655.058 32058 3.625
1791641655.060 32055 9.055
1791641655.065 32060 7.874
1791641655.067 32063 6.484
1791641655.072 32066 7.949
1791641655.074 32068 7.688
1791641655.078 32074 5.370
1791641655.080 32071 10.789
1791641655.085 32079 5.956
1791641655.087 32076 10.886
1791641655.091 32082 8.852
1791641655.093 32084 8.593
1791641655.097 32092 3.425
1791641655.099 32090 7.705
1791641655.101 32087 12.612
1791641655.104 32095 7.093
1791641655.106 32098 5.673
1791641655.110 32100 7.918
1791641655.112 32103 6.529
1791641655.117 32106 7.903
1791641655.119 32108 7.645
1791641655.124 32114 5.511
1791641655.126 32111 10.928
1791641655.130 32116 8.624
1791641655.132 32119 7.700
1791641655.137 32122 9.393
1791641655.139 32127 5.817
1791641655.141 32124 11.221
1791641655.144 32132 5.013
1791641655.146 32130 9.287
1791641655.151 32135 8.181
1791641655.153 32138 6.788
1791641655.157 32143 5.898
1791641655.159 32140 11.295
1791641655.164 32146 9.203
1791641655.166 32148 8.946
1791641655.171 32151 9.845
1791641655.173 32154 9.346
1791641655.175 32156 9.067
1791641655.178 32159 8.369
1791641655.180 32162 6.969
1791641655.184 32164 8.989
1791641655.186 32167 7.591
1791641655.191 32172 6.893
1791641655.193 32175 5.490
1791641655.195 32170 13.051
1791641655.198 32180 4.599
1791641655.200 32178 8.859
1791641655.205 32186 4.501
1791641655.207 32183 9.927
1791641655.212 32188 8.949
1791641655.214 32191 7.624
1791641655.218 32196 6.526
1791641655.220 32194 10.799
1791641655.224 32202 5.564
1791641655.226 32199 10.519
1791641655.230 32207 5.599
1791641655.232 32204 10.522
1791641655.237 32212 6.584
1791641655.239 32210 10.781
1791641655.242 32218 5.442
1791641655.244 32215 10.385
1791641655.248 32223 5.559
1791641655.250 32220 10.502
1791641655.255 32226 9.177
1791641655.257 32228 8.906
1791641655.261 32234 5.771
1791641655.263 32236 5.493
1791641655.265 32231 12.628
1791641655.268 32239 7.137
1791641655.270 32242 5.694
1791641655.275 32247 4.857
1791641655.277 32244 10.277
1791641655.281 32252 5.921
1791641655.283 32250 10.193
1791641655.288 32255 8.936
1791641655.290 32258 7.524
1791641655.294 32260 8.901
1791641655.296 32263 8.028
1791641655.301 32268 7.021
1791641655.303 32266 11.309
1791641655.307 32274 5.970
1791641655.309 32271 10.628
1791641655.311 32276 7.708
1791641655.313 32279 7.104
1791641655.315 32282 5.698
1791641655.320 32287 5.117
1791641655.322 32284 10.513
1791641655.327 32290 8.215
1791641655.329 32292 7.959
1791641655.336 32295 9.647
1791641655.338 32298 10.528
1791641655.340 32300 10.265
1791641655.343 32306 6.137
1791641655.345 32303 11.450
1791641655.451 32311 107.944
1791641655.453 32314 106.529
1791641655.455 32308 114.543
1791641655.458 32316 109.594
1791641655.460 32324 102.519
1791641655.462 32332 94.608
1791641655.464 32340 88.300
1791641655.466 32348 81.229
1791641655.468 32356 73.615
1791641655.470 32364 67.011
1791641655.472 32372 59.936
1791641655.474 32380 52.834
1791641655.476 32388 45.719
1791641655.478 32396 38.666
1791641655.480 32404 31.515
1791641655.482 32322 126.860
1791641655.484 32330 119.756
1791641655.486 32338 112.707
1791641655.488 32346 105.548
1791641655.490 32354 98.447
1791641655.492 32362 91.389
1791641655.494 32370 84.250
1791641655.496 32378 77.152
1791641655.498 32386 70.052
1791641655.500 32394 62.962
1791641655.502 32402 55.857
1791641655.504 32319 152.342
1791641655.506 32327 145.235
1791641655.508 32335 138.143
1791641655.510 32343 131.033
1791641655.512 32351 123.943
1791641655.514 32359 116.844
1791641655.516 32367 109.743
1791641655.518 32375 102.623
1791641655.520 32383 95.550
1791641655.522 32391 87.938
1791641655.524 32399 81.349
1791641655.526 32407 74.240
1791641655.529 32412 71.621
1791641655.531 32420 63.743
1791641655.533 32428 57.432
1791641655.535 32436 50.333
1791641655.537 32444 42.331
1791641655.539 32452 36.135
1791641655.541 32460 29.050
1791641655.543 32410 87.932
1791641655.545 32418 80.853
1791641655.547 32426 73.758
1791641655.549 32434 66.658
1791641655.551 32442 59.557
1791641655.553 32450 52.473
1791641655.555 32458 45.374
1791641655.557 32466 38.274
1791641655.559 32415 98.313
1791641655.561 32423 91.236
1791641655.563 32431 84.142
1791641655.565 32439 77.003
1791641655.567 32447 69.938
1791641655.569 32455 62.843
1791641655.571 32463 55.756
1791641655.574 32471 49.773
1791641655.576 32479 42.671
1791641655.578 32487 35.578
1791641655.580 32495 28.480
1791641655.583 32503 21.394
1791641655.585 32468 62.387
1791641655.587 32476 56.116
1791641655.589 32484 49.031
1791641655.591 32492 41.118
1791641655.593 32500 34.819
1791641655.595 32508 27.717
1791641655.597 32474 68.433
1791641655.599 32482 61.332
1791641655.601 32490 54.240
1791641655.603 32498 47.142
1791641655.605 32506 40.045
1791641655.608 32516 30.858
1791641655.610 32524 24.511
1791641655.612 32532 17.429
1791641655.614 32511 43.327
1791641655.616 32519 36.232
1791641655.618 32527 28.337
1791641655.620 32535 22.030
1791641655.622 32514 47.937
1791641655.624 32522 40.438
1791641655.626 32530 33.744
1791641655.628 32538 26.649
1791641655.630 32543 23.726
1791641655.632 32551 15.845
1791641655.634 32540 30.679
1791641655.636 32548 24.058
1791641655.638 32556 16.976
1791641655.640 32546 30.349
1791641655.642 32554 23.255
1791641655.645 32559 20.398
1791641655.647 32567 13.314
1791641655.649 32562 20.994
1791641655.651 32564 20.624
1791641655.654 32575 10.337
1791641655.656 32570 18.821
1791641655.658 32578 11.767
1791641655.660 32572 20.607
1791641655.662 32580 13.520
1791641655.665 32583 12.925
1791641655.667 32586 11.523
1791641655.670 32591 8.645
1791641655.672 32588 13.654
1791641655.675 32594 9.915
1791641655.677 32599 6.304
1791641655.679 32596 11.715
1791641655.681 32602 7.543
1791641655.683 32604 7.290
1791641655.688 32607 8.283
1791641655.690 32610 6.885
1791641655.694 32612 9.006
1791641655.696 32615 7.618
1791641655.701 32618 8.759
1791641655.703 32620 8.501
1791641655.707 32628 3.755
1791641655.709 32623 10.947
1791641655.711 32626 10.038
1791641655.715 32634 4.418
1791641655.717 32631 9.843
1791641655.721 32639 4.904
1791641655.723 32636 10.302
1791641655.728 32644 6.217
1791641655.730 32642 10.490
1791641655.734 32647 9.248
1791641655.736 32650 7.839
1791641655.741 32652 9.988
1791641655.743 32655 9.363
1791641655.747 32660 7.184
1791641655.749 32658 11.525
1791641655.754 32668 5.199
1791641655.756 32666 7.352
1791641655.758 32663 14.082
1791641655.761 32674 5.142
1791641655.763 32671 10.552
1791641655.767 32676 9.240
1791641655.769 32679 7.930
1791641655.774 32682 9.293
1791641655.776 32684 9.029
1791641655.780 32692 3.626
1791641655.782 32690 7.902
1791641655.784 32687 12.554
1791641655.787 32695 7.194
1791641655.789 32698 5.770
1791641655.794 32700 8.235
1791641655.796 32703 6.844
1791641655.800 32706 8.066
1791641655.802 32708 7.814
1791641655.807 32714 5.381
1791641655.809 32711 10.810
1791641655.813 32716 8.514
1791641655.815 32719 7.602
1791641655.819 32722 8.790
1791641655.821 32724 8.607
1791641655.825 32727 8.375
1791641655.827 32730 7.433
1791641655.831 32735 5.573
1791641655.833 32732 10.507
1791641655.837 32738 8.724
1791641655.839 32740 8.523
1791641655.843 32746 5.550
1791641655.845 32743 10.509
1791641655.849 32748 8.581
1791641655.851 32751 7.641
1791641655.856 32754 8.725
1791641655.858 32756 8.555
1791641655.861 32759 8.375
1791641655.863 32762 7.452
1791641655.868 32764 9.175
1791641655.870 32767 8.238
1791641655.874 32772 7.064
1791641655.876 32770 11.296
1791641655.880 32780 4.011
1791641655.882 32778 8.293
1791641655.884 32775 12.965
1791641655.887 32786 3.685
1791641655.889 32783 9.104
1791641655.894 32788 8.161
1791641655.896 32791 6.771
1791641655.900 32796 5.914
1791641655.902 32794 10.184
1791641655.907 32799 8.979
1791641655.909 32802 7.592
1791641655.913 32804 9.196
1791641655.915 32807 8.370
1791641655.920 32815 3.790
1791641655.922 32812 9.184
1791641655.924 32810 13.419
1791641655.927 32820 4.824
1791641655.929 32818 9.103
1791641655.933 32823 8.138
1791641655.935 32826 6.738
1791641655.940 32828 9.328
1791641655.942 32831 7.964
1791641655.947 32836 6.825
1791641655.949 32834 11.043
1791641655.953 32842 5.692
1791641655.955 32839 10.374
1791641655.957 32844 7.441
1791641655.960 32847 7.648
1791641655.962 32850 6.233
1791641655.966 32852 7.845
1791641655.968 32855 6.449
1791641655.973 32858 7.805
1791641655.975 32860 7.581
1791641655.980 32863 8.845
1791641655.982 32866 7.434
1791641655.986 32868 8.579
1791641655.988 32871 7.684
1791641655.992 32876 6.800
1791641655.994 32874 10.959
1791641655.998 32882 5.739
1791641656.000 32879 10.663
1791641656.002 32884 7.486
1791641656.005 32890 3.789
1791641656.007 32887 9.224
1791641656.012 32895 4.484
1791641656.014 32892 9.918
1791641656.019 32898 7.905
1791641656.021 32900 7.648
1791641656.025 32903 9.066
1791641656.027 32906 7.704
1791641656.031 32908 8.698
1791641656.033 32911 7.816
1791641656.038 32914 8.693
1791641656.040 32916 8.520
1791641656.044 32919 8.788
1791641656.046 32922 7.876
1791641656.050 32924 8.559
1791641656.052 32927 7.944
1791641656.056 32930 9.250
1791641656.058 32932 9.013
1791641656.063 32935 9.897
1791641656.065 32940 7.023
1791641656.067 32938 11.309
1791641656.070 32946 4.993
1791641656.072 32943 10.395
1791641656.077 32948 9.355
1791641656.079 32951 7.959
1791641656.083 32954 9.115
1791641656.085 32956 8.853
1791641656.090 32962 6.834
1791641656.092 32959 11.464
1791641656.094 32964 8.582
1791641656.097 32967 8.176
1791641656.099 32970 6.773
1791641656.104 32972 8.988
1791641656.106 32975 7.613
1791641656.111 32978 8.876
1791641656.113 32980 8.699
1791641656.117 32988 3.708
1791641656.119 32986 7.972
1791641656.121 32983 12.825
1791641656.124 32991 7.221
1791641656.126 32994 5.815
1791641656.130 32996 7.938
1791641656.132 32999 6.556
1791641656.137 33004 5.602
1791641656.139 33002 9.885
1791641656.144 33007 9.106
1791641656.146 33010 7.701
1791641656.149 33012 8.553
1791641656.151 33015 7.718
1791641656.156 33018 8.800
1791641656.158 33020 8.627
1791641656.162 33023 8.569
1791641656.164 33026 7.607
1791641656.168 33028 8.505
1791641656.170 33031 7.681
1791641656.174 33036 6.570
1791641656.176 33034 10.766
1791641656.180 33039 8.596
1791641656.182 33042 7.648
1791641656.184 33044 7.419
1791641656.187 33047 6.986
1791641656.189 33050 5.571
1791641656.194 33055 4.723
1791641656.196 33052 10.135
1791641656.201 33058 8.473
1791641656.203 33060 8.213
1791641656.208 33066 5.863
1791641656.210 33063 11.281
1791641656.214 33071 6.359
1791641656.216 33068 11.005
1791641656.220 33074 8.759
1791641656.222 33076 8.545
1791641656.226 33082 6.428
1791641656.228 33084 6.171
1791641656.230 33079 13.331
1791641656.233 33087 7.437
1791641656.235 33090 6.032
1791641656.240 33092 8.138
1791641656.242 33095 6.748
1791641656.247 33100 6.093
1791641656.249 33098 10.367
1791641656.253 33103 9.107
1791641656.255 33106 7.793
1791641656.260 33114 3.506
1791641656.262 33108 11.527
1791641656.264 33111 10.962
1791641656.267 33116 8.070
1791641656.269 33119 6.705
1791641656.274 33124 5.938
1791641656.276 33122 10.211
1791641656.280 33130 5.785
1791641656.282 33127 11.202
1791641656.286 33132 8.332
1791641656.288 33135 7.719
1791641656.293 33138 8.688
1791641656.295 33140 8.536
1791641656.299 33143 8.894
1791641656.301 33146 8.002
1791641656.303 33148 7.744
1791641656.306 33151 7.255
1791641656.308 33154 5.848
1791641656.312 33159 4.810
1791641656.314 33156 10.215
1791641656.319 33162 8.184
1791641656.321 33164 7.931
1791641656.326 33167 8.807
1791641656.328 33170 7.407
1791641656.331 33175 5.532
1791641656.333 33172 10.468
1791641656.338 33180 6.545
1791641656.340 33178 10.785
1791641656.344 33183 8.388
1791641656.346 33186 7.455
1791641656.350 33191 5.588
1791641656.352 33188 10.513
1791641656.356 33196 6.517
1791641656.358 33194 10.708
1791641656.362 33202 5.478
1791641656.364 33199 10.440
1791641656.368 33207 5.637
1791641656.370 33204 10.597
1791641656.374 33210 8.721
1791641656.376 33212 8.543
1791641656.380 33218 5.494
1791641656.382 33215 10.439
1791641656.386 33220 8.590
1791641656.388 33223 7.623
1791641656.393 33226 8.718
1791641656.395 33228 8.543
1791641656.399 33234 5.598
1791641656.401 33231 10.544
1791641656.404 33236 8.596
1791641656.406 33239 7.677
1791641656.412 33247 3.897
1791641656.414 33244 9.286
1791641656.416 33242 13.463
1791641656.418 33252 5.005
1791641656.420 33250 9.286
1791641656.425 33255 7.952
1791641656.427 33258 6.551
1791641656.432 33260 8.967
1791641656.434 33263 7.643
1791641656.438 33268 6.587
1791641656.440 33266 10.823
1791641656.444 33274 5.826
1791641656.446 33271 10.812
1791641656.451 33282 3.492
1791641656.453 33276 11.489
1791641656.455 33279 10.954
1791641656.458 33284 8.067
1791641656.460 33287 6.680
1791641656.465 33290 7.794
1791641656.467 33292 7.554
1791641656.471 33298 5.428
1791641656.473 33295 10.856
1791641656.477 33303 5.718
1791641656.479 33300 10.599
1791641656.485 33311 4.603
1791641656.487 33306 11.467
1791641656.489 33308 12.024
1791641656.492 33316 6.054
1791641656.494 33314 10.334
1791641656.499 33319 8.853
1791641656.501 33322 7.445
1791641656.504 33327 5.625
1791641656.506 33324 10.533
1791641656.511 33335 3.419
1791641656.513 33332 8.786
1791641656.515 33330 12.991
1791641656.519 33340 5.003
1791641656.521 33338 9.273
1791641656.525 33343 7.977
1791641656.527 33346 6.572
1791641656.532 33351 5.646
1791641656.534 33348 10.917
1791641656.538 33356 6.652
1791641656.540 33354 10.879
1791641656.544 33362 5.429
1791641656.546 33359 10.427
1791641656.550 33364 8.604
1791641656.552 33367 7.683
1791641656.557 33370 8.888
1791641656.559 33372 8.770
1791641656.563 33378 5.676
1791641656.565 33380 5.420
1791641656.567 33375 12.600
1791641656.570 33383 7.108
1791641656.572 33386 5.691
1791641656.576 33391 4.421
1791641656.578 33388 9.827
1791641656.584 33394 8.671
1791641656.586 33396 8.412
1791641656.590 33402 5.581
1791641656.592 33399 10.811
1791641656.595 33404 8.490
1791641656.597 33407 7.575
1791641656.602 33412 6.596
1791641656.604 33410 10.811
1791641656.608 33415 8.408
1791641656.610 33418 7.467
1791641656.614 33420 9.094
1791641656.616 33423 8.214
1791641656.621 33426 9.253
1791641656.623 33428 9.002
1791641656.627 33434 6.060
1791641656.629 33431 10.705
1791641656.631 33436 7.791
1791641656.633 33439 7.153
1791641656.635 33442 5.746
1791641656.640 33447 4.702
1791641656.642 33444 10.109
1791641656.649 33450 8.475
1791641656.651 33455 6.841
1791641656.653 33452 12.238
1791641656.656 33460 6.035
1791641656.658 33458 10.310
1791641656.663 33466 5.656
1791641656.665 33463 11.025
1791641656.668 33468 8.508
1791641656.670 33471 7.652
1791641656.675 33476 6.621
1791641656.677 33474 10.863
1791641656.681 33479 8.769
1791641656.683 33482 7.851
1791641656.685 33484 7.598
1791641656.688 33487 7.042
1791641656.690 33490 5.614
1791641656.695 33492 7.963
1791641656.697 33495 6.580
1791641656.701 33498 7.837
1791641656.703 33500 7.584
1791641656.708 33506 5.353
1791641656.710 33503 10.783
1791641656.715 33508 9.248
1791641656.717 33511 8.316
1791641656.722 33516 8.242
1791641656.724 33514 12.055
1791641656.727 33522 6.226
1791641656.729 33519 11.136
1791641656.731 33524 7.985
1791641656.734 33530 4.175
1791641656.736 33527 9.612
1791641656.740 33532 7.873
1791641656.742 33535 6.478
1791641656.747 33538 7.887
1791641656.749 33540 7.629
1791641656.754 33546 5.715
1791641656.756 33543 11.114
1791641656.758 33548 7.456
1791641656.761 33554 3.745
1791641656.763 33551 9.168
1791641656.767 33559 4.548
1791641656.769 33556 9.962
1791641656.774 33564 5.589
1791641656.776 33562 9.867
1791641656.781 33567 8.895
1791641656.783 33570 7.491
1791641656.787 33575 5.662
1791641656.789 33572 10.577
1791641656.793 33580 6.602
1791641656.795 33578 10.790
1791641656.799 33586 5.442
1791641656.801 33583 10.436
1791641656.805 33588 8.632
1791641656.807 33591 7.710
1791641656.811 33596 6.560
1791641656.813 33594 10.729
1791641656.817 33602 5.424
1791641656.819 33599 10.356
1791641656.823 33604 8.507
1791641656.825 33607 7.585
1791641656.830 33612 7.055
1791641656.832 33610 11.268
1791641656.837 33618 7.399
1791641656.839 33620 7.134
1791641656.841 33615 14.031
1791641656.844 33626 5.156
1791641656.846 33623 10.563
1791641656.851 33631 6.033
1791641656.853 33628 11.442
1791641656.857 33636 6.895
1791641656.859 33634 11.151
1791641656.864 33639 8.857
1791641656.866 33644 5.923
1791641656.868 33642 10.322
1791641656.870 33647 7.462
1791641656.872 33650 6.046
1791641656.877 33655 4.869
1791641656.879 33652 10.275
1791641656.884 33658 8.389
1791641656.886 33660 8.136
1791641656.890 33666 5.450
1791641656.892 33663 10.880
1791641656.896 33668 8.599
1791641656.898 33671 7.672
1791641656.903 33674 8.748
1791641656.905 33676 8.586
1791641656.909 33679 8.634
1791641656.911 33682 7.725
1791641656.913 33684 7.460
1791641656.916 33687 7.249
1791641656.918 33690 5.838
1791641656.922 33692 7.914
1791641656.924 33695 6.521
1791641656.929 33698 7.908
1791641656.931 33700 7.651
1791641656.936 33706 5.445
1791641656.938 33703 10.869
1791641656.941 33708 8.557
1791641656.943 33711 7.649
1791641656.948 33714 8.734
1791641656.950 33716 8.535
1791641656.954 33724 3.388
1791641656.956 33719 10.603
1791641656.958 33722 9.664
1791641656.961 33730 3.879
1791641656.963 33727 9.311
1791641656.968 33732 6.462
1791641656.970 33735 6.459
1791641656.974 33740 5.453
1791641656.976 33738 9.778
1791641656.981 33743 9.041
1791641656.983 33746 7.641
1791641656.987 33751 5.670
1791641656.989 33748 10.566
1791641656.994 33756 6.508
1791641656.996 33754 10.725
1791641657.000 33762 5.690
1791641657.002 33759 10.594
1791641657.004 33764 7.433
1791641657.007 33767 7.173
1791641657.009 33770 5.759
1791641657.013 33772 7.909
1791641657.015 33775 6.524
1791641657.020 33778 7.870
1791641657.022 33780 7.621
1791641657.027 33783 8.816
1791641657.029 33786 7.399
1791641657.033 33791 5.958
1791641657.035 33788 10.867
1791641657.039 33794 9.108
1791641657.041 33796 8.851
1791641657.046 33804 4.675
1791641657.048 33799 11.433
1791641657.050 33802 10.961
1791641657.053 33810 4.753
1791641657.055 33807 10.178
1791641657.060 33815 5.736
1791641657.062 33812 11.153
1791641657.066 33820 6.609
1791641657.068 33818 10.772
1791641657.072 33823 8.345
1791641657.074 33826 7.404
1791641657.078 33828 8.906
1791641657.080 33831 8.008
1791641657.085 33836 6.625
1791641657.087 33834 10.823
1791641657.090 33842 5.457
1791641657.092 33839 10.408
1791641657.096 33844 8.518
1791641657.098 33847 7.570
1791641657.103 33850 8.759
1791641657.105 33852 8.573
1791641657.109 33860 3.431
1791641657.111 33858 7.706
1791641657.113 33855 12.629
1791641657.116 33866 3.643
1791641657.118 33863 9.070
1791641657.122 33868 7.837
1791641657.124 33871 6.447
1791641657.129 33876 5.590
1791641657.131 33874 9.863
1791641657.136 33882 5.458
1791641657.138 33879 10.858
1791641657.142 33887 5.659
1791641657.144 33884 10.580
1791641657.148 33890 8.720
1791641657.150 33892 8.546
1791641657.154 33898 5.420
1791641657.156 33895 10.380
1791641657.160 33900 8.595
1791641657.162 33903 7.649
1791641657.167 33908 6.526
1791641657.169 33906 10.708
1791641657.173 33911 8.766
1791641657.175 33914 7.866
1791641657.180 33919 7.453
1791641657.182 33916 12.079
1791641657.184 33922 8.054
1791641657.187 33924 8.572
1791641657.189 33927 7.174
1791641657.193 33932 5.671
1791641657.195 33930 9.953
1791641657.200 33935 8.793
1791641657.202 33938 7.475
1791641657.205 33940 8.493
1791641657.207 33943 7.602
1791641657.212 33948 6.701
1791641657.214 33946 10.900
1791641657.218 33956 3.382
1791641657.220 33951 10.630
1791641657.222 33954 9.662
1791641657.225 33962 3.729
1791641657.227 33959 9.158
1791641657.232 33964 7.823
1791641657.234 33967 6.436
1791641657.238 33970 7.748
1791641657.240 33972 7.491
1791641657.245 33975 8.886
1791641657.247 33978 7.483
1791641657.252 33983 7.160
1791641657.254 33980 12.131
1791641657.258 33988 6.799
1791641657.260 33986 11.090
1791641657.264 33991 8.406
1791641657.266 33996 5.415
1791641657.268 33994 9.686
1791641657.271 33999 7.080
1791641657.273 34002 5.667
1791641657.277 34007 4.475
1791641657.279 34004 9.891
1791641657.284 34012 5.606
1791641657.286 34010 9.884
1791641657.291 34018 5.411
1791641657.293 34015 10.791
1791641657.296 34023 5.647
1791641657.298 34020 10.583
1791641657.303 34028 6.554
1791641657.305 34026 10.731
1791641657.309 34031 8.417
1791641657.311 34034 7.484
1791641657.315 34039 5.837
1791641657.317 34036 10.758
1791641657.321 34042 8.597
1791641657.323 34044 8.565
1791641657.327 34050 5.743
1791641657.329 34047 10.717
1791641657.333 34055 5.672
1791641657.335 34052 10.423
1791641657.339 34060 6.507
1791641657.341 34058 10.631
1791641657.345 34068 3.356
1791641657.347 34063 10.549
1791641657.349 34066 9.616
1791641657.352 34071 7.016
1791641657.354 34074 5.603
1791641657.359 34079 4.411
1791641657.361 34076 9.820
1791641657.366 34084 5.656
1791641657.368 34082 9.934
1791641657.373 34092 3.423
1791641657.375 34087 10.993
1791641657.377 34090 9.712
1791641657.380 34098 3.692
1791641657.382 34095 9.123
1791641657.386 34100 7.865
1791641657.388 34103 6.475
1791641657.393 34106 7.806
1791641657.395 34108 7.582
1791641657.400 34114 5.435
1791641657.402 34111 10.873
1791641657.406 34119 5.674
1791641657.408 34116 10.602
1791641657.413 34122 9.040
1791641657.415 34124 8.882
1791641657.417 34127 7.482
1791641657.420 34132 4.818
1791641657.422 34130 9.104
1791641657.426 34138 4.673
1791641657.428 34135 10.094
1791641657.433 34143 5.645
1791641657.435 34140 10.856
1791641657.440 34148 6.576
1791641657.442 34146 10.799
1791641657.445 34154 5.506
1791641657.447 34151 10.439
1791641657.451 34156 8.621
1791641657.453 34159 7.676
1791641657.458 34164 6.606
1791641657.460 34162 10.812
1791641657.464 34170 5.394
1791641657.466 34167 10.353
1791641657.469 34172 8.465
1791641657.471 34175 7.565
1791641657.476 34180 6.511
1791641657.478 34178 10.737
1791641657.482 34183 8.501
1791641657.484 34186 7.549
1791641657.488 34188 8.380
1791641657.490 34191 7.571
1791641657.494 34194 8.741
1791641657.496 34196 8.550
1791641657.500 34202 5.409
1791641657.502 34199 10.370
1791641657.506 34204 8.563
1791641657.508 34207 7.629
1791641657.512 34210 8.752
1791641657.514 34212 8.562
1791641657.518 34215 8.423
1791641657.520 34218 7.511
1791641657.524 34223 5.790
1791641657.526 34220 10.754
1791641657.531 34228 6.699
1791641657.533 34226 10.927
1791641657.537 34231 8.953
1791641657.539 34236 5.783
1791641657.541 34234 10.052
1791641657.544 34239 7.217
1791641657.546 34242 5.794
1791641657.550 34244 7.879
1791641657.552 34247 6.489
1791641657.557 34252 5.603
1791641657.559 34250 9.868
1791641657.564 34255 8.859
1791641657.566 34258 7.459
1791641657.570 34260 8.575
1791641657.572 34263 7.691
1791641657.576 34268 6.594
1791641657.578 34266 10.760
1791641657.582 34271 8.372
1791641657.584 34274 7.443
1791641657.588 34276 8.550
1791641657.590 34279 7.632
1791641657.595 34284 6.745
1791641657.597 34287 5.342
1791641657.599 34282 12.963
1791641657.602 34290 6.945
1791641657.604 34292 6.685
1791641657.608 34295 7.894
1791641657.610 34298 6.488
1791641657.615 34303 5.563
1791641657.617 34300 10.831
1791641657.622 34308 6.528
1791641657.624 34306 10.746
1791641657.628 34316 3.416
1791641657.630 34311 10.609
1791641657.632 34314 9.697
1791641657.635 34319 7.101
1791641657.637 34322 5.688
1791641657.641 34327 4.491
1791641657.643 34324 9.903
1791641657.648 34332 5.683
1791641657.650 34330 9.962
1791641657.655 34338 5.467
1791641657.657 34335 10.761
1791641657.661 34343 5.643
1791641657.663 34340 10.531
1791641657.667 34346 8.808
1791641657.669 34348 8.617
1791641657.673 34351 8.451
1791641657.675 34354 7.486
1791641657.679 34356 8.671
1791641657.681 34359 7.717
1791641657.685 34364 6.557
1791641657.687 34362 10.763
1791641657.691 34370 5.727
1791641657.693 34372 5.471
1791641657.695 34367 12.659
1791641657.699 34375 7.120
1791641657.701 34378 5.709
1791641657.705 34380 7.909
1791641657.707 34383 6.518
1791641657.712 34386 7.827
1791641657.714 34388 7.555
1791641657.719 34394 5.987
1791641657.721 34391 11.410
1791641657.723 34396 7.744
1791641657.726 34399 7.230
1791641657.728 34402 5.834
1791641657.733 34404 8.210
1791641657.735 34407 6.815
1791641657.740 34410 8.325
1791641657.742 34412 8.070
1791641657.746 34418 5.749
1791641657.748 34415 11.171
1791641657.752 34423 6.107
1791641657.754 34420 10.718
1791641657.759 34426 9.385
1791641657.761 34428 9.054
1791641657.766 34436 5.146
1791641657.768 34434 9.429
1791641657.770 34431 14.062
1791641657.773 34439 8.528
1791641657.775 34442 7.131
1791641657.780 34444 9.675
1791641657.782 34447 8.262
1791641657.786 34450 8.732
1791641657.788 34452 8.564
1791641657.791 34458 5.436
1791641657.793 34455 10.372
1791641657.797 34460 8.647
1791641657.799 34463 7.699
1791641657.804 34468 6.570
1791641657.806 34466 10.759
1791641657.810 34474 5.439
1791641657.812 34471 10.390
1791641657.815 34479 5.653
1791641657.817 34476 10.585
1791641657.822 34482 8.628
1791641657.824 34484 8.584
1791641657.828 34490 5.489
1791641657.830 34487 10.445
1791641657.834 34495 5.695
1791641657.836 34492 10.606
1791641657.840 34498 8.747
1791641657.842 34500 8.577
1791641657.846 34503 8.314
1791641657.848 34506 7.396
1791641657.852 34511 5.621
1791641657.854 34508 10.561
1791641657.858 34516 6.607
1791641657.860 34514 10.810
1791641657.864 34519 8.371
1791641657.866 34522 7.430
1791641657.870 34527 5.685
1791641657.872 34524 10.622
1791641657.877 34530 8.614
1791641657.879 34532 8.538
1791641657.882 34538 5.408
1791641657.884 34535 10.350
1791641657.888 34540 8.548
1791641657.890 34543 7.613
1791641657.895 34546 9.073
1791641657.897 34548 8.860
1791641657.901 34551 8.599
1791641657.903 34554 7.747
1791641657.905 34556 7.491
1791641657.908 34559 7.093
1791641657.910 34562 5.687
1791641657.914 34564 7.881
1791641657.916 34567 6.490
1791641657.921 34572 5.617
1791641657.923 34570 9.894
1791641657.928 34575 8.821
1791641657.930 34578 7.453
1791641657.934 34583 5.660
1791641657.936 34580 10.591
1791641657.941 34591 3.426
1791641657.943 34588 8.840
1791641657.945 34586 13.044
1791641657.948 34594 7.116
1791641657.950 34596 6.855
1791641657.955 34599 8.257
1791641657.957 34602 6.846
1791641657.961 34607 6.004
1791641657.963 34604 11.325
1791641657.968 34610 9.301
1791641657.970 34612 9.039
1791641657.975 34615 10.025
1791641657.977 34620 7.137
1791641657.979 34618 11.419
1791641657.982 34626 5.163
1791641657.984 34623 10.577
1791641657.989 34631 5.998
1791641657.991 34628 11.433
1791641657.996 34636 7.369
1791641657.998 34634 11.643
1791641658.000 34639 7.978
1791641658.003 34642 7.314
1791641658.005 34644 7.054
1791641658.009 34650 4.803
1791641658.011 34647 10.214
1791641658.016 34652 9.568
1791641658.018 34655 8.190
1791641658.023 34658 9.204
1791641658.025 34660 8.947
1791641658.028 34668 3.468
1791641658.030 34663 10.394
1791641658.032 34666 9.767
1791641658.036 34671 7.310
1791641658.038 34674 5.903
1791641658.042 34676 7.944
1791641658.044 34679 6.549
1791641658.049 34684 5.596
1791641658.051 34682 9.870
1791641658.055 34687 8.962
1791641658.057 34690 7.559
1791641658.061 34692 8.576
1791641658.063 34695 7.655
1791641658.068 34700 6.559
1791641658.070 34698 10.766
1791641658.073 34703 8.354
1791641658.075 34706 7.423
1791641658.079 34708 8.583
1791641658.081 34711 7.661
1791641658.086 34716 6.691
1791641658.088 34714 10.890
1791641658.092 34719 8.475
1791641658.094 34722 7.534
1791641658.098 34724 8.499
1791641658.100 34727 7.588
1791641658.104 34732 6.535
1791641658.106 34730 10.730
1791641658.110 34738 5.575
1791641658.112 34740 5.346
1791641658.114 34735 12.547
1791641658.117 34743 7.100
1791641658.119 34746 5.697
1791641658.124 34748 7.883
1791641658.126 34751 6.495
1791641658.131 34756 5.730
1791641658.133 34754 9.992
1791641658.137 34759 8.765
1791641658.139 34762 7.465
1791641658.143 34764 8.511
1791641658.145 34767 7.614
1791641658.150 34775 3.433
1791641658.152 34770 11.051
1791641658.154 34772 10.868
1791641658.157 34780 4.961
1791641658.159 34778 9.237
1791641658.164 34783 7.881
1791641658.166 34786 6.484
1791641658.170 34791 5.606
1791641658.172 34788 10.930
1791641658.177 34796 6.601
1791641658.179 34794 10.826
1791641658.183 34799 8.423
1791641658.185 34802 7.454
1791641658.189 34807 5.609
1791641658.191 34804 10.536
1791641658.196 34812 6.825
1791641658.198 34810 11.040
1791641658.201 34820 3.508
1791641658.203 34818 7.785
1791641658.205 34815 12.698
1791641658.208 34823 6.987
1791641658.210 34826 5.575
1791641658.215 34828 8.173
1791641658.217 34831 6.788
1791641658.222 34834 8.131
1791641658.224 34836 7.878
1791641658.229 34839 9.320
1791641658.231 34842 7.913
1791641658.234 34844 8.536
1791641658.236 34847 7.921
1791641658.241 34852 6.991
1791641658.243 34850 11.192
1791641658.248 34858 6.450
1791641658.250 34855 11.105
1791641658.252 34860 8.197
1791641658.255 34863 7.810
1791641658.257 34866 6.411
1791641658.261 34871 5.436
1791641658.263 34868 10.855
1791641658.268 34876 6.087
1791641658.270 34874 10.392
1791641658.274 34879 9.263
1791641658.276 34882 7.854
1791641658.283 34887 8.467
1791641658.285 34884 12.990
1791641658.287 34890 9.073
1791641658.289 34892 9.628
1791641658.291 34895 8.238
1791641658.296 34898 9.082
1791641658.298 34900 8.828
1791641658.302 34906 6.065
1791641658.304 34903 11.491
1791641658.309 34908 10.082
1791641658.311 34914 6.231
1791641658.313 34911 11.653
1791641658.316 34919 5.302
1791641658.318 34916 10.717
1791641658.322 34922 8.015
1791641658.324 34924 7.753
1791641658.328 34930 5.412
1791641658.330 34927 10.825
1791641658.335 34932 8.927
1791641658.337 34935 8.042
1791641658.341 34938 9.140
1791641658.343 34940 8.982
1791641658.347 34948 3.846
1791641658.349 34943 10.790
1791641658.351 34946 10.140
1791641658.354 34951 7.380
1791641658.356 34954 5.974
1791641658.361 34956 8.112
1791641658.363 34959 6.742
1791641658.367 34964 5.670
1791641658.369 34962 9.953
1791641658.374 34970 5.771
1791641658.376 34967 11.129
1791641658.381 34975 7.035
1791641658.383 34972 11.643
1791641658.385 34978 7.611
1791641658.388 34980 8.126
1791641658.390 34983 6.732
1791641658.395 34988 5.670
1791641658.397 34986 9.942
1791641658.401 34994 5.483
1791641658.403 34991 10.850
1791641658.407 34996 8.500
1791641658.409 34999 7.586
1791641658.414 35004 7.075
1791641658.416 35002 11.283
1791641658.421 35007 10.043
1791641658.423 35012 7.156
1791641658.425 35010 11.436
1791641658.428 35015 8.618
1791641658.430 35018 7.229
1791641658.435 35020 9.266
1791641658.437 35023 7.947
1791641658.441 35028 6.866
1791641658.443 35026 11.140
1791641658.448 35031 9.012
1791641658.450 35034 8.361
1791641658.452 35036 8.087
1791641658.454 35039 7.436
1791641658.456 35042 6.031
1791641658.461 35047 4.528
1791641658.463 35044 9.931
1791641658.467 35050 7.941
1791641658.469 35052 7.678
1791641658.474 35055 8.815
1791641658.476 35058 7.460
1791641658.480 35063 5.606
1791641658.482 35060 10.541
1791641658.487 35071 3.393
1791641658.489 35066 10.969
1791641658.491 35068 10.817
1791641658.494 35076 4.873
1791641658.496 35074 9.143
1791641658.502 35079 8.995
1791641658.504 35082 7.588
1791641658.508 35087 5.698
1791641658.510 35084 10.958
1791641658.514 35090 9.109
1791641658.516 35092 8.916
1791641658.521 35095 9.648
1791641658.523 35100 6.789
1791641658.525 35098 11.049
1791641658.528 35103 8.272
1791641658.530 35106 6.864
1791641658.537 35111 8.226
1791641658.539 35114 6.828
1791641658.541 35108 13.474
1791641658.544 35119 5.985
1791641658.546 35116 11.166
1791641658.550 35124 6.484
1791641658.552 35122 10.755
1791641658.556 35130 5.810
1791641658.558 35127 10.751
1791641658.562 35132 8.383
1791641658.564 35135 7.764
1791641658.569 35138 9.108
1791641658.571 35140 9.011
1791641658.576 35148 4.815
1791641658.578 35146 9.102
1791641658.580 35143 13.722
1791641658.583 35151 8.188
1791641658.585 35154 6.788
1791641658.589 35156 9.039
1791641658.591 35159 7.665
1791641658.598 35162 10.189
1791641658.600 35164 10.675
1791641658.602 35167 9.281
1791641658.605 35170 8.591
1791641658.607 35172 8.342
1791641658.611 35175 8.803
1791641658.613 35178 7.375
1791641658.617 35180 8.866
1791641658.619 35183 7.982
1791641658.624 35186 9.270
1791641658.626 35188 9.012
1791641658.630 35194 6.863
1791641658.632 35196 6.608
1791641658.634 35191 13.473
1791641658.637 35199 8.296
1791641658.639 35202 6.890
1791641658.644 35204 9.592
1791641658.646 35207 8.237
1791641658.651 35212 7.130
1791641658.653 35210 11.376
1791641658.657 35218 6.015
1791641658.659 35215 10.909
1791641658.661 35220 8.009
1791641658.664 35226 4.242
1791641658.666 35223 9.296
1791641658.671 35231 5.168
1791641658.673 35228 10.594
1791641658.677 35236 6.251
1791641658.679 35234 10.418
1791641658.684 35239 9.776
1791641658.686 35242 8.380
1791641658.692 35247 7.817
1791641658.694 35244 12.403
1791641658.696 35250 8.417
1791641658.699 35252 9.226
1791641658.701 35255 8.151
1791641658.706 35258 9.371
1791641658.708 35260 9.143
1791641658.712 35266 6.857
1791641658.714 35263 12.178
1791641658.720 35271 8.881
1791641658.722 35274 7.447
1791641658.724 35268 15.143
1791641658.727 35279 6.670
1791641658.729 35276 12.180
1791641658.732 35284 5.972
1791641658.734 35282 10.256
1791641658.738 35287 9.033
1791641658.740 35290 7.624
1791641658.744 35292 8.540
1791641658.746 35295 7.654
1791641658.751 35300 6.823
1791641658.753 35298 11.027
1791641658.757 35306 6.029
1791641658.759 35303 10.930
1791641658.761 35308 7.777
1791641658.764 35311 7.153
1791641658.766 35314 5.728
1791641658.770 35316 7.804
1791641658.772 35319 6.422
1791641658.777 35324 5.577
1791641658.779 35322 9.847
1791641658.784 35327 8.811
1791641658.786 35330 7.393
1791641658.790 35335 6.159
1791641658.792 35332 11.054
1791641658.796 35338 9.128
1791641658.798 35340 8.868
1791641658.804 35348 5.154
1791641658.806 35343 12.041
1791641658.808 35346 11.443
1791641658.811 35351 8.539
1791641658.813 35354 7.140
1791641658.817 35359 5.928
1791641658.819 35356 10.948
1791641658.824 35364 7.066
1791641658.826 35362 11.340
1791641658.831 35367 9.378
1791641658.833 35372 6.658
1791641658.835 35370 10.921
1791641658.838 35375 8.131
1791641658.840 35378 6.721
1791641658.844 35383 5.623
1791641658.846 35380 10.830
1791641658.851 35388 6.518
1791641658.853 35386 10.809
1791641658.857 35394 6.290
1791641658.859 35391 11.210
1791641658.861 35396 8.048
1791641658.864 35399 7.447
1791641658.866 35402 6.044
1791641658.871 35407 4.836
1791641658.873 35404 10.245
1791641658.877 35410 8.103
1791641658.879 35412 7.846
1791641658.884 35415 9.306
1791641658.886 35418 7.897
1791641658.890 35423 5.747
1791641658.892 35420 10.382
1791641658.896 35428 6.606
1791641658.898 35426 10.675
1791641658.902 35434 5.400
1791641658.904 35431 10.363
1791641658.908 35439 5.643
1791641658.910 35436 10.589
1791641658.914 35442 8.719
1791641658.916 35444 8.527
1791641658.921 35447 8.935
1791641658.923 35450 8.059
1791641658.925 35452 7.804
1791641658.928 35455 7.224
1791641658.930 35458 5.818
1791641658.935 35460 8.408
1791641658.937 35463 7.016
1791641658.941 35468 6.061
1791641658.943 35466 10.331
1791641658.947 35471 8.851
1791641658.949 35474 7.452
1791641658.953 35479 5.604
1791641658.955 35476 10.518
1791641658.960 35484 6.565
1791641658.962 35482 10.794
1791641658.966 35490 5.480
1791641658.968 35487 10.450
1791641658.972 35492 8.564
1791641658.974 35495 7.671
1791641658.978 35498 8.745
1791641658.980 35500 8.561
1791641658.984 35503 8.421
1791641658.986 35506 7.462
1791641658.990 35511 5.710
1791641658.992 35508 10.621
1791641658.996 35514 8.555
1791641658.998 35516 8.490
1791641659.002 35519 8.367
1791641659.004 35522 7.411
1791641659.008 35527 5.602
1791641659.010 35524 10.530
1791641659.015 35530 8.704
1791641659.017 35532 8.529
1791641659.020 35535 8.402
1791641659.022 35538 7.483
1791641659.026 35540 8.581
1791641659.028 35543 7.637
1791641659.033 35548 6.562
1791641659.035 35546 10.758
1791641659.039 35556 3.426
1791641659.041 35551 10.614
1791641659.043 35554 9.703
1791641659.046 35559 7.248
1791641659.048 35562 5.835
1791641659.052 35567 4.396
1791641659.054 35564 9.804
1791641659.059 35572 5.548
1791641659.061 35570 9.824
1791641659.066 35575 8.854
1791641659.068 35578 7.459
1791641659.072 35580 8.735
1791641659.074 35583 7.842
1791641659.078 35586 8.650
1791641659.080 35588 8.588
1791641659.084 35591 8.412
1791641659.086 35594 7.464
1791641659.090 35596 8.606
1791641659.092 35599 7.686
1791641659.097 35604 6.575
1791641659.099 35602 10.754
1791641659.103 35610 5.688
1791641659.105 35607 10.625
1791641659.108 35612 8.515
1791641659.110 35615 7.739
1791641659.115 35620 6.496
1791641659.117 35618 10.665
1791641659.121 35626 5.944
1791641659.123 35628 5.683
1791641659.125 35623 12.851
1791641659.128 35631 6.989
1791641659.130 35634 5.585
1791641659.134 35639 4.696
1791641659.137 35636 10.118
1791641659.141 35642 7.853
1791641659.143 35644 7.597
1791641659.148 35650 5.473
1791641659.150 35647 10.806
1791641659.154 35652 8.816
1791641659.156 35655 7.922
1791641659.161 35658 9.026
1791641659.163 35660 8.815
1791641659.165 35663 7.423
1791641659.168 35668 4.753
1791641659.170 35666 9.072
1791641659.175 35671 8.584
1791641659.177 35674 7.132
1791641659.181 35676 9.320
1791641659.183 35679 7.993
1791641659.188 35682 8.850
1791641659.190 35684 8.996
1791641659.195 35690 7.525
1791641659.197 35692 7.249
1791641659.199 35687 14.169
1791641659.202 35695 8.681
1791641659.204 35698 7.272
1791641659.208 35700 8.941
1791641659.210 35703 7.665
1791641659.215 35708 7.041
1791641659.217 35706 11.315
1791641659.222 35714 6.914
1791641659.224 35711 11.529
1791641659.226 35716 8.652
1791641659.232 35724 5.336
1791641659.234 35722 9.603
1791641659.236 35719 14.038
1791641659.239 35727 8.665
1791641659.241 35730 7.263
1791641659.245 35732 9.004
1791641659.247 35735 7.612
1791641659.251 35738 8.924
1791641659.253 35740 8.720
1791641659.257 35746 5.702
1791641659.259 35743 10.624
1791641659.261 35748 7.424
1791641659.264 35754 3.434
1791641659.266 35751 8.874
1791641659.271 35759 4.487
1791641659.273 35756 9.904
1791641659.278 35764 5.501
1791641659.280 35762 9.777
1791641659.284 35767 9.009
1791641659.286 35770 7.590
1791641659.290 35772 8.535
1791641659.292 35775 7.649
1791641659.297 35780 6.601
1791641659.299 35778 10.870
1791641659.303 35788 3.533
1791641659.305 35786 7.811
1791641659.307 35783 12.723
1791641659.310 35794 3.560
1791641659.312 35791 8.998
1791641659.316 35799 4.438
1791641659.318 35796 9.860
1791641659.323 35804 5.878
1791641659.325 35802 10.156
1791641659.330 35807 9.266
1791641659.332 35810 7.847
1791641659.336 35812 8.633
1791641659.338 35815 8.011
1791641659.343 35820 7.005
1791641659.345 35818 11.274
1791641659.349 35828 3.767
1791641659.351 35823 10.683
1791641659.353 35826 10.061
1791641659.356 35834 3.861
1791641659.358 35831 9.287
1791641659.362 35839 4.580
1791641659.364 35836 9.993
1791641659.369 35844 5.532
1791641659.371 35842 9.807
1791641659.375 35847 8.896
1791641659.377 35850 7.493
1791641659.381 35852 8.568
1791641659.383 35855 7.614
1791641659.388 35860 6.517
1791641659.390 35858 10.735
1791641659.394 35863 8.320
1791641659.396 35866 7.397
1791641659.399 35871 5.545
1791641659.401 35868 10.472
1791641659.406 35874 8.994
1791641659.408 35876 8.782
1791641659.410 35879 7.427
1791641659.414 35884 5.150
1791641659.416 35882 9.463
1791641659.420 35890 4.777
1791641659.422 35887 10.188
1791641659.427 35892 9.519
1791641659.429 35895 8.179
1791641659.434 35900 6.916
1791641659.436 35898 11.188
1791641659.440 35908 4.015
1791641659.442 35906 8.270
1791641659.444 35903 12.957
1791641659.447 35911 7.243
1791641659.449 35914 5.834
1791641659.453 35919 4.814
1791641659.455 35916 10.220
1791641659.460 35922 8.291
1791641659.462 35924 8.039
1791641659.467 35927 9.288
1791641659.469 35930 7.881
1791641659.473 35932 8.550
1791641659.475 35935 7.928
1791641659.479 35938 9.184
1791641659.481 35940 8.931
1791641659.485 35946 6.173
1791641659.487 35943 10.850
1791641659.489 35948 7.907
1791641659.492 35954 3.872
1791641659.494 35951 9.293
1791641659.499 35956 8.136
1791641659.501 35959 6.750
1791641659.505 35962 8.089
1791641659.507 35964 7.833
1791641659.512 35970 5.496
1791641659.514 35967 10.917
1791641659.518 35972 8.937
1791641659.520 35975 8.048
1791641659.525 35978 9.229
1791641659.527 35983 5.564
1791641659.529 35980 10.979
1791641659.532 35988 4.762
1791641659.534 35986 9.019
1791641659.538 35994 4.496
1791641659.540 35991 9.916
1791641659.646 35996 109.545
1791641659.648 35999 108.208
1791641659.651 36007 101.918
1791641659.653 36015 95.450
1791641659.655 36023 88.359
1791641659.657 36031 81.257
1791641659.659 36039 74.145
1791641659.661 36047 66.558
1791641659.663 36055 59.945
1791641659.665 36063 52.855
1791641659.667 36071 45.754
1791641659.669 36079 38.663
1791641659.671 36087 31.023
1791641659.673 36004 127.989
1791641659.675 36012 120.905
1791641659.677 36020 113.790
1791641659.679 36028 106.713
1791641659.681 36036 99.043
1791641659.683 36044 92.490
1791641659.685 36052 85.431
1791641659.687 36060 78.292
1791641659.689 36068 71.210
1791641659.691 36076 63.601
1791641659.693 36084 56.998
1791641659.695 36092 49.924
1791641659.697 36002 154.226
1791641659.699 36010 147.228
1791641659.701 36018 140.133
1791641659.703 36026 133.035
1791641659.705 36034 125.937
1791641659.707 36042 118.840
1791641659.709 36050 111.752
1791641659.711 36058 104.648
1791641659.713 36066 97.551
1791641659.715 36074 90.458
1791641659.717 36082 83.389
1791641659.719 36090 76.266
1791641659.722 36100 67.909
1791641659.724 36108 60.838
1791641659.726 36116 53.239
1791641659.728 36124 46.638
1791641659.730 36132 38.801
1791641659.732 36140 32.332
1791641659.734 36148 25.355
1791641659.736 36095 87.674
1791641659.738 36103 80.589
1791641659.740 36111 73.479
1791641659.742 36119 66.386
1791641659.744 36127 58.800
1791641659.746 36135 52.173
1791641659.748 36143 44.259
1791641659.750 36151 37.977
1791641659.752 36098 100.303
1791641659.754 36106 93.207
1791641659.756 36114 86.112
1791641659.758 36122 79.012
1791641659.760 36130 71.917
1791641659.762 36138 64.815
1791641659.764 36146 57.714
1791641659.766 36154 50.625
1791641659.769 36162 44.477
1791641659.771 36170 37.404
1791641659.773 36178 30.298
1791641659.775 36186 23.199
1791641659.777 36194 16.106
1791641659.779 36159 57.944
1791641659.782 36167 50.350
1791641659.784 36175 43.764
1791641659.786 36183 36.658
1791641659.788 36191 29.563
1791641659.790 36156 71.322
1791641659.792 36164 64.343
1791641659.794 36172 57.230
1791641659.796 36180 50.104
1791641659.798 36188 43.017
1791641659.801 36199 34.400
1791641659.803 36207 27.306
1791641659.805 36215 20.216
1791641659.807 36196 43.051
1791641659.809 36204 36.740
1791641659.812 36212 29.648
1791641659.814 36202 43.033
1791641659.816 36210 35.934
1791641659.818 36218 28.843
1791641659.821 36223 26.222
1791641659.823 36231 19.131
1791641659.825 36220 32.848
1791641659.827 36228 26.541
1791641659.829 36236 19.464
1791641659.831 36226 32.835
1791641659.833 36234 25.745
1791641659.836 36242 19.667
1791641659.838 36250 12.574
1791641659.840 36244 20.544
1791641659.842 36239 29.111
1791641659.844 36247 22.024
1791641659.846 36258 12.271
1791641659.848 36255 17.701
1791641659.850 36252 23.103
1791641659.853 36260 16.025
1791641659.957 36263 116.784
1791641659.959 36266 115.380
1791641659.961 36268 114.294
1791641659.964 36274 111.619
1791641659.966 36282 104.541
1791641659.968 36290 97.431
1791641659.970 36298 90.323
1791641659.972 36306 83.237
1791641659.974 36314 76.141
1791641659.976 36322 69.046
1791641659.978 36330 61.948
1791641659.980 36338 54.846
1791641659.982 36346 47.756
1791641659.984 36354 40.658
1791641659.986 36362 33.560
1791641659.988 36276 133.438
1791641659.990 36284 126.340
1791641659.992 36292 118.704
1791641659.994 36300 112.142
1791641659.996 36308 105.055
1791641659.998 36316 97.951
1791641660.000 36324 90.864
1791641660.002 36332 83.225
1791641660.004 36340 76.664
1791641660.006 36348 69.576
1791641660.008 36356 62.472
1791641660.010 36364 55.361
1791641660.012 36271 163.219
1791641660.014 36279 156.152
1791641660.016 36287 149.022
1791641660.018 36295 141.928
1791641660.020 36303 134.255
1791641660.022 36311 127.738
1791641660.024 36319 120.643
1791641660.026 36327 113.538
1791641660.028 36335 106.442
1791641660.030 36343 98.816
1791641660.032 36351 92.265
1791641660.034 36359 85.173
1791641660.037 36370 75.806
1791641660.039 36378 68.715
1791641660.041 36386 61.623
1791641660.043 36394 54.523
1791641660.046 36402 47.429
1791641660.048 36410 40.331
1791641660.050 36418 33.233
1791641660.052 36426 26.139
1791641660.054 36367 95.281
1791641660.056 36375 88.182
1791641660.058 36383 81.092
1791641660.060 36391 73.994
1791641660.062 36399 66.895
1791641660.064 36407 59.809
1791641660.066 36415 52.712
1791641660.068 36423 45.613
1791641660.070 36431 38.525
1791641660.072 36372 107.659
1791641660.074 36380 100.565
1791641660.076 36388 93.474
1791641660.078 36396 85.586
1791641660.080 36404 79.271
1791641660.082 36412 72.187
1791641660.084 36420 64.289
1791641660.086 36428 57.988
1791641660.089 36436 51.971
1791641660.091 36444 44.075
1791641660.093 36452 37.780
1791641660.095 36460 30.693
1791641660.097 36468 22.793
1791641660.099 36434 64.273
1791641660.101 36442 57.190
1791641660.103 36450 50.097
1791641660.105 36458 42.998
1791641660.107 36466 35.902
1791641660.109 36474 28.808
1791641660.111 36439 70.538
1791641660.113 36447 63.559
1791641660.115 36455 56.464
1791641660.117 36463 49.343
1791641660.119 36471 42.267
1791641660.122 36476 39.444
1791641660.124 36484 32.359
1791641660.126 36492 24.439
1791641660.128 36500 18.153
1791641660.130 36482 40.644
1791641660.132 36490 33.555
1791641660.134 36498 26.455
1791641660.136 36479 50.097
1791641660.138 36487 43.004
1791641660.140 36495 35.906
1791641660.142 36503 28.798
1791641660.145 36511 22.771
1791641660.147 36519 15.685
1791641660.149 36506 32.479
1791641660.151 36514 25.386
1791641660.153 36522 18.286
1791641660.155 36508 36.239
1791641660.157 36516 28.372
1791641660.159 36524 22.039
1791641660.162 36532 15.842
1791641660.164 36527 22.751
1791641660.166 36535 16.441
1791641660.168 36530 24.136
1791641660.170 36538 17.042
1791641660.273 36546 111.146
1791641660.275 36543 116.598
1791641660.277 36540 121.988
1791641660.279 36548 114.932
1791641660.282 36554 111.426
1791641660.284 36562 104.333
1791641660.286 36570 97.229
1791641660.288 36578 90.086
1791641660.291 36586 83.043
1791641660.293 36594 75.946
1791641660.295 36602 68.853
1791641660.297 36610 61.754
1791641660.299 36618 54.658
1791641660.301 36626 47.564
1791641660.303 36634 40.466
1791641660.305 36642 33.368
1791641660.307 36551 138.147
1791641660.309 36559 131.833
1791641660.311 36567 124.746
1791641660.313 36575 117.131
1791641660.315 36583 110.555
1791641660.317 36591 103.458
1791641660.319 36599 96.357
1791641660.321 36607 89.268
1791641660.323 36615 81.591
1791641660.325 36623 75.075
1791641660.327 36631 67.970
1791641660.329 36639 60.888
1791641660.331 36556 157.346
1791641660.333 36564 150.243
1791641660.335 36572 143.142
1791641660.337 36580 136.054
1791641660.339 36588 128.952
1791641660.341 36596 121.861
1791641660.343 36604 114.217
1791641660.345 36612 107.679
1791641660.347 36620 100.595
1791641660.349 36628 93.490
1791641660.351 36636 86.401
1791641660.354 36647 77.113
1791641660.356 36655 70.022
1791641660.358 36663 62.919
1791641660.360 36671 55.827
1791641660.362 36679 48.724
1791641660.364 36687 41.566
1791641660.366 36695 34.538
1791641660.368 36703 27.442
1791641660.370 36644 95.767
1791641660.372 36652 89.478
1791641660.374 36660 82.391
1791641660.376 36668 74.507
1791641660.378 36676 68.190
1791641660.380 36684 61.110
1791641660.382 36692 53.197
1791641660.384 36700 46.909
1791641660.386 36708 39.817
1791641660.388 36650 107.825
1791641660.390 36658 100.728
1791641660.392 36666 93.633
1791641660.394 36674 86.536
1791641660.396 36682 79.429
1791641660.398 36690 72.343
1791641660.400 36698 65.247
1791641660.402 36706 58.130
1791641660.405 36716 49.066
1791641660.407 36724 42.809
1791641660.409 36732 35.719
1791641660.411 36740 27.804
1791641660.413 36748 21.517
1791641660.415 36714 62.218
1791641660.417 36722 55.121
1791641660.419 36730 48.025
1791641660.421 36738 40.928
1791641660.423 36746 33.833
1791641660.425 36711 75.680
1791641660.427 36719 68.582
1791641660.429 36727 61.483
1791641660.431 36735 54.386
1791641660.433 36743 47.294
1791641660.435 36751 40.196
1791641660.438 36754 39.625
1791641660.440 36762 32.541
1791641660.442 36770 25.441
1791641660.444 36778 18.339
1791641660.446 36756 45.396
1791641660.448 36764 37.476
1791641660.450 36772 31.194
1791641660.452 36780 24.107
1791641660.454 36759 50.007
1791641660.456 36767 42.911
1791641660.458 36775 35.822
1791641660.461 36783 29.419
1791641660.463 36791 22.654
1791641660.465 36799 15.562
1791641660.467 36788 29.281
1791641660.469 36796 22.982
1791641660.471 36786 36.377
1791641660.473 36794 29.284
1791641660.477 36807 17.618
1791641660.479 36815 10.514
1791641660.481 36802 27.302
1791641660.483 36810 20.205
1791641660.485 36818 13.105
1791641660.487 36804 31.038
1791641660.489 36812 23.140
1791641660.491 36820 17.647
1791641660.493 36828 10.654
1791641660.495 36826 14.914
1791641660.498 36823 20.364
1791641660.500 36836 8.435
1791641660.502 36831 16.135
1791641660.504 36834 14.703
1791641660.507 36839 11.798
1791641660.509 36842 10.372
1791641660.512 36844 10.917
1791641660.514 36847 9.529
1791641660.517 36850 8.788
1791641660.519 36852 8.537
1791641660.523 36855 9.332
1791641660.525 36860 5.640
1791641660.527 36858 9.915
1791641660.530 36866 3.552
1791641660.532 36863 8.975
1791641660.536 36868 8.091
1791641660.538 36871 6.688
1791641660.543 36876 6.008
1791641660.545 36874 10.281
1791641660.550 36882 6.032
1791641660.552 36879 11.398
1791641660.557 36884 9.548
1791641660.559 36890 5.615
1791641660.561 36887 11.046
1791641660.564 36895 4.775
1791641660.566 36892 10.150
1791641660.571 36900 5.965
1791641660.573 36898 10.236
1791641660.577 36906 5.839
1791641660.579 36903 11.265
1791641660.583 36911 5.665
1791641660.585 36908 10.302
1791641660.590 36914 8.766
1791641660.592 36916 8.592
1791641660.596 36919 8.856
1791641660.598 36924 5.710
1791641660.600 36922 9.987
1791641660.603 36930 3.738
1791641660.605 36927 9.161
1791641660.609 36935 4.760
1791641660.611 36932 10.163
1791641660.616 36938 8.184
1791641660.618 36940 7.933
1791641660.623 36946 5.653
1791641660.625 36943 11.081
1791641660.629 36948 8.646
1791641660.631 36951 7.941
1791641660.635 36954 9.242
1791641660.637 36956 8.982
1791641660.641 36959 8.391
1791641660.643 36964 5.463
1791641660.645 36962 9.748
1791641660.648 36970 3.738
1791641660.650 36967 9.163
1791641660.655 36972 7.834
1791641660.657 36975 6.446
1791641660.661 36978 7.899
1791641660.663 36980 7.616
1791641660.668 36986 5.394
1791641660.670 36983 10.702
1791641660.674 36988 8.531
1791641660.676 36991 7.600
1791641660.681 36999 3.441
1791641660.683 36996 8.863
1791641660.685 36994 13.058
1791641660.688 37004 4.800
1791641660.690 37002 9.076
1791641660.694 37010 4.498
1791641660.696 37007 9.916
1791641660.701 37015 5.610
1791641660.703 37012 10.916
1791641660.708 37020 6.575
1791641660.710 37018 10.854
1791641660.714 37023 8.351
1791641660.716 37026 7.415
1791641660.719 37028 8.499
1791641660.721 37031 7.571
1791641660.726 37036 6.550
1791641660.728 37034 10.783
1791641660.732 37042 5.472
1791641660.734 37039 10.427
1791641660.738 37047 5.612
1791641660.740 37044 10.508
1791641660.744 37050 8.771
1791641660.746 37052 8.553
1791641660.750 37055 8.392
1791641660.752 37058 7.436
1791641660.756 37063 5.649
1791641660.758 37060 10.595
1791641660.763 37066 8.775
1791641660.765 37068 8.588
1791641660.768 37076 3.406
1791641660.770 37074 7.682
1791641660.772 37071 12.605
1791641660.776 37079 7.100
1791641660.778 37082 5.683
1791641660.782 37087 4.431
1791641660.784 37084 9.851
1791641660.789 37092 5.530
1791641660.791 37090 9.804
1791641660.795 37098 5.372
1791641660.797 37095 10.790
1791641660.801 37103 5.556
1791641660.803 37100 10.489
1791641660.808 37106 8.757
1791641660.810 37108 8.546
1791641660.814 37111 8.649
1791641660.816 37114 7.704
1791641660.821 37122 3.964
1791641660.823 37119 9.373
1791641660.825 37116 13.971
1791641660.828 37124 8.440
1791641660.830 37127 7.053
1791641660.835 37132 5.893
1791641660.837 37130 10.160
1791641660.841 37138 5.873
1791641660.844 37135 11.295
1791641660.847 37140 8.643
1791641660.849 37143 7.991
1791641660.854 37146 8.850
1791641660.856 37148 9.203
1791641660.858 37151 7.801
1791641660.861 37156 4.916
1791641660.863 37154 9.155
1791641660.868 37162 4.770
1791641660.870 37159 10.192
1791641660.875 37164 9.293
1791641660.877 37167 7.909
1791641660.881 37172 6.952
1791641660.883 37170 11.237
1791641660.887 37175 8.780
1791641660.889 37180 5.868
1791641660.891 37178 10.156
1791641660.894 37186 3.793
1791641660.896 37183 9.217
1791641660.901 37191 4.840
1791641660.903 37188 10.243
1791641660.907 37196 5.840
1791641660.909 37194 10.119
1791641660.914 37202 5.892
1791641660.916 37199 11.303
1791641660.920 37204 8.567
1791641660.922 37207 7.929
1791641660.927 37210 9.290
1791641660.929 37212 9.026
1791641660.933 37220 3.925
1791641660.935 37218 8.210
1791641660.937 37215 12.862
1791641660.940 37223 7.285
1791641660.942 37226 5.878
1791641660.947 37231 5.089
1791641660.949 37228 10.497
1791641660.953 37234 7.860
1791641660.955 37236 7.596
1791641660.959 37239 8.896
1791641660.962 37242 7.530
1791641660.965 37247 5.677
1791641660.967 37244 10.616
1791641660.972 37252 6.570
1791641660.974 37250 10.765
1791641660.978 37255 8.371
1791641660.980 37258 7.438
1791641660.983 37260 8.533
1791641660.985 37263 7.623
1791641660.990 37266 8.763
1791641660.992 37268 8.570
1791641660.996 37271 8.384
1791641660.998 37274 7.462
1791641661.002 37276 8.601
1791641661.004 37279 7.662
1791641661.008 37282 8.745
1791641661.010 37284 8.565
1791641661.014 37290 5.715
1791641661.016 37287 10.661
1791641661.020 37295 5.669
1791641661.022 37292 10.624
1791641661.026 37298 8.699
1791641661.028 37300 8.528
1791641661.032 37303 8.309
1791641661.034 37306 7.390
1791641661.038 37308 8.452
1791641661.040 37311 7.523
1791641661.045 37316 6.667
1791641661.047 37314 10.942
1791641661.051 37324 3.494
1791641661.053 37319 10.628
1791641661.055 37322 9.769
1791641661.058 37330 3.569
1791641661.060 37327 9.013
1791641661.064 37335 4.524
1791641661.066 37332 9.930
1791641661.071 37338 8.140
1791641661.073 37340 7.893
1791641661.078 37346 5.443
1791641661.080 37343 10.653
1791641661.084 37351 5.614
1791641661.086 37348 10.540
1791641661.090 37356 6.571
1791641661.092 37354 10.776
1791641661.096 37364 3.443
1791641661.098 37362 7.768
1791641661.100 37359 12.704
1791641661.103 37370 3.666
1791641661.105 37367 9.093
1791641661.110 37372 7.919
1791641661.112 37375 6.523
1791641661.117 37380 5.590
1791641661.119 37378 9.855
1791641661.123 37383 8.851
1791641661.125 37386 7.435
1791641661.129 37391 5.636
1791641661.131 37388 10.571
1791641661.136 37396 6.799
1791641661.138 37394 11.024
1791641661.142 37404 3.592
1791641661.144 37399 10.755
1791641661.146 37402 9.863
1791641661.149 37410 3.681
1791641661.151 37407 9.109
1791641661.156 37415 4.736
1791641661.158 37412 10.145
1791641661.162 37420 5.849
1791641661.164 37418 10.122
1791641661.169 37426 5.855
1791641661.171 37423 11.257
1791641661.176 37434 3.879
1791641661.178 37428 11.901
1791641661.180 37431 11.311
1791641661.183 37436 8.325
1791641661.185 37439 6.953
1791641661.190 37442 8.352
1791641661.192 37444 8.099
1791641661.196 37450 5.715
1791641661.198 37447 11.052
1791641661.204 37455 7.501
1791641661.206 37458 6.071
1791641661.208 37452 14.089
1791641661.211 37463 5.173
1791641661.213 37460 10.567
1791641661.217 37468 6.109
1791641661.219 37466 10.391
1791641661.223 37471 8.869
1791641661.225 37474 7.457
1791641661.230 37476 9.097
1791641661.232 37479 8.221
1791641661.236 37484 6.940
1791641661.238 37482 11.219
1791641661.242 37487 8.733
1791641661.244 37492 5.801
1791641661.246 37490 10.087
1791641661.249 37495 7.298
1791641661.251 37498 5.892
1791641661.256 37500 8.199
1791641661.258 37503 6.813
1791641661.263 37506 8.178
1791641661.265 37508 7.928
1791641661.270 37514 6.073
1791641661.272 37516 5.851
1791641661.274 37511 13.504
1791641661.276 37519 7.213
1791641661.278 37522 5.806
1791641661.283 37527 4.748
1791641661.285 37524 10.152
1791641661.290 37530 8.114
1791641661.292 37532 7.870
1791641661.297 37535 9.140
1791641661.299 37538 7.735
1791641661.303 37540 9.465
1791641661.305 37546 5.460
1791641661.307 37543 10.902
1791641661.310 37551 4.859
1791641661.312 37548 10.269
1791641661.317 37556 5.587
1791641661.319 37554 9.866
1791641661.324 37559 8.833
1791641661.326 37562 7.476
1791641661.329 37567 5.648
1791641661.331 37564 10.599
1791641661.339 37575 6.390
1791641661.341 37570 11.588
1791641661.343 37572 13.428
1791641661.346 37578 9.670
1791641661.348 37580 9.520
1791641661.351 37583 8.648
1791641661.353 37586 7.716
1791641661.357 37591 5.636
1791641661.359 37588 10.556
1791641661.363 37596 6.626
1791641661.365 37594 10.837
1791641661.369 37602 5.489
1791641661.371 37599 10.471
1791641661.375 37607 5.645
1791641661.377 37604 10.604
1791641661.382 37612 6.610
1791641661.384 37610 10.804
1791641661.387 37615 8.494
1791641661.389 37618 7.545
1791641661.393 37623 5.687
1791641661.395 37620 10.658
1791641661.400 37626 8.766
1791641661.402 37628 8.605
1791641661.405 37634 5.413
1791641661.407 37631 10.355
1791641661.412 37636 8.930
1791641661.414 37639 8.010
1791641661.418 37647 3.605
1791641661.420 37642 11.269
1791641661.422 37644 11.024
1791641661.425 37652 4.835
1791641661.427 37650 9.112
1791641661.432 37658 4.517
1791641661.434 37655 9.888
1791641661.439 37660 9.021
1791641661.441 37663 7.735
1791641661.445 37668 6.526
1791641661.447 37666 10.767
1791641661.451 37671 8.437
1791641661.453 37674 7.497
1791641661.457 37676 8.547
1791641661.459 37679 7.602
1791641661.464 37684 6.834
1791641661.466 37682 11.034
1791641661.469 37692 3.444
1791641661.471 37687 10.575
1791641661.474 37690 9.727
1791641661.476 37695 6.936
1791641661.478 37698 5.514
1791641661.484 37703 5.040
1791641661.486 37700 10.461
1791641661.490 37706 8.158
1791641661.492 37708 7.903
1791641661.497 37714 5.709
1791641661.499 37711 11.133
1791641661.503 37719 5.888
1791641661.505 37716 10.587
1791641661.509 37722 9.196
1791641661.511 37724 8.935
1791641661.516 37727 8.856
1791641661.518 37730 8.209
1791641661.520 37732 7.929
1791641661.522 37738 4.046
1791641661.524 37735 9.469
1791641661.529 37740 8.202
1791641661.531 37743 6.819
1791641661.535 37746 7.854
1791641661.537 37748 7.599
1791641661.542 37751 9.149
1791641661.544 37754 7.740
1791641661.549 37756 8.950
1791641661.551 37759 8.276
1791641661.555 37764 6.983
1791641661.557 37762 11.215
1791641661.562 37767 10.034
1791641661.564 37770 9.434
1791641661.566 37772 9.161
1791641661.569 37775 8.495
1791641661.571 37778 7.093
1791641661.576 37780 9.622
1791641661.578 37783 8.222
1791641661.582 37786 9.232
1791641661.584 37788 8.973
1791641661.588 37794 5.959
1791641661.590 37791 10.607
1791641661.592 37796 7.696
1791641661.595 37799 7.185
1791641661.597 37802 5.782
1791641661.602 37804 8.137
1791641661.604 37807 6.751
1791641661.609 37810 8.489
1791641661.611 37812 8.229
1791641661.615 37818 5.766
1791641661.617 37815 11.190
1791641661.621 37820 8.416
1791641661.623 37823 7.055
1791641661.627 37828 6.554
1791641661.629 37826 10.613
1791641661.634 37831 8.853
1791641661.636 37834 7.918
1791641661.638 37836 7.661
1791641661.641 37839 7.308
1791641661.643 37842 5.907
1791641661.647 37847 4.771
1791641661.649 37844 10.183
1791641661.654 37850 8.435
1791641661.656 37852 8.177
1791641661.660 37855 8.913
1791641661.662 37858 7.505
1791641661.666 37863 5.669
1791641661.668 37860 10.590
1791641661.673 37868 6.522
1791641661.675 37866 10.663
1791641661.679 37874 5.375
1791641661.681 37871 10.323
1791641661.684 37876 8.490
1791641661.686 37879 7.578
1791641661.691 37884 6.564
1791641661.693 37882 10.775
1791641661.697 37890 5.432
1791641661.699 37887 10.382
1791641661.703 37892 8.490
1791641661.705 37895 7.594
1791641661.709 37898 8.728
1791641661.711 37900 8.538
1791641661.716 37903 8.918
1791641661.718 37906 7.966
1791641661.723 37911 7.400
1791641661.725 37908 11.878
1791641661.727 37914 7.998
1791641661.729 37916 8.451
1791641661.731 37919 7.058
1791641661.736 37922 7.978
1791641661.738 37924 7.714
1791641661.742 37927 8.698
1791641661.744 37930 7.358
1791641661.749 37932 8.935
1791641661.751 37935 8.030
1791641661.755 37940 6.957
1791641661.757 37938 11.246
1791641661.761 37946 6.074
1791641661.763 37948 5.800
1791641661.765 37943 12.723
1791641661.768 37951 7.280
1791641661.770 37954 5.875
1791641661.775 37956 8.193
1791641661.777 37959 6.810
1791641661.781 37962 8.176
1791641661.784 37964 7.921
1791641661.788 37967 9.169
1791641661.790 37970 7.781
1791641661.795 37978 3.846
1791641661.797 37975 9.264
1791641661.799 37972 13.869
1791641661.802 37980 8.248
1791641661.804 37983 6.910
1791641661.809 37988 5.928
1791641661.811 37986 10.192
1791641661.815 37994 5.472
1791641661.817 37991 10.894
1791641661.821 37999 5.561
1791641661.823 37996 10.502
1791641661.828 38004 6.704
1791641661.830 38002 10.920
1791641661.834 38010 5.652
1791641661.836 38007 10.487
1791641661.838 38012 7.401
1791641661.841 38018 3.741
1791641661.843 38015 9.171
1791641661.847 38020 7.925
1791641661.849 38023 6.525
1791641661.854 38028 5.626
1791641661.856 38026 9.905
1791641661.861 38031 8.744
1791641661.863 38034 7.438
1791641661.867 38036 8.670
1791641661.869 38039 7.787
1791641661.873 38044 6.570
1791641661.875 38042 10.635
1791641661.879 38050 5.542
1791641661.881 38047 10.493
1791641661.885 38052 8.610
1791641661.887 38055 7.684
1791641661.891 38060 6.597
1791641661.893 38058 10.789
1791641661.897 38063 8.332
1791641661.899 38066 7.395
1791641661.904 38071 6.179
1791641661.906 38068 11.108
1791641661.910 38076 6.577
1791641661.912 38074 10.771
1791641661.916 38082 6.011
1791641661.918 38079 10.933
1791641661.920 38084 7.762
1791641661.923 38090 3.822
1791641661.925 38087 9.240
1791641661.929 38095 4.410
1791641661.931 38092 9.806
1791641661.936 38098 7.849
1791641661.938 38100 7.587
1791641661.943 38103 9.116
1791641661.945 38106 7.694
1791641661.948 38108 8.508
1791641661.950 38111 7.649
1791641661.955 38116 6.511
1791641661.957 38114 10.779
1791641661.961 38122 5.856
1791641661.963 38119 10.803
1791641661.968 38130 3.663
1791641661.970 38124 11.675
1791641661.972 38127 11.107
1791641661.975 38135 4.909
1791641661.977 38132 10.336
1791641661.981 38138 7.794
1791641661.983 38140 7.561
1791641661.988 38146 5.501
1791641661.990 38143 10.950
1791641661.994 38148 8.864
1791641661.996 38151 7.953
1791641662.001 38154 8.910
1791641662.003 38156 9.001
1791641662.007 38164 3.710
1791641662.009 38159 10.632
1791641662.011 38162 10.006
1791641662.014 38167 7.073
1791641662.016 38170 5.668
1791641662.020 38175 4.757
1791641662.022 38172 10.168
1791641662.027 38178 8.232
1791641662.029 38180 7.978
1791641662.034 38186 5.878
1791641662.036 38183 11.265
1791641662.041 38194 3.970
1791641662.043 38191 9.387
1791641662.045 38188 13.999
1791641662.048 38199 5.119
1791641662.050 38196 10.518
1791641662.055 38202 8.096
1791641662.057 38204 7.831
1791641662.061 38210 5.873
1791641662.063 38207 11.299
1791641662.067 38212 8.671
1791641662.069 38215 8.036
1791641662.074 38220 6.910
1791641662.076 38218 11.123
1791641662.081 38228 4.784
1791641662.083 38223 11.641
1791641662.085 38226 11.057
1791641662.088 38234 4.710
1791641662.090 38231 10.129
1791641662.095 38239 6.250
1791641662.097 38236 11.647
1791641662.101 38242 9.229
1791641662.103 38244 8.973
1791641662.107 38250 6.166
1791641662.109 38252 5.897
1791641662.111 38247 12.824
1791641662.114 38255 7.293
1791641662.116 38258 5.888
1791641662.121 38263 5.058
1791641662.123 38260 10.464
1791641662.128 38268 6.151
1791641662.130 38266 10.420
1791641662.134 38271 9.351
1791641662.136 38274 7.943
1791641662.140 38279 6.222
1791641662.142 38276 10.863
1791641662.147 38282 9.332
1791641662.149 38284 9.127
1791641662.151 38287 7.727
1791641662.154 38292 4.980
1791641662.156 38290 9.259
1791641662.160 38295 7.927
1791641662.162 38298 6.524
1791641662.167 38303 5.684
1791641662.169 38300 11.020
1791641662.174 38308 6.535
1791641662.176 38306 10.704
1791641662.179 38311 8.329
1791641662.181 38314 7.413
1791641662.185 38316 8.483
1791641662.187 38319 7.567
1791641662.192 38322 8.760
1791641662.194 38324 8.568
1791641662.197 38330 5.374
1791641662.199 38327 10.305
1791641662.203 38332 8.471
1791641662.205 38335 7.573
1791641662.210 38338 8.726
1791641662.212 38340 8.531
1791641662.216 38346 5.588
1791641662.218 38343 10.554
1791641662.222 38348 8.380
1791641662.224 38351 7.633
1791641662.228 38354 8.791
1791641662.230 38356 8.616
1791641662.234 38362 5.785
1791641662.236 38364 5.531
1791641662.238 38359 12.713
1791641662.241 38367 6.965
1791641662.243 38370 5.539
1791641662.248 38375 4.744
1791641662.250 38372 10.174
1791641662.255 38380 6.159
1791641662.257 38378 10.422
1791641662.261 38386 5.516
1791641662.263 38383 10.873
1791641662.268 38388 8.890
1791641662.270 38391 8.028
1791641662.274 38394 8.846
1791641662.276 38396 8.633
1791641662.280 38404 3.878
1791641662.282 38402 8.151
1791641662.284 38399 13.053
1791641662.287 38410 3.943
1791641662.289 38407 9.360
1791641662.294 38415 4.726
1791641662.296 38412 10.171
1791641662.300 38418 8.099
1791641662.302 38420 7.843
1791641662.307 38423 9.316
1791641662.309 38426 7.905
1791641662.314 38428 9.706
1791641662.316 38431 9.093
1791641662.318 38434 7.679
1791641662.321 38436 8.217
1791641662.323 38439 6.832
1791641662.328 38442 8.259
1791641662.330 38444 8.013
1791641662.335 38450 5.864
1791641662.337 38447 11.282
1791641662.340 38452 8.615
1791641662.342 38455 7.968
1791641662.347 38460 6.573
1791641662.349 38458 10.809
1791641662.353 38463 8.588
1791641662.355 38468 5.415
1791641662.357 38466 9.694
1791641662.360 38474 3.936
1791641662.362 38471 9.363
1791641662.366 38476 8.088
1791641662.368 38479 6.688
1791641662.373 38482 7.888
1791641662.375 38484 7.626
1791641662.380 38490 5.430
1791641662.382 38487 10.802
1791641662.385 38492 8.527
1791641662.387 38495 7.624
1791641662.392 38498 8.769
1791641662.394 38500 8.569
1791641662.398 38506 5.452
1791641662.400 38503 10.415
1791641662.404 38511 5.673
1791641662.406 38508 10.596
1791641662.411 38516 7.539
1791641662.413 38514 11.735
1791641662.416 38519 8.819
1791641662.418 38522 7.887
1791641662.423 38530 3.659
1791641662.425 38524 11.651
1791641662.427 38527 11.104
1791641662.430 38535 4.768
1791641662.432 38532 10.169
1791641662.437 38540 5.877
1791641662.439 38538 10.150
1791641662.443 38546 5.408
1791641662.445 38543 10.828
1791641662.449 38548 8.475
1791641662.451 38551 7.563
1791641662.456 38554 8.759
1791641662.458 38556 8.561
1791641662.462 38562 5.498
1791641662.464 38559 10.430
1791641662.467 38567 5.669
1791641662.469 38564 10.568
1791641662.474 38570 8.724
1791641662.476 38572 8.582
1791641662.480 38575 8.837
1791641662.482 38580 5.664
1791641662.484 38578 9.927
1791641662.487 38583 7.247
1791641662.489 38586 5.818
1791641662.494 38588 7.903
1791641662.496 38591 6.513
1791641662.500 38594 7.814
1791641662.502 38596 7.567
1791641662.507 38602 5.442
1791641662.509 38599 10.880
1791641662.513 38604 8.907
1791641662.515 38607 7.985
1791641662.520 38610 9.242
1791641662.522 38612 9.042
1791641662.526 38620 3.874
1791641662.528 38618 8.163
1791641662.530 38615 12.806
1791641662.533 38623 7.412
1791641662.535 38626 6.007
1791641662.539 38631 4.756
1791641662.541 38628 10.165
1791641662.546 38634 7.991
1791641662.548 38636 7.733
1791641662.553 38639 8.694
1791641662.555 38642 7.392
1791641662.559 38647 5.971
1791641662.561 38644 10.870
1791641662.565 38652 6.893
1791641662.567 38650 11.171
1791641662.571 38658 5.698
1791641662.573 38660 5.423
1791641662.575 38655 12.364
1791641662.578 38663 7.221
1791641662.580 38666 5.777
1791641662.585 38668 8.150
1791641662.587 38671 6.768
1791641662.592 38676 5.945
1791641662.594 38674 10.187
1791641662.598 38682 5.461
1791641662.600 38679 10.877
1791641662.604 38684 8.497
1791641662.606 38687 7.615
1791641662.611 38692 6.573
1791641662.613 38690 10.754
1791641662.617 38700 3.417
1791641662.619 38695 10.598
1791641662.621 38698 9.696
1791641662.624 38706 3.628
1791641662.626 38703 9.058
1791641662.630 38708 7.874
1791641662.632 38711 6.482
1791641662.637 38714 7.845
1791641662.639 38716 7.577
1791641662.644 38719 8.922
1791641662.646 38722 7.511
1791641662.649 38724 8.559
1791641662.651 38727 7.631
1791641662.656 38732 6.519
1791641662.658 38730 10.727
1791641662.662 38738 6.093
1791641662.664 38735 11.013
1791641662.666 38740 7.843
1791641662.669 38743 7.298
1791641662.671 38746 5.890
1791641662.676 38751 4.626
1791641662.678 38748 10.058
1791641662.684 38754 8.982
1791641662.686 38759 5.558
1791641662.688 38756 10.977
1791641662.691 38764 4.744
1791641662.693 38762 9.003
1791641662.697 38770 4.494
1791641662.699 38767 9.917
1791641662.704 38772 9.095
1791641662.706 38775 7.767
1791641662.711 38778 8.615
1791641662.713 38780 8.517
1791641662.717 38786 5.790
1791641662.719 38783 10.702
1791641662.721 38788 7.535
1791641662.724 38791 7.220
1791641662.726 38794 5.814
1791641662.730 38799 4.493
1791641662.732 38796 9.893
1791641662.737 38802 7.841
1791641662.739 38804 7.580
1791641662.744 38810 5.479
1791641662.746 38807 10.873
1791641662.750 38815 5.617
1791641662.752 38812 10.525
1791641662.756 38820 6.602
1791641662.758 38818 10.798
1791641662.762 38826 5.682
1791641662.764 38823 10.655
1791641662.766 38828 7.434
1791641662.769 38831 7.274
1791641662.771 38834 5.859
1791641662.776 38839 4.558
1791641662.778 38836 9.962
1791641662.783 38844 5.631
1791641662.785 38842 9.906
1791641662.789 38847 8.721
1791641662.791 38850 7.440
1791641662.795 38852 8.642
1791641662.797 38855 7.706
1791641662.802 38858 8.829
1791641662.804 38860 8.688
1791641662.808 38863 8.525
1791641662.810 38868 5.395
1791641662.812 38866 9.684
1791641662.815 38874 3.634
1791641662.817 38871 9.060
1791641662.821 38876 7.858
1791641662.823 38879 6.466
1791641662.828 38882 7.828
1791641662.830 38884 7.573
1791641662.835 38887 8.756
1791641662.837 38890 7.431
1791641662.841 38895 5.563
1791641662.843 38892 10.482
1791641662.847 38900 6.551
1791641662.849 38898 10.766
1791641662.853 38903 8.429
1791641662.855 38906 7.510
1791641662.859 38908 8.590
1791641662.861 38911 7.630
1791641662.865 38914 8.712
1791641662.867 38916 8.564
1791641662.872 38919 8.818
1791641662.874 38922 7.905
1791641662.876 38924 7.633
1791641662.879 38930 3.817
1791641662.881 38927 9.244
1791641662.885 38932 7.895
1791641662.887 38935 6.507
1791641662.892 38938 7.883
1791641662.894 38940 7.625
1791641662.898 38946 5.421
1791641662.901 38943 10.844
1791641662.904 38951 5.611
1791641662.906 38948 10.542
1791641662.911 38956 6.581
1791641662.913 38954 10.805
1791641662.917 38959 8.403
1791641662.919 38962 7.478
1791641662.923 38967 5.655
1791641662.925 38964 10.562
1791641662.930 38970 9.052
1791641662.932 38972 8.878
1791641662.934 38975 7.466
1791641662.937 38980 4.874
1791641662.939 38978 9.147
1791641662.943 38986 4.462
1791641662.945 38983 9.880
1791641662.950 38991 5.628
1791641662.952 38988 10.991
1791641662.956 38996 6.510
1791641662.958 38994 10.789
1791641663.063 38999 108.982
1791641663.065 39004 105.842
1791641663.067 39002 110.118
1791641663.070 39012 102.042
1791641663.072 39020 94.967
1791641663.074 39028 87.368
1791641663.076 39036 80.760
1791641663.078 39044 73.085
1791641663.080 39052 66.570
1791641663.082 39060 59.482
1791641663.084 39068 52.376
1791641663.086 39076 45.304
1791641663.088 39084 37.704
1791641663.090 39092 31.089
1791641663.092 39010 126.411
1791641663.094 39018 119.313
1791641663.096 39026 112.218
1791641663.098 39034 105.117
1791641663.100 39042 98.025
1791641663.102 39050 90.926
1791641663.104 39058 83.835
1791641663.106 39066 76.745
1791641663.108 39074 69.644
1791641663.110 39082 62.552
1791641663.112 39090 55.479
1791641663.114 39007 151.912
1791641663.116 39015 144.820
1791641663.118 39023 137.725
1791641663.120 39031 130.627
1791641663.122 39039 123.092
1791641663.124 39047 116.429
1791641663.126 39055 108.831
1791641663.128 39063 102.244
1791641663.130 39071 95.159
1791641663.132 39079 88.061
1791641663.134 39087 80.970
1791641663.137 39100 69.135
1791641663.139 39108 62.045
1791641663.141 39116 54.961
1791641663.143 39124 47.066
1791641663.145 39132 40.757
1791641663.148 39140 33.666
1791641663.150 39148 25.791
1791641663.152 39098 85.476
1791641663.154 39106 78.379
1791641663.156 39114 71.280
1791641663.158 39122 64.185
1791641663.160 39130 57.091
1791641663.162 39138 49.994
1791641663.164 39146 42.898
1791641663.166 39154 35.800
1791641663.168 39095 104.377
1791641663.170 39103 97.853
1791641663.172 39111 90.761
1791641663.174 39119 83.668
1791641663.176 39127 76.573
1791641663.178 39135 69.483
1791641663.180 39143 62.379
1791641663.182 39151 55.284
1791641663.185 39159 49.225
1791641663.187 39167 42.134
1791641663.189 39175 35.032
1791641663.191 39183 27.962
1791641663.193 39191 20.542
1791641663.195 39162 55.871
1791641663.197 39170 48.781
1791641663.199 39178 41.685
1791641663.201 39186 34.586
1791641663.203 39194 27.491
1791641663.205 39156 72.740
1791641663.207 39164 65.651
1791641663.209 39172 57.616
1791641663.211 39180 51.446
1791641663.213 39188 44.361
1791641663.216 39196 37.643
1791641663.218 39204 31.334
1791641663.220 39212 24.254
1791641663.222 39220 16.365
1791641663.224 39202 39.646
1791641663.226 39210 32.540
1791641663.228 39218 25.450
1791641663.230 39226 18.353
1791641663.232 39199 51.101
1791641663.234 39207 43.986
1791641663.236 39215 36.900
1791641663.238 39223 29.803
1791641663.241 39231 23.452
1791641663.243 39239 16.332
1791641663.245 39234 24.042
1791641663.247 39242 16.947
1791641663.249 39228 34.884
1791641663.251 39236 27.788
1791641663.254 39244 20.588
1791641663.256 39252 14.279
1791641663.258 39247 21.989
1791641663.260 39255 14.896
1791641663.262 39250 22.577
1791641663.264 39260 14.060
1791641663.266 39263 12.619
1791641663.268 39258 20.343
1791641663.270 39266 13.253
1791641663.273 39268 12.912
1791641663.275 39271 12.334
1791641663.277 39274 10.923
1791641663.280 39276 11.394
1791641663.282 39279 9.988
1791641663.285 39282 9.308
1791641663.287 39284 9.038
1791641663.290 39287 9.186
1791641663.292 39290 7.774
1791641663.297 39298 3.623
1791641663.299 39295 9.067
1791641663.301 39292 13.682
1791641663.304 39300 8.344
1791641663.306 39303 6.963
1791641663.311 39308 5.613
1791641663.313 39306 9.884
1791641663.318 39311 9.157
1791641663.320 39314 7.749
1791641663.323 39316 8.817
1791641663.325 39319 7.917
1791641663.330 39324 6.938
1791641663.332 39322 11.137
1791641663.336 39330 5.844
1791641663.338 39327 10.480
1791641663.340 39332 7.558
1791641663.343 39338 3.788
1791641663.345 39335 9.227
1791641663.349 39343 4.452
1791641663.351 39340 9.850
1791641663.356 39346 7.819
1791641663.358 39348 7.573
1791641663.363 39354 5.438
1791641663.365 39351 10.855
1791641663.369 39359 6.209
1791641663.371 39356 11.095
1791641663.376 39364 6.853
1791641663.378 39362 11.115
1791641663.382 39372 4.645
1791641663.384 39367 11.527
1791641663.387 39370 10.933
1791641663.390 39375 8.249
1791641663.392 39378 6.843
1791641663.396 39380 8.986
1791641663.398 39383 7.653
1791641663.403 39386 8.747
1791641663.405 39388 8.566
1791641663.409 39396 3.426
1791641663.411 39394 7.697
1791641663.413 39391 12.623
1791641663.416 39402 3.681
1791641663.418 39399 9.111
1791641663.422 39404 7.933
1791641663.424 39407 6.538
1791641663.429 39412 5.620
1791641663.431 39410 9.893
1791641663.436 39418 5.432
1791641663.438 39415 10.841
1791641663.442 39420 8.588
1791641663.444 39423 7.687
1791641663.448 39426 8.701
1791641663.450 39428 8.533
1791641663.454 39431 8.362
1791641663.456 39434 7.414
1791641663.460 39439 5.580
1791641663.462 39436 10.494
1791641663.466 39444 6.559
1791641663.468 39442 10.766
1791641663.472 39450 5.484
1791641663.474 39447 10.483
1791641663.478 39455 5.621
1791641663.480 39452 10.587
1791641663.485 39458 8.716
1791641663.487 39460 8.561
1791641663.491 39463 8.619
1791641663.493 39466 7.548
1791641663.495 39468 7.465
1791641663.498 39471 7.123
1791641663.500 39474 5.750
1791641663.504 39476 7.822
1791641663.506 39479 6.430
1791641663.511 39482 7.855
1791641663.513 39484 7.602
1791641663.518 39487 8.820
1791641663.520 39490 7.415
1791641663.523 39492 8.550
1791641663.525 39495 7.639
1791641663.530 39498 8.761
1791641663.532 39500 8.588
1791641663.536 39503 8.389
1791641663.538 39506 7.479
1791641663.542 39508 8.553
1791641663.544 39511 7.655
1791641663.548 39514 8.752
1791641663.550 39516 8.569
1791641663.554 39522 5.431
1791641663.556 39519 10.383
1791641663.560 39527 5.689
1791641663.562 39524 10.633
1791641663.567 39530 8.810
1791641663.569 39532 8.658
1791641663.572 39535 8.380
1791641663.574 39538 7.436
1791641663.578 39543 5.596
1791641663.580 39540 10.533
1791641663.585 39546 8.726
1791641663.587 39548 8.555
1791641663.590 39551 8.316
1791641663.592 39554 7.404
1791641663.596 39559 5.597
1791641663.598 39556 10.499
1791641663.603 39567 3.376
1791641663.605 39562 11.028
1791641663.607 39564 10.800
1791641663.610 39572 4.850
1791641663.612 39570 9.120
1791641663.617 39578 4.492
1791641663.619 39575 9.906
1791641663.624 39583 5.625
1791641663.626 39580 11.027
1791641663.630 39588 6.642
1791641663.632 39586 10.911
1791641663.636 39594 5.776
1791641663.638 39591 10.776
1791641663.640 39596 7.541
1791641663.643 39602 3.763
1791641663.645 39599 9.182
1791641663.650 39607 4.512
1791641663.652 39604 9.923
1791641663.657 39612 5.735
1791641663.659 39610 10.011
1791641663.663 39620 3.430
1791641663.666 39618 7.706
1791641663.668 39615 12.978
1791641663.671 39626 3.984
1791641663.673 39623 9.407
1791641663.677 39628 8.179
1791641663.679 39631 6.791
1791641663.684 39636 5.948
1791641663.686 39634 10.217
1791641663.691 39639 9.263
1791641663.693 39642 7.852
1791641663.698 39644 10.067
1791641663.700 39647 9.509
1791641663.702 39650 8.075
1791641663.705 39655 5.220
1791641663.707 39652 10.607
1791641663.711 39658 7.932
1791641663.713 39660 7.685
1791641663.718 39666 5.832
1791641663.720 39663 11.263
1791641663.724 39668 8.324
1791641663.726 39671 7.717
1791641663.730 39676 6.512
1791641663.732 39674 10.612
1791641663.736 39679 8.420
1791641663.738 39682 7.489
1791641663.742 39687 5.611
1791641663.744 39684 10.579
1791641663.749 39692 6.531
1791641663.751 39690 10.705
1791641663.754 39695 8.326
1791641663.756 39698 7.412
1791641663.760 39703 5.655
1791641663.762 39700 10.600
1791641663.767 39706 8.863
1791641663.769 39708 8.716
1791641663.773 39714 6.124
1791641663.775 39716 5.867
1791641663.777 39711 13.083
1791641663.780 39719 7.358
1791641663.782 39722 5.956
1791641663.787 39727 4.872
1791641663.789 39724 10.293
1791641663.793 39730 8.110
1791641663.795 39732 7.852
1791641663.800 39735 9.347
1791641663.802 39738 7.937
1791641663.806 39743 6.029
1791641663.808 39740 10.680
1791641663.813 39746 9.238
1791641663.815 39748 8.988
1791641663.819 39754 5.983
1791641663.821 39756 5.709
1791641663.823 39751 12.645
1791641663.826 39762 4.078
1791641663.828 39759 9.501
1791641663.832 39767 4.505
1791641663.834 39764 9.914
1791641663.839 39770 7.798
1791641663.841 39772 7.539
1791641663.845 39775 8.803
1791641663.847 39778 7.403
1791641663.851 39783 5.561
1791641663.853 39780 10.489
1791641663.858 39788 6.544
1791641663.860 39786 10.747
1791641663.863 39794 5.382
1791641663.865 39791 10.315
1791641663.869 39799 5.585
1791641663.871 39796 10.505
1791641663.876 39802 9.003
1791641663.878 39804 8.794
1791641663.882 39807 8.804
1791641663.884 39810 7.919
1791641663.886 39812 7.662
1791641663.889 39815 7.112
1791641663.891 39818 5.686
1791641663.896 39820 7.875
1791641663.898 39823 6.488
1791641663.902 39828 5.560
1791641663.904 39826 9.820
1791641663.909 39834 5.620
1791641663.911 39831 11.052
1791641663.916 39839 6.303
1791641663.918 39836 11.277
1791641663.922 39844 6.578
1791641663.924 39842 10.780
1791641663.928 39847 8.611
1791641663.930 39852 5.460
1791641663.932 39850 9.733
1791641663.935 39858 3.638
1791641663.937 39855 9.054
1791641663.941 39863 4.861
1791641663.943 39860 10.277
1791641663.948 39866 8.217
1791641663.950 39868 7.961
1791641663.955 39871 9.346
1791641663.957 39874 7.948
1791641663.961 39879 5.847
1791641663.963 39876 10.492
1791641663.967 39882 9.245
1791641663.969 39884 8.992
1791641663.973 39890 6.031
1791641663.975 39887 10.673
1791641663.977 39892 7.770
1791641663.980 39895 7.059
1791641663.982 39898 5.655
1791641663.987 39903 4.448
1791641663.989 39900 9.858
1791641663.993 39906 7.775
1791641663.995 39908 7.515
1791641664.000 39914 5.686
1791641664.002 39916 5.457
1791641664.004 39911 13.118
1791641664.007 39922 3.627
1791641664.009 39919 9.059
1791641664.014 39927 4.459
1791641664.016 39924 9.869
1791641664.021 39932 5.579
1791641664.023 39930 9.854
1791641664.027 39935 8.805
1791641664.029 39938 7.398
1791641664.033 39943 5.615
1791641664.035 39940 10.567
1791641664.040 39948 6.579
1791641664.042 39946 10.813
1791641664.046 39954 5.415
1791641664.048 39951 10.356
1791641664.052 39956 8.659
1791641664.054 39959 7.743
1791641664.058 39964 6.541
1791641664.060 39962 10.646
1791641664.065 39970 6.334
1791641664.067 39972 6.078
1791641664.069 39967 13.428
1791641664.072 39975 7.612
1791641664.074 39978 6.207
1791641664.078 39980 8.027
1791641664.080 39983 6.635
1791641664.085 39988 5.858
1791641664.087 39986 10.139
1791641664.091 39994 5.754
1791641664.093 39991 11.144
1791641664.098 40002 3.521
1791641664.100 39999 8.962
1791641664.102 39996 13.514
1791641664.105 40004 8.248
1791641664.107 40007 6.862
1791641664.112 40010 7.859
1791641664.114 40012 7.610
1791641664.118 40015 8.763
1791641664.120 40018 7.348
1791641664.125 40020 8.842
1791641664.127 40023 7.946
1791641664.131 40028 6.482
1791641664.133 40026 10.764
1791641664.137 40036 3.816
1791641664.139 40034 8.090
1791641664.141 40031 13.026
1791641664.144 40039 7.214
1791641664.146 40042 5.809
1791641664.151 40047 4.772
1791641664.153 40044 10.174
1791641664.158 40052 5.915
1791641664.160 40050 10.191
1791641664.164 40058 5.472
1791641664.166 40055 10.898
1791641664.170 40060 8.941
1791641664.172 40063 8.032
1791641664.177 40066 9.136
1791641664.179 40068 8.880
1791641664.184 40074 6.983
1791641664.186 40071 11.599
1791641664.188 40076 8.721
1791641664.191 40082 4.735
1791641664.193 40079 10.152
1791641664.197 40087 5.673
1791641664.199 40084 10.944
1791641664.204 40090 8.866
1791641664.206 40092 8.665
1791641664.210 40098 5.988
1791641664.212 40095 10.855
1791641664.214 40100 7.735
1791641664.217 40103 7.541
1791641664.219 40106 6.125
1791641664.223 40108 7.807
1791641664.225 40111 6.428
1791641664.230 40116 5.611
1791641664.232 40114 9.871
1791641664.237 40122 5.496
1791641664.239 40119 10.906
1791641664.243 40124 8.798
1791641664.245 40127 7.974
1791641664.250 40132 7.032
1791641664.252 40130 11.305
1791641664.255 40138 5.770
1791641664.257 40140 5.499
1791641664.259 40135 12.419
1791641664.262 40146 3.763
1791641664.264 40143 9.185
1791641664.269 40148 7.915
1791641664.271 40151 6.523
1791641664.276 40154 8.017
1791641664.278 40156 7.757
1791641664.282 40159 8.694
1791641664.284 40162 7.458
1791641664.288 40167 5.618
1791641664.290 40164 10.592
1791641664.295 40170 8.796
1791641664.297 40172 8.598
1791641664.300 40175 8.370
1791641664.303 40178 7.454
1791641664.306 40180 8.496
1791641664.308 40183 7.617
1791641664.313 40186 8.768
1791641664.315 40188 8.571
1791641664.319 40191 8.465
1791641664.321 40194 7.524
1791641664.325 40196 8.545
1791641664.327 40199 7.655
1791641664.332 40207 3.632
1791641664.334 40204 9.052
1791641664.336 40202 13.246
1791641664.339 40212 4.911
1791641664.341 40210 9.186
1791641664.345 40218 4.467
1791641664.347 40215 9.881
1791641664.352 40223 5.642
1791641664.354 40220 11.008
1791641664.358 40226 8.744
1791641664.360 40228 8.489
1791641664.365 40231 9.119
1791641664.367 40236 5.944
1791641664.369 40234 10.224
1791641664.372 40242 3.938
1791641664.374 40239 9.362
1791641664.379 40247 5.034
1791641664.381 40244 10.435
1791641664.386 40252 6.384
1791641664.388 40250 10.657
1791641664.392 40255 9.304
1791641664.394 40258 7.898
1791641664.398 40260 8.630
1791641664.400 40263 8.010
1791641664.404 40268 6.583
1791641664.406 40266 10.849
1791641664.410 40274 5.720
1791641664.412 40276 5.465
1791641664.414 40271 12.659
1791641664.419 40279 9.003
1791641664.421 40282 7.601
1791641664.425 40284 8.567
1791641664.427 40287 7.774
1791641664.431 40292 6.546
1791641664.433 40290 10.649
1791641664.437 40295 8.398
1791641664.439 40298 7.455
1791641664.444 40300 9.145
1791641664.446 40303 8.209
1791641664.450 40306 8.769
1791641664.452 40308 8.567
1791641664.456 40314 6.180
1791641664.458 40316 5.919
1791641664.460 40311 13.082
1791641664.463 40319 7.496
1791641664.465 40322 6.129
1791641664.470 40324 8.353
1791641664.472 40327 6.964
1791641664.476 40332 5.812
1791641664.478 40330 10.083
1791641664.483 40335 9.310
1791641664.485 40338 7.908
1791641664.490 40346 4.009
1791641664.492 40340 12.058
1791641664.494 40343 11.440
1791641664.497 40348 8.484
1791641664.499 40351 7.107
1791641664.504 40354 8.449
1791641664.506 40356 8.188
1791641664.510 40362 5.763
1791641664.512 40359 11.198
1791641664.516 40367 5.474
1791641664.518 40364 10.842
1791641664.523 40372 6.993
1791641664.525 40370 11.225
1791641664.529 40378 6.195
1791641664.531 40375 10.846
1791641664.533 40380 7.931
1791641664.536 40383 7.393
1791641664.538 40386 5.985
1791641664.542 40391 4.527
1791641664.544 40388 9.937
1791641664.549 40396 5.650
1791641664.551 40394 9.928
1791641664.555 40399 8.890
1791641664.557 40402 7.539
1791641664.561 40404 8.608
1791641664.563 40407 7.657
1791641664.568 40410 8.783
1791641664.570 40412 8.618
1791641664.574 40418 5.512
1791641664.576 40415 10.492
1791641664.579 40423 5.632
1791641664.581 40420 10.572
1791641664.586 40428 6.554
1791641664.588 40426 10.765
1791641664.592 40434 5.464
1791641664.594 40431 10.428
1791641664.598 40436 8.459
1791641664.600 40439 7.574
1791641664.604 40442 8.704
1791641664.606 40444 8.516
1791641664.610 40447 8.356
1791641664.612 40450 7.407
1791641664.616 40455 5.622
1791641664.618 40452 10.571
1791641664.622 40458 8.694
1791641664.624 40460 8.532
1791641664.628 40468 3.356
1791641664.630 40463 10.541
1791641664.632 40466 9.644
1791641664.636 40471 7.109
1791641664.638 40474 5.691
1791641664.642 40479 4.429
1791641664.644 40476 9.844
1791641664.649 40482 7.898
1791641664.651 40484 7.639
1791641664.656 40490 5.588
1791641664.658 40487 11.004
1791641664.661 40492 8.470
1791641664.663 40495 7.657
1791641664.668 40500 6.587
1791641664.670 40498 10.817
1791641664.674 40506 6.103
1791641664.676 40508 5.844
1791641664.678 40503 13.034
1791641664.681 40511 7.215
1791641664.683 40514 5.807
1791641664.688 40516 8.021
1791641664.690 40519 6.625
1791641664.694 40522 7.848
1791641664.696 40524 7.597
1791641664.701 40527 8.879
1791641664.703 40530 7.462
1791641664.707 40535 5.983
1791641664.709 40532 10.909
1791641664.714 40540 6.992
1791641664.716 40538 11.228
1791641664.720 40548 3.593
1791641664.722 40546 7.850
1791641664.724 40543 12.526
1791641664.727 40551 7.020
1791641664.729 40554 5.599
1791641664.733 40556 8.050
1791641664.735 40559 6.657
1791641664.740 40564 5.554
1791641664.742 40562 9.832
1791641664.747 40567 8.850
1791641664.749 40570 7.475
1791641664.752 40572 8.508
1791641664.754 40575 7.579
1791641664.759 40580 6.590
1791641664.761 40578 10.798
1791641664.765 40586 5.465
1791641664.767 40583 10.453
1791641664.771 40591 5.575
1791641664.773 40588 10.494
1791641664.777 40594 8.786
1791641664.779 40596 8.588
1791641664.783 40602 5.504
1791641664.785 40599 10.471
1791641664.789 40607 5.644
1791641664.791 40604 10.610
1791641664.795 40612 6.550
1791641664.797 40610 10.736
1791641664.801 40620 3.429
1791641664.803 40615 10.625
1791641664.805 40618 9.712
1791641664.809 40623 7.141
1791641664.811 40626 5.728
1791641664.815 40628 7.881
1791641664.817 40631 6.488
1791641664.822 40634 7.898
1791641664.824 40636 7.640
1791641664.829 40639 8.916
1791641664.831 40642 7.509
1791641664.835 40644 8.987
1791641664.837 40647 8.088
1791641664.841 40650 8.835
1791641664.843 40652 8.588
1791641664.847 40658 5.480
1791641664.849 40655 10.430
1791641664.853 40660 8.464
1791641664.855 40663 7.578
1791641664.859 40666 8.778
1791641664.861 40668 8.574
1791641664.865 40674 5.642
1791641664.867 40671 10.597
1791641664.871 40679 6.033
1791641664.873 40676 10.965
1791641664.878 40682 8.980
1791641664.880 40684 8.800
1791641664.883 40687 8.659
1791641664.885 40690 7.788
1791641664.887 40692 7.513
1791641664.891 40695 7.440
1791641664.893 40698 6.017
1791641664.897 40700 7.824
1791641664.899 40703 6.431
1791641664.904 40708 5.573
1791641664.906 40706 9.847
1791641664.910 40711 8.840
1791641664.912 40714 7.434
1791641664.917 40719 5.955
1791641664.919 40716 10.872
1791641664.923 40724 6.869
1791641664.925 40722 11.090
1791641664.930 40727 9.687
1791641664.932 40732 6.794
1791641664.934 40730 11.075
1791641664.937 40738 4.795
1791641664.939 40735 10.212
1791641664.944 40740 8.994
1791641664.946 40743 7.675
1791641664.951 40748 6.905
1791641664.953 40746 11.125
1791641664.956 40751 8.642
1791641664.958 40754 7.719
1791641664.962 40759 5.720
1791641664.964 40756 10.558
1791641664.969 40762 8.752
1791641664.971 40764 8.619
1791641664.975 40770 5.785
1791641664.977 40767 10.693
1791641664.979 40772 7.517
1791641664.982 40778 3.703
1791641664.984 40775 9.123
1791641664.988 40780 8.073
1791641664.990 40783 6.675
1791641664.995 40788 6.182
1791641664.997 40786 10.452
1791641665.002 40791 9.327
1791641665.004 40794 7.934
1791641665.008 40799 5.943
1791641665.010 40796 10.582
1791641665.015 40807 3.971
1791641665.017 40802 11.647
1791641665.019 40804 11.413
1791641665.022 40810 7.355
1791641665.024 40812 7.092
1791641665.028 40818 4.498
1791641665.030 40815 9.918
1791641665.035 40820 8.892
1791641665.037 40823 7.612
1791641665.041 40826 8.735
1791641665.043 40828 8.539
1791641665.047 40834 5.501
1791641665.049 40831 10.468
1791641665.053 40839 5.679
1791641665.055 40836 10.641
1791641665.060 40842 9.006
1791641665.062 40847 5.460
1791641665.064 40844 10.883
1791641665.067 40852 4.941
1791641665.069 40850 9.214
1791641665.074 40855 8.383
1791641665.076 40858 6.973
1791641665.080 40860 8.970
1791641665.082 40863 7.639
1791641665.087 40868 6.796
1791641665.089 40871 5.427
1791641665.091 40866 13.018
1791641665.097 40874 9.060
1791641665.099 40879 6.213
1791641665.101 40876 11.622
1791641665.104 40884 5.261
1791641665.106 40882 9.533
1791641665.110 40890 4.492
1791641665.112 40887 9.914
1791641665.117 40895 6.142
1791641665.119 40892 11.551
1791641665.224 40900 107.228
1791641665.226 40898 111.403
1791641665.228 40903 107.844
1791641665.231 40906 107.893
1791641665.233 40914 100.795
1791641665.235 40922 93.693
1791641665.237 40930 86.608
1791641665.239 40938 79.508
1791641665.241 40946 72.413
1791641665.243 40954 65.315
1791641665.245 40962 58.214
1791641665.247 40970 51.120
1791641665.249 40978 44.025
1791641665.251 40986 36.922
1791641665.253 40994 29.830
1791641665.255 40908 129.710
1791641665.257 40916 122.556
1791641665.259 40924 115.515
1791641665.262 40932 108.429
1791641665.264 40940 101.322
1791641665.266 40948 94.244
1791641665.268 40956 86.571
1791641665.270 40964 80.035
1791641665.272 40972 72.953
1791641665.274 40980 65.843
1791641665.276 40988 58.745
1791641665.278 40911 148.378
1791641665.280 40919 141.278
1791641665.282 40927 133.640
1791641665.284 40935 127.094
1791641665.286 40943 119.998
1791641665.288 40951 112.895
1791641665.290 40959 105.801
1791641665.292 40967 98.165
1791641665.294 40975 91.608
1791641665.296 40983 84.514
1791641665.298 40991 77.407
1791641665.301 40996 74.465
1791641665.303 41004 67.811
1791641665.305 41012 60.726
1791641665.307 41020 53.203
1791641665.309 41028 46.520
1791641665.311 41036 39.424
1791641665.313 41044 32.249
1791641665.315 41052 25.232
1791641665.317 41002 84.139
1791641665.319 41010 77.039
1791641665.321 41018 69.943
1791641665.323 41026 62.846
1791641665.325 41034 55.749
1791641665.327 41042 48.652
1791641665.329 41050 41.561
1791641665.331 40999 101.608
1791641665.333 41007 93.695
1791641665.335 41015 87.413
1791641665.337 41023 80.330
1791641665.339 41031 72.428
1791641665.341 41039 66.118
1791641665.343 41047 59.047
1791641665.346 41060 47.253
1791641665.348 41068 40.156
1791641665.350 41076 33.075
1791641665.352 41084 25.178
1791641665.354 41092 18.847
1791641665.356 41055 62.201
1791641665.358 41063 55.892
1791641665.360 41071 48.806
1791641665.362 41079 41.371
1791641665.364 41087 34.600
1791641665.366 41095 27.510
1791641665.368 41058 71.612
1791641665.370 41066 64.511
1791641665.372 41074 57.421
1791641665.374 41082 50.327
1791641665.376 41090 43.228
1791641665.379 41103 31.566
1791641665.381 41111 24.502
1791641665.383 41119 17.383
1791641665.385 41100 41.009
1791641665.387 41108 33.100
1791641665.389 41116 26.805
1791641665.391 41124 19.726
1791641665.393 41098 51.305
1791641665.395 41106 44.212
1791641665.397 41114 37.116
1791641665.399 41122 30.019
1791641665.402 41130 23.822
1791641665.404 41138 16.731
1791641665.406 41127 31.180
1791641665.408 41135 24.165
1791641665.410 41143 17.072
1791641665.412 41132 30.773
1791641665.414 41140 24.489
1791641665.417 41146 20.626
1791641665.419 41154 13.531
1791641665.421 41148 22.383
1791641665.423 41151 20.914
1791641665.426 41159 14.757
1791641665.428 41167 7.663
1791641665.430 41162 15.353
1791641665.432 41156 22.599
1791641665.434 41164 17.089
1791641665.437 41170 12.994
1791641665.439 41172 12.741
1791641665.442 41178 8.666
1791641665.444 41175 14.091
1791641665.447 41186 4.377
1791641665.449 41180 12.388
1791641665.451 41183 11.808
1791641665.453 41188 8.769
1791641665.455 41191 7.373
1791641665.459 41196 5.631
1791641665.461 41194 9.903
1791641665.466 41199 8.856
1791641665.468 41202 7.467
1791641665.472 41207 6.131
1791641665.474 41204 11.031
1791641665.479 41210 9.114
1791641665.481 41212 9.002
1791641665.486 41215 10.039
1791641665.488 41218 9.440
1791641665.490 41220 9.165
1791641665.493 41223 8.499
1791641665.495 41226 7.096
1791641665.499 41231 5.676
1791641665.501 41228 11.033
1791641665.506 41234 9.067
1791641665.508 41236 8.891
1791641665.513 41239 9.585
1791641665.515 41242 8.991
1791641665.517 41244 8.747
1791641665.520 41247 8.222
1791641665.522 41250 6.815
1791641665.526 41255 5.631
1791641665.528 41252 11.001
1791641665.533 41263 3.447
1791641665.535 41260 8.850
1791641665.537 41258 13.139
1791641665.540 41266 7.296
1791641665.542 41268 7.035
1791641665.547 41274 4.574
1791641665.549 41271 9.997
1791641665.554 41276 8.915
1791641665.556 41279 7.639
1791641665.561 41284 6.929
1791641665.563 41287 5.531
1791641665.565 41282 13.125
1791641665.568 41292 4.789
1791641665.570 41290 9.057
1791641665.574 41295 8.251
1791641665.576 41298 6.838
1791641665.581 41300 9.053
1791641665.583 41303 7.733
1791641665.588 41306 8.741
1791641665.590 41308 8.627
1791641665.594 41314 5.724
1791641665.596 41311 10.598
1791641665.598 41316 7.466
1791641665.601 41322 3.763
1791641665.603 41319 9.190
1791641665.607 41327 4.524
1791641665.609 41324 9.934
1791641665.614 41332 5.668
1791641665.616 41330 9.942
1791641665.620 41338 5.395
1791641665.622 41335 10.663
1791641665.626 41343 5.595
1791641665.628 41340 10.520
1791641665.633 41346 8.779
1791641665.635 41348 8.600
1791641665.639 41356 3.380
1791641665.641 41351 10.520
1791641665.643 41354 9.662
1791641665.646 41362 3.821
1791641665.648 41359 9.254
1791641665.653 41367 4.476
1791641665.655 41364 9.873
1791641665.659 41372 5.511
1791641665.661 41370 9.792
1791641665.666 41375 8.856
1791641665.668 41378 7.452
1791641665.672 41383 5.645
1791641665.674 41380 10.578
1791641665.679 41386 8.696
1791641665.681 41388 8.542
1791641665.684 41394 5.477
1791641665.686 41391 10.413
1791641665.690 41399 5.627
1791641665.692 41396 10.589
1791641665.697 41404 6.732
1791641665.699 41402 10.907
1791641665.703 41412 3.467
1791641665.705 41407 10.613
1791641665.707 41410 9.753
1791641665.710 41418 3.779
1791641665.712 41415 9.204
1791641665.717 41423 5.051
1791641665.719 41420 10.465
1791641665.723 41428 5.618
1791641665.725 41426 9.893
1791641665.730 41434 5.480
1791641665.732 41431 10.863
1791641665.736 41439 5.667
1791641665.738 41436 10.600
1791641665.742 41442 8.736
1791641665.744 41444 8.546
1791641665.748 41447 8.411
1791641665.750 41450 7.463
1791641665.754 41455 5.583
1791641665.756 41452 10.556
1791641665.760 41458 8.678
1791641665.762 41460 8.508
1791641665.766 41463 8.394
1791641665.768 41466 7.473
1791641665.772 41468 8.541
1791641665.774 41471 7.590
1791641665.779 41474 8.737
1791641665.781 41476 8.550
1791641665.785 41484 3.408
1791641665.787 41482 7.688
1791641665.789 41479 12.602
1791641665.792 41490 3.887
1791641665.794 41487 9.309
1791641665.798 41492 7.905
1791641665.800 41495 6.515
1791641665.805 41498 7.885
1791641665.807 41500 7.632
1791641665.812 41506 5.450
1791641665.814 41503 10.793
1791641665.818 41508 8.548
1791641665.820 41511 7.661
1791641665.824 41514 8.721
1791641665.826 41516 8.571
1791641665.830 41519 8.734
1791641665.832 41524 5.546
1791641665.834 41522 9.798
1791641665.837 41530 3.787
1791641665.839 41527 9.210
1791641665.844 41535 4.516
1791641665.846 41532 9.890
1791641665.851 41540 5.604
1791641665.853 41538 9.877
1791641665.857 41543 8.810
1791641665.859 41546 7.441
1791641665.863 41551 5.967
1791641665.865 41548 10.914
1791641665.870 41556 6.529
1791641665.872 41554 10.528
1791641665.876 41562 5.923
1791641665.878 41559 10.851
1791641665.883 41564 9.953
1791641665.885 41567 9.346
1791641665.887 41570 7.940
1791641665.890 41572 8.627
1791641665.892 41575 7.226
1791641665.897 41578 8.339
1791641665.899 41580 8.085
1791641665.903 41583 9.312
1791641665.905 41586 7.931
1791641665.910 41588 10.087
1791641665.912 41594 6.083
1791641665.915 41591 11.503
1791641665.917 41599 5.177
1791641665.919 41596 10.571
1791641665.923 41604 5.536
1791641665.925 41602 9.797
1791641665.930 41610 5.409
1791641665.932 41607 10.843
1791641665.936 41615 6.177
1791641665.938 41612 11.093
1791641665.943 41620 6.577
1791641665.945 41618 10.771
1791641665.949 41623 8.629
1791641665.951 41626 7.734
1791641665.953 41628 7.474
1791641665.956 41631 7.138
1791641665.958 41634 5.726
1791641665.962 41636 7.886
1791641665.964 41639 6.494
1791641665.969 41644 5.663
1791641665.971 41642 9.941
1791641665.975 41650 5.066
1791641665.977 41647 10.422
1791641665.981 41652 8.976
1791641665.983 41655 7.648
1791641665.988 41658 8.769
1791641665.990 41660 8.583
1791641665.994 41663 8.379
1791641665.996 41666 7.461
1791641666.000 41668 8.567
1791641666.002 41671 7.680
1791641666.006 41676 6.549
1791641666.008 41674 10.678
1791641666.012 41679 8.312
1791641666.014 41682 7.399
1791641666.018 41684 8.566
1791641666.020 41687 7.640
1791641666.024 41692 6.525
1791641666.026 41690 10.684
1791641666.030 41698 5.403
1791641666.032 41695 10.343
1791641666.036 41703 5.556
1791641666.038 41700 10.503
1791641666.043 41706 8.798
1791641666.045 41708 8.596
1791641666.049 41714 5.659
1791641666.051 41716 5.401
1791641666.053 41711 12.583
1791641666.056 41722 3.719
1791641666.058 41719 9.148
1791641666.063 41724 8.191
1791641666.065 41727 6.796
1791641666.069 41732 5.667
1791641666.071 41730 9.931
1791641666.076 41735 8.902
1791641666.078 41738 7.543
1791641666.082 41743 6.226
1791641666.084 41740 11.089
1791641666.089 41746 9.148
1791641666.091 41748 8.912
1791641666.096 41754 7.043
1791641666.098 41751 11.662
1791641666.100 41756 8.802
1791641666.102 41762 4.868
1791641666.104 41759 10.287
1791641666.109 41767 5.961
1791641666.111 41764 11.331
1791641666.116 41770 9.288
1791641666.118 41772 9.032
1791641666.122 41780 4.058
1791641666.124 41778 8.344
1791641666.126 41775 12.993
1791641666.129 41783 7.490
1791641666.131 41786 6.085
1791641666.135 41791 4.701
1791641666.137 41788 10.108
1791641666.142 41796 5.872
1791641666.144 41794 10.144
1791641666.149 41799 9.275
1791641666.151 41802 7.873
1791641666.156 41807 7.437
1791641666.158 41810 6.024
1791641666.160 41804 14.057
1791641666.163 41812 8.507
1791641666.165 41815 7.129
1791641666.169 41820 5.552
1791641666.171 41818 9.814
1791641666.176 41826 5.601
1791641666.178 41823 11.031
1791641666.182 41828 8.960
1791641666.184 41831 8.182
1791641666.189 41836 7.010
1791641666.191 41834 11.285
1791641666.195 41839 8.663
1791641666.197 41842 8.037
1791641666.199 41844 7.767
1791641666.202 41847 7.226
1791641666.204 41850 5.818
1791641666.208 41852 8.205
1791641666.210 41855 6.814
1791641666.215 41858 8.480
1791641666.217 41860 8.225
1791641666.222 41866 5.691
1791641666.224 41863 11.107
1791641666.229 41868 10.057
1791641666.231 41874 6.047
1791641666.233 41871 11.274
1791641666.236 41879 5.152
1791641666.238 41876 10.556
1791641666.242 41884 5.890
1791641666.244 41882 10.157
1791641666.249 41887 9.206
1791641666.251 41890 7.843
1791641666.255 41892 8.673
1791641666.257 41895 8.057
1791641666.262 41900 6.990
1791641666.264 41898 11.238
1791641666.268 41906 6.118
1791641666.270 41908 5.849
1791641666.272 41903 12.765
1791641666.274 41911 7.269
1791641666.276 41914 5.859
1791641666.281 41919 5.067
1791641666.283 41916 10.473
1791641666.288 41922 8.173
1791641666.290 41924 7.920
1791641666.295 41930 5.888
1791641666.297 41927 11.313
1791641666.301 41935 6.275
1791641666.303 41932 10.924
1791641666.307 41938 9.243
1791641666.309 41940 9.060
1791641666.314 41943 9.970
1791641666.316 41946 9.347
1791641666.318 41948 9.082
1791641666.321 41951 8.480
1791641666.323 41954 7.102
1791641666.328 41956 9.285
1791641666.330 41959 7.896
1791641666.335 41964 7.225
1791641666.337 41967 5.841
1791641666.339 41962 13.530
1791641666.342 41972 5.385
1791641666.344 41970 9.664
1791641666.348 41975 8.203
1791641666.350 41978 6.809
1791641666.355 41983 5.925
1791641666.357 41980 11.321
1791641666.361 41986 8.607
1791641666.363 41988 8.517
1791641666.367 41994 5.884
1791641666.370 41991 10.830
1791641666.373 41996 8.670
1791641666.375 41999 8.036
1791641666.380 42004 7.013
1791641666.382 42002 11.252
1791641666.386 42007 8.738
1791641666.388 42012 5.835
1791641666.390 42010 10.122
1791641666.393 42018 3.816
1791641666.395 42015 9.242
1791641666.399 42020 8.096
1791641666.401 42023 6.698
1791641666.406 42026 8.453
1791641666.408 42028 8.195
1791641666.413 42031 8.825
1791641666.415 42034 7.416
1791641666.419 42039 5.865
1791641666.421 42036 10.724
1791641666.426 42044 7.380
1791641666.428 42047 6.023
1791641666.430 42042 13.639
1791641666.433 42052 5.058
1791641666.435 42050 9.317
1791641666.439 42058 4.512
1791641666.441 42055 9.934
1791641666.446 42060 9.535
1791641666.448 42063 8.198
1791641666.453 42066 9.218
1791641666.455 42068 8.969
1791641666.459 42076 3.896
1791641666.461 42074 8.182
1791641666.463 42071 12.818
1791641666.466 42079 7.265
1791641666.468 42082 5.875
1791641666.472 42084 7.981
1791641666.474 42087 6.581
1791641666.480 42090 8.944
1791641666.482 42092 8.677
1791641666.486 42100 3.724
1791641666.488 42098 8.001
1791641666.490 42095 12.870
1791641666.493 42106 3.813
1791641666.495 42103 9.240
1791641666.500 42108 8.200
1791641666.502 42111 6.808
1791641666.506 42116 5.821
1791641666.508 42114 10.093
1791641666.513 42122 5.724
1791641666.515 42119 11.134
1791641666.520 42127 7.323
1791641666.522 42124 11.926
1791641666.524 42130 7.909
1791641666.527 42135 5.019
1791641666.529 42132 10.412
1791641666.534 42138 8.106
1791641666.536 42140 7.849
1791641666.540 42143 9.318
1791641666.542 42146 7.907
1791641666.546 42148 8.306
1791641666.548 42151 7.668
1791641666.552 42154 8.671
1791641666.554 42156 8.494
1791641666.559 42159 9.240
1791641666.561 42162 8.332
1791641666.563 42164 8.071
1791641666.566 42170 4.395
1791641666.568 42167 9.816
1791641666.572 42175 4.479
1791641666.574 42172 9.846
1791641666.579 42178 7.856
1791641666.581 42180 7.608
1791641666.586 42183 8.850
1791641666.588 42186 7.431
1791641666.592 42188 8.916
1791641666.594 42191 8.023
1791641666.598 42196 6.967
1791641666.600 42194 11.236
1791641666.606 42204 5.084
1791641666.608 42199 12.001
1791641666.610 42202 11.366
1791641666.612 42207 8.486
1791641666.614 42210 7.082
1791641666.619 42215 5.699
1791641666.621 42212 11.026
1791641666.626 42218 9.269
1791641666.628 42220 9.054
1791641666.633 42223 9.595
1791641666.635 42228 6.747
1791641666.637 42226 11.002
1791641666.639 42231 8.108
1791641666.641 42234 6.695
1791641666.646 42239 5.564
1791641666.648 42236 10.843
1791641666.655 42247 5.915
1791641666.657 42242 11.410
1791641666.659 42244 13.221
1791641666.662 42250 9.139
1791641666.664 42252 9.066
1791641666.668 42260 3.587
1791641666.670 42258 7.845
1791641666.672 42255 12.777
1791641666.675 42266 4.021
1791641666.677 42263 9.438
1791641666.682 42268 8.229
1791641666.684 42271 6.835
1791641666.688 42276 5.940
1791641666.690 42274 10.213
1791641666.695 42279 9.156
1791641666.697 42282 7.752
1791641666.702 42287 7.054
1791641666.704 42290 5.640
1791641666.706 42284 13.651
1791641666.709 42292 8.183
1791641666.711 42295 6.804
1791641666.716 42298 8.118
1791641666.718 42300 7.860
1791641666.723 42303 9.335
1791641666.725 42306 7.924
1791641666.729 42311 7.005
1791641666.731 42314 5.606
1791641666.733 42308 13.577
1791641666.737 42319 5.107
1791641666.739 42316 10.528
1791641666.744 42322 9.267
1791641666.746 42324 9.007
1791641666.751 42327 9.603
1791641666.753 42332 6.822
1791641666.755 42330 11.080
1791641666.758 42335 8.250
1791641666.760 42338 6.843
1791641666.764 42340 8.989
1791641666.766 42343 7.591
1791641666.771 42348 6.996
1791641666.773 42346 11.278
1791641666.775 42351 7.617
1791641666.778 42356 4.801
1791641666.780 42354 9.083
1791641666.785 42359 8.513
1791641666.787 42362 7.106
1791641666.792 42367 6.180
1791641666.794 42364 11.559
1791641666.798 42370 8.651
1791641666.800 42372 8.469
1791641666.805 42380 3.739
1791641666.807 42375 10.944
1791641666.809 42378 10.026
1791641666.811 42386 3.794
1791641666.813 42383 9.218
1791641666.818 42388 7.968
1791641666.820 42391 6.573
1791641666.825 42396 5.573
1791641666.827 42394 9.846
1791641666.831 42402 5.366
1791641666.833 42399 10.805
1791641666.837 42407 5.890
1791641666.839 42404 10.808
1791641666.844 42410 9.428
1791641666.846 42412 8.698
1791641666.848 42415 7.801
1791641666.851 42420 4.912
1791641666.853 42418 9.195
1791641666.858 42426 4.823
1791641666.860 42423 10.246
1791641666.865 42428 9.305
1791641666.867 42431 7.942
1791641666.871 42436 6.892
1791641666.873 42434 11.168
1791641666.877 42444 3.568
1791641666.879 42442 7.853
1791641666.881 42439 12.476
1791641666.886 42447 9.004
1791641666.888 42450 7.598
1791641666.892 42452 8.772
1791641666.894 42455 7.956
1791641666.898 42460 6.046
1791641666.900 42458 10.323
1791641666.904 42466 5.544
1791641666.906 42463 10.919
1791641666.910 42468 8.608
1791641666.912 42471 7.718
1791641666.917 42476 6.525
1791641666.919 42474 10.679
1791641666.923 42479 9.178
1791641666.925 42484 6.040
1791641666.927 42482 10.313
1791641666.930 42490 4.004
1791641666.932 42487 9.427
1791641666.936 42492 8.083
1791641666.938 42495 6.697
1791641666.943 42500 5.891
1791641666.945 42498 10.163
1791641666.950 42506 5.702
1791641666.952 42503 11.113
1791641666.957 42514 3.927
1791641666.959 42508 11.953
1791641666.961 42511 11.348
1791641666.964 42516 8.479
1791641666.966 42519 7.103
1791641666.971 42524 5.872
1791641666.973 42522 10.145
1791641666.977 42530 5.839
1791641666.979 42527 11.245
1791641666.983 42535 6.017
1791641666.985 42532 10.669
1791641666.990 42538 9.235
1791641666.992 42540 9.005
1791641666.996 42548 3.757
1791641666.998 42543 10.690
1791641667.000 42546 10.056
1791641667.003 42554 3.819
1791641667.005 42551 9.242
1791641667.009 42556 8.183
1791641667.011 42559 6.795
1791641667.016 42564 5.878
1791641667.018 42562 10.147
1791641667.023 42567 9.183
1791641667.025 42570 7.773
1791641667.030 42572 9.578
1791641667.032 42575 8.996
1791641667.034 42578 7.563
1791641667.037 42580 8.230
1791641667.039 42583 6.836
1791641667.043 42588 5.809
1791641667.045 42586 10.081
1791641667.050 42591 9.114
1791641667.052 42594 7.707
1791641667.057 42596 9.992
1791641667.059 42602 5.988
1791641667.061 42599 11.407
1791641667.064 42604 8.468
1791641667.066 42607 7.087
1791641667.070 42612 5.615
1791641667.072 42610 9.894
1791641667.077 42615 8.933
1791641667.079 42618 7.528
1791641667.083 42620 8.483
1791641667.085 42623 7.660
1791641667.090 42628 6.504
1791641667.092 42626 10.732
1791641667.096 42634 6.013
1791641667.098 42636 5.756
1791641667.100 42631 12.952
1791641667.103 42642 3.833
1791641667.105 42639 9.259
1791641667.109 42647 4.550
1791641667.111 42644 9.960
1791641667.117 42655 3.600
1791641667.119 42650 10.572
1791641667.121 42652 11.022
1791641667.124 42658 7.115
1791641667.126 42660 6.865
1791641667.131 42666 5.037
1791641667.133 42663 10.454
1791641667.138 42668 8.797
1791641667.140 42671 7.666
1791641667.144 42674 8.736
1791641667.146 42676 8.483
1791641667.150 42679 8.634
1791641667.152 42682 7.712
1791641667.157 42684 9.588
1791641667.159 42690 5.554
1791641667.161 42687 10.991
1791641667.164 42692 8.103
1791641667.166 42695 6.719
1791641667.171 42698 7.821
1791641667.173 42700 7.581
1791641667.178 42703 9.085
1791641667.180 42706 7.674
1791641667.183 42708 8.602
1791641667.185 42711 7.748
1791641667.190 42714 8.772
1791641667.192 42716 8.597
1791641667.196 42719 8.853
1791641667.198 42724 5.690
1791641667.200 42722 9.966
1791641667.203 42730 3.694
1791641667.205 42727 9.115
1791641667.209 42732 7.903
1791641667.211 42735 6.504
1791641667.216 42738 7.861
1791641667.218 42740 7.614
1791641667.223 42743 8.869
1791641667.225 42746 7.455
1791641667.229 42751 5.948
1791641667.231 42748 10.860
1791641667.236 42754 9.232
1791641667.238 42756 9.000
1791641667.243 42762 7.571
1791641667.245 42759 12.204
1791641667.247 42764 9.308
1791641667.250 42770 5.321
1791641667.252 42767 10.729
1791641667.256 42775 6.096
1791641667.258 42772 11.431
1791641667.263 42778 8.813
1791641667.265 42780 8.624
1791641667.269 42788 3.469
1791641667.271 42786 7.742
1791641667.273 42783 12.643
1791641667.276 42791 7.134
1791641667.278 42794 5.740
1791641667.282 42796 8.004
1791641667.284 42799 6.619
1791641667.289 42802 7.813
1791641667.291 42804 7.554
1791641667.296 42810 5.369
1791641667.298 42807 10.771
1791641667.301 42812 8.507
1791641667.303 42815 7.598
1791641667.308 42818 8.718
1791641667.310 42820 8.539
1791641667.314 42823 8.363
1791641667.316 42826 7.434
1791641667.320 42831 5.529
1791641667.322 42828 10.457
1791641667.327 42836 6.887
1791641667.329 42834 11.021
1791641667.334 42844 4.713
1791641667.336 42842 8.992
1791641667.338 42839 13.599
1791641667.340 42850 4.686
1791641667.342 42847 10.103
1791641667.347 42855 5.852
1791641667.349 42852 11.215
1791641667.354 42858 8.860
1791641667.356 42860 8.602
1791641667.360 42863 8.604
1791641667.362 42868 5.430
1791641667.364 42866 9.706
1791641667.367 42871 7.207
1791641667.369 42874 5.792
1791641667.373 42879 4.514
1791641667.375 42876 9.929
1791641667.380 42884 5.607
1791641667.382 42882 9.883
1791641667.387 42890 5.754
1791641667.389 42887 11.156
1791641667.393 42895 5.729
1791641667.395 42892 10.560
1791641667.399 42903 3.433
1791641667.401 42900 8.827
1791641667.403 42898 12.995
1791641667.406 42908 4.505
1791641667.408 42906 8.767
1791641667.413 42914 4.569
1791641667.415 42911 9.992
1791641667.420 42919 5.576
1791641667.422 42916 10.835
1791641667.426 42922 8.799
1791641667.428 42924 8.575
1791641667.432 42930 5.365
1791641667.434 42927 10.336
1791641667.438 42932 8.502
1791641667.440 42935 7.577
1791641667.445 42938 9.064
1791641667.447 42940 8.844
1791641667.451 42946 5.759
1791641667.453 42943 10.584
1791641667.455 42948 7.492
1791641667.458 42951 7.191
1791641667.460 42954 5.789
1791641667.464 42956 7.901
1791641667.466 42959 6.506
1791641667.471 42964 5.507
1791641667.473 42962 9.779
1791641667.478 42970 5.470
1791641667.480 42967 10.897
1791641667.484 42972 8.506
1791641667.486 42975 7.629
1791641667.490 42980 6.561
1791641667.492 42978 10.778
1791641667.496 42983 8.862
1791641667.498 42988 5.698
1791641667.500 42986 9.971
1791641667.503 42991 7.169
1791641667.505 42994 5.764
1791641667.510 42999 4.819
1791641667.512 42996 10.221
1791641667.517 43004 5.932
1791641667.519 43002 10.196
1791641667.524 43007 9.373
1791641667.526 43012 5.696
1791641667.528 43010 9.981
1791641667.531 43015 7.036
1791641667.533 43018 5.631
1791641667.537 43023 4.703
1791641667.539 43020 10.117
1791641667.544 43028 6.183
1791641667.546 43026 10.454
1791641667.551 43031 9.136
1791641667.553 43034 7.762
1791641667.558 43039 7.032
1791641667.560 43036 11.650
1791641667.562 43042 7.622
1791641667.565 43044 8.081
1791641667.567 43047 6.699
1791641667.571 43050 7.895
1791641667.573 43052 7.635
1791641667.578 43055 8.893
1791641667.580 43058 7.497
1791641667.584 43063 5.559
1791641667.586 43060 10.471
1791641667.590 43068 6.545
1791641667.592 43066 10.785
1791641667.596 43071 8.359
1791641667.598 43074 7.446
1791641667.602 43076 8.833
1791641667.604 43079 7.922
1791641667.609 43082 9.657
1791641667.611 43084 9.421
1791641667.613 43087 8.016
1791641667.616 43090 7.374
1791641667.618 43092 7.112
1791641667.623 43095 8.302
1791641667.625 43098 6.911
1791641667.630 43103 5.922
1791641667.632 43100 11.305
1791641667.636 43111 3.779
1791641667.639 43106 11.448
1791641667.641 43108 11.209
1791641667.643 43114 7.267
1791641667.645 43116 7.007
1791641667.650 43122 5.074
1791641667.652 43119 10.485
1791641667.657 43127 5.907
1791641667.659 43124 11.280
1791641667.663 43132 6.848
1791641667.665 43130 11.128
1791641667.671 43138 7.410
1791641667.673 43140 7.132
1791641667.675 43135 14.032
1791641667.678 43143 8.434
1791641667.680 43146 7.034
1791641667.684 43151 6.206
1791641667.686 43148 11.634
1791641667.691 43159 3.625
1791641667.693 43156 9.040
1791641667.695 43154 13.290
1791641667.700 43164 7.114
1791641667.702 43162 11.277
1791641667.707 43172 5.029
1791641667.709 43170 9.305
1791641667.711 43167 13.767
1791641667.714 43178 5.011
1791641667.716 43175 10.419
1791641667.721 43180 9.671
1791641667.723 43183 8.296
1791641667.727 43188 6.590
1791641667.729 43186 10.864
1791641667.733 43194 5.974
1791641667.735 43191 10.896
1791641667.737 43196 7.725
1791641667.740 43202 3.882
1791641667.742 43199 9.303
1791641667.747 43204 8.190
1791641667.749 43207 6.801
1791641667.753 43210 7.802
1791641667.755 43212 7.556
1791641667.760 43218 5.459
1791641667.762 43215 10.924
1791641667.766 43223 5.935
1791641667.768 43220 10.858
1791641667.773 43228 6.979
1791641667.775 43226 11.252
1791641667.779 43231 8.848
1791641667.781 43236 5.941
1791641667.783 43234 10.218
1791641667.786 43242 3.895
1791641667.788 43239 9.346
1791641667.792 43244 8.234
1791641667.794 43247 6.840
1791641667.799 43250 7.938
1791641667.801 43252 7.674
1791641667.805 43255 8.884
1791641667.807 43258 7.490
1791641667.811 43263 5.610
1791641667.813 43260 10.548
1791641667.818 43268 6.763
1791641667.820 43266 11.030
1791641667.824 43271 8.363
1791641667.826 43274 7.431
1791641667.829 43279 5.598
1791641667.831 43276 10.473
1791641667.836 43284 6.823
1791641667.838 43282 11.099
1791641667.842 43292 3.515
1791641667.844 43290 7.803
1791641667.846 43287 12.702
1791641667.849 43295 7.058
1791641667.851 43298 5.632
1791641667.856 43300 7.962
1791641667.858 43303 6.576
1791641667.862 43306 7.854
1791641667.864 43308 7.581
1791641667.870 43314 5.827
1791641667.872 43311 11.259
1791641667.875 43316 8.588
1791641667.877 43319 7.688
1791641667.882 43324 6.904
1791641667.884 43322 11.053
1791641667.888 43327 8.824
1791641667.890 43330 7.927
1791641667.892 43332 7.672
1791641667.895 43335 7.118
1791641667.897 43338 5.692
1791641667.902 43340 8.473
1791641667.904 43343 7.080
1791641667.908 43348 5.805
1791641667.910 43346 10.075
1791641667.915 43354 5.895
1791641667.917 43351 11.313
1791641667.921 43356 8.539
1791641667.923 43359 7.913
1791641667.928 43364 6.880
1791641667.930 43362 11.153
1791641667.933 43372 3.507
1791641667.935 43370 7.782
1791641667.937 43367 12.427
1791641667.940 43378 3.574
1791641667.942 43375 9.014
1791641667.947 43383 4.734
1791641667.949 43380 10.163
1791641667.954 43388 6.223
1791641667.956 43386 10.489
1791641667.961 43394 5.889
1791641667.963 43391 11.312
1791641667.966 43399 5.977
1791641667.968 43396 10.622
1791641667.973 43402 9.180
1791641667.975 43407 5.571
1791641667.977 43404 10.971
1791641667.980 43410 7.021
1791641667.982 43412 6.759
1791641667.987 43418 4.831
1791641667.989 43415 10.262
1791641667.994 43420 9.246
1791641667.996 43423 7.910
1791641668.000 43428 6.960
1791641668.002 43426 11.235
1791641668.006 43434 6.070
1791641668.008 43431 10.731
1791641668.010 43436 7.802
1791641668.013 43442 3.835
1791641668.015 43439 9.257
1791641668.020 43444 8.204
1791641668.022 43447 6.819
1791641668.027 43452 6.219
1791641668.029 43450 10.492
1791641668.033 43455 9.085
1791641668.035 43458 7.808
1791641668.039 43460 8.856
1791641668.041 43463 8.208
1791641668.046 43466 9.106
1791641668.048 43468 8.911
1791641668.052 43474 5.782
1791641668.054 43476 5.501
1791641668.056 43471 12.438
1791641668.059 43482 3.680
1791641668.061 43479 9.128
1791641668.065 43484 7.903
1791641668.067 43487 6.505
1791641668.072 43492 5.621
1791641668.074 43490 9.883
1791641668.078 43495 8.794
1791641668.080 43498 7.382
1791641668.085 43503 5.811
1791641668.087 43500 10.733
1791641668.091 43508 6.560
1791641668.093 43506 10.556
1791641668.097 43511 8.423
1791641668.099 43514 7.482
1791641668.103 43516 8.542
1791641668.105 43519 7.639
1791641668.109 43522 8.752
1791641668.111 43524 8.500
1791641668.115 43527 8.907
1791641668.118 43532 5.705
1791641668.120 43530 9.988
1791641668.122 43538 3.720
1791641668.124 43535 9.144
1791641668.129 43540 8.182
1791641668.131 43543 6.793
1791641668.136 43546 8.194
1791641668.138 43548 7.942
1791641668.143 43556 3.744
1791641668.145 43551 11.455
1791641668.147 43554 10.037
1791641668.150 43562 3.719
1791641668.152 43559 9.141
1791641668.156 43564 7.948
1791641668.158 43567 6.550
1791641668.163 43570 7.828
1791641668.165 43572 7.580
1791641668.170 43578 5.375
1791641668.172 43575 10.805
1791641668.175 43583 5.567
1791641668.177 43580 10.457
1791641668.182 43588 6.729
1791641668.184 43586 10.932
1791641668.188 43591 8.699
1791641668.190 43596 5.548
1791641668.192 43594 9.811
1791641668.195 43602 3.570
1791641668.197 43599 9.011
1791641668.202 43604 8.193
1791641668.204 43607 6.791
1791641668.211 43615 5.110
1791641668.213 43612 10.515
1791641668.215 43610 13.571
1791641668.218 43620 6.137
1791641668.221 43618 11.007
1791641668.225 43623 9.200
1791641668.227 43628 5.585
1791641668.229 43626 9.863
1791641668.232 43634 3.693
1791641668.234 43631 9.131
1791641668.238 43636 7.877
1791641668.240 43639 6.495
1791641668.245 43642 7.890
1791641668.247 43644 7.625
1791641668.251 43650 5.380
1791641668.253 43647 10.813
1791641668.258 43652 8.873
1791641668.260 43655 7.966
1791641668.264 43658 9.062
1791641668.266 43660 8.839
1791641668.271 43663 9.586
1791641668.273 43666 8.974
1791641668.275 43668 8.708
1791641668.280 43674 7.053
1791641668.282 43676 6.801
1791641668.284 43671 12.644
1791641668.287 43682 4.899
1791641668.289 43679 10.317
1791641668.294 43687 5.639
1791641668.296 43684 11.090
1791641668.300 43692 6.484
1791641668.302 43690 10.759
1791641668.307 43695 8.775
1791641668.309 43700 5.619
1791641668.311 43698 9.892
1791641668.313 43703 7.007
1791641668.315 43706 5.600
1791641668.320 43711 4.477
1791641668.322 43708 9.889
1791641668.327 43714 7.983
1791641668.329 43716 7.724
1791641668.333 43722 5.443
1791641668.335 43719 10.870
1791641668.339 43727 5.584
1791641668.341 43724 10.513
1791641668.346 43730 8.828
1791641668.348 43732 8.639
1791641668.352 43738 5.412
1791641668.354 43735 10.396
1791641668.358 43740 8.529
1791641668.360 43743 7.623
1791641668.364 43748 6.540
1791641668.366 43746 10.747
1791641668.370 43754 5.683
1791641668.372 43756 5.421
1791641668.374 43751 12.657
1791641668.377 43759 7.205
1791641668.379 43762 5.793
1791641668.384 43764 7.920
1791641668.386 43767 6.539
1791641668.390 43772 5.572
1791641668.392 43770 9.831
1791641668.397 43775 8.838
1791641668.399 43778 7.417
1791641668.404 43780 9.104
1791641668.406 43783 8.196
1791641668.410 43788 7.004
1791641668.412 43786 11.283
1791641668.416 43794 5.850
1791641668.418 43791 10.488
1791641668.420 43796 7.587
1791641668.423 43802 3.586
1791641668.425 43799 9.027
1791641668.429 43807 4.453
1791641668.431 43804 9.858
1791641668.436 43810 7.786
1791641668.438 43812 7.546
1791641668.443 43815 8.812
1791641668.445 43818 7.399
1791641668.449 43823 5.902
1791641668.451 43820 10.775
1791641668.455 43826 9.097
1791641668.457 43828 8.841
1791641668.462 43836 3.781
1791641668.464 43834 8.157
1791641668.466 43831 12.806
1791641668.468 43839 7.260
1791641668.470 43842 5.844
1791641668.475 43847 4.513
1791641668.477 43844 9.908
1791641668.482 43850 7.938
1791641668.484 43852 7.690
1791641668.488 43858 5.374
1791641668.490 43855 10.707
1791641668.495 43860 9.142
1791641668.497 43863 8.227
1791641668.501 43868 6.953
1791641668.503 43866 11.232
1791641668.507 43876 4.172
1791641668.509 43871 11.096
1791641668.511 43874 10.471
1791641668.516 43879 9.199
1791641668.518 43882 7.982
1791641668.520 43884 7.713
1791641668.523 43890 3.840
1791641668.525 43887 9.276
1791641668.529 43895 4.590
1791641668.531 43892 9.995
1791641668.536 43900 5.675
1791641668.538 43898 9.937
1791641668.543 43906 5.516
1791641668.545 43903 10.937
1791641668.549 43908 8.755
1791641668.551 43911 7.905
1791641668.556 43916 6.863
1791641668.558 43914 11.136
1791641668.563 43922 7.020
1791641668.565 43919 11.653
1791641668.567 43924 8.755
1791641668.569 43927 8.111
1791641668.571 43930 6.705
1791641668.576 43935 5.643
1791641668.578 43932 11.062
1791641668.583 43938 8.798
1791641668.585 43940 8.568
1791641668.589 43946 5.726
1791641668.591 43948 5.462
1791641668.593 43943 12.634
1791641668.596 43951 7.175
1791641668.598 43954 5.762
1791641668.602 43956 7.836
1791641668.604 43959 6.457
1791641668.609 43964 5.575
1791641668.611 43962 9.833
1791641668.616 43970 5.458
1791641668.618 43967 10.906
1791641668.622 43975 5.615
1791641668.624 43972 10.514
1791641668.628 43978 8.763
1791641668.630 43980 8.576
1791641668.634 43986 5.619
1791641668.636 43983 10.565
1791641668.640 43988 8.506
1791641668.642 43991 7.688
1791641668.646 43994 8.801
1791641668.648 43996 8.594
1791641668.653 43999 8.883
1791641668.655 44002 7.992
1791641668.657 44004 7.733
1791641668.660 44010 3.750
1791641668.662 44007 9.171
1791641668.667 44015 5.151
1791641668.669 44012 10.555
1791641668.673 44018 7.989
1791641668.675 44020 7.734
1791641668.679 44026 5.464
1791641668.681 44023 10.684
1791641668.685 44031 5.579
1791641668.687 44028 10.544
1791641668.692 44034 9.196
1791641668.694 44039 5.574
1791641668.696 44036 10.972
1791641668.699 44042 7.055
1791641668.701 44044 6.808
1791641668.706 44050 4.769
1791641668.708 44047 10.193
1791641668.713 44055 6.201
1791641668.715 44052 11.624
1791641668.721 44058 10.243
1791641668.723 44060 9.987
1791641668.726 44063 9.213
1791641668.728 44066 8.271
1791641668.733 44068 9.876
1791641668.735 44071 9.363
1791641668.737 44074 7.951
1791641668.739 44079 5.069
1791641668.741 44076 10.474
1791641668.746 44082 8.175
1791641668.748 44084 7.927
1791641668.753 44087 9.236
1791641668.755 44090 7.824
1791641668.758 44095 6.011
1791641668.761 44092 10.652
1791641668.765 44103 3.715
1791641668.767 44098 10.988
1791641668.769 44100 11.138
1791641668.772 44106 7.155
1791641668.774 44108 6.898
1791641668.779 44114 4.803
1791641668.781 44111 10.220
1791641668.786 44119 5.900
1791641668.788 44116 11.289
1791641668.792 44122 9.277
1791641668.795 44124 9.016
1791641668.798 44127 8.832
1791641668.800 44132 5.899
1791641668.802 44130 10.182
1791641668.805 44138 3.738
1791641668.807 44135 9.160
1791641668.812 44143 4.504
1791641668.814 44140 9.916
1791641668.819 44146 7.991
1791641668.821 44148 7.744
1791641668.825 44154 5.469
1791641668.827 44151 10.755
1791641668.832 44156 9.360
1791641668.834 44159 8.454
1791641668.838 44164 6.923
1791641668.840 44162 11.138
1791641668.845 44167 9.734
1791641668.847 44172 6.880
1791641668.849 44170 11.173
1791641668.852 44178 4.894
1791641668.854 44175 10.297
1791641668.859 44183 6.199
1791641668.861 44180 11.597
1791641668.865 44188 6.909
1791641668.867 44186 11.159
1791641668.872 44196 4.894
1791641668.874 44191 11.770
1791641668.876 44194 11.166
1791641668.879 44199 8.385
1791641668.881 44202 6.972
1791641668.886 44207 6.175
1791641668.888 44204 11.566
1791641668.893 44212 6.966
1791641668.895 44210 11.242
1791641668.899 44215 8.844
1791641668.901 44220 5.927
1791641668.903 44218 10.215
1791641668.905 44226 3.940
1791641668.908 44223 9.358
1791641668.912 44231 4.869
1791641668.914 44228 10.274
1791641668.919 44234 8.214
1791641668.921 44236 7.965
1791641668.926 44239 9.379
1791641668.928 44242 7.974
1791641668.933 44244 9.897
1791641668.935 44250 5.869
1791641668.937 44247 11.290
1791641668.940 44255 5.004
1791641668.942 44252 10.411
1791641668.946 44258 8.462
1791641668.948 44260 8.202
1791641668.953 44266 5.802
1791641668.955 44263 11.224
1791641668.959 44268 8.518
1791641668.961 44271 7.827
1791641668.965 44274 9.077
1791641668.967 44276 8.863
1791641668.972 44284 4.155
1791641668.974 44279 11.068
1791641668.976 44282 10.450
1791641668.979 44290 4.143
1791641668.981 44287 9.567
1791641668.985 44292 8.349
1791641668.987 44295 6.958
1791641668.991 44298 7.890
1791641668.993 44300 7.642
1791641668.998 44306 5.474
1791641669.000 44303 10.903
1791641669.004 44311 5.945
1791641669.006 44308 10.836
1791641669.011 44316 6.807
1791641669.013 44314 11.085
1791641669.017 44324 3.812
1791641669.019 44319 10.802
1791641669.021 44322 10.095
1791641669.024 44330 3.907
1791641669.026 44327 9.326
1791641669.030 44332 8.167
1791641669.032 44335 6.780
1791641669.037 44340 6.196
1791641669.039 44338 10.466
1791641669.044 44346 5.983
1791641669.046 44343 11.408
1791641669.048 44348 7.732
1791641669.051 44351 7.245
1791641669.053 44354 5.841
1791641669.058 44359 4.713
1791641669.060 44356 10.122
1791641669.064 44364 5.854
1791641669.066 44362 10.125
1791641669.071 44367 9.166
1791641669.073 44370 7.763
1791641669.079 44375 7.448
1791641669.081 44372 12.053
1791641669.083 44378 8.048
1791641669.086 44380 8.723
1791641669.088 44383 7.343
1791641669.092 44388 5.617
1791641669.094 44386 9.877
1791641669.098 44394 5.416
1791641669.100 44391 10.845
1791641669.104 44399 5.591
1791641669.106 44396 10.545
1791641669.111 44404 6.660
1791641669.113 44402 10.854
1791641669.116 44410 5.381
1791641669.118 44407 10.337
1791641669.122 44415 5.584
1791641669.124 44412 10.542
1791641669.129 44420 6.584
1791641669.131 44418 10.856
1791641669.135 44423 8.619
1791641669.137 44426 7.717
1791641669.139 44428 7.456
1791641669.142 44431 7.264
1791641669.144 44434 5.854
1791641669.148 44436 7.899
1791641669.150 44439 6.505
1791641669.155 44442 7.932
1791641669.157 44444 7.673
1791641669.162 44447 8.839
1791641669.164 44450 7.479
1791641669.168 44452 8.608
1791641669.170 44455 7.723
1791641669.174 44458 8.787
1791641669.176 44460 8.610
1791641669.180 44466 5.379
1791641669.182 44463 10.337
1791641669.186 44468 8.784
1791641669.188 44471 7.880
1791641669.193 44474 8.763
1791641669.195 44476 8.569
1791641669.198 44479 8.512
1791641669.201 44484 5.361
1791641669.203 44482 9.636
1791641669.206 44487 7.151
1791641669.208 44490 5.748
1791641669.212 44495 4.622
1791641669.214 44492 10.026
1791641669.219 44500 5.986
1791641669.221 44498 10.251
1791641669.226 44503 8.905
1791641669.228 44506 7.469
1791641669.232 44511 6.185
1791641669.234 44508 11.084
1791641669.238 44516 6.867
1791641669.240 44514 11.139
1791641669.245 44522 6.103
1791641669.247 44519 11.212
1791641669.249 44524 8.293
1791641669.252 44530 4.160
1791641669.254 44527 9.587
1791641669.258 44535 4.824
1791641669.260 44532 10.237
1791641669.265 44540 5.930
1791641669.267 44538 10.203
1791641669.272 44543 9.242
1791641669.274 44546 7.848
1791641669.278 44551 6.433
1791641669.280 44548 11.070
1791641669.284 44554 9.072
1791641669.286 44556 8.890
1791641669.291 44559 9.576
1791641669.293 44562 8.982
1791641669.295 44564 8.716
1791641669.299 44570 5.553
1791641669.301 44567 10.761
1791641669.305 44575 5.900
1791641669.307 44572 10.740
1791641669.311 44580 6.855
1791641669.313 44578 11.127
1791641669.319 44586 7.372
1791641669.321 44583 11.993
1791641669.323 44588 9.105
1791641669.326 44591 8.606
1791641669.328 44594 7.205
1791641669.332 44599 5.740
1791641669.334 44596 11.124
1791641669.338 44604 6.467
1791641669.340 44602 10.600
1791641669.344 44607 8.668
1791641669.346 44610 7.733
1791641669.350 44612 8.570
1791641669.352 44615 7.979
1791641669.357 44620 6.885
1791641669.359 44618 11.112
1791641669.364 44626 7.041
1791641669.366 44628 6.768
1791641669.368 44623 13.683
1791641669.371 44634 4.766
1791641669.373 44631 10.183
1791641669.377 44636 8.756
1791641669.379 44639 7.600
1791641669.384 44644 6.598
1791641669.386 44642 10.811
1791641669.389 44650 5.418
1791641669.391 44647 10.351
1791641669.395 44655 5.598
1791641669.397 44652 10.542
1791641669.402 44658 8.802
1791641669.404 44660 8.604
1791641669.408 44663 8.409
1791641669.410 44666 7.458
1791641669.414 44668 8.601
1791641669.416 44671 7.711
1791641669.420 44676 6.545
1791641669.422 44674 10.731
1791641669.426 44682 5.921
1791641669.428 44679 10.857
1791641669.433 44690 3.646
1791641669.435 44687 9.086
1791641669.437 44684 13.673
1791641669.440 44692 8.173
1791641669.442 44695 6.789
1791641669.447 44700 5.856
1791641669.449 44698 10.127
1791641669.454 44703 9.259
1791641669.456 44706 7.853
1791641669.459 44708 8.508
1791641669.461 44711 7.869
1791641669.466 44716 6.665
1791641669.468 44714 10.900
1791641669.472 44724 4.034
1791641669.474 44719 11.109
1791641669.476 44722 10.316
1791641669.479 44727 7.379
1791641669.481 44730 5.973
1791641669.486 44732 8.414
1791641669.488 44735 7.024
1791641669.492 44738 7.841
1791641669.494 44740 7.586
1791641669.499 44743 8.948
1791641669.501 44746 7.519
1791641669.505 44748 9.304
1791641669.507 44751 8.450
1791641669.512 44754 9.337
1791641669.514 44756 9.145
1791641669.519 44762 7.634
1791641669.521 44764 7.368
1791641669.523 44759 14.261
1791641669.529 44770 8.561
1791641669.531 44767 13.978
1791641669.534 44775 7.739
1791641669.536 44772 11.197
1791641669.538 44778 8.320
1791641669.541 44783 5.525
1791641669.543 44780 10.953
1791641669.547 44786 7.972
1791641669.549 44788 7.772
1791641669.553 44791 8.819
1791641669.555 44794 7.511
1791641669.559 44796 8.578
1791641669.561 44799 7.695
1791641669.566 44802 8.889
1791641669.568 44804 8.682
1791641669.572 44810 5.382
1791641669.574 44807 10.320
1791641669.577 44815 5.570
1791641669.579 44812 10.495
1791641669.584 44818 8.740
1791641669.586 44820 8.539
1791641669.590 44826 5.421
1791641669.592 44823 10.383
1791641669.596 44831 5.581
1791641669.598 44828 10.480
1791641669.602 44834 8.732
1791641669.604 44836 8.535
1791641669.608 44842 5.387
1791641669.610 44839 10.347
1791641669.614 44847 5.604
1791641669.616 44844 10.541
1791641669.620 44850 8.724
1791641669.622 44852 8.553
1791641669.626 44858 5.468
1791641669.628 44855 10.395
1791641669.632 44863 5.567
1791641669.634 44860 10.551
1791641669.639 44866 8.744
1791641669.641 44868 8.562
1791641669.644 44874 5.509
1791641669.646 44871 10.440
1791641669.650 44879 5.647
1791641669.652 44876 10.620
1791641669.657 44882 8.774
1791641669.659 44884 8.553
1791641669.663 44890 5.420
1791641669.665 44887 10.382
1791641669.668 44892 8.543
1791641669.670 44895 7.635
1791641669.675 44898 8.755
1791641669.677 44900 8.554
1791641669.681 44906 5.723
1791641669.683 44903 10.689
1791641669.688 44908 9.534
1791641669.690 44911 8.148
1791641669.692 44914 7.537
1791641669.695 44919 4.956
1791641669.697 44916 10.360
1791641669.701 44922 7.820
1791641669.703 44924 7.556
1791641669.708 44927 8.747
1791641669.710 44930 7.383
1791641669.714 44932 8.513
1791641669.716 44935 7.586
1791641669.721 44940 6.748
1791641669.723 44938 10.948
1791641669.727 44946 5.794
1791641669.729 44948 5.783
1791641669.731 44943 12.918
1791641669.736 44954 5.579
1791641669.738 44951 10.729
1791641669.742 44956 8.938
1791641669.744 44959 8.192
1791641669.748 44962 9.269
1791641669.750 44964 9.011
1791641669.754 44972 3.746
1791641669.756 44967 10.697
1791641669.758 44970 10.039
1791641669.761 44975 7.208
1791641669.763 44978 5.801
1791641669.768 44983 4.982
1791641669.770 44980 10.390
1791641669.774 44988 5.619
1791641669.776 44986 9.874
1791641669.781 44996 3.547
1791641669.783 44991 11.183
1791641669.785 44994 9.764
1791641669.788 45002 3.638
1791641669.790 44999 9.079
1791641669.795 45007 4.553
1791641669.797 45004 9.953
1791641669.802 45012 5.691
1791641669.804 45010 9.953
1791641669.808 45015 8.809
1791641669.810 45018 7.417
1791641669.814 45023 5.925
1791641669.816 45020 10.852
1791641669.821 45028 6.993
1791641669.823 45026 11.269
1791641669.827 45036 3.652
1791641669.829 45031 10.588
1791641669.831 45034 9.954
1791641669.834 45042 3.658
1791641669.836 45039 9.075
1791641669.841 45044 8.193
1791641669.843 45047 6.792
1791641669.847 45050 7.846
1791641669.849 45052 7.598
1791641669.854 45058 5.339
1791641669.856 45055 10.773
1791641669.860 45063 5.886
1791641669.862 45060 10.779
1791641669.867 45066 9.311
1791641669.869 45068 9.053
1791641669.873 45071 9.194
1791641669.875 45076 6.260
1791641669.877 45074 10.574
1791641669.880 45079 7.631
1791641669.882 45082 6.227
1791641669.886 45087 5.053
1791641669.888 45084 10.452
1791641669.893 45090 7.861
1791641669.895 45092 7.593
1791641669.899 45098 5.313
1791641669.901 45095 10.696
1791641669.905 45100 8.518
1791641669.907 45103 7.594
1791641669.912 45106 9.177
1791641669.914 45108 9.066
1791641669.916 45111 7.686
1791641669.919 45116 5.052
1791641669.921 45114 9.325
1791641669.926 45122 4.730
1791641669.928 45119 10.154
1791641669.933 45124 9.248
1791641669.935 45127 8.046
1791641669.940 45132 7.022
1791641669.942 45130 11.257
1791641669.946 45135 9.472
1791641669.948 45140 6.619
1791641669.950 45138 10.881
1791641669.953 45146 4.584
1791641669.955 45143 10.004
1791641669.960 45148 8.963
1791641669.962 45151 7.651
1791641669.967 45154 9.381
1791641669.969 45159 5.729
1791641669.971 45156 11.138
1791641669.974 45164 4.730
1791641669.976 45162 9.590
1791641669.981 45170 4.966
1791641669.983 45167 10.425
1791641669.987 45175 5.610
1791641669.989 45172 10.959
1791641669.994 45183 3.604
1791641669.996 45180 9.013
1791641669.998 45178 13.284
1791641670.001 45186 7.336
1791641670.003 45188 7.076
1791641670.008 45194 5.096
1791641670.010 45191 10.502
1791641670.015 45199 6.199
1791641670.017 45196 11.579
1791641670.021 45202 9.154
1791641670.023 45204 8.895
1791641670.028 45212 4.771
1791641670.030 45207 11.681
1791641670.032 45210 11.050
1791641670.035 45215 8.185
1791641670.037 45218 6.783
1791641670.042 45220 9.107
1791641670.044 45223 7.697
1791641670.048 45228 6.589
1791641670.050 45226 10.765
1791641670.054 45234 5.440
1791641670.056 45231 10.385
1791641670.060 45236 8.639
1791641670.062 45239 7.709
1791641670.067 45242 8.780
1791641670.069 45244 8.653
1791641670.073 45250 5.667
1791641670.075 45252 5.413
1791641670.077 45247 12.588
1791641670.080 45255 7.299
1791641670.082 45258 5.885
1791641670.086 45263 4.451
1791641670.088 45260 9.853
1791641670.093 45268 5.560
1791641670.095 45266 9.820
1791641670.100 45271 8.776
1791641670.102 45274 7.396
1791641670.105 45279 5.555
1791641670.107 45276 10.490
1791641670.112 45282 8.726
1791641670.114 45284 8.515
1791641670.118 45290 5.478
1791641670.120 45287 10.447
1791641670.124 45292 8.452
1791641670.126 45295 7.593
1791641670.130 45300 6.527
1791641670.132 45298 10.726
1791641670.136 45303 8.366
1791641670.138 45306 7.417
1791641670.142 45308 8.580
1791641670.144 45311 7.641
1791641670.148 45316 6.537
1791641670.150 45314 10.705
1791641670.154 45319 8.330
1791641670.156 45322 7.411
1791641670.160 45324 8.698
1791641670.162 45327 7.762
1791641670.167 45332 6.551
1791641670.169 45330 10.717
1791641670.173 45340 3.728
1791641670.175 45335 10.902
1791641670.177 45338 10.015
1791641670.180 45343 7.202
1791641670.182 45346 5.797
1791641670.187 45348 8.150
1791641670.189 45351 6.762
1791641670.193 45354 8.178
1791641670.195 45356 7.923
1791641670.200 45359 8.988
1791641670.202 45362 7.585
1791641670.206 45364 8.421
1791641670.208 45367 7.597
1791641670.212 45370 8.706
1791641670.214 45372 8.523
1791641670.218 45380 3.539
1791641670.220 45378 7.825
1791641670.222 45375 12.784
1791641670.228 45388 4.136
1791641670.230 45386 8.407
1791641670.232 45383 13.826
1791641670.235 45394 4.080
1791641670.237 45391 9.510
1791641670.241 45399 4.489
1791641670.243 45396 9.886
1791641670.248 45402 7.797
1791641670.250 45404 7.562
1791641670.254 45410 5.425
1791641670.256 45407 10.860
1791641670.261 45412 9.138
1791641670.263 45415 8.219
1791641670.267 45420 6.685
1791641670.269 45418 10.959
1791641670.273 45426 6.274
1791641670.275 45423 11.094
1791641670.277 45428 8.025
1791641670.280 45434 4.017
1791641670.282 45431 9.441
1791641670.287 45439 4.762
1791641670.289 45436 10.168
1791641670.293 45442 7.883
1791641670.295 45444 7.626
1791641670.300 45447 8.931
1791641670.302 45450 7.519
1791641670.306 45452 8.842
1791641670.308 45455 7.969
1791641670.313 45460 7.002
1791641670.315 45458 11.257
1791641670.320 45463 9.842
1791641670.322 45468 6.956
1791641670.324 45466 11.237
1791641670.327 45471 8.321
1791641670.329 45474 6.921
1791641670.333 45476 9.202
1791641670.335 45479 7.863
1791641670.340 45482 9.135
1791641670.342 45484 8.875
1791641670.346 45490 4.911
1791641670.348 45492 5.556
1791641670.350 45487 12.501
1791641670.353 45495 6.992
1791641670.355 45498 5.571
1791641670.359 45500 8.118
1791641670.361 45503 6.717
1791641670.367 45506 8.444
1791641670.369 45508 8.191
1791641670.373 45511 8.822
1791641670.375 45514 7.422
1791641670.379 45519 5.567
1791641670.381 45516 10.487
1791641670.385 45524 6.583
1791641670.387 45522 10.791
1791641670.391 45530 5.420
1791641670.393 45527 10.390
1791641670.397 45532 8.583
1791641670.399 45535 7.655
1791641670.403 45538 8.747
1791641670.405 45540 8.559
1791641670.409 45546 5.548
1791641670.411 45543 10.480
1791641670.415 45548 8.910
1791641670.417 45551 7.945
1791641670.422 45554 9.211
1791641670.424 45556 9.007
1791641670.429 45564 5.117
1791641670.431 45562 9.402
1791641670.433 45559 14.035
1791641670.436 45567 8.587
1791641670.438 45570 7.189
1791641670.442 45572 9.082
1791641670.444 45575 7.684
1791641670.449 45580 6.947
1791641670.451 45578 11.181
1791641670.455 45586 5.994
1791641670.457 45583 10.651
1791641670.459 45588 7.730
1791641670.462 45594 3.654
1791641670.464 45591 9.085
1791641670.469 45599 4.686
1791641670.471 45596 10.091
1791641670.476 45602 8.126
1791641670.478 45604 7.869
1791641670.482 45607 9.198
1791641670.484 45610 7.834
1791641670.488 45615 6.077
1791641670.490 45612 10.725
1791641670.495 45618 8.729
1791641670.497 45620 8.895
1791641670.502 45623 9.613
1791641670.504 45628 6.762
1791641670.506 45626 11.021
1791641670.509 45631 8.493
1791641670.511 45634 7.088
1791641670.516 45636 9.612
1791641670.518 45639 8.249
1791641670.522 45644 6.828
1791641670.524 45647 5.449
1791641670.526 45642 13.111
1791641670.529 45652 4.950
1791641670.531 45650 9.225
1791641670.536 45655 7.912
1791641670.538 45658 6.522
1791641670.542 45660 8.966
1791641670.544 45663 7.661
1791641670.549 45671 3.448
1791641670.551 45666 10.988
1791641670.553 45668 10.821
1791641670.556 45676 4.868
1791641670.558 45674 9.141
1791641670.563 45679 7.945
1791641670.565 45682 6.538
1791641670.570 45684 9.010
1791641670.572 45687 7.737
1791641670.576 45690 8.856
1791641670.578 45692 8.662
1791641670.582 45700 3.405
1791641670.584 45695 10.531
1791641670.586 45698 9.687
1791641670.589 45706 3.702
1791641670.591 45703 9.132
1791641670.596 45711 4.454
1791641670.598 45708 9.864
1791641670.603 45716 5.529
1791641670.605 45714 9.800
1791641670.609 45722 5.513
1791641670.611 45719 10.935
1791641670.615 45727 5.589
1791641670.617 45724 10.393
1791641670.622 45732 6.515
1791641670.624 45730 10.754
1791641670.628 45735 8.360
1791641670.630 45738 7.415
1791641670.633 45740 8.530
1791641670.635 45743 7.632
1791641670.640 45751 3.422
1791641670.642 45746 11.000
1791641670.644 45748 10.816
1791641670.648 45756 5.003
1791641670.650 45754 9.277
1791641670.654 45759 7.903
1791641670.656 45762 6.510
1791641670.661 45764 8.962
1791641670.663 45767 7.645
1791641670.668 45770 9.041
1791641670.670 45772 8.841
1791641670.672 45775 7.452
1791641670.675 45780 5.016
1791641670.677 45778 9.292
1791641670.681 45786 4.510
1791641670.683 45783 9.934
1791641670.688 45791 5.762
1791641670.690 45788 11.128
1791641670.695 45794 8.815
1791641670.697 45796 8.614
1791641670.700 45799 8.364
1791641670.702 45802 7.454
1791641670.706 45807 5.669
1791641670.708 45804 10.585
1791641670.713 45810 8.743
1791641670.715 45812 8.578
1791641670.719 45815 8.849
1791641670.721 45818 7.879
1791641670.723 45820 7.613
1791641670.726 45826 3.638
1791641670.728 45823 9.060
1791641670.733 45831 4.605
1791641670.735 45828 10.123
1791641670.740 45834 8.118
1791641670.742 45836 7.861
1791641670.746 45842 5.730
1791641670.748 45839 11.111
1791641670.752 45847 6.201
1791641670.754 45844 10.906
1791641670.759 45852 7.039
1791641670.761 45850 11.315
1791641670.766 45855 9.957
1791641670.768 45860 7.062
1791641670.770 45858 11.336
1791641670.773 45863 8.546
1791641670.775 45866 7.158
1791641670.780 45868 9.577
1791641670.782 45871 8.178
1791641670.786 45876 7.033
1791641670.788 45874 11.307
1791641670.793 45884 5.082
1791641670.795 45882 9.364
1791641670.797 45879 14.088
1791641670.800 45887 8.453
1791641670.802 45890 7.060
1791641670.807 45892 9.575
1791641670.809 45895 8.208
1791641670.814 45900 7.021
1791641670.816 45898 11.260
1791641670.819 45906 6.019
1791641670.821 45903 10.678
1791641670.823 45908 7.761
1791641670.826 45914 3.797
1791641670.828 45911 9.221
1791641670.833 45919 4.973
1791641670.835 45916 10.380
1791641670.840 45924 5.799
1791641670.842 45922 10.067
1791641670.847 45930 5.871
1791641670.849 45927 11.292
1791641670.852 45935 5.884
1791641670.854 45932 10.531
1791641670.859 45940 6.900
1791641670.861 45938 11.124
1791641670.866 45948 4.764
1791641670.868 45946 9.044
1791641670.870 45943 13.672
1791641670.873 45951 8.113
1791641670.875 45954 6.714
1791641670.879 45959 5.596
1791641670.881 45956 11.016
1791641670.886 45964 6.744
1791641670.888 45962 11.019
1791641670.892 45972 3.466
1791641670.894 45970 7.746
1791641670.896 45967 12.692
1791641670.899 45975 7.159
1791641670.901 45978 5.748
1791641670.905 45980 7.874
1791641670.907 45983 6.491
1791641670.912 45988 5.582
1791641670.914 45986 9.857
1791641670.919 45994 5.425
1791641670.921 45991 10.845
1791641670.925 45999 5.962
1791641670.927 45996 10.907
1791641670.932 46004 6.781
1791641670.934 46002 11.056
1791641670.937 46012 3.460
1791641670.939 46007 10.641
1791641670.941 46010 9.739
1791641670.944 46018 3.573
1791641670.946 46015 8.997
1791641670.951 46020 7.928
1791641670.953 46023 6.544
1791641670.958 46028 5.616
1791641670.960 46026 9.876
1791641670.964 46031 8.808
1791641670.966 46034 7.390
1791641670.971 46039 5.881
1791641670.973 46036 10.774
1791641670.977 46044 6.832
1791641670.979 46042 11.107
1791641670.984 46047 9.585
1791641670.986 46050 8.914
1791641670.988 46052 8.700
1791641670.991 46058 4.704
1791641670.993 46055 10.133
1791641670.998 46060 8.879
1791641671.000 46063 7.588
1791641671.005 46066 9.146
1791641671.007 46071 5.483
1791641671.009 46068 10.885
1791641671.011 46074 6.856
1791641671.013 46076 6.607
1791641671.018 46079 8.023
1791641671.020 46082 6.608
1791641671.025 46084 8.940
1791641671.027 46087 7.658
1791641671.032 46092 6.634
1791641671.034 46090 10.816
1791641671.037 46095 8.476
1791641671.039 46098 7.531
1791641671.043 46100 8.581
1791641671.045 46103 7.669
1791641671.050 46106 8.869
1791641671.052 46108 8.692
1791641671.056 46114 5.755
1791641671.058 46111 10.578
1791641671.060 46116 7.474
1791641671.063 46119 7.200
1791641671.065 46122 5.793
1791641671.069 46127 4.493
1791641671.071 46124 9.910
1791641671.076 46130 7.873
1791641671.078 46132 7.617
1791641671.083 46135 8.853
1791641671.085 46138 7.446
1791641671.089 46140 8.573
1791641671.091 46143 7.652
1791641671.095 46148 6.570
1791641671.097 46146 10.785
1791641671.101 46151 8.363
1791641671.103 46154 7.391
1791641671.107 46156 8.528
1791641671.109 46159 7.598
1791641671.113 46162 8.730
1791641671.115 46164 8.538
1791641671.119 46170 5.462
1791641671.121 46167 10.394
1791641671.125 46175 5.546
1791641671.127 46172 10.527
1791641671.132 46180 6.736
1791641671.134 46178 10.974
1791641671.138 46183 8.525
1791641671.140 46186 7.680
1791641671.142 46188 7.414
1791641671.145 46194 3.879
1791641671.147 46191 9.312
1791641671.151 46196 7.880
1791641671.153 46199 6.485
1791641671.158 46204 5.540
1791641671.160 46202 9.815
1791641671.165 46210 5.679
1791641671.167 46207 11.108
1791641671.171 46212 8.643
1791641671.173 46215 7.848
1791641671.177 46220 6.532
1791641671.179 46218 10.569
1791641671.183 46223 8.460
1791641671.185 46226 7.495
1791641671.189 46228 8.644
1791641671.191 46231 7.680
1791641671.196 46236 6.867
1791641671.198 46234 11.076
1791641671.200 46239 7.480
1791641671.203 46244 5.033
1791641671.205 46242 9.308
1791641671.209 46247 7.922
1791641671.211 46250 6.518
1791641671.216 46255 5.583
1791641671.218 46252 10.959
1791641671.224 46258 9.614
1791641671.226 46263 5.950
1791641671.228 46260 11.346
1791641671.230 46268 5.012
1791641671.232 46266 9.289
1791641671.237 46271 7.835
1791641671.239 46274 6.436
1791641671.243 46276 8.954
1791641671.245 46279 7.621
1791641671.250 46282 8.702
1791641671.252 46284 8.521
1791641671.256 46287 8.345
1791641671.258 46290 7.407
1791641671.262 46292 8.559
1791641671.264 46295 7.649
1791641671.268 46300 6.556
1791641671.270 46298 10.698
1791641671.274 46306 5.502
1791641671.276 46303 10.455
1791641671.280 46308 8.738
1791641671.282 46311 7.803
1791641671.287 46314 8.665
1791641671.289 46316 8.674
1791641671.292 46319 8.401
1791641671.294 46322 7.458
1791641671.298 46324 8.820
1791641671.300 46327 7.902
1791641671.305 46332 6.919
1791641671.307 46330 11.170
1791641671.312 46338 7.362
1791641671.314 46340 7.087
1791641671.316 46335 13.957
1791641671.319 46343 8.468
1791641671.321 46346 7.068
1791641671.326 46348 9.307
1791641671.328 46351 7.940
1791641671.332 46356 6.942
1791641671.334 46354 11.180
1791641671.339 46364 4.014
1791641671.341 46362 8.146
1791641671.343 46359 12.965
1791641671.345 46367 7.408
1791641671.347 46370 5.974
1791641671.352 46372 8.163
1791641671.354 46375 6.768
1791641671.358 46378 7.836
1791641671.360 46380 7.582
1791641671.365 46386 5.592
1791641671.367 46383 10.980
1791641671.371 46391 5.674
1791641671.373 46388 10.575
1791641671.377 46396 6.483
1791641671.379 46394 10.687
1791641671.383 46402 5.647
1791641671.385 46399 10.575
1791641671.387 46404 7.387
1791641671.391 46410 4.002
1791641671.393 46407 9.427
1791641671.397 46412 7.837
1791641671.399 46415 6.442
1791641671.404 46420 5.599
1791641671.406 46418 9.871
1791641671.411 46426 5.471
1791641671.413 46423 10.902
1791641671.417 46431 6.183
1791641671.419 46428 11.083
1791641671.423 46434 9.275
1791641671.426 46436 9.037
1791641671.429 46439 8.747
1791641671.431 46444 5.829
1791641671.433 46442 10.110
1791641671.436 46447 7.334
1791641671.438 46450 5.928
1791641671.443 46455 4.815
1791641671.445 46452 10.217
1791641671.450 46460 6.149
1791641671.452 46458 10.414
1791641671.457 46468 3.814
1791641671.459 46466 8.071
1791641671.461 46463 13.405
1791641671.464 46474 4.079
1791641671.466 46471 9.505
1791641671.470 46479 4.817
1791641671.472 46476 10.222
1791641671.477 46484 5.873
1791641671.479 46482 10.142
1791641671.484 46487 9.311
1791641671.486 46490 7.916
1791641671.489 46492 8.495
1791641671.491 46495 7.877
1791641671.496 46498 9.038
1791641671.498 46500 8.825
1791641671.503 46503 9.835
1791641671.505 46508 6.958
1791641671.507 46506 11.242
1791641671.510 46511 8.341
1791641671.512 46514 6.942
1791641671.517 46516 9.299
1791641671.519 46519 7.918
1791641671.524 46522 9.243
1791641671.526 46524 9.000
1791641671.531 46532 5.123
1791641671.533 46527 12.026
1791641671.535 46530 11.421
1791641671.538 46538 5.359
1791641671.540 46535 10.781
1791641671.546 46543 7.859
1791641671.548 46540 13.206
1791641671.551 46546 9.504
1791641671.553 46548 9.280
1791641671.558 46551 9.568
1791641671.560 46556 6.676
1791641671.562 46554 9.891
1791641671.565 46562 4.963
1791641671.567 46559 10.378
1791641671.571 46564 8.645
1791641671.573 46567 7.718
1791641671.579 46570 8.546
1791641671.581 46572 10.054
1791641671.583 46575 8.650
1791641671.586 46578 8.136
1791641671.588 46580 7.891
1791641671.593 46583 9.260
1791641671.595 46586 7.849
1791641671.599 46588 8.734
1791641671.601 46591 8.105
1791641671.606 46596 7.015
1791641671.608 46594 11.262
1791641671.611 46604 3.694
1791641671.613 46602 7.980
1791641671.615 46599 12.620
1791641671.618 46610 3.678
1791641671.620 46607 9.100
1791641671.625 46615 4.439
1791641671.627 46612 9.853
1791641671.631 46620 5.535
1791641671.633 46618 9.814
1791641671.638 46626 5.485
1791641671.640 46623 10.910
1791641671.644 46631 5.633
1791641671.646 46628 10.573
1791641671.651 46634 8.697
1791641671.653 46636 8.536
1791641671.656 46639 8.424
1791641671.658 46642 7.499
1791641671.662 46644 8.541
1791641671.664 46647 7.595
1791641671.669 46650 8.938
1791641671.671 46652 8.716
1791641671.675 46660 3.448
1791641671.677 46655 10.541
1791641671.679 46658 9.734
1791641671.682 46666 3.885
1791641671.684 46663 9.311
1791641671.688 46668 7.878
1791641671.690 46671 6.482
1791641671.695 46676 5.572
1791641671.697 46674 9.846
1791641671.702 46682 5.750
1791641671.704 46679 11.173
1791641671.708 46687 5.764
1791641671.710 46684 10.584
1791641671.715 46692 6.727
1791641671.717 46690 10.887
1791641671.721 46698 5.897
1791641671.723 46695 10.847
1791641671.727 46703 6.307
1791641671.729 46700 10.941
1791641671.733 46708 6.504
1791641671.735 46706 10.630
1791641671.738 46711 8.419
1791641671.740 46714 7.501
1791641671.744 46719 5.875
1791641671.746 46716 10.698
1791641671.751 46722 9.258
1791641671.753 46724 9.018
1791641671.758 46732 5.125
1791641671.760 46730 9.417
1791641671.762 46727 13.947
1791641671.765 46735 8.562
1791641671.767 46738 7.160
1791641671.771 46743 5.626
1791641671.773 46740 11.038
1791641671.778 46748 6.568
1791641671.780 46746 10.836
1791641671.784 46754 6.070
1791641671.786 46751 11.021
1791641671.788 46756 7.819
1791641671.791 46759 7.210
1791641671.793 46762 5.804
1791641671.798 46764 8.424
1791641671.800 46767 7.048
1791641671.805 46770 8.458
1791641671.807 46772 8.200
1791641671.812 46775 9.329
1791641671.814 46780 5.679
1791641671.816 46778 9.950
1791641671.819 46786 3.846
1791641671.821 46783 9.268
1791641671.825 46788 8.346
1791641671.827 46791 6.956
1791641671.832 46796 5.768
1791641671.834 46794 10.048
1791641671.839 46799 9.206
1791641671.841 46802 7.936
1791641671.843 46804 7.691
1791641671.846 46807 7.303
1791641671.848 46810 5.891
1791641671.852 46812 7.938
1791641671.854 46815 6.549
1791641671.859 46818 7.862
1791641671.861 46820 7.594
1791641671.866 46826 5.378
1791641671.868 46823 10.758
1791641671.872 46831 5.628
1791641671.874 46828 10.547
1791641671.878 46836 6.527
1791641671.880 46834 10.666
1791641671.884 46839 8.436
1791641671.886 46842 7.487
1791641671.890 46844 8.597
1791641671.892 46847 7.650
1791641671.897 46850 8.949
1791641671.899 46855 5.367
1791641671.901 46852 10.785
1791641671.904 46860 4.849
1791641671.906 46858 9.124
1791641671.910 46863 7.923
1791641671.912 46866 6.519
1791641671.917 46868 8.870
1791641671.919 46871 7.555
1791641671.924 46876 6.584
1791641671.926 46874 10.835
1791641671.929 46882 5.410
1791641671.931 46879 10.347
1791641671.935 46884 8.582
1791641671.937 46887 7.665
1791641671.942 46892 6.562
1791641671.944 46890 10.781
1791641671.948 46895 8.383
1791641671.950 46898 7.447
1791641671.954 46900 8.547
1791641671.956 46903 7.644
1791641671.960 46908 6.562
1791641671.962 46906 10.767
1791641671.966 46914 5.448
1791641671.968 46911 10.397
1791641671.972 46919 5.673
1791641671.974 46916 10.601
1791641671.978 46922 8.748
1791641671.980 46924 8.565
1791641671.985 46927 9.283
1791641671.987 46932 6.074
1791641671.989 46930 10.352
1791641671.992 46935 7.456
1791641671.994 46938 6.666
1791641671.999 46940 8.550
1791641672.001 46943 7.147
1791641672.005 46948 5.926
1791641672.007 46946 10.202
1791641672.012 46954 5.897
1791641672.014 46951 11.317
1791641672.019 46959 7.313
1791641672.021 46962 5.906
1791641672.023 46956 13.933
1791641672.026 46967 5.152
1791641672.028 46964 10.555
1791641672.033 46972 6.130
1791641672.035 46970 10.402
1791641672.039 46978 5.768
1791641672.041 46975 11.191
1791641672.045 46980 8.318
1791641672.047 46983 7.684
1791641672.051 46986 8.714
1791641672.053 46988 8.517
1791641672.057 46991 8.757
1791641672.059 46994 7.836
1791641672.063 46996 8.669
1791641672.065 46999 8.046
1791641672.070 47002 8.970
1791641672.072 47004 8.861
1791641672.076 47007 8.622
1791641672.078 47012 5.699
1791641672.080 47010 9.983
1791641672.083 47015 7.208
1791641672.085 47018 5.803
1791641672.089 47023 4.942
1791641672.091 47020 10.349
1791641672.096 47026 7.900
1791641672.098 47028 7.643
1791641672.103 47034 5.671
1791641672.105 47031 11.071
1791641672.108 47036 8.566
1791641672.110 47039 7.710
1791641672.115 47044 6.560
1791641672.117 47042 10.754
1791641672.121 47052 3.975
1791641672.123 47050 8.257
1791641672.125 47047 13.196
1791641672.128 47055 7.331
1791641672.130 47058 5.924
1791641672.135 47060 8.101
1791641672.137 47063 6.718
1791641672.141 47068 5.813
1791641672.143 47066 10.087
1791641672.148 47071 9.300
1791641672.150 47074 7.894
1791641672.154 47079 5.940
1791641672.156 47076 10.620
1791641672.161 47082 9.303
1791641672.163 47084 9.044
1791641672.168 47092 5.063
1791641672.170 47090 9.341
1791641672.172 47087 13.988
1791641672.175 47098 5.168
1791641672.177 47095 10.573
1791641672.181 47103 5.914
1791641672.183 47100 11.306
1791641672.188 47108 6.908
1791641672.190 47106 11.185
1791641672.195 47116 4.657
1791641672.197 47111 11.533
1791641672.199 47114 10.937
1791641672.202 47119 8.113
1791641672.204 47122 6.728
1791641672.208 47127 5.627
1791641672.210 47124 10.986
1791641672.215 47132 6.578
1791641672.217 47130 10.858
1791641672.221 47138 6.148
1791641672.223 47135 11.085
1791641672.228 47146 4.010
1791641672.230 47140 11.919
1791641672.232 47143 11.443
1791641672.235 47151 5.174
1791641672.237 47148 10.579
1791641672.241 47154 7.818
1791641672.243 47156 7.563
1791641672.248 47162 5.584
1791641672.250 47159 11.002
1791641672.252 47164 7.371
1791641672.255 47170 3.707
1791641672.257 47167 9.132
1791641672.262 47175 4.452
1791641672.264 47172 9.861
1791641672.269 47178 7.790
1791641672.271 47180 7.527
1791641672.275 47186 5.356
1791641672.277 47183 10.780
1791641672.281 47191 5.625
1791641672.283 47188 10.574
1791641672.288 47196 6.777
1791641672.290 47199 5.379
1791641672.292 47194 13.007
1791641672.295 47204 4.976
1791641672.297 47202 9.254
1791641672.302 47207 7.882
1791641672.304 47210 6.477
1791641672.310 47212 10.472
1791641672.312 47215 9.137
1791641672.314 47218 7.716
1791641672.317 47220 8.323
1791641672.319 47223 6.925
1791641672.323 47228 5.597
1791641672.325 47226 9.872
1791641672.330 47231 8.827
1791641672.332 47234 7.434
1791641672.336 47236 9.137
1791641672.338 47239 8.206
1791641672.343 47242 8.994
1791641672.345 47244 8.726
1791641672.348 47247 8.496
1791641672.350 47252 5.453
1791641672.353 47250 9.727
1791641672.356 47258 3.721
1791641672.358 47255 9.148
1791641672.362 47263 4.511
1791641672.364 47260 9.915
1791641672.369 47266 7.822
1791641672.371 47268 7.564
1791641672.376 47274 5.416
1791641672.378 47271 10.842
1791641672.381 47276 8.465
1791641672.383 47279 7.562
1791641672.388 47284 6.717
1791641672.390 47282 10.938
1791641672.394 47287 8.554
1791641672.396 47290 7.677
1791641672.398 47292 7.432
1791641672.401 47295 7.239
1791641672.403 47298 5.824
1791641672.408 47300 7.828
1791641672.410 47303 6.436
1791641672.414 47308 5.575
1791641672.416 47306 9.817
1791641672.421 47311 8.782
1791641672.423 47314 7.367
1791641672.427 47319 5.903
1791641672.429 47316 10.819
1791641672.434 47324 6.990
1791641672.436 47322 11.227
1791641672.441 47332 4.795
1791641672.443 47330 9.086
1791641672.445 47327 13.711
1791641672.448 47335 8.293
1791641672.450 47338 6.897
1791641672.455 47343 6.241
1791641672.457 47340 11.663
1791641672.461 47346 8.783
1791641672.463 47348 8.602
1791641672.467 47351 8.962
1791641672.469 47354 8.071
1791641672.471 47356 7.814
1791641672.474 47362 3.809
1791641672.476 47359 9.233
1791641672.481 47367 4.769
1791641672.483 47364 10.174
1791641672.488 47372 5.980
1791641672.490 47370 10.246
1791641672.494 47378 5.433
1791641672.496 47375 10.855
1791641672.600 47380 109.241
1791641672.602 47383 108.366
1791641672.606 47386 108.334
1791641672.608 47394 101.314
1791641672.610 47402 94.209
1791641672.612 47410 87.106
1791641672.614 47418 80.015
1791641672.616 47426 72.912
1791641672.618 47434 65.828
1791641672.620 47442 58.723
1791641672.622 47450 51.631
1791641672.624 47458 44.538
1791641672.626 47466 37.439
1791641672.628 47474 30.347
1791641672.630 47388 130.224
1791641672.632 47396 123.172
1791641672.634 47404 116.029
1791641672.636 47412 108.933
1791641672.638 47420 101.296
1791641672.640 47428 94.739
1791641672.642 47436 87.643
1791641672.644 47444 80.544
1791641672.646 47452 73.458
1791641672.648 47460 65.908
1791641672.650 47468 59.259
1791641672.652 47391 148.125
1791641672.654 47399 141.814
1791641672.656 47407 134.724
1791641672.658 47415 127.608
1791641672.660 47423 120.520
1791641672.662 47431 112.849
1791641672.664 47439 106.324
1791641672.666 47447 99.223
1791641672.668 47455 92.133
1791641672.670 47463 85.038
1791641672.672 47471 77.454
1791641672.675 47479 71.944
1791641672.677 47487 64.896
1791641672.679 47495 57.798
1791641672.681 47503 50.695
1791641672.683 47511 43.608
1791641672.685 47519 36.506
1791641672.687 47527 29.414
1791641672.689 47535 22.315
1791641672.691 47476 90.676
1791641672.693 47484 84.362
1791641672.695 47492 77.273
1791641672.697 47500 69.381
1791641672.699 47508 63.070
1791641672.701 47516 55.976
1791641672.703 47524 48.070
1791641672.705 47532 41.776
1791641672.707 47482 100.692
1791641672.709 47490 93.588
1791641672.711 47498 86.497
1791641672.714 47506 79.401
1791641672.716 47514 72.307
1791641672.718 47522 65.213
1791641672.720 47530 58.117
1791641672.723 47540 49.786
1791641672.725 47548 42.659
1791641672.727 47556 35.468
1791641672.729 47564 28.457
1791641672.731 47572 21.369
1791641672.733 47543 54.835
1791641672.735 47551 49.268
1791641672.737 47559 42.185
1791641672.739 47567 34.142
1791641672.741 47575 27.975
1791641672.743 47538 72.093
1791641672.745 47546 65.000
1791641672.747 47554 57.900
1791641672.749 47562 50.806
1791641672.751 47570 43.710
1791641672.753 47578 36.606
1791641672.756 47586 30.383
1791641672.758 47594 23.364
1791641672.760 47602 16.267
1791641672.762 47580 43.241
1791641672.764 47588 36.214
1791641672.766 47596 29.127
1791641672.768 47604 21.988
1791641672.770 47583 47.919
1791641672.772 47591 40.036
1791641672.774 47599 33.726
1791641672.776 47607 26.646
1791641672.779 47615 19.677
1791641672.781 47623 13.375
1791641672.783 47610 29.717
1791641672.785 47618 23.083
1791641672.787 47626 15.984
1791641672.789 47612 33.921
1791641672.791 47620 26.833
1791641672.794 47634 13.668
1791641672.796 47631 19.196
1791641672.798 47628 24.554
1791641672.800 47636 17.528
1791641672.802 47639 16.246
1791641672.805 47644 13.375
1791641672.807 47642 17.650
1791641672.809 47650 11.346
1791641672.811 47647 16.763
1791641672.814 47652 13.806
1791641672.816 47655 12.406
1791641672.819 47658 11.718
1791641672.821 47660 11.521
1791641672.824 47666 7.581
1791641672.826 47668 7.314
1791641672.828 47663 14.197
1791641672.831 47674 5.255
1791641672.833 47671 10.671
1791641672.837 47679 5.608
1791641672.839 47676 10.958
1791641672.843 47684 6.549
1791641672.845 47682 10.768
1791641672.849 47690 5.718
1791641672.851 47687 10.679
1791641672.855 47692 8.521
1791641672.857 47695 7.705
1791641672.861 47700 6.542
1791641672.863 47698 10.718
1791641672.867 47703 8.461
1791641672.869 47706 7.536
1791641672.873 47708 8.600
1791641672.875 47711 7.655
1791641672.880 47714 8.701
1791641672.882 47716 8.506
1791641672.885 47719 8.298
1791641672.887 47722 7.379
1791641672.891 47727 5.544
1791641672.893 47724 10.506
1791641672.898 47732 6.524
1791641672.900 47730 10.762
1791641672.904 47738 5.433
1791641672.906 47735 10.371
1791641672.909 47740 8.484
1791641672.911 47743 7.585
1791641672.916 47746 9.143
1791641672.918 47751 5.563
1791641672.920 47748 10.949
1791641672.924 47756 4.967
1791641672.926 47754 9.215
1791641672.930 47762 4.488
1791641672.932 47759 9.908
1791641672.937 47767 5.585
1791641672.939 47764 10.875
1791641672.943 47772 6.611
1791641672.945 47770 10.828
1791641672.949 47775 8.592
1791641672.951 47778 7.619
1791641672.955 47780 8.598
1791641672.957 47783 7.646
1791641672.962 47788 6.846
1791641672.964 47791 5.443
1791641672.966 47786 13.026
1791641672.969 47794 7.218
1791641672.971 47796 6.960
1791641672.975 47802 4.495
1791641672.977 47799 9.915
1791641672.982 47807 5.664
1791641672.984 47804 10.989
1791641672.989 47810 8.961
1791641672.991 47812 8.744
1791641672.995 47818 5.450
1791641672.997 47815 10.404
1791641673.001 47820 8.622
1791641673.003 47823 7.725
1791641673.007 47826 8.620
1791641673.009 47828 8.518
1791641673.013 47831 8.387
1791641673.015 47834 7.449
1791641673.019 47839 5.609
1791641673.021 47836 10.515
1791641673.025 47847 3.379
1791641673.027 47844 8.748
1791641673.029 47842 12.966
1791641673.033 47850 7.093
1791641673.035 47852 6.838
1791641673.039 47855 7.901
1791641673.041 47858 6.496
1791641673.046 47860 8.847
1791641673.048 47863 7.560
1791641673.053 47868 6.531
1791641673.055 47866 10.763
1791641673.058 47871 8.340
1791641673.060 47874 7.414
1791641673.064 47879 5.670
1791641673.066 47876 10.606
1791641673.071 47884 6.524
1791641673.073 47882 10.796
1791641673.077 47887 8.602
1791641673.079 47890 7.723
1791641673.081 47892 7.461
1791641673.084 47898 3.976
1791641673.086 47895 9.406
1791641673.090 47903 4.477
1791641673.092 47900 9.888
1791641673.097 47908 5.900
1791641673.099 47906 10.185
1791641673.104 47911 9.330
1791641673.106 47914 7.929
1791641673.110 47919 5.949
1791641673.112 47916 10.598
1791641673.117 47922 9.201
1791641673.119 47924 8.964
1791641673.123 47932 4.607
1791641673.125 47927 11.473
1791641673.127 47930 10.844
1791641673.132 47938 5.994
1791641673.134 47935 10.890
1791641673.139 47940 9.843
1791641673.141 47943 9.365
1791641673.143 47946 7.988
1791641673.146 47948 8.515
1791641673.148 47951 7.127
1791641673.152 47956 5.621
1791641673.154 47954 9.899
1791641673.158 47959 8.867
1791641673.160 47962 7.461
1791641673.164 47967 5.614
1791641673.166 47964 10.517
1791641673.171 47972 6.586
1791641673.173 47970 10.812
1791641673.177 47975 8.581
1791641673.179 47978 7.601
1791641673.183 47983 5.630
1791641673.185 47980 10.529
1791641673.189 47986 8.805
1791641673.191 47988 8.556
1791641673.195 47991 8.492
1791641673.197 47994 7.566
1791641673.201 47999 5.586
1791641673.203 47996 10.516
1791641673.207 48004 6.510
1791641673.209 48002 10.728
1791641673.213 48010 5.454
1791641673.215 48007 10.428
1791641673.219 48012 9.043
1791641673.221 48015 8.116
1791641673.226 48018 8.610
1791641673.228 48020 8.569
1791641673.232 48026 6.004
1791641673.234 48023 10.908
1791641673.236 48028 7.753
1791641673.239 48034 3.861
1791641673.241 48031 9.283
1791641673.245 48036 8.160
1791641673.247 48039 6.762
1791641673.252 48042 8.426
1791641673.254 48044 8.169
1791641673.259 48050 5.593
1791641673.261 48047 10.970
1791641673.264 48052 8.485
1791641673.266 48055 7.585
1791641673.271 48060 6.524
1791641673.273 48058 10.723
1791641673.277 48063 8.487
1791641673.279 48066 7.547
1791641673.283 48068 8.549
1791641673.285 48071 7.637
1791641673.289 48076 6.520
1791641673.291 48074 10.868
1791641673.295 48082 5.786
1791641673.297 48084 5.525
1791641673.299 48079 12.711
1791641673.303 48090 3.841
1791641673.305 48087 9.265
1791641673.309 48095 4.525
1791641673.311 48092 9.911
1791641673.316 48100 5.560
1791641673.318 48098 9.819
1791641673.322 48106 5.416
1791641673.324 48103 10.811
1791641673.328 48108 8.534
1791641673.330 48111 7.611
1791641673.335 48114 8.809
1791641673.337 48116 8.617
1791641673.341 48122 5.739
1791641673.343 48124 5.476
1791641673.345 48119 12.651
1791641673.348 48127 7.322
1791641673.350 48130 5.910
1791641673.354 48132 7.870
1791641673.356 48135 6.472
1791641673.361 48138 7.849
1791641673.363 48140 7.592
1791641673.368 48146 5.523
1791641673.370 48143 10.940
1791641673.374 48151 5.687
1791641673.376 48148 10.617
1791641673.380 48154 8.702
1791641673.382 48156 8.538
1791641673.386 48164 3.429
1791641673.388 48162 7.693
1791641673.390 48159 12.658
1791641673.393 48167 7.152
1791641673.395 48170 5.741
1791641673.400 48175 4.472
1791641673.402 48172 9.884
1791641673.407 48178 7.810
1791641673.409 48180 7.552
1791641673.413 48183 8.787
1791641673.415 48186 7.381
1791641673.419 48188 8.481
1791641673.421 48191 7.566
1791641673.426 48194 8.839
1791641673.428 48196 8.625
1791641673.432 48199 8.338
1791641673.434 48202 7.396
1791641673.438 48207 6.235
1791641673.440 48204 11.165
1791641673.444 48212 6.867
1791641673.446 48210 11.094
1791641673.552 48215 109.890
1791641673.554 48218 109.283
1791641673.556 48220 109.023
1791641673.559 48223 109.123
1791641673.561 48231 102.047
1791641673.563 48239 94.454
1791641673.565 48247 87.840
1791641673.567 48255 80.747
1791641673.569 48263 73.646
1791641673.571 48271 66.561
1791641673.573 48279 58.893
1791641673.575 48287 52.349
1791641673.577 48295 45.266
1791641673.579 48303 38.173
1791641673.581 48311 31.083
1791641673.583 48226 129.791
1791641673.585 48234 122.562
1791641673.587 48242 115.604
1791641673.589 48250 108.497
1791641673.591 48258 101.405
1791641673.593 48266 94.309
1791641673.595 48274 87.242
1791641673.597 48282 80.127
1791641673.599 48290 73.020
1791641673.601 48298 65.924
1791641673.603 48306 58.823
1791641673.605 48228 149.612
1791641673.607 48236 142.496
1791641673.609 48244 135.443
1791641673.611 48252 128.301
1791641673.613 48260 121.227
1791641673.615 48268 113.633
1791641673.617 48276 107.014
1791641673.619 48284 99.948
1791641673.621 48292 92.823
1791641673.623 48300 85.749
1791641673.625 48308 78.113
1791641673.628 48316 72.609
1791641673.630 48324 65.535
1791641673.632 48332 58.329
1791641673.634 48340 51.323
1791641673.636 48348 44.229
1791641673.639 48356 36.335
1791641673.641 48364 30.028
1791641673.643 48372 22.947
1791641673.645 48319 84.753
1791641673.647 48327 78.171
1791641673.649 48335 71.070
1791641673.651 48343 63.965
1791641673.653 48351 56.523
1791641673.655 48359 49.787
1791641673.657 48367 42.685
1791641673.659 48314 105.000
1791641673.661 48322 97.903
1791641673.663 48330 90.803
1791641673.665 48338 82.786
1791641673.667 48346 76.623
1791641673.669 48354 69.531
1791641673.671 48362 62.430
1791641673.673 48370 55.337
1791641673.676 48378 49.432
1791641673.678 48386 42.335
1791641673.680 48394 35.224
1791641673.682 48402 28.143
1791641673.684 48410 21.043
1791641673.686 48375 62.571
1791641673.688 48383 55.778
1791641673.690 48391 48.689
1791641673.692 48399 41.574
1791641673.694 48407 34.499
1791641673.696 48415 27.398
1791641673.698 48380 69.236
1791641673.700 48388 62.167
1791641673.702 48396 55.029
1791641673.704 48404 47.123
1791641673.706 48412 40.841
1791641673.709 48420 34.807
1791641673.711 48428 27.178
1791641673.713 48436 20.607
1791641673.715 48444 13.524
1791641673.717 48418 44.853
1791641673.719 48426 38.002
1791641673.721 48434 30.897
1791641673.723 48442 23.803
1791641673.725 48423 47.441
1791641673.727 48431 40.349
1791641673.729 48439 32.444
1791641673.732 48452 21.562
1791641673.734 48460 14.458
1791641673.736 48450 27.847
1791641673.738 48458 20.657
1791641673.740 48447 35.273
1791641673.742 48455 28.205
1791641673.745 48463 21.691
1791641673.747 48471 15.064
1791641673.749 48466 22.760
1791641673.751 48474 15.634
1791641673.753 48468 24.012
1791641673.755 48476 17.394
1791641673.759 48482 13.759
1791641673.761 48490 6.663
1791641673.763 48479 20.276
1791641673.765 48484 17.505
1791641673.767 48492 11.141
1791641673.769 48487 18.932
1791641673.771 48495 11.855
1791641673.774 48500 8.868
1791641673.776 48498 13.144
1791641673.779 48503 9.690
1791641673.781 48506 8.825
1791641673.783 48508 8.568
1791641673.786 48511 7.871
1791641673.788 48514 6.457
1791641673.791 48516 7.833
1791641673.793 48519 6.449
1791641673.798 48522 7.810
1791641673.800 48524 7.564
1791641673.805 48530 5.416
1791641673.807 48527 10.853
1791641673.811 48535 5.695
1791641673.813 48532 10.624
1791641673.819 48538 9.161
1791641673.821 48540 10.142
1791641673.823 48543 8.740
1791641673.826 48548 5.929
1791641673.828 48546 10.201
1791641673.832 48551 9.018
1791641673.834 48554 7.593
1791641673.839 48559 6.235
1791641673.841 48556 11.062
1791641673.845 48562 9.227
1791641673.847 48564 8.992
1791641673.852 48570 7.380
1791641673.854 48572 7.109
1791641673.856 48567 14.018
1791641673.859 48578 5.214
1791641673.861 48575 10.623
1791641673.866 48583 6.188
1791641673.868 48580 11.570
1791641673.872 48586 9.072
1791641673.874 48588 8.818
1791641673.878 48594 6.025
1791641673.880 48591 10.708
1791641673.882 48596 7.770
1791641673.885 48602 3.838
1791641673.887 48599 9.260
1791641673.892 48604 8.207
1791641673.894 48607 6.821
1791641673.899 48612 5.872
1791641673.901 48610 10.148
1791641673.905 48618 5.663
1791641673.907 48615 11.077
1791641673.911 48623 5.670
1791641673.913 48620 10.590
1791641673.918 48628 6.881
1791641673.920 48626 11.125
1791641673.922 48631 7.493
1791641673.925 48634 7.222
1791641673.927 48636 6.971
1791641673.931 48639 7.872
1791641673.933 48642 6.470
1791641673.938 48647 5.704
1791641673.940 48644 11.065
1791641673.945 48652 6.564
1791641673.947 48650 10.718
1791641673.950 48655 8.336
1791641673.952 48658 7.422
1791641673.956 48660 8.471
1791641673.958 48663 7.551
1791641673.963 48666 8.776
1791641673.965 48668 8.552
1791641673.969 48671 8.355
1791641673.971 48674 7.424
1791641673.975 48679 5.572
1791641673.977 48676 10.526
1791641673.981 48684 6.616
1791641673.983 48682 10.850
1791641673.987 48690 5.725
1791641673.989 48692 5.457
1791641673.991 48687 12.680
1791641673.994 48695 7.143
1791641673.996 48698 5.733
1791641674.001 48700 8.015
1791641674.003 48703 6.620
1791641674.008 48708 5.618
1791641674.010 48706 9.902
1791641674.014 48714 5.434
1791641674.016 48711 10.777
1791641674.020 48716 8.636
1791641674.022 48719 7.671
1791641674.027 48724 6.427
1791641674.029 48722 10.621
1791641674.033 48732 3.362
1791641674.035 48730 7.606
1791641674.037 48727 12.579
1791641674.040 48735 7.112
1791641674.042 48738 5.699
1791641674.046 48743 4.452
1791641674.048 48740 9.862
1791641674.053 48746 7.802
1791641674.055 48748 7.546
1791641674.060 48751 8.858
1791641674.062 48754 7.464
1791641674.066 48759 5.577
1791641674.068 48756 10.476
1791641674.073 48767 3.593
1791641674.075 48762 11.219
1791641674.077 48764 11.021
1791641674.080 48770 7.172
1791641674.082 48772 6.936
1791641674.086 48778 4.489
1791641674.088 48775 9.905
1791641674.093 48783 5.580
1791641674.095 48780 10.890
1791641674.100 48788 6.548
1791641674.102 48786 10.770
1791641674.105 48794 5.675
1791641674.107 48796 5.411
1791641674.109 48791 12.610
1791641674.113 48799 7.162
1791641674.115 48802 5.781
1791641674.119 48807 4.485
1791641674.121 48804 9.897
1791641674.126 48810 7.880
1791641674.128 48812 7.621
1791641674.133 48815 8.825
1791641674.135 48818 7.418
1791641674.138 48820 8.569
1791641674.140 48823 7.645
1791641674.145 48831 3.436
1791641674.147 48826 11.012
1791641674.149 48828 10.816
1791641674.152 48834 7.144
1791641674.154 48836 6.886
1791641674.159 48839 7.866
1791641674.161 48842 6.464
1791641674.166 48847 5.581
1791641674.168 48844 10.906
1791641674.172 48852 6.472
1791641674.174 48850 10.708
1791641674.178 48855 8.431
1791641674.180 48858 7.487
1791641674.184 48863 5.592
1791641674.186 48860 10.545
1791641674.191 48868 6.546
1791641674.193 48866 10.729
1791641674.197 48871 8.617
1791641674.199 48874 7.688
1791641674.202 48879 5.588
1791641674.204 48876 10.546
1791641674.209 48884 6.539
1791641674.211 48882 10.742
1791641674.214 48887 8.345
1791641674.216 48890 7.415
1791641674.220 48895 5.603
1791641674.222 48892 10.536
1791641674.227 48898 8.766
1791641674.229 48900 8.567
1791641674.233 48903 8.370
1791641674.235 48906 7.432
1791641674.239 48911 5.619
1791641674.241 48908 10.527
1791641674.245 48916 6.570
1791641674.247 48914 10.780
1791641674.251 48919 8.417
1791641674.253 48922 7.481
1791641674.257 48927 5.684
1791641674.259 48924 10.641
1791641674.263 48930 8.743
1791641674.265 48932 8.536
1791641674.270 48940 3.788
1791641674.272 48938 8.058
1791641674.274 48935 12.963
1791641674.277 48946 3.830
1791641674.279 48943 9.252
1791641674.283 48948 8.243
1791641674.285 48951 6.854
1791641674.290 48956 5.690
1791641674.292 48954 9.956
1791641674.296 48962 5.345
1791641674.298 48959 10.764
1791641674.303 48964 8.768
1791641674.305 48967 7.874
1791641674.310 48975 4.030
1791641674.312 48972 9.449
1791641674.314 48970 13.692
1791641674.317 48978 7.373
1791641674.319 48980 7.115
1791641674.323 48983 8.480
1791641674.325 48986 7.083
1791641674.330 48991 6.190
1791641674.332 48988 11.576
1791641674.337 48994 9.122
1791641674.339 48996 8.863
1791641674.344 48999 9.864
1791641674.346 49002 9.272
1791641674.348 49004 8.999
1791641674.350 49010 4.721
1791641674.352 49007 10.138
1791641674.357 49012 9.077
1791641674.359 49015 7.692
1791641674.364 49018 8.898
1791641674.366 49020 8.699
1791641674.370 49026 6.024
1791641674.372 49023 10.818
1791641674.374 49028 7.778
1791641674.377 49031 7.376
1791641674.379 49034 5.967
1791641674.383 49036 8.137
1791641674.385 49039 6.741
1791641674.390 49042 8.210
1791641674.392 49044 7.954
1791641674.397 49047 9.257
1791641674.399 49050 7.850
1791641674.403 49052 8.651
1791641674.405 49055 8.029
1791641674.409 49058 9.091
1791641674.411 49060 8.825
1791641674.417 49068 5.129
1791641674.419 49066 9.412
1791641674.421 49063 14.103
1791641674.423 49074 5.061
1791641674.426 49071 10.476
1791641674.430 49079 5.877
1791641674.432 49076 11.309
1791641674.437 49084 7.127
1791641674.439 49082 11.416
1791641674.443 49090 5.923
1791641674.445 49092 5.886
1791641674.447 49087 12.850
1791641674.450 49095 7.239
1791641674.452 49098 5.834
1791641674.456 49100 8.200
1791641674.458 49103 6.802
1791641674.463 49108 6.213
1791641674.465 49106 10.468
1791641674.470 49114 5.891
1791641674.472 49111 11.298
1791641674.477 49116 9.619
1791641674.479 49119 9.030
1791641674.481 49122 7.613
1791641674.484 49124 8.254
1791641674.486 49127 6.867
1791641674.490 49130 7.912
1791641674.492 49132 7.656
1791641674.497 49138 5.481
1791641674.499 49135 10.875
1791641674.503 49143 5.627
1791641674.505 49140 10.519
1791641674.510 49146 9.167
1791641674.512 49151 5.504
1791641674.514 49148 10.914
1791641674.517 49154 7.035
1791641674.519 49156 6.783
1791641674.523 49159 7.999
1791641674.525 49162 6.595
1791641674.530 49167 5.838
1791641674.532 49164 11.082
1791641674.537 49172 6.594
1791641674.539 49170 10.610
1791641674.542 49175 8.276
1791641674.544 49178 7.354
1791641674.548 49183 5.863
1791641674.550 49180 10.777
1791641674.555 49186 9.265
1791641674.557 49188 9.025
1791641674.561 49194 5.938
1791641674.563 49196 5.672
1791641674.565 49191 12.598
1791641674.568 49199 7.158
1791641674.570 49202 5.752
1791641674.574 49207 4.472
1791641674.576 49204 9.886
1791641674.581 49210 7.802
1791641674.583 49212 7.541
1791641674.588 49218 5.707
1791641674.590 49220 5.439
1791641674.592 49215 13.101
1791641674.595 49223 7.228
1791641674.597 49226 5.813
1791641674.602 49228 7.858
1791641674.604 49231 6.465
1791641674.608 49236 5.593
1791641674.610 49234 9.868
1791641674.615 49239 8.903
1791641674.617 49242 7.494
1791641674.621 49244 8.604
1791641674.623 49247 7.695
1791641674.628 49250 8.753
1791641674.630 49252 8.620
1791641674.634 49258 5.741
1791641674.636 49255 10.670
1791641674.638 49260 7.492
1791641674.641 49263 7.186
1791641674.643 49266 5.788
1791641674.647 49271 4.481
1791641674.649 49268 9.888
1791641674.654 49276 5.626
1791641674.656 49274 9.902
1791641674.661 49282 5.389
1791641674.663 49279 10.816
1791641674.666 49287 5.639
1791641674.668 49284 10.591
1791641674.673 49290 8.712
1791641674.675 49292 8.528
1791641674.679 49295 8.346
1791641674.681 49298 7.407
1791641674.685 49303 5.559
1791641674.687 49300 10.478
1791641674.691 49306 8.873
1791641674.693 49308 8.670
1791641674.697 49311 8.683
1791641674.699 49316 5.508
1791641674.701 49314 9.450
1791641674.707 49322 5.983
1791641674.709 49319 10.799
1791641674.714 49327 7.450
1791641674.716 49330 5.991
1791641674.718 49324 13.823
1791641674.721 49332 8.486
1791641674.723 49335 7.099
1791641674.727 49340 5.979
1791641674.729 49338 10.251
1791641674.734 49343 9.516
1791641674.736 49346 8.110
1791641674.738 49348 7.856
1791641674.741 49354 3.812
1791641674.743 49351 9.233
1791641674.748 49356 8.176
1791641674.750 49359 6.787
1791641674.754 49362 7.411
1791641674.756 49364 7.158
1791641674.760 49370 4.831
1791641674.762 49367 10.243
1791641674.767 49372 9.313
1791641674.769 49375 7.954
1791641674.773 49380 6.826
1791641674.775 49378 11.081
1791641674.780 49386 5.828
1791641674.782 49388 5.829
1791641674.784 49383 12.803
1791641674.787 49391 7.455
1791641674.789 49394 6.040
1791641674.793 49399 4.557
1791641674.795 49396 9.970
1791641674.799 49402 7.796
1791641674.801 49404 7.537
1791641674.806 49407 8.792
1791641674.808 49410 7.403
1791641674.812 49412 8.472
1791641674.814 49415 7.536
1791641674.819 49418 8.874
1791641674.821 49420 8.625
1791641674.824 49423 8.316
1791641674.826 49426 7.387
1791641674.830 49428 8.511
1791641674.832 49431 7.600
1791641674.837 49436 6.534
1791641674.839 49434 10.781
1791641674.843 49439 8.351
1791641674.845 49442 7.397
1791641674.848 49447 5.602
1791641674.851 49444 10.534
1791641674.855 49452 6.515
1791641674.857 49450 10.712
1791641674.861 49458 5.420
1791641674.863 49455 10.380
1791641674.867 49463 5.632
1791641674.869 49460 10.571
1791641674.873 49468 6.518
1791641674.875 49466 10.739
1791641674.879 49476 3.416
1791641674.881 49471 10.600
1791641674.883 49474 9.660
1791641674.886 49482 3.744
1791641674.888 49479 9.181
1791641674.893 49484 7.916
1791641674.895 49487 6.519
1791641674.900 49490 8.071
1791641674.902 49492 7.811
1791641674.906 49498 5.418
1791641674.908 49495 10.708
1791641674.912 49500 8.622
1791641674.914 49503 7.687
1791641674.919 49506 8.751
1791641674.921 49508 8.541
1791641674.925 49516 3.354
1791641674.927 49511 10.573
1791641674.929 49514 9.642
1791641674.932 49519 7.141
1791641674.934 49522 5.729
1791641674.938 49524 7.794
1791641674.940 49527 6.404
1791641674.945 49532 5.458
1791641674.947 49530 9.736
1791641674.952 49538 5.622
1791641674.954 49535 11.072
1791641674.958 49543 5.562
1791641674.960 49540 10.445
1791641674.964 49548 6.556
1791641674.966 49546 10.781
1791641674.970 49554 5.403
1791641674.972 49551 10.334
1791641674.976 49559 5.593
1791641674.978 49556 10.530
1791641674.983 49564 6.642
1791641674.985 49562 10.837
1791641674.988 49567 8.357
1791641674.990 49570 7.434
1791641674.994 49572 8.513
1791641674.996 49575 7.592
1791641675.001 49580 6.685
1791641675.003 49578 10.884
1791641675.007 49583 8.446
1791641675.009 49586 7.502
1791641675.013 49588 8.809
1791641675.015 49591 7.953
1791641675.019 49596 6.986
1791641675.021 49594 11.229
1791641675.025 49599 8.853
1791641675.027 49602 8.207
1791641675.030 49604 7.933
1791641675.032 49610 3.912
1791641675.034 49607 9.334
1791641675.039 49615 4.813
1791641675.041 49612 10.214
1791641675.046 49618 8.112
1791641675.048 49620 7.864
1791641675.052 49626 5.734
1791641675.054 49623 11.158
1791641675.059 49628 9.741
1791641675.061 49631 9.136
1791641675.063 49634 7.708
1791641675.066 49639 4.944
1791641675.068 49636 10.342
1791641675.073 49644 5.671
1791641675.075 49642 9.934
1791641675.079 49650 5.404
1791641675.081 49647 10.726
1791641675.085 49655 5.648
1791641675.087 49652 10.585
1791641675.092 49658 9.108
1791641675.094 49660 8.914
1791641675.099 49668 4.660
1791641675.101 49666 8.906
1791641675.103 49663 13.493
1791641675.106 49674 4.878
1791641675.108 49671 10.297
1791641675.113 49679 5.612
1791641675.115 49676 11.020
1791641675.119 49684 6.585
1791641675.121 49682 10.781
1791641675.125 49690 5.863
1791641675.127 49687 10.803
1791641675.131 49692 8.561
1791641675.133 49695 7.941
1791641675.138 49698 9.089
1791641675.140 49700 8.858
1791641675.145 49703 9.544
1791641675.147 49708 6.673
1791641675.149 49706 10.951
1791641675.151 49711 8.106
1791641675.153 49714 6.699
1791641675.160 49716 8.762
1791641675.162 49722 6.662
1791641675.165 49719 12.078
1791641675.169 49724 9.320
1791641675.171 49727 9.542
1791641675.173 49730 8.124
1791641675.176 49735 5.222
1791641675.178 49732 10.617
1791641675.182 49738 7.840
1791641675.184 49740 7.593
1791641675.189 49743 8.867
1791641675.191 49746 7.469
1791641675.195 49748 8.806
1791641675.197 49751 7.919
1791641675.202 49754 9.235
1791641675.204 49756 8.979
1791641675.208 49764 3.927
1791641675.210 49759 10.806
1791641675.212 49762 10.229
1791641675.214 49767 7.379
1791641675.216 49770 5.958
1791641675.221 49772 8.080
1791641675.223 49775 6.681
1791641675.227 49780 5.640
1791641675.229 49778 9.919
1791641675.234 49786 5.382
1791641675.236 49783 10.798
1791641675.240 49788 8.868
1791641675.242 49791 7.959
1791641675.247 49796 6.563
1791641675.249 49794 10.807
1791641675.253 49802 5.728
1791641675.255 49804 5.467
1791641675.257 49799 12.658
1791641675.260 49810 3.749
1791641675.262 49807 9.175
1791641675.266 49815 4.500
1791641675.268 49812 9.916
1791641675.273 49820 5.581
1791641675.275 49818 9.858
1791641675.280 49823 8.871
1791641675.282 49826 7.458
1791641675.286 49831 5.651
1791641675.288 49828 10.564
1791641675.292 49836 6.642
1791641675.294 49834 10.815
1791641675.298 49839 8.497
1791641675.300 49842 7.549
1791641675.304 49844 8.711
1791641675.306 49847 7.889
1791641675.311 49850 9.097
1791641675.313 49852 8.845
1791641675.318 49858 7.378
1791641675.320 49855 11.992
1791641675.322 49860 9.122
1791641675.325 49866 5.175
1791641675.327 49863 10.588
1791641675.331 49868 9.200
1791641675.333 49871 7.839
1791641675.338 49876 7.031
1791641675.340 49874 11.303
1791641675.344 49882 6.317
1791641675.346 49884 6.049
1791641675.348 49879 12.971
1791641675.351 49890 3.934
1791641675.353 49887 9.358
1791641675.358 49892 8.461
1791641675.360 49895 7.074
1791641675.364 49900 5.852
1791641675.366 49898 10.122
1791641675.371 49906 5.720
1791641675.373 49903 11.132
1791641675.378 49911 7.368
1791641675.380 49914 5.927
1791641675.382 49908 13.960
1791641675.385 49916 8.431
1791641675.387 49919 7.049
1791641675.392 49924 5.886
1791641675.394 49922 10.154
1791641675.398 49927 9.352
1791641675.401 49932 5.685
1791641675.403 49930 9.969
1791641675.406 49938 4.015
1791641675.408 49935 9.439
1791641675.412 49943 4.957
1791641675.414 49940 10.364
1791641675.419 49948 5.935
1791641675.421 49946 10.205
1791641675.426 49954 5.673
1791641675.428 49951 11.130
1791641675.430 49956 7.439
1791641675.433 49959 7.334
1791641675.435 49962 5.929
1791641675.439 49967 4.417
1791641675.441 49964 9.829
1791641675.446 49970 7.831
1791641675.448 49972 7.575
1791641675.453 49975 8.832
1791641675.455 49978 7.469
1791641675.458 49983 5.556
1791641675.460 49980 10.509
1791641675.465 49988 6.650
1791641675.467 49986 10.877
1791641675.471 49994 5.660
1791641675.473 49996 5.406
1791641675.475 49991 12.631
1791641675.478 50002 3.883
1791641675.480 49999 9.309
1791641675.485 50007 4.440
1791641675.487 50004 9.851
1791641675.491 50010 7.826
1791641675.493 50012 7.572
1791641675.498 50015 8.885
1791641675.500 50018 7.479
1791641675.504 50020 8.602
1791641675.506 50023 7.667
1791641675.511 50026 8.736
1791641675.513 50028 8.538
1791641675.517 50034 5.703
1791641675.519 50031 10.608
1791641675.521 50036 7.448
1791641675.524 50039 7.052
1791641675.526 50042 5.642
1791641675.531 50047 5.050
1791641675.533 50044 10.463
1791641675.538 50050 8.420
1791641675.540 50052 8.165
1791641675.544 50055 9.260
1791641675.546 50060 5.655
1791641675.548 50058 9.881
1791641675.551 50066 3.721
1791641675.553 50063 9.159
1791641675.557 50071 4.495
1791641675.559 50068 9.899
1791641675.564 50074 7.790
1791641675.566 50076 7.541
1791641675.571 50082 5.681
1791641675.573 50084 5.477
1791641675.575 50079 13.126
1791641675.578 50087 7.072
1791641675.580 50090 5.642
1791641675.585 50095 5.079
1791641675.587 50092 10.498
1791641675.592 50098 8.097
1791641675.594 50100 7.848
1791641675.599 50106 5.686
1791641675.601 50103 11.113
1791641675.605 50108 8.768
1791641675.607 50111 8.182
1791641675.611 50114 9.100
1791641675.613 50116 8.934
1791641675.617 50122 6.084
1791641675.619 50124 5.810
1791641675.621 50119 12.726
1791641675.624 50127 7.311
1791641675.626 50130 5.908
1791641675.631 50135 4.830
1791641675.633 50132 10.239
1791641675.637 50140 5.596
1791641675.639 50138 9.872
1791641675.644 50143 8.811
1791641675.646 50146 7.472
1791641675.650 50151 5.630
1791641675.652 50148 10.535
1791641675.656 50154 8.762
1791641675.658 50156 8.584
1791641675.662 50159 8.673
1791641675.664 50162 7.730
1791641675.666 50164 7.453
1791641675.669 50170 3.765
1791641675.671 50167 9.190
1791641675.676 50172 7.977
1791641675.678 50175 6.588
1791641675.684 50180 6.875
1791641675.686 50178 11.077
1791641675.688 50183 7.468
1791641675.691 50186 7.150
1791641675.693 50188 6.891
1791641675.697 50191 7.901
1791641675.699 50194 6.502
1791641675.704 50199 5.587
1791641675.706 50196 10.899
1791641675.711 50202 8.767
1791641675.713 50204 8.528
1791641675.717 50210 5.501
1791641675.719 50207 10.448
1791641675.722 50215 5.552
1791641675.724 50212 10.371
1791641675.729 50218 8.763
1791641675.731 50220 8.565
1791641675.735 50226 5.408
1791641675.737 50223 10.367
1791641675.741 50228 9.086
1791641675.743 50231 8.205
1791641675.748 50234 9.106
1791641675.750 50236 8.836
1791641675.755 50244 5.079
1791641675.757 50239 11.970
1791641675.759 50242 11.363
1791641675.762 50250 5.051
1791641675.764 50247 10.465
1791641675.768 50255 5.665
1791641675.770 50252 11.038
1791641675.775 50258 9.039
1791641675.777 50260 8.838
1791641675.779 50263 7.457
1791641675.782 50268 4.495
1791641675.784 50266 9.451
1791641675.789 50274 5.082
1791641675.791 50271 10.506
1791641675.796 50276 9.574
1791641675.798 50279 8.211
1791641675.802 50284 6.917
1791641675.804 50282 11.194
1791641675.910 50290 107.330
1791641675.912 50292 107.060
1791641675.914 50287 113.960
1791641675.917 50300 103.331
1791641675.919 50308 96.230
1791641675.921 50316 89.139
1791641675.923 50324 82.044
1791641675.925 50332 74.939
1791641675.927 50340 67.372
1791641675.929 50348 60.742
1791641675.931 50356 53.764
1791641675.933 50364 46.662
1791641675.935 50372 39.577
1791641675.937 50380 31.945
1791641675.939 50298 127.790
1791641675.941 50306 120.688
1791641675.943 50314 113.596
1791641675.945 50322 106.500
1791641675.947 50330 99.400
1791641675.949 50338 92.306
1791641675.951 50346 85.206
1791641675.953 50354 78.115
1791641675.955 50362 71.018
1791641675.957 50370 63.922
1791641675.959 50378 56.825
1791641675.961 50295 153.285
1791641675.963 50303 146.202
1791641675.965 50311 139.099
1791641675.967 50319 131.996
1791641675.969 50327 124.908
1791641675.971 50335 117.326
1791641675.973 50343 110.707
1791641675.975 50351 103.133
1791641675.977 50359 96.523
1791641675.979 50367 89.427
1791641675.981 50375 82.335
1791641675.983 50383 75.241
1791641675.986 50388 72.524
1791641675.988 50396 64.619
1791641675.990 50404 58.340
1791641675.992 50412 51.256
1791641675.994 50420 43.355
1791641675.996 50428 37.054
1791641675.998 50436 29.960
1791641676.000 50386 88.859
1791641676.002 50394 81.760
1791641676.004 50402 74.671
1791641676.006 50410 67.571
1791641676.008 50418 60.477
1791641676.010 50426 53.382
1791641676.012 50434 46.219
1791641676.014 50442 39.189
1791641676.016 50391 98.735
1791641676.018 50399 92.143
1791641676.020 50407 85.048
1791641676.022 50415 77.937
1791641676.024 50423 70.849
1791641676.026 50431 63.763
1791641676.028 50439 56.324
1791641676.031 50447 50.491
1791641676.033 50455 43.428
1791641676.035 50463 36.326
1791641676.037 50471 29.234
1791641676.039 50479 22.142
1791641676.041 50444 63.152
1791641676.043 50452 56.863
1791641676.045 50460 49.777
1791641676.047 50468 41.888
1791641676.049 50476 35.576
1791641676.051 50484 28.482
1791641676.053 50450 69.176
1791641676.055 50458 62.079
1791641676.057 50466 54.986
1791641676.059 50474 47.892
1791641676.061 50482 40.792
1791641676.064 50487 38.067
1791641676.067 50495 31.019
1791641676.069 50503 23.925
1791641676.071 50511 16.482
1791641676.073 50490 42.724
1791641676.075 50498 35.631
1791641676.077 50506 28.240
1791641676.079 50514 21.437
1791641676.081 50492 48.488
1791641676.083 50500 41.379
1791641676.085 50508 34.289
1791641676.087 50516 27.227
1791641676.089 50524 20.944
1791641676.091 50532 13.858
1791641676.093 50519 30.646
1791641676.095 50527 23.568
1791641676.097 50522 31.256
1791641676.099 50530 24.148
1791641676.102 50540 14.780
1791641676.104 50538 19.909
1791641676.106 50546 12.811
1791641676.108 50535 27.341
1791641676.110 50543 20.253
1791641676.113 50554 10.667
1791641676.115 50551 16.103
1791641676.117 50548 21.513
1791641676.119 50556 14.420
1791641676.122 50559 13.799
1791641676.124 50564 10.124
1791641676.126 50562 14.395
1791641676.129 50567 11.426
1791641676.131 50570 10.022
1791641676.134 50575 6.993
1791641676.136 50572 12.418
1791641676.138 50580 6.050
1791641676.140 50578 10.326
1791641676.145 50583 9.316
1791641676.147 50586 7.908
1791641676.152 50594 3.982
1791641676.154 50591 9.407
1791641676.156 50588 14.012
1791641676.159 50599 5.156
1791641676.161 50596 10.569
1791641676.165 50604 5.800
1791641676.167 50602 10.074
1791641676.172 50607 8.717
1791641676.174 50610 7.483
1791641676.178 50612 8.623
1791641676.180 50615 7.707
1791641676.184 50618 8.726
1791641676.186 50620 8.527
1791641676.191 50626 6.217
1791641676.193 50628 5.962
1791641676.195 50623 13.158
1791641676.198 50634 3.836
1791641676.200 50631 9.256
1791641676.204 50639 5.035
1791641676.206 50636 10.445
1791641676.211 50642 8.073
1791641676.213 50644 7.820
1791641676.218 50647 9.159
1791641676.220 50650 7.749
1791641676.224 50652 9.440
1791641676.226 50655 8.869
1791641676.228 50658 7.456
1791641676.232 50660 8.268
1791641676.234 50663 6.872
1791641676.238 50666 7.831
1791641676.240 50668 7.574
1791641676.245 50674 5.391
1791641676.247 50671 10.773
1791641676.251 50679 5.684
1791641676.253 50676 10.614
1791641676.257 50682 8.801
1791641676.259 50684 8.667
1791641676.263 50690 5.702
1791641676.265 50687 10.592
1791641676.267 50692 7.446
1791641676.270 50695 7.180
1791641676.272 50698 5.767
1791641676.277 50703 4.675
1791641676.279 50700 10.144
1791641676.283 50708 5.626
1791641676.286 50706 9.896
1791641676.290 50714 5.407
1791641676.292 50711 10.812
1791641676.296 50719 5.638
1791641676.298 50716 10.591
1791641676.303 50724 6.542
1791641676.305 50722 10.757
1791641676.309 50727 8.657
1791641676.311 50730 7.747
1791641676.313 50732 7.481
1791641676.316 50735 7.325
1791641676.318 50738 5.912
1791641676.322 50743 4.417
1791641676.324 50740 9.833
1791641676.329 50746 7.815
1791641676.331 50748 7.556
1791641676.336 50751 9.101
1791641676.338 50754 7.693
1791641676.340 50756 7.429
1791641676.343 50762 3.773
1791641676.345 50759 9.227
1791641676.349 50764 7.815
1791641676.351 50767 6.430
1791641676.356 50770 7.845
1791641676.358 50772 7.586
1791641676.363 50775 8.831
1791641676.365 50778 7.422
1791641676.369 50780 8.552
1791641676.371 50783 7.588
1791641676.376 50788 6.858
1791641676.378 50786 11.061
1791641676.381 50791 8.565
1791641676.383 50796 5.414
1791641676.385 50794 9.689
1791641676.389 50799 7.327
1791641676.391 50802 5.919
1791641676.395 50804 7.869
1791641676.397 50807 6.479
1791641676.402 50810 7.847
1791641676.404 50812 7.592
1791641676.408 50818 5.414
1791641676.410 50815 10.838
1791641676.414 50820 8.566
1791641676.416 50823 7.609
1791641676.421 50826 8.842
1791641676.423 50828 8.653
1791641676.427 50836 3.460
1791641676.429 50834 7.734
1791641676.431 50831 12.657
1791641676.434 50842 3.910
1791641676.436 50839 9.342
1791641676.441 50844 7.936
1791641676.443 50847 6.539
1791641676.447 50850 7.949
1791641676.449 50852 7.692
1791641676.454 50858 5.367
1791641676.456 50855 10.652
1791641676.460 50863 5.579
1791641676.462 50860 10.531
1791641676.466 50866 8.687
1791641676.468 50868 8.490
1791641676.472 50871 8.327
1791641676.474 50874 7.398
1791641676.478 50879 5.541
1791641676.480 50876 10.492
1791641676.485 50882 8.985
1791641676.487 50884 8.771
1791641676.491 50892 3.536
1791641676.493 50887 10.666
1791641676.495 50890 9.808
1791641676.498 50895 7.125
1791641676.500 50898 5.700
1791641676.504 50900 7.901
1791641676.506 50903 6.502
1791641676.511 50908 5.585
1791641676.513 50906 9.845
1791641676.518 50911 8.855
1791641676.520 50914 7.439
1791641676.524 50919 5.620
1791641676.526 50916 10.561
1791641676.530 50922 8.830
1791641676.532 50924 8.631
1791641676.536 50930 5.555
1791641676.538 50927 10.510
1791641676.542 50935 5.677
1791641676.544 50932 10.645
1791641676.548 50938 8.752
1791641676.550 50940 8.572
1791641676.554 50946 5.520
1791641676.556 50943 10.457
1791641676.560 50951 5.844
1791641676.562 50948 10.809
1791641676.567 50956 6.563
1791641676.569 50954 10.610
1791641676.572 50959 8.412
1791641676.574 50962 7.481
1791641676.578 50964 8.553
1791641676.580 50967 7.595
1791641676.585 50970 8.963
1791641676.587 50972 8.787
1791641676.591 50975 8.634
1791641676.593 50978 7.763
1791641676.595 50980 7.509
1791641676.598 50986 3.507
1791641676.600 50983 8.931
1791641676.604 50988 7.805
1791641676.606 50991 6.412
1791641676.611 50996 5.520
1791641676.613 50994 9.793
1791641676.618 51004 3.561
1791641676.620 50999 11.262
1791641676.622 51002 9.854
1791641676.625 51010 3.890
1791641676.627 51007 9.326
1791641676.632 51015 4.434
1791641676.634 51012 9.845
1791641676.638 51020 5.541
1791641676.640 51018 9.813
1791641676.646 51026 5.839
1791641676.648 51023 11.244
1791641676.651 51028 8.590
1791641676.653 51031 7.991
1791641676.658 51034 9.119
1791641676.660 51036 9.041
1791641676.665 51039 9.523
1791641676.667 51044 6.669
1791641676.669 51042 10.930
1791641676.672 51047 8.099
1791641676.674 51050 6.695
1791641676.679 51052 9.329
1791641676.681 51055 7.939
1791641676.685 51060 6.968
1791641676.687 51058 11.240
1791641676.691 51068 3.758
1791641676.693 51063 10.699
1791641676.695 51066 10.057
1791641676.698 51074 3.744
1791641676.700 51071 9.127
1791641676.705 51076 8.146
1791641676.707 51079 6.765
1791641676.712 51084 5.825
1791641676.714 51082 10.092
1791641676.718 51087 9.290
1791641676.720 51090 7.881
1791641676.724 51092 8.745
1791641676.726 51095 8.104
1791641676.730 51098 8.560
1791641676.732 51100 8.496
1791641676.738 51108 4.459
1791641676.740 51103 11.641
1791641676.742 51106 10.739
1791641676.744 51114 4.553
1791641676.746 51111 9.974
1791641676.750 51116 8.291
1791641676.752 51119 6.902
1791641676.757 51122 8.413
1791641676.759 51124 8.157
1791641676.764 51127 9.126
1791641676.766 51130 7.720
1791641676.769 51132 8.311
1791641676.771 51135 7.638
1791641676.776 51140 6.563
1791641676.778 51138 10.741
1791641676.782 51143 8.662
1791641676.784 51148 5.453
1791641676.786 51146 9.731
1791641676.789 51154 3.883
1791641676.791 51151 9.310
1791641676.796 51159 4.490
1791641676.798 51156 9.885
1791641676.802 51164 5.458
1791641676.804 51162 9.835
1791641676.809 51167 8.843
1791641676.811 51170 7.439
1791641676.815 51175 5.665
1791641676.817 51172 10.617
1791641676.822 51180 6.683
1791641676.824 51178 10.869
1791641676.828 51186 5.960
1791641676.830 51183 10.926
1791641676.833 51188 8.534
1791641676.835 51191 7.936
1791641676.840 51199 3.813
1791641676.842 51194 11.430
1791641676.844 51196 11.243
1791641676.847 51202 7.272
1791641676.849 51204 7.010
1791641676.854 51207 7.844
1791641676.856 51210 6.446
1791641676.860 51212 8.892
1791641676.862 51215 7.564
1791641676.867 51220 6.557
1791641676.869 51218 10.802
1791641676.873 51223 8.376
1791641676.875 51226 7.432
1791641676.879 51228 8.491
1791641676.881 51231 7.574
1791641676.885 51236 6.531
1791641676.887 51234 10.761
1791641676.891 51242 5.507
1791641676.893 51239 10.475
1791641676.897 51247 5.607
1791641676.899 51244 10.577
1791641676.904 51252 6.668
1791641676.906 51250 10.907
1791641676.909 51255 8.562
1791641676.911 51258 7.678
1791641676.913 51260 7.428
1791641676.917 51266 3.890
1791641676.919 51263 9.318
1791641676.923 51268 7.882
1791641676.925 51271 6.491
1791641676.930 51274 8.221
1791641676.932 51276 7.959
1791641676.937 51279 9.341
1791641676.939 51282 7.936
1791641676.944 51284 9.667
1791641676.946 51287 9.093
1791641676.948 51290 7.676
1791641676.951 51295 5.090
1791641676.953 51292 10.507
1791641676.957 51298 7.920
1791641676.959 51300 7.675
1791641676.964 51303 8.777
1791641676.966 51306 7.363
1791641676.970 51308 8.787
1791641676.972 51311 7.886
1791641676.977 51316 7.016
1791641676.979 51314 11.291
1791641676.983 51319 8.810
1791641676.985 51322 8.188
1791641676.987 51324 7.909
1791641676.990 51330 3.866
1791641676.992 51327 9.290
1791641676.996 51332 8.466
1791641676.998 51335 7.077
1791641677.003 51338 8.299
1791641677.005 51340 8.045
1791641677.010 51346 5.961
1791641677.012 51343 11.388
1791641677.014 51348 7.714
1791641677.017 51354 3.624
1791641677.019 51351 9.047
1791641677.024 51356 8.456
1791641677.026 51359 7.061
1791641677.030 51364 5.834
1791641677.032 51362 10.099
1791641677.037 51370 6.093
1791641677.039 51367 11.500
1791641677.041 51372 7.855
1791641677.044 51375 7.166
1791641677.046 51378 5.762
1791641677.052 51383 5.677
1791641677.054 51380 10.846
1791641677.058 51386 8.705
1791641677.060 51388 8.567
1791641677.064 51394 5.514
1791641677.066 51391 10.478
1791641677.070 51396 8.620
1791641677.072 51399 7.703
1791641677.076 51402 8.727
1791641677.078 51404 8.583
1791641677.082 51407 8.358
1791641677.084 51410 7.438
1791641677.088 51412 8.520
1791641677.090 51415 7.603
1791641677.095 51418 8.708
1791641677.097 51420 8.536
1791641677.101 51428 3.323
1791641677.103 51426 7.601
1791641677.105 51423 12.526
1791641677.108 51434 3.731
1791641677.110 51431 9.137
1791641677.114 51436 7.891
1791641677.116 51439 6.496
1791641677.121 51444 5.829
1791641677.123 51442 10.105
1791641677.128 51447 8.743
1791641677.130 51450 7.574
1791641677.134 51452 8.566
1791641677.136 51455 7.664
1791641677.140 51458 8.796
1791641677.142 51460 8.579
1791641677.146 51463 8.563
1791641677.148 51466 7.605
1791641677.152 51471 5.665
1791641677.154 51468 10.584
1791641677.158 51476 6.553
1791641677.160 51474 10.749
1791641677.164 51479 8.384
1791641677.166 51482 7.466
1791641677.170 51484 8.561
1791641677.172 51487 7.657
1791641677.177 51492 6.751
1791641677.179 51490 10.938
1791641677.183 51500 3.443
1791641677.185 51495 10.524
1791641677.187 51498 9.731
1791641677.190 51506 3.824
1791641677.192 51503 9.236
1791641677.196 51511 4.472
1791641677.198 51508 9.883
1791641677.203 51514 7.856
1791641677.205 51516 7.597
1791641677.210 51522 5.405
1791641677.212 51519 10.838
1791641677.215 51524 8.486
1791641677.217 51527 7.581
1791641677.222 51530 8.977
1791641677.224 51532 8.777
1791641677.226 51535 7.371
1791641677.230 51538 7.111
1791641677.232 51540 6.854
1791641677.236 51543 7.880
1791641677.238 51546 6.476
1791641677.243 51548 8.949
1791641677.245 51551 7.651
1791641677.249 51556 6.508
1791641677.251 51554 10.705
1791641677.255 51562 5.688
1791641677.257 51559 10.637
1791641677.259 51564 7.484
1791641677.263 51570 3.857
1791641677.265 51567 9.284
1791641677.269 51575 4.436
1791641677.271 51572 9.852
1791641677.276 51580 5.586
1791641677.278 51578 9.863
1791641677.282 51586 5.422
1791641677.284 51583 10.843
1791641677.289 51591 6.225
1791641677.291 51588 11.143
1791641677.295 51596 6.543
1791641677.297 51594 10.736
1791641677.301 51602 5.961
1791641677.303 51599 10.880
1791641677.305 51604 7.713
1791641677.308 51607 7.121
1791641677.310 51610 5.714
1791641677.315 51615 4.807
1791641677.317 51612 10.210
1791641677.322 51618 8.421
1791641677.324 51620 8.166
1791641677.329 51626 5.977
1791641677.331 51628 5.714
1791641677.333 51623 13.414
1791641677.336 51634 4.744
1791641677.338 51631 10.169
1791641677.342 51639 4.768
1791641677.344 51636 9.920
1791641677.349 51642 7.978
1791641677.351 51644 7.724
1791641677.355 51650 5.484
1791641677.357 51647 10.739
1791641677.361 51655 5.716
1791641677.363 51652 10.638
1791641677.368 51660 6.533
1791641677.370 51658 10.760
1791641677.374 51668 3.423
1791641677.376 51666 7.704
1791641677.378 51663 12.611
1791641677.381 51671 7.380
1791641677.383 51674 5.970
1791641677.387 51676 7.846
1791641677.389 51679 6.448
1791641677.394 51684 5.568
1791641677.396 51682 9.848
1791641677.401 51687 8.790
1791641677.403 51690 7.442
1791641677.407 51692 9.135
1791641677.409 51695 8.235
1791641677.414 51698 9.041
1791641677.416 51700 8.777
1791641677.418 51703 7.382
1791641677.422 51706 8.328
1791641677.424 51708 8.066
1791641677.429 51714 5.882
1791641677.431 51711 11.319
1791641677.435 51722 3.623
1791641677.437 51719 9.067
1791641677.439 51716 13.648
1791641677.442 51727 4.743
1791641677.444 51724 10.156
1791641677.449 51730 8.422
1791641677.451 51732 8.158
1791641677.455 51735 8.854
1791641677.457 51738 7.450
1791641677.461 51743 5.699
1791641677.463 51740 10.611
1791641677.468 51748 6.508
1791641677.470 51746 10.710
1791641677.474 51751 8.330
1791641677.476 51754 7.389
1791641677.479 51756 8.489
1791641677.481 51759 7.588
1791641677.486 51764 6.505
1791641677.488 51762 10.719
1791641677.492 51767 8.356
1791641677.494 51770 7.408
1791641677.498 51775 5.551
1791641677.500 51772 10.473
1791641677.504 51778 8.733
1791641677.506 51780 8.524
1791641677.510 51786 5.604
1791641677.512 51783 10.560
1791641677.516 51791 5.745
1791641677.518 51788 10.714
1791641677.523 51796 6.520
1791641677.525 51794 10.578
1791641677.528 51799 8.320
1791641677.530 51802 7.392
1791641677.534 51807 5.684
1791641677.536 51804 10.631
1791641677.541 51810 9.124
1791641677.543 51812 8.981
1791641677.547 51820 3.911
1791641677.549 51815 11.146
1791641677.551 51818 10.192
1791641677.554 51826 4.256
1791641677.556 51823 9.679
1791641677.560 51828 7.902
1791641677.562 51831 6.493
1791641677.567 51836 5.607
1791641677.569 51834 9.890
1791641677.574 51839 9.300
1791641677.576 51842 7.936
1791641677.578 51844 7.669
1791641677.581 51847 7.207
1791641677.583 51850 5.790
1791641677.588 51855 4.478
1791641677.590 51852 9.883
1791641677.594 51858 7.792
1791641677.596 51860 7.511
1791641677.601 51863 8.806
1791641677.603 51866 7.398
1791641677.607 51868 8.533
1791641677.609 51871 7.602
1791641677.614 51876 6.490
1791641677.616 51874 10.696
1791641677.619 51879 8.315
1791641677.621 51882 7.385
1791641677.625 51887 5.577
1791641677.627 51884 10.527
1791641677.632 51892 6.739
1791641677.634 51890 10.930
1791641677.638 51900 3.426
1791641677.640 51895 10.589
1791641677.642 51898 9.693
1791641677.645 51903 7.155
1791641677.647 51906 5.741
1791641677.651 51911 4.474
1791641677.653 51908 9.880
1791641677.658 51914 7.850
1791641677.660 51916 7.597
1791641677.665 51922 5.482
1791641677.667 51919 10.910
1791641677.671 51924 9.091
1791641677.673 51927 8.211
1791641677.678 51930 9.057
1791641677.680 51932 8.818
1791641677.685 51935 10.195
1791641677.687 51940 7.319
1791641677.689 51938 11.349
1791641677.692 51943 8.727
1791641677.694 51946 7.334
1791641677.698 51951 5.884
1791641677.700 51948 11.303
1791641677.705 51956 6.987
1791641677.707 51954 11.220
1791641677.712 51962 7.388
1791641677.714 51964 7.114
1791641677.716 51959 14.020
1791641677.719 51967 8.572
1791641677.721 51970 7.182
1791641677.726 51972 9.252
1791641677.728 51975 7.888
1791641677.732 51978 9.103
1791641677.734 51980 8.844
1791641677.739 51983 9.836
1791641677.741 51986 9.216
1791641677.743 51988 8.954
1791641677.746 51991 8.357
1791641677.748 51994 6.962
1791641677.753 51996 9.197
1791641677.755 51999 7.881
1791641677.760 52002 9.118
1791641677.762 52004 8.857
1791641677.767 52012 5.153
1791641677.769 52007 12.037
1791641677.771 52010 11.440
1791641677.774 52018 5.158
1791641677.776 52015 10.578
1791641677.780 52020 9.006
1791641677.782 52023 7.650
1791641677.787 52026 9.207
1791641677.789 52028 8.954
1791641677.793 52036 3.882
1791641677.795 52031 10.796
1791641677.797 52034 10.181
1791641677.800 52042 3.826
1791641677.802 52039 9.248
1791641677.806 52044 8.157
1791641677.808 52047 6.764
1791641677.813 52050 8.171
1791641677.815 52052 7.917
1791641677.820 52058 5.840
1791641677.822 52055 11.263
1791641677.826 52063 6.066
1791641677.828 52060 10.699
1791641677.833 52066 9.291
1791641677.835 52068 9.022
1791641677.838 52071 8.711
1791641677.840 52074 8.055
1791641677.842 52076 7.787
1791641677.845 52079 7.219
1791641677.847 52082 5.813
1791641677.852 52087 4.744
1791641677.854 52084 10.153
1791641677.859 52090 8.064
1791641677.861 52092 7.811
1791641677.865 52095 8.802
1791641677.867 52098 7.398
1791641677.871 52103 5.594
1791641677.873 52100 10.524
1791641677.878 52108 6.905
1791641677.880 52106 11.102
1791641677.885 52116 4.627
1791641677.887 52114 8.927
1791641677.889 52111 13.522
1791641677.892 52119 8.418
1791641677.894 52122 7.014
1791641677.898 52127 5.599
1791641677.900 52124 10.965
1791641677.905 52132 6.602
1791641677.907 52130 10.774
1791641677.911 52135 8.376
1791641677.913 52138 7.434
1791641677.916 52140 8.506
1791641677.918 52143 7.613
1791641677.923 52148 6.552
1791641677.925 52146 10.763
1791641677.929 52154 5.466
1791641677.931 52151 10.403
1791641677.935 52159 5.675
1791641677.937 52156 10.572
1791641677.941 52164 6.543
1791641677.943 52162 10.719
1791641677.947 52167 8.468
1791641677.949 52170 7.522
1791641677.953 52172 8.619
1791641677.955 52175 7.664
1791641677.960 52180 6.615
1791641677.962 52178 10.774
1791641677.965 52186 5.422
1791641677.967 52183 10.353
1791641677.971 52188 8.581
1791641677.973 52191 7.648
1791641677.978 52196 6.561
1791641677.980 52194 10.799
1791641677.984 52204 3.348
1791641677.986 52202 7.623
1791641677.988 52199 12.540
1791641677.991 52210 3.755
1791641677.993 52207 9.195
1791641677.997 52215 4.474
1791641677.999 52212 9.881
1791641678.007 52218 8.706
1791641678.009 52220 10.032
1791641678.011 52223 8.647
1791641678.014 52226 8.259
1791641678.016 52228 7.999
1791641678.020 52234 5.453
1791641678.022 52231 10.850
1791641678.026 52239 5.564
1791641678.028 52236 10.467
1791641678.032 52244 6.526
1791641678.034 52242 10.738
1791641678.038 52250 5.463
1791641678.040 52247 10.408
1791641678.044 52255 5.623
1791641678.046 52252 10.592
1791641678.051 52260 6.563
1791641678.053 52258 10.741
1791641678.057 52268 3.474
1791641678.059 52266 7.763
1791641678.061 52263 12.680
1791641678.064 52274 3.898
1791641678.066 52271 9.329
1791641678.070 52276 7.908
1791641678.072 52279 6.521
1791641678.077 52284 5.637
1791641678.079 52282 9.911
1791641678.084 52290 5.460
1791641678.086 52287 10.826
1791641678.089 52292 8.563
1791641678.091 52295 7.653
1791641678.096 52300 6.567
1791641678.098 52298 10.763
1791641678.102 52306 5.456
1791641678.104 52303 10.400
1791641678.108 52311 5.561
1791641678.110 52308 10.481
1791641678.114 52314 8.714
1791641678.116 52316 8.505
1791641678.120 52322 5.385
1791641678.122 52319 10.358
1791641678.126 52327 6.119
1791641678.128 52324 11.072
1791641678.132 52330 8.646
1791641678.134 52332 8.509
1791641678.138 52338 5.417
1791641678.140 52335 10.347
1791641678.144 52343 5.576
1791641678.146 52340 10.521
1791641678.151 52346 8.729
1791641678.153 52348 8.565
1791641678.157 52356 3.380
1791641678.159 52354 7.657
1791641678.161 52351 12.582
1791641678.164 52362 3.892
1791641678.166 52359 9.320
1791641678.170 52367 4.527
1791641678.172 52364 9.926
1791641678.177 52370 7.828
1791641678.179 52372 7.571
1791641678.184 52375 9.144
1791641678.186 52380 5.456
1791641678.188 52378 9.737
1791641678.191 52383 7.231
1791641678.193 52386 5.818
1791641678.198 52388 7.898
1791641678.200 52391 6.506
1791641678.204 52394 7.882
1791641678.206 52396 7.627
1791641678.211 52402 5.465
1791641678.213 52399 10.889
1791641678.217 52404 8.606
1791641678.219 52407 7.683
1791641678.224 52410 8.751
1791641678.226 52412 8.583
1791641678.229 52420 3.393
1791641678.231 52415 10.575
1791641678.233 52418 9.673
1791641678.237 52423 7.115
1791641678.239 52426 5.700
1791641678.243 52431 4.418
1791641678.245 52428 9.834
1791641678.250 52434 7.830
1791641678.252 52436 7.576
1791641678.257 52442 5.381
1791641678.259 52439 10.807
1791641678.262 52447 5.587
1791641678.264 52444 10.506
1791641678.269 52450 8.910
1791641678.271 52452 8.734
1791641678.275 52458 5.810
1791641678.277 52455 10.729
1791641678.279 52460 7.560
1791641678.282 52463 7.010
1791641678.284 52466 5.581
1791641678.289 52468 7.859
1791641678.291 52471 6.495
1791641678.295 52476 5.702
1791641678.298 52474 9.968
1791641678.302 52479 9.030
1791641678.304 52482 7.728
1791641678.308 52484 8.684
1791641678.310 52487 7.574
1791641678.315 52490 8.850
1791641678.317 52492 9.005
1791641678.322 52500 5.170
1791641678.324 52498 9.454
1791641678.326 52495 14.084
1791641678.329 52503 8.600
1791641678.331 52506 7.196
1791641678.335 52511 5.714
1791641678.337 52508 11.132
1791641678.342 52514 9.160
1791641678.344 52516 8.995
1791641678.348 52522 6.138
1791641678.350 52524 5.866
1791641678.352 52519 12.817
1791641678.355 52527 7.236
1791641678.357 52530 5.829
1791641678.364 52532 9.503
1791641678.366 52535 9.397
1791641678.368 52538 8.013
1791641678.371 52543 5.106
1791641678.373 52540 10.517
1791641678.377 52546 7.800
1791641678.379 52548 7.499
1791641678.384 52551 8.798
1791641678.386 52554 7.393
1791641678.390 52556 8.544
1791641678.392 52559 7.624
1791641678.396 52562 8.664
1791641678.398 52564 8.510
1791641678.403 52567 8.849
1791641678.405 52570 7.991
1791641678.407 52572 7.728
1791641678.410 52578 3.779
1791641678.412 52575 9.202
1791641678.416 52580 7.873
1791641678.418 52583 6.450
1791641678.423 52588 5.611
1791641678.425 52586 9.890
1791641678.430 52591 8.834
1791641678.432 52594 7.427
1791641678.435 52596 8.524
1791641678.437 52599 7.619
1791641678.442 52602 8.800
1791641678.444 52604 8.611
1791641678.448 52607 8.441
1791641678.450 52610 7.472
1791641678.454 52612 8.879
1791641678.456 52615 8.006
1791641678.461 52618 9.052
1791641678.463 52620 8.831
1791641678.467 52626 5.868
1791641678.469 52628 5.973
1791641678.471 52623 12.944
1791641678.474 52631 7.447
1791641678.476 52634 6.027
1791641678.480 52636 7.939
1791641678.482 52639 6.554
1791641678.487 52644 5.578
1791641678.489 52642 9.836
1791641678.493 52647 8.947
1791641678.495 52650 7.527
1791641678.499 52655 5.891
1791641678.501 52652 10.827
1791641678.506 52658 8.953
1791641678.508 52660 8.713
1791641678.512 52663 9.143
1791641678.514 52666 8.331
1791641678.516 52668 8.074
1791641678.519 52671 7.602
1791641678.521 52674 6.204
1791641678.526 52676 8.399
1791641678.528 52679 6.020
1791641678.533 52684 6.108
1791641678.535 52682 9.872
1791641678.539 52687 9.324
1791641678.541 52690 7.918
1791641678.545 52692 8.868
1791641678.547 52695 8.235
1791641678.552 52698 9.200
1791641678.554 52700 8.966
1791641678.558 52708 3.859
1791641678.560 52706 8.157
1791641678.562 52703 12.814
1791641678.565 52714 3.869
1791641678.567 52711 9.292
1791641678.571 52719 4.812
1791641678.573 52716 10.221
1791641678.578 52722 8.411
1791641678.580 52724 8.166
1791641678.584 52727 8.152
1791641678.611 52730 8.072
1791641678.629 52732 8.125
1791641678.656 52735 8.063
1791641678.684 52738 8.169
1791641678.702 52740 8.121
1791641678.729 52743 8.066
1791641678.757 52746 8.075
1791641678.775 52748 8.088
1791641678.802 52751 8.075
1791641678.830 52754 8.179
1791641678.848 52756 7.992
1791641678.875 52759 8.114
1791641678.902 52762 8.067
1791641678.921 52764 8.162
1791641678.948 52767 8.031
1791641678.975 52770 8.070
1791641678.993 52772 8.072
1791641679.021 52775 8.112
1791641679.048 52778 8.029
1791641679.066 52780 8.172
1791641679.094 52783 8.125
1791641679.121 52786 8.057
1791641679.139 52788 8.132
1791641679.166 52791 8.053
1791641679.194 52794 8.068
1791641679.212 52796 8.127
1791641679.239 52799 8.162
1791641679.267 52802 8.195
1791641679.285 52804 8.015
1791641679.312 52807 8.181
1791641679.339 52810 8.273
1791641679.358 52812 8.216
1791641679.385 52815 8.086
1791641679.412 52818 8.302
1791641679.430 52820 8.182
1791641679.458 52823 8.131
1791641679.485 52826 8.172
1791641679.503 52828 8.180
1791641679.531 52831 8.176
1791641679.558 52834 8.050
1791641679.576 52836 8.072
1791641679.603 52839 8.012
1791641679.631 52842 8.031
1791641679.649 52844 8.132
1791641679.676 52847 8.040
1791641679.703 52850 8.135
1791641679.722 52852 8.080
1791641679.749 52855 8.089
1791641679.776 52858 8.044
1791641679.795 52860 8.136
1791641679.822 52863 8.121
1791641679.849 52866 8.059
1791641679.867 52868 8.014
1791641679.895 52871 8.051
1791641679.922 52874 8.086
1791641679.940 52876 8.125
1791641679.967 52879 8.122
1791641679.995 52882 8.170
1791641680.013 52884 8.141
1791641680.040 52887 8.016
1791641680.068 52890 8.258
1791641680.086 52892 8.164
1791641680.113 52895 8.035
1791641680.140 52898 8.150
1791641680.159 52900 7.976
1791641680.186 52903 8.138
1791641680.213 52906 8.029
1791641680.232 52908 8.174
1791641680.259 52911 8.024
1791641680.286 52914 8.237
1791641680.304 52916 8.025
1791641680.332 52919 8.108
1791641680.359 52922 8.048
1791641680.377 52924 8.322
1791641680.404 52927 8.119
1791641680.432 52930 8.138
1791641680.450 52932 8.109
1791641680.477 52935 8.028
1791641680.505 52938 8.025
1791641680.523 52940 8.080
1791641680.550 52943 8.069
1791641680.577 52946 8.111
1791641680.596 52948 8.040
1791641680.623 52951 8.072
1791641680.650 52954 8.031
1791641680.669 52956 8.287
1791641680.696 52959 8.178
1791641680.723 52962 8.047
1791641680.741 52964 8.149
1791641680.769 52967 8.053
1791641680.796 52970 8.149
1791641680.814 52972 8.038
1791641680.841 52975 8.137
1791641680.869 52978 8.140
1791641680.887 52980 8.049
1791641680.914 52983 8.117
1791641680.942 52986 8.170
1791641680.960 52988 8.072
1791641680.987 52991 8.090
1791641681.015 52994 8.217
1791641681.033 52996 8.014
1791641681.060 52999 8.188
1791641681.087 53002 8.234
1791641681.105 53004 8.158
1791641681.133 53007 8.037
1791641681.160 53010 8.130
1791641681.178 53012 8.049
1791641681.206 53015 8.138
1791641681.233 53018 8.137
1791641681.251 53020 8.109
1791641681.278 53023 8.059
1791641681.306 53026 8.041
1791641681.324 53028 8.047
1791641681.351 53031 8.030
1791641681.379 53034 8.084
1791641681.397 53036 8.116
1791641681.424 53039 8.054
1791641681.451 53042 8.076
1791641681.470 53044 8.112
1791641681.497 53047 8.067
1791641681.524 53050 8.189
1791641681.542 53052 8.077
1791641681.570 53055 8.034
1791641681.597 53058 8.060
1791641681.615 53060 8.119
1791641681.643 53063 8.077
1791641681.670 53066 8.172
1791641681.688 53068 8.054
1791641681.715 53071 8.096
1791641681.743 53074 8.176
1791641681.761 53076 8.111
1791641681.788 53079 8.171
1791641681.816 53082 8.150
1791641681.834 53084 8.167
1791641681.861 53087 8.100
1791641681.888 53090 8.113
1791641681.907 53092 8.062
1791641681.934 53095 8.063
1791641681.961 53098 8.020
1791641681.979 53100 8.021
1791641682.007 53103 8.023
1791641682.034 53106 8.046
1791641682.052 53108 8.050
1791641682.080 53111 8.131
1791641682.107 53114 8.068
1791641682.125 53116 8.136
1791641682.152 53119 8.028
1791641682.180 53122 8.124
1791641682.198 53124 8.063
1791641682.227 53127 9.649
1791641682.253 53130 8.178
1791641682.271 53132 8.049
1791641682.298 53135 8.101
1791641682.325 53138 8.199
1791641682.344 53140 8.076
1791641682.371 53143 8.209
1791641682.398 53146 8.170
1791641682.416 53148 8.140
1791641682.444 53151 8.173
1791641682.471 53154 8.067
1791641682.489 53156 8.053
1791641682.516 53159 8.059
1791641682.544 53162 8.023
1791641682.562 53164 8.156
1791641682.589 53167 8.028
1791641682.617 53170 8.024
1791641682.635 53172 8.000
1791641682.662 53175 8.020
1791641682.689 53178 8.051
1791641682.708 53180 8.014
1791641682.735 53183 8.031
1791641682.762 53186 8.058
1791641682.781 53188 8.090
1791641682.808 53191 7.927
1791641682.835 53194 8.181
1791641682.853 53196 8.211
1791641682.881 53199 8.201
1791641682.908 53202 8.114
1791641682.926 53204 8.084
1791641682.953 53207 8.013
1791641682.981 53210 8.052
1791641682.999 53212 8.024
1791641683.026 53215 8.092
1791641683.054 53218 8.031
1791641683.072 53220 8.246
1791641683.099 53223 8.057
1791641683.126 53226 8.102
1791641683.145 53228 8.117
1791641683.172 53231 8.171
1791641683.199 53234 8.157
1791641683.218 53236 8.121
1791641683.245 53239 8.106
1791641683.272 53242 8.250
1791641683.291 53244 8.274
1791641683.318 53247 8.225
1791641683.345 53250 8.126
1791641683.363 53252 8.156
1791641683.391 53255 8.185
1791641683.418 53258 8.195
1791641683.436 53260 8.119
1791641683.463 53263 8.195
1791641683.491 53266 8.085
1791641683.509 53268 8.129
1791641683.536 53271 8.114
1791641683.564 53274 8.232
1791641683.582 53276 8.024
1791641683.609 53279 8.102
1791641683.636 53282 8.122
1791641683.654 53284 8.050
1791641683.682 53287 8.089
1791641683.709 53290 8.215
1791641683.727 53292 8.158
1791641683.755 53295 8.008
1791641683.782 53298 8.127
1791641683.800 53300 8.072
1791641683.828 53303 8.158
1791641683.855 53306 8.006
1791641683.873 53308 8.009
1791641683.900 53311 8.134
1791641683.928 53314 8.201
1791641683.946 53316 8.140
1791641683.973 53319 8.075
1791641684.000 53322 8.148
1791641684.019 53324 8.071
1791641684.046 53327 8.175
1791641684.073 53330 8.211
1791641684.091 53332 8.114
1791641684.119 53335 8.139
1791641684.146 53338 8.054
1791641684.164 53340 8.073
1791641684.192 53343 8.082
1791641684.219 53346 8.070
1791641684.237 53348 8.088
1791641684.264 53351 8.094
1791641684.292 53354 8.054
1791641684.310 53356 8.109
1791641684.337 53359 8.059
1791641684.365 53362 8.083
1791641684.383 53364 7.987
1791641684.410 53367 8.187
1791641684.437 53370 8.098
1791641684.455 53372 7.975
1791641684.483 53375 8.090
1791641684.510 53378 8.128
1791641684.528 53380 8.047
1791641684.556 53383 8.115
1791641684.583 53386 8.025
1791641684.601 53388 8.053
1791641684.629 53391 8.070
1791641684.656 53394 8.019
1791641684.674 53396 8.062
1791641684.701 53399 8.062
1791641684.729 53402 8.088
1791641684.747 53404 8.084
1791641684.774 53407 8.091
1791641684.802 53410 8.060
1791641684.820 53412 8.201
1791641684.847 53415 8.085
1791641684.874 53418 8.077
1791641684.893 53420 8.088
1791641684.920 53423 8.094
1791641684.947 53426 8.010
1791641684.965 53428 8.090
1791641684.993 53431 8.042
1791641685.020 53434 8.100
1791641685.038 53436 8.063
1791641685.065 53439 8.009
1791641685.093 53442 8.083
1791641685.111 53444 8.106
1791641685.138 53447 8.119
1791641685.166 53450 8.066
1791641685.184 53452 8.086
1791641685.211 53455 8.135
1791641685.239 53458 8.096
1791641685.257 53460 8.117
1791641685.284 53463 8.120
1791641685.311 53466 8.127
1791641685.330 53468 8.165
1791641685.357 53471 8.223
1791641685.384 53474 8.163
1791641685.402 53476 8.103
1791641685.430 53479 8.078
1791641685.457 53482 8.040
1791641685.475 53484 8.117
1791641685.503 53487 8.105
1791641685.530 53490 7.965
1791641685.548 53492 8.056
1791641685.575 53495 8.073
1791641685.603 53498 8.064
1791641685.621 53500 8.081
1791641685.648 53503 8.072
1791641685.676 53506 8.095
1791641685.694 53508 8.075
1791641685.721 53511 8.139
1791641685.748 53514 8.086
1791641685.767 53516 8.098
1791641685.794 53519 8.113
1791641685.821 53522 8.113
1791641685.839 53524 8.096
1791641685.867 53527 8.040
1791641685.894 53530 8.121
1791641685.912 53532 8.083
1791641685.940 53535 8.123
1791641685.967 53538 8.014
1791641685.985 53540 7.998
1791641686.012 53543 8.030
1791641686.040 53546 8.095
1791641686.058 53548 8.052
1791641686.085 53551 8.104
1791641686.113 53554 8.125
1791641686.131 53556 8.066
1791641686.158 53559 8.016
1791641686.185 53562 8.052
1791641686.204 53564 8.088
1791641686.231 53567 8.091
1791641686.258 53570 8.050
1791641686.276 53572 8.069
1791641686.304 53575 8.256
1791641686.331 53578 8.116
1791641686.349 53580 8.096
1791641686.377 53583 8.100
1791641686.404 53586 8.122
1791641686.422 53588 8.301
1791641686.449 53591 8.065
1791641686.477 53594 8.068
1791641686.495 53596 8.103
1791641686.522 53599 8.057
1791641686.549 53602 8.078
1791641686.568 53604 8.041
1791641686.595 53607 8.086
1791641686.622 53610 8.080
1791641686.640 53612 7.960
1791641686.668 53615 8.045
1791641686.695 53618 8.162
1791641686.713 53620 7.977
1791641686.741 53623 7.980
1791641686.768 53626 8.153
1791641686.786 53628 8.098
1791641686.814 53631 8.132
1791641686.841 53634 8.084
1791641686.859 53636 8.160
1791641686.886 53639 8.165
1791641686.914 53642 8.093
1791641686.932 53644 8.160
1791641686.959 53647 8.157
1791641686.987 53650 8.232
1791641687.005 53652 8.104
1791641687.032 53655 8.058
1791641687.059 53658 7.964
1791641687.077 53660 8.094
1791641687.105 53663 8.102
1791641687.132 53666 8.085
1791641687.150 53668 8.136
1791641687.178 53671 8.067
1791641687.205 53674 8.123
1791641687.223 53676 7.991
1791641687.250 53679 8.079
1791641687.278 53682 8.122
1791641687.296 53684 8.075
1791641687.323 53687 8.051
1791641687.351 53690 8.136
1791641687.369 53692 8.053
1791641687.396 53695 8.120
1791641687.423 53698 8.072
1791641687.442 53700 8.063
1791641687.469 53703 8.116
1791641687.496 53706 8.019
1791641687.514 53708 8.064
1791641687.542 53711 8.124
1791641687.569 53714 8.088
1791641687.587 53716 8.067
1791641687.615 53719 8.087
1791641687.642 53722 8.085
1791641687.660 53724 7.991
1791641687.687 53727 8.077
1791641687.715 53730 8.002
1791641687.733 53732 8.097
1791641687.760 53735 7.974
1791641687.788 53738 8.046
1791641687.806 53740 8.088
1791641687.833 53743 8.085
1791641687.860 53746 8.065
1791641687.879 53748 8.110
1791641687.906 53751 8.126
1791641687.933 53754 8.073
1791641687.951 53756 8.065
1791641687.979 53759 8.031
1791641688.006 53762 8.163
1791641688.024 53764 8.014
1791641688.052 53767 8.095
1791641688.079 53770 8.178
1791641688.097 53772 8.015
1791641688.124 53775 8.120
1791641688.152 53778 8.052
1791641688.170 53780 8.056
1791641688.197 53783 8.089
1791641688.225 53786 8.139
1791641688.243 53788 8.080
1791641688.270 53791 8.140
1791641688.297 53794 8.185
1791641688.316 53796 8.103
1791641688.343 53799 8.109
1791641688.370 53802 8.066
1791641688.388 53804 8.105
1791641688.416 53807 8.116
1791641688.443 53810 8.105
1791641688.461 53812 8.050
1791641688.489 53815 8.095
1791641688.516 53818 8.158
1791641688.534 53820 8.105
1791641688.561 53823 8.189
1791641688.589 53826 8.042
1791641688.607 53828 8.102
1791641688.634 53831 8.010
1791641688.661 53834 7.954
1791641688.680 53836 8.024
1791641688.707 53839 8.019
1791641688.734 53842 8.203
1791641688.753 53844 8.109
1791641688.780 53847 8.194
1791641688.807 53850 8.135
1791641688.825 53852 8.146
1791641688.853 53855 8.225
1791641688.880 53858 8.247
1791641688.898 53860 8.163
1791641688.926 53863 8.157
1791641688.953 53866 8.197
1791641688.971 53868 8.233
1791641688.998 53871 8.177
1791641689.026 53874 8.038
1791641689.044 53876 8.066
1791641689.071 53879 8.278
1791641689.099 53882 8.131
1791641689.117 53884 8.124
1791641689.144 53887 8.098
1791641689.171 53890 8.099
1791641689.190 53892 8.077
1791641689.217 53895 8.167
1791641689.244 53898 8.173
1791641689.262 53900 8.089
1791641689.290 53903 8.191
1791641689.317 53906 8.082
1791641689.335 53908 8.058
1791641689.363 53911 8.149
1791641689.390 53914 8.147
1791641689.408 53916 8.076
1791641689.435 53919 8.124
1791641689.463 53922 8.060
1791641689.481 53924 8.110
1791641689.508 53927 8.095
1791641689.535 53930 8.043
1791641689.554 53932 8.148
1791641689.681 53935 108.545
1791641689.684 53938 84.158
1791641689.686 53946 13.331
1791641689.688 53943 42.684
1791641689.690 53940 71.972
1791641689.699 53948 8.012
1791641689.727 53951 8.040
1791641689.754 53954 8.073
1791641689.772 53956 8.148
1791641689.799 53959 7.985
1791641689.827 53962 8.045
1791641689.845 53964 8.105
1791641689.872 53967 8.030
1791641689.900 53970 8.058
1791641689.918 53972 8.132
1791641689.945 53975 8.037
1791641689.972 53978 7.987
1791641689.991 53980 8.157
1791641690.018 53983 8.101
1791641690.045 53986 8.175
1791641690.064 53988 8.141
1791641690.091 53991 8.091
1791641690.118 53994 8.151
1791641690.136 53996 8.145
1791641690.164 53999 8.067
1791641690.191 54002 8.091
1791641690.209 54004 8.162
1791641690.237 54007 8.133
1791641690.264 54010 8.118
1791641690.282 54012 8.112
1791641690.309 54015 8.119
1791641690.337 54018 8.115
1791641690.355 54020 7.957
1791641690.382 54023 7.988
1791641690.409 54026 8.082
1791641690.428 54028 8.103
1791641690.455 54031 8.042
1791641690.482 54034 8.091
1791641690.500 54036 8.075
1791641690.528 54039 8.106
1791641690.555 54042 8.147
1791641690.573 54044 8.031
1791641690.601 54047 8.102
1791641690.628 54050 8.128
1791641690.646 54052 8.079
1791641690.673 54055 8.061
1791641690.701 54058 8.129
1791641690.719 54060 8.103
1791641690.746 54063 8.188
1791641690.774 54066 8.189
1791641690.792 54068 8.157
1791641690.819 54071 8.112
1791641690.847 54074 8.199
1791641690.865 54076 7.996
1791641690.892 54079 8.175
1791641690.919 54082 8.072
1791641690.937 54084 8.105
1791641690.965 54087 8.197
1791641690.992 54090 8.206
1791641691.010 54092 8.095
1791641691.038 54095 8.079
1791641691.065 54098 8.164
1791641691.083 54100 8.012
1791641691.110 54103 8.057
1791641691.138 54106 8.068
1791641691.156 54108 8.056
1791641691.183 54111 8.039
1791641691.211 54114 8.026
1791641691.229 54116 8.127
1791641691.256 54119 8.149
1791641691.284 54122 8.192
1791641691.302 54124 8.078
1791641691.329 54127 8.126
1791641691.356 54130 8.141
1791641691.375 54132 8.132
1791641691.402 54135 8.157
1791641691.429 54138 8.067
1791641691.447 54140 8.105
1791641691.475 54143 8.079
1791641691.502 54146 8.194
1791641691.520 54148 8.064
1791641691.547 54151 8.158
1791641691.575 54154 8.130
1791641691.593 54156 8.085
1791641691.620 54159 8.061
1791641691.648 54162 8.106
1791641691.666 54164 8.093
1791641691.693 54167 8.182
1791641691.720 54170 8.099
1791641691.739 54172 8.002
1791641691.766 54175 8.057
1791641691.793 54178 8.141
1791641691.811 54180 8.067
1791641691.839 54183 8.088
1791641691.866 54186 8.029
1791641691.884 54188 8.097
1791641691.912 54191 8.073
1791641691.939 54194 8.072
1791641691.957 54196 8.108
1791641691.985 54199 8.374
1791641692.012 54202 8.098
1791641692.030 54204 8.083
1791641692.057 54207 8.044
1791641692.085 54210 8.074
1791641692.103 54212 7.990
1791641692.130 54215 8.036
1791641692.157 54218 8.050
1791641692.175 54220 7.977
1791641692.203 54223 8.157
1791641692.230 54226 8.166
1791641692.248 54228 8.133
1791641692.276 54231 8.027
1791641692.303 54234 8.084
1791641692.321 54236 8.150
1791641692.348 54239 7.945
1791641692.376 54242 8.051
1791641692.394 54244 8.053
1791641692.421 54247 8.035
1791641692.449 54250 8.049
1791641692.467 54252 8.089
1791641692.494 54255 8.091
1791641692.521 54258 8.052
1791641692.540 54260 8.021
1791641692.567 54263 8.052
1791641692.594 54266 8.084
1791641692.613 54268 8.032
1791641692.640 54271 7.993
1791641692.667 54274 8.063
1791641692.685 54276 8.065
1791641692.713 54279 8.107
1791641692.740 54282 8.071
1791641692.758 54284 8.046
1791641692.785 54287 8.001
1791641692.813 54290 8.121
1791641692.831 54292 8.042
1791641692.858 54295 8.032
1791641692.886 54298 8.063
1791641692.904 54300 8.054
1791641692.931 54303 8.082
1791641692.959 54306 8.102
1791641692.977 54308 8.115
1791641693.004 54311 8.080
1791641693.031 54314 8.083
1791641693.050 54316 8.298
1791641693.077 54319 8.285
1791641693.104 54322 8.072
1791641693.122 54324 8.014
1791641693.150 54327 8.175
1791641693.177 54330 8.035
1791641693.195 54332 8.050
1791641693.223 54335 8.096
1791641693.250 54338 8.058
1791641693.268 54340 8.056
1791641693.295 54343 8.001
1791641693.323 54346 8.079
1791641693.341 54348 8.154
1791641693.368 54351 8.051
1791641693.395 54354 8.019
1791641693.414 54356 8.060
1791641693.441 54359 8.078
1791641693.468 54362 8.024
1791641693.487 54364 8.153
1791641693.514 54367 8.067
1791641693.541 54370 8.020
1791641693.559 54372 8.114
1791641693.587 54375 8.125
1791641693.614 54378 8.116
1791641693.632 54380 8.063
1791641693.659 54383 8.018
1791641693.687 54386 8.087
1791641693.705 54388 8.079
1791641693.732 54391 8.145
1791641693.760 54394 8.060
1791641693.778 54396 8.053
1791641693.805 54399 8.019
1791641693.832 54402 8.100
1791641693.851 54404 7.939
1791641693.878 54407 8.069
1791641693.905 54410 8.055
1791641693.923 54412 8.058
1791641693.951 54415 8.073
1791641693.978 54418 8.011
1791641693.996 54420 8.100
1791641694.024 54423 8.027
1791641694.051 54426 8.036
1791641694.069 54428 8.143
1791641694.096 54431 8.038
1791641694.124 54434 8.101
1791641694.142 54436 8.089
1791641694.169 54439 8.062
1791641694.197 54442 8.152
1791641694.215 54444 8.093
1791641694.242 54447 8.100
1791641694.269 54450 8.099
1791641694.288 54452 8.199
1791641694.315 54455 8.095
1791641694.342 54458 8.039
1791641694.360 54460 8.019
1791641694.388 54463 8.083
1791641694.415 54466 8.124
1791641694.433 54468 8.027
1791641694.461 54471 7.960
1791641694.488 54474 8.072
1791641694.506 54476 8.016
1791641694.533 54479 8.036
1791641694.561 54482 8.077
1791641694.579 54484 8.039
1791641694.606 54487 8.034
1791641694.634 54490 8.030
1791641694.652 54492 8.050
1791641694.779 54495 108.439
1791641694.782 54498 84.046
1791641694.784 54506 13.224
1791641694.786 54503 42.538
1791641694.788 54500 71.863
1791641694.797 54508 8.052
1791641694.825 54511 7.933
1791641694.852 54514 8.142
1791641694.870 54516 8.224
1791641694.898 54519 8.099
1791641694.925 54522 8.073
1791641694.943 54524 8.219
1791641694.971 54527 8.207
1791641694.998 54530 8.096
1791641695.016 54532 8.199
1791641695.043 54535 8.048
1791641695.071 54538 8.149
1791641695.089 54540 8.073
1791641695.116 54543 8.066
1791641695.143 54546 8.026
1791641695.162 54548 7.979
1791641695.189 54551 8.016
1791641695.216 54554 8.046
1791641695.234 54556 8.122
1791641695.262 54559 8.017
1791641695.289 54562 8.029
1791641695.307 54564 8.026
1791641695.335 54567 8.119
1791641695.362 54570 8.098
1791641695.380 54572 8.126
1791641695.407 54575 8.124
1791641695.435 54578 8.163
1791641695.453 54580 8.161
1791641695.480 54583 8.065
1791641695.508 54586 8.166
1791641695.526 54588 8.111
1791641695.553 54591 8.101
1791641695.580 54594 8.054
1791641695.599 54596 8.084
1791641695.626 54599 8.192
1791641695.653 54602 8.230
1791641695.671 54604 8.056
1791641695.699 54607 8.026
1791641695.726 54610 8.024
1791641695.744 54612 8.002
1791641695.771 54615 8.003
1791641695.799 54618 8.080
1791641695.817 54620 8.118
1791641695.844 54623 8.057
1791641695.872 54626 8.030
1791641695.890 54628 8.049
1791641695.917 54631 8.096
1791641695.945 54634 8.047
1791641695.963 54636 8.121
1791641695.990 54639 8.073
1791641696.018 54642 8.218
1791641696.036 54644 8.144
1791641696.063 54647 8.179
1791641696.090 54650 8.206
1791641696.109 54652 8.205
1791641696.136 54655 8.220
1791641696.163 54658 8.149
1791641696.181 54660 8.067
1791641696.209 54663 8.159
1791641696.236 54666 8.154
1791641696.254 54668 8.114
1791641696.281 54671 8.065
1791641696.309 54674 8.204
1791641696.327 54676 8.142
1791641696.354 54679 8.021
1791641696.382 54682 8.092
1791641696.400 54684 8.111
1791641696.427 54687 8.025
1791641696.454 54690 8.081
1791641696.473 54692 8.042
1791641696.500 54695 8.093
1791641696.527 54698 8.045
1791641696.545 54700 8.107
1791641696.573 54703 8.020
1791641696.600 54706 8.140
1791641696.618 54708 8.109
1791641696.646 54711 8.089
1791641696.673 54714 8.062
1791641696.691 54716 8.097
1791641696.718 54719 8.064
1791641696.746 54722 8.058
1791641696.764 54724 8.085
1791641696.791 54727 8.063
1791641696.819 54730 8.239
1791641696.837 54732 8.141
1791641696.864 54735 8.047
1791641696.891 54738 8.151
1791641696.910 54740 8.109
1791641696.937 54743 8.204
1791641696.964 54746 8.161
1791641696.982 54748 8.047
1791641697.010 54751 8.094
1791641697.037 54754 8.198
1791641697.055 54756 8.056
1791641697.083 54759 8.223
1791641697.110 54762 8.109
1791641697.128 54764 8.037
1791641697.155 54767 8.240
1791641697.183 54770 7.996
1791641697.201 54772 8.157
1791641697.228 54775 8.137
1791641697.256 54778 8.114
1791641697.274 54780 8.169
1791641697.301 54783 8.156
1791641697.328 54786 8.124
1791641697.346 54788 8.057
1791641697.374 54791 8.031
1791641697.401 54794 8.045
1791641697.419 54796 8.223
1791641697.447 54799 7.985
1791641697.474 54802 8.026
1791641697.492 54804 8.005
1791641697.519 54807 8.030
1791641697.547 54810 8.080
1791641697.565 54812 8.020
1791641697.592 54815 8.043
1791641697.620 54818 8.020
1791641697.638 54820 8.018
1791641697.665 54823 8.009
1791641697.692 54826 8.079
1791641697.711 54828 8.049
1791641697.738 54831 8.052
1791641697.765 54834 8.043
1791641697.783 54836 8.075
1791641697.811 54839 8.084
1791641697.838 54842 8.134
1791641697.856 54844 8.012
1791641697.884 54847 8.083
1791641697.911 54850 8.042
1791641697.929 54852 7.919
1791641697.956 54855 8.027
1791641697.984 54858 8.032
1791641698.002 54860 8.467
1791641698.029 54863 8.083
1791641698.057 54866 8.069
1791641698.075 54868 8.079
1791641698.102 54871 8.174
1791641698.130 54874 8.146
1791641698.148 54876 8.083
1791641698.175 54879 8.116
1791641698.202 54882 8.069
1791641698.220 54884 8.091
1791641698.248 54887 8.092
1791641698.275 54890 8.032
1791641698.293 54892 8.045
1791641698.321 54895 8.087
1791641698.348 54898 8.093
1791641698.366 54900 8.114
1791641698.394 54903 8.187
1791641698.421 54906 8.160
1791641698.439 54908 8.089
1791641698.466 54911 8.030
1791641698.494 54914 7.997
1791641698.512 54916 8.092
1791641698.539 54919 8.159
1791641698.566 54922 8.078
1791641698.585 54924 8.005
1791641698.612 54927 8.054
1791641698.639 54930 8.062
1791641698.657 54932 8.093
1791641698.685 54935 8.071
1791641698.712 54938 7.979
1791641698.730 54940 7.987
1791641698.758 54943 7.996
1791641698.785 54946 8.021
1791641698.803 54948 8.025
1791641698.830 54951 8.057
1791641698.858 54954 8.025
1791641698.876 54956 8.052
1791641698.903 54959 8.098
1791641698.930 54962 7.985
1791641698.949 54964 8.083
1791641698.976 54967 8.122
1791641699.003 54970 8.013
1791641699.022 54972 8.034
1791641699.049 54975 8.056
1791641699.076 54978 8.084
1791641699.094 54980 8.029
1791641699.122 54983 8.151
1791641699.149 54986 8.126
1791641699.167 54988 8.043
1791641699.195 54991 8.041
1791641699.222 54994 8.005
1791641699.240 54996 7.981
1791641699.267 54999 7.996
1791641699.295 55002 7.965
1791641699.313 55004 7.965
1791641699.340 55007 7.995
1791641699.367 55010 8.001
1791641699.386 55012 8.003
1791641699.413 55015 8.027
1791641699.440 55018 8.070
1791641699.458 55020 7.925
1791641699.486 55023 8.017
1791641699.513 55026 8.001
1791641699.531 55028 8.017
1791641699.559 55031 7.985
1791641699.586 55034 8.044
1791641699.604 55036 8.000
1791641699.632 55039 8.063
1791641699.659 55042 8.015
1791641699.677 55044 8.132
1791641699.704 55047 8.114
1791641699.732 55050 7.986
1791641699.750 55052 8.006
1791641699.777 55055 8.059
1791641699.805 55058 8.066
1791641699.823 55060 8.036
1791641699.850 55063 8.204
1791641699.877 55066 8.030
1791641699.896 55068 8.031
1791641699.923 55071 8.034
1791641699.950 55074 7.989
1791641699.968 55076 8.074
1791641699.996 55079 7.979
1791641700.023 55082 8.224
1791641700.041 55084 8.168
1791641700.069 55087 8.267
1791641700.096 55090 8.072
1791641700.114 55092 8.037
1791641700.141 55095 8.067
1791641700.169 55098 8.068
1791641700.187 55100 8.279
1791641700.214 55103 8.202
1791641700.242 55106 8.136
1791641700.260 55108 8.053
1791641700.287 55111 8.156
1791641700.314 55114 8.133
1791641700.333 55116 8.097
1791641700.360 55119 8.127
1791641700.387 55122 8.226
1791641700.405 55124 8.153
1791641700.433 55127 8.008
1791641700.460 55130 8.081
1791641700.478 55132 8.074
1791641700.506 55135 8.080
1791641700.533 55138 8.129
1791641700.551 55140 8.102
1791641700.578 55143 8.033
1791641700.606 55146 8.081
1791641700.624 55148 8.041
1791641700.651 55151 8.165
1791641700.679 55154 8.095
1791641700.697 55156 8.042
1791641700.724 55159 8.232
1791641700.751 55162 8.137
1791641700.770 55164 8.088
1791641700.797 55167 8.080
1791641700.824 55170 7.963
1791641700.842 55172 8.158
1791641700.870 55175 8.073
1791641700.897 55178 8.121
1791641700.915 55180 8.102
1791641700.943 55183 8.095
1791641700.970 55186 8.215
1791641700.988 55188 8.178
1791641701.015 55191 8.141
1791641701.043 55194 8.039
1791641701.061 55196 8.050
1791641701.088 55199 8.047
1791641701.116 55202 8.227
1791641701.134 55204 8.037
1791641701.161 55207 8.068
1791641701.188 55210 8.056
1791641701.206 55212 8.050
1791641701.234 55215 8.085
1791641701.261 55218 8.017
1791641701.279 55220 8.163
1791641701.307 55223 8.115
1791641701.334 55226 8.077
1791641701.352 55228 8.216
1791641701.380 55231 8.130
1791641701.407 55234 8.058
1791641701.425 55236 8.085
1791641701.453 55239 8.340
1791641701.480 55242 8.021
1791641701.498 55244 8.096
1791641701.525 55247 8.086
1791641701.552 55250 8.046
1791641701.571 55252 8.011
1791641701.598 55255 8.010
1791641701.625 55258 7.960
1791641701.644 55260 8.118
1791641701.671 55263 8.035
1791641701.698 55266 8.012
1791641701.716 55268 8.130
1791641701.744 55271 8.060
1791641701.771 55274 8.109
1791641701.789 55276 8.034
1791641701.816 55279 8.052
1791641701.844 55282 8.146
1791641701.862 55284 8.049
1791641701.889 55287 8.119
1791641701.917 55290 8.070
1791641701.935 55292 8.063
1791641701.962 55295 8.100
1791641701.989 55298 8.052
1791641702.008 55300 8.189
1791641702.035 55303 8.110
1791641702.062 55306 8.161
1791641702.080 55308 8.075
1791641702.108 55311 8.099
1791641702.135 55314 8.120
1791641702.153 55316 8.082
1791641702.181 55319 8.084
1791641702.208 55322 8.114
1791641702.226 55324 8.057
1791641702.254 55327 8.157
1791641702.281 55330 8.117
1791641702.299 55332 8.069
1791641702.326 55335 8.005
1791641702.354 55338 8.112
1791641702.372 55340 8.081
1791641702.399 55343 8.152
1791641702.426 55346 8.131
1791641702.445 55348 8.126
1791641702.472 55351 8.112
1791641702.499 55354 8.109
1791641702.518 55356 8.182
1791641702.545 55359 8.162
1791641702.572 55362 8.112
1791641702.590 55364 8.065
1791641702.618 55367 8.176
1791641702.645 55370 8.193
1791641702.663 55372 8.064
1791641702.690 55375 8.108
1791641702.718 55378 8.168
1791641702.736 55380 8.066
1791641702.763 55383 8.157
1791641702.791 55386 8.045
1791641702.809 55388 8.083
1791641702.836 55391 8.204
1791641702.863 55394 8.035
1791641702.882 55396 8.123
1791641702.909 55399 8.105
1791641702.936 55402 8.131
1791641702.955 55404 8.209
1791641702.982 55407 8.150
1791641703.009 55410 8.028
1791641703.027 55412 8.105
1791641703.055 55415 8.193
1791641703.082 55418 8.186
1791641703.100 55420 8.018
1791641703.128 55423 8.190
1791641703.155 55426 8.181
1791641703.173 55428 8.032
1791641703.200 55431 8.065
1791641703.228 55434 8.105
1791641703.246 55436 8.247
1791641703.273 55439 8.055
1791641703.300 55442 8.133
1791641703.319 55444 8.093
1791641703.346 55447 8.155
1791641703.373 55450 8.133
1791641703.392 55452 8.195
1791641703.419 55455 8.054
1791641703.446 55458 8.074
1791641703.464 55460 8.064
1791641703.492 55463 8.027
1791641703.519 55466 8.069
1791641703.537 55468 8.081
1791641703.564 55471 8.055
1791641703.592 55474 8.026
1791641703.610 55476 8.037
1791641703.637 55479 8.207
1791641703.665 55482 8.097
1791641703.683 55484 8.172
1791641703.710 55487 8.127
1791641703.737 55490 8.138
1791641703.756 55492 8.135
1791641703.783 55495 8.210
1791641703.810 55498 8.262
1791641703.828 55500 8.131
1791641703.856 55503 8.124
1791641703.883 55506 8.118
1791641703.901 55508 8.093
1791641703.929 55511 8.098
1791641703.956 55514 8.116
1791641703.974 55516 8.120
1791641704.002 55519 8.900
1791641704.029 55522 8.144
1791641704.047 55524 8.211
1791641704.074 55527 8.196
1791641704.102 55530 8.154
1791641704.120 55532 8.025
1791641704.147 55535 8.143
1791641704.174 55538 8.101
1791641704.193 55540 8.148
1791641704.220 55543 8.135
1791641704.247 55546 8.081
1791641704.265 55548 8.187
1791641704.293 55551 8.193
1791641704.320 55554 8.006
1791641704.338 55556 8.123
1791641704.366 55559 8.136
1791641704.393 55562 8.055
1791641704.411 55564 8.109
1791641704.438 55567 8.089
1791641704.466 55570 8.173
1791641704.484 55572 8.124
1791641704.511 55575 8.075
1791641704.539 55578 8.126
1791641704.557 55580 8.133
1791641704.584 55583 8.151
1791641704.611 55586 8.043
1791641704.630 55588 8.123
1791641704.657 55591 8.016
1791641704.684 55594 8.083
1791641704.702 55596 8.162
1791641704.730 55599 8.162
1791641704.757 55602 8.092
1791641704.775 55604 8.058
1791641704.803 55607 8.108
1791641704.830 55610 7.918
1791641704.848 55612 8.009
1791641704.875 55615 8.071
1791641704.903 55618 8.049
1791641704.921 55620 7.942
1791641704.948 55623 8.052
1791641704.975 55626 7.979
1791641704.994 55628 7.999
1791641705.021 55631 8.158
1791641705.048 55634 8.158
1791641705.067 55636 8.134
1791641705.094 55639 8.100
1791641705.121 55642 8.023
1791641705.139 55644 8.041
1791641705.167 55647 8.090
1791641705.194 55650 8.069
1791641705.212 55652 8.043
1791641705.240 55655 8.173
1791641705.267 55658 8.082
1791641705.285 55660 8.084
1791641705.312 55663 8.094
1791641705.340 55666 8.112
1791641705.358 55668 8.088
1791641705.385 55671 7.981
1791641705.412 55674 8.084
1791641705.431 55676 8.026
1791641705.458 55679 8.042
1791641705.485 55682 8.051
1791641705.504 55684 8.093
1791641705.531 55687 8.097
1791641705.558 55690 8.081
1791641705.576 55692 8.077
1791641705.604 55695 8.080
1791641705.631 55698 8.052
1791641705.649 55700 8.085
1791641705.677 55703 8.159
1791641705.704 55706 8.124
1791641705.722 55708 8.092
1791641705.749 55711 8.065
1791641705.777 55714 8.042
1791641705.795 55716 8.180
1791641705.822 55719 8.137
1791641705.849 55722 8.031
1791641705.868 55724 8.224
1791641705.895 55727 8.100
1791641705.922 55730 8.094
1791641705.941 55732 8.115
1791641705.968 55735 8.150
1791641705.995 55738 8.118
1791641706.013 55740 8.117
1791641706.041 55743 8.080
1791641706.068 55746 8.093
1791641706.086 55748 7.993
1791641706.113 55751 8.072
1791641706.141 55754 8.077
1791641706.159 55756 8.046
1791641706.186 55759 8.047
1791641706.214 55762 8.079
1791641706.232 55764 8.165
1791641706.259 55767 8.155
1791641706.286 55770 8.059
1791641706.305 55772 8.046
1791641706.332 55775 8.118
1791641706.359 55778 7.997
1791641706.377 55780 8.030
1791641706.405 55783 8.120
1791641706.432 55786 7.996
1791641706.450 55788 8.019
1791641706.478 55791 8.053
1791641706.505 55794 8.029
1791641706.523 55796 8.017
1791641706.550 55799 8.033
1791641706.578 55802 8.055
1791641706.596 55804 8.026
1791641706.623 55807 8.060
1791641706.650 55810 7.991
1791641706.669 55812 8.102
1791641706.696 55815 8.009
1791641706.723 55818 7.990
1791641706.742 55820 8.018
1791641706.769 55823 8.082
1791641706.796 55826 8.107
1791641706.814 55828 8.072
1791641706.842 55831 8.183
1791641706.869 55834 8.086
1791641706.887 55836 8.048
1791641706.915 55839 8.075
1791641706.942 55842 8.098
1791641706.960 55844 8.014
1791641706.987 55847 8.062
1791641707.015 55850 8.200
1791641707.033 55852 8.075
1791641707.060 55855 8.104
1791641707.088 55858 8.067
1791641707.106 55860 8.175
1791641707.133 55863 8.129
1791641707.160 55866 8.093
1791641707.179 55868 8.046
1791641707.206 55871 8.094
1791641707.233 55874 8.217
1791641707.252 55876 8.224
1791641707.279 55879 8.219
1791641707.306 55882 8.199
1791641707.324 55884 8.036
1791641707.352 55887 8.059
1791641707.379 55890 8.066
1791641707.397 55892 8.002
1791641707.424 55895 8.042
1791641707.452 55898 8.039
1791641707.470 55900 8.051
1791641707.497 55903 8.016
1791641707.525 55906 8.056
1791641707.543 55908 7.964
1791641707.570 55911 8.017
1791641707.597 55914 8.024
1791641707.615 55916 7.966
1791641707.643 55919 8.027
1791641707.670 55922 8.019
1791641707.688 55924 8.014
1791641707.716 55927 7.994
1791641707.743 55930 8.068
1791641707.761 55932 8.045
1791641707.789 55935 8.064
1791641707.816 55938 7.996
1791641707.834 55940 8.054
1791641707.861 55943 8.051
1791641707.889 55946 8.161
1791641707.907 55948 8.047
1791641707.934 55951 8.109
1791641707.962 55954 8.202
1791641707.980 55956 8.209
1791641708.007 55959 8.214
1791641708.034 55962 8.119
1791641708.053 55964 8.188
1791641708.080 55967 8.173
1791641708.107 55970 8.141
1791641708.125 55972 8.059
1791641708.153 55975 8.181
1791641708.180 55978 8.092
1791641708.198 55980 8.130
1791641708.226 55983 8.313
1791641708.253 55986 8.130
1791641708.271 55988 8.096
1791641708.298 55991 8.108
1791641708.326 55994 8.179
1791641708.344 55996 8.041
1791641708.371 55999 8.121
1791641708.399 56002 8.139
1791641708.417 56004 8.037
1791641708.444 56007 8.067
1791641708.471 56010 8.250
1791641708.490 56012 8.087
1791641708.517 56015 8.103
1791641708.544 56018 8.280
1791641708.562 56020 8.073
1791641708.582 56023 5.792
1791641708.588 56026 7.441
1791641708.590 56028 6.418
1791641708.594 56031 5.976
1791641708.600 56036 4.327
1791641708.602 56034 9.365
1791641708.606 56039 5.893
1791641708.612 56044 4.307
1791641708.614 56042 9.350
1791641708.618 56047 6.038
1791641708.624 56052 4.422
1791641708.626 56050 9.486
1791641708.630 56055 5.915
1791641708.636 56060 4.298
1791641708.638 56058 9.308
1791641708.642 56063 5.920
1791641708.649 56066 7.691
1791641708.651 56068 6.674
1791641708.654 56071 5.801
1791641708.661 56074 7.310
1791641708.663 56076 6.303
1791641708.667 56079 6.108
1791641708.673 56082 7.380
1791641708.675 56084 6.370
1791641708.679 56087 5.915
1791641708.685 56092 4.625
1791641708.687 56090 9.688
1791641708.691 56095 5.899
1791641708.697 56100 4.687
1791641708.699 56098 9.715
1791641708.703 56103 5.870
1791641708.709 56108 4.529
1791641708.711 56106 9.518
1791641708.715 56111 5.805
1791641708.721 56114 7.384
1791641708.723 56116 6.360
1791641708.728 56119 6.119
1791641708.733 56122 7.303
1791641708.735 56124 6.292
1791641708.740 56127 6.094
1791641708.745 56132 4.257
1791641708.747 56130 9.284
1791641708.752 56135 6.117
1791641708.758 56140 4.308
1791641708.760 56138 9.335
1791641708.764 56143 5.841
1791641708.770 56146 7.310
1791641708.772 56148 6.329
1791641708.776 56151 5.960
1791641708.782 56156 4.303
1791641708.784 56154 9.315
1791641708.788 56159 5.820
1791641708.794 56164 4.314
1791641708.796 56162 9.353
1791641708.800 56167 5.855
1791641708.807 56170 7.628
1791641708.809 56172 6.607
1791641708.812 56175 5.779
1791641708.819 56178 7.526
1791641708.821 56180 6.512
1791641708.825 56183 6.071
1791641708.831 56186 7.658
1791641708.833 56188 6.645
1791641708.837 56191 5.826
1791641708.843 56196 4.349
1791641708.845 56194 9.390
1791641708.849 56199 5.892
1791641708.855 56204 4.435
1791641708.857 56202 9.473
1791641708.861 56207 5.770
1791641708.867 56212 4.322
1791641708.869 56210 9.373
1791641708.873 56215 5.913
1791641708.879 56218 7.649
1791641708.881 56220 6.647
1791641708.885 56223 5.800
1791641708.891 56228 4.254
1791641708.893 56226 9.288
1791641708.897 56231 5.826
1791641708.904 56236 4.760
1791641708.906 56234 9.794
1791641708.909 56239 5.786
1791641708.916 56244 4.541
1791641708.918 56242 9.592
1791641708.922 56247 6.114
1791641708.928 56250 7.725
1791641708.930 56252 6.717
1791641708.934 56255 5.195
1791641708.940 56260 4.249
1791641708.942 56258 9.273
1791641708.946 56263 5.906
1791641708.952 56268 4.311
1791641708.954 56266 9.409
1791641708.958 56271 5.908
1791641708.964 56274 7.754
1791641708.966 56276 6.733
1791641708.970 56279 5.895
1791641708.976 56284 4.310
1791641708.978 56282 9.353
1791641708.982 56287 5.806
1791641708.988 56292 4.267
1791641708.990 56290 9.291
1791641708.994 56295 5.841
1791641709.001 56298 7.668
1791641709.003 56300 6.653
1791641709.006 56303 5.717
1791641709.013 56306 7.491
1791641709.015 56308 6.472
1791641709.019 56311 6.039
1791641709.025 56316 4.440
1791641709.027 56314 9.468
1791641709.031 56319 5.963
1791641709.037 56324 4.579
1791641709.039 56322 9.603
1791641709.043 56327 5.935
1791641709.049 56332 4.583
1791641709.051 56330 9.609
1791641709.055 56335 5.890
1791641709.061 56340 4.608
1791641709.063 56338 9.644
1791641709.067 56343 5.895
1791641709.073 56348 4.363
1791641709.075 56346 9.396
1791641709.079 56351 5.902
1791641709.085 56354 7.305
1791641709.087 56356 6.281
1791641709.092 56359 5.846
1791641709.098 56364 4.609
1791641709.100 56362 9.669
1791641709.104 56367 5.817
1791641709.110 56370 7.590
1791641709.112 56372 6.588
1791641709.116 56375 5.098
1791641709.122 56378 7.600
1791641709.124 56380 6.596
1791641709.128 56383 5.862
1791641709.134 56388 4.313
1791641709.136 56386 9.324
1791641709.140 56391 5.849
1791641709.146 56394 7.644
1791641709.148 56396 6.662
1791641709.152 56399 5.766
1791641709.159 56404 4.614
1791641709.161 56402 9.649
1791641709.165 56407 6.082
1791641709.170 56410 7.450
1791641709.172 56412 6.432
1791641709.177 56415 5.975
1791641709.183 56418 7.663
1791641709.185 56420 6.653
1791641709.189 56423 6.097
1791641709.195 56428 4.664
1791641709.197 56426 9.689
1791641709.201 56431 5.935
1791641709.207 56434 7.440
1791641709.209 56436 6.348
1791641709.213 56439 5.985
1791641709.219 56444 4.631
1791641709.221 56442 9.642
1791641709.225 56447 6.073
1791641709.232 56450 8.702
1791641709.234 56452 7.629
1791641709.237 56455 5.946
1791641709.243 56458 7.272
1791641709.245 56460 6.262
1791641709.250 56463 6.110
1791641709.255 56466 7.313
1791641709.257 56468 6.301
1791641709.261 56471 5.841
1791641709.267 56474 7.294
1791641709.269 56476 6.314
1791641709.274 56479 5.839
1791641709.280 56484 4.299
1791641709.282 56482 9.322
1791641709.286 56487 5.865
1791641709.392 56490 107.902
1791641709.394 56492 106.882
1791641709.398 56495 105.561
1791641709.400 56503 95.434
1791641709.402 56511 85.307
1791641709.404 56519 75.176
1791641709.406 56527 65.042
1791641709.408 56535 54.918
1791641709.410 56543 44.788
1791641709.412 56551 34.657
1791641709.414 56559 24.524
1791641709.416 56498 119.083
1791641709.418 56506 108.951
1791641709.420 56514 98.818
1791641709.422 56522 88.690
1791641709.424 56530 78.560
1791641709.426 56538 68.433
1791641709.428 56546 58.265
1791641709.430 56554 48.151
1791641709.432 56500 132.278
1791641709.434 56508 122.154
1791641709.436 56516 112.015
1791641709.438 56524 101.885
1791641709.440 56532 91.760
1791641709.442 56540 81.627
1791641709.444 56548 71.500
1791641709.446 56556 61.366
1791641709.449 56567 47.672
1791641709.451 56575 37.539
1791641709.453 56583 27.408
1791641709.455 56591 17.287
1791641709.457 56562 63.289
1791641709.459 56570 53.151
1791641709.461 56578 43.006
1791641709.463 56586 32.809
1791641709.465 56564 68.283
1791641709.467 56572 58.149
1791641709.469 56580 48.019
1791641709.471 56588 37.894
1791641709.474 56599 24.169
1791641709.476 56607 14.036
1791641709.478 56594 35.770
1791641709.480 56602 25.700
1791641709.482 56596 36.754
1791641709.484 56604 26.617
1791641709.487 56612 17.442
1791641709.489 56620 7.311
1791641709.491 56615 16.906
1791641709.493 56610 26.574
1791641709.495 56618 16.351
1791641709.498 56623 11.447
1791641709.500 56626 9.695
1791641709.502 56628 8.683
1791641709.505 56631 6.793
1791641709.510 56634 7.345
1791641709.512 56636 6.329
1791641709.516 56639 5.874
1791641709.522 56642 7.452
1791641709.524 56644 6.359
1791641709.529 56647 5.913
1791641709.535 56652 4.596
1791641709.537 56650 9.664
1791641709.541 56655 5.874
1791641709.547 56658 7.729
1791641709.549 56660 6.711
1791641709.553 56663 5.886
1791641709.559 56666 7.800
1791641709.561 56668 6.779
1791641709.565 56671 6.006
1791641709.571 56674 7.324
1791641709.573 56676 6.315
1791641709.577 56679 5.952
1791641709.583 56684 4.574
1791641709.585 56682 9.567
1791641709.589 56687 5.827
1791641709.595 56692 4.583
1791641709.598 56690 9.622
1791641709.601 56695 5.761
1791641709.608 56700 4.600
1791641709.610 56698 9.638
1791641709.613 56703 5.843
1791641709.619 56708 4.305
1791641709.622 56706 9.345
1791641709.626 56711 5.810
1791641709.632 56714 7.280
1791641709.634 56716 6.260
1791641709.638 56719 5.944
1791641709.644 56722 7.467
1791641709.646 56724 6.436
1791641709.650 56727 5.780
1791641709.656 56730 7.556
1791641709.658 56732 6.542
1791641709.662 56735 5.797
1791641709.668 56738 7.630
1791641709.670 56740 6.630
1791641709.675 56743 6.271
1791641709.680 56748 4.598
1791641709.682 56746 9.608
1791641709.686 56751 5.893
1791641709.692 56754 7.281
1791641709.694 56756 6.308
1791641709.698 56759 5.850
1791641709.705 56764 4.379
1791641709.707 56762 9.417
1791641709.711 56767 5.866
1791641709.717 56772 4.621
1791641709.719 56770 9.619
1791641709.723 56775 6.082
1791641709.729 56780 4.624
1791641709.731 56778 9.682
1791641709.735 56783 5.960
1791641709.741 56786 7.298
1791641709.743 56788 6.311
1791641709.747 56791 5.815
1791641709.753 56796 4.743
1791641709.755 56794 9.775
1791641709.759 56799 5.841
1791641709.765 56802 7.381
1791641709.767 56804 6.388
1791641709.771 56807 5.825
1791641709.777 56810 7.312
1791641709.779 56812 6.290
1791641709.783 56815 5.956
1791641709.790 56820 4.433
1791641709.792 56818 9.476
1791641709.796 56823 5.889
1791641709.802 56826 7.490
1791641709.804 56828 6.467
1791641709.808 56831 5.801
1791641709.814 56834 7.399
1791641709.816 56836 6.375
1791641709.820 56839 5.870
1791641709.826 56844 4.611
1791641709.828 56842 9.654
1791641709.832 56847 5.959
1791641709.838 56850 7.357
1791641709.840 56852 6.338
1791641709.844 56855 5.829
1791641709.850 56858 7.358
1791641709.852 56860 6.334
1791641709.856 56863 5.767
1791641709.862 56868 4.332
1791641709.864 56866 9.370
1791641709.868 56871 5.843
1791641709.874 56876 4.346
1791641709.876 56874 9.384
1791641709.881 56879 6.167
1791641709.887 56884 4.349
1791641709.889 56882 9.382
1791641709.893 56887 5.835
1791641709.899 56892 4.409
1791641709.901 56890 9.442
1791641709.905 56895 5.847
1791641709.911 56900 4.318
1791641709.913 56898 9.343
1791641709.917 56903 5.911
1791641709.923 56908 4.306
1791641709.925 56906 9.349
1791641709.929 56911 5.824
1791641709.935 56916 4.268
1791641709.937 56914 9.360
1791641709.941 56919 5.793
1791641709.947 56922 7.317
1791641709.949 56924 6.293
1791641709.953 56927 5.916
1791641709.960 56930 7.527
1791641709.962 56932 6.503
1791641709.965 56935 5.838
1791641709.972 56940 4.363
1791641709.974 56938 9.396
1791641709.978 56943 5.791
1791641709.984 56948 4.321
1791641709.986 56946 9.359
1791641709.990 56951 6.115
1791641709.996 56956 4.541
1791641709.998 56954 9.570
1791641710.002 56959 5.932
1791641710.008 56962 7.701
1791641710.010 56964 6.692
1791641710.014 56967 5.949
1791641710.021 56972 5.098
1791641710.023 56970 10.081
1791641710.026 56975 5.866
1791641710.033 56980 4.641
1791641710.035 56978 9.704
1791641710.038 56983 6.014
1791641710.045 56986 7.553
1791641710.047 56988 6.548
1791641710.050 56991 5.844
1791641710.057 56994 7.680
1791641710.059 56996 6.711
1791641710.063 56999 5.941
1791641710.069 57002 7.741
1791641710.071 57004 6.722
1791641710.075 57007 5.837
1791641710.081 57010 7.615
1791641710.083 57012 6.612
1791641710.087 57015 5.759
1791641710.093 57020 4.711
1791641710.095 57018 9.744
1791641710.099 57023 5.993
1791641710.105 57026 7.387
1791641710.107 57028 6.375
1791641710.111 57031 5.862
1791641710.117 57034 7.440
1791641710.119 57036 6.418
1791641710.123 57039 5.797
1791641710.130 57042 7.611
1791641710.132 57044 6.589
1791641710.135 57047 5.853
1791641710.141 57052 4.310
1791641710.143 57050 9.305
1791641710.147 57055 5.761
1791641710.154 57058 7.669
1791641710.156 57060 6.654
1791641710.160 57063 5.841
1791641710.166 57068 4.610
1791641710.168 57066 9.643
1791641710.172 57071 5.788
1791641710.178 57076 4.314
1791641710.180 57074 9.324
1791641710.184 57079 5.830
1791641710.190 57084 4.360
1791641710.192 57082 9.378
1791641710.196 57087 5.879
1791641710.202 57090 7.483
1791641710.204 57092 6.404
1791641710.208 57095 6.059
1791641710.214 57100 4.423
1791641710.216 57098 9.458
1791641710.220 57103 5.723
1791641710.226 57108 4.365
1791641710.228 57106 9.389
1791641710.232 57111 5.812
1791641710.239 57116 4.362
1791641710.241 57114 9.393
1791641710.245 57119 5.760
1791641710.251 57122 7.673
1791641710.253 57124 6.660
1791641710.257 57127 5.898
1791641710.263 57130 7.311
1791641710.265 57132 6.299
1791641710.269 57135 5.733
1791641710.276 57138 8.016
1791641710.278 57140 6.998
1791641710.281 57143 6.285
1791641710.289 57148 5.825
1791641710.291 57146 10.867
1791641710.295 57151 7.657
1791641710.301 57156 5.941
1791641710.303 57154 10.491
1791641710.307 57159 7.314
1791641710.313 57162 8.670
1791641710.315 57164 7.842
1791641710.319 57167 7.653
1791641710.325 57172 5.915
1791641710.327 57170 10.454
1791641710.331 57175 7.614
1791641710.337 57178 8.624
1791641710.339 57180 8.093
1791641710.344 57183 7.874
1791641710.350 57186 9.371
1791641710.353 57188 9.020
1791641710.357 57194 4.384
1791641710.359 57191 10.698
1791641710.363 57199 3.216
1791641710.365 57196 9.747
1791641710.370 57202 5.244
1791641710.378 57204 8.483
1791641710.380 57207 7.918
1791641710.384 57210 7.449
1791641710.386 57212 6.444
1791641710.390 57215 5.946
1791641710.396 57220 4.411
1791641710.398 57218 9.452
1791641710.403 57223 6.080
1791641710.409 57226 7.847
1791641710.411 57228 6.831
1791641710.416 57231 6.887
1791641710.421 57236 4.342
1791641710.423 57234 9.375
1791641710.427 57239 5.765
1791641710.433 57242 7.232
1791641710.435 57244 6.262
1791641710.439 57247 5.750
1791641710.445 57252 4.296
1791641710.447 57250 9.337
1791641710.451 57255 5.748
1791641710.457 57260 4.316
1791641710.459 57258 9.346
1791641710.463 57263 5.789
1791641710.469 57268 4.247
1791641710.471 57266 9.290
1791641710.475 57271 5.718
1791641710.481 57276 4.206
1791641710.483 57274 9.209
1791641710.487 57279 5.701
1791641710.493 57282 7.294
1791641710.495 57284 6.273
1791641710.500 57287 6.308
1791641710.506 57290 8.031
1791641710.508 57292 7.025
1791641710.513 57295 7.356
1791641710.519 57300 5.898
1791641710.521 57298 10.757
1791641710.525 57303 7.374
1791641710.532 57308 5.913
1791641710.534 57306 10.826
1791641710.537 57311 7.323
1791641710.544 57314 8.790
1791641710.546 57316 7.954
1791641710.550 57319 7.331
1791641710.556 57322 8.789
1791641710.558 57324 7.956
1791641710.562 57327 7.395
1791641710.568 57330 8.716
1791641710.570 57332 7.879
1791641710.574 57335 7.651
1791641710.580 57340 6.134
1791641710.582 57338 10.734
1791641710.586 57343 7.564
1791641710.592 57346 8.718
1791641710.594 57348 8.143
1791641710.598 57351 7.282
1791641710.605 57356 6.104
1791641710.607 57354 10.952
1791641710.610 57359 7.402
1791641710.616 57364 5.873
1791641710.618 57362 10.662
1791641710.622 57367 7.307
1791641710.628 57372 5.799
1791641710.630 57370 10.636
1791641710.635 57375 7.330
1791641710.641 57380 6.002
1791641710.643 57378 10.841
1791641710.647 57383 7.356
1791641710.653 57386 8.662
1791641710.655 57388 7.847
1791641710.659 57391 7.266
1791641710.665 57396 5.888
1791641710.667 57394 10.800
1791641710.671 57399 7.401
1791641710.677 57402 8.830
1791641710.679 57404 7.994
1791641710.683 57407 7.594
1791641710.690 57410 8.678
1791641710.692 57412 8.174
1791641710.696 57415 7.602
1791641710.702 57418 8.646
1791641710.704 57420 8.080
1791641710.707 57423 7.401
1791641710.714 57428 5.878
1791641710.716 57426 10.664
1791641710.720 57431 7.680
1791641710.726 57434 8.645
1791641710.728 57436 8.144
1791641710.732 57439 7.338
1791641710.738 57444 5.953
1791641710.740 57442 10.733
1791641710.744 57447 7.341
1791641710.750 57452 6.211
1791641710.752 57450 11.047
1791641710.756 57455 7.351
1791641710.762 57458 8.985
1791641710.764 57460 8.178
1791641710.768 57463 7.338
1791641710.774 57468 6.161
1791641710.777 57466 10.942
1791641710.780 57471 7.420
1791641710.787 57474 8.938
1791641710.789 57476 8.102
1791641710.793 57479 7.621
1791641710.798 57484 5.847
1791641710.800 57482 10.403
1791641710.805 57487 7.636
1791641710.811 57492 6.192
1791641710.813 57490 10.775
1791641710.817 57495 7.651
1791641710.823 57498 8.423
1791641710.825 57500 7.894
1791641710.829 57503 7.760
1791641710.836 57506 9.317
1791641710.838 57508 8.955
1791641710.845 57514 6.675
1791641710.847 57511 11.086
1791641710.849 57516 7.658
1791641710.852 57519 6.013
1791641710.858 57522 7.654
1791641710.860 57524 6.637
1791641710.864 57527 5.966
1791641710.870 57530 7.391
1791641710.872 57532 6.345
1791641710.876 57535 6.075
1791641710.882 57538 7.455
1791641710.884 57540 6.443
1791641710.888 57543 6.021
1791641710.894 57546 7.760
1791641710.896 57548 6.750
1791641710.900 57551 5.738
1791641710.907 57556 4.757
1791641710.909 57554 9.793
1791641710.912 57559 6.080
1791641710.919 57564 4.616
1791641710.921 57562 9.645
1791641710.925 57567 6.132
1791641710.930 57570 7.244
1791641710.932 57572 6.227
1791641710.936 57575 5.811
1791641710.942 57580 4.189
1791641710.944 57578 9.226
1791641710.949 57583 5.759
1791641710.955 57586 7.396
1791641710.957 57588 6.368
1791641710.961 57591 5.822
1791641710.967 57594 7.299
1791641710.969 57596 6.278
1791641710.973 57599 5.815
1791641710.979 57602 7.329
1791641710.981 57604 6.301
1791641710.985 57607 5.942
1791641711.091 57610 107.674
1791641711.093 57612 106.651
1791641711.097 57618 100.803
1791641711.099 57626 90.734
1791641711.101 57634 80.607
1791641711.103 57642 70.461
1791641711.105 57650 60.345
1791641711.107 57658 50.211
1791641711.109 57666 40.076
1791641711.111 57674 29.944
1791641711.113 57615 121.487
1791641711.115 57623 111.357
1791641711.117 57631 101.226
1791641711.119 57639 91.068
1791641711.121 57647 80.960
1791641711.123 57655 70.824
1791641711.125 57663 60.700
1791641711.127 57671 50.571
1791641711.129 57679 40.440
1791641711.131 57620 131.964
1791641711.133 57628 121.844
1791641711.135 57636 111.712
1791641711.137 57644 101.579
1791641711.139 57652 91.449
1791641711.141 57660 81.318
1791641711.143 57668 71.189
1791641711.145 57676 61.056
1791641711.148 57682 54.900
1791641711.150 57690 44.814
1791641711.152 57698 34.683
1791641711.154 57706 24.557
1791641711.156 57684 59.954
1791641711.158 57692 49.822
1791641711.160 57700 39.690
1791641711.162 57708 29.559
1791641711.164 57687 63.431
1791641711.166 57695 53.299
1791641711.168 57703 43.167
1791641711.170 57711 33.034
1791641711.173 57719 23.680
1791641711.175 57727 13.552
1791641711.177 57714 35.291
1791641711.179 57722 24.692
1791641711.181 57716 36.276
1791641711.183 57724 26.145
1791641711.186 57735 12.286
1791641711.188 57730 21.421
1791641711.190 57732 20.865
1791641711.192 57738 14.038
1791641711.194 57740 13.457
1791641711.197 57743 11.658
1791641711.200 57746 9.582
1791641711.202 57748 8.995
1791641711.205 57751 7.637
1791641711.211 57754 8.551
1791641711.213 57756 7.959
1791641711.217 57759 7.358
1791641711.223 57762 8.695
1791641711.226 57764 8.278
1791641711.230 57767 7.817
1791641711.237 57772 7.273
1791641711.239 57770 11.969
1791641711.244 57778 5.029
1791641711.246 57775 11.373
1791641711.250 57783 3.674
1791641711.252 57780 10.231
1791641711.256 57786 5.570
1791641711.263 57788 9.058
1791641711.265 57791 6.572
1791641711.270 57794 6.528
1791641711.272 57796 5.507
1791641711.276 57799 5.737
1791641711.283 57802 7.410
1791641711.285 57804 6.389
1791641711.289 57807 5.918
1791641711.295 57810 7.305
1791641711.297 57812 6.279
1791641711.301 57815 5.787
1791641711.307 57820 4.240
1791641711.309 57818 9.276
1791641711.313 57823 6.077
1791641711.319 57826 7.456
1791641711.321 57828 6.444
1791641711.325 57831 5.789
1791641711.331 57836 4.371
1791641711.333 57834 9.417
1791641711.337 57839 5.759
1791641711.343 57844 4.294
1791641711.345 57842 9.336
1791641711.349 57847 5.848
1791641711.356 57850 7.606
1791641711.358 57852 6.578
1791641711.361 57855 5.774
1791641711.367 57858 7.353
1791641711.369 57860 6.330
1791641711.374 57863 6.086
1791641711.380 57868 4.359
1791641711.382 57866 9.382
1791641711.386 57871 6.085
1791641711.392 57876 4.392
1791641711.394 57874 9.424
1791641711.398 57879 6.080
1791641711.404 57884 4.359
1791641711.406 57882 9.384
1791641711.410 57887 6.067
1791641711.416 57890 7.763
1791641711.418 57892 6.731
1791641711.422 57895 6.039
1791641711.428 57900 4.384
1791641711.430 57898 9.416
1791641711.434 57903 6.130
1791641711.440 57908 4.358
1791641711.442 57906 9.398
1791641711.447 57911 6.061
1791641711.453 57916 4.660
1791641711.455 57914 9.688
1791641711.458 57919 5.764
1791641711.465 57924 4.289
1791641711.467 57922 9.325
1791641711.471 57927 5.768
1791641711.477 57932 4.280
1791641711.479 57930 9.316
1791641711.483 57935 5.801
1791641711.489 57938 7.355
1791641711.491 57940 6.352
1791641711.495 57943 5.804
1791641711.501 57948 4.270
1791641711.503 57946 9.311
1791641711.507 57951 5.788
1791641711.513 57954 7.609
1791641711.515 57956 6.574
1791641711.519 57959 5.845
1791641711.525 57962 7.396
1791641711.527 57964 6.368
1791641711.531 57967 5.789
1791641711.537 57972 4.304
1791641711.539 57970 9.336
1791641711.543 57975 5.786
1791641711.550 57978 7.620
1791641711.552 57980 6.594
1791641711.556 57983 5.839
1791641711.562 57986 7.448
1791641711.564 57988 6.455
1791641711.568 57991 6.180
1791641711.574 57994 7.416
1791641711.576 57996 6.408
1791641711.580 57999 5.980
1791641711.586 58004 4.414
1791641711.588 58002 9.444
1791641711.592 58007 6.205
1791641711.598 58012 4.591
1791641711.600 58010 9.612
1791641711.604 58015 6.183
1791641711.610 58018 7.611
1791641711.612 58020 6.608
1791641711.616 58023 6.036
1791641711.622 58028 4.433
1791641711.624 58026 9.457
1791641711.629 58031 6.130
1791641711.635 58036 4.574
1791641711.637 58034 9.595
1791641711.641 58039 6.063
1791641711.647 58044 4.619
1791641711.649 58042 9.638
1791641711.653 58047 5.915
1791641711.659 58050 7.708
1791641711.661 58052 6.696
1791641711.665 58055 6.156
1791641711.671 58060 4.397
1791641711.673 58058 9.425
1791641711.677 58063 6.052
1791641711.683 58068 4.599
1791641711.685 58066 9.626
1791641711.689 58071 5.761
1791641711.695 58074 7.639
1791641711.697 58076 6.623
1791641711.701 58079 5.910
1791641711.707 58082 7.392
1791641711.709 58084 6.416
1791641711.713 58087 5.921
1791641711.719 58090 7.368
1791641711.721 58092 6.340
1791641711.726 58095 5.825
1791641711.732 58100 4.424
1791641711.734 58098 9.514
1791641711.738 58103 5.744
1791641711.744 58106 7.402
1791641711.746 58108 6.414
1791641711.750 58111 6.012
1791641711.756 58116 4.624
1791641711.758 58114 9.645
1791641711.762 58119 5.873
1791641711.768 58124 4.326
1791641711.770 58122 9.344
1791641711.774 58127 5.843
1791641711.780 58130 7.366
1791641711.782 58132 6.402
1791641711.786 58135 5.817
1791641711.793 58138 7.626
1791641711.795 58140 6.607
1791641711.798 58143 5.887
1791641711.804 58146 7.298
1791641711.806 58148 6.287
1791641711.810 58151 5.830
1791641711.817 58154 7.670
1791641711.819 58156 6.647
1791641711.823 58159 5.890
1791641711.829 58162 7.584
1791641711.831 58164 6.494
1791641711.835 58167 5.839
1791641711.841 58172 4.431
1791641711.843 58170 9.469
1791641711.847 58175 5.825
1791641711.853 58178 7.354
1791641711.855 58180 6.341
1791641711.859 58183 5.907
1791641711.865 58188 4.570
1791641711.867 58186 9.608
1791641711.871 58191 5.867
1791641711.877 58194 7.441
1791641711.879 58196 6.388
1791641711.883 58199 5.911
1791641711.889 58202 7.357
1791641711.891 58204 6.332
1791641711.896 58207 5.974
1791641711.902 58212 4.329
1791641711.904 58210 9.358
1791641711.908 58215 5.955
1791641711.914 58220 4.350
1791641711.916 58218 9.425
1791641711.920 58223 5.880
1791641711.926 58226 7.380
1791641711.928 58228 6.396
1791641711.932 58231 5.882
1791641711.938 58236 4.375
1791641711.940 58234 9.416
1791641711.944 58239 5.878
1791641711.950 58242 7.413
1791641711.952 58244 6.394
1791641711.956 58247 6.060
1791641711.962 58250 7.619
1791641711.964 58252 6.606
1791641711.968 58255 6.003
1791641711.975 58258 7.546
1791641711.977 58260 6.552
1791641711.980 58263 5.815
1791641711.987 58268 4.452
1791641711.989 58266 9.567
1791641711.993 58271 5.814
1791641711.999 58276 4.602
1791641712.001 58274 9.613
1791641712.005 58279 5.953
1791641712.011 58282 7.368
1791641712.013 58284 6.384
1791641712.017 58287 5.889
1791641712.023 58290 7.379
1791641712.025 58292 6.360
1791641712.029 58295 5.904
1791641712.035 58298 7.370
1791641712.037 58300 6.344
1791641712.041 58303 5.807
1791641712.047 58306 7.343
1791641712.049 58308 6.320
1791641712.053 58311 5.735
1791641712.060 58314 7.635
1791641712.062 58316 6.631
1791641712.066 58319 6.293
1791641712.073 58324 6.122
1791641712.075 58322 11.148
1791641712.079 58327 7.764
1791641712.085 58330 8.589
1791641712.087 58332 8.076
1791641712.091 58335 7.340
1791641712.097 58338 8.742
1791641712.099 58340 7.922
1791641712.103 58343 7.425
1791641712.109 58346 8.685
1791641712.111 58348 7.886
1791641712.116 58351 7.404
1791641712.122 58356 6.236
1791641712.124 58354 11.021
1791641712.128 58359 7.541
1791641712.134 58364 6.067
1791641712.136 58362 10.791
1791641712.140 58367 7.427
1791641712.146 58372 5.847
1791641712.148 58370 10.619
1791641712.152 58375 7.385
1791641712.158 58380 5.806
1791641712.160 58378 10.632
1791641712.164 58383 7.405
1791641712.170 58388 5.847
1791641712.172 58386 10.686
1791641712.176 58391 7.283
1791641712.182 58396 5.870
1791641712.184 58394 10.697
1791641712.188 58399 7.458
1791641712.195 58404 6.010
1791641712.197 58402 10.875
1791641712.200 58407 7.359
1791641712.206 58410 8.691
1791641712.208 58412 7.819
1791641712.213 58415 7.356
1791641712.219 58420 5.809
1791641712.221 58418 10.731
1791641712.225 58423 7.241
1791641712.231 58428 5.832
1791641712.233 58426 10.687
1791641712.237 58431 7.302
1791641712.243 58436 5.754
1791641712.245 58434 10.678
1791641712.249 58439 7.315
1791641712.255 58444 5.840
1791641712.257 58442 10.728
1791641712.261 58447 7.534
1791641712.267 58452 5.794
1791641712.269 58450 10.523
1791641712.273 58455 7.289
1791641712.279 58460 5.899
1791641712.281 58458 10.757
1791641712.285 58463 7.271
1791641712.292 58468 6.196
1791641712.294 58466 11.047
1791641712.298 58471 8.088
1791641712.304 58476 5.812
1791641712.306 58474 10.333
1791641712.310 58479 7.634
1791641712.316 58484 5.875
1791641712.318 58482 10.425
1791641712.322 58487 7.567
1791641712.328 58492 6.087
1791641712.330 58490 10.658
1791641712.334 58495 7.565
1791641712.340 58500 6.122
1791641712.342 58498 10.721
1791641712.346 58503 7.344
1791641712.352 58508 6.144
1791641712.354 58506 10.989
1791641712.359 58511 7.662
1791641712.365 58516 6.157
1791641712.367 58514 10.711
1791641712.370 58519 7.313
1791641712.377 58522 8.923
1791641712.379 58524 8.138
1791641712.383 58527 7.475
1791641712.389 58530 8.813
1791641712.391 58532 8.207
1791641712.395 58535 7.526
1791641712.401 58540 5.870
1791641712.403 58538 10.517
1791641712.407 58543 7.656
1791641712.413 58548 5.889
1791641712.415 58546 10.440
1791641712.419 58551 7.730
1791641712.425 58554 8.567
1791641712.427 58556 8.036
1791641712.431 58559 7.648
1791641712.437 58562 8.757
1791641712.439 58564 8.174
1791641712.443 58567 7.584
1791641712.450 58570 8.738
1791641712.452 58572 8.167
1791641712.456 58575 7.637
1791641712.462 58578 8.771
1791641712.464 58580 8.253
1791641712.468 58583 7.608
1791641712.474 58586 8.724
1791641712.476 58588 8.149
1791641712.480 58591 7.616
1791641712.486 58596 6.106
1791641712.488 58594 10.704
1791641712.492 58599 7.593
1791641712.498 58602 8.681
1791641712.500 58604 8.098
1791641712.504 58607 7.586
1791641712.510 58612 6.179
1791641712.512 58610 10.784
1791641712.516 58615 7.339
1791641712.522 58620 6.122
1791641712.524 58618 10.959
1791641712.528 58623 7.425
1791641712.535 58628 6.099
1791641712.537 58626 10.819
1791641712.541 58631 7.615
1791641712.547 58636 6.142
1791641712.549 58634 10.706
1791641712.553 58639 7.647
1791641712.559 58642 8.395
1791641712.561 58644 7.851
1791641712.565 58647 7.638
1791641712.571 58650 8.570
1791641712.573 58652 8.029
1791641712.577 58655 7.670
1791641712.583 58658 8.452
1791641712.585 58660 7.930
1791641712.589 58663 7.618
1791641712.595 58668 6.085
1791641712.597 58666 10.659
1791641712.601 58671 7.346
1791641712.607 58674 8.784
1791641712.609 58676 7.943
1791641712.613 58679 7.398
1791641712.619 58684 5.859
1791641712.621 58682 10.687
1791641712.625 58687 7.345
1791641712.631 58690 8.645
1791641712.633 58692 7.799
1791641712.637 58695 7.351
1791641712.643 58698 8.631
1791641712.645 58700 7.806
1791641712.650 58703 7.345
1791641712.656 58708 5.844
1791641712.658 58706 10.667
1791641712.662 58711 7.504
1791641712.668 58714 8.548
1791641712.670 58716 7.861
1791641712.674 58719 7.345
1791641712.680 58724 5.816
1791641712.682 58722 10.701
1791641712.686 58727 7.330
1791641712.692 58732 6.118
1791641712.694 58730 10.964
1791641712.698 58735 7.631
1791641712.704 58740 5.853
1791641712.706 58738 10.427
1791641712.711 58743 7.662
1791641712.716 58746 8.367
1791641712.718 58748 7.865
1791641712.723 58751 7.668
1791641712.729 58754 8.776
1791641712.731 58756 8.243
1791641712.735 58759 7.641
1791641712.741 58762 8.780
1791641712.743 58764 8.219
1791641712.747 58767 7.338
1791641712.753 58772 5.938
1791641712.755 58770 10.726
1791641712.759 58775 7.363
1791641712.765 58778 8.690
1791641712.767 58780 7.848
1791641712.771 58783 7.319
1791641712.777 58788 6.112
1791641712.779 58786 10.939
1791641712.783 58791 7.636
1791641712.789 58794 8.421
1791641712.791 58796 7.907
1791641712.796 58799 7.630
1791641712.802 58804 6.155
1791641712.804 58802 10.716
1791641712.807 58807 7.291
1791641712.814 58810 8.897
1791641712.816 58812 8.100
1791641712.820 58815 7.688
1791641712.826 58820 5.830
1791641712.828 58818 10.349
1791641712.832 58823 7.644
1791641712.838 58828 5.836
1791641712.840 58826 10.381
1791641712.844 58831 7.341
1791641712.850 58834 8.768
1791641712.852 58836 7.943
1791641712.856 58842 3.281
1791641712.858 58839 9.896
1791641712.864 58844 7.817
1791641712.866 58847 5.278
1791641712.871 58850 5.307
1791641712.877 58855 4.568
1791641712.879 58852 10.992
1791641712.884 58860 3.752
1791641712.886 58858 8.794
1791641712.891 58863 5.827
1791641712.897 58868 4.696
1791641712.899 58866 9.702
1791641712.903 58871 6.045
1791641712.909 58876 4.297
1791641712.911 58874 9.328
1791641712.915 58879 6.185
1791641712.921 58882 7.393
1791641712.923 58884 6.378
1791641712.927 58887 6.080
1791641712.934 58890 7.840
1791641712.936 58892 6.827
1791641712.939 58895 5.826
1791641712.945 58898 7.377
1791641712.947 58900 6.353
1791641712.951 58903 5.834
1791641712.958 58908 4.377
1791641712.960 58906 9.415
1791641712.964 58911 5.857
1791641712.970 58914 7.293
1791641712.972 58916 6.304
1791641712.976 58919 5.874
1791641712.982 58924 4.315
1791641712.984 58922 9.358
1791641712.988 58927 5.895
1791641712.994 58930 7.614
1791641712.996 58932 6.597
1791641713.000 58935 5.974
1791641713.006 58940 4.475
1791641713.008 58938 9.556
1791641713.012 58943 5.964
1791641713.018 58946 7.522
1791641713.020 58948 6.509
1791641713.024 58951 5.832
1791641713.031 58954 7.630
1791641713.033 58956 6.609
1791641713.037 58959 5.912
1791641713.043 58964 4.560
1791641713.045 58962 9.597
1791641713.049 58967 5.928
1791641713.055 58972 4.624
1791641713.057 58970 9.733
1791641713.061 58975 5.966
1791641713.067 58978 7.434
1791641713.069 58980 6.413
1791641713.073 58983 5.884
1791641713.079 58986 7.514
1791641713.081 58988 6.491
1791641713.085 58991 5.860
1791641713.091 58996 4.481
1791641713.093 58994 9.517
1791641713.097 58999 5.939
1791641713.103 59002 7.397
1791641713.105 59004 6.375
1791641713.109 59007 5.713
1791641713.115 59012 4.300
1791641713.117 59010 9.332
1791641713.122 59015 6.099
1791641713.128 59018 7.697
1791641713.130 59020 6.690
1791641713.134 59023 6.126
1791641713.140 59028 4.273
1791641713.142 59026 9.300
1791641713.146 59031 5.995
1791641713.152 59034 7.395
1791641713.154 59036 6.387
1791641713.158 59039 5.977
1791641713.164 59042 7.361
1791641713.166 59044 6.340
1791641713.170 59047 6.020
1791641713.176 59050 7.328
1791641713.178 59052 6.283
1791641713.182 59055 5.880
1791641713.188 59060 4.390
1791641713.190 59058 9.386
1791641713.194 59063 5.863
1791641713.200 59066 7.363
1791641713.202 59068 6.351
1791641713.206 59071 5.805
1791641713.213 59076 4.676
1791641713.215 59074 9.711
1791641713.219 59079 5.839
1791641713.225 59084 4.628
1791641713.227 59082 9.665
1791641713.231 59087 5.800
1791641713.237 59092 4.456
1791641713.239 59090 9.489
1791641713.243 59095 6.036
1791641713.249 59098 7.807
1791641713.251 59100 6.806
1791641713.255 59103 5.893
1791641713.261 59106 7.368
1791641713.263 59108 6.381
1791641713.267 59111 5.840
1791641713.273 59114 7.240
1791641713.275 59116 6.217
1791641713.279 59119 5.731
1791641713.285 59122 7.564
1791641713.288 59124 6.540
1791641713.291 59127 5.795
1791641713.298 59130 7.640
1791641713.300 59132 6.655
1791641713.303 59135 5.808
1791641713.310 59138 7.374
1791641713.312 59140 6.365
1791641713.316 59143 5.960
1791641713.322 59146 7.622
1791641713.324 59148 6.625
1791641713.328 59151 6.076
1791641713.334 59156 4.324
1791641713.336 59154 9.349
1791641713.340 59159 5.891
1791641713.346 59164 4.303
1791641713.348 59162 9.324
1791641713.352 59167 6.007
1791641713.358 59172 4.348
1791641713.360 59170 9.390
1791641713.364 59175 5.923
1791641713.371 59180 4.628
1791641713.373 59178 9.659
1791641713.376 59183 5.950
1791641713.382 59188 4.349
1791641713.384 59186 9.402
1791641713.389 59191 6.597
1791641713.395 59194 7.451
1791641713.397 59196 6.470
1791641713.401 59199 6.058
1791641713.407 59204 4.551
1791641713.409 59202 9.573
1791641713.413 59207 6.187
1791641713.419 59210 7.666
1791641713.421 59212 6.660
1791641713.425 59215 5.932
1791641713.431 59218 7.415
1791641713.433 59220 6.390
1791641713.437 59223 5.891
1791641713.443 59228 4.384
1791641713.445 59226 9.419
1791641713.449 59231 5.895
1791641713.456 59236 4.627
1791641713.458 59234 9.664
1791641713.461 59239 5.773
1791641713.467 59244 4.351
1791641713.469 59242 9.351
1791641713.473 59247 5.821
1791641713.479 59252 4.313
1791641713.482 59250 9.356
1791641713.486 59255 6.270
1791641713.492 59258 7.380
1791641713.494 59260 6.366
1791641713.498 59263 6.012
1791641713.504 59266 7.418
1791641713.506 59268 6.394
1791641713.510 59271 5.978
1791641713.516 59274 7.335
1791641713.518 59276 6.316
1791641713.522 59279 5.796
1791641713.528 59284 4.580
1791641713.530 59282 9.611
1791641713.534 59287 6.003
1791641713.540 59290 7.331
1791641713.542 59292 6.335
1791641713.546 59295 5.804
1791641713.552 59300 4.350
1791641713.554 59298 9.371
1791641713.558 59303 5.819
1791641713.565 59306 7.492
1791641713.567 59308 6.502
1791641713.571 59311 5.854
1791641713.577 59314 7.344
1791641713.579 59316 6.319
1791641713.583 59319 5.840
1791641713.589 59322 7.405
1791641713.591 59324 6.382
1791641713.595 59327 5.881
1791641713.601 59330 7.384
1791641713.603 59332 6.393
1791641713.607 59335 5.940
1791641713.613 59338 7.442
1791641713.615 59340 6.353
1791641713.619 59343 5.806
1791641713.625 59346 7.501
1791641713.627 59348 6.482
1791641713.631 59351 5.744
1791641713.637 59354 7.304
1791641713.639 59356 6.280
1791641713.643 59359 5.903
1791641713.650 59364 4.452
1791641713.652 59362 9.485
1791641713.655 59367 5.790
1791641713.662 59370 7.335
1791641713.664 59372 6.307
1791641713.668 59375 5.808
1791641713.674 59380 4.338
1791641713.676 59378 9.374
1791641713.680 59383 5.812
1791641713.686 59388 4.315
1791641713.688 59386 9.351
1791641713.692 59391 5.801
1791641713.698 59394 7.223
1791641713.700 59396 6.194
1791641713.704 59399 5.794
1791641713.710 59404 4.311
1791641713.712 59402 9.319
1791641713.716 59407 5.789
1791641713.722 59412 4.478
1791641713.724 59410 9.520
1791641713.728 59415 5.818
1791641713.734 59418 7.358
1791641713.736 59420 6.346
1791641713.740 59423 5.756
1791641713.747 59428 4.293
1791641713.749 59426 9.330
1791641713.753 59431 5.791
1791641713.759 59434 7.337
1791641713.761 59436 6.316
1791641713.765 59439 5.806
1791641713.771 59444 4.342
1791641713.773 59442 9.382
1791641713.777 59447 5.803
1791641713.783 59450 7.360
1791641713.785 59452 6.334
1791641713.789 59455 5.811
1791641713.795 59460 4.364
1791641713.797 59458 9.404
1791641713.801 59463 6.147
1791641713.809 59466 8.987
1791641713.811 59468 7.962
1791641713.815 59471 7.359
1791641713.821 59476 5.815
1791641713.823 59474 10.678
1791641713.827 59479 7.346
1791641713.833 59482 8.778
1791641713.835 59484 7.940
1791641713.839 59487 7.353
1791641713.845 59492 5.811
1791641713.847 59490 10.628
1791641713.851 59495 7.330
1791641713.857 59500 5.806
1791641713.859 59498 10.655
1791641713.863 59503 7.368
1791641713.869 59506 8.710
1791641713.872 59508 7.885
1791641713.876 59511 7.367
1791641713.882 59514 8.981
1791641713.884 59516 8.141
1791641713.888 59519 7.470
1791641713.894 59522 8.714
1791641713.896 59524 7.889
1791641713.900 59527 7.314
1791641713.906 59530 8.694
1791641713.908 59532 7.851
1791641713.912 59535 7.328
1791641713.918 59540 5.838
1791641713.920 59538 10.694
1791641713.924 59543 7.338
1791641713.930 59548 6.007
1791641713.932 59546 10.858
1791641713.936 59551 7.392
1791641713.942 59556 5.868
1791641713.944 59554 10.725
1791641713.948 59559 7.360
1791641713.954 59562 8.679
1791641713.956 59564 7.855
1791641713.961 59567 7.369
1791641713.967 59572 5.872
1791641713.969 59570 10.719
1791641713.973 59575 7.457
1791641713.979 59580 6.009
1791641713.981 59578 10.769
1791641713.985 59583 7.411
1791641713.991 59586 8.641
1791641713.993 59588 7.812
1791641713.997 59591 7.683
1791641714.004 59596 6.909
1791641714.006 59594 11.296
1791641714.011 59602 4.391
1791641714.013 59599 10.762
1791641714.017 59604 7.727
1791641714.019 59607 5.211
1791641714.024 59610 5.309
1791641714.030 59615 4.540
1791641714.033 59612 10.937
1791641714.037 59620 3.293
1791641714.039 59618 8.333
1791641714.044 59623 5.773
1791641714.050 59626 7.302
1791641714.052 59628 6.284
1791641714.056 59631 6.065
1791641714.062 59636 4.626
1791641714.064 59634 9.655
1791641714.068 59639 5.786
1791641714.075 59644 4.764
1791641714.077 59642 9.779
1791641714.080 59647 5.917
1791641714.086 59652 4.297
1791641714.088 59650 9.340
1791641714.093 59655 6.060
1791641714.099 59658 7.619
1791641714.101 59660 6.612
1791641714.105 59663 6.057
1791641714.111 59668 4.638
1791641714.113 59666 9.661
1791641714.117 59671 5.717
1791641714.123 59674 7.647
1791641714.125 59676 6.628
1791641714.129 59679 5.779
1791641714.135 59682 7.641
1791641714.137 59684 6.626
1791641714.141 59687 6.041
1791641714.147 59690 7.652
1791641714.149 59692 6.642
1791641714.153 59695 5.895
1791641714.159 59698 7.314
1791641714.161 59700 6.296
1791641714.166 59703 6.058
1791641714.172 59708 4.549
1791641714.174 59706 9.576
1791641714.178 59711 6.035
1791641714.184 59714 7.648
1791641714.186 59716 6.636
1791641714.190 59719 5.755
1791641714.196 59722 7.310
1791641714.198 59724 6.295
1791641714.202 59727 5.851
1791641714.208 59732 4.596
1791641714.210 59730 9.593
1791641714.214 59735 5.782
1791641714.220 59740 4.298
1791641714.222 59738 9.337
1791641714.227 59743 7.060
1791641714.234 59748 6.175
1791641714.236 59746 11.251
1791641714.240 59751 7.335
1791641714.246 59754 8.946
1791641714.248 59756 8.172
1791641714.252 59759 7.360
1791641714.258 59762 8.695
1791641714.260 59764 7.876
1791641714.264 59767 7.386
1791641714.270 59772 6.182
1791641714.272 59770 11.016
1791641714.276 59775 7.296
1791641714.282 59780 6.169
1791641714.284 59778 11.032
1791641714.289 59783 7.664
1791641714.295 59786 8.750
1791641714.297 59788 8.219
1791641714.301 59791 7.659
1791641714.307 59794 8.777
1791641714.309 59796 8.220
1791641714.313 59799 7.687
1791641714.319 59802 8.717
1791641714.321 59804 8.190
1791641714.325 59807 7.680
1791641714.331 59812 5.866
1791641714.333 59810 10.388
1791641714.337 59815 7.695
1791641714.343 59818 8.664
1791641714.345 59820 8.104
1791641714.349 59823 7.620
1791641714.355 59826 8.679
1791641714.357 59828 8.138
1791641714.361 59831 7.736
1791641714.367 59834 8.547
1791641714.369 59836 8.127
1791641714.374 59839 7.684
1791641714.379 59842 8.623
1791641714.381 59844 8.066
1791641714.385 59847 7.336
1791641714.391 59852 5.817
1791641714.393 59850 10.638
1791641714.398 59855 7.536
1791641714.404 59860 6.195
1791641714.406 59858 10.869
1791641714.410 59863 7.346
1791641714.416 59866 9.029
1791641714.418 59868 8.165
1791641714.422 59871 7.355
1791641714.428 59874 9.010
1791641714.430 59876 8.242
1791641714.434 59879 7.526
1791641714.440 59884 6.249
1791641714.442 59882 10.880
1791641714.446 59887 7.395
1791641714.452 59890 8.719
1791641714.454 59892 7.952
1791641714.458 59895 7.286
1791641714.464 59898 8.713
1791641714.466 59900 7.558
1791641714.470 59903 7.412
1791641714.477 59908 6.197
1791641714.479 59906 11.028
1791641714.482 59911 7.295
1791641714.489 59916 6.149
1791641714.491 59914 10.959
1791641714.495 59919 7.941
1791641714.502 59924 7.177
1791641714.504 59922 11.575
1791641714.509 59930 4.715
1791641714.511 59927 11.226
1791641714.515 59935 3.192
1791641714.517 59932 9.737
1791641714.522 59938 5.649
1791641714.528 59940 9.161
1791641714.530 59943 6.558
1791641714.534 59946 6.189
1791641714.536 59948 5.168
1791641714.542 59951 5.996
1791641714.548 59954 7.636
1791641714.550 59956 6.628
1791641714.554 59959 5.856
1791641714.560 59962 7.608
1791641714.562 59964 6.610
1791641714.566 59967 5.957
1791641714.572 59970 7.695
1791641714.574 59972 6.681
1791641714.578 59975 6.000
1791641714.584 59980 4.576
1791641714.586 59978 9.600
1791641714.590 59983 6.109
1791641714.596 59986 7.525
1791641714.598 59988 6.519
1791641714.602 59991 5.946
1791641714.609 59994 7.765
1791641714.611 59996 6.754
1791641714.614 59999 5.884
1791641714.621 60004 4.390
1791641714.623 60002 9.378
1791641714.627 60007 5.850
1791641714.633 60012 4.347
1791641714.635 60010 9.390
1791641714.639 60015 5.904
1791641714.645 60020 4.385
1791641714.647 60018 9.431
1791641714.651 60023 5.743
1791641714.657 60028 4.522
1791641714.659 60026 9.553
1791641714.663 60031 5.958
1791641714.670 60036 4.832
1791641714.672 60034 9.867
1791641714.675 60039 5.804
1791641714.682 60044 4.649
1791641714.684 60042 9.684
1791641714.687 60047 5.851
1791641714.694 60052 4.528
1791641714.696 60050 9.520
1791641714.699 60055 5.832
1791641714.705 60058 7.266
1791641714.707 60060 6.278
1791641714.712 60063 5.901
1791641714.718 60068 4.487
1791641714.720 60066 9.528
1791641714.724 60071 5.980
1791641714.730 60074 7.465
1791641714.732 60076 6.406
1791641714.736 60079 5.822
1791641714.742 60082 7.729
1791641714.744 60084 6.716
1791641714.748 60087 5.829
1791641714.754 60090 7.504
1791641714.756 60092 6.478
1791641714.760 60095 5.823
1791641714.766 60098 7.337
1791641714.768 60100 6.346
1791641714.772 60103 5.833
1791641714.779 60106 7.620
1791641714.781 60108 6.634
1791641714.785 60111 6.233
1791641714.790 60114 7.335
1791641714.792 60116 6.326
1791641714.796 60119 5.814
1791641714.803 60124 4.467
1791641714.805 60122 9.497
1791641714.809 60127 5.845
1791641714.815 60132 4.404
1791641714.817 60130 9.443
1791641714.821 60135 5.836
1791641714.827 60140 4.332
1791641714.829 60138 9.363
1791641714.833 60143 5.793
1791641714.839 60148 4.513
1791641714.841 60146 9.548
1791641714.845 60151 5.862
1791641714.851 60156 4.371
1791641714.853 60154 9.415
1791641714.857 60159 5.710
1791641714.864 60162 7.634
1791641714.866 60164 6.619
1791641714.869 60167 5.814
1791641714.876 60172 4.544
1791641714.878 60170 9.579
1791641714.881 60175 5.838
1791641714.888 60178 7.691
1791641714.890 60180 6.635
1791641714.894 60183 5.908
1791641714.900 60188 4.300
1791641714.902 60186 9.349
1791641714.906 60191 5.859
1791641714.912 60194 7.301
1791641714.914 60196 6.286
1791641714.918 60199 5.873
1791641714.924 60204 4.344
1791641714.926 60202 9.387
1791641714.930 60207 5.930
1791641714.936 60212 4.676
1791641714.939 60210 9.809
1791641714.942 60215 5.889
1791641714.948 60220 4.329
1791641714.950 60218 9.443
1791641714.954 60223 5.883
1791641714.961 60228 4.452
1791641714.963 60226 9.453
1791641714.967 60231 6.048
1791641714.973 60236 4.319
1791641714.975 60234 9.352
1791641714.979 60239 5.998
1791641714.985 60242 7.705
1791641714.987 60244 6.694
1791641714.991 60247 5.874
1791641714.997 60252 4.689
1791641714.999 60250 9.703
1791641715.003 60255 5.887
1791641715.009 60260 4.568
1791641715.011 60258 9.606
1791641715.015 60263 5.802
1791641715.021 60266 7.722
1791641715.023 60268 6.706
1791641715.027 60271 5.759
1791641715.033 60274 7.404
1791641715.035 60276 6.384
1791641715.039 60279 5.973
1791641715.046 60284 4.484
1791641715.048 60282 9.511
1791641715.052 60287 6.103
1791641715.057 60290 7.288
1791641715.059 60292 6.271
1791641715.064 60295 5.909
1791641715.070 60298 7.679
1791641715.072 60300 6.635
1791641715.076 60303 5.832
1791641715.082 60308 4.975
1791641715.084 60306 10.011
1791641715.088 60311 5.971
1791641715.094 60314 7.534
1791641715.096 60316 6.477
1791641715.100 60319 5.868
1791641715.106 60324 4.565
1791641715.108 60322 9.599
1791641715.112 60327 5.772
1791641715.118 60330 7.570
1791641715.120 60332 6.547
1791641715.124 60335 5.804
1791641715.131 60338 7.594
1791641715.133 60340 6.573
1791641715.136 60343 5.822
1791641715.143 60346 7.754
1791641715.145 60348 6.751
1791641715.149 60351 5.903
1791641715.155 60354 7.422
1791641715.157 60356 6.398
1791641715.161 60359 5.987
1791641715.167 60364 4.410
1791641715.169 60362 9.449
1791641715.173 60367 5.840
1791641715.179 60372 4.387
1791641715.181 60370 9.429
1791641715.185 60375 5.983
1791641715.191 60378 7.353
1791641715.193 60380 6.303
1791641715.197 60383 6.017
1791641715.203 60388 4.521
1791641715.205 60386 9.592
1791641715.209 60391 5.956
1791641715.215 60394 7.405
1791641715.217 60396 6.382
1791641715.221 60399 5.859
1791641715.228 60402 7.455
1791641715.230 60404 6.430
1791641715.233 60407 5.817
1791641715.240 60412 4.277
1791641715.242 60410 9.273
1791641715.246 60415 6.121
1791641715.252 60420 4.363
1791641715.254 60418 9.394
1791641715.258 60423 5.846
1791641715.264 60428 4.407
1791641715.266 60426 9.438
1791641715.270 60431 6.087
1791641715.276 60436 4.820
1791641715.278 60434 9.836
1791641715.282 60439 5.838
1791641715.288 60442 7.651
1791641715.290 60444 6.669
1791641715.294 60447 5.845
1791641715.301 60450 7.669
1791641715.303 60452 6.645
1791641715.306 60455 5.761
1791641715.313 60458 7.703
1791641715.315 60460 6.685
1791641715.318 60463 5.776
1791641715.325 60466 7.672
1791641715.327 60468 6.673
1791641715.331 60471 5.881
1791641715.337 60476 4.675
1791641715.339 60474 9.702
1791641715.343 60479 6.041
1791641715.349 60482 7.518
1791641715.351 60484 6.517
1791641715.355 60487 6.081
1791641715.361 60490 7.527
1791641715.363 60492 6.482
1791641715.367 60495 5.884
1791641715.373 60498 7.377
1791641715.375 60500 6.370
1791641715.379 60503 5.814
1791641715.385 60508 4.361
1791641715.387 60506 9.407
1791641715.392 60511 6.065
1791641715.397 60516 4.310
1791641715.399 60514 9.347
1791641715.403 60519 5.716
1791641715.410 60524 4.356
1791641715.412 60522 9.396
1791641715.416 60527 5.807
1791641715.422 60532 4.332
1791641715.424 60530 9.367
1791641715.428 60535 5.812
1791641715.434 60538 7.499
1791641715.436 60540 6.473
1791641715.440 60543 5.802
1791641715.446 60546 7.364
1791641715.448 60548 6.341
1791641715.452 60551 5.785
1791641715.458 60554 7.317
1791641715.460 60556 6.291
1791641715.464 60559 5.793
1791641715.470 60562 7.378
1791641715.472 60564 6.350
1791641715.476 60567 5.808
1791641715.482 60572 4.325
1791641715.484 60570 9.367
1791641715.488 60575 5.761
1791641715.494 60580 4.291
1791641715.496 60578 9.331
1791641715.500 60583 5.782
1791641715.507 60586 7.659
1791641715.509 60588 6.655
1791641715.513 60591 6.238
1791641715.519 60596 4.609
1791641715.521 60594 9.626
1791641715.525 60599 5.755
1791641715.531 60602 7.321
1791641715.533 60604 6.303
1791641715.537 60607 5.794
1791641715.543 60610 7.310
1791641715.545 60612 6.289
1791641715.549 60615 6.075
1791641715.555 60618 7.287
1791641715.557 60620 6.277
1791641715.561 60623 6.010
1791641715.568 60626 7.577
1791641715.570 60628 6.568
1791641715.574 60631 6.031
1791641715.580 60636 4.606
1791641715.582 60634 9.629
1791641715.586 60639 6.324
1791641715.592 60644 4.696
1791641715.594 60642 9.759
1791641715.599 60647 7.353
1791641715.605 60652 5.888
1791641715.607 60650 10.764
1791641715.611 60655 7.348
1791641715.617 60660 5.887
1791641715.619 60658 10.742
1791641715.623 60663 7.351
1791641715.630 60668 5.850
1791641715.632 60666 10.686
1791641715.636 60671 7.349
1791641715.642 60674 8.712
1791641715.644 60676 7.911
1791641715.648 60679 7.423
1791641715.654 60682 8.734
1791641715.656 60684 7.938
1791641715.660 60687 7.341
1791641715.666 60690 8.752
1791641715.668 60692 7.897
1791641715.672 60695 7.371
1791641715.678 60700 5.866
1791641715.680 60698 10.715
1791641715.684 60703 7.386
1791641715.690 60708 5.854
1791641715.692 60706 10.712
1791641715.696 60711 7.209
1791641715.702 60716 5.905
1791641715.704 60714 10.758
1791641715.708 60719 7.312
1791641715.714 60724 5.833
1791641715.716 60722 10.666
1791641715.721 60727 7.557
1791641715.727 60730 9.338
1791641715.729 60732 8.598
1791641715.733 60735 7.646
1791641715.739 60740 5.859
1791641715.741 60738 10.391
1791641715.745 60743 7.583
1791641715.751 60748 5.854
1791641715.753 60746 10.420
1791641715.757 60751 7.593
1791641715.763 60754 8.759
1791641715.765 60756 8.167
1791641715.769 60759 7.284
1791641715.775 60762 8.945
1791641715.777 60764 8.129
1791641715.782 60767 7.613
1791641715.788 60772 6.032
1791641715.790 60770 10.578
1791641715.794 60775 7.545
1791641715.800 60780 6.186
1791641715.802 60778 10.749
1791641715.806 60783 7.699
1791641715.812 60788 5.895
1791641715.814 60786 10.402
1791641715.818 60791 7.328
1791641715.824 60794 8.700
1791641715.826 60796 7.885
1791641715.830 60799 7.376
1791641715.836 60804 5.859
1791641715.838 60802 10.723
1791641715.842 60807 7.731
1791641715.848 60810 8.466
1791641715.850 60812 7.935
1791641715.854 60815 7.540
1791641715.860 60820 5.815
1791641715.862 60818 10.501
1791641715.866 60823 7.413
1791641715.872 60828 5.990
1791641715.874 60826 10.857
1791641715.878 60831 7.344
1791641715.884 60834 8.630
1791641715.886 60836 7.816
1791641715.890 60839 7.347
1791641715.897 60842 8.648
1791641715.899 60844 7.832
1791641715.903 60847 7.401
1791641715.909 60852 6.024
1791641715.911 60850 10.826
1791641715.915 60855 7.495
1791641715.921 60858 8.959
1791641715.923 60860 8.139
1791641715.927 60863 7.453
1791641715.933 60866 8.733
1791641715.935 60868 7.968
1791641715.939 60871 7.399
1791641715.945 60876 5.855
1791641715.947 60874 10.681
1791641715.951 60879 7.353
1791641715.957 60882 8.744
1791641715.959 60884 7.901
1791641715.963 60887 7.349
1791641715.969 60892 5.908
1791641715.971 60890 10.761
1791641715.976 60895 7.551
1791641715.982 60900 5.977
1791641715.984 60898 10.756
1791641715.988 60903 7.518
1791641715.994 60908 6.528
1791641715.996 60906 11.198
1791641716.000 60911 7.471
1791641716.006 60916 5.845
1791641716.008 60914 10.640
1791641716.012 60919 7.652
1791641716.018 60924 5.882
1791641716.020 60922 10.437
1791641716.024 60927 7.580
1791641716.030 60932 6.230
1791641716.032 60930 10.837
1791641716.036 60935 7.608
1791641716.043 60940 6.142
1791641716.045 60938 10.641
1791641716.048 60943 7.388
1791641716.055 60946 9.206
1791641716.057 60948 8.371
1791641716.061 60954 3.336
1791641716.063 60951 9.879
1791641716.067 60956 6.824
1791641716.074 60962 4.626
1791641716.076 60959 11.025
1791641716.081 60964 7.795
1791641716.083 60967 5.253
1791641716.087 60970 5.339
1791641716.094 60975 4.343
1791641716.096 60972 10.673
1791641716.100 60978 6.232
1791641716.102 60980 5.206
1791641716.108 60983 6.045
1791641716.114 60988 4.650
1791641716.116 60986 9.673
1791641716.120 60991 6.506
1791641716.126 60994 7.476
1791641716.128 60996 6.483
1791641716.132 60999 5.870
1791641716.138 61004 4.427
1791641716.140 61002 9.468
1791641716.144 61007 5.895
1791641716.150 61010 7.384
1791641716.152 61012 6.364
1791641716.156 61015 5.847
1791641716.162 61020 4.562
1791641716.164 61018 9.559
1791641716.168 61023 5.826
1791641716.174 61028 4.333
1791641716.176 61026 9.373
1791641716.180 61031 5.766
1791641716.187 61036 4.608
1791641716.189 61034 9.645
1791641716.192 61039 5.756
1791641716.199 61044 4.622
1791641716.201 61042 9.659
1791641716.205 61047 6.045
1791641716.211 61050 7.644
1791641716.213 61052 6.642
1791641716.217 61055 5.962
1791641716.223 61058 7.327
1791641716.225 61060 6.347
1791641716.229 61063 5.970
1791641716.235 61068 4.310
1791641716.237 61066 9.334
1791641716.241 61071 5.909
1791641716.247 61074 7.266
1791641716.249 61076 6.285
1791641716.253 61079 5.931
1791641716.259 61084 4.376
1791641716.261 61082 9.421
1791641716.265 61087 5.859
1791641716.271 61092 4.388
1791641716.273 61090 9.421
1791641716.277 61095 5.840
1791641716.284 61098 7.457
1791641716.286 61100 6.435
1791641716.289 61103 5.759
1791641716.296 61106 7.639
1791641716.298 61108 6.625
1791641716.302 61111 5.774
1791641716.308 61116 4.645
1791641716.310 61114 9.683
1791641716.314 61119 5.917
1791641716.320 61124 4.542
1791641716.322 61122 9.586
1791641716.326 61127 5.925
1791641716.332 61132 4.356
1791641716.334 61130 9.357
1791641716.338 61135 5.847
1791641716.345 61140 4.720
1791641716.347 61138 9.710
1791641716.350 61143 5.816
1791641716.356 61146 7.392
1791641716.358 61148 6.406
1791641716.363 61151 6.033
1791641716.368 61156 4.282
1791641716.370 61154 9.311
1791641716.375 61159 5.844
1791641716.381 61164 4.387
1791641716.383 61162 9.416
1791641716.387 61167 5.847
1791641716.393 61170 7.741
1791641716.395 61172 6.721
1791641716.399 61175 5.828
1791641716.405 61178 7.634
1791641716.407 61180 6.619
1791641716.411 61183 6.164
1791641716.417 61188 4.603
1791641716.419 61186 9.652
1791641716.423 61191 5.962
1791641716.429 61196 4.360
1791641716.431 61194 9.473
1791641716.436 61199 6.180
1791641716.442 61202 7.769
1791641716.444 61204 6.747
1791641716.449 61207 7.338
1791641716.455 61210 8.907
1791641716.457 61212 8.066
1791641716.461 61215 7.109
1791641716.467 61218 8.688
1791641716.469 61220 7.869
1791641716.473 61223 7.432
1791641716.479 61228 5.986
1791641716.481 61226 10.789
1791641716.485 61231 7.345
1791641716.491 61234 8.699
1791641716.493 61236 7.920
1791641716.497 61239 7.376
1791641716.504 61244 6.041
1791641716.506 61242 10.861
1791641716.510 61247 7.599
1791641716.516 61252 6.023
1791641716.518 61250 10.573
1791641716.522 61255 7.403
1791641716.528 61258 8.760
1791641716.530 61260 7.949
1791641716.534 61263 7.433
1791641716.540 61268 5.853
1791641716.542 61266 10.594
1791641716.546 61271 7.337
1791641716.552 61276 6.079
1791641716.554 61274 10.928
1791641716.558 61279 7.272
1791641716.564 61284 6.123
1791641716.566 61282 10.954
1791641716.570 61287 7.482
1791641716.577 61290 8.743
1791641716.579 61292 8.101
1791641716.582 61295 7.348
1791641716.589 61300 6.189
1791641716.591 61298 10.930
1791641716.595 61303 7.365
1791641716.601 61308 6.006
1791641716.603 61306 10.800
1791641716.607 61311 7.367
1791641716.613 61316 6.143
1791641716.615 61314 10.931
1791641716.619 61319 7.516
1791641716.625 61322 8.775
1791641716.627 61324 8.133
1791641716.631 61327 7.506
1791641716.637 61332 6.318
1791641716.639 61330 10.975
1791641716.644 61338 3.278
1791641716.646 61335 9.848
1791641716.650 61340 7.111
1791641716.657 61343 8.886
1791641716.659 61346 6.408
1791641716.663 61348 7.760
1791641716.665 61351 5.260
1791641716.670 61354 5.453
1791641716.677 61359 4.570
1791641716.679 61356 10.960
1791641716.683 61364 3.242
1791641716.685 61362 8.283
1791641716.690 61367 6.031
1791641716.696 61370 7.386
1791641716.698 61372 6.401
1791641716.702 61375 5.921
1791641716.708 61380 4.238
1791641716.710 61378 9.247
1791641716.714 61383 5.852
1791641716.720 61388 4.316
1791641716.722 61386 9.355
1791641716.727 61391 5.827
1791641716.733 61394 7.328
1791641716.735 61396 6.304
1791641716.739 61399 5.694
1791641716.745 61404 4.276
1791641716.747 61402 9.311
1791641716.751 61407 5.828
1791641716.757 61410 7.736
1791641716.759 61412 6.670
1791641716.763 61415 5.787
1791641716.769 61420 4.659
1791641716.771 61418 9.689
1791641716.775 61423 5.824
1791641716.781 61426 7.420
1791641716.783 61428 6.396
1791641716.787 61431 5.980
1791641716.793 61434 7.472
1791641716.795 61436 6.378
1791641716.799 61439 5.905
1791641716.806 61444 4.464
1791641716.808 61442 9.505
1791641716.811 61447 5.816
1791641716.818 61450 7.324
1791641716.820 61452 6.315
1791641716.824 61455 5.791
1791641716.830 61460 4.684
1791641716.832 61458 9.717
1791641716.836 61463 5.867
1791641716.842 61468 4.621
1791641716.844 61466 9.616
1791641716.848 61471 5.815
1791641716.854 61474 7.369
1791641716.856 61476 6.356
1791641716.860 61479 5.957
1791641716.866 61482 7.580
1791641716.868 61484 6.543
1791641716.872 61487 5.894
1791641716.878 61492 4.280
1791641716.880 61490 9.322
1791641716.884 61495 5.828
1791641716.890 61498 7.323
1791641716.892 61500 6.300
1791641716.896 61503 5.809
1791641716.903 61508 4.691
1791641716.905 61506 9.726
1791641716.909 61511 5.805
1791641716.915 61514 7.688
1791641716.917 61516 6.669
1791641716.921 61519 5.936
1791641716.927 61522 7.390
1791641716.929 61524 6.372
1791641716.933 61527 5.766
1791641716.939 61532 4.331
1791641716.941 61530 9.334
1791641716.945 61535 6.160
1791641716.951 61538 7.346
1791641716.953 61540 6.348
1791641716.957 61543 5.787
1791641716.964 61548 4.656
1791641716.966 61546 9.692
1791641716.969 61551 5.842
1791641716.975 61554 7.427
1791641716.977 61556 6.402
1791641716.981 61559 5.852
1791641716.988 61564 4.503
1791641716.990 61562 9.537
1791641716.994 61567 5.842
1791641717.000 61572 4.324
1791641717.002 61570 9.366
1791641717.006 61575 5.829
1791641717.012 61578 7.410
1791641717.014 61580 6.406
1791641717.018 61583 5.890
1791641717.024 61588 4.498
1791641717.026 61586 9.607
1791641717.030 61591 5.804
1791641717.036 61594 7.356
1791641717.038 61596 6.345
1791641717.042 61599 4.567
1791641717.048 61602 7.612
1791641717.050 61604 6.620
1791641717.055 61607 6.144
1791641717.060 61610 7.281
1791641717.062 61612 6.266
1791641717.066 61615 5.904
1791641717.073 61618 7.496
1791641717.075 61620 6.467
1791641717.079 61623 6.067
1791641717.085 61628 4.310
1791641717.087 61626 9.362
1791641717.091 61631 5.931
1791641717.097 61634 7.365
1791641717.099 61636 6.345
1791641717.103 61639 6.019
1791641717.109 61642 7.417
1791641717.111 61644 6.386
1791641717.115 61647 5.802
1791641717.121 61650 7.671
1791641717.123 61652 6.645
1791641717.127 61655 5.794
1791641717.133 61660 4.586
1791641717.135 61658 9.621
1791641717.139 61663 5.831
1791641717.145 61666 7.342
1791641717.147 61668 6.320
1791641717.151 61671 5.871
1791641717.157 61676 4.374
1791641717.159 61674 9.421
1791641717.164 61679 6.059
1791641717.170 61682 7.362
1791641717.172 61684 6.357
1791641717.176 61687 5.884
1791641717.182 61692 4.448
1791641717.184 61690 9.487
1791641717.188 61695 5.828
1791641717.194 61698 7.447
1791641717.196 61700 6.426
1791641717.200 61703 5.769
1791641717.206 61708 4.367
1791641717.208 61706 9.409
1791641717.212 61711 5.852
1791641717.218 61714 7.668
1791641717.220 61716 6.669
1791641717.224 61719 5.797
1791641717.230 61722 7.339
1791641717.232 61724 6.320
1791641717.236 61727 5.845
1791641717.242 61732 4.329
1791641717.244 61730 9.370
1791641717.248 61735 5.789
1791641717.255 61740 4.547
1791641717.257 61738 9.583
1791641717.261 61743 6.007
1791641717.267 61748 4.251
1791641717.269 61746 9.281
1791641717.273 61751 6.016
1791641717.279 61754 7.387
1791641717.281 61756 6.375
1791641717.285 61759 5.898
1791641717.291 61762 7.664
1791641717.293 61764 6.647
1791641717.297 61767 5.767
1791641717.303 61772 4.677
1791641717.305 61770 9.665
1791641717.309 61775 5.802
1791641717.315 61780 4.315
1791641717.317 61778 9.354
1791641717.321 61783 5.843
1791641717.328 61786 7.662
1791641717.330 61788 6.689
1791641717.333 61791 5.779
1791641717.340 61796 5.127
1791641717.342 61794 10.162
1791641717.347 61799 7.544
1791641717.353 61802 8.715
1791641717.355 61804 8.105
1791641717.359 61807 7.549
1791641717.366 61812 6.189
1791641717.368 61810 10.833
1791641717.371 61815 7.415
1791641717.378 61818 8.742
1791641717.380 61820 7.989
1791641717.384 61823 7.450
1791641717.390 61828 6.447
1791641717.392 61826 11.343
1791641717.396 61831 7.504
1791641717.402 61836 6.062
1791641717.404 61834 10.672
1791641717.408 61839 7.696
1791641717.414 61844 5.829
1791641717.416 61842 10.396
1791641717.420 61847 7.593
1791641717.426 61852 6.156
1791641717.428 61850 10.756
1791641717.432 61855 7.313
1791641717.438 61860 6.109
1791641717.440 61858 10.960
1791641717.444 61863 7.519
1791641717.450 61868 5.924
1791641717.452 61866 10.507
1791641717.456 61871 7.368
1791641717.463 61876 6.181
1791641717.465 61874 11.033
1791641717.469 61879 7.455
1791641717.475 61882 8.978
1791641717.477 61884 8.148
1791641717.481 61887 7.456
1791641717.487 61890 8.585
1791641717.489 61892 7.961
1791641717.493 61895 7.348
1791641717.499 61900 5.866
1791641717.501 61898 10.677
1791641717.505 61903 7.528
1791641717.511 61908 5.911
1791641717.513 61906 10.567
1791641717.517 61911 7.422
1791641717.523 61914 8.738
1791641717.525 61916 7.951
1791641717.529 61919 7.498
1791641717.536 61924 6.241
1791641717.538 61922 10.949
1791641717.541 61927 7.481
1791641717.547 61930 8.678
1791641717.550 61932 7.973
1791641717.553 61935 7.322
1791641717.560 61938 8.880
1791641717.562 61940 8.106
1791641717.566 61943 7.316
1791641717.572 61946 8.585
1791641717.574 61948 7.821
1791641717.578 61951 7.483
1791641717.584 61956 5.859
1791641717.586 61954 10.609
1791641717.590 61959 7.438
1791641717.596 61962 8.704
1791641717.598 61964 7.973
1791641717.602 61967 7.518
1791641717.608 61970 8.698
1791641717.610 61972 8.120
1791641717.614 61975 7.618
1791641717.621 61980 6.143
1791641717.623 61978 10.725
1791641717.626 61983 7.392
1791641717.633 61988 6.165
1791641717.635 61986 10.966
1791641717.638 61991 7.328
1791641717.645 61994 8.618
1791641717.647 61996 7.865
1791641717.651 61999 7.384
1791641717.657 62004 5.884
1791641717.659 62002 10.697
1791641717.663 62007 7.435
1791641717.669 62012 6.260
1791641717.671 62010 11.015
1791641717.675 62015 7.365
1791641717.681 62020 6.238
1791641717.683 62018 11.048
1791641717.687 62023 7.387
1791641717.694 62028 6.370
1791641717.696 62026 11.215
1791641717.699 62031 7.586
1791641717.705 62034 8.673
1791641717.707 62036 7.972
1791641717.711 62039 7.609
1791641717.717 62044 5.864
1791641717.719 62042 10.488
1791641717.723 62047 7.358
1791641717.730 62052 6.260
1791641717.732 62050 11.030
1791641717.736 62055 7.581
1791641717.742 62058 8.752
1791641717.744 62060 8.192
1791641717.748 62063 7.554
1791641717.754 62068 6.152
1791641717.756 62066 10.790
1791641717.760 62071 7.441
1791641717.766 62076 6.088
1791641717.768 62074 10.873
1791641717.772 62079 7.452
1791641717.778 62082 8.781
1791641717.780 62084 8.070
1791641717.784 62087 7.462
1791641717.790 62090 8.796
1791641717.792 62092 8.089
1791641717.796 62095 7.495
1791641717.803 62100 6.302
1791641717.805 62098 10.961
1791641717.808 62103 7.354
1791641717.814 62106 8.654
1791641717.816 62108 7.888
1791641717.821 62111 7.375
1791641717.827 62116 6.090
1791641717.829 62114 10.858
1791641717.833 62119 7.449
1791641717.839 62124 5.913
1791641717.841 62122 10.715
1791641717.845 62127 7.435
1791641717.851 62130 8.625
1791641717.853 62132 7.897
1791641717.857 62135 7.408
1791641717.863 62140 5.881
1791641717.865 62138 10.628
1791641717.869 62143 7.616
1791641717.875 62148 6.151
1791641717.877 62146 10.815
1791641717.881 62151 7.531
1791641717.888 62154 8.727
1791641717.890 62156 8.103
1791641717.894 62159 7.548
1791641717.900 62164 6.137
1791641717.902 62162 10.813
1791641717.906 62167 7.411
1791641717.912 62170 8.790
1791641717.914 62172 8.168
1791641717.918 62175 7.340
1791641717.924 62178 8.913
1791641717.926 62180 8.137
1791641717.930 62183 7.267
1791641717.936 62188 6.146
1791641717.938 62186 10.959
1791641717.942 62191 7.431
1791641717.948 62194 8.889
1791641717.950 62196 8.147
1791641717.954 62199 7.440
1791641717.960 62202 8.538
1791641717.962 62204 7.844
1791641717.966 62207 7.429
1791641717.972 62212 5.943
1791641717.974 62210 10.824
1791641717.978 62215 7.335
1791641717.984 62218 8.653
1791641717.986 62220 7.817
1791641717.990 62223 7.359
1791641717.997 62226 8.956
1791641717.999 62228 8.175
1791641718.003 62231 7.428
1791641718.109 62234 109.123
1791641718.111 62236 108.477
1791641718.115 62239 107.265
1791641718.117 62247 97.163
1791641718.119 62255 87.019
1791641718.121 62263 76.896
1791641718.123 62271 66.758
1791641718.125 62279 56.632
1791641718.127 62287 46.492
1791641718.129 62295 36.337
1791641718.131 62303 26.203
1791641718.133 62244 117.743
1791641718.135 62252 107.614
1791641718.137 62260 97.478
1791641718.139 62268 87.345
1791641718.141 62276 77.210
1791641718.143 62284 67.079
1791641718.145 62292 56.944
1791641718.147 62300 46.826
1791641718.149 62242 136.702
1791641718.151 62250 126.559
1791641718.153 62258 116.318
1791641718.155 62266 106.193
1791641718.157 62274 96.059
1791641718.159 62282 85.995
1791641718.161 62290 75.746
1791641718.163 62298 65.659
1791641718.166 62308 53.514
1791641718.168 62316 43.396
1791641718.170 62324 33.265
1791641718.172 62332 23.137
1791641718.174 62306 64.335
1791641718.176 62314 54.250
1791641718.178 62322 44.125
1791641718.180 62330 33.983
1791641718.182 62311 65.029
1791641718.184 62319 54.892
1791641718.186 62327 44.765
1791641718.188 62335 34.631
1791641718.191 62340 29.982
1791641718.193 62348 19.846
1791641718.195 62343 29.439
1791641718.197 62351 19.308
1791641718.199 62338 40.797
1791641718.201 62346 30.443
1791641718.204 62359 14.090
1791641718.206 62354 23.223
1791641718.208 62362 13.163
1791641718.210 62356 24.674
1791641718.212 62364 14.545
1791641718.214 62367 12.760
1791641718.216 62370 10.232
1791641718.219 62372 9.897
1791641718.223 62375 8.932
1791641718.225 62378 6.448
1791641718.229 62383 3.392
1791641718.231 62380 9.952
1791641718.236 62386 5.350
1791641718.242 62388 8.760
1791641718.244 62391 6.378
1791641718.249 62394 6.322
1791641718.251 62396 5.294
1791641718.256 62399 5.810
1791641718.262 62402 7.611
1791641718.264 62404 6.593
1791641718.268 62407 5.975
1791641718.274 62410 7.555
1791641718.276 62412 6.587
1791641718.280 62415 6.104
1791641718.287 62420 4.579
1791641718.289 62418 9.607
1791641718.293 62423 6.100
1791641718.299 62426 7.657
1791641718.301 62428 6.649
1791641718.305 62431 6.089
1791641718.311 62434 7.647
1791641718.313 62436 6.636
1791641718.317 62439 5.820
1791641718.323 62442 7.621
1791641718.325 62444 6.652
1791641718.329 62447 6.063
1791641718.335 62452 4.406
1791641718.337 62450 9.430
1791641718.341 62455 6.075
1791641718.347 62460 4.477
1791641718.349 62458 9.504
1791641718.353 62463 6.134
1791641718.359 62468 4.608
1791641718.361 62466 9.632
1791641718.365 62471 5.781
1791641718.372 62474 7.643
1791641718.374 62476 6.626
1791641718.377 62479 5.973
1791641718.384 62484 4.611
1791641718.386 62482 9.641
1791641718.390 62487 5.926
1791641718.396 62492 4.344
1791641718.398 62490 9.388
1791641718.402 62495 6.117
1791641718.408 62498 7.508
1791641718.410 62500 6.496
1791641718.414 62503 5.960
1791641718.420 62508 4.302
1791641718.422 62506 9.345
1791641718.426 62511 5.947
1791641718.432 62516 4.342
1791641718.434 62514 9.397
1791641718.438 62519 5.791
1791641718.444 62522 7.291
1791641718.446 62524 6.314
1791641718.450 62527 5.811
1791641718.456 62532 4.327
1791641718.458 62530 9.369
1791641718.462 62535 5.773
1791641718.468 62540 4.340
1791641718.470 62538 9.382
1791641718.475 62543 6.073
1791641718.481 62548 4.642
1791641718.483 62546 9.678
1791641718.487 62551 5.792
1791641718.493 62556 4.347
1791641718.495 62554 9.394
1791641718.499 62559 5.792
1791641718.505 62562 7.613
1791641718.507 62564 6.589
1791641718.511 62567 6.101
1791641718.517 62572 4.610
1791641718.519 62570 9.630
1791641718.523 62575 5.760
1791641718.529 62578 7.701
1791641718.531 62580 6.688
1791641718.535 62583 5.745
1791641718.542 62586 7.716
1791641718.544 62588 6.665
1791641718.547 62591 5.824
1791641718.554 62596 5.135
1791641718.556 62594 10.223
1791641718.560 62599 5.938
1791641718.565 62602 7.365
1791641718.568 62604 6.348
1791641718.572 62607 6.083
1791641718.578 62612 4.260
1791641718.580 62610 9.291
1791641718.584 62615 6.235
1791641718.590 62618 7.849
1791641718.592 62620 6.834
1791641718.597 62623 7.325
1791641718.604 62626 8.897
1791641718.606 62628 8.113
1791641718.610 62631 7.387
1791641718.616 62636 5.870
1791641718.618 62634 10.692
1791641718.622 62639 7.457
1791641718.628 62644 5.824
1791641718.630 62642 10.652
1791641718.634 62647 7.643
1791641718.640 62650 8.575
1791641718.642 62652 8.033
1791641718.646 62655 7.381
1791641718.652 62658 8.912
1791641718.654 62660 8.007
1791641718.658 62663 7.352
1791641718.664 62666 8.664
1791641718.666 62668 7.862
1791641718.670 62671 7.311
1791641718.676 62674 8.749
1791641718.678 62676 7.880
1791641718.682 62679 7.232
1791641718.688 62684 5.740
1791641718.690 62682 10.616
1791641718.694 62687 7.365
1791641718.701 62690 8.709
1791641718.703 62692 7.897
1791641718.707 62695 7.314
1791641718.713 62700 6.010
1791641718.715 62698 10.764
1791641718.719 62703 7.348
1791641718.725 62708 6.016
1791641718.727 62706 10.706
1791641718.731 62711 7.267
1791641718.737 62714 9.026
1791641718.739 62716 8.231
1791641718.743 62719 7.372
1791641718.749 62724 5.895
1791641718.751 62722 10.764
1791641718.755 62727 7.611
1791641718.761 62732 6.095
1791641718.763 62730 10.660
1791641718.768 62735 7.596
1791641718.773 62738 8.376
1791641718.775 62740 7.831
1791641718.780 62743 7.586
1791641718.786 62746 8.658
1791641718.788 62748 7.997
1791641718.792 62751 7.338
1791641718.798 62756 5.845
1791641718.800 62754 10.680
1791641718.804 62759 7.422
1791641718.810 62764 5.976
1791641718.812 62762 10.789
1791641718.816 62767 7.384
1791641718.822 62772 5.910
1791641718.824 62770 10.757
1791641718.828 62775 7.398
1791641718.834 62780 6.088
1791641718.836 62778 10.943
1791641718.840 62783 7.403
1791641718.846 62788 5.944
1791641718.848 62786 10.816
1791641718.852 62791 7.549
1791641718.858 62796 5.839
1791641718.860 62794 10.445
1791641718.864 62799 7.345
1791641718.871 62804 5.893
1791641718.873 62802 10.723
1791641718.877 62807 7.356
1791641718.883 62812 5.797
1791641718.885 62810 10.697
1791641718.889 62815 7.363
1791641718.895 62818 8.796
1791641718.897 62820 7.978
1791641718.901 62823 7.356
1791641718.907 62828 5.863
1791641718.909 62826 10.720
1791641718.913 62831 7.608
1791641718.919 62836 6.258
1791641718.921 62834 10.865
1791641718.925 62839 7.665
1791641718.931 62844 6.119
1791641718.933 62842 10.630
1791641718.938 62847 7.636
1791641718.943 62852 5.819
1791641718.945 62850 10.346
1791641718.949 62855 7.306
1791641718.956 62860 6.064
1791641718.958 62858 10.967
1791641718.962 62863 7.621
1791641718.968 62868 6.131
1791641718.970 62866 10.723
1791641718.974 62871 7.614
1791641718.980 62874 8.753
1791641718.982 62876 8.177
1791641718.986 62879 7.352
1791641718.992 62882 8.737
1791641718.994 62884 7.906
1791641718.998 62887 7.341
1791641719.004 62890 8.720
1791641719.006 62892 7.885
1791641719.010 62895 7.373
1791641719.016 62900 5.840
1791641719.018 62898 10.695
1791641719.022 62903 7.360
1791641719.028 62906 8.690
1791641719.030 62908 7.849
1791641719.034 62911 7.309
1791641719.040 62914 8.735
1791641719.042 62916 7.890
1791641719.046 62919 7.365
1791641719.053 62922 8.972
1791641719.055 62924 8.169
1791641719.059 62927 7.277
1791641719.065 62930 8.645
1791641719.067 62932 7.841
1791641719.071 62935 7.598
1791641719.077 62938 8.548
1791641719.079 62940 8.005
1791641719.083 62943 7.373
1791641719.089 62948 5.889
1791641719.091 62946 10.739
1791641719.095 62951 7.343
1791641719.101 62956 5.927
1791641719.103 62954 10.789
1791641719.107 62959 7.389
1791641719.113 62964 5.899
1791641719.115 62962 10.765
1791641719.119 62967 7.313
1791641719.125 62972 5.808
1791641719.127 62970 10.674
1791641719.131 62975 7.351
1791641719.137 62980 5.807
1791641719.139 62978 10.656
1791641719.144 62983 7.374
1791641719.150 62988 5.767
1791641719.152 62986 10.652
1791641719.156 62991 7.602
1791641719.162 62996 5.983
1791641719.164 62994 10.537
1791641719.168 62999 7.348
1791641719.174 63002 8.712
1791641719.176 63004 7.864
1791641719.180 63007 7.524
1791641719.186 63012 5.975
1791641719.188 63010 10.648
1791641719.192 63015 7.277
1791641719.198 63020 5.856
1791641719.200 63018 10.756
1791641719.204 63023 7.374
1791641719.210 63026 8.648
1791641719.212 63028 7.846
1791641719.217 63031 7.549
1791641719.223 63034 8.522
1791641719.225 63036 7.981
1791641719.229 63039 7.415
1791641719.235 63044 6.025
1791641719.237 63042 10.728
1791641719.241 63047 7.417
1791641719.247 63050 8.862
1791641719.249 63052 8.048
1791641719.253 63055 7.630
1791641719.259 63060 6.145
1791641719.261 63058 10.746
1791641719.265 63063 7.629
1791641719.271 63066 8.391
1791641719.273 63068 7.843
1791641719.277 63071 7.685
1791641719.283 63076 6.107
1791641719.285 63074 10.627
1791641719.289 63079 7.569
1791641719.296 63082 8.662
1791641719.298 63084 8.120
1791641719.302 63087 7.589
1791641719.308 63092 6.189
1791641719.310 63090 10.770
1791641719.314 63095 7.809
1791641719.321 63100 6.919
1791641719.323 63098 11.296
1791641719.328 63106 4.829
1791641719.330 63103 10.939
1791641719.334 63111 3.261
1791641719.336 63108 9.804
1791641719.341 63114 5.582
1791641719.347 63119 4.599
1791641719.349 63116 11.083
1791641719.354 63122 6.621
1791641719.356 63124 5.599
1791641719.360 63127 5.781
1791641719.367 63130 7.625
1791641719.369 63132 6.654
1791641719.373 63135 5.781
1791641719.379 63140 4.652
1791641719.381 63138 9.656
1791641719.385 63143 6.140
1791641719.391 63146 7.782
1791641719.393 63148 6.774
1791641719.397 63151 6.240
1791641719.403 63154 7.636
1791641719.405 63156 6.635
1791641719.409 63159 5.770
1791641719.416 63162 7.778
1791641719.418 63164 6.771
1791641719.421 63167 5.808
1791641719.427 63172 4.468
1791641719.429 63170 9.499
1791641719.433 63175 5.855
1791641719.439 63180 4.243
1791641719.441 63178 9.283
1791641719.446 63183 5.829
1791641719.452 63188 4.311
1791641719.454 63186 9.352
1791641719.458 63191 5.716
1791641719.464 63196 4.291
1791641719.466 63194 9.328
1791641719.470 63199 6.061
1791641719.476 63202 7.320
1791641719.478 63204 6.307
1791641719.482 63207 5.877
1791641719.488 63212 4.296
1791641719.490 63210 9.326
1791641719.494 63215 5.842
1791641719.500 63218 7.319
1791641719.502 63220 6.296
1791641719.506 63223 5.837
1791641719.512 63226 7.310
1791641719.514 63228 6.288
1791641719.519 63231 6.065
1791641719.524 63234 7.352
1791641719.526 63236 6.339
1791641719.531 63239 5.910
1791641719.537 63244 4.664
1791641719.539 63242 9.699
1791641719.543 63247 5.920
1791641719.549 63252 4.487
1791641719.551 63250 9.480
1791641719.555 63255 5.777
1791641719.561 63258 7.482
1791641719.563 63260 6.403
1791641719.567 63263 5.863
1791641719.573 63268 4.541
1791641719.575 63266 9.533
1791641719.579 63271 5.907
1791641719.586 63276 4.710
1791641719.588 63274 9.805
1791641719.591 63279 5.874
1791641719.597 63284 4.363
1791641719.599 63282 9.404
1791641719.603 63287 5.965
1791641719.609 63290 7.290
1791641719.611 63292 6.274
1791641719.615 63295 5.774
1791641719.621 63300 4.280
1791641719.623 63298 9.307
1791641719.628 63303 5.910
1791641719.634 63308 4.602
1791641719.636 63306 9.625
1791641719.640 63311 6.044
1791641719.646 63316 4.424
1791641719.648 63314 9.460
1791641719.652 63319 5.947
1791641719.658 63324 4.314
1791641719.660 63322 9.343
1791641719.664 63327 5.883
1791641719.670 63330 7.571
1791641719.672 63332 6.580
1791641719.676 63335 5.902
1791641719.683 63340 4.665
1791641719.685 63338 9.698
1791641719.688 63343 5.999
1791641719.694 63348 4.295
1791641719.696 63346 9.339
1791641719.700 63351 5.827
1791641719.707 63356 4.833
1791641719.709 63354 9.865
1791641719.713 63359 5.884
1791641719.719 63362 7.418
1791641719.721 63364 6.321
1791641719.725 63367 5.871
1791641719.731 63372 4.409
1791641719.733 63370 9.447
1791641719.737 63375 5.974
1791641719.743 63378 7.685
1791641719.745 63380 6.667
1791641719.749 63383 5.833
1791641719.755 63388 4.319
1791641719.757 63386 9.344
1791641719.761 63391 5.909
1791641719.767 63396 4.600
1791641719.769 63394 9.637
1791641719.773 63399 5.853
1791641719.779 63402 7.320
1791641719.781 63404 6.303
1791641719.786 63407 6.084
1791641719.791 63412 4.284
1791641719.793 63410 9.324
1791641719.798 63415 5.860
1791641719.804 63420 4.265
1791641719.806 63418 9.304
1791641719.810 63423 5.709
1791641719.816 63428 4.650
1791641719.818 63426 9.687
1791641719.822 63431 5.884
1791641719.828 63436 4.709
1791641719.830 63434 9.746
1791641719.834 63439 5.870
1791641719.840 63442 7.626
1791641719.842 63444 6.555
1791641719.846 63447 5.832
1791641719.852 63450 7.375
1791641719.854 63452 6.350
1791641719.858 63455 5.807
1791641719.865 63458 7.869
1791641719.867 63460 6.843
1791641719.872 63463 7.513
1791641719.878 63466 8.927
1791641719.880 63468 8.107
1791641719.884 63471 7.466
1791641719.890 63474 8.517
1791641719.892 63476 7.935
1791641719.896 63479 7.527
1791641719.902 63484 5.938
1791641719.904 63482 10.741
1791641719.908 63487 7.367
1791641719.914 63492 5.953
1791641719.916 63490 10.755
1791641719.921 63495 7.468
1791641719.927 63500 6.017
1791641719.929 63498 10.737
1791641719.933 63503 7.552
1791641719.939 63508 6.209
1791641719.941 63506 10.966
1791641719.945 63511 7.294
1791641719.951 63514 8.931
1791641719.953 63516 8.168
1791641719.957 63519 7.313
1791641719.963 63522 8.895
1791641719.965 63524 8.197
1791641719.969 63527 7.359
1791641719.975 63532 6.111
1791641719.977 63530 10.946
1791641719.981 63535 7.353
1791641719.987 63540 6.089
1791641719.989 63538 10.905
1791641719.993 63543 7.533
1791641719.999 63546 8.486
1791641720.001 63548 7.845
1791641720.006 63551 7.449
1791641720.012 63554 8.621
1791641720.014 63556 7.909
1791641720.018 63559 7.377
1791641720.024 63564 5.855
1791641720.026 63562 10.604
1791641720.030 63567 7.498
1791641720.036 63572 5.901
1791641720.038 63570 10.653
1791641720.042 63575 7.492
1791641720.048 63578 8.770
1791641720.050 63580 7.816
1791641720.054 63583 7.416
1791641720.060 63588 6.288
1791641720.062 63586 11.152
1791641720.066 63591 7.488
1791641720.072 63596 5.896
1791641720.074 63594 10.569
1791641720.078 63599 7.457
1791641720.085 63604 6.182
1791641720.087 63602 10.984
1791641720.090 63607 7.449
1791641720.097 63612 6.239
1791641720.099 63610 11.079
1791641720.103 63615 7.454
1791641720.109 63618 8.889
1791641720.111 63620 8.208
1791641720.115 63623 7.368
1791641720.121 63626 8.975
1791641720.123 63628 8.211
1791641720.127 63631 7.479
1791641720.133 63636 6.010
1791641720.135 63634 10.723
1791641720.139 63639 7.477
1791641720.145 63642 8.530
1791641720.147 63644 7.842
1791641720.151 63647 7.507
1791641720.157 63650 8.799
1791641720.159 63652 8.143
1791641720.163 63655 7.253
1791641720.170 63658 8.862
1791641720.172 63660 8.097
1791641720.175 63663 7.484
1791641720.182 63668 6.822
1791641720.184 63666 11.650
1791641720.188 63671 7.648
1791641720.194 63674 8.483
1791641720.196 63676 7.993
1791641720.200 63679 7.365
1791641720.206 63684 5.884
1791641720.208 63682 10.688
1791641720.212 63687 7.449
1791641720.218 63692 5.868
1791641720.220 63690 10.682
1791641720.224 63695 7.411
1791641720.231 63698 9.149
1791641720.233 63700 8.419
1791641720.236 63703 7.437
1791641720.242 63708 5.835
1791641720.244 63706 10.619
1791641720.248 63711 7.460
1791641720.255 63714 8.862
1791641720.257 63716 8.158
1791641720.261 63719 7.572
1791641720.267 63722 8.837
1791641720.269 63724 8.235
1791641720.273 63727 7.422
1791641720.279 63730 8.676
1791641720.281 63732 7.914
1791641720.285 63735 7.293
1791641720.291 63740 6.166
1791641720.293 63738 10.957
1791641720.297 63743 7.427
1791641720.303 63746 8.611
1791641720.305 63748 7.860
1791641720.309 63751 7.518
1791641720.315 63754 8.642
1791641720.317 63756 7.838
1791641720.321 63759 7.351
1791641720.327 63762 8.799
1791641720.329 63764 8.008
1791641720.333 63767 7.364
1791641720.339 63770 8.820
1791641720.342 63772 8.140
1791641720.345 63775 7.461
1791641720.352 63780 6.060
1791641720.354 63778 10.846
1791641720.358 63783 7.491
1791641720.364 63788 6.159
1791641720.366 63786 10.957
1791641720.370 63791 7.455
1791641720.376 63794 8.851
1791641720.378 63796 8.179
1791641720.382 63799 7.480
1791641720.388 63804 6.221
1791641720.390 63802 10.947
1791641720.394 63807 7.474
1791641720.400 63812 6.166
1791641720.402 63810 10.823
1791641720.406 63815 7.528
1791641720.412 63818 8.736
1791641720.414 63820 8.180
1791641720.418 63823 7.417
1791641720.424 63826 8.904
1791641720.426 63828 8.133
1791641720.430 63831 7.388
1791641720.436 63836 5.913
1791641720.438 63834 10.705
1791641720.442 63839 7.393
1791641720.448 63842 8.620
1791641720.450 63844 7.845
1791641720.455 63847 7.444
1791641720.461 63850 8.791
1791641720.463 63852 8.121
1791641720.467 63855 7.481
1791641720.473 63858 8.590
1791641720.475 63860 7.897
1791641720.479 63863 7.614
1791641720.485 63866 8.524
1791641720.487 63868 7.858
1791641720.491 63871 7.344
1791641720.497 63876 5.819
1791641720.499 63874 10.634
1791641720.503 63879 7.337
1791641720.509 63882 8.763
1791641720.511 63884 7.918
1791641720.515 63887 7.426
1791641720.521 63890 8.620
1791641720.523 63892 7.830
1791641720.528 63895 7.531
1791641720.534 63900 6.088
1791641720.536 63898 10.719
1791641720.539 63903 7.308
1791641720.546 63906 8.640
1791641720.548 63908 7.894
1791641720.552 63911 7.331
1791641720.558 63914 8.823
1791641720.560 63916 8.015
1791641720.564 63919 7.423
1791641720.570 63924 5.991
1791641720.572 63922 10.803
1791641720.576 63927 7.635
1791641720.582 63930 8.681
1791641720.584 63932 8.120
1791641720.588 63935 7.377
1791641720.594 63940 5.961
1791641720.596 63938 10.785
1791641720.600 63943 7.490
1791641720.606 63946 8.605
1791641720.608 63948 7.859
1791641720.612 63951 7.479
1791641720.618 63956 5.828
1791641720.620 63954 10.510
1791641720.625 63959 7.457
1791641720.631 63962 8.482
1791641720.633 63964 7.860
1791641720.637 63967 7.533
1791641720.643 63972 5.906
1791641720.645 63970 10.550
1791641720.649 63975 7.502
1791641720.655 63980 5.923
1791641720.657 63978 10.696
1791641720.661 63983 7.617
1791641720.667 63988 5.865
1791641720.669 63986 10.694
1791641720.673 63991 7.448
1791641720.679 63996 5.855
1791641720.681 63994 10.544
1791641720.685 63999 7.462
1791641720.691 64004 5.874
1791641720.693 64002 10.604
1791641720.697 64007 7.331
1791641720.704 64010 8.992
1791641720.706 64012 8.204
1791641720.710 64015 7.457
1791641720.716 64018 9.006
1791641720.718 64020 8.202
1791641720.722 64023 7.560
1791641720.728 64026 8.960
1791641720.730 64028 8.252
1791641720.734 64031 7.414
1791641720.740 64034 8.706
1791641720.742 64036 7.945
1791641720.746 64039 7.407
1791641720.752 64044 5.915
1791641720.754 64042 10.728
1791641720.758 64047 7.528
1791641720.764 64052 6.063
1791641720.766 64050 10.754
1791641720.770 64055 7.531
1791641720.776 64058 8.797
1791641720.779 64060 8.156
1791641720.782 64063 7.545
1791641720.789 64068 6.287
1791641720.791 64066 10.926
1791641720.794 64071 7.400
1791641720.801 64074 8.688
1791641720.803 64076 7.927
1791641720.807 64079 7.347
1791641720.813 64084 5.849
1791641720.815 64082 10.618
1791641720.819 64087 7.362
1791641720.825 64090 8.656
1791641720.827 64092 7.844
1791641720.831 64095 7.563
1791641720.837 64100 5.839
1791641720.839 64098 10.405
1791641720.843 64103 7.661
1791641720.849 64106 8.452
1791641720.851 64108 7.913
1791641720.855 64111 7.514
1791641720.861 64116 6.165
1791641720.863 64114 10.800
1791641720.867 64119 7.431
1791641720.873 64122 8.699
1791641720.875 64124 7.873
1791641720.879 64127 7.428
1791641720.885 64130 8.573
1791641720.887 64132 7.854
1791641720.892 64135 7.500
1791641720.898 64138 8.893
1791641720.900 64140 8.214
1791641720.904 64143 7.491
1791641720.910 64146 8.868
1791641720.912 64148 8.181
1791641720.916 64151 7.434
1791641720.922 64156 6.251
1791641720.924 64154 10.995
1791641720.928 64159 7.350
1791641720.934 64164 5.867
1791641720.936 64162 10.683
1791641720.940 64167 7.378
1791641720.946 64172 6.104
1791641720.948 64170 10.896
1791641720.952 64175 7.415
1791641720.959 64178 8.953
1791641720.961 64180 8.214
1791641720.965 64183 7.572
1791641720.970 64188 5.945
1791641720.973 64186 10.665
1791641720.977 64191 7.350
1791641720.983 64196 5.903
1791641720.985 64194 10.687
1791641720.989 64199 7.837
1791641720.996 64204 7.111
1791641720.998 64202 11.461
1791641721.002 64207 8.962
1791641721.004 64210 6.435
1791641721.009 64215 3.244
1791641721.011 64212 9.785
1791641721.016 64218 5.498
1791641721.022 64220 8.654
1791641721.024 64223 6.427
1791641721.027 64226 5.287
1791641721.034 64231 4.389
1791641721.036 64228 10.764
1791641721.041 64234 6.228
1791641721.043 64236 5.200
1791641721.048 64239 5.993
1791641721.054 64242 7.780
1791641721.056 64244 6.763
1791641721.060 64247 5.868
1791641721.066 64252 4.548
1791641721.068 64250 9.538
1791641721.072 64255 5.864
1791641721.078 64258 7.387
1791641721.080 64260 6.331
1791641721.084 64263 5.747
1791641721.090 64268 4.377
1791641721.092 64266 9.418
1791641721.096 64271 5.994
1791641721.102 64276 4.339
1791641721.104 64274 9.386
1791641721.108 64279 5.850
1791641721.115 64282 7.333
1791641721.117 64284 6.354
1791641721.121 64287 5.880
1791641721.127 64290 7.457
1791641721.129 64292 6.435
1791641721.133 64295 5.892
1791641721.139 64300 4.403
1791641721.141 64298 9.448
1791641721.145 64303 6.079
1791641721.151 64308 4.278
1791641721.153 64306 9.359
1791641721.157 64311 5.919
1791641721.163 64314 7.350
1791641721.165 64316 6.410
1791641721.169 64319 5.874
1791641721.175 64322 7.275
1791641721.177 64324 6.253
1791641721.181 64327 5.703
1791641721.188 64330 7.611
1791641721.190 64332 6.593
1791641721.194 64335 5.910
1791641721.200 64340 4.349
1791641721.202 64338 9.369
1791641721.206 64343 6.013
1791641721.212 64348 4.520
1791641721.214 64346 9.609
1791641721.218 64351 5.922
1791641721.224 64356 4.536
1791641721.226 64354 9.546
1791641721.230 64359 5.881
1791641721.236 64364 4.690
1791641721.238 64362 9.792
1791641721.242 64367 5.865
1791641721.248 64370 7.632
1791641721.250 64372 6.654
1791641721.254 64375 5.979
1791641721.260 64378 7.412
1791641721.262 64380 6.390
1791641721.266 64383 5.984
1791641721.272 64386 7.417
1791641721.274 64388 6.392
1791641721.278 64391 5.922
1791641721.285 64396 4.416
1791641721.287 64394 9.459
1791641721.291 64399 5.994
1791641721.297 64402 7.472
1791641721.299 64404 6.393
1791641721.303 64407 6.125
1791641721.309 64410 7.347
1791641721.311 64412 6.342
1791641721.315 64415 5.941
1791641721.321 64420 4.277
1791641721.323 64418 9.300
1791641721.327 64423 5.843
1791641721.333 64428 4.624
1791641721.335 64426 9.616
1791641721.339 64431 5.959
1791641721.345 64436 4.282
1791641721.347 64434 9.380
1791641721.351 64439 5.892
1791641721.358 64442 7.560
1791641721.360 64444 6.543
1791641721.363 64447 5.779
1791641721.370 64450 7.638
1791641721.372 64452 6.625
1791641721.375 64455 5.832
1791641721.382 64458 7.848
1791641721.384 64460 6.831
1791641721.388 64463 5.925
1791641721.394 64466 7.409
1791641721.396 64468 6.386
1791641721.400 64471 5.880
1791641721.406 64476 4.345
1791641721.408 64474 9.382
1791641721.412 64479 5.891
1791641721.418 64482 7.488
1791641721.420 64484 6.467
1791641721.424 64487 5.894
1791641721.430 64490 7.601
1791641721.432 64492 6.620
1791641721.436 64495 5.810
1791641721.443 64500 4.622
1791641721.445 64498 9.705
1791641721.448 64503 5.950
1791641721.455 64508 4.561
1791641721.457 64506 9.590
1791641721.461 64511 6.061
1791641721.467 64514 7.632
1791641721.469 64516 6.607
1791641721.473 64519 5.762
1791641721.479 64524 4.306
1791641721.481 64522 9.338
1791641721.485 64527 5.857
1791641721.491 64530 7.391
1791641721.493 64532 6.368
1791641721.497 64535 5.896
1791641721.503 64538 7.326
1791641721.505 64540 6.308
1791641721.509 64543 5.768
1791641721.515 64546 7.473
1791641721.517 64548 6.399
1791641721.521 64551 5.883
1791641721.527 64554 7.456
1791641721.529 64556 6.432
1791641721.533 64559 5.867
1791641721.540 64562 7.793
1791641721.542 64564 6.774
1791641721.547 64567 7.437
1791641721.553 64570 8.662
1791641721.555 64572 7.860
1791641721.559 64575 7.229
1791641721.565 64580 5.870
1791641721.567 64578 10.725
1791641721.571 64583 7.271
1791641721.577 64588 5.841
1791641721.579 64586 10.651
1791641721.583 64591 7.366
1791641721.590 64594 8.755
1791641721.592 64596 7.931
1791641721.595 64599 7.315
1791641721.602 64602 8.811
1791641721.604 64604 8.036
1791641721.608 64607 7.419
1791641721.614 64610 9.186
1791641721.616 64612 8.368
1791641721.620 64615 7.399
1791641721.626 64620 6.072
1791641721.628 64618 10.855
1791641721.632 64623 7.590
1791641721.638 64626 8.552
1791641721.640 64628 7.887
1791641721.644 64631 7.533
1791641721.650 64636 5.821
1791641721.652 64634 10.476
1791641721.656 64639 7.576
1791641721.663 64644 6.101
1791641721.665 64642 10.788
1791641721.668 64647 7.448
1791641721.674 64652 5.850
1791641721.676 64650 10.523
1791641721.681 64655 7.369
1791641721.687 64658 8.607
1791641721.689 64660 7.841
1791641721.693 64663 7.455
1791641721.699 64668 5.902
1791641721.701 64666 10.713
1791641721.705 64671 7.466
1791641721.711 64676 5.927
1791641721.713 64674 10.565
1791641721.717 64679 7.393
1791641721.723 64684 5.957
1791641721.725 64682 10.779
1791641721.729 64687 7.479
1791641721.735 64690 8.695
1791641721.737 64692 7.984
1791641721.741 64695 7.590
1791641721.747 64700 5.821
1791641721.749 64698 10.457
1791641721.754 64703 7.539
1791641721.760 64708 6.139
1791641721.762 64706 10.792
1791641721.766 64711 7.517
1791641721.772 64716 5.883
1791641721.774 64714 10.562
1791641721.778 64719 7.393
1791641721.784 64724 5.944
1791641721.786 64722 10.732
1791641721.790 64727 7.530
1791641721.796 64732 6.222
1791641721.798 64730 10.913
1791641721.802 64735 7.601
1791641721.808 64740 6.186
1791641721.810 64738 10.779
1791641721.814 64743 7.335
1791641721.820 64748 5.999
1791641721.822 64746 10.854
1791641721.826 64751 7.359
1791641721.832 64756 5.879
1791641721.834 64754 10.687
1791641721.838 64759 7.384
1791641721.844 64762 8.570
1791641721.846 64764 7.814
1791641721.851 64767 7.498
1791641721.857 64772 6.165
1791641721.859 64770 10.808
1791641721.863 64775 7.355
1791641721.869 64780 5.978
1791641721.871 64778 10.774
1791641721.875 64783 7.534
1791641721.881 64788 5.920
1791641721.883 64786 10.624
1791641721.887 64791 7.429
1791641721.893 64796 5.866
1791641721.895 64794 10.690
1791641721.899 64799 7.406
1791641721.905 64802 8.698
1791641721.907 64804 7.874
1791641721.911 64807 7.410
1791641721.917 64810 8.684
1791641721.919 64812 7.901
1791641721.923 64815 7.313
1791641721.930 64820 6.158
1791641721.932 64818 10.994
1791641721.936 64823 7.580
1791641721.942 64826 8.806
1791641721.944 64828 8.220
1791641721.948 64831 7.346
1791641721.954 64834 8.699
1791641721.956 64836 7.915
1791641721.960 64839 7.498
1791641721.966 64842 8.658
1791641721.968 64844 7.937
1791641721.972 64847 7.596
1791641721.978 64852 6.268
1791641721.980 64850 10.939
1791641721.984 64855 7.526
1791641721.990 64858 8.991
1791641721.992 64860 8.207
1791641721.996 64863 7.336
1791641722.003 64868 6.308
1791641722.005 64866 11.145
1791641722.008 64871 7.431
1791641722.014 64876 5.917
1791641722.016 64874 10.672
1791641722.020 64879 7.477
1791641722.026 64882 8.683
1791641722.028 64884 7.819
1791641722.033 64887 7.402
1791641722.039 64890 8.988
1791641722.041 64892 8.272
1791641722.045 64895 7.386
1791641722.051 64900 5.927
1791641722.053 64898 10.681
1791641722.057 64903 7.537
1791641722.063 64906 8.780
1791641722.065 64908 8.134
1791641722.069 64911 7.683
1791641722.075 64916 5.929
1791641722.077 64914 10.516
1791641722.081 64919 7.411
1791641722.087 64922 8.968
1791641722.089 64924 8.201
1791641722.093 64927 7.467
1791641722.099 64930 8.742
1791641722.101 64932 7.974
1791641722.106 64935 7.525
1791641722.111 64940 5.894
1791641722.113 64938 10.557
1791641722.118 64943 7.424
1791641722.124 64946 8.634
1791641722.126 64948 7.882
1791641722.130 64951 7.371
1791641722.136 64954 9.114
1791641722.138 64956 8.359
1791641722.142 64959 7.435
1791641722.148 64962 8.599
1791641722.150 64964 7.850
1791641722.154 64967 7.441
1791641722.160 64970 8.931
1791641722.162 64972 8.110
1791641722.166 64975 7.486
1791641722.172 64980 6.135
1791641722.174 64978 10.812
1791641722.178 64983 7.611
1791641722.185 64986 8.705
1791641722.187 64988 8.179
1791641722.190 64991 7.332
1791641722.197 64994 8.911
1791641722.199 64996 8.129
1791641722.203 64999 7.934
1791641722.210 65004 7.362
1791641722.212 65002 11.656
1791641722.216 65010 4.376
1791641722.218 65007 10.874
1791641722.223 65012 7.852
1791641722.225 65015 5.326
1791641722.229 65018 5.474
1791641722.236 65023 4.329
1791641722.238 65020 10.860
1791641722.242 65026 6.220
1791641722.244 65028 5.199
1791641722.249 65031 5.864
1791641722.256 65036 4.740
1791641722.258 65034 9.778
1791641722.262 65039 5.865
1791641722.268 65042 7.685
1791641722.270 65044 6.702
1791641722.274 65047 5.961
1791641722.280 65052 4.618
1791641722.282 65050 9.672
1791641722.286 65055 5.883
1791641722.292 65060 4.403
1791641722.294 65058 9.446
1791641722.298 65063 5.754
1791641722.304 65068 4.665
1791641722.306 65066 9.698
1791641722.310 65071 5.904
1791641722.316 65074 7.359
1791641722.318 65076 6.335
1791641722.322 65079 5.846
1791641722.328 65082 7.263
1791641722.330 65084 6.276
1791641722.334 65087 5.805
1791641722.341 65092 4.682
1791641722.343 65090 9.718
1791641722.347 65095 5.794
1791641722.353 65100 5.009
1791641722.355 65098 10.041
1791641722.359 65103 5.901
1791641722.365 65108 4.455
1791641722.367 65106 9.468
1791641722.371 65111 5.822
1791641722.377 65114 7.399
1791641722.379 65116 6.383
1791641722.383 65119 5.844
1791641722.389 65122 7.347
1791641722.391 65124 6.335
1791641722.395 65127 6.001
1791641722.401 65132 4.306
1791641722.403 65130 9.319
1791641722.407 65135 5.806
1791641722.413 65138 7.422
1791641722.415 65140 6.400
1791641722.419 65143 5.913
1791641722.425 65146 7.375
1791641722.428 65148 6.349
1791641722.432 65151 6.023
1791641722.438 65156 4.648
1791641722.440 65154 9.675
1791641722.444 65159 5.952
1791641722.450 65162 7.366
1791641722.452 65164 6.357
1791641722.456 65167 5.970
1791641722.462 65170 7.395
1791641722.464 65172 6.371
1791641722.468 65175 5.864
1791641722.474 65180 4.507
1791641722.476 65178 9.617
1791641722.480 65183 5.836
1791641722.486 65188 4.350
1791641722.488 65186 9.367
1791641722.492 65191 5.764
1791641722.499 65196 4.586
1791641722.501 65194 9.623
1791641722.504 65199 5.781
1791641722.511 65204 4.783
1791641722.513 65202 9.819
1791641722.517 65207 5.907
1791641722.523 65212 4.516
1791641722.525 65210 9.612
1791641722.529 65215 5.999
1791641722.535 65220 4.587
1791641722.537 65218 9.612
1791641722.541 65223 5.844
1791641722.547 65228 4.303
1791641722.549 65226 9.340
1791641722.553 65231 5.748
1791641722.559 65236 4.409
1791641722.561 65234 9.456
1791641722.565 65239 6.015
1791641722.572 65244 4.743
1791641722.574 65242 9.785
1791641722.577 65247 5.841
1791641722.583 65250 7.431
1791641722.585 65252 6.340
1791641722.589 65255 5.989
1791641722.595 65260 4.327
1791641722.597 65258 9.347
1791641722.602 65263 5.908
1791641722.608 65266 7.397
1791641722.610 65268 6.391
1791641722.614 65271 5.838
1791641722.620 65276 4.319
1791641722.622 65274 9.361
1791641722.626 65279 5.918
1791641722.632 65284 4.353
1791641722.634 65282 9.374
1791641722.638 65287 5.885
1791641722.644 65290 7.716
1791641722.646 65292 6.697
1791641722.650 65295 5.920
1791641722.656 65300 4.352
1791641722.658 65298 9.436
1791641722.662 65303 5.802
1791641722.668 65306 7.419
1791641722.670 65308 6.401
1791641722.674 65311 5.820
1791641722.681 65314 7.530
1791641722.683 65316 6.511
1791641722.686 65319 5.855
1791641722.692 65322 7.319
1791641722.694 65324 6.297
1791641722.699 65327 5.896
1791641722.705 65332 4.271
1791641722.707 65330 9.312
1791641722.711 65335 5.866
1791641722.717 65338 7.365
1791641722.719 65340 6.343
1791641722.723 65343 5.813
1791641722.730 65346 8.052
1791641722.732 65348 6.978
1791641722.737 65351 7.486
1791641722.743 65356 5.991
1791641722.745 65354 10.796
1791641722.749 65359 7.362
1791641722.755 65362 8.707
1791641722.757 65364 7.894
1791641722.761 65367 7.583
1791641722.767 65370 8.794
1791641722.769 65372 8.215
1791641722.773 65375 7.464
1791641722.779 65380 5.957
1791641722.781 65378 10.844
1791641722.785 65383 7.436
1791641722.791 65388 6.182
1791641722.794 65386 10.850
1791641722.797 65391 7.395
1791641722.804 65394 8.901
1791641722.806 65396 8.202
1791641722.809 65399 7.459
1791641722.816 65402 8.930
1791641722.818 65404 8.238
1791641722.822 65407 7.434
1791641722.828 65412 5.849
1791641722.830 65410 10.661
1791641722.834 65415 7.438
1791641722.840 65420 6.076
1791641722.842 65418 10.820
1791641722.846 65423 6.047
1791641722.852 65428 5.791
1791641722.854 65426 10.549
1791641722.858 65431 7.522
1791641722.864 65436 6.196
1791641722.866 65434 10.850
1791641722.870 65439 7.435
1791641722.876 65442 8.828
1791641722.878 65444 8.163
1791641722.882 65447 7.626
1791641722.889 65452 6.173
1791641722.891 65450 10.746
1791641722.895 65455 7.561
1791641722.901 65460 6.202
1791641722.903 65458 10.768
1791641722.907 65463 7.429
1791641722.913 65466 8.791
1791641722.915 65468 8.156
1791641722.919 65471 7.361
1791641722.925 65476 6.129
1791641722.927 65474 10.938
1791641722.931 65479 7.476
1791641722.937 65484 6.182
1791641722.939 65482 10.908
1791641722.943 65487 7.493
1791641722.949 65490 8.836
1791641722.951 65492 8.176
1791641722.955 65495 7.395
1791641722.961 65500 5.828
1791641722.963 65498 10.643
1791641722.967 65503 7.398
1791641722.974 65506 9.020
1791641722.976 65508 8.226
1791641722.979 65511 7.414
1791641722.986 65516 6.097
1791641722.988 65514 10.897
1791641722.992 65519 7.484
1791641722.998 65524 5.865
1791641723.000 65522 10.657
1791641723.004 65527 7.438
1791641723.010 65532 5.980
1791641723.012 65530 10.754
1791641723.016 65535 7.473
1791641723.022 65538 8.564
1791641723.024 65540 7.878
1791641723.028 65543 7.391
1791641723.034 65546 8.950
1791641723.036 65548 8.130
1791641723.040 65551 7.300
1791641723.046 65556 5.845
1791641723.048 65554 10.673
1791641723.052 65559 7.598
1791641723.058 65564 6.045
1791641723.060 65562 10.583
1791641723.065 65567 7.668
1791641723.071 65572 6.209
1791641723.073 65570 10.770
1791641723.077 65575 7.496
1791641723.083 65578 8.830
1791641723.085 65580 8.198
1791641723.088 65583 7.263
1791641723.095 65586 8.988
1791641723.097 65588 8.128
1791641723.101 65591 7.663
1791641723.107 65596 6.219
1791641723.109 65594 10.743
1791641723.113 65599 7.598
1791641723.119 65604 6.221
1791641723.121 65602 10.793
1791641723.125 65607 7.353
1791641723.131 65612 5.867
1791641723.133 65610 10.685
1791641723.137 65615 7.420
1791641723.144 65620 6.196
1791641723.146 65618 11.093
1791641723.149 65623 7.491
1791641723.156 65628 6.211
1791641723.158 65626 10.926
1791641723.161 65631 7.472
1791641723.168 65636 6.730
1791641723.170 65634 11.461
1791641723.174 65639 7.405
1791641723.180 65642 8.864
1791641723.182 65644 8.146
1791641723.186 65647 7.621
1791641723.192 65652 6.515
1791641723.194 65650 11.065
1791641723.198 65655 7.616
1791641723.204 65660 5.945
1791641723.206 65658 10.503
1791641723.210 65663 7.537
1791641723.216 65666 8.858
1791641723.218 65668 8.242
1791641723.222 65671 7.442
1791641723.229 65676 6.258
1791641723.231 65674 10.960
1791641723.234 65679 7.387
1791641723.241 65682 8.960
1791641723.243 65684 8.134
1791641723.246 65687 7.345
1791641723.253 65692 6.175
1791641723.255 65690 10.988
1791641723.259 65695 7.393
1791641723.264 65700 5.773
1791641723.266 65698 10.515
1791641723.271 65703 7.275
1791641723.277 65706 8.704
1791641723.279 65708 7.919
1791641723.283 65711 7.390
1791641723.289 65716 5.831
1791641723.291 65714 10.741
1791641723.295 65719 7.308
1791641723.301 65724 5.894
1791641723.303 65722 10.694
1791641723.307 65727 7.388
1791641723.313 65732 5.816
1791641723.315 65730 10.746
1791641723.319 65735 7.267
1791641723.325 65738 8.689
1791641723.327 65740 7.837
1791641723.331 65743 7.355
1791641723.337 65746 8.791
1791641723.339 65748 7.892
1791641723.343 65751 7.201
1791641723.350 65754 8.750
1791641723.352 65756 7.892
1791641723.355 65759 7.253
1791641723.362 65764 5.769
1791641723.364 65762 10.716
1791641723.368 65767 7.769
1791641723.375 65770 9.385
1791641723.377 65772 9.025
1791641723.382 65778 4.676
1791641723.384 65775 10.923
1791641723.388 65780 7.777
1791641723.390 65783 5.245
1791641723.394 65786 5.307
1791641723.401 65788 8.765
1791641723.403 65791 6.395
1791641723.407 65794 5.560
1791641723.413 65799 4.305
1791641723.415 65796 10.665
1791641723.420 65802 6.305
1791641723.422 65804 5.283
1791641723.427 65807 5.776
1791641723.433 65810 7.359
1791641723.435 65812 6.335
1791641723.439 65815 5.773
1791641723.445 65820 4.308
1791641723.447 65818 9.302
1791641723.451 65823 5.859
1791641723.457 65826 7.384
1791641723.459 65828 6.360
1791641723.464 65831 6.042
1791641723.470 65834 7.618
1791641723.472 65836 6.607
1791641723.476 65839 6.080
1791641723.482 65842 7.341
1791641723.484 65844 6.328
1791641723.488 65847 5.891
1791641723.494 65850 7.392
1791641723.496 65852 6.323
1791641723.500 65855 6.099
1791641723.506 65860 4.421
1791641723.508 65858 9.449
1791641723.512 65863 6.014
1791641723.518 65868 4.664
1791641723.520 65866 9.684
1791641723.524 65871 5.774
1791641723.530 65874 7.567
1791641723.532 65876 6.550
1791641723.536 65879 6.034
1791641723.542 65884 4.319
1791641723.544 65882 9.358
1791641723.548 65887 5.891
1791641723.554 65892 4.361
1791641723.556 65890 9.398
1791641723.561 65895 5.939
1791641723.567 65900 4.383
1791641723.569 65898 9.440
1791641723.572 65903 5.783
1791641723.579 65906 7.313
1791641723.581 65908 6.293
1791641723.585 65911 6.101
1791641723.591 65914 7.524
1791641723.593 65916 6.494
1791641723.597 65919 5.876
1791641723.603 65924 4.327
1791641723.605 65922 9.365
1791641723.609 65927 6.083
1791641723.615 65930 7.459
1791641723.617 65932 6.436
1791641723.621 65935 5.780
1791641723.627 65938 7.341
1791641723.629 65940 6.313
1791641723.633 65943 5.809
1791641723.639 65946 7.486
1791641723.641 65948 6.458
1791641723.646 65951 6.064
1791641723.652 65956 4.520
1791641723.654 65954 9.549
1791641723.658 65959 6.053
1791641723.664 65964 4.650
1791641723.666 65962 9.676
1791641723.670 65967 5.822
1791641723.676 65972 4.403
1791641723.678 65970 9.430
1791641723.682 65975 6.049
1791641723.688 65980 4.610
1791641723.690 65978 9.632
1791641723.694 65983 5.775
1791641723.700 65986 7.582
1791641723.702 65988 6.561
1791641723.706 65991 5.774
1791641723.712 65996 4.581
1791641723.714 65994 9.614
1791641723.718 65999 5.914
1791641723.724 66004 4.322
1791641723.726 66002 9.372
1791641723.731 66007 6.108
1791641723.737 66012 4.579
1791641723.739 66010 9.601
1791641723.742 66015 5.762
1791641723.749 66018 7.622
1791641723.751 66020 6.607
1791641723.755 66023 6.129
1791641723.761 66028 4.302
1791641723.763 66026 9.329
1791641723.767 66031 6.085
1791641723.773 66034 7.574
1791641723.775 66036 6.571
1791641723.779 66039 5.852
1791641723.785 66044 4.671
1791641723.787 66042 9.760
1791641723.791 66047 6.034
1791641723.798 66052 4.756
1791641723.800 66050 9.783
1791641723.803 66055 6.040
1791641723.810 66058 7.651
1791641723.812 66060 6.631
1791641723.815 66063 5.874
1791641723.822 66068 4.612
1791641723.824 66066 9.653
1791641723.828 66071 6.048
1791641723.834 66076 4.626
1791641723.836 66074 9.653
1791641723.840 66079 6.128
1791641723.846 66084 4.584
1791641723.848 66082 9.612
1791641723.852 66087 6.023
1791641723.858 66092 4.291
1791641723.860 66090 9.325
1791641723.864 66095 5.816
1791641723.870 66098 7.495
1791641723.872 66100 6.468
1791641723.876 66103 5.930
1791641723.882 66106 7.571
1791641723.884 66108 6.595
1791641723.888 66111 5.769
1791641723.895 66114 7.641
1791641723.897 66116 6.624
1791641723.900 66119 5.756
1791641723.907 66122 7.613
1791641723.909 66124 6.596
1791641723.912 66127 5.753
1791641723.919 66130 7.650
1791641723.921 66132 6.636
1791641723.925 66135 6.149
1791641723.931 66140 4.645
1791641723.933 66138 9.666
1791641723.937 66143 6.017
1791641723.943 66146 7.608
1791641723.945 66148 6.547
1791641723.949 66151 6.067
1791641723.955 66154 7.610
1791641723.957 66156 6.595
1791641723.961 66159 5.862
1791641723.967 66162 7.400
1791641723.969 66164 6.382
1791641723.973 66167 6.094
1791641723.979 66170 7.613
1791641723.981 66172 6.602
1791641723.985 66175 6.079
1791641723.992 66180 4.604
1791641723.994 66178 9.634
1791641723.998 66183 6.015
1791641724.004 66188 4.655
1791641724.006 66186 9.682
1791641724.010 66191 6.110
1791641724.016 66196 4.604
1791641724.018 66194 9.631
1791641724.022 66199 5.937
1791641724.028 66202 7.382
1791641724.030 66204 6.295
1791641724.034 66207 6.095
1791641724.040 66210 7.358
1791641724.042 66212 6.311
1791641724.046 66215 5.881
1791641724.052 66218 7.787
1791641724.054 66220 6.775
1791641724.058 66223 5.820
1791641724.065 66228 4.785
1791641724.067 66226 9.822
1791641724.070 66231 5.946
1791641724.076 66234 7.400
1791641724.078 66236 6.326
1791641724.082 66239 5.896
1791641724.088 66242 7.332
1791641724.090 66244 6.310
1791641724.094 66247 5.839
1791641724.101 66250 7.335
1791641724.103 66252 6.317
1791641724.107 66255 5.963
1791641724.113 66258 7.750
1791641724.115 66260 6.735
1791641724.120 66263 7.340
1791641724.126 66268 5.857
1791641724.128 66266 10.727
1791641724.132 66271 7.363
1791641724.139 66276 5.937
1791641724.141 66274 10.672
1791641724.145 66279 7.394
1791641724.151 66282 8.926
1791641724.153 66284 8.200
1791641724.157 66287 7.485
1791641724.163 66292 6.217
1791641724.165 66290 10.922
1791641724.169 66295 7.410
1791641724.175 66298 8.953
1791641724.177 66300 8.166
1791641724.181 66303 7.420
1791641724.187 66308 6.075
1791641724.189 66306 10.784
1791641724.193 66311 7.557
1791641724.199 66316 5.936
1791641724.201 66314 10.602
1791641724.205 66319 7.493
1791641724.212 66322 8.791
1791641724.214 66324 8.086
1791641724.218 66327 7.630
1791641724.224 66332 6.069
1791641724.226 66330 10.613
1791641724.230 66335 7.712
1791641724.236 66340 5.849
1791641724.238 66338 10.484
1791641724.242 66343 7.648
1791641724.248 66348 5.921
1791641724.250 66346 10.465
1791641724.254 66351 7.595
1791641724.260 66356 6.189
1791641724.262 66354 10.766
1791641724.266 66359 7.383
1791641724.272 66364 6.066
1791641724.274 66362 10.880
1791641724.278 66367 7.419
1791641724.284 66372 5.844
1791641724.286 66370 10.574
1791641724.290 66375 7.288
1791641724.297 66380 6.160
1791641724.299 66378 10.968
1791641724.303 66383 7.509
1791641724.309 66386 9.020
1791641724.311 66388 8.366
1791641724.315 66391 7.466
1791641724.321 66394 8.593
1791641724.323 66396 7.896
1791641724.327 66399 7.343
1791641724.333 66404 5.887
1791641724.335 66402 10.655
1791641724.339 66407 7.460
1791641724.345 66412 5.922
1791641724.347 66410 10.654
1791641724.351 66415 7.376
1791641724.357 66418 8.691
1791641724.359 66420 7.890
1791641724.363 66423 7.454
1791641724.369 66426 8.863
1791641724.371 66428 8.061
1791641724.375 66431 7.637
1791641724.381 66436 5.828
1791641724.383 66434 10.437
1791641724.387 66439 7.463
1791641724.393 66442 8.733
1791641724.395 66444 7.876
1791641724.400 66447 7.389
1791641724.406 66450 8.585
1791641724.408 66452 7.834
1791641724.412 66455 7.339
1791641724.418 66460 5.990
1791641724.420 66458 10.756
1791641724.424 66463 7.392
1791641724.430 66468 5.897
1791641724.432 66466 10.629
1791641724.436 66471 7.369
1791641724.442 66474 9.129
1791641724.444 66476 8.348
1791641724.449 66479 7.851
1791641724.451 66482 5.322
1791641724.455 66484 6.799
1791641724.462 66490 4.424
1791641724.464 66487 10.886
1791641724.468 66495 3.352
1791641724.470 66492 9.862
1791641724.475 66498 5.306
1791641724.481 66500 8.797
1791641724.483 66503 6.363
1791641724.488 66506 6.293
1791641724.490 66508 5.267
1791641724.495 66511 5.916
1791641724.501 66514 7.708
1791641724.503 66516 6.643
1791641724.507 66519 5.855
1791641724.513 66522 7.580
1791641724.515 66524 6.492
1791641724.519 66527 5.894
1791641724.525 66530 7.374
1791641724.527 66532 6.347
1791641724.532 66535 5.897
1791641724.538 66540 4.335
1791641724.540 66538 9.365
1791641724.544 66543 5.874
1791641724.550 66546 7.281
1791641724.552 66548 6.287
1791641724.556 66551 5.824
1791641724.562 66556 4.315
1791641724.564 66554 9.352
1791641724.568 66559 5.912
1791641724.574 66562 7.613
1791641724.576 66564 6.614
1791641724.580 66567 5.870
1791641724.586 66570 7.366
1791641724.588 66572 6.390
1791641724.592 66575 5.900
1791641724.598 66580 4.515
1791641724.600 66578 9.592
1791641724.604 66583 5.766
1791641724.611 66586 7.577
1791641724.613 66588 6.573
1791641724.617 66591 6.232
1791641724.622 66594 7.304
1791641724.624 66596 6.295
1791641724.629 66599 6.052
1791641724.635 66602 7.660
1791641724.637 66604 6.660
1791641724.641 66607 5.841
1791641724.647 66610 7.643
1791641724.649 66612 6.644
1791641724.653 66615 5.879
1791641724.659 66620 4.360
1791641724.661 66618 9.396
1791641724.665 66623 5.879
1791641724.671 66626 7.568
1791641724.673 66628 6.545
1791641724.677 66631 5.820
1791641724.683 66636 4.314
1791641724.685 66634 9.357
1791641724.689 66639 5.835
1791641724.695 66644 4.312
1791641724.697 66642 9.352
1791641724.701 66647 5.910
1791641724.708 66652 4.581
1791641724.710 66650 9.588
1791641724.714 66655 5.879
1791641724.720 66660 4.337
1791641724.722 66658 9.434
1791641724.726 66663 5.778
1791641724.732 66668 4.659
1791641724.734 66666 9.646
1791641724.738 66671 6.107
1791641724.744 66676 4.349
1791641724.746 66674 9.376
1791641724.750 66679 6.140
1791641724.756 66684 4.311
1791641724.758 66682 9.380
1791641724.762 66687 5.851
1791641724.768 66690 7.412
1791641724.770 66692 6.315
1791641724.774 66695 5.809
1791641724.780 66700 4.395
1791641724.782 66698 9.436
1791641724.786 66703 5.739
1791641724.793 66706 7.727
1791641724.795 66708 6.711
1791641724.799 66711 5.856
1791641724.805 66714 7.375
1791641724.807 66716 6.349
1791641724.811 66719 5.871
1791641724.817 66722 7.435
1791641724.819 66724 6.420
1791641724.823 66727 5.929
1791641724.829 66730 7.816
1791641724.831 66732 6.798
1791641724.835 66735 5.872
1791641724.841 66740 4.417
1791641724.843 66738 9.517
1791641724.847 66743 5.862
1791641724.853 66748 4.322
1791641724.855 66746 9.347
1791641724.859 66751 5.794
1791641724.865 66754 7.570
1791641724.868 66756 6.555
1791641724.871 66759 5.755
1791641724.878 66764 4.550
1791641724.880 66762 9.585
1791641724.883 66767 5.837
1791641724.890 66770 7.375
1791641724.892 66772 6.355
1791641724.896 66775 6.001
1791641724.902 66780 4.263
1791641724.904 66778 9.304
1791641724.908 66783 5.974
1791641724.914 66788 4.299
1791641724.916 66786 9.320
1791641724.920 66791 5.869
1791641724.926 66794 7.336
1791641724.928 66796 6.317
1791641724.932 66799 5.906
1791641724.938 66804 4.294
1791641724.940 66802 9.315
1791641724.944 66807 5.848
1791641724.950 66812 4.331
1791641724.952 66810 9.374
1791641724.956 66815 5.929
1791641724.962 66818 7.435
1791641724.964 66820 6.410
1791641724.968 66823 5.847
1791641724.975 66826 7.628
1791641724.977 66828 6.611
1791641724.981 66831 5.857
1791641724.988 66836 5.170
1791641724.990 66834 10.206
1791641724.995 66839 7.648
1791641725.001 66844 6.243
1791641725.003 66842 10.762
1791641725.006 66847 7.385
1791641725.013 66852 6.169
1791641725.015 66850 10.939
1791641725.019 66855 7.582
1791641725.025 66860 6.251
1791641725.027 66858 10.994
1791641725.031 66863 7.367
1791641725.037 66866 8.632
1791641725.039 66868 7.823
1791641725.043 66871 7.467
1791641725.049 66876 6.290
1791641725.051 66874 11.036
1791641725.055 66879 7.429
1791641725.061 66882 8.584
1791641725.063 66884 7.919
1791641725.067 66887 7.452
1791641725.073 66890 8.752
1791641725.075 66892 7.959
1791641725.079 66895 7.432
1791641725.085 66900 5.819
1791641725.087 66898 10.676
1791641725.091 66903 7.266
1791641725.097 66908 5.836
1791641725.099 66906 10.623
1791641725.104 66911 7.362
1791641725.110 66916 5.923
1791641725.112 66914 10.753
1791641725.116 66919 7.479
1791641725.122 66924 6.326
1791641725.124 66922 11.017
1791641725.128 66927 7.392
1791641725.134 66932 5.848
1791641725.136 66930 10.676
1791641725.140 66935 7.367
1791641725.146 66938 8.637
1791641725.148 66940 7.859
1791641725.152 66943 7.346
1791641725.159 66946 9.058
1791641725.161 66948 8.231
1791641725.164 66951 7.405
1791641725.171 66954 8.944
1791641725.173 66956 8.158
1791641725.176 66959 7.470
1791641725.183 66962 9.035
1791641725.185 66964 8.356
1791641725.189 66967 7.548
1791641725.195 66972 6.272
1791641725.197 66970 11.015
1791641725.201 66975 7.384
1791641725.207 66980 6.182
1791641725.209 66978 10.987
1791641725.213 66983 7.291
1791641725.219 66986 8.675
1791641725.221 66988 7.864
1791641725.225 66991 7.687
1791641725.231 66996 6.012
1791641725.233 66994 10.542
1791641725.237 66999 7.649
1791641725.243 67002 8.745
1791641725.245 67004 8.206
1791641725.250 67007 7.748
1791641725.255 67010 8.260
1791641725.257 67012 7.831
1791641725.261 67015 7.355
1791641725.268 67018 9.023
1791641725.270 67020 8.198
1791641725.273 67023 7.369
1791641725.280 67026 8.766
1791641725.282 67028 7.960
1791641725.286 67031 7.360
1791641725.292 67036 5.851
1791641725.294 67034 10.641
1791641725.298 67039 7.444
1791641725.304 67042 8.695
1791641725.306 67044 7.924
1791641725.310 67047 7.371
1791641725.316 67050 8.827
1791641725.318 67052 8.008
1791641725.322 67055 7.400
1791641725.328 67058 8.983
1791641725.330 67060 8.125
1791641725.334 67063 7.352
1791641725.341 67066 8.982
1791641725.343 67068 8.179
1791641725.346 67071 7.432
1791641725.352 67074 8.652
1791641725.354 67076 7.852
1791641725.358 67079 7.413
1791641725.365 67082 9.050
1791641725.367 67084 8.260
1791641725.371 67087 7.414
1791641725.377 67090 8.935
1791641725.379 67092 8.193
1791641725.383 67095 7.550
1791641725.389 67098 8.488
1791641725.391 67100 7.873
1791641725.395 67103 7.371
1791641725.401 67108 5.840
1791641725.403 67106 10.653
1791641725.407 67111 7.404
1791641725.413 67114 8.596
1791641725.415 67116 7.814
1791641725.419 67119 7.262
1791641725.425 67124 6.107
1791641725.427 67122 10.942
1791641725.431 67127 7.337
1791641725.438 67132 6.118
1791641725.440 67130 10.944
1791641725.444 67135 7.703
1791641725.450 67138 8.728
1791641725.452 67140 8.228
1791641725.456 67143 7.527
1791641725.462 67148 6.171
1791641725.464 67146 10.804
1791641725.468 67151 7.359
1791641725.474 67154 8.624
1791641725.476 67156 7.895
1791641725.480 67159 7.445
1791641725.486 67164 5.921
1791641725.488 67162 10.718
1791641725.492 67167 7.356
1791641725.498 67172 5.872
1791641725.500 67170 10.717
1791641725.504 67175 7.515
1791641725.510 67180 5.911
1791641725.512 67178 10.575
1791641725.517 67183 8.080
1791641725.524 67188 7.106
1791641725.526 67186 11.448
1791641725.530 67194 4.727
1791641725.532 67191 11.272
1791641725.536 67199 3.322
1791641725.538 67196 9.860
1791641725.543 67202 5.382
1791641725.550 67207 4.329
1791641725.552 67204 10.658
1791641725.556 67212 3.188
1791641725.558 67210 8.231
1791641725.563 67215 5.777
1791641725.569 67220 4.509
1791641725.571 67218 9.519
1791641725.575 67223 5.727
1791641725.582 67228 4.621
1791641725.584 67226 9.653
1791641725.588 67231 5.831
1791641725.594 67234 7.487
1791641725.596 67236 6.496
1791641725.600 67239 5.728
1791641725.606 67244 4.395
1791641725.608 67242 9.426
1791641725.612 67247 5.865
1791641725.618 67252 4.293
1791641725.620 67250 9.329
1791641725.624 67255 5.928
1791641725.630 67260 4.289
1791641725.632 67258 9.333
1791641725.636 67263 5.766
1791641725.642 67266 7.337
1791641725.644 67268 6.318
1791641725.648 67271 5.721
1791641725.654 67276 4.326
1791641725.656 67274 9.365
1791641725.660 67279 5.744
1791641725.666 67284 4.277
1791641725.668 67282 9.318
1791641725.673 67287 5.944
1791641725.679 67290 7.371
1791641725.681 67292 6.325
1791641725.685 67295 5.834
1791641725.691 67298 7.412
1791641725.693 67300 6.385
1791641725.697 67303 5.768
1791641725.703 67306 7.380
1791641725.705 67308 6.355
1791641725.709 67311 5.835
1791641725.715 67316 4.283
1791641725.717 67314 9.323
1791641725.721 67319 5.770
1791641725.727 67322 7.397
1791641725.729 67324 6.321
1791641725.733 67327 5.867
1791641725.740 67332 4.603
1791641725.742 67330 9.715
1791641725.746 67335 6.063
1791641725.752 67340 4.699
1791641725.754 67338 9.728
1791641725.758 67343 6.062
1791641725.764 67348 4.413
1791641725.766 67346 9.438
1791641725.770 67351 5.780
1791641725.776 67354 7.610
1791641725.778 67356 6.607
1791641725.782 67359 5.784
1791641725.788 67362 7.580
1791641725.790 67364 6.602
1791641725.794 67367 6.024
1791641725.800 67372 4.613
1791641725.802 67370 9.633
1791641725.806 67375 5.783
1791641725.812 67380 4.549
1791641725.814 67378 9.552
1791641725.818 67383 6.087
1791641725.824 67386 7.388
1791641725.826 67388 6.372
1791641725.831 67391 6.482
1791641725.838 67394 9.241
1791641725.840 67396 8.225
1791641725.844 67399 7.384
1791641725.850 67404 6.161
1791641725.852 67402 10.986
1791641725.856 67407 7.648
1791641725.863 67410 8.817
1791641725.865 67412 8.315
1791641725.868 67415 7.367
1791641725.875 67418 9.053
1791641725.877 67420 8.221
1791641725.880 67423 7.285
1791641725.887 67428 6.083
1791641725.889 67426 10.908
1791641725.893 67431 7.641
1791641725.899 67434 8.740
1791641725.901 67436 8.168
1791641725.905 67439 7.687
1791641725.911 67444 6.150
1791641725.913 67442 10.710
1791641725.917 67447 7.343
1791641725.923 67450 9.020
1791641725.925 67452 8.231
1791641725.929 67455 7.475
1791641725.935 67458 8.702
1791641725.937 67460 7.875
1791641725.941 67463 7.601
1791641725.947 67466 8.631
1791641725.949 67468 8.146
1791641725.953 67471 7.293
1791641725.960 67476 6.136
1791641725.962 67474 10.969
1791641725.966 67479 7.599
1791641725.971 67482 8.446
1791641725.973 67484 7.881
1791641725.978 67487 7.461
1791641725.984 67492 6.161
1791641725.986 67490 10.790
1791641725.990 67495 7.383
1791641725.996 67498 8.954
1791641725.998 67500 8.150
1791641726.002 67503 7.286
1791641726.015 67508 13.193
1791641726.017 67506 18.003
1791641726.022 67511 10.296
1791641726.024 67516 9.928
1791641726.026 67514 14.097
1791641726.029 67519 9.753
1791641726.031 67522 7.622
1791641726.034 67524 8.134
1791641726.036 67527 5.602
1791641726.041 67530 5.774
1791641726.048 67532 9.112
1791641726.050 67535 6.636
1791641726.054 67538 6.933
1791641726.056 67540 5.872
1791641726.061 67543 6.109
1791641726.067 67546 7.449
1791641726.069 67548 6.435
1791641726.073 67551 6.144
1791641726.079 67556 4.586
1791641726.081 67554 9.612
1791641726.085 67559 5.763
1791641726.091 67564 4.299
1791641726.093 67562 9.343
1791641726.097 67567 5.910
1791641726.103 67572 4.264
1791641726.105 67570 9.304
1791641726.109 67575 5.808
1791641726.116 67580 4.376
1791641726.118 67578 9.414
1791641726.122 67583 5.898
1791641726.128 67588 4.326
1791641726.130 67586 9.320
1791641726.134 67591 5.874
1791641726.140 67594 7.408
1791641726.142 67596 6.375
1791641726.146 67599 5.876
1791641726.152 67604 4.410
1791641726.154 67602 9.448
1791641726.158 67607 6.126
1791641726.164 67610 7.307
1791641726.166 67612 6.298
1791641726.170 67615 6.040
1791641726.176 67618 7.444
1791641726.178 67620 6.418
1791641726.182 67623 5.770
1791641726.189 67628 4.631
1791641726.191 67626 9.656
1791641726.194 67631 5.857
1791641726.201 67636 4.365
1791641726.203 67634 9.436
1791641726.207 67639 6.575
1791641726.213 67644 4.365
1791641726.215 67642 8.936
1791641726.219 67647 6.083
1791641726.225 67652 4.346
1791641726.227 67650 9.373
1791641726.231 67655 6.079
1791641726.237 67658 7.312
1791641726.239 67660 6.300
1791641726.243 67663 6.055
1791641726.249 67666 7.557
1791641726.251 67668 6.565
1791641726.255 67671 5.959
1791641726.262 67674 7.732
1791641726.264 67676 6.736
1791641726.267 67679 6.041
1791641726.274 67682 7.605
1791641726.276 67684 6.593
1791641726.279 67687 5.765
1791641726.286 67692 4.594
1791641726.288 67690 9.626
1791641726.292 67695 6.088
1791641726.298 67698 7.666
1791641726.300 67700 6.669
1791641726.304 67703 6.074
1791641726.310 67706 7.331
1791641726.312 67708 6.321
1791641726.317 67711 7.252
1791641726.322 67714 7.657
1791641726.324 67716 6.621
1791641726.328 67719 6.120
1791641726.334 67722 7.342
1791641726.336 67724 6.345
1791641726.340 67727 6.217
1791641726.346 67732 4.627
1791641726.348 67730 9.651
1791641726.352 67735 5.822
1791641726.359 67738 7.634
1791641726.361 67740 6.629
1791641726.364 67743 5.936
1791641726.370 67746 7.374
1791641726.372 67748 6.351
1791641726.377 67751 5.869
1791641726.383 67754 7.380
1791641726.385 67756 6.381
1791641726.389 67759 6.000
1791641726.395 67762 7.328
1791641726.397 67764 6.303
1791641726.401 67767 5.944
1791641726.407 67772 4.585
1791641726.409 67770 9.681
1791641726.413 67775 5.834
1791641726.419 67780 4.749
1791641726.421 67778 9.775
1791641726.425 67783 6.116
1791641726.431 67786 7.331
1791641726.433 67788 6.296
1791641726.437 67791 6.052
1791641726.443 67794 7.321
1791641726.445 67796 6.309
1791641726.450 67799 6.037
1791641726.455 67804 4.313
1791641726.457 67802 9.349
1791641726.462 67807 6.121
1791641726.468 67812 4.540
1791641726.470 67810 9.565
1791641726.474 67815 5.808
1791641726.480 67820 4.547
1791641726.482 67818 9.590
1791641726.486 67823 5.894
1791641726.492 67826 7.535
1791641726.494 67828 6.454
1791641726.498 67831 5.964
1791641726.504 67834 7.407
1791641726.506 67836 6.351
1791641726.510 67839 5.853
1791641726.516 67842 7.389
1791641726.518 67844 6.405
1791641726.522 67847 5.873
1791641726.529 67852 4.654
1791641726.531 67850 9.681
1791641726.534 67855 5.820
1791641726.541 67858 7.668
1791641726.543 67860 6.664
1791641726.546 67863 5.877
1791641726.553 67866 7.384
1791641726.555 67868 6.375
1791641726.559 67871 5.825
1791641726.565 67876 4.308
1791641726.567 67874 9.324
1791641726.571 67879 5.943
1791641726.577 67884 4.691
1791641726.579 67882 9.799
1791641726.583 67887 5.847
1791641726.589 67892 4.290
1791641726.591 67890 9.307
1791641726.595 67895 5.832
1791641726.601 67898 7.584
1791641726.603 67900 6.593
1791641726.607 67903 5.809
1791641726.613 67906 7.405
1791641726.615 67908 6.387
1791641726.619 67911 5.837
1791641726.625 67916 4.280
1791641726.627 67914 9.323
1791641726.631 67919 5.834
1791641726.638 67922 7.617
1791641726.640 67924 6.627
1791641726.644 67927 5.902
1791641726.650 67932 4.324
1791641726.652 67930 9.400
1791641726.656 67935 6.429
1791641726.662 67938 7.398
1791641726.664 67940 6.337
1791641726.668 67943 6.070
1791641726.674 67948 4.666
1791641726.676 67946 9.688
1791641726.680 67951 5.940
1791641726.686 67956 4.416
1791641726.688 67954 9.460
1791641726.692 67959 5.876
1791641726.698 67962 7.291
1791641726.700 67964 6.315
1791641726.704 67967 5.780
1791641726.711 67972 4.672
1791641726.713 67970 9.682
1791641726.716 67975 5.934
1791641726.723 67980 4.458
1791641726.725 67978 9.501
1791641726.729 67983 5.864
1791641726.735 67986 7.914
1791641726.737 67988 6.845
1791641726.742 67991 7.409
1791641726.748 67996 5.853
1791641726.750 67994 10.685
1791641726.754 67999 7.383
1791641726.760 68002 8.589
1791641726.762 68004 7.834
1791641726.767 68007 7.425
1791641726.773 68010 8.657
1791641726.775 68012 7.865
1791641726.779 68015 7.497
1791641726.785 68018 9.022
1791641726.787 68020 8.188
1791641726.791 68023 7.595
1791641726.797 68028 5.900
1791641726.799 68026 10.699
1791641726.803 68031 7.399
1791641726.809 68034 8.683
1791641726.811 68036 7.888
1791641726.815 68039 7.471
1791641726.821 68044 5.856
1791641726.823 68042 10.575
1791641726.827 68047 7.328
1791641726.833 68052 5.867
1791641726.835 68050 10.682
1791641726.839 68055 7.457
1791641726.845 68060 5.864
1791641726.847 68058 10.622
1791641726.852 68063 7.451
1791641726.858 68066 8.639
1791641726.860 68068 7.883
1791641726.864 68071 7.431
1791641726.870 68076 6.209
1791641726.872 68074 10.905
1791641726.876 68079 7.407
1791641726.882 68082 8.873
1791641726.884 68084 8.101
1791641726.888 68087 7.499
1791641726.894 68092 6.221
1791641726.896 68090 10.943
1791641726.900 68095 7.440
1791641726.906 68098 8.852
1791641726.908 68100 8.146
1791641726.912 68103 7.366
1791641726.918 68106 8.560
1791641726.920 68108 7.820
1791641726.924 68111 7.397
1791641726.930 68114 8.706
1791641726.932 68116 7.930
1791641726.937 68119 7.522
1791641726.942 68124 5.832
1791641726.944 68122 10.545
1791641726.949 68127 7.617
1791641726.955 68130 8.437
1791641726.957 68132 7.828
1791641726.961 68135 7.585
1791641726.967 68138 8.483
1791641726.969 68140 7.899
1791641726.973 68143 7.574
1791641726.979 68148 5.925
1791641726.981 68146 10.551
1791641726.985 68151 7.323
1791641726.991 68154 8.697
1791641726.993 68156 7.876
1791641726.997 68159 7.447
1791641727.003 68162 8.671
1791641727.005 68164 8.007
1791641727.009 68167 7.470
1791641727.015 68172 5.992
1791641727.017 68170 10.764
1791641727.021 68175 7.371
1791641727.027 68178 8.630
1791641727.029 68180 7.861
1791641727.034 68183 7.426
1791641727.040 68186 8.625
1791641727.042 68188 7.865
1791641727.046 68191 7.399
1791641727.052 68196 6.225
1791641727.054 68194 11.011
1791641727.058 68199 7.423
1791641727.064 68202 8.940
1791641727.066 68204 8.163
1791641727.070 68207 7.754
1791641727.076 68212 5.851
1791641727.078 68210 10.457
1791641727.082 68215 7.353
1791641727.088 68220 5.818
1791641727.090 68218 10.648
1791641727.094 68223 7.355
1791641727.100 68228 5.889
1791641727.102 68226 10.740
1791641727.106 68231 7.481
1791641727.112 68236 5.841
1791641727.114 68234 10.649
1791641727.119 68239 7.439
1791641727.125 68244 6.141
1791641727.127 68242 10.804
1791641727.131 68247 7.881
1791641727.138 68250 9.692
1791641727.140 68252 9.322
1791641727.144 68255 8.818
1791641727.146 68258 6.326
1791641727.151 68263 3.291
1791641727.153 68260 9.839
1791641727.158 68266 5.715
1791641727.164 68271 4.364
1791641727.166 68268 10.987
1791641727.170 68276 3.215
1791641727.172 68274 8.251
1791641727.178 68279 5.983
1791641727.184 68284 4.655
1791641727.186 68282 9.680
1791641727.190 68287 6.084
1791641727.196 68290 7.646
1791641727.198 68292 6.646
1791641727.202 68295 5.862
1791641727.208 68300 4.502
1791641727.210 68298 9.534
1791641727.214 68303 6.045
1791641727.220 68306 7.702
1791641727.222 68308 6.655
1791641727.226 68311 5.803
1791641727.233 68316 4.628
1791641727.235 68314 9.722
1791641727.238 68319 5.908
1791641727.244 68324 4.384
1791641727.246 68322 9.423
1791641727.250 68327 5.757
1791641727.257 68332 4.604
1791641727.259 68330 9.609
1791641727.263 68335 5.786
1791641727.269 68338 7.623
1791641727.271 68340 6.609
1791641727.275 68343 5.771
1791641727.281 68346 7.311
1791641727.283 68348 6.289
1791641727.287 68351 6.020
1791641727.293 68356 4.344
1791641727.295 68354 9.367
1791641727.299 68359 5.917
1791641727.305 68364 4.333
1791641727.307 68362 9.340
1791641727.311 68367 5.838
1791641727.317 68372 4.325
1791641727.319 68370 9.365
1791641727.323 68375 5.902
1791641727.330 68380 4.603
1791641727.332 68378 9.638
1791641727.335 68383 5.740
1791641727.342 68386 7.461
1791641727.344 68388 6.440
1791641727.348 68391 5.855
1791641727.354 68394 7.574
1791641727.356 68396 6.496
1791641727.360 68399 5.903
1791641727.366 68402 7.526
1791641727.368 68404 6.555
1791641727.372 68407 5.746
1791641727.378 68410 7.364
1791641727.380 68412 6.342
1791641727.384 68415 5.832
1791641727.390 68420 4.546
1791641727.392 68418 9.583
1791641727.396 68423 5.878
1791641727.402 68428 4.345
1791641727.404 68426 9.352
1791641727.408 68431 5.885
1791641727.414 68434 7.276
1791641727.416 68436 6.270
1791641727.421 68439 5.971
1791641727.427 68444 4.587
1791641727.429 68442 9.607
1791641727.432 68447 5.776
1791641727.439 68452 4.254
1791641727.441 68450 9.287
1791641727.445 68455 5.945
1791641727.451 68458 7.326
1791641727.453 68460 6.355
1791641727.457 68463 5.770
1791641727.463 68466 7.337
1791641727.465 68468 6.330
1791641727.469 68471 5.737
1791641727.475 68476 4.288
1791641727.477 68474 9.324
1791641727.481 68479 5.714
1791641727.487 68482 7.293
1791641727.489 68484 6.272
1791641727.493 68487 5.716
1791641727.499 68492 4.245
1791641727.501 68490 9.282
1791641727.505 68495 5.630
1791641727.511 68500 4.263
1791641727.513 68498 9.295
1791641727.517 68503 5.759
1791641727.524 68508 4.490
1791641727.526 68506 9.527
1791641727.530 68511 6.088
1791641727.536 68516 4.640
1791641727.538 68514 9.669
1791641727.542 68519 5.918
1791641727.548 68524 4.583
1791641727.550 68522 9.678
1791641727.554 68527 5.792
1791641727.560 68532 4.677
1791641727.562 68530 9.727
1791641727.566 68535 6.023
1791641727.572 68540 4.332
1791641727.574 68538 9.370
1791641727.578 68543 6.076
1791641727.584 68548 4.347
1791641727.586 68546 9.376
1791641727.590 68551 5.786
1791641727.596 68554 7.345
1791641727.598 68556 6.336
1791641727.603 68559 6.205
1791641727.610 68562 8.813
1791641727.612 68564 7.787
1791641727.616 68567 7.365
1791641727.622 68572 5.897
1791641727.624 68570 10.747
1791641727.628 68575 7.343
1791641727.634 68580 5.800
1791641727.636 68578 10.670
1791641727.640 68583 7.350
1791641727.646 68586 8.665
1791641727.648 68588 7.847
1791641727.653 68591 7.342
1791641727.659 68594 8.688
1791641727.661 68596 7.892
1791641727.665 68599 7.360
1791641727.671 68604 5.894
1791641727.673 68602 10.728
1791641727.677 68607 7.339
1791641727.683 68610 8.745
1791641727.685 68612 7.906
1791641727.689 68615 7.323
1791641727.695 68620 5.872
1791641727.697 68618 10.740
1791641727.701 68623 7.400
1791641727.707 68626 8.715
1791641727.709 68628 7.871
1791641727.714 68631 7.631
1791641727.719 68634 8.448
1791641727.721 68636 7.906
1791641727.726 68639 7.608
1791641727.732 68644 6.288
1791641727.734 68642 10.877
1791641727.738 68647 7.590
1791641727.744 68650 8.758
1791641727.746 68652 8.200
1791641727.750 68655 7.638
1791641727.756 68660 6.192
1791641727.758 68658 10.777
1791641727.762 68663 7.372
1791641727.768 68668 5.816
1791641727.770 68666 10.601
1791641727.774 68671 7.409
1791641727.780 68674 8.843
1791641727.782 68676 8.018
1791641727.786 68679 7.652
1791641727.792 68682 8.331
1791641727.794 68684 7.846
1791641727.799 68687 7.720
1791641727.806 68692 7.253
1791641727.808 68690 11.667
1791641727.812 68698 4.323
1791641727.814 68695 10.849
1791641727.819 68703 3.482
1791641727.821 68700 10.026
1791641727.826 68706 5.816
1791641727.832 68708 8.952
1791641727.834 68711 6.468
1791641727.838 68716 3.196
1791641727.840 68714 8.242
1791641727.845 68719 5.775
1791641727.851 68722 7.340
1791641727.853 68724 6.312
1791641727.857 68727 5.785
1791641727.863 68730 7.369
1791641727.865 68732 6.338
1791641727.869 68735 5.794
1791641727.876 68738 7.509
1791641727.878 68740 6.481
1791641727.882 68743 6.086
1791641727.888 68748 4.372
1791641727.890 68746 9.400
1791641727.894 68751 5.754
1791641727.900 68756 4.648
1791641727.902 68754 9.721
1791641727.906 68759 5.778
1791641727.912 68764 4.652
1791641727.914 68762 9.685
1791641727.918 68767 5.759
1791641727.924 68772 4.569
1791641727.926 68770 9.614
1791641727.930 68775 6.041
1791641727.937 68778 7.597
1791641727.939 68780 6.585
1791641727.942 68783 5.768
1791641727.949 68786 7.883
1791641727.951 68788 6.886
1791641727.955 68791 5.916
1791641727.961 68796 4.615
1791641727.963 68794 9.637
1791641727.967 68799 5.740
1791641727.973 68802 7.610
1791641727.975 68804 6.605
1791641727.979 68807 5.814
1791641727.985 68810 7.663
1791641727.987 68812 6.570
1791641727.991 68815 5.835
1791641727.997 68818 7.671
1791641727.999 68820 6.627
1791641728.003 68823 6.077
1791641728.009 68828 4.603
1791641728.011 68826 9.631
1791641728.015 68831 5.775
1791641728.022 68836 4.846
1791641728.024 68834 9.881
1791641728.028 68839 6.068
1791641728.034 68842 7.742
1791641728.036 68844 6.734
1791641728.040 68847 6.059
1791641728.046 68852 4.560
1791641728.048 68850 9.590
1791641728.052 68855 6.109
1791641728.058 68858 7.617
1791641728.060 68860 6.548
1791641728.064 68863 5.915
1791641728.070 68868 4.917
1791641728.072 68866 9.929
1791641728.076 68871 5.836
1791641728.082 68874 7.434
1791641728.084 68876 6.435
1791641728.088 68879 6.147
1791641728.094 68884 4.576
1791641728.096 68882 9.606
1791641728.100 68887 5.847
1791641728.107 68890 7.679
1791641728.109 68892 6.611
1791641728.112 68895 5.934
1791641728.119 68900 4.614
1791641728.121 68898 9.640
1791641728.124 68903 5.780
1791641728.131 68906 7.605
1791641728.133 68908 6.621
1791641728.137 68911 6.090
1791641728.143 68916 4.294
1791641728.145 68914 9.321
1791641728.149 68919 6.060
1791641728.155 68924 4.705
1791641728.157 68922 9.722
1791641728.161 68927 6.020
1791641728.167 68932 4.305
1791641728.169 68930 9.342
1791641728.173 68935 5.999
1791641728.179 68940 4.313
1791641728.181 68938 9.348
1791641728.185 68943 5.896
1791641728.191 68948 4.462
1791641728.193 68946 9.508
1791641728.197 68951 5.827
1791641728.203 68956 4.335
1791641728.205 68954 9.374
1791641728.210 68959 6.134
1791641728.216 68962 7.671
1791641728.218 68964 6.663
1791641728.222 68967 6.118
1791641728.228 68972 4.623
1791641728.230 68970 9.649
1791641728.234 68975 5.956
1791641728.240 68980 4.653
1791641728.242 68978 9.675
1791641728.246 68983 5.766
1791641728.252 68988 4.653
1791641728.254 68986 9.689
1791641728.258 68991 6.163
1791641728.264 68996 4.339
1791641728.266 68994 9.382
1791641728.270 68999 5.949
1791641728.276 69004 4.560
1791641728.278 69002 9.598
1791641728.282 69007 6.062
1791641728.288 69010 7.332
1791641728.290 69012 6.321
1791641728.295 69015 6.084
1791641728.300 69018 7.297
1791641728.302 69020 6.288
1791641728.306 69023 5.805
1791641728.313 69028 4.614
1791641728.315 69026 9.638
1791641728.319 69031 5.858
1791641728.325 69036 4.435
1791641728.327 69034 9.476
1791641728.331 69039 5.981
1791641728.337 69044 4.740
1791641728.339 69042 9.762
1791641728.343 69047 6.045
1791641728.349 69052 4.543
1791641728.351 69050 9.570
1791641728.355 69055 5.862
1791641728.361 69058 7.318
1791641728.363 69060 6.294
1791641728.367 69063 5.791
1791641728.373 69068 4.342
1791641728.375 69066 9.383
1791641728.380 69071 6.087
1791641728.386 69076 4.556
1791641728.388 69074 9.585
1791641728.392 69079 6.120
1791641728.398 69084 4.425
1791641728.400 69082 9.451
1791641728.404 69087 6.063
1791641728.410 69090 7.369
1791641728.412 69092 6.358
1791641728.416 69095 6.036
1791641728.422 69098 7.346
1791641728.424 69100 6.343
1791641728.428 69103 6.078
1791641728.434 69108 4.296
1791641728.436 69106 9.320
1791641728.440 69111 5.879
1791641728.446 69114 7.567
1791641728.448 69116 6.552
1791641728.452 69119 5.745
1791641728.458 69122 7.333
1791641728.460 69124 6.325
1791641728.464 69127 5.775
1791641728.470 69130 7.291
1791641728.472 69132 6.276
1791641728.477 69135 6.113
1791641728.483 69138 7.569
1791641728.485 69140 6.564
1791641728.489 69143 6.095
1791641728.495 69146 7.330
1791641728.497 69148 6.312
1791641728.501 69151 5.780
1791641728.507 69154 7.824
1791641728.509 69156 6.796
1791641728.515 69159 7.529
1791641728.520 69162 8.393
1791641728.522 69164 7.857
1791641728.526 69167 7.298
1791641728.533 69172 5.770
1791641728.535 69170 10.654
1791641728.539 69175 7.629
1791641728.545 69178 8.439
1791641728.547 69180 7.909
1791641728.551 69183 7.715
1791641728.557 69186 8.573
1791641728.559 69188 8.033
1791641728.564 69191 8.055
1791641728.569 69194 8.354
1791641728.571 69196 7.976
1791641728.575 69199 7.277
1791641728.581 69204 6.196
1791641728.584 69202 11.053
1791641728.587 69207 7.451
1791641728.594 69212 6.183
1791641728.596 69210 11.024
1791641728.599 69215 7.448
1791641728.606 69220 6.182
1791641728.608 69218 10.996
1791641728.611 69223 7.319
1791641728.618 69228 5.796
1791641728.620 69226 10.621
1791641728.624 69231 7.654
1791641728.630 69236 5.825
1791641728.632 69234 10.364
1791641728.636 69239 7.666
1791641728.642 69244 5.842
1791641728.644 69242 10.332
1791641728.648 69247 7.411
1791641728.654 69252 5.816
1791641728.656 69250 10.628
1791641728.660 69255 7.378
1791641728.666 69258 8.657
1791641728.668 69260 7.843
1791641728.672 69263 7.347
1791641728.678 69266 8.631
1791641728.680 69268 7.854
1791641728.684 69271 7.479
1791641728.690 69274 8.658
1791641728.692 69276 7.875
1791641728.697 69279 7.418
1791641728.703 69282 8.768
1791641728.705 69284 8.010
1791641728.709 69287 7.414
1791641728.715 69292 5.902
1791641728.717 69290 10.599
1791641728.721 69295 7.463
1791641728.727 69298 8.918
1791641728.729 69300 8.191
1791641728.733 69303 7.465
1791641728.739 69306 8.679
1791641728.741 69308 7.941
1791641728.745 69311 7.413
1791641728.751 69314 8.972
1791641728.753 69316 8.167
1791641728.757 69319 7.431
1791641728.764 69322 9.020
1791641728.766 69324 8.240
1791641728.770 69327 7.576
1791641728.776 69330 8.839
1791641728.778 69332 8.154
1791641728.781 69335 7.354
1791641728.788 69338 8.902
1791641728.790 69340 8.130
1791641728.794 69343 7.353
1791641728.800 69346 8.968
1791641728.802 69348 8.201
1791641728.806 69351 7.494
1791641728.812 69354 8.771
1791641728.814 69356 8.071
1791641728.818 69359 7.424
1791641728.824 69364 6.068
1791641728.826 69362 10.802
1791641728.830 69367 7.428
1791641728.836 69370 9.001
1791641728.838 69372 8.264
1791641728.842 69375 7.420
1791641728.848 69378 8.854
1791641728.850 69380 8.139
1791641728.854 69383 7.382
1791641728.860 69388 5.909
1791641728.862 69386 10.697
1791641728.867 69391 7.471
1791641728.873 69396 6.215
1791641728.875 69394 11.002
1791641728.879 69399 7.489
1791641728.885 69404 6.209
1791641728.887 69402 10.886
1791641728.891 69407 7.488
1791641728.897 69412 6.163
1791641728.899 69410 10.849
1791641728.903 69415 7.599
1791641728.909 69418 8.746
1791641728.911 69420 8.171
1791641728.915 69423 7.432
1791641728.921 69428 5.890
1791641728.923 69426 10.699
1791641728.927 69431 7.451
1791641728.933 69436 5.896
1791641728.935 69434 10.749
1791641728.939 69439 7.310
1791641728.945 69444 5.877
1791641728.947 69442 10.710
1791641728.952 69447 7.742
1791641728.957 69452 5.853
1791641728.959 69450 10.382
1791641728.964 69455 7.387
1791641728.970 69460 6.007
1791641728.972 69458 10.797
1791641728.976 69463 7.367
1791641728.982 69466 8.559
1791641728.984 69468 7.826
1791641728.988 69471 7.398
1791641728.994 69476 5.828
1791641728.996 69474 10.632
1791641729.000 69479 7.495
1791641729.006 69484 5.861
1791641729.008 69482 10.635
1791641729.012 69487 7.415
1791641729.018 69490 8.740
1791641729.020 69492 7.951
1791641729.024 69495 7.391
1791641729.030 69498 8.689
1791641729.032 69500 7.889
1791641729.037 69503 7.597
1791641729.043 69506 8.737
1791641729.045 69508 8.113
1791641729.049 69511 7.560
1791641729.055 69514 8.466
1791641729.057 69516 7.868
1791641729.061 69519 7.385
1791641729.067 69524 6.271
1791641729.069 69522 11.022
1791641729.073 69527 7.538
1791641729.079 69530 8.676
1791641729.081 69532 7.967
1791641729.085 69535 6.345
1791641729.091 69540 6.228
1791641729.093 69538 10.897
1791641729.097 69543 7.557
1791641729.104 69548 6.349
1791641729.106 69546 11.005
1791641729.109 69551 7.457
1791641729.115 69554 8.553
1791641729.117 69556 7.876
1791641729.121 69559 7.495
1791641729.128 69564 5.989
1791641729.130 69562 10.749
1791641729.133 69567 7.322
1791641729.140 69572 5.867
1791641729.142 69570 10.696
1791641729.146 69575 7.274
1791641729.152 69578 8.615
1791641729.154 69580 7.830
1791641729.158 69583 7.428
1791641729.164 69586 8.675
1791641729.166 69588 7.904
1791641729.170 69591 7.546
1791641729.176 69594 8.779
1791641729.178 69596 8.158
1791641729.182 69599 7.215
1791641729.188 69604 6.092
1791641729.190 69602 10.921
1791641729.194 69607 7.336
1791641729.200 69610 8.665
1791641729.202 69612 7.851
1791641729.207 69615 7.571
1791641729.213 69620 6.184
1791641729.215 69618 10.682
1791641729.219 69623 7.681
1791641729.225 69626 8.742
1791641729.227 69628 8.200
1791641729.231 69631 7.603
1791641729.237 69634 8.646
1791641729.239 69636 7.885
1791641729.243 69639 7.535
1791641729.249 69644 6.230
1791641729.251 69642 10.927
1791641729.255 69647 7.515
1791641729.261 69652 6.176
1791641729.263 69650 10.867
1791641729.267 69655 7.477
1791641729.273 69658 8.882
1791641729.275 69660 8.190
1791641729.279 69663 7.570
1791641729.285 69666 8.431
1791641729.287 69668 7.825
1791641729.291 69671 7.536
1791641729.298 69676 6.078
1791641729.300 69674 10.885
1791641729.303 69679 7.450
1791641729.309 69684 5.836
1791641729.311 69682 10.536
1791641729.315 69687 7.293
1791641729.322 69690 8.855
1791641729.324 69692 8.039
1791641729.328 69695 7.329
1791641729.334 69698 8.690
1791641729.336 69700 7.868
1791641729.340 69703 7.425
1791641729.346 69706 8.695
1791641729.348 69708 7.832
1791641729.352 69711 7.267
1791641729.358 69714 8.775
1791641729.360 69716 7.981
1791641729.364 69719 7.604
1791641729.370 69722 8.620
1791641729.372 69724 7.931
1791641729.376 69727 7.335
1791641729.382 69732 5.828
1791641729.384 69730 10.698
1791641729.388 69735 7.448
1791641729.394 69738 8.606
1791641729.396 69740 7.894
1791641729.401 69743 7.453
1791641729.407 69746 8.625
1791641729.409 69748 7.899
1791641729.413 69751 7.380
1791641729.419 69754 9.023
1791641729.421 69756 8.252
1791641729.425 69759 7.341
1791641729.431 69764 6.063
1791641729.433 69762 10.910
1791641729.437 69767 7.692
1791641729.443 69770 8.445
1791641729.445 69772 7.920
1791641729.449 69775 7.805
1791641729.455 69780 5.900
1791641729.457 69778 10.420
1791641729.461 69783 7.399
1791641729.467 69788 5.907
1791641729.469 69786 10.739
1791641729.473 69791 7.488
1791641729.480 69794 8.793
1791641729.482 69796 8.140
1791641729.485 69799 7.371
1791641729.492 69804 5.824
1791641729.494 69802 10.521
1791641729.498 69807 7.548
1791641729.504 69810 8.499
1791641729.506 69812 7.867
1791641729.510 69815 7.299
1791641729.516 69818 8.684
1791641729.518 69820 7.896
1791641729.522 69823 7.633
1791641729.528 69828 6.220
1791641729.530 69826 10.760
1791641729.534 69831 7.366
1791641729.540 69834 8.646
1791641729.542 69836 7.802
1791641729.546 69839 7.407
1791641729.552 69842 8.569
1791641729.554 69844 7.902
1791641729.558 69847 7.431
1791641729.565 69850 8.886
1791641729.567 69852 8.066
1791641729.571 69855 7.684
1791641729.577 69858 8.837
1791641729.579 69860 8.298
1791641729.583 69863 7.655
1791641729.589 69866 8.413
1791641729.591 69868 7.884
1791641729.595 69871 7.693
1791641729.601 69874 8.560
1791641729.603 69876 8.005
1791641729.607 69879 7.342
1791641729.613 69882 8.728
1791641729.615 69884 7.915
1791641729.619 69887 7.626
1791641729.625 69892 6.131
1791641729.627 69890 10.750
1791641729.631 69895 7.511
1791641729.637 69900 5.973
1791641729.639 69898 10.647
1791641729.644 69903 7.625
1791641729.650 69906 8.708
1791641729.652 69908 8.161
1791641729.656 69911 7.491
1791641729.662 69916 5.980
1791641729.664 69914 10.780
1791641729.668 69919 7.394
1791641729.674 69924 5.873
1791641729.676 69922 10.617
1791641729.680 69927 7.501
1791641729.686 69930 8.665
1791641729.688 69932 7.935
1791641729.692 69935 7.503
1791641729.698 69940 6.291
1791641729.700 69938 10.974
1791641729.704 69943 7.371
1791641729.710 69946 8.642
1791641729.712 69948 7.883
1791641729.716 69951 7.501
1791641729.722 69956 5.876
1791641729.724 69954 10.519
1791641729.728 69959 7.317
1791641729.734 69962 8.694
1791641729.736 69964 7.895
1791641729.741 69967 7.481
1791641729.746 69970 8.469
1791641729.748 69972 7.896
1791641729.752 69975 7.354
1791641729.759 69980 5.911
1791641729.761 69978 10.758
1791641729.765 69983 7.626
1791641729.771 69986 8.446
1791641729.773 69988 7.912
1791641729.777 69991 7.591
1791641729.783 69994 8.683
1791641729.785 69996 7.882
1791641729.789 69999 7.483
1791641729.795 70004 5.943
1791641729.797 70002 10.799
1791641729.801 70007 7.416
1791641729.807 70010 8.887
1791641729.809 70012 8.155
1791641729.813 70015 7.391
1791641729.819 70020 6.014
1791641729.821 70018 10.776
1791641729.825 70023 7.370
1791641729.832 70026 9.010
1791641729.834 70028 8.267
1791641729.838 70031 7.391
1791641729.844 70034 8.705
1791641729.846 70036 7.947
1791641729.850 70039 7.423
1791641729.856 70042 8.909
1791641729.858 70044 8.191
1791641729.862 70047 7.443
1791641729.868 70052 5.859
1791641729.870 70050 10.598
1791641729.874 70055 7.378
1791641729.880 70058 8.735
1791641729.882 70060 7.947
1791641729.886 70063 7.545
1791641729.892 70066 8.887
1791641729.894 70068 8.205
1791641729.899 70071 7.817
1791641729.904 70076 5.809
1791641729.906 70074 10.504
1791641729.911 70079 7.638
1791641729.917 70082 8.760
1791641729.919 70084 8.230
1791641729.922 70087 7.346
1791641729.929 70090 8.695
1791641729.931 70092 7.861
1791641729.934 70095 7.270
1791641729.941 70098 8.790
1791641729.943 70100 7.974
1791641729.947 70103 7.409
1791641729.953 70108 5.985
1791641729.955 70106 10.735
1791641729.959 70111 7.350
1791641729.965 70114 8.796
1791641729.967 70116 7.896
1791641729.971 70119 7.257
1791641729.977 70122 8.628
1791641729.979 70124 7.722
1791641729.983 70127 7.205
1791641729.989 70132 5.724
1791641729.991 70130 10.625
1791641729.995 70135 7.288
1791641730.001 70138 8.590
1791641730.003 70140 7.761
1791641730.007 70143 7.307
1791641730.013 70146 8.625
1791641730.015 70148 7.752
1791641730.019 70151 7.251
1791641730.026 70154 8.621
1791641730.028 70156 7.774
1791641730.032 70159 7.498
1791641730.038 70162 8.572
1791641730.040 70164 7.905
1791641730.044 70167 7.308
1791641730.050 70170 8.745
1791641730.052 70172 7.893
1791641730.056 70175 7.336
1791641730.062 70178 8.765
1791641730.064 70180 7.891
1791641730.068 70183 7.334
1791641730.074 70186 8.728
1791641730.076 70188 7.866
1791641730.080 70191 7.367
1791641730.086 70194 8.705
1791641730.088 70196 7.854
1791641730.092 70199 7.379
1791641730.099 70202 8.964
1791641730.101 70204 8.128
1791641730.105 70207 7.674
1791641730.111 70212 6.027
1791641730.113 70210 10.578
1791641730.117 70215 7.669
1791641730.123 70220 5.932
1791641730.125 70218 10.640
1791641730.129 70223 7.413
1791641730.135 70226 8.724
1791641730.137 70228 7.915
1791641730.141 70231 7.365
1791641730.147 70236 5.821
1791641730.149 70234 10.672
1791641730.153 70239 7.665
1791641730.159 70244 6.020
1791641730.161 70242 10.562
1791641730.171 70247 13.366
1791641730.177 70252 8.650
1791641730.179 70255 9.273
1791641730.181 70250 12.776
1791641730.184 70260 6.680
1791641730.186 70258 11.735
1791641730.190 70263 7.746
1791641730.196 70266 8.695
1791641730.198 70268 8.183
1791641730.202 70271 7.537
1791641730.208 70274 8.613
1791641730.210 70276 7.952
1791641730.214 70279 7.482
1791641730.220 70282 8.641
1791641730.222 70284 7.918
1791641730.226 70287 7.378
1791641730.232 70290 8.848
1791641730.234 70292 7.994
1791641730.238 70295 7.427
1791641730.244 70298 8.832
1791641730.246 70300 7.999
1791641730.250 70303 7.404
1791641730.257 70306 9.091
1791641730.259 70308 8.260
1791641730.262 70311 7.318
1791641730.268 70314 8.754
1791641730.270 70316 7.901
1791641730.275 70319 7.755
1791641730.282 70322 9.703
1791641730.284 70324 9.298
1791641730.288 70330 4.369
1791641730.290 70327 10.922
1791641730.295 70332 8.111
1791641730.297 70335 5.613
1791641730.301 70338 5.269
1791641730.308 70343 4.296
1791641730.310 70340 10.707
1791641730.314 70348 3.174
1791641730.316 70346 8.221
1791641730.321 70351 5.810
1791641730.328 70356 4.353
1791641730.330 70354 9.390
1791641730.334 70359 5.800
1791641730.340 70362 7.303
1791641730.342 70364 6.280
1791641730.346 70367 5.916
1791641730.352 70370 7.383
1791641730.354 70372 6.364
1791641730.358 70375 5.720
1791641730.364 70380 4.401
1791641730.366 70378 9.438
1791641730.370 70383 5.829
1791641730.376 70386 7.321
1791641730.378 70388 6.336
1791641730.382 70391 5.763
1791641730.388 70396 4.308
1791641730.390 70394 9.351
1791641730.394 70399 5.800
1791641730.400 70402 7.411
1791641730.402 70404 6.387
1791641730.406 70407 5.827
1791641730.412 70410 7.337
1791641730.414 70412 6.311
1791641730.419 70415 5.984
1791641730.425 70418 7.330
1791641730.427 70420 6.346
1791641730.431 70423 5.872
1791641730.437 70426 7.447
1791641730.439 70428 6.420
1791641730.443 70431 5.831
1791641730.449 70436 4.342
1791641730.451 70434 9.389
1791641730.455 70439 5.797
1791641730.461 70442 7.562
1791641730.463 70444 6.538
1791641730.467 70447 5.783
1791641730.473 70452 4.586
1791641730.475 70450 9.620
1791641730.479 70455 5.831
1791641730.486 70458 7.602
1791641730.488 70460 6.589
1791641730.492 70463 6.209
1791641730.497 70468 4.276
1791641730.499 70466 9.305
1791641730.504 70471 6.070
1791641730.510 70474 7.296
1791641730.512 70476 6.283
1791641730.516 70479 6.060
1791641730.522 70482 7.348
1791641730.524 70484 6.334
1791641730.528 70487 6.069
1791641730.534 70492 4.562
1791641730.536 70490 9.586
1791641730.540 70495 6.082
1791641730.546 70498 7.567
1791641730.548 70500 6.560
1791641730.552 70503 5.999
1791641730.558 70506 7.597
1791641730.560 70508 6.583
1791641730.565 70511 6.178
1791641730.571 70516 4.588
1791641730.573 70514 9.621
1791641730.577 70519 6.071
1791641730.582 70524 4.344
1791641730.584 70522 9.375
1791641730.589 70527 6.091
1791641730.595 70532 4.349
1791641730.597 70530 9.376
1791641730.601 70535 6.090
1791641730.607 70540 4.350
1791641730.609 70538 9.379
1791641730.613 70543 6.051
1791641730.619 70546 7.377
1791641730.621 70548 6.369
1791641730.625 70551 6.059
1791641730.631 70556 4.589
1791641730.633 70554 9.610
1791641730.637 70559 6.178
1791641730.643 70562 7.534
1791641730.645 70564 6.584
1791641730.649 70567 5.761
1791641730.656 70572 4.552
1791641730.658 70570 9.589
1791641730.662 70575 6.041
1791641730.667 70578 7.307
1791641730.669 70580 6.295
1791641730.674 70583 5.931
1791641730.680 70586 7.381
1791641730.682 70588 6.357
1791641730.686 70591 5.816
1791641730.692 70594 7.330
1791641730.694 70596 6.310
1791641730.698 70599 6.138
1791641730.704 70602 7.333
1791641730.706 70604 6.318
1791641730.710 70607 6.003
1791641730.716 70610 7.591
1791641730.718 70612 6.591
1791641730.722 70615 6.043
1791641730.728 70618 7.388
1791641730.730 70620 6.326
1791641730.734 70623 6.036
1791641730.741 70626 7.609
1791641730.743 70628 6.596
1791641730.746 70631 5.758
1791641730.752 70634 7.344
1791641730.754 70636 6.316
1791641730.759 70639 5.887
1791641730.765 70644 4.383
1791641730.767 70642 9.425
1791641730.771 70647 6.108
1791641730.777 70652 4.398
1791641730.779 70650 9.421
1791641730.783 70655 5.730
1791641730.789 70660 4.319
1791641730.791 70658 9.344
1791641730.795 70663 6.069
1791641730.801 70666 7.625
1791641730.803 70668 6.610
1791641730.807 70671 5.768
1791641730.813 70674 7.703
1791641730.815 70676 6.712
1791641730.819 70679 6.037
1791641730.825 70682 7.287
1791641730.827 70684 6.274
1791641730.831 70687 6.050
1791641730.837 70690 7.336
1791641730.839 70692 6.317
1791641730.843 70695 5.774
1791641730.849 70700 4.260
1791641730.851 70698 9.300
1791641730.855 70703 5.753
1791641730.862 70706 7.696
1791641730.864 70708 6.708
1791641730.868 70711 5.787
1791641730.874 70716 4.344
1791641730.876 70714 9.388
1791641730.880 70719 5.857
1791641730.886 70722 7.311
1791641730.888 70724 6.284
1791641730.892 70727 5.763
1791641730.898 70730 7.359
1791641730.900 70732 6.333
1791641730.904 70735 5.778
1791641730.910 70738 7.640
1791641730.912 70740 6.584
1791641730.916 70743 6.063
1791641730.923 70746 7.654
1791641730.925 70748 6.646
1791641730.928 70751 5.877
1791641730.935 70754 7.786
1791641730.937 70756 6.769
1791641730.941 70759 5.884
1791641730.947 70764 4.308
1791641730.949 70762 9.350
1791641730.953 70767 5.787
1791641730.959 70772 4.370
1791641730.961 70770 9.411
1791641730.965 70775 5.799
1791641730.971 70778 7.412
1791641730.973 70780 6.384
1791641730.977 70783 5.872
1791641730.983 70786 7.323
1791641730.985 70788 6.302
1791641730.989 70791 6.023
1791641730.995 70796 4.641
1791641730.997 70794 9.679
1791641731.001 70799 5.913
1791641731.007 70802 7.433
1791641731.009 70804 6.405
1791641731.013 70807 5.811
1791641731.019 70810 7.361
1791641731.021 70812 6.334
1791641731.025 70815 5.759
1791641731.032 70818 7.628
1791641731.034 70820 6.611
1791641731.038 70823 6.077
1791641731.044 70826 7.621
1791641731.046 70828 6.613
1791641731.050 70831 5.746
1791641731.058 70836 6.256
1791641731.060 70834 11.293
1791641731.163 70839 107.101
1791641731.166 70847 98.179
1791641731.168 70855 88.048
1791641731.170 70863 77.918
1791641731.172 70871 67.786
1791641731.174 70879 57.654
1791641731.176 70887 47.525
1791641731.178 70895 37.392
1791641731.180 70903 27.262
1791641731.182 70842 121.809
1791641731.184 70850 111.679
1791641731.186 70858 101.554
1791641731.188 70866 91.409
1791641731.190 70874 81.275
1791641731.192 70882 71.149
1791641731.194 70890 61.090
1791641731.196 70898 50.891
1791641731.198 70906 40.742
1791641731.200 70844 136.837
1791641731.202 70852 126.706
1791641731.205 70860 116.576
1791641731.207 70868 106.444
1791641731.209 70876 96.305
1791641731.211 70884 86.175
1791641731.213 70892 76.040
1791641731.215 70900 65.904
1791641731.217 70908 55.776
1791641731.220 70911 54.683
1791641731.222 70919 44.555
1791641731.224 70927 34.429
1791641731.226 70935 24.280
1791641731.228 70916 55.131
1791641731.230 70924 45.007
1791641731.232 70932 34.881
1791641731.234 70940 24.755
1791641731.236 70914 66.256
1791641731.238 70922 56.067
1791641731.240 70930 45.948
1791641731.242 70938 35.823
1791641731.245 70946 26.739
1791641731.247 70954 16.700
1791641731.249 70948 27.737
1791641731.251 70956 17.602
1791641731.253 70943 39.332
1791641731.255 70951 29.199
1791641731.258 70959 20.113
1791641731.260 70967 9.998
1791641731.262 70964 16.559
1791641731.264 70962 21.287
1791641731.267 70970 11.852
1791641731.269 70972 11.162
1791641731.272 70975 9.318
1791641731.276 70978 8.500
1791641731.278 70980 7.968
1791641731.282 70983 7.470
1791641731.289 70986 9.951
1791641731.291 70988 9.254
1791641731.295 70991 8.182
1791641731.302 70996 7.100
1791641731.304 70994 11.866
1791641731.308 70999 9.128
1791641731.310 71002 6.719
1791641731.314 71007 3.305
1791641731.316 71004 9.839
1791641731.321 71010 5.309
1791641731.327 71015 4.299
1791641731.329 71012 10.748
1791641731.334 71018 6.230
1791641731.336 71020 5.215
1791641731.341 71023 5.998
1791641731.347 71028 4.601
1791641731.349 71026 9.626
1791641731.353 71031 5.814
1791641731.360 71036 4.638
1791641731.362 71034 9.650
1791641731.365 71039 5.936
1791641731.371 71042 7.273
1791641731.373 71044 6.290
1791641731.377 71047 5.765
1791641731.384 71052 4.629
1791641731.386 71050 9.663
1791641731.390 71055 5.827
1791641731.396 71058 7.348
1791641731.398 71060 6.328
1791641731.402 71063 5.882
1791641731.408 71066 7.373
1791641731.410 71068 6.350
1791641731.414 71071 5.867
1791641731.420 71076 4.342
1791641731.422 71074 9.385
1791641731.426 71079 5.836
1791641731.432 71082 7.585
1791641731.434 71084 6.568
1791641731.438 71087 5.790
1791641731.444 71092 4.298
1791641731.446 71090 9.340
1791641731.450 71095 5.793
1791641731.456 71098 7.319
1791641731.458 71100 6.298
1791641731.463 71103 5.979
1791641731.469 71106 7.342
1791641731.471 71108 6.319
1791641731.475 71111 5.906
1791641731.481 71116 4.316
1791641731.483 71114 9.366
1791641731.487 71119 5.809
1791641731.493 71124 4.260
1791641731.495 71122 9.291
1791641731.499 71127 5.801
1791641731.505 71130 7.301
1791641731.507 71132 6.278
1791641731.511 71135 6.102
1791641731.517 71140 4.620
1791641731.519 71138 9.662
1791641731.523 71143 6.086
1791641731.530 71146 7.627
1791641731.532 71148 6.609
1791641731.535 71151 5.984
1791641731.541 71156 4.274
1791641731.543 71154 9.318
1791641731.547 71159 5.758
1791641731.554 71162 7.634
1791641731.556 71164 6.640
1791641731.560 71167 5.992
1791641731.566 71172 4.413
1791641731.568 71170 9.437
1791641731.572 71175 5.839
1791641731.578 71178 7.397
1791641731.580 71180 6.377
1791641731.584 71183 5.911
1791641731.590 71186 7.340
1791641731.592 71188 6.319
1791641731.596 71191 5.825
1791641731.602 71194 7.514
1791641731.604 71196 6.508
1791641731.608 71199 5.871
1791641731.614 71204 4.328
1791641731.616 71202 9.323
1791641731.620 71207 5.810
1791641731.627 71210 7.682
1791641731.629 71212 6.662
1791641731.632 71215 5.876
1791641731.639 71220 4.358
1791641731.641 71218 9.466
1791641731.645 71223 5.839
1791641731.651 71228 4.396
1791641731.653 71226 9.418
1791641731.657 71231 5.957
1791641731.663 71234 7.358
1791641731.665 71236 6.336
1791641731.669 71239 5.807
1791641731.675 71242 7.568
1791641731.677 71244 6.552
1791641731.681 71247 5.897
1791641731.687 71250 7.330
1791641731.689 71252 6.302
1791641731.693 71255 5.903
1791641731.699 71260 4.365
1791641731.701 71258 9.375
1791641731.705 71263 5.984
1791641731.711 71266 7.364
1791641731.713 71268 6.354
1791641731.717 71271 5.855
1791641731.723 71276 4.319
1791641731.725 71274 9.322
1791641731.730 71279 6.247
1791641731.737 71282 9.050
1791641731.739 71284 8.033
1791641731.743 71287 7.406
1791641731.749 71290 8.729
1791641731.751 71292 7.892
1791641731.756 71295 7.794
1791641731.761 71298 8.410
1791641731.763 71300 7.881
1791641731.768 71303 7.457
1791641731.774 71306 8.909
1791641731.776 71308 8.081
1791641731.780 71311 7.542
1791641731.786 71314 8.942
1791641731.788 71316 8.233
1791641731.792 71319 7.460
1791641731.798 71324 6.022
1791641731.800 71322 10.863
1791641731.804 71327 7.427
1791641731.810 71332 5.916
1791641731.812 71330 10.721
1791641731.816 71335 7.362
1791641731.822 71340 6.119
1791641731.824 71338 10.962
1791641731.828 71343 7.371
1791641731.834 71348 5.825
1791641731.836 71346 10.649
1791641731.840 71351 7.470
1791641731.847 71356 6.043
1791641731.849 71354 10.796
1791641731.853 71359 7.499
1791641731.859 71364 6.179
1791641731.861 71362 10.830
1791641731.865 71367 7.467
1791641731.871 71370 8.760
1791641731.873 71372 8.161
1791641731.877 71375 7.521
1791641731.883 71378 8.698
1791641731.885 71380 7.867
1791641731.889 71383 7.503
1791641731.895 71388 6.162
1791641731.897 71386 10.864
1791641731.901 71391 7.397
1791641731.907 71394 8.789
1791641731.909 71396 8.074
1791641731.914 71399 7.748
1791641731.920 71404 6.324
1791641731.922 71402 10.850
1791641731.926 71407 7.660
1791641731.931 71412 5.910
1791641731.933 71410 10.440
1791641731.937 71415 7.400
1791641731.943 71418 8.656
1791641731.945 71420 7.878
1791641731.950 71423 7.587
1791641731.956 71428 5.875
1791641731.958 71426 10.432
1791641731.962 71431 7.356
1791641731.968 71434 8.707
1791641731.970 71436 7.899
1791641731.974 71439 7.598
1791641731.980 71444 6.281
1791641731.982 71442 10.877
1791641731.986 71447 7.657
1791641731.992 71452 6.149
1791641731.994 71450 10.758
1791641731.998 71455 7.670
1791641732.004 71458 8.450
1791641732.006 71460 7.894
1791641732.010 71463 7.539
1791641732.017 71468 6.156
1791641732.019 71466 10.918
1791641732.022 71471 7.405
1791641732.028 71474 8.576
1791641732.030 71476 7.810
1791641732.035 71479 7.508
1791641732.041 71482 8.886
1791641732.043 71484 8.183
1791641732.047 71487 7.377
1791641732.053 71490 8.680
1791641732.055 71492 7.914
1791641732.059 71495 7.676
1791641732.065 71500 5.841
1791641732.067 71498 10.380
1791641732.071 71503 7.510
1791641732.077 71508 5.860
1791641732.079 71506 10.608
1791641732.083 71511 7.375
1791641732.089 71516 5.857
1791641732.091 71514 10.680
1791641732.095 71519 7.331
1791641732.101 71524 5.999
1791641732.103 71522 10.830
1791641732.107 71527 7.306
1791641732.114 71530 8.971
1791641732.116 71532 8.194
1791641732.119 71535 7.351
1791641732.126 71538 8.675
1791641732.128 71540 7.872
1791641732.132 71543 7.293
1791641732.138 71546 8.691
1791641732.140 71548 7.900
1791641732.144 71551 7.451
1791641732.150 71554 8.657
1791641732.152 71556 7.893
1791641732.156 71559 7.564
1791641732.162 71564 6.171
1791641732.164 71562 10.738
1791641732.168 71567 7.655
1791641732.174 71572 5.834
1791641732.176 71570 10.392
1791641732.180 71575 7.645
1791641732.186 71580 5.791
1791641732.188 71578 10.326
1791641732.193 71583 7.623
1791641732.199 71586 8.542
1791641732.201 71588 8.013
1791641732.205 71591 7.731
1791641732.211 71594 8.621
1791641732.213 71596 8.100
1791641732.217 71599 7.370
1791641732.223 71604 5.799
1791641732.225 71602 10.626
1791641732.229 71607 7.417
1791641732.235 71612 5.909
1791641732.237 71610 10.742
1791641732.241 71615 7.382
1791641732.247 71618 8.568
1791641732.249 71620 7.834
1791641732.253 71623 7.612
1791641732.259 71626 8.730
1791641732.261 71628 8.148
1791641732.265 71631 7.627
1791641732.272 71636 6.186
1791641732.274 71634 10.696
1791641732.277 71639 7.367
1791641732.283 71644 5.815
1791641732.285 71642 10.665
1791641732.289 71647 7.382
1791641732.296 71650 8.858
1791641732.298 71652 8.044
1791641732.302 71655 7.343
1791641732.308 71658 8.645
1791641732.310 71660 7.857
1791641732.314 71663 7.404
1791641732.320 71666 8.722
1791641732.322 71668 7.921
1791641732.326 71671 7.435
1791641732.332 71676 6.009
1791641732.334 71674 10.843
1791641732.339 71679 7.960
1791641732.344 71682 8.249
1791641732.346 71684 7.941
1791641732.350 71687 7.402
1791641732.356 71692 4.564
1791641732.358 71690 10.914
1791641732.362 71695 7.554
1791641732.368 71698 8.570
1791641732.370 71700 7.844
1791641732.374 71703 7.399
1791641732.380 71708 5.831
1791641732.382 71706 10.628
1791641732.386 71711 7.277
1791641732.393 71714 8.790
1791641732.395 71716 7.993
1791641732.399 71719 7.390
1791641732.405 71724 5.820
1791641732.407 71722 10.604
1791641732.411 71727 7.428
1791641732.417 71732 6.110
1791641732.419 71730 10.914
1791641732.423 71735 7.535
1791641732.429 71738 8.628
1791641732.431 71740 8.009
1791641732.435 71743 7.353
1791641732.441 71746 8.689
1791641732.443 71748 7.898
1791641732.447 71751 7.406
1791641732.454 71754 8.987
1791641732.456 71756 8.152
1791641732.460 71759 7.524
1791641732.466 71764 6.026
1791641732.468 71762 10.818
1791641732.471 71767 7.360
1791641732.478 71770 8.690
1791641732.480 71772 7.905
1791641732.484 71775 7.458
1791641732.490 71780 6.250
1791641732.492 71778 11.021
1791641732.496 71783 7.503
1791641732.502 71786 8.576
1791641732.504 71788 7.898
1791641732.508 71791 7.585
1791641732.514 71794 8.847
1791641732.516 71796 8.241
1791641732.520 71799 7.410
1791641732.526 71802 8.650
1791641732.528 71804 7.874
1791641732.532 71807 7.352
1791641732.538 71810 8.635
1791641732.540 71812 7.820
1791641732.544 71815 7.361
1791641732.550 71820 5.770
1791641732.552 71818 10.504
1791641732.557 71823 7.628
1791641732.563 71828 5.829
1791641732.565 71826 10.314
1791641732.569 71831 7.546
1791641732.575 71836 6.147
1791641732.577 71834 10.769
1791641732.581 71839 7.461
1791641732.587 71842 8.630
1791641732.589 71844 7.860
1791641732.593 71847 7.504
1791641732.599 71852 5.858
1791641732.601 71850 10.444
1791641732.605 71855 7.415
1791641732.611 71858 8.866
1791641732.613 71860 8.104
1791641732.618 71866 3.554
1791641732.620 71863 10.057
1791641732.624 71868 6.829
1791641732.631 71871 8.851
1791641732.633 71874 6.404
1791641732.637 71876 7.796
1791641732.639 71879 5.257
1791641732.644 71882 5.582
1791641732.651 71887 4.329
1791641732.653 71884 10.860
1791641732.657 71892 3.298
1791641732.659 71890 8.338
1791641732.664 71895 6.070
1791641732.671 71900 4.649
1791641732.673 71898 9.711
1791641732.676 71903 5.922
1791641732.683 71908 4.526
1791641732.685 71906 9.563
1791641732.689 71911 5.941
1791641732.694 71914 7.315
1791641732.697 71916 6.303
1791641732.701 71919 5.752
1791641732.707 71924 4.292
1791641732.709 71922 9.333
1791641732.713 71927 5.786
1791641732.719 71930 7.312
1791641732.721 71932 6.299
1791641732.725 71935 5.789
1791641732.731 71938 7.582
1791641732.733 71940 6.559
1791641732.737 71943 5.777
1791641732.743 71946 6.614
1791641732.745 71948 6.612
1791641732.749 71951 5.837
1791641732.755 71956 4.310
1791641732.757 71954 9.347
1791641732.761 71959 5.709
1791641732.767 71962 7.373
1791641732.769 71964 6.351
1791641732.774 71967 6.082
1791641732.780 71970 7.356
1791641732.782 71972 6.342
1791641732.786 71975 5.779
1791641732.792 71978 7.327
1791641732.794 71980 6.305
1791641732.798 71983 5.778
1791641732.804 71986 7.668
1791641732.806 71988 6.658
1791641732.810 71991 5.822
1791641732.816 71996 4.607
1791641732.818 71994 9.639
1791641732.822 71999 5.912
1791641732.828 72002 7.364
1791641732.830 72004 6.340
1791641732.834 72007 5.799
1791641732.841 72010 7.725
1791641732.843 72012 6.712
1791641732.846 72015 5.864
1791641732.852 72018 7.281
1791641732.854 72020 6.276
1791641732.859 72023 5.978
1791641732.864 72028 4.266
1791641732.866 72026 9.306
1791641732.871 72031 6.009
1791641732.877 72034 7.338
1791641732.879 72036 6.315
1791641732.883 72039 5.865
1791641732.889 72044 4.263
1791641732.891 72042 9.298
1791641732.895 72047 5.807
1791641732.901 72052 4.656
1791641732.903 72050 9.699
1791641732.907 72055 5.810
1791641732.913 72060 4.590
1791641732.915 72058 9.619
1791641732.919 72063 5.809
1791641732.925 72068 4.585
1791641732.927 72066 9.619
1791641732.931 72071 5.825
1791641732.937 72076 4.293
1791641732.939 72074 9.333
1791641732.943 72079 5.816
1791641732.949 72082 7.329
1791641732.951 72084 6.311
1791641732.955 72087 5.747
1791641732.962 72090 7.680
1791641732.964 72092 6.665
1791641732.968 72095 5.849
1791641732.974 72098 7.420
1791641732.976 72100 6.395
1791641732.980 72103 5.900
1791641732.986 72108 4.330
1791641732.988 72106 9.366
1791641732.992 72111 5.817
1791641732.998 72114 7.722
1791641733.000 72116 6.706
1791641733.004 72119 5.988
1791641733.010 72124 4.539
1791641733.012 72122 9.597
1791641733.016 72127 5.863
1791641733.022 72132 4.458
1791641733.024 72130 9.495
1791641733.028 72135 5.903
1791641733.034 72138 7.326
1791641733.036 72140 6.303
1791641733.040 72143 5.801
1791641733.047 72146 7.647
1791641733.049 72148 6.627
1791641733.053 72151 5.863
1791641733.059 72154 7.607
1791641733.061 72156 6.621
1791641733.065 72159 6.285
1791641733.072 72162 8.918
1791641733.074 72164 7.893
1791641733.079 72167 7.684
1791641733.084 72172 5.873
1791641733.087 72170 10.418
1791641733.091 72175 7.488
1791641733.097 72180 5.891
1791641733.099 72178 10.730
1791641733.103 72183 7.365
1791641733.109 72186 8.656
1791641733.111 72188 7.880
1791641733.115 72191 7.534
1791641733.121 72196 6.238
1791641733.123 72194 10.922
1791641733.127 72199 6.273
1791641733.133 72202 8.678
1791641733.135 72204 7.868
1791641733.139 72207 7.426
1791641733.146 72210 8.872
1791641733.148 72212 8.181
1791641733.151 72215 7.470
1791641733.158 72220 6.155
1791641733.160 72218 10.853
1791641733.164 72223 7.512
1791641733.170 72228 5.910
1791641733.172 72226 10.635
1791641733.176 72231 7.350
1791641733.182 72234 8.729
1791641733.184 72236 7.976
1791641733.188 72239 7.301
1791641733.194 72244 6.099
1791641733.196 72242 10.892
1791641733.200 72247 7.710
1791641733.206 72252 6.177
1791641733.208 72250 10.767
1791641733.212 72255 7.601
1791641733.218 72260 6.146
1791641733.220 72258 10.731
1791641733.224 72263 7.349
1791641733.230 72266 8.597
1791641733.232 72268 7.815
1791641733.237 72271 7.691
1791641733.243 72274 8.723
1791641733.245 72276 8.173
1791641733.249 72279 7.364
1791641733.255 72284 5.998
1791641733.257 72282 10.491
1791641733.260 72287 7.287
1791641733.267 72290 8.970
1791641733.269 72292 8.166
1791641733.273 72295 7.428
1791641733.279 72298 8.967
1791641733.281 72300 8.227
1791641733.285 72303 7.460
1791641733.291 72308 5.868
1791641733.293 72306 10.628
1791641733.297 72311 7.587
1791641733.303 72314 8.912
1791641733.305 72316 8.206
1791641733.309 72319 7.437
1791641733.315 72322 9.001
1791641733.317 72324 8.205
1791641733.321 72327 7.405
1791641733.327 72330 8.682
1791641733.329 72332 7.885
1791641733.333 72335 7.355
1791641733.339 72338 8.718
1791641733.341 72340 7.901
1791641733.346 72343 7.684
1791641733.352 72348 6.168
1791641733.354 72346 10.731
1791641733.358 72351 7.752
1791641733.364 72354 8.361
1791641733.366 72356 7.855
1791641733.370 72359 7.524
1791641733.376 72364 5.905
1791641733.378 72362 10.733
1791641733.382 72367 7.497
1791641733.388 72372 5.871
1791641733.390 72370 10.548
1791641733.394 72375 7.415
1791641733.400 72378 8.787
1791641733.402 72380 7.967
1791641733.406 72383 7.346
1791641733.412 72388 5.840
1791641733.414 72386 10.637
1791641733.418 72391 7.476
1791641733.424 72396 5.837
1791641733.426 72394 10.583
1791641733.431 72399 7.472
1791641733.437 72404 6.551
1791641733.439 72402 11.354
1791641733.443 72410 3.352
1791641733.445 72407 9.901
1791641733.450 72412 6.868
1791641733.456 72418 4.350
1791641733.458 72415 10.785
1791641733.463 72420 7.745
1791641733.465 72423 5.204
1791641733.469 72426 5.229
1791641733.476 72431 4.425
1791641733.478 72428 10.864
1791641733.482 72434 6.341
1791641733.485 72436 5.317
1791641733.490 72439 5.961
1791641733.496 72444 4.341
1791641733.498 72442 9.378
1791641733.502 72447 5.918
1791641733.508 72450 7.600
1791641733.510 72452 6.580
1791641733.514 72455 5.811
1791641733.520 72460 4.446
1791641733.522 72458 9.491
1791641733.526 72463 5.895
1791641733.532 72468 4.304
1791641733.534 72466 9.344
1791641733.538 72471 5.810
1791641733.545 72474 7.684
1791641733.547 72476 6.667
1791641733.550 72479 5.931
1791641733.557 72482 7.657
1791641733.559 72484 6.587
1791641733.563 72487 6.102
1791641733.568 72490 7.343
1791641733.570 72492 6.331
1791641733.575 72495 5.892
1791641733.581 72498 7.430
1791641733.583 72500 6.427
1791641733.587 72503 5.707
1791641733.593 72508 4.289
1791641733.595 72506 9.327
1791641733.599 72511 5.996
1791641733.605 72516 4.456
1791641733.607 72514 9.493
1791641733.611 72519 5.738
1791641733.617 72522 7.528
1791641733.619 72524 6.499
1791641733.623 72527 6.173
1791641733.629 72530 7.345
1791641733.631 72532 6.328
1791641733.635 72535 6.040
1791641733.642 72538 7.606
1791641733.644 72540 6.599
1791641733.648 72543 5.997
1791641733.654 72548 4.631
1791641733.656 72546 9.734
1791641733.659 72551 5.801
1791641733.666 72556 4.338
1791641733.668 72554 9.428
1791641733.672 72559 6.048
1791641733.678 72564 4.519
1791641733.680 72562 9.559
1791641733.684 72567 5.905
1791641733.690 72570 7.866
1791641733.692 72572 6.845
1791641733.696 72575 5.796
1791641733.702 72578 7.561
1791641733.704 72580 6.551
1791641733.708 72583 5.744
1791641733.714 72588 4.443
1791641733.716 72586 9.483
1791641733.720 72591 5.852
1791641733.726 72596 4.332
1791641733.728 72594 8.558
1791641733.732 72599 5.812
1791641733.739 72602 7.511
1791641733.741 72604 6.528
1791641733.744 72607 5.843
1791641733.751 72610 7.332
1791641733.753 72612 6.309
1791641733.757 72615 5.793
1791641733.763 72618 7.317
1791641733.765 72620 6.306
1791641733.769 72623 5.848
1791641733.775 72626 7.326
1791641733.777 72628 6.308
1791641733.781 72631 6.067
1791641733.787 72636 4.385
1791641733.789 72634 9.412
1791641733.793 72639 5.889
1791641733.799 72642 7.385
1791641733.801 72644 6.364
1791641733.805 72647 5.851
1791641733.811 72652 4.344
1791641733.813 72650 9.383
1791641733.817 72655 5.861
1791641733.824 72660 4.669
1791641733.826 72658 9.707
1791641733.830 72663 5.917
1791641733.836 72666 7.312
1791641733.838 72668 6.314
1791641733.842 72671 5.880
1791641733.848 72676 4.655
1791641733.850 72674 9.694
1791641733.854 72679 5.861
1791641733.860 72684 4.320
1791641733.862 72682 9.354
1791641733.866 72687 5.899
1791641733.872 72690 7.308
1791641733.874 72692 6.284
1791641733.878 72695 5.749
1791641733.884 72698 7.331
1791641733.886 72700 6.309
1791641733.890 72703 5.775
1791641733.896 72708 4.575
1791641733.898 72706 9.612
1791641733.902 72711 5.773
1791641733.909 72716 4.565
1791641733.911 72714 9.601
1791641733.914 72719 5.772
1791641733.921 72724 4.423
1791641733.923 72722 9.462
1791641733.926 72727 5.752
1791641733.933 72732 4.652
1791641733.935 72730 9.691
1791641733.939 72735 5.906
1791641733.945 72738 7.406
1791641733.947 72740 6.395
1791641733.951 72743 5.818
1791641733.957 72746 7.398
1791641733.959 72748 6.376
1791641733.963 72751 5.884
1791641733.969 72756 4.355
1791641733.971 72754 9.357
1791641733.975 72759 5.748
1791641733.981 72762 7.629
1791641733.983 72764 6.617
1791641733.988 72767 6.114
1791641733.994 72772 4.621
1791641733.996 72770 9.649
1791641733.999 72775 5.937
1791641734.005 72778 7.346
1791641734.007 72780 6.324
1791641734.011 72783 5.751
1791641734.018 72788 4.478
1791641734.020 72786 9.518
1791641734.024 72791 5.933
1791641734.030 72796 4.648
1791641734.032 72794 9.688
1791641734.036 72799 5.925
1791641734.042 72802 7.841
1791641734.044 72804 6.843
1791641734.048 72807 5.779
1791641734.054 72812 4.510
1791641734.056 72810 9.512
1791641734.060 72815 5.943
1791641734.066 72820 4.364
1791641734.068 72818 9.460
1791641734.072 72823 5.979
1791641734.078 72826 7.319
1791641734.080 72828 6.286
1791641734.084 72831 5.899
1791641734.090 72834 7.340
1791641734.092 72836 6.322
1791641734.096 72839 5.788
1791641734.103 72844 4.567
1791641734.105 72842 9.601
1791641734.109 72847 5.846
1791641734.115 72850 7.693
1791641734.117 72852 6.721
1791641734.121 72855 5.906
1791641734.127 72860 4.505
1791641734.129 72858 9.506
1791641734.133 72863 5.918
1791641734.139 72868 4.321
1791641734.141 72866 9.430
1791641734.145 72871 5.840
1791641734.151 72874 7.400
1791641734.153 72876 6.385
1791641734.157 72879 5.796
1791641734.163 72884 4.396
1791641734.165 72882 9.426
1791641734.169 72887 5.760
1791641734.175 72892 4.320
1791641734.177 72890 9.342
1791641734.181 72895 5.729
1791641734.188 72898 7.354
1791641734.190 72900 6.343
1791641734.194 72903 6.226
1791641734.200 72908 4.318
1791641734.202 72906 9.344
1791641734.206 72911 6.004
1791641734.212 72914 7.365
1791641734.214 72916 6.350
1791641734.218 72919 5.872
1791641734.224 72922 7.459
1791641734.226 72924 6.458
1791641734.230 72927 5.999
1791641734.236 72932 4.607
1791641734.238 72930 9.447
1791641734.243 72935 6.878
1791641734.249 72938 8.571
1791641734.251 72940 7.481
1791641734.254 72943 5.925
1791641734.260 72946 7.380
1791641734.262 72948 6.293
1791641734.267 72951 6.161
1791641734.272 72954 7.310
1791641734.274 72956 6.303
1791641734.279 72959 5.800
1791641734.285 72964 4.349
1791641734.287 72962 9.376
1791641734.291 72967 5.861
1791641734.297 72970 7.390
1791641734.299 72972 6.364
1791641734.303 72975 5.700
1791641734.309 72978 7.477
1791641734.311 72980 6.447
1791641734.315 72983 5.739
1791641734.321 72988 4.379
1791641734.323 72986 9.408
1791641734.327 72991 5.700
1791641734.333 72994 7.280
1791641734.335 72996 6.260
1791641734.339 72999 5.672
1791641734.345 73002 7.319
1791641734.347 73004 6.292
1791641734.351 73007 5.679
1791641734.358 73010 7.462
1791641734.360 73012 6.431
1791641734.363 73015 5.718
1791641734.370 73018 7.389
1791641734.372 73020 6.367
1791641734.376 73023 5.740
1791641734.382 73028 4.255
1791641734.384 73026 9.273
1791641734.388 73031 5.740
1791641734.394 73036 4.608
1791641734.396 73034 9.644
1791641734.400 73039 6.026
1791641734.406 73044 4.299
1791641734.408 73042 9.339
1791641734.412 73047 6.013
1791641734.418 73050 7.608
1791641734.420 73052 6.574
1791641734.424 73055 5.725
1791641734.431 73060 4.557
1791641734.433 73058 9.591
1791641734.436 73063 5.754
1791641734.443 73068 4.558
1791641734.445 73066 9.593
1791641734.449 73071 5.896
1791641734.455 73076 4.595
1791641734.457 73074 9.618
1791641734.461 73079 6.043
1791641734.467 73082 7.634
1791641734.469 73084 6.628
1791641734.473 73087 5.752
1791641734.479 73092 4.609
1791641734.481 73090 9.643
1791641734.485 73095 5.780
1791641734.491 73098 7.548
1791641734.493 73100 6.534
1791641734.497 73103 6.027
1791641734.503 73106 7.567
1791641734.505 73108 6.559
1791641734.509 73111 6.017
1791641734.516 73114 7.630
1791641734.518 73116 6.620
1791641734.521 73119 5.740
1791641734.528 73122 7.538
1791641734.530 73124 6.516
1791641734.534 73127 6.079
1791641734.540 73130 7.642
1791641734.542 73132 6.636
1791641734.546 73135 6.078
1791641734.552 73140 4.617
1791641734.554 73138 9.639
1791641734.558 73143 6.076
1791641734.564 73146 7.587
1791641734.566 73148 6.579
1791641734.570 73151 5.774
1791641734.576 73156 4.517
1791641734.578 73154 9.550
1791641734.582 73159 6.020
1791641734.588 73164 4.559
1791641734.590 73162 9.586
1791641734.594 73167 6.037
1791641734.600 73172 4.575
1791641734.602 73170 9.597
1791641734.606 73175 5.813
1791641734.613 73178 7.800
1791641734.615 73180 6.708
1791641734.618 73183 5.880
1791641734.625 73186 7.436
1791641734.627 73188 6.416
1791641734.631 73191 6.056
1791641734.637 73194 7.328
1791641734.639 73196 6.310
1791641734.643 73199 5.858
1791641734.649 73204 4.379
1791641734.651 73202 9.419
1791641734.655 73207 6.042
1791641734.661 73212 4.282
1791641734.663 73210 9.316
1791641734.667 73215 6.063
1791641734.673 73220 4.602
1791641734.675 73218 9.601
1791641734.679 73223 5.766
1791641734.686 73226 7.676
1791641734.688 73228 6.654
1791641734.691 73231 5.759
1791641734.698 73234 7.628
1791641734.700 73236 6.612
1791641734.704 73239 6.083
1791641734.710 73242 7.599
1791641734.712 73244 6.573
1791641734.716 73247 5.809
1791641734.722 73250 7.485
1791641734.724 73252 6.458
1791641734.728 73255 6.078
1791641734.734 73260 4.689
1791641734.736 73258 9.730
1791641734.740 73263 6.052
1791641734.746 73268 4.676
1791641734.748 73266 9.697
1791641734.752 73271 5.794
1791641734.758 73274 7.303
1791641734.760 73276 6.274
1791641734.764 73279 5.832
1791641734.770 73282 7.506
1791641734.772 73284 6.481
1791641734.776 73287 5.749
1791641734.782 73290 7.318
1791641734.784 73292 6.300
1791641734.789 73295 6.067
1791641734.794 73298 7.337
1791641734.796 73300 6.323
1791641734.801 73303 6.080
1791641734.807 73308 4.622
1791641734.809 73306 9.650
1791641734.813 73311 5.761
1791641734.819 73314 7.619
1791641734.821 73316 6.616
1791641734.825 73319 6.033
1791641734.831 73322 7.614
1791641734.833 73324 6.606
1791641734.837 73327 6.030
1791641734.843 73332 4.613
1791641734.845 73330 9.631
1791641734.849 73335 5.721
1791641734.856 73340 4.681
1791641734.858 73338 9.716
1791641734.861 73343 6.050
1791641734.867 73346 7.334
1791641734.869 73348 6.325
1791641734.873 73351 5.964
1791641734.879 73356 4.383
1791641734.881 73354 9.491
1791641734.886 73359 6.099
1791641734.892 73364 4.390
1791641734.894 73362 9.427
1791641734.898 73367 5.791
1791641734.904 73372 4.584
1791641734.906 73370 9.689
1791641734.910 73375 6.058
1791641734.916 73380 4.478
1791641734.918 73378 9.502
1791641734.922 73383 6.059
1791641734.928 73386 7.302
1791641734.930 73388 6.291
1791641734.934 73391 6.017
1791641734.940 73396 4.573
1791641734.942 73394 9.607
1791641734.946 73399 5.731
1791641734.953 73402 7.584
1791641734.955 73404 6.609
1791641734.959 73407 6.149
1791641734.965 73410 7.464
1791641734.967 73412 6.449
1791641734.970 73415 5.759
1791641734.977 73420 4.629
1791641734.979 73418 9.658
1791641734.983 73423 5.909
1791641734.989 73428 4.661
1791641734.991 73426 9.716
1791641734.995 73431 5.768
1791641735.001 73434 7.608
1791641735.003 73436 6.617
1791641735.007 73439 5.771
1791641735.013 73442 7.647
1791641735.015 73444 6.640
1791641735.019 73447 5.743
1791641735.025 73452 4.610
1791641735.027 73450 9.608
1791641735.031 73455 5.805
1791641735.037 73460 4.406
1791641735.039 73458 9.436
1791641735.043 73463 5.793
1791641735.049 73468 4.430
1791641735.051 73466 9.473
1791641735.056 73471 5.933
1791641735.062 73474 7.550
1791641735.064 73476 6.472
1791641735.068 73479 5.874
1791641735.074 73482 7.401
1791641735.076 73484 6.376
1791641735.080 73487 5.920
1791641735.086 73492 4.366
1791641735.088 73490 9.398
1791641735.092 73495 6.115
1791641735.098 73498 7.323
1791641735.100 73500 6.313
1791641735.104 73503 5.951
1791641735.110 73508 4.699
1791641735.112 73506 9.727
1791641735.116 73511 5.859
1791641735.122 73514 7.353
1791641735.124 73516 6.361
1791641735.128 73519 5.757
1791641735.134 73522 7.274
1791641735.136 73524 6.283
1791641735.140 73527 5.843
1791641735.147 73532 4.671
1791641735.149 73530 9.668
1791641735.153 73535 5.824
1791641735.159 73540 4.331
1791641735.161 73538 9.368
1791641735.165 73543 5.861
1791641735.171 73546 7.354
1791641735.173 73548 6.338
1791641735.177 73551 5.885
1791641735.183 73554 7.735
1791641735.185 73556 6.715
1791641735.189 73559 6.043
1791641735.195 73564 4.531
1791641735.197 73562 9.618
1791641735.201 73567 5.996
1791641735.207 73570 7.350
1791641735.209 73572 6.369
1791641735.213 73575 5.809
1791641735.219 73580 4.330
1791641735.221 73578 9.350
1791641735.225 73583 5.891
1791641735.232 73588 4.454
1791641735.234 73586 9.496
1791641735.238 73591 5.906
1791641735.244 73596 4.369
1791641735.246 73594 9.407
1791641735.250 73599 5.851
1791641735.256 73602 7.424
1791641735.258 73604 6.401
1791641735.262 73607 5.857
1791641735.268 73610 7.316
1791641735.270 73612 6.292
1791641735.274 73615 5.830
1791641735.280 73620 4.615
1791641735.282 73618 9.656
1791641735.286 73623 5.846
1791641735.292 73626 7.592
1791641735.294 73628 6.570
1791641735.298 73631 5.898
1791641735.304 73634 7.352
1791641735.306 73636 6.327
1791641735.310 73639 5.841
1791641735.316 73642 7.351
1791641735.318 73644 6.346
1791641735.323 73647 5.961
1791641735.329 73652 4.308
1791641735.331 73650 9.350
1791641735.335 73655 5.888
1791641735.341 73658 7.359
1791641735.343 73660 6.338
1791641735.347 73663 5.928
1791641735.353 73668 4.404
1791641735.355 73666 9.444
1791641735.359 73671 6.026
1791641735.365 73676 4.346
1791641735.367 73674 9.390
1791641735.371 73679 5.876
1791641735.377 73684 4.416
1791641735.379 73682 9.410
1791641735.383 73687 5.850
1791641735.389 73692 4.328
1791641735.391 73690 9.367
1791641735.395 73695 5.931
1791641735.401 73698 7.453
1791641735.403 73700 6.435
1791641735.407 73703 5.826
1791641735.414 73708 4.366
1791641735.416 73706 9.405
1791641735.419 73711 5.739
1791641735.426 73716 4.449
1791641735.428 73714 9.478
1791641735.432 73719 5.803
1791641735.438 73724 4.621
1791641735.440 73722 9.706
1791641735.444 73727 5.937
1791641735.450 73732 4.284
1791641735.452 73730 9.373
1791641735.456 73735 5.893
1791641735.462 73738 7.474
1791641735.464 73740 6.388
1791641735.468 73743 5.828
1791641735.474 73748 4.311
1791641735.476 73746 9.353
1791641735.480 73751 5.721
1791641735.487 73754 7.610
1791641735.489 73756 6.593
1791641735.492 73759 5.811
1791641735.499 73764 4.668
1791641735.501 73762 9.682
1791641735.504 73767 5.752
1791641735.511 73770 7.671
1791641735.513 73772 6.700
1791641735.517 73775 5.816
1791641735.523 73780 4.593
1791641735.525 73778 9.603
1791641735.529 73783 5.848
1791641735.535 73788 4.435
1791641735.537 73786 9.476
1791641735.541 73791 5.800
1791641735.547 73796 4.392
1791641735.549 73794 9.440
1791641735.553 73799 5.837
1791641735.559 73802 7.346
1791641735.561 73804 6.329
1791641735.565 73807 5.789
1791641735.572 73810 7.648
1791641735.574 73812 6.628
1791641735.577 73815 5.792
1791641735.583 73818 7.324
1791641735.585 73820 6.307
1791641735.590 73823 6.125
1791641735.596 73828 4.258
1791641735.598 73826 9.291
1791641735.602 73831 6.081
1791641735.608 73836 4.641
1791641735.610 73834 9.699
1791641735.614 73839 5.836
1791641735.620 73844 4.521
1791641735.622 73842 9.537
1791641735.626 73847 5.843
1791641735.632 73850 7.304
1791641735.634 73852 6.281
1791641735.638 73855 5.668
1791641735.645 73860 4.704
1791641735.647 73858 9.747
1791641735.650 73863 5.859
1791641735.656 73866 7.361
1791641735.658 73868 6.337
1791641735.662 73871 5.963
1791641735.668 73874 7.337
1791641735.670 73876 6.314
1791641735.674 73879 5.844
1791641735.681 73884 4.676
1791641735.683 73882 9.716
1791641735.687 73887 5.870
1791641735.693 73892 4.534
1791641735.695 73890 9.633
1791641735.699 73895 5.959
1791641735.705 73898 7.420
1791641735.707 73900 6.333
1791641735.711 73903 5.819
1791641735.717 73908 4.322
1791641735.719 73906 9.362
1791641735.723 73911 6.246
1791641735.730 73914 7.800
1791641735.732 73916 6.729
1791641735.735 73919 5.922
1791641735.741 73922 7.335
1791641735.743 73924 6.316
1791641735.748 73927 6.089
1791641735.754 73930 7.608
1791641735.756 73932 6.601
1791641735.760 73935 5.944
1791641735.766 73940 4.588
1791641735.768 73938 9.619
1791641735.772 73943 5.883
1791641735.778 73948 4.263
1791641735.780 73946 9.300
1791641735.784 73951 5.800
1791641735.790 73954 7.598
1791641735.792 73956 6.579
1791641735.796 73959 5.833
1791641735.802 73962 7.464
1791641735.804 73964 6.454
1791641735.808 73967 5.943
1791641735.814 73972 4.407
1791641735.816 73970 9.402
1791641735.820 73975 5.788
1791641735.827 73980 4.673
1791641735.829 73978 9.704
1791641735.832 73983 6.033
1791641735.839 73988 4.987
1791641735.841 73986 10.029
1791641735.845 73991 5.938
1791641735.851 73994 7.635
1791641735.853 73996 6.618
1791641735.857 73999 6.094
1791641735.863 74004 4.645
1791641735.865 74002 9.670
1791641735.869 74007 6.193
1791641735.876 74010 8.890
1791641735.878 74012 7.879
1791641735.882 74015 7.424
1791641735.888 74018 8.715
1791641735.891 74020 7.912
1791641735.895 74023 7.391
1791641735.901 74028 5.986
1791641735.903 74026 10.790
1791641735.907 74031 7.431
1791641735.913 74034 8.650
1791641735.915 74036 7.860
1791641735.919 74039 7.554
1791641735.925 74044 6.235
1791641735.927 74042 10.765
1791641735.931 74047 7.295
1791641735.937 74050 8.962
1791641735.939 74052 8.131
1791641735.943 74055 7.304
1791641735.949 74058 8.874
1791641735.951 74060 8.059
1791641735.956 74063 7.723
1791641735.961 74066 8.395
1791641735.963 74068 7.838
1791641735.968 74071 7.688
1791641735.974 74074 8.588
1791641735.976 74076 8.047
1791641735.980 74079 7.383
1791641735.986 74084 6.135
1791641735.988 74082 10.956
1791641735.992 74087 7.551
1791641735.998 74092 6.171
1791641736.000 74090 10.930
1791641736.004 74095 7.541
1791641736.010 74100 5.865
1791641736.012 74098 10.587
1791641736.016 74103 7.311
1791641736.022 74108 5.888
1791641736.024 74106 10.722
1791641736.028 74111 7.471
1791641736.034 74114 8.919
1791641736.036 74116 8.205
1791641736.041 74122 3.353
1791641736.043 74119 9.915
1791641736.048 74124 7.868
1791641736.050 74127 5.337
1791641736.055 74130 5.317
1791641736.061 74135 4.371
1791641736.063 74132 10.895
1791641736.068 74140 3.429
1791641736.070 74138 8.492
1791641736.075 74143 5.936
1791641736.081 74146 7.448
1791641736.083 74148 6.410
1791641736.088 74151 6.167
1791641736.093 74156 4.290
1791641736.095 74154 9.375
1791641736.099 74159 5.814
1791641736.106 74162 7.627
1791641736.108 74164 6.611
1791641736.111 74167 5.802
1791641736.118 74170 7.631
1791641736.120 74172 6.618
1791641736.124 74175 5.853
1791641736.130 74178 7.278
1791641736.132 74180 6.258
1791641736.136 74183 5.969
1791641736.142 74188 4.402
1791641736.144 74186 9.407
1791641736.148 74191 5.845
1791641736.154 74194 7.605
1791641736.156 74196 6.591
1791641736.160 74199 5.885
1791641736.166 74202 7.332
1791641736.168 74204 6.339
1791641736.172 74207 5.720
1791641736.178 74212 4.381
1791641736.180 74210 9.412
1791641736.184 74215 5.844
1791641736.190 74218 7.420
1791641736.192 74220 6.398
1791641736.197 74223 6.008
1791641736.203 74228 4.475
1791641736.205 74226 9.504
1791641736.209 74231 5.865
1791641736.215 74234 7.412
1791641736.217 74236 6.324
1791641736.221 74239 5.932
1791641736.227 74244 4.373
1791641736.229 74242 9.412
1791641736.233 74247 5.931
1791641736.239 74250 7.375
1791641736.241 74252 6.364
1791641736.245 74255 5.864
1791641736.251 74260 4.369
1791641736.253 74258 9.362
1791641736.257 74263 5.813
1791641736.263 74266 7.653
1791641736.266 74268 6.636
1791641736.269 74271 5.783
1791641736.275 74274 7.256
1791641736.277 74276 6.245
1791641736.282 74279 5.995
1791641736.288 74282 7.606
1791641736.290 74284 6.604
1791641736.294 74287 5.944
1791641736.300 74290 7.287
1791641736.302 74292 6.298
1791641736.306 74295 5.768
1791641736.312 74300 4.595
1791641736.314 74298 9.618
1791641736.318 74303 5.827
1791641736.324 74306 7.355
1791641736.326 74308 6.331
1791641736.330 74311 5.984
1791641736.336 74314 7.328
1791641736.338 74316 6.321
1791641736.342 74319 5.795
1791641736.348 74324 4.616
1791641736.350 74322 9.653
1791641736.354 74327 5.897
1791641736.361 74332 4.675
1791641736.363 74330 9.707
1791641736.366 74335 5.896
1791641736.373 74338 7.407
1791641736.375 74340 6.407
1791641736.379 74343 5.857
1791641736.385 74346 7.447
1791641736.387 74348 6.351
1791641736.391 74351 5.836
1791641736.397 74356 4.381
1791641736.399 74354 9.385
1791641736.403 74359 5.907
1791641736.409 74362 7.768
1791641736.411 74364 6.749
1791641736.415 74367 5.817
1791641736.421 74372 4.311
1791641736.423 74370 9.206
1791641736.427 74375 5.826
1791641736.433 74378 7.464
1791641736.435 74380 6.441
1791641736.439 74383 5.800
1791641736.445 74388 4.338
1791641736.447 74386 9.382
1791641736.451 74391 5.809
1791641736.457 74396 4.265
1791641736.459 74394 9.303
1791641736.463 74399 5.713
1791641736.470 74402 7.345
1791641736.472 74404 6.331
1791641736.476 74407 6.121
1791641736.482 74412 4.297
1791641736.484 74410 9.326
1791641736.488 74415 6.039
1791641736.494 74420 4.296
1791641736.496 74418 9.323
1791641736.500 74423 5.882
1791641736.506 74428 4.466
1791641736.508 74426 9.583
1791641736.512 74431 5.925
1791641736.518 74434 7.660
1791641736.520 74436 6.634
1791641736.524 74439 5.839
1791641736.530 74444 4.426
1791641736.532 74442 9.496
1791641736.536 74447 5.678
1791641736.543 74450 7.640
1791641736.545 74452 6.632
1791641736.548 74455 5.753
1791641736.555 74458 7.649
1791641736.557 74460 6.637
1791641736.562 74463 6.788
1791641736.568 74466 8.919
1791641736.570 74468 7.910
1791641736.575 74471 7.647
1791641736.581 74474 8.749
1791641736.583 74476 8.194
1791641736.586 74479 7.425
1791641736.592 74482 8.652
1791641736.594 74484 7.846
1791641736.599 74487 7.471
1791641736.605 74492 6.069
1791641736.607 74490 10.911
1791641736.611 74495 7.473
1791641736.617 74498 8.711
1791641736.619 74500 7.875
1791641736.623 74503 7.453
1791641736.629 74508 5.854
1791641736.631 74506 10.610
1791641736.635 74511 7.475
1791641736.641 74516 5.920
1791641736.643 74514 10.692
1791641736.647 74519 7.479
1791641736.653 74524 6.134
1791641736.655 74522 10.961
1791641736.659 74527 7.366
1791641736.665 74530 8.642
1791641736.667 74532 7.849
1791641736.671 74535 7.492
1791641736.678 74538 8.972
1791641736.680 74540 8.191
1791641736.684 74543 7.486
1791641736.690 74546 8.522
1791641736.692 74548 7.863
1791641736.696 74551 7.531
1791641736.702 74556 5.944
1791641736.704 74554 10.654
1791641736.708 74559 7.352
1791641736.714 74562 8.947
1791641736.716 74564 8.194
1791641736.720 74567 7.362
1791641736.726 74570 8.744
1791641736.728 74572 7.969
1791641736.732 74575 7.537
1791641736.738 74580 5.857
1791641736.740 74578 10.650
1791641736.744 74583 7.485
1791641736.750 74588 5.841
1791641736.752 74586 10.606
1791641736.756 74591 7.497
1791641736.763 74596 6.293
1791641736.765 74594 10.964
1791641736.768 74599 7.344
1791641736.775 74604 6.110
1791641736.777 74602 10.903
1791641736.781 74607 7.355
1791641736.787 74612 5.946
1791641736.789 74610 10.702
1791641736.793 74615 7.301
1791641736.799 74618 8.847
1791641736.801 74620 8.052
1791641736.805 74623 7.698
1791641736.811 74626 8.391
1791641736.813 74628 7.904
1791641736.817 74631 7.365
1791641736.823 74634 8.906
1791641736.825 74636 8.084
1791641736.829 74639 7.557
1791641736.835 74642 8.517
1791641736.837 74644 7.905
1791641736.841 74647 7.374
1791641736.848 74652 5.975
1791641736.850 74650 10.738
1791641736.854 74655 7.498
1791641736.860 74658 8.857
1791641736.862 74660 8.172
1791641736.866 74663 7.473
1791641736.872 74666 8.858
1791641736.874 74668 8.203
1791641736.878 74671 7.428
1791641736.884 74674 8.556
1791641736.886 74676 7.897
1791641736.890 74679 7.679
1791641736.897 74684 6.456
1791641736.899 74682 11.036
1791641736.903 74690 3.415
1791641736.905 74687 9.966
1791641736.909 74692 7.083
1791641736.916 74695 8.836
1791641736.918 74698 6.370
1791641736.922 74700 7.829
1791641736.924 74703 5.296
1791641736.929 74706 5.646
1791641736.935 74711 4.419
1791641736.937 74708 11.043
1791641736.942 74716 3.261
1791641736.944 74714 8.307
1791641736.949 74719 5.882
1791641736.955 74722 7.342
1791641736.957 74724 6.337
1791641736.961 74727 5.919
1791641736.967 74732 4.527
1791641736.969 74730 9.569
1791641736.973 74735 5.767
1791641736.979 74740 4.423
1791641736.981 74738 9.464
1791641736.985 74743 5.889
1791641736.992 74748 5.154
1791641736.994 74746 10.190
1791641736.998 74751 5.882
1791641737.004 74756 4.704
1791641737.006 74754 9.771
1791641737.010 74759 5.920
1791641737.016 74764 4.419
1791641737.018 74762 9.460
1791641737.022 74767 5.817
1791641737.028 74772 4.307
1791641737.030 74770 9.353
1791641737.034 74775 5.801
1791641737.040 74778 7.340
1791641737.042 74780 6.317
1791641737.046 74783 5.927
1791641737.052 74786 7.605
1791641737.054 74788 6.597
1791641737.058 74791 6.045
1791641737.065 74796 5.184
1791641737.067 74794 10.211
1791641737.071 74799 6.203
1791641737.077 74802 7.684
1791641737.079 74804 6.677
1791641737.083 74807 6.051
1791641737.089 74812 4.662
1791641737.091 74810 9.683
1791641737.095 74815 5.938
1791641737.101 74818 7.698
1791641737.103 74820 6.636
1791641737.107 74823 5.909
1791641737.113 74826 7.316
1791641737.115 74828 6.291
1791641737.119 74831 5.826
1791641737.125 74836 4.760
1791641737.127 74834 9.793
1791641737.131 74839 5.914
1791641737.137 74842 7.430
1791641737.139 74844 6.406
1791641737.143 74847 5.731
1791641737.149 74850 7.377
1791641737.151 74852 6.356
1791641737.155 74855 5.971
1791641737.161 74858 7.422
1791641737.164 74860 6.395
1791641737.167 74863 5.798
1791641737.174 74868 4.619
1791641737.176 74866 9.640
1791641737.180 74871 5.797
1791641737.186 74876 4.308
1791641737.188 74874 9.345
1791641737.192 74879 6.048
1791641737.198 74882 7.632
1791641737.200 74884 6.615
1791641737.204 74887 5.985
1791641737.210 74890 7.360
1791641737.212 74892 6.352
1791641737.216 74895 5.822
1791641737.222 74898 7.678
1791641737.224 74900 6.661
1791641737.228 74903 5.810
1791641737.235 74906 7.668
1791641737.237 74908 6.647
1791641737.241 74911 6.070
1791641737.247 74914 7.745
1791641737.249 74916 6.713
1791641737.252 74919 5.785
1791641737.259 74922 7.578
1791641737.261 74924 6.569
1791641737.265 74927 6.067
1791641737.271 74930 7.463
1791641737.273 74932 6.458
1791641737.277 74935 6.007
1791641737.283 74940 4.394
1791641737.285 74938 9.435
1791641737.289 74943 5.848
1791641737.295 74946 7.630
1791641737.297 74948 6.641
1791641737.301 74951 5.826
1791641737.307 74956 4.297
1791641737.309 74954 9.285
1791641737.313 74959 5.861
1791641737.319 74964 4.336
1791641737.321 74962 9.367
1791641737.325 74967 5.917
1791641737.331 74972 4.265
1791641737.333 74970 9.310
1791641737.337 74975 5.817
1791641737.343 74980 4.309
1791641737.346 74978 9.318
1791641737.350 74983 5.846
1791641737.356 74988 4.700
1791641737.358 74986 9.735
1791641737.362 74991 5.984
1791641737.368 74996 4.613
1791641737.370 74994 9.647
1791641737.374 74999 6.041
1791641737.380 75004 4.631
1791641737.382 75002 9.653
1791641737.386 75007 5.770
1791641737.392 75010 7.340
1791641737.394 75012 6.343
1791641737.398 75015 5.877
1791641737.404 75020 4.388
1791641737.406 75018 9.426
1791641737.410 75023 5.775
1791641737.417 75026 7.844
1791641737.419 75028 6.828
1791641737.422 75031 5.801
1791641737.429 75034 7.386
1791641737.431 75036 6.411
1791641737.434 75039 5.786
1791641737.441 75044 4.405
1791641737.443 75042 9.456
1791641737.447 75047 5.882
1791641737.453 75050 7.339
1791641737.455 75052 6.315
1791641737.459 75055 5.905
1791641737.465 75060 4.367
1791641737.467 75058 9.406
1791641737.471 75063 5.883
1791641737.477 75068 4.383
1791641737.479 75066 9.426
1791641737.483 75071 5.932
1791641737.489 75076 4.338
1791641737.491 75074 9.379
1791641737.495 75079 5.811
1791641737.502 75082 7.617
1791641737.504 75084 6.628
1791641737.507 75087 5.712
1791641737.514 75092 4.446
1791641737.516 75090 9.429
1791641737.520 75095 5.932
1791641737.526 75098 7.378
1791641737.528 75100 6.330
1791641737.532 75103 5.863
1791641737.538 75108 4.374
1791641737.540 75106 9.416
1791641737.544 75111 6.122
1791641737.550 75114 7.274
1791641737.552 75116 6.269
1791641737.556 75119 5.837
1791641737.562 75124 4.375
1791641737.564 75122 9.417
1791641737.568 75127 5.912
1791641737.574 75132 4.635
1791641737.576 75130 9.708
1791641737.580 75135 6.052
1791641737.587 75140 4.603
1791641737.589 75138 9.629
1791641737.593 75143 6.066
1791641737.599 75148 4.777
1791641737.601 75146 9.800
1791641737.605 75151 6.017
1791641737.611 75156 4.614
1791641737.613 75154 9.650
1791641737.617 75159 5.790
1791641737.623 75162 7.308
1791641737.625 75164 6.298
1791641737.629 75167 5.899
1791641737.635 75172 4.285
1791641737.637 75170 9.323
1791641737.641 75175 5.839
1791641737.647 75180 4.701
1791641737.649 75178 9.732
1791641737.653 75183 5.782
1791641737.659 75186 7.585
1791641737.661 75188 6.504
1791641737.665 75191 5.917
1791641737.672 75194 7.648
1791641737.674 75196 6.631
1791641737.677 75199 5.891
1791641737.684 75202 7.675
1791641737.686 75204 6.641
1791641737.689 75207 5.799
1791641737.696 75212 4.615
1791641737.698 75210 9.649
1791641737.702 75215 5.893
1791641737.708 75218 7.363
1791641737.710 75220 6.341
1791641737.714 75223 5.879
1791641737.720 75228 4.350
1791641737.722 75226 9.387
1791641737.726 75231 5.950
1791641737.732 75234 7.718
1791641737.734 75236 6.694
1791641737.738 75239 5.965
1791641737.744 75242 7.610
1791641737.746 75244 6.542
1791641737.750 75247 6.012
1791641737.757 75250 7.813
1791641737.759 75252 6.805
1791641737.762 75255 5.763
1791641737.769 75260 4.626
1791641737.771 75258 9.686
1791641737.775 75263 5.915
1791641737.780 75268 4.265
1791641737.782 75266 9.301
1791641737.787 75271 5.823
1791641737.793 75274 7.335
1791641737.795 75276 6.311
1791641737.799 75279 5.918
1791641737.805 75284 4.347
1791641737.807 75282 9.372
1791641737.811 75287 5.787
1791641737.817 75292 4.480
1791641737.819 75290 9.520
1791641737.823 75295 5.815
1791641737.829 75300 4.310
1791641737.831 75298 9.349
1791641737.835 75303 6.074
1791641737.841 75306 7.444
1791641737.843 75308 6.433
1791641737.847 75311 5.928
1791641737.854 75316 4.576
1791641737.856 75314 9.603
1791641737.860 75319 6.179
1791641737.866 75322 7.629
1791641737.868 75324 6.619
1791641737.872 75327 5.818
1791641737.878 75332 4.701
1791641737.880 75330 9.715
1791641737.884 75335 5.934
1791641737.890 75338 7.463
1791641737.892 75340 6.440
1791641737.896 75343 5.789
1791641737.902 75346 7.367
1791641737.904 75348 6.344
1791641737.908 75351 5.914
1791641737.915 75356 4.831
1791641737.917 75354 9.926
1791641737.920 75359 5.757
1791641737.926 75362 7.616
1791641737.928 75364 6.630
1791641737.932 75367 5.858
1791641737.938 75370 7.377
1791641737.940 75372 6.367
1791641737.944 75375 5.809
1791641737.950 75378 7.291
1791641737.952 75380 6.279
1791641737.956 75383 5.743
1791641737.962 75388 4.238
1791641737.964 75386 9.277
1791641737.969 75391 5.975
1791641737.975 75394 7.298
1791641737.977 75396 6.274
1791641737.981 75399 5.866
1791641737.987 75402 7.310
1791641737.989 75404 6.284
1791641737.993 75407 6.094
1791641737.999 75412 4.269
1791641738.001 75410 9.355
1791641738.005 75415 5.956
1791641738.011 75418 7.459
1791641738.013 75420 6.383
1791641738.017 75423 5.786
1791641738.023 75426 7.335
1791641738.025 75428 6.312
1791641738.030 75431 6.084
1791641738.036 75434 7.609
1791641738.038 75436 6.601
1791641738.041 75439 5.755
1791641738.048 75442 7.602
1791641738.050 75444 6.642
1791641738.054 75447 5.818
1791641738.060 75450 7.633
1791641738.062 75452 6.648
1791641738.066 75455 5.870
1791641738.072 75458 7.519
1791641738.074 75460 6.528
1791641738.078 75463 5.800
1791641738.084 75466 7.692
1791641738.086 75468 6.677
1791641738.090 75471 5.848
1791641738.096 75474 7.372
1791641738.098 75476 6.410
1791641738.102 75479 5.833
1791641738.108 75482 7.388
1791641738.110 75484 6.361
1791641738.114 75487 5.789
1791641738.120 75492 4.209
1791641738.122 75490 9.247
1791641738.126 75495 5.762
1791641738.132 75500 4.228
1791641738.134 75498 9.271
1791641738.138 75503 5.734
1791641738.145 75506 7.373
1791641738.147 75508 6.346
1791641738.151 75511 5.946
1791641738.157 75516 4.343
1791641738.159 75514 9.381
1791641738.163 75519 5.751
1791641738.169 75524 4.328
1791641738.171 75522 9.367
1791641738.175 75527 5.770
1791641738.181 75530 7.393
1791641738.183 75532 6.384
1791641738.187 75535 5.831
1791641738.193 75540 4.347
1791641738.195 75538 9.398
1791641738.199 75543 5.792
1791641738.205 75546 7.321
1791641738.207 75548 6.290
1791641738.211 75551 5.772
1791641738.217 75554 7.316
1791641738.219 75556 6.294
1791641738.223 75559 5.772
1791641738.230 75564 4.407
1791641738.232 75562 9.460
1791641738.236 75567 5.767
1791641738.242 75570 7.356
1791641738.244 75572 6.332
1791641738.248 75575 6.060
1791641738.254 75580 4.318
1791641738.256 75578 9.349
1791641738.260 75583 6.076
1791641738.266 75586 7.359
1791641738.268 75588 6.349
1791641738.272 75591 5.980
1791641738.278 75596 4.328
1791641738.280 75594 9.362
1791641738.284 75599 6.058
1791641738.291 75602 7.662
1791641738.293 75604 6.652
1791641738.296 75607 5.748
1791641738.303 75612 4.550
1791641738.305 75610 9.584
1791641738.309 75615 6.223
1791641738.315 75620 4.584
1791641738.317 75618 9.606
1791641738.321 75623 6.114
1791641738.327 75626 7.290
1791641738.329 75628 6.275
1791641738.333 75631 5.872
1791641738.339 75636 4.290
1791641738.341 75634 9.326
1791641738.345 75639 6.058
1791641738.351 75644 4.594
1791641738.353 75642 9.615
1791641738.357 75647 5.855
1791641738.363 75652 4.626
1791641738.365 75650 9.637
1791641738.369 75655 6.053
1791641738.376 75660 4.567
1791641738.378 75658 9.595
1791641738.382 75663 6.017
1791641738.388 75668 4.791
1791641738.390 75666 9.816
1791641738.394 75671 6.021
1791641738.400 75674 7.637
1791641738.402 75676 6.625
1791641738.406 75679 6.152
1791641738.412 75682 7.385
1791641738.414 75684 6.374
1791641738.418 75687 6.000
1791641738.424 75692 4.627
1791641738.426 75690 9.649
1791641738.430 75695 6.034
1791641738.436 75700 4.321
1791641738.438 75698 9.351
1791641738.442 75703 5.764
1791641738.448 75708 4.608
1791641738.450 75706 9.643
1791641738.454 75711 5.852
1791641738.460 75714 7.615
1791641738.463 75716 6.594
1791641738.466 75719 5.898
1791641738.473 75722 7.578
1791641738.475 75724 6.573
1791641738.478 75727 5.757
1791641738.485 75732 4.615
1791641738.487 75730 9.652
1791641738.491 75735 5.825
1791641738.497 75740 4.595
1791641738.499 75738 9.638
1791641738.503 75743 6.084
1791641738.509 75748 4.399
1791641738.511 75746 9.426
1791641738.515 75751 5.843
1791641738.521 75756 4.462
1791641738.523 75754 9.523
1791641738.527 75759 5.853
1791641738.533 75762 7.612
1791641738.535 75764 6.593
1791641738.539 75767 5.768
1791641738.546 75770 7.779
1791641738.548 75772 6.757
1791641738.551 75775 5.832
1791641738.558 75780 4.540
1791641738.560 75778 9.579
1791641738.564 75783 6.045
1791641738.570 75786 8.059
1791641738.572 75788 7.042
1791641738.576 75791 6.154
1791641738.579 75794 4.663
